"family_id","assembly","family_size","gene_count","gain","loss","gain_loss_count","total_gene_count"
"OG0000007","73_3a","1","1","0","0","0","1"
"OG0000007","AL08_v2_f","1","1","0","0","0","1"
"OG0000007","al1_v2_s","1","1","0","0","0","1"
"OG0000007","AL27_v1","1","1","0","0","0","1"
"OG0000007","ALR","1","1","0","0","0","1"
"OG0000007","BAM12_v2","1","1","0","0","0","1"
"OG0000007","BOR_v1","1","1","0","0","0","1"
"OG0000007","F1-14","1","1","0","0","0","1"
"OG0000007","KN003hexa_v0","1","1","0","0","0","1"
"OG0000007","KN005_v1","1","1","0","0","0","1"
"OG0000007","KN006_v1","1","1","0","0","0","1"
"OG0000007","MN47_mabs_v3","1","1","0","0","0","1"
"OG0000007","MN47_v4","1","1","0","0","0","1"
"OG0000007","Nla","1","1","0","0","0","1"
"OG0000007","NT1_v2","1","1","0","0","0","1"
"OG0000007","NT12_v2","1","1","0","0","0","1"
"OG0000007","NT8_v2_fix","1","1","0","0","0","1"
"OG0000007","NT9_v2","1","1","0","0","0","1"
"OG0000007","PU6_v3_fin","1","1","0","0","0","1"
"OG0000007","TE11_v2","1","1","0","0","0","1"
"OG0000007","TE4_v1","1","1","0","0","0","1"
"OG0000007","TE8_v1","1","1","0","0","0","1"
"OG0000007","WS1_v2_s","1","1","0","0","0","1"
"OG0000009","73_3a","25","20","0","5","5","20"
"OG0000009","AL08_v2_f","25","21","0","4","4","21"
"OG0000009","al1_v2_s","25","21","0","4","4","21"
"OG0000009","AL27_v1","25","21","0","4","4","21"
"OG0000009","ALR","25","21","0","4","4","21"
"OG0000009","BAM12_v2","25","22","1","3","4","23"
"OG0000009","BOR_v1","25","22","0","3","3","22"
"OG0000009","F1-14","25","21","0","4","4","21"
"OG0000009","KN003hexa_v0","25","24","0","1","1","24"
"OG0000009","KN005_v1","25","22","0","3","3","22"
"OG0000009","KN006_v1","25","22","1","3","4","23"
"OG0000009","MN47_mabs_v3","25","25","1","0","1","26"
"OG0000009","Nla","25","21","0","4","4","21"
"OG0000009","NT1_v2","25","23","0","2","2","23"
"OG0000009","NT12_v2","25","23","0","2","2","23"
"OG0000009","NT8_v2_fix","25","22","0","3","3","22"
"OG0000009","NT9_v2","25","23","1","2","3","25"
"OG0000009","PU6_v3_fin","25","22","0","3","3","22"
"OG0000009","TE11_v2","25","22","1","3","4","23"
"OG0000009","TE4_v1","25","23","1","2","3","24"
"OG0000009","TE8_v1","25","24","0","1","1","24"
"OG0000009","WS1_v2_s","25","21","0","4","4","21"
"OG0000012","73_3a","26","25","8","1","9","39"
"OG0000012","AL08_v2_f","26","24","6","2","8","34"
"OG0000012","al1_v2_s","26","24","9","2","11","38"
"OG0000012","AL27_v1","26","23","10","3","13","35"
"OG0000012","ALR","26","23","7","3","10","33"
"OG0000012","BAM12_v2","26","22","4","4","8","27"
"OG0000012","BOR_v1","26","25","7","1","8","34"
"OG0000012","F1-14","26","25","8","1","9","35"
"OG0000012","KN003hexa_v0","26","25","10","1","11","41"
"OG0000012","KN005_v1","26","26","12","0","12","45"
"OG0000012","KN006_v1","26","25","6","1","7","33"
"OG0000012","MN47_mabs_v3","26","26","2","0","2","28"
"OG0000012","Nla","26","23","8","3","11","38"
"OG0000012","NT1_v2","26","22","3","4","7","25"
"OG0000012","NT12_v2","26","24","7","2","9","33"
"OG0000012","NT8_v2_fix","26","25","12","1","13","40"
"OG0000012","NT9_v2","26","23","6","3","9","30"
"OG0000012","PU6_v3_fin","26","24","5","2","7","33"
"OG0000012","TE11_v2","26","22","4","4","8","27"
"OG0000012","TE4_v1","26","24","8","2","10","39"
"OG0000012","TE8_v1","26","21","5","5","10","28"
"OG0000012","WS1_v2_s","26","18","5","8","13","25"
"OG0000015","73_3a","18","11","0","7","7","11"
"OG0000015","AL08_v2_f","18","12","0","6","6","12"
"OG0000015","al1_v2_s","18","13","0","5","5","13"
"OG0000015","AL27_v1","18","9","0","9","9","9"
"OG0000015","ALR","18","13","0","5","5","13"
"OG0000015","BAM12_v2","18","15","0","3","3","15"
"OG0000015","BOR_v1","18","10","0","8","8","10"
"OG0000015","F1-14","18","14","0","4","4","14"
"OG0000015","KN003hexa_v0","18","16","0","2","2","16"
"OG0000015","KN005_v1","18","17","0","1","1","17"
"OG0000015","KN006_v1","18","16","2","2","4","18"
"OG0000015","MN47_mabs_v3","18","18","0","0","0","18"
"OG0000015","MN47_v4","18","4","0","14","14","4"
"OG0000015","Nla","18","11","0","7","7","11"
"OG0000015","NT1_v2","18","12","0","6","6","12"
"OG0000015","NT12_v2","18","15","0","3","3","15"
"OG0000015","NT8_v2_fix","18","17","0","1","1","17"
"OG0000015","NT9_v2","18","15","0","3","3","15"
"OG0000015","PU6_v3_fin","18","16","0","2","2","16"
"OG0000015","TE11_v2","18","12","0","6","6","12"
"OG0000015","TE4_v1","18","10","0","8","8","10"
"OG0000015","TE8_v1","18","12","0","6","6","12"
"OG0000015","WS1_v2_s","18","13","0","5","5","13"
"OG0000016","73_3a","31","31","12","0","12","49"
"OG0000016","AL08_v2_f","31","31","12","0","12","49"
"OG0000016","al1_v2_s","31","30","11","1","12","47"
"OG0000016","AL27_v1","31","30","11","1","12","50"
"OG0000016","ALR","31","31","11","0","11","46"
"OG0000016","BAM12_v2","31","30","12","1","13","47"
"OG0000016","BOR_v1","31","30","11","1","12","49"
"OG0000016","F1-14","31","31","15","0","15","57"
"OG0000016","KN003hexa_v0","31","31","11","0","11","47"
"OG0000016","KN005_v1","31","30","11","1","12","46"
"OG0000016","KN006_v1","31","31","14","0","14","57"
"OG0000016","MN47_mabs_v3","31","31","14","0","14","56"
"OG0000016","Nla","31","30","11","1","12","49"
"OG0000016","NT1_v2","31","30","11","1","12","46"
"OG0000016","NT12_v2","31","31","12","0","12","51"
"OG0000016","NT8_v2_fix","31","31","14","0","14","57"
"OG0000016","NT9_v2","31","29","11","2","13","50"
"OG0000016","PU6_v3_fin","31","30","10","1","11","48"
"OG0000016","TE11_v2","31","30","13","1","14","54"
"OG0000016","TE4_v1","31","30","14","1","15","52"
"OG0000016","TE8_v1","31","31","13","0","13","55"
"OG0000016","WS1_v2_s","31","30","12","1","13","47"
"OG0000022","73_3a","16","15","0","1","1","15"
"OG0000022","AL08_v2_f","16","14","0","2","2","14"
"OG0000022","al1_v2_s","16","16","1","0","1","17"
"OG0000022","AL27_v1","16","14","0","2","2","14"
"OG0000022","ALR","16","16","0","0","0","16"
"OG0000022","BAM12_v2","16","16","1","0","1","17"
"OG0000022","BOR_v1","16","14","0","2","2","14"
"OG0000022","F1-14","16","15","0","1","1","15"
"OG0000022","KN003hexa_v0","16","16","0","0","0","16"
"OG0000022","KN005_v1","16","16","0","0","0","16"
"OG0000022","KN006_v1","16","16","0","0","0","16"
"OG0000022","MN47_mabs_v3","16","16","1","0","1","17"
"OG0000022","Nla","16","14","0","2","2","14"
"OG0000022","NT1_v2","16","16","0","0","0","16"
"OG0000022","NT12_v2","16","16","1","0","1","17"
"OG0000022","NT8_v2_fix","16","16","0","0","0","16"
"OG0000022","NT9_v2","16","16","1","0","1","17"
"OG0000022","PU6_v3_fin","16","16","0","0","0","16"
"OG0000022","TE11_v2","16","16","0","0","0","16"
"OG0000022","TE4_v1","16","14","0","2","2","14"
"OG0000022","TE8_v1","16","14","0","2","2","14"
"OG0000022","WS1_v2_s","16","16","0","0","0","16"
"OG0000024","73_3a","25","20","2","5","7","23"
"OG0000024","AL08_v2_f","25","18","3","7","10","24"
"OG0000024","al1_v2_s","25","21","2","4","6","24"
"OG0000024","AL27_v1","25","24","3","1","4","28"
"OG0000024","ALR","25","20","4","5","9","27"
"OG0000024","BAM12_v2","25","23","0","2","2","23"
"OG0000024","BOR_v1","25","20","3","5","8","27"
"OG0000024","F1-14","25","18","3","7","10","21"
"OG0000024","KN003hexa_v0","25","23","5","2","7","29"
"OG0000024","KN005_v1","25","23","2","2","4","26"
"OG0000024","KN006_v1","25","24","4","1","5","29"
"OG0000024","MN47_mabs_v3","25","25","2","0","2","28"
"OG0000024","MN47_v4","25","1","0","24","24","1"
"OG0000024","Nla","25","17","2","8","10","19"
"OG0000024","NT1_v2","25","20","0","5","5","20"
"OG0000024","NT12_v2","25","18","3","7","10","22"
"OG0000024","NT8_v2_fix","25","25","4","0","4","30"
"OG0000024","NT9_v2","25","17","3","8","11","22"
"OG0000024","PU6_v3_fin","25","18","2","7","9","21"
"OG0000024","TE11_v2","25","24","3","1","4","29"
"OG0000024","TE4_v1","25","25","2","0","2","28"
"OG0000024","TE8_v1","25","24","2","1","3","27"
"OG0000024","WS1_v2_s","25","22","2","3","5","25"
"OG0000027","73_3a","13","13","0","0","0","13"
"OG0000027","AL08_v2_f","13","11","0","2","2","11"
"OG0000027","al1_v2_s","13","10","0","3","3","10"
"OG0000027","AL27_v1","13","13","0","0","0","13"
"OG0000027","ALR","13","12","0","1","1","12"
"OG0000027","BAM12_v2","13","12","0","1","1","12"
"OG0000027","BOR_v1","13","12","0","1","1","12"
"OG0000027","F1-14","13","13","0","0","0","13"
"OG0000027","KN003hexa_v0","13","12","0","1","1","12"
"OG0000027","KN005_v1","13","12","0","1","1","12"
"OG0000027","KN006_v1","13","12","0","1","1","12"
"OG0000027","MN47_mabs_v3","13","13","0","0","0","13"
"OG0000027","Nla","13","13","0","0","0","13"
"OG0000027","NT1_v2","13","13","0","0","0","13"
"OG0000027","NT12_v2","13","10","0","3","3","10"
"OG0000027","NT8_v2_fix","13","12","0","1","1","12"
"OG0000027","NT9_v2","13","12","0","1","1","12"
"OG0000027","PU6_v3_fin","13","9","0","4","4","9"
"OG0000027","TE11_v2","13","12","0","1","1","12"
"OG0000027","TE4_v1","13","12","0","1","1","12"
"OG0000027","TE8_v1","13","9","0","4","4","9"
"OG0000027","WS1_v2_s","13","11","0","2","2","11"
"OG0000029","73_3a","34","26","0","8","8","26"
"OG0000029","AL08_v2_f","34","28","2","6","8","30"
"OG0000029","al1_v2_s","34","17","0","17","17","17"
"OG0000029","AL27_v1","34","31","0","3","3","31"
"OG0000029","ALR","34","29","1","5","6","30"
"OG0000029","BAM12_v2","34","24","1","10","11","25"
"OG0000029","BOR_v1","34","28","1","6","7","29"
"OG0000029","F1-14","34","28","0","6","6","28"
"OG0000029","KN003hexa_v0","34","29","1","5","6","30"
"OG0000029","KN005_v1","34","31","2","3","5","33"
"OG0000029","KN006_v1","34","32","1","2","3","33"
"OG0000029","MN47_mabs_v3","34","34","4","0","4","38"
"OG0000029","Nla","34","28","0","6","6","28"
"OG0000029","NT1_v2","34","25","0","9","9","25"
"OG0000029","NT12_v2","34","28","0","6","6","28"
"OG0000029","NT8_v2_fix","34","29","1","5","6","30"
"OG0000029","NT9_v2","34","28","0","6","6","28"
"OG0000029","PU6_v3_fin","34","29","1","5","6","31"
"OG0000029","TE11_v2","34","28","0","6","6","28"
"OG0000029","TE4_v1","34","28","0","6","6","28"
"OG0000029","TE8_v1","34","27","0","7","7","27"
"OG0000029","WS1_v2_s","34","28","0","6","6","28"
"OG0000030","73_3a","11","11","0","0","0","11"
"OG0000030","AL08_v2_f","11","11","2","0","2","13"
"OG0000030","al1_v2_s","11","11","0","0","0","11"
"OG0000030","AL27_v1","11","11","0","0","0","11"
"OG0000030","ALR","11","11","0","0","0","11"
"OG0000030","BAM12_v2","11","11","0","0","0","11"
"OG0000030","BOR_v1","11","11","1","0","1","12"
"OG0000030","F1-14","11","9","0","2","2","9"
"OG0000030","KN003hexa_v0","11","11","1","0","1","12"
"OG0000030","KN005_v1","11","11","0","0","0","11"
"OG0000030","KN006_v1","11","11","0","0","0","11"
"OG0000030","MN47_mabs_v3","11","11","0","0","0","11"
"OG0000030","Nla","11","10","0","1","1","10"
"OG0000030","NT1_v2","11","11","0","0","0","11"
"OG0000030","NT12_v2","11","11","0","0","0","11"
"OG0000030","NT8_v2_fix","11","11","0","0","0","11"
"OG0000030","NT9_v2","11","11","0","0","0","11"
"OG0000030","PU6_v3_fin","11","10","0","1","1","10"
"OG0000030","TE11_v2","11","11","0","0","0","11"
"OG0000030","TE4_v1","11","11","0","0","0","11"
"OG0000030","TE8_v1","11","11","1","0","1","12"
"OG0000030","WS1_v2_s","11","11","1","0","1","12"
"OG0000038","73_3a","2","2","0","0","0","2"
"OG0000038","AL08_v2_f","2","2","0","0","0","2"
"OG0000038","al1_v2_s","2","2","0","0","0","2"
"OG0000038","AL27_v1","2","1","0","1","1","1"
"OG0000038","ALR","2","2","0","0","0","2"
"OG0000038","BAM12_v2","2","2","0","0","0","2"
"OG0000038","BOR_v1","2","1","0","1","1","1"
"OG0000038","F1-14","2","2","0","0","0","2"
"OG0000038","KN003hexa_v0","2","1","0","1","1","1"
"OG0000038","KN005_v1","2","1","0","1","1","1"
"OG0000038","KN006_v1","2","2","0","0","0","2"
"OG0000038","MN47_mabs_v3","2","2","0","0","0","2"
"OG0000038","Nla","2","1","0","1","1","1"
"OG0000038","NT1_v2","2","1","0","1","1","1"
"OG0000038","NT12_v2","2","2","0","0","0","2"
"OG0000038","NT8_v2_fix","2","2","0","0","0","2"
"OG0000038","NT9_v2","2","2","0","0","0","2"
"OG0000038","PU6_v3_fin","2","2","0","0","0","2"
"OG0000038","TE11_v2","2","2","0","0","0","2"
"OG0000038","TE4_v1","2","2","0","0","0","2"
"OG0000038","TE8_v1","2","1","0","1","1","1"
"OG0000038","WS1_v2_s","2","2","0","0","0","2"
"OG0000039","73_3a","16","15","1","1","2","16"
"OG0000039","AL08_v2_f","16","16","2","0","2","18"
"OG0000039","al1_v2_s","16","14","1","2","3","15"
"OG0000039","AL27_v1","16","16","1","0","1","17"
"OG0000039","ALR","16","16","2","0","2","18"
"OG0000039","BAM12_v2","16","15","1","1","2","16"
"OG0000039","BOR_v1","16","16","3","0","3","19"
"OG0000039","F1-14","16","16","1","0","1","17"
"OG0000039","KN003hexa_v0","16","16","2","0","2","18"
"OG0000039","KN005_v1","16","16","3","0","3","19"
"OG0000039","KN006_v1","16","16","2","0","2","18"
"OG0000039","MN47_mabs_v3","16","16","1","0","1","17"
"OG0000039","Nla","16","16","1","0","1","17"
"OG0000039","NT1_v2","16","14","1","2","3","15"
"OG0000039","NT12_v2","16","15","0","1","1","15"
"OG0000039","NT8_v2_fix","16","16","0","0","0","16"
"OG0000039","NT9_v2","16","14","2","2","4","16"
"OG0000039","PU6_v3_fin","16","14","1","2","3","15"
"OG0000039","TE11_v2","16","14","1","2","3","15"
"OG0000039","TE4_v1","16","14","1","2","3","15"
"OG0000039","TE8_v1","16","15","1","1","2","16"
"OG0000039","WS1_v2_s","16","14","0","2","2","14"
"OG0000040","73_3a","14","12","0","2","2","12"
"OG0000040","AL08_v2_f","14","11","0","3","3","11"
"OG0000040","al1_v2_s","14","12","0","2","2","12"
"OG0000040","AL27_v1","14","12","0","2","2","12"
"OG0000040","ALR","14","11","0","3","3","11"
"OG0000040","BAM12_v2","14","12","1","2","3","13"
"OG0000040","BOR_v1","14","11","0","3","3","11"
"OG0000040","F1-14","14","11","1","3","4","12"
"OG0000040","KN003hexa_v0","14","11","1","3","4","12"
"OG0000040","KN005_v1","14","13","1","1","2","14"
"OG0000040","KN006_v1","14","12","1","2","3","13"
"OG0000040","MN47_mabs_v3","14","14","1","0","1","15"
"OG0000040","Nla","14","9","0","5","5","9"
"OG0000040","NT1_v2","14","12","0","2","2","12"
"OG0000040","NT12_v2","14","9","0","5","5","9"
"OG0000040","NT8_v2_fix","14","10","1","4","5","11"
"OG0000040","NT9_v2","14","12","0","2","2","12"
"OG0000040","PU6_v3_fin","14","12","0","2","2","12"
"OG0000040","TE11_v2","14","12","0","2","2","12"
"OG0000040","TE4_v1","14","10","1","4","5","11"
"OG0000040","TE8_v1","14","9","1","5","6","10"
"OG0000040","WS1_v2_s","14","12","0","2","2","12"
"OG0000042","73_3a","19","15","0","4","4","15"
"OG0000042","AL08_v2_f","19","13","1","6","7","14"
"OG0000042","al1_v2_s","19","15","0","4","4","15"
"OG0000042","AL27_v1","19","14","1","5","6","15"
"OG0000042","ALR","19","15","1","4","5","16"
"OG0000042","BAM12_v2","19","16","1","3","4","17"
"OG0000042","BOR_v1","19","15","1","4","5","16"
"OG0000042","F1-14","19","15","1","4","5","16"
"OG0000042","KN003hexa_v0","19","16","2","3","5","18"
"OG0000042","KN005_v1","19","17","2","2","4","19"
"OG0000042","KN006_v1","19","18","3","1","4","21"
"OG0000042","MN47_mabs_v3","19","19","2","0","2","21"
"OG0000042","Nla","19","13","1","6","7","14"
"OG0000042","NT1_v2","19","10","1","9","10","11"
"OG0000042","NT12_v2","19","14","1","5","6","15"
"OG0000042","NT8_v2_fix","19","15","1","4","5","16"
"OG0000042","NT9_v2","19","16","1","3","4","17"
"OG0000042","PU6_v3_fin","19","15","1","4","5","16"
"OG0000042","TE11_v2","19","15","1","4","5","16"
"OG0000042","TE4_v1","19","16","1","3","4","17"
"OG0000042","TE8_v1","19","16","1","3","4","17"
"OG0000042","WS1_v2_s","19","15","2","4","6","17"
"OG0000045","73_3a","5","5","0","0","0","5"
"OG0000045","AL08_v2_f","5","5","1","0","1","6"
"OG0000045","al1_v2_s","5","5","0","0","0","5"
"OG0000045","AL27_v1","5","5","0","0","0","5"
"OG0000045","ALR","5","4","0","1","1","4"
"OG0000045","BAM12_v2","5","5","0","0","0","5"
"OG0000045","BOR_v1","5","5","0","0","0","5"
"OG0000045","F1-14","5","5","0","0","0","5"
"OG0000045","KN003hexa_v0","5","5","1","0","1","6"
"OG0000045","KN005_v1","5","4","1","1","2","5"
"OG0000045","KN006_v1","5","4","1","1","2","5"
"OG0000045","MN47_mabs_v3","5","5","1","0","1","6"
"OG0000045","MN47_v4","5","1","0","4","4","1"
"OG0000045","Nla","5","5","1","0","1","6"
"OG0000045","NT1_v2","5","5","1","0","1","6"
"OG0000045","NT12_v2","5","5","0","0","0","5"
"OG0000045","NT8_v2_fix","5","5","1","0","1","6"
"OG0000045","NT9_v2","5","5","1","0","1","6"
"OG0000045","PU6_v3_fin","5","5","1","0","1","6"
"OG0000045","TE11_v2","5","5","1","0","1","6"
"OG0000045","TE4_v1","5","5","1","0","1","6"
"OG0000045","TE8_v1","5","5","1","0","1","6"
"OG0000045","WS1_v2_s","5","5","1","0","1","6"
"OG0000046","73_3a","18","17","0","1","1","17"
"OG0000046","AL08_v2_f","18","17","0","1","1","17"
"OG0000046","al1_v2_s","18","16","0","2","2","16"
"OG0000046","AL27_v1","18","17","0","1","1","17"
"OG0000046","ALR","18","16","0","2","2","16"
"OG0000046","BAM12_v2","18","18","0","0","0","18"
"OG0000046","BOR_v1","18","16","0","2","2","16"
"OG0000046","F1-14","18","17","0","1","1","17"
"OG0000046","KN003hexa_v0","18","17","0","1","1","17"
"OG0000046","KN005_v1","18","18","0","0","0","18"
"OG0000046","KN006_v1","18","18","0","0","0","18"
"OG0000046","MN47_mabs_v3","18","18","0","0","0","18"
"OG0000046","Nla","18","16","0","2","2","16"
"OG0000046","NT1_v2","18","18","0","0","0","18"
"OG0000046","NT12_v2","18","18","0","0","0","18"
"OG0000046","NT8_v2_fix","18","18","0","0","0","18"
"OG0000046","NT9_v2","18","17","0","1","1","17"
"OG0000046","PU6_v3_fin","18","18","0","0","0","18"
"OG0000046","TE11_v2","18","18","0","0","0","18"
"OG0000046","TE4_v1","18","18","0","0","0","18"
"OG0000046","TE8_v1","18","18","0","0","0","18"
"OG0000046","WS1_v2_s","18","16","0","2","2","16"
"OG0000047","73_3a","15","15","1","0","1","16"
"OG0000047","AL08_v2_f","15","13","1","2","3","14"
"OG0000047","al1_v2_s","15","15","0","0","0","15"
"OG0000047","AL27_v1","15","15","0","0","0","15"
"OG0000047","ALR","15","15","1","0","1","16"
"OG0000047","BAM12_v2","15","13","0","2","2","13"
"OG0000047","BOR_v1","15","11","1","4","5","12"
"OG0000047","F1-14","15","13","1","2","3","14"
"OG0000047","KN003hexa_v0","15","12","0","3","3","12"
"OG0000047","KN005_v1","15","15","0","0","0","15"
"OG0000047","KN006_v1","15","15","1","0","1","16"
"OG0000047","MN47_mabs_v3","15","15","1","0","1","16"
"OG0000047","Nla","15","13","0","2","2","13"
"OG0000047","NT1_v2","15","13","0","2","2","13"
"OG0000047","NT12_v2","15","15","1","0","1","16"
"OG0000047","NT8_v2_fix","15","15","0","0","0","15"
"OG0000047","NT9_v2","15","15","0","0","0","15"
"OG0000047","PU6_v3_fin","15","13","1","2","3","14"
"OG0000047","TE11_v2","15","15","1","0","1","16"
"OG0000047","TE4_v1","15","15","1","0","1","16"
"OG0000047","TE8_v1","15","13","1","2","3","14"
"OG0000047","WS1_v2_s","15","14","1","1","2","15"
"OG0000049","73_3a","19","19","3","0","3","24"
"OG0000049","AL08_v2_f","19","18","3","1","4","24"
"OG0000049","al1_v2_s","19","18","3","1","4","23"
"OG0000049","AL27_v1","19","18","3","1","4","24"
"OG0000049","ALR","19","18","3","1","4","24"
"OG0000049","BAM12_v2","19","19","3","0","3","24"
"OG0000049","BOR_v1","19","18","3","1","4","24"
"OG0000049","F1-14","19","19","3","0","3","23"
"OG0000049","KN003hexa_v0","19","19","4","0","4","25"
"OG0000049","KN005_v1","19","18","4","1","5","25"
"OG0000049","KN006_v1","19","19","4","0","4","26"
"OG0000049","MN47_mabs_v3","19","19","4","0","4","26"
"OG0000049","Nla","19","18","3","1","4","24"
"OG0000049","NT1_v2","19","19","3","0","3","24"
"OG0000049","NT12_v2","19","18","3","1","4","24"
"OG0000049","NT8_v2_fix","19","18","3","1","4","25"
"OG0000049","NT9_v2","19","19","3","0","3","25"
"OG0000049","PU6_v3_fin","19","19","3","0","3","24"
"OG0000049","TE11_v2","19","19","2","0","2","21"
"OG0000049","TE4_v1","19","19","3","0","3","25"
"OG0000049","TE8_v1","19","19","3","0","3","25"
"OG0000049","WS1_v2_s","19","17","3","2","5","23"
"OG0000054","73_3a","11","8","0","3","3","8"
"OG0000054","AL08_v2_f","11","9","0","2","2","9"
"OG0000054","al1_v2_s","11","9","0","2","2","9"
"OG0000054","AL27_v1","11","10","0","1","1","10"
"OG0000054","ALR","11","7","0","4","4","7"
"OG0000054","BAM12_v2","11","8","0","3","3","8"
"OG0000054","BOR_v1","11","10","0","1","1","10"
"OG0000054","F1-14","11","9","0","2","2","9"
"OG0000054","KN003hexa_v0","11","9","0","2","2","9"
"OG0000054","KN005_v1","11","10","0","1","1","10"
"OG0000054","KN006_v1","11","10","0","1","1","10"
"OG0000054","MN47_mabs_v3","11","11","0","0","0","11"
"OG0000054","Nla","11","8","0","3","3","8"
"OG0000054","NT1_v2","11","10","0","1","1","10"
"OG0000054","NT12_v2","11","10","0","1","1","10"
"OG0000054","NT8_v2_fix","11","8","0","3","3","8"
"OG0000054","NT9_v2","11","10","0","1","1","10"
"OG0000054","PU6_v3_fin","11","8","0","3","3","8"
"OG0000054","TE11_v2","11","10","0","1","1","10"
"OG0000054","TE4_v1","11","10","0","1","1","10"
"OG0000054","TE8_v1","11","8","0","3","3","8"
"OG0000054","WS1_v2_s","11","7","0","4","4","7"
"OG0000060","73_3a","16","13","7","3","10","26"
"OG0000060","AL08_v2_f","16","16","8","0","8","30"
"OG0000060","al1_v2_s","16","12","7","4","11","25"
"OG0000060","AL27_v1","16","16","7","0","7","29"
"OG0000060","ALR","16","16","8","0","8","28"
"OG0000060","BAM12_v2","16","13","7","3","10","24"
"OG0000060","BOR_v1","16","16","9","0","9","30"
"OG0000060","F1-14","16","16","8","0","8","27"
"OG0000060","KN003hexa_v0","16","14","6","2","8","26"
"OG0000060","KN005_v1","16","16","6","0","6","28"
"OG0000060","KN006_v1","16","16","6","0","6","29"
"OG0000060","MN47_mabs_v3","16","16","6","0","6","29"
"OG0000060","MN47_v4","16","3","0","13","13","3"
"OG0000060","Nla","16","16","8","0","8","30"
"OG0000060","NT1_v2","16","14","7","2","9","25"
"OG0000060","NT12_v2","16","15","6","1","7","24"
"OG0000060","NT8_v2_fix","16","16","8","0","8","31"
"OG0000060","NT9_v2","16","16","6","0","6","29"
"OG0000060","PU6_v3_fin","16","16","8","0","8","28"
"OG0000060","TE11_v2","16","16","6","0","6","29"
"OG0000060","TE4_v1","16","15","8","1","9","31"
"OG0000060","TE8_v1","16","12","6","4","10","24"
"OG0000060","WS1_v2_s","16","11","5","5","10","20"
"OG0000065","73_3a","11","7","0","4","4","7"
"OG0000065","AL08_v2_f","11","9","1","2","3","10"
"OG0000065","al1_v2_s","11","8","0","3","3","8"
"OG0000065","AL27_v1","11","8","0","3","3","8"
"OG0000065","ALR","11","9","0","2","2","9"
"OG0000065","BAM12_v2","11","10","0","1","1","10"
"OG0000065","BOR_v1","11","7","0","4","4","7"
"OG0000065","F1-14","11","9","0","2","2","9"
"OG0000065","KN003hexa_v0","11","9","0","2","2","9"
"OG0000065","KN005_v1","11","11","0","0","0","11"
"OG0000065","KN006_v1","11","11","0","0","0","11"
"OG0000065","MN47_mabs_v3","11","11","0","0","0","11"
"OG0000065","Nla","11","8","0","3","3","8"
"OG0000065","NT1_v2","11","6","1","5","6","7"
"OG0000065","NT12_v2","11","8","0","3","3","8"
"OG0000065","NT8_v2_fix","11","9","0","2","2","9"
"OG0000065","NT9_v2","11","9","0","2","2","9"
"OG0000065","PU6_v3_fin","11","8","0","3","3","8"
"OG0000065","TE11_v2","11","11","0","0","0","11"
"OG0000065","TE4_v1","11","9","0","2","2","9"
"OG0000065","TE8_v1","11","11","1","0","1","12"
"OG0000065","WS1_v2_s","11","8","1","3","4","9"
"OG0000075","73_3a","1","1","0","0","0","1"
"OG0000075","al1_v2_s","1","1","0","0","0","1"
"OG0000075","AL27_v1","1","1","0","0","0","1"
"OG0000075","ALR","1","1","0","0","0","1"
"OG0000075","BAM12_v2","1","1","0","0","0","1"
"OG0000075","BOR_v1","1","1","0","0","0","1"
"OG0000075","F1-14","1","1","0","0","0","1"
"OG0000075","KN003hexa_v0","1","1","0","0","0","1"
"OG0000075","KN005_v1","1","1","0","0","0","1"
"OG0000075","KN006_v1","1","1","0","0","0","1"
"OG0000075","MN47_mabs_v3","1","1","0","0","0","1"
"OG0000075","Nla","1","1","0","0","0","1"
"OG0000075","NT1_v2","1","1","0","0","0","1"
"OG0000075","NT12_v2","1","1","0","0","0","1"
"OG0000075","NT8_v2_fix","1","1","0","0","0","1"
"OG0000075","NT9_v2","1","1","0","0","0","1"
"OG0000075","PU6_v3_fin","1","1","0","0","0","1"
"OG0000075","TE11_v2","1","1","0","0","0","1"
"OG0000075","TE4_v1","1","1","0","0","0","1"
"OG0000075","TE8_v1","1","1","0","0","0","1"
"OG0000075","WS1_v2_s","1","1","0","0","0","1"
"OG0000077","73_3a","7","6","0","1","1","6"
"OG0000077","AL08_v2_f","7","6","0","1","1","6"
"OG0000077","al1_v2_s","7","6","0","1","1","6"
"OG0000077","AL27_v1","7","7","0","0","0","7"
"OG0000077","ALR","7","6","0","1","1","6"
"OG0000077","BAM12_v2","7","7","0","0","0","7"
"OG0000077","BOR_v1","7","7","0","0","0","7"
"OG0000077","F1-14","7","6","0","1","1","6"
"OG0000077","KN003hexa_v0","7","6","0","1","1","6"
"OG0000077","KN005_v1","7","6","0","1","1","6"
"OG0000077","KN006_v1","7","7","0","0","0","7"
"OG0000077","MN47_mabs_v3","7","7","0","0","0","7"
"OG0000077","MN47_v4","7","3","0","4","4","3"
"OG0000077","Nla","7","6","0","1","1","6"
"OG0000077","NT1_v2","7","7","0","0","0","7"
"OG0000077","NT12_v2","7","7","0","0","0","7"
"OG0000077","NT8_v2_fix","7","7","0","0","0","7"
"OG0000077","NT9_v2","7","6","0","1","1","6"
"OG0000077","PU6_v3_fin","7","7","0","0","0","7"
"OG0000077","TE11_v2","7","7","0","0","0","7"
"OG0000077","TE4_v1","7","7","0","0","0","7"
"OG0000077","TE8_v1","7","6","0","1","1","6"
"OG0000077","WS1_v2_s","7","7","0","0","0","7"
"OG0000083","73_3a","3","3","0","0","0","3"
"OG0000083","AL08_v2_f","3","1","0","2","2","1"
"OG0000083","al1_v2_s","3","1","0","2","2","1"
"OG0000083","AL27_v1","3","2","0","1","1","2"
"OG0000083","ALR","3","1","0","2","2","1"
"OG0000083","BAM12_v2","3","2","0","1","1","2"
"OG0000083","BOR_v1","3","2","0","1","1","2"
"OG0000083","F1-14","3","2","0","1","1","2"
"OG0000083","KN003hexa_v0","3","1","0","2","2","1"
"OG0000083","KN005_v1","3","2","0","1","1","2"
"OG0000083","KN006_v1","3","2","0","1","1","2"
"OG0000083","MN47_mabs_v3","3","3","0","0","0","3"
"OG0000083","Nla","3","3","0","0","0","3"
"OG0000083","NT1_v2","3","2","0","1","1","2"
"OG0000083","NT12_v2","3","1","0","2","2","1"
"OG0000083","NT9_v2","3","2","0","1","1","2"
"OG0000083","PU6_v3_fin","3","3","0","0","0","3"
"OG0000083","TE11_v2","3","1","0","2","2","1"
"OG0000083","TE4_v1","3","1","0","2","2","1"
"OG0000083","WS1_v2_s","3","2","0","1","1","2"
"OG0000086","73_3a","3","3","0","0","0","3"
"OG0000086","AL08_v2_f","3","3","0","0","0","3"
"OG0000086","al1_v2_s","3","3","0","0","0","3"
"OG0000086","AL27_v1","3","3","0","0","0","3"
"OG0000086","ALR","3","3","0","0","0","3"
"OG0000086","BAM12_v2","3","3","0","0","0","3"
"OG0000086","BOR_v1","3","3","1","0","1","4"
"OG0000086","F1-14","3","3","0","0","0","3"
"OG0000086","KN003hexa_v0","3","3","0","0","0","3"
"OG0000086","KN005_v1","3","3","0","0","0","3"
"OG0000086","KN006_v1","3","3","0","0","0","3"
"OG0000086","MN47_mabs_v3","3","3","0","0","0","3"
"OG0000086","Nla","3","3","0","0","0","3"
"OG0000086","NT1_v2","3","3","0","0","0","3"
"OG0000086","NT12_v2","3","3","0","0","0","3"
"OG0000086","NT8_v2_fix","3","3","0","0","0","3"
"OG0000086","NT9_v2","3","3","0","0","0","3"
"OG0000086","PU6_v3_fin","3","3","0","0","0","3"
"OG0000086","TE11_v2","3","3","0","0","0","3"
"OG0000086","TE4_v1","3","3","0","0","0","3"
"OG0000086","TE8_v1","3","3","0","0","0","3"
"OG0000086","WS1_v2_s","3","3","0","0","0","3"
"OG0000087","73_3a","8","8","0","0","0","8"
"OG0000087","AL08_v2_f","8","6","1","2","3","7"
"OG0000087","al1_v2_s","8","7","1","1","2","8"
"OG0000087","AL27_v1","8","7","0","1","1","7"
"OG0000087","ALR","8","7","0","1","1","7"
"OG0000087","BAM12_v2","8","5","1","3","4","6"
"OG0000087","BOR_v1","8","5","1","3","4","6"
"OG0000087","F1-14","8","6","0","2","2","6"
"OG0000087","KN003hexa_v0","8","8","1","0","1","9"
"OG0000087","KN005_v1","8","7","0","1","1","7"
"OG0000087","KN006_v1","8","8","1","0","1","9"
"OG0000087","MN47_mabs_v3","8","8","1","0","1","9"
"OG0000087","Nla","8","6","1","2","3","7"
"OG0000087","NT1_v2","8","7","2","1","3","9"
"OG0000087","NT12_v2","8","7","2","1","3","9"
"OG0000087","NT8_v2_fix","8","6","1","2","3","7"
"OG0000087","NT9_v2","8","7","0","1","1","7"
"OG0000087","PU6_v3_fin","8","8","1","0","1","9"
"OG0000087","TE11_v2","8","4","0","4","4","4"
"OG0000087","TE4_v1","8","6","2","2","4","8"
"OG0000087","TE8_v1","8","5","0","3","3","5"
"OG0000087","WS1_v2_s","8","8","0","0","0","8"
"OG0000090","73_3a","9","7","0","2","2","7"
"OG0000090","AL08_v2_f","9","6","0","3","3","6"
"OG0000090","al1_v2_s","9","8","0","1","1","8"
"OG0000090","AL27_v1","9","6","0","3","3","6"
"OG0000090","ALR","9","8","0","1","1","8"
"OG0000090","BAM12_v2","9","8","0","1","1","8"
"OG0000090","BOR_v1","9","7","0","2","2","7"
"OG0000090","F1-14","9","8","0","1","1","8"
"OG0000090","KN003hexa_v0","9","8","0","1","1","8"
"OG0000090","KN005_v1","9","8","0","1","1","8"
"OG0000090","KN006_v1","9","7","0","2","2","7"
"OG0000090","MN47_mabs_v3","9","8","0","1","1","8"
"OG0000090","MN47_v4","9","3","0","6","6","3"
"OG0000090","Nla","9","6","0","3","3","6"
"OG0000090","NT1_v2","9","8","0","1","1","8"
"OG0000090","NT12_v2","9","8","0","1","1","8"
"OG0000090","NT8_v2_fix","9","9","0","0","0","9"
"OG0000090","NT9_v2","9","8","0","1","1","8"
"OG0000090","PU6_v3_fin","9","7","0","2","2","7"
"OG0000090","TE11_v2","9","8","0","1","1","8"
"OG0000090","TE4_v1","9","8","0","1","1","8"
"OG0000090","TE8_v1","9","6","0","3","3","6"
"OG0000090","WS1_v2_s","9","8","0","1","1","8"
"OG0000093","73_3a","3","1","0","2","2","1"
"OG0000093","AL08_v2_f","3","1","0","2","2","1"
"OG0000093","al1_v2_s","3","1","0","2","2","1"
"OG0000093","AL27_v1","3","1","0","2","2","1"
"OG0000093","ALR","3","2","0","1","1","2"
"OG0000093","BAM12_v2","3","1","0","2","2","1"
"OG0000093","BOR_v1","3","1","0","2","2","1"
"OG0000093","F1-14","3","1","0","2","2","1"
"OG0000093","KN003hexa_v0","3","2","0","1","1","2"
"OG0000093","KN005_v1","3","3","0","0","0","3"
"OG0000093","KN006_v1","3","3","0","0","0","3"
"OG0000093","MN47_mabs_v3","3","3","0","0","0","3"
"OG0000093","Nla","3","1","0","2","2","1"
"OG0000093","NT12_v2","3","2","0","1","1","2"
"OG0000093","NT8_v2_fix","3","1","0","2","2","1"
"OG0000093","NT9_v2","3","2","0","1","1","2"
"OG0000093","PU6_v3_fin","3","2","0","1","1","2"
"OG0000093","TE11_v2","3","2","0","1","1","2"
"OG0000093","TE4_v1","3","1","0","2","2","1"
"OG0000093","TE8_v1","3","1","0","2","2","1"
"OG0000093","WS1_v2_s","3","2","0","1","1","2"
"OG0000095","73_3a","2","2","0","0","0","2"
"OG0000095","AL08_v2_f","2","2","0","0","0","2"
"OG0000095","al1_v2_s","2","2","0","0","0","2"
"OG0000095","AL27_v1","2","2","0","0","0","2"
"OG0000095","BAM12_v2","2","2","0","0","0","2"
"OG0000095","BOR_v1","2","2","0","0","0","2"
"OG0000095","F1-14","2","2","0","0","0","2"
"OG0000095","KN003hexa_v0","2","2","0","0","0","2"
"OG0000095","KN005_v1","2","1","0","1","1","1"
"OG0000095","KN006_v1","2","2","0","0","0","2"
"OG0000095","MN47_mabs_v3","2","2","0","0","0","2"
"OG0000095","Nla","2","2","0","0","0","2"
"OG0000095","NT1_v2","2","1","0","1","1","1"
"OG0000095","NT12_v2","2","1","0","1","1","1"
"OG0000095","NT8_v2_fix","2","2","0","0","0","2"
"OG0000095","NT9_v2","2","2","0","0","0","2"
"OG0000095","PU6_v3_fin","2","2","0","0","0","2"
"OG0000095","TE11_v2","2","2","0","0","0","2"
"OG0000095","TE4_v1","2","2","0","0","0","2"
"OG0000095","TE8_v1","2","1","0","1","1","1"
"OG0000095","WS1_v2_s","2","2","0","0","0","2"
"OG0000096","73_3a","3","3","0","0","0","3"
"OG0000096","AL08_v2_f","3","2","0","1","1","2"
"OG0000096","al1_v2_s","3","2","0","1","1","2"
"OG0000096","AL27_v1","3","3","0","0","0","3"
"OG0000096","ALR","3","2","0","1","1","2"
"OG0000096","BAM12_v2","3","3","0","0","0","3"
"OG0000096","BOR_v1","3","3","0","0","0","3"
"OG0000096","F1-14","3","3","0","0","0","3"
"OG0000096","KN003hexa_v0","3","3","0","0","0","3"
"OG0000096","KN005_v1","3","3","0","0","0","3"
"OG0000096","KN006_v1","3","3","0","0","0","3"
"OG0000096","MN47_mabs_v3","3","3","0","0","0","3"
"OG0000096","Nla","3","2","0","1","1","2"
"OG0000096","NT1_v2","3","3","0","0","0","3"
"OG0000096","NT12_v2","3","3","0","0","0","3"
"OG0000096","NT8_v2_fix","3","3","0","0","0","3"
"OG0000096","NT9_v2","3","2","0","1","1","2"
"OG0000096","PU6_v3_fin","3","2","0","1","1","2"
"OG0000096","TE11_v2","3","2","0","1","1","2"
"OG0000096","TE4_v1","3","3","0","0","0","3"
"OG0000096","TE8_v1","3","3","0","0","0","3"
"OG0000096","WS1_v2_s","3","2","0","1","1","2"
"OG0000100","73_3a","1","1","0","0","0","1"
"OG0000100","AL08_v2_f","1","1","0","0","0","1"
"OG0000100","al1_v2_s","1","1","0","0","0","1"
"OG0000100","AL27_v1","1","1","0","0","0","1"
"OG0000100","ALR","1","1","0","0","0","1"
"OG0000100","BAM12_v2","1","1","0","0","0","1"
"OG0000100","BOR_v1","1","1","0","0","0","1"
"OG0000100","F1-14","1","1","0","0","0","1"
"OG0000100","KN003hexa_v0","1","1","0","0","0","1"
"OG0000100","KN005_v1","1","1","0","0","0","1"
"OG0000100","KN006_v1","1","1","0","0","0","1"
"OG0000100","MN47_mabs_v3","1","1","0","0","0","1"
"OG0000100","Nla","1","1","0","0","0","1"
"OG0000100","NT12_v2","1","1","0","0","0","1"
"OG0000100","NT8_v2_fix","1","1","0","0","0","1"
"OG0000100","NT9_v2","1","1","0","0","0","1"
"OG0000100","PU6_v3_fin","1","1","0","0","0","1"
"OG0000100","TE11_v2","1","1","0","0","0","1"
"OG0000100","TE4_v1","1","1","0","0","0","1"
"OG0000100","TE8_v1","1","1","0","0","0","1"
"OG0000100","WS1_v2_s","1","1","0","0","0","1"
"OG0000103","73_3a","7","5","0","2","2","5"
"OG0000103","AL08_v2_f","7","5","0","2","2","5"
"OG0000103","al1_v2_s","7","5","0","2","2","5"
"OG0000103","AL27_v1","7","6","0","1","1","6"
"OG0000103","ALR","7","5","0","2","2","5"
"OG0000103","BAM12_v2","7","5","0","2","2","5"
"OG0000103","BOR_v1","7","5","0","2","2","5"
"OG0000103","F1-14","7","4","0","3","3","4"
"OG0000103","KN003hexa_v0","7","7","0","0","0","7"
"OG0000103","KN005_v1","7","7","0","0","0","7"
"OG0000103","KN006_v1","7","7","0","0","0","7"
"OG0000103","MN47_mabs_v3","7","7","0","0","0","7"
"OG0000103","Nla","7","4","0","3","3","4"
"OG0000103","NT1_v2","7","5","0","2","2","5"
"OG0000103","NT12_v2","7","6","0","1","1","6"
"OG0000103","NT8_v2_fix","7","6","0","1","1","6"
"OG0000103","NT9_v2","7","6","0","1","1","6"
"OG0000103","PU6_v3_fin","7","5","0","2","2","5"
"OG0000103","TE11_v2","7","6","0","1","1","6"
"OG0000103","TE4_v1","7","6","0","1","1","6"
"OG0000103","TE8_v1","7","6","0","1","1","6"
"OG0000103","WS1_v2_s","7","6","0","1","1","6"
"OG0000106","73_3a","13","13","4","0","4","19"
"OG0000106","AL08_v2_f","13","13","6","0","6","21"
"OG0000106","al1_v2_s","13","13","3","0","3","16"
"OG0000106","AL27_v1","13","13","5","0","5","19"
"OG0000106","ALR","13","12","5","1","6","18"
"OG0000106","BAM12_v2","13","13","5","0","5","20"
"OG0000106","BOR_v1","13","13","4","0","4","17"
"OG0000106","F1-14","13","13","3","0","3","17"
"OG0000106","KN003hexa_v0","13","13","7","0","7","21"
"OG0000106","KN005_v1","13","13","5","0","5","19"
"OG0000106","KN006_v1","13","13","5","0","5","19"
"OG0000106","MN47_mabs_v3","13","13","7","0","7","21"
"OG0000106","MN47_v4","13","1","0","12","12","1"
"OG0000106","Nla","13","12","5","1","6","20"
"OG0000106","NT1_v2","13","13","4","0","4","20"
"OG0000106","NT12_v2","13","13","3","0","3","16"
"OG0000106","NT8_v2_fix","13","13","3","0","3","16"
"OG0000106","NT9_v2","13","13","3","0","3","16"
"OG0000106","PU6_v3_fin","13","13","3","0","3","17"
"OG0000106","TE11_v2","13","13","5","0","5","18"
"OG0000106","TE4_v1","13","13","5","0","5","18"
"OG0000106","TE8_v1","13","13","4","0","4","17"
"OG0000106","WS1_v2_s","13","12","3","1","4","16"
"OG0000107","73_3a","15","15","1","0","1","16"
"OG0000107","AL08_v2_f","15","13","1","2","3","14"
"OG0000107","al1_v2_s","15","10","2","5","7","12"
"OG0000107","AL27_v1","15","15","1","0","1","16"
"OG0000107","ALR","15","15","0","0","0","15"
"OG0000107","BAM12_v2","15","11","2","4","6","13"
"OG0000107","BOR_v1","15","15","2","0","2","17"
"OG0000107","F1-14","15","14","4","1","5","18"
"OG0000107","KN003hexa_v0","15","14","4","1","5","18"
"OG0000107","KN005_v1","15","15","3","0","3","18"
"OG0000107","KN006_v1","15","15","4","0","4","19"
"OG0000107","MN47_mabs_v3","15","15","4","0","4","21"
"OG0000107","Nla","15","14","1","1","2","15"
"OG0000107","NT1_v2","15","14","2","1","3","16"
"OG0000107","NT12_v2","15","11","2","4","6","13"
"OG0000107","NT8_v2_fix","15","11","1","4","5","12"
"OG0000107","NT9_v2","15","12","3","3","6","15"
"OG0000107","PU6_v3_fin","15","12","2","3","5","14"
"OG0000107","TE11_v2","15","13","1","2","3","14"
"OG0000107","TE4_v1","15","12","2","3","5","14"
"OG0000107","TE8_v1","15","13","1","2","3","14"
"OG0000107","WS1_v2_s","15","10","2","5","7","12"
"OG0000118","73_3a","6","2","0","4","4","2"
"OG0000118","AL08_v2_f","6","3","0","3","3","3"
"OG0000118","al1_v2_s","6","1","0","5","5","1"
"OG0000118","AL27_v1","6","1","0","5","5","1"
"OG0000118","ALR","6","1","0","5","5","1"
"OG0000118","BAM12_v2","6","2","0","4","4","2"
"OG0000118","BOR_v1","6","3","0","3","3","3"
"OG0000118","F1-14","6","2","0","4","4","2"
"OG0000118","KN003hexa_v0","6","4","0","2","2","4"
"OG0000118","KN005_v1","6","4","0","2","2","4"
"OG0000118","KN006_v1","6","6","0","0","0","6"
"OG0000118","MN47_mabs_v3","6","6","0","0","0","6"
"OG0000118","Nla","6","2","0","4","4","2"
"OG0000118","NT12_v2","6","1","0","5","5","1"
"OG0000118","NT8_v2_fix","6","2","0","4","4","2"
"OG0000118","NT9_v2","6","1","0","5","5","1"
"OG0000118","PU6_v3_fin","6","1","0","5","5","1"
"OG0000118","TE11_v2","6","2","0","4","4","2"
"OG0000118","TE4_v1","6","1","0","5","5","1"
"OG0000118","TE8_v1","6","2","0","4","4","2"
"OG0000118","WS1_v2_s","6","1","0","5","5","1"
"OG0000126","73_3a","11","10","0","1","1","10"
"OG0000126","AL08_v2_f","11","10","0","1","1","10"
"OG0000126","al1_v2_s","11","10","0","1","1","10"
"OG0000126","AL27_v1","11","10","0","1","1","10"
"OG0000126","ALR","11","10","0","1","1","10"
"OG0000126","BAM12_v2","11","10","0","1","1","10"
"OG0000126","BOR_v1","11","8","0","3","3","8"
"OG0000126","F1-14","11","9","0","2","2","9"
"OG0000126","KN003hexa_v0","11","10","0","1","1","10"
"OG0000126","KN005_v1","11","10","0","1","1","10"
"OG0000126","KN006_v1","11","9","0","2","2","9"
"OG0000126","MN47_mabs_v3","11","10","0","1","1","10"
"OG0000126","Nla","11","9","0","2","2","9"
"OG0000126","NT1_v2","11","9","0","2","2","9"
"OG0000126","NT12_v2","11","10","0","1","1","10"
"OG0000126","NT8_v2_fix","11","8","0","3","3","8"
"OG0000126","NT9_v2","11","10","0","1","1","10"
"OG0000126","PU6_v3_fin","11","9","0","2","2","9"
"OG0000126","TE11_v2","11","10","0","1","1","10"
"OG0000126","TE4_v1","11","11","0","0","0","11"
"OG0000126","TE8_v1","11","10","0","1","1","10"
"OG0000126","WS1_v2_s","11","10","0","1","1","10"
"OG0000141","73_3a","2","2","0","0","0","2"
"OG0000141","AL08_v2_f","2","2","0","0","0","2"
"OG0000141","al1_v2_s","2","2","0","0","0","2"
"OG0000141","AL27_v1","2","2","0","0","0","2"
"OG0000141","ALR","2","2","0","0","0","2"
"OG0000141","BAM12_v2","2","2","0","0","0","2"
"OG0000141","BOR_v1","2","2","0","0","0","2"
"OG0000141","F1-14","2","2","0","0","0","2"
"OG0000141","KN003hexa_v0","2","1","0","1","1","1"
"OG0000141","KN005_v1","2","1","0","1","1","1"
"OG0000141","KN006_v1","2","2","0","0","0","2"
"OG0000141","MN47_mabs_v3","2","2","0","0","0","2"
"OG0000141","Nla","2","2","0","0","0","2"
"OG0000141","NT12_v2","2","2","0","0","0","2"
"OG0000141","NT8_v2_fix","2","2","0","0","0","2"
"OG0000141","NT9_v2","2","2","0","0","0","2"
"OG0000141","PU6_v3_fin","2","2","0","0","0","2"
"OG0000141","TE11_v2","2","2","0","0","0","2"
"OG0000141","TE4_v1","2","2","0","0","0","2"
"OG0000141","TE8_v1","2","2","0","0","0","2"
"OG0000141","WS1_v2_s","2","1","0","1","1","1"
"OG0000142","73_3a","4","4","0","0","0","4"
"OG0000142","AL08_v2_f","4","3","0","1","1","3"
"OG0000142","al1_v2_s","4","4","0","0","0","4"
"OG0000142","AL27_v1","4","3","0","1","1","3"
"OG0000142","ALR","4","4","0","0","0","4"
"OG0000142","BAM12_v2","4","4","0","0","0","4"
"OG0000142","BOR_v1","4","4","0","0","0","4"
"OG0000142","F1-14","4","4","0","0","0","4"
"OG0000142","KN003hexa_v0","4","4","0","0","0","4"
"OG0000142","KN005_v1","4","4","0","0","0","4"
"OG0000142","KN006_v1","4","4","0","0","0","4"
"OG0000142","MN47_mabs_v3","4","4","0","0","0","4"
"OG0000142","Nla","4","3","0","1","1","3"
"OG0000142","NT1_v2","4","4","0","0","0","4"
"OG0000142","NT12_v2","4","4","0","0","0","4"
"OG0000142","NT8_v2_fix","4","4","0","0","0","4"
"OG0000142","NT9_v2","4","4","0","0","0","4"
"OG0000142","PU6_v3_fin","4","4","0","0","0","4"
"OG0000142","TE11_v2","4","4","0","0","0","4"
"OG0000142","TE4_v1","4","4","0","0","0","4"
"OG0000142","TE8_v1","4","3","0","1","1","3"
"OG0000142","WS1_v2_s","4","4","0","0","0","4"
"OG0000147","73_3a","10","7","0","3","3","7"
"OG0000147","AL08_v2_f","10","6","0","4","4","6"
"OG0000147","al1_v2_s","10","6","1","4","5","7"
"OG0000147","AL27_v1","10","6","0","4","4","6"
"OG0000147","ALR","10","8","0","2","2","8"
"OG0000147","BAM12_v2","10","7","0","3","3","7"
"OG0000147","BOR_v1","10","8","0","2","2","8"
"OG0000147","F1-14","10","5","0","5","5","5"
"OG0000147","KN003hexa_v0","10","10","1","0","1","11"
"OG0000147","KN005_v1","10","10","1","0","1","11"
"OG0000147","KN006_v1","10","10","1","0","1","11"
"OG0000147","MN47_mabs_v3","10","10","1","0","1","11"
"OG0000147","Nla","10","7","0","3","3","7"
"OG0000147","NT1_v2","10","8","0","2","2","8"
"OG0000147","NT12_v2","10","7","0","3","3","7"
"OG0000147","NT8_v2_fix","10","8","0","2","2","8"
"OG0000147","NT9_v2","10","7","0","3","3","7"
"OG0000147","PU6_v3_fin","10","6","0","4","4","6"
"OG0000147","TE11_v2","10","8","0","2","2","8"
"OG0000147","TE4_v1","10","10","1","0","1","11"
"OG0000147","TE8_v1","10","5","0","5","5","5"
"OG0000147","WS1_v2_s","10","8","0","2","2","8"
"OG0000150","73_3a","10","10","2","0","2","12"
"OG0000150","AL08_v2_f","10","10","2","0","2","12"
"OG0000150","al1_v2_s","10","9","2","1","3","11"
"OG0000150","AL27_v1","10","10","2","0","2","12"
"OG0000150","ALR","10","10","2","0","2","12"
"OG0000150","BAM12_v2","10","10","2","0","2","12"
"OG0000150","BOR_v1","10","10","2","0","2","12"
"OG0000150","F1-14","10","10","2","0","2","12"
"OG0000150","KN003hexa_v0","10","10","2","0","2","12"
"OG0000150","KN005_v1","10","10","2","0","2","12"
"OG0000150","KN006_v1","10","10","2","0","2","12"
"OG0000150","MN47_mabs_v3","10","10","2","0","2","12"
"OG0000150","Nla","10","10","2","0","2","12"
"OG0000150","NT1_v2","10","10","2","0","2","12"
"OG0000150","NT12_v2","10","10","1","0","1","11"
"OG0000150","NT8_v2_fix","10","9","2","1","3","11"
"OG0000150","NT9_v2","10","10","2","0","2","12"
"OG0000150","PU6_v3_fin","10","10","2","0","2","12"
"OG0000150","TE11_v2","10","10","1","0","1","11"
"OG0000150","TE4_v1","10","10","2","0","2","12"
"OG0000150","TE8_v1","10","10","1","0","1","11"
"OG0000150","WS1_v2_s","10","10","1","0","1","11"
"OG0000158","73_3a","1","1","0","0","0","1"
"OG0000158","AL08_v2_f","1","1","0","0","0","1"
"OG0000158","al1_v2_s","1","1","0","0","0","1"
"OG0000158","AL27_v1","1","1","0","0","0","1"
"OG0000158","ALR","1","1","0","0","0","1"
"OG0000158","BAM12_v2","1","1","0","0","0","1"
"OG0000158","BOR_v1","1","1","0","0","0","1"
"OG0000158","F1-14","1","1","0","0","0","1"
"OG0000158","KN003hexa_v0","1","1","0","0","0","1"
"OG0000158","KN005_v1","1","1","0","0","0","1"
"OG0000158","KN006_v1","1","1","0","0","0","1"
"OG0000158","MN47_mabs_v3","1","1","0","0","0","1"
"OG0000158","MN47_v4","1","1","0","0","0","1"
"OG0000158","Nla","1","1","0","0","0","1"
"OG0000158","NT1_v2","1","1","0","0","0","1"
"OG0000158","NT12_v2","1","1","0","0","0","1"
"OG0000158","NT8_v2_fix","1","1","0","0","0","1"
"OG0000158","NT9_v2","1","1","0","0","0","1"
"OG0000158","PU6_v3_fin","1","1","0","0","0","1"
"OG0000158","TE11_v2","1","1","0","0","0","1"
"OG0000158","TE4_v1","1","1","0","0","0","1"
"OG0000158","TE8_v1","1","1","0","0","0","1"
"OG0000158","WS1_v2_s","1","1","0","0","0","1"
"OG0000159","73_3a","8","7","1","1","2","8"
"OG0000159","AL08_v2_f","8","7","0","1","1","7"
"OG0000159","al1_v2_s","8","7","1","1","2","8"
"OG0000159","AL27_v1","8","7","1","1","2","8"
"OG0000159","ALR","8","6","2","2","4","9"
"OG0000159","BAM12_v2","8","7","2","1","3","10"
"OG0000159","BOR_v1","8","6","1","2","3","7"
"OG0000159","F1-14","8","6","2","2","4","9"
"OG0000159","KN003hexa_v0","8","7","2","1","3","10"
"OG0000159","KN005_v1","8","7","0","1","1","7"
"OG0000159","KN006_v1","8","7","0","1","1","7"
"OG0000159","MN47_mabs_v3","8","8","2","0","2","11"
"OG0000159","Nla","8","6","1","2","3","7"
"OG0000159","NT1_v2","8","7","0","1","1","7"
"OG0000159","NT12_v2","8","6","1","2","3","7"
"OG0000159","NT8_v2_fix","8","7","0","1","1","7"
"OG0000159","NT9_v2","8","7","1","1","2","8"
"OG0000159","PU6_v3_fin","8","7","0","1","1","7"
"OG0000159","TE11_v2","8","6","1","2","3","7"
"OG0000159","TE4_v1","8","6","1","2","3","7"
"OG0000159","TE8_v1","8","7","1","1","2","8"
"OG0000159","WS1_v2_s","8","5","1","3","4","6"
"OG0000164","73_3a","8","8","0","0","0","8"
"OG0000164","AL08_v2_f","8","8","0","0","0","8"
"OG0000164","al1_v2_s","8","8","0","0","0","8"
"OG0000164","AL27_v1","8","8","0","0","0","8"
"OG0000164","ALR","8","8","0","0","0","8"
"OG0000164","BAM12_v2","8","8","0","0","0","8"
"OG0000164","BOR_v1","8","8","0","0","0","8"
"OG0000164","F1-14","8","8","0","0","0","8"
"OG0000164","KN003hexa_v0","8","8","1","0","1","9"
"OG0000164","KN005_v1","8","8","1","0","1","9"
"OG0000164","KN006_v1","8","8","1","0","1","9"
"OG0000164","MN47_mabs_v3","8","8","1","0","1","9"
"OG0000164","Nla","8","8","0","0","0","8"
"OG0000164","NT1_v2","8","8","0","0","0","8"
"OG0000164","NT12_v2","8","8","0","0","0","8"
"OG0000164","NT8_v2_fix","8","8","0","0","0","8"
"OG0000164","NT9_v2","8","7","0","1","1","7"
"OG0000164","PU6_v3_fin","8","8","0","0","0","8"
"OG0000164","TE11_v2","8","8","0","0","0","8"
"OG0000164","TE4_v1","8","8","0","0","0","8"
"OG0000164","TE8_v1","8","8","0","0","0","8"
"OG0000164","WS1_v2_s","8","8","0","0","0","8"
"OG0000166","73_3a","18","14","2","4","6","16"
"OG0000166","AL08_v2_f","18","15","2","3","5","18"
"OG0000166","al1_v2_s","18","18","2","0","2","20"
"OG0000166","AL27_v1","18","17","3","1","4","21"
"OG0000166","ALR","18","16","3","2","5","20"
"OG0000166","BAM12_v2","18","17","3","1","4","20"
"OG0000166","BOR_v1","18","15","3","3","6","19"
"OG0000166","F1-14","18","14","2","4","6","17"
"OG0000166","KN003hexa_v0","18","18","4","0","4","24"
"OG0000166","KN005_v1","18","18","3","0","3","22"
"OG0000166","KN006_v1","18","18","4","0","4","24"
"OG0000166","MN47_mabs_v3","18","18","4","0","4","23"
"OG0000166","Nla","18","14","2","4","6","16"
"OG0000166","NT1_v2","18","17","2","1","3","19"
"OG0000166","NT12_v2","18","17","2","1","3","19"
"OG0000166","NT8_v2_fix","18","17","2","1","3","20"
"OG0000166","NT9_v2","18","16","3","2","5","20"
"OG0000166","PU6_v3_fin","18","16","3","2","5","20"
"OG0000166","TE11_v2","18","17","3","1","4","21"
"OG0000166","TE4_v1","18","17","3","1","4","21"
"OG0000166","TE8_v1","18","15","3","3","6","19"
"OG0000166","WS1_v2_s","18","8","1","10","11","9"
"OG0000167","73_3a","7","7","0","0","0","7"
"OG0000167","AL08_v2_f","7","7","0","0","0","7"
"OG0000167","al1_v2_s","7","7","0","0","0","7"
"OG0000167","AL27_v1","7","7","0","0","0","7"
"OG0000167","ALR","7","7","0","0","0","7"
"OG0000167","BAM12_v2","7","7","0","0","0","7"
"OG0000167","BOR_v1","7","7","0","0","0","7"
"OG0000167","F1-14","7","7","0","0","0","7"
"OG0000167","KN003hexa_v0","7","7","0","0","0","7"
"OG0000167","KN005_v1","7","7","0","0","0","7"
"OG0000167","KN006_v1","7","7","0","0","0","7"
"OG0000167","MN47_mabs_v3","7","7","0","0","0","7"
"OG0000167","Nla","7","7","0","0","0","7"
"OG0000167","NT1_v2","7","7","0","0","0","7"
"OG0000167","NT12_v2","7","7","0","0","0","7"
"OG0000167","NT8_v2_fix","7","6","0","1","1","6"
"OG0000167","NT9_v2","7","7","0","0","0","7"
"OG0000167","PU6_v3_fin","7","7","0","0","0","7"
"OG0000167","TE11_v2","7","6","0","1","1","6"
"OG0000167","TE4_v1","7","7","0","0","0","7"
"OG0000167","TE8_v1","7","7","0","0","0","7"
"OG0000167","WS1_v2_s","7","6","0","1","1","6"
"OG0000170","73_3a","21","21","19","0","19","138"
"OG0000170","AL08_v2_f","21","21","19","0","19","153"
"OG0000170","al1_v2_s","21","18","17","3","20","145"
"OG0000170","AL27_v1","21","21","19","0","19","148"
"OG0000170","ALR","21","21","19","0","19","129"
"OG0000170","BAM12_v2","21","21","19","0","19","151"
"OG0000170","BOR_v1","21","21","17","0","17","162"
"OG0000170","F1-14","21","21","19","0","19","150"
"OG0000170","KN003hexa_v0","21","21","20","0","20","304"
"OG0000170","KN005_v1","21","21","19","0","19","246"
"OG0000170","KN006_v1","21","21","20","0","20","299"
"OG0000170","MN47_mabs_v3","21","21","20","0","20","261"
"OG0000170","MN47_v4","21","1","1","20","21","10"
"OG0000170","Nla","21","21","18","0","18","138"
"OG0000170","NT1_v2","21","21","18","0","18","133"
"OG0000170","NT12_v2","21","20","17","1","18","139"
"OG0000170","NT8_v2_fix","21","21","18","0","18","155"
"OG0000170","NT9_v2","21","21","17","0","17","151"
"OG0000170","PU6_v3_fin","21","18","17","3","20","157"
"OG0000170","TE11_v2","21","20","17","1","18","138"
"OG0000170","TE4_v1","21","21","18","0","18","143"
"OG0000170","TE8_v1","21","20","17","1","18","146"
"OG0000170","WS1_v2_s","21","20","17","1","18","135"
"OG0000182","73_3a","16","15","4","1","5","22"
"OG0000182","AL08_v2_f","16","16","5","0","5","23"
"OG0000182","al1_v2_s","16","12","3","4","7","17"
"OG0000182","AL27_v1","16","14","5","2","7","20"
"OG0000182","ALR","16","13","4","3","7","20"
"OG0000182","BAM12_v2","16","12","3","4","7","16"
"OG0000182","BOR_v1","16","15","3","1","4","19"
"OG0000182","F1-14","16","14","5","2","7","20"
"OG0000182","KN003hexa_v0","16","16","4","0","4","22"
"OG0000182","KN005_v1","16","16","5","0","5","22"
"OG0000182","KN006_v1","16","14","2","2","4","16"
"OG0000182","MN47_mabs_v3","16","16","4","0","4","21"
"OG0000182","MN47_v4","16","3","0","13","13","3"
"OG0000182","Nla","16","15","3","1","4","19"
"OG0000182","NT1_v2","16","14","4","2","6","18"
"OG0000182","NT12_v2","16","12","3","4","7","16"
"OG0000182","NT8_v2_fix","16","12","3","4","7","16"
"OG0000182","NT9_v2","16","12","3","4","7","16"
"OG0000182","PU6_v3_fin","16","15","6","1","7","27"
"OG0000182","TE11_v2","16","13","3","3","6","17"
"OG0000182","TE4_v1","16","14","4","2","6","20"
"OG0000182","TE8_v1","16","16","3","0","3","20"
"OG0000182","WS1_v2_s","16","13","3","3","6","17"
"OG0000184","73_3a","11","11","3","0","3","17"
"OG0000184","AL08_v2_f","11","10","3","1","4","14"
"OG0000184","al1_v2_s","11","11","3","0","3","16"
"OG0000184","AL27_v1","11","11","3","0","3","15"
"OG0000184","ALR","11","11","3","0","3","17"
"OG0000184","BAM12_v2","11","9","3","2","5","14"
"OG0000184","BOR_v1","11","11","3","0","3","17"
"OG0000184","F1-14","11","11","3","0","3","16"
"OG0000184","KN003hexa_v0","11","10","3","1","4","14"
"OG0000184","KN005_v1","11","11","3","0","3","14"
"OG0000184","KN006_v1","11","10","1","1","2","11"
"OG0000184","MN47_mabs_v3","11","10","2","1","3","12"
"OG0000184","Nla","11","11","3","0","3","15"
"OG0000184","NT1_v2","11","11","2","0","2","13"
"OG0000184","NT12_v2","11","11","2","0","2","14"
"OG0000184","NT8_v2_fix","11","10","4","1","5","16"
"OG0000184","NT9_v2","11","11","3","0","3","15"
"OG0000184","PU6_v3_fin","11","11","3","0","3","16"
"OG0000184","TE11_v2","11","9","3","2","5","14"
"OG0000184","TE4_v1","11","10","3","1","4","14"
"OG0000184","TE8_v1","11","11","3","0","3","17"
"OG0000184","WS1_v2_s","11","10","3","1","4","15"
"OG0000185","73_3a","6","6","0","0","0","6"
"OG0000185","AL08_v2_f","6","6","0","0","0","6"
"OG0000185","al1_v2_s","6","3","0","3","3","3"
"OG0000185","AL27_v1","6","5","0","1","1","5"
"OG0000185","ALR","6","5","0","1","1","5"
"OG0000185","BAM12_v2","6","6","1","0","1","7"
"OG0000185","BOR_v1","6","6","0","0","0","6"
"OG0000185","F1-14","6","5","0","1","1","5"
"OG0000185","KN003hexa_v0","6","6","0","0","0","6"
"OG0000185","KN005_v1","6","6","1","0","1","7"
"OG0000185","KN006_v1","6","6","1","0","1","7"
"OG0000185","MN47_mabs_v3","6","6","0","0","0","6"
"OG0000185","Nla","6","6","0","0","0","6"
"OG0000185","NT1_v2","6","6","0","0","0","6"
"OG0000185","NT12_v2","6","6","1","0","1","7"
"OG0000185","NT8_v2_fix","6","6","0","0","0","6"
"OG0000185","NT9_v2","6","6","1","0","1","7"
"OG0000185","PU6_v3_fin","6","5","0","1","1","5"
"OG0000185","TE11_v2","6","6","1","0","1","7"
"OG0000185","TE4_v1","6","6","1","0","1","7"
"OG0000185","TE8_v1","6","6","0","0","0","6"
"OG0000185","WS1_v2_s","6","5","0","1","1","5"
"OG0000186","73_3a","2","2","0","0","0","2"
"OG0000186","AL08_v2_f","2","2","0","0","0","2"
"OG0000186","al1_v2_s","2","1","0","1","1","1"
"OG0000186","AL27_v1","2","2","0","0","0","2"
"OG0000186","ALR","2","2","0","0","0","2"
"OG0000186","BAM12_v2","2","2","0","0","0","2"
"OG0000186","BOR_v1","2","2","0","0","0","2"
"OG0000186","F1-14","2","2","0","0","0","2"
"OG0000186","KN003hexa_v0","2","2","0","0","0","2"
"OG0000186","KN005_v1","2","2","0","0","0","2"
"OG0000186","KN006_v1","2","2","0","0","0","2"
"OG0000186","MN47_mabs_v3","2","2","0","0","0","2"
"OG0000186","Nla","2","2","0","0","0","2"
"OG0000186","NT1_v2","2","2","0","0","0","2"
"OG0000186","NT12_v2","2","2","0","0","0","2"
"OG0000186","NT8_v2_fix","2","2","0","0","0","2"
"OG0000186","NT9_v2","2","1","0","1","1","1"
"OG0000186","PU6_v3_fin","2","1","0","1","1","1"
"OG0000186","TE11_v2","2","1","0","1","1","1"
"OG0000186","TE4_v1","2","2","0","0","0","2"
"OG0000186","TE8_v1","2","2","0","0","0","2"
"OG0000186","WS1_v2_s","2","1","0","1","1","1"
"OG0000188","73_3a","19","17","2","2","4","19"
"OG0000188","AL08_v2_f","19","14","1","5","6","15"
"OG0000188","al1_v2_s","19","17","1","2","3","18"
"OG0000188","AL27_v1","19","16","1","3","4","17"
"OG0000188","ALR","19","16","2","3","5","18"
"OG0000188","BAM12_v2","19","15","1","4","5","16"
"OG0000188","BOR_v1","19","16","1","3","4","17"
"OG0000188","F1-14","19","16","2","3","5","18"
"OG0000188","KN003hexa_v0","19","19","1","0","1","20"
"OG0000188","KN005_v1","19","19","1","0","1","20"
"OG0000188","KN006_v1","19","19","1","0","1","20"
"OG0000188","MN47_mabs_v3","19","19","1","0","1","20"
"OG0000188","Nla","19","15","1","4","5","16"
"OG0000188","NT1_v2","19","16","0","3","3","16"
"OG0000188","NT12_v2","19","15","0","4","4","15"
"OG0000188","NT8_v2_fix","19","17","1","2","3","18"
"OG0000188","NT9_v2","19","18","0","1","1","18"
"OG0000188","PU6_v3_fin","19","17","1","2","3","18"
"OG0000188","TE11_v2","19","17","0","2","2","17"
"OG0000188","TE4_v1","19","16","0","3","3","16"
"OG0000188","TE8_v1","19","17","1","2","3","18"
"OG0000188","WS1_v2_s","19","15","1","4","5","16"
"OG0000192","73_3a","2","2","0","0","0","2"
"OG0000192","AL08_v2_f","2","2","0","0","0","2"
"OG0000192","al1_v2_s","2","2","0","0","0","2"
"OG0000192","AL27_v1","2","2","0","0","0","2"
"OG0000192","ALR","2","2","0","0","0","2"
"OG0000192","BAM12_v2","2","2","0","0","0","2"
"OG0000192","BOR_v1","2","2","0","0","0","2"
"OG0000192","F1-14","2","2","0","0","0","2"
"OG0000192","KN003hexa_v0","2","2","0","0","0","2"
"OG0000192","KN005_v1","2","2","0","0","0","2"
"OG0000192","KN006_v1","2","2","0","0","0","2"
"OG0000192","MN47_mabs_v3","2","2","0","0","0","2"
"OG0000192","Nla","2","2","0","0","0","2"
"OG0000192","NT1_v2","2","2","0","0","0","2"
"OG0000192","NT12_v2","2","2","0","0","0","2"
"OG0000192","NT8_v2_fix","2","2","0","0","0","2"
"OG0000192","NT9_v2","2","2","0","0","0","2"
"OG0000192","PU6_v3_fin","2","2","0","0","0","2"
"OG0000192","TE11_v2","2","1","0","1","1","1"
"OG0000192","TE4_v1","2","2","0","0","0","2"
"OG0000192","TE8_v1","2","1","0","1","1","1"
"OG0000192","WS1_v2_s","2","2","0","0","0","2"
"OG0000196","73_3a","4","4","0","0","0","4"
"OG0000196","AL08_v2_f","4","4","0","0","0","4"
"OG0000196","al1_v2_s","4","4","0","0","0","4"
"OG0000196","AL27_v1","4","4","0","0","0","4"
"OG0000196","ALR","4","4","0","0","0","4"
"OG0000196","BAM12_v2","4","4","0","0","0","4"
"OG0000196","BOR_v1","4","4","0","0","0","4"
"OG0000196","F1-14","4","4","0","0","0","4"
"OG0000196","KN003hexa_v0","4","4","0","0","0","4"
"OG0000196","KN005_v1","4","4","0","0","0","4"
"OG0000196","KN006_v1","4","4","0","0","0","4"
"OG0000196","MN47_mabs_v3","4","4","0","0","0","4"
"OG0000196","Nla","4","4","0","0","0","4"
"OG0000196","NT1_v2","4","3","0","1","1","3"
"OG0000196","NT12_v2","4","4","0","0","0","4"
"OG0000196","NT8_v2_fix","4","4","0","0","0","4"
"OG0000196","NT9_v2","4","4","0","0","0","4"
"OG0000196","PU6_v3_fin","4","3","0","1","1","3"
"OG0000196","TE11_v2","4","4","0","0","0","4"
"OG0000196","TE4_v1","4","3","0","1","1","3"
"OG0000196","TE8_v1","4","4","0","0","0","4"
"OG0000196","WS1_v2_s","4","4","0","0","0","4"
"OG0000199","73_3a","9","9","5","0","5","17"
"OG0000199","AL08_v2_f","9","8","4","1","5","15"
"OG0000199","al1_v2_s","9","9","5","0","5","20"
"OG0000199","AL27_v1","9","9","5","0","5","18"
"OG0000199","ALR","9","9","4","0","4","15"
"OG0000199","BAM12_v2","9","9","5","0","5","18"
"OG0000199","BOR_v1","9","9","4","0","4","15"
"OG0000199","F1-14","9","9","4","0","4","14"
"OG0000199","KN003hexa_v0","9","9","5","0","5","17"
"OG0000199","KN005_v1","9","9","5","0","5","20"
"OG0000199","KN006_v1","9","9","5","0","5","18"
"OG0000199","MN47_mabs_v3","9","9","5","0","5","21"
"OG0000199","MN47_v4","9","3","0","6","6","3"
"OG0000199","Nla","9","9","5","0","5","17"
"OG0000199","NT1_v2","9","9","5","0","5","19"
"OG0000199","NT12_v2","9","9","4","0","4","17"
"OG0000199","NT8_v2_fix","9","9","4","0","4","17"
"OG0000199","NT9_v2","9","9","4","0","4","17"
"OG0000199","PU6_v3_fin","9","9","5","0","5","20"
"OG0000199","TE11_v2","9","9","5","0","5","20"
"OG0000199","TE4_v1","9","9","5","0","5","20"
"OG0000199","TE8_v1","9","9","4","0","4","19"
"OG0000199","WS1_v2_s","9","9","3","0","3","16"
"OG0000200","73_3a","12","12","3","0","3","19"
"OG0000200","AL08_v2_f","12","9","0","3","3","9"
"OG0000200","al1_v2_s","12","12","3","0","3","18"
"OG0000200","AL27_v1","12","12","4","0","4","18"
"OG0000200","ALR","12","12","4","0","4","20"
"OG0000200","BAM12_v2","12","12","3","0","3","18"
"OG0000200","BOR_v1","12","12","3","0","3","19"
"OG0000200","F1-14","12","11","4","1","5","19"
"OG0000200","KN003hexa_v0","12","11","3","1","4","15"
"OG0000200","KN005_v1","12","11","3","1","4","16"
"OG0000200","KN006_v1","12","11","3","1","4","17"
"OG0000200","MN47_mabs_v3","12","12","4","0","4","20"
"OG0000200","Nla","12","8","3","4","7","13"
"OG0000200","NT1_v2","12","8","3","4","7","11"
"OG0000200","NT12_v2","12","11","3","1","4","18"
"OG0000200","NT8_v2_fix","12","9","3","3","6","16"
"OG0000200","NT9_v2","12","10","3","2","5","17"
"OG0000200","PU6_v3_fin","12","11","5","1","6","20"
"OG0000200","TE11_v2","12","11","4","1","5","19"
"OG0000200","TE4_v1","12","9","4","3","7","16"
"OG0000200","TE8_v1","12","9","3","3","6","16"
"OG0000200","WS1_v2_s","12","11","3","1","4","18"
"OG0000202","73_3a","3","3","0","0","0","3"
"OG0000202","AL08_v2_f","3","3","0","0","0","3"
"OG0000202","al1_v2_s","3","1","0","2","2","1"
"OG0000202","AL27_v1","3","1","0","2","2","1"
"OG0000202","ALR","3","3","0","0","0","3"
"OG0000202","BAM12_v2","3","3","0","0","0","3"
"OG0000202","BOR_v1","3","2","0","1","1","2"
"OG0000202","F1-14","3","3","0","0","0","3"
"OG0000202","KN003hexa_v0","3","3","0","0","0","3"
"OG0000202","KN005_v1","3","3","0","0","0","3"
"OG0000202","KN006_v1","3","3","0","0","0","3"
"OG0000202","MN47_mabs_v3","3","3","0","0","0","3"
"OG0000202","Nla","3","3","0","0","0","3"
"OG0000202","NT1_v2","3","3","0","0","0","3"
"OG0000202","NT12_v2","3","3","0","0","0","3"
"OG0000202","NT8_v2_fix","3","3","0","0","0","3"
"OG0000202","NT9_v2","3","3","0","0","0","3"
"OG0000202","PU6_v3_fin","3","3","0","0","0","3"
"OG0000202","TE11_v2","3","3","0","0","0","3"
"OG0000202","TE4_v1","3","3","0","0","0","3"
"OG0000202","TE8_v1","3","3","0","0","0","3"
"OG0000202","WS1_v2_s","3","3","0","0","0","3"
"OG0000206","73_3a","7","6","0","1","1","6"
"OG0000206","AL08_v2_f","7","6","0","1","1","6"
"OG0000206","al1_v2_s","7","6","0","1","1","6"
"OG0000206","AL27_v1","7","6","0","1","1","6"
"OG0000206","ALR","7","5","0","2","2","5"
"OG0000206","BAM12_v2","7","6","0","1","1","6"
"OG0000206","BOR_v1","7","6","0","1","1","6"
"OG0000206","F1-14","7","6","0","1","1","6"
"OG0000206","KN003hexa_v0","7","5","0","2","2","5"
"OG0000206","KN005_v1","7","5","0","2","2","5"
"OG0000206","KN006_v1","7","6","0","1","1","6"
"OG0000206","MN47_mabs_v3","7","7","1","0","1","8"
"OG0000206","MN47_v4","7","1","0","6","6","1"
"OG0000206","Nla","7","6","0","1","1","6"
"OG0000206","NT1_v2","7","7","1","0","1","8"
"OG0000206","NT12_v2","7","6","0","1","1","6"
"OG0000206","NT8_v2_fix","7","6","0","1","1","6"
"OG0000206","NT9_v2","7","6","0","1","1","6"
"OG0000206","PU6_v3_fin","7","6","0","1","1","6"
"OG0000206","TE11_v2","7","5","0","2","2","5"
"OG0000206","TE4_v1","7","6","0","1","1","6"
"OG0000206","TE8_v1","7","7","0","0","0","7"
"OG0000206","WS1_v2_s","7","6","0","1","1","6"
"OG0000207","73_3a","13","10","1","3","4","11"
"OG0000207","AL08_v2_f","13","8","0","5","5","8"
"OG0000207","al1_v2_s","13","9","0","4","4","9"
"OG0000207","AL27_v1","13","10","0","3","3","10"
"OG0000207","ALR","13","10","1","3","4","11"
"OG0000207","BAM12_v2","13","10","1","3","4","11"
"OG0000207","BOR_v1","13","10","0","3","3","10"
"OG0000207","F1-14","13","8","0","5","5","8"
"OG0000207","KN003hexa_v0","13","12","1","1","2","13"
"OG0000207","KN005_v1","13","13","2","0","2","16"
"OG0000207","KN006_v1","13","13","4","0","4","19"
"OG0000207","MN47_mabs_v3","13","13","2","0","2","16"
"OG0000207","Nla","13","11","1","2","3","12"
"OG0000207","NT1_v2","13","11","2","2","4","14"
"OG0000207","NT12_v2","13","12","0","1","1","12"
"OG0000207","NT8_v2_fix","13","12","0","1","1","12"
"OG0000207","NT9_v2","13","10","0","3","3","10"
"OG0000207","PU6_v3_fin","13","10","0","3","3","10"
"OG0000207","TE11_v2","13","9","0","4","4","9"
"OG0000207","TE4_v1","13","10","0","3","3","10"
"OG0000207","TE8_v1","13","10","0","3","3","10"
"OG0000207","WS1_v2_s","13","10","0","3","3","10"
"OG0000210","73_3a","3","3","0","0","0","3"
"OG0000210","AL08_v2_f","3","3","0","0","0","3"
"OG0000210","al1_v2_s","3","2","0","1","1","2"
"OG0000210","AL27_v1","3","3","0","0","0","3"
"OG0000210","ALR","3","3","0","0","0","3"
"OG0000210","BAM12_v2","3","3","0","0","0","3"
"OG0000210","BOR_v1","3","3","0","0","0","3"
"OG0000210","F1-14","3","3","0","0","0","3"
"OG0000210","KN003hexa_v0","3","3","0","0","0","3"
"OG0000210","KN005_v1","3","3","0","0","0","3"
"OG0000210","KN006_v1","3","3","0","0","0","3"
"OG0000210","MN47_mabs_v3","3","3","0","0","0","3"
"OG0000210","Nla","3","3","0","0","0","3"
"OG0000210","NT1_v2","3","3","0","0","0","3"
"OG0000210","NT12_v2","3","3","0","0","0","3"
"OG0000210","NT8_v2_fix","3","3","0","0","0","3"
"OG0000210","NT9_v2","3","3","0","0","0","3"
"OG0000210","PU6_v3_fin","3","2","0","1","1","2"
"OG0000210","TE11_v2","3","3","0","0","0","3"
"OG0000210","TE4_v1","3","2","0","1","1","2"
"OG0000210","TE8_v1","3","2","0","1","1","2"
"OG0000210","WS1_v2_s","3","2","0","1","1","2"
"OG0000213","73_3a","8","6","0","2","2","6"
"OG0000213","AL08_v2_f","8","8","0","0","0","8"
"OG0000213","al1_v2_s","8","8","0","0","0","8"
"OG0000213","AL27_v1","8","7","0","1","1","7"
"OG0000213","ALR","8","6","0","2","2","6"
"OG0000213","BAM12_v2","8","6","0","2","2","6"
"OG0000213","BOR_v1","8","7","0","1","1","7"
"OG0000213","F1-14","8","7","0","1","1","7"
"OG0000213","KN003hexa_v0","8","8","0","0","0","8"
"OG0000213","KN005_v1","8","8","0","0","0","8"
"OG0000213","KN006_v1","8","8","0","0","0","8"
"OG0000213","MN47_mabs_v3","8","8","0","0","0","8"
"OG0000213","Nla","8","7","0","1","1","7"
"OG0000213","NT1_v2","8","7","0","1","1","7"
"OG0000213","NT12_v2","8","8","0","0","0","8"
"OG0000213","NT8_v2_fix","8","8","0","0","0","8"
"OG0000213","NT9_v2","8","7","0","1","1","7"
"OG0000213","PU6_v3_fin","8","8","0","0","0","8"
"OG0000213","TE11_v2","8","7","0","1","1","7"
"OG0000213","TE4_v1","8","8","0","0","0","8"
"OG0000213","TE8_v1","8","7","0","1","1","7"
"OG0000213","WS1_v2_s","8","8","0","0","0","8"
"OG0000217","73_3a","10","8","1","2","3","9"
"OG0000217","AL08_v2_f","10","9","1","1","2","10"
"OG0000217","al1_v2_s","10","9","0","1","1","9"
"OG0000217","AL27_v1","10","10","1","0","1","11"
"OG0000217","ALR","10","8","1","2","3","9"
"OG0000217","BAM12_v2","10","9","1","1","2","10"
"OG0000217","BOR_v1","10","9","1","1","2","10"
"OG0000217","F1-14","10","10","2","0","2","13"
"OG0000217","KN003hexa_v0","10","10","1","0","1","11"
"OG0000217","KN005_v1","10","10","2","0","2","12"
"OG0000217","KN006_v1","10","9","0","1","1","9"
"OG0000217","MN47_mabs_v3","10","10","2","0","2","12"
"OG0000217","Nla","10","10","2","0","2","12"
"OG0000217","NT1_v2","10","9","1","1","2","10"
"OG0000217","NT12_v2","10","9","1","1","2","10"
"OG0000217","NT8_v2_fix","10","10","1","0","1","11"
"OG0000217","NT9_v2","10","10","1","0","1","11"
"OG0000217","PU6_v3_fin","10","9","1","1","2","10"
"OG0000217","TE11_v2","10","10","2","0","2","12"
"OG0000217","TE4_v1","10","10","2","0","2","13"
"OG0000217","TE8_v1","10","9","2","1","3","11"
"OG0000217","WS1_v2_s","10","9","1","1","2","10"
"OG0000220","73_3a","10","10","0","0","0","10"
"OG0000220","AL08_v2_f","10","9","1","1","2","10"
"OG0000220","al1_v2_s","10","10","2","0","2","12"
"OG0000220","AL27_v1","10","10","1","0","1","11"
"OG0000220","ALR","10","10","1","0","1","11"
"OG0000220","BAM12_v2","10","9","2","1","3","11"
"OG0000220","BOR_v1","10","10","1","0","1","11"
"OG0000220","F1-14","10","10","1","0","1","11"
"OG0000220","KN003hexa_v0","10","10","1","0","1","11"
"OG0000220","KN005_v1","10","10","0","0","0","10"
"OG0000220","KN006_v1","10","10","2","0","2","12"
"OG0000220","MN47_mabs_v3","10","10","1","0","1","11"
"OG0000220","MN47_v4","10","1","0","9","9","1"
"OG0000220","Nla","10","9","1","1","2","10"
"OG0000220","NT1_v2","10","10","1","0","1","11"
"OG0000220","NT12_v2","10","9","1","1","2","10"
"OG0000220","NT8_v2_fix","10","9","1","1","2","10"
"OG0000220","NT9_v2","10","9","2","1","3","11"
"OG0000220","PU6_v3_fin","10","9","1","1","2","10"
"OG0000220","TE11_v2","10","10","1","0","1","11"
"OG0000220","TE4_v1","10","10","1","0","1","11"
"OG0000220","TE8_v1","10","10","1","0","1","11"
"OG0000220","WS1_v2_s","10","9","1","1","2","10"
"OG0000224","73_3a","2","2","1","0","1","3"
"OG0000224","AL08_v2_f","2","2","1","0","1","3"
"OG0000224","al1_v2_s","2","2","1","0","1","3"
"OG0000224","AL27_v1","2","2","1","0","1","3"
"OG0000224","ALR","2","2","1","0","1","3"
"OG0000224","BAM12_v2","2","1","0","1","1","1"
"OG0000224","BOR_v1","2","2","0","0","0","2"
"OG0000224","F1-14","2","1","0","1","1","1"
"OG0000224","KN003hexa_v0","2","2","1","0","1","3"
"OG0000224","KN005_v1","2","2","1","0","1","3"
"OG0000224","KN006_v1","2","2","1","0","1","3"
"OG0000224","MN47_mabs_v3","2","2","1","0","1","3"
"OG0000224","Nla","2","1","0","1","1","1"
"OG0000224","NT1_v2","2","2","1","0","1","3"
"OG0000224","NT12_v2","2","1","0","1","1","1"
"OG0000224","NT8_v2_fix","2","1","0","1","1","1"
"OG0000224","PU6_v3_fin","2","2","1","0","1","3"
"OG0000224","TE11_v2","2","2","1","0","1","3"
"OG0000224","TE4_v1","2","1","0","1","1","1"
"OG0000224","TE8_v1","2","1","0","1","1","1"
"OG0000224","WS1_v2_s","2","2","1","0","1","3"
"OG0000228","73_3a","3","2","0","1","1","2"
"OG0000228","AL08_v2_f","3","2","0","1","1","2"
"OG0000228","al1_v2_s","3","2","0","1","1","2"
"OG0000228","AL27_v1","3","2","0","1","1","2"
"OG0000228","ALR","3","2","0","1","1","2"
"OG0000228","BAM12_v2","3","3","0","0","0","3"
"OG0000228","BOR_v1","3","3","0","0","0","3"
"OG0000228","F1-14","3","1","0","2","2","1"
"OG0000228","KN003hexa_v0","3","3","0","0","0","3"
"OG0000228","KN005_v1","3","3","0","0","0","3"
"OG0000228","KN006_v1","3","3","0","0","0","3"
"OG0000228","MN47_mabs_v3","3","3","0","0","0","3"
"OG0000228","Nla","3","2","0","1","1","2"
"OG0000228","NT1_v2","3","3","0","0","0","3"
"OG0000228","NT12_v2","3","2","0","1","1","2"
"OG0000228","NT8_v2_fix","3","3","0","0","0","3"
"OG0000228","NT9_v2","3","3","0","0","0","3"
"OG0000228","PU6_v3_fin","3","2","0","1","1","2"
"OG0000228","TE11_v2","3","3","0","0","0","3"
"OG0000228","TE4_v1","3","1","0","2","2","1"
"OG0000228","TE8_v1","3","1","0","2","2","1"
"OG0000228","WS1_v2_s","3","3","0","0","0","3"
"OG0000242","73_3a","10","9","1","1","2","10"
"OG0000242","AL08_v2_f","10","9","2","1","3","11"
"OG0000242","al1_v2_s","10","8","1","2","3","9"
"OG0000242","AL27_v1","10","8","2","2","4","10"
"OG0000242","ALR","10","9","2","1","3","11"
"OG0000242","BAM12_v2","10","10","1","0","1","11"
"OG0000242","BOR_v1","10","8","0","2","2","8"
"OG0000242","F1-14","10","10","2","0","2","13"
"OG0000242","KN003hexa_v0","10","9","2","1","3","12"
"OG0000242","KN005_v1","10","9","2","1","3","12"
"OG0000242","KN006_v1","10","9","2","1","3","12"
"OG0000242","MN47_mabs_v3","10","9","2","1","3","12"
"OG0000242","Nla","10","8","2","2","4","10"
"OG0000242","NT1_v2","10","8","2","2","4","10"
"OG0000242","NT12_v2","10","8","0","2","2","8"
"OG0000242","NT8_v2_fix","10","10","1","0","1","11"
"OG0000242","NT9_v2","10","9","0","1","1","9"
"OG0000242","PU6_v3_fin","10","9","2","1","3","11"
"OG0000242","TE11_v2","10","10","1","0","1","11"
"OG0000242","TE4_v1","10","9","1","1","2","10"
"OG0000242","TE8_v1","10","10","1","0","1","11"
"OG0000242","WS1_v2_s","10","8","2","2","4","10"
"OG0000253","73_3a","8","7","1","1","2","8"
"OG0000253","AL08_v2_f","8","7","0","1","1","7"
"OG0000253","al1_v2_s","8","7","1","1","2","8"
"OG0000253","AL27_v1","8","7","1","1","2","8"
"OG0000253","ALR","8","7","1","1","2","8"
"OG0000253","BAM12_v2","8","7","1","1","2","8"
"OG0000253","BOR_v1","8","8","0","0","0","8"
"OG0000253","F1-14","8","6","0","2","2","6"
"OG0000253","KN003hexa_v0","8","8","1","0","1","9"
"OG0000253","KN005_v1","8","8","1","0","1","9"
"OG0000253","KN006_v1","8","8","1","0","1","9"
"OG0000253","MN47_mabs_v3","8","8","1","0","1","9"
"OG0000253","Nla","8","7","0","1","1","7"
"OG0000253","NT1_v2","8","8","0","0","0","8"
"OG0000253","NT12_v2","8","7","0","1","1","7"
"OG0000253","NT8_v2_fix","8","7","1","1","2","8"
"OG0000253","NT9_v2","8","7","1","1","2","8"
"OG0000253","PU6_v3_fin","8","7","1","1","2","8"
"OG0000253","TE11_v2","8","8","0","0","0","8"
"OG0000253","TE4_v1","8","7","0","1","1","7"
"OG0000253","TE8_v1","8","8","0","0","0","8"
"OG0000253","WS1_v2_s","8","8","1","0","1","9"
"OG0000255","73_3a","14","3","0","11","11","3"
"OG0000255","AL08_v2_f","14","14","12","0","12","44"
"OG0000255","al1_v2_s","14","14","10","0","10","33"
"OG0000255","AL27_v1","14","14","13","0","13","72"
"OG0000255","ALR","14","14","10","0","10","24"
"OG0000255","BAM12_v2","14","14","11","0","11","25"
"OG0000255","BOR_v1","14","14","2","0","2","18"
"OG0000255","F1-14","14","14","11","0","11","33"
"OG0000255","KN003hexa_v0","14","14","13","0","13","62"
"OG0000255","KN005_v1","14","14","12","0","12","74"
"OG0000255","KN006_v1","14","14","13","0","13","75"
"OG0000255","MN47_mabs_v3","14","14","12","0","12","95"
"OG0000255","MN47_v4","14","5","3","9","12","10"
"OG0000255","Nla","14","14","12","0","12","56"
"OG0000255","NT1_v2","14","1","0","13","13","1"
"OG0000255","NT12_v2","14","14","13","0","13","80"
"OG0000255","NT8_v2_fix","14","14","13","0","13","95"
"OG0000255","NT9_v2","14","14","13","0","13","66"
"OG0000255","PU6_v3_fin","14","14","2","0","2","16"
"OG0000255","TE11_v2","14","14","12","0","12","38"
"OG0000255","TE4_v1","14","14","12","0","12","45"
"OG0000255","TE8_v1","14","14","3","0","3","18"
"OG0000255","WS1_v2_s","14","14","13","0","13","76"
"OG0000258","73_3a","13","13","2","0","2","15"
"OG0000258","AL08_v2_f","13","13","1","0","1","14"
"OG0000258","al1_v2_s","13","11","0","2","2","11"
"OG0000258","AL27_v1","13","12","1","1","2","13"
"OG0000258","ALR","13","13","1","0","1","14"
"OG0000258","BAM12_v2","13","11","1","2","3","12"
"OG0000258","BOR_v1","13","13","1","0","1","14"
"OG0000258","F1-14","13","13","1","0","1","14"
"OG0000258","KN003hexa_v0","13","12","1","1","2","13"
"OG0000258","KN005_v1","13","13","1","0","1","14"
"OG0000258","KN006_v1","13","13","1","0","1","14"
"OG0000258","MN47_mabs_v3","13","13","1","0","1","14"
"OG0000258","MN47_v4","13","1","0","12","12","1"
"OG0000258","Nla","13","13","2","0","2","15"
"OG0000258","NT1_v2","13","11","0","2","2","11"
"OG0000258","NT12_v2","13","11","0","2","2","11"
"OG0000258","NT8_v2_fix","13","13","1","0","1","14"
"OG0000258","NT9_v2","13","11","0","2","2","11"
"OG0000258","PU6_v3_fin","13","10","0","3","3","10"
"OG0000258","TE11_v2","13","10","0","3","3","10"
"OG0000258","TE4_v1","13","13","1","0","1","14"
"OG0000258","TE8_v1","13","12","1","1","2","13"
"OG0000258","WS1_v2_s","13","12","0","1","1","12"
"OG0000261","73_3a","5","4","1","1","2","5"
"OG0000261","AL08_v2_f","5","4","1","1","2","5"
"OG0000261","al1_v2_s","5","4","1","1","2","5"
"OG0000261","AL27_v1","5","4","1","1","2","5"
"OG0000261","ALR","5","4","1","1","2","5"
"OG0000261","BAM12_v2","5","4","1","1","2","5"
"OG0000261","BOR_v1","5","4","1","1","2","5"
"OG0000261","F1-14","5","5","1","0","1","6"
"OG0000261","KN003hexa_v0","5","5","1","0","1","6"
"OG0000261","KN005_v1","5","5","1","0","1","6"
"OG0000261","KN006_v1","5","5","1","0","1","6"
"OG0000261","MN47_mabs_v3","5","5","1","0","1","6"
"OG0000261","MN47_v4","5","2","0","3","3","2"
"OG0000261","Nla","5","4","1","1","2","5"
"OG0000261","NT1_v2","5","5","1","0","1","6"
"OG0000261","NT12_v2","5","5","1","0","1","6"
"OG0000261","NT8_v2_fix","5","4","1","1","2","5"
"OG0000261","NT9_v2","5","4","1","1","2","5"
"OG0000261","PU6_v3_fin","5","5","1","0","1","6"
"OG0000261","TE11_v2","5","5","1","0","1","6"
"OG0000261","TE4_v1","5","5","1","0","1","6"
"OG0000261","TE8_v1","5","5","1","0","1","6"
"OG0000261","WS1_v2_s","5","4","1","1","2","5"
"OG0000264","73_3a","7","7","3","0","3","10"
"OG0000264","AL08_v2_f","7","7","3","0","3","12"
"OG0000264","al1_v2_s","7","7","3","0","3","10"
"OG0000264","AL27_v1","7","7","3","0","3","11"
"OG0000264","ALR","7","7","3","0","3","11"
"OG0000264","BAM12_v2","7","6","2","1","3","9"
"OG0000264","BOR_v1","7","7","3","0","3","12"
"OG0000264","F1-14","7","7","3","0","3","10"
"OG0000264","KN003hexa_v0","7","7","2","0","2","9"
"OG0000264","KN005_v1","7","7","2","0","2","9"
"OG0000264","KN006_v1","7","7","2","0","2","9"
"OG0000264","MN47_mabs_v3","7","7","2","0","2","9"
"OG0000264","Nla","7","7","3","0","3","11"
"OG0000264","NT1_v2","7","6","2","1","3","8"
"OG0000264","NT12_v2","7","6","2","1","3","9"
"OG0000264","NT8_v2_fix","7","6","3","1","4","9"
"OG0000264","NT9_v2","7","6","2","1","3","9"
"OG0000264","PU6_v3_fin","7","5","1","2","3","6"
"OG0000264","TE11_v2","7","6","3","1","4","9"
"OG0000264","TE4_v1","7","7","3","0","3","11"
"OG0000264","TE8_v1","7","7","3","0","3","11"
"OG0000264","WS1_v2_s","7","6","2","1","3","8"
"OG0000266","73_3a","9","4","0","5","5","4"
"OG0000266","AL08_v2_f","9","4","0","5","5","4"
"OG0000266","al1_v2_s","9","4","0","5","5","4"
"OG0000266","AL27_v1","9","4","1","5","6","5"
"OG0000266","ALR","9","4","0","5","5","4"
"OG0000266","BAM12_v2","9","7","0","2","2","7"
"OG0000266","BOR_v1","9","6","0","3","3","6"
"OG0000266","F1-14","9","5","0","4","4","5"
"OG0000266","KN003hexa_v0","9","5","0","4","4","5"
"OG0000266","KN005_v1","9","5","0","4","4","5"
"OG0000266","KN006_v1","9","6","0","3","3","6"
"OG0000266","MN47_mabs_v3","9","8","1","1","2","9"
"OG0000266","Nla","9","4","0","5","5","4"
"OG0000266","NT1_v2","9","6","0","3","3","6"
"OG0000266","NT12_v2","9","4","0","5","5","4"
"OG0000266","NT8_v2_fix","9","3","0","6","6","3"
"OG0000266","NT9_v2","9","6","0","3","3","6"
"OG0000266","PU6_v3_fin","9","4","0","5","5","4"
"OG0000266","TE11_v2","9","3","0","6","6","3"
"OG0000266","TE4_v1","9","4","0","5","5","4"
"OG0000266","TE8_v1","9","5","0","4","4","5"
"OG0000266","WS1_v2_s","9","4","0","5","5","4"
"OG0000269","73_3a","2","2","0","0","0","2"
"OG0000269","AL08_v2_f","2","1","0","1","1","1"
"OG0000269","al1_v2_s","2","1","0","1","1","1"
"OG0000269","AL27_v1","2","1","0","1","1","1"
"OG0000269","ALR","2","1","0","1","1","1"
"OG0000269","BAM12_v2","2","1","0","1","1","1"
"OG0000269","BOR_v1","2","1","0","1","1","1"
"OG0000269","F1-14","2","2","0","0","0","2"
"OG0000269","KN003hexa_v0","2","2","0","0","0","2"
"OG0000269","KN005_v1","2","2","0","0","0","2"
"OG0000269","KN006_v1","2","2","0","0","0","2"
"OG0000269","MN47_mabs_v3","2","2","0","0","0","2"
"OG0000269","Nla","2","2","0","0","0","2"
"OG0000269","NT1_v2","2","1","0","1","1","1"
"OG0000269","NT12_v2","2","1","0","1","1","1"
"OG0000269","NT8_v2_fix","2","1","0","1","1","1"
"OG0000269","NT9_v2","2","1","0","1","1","1"
"OG0000269","PU6_v3_fin","2","1","0","1","1","1"
"OG0000269","TE11_v2","2","2","0","0","0","2"
"OG0000269","TE4_v1","2","1","0","1","1","1"
"OG0000269","TE8_v1","2","2","0","0","0","2"
"OG0000269","WS1_v2_s","2","2","0","0","0","2"
"OG0000271","73_3a","3","3","0","0","0","3"
"OG0000271","AL08_v2_f","3","3","0","0","0","3"
"OG0000271","al1_v2_s","3","3","0","0","0","3"
"OG0000271","AL27_v1","3","3","0","0","0","3"
"OG0000271","ALR","3","3","0","0","0","3"
"OG0000271","BAM12_v2","3","3","0","0","0","3"
"OG0000271","BOR_v1","3","3","0","0","0","3"
"OG0000271","F1-14","3","3","0","0","0","3"
"OG0000271","KN003hexa_v0","3","3","0","0","0","3"
"OG0000271","KN005_v1","3","3","0","0","0","3"
"OG0000271","KN006_v1","3","3","0","0","0","3"
"OG0000271","MN47_mabs_v3","3","3","0","0","0","3"
"OG0000271","Nla","3","3","1","0","1","4"
"OG0000271","NT1_v2","3","3","0","0","0","3"
"OG0000271","NT12_v2","3","3","0","0","0","3"
"OG0000271","NT8_v2_fix","3","3","0","0","0","3"
"OG0000271","NT9_v2","3","3","0","0","0","3"
"OG0000271","PU6_v3_fin","3","3","1","0","1","4"
"OG0000271","TE11_v2","3","3","0","0","0","3"
"OG0000271","TE4_v1","3","3","0","0","0","3"
"OG0000271","TE8_v1","3","3","0","0","0","3"
"OG0000271","WS1_v2_s","3","3","0","0","0","3"
"OG0000272","73_3a","1","1","0","0","0","1"
"OG0000272","AL08_v2_f","1","1","0","0","0","1"
"OG0000272","al1_v2_s","1","1","0","0","0","1"
"OG0000272","AL27_v1","1","1","0","0","0","1"
"OG0000272","ALR","1","1","0","0","0","1"
"OG0000272","BAM12_v2","1","1","0","0","0","1"
"OG0000272","BOR_v1","1","1","0","0","0","1"
"OG0000272","F1-14","1","1","0","0","0","1"
"OG0000272","KN003hexa_v0","1","1","0","0","0","1"
"OG0000272","KN005_v1","1","1","0","0","0","1"
"OG0000272","KN006_v1","1","1","0","0","0","1"
"OG0000272","MN47_mabs_v3","1","1","0","0","0","1"
"OG0000272","Nla","1","1","0","0","0","1"
"OG0000272","NT1_v2","1","1","0","0","0","1"
"OG0000272","NT12_v2","1","1","0","0","0","1"
"OG0000272","NT8_v2_fix","1","1","0","0","0","1"
"OG0000272","NT9_v2","1","1","0","0","0","1"
"OG0000272","PU6_v3_fin","1","1","0","0","0","1"
"OG0000272","TE11_v2","1","1","0","0","0","1"
"OG0000272","TE4_v1","1","1","0","0","0","1"
"OG0000272","TE8_v1","1","1","0","0","0","1"
"OG0000272","WS1_v2_s","1","1","0","0","0","1"
"OG0000276","73_3a","7","6","1","1","2","7"
"OG0000276","AL08_v2_f","7","5","0","2","2","5"
"OG0000276","al1_v2_s","7","7","3","0","3","11"
"OG0000276","AL27_v1","7","7","2","0","2","10"
"OG0000276","ALR","7","5","0","2","2","5"
"OG0000276","BAM12_v2","7","6","2","1","3","9"
"OG0000276","BOR_v1","7","4","0","3","3","4"
"OG0000276","F1-14","7","6","0","1","1","6"
"OG0000276","KN003hexa_v0","7","7","3","0","3","11"
"OG0000276","KN005_v1","7","7","2","0","2","10"
"OG0000276","KN006_v1","7","7","2","0","2","10"
"OG0000276","MN47_mabs_v3","7","7","2","0","2","10"
"OG0000276","MN47_v4","7","1","0","6","6","1"
"OG0000276","Nla","7","6","0","1","1","6"
"OG0000276","NT1_v2","7","6","3","1","4","12"
"OG0000276","NT12_v2","7","4","0","3","3","4"
"OG0000276","NT8_v2_fix","7","7","3","0","3","11"
"OG0000276","NT9_v2","7","4","0","3","3","4"
"OG0000276","PU6_v3_fin","7","7","0","0","0","7"
"OG0000276","TE11_v2","7","3","0","4","4","3"
"OG0000276","TE4_v1","7","5","0","2","2","5"
"OG0000276","TE8_v1","7","5","0","2","2","5"
"OG0000276","WS1_v2_s","7","7","2","0","2","10"
"OG0000297","73_3a","3","2","0","1","1","2"
"OG0000297","AL08_v2_f","3","2","0","1","1","2"
"OG0000297","al1_v2_s","3","2","0","1","1","2"
"OG0000297","AL27_v1","3","2","0","1","1","2"
"OG0000297","ALR","3","2","0","1","1","2"
"OG0000297","BAM12_v2","3","3","0","0","0","3"
"OG0000297","BOR_v1","3","2","0","1","1","2"
"OG0000297","F1-14","3","2","0","1","1","2"
"OG0000297","KN003hexa_v0","3","3","0","0","0","3"
"OG0000297","KN005_v1","3","3","0","0","0","3"
"OG0000297","KN006_v1","3","3","0","0","0","3"
"OG0000297","MN47_mabs_v3","3","3","0","0","0","3"
"OG0000297","Nla","3","2","0","1","1","2"
"OG0000297","NT1_v2","3","3","0","0","0","3"
"OG0000297","NT12_v2","3","3","0","0","0","3"
"OG0000297","NT8_v2_fix","3","3","0","0","0","3"
"OG0000297","NT9_v2","3","3","0","0","0","3"
"OG0000297","PU6_v3_fin","3","3","0","0","0","3"
"OG0000297","TE11_v2","3","2","0","1","1","2"
"OG0000297","TE4_v1","3","2","0","1","1","2"
"OG0000297","TE8_v1","3","3","0","0","0","3"
"OG0000297","WS1_v2_s","3","2","0","1","1","2"
"OG0000298","73_3a","5","5","0","0","0","5"
"OG0000298","AL08_v2_f","5","5","0","0","0","5"
"OG0000298","al1_v2_s","5","5","0","0","0","5"
"OG0000298","AL27_v1","5","5","0","0","0","5"
"OG0000298","ALR","5","5","0","0","0","5"
"OG0000298","BAM12_v2","5","5","0","0","0","5"
"OG0000298","BOR_v1","5","5","0","0","0","5"
"OG0000298","F1-14","5","5","0","0","0","5"
"OG0000298","KN003hexa_v0","5","5","0","0","0","5"
"OG0000298","KN005_v1","5","5","0","0","0","5"
"OG0000298","KN006_v1","5","5","0","0","0","5"
"OG0000298","MN47_mabs_v3","5","5","0","0","0","5"
"OG0000298","Nla","5","5","0","0","0","5"
"OG0000298","NT1_v2","5","5","0","0","0","5"
"OG0000298","NT12_v2","5","5","0","0","0","5"
"OG0000298","NT8_v2_fix","5","5","0","0","0","5"
"OG0000298","NT9_v2","5","5","0","0","0","5"
"OG0000298","PU6_v3_fin","5","5","0","0","0","5"
"OG0000298","TE11_v2","5","5","0","0","0","5"
"OG0000298","TE4_v1","5","5","0","0","0","5"
"OG0000298","TE8_v1","5","5","0","0","0","5"
"OG0000298","WS1_v2_s","5","5","0","0","0","5"
"OG0000299","73_3a","14","11","0","3","3","11"
"OG0000299","AL08_v2_f","14","12","0","2","2","12"
"OG0000299","al1_v2_s","14","11","1","3","4","12"
"OG0000299","AL27_v1","14","12","0","2","2","12"
"OG0000299","ALR","14","13","1","1","2","14"
"OG0000299","BAM12_v2","14","13","0","1","1","13"
"OG0000299","BOR_v1","14","12","0","2","2","12"
"OG0000299","F1-14","14","12","0","2","2","12"
"OG0000299","KN003hexa_v0","14","14","0","0","0","14"
"OG0000299","KN005_v1","14","14","0","0","0","14"
"OG0000299","KN006_v1","14","13","0","1","1","13"
"OG0000299","MN47_mabs_v3","14","14","1","0","1","15"
"OG0000299","MN47_v4","14","3","0","11","11","3"
"OG0000299","Nla","14","13","0","1","1","13"
"OG0000299","NT1_v2","14","14","1","0","1","15"
"OG0000299","NT12_v2","14","13","0","1","1","13"
"OG0000299","NT8_v2_fix","14","13","0","1","1","13"
"OG0000299","NT9_v2","14","11","0","3","3","11"
"OG0000299","PU6_v3_fin","14","12","1","2","3","13"
"OG0000299","TE11_v2","14","12","0","2","2","12"
"OG0000299","TE4_v1","14","13","0","1","1","13"
"OG0000299","TE8_v1","14","13","0","1","1","13"
"OG0000299","WS1_v2_s","14","10","1","4","5","11"
"OG0000319","73_3a","2","1","0","1","1","1"
"OG0000319","AL08_v2_f","2","1","0","1","1","1"
"OG0000319","al1_v2_s","2","2","0","0","0","2"
"OG0000319","AL27_v1","2","2","0","0","0","2"
"OG0000319","ALR","2","2","0","0","0","2"
"OG0000319","BAM12_v2","2","2","0","0","0","2"
"OG0000319","BOR_v1","2","1","0","1","1","1"
"OG0000319","F1-14","2","2","0","0","0","2"
"OG0000319","KN003hexa_v0","2","2","0","0","0","2"
"OG0000319","KN005_v1","2","2","0","0","0","2"
"OG0000319","KN006_v1","2","2","0","0","0","2"
"OG0000319","MN47_mabs_v3","2","2","0","0","0","2"
"OG0000319","Nla","2","2","0","0","0","2"
"OG0000319","NT1_v2","2","1","0","1","1","1"
"OG0000319","NT12_v2","2","1","0","1","1","1"
"OG0000319","NT8_v2_fix","2","1","0","1","1","1"
"OG0000319","NT9_v2","2","1","0","1","1","1"
"OG0000319","PU6_v3_fin","2","1","0","1","1","1"
"OG0000319","TE11_v2","2","1","0","1","1","1"
"OG0000319","TE4_v1","2","1","0","1","1","1"
"OG0000319","TE8_v1","2","1","0","1","1","1"
"OG0000319","WS1_v2_s","2","2","0","0","0","2"
"OG0000320","73_3a","2","1","0","1","1","1"
"OG0000320","AL08_v2_f","2","2","0","0","0","2"
"OG0000320","al1_v2_s","2","1","0","1","1","1"
"OG0000320","AL27_v1","2","1","0","1","1","1"
"OG0000320","ALR","2","1","0","1","1","1"
"OG0000320","BAM12_v2","2","2","0","0","0","2"
"OG0000320","BOR_v1","2","2","0","0","0","2"
"OG0000320","F1-14","2","2","0","0","0","2"
"OG0000320","KN003hexa_v0","2","2","0","0","0","2"
"OG0000320","KN005_v1","2","2","0","0","0","2"
"OG0000320","KN006_v1","2","1","0","1","1","1"
"OG0000320","MN47_mabs_v3","2","2","0","0","0","2"
"OG0000320","Nla","2","1","0","1","1","1"
"OG0000320","NT1_v2","2","2","0","0","0","2"
"OG0000320","NT12_v2","2","2","0","0","0","2"
"OG0000320","NT8_v2_fix","2","2","0","0","0","2"
"OG0000320","NT9_v2","2","2","0","0","0","2"
"OG0000320","PU6_v3_fin","2","2","0","0","0","2"
"OG0000320","TE11_v2","2","2","0","0","0","2"
"OG0000320","TE4_v1","2","1","0","1","1","1"
"OG0000320","TE8_v1","2","2","0","0","0","2"
"OG0000320","WS1_v2_s","2","2","0","0","0","2"
"OG0000325","73_3a","3","3","1","0","1","4"
"OG0000325","AL08_v2_f","3","3","1","0","1","4"
"OG0000325","al1_v2_s","3","3","1","0","1","4"
"OG0000325","AL27_v1","3","3","1","0","1","4"
"OG0000325","ALR","3","3","1","0","1","4"
"OG0000325","BAM12_v2","3","3","1","0","1","4"
"OG0000325","BOR_v1","3","3","1","0","1","4"
"OG0000325","F1-14","3","3","1","0","1","4"
"OG0000325","KN003hexa_v0","3","3","1","0","1","4"
"OG0000325","KN005_v1","3","3","1","0","1","4"
"OG0000325","KN006_v1","3","2","1","1","2","3"
"OG0000325","MN47_mabs_v3","3","3","1","0","1","4"
"OG0000325","Nla","3","3","1","0","1","4"
"OG0000325","NT1_v2","3","3","1","0","1","4"
"OG0000325","NT12_v2","3","3","1","0","1","4"
"OG0000325","NT8_v2_fix","3","2","0","1","1","2"
"OG0000325","NT9_v2","3","3","1","0","1","4"
"OG0000325","PU6_v3_fin","3","3","1","0","1","4"
"OG0000325","TE11_v2","3","3","0","0","0","3"
"OG0000325","TE4_v1","3","3","1","0","1","4"
"OG0000325","TE8_v1","3","3","0","0","0","3"
"OG0000325","WS1_v2_s","3","3","1","0","1","4"
"OG0000329","al1_v2_s","1","1","0","0","0","1"
"OG0000329","BAM12_v2","1","1","0","0","0","1"
"OG0000329","MN47_mabs_v3","1","1","0","0","0","1"
"OG0000329","NT1_v2","1","1","0","0","0","1"
"OG0000329","NT12_v2","1","1","0","0","0","1"
"OG0000329","NT8_v2_fix","1","1","0","0","0","1"
"OG0000329","NT9_v2","1","1","0","0","0","1"
"OG0000329","TE11_v2","1","1","0","0","0","1"
"OG0000329","TE4_v1","1","1","0","0","0","1"
"OG0000329","TE8_v1","1","1","0","0","0","1"
"OG0000329","WS1_v2_s","1","1","0","0","0","1"
"OG0000338","73_3a","12","12","2","0","2","14"
"OG0000338","AL08_v2_f","12","11","2","1","3","13"
"OG0000338","al1_v2_s","12","12","1","0","1","13"
"OG0000338","AL27_v1","12","12","2","0","2","14"
"OG0000338","ALR","12","12","2","0","2","14"
"OG0000338","BAM12_v2","12","12","2","0","2","14"
"OG0000338","BOR_v1","12","12","2","0","2","14"
"OG0000338","F1-14","12","11","2","1","3","13"
"OG0000338","KN003hexa_v0","12","12","2","0","2","14"
"OG0000338","KN005_v1","12","11","2","1","3","13"
"OG0000338","KN006_v1","12","12","2","0","2","14"
"OG0000338","MN47_mabs_v3","12","12","2","0","2","14"
"OG0000338","MN47_v4","12","1","0","11","11","1"
"OG0000338","Nla","12","12","2","0","2","14"
"OG0000338","NT1_v2","12","11","2","1","3","13"
"OG0000338","NT12_v2","12","12","2","0","2","14"
"OG0000338","NT8_v2_fix","12","12","2","0","2","14"
"OG0000338","NT9_v2","12","11","2","1","3","13"
"OG0000338","PU6_v3_fin","12","12","2","0","2","14"
"OG0000338","TE11_v2","12","12","2","0","2","14"
"OG0000338","TE4_v1","12","11","2","1","3","13"
"OG0000338","TE8_v1","12","11","2","1","3","13"
"OG0000338","WS1_v2_s","12","11","2","1","3","13"
"OG0000339","73_3a","11","11","0","0","0","11"
"OG0000339","AL08_v2_f","11","11","0","0","0","11"
"OG0000339","al1_v2_s","11","10","0","1","1","10"
"OG0000339","AL27_v1","11","11","0","0","0","11"
"OG0000339","ALR","11","9","0","2","2","9"
"OG0000339","BAM12_v2","11","10","0","1","1","10"
"OG0000339","BOR_v1","11","9","0","2","2","9"
"OG0000339","F1-14","11","11","0","0","0","11"
"OG0000339","KN003hexa_v0","11","11","0","0","0","11"
"OG0000339","KN005_v1","11","10","0","1","1","10"
"OG0000339","KN006_v1","11","10","0","1","1","10"
"OG0000339","MN47_mabs_v3","11","11","0","0","0","11"
"OG0000339","Nla","11","8","0","3","3","8"
"OG0000339","NT1_v2","11","10","0","1","1","10"
"OG0000339","NT12_v2","11","9","0","2","2","9"
"OG0000339","NT8_v2_fix","11","9","0","2","2","9"
"OG0000339","NT9_v2","11","9","0","2","2","9"
"OG0000339","PU6_v3_fin","11","8","0","3","3","8"
"OG0000339","TE11_v2","11","10","0","1","1","10"
"OG0000339","TE4_v1","11","8","0","3","3","8"
"OG0000339","TE8_v1","11","9","0","2","2","9"
"OG0000339","WS1_v2_s","11","9","0","2","2","9"
"OG0000343","73_3a","8","6","1","2","3","7"
"OG0000343","AL08_v2_f","8","5","1","3","4","6"
"OG0000343","al1_v2_s","8","4","1","4","5","5"
"OG0000343","AL27_v1","8","7","2","1","3","11"
"OG0000343","ALR","8","7","1","1","2","8"
"OG0000343","BAM12_v2","8","6","0","2","2","6"
"OG0000343","BOR_v1","8","5","1","3","4","6"
"OG0000343","F1-14","8","5","1","3","4","6"
"OG0000343","KN003hexa_v0","8","7","0","1","1","7"
"OG0000343","KN005_v1","8","6","0","2","2","6"
"OG0000343","KN006_v1","8","6","1","2","3","7"
"OG0000343","MN47_mabs_v3","8","8","2","0","2","10"
"OG0000343","MN47_v4","8","1","0","7","7","1"
"OG0000343","Nla","8","5","0","3","3","5"
"OG0000343","NT1_v2","8","6","0","2","2","6"
"OG0000343","NT12_v2","8","7","1","1","2","8"
"OG0000343","NT8_v2_fix","8","5","0","3","3","5"
"OG0000343","NT9_v2","8","6","1","2","3","7"
"OG0000343","PU6_v3_fin","8","5","0","3","3","5"
"OG0000343","TE11_v2","8","4","0","4","4","4"
"OG0000343","TE4_v1","8","5","1","3","4","6"
"OG0000343","TE8_v1","8","4","0","4","4","4"
"OG0000343","WS1_v2_s","8","7","2","1","3","11"
"OG0000347","73_3a","14","13","6","1","7","20"
"OG0000347","AL08_v2_f","14","13","6","1","7","35"
"OG0000347","al1_v2_s","14","13","6","1","7","36"
"OG0000347","AL27_v1","14","14","6","0","6","33"
"OG0000347","ALR","14","13","6","1","7","32"
"OG0000347","BAM12_v2","14","12","6","2","8","37"
"OG0000347","BOR_v1","14","14","6","0","6","29"
"OG0000347","F1-14","14","13","6","1","7","37"
"OG0000347","KN003hexa_v0","14","13","6","1","7","19"
"OG0000347","KN005_v1","14","14","6","0","6","27"
"OG0000347","KN006_v1","14","14","6","0","6","39"
"OG0000347","MN47_mabs_v3","14","14","7","0","7","36"
"OG0000347","Nla","14","13","6","1","7","24"
"OG0000347","NT1_v2","14","12","6","2","8","23"
"OG0000347","NT12_v2","14","12","6","2","8","36"
"OG0000347","NT8_v2_fix","14","12","6","2","8","27"
"OG0000347","NT9_v2","14","11","6","3","9","35"
"OG0000347","PU6_v3_fin","14","14","6","0","6","38"
"OG0000347","TE11_v2","14","14","6","0","6","39"
"OG0000347","TE4_v1","14","14","6","0","6","39"
"OG0000347","TE8_v1","14","13","6","1","7","36"
"OG0000347","WS1_v2_s","14","13","6","1","7","38"
"OG0000348","73_3a","5","5","0","0","0","5"
"OG0000348","AL08_v2_f","5","5","0","0","0","5"
"OG0000348","al1_v2_s","5","3","0","2","2","3"
"OG0000348","AL27_v1","5","3","0","2","2","3"
"OG0000348","ALR","5","4","0","1","1","4"
"OG0000348","BAM12_v2","5","4","0","1","1","4"
"OG0000348","BOR_v1","5","4","0","1","1","4"
"OG0000348","F1-14","5","5","0","0","0","5"
"OG0000348","KN003hexa_v0","5","5","0","0","0","5"
"OG0000348","KN005_v1","5","5","0","0","0","5"
"OG0000348","KN006_v1","5","5","0","0","0","5"
"OG0000348","MN47_mabs_v3","5","5","0","0","0","5"
"OG0000348","Nla","5","4","0","1","1","4"
"OG0000348","NT1_v2","5","3","0","2","2","3"
"OG0000348","NT12_v2","5","4","0","1","1","4"
"OG0000348","NT8_v2_fix","5","5","0","0","0","5"
"OG0000348","NT9_v2","5","5","0","0","0","5"
"OG0000348","PU6_v3_fin","5","5","0","0","0","5"
"OG0000348","TE11_v2","5","4","0","1","1","4"
"OG0000348","TE4_v1","5","5","0","0","0","5"
"OG0000348","TE8_v1","5","5","0","0","0","5"
"OG0000348","WS1_v2_s","5","5","0","0","0","5"
"OG0000360","73_3a","8","6","0","2","2","6"
"OG0000360","AL08_v2_f","8","7","0","1","1","7"
"OG0000360","al1_v2_s","8","7","0","1","1","7"
"OG0000360","AL27_v1","8","7","0","1","1","7"
"OG0000360","ALR","8","7","0","1","1","7"
"OG0000360","BAM12_v2","8","7","0","1","1","7"
"OG0000360","BOR_v1","8","7","0","1","1","7"
"OG0000360","F1-14","8","7","0","1","1","7"
"OG0000360","KN003hexa_v0","8","8","0","0","0","8"
"OG0000360","KN005_v1","8","8","0","0","0","8"
"OG0000360","KN006_v1","8","7","0","1","1","7"
"OG0000360","MN47_mabs_v3","8","8","0","0","0","8"
"OG0000360","Nla","8","7","0","1","1","7"
"OG0000360","NT1_v2","8","6","0","2","2","6"
"OG0000360","NT12_v2","8","7","0","1","1","7"
"OG0000360","NT8_v2_fix","8","7","0","1","1","7"
"OG0000360","NT9_v2","8","7","0","1","1","7"
"OG0000360","PU6_v3_fin","8","7","0","1","1","7"
"OG0000360","TE11_v2","8","7","0","1","1","7"
"OG0000360","TE4_v1","8","6","0","2","2","6"
"OG0000360","TE8_v1","8","5","0","3","3","5"
"OG0000360","WS1_v2_s","8","7","0","1","1","7"
"OG0000361","73_3a","10","10","1","0","1","11"
"OG0000361","AL08_v2_f","10","10","2","0","2","12"
"OG0000361","al1_v2_s","10","8","1","2","3","9"
"OG0000361","AL27_v1","10","10","1","0","1","11"
"OG0000361","ALR","10","10","1","0","1","11"
"OG0000361","BAM12_v2","10","10","1","0","1","11"
"OG0000361","BOR_v1","10","10","1","0","1","11"
"OG0000361","F1-14","10","10","1","0","1","11"
"OG0000361","KN003hexa_v0","10","10","2","0","2","13"
"OG0000361","KN005_v1","10","10","2","0","2","13"
"OG0000361","KN006_v1","10","10","2","0","2","12"
"OG0000361","MN47_mabs_v3","10","10","2","0","2","13"
"OG0000361","MN47_v4","10","2","0","8","8","2"
"OG0000361","Nla","10","10","1","0","1","11"
"OG0000361","NT1_v2","10","10","0","0","0","10"
"OG0000361","NT12_v2","10","9","1","1","2","10"
"OG0000361","NT8_v2_fix","10","9","0","1","1","9"
"OG0000361","NT9_v2","10","10","1","0","1","11"
"OG0000361","PU6_v3_fin","10","9","2","1","3","11"
"OG0000361","TE11_v2","10","10","1","0","1","11"
"OG0000361","TE4_v1","10","10","2","0","2","12"
"OG0000361","TE8_v1","10","10","2","0","2","12"
"OG0000361","WS1_v2_s","10","10","0","0","0","10"
"OG0000367","73_3a","5","4","0","1","1","4"
"OG0000367","AL08_v2_f","5","4","0","1","1","4"
"OG0000367","al1_v2_s","5","3","1","2","3","4"
"OG0000367","AL27_v1","5","4","0","1","1","4"
"OG0000367","ALR","5","4","0","1","1","4"
"OG0000367","BAM12_v2","5","4","1","1","2","5"
"OG0000367","BOR_v1","5","4","0","1","1","4"
"OG0000367","F1-14","5","3","0","2","2","3"
"OG0000367","KN003hexa_v0","5","5","0","0","0","5"
"OG0000367","KN005_v1","5","5","0","0","0","5"
"OG0000367","KN006_v1","5","4","0","1","1","4"
"OG0000367","MN47_mabs_v3","5","5","0","0","0","5"
"OG0000367","Nla","5","4","0","1","1","4"
"OG0000367","NT1_v2","5","4","0","1","1","4"
"OG0000367","NT12_v2","5","3","1","2","3","4"
"OG0000367","NT8_v2_fix","5","4","1","1","2","5"
"OG0000367","NT9_v2","5","4","0","1","1","4"
"OG0000367","PU6_v3_fin","5","4","1","1","2","5"
"OG0000367","TE11_v2","5","4","1","1","2","5"
"OG0000367","TE4_v1","5","4","1","1","2","5"
"OG0000367","TE8_v1","5","4","1","1","2","5"
"OG0000367","WS1_v2_s","5","4","0","1","1","4"
"OG0000372","73_3a","5","5","0","0","0","5"
"OG0000372","AL08_v2_f","5","5","0","0","0","5"
"OG0000372","al1_v2_s","5","5","0","0","0","5"
"OG0000372","AL27_v1","5","5","0","0","0","5"
"OG0000372","ALR","5","5","0","0","0","5"
"OG0000372","BAM12_v2","5","5","0","0","0","5"
"OG0000372","BOR_v1","5","5","0","0","0","5"
"OG0000372","F1-14","5","5","0","0","0","5"
"OG0000372","KN003hexa_v0","5","5","0","0","0","5"
"OG0000372","KN005_v1","5","5","0","0","0","5"
"OG0000372","KN006_v1","5","5","0","0","0","5"
"OG0000372","MN47_mabs_v3","5","5","0","0","0","5"
"OG0000372","Nla","5","5","0","0","0","5"
"OG0000372","NT1_v2","5","5","0","0","0","5"
"OG0000372","NT12_v2","5","5","0","0","0","5"
"OG0000372","NT8_v2_fix","5","5","0","0","0","5"
"OG0000372","NT9_v2","5","4","0","1","1","4"
"OG0000372","PU6_v3_fin","5","5","0","0","0","5"
"OG0000372","TE11_v2","5","5","0","0","0","5"
"OG0000372","TE4_v1","5","4","0","1","1","4"
"OG0000372","TE8_v1","5","5","0","0","0","5"
"OG0000372","WS1_v2_s","5","5","0","0","0","5"
"OG0000375","73_3a","1","1","0","0","0","1"
"OG0000375","AL08_v2_f","1","1","0","0","0","1"
"OG0000375","al1_v2_s","1","1","0","0","0","1"
"OG0000375","AL27_v1","1","1","0","0","0","1"
"OG0000375","ALR","1","1","0","0","0","1"
"OG0000375","BAM12_v2","1","1","0","0","0","1"
"OG0000375","BOR_v1","1","1","0","0","0","1"
"OG0000375","F1-14","1","1","0","0","0","1"
"OG0000375","KN003hexa_v0","1","1","0","0","0","1"
"OG0000375","KN005_v1","1","1","0","0","0","1"
"OG0000375","KN006_v1","1","1","0","0","0","1"
"OG0000375","MN47_mabs_v3","1","1","0","0","0","1"
"OG0000375","MN47_v4","1","1","0","0","0","1"
"OG0000375","Nla","1","1","0","0","0","1"
"OG0000375","NT1_v2","1","1","0","0","0","1"
"OG0000375","NT12_v2","1","1","0","0","0","1"
"OG0000375","NT8_v2_fix","1","1","0","0","0","1"
"OG0000375","NT9_v2","1","1","0","0","0","1"
"OG0000375","PU6_v3_fin","1","1","0","0","0","1"
"OG0000375","TE11_v2","1","1","0","0","0","1"
"OG0000375","TE4_v1","1","1","0","0","0","1"
"OG0000375","TE8_v1","1","1","0","0","0","1"
"OG0000375","WS1_v2_s","1","1","0","0","0","1"
"OG0000382","73_3a","8","8","0","0","0","8"
"OG0000382","AL08_v2_f","8","8","0","0","0","8"
"OG0000382","al1_v2_s","8","8","0","0","0","8"
"OG0000382","AL27_v1","8","8","0","0","0","8"
"OG0000382","ALR","8","8","0","0","0","8"
"OG0000382","BAM12_v2","8","8","0","0","0","8"
"OG0000382","BOR_v1","8","8","0","0","0","8"
"OG0000382","F1-14","8","8","0","0","0","8"
"OG0000382","KN003hexa_v0","8","7","0","1","1","7"
"OG0000382","KN005_v1","8","8","0","0","0","8"
"OG0000382","KN006_v1","8","7","0","1","1","7"
"OG0000382","MN47_mabs_v3","8","8","0","0","0","8"
"OG0000382","MN47_v4","8","2","0","6","6","2"
"OG0000382","Nla","8","8","0","0","0","8"
"OG0000382","NT1_v2","8","8","0","0","0","8"
"OG0000382","NT12_v2","8","8","0","0","0","8"
"OG0000382","NT8_v2_fix","8","7","0","1","1","7"
"OG0000382","NT9_v2","8","8","0","0","0","8"
"OG0000382","PU6_v3_fin","8","6","0","2","2","6"
"OG0000382","TE11_v2","8","7","0","1","1","7"
"OG0000382","TE4_v1","8","7","0","1","1","7"
"OG0000382","TE8_v1","8","8","0","0","0","8"
"OG0000382","WS1_v2_s","8","7","0","1","1","7"
"OG0000384","73_3a","12","11","2","1","3","16"
"OG0000384","AL08_v2_f","12","7","3","5","8","11"
"OG0000384","al1_v2_s","12","8","3","4","7","16"
"OG0000384","AL27_v1","12","12","9","0","9","40"
"OG0000384","ALR","12","11","2","1","3","19"
"OG0000384","BAM12_v2","12","10","8","2","10","29"
"OG0000384","BOR_v1","12","12","10","0","10","33"
"OG0000384","F1-14","12","11","9","1","10","26"
"OG0000384","KN003hexa_v0","12","11","10","1","11","43"
"OG0000384","KN005_v1","12","11","9","1","10","36"
"OG0000384","KN006_v1","12","11","10","1","11","49"
"OG0000384","MN47_mabs_v3","12","12","10","0","10","61"
"OG0000384","MN47_v4","12","8","8","4","12","27"
"OG0000384","Nla","12","11","7","1","8","25"
"OG0000384","NT1_v2","12","11","9","1","10","28"
"OG0000384","NT12_v2","12","12","10","0","10","43"
"OG0000384","NT8_v2_fix","12","12","8","0","8","33"
"OG0000384","NT9_v2","12","11","10","1","11","37"
"OG0000384","PU6_v3_fin","12","11","9","1","10","35"
"OG0000384","TE11_v2","12","8","6","4","10","21"
"OG0000384","TE4_v1","12","12","2","0","2","20"
"OG0000384","TE8_v1","12","12","5","0","5","24"
"OG0000384","WS1_v2_s","12","11","7","1","8","23"
"OG0000385","73_3a","1","1","0","0","0","1"
"OG0000385","AL08_v2_f","1","1","0","0","0","1"
"OG0000385","al1_v2_s","1","1","0","0","0","1"
"OG0000385","AL27_v1","1","1","0","0","0","1"
"OG0000385","ALR","1","1","0","0","0","1"
"OG0000385","BAM12_v2","1","1","0","0","0","1"
"OG0000385","BOR_v1","1","1","0","0","0","1"
"OG0000385","F1-14","1","1","0","0","0","1"
"OG0000385","KN005_v1","1","1","0","0","0","1"
"OG0000385","KN006_v1","1","1","0","0","0","1"
"OG0000385","MN47_mabs_v3","1","1","0","0","0","1"
"OG0000385","Nla","1","1","0","0","0","1"
"OG0000385","NT12_v2","1","1","0","0","0","1"
"OG0000385","NT8_v2_fix","1","1","0","0","0","1"
"OG0000385","NT9_v2","1","1","0","0","0","1"
"OG0000385","PU6_v3_fin","1","1","0","0","0","1"
"OG0000385","TE11_v2","1","1","0","0","0","1"
"OG0000385","TE4_v1","1","1","0","0","0","1"
"OG0000385","TE8_v1","1","1","0","0","0","1"
"OG0000385","WS1_v2_s","1","1","0","0","0","1"
"OG0000386","73_3a","10","10","0","0","0","10"
"OG0000386","AL08_v2_f","10","8","0","2","2","8"
"OG0000386","al1_v2_s","10","9","1","1","2","10"
"OG0000386","AL27_v1","10","10","1","0","1","11"
"OG0000386","ALR","10","10","1","0","1","11"
"OG0000386","BAM12_v2","10","9","0","1","1","9"
"OG0000386","BOR_v1","10","10","2","0","2","12"
"OG0000386","F1-14","10","10","1","0","1","11"
"OG0000386","KN003hexa_v0","10","10","1","0","1","11"
"OG0000386","KN005_v1","10","10","1","0","1","11"
"OG0000386","KN006_v1","10","10","1","0","1","11"
"OG0000386","MN47_mabs_v3","10","10","1","0","1","11"
"OG0000386","Nla","10","8","1","2","3","9"
"OG0000386","NT1_v2","10","9","1","1","2","10"
"OG0000386","NT12_v2","10","9","1","1","2","10"
"OG0000386","NT8_v2_fix","10","9","1","1","2","10"
"OG0000386","NT9_v2","10","10","1","0","1","11"
"OG0000386","PU6_v3_fin","10","10","2","0","2","12"
"OG0000386","TE11_v2","10","10","1","0","1","11"
"OG0000386","TE4_v1","10","10","1","0","1","11"
"OG0000386","TE8_v1","10","9","1","1","2","10"
"OG0000386","WS1_v2_s","10","9","1","1","2","10"
"OG0000388","73_3a","7","6","3","1","4","10"
"OG0000388","AL08_v2_f","7","4","1","3","4","5"
"OG0000388","al1_v2_s","7","7","3","0","3","13"
"OG0000388","AL27_v1","7","5","3","2","5","9"
"OG0000388","ALR","7","5","1","2","3","6"
"OG0000388","BAM12_v2","7","7","3","0","3","12"
"OG0000388","BOR_v1","7","5","1","2","3","6"
"OG0000388","F1-14","7","6","2","1","3","8"
"OG0000388","KN003hexa_v0","7","7","2","0","2","9"
"OG0000388","KN005_v1","7","7","2","0","2","10"
"OG0000388","KN006_v1","7","7","2","0","2","10"
"OG0000388","MN47_mabs_v3","7","7","2","0","2","10"
"OG0000388","Nla","7","6","1","1","2","7"
"OG0000388","NT1_v2","7","5","0","2","2","5"
"OG0000388","NT12_v2","7","7","2","0","2","10"
"OG0000388","NT8_v2_fix","7","7","2","0","2","10"
"OG0000388","NT9_v2","7","7","3","0","3","10"
"OG0000388","PU6_v3_fin","7","7","2","0","2","9"
"OG0000388","TE11_v2","7","7","2","0","2","10"
"OG0000388","TE4_v1","7","7","2","0","2","10"
"OG0000388","TE8_v1","7","7","3","0","3","10"
"OG0000388","WS1_v2_s","7","7","3","0","3","12"
"OG0000402","73_3a","7","2","0","5","5","2"
"OG0000402","AL08_v2_f","7","2","0","5","5","2"
"OG0000402","al1_v2_s","7","4","1","3","4","5"
"OG0000402","AL27_v1","7","2","0","5","5","2"
"OG0000402","ALR","7","2","0","5","5","2"
"OG0000402","BAM12_v2","7","2","0","5","5","2"
"OG0000402","BOR_v1","7","2","0","5","5","2"
"OG0000402","F1-14","7","5","2","2","4","8"
"OG0000402","KN003hexa_v0","7","7","1","0","1","8"
"OG0000402","KN005_v1","7","7","2","0","2","10"
"OG0000402","KN006_v1","7","7","2","0","2","10"
"OG0000402","MN47_mabs_v3","7","7","4","0","4","12"
"OG0000402","Nla","7","2","0","5","5","2"
"OG0000402","NT1_v2","7","4","0","3","3","4"
"OG0000402","NT12_v2","7","4","1","3","4","5"
"OG0000402","NT8_v2_fix","7","4","1","3","4","5"
"OG0000402","NT9_v2","7","4","1","3","4","5"
"OG0000402","PU6_v3_fin","7","2","0","5","5","2"
"OG0000402","TE11_v2","7","2","0","5","5","2"
"OG0000402","TE4_v1","7","2","0","5","5","2"
"OG0000402","TE8_v1","7","2","0","5","5","2"
"OG0000402","WS1_v2_s","7","4","1","3","4","5"
"OG0000418","73_3a","3","2","1","1","2","3"
"OG0000418","AL08_v2_f","3","2","1","1","2","3"
"OG0000418","al1_v2_s","3","2","1","1","2","3"
"OG0000418","AL27_v1","3","2","1","1","2","3"
"OG0000418","ALR","3","2","1","1","2","3"
"OG0000418","BAM12_v2","3","2","1","1","2","3"
"OG0000418","BOR_v1","3","2","1","1","2","3"
"OG0000418","F1-14","3","2","1","1","2","3"
"OG0000418","KN003hexa_v0","3","3","1","0","1","4"
"OG0000418","KN005_v1","3","3","1","0","1","4"
"OG0000418","KN006_v1","3","3","1","0","1","4"
"OG0000418","MN47_mabs_v3","3","3","1","0","1","4"
"OG0000418","Nla","3","2","1","1","2","3"
"OG0000418","NT1_v2","3","2","1","1","2","3"
"OG0000418","NT12_v2","3","2","1","1","2","3"
"OG0000418","NT8_v2_fix","3","2","1","1","2","3"
"OG0000418","NT9_v2","3","2","0","1","1","2"
"OG0000418","PU6_v3_fin","3","2","1","1","2","3"
"OG0000418","TE11_v2","3","2","1","1","2","3"
"OG0000418","TE4_v1","3","2","1","1","2","3"
"OG0000418","TE8_v1","3","2","1","1","2","3"
"OG0000418","WS1_v2_s","3","1","0","2","2","1"
"OG0000419","73_3a","3","3","0","0","0","3"
"OG0000419","AL08_v2_f","3","3","0","0","0","3"
"OG0000419","al1_v2_s","3","3","0","0","0","3"
"OG0000419","AL27_v1","3","3","0","0","0","3"
"OG0000419","ALR","3","3","0","0","0","3"
"OG0000419","BAM12_v2","3","3","0","0","0","3"
"OG0000419","BOR_v1","3","3","0","0","0","3"
"OG0000419","F1-14","3","3","0","0","0","3"
"OG0000419","KN003hexa_v0","3","3","0","0","0","3"
"OG0000419","KN005_v1","3","3","0","0","0","3"
"OG0000419","KN006_v1","3","3","0","0","0","3"
"OG0000419","MN47_mabs_v3","3","3","0","0","0","3"
"OG0000419","Nla","3","3","0","0","0","3"
"OG0000419","NT1_v2","3","3","0","0","0","3"
"OG0000419","NT12_v2","3","3","0","0","0","3"
"OG0000419","NT8_v2_fix","3","3","0","0","0","3"
"OG0000419","NT9_v2","3","3","0","0","0","3"
"OG0000419","PU6_v3_fin","3","3","0","0","0","3"
"OG0000419","TE11_v2","3","3","0","0","0","3"
"OG0000419","TE4_v1","3","3","0","0","0","3"
"OG0000419","TE8_v1","3","3","0","0","0","3"
"OG0000419","WS1_v2_s","3","3","0","0","0","3"
"OG0000422","73_3a","8","5","0","3","3","5"
"OG0000422","AL08_v2_f","8","5","0","3","3","5"
"OG0000422","al1_v2_s","8","8","0","0","0","8"
"OG0000422","AL27_v1","8","5","0","3","3","5"
"OG0000422","ALR","8","5","0","3","3","5"
"OG0000422","BAM12_v2","8","7","0","1","1","7"
"OG0000422","BOR_v1","8","5","0","3","3","5"
"OG0000422","F1-14","8","8","2","0","2","10"
"OG0000422","KN003hexa_v0","8","8","0","0","0","8"
"OG0000422","KN005_v1","8","8","0","0","0","8"
"OG0000422","KN006_v1","8","7","0","1","1","7"
"OG0000422","MN47_mabs_v3","8","7","1","1","2","8"
"OG0000422","Nla","8","3","0","5","5","3"
"OG0000422","NT1_v2","8","6","0","2","2","6"
"OG0000422","NT12_v2","8","8","0","0","0","8"
"OG0000422","NT8_v2_fix","8","7","0","1","1","7"
"OG0000422","NT9_v2","8","8","0","0","0","8"
"OG0000422","PU6_v3_fin","8","8","0","0","0","8"
"OG0000422","TE11_v2","8","8","0","0","0","8"
"OG0000422","TE4_v1","8","7","0","1","1","7"
"OG0000422","TE8_v1","8","7","0","1","1","7"
"OG0000422","WS1_v2_s","8","5","0","3","3","5"
"OG0000432","73_3a","1","1","0","0","0","1"
"OG0000432","AL08_v2_f","1","1","0","0","0","1"
"OG0000432","al1_v2_s","1","1","0","0","0","1"
"OG0000432","AL27_v1","1","1","0","0","0","1"
"OG0000432","ALR","1","1","0","0","0","1"
"OG0000432","BAM12_v2","1","1","0","0","0","1"
"OG0000432","BOR_v1","1","1","0","0","0","1"
"OG0000432","F1-14","1","1","0","0","0","1"
"OG0000432","KN003hexa_v0","1","1","0","0","0","1"
"OG0000432","KN005_v1","1","1","1","0","1","2"
"OG0000432","KN006_v1","1","1","0","0","0","1"
"OG0000432","MN47_mabs_v3","1","1","0","0","0","1"
"OG0000432","Nla","1","1","0","0","0","1"
"OG0000432","NT1_v2","1","1","0","0","0","1"
"OG0000432","NT12_v2","1","1","0","0","0","1"
"OG0000432","NT8_v2_fix","1","1","0","0","0","1"
"OG0000432","NT9_v2","1","1","0","0","0","1"
"OG0000432","PU6_v3_fin","1","1","0","0","0","1"
"OG0000432","TE11_v2","1","1","0","0","0","1"
"OG0000432","TE4_v1","1","1","0","0","0","1"
"OG0000432","TE8_v1","1","1","0","0","0","1"
"OG0000432","WS1_v2_s","1","1","0","0","0","1"
"OG0000434","73_3a","8","6","0","2","2","6"
"OG0000434","AL08_v2_f","8","5","0","3","3","5"
"OG0000434","al1_v2_s","8","8","0","0","0","8"
"OG0000434","AL27_v1","8","8","0","0","0","8"
"OG0000434","ALR","8","8","0","0","0","8"
"OG0000434","BAM12_v2","8","8","0","0","0","8"
"OG0000434","BOR_v1","8","8","0","0","0","8"
"OG0000434","F1-14","8","8","0","0","0","8"
"OG0000434","KN003hexa_v0","8","7","0","1","1","7"
"OG0000434","KN005_v1","8","8","0","0","0","8"
"OG0000434","KN006_v1","8","8","0","0","0","8"
"OG0000434","MN47_mabs_v3","8","8","0","0","0","8"
"OG0000434","MN47_v4","8","1","0","7","7","1"
"OG0000434","Nla","8","8","0","0","0","8"
"OG0000434","NT1_v2","8","8","0","0","0","8"
"OG0000434","NT12_v2","8","6","0","2","2","6"
"OG0000434","NT8_v2_fix","8","7","0","1","1","7"
"OG0000434","NT9_v2","8","7","0","1","1","7"
"OG0000434","PU6_v3_fin","8","8","0","0","0","8"
"OG0000434","TE11_v2","8","8","0","0","0","8"
"OG0000434","TE4_v1","8","8","0","0","0","8"
"OG0000434","TE8_v1","8","8","0","0","0","8"
"OG0000434","WS1_v2_s","8","6","0","2","2","6"
"OG0000440","73_3a","12","10","1","2","3","11"
"OG0000440","AL08_v2_f","12","8","0","4","4","8"
"OG0000440","al1_v2_s","12","10","0","2","2","10"
"OG0000440","AL27_v1","12","7","0","5","5","7"
"OG0000440","ALR","12","8","0","4","4","8"
"OG0000440","BAM12_v2","12","10","0","2","2","10"
"OG0000440","BOR_v1","12","9","1","3","4","10"
"OG0000440","F1-14","12","7","0","5","5","7"
"OG0000440","KN003hexa_v0","12","11","1","1","2","12"
"OG0000440","KN005_v1","12","10","0","2","2","10"
"OG0000440","KN006_v1","12","11","1","1","2","12"
"OG0000440","MN47_mabs_v3","12","12","1","0","1","13"
"OG0000440","MN47_v4","12","1","0","11","11","1"
"OG0000440","Nla","12","10","0","2","2","10"
"OG0000440","NT1_v2","12","11","0","1","1","11"
"OG0000440","NT12_v2","12","11","1","1","2","12"
"OG0000440","NT8_v2_fix","12","8","0","4","4","8"
"OG0000440","NT9_v2","12","10","1","2","3","11"
"OG0000440","PU6_v3_fin","12","11","1","1","2","12"
"OG0000440","TE11_v2","12","11","0","1","1","11"
"OG0000440","TE4_v1","12","9","0","3","3","9"
"OG0000440","TE8_v1","12","9","0","3","3","9"
"OG0000440","WS1_v2_s","12","11","1","1","2","12"
"OG0000442","73_3a","1","1","0","0","0","1"
"OG0000442","AL08_v2_f","1","1","0","0","0","1"
"OG0000442","al1_v2_s","1","1","0","0","0","1"
"OG0000442","AL27_v1","1","1","0","0","0","1"
"OG0000442","ALR","1","1","0","0","0","1"
"OG0000442","BAM12_v2","1","1","0","0","0","1"
"OG0000442","BOR_v1","1","1","0","0","0","1"
"OG0000442","F1-14","1","1","0","0","0","1"
"OG0000442","KN003hexa_v0","1","1","0","0","0","1"
"OG0000442","KN005_v1","1","1","0","0","0","1"
"OG0000442","KN006_v1","1","1","0","0","0","1"
"OG0000442","MN47_mabs_v3","1","1","0","0","0","1"
"OG0000442","MN47_v4","1","1","0","0","0","1"
"OG0000442","Nla","1","1","0","0","0","1"
"OG0000442","NT1_v2","1","1","0","0","0","1"
"OG0000442","NT12_v2","1","1","0","0","0","1"
"OG0000442","NT8_v2_fix","1","1","0","0","0","1"
"OG0000442","NT9_v2","1","1","0","0","0","1"
"OG0000442","PU6_v3_fin","1","1","0","0","0","1"
"OG0000442","TE11_v2","1","1","0","0","0","1"
"OG0000442","TE4_v1","1","1","0","0","0","1"
"OG0000442","TE8_v1","1","1","0","0","0","1"
"OG0000442","WS1_v2_s","1","1","0","0","0","1"
"OG0000445","73_3a","2","2","0","0","0","2"
"OG0000445","AL08_v2_f","2","2","0","0","0","2"
"OG0000445","al1_v2_s","2","2","0","0","0","2"
"OG0000445","AL27_v1","2","1","0","1","1","1"
"OG0000445","ALR","2","2","0","0","0","2"
"OG0000445","BAM12_v2","2","2","0","0","0","2"
"OG0000445","BOR_v1","2","2","0","0","0","2"
"OG0000445","F1-14","2","2","0","0","0","2"
"OG0000445","KN005_v1","2","1","0","1","1","1"
"OG0000445","KN006_v1","2","2","0","0","0","2"
"OG0000445","MN47_mabs_v3","2","2","0","0","0","2"
"OG0000445","Nla","2","2","0","0","0","2"
"OG0000445","NT12_v2","2","2","0","0","0","2"
"OG0000445","NT8_v2_fix","2","2","0","0","0","2"
"OG0000445","NT9_v2","2","2","0","0","0","2"
"OG0000445","PU6_v3_fin","2","2","0","0","0","2"
"OG0000445","TE11_v2","2","2","0","0","0","2"
"OG0000445","TE4_v1","2","2","0","0","0","2"
"OG0000445","TE8_v1","2","2","0","0","0","2"
"OG0000445","WS1_v2_s","2","2","0","0","0","2"
"OG0000448","73_3a","8","7","1","1","2","8"
"OG0000448","AL08_v2_f","8","8","2","0","2","10"
"OG0000448","al1_v2_s","8","7","2","1","3","9"
"OG0000448","AL27_v1","8","6","1","2","3","7"
"OG0000448","ALR","8","8","0","0","0","8"
"OG0000448","BAM12_v2","8","8","2","0","2","10"
"OG0000448","BOR_v1","8","8","1","0","1","9"
"OG0000448","F1-14","8","6","0","2","2","6"
"OG0000448","KN003hexa_v0","8","8","1","0","1","9"
"OG0000448","KN005_v1","8","6","0","2","2","6"
"OG0000448","KN006_v1","8","7","2","1","3","9"
"OG0000448","MN47_mabs_v3","8","7","2","1","3","9"
"OG0000448","Nla","8","8","1","0","1","9"
"OG0000448","NT1_v2","8","8","1","0","1","9"
"OG0000448","NT12_v2","8","8","2","0","2","10"
"OG0000448","NT8_v2_fix","8","7","2","1","3","9"
"OG0000448","NT9_v2","8","7","1","1","2","8"
"OG0000448","PU6_v3_fin","8","8","2","0","2","10"
"OG0000448","TE11_v2","8","8","2","0","2","10"
"OG0000448","TE4_v1","8","7","2","1","3","9"
"OG0000448","TE8_v1","8","7","2","1","3","9"
"OG0000448","WS1_v2_s","8","8","2","0","2","10"
"OG0000452","73_3a","1","1","0","0","0","1"
"OG0000452","KN003hexa_v0","1","1","0","0","0","1"
"OG0000452","KN006_v1","1","1","0","0","0","1"
"OG0000452","MN47_mabs_v3","1","1","0","0","0","1"
"OG0000452","Nla","1","1","0","0","0","1"
"OG0000452","NT12_v2","1","1","0","0","0","1"
"OG0000452","NT8_v2_fix","1","1","0","0","0","1"
"OG0000452","NT9_v2","1","1","0","0","0","1"
"OG0000452","PU6_v3_fin","1","1","0","0","0","1"
"OG0000452","TE8_v1","1","1","0","0","0","1"
"OG0000453","73_3a","1","1","0","0","0","1"
"OG0000453","AL08_v2_f","1","1","0","0","0","1"
"OG0000453","al1_v2_s","1","1","0","0","0","1"
"OG0000453","AL27_v1","1","1","0","0","0","1"
"OG0000453","ALR","1","1","0","0","0","1"
"OG0000453","BAM12_v2","1","1","0","0","0","1"
"OG0000453","BOR_v1","1","1","0","0","0","1"
"OG0000453","F1-14","1","1","0","0","0","1"
"OG0000453","KN003hexa_v0","1","1","0","0","0","1"
"OG0000453","KN005_v1","1","1","0","0","0","1"
"OG0000453","KN006_v1","1","1","0","0","0","1"
"OG0000453","MN47_mabs_v3","1","1","0","0","0","1"
"OG0000453","MN47_v4","1","1","0","0","0","1"
"OG0000453","Nla","1","1","0","0","0","1"
"OG0000453","NT1_v2","1","1","0","0","0","1"
"OG0000453","NT12_v2","1","1","0","0","0","1"
"OG0000453","NT8_v2_fix","1","1","0","0","0","1"
"OG0000453","NT9_v2","1","1","0","0","0","1"
"OG0000453","PU6_v3_fin","1","1","0","0","0","1"
"OG0000453","TE11_v2","1","1","0","0","0","1"
"OG0000453","TE4_v1","1","1","0","0","0","1"
"OG0000453","TE8_v1","1","1","0","0","0","1"
"OG0000453","WS1_v2_s","1","1","0","0","0","1"
"OG0000473","73_3a","1","1","0","0","0","1"
"OG0000473","AL08_v2_f","1","1","0","0","0","1"
"OG0000473","al1_v2_s","1","1","0","0","0","1"
"OG0000473","AL27_v1","1","1","0","0","0","1"
"OG0000473","ALR","1","1","0","0","0","1"
"OG0000473","BAM12_v2","1","1","0","0","0","1"
"OG0000473","BOR_v1","1","1","0","0","0","1"
"OG0000473","F1-14","1","1","0","0","0","1"
"OG0000473","KN003hexa_v0","1","1","0","0","0","1"
"OG0000473","KN005_v1","1","1","0","0","0","1"
"OG0000473","KN006_v1","1","1","0","0","0","1"
"OG0000473","MN47_mabs_v3","1","1","0","0","0","1"
"OG0000473","Nla","1","1","0","0","0","1"
"OG0000473","NT1_v2","1","1","0","0","0","1"
"OG0000473","NT12_v2","1","1","0","0","0","1"
"OG0000473","NT8_v2_fix","1","1","0","0","0","1"
"OG0000473","NT9_v2","1","1","0","0","0","1"
"OG0000473","PU6_v3_fin","1","1","0","0","0","1"
"OG0000473","TE11_v2","1","1","0","0","0","1"
"OG0000473","TE4_v1","1","1","0","0","0","1"
"OG0000473","TE8_v1","1","1","0","0","0","1"
"OG0000473","WS1_v2_s","1","1","0","0","0","1"
"OG0000496","73_3a","2","2","0","0","0","2"
"OG0000496","AL08_v2_f","2","2","0","0","0","2"
"OG0000496","al1_v2_s","2","2","0","0","0","2"
"OG0000496","AL27_v1","2","2","0","0","0","2"
"OG0000496","ALR","2","2","0","0","0","2"
"OG0000496","BAM12_v2","2","2","0","0","0","2"
"OG0000496","BOR_v1","2","2","0","0","0","2"
"OG0000496","F1-14","2","2","0","0","0","2"
"OG0000496","KN003hexa_v0","2","2","0","0","0","2"
"OG0000496","KN005_v1","2","2","0","0","0","2"
"OG0000496","KN006_v1","2","2","0","0","0","2"
"OG0000496","MN47_mabs_v3","2","2","0","0","0","2"
"OG0000496","Nla","2","2","0","0","0","2"
"OG0000496","NT1_v2","2","2","0","0","0","2"
"OG0000496","NT12_v2","2","2","0","0","0","2"
"OG0000496","NT8_v2_fix","2","2","0","0","0","2"
"OG0000496","NT9_v2","2","2","0","0","0","2"
"OG0000496","PU6_v3_fin","2","1","0","1","1","1"
"OG0000496","TE11_v2","2","2","0","0","0","2"
"OG0000496","TE4_v1","2","2","0","0","0","2"
"OG0000496","TE8_v1","2","2","0","0","0","2"
"OG0000496","WS1_v2_s","2","1","0","1","1","1"
"OG0000500","73_3a","2","2","0","0","0","2"
"OG0000500","AL08_v2_f","2","1","0","1","1","1"
"OG0000500","al1_v2_s","2","2","0","0","0","2"
"OG0000500","AL27_v1","2","2","0","0","0","2"
"OG0000500","ALR","2","2","0","0","0","2"
"OG0000500","BAM12_v2","2","2","0","0","0","2"
"OG0000500","BOR_v1","2","2","0","0","0","2"
"OG0000500","F1-14","2","2","0","0","0","2"
"OG0000500","KN003hexa_v0","2","2","0","0","0","2"
"OG0000500","KN005_v1","2","2","0","0","0","2"
"OG0000500","KN006_v1","2","2","0","0","0","2"
"OG0000500","MN47_mabs_v3","2","2","0","0","0","2"
"OG0000500","Nla","2","2","0","0","0","2"
"OG0000500","NT1_v2","2","2","0","0","0","2"
"OG0000500","NT12_v2","2","2","0","0","0","2"
"OG0000500","NT8_v2_fix","2","2","0","0","0","2"
"OG0000500","NT9_v2","2","2","0","0","0","2"
"OG0000500","PU6_v3_fin","2","2","0","0","0","2"
"OG0000500","TE11_v2","2","1","0","1","1","1"
"OG0000500","TE4_v1","2","2","0","0","0","2"
"OG0000500","TE8_v1","2","2","0","0","0","2"
"OG0000501","73_3a","9","7","0","2","2","7"
"OG0000501","AL08_v2_f","9","9","0","0","0","9"
"OG0000501","al1_v2_s","9","9","1","0","1","10"
"OG0000501","AL27_v1","9","8","1","1","2","9"
"OG0000501","ALR","9","8","0","1","1","8"
"OG0000501","BAM12_v2","9","8","1","1","2","9"
"OG0000501","BOR_v1","9","7","1","2","3","8"
"OG0000501","F1-14","9","9","0","0","0","9"
"OG0000501","KN003hexa_v0","9","9","1","0","1","10"
"OG0000501","KN005_v1","9","7","0","2","2","7"
"OG0000501","KN006_v1","9","8","1","1","2","9"
"OG0000501","MN47_mabs_v3","9","9","1","0","1","10"
"OG0000501","Nla","9","9","0","0","0","9"
"OG0000501","NT1_v2","9","6","0","3","3","6"
"OG0000501","NT12_v2","9","9","0","0","0","9"
"OG0000501","NT8_v2_fix","9","8","2","1","3","10"
"OG0000501","NT9_v2","9","9","0","0","0","9"
"OG0000501","PU6_v3_fin","9","9","1","0","1","10"
"OG0000501","TE11_v2","9","9","0","0","0","9"
"OG0000501","TE4_v1","9","9","1","0","1","10"
"OG0000501","TE8_v1","9","9","0","0","0","9"
"OG0000501","WS1_v2_s","9","8","2","1","3","10"
"OG0000503","73_3a","2","2","0","0","0","2"
"OG0000503","AL08_v2_f","2","2","0","0","0","2"
"OG0000503","al1_v2_s","2","2","0","0","0","2"
"OG0000503","AL27_v1","2","2","0","0","0","2"
"OG0000503","ALR","2","2","0","0","0","2"
"OG0000503","BAM12_v2","2","2","0","0","0","2"
"OG0000503","BOR_v1","2","2","0","0","0","2"
"OG0000503","F1-14","2","2","0","0","0","2"
"OG0000503","KN003hexa_v0","2","2","0","0","0","2"
"OG0000503","KN005_v1","2","2","0","0","0","2"
"OG0000503","KN006_v1","2","2","0","0","0","2"
"OG0000503","MN47_mabs_v3","2","2","0","0","0","2"
"OG0000503","MN47_v4","2","1","0","1","1","1"
"OG0000503","Nla","2","2","0","0","0","2"
"OG0000503","NT1_v2","2","1","0","1","1","1"
"OG0000503","NT12_v2","2","2","0","0","0","2"
"OG0000503","NT8_v2_fix","2","2","0","0","0","2"
"OG0000503","NT9_v2","2","2","0","0","0","2"
"OG0000503","PU6_v3_fin","2","2","0","0","0","2"
"OG0000503","TE11_v2","2","2","0","0","0","2"
"OG0000503","TE4_v1","2","1","0","1","1","1"
"OG0000503","TE8_v1","2","2","0","0","0","2"
"OG0000503","WS1_v2_s","2","1","0","1","1","1"
"OG0000504","73_3a","3","2","0","1","1","2"
"OG0000504","AL08_v2_f","3","1","0","2","2","1"
"OG0000504","al1_v2_s","3","1","0","2","2","1"
"OG0000504","AL27_v1","3","1","0","2","2","1"
"OG0000504","ALR","3","1","0","2","2","1"
"OG0000504","BAM12_v2","3","2","0","1","1","2"
"OG0000504","BOR_v1","3","1","0","2","2","1"
"OG0000504","F1-14","3","1","0","2","2","1"
"OG0000504","KN003hexa_v0","3","2","0","1","1","2"
"OG0000504","KN005_v1","3","2","0","1","1","2"
"OG0000504","KN006_v1","3","3","0","0","0","3"
"OG0000504","MN47_mabs_v3","3","3","0","0","0","3"
"OG0000504","Nla","3","1","0","2","2","1"
"OG0000504","NT1_v2","3","3","0","0","0","3"
"OG0000504","NT12_v2","3","2","0","1","1","2"
"OG0000504","NT8_v2_fix","3","1","0","2","2","1"
"OG0000504","NT9_v2","3","2","0","1","1","2"
"OG0000504","PU6_v3_fin","3","2","0","1","1","2"
"OG0000504","TE11_v2","3","1","0","2","2","1"
"OG0000504","TE4_v1","3","1","0","2","2","1"
"OG0000504","TE8_v1","3","2","0","1","1","2"
"OG0000504","WS1_v2_s","3","2","0","1","1","2"
"OG0000510","73_3a","4","4","0","0","0","4"
"OG0000510","AL08_v2_f","4","3","0","1","1","3"
"OG0000510","al1_v2_s","4","2","0","2","2","2"
"OG0000510","AL27_v1","4","2","0","2","2","2"
"OG0000510","ALR","4","3","0","1","1","3"
"OG0000510","BAM12_v2","4","2","0","2","2","2"
"OG0000510","BOR_v1","4","4","0","0","0","4"
"OG0000510","F1-14","4","3","0","1","1","3"
"OG0000510","KN003hexa_v0","4","3","0","1","1","3"
"OG0000510","KN005_v1","4","4","0","0","0","4"
"OG0000510","KN006_v1","4","4","0","0","0","4"
"OG0000510","MN47_mabs_v3","4","4","0","0","0","4"
"OG0000510","Nla","4","4","0","0","0","4"
"OG0000510","NT1_v2","4","2","0","2","2","2"
"OG0000510","NT12_v2","4","2","0","2","2","2"
"OG0000510","NT8_v2_fix","4","2","0","2","2","2"
"OG0000510","NT9_v2","4","2","0","2","2","2"
"OG0000510","PU6_v3_fin","4","2","0","2","2","2"
"OG0000510","TE11_v2","4","2","0","2","2","2"
"OG0000510","TE4_v1","4","3","0","1","1","3"
"OG0000510","TE8_v1","4","1","0","3","3","1"
"OG0000510","WS1_v2_s","4","2","0","2","2","2"
"OG0000513","73_3a","11","10","0","1","1","10"
"OG0000513","AL08_v2_f","11","10","0","1","1","10"
"OG0000513","al1_v2_s","11","10","0","1","1","10"
"OG0000513","AL27_v1","11","11","0","0","0","11"
"OG0000513","ALR","11","11","0","0","0","11"
"OG0000513","BAM12_v2","11","9","0","2","2","9"
"OG0000513","BOR_v1","11","10","0","1","1","10"
"OG0000513","F1-14","11","11","0","0","0","11"
"OG0000513","KN003hexa_v0","11","10","0","1","1","10"
"OG0000513","KN005_v1","11","11","0","0","0","11"
"OG0000513","KN006_v1","11","11","0","0","0","11"
"OG0000513","MN47_mabs_v3","11","11","0","0","0","11"
"OG0000513","Nla","11","10","0","1","1","10"
"OG0000513","NT1_v2","11","10","0","1","1","10"
"OG0000513","NT12_v2","11","9","0","2","2","9"
"OG0000513","NT8_v2_fix","11","11","0","0","0","11"
"OG0000513","NT9_v2","11","10","0","1","1","10"
"OG0000513","PU6_v3_fin","11","10","0","1","1","10"
"OG0000513","TE11_v2","11","9","0","2","2","9"
"OG0000513","TE4_v1","11","10","0","1","1","10"
"OG0000513","TE8_v1","11","10","0","1","1","10"
"OG0000513","WS1_v2_s","11","8","0","3","3","8"
"OG0000534","73_3a","1","1","0","0","0","1"
"OG0000534","AL08_v2_f","1","1","0","0","0","1"
"OG0000534","al1_v2_s","1","1","0","0","0","1"
"OG0000534","AL27_v1","1","1","0","0","0","1"
"OG0000534","ALR","1","1","0","0","0","1"
"OG0000534","BAM12_v2","1","1","0","0","0","1"
"OG0000534","BOR_v1","1","1","0","0","0","1"
"OG0000534","F1-14","1","1","0","0","0","1"
"OG0000534","KN003hexa_v0","1","1","0","0","0","1"
"OG0000534","KN005_v1","1","1","0","0","0","1"
"OG0000534","KN006_v1","1","1","0","0","0","1"
"OG0000534","MN47_mabs_v3","1","1","0","0","0","1"
"OG0000534","MN47_v4","1","1","0","0","0","1"
"OG0000534","Nla","1","1","0","0","0","1"
"OG0000534","NT1_v2","1","1","0","0","0","1"
"OG0000534","NT12_v2","1","1","0","0","0","1"
"OG0000534","NT8_v2_fix","1","1","0","0","0","1"
"OG0000534","NT9_v2","1","1","0","0","0","1"
"OG0000534","PU6_v3_fin","1","1","0","0","0","1"
"OG0000534","TE11_v2","1","1","0","0","0","1"
"OG0000534","TE4_v1","1","1","0","0","0","1"
"OG0000534","TE8_v1","1","1","0","0","0","1"
"OG0000534","WS1_v2_s","1","1","0","0","0","1"
"OG0000535","73_3a","7","7","0","0","0","7"
"OG0000535","AL08_v2_f","7","6","0","1","1","6"
"OG0000535","al1_v2_s","7","7","0","0","0","7"
"OG0000535","AL27_v1","7","7","0","0","0","7"
"OG0000535","ALR","7","6","0","1","1","6"
"OG0000535","BAM12_v2","7","6","0","1","1","6"
"OG0000535","BOR_v1","7","6","0","1","1","6"
"OG0000535","F1-14","7","2","0","5","5","2"
"OG0000535","KN003hexa_v0","7","7","0","0","0","7"
"OG0000535","KN005_v1","7","7","0","0","0","7"
"OG0000535","KN006_v1","7","7","0","0","0","7"
"OG0000535","MN47_mabs_v3","7","7","0","0","0","7"
"OG0000535","Nla","7","6","0","1","1","6"
"OG0000535","NT1_v2","7","7","0","0","0","7"
"OG0000535","NT12_v2","7","7","0","0","0","7"
"OG0000535","NT8_v2_fix","7","7","0","0","0","7"
"OG0000535","NT9_v2","7","7","0","0","0","7"
"OG0000535","PU6_v3_fin","7","7","0","0","0","7"
"OG0000535","TE11_v2","7","6","0","1","1","6"
"OG0000535","TE4_v1","7","6","0","1","1","6"
"OG0000535","TE8_v1","7","6","0","1","1","6"
"OG0000535","WS1_v2_s","7","6","0","1","1","6"
"OG0000546","73_3a","6","6","0","0","0","6"
"OG0000546","AL08_v2_f","6","4","0","2","2","4"
"OG0000546","al1_v2_s","6","4","0","2","2","4"
"OG0000546","AL27_v1","6","6","0","0","0","6"
"OG0000546","ALR","6","4","0","2","2","4"
"OG0000546","BAM12_v2","6","4","0","2","2","4"
"OG0000546","BOR_v1","6","4","0","2","2","4"
"OG0000546","F1-14","6","4","0","2","2","4"
"OG0000546","KN003hexa_v0","6","6","0","0","0","6"
"OG0000546","KN005_v1","6","6","1","0","1","7"
"OG0000546","KN006_v1","6","6","1","0","1","7"
"OG0000546","MN47_mabs_v3","6","6","1","0","1","7"
"OG0000546","Nla","6","6","0","0","0","6"
"OG0000546","NT1_v2","6","5","0","1","1","5"
"OG0000546","NT12_v2","6","4","0","2","2","4"
"OG0000546","NT8_v2_fix","6","4","0","2","2","4"
"OG0000546","NT9_v2","6","4","0","2","2","4"
"OG0000546","PU6_v3_fin","6","3","0","3","3","3"
"OG0000546","TE11_v2","6","6","0","0","0","6"
"OG0000546","TE4_v1","6","4","0","2","2","4"
"OG0000546","TE8_v1","6","4","0","2","2","4"
"OG0000546","WS1_v2_s","6","6","0","0","0","6"
"OG0000549","73_3a","5","5","1","0","1","6"
"OG0000549","AL08_v2_f","5","5","1","0","1","6"
"OG0000549","al1_v2_s","5","5","1","0","1","6"
"OG0000549","AL27_v1","5","5","1","0","1","6"
"OG0000549","ALR","5","5","1","0","1","6"
"OG0000549","BAM12_v2","5","5","1","0","1","6"
"OG0000549","BOR_v1","5","5","0","0","0","5"
"OG0000549","F1-14","5","5","1","0","1","6"
"OG0000549","KN003hexa_v0","5","5","1","0","1","6"
"OG0000549","KN005_v1","5","5","0","0","0","5"
"OG0000549","KN006_v1","5","5","1","0","1","6"
"OG0000549","MN47_mabs_v3","5","5","1","0","1","6"
"OG0000549","Nla","5","5","1","0","1","6"
"OG0000549","NT1_v2","5","4","1","1","2","5"
"OG0000549","NT12_v2","5","5","1","0","1","6"
"OG0000549","NT8_v2_fix","5","5","1","0","1","6"
"OG0000549","NT9_v2","5","5","1","0","1","6"
"OG0000549","PU6_v3_fin","5","5","1","0","1","6"
"OG0000549","TE11_v2","5","5","1","0","1","6"
"OG0000549","TE4_v1","5","5","1","0","1","6"
"OG0000549","TE8_v1","5","5","0","0","0","5"
"OG0000549","WS1_v2_s","5","4","1","1","2","5"
"OG0000589","73_3a","4","2","0","2","2","2"
"OG0000589","AL08_v2_f","4","1","0","3","3","1"
"OG0000589","al1_v2_s","4","3","0","1","1","3"
"OG0000589","AL27_v1","4","3","0","1","1","3"
"OG0000589","ALR","4","4","0","0","0","4"
"OG0000589","BAM12_v2","4","2","0","2","2","2"
"OG0000589","BOR_v1","4","3","0","1","1","3"
"OG0000589","F1-14","4","2","0","2","2","2"
"OG0000589","KN003hexa_v0","4","3","0","1","1","3"
"OG0000589","KN005_v1","4","4","0","0","0","4"
"OG0000589","KN006_v1","4","4","0","0","0","4"
"OG0000589","MN47_mabs_v3","4","4","0","0","0","4"
"OG0000589","Nla","4","1","0","3","3","1"
"OG0000589","NT1_v2","4","4","0","0","0","4"
"OG0000589","NT12_v2","4","2","0","2","2","2"
"OG0000589","NT8_v2_fix","4","2","0","2","2","2"
"OG0000589","NT9_v2","4","4","0","0","0","4"
"OG0000589","PU6_v3_fin","4","2","0","2","2","2"
"OG0000589","TE11_v2","4","2","0","2","2","2"
"OG0000589","TE4_v1","4","3","0","1","1","3"
"OG0000589","TE8_v1","4","3","0","1","1","3"
"OG0000589","WS1_v2_s","4","2","0","2","2","2"
"OG0000591","73_3a","6","6","0","0","0","6"
"OG0000591","AL08_v2_f","6","6","0","0","0","6"
"OG0000591","al1_v2_s","6","6","0","0","0","6"
"OG0000591","AL27_v1","6","6","0","0","0","6"
"OG0000591","ALR","6","6","0","0","0","6"
"OG0000591","BAM12_v2","6","5","0","1","1","5"
"OG0000591","BOR_v1","6","6","0","0","0","6"
"OG0000591","F1-14","6","6","0","0","0","6"
"OG0000591","KN003hexa_v0","6","6","0","0","0","6"
"OG0000591","KN005_v1","6","6","0","0","0","6"
"OG0000591","KN006_v1","6","6","0","0","0","6"
"OG0000591","MN47_mabs_v3","6","6","0","0","0","6"
"OG0000591","Nla","6","6","0","0","0","6"
"OG0000591","NT1_v2","6","6","0","0","0","6"
"OG0000591","NT12_v2","6","6","0","0","0","6"
"OG0000591","NT8_v2_fix","6","6","0","0","0","6"
"OG0000591","NT9_v2","6","6","0","0","0","6"
"OG0000591","PU6_v3_fin","6","6","0","0","0","6"
"OG0000591","TE11_v2","6","6","0","0","0","6"
"OG0000591","TE4_v1","6","6","0","0","0","6"
"OG0000591","TE8_v1","6","6","0","0","0","6"
"OG0000591","WS1_v2_s","6","6","0","0","0","6"
"OG0000594","73_3a","11","6","0","5","5","6"
"OG0000594","AL08_v2_f","11","10","1","1","2","11"
"OG0000594","al1_v2_s","11","7","2","4","6","9"
"OG0000594","AL27_v1","11","10","1","1","2","11"
"OG0000594","ALR","11","7","1","4","5","8"
"OG0000594","BAM12_v2","11","7","1","4","5","8"
"OG0000594","BOR_v1","11","11","2","0","2","13"
"OG0000594","F1-14","11","9","1","2","3","10"
"OG0000594","KN003hexa_v0","11","9","2","2","4","11"
"OG0000594","KN005_v1","11","9","2","2","4","11"
"OG0000594","KN006_v1","11","11","5","0","5","17"
"OG0000594","MN47_mabs_v3","11","11","4","0","4","15"
"OG0000594","Nla","11","8","1","3","4","9"
"OG0000594","NT1_v2","11","6","1","5","6","7"
"OG0000594","NT12_v2","11","7","1","4","5","8"
"OG0000594","NT8_v2_fix","11","9","1","2","3","10"
"OG0000594","NT9_v2","11","4","0","7","7","4"
"OG0000594","PU6_v3_fin","11","7","1","4","5","8"
"OG0000594","TE11_v2","11","8","1","3","4","9"
"OG0000594","TE4_v1","11","10","2","1","3","12"
"OG0000594","TE8_v1","11","7","1","4","5","8"
"OG0000594","WS1_v2_s","11","5","0","6","6","5"
"OG0000598","73_3a","7","7","1","0","1","8"
"OG0000598","AL08_v2_f","7","7","1","0","1","8"
"OG0000598","al1_v2_s","7","7","1","0","1","8"
"OG0000598","AL27_v1","7","7","1","0","1","8"
"OG0000598","ALR","7","7","1","0","1","8"
"OG0000598","BAM12_v2","7","7","1","0","1","8"
"OG0000598","BOR_v1","7","7","1","0","1","8"
"OG0000598","F1-14","7","6","1","1","2","7"
"OG0000598","KN003hexa_v0","7","7","1","0","1","8"
"OG0000598","KN005_v1","7","7","2","0","2","9"
"OG0000598","KN006_v1","7","6","1","1","2","7"
"OG0000598","MN47_mabs_v3","7","7","1","0","1","8"
"OG0000598","Nla","7","7","1","0","1","8"
"OG0000598","NT1_v2","7","6","0","1","1","6"
"OG0000598","NT12_v2","7","7","1","0","1","8"
"OG0000598","NT8_v2_fix","7","7","1","0","1","8"
"OG0000598","NT9_v2","7","7","1","0","1","8"
"OG0000598","PU6_v3_fin","7","6","1","1","2","7"
"OG0000598","TE11_v2","7","7","1","0","1","8"
"OG0000598","TE4_v1","7","7","2","0","2","9"
"OG0000598","TE8_v1","7","7","1","0","1","8"
"OG0000598","WS1_v2_s","7","7","1","0","1","8"
"OG0000599","73_3a","11","10","4","1","5","15"
"OG0000599","AL08_v2_f","11","10","3","1","4","15"
"OG0000599","al1_v2_s","11","10","7","1","8","21"
"OG0000599","AL27_v1","11","11","6","0","6","21"
"OG0000599","ALR","11","9","2","2","4","11"
"OG0000599","BAM12_v2","11","11","3","0","3","15"
"OG0000599","BOR_v1","11","9","2","2","4","11"
"OG0000599","F1-14","11","10","2","1","3","12"
"OG0000599","KN003hexa_v0","11","11","7","0","7","27"
"OG0000599","KN005_v1","11","11","6","0","6","25"
"OG0000599","KN006_v1","11","11","7","0","7","23"
"OG0000599","MN47_mabs_v3","11","11","7","0","7","30"
"OG0000599","Nla","11","9","3","2","5","12"
"OG0000599","NT1_v2","11","11","6","0","6","24"
"OG0000599","NT12_v2","11","11","3","0","3","14"
"OG0000599","NT8_v2_fix","11","10","2","1","3","12"
"OG0000599","NT9_v2","11","11","5","0","5","20"
"OG0000599","PU6_v3_fin","11","10","6","1","7","29"
"OG0000599","TE11_v2","11","8","2","3","5","10"
"OG0000599","TE4_v1","11","9","3","2","5","14"
"OG0000599","TE8_v1","11","11","5","0","5","18"
"OG0000599","WS1_v2_s","11","11","7","0","7","28"
"OG0000601","73_3a","1","1","0","0","0","1"
"OG0000601","AL08_v2_f","1","1","0","0","0","1"
"OG0000601","al1_v2_s","1","1","0","0","0","1"
"OG0000601","AL27_v1","1","1","0","0","0","1"
"OG0000601","ALR","1","1","0","0","0","1"
"OG0000601","BOR_v1","1","1","0","0","0","1"
"OG0000601","F1-14","1","1","0","0","0","1"
"OG0000601","KN003hexa_v0","1","1","0","0","0","1"
"OG0000601","KN005_v1","1","1","0","0","0","1"
"OG0000601","KN006_v1","1","1","0","0","0","1"
"OG0000601","MN47_mabs_v3","1","1","0","0","0","1"
"OG0000601","MN47_v4","1","1","0","0","0","1"
"OG0000601","Nla","1","1","0","0","0","1"
"OG0000601","NT1_v2","1","1","0","0","0","1"
"OG0000601","NT12_v2","1","1","0","0","0","1"
"OG0000601","NT8_v2_fix","1","1","0","0","0","1"
"OG0000601","NT9_v2","1","1","0","0","0","1"
"OG0000601","PU6_v3_fin","1","1","0","0","0","1"
"OG0000601","TE11_v2","1","1","0","0","0","1"
"OG0000601","TE8_v1","1","1","0","0","0","1"
"OG0000601","WS1_v2_s","1","1","0","0","0","1"
"OG0000605","73_3a","11","10","1","1","2","11"
"OG0000605","AL08_v2_f","11","11","2","0","2","13"
"OG0000605","al1_v2_s","11","10","1","1","2","11"
"OG0000605","AL27_v1","11","10","1","1","2","11"
"OG0000605","ALR","11","9","2","2","4","11"
"OG0000605","BAM12_v2","11","11","2","0","2","13"
"OG0000605","BOR_v1","11","10","1","1","2","11"
"OG0000605","F1-14","11","10","1","1","2","11"
"OG0000605","KN003hexa_v0","11","10","2","1","3","12"
"OG0000605","KN005_v1","11","10","2","1","3","12"
"OG0000605","KN006_v1","11","11","2","0","2","13"
"OG0000605","MN47_mabs_v3","11","11","2","0","2","13"
"OG0000605","Nla","11","10","2","1","3","12"
"OG0000605","NT1_v2","11","11","2","0","2","13"
"OG0000605","NT12_v2","11","11","2","0","2","13"
"OG0000605","NT8_v2_fix","11","11","2","0","2","13"
"OG0000605","NT9_v2","11","11","2","0","2","13"
"OG0000605","PU6_v3_fin","11","9","2","2","4","11"
"OG0000605","TE11_v2","11","9","1","2","3","10"
"OG0000605","TE4_v1","11","9","2","2","4","11"
"OG0000605","TE8_v1","11","10","2","1","3","12"
"OG0000605","WS1_v2_s","11","10","2","1","3","12"
"OG0000606","73_3a","8","7","0","1","1","7"
"OG0000606","AL08_v2_f","8","8","0","0","0","8"
"OG0000606","al1_v2_s","8","8","0","0","0","8"
"OG0000606","AL27_v1","8","7","0","1","1","7"
"OG0000606","ALR","8","8","0","0","0","8"
"OG0000606","BAM12_v2","8","8","0","0","0","8"
"OG0000606","BOR_v1","8","7","0","1","1","7"
"OG0000606","F1-14","8","8","0","0","0","8"
"OG0000606","KN003hexa_v0","8","8","0","0","0","8"
"OG0000606","KN005_v1","8","7","0","1","1","7"
"OG0000606","KN006_v1","8","8","0","0","0","8"
"OG0000606","MN47_mabs_v3","8","8","0","0","0","8"
"OG0000606","Nla","8","8","0","0","0","8"
"OG0000606","NT1_v2","8","6","0","2","2","6"
"OG0000606","NT12_v2","8","8","0","0","0","8"
"OG0000606","NT8_v2_fix","8","8","0","0","0","8"
"OG0000606","NT9_v2","8","7","0","1","1","7"
"OG0000606","PU6_v3_fin","8","8","0","0","0","8"
"OG0000606","TE11_v2","8","8","0","0","0","8"
"OG0000606","TE4_v1","8","8","0","0","0","8"
"OG0000606","TE8_v1","8","8","0","0","0","8"
"OG0000606","WS1_v2_s","8","8","0","0","0","8"
"OG0000618","73_3a","1","1","0","0","0","1"
"OG0000618","AL08_v2_f","1","1","0","0","0","1"
"OG0000618","al1_v2_s","1","1","0","0","0","1"
"OG0000618","AL27_v1","1","1","0","0","0","1"
"OG0000618","ALR","1","1","0","0","0","1"
"OG0000618","BAM12_v2","1","1","0","0","0","1"
"OG0000618","BOR_v1","1","1","0","0","0","1"
"OG0000618","F1-14","1","1","0","0","0","1"
"OG0000618","KN003hexa_v0","1","1","0","0","0","1"
"OG0000618","MN47_mabs_v3","1","1","0","0","0","1"
"OG0000618","MN47_v4","1","1","0","0","0","1"
"OG0000618","Nla","1","1","0","0","0","1"
"OG0000618","NT1_v2","1","1","0","0","0","1"
"OG0000618","NT12_v2","1","1","0","0","0","1"
"OG0000618","NT8_v2_fix","1","1","0","0","0","1"
"OG0000618","NT9_v2","1","1","0","0","0","1"
"OG0000618","PU6_v3_fin","1","1","0","0","0","1"
"OG0000618","TE11_v2","1","1","0","0","0","1"
"OG0000618","TE4_v1","1","1","0","0","0","1"
"OG0000618","TE8_v1","1","1","0","0","0","1"
"OG0000618","WS1_v2_s","1","1","0","0","0","1"
"OG0000620","73_3a","7","6","0","1","1","6"
"OG0000620","AL08_v2_f","7","4","0","3","3","4"
"OG0000620","al1_v2_s","7","5","0","2","2","5"
"OG0000620","AL27_v1","7","4","0","3","3","4"
"OG0000620","ALR","7","4","0","3","3","4"
"OG0000620","BAM12_v2","7","5","0","2","2","5"
"OG0000620","BOR_v1","7","4","0","3","3","4"
"OG0000620","F1-14","7","6","1","1","2","7"
"OG0000620","KN003hexa_v0","7","6","0","1","1","6"
"OG0000620","KN005_v1","7","4","0","3","3","4"
"OG0000620","KN006_v1","7","7","1","0","1","8"
"OG0000620","MN47_mabs_v3","7","7","1","0","1","8"
"OG0000620","Nla","7","5","0","2","2","5"
"OG0000620","NT1_v2","7","2","0","5","5","2"
"OG0000620","NT12_v2","7","5","0","2","2","5"
"OG0000620","NT8_v2_fix","7","4","0","3","3","4"
"OG0000620","NT9_v2","7","5","0","2","2","5"
"OG0000620","PU6_v3_fin","7","5","0","2","2","5"
"OG0000620","TE11_v2","7","6","1","1","2","7"
"OG0000620","TE4_v1","7","5","0","2","2","5"
"OG0000620","TE8_v1","7","6","0","1","1","6"
"OG0000620","WS1_v2_s","7","5","0","2","2","5"
"OG0000621","73_3a","2","2","0","0","0","2"
"OG0000621","AL08_v2_f","2","2","0","0","0","2"
"OG0000621","AL27_v1","2","1","0","1","1","1"
"OG0000621","ALR","2","2","0","0","0","2"
"OG0000621","BAM12_v2","2","1","0","1","1","1"
"OG0000621","BOR_v1","2","2","0","0","0","2"
"OG0000621","F1-14","2","2","0","0","0","2"
"OG0000621","KN003hexa_v0","2","2","0","0","0","2"
"OG0000621","KN005_v1","2","2","0","0","0","2"
"OG0000621","KN006_v1","2","2","0","0","0","2"
"OG0000621","MN47_mabs_v3","2","2","0","0","0","2"
"OG0000621","Nla","2","1","0","1","1","1"
"OG0000621","NT1_v2","2","2","0","0","0","2"
"OG0000621","NT12_v2","2","2","0","0","0","2"
"OG0000621","NT8_v2_fix","2","2","0","0","0","2"
"OG0000621","NT9_v2","2","2","0","0","0","2"
"OG0000621","PU6_v3_fin","2","2","0","0","0","2"
"OG0000621","TE11_v2","2","2","0","0","0","2"
"OG0000621","TE4_v1","2","1","0","1","1","1"
"OG0000621","TE8_v1","2","1","0","1","1","1"
"OG0000621","WS1_v2_s","2","2","0","0","0","2"
"OG0000639","73_3a","5","5","2","0","2","7"
"OG0000639","AL08_v2_f","5","5","2","0","2","7"
"OG0000639","al1_v2_s","5","5","1","0","1","6"
"OG0000639","AL27_v1","5","5","2","0","2","7"
"OG0000639","ALR","5","5","2","0","2","7"
"OG0000639","BAM12_v2","5","5","2","0","2","7"
"OG0000639","BOR_v1","5","5","2","0","2","7"
"OG0000639","F1-14","5","5","2","0","2","7"
"OG0000639","KN003hexa_v0","5","4","1","1","2","5"
"OG0000639","KN005_v1","5","5","2","0","2","7"
"OG0000639","KN006_v1","5","5","1","0","1","6"
"OG0000639","MN47_mabs_v3","5","4","1","1","2","5"
"OG0000639","Nla","5","5","2","0","2","7"
"OG0000639","NT1_v2","5","5","2","0","2","7"
"OG0000639","NT12_v2","5","5","2","0","2","7"
"OG0000639","NT8_v2_fix","5","5","2","0","2","7"
"OG0000639","NT9_v2","5","5","2","0","2","7"
"OG0000639","PU6_v3_fin","5","5","1","0","1","6"
"OG0000639","TE11_v2","5","5","2","0","2","7"
"OG0000639","TE4_v1","5","5","2","0","2","7"
"OG0000639","TE8_v1","5","5","3","0","3","9"
"OG0000639","WS1_v2_s","5","5","2","0","2","7"
"OG0000679","73_3a","2","2","0","0","0","2"
"OG0000679","AL08_v2_f","2","2","0","0","0","2"
"OG0000679","al1_v2_s","2","1","0","1","1","1"
"OG0000679","AL27_v1","2","1","0","1","1","1"
"OG0000679","ALR","2","2","0","0","0","2"
"OG0000679","BAM12_v2","2","1","0","1","1","1"
"OG0000679","BOR_v1","2","2","0","0","0","2"
"OG0000679","F1-14","2","1","0","1","1","1"
"OG0000679","KN003hexa_v0","2","1","0","1","1","1"
"OG0000679","KN005_v1","2","1","0","1","1","1"
"OG0000679","KN006_v1","2","2","0","0","0","2"
"OG0000679","MN47_mabs_v3","2","2","0","0","0","2"
"OG0000679","MN47_v4","2","2","0","0","0","2"
"OG0000679","Nla","2","2","0","0","0","2"
"OG0000679","NT1_v2","2","2","0","0","0","2"
"OG0000679","NT12_v2","2","2","0","0","0","2"
"OG0000679","NT8_v2_fix","2","2","0","0","0","2"
"OG0000679","NT9_v2","2","1","0","1","1","1"
"OG0000679","PU6_v3_fin","2","2","0","0","0","2"
"OG0000679","TE11_v2","2","2","0","0","0","2"
"OG0000679","TE4_v1","2","1","0","1","1","1"
"OG0000679","TE8_v1","2","2","0","0","0","2"
"OG0000679","WS1_v2_s","2","1","0","1","1","1"
"OG0000692","73_3a","5","4","0","1","1","4"
"OG0000692","AL08_v2_f","5","5","0","0","0","5"
"OG0000692","al1_v2_s","5","5","0","0","0","5"
"OG0000692","AL27_v1","5","5","0","0","0","5"
"OG0000692","ALR","5","5","0","0","0","5"
"OG0000692","BAM12_v2","5","5","0","0","0","5"
"OG0000692","BOR_v1","5","5","0","0","0","5"
"OG0000692","F1-14","5","5","0","0","0","5"
"OG0000692","KN003hexa_v0","5","5","0","0","0","5"
"OG0000692","KN005_v1","5","5","0","0","0","5"
"OG0000692","KN006_v1","5","5","0","0","0","5"
"OG0000692","MN47_mabs_v3","5","5","0","0","0","5"
"OG0000692","Nla","5","4","0","1","1","4"
"OG0000692","NT1_v2","5","5","0","0","0","5"
"OG0000692","NT12_v2","5","5","0","0","0","5"
"OG0000692","NT8_v2_fix","5","4","0","1","1","4"
"OG0000692","NT9_v2","5","5","0","0","0","5"
"OG0000692","PU6_v3_fin","5","4","0","1","1","4"
"OG0000692","TE11_v2","5","4","0","1","1","4"
"OG0000692","TE4_v1","5","5","0","0","0","5"
"OG0000692","TE8_v1","5","5","0","0","0","5"
"OG0000692","WS1_v2_s","5","4","0","1","1","4"
"OG0000712","73_3a","7","7","0","0","0","7"
"OG0000712","AL08_v2_f","7","7","0","0","0","7"
"OG0000712","al1_v2_s","7","7","0","0","0","7"
"OG0000712","AL27_v1","7","7","0","0","0","7"
"OG0000712","ALR","7","7","0","0","0","7"
"OG0000712","BAM12_v2","7","7","0","0","0","7"
"OG0000712","BOR_v1","7","7","0","0","0","7"
"OG0000712","F1-14","7","7","0","0","0","7"
"OG0000712","KN003hexa_v0","7","7","0","0","0","7"
"OG0000712","KN005_v1","7","7","0","0","0","7"
"OG0000712","KN006_v1","7","7","0","0","0","7"
"OG0000712","MN47_mabs_v3","7","7","0","0","0","7"
"OG0000712","Nla","7","7","0","0","0","7"
"OG0000712","NT1_v2","7","7","0","0","0","7"
"OG0000712","NT12_v2","7","7","0","0","0","7"
"OG0000712","NT8_v2_fix","7","7","0","0","0","7"
"OG0000712","NT9_v2","7","7","0","0","0","7"
"OG0000712","PU6_v3_fin","7","6","0","1","1","6"
"OG0000712","TE11_v2","7","7","0","0","0","7"
"OG0000712","TE4_v1","7","7","0","0","0","7"
"OG0000712","TE8_v1","7","7","0","0","0","7"
"OG0000712","WS1_v2_s","7","7","0","0","0","7"
"OG0000720","73_3a","10","8","3","2","5","11"
"OG0000720","AL08_v2_f","10","10","7","0","7","39"
"OG0000720","al1_v2_s","10","8","3","2","5","11"
"OG0000720","AL27_v1","10","7","3","3","6","10"
"OG0000720","ALR","10","8","6","2","8","17"
"OG0000720","BAM12_v2","10","8","5","2","7","13"
"OG0000720","BOR_v1","10","8","5","2","7","15"
"OG0000720","F1-14","10","8","6","2","8","14"
"OG0000720","KN003hexa_v0","10","9","7","1","8","24"
"OG0000720","KN005_v1","10","10","7","0","7","36"
"OG0000720","KN006_v1","10","10","7","0","7","46"
"OG0000720","MN47_mabs_v3","10","10","8","0","8","46"
"OG0000720","Nla","10","8","6","2","8","20"
"OG0000720","NT1_v2","10","8","6","2","8","14"
"OG0000720","NT12_v2","10","8","5","2","7","13"
"OG0000720","NT8_v2_fix","10","8","5","2","7","13"
"OG0000720","NT9_v2","10","8","5","2","7","17"
"OG0000720","PU6_v3_fin","10","8","5","2","7","13"
"OG0000720","TE11_v2","10","8","5","2","7","17"
"OG0000720","TE4_v1","10","8","5","2","7","13"
"OG0000720","TE8_v1","10","8","5","2","7","17"
"OG0000720","WS1_v2_s","10","8","4","2","6","12"
"OG0000724","73_3a","8","5","0","3","3","5"
"OG0000724","AL08_v2_f","8","4","0","4","4","4"
"OG0000724","al1_v2_s","8","8","0","0","0","8"
"OG0000724","AL27_v1","8","5","0","3","3","5"
"OG0000724","ALR","8","4","0","4","4","4"
"OG0000724","BAM12_v2","8","7","0","1","1","7"
"OG0000724","BOR_v1","8","4","0","4","4","4"
"OG0000724","F1-14","8","3","0","5","5","3"
"OG0000724","KN003hexa_v0","8","8","0","0","0","8"
"OG0000724","KN005_v1","8","8","0","0","0","8"
"OG0000724","KN006_v1","8","8","0","0","0","8"
"OG0000724","MN47_mabs_v3","8","8","0","0","0","8"
"OG0000724","MN47_v4","8","1","0","7","7","1"
"OG0000724","Nla","8","4","0","4","4","4"
"OG0000724","NT1_v2","8","8","0","0","0","8"
"OG0000724","NT12_v2","8","5","0","3","3","5"
"OG0000724","NT8_v2_fix","8","6","0","2","2","6"
"OG0000724","NT9_v2","8","7","0","1","1","7"
"OG0000724","PU6_v3_fin","8","4","0","4","4","4"
"OG0000724","TE11_v2","8","5","0","3","3","5"
"OG0000724","TE4_v1","8","5","0","3","3","5"
"OG0000724","TE8_v1","8","5","0","3","3","5"
"OG0000724","WS1_v2_s","8","6","0","2","2","6"
"OG0000725","73_3a","8","4","1","4","5","5"
"OG0000725","AL08_v2_f","8","4","0","4","4","4"
"OG0000725","al1_v2_s","8","4","0","4","4","4"
"OG0000725","AL27_v1","8","3","1","5","6","4"
"OG0000725","ALR","8","6","0","2","2","6"
"OG0000725","BAM12_v2","8","4","0","4","4","4"
"OG0000725","BOR_v1","8","4","0","4","4","4"
"OG0000725","F1-14","8","4","1","4","5","5"
"OG0000725","KN003hexa_v0","8","7","0","1","1","7"
"OG0000725","KN005_v1","8","6","0","2","2","6"
"OG0000725","KN006_v1","8","6","1","2","3","7"
"OG0000725","MN47_mabs_v3","8","8","1","0","1","9"
"OG0000725","Nla","8","4","1","4","5","5"
"OG0000725","NT1_v2","8","5","0","3","3","5"
"OG0000725","NT12_v2","8","4","0","4","4","4"
"OG0000725","NT8_v2_fix","8","4","0","4","4","4"
"OG0000725","NT9_v2","8","5","0","3","3","5"
"OG0000725","PU6_v3_fin","8","3","0","5","5","3"
"OG0000725","TE11_v2","8","3","0","5","5","3"
"OG0000725","TE4_v1","8","3","0","5","5","3"
"OG0000725","TE8_v1","8","4","0","4","4","4"
"OG0000725","WS1_v2_s","8","4","0","4","4","4"
"OG0000728","73_3a","3","2","0","1","1","2"
"OG0000728","AL08_v2_f","3","2","0","1","1","2"
"OG0000728","al1_v2_s","3","2","0","1","1","2"
"OG0000728","AL27_v1","3","3","0","0","0","3"
"OG0000728","ALR","3","3","0","0","0","3"
"OG0000728","BAM12_v2","3","2","0","1","1","2"
"OG0000728","BOR_v1","3","2","0","1","1","2"
"OG0000728","F1-14","3","1","0","2","2","1"
"OG0000728","KN003hexa_v0","3","3","0","0","0","3"
"OG0000728","KN005_v1","3","3","0","0","0","3"
"OG0000728","KN006_v1","3","3","0","0","0","3"
"OG0000728","MN47_mabs_v3","3","3","0","0","0","3"
"OG0000728","Nla","3","2","0","1","1","2"
"OG0000728","NT1_v2","3","3","0","0","0","3"
"OG0000728","NT12_v2","3","2","0","1","1","2"
"OG0000728","NT8_v2_fix","3","2","0","1","1","2"
"OG0000728","NT9_v2","3","2","0","1","1","2"
"OG0000728","PU6_v3_fin","3","3","0","0","0","3"
"OG0000728","TE11_v2","3","2","0","1","1","2"
"OG0000728","TE4_v1","3","2","0","1","1","2"
"OG0000728","TE8_v1","3","2","0","1","1","2"
"OG0000728","WS1_v2_s","3","2","0","1","1","2"
"OG0000731","73_3a","5","5","0","0","0","5"
"OG0000731","AL08_v2_f","5","5","0","0","0","5"
"OG0000731","al1_v2_s","5","4","0","1","1","4"
"OG0000731","AL27_v1","5","5","0","0","0","5"
"OG0000731","ALR","5","5","0","0","0","5"
"OG0000731","BAM12_v2","5","4","0","1","1","4"
"OG0000731","BOR_v1","5","5","0","0","0","5"
"OG0000731","F1-14","5","5","0","0","0","5"
"OG0000731","KN003hexa_v0","5","4","0","1","1","4"
"OG0000731","KN005_v1","5","5","0","0","0","5"
"OG0000731","KN006_v1","5","5","0","0","0","5"
"OG0000731","MN47_mabs_v3","5","5","0","0","0","5"
"OG0000731","MN47_v4","5","4","0","1","1","4"
"OG0000731","Nla","5","5","0","0","0","5"
"OG0000731","NT1_v2","5","5","0","0","0","5"
"OG0000731","NT12_v2","5","4","0","1","1","4"
"OG0000731","NT8_v2_fix","5","5","0","0","0","5"
"OG0000731","NT9_v2","5","4","0","1","1","4"
"OG0000731","PU6_v3_fin","5","4","0","1","1","4"
"OG0000731","TE11_v2","5","4","0","1","1","4"
"OG0000731","TE4_v1","5","4","0","1","1","4"
"OG0000731","TE8_v1","5","4","0","1","1","4"
"OG0000731","WS1_v2_s","5","5","0","0","0","5"
"OG0000736","73_3a","1","1","0","0","0","1"
"OG0000736","AL08_v2_f","1","1","0","0","0","1"
"OG0000736","al1_v2_s","1","1","0","0","0","1"
"OG0000736","AL27_v1","1","1","0","0","0","1"
"OG0000736","BAM12_v2","1","1","0","0","0","1"
"OG0000736","BOR_v1","1","1","0","0","0","1"
"OG0000736","F1-14","1","1","0","0","0","1"
"OG0000736","KN003hexa_v0","1","1","0","0","0","1"
"OG0000736","KN005_v1","1","1","0","0","0","1"
"OG0000736","KN006_v1","1","1","0","0","0","1"
"OG0000736","MN47_mabs_v3","1","1","0","0","0","1"
"OG0000736","Nla","1","1","0","0","0","1"
"OG0000736","NT1_v2","1","1","0","0","0","1"
"OG0000736","NT12_v2","1","1","0","0","0","1"
"OG0000736","NT8_v2_fix","1","1","0","0","0","1"
"OG0000736","NT9_v2","1","1","0","0","0","1"
"OG0000736","PU6_v3_fin","1","1","0","0","0","1"
"OG0000736","TE11_v2","1","1","0","0","0","1"
"OG0000736","TE4_v1","1","1","0","0","0","1"
"OG0000736","TE8_v1","1","1","0","0","0","1"
"OG0000736","WS1_v2_s","1","1","0","0","0","1"
"OG0000739","73_3a","4","4","2","0","2","7"
"OG0000739","AL08_v2_f","4","4","2","0","2","7"
"OG0000739","al1_v2_s","4","4","2","0","2","7"
"OG0000739","AL27_v1","4","4","2","0","2","7"
"OG0000739","ALR","4","4","2","0","2","7"
"OG0000739","BAM12_v2","4","4","2","0","2","7"
"OG0000739","BOR_v1","4","3","2","1","3","6"
"OG0000739","F1-14","4","4","2","0","2","7"
"OG0000739","KN003hexa_v0","4","4","2","0","2","7"
"OG0000739","KN005_v1","4","4","2","0","2","7"
"OG0000739","KN006_v1","4","4","2","0","2","7"
"OG0000739","MN47_mabs_v3","4","4","2","0","2","7"
"OG0000739","Nla","4","4","2","0","2","7"
"OG0000739","NT1_v2","4","4","2","0","2","7"
"OG0000739","NT12_v2","4","4","2","0","2","7"
"OG0000739","NT8_v2_fix","4","4","2","0","2","7"
"OG0000739","NT9_v2","4","4","2","0","2","7"
"OG0000739","PU6_v3_fin","4","4","2","0","2","7"
"OG0000739","TE11_v2","4","4","2","0","2","7"
"OG0000739","TE4_v1","4","4","2","0","2","7"
"OG0000739","TE8_v1","4","4","2","0","2","7"
"OG0000739","WS1_v2_s","4","4","2","0","2","6"
"OG0000761","73_3a","4","4","2","0","2","7"
"OG0000761","AL08_v2_f","4","4","0","0","0","4"
"OG0000761","al1_v2_s","4","4","0","0","0","4"
"OG0000761","AL27_v1","4","4","0","0","0","4"
"OG0000761","ALR","4","4","2","0","2","6"
"OG0000761","BAM12_v2","4","4","2","0","2","6"
"OG0000761","BOR_v1","4","4","2","0","2","6"
"OG0000761","F1-14","4","4","1","0","1","5"
"OG0000761","KN003hexa_v0","4","4","2","0","2","6"
"OG0000761","KN005_v1","4","4","2","0","2","7"
"OG0000761","KN006_v1","4","4","2","0","2","6"
"OG0000761","MN47_mabs_v3","4","4","2","0","2","6"
"OG0000761","Nla","4","4","2","0","2","7"
"OG0000761","NT1_v2","4","1","0","3","3","1"
"OG0000761","NT12_v2","4","4","1","0","1","5"
"OG0000761","NT8_v2_fix","4","4","3","0","3","7"
"OG0000761","NT9_v2","4","4","1","0","1","5"
"OG0000761","PU6_v3_fin","4","4","0","0","0","4"
"OG0000761","TE11_v2","4","4","0","0","0","4"
"OG0000761","TE4_v1","4","4","1","0","1","5"
"OG0000761","TE8_v1","4","4","0","0","0","4"
"OG0000761","WS1_v2_s","4","4","1","0","1","5"
"OG0000792","73_3a","2","2","0","0","0","2"
"OG0000792","AL08_v2_f","2","2","0","0","0","2"
"OG0000792","al1_v2_s","2","2","0","0","0","2"
"OG0000792","AL27_v1","2","2","0","0","0","2"
"OG0000792","ALR","2","2","0","0","0","2"
"OG0000792","BAM12_v2","2","2","0","0","0","2"
"OG0000792","BOR_v1","2","2","0","0","0","2"
"OG0000792","F1-14","2","2","0","0","0","2"
"OG0000792","KN003hexa_v0","2","2","0","0","0","2"
"OG0000792","KN005_v1","2","2","0","0","0","2"
"OG0000792","KN006_v1","2","2","0","0","0","2"
"OG0000792","MN47_mabs_v3","2","2","0","0","0","2"
"OG0000792","Nla","2","2","0","0","0","2"
"OG0000792","NT1_v2","2","2","0","0","0","2"
"OG0000792","NT12_v2","2","2","0","0","0","2"
"OG0000792","NT8_v2_fix","2","2","0","0","0","2"
"OG0000792","NT9_v2","2","2","0","0","0","2"
"OG0000792","PU6_v3_fin","2","2","0","0","0","2"
"OG0000792","TE11_v2","2","2","0","0","0","2"
"OG0000792","TE4_v1","2","2","0","0","0","2"
"OG0000792","TE8_v1","2","2","0","0","0","2"
"OG0000792","WS1_v2_s","2","2","0","0","0","2"
"OG0000817","73_3a","7","6","2","1","3","9"
"OG0000817","AL08_v2_f","7","5","1","2","3","6"
"OG0000817","al1_v2_s","7","7","2","0","2","10"
"OG0000817","AL27_v1","7","5","1","2","3","6"
"OG0000817","ALR","7","7","1","0","1","8"
"OG0000817","BAM12_v2","7","5","1","2","3","6"
"OG0000817","BOR_v1","7","5","1","2","3","6"
"OG0000817","F1-14","7","7","2","0","2","10"
"OG0000817","KN003hexa_v0","7","7","2","0","2","9"
"OG0000817","KN005_v1","7","7","2","0","2","10"
"OG0000817","KN006_v1","7","7","2","0","2","10"
"OG0000817","MN47_mabs_v3","7","7","2","0","2","10"
"OG0000817","MN47_v4","7","1","0","6","6","1"
"OG0000817","Nla","7","7","2","0","2","10"
"OG0000817","NT1_v2","7","5","1","2","3","7"
"OG0000817","NT12_v2","7","6","1","1","2","7"
"OG0000817","NT8_v2_fix","7","6","1","1","2","7"
"OG0000817","NT9_v2","7","7","1","0","1","9"
"OG0000817","PU6_v3_fin","7","6","2","1","3","9"
"OG0000817","TE11_v2","7","7","2","0","2","10"
"OG0000817","TE4_v1","7","7","1","0","1","8"
"OG0000817","TE8_v1","7","6","1","1","2","7"
"OG0000817","WS1_v2_s","7","6","1","1","2","7"
"OG0000822","73_3a","8","7","0","1","1","7"
"OG0000822","AL08_v2_f","8","7","0","1","1","7"
"OG0000822","al1_v2_s","8","8","0","0","0","8"
"OG0000822","AL27_v1","8","8","0","0","0","8"
"OG0000822","ALR","8","8","0","0","0","8"
"OG0000822","BAM12_v2","8","8","0","0","0","8"
"OG0000822","BOR_v1","8","8","0","0","0","8"
"OG0000822","F1-14","8","8","1","0","1","9"
"OG0000822","KN003hexa_v0","8","8","1","0","1","9"
"OG0000822","KN005_v1","8","8","1","0","1","9"
"OG0000822","KN006_v1","8","8","1","0","1","9"
"OG0000822","MN47_mabs_v3","8","8","0","0","0","8"
"OG0000822","Nla","8","8","0","0","0","8"
"OG0000822","NT1_v2","8","7","0","1","1","7"
"OG0000822","NT12_v2","8","8","0","0","0","8"
"OG0000822","NT8_v2_fix","8","8","0","0","0","8"
"OG0000822","NT9_v2","8","8","0","0","0","8"
"OG0000822","PU6_v3_fin","8","8","0","0","0","8"
"OG0000822","TE11_v2","8","8","0","0","0","8"
"OG0000822","TE4_v1","8","8","0","0","0","8"
"OG0000822","TE8_v1","8","8","0","0","0","8"
"OG0000822","WS1_v2_s","8","8","0","0","0","8"
"OG0000846","73_3a","4","4","0","0","0","4"
"OG0000846","AL08_v2_f","4","4","1","0","1","5"
"OG0000846","al1_v2_s","4","4","0","0","0","4"
"OG0000846","AL27_v1","4","4","0","0","0","4"
"OG0000846","ALR","4","4","0","0","0","4"
"OG0000846","BAM12_v2","4","4","0","0","0","4"
"OG0000846","BOR_v1","4","4","0","0","0","4"
"OG0000846","F1-14","4","4","0","0","0","4"
"OG0000846","KN003hexa_v0","4","4","0","0","0","4"
"OG0000846","KN005_v1","4","4","0","0","0","4"
"OG0000846","KN006_v1","4","4","0","0","0","4"
"OG0000846","MN47_mabs_v3","4","4","0","0","0","4"
"OG0000846","Nla","4","4","0","0","0","4"
"OG0000846","NT1_v2","4","4","0","0","0","4"
"OG0000846","NT12_v2","4","4","0","0","0","4"
"OG0000846","NT8_v2_fix","4","4","0","0","0","4"
"OG0000846","NT9_v2","4","4","0","0","0","4"
"OG0000846","PU6_v3_fin","4","4","1","0","1","5"
"OG0000846","TE11_v2","4","4","0","0","0","4"
"OG0000846","TE4_v1","4","4","0","0","0","4"
"OG0000846","TE8_v1","4","4","0","0","0","4"
"OG0000846","WS1_v2_s","4","4","0","0","0","4"
"OG0000857","73_3a","2","2","0","0","0","2"
"OG0000857","AL08_v2_f","2","2","0","0","0","2"
"OG0000857","al1_v2_s","2","2","0","0","0","2"
"OG0000857","AL27_v1","2","2","0","0","0","2"
"OG0000857","ALR","2","2","0","0","0","2"
"OG0000857","BAM12_v2","2","2","0","0","0","2"
"OG0000857","BOR_v1","2","2","0","0","0","2"
"OG0000857","F1-14","2","2","0","0","0","2"
"OG0000857","KN003hexa_v0","2","2","0","0","0","2"
"OG0000857","KN005_v1","2","2","0","0","0","2"
"OG0000857","KN006_v1","2","2","0","0","0","2"
"OG0000857","MN47_mabs_v3","2","2","0","0","0","2"
"OG0000857","MN47_v4","2","1","0","1","1","1"
"OG0000857","Nla","2","2","0","0","0","2"
"OG0000857","NT1_v2","2","2","0","0","0","2"
"OG0000857","NT12_v2","2","2","0","0","0","2"
"OG0000857","NT8_v2_fix","2","2","0","0","0","2"
"OG0000857","NT9_v2","2","2","0","0","0","2"
"OG0000857","PU6_v3_fin","2","2","0","0","0","2"
"OG0000857","TE11_v2","2","2","0","0","0","2"
"OG0000857","TE4_v1","2","2","0","0","0","2"
"OG0000857","TE8_v1","2","2","0","0","0","2"
"OG0000857","WS1_v2_s","2","2","0","0","0","2"
"OG0000865","73_3a","10","10","1","0","1","12"
"OG0000865","AL08_v2_f","10","9","3","1","4","12"
"OG0000865","al1_v2_s","10","10","7","0","7","27"
"OG0000865","AL27_v1","10","10","2","0","2","12"
"OG0000865","ALR","10","9","2","1","3","12"
"OG0000865","BAM12_v2","10","10","7","0","7","26"
"OG0000865","BOR_v1","10","10","3","0","3","13"
"OG0000865","F1-14","10","10","6","0","6","18"
"OG0000865","KN003hexa_v0","10","10","7","0","7","31"
"OG0000865","KN005_v1","10","9","7","1","8","29"
"OG0000865","KN006_v1","10","10","5","0","5","22"
"OG0000865","MN47_mabs_v3","10","10","7","0","7","34"
"OG0000865","Nla","10","10","4","0","4","17"
"OG0000865","NT1_v2","10","10","7","0","7","26"
"OG0000865","NT12_v2","10","10","7","0","7","25"
"OG0000865","NT8_v2_fix","10","10","6","0","6","18"
"OG0000865","NT9_v2","10","10","7","0","7","26"
"OG0000865","PU6_v3_fin","10","10","7","0","7","23"
"OG0000865","TE11_v2","10","10","7","0","7","25"
"OG0000865","TE4_v1","10","10","3","0","3","16"
"OG0000865","TE8_v1","10","10","7","0","7","24"
"OG0000865","WS1_v2_s","10","8","2","2","4","11"
"OG0000887","73_3a","5","4","0","1","1","4"
"OG0000887","AL08_v2_f","5","2","0","3","3","2"
"OG0000887","al1_v2_s","5","5","0","0","0","5"
"OG0000887","AL27_v1","5","4","0","1","1","4"
"OG0000887","ALR","5","4","0","1","1","4"
"OG0000887","BAM12_v2","5","1","0","4","4","1"
"OG0000887","BOR_v1","5","2","0","3","3","2"
"OG0000887","F1-14","5","2","0","3","3","2"
"OG0000887","KN003hexa_v0","5","5","0","0","0","5"
"OG0000887","KN005_v1","5","5","0","0","0","5"
"OG0000887","KN006_v1","5","5","0","0","0","5"
"OG0000887","MN47_mabs_v3","5","5","2","0","2","7"
"OG0000887","Nla","5","2","0","3","3","2"
"OG0000887","NT1_v2","5","4","0","1","1","4"
"OG0000887","NT12_v2","5","2","0","3","3","2"
"OG0000887","NT8_v2_fix","5","2","0","3","3","2"
"OG0000887","NT9_v2","5","2","0","3","3","2"
"OG0000887","PU6_v3_fin","5","1","0","4","4","1"
"OG0000887","TE11_v2","5","4","0","1","1","4"
"OG0000887","TE4_v1","5","4","0","1","1","4"
"OG0000887","TE8_v1","5","4","0","1","1","4"
"OG0000887","WS1_v2_s","5","2","0","3","3","2"
"OG0000893","73_3a","5","5","3","0","3","10"
"OG0000893","AL08_v2_f","5","5","2","0","2","10"
"OG0000893","al1_v2_s","5","5","2","0","2","8"
"OG0000893","AL27_v1","5","5","3","0","3","11"
"OG0000893","ALR","5","5","2","0","2","8"
"OG0000893","BAM12_v2","5","5","3","0","3","9"
"OG0000893","BOR_v1","5","5","3","0","3","10"
"OG0000893","F1-14","5","5","3","0","3","9"
"OG0000893","KN003hexa_v0","5","5","2","0","2","8"
"OG0000893","KN005_v1","5","5","3","0","3","9"
"OG0000893","KN006_v1","5","5","2","0","2","8"
"OG0000893","MN47_mabs_v3","5","5","3","0","3","9"
"OG0000893","MN47_v4","5","1","0","4","4","1"
"OG0000893","Nla","5","5","3","0","3","11"
"OG0000893","NT1_v2","5","5","3","0","3","9"
"OG0000893","NT12_v2","5","4","2","1","3","6"
"OG0000893","NT8_v2_fix","5","4","2","1","3","6"
"OG0000893","NT9_v2","5","4","2","1","3","6"
"OG0000893","PU6_v3_fin","5","5","2","0","2","8"
"OG0000893","TE11_v2","5","5","3","0","3","9"
"OG0000893","TE4_v1","5","4","2","1","3","6"
"OG0000893","TE8_v1","5","5","1","0","1","7"
"OG0000893","WS1_v2_s","5","5","3","0","3","9"
"OG0000907","73_3a","6","5","0","1","1","5"
"OG0000907","AL08_v2_f","6","5","0","1","1","5"
"OG0000907","al1_v2_s","6","6","0","0","0","6"
"OG0000907","AL27_v1","6","6","0","0","0","6"
"OG0000907","ALR","6","5","0","1","1","5"
"OG0000907","BAM12_v2","6","6","0","0","0","6"
"OG0000907","BOR_v1","6","6","0","0","0","6"
"OG0000907","F1-14","6","5","0","1","1","5"
"OG0000907","KN003hexa_v0","6","5","2","1","3","8"
"OG0000907","KN005_v1","6","6","0","0","0","6"
"OG0000907","KN006_v1","6","6","0","0","0","6"
"OG0000907","MN47_mabs_v3","6","6","2","0","2","9"
"OG0000907","Nla","6","6","0","0","0","6"
"OG0000907","NT1_v2","6","6","1","0","1","7"
"OG0000907","NT12_v2","6","6","0","0","0","6"
"OG0000907","NT8_v2_fix","6","6","0","0","0","6"
"OG0000907","NT9_v2","6","6","0","0","0","6"
"OG0000907","PU6_v3_fin","6","6","0","0","0","6"
"OG0000907","TE11_v2","6","4","0","2","2","4"
"OG0000907","TE4_v1","6","4","0","2","2","4"
"OG0000907","TE8_v1","6","6","0","0","0","6"
"OG0000907","WS1_v2_s","6","6","0","0","0","6"
"OG0000913","73_3a","8","5","0","3","3","5"
"OG0000913","AL08_v2_f","8","5","0","3","3","5"
"OG0000913","al1_v2_s","8","6","0","2","2","6"
"OG0000913","AL27_v1","8","6","0","2","2","6"
"OG0000913","ALR","8","5","0","3","3","5"
"OG0000913","BAM12_v2","8","6","0","2","2","6"
"OG0000913","BOR_v1","8","5","0","3","3","5"
"OG0000913","F1-14","8","4","0","4","4","4"
"OG0000913","KN003hexa_v0","8","7","0","1","1","7"
"OG0000913","KN005_v1","8","7","0","1","1","7"
"OG0000913","KN006_v1","8","8","0","0","0","8"
"OG0000913","MN47_mabs_v3","8","8","0","0","0","8"
"OG0000913","Nla","8","5","0","3","3","5"
"OG0000913","NT1_v2","8","7","0","1","1","7"
"OG0000913","NT12_v2","8","6","0","2","2","6"
"OG0000913","NT8_v2_fix","8","6","0","2","2","6"
"OG0000913","NT9_v2","8","6","0","2","2","6"
"OG0000913","PU6_v3_fin","8","7","0","1","1","7"
"OG0000913","TE11_v2","8","6","0","2","2","6"
"OG0000913","TE4_v1","8","7","0","1","1","7"
"OG0000913","TE8_v1","8","6","0","2","2","6"
"OG0000913","WS1_v2_s","8","6","0","2","2","6"
"OG0000929","73_3a","5","5","1","0","1","6"
"OG0000929","AL08_v2_f","5","5","1","0","1","6"
"OG0000929","al1_v2_s","5","5","2","0","2","7"
"OG0000929","AL27_v1","5","5","0","0","0","5"
"OG0000929","ALR","5","5","2","0","2","7"
"OG0000929","BAM12_v2","5","5","1","0","1","6"
"OG0000929","BOR_v1","5","5","0","0","0","5"
"OG0000929","F1-14","5","5","3","0","3","9"
"OG0000929","KN003hexa_v0","5","5","3","0","3","9"
"OG0000929","KN005_v1","5","5","3","0","3","9"
"OG0000929","KN006_v1","5","5","3","0","3","9"
"OG0000929","MN47_mabs_v3","5","5","3","0","3","8"
"OG0000929","Nla","5","5","3","0","3","8"
"OG0000929","NT1_v2","5","5","0","0","0","5"
"OG0000929","NT12_v2","5","5","1","0","1","6"
"OG0000929","NT8_v2_fix","5","5","1","0","1","6"
"OG0000929","NT9_v2","5","5","1","0","1","6"
"OG0000929","PU6_v3_fin","5","5","2","0","2","7"
"OG0000929","TE11_v2","5","5","1","0","1","6"
"OG0000929","TE4_v1","5","5","1","0","1","6"
"OG0000929","TE8_v1","5","5","0","0","0","5"
"OG0000929","WS1_v2_s","5","5","1","0","1","6"
"OG0000949","73_3a","4","4","3","0","3","8"
"OG0000949","AL08_v2_f","4","4","3","0","3","9"
"OG0000949","al1_v2_s","4","4","3","0","3","9"
"OG0000949","AL27_v1","4","4","2","0","2","7"
"OG0000949","ALR","4","4","3","0","3","8"
"OG0000949","BAM12_v2","4","4","3","0","3","8"
"OG0000949","BOR_v1","4","4","3","0","3","8"
"OG0000949","F1-14","4","4","3","0","3","8"
"OG0000949","KN003hexa_v0","4","4","2","0","2","7"
"OG0000949","KN005_v1","4","4","3","0","3","8"
"OG0000949","KN006_v1","4","4","3","0","3","8"
"OG0000949","MN47_mabs_v3","4","4","3","0","3","8"
"OG0000949","Nla","4","4","3","0","3","8"
"OG0000949","NT1_v2","4","4","3","0","3","8"
"OG0000949","NT12_v2","4","4","2","0","2","7"
"OG0000949","NT8_v2_fix","4","4","3","0","3","8"
"OG0000949","NT9_v2","4","4","3","0","3","8"
"OG0000949","PU6_v3_fin","4","4","3","0","3","10"
"OG0000949","TE11_v2","4","4","3","0","3","8"
"OG0000949","TE4_v1","4","4","3","0","3","9"
"OG0000949","TE8_v1","4","4","3","0","3","8"
"OG0000949","WS1_v2_s","4","4","3","0","3","9"
"OG0000962","73_3a","4","4","0","0","0","4"
"OG0000962","AL08_v2_f","4","4","0","0","0","4"
"OG0000962","al1_v2_s","4","4","0","0","0","4"
"OG0000962","AL27_v1","4","4","0","0","0","4"
"OG0000962","ALR","4","4","0","0","0","4"
"OG0000962","BAM12_v2","4","4","0","0","0","4"
"OG0000962","BOR_v1","4","4","0","0","0","4"
"OG0000962","F1-14","4","3","0","1","1","3"
"OG0000962","KN003hexa_v0","4","4","0","0","0","4"
"OG0000962","KN005_v1","4","4","0","0","0","4"
"OG0000962","KN006_v1","4","4","0","0","0","4"
"OG0000962","MN47_mabs_v3","4","4","0","0","0","4"
"OG0000962","Nla","4","4","0","0","0","4"
"OG0000962","NT1_v2","4","4","0","0","0","4"
"OG0000962","NT12_v2","4","4","0","0","0","4"
"OG0000962","NT8_v2_fix","4","4","0","0","0","4"
"OG0000962","NT9_v2","4","4","0","0","0","4"
"OG0000962","PU6_v3_fin","4","4","0","0","0","4"
"OG0000962","TE11_v2","4","4","0","0","0","4"
"OG0000962","TE4_v1","4","4","0","0","0","4"
"OG0000962","TE8_v1","4","4","0","0","0","4"
"OG0000962","WS1_v2_s","4","4","0","0","0","4"
"OG0001007","73_3a","7","4","1","3","4","5"
"OG0001007","AL08_v2_f","7","6","3","1","4","9"
"OG0001007","al1_v2_s","7","5","0","2","2","5"
"OG0001007","AL27_v1","7","5","1","2","3","6"
"OG0001007","ALR","7","5","0","2","2","5"
"OG0001007","BAM12_v2","7","7","3","0","3","10"
"OG0001007","BOR_v1","7","5","0","2","2","5"
"OG0001007","F1-14","7","4","0","3","3","4"
"OG0001007","KN003hexa_v0","7","7","4","0","4","13"
"OG0001007","KN005_v1","7","7","3","0","3","11"
"OG0001007","KN006_v1","7","7","4","0","4","11"
"OG0001007","MN47_mabs_v3","7","7","4","0","4","12"
"OG0001007","Nla","7","7","0","0","0","7"
"OG0001007","NT1_v2","7","5","0","2","2","5"
"OG0001007","NT12_v2","7","6","2","1","3","8"
"OG0001007","NT8_v2_fix","7","7","1","0","1","8"
"OG0001007","NT9_v2","7","5","0","2","2","5"
"OG0001007","PU6_v3_fin","7","2","0","5","5","2"
"OG0001007","TE11_v2","7","7","1","0","1","8"
"OG0001007","TE4_v1","7","2","0","5","5","2"
"OG0001007","TE8_v1","7","2","0","5","5","2"
"OG0001007","WS1_v2_s","7","6","2","1","3","9"
"OG0001019","73_3a","2","2","0","0","0","2"
"OG0001019","AL08_v2_f","2","2","0","0","0","2"
"OG0001019","al1_v2_s","2","2","0","0","0","2"
"OG0001019","AL27_v1","2","2","0","0","0","2"
"OG0001019","ALR","2","2","0","0","0","2"
"OG0001019","BAM12_v2","2","2","0","0","0","2"
"OG0001019","BOR_v1","2","2","0","0","0","2"
"OG0001019","F1-14","2","2","0","0","0","2"
"OG0001019","KN003hexa_v0","2","2","0","0","0","2"
"OG0001019","KN005_v1","2","2","0","0","0","2"
"OG0001019","KN006_v1","2","2","0","0","0","2"
"OG0001019","MN47_mabs_v3","2","2","0","0","0","2"
"OG0001019","Nla","2","2","0","0","0","2"
"OG0001019","NT1_v2","2","2","0","0","0","2"
"OG0001019","NT12_v2","2","2","0","0","0","2"
"OG0001019","NT8_v2_fix","2","2","0","0","0","2"
"OG0001019","NT9_v2","2","2","0","0","0","2"
"OG0001019","PU6_v3_fin","2","2","0","0","0","2"
"OG0001019","TE11_v2","2","2","0","0","0","2"
"OG0001019","TE4_v1","2","2","0","0","0","2"
"OG0001019","TE8_v1","2","2","0","0","0","2"
"OG0001019","WS1_v2_s","2","2","0","0","0","2"
"OG0001038","73_3a","1","1","0","0","0","1"
"OG0001038","AL08_v2_f","1","1","0","0","0","1"
"OG0001038","al1_v2_s","1","1","0","0","0","1"
"OG0001038","AL27_v1","1","1","0","0","0","1"
"OG0001038","BOR_v1","1","1","0","0","0","1"
"OG0001038","F1-14","1","1","0","0","0","1"
"OG0001038","KN003hexa_v0","1","1","0","0","0","1"
"OG0001038","KN005_v1","1","1","0","0","0","1"
"OG0001038","KN006_v1","1","1","0","0","0","1"
"OG0001038","MN47_mabs_v3","1","1","0","0","0","1"
"OG0001038","NT1_v2","1","1","0","0","0","1"
"OG0001038","NT9_v2","1","1","0","0","0","1"
"OG0001038","PU6_v3_fin","1","1","0","0","0","1"
"OG0001038","TE11_v2","1","1","0","0","0","1"
"OG0001038","TE4_v1","1","1","0","0","0","1"
"OG0001038","TE8_v1","1","1","0","0","0","1"
"OG0001038","WS1_v2_s","1","1","0","0","0","1"
"OG0001079","73_3a","3","1","0","2","2","1"
"OG0001079","AL08_v2_f","3","1","0","2","2","1"
"OG0001079","al1_v2_s","3","1","0","2","2","1"
"OG0001079","ALR","3","2","0","1","1","2"
"OG0001079","BAM12_v2","3","2","0","1","1","2"
"OG0001079","BOR_v1","3","1","0","2","2","1"
"OG0001079","F1-14","3","1","0","2","2","1"
"OG0001079","KN003hexa_v0","3","3","0","0","0","3"
"OG0001079","KN005_v1","3","1","0","2","2","1"
"OG0001079","KN006_v1","3","2","0","1","1","2"
"OG0001079","MN47_mabs_v3","3","3","0","0","0","3"
"OG0001079","NT1_v2","3","1","0","2","2","1"
"OG0001079","NT12_v2","3","2","0","1","1","2"
"OG0001079","NT8_v2_fix","3","3","0","0","0","3"
"OG0001079","NT9_v2","3","2","0","1","1","2"
"OG0001079","PU6_v3_fin","3","1","0","2","2","1"
"OG0001079","TE11_v2","3","1","0","2","2","1"
"OG0001079","TE8_v1","3","2","0","1","1","2"
"OG0001079","WS1_v2_s","3","1","0","2","2","1"
"OG0001115","73_3a","7","7","0","0","0","7"
"OG0001115","AL08_v2_f","7","7","0","0","0","7"
"OG0001115","al1_v2_s","7","7","0","0","0","7"
"OG0001115","AL27_v1","7","7","0","0","0","7"
"OG0001115","ALR","7","7","0","0","0","7"
"OG0001115","BAM12_v2","7","7","0","0","0","7"
"OG0001115","BOR_v1","7","7","0","0","0","7"
"OG0001115","F1-14","7","7","0","0","0","7"
"OG0001115","KN003hexa_v0","7","7","0","0","0","7"
"OG0001115","KN005_v1","7","7","0","0","0","7"
"OG0001115","KN006_v1","7","7","0","0","0","7"
"OG0001115","MN47_mabs_v3","7","7","0","0","0","7"
"OG0001115","Nla","7","7","1","0","1","8"
"OG0001115","NT1_v2","7","7","0","0","0","7"
"OG0001115","NT12_v2","7","6","2","1","3","8"
"OG0001115","NT8_v2_fix","7","7","0","0","0","7"
"OG0001115","NT9_v2","7","7","0","0","0","7"
"OG0001115","PU6_v3_fin","7","7","0","0","0","7"
"OG0001115","TE11_v2","7","7","0","0","0","7"
"OG0001115","TE4_v1","7","7","1","0","1","8"
"OG0001115","TE8_v1","7","7","0","0","0","7"
"OG0001115","WS1_v2_s","7","7","0","0","0","7"
"OG0001127","73_3a","7","6","2","1","3","9"
"OG0001127","AL08_v2_f","7","7","3","0","3","11"
"OG0001127","al1_v2_s","7","1","0","6","6","1"
"OG0001127","AL27_v1","7","3","0","4","4","3"
"OG0001127","ALR","7","7","3","0","3","11"
"OG0001127","BAM12_v2","7","6","0","1","1","6"
"OG0001127","BOR_v1","7","7","3","0","3","10"
"OG0001127","F1-14","7","4","2","3","5","7"
"OG0001127","KN003hexa_v0","7","7","1","0","1","8"
"OG0001127","KN005_v1","7","7","1","0","1","8"
"OG0001127","KN006_v1","7","7","3","0","3","11"
"OG0001127","MN47_mabs_v3","7","7","3","0","3","11"
"OG0001127","MN47_v4","7","3","0","4","4","3"
"OG0001127","Nla","7","7","2","0","2","10"
"OG0001127","NT1_v2","7","3","2","4","6","6"
"OG0001127","NT12_v2","7","7","2","0","2","10"
"OG0001127","NT8_v2_fix","7","7","3","0","3","10"
"OG0001127","NT9_v2","7","6","2","1","3","9"
"OG0001127","PU6_v3_fin","7","5","3","2","5","9"
"OG0001127","TE11_v2","7","6","2","1","3","9"
"OG0001127","TE4_v1","7","5","3","2","5","9"
"OG0001127","TE8_v1","7","6","2","1","3","9"
"OG0001127","WS1_v2_s","7","6","3","1","4","10"
"OG0001132","73_3a","6","6","4","0","4","13"
"OG0001132","AL08_v2_f","6","5","0","1","1","5"
"OG0001132","al1_v2_s","6","5","4","1","5","14"
"OG0001132","AL27_v1","6","5","4","1","5","14"
"OG0001132","ALR","6","5","4","1","5","18"
"OG0001132","BAM12_v2","6","6","3","0","3","12"
"OG0001132","BOR_v1","6","5","3","1","4","11"
"OG0001132","F1-14","6","6","3","0","3","13"
"OG0001132","KN003hexa_v0","6","6","4","0","4","16"
"OG0001132","KN005_v1","6","6","4","0","4","11"
"OG0001132","KN006_v1","6","4","3","2","5","9"
"OG0001132","MN47_mabs_v3","6","6","4","0","4","19"
"OG0001132","Nla","6","5","4","1","5","15"
"OG0001132","NT1_v2","6","4","1","2","3","5"
"OG0001132","NT12_v2","6","5","2","1","3","7"
"OG0001132","NT8_v2_fix","6","5","1","1","2","6"
"OG0001132","NT9_v2","6","6","4","0","4","17"
"OG0001132","PU6_v3_fin","6","5","2","1","3","8"
"OG0001132","TE11_v2","6","6","4","0","4","11"
"OG0001132","TE4_v1","6","5","3","1","4","11"
"OG0001132","TE8_v1","6","5","1","1","2","6"
"OG0001132","WS1_v2_s","6","6","4","0","4","17"
"OG0001135","73_3a","8","5","0","3","3","5"
"OG0001135","AL08_v2_f","8","5","1","3","4","6"
"OG0001135","al1_v2_s","8","5","0","3","3","5"
"OG0001135","AL27_v1","8","5","1","3","4","6"
"OG0001135","ALR","8","5","1","3","4","6"
"OG0001135","BAM12_v2","8","5","0","3","3","5"
"OG0001135","BOR_v1","8","6","0","2","2","6"
"OG0001135","F1-14","8","6","0","2","2","6"
"OG0001135","KN003hexa_v0","8","5","1","3","4","6"
"OG0001135","KN005_v1","8","4","1","4","5","5"
"OG0001135","KN006_v1","8","4","1","4","5","5"
"OG0001135","MN47_mabs_v3","8","7","1","1","2","8"
"OG0001135","MN47_v4","8","1","0","7","7","1"
"OG0001135","Nla","8","6","1","2","3","7"
"OG0001135","NT1_v2","8","3","0","5","5","3"
"OG0001135","NT12_v2","8","4","0","4","4","4"
"OG0001135","NT8_v2_fix","8","5","0","3","3","5"
"OG0001135","NT9_v2","8","5","0","3","3","5"
"OG0001135","PU6_v3_fin","8","5","0","3","3","5"
"OG0001135","TE11_v2","8","3","0","5","5","3"
"OG0001135","TE4_v1","8","6","0","2","2","6"
"OG0001135","TE8_v1","8","5","1","3","4","6"
"OG0001135","WS1_v2_s","8","5","1","3","4","6"
"OG0001136","73_3a","6","6","0","0","0","6"
"OG0001136","AL08_v2_f","6","6","0","0","0","6"
"OG0001136","al1_v2_s","6","5","0","1","1","5"
"OG0001136","AL27_v1","6","6","0","0","0","6"
"OG0001136","ALR","6","6","0","0","0","6"
"OG0001136","BAM12_v2","6","5","0","1","1","5"
"OG0001136","BOR_v1","6","6","0","0","0","6"
"OG0001136","F1-14","6","6","0","0","0","6"
"OG0001136","KN003hexa_v0","6","6","0","0","0","6"
"OG0001136","KN005_v1","6","6","0","0","0","6"
"OG0001136","KN006_v1","6","2","0","4","4","2"
"OG0001136","MN47_mabs_v3","6","6","0","0","0","6"
"OG0001136","Nla","6","6","0","0","0","6"
"OG0001136","NT1_v2","6","5","0","1","1","5"
"OG0001136","NT12_v2","6","4","0","2","2","4"
"OG0001136","NT8_v2_fix","6","4","0","2","2","4"
"OG0001136","NT9_v2","6","6","0","0","0","6"
"OG0001136","PU6_v3_fin","6","4","0","2","2","4"
"OG0001136","TE11_v2","6","5","0","1","1","5"
"OG0001136","TE4_v1","6","5","0","1","1","5"
"OG0001136","TE8_v1","6","5","0","1","1","5"
"OG0001136","WS1_v2_s","6","5","0","1","1","5"
"OG0001139","73_3a","8","6","0","2","2","6"
"OG0001139","AL08_v2_f","8","7","0","1","1","7"
"OG0001139","al1_v2_s","8","5","0","3","3","5"
"OG0001139","AL27_v1","8","6","0","2","2","6"
"OG0001139","ALR","8","6","0","2","2","6"
"OG0001139","BAM12_v2","8","7","0","1","1","7"
"OG0001139","BOR_v1","8","4","0","4","4","4"
"OG0001139","F1-14","8","7","0","1","1","7"
"OG0001139","KN003hexa_v0","8","6","0","2","2","6"
"OG0001139","KN005_v1","8","7","0","1","1","7"
"OG0001139","KN006_v1","8","8","0","0","0","8"
"OG0001139","MN47_mabs_v3","8","8","0","0","0","8"
"OG0001139","Nla","8","6","0","2","2","6"
"OG0001139","NT1_v2","8","2","0","6","6","2"
"OG0001139","NT12_v2","8","3","0","5","5","3"
"OG0001139","NT8_v2_fix","8","4","0","4","4","4"
"OG0001139","NT9_v2","8","6","0","2","2","6"
"OG0001139","PU6_v3_fin","8","6","0","2","2","6"
"OG0001139","TE11_v2","8","5","0","3","3","5"
"OG0001139","TE4_v1","8","5","0","3","3","5"
"OG0001139","TE8_v1","8","5","0","3","3","5"
"OG0001139","WS1_v2_s","8","6","0","2","2","6"
"OG0001188","73_3a","5","5","0","0","0","5"
"OG0001188","AL08_v2_f","5","3","0","2","2","3"
"OG0001188","al1_v2_s","5","4","0","1","1","4"
"OG0001188","AL27_v1","5","4","1","1","2","5"
"OG0001188","ALR","5","5","0","0","0","5"
"OG0001188","BAM12_v2","5","4","0","1","1","4"
"OG0001188","BOR_v1","5","3","0","2","2","3"
"OG0001188","F1-14","5","5","0","0","0","5"
"OG0001188","KN003hexa_v0","5","5","0","0","0","5"
"OG0001188","KN005_v1","5","5","0","0","0","5"
"OG0001188","KN006_v1","5","5","0","0","0","5"
"OG0001188","MN47_mabs_v3","5","5","1","0","1","6"
"OG0001188","Nla","5","5","0","0","0","5"
"OG0001188","NT1_v2","5","5","0","0","0","5"
"OG0001188","NT12_v2","5","5","0","0","0","5"
"OG0001188","NT8_v2_fix","5","4","0","1","1","4"
"OG0001188","NT9_v2","5","5","0","0","0","5"
"OG0001188","PU6_v3_fin","5","4","0","1","1","4"
"OG0001188","TE11_v2","5","5","0","0","0","5"
"OG0001188","TE4_v1","5","5","1","0","1","6"
"OG0001188","TE8_v1","5","5","0","0","0","5"
"OG0001188","WS1_v2_s","5","5","0","0","0","5"
"OG0001196","73_3a","2","2","0","0","0","2"
"OG0001196","AL08_v2_f","2","2","0","0","0","2"
"OG0001196","al1_v2_s","2","1","0","1","1","1"
"OG0001196","AL27_v1","2","1","0","1","1","1"
"OG0001196","ALR","2","2","0","0","0","2"
"OG0001196","BAM12_v2","2","1","0","1","1","1"
"OG0001196","BOR_v1","2","2","0","0","0","2"
"OG0001196","F1-14","2","1","0","1","1","1"
"OG0001196","KN003hexa_v0","2","2","0","0","0","2"
"OG0001196","KN005_v1","2","2","0","0","0","2"
"OG0001196","KN006_v1","2","2","0","0","0","2"
"OG0001196","MN47_mabs_v3","2","2","0","0","0","2"
"OG0001196","Nla","2","1","0","1","1","1"
"OG0001196","NT1_v2","2","2","0","0","0","2"
"OG0001196","NT12_v2","2","2","0","0","0","2"
"OG0001196","NT8_v2_fix","2","2","0","0","0","2"
"OG0001196","NT9_v2","2","1","0","1","1","1"
"OG0001196","PU6_v3_fin","2","1","0","1","1","1"
"OG0001196","TE11_v2","2","2","0","0","0","2"
"OG0001196","TE4_v1","2","2","0","0","0","2"
"OG0001196","TE8_v1","2","2","0","0","0","2"
"OG0001196","WS1_v2_s","2","2","0","0","0","2"
"OG0001202","73_3a","4","4","0","0","0","4"
"OG0001202","AL08_v2_f","4","4","0","0","0","4"
"OG0001202","al1_v2_s","4","4","0","0","0","4"
"OG0001202","AL27_v1","4","4","0","0","0","4"
"OG0001202","ALR","4","4","0","0","0","4"
"OG0001202","BAM12_v2","4","4","0","0","0","4"
"OG0001202","BOR_v1","4","4","0","0","0","4"
"OG0001202","F1-14","4","4","0","0","0","4"
"OG0001202","KN003hexa_v0","4","4","0","0","0","4"
"OG0001202","KN005_v1","4","4","0","0","0","4"
"OG0001202","KN006_v1","4","4","0","0","0","4"
"OG0001202","MN47_mabs_v3","4","4","0","0","0","4"
"OG0001202","Nla","4","4","0","0","0","4"
"OG0001202","NT1_v2","4","4","0","0","0","4"
"OG0001202","NT12_v2","4","4","0","0","0","4"
"OG0001202","NT8_v2_fix","4","4","0","0","0","4"
"OG0001202","NT9_v2","4","4","0","0","0","4"
"OG0001202","PU6_v3_fin","4","4","0","0","0","4"
"OG0001202","TE11_v2","4","4","0","0","0","4"
"OG0001202","TE4_v1","4","4","0","0","0","4"
"OG0001202","TE8_v1","4","4","0","0","0","4"
"OG0001202","WS1_v2_s","4","4","0","0","0","4"
"OG0001262","73_3a","6","6","1","0","1","7"
"OG0001262","AL08_v2_f","6","6","1","0","1","7"
"OG0001262","al1_v2_s","6","6","1","0","1","7"
"OG0001262","AL27_v1","6","6","0","0","0","6"
"OG0001262","ALR","6","6","1","0","1","7"
"OG0001262","BAM12_v2","6","6","1","0","1","7"
"OG0001262","BOR_v1","6","6","1","0","1","7"
"OG0001262","F1-14","6","6","1","0","1","7"
"OG0001262","KN003hexa_v0","6","6","1","0","1","7"
"OG0001262","KN005_v1","6","6","1","0","1","7"
"OG0001262","KN006_v1","6","6","1","0","1","7"
"OG0001262","MN47_mabs_v3","6","6","1","0","1","7"
"OG0001262","Nla","6","6","1","0","1","7"
"OG0001262","NT1_v2","6","6","1","0","1","7"
"OG0001262","NT12_v2","6","6","1","0","1","7"
"OG0001262","NT8_v2_fix","6","6","1","0","1","7"
"OG0001262","NT9_v2","6","6","1","0","1","7"
"OG0001262","PU6_v3_fin","6","6","0","0","0","6"
"OG0001262","TE11_v2","6","6","1","0","1","7"
"OG0001262","TE4_v1","6","6","1","0","1","7"
"OG0001262","TE8_v1","6","6","1","0","1","7"
"OG0001262","WS1_v2_s","6","6","1","0","1","7"
"OG0001318","73_3a","6","6","3","0","3","12"
"OG0001318","AL08_v2_f","6","6","0","0","0","6"
"OG0001318","al1_v2_s","6","5","3","1","4","9"
"OG0001318","AL27_v1","6","6","4","0","4","11"
"OG0001318","ALR","6","6","4","0","4","14"
"OG0001318","BAM12_v2","6","6","4","0","4","15"
"OG0001318","BOR_v1","6","6","4","0","4","16"
"OG0001318","F1-14","6","6","4","0","4","16"
"OG0001318","KN003hexa_v0","6","6","4","0","4","12"
"OG0001318","KN005_v1","6","6","3","0","3","9"
"OG0001318","KN006_v1","6","6","3","0","3","10"
"OG0001318","MN47_mabs_v3","6","6","4","0","4","15"
"OG0001318","Nla","6","6","3","0","3","12"
"OG0001318","NT1_v2","6","6","0","0","0","6"
"OG0001318","NT12_v2","6","6","1","0","1","7"
"OG0001318","NT8_v2_fix","6","6","0","0","0","6"
"OG0001318","NT9_v2","6","6","4","0","4","16"
"OG0001318","PU6_v3_fin","6","5","4","1","5","12"
"OG0001318","TE11_v2","6","5","1","1","2","6"
"OG0001318","TE4_v1","6","5","4","1","5","13"
"OG0001318","TE8_v1","6","4","0","2","2","4"
"OG0001318","WS1_v2_s","6","6","4","0","4","16"
"OG0001336","73_3a","5","4","0","1","1","4"
"OG0001336","AL08_v2_f","5","4","0","1","1","4"
"OG0001336","al1_v2_s","5","4","0","1","1","4"
"OG0001336","AL27_v1","5","4","0","1","1","4"
"OG0001336","ALR","5","4","0","1","1","4"
"OG0001336","BAM12_v2","5","4","0","1","1","4"
"OG0001336","BOR_v1","5","4","0","1","1","4"
"OG0001336","F1-14","5","4","0","1","1","4"
"OG0001336","KN003hexa_v0","5","5","1","0","1","6"
"OG0001336","KN005_v1","5","5","1","0","1","6"
"OG0001336","KN006_v1","5","5","1","0","1","6"
"OG0001336","MN47_mabs_v3","5","5","1","0","1","6"
"OG0001336","Nla","5","4","0","1","1","4"
"OG0001336","NT1_v2","5","4","0","1","1","4"
"OG0001336","NT12_v2","5","5","0","0","0","5"
"OG0001336","NT8_v2_fix","5","4","0","1","1","4"
"OG0001336","NT9_v2","5","4","0","1","1","4"
"OG0001336","PU6_v3_fin","5","5","1","0","1","6"
"OG0001336","TE11_v2","5","4","0","1","1","4"
"OG0001336","TE4_v1","5","4","0","1","1","4"
"OG0001336","TE8_v1","5","4","0","1","1","4"
"OG0001336","WS1_v2_s","5","4","0","1","1","4"
"OG0001349","73_3a","3","3","0","0","0","3"
"OG0001349","AL08_v2_f","3","3","0","0","0","3"
"OG0001349","al1_v2_s","3","3","0","0","0","3"
"OG0001349","AL27_v1","3","3","0","0","0","3"
"OG0001349","ALR","3","3","0","0","0","3"
"OG0001349","BAM12_v2","3","3","0","0","0","3"
"OG0001349","BOR_v1","3","3","0","0","0","3"
"OG0001349","F1-14","3","3","0","0","0","3"
"OG0001349","KN003hexa_v0","3","3","0","0","0","3"
"OG0001349","KN005_v1","3","3","0","0","0","3"
"OG0001349","KN006_v1","3","3","0","0","0","3"
"OG0001349","MN47_mabs_v3","3","3","0","0","0","3"
"OG0001349","Nla","3","3","0","0","0","3"
"OG0001349","NT1_v2","3","3","0","0","0","3"
"OG0001349","NT12_v2","3","3","0","0","0","3"
"OG0001349","NT8_v2_fix","3","3","0","0","0","3"
"OG0001349","NT9_v2","3","3","0","0","0","3"
"OG0001349","PU6_v3_fin","3","2","0","1","1","2"
"OG0001349","TE11_v2","3","2","0","1","1","2"
"OG0001349","TE4_v1","3","2","0","1","1","2"
"OG0001349","TE8_v1","3","2","0","1","1","2"
"OG0001349","WS1_v2_s","3","3","0","0","0","3"
"OG0001363","73_3a","2","2","0","0","0","2"
"OG0001363","AL08_v2_f","2","1","0","1","1","1"
"OG0001363","al1_v2_s","2","2","0","0","0","2"
"OG0001363","AL27_v1","2","2","0","0","0","2"
"OG0001363","ALR","2","2","0","0","0","2"
"OG0001363","BAM12_v2","2","1","0","1","1","1"
"OG0001363","BOR_v1","2","1","0","1","1","1"
"OG0001363","F1-14","2","1","0","1","1","1"
"OG0001363","KN003hexa_v0","2","1","0","1","1","1"
"OG0001363","KN005_v1","2","1","0","1","1","1"
"OG0001363","KN006_v1","2","1","0","1","1","1"
"OG0001363","MN47_mabs_v3","2","2","0","0","0","2"
"OG0001363","Nla","2","2","0","0","0","2"
"OG0001363","NT12_v2","2","1","0","1","1","1"
"OG0001363","NT8_v2_fix","2","1","0","1","1","1"
"OG0001363","NT9_v2","2","1","0","1","1","1"
"OG0001363","PU6_v3_fin","2","1","0","1","1","1"
"OG0001363","TE11_v2","2","1","0","1","1","1"
"OG0001363","TE4_v1","2","2","0","0","0","2"
"OG0001363","TE8_v1","2","1","0","1","1","1"
"OG0001363","WS1_v2_s","2","1","0","1","1","1"
"OG0001392","73_3a","8","7","0","1","1","7"
"OG0001392","AL08_v2_f","8","8","0","0","0","8"
"OG0001392","al1_v2_s","8","7","0","1","1","7"
"OG0001392","AL27_v1","8","7","0","1","1","7"
"OG0001392","ALR","8","7","0","1","1","7"
"OG0001392","BAM12_v2","8","8","0","0","0","8"
"OG0001392","BOR_v1","8","7","0","1","1","7"
"OG0001392","F1-14","8","8","0","0","0","8"
"OG0001392","KN003hexa_v0","8","8","0","0","0","8"
"OG0001392","KN005_v1","8","8","0","0","0","8"
"OG0001392","KN006_v1","8","8","0","0","0","8"
"OG0001392","MN47_mabs_v3","8","8","0","0","0","8"
"OG0001392","Nla","8","8","0","0","0","8"
"OG0001392","NT1_v2","8","8","0","0","0","8"
"OG0001392","NT12_v2","8","8","0","0","0","8"
"OG0001392","NT8_v2_fix","8","8","0","0","0","8"
"OG0001392","NT9_v2","8","8","0","0","0","8"
"OG0001392","PU6_v3_fin","8","8","0","0","0","8"
"OG0001392","TE11_v2","8","8","0","0","0","8"
"OG0001392","TE4_v1","8","8","0","0","0","8"
"OG0001392","TE8_v1","8","8","0","0","0","8"
"OG0001392","WS1_v2_s","8","7","0","1","1","7"
"OG0001395","73_3a","3","3","0","0","0","3"
"OG0001395","AL08_v2_f","3","3","0","0","0","3"
"OG0001395","al1_v2_s","3","3","0","0","0","3"
"OG0001395","AL27_v1","3","3","0","0","0","3"
"OG0001395","ALR","3","3","0","0","0","3"
"OG0001395","BAM12_v2","3","3","0","0","0","3"
"OG0001395","BOR_v1","3","3","0","0","0","3"
"OG0001395","F1-14","3","3","0","0","0","3"
"OG0001395","KN003hexa_v0","3","3","0","0","0","3"
"OG0001395","KN005_v1","3","3","0","0","0","3"
"OG0001395","KN006_v1","3","3","0","0","0","3"
"OG0001395","MN47_mabs_v3","3","3","0","0","0","3"
"OG0001395","Nla","3","3","0","0","0","3"
"OG0001395","NT1_v2","3","3","0","0","0","3"
"OG0001395","NT12_v2","3","3","0","0","0","3"
"OG0001395","NT8_v2_fix","3","3","0","0","0","3"
"OG0001395","NT9_v2","3","3","0","0","0","3"
"OG0001395","PU6_v3_fin","3","3","0","0","0","3"
"OG0001395","TE11_v2","3","3","0","0","0","3"
"OG0001395","TE4_v1","3","3","0","0","0","3"
"OG0001395","TE8_v1","3","3","0","0","0","3"
"OG0001395","WS1_v2_s","3","3","0","0","0","3"
"OG0001398","73_3a","2","1","0","1","1","1"
"OG0001398","al1_v2_s","2","1","0","1","1","1"
"OG0001398","BAM12_v2","2","1","0","1","1","1"
"OG0001398","F1-14","2","1","0","1","1","1"
"OG0001398","KN003hexa_v0","2","2","0","0","0","2"
"OG0001398","KN005_v1","2","2","0","0","0","2"
"OG0001398","KN006_v1","2","2","0","0","0","2"
"OG0001398","MN47_mabs_v3","2","2","0","0","0","2"
"OG0001398","Nla","2","1","0","1","1","1"
"OG0001398","NT9_v2","2","1","0","1","1","1"
"OG0001398","PU6_v3_fin","2","1","0","1","1","1"
"OG0001398","TE11_v2","2","1","0","1","1","1"
"OG0001398","TE4_v1","2","1","0","1","1","1"
"OG0001398","TE8_v1","2","1","0","1","1","1"
"OG0001400","73_3a","5","3","1","2","3","4"
"OG0001400","AL08_v2_f","5","2","1","3","4","3"
"OG0001400","al1_v2_s","5","2","1","3","4","3"
"OG0001400","AL27_v1","5","2","1","3","4","3"
"OG0001400","ALR","5","3","1","2","3","4"
"OG0001400","BAM12_v2","5","3","0","2","2","3"
"OG0001400","BOR_v1","5","2","1","3","4","3"
"OG0001400","F1-14","5","2","1","3","4","3"
"OG0001400","KN003hexa_v0","5","5","1","0","1","6"
"OG0001400","KN005_v1","5","3","0","2","2","3"
"OG0001400","KN006_v1","5","3","0","2","2","3"
"OG0001400","MN47_mabs_v3","5","5","1","0","1","6"
"OG0001400","Nla","5","2","1","3","4","3"
"OG0001400","NT1_v2","5","1","0","4","4","1"
"OG0001400","NT8_v2_fix","5","2","1","3","4","3"
"OG0001400","NT9_v2","5","1","0","4","4","1"
"OG0001400","PU6_v3_fin","5","3","1","2","3","4"
"OG0001400","TE11_v2","5","3","1","2","3","4"
"OG0001400","TE4_v1","5","2","1","3","4","3"
"OG0001400","TE8_v1","5","2","1","3","4","3"
"OG0001400","WS1_v2_s","5","3","1","2","3","4"
"OG0001401","73_3a","5","5","0","0","0","5"
"OG0001401","AL08_v2_f","5","5","0","0","0","5"
"OG0001401","al1_v2_s","5","5","0","0","0","5"
"OG0001401","AL27_v1","5","5","0","0","0","5"
"OG0001401","ALR","5","5","0","0","0","5"
"OG0001401","BAM12_v2","5","5","0","0","0","5"
"OG0001401","BOR_v1","5","4","0","1","1","4"
"OG0001401","F1-14","5","5","0","0","0","5"
"OG0001401","KN003hexa_v0","5","5","0","0","0","5"
"OG0001401","KN005_v1","5","5","0","0","0","5"
"OG0001401","KN006_v1","5","4","0","1","1","4"
"OG0001401","MN47_mabs_v3","5","5","0","0","0","5"
"OG0001401","Nla","5","5","0","0","0","5"
"OG0001401","NT1_v2","5","5","0","0","0","5"
"OG0001401","NT12_v2","5","5","0","0","0","5"
"OG0001401","NT8_v2_fix","5","5","0","0","0","5"
"OG0001401","NT9_v2","5","5","0","0","0","5"
"OG0001401","PU6_v3_fin","5","4","0","1","1","4"
"OG0001401","TE11_v2","5","5","0","0","0","5"
"OG0001401","TE4_v1","5","5","0","0","0","5"
"OG0001401","TE8_v1","5","5","0","0","0","5"
"OG0001401","WS1_v2_s","5","5","0","0","0","5"
"OG0001408","73_3a","5","5","0","0","0","5"
"OG0001408","AL08_v2_f","5","3","0","2","2","3"
"OG0001408","al1_v2_s","5","5","0","0","0","5"
"OG0001408","AL27_v1","5","2","0","3","3","2"
"OG0001408","ALR","5","2","0","3","3","2"
"OG0001408","BAM12_v2","5","4","0","1","1","4"
"OG0001408","BOR_v1","5","2","0","3","3","2"
"OG0001408","F1-14","5","4","0","1","1","4"
"OG0001408","KN003hexa_v0","5","5","2","0","2","7"
"OG0001408","KN005_v1","5","5","1","0","1","6"
"OG0001408","KN006_v1","5","5","0","0","0","5"
"OG0001408","MN47_mabs_v3","5","5","1","0","1","6"
"OG0001408","Nla","5","3","0","2","2","3"
"OG0001408","NT1_v2","5","5","1","0","1","6"
"OG0001408","NT12_v2","5","5","2","0","2","7"
"OG0001408","NT8_v2_fix","5","5","2","0","2","7"
"OG0001408","NT9_v2","5","4","1","1","2","5"
"OG0001408","PU6_v3_fin","5","3","1","2","3","4"
"OG0001408","TE11_v2","5","4","0","1","1","4"
"OG0001408","TE4_v1","5","3","0","2","2","3"
"OG0001408","TE8_v1","5","3","0","2","2","3"
"OG0001408","WS1_v2_s","5","5","2","0","2","7"
"OG0001411","73_3a","7","5","0","2","2","5"
"OG0001411","AL08_v2_f","7","5","1","2","3","6"
"OG0001411","al1_v2_s","7","3","1","4","5","4"
"OG0001411","AL27_v1","7","4","1","3","4","5"
"OG0001411","ALR","7","3","1","4","5","4"
"OG0001411","BAM12_v2","7","3","0","4","4","3"
"OG0001411","BOR_v1","7","3","0","4","4","3"
"OG0001411","F1-14","7","5","0","2","2","5"
"OG0001411","KN003hexa_v0","7","7","1","0","1","8"
"OG0001411","KN005_v1","7","7","2","0","2","9"
"OG0001411","KN006_v1","7","7","0","0","0","7"
"OG0001411","MN47_mabs_v3","7","7","0","0","0","7"
"OG0001411","Nla","7","4","0","3","3","4"
"OG0001411","NT1_v2","7","5","0","2","2","5"
"OG0001411","NT12_v2","7","3","1","4","5","4"
"OG0001411","NT8_v2_fix","7","2","0","5","5","2"
"OG0001411","NT9_v2","7","4","0","3","3","4"
"OG0001411","PU6_v3_fin","7","4","0","3","3","4"
"OG0001411","TE11_v2","7","5","1","2","3","6"
"OG0001411","TE4_v1","7","5","1","2","3","6"
"OG0001411","TE8_v1","7","3","1","4","5","4"
"OG0001411","WS1_v2_s","7","3","0","4","4","3"
"OG0001412","73_3a","8","6","0","2","2","6"
"OG0001412","AL08_v2_f","8","6","0","2","2","6"
"OG0001412","al1_v2_s","8","7","0","1","1","7"
"OG0001412","AL27_v1","8","7","0","1","1","7"
"OG0001412","ALR","8","7","0","1","1","7"
"OG0001412","BAM12_v2","8","5","0","3","3","5"
"OG0001412","BOR_v1","8","7","0","1","1","7"
"OG0001412","F1-14","8","7","0","1","1","7"
"OG0001412","KN003hexa_v0","8","6","2","2","4","8"
"OG0001412","KN005_v1","8","6","0","2","2","6"
"OG0001412","KN006_v1","8","8","2","0","2","10"
"OG0001412","MN47_mabs_v3","8","8","2","0","2","10"
"OG0001412","Nla","8","7","0","1","1","7"
"OG0001412","NT1_v2","8","6","0","2","2","6"
"OG0001412","NT12_v2","8","8","0","0","0","8"
"OG0001412","NT8_v2_fix","8","7","2","1","3","9"
"OG0001412","NT9_v2","8","8","2","0","2","10"
"OG0001412","PU6_v3_fin","8","6","0","2","2","6"
"OG0001412","TE11_v2","8","7","0","1","1","7"
"OG0001412","TE4_v1","8","7","2","1","3","9"
"OG0001412","TE8_v1","8","7","2","1","3","9"
"OG0001412","WS1_v2_s","8","5","0","3","3","5"
"OG0001688","73_3a","2","1","0","1","1","1"
"OG0001688","AL08_v2_f","2","1","0","1","1","1"
"OG0001688","al1_v2_s","2","2","0","0","0","2"
"OG0001688","AL27_v1","2","1","0","1","1","1"
"OG0001688","ALR","2","1","0","1","1","1"
"OG0001688","BAM12_v2","2","2","0","0","0","2"
"OG0001688","BOR_v1","2","1","0","1","1","1"
"OG0001688","F1-14","2","2","0","0","0","2"
"OG0001688","KN003hexa_v0","2","2","0","0","0","2"
"OG0001688","KN005_v1","2","2","0","0","0","2"
"OG0001688","KN006_v1","2","1","0","1","1","1"
"OG0001688","MN47_mabs_v3","2","2","0","0","0","2"
"OG0001688","Nla","2","2","0","0","0","2"
"OG0001688","NT1_v2","2","2","0","0","0","2"
"OG0001688","NT12_v2","2","2","0","0","0","2"
"OG0001688","NT8_v2_fix","2","2","0","0","0","2"
"OG0001688","NT9_v2","2","2","0","0","0","2"
"OG0001688","PU6_v3_fin","2","2","0","0","0","2"
"OG0001688","TE11_v2","2","2","0","0","0","2"
"OG0001688","TE4_v1","2","2","0","0","0","2"
"OG0001688","TE8_v1","2","1","0","1","1","1"
"OG0001688","WS1_v2_s","2","1","0","1","1","1"
"OG0001769","73_3a","4","3","0","1","1","3"
"OG0001769","AL08_v2_f","4","2","0","2","2","2"
"OG0001769","al1_v2_s","4","3","0","1","1","3"
"OG0001769","AL27_v1","4","3","0","1","1","3"
"OG0001769","ALR","4","2","0","2","2","2"
"OG0001769","BAM12_v2","4","3","0","1","1","3"
"OG0001769","BOR_v1","4","2","0","2","2","2"
"OG0001769","F1-14","4","2","0","2","2","2"
"OG0001769","KN003hexa_v0","4","4","0","0","0","4"
"OG0001769","KN005_v1","4","4","0","0","0","4"
"OG0001769","KN006_v1","4","4","0","0","0","4"
"OG0001769","MN47_mabs_v3","4","4","0","0","0","4"
"OG0001769","Nla","4","2","0","2","2","2"
"OG0001769","NT1_v2","4","3","0","1","1","3"
"OG0001769","NT12_v2","4","3","0","1","1","3"
"OG0001769","NT8_v2_fix","4","3","0","1","1","3"
"OG0001769","NT9_v2","4","2","0","2","2","2"
"OG0001769","PU6_v3_fin","4","2","0","2","2","2"
"OG0001769","TE11_v2","4","2","0","2","2","2"
"OG0001769","TE4_v1","4","2","0","2","2","2"
"OG0001769","TE8_v1","4","2","0","2","2","2"
"OG0001769","WS1_v2_s","4","4","0","0","0","4"
"OG0001813","73_3a","6","6","0","0","0","6"
"OG0001813","AL08_v2_f","6","5","0","1","1","5"
"OG0001813","al1_v2_s","6","6","0","0","0","6"
"OG0001813","AL27_v1","6","5","0","1","1","5"
"OG0001813","ALR","6","5","0","1","1","5"
"OG0001813","BAM12_v2","6","6","0","0","0","6"
"OG0001813","BOR_v1","6","6","0","0","0","6"
"OG0001813","F1-14","6","4","0","2","2","4"
"OG0001813","KN003hexa_v0","6","6","0","0","0","6"
"OG0001813","KN005_v1","6","6","0","0","0","6"
"OG0001813","KN006_v1","6","6","0","0","0","6"
"OG0001813","MN47_mabs_v3","6","6","0","0","0","6"
"OG0001813","Nla","6","6","0","0","0","6"
"OG0001813","NT1_v2","6","5","0","1","1","5"
"OG0001813","NT12_v2","6","6","0","0","0","6"
"OG0001813","NT8_v2_fix","6","6","0","0","0","6"
"OG0001813","NT9_v2","6","6","0","0","0","6"
"OG0001813","PU6_v3_fin","6","6","0","0","0","6"
"OG0001813","TE11_v2","6","6","0","0","0","6"
"OG0001813","TE4_v1","6","6","0","0","0","6"
"OG0001813","TE8_v1","6","6","0","0","0","6"
"OG0001813","WS1_v2_s","6","6","0","0","0","6"
"OG0001820","73_3a","1","1","0","0","0","1"
"OG0001820","AL08_v2_f","1","1","0","0","0","1"
"OG0001820","al1_v2_s","1","1","0","0","0","1"
"OG0001820","AL27_v1","1","1","0","0","0","1"
"OG0001820","ALR","1","1","0","0","0","1"
"OG0001820","BAM12_v2","1","1","0","0","0","1"
"OG0001820","BOR_v1","1","1","0","0","0","1"
"OG0001820","F1-14","1","1","0","0","0","1"
"OG0001820","KN003hexa_v0","1","1","0","0","0","1"
"OG0001820","KN005_v1","1","1","0","0","0","1"
"OG0001820","KN006_v1","1","1","0","0","0","1"
"OG0001820","MN47_mabs_v3","1","1","0","0","0","1"
"OG0001820","Nla","1","1","0","0","0","1"
"OG0001820","NT1_v2","1","1","0","0","0","1"
"OG0001820","NT12_v2","1","1","0","0","0","1"
"OG0001820","NT8_v2_fix","1","1","0","0","0","1"
"OG0001820","NT9_v2","1","1","0","0","0","1"
"OG0001820","PU6_v3_fin","1","1","0","0","0","1"
"OG0001820","TE11_v2","1","1","0","0","0","1"
"OG0001820","TE4_v1","1","1","0","0","0","1"
"OG0001820","TE8_v1","1","1","0","0","0","1"
"OG0001820","WS1_v2_s","1","1","0","0","0","1"
"OG0001841","73_3a","6","5","0","1","1","5"
"OG0001841","AL08_v2_f","6","6","0","0","0","6"
"OG0001841","al1_v2_s","6","5","1","1","2","6"
"OG0001841","AL27_v1","6","5","1","1","2","6"
"OG0001841","ALR","6","4","0","2","2","4"
"OG0001841","BAM12_v2","6","5","2","1","3","7"
"OG0001841","BOR_v1","6","6","2","0","2","8"
"OG0001841","F1-14","6","6","2","0","2","8"
"OG0001841","KN003hexa_v0","6","6","1","0","1","7"
"OG0001841","KN005_v1","6","5","0","1","1","5"
"OG0001841","KN006_v1","6","5","0","1","1","5"
"OG0001841","MN47_mabs_v3","6","6","1","0","1","7"
"OG0001841","Nla","6","5","0","1","1","5"
"OG0001841","NT1_v2","6","3","0","3","3","3"
"OG0001841","NT12_v2","6","6","2","0","2","8"
"OG0001841","NT8_v2_fix","6","5","1","1","2","6"
"OG0001841","NT9_v2","6","6","1","0","1","7"
"OG0001841","PU6_v3_fin","6","6","3","0","3","9"
"OG0001841","TE11_v2","6","5","1","1","2","6"
"OG0001841","TE4_v1","6","6","1","0","1","7"
"OG0001841","TE8_v1","6","5","1","1","2","7"
"OG0001841","WS1_v2_s","6","6","3","0","3","9"
"OG0001885","73_3a","1","1","0","0","0","1"
"OG0001885","AL08_v2_f","1","1","0","0","0","1"
"OG0001885","al1_v2_s","1","1","0","0","0","1"
"OG0001885","AL27_v1","1","1","0","0","0","1"
"OG0001885","ALR","1","1","0","0","0","1"
"OG0001885","BAM12_v2","1","1","0","0","0","1"
"OG0001885","BOR_v1","1","1","0","0","0","1"
"OG0001885","F1-14","1","1","0","0","0","1"
"OG0001885","KN003hexa_v0","1","1","0","0","0","1"
"OG0001885","KN005_v1","1","1","0","0","0","1"
"OG0001885","KN006_v1","1","1","0","0","0","1"
"OG0001885","MN47_mabs_v3","1","1","0","0","0","1"
"OG0001885","MN47_v4","1","1","0","0","0","1"
"OG0001885","Nla","1","1","0","0","0","1"
"OG0001885","NT1_v2","1","1","0","0","0","1"
"OG0001885","NT12_v2","1","1","0","0","0","1"
"OG0001885","NT8_v2_fix","1","1","0","0","0","1"
"OG0001885","NT9_v2","1","1","0","0","0","1"
"OG0001885","PU6_v3_fin","1","1","0","0","0","1"
"OG0001885","TE11_v2","1","1","0","0","0","1"
"OG0001885","TE4_v1","1","1","0","0","0","1"
"OG0001885","TE8_v1","1","1","0","0","0","1"
"OG0001885","WS1_v2_s","1","1","0","0","0","1"
"OG0001893","73_3a","1","1","0","0","0","1"
"OG0001893","al1_v2_s","1","1","0","0","0","1"
"OG0001893","AL27_v1","1","1","0","0","0","1"
"OG0001893","ALR","1","1","0","0","0","1"
"OG0001893","BAM12_v2","1","1","0","0","0","1"
"OG0001893","BOR_v1","1","1","0","0","0","1"
"OG0001893","F1-14","1","1","0","0","0","1"
"OG0001893","KN003hexa_v0","1","1","0","0","0","1"
"OG0001893","KN005_v1","1","1","0","0","0","1"
"OG0001893","KN006_v1","1","1","0","0","0","1"
"OG0001893","MN47_mabs_v3","1","1","0","0","0","1"
"OG0001893","NT1_v2","1","1","0","0","0","1"
"OG0001893","NT12_v2","1","1","0","0","0","1"
"OG0001893","NT8_v2_fix","1","1","0","0","0","1"
"OG0001893","PU6_v3_fin","1","1","0","0","0","1"
"OG0001893","TE11_v2","1","1","0","0","0","1"
"OG0001893","TE4_v1","1","1","0","0","0","1"
"OG0001893","WS1_v2_s","1","1","0","0","0","1"
"OG0001901","73_3a","6","5","1","1","2","6"
"OG0001901","AL08_v2_f","6","6","0","0","0","6"
"OG0001901","al1_v2_s","6","6","0","0","0","6"
"OG0001901","AL27_v1","6","5","0","1","1","5"
"OG0001901","ALR","6","5","0","1","1","5"
"OG0001901","BAM12_v2","6","6","1","0","1","7"
"OG0001901","BOR_v1","6","6","0","0","0","6"
"OG0001901","F1-14","6","5","0","1","1","5"
"OG0001901","KN003hexa_v0","6","6","1","0","1","7"
"OG0001901","KN005_v1","6","6","1","0","1","7"
"OG0001901","KN006_v1","6","6","1","0","1","7"
"OG0001901","MN47_mabs_v3","6","6","1","0","1","7"
"OG0001901","MN47_v4","6","2","0","4","4","2"
"OG0001901","Nla","6","5","0","1","1","5"
"OG0001901","NT1_v2","6","6","1","0","1","7"
"OG0001901","NT12_v2","6","6","0","0","0","6"
"OG0001901","NT8_v2_fix","6","6","0","0","0","6"
"OG0001901","NT9_v2","6","6","0","0","0","6"
"OG0001901","PU6_v3_fin","6","6","0","0","0","6"
"OG0001901","TE11_v2","6","6","0","0","0","6"
"OG0001901","TE4_v1","6","6","0","0","0","6"
"OG0001901","TE8_v1","6","6","0","0","0","6"
"OG0001901","WS1_v2_s","6","6","0","0","0","6"
"OG0001911","73_3a","7","7","3","0","3","10"
"OG0001911","AL08_v2_f","7","7","4","0","4","16"
"OG0001911","al1_v2_s","7","7","3","0","3","10"
"OG0001911","AL27_v1","7","7","3","0","3","10"
"OG0001911","ALR","7","7","3","0","3","10"
"OG0001911","BAM12_v2","7","2","0","5","5","2"
"OG0001911","BOR_v1","7","7","3","0","3","10"
"OG0001911","F1-14","7","7","3","0","3","10"
"OG0001911","KN003hexa_v0","7","7","3","0","3","12"
"OG0001911","KN005_v1","7","7","3","0","3","10"
"OG0001911","KN006_v1","7","7","3","0","3","10"
"OG0001911","MN47_mabs_v3","7","7","3","0","3","10"
"OG0001911","Nla","7","7","3","0","3","10"
"OG0001911","NT1_v2","7","7","1","0","1","8"
"OG0001911","NT12_v2","7","7","3","0","3","10"
"OG0001911","NT8_v2_fix","7","5","0","2","2","5"
"OG0001911","NT9_v2","7","7","3","0","3","10"
"OG0001911","PU6_v3_fin","7","7","3","0","3","10"
"OG0001911","TE11_v2","7","7","3","0","3","12"
"OG0001911","TE4_v1","7","7","3","0","3","12"
"OG0001911","TE8_v1","7","7","3","0","3","12"
"OG0001911","WS1_v2_s","7","6","3","1","4","9"
"OG0001918","73_3a","6","6","1","0","1","7"
"OG0001918","AL08_v2_f","6","5","1","1","2","6"
"OG0001918","al1_v2_s","6","4","1","2","3","5"
"OG0001918","AL27_v1","6","6","1","0","1","7"
"OG0001918","ALR","6","5","1","1","2","6"
"OG0001918","BAM12_v2","6","5","0","1","1","5"
"OG0001918","BOR_v1","6","4","1","2","3","5"
"OG0001918","F1-14","6","5","1","1","2","6"
"OG0001918","KN003hexa_v0","6","6","1","0","1","7"
"OG0001918","KN005_v1","6","6","1","0","1","7"
"OG0001918","KN006_v1","6","6","1","0","1","7"
"OG0001918","MN47_mabs_v3","6","6","1","0","1","7"
"OG0001918","Nla","6","5","1","1","2","6"
"OG0001918","NT1_v2","6","5","1","1","2","6"
"OG0001918","NT12_v2","6","5","1","1","2","6"
"OG0001918","NT8_v2_fix","6","5","1","1","2","6"
"OG0001918","NT9_v2","6","5","1","1","2","6"
"OG0001918","PU6_v3_fin","6","5","1","1","2","6"
"OG0001918","TE11_v2","6","5","1","1","2","6"
"OG0001918","TE4_v1","6","4","1","2","3","5"
"OG0001918","TE8_v1","6","5","0","1","1","5"
"OG0001918","WS1_v2_s","6","5","1","1","2","6"
"OG0001923","73_3a","6","6","0","0","0","6"
"OG0001923","AL08_v2_f","6","6","0","0","0","6"
"OG0001923","al1_v2_s","6","6","0","0","0","6"
"OG0001923","AL27_v1","6","6","1","0","1","7"
"OG0001923","ALR","6","6","0","0","0","6"
"OG0001923","BAM12_v2","6","6","0","0","0","6"
"OG0001923","BOR_v1","6","6","0","0","0","6"
"OG0001923","F1-14","6","6","0","0","0","6"
"OG0001923","KN003hexa_v0","6","5","0","1","1","5"
"OG0001923","KN005_v1","6","5","0","1","1","5"
"OG0001923","KN006_v1","6","5","0","1","1","5"
"OG0001923","MN47_mabs_v3","6","6","0","0","0","6"
"OG0001923","Nla","6","6","0","0","0","6"
"OG0001923","NT1_v2","6","5","0","1","1","5"
"OG0001923","NT12_v2","6","6","0","0","0","6"
"OG0001923","NT8_v2_fix","6","6","0","0","0","6"
"OG0001923","NT9_v2","6","6","0","0","0","6"
"OG0001923","PU6_v3_fin","6","6","1","0","1","7"
"OG0001923","TE11_v2","6","6","0","0","0","6"
"OG0001923","TE4_v1","6","6","0","0","0","6"
"OG0001923","TE8_v1","6","6","0","0","0","6"
"OG0001923","WS1_v2_s","6","6","1","0","1","7"
"OG0001927","73_3a","6","2","1","4","5","3"
"OG0001927","AL08_v2_f","6","3","0","3","3","3"
"OG0001927","al1_v2_s","6","6","2","0","2","8"
"OG0001927","AL27_v1","6","3","1","3","4","4"
"OG0001927","ALR","6","3","0","3","3","3"
"OG0001927","BAM12_v2","6","2","0","4","4","2"
"OG0001927","BOR_v1","6","4","0","2","2","4"
"OG0001927","F1-14","6","3","0","3","3","3"
"OG0001927","KN003hexa_v0","6","5","0","1","1","5"
"OG0001927","KN005_v1","6","5","0","1","1","5"
"OG0001927","KN006_v1","6","4","1","2","3","5"
"OG0001927","MN47_mabs_v3","6","6","1","0","1","7"
"OG0001927","Nla","6","3","1","3","4","4"
"OG0001927","NT1_v2","6","5","1","1","2","6"
"OG0001927","NT12_v2","6","2","0","4","4","2"
"OG0001927","NT8_v2_fix","6","3","0","3","3","3"
"OG0001927","NT9_v2","6","4","1","2","3","5"
"OG0001927","PU6_v3_fin","6","3","0","3","3","3"
"OG0001927","TE11_v2","6","5","1","1","2","6"
"OG0001927","TE4_v1","6","2","1","4","5","3"
"OG0001927","TE8_v1","6","4","0","2","2","4"
"OG0001927","WS1_v2_s","6","4","1","2","3","5"
"OG0001928","73_3a","5","5","0","0","0","5"
"OG0001928","AL08_v2_f","5","5","0","0","0","5"
"OG0001928","al1_v2_s","5","5","0","0","0","5"
"OG0001928","AL27_v1","5","5","0","0","0","5"
"OG0001928","ALR","5","5","0","0","0","5"
"OG0001928","BAM12_v2","5","5","0","0","0","5"
"OG0001928","BOR_v1","5","5","0","0","0","5"
"OG0001928","F1-14","5","5","0","0","0","5"
"OG0001928","KN003hexa_v0","5","5","0","0","0","5"
"OG0001928","KN005_v1","5","5","0","0","0","5"
"OG0001928","KN006_v1","5","5","0","0","0","5"
"OG0001928","MN47_mabs_v3","5","5","0","0","0","5"
"OG0001928","MN47_v4","5","4","0","1","1","4"
"OG0001928","Nla","5","5","0","0","0","5"
"OG0001928","NT1_v2","5","5","0","0","0","5"
"OG0001928","NT12_v2","5","5","0","0","0","5"
"OG0001928","NT8_v2_fix","5","5","0","0","0","5"
"OG0001928","NT9_v2","5","5","0","0","0","5"
"OG0001928","PU6_v3_fin","5","5","0","0","0","5"
"OG0001928","TE11_v2","5","5","0","0","0","5"
"OG0001928","TE4_v1","5","5","0","0","0","5"
"OG0001928","TE8_v1","5","5","0","0","0","5"
"OG0001928","WS1_v2_s","5","5","0","0","0","5"
"OG0001929","73_3a","6","5","3","1","4","9"
"OG0001929","AL08_v2_f","6","6","3","0","3","11"
"OG0001929","al1_v2_s","6","6","4","0","4","14"
"OG0001929","AL27_v1","6","6","5","0","5","14"
"OG0001929","ALR","6","6","0","0","0","6"
"OG0001929","BAM12_v2","6","5","3","1","4","9"
"OG0001929","BOR_v1","6","5","4","1","5","10"
"OG0001929","F1-14","6","4","0","2","2","4"
"OG0001929","KN003hexa_v0","6","6","3","0","3","9"
"OG0001929","KN005_v1","6","6","4","0","4","12"
"OG0001929","KN006_v1","6","6","5","0","5","15"
"OG0001929","MN47_mabs_v3","6","6","4","0","4","13"
"OG0001929","Nla","6","6","4","0","4","10"
"OG0001929","NT1_v2","6","5","3","1","4","9"
"OG0001929","NT12_v2","6","6","3","0","3","9"
"OG0001929","NT8_v2_fix","6","6","5","0","5","12"
"OG0001929","NT9_v2","6","6","3","0","3","9"
"OG0001929","PU6_v3_fin","6","4","3","2","5","8"
"OG0001929","TE11_v2","6","5","2","1","3","7"
"OG0001929","TE4_v1","6","5","3","1","4","8"
"OG0001929","TE8_v1","6","6","4","0","4","12"
"OG0002178","73_3a","5","5","1","0","1","6"
"OG0002178","AL08_v2_f","5","5","0","0","0","5"
"OG0002178","al1_v2_s","5","5","0","0","0","5"
"OG0002178","AL27_v1","5","5","0","0","0","5"
"OG0002178","ALR","5","5","1","0","1","6"
"OG0002178","BAM12_v2","5","5","0","0","0","5"
"OG0002178","BOR_v1","5","5","1","0","1","6"
"OG0002178","F1-14","5","5","0","0","0","5"
"OG0002178","KN003hexa_v0","5","5","0","0","0","5"
"OG0002178","KN005_v1","5","5","0","0","0","5"
"OG0002178","KN006_v1","5","4","0","1","1","4"
"OG0002178","MN47_mabs_v3","5","5","0","0","0","5"
"OG0002178","Nla","5","5","0","0","0","5"
"OG0002178","NT1_v2","5","5","1","0","1","6"
"OG0002178","NT12_v2","5","5","1","0","1","6"
"OG0002178","NT8_v2_fix","5","5","0","0","0","5"
"OG0002178","NT9_v2","5","5","1","0","1","6"
"OG0002178","PU6_v3_fin","5","3","1","2","3","4"
"OG0002178","TE11_v2","5","5","0","0","0","5"
"OG0002178","TE4_v1","5","5","0","0","0","5"
"OG0002178","TE8_v1","5","5","0","0","0","5"
"OG0002178","WS1_v2_s","5","3","0","2","2","3"
"OG0002370","73_3a","4","4","2","0","2","6"
"OG0002370","AL08_v2_f","4","4","1","0","1","5"
"OG0002370","al1_v2_s","4","4","1","0","1","5"
"OG0002370","AL27_v1","4","4","2","0","2","6"
"OG0002370","ALR","4","4","2","0","2","6"
"OG0002370","BAM12_v2","4","3","1","1","2","4"
"OG0002370","BOR_v1","4","4","1","0","1","5"
"OG0002370","F1-14","4","3","1","1","2","4"
"OG0002370","KN003hexa_v0","4","3","2","1","3","6"
"OG0002370","KN005_v1","4","4","2","0","2","7"
"OG0002370","KN006_v1","4","4","2","0","2","7"
"OG0002370","MN47_mabs_v3","4","4","2","0","2","7"
"OG0002370","Nla","4","4","2","0","2","6"
"OG0002370","NT1_v2","4","3","0","1","1","3"
"OG0002370","NT12_v2","4","4","1","0","1","5"
"OG0002370","NT8_v2_fix","4","4","2","0","2","6"
"OG0002370","NT9_v2","4","3","0","1","1","3"
"OG0002370","PU6_v3_fin","4","3","1","1","2","4"
"OG0002370","TE11_v2","4","3","1","1","2","4"
"OG0002370","TE4_v1","4","4","1","0","1","5"
"OG0002370","TE8_v1","4","3","1","1","2","4"
"OG0002370","WS1_v2_s","4","2","1","2","3","3"
"OG0002564","ALR","1","1","0","0","0","1"
"OG0002564","BAM12_v2","1","1","0","0","0","1"
"OG0002564","KN003hexa_v0","1","1","0","0","0","1"
"OG0002564","KN005_v1","1","1","0","0","0","1"
"OG0002564","KN006_v1","1","1","0","0","0","1"
"OG0002564","MN47_mabs_v3","1","1","0","0","0","1"
"OG0002564","Nla","1","1","0","0","0","1"
"OG0002564","NT1_v2","1","1","0","0","0","1"
"OG0002564","NT12_v2","1","1","0","0","0","1"
"OG0002564","NT9_v2","1","1","0","0","0","1"
"OG0002564","PU6_v3_fin","1","1","0","0","0","1"
"OG0002564","TE11_v2","1","1","0","0","0","1"
"OG0002742","73_3a","3","2","0","1","1","2"
"OG0002742","AL08_v2_f","3","3","0","0","0","3"
"OG0002742","al1_v2_s","3","3","0","0","0","3"
"OG0002742","AL27_v1","3","3","0","0","0","3"
"OG0002742","ALR","3","3","0","0","0","3"
"OG0002742","BAM12_v2","3","3","0","0","0","3"
"OG0002742","BOR_v1","3","2","0","1","1","2"
"OG0002742","F1-14","3","3","0","0","0","3"
"OG0002742","KN003hexa_v0","3","3","0","0","0","3"
"OG0002742","KN005_v1","3","3","0","0","0","3"
"OG0002742","KN006_v1","3","3","0","0","0","3"
"OG0002742","MN47_mabs_v3","3","3","0","0","0","3"
"OG0002742","Nla","3","3","0","0","0","3"
"OG0002742","NT1_v2","3","3","0","0","0","3"
"OG0002742","NT12_v2","3","3","0","0","0","3"
"OG0002742","NT8_v2_fix","3","2","0","1","1","2"
"OG0002742","NT9_v2","3","3","0","0","0","3"
"OG0002742","PU6_v3_fin","3","2","0","1","1","2"
"OG0002742","TE11_v2","3","2","0","1","1","2"
"OG0002742","TE4_v1","3","3","0","0","0","3"
"OG0002742","TE8_v1","3","2","0","1","1","2"
"OG0002742","WS1_v2_s","3","3","0","0","0","3"
"OG0002810","73_3a","6","4","0","2","2","4"
"OG0002810","AL08_v2_f","6","4","0","2","2","4"
"OG0002810","al1_v2_s","6","4","0","2","2","4"
"OG0002810","AL27_v1","6","4","0","2","2","4"
"OG0002810","ALR","6","4","0","2","2","4"
"OG0002810","BAM12_v2","6","6","0","0","0","6"
"OG0002810","BOR_v1","6","3","0","3","3","3"
"OG0002810","F1-14","6","4","0","2","2","4"
"OG0002810","KN003hexa_v0","6","6","0","0","0","6"
"OG0002810","KN005_v1","6","6","0","0","0","6"
"OG0002810","KN006_v1","6","6","0","0","0","6"
"OG0002810","MN47_mabs_v3","6","6","0","0","0","6"
"OG0002810","Nla","6","4","0","2","2","4"
"OG0002810","NT1_v2","6","3","0","3","3","3"
"OG0002810","NT12_v2","6","6","0","0","0","6"
"OG0002810","NT8_v2_fix","6","6","0","0","0","6"
"OG0002810","NT9_v2","6","4","0","2","2","4"
"OG0002810","PU6_v3_fin","6","4","0","2","2","4"
"OG0002810","TE11_v2","6","6","0","0","0","6"
"OG0002810","TE4_v1","6","6","0","0","0","6"
"OG0002810","TE8_v1","6","6","0","0","0","6"
"OG0002810","WS1_v2_s","6","5","0","1","1","5"
"OG0002829","73_3a","1","1","0","0","0","1"
"OG0002829","AL08_v2_f","1","1","0","0","0","1"
"OG0002829","al1_v2_s","1","1","0","0","0","1"
"OG0002829","AL27_v1","1","1","0","0","0","1"
"OG0002829","ALR","1","1","0","0","0","1"
"OG0002829","BAM12_v2","1","1","0","0","0","1"
"OG0002829","BOR_v1","1","1","0","0","0","1"
"OG0002829","F1-14","1","1","0","0","0","1"
"OG0002829","KN003hexa_v0","1","1","0","0","0","1"
"OG0002829","KN005_v1","1","1","0","0","0","1"
"OG0002829","KN006_v1","1","1","0","0","0","1"
"OG0002829","MN47_mabs_v3","1","1","0","0","0","1"
"OG0002829","Nla","1","1","0","0","0","1"
"OG0002829","NT1_v2","1","1","0","0","0","1"
"OG0002829","NT12_v2","1","1","0","0","0","1"
"OG0002829","NT8_v2_fix","1","1","0","0","0","1"
"OG0002829","NT9_v2","1","1","0","0","0","1"
"OG0002829","PU6_v3_fin","1","1","0","0","0","1"
"OG0002829","TE11_v2","1","1","0","0","0","1"
"OG0002829","TE4_v1","1","1","0","0","0","1"
"OG0002829","TE8_v1","1","1","0","0","0","1"
"OG0002829","WS1_v2_s","1","1","0","0","0","1"
"OG0002867","73_3a","6","6","0","0","0","6"
"OG0002867","AL08_v2_f","6","6","0","0","0","6"
"OG0002867","al1_v2_s","6","5","0","1","1","5"
"OG0002867","AL27_v1","6","6","0","0","0","6"
"OG0002867","ALR","6","6","0","0","0","6"
"OG0002867","BAM12_v2","6","4","0","2","2","4"
"OG0002867","BOR_v1","6","6","0","0","0","6"
"OG0002867","F1-14","6","6","0","0","0","6"
"OG0002867","KN003hexa_v0","6","6","0","0","0","6"
"OG0002867","KN005_v1","6","6","0","0","0","6"
"OG0002867","KN006_v1","6","6","0","0","0","6"
"OG0002867","MN47_mabs_v3","6","6","0","0","0","6"
"OG0002867","Nla","6","6","0","0","0","6"
"OG0002867","NT1_v2","6","6","0","0","0","6"
"OG0002867","NT12_v2","6","4","0","2","2","4"
"OG0002867","NT8_v2_fix","6","5","0","1","1","5"
"OG0002867","NT9_v2","6","6","0","0","0","6"
"OG0002867","PU6_v3_fin","6","3","0","3","3","3"
"OG0002867","TE11_v2","6","5","0","1","1","5"
"OG0002867","TE4_v1","6","5","0","1","1","5"
"OG0002867","TE8_v1","6","5","0","1","1","5"
"OG0002867","WS1_v2_s","6","6","0","0","0","6"
"OG0002883","73_3a","1","1","0","0","0","1"
"OG0002883","AL08_v2_f","1","1","0","0","0","1"
"OG0002883","al1_v2_s","1","1","0","0","0","1"
"OG0002883","AL27_v1","1","1","0","0","0","1"
"OG0002883","ALR","1","1","0","0","0","1"
"OG0002883","BOR_v1","1","1","0","0","0","1"
"OG0002883","F1-14","1","1","0","0","0","1"
"OG0002883","KN003hexa_v0","1","1","0","0","0","1"
"OG0002883","KN005_v1","1","1","0","0","0","1"
"OG0002883","KN006_v1","1","1","0","0","0","1"
"OG0002883","MN47_mabs_v3","1","1","0","0","0","1"
"OG0002883","Nla","1","1","0","0","0","1"
"OG0002883","NT1_v2","1","1","0","0","0","1"
"OG0002883","NT12_v2","1","1","0","0","0","1"
"OG0002883","NT8_v2_fix","1","1","0","0","0","1"
"OG0002883","PU6_v3_fin","1","1","0","0","0","1"
"OG0002883","TE11_v2","1","1","0","0","0","1"
"OG0002883","TE4_v1","1","1","0","0","0","1"
"OG0002883","TE8_v1","1","1","0","0","0","1"
"OG0002883","WS1_v2_s","1","1","0","0","0","1"
"OG0002891","73_3a","4","2","0","2","2","2"
"OG0002891","AL08_v2_f","4","2","0","2","2","2"
"OG0002891","al1_v2_s","4","3","0","1","1","3"
"OG0002891","AL27_v1","4","3","2","1","3","5"
"OG0002891","ALR","4","2","0","2","2","2"
"OG0002891","BAM12_v2","4","4","0","0","0","4"
"OG0002891","BOR_v1","4","3","1","1","2","4"
"OG0002891","F1-14","4","1","0","3","3","1"
"OG0002891","KN003hexa_v0","4","4","2","0","2","6"
"OG0002891","KN005_v1","4","4","0","0","0","4"
"OG0002891","KN006_v1","4","4","2","0","2","6"
"OG0002891","MN47_mabs_v3","4","4","3","0","3","8"
"OG0002891","Nla","4","3","1","1","2","4"
"OG0002891","NT1_v2","4","3","1","1","2","4"
"OG0002891","NT12_v2","4","3","1","1","2","4"
"OG0002891","NT8_v2_fix","4","2","1","2","3","3"
"OG0002891","NT9_v2","4","4","1","0","1","5"
"OG0002891","PU6_v3_fin","4","3","1","1","2","4"
"OG0002891","TE11_v2","4","3","0","1","1","3"
"OG0002891","TE4_v1","4","4","0","0","0","4"
"OG0002891","TE8_v1","4","4","1","0","1","5"
"OG0002891","WS1_v2_s","4","2","1","2","3","3"
"OG0002892","73_3a","4","4","0","0","0","4"
"OG0002892","AL08_v2_f","4","4","0","0","0","4"
"OG0002892","al1_v2_s","4","4","0","0","0","4"
"OG0002892","AL27_v1","4","4","0","0","0","4"
"OG0002892","ALR","4","4","0","0","0","4"
"OG0002892","BAM12_v2","4","4","1","0","1","5"
"OG0002892","BOR_v1","4","4","0","0","0","4"
"OG0002892","F1-14","4","4","0","0","0","4"
"OG0002892","KN003hexa_v0","4","4","0","0","0","4"
"OG0002892","KN005_v1","4","4","0","0","0","4"
"OG0002892","KN006_v1","4","4","0","0","0","4"
"OG0002892","MN47_mabs_v3","4","4","0","0","0","4"
"OG0002892","Nla","4","4","0","0","0","4"
"OG0002892","NT1_v2","4","4","0","0","0","4"
"OG0002892","NT12_v2","4","4","0","0","0","4"
"OG0002892","NT8_v2_fix","4","4","0","0","0","4"
"OG0002892","NT9_v2","4","4","0","0","0","4"
"OG0002892","PU6_v3_fin","4","4","0","0","0","4"
"OG0002892","TE11_v2","4","4","0","0","0","4"
"OG0002892","TE4_v1","4","4","0","0","0","4"
"OG0002892","TE8_v1","4","4","0","0","0","4"
"OG0002892","WS1_v2_s","4","4","0","0","0","4"
"OG0002893","73_3a","6","3","0","3","3","3"
"OG0002893","AL08_v2_f","6","5","0","1","1","5"
"OG0002893","al1_v2_s","6","4","0","2","2","4"
"OG0002893","AL27_v1","6","3","0","3","3","3"
"OG0002893","ALR","6","4","0","2","2","4"
"OG0002893","BAM12_v2","6","6","0","0","0","6"
"OG0002893","BOR_v1","6","4","0","2","2","4"
"OG0002893","F1-14","6","4","0","2","2","4"
"OG0002893","KN003hexa_v0","6","6","0","0","0","6"
"OG0002893","KN005_v1","6","5","0","1","1","5"
"OG0002893","KN006_v1","6","6","0","0","0","6"
"OG0002893","MN47_mabs_v3","6","6","0","0","0","6"
"OG0002893","Nla","6","4","0","2","2","4"
"OG0002893","NT1_v2","6","5","0","1","1","5"
"OG0002893","NT12_v2","6","6","0","0","0","6"
"OG0002893","NT8_v2_fix","6","6","0","0","0","6"
"OG0002893","NT9_v2","6","5","0","1","1","5"
"OG0002893","PU6_v3_fin","6","6","0","0","0","6"
"OG0002893","TE11_v2","6","6","0","0","0","6"
"OG0002893","TE4_v1","6","6","0","0","0","6"
"OG0002893","TE8_v1","6","6","0","0","0","6"
"OG0002893","WS1_v2_s","6","6","0","0","0","6"
"OG0002919","73_3a","5","4","0","1","1","4"
"OG0002919","AL08_v2_f","5","4","1","1","2","5"
"OG0002919","al1_v2_s","5","4","0","1","1","4"
"OG0002919","AL27_v1","5","4","0","1","1","4"
"OG0002919","ALR","5","4","1","1","2","5"
"OG0002919","BAM12_v2","5","4","2","1","3","6"
"OG0002919","BOR_v1","5","4","0","1","1","4"
"OG0002919","F1-14","5","5","0","0","0","5"
"OG0002919","KN003hexa_v0","5","5","1","0","1","6"
"OG0002919","KN005_v1","5","5","1","0","1","6"
"OG0002919","KN006_v1","5","5","2","0","2","7"
"OG0002919","MN47_mabs_v3","5","5","1","0","1","6"
"OG0002919","Nla","5","3","0","2","2","3"
"OG0002919","NT1_v2","5","5","1","0","1","6"
"OG0002919","NT12_v2","5","5","1","0","1","6"
"OG0002919","NT8_v2_fix","5","4","1","1","2","5"
"OG0002919","NT9_v2","5","4","1","1","2","5"
"OG0002919","PU6_v3_fin","5","4","0","1","1","4"
"OG0002919","TE11_v2","5","5","0","0","0","5"
"OG0002919","TE4_v1","5","5","0","0","0","5"
"OG0002919","TE8_v1","5","5","1","0","1","6"
"OG0002919","WS1_v2_s","5","4","1","1","2","5"
"OG0003409","73_3a","5","5","0","0","0","5"
"OG0003409","AL08_v2_f","5","4","0","1","1","4"
"OG0003409","al1_v2_s","5","5","0","0","0","5"
"OG0003409","AL27_v1","5","4","3","1","4","7"
"OG0003409","ALR","5","4","0","1","1","4"
"OG0003409","BAM12_v2","5","5","0","0","0","5"
"OG0003409","BOR_v1","5","5","0","0","0","5"
"OG0003409","F1-14","5","4","0","1","1","4"
"OG0003409","KN003hexa_v0","5","5","4","0","4","9"
"OG0003409","KN005_v1","5","5","4","0","4","9"
"OG0003409","KN006_v1","5","5","4","0","4","9"
"OG0003409","MN47_mabs_v3","5","5","4","0","4","12"
"OG0003409","Nla","5","5","3","0","3","8"
"OG0003409","NT1_v2","5","4","0","1","1","4"
"OG0003409","NT12_v2","5","5","0","0","0","5"
"OG0003409","NT8_v2_fix","5","5","0","0","0","5"
"OG0003409","NT9_v2","5","5","0","0","0","5"
"OG0003409","PU6_v3_fin","5","5","0","0","0","5"
"OG0003409","TE11_v2","5","5","0","0","0","5"
"OG0003409","TE4_v1","5","5","0","0","0","5"
"OG0003409","TE8_v1","5","5","0","0","0","5"
"OG0003409","WS1_v2_s","5","5","0","0","0","5"
"OG0003680","73_3a","1","1","0","0","0","1"
"OG0003680","AL08_v2_f","1","1","0","0","0","1"
"OG0003680","al1_v2_s","1","1","0","0","0","1"
"OG0003680","AL27_v1","1","1","0","0","0","1"
"OG0003680","ALR","1","1","0","0","0","1"
"OG0003680","BAM12_v2","1","1","0","0","0","1"
"OG0003680","BOR_v1","1","1","0","0","0","1"
"OG0003680","F1-14","1","1","0","0","0","1"
"OG0003680","KN003hexa_v0","1","1","0","0","0","1"
"OG0003680","KN005_v1","1","1","0","0","0","1"
"OG0003680","KN006_v1","1","1","0","0","0","1"
"OG0003680","MN47_mabs_v3","1","1","0","0","0","1"
"OG0003680","Nla","1","1","0","0","0","1"
"OG0003680","NT1_v2","1","1","0","0","0","1"
"OG0003680","NT12_v2","1","1","0","0","0","1"
"OG0003680","NT8_v2_fix","1","1","0","0","0","1"
"OG0003680","NT9_v2","1","1","0","0","0","1"
"OG0003680","PU6_v3_fin","1","1","0","0","0","1"
"OG0003680","TE11_v2","1","1","0","0","0","1"
"OG0003680","TE4_v1","1","1","0","0","0","1"
"OG0003680","TE8_v1","1","1","0","0","0","1"
"OG0003680","WS1_v2_s","1","1","0","0","0","1"
"OG0003687","73_3a","5","5","1","0","1","6"
"OG0003687","AL08_v2_f","5","4","0","1","1","4"
"OG0003687","al1_v2_s","5","3","1","2","3","4"
"OG0003687","AL27_v1","5","5","1","0","1","6"
"OG0003687","ALR","5","5","1","0","1","6"
"OG0003687","BAM12_v2","5","5","1","0","1","6"
"OG0003687","BOR_v1","5","5","1","0","1","6"
"OG0003687","F1-14","5","5","1","0","1","6"
"OG0003687","KN003hexa_v0","5","5","1","0","1","6"
"OG0003687","KN005_v1","5","5","1","0","1","6"
"OG0003687","KN006_v1","5","5","1","0","1","6"
"OG0003687","MN47_mabs_v3","5","5","1","0","1","6"
"OG0003687","MN47_v4","5","2","1","3","4","3"
"OG0003687","Nla","5","5","1","0","1","6"
"OG0003687","NT1_v2","5","5","1","0","1","6"
"OG0003687","NT12_v2","5","5","1","0","1","6"
"OG0003687","NT8_v2_fix","5","5","1","0","1","6"
"OG0003687","NT9_v2","5","3","1","2","3","4"
"OG0003687","PU6_v3_fin","5","5","1","0","1","6"
"OG0003687","TE11_v2","5","3","1","2","3","4"
"OG0003687","TE4_v1","5","4","1","1","2","5"
"OG0003687","TE8_v1","5","3","1","2","3","4"
"OG0003687","WS1_v2_s","5","2","1","3","4","3"
"OG0003691","73_3a","5","4","0","1","1","4"
"OG0003691","AL08_v2_f","5","5","0","0","0","5"
"OG0003691","al1_v2_s","5","5","0","0","0","5"
"OG0003691","AL27_v1","5","3","0","2","2","3"
"OG0003691","ALR","5","4","0","1","1","4"
"OG0003691","BAM12_v2","5","4","0","1","1","4"
"OG0003691","BOR_v1","5","4","0","1","1","4"
"OG0003691","F1-14","5","3","0","2","2","3"
"OG0003691","KN003hexa_v0","5","5","0","0","0","5"
"OG0003691","KN005_v1","5","5","0","0","0","5"
"OG0003691","KN006_v1","5","5","0","0","0","5"
"OG0003691","MN47_mabs_v3","5","5","1","0","1","6"
"OG0003691","Nla","5","3","0","2","2","3"
"OG0003691","NT1_v2","5","4","0","1","1","4"
"OG0003691","NT12_v2","5","4","0","1","1","4"
"OG0003691","NT8_v2_fix","5","4","1","1","2","5"
"OG0003691","NT9_v2","5","4","0","1","1","4"
"OG0003691","PU6_v3_fin","5","4","0","1","1","4"
"OG0003691","TE11_v2","5","4","0","1","1","4"
"OG0003691","TE4_v1","5","4","0","1","1","4"
"OG0003691","TE8_v1","5","4","0","1","1","4"
"OG0003691","WS1_v2_s","5","5","0","0","0","5"
"OG0003730","73_3a","1","1","0","0","0","1"
"OG0003730","AL08_v2_f","1","1","0","0","0","1"
"OG0003730","al1_v2_s","1","1","0","0","0","1"
"OG0003730","AL27_v1","1","1","0","0","0","1"
"OG0003730","ALR","1","1","0","0","0","1"
"OG0003730","BAM12_v2","1","1","0","0","0","1"
"OG0003730","BOR_v1","1","1","0","0","0","1"
"OG0003730","F1-14","1","1","0","0","0","1"
"OG0003730","KN003hexa_v0","1","1","0","0","0","1"
"OG0003730","KN005_v1","1","1","0","0","0","1"
"OG0003730","KN006_v1","1","1","0","0","0","1"
"OG0003730","MN47_mabs_v3","1","1","0","0","0","1"
"OG0003730","Nla","1","1","0","0","0","1"
"OG0003730","NT12_v2","1","1","0","0","0","1"
"OG0003730","NT8_v2_fix","1","1","0","0","0","1"
"OG0003730","NT9_v2","1","1","0","0","0","1"
"OG0003730","PU6_v3_fin","1","1","0","0","0","1"
"OG0003730","TE11_v2","1","1","0","0","0","1"
"OG0003730","TE4_v1","1","1","0","0","0","1"
"OG0003730","TE8_v1","1","1","0","0","0","1"
"OG0003730","WS1_v2_s","1","1","0","0","0","1"
"OG0003767","73_3a","5","3","0","2","2","3"
"OG0003767","AL08_v2_f","5","5","0","0","0","5"
"OG0003767","al1_v2_s","5","5","0","0","0","5"
"OG0003767","AL27_v1","5","4","0","1","1","4"
"OG0003767","ALR","5","3","0","2","2","3"
"OG0003767","BAM12_v2","5","4","0","1","1","4"
"OG0003767","BOR_v1","5","4","0","1","1","4"
"OG0003767","F1-14","5","3","0","2","2","3"
"OG0003767","KN003hexa_v0","5","5","0","0","0","5"
"OG0003767","KN005_v1","5","5","0","0","0","5"
"OG0003767","KN006_v1","5","5","0","0","0","5"
"OG0003767","MN47_mabs_v3","5","5","0","0","0","5"
"OG0003767","Nla","5","3","0","2","2","3"
"OG0003767","NT1_v2","5","5","0","0","0","5"
"OG0003767","NT12_v2","5","5","0","0","0","5"
"OG0003767","NT8_v2_fix","5","5","0","0","0","5"
"OG0003767","NT9_v2","5","4","0","1","1","4"
"OG0003767","PU6_v3_fin","5","5","0","0","0","5"
"OG0003767","TE11_v2","5","5","0","0","0","5"
"OG0003767","TE4_v1","5","5","0","0","0","5"
"OG0003767","TE8_v1","5","4","0","1","1","4"
"OG0003767","WS1_v2_s","5","4","0","1","1","4"
"OG0003807","73_3a","5","5","0","0","0","5"
"OG0003807","AL08_v2_f","5","5","0","0","0","5"
"OG0003807","al1_v2_s","5","5","0","0","0","5"
"OG0003807","AL27_v1","5","5","0","0","0","5"
"OG0003807","ALR","5","5","0","0","0","5"
"OG0003807","BAM12_v2","5","5","0","0","0","5"
"OG0003807","BOR_v1","5","5","0","0","0","5"
"OG0003807","F1-14","5","5","0","0","0","5"
"OG0003807","KN003hexa_v0","5","5","0","0","0","5"
"OG0003807","KN005_v1","5","5","0","0","0","5"
"OG0003807","KN006_v1","5","5","0","0","0","5"
"OG0003807","MN47_mabs_v3","5","5","0","0","0","5"
"OG0003807","Nla","5","5","0","0","0","5"
"OG0003807","NT1_v2","5","5","0","0","0","5"
"OG0003807","NT12_v2","5","5","0","0","0","5"
"OG0003807","NT8_v2_fix","5","5","0","0","0","5"
"OG0003807","NT9_v2","5","5","0","0","0","5"
"OG0003807","PU6_v3_fin","5","5","0","0","0","5"
"OG0003807","TE11_v2","5","5","0","0","0","5"
"OG0003807","TE4_v1","5","5","0","0","0","5"
"OG0003807","TE8_v1","5","5","0","0","0","5"
"OG0003807","WS1_v2_s","5","5","0","0","0","5"
"OG0003808","73_3a","5","4","0","1","1","4"
"OG0003808","AL08_v2_f","5","4","0","1","1","4"
"OG0003808","al1_v2_s","5","4","0","1","1","4"
"OG0003808","AL27_v1","5","5","0","0","0","5"
"OG0003808","ALR","5","3","0","2","2","3"
"OG0003808","BAM12_v2","5","4","0","1","1","4"
"OG0003808","BOR_v1","5","4","0","1","1","4"
"OG0003808","F1-14","5","5","0","0","0","5"
"OG0003808","KN003hexa_v0","5","5","1","0","1","6"
"OG0003808","KN005_v1","5","5","1","0","1","6"
"OG0003808","KN006_v1","5","5","1","0","1","6"
"OG0003808","MN47_mabs_v3","5","5","1","0","1","6"
"OG0003808","Nla","5","4","0","1","1","4"
"OG0003808","NT1_v2","5","5","0","0","0","5"
"OG0003808","NT12_v2","5","3","1","2","3","4"
"OG0003808","NT8_v2_fix","5","3","0","2","2","3"
"OG0003808","NT9_v2","5","4","0","1","1","4"
"OG0003808","PU6_v3_fin","5","4","0","1","1","4"
"OG0003808","TE11_v2","5","4","1","1","2","5"
"OG0003808","TE4_v1","5","4","1","1","2","5"
"OG0003808","TE8_v1","5","4","0","1","1","4"
"OG0003808","WS1_v2_s","5","5","1","0","1","6"
"OG0003820","73_3a","5","1","0","4","4","1"
"OG0003820","AL08_v2_f","5","3","0","2","2","3"
"OG0003820","al1_v2_s","5","4","0","1","1","4"
"OG0003820","AL27_v1","5","3","0","2","2","3"
"OG0003820","ALR","5","2","0","3","3","2"
"OG0003820","BAM12_v2","5","2","0","3","3","2"
"OG0003820","BOR_v1","5","3","0","2","2","3"
"OG0003820","F1-14","5","5","0","0","0","5"
"OG0003820","KN003hexa_v0","5","5","1","0","1","6"
"OG0003820","KN005_v1","5","5","1","0","1","6"
"OG0003820","KN006_v1","5","5","1","0","1","6"
"OG0003820","MN47_mabs_v3","5","5","0","0","0","5"
"OG0003820","Nla","5","2","0","3","3","2"
"OG0003820","NT1_v2","5","1","0","4","4","1"
"OG0003820","NT12_v2","5","3","0","2","2","3"
"OG0003820","NT8_v2_fix","5","3","0","2","2","3"
"OG0003820","NT9_v2","5","3","0","2","2","3"
"OG0003820","PU6_v3_fin","5","2","0","3","3","2"
"OG0003820","TE11_v2","5","3","0","2","2","3"
"OG0003820","TE4_v1","5","2","0","3","3","2"
"OG0003820","TE8_v1","5","2","0","3","3","2"
"OG0003820","WS1_v2_s","5","2","0","3","3","2"
"OG0004081","73_3a","5","5","0","0","0","5"
"OG0004081","AL08_v2_f","5","4","0","1","1","4"
"OG0004081","al1_v2_s","5","5","0","0","0","5"
"OG0004081","AL27_v1","5","5","0","0","0","5"
"OG0004081","ALR","5","4","0","1","1","4"
"OG0004081","BAM12_v2","5","5","0","0","0","5"
"OG0004081","BOR_v1","5","5","0","0","0","5"
"OG0004081","F1-14","5","5","0","0","0","5"
"OG0004081","KN003hexa_v0","5","5","0","0","0","5"
"OG0004081","KN005_v1","5","5","0","0","0","5"
"OG0004081","KN006_v1","5","5","0","0","0","5"
"OG0004081","MN47_mabs_v3","5","5","0","0","0","5"
"OG0004081","Nla","5","5","0","0","0","5"
"OG0004081","NT1_v2","5","5","0","0","0","5"
"OG0004081","NT12_v2","5","5","1","0","1","6"
"OG0004081","NT8_v2_fix","5","5","1","0","1","6"
"OG0004081","NT9_v2","5","5","1","0","1","6"
"OG0004081","PU6_v3_fin","5","5","0","0","0","5"
"OG0004081","TE11_v2","5","4","0","1","1","4"
"OG0004081","TE4_v1","5","5","0","0","0","5"
"OG0004081","TE8_v1","5","5","0","0","0","5"
"OG0004081","WS1_v2_s","5","4","0","1","1","4"
"OG0004132","73_3a","5","5","0","0","0","5"
"OG0004132","AL08_v2_f","5","5","0","0","0","5"
"OG0004132","al1_v2_s","5","5","0","0","0","5"
"OG0004132","AL27_v1","5","4","0","1","1","4"
"OG0004132","ALR","5","5","0","0","0","5"
"OG0004132","BAM12_v2","5","5","0","0","0","5"
"OG0004132","BOR_v1","5","5","0","0","0","5"
"OG0004132","F1-14","5","4","0","1","1","4"
"OG0004132","KN003hexa_v0","5","4","0","1","1","4"
"OG0004132","KN005_v1","5","5","0","0","0","5"
"OG0004132","KN006_v1","5","5","0","0","0","5"
"OG0004132","MN47_mabs_v3","5","5","0","0","0","5"
"OG0004132","Nla","5","5","0","0","0","5"
"OG0004132","NT1_v2","5","5","0","0","0","5"
"OG0004132","NT12_v2","5","5","0","0","0","5"
"OG0004132","NT8_v2_fix","5","5","0","0","0","5"
"OG0004132","NT9_v2","5","5","0","0","0","5"
"OG0004132","PU6_v3_fin","5","5","0","0","0","5"
"OG0004132","TE11_v2","5","5","0","0","0","5"
"OG0004132","TE4_v1","5","5","0","0","0","5"
"OG0004132","TE8_v1","5","5","0","0","0","5"
"OG0004132","WS1_v2_s","5","5","0","0","0","5"
"OG0004303","73_3a","4","4","0","0","0","4"
"OG0004303","AL08_v2_f","4","4","0","0","0","4"
"OG0004303","al1_v2_s","4","4","0","0","0","4"
"OG0004303","AL27_v1","4","3","0","1","1","3"
"OG0004303","ALR","4","4","0","0","0","4"
"OG0004303","BAM12_v2","4","4","0","0","0","4"
"OG0004303","BOR_v1","4","4","0","0","0","4"
"OG0004303","F1-14","4","4","0","0","0","4"
"OG0004303","KN003hexa_v0","4","4","0","0","0","4"
"OG0004303","KN005_v1","4","4","0","0","0","4"
"OG0004303","KN006_v1","4","4","0","0","0","4"
"OG0004303","MN47_mabs_v3","4","4","0","0","0","4"
"OG0004303","MN47_v4","4","1","0","3","3","1"
"OG0004303","Nla","4","4","0","0","0","4"
"OG0004303","NT1_v2","4","4","0","0","0","4"
"OG0004303","NT12_v2","4","4","0","0","0","4"
"OG0004303","NT8_v2_fix","4","4","0","0","0","4"
"OG0004303","NT9_v2","4","4","0","0","0","4"
"OG0004303","PU6_v3_fin","4","4","0","0","0","4"
"OG0004303","TE11_v2","4","4","0","0","0","4"
"OG0004303","TE4_v1","4","4","0","0","0","4"
"OG0004303","TE8_v1","4","4","0","0","0","4"
"OG0004303","WS1_v2_s","4","4","0","0","0","4"
"OG0004694","73_3a","5","5","0","0","0","5"
"OG0004694","AL08_v2_f","5","5","0","0","0","5"
"OG0004694","al1_v2_s","5","5","0","0","0","5"
"OG0004694","AL27_v1","5","5","0","0","0","5"
"OG0004694","ALR","5","5","0","0","0","5"
"OG0004694","BAM12_v2","5","5","0","0","0","5"
"OG0004694","BOR_v1","5","5","0","0","0","5"
"OG0004694","F1-14","5","5","0","0","0","5"
"OG0004694","KN003hexa_v0","5","5","1","0","1","6"
"OG0004694","KN005_v1","5","5","1","0","1","6"
"OG0004694","KN006_v1","5","5","0","0","0","5"
"OG0004694","MN47_mabs_v3","5","5","1","0","1","6"
"OG0004694","Nla","5","5","0","0","0","5"
"OG0004694","NT1_v2","5","5","0","0","0","5"
"OG0004694","NT12_v2","5","5","0","0","0","5"
"OG0004694","NT8_v2_fix","5","5","0","0","0","5"
"OG0004694","NT9_v2","5","5","0","0","0","5"
"OG0004694","PU6_v3_fin","5","5","0","0","0","5"
"OG0004694","TE11_v2","5","5","0","0","0","5"
"OG0004694","TE4_v1","5","5","0","0","0","5"
"OG0004694","TE8_v1","5","5","0","0","0","5"
"OG0004694","WS1_v2_s","5","5","0","0","0","5"
"OG0004872","73_3a","5","4","0","1","1","4"
"OG0004872","AL08_v2_f","5","4","0","1","1","4"
"OG0004872","AL27_v1","5","5","0","0","0","5"
"OG0004872","ALR","5","5","0","0","0","5"
"OG0004872","BAM12_v2","5","3","0","2","2","3"
"OG0004872","BOR_v1","5","5","0","0","0","5"
"OG0004872","F1-14","5","4","0","1","1","4"
"OG0004872","KN003hexa_v0","5","5","0","0","0","5"
"OG0004872","KN005_v1","5","4","0","1","1","4"
"OG0004872","KN006_v1","5","5","0","0","0","5"
"OG0004872","MN47_mabs_v3","5","5","0","0","0","5"
"OG0004872","Nla","5","5","0","0","0","5"
"OG0004872","NT1_v2","5","2","1","3","4","3"
"OG0004872","NT12_v2","5","1","0","4","4","1"
"OG0004872","NT8_v2_fix","5","3","0","2","2","3"
"OG0004872","PU6_v3_fin","5","4","0","1","1","4"
"OG0004872","TE11_v2","5","3","0","2","2","3"
"OG0004872","TE8_v1","5","1","0","4","4","1"
"OG0004872","WS1_v2_s","5","3","0","2","2","3"
"OG0005764","73_3a","4","4","0","0","0","4"
"OG0005764","AL08_v2_f","4","4","0","0","0","4"
"OG0005764","al1_v2_s","4","3","0","1","1","3"
"OG0005764","AL27_v1","4","4","0","0","0","4"
"OG0005764","ALR","4","4","0","0","0","4"
"OG0005764","BAM12_v2","4","4","0","0","0","4"
"OG0005764","BOR_v1","4","4","0","0","0","4"
"OG0005764","F1-14","4","4","0","0","0","4"
"OG0005764","KN003hexa_v0","4","4","0","0","0","4"
"OG0005764","KN005_v1","4","4","0","0","0","4"
"OG0005764","KN006_v1","4","4","0","0","0","4"
"OG0005764","MN47_mabs_v3","4","4","0","0","0","4"
"OG0005764","MN47_v4","4","3","0","1","1","3"
"OG0005764","Nla","4","4","0","0","0","4"
"OG0005764","NT1_v2","4","4","0","0","0","4"
"OG0005764","NT12_v2","4","4","0","0","0","4"
"OG0005764","NT8_v2_fix","4","4","0","0","0","4"
"OG0005764","NT9_v2","4","4","0","0","0","4"
"OG0005764","PU6_v3_fin","4","4","0","0","0","4"
"OG0005764","TE11_v2","4","4","0","0","0","4"
"OG0005764","TE4_v1","4","4","0","0","0","4"
"OG0005764","TE8_v1","4","4","0","0","0","4"
"OG0005764","WS1_v2_s","4","3","0","1","1","3"
