"short_func","func_cat","family_id","estimate","std.error","statistic","p.value","r.squared","adj.r.squared","env_var","q.value"
"F-box/FBD protein","Multifunction","OG0000009",0.259952158907002,0.174852173768787,1.48669675248502,0.156534604336459,0.658011479559343,0.572514349449178,"bio2",0.898420766542936
"TRAF-MATH deubiquitinase","Signaling and Transport","OG0000012",-0.298804388718931,0.267027390401211,-1.11900276698198,0.279657708205769,0.202407466727545,0.00300933340943077,"bio2",0.906410696113026
"Non-LTR reverse transcriptase","Genetic Information & Regulation","OG0000015",0.0839145893631811,0.199367832419911,0.420903354089937,0.679424982604492,0.555389585988396,0.444236982485495,"bio2",0.955092021082572
"PPR/TPR repeat protein","Defense & Stress response","OG0000016",0.138229742665031,0.273797658819149,0.504860937311141,0.620538903558661,0.16145008909449,-0.048187388631888,"bio2",0.955092021082572
"Auxin-response F-box","Multifunction","OG0000022",0.162146576540724,0.234026817249119,0.692854684119901,0.498335014839857,0.387366545166519,0.234208181458149,"bio2",0.955092021082572
"CC-NLR receptor","Multifunction","OG0000024",0.0675100569852633,0.261214211193471,0.258447106215295,0.799357044988717,0.236756598902162,0.0459457486277024,"bio2",0.955092021082572
"Cytochrome P450","Multifunction","OG0000027",0.214512583441231,0.220711271504124,0.971914945618092,0.345557859590977,0.455097899496829,0.318872374371036,"bio2",0.906410696113026
"F-box ubiquitination factor","Multifunction","OG0000029",0.205522142697621,0.215971409269327,0.951617361728307,0.355446364066906,0.478250572782434,0.347813215978043,"bio2",0.906410696113026
"Serine carboxypeptidase","Protein Processing and Degradation","OG0000030",-0.108992397332002,0.294828602764143,-0.369680540863921,0.716467884563108,0.0276811952513455,-0.215398505935818,"bio2",0.955092021082572
"FRIGIDA-like flowering regulator","Genetic Information & Regulation","OG0000038",0.0840868364012585,0.270046897368095,0.311378642823811,0.759533188366623,0.184267359336744,-0.0196658008290695,"bio2",0.955092021082572
"Glycosyltransferase","Biosynthesis & Metabolism","OG0000039",0.0305288224490372,0.148098603499811,0.206138489679115,0.839282890917999,0.754658292609169,0.693322865761461,"bio2",0.955092021082572
"DUF295 protein","Signaling and Transport","OG0000040",0.398453408090968,0.197969330107056,2.01270271448358,0.0612906965047732,0.561605311557031,0.452006639446288,"bio2",0.790921143768611
"TRAF-type E3 ligase","Protein Processing and Degradation","OG0000042",0.093053703756852,0.141595754075471,0.657178630562989,0.520408286127986,0.775730653278644,0.719663316598305,"bio2",0.955092021082572
"Uncharacterized protein","Uncategorized","OG0000045",-0.0905605578454407,0.271741837880979,-0.333259532472528,0.743265578681847,0.173995385889803,-0.0325057676377463,"bio2",0.955092021082572
"mTERF protein","Photosynthesis and Energy","OG0000046",0.355025865475349,0.195326116554018,1.8176057136587,0.0878987087782939,0.573233729364835,0.466542161706044,"bio2",0.790921143768611
"LRR receptor kinase","Signaling and Transport","OG0000047",-0.0810262309789031,0.291327401532716,-0.278127737221464,0.784476413380568,0.050637381900844,-0.186703272623945,"bio2",0.955092021082572
"Subtilase protease","Multifunction","OG0000049",0.126006138339725,0.233003760509397,0.540790148898232,0.59610144084574,0.392711136379535,0.240888920474419,"bio2",0.955092021082572
"TIR-NLR RCC1-FYVE","Defense & Stress response","OG0000054",0.223321653747464,0.25572706332043,0.873281266549557,0.395427610289459,0.268485667964659,0.0856070849558241,"bio2",0.906410696113026
"ULP SUMO protease","Protein Processing and Degradation","OG0000060",0.142852928632446,0.266474755208331,0.536084285060188,0.599274715537659,0.205705417472673,0.00713177184084168,"bio2",0.955092021082572
"TIR-NLR receptor","Growth & Reproduction","OG0000065",0.112915664228404,0.222718672948266,0.506987863808943,0.619079001540014,0.445140894933413,0.306426118666766,"bio2",0.955092021082572
"Uncharacterized protein","Uncategorized","OG0000075",-0.0211306955270319,0.284799038324811,-0.0741951084221445,0.941774835063124,0.0927092282469685,-0.134113464691289,"bio2",0.984939155984732
"Stress-induced LRR kinase","Growth & Reproduction","OG0000077",0.463353746581705,0.246878775146041,1.87684723527816,0.0788977111273534,0.318231447897924,0.147789309872405,"bio2",0.790921143768611
"Ta11 non-LTR retroelement","Genetic Information & Regulation","OG0000083",0.22793476054272,0.251122823292851,0.907662463944628,0.377524852315423,0.29458965027115,0.118237062838938,"bio2",0.906410696113026
"Transmembrane protein","Uncategorized","OG0000086",0.0531092971815705,0.283019284307644,0.187652573963265,0.853508132941976,0.104013402432707,-0.119983246959116,"bio2",0.955092021082572
"En/Spm transposase","Uncategorized","OG0000087",-0.0977215550881138,0.252049775728129,-0.387707367744378,0.703341867904444,0.289372373342397,0.111715466677996,"bio2",0.955092021082572
"Terpenoid cyclase/prenyltransferase","Biosynthesis & Metabolism","OG0000090",-0.00632162869268807,0.252587536296172,-0.0250274767527548,0.980342535284524,0.286336820699554,0.107921025874443,"bio2",0.995196210061562
"Cysteine-rich receptor kinase","Defense & Stress response","OG0000093",-0.161790224530659,0.183187177653588,-0.883196229141151,0.390207839862227,0.624629965946517,0.530787457433146,"bio2",0.906410696113026
"MuDR/Mutator transposase","Genetic Information & Regulation","OG0000095",0.169366584136336,0.288105774338758,0.587862511694031,0.564830260897421,0.0715182281976543,-0.160602214752932,"bio2",0.955092021082572
"C1 domain protein","Multifunction","OG0000096",0.35632805948086,0.242374997202322,1.47015188692675,0.160911182067392,0.342879386828083,0.178599233535103,"bio2",0.898420766542936
"Ankyrin-repeat protein","Biosynthesis & Metabolism","OG0000103",-0.0778200398285149,0.145369598496355,-0.535325409394083,0.599787227923821,0.76361678315674,0.704520978945925,"bio2",0.955092021082572
"Ubiquitin","Protein Processing and Degradation","OG0000106",0.441796780006033,0.185607433779543,2.38027524549896,0.0300757601765928,0.614645718141614,0.518307147677017,"bio2",0.790921143768611
"ATFDB F-box protein","Multifunction","OG0000107",0.131389015168773,0.128494555316838,1.02252593384052,0.321744630381226,0.815311902274143,0.769139877842678,"bio2",0.906410696113026
"Non-LTR reverse transcriptase","Genetic Information & Regulation","OG0000118",0.186624841227606,0.123118485908212,1.51581494729183,0.149072429250343,0.830442896682295,0.788053620852869,"bio2",0.898420766542936
"Rossmann enzyme (senescence)","Defense & Stress response","OG0000126",-0.00137138948529392,0.289630221075443,-0.0047349668145877,0.996280591982113,0.0616665291062889,-0.172916838617139,"bio2",0.996280591982113
"LRR receptor-like protein","Signaling and Transport","OG0000141",0.479225762278228,0.216183067937422,2.2167590036096,0.0414746575153336,0.477227410475956,0.346534263094945,"bio2",0.790921143768611
"SAUR auxin protein","Signaling and Transport","OG0000142",-0.109480109720315,0.271506481942302,-0.403232029442232,0.692114740884393,0.175425573494162,-0.0307180331322976,"bio2",0.955092021082572
"F-box/LRR protein","Multifunction","OG0000147",-0.0945680341850473,0.180551116844078,-0.523774296376773,0.607615073824467,0.635355376052608,0.544194220065759,"bio2",0.955092021082572
"DOR F-box regulator","Defense & Stress response","OG0000150",0.198130418670457,0.213877546679627,0.926373159531526,0.368015338997646,0.488318347997614,0.360397934997017,"bio2",0.906410696113026
"WAK-like receptor kinase","Signaling and Transport","OG0000159",0.681896842080564,0.218399905264045,3.12223964225695,0.00656660985799704,0.466450953761799,0.333063692202249,"bio2",0.428329756126671
"CYP71 P450","Defense & Stress response","OG0000164",0.126069109567748,0.132401713433124,0.95217128463693,0.355173932147519,0.803909448733296,0.75488681091662,"bio2",0.906410696113026
"F-box/kelch DUF295","Multifunction","OG0000166",0.32597065234248,0.212821639594179,1.53166122093628,0.145137953654341,0.493358190623664,0.36669773827958,"bio2",0.898420766542936
"Autophagy protein","Multifunction","OG0000167",0.194230872368666,0.267723370231098,0.725490913255,0.47862885650704,0.198244360226945,-0.00219454971631849,"bio2",0.955092021082572
"Uncharacterized protein","Uncategorized","OG0000170",-0.0322480035701008,0.0732776899989176,-0.440079423499528,0.665766546648405,0.93993617342009,0.924920216775113,"bio2",0.955092021082572
"KUK F-box protein","Multifunction","OG0000182",0.0527724625589674,0.262199739154325,0.201268173374904,0.84302532398799,0.23098649411057,0.0387331176382125,"bio2",0.955092021082572
"Receptor-like protein","Defense & Stress response","OG0000184",-0.18139372907614,0.202090224644649,-0.897587844217099,0.382713358817411,0.543164263312201,0.428955329140251,"bio2",0.906410696113026
"Receptor-like kinase","Signaling and Transport","OG0000185",-0.00973606088068853,0.184018075120737,-0.0529081769510988,0.958460030146962,0.621217048552713,0.526521310690891,"bio2",0.987951107997638
"En/Spm transposase-like","Uncategorized","OG0000186",0.333150944758533,0.185453091758653,1.7964162344195,0.0913320956043958,0.615286335045813,0.519107918807266,"bio2",0.790921143768611
"F-box protein","Multifunction","OG0000188",-0.097190574965412,0.202120032796563,-0.480855725286942,0.637128419819895,0.543029487537241,0.428786859421551,"bio2",0.955092021082572
"Nuclease","Genetic Information & Regulation","OG0000192",0.079353213521968,0.27233734008164,0.291378382039642,0.774505564319638,0.170371162715608,-0.0370360466054906,"bio2",0.955092021082572
"CYP72 P450","Multifunction","OG0000196",0.0212988488661889,0.278722672227456,0.0764159180018467,0.940035586398121,0.131011456598947,-0.0862356792513168,"bio2",0.984939155984732
"ECA1 gametogenesis protein","Growth & Reproduction","OG0000199",0.348591291232285,0.198619973363319,1.75506664979073,0.0983732765881358,0.558718932358892,0.448398665448615,"bio2",0.790921143768611
"Leaf-shape QTL factor","Defense & Stress response","OG0000200",0.262522569730658,0.28074887120696,0.935079698101918,0.363646499875322,0.11833115595236,-0.10208605505955,"bio2",0.906410696113026
"Receptor-like kinase","Signaling and Transport","OG0000202",-0.243086942165928,0.218874285199219,-1.11062357985394,0.283142788508448,0.464130624524126,0.330163280655158,"bio2",0.906410696113026
"Uncharacterized DUF577 protein","Uncategorized","OG0000206",0.602615610381427,0.256439727941154,2.34993078186275,0.0319401092517544,0.264402793081267,0.0805034913515834,"bio2",0.790921143768611
"RRM RNA-binding protein","Genetic Information & Regulation","OG0000207",0.0351489026287955,0.154818833814534,0.227032472489118,0.823273864780943,0.731887513623853,0.664859392029817,"bio2",0.955092021082572
"RPP receptor-like protein","Defense & Stress response","OG0000210",0.237345421926979,0.196556840211354,1.20751545289274,0.244781404835101,0.567838792314504,0.45979849039313,"bio2",0.906410696113026
"RNase H-like enzyme","Genetic Information & Regulation","OG0000213",-0.248071190307224,0.221516578345412,-1.11987640907131,0.279296188727268,0.451114288390635,0.313892860488293,"bio2",0.906410696113026
"F-box/LRR protein","Multifunction","OG0000217",0.105383533123943,0.28363415898707,0.371547395773112,0.715104199650256,0.100116014843369,-0.124854981445788,"bio2",0.955092021082572
"F-box DUF295 protein","Multifunction","OG0000220",0.0945342569180712,0.287443596176501,0.328879328590168,0.746512340539301,0.0757813416852471,-0.155273322893441,"bio2",0.955092021082572
"Uncharacterized DUF1204 protein","Uncategorized","OG0000224",-0.018583779552642,0.20637387154564,-0.0900490910668996,0.929365841924659,0.523592182070111,0.404490227587638,"bio2",0.984939155984732
"PR thionin protein","Defense & Stress response","OG0000228",0.0995595287188639,0.259511440487536,0.383642156707329,0.706293632292354,0.24667483857721,0.0583435482215122,"bio2",0.955092021082572
"RRM RNA-binding protein","Defense & Stress response","OG0000242",0.112313905386518,0.244590859999207,0.459190933736783,0.652273945000655,0.330809287749965,0.163511609687456,"bio2",0.955092021082572
"Kelch repeat oxidase","Multifunction","OG0000253",-0.0177469895624746,0.194690737533921,-0.0911547708292107,0.928501084049483,0.576005681342155,0.470007101677693,"bio2",0.984939155984732
"RPA1 ssDNA-binding","Genetic Information & Regulation","OG0000255",0.0234138295192545,0.24848545371821,0.0942261575834797,0.926099425623478,0.309328719987224,0.13666089998403,"bio2",0.984939155984732
"Seed germination F-box","Multifunction","OG0000258",0.0195250276885988,0.184014959959546,0.106105654088619,0.916817462544406,0.621229872944681,0.526537341180852,"bio2",0.984939155984732
"Pectin lyase","Structural Dynamics","OG0000261",-0.109055301176263,0.232442043003296,-0.469172012804568,0.645276254826706,0.39563566943617,0.244544586795213,"bio2",0.955092021082572
"Extensin-like protein","Multifunction","OG0000264",0.0451751435091962,0.215673175038025,0.20946111402696,0.836732008440357,0.479690542116047,0.349613177645059,"bio2",0.955092021082572
"TNL-WRKY immune receptor","Defense & Stress response","OG0000266",0.648092515119324,0.197504389663077,3.28140815616759,0.00469978158651725,0.563662075316822,0.454577594146027,"bio2",0.428329756126671
"C1 domain protein","Defense & Stress response","OG0000269",-0.320936444276782,0.241783021284958,-1.32737378568256,0.203014966301565,0.346085365469645,0.182606706837056,"bio2",0.906410696113026
"UCH deubiquitinase","Multifunction","OG0000271",-0.023546321022575,0.28356642898609,-0.0830363492137148,0.934852626703649,0.100545736469878,-0.124317829412652,"bio2",0.984939155984732
"Uncharacterized protein","Uncategorized","OG0000276",0.225175028548285,0.192437252176866,1.17012182413273,0.259086884804767,0.585764084787918,0.482205105984898,"bio2",0.906410696113026
"Glycoside hydrolase","Defense & Stress response","OG0000297",0.189785392592091,0.184079537438566,1.03099668346043,0.317876281411257,0.620963978129502,0.526204972661877,"bio2",0.906410696113026
"Kelch repeat oxidase","Multifunction","OG0000299",0.434916981510316,0.202365194224738,2.14916889822129,0.047267724271408,0.541920250751257,0.427400313439071,"bio2",0.790921143768611
"RRM RNA-binding protein","Genetic Information & Regulation","OG0000319",0.161309385506781,0.226049542186425,0.713601911981522,0.485753134816981,0.428420399949732,0.285525499937165,"bio2",0.955092021082572
"TN13 TIR-NLR receptor","Defense & Stress response","OG0000320",0.140568063549033,0.268448535654196,0.523631329209809,0.607712270876713,0.193895148012771,-0.00763106498403565,"bio2",0.955092021082572
"F-box protein","Multifunction","OG0000325",0.0767058039957488,0.267527291267405,0.286721416840714,0.778005296811959,0.199418332046964,-0.000727084941294587,"bio2",0.955092021082572
"C1 domain protein","Defense & Stress response","OG0000329",0.245926075890468,0.139135744775547,1.76752621180988,0.0962031533624541,0.783455633033984,0.72931954129248,"bio2",0.790921143768611
"F-box protein","Multifunction","OG0000338",0.452570327501653,0.266485182807383,1.69829452704983,0.108811393195512,0.205643252128078,0.0070540651600971,"bio2",0.83610592187116
"F-box/FBD protein","Multifunction","OG0000339",0.314031878902736,0.240834036887416,1.30393478829381,0.210704577567003,0.351208446166972,0.189010557708715,"bio2",0.906410696113026
"MYB/SANT protein","Genetic Information & Regulation","OG0000343",0.165015541600186,0.251461040190431,0.656227069908006,0.521004514803206,0.292688251107066,0.115860313883833,"bio2",0.955092021082572
"Plastocyanin-like protein","Defense & Stress response","OG0000347",0.186626867229645,0.251733609822199,0.741366507878949,0.469213871081867,0.29115404771334,0.113942559641675,"bio2",0.955092021082572
"LRR receptor-like protein","Signaling and Transport","OG0000348",-0.364758533820622,0.244088243599578,-1.49437157825184,0.154538219274322,0.333556738271707,0.166945922839633,"bio2",0.898420766542936
"DUF1163 TM protein","Defense & Stress response","OG0000360",0.187921491967384,0.232929783848225,0.806773135074181,0.431626841918259,0.393096692996469,0.241370866245586,"bio2",0.93287091640398
"F-box protein","Multifunction","OG0000361",0.0679889851343471,0.187069050870704,0.36344325701069,0.721031213601695,0.608552663685731,0.510690829607164,"bio2",0.955092021082572
"RRM RNA-binding protein","Genetic Information & Regulation","OG0000367",0.368069753900432,0.202764697518886,1.81525560614983,0.0882738027929689,0.540109810864339,0.425137263580424,"bio2",0.790921143768611
"Cytochrome P450","Multifunction","OG0000372",0.270662459951711,0.262790673267964,1.02995458927768,0.318350367182019,0.227516251080382,0.0343953138504769,"bio2",0.906410696113026
"Kelch repeat oxidase","Multifunction","OG0000382",0.307477765939193,0.243356622620189,1.2634863297683,0.224515066126908,0.33754589507693,0.171932368846162,"bio2",0.906410696113026
"DUF1985 TM protease","Genetic Information & Regulation","OG0000384",0.341863143778064,0.191729734256925,1.78304708501789,0.0935586045855608,0.588804458308885,0.486005572886106,"bio2",0.790921143768611
"CCHC zinc knuckle","Genetic Information & Regulation","OG0000385",0.249683045884909,0.259114265256298,0.963602083574751,0.349584247451375,0.248978961542058,0.0612237019275725,"bio2",0.906410696113026
"Beta-1,3-glucanase","Defense & Stress response","OG0000386",-0.152596076189812,0.276462677711407,-0.551959047250144,0.58860376530341,0.145046534887449,-0.0686918313906892,"bio2",0.955092021082572
"ATP-binding protein","Photosynthesis and Energy","OG0000388",0.09489683527466,0.180842181258807,0.524749450676286,0.606952312406481,0.63417874944972,0.54272343681215,"bio2",0.955092021082572
"PAH domain protein","Defense & Stress response","OG0000402",-0.032054561406659,0.17192423614325,-0.186445856184876,0.8544385996677,0.669368929293198,0.586711161616498,"bio2",0.955092021082572
"DUF295 organellar protein","Uncategorized","OG0000418",0.334856311069963,0.174051782700054,1.92388900518776,0.0723449256737835,0.661135239021966,0.576419048777458,"bio2",0.790921143768611
"C1 domain protein","Genetic Information & Regulation","OG0000422",0.049139138562214,0.239586637377988,0.205099662902688,0.840080812065152,0.357911870537609,0.197389838172011,"bio2",0.955092021082572
"CCHC zinc knuckle","Genetic Information & Regulation","OG0000432",-0.162542020204341,0.260917707923161,-0.622962778180654,0.542087372271146,0.238488324943642,0.0481104061795523,"bio2",0.955092021082572
"Mutator transposase DEK","Genetic Information & Regulation","OG0000434",0.324671848788628,0.280151194173602,1.15891652629343,0.263495058283269,0.122081071741282,-0.0973986603233972,"bio2",0.906410696113026
"F-box protein","Multifunction","OG0000440",-0.105998470745216,0.242026867261844,-0.437961586432214,0.667269163496552,0.344765712340246,0.180957140425308,"bio2",0.955092021082572
"Uncharacterized DUF1985 TM protein","Uncategorized","OG0000445",0.141839622617597,0.230912115343556,0.614258036684496,0.547680590297001,0.403565308464688,0.25445663558086,"bio2",0.955092021082572
"OB-fold nucleic protein","Genetic Information & Regulation","OG0000448",0.14651731421507,0.252651396315322,0.579918877757591,0.570046347559517,0.285975913695833,0.107469892119792,"bio2",0.955092021082572
"CCHC zinc knuckle","Genetic Information & Regulation","OG0000452",-0.110798945123568,0.277673588613323,-0.399025869463811,0.695149371576202,0.137540713595211,-0.0780741080059859,"bio2",0.955092021082572
"Callose synthase","Structural Dynamics","OG0000496",0.233235452998191,0.210090916737794,1.11016438320978,0.283334706203173,0.506276261458948,0.382845326823686,"bio2",0.906410696113026
"Ceramide synthase","Genetic Information & Regulation","OG0000500",0.331040684954583,0.269302989061732,1.22924994671596,0.236750029125602,0.188755427624161,-0.0140557154697984,"bio2",0.906410696113026
"F-box/FBD protein","Multifunction","OG0000501",0.158983697228082,0.234654180037384,0.677523397208407,0.507753371153947,0.384077532415913,0.230096915519892,"bio2",0.955092021082572
"Uncharacterized protein","Uncategorized","OG0000503",0.332494456830449,0.26560313884846,1.2518468654851,0.228617961783745,0.210893060045791,0.0136163250572383,"bio2",0.906410696113026
"hAT dimerization MYM ZnF","Genetic Information & Regulation","OG0000504",0.0878347574084121,0.210724704907725,0.416822305893723,0.682346925142844,0.503292902997243,0.379116128746554,"bio2",0.955092021082572
"Resistance C1 protein","Genetic Information & Regulation","OG0000510",-0.0436686333465065,0.170672435661527,-0.25586224967873,0.80131755593749,0.674166128029453,0.592707660036816,"bio2",0.955092021082572
"F-box ubiquitination factor","Defense & Stress response","OG0000513",0.172801395590827,0.234735092351839,0.736154930477198,0.472292155107745,0.38365270039781,0.229565875497263,"bio2",0.955092021082572
"Dynamin-related protein","Signaling and Transport","OG0000535",0.0661007358663835,0.259819534955476,0.25441018466033,0.802419492440027,0.244885067095474,0.0561063338693419,"bio2",0.955092021082572
"ATFDB F-box/kelch","Genetic Information & Regulation","OG0000546",-0.0672493766010369,0.199729122478338,-0.33670290925316,0.740716731544766,0.553776699209082,0.442220874011352,"bio2",0.955092021082572
"GGPP synthase","Biosynthesis & Metabolism","OG0000549",0.296648769607685,0.286737631952337,1.03456517928207,0.316256687154761,0.0803155465603757,-0.14960556679953,"bio2",0.906410696113026
"RT zinc-binding protein","Genetic Information & Regulation","OG0000589",-0.0510578444684212,0.243025114748398,-0.210092872587596,0.836247199560574,0.33934949646837,0.174186870585463,"bio2",0.955092021082572
"MUSTANG domesticated TE","Genetic Information & Regulation","OG0000591",-0.685399223493121,0.228657564118427,-2.99749201884325,0.00852397524630192,0.415155241637607,0.268944052047009,"bio2",0.428329756126671
"GCK-domain protein","Signaling and Transport","OG0000594",0.309945340748292,0.205795680244478,1.50608283118523,0.151532747454072,0.526257916713665,0.407822395892081,"bio2",0.898420766542936
"RNase H protein","Genetic Information & Regulation","OG0000598",0.025928449506888,0.287234077430388,0.0902694058408577,0.929193525267348,0.0771281837378418,-0.153589770327698,"bio2",0.984939155984732
"SRP-binding P-loop NTPase","Signaling and Transport","OG0000599",0.00505449191023503,0.135130915193268,0.0374044081845072,0.97062527497134,0.795742085776628,0.744677607220785,"bio2",0.995196210061562
"TIR-NLR receptor","Genetic Information & Regulation","OG0000601",-0.43696193213888,0.248477716535627,-1.75855581028019,0.0977612808490997,0.309371730686818,0.136714663358523,"bio2",0.790921143768611
"F-box ubiquitination factor","Multifunction","OG0000605",0.200451338932631,0.253653029631283,0.790258011993835,0.440933250519669,0.28030321205841,0.100379015073012,"bio2",0.942846631430357
"F-box/FBD protein","Multifunction","OG0000606",0.0830252808235532,0.280256925596289,0.29624702635592,0.770852117717898,0.121418278682195,-0.0982271516472559,"bio2",0.955092021082572
"F-box/FBD protein","Protein Processing and Degradation","OG0000618",0.325619968274649,0.19968525991756,1.6306660211629,0.122485528475947,0.55397266810183,0.442465835127287,"bio2",0.879271115130905
"Receptor-like protein","Signaling and Transport","OG0000620",0.0488408553886357,0.263547596086946,0.185320815343437,0.855306287536631,0.223059832227173,0.0288247902839657,"bio2",0.955092021082572
"DUF1985 K-box protein","Uncategorized","OG0000621",-0.290090551923236,0.258802541138112,-1.12089529974293,0.278875004320431,0.250784887189329,0.0634811089866611,"bio2",0.906410696113026
"CLV2-like receptor","Signaling and Transport","OG0000639",-0.198123337382054,0.226082354834783,-0.876332598034196,0.393816317901912,0.428254450472858,0.285318063091072,"bio2",0.906410696113026
"C1 domain protein","Genetic Information & Regulation","OG0000679",0.097182434884057,0.27479914257061,0.35364897421063,0.728218882593339,0.155304455905341,-0.0558694301183245,"bio2",0.955092021082572
"S1 self-incompatibility protein","Growth & Reproduction","OG0000692",0.210953106210798,0.273412555017401,0.771556032594669,0.451622892067242,0.163807316369743,-0.0452408545378209,"bio2",0.945585430265788
"S1 self-incompatibility protein","Growth & Reproduction","OG0000712",-0.0537303288386401,0.263424526189882,-0.203968588710339,0.840949793162167,0.223785284648975,0.0297316058112191,"bio2",0.955092021082572
"Uncharacterized protein","Uncategorized","OG0000720",0.0817804427854286,0.17659483604347,0.463096456372584,0.649531755004421,0.651160659844242,0.563950824805303,"bio2",0.955092021082572
"RT/RNase H-like","Genetic Information & Regulation","OG0000724",0.0841854234980337,0.162516363575776,0.518011981352148,0.611538623484457,0.704563840695255,0.630704800869068,"bio2",0.955092021082572
"Cysteine protease","Protein Processing and Degradation","OG0000725",0.124055912048041,0.159438931500803,0.778077919114858,0.447876986753097,0.715646742994295,0.644558428742868,"bio2",0.945585430265788
"RNase H / thioredoxin","Genetic Information & Regulation","OG0000728",0.140208738344281,0.195808576332766,0.716050037083174,0.484281013368896,0.571122881620736,0.46390360202592,"bio2",0.955092021082572
"F-box protein","Multifunction","OG0000731",0.0136947120487873,0.198082017125828,0.0691365740691541,0.945737597537579,0.561106088263665,0.451382610329582,"bio2",0.984939155984732
"C1 domain protein","Genetic Information & Regulation","OG0000736",0.0811951068672533,0.279889252107891,0.290097266171387,0.775467832228803,0.123722017016309,-0.095347478729614,"bio2",0.955092021082572
"Thionin peptide","Defense & Stress response","OG0000739",0.233685996715961,0.279047759748892,0.83744086290551,0.414679326197906,0.128983189041701,-0.0887710136978734,"bio2",0.908296216822416
"Tryptophan biosynthesis protein","Biosynthesis & Metabolism","OG0000761",0.00704934879342242,0.23829791263763,0.0295820836842246,0.976766209258983,0.36480081387498,0.206001017343725,"bio2",0.995196210061562
"Cystatin inhibitor","Uncategorized","OG0000817",-0.323238059540837,0.260796495145727,-1.23942639397903,0.233060427548711,0.239195701266808,0.0489946265835095,"bio2",0.906410696113026
"Gag-Pol retrotransposon","Genetic Information & Regulation","OG0000822",-0.281783528701089,0.218734763234448,-1.28824300506391,0.215980362214858,0.464813589344002,0.331016986680003,"bio2",0.906410696113026
"Pectin lyase","Biosynthesis & Metabolism","OG0000846",0.0543098952362019,0.285100928642327,0.190493575362346,0.851318399647818,0.0907847310955817,-0.136519086130523,"bio2",0.955092021082572
"RING/U-box E3 ligase","Protein Processing and Degradation","OG0000865",0.270106292518873,0.169877052526253,1.59001047229219,0.131394659316673,0.677196012483505,0.596495015604382,"bio2",0.898420766542936
"Subtilisin protease","Multifunction","OG0000887",0.0654657016259166,0.221701252306675,0.295287919868667,0.771571396866368,0.450198716722364,0.312748395902955,"bio2",0.955092021082572
"Uncharacterized DUF1985 protein","Uncategorized","OG0000893",0.28725037223603,0.170950930102368,1.68030891709112,0.112312735773738,0.673101902790858,0.591377378488573,"bio2",0.83610592187116
"REM transcription factor","Growth & Reproduction","OG0000907",0.402260888877075,0.208429275545552,1.92996347477666,0.0715353046187121,0.514055249837086,0.392569062296357,"bio2",0.790921143768611
"RING finger E3 ligase","Protein Processing and Degradation","OG0000913",0.146831967002355,0.117707079805635,1.24743530503698,0.23018823652036,0.845020367236121,0.806275459045152,"bio2",0.906410696113026
"Uncharacterized protein","Biosynthesis & Metabolism","OG0000929",-0.233355506227969,0.204053260916747,-1.14360096564777,0.269611602997251,0.534246061977384,0.41780757747173,"bio2",0.906410696113026
"AGL MADS-box TF","Genetic Information & Regulation","OG0000949",-0.115869683368081,0.258527677089872,-0.448190633484092,0.660025238354612,0.252375466182006,0.0654693327275077,"bio2",0.955092021082572
"B3 domain protein","Uncategorized","OG0000962",0.0721929453416293,0.280857274938296,0.25704495408741,0.80042035054997,0.117650158417502,-0.102937301978122,"bio2",0.955092021082572
"Cytochrome P450","Biosynthesis & Metabolism","OG0001007",0.17796579158337,0.206422470473383,0.862143501990099,0.401346029622186,0.523367777351795,0.404209721689744,"bio2",0.906410696113026
"C1 domain protein","Multifunction","OG0001038",-0.295047616420667,0.255781779550398,-1.15351303341187,0.265640962618332,0.268172599899708,0.0852157498746346,"bio2",0.906410696113026
"Reverse transcriptase","Genetic Information & Regulation","OG0001079",0.200552544998251,0.228591822424058,0.877339105448,0.393285776215435,0.41549149255749,0.269364365696863,"bio2",0.906410696113026
"Uncharacterized protein","Uncategorized","OG0001115",-0.121905065890385,0.278556327309795,-0.437631652699128,0.667503385205381,0.132048391925689,-0.0849395100928887,"bio2",0.955092021082572
"GRF zinc-finger TM protein","Genetic Information & Regulation","OG0001127",-0.260043887433066,0.240158233606087,-1.08280229883601,0.294945230772484,0.354844479451243,0.193555599314054,"bio2",0.906410696113026
"NLR resistance protein","Defense & Stress response","OG0001132",0.0443260578189435,0.278626260421872,0.159087868285741,0.875590467906348,0.131612529082244,-0.0854843386471948,"bio2",0.966998264006461
"Uncharacterized protein","Uncategorized","OG0001135",0.314830493075913,0.244227354683762,1.28908775793593,0.21569371378603,0.332796881410777,0.165996101763472,"bio2",0.906410696113026
"F-box protein","Multifunction","OG0001136",0.16375362551023,0.248878883327519,0.657965124725883,0.519915775846802,0.307139894487144,0.13392486810893,"bio2",0.955092021082572
"RT / nucleotidyltransferase","Genetic Information & Regulation","OG0001139",0.213671467567261,0.22469544190473,0.950938148793674,0.355780613626442,0.435247734549155,0.294059668186443,"bio2",0.906410696113026
"Glycoside hydrolase","Defense & Stress response","OG0001188",-0.106165539162952,0.275374595078277,-0.385531349152866,0.704921276957197,0.151763024786043,-0.0602962190174465,"bio2",0.955092021082572
"Jacalin lectin","Defense & Stress response","OG0001196",-0.276585955422242,0.249356222920396,-1.10920013217612,0.283738021707642,0.304479590654258,0.130599488317823,"bio2",0.906410696113026
"EIN2-targeting F-box","Multifunction","OG0001262",-0.277853805550586,0.203213717729822,-1.3672984710609,0.190434376622692,0.538070711965467,0.422588389956833,"bio2",0.906410696113026
"Alpha/beta hydrolase","Biosynthesis & Metabolism","OG0001318",0.117509893560935,0.283147654871656,0.415012773509282,0.683644187035553,0.103200423275541,-0.120999470905573,"bio2",0.955092021082572
"Sarcosine dehydrogenase-like","Uncategorized","OG0001336",0.0122113592319712,0.154258102139194,0.0791618661362262,0.937885504753732,0.733826126730444,0.667282658413055,"bio2",0.984939155984732
"F-box ubiquitination factor","Multifunction","OG0001349",0.0752419461386358,0.262117563841747,0.2870541944456,0.777755047934635,0.23146844746955,0.0393355593369382,"bio2",0.955092021082572
"Uncharacterized protein","Uncategorized","OG0001363",0.2980955135934,0.259783756396642,1.14747556863511,0.268054206404226,0.24509301961813,0.0563662745226623,"bio2",0.906410696113026
"DnaJ chaperone","Defense & Stress response","OG0001392",0.0837709404119331,0.211135100252396,0.396764632274744,0.696783012546566,0.501356302540034,0.376695378175043,"bio2",0.955092021082572
"Transmembrane protein","Uncategorized","OG0001398",-0.00989123670925738,0.185929099944292,-0.0531989705335043,0.958231946535757,0.613308887589038,0.516636109486297,"bio2",0.987951107997638
"Neprosin-like protease","Uncategorized","OG0001400",0.238768363198065,0.246443812713722,0.968855174609017,0.347036098119527,0.32063167428695,0.150789592858688,"bio2",0.906410696113026
"Invertase/PMEI inhibitor","Biosynthesis & Metabolism","OG0001401",0.109212534126786,0.286152511869851,0.381658484886755,0.707735747140548,0.0840651540794857,-0.144918557400643,"bio2",0.955092021082572
"HARBI1-like nuclease","Genetic Information & Regulation","OG0001408",-0.213769497563734,0.224859947301505,-0.95067841173644,0.355908491031747,0.434420492093927,0.293025615117408,"bio2",0.906410696113026
"NYN-domain nuclease","Uncategorized","OG0001411",-0.151791693576392,0.171406477255434,-0.885565679937454,0.388967256287399,0.671357356401389,0.589196695501736,"bio2",0.906410696113026
"N-myristoyltransferase","Protein Processing and Degradation","OG0001412",-0.0663764719487609,0.249120209541433,-0.266443545752242,0.793300891232802,0.30579557495805,0.132244468697562,"bio2",0.955092021082572
"Mannose-binding lectin","Defense & Stress response","OG0001688",0.21813922922707,0.250714481526011,0.870070320227746,0.397127897519612,0.296881869768648,0.12110233721081,"bio2",0.906410696113026
"MEG embryo factor","Uncategorized","OG0001769",0.0538499266749217,0.177116789947108,0.304036261559407,0.765018655842352,0.649095512984527,0.561369391230659,"bio2",0.955092021082572
"Kelch repeat oxidase","Multifunction","OG0001813",-0.0505358771598969,0.233140417187591,-0.216761545550613,0.831133883547155,0.391998577788541,0.239998222235676,"bio2",0.955092021082572
"F-box protein","Multifunction","OG0001841",0.066230830416697,0.258855667053096,0.255860075117119,0.801319205835654,0.250477264061029,0.0630965800762857,"bio2",0.955092021082572
"Uncharacterized protein","Uncategorized","OG0001893",0.22635991067201,0.270926661014936,0.83550252981389,0.415737571878917,0.178943684675166,-0.026320394156043,"bio2",0.908296216822416
"Cysteine-rich peptide","Defense & Stress response","OG0001901",0.18980109856408,0.152328321099615,1.24600006875911,0.230700910117535,0.740444182315638,0.675555227894548,"bio2",0.906410696113026
"Cytochrome b561 reductase","Uncategorized","OG0001911",-0.522581126838375,0.25459908549471,-2.05256482293701,0.0568459845224434,0.274924659300128,0.0936558241251597,"bio2",0.790921143768611
"F-box protein","Multifunction","OG0001918",-0.107846365888984,0.194672689682244,-0.553988163748171,0.587246758520015,0.576084286333769,0.470105357917211,"bio2",0.955092021082572
"F-box/RNI protein","Multifunction","OG0001923",0.281393079253202,0.135833758665041,2.07159900468559,0.0548289251974009,0.793611785877689,0.742014732347111,"bio2",0.790921143768611
"Defense protein kinase","Signaling and Transport","OG0001927",-0.0824848579767299,0.24660417277667,-0.334482815306739,0.74235972843583,0.319747261804818,0.149684077256023,"bio2",0.955092021082572
"TRAF-like protein","Signaling and Transport","OG0001929",0.394304664999454,0.256425088813757,1.53769924317289,0.143661863827004,0.264486775340541,0.0806084691756757,"bio2",0.898420766542936
"RRM RNA-binding protein","Genetic Information & Regulation","OG0002178",0.158649569730031,0.219044355619879,0.724280565372545,0.479351266218765,0.463297534997519,0.329121918746899,"bio2",0.955092021082572
"Defensin-like peptide","Defense & Stress response","OG0002370",0.205462800070251,0.189249294189825,1.08567274160697,0.293711039893043,0.599375049192808,0.49921881149101,"bio2",0.906410696113026
"DUF247 TM protein","Uncategorized","OG0002564",0.080967433012998,0.253793318107342,0.319029017851261,0.753831696638946,0.27950690312985,0.0993836289123126,"bio2",0.955092021082572
"Amino acid transporter","Signaling and Transport","OG0002742",-0.00220745618731975,0.281663317976393,-0.00783721573394503,0.993843757970005,0.112578311769995,-0.109277110287506,"bio2",0.996280591982113
"LRR family protein","Signaling and Transport","OG0002810",0.137314738423354,0.147468503324049,0.931146213111131,0.365615857665077,0.756741512712313,0.695926890890391,"bio2",0.906410696113026
"MATH/coiled-coil protein","Signaling and Transport","OG0002867",-0.344275243732939,0.193812166988271,-1.77633452575645,0.0946944004165982,0.579823720392182,0.474779650490228,"bio2",0.790921143768611
"Defensin-like peptide","Defense & Stress response","OG0002883",-0.286857324885616,0.260568842129841,-1.10088881901956,0.287232046549844,0.240523355604238,0.0506541945052978,"bio2",0.906410696113026
"Beta-galactosidase","Structural Dynamics","OG0002891",0.33885984959467,0.188021844390494,1.80223660018412,0.0903774282966365,0.604555013635427,0.505693767044283,"bio2",0.790921143768611
"NAC transcription factor","Growth & Reproduction","OG0002892",0.685399223493121,0.228657564118427,2.99749201884325,0.00852397524630192,0.415155241637607,0.268944052047009,"bio2",0.428329756126671
"Kelch repeat oxidase","Multifunction","OG0002893",0.0239504021175483,0.158343587932549,0.151255901361479,0.88166450110246,0.71954032945405,0.649425411817562,"bio2",0.968385599571555
"Thionin peptide","Defense & Stress response","OG0002919",0.0295615498639339,0.170770257535602,0.173107134055653,0.86473819898463,0.673792513928733,0.592240642410916,"bio2",0.960289381192877
"WRKY TF (II-c)","Genetic Information & Regulation","OG0003409",0.257541419199672,0.131439211564548,1.95939564863562,0.0677265684018529,0.806750069114923,0.758437586393654,"bio2",0.790921143768611
"Cytochrome P450","Multifunction","OG0003687",0.425214939938028,0.226252464056955,1.87938258135827,0.0785314807883897,0.427393739509954,0.284242174387442,"bio2",0.790921143768611
"Uncharacterized DUF674 protein","Uncategorized","OG0003691",0.0671841374004583,0.223397198270332,0.300738495919538,0.767486636525548,0.441754924272817,0.302193655341021,"bio2",0.955092021082572
"Imprinted F-box protein","Multifunction","OG0003767",0.0906816071526183,0.195531227452732,0.463770459245645,0.64905904114734,0.572336968864366,0.465421211080458,"bio2",0.955092021082572
"TPR repeat protein","Genetic Information & Regulation","OG0003808",-0.150113641209745,0.17962421570699,-0.835709375926327,0.41562455964014,0.639089741683557,0.548862177104447,"bio2",0.908296216822416
"Cysteine protease","Protein Processing and Degradation","OG0003820",-0.106349464158048,0.167192239073753,-0.63609091395166,0.533711325688207,0.687318861518693,0.609148576898366,"bio2",0.955092021082572
"F-box protein","Multifunction","OG0004081",0.0978644694235277,0.274299629923461,0.356779443890738,0.725918655668344,0.158372534057444,-0.0520343324281947,"bio2",0.955092021082572
"Serpin inhibitor","Defense & Stress response","OG0004132",-0.00449663185608918,0.262874762373778,-0.0171056050245534,0.986563859237211,0.227021805371133,0.0337772567139156,"bio2",0.996280591982113
"F-box protein","Multifunction","OG0004303",-0.329264711327667,0.228310158826764,-1.44218160514489,0.168540066171945,0.416931030842269,0.271163788552836,"bio2",0.906410696113026
"F-box protein","Multifunction","OG0004694",0.165840667490545,0.166713043825402,0.994767198085769,0.334656666683829,0.689108664593787,0.611385830742234,"bio2",0.906410696113026
"Defensin-like peptide","Defense & Stress response","OG0004872",0.215882309886326,0.157764976303991,1.36837918620385,0.19010276636973,0.72158626937447,0.651982836718087,"bio2",0.906410696113026
"F-box protein","Multifunction","OG0005764",0.277853805550586,0.203213717729822,1.3672984710609,0.190434376622692,0.538070711965467,0.422588389956833,"bio2",0.906410696113026
"F-box/FBD protein","Multifunction","OG0000009",-0.209744292404693,0.268838394680666,-0.780187266978118,0.44666961507563,0.625033549673515,0.531291937091894,"bio5",0.972184065369219
"TRAF-MATH deubiquitinase","Signaling and Transport","OG0000012",0.204757896622721,0.40391265947472,0.50693607100358,0.61911453210201,0.153582264515368,-0.0580221693557896,"bio5",0.972184065369219
"Non-LTR reverse transcriptase","Genetic Information & Regulation","OG0000015",0.191827322240092,0.290425301764551,0.660504856410916,0.518327171910548,0.562398579396292,0.452998224245365,"bio5",0.972184065369219
"PPR/TPR repeat protein","Defense & Stress response","OG0000016",-0.0459887069723593,0.405057450094527,-0.113536257539831,0.911017835364206,0.148777541435743,-0.0640280732053209,"bio5",0.972184065369219
"Auxin-response F-box","Multifunction","OG0000022",0.13044457520107,0.347222315888267,0.375680275236243,0.712088796998749,0.374503212656543,0.218129015820679,"bio5",0.972184065369219
"CC-NLR receptor","Multifunction","OG0000024",0.292994965110771,0.377309573058923,0.776537321158866,0.448760094210938,0.261406514036693,0.0767581425458663,"bio5",0.972184065369219
"Cytochrome P450","Multifunction","OG0000027",0.115182176982782,0.332265619553797,0.346656922065728,0.733366218656844,0.427229507149512,0.28403688393689,"bio5",0.972184065369219
"F-box ubiquitination factor","Multifunction","OG0000029",0.0884865943462281,0.325221085820502,0.272081356972857,0.789039232000019,0.451259246132348,0.314074057665436,"bio5",0.972184065369219
"Serine carboxypeptidase","Protein Processing and Degradation","OG0000030",0.103057939496336,0.433992632535066,0.237464721219684,0.815310242102382,0.0228200698743589,-0.221474912657051,"bio5",0.972184065369219
"FRIGIDA-like flowering regulator","Genetic Information & Regulation","OG0000038",-0.100448031069042,0.396929610326354,-0.253062579499812,0.80344254245181,0.182595884018191,-0.0217551449772611,"bio5",0.972184065369219
"Glycosyltransferase","Biosynthesis & Metabolism","OG0000039",0.0955368520591259,0.216435420530743,0.441410430071244,0.664822941915949,0.756966300845043,0.696207876056303,"bio5",0.972184065369219
"DUF295 protein","Signaling and Transport","OG0000040",0.122713722787283,0.323964081548549,0.378788050208255,0.709824566861423,0.455492898229609,0.319366122787011,"bio5",0.972184065369219
"TRAF-type E3 ligase","Protein Processing and Degradation","OG0000042",-0.227412163088537,0.202884345176445,-1.12089556683519,0.278874893973143,0.786446398606877,0.733057998258597,"bio5",0.972184065369219
"Uncharacterized protein","Uncategorized","OG0000045",-0.186235459797559,0.397678587472616,-0.468306480821986,0.645881726559533,0.179508210080324,-0.0256147373995947,"bio5",0.972184065369219
"mTERF protein","Photosynthesis and Energy","OG0000046",0.396615329814762,0.299017871182915,1.32639339664131,0.203332056537779,0.536121637784389,0.420152047230487,"bio5",0.972184065369219
"LRR receptor kinase","Signaling and Transport","OG0000047",-0.38390830946423,0.417924587001814,-0.918606661116505,0.371942585072722,0.0938383703343252,-0.132702037082093,"bio5",0.972184065369219
"Subtilase protease","Multifunction","OG0000049",-0.0281135987851495,0.345172345365551,-0.0814480046348329,0.936095832662749,0.38186716808871,0.227333960110887,"bio5",0.972184065369219
"TIR-NLR RCC1-FYVE","Defense & Stress response","OG0000054",-0.198992880462769,0.381108423835887,-0.522142435110433,0.608724955624799,0.24645894083242,0.0580736760405246,"bio5",0.972184065369219
"ULP SUMO protease","Protein Processing and Degradation","OG0000060",-0.068180892116929,0.394408624604357,-0.172868664282692,0.864922570647191,0.192945931938811,-0.00881758507648689,"bio5",0.972184065369219
"TIR-NLR receptor","Growth & Reproduction","OG0000065",-0.0708562209289838,0.329169205849903,-0.215257744861144,0.8322862726125,0.437855165867659,0.297318957334574,"bio5",0.972184065369219
"Uncharacterized protein","Uncategorized","OG0000075",-0.156200650802589,0.416429890221988,-0.375094714549243,0.712515731164498,0.100308508044351,-0.124614364944561,"bio5",0.972184065369219
"Stress-induced LRR kinase","Growth & Reproduction","OG0000077",0.557158849442938,0.375418558699124,1.48410044344523,0.157214791590642,0.268791383085523,0.0859892288569039,"bio5",0.972184065369219
"Ta11 non-LTR retroelement","Genetic Information & Regulation","OG0000083",-0.247169338674661,0.373027137076973,-0.662604175694752,0.517016124988497,0.27807733159995,0.0975966644999373,"bio5",0.972184065369219
"Transmembrane protein","Uncategorized","OG0000086",0.0274890227065751,0.415971873000425,0.0660838496321768,0.948129764755437,0.102286500469049,-0.122141874413688,"bio5",0.972184065369219
"En/Spm transposase","Uncategorized","OG0000087",-0.0241911317277445,0.371782730631437,-0.0650679274065748,0.948925973688484,0.282885918825665,0.103607398532081,"bio5",0.972184065369219
"Terpenoid cyclase/prenyltransferase","Biosynthesis & Metabolism","OG0000090",0.260573959176205,0.365128682514448,0.713649657380434,0.485724398908507,0.308325563702504,0.13540695462813,"bio5",0.972184065369219
"Cysteine-rich receptor kinase","Defense & Stress response","OG0000093",-0.440349129388161,0.25250738088278,-1.74390597157468,0.100353401209417,0.669205729263475,0.586507161579344,"bio5",0.846834036381463
"MuDR/Mutator transposase","Genetic Information & Regulation","OG0000095",0.0430947978809017,0.427448779867125,0.100818624150239,0.92094699574069,0.0520662454829207,-0.184917193146349,"bio5",0.972184065369219
"C1 domain protein","Multifunction","OG0000096",0.671789793869876,0.339944139759988,1.97617701056468,0.0656376088776245,0.400450641926206,0.250563302407757,"bio5",0.694376809705396
"Ankyrin-repeat protein","Biosynthesis & Metabolism","OG0000103",-0.0929062966550685,0.214100467851382,-0.433937849774151,0.670128054935287,0.762181816665568,0.70272727083196,"bio5",0.972184065369219
"Ubiquitin","Protein Processing and Degradation","OG0000106",0.523092980748659,0.288922882001264,1.81049343383737,0.0890382149884893,0.566914442439962,0.458643053049953,"bio5",0.822913698694451
"ATFDB F-box protein","Multifunction","OG0000107",-0.230494988185981,0.186021629912004,-1.23907627459782,0.233186621625107,0.820470130466619,0.775587663083274,"bio5",0.972184065369219
"Non-LTR reverse transcriptase","Genetic Information & Regulation","OG0000118",0.137408484460339,0.190249964716979,0.722252351871664,0.480563289250251,0.8122158232929,0.765269779116125,"bio5",0.972184065369219
"Rossmann enzyme (senescence)","Defense & Stress response","OG0000126",-0.281956111590933,0.419396677458483,-0.672289807586386,0.51099179672862,0.0874434307997267,-0.140695711500342,"bio5",0.972184065369219
"LRR receptor-like protein","Signaling and Transport","OG0000141",0.0593695539156889,0.36261583441294,0.163725762312078,0.871997335759353,0.31781313392748,0.14726641740935,"bio5",0.972184065369219
"SAUR auxin protein","Signaling and Transport","OG0000142",-0.0900680480521393,0.400054125580987,-0.225139655593693,0.824720945533262,0.169676496272237,-0.0379043796597034,"bio5",0.972184065369219
"F-box/LRR protein","Multifunction","OG0000147",-0.0502799644449339,0.267079912577356,-0.188258128287244,0.853041290816324,0.629922846123233,0.537403557654041,"bio5",0.972184065369219
"DOR F-box regulator","Defense & Stress response","OG0000150",-0.184679913915932,0.319035810151509,-0.578868917029183,0.570737670945147,0.471933410309287,0.339916762886608,"bio5",0.972184065369219
"WAK-like receptor kinase","Signaling and Transport","OG0000159",0.569485378993237,0.381089294996214,1.49436204708635,0.154540685334039,0.246534583371176,0.0581682292139702,"bio5",0.972184065369219
"CYP71 P450","Defense & Stress response","OG0000164",0.48591820311095,0.158683641301529,3.06218208206863,0.0074466219547955,0.869360611188294,0.836700763985368,"bio5",0.621373394808835
"F-box/kelch DUF295","Multifunction","OG0000166",0.216539193304797,0.330215318665506,0.655751508379119,0.521302636475562,0.434276451001535,0.292845563751919,"bio5",0.972184065369219
"Autophagy protein","Multifunction","OG0000167",-0.19554703535274,0.396523192269337,-0.493154093291762,0.628603601263349,0.184268914749241,-0.0196638565634486,"bio5",0.972184065369219
"Uncharacterized protein","Uncategorized","OG0000170",-0.0051149407206438,0.108239039744378,-0.0472559691283611,0.962894048332116,0.939217622140051,0.924022027675064,"bio5",0.972184065369219
"KUK F-box protein","Multifunction","OG0000182",0.0882444785144333,0.38485646934742,0.229291919307124,0.821547353690638,0.23156452257617,0.0394556532202128,"bio5",0.972184065369219
"Receptor-like protein","Defense & Stress response","OG0000184",-0.0139528109491181,0.304098584999098,-0.0458825250671898,0.963971677213086,0.520223885120224,0.40027985640028,"bio5",0.972184065369219
"Receptor-like kinase","Signaling and Transport","OG0000185",-0.142525968525248,0.267867273237637,-0.532076825968983,0.601983637569547,0.627737629761085,0.534672037201356,"bio5",0.972184065369219
"En/Spm transposase-like","Uncategorized","OG0000186",0.74760048553028,0.23276039426385,3.21188872314258,0.00544005556116574,0.718921263298308,0.648651579122885,"bio5",0.621373394808835
"F-box protein","Multifunction","OG0000188",-0.271309003849894,0.291122925272584,-0.931939673235494,0.365218013610265,0.56029375112989,0.450367188912363,"bio5",0.972184065369219
"Nuclease","Genetic Information & Regulation","OG0000192",0.236096882647818,0.396577964608904,0.595335353240442,0.559946379682986,0.184043542883531,-0.0199455713955861,"bio5",0.972184065369219
"CYP72 P450","Multifunction","OG0000196",0.193244831146413,0.406476413061942,0.475414624161636,0.64091696837928,0.142803234483016,-0.0714959568962295,"bio5",0.972184065369219
"ECA1 gametogenesis protein","Growth & Reproduction","OG0000199",0.113218960317383,0.317221718485074,0.356907972310571,0.725824272422318,0.477921688768618,0.347402110960773,"bio5",0.972184065369219
"Leaf-shape QTL factor","Defense & Stress response","OG0000200",-0.0195776479839739,0.423323768508791,-0.0462474574790319,0.963685337560876,0.0702736667888275,-0.162157916513966,"bio5",0.972184065369219
"Receptor-like kinase","Signaling and Transport","OG0000202",-0.225624138483654,0.328738386368204,-0.686333412341275,0.50232869536665,0.439325682891853,0.299157103614817,"bio5",0.972184065369219
"Uncharacterized DUF577 protein","Uncategorized","OG0000206",0.200673001216154,0.433823956091378,0.462567819039218,0.649902624595124,0.0235795076715086,-0.220525615410614,"bio5",0.972184065369219
"RRM RNA-binding protein","Genetic Information & Regulation","OG0000207",0.0293553525190377,0.227575926908413,0.128991466355102,0.898971974845891,0.731303218020094,0.664129022525117,"bio5",0.972184065369219
"RPP receptor-like protein","Defense & Stress response","OG0000210",0.361292207424293,0.2876300625303,1.25610029857791,0.227111897001723,0.570781555802943,0.463476944753678,"bio5",0.972184065369219
"RNase H-like enzyme","Genetic Information & Regulation","OG0000213",-0.0147388109715584,0.337751015363062,-0.0436380952273824,0.965732851482957,0.408161584550448,0.26020198068806,"bio5",0.972184065369219
"F-box/LRR protein","Multifunction","OG0000217",-0.00809856693824309,0.418262341211773,-0.0193624100003367,0.984791401730986,0.0923731127778261,-0.134533609027717,"bio5",0.984791401730986
"F-box DUF295 protein","Multifunction","OG0000220",-0.407812880368595,0.411036754808858,-0.992156724666235,0.33588952495779,0.123461208127229,-0.0956734898409639,"bio5",0.972184065369219
"Uncharacterized DUF1204 protein","Uncategorized","OG0000224",0.159502702153791,0.300471604248981,0.530841183986296,0.602820113588741,0.531600205233639,0.414500256542049,"bio5",0.972184065369219
"PR thionin protein","Defense & Stress response","OG0000228",0.200073073794391,0.379520590407499,0.527173172816708,0.605306570085471,0.252724901335974,0.0659061266699674,"bio5",0.972184065369219
"RRM RNA-binding protein","Defense & Stress response","OG0000242",0.235073456488289,0.356695070264883,0.659031974604312,0.519248125403498,0.339908654105087,0.174885817631359,"bio5",0.972184065369219
"Kelch repeat oxidase","Multifunction","OG0000253",-0.033339377883252,0.285827017863233,-0.116641800108641,0.90859546138934,0.576145907331088,0.470182384163859,"bio5",0.972184065369219
"RPA1 ssDNA-binding","Genetic Information & Regulation","OG0000255",0.185760553309152,0.361998321331374,0.513153079345653,0.614856570162741,0.320134602458184,0.15016825307273,"bio5",0.972184065369219
"Seed germination F-box","Multifunction","OG0000258",0.207233439557638,0.265281924497687,0.781181906569907,0.446100997258718,0.634888809905146,0.543611012381432,"bio5",0.972184065369219
"Pectin lyase","Structural Dynamics","OG0000261",-0.19127156774848,0.340303062151247,-0.562062434993518,0.581862731305066,0.39918393209507,0.248979915118838,"bio5",0.972184065369219
"Extensin-like protein","Multifunction","OG0000264",0.0169863161901937,0.317089334244015,0.0535694971598192,0.957941329836943,0.478357349477308,0.347946686846634,"bio5",0.972184065369219
"TNL-WRKY immune receptor","Defense & Stress response","OG0000266",0.128488409994248,0.373726007811429,0.343803768827028,0.735470420892239,0.275369736375237,0.0942121704690465,"bio5",0.972184065369219
"C1 domain protein","Defense & Stress response","OG0000269",-0.381889631987897,0.361670385263962,-1.05590517650257,0.306695242994835,0.321365831361051,0.151707289201313,"bio5",0.972184065369219
"UCH deubiquitinase","Multifunction","OG0000271",-0.0978045950563532,0.415746293632193,-0.235250672235409,0.816998656666056,0.103259887124943,-0.120925141093821,"bio5",0.972184065369219
"Uncharacterized protein","Uncategorized","OG0000276",0.678277146104586,0.24066982101413,2.81828915335739,0.0123656396976883,0.699494036733635,0.624367545917044,"bio5",0.621373394808835
"Glycoside hydrolase","Defense & Stress response","OG0000297",0.229741889578501,0.27315428799281,0.841070046041339,0.412702648238878,0.61289759492607,0.516121993657588,"bio5",0.972184065369219
"Kelch repeat oxidase","Multifunction","OG0000299",0.70421694628373,0.287728859785016,2.44750195308841,0.0263039120559149,0.570486643049532,0.463108303811915,"bio5",0.678159932678035
"RRM RNA-binding protein","Genetic Information & Regulation","OG0000319",0.245416616879868,0.331531215530623,0.740251914098267,0.469871196061687,0.42975868895768,0.2871983611971,"bio5",0.972184065369219
"TN13 TIR-NLR receptor","Defense & Stress response","OG0000320",0.33955327181364,0.38837072522331,0.87430192277855,0.394888155043614,0.21746675571801,0.021833444647513,"bio5",0.972184065369219
"F-box protein","Multifunction","OG0000325",-0.23536681657866,0.389411264925632,-0.60441707207317,0.554041363666746,0.213267944364155,0.0165849304551938,"bio5",0.972184065369219
"C1 domain protein","Defense & Stress response","OG0000329",0.136623894766913,0.220729985107711,0.618963910590777,0.544652957065203,0.747225946650868,0.684032433313585,"bio5",0.972184065369219
"F-box protein","Multifunction","OG0000338",0.73886936686564,0.382871329493643,1.92981116617641,0.0715555049457091,0.239471458135723,0.049339322669654,"bio5",0.719132824704376
"F-box/FBD protein","Multifunction","OG0000339",0.436508709036031,0.355574830564743,1.22761419401577,0.237347291506592,0.344048320810832,0.18006040101354,"bio5",0.972184065369219
"MYB/SANT protein","Genetic Information & Regulation","OG0000343",0.0510384377794867,0.373951282523532,0.136484189691942,0.893141091243248,0.274495887246165,0.0931198590577058,"bio5",0.972184065369219
"Plastocyanin-like protein","Defense & Stress response","OG0000347",-0.324824966976021,0.367052698073328,-0.884954581947056,0.389286959488818,0.30101691504521,0.126271143806512,"bio5",0.972184065369219
"LRR receptor-like protein","Signaling and Transport","OG0000348",-0.454495117843073,0.365341077542744,-1.24402960898887,0.231406216025335,0.307520636855101,0.134400796068876,"bio5",0.972184065369219
"DUF1163 TM protein","Defense & Stress response","OG0000360",0.409365453439687,0.333563291927994,1.22724971046291,0.237480534168355,0.42274682926158,0.278433536576976,"bio5",0.972184065369219
"F-box protein","Multifunction","OG0000361",-0.226021028170595,0.269964434892895,-0.837225200646398,0.414796982062544,0.621885847801143,0.527357309751429,"bio5",0.972184065369219
"RRM RNA-binding protein","Genetic Information & Regulation","OG0000367",0.609167934088495,0.28931969489179,2.10551837584487,0.0513957821309795,0.565724007506672,0.457155009383339,"bio5",0.694376809705396
"Cytochrome P450","Multifunction","OG0000372",0.936910891063041,0.322341368563736,2.90657973947824,0.0102993670136459,0.460934031386647,0.326167539233309,"bio5",0.621373394808835
"Kelch repeat oxidase","Multifunction","OG0000382",0.138907088010769,0.373122999906091,0.372282298453137,0.714567646942845,0.277706235585996,0.0971327944824945,"bio5",0.972184065369219
"DUF1985 TM protease","Genetic Information & Regulation","OG0000384",0.179957076536613,0.30492920449422,0.590160187624876,0.563326224091731,0.517599370150167,0.396999212687709,"bio5",0.972184065369219
"CCHC zinc knuckle","Genetic Information & Regulation","OG0000385",-0.15549271376487,0.389419467354217,-0.399293632702325,0.694956027319071,0.213234801093548,0.0165435013669348,"bio5",0.972184065369219
"Beta-1,3-glucanase","Defense & Stress response","OG0000386",-0.534486445106013,0.387393540902744,-1.37969890737078,0.186657326555754,0.221399684528961,0.0267496056612013,"bio5",0.972184065369219
"ATP-binding protein","Photosynthesis and Energy","OG0000388",0.0819813352927234,0.26702961049193,0.307012151729896,0.762793802102946,0.630062234363886,0.537577792954857,"bio5",0.972184065369219
"PAH domain protein","Defense & Stress response","OG0000402",-0.0833725774957785,0.251858179613242,-0.331029858247237,0.744917671144104,0.670904499366402,0.588630624208002,"bio5",0.972184065369219
"DUF295 organellar protein","Uncategorized","OG0000418",0.525494398613126,0.251328975505047,2.09086277281456,0.0528542633221649,0.672286036548743,0.590357545685929,"bio5",0.694376809705396
"C1 domain protein","Genetic Information & Regulation","OG0000422",-0.0546953629978946,0.351993886045906,-0.155387252921664,0.878459480721343,0.357193788450296,0.19649223556287,"bio5",0.972184065369219
"CCHC zinc knuckle","Genetic Information & Regulation","OG0000432",0.0202240914687574,0.387704217755626,0.0521637128062011,0.959043966680918,0.220150360184291,0.0251879502303636,"bio5",0.972184065369219
"Mutator transposase DEK","Genetic Information & Regulation","OG0000434",-0.0178071781271179,0.428254610082081,-0.0415808206330924,0.967347328725591,0.0484887703426691,-0.189389037071664,"bio5",0.972184065369219
"F-box protein","Multifunction","OG0000440",-0.338334153567392,0.347354076578469,-0.974032482647316,0.344537412241148,0.374028407197018,0.217535508996273,"bio5",0.972184065369219
"Uncharacterized DUF1985 TM protein","Uncategorized","OG0000445",-0.269341750210341,0.336360883166956,-0.800752298169733,0.435005104693646,0.413023393842707,0.266279242303384,"bio5",0.972184065369219
"OB-fold nucleic protein","Genetic Information & Regulation","OG0000448",0.309547293951725,0.366784516948818,0.843948639181298,0.411139147043392,0.302037943309413,0.127547429136766,"bio5",0.972184065369219
"CCHC zinc knuckle","Genetic Information & Regulation","OG0000452",-0.217794799523846,0.406112104828806,-0.536292311739034,0.599134261144065,0.144339086923301,-0.0695761413458738,"bio5",0.972184065369219
"Callose synthase","Structural Dynamics","OG0000496",0.22438987154358,0.315194893023949,0.711908335159893,0.4867730780128,0.484571808197492,0.355714760246865,"bio5",0.972184065369219
"Ceramide synthase","Genetic Information & Regulation","OG0000500",0.223428909753018,0.409894119533194,0.545089326988806,0.593209758393574,0.128327790083045,-0.0895902623961944,"bio5",0.972184065369219
"F-box/FBD protein","Multifunction","OG0000501",0.22103266996376,0.345065849995034,0.640552143792093,0.530881350571037,0.382248531954665,0.227810664943332,"bio5",0.972184065369219
"Uncharacterized protein","Uncategorized","OG0000503",0.365358108821765,0.398313079824074,0.917263648442416,0.372624577953595,0.176887947967594,-0.0288900650405071,"bio5",0.972184065369219
"hAT dimerization MYM ZnF","Genetic Information & Regulation","OG0000504",-0.235783116881049,0.305457647618586,-0.771901174252028,0.451424171202278,0.515925918201871,0.394907397752339,"bio5",0.972184065369219
"Resistance C1 protein","Genetic Information & Regulation","OG0000510",-0.12884032750441,0.249044872101841,-0.517337805099331,0.611998471584446,0.678215565425608,0.59776945678201,"bio5",0.972184065369219
"F-box ubiquitination factor","Defense & Stress response","OG0000513",0.0664681820231696,0.35006776912739,0.189872327260673,0.851797126834827,0.364209435375038,0.205261794218797,"bio5",0.972184065369219
"Dynamin-related protein","Signaling and Transport","OG0000535",0.110807407786515,0.38127205278983,0.290625570313163,0.775070968113811,0.245811736009693,0.0572646700121164,"bio5",0.972184065369219
"ATFDB F-box/kelch","Genetic Information & Regulation","OG0000546",-0.118222880630354,0.292821764664486,-0.403736657914801,0.691751027566337,0.555146991795457,0.443933739744321,"bio5",0.972184065369219
"GGPP synthase","Biosynthesis & Metabolism","OG0000549",0.226339219982365,0.431189033472028,0.524918776713389,0.606837266421245,0.0354044850731994,-0.205744393658501,"bio5",0.972184065369219
"RT zinc-binding protein","Genetic Information & Regulation","OG0000589",-0.587671786008649,0.325738477581543,-1.80412148534566,0.0900701560760095,0.449511882288742,0.311889852860927,"bio5",0.822913698694451
"MUSTANG domesticated TE","Genetic Information & Regulation","OG0000591",-0.842597363670977,0.362847026028772,-2.322183463629,0.0337393001332356,0.316942977988019,0.146178722485024,"bio5",0.678159932678035
"GCK-domain protein","Signaling and Transport","OG0000594",0.359075014950061,0.310160772827614,1.15770608796372,0.263974620687783,0.500904602567477,0.376130753209346,"bio5",0.972184065369219
"RNase H protein","Genetic Information & Regulation","OG0000598",0.214562759930805,0.418443648101576,0.512763811577133,0.615122760687927,0.0915860724060967,-0.135517409492379,"bio5",0.972184065369219
"SRP-binding P-loop NTPase","Signaling and Transport","OG0000599",-0.178184146471361,0.193363451758603,-0.921498581302777,0.370476925469165,0.806019263069206,0.757524078836507,"bio5",0.972184065369219
"TIR-NLR receptor","Genetic Information & Regulation","OG0000601",-0.444177841536303,0.382773653499146,-1.16041905568951,0.262900689238637,0.239859452223097,0.0498243152788714,"bio5",0.972184065369219
"F-box ubiquitination factor","Multifunction","OG0000605",0.280738753899003,0.373106969119731,0.752435031061864,0.462716593852345,0.277768299239494,0.0972103740493675,"bio5",0.972184065369219
"F-box/FBD protein","Multifunction","OG0000606",0.40044801412684,0.400314192822909,1.00033429068049,0.332038160011861,0.16859659173513,-0.039254260331087,"bio5",0.972184065369219
"F-box/FBD protein","Protein Processing and Degradation","OG0000618",0.384134379023756,0.301721996270239,1.27314012160951,0.221156045395814,0.527693666323063,0.409617082903828,"bio5",0.972184065369219
"Receptor-like protein","Signaling and Transport","OG0000620",-0.388277436641181,0.375036997251698,-1.03530435526764,0.315921948647402,0.270276974187262,0.087846217734078,"bio5",0.972184065369219
"DUF1985 K-box protein","Uncategorized","OG0000621",-0.241832237668421,0.389992913847022,-0.620093927561159,0.543927293417206,0.21091596513733,0.0136449564216627,"bio5",0.972184065369219
"CLV2-like receptor","Signaling and Transport","OG0000639",-0.229169525851622,0.334977497699376,-0.684134090873437,0.503679751695279,0.41784170131751,0.272302126646887,"bio5",0.972184065369219
"C1 domain protein","Genetic Information & Regulation","OG0000679",0.150937910786812,0.403314101825229,0.374244069581824,0.713136115061818,0.156089016464494,-0.0548887294193823,"bio5",0.972184065369219
"S1 self-incompatibility protein","Growth & Reproduction","OG0000692",-0.0464532839798152,0.408700864013891,-0.113660841143307,0.910920640492024,0.133395507095801,-0.0832556161302493,"bio5",0.972184065369219
"S1 self-incompatibility protein","Growth & Reproduction","OG0000712",0.0360291559236435,0.387197404860673,0.0930511296598386,0.927018148084219,0.222187890368411,0.0277348629605143,"bio5",0.972184065369219
"Uncharacterized protein","Uncategorized","OG0000720",-0.124857584394469,0.259162166120266,-0.481773965172555,0.636490084711177,0.651539923988025,0.564424904985032,"bio5",0.972184065369219
"RT/RNase H-like","Genetic Information & Regulation","OG0000724",0.0432299402031392,0.240380922581903,0.179839313947262,0.859536619582482,0.700215054390149,0.625268817987686,"bio5",0.972184065369219
"Cysteine protease","Protein Processing and Degradation","OG0000725",-0.0583251946664604,0.238054156353234,-0.245008092107895,0.809564836112735,0.705990501233757,0.632488126542196,"bio5",0.972184065369219
"RNase H / thioredoxin","Genetic Information & Regulation","OG0000728",0.111883122723059,0.290743781172806,0.384816907421868,0.705440141360489,0.561438308680536,0.451797885850671,"bio5",0.972184065369219
"F-box protein","Multifunction","OG0000731",0.16893907892196,0.287815006073498,0.586971059037897,0.565414366894471,0.570229411149705,0.462786763937132,"bio5",0.972184065369219
"C1 domain protein","Genetic Information & Regulation","OG0000736",0.0941309326278477,0.411382468098951,0.228816101626397,0.821910861832425,0.121986115974352,-0.09751735503206,"bio5",0.972184065369219
"Thionin peptide","Defense & Stress response","OG0000739",0.178308941497111,0.416243317016032,0.428376707103368,0.674087912491274,0.101114505534725,-0.123606868081593,"bio5",0.972184065369219
"Tryptophan biosynthesis protein","Biosynthesis & Metabolism","OG0000761",0.347480847779773,0.338959759411476,1.02513893797627,0.32054776875042,0.40391785924093,0.254897324051163,"bio5",0.972184065369219
"Cystatin inhibitor","Uncategorized","OG0000817",-0.712614014839901,0.359143914559913,-1.98420183650646,0.0646593713255425,0.33081399671012,0.16351749588765,"bio5",0.694376809705396
"Gag-Pol retrotransposon","Genetic Information & Regulation","OG0000822",-0.225073076274926,0.332700682123152,-0.676503200530297,0.508383717922733,0.425728574578203,0.282160718222754,"bio5",0.972184065369219
"Pectin lyase","Biosynthesis & Metabolism","OG0000846",0.0871815654748921,0.41853550433696,0.208301481168257,0.837622082628739,0.091187200813025,-0.136015998983719,"bio5",0.972184065369219
"RING/U-box E3 ligase","Protein Processing and Degradation","OG0000865",0.141675888883538,0.266076340054125,0.532463310547336,0.601722122071835,0.632698805418937,0.540873506773672,"bio5",0.972184065369219
"Subtilisin protease","Multifunction","OG0000887",-0.120035960815966,0.325038690920314,-0.369297453408075,0.716747841942395,0.45187457799842,0.314843222498025,"bio5",0.972184065369219
"Uncharacterized DUF1985 protein","Uncategorized","OG0000893",0.324033397888224,0.259933683072957,1.24660026379604,0.230486409363629,0.64946212823544,0.5618276602943,"bio5",0.972184065369219
"REM transcription factor","Growth & Reproduction","OG0000907",0.454972061167193,0.320206851002978,1.42086922794466,0.174550604591214,0.468049692907314,0.335062116134142,"bio5",0.972184065369219
"RING finger E3 ligase","Protein Processing and Degradation","OG0000913",-0.0235842057742448,0.180948897615229,-0.130336277728502,0.897924983792509,0.83012803603572,0.78766004504465,"bio5",0.972184065369219
"Uncharacterized protein","Biosynthesis & Metabolism","OG0000929",-0.184579555185665,0.308191202452709,-0.598912472895746,0.557616514899477,0.507223147530919,0.384028934413649,"bio5",0.972184065369219
"AGL MADS-box TF","Genetic Information & Regulation","OG0000949",-0.336156115390684,0.372625606715778,-0.902128327555031,0.380369070396283,0.279630665549946,0.0995383319374328,"bio5",0.972184065369219
"B3 domain protein","Uncategorized","OG0000962",0.113648793823721,0.412269742119833,0.27566610452505,0.78633308176606,0.118194612498192,-0.10225673437726,"bio5",0.972184065369219
"Cytochrome P450","Biosynthesis & Metabolism","OG0001007",0.567706628172909,0.275671324382766,2.05936047009611,0.0561182096673041,0.605730656229619,0.507163320287024,"bio5",0.694376809705396
"C1 domain protein","Multifunction","OG0001038",-0.815653664441864,0.33347920577008,-2.44589062924728,0.0263888426877939,0.423037825809935,0.278797282262419,"bio5",0.678159932678035
"Reverse transcriptase","Genetic Information & Regulation","OG0001079",0.412563093964122,0.327787831062843,1.25862846288832,0.226220398193036,0.442563402895367,0.303204253619208,"bio5",0.972184065369219
"Uncharacterized protein","Uncategorized","OG0001115",-0.0460896872592086,0.41129774251116,-0.112059178778395,0.91217030070764,0.122347738492186,-0.0970653268847672,"bio5",0.972184065369219
"GRF zinc-finger TM protein","Genetic Information & Regulation","OG0001127",-0.332871553871673,0.355724201327514,-0.935757400338357,0.363307933739959,0.343497097416602,0.179371371770753,"bio5",0.972184065369219
"NLR resistance protein","Defense & Stress response","OG0001132",-0.384681488177075,0.397990056176732,-0.966560551468283,0.348147568036972,0.178222460225462,-0.027221924718172,"bio5",0.972184065369219
"Uncharacterized protein","Uncategorized","OG0001135",0.145111079766662,0.375023458831764,0.386938673699768,0.703899645569261,0.270329657621247,0.0879120720265588,"bio5",0.972184065369219
"F-box protein","Multifunction","OG0001136",0.0596141552930468,0.370052456086546,0.16109649946251,0.874033963874806,0.289545275437948,0.111931594297435,"bio5",0.972184065369219
"RT / nucleotidyltransferase","Genetic Information & Regulation","OG0001139",-0.199000466279462,0.335458047522451,-0.593220129161289,0.561326506834464,0.416170205562309,0.270212756952887,"bio5",0.972184065369219
"Glycoside hydrolase","Defense & Stress response","OG0001188",-0.49110407861071,0.387222109677255,-1.26827489014003,0.222843931549735,0.222088631859529,0.0276107898244116,"bio5",0.972184065369219
"Jacalin lectin","Defense & Stress response","OG0001196",0.0712270274317236,0.379541543529557,0.187665958169812,0.853497814000061,0.252642385767773,0.0658029822097159,"bio5",0.972184065369219
"EIN2-targeting F-box","Multifunction","OG0001262",-0.191833128869533,0.311671845708388,-0.615497137489342,0.546882502012661,0.496029668622263,0.370037085777829,"bio5",0.972184065369219
"Alpha/beta hydrolase","Biosynthesis & Metabolism","OG0001318",-0.33825005348747,0.409348721306656,-0.826312715495395,0.420778562352857,0.130645911614952,-0.0866926104813097,"bio5",0.972184065369219
"Sarcosine dehydrogenase-like","Uncategorized","OG0001336",0.0470792427147407,0.226243413572688,0.208091108471606,0.83778357827894,0.734440578265016,0.66805072283127,"bio5",0.972184065369219
"F-box ubiquitination factor","Multifunction","OG0001349",0.32095225212371,0.377435768859886,0.850349327233094,0.407676461750694,0.260912368166136,0.0761404602076695,"bio5",0.972184065369219
"Uncharacterized protein","Uncategorized","OG0001363",0.0793166713339454,0.396343316402921,0.200121127445258,0.843907302678959,0.185008831393445,-0.0187389607581945,"bio5",0.972184065369219
"DnaJ chaperone","Defense & Stress response","OG0001392",0.0558957039800368,0.311228230350588,0.179597152601074,0.859723609862177,0.497463291033075,0.371829113791343,"bio5",0.972184065369219
"Transmembrane protein","Uncategorized","OG0001398",-0.328626970720728,0.260379420454244,-1.26210808115105,0.224997868341888,0.648258884400493,0.560323605500616,"bio5",0.972184065369219
"Neprosin-like protease","Uncategorized","OG0001400",0.389323619514932,0.359382810454626,1.08331174499534,0.294725909064163,0.32992344029312,0.1624043003664,"bio5",0.972184065369219
"Invertase/PMEI inhibitor","Biosynthesis & Metabolism","OG0001401",0.339744345513404,0.413446302678237,0.821737534747793,0.423302843375927,0.113154330518997,-0.108557086851254,"bio5",0.972184065369219
"HARBI1-like nuclease","Genetic Information & Regulation","OG0001408",0.202129844596723,0.335587160055831,0.602316979478879,0.555403889281816,0.415720705241067,0.269650881551333,"bio5",0.972184065369219
"NYN-domain nuclease","Uncategorized","OG0001411",-0.264325200198911,0.249165269662982,-1.06084287170694,0.304513079248715,0.677904365074556,0.597380456343195,"bio5",0.972184065369219
"N-myristoyltransferase","Protein Processing and Degradation","OG0001412",-0.538746019802606,0.340968989869375,-1.5800440386353,0.133660896421016,0.396830197504317,0.246037746880397,"bio5",0.972184065369219
"Mannose-binding lectin","Defense & Stress response","OG0001688",0.312551522360089,0.368553088532406,0.848050205208379,0.408918058036206,0.295290810731495,0.119113513414369,"bio5",0.972184065369219
"MEG embryo factor","Uncategorized","OG0001769",0.395496143327246,0.241352167675113,1.63866828766016,0.120794137035981,0.697787633185391,0.622234541481739,"bio5",0.97118486176929
"Kelch repeat oxidase","Multifunction","OG0001813",-0.0547510047605731,0.342560836125967,-0.159828558861994,0.875016439214316,0.391185139419231,0.238981424274039,"bio5",0.972184065369219
"F-box protein","Multifunction","OG0001841",0.0325721123408723,0.380780640635721,0.0855403580562619,0.932893080259919,0.247754592492152,0.0596932406151893,"bio5",0.972184065369219
"Uncharacterized protein","Uncategorized","OG0001893",0.648338800969122,0.372679785517208,1.73966720537137,0.101114511806742,0.279421170637285,0.0992764632966059,"bio5",0.846834036381463
"Cysteine-rich peptide","Defense & Stress response","OG0001901",0.277957237922026,0.223728745890184,1.24238499981786,0.23199617088625,0.740311091468357,0.675388864335446,"bio5",0.972184065369219
"Cytochrome b561 reductase","Uncategorized","OG0001911",-0.816667455459882,0.367250250861407,-2.22373559594402,0.0409157056886818,0.300264308033295,0.125330385041618,"bio5",0.694376809705396
"F-box protein","Multifunction","OG0001918",-0.071013284123705,0.288029643992317,-0.246548525837151,0.808392935465934,0.569588169667004,0.461985212083755,"bio5",0.972184065369219
"F-box/RNI protein","Multifunction","OG0001923",0.145480345874118,0.22164884340445,0.656355086900476,0.520924279503676,0.745117062611578,0.681396328264472,"bio5",0.972184065369219
"Defense protein kinase","Signaling and Transport","OG0001927",-0.46518800309838,0.344251768270836,-1.3513017098939,0.19539762802276,0.385159900654057,0.231449875817571,"bio5",0.972184065369219
"TRAF-like protein","Signaling and Transport","OG0001929",0.340854986892706,0.394282075516379,0.86449526381918,0.400091510263382,0.193463748056275,-0.00817031492965636,"bio5",0.972184065369219
"RRM RNA-binding protein","Genetic Information & Regulation","OG0002178",0.0501233193308415,0.326623752054006,0.153458892734028,0.879955196085549,0.4465156424499,0.308144553062375,"bio5",0.972184065369219
"Defensin-like peptide","Defense & Stress response","OG0002370",0.511952829712214,0.257928939500993,1.98485998004983,0.064579730018349,0.654848337475773,0.568560421844716,"bio5",0.694376809705396
"DUF247 TM protein","Uncategorized","OG0002564",-0.138244494269594,0.372240020130528,-0.371385361039681,0.71522252204369,0.28112074585407,0.101400932317588,"bio5",0.972184065369219
"Amino acid transporter","Signaling and Transport","OG0002742",-0.14438948564294,0.412003043857065,-0.350457327429436,0.730566827039794,0.119335127423181,-0.100831090721023,"bio5",0.972184065369219
"LRR family protein","Signaling and Transport","OG0002810",0.456922903410999,0.190734843074294,2.39559220563084,0.0291740277821295,0.811257415619159,0.764071769523949,"bio5",0.678159932678035
"MATH/coiled-coil protein","Signaling and Transport","OG0002867",-0.568076909243213,0.27711087145578,-2.04999863866353,0.0571230374230799,0.601602180439602,0.502002725549502,"bio5",0.694376809705396
"Defensin-like peptide","Defense & Stress response","OG0002883",0.15851998110214,0.394848876020058,0.401470007208751,0.693385336598597,0.191143207677042,-0.0110709904036976,"bio5",0.972184065369219
"Beta-galactosidase","Structural Dynamics","OG0002891",-0.0228265055512792,0.302757175092978,-0.0753954238880351,0.940834757928937,0.524447232575419,0.405559040719274,"bio5",0.972184065369219
"NAC transcription factor","Growth & Reproduction","OG0002892",0.842597363670977,0.362847026028772,2.322183463629,0.0337393001332356,0.316942977988019,0.146178722485024,"bio5",0.678159932678035
"Kelch repeat oxidase","Multifunction","OG0002893",0.157531170253327,0.229312822169532,0.686970614041213,0.501937651370604,0.727186094292954,0.658982617866193,"bio5",0.972184065369219
"Thionin peptide","Defense & Stress response","OG0002919",0.0768321514778204,0.250249262724202,0.307022488863421,0.762786077519671,0.675095715853298,0.593869644816623,"bio5",0.972184065369219
"WRKY TF (II-c)","Genetic Information & Regulation","OG0003409",0.152878287716656,0.211484497943231,0.722881767710903,0.480186966195469,0.767957838765614,0.709947298457017,"bio5",0.972184065369219
"Cytochrome P450","Multifunction","OG0003687",0.749869367718891,0.315577622692609,2.37618041900679,0.0303212341000084,0.483319316903281,0.354149146129101,"bio5",0.678159932678035
"Uncharacterized DUF674 protein","Uncategorized","OG0003691",0.25419305400039,0.322754629044044,0.787573689503002,0.442457721045843,0.459550917161066,0.324438646451333,"bio5",0.972184065369219
"Imprinted F-box protein","Multifunction","OG0003767",0.313874614608041,0.278176235573563,1.12833008168678,0.275815973935464,0.598532978387667,0.498166222984583,"bio5",0.972184065369219
"TPR repeat protein","Genetic Information & Regulation","OG0003808",-0.301305604732606,0.258703029991902,-1.1646775251996,0.261221639714558,0.652773505969,0.56596688246125,"bio5",0.972184065369219
"Cysteine protease","Protein Processing and Degradation","OG0003820",-0.047264267202607,0.248300572578377,-0.19035101978143,0.851428246161516,0.680136071610155,0.600170089512693,"bio5",0.972184065369219
"F-box protein","Multifunction","OG0004081",0.0982182985687665,0.403620847011936,0.24334297719231,0.810832115823192,0.15480483585858,-0.0564939551767749,"bio5",0.972184065369219
"Serpin inhibitor","Defense & Stress response","OG0004132",-0.208315196099946,0.382466502603487,-0.544662590532566,0.593496471804064,0.241078889206643,0.0513486115083042,"bio5",0.972184065369219
"F-box protein","Multifunction","OG0004303",-0.300452875984008,0.348357257884308,-0.862484903597992,0.401163752562727,0.370407492162992,0.21300936520374,"bio5",0.972184065369219
"F-box protein","Multifunction","OG0004694",0.336671763234219,0.237793231032661,1.41581727020639,0.176000792116086,0.706634661213474,0.633293326516843,"bio5",0.972184065369219
"Defensin-like peptide","Defense & Stress response","OG0004872",0.46747144518099,0.215141426388475,2.17285649271884,0.0451574584089376,0.759863646252309,0.699829557815387,"bio5",0.694376809705396
"F-box protein","Multifunction","OG0005764",0.191833128869533,0.311671845708388,0.615497137489342,0.546882502012662,0.496029668622263,0.370037085777829,"bio5",0.972184065369219
"F-box/FBD protein","Multifunction","OG0000009",-0.0858869513952913,0.294681258269913,-0.291457121839161,0.774446433883541,0.612824198311592,0.51603024788949,"bio7",0.969047021593273
"TRAF-MATH deubiquitinase","Signaling and Transport","OG0000012",0.595137420620959,0.413218590458659,1.44024841660772,0.169078160157878,0.238687643006817,0.0483595537585216,"bio7",0.816169837616108
"Non-LTR reverse transcriptase","Genetic Information & Regulation","OG0000015",0.388013463829965,0.302346067693832,1.28334218728085,0.217649280212918,0.592420976758926,0.490526220948657,"bio7",0.816169837616108
"PPR/TPR repeat protein","Defense & Stress response","OG0000016",0.247876202356994,0.432699180630074,0.572860346063169,0.574702280807993,0.165213685344874,-0.0434828933189075,"bio7",0.969047021593273
"Auxin-response F-box","Multifunction","OG0000022",0.366476893467073,0.36487237035133,1.00439749141377,0.330136195638449,0.406411974711336,0.25801496838917,"bio7",0.921630212824002
"CC-NLR receptor","Multifunction","OG0000024",0.0948511467208953,0.413926371929096,0.229149803330586,0.82165592095386,0.236077381656628,0.0450967270707852,"bio7",0.969047021593273
"Cytochrome P450","Multifunction","OG0000027",0.0931015494270156,0.359006857342043,0.259330838737471,0.79868708612313,0.425343050398597,0.281678812998246,"bio7",0.969047021593273
"F-box ubiquitination factor","Multifunction","OG0000029",-0.0770655890587281,0.35110054520355,-0.21949720702954,0.829038519864447,0.450375374390429,0.312969217988036,"bio7",0.969047021593273
"Serine carboxypeptidase","Protein Processing and Degradation","OG0000030",-0.438860978402108,0.455960591195955,-0.962497608073987,0.350121654289834,0.0730468358127602,-0.15869145523405,"bio7",0.92624263158723
"FRIGIDA-like flowering regulator","Genetic Information & Regulation","OG0000038",-0.0168750454439903,0.429005866246261,-0.0393352323865509,0.969109755183672,0.179403544639422,-0.0257455692007231,"bio7",0.988787110618873
"Glycosyltransferase","Biosynthesis & Metabolism","OG0000039",0.266960612482707,0.225206404333097,1.18540417744005,0.253165345962154,0.773866633413121,0.717333291766401,"bio7",0.819782328203887
"DUF295 protein","Signaling and Transport","OG0000040",0.0226042603559704,0.350980101658606,0.0644032532019645,0.94944692924813,0.450752402478843,0.313440503098554,"bio7",0.983705323602444
"TRAF-type E3 ligase","Protein Processing and Degradation","OG0000042",-0.297327682206734,0.214784432361587,-1.3843074143576,0.185269163541547,0.794312085019581,0.742890106274476,"bio7",0.816169837616108
"Uncharacterized protein","Uncategorized","OG0000045",-0.547499872500022,0.409646416948444,-1.33651815284626,0.200076350634443,0.251793466506871,0.064741833133589,"bio7",0.816169837616108
"mTERF protein","Photosynthesis and Energy","OG0000046",0.514574355324205,0.314532924115621,1.63599520390765,0.121356891320806,0.558901683742721,0.448627104678402,"bio7",0.69693529015663
"LRR receptor kinase","Signaling and Transport","OG0000047",-0.0914906278369127,0.461987444684476,-0.198037043840873,0.845510330305425,0.048380087302047,-0.189524890872441,"bio7",0.969047021593273
"Subtilase protease","Multifunction","OG0000049",0.313857003397936,0.364057244337203,0.862108935558581,0.4013644879549,0.409061167252213,0.261326459065266,"bio7",0.946204884272187
"TIR-NLR RCC1-FYVE","Defense & Stress response","OG0000054",0.340128152899915,0.405778240222331,0.838211907847879,0.414258854805734,0.265856963424854,0.0823212042810673,"bio7",0.946204884272187
"ULP SUMO protease","Protein Processing and Degradation","OG0000060",0.552553972626302,0.402820721479838,1.37171188859498,0.189083082318992,0.276519581659173,0.0956494770739658,"bio7",0.816169837616108
"TIR-NLR receptor","Growth & Reproduction","OG0000065",-0.373055133360801,0.34314232967383,-1.08717316722599,0.293067421511605,0.47500911154453,0.343761389430662,"bio7",0.883226974941088
"Uncharacterized protein","Uncategorized","OG0000075",0.0762456477123982,0.450773546702371,0.169144015371293,0.867803302919349,0.0940170620229625,-0.132478672471297,"bio7",0.969047021593273
"Stress-induced LRR kinase","Growth & Reproduction","OG0000077",0.334406586724652,0.423774097932559,0.789115211043102,0.441581862201089,0.199296012565204,-0.000879984293494784,"bio7",0.95614029907634
"Ta11 non-LTR retroelement","Genetic Information & Regulation","OG0000083",-0.194753945537144,0.40495380364151,-0.48092879678086,0.63707761170851,0.268837110976843,0.0860463887210532,"bio7",0.969047021593273
"Transmembrane protein","Uncategorized","OG0000086",-0.0186554553070475,0.448748590049677,-0.0415721758701956,0.96735411314821,0.102138459412667,-0.122326925734167,"bio7",0.988787110618873
"En/Spm transposase","Uncategorized","OG0000087",0.19214033724259,0.398210825238933,0.482509075757301,0.635979269141686,0.292983907238333,0.116229884047916,"bio7",0.969047021593273
"Terpenoid cyclase/prenyltransferase","Biosynthesis & Metabolism","OG0000090",0.147615368964777,0.398380551838818,0.370538592517693,0.715840978579382,0.292381085802354,0.115476357252942,"bio7",0.969047021593273
"Cysteine-rich receptor kinase","Defense & Stress response","OG0000093",-0.391580347619769,0.280553330412598,-1.39574300203062,0.181860688814926,0.64905906232662,0.561323827908275,"bio7",0.816169837616108
"MuDR/Mutator transposase","Genetic Information & Regulation","OG0000095",0.0518828164695471,0.461055831071471,0.112530442026889,0.911802583522209,0.0522141663617433,-0.184732292047821,"bio7",0.978572457300118
"C1 domain protein","Multifunction","OG0000096",0.660932163263427,0.374149758024584,1.76649095472621,0.0963818563827445,0.375842616399268,0.219803270499085,"bio7",0.617636518090459
"Ankyrin-repeat protein","Biosynthesis & Metabolism","OG0000103",-0.13449497903694,0.229860420297571,-0.585115866676073,0.566630962604693,0.76442371539083,0.705529644238538,"bio7",0.969047021593273
"Ubiquitin","Protein Processing and Degradation","OG0000106",0.165349223734658,0.339594853905526,0.486901441034962,0.632931051430174,0.485807928231389,0.357259910289236,"bio7",0.969047021593273
"ATFDB F-box protein","Multifunction","OG0000107",-0.0518908215693395,0.209668799779216,-0.24748947685102,0.807677328952197,0.803993355746484,0.754991694683104,"bio7",0.969047021593273
"Non-LTR reverse transcriptase","Genetic Information & Regulation","OG0000118",0.070512746357066,0.207796120352839,0.339336202414824,0.738769623381272,0.807479028419369,0.759348785524212,"bio7",0.969047021593273
"Rossmann enzyme (senescence)","Defense & Stress response","OG0000126",-0.579704375351045,0.435257619147129,-1.33186496881308,0.201567410773571,0.155312748969984,-0.05585906378752,"bio7",0.816169837616108
"LRR receptor-like protein","Signaling and Transport","OG0000141",0.82389701624634,0.332917448149405,2.47477872014865,0.0249048566576849,0.505830099658023,0.382287624572529,"bio7",0.385067399091898
"SAUR auxin protein","Signaling and Transport","OG0000142",-0.0691361712061707,0.431878312362689,-0.160082526089225,0.874819633422312,0.168378006596798,-0.0395274917540029,"bio7",0.971484786286655
"F-box/LRR protein","Multifunction","OG0000147",-0.245848561300248,0.281794898116357,-0.872437943140949,0.395873706543336,0.645946063811919,0.557432579764899,"bio7",0.946204884272187
"DOR F-box regulator","Defense & Stress response","OG0000150",0.039017319591619,0.347594252110289,0.112249611018421,0.912021707793542,0.461298298108289,0.326622872635362,"bio7",0.978572457300118
"WAK-like receptor kinase","Signaling and Transport","OG0000159",0.56006131395812,0.415898112403332,1.34663105519214,0.196866219965787,0.228782148590425,0.0359776857380315,"bio7",0.816169837616108
"CYP71 P450","Defense & Stress response","OG0000164",0.155956080087067,0.212018325982496,0.735578301377318,0.472633496163011,0.799575883699484,0.749469854624354,"bio7",0.95614029907634
"F-box/kelch DUF295","Multifunction","OG0000166",0.935026458760941,0.275045811469699,3.39952989563686,0.00366379895550094,0.662702403545915,0.578378004432394,"bio7",0.107360415146411
"Autophagy protein","Multifunction","OG0000167",0.404390281894627,0.418945124876712,0.965258354572408,0.34877942826916,0.217440339295527,0.0218004241194084,"bio7",0.92624263158723
"Uncharacterized protein","Uncategorized","OG0000170",0.074022736742699,0.115290550770657,0.642053804478299,0.529930654409652,0.940736048818034,0.925920061022542,"bio7",0.969047021593273
"KUK F-box protein","Multifunction","OG0000182",-0.120466377132662,0.414736676212239,-0.290464731098471,0.775191784340622,0.233083536857528,0.0413544210719103,"bio7",0.969047021593273
"Receptor-like protein","Defense & Stress response","OG0000184",-0.00144546186851671,0.32805452305634,-0.00440616350919347,0.996538871496134,0.520161340627334,0.400201675784168,"bio7",0.996538871496134
"Receptor-like kinase","Signaling and Transport","OG0000185",-0.201569086016609,0.287106514217364,-0.702070750871237,0.492722704830677,0.632472984519551,0.540591230649439,"bio7",0.958181743419228
"En/Spm transposase-like","Uncategorized","OG0000186",0.630659744199157,0.280766392750483,2.24620809499669,0.0391624168208936,0.648525825462724,0.560657281828405,"bio7",0.393580161685009
"F-box protein","Multifunction","OG0000188",0.105544765104635,0.321365417766528,0.328426019943792,0.746848631968244,0.539529878041392,0.42441234755174,"bio7",0.969047021593273
"Nuclease","Genetic Information & Regulation","OG0000192",0.446512366517796,0.417849702518467,1.06859563098065,0.301109656477792,0.221527331063429,0.0269091638292862,"bio7",0.883226974941088
"CYP72 P450","Multifunction","OG0000196",0.163716766934503,0.439653840955149,0.372376519169781,0.714498867540614,0.138163430059877,-0.0772957124251539,"bio7",0.969047021593273
"ECA1 gametogenesis protein","Growth & Reproduction","OG0000199",0.282667913847876,0.336202064868734,0.840767929126908,0.412866965997173,0.496030878274459,0.370038597843074,"bio7",0.946204884272187
"Leaf-shape QTL factor","Defense & Stress response","OG0000200",0.138496030649613,0.455358198230096,0.304147440823345,0.764935496928249,0.0754945087812502,-0.155631864023437,"bio7",0.969047021593273
"Receptor-like kinase","Signaling and Transport","OG0000202",-0.726157589822874,0.310637220641709,-2.33763870383205,0.0327257628960399,0.56976062034642,0.462200775433025,"bio7",0.393580161685009
"Uncharacterized DUF577 protein","Uncategorized","OG0000206",0.202179548769031,0.468368015746711,0.431668136959991,0.671743017864192,0.0219126656660067,-0.222609167917492,"bio7",0.969047021593273
"RRM RNA-binding protein","Genetic Information & Regulation","OG0000207",0.222890077157618,0.239210903624596,0.931772230196534,0.365301945542327,0.744867891438097,0.681084864297621,"bio7",0.941355013512919
"RPP receptor-like protein","Defense & Stress response","OG0000210",0.648113648067828,0.281968625971483,2.29853107179866,0.0353474272679654,0.645509377472708,0.556886721840885,"bio7",0.393580161685009
"RNase H-like enzyme","Genetic Information & Regulation","OG0000213",-0.0440178488302243,0.364189701439448,-0.120865166302741,0.905302665927117,0.408631079478589,0.260788849348236,"bio7",0.978572457300118
"F-box/LRR protein","Multifunction","OG0000217",-0.247942265799351,0.446909453979209,-0.554793065109082,0.586708906857696,0.109482909233611,-0.113146363457987,"bio7",0.969047021593273
"F-box DUF295 protein","Multifunction","OG0000220",0.149733745851335,0.455287572954773,0.328877295902405,0.74651384839045,0.075781264973002,-0.155273418783747,"bio7",0.969047021593273
"Uncharacterized DUF1204 protein","Uncategorized","OG0000224",-0.15956805283121,0.324519751517307,-0.4917052108081,0.629605133922095,0.530446108020812,0.413057635026016,"bio7",0.969047021593273
"PR thionin protein","Defense & Stress response","OG0000228",0.0702669181605858,0.41255767778684,0.170320229010236,0.866893381288533,0.241121021422544,0.0514012767781797,"bio7",0.969047021593273
"RRM RNA-binding protein","Defense & Stress response","OG0000242",-0.0855961898211879,0.389369084863029,-0.219833040548914,0.828781381680459,0.324032045442506,0.155040056803132,"bio7",0.969047021593273
"Kelch repeat oxidase","Multifunction","OG0000253",-0.262048961727442,0.30141723863656,-0.869389431449915,0.397489067712926,0.59492135484319,0.493651693553987,"bio7",0.946204884272187
"RPA1 ssDNA-binding","Genetic Information & Regulation","OG0000255",0.230008102698747,0.389468188379562,0.590569678246965,0.563058397789416,0.32368790242075,0.154609878025937,"bio7",0.969047021593273
"Seed germination F-box","Multifunction","OG0000258",-0.00254513429860324,0.291566739431298,-0.00872916541704151,0.993143137022433,0.620965156225937,0.526206445282421,"bio7",0.996538871496134
"Pectin lyase","Structural Dynamics","OG0000261",-0.21458446262152,0.366791109819477,-0.585031798418265,0.566686125355599,0.400152605597923,0.250190756997404,"bio7",0.969047021593273
"Extensin-like protein","Multifunction","OG0000264",0.031774924023372,0.341984774133048,0.0929132710774139,0.927125942988204,0.478545143343187,0.348181429178984,"bio7",0.978572457300118
"TNL-WRKY immune receptor","Defense & Stress response","OG0000266",0.178992517868353,0.402145091329241,0.445094374462499,0.662214281421369,0.278944458207253,0.0986805727590668,"bio7",0.969047021593273
"C1 domain protein","Defense & Stress response","OG0000269",-0.88646709107446,0.337192142061286,-2.62896722816673,0.0182343252980206,0.493058243135406,0.366322803919257,"bio7",0.333190853172922
"UCH deubiquitinase","Multifunction","OG0000271",0.0565724056574321,0.449020517761664,0.125990691782731,0.901308893593195,0.101049977289142,-0.123687528388572,"bio7",0.978572457300118
"Uncharacterized protein","Uncategorized","OG0000276",0.557002683216298,0.28542211523212,1.9515049937995,0.0687293537554108,0.636772755801773,0.545965944752216,"bio7",0.511651855734725
"Glycoside hydrolase","Defense & Stress response","OG0000297",0.536516230010652,0.269571005275041,1.99025941036667,0.0639296898816166,0.67599662694484,0.59499578368105,"bio7",0.511651855734725
"Kelch repeat oxidase","Multifunction","OG0000299",0.587944633541997,0.332857105820157,1.76635746469437,0.096404920196165,0.506009223104815,0.382511528881018,"bio7",0.617636518090459
"RRM RNA-binding protein","Genetic Information & Regulation","OG0000319",0.036611557257627,0.363582179322672,0.10069678697078,0.92104218696253,0.410602414964237,0.263253018705296,"bio7",0.978572457300118
"TN13 TIR-NLR receptor","Defense & Stress response","OG0000320",-0.160198348842048,0.426954462009993,-0.37521179211449,0.712430361633584,0.187232576486996,-0.0159592793912555,"bio7",0.969047021593273
"F-box protein","Multifunction","OG0000325",-0.400710622293608,0.412848721040637,-0.970599161076645,0.346193002515574,0.240049925062338,0.0500624063279231,"bio7",0.92624263158723
"C1 domain protein","Defense & Stress response","OG0000329",-0.0466063394439573,0.240654784267284,-0.193664711823031,0.848875695235372,0.741778633533379,0.677223291916723,"bio7",0.969047021593273
"F-box protein","Multifunction","OG0000338",0.900887446069008,0.399439354624607,2.25537978578916,0.0384671176443036,0.288614714617035,0.110768393271293,"bio7",0.393580161685009
"F-box/FBD protein","Multifunction","OG0000339",0.369817831317094,0.390420602516287,0.947229293058803,0.357609620888933,0.320376120838963,0.150470151048703,"bio7",0.933500438943837
"MYB/SANT protein","Genetic Information & Regulation","OG0000343",-0.244044598446809,0.398980573791768,-0.611670378152742,0.549349299909951,0.290247916262701,0.112809895328376,"bio7",0.969047021593273
"Plastocyanin-like protein","Defense & Stress response","OG0000347",-0.292362186927814,0.398875071291982,-0.732966805824274,0.474181258382734,0.290623226358647,0.113279032948308,"bio7",0.95614029907634
"LRR receptor-like protein","Signaling and Transport","OG0000348",-0.828318714145481,0.357004374637471,-2.32019205643241,0.0338720112608505,0.431735860206304,0.289669825257879,"bio7",0.393580161685009
"DUF1163 TM protein","Defense & Stress response","OG0000360",0.370430387669175,0.364800478123516,1.01543284585212,0.325009656188976,0.406645865599551,0.258307331999439,"bio7",0.920097759070201
"F-box protein","Multifunction","OG0000361",-0.499293938799259,0.270072182957086,-1.84874255960894,0.0830604130443039,0.674790753871322,0.593488442339152,"bio7",0.596255107925182
"RRM RNA-binding protein","Genetic Information & Regulation","OG0000367",0.242190682457636,0.347450986138,0.697049921054025,0.49577562843582,0.461742273908768,0.32717784238596,"bio7",0.958181743419228
"Cytochrome P450","Multifunction","OG0000372",0.541035438786883,0.407979273192307,1.32613462089251,0.203415819044641,0.257871047483595,0.0723388093544934,"bio7",0.816169837616108
"Kelch repeat oxidase","Multifunction","OG0000382",0.326131530654013,0.395921744159248,0.823727252835189,0.422203857129056,0.301088988225349,0.126361235281686,"bio7",0.953516576212811
"DUF1985 TM protease","Genetic Information & Regulation","OG0000384",0.529693665520501,0.304981307981507,1.73680698343854,0.101630933120613,0.585285117856329,0.481606397320411,"bio7",0.619024774461914
"CCHC zinc knuckle","Genetic Information & Regulation","OG0000385",0.0744370583546479,0.421746725477654,0.176497062947776,0.862118171116392,0.206938962672189,0.0086737033402362,"bio7",0.969047021593273
"Beta-1,3-glucanase","Defense & Stress response","OG0000386",-0.148005110151369,0.440492699689228,-0.335999008055726,0.741237518937142,0.134871527344633,-0.0814105908192093,"bio7",0.969047021593273
"ATP-binding protein","Photosynthesis and Energy","OG0000388",0.0582962799353374,0.288525945920105,0.202048657182048,0.842425323016797,0.628829952805544,0.53603744100693,"bio7",0.969047021593273
"PAH domain protein","Defense & Stress response","OG0000402",0.0231754300674272,0.272548254270949,0.0850323922617672,0.933290560237945,0.668800262170981,0.586000327713726,"bio7",0.978572457300118
"DUF295 organellar protein","Uncategorized","OG0000418",0.897191582921622,0.20802388975363,4.31292571244676,0.000536028692854486,0.807056745088032,0.75882093136004,"bio7",0.107360415146411
"C1 domain protein","Genetic Information & Regulation","OG0000422",0.289906130211304,0.373008548928847,0.777210417948369,0.448374125906195,0.379644344289184,0.22455543036148,"bio7",0.95614029907634
"CCHC zinc knuckle","Genetic Information & Regulation","OG0000432",-0.0748365576603331,0.417835995607273,-0.179105099721166,0.860103586009611,0.221578403401936,0.0269730042524201,"bio7",0.969047021593273
"Mutator transposase DEK","Genetic Information & Regulation","OG0000434",0.350225629406178,0.45361322701839,0.772079843677,0.451321320705,0.0825664993415381,-0.146791875823077,"bio7",0.95614029907634
"F-box protein","Multifunction","OG0000440",-0.465614730786392,0.367654739960325,-1.26644560828085,0.223481168349199,0.397324531741813,0.246655664677267,"bio7",0.816169837616108
"Uncharacterized DUF1985 TM protein","Uncategorized","OG0000445",-0.159662760149212,0.367874466430847,-0.434014248660081,0.67007372403751,0.396603946310908,0.245754932888635,"bio7",0.969047021593273
"OB-fold nucleic protein","Genetic Information & Regulation","OG0000448",-0.114046062384227,0.40335692444087,-0.28274229466202,0.780999545985888,0.274592220358077,0.0932402754475967,"bio7",0.969047021593273
"CCHC zinc knuckle","Genetic Information & Regulation","OG0000452",0.282779724343615,0.436305320867645,0.648123483301268,0.526097643490629,0.151241388202296,-0.0609482647471296,"bio7",0.969047021593273
"Callose synthase","Structural Dynamics","OG0000496",0.761044298379199,0.288208981549704,2.64059882619567,0.0178073060120994,0.62964501335867,0.537056266698337,"bio7",0.333190853172922
"Ceramide synthase","Genetic Information & Regulation","OG0000500",1.18704573446163,0.333263577215261,3.56188259269298,0.00260040762554165,0.504802004049632,0.38100250506204,"bio7",0.107360415146411
"F-box/FBD protein","Multifunction","OG0000501",0.0916917887057161,0.376269685735048,0.243686356307432,0.810570733460011,0.368749643424353,0.210937054280441,"bio7",0.969047021593273
"Uncharacterized protein","Uncategorized","OG0000503",1.1503844046152,0.33407573524935,3.44348386678418,0.00333919391985692,0.502385483851477,0.377981854814347,"bio7",0.107360415146411
"hAT dimerization MYM ZnF","Genetic Information & Regulation","OG0000504",-0.238139390223265,0.330255028554911,-0.721077257370723,0.481266340682481,0.513702481837811,0.392128102297263,"bio7",0.95614029907634
"Resistance C1 protein","Genetic Information & Regulation","OG0000510",-0.144857851402426,0.26845222973488,-0.539603830243785,0.596900612018299,0.678680408534377,0.598350510667972,"bio7",0.969047021593273
"F-box ubiquitination factor","Defense & Stress response","OG0000513",0.800539559044109,0.320724956160688,2.49603139283937,0.0238639651387299,0.541363426676388,0.426704283345485,"bio7",0.385067399091898
"Dynamin-related protein","Signaling and Transport","OG0000535",0.467562813342849,0.395450750877711,1.18235409164121,0.254338861828152,0.302750865079147,0.128438581348933,"bio7",0.819782328203887
"ATFDB F-box/kelch","Genetic Information & Regulation","OG0000546",-0.383853663779306,0.302622795480126,-1.2684228336808,0.222792457230209,0.591674546963776,0.48959318370472,"bio7",0.816169837616108
"GGPP synthase","Biosynthesis & Metabolism","OG0000549",0.875816294624793,0.414882404073583,2.11099889034932,0.05085991753618,0.232544492507655,0.0406806156345687,"bio7",0.450504539682073
"RT zinc-binding protein","Genetic Information & Regulation","OG0000589",-0.0900499762241761,0.384804868703003,-0.23401464884707,0.817941643044693,0.339786665538537,0.174733331923172,"bio7",0.969047021593273
"MUSTANG domesticated TE","Genetic Information & Regulation","OG0000591",-0.520801096779812,0.43345019595553,-1.20152465413407,0.247031592061978,0.16231337299638,-0.0471082837545245,"bio7",0.819782328203887
"GCK-domain protein","Signaling and Transport","OG0000594",0.499729916865587,0.325126838237928,1.5370306541716,0.143824687709753,0.528687653780307,0.410859567225384,"bio7",0.760756900780536
"RNase H protein","Genetic Information & Regulation","OG0000598",-0.198434315812516,0.452359465404672,-0.438665112567062,0.66676984524339,0.0876309605798191,-0.140461299275226,"bio7",0.969047021593273
"SRP-binding P-loop NTPase","Signaling and Transport","OG0000599",-0.309601813036125,0.199561526666971,-1.55141032546213,0.140356772156908,0.822435227019409,0.778044033774261,"bio7",0.760756900780536
"TIR-NLR receptor","Genetic Information & Regulation","OG0000601",-0.101300390159746,0.429177965031206,-0.236033530175251,0.816401549120503,0.178745036257822,-0.026568704677723,"bio7",0.969047021593273
"F-box ubiquitination factor","Multifunction","OG0000605",0.347766030861137,0.400196759614708,0.868987622978136,0.397702304537421,0.285914341739662,0.107392927174578,"bio7",0.946204884272187
"F-box/FBD protein","Multifunction","OG0000606",-0.0342417227727115,0.445037896878271,-0.0769411391993824,0.939624299795636,0.116925865667875,-0.103842667915156,"bio7",0.978572457300118
"F-box/FBD protein","Protein Processing and Degradation","OG0000618",0.106579353034857,0.34051690882507,0.312992836104972,0.758328994385998,0.483011908379694,0.353764885474617,"bio7",0.969047021593273
"Receptor-like protein","Signaling and Transport","OG0000620",-0.346583466240413,0.408804585189937,-0.847797404423401,0.409054728577915,0.254865466183008,0.0685818327287606,"bio7",0.946204884272187
"DUF1985 K-box protein","Uncategorized","OG0000621",-0.47060646329168,0.409132760115263,-1.15025368088124,0.266941719964768,0.253668646817545,0.0670858085219315,"bio7",0.83836383926435
"CLV2-like receptor","Signaling and Transport","OG0000639",-0.371886708075602,0.35460409473273,-1.04873777150232,0.309882967225631,0.439351496108683,0.299189370135854,"bio7",0.889806805890741
"C1 domain protein","Genetic Information & Regulation","OG0000679",0.265372780834921,0.431891794588197,0.614442747373682,0.547561580583888,0.168326083219589,-0.039592395975514,"bio7",0.969047021593273
"S1 self-incompatibility protein","Growth & Reproduction","OG0000692",0.31022245096158,0.434173844110159,0.714512067389464,0.485205524904411,0.159513990705152,-0.0506075116185607,"bio7",0.95614029907634
"S1 self-incompatibility protein","Growth & Reproduction","OG0000712",-0.155500155427064,0.415972784966494,-0.373822906322079,0.713443350677595,0.228505186604283,0.0356314832553543,"bio7",0.969047021593273
"Uncharacterized protein","Uncategorized","OG0000720",-0.12613146442407,0.27980918826602,-0.450776706818343,0.658199335117528,0.650918271084431,0.563647838855539,"bio7",0.969047021593273
"RT/RNase H-like","Genetic Information & Regulation","OG0000724",0.199732441669861,0.254714222933136,0.784143262083533,0.444410719728991,0.710725889174548,0.638407361468185,"bio7",0.95614029907634
"Cysteine protease","Protein Processing and Degradation","OG0000725",0.020534830588949,0.257220621660987,0.0798335314499535,0.937359664667041,0.705004940821269,0.631256176026586,"bio7",0.978572457300118
"RNase H / thioredoxin","Genetic Information & Regulation","OG0000728",0.282438852715327,0.307061348699853,0.91981245412755,0.371330996476758,0.579608930742844,0.474511163428555,"bio7",0.943198803608288
"F-box protein","Multifunction","OG0000731",-0.0599203895170584,0.313435086001591,-0.191173203617524,0.850794754127246,0.561975507761653,0.452469384702066,"bio7",0.969047021593273
"C1 domain protein","Genetic Information & Regulation","OG0000736",0.092071608643873,0.443890043084149,0.207419855611447,0.838298925320248,0.121475288531969,-0.0981558893350387,"bio7",0.969047021593273
"Thionin peptide","Defense & Stress response","OG0000739",0.887390057790201,0.393320318702901,2.25615106973535,0.0384091736635458,0.310243280701454,0.137804100876817,"bio7",0.393580161685009
"Tryptophan biosynthesis protein","Biosynthesis & Metabolism","OG0000761",0.23024779864504,0.373040140687173,0.617219900842047,0.545773942654033,0.379539258462418,0.224424073078023,"bio7",0.969047021593273
"Cystatin inhibitor","Uncategorized","OG0000817",-0.287543820816477,0.426439893617287,-0.674289214307272,0.50975321484888,0.189190501467311,-0.0135118731658619,"bio7",0.969047021593273
"Gag-Pol retrotransposon","Genetic Information & Regulation","OG0000822",-0.0649655725852114,0.3636203983477,-0.178663168734253,0.860444886987413,0.410478495881895,0.263098119852369,"bio7",0.969047021593273
"Pectin lyase","Biosynthesis & Metabolism","OG0000846",0.0574972630611506,0.451860176510855,0.127245696899269,0.900331415570566,0.0896438921792553,-0.137945134775931,"bio7",0.978572457300118
"RING/U-box E3 ligase","Protein Processing and Degradation","OG0000865",0.415958928399098,0.270232101226376,1.53926541854716,0.143281053704158,0.674405506514913,0.593006883143641,"bio7",0.760756900780536
"Subtilisin protease","Multifunction","OG0000887",-0.0161744636013973,0.352089293514815,-0.0459385272410072,0.963927735476044,0.447275375657844,0.309094219572305,"bio7",0.988787110618873
"Uncharacterized DUF1985 protein","Uncategorized","OG0000893",-0.0669576683875163,0.293215905801191,-0.228356194404118,0.822262254775503,0.616665218949385,0.520831523686731,"bio7",0.969047021593273
"REM transcription factor","Growth & Reproduction","OG0000907",0.419879459868879,0.351202239227468,1.19554892586243,0.249291899487969,0.45005693777625,0.312571172220313,"bio7",0.819782328203887
"RING finger E3 ligase","Protein Processing and Degradation","OG0000913",0.0826606005550592,0.194197933413992,0.4256512883628,0.676032198428353,0.831851737882174,0.789814672352717,"bio7",0.969047021593273
"Uncharacterized protein","Biosynthesis & Metabolism","OG0000929",-0.068452114067759,0.335717833227411,-0.203897759644452,0.841004216761498,0.497481565683748,0.371851957104685,"bio7",0.969047021593273
"AGL MADS-box TF","Genetic Information & Regulation","OG0000949",-0.561739171423719,0.387379513039507,-1.4501003602801,0.16635059760685,0.330922427048709,0.163653033810886,"bio7",0.816169837616108
"B3 domain protein","Uncategorized","OG0000962",0.0869320552793157,0.445242824853561,0.195246392365576,0.84765793031322,0.116112414675176,-0.104859481656031,"bio7",0.969047021593273
"Cytochrome P450","Biosynthesis & Metabolism","OG0001007",0.166174017283112,0.331874828686557,0.500712928246984,0.623390772126297,0.5089205016016,0.386150627002,"bio7",0.969047021593273
"C1 domain protein","Multifunction","OG0001038",-0.818784397272419,0.368627266641755,-2.2211715501451,0.0411203153999263,0.394131899557109,0.242664874446386,"bio7",0.393580161685009
"Reverse transcriptase","Genetic Information & Regulation","OG0001079",0.449873561350463,0.353203951153705,1.27369345637555,0.22096471539628,0.443770162801638,0.304712703502048,"bio7",0.816169837616108
"Uncharacterized protein","Uncategorized","OG0001115",-0.00666020675074304,0.443840522988777,-0.0150058554948833,0.988213033466757,0.121671292932162,-0.0979108838347975,"bio7",0.996538871496134
"GRF zinc-finger TM protein","Genetic Information & Regulation","OG0001127",-0.722239634691992,0.350284107001476,-2.06186812434784,0.0558518067421686,0.452928562134816,0.31616070266852,"bio7",0.467758881465662
"NLR resistance protein","Defense & Stress response","OG0001132",-0.528995856216053,0.421406038635536,-1.25531152313071,0.227390601524886,0.208219713967901,0.0102746424598762,"bio7",0.816169837616108
"Uncharacterized protein","Uncategorized","OG0001135",-0.225133320316684,0.402512625538016,-0.559319897147974,0.583688653836243,0.277625861084969,0.0970323263562108,"bio7",0.969047021593273
"F-box protein","Multifunction","OG0001136",-0.285437921089796,0.393076797469135,-0.726163240688886,0.478227852086669,0.311097131369764,0.138871414212206,"bio7",0.95614029907634
"RT / nucleotidyltransferase","Genetic Information & Regulation","OG0001139",-0.32521474008072,0.356669266261452,-0.911810382457582,0.375402508898821,0.432802181581083,0.291002726976354,"bio7",0.943198803608288
"Glycoside hydrolase","Defense & Stress response","OG0001188",-0.545354095332267,0.416442623244306,-1.30955398149131,0.208840348010781,0.226761406647474,0.0334517583093425,"bio7",0.816169837616108
"Jacalin lectin","Defense & Stress response","OG0001196",-0.540423381766624,0.386956272144127,-1.39660065146931,0.18160712617619,0.332383662263236,0.165479577829045,"bio7",0.816169837616108
"EIN2-targeting F-box","Multifunction","OG0001262",-0.546757492360722,0.311487414552877,-1.75531166530617,0.0983301919347992,0.567402322988024,0.45925290373503,"bio7",0.617636518090459
"Alpha/beta hydrolase","Biosynthesis & Metabolism","OG0001318",-0.520175111742647,0.431730144843153,-1.20486168954365,0.245776226082618,0.168948529485128,-0.0388143381435899,"bio7",0.819782328203887
"Sarcosine dehydrogenase-like","Uncategorized","OG0001336",0.178228729211371,0.240283953495439,0.741742120597969,0.468992481364582,0.742573819485968,0.67821727435746,"bio7",0.95614029907634
"F-box ubiquitination factor","Multifunction","OG0001349",0.456173738540769,0.400313056668882,1.13954249290972,0.271250190237196,0.28549925529497,0.106874069118712,"bio7",0.838789049810407
"Uncharacterized protein","Uncategorized","OG0001363",0.282399785463287,0.422210889013818,0.668859550550447,0.513120763162335,0.205192357141378,0.00649044642672214,"bio7",0.969047021593273
"DnaJ chaperone","Defense & Stress response","OG0001392",0.159243773873725,0.333695773783074,0.477212438348845,0.639664038566489,0.503516765170563,0.379395956463204,"bio7",0.969047021593273
"Transmembrane protein","Uncategorized","OG0001398",-0.154855808461616,0.291967304653065,-0.530387498852399,0.603127382623788,0.619922976516787,0.524903720645984,"bio7",0.969047021593273
"Neprosin-like protease","Uncategorized","OG0001400",-0.292217160902057,0.394934457962355,-0.739913053952641,0.470071147299233,0.304570306782984,0.13071288347873,"bio7",0.95614029907634
"Invertase/PMEI inhibitor","Biosynthesis & Metabolism","OG0001401",-0.0394188365824658,0.455194392689212,-0.0865978079158356,0.932065691482592,0.0761595319832371,-0.154800585020954,"bio7",0.978572457300118
"HARBI1-like nuclease","Genetic Information & Regulation","OG0001408",0.0112833108173353,0.366070217973282,0.0308228046515349,0.975792067307565,0.402508170602229,0.253135213252787,"bio7",0.990576795600104
"NYN-domain nuclease","Uncategorized","OG0001411",-0.285879873077293,0.268726380875879,-1.06383255765773,0.303197319755896,0.678023791803707,0.597529739754634,"bio7",0.883226974941088
"N-myristoyltransferase","Protein Processing and Degradation","OG0001412",0.191316418619485,0.392557806172948,0.487358589260093,0.632614190233301,0.312915089402998,0.141143861753747,"bio7",0.969047021593273
"Mannose-binding lectin","Defense & Stress response","OG0001688",0.549874109861189,0.382441245645701,1.43780022715071,0.169761627421827,0.347872336993055,0.184840421241319,"bio7",0.816169837616108
"MEG embryo factor","Uncategorized","OG0001769",0.0865896019177967,0.280513951823989,0.308681979469343,0.761546333740022,0.649157571860839,0.561446964826049,"bio7",0.969047021593273
"Kelch repeat oxidase","Multifunction","OG0001813",-0.103639900058578,0.368908729947836,-0.280936425855883,0.782359622351727,0.393206331876597,0.241507914845746,"bio7",0.969047021593273
"F-box protein","Multifunction","OG0001841",-0.384386100436149,0.399447936661906,-0.962293368313214,0.350221094530495,0.288584145768134,0.110730182210168,"bio7",0.92624263158723
"Uncharacterized protein","Uncategorized","OG0001893",0.452988746907384,0.423507374884418,1.0696124170943,0.300665359223503,0.200303620156304,0.000379525195379871,"bio7",0.883226974941088
"Cysteine-rich peptide","Defense & Stress response","OG0001901",0.0509654495975783,0.252389215119501,0.201931962795824,0.842515026064894,0.715982721767002,0.644978402208753,"bio7",0.969047021593273
"Cytochrome b561 reductase","Uncategorized","OG0001911",-0.798859152114483,0.406886899911621,-1.9633444878368,0.0672296932573942,0.261839859542042,0.0772998244275527,"bio7",0.511651855734725
"F-box protein","Multifunction","OG0001918",0.0733413428227941,0.310748648448366,0.236015001799696,0.816415679880187,0.569451905063443,0.461814881329304,"bio7",0.969047021593273
"F-box/RNI protein","Multifunction","OG0001923",-0.0914459749010276,0.241210539835155,-0.379112682901513,0.709588210856645,0.740584610588983,0.675730763236229,"bio7",0.969047021593273
"Defense protein kinase","Signaling and Transport","OG0001927",-0.30974583683657,0.384239135265456,-0.806127768902504,0.431988154680015,0.341726506894341,0.177158133617927,"bio7",0.95614029907634
"TRAF-like protein","Signaling and Transport","OG0001929",1.17922204990307,0.320049491568036,3.68449905708533,0.00200700617924739,0.543293220662387,0.429116525827983,"bio7",0.107360415146411
"RRM RNA-binding protein","Genetic Information & Regulation","OG0002178",0.656549470970702,0.312055928042584,2.10394808100267,0.051550270709889,0.565821764410707,0.457277205513384,"bio7",0.450504539682073
"Defensin-like peptide","Defense & Stress response","OG0002370",0.774585567943457,0.242845315688804,3.18962532073732,0.00570063077308955,0.737056380758537,0.671320475948171,"bio7",0.143228348173875
"DUF247 TM protein","Uncategorized","OG0002564",0.114434381094686,0.402248696788541,0.284486642239747,0.77968650072357,0.278572876330775,0.0982160954134683,"bio7",0.969047021593273
"Amino acid transporter","Signaling and Transport","OG0002742",-0.135955438381458,0.444836300934363,-0.305630269148199,0.763826668084384,0.117725724932319,-0.102842843834601,"bio7",0.969047021593273
"LRR family protein","Signaling and Transport","OG0002810",0.0793073715071067,0.23900254597432,0.331826471487162,0.744327266888964,0.745312148574116,0.681640185717645,"bio7",0.969047021593273
"MATH/coiled-coil protein","Signaling and Transport","OG0002867",-0.676226116820372,0.290246770705279,-2.32983166419799,0.0332341207747691,0.624389289172112,0.53048661146514,"bio7",0.393580161685009
"Defensin-like peptide","Defense & Stress response","OG0002883",-0.113321824543369,0.427127495607624,-0.265311471887707,0.794157454714672,0.186573655773316,-0.0167829302833544,"bio7",0.969047021593273
"Beta-galactosidase","Structural Dynamics","OG0002891",0.185957169963346,0.323318968839849,0.575150819732625,0.573189283555947,0.533914550454194,0.417393188067742,"bio7",0.969047021593273
"NAC transcription factor","Growth & Reproduction","OG0002892",0.520801096779812,0.43345019595553,1.20152465413407,0.247031592061978,0.16231337299638,-0.0471082837545245,"bio7",0.819782328203887
"Kelch repeat oxidase","Multifunction","OG0002893",-0.28308574603344,0.240798155806613,-1.17561426118557,0.2569466998848,0.741470868010826,0.676838585013533,"bio7",0.819782328203887
"Thionin peptide","Defense & Stress response","OG0002919",-0.0902498578759641,0.269797763101893,-0.334509288877536,0.742340128873109,0.675451307157367,0.594314133946709,"bio7",0.969047021593273
"WRKY TF (II-c)","Genetic Information & Regulation","OG0003409",0.175268125298232,0.22764656700165,0.769913324882079,0.452569450447802,0.768939671836364,0.711174589795455,"bio7",0.95614029907634
"Cytochrome P450","Multifunction","OG0003687",1.117491222426,0.280584201344971,3.98273037850793,0.00107019111339763,0.648981825888221,0.561227282360276,"bio7",0.107360415146411
"Uncharacterized DUF674 protein","Uncategorized","OG0003691",-0.0694576263646355,0.35441676396719,-0.195977260181365,0.847095356194275,0.439943700051955,0.299929625064944,"bio7",0.969047021593273
"Imprinted F-box protein","Multifunction","OG0003767",0.395386199441861,0.295696469158353,1.33713534208662,0.199879243714482,0.610151872496316,0.512689840620395,"bio7",0.816169837616108
"TPR repeat protein","Genetic Information & Regulation","OG0003808",-0.751665586323673,0.221736105131777,-3.38991065923594,0.00373891993047202,0.780782104318185,0.725977630397731,"bio7",0.107360415146411
"Cysteine protease","Protein Processing and Degradation","OG0003820",0.223329833434327,0.262269551573142,0.851527873116619,0.407040966513943,0.693310489408553,0.616638111760691,"bio7",0.946204884272187
"F-box protein","Multifunction","OG0004081",0.959777250701716,0.364268320059943,2.63480845807227,0.0180186699381783,0.40837573108848,0.2604696638606,"bio7",0.333190853172922
"Serpin inhibitor","Defense & Stress response","OG0004132",-0.265818231013142,0.411038948992554,-0.646698400880636,0.526996188350602,0.246697986966416,0.0583724837080203,"bio7",0.969047021593273
"F-box protein","Multifunction","OG0004303",-0.598153037600015,0.354133348112532,-1.68906159441935,0.110596828742415,0.440839060462794,0.301048825578493,"bio7",0.653822428741926
"F-box protein","Multifunction","OG0004694",0.0299165166131255,0.272000499818785,0.109986991321916,0.913787430175458,0.670130183220761,0.587662729025952,"bio7",0.978572457300118
"Defensin-like peptide","Defense & Stress response","OG0004872",0.166920102888514,0.260786951383024,0.64006309366052,0.531191171165711,0.696768098029983,0.620960122537479,"bio7",0.969047021593273
"F-box protein","Multifunction","OG0005764",0.546757492360722,0.311487414552877,1.75531166530616,0.0983301919347995,0.567402322988024,0.45925290373503,"bio7",0.617636518090459
"F-box/FBD protein","Multifunction","OG0000009",0.141063186063923,0.192251113622248,0.73374444187146,0.4737200557784,0.623439417465444,0.529299271831805,"bio8",0.971094947797305
"TRAF-MATH deubiquitinase","Signaling and Transport","OG0000012",0.0331613320973772,0.29042027865104,0.114183941463753,0.910512555653335,0.140687747124695,-0.0741403160941314,"bio8",0.971094947797305
"Non-LTR reverse transcriptase","Genetic Information & Regulation","OG0000015",-0.0245211561401281,0.209965223047034,-0.116786750606957,0.908482420191097,0.55084952414653,0.438561905183163,"bio8",0.971094947797305
"PPR/TPR repeat protein","Defense & Stress response","OG0000016",-0.187641992602984,0.285335976582254,-0.657617713863334,0.52013329541009,0.170511832838059,-0.0368602089524264,"bio8",0.971094947797305
"Auxin-response F-box","Multifunction","OG0000022",0.0411499529264056,0.24865641262355,0.165489208551818,0.870631889576291,0.370063959402291,0.212579949252863,"bio8",0.971094947797305
"CC-NLR receptor","Multifunction","OG0000024",0.258735044045652,0.266539420867881,0.970719615144292,0.346134824215237,0.276197584088668,0.0952469801108349,"bio8",0.971094947797305
"Cytochrome P450","Multifunction","OG0000027",0.155562281988288,0.234795268241079,0.662544365368394,0.517053451097807,0.438337007188737,0.297921258985921,"bio8",0.971094947797305
"F-box ubiquitination factor","Multifunction","OG0000029",0.0486025474425095,0.232297277963196,0.209225643402545,0.836912725015436,0.450224514842389,0.312780643552986,"bio8",0.971094947797305
"Serine carboxypeptidase","Protein Processing and Degradation","OG0000030",0.336318995517865,0.298632904526556,1.1261953737183,0.27669171946127,0.0914006006336242,-0.13574924920797,"bio8",0.971094947797305
"FRIGIDA-like flowering regulator","Genetic Information & Regulation","OG0000038",-0.217761369638211,0.278546065812972,-0.781778658415609,0.445760061743585,0.209519453441345,0.0118993168016814,"bio8",0.971094947797305
"Glycosyltransferase","Biosynthesis & Metabolism","OG0000039",0.0272017748942829,0.155237540777792,0.175226783147896,0.863099759288212,0.754477873347215,0.693097341684019,"bio8",0.971094947797305
"DUF295 protein","Signaling and Transport","OG0000040",0.0865533708861095,0.231205469832276,0.374356934327281,0.713053789692353,0.455380311329126,0.319225389161408,"bio8",0.971094947797305
"TRAF-type E3 ligase","Protein Processing and Degradation","OG0000042",-0.170742688825347,0.144169306686298,-1.18432066262807,0.253581752579107,0.788240575160536,0.73530071895067,"bio8",0.971094947797305
"Uncharacterized protein","Uncategorized","OG0000045",0.249177931708973,0.278849181037529,0.893593916187394,0.384783462478877,0.20779810757866,0.00974763447332494,"bio8",0.971094947797305
"mTERF protein","Photosynthesis and Energy","OG0000046",0.00488038701173098,0.224802048793046,0.0217097087768265,0.982947959321939,0.485129915440421,0.356412394300526,"bio8",0.991582861880796
"LRR receptor kinase","Signaling and Transport","OG0000047",-0.516976944970773,0.277360909130269,-1.86391422854748,0.0807896513135561,0.216231810056481,0.0202897625706011,"bio8",0.971094947797305
"Subtilase protease","Multifunction","OG0000049",-0.0361796628128872,0.24620080758693,-0.146951844583664,0.885005762690164,0.382444384458639,0.228055480573298,"bio8",0.971094947797305
"TIR-NLR RCC1-FYVE","Defense & Stress response","OG0000054",-0.109098494280038,0.272907625855746,-0.399763450867092,0.694616837475796,0.241197991961843,0.0514974899523037,"bio8",0.971094947797305
"ULP SUMO protease","Protein Processing and Degradation","OG0000060",-0.113446442853304,0.28028239167389,-0.404757652365476,0.691015379495913,0.199633765972496,-0.000457792534379609,"bio8",0.971094947797305
"TIR-NLR receptor","Growth & Reproduction","OG0000065",-0.110396488842371,0.233611194509683,-0.472565062963176,0.642905178345401,0.443987661687796,0.304984577109745,"bio8",0.971094947797305
"Uncharacterized protein","Uncategorized","OG0000075",-0.159216386493188,0.295803041596746,-0.538251350066371,0.597812370377385,0.108538894791857,-0.114326381510178,"bio8",0.971094947797305
"Stress-induced LRR kinase","Growth & Reproduction","OG0000077",0.151806178308038,0.283213245697614,0.536013695030779,0.599322379869717,0.182807727596893,-0.0214903405038835,"bio8",0.971094947797305
"Ta11 non-LTR retroelement","Genetic Information & Regulation","OG0000083",-0.21367985384622,0.264479585642368,-0.807925698035389,0.430982049189131,0.287341547448511,0.109176934310639,"bio8",0.971094947797305
"Transmembrane protein","Uncategorized","OG0000086",0.0717765910191994,0.296336273566935,0.242213314472914,0.811692185250499,0.105321997420806,-0.118347503223992,"bio8",0.971094947797305
"En/Spm transposase","Uncategorized","OG0000087",-0.0235118186526795,0.265275062628207,-0.0886318465811924,0.930474409752412,0.283048165515649,0.103810206894561,"bio8",0.971094947797305
"Terpenoid cyclase/prenyltransferase","Biosynthesis & Metabolism","OG0000090",0.219403706123056,0.258925058916581,0.847363739303977,0.409289248361862,0.316961322894834,0.146201653618542,"bio8",0.971094947797305
"Cysteine-rich receptor kinase","Defense & Stress response","OG0000093",-0.365372325231266,0.174058282208768,-2.09913783242462,0.0520261635640483,0.691335619642492,0.614169524553115,"bio8",0.950659897852155
"MuDR/Mutator transposase","Genetic Information & Regulation","OG0000095",0.190694042702757,0.301378058586251,0.632740298339212,0.535842266321029,0.0746193997266162,-0.15672575034173,"bio8",0.971094947797305
"C1 domain protein","Multifunction","OG0000096",0.297721275608273,0.260136646312996,1.14448033304026,0.269257545757393,0.310554084768697,0.138192605960871,"bio8",0.971094947797305
"Ankyrin-repeat protein","Biosynthesis & Metabolism","OG0000103",0.0276728728722477,0.15352323540499,0.180252017222328,0.859217961455733,0.75987058797838,0.699838234972975,"bio8",0.971094947797305
"Ubiquitin","Protein Processing and Degradation","OG0000106",0.450839124696752,0.196249142586097,2.29727946199287,0.0354344884894766,0.607614757951033,0.509518447438791,"bio8",0.842464848707647
"ATFDB F-box protein","Multifunction","OG0000107",-0.0855029732840163,0.137314731487262,-0.622678807713707,0.54226934329882,0.807898218309238,0.759872772886547,"bio8",0.971094947797305
"Non-LTR reverse transcriptase","Genetic Information & Regulation","OG0000118",0.0244169998579082,0.137823121382161,0.177161855086737,0.861604556654882,0.806473121452175,0.758091401815219,"bio8",0.971094947797305
"Rossmann enzyme (senescence)","Defense & Stress response","OG0000126",0.0497819166533123,0.303224890701089,0.164174901797181,0.871649524701295,0.0632432628668232,-0.170945921416471,"bio8",0.971094947797305
"LRR receptor-like protein","Signaling and Transport","OG0000141",-0.212384879374818,0.253478896860493,-0.837879926121454,0.414439859411638,0.345392848413743,0.181741060517179,"bio8",0.971094947797305
"SAUR auxin protein","Signaling and Transport","OG0000142",-0.097543440338686,0.2848896750034,-0.342390226453527,0.736513717079097,0.173104652445179,-0.0336191844435259,"bio8",0.971094947797305
"F-box/LRR protein","Multifunction","OG0000147",0.0129966626270791,0.190772186541274,0.0681266114453601,0.946528963370161,0.629210656789868,0.536513320987335,"bio8",0.971094947797305
"DOR F-box regulator","Defense & Stress response","OG0000150",-0.0587674342982082,0.229566745026566,-0.255992801968802,0.801218504196721,0.463073199854945,0.328841499818681,"bio8",0.971094947797305
"WAK-like receptor kinase","Signaling and Transport","OG0000159",0.646125227191285,0.241214148282026,2.67863735105555,0.0164767912503567,0.407207522435038,0.259009403043798,"bio8",0.832190006425432
"CYP71 P450","Defense & Stress response","OG0000164",0.190976538654056,0.13437988225635,1.42116911733662,0.174464828114181,0.816022106792109,0.770027633490136,"bio8",0.971094947797305
"F-box/kelch DUF295","Multifunction","OG0000166",0.0757741240408837,0.238035393885558,0.318331332177072,0.754351048052519,0.422728383429224,0.27841047928653,"bio8",0.971094947797305
"Autophagy protein","Multifunction","OG0000167",-0.152640994499636,0.282536955467102,-0.540251430993456,0.596464285378793,0.186705845400896,-0.01661769324888,"bio8",0.971094947797305
"Uncharacterized protein","Uncategorized","OG0000170",0.0407962158807351,0.0765687598962509,0.532804970800273,0.601490983818464,0.940268921620875,0.925336152026093,"bio8",0.971094947797305
"KUK F-box protein","Multifunction","OG0000182",0.183717439640517,0.27122399685929,0.677364251570368,0.507851672527186,0.25053155557426,0.0631644444678252,"bio8",0.971094947797305
"Receptor-like protein","Defense & Stress response","OG0000184",0.0922281441790817,0.21579146762387,0.427394767710824,0.674788144041332,0.525577075538573,0.406971344423216,"bio8",0.971094947797305
"Receptor-like kinase","Signaling and Transport","OG0000185",-0.174157737872964,0.187854850165472,-0.927086725307103,0.367655937685277,0.640464354845071,0.550580443556338,"bio8",0.971094947797305
"En/Spm transposase-like","Uncategorized","OG0000186",0.324633823736881,0.196952216495188,1.64828723186679,0.118787569950213,0.604798236126684,0.505997795158355,"bio8",0.971094947797305
"F-box protein","Multifunction","OG0000188",-0.152533319858707,0.209873748556446,-0.726786084052254,0.477856541695508,0.551240797144564,0.439050996430706,"bio8",0.971094947797305
"Nuclease","Genetic Information & Regulation","OG0000192",0.100088142806247,0.28502003712822,0.35116177730768,0.730048357348944,0.172347724363774,-0.0345653445452827,"bio8",0.971094947797305
"CYP72 P450","Multifunction","OG0000196",0.155551382360635,0.28950398628477,0.537303076053768,0.598452051292122,0.146101550493078,-0.0673730618836523,"bio8",0.971094947797305
"ECA1 gametogenesis protein","Growth & Reproduction","OG0000199",-0.0228872904971886,0.227197496569479,-0.100737423795467,0.921010437329025,0.474098738925211,0.342623423656514,"bio8",0.971094947797305
"Leaf-shape QTL factor","Defense & Stress response","OG0000200",-0.11149363380146,0.300816475670234,-0.370636726439423,0.715769293769006,0.0780648645935965,-0.152418919258004,"bio8",0.971094947797305
"Receptor-like kinase","Signaling and Transport","OG0000202",-0.13232450806713,0.235706592642753,-0.561395023293588,0.582306810180641,0.433968515906014,0.292460644882518,"bio8",0.971094947797305
"Uncharacterized DUF577 protein","Uncategorized","OG0000206",0.165227722425539,0.308891300432836,0.534905716651821,0.600070763936622,0.0279055066207114,-0.215118116724111,"bio8",0.971094947797305
"RRM RNA-binding protein","Genetic Information & Regulation","OG0000207",-0.247626563338951,0.150227648701624,-1.64834213594581,0.118776199265801,0.770069349141061,0.712586686426326,"bio8",0.971094947797305
"RPP receptor-like protein","Defense & Stress response","OG0000210",0.172288477952027,0.21078002070498,0.817385240668382,0.42571314730948,0.54735678528693,0.434195981608663,"bio8",0.971094947797305
"RNase H-like enzyme","Genetic Information & Regulation","OG0000213",0.00108366220584427,0.241034150780619,0.00449588658841371,0.996468392743954,0.408091893062504,0.26011486632813,"bio8",0.996468392743954
"F-box/LRR protein","Multifunction","OG0000217",0.196446131032417,0.294408392549016,0.667257238598289,0.514116960295812,0.116925181044842,-0.103843523693948,"bio8",0.971094947797305
"F-box DUF295 protein","Multifunction","OG0000220",-0.240843649787265,0.29614620162915,-0.813259290385436,0.428006191700196,0.106469333472588,-0.116913333159265,"bio8",0.971094947797305
"Uncharacterized DUF1204 protein","Uncategorized","OG0000224",0.0660034451287174,0.215666873869373,0.306043501000042,0.763517756171856,0.526124762335591,0.407655952919488,"bio8",0.971094947797305
"PR thionin protein","Defense & Stress response","OG0000228",0.185311770218302,0.269211620808967,0.688349818115018,0.501091853284484,0.261611822750928,0.0770147784386606,"bio8",0.971094947797305
"RRM RNA-binding protein","Defense & Stress response","OG0000242",0.105332409781428,0.256622565383447,0.410456538083621,0.686915101998277,0.329055166214763,0.161318957768454,"bio8",0.971094947797305
"Kelch repeat oxidase","Multifunction","OG0000253",0.0614582882606251,0.203474295364024,0.302044482575421,0.766508951849591,0.578190617989672,0.47273827248709,"bio8",0.971094947797305
"RPA1 ssDNA-binding","Genetic Information & Regulation","OG0000255",0.129127860066709,0.258431500899577,0.499659908398265,0.624115740466997,0.319562831696675,0.149453539620843,"bio8",0.971094947797305
"Seed germination F-box","Multifunction","OG0000258",0.0637469212725566,0.192222642425148,0.331630657389282,0.744472377869397,0.623550941778591,0.529438677223238,"bio8",0.971094947797305
"Pectin lyase","Structural Dynamics","OG0000261",-0.186776039172967,0.240740212207806,-0.775840635264303,0.44915980662699,0.409534664034427,0.261918330043034,"bio8",0.971094947797305
"Extensin-like protein","Multifunction","OG0000264",0.0888485065468376,0.225203268837001,0.394525829956513,0.698401965309368,0.48329042559048,0.3541130319881,"bio8",0.971094947797305
"TNL-WRKY immune receptor","Defense & Stress response","OG0000266",0.192036780267278,0.263334526098208,0.729250292822065,0.476389189661183,0.293499072639461,0.116873840799326,"bio8",0.971094947797305
"C1 domain protein","Defense & Stress response","OG0000269",-0.18041295838794,0.263091574886339,-0.685742059455465,0.50269176037858,0.294802100233091,0.118502625291364,"bio8",0.971094947797305
"UCH deubiquitinase","Multifunction","OG0000271",-0.166702578236602,0.294253591884601,-0.56652691023727,0.578896651595316,0.117853582771228,-0.102683021535965,"bio8",0.971094947797305
"Uncharacterized protein","Uncategorized","OG0000276",0.376847539616196,0.187781414731487,2.00684151919432,0.0619701908878237,0.64074539625022,0.550931745312775,"bio8",0.958154489880967
"Glycoside hydrolase","Defense & Stress response","OG0000297",0.0697682795813258,0.198420852523438,0.351617678757249,0.729712889443986,0.598882369275705,0.498602961594632,"bio8",0.971094947797305
"Kelch repeat oxidase","Multifunction","OG0000299",0.383255150561689,0.220819517044681,1.73560360828133,0.101848892476362,0.503210920837792,0.37901365104724,"bio8",0.971094947797305
"RRM RNA-binding protein","Genetic Information & Regulation","OG0000319",0.125419383242045,0.23854681545701,0.525764232072291,0.606262994555722,0.420245170290485,0.275306462863106,"bio8",0.971094947797305
"TN13 TIR-NLR receptor","Defense & Stress response","OG0000320",0.432026903253289,0.26232026550702,1.64694444181907,0.119065954080445,0.298930916878749,0.123663646098437,"bio8",0.971094947797305
"F-box protein","Multifunction","OG0000325",0.0834407298921905,0.280264096606552,0.297721794915916,0.769746540775944,0.199738248285247,-0.000327189643440917,"bio8",0.971094947797305
"C1 domain protein","Defense & Stress response","OG0000329",0.19801229379929,0.151505836518322,1.30696148973339,0.209698803020574,0.766140048024038,0.707675060030047,"bio8",0.971094947797305
"F-box protein","Multifunction","OG0000338",0.323283941352372,0.292388668901494,1.10566508123229,0.285220264125497,0.128999899399447,-0.0887501257506909,"bio8",0.971094947797305
"F-box/FBD protein","Multifunction","OG0000339",0.395621486420919,0.24630371081802,1.60623437262471,0.127775376466876,0.381928043758168,0.22741005469771,"bio8",0.971094947797305
"MYB/SANT protein","Genetic Information & Regulation","OG0000343",0.190639138619502,0.262719889744184,0.725636489894737,0.478542011389883,0.296793242909642,0.120991553637053,"bio8",0.971094947797305
"Plastocyanin-like protein","Defense & Stress response","OG0000347",-0.396328741040607,0.249294964516629,-1.58979842135628,0.131442535184871,0.366824442401704,0.20853055300213,"bio8",0.971094947797305
"LRR receptor-like protein","Signaling and Transport","OG0000348",-0.169392349660427,0.26972167247175,-0.628026469315955,0.538848124024524,0.258811253539043,0.0735140669238032,"bio8",0.971094947797305
"DUF1163 TM protein","Defense & Stress response","OG0000360",0.355958683015642,0.232536902508678,1.53076212495932,0.145358836805766,0.449089696135406,0.311362120169257,"bio8",0.971094947797305
"F-box protein","Multifunction","OG0000361",0.0451759432819253,0.196497610733421,0.229905814698243,0.821078421043766,0.606620542623688,0.50827567827961,"bio8",0.971094947797305
"RRM RNA-binding protein","Genetic Information & Regulation","OG0000367",0.467156869107888,0.20198059309434,2.31287997500676,0.0343635031879317,0.584360881487037,0.480451101858797,"bio8",0.842464848707647
"Cytochrome P450","Multifunction","OG0000372",0.344811585345215,0.270956692035032,1.27257084058523,0.22135302499133,0.252008104937915,0.0650101311723943,"bio8",0.971094947797305
"Kelch repeat oxidase","Multifunction","OG0000382",0.100197533315013,0.266236391723437,0.376347999108614,0.711602078094434,0.277842433064156,0.0973030413301953,"bio8",0.971094947797305
"DUF1985 TM protease","Genetic Information & Regulation","OG0000384",0.1088435123787,0.218264188565162,0.498677832099814,0.624792226332818,0.514642104035073,0.393302630043841,"bio8",0.971094947797305
"CCHC zinc knuckle","Genetic Information & Regulation","OG0000385",-0.566855528334809,0.240644804386896,-2.35556936198568,0.0315856679469848,0.410002586260118,0.262503232825148,"bio8",0.842464848707647
"Beta-1,3-glucanase","Defense & Stress response","OG0000386",-0.283591197675972,0.283703144482522,-0.99960540865081,0.332380165414426,0.179978144162692,-0.0250273197966344,"bio8",0.971094947797305
"ATP-binding protein","Photosynthesis and Energy","OG0000388",-0.0189537808633219,0.191054692170066,-0.0992060474832533,0.922206999648712,0.628111674404609,0.535139593005761,"bio8",0.971094947797305
"PAH domain protein","Defense & Stress response","OG0000402",-0.0739633567680492,0.179390564090561,-0.412303496245825,0.685588394194984,0.67213404712433,0.590167558905413,"bio8",0.971094947797305
"DUF295 organellar protein","Uncategorized","OG0000418",0.149866210554675,0.198874583182261,0.753571462761173,0.462052627942212,0.597045793590335,0.496307241987919,"bio8",0.971094947797305
"C1 domain protein","Genetic Information & Regulation","OG0000422",-0.0252823982114708,0.251293688422587,-0.10060896622662,0.921110801959107,0.356630763793081,0.195788454741352,"bio8",0.971094947797305
"CCHC zinc knuckle","Genetic Information & Regulation","OG0000432",-0.197335326349835,0.272256584392128,-0.724813788399015,0.479032925724589,0.244814031034905,0.0560175387936306,"bio8",0.971094947797305
"Mutator transposase DEK","Genetic Information & Regulation","OG0000434",-0.168628346392017,0.302698532981859,-0.557083460996235,0.585179787526073,0.0664926081798833,-0.166884239775146,"bio8",0.971094947797305
"F-box protein","Multifunction","OG0000440",-0.122299635330508,0.25327707409058,-0.482868951995116,0.635729266556349,0.346434844687134,0.183043555858918,"bio8",0.971094947797305
"Uncharacterized DUF1985 TM protein","Uncategorized","OG0000445",-0.480414578395299,0.213301215924598,-2.25228241814208,0.0387006325089972,0.536463655916739,0.420579569895924,"bio8",0.842464848707647
"OB-fold nucleic protein","Genetic Information & Regulation","OG0000448",0.253849821662581,0.259863622056858,0.97685785972397,0.343179138792593,0.312000529783953,0.140000662229941,"bio8",0.971094947797305
"CCHC zinc knuckle","Genetic Information & Regulation","OG0000452",-0.108138867310471,0.291143199779111,-0.371428449616941,0.715191056800838,0.136404381254195,-0.0794945234322559,"bio8",0.971094947797305
"Callose synthase","Structural Dynamics","OG0000496",0.11141252481876,0.226754158439685,0.491336192400612,0.629860335456861,0.47614915414811,0.345186442685137,"bio8",0.971094947797305
"Ceramide synthase","Genetic Information & Regulation","OG0000500",-0.0226355691887614,0.295150619481429,-0.0766915862434286,0.939819715814003,0.112466964899338,-0.109416293875827,"bio8",0.971094947797305
"F-box/FBD protein","Multifunction","OG0000501",0.388709547313236,0.229663945893211,1.6925144510666,0.109926180288046,0.462618423191844,0.328273028989805,"bio8",0.971094947797305
"Uncharacterized protein","Uncategorized","OG0000503",0.0739359577038378,0.291028477904345,0.254050594073268,0.802692443559565,0.137084828464414,-0.0786439644194821,"bio8",0.971094947797305
"hAT dimerization MYM ZnF","Genetic Information & Regulation","OG0000504",-0.207791519116827,0.215833342188377,-0.962740589614133,0.350003377024166,0.525392933124543,0.406741166405679,"bio8",0.971094947797305
"Resistance C1 protein","Genetic Information & Regulation","OG0000510",-0.185058401977345,0.173124123340192,-1.06893481050993,0.30096139455552,0.69463989002779,0.618299862534737,"bio8",0.971094947797305
"F-box ubiquitination factor","Defense & Stress response","OG0000513",-0.130735357008321,0.247945614361912,-0.52727432725426,0.605237932422431,0.373660226782144,0.21707528347768,"bio8",0.971094947797305
"Dynamin-related protein","Signaling and Transport","OG0000535",0.0484929493687802,0.272524357557376,0.177939872250027,0.861003546687438,0.243327800816075,0.0541597510200942,"bio8",0.971094947797305
"ATFDB F-box/kelch","Genetic Information & Regulation","OG0000546",-0.0921226013821065,0.208753460183481,-0.441298560038894,0.664902228760219,0.556018888064075,0.445023610080094,"bio8",0.971094947797305
"GGPP synthase","Biosynthesis & Metabolism","OG0000549",0.118768422490898,0.30891202072814,0.384473295053225,0.705689743875346,0.0277750868873046,-0.215281141390869,"bio8",0.971094947797305
"RT zinc-binding protein","Genetic Information & Regulation","OG0000589",-0.334593296104741,0.240887043213142,-1.38900495286783,0.183862804404932,0.408814177353089,0.261017721691361,"bio8",0.971094947797305
"MUSTANG domesticated TE","Genetic Information & Regulation","OG0000591",-0.419088510905073,0.280468995895402,-1.49424184861191,0.154571787868794,0.198567688048418,-0.00179038993947733,"bio8",0.971094947797305
"GCK-domain protein","Signaling and Transport","OG0000594",0.029497243440045,0.23029726890683,0.128083340197918,0.899679097639865,0.459650561823132,0.324563202278914,"bio8",0.971094947797305
"RNase H protein","Genetic Information & Regulation","OG0000598",0.30209880683028,0.291418327646476,1.0366499913374,0.315313227107685,0.134771428908675,-0.0815357138641566,"bio8",0.971094947797305
"SRP-binding P-loop NTPase","Signaling and Transport","OG0000599",0.0499738987599833,0.141046661110407,0.354307562948018,0.727734736663278,0.797314468264984,0.74664308533123,"bio8",0.971094947797305
"TIR-NLR receptor","Genetic Information & Regulation","OG0000601",-0.245001353732745,0.277736532034767,-0.882135857093785,0.39076387628771,0.214107497477529,0.0176343718469115,"bio8",0.971094947797305
"F-box ubiquitination factor","Multifunction","OG0000605",0.127472408027474,0.269038883047665,0.473806635618876,0.642038556249121,0.262559082013642,0.0781988525170526,"bio8",0.971094947797305
"F-box/FBD protein","Multifunction","OG0000606",0.213951337767885,0.28956407900161,0.73887389107644,0.470684647390385,0.145747024091174,-0.067816219886033,"bio8",0.971094947797305
"F-box/FBD protein","Protein Processing and Degradation","OG0000618",0.680697180832853,0.148644718507365,4.57935665436459,0.000308610170667232,0.774889322697055,0.718611653371318,"bio8",0.0620306443041136
"Receptor-like protein","Signaling and Transport","OG0000620",-0.243395517069918,0.269666436175982,-0.902579944769545,0.380136426461711,0.259114798510713,0.0738934981383912,"bio8",0.971094947797305
"DUF1985 K-box protein","Uncategorized","OG0000621",-0.107684488448212,0.280334465636264,-0.384128609387379,0.705940160921433,0.199336336564746,-0.000829579294067129,"bio8",0.971094947797305
"CLV2-like receptor","Signaling and Transport","OG0000639",-0.304801658316832,0.230229206525444,-1.32390526344079,0.204138574805128,0.459969905904673,0.324962382380841,"bio8",0.971094947797305
"C1 domain protein","Genetic Information & Regulation","OG0000679",-0.151789252244343,0.286561244979692,-0.529692185888917,0.603598449676099,0.163372685457059,-0.0457841431786761,"bio8",0.971094947797305
"S1 self-incompatibility protein","Growth & Reproduction","OG0000692",0.0366265491705848,0.291623948892331,0.125595134795008,0.901617012682942,0.133550008529756,-0.0830624893378045,"bio8",0.971094947797305
"S1 self-incompatibility protein","Growth & Reproduction","OG0000712",0.133035333304354,0.274371339732837,0.484873286815943,0.634337707234568,0.233036640595824,0.0412958007447797,"bio8",0.971094947797305
"Uncharacterized protein","Uncategorized","OG0000720",-0.169628946232281,0.18138393916739,-0.935192757478593,0.363590002703203,0.664807118004703,0.581008897505879,"bio8",0.971094947797305
"RT/RNase H-like","Genetic Information & Regulation","OG0000724",0.0802102369803057,0.170534798512581,0.470345276623342,0.644455924648918,0.703705797612625,0.629632247015782,"bio8",0.971094947797305
"Cysteine protease","Protein Processing and Degradation","OG0000725",0.0684737492941298,0.169331319319718,0.404377344777213,0.691289361822493,0.707872990332388,0.634841237915485,"bio8",0.971094947797305
"RNase H / thioredoxin","Genetic Information & Regulation","OG0000728",0.0324149221178532,0.208275796712214,0.155634608675355,0.87826765572008,0.558048372305498,0.447560465381873,"bio8",0.971094947797305
"F-box protein","Multifunction","OG0000731",-0.0802179793206743,0.206614062016763,-0.388250337550433,0.702947985059551,0.565072487670135,0.456340609587669,"bio8",0.971094947797305
"C1 domain protein","Genetic Information & Regulation","OG0000736",0.0921093897279762,0.293140415404861,0.31421593505202,0.757416985757838,0.12451536853126,-0.0943557893359253,"bio8",0.971094947797305
"Thionin peptide","Defense & Stress response","OG0000739",-0.0371736620173075,0.298586168316182,-0.124498941886495,0.902470976830308,0.0916849709704,-0.135393786287,"bio8",0.971094947797305
"Tryptophan biosynthesis protein","Biosynthesis & Metabolism","OG0000761",0.0910393275608952,0.248660419531203,0.36611909419493,0.71907216843428,0.370043657365016,0.21255457170627,"bio8",0.971094947797305
"Cystatin inhibitor","Uncategorized","OG0000817",-0.500258921841959,0.257300516112384,-1.94425930192637,0.0696619195916453,0.325505452044982,0.156881815056228,"bio8",0.971094947797305
"Gag-Pol retrotransposon","Genetic Information & Regulation","OG0000822",-0.212783773993257,0.234837902830017,-0.906087864986926,0.378332637427817,0.438133012916576,0.29766626614572,"bio8",0.971094947797305
"Pectin lyase","Biosynthesis & Metabolism","OG0000846",0.0189937322913657,0.299034970003677,0.0635167595653849,0.950141778335831,0.0889523615545962,-0.138809548056755,"bio8",0.971094947797305
"RING/U-box E3 ligase","Protein Processing and Degradation","OG0000865",0.180005084601334,0.186186385194162,0.966800469398543,0.348031240582161,0.646822547818934,0.558528184773667,"bio8",0.971094947797305
"Subtilisin protease","Multifunction","OG0000887",0.00395902275496425,0.232932753635787,0.0169964193234695,0.986649613811737,0.447212453585775,0.309015566982218,"bio8",0.991582861880796
"Uncharacterized DUF1985 protein","Uncategorized","OG0000893",0.190348059213705,0.188370647146135,1.0104974532791,0.327295368391915,0.638487275270651,0.548109094088314,"bio8",0.971094947797305
"REM transcription factor","Growth & Reproduction","OG0000907",0.539354823642383,0.201541774899563,2.67614405951901,0.0165609951527449,0.586164934805174,0.482706168506467,"bio8",0.832190006425432
"RING finger E3 ligase","Protein Processing and Degradation","OG0000913",-0.0620612005074124,0.128259088268146,-0.483873707083148,0.635031513679561,0.832400227163603,0.790500283954504,"bio8",0.971094947797305
"Uncharacterized protein","Biosynthesis & Metabolism","OG0000929",-0.19804609764406,0.216795716498878,-0.913514809436214,0.37453275935054,0.52115106818062,0.401438835225775,"bio8",0.971094947797305
"AGL MADS-box TF","Genetic Information & Regulation","OG0000949",-0.295984725093654,0.262349608904085,-1.12820722824811,0.275866317250514,0.298774063583224,0.12346757947903,"bio8",0.971094947797305
"B3 domain protein","Uncategorized","OG0000962",0.0936277282806357,0.293964105072521,0.318500547056715,0.75422507470655,0.119588441034394,-0.100514448707007,"bio8",0.971094947797305
"Cytochrome P450","Biosynthesis & Metabolism","OG0001007",0.399461493362717,0.197441237473477,2.02319180366958,0.0600915283110403,0.602833273398484,0.503541591748105,"bio8",0.958154489880967
"C1 domain protein","Multifunction","OG0001038",-0.275059168546764,0.270325631625105,-1.01751049981167,0.324050850900226,0.255488206423569,0.0693602580294613,"bio8",0.971094947797305
"Reverse transcriptase","Genetic Information & Regulation","OG0001079",0.398076142449447,0.224114098751687,1.77622088332116,0.0947137329758725,0.488276354011042,0.360345442513803,"bio8",0.971094947797305
"Uncharacterized protein","Uncategorized","OG0001115",-0.118459012241458,0.292120928596355,-0.405513609759683,0.690470902153105,0.130594318650562,-0.0867571016867974,"bio8",0.971094947797305
"GRF zinc-finger TM protein","Genetic Information & Regulation","OG0001127",-0.217427984972003,0.254969526128025,-0.852760674084744,0.406376909205269,0.337671135026003,0.172088918782504,"bio8",0.971094947797305
"NLR resistance protein","Defense & Stress response","OG0001132",0.139373769068873,0.290095598468102,0.480440826420184,0.637416942971844,0.142608037976873,-0.0717399525289086,"bio8",0.971094947797305
"Uncharacterized protein","Uncategorized","OG0001135",0.374497474706611,0.25203943702308,1.48586855743657,0.156751310849962,0.35280652423915,0.191008155298937,"bio8",0.971094947797305
"F-box protein","Multifunction","OG0001136",0.51146702658251,0.231292777948264,2.21134023776961,0.0419136740650571,0.454968913650027,0.318711142062533,"bio8",0.842464848707647
"RT / nucleotidyltransferase","Genetic Information & Regulation","OG0001139",-0.156196334241725,0.238830692861619,-0.654004442939109,0.522398668640885,0.418864500227523,0.273580625284403,"bio8",0.971094947797305
"Glycoside hydrolase","Defense & Stress response","OG0001188",-0.20413550452137,0.285352131684646,-0.715381039266136,0.484683035786237,0.17041790254727,-0.0369776218159119,"bio8",0.971094947797305
"Jacalin lectin","Defense & Stress response","OG0001196",0.065352450663194,0.270647011878973,0.241467475326933,0.812260166982246,0.253716908464962,0.0671461355812026,"bio8",0.971094947797305
"EIN2-targeting F-box","Multifunction","OG0001262",-0.0415414892117955,0.224787649510231,-0.184803254548488,0.855705520843648,0.485195871445386,0.356494839306733,"bio8",0.971094947797305
"Alpha/beta hydrolase","Biosynthesis & Metabolism","OG0001318",0.0289385452008609,0.298192276189214,0.0970465954741844,0.923894645061611,0.0940798719260817,-0.132400160092398,"bio8",0.971094947797305
"Sarcosine dehydrogenase-like","Uncategorized","OG0001336",-0.0584001741175196,0.161005567756822,-0.362721456973,0.721560005405948,0.735893604385116,0.669867005481395,"bio8",0.971094947797305
"F-box ubiquitination factor","Multifunction","OG0001349",0.19110204924898,0.271181744273503,0.704701010611695,0.491127788544899,0.25076504902242,0.0634563112780244,"bio8",0.971094947797305
"Uncharacterized protein","Uncategorized","OG0001363",0.0815531378291855,0.282450424606263,0.288734343178527,0.776491961870932,0.187203934343139,-0.0159950820710768,"bio8",0.971094947797305
"DnaJ chaperone","Defense & Stress response","OG0001392",-0.00658777900135745,0.222310886435984,-0.0296331821935065,0.97672608892011,0.496477838854068,0.370597298567585,"bio8",0.991524969055264
"Transmembrane protein","Uncategorized","OG0001398",-0.181301201631078,0.189491851229581,-0.956775715972189,0.352914958228409,0.634170935822606,0.542713669778257,"bio8",0.971094947797305
"Neprosin-like protease","Uncategorized","OG0001400",0.552706929667852,0.226938725136139,2.43548970911107,0.0269433295983386,0.47529602960742,0.344120037009275,"bio8",0.842464848707647
"Invertase/PMEI inhibitor","Biosynthesis & Metabolism","OG0001401",0.488203207715429,0.275360977725806,1.77295712612396,0.0952704349948812,0.22749389739934,0.0343673717491746,"bio8",0.971094947797305
"HARBI1-like nuclease","Genetic Information & Regulation","OG0001408",0.187323411347419,0.237604447616838,0.788383438215339,0.441997503796127,0.424816710313089,0.281020887891361,"bio8",0.971094947797305
"NYN-domain nuclease","Uncategorized","OG0001411",-0.10677293093071,0.182004780805527,-0.586649045470936,0.565625437845345,0.662508592076231,0.578135740095289,"bio8",0.971094947797305
"N-myristoyltransferase","Protein Processing and Degradation","OG0001412",-0.254679216697598,0.253745190394638,-1.00368096160368,0.330471037351124,0.34401672425369,0.180020905317113,"bio8",0.971094947797305
"Mannose-binding lectin","Defense & Stress response","OG0001688",0.264840050276874,0.260565829888094,1.01640361052182,0.324561411719329,0.308277258649271,0.135346573311589,"bio8",0.971094947797305
"MEG embryo factor","Uncategorized","OG0001769",0.2105471392122,0.178523463320856,1.17938076763494,0.255486831111061,0.675295927391627,0.594119909239533,"bio8",0.971094947797305
"Kelch repeat oxidase","Multifunction","OG0001813",-0.0284020402481366,0.244544263385187,-0.116142737739875,0.9089846760248,0.390726782604911,0.238408478256139,"bio8",0.971094947797305
"F-box protein","Multifunction","OG0001841",0.258475254590295,0.263994694252105,0.979092611397187,0.342107461705246,0.289952298474498,0.112440373093122,"bio8",0.971094947797305
"Uncharacterized protein","Uncategorized","OG0001893",0.219288289821561,0.284779862332014,0.770027374919864,0.452503693062336,0.173741994508481,-0.0328225068643984,"bio8",0.971094947797305
"Cysteine-rich peptide","Defense & Stress response","OG0001901",0.174750122612109,0.161367741174997,1.08293095844107,0.294889830208535,0.73470408156573,0.668380101957162,"bio8",0.971094947797305
"Cytochrome b561 reductase","Uncategorized","OG0001911",-0.275488198499839,0.291829439905457,-0.944004136762515,0.359205357961349,0.132328501055168,-0.0845893736810406,"bio8",0.971094947797305
"F-box protein","Multifunction","OG0001918",-0.0541981948244432,0.205482486317926,-0.263760653258724,0.795331295576227,0.569823429554709,0.462279286943386,"bio8",0.971094947797305
"F-box/RNI protein","Multifunction","OG0001923",0.162609075972717,0.155043465334804,1.04879670756569,0.309856657792735,0.755091385127211,0.693864231409013,"bio8",0.971094947797305
"Defense protein kinase","Signaling and Transport","OG0001927",-0.0948012744703527,0.258212912956864,-0.367143817033619,0.718322478584667,0.320713407057422,0.150891758821777,"bio8",0.971094947797305
"TRAF-like protein","Signaling and Transport","OG0001929",-0.0202993210774377,0.287812044390588,-0.0705297831451752,0.94464603179823,0.1560532256187,-0.0549334679766256,"bio8",0.971094947797305
"RRM RNA-binding protein","Genetic Information & Regulation","OG0002178",0.113693515200406,0.231512706277163,0.491089742021736,0.630030799772684,0.453931918321851,0.317414897902314,"bio8",0.971094947797305
"Defensin-like peptide","Defense & Stress response","OG0002370",0.0874900911803482,0.204305827420795,0.428231011737863,0.674191789894152,0.574735982917832,0.46841997864729,"bio8",0.971094947797305
"DUF247 TM protein","Uncategorized","OG0002564",-0.150861675888728,0.264094389449917,-0.571241502717865,0.575772873171907,0.289415911085744,0.11176988885718,"bio8",0.971094947797305
"Amino acid transporter","Signaling and Transport","OG0002742",-0.0181308371073755,0.295097861890563,-0.0614400829311984,0.951769675204324,0.112784226099538,-0.109019717375578,"bio8",0.971094947797305
"LRR family protein","Signaling and Transport","OG0002810",0.202875757127446,0.150326174513217,1.34957041103715,0.195940970124852,0.769767653242147,0.712209566552684,"bio8",0.971094947797305
"MATH/coiled-coil protein","Signaling and Transport","OG0002867",-0.121974794604545,0.220101967411344,-0.554174031423302,0.587122535697121,0.506434292151417,0.383042865189272,"bio8",0.971094947797305
"Defensin-like peptide","Defense & Stress response","OG0002883",-0.0182645836332423,0.283143962947583,-0.064506350208228,0.949366122750723,0.183207499878865,-0.0209906251514185,"bio8",0.971094947797305
"Beta-galactosidase","Structural Dynamics","OG0002891",0.147649918153234,0.212910560971179,0.693483298713499,0.497951026172342,0.538160007662488,0.422700009578109,"bio8",0.971094947797305
"NAC transcription factor","Growth & Reproduction","OG0002892",0.419088510905073,0.280468995895402,1.49424184861191,0.154571787868794,0.198567688048418,-0.00179038993947733,"bio8",0.971094947797305
"Kelch repeat oxidase","Multifunction","OG0002893",0.130438583151517,0.1628001422135,0.801219098325213,0.434742588475087,0.729973312575292,0.662466640719115,"bio8",0.971094947797305
"Thionin peptide","Defense & Stress response","OG0002919",-0.0418903158026757,0.17879732262358,-0.234289390847686,0.81773201198961,0.674298955515189,0.592873694393986,"bio8",0.971094947797305
"WRKY TF (II-c)","Genetic Information & Regulation","OG0003409",0.142707362988857,0.149152969924485,0.956785259194695,0.352910286604308,0.773347277690224,0.716684097112781,"bio8",0.971094947797305
"Cytochrome P450","Multifunction","OG0003687",0.206458699218096,0.256799396835297,0.80396878560627,0.433198271702044,0.328130188895805,0.160162736119757,"bio8",0.971094947797305
"Uncharacterized DUF674 protein","Uncategorized","OG0003691",0.239125815011099,0.22700054919417,1.05341513868567,0.30779998639982,0.47501010443218,0.343762630540225,"bio8",0.971094947797305
"Imprinted F-box protein","Multifunction","OG0003767",0.155917159002522,0.202536986919163,0.769820670161113,0.452622876374315,0.582067814031655,0.477584767539569,"bio8",0.971094947797305
"TPR repeat protein","Genetic Information & Regulation","OG0003808",-0.0638253394840847,0.19161434812352,-0.333092694305653,0.743389153844404,0.625929740533592,0.53241217566699,"bio8",0.971094947797305
"Cysteine protease","Protein Processing and Degradation","OG0003820",-0.0391226535782476,0.177118575739012,-0.220883966659125,0.827976847471373,0.680386326030727,0.600482907538408,"bio8",0.971094947797305
"F-box protein","Multifunction","OG0004081",-0.0205551474592697,0.288511570726774,-0.0712454873386546,0.94408532868703,0.151945819800842,-0.060067725248947,"bio8",0.971094947797305
"Serpin inhibitor","Defense & Stress response","OG0004132",-0.403807922776214,0.256281271852555,-1.57564351018413,0.13467201412001,0.33083861701694,0.163548271271176,"bio8",0.971094947797305
"F-box protein","Multifunction","OG0004303",-0.190296324557336,0.249812058510811,-0.761757961932414,0.457286875469562,0.364195020334093,0.205243775417616,"bio8",0.971094947797305
"F-box protein","Multifunction","OG0004694",0.465830183963149,0.137258075223215,3.39382716248641,0.0037081512153078,0.808056708572006,0.760070885715007,"bio8",0.372669197138434
"Defensin-like peptide","Defense & Stress response","OG0004872",0.232716936364672,0.164743236684247,1.41260388619598,0.176928319461189,0.723489060799509,0.654361325999386,"bio8",0.971094947797305
"F-box protein","Multifunction","OG0005764",0.0415414892117956,0.224787649510231,0.184803254548488,0.855705520843647,0.485195871445386,0.356494839306732,"bio8",0.971094947797305
"F-box/FBD protein","Multifunction","OG0000009",-0.0718938268962466,0.164039754154911,-0.438270754955861,0.667049715367003,0.615385925367384,0.51923240670923,"bio18",0.983175703358509
"TRAF-MATH deubiquitinase","Signaling and Transport","OG0000012",-0.0176531795557795,0.245255411153001,-0.0719787566471539,0.943510896059666,0.140265906028193,-0.0746676174647585,"bio18",0.983175703358509
"Non-LTR reverse transcriptase","Genetic Information & Regulation","OG0000015",0.352136011414496,0.153951456894934,2.28731847373692,0.0361345403883885,0.661238100301567,0.576547625376959,"bio18",0.470805531351074
"PPR/TPR repeat protein","Defense & Stress response","OG0000016",-0.474670232703606,0.213355810810311,-2.22478230567446,0.040832450479245,0.349367273407467,0.186709091759334,"bio18",0.470805531351074
"Auxin-response F-box","Multifunction","OG0000022",0.359484169321252,0.189924505731358,1.89277401532233,0.0766221179109327,0.484428427774904,0.35553553471863,"bio18",0.550037346432053
"CC-NLR receptor","Multifunction","OG0000024",-0.553392009306832,0.185693624289917,-2.98013467841438,0.00883809763300527,0.50714298916884,0.38392873646105,"bio18",0.306749527022931
"Cytochrome P450","Multifunction","OG0000027",-0.0932874098366347,0.199575140881485,-0.467430008690472,0.64649511351536,0.430701758423142,0.288377198028928,"bio18",0.983175703358509
"F-box ubiquitination factor","Multifunction","OG0000029",-0.036167855583442,0.196183158174513,-0.184357596849721,0.856049322366032,0.44988891473414,0.312361143417675,"bio18",0.983175703358509
"Serine carboxypeptidase","Protein Processing and Degradation","OG0000030",-0.212829374399145,0.256470456702206,-0.829839729440127,0.418839214737921,0.0598402729855017,-0.175199658768123,"bio18",0.945917777104743
"FRIGIDA-like flowering regulator","Genetic Information & Regulation","OG0000038",0.182627890904736,0.235229661695049,0.776381216504468,0.448849637525356,0.209119038120665,0.0113987976508314,"bio18",0.955202851220679
"Glycosyltransferase","Biosynthesis & Metabolism","OG0000039",0.0827031335957412,0.129549696030559,0.638389252385686,0.532252335008537,0.760116846194981,0.700146057743726,"bio18",0.955202851220679
"DUF295 protein","Signaling and Transport","OG0000040",0.223990326816304,0.18788733681661,1.19215233241042,0.250583696509273,0.495429361816672,0.369286702270839,"bio18",0.879833004001667
"TRAF-type E3 ligase","Protein Processing and Degradation","OG0000042",-0.0401789723972051,0.126543913301835,-0.317510114464134,0.754962511725466,0.77111914103591,0.713898926294887,"bio18",0.983175703358509
"Uncharacterized protein","Uncategorized","OG0000045",-0.181649480031357,0.236916096958962,-0.76672493917888,0.454410159033867,0.197738239965919,-0.00282720004260106,"bio18",0.955202851220679
"mTERF protein","Photosynthesis and Energy","OG0000046",0.13285059000909,0.186869527545533,0.710926986085087,0.487364667686387,0.500881199941314,0.376101499926642,"bio18",0.955202851220679
"LRR receptor kinase","Signaling and Transport","OG0000047",-0.394981923857434,0.238728755359261,-1.65452177414919,0.117502350169192,0.185414976820878,-0.0182312789739028,"bio18",0.715696132848716
"Subtilase protease","Multifunction","OG0000049",0.0559329439547954,0.207531413095358,0.269515554876962,0.790977890286076,0.384405629259899,0.230507036574874,"bio18",0.983175703358509
"TIR-NLR RCC1-FYVE","Defense & Stress response","OG0000054",-0.277454478165888,0.220924369115861,-1.2558799161734,0.227189739654947,0.302387585932721,0.127984482415902,"bio18",0.871815532708697
"ULP SUMO protease","Protein Processing and Degradation","OG0000060",-0.175952548607216,0.233741371435261,-0.75276596319599,0.462523184928553,0.219095133929536,0.02386891741192,"bio18",0.955202851220679
"TIR-NLR receptor","Growth & Reproduction","OG0000065",-0.120814900181457,0.196294145106593,-0.615478877965774,0.546894258145342,0.449266308669233,0.311582885836541,"bio18",0.964260928835208
"Uncharacterized protein","Uncategorized","OG0000075",-0.136126512709078,0.249682094114697,-0.545199339150628,0.593135855286334,0.108950666547573,-0.113811666815534,"bio18",0.983175703358509
"Stress-induced LRR kinase","Growth & Reproduction","OG0000077",-0.0463876319940498,0.240968896458319,-0.192504645519981,0.849769103175006,0.170055729987194,-0.0374303375160074,"bio18",0.983175703358509
"Ta11 non-LTR retroelement","Genetic Information & Regulation","OG0000083",0.418791184070644,0.202318435200826,2.0699605730686,0.0549999463917716,0.41494342004012,0.26867927505015,"bio18",0.548579144197805
"Transmembrane protein","Uncategorized","OG0000086",-0.113995176367851,0.249022809518764,-0.457770019493982,0.653272895887691,0.113650078536977,-0.107937401828779,"bio18",0.983175703358509
"En/Spm transposase","Uncategorized","OG0000087",0.195239810565579,0.21863863175814,0.892979474832951,0.385102600125104,0.316748246240736,0.14593530780092,"bio18",0.945917777104743
"Terpenoid cyclase/prenyltransferase","Biosynthesis & Metabolism","OG0000090",0.0563938989065556,0.223010619081372,0.252875397318989,0.803584673215158,0.289149881787788,0.111437352234735,"bio18",0.983175703358509
"Cysteine-rich receptor kinase","Defense & Stress response","OG0000093",0.019680110400402,0.165886804090491,0.118635780032669,0.907040613884705,0.606675830869609,0.508344788587011,"bio18",0.983175703358509
"MuDR/Mutator transposase","Genetic Information & Regulation","OG0000095",0.0292056984314087,0.257506925120458,0.113417137879871,0.911110768863101,0.0522260246931723,-0.184717469133534,"bio18",0.983175703358509
"C1 domain protein","Multifunction","OG0000096",-0.0571490484913081,0.227993280135568,-0.25066110921044,0.805266560554373,0.257030395158152,0.0712879939476899,"bio18",0.983175703358509
"Ankyrin-repeat protein","Biosynthesis & Metabolism","OG0000103",-0.320396166752903,0.102071604548209,-3.13893534025495,0.00634069047299617,0.851085551625151,0.813856939531439,"bio18",0.306749527022931
"Ubiquitin","Protein Processing and Degradation","OG0000106",0.327014233122898,0.172696842762641,1.89357389452889,0.0765093927921246,0.573719222597595,0.467149028246994,"bio18",0.550037346432053
"ATFDB F-box protein","Multifunction","OG0000107",-0.0371320385533035,0.116960172294616,-0.317475922143566,0.754987974354906,0.804474703964083,0.755593379955104,"bio18",0.983175703358509
"Non-LTR reverse transcriptase","Genetic Information & Regulation","OG0000118",-0.00443826566017784,0.11646971454294,-0.0381066071776242,0.970074099438868,0.806111087177823,0.757638858972279,"bio18",0.988453356098696
"Rossmann enzyme (senescence)","Defense & Stress response","OG0000126",-0.0238768418843106,0.256151876747104,-0.0932136129062365,0.926891100455303,0.0621744990988754,-0.172281876126406,"bio18",0.983175703358509
"LRR receptor-like protein","Signaling and Transport","OG0000141",-0.0131434903542036,0.218626425809765,-0.060118488904174,0.952805781794148,0.31682453196184,0.1460306649523,"bio18",0.983175703358509
"SAUR auxin protein","Signaling and Transport","OG0000142",0.181760014386583,0.2370902453169,0.766627973848684,0.454466211125988,0.196558379933271,-0.00430202508341138,"bio18",0.955202851220679
"F-box/LRR protein","Multifunction","OG0000147",-0.142756402236663,0.157084767536279,-0.908785775194231,0.376949294786414,0.64730841264125,0.559135515801562,"bio18",0.945917777104743
"DOR F-box regulator","Defense & Stress response","OG0000150",0.462424578781222,0.156059245693025,2.96313478081797,0.00915670229919197,0.651898447477404,0.564873059346756,"bio18",0.306749527022931
"WAK-like receptor kinase","Signaling and Transport","OG0000159",0.36388825854597,0.227589120656421,1.59888248390973,0.129404810513159,0.259662157458501,0.0745776968231264,"bio18",0.753340271410626
"CYP71 P450","Defense & Stress response","OG0000164",0.0247242232688535,0.120243151615398,0.20561855653896,0.83968222813559,0.793344173286403,0.741680216608004,"bio18",0.983175703358509
"F-box/kelch DUF295","Multifunction","OG0000166",0.0582312378683517,0.201076973343135,0.289596749444706,0.775843881640106,0.422101413299278,0.277626766624097,"bio18",0.983175703358509
"Autophagy protein","Multifunction","OG0000167",0.389020581797015,0.220182946383988,1.76680614091967,0.096327419099313,0.307062106887767,0.133827633609709,"bio18",0.656539791430233
"Uncharacterized protein","Uncategorized","OG0000170",0.0484878229803932,0.064079751017692,0.756679328654165,0.460239820853038,0.941309395238722,0.926636744048402,"bio18",0.955202851220679
"KUK F-box protein","Multifunction","OG0000182",0.300999891940475,0.219719651050643,1.36992704339903,0.189628628494828,0.309975113063442,0.137468891329302,"bio18",0.871815532708697
"Receptor-like protein","Defense & Stress response","OG0000184",-0.0534669602560999,0.182736642408418,-0.292590252022913,0.773595657492864,0.522714505919156,0.403393132398945,"bio18",0.983175703358509
"Receptor-like kinase","Signaling and Transport","OG0000185",0.0654769820849296,0.161980733476345,0.404226976132884,0.691397703077278,0.624980650865695,0.531225813582118,"bio18",0.983175703358509
"En/Spm transposase-like","Uncategorized","OG0000186",0.0424211021146691,0.1795336918094,0.236284909462592,0.816209839898747,0.539299295487048,0.424124119358809,"bio18",0.983175703358509
"F-box protein","Multifunction","OG0000188",-0.0678882974823101,0.179291237016535,-0.378648162687668,0.709926424499095,0.54054277986756,0.42567847483445,"bio18",0.983175703358509
"Nuclease","Genetic Information & Regulation","OG0000192",0.424820525532744,0.216961772831736,1.95804320728064,0.0678975025609597,0.327188516832838,0.158985646041047,"bio18",0.548579144197805
"CYP72 P450","Multifunction","OG0000196",-0.179727259384204,0.242489202855693,-0.741176338029208,0.469325983155877,0.159550225401635,-0.0505622182479568,"bio18",0.955202851220679
"ECA1 gametogenesis protein","Growth & Reproduction","OG0000199",-0.0443279379906893,0.191558210173127,-0.231407142250005,0.819931906467843,0.475520528266431,0.344400660333039,"bio18",0.983175703358509
"Leaf-shape QTL factor","Defense & Stress response","OG0000200",0.0206220406628693,0.25500833684813,0.0808681038343883,0.936549766922914,0.0705292848688261,-0.161838393913967,"bio18",0.983175703358509
"Receptor-like kinase","Signaling and Transport","OG0000202",0.246573163456115,0.191263828051146,1.28917823076394,0.215663031614515,0.477131304881707,0.346414131102134,"bio18",0.871815532708697
"Uncharacterized DUF577 protein","Uncategorized","OG0000206",-0.096813119537883,0.261995807457845,-0.369521636537867,0.716584005560763,0.018894666445112,-0.22638166694361,"bio18",0.983175703358509
"RRM RNA-binding protein","Genetic Information & Regulation","OG0000207",0.021414906773035,0.137076330055574,0.156226146150491,0.877808948731428,0.731433468437139,0.664291835546424,"bio18",0.983175703358509
"RPP receptor-like protein","Defense & Stress response","OG0000210",0.150433804801633,0.177698109692059,0.846569527736261,0.409718973659257,0.5486716969925,0.435839621240625,"bio18",0.945917777104743
"RNase H-like enzyme","Genetic Information & Regulation","OG0000213",-0.23095247449835,0.195137053582367,-1.1835398262835,0.25388216035869,0.455739971906766,0.319674964883458,"bio18",0.879833004001667
"F-box/LRR protein","Multifunction","OG0000217",-0.23774120197163,0.24488754324405,-0.970817865303592,0.34608737526977,0.142843067447671,-0.0714461656904111,"bio18",0.945917777104743
"F-box DUF295 protein","Multifunction","OG0000220",-0.232185289522881,0.248454307734718,-0.934519073707476,0.363926739736985,0.117692409743071,-0.102884487821162,"bio18",0.945917777104743
"Uncharacterized DUF1204 protein","Uncategorized","OG0000224",-0.0343910415955758,0.182412296338862,-0.188534667266556,0.852828116402722,0.524407305861691,0.405509132327114,"bio18",0.983175703358509
"PR thionin protein","Defense & Stress response","OG0000228",0.148916810653128,0.22760550151956,0.654275971621582,0.522228238314961,0.259555581104777,0.0744444763809716,"bio18",0.955202851220679
"RRM RNA-binding protein","Defense & Stress response","OG0000242",0.178788237677321,0.213162537347937,0.838741365634487,0.413970287456186,0.350545521916231,0.188181902395289,"bio18",0.945917777104743
"Kelch repeat oxidase","Multifunction","OG0000253",-0.050997840834541,0.171805375092316,-0.296834955292513,0.770411308814798,0.57810881881903,0.472636023523787,"bio18",0.983175703358509
"RPA1 ssDNA-binding","Genetic Information & Regulation","OG0000255",-0.289157336781655,0.207660818786023,-1.39245014284378,0.182836891243383,0.383637685266608,0.22954710658326,"bio18",0.871815532708697
"Seed germination F-box","Multifunction","OG0000258",-0.162403667676665,0.157703484100341,-1.02980392984428,0.318418949496349,0.64452461788916,0.55565577236145,"bio18",0.945917777104743
"Pectin lyase","Structural Dynamics","OG0000261",-0.0959140955103062,0.20564616443437,-0.466403522643459,0.647213820581333,0.395539145306237,0.244423931632796,"bio18",0.983175703358509
"Extensin-like protein","Multifunction","OG0000264",-0.382428839263417,0.165414269212907,-2.31194588642886,0.0344267676027685,0.608913437113897,0.511141796392372,"bio18",0.470805531351074
"TNL-WRKY immune receptor","Defense & Stress response","OG0000266",0.273676649598865,0.21538616164301,1.27063246548062,0.222024764429385,0.336925163226718,0.171156454033398,"bio18",0.871815532708697
"C1 domain protein","Defense & Stress response","OG0000269",-0.256084158141661,0.21607788241875,-1.18514748143163,0.253263949852308,0.332659344632434,0.165824180790542,"bio18",0.879833004001667
"UCH deubiquitinase","Multifunction","OG0000271",0.370927928897836,0.233146062936427,1.59096801475468,0.131178654225731,0.223067792321256,0.0288347404015695,"bio18",0.753340271410626
"Uncharacterized protein","Uncategorized","OG0000276",0.122546939166907,0.174708187571902,0.70143787117288,0.493106919183779,0.563731888343059,0.454664860428824,"bio18",0.955202851220679
"Glycoside hydrolase","Defense & Stress response","OG0000297",0.345536350459563,0.144285599864719,2.39480828844691,0.0292195532809713,0.702441108548604,0.628051385685755,"bio18",0.470805531351074
"Kelch repeat oxidase","Multifunction","OG0000299",0.205005774929652,0.196657713341469,1.04244970332635,0.312699292835072,0.447224325152106,0.309030406440132,"bio18",0.945917777104743
"RRM RNA-binding protein","Genetic Information & Regulation","OG0000319",0.181344133682049,0.198008180310599,0.915841625318659,0.373347617927477,0.439606333074119,0.299507916342649,"bio18",0.945917777104743
"TN13 TIR-NLR receptor","Defense & Stress response","OG0000320",0.237545231816073,0.232029884168877,1.02376998836573,0.321174404868019,0.230489057681207,0.0381113221015084,"bio18",0.945917777104743
"F-box protein","Multifunction","OG0000325",0.425607723815312,0.212080439276521,2.0068221532698,0.0619724472698041,0.357122565591657,0.196403206989571,"bio18",0.548579144197805
"C1 domain protein","Defense & Stress response","OG0000329",-0.216498008817087,0.123203170947796,-1.75724380429154,0.0979910136463035,0.78304446986419,0.728805587330237,"bio18",0.656539791430233
"F-box protein","Multifunction","OG0000338",0.218606738491327,0.250215269099844,0.873674653340584,0.395219632774774,0.105141082452613,-0.118573646934234,"bio18",0.945917777104743
"F-box/FBD protein","Multifunction","OG0000339",0.0358459338986072,0.223908829985297,0.16009164935997,0.874812563721013,0.283412225466119,0.104265281832649,"bio18",0.983175703358509
"MYB/SANT protein","Genetic Information & Regulation","OG0000343",-0.112730636268323,0.223660050574714,-0.504026695776255,0.621111967138275,0.285003705777895,0.106254632222369,"bio18",0.983175703358509
"Plastocyanin-like protein","Defense & Stress response","OG0000347",-0.0509292323358876,0.226130533621524,-0.225220502159731,0.824659123991238,0.2691211938153,0.086401492269125,"bio18",0.983175703358509
"LRR receptor-like protein","Signaling and Transport","OG0000348",0.048945805572687,0.230184543803048,0.212637237774602,0.8342953565384,0.242680271069019,0.0533503388362734,"bio18",0.983175703358509
"DUF1163 TM protein","Defense & Stress response","OG0000360",0.306602397375545,0.195737692097267,1.56639426004465,0.136818352849731,0.452384313520982,0.315480391901227,"bio18",0.761965258579732
"F-box protein","Multifunction","OG0000361",0.0926455299934338,0.164550209354645,0.563022863093177,0.581223991300818,0.612988534317727,0.516235667897159,"bio18",0.983175703358509
"RRM RNA-binding protein","Genetic Information & Regulation","OG0000367",0.132879296846179,0.194161173809615,0.684376254216891,0.503530886358787,0.461170045254913,0.326462556568641,"bio18",0.955202851220679
"Cytochrome P450","Multifunction","OG0000372",0.169830272153965,0.236276263714317,0.718778388841075,0.482643511984218,0.202065684195374,0.00258210524421743,"bio18",0.955202851220679
"Kelch repeat oxidase","Multifunction","OG0000382",-0.0162796246217535,0.225733355669858,-0.0721188260965871,0.943401171321167,0.271686384895809,0.0896079811197608,"bio18",0.983175703358509
"DUF1985 TM protease","Genetic Information & Regulation","OG0000384",0.0443743839853446,0.185370361545687,0.23938230262559,0.813848670154159,0.508857465184698,0.386071831480872,"bio18",0.983175703358509
"CCHC zinc knuckle","Genetic Information & Regulation","OG0000385",-0.087427128751086,0.234767605590668,-0.372398604701539,0.714482745873543,0.212223004427515,0.0152787555343932,"bio18",0.983175703358509
"Beta-1,3-glucanase","Defense & Stress response","OG0000386",-0.211803329396154,0.241145013229698,-0.878323489088306,0.392767355402482,0.168842125061963,-0.0389473436725465,"bio18",0.945917777104743
"ATP-binding protein","Photosynthesis and Energy","OG0000388",-0.00401993547508098,0.161349602991879,-0.0249144429272833,0.980431296485866,0.627897356262746,0.534871695328432,"bio18",0.990141215884981
"PAH domain protein","Defense & Stress response","OG0000402",-0.0580498565352239,0.151564619463511,-0.383004006744459,0.706757436853331,0.671660887269365,0.589576109086707,"bio18",0.983175703358509
"DUF295 organellar protein","Uncategorized","OG0000418",0.13264791724292,0.167609849934944,0.79140884198874,0.440280686893949,0.598462576619912,0.49807822077489,"bio18",0.955202851220679
"C1 domain protein","Genetic Information & Regulation","OG0000422",0.108429743864709,0.210490342871806,0.515129304201598,0.613506038645142,0.366726515235487,0.208408144044359,"bio18",0.983175703358509
"CCHC zinc knuckle","Genetic Information & Regulation","OG0000432",0.110431206687293,0.231966138523979,0.476066064598809,0.640462837703889,0.230911815579659,0.0386397694745735,"bio18",0.983175703358509
"Mutator transposase DEK","Genetic Information & Regulation","OG0000434",-0.0245879650419743,0.257954835205035,-0.0953188763545783,0.925245155355145,0.0489260223633573,-0.188842472045803,"bio18",0.983175703358509
"F-box protein","Multifunction","OG0000440",0.155864032479779,0.21183451800847,0.735782033754982,0.472512877848059,0.358612618821653,0.198265773527066,"bio18",0.955202851220679
"Uncharacterized DUF1985 TM protein","Uncategorized","OG0000445",-0.0291256022127942,0.206542578734551,-0.141015002287865,0.889618231788035,0.390257954525307,0.237822443156634,"bio18",0.983175703358509
"OB-fold nucleic protein","Genetic Information & Regulation","OG0000448",0.1476397996418,0.222808171750232,0.662631888597445,0.51699883058666,0.290439904566069,0.113049880707586,"bio18",0.955202851220679
"CCHC zinc knuckle","Genetic Information & Regulation","OG0000452",0.0181782987579852,0.246821193591856,0.0736496671677428,0.942202049609487,0.129253274999342,-0.0884334062508225,"bio18",0.983175703358509
"Callose synthase","Structural Dynamics","OG0000496",-0.214771044761611,0.185258320909815,-1.15930579369854,0.263340974852848,0.509450993638694,0.386813742048368,"bio18",0.897144677041057
"Ceramide synthase","Genetic Information & Regulation","OG0000500",0.216905865240461,0.243264159386217,0.891647441150969,0.385795060176514,0.154169756679419,-0.0572878041507259,"bio18",0.945917777104743
"F-box/FBD protein","Multifunction","OG0000501",-0.0821777270911112,0.209538730427138,-0.39218395054506,0.70009706740706,0.372439544101031,0.215549430126288,"bio18",0.983175703358509
"Uncharacterized protein","Uncategorized","OG0000503",0.290790671005048,0.235226191189399,1.23621723216574,0.23421909833965,0.209142374774548,0.0114279684681848,"bio18",0.871815532708697
"hAT dimerization MYM ZnF","Genetic Information & Regulation","OG0000504",0.225556857799035,0.178743124569912,1.26190508497468,0.225069046764346,0.543347705341711,0.429184631677139,"bio18",0.871815532708697
"Resistance C1 protein","Genetic Information & Regulation","OG0000510",0.0495712840238057,0.150785443846838,0.328753775955711,0.746605477687684,0.675028114079299,0.593785142599123,"bio18",0.983175703358509
"F-box ubiquitination factor","Defense & Stress response","OG0000513",-0.124695737155214,0.208831757462923,-0.59711098862611,0.558789218790094,0.376667114037983,0.220833892547479,"bio18",0.976666373711382
"Dynamin-related protein","Signaling and Transport","OG0000535",-0.00771227592060054,0.230305592682138,-0.0334871412838195,0.973700320933043,0.241883546779086,0.0523544334738582,"bio18",0.988453356098696
"ATFDB F-box/kelch","Genetic Information & Regulation","OG0000546",-0.278623381502193,0.163060490042721,-1.70871178805605,0.106826969163973,0.619964261352624,0.52495532669078,"bio18",0.692652283934147
"GGPP synthase","Biosynthesis & Metabolism","OG0000549",0.25657825570353,0.254036205522291,1.0100066452182,0.327523298551639,0.0776023503212918,-0.152997062098385,"bio18",0.945917777104743
"RT zinc-binding protein","Genetic Information & Regulation","OG0000589",-0.234935655533715,0.207121755261471,-1.13428768135501,0.273382883710532,0.38683354273681,0.233541928421012,"bio18",0.915832660430281
"MUSTANG domesticated TE","Genetic Information & Regulation","OG0000591",-0.736276231017762,0.173246586435315,-4.24987439098933,0.000611352019609731,0.571000954557546,0.463751193196933,"bio18",0.061440877970778
"GCK-domain protein","Signaling and Transport","OG0000594",-0.181160418349169,0.189188898212007,-0.95756368402843,0.352529374332297,0.488414473285208,0.36051809160651,"bio18",0.945917777104743
"RNase H protein","Genetic Information & Regulation","OG0000598",-0.21918707684343,0.248188971525154,-0.883145916986144,0.390234210564645,0.119575920205569,-0.100530099743039,"bio18",0.945917777104743
"SRP-binding P-loop NTPase","Signaling and Transport","OG0000599",0.151397756586831,0.11339893362833,1.33508977326934,0.20053311744272,0.816200259223103,0.770250324028879,"bio18",0.871815532708697
"TIR-NLR receptor","Genetic Information & Regulation","OG0000601",-0.371233690932671,0.221460465350413,-1.67629780035581,0.113106742907984,0.298997818205992,0.12374727275749,"bio18",0.710451728890774
"F-box ubiquitination factor","Multifunction","OG0000605",0.271474177696127,0.218430527833795,1.24283991064973,0.231832868155717,0.318048288250379,0.147560360312973,"bio18",0.871815532708697
"F-box/FBD protein","Multifunction","OG0000606",0.0950370468293499,0.247470261541209,0.384034211777499,0.706008747672316,0.124667632216325,-0.0941654597295933,"bio18",0.983175703358509
"F-box/FBD protein","Protein Processing and Degradation","OG0000618",0.0100293588921726,0.190750097636012,0.0525785256021758,0.95871859630979,0.479936360176328,0.34992045022041,"bio18",0.983175703358509
"Receptor-like protein","Signaling and Transport","OG0000620",-0.157049122950658,0.230071282236887,-0.682610717094868,0.504616800633737,0.243425361199358,0.0542817014991973,"bio18",0.955202851220679
"DUF1985 K-box protein","Uncategorized","OG0000621",0.0444819794638731,0.237508663537319,0.18728571329308,0.853790985499016,0.193720040853833,-0.00784994893270907,"bio18",0.983175703358509
"CLV2-like receptor","Signaling and Transport","OG0000639",-0.255384680849928,0.194538153977453,-1.3127742585628,0.207777901557056,0.45907564710112,0.3238445588764,"bio18",0.871815532708697
"C1 domain protein","Genetic Information & Regulation","OG0000679",-0.114200720464758,0.24237348029206,-0.471176633380624,0.643874938311952,0.160352205811742,-0.0495597427353229,"bio18",0.983175703358509
"S1 self-incompatibility protein","Growth & Reproduction","OG0000692",0.0414545859514193,0.246114699315895,0.168436042490137,0.868351085056726,0.134230944333952,-0.08221131958256,"bio18",0.983175703358509
"S1 self-incompatibility protein","Growth & Reproduction","OG0000712",-0.472302832137472,0.201261581294831,-2.34671132512662,0.0321441546293549,0.421039793502764,0.276299741878455,"bio18",0.470805531351074
"Uncharacterized protein","Uncategorized","OG0000720",0.0142555017395819,0.157227657057897,0.0906679016041844,0.92888185565641,0.646666480849974,0.558333101062467,"bio18",0.983175703358509
"RT/RNase H-like","Genetic Information & Regulation","OG0000724",0.0467962022874934,0.144497772782632,0.32385414242951,0.750243267055724,0.701565340519863,0.626956675649828,"bio18",0.983175703358509
"Cysteine protease","Protein Processing and Degradation","OG0000725",0.0284498659826984,0.143515131968561,0.198236001963409,0.845357266047029,0.705610481845793,0.632013102307242,"bio18",0.983175703358509
"RNase H / thioredoxin","Genetic Information & Regulation","OG0000728",0.117697343811518,0.173498154131891,0.678378074973902,0.507225639494338,0.569754169154596,0.462192711443245,"bio18",0.955202851220679
"F-box protein","Multifunction","OG0000731",-0.184136083686082,0.169105599808848,-1.08888223627263,0.292335568463318,0.591263961203794,0.489079951504743,"bio18",0.945917777104743
"C1 domain protein","Genetic Information & Regulation","OG0000736",-0.0400495394289456,0.248052224378572,-0.161456078570869,0.873755379393908,0.120545844954492,-0.0993176938068852,"bio18",0.983175703358509
"Thionin peptide","Defense & Stress response","OG0000739",0.210574235895798,0.246656318985733,0.853715148112539,0.40586326178788,0.130416190318024,-0.0869797621024702,"bio18",0.945917777104743
"Tryptophan biosynthesis protein","Biosynthesis & Metabolism","OG0000761",0.177238933519334,0.20610674876836,0.859937554585028,0.402525115829517,0.392828499356893,0.241035624196116,"bio18",0.945917777104743
"Cystatin inhibitor","Uncategorized","OG0000817",-0.0768045841768403,0.240770808262177,-0.318994585478184,0.75385732495036,0.171419678550342,-0.0357254018120721,"bio18",0.983175703358509
"Gag-Pol retrotransposon","Genetic Information & Regulation","OG0000822",-0.0262695446575871,0.203185351032844,-0.129288575795707,0.898740646246577,0.409918851193688,0.26239856399211,"bio18",0.983175703358509
"Pectin lyase","Biosynthesis & Metabolism","OG0000846",0.441401039556166,0.227110538291128,1.94355155369472,0.0697536184030782,0.262772500380651,0.0784656254758134,"bio18",0.548579144197805
"RING/U-box E3 ligase","Protein Processing and Degradation","OG0000865",0.229877942479531,0.151163438511979,1.52072448696854,0.147844005396067,0.6733967682002,0.591745960250251,"bio18",0.761965258579732
"Subtilisin protease","Multifunction","OG0000887",-0.440507256451025,0.162935170800587,-2.70357378512312,0.0156569669841282,0.620548185630897,0.525685232038621,"bio18",0.393381295476221
"Uncharacterized DUF1985 protein","Uncategorized","OG0000893",0.141812962953664,0.160156216370089,0.885466491203577,0.389019136146801,0.633381350080524,0.541726687600656,"bio18",0.945917777104743
"REM transcription factor","Growth & Reproduction","OG0000907",0.170860810424866,0.200221609728378,0.853358489409095,0.406055146882839,0.427007614473336,0.28375951809167,"bio18",0.945917777104743
"RING finger E3 ligase","Protein Processing and Degradation","OG0000913",-0.016478737973839,0.108997822722071,-0.151184102235303,0.881720220391974,0.830190259235938,0.787737824044922,"bio18",0.983175703358509
"Uncharacterized protein","Biosynthesis & Metabolism","OG0000929",0.223991652275186,0.179202845138364,1.24993357165864,0.229297960947175,0.540995699666952,0.426244624583691,"bio18",0.871815532708697
"AGL MADS-box TF","Genetic Information & Regulation","OG0000949",0.2100383009574,0.224067064103912,0.937390338010564,0.362493039736792,0.282399056845435,0.102998821056794,"bio18",0.945917777104743
"B3 domain protein","Uncategorized","OG0000962",-0.0376416338673685,0.248794831294198,-0.151295883727012,0.881633473301164,0.115272227012919,-0.105909716233852,"bio18",0.983175703358509
"Cytochrome P450","Biosynthesis & Metabolism","OG0001007",0.171685985630872,0.181807254633968,0.944329674723526,0.359044066667088,0.527557051760477,0.409446314700596,"bio18",0.945917777104743
"C1 domain protein","Multifunction","OG0001038",-0.337629390385207,0.219851758516727,-1.53571384947335,0.144145827197949,0.309145102244384,0.13643137780548,"bio18",0.761965258579732
"Reverse transcriptase","Genetic Information & Regulation","OG0001079",0.131527011887301,0.204402866570742,0.643469507516816,0.529035246753277,0.402825963444463,0.253532454305578,"bio18",0.955202851220679
"Uncharacterized protein","Uncategorized","OG0001115",-0.0943064606225558,0.246771500610885,-0.382161069609333,0.70737026276643,0.129603857896954,-0.087995177628807,"bio18",0.983175703358509
"GRF zinc-finger TM protein","Genetic Information & Regulation","OG0001127",-0.0755810297677576,0.219289961039372,-0.34466251628449,0.734836864286371,0.312671338742226,0.140839173427782,"bio18",0.983175703358509
"NLR resistance protein","Defense & Stress response","OG0001132",-0.0135278371393984,0.246658276865689,-0.0548444484056972,0.956941389074281,0.13040238529997,-0.0869970183750379,"bio18",0.983175703358509
"Uncharacterized protein","Uncategorized","OG0001135",-0.0378608746717621,0.226800769161125,-0.166934507373142,0.869513101615863,0.264782222863614,0.0809777785795174,"bio18",0.983175703358509
"F-box protein","Multifunction","OG0001136",0.0337925312262533,0.222969337713309,0.151556853389874,0.881430956039988,0.28941302754724,0.11176628443405,"bio18",0.983175703358509
"RT / nucleotidyltransferase","Genetic Information & Regulation","OG0001139",0.355795118746934,0.183938674735716,1.93431381006818,0.0709604863141439,0.516414734710061,0.395518418387576,"bio18",0.548579144197805
"Glycoside hydrolase","Defense & Stress response","OG0001188",-0.349876955654638,0.228574428968543,-1.53069158800257,0.145376177719186,0.253237948194599,0.0665474352432494,"bio18",0.761965258579732
"Jacalin lectin","Defense & Stress response","OG0001196",-0.442554570313375,0.200404895357331,-2.20830219503511,0.042161689374723,0.425958084016856,0.28244760502107,"bio18",0.470805531351074
"EIN2-targeting F-box","Multifunction","OG0001262",-0.18523074341703,0.184255537343204,-1.00529268258576,0.329718201943048,0.51474719992436,0.39343399990545,"bio18",0.945917777104743
"Alpha/beta hydrolase","Biosynthesis & Metabolism","OG0001318",0.30924473597935,0.239670301807513,1.29029226252535,0.215285510790407,0.178976857552682,-0.0262789280591473,"bio18",0.871815532708697
"Sarcosine dehydrogenase-like","Uncategorized","OG0001336",0.266125594116515,0.119177966426229,2.2330100277491,0.0401834711931106,0.79698931592191,0.746236644902388,"bio18",0.470805531351074
"F-box ubiquitination factor","Multifunction","OG0001349",0.183218246034278,0.227921477740553,0.803865646408446,0.433256135296362,0.257498291375791,0.0718728642197386,"bio18",0.955202851220679
"Uncharacterized protein","Uncategorized","OG0001363",-0.194496604815944,0.234090256769204,-0.830861598001936,0.41827841325163,0.216762217153444,0.0209527714418045,"bio18",0.945917777104743
"DnaJ chaperone","Defense & Stress response","OG0001392",0.238648419470394,0.177962531528475,1.34100373500367,0.198647361996017,0.547327508795681,0.434159385994601,"bio18",0.871815532708697
"Transmembrane protein","Uncategorized","OG0001398",0.154803165654984,0.159879306004031,0.968250172733932,0.347328908548469,0.634648022611767,0.543310028264709,"bio18",0.945917777104743
"Neprosin-like protease","Uncategorized","OG0001400",0.0310649577858668,0.224186022219785,0.138567772773147,0.891520743431881,0.281636900062987,0.102046125078734,"bio18",0.983175703358509
"Invertase/PMEI inhibitor","Biosynthesis & Metabolism","OG0001401",-0.142439469693212,0.251788741876961,-0.565710240384044,0.579438643469572,0.0938510972160229,-0.132686128479971,"bio18",0.983175703358509
"HARBI1-like nuclease","Genetic Information & Regulation","OG0001408",0.0289109528130548,0.204335527497395,0.14148764616287,0.889250871492565,0.403219368125675,0.254024210157094,"bio18",0.983175703358509
"NYN-domain nuclease","Uncategorized","OG0001411",-0.0688149022989988,0.154350535756504,-0.445835202072494,0.661690230197821,0.659479520787359,0.574349400984198,"bio18",0.983175703358509
"N-myristoyltransferase","Protein Processing and Degradation","OG0001412",-0.504798491914228,0.181268580094701,-2.78480965454964,0.0132499130831114,0.530352495439232,0.41294061929904,"bio18",0.380461789957913
"Mannose-binding lectin","Defense & Stress response","OG0001688",0.310741198395494,0.213272768185614,1.45701301220535,0.164458510631449,0.349873655064126,0.187342068830157,"bio18",0.82640401592303
"MEG embryo factor","Uncategorized","OG0001769",0.0202043551053346,0.157057048591426,0.128643415157349,0.899242978525243,0.647432872526994,0.559291090658742,"bio18",0.983175703358509
"Kelch repeat oxidase","Multifunction","OG0001813",-0.0139603202315387,0.206520683758105,-0.067597685507812,0.946943431456957,0.390387221625516,0.237984027031894,"bio18",0.983175703358509
"F-box protein","Multifunction","OG0001841",0.147119090147073,0.226497732495705,0.649538909401057,0.525206037258761,0.266745612143038,0.0834320151787975,"bio18",0.955202851220679
"Uncharacterized protein","Uncategorized","OG0001893",0.0692539682185561,0.244234827700038,0.283554842979281,0.780387820569571,0.14740625621922,-0.0657421797259756,"bio18",0.983175703358509
"Cysteine-rich peptide","Defense & Stress response","OG0001901",0.287421614196781,0.121483970141796,2.36592213656916,0.03094448649046,0.789057103003085,0.736321378753856,"bio18",0.470805531351074
"Cytochrome b561 reductase","Uncategorized","OG0001911",-0.449546748042631,0.226838853929095,-1.9817890112562,0.0649521045027288,0.264535284111981,0.0806691051399758,"bio18",0.548579144197805
"F-box protein","Multifunction","OG0001918",-0.046507337466466,0.173471739444832,-0.268097487321595,0.792049957408941,0.569885167019148,0.462356458773935,"bio18",0.983175703358509
"F-box/RNI protein","Multifunction","OG0001923",0.00217490619378313,0.135323365198236,0.0160719192180678,0.987375723920684,0.738258533256997,0.672823166571247,"bio18",0.990141215884981
"Defense protein kinase","Signaling and Transport","OG0001927",-0.41512453729101,0.192757089737559,-2.15361488314753,0.0468648452048638,0.468935006564642,0.336168758205803,"bio18",0.495780730851454
"TRAF-like protein","Signaling and Transport","OG0001929",-0.0983100984496642,0.24178498603564,-0.406601336425302,0.689687776437702,0.164424664735524,-0.0444691690805956,"bio18",0.983175703358509
"RRM RNA-binding protein","Genetic Information & Regulation","OG0002178",-0.00247162909232668,0.196927530480796,-0.0125509576354928,0.990141215884981,0.44570645264606,0.307133065807575,"bio18",0.990141215884981
"Defensin-like peptide","Defense & Stress response","OG0002370",-0.0981048707626494,0.171733917522175,-0.571260891139817,0.575760044888635,0.578459693163841,0.473074616454801,"bio18",0.983175703358509
"DUF247 TM protein","Uncategorized","OG0002564",0.452433319435946,0.194770530907561,2.32290438049211,0.0336913769714109,0.457782600861437,0.322228251076796,"bio18",0.470805531351074
"Amino acid transporter","Signaling and Transport","OG0002742",0.168734472740569,0.24557712674291,0.687093602643271,0.501862194889223,0.138008901631849,-0.0774888729601886,"bio18",0.955202851220679
"LRR family protein","Signaling and Transport","OG0002810",-0.0816476855439404,0.132381628314733,-0.616759943077793,0.546069795541662,0.749514615334611,0.686893269168263,"bio18",0.964260928835208
"MATH/coiled-coil protein","Signaling and Transport","OG0002867",-0.474190244231943,0.145399425716557,-3.26129379050186,0.00490307801027997,0.697829310372914,0.622286637966142,"bio18",0.306749527022931
"Defensin-like peptide","Defense & Stress response","OG0002883",-0.527237875161161,0.199466758305381,-2.64323679614809,0.0177118030240225,0.431319924148327,0.289149905185409,"bio18",0.395563600869835
"Beta-galactosidase","Structural Dynamics","OG0002891",-0.072710824454714,0.181529182486899,-0.400546201214572,0.694051872024631,0.529001138887974,0.411251423609967,"bio18",0.983175703358509
"NAC transcription factor","Growth & Reproduction","OG0002892",0.736276231017762,0.173246586435315,4.24987439098933,0.000611352019609731,0.571000954557546,0.463751193196933,"bio18",0.061440877970778
"Kelch repeat oxidase","Multifunction","OG0002893",0.0893347620854379,0.138388122739925,0.645537783999903,0.52772861591557,0.726268618338142,0.657835772922678,"bio18",0.955202851220679
"Thionin peptide","Defense & Stress response","OG0002919",0.0479180367876967,0.150737960786698,0.317889644636385,0.754679899560143,0.675232752267375,0.594040940334218,"bio18",0.983175703358509
"WRKY TF (II-c)","Genetic Information & Regulation","OG0003409",-0.0446815108402639,0.128996043547251,-0.346378924590018,0.733571145756305,0.762162827171073,0.702703533963841,"bio18",0.983175703358509
"Cytochrome P450","Multifunction","OG0003687",0.392722092435063,0.198156695890143,1.98187646736292,0.0649414731182786,0.438765373854486,0.298456717318108,"bio18",0.548579144197805
"Uncharacterized DUF674 protein","Uncategorized","OG0003691",-0.0372642059092579,0.197966929760482,-0.188234499339579,0.853059506107439,0.439839799581411,0.299799749476764,"bio18",0.983175703358509
"Imprinted F-box protein","Multifunction","OG0003767",-0.0656941578531359,0.173359141599848,-0.37894833377044,0.709707865045904,0.570443347687175,0.463054184608969,"bio18",0.983175703358509
"TPR repeat protein","Genetic Information & Regulation","OG0003808",-0.184868147590242,0.155617559625562,-1.18796457183277,0.252183432271028,0.653866085186924,0.567332606483655,"bio18",0.879833004001667
"Cysteine protease","Protein Processing and Degradation","OG0003820",-0.0741701329324452,0.148612690519111,-0.499083440810914,0.624512787900839,0.684326048246819,0.605407560308524,"bio18",0.983175703358509
"F-box protein","Multifunction","OG0004081",0.0528513303967284,0.243263828710624,0.217259305162043,0.830752529070774,0.154172056197995,-0.0572849297525064,"bio18",0.983175703358509
"Serpin inhibitor","Defense & Stress response","OG0004132",0.0559353201086813,0.232133346598076,0.240962020013134,0.812645149883117,0.229802652807162,0.0372533160089531,"bio18",0.983175703358509
"F-box protein","Multifunction","OG0004303",0.216979872372846,0.207735565951845,1.04450035495195,0.311778814920076,0.383193888231953,0.228992360289941,"bio18",0.945917777104743
"F-box protein","Multifunction","OG0004694",0.102786107838121,0.149786733303887,0.686216366235779,0.502400544528784,0.679318687766127,0.599148359707658,"bio18",0.955202851220679
"Defensin-like peptide","Defense & Stress response","OG0004872",0.194881834399687,0.139229212162479,1.39971943655231,0.180687484518155,0.722931161134378,0.653663951417973,"bio18",0.871815532708697
"F-box protein","Multifunction","OG0005764",0.18523074341703,0.184255537343204,1.00529268258576,0.329718201943047,0.51474719992436,0.393433999905451,"bio18",0.945917777104743
"F-box/FBD protein","Multifunction","OG0000009",-0.265035471127949,0.178223456139581,-1.48709646232187,0.156430104859017,0.658033801012516,0.572542251265644,"soc_0_5cm",0.949694841119713
"TRAF-MATH deubiquitinase","Signaling and Transport","OG0000012",0.113692085190046,0.281202004336933,0.404307520702524,0.691339669507002,0.148685006557798,-0.064143741802752,"soc_0_5cm",0.994613985979204
"Non-LTR reverse transcriptase","Genetic Information & Regulation","OG0000015",0.115697819983352,0.202282904081247,0.57196044573733,0.575297285969087,0.559473723372402,0.449342154215502,"soc_0_5cm",0.994613985979204
"PPR/TPR repeat protein","Defense & Stress response","OG0000016",0.28950830635504,0.271829414911375,1.06503671226835,0.302668543252483,0.204488688759322,0.00561086094915197,"soc_0_5cm",0.973422887403201
"Auxin-response F-box","Multifunction","OG0000022",0.19759031503416,0.237005843359842,0.8336938542657,0.416726605121828,0.395256003354508,0.244070004193135,"soc_0_5cm",0.994613985979204
"CC-NLR receptor","Multifunction","OG0000024",0.310426736473131,0.255278635852334,1.21603100642036,0.241610072838181,0.298411600779966,0.123014500974957,"soc_0_5cm",0.973422887403201
"Cytochrome P450","Multifunction","OG0000027",0.0896556605914775,0.23043242763627,0.389075710876058,0.702349407597869,0.428336256528883,0.285420320661104,"soc_0_5cm",0.994613985979204
"F-box ubiquitination factor","Multifunction","OG0000029",-0.0926696298347953,0.225097743605979,-0.411686178414157,0.686031708271835,0.454498760486707,0.318123450608384,"soc_0_5cm",0.994613985979204
"Serine carboxypeptidase","Protein Processing and Degradation","OG0000030",-0.182285132446647,0.298343266674664,-0.610991273503162,0.549787690669447,0.0417343077616521,-0.197832115297935,"soc_0_5cm",0.994613985979204
"FRIGIDA-like flowering regulator","Genetic Information & Regulation","OG0000038",0.236605894647938,0.2696845260683,0.87734323543656,0.393283600228643,0.216993233663694,0.0212415420796179,"soc_0_5cm",0.994613985979204
"Glycosyltransferase","Biosynthesis & Metabolism","OG0000039",-0.0191248945883951,0.151083675346605,-0.126584785182914,0.900846155216263,0.754252821168571,0.692816026460714,"soc_0_5cm",0.994613985979204
"DUF295 protein","Signaling and Transport","OG0000040",0.0704722244394709,0.225210579128302,0.312917025089318,0.758385535323753,0.453951732840201,0.317439666050251,"soc_0_5cm",0.994613985979204
"TRAF-type E3 ligase","Protein Processing and Degradation","OG0000042",-0.192743167190898,0.138100425270798,-1.39567395837451,0.181881113966078,0.794674215698154,0.743342769622693,"soc_0_5cm",0.949694841119713
"Uncharacterized protein","Uncategorized","OG0000045",-0.0292804079872649,0.277853541489313,-0.105380726228358,0.917383538198928,0.168838665425505,-0.0389516682181188,"soc_0_5cm",0.994613985979204
"mTERF protein","Photosynthesis and Energy","OG0000046",0.129098106174194,0.216295114984088,0.596860942438256,0.558952093930907,0.496329076006366,0.370411345007958,"soc_0_5cm",0.994613985979204
"LRR receptor kinase","Signaling and Transport","OG0000047",0.200158377469671,0.293435020532362,0.68212164010463,0.504917852365911,0.0730050953055921,-0.15874363086801,"soc_0_5cm",0.994613985979204
"Subtilase protease","Multifunction","OG0000049",-0.604428302854275,0.186026479880639,-3.24915196611847,0.00502998010400481,0.627434192448977,0.534292740561222,"soc_0_5cm",0.775653823868585
"TIR-NLR RCC1-FYVE","Defense & Stress response","OG0000054",0.144368189082535,0.264353598854238,0.546117736653694,0.592519081884957,0.247643092157541,0.0595538651969267,"soc_0_5cm",0.994613985979204
"ULP SUMO protease","Protein Processing and Degradation","OG0000060",0.375700656494014,0.257451852875784,1.45930453518733,0.163835221201677,0.286415345479896,0.10801918184987,"soc_0_5cm",0.949694841119713
"TIR-NLR receptor","Growth & Reproduction","OG0000065",0.0625079965438172,0.228302319057447,0.273794838361184,0.787745362781331,0.438856283101497,0.298570353876871,"soc_0_5cm",0.994613985979204
"Uncharacterized protein","Uncategorized","OG0000075",-0.0744701746298286,0.289752085338715,-0.257013420775814,0.800444268136513,0.0961286953311177,-0.129839130836103,"soc_0_5cm",0.994613985979204
"Stress-induced LRR kinase","Growth & Reproduction","OG0000077",0.168402169190833,0.274764693455588,0.612895954982124,0.548558616716227,0.187215690678971,-0.0159803866512858,"soc_0_5cm",0.994613985979204
"Ta11 non-LTR retroelement","Genetic Information & Regulation","OG0000083",-0.198001056952459,0.257770617712395,-0.768128884159237,0.453599068704956,0.284647197284778,0.105808996605973,"soc_0_5cm",0.994613985979204
"Transmembrane protein","Uncategorized","OG0000086",-0.0507932011867651,0.28852350724517,-0.176045278499973,0.862467253588432,0.103777456283461,-0.120278179645674,"soc_0_5cm",0.994613985979204
"En/Spm transposase","Uncategorized","OG0000087",-0.280312115747697,0.248427018906257,-1.12834794291627,0.275808655269727,0.335567122149431,0.169458902686789,"soc_0_5cm",0.973422887403201
"Terpenoid cyclase/prenyltransferase","Biosynthesis & Metabolism","OG0000090",0.1886879073373,0.253112919544434,0.745469285712124,0.46679908966571,0.310265284996743,0.137831606245928,"soc_0_5cm",0.994613985979204
"Cysteine-rich receptor kinase","Defense & Stress response","OG0000093",0.0649379157226044,0.190532345837599,0.340823577420048,0.737670639348035,0.609167304809676,0.511459131012095,"soc_0_5cm",0.994613985979204
"MuDR/Mutator transposase","Genetic Information & Regulation","OG0000095",0.197898550894187,0.292672540834019,0.676177376703132,0.508585128730741,0.0778163579720961,-0.15272955253488,"soc_0_5cm",0.994613985979204
"C1 domain protein","Multifunction","OG0000096",-0.267804571179197,0.254557320731473,-1.05204034364307,0.308411170453341,0.302370814593399,0.127963518241749,"soc_0_5cm",0.973422887403201
"Ankyrin-repeat protein","Biosynthesis & Metabolism","OG0000103",-0.0565627485390286,0.148828100905306,-0.380054224941144,0.708902873696193,0.761535717739048,0.70191964717381,"soc_0_5cm",0.994613985979204
"Ubiquitin","Protein Processing and Degradation","OG0000106",0.043060399212074,0.219892300188856,0.195824952374827,0.847212585722109,0.47943675257183,0.349295940714788,"soc_0_5cm",0.994613985979204
"ATFDB F-box protein","Multifunction","OG0000107",-0.0700816421851332,0.134047935166968,-0.522810307356398,0.608270594436728,0.806547780962041,0.758184726202551,"soc_0_5cm",0.994613985979204
"Non-LTR reverse transcriptase","Genetic Information & Regulation","OG0000118",0.150415546850122,0.128829319255844,1.16755679311951,0.260090999842238,0.821317145257223,0.776646431571529,"soc_0_5cm",0.973422887403201
"Rossmann enzyme (senescence)","Defense & Stress response","OG0000126",-0.366196820650426,0.280670913130547,-1.30471952567489,0.210443442422965,0.151897636246699,-0.0601279546916258,"soc_0_5cm",0.949694841119713
"LRR receptor-like protein","Signaling and Transport","OG0000141",0.265731023206136,0.24301834550087,1.09346075358407,0.29038159896024,0.364183816137876,0.205229770172345,"soc_0_5cm",0.973422887403201
"SAUR auxin protein","Signaling and Transport","OG0000142",0.161470919526714,0.275208185608943,0.586722808296685,0.565577084698606,0.184589775628375,-0.0192627804645316,"soc_0_5cm",0.994613985979204
"F-box/LRR protein","Multifunction","OG0000147",0.00813431164963728,0.185598219354752,0.0438275306622925,0.965584196802028,0.629147621299323,0.536434526624154,"soc_0_5cm",0.994613985979204
"DOR F-box regulator","Defense & Stress response","OG0000150",-0.361616371836952,0.204704475034606,-1.76652890356119,0.0963753006346364,0.548863327226282,0.436079159032853,"soc_0_5cm",0.949694841119713
"WAK-like receptor kinase","Signaling and Transport","OG0000159",-0.128991439888141,0.280559748301669,-0.459764597983044,0.651870833113214,0.152569315991479,-0.0592883550106516,"soc_0_5cm",0.994613985979204
"CYP71 P450","Defense & Stress response","OG0000164",0.179976331599534,0.131230802452028,1.37144883850974,0.189163405064062,0.81459346934164,0.76824183667705,"soc_0_5cm",0.949694841119713
"F-box/kelch DUF295","Multifunction","OG0000166",0.336585959423295,0.216515493010908,1.5545583123991,0.139607048050606,0.495302196124796,0.369127745155996,"soc_0_5cm",0.949694841119713
"Autophagy protein","Multifunction","OG0000167",-0.526220361049334,0.244160409413641,-2.15522394606508,0.0467198188809805,0.358193741850274,0.197742177312843,"soc_0_5cm",0.949694841119713
"Uncharacterized protein","Uncategorized","OG0000170",0.0422980625725544,0.0743959084868993,0.568553613133212,0.577552736699765,0.94041299439935,0.925516242999187,"soc_0_5cm",0.994613985979204
"KUK F-box protein","Multifunction","OG0000182",-0.111155706883867,0.266155216097747,-0.417634899340257,0.681764707523552,0.237353252842467,0.0466915660530838,"soc_0_5cm",0.994613985979204
"Receptor-like protein","Defense & Stress response","OG0000184",-0.107863969220013,0.209386726736021,-0.515142344032147,0.613497132125857,0.527989397466663,0.409986746833329,"soc_0_5cm",0.994613985979204
"Receptor-like kinase","Signaling and Transport","OG0000185",-0.133724161966925,0.184585624900105,-0.724455991842782,0.479246520562438,0.633183205976016,0.54147900747002,"soc_0_5cm",0.994613985979204
"En/Spm transposase-like","Uncategorized","OG0000186",-0.264422986041744,0.196396612047761,-1.34637244138122,0.196947793865007,0.584738716573766,0.480923395717207,"soc_0_5cm",0.949694841119713
"F-box protein","Multifunction","OG0000188",0.13393289027233,0.204787875788556,0.654007908215312,0.522396493394687,0.548495647885031,0.435619559856289,"soc_0_5cm",0.994613985979204
"Nuclease","Genetic Information & Regulation","OG0000192",-0.374224604456471,0.262138128208974,-1.42758555198861,0.172637802410988,0.260200818361705,0.0752510229521312,"soc_0_5cm",0.949694841119713
"CYP72 P450","Multifunction","OG0000196",0.196346137784961,0.279885957171107,0.701521933324171,0.493055875840501,0.156634800345219,-0.0542064995684766,"soc_0_5cm",0.994613985979204
"ECA1 gametogenesis protein","Growth & Reproduction","OG0000199",0.191341550357326,0.215849957330936,0.886456280665209,0.38850164160428,0.498400155973184,0.37300019496648,"soc_0_5cm",0.994613985979204
"Leaf-shape QTL factor","Defense & Stress response","OG0000200",0.103011106904298,0.292756142704413,0.351866594335837,0.729529752757409,0.077289439468771,-0.153388200664036,"soc_0_5cm",0.994613985979204
"Receptor-like kinase","Signaling and Transport","OG0000202",-0.17369927664132,0.227433208587053,-0.763737528571314,0.456139031440717,0.443120520027302,0.303900650034127,"soc_0_5cm",0.994613985979204
"Uncharacterized DUF577 protein","Uncategorized","OG0000206",-0.404278719543067,0.285819535644511,-1.41445446908111,0.176393671783034,0.120497097325301,-0.0993786283433744,"soc_0_5cm",0.949694841119713
"RRM RNA-binding protein","Genetic Information & Regulation","OG0000207",-0.019484895415809,0.157987914458664,-0.123331556610345,0.903380537777609,0.731279257502573,0.664099071878216,"soc_0_5cm",0.994613985979204
"RPP receptor-like protein","Defense & Stress response","OG0000210",0.336076063826335,0.191677607714631,1.75334024580839,0.0986773236815987,0.604454708317326,0.505568385396658,"soc_0_5cm",0.949694841119713
"RNase H-like enzyme","Genetic Information & Regulation","OG0000213",0.0738909474839721,0.233748439556874,0.316113115552985,0.756003078143014,0.41176494899353,0.264706186241913,"soc_0_5cm",0.994613985979204
"F-box/LRR protein","Multifunction","OG0000217",-0.075753831531478,0.289738535949284,-0.26145583735792,0.797076787549394,0.0962132270296056,-0.129733466212993,"soc_0_5cm",0.994613985979204
"F-box DUF295 protein","Multifunction","OG0000220",0.149164904265334,0.291609212388526,0.511523291886245,0.615971427871549,0.0845050810239507,-0.144368648720062,"soc_0_5cm",0.994613985979204
"Uncharacterized DUF1204 protein","Uncategorized","OG0000224",0.465111865324178,0.17536561454549,2.65224095686973,0.0173895091716616,0.668912837766244,0.586141047207805,"soc_0_5cm",0.873822835875997
"PR thionin protein","Defense & Stress response","OG0000228",0.299623348983193,0.254961849795895,1.17516934091532,0.257119565756527,0.300151781815128,0.12518972726891,"soc_0_5cm",0.973422887403201
"RRM RNA-binding protein","Defense & Stress response","OG0000242",0.198475344399694,0.245998041789185,0.8068167655163,0.43160242203935,0.348496491958696,0.18562061494837,"soc_0_5cm",0.994613985979204
"Kelch repeat oxidase","Multifunction","OG0000253",-0.00267202901830523,0.19850139849977,-0.01346100852941,0.989426414730791,0.57579029483991,0.469737868549888,"soc_0_5cm",0.994613985979204
"RPA1 ssDNA-binding","Genetic Information & Regulation","OG0000255",-0.0155143383513277,0.253325282808722,-0.0612427554775184,0.951924370846068,0.309107416309116,0.136384270386395,"soc_0_5cm",0.994613985979204
"Seed germination F-box","Multifunction","OG0000258",-0.27998360013232,0.174090409316764,-1.60826550544137,0.127328299563109,0.673710460286772,0.592138075358464,"soc_0_5cm",0.949694841119713
"Pectin lyase","Structural Dynamics","OG0000261",0.0964146467307143,0.237334835664883,0.406238917521791,0.689948665145103,0.393575924872258,0.241969906090322,"soc_0_5cm",0.994613985979204
"Extensin-like protein","Multifunction","OG0000264",-0.147094454114752,0.217046713653965,-0.677708736697403,0.507638904112345,0.492822606447211,0.366028258059014,"soc_0_5cm",0.994613985979204
"TNL-WRKY immune receptor","Defense & Stress response","OG0000266",-0.461921207597759,0.233385878026958,-1.97921661543036,0.0652655153754537,0.413588328010747,0.266985410013434,"soc_0_5cm",0.949694841119713
"C1 domain protein","Defense & Stress response","OG0000269",0.0868775030931594,0.258758276709742,0.335747726402633,0.741423463334906,0.279154886503748,0.0989436081296848,"soc_0_5cm",0.994613985979204
"UCH deubiquitinase","Multifunction","OG0000271",0.0645961020129721,0.288654127719962,0.223783746046549,0.825757956219422,0.10296579615804,-0.12129275480245,"soc_0_5cm",0.994613985979204
"Uncharacterized protein","Uncategorized","OG0000276",0.0341247674700285,0.204196443304035,0.167117345032396,0.86937158959079,0.551099793651024,0.43887474206378,"soc_0_5cm",0.994613985979204
"Glycoside hydrolase","Defense & Stress response","OG0000297",-0.199237514218972,0.187256021708632,-1.0639845512097,0.303130538234463,0.62249297008822,0.528116212610276,"soc_0_5cm",0.973422887403201
"Kelch repeat oxidase","Multifunction","OG0000299",0.0174616685027554,0.234121540566652,0.0745837758477598,0.94147042414901,0.409885610265633,0.262357012832041,"soc_0_5cm",0.994613985979204
"RRM RNA-binding protein","Genetic Information & Regulation","OG0000319",-0.0915957892129059,0.23293056553069,-0.39323215913816,0.699338148618418,0.415874157117276,0.269842696396595,"soc_0_5cm",0.994613985979204
"TN13 TIR-NLR receptor","Defense & Stress response","OG0000320",-0.0424172675871646,0.275764190159578,-0.153817170977199,0.879677265069077,0.181291692258526,-0.0233853846768424,"soc_0_5cm",0.994613985979204
"F-box protein","Multifunction","OG0000325",-0.564670466371732,0.234128115228589,-2.41180118765497,0.0282475451007618,0.409852466308999,0.262315582886249,"soc_0_5cm",0.949694841119713
"C1 domain protein","Defense & Stress response","OG0000329",-0.0757263470930135,0.153892050432916,-0.492074456607646,0.629349823637941,0.745031909883508,0.681289887354385,"soc_0_5cm",0.994613985979204
"F-box protein","Multifunction","OG0000338",0.496449820144783,0.267732317068504,1.85427678503883,0.0822256159909809,0.228288358691224,0.0353604483640295,"soc_0_5cm",0.949694841119713
"F-box/FBD protein","Multifunction","OG0000339",0.27860134664644,0.248627937390612,1.12055527456167,0.279015509726561,0.334491950608182,0.168114938260228,"soc_0_5cm",0.973422887403201
"MYB/SANT protein","Genetic Information & Regulation","OG0000343",-0.458640728419462,0.233066723067507,-1.96785161941208,0.0666665856561969,0.415191066162866,0.268988832703582,"soc_0_5cm",0.949694841119713
"Plastocyanin-like protein","Defense & Stress response","OG0000347",-0.0263197739712143,0.260882644605347,-0.100887408631685,0.920893255067553,0.267270232788882,0.0840877909861024,"soc_0_5cm",0.994613985979204
"LRR receptor-like protein","Signaling and Transport","OG0000348",-0.366453233278767,0.249298184936765,-1.46993943566704,0.160968033689945,0.330898980516528,0.16362372564566,"soc_0_5cm",0.949694841119713
"DUF1163 TM protein","Defense & Stress response","OG0000360",0.297714074551411,0.230490716238649,1.29165321454058,0.214825022294303,0.428047011691553,0.285058764614441,"soc_0_5cm",0.949694841119713
"F-box protein","Multifunction","OG0000361",-0.319236962000024,0.174041159066406,-1.83426129607778,0.085280480986827,0.673895049070275,0.592368811337843,"soc_0_5cm",0.949694841119713
"RRM RNA-binding protein","Genetic Information & Regulation","OG0000367",0.108911282403422,0.225328824837126,0.483343764305989,0.635399488588253,0.453378182386465,0.316722727983081,"soc_0_5cm",0.994613985979204
"Cytochrome P450","Multifunction","OG0000372",0.521529598737113,0.24394660890944,2.13788419141632,0.0483046611527236,0.359317252609659,0.199146565762074,"soc_0_5cm",0.949694841119713
"Kelch repeat oxidase","Multifunction","OG0000382",-0.314998956815708,0.247931499619871,-1.27050801249,0.222067947923515,0.338215070445045,0.172768838056306,"soc_0_5cm",0.949694841119713
"DUF1985 TM protease","Genetic Information & Regulation","OG0000384",-0.113599093777576,0.212077143752986,-0.535649866681951,0.599568076642281,0.515781709756415,0.394727137195519,"soc_0_5cm",0.994613985979204
"CCHC zinc knuckle","Genetic Information & Regulation","OG0000385",-0.012249998229677,0.271657278923851,-0.0450935762818666,0.964590733364385,0.205495884892146,0.00686985611518254,"soc_0_5cm",0.994613985979204
"Beta-1,3-glucanase","Defense & Stress response","OG0000386",0.0525268690885994,0.284169303780724,0.184843571736134,0.85567441972928,0.130623723520336,-0.0867203455995802,"soc_0_5cm",0.994613985979204
"ATP-binding protein","Photosynthesis and Energy","OG0000388",-0.0455644022208112,0.185565120280773,-0.24554400175997,0.809157084130301,0.629279883083162,0.536599853853952,"soc_0_5cm",0.994613985979204
"PAH domain protein","Defense & Stress response","OG0000402",-0.0135626062471873,0.175402283656468,-0.0773228601387548,0.939325395458197,0.668774362030967,0.585967952538709,"soc_0_5cm",0.994613985979204
"DUF295 organellar protein","Uncategorized","OG0000418",0.36196312438948,0.174837951679187,2.07027776814529,0.0549667992784655,0.670902276434948,0.588627845543685,"soc_0_5cm",0.949694841119713
"C1 domain protein","Genetic Information & Regulation","OG0000422",0.183871453173851,0.24017544537595,0.765571405045318,0.455077251446507,0.378972734309815,0.223715917887268,"soc_0_5cm",0.994613985979204
"CCHC zinc knuckle","Genetic Information & Regulation","OG0000432",-0.0911658559085822,0.268196497737772,-0.339921873244293,0.738336815934203,0.225610130255077,0.0320126628188466,"soc_0_5cm",0.994613985979204
"Mutator transposase DEK","Genetic Information & Regulation","OG0000434",0.137203006270134,0.295320713944328,0.464589850260211,0.64848456752396,0.0610525694327081,-0.173684288209115,"soc_0_5cm",0.994613985979204
"F-box protein","Multifunction","OG0000440",-0.00683425154888007,0.248169839140312,-0.0275386065146139,0.978370710754762,0.33694209531589,0.171177619144862,"soc_0_5cm",0.994613985979204
"Uncharacterized DUF1985 TM protein","Uncategorized","OG0000445",0.0411629790352777,0.237908604112185,0.1730201359841,0.864805460155789,0.390640261522462,0.238300326903078,"soc_0_5cm",0.994613985979204
"OB-fold nucleic protein","Genetic Information & Regulation","OG0000448",0.198809506400954,0.25543293205423,0.778323706352577,0.447736195815567,0.297563232564241,0.121954040705302,"soc_0_5cm",0.994613985979204
"CCHC zinc knuckle","Genetic Information & Regulation","OG0000452",-0.081824400369303,0.283704873239843,-0.288413799293919,0.776732887393221,0.133463122030154,-0.0831710974623079,"soc_0_5cm",0.994613985979204
"Callose synthase","Structural Dynamics","OG0000496",0.198850222964363,0.216612133614367,0.91800131251361,0.372249881024094,0.494851556914319,0.368564446142899,"soc_0_5cm",0.994613985979204
"Ceramide synthase","Genetic Information & Regulation","OG0000500",-0.0949180421257019,0.286192072281519,-0.331658530472269,0.744451721495178,0.118202918376796,-0.102246352029005,"soc_0_5cm",0.994613985979204
"F-box/FBD protein","Multifunction","OG0000501",0.0507747718680759,0.242260819175892,0.209587221081801,0.836635228976497,0.368141515798038,0.210176894747547,"soc_0_5cm",0.994613985979204
"Uncharacterized protein","Uncategorized","OG0000503",0.516537563136936,0.252585991599767,2.04499687360102,0.0576665797063503,0.313134061454311,0.141417576817889,"soc_0_5cm",0.949694841119713
"hAT dimerization MYM ZnF","Genetic Information & Regulation","OG0000504",-0.348881144060358,0.197561007576671,-1.76594130764879,0.0964768529981899,0.57980012066458,0.474750150830725,"soc_0_5cm",0.949694841119713
"Resistance C1 protein","Genetic Information & Regulation","OG0000510",0.00979186329503976,0.174307159784292,0.0561759098545199,0.955897206825815,0.672897463896112,0.59112182987014,"soc_0_5cm",0.994613985979204
"F-box ubiquitination factor","Defense & Stress response","OG0000513",0.113518704914083,0.241626148468783,0.469811341336466,0.644829186218094,0.371447843061174,0.214309803826467,"soc_0_5cm",0.994613985979204
"Dynamin-related protein","Signaling and Transport","OG0000535",0.0615740579981844,0.264925983713148,0.232419852274115,0.819158771083977,0.244381521911921,0.0554769023899017,"soc_0_5cm",0.994613985979204
"ATFDB F-box/kelch","Genetic Information & Regulation","OG0000546",0.164406580424668,0.200129648152566,0.821500372095469,0.423433958358631,0.568802412680032,0.461003015850039,"soc_0_5cm",0.994613985979204
"GGPP synthase","Biosynthesis & Metabolism","OG0000549",0.459584915088646,0.279174628216825,1.64622737397075,0.119214844196952,0.160916170923112,-0.0488547863461104,"soc_0_5cm",0.949694841119713
"RT zinc-binding protein","Genetic Information & Regulation","OG0000589",-0.279349752788257,0.238026627307025,-1.17360715458078,0.257727225936241,0.390035521544087,0.237544401930109,"soc_0_5cm",0.973422887403201
"MUSTANG domesticated TE","Genetic Information & Regulation","OG0000591",0.173259827510857,0.28801579224833,0.601563637043453,0.55589308951046,0.106928847834548,-0.116338940206815,"soc_0_5cm",0.994613985979204
"GCK-domain protein","Signaling and Transport","OG0000594",0.264999863254003,0.21413283744641,1.23754892717155,0.233737746886885,0.506349021576125,0.382936276970156,"soc_0_5cm",0.973422887403201
"RNase H protein","Genetic Information & Regulation","OG0000598",-0.304886414117323,0.282763259702767,-1.0782391405369,0.296915060768171,0.139205630379947,-0.0759929620250663,"soc_0_5cm",0.973422887403201
"SRP-binding P-loop NTPase","Signaling and Transport","OG0000599",-0.323854131902163,0.111441031380838,-2.90605827933721,0.0103105235404465,0.866296214292711,0.832870267865889,"soc_0_5cm",0.775653823868585
"TIR-NLR receptor","Genetic Information & Regulation","OG0000601",0.382712628936051,0.259603043284323,1.47422242857491,0.159825117602425,0.274440526244374,0.093050657805467,"soc_0_5cm",0.949694841119713
"F-box ubiquitination factor","Multifunction","OG0000605",-0.39449771341881,0.244400582870592,-1.61414391400079,0.126041896840099,0.356930468726158,0.196163085907698,"soc_0_5cm",0.949694841119713
"F-box/FBD protein","Multifunction","OG0000606",0.265456604483839,0.278658697593543,0.952622712932644,0.354952016242371,0.164014654659923,-0.0449816816750963,"soc_0_5cm",0.994613985979204
"F-box/FBD protein","Protein Processing and Degradation","OG0000618",-0.050792040281504,0.219438657671869,-0.23146350246753,0.819888874216518,0.481582403244931,0.351978004056163,"soc_0_5cm",0.994613985979204
"Receptor-like protein","Signaling and Transport","OG0000620",0.250935357339027,0.26150643533458,0.959576222351745,0.35154588626592,0.263762015662784,0.0797025195784802,"soc_0_5cm",0.994613985979204
"DUF1985 K-box protein","Uncategorized","OG0000621",0.110293356346624,0.272571771101847,0.404639687744527,0.69110035917633,0.200137731114368,0.000172163892959487,"soc_0_5cm",0.994613985979204
"CLV2-like receptor","Signaling and Transport","OG0000639",-0.305589835334644,0.223201961452478,-1.36911805499392,0.189876317700502,0.463648533962728,0.32956066745341,"soc_0_5cm",0.949694841119713
"C1 domain protein","Genetic Information & Regulation","OG0000679",0.451710683080534,0.257527391821253,1.75402965830548,0.0985558088021615,0.285996538315715,0.107495672894644,"soc_0_5cm",0.949694841119713
"S1 self-incompatibility protein","Growth & Reproduction","OG0000692",-0.452185082588357,0.260346441526086,-1.73685908644559,0.101621505242091,0.27027915808056,0.0878489476006998,"soc_0_5cm",0.949694841119713
"S1 self-incompatibility protein","Growth & Reproduction","OG0000712",-0.0836286524674047,0.26804705646979,-0.311992429869604,0.759075225530653,0.226472882478492,0.0330911030981145,"soc_0_5cm",0.994613985979204
"Uncharacterized protein","Uncategorized","OG0000720",0.0746750241529367,0.18024371304048,0.414300298708149,0.684155244716344,0.650237125790312,0.56279640723789,"soc_0_5cm",0.994613985979204
"RT/RNase H-like","Genetic Information & Regulation","OG0000724",-0.0261767118365845,0.166910294441498,-0.156831020663974,0.877339946056171,0.700070139842062,0.625087674802578,"soc_0_5cm",0.994613985979204
"Cysteine protease","Protein Processing and Degradation","OG0000725",-0.124366135283446,0.162618903026973,-0.764770472365186,0.455540788683042,0.71529472568178,0.644118407102225,"soc_0_5cm",0.994613985979204
"RNase H / thioredoxin","Genetic Information & Regulation","OG0000728",0.0313034963431196,0.20261211481838,0.15449962787852,0.879147900458252,0.558038663952778,0.447548329940972,"soc_0_5cm",0.994613985979204
"F-box protein","Multifunction","OG0000731",0.0130142283713711,0.201911722859559,0.0644550409805735,0.949406338386184,0.561088937079118,0.451361171348898,"soc_0_5cm",0.994613985979204
"C1 domain protein","Genetic Information & Regulation","OG0000736",-0.00196130539537509,0.28604392943154,-0.00685665799401102,0.994613985979204,0.119115579038184,-0.10110552620227,"soc_0_5cm",0.994613985979204
"Thionin peptide","Defense & Stress response","OG0000739",0.296370085286227,0.281000103046829,1.05469742563346,0.307230720213163,0.149907045432714,-0.0626161932091069,"soc_0_5cm",0.973422887403201
"Tryptophan biosynthesis protein","Biosynthesis & Metabolism","OG0000761",-0.0961388535859081,0.241715050843274,-0.3977363149316,0.696080826583265,0.370985227076761,0.213731533845951,"soc_0_5cm",0.994613985979204
"Cystatin inhibitor","Uncategorized","OG0000817",0.397306365987725,0.259974138606254,1.52825341827353,0.145976648543657,0.272364709512738,0.0904558868909225,"soc_0_5cm",0.949694841119713
"Gag-Pol retrotransposon","Genetic Information & Regulation","OG0000822",0.00294466255900162,0.23423605013762,0.0125713465423941,0.990125201283081,0.409308215544145,0.261635269430182,"soc_0_5cm",0.994613985979204
"Pectin lyase","Biosynthesis & Metabolism","OG0000846",0.114696944229292,0.28952024439263,0.396162086937681,0.697218584759505,0.0975745557963736,-0.128031805254533,"soc_0_5cm",0.994613985979204
"RING/U-box E3 ligase","Protein Processing and Degradation","OG0000865",0.139542404345895,0.183042033159582,0.762351695603365,0.456942414771614,0.639292542976919,0.549115678721149,"soc_0_5cm",0.994613985979204
"Subtilisin protease","Multifunction","OG0000887",0.170574493821191,0.222549393852441,0.766456789068088,0.454565177177762,0.466780172567304,0.33347521570913,"soc_0_5cm",0.994613985979204
"Uncharacterized DUF1985 protein","Uncategorized","OG0000893",0.188539948416242,0.183031332200977,1.03009657499087,0.318285742973579,0.639334716926486,0.549168396158108,"soc_0_5cm",0.984237451349067
"REM transcription factor","Growth & Reproduction","OG0000907",-0.24387893652049,0.22787620546985,-1.07022554644371,0.300397676237811,0.440949015402174,0.301186269252718,"soc_0_5cm",0.973422887403201
"RING finger E3 ligase","Protein Processing and Degradation","OG0000913",-0.0381414469146886,0.125317283152675,-0.304359031373354,0.764777241447027,0.83092655558419,0.788658194480238,"soc_0_5cm",0.994613985979204
"Uncharacterized protein","Biosynthesis & Metabolism","OG0000929",0.156403225911602,0.212764984069918,0.735098524765736,0.472917617905992,0.512635637726077,0.390794547157597,"soc_0_5cm",0.994613985979204
"AGL MADS-box TF","Genetic Information & Regulation","OG0000949",-0.0284852348511608,0.26507429596724,-0.10746132418166,0.915758982430662,0.243535256496575,0.0544190706207184,"soc_0_5cm",0.994613985979204
"B3 domain protein","Uncategorized","OG0000962",-0.00500250739727654,0.28686952503118,-0.0174382670893076,0.986302587124646,0.114023327482891,-0.107470840646387,"soc_0_5cm",0.994613985979204
"Cytochrome P450","Biosynthesis & Metabolism","OG0001007",0.23053088173915,0.207381875138565,1.11162502308901,0.282724577817785,0.53698500879047,0.421231260988088,"soc_0_5cm",0.973422887403201
"C1 domain protein","Multifunction","OG0001038",-0.0695711617048694,0.270788561108445,-0.256920607798524,0.800514666703478,0.210569161823227,0.0132114522790341,"soc_0_5cm",0.994613985979204
"Reverse transcriptase","Genetic Information & Regulation","OG0001079",0.0564457242945177,0.238127979538742,0.237039445779761,0.815634480812071,0.389515962672293,0.236894953340367,"soc_0_5cm",0.994613985979204
"Uncharacterized protein","Uncategorized","OG0001115",-0.245040988924577,0.278983999242667,-0.878333487188399,0.392762092281735,0.162061683894373,-0.0474228951320337,"soc_0_5cm",0.994613985979204
"GRF zinc-finger TM protein","Genetic Information & Regulation","OG0001127",-0.117796605536419,0.251891666357307,-0.467647887045716,0.646342609727138,0.316905077238104,0.14613134654763,"soc_0_5cm",0.994613985979204
"NLR resistance protein","Defense & Stress response","OG0001132",-0.254735311298235,0.277005969559401,-0.919602244324955,0.371437567462224,0.173901725244777,-0.0326228434440292,"soc_0_5cm",0.994613985979204
"Uncharacterized protein","Uncategorized","OG0001135",-0.607113568072999,0.213009659788278,-2.85016918329639,0.0115769227443072,0.511514073560628,0.389392591950785,"soc_0_5cm",0.775653823868585
"F-box protein","Multifunction","OG0001136",-0.283481300537322,0.247133904365706,-1.14707571696771,0.268214612734996,0.342466143787986,0.178082679734982,"soc_0_5cm",0.973422887403201
"RT / nucleotidyltransferase","Genetic Information & Regulation","OG0001139",-0.151833550019674,0.232338217531845,-0.653502259045536,0.522713956782976,0.418841271569074,0.273551589461342,"soc_0_5cm",0.994613985979204
"Glycoside hydrolase","Defense & Stress response","OG0001188",-0.286033012683525,0.272776747257034,-1.04859749065781,0.309945595989079,0.198934273113111,-0.00133215860861169,"soc_0_5cm",0.973422887403201
"Jacalin lectin","Defense & Stress response","OG0001196",0.0766750402693105,0.263066197742246,0.2914667141859,0.774439230513285,0.254953199686759,0.0686914996084483,"soc_0_5cm",0.994613985979204
"EIN2-targeting F-box","Multifunction","OG0001262",-0.0390007102334914,0.218688564776488,-0.178339047006652,0.8606952226625,0.485120492208286,0.356400615260358,"soc_0_5cm",0.994613985979204
"Alpha/beta hydrolase","Biosynthesis & Metabolism","OG0001318",-0.553432745201174,0.255055130551253,-2.16985537207205,0.0454199276535036,0.299639592931675,0.124549491164594,"soc_0_5cm",0.949694841119713
"Sarcosine dehydrogenase-like","Uncategorized","OG0001336",0.0432203030561472,0.156896616592137,0.27546994954328,0.786481087697458,0.734978800598381,0.668723500747977,"soc_0_5cm",0.994613985979204
"F-box ubiquitination factor","Multifunction","OG0001349",-0.13297215865192,0.265796435354595,-0.500278186479526,0.623690028624462,0.239407982763086,0.049259978453858,"soc_0_5cm",0.994613985979204
"Uncharacterized protein","Uncategorized","OG0001363",-0.0541393909396697,0.275148887151819,-0.196763982947884,0.846489884049305,0.184941126798502,-0.018823591501872,"soc_0_5cm",0.994613985979204
"DnaJ chaperone","Defense & Stress response","OG0001392",0.0598396190962781,0.215751076486155,0.27735490395163,0.785059173009983,0.498859616390708,0.373574520488385,"soc_0_5cm",0.994613985979204
"Transmembrane protein","Uncategorized","OG0001398",0.0260017127409929,0.189425396261684,0.137266244411454,0.8925328501095,0.613695410914792,0.51711926364349,"soc_0_5cm",0.994613985979204
"Neprosin-like protease","Uncategorized","OG0001400",0.227765950120783,0.252117125710318,0.903413242869052,0.379707416869482,0.315681701601402,0.144602127001753,"soc_0_5cm",0.994613985979204
"Invertase/PMEI inhibitor","Biosynthesis & Metabolism","OG0001401",-0.118072736203511,0.291513305273537,-0.405033780851682,0.690816477979094,0.0851071747445506,-0.143616031569312,"soc_0_5cm",0.994613985979204
"HARBI1-like nuclease","Genetic Information & Regulation","OG0001408",0.0604586287263551,0.235102091115851,0.25715904286263,0.800333817484685,0.40493221114984,0.2561652639373,"soc_0_5cm",0.994613985979204
"NYN-domain nuclease","Uncategorized","OG0001411",0.113787835202997,0.176672063098535,0.644062412626801,0.528660495356514,0.663961359033455,0.579951698791818,"soc_0_5cm",0.994613985979204
"N-myristoyltransferase","Protein Processing and Degradation","OG0001412",-0.0704967709210475,0.253883461603421,-0.277673742416381,0.784818734898977,0.306059426403719,0.132574283004648,"soc_0_5cm",0.994613985979204
"Mannose-binding lectin","Defense & Stress response","OG0001688",0.238123821999898,0.254667180481746,0.935039299329602,0.363666689101961,0.301768530549894,0.127210663187368,"soc_0_5cm",0.994613985979204
"MEG embryo factor","Uncategorized","OG0001769",-0.06424998241356,0.180344498587139,-0.356262502692953,0.726298311067839,0.649845867782849,0.562307334728561,"soc_0_5cm",0.994613985979204
"Kelch repeat oxidase","Multifunction","OG0001813",-0.0229031515253646,0.237923084633913,-0.0962628387262427,0.924507256512852,0.390566080805025,0.238207601006281,"soc_0_5cm",0.994613985979204
"F-box protein","Multifunction","OG0001841",-0.382145257727215,0.246530394356096,-1.55009388893133,0.140671298930301,0.345673665882946,0.182092082353683,"soc_0_5cm",0.949694841119713
"Uncharacterized protein","Uncategorized","OG0001893",0.343006967024514,0.268771178042539,1.27620442609447,0.220098115132884,0.222287913877407,0.0278598923467592,"soc_0_5cm",0.949694841119713
"Cysteine-rich peptide","Defense & Stress response","OG0001901",-0.0411169283908726,0.16230395309911,-0.253332883184705,0.803237308624286,0.716396455829981,0.645495569787476,"soc_0_5cm",0.994613985979204
"Cytochrome b561 reductase","Uncategorized","OG0001911",0.0609458463609672,0.291291072553607,0.209226619362841,0.83691197597598,0.0865015647638869,-0.141873044045141,"soc_0_5cm",0.994613985979204
"F-box protein","Multifunction","OG0001918",0.185028825139744,0.194912921532942,0.94928968117936,0.356592749283108,0.590989251807872,0.48873656475984,"soc_0_5cm",0.994613985979204
"F-box/RNI protein","Multifunction","OG0001923",-0.153876916167457,0.151104005809736,-1.01835100494432,0.323663544826399,0.75418667914364,0.69273334892955,"soc_0_5cm",0.985702613789488
"Defense protein kinase","Signaling and Transport","OG0001927",0.339461619812682,0.237539674198492,1.42907335777948,0.172216408135996,0.392528690290683,0.240660862863354,"soc_0_5cm",0.949694841119713
"TRAF-like protein","Signaling and Transport","OG0001929",0.230162741369586,0.274050378560675,0.839855586328363,0.413363436080437,0.191436242086344,-0.0107046973920697,"soc_0_5cm",0.994613985979204
"RRM RNA-binding protein","Genetic Information & Regulation","OG0002178",0.00263792383066393,0.226904696889368,0.0116256907275485,0.990867977375363,0.445705677686044,0.307132097107555,"soc_0_5cm",0.994613985979204
"Defensin-like peptide","Defense & Stress response","OG0002370",0.247533478592046,0.19006292639377,1.30237644599457,0.211223904658455,0.611090741615508,0.513863427019385,"soc_0_5cm",0.949694841119713
"DUF247 TM protein","Uncategorized","OG0002564",0.167421612437958,0.256119086964321,0.653686589400036,0.522598215469038,0.293784332236896,0.117230415296119,"soc_0_5cm",0.994613985979204
"Amino acid transporter","Signaling and Transport","OG0002742",-0.430392878249694,0.266179046039388,-1.61692997496883,0.125436091456903,0.237216681098115,0.0465208513726442,"soc_0_5cm",0.949694841119713
"LRR family protein","Signaling and Transport","OG0002810",0.0690815731428551,0.153366448713492,0.450434718429898,0.658440668988564,0.746770567793155,0.683463209741443,"soc_0_5cm",0.994613985979204
"MATH/coiled-coil protein","Signaling and Transport","OG0002867",-0.155772772121214,0.212622532518618,-0.732625890003328,0.474383534945179,0.513288024852537,0.391610031065671,"soc_0_5cm",0.994613985979204
"Defensin-like peptide","Defense & Stress response","OG0002883",0.39020874971563,0.257626162983462,1.51463168645911,0.149369768010999,0.285448740465577,0.106810925581971,"soc_0_5cm",0.949694841119713
"Beta-galactosidase","Structural Dynamics","OG0002891",-0.264811679020993,0.199511109451007,-1.32730292438187,0.203037871953326,0.571463689862775,0.464329612328468,"soc_0_5cm",0.949694841119713
"NAC transcription factor","Growth & Reproduction","OG0002892",-0.173259827510857,0.28801579224833,-0.601563637043453,0.55589308951046,0.106928847834548,-0.116338940206815,"soc_0_5cm",0.994613985979204
"Kelch repeat oxidase","Multifunction","OG0002893",-0.0153497152746395,0.161471599945673,-0.0950613933335888,0.925446443043528,0.719297839361299,0.649122299201624,"soc_0_5cm",0.994613985979204
"Thionin peptide","Defense & Stress response","OG0002919",-0.158528077929524,0.169664080050947,-0.93436440926047,0.36400407804529,0.690091654310686,0.612614567888357,"soc_0_5cm",0.994613985979204
"WRKY TF (II-c)","Genetic Information & Regulation","OG0003409",-0.016666678767956,0.149130312389908,-0.11175916217744,0.912404408341947,0.760566279657545,0.700707849571931,"soc_0_5cm",0.994613985979204
"Cytochrome P450","Multifunction","OG0003687",0.0790242430954444,0.254042442883896,0.311067088626449,0.759765682619585,0.305190066088119,0.131487582610148,"soc_0_5cm",0.994613985979204
"Uncharacterized DUF674 protein","Uncategorized","OG0003691",0.104721066355654,0.226848872354327,0.461633620960145,0.650558250917093,0.44597838615633,0.307472982695412,"soc_0_5cm",0.994613985979204
"Imprinted F-box protein","Multifunction","OG0003767",0.353232601106601,0.180164453484182,1.96061206456364,0.0675731575996497,0.6505446644508,0.5631808305635,"soc_0_5cm",0.949694841119713
"TPR repeat protein","Genetic Information & Regulation","OG0003808",-0.118746274141326,0.184676042763921,-0.642997718405326,0.529333551432907,0.632823753129177,0.541029691411471,"soc_0_5cm",0.994613985979204
"Cysteine protease","Protein Processing and Degradation","OG0003820",0.228767920614332,0.162809662855974,1.40512495758134,0.179102526405032,0.714626387834785,0.643282984793481,"soc_0_5cm",0.949694841119713
"F-box protein","Multifunction","OG0004081",-0.237564714988383,0.274352626643455,-0.865910116826106,0.399338019741974,0.189651740907271,-0.0129353238659111,"soc_0_5cm",0.994613985979204
"Serpin inhibitor","Defense & Stress response","OG0004132",0.0076786915474525,0.267947505196454,0.0286574474422616,0.977492204656987,0.2270473436256,0.0338091795320001,"soc_0_5cm",0.994613985979204
"F-box protein","Multifunction","OG0004303",0.0298698833449458,0.247270984781067,0.120798173596439,0.905354883790996,0.341736498760668,0.177170623450835,"soc_0_5cm",0.994613985979204
"F-box protein","Multifunction","OG0004694",-0.0800133078100007,0.173962807327435,-0.459944910289925,0.651744151298439,0.674188601914219,0.592735752392774,"soc_0_5cm",0.994613985979204
"Defensin-like peptide","Defense & Stress response","OG0004872",0.266151426419902,0.156395832476971,1.70178080965867,0.108143749493622,0.736667895032448,0.67083486879056,"soc_0_5cm",0.949694841119713
"F-box protein","Multifunction","OG0005764",0.0390007102334915,0.218688564776489,0.178339047006652,0.8606952226625,0.485120492208286,0.356400615260357,"soc_0_5cm",0.994613985979204
"F-box/FBD protein","Multifunction","OG0000009",-0.273808474249538,0.177890905785002,-1.53919320968808,0.143298592366959,0.660968854604481,0.576211068255601,"soc_5_15cm",0.873345712726701
"TRAF-MATH deubiquitinase","Signaling and Transport","OG0000012",0.492340960986439,0.255193274266548,1.92928658641761,0.0716251178864931,0.302297061160196,0.127871326450245,"soc_5_15cm",0.873345712726701
"Non-LTR reverse transcriptase","Genetic Information & Regulation","OG0000015",0.241506477698036,0.195739920748581,1.23381309634962,0.235090039899213,0.58952102210156,0.48690127762695,"soc_5_15cm",0.873345712726701
"PPR/TPR repeat protein","Defense & Stress response","OG0000016",0.0728564318524872,0.28139897044965,0.258907954553171,0.799007654981382,0.151645999260235,-0.0604425009247063,"soc_5_15cm",0.957903301392584
"Auxin-response F-box","Multifunction","OG0000022",0.344413100624141,0.226903311000298,1.51788486076208,0.14855347588725,0.448413319607331,0.310516649509164,"soc_5_15cm",0.873345712726701
"CC-NLR receptor","Multifunction","OG0000024",-0.150020431797739,0.264824340653815,-0.566490343853437,0.578920913693059,0.248640289953232,0.0608003624415396,"soc_5_15cm",0.93410668351441
"Cytochrome P450","Multifunction","OG0000027",-0.19635328037459,0.226835372920983,-0.865620197794236,0.399492342017215,0.448743575956531,0.310929469945664,"soc_5_15cm",0.914802709574432
"F-box ubiquitination factor","Multifunction","OG0000029",-0.527334532564116,0.184597799067855,-2.85666749672501,0.0114222513449934,0.634922438247988,0.543653047809985,"soc_5_15cm",0.765290840114558
"Serine carboxypeptidase","Protein Processing and Degradation","OG0000030",-0.245614804670516,0.296244892613092,-0.829093803116798,0.419248885126068,0.0597705561000845,-0.175286804874895,"soc_5_15cm",0.914802709574432
"FRIGIDA-like flowering regulator","Genetic Information & Regulation","OG0000038",0.294513000505166,0.266797260951294,1.1038831487814,0.285969597784503,0.237403448212304,0.0467543102653796,"soc_5_15cm",0.873345712726701
"Glycosyltransferase","Biosynthesis & Metabolism","OG0000039",-0.0647154998564999,0.150662745784052,-0.429538832043179,0.673259588422407,0.756811037423679,0.696013796779599,"soc_5_15cm",0.953498939051425
"DUF295 protein","Signaling and Transport","OG0000040",-0.237612953252487,0.218520772424226,-1.08737009583325,0.292983024628988,0.488415287751977,0.360519109689971,"soc_5_15cm",0.873345712726701
"TRAF-type E3 ligase","Protein Processing and Degradation","OG0000042",-0.215141832716315,0.136401896132591,-1.57726423764068,0.134298865491839,0.8006698842284,0.7508373552855,"soc_5_15cm",0.873345712726701
"Uncharacterized protein","Uncategorized","OG0000045",-0.277902345985493,0.269828845553935,-1.02992082041853,0.318365738324443,0.219974403117419,0.0249680038967741,"soc_5_15cm",0.873345712726701
"mTERF protein","Photosynthesis and Energy","OG0000046",-0.231493821377721,0.211447543167591,-1.09480497105725,0.28980976106858,0.520997929411801,0.401247411764752,"soc_5_15cm",0.873345712726701
"LRR receptor kinase","Signaling and Transport","OG0000047",0.206401609817203,0.293903631253961,0.70227648748869,0.492597842264299,0.074573337528598,-0.156783328089253,"soc_5_15cm",0.919793766678758
"Subtilase protease","Multifunction","OG0000049",-0.105762193892773,0.238791437801027,-0.442906139628422,0.663763266808869,0.389100731693765,0.236375914617206,"soc_5_15cm",0.953498939051425
"TIR-NLR RCC1-FYVE","Defense & Stress response","OG0000054",-0.0618773415577137,0.26701071855783,-0.231741039805157,0.819676977099562,0.236182692399668,0.0452283654995844,"soc_5_15cm",0.957903301392584
"ULP SUMO protease","Protein Processing and Degradation","OG0000060",-0.0306586048112462,0.274613170712699,-0.11164287835022,0.912495148668717,0.19206796387202,-0.00991504515997521,"soc_5_15cm",0.97052224040339
"TIR-NLR receptor","Growth & Reproduction","OG0000065",-0.232788685258392,0.221891087337937,-1.04911237333232,0.309715770108504,0.472512927359028,0.340641159198785,"soc_5_15cm",0.873345712726701
"Uncharacterized protein","Uncategorized","OG0000075",-0.0110135957108171,0.29104655270117,-0.0378413542734012,0.970282301999658,0.0924782897693596,-0.1344021377883,"soc_5_15cm",0.980033882924277
"Stress-induced LRR kinase","Growth & Reproduction","OG0000077",-0.470476992004036,0.25261067255548,-1.86245888681012,0.0810050560979207,0.316347361583378,0.145434201979223,"soc_5_15cm",0.873345712726701
"Ta11 non-LTR retroelement","Genetic Information & Regulation","OG0000083",-0.270129702051163,0.254308260704118,-1.06221363514987,0.303909291972964,0.307127955366586,0.133909944208233,"soc_5_15cm",0.873345712726701
"Transmembrane protein","Uncategorized","OG0000086",-0.286187924480581,0.280528959772648,-1.02017247956332,0.322825341122203,0.156883659288066,-0.0538954258899169,"soc_5_15cm",0.873345712726701
"En/Spm transposase","Uncategorized","OG0000087",0.384616298221297,0.24022395742334,1.6010738576898,0.128917286308325,0.381749126852929,0.227186408566161,"soc_5_15cm",0.873345712726701
"Terpenoid cyclase/prenyltransferase","Biosynthesis & Metabolism","OG0000090",0.231982695339052,0.251500389740378,0.922394973536723,0.37002342217263,0.322343780280008,0.15292972535001,"soc_5_15cm",0.906398538451723
"Cysteine-rich receptor kinase","Defense & Stress response","OG0000093",-0.0407776885599576,0.191419055258267,-0.21302836598446,0.83399541166021,0.607443257750232,0.50930407218779,"soc_5_15cm",0.957903301392584
"MuDR/Mutator transposase","Genetic Information & Regulation","OG0000095",-0.108669965698379,0.296307768259104,-0.366746934570253,0.71861280359555,0.0593714011524392,-0.175785748559451,"soc_5_15cm",0.957903301392584
"C1 domain protein","Multifunction","OG0000096",-0.181182475058782,0.25994121275148,-0.697013271350715,0.495797953967856,0.276093651094852,0.0951170638685647,"soc_5_15cm",0.919793766678758
"Ankyrin-repeat protein","Biosynthesis & Metabolism","OG0000103",-0.197861712784856,0.141465086719727,-1.3986610928028,0.180999134648442,0.785597105465387,0.731996381831734,"soc_5_15cm",0.873345712726701
"Ubiquitin","Protein Processing and Degradation","OG0000106",-0.148289482525606,0.217557989520651,-0.681608994697617,0.505233522985862,0.492913349466429,0.366141686833036,"soc_5_15cm",0.919793766678758
"ATFDB F-box protein","Multifunction","OG0000107",-0.103020260990663,0.133048783269516,-0.774304420221384,0.450041967369983,0.81034953209726,0.762936915121575,"soc_5_15cm",0.914802709574432
"Non-LTR reverse transcriptase","Genetic Information & Regulation","OG0000118",0.035877877251372,0.134234073075064,0.267278466856243,0.792669338106986,0.806955407689252,0.758694259611565,"soc_5_15cm",0.957903301392584
"Rossmann enzyme (senescence)","Defense & Stress response","OG0000126",-0.0940617338375237,0.295010530921019,-0.318841953010505,0.753970934187053,0.067589528436071,-0.165513089454911,"soc_5_15cm",0.957903301392584
"LRR receptor-like protein","Signaling and Transport","OG0000141",0.191370172384921,0.247978039960559,0.771722255790709,0.451527179618062,0.341192476806938,0.176490596008672,"soc_5_15cm",0.914802709574432
"SAUR auxin protein","Signaling and Transport","OG0000142",0.201408901432556,0.274249145823576,0.734401198690048,0.473330755202691,0.194208519883885,-0.00723935014514332,"soc_5_15cm",0.914802709574432
"F-box/LRR protein","Multifunction","OG0000147",0.0102031493170038,0.186045742038556,0.0548421544358122,0.956943188162383,0.629172806932028,0.536466008665035,"soc_5_15cm",0.976373506703751
"DOR F-box regulator","Defense & Stress response","OG0000150",-0.330584078768949,0.208546544295135,-1.58518128356568,0.132488648631738,0.534051305188918,0.417564131486147,"soc_5_15cm",0.873345712726701
"WAK-like receptor kinase","Signaling and Transport","OG0000159",0.0708445623088028,0.282542970500903,0.250739072301841,0.805207325982182,0.144734177302342,-0.0690822783720728,"soc_5_15cm",0.957903301392584
"CYP71 P450","Defense & Stress response","OG0000164",0.172341232958106,0.132226646896268,1.30337747347786,0.210890189777812,0.812686070881321,0.765857588601651,"soc_5_15cm",0.873345712726701
"F-box/kelch DUF295","Multifunction","OG0000166",0.196734271966885,0.227606640626222,0.864360861465214,0.40016313592876,0.444988525938795,0.306235657423494,"soc_5_15cm",0.914802709574432
"Autophagy protein","Multifunction","OG0000167",0.155779414843678,0.275283478078234,0.565887266214382,0.579321136187102,0.18811896355573,-0.014851295555337,"soc_5_15cm",0.93410668351441
"Uncharacterized protein","Uncategorized","OG0000170",0.113398696538234,0.0697890841638472,1.62487726980344,0.123721661875617,0.947819636248001,0.934774545310002,"soc_5_15cm",0.873345712726701
"KUK F-box protein","Multifunction","OG0000182",-0.142630029480879,0.265875932605555,-0.536453330254909,0.599025556710513,0.242661288364507,0.0533266104556334,"soc_5_15cm",0.948064070069394
"Receptor-like protein","Defense & Stress response","OG0000184",0.0473362060385481,0.211301112862916,0.224022511747291,0.825575322028128,0.521661130615164,0.402076413268955,"soc_5_15cm",0.957903301392584
"Receptor-like kinase","Signaling and Transport","OG0000185",-0.505901770810583,0.139160902594802,-3.63537287684624,0.0022264603906993,0.792524615659121,0.740655769573902,"soc_5_15cm",0.22375926926528
"En/Spm transposase-like","Uncategorized","OG0000186",-0.0541634635024242,0.20728846932806,-0.261295110519165,0.797198551437454,0.5396560995024,0.424570124378,"soc_5_15cm",0.957903301392584
"F-box protein","Multifunction","OG0000188",0.236257619363585,0.199452846067347,1.18452869448557,0.253501763150086,0.573800849683024,0.46725106210378,"soc_5_15cm",0.873345712726701
"Nuclease","Genetic Information & Regulation","OG0000192",0.155684618296911,0.276285408324189,0.563492003581432,0.580912116613439,0.182198314065606,-0.0222521074179927,"soc_5_15cm",0.93410668351441
"CYP72 P450","Multifunction","OG0000196",0.194178596855126,0.280685640603282,0.691800964373436,0.498979065631931,0.15594160283204,-0.0550729964599506,"soc_5_15cm",0.919793766678758
"ECA1 gametogenesis protein","Growth & Reproduction","OG0000199",0.00697735028059607,0.221620680806248,0.0314832995513448,0.975273501164108,0.473797783278377,0.342247229097972,"soc_5_15cm",0.980149868669928
"Leaf-shape QTL factor","Defense & Stress response","OG0000200",-0.0753882118712646,0.294001811172181,-0.256420909689954,0.800893717819458,0.0739549478239175,-0.157556315220103,"soc_5_15cm",0.957903301392584
"Receptor-like kinase","Signaling and Transport","OG0000202",-0.220133003542158,0.225489317439668,-0.976245819720735,0.343473052740833,0.455266545629852,0.319083182037315,"soc_5_15cm",0.880149928691011
"Uncharacterized DUF577 protein","Uncategorized","OG0000206",-0.15201259912685,0.301518953262829,-0.504156032255603,0.621023105815829,0.0259946609306932,-0.217506673836634,"soc_5_15cm",0.949219493781797
"RRM RNA-binding protein","Genetic Information & Regulation","OG0000207",0.0871965739094135,0.156942799152456,0.555594613963203,0.586173544163486,0.736114885762493,0.670143607203117,"soc_5_15cm",0.935086368070323
"RPP receptor-like protein","Defense & Stress response","OG0000210",-0.0198575621009791,0.209736314317444,-0.0946787024726862,0.925745621787004,0.528719611466924,0.410899514333655,"soc_5_15cm",0.97052224040339
"RNase H-like enzyme","Genetic Information & Regulation","OG0000213",0.259520601245101,0.225918904146566,1.14873344585956,0.267550061606514,0.453188991237825,0.316486239047282,"soc_5_15cm",0.873345712726701
"F-box/LRR protein","Multifunction","OG0000217",-0.35237460734732,0.277415584691978,-1.27020480027671,0.222173186024845,0.175494011154054,-0.030632486057433,"soc_5_15cm",0.873345712726701
"F-box DUF295 protein","Multifunction","OG0000220",0.304174912648895,0.284722868026167,1.06831922127498,0.301230519915892,0.131486040230607,-0.085642449711741,"soc_5_15cm",0.873345712726701
"Uncharacterized DUF1204 protein","Uncategorized","OG0000224",0.156382430359874,0.207272732957822,0.754476617007294,0.461524204260072,0.539725991157329,0.424657488946661,"soc_5_15cm",0.914802709574432
"PR thionin protein","Defense & Stress response","OG0000228",-0.222094711556408,0.260536614059377,-0.852451055135736,0.406543621052911,0.272773604942945,0.0909670061786811,"soc_5_15cm",0.914802709574432
"RRM RNA-binding protein","Defense & Stress response","OG0000242",-0.0302888187006478,0.251451978374112,-0.120455678640889,0.90562185052741,0.322604639565725,0.153255799457156,"soc_5_15cm",0.97052224040339
"Kelch repeat oxidase","Multifunction","OG0000253",-0.20926445508809,0.191987540245113,-1.08998977132016,0.291862021517537,0.605108129793649,0.506385162242062,"soc_5_15cm",0.873345712726701
"RPA1 ssDNA-binding","Genetic Information & Regulation","OG0000255",-0.0279145555037889,0.253878601332055,-0.109952376282705,0.913814447001647,0.309467222540473,0.136834028175592,"soc_5_15cm",0.97052224040339
"Seed germination F-box","Multifunction","OG0000258",-0.0129162214225933,0.188066111019425,-0.0686791541154332,0.946096006078528,0.621075058805473,0.526343823506841,"soc_5_15cm",0.97052224040339
"Pectin lyase","Structural Dynamics","OG0000261",0.0553860630739801,0.238737809063132,0.231995356292031,0.8194828215516,0.389375097292117,0.236718871615147,"soc_5_15cm",0.957903301392584
"Extensin-like protein","Multifunction","OG0000264",0.0227568729310714,0.220604854441916,0.103156718779564,0.919120487868976,0.478610556524255,0.348263195655319,"soc_5_15cm",0.97052224040339
"TNL-WRKY immune receptor","Defense & Stress response","OG0000266",-0.382140437438061,0.242919163326752,-1.57311770798437,0.135255292756162,0.367798303059097,0.209747878823872,"soc_5_15cm",0.873345712726701
"C1 domain protein","Defense & Stress response","OG0000269",0.0177804992731909,0.260265211491276,0.068316849460255,0.946379896114749,0.274287928068551,0.0928599100856887,"soc_5_15cm",0.97052224040339
"UCH deubiquitinase","Multifunction","OG0000271",0.0347759278491761,0.289682022995702,0.120048622588127,0.905939156318552,0.10096791062657,-0.123790111716788,"soc_5_15cm",0.97052224040339
"Uncharacterized protein","Uncategorized","OG0000276",0.205775152411848,0.198310436278494,1.03764156982072,0.314865210245573,0.578669165124364,0.473336456405455,"soc_5_15cm",0.873345712726701
"Glycoside hydrolase","Defense & Stress response","OG0000297",-0.0828616591927394,0.193133394928445,-0.42903848515395,0.673616165897026,0.600380333284979,0.500475416606224,"soc_5_15cm",0.953498939051425
"Kelch repeat oxidase","Multifunction","OG0000299",0.118999617891778,0.232841970271954,0.511074604603241,0.616278523580313,0.419162516610407,0.273953145763009,"soc_5_15cm",0.949219493781797
"RRM RNA-binding protein","Genetic Information & Regulation","OG0000319",0.158500783853479,0.23125546882374,0.68539258621506,0.502906393242534,0.427050786275677,0.283813482844596,"soc_5_15cm",0.919793766678758
"TN13 TIR-NLR receptor","Defense & Stress response","OG0000320",-0.425045412707612,0.255420786025692,-1.66409875766672,0.115551394711022,0.301052464240473,0.126315580300592,"soc_5_15cm",0.873345712726701
"F-box protein","Multifunction","OG0000325",-0.124140821530145,0.272299605733057,-0.455897911405144,0.654590091834386,0.205623973692292,0.00702996711536474,"soc_5_15cm",0.953498939051425
"C1 domain protein","Defense & Stress response","OG0000329",-0.0428248390534256,0.155062129423224,-0.276178582176826,0.785946439047667,0.742401344838075,0.678001681047594,"soc_5_15cm",0.957903301392584
"F-box protein","Multifunction","OG0000338",0.0262243054424199,0.295749769923302,0.0886705861148116,0.930444105734657,0.062910795252708,-0.171361505934115,"soc_5_15cm",0.97052224040339
"F-box/FBD protein","Multifunction","OG0000339",0.145911626676375,0.256247578075255,0.56941660784604,0.576980970492278,0.296520181847782,0.120650227309727,"soc_5_15cm",0.93410668351441
"MYB/SANT protein","Genetic Information & Regulation","OG0000343",-0.364175745593155,0.243943460885617,-1.4928694717663,0.154927273239701,0.362455555220714,0.203069444025893,"soc_5_15cm",0.873345712726701
"Plastocyanin-like protein","Defense & Stress response","OG0000347",-0.207704708810125,0.256398502173564,-0.810085499912646,0.429775414057863,0.295691270023403,0.119614087529254,"soc_5_15cm",0.914802709574432
"LRR receptor-like protein","Signaling and Transport","OG0000348",-0.263290075295791,0.257983322069601,-1.02057014067273,0.322642552445644,0.28695758283184,0.1086969785398,"soc_5_15cm",0.873345712726701
"DUF1163 TM protein","Defense & Stress response","OG0000360",0.0992673941970517,0.241530448422581,0.410993292337923,0.686529431226626,0.375005955105687,0.218757443882108,"soc_5_15cm",0.957903301392584
"F-box protein","Multifunction","OG0000361",-0.405325505494746,0.163007051266754,-2.48655197640162,0.0243230349807383,0.715327912199516,0.644159890249395,"soc_5_15cm",0.873345712726701
"RRM RNA-binding protein","Genetic Information & Regulation","OG0000367",-0.318307566925294,0.213152984353504,-1.49332915929244,0.154808125166622,0.513239936468805,0.391549920586006,"soc_5_15cm",0.873345712726701
"Cytochrome P450","Multifunction","OG0000372",0.272098521863938,0.268806250592923,1.0122477481969,0.32648345432823,0.225875468137313,0.0323443351716413,"soc_5_15cm",0.873345712726701
"Kelch repeat oxidase","Multifunction","OG0000382",0.0799292580322559,0.260006950018335,0.30741200581992,0.762495023814516,0.275727463358662,0.0946593291983271,"soc_5_15cm",0.957903301392584
"DUF1985 TM protease","Genetic Information & Regulation","OG0000384",-0.176462144724796,0.209907745121583,-0.840665239020053,0.412922827584666,0.527948881853889,0.409936102317362,"soc_5_15cm",0.914802709574432
"CCHC zinc knuckle","Genetic Information & Regulation","OG0000385",-0.19732024796269,0.26783390544424,-0.736726172272351,0.471954149913762,0.231465775966419,0.0393322199580237,"soc_5_15cm",0.914802709574432
"Beta-1,3-glucanase","Defense & Stress response","OG0000386",-0.206985226800626,0.280433960763013,-0.73808901831096,0.471148340863558,0.157454592539452,-0.0531817593256854,"soc_5_15cm",0.914802709574432
"ATP-binding protein","Photosynthesis and Energy","OG0000388",0.120897735116142,0.183901875404559,0.657403492216616,0.520267448678593,0.637669894693574,0.547087368366968,"soc_5_15cm",0.919793766678758
"PAH domain protein","Defense & Stress response","OG0000402",0.256927754829388,0.163714443443683,1.56936522780148,0.136125792229948,0.71285180145981,0.641064751824763,"soc_5_15cm",0.873345712726701
"DUF295 organellar protein","Uncategorized","OG0000418",0.356868080062119,0.176031216390506,2.02729997201432,0.0596276935759829,0.668020333780607,0.585025417225758,"soc_5_15cm",0.873345712726701
"C1 domain protein","Genetic Information & Regulation","OG0000422",0.261011551318349,0.236288277258273,1.10463182662698,0.28565458830524,0.401841255852301,0.252301569815376,"soc_5_15cm",0.873345712726701
"CCHC zinc knuckle","Genetic Information & Regulation","OG0000432",-0.153495483015297,0.26707865394144,-0.574720146107045,0.573473611570371,0.235793967757603,0.0447424596970032,"soc_5_15cm",0.93410668351441
"Mutator transposase DEK","Genetic Information & Regulation","OG0000434",-0.079479498444616,0.297369910853857,-0.26727485042586,0.792672073335253,0.0526157743463691,-0.184230282067039,"soc_5_15cm",0.957903301392584
"F-box protein","Multifunction","OG0000440",0.058088852674616,0.248358365688997,0.233891266410396,0.818035789794847,0.339170091315374,0.173962614144218,"soc_5_15cm",0.957903301392584
"Uncharacterized DUF1985 TM protein","Uncategorized","OG0000445",0.0544536783933614,0.238324870284573,0.228485085624261,0.82216377126098,0.391485635485544,0.23935704435693,"soc_5_15cm",0.957903301392584
"OB-fold nucleic protein","Genetic Information & Regulation","OG0000448",0.0198520591760964,0.2608126793107,0.0761161582656306,0.940270328056794,0.271231646610735,0.0890395582634185,"soc_5_15cm",0.97052224040339
"CCHC zinc knuckle","Genetic Information & Regulation","OG0000452",0.25406759660066,0.277972436121956,0.914002841955134,0.374283973589517,0.172180656292999,-0.0347741796337513,"soc_5_15cm",0.906398538451723
"Callose synthase","Structural Dynamics","OG0000496",0.332468686063387,0.206701575960032,1.60844775623614,0.12728824920741,0.542259141674529,0.427823927093161,"soc_5_15cm",0.873345712726701
"Ceramide synthase","Genetic Information & Regulation","OG0000500",0.323494632267366,0.276282928809801,1.17088172498007,0.258789977334444,0.182212992668868,-0.0222337591639155,"soc_5_15cm",0.873345712726701
"F-box/FBD protein","Multifunction","OG0000501",0.148151497707602,0.240349327242929,0.616400717268746,0.546300916461034,0.381103643971048,0.22637955496381,"soc_5_15cm",0.93410668351441
"Uncharacterized protein","Uncategorized","OG0000503",0.381554336965412,0.267900062709177,1.42424131262565,0.173588081730282,0.231086060025268,0.0388575750315845,"soc_5_15cm",0.873345712726701
"hAT dimerization MYM ZnF","Genetic Information & Regulation","OG0000504",-0.14207322523993,0.21355220398868,-0.665285689336463,0.515344232964189,0.511414898429475,0.389268623036843,"soc_5_15cm",0.919793766678758
"Resistance C1 protein","Genetic Information & Regulation","OG0000510",0.106327404240401,0.172717065712358,0.615616087512033,0.546805921101093,0.680403064558875,0.600503830698594,"soc_5_15cm",0.93410668351441
"F-box ubiquitination factor","Defense & Stress response","OG0000513",0.230158451403066,0.236997076891175,0.971144684239084,0.345929573963134,0.398247251048084,0.247809063810105,"soc_5_15cm",0.880149928691011
"Dynamin-related protein","Signaling and Transport","OG0000535",0.0614398515030979,0.265577930218999,0.231343965413217,0.819980144062656,0.244358036630874,0.0554475457885921,"soc_5_15cm",0.957903301392584
"ATFDB F-box/kelch","Genetic Information & Regulation","OG0000546",-0.0950730350011097,0.203422415402733,-0.467367545572032,0.646538837530413,0.556667349388003,0.445834186735004,"soc_5_15cm",0.953498939051425
"GGPP synthase","Biosynthesis & Metabolism","OG0000549",0.520328433505796,0.273248112625475,1.90423431842319,0.0750211231481607,0.200080201971068,0.000100252463835271,"soc_5_15cm",0.873345712726701
"RT zinc-binding protein","Genetic Information & Regulation","OG0000589",-0.066858771390083,0.248104546627693,-0.269478219157392,0.791006110757427,0.340520120472303,0.175650150590378,"soc_5_15cm",0.957903301392584
"MUSTANG domesticated TE","Genetic Information & Regulation","OG0000591",0.342648670468963,0.279117620013488,1.22761390145275,0.237347398434367,0.165345747226555,-0.0433178159668068,"soc_5_15cm",0.873345712726701
"GCK-domain protein","Signaling and Transport","OG0000594",0.0999913828490074,0.223300357808161,0.447788726495954,0.660309205490609,0.465791318043547,0.332239147554434,"soc_5_15cm",0.953498939051425
"RNase H protein","Genetic Information & Regulation","OG0000598",-0.255169662998218,0.286557626042599,-0.89046544153142,0.3864102222862,0.120256543487585,-0.0996793206405187,"soc_5_15cm",0.914802709574432
"SRP-binding P-loop NTPase","Signaling and Transport","OG0000599",-0.140035058754869,0.13357204654264,-1.04838596382639,0.310040050035594,0.808854858258298,0.761068572822872,"soc_5_15cm",0.873345712726701
"TIR-NLR receptor","Genetic Information & Regulation","OG0000601",0.37021559643558,0.261451041015919,1.41600352783846,0.175947151777281,0.267659832997038,0.084574791246298,"soc_5_15cm",0.873345712726701
"F-box ubiquitination factor","Multifunction","OG0000605",-0.0466960718412711,0.263936065387794,-0.176921906343727,0.861789932244359,0.253672266412784,0.0670903330159797,"soc_5_15cm",0.97052224040339
"F-box/FBD protein","Multifunction","OG0000606",0.43492298047226,0.265771106428204,1.63645697351134,0.1212595164958,0.243258358367014,0.0540729479587669,"soc_5_15cm",0.873345712726701
"F-box/FBD protein","Protein Processing and Degradation","OG0000618",-0.0412463290354442,0.22010181692747,-0.187396585867513,0.853705499669086,0.48098565763607,0.351232072045087,"soc_5_15cm",0.97052224040339
"Receptor-like protein","Signaling and Transport","OG0000620",0.213724596316217,0.264235475746952,0.808841415832037,0.430470194446916,0.251978030344659,0.0649725379308241,"soc_5_15cm",0.914802709574432
"DUF1985 K-box protein","Uncategorized","OG0000621",-0.287840012216455,0.265037603110987,-1.086034618627,0.293555715136407,0.247429666059921,0.0592870825749015,"soc_5_15cm",0.873345712726701
"CLV2-like receptor","Signaling and Transport","OG0000639",-0.39052564544629,0.215398039910117,-1.8130417788818,0.0886284374245913,0.502932237326995,0.378665296658743,"soc_5_15cm",0.873345712726701
"C1 domain protein","Genetic Information & Regulation","OG0000679",0.182252299372571,0.278180170806414,0.655159204353932,0.521674076623773,0.170942900134412,-0.0363213748319851,"soc_5_15cm",0.919793766678758
"S1 self-incompatibility protein","Growth & Reproduction","OG0000692",0.0292012088402702,0.284430833640519,0.102665412418601,0.919504255486638,0.133266760324105,-0.0834165495948693,"soc_5_15cm",0.97052224040339
"S1 self-incompatibility protein","Growth & Reproduction","OG0000712",0.0999984120300965,0.268356679322871,0.372632469154174,0.71431204155978,0.228462707962699,0.0355783849533738,"soc_5_15cm",0.957903301392584
"Uncharacterized protein","Uncategorized","OG0000720",0.0402382421650191,0.181372292285262,0.221854405973611,0.827234105394473,0.647569092859637,0.559461366074547,"soc_5_15cm",0.957903301392584
"RT/RNase H-like","Genetic Information & Regulation","OG0000724",0.193969323016088,0.160271611288095,1.21025377767882,0.243758132929706,0.724801976643569,0.656002470804461,"soc_5_15cm",0.873345712726701
"Cysteine protease","Protein Processing and Degradation","OG0000725",0.194014608863166,0.158723687591006,1.22234186848718,0.239280314797775,0.730092101662549,0.662615127078187,"soc_5_15cm",0.873345712726701
"RNase H / thioredoxin","Genetic Information & Regulation","OG0000728",-0.118003895356979,0.201106731093049,-0.586772480043847,0.565544525007496,0.566703363773491,0.458379204716864,"soc_5_15cm",0.93410668351441
"F-box protein","Multifunction","OG0000731",-0.122101394912918,0.20011698716123,-0.610150075938052,0.550330981161972,0.570957795415533,0.463697244269417,"soc_5_15cm",0.93410668351441
"C1 domain protein","Genetic Information & Regulation","OG0000736",-0.145885367808338,0.284414931926306,-0.512931465377976,0.615008108234205,0.133363670766817,-0.0832954115414781,"soc_5_15cm",0.949219493781797
"Thionin peptide","Defense & Stress response","OG0000739",0.467544755365776,0.266836833517921,1.75217472491246,0.0988830547156139,0.237177207951753,0.0464715099396917,"soc_5_15cm",0.873345712726701
"Tryptophan biosynthesis protein","Biosynthesis & Metabolism","OG0000761",0.054299525435662,0.243122337468604,0.22334239626449,0.82609557613589,0.366740331747708,0.208425414684636,"soc_5_15cm",0.957903301392584
"Cystatin inhibitor","Uncategorized","OG0000817",0.574211235171471,0.239215728306583,2.400390807228,0.0288968048904149,0.386927881300542,0.233659851625677,"soc_5_15cm",0.873345712726701
"Gag-Pol retrotransposon","Genetic Information & Regulation","OG0000822",0.100185880640321,0.233470346550429,0.429116083136842,0.673560859607717,0.416023245867723,0.270029057334653,"soc_5_15cm",0.953498939051425
"Pectin lyase","Biosynthesis & Metabolism","OG0000846",-0.0645563708600388,0.291201266753905,-0.221689869620641,0.827360024159733,0.0915131954988813,-0.135608505626398,"soc_5_15cm",0.957903301392584
"RING/U-box E3 ligase","Protein Processing and Degradation","OG0000865",0.250082471568748,0.176018687582113,1.42077227710316,0.174578342531126,0.668067588599346,0.585084485749182,"soc_5_15cm",0.873345712726701
"Subtilisin protease","Multifunction","OG0000887",0.316933931267818,0.212885387440323,1.48875380822774,0.155997429337546,0.514461347729471,0.393076684661839,"soc_5_15cm",0.873345712726701
"Uncharacterized DUF1985 protein","Uncategorized","OG0000893",-0.242858357605925,0.179473757339623,-1.3531691830932,0.194812907116844,0.654908697297816,0.56863587162227,"soc_5_15cm",0.873345712726701
"REM transcription factor","Growth & Reproduction","OG0000907",0.0257596942967028,0.236380770584943,0.108975422294116,0.914576998503008,0.401372874422758,0.251716093028447,"soc_5_15cm",0.97052224040339
"RING finger E3 ligase","Protein Processing and Degradation","OG0000913",-0.0930847135784077,0.123818978779966,-0.751780659924717,0.463099177927633,0.835749560812007,0.794686951015009,"soc_5_15cm",0.914802709574432
"Uncharacterized protein","Biosynthesis & Metabolism","OG0000929",0.481056643680727,0.180453569825589,2.66581949110608,0.0169140995431091,0.651130454225144,0.56391306778143,"soc_5_15cm",0.849933502041235
"AGL MADS-box TF","Genetic Information & Regulation","OG0000949",-0.00235902839417245,0.265817698579179,-0.00887460995555105,0.993028891772872,0.242993007390099,0.0537412592376237,"soc_5_15cm",0.993028891772872
"B3 domain protein","Uncategorized","OG0000962",-0.150371350399108,0.285106001069047,-0.52742260715407,0.605137325003853,0.129147062102035,-0.0885661723724558,"soc_5_15cm",0.949219493781797
"Cytochrome P450","Biosynthesis & Metabolism","OG0001007",0.0314062963408425,0.215624619337558,0.145652645960971,0.886014780982277,0.50188594586596,0.37735743233245,"soc_5_15cm",0.97052224040339
"C1 domain protein","Multifunction","OG0001038",-0.199096482831618,0.267417311769088,-0.744516058120934,0.467359458334918,0.23385470054992,0.0423183756873999,"soc_5_15cm",0.914802709574432
"Reverse transcriptase","Genetic Information & Regulation","OG0001079",0.203263789963465,0.233667370696224,0.869885210578737,0.397226065482252,0.415037201421354,0.268796501776693,"soc_5_15cm",0.914802709574432
"Uncharacterized protein","Uncategorized","OG0001115",0.165455995836712,0.283325596583109,0.583978284461771,0.567377644841348,0.139989551223042,-0.0750130609711974,"soc_5_15cm",0.93410668351441
"GRF zinc-finger TM protein","Genetic Information & Regulation","OG0001127",-0.271136213371558,0.24502431689816,-1.10656859206448,0.284840878355468,0.356793420643051,0.195991775803814,"soc_5_15cm",0.873345712726701
"NLR resistance protein","Defense & Stress response","OG0001132",-0.0611797961034674,0.284516403182491,-0.21503082219209,0.832460201854837,0.132745177473152,-0.08406852815856,"soc_5_15cm",0.957903301392584
"Uncharacterized protein","Uncategorized","OG0001135",-0.207387266219098,0.257014931350951,-0.806907463037286,0.431551661610648,0.292300623484059,0.115375779355074,"soc_5_15cm",0.914802709574432
"F-box protein","Multifunction","OG0001136",-0.267353503039926,0.248905709313136,-1.0741155909107,0.29870339709585,0.336254146826286,0.170317683532857,"soc_5_15cm",0.873345712726701
"RT / nucleotidyltransferase","Genetic Information & Regulation","OG0001139",-0.194968756244073,0.230905741517011,-0.844365129091907,0.410913251013866,0.428782416427145,0.285978020533931,"soc_5_15cm",0.914802709574432
"Glycoside hydrolase","Defense & Stress response","OG0001188",-0.0671591226717869,0.282184449913886,-0.237997248580784,0.814904281220345,0.146903304792034,-0.066370869009958,"soc_5_15cm",0.957903301392584
"Jacalin lectin","Defense & Stress response","OG0001196",-0.0481257232248232,0.264134756332657,-0.182201403151248,0.8577131343653,0.252548173135684,0.0656852164196046,"soc_5_15cm",0.97052224040339
"EIN2-targeting F-box","Multifunction","OG0001262",0.340138539141028,0.202295592171041,1.68139372435481,0.112098825079907,0.561565274947393,0.451956593684241,"soc_5_15cm",0.873345712726701
"Alpha/beta hydrolase","Biosynthesis & Metabolism","OG0001318",-0.390103104527533,0.274038502121601,-1.42353392500456,0.173789636536876,0.195445859860866,-0.00569267517391747,"soc_5_15cm",0.873345712726701
"Sarcosine dehydrogenase-like","Uncategorized","OG0001336",0.107988481375105,0.15532405237151,0.695246355772472,0.496874985591745,0.741530365137861,0.676912956422326,"soc_5_15cm",0.919793766678758
"F-box ubiquitination factor","Multifunction","OG0001349",0.261538497729352,0.260440083131039,1.00421753282025,0.330220269488703,0.273312391665688,0.0916404895821096,"soc_5_15cm",0.873345712726701
"Uncharacterized protein","Uncategorized","OG0001363",0.292073034800592,0.266326933790664,1.09667103752324,0.289017303433889,0.24008978559533,0.0501122319941625,"soc_5_15cm",0.873345712726701
"DnaJ chaperone","Defense & Stress response","OG0001392",-0.0498685299167174,0.216439181578619,-0.230404354484233,0.820697655960969,0.498115399719326,0.372644249649158,"soc_5_15cm",0.957903301392584
"Transmembrane protein","Uncategorized","OG0001398",0.173958533341387,0.184956191762454,0.94053911731059,0.360925231081089,0.633503481528138,0.541879351910172,"soc_5_15cm",0.906398538451723
"Neprosin-like protease","Uncategorized","OG0001400",-0.0565721598590599,0.258713100304578,-0.218667550241788,0.829673850510835,0.282917795851413,0.103647244814266,"soc_5_15cm",0.957903301392584
"Invertase/PMEI inhibitor","Biosynthesis & Metabolism","OG0001401",0.107010815396132,0.292499569873033,0.36584947951405,0.71926946850788,0.0833942706733343,-0.145757161658332,"soc_5_15cm",0.957903301392584
"HARBI1-like nuclease","Genetic Information & Regulation","OG0001408",0.323058658222254,0.221924042382889,1.45571725692017,0.164811818444934,0.472356232006559,0.340445290008199,"soc_5_15cm",0.873345712726701
"NYN-domain nuclease","Uncategorized","OG0001411",0.0714943980059504,0.178492521610196,0.400545621525167,0.694052290357956,0.658671813029184,0.573339766286479,"soc_5_15cm",0.957903301392584
"N-myristoyltransferase","Protein Processing and Degradation","OG0001412",0.194421025731497,0.250443786352586,0.776306046809969,0.44889275963733,0.32802575794703,0.160032197433787,"soc_5_15cm",0.914802709574432
"Mannose-binding lectin","Defense & Stress response","OG0001688",0.290066369083659,0.251943588617096,1.15131474738379,0.266517738625501,0.319953317942519,0.149941647428149,"soc_5_15cm",0.873345712726701
"MEG embryo factor","Uncategorized","OG0001769",0.0873292112745434,0.1801832729067,0.484668803411974,0.634479610163997,0.652174797540939,0.565218496926174,"soc_5_15cm",0.951719415245996
"Kelch repeat oxidase","Multifunction","OG0001813",-0.0359506095938339,0.238404576995787,-0.150796641771141,0.882020917873874,0.391078537481728,0.23884817185216,"soc_5_15cm",0.97052224040339
"F-box protein","Multifunction","OG0001841",-0.395802164389108,0.245877008940259,-1.6097567076118,0.127000917147454,0.352308874273849,0.190386092842311,"soc_5_15cm",0.873345712726701
"Uncharacterized protein","Uncategorized","OG0001893",0.113852193626619,0.28137321288314,0.404630534868664,0.691106952928765,0.151801298581231,-0.0602483767734616,"soc_5_15cm",0.957903301392584
"Cysteine-rich peptide","Defense & Stress response","OG0001901",-0.0808272949144698,0.161769666955165,-0.49964431797261,0.624126476944791,0.719633392420527,0.649541740525659,"soc_5_15cm",0.949219493781797
"Cytochrome b561 reductase","Uncategorized","OG0001911",0.165310588701011,0.289467227078222,0.571085681683541,0.575875977000003,0.102300660423314,-0.122124174470857,"soc_5_15cm",0.93410668351441
"F-box protein","Multifunction","OG0001918",0.0230785536201232,0.200733628661959,0.114971037857279,0.909898569069207,0.568309615978194,0.460387019972742,"soc_5_15cm",0.97052224040339
"F-box/RNI protein","Multifunction","OG0001923",-0.430800652192214,0.113278521351262,-3.80302150004552,0.00156273861045526,0.862523886224986,0.828154857781232,"soc_5_15cm",0.22375926926528
"Defense protein kinase","Signaling and Transport","OG0001927",0.336031038660949,0.238498393966812,1.40894466026345,0.177989391238594,0.390599197627876,0.238248997034845,"soc_5_15cm",0.873345712726701
"TRAF-like protein","Signaling and Transport","OG0001929",0.311085334204197,0.269722302994522,1.15335413775744,0.265704264346792,0.220590271417518,0.025737839271897,"soc_5_15cm",0.873345712726701
"RRM RNA-binding protein","Genetic Information & Regulation","OG0002178",0.205294202776098,0.22159461655601,0.926440389061563,0.3679814673083,0.473921546635709,0.342401933294636,"soc_5_15cm",0.906398538451723
"Defensin-like peptide","Defense & Stress response","OG0002370",0.354371131018701,0.179723177027616,1.97176088737987,0.0661816211751365,0.653948864784717,0.567436080980896,"soc_5_15cm",0.873345712726701
"DUF247 TM protein","Uncategorized","OG0002564",0.0223529723284888,0.260091157056533,0.085942838585743,0.932578154844188,0.275258254968519,0.094072818710649,"soc_5_15cm",0.97052224040339
"Amino acid transporter","Signaling and Transport","OG0002742",0.141075104668664,0.285636816192926,0.493896783156195,0.628090510810841,0.125901306264866,-0.0926233671689172,"soc_5_15cm",0.949219493781797
"LRR family protein","Signaling and Transport","OG0002810",-0.0585633322249824,0.15401887411989,-0.380234776806615,0.708771481644268,0.745855922963574,0.682319903704468,"soc_5_15cm",0.957903301392584
"MATH/coiled-coil protein","Signaling and Transport","OG0002867",-0.0497051779637977,0.216331439292381,-0.229764005298458,0.821186737934063,0.498614946381282,0.373268682976602,"soc_5_15cm",0.957903301392584
"Defensin-like peptide","Defense & Stress response","OG0002883",0.399049870542366,0.257500887037627,1.54970289668966,0.140764830185512,0.289621902351118,0.112027377938897,"soc_5_15cm",0.873345712726701
"Beta-galactosidase","Structural Dynamics","OG0002891",-0.255792121703542,0.200784772986957,-1.27396175466034,0.220871991047018,0.568089609733046,0.460112012166307,"soc_5_15cm",0.873345712726701
"NAC transcription factor","Growth & Reproduction","OG0002892",-0.342648670468963,0.279117620013488,-1.22761390145275,0.237347398434367,0.165345747226555,-0.0433178159668068,"soc_5_15cm",0.873345712726701
"Kelch repeat oxidase","Multifunction","OG0002893",-0.190419209299849,0.154755699209867,-1.23045038258409,0.236312455079632,0.743418459918211,0.679273074897764,"soc_5_15cm",0.873345712726701
"Thionin peptide","Defense & Stress response","OG0002919",-0.0775735349733862,0.173577464674146,-0.446910174192333,0.660930132789671,0.677210956286347,0.596513695357934,"soc_5_15cm",0.953498939051425
"WRKY TF (II-c)","Genetic Information & Regulation","OG0003409",-0.0175461629934472,0.149488972780635,-0.117374296358267,0.908024237177065,0.760585516783734,0.700731895979668,"soc_5_15cm",0.97052224040339
"Cytochrome P450","Multifunction","OG0003687",0.0880599689688295,0.25448207653048,0.346036035894584,0.733823936375999,0.306180496692372,0.132725620865465,"soc_5_15cm",0.957903301392584
"Uncharacterized DUF674 protein","Uncategorized","OG0003691",0.220514707086121,0.222175562933479,0.992524579096689,0.335715603253905,0.471159530146094,0.338949412682617,"soc_5_15cm",0.876348522779673
"Imprinted F-box protein","Multifunction","OG0003767",0.149244386581096,0.197642517852274,0.755122876407837,0.461147148311421,0.581502507886229,0.476878134857786,"soc_5_15cm",0.914802709574432
"TPR repeat protein","Genetic Information & Regulation","OG0003808",-0.249095422284884,0.176860999909402,-1.40842482182327,0.178140549800362,0.66488315702951,0.581103946286888,"soc_5_15cm",0.873345712726701
"Cysteine protease","Protein Processing and Degradation","OG0003820",0.326794591031091,0.152476387815502,2.14324719855323,0.0478092794169813,0.750920896561029,0.688651120701286,"soc_5_15cm",0.873345712726701
"F-box protein","Multifunction","OG0004081",0.1828811576741,0.277654754569723,0.658663879023097,0.519478430239664,0.174071726230469,-0.0324103422119133,"soc_5_15cm",0.919793766678758
"Serpin inhibitor","Defense & Stress response","OG0004132",0.0128767201062219,0.268590315430628,0.0479418630026802,0.962355911361161,0.227118694922354,0.0338983686529419,"soc_5_15cm",0.9769370615333
"F-box protein","Multifunction","OG0004303",0.368850208568372,0.230206886684217,1.60225531860103,0.128655090803628,0.432234856054895,0.290293570068618,"soc_5_15cm",0.873345712726701
"F-box protein","Multifunction","OG0004694",-0.0244482153189297,0.175430835438456,-0.139360992369591,0.890904007458818,0.670281005228482,0.587851256535603,"soc_5_15cm",0.97052224040339
"Defensin-like peptide","Defense & Stress response","OG0004872",-0.196285602209989,0.163157551894694,-1.20304331568224,0.246459674808967,0.714802007267633,0.643502509084541,"soc_5_15cm",0.873345712726701
"F-box protein","Multifunction","OG0005764",-0.340138539141028,0.202295592171041,-1.68139372435481,0.112098825079907,0.561565274947393,0.451956593684241,"soc_5_15cm",0.873345712726701
"F-box/FBD protein","Multifunction","OG0000009",0.20890014296478,0.175904248338553,1.18757872500454,0.252331218478104,0.642298703331264,0.55287337916408,"cec_5_15cm",0.9962151980101
"TRAF-MATH deubiquitinase","Signaling and Transport","OG0000012",-0.429506862658457,0.250727077615876,-1.71304538282251,0.106010740919891,0.273274607586368,0.0915932594829602,"cec_5_15cm",0.9962151980101
"Non-LTR reverse transcriptase","Genetic Information & Regulation","OG0000015",-0.179192425535744,0.192039580246218,-0.933101526810241,0.364635990335811,0.573666603894337,0.467083254867921,"cec_5_15cm",0.9962151980101
"PPR/TPR repeat protein","Defense & Stress response","OG0000016",0.0106503138876174,0.271451091615473,0.0392347432616121,0.969188626959287,0.148173704189706,-0.0647828697628672,"cec_5_15cm",0.9962151980101
"Auxin-response F-box","Multifunction","OG0000022",0.0271305103921316,0.233535322047906,0.116173048917055,0.908961035902922,0.369517537371023,0.211896921713779,"cec_5_15cm",0.9962151980101
"CC-NLR receptor","Multifunction","OG0000024",-0.23035781862914,0.250962291027469,-0.917898133962789,0.372302275233719,0.271910449076228,0.0898880613452854,"cec_5_15cm",0.9962151980101
"Cytochrome P450","Multifunction","OG0000027",-0.312115733830375,0.209356372374635,-1.49083464854777,0.155455602997005,0.493312457782126,0.366640572227658,"cec_5_15cm",0.9962151980101
"F-box ubiquitination factor","Multifunction","OG0000029",-0.105210908027989,0.216784724739382,-0.485324361088971,0.634024732653464,0.456718130013582,0.320897662516978,"cec_5_15cm",0.9962151980101
"Serine carboxypeptidase","Protein Processing and Degradation","OG0000030",-0.0726104824855936,0.290684669524561,-0.249791234619817,0.805927554368107,0.023185464055941,-0.221018169930074,"cec_5_15cm",0.9962151980101
"FRIGIDA-like flowering regulator","Genetic Information & Regulation","OG0000038",-0.142641095327846,0.264044358983598,-0.540216408625139,0.596487877931709,0.194024862448033,-0.00746892193995885,"cec_5_15cm",0.9962151980101
"Glycosyltransferase","Biosynthesis & Metabolism","OG0000039",-0.240027765186618,0.132960040026277,-1.80526243177409,0.0898846077390841,0.795633300114383,0.744541625142979,"cec_5_15cm",0.9962151980101
"DUF295 protein","Signaling and Transport","OG0000040",-0.255201130981642,0.208455059980724,-1.22425011417444,0.238579283109908,0.497665807130446,0.372082258913057,"cec_5_15cm",0.9962151980101
"TRAF-type E3 ligase","Protein Processing and Degradation","OG0000042",-0.0409742923495525,0.140779058877996,-0.291053887390043,0.774749261932632,0.770890038263745,0.713612547829682,"cec_5_15cm",0.9962151980101
"Uncharacterized protein","Uncategorized","OG0000045",-0.0188559715641913,0.268189840381388,-0.0703082992904447,0.944819554682846,0.168518671564822,-0.0393516605439728,"cec_5_15cm",0.9962151980101
"mTERF protein","Photosynthesis and Energy","OG0000046",0.0120786205574628,0.211021563671017,0.0572387975301586,0.955063709705984,0.485220159109098,0.356525198886373,"cec_5_15cm",0.9962151980101
"LRR receptor kinase","Signaling and Transport","OG0000047",0.0827604211027044,0.286516765335346,0.288850186500743,0.776404898113923,0.0509962323415685,-0.186254709573039,"cec_5_15cm",0.9962151980101
"Subtilase protease","Multifunction","OG0000049",-0.293300493629497,0.219353732290175,-1.33711193590042,0.199886715930519,0.443765510113092,0.304706887641365,"cec_5_15cm",0.9962151980101
"TIR-NLR RCC1-FYVE","Defense & Stress response","OG0000054",0.0311045750356147,0.2573595550906,0.120860385481568,0.905306392351781,0.234317974899065,0.0428974686238311,"cec_5_15cm",0.9962151980101
"ULP SUMO protease","Protein Processing and Degradation","OG0000060",-0.517323721977241,0.230687355053476,-2.24253176710669,0.039444382715005,0.384801260486586,0.231001575608233,"cec_5_15cm",0.991040115714501
"TIR-NLR receptor","Growth & Reproduction","OG0000065",0.169683355305743,0.21672245008661,0.782952367131007,0.445089974803413,0.457030216858066,0.321287771072582,"cec_5_15cm",0.9962151980101
"Uncharacterized protein","Uncategorized","OG0000075",0.186534988033351,0.276289424182139,0.675143424637133,0.509224578621989,0.11753725413914,-0.103078432326075,"cec_5_15cm",0.9962151980101
"Stress-induced LRR kinase","Growth & Reproduction","OG0000077",-0.235084051195485,0.26173475011395,-0.898176688778003,0.382408786956415,0.208063004170749,0.0100787552134356,"cec_5_15cm",0.9962151980101
"Ta11 non-LTR retroelement","Genetic Information & Regulation","OG0000083",0.0490794146858464,0.253005284468951,0.193985729542615,0.848628505705274,0.260007970030248,0.0750099625378104,"cec_5_15cm",0.9962151980101
"Transmembrane protein","Uncategorized","OG0000086",-0.252713657530797,0.271449384086076,-0.930978931418989,0.365699771196557,0.148184420771159,-0.0647694740360514,"cec_5_15cm",0.9962151980101
"En/Spm transposase","Uncategorized","OG0000087",-0.0382092362666873,0.24891329107904,-0.153504202612284,0.879920046472425,0.28375099503897,0.104688743798713,"cec_5_15cm",0.9962151980101
"Terpenoid cyclase/prenyltransferase","Biosynthesis & Metabolism","OG0000090",-0.347102650831569,0.232822991675878,-1.49084353024199,0.15545329366631,0.373357871774531,0.216697339718164,"cec_5_15cm",0.9962151980101
"Cysteine-rich receptor kinase","Defense & Stress response","OG0000093",0.168522069010446,0.179662866154828,0.937990540934699,0.362193832628051,0.626849090052139,0.533561362565173,"cec_5_15cm",0.9962151980101
"MuDR/Mutator transposase","Genetic Information & Regulation","OG0000095",-0.331992441929952,0.274158171496428,-1.21095220367808,0.243497669011324,0.131099099260412,-0.0861261259244845,"cec_5_15cm",0.9962151980101
"C1 domain protein","Multifunction","OG0000096",-0.104606460922423,0.252661271262468,-0.414018580686061,0.684357364625875,0.262018947494003,0.0775236843675033,"cec_5_15cm",0.9962151980101
"Ankyrin-repeat protein","Biosynthesis & Metabolism","OG0000103",0.00189921411501287,0.144270290470066,0.013164277335443,0.989659481803065,0.759385569466963,0.699231961833704,"cec_5_15cm",0.998930152137649
"Ubiquitin","Protein Processing and Degradation","OG0000106",0.0902339798808765,0.211256769576553,0.427129412523647,0.674977424701282,0.484071966153306,0.355089957691632,"cec_5_15cm",0.9962151980101
"ATFDB F-box protein","Multifunction","OG0000107",0.148164636019343,0.12509220999752,1.18444334800928,0.253534577025156,0.819104239773881,0.773880299717351,"cec_5_15cm",0.9962151980101
"Non-LTR reverse transcriptase","Genetic Information & Regulation","OG0000118",-0.0700262546417371,0.128324014146609,-0.545698754106404,0.592800420370207,0.809636478310029,0.762045597887536,"cec_5_15cm",0.9962151980101
"Rossmann enzyme (senescence)","Defense & Stress response","OG0000126",0.490132183804252,0.257205381858097,1.90560625233987,0.074831483275797,0.23523507560008,0.0440438445000995,"cec_5_15cm",0.9962151980101
"LRR receptor-like protein","Signaling and Transport","OG0000141",0.0344910944375599,0.242972955367823,0.141954459027532,0.888888068910964,0.317529741322303,0.146912176652879,"cec_5_15cm",0.9962151980101
"SAUR auxin protein","Signaling and Transport","OG0000142",-0.214329648886142,0.263024909566788,-0.814864452340847,0.427113169323456,0.200236430309515,0.000295537886893182,"cec_5_15cm",0.9962151980101
"F-box/LRR protein","Multifunction","OG0000147",-0.249564462655965,0.167902099945883,-1.48636891817555,0.156620356078315,0.674103187037295,0.592628983796618,"cec_5_15cm",0.9962151980101
"DOR F-box regulator","Defense & Stress response","OG0000150",-0.197140805199759,0.21025480639934,-0.937628055100562,0.36237451512661,0.488954318577626,0.361192898222033,"cec_5_15cm",0.9962151980101
"WAK-like receptor kinase","Signaling and Transport","OG0000159",0.269128282860702,0.264096679980682,1.01905212470065,0.323340720695253,0.193705419147155,-0.0078682260660563,"cec_5_15cm",0.9962151980101
"CYP71 P450","Defense & Stress response","OG0000164",0.0566166252443707,0.133128832770939,0.425276959663466,0.676299426170474,0.795114083780313,0.743892604725391,"cec_5_15cm",0.9962151980101
"F-box/kelch DUF295","Multifunction","OG0000166",-0.0218488439041929,0.224103252477084,-0.0974945417466756,0.923544536916878,0.419417184820415,0.274271481025518,"cec_5_15cm",0.9962151980101
"Autophagy protein","Multifunction","OG0000167",0.283227521923638,0.258112953734614,1.09730068880947,0.288750272337296,0.229828472579275,0.0372855907240933,"cec_5_15cm",0.9962151980101
"Uncharacterized protein","Uncategorized","OG0000170",-0.0166489226166384,0.0723966814839743,-0.229968035486873,0.821030896726108,0.939409410676726,0.924261763345907,"cec_5_15cm",0.9962151980101
"KUK F-box protein","Multifunction","OG0000182",0.144354152026662,0.2557110924193,0.564520493268079,0.580228698976886,0.244095392045576,0.0551192400569707,"cec_5_15cm",0.9962151980101
"Receptor-like protein","Defense & Stress response","OG0000184",-0.0105864319912217,0.203717015414096,-0.0519663611294455,0.959198767785381,0.520241732675485,0.400302165844356,"cec_5_15cm",0.9962151980101
"Receptor-like kinase","Signaling and Transport","OG0000185",-0.0417548168697088,0.180728251971801,-0.231036467260381,0.820214939682773,0.622410461037343,0.528013076296678,"cec_5_15cm",0.9962151980101
"En/Spm transposase-like","Uncategorized","OG0000186",-0.115203124391086,0.197893045807764,-0.58214842224924,0.568579806173618,0.547280789706325,0.434100987132906,"cec_5_15cm",0.9962151980101
"F-box protein","Multifunction","OG0000188",-0.00574259773676328,0.200246354722884,-0.0286776642936164,0.977476330797966,0.536449455512612,0.420561819390765,"cec_5_15cm",0.997323565941072
"Nuclease","Genetic Information & Regulation","OG0000192",-0.586916687549656,0.224982013114831,-2.60872715744655,0.0190008624720135,0.414855058994559,0.268568823743198,"cec_5_15cm",0.991040115714501
"CYP72 P450","Multifunction","OG0000196",0.103737040573584,0.272992917159025,0.37999901848426,0.70894305069389,0.138469580642194,-0.0769130241972578,"cec_5_15cm",0.9962151980101
"ECA1 gametogenesis protein","Growth & Reproduction","OG0000199",0.137087804505595,0.21058591010715,0.650982795742805,0.524297377262795,0.487343488785887,0.359179360982358,"cec_5_15cm",0.9962151980101
"Leaf-shape QTL factor","Defense & Stress response","OG0000200",0.238459395717542,0.277274444933024,0.860012165113673,0.402485199098651,0.111233765514638,-0.110957793106703,"cec_5_15cm",0.9962151980101
"Receptor-like kinase","Signaling and Transport","OG0000202",0.0994842241716653,0.222057276989927,0.448011546931552,0.660151765221449,0.429969783709141,0.287462229636426,"cec_5_15cm",0.9962151980101
"Uncharacterized DUF577 protein","Uncategorized","OG0000206",0.0977513686064202,0.291540423292911,0.335292675719996,0.741760235671023,0.0174256614938081,-0.22821792313274,"cec_5_15cm",0.9962151980101
"RRM RNA-binding protein","Genetic Information & Regulation","OG0000207",-0.104704076178714,0.150273473833252,-0.696756876033203,0.495954156178763,0.738944703087482,0.673680878859353,"cec_5_15cm",0.9962151980101
"RPP receptor-like protein","Defense & Stress response","OG0000210",-0.146909761961918,0.198598071222888,-0.739734082296499,0.470176773908937,0.544049275329337,0.430061594161671,"cec_5_15cm",0.9962151980101
"RNase H-like enzyme","Genetic Information & Regulation","OG0000213",-0.212064116329045,0.2199802423465,-0.964014377232177,0.349383784051595,0.440583579583757,0.300729474479697,"cec_5_15cm",0.9962151980101
"F-box/LRR protein","Multifunction","OG0000217",0.000949470703944686,0.280204225220479,0.00338849531336508,0.997338266234549,0.0923524971245192,-0.134559378594351,"cec_5_15cm",0.998930152137649
"F-box DUF295 protein","Multifunction","OG0000220",0.179436949537441,0.280135628140542,0.640535981547549,0.530891587989417,0.0927968469343966,-0.134003941332004,"cec_5_15cm",0.9962151980101
"Uncharacterized DUF1204 protein","Uncategorized","OG0000224",0.115058383536919,0.201008162898554,0.572406522589766,0.575002304496562,0.532915725037852,0.416144656297315,"cec_5_15cm",0.9962151980101
"PR thionin protein","Defense & Stress response","OG0000228",-0.401577217279807,0.235977664701109,-1.70175943468399,0.108147832084654,0.356261245394158,0.195326556742698,"cec_5_15cm",0.9962151980101
"RRM RNA-binding protein","Defense & Stress response","OG0000242",-0.000977854711842599,0.242177498599549,-0.00403776039267597,0.996828257676742,0.321991035701678,0.152488794627097,"cec_5_15cm",0.998930152137649
"Kelch repeat oxidase","Multifunction","OG0000253",-0.0939143546386964,0.190117505190588,-0.493980575563254,0.62803263482848,0.582158019865178,0.477697524831473,"cec_5_15cm",0.9962151980101
"RPA1 ssDNA-binding","Genetic Information & Regulation","OG0000255",-0.305692405785133,0.232245418522549,-1.31624730308922,0.206636879707993,0.376463086928251,0.220578858660313,"cec_5_15cm",0.9962151980101
"Seed germination F-box","Multifunction","OG0000258",-0.356547863612094,0.157614980254675,-2.26214451847142,0.0379616660064701,0.712814279876316,0.641017849845395,"cec_5_15cm",0.991040115714501
"Pectin lyase","Structural Dynamics","OG0000261",0.518125280372838,0.190316379090633,2.72244187730208,0.0150628859696333,0.581283388918456,0.47660423614807,"cec_5_15cm",0.991040115714501
"Extensin-like protein","Multifunction","OG0000264",-0.0410832979425165,0.212194153200018,-0.19361182823822,0.848916418128893,0.479483280545581,0.349354100681977,"cec_5_15cm",0.9962151980101
"TNL-WRKY immune receptor","Defense & Stress response","OG0000266",0.0376912203914859,0.251111760627518,0.150097392082701,0.882563633601465,0.271042911076642,0.0888036388458029,"cec_5_15cm",0.9962151980101
"C1 domain protein","Defense & Stress response","OG0000269",0.470470083434221,0.221270971043476,2.12621692405273,0.0493987106853703,0.433999596047828,0.292499495059785,"cec_5_15cm",0.9962151980101
"UCH deubiquitinase","Multifunction","OG0000271",0.104670172733052,0.277766908927848,0.376827366287323,0.71125273602085,0.108073906664939,-0.114907616668827,"cec_5_15cm",0.9962151980101
"Uncharacterized protein","Uncategorized","OG0000276",-0.414372920655535,0.167831834716274,-2.46897688603624,0.0251964055626022,0.674375898609825,0.592969873262282,"cec_5_15cm",0.991040115714501
"Glycoside hydrolase","Defense & Stress response","OG0000297",-0.0182254944471869,0.186936655573599,-0.0974955628218742,0.923543738878207,0.5960228557209,0.495028569651125,"cec_5_15cm",0.9962151980101
"Kelch repeat oxidase","Multifunction","OG0000299",0.0760001479277316,0.225174433501436,0.337516771979564,0.740114750482909,0.413853717035971,0.267317146294964,"cec_5_15cm",0.9962151980101
"RRM RNA-binding protein","Genetic Information & Regulation","OG0000319",0.0503803404072551,0.22551817764156,0.223398135503427,0.826052935271576,0.412062766467609,0.265078458084511,"cec_5_15cm",0.9962151980101
"TN13 TIR-NLR receptor","Defense & Stress response","OG0000320",-0.0148913791150196,0.266292600305449,-0.0559211149612815,0.956097020225054,0.180241261933626,-0.0246984225829672,"cec_5_15cm",0.9962151980101
"F-box protein","Multifunction","OG0000325",0.30884161108979,0.252284068440372,1.22418198263195,0.23860428520849,0.264220794602786,0.0802759932534831,"cec_5_15cm",0.9962151980101
"C1 domain protein","Defense & Stress response","OG0000329",0.0329826869276613,0.149403288071034,0.220762791458643,0.828069602811837,0.741959325323503,0.677449156654379,"cec_5_15cm",0.9962151980101
"F-box protein","Multifunction","OG0000338",0.0894504395878727,0.283903076065789,0.315073865445347,0.75677748726685,0.0682314366542043,-0.164710704182245,"cec_5_15cm",0.9962151980101
"F-box/FBD protein","Multifunction","OG0000339",0.122184594123991,0.247292047991219,0.494090267424731,0.627956873706939,0.293050876822405,0.116313596028006,"cec_5_15cm",0.9962151980101
"MYB/SANT protein","Genetic Information & Regulation","OG0000343",0.0556094344073558,0.25027627438313,0.222192193584548,0.826975613656282,0.275885539285081,0.0948569241063509,"cec_5_15cm",0.9962151980101
"Plastocyanin-like protein","Defense & Stress response","OG0000347",0.152050668931028,0.248955463988111,0.610754495986035,0.549940584985838,0.2835082690445,0.104385336305624,"cec_5_15cm",0.9962151980101
"LRR receptor-like protein","Signaling and Transport","OG0000348",-0.157051503627076,0.253286653770936,-0.620054398006727,0.543952669235219,0.258361152114899,0.0729514401436231,"cec_5_15cm",0.9962151980101
"DUF1163 TM protein","Defense & Stress response","OG0000360",-0.258344902010461,0.224640525471338,-1.15003693776269,0.267028388749616,0.416630028616388,0.270787535770485,"cec_5_15cm",0.9962151980101
"F-box protein","Multifunction","OG0000361",0.268919935179561,0.172107883544693,1.56250794351165,0.137728783040585,0.657571908255615,0.571964885319518,"cec_5_15cm",0.9962151980101
"RRM RNA-binding protein","Genetic Information & Regulation","OG0000367",-0.104068144062641,0.21748118004071,-0.478515630838312,0.638756523217652,0.453221764407533,0.316527205509416,"cec_5_15cm",0.9962151980101
"Cytochrome P450","Multifunction","OG0000372",0.206131569411061,0.261910325581612,0.78703109147497,0.442766272373795,0.207000162152673,0.00875020269084126,"cec_5_15cm",0.9962151980101
"Kelch repeat oxidase","Multifunction","OG0000382",0.135248931748279,0.248754229293414,0.543705054311854,0.594140069097168,0.284666104423642,0.105832630529553,"cec_5_15cm",0.9962151980101
"DUF1985 TM protease","Genetic Information & Regulation","OG0000384",0.0488805414211361,0.206126726335774,0.237138299773466,0.815559109412172,0.508824756059458,0.386030945074323,"cec_5_15cm",0.9962151980101
"CCHC zinc knuckle","Genetic Information & Regulation","OG0000385",-0.247017356145775,0.254798507719708,-0.969461549663028,0.34674279588668,0.249481126718323,0.0618514083979036,"cec_5_15cm",0.9962151980101
"Beta-1,3-glucanase","Defense & Stress response","OG0000386",0.0658769462583802,0.274031353166606,0.240399302843016,0.81307380499395,0.131902774557247,-0.0851215318034408,"cec_5_15cm",0.9962151980101
"ATP-binding protein","Photosynthesis and Energy","OG0000388",0.0355624525350008,0.179193395115513,0.198458500728089,0.845186098868445,0.628796678511801,0.535995848139751,"cec_5_15cm",0.9962151980101
"PAH domain protein","Defense & Stress response","OG0000402",-0.0594312224427036,0.168647643830009,-0.352398771148018,0.729138266715818,0.671202570398856,0.58900321299857,"cec_5_15cm",0.9962151980101
"DUF295 organellar protein","Uncategorized","OG0000418",0.0601817256726261,0.189387419835722,0.317770450248643,0.754768652222095,0.585361034409864,0.48170129301233,"cec_5_15cm",0.9962151980101
"C1 domain protein","Genetic Information & Regulation","OG0000422",0.160902041660183,0.232530880508752,0.691959886395077,0.498881898850017,0.374929317368387,0.218661646710484,"cec_5_15cm",0.9962151980101
"CCHC zinc knuckle","Genetic Information & Regulation","OG0000432",-0.27345557458609,0.250593964641717,-1.09122969093473,0.291332541537098,0.274046051183097,0.0925575639788714,"cec_5_15cm",0.9962151980101
"Mutator transposase DEK","Genetic Information & Regulation","OG0000434",0.0488783921101214,0.286650198014948,0.170515814915197,0.866742094283509,0.0501121123405463,-0.187359859574317,"cec_5_15cm",0.9962151980101
"F-box protein","Multifunction","OG0000440",0.366187482268739,0.221310902406757,1.65462920392285,0.117480309210507,0.433795292636632,0.29224411579579,"cec_5_15cm",0.9962151980101
"Uncharacterized DUF1985 TM protein","Uncategorized","OG0000445",-0.0941939027534794,0.228594960715168,-0.412055902102086,0.685766184588102,0.39591067362071,0.244888342025888,"cec_5_15cm",0.9962151980101
"OB-fold nucleic protein","Genetic Information & Regulation","OG0000448",0.147043268068962,0.248419523740222,0.591915103350448,0.562178900169129,0.286589811615908,0.108237264519885,"cec_5_15cm",0.9962151980101
"CCHC zinc knuckle","Genetic Information & Regulation","OG0000452",0.249652590139955,0.267306018036546,0.933957985584232,0.364207359549776,0.173989951693583,-0.0325125603830207,"cec_5_15cm",0.9962151980101
"Callose synthase","Structural Dynamics","OG0000496",-0.0116677643519218,0.214452748112491,-0.0544071570759333,0.957284347182115,0.468343547102899,0.335429433878623,"cec_5_15cm",0.9962151980101
"Ceramide synthase","Genetic Information & Regulation","OG0000500",-0.0334918377106753,0.277006422236085,-0.120906358200357,0.905270558880028,0.112951157051029,-0.108811053686214,"cec_5_15cm",0.9962151980101
"F-box/FBD protein","Multifunction","OG0000501",-0.0195565072618494,0.23405967654001,-0.0835535088783498,0.93444788043269,0.366683127134112,0.20835390891764,"cec_5_15cm",0.9962151980101
"Uncharacterized protein","Uncategorized","OG0000503",0.15927643288181,0.270851368495763,0.588058438716368,0.564701926402655,0.151933465060563,-0.060083168674296,"cec_5_15cm",0.9962151980101
"hAT dimerization MYM ZnF","Genetic Information & Regulation","OG0000504",0.273146629712776,0.196901625502663,1.38722384345721,0.184395014197177,0.551805564299589,0.439756955374486,"cec_5_15cm",0.9962151980101
"Resistance C1 protein","Genetic Information & Regulation","OG0000510",-0.224129635206094,0.15862334011944,-1.41296756856418,0.176823144508399,0.709127918529339,0.636409898161674,"cec_5_15cm",0.9962151980101
"F-box ubiquitination factor","Defense & Stress response","OG0000513",-0.340611351593663,0.218794037742605,-1.55676706325228,0.139083030083793,0.446600421833479,0.308250527291848,"cec_5_15cm",0.9962151980101
"Dynamin-related protein","Signaling and Transport","OG0000535",-0.13731037122127,0.253782795111093,-0.541054688759189,0.595923304767905,0.255452841971564,0.0693160524644546,"cec_5_15cm",0.9962151980101
"ATFDB F-box/kelch","Genetic Information & Regulation","OG0000546",0.130845119855668,0.194430484581369,0.672966073902415,0.51057267406641,0.562984767618107,0.453730959522634,"cec_5_15cm",0.9962151980101
"GGPP synthase","Biosynthesis & Metabolism","OG0000549",0.0395627015670206,0.291169567697069,0.135875125549458,0.893614837128353,0.0199238497276905,-0.225095187840387,"cec_5_15cm",0.9962151980101
"RT zinc-binding protein","Genetic Information & Regulation","OG0000589",-0.0160099435516726,0.239353322957063,-0.0668883279073779,0.947499311071745,0.337712161799022,0.172140202248777,"cec_5_15cm",0.9962151980101
"MUSTANG domesticated TE","Genetic Information & Regulation","OG0000591",0.16274926387155,0.278110274361165,0.585196876474249,0.566577809382075,0.105867409984811,-0.117665737518987,"cec_5_15cm",0.9962151980101
"GCK-domain protein","Signaling and Transport","OG0000594",-0.212840635635828,0.209662961104644,-1.0151561082341,0.32513751886374,0.491827349548816,0.36478418693602,"cec_5_15cm",0.9962151980101
"RNase H protein","Genetic Information & Regulation","OG0000598",-0.246471908966811,0.275817405877982,-0.893605348010004,0.384777526529425,0.120549912033372,-0.0993126099582846,"cec_5_15cm",0.9962151980101
"SRP-binding P-loop NTPase","Signaling and Transport","OG0000599",0.0992550877577423,0.13059396497418,0.760028135889479,0.458291362548715,0.802842150202024,0.75355268775253,"cec_5_15cm",0.9962151980101
"TIR-NLR receptor","Genetic Information & Regulation","OG0000601",0.255411344565355,0.259251532698466,0.985187404320664,0.339196631432986,0.22301877810316,0.0287734726289504,"cec_5_15cm",0.9962151980101
"F-box ubiquitination factor","Multifunction","OG0000605",-0.286702122433555,0.244025923514778,-1.17488387423803,0.257230525332955,0.311601702314523,0.139502127893154,"cec_5_15cm",0.9962151980101
"F-box/FBD protein","Multifunction","OG0000606",0.263299726106351,0.268484775917225,0.980687732504907,0.341343956141512,0.166688861489626,-0.0416389231379677,"cec_5_15cm",0.9962151980101
"F-box/FBD protein","Protein Processing and Degradation","OG0000618",0.234933010731976,0.203826749444231,1.15261128076938,0.266000358806094,0.519724741130817,0.399655926413522,"cec_5_15cm",0.9962151980101
"Receptor-like protein","Signaling and Transport","OG0000620",0.550771852776883,0.219983441456458,2.50369686522928,0.023498767057146,0.440567308598371,0.300709135747964,"cec_5_15cm",0.991040115714501
"DUF1985 K-box protein","Uncategorized","OG0000621",-0.0744072176729571,0.263728391281455,-0.282135788685522,0.781456249703412,0.195952642635733,-0.00505919670533372,"cec_5_15cm",0.9962151980101
"CLV2-like receptor","Signaling and Transport","OG0000639",0.0738660574859797,0.226915516880252,0.325522284687831,0.749004046887772,0.404754327014852,0.255942908768565,"cec_5_15cm",0.9962151980101
"C1 domain protein","Genetic Information & Regulation","OG0000679",0.179149495805675,0.267645498122741,0.669353667676928,0.512813780711655,0.171890544968053,-0.0351368187899344,"cec_5_15cm",0.9962151980101
"S1 self-incompatibility protein","Growth & Reproduction","OG0000692",0.107030518099017,0.272596062774041,0.392634130551388,0.699771090035778,0.14097260243372,-0.0737842469578505,"cec_5_15cm",0.9962151980101
"S1 self-incompatibility protein","Growth & Reproduction","OG0000712",-0.0463193361946421,0.259201755178291,-0.178699932655863,0.860416493313352,0.223317117596388,0.0291463969954845,"cec_5_15cm",0.9962151980101
"Uncharacterized protein","Uncategorized","OG0000720",-0.0603384361786898,0.174220079857941,-0.346334568483092,0.73360384498716,0.64911542687672,0.5613942835959,"cec_5_15cm",0.9962151980101
"RT/RNase H-like","Genetic Information & Regulation","OG0000724",-0.168428205067865,0.155601319989645,-1.08243429476738,0.295103734760455,0.720105469837644,0.650131837297055,"cec_5_15cm",0.9962151980101
"Cysteine protease","Protein Processing and Degradation","OG0000725",0.113126056060024,0.157252457869385,0.71939133793373,0.482276086419925,0.714133843810571,0.642667304763214,"cec_5_15cm",0.9962151980101
"RNase H / thioredoxin","Genetic Information & Regulation","OG0000728",0.0269513888847127,0.195557420746591,0.137818287753126,0.892103541454391,0.557904128912492,0.447380161140614,"cec_5_15cm",0.9962151980101
"F-box protein","Multifunction","OG0000731",-0.454256601913401,0.158367454885936,-2.86837091775315,0.0111487351588622,0.710065609498284,0.637582011872854,"cec_5_15cm",0.991040115714501
"C1 domain protein","Genetic Information & Regulation","OG0000736",-0.0967096311622905,0.274981804168642,-0.351694656505271,0.729656252172688,0.125870510513839,-0.0926618618577009,"cec_5_15cm",0.9962151980101
"Thionin peptide","Defense & Stress response","OG0000739",0.205273570595181,0.275707617335348,0.744533548180873,0.46734917286957,0.121249899234702,-0.098437625956622,"cec_5_15cm",0.9962151980101
"Tryptophan biosynthesis protein","Biosynthesis & Metabolism","OG0000761",-0.459709149806666,0.204307322758593,-2.25008650497492,0.0388669834531164,0.517457329545231,0.396821661931539,"cec_5_15cm",0.991040115714501
"Cystatin inhibitor","Uncategorized","OG0000817",0.271408404397776,0.25985914935639,1.04444428864633,0.311803955403473,0.219372435304532,0.0242155441306654,"cec_5_15cm",0.9962151980101
"Gag-Pol retrotransposon","Genetic Information & Regulation","OG0000822",0.048176384019941,0.225725874357486,0.213428718161229,0.83368842061128,0.410979316208971,0.263724145261213,"cec_5_15cm",0.9962151980101
"Pectin lyase","Biosynthesis & Metabolism","OG0000846",-0.101723125302677,0.279609866143771,-0.363803776689243,0.720767151056131,0.0961989514796169,-0.129751310650479,"cec_5_15cm",0.9962151980101
"RING/U-box E3 ligase","Protein Processing and Degradation","OG0000865",0.293270688370565,0.164195774848826,1.7861037449994,0.0930453811279162,0.688332288116077,0.610415360145096,"cec_5_15cm",0.9962151980101
"Subtilisin protease","Multifunction","OG0000887",0.268377408431678,0.208127603917548,1.28948492838076,0.215559046467736,0.499242772247407,0.374053465309259,"cec_5_15cm",0.9962151980101
"Uncharacterized DUF1985 protein","Uncategorized","OG0000893",0.0621033284190552,0.181732506949952,0.341729333190556,0.737001686836468,0.618202488989182,0.522753111236477,"cec_5_15cm",0.9962151980101
"REM transcription factor","Growth & Reproduction","OG0000907",0.0850654564432261,0.226648041906622,0.375319617710497,0.712351741861463,0.406156782757987,0.257695978447484,"cec_5_15cm",0.9962151980101
"RING finger E3 ligase","Protein Processing and Degradation","OG0000913",-0.0243622002158204,0.121132052120709,-0.201121006284474,0.843138470656812,0.830376505090371,0.787970631362964,"cec_5_15cm",0.9962151980101
"Uncharacterized protein","Biosynthesis & Metabolism","OG0000929",0.0608010366968563,0.208209875755854,0.292018024967035,0.77402525961438,0.498846800164654,0.373558500205818,"cec_5_15cm",0.9962151980101
"AGL MADS-box TF","Genetic Information & Regulation","OG0000949",-0.298269908199584,0.24479284361168,-1.21845844755469,0.240711880555191,0.307267932428804,0.134084915536004,"cec_5_15cm",0.9962151980101
"B3 domain protein","Uncategorized","OG0000962",-0.103333770475098,0.275633636623896,-0.374895356534798,0.712661106274579,0.121721426544103,-0.0978482168198718,"cec_5_15cm",0.9962151980101
"Cytochrome P450","Biosynthesis & Metabolism","OG0001007",-0.124906745009385,0.205354528542133,-0.608249284279885,0.551559680571279,0.512497972078794,0.390622465098492,"cec_5_15cm",0.9962151980101
"C1 domain protein","Multifunction","OG0001038",0.156123316948707,0.258933596369122,0.602947315983459,0.554994742943569,0.224923330647911,0.0311541633098893,"cec_5_15cm",0.9962151980101
"Reverse transcriptase","Genetic Information & Regulation","OG0001079",-0.00837323422593319,0.230195324496753,-0.0363744756512259,0.971433725422784,0.387422763248228,0.234278454060286,"cec_5_15cm",0.9962151980101
"Uncharacterized protein","Uncategorized","OG0001115",0.197903766156075,0.271166809995617,0.729822968228576,0.476048568857082,0.149956948128802,-0.0625538148389975,"cec_5_15cm",0.9962151980101
"GRF zinc-finger TM protein","Genetic Information & Regulation","OG0001127",-0.013555481235812,0.244716310986891,-0.0553926347661317,0.956511470748914,0.307701019564891,0.134626274456114,"cec_5_15cm",0.9962151980101
"NLR resistance protein","Defense & Stress response","OG0001132",0.177952620327787,0.270661996871323,0.65747176325012,0.520224692789712,0.153118938812066,-0.0586013264849177,"cec_5_15cm",0.9962151980101
"Uncharacterized protein","Uncategorized","OG0001135",-0.0596282711006877,0.251966733386464,-0.236651363849808,0.81593039262999,0.266070627520805,0.0825882844010064,"cec_5_15cm",0.9962151980101
"F-box protein","Multifunction","OG0001136",0.0808496031666095,0.247280699802739,0.326954765297514,0.747940460289036,0.293115758874887,0.116394698593609,"cec_5_15cm",0.9962151980101
"RT / nucleotidyltransferase","Genetic Information & Regulation","OG0001139",-0.040041279124596,0.226966342811189,-0.17641945774271,0.862178132607536,0.404487643589136,0.25560955448642,"cec_5_15cm",0.9962151980101
"Glycoside hydrolase","Defense & Stress response","OG0001188",0.470191285099508,0.245437053540445,1.91573064587017,0.0734452159835815,0.303617073387678,0.129521341734597,"cec_5_15cm",0.9962151980101
"Jacalin lectin","Defense & Stress response","OG0001196",0.0117647127554443,0.254524011060174,0.0462224082766907,0.963704991940523,0.251097336755319,0.0638716709441489,"cec_5_15cm",0.9962151980101
"EIN2-targeting F-box","Multifunction","OG0001262",-0.0338394635024819,0.21108217978717,-0.160314165490434,0.874640137442608,0.484924374775342,0.356155468469177,"cec_5_15cm",0.9962151980101
"Alpha/beta hydrolase","Biosynthesis & Metabolism","OG0001318",-0.142532258206598,0.277743401178154,-0.513179638479234,0.61483841042272,0.108224869846188,-0.114718912692265,"cec_5_15cm",0.9962151980101
"Sarcosine dehydrogenase-like","Uncategorized","OG0001336",0.141904560196852,0.14756473703156,0.961642754572877,0.350537996177823,0.748271125470307,0.685338906837883,"cec_5_15cm",0.9962151980101
"F-box ubiquitination factor","Multifunction","OG0001349",-0.361198529970076,0.242216400941574,-1.49122242988493,0.155354802475243,0.321773193373208,0.15221649171651,"cec_5_15cm",0.9962151980101
"Uncharacterized protein","Uncategorized","OG0001363",0.0855509887439628,0.264987481138487,0.322849171502001,0.750990175637084,0.188256963862805,-0.0146787951714933,"cec_5_15cm",0.9962151980101
"DnaJ chaperone","Defense & Stress response","OG0001392",0.0510328139310051,0.208316811173962,0.244976935099052,0.809588543965229,0.498331889055942,0.372914861319928,"cec_5_15cm",0.9962151980101
"Transmembrane protein","Uncategorized","OG0001398",0.223862421104976,0.174137256217579,1.28555155839407,0.216895650163028,0.649448966269397,0.561811207836747,"cec_5_15cm",0.9962151980101
"Neprosin-like protease","Uncategorized","OG0001400",0.0885977786890976,0.248444515693178,0.356609919288834,0.726043150927735,0.286446260815579,0.108057826019474,"cec_5_15cm",0.9962151980101
"Invertase/PMEI inhibitor","Biosynthesis & Metabolism","OG0001401",0.156266191445616,0.280047160321747,0.557999557167733,0.584568749979622,0.0933697523642641,-0.13328780954467,"cec_5_15cm",0.9962151980101
"HARBI1-like nuclease","Genetic Information & Regulation","OG0001408",-0.0860622756350594,0.226329628505165,-0.380251919306692,0.708759007117205,0.407824168140026,0.259780210175032,"cec_5_15cm",0.9962151980101
"NYN-domain nuclease","Uncategorized","OG0001411",0.226259826871861,0.163163874086197,1.38670295823162,0.184550894786802,0.692237377126109,0.615296721407636,"cec_5_15cm",0.9962151980101
"N-myristoyltransferase","Protein Processing and Degradation","OG0001412",0.044341192065902,0.245345598146624,0.180729519505798,0.858849301823559,0.304135952734504,0.13016994091813,"cec_5_15cm",0.9962151980101
"Mannose-binding lectin","Defense & Stress response","OG0001688",-0.0678380386998257,0.251817519403826,-0.269393642112079,0.791070040034232,0.266939631906179,0.0836745398827239,"cec_5_15cm",0.9962151980101
"MEG embryo factor","Uncategorized","OG0001769",-0.113177242307573,0.172421458744507,-0.656398821420937,0.520896870269517,0.656322984919717,0.570403731149647,"cec_5_15cm",0.9962151980101
"Kelch repeat oxidase","Multifunction","OG0001813",-0.0474396649892667,0.229364022591352,-0.206831326261608,0.838750824858579,0.39183916158169,0.239798951977113,"cec_5_15cm",0.9962151980101
"F-box protein","Multifunction","OG0001841",0.145810455633258,0.252532366028129,0.577393139448179,0.571710103385184,0.262771776393732,0.0784647204921651,"cec_5_15cm",0.9962151980101
"Uncharacterized protein","Uncategorized","OG0001893",-0.162728982897683,0.269198173045311,-0.604495123636268,0.553990758931234,0.162254557334845,-0.0471818033314437,"cec_5_15cm",0.9962151980101
"Cysteine-rich peptide","Defense & Stress response","OG0001901",-0.140856327156392,0.152941111111337,-0.920984071142595,0.370737397559626,0.729593990187214,0.661992487734018,"cec_5_15cm",0.9962151980101
"Cytochrome b561 reductase","Uncategorized","OG0001911",0.47089923619502,0.255690438973582,1.84167713929919,0.0841371025319125,0.24421749393923,0.0552718674240374,"cec_5_15cm",0.9962151980101
"F-box protein","Multifunction","OG0001918",0.077064045070949,0.192359736431955,0.40062461355165,0.693995286640301,0.57224390707079,0.465304883838488,"cec_5_15cm",0.9962151980101
"F-box/RNI protein","Multifunction","OG0001923",0.0371411313139198,0.150185291790255,0.247302055155908,0.807819851747879,0.739250993140246,0.674063741425307,"cec_5_15cm",0.9962151980101
"Defense protein kinase","Signaling and Transport","OG0001927",0.138661797993934,0.2409435688591,0.575494912151076,0.57296216858843,0.328882543717483,0.161103179646854,"cec_5_15cm",0.9962151980101
"TRAF-like protein","Signaling and Transport","OG0001929",-0.196689754608981,0.265723276828855,-0.740205212566541,0.469898750178125,0.183742741075767,-0.0203215736552913,"cec_5_15cm",0.9962151980101
"RRM RNA-binding protein","Genetic Information & Regulation","OG0002178",0.0956346508581027,0.217662606016794,0.439371064273319,0.666268968065998,0.452309123120359,0.315386403900449,"cec_5_15cm",0.9962151980101
"Defensin-like peptide","Defense & Stress response","OG0002370",-0.212864393088345,0.185408651950117,-1.14808230818492,0.267810941944662,0.602600011478693,0.503250014348366,"cec_5_15cm",0.9962151980101
"DUF247 TM protein","Uncategorized","OG0002564",0.321818028600658,0.237167638983855,1.35692217529966,0.193642068283432,0.34975245977898,0.187190574723725,"cec_5_15cm",0.9962151980101
"Amino acid transporter","Signaling and Transport","OG0002742",0.0301822082432106,0.27696239745136,0.108975833979453,0.914576677147997,0.113233092976901,-0.108458633778874,"cec_5_15cm",0.9962151980101
"LRR family protein","Signaling and Transport","OG0002810",0.103170360437549,0.146689024671973,0.703327059868718,0.491960534652882,0.751249994165186,0.689062492706482,"cec_5_15cm",0.9962151980101
"MATH/coiled-coil protein","Signaling and Transport","OG0002867",-0.122665240961726,0.206334893978292,-0.594495863480227,0.560493908441955,0.507832178105152,0.38479022263144,"cec_5_15cm",0.9962151980101
"Defensin-like peptide","Defense & Stress response","OG0002883",0.1868616761691,0.26170824329496,0.71400760563165,0.485508997318319,0.208223400660984,0.0102792508262296,"cec_5_15cm",0.9962151980101
"Beta-galactosidase","Structural Dynamics","OG0002891",0.185704960015349,0.197474181866288,0.940401212251089,0.36099379764595,0.549195228561865,0.436494035702331,"cec_5_15cm",0.9962151980101
"NAC transcription factor","Growth & Reproduction","OG0002892",-0.16274926387155,0.278110274361165,-0.585196876474249,0.566577809382075,0.105867409984811,-0.117665737518987,"cec_5_15cm",0.9962151980101
"Kelch repeat oxidase","Multifunction","OG0002893",0.0427754376578939,0.155502375660082,0.275078997837294,0.786776099927192,0.72046131735313,0.650576646691412,"cec_5_15cm",0.9962151980101
"Thionin peptide","Defense & Stress response","OG0002919",0.145391595675565,0.164163542037331,0.88565094217145,0.3889226642592,0.688454641332186,0.610568301665233,"cec_5_15cm",0.9962151980101
"WRKY TF (II-c)","Genetic Information & Regulation","OG0003409",0.0728488456812882,0.142815493355376,0.510090634914619,0.616952241149101,0.764213733049073,0.705267166311341,"cec_5_15cm",0.9962151980101
"Cytochrome P450","Multifunction","OG0003687",-0.159385099374875,0.242650031081636,-0.65685175750607,0.52061305471308,0.319342616077444,0.149178270096805,"cec_5_15cm",0.9962151980101
"Uncharacterized DUF674 protein","Uncategorized","OG0003691",-0.295198140031006,0.207645324331436,-1.42164597725216,0.174328504285789,0.501560823026508,0.376951028783135,"cec_5_15cm",0.9962151980101
"Imprinted F-box protein","Multifunction","OG0003767",-0.199455175931782,0.187096557718099,-1.06605475998283,0.302222015818355,0.595331451042054,0.494164313802568,"cec_5_15cm",0.9962151980101
"TPR repeat protein","Genetic Information & Regulation","OG0003808",0.201160585250521,0.173359623974044,1.16036583743767,0.262921723922467,0.652572836807991,0.565716046009989,"cec_5_15cm",0.9962151980101
"Cysteine protease","Protein Processing and Degradation","OG0003820",-0.0516763801473995,0.166027130309097,-0.31125262510526,0.759627224981137,0.681341152945303,0.601676441181629,"cec_5_15cm",0.9962151980101
"F-box protein","Multifunction","OG0004081",-0.238532271733844,0.264247166870766,-0.90268620306723,0.380081702999603,0.192786275946462,-0.00901715506692291,"cec_5_15cm",0.9962151980101
"Serpin inhibitor","Defense & Stress response","OG0004132",-0.213414782774825,0.25302112267799,-0.84346627078416,0.411400875243195,0.259915319670595,0.0748941495882434,"cec_5_15cm",0.9962151980101
"F-box protein","Multifunction","OG0004303",-0.000325145271636862,0.238733785457364,-0.00136195750850242,0.998930152137649,0.341136230654972,0.176420288318714,"cec_5_15cm",0.998930152137649
"F-box protein","Multifunction","OG0004694",0.0484407426221524,0.168551803377935,0.287393796158539,0.777499693376086,0.671576167558043,0.589470209447553,"cec_5_15cm",0.9962151980101
"Defensin-like peptide","Defense & Stress response","OG0004872",-0.0748843046552043,0.162946872344703,-0.459562700269519,0.652012693232721,0.693055457902062,0.616319322377578,"cec_5_15cm",0.9962151980101
"F-box protein","Multifunction","OG0005764",0.0338394635024818,0.21108217978717,0.160314165490433,0.874640137442608,0.484924374775342,0.356155468469177,"cec_5_15cm",0.9962151980101
"F-box/FBD protein","Multifunction","OG0000009",-0.0184502016958839,0.201403378841416,-0.0916082034076078,0.928146478775549,0.610972649617084,0.513715812021355,"pH_0_5cm",0.989589318678368
"TRAF-MATH deubiquitinase","Signaling and Transport","OG0000012",0.308937832146087,0.289321793791582,1.06780007166911,0.301457619955854,0.197197106830753,-0.00350361646155939,"pH_0_5cm",0.989589318678368
"Non-LTR reverse transcriptase","Genetic Information & Regulation","OG0000015",-0.0136622218494157,0.216472928145874,-0.0631128426378063,0.950458389246365,0.55057853170669,0.438223164633363,"pH_0_5cm",0.989589318678368
"PPR/TPR repeat protein","Defense & Stress response","OG0000016",0.0634483019485634,0.297616598531309,0.213188048857727,0.83387296310572,0.150504801570772,-0.061868998036535,"pH_0_5cm",0.989589318678368
"Auxin-response F-box","Multifunction","OG0000022",-0.000209292716045255,0.256505256752419,-0.000815939285982219,0.999359061439663,0.368985744683853,0.211232180854816,"pH_0_5cm",0.999359061439663
"CC-NLR receptor","Multifunction","OG0000024",-0.0610642639394857,0.282279058922046,-0.216325873313717,0.8314677060653,0.235805420957526,0.0447567761969078,"pH_0_5cm",0.989589318678368
"Cytochrome P450","Multifunction","OG0000027",0.0846566112879746,0.244382047701861,0.346410925369008,0.733547555176804,0.42722344927027,0.284029311587838,"pH_0_5cm",0.989589318678368
"F-box ubiquitination factor","Multifunction","OG0000029",0.270707307397562,0.230002133505429,1.17697737526062,0.256417636386628,0.492646851353794,0.365808564192242,"pH_0_5cm",0.989589318678368
"Serine carboxypeptidase","Protein Processing and Degradation","OG0000030",-0.244457521237734,0.313868232655222,-0.778853976937084,0.447432542085784,0.0551968017311803,-0.181003997836024,"pH_0_5cm",0.989589318678368
"FRIGIDA-like flowering regulator","Genetic Information & Regulation","OG0000038",-0.0902478183214227,0.291653290493399,-0.309435282450432,0.760983790166356,0.184206215679779,-0.0197422304002768,"pH_0_5cm",0.989589318678368
"Glycosyltransferase","Biosynthesis & Metabolism","OG0000039",-0.120044622183313,0.157317183696002,-0.76307380645261,0.456523690121417,0.762644687314531,0.703305859143164,"pH_0_5cm",0.989589318678368
"DUF295 protein","Signaling and Transport","OG0000040",-0.0749427234284641,0.238606529108379,-0.314084965354925,0.757514626168557,0.453976571670634,0.317470714588293,"pH_0_5cm",0.989589318678368
"TRAF-type E3 ligase","Protein Processing and Degradation","OG0000042",0.0463929245906275,0.154534549975582,0.300210694617857,0.767881873125926,0.770967130465856,0.71370891308232,"pH_0_5cm",0.989589318678368
"Uncharacterized protein","Uncategorized","OG0000045",-0.0185736628077713,0.294453024460587,-0.0630785261649007,0.950485288662822,0.168468568748701,-0.0394142890641236,"pH_0_5cm",0.989589318678368
"mTERF protein","Photosynthesis and Energy","OG0000046",-0.0566961434926583,0.231269192902336,-0.245152165669557,0.809455210790846,0.487041535834632,0.358801919793291,"pH_0_5cm",0.989589318678368
"LRR receptor kinase","Signaling and Transport","OG0000047",0.564780565432315,0.282012735864103,2.00267751632491,0.062457067380333,0.237246736716017,0.0465584208950214,"pH_0_5cm",0.989589318678368
"Subtilase protease","Multifunction","OG0000049",0.0915628249143052,0.252892382843651,0.362062407276668,0.722042953661624,0.386636218318925,0.233295272898656,"pH_0_5cm",0.989589318678368
"TIR-NLR RCC1-FYVE","Defense & Stress response","OG0000054",0.202209619480946,0.278125695101834,0.727044005793526,0.477702831291677,0.258128208050799,0.0726602600634981,"pH_0_5cm",0.989589318678368
"ULP SUMO protease","Protein Processing and Degradation","OG0000060",0.0242414485718103,0.290294343484462,0.0835064448064514,0.934484713566599,0.191790822281882,-0.0102614721476475,"pH_0_5cm",0.989589318678368
"TIR-NLR receptor","Growth & Reproduction","OG0000065",-0.128409936884661,0.240318971035372,-0.534331252882074,0.600458967876284,0.446110997246157,0.307638746557696,"pH_0_5cm",0.989589318678368
"Uncharacterized protein","Uncategorized","OG0000075",0.352696580594746,0.294719815113652,1.19671824732496,0.248848363540692,0.166961059591327,-0.0412986755108413,"pH_0_5cm",0.989589318678368
"Stress-induced LRR kinase","Growth & Reproduction","OG0000077",-0.0650406166254087,0.294063141040437,-0.22117908553682,0.827750955387726,0.1706691620906,-0.0366635473867503,"pH_0_5cm",0.989589318678368
"Ta11 non-LTR retroelement","Genetic Information & Regulation","OG0000083",0.09233962585803,0.277139779304465,0.333187917266059,0.743318622375706,0.263378544405957,0.0792231805074464,"pH_0_5cm",0.989589318678368
"Transmembrane protein","Uncategorized","OG0000086",0.0116656262608125,0.30597440305963,0.0381261508941943,0.970058759254595,0.102123048883314,-0.122346188895858,"pH_0_5cm",0.989589318678368
"En/Spm transposase","Uncategorized","OG0000087",0.150660237135276,0.270875581517713,0.556197189466575,0.585771241400283,0.296301955475665,0.120377444344581,"pH_0_5cm",0.989589318678368
"Terpenoid cyclase/prenyltransferase","Biosynthesis & Metabolism","OG0000090",0.317557891655168,0.260984397286291,1.21676964200591,0.241336492586591,0.346755564076375,0.183444455095469,"pH_0_5cm",0.989589318678368
"Cysteine-rich receptor kinase","Defense & Stress response","OG0000093",0.308010341468718,0.187398030151701,1.64361568379017,0.119758480463184,0.66319643967168,0.578995549589599,"pH_0_5cm",0.989589318678368
"MuDR/Mutator transposase","Genetic Information & Regulation","OG0000095",-0.445842786363361,0.294073102345598,-1.51609508930675,0.149002105539371,0.170612974447025,-0.036733781941219,"pH_0_5cm",0.989589318678368
"C1 domain protein","Multifunction","OG0000096",0.0766799136946432,0.278217711471303,0.275611186969857,0.786374518167815,0.257637238373755,0.0720465479671936,"pH_0_5cm",0.989589318678368
"Ankyrin-repeat protein","Biosynthesis & Metabolism","OG0000103",0.194290922445437,0.150762997396162,1.28871756200824,0.215819294711883,0.7820102077825,0.727512759728124,"pH_0_5cm",0.989589318678368
"Ubiquitin","Protein Processing and Degradation","OG0000106",-0.483823439846587,0.199444601394606,-2.42585377825961,0.0274668413846647,0.618502934826884,0.523128668533606,"pH_0_5cm",0.989589318678368
"ATFDB F-box protein","Multifunction","OG0000107",0.089356565308272,0.141479790025669,0.631585368426541,0.536577871345778,0.808029080963324,0.760036351204155,"pH_0_5cm",0.989589318678368
"Non-LTR reverse transcriptase","Genetic Information & Regulation","OG0000118",-0.167876411107694,0.135856345590677,-1.23569061406591,0.234409660715905,0.822986459986778,0.778733074983472,"pH_0_5cm",0.989589318678368
"Rossmann enzyme (senescence)","Defense & Stress response","OG0000126",0.0952500951562775,0.311884239951403,0.305402078576074,0.763997269857234,0.0671034431858166,-0.166120696017729,"pH_0_5cm",0.989589318678368
"LRR receptor-like protein","Signaling and Transport","OG0000141",-0.272527305881074,0.258084998347463,-1.05595950026575,0.306671173547665,0.361189342367212,0.201486677959015,"pH_0_5cm",0.989589318678368
"SAUR auxin protein","Signaling and Transport","OG0000142",0.184991478815285,0.291053334195141,0.635593058319871,0.5340276572492,0.18755908172905,-0.0155511478386872,"pH_0_5cm",0.989589318678368
"F-box/LRR protein","Multifunction","OG0000147",0.210551575944049,0.189478593192497,1.11121563864549,0.282895484562181,0.65567628608575,0.569595357607188,"pH_0_5cm",0.989589318678368
"DOR F-box regulator","Defense & Stress response","OG0000150",-0.264861032700173,0.227660762911202,-1.16340220121058,0.261723626323025,0.502923759983008,0.37865469997876,"pH_0_5cm",0.989589318678368
"WAK-like receptor kinase","Signaling and Transport","OG0000159",-0.358821132174736,0.285448258422627,-1.2570443910135,0.226778663985044,0.218549585085893,0.0231869813573664,"pH_0_5cm",0.989589318678368
"CYP71 P450","Defense & Stress response","OG0000164",-0.00765872137044998,0.146972710359901,-0.0521098192426036,0.959086240200949,0.792833257515668,0.741041571894585,"pH_0_5cm",0.989589318678368
"F-box/kelch DUF295","Multifunction","OG0000166",-0.329158911667134,0.231950203806479,-1.41909300472854,0.175059359860055,0.484016103576218,0.355020129470273,"pH_0_5cm",0.989589318678368
"Autophagy protein","Multifunction","OG0000167",-0.173368633280051,0.290636206130017,-0.596514231962187,0.559177976081937,0.189886140203293,-0.0126423247458838,"pH_0_5cm",0.989589318678368
"Uncharacterized protein","Uncategorized","OG0000170",-0.196766896458277,0.0625999181254994,-3.14324526852898,0.00628362320509151,0.962416764853575,0.953020956066968,"pH_0_5cm",0.847705701545919
"KUK F-box protein","Multifunction","OG0000182",0.0434014629143188,0.283318212063737,0.1531898094308,0.880163945619264,0.230168609726927,0.0377107621586585,"pH_0_5cm",0.989589318678368
"Receptor-like protein","Defense & Stress response","OG0000184",0.209632341315999,0.2174523823407,0.964037915149398,0.349372341974698,0.54650242312655,0.433128028908187,"pH_0_5cm",0.989589318678368
"Receptor-like kinase","Signaling and Transport","OG0000185",-0.00868745690492177,0.198739390076957,-0.0437128085255659,0.965674221949879,0.621196017588927,0.526495021986159,"pH_0_5cm",0.989589318678368
"En/Spm transposase-like","Uncategorized","OG0000186",-0.00104220108272526,0.219554434744827,-0.00474689151205962,0.996271224976257,0.537692372959643,0.422115466199553,"pH_0_5cm",0.999359061439663
"F-box protein","Multifunction","OG0000188",0.0828438146752495,0.218877335064052,0.378494258672357,0.710038494665118,0.540539463356685,0.425674329195856,"pH_0_5cm",0.989589318678368
"Nuclease","Genetic Information & Regulation","OG0000192",0.107080072644486,0.293677696291509,0.364617653967825,0.720171161087284,0.172841836412773,-0.0339477044840342,"pH_0_5cm",0.989589318678368
"CYP72 P450","Multifunction","OG0000196",-0.0520334059854996,0.300785694537073,-0.172991624703369,0.864827503431278,0.132317206521832,-0.0846034918477099,"pH_0_5cm",0.989589318678368
"ECA1 gametogenesis protein","Growth & Reproduction","OG0000199",0.145041550142644,0.231419380848593,0.626747637171921,0.539665189534412,0.48637508136644,0.35796885170805,"pH_0_5cm",0.989589318678368
"Leaf-shape QTL factor","Defense & Stress response","OG0000200",0.250492818515399,0.305012323539338,0.821254746722037,0.423569779399156,0.107760585507606,-0.115299268115492,"pH_0_5cm",0.989589318678368
"Receptor-like kinase","Signaling and Transport","OG0000202",0.0869492566507437,0.244354915170764,0.355831830065625,0.726614664819596,0.427350627309791,0.284188284137239,"pH_0_5cm",0.989589318678368
"Uncharacterized DUF577 protein","Uncategorized","OG0000206",0.149333071154855,0.319026166791301,0.468090353392689,0.646032955872336,0.0238889206495139,-0.220138849188108,"pH_0_5cm",0.989589318678368
"RRM RNA-binding protein","Genetic Information & Regulation","OG0000207",0.138271638428277,0.163862201011988,0.843828763279956,0.411204180373642,0.742484011206696,0.67810501400837,"pH_0_5cm",0.989589318678368
"RPP receptor-like protein","Defense & Stress response","OG0000210",-0.133444460242141,0.219212895218172,-0.608743660400683,0.551239966505734,0.539129588439207,0.423911985549009,"pH_0_5cm",0.989589318678368
"RNase H-like enzyme","Genetic Information & Regulation","OG0000213",0.297514929792696,0.23703435859121,1.25515529293283,0.227445835308243,0.4611483269127,0.326435408640875,"pH_0_5cm",0.989589318678368
"F-box/LRR protein","Multifunction","OG0000217",0.44213487876768,0.287091381619815,1.54004929118068,0.143090776536717,0.209527180075628,0.0119089750945356,"pH_0_5cm",0.989589318678368
"F-box DUF295 protein","Multifunction","OG0000220",-0.51583377441747,0.28352798320985,-1.81933990633891,0.0876228225031455,0.22902820865244,0.0362852608155503,"pH_0_5cm",0.989589318678368
"Uncharacterized DUF1204 protein","Uncategorized","OG0000224",-0.112743500461269,0.22114494776465,-0.50981721084243,0.617139515617204,0.530969942762476,0.413712428453095,"pH_0_5cm",0.989589318678368
"PR thionin protein","Defense & Stress response","OG0000228",-0.168571540920533,0.278378621352254,-0.605547725258782,0.553308546939868,0.256778284811787,0.0709728560147338,"pH_0_5cm",0.989589318678368
"RRM RNA-binding protein","Defense & Stress response","OG0000242",-0.254393120648649,0.258167287038528,-0.985380927098966,0.339104492292333,0.360781916337076,0.200977395421345,"pH_0_5cm",0.989589318678368
"Kelch repeat oxidase","Multifunction","OG0000253",-0.035984513161389,0.21012211930149,-0.171255236150351,0.866170195419207,0.57656166258969,0.470702078237112,"pH_0_5cm",0.989589318678368
"RPA1 ssDNA-binding","Genetic Information & Regulation","OG0000255",0.437570831727048,0.245129549843271,1.78505950019823,0.0932204344020486,0.423714136655136,0.27964267081892,"pH_0_5cm",0.989589318678368
"Seed germination F-box","Multifunction","OG0000258",0.217975728332517,0.191185816242765,1.14012499784887,0.271014548381911,0.649443543789525,0.561804429736906,"pH_0_5cm",0.989589318678368
"Pectin lyase","Structural Dynamics","OG0000261",0.177873371433973,0.248808598506202,0.714900419446475,0.484971978085735,0.406285848474445,0.257857310593056,"pH_0_5cm",0.989589318678368
"Extensin-like protein","Multifunction","OG0000264",-0.0170572690989544,0.233200553383984,-0.0731442050691369,0.942597966928273,0.4784381895668,0.3480477369585,"pH_0_5cm",0.989589318678368
"TNL-WRKY immune receptor","Defense & Stress response","OG0000266",-0.175247629518942,0.272387308249226,-0.643376633975161,0.529093961790253,0.288425515586423,0.110531894483029,"pH_0_5cm",0.989589318678368
"C1 domain protein","Defense & Stress response","OG0000269",0.191536732826086,0.270920890960495,0.706983991330573,0.489745919727511,0.296066520205031,0.120083150256289,"pH_0_5cm",0.989589318678368
"UCH deubiquitinase","Multifunction","OG0000271",-0.0443097873006873,0.306108649314113,-0.144751830436581,0.886714515422528,0.101334989103239,-0.123331263620951,"pH_0_5cm",0.989589318678368
"Uncharacterized protein","Uncategorized","OG0000276",-0.123846087615406,0.214311134424162,-0.577879856537416,0.571389296026687,0.559509951647914,0.449387439559893,"pH_0_5cm",0.989589318678368
"Glycoside hydrolase","Defense & Stress response","OG0000297",-0.104678115305176,0.203622922112173,-0.514078249243031,0.614224140121591,0.602350938389655,0.502938672987069,"pH_0_5cm",0.989589318678368
"Kelch repeat oxidase","Multifunction","OG0000299",0.0985215202673377,0.246870641100355,0.39908155877996,0.695109158106521,0.415498647307718,0.269373309134648,"pH_0_5cm",0.989589318678368
"RRM RNA-binding protein","Genetic Information & Regulation","OG0000319",-0.107635231617835,0.246516732675166,-0.436624445123025,0.668218626792743,0.41717330313028,0.27146662891285,"pH_0_5cm",0.989589318678368
"TN13 TIR-NLR receptor","Defense & Stress response","OG0000320",0.0209908538826041,0.292342657367511,0.0718022271249178,0.943649183817094,0.180345152793824,-0.0245685590077194,"pH_0_5cm",0.989589318678368
"F-box protein","Multifunction","OG0000325",0.114551339136571,0.288243428441513,0.397411797923485,0.696315306909572,0.203170396694196,0.0039629958677454,"pH_0_5cm",0.989589318678368
"C1 domain protein","Defense & Stress response","OG0000329",0.189844671447817,0.15727339667423,1.20709970956534,0.244937050471688,0.762776797941177,0.703470997426472,"pH_0_5cm",0.989589318678368
"F-box protein","Multifunction","OG0000338",-0.347259652333044,0.300366652560711,-1.15611919423331,0.264604329391052,0.134733160779283,-0.0815835490258963,"pH_0_5cm",0.989589318678368
"F-box/FBD protein","Multifunction","OG0000339",-0.330021934024576,0.260825812631321,-1.26529629370335,0.223882266099484,0.347549198258694,0.184436497823367,"pH_0_5cm",0.989589318678368
"MYB/SANT protein","Genetic Information & Regulation","OG0000343",0.306352256143096,0.264328599339281,1.15898263339214,0.263468886355217,0.329907217571264,0.16238402196408,"pH_0_5cm",0.989589318678368
"Plastocyanin-like protein","Defense & Stress response","OG0000347",-0.118910747130837,0.274891874816055,-0.432572796887526,0.671099127845189,0.275279681737247,0.0940996021715592,"pH_0_5cm",0.989589318678368
"LRR receptor-like protein","Signaling and Transport","OG0000348",0.177585309660776,0.277879019782584,0.639074190630587,0.53181796305956,0.259443586748194,0.0743044834352431,"pH_0_5cm",0.989589318678368
"DUF1163 TM protein","Defense & Stress response","OG0000360",0.0583595723291353,0.256207626205751,0.227782338853055,0.822700764947415,0.370449263677085,0.213061579596357,"pH_0_5cm",0.989589318678368
"F-box protein","Multifunction","OG0000361",-0.0781074698248608,0.201919073270087,-0.386825615628614,0.703981697197659,0.608977885858268,0.511222357322834,"pH_0_5cm",0.989589318678368
"RRM RNA-binding protein","Genetic Information & Regulation","OG0000367",-0.0948339349721515,0.239302290138259,-0.396293470143392,0.697123600211059,0.45078759181592,0.3134844897699,"pH_0_5cm",0.989589318678368
"Cytochrome P450","Multifunction","OG0000372",-0.213343101803677,0.288168837319444,-0.740340641230333,0.469818849345325,0.203582747630381,0.00447843453797581,"pH_0_5cm",0.989589318678368
"Kelch repeat oxidase","Multifunction","OG0000382",0.227547618128124,0.269682733452969,0.843760426241035,0.411241256584815,0.302486024285007,0.128107530356259,"pH_0_5cm",0.989589318678368
"DUF1985 TM protease","Genetic Information & Regulation","OG0000384",0.111095443788796,0.224994994557585,0.493768512527338,0.628179113057543,0.514496523735343,0.393120654669179,"pH_0_5cm",0.989589318678368
"CCHC zinc knuckle","Genetic Information & Regulation","OG0000385",0.411826447189823,0.268797810892384,1.53210491492694,0.145029054063002,0.307056084419788,0.133820105524735,"pH_0_5cm",0.989589318678368
"Beta-1,3-glucanase","Defense & Stress response","OG0000386",0.304981693995395,0.291597019421558,1.04590127361517,0.311151109584661,0.18452098094161,-0.0193487738229876,"pH_0_5cm",0.989589318678368
"ATP-binding protein","Photosynthesis and Energy","OG0000388",0.0551576557577225,0.196494181906939,0.280708849607799,0.782531071536514,0.629706556704132,0.537133195880165,"pH_0_5cm",0.989589318678368
"PAH domain protein","Defense & Stress response","OG0000402",0.313573158113854,0.16853432109889,1.86058932132797,0.0812825191903362,0.727589814035794,0.659487267544742,"pH_0_5cm",0.989589318678368
"DUF295 organellar protein","Uncategorized","OG0000418",-0.187875709581167,0.203225444237408,-0.924469425008076,0.368975364569217,0.603901868281325,0.504877335351657,"pH_0_5cm",0.989589318678368
"C1 domain protein","Genetic Information & Regulation","OG0000422",0.0390657959843657,0.258901986181717,0.150890290802738,0.881948237708623,0.357138532772785,0.196423165965981,"pH_0_5cm",0.989589318678368
"CCHC zinc knuckle","Genetic Information & Regulation","OG0000432",0.580016205932949,0.245563538569634,2.36198015923473,0.0311871713325956,0.421671763846774,0.277089704808468,"pH_0_5cm",0.989589318678368
"Mutator transposase DEK","Genetic Information & Regulation","OG0000434",-0.0512545389363332,0.314736772480308,-0.162848905555006,0.872676446757551,0.0499606261332461,-0.187549217333442,"pH_0_5cm",0.989589318678368
"F-box protein","Multifunction","OG0000440",0.034223418998305,0.262804425684163,0.130223906653058,0.898012461874059,0.337612726131951,0.172015907664939,"pH_0_5cm",0.989589318678368
"Uncharacterized DUF1985 TM protein","Uncategorized","OG0000445",0.130004087765255,0.250199166212143,0.519602402092041,0.610454480295095,0.399630878911481,0.249538598639351,"pH_0_5cm",0.989589318678368
"OB-fold nucleic protein","Genetic Information & Regulation","OG0000448",-0.50113749072945,0.245599199994778,-2.04046874232532,0.0581627075954541,0.421503778756153,0.276879723445191,"pH_0_5cm",0.989589318678368
"CCHC zinc knuckle","Genetic Information & Regulation","OG0000452",0.0294821902595042,0.301277215636945,0.0978573510684318,0.923260982443506,0.129479087070512,-0.0881511411618598,"pH_0_5cm",0.989589318678368
"Callose synthase","Structural Dynamics","OG0000496",-0.0945478395392847,0.234278897915995,-0.403569593251146,0.691871431574045,0.473603521112611,0.342004401390764,"pH_0_5cm",0.989589318678368
"Ceramide synthase","Genetic Information & Regulation","OG0000500",-0.0316890992844077,0.304159573310738,-0.1041857697901,0.91831674595031,0.112742638412028,-0.109071701984965,"pH_0_5cm",0.989589318678368
"F-box/FBD protein","Multifunction","OG0000501",-0.272027655321352,0.247868734851797,-1.09746659046773,0.288679944838212,0.410762835407828,0.263453544259785,"pH_0_5cm",0.989589318678368
"Uncharacterized protein","Uncategorized","OG0000503",-0.363198438168316,0.286519279979358,-1.2676230311429,0.223070845351967,0.212674472082639,0.0158430901032988,"pH_0_5cm",0.989589318678368
"hAT dimerization MYM ZnF","Genetic Information & Regulation","OG0000504",-0.0384540794292778,0.228606431865838,-0.168210837794124,0.868525347950155,0.498785621624952,0.37348202703119,"pH_0_5cm",0.989589318678368
"Resistance C1 protein","Genetic Information & Regulation","OG0000510",0.2232538683255,0.176062755078,1.26803575365268,0.222927154550077,0.702709098537194,0.628386373171492,"pH_0_5cm",0.989589318678368
"F-box ubiquitination factor","Defense & Stress response","OG0000513",0.164869941320703,0.2544473562188,0.647953053121647,0.526205058159794,0.379070181170397,0.223837726462997,"pH_0_5cm",0.989589318678368
"Dynamin-related protein","Signaling and Transport","OG0000535",0.0284391987440106,0.281074190628104,0.101180398956086,0.920664348901595,0.242315211434978,0.0528940142937221,"pH_0_5cm",0.989589318678368
"ATFDB F-box/kelch","Genetic Information & Regulation","OG0000546",0.216485873741581,0.209589114493862,1.03290609469091,0.31700893822785,0.578707161758637,0.473383952198296,"pH_0_5cm",0.989589318678368
"GGPP synthase","Biosynthesis & Metabolism","OG0000549",-0.464189384041183,0.298063847045063,-1.55734883194675,0.138945283953009,0.147949695813064,-0.0650628802336704,"pH_0_5cm",0.989589318678368
"RT zinc-binding protein","Genetic Information & Regulation","OG0000589",0.270382158210679,0.253980217959195,1.0645795975107,0.302869195383723,0.381348010419648,0.22668501302456,"pH_0_5cm",0.989589318678368
"MUSTANG domesticated TE","Genetic Information & Regulation","OG0000591",0.709067945178615,0.2525901318079,2.80718783470875,0.0126523239036704,0.388101498130299,0.235126872662873,"pH_0_5cm",0.847705701545919
"GCK-domain protein","Signaling and Transport","OG0000594",-0.171379094646189,0.2335884225168,-0.733679746622988,0.473758415109361,0.476701778916827,0.345877223646033,"pH_0_5cm",0.989589318678368
"RNase H protein","Genetic Information & Regulation","OG0000598",0.563635798835692,0.276442016578755,2.03889338462816,0.0583362212046819,0.267083100685125,0.0838538758564068,"pH_0_5cm",0.989589318678368
"SRP-binding P-loop NTPase","Signaling and Transport","OG0000599",0.0632826061382544,0.145083588256287,0.436180321281186,0.668534114471021,0.798124689732613,0.747655862165766,"pH_0_5cm",0.989589318678368
"TIR-NLR receptor","Genetic Information & Regulation","OG0000601",0.354069951634127,0.279452843895761,1.2670114452877,0.223283904640619,0.251031249036559,0.0637890612956986,"pH_0_5cm",0.989589318678368
"F-box ubiquitination factor","Multifunction","OG0000605",-0.124674195987846,0.277487436712204,-0.449296722997776,0.659244008697141,0.261529278787335,0.0769115984841684,"pH_0_5cm",0.989589318678368
"F-box/FBD protein","Multifunction","OG0000606",-0.350427339851849,0.290578694191461,-1.20596364033818,0.245362759174996,0.190206723859029,-0.0122415951762134,"pH_0_5cm",0.989589318678368
"F-box/FBD protein","Protein Processing and Degradation","OG0000618",-0.123141690978576,0.230841748922035,-0.533446361213311,0.601057192280928,0.488935937592125,0.361169921990156,"pH_0_5cm",0.989589318678368
"Receptor-like protein","Signaling and Transport","OG0000620",-0.201846972405143,0.280424556081573,-0.719790646103146,0.482036815221812,0.245813571719597,0.0572669646494963,"pH_0_5cm",0.989589318678368
"DUF1985 K-box protein","Uncategorized","OG0000621",0.232301939220304,0.284396182197966,0.816825097386858,0.426023991690675,0.224299350852687,0.0303741885658584,"pH_0_5cm",0.989589318678368
"CLV2-like receptor","Signaling and Transport","OG0000639",0.21660681519542,0.244016490883472,0.887672855269681,0.387866206002871,0.42893573357326,0.286169666966575,"pH_0_5cm",0.989589318678368
"C1 domain protein","Genetic Information & Regulation","OG0000679",0.00955193501386321,0.297922714329525,0.0320617883579634,0.974819328847347,0.148756393470621,-0.0640545081617236,"pH_0_5cm",0.989589318678368
"S1 self-incompatibility protein","Growth & Reproduction","OG0000692",-0.151397550090935,0.298328650287591,-0.507485787720982,0.618737468814943,0.146435081345266,-0.0669561483184169,"pH_0_5cm",0.989589318678368
"S1 self-incompatibility protein","Growth & Reproduction","OG0000712",0.149293097196968,0.2824043362818,0.528650158714258,0.604304751078704,0.235126960969945,0.0439087012124314,"pH_0_5cm",0.989589318678368
"Uncharacterized protein","Uncategorized","OG0000720",-0.0651300278015354,0.191299204253949,-0.340461571994181,0.737938062054889,0.64902760617189,0.561284507714862,"pH_0_5cm",0.989589318678368
"RT/RNase H-like","Genetic Information & Regulation","OG0000724",-0.0962715843542156,0.175334153181322,-0.549074909864572,0.590535309719116,0.705164569848339,0.631455712310424,"pH_0_5cm",0.989589318678368
"Cysteine protease","Protein Processing and Degradation","OG0000725",0.108872702131218,0.173292044867994,0.628261396616058,0.538698099292528,0.711992442680739,0.639990553350924,"pH_0_5cm",0.989589318678368
"RNase H / thioredoxin","Genetic Information & Regulation","OG0000728",-0.0552897301064795,0.214383678759467,-0.257900836604792,0.799771253761036,0.559211689345801,0.449014611682251,"pH_0_5cm",0.989589318678368
"F-box protein","Multifunction","OG0000731",0.357758423225572,0.194363226076548,1.8406692996785,0.0842916898997203,0.637694581906061,0.547118227382577,"pH_0_5cm",0.989589318678368
"C1 domain protein","Genetic Information & Regulation","OG0000736",-0.0875388016803582,0.302274508479014,-0.289600344140286,0.775841180659396,0.123706322745154,-0.0953670965685571,"pH_0_5cm",0.989589318678368
"Thionin peptide","Defense & Stress response","OG0000739",-0.21131957065593,0.303330595353524,-0.69666421354444,0.496010615481639,0.117572435300933,-0.103034455873834,"pH_0_5cm",0.989589318678368
"Tryptophan biosynthesis protein","Biosynthesis & Metabolism","OG0000761",0.283762481309616,0.247391095774901,1.14701978428443,0.268237056706667,0.413031548545498,0.266289435681872,"pH_0_5cm",0.989589318678368
"Cystatin inhibitor","Uncategorized","OG0000817",0.265541925185624,0.287293058875864,0.92428938667941,0.369066243557519,0.208416200125042,0.0105202501563031,"pH_0_5cm",0.989589318678368
"Gag-Pol retrotransposon","Genetic Information & Regulation","OG0000822",0.0358563577626467,0.24801377842758,0.144574055481828,0.886852618704219,0.410073034244494,0.262591292805618,"pH_0_5cm",0.989589318678368
"Pectin lyase","Biosynthesis & Metabolism","OG0000846",-0.364181589038266,0.29449670976555,-1.2366236258741,0.234072122670407,0.168221817003607,-0.0397227287454909,"pH_0_5cm",0.989589318678368
"RING/U-box E3 ligase","Protein Processing and Degradation","OG0000865",-0.0601105453923143,0.196852151145949,-0.305358844403725,0.764029594371698,0.628356141107622,0.535445176384528,"pH_0_5cm",0.989589318678368
"Subtilisin protease","Multifunction","OG0000887",0.244395897573742,0.23217733859541,1.05262597569707,0.30815071220247,0.483005065225041,0.353756331531301,"pH_0_5cm",0.989589318678368
"Uncharacterized DUF1985 protein","Uncategorized","OG0000893",-0.22065021384262,0.192502274128473,-1.14622133604178,0.268557602237654,0.644599233866227,0.555749042332784,"pH_0_5cm",0.989589318678368
"REM transcription factor","Growth & Reproduction","OG0000907",-0.00269105347348999,0.249927715868248,-0.010767327121529,0.991542196342286,0.400932897623493,0.251166122029367,"pH_0_5cm",0.999359061439663
"RING finger E3 ligase","Protein Processing and Degradation","OG0000913",-0.0142059715576675,0.133110845659994,-0.106722870606305,0.916335532053486,0.830068646756734,0.787585808445917,"pH_0_5cm",0.989589318678368
"Uncharacterized protein","Biosynthesis & Metabolism","OG0000929",0.0328494989300659,0.229053655983792,0.143413990879021,0.887753899388876,0.496822646091184,0.37102830761398,"pH_0_5cm",0.989589318678368
"AGL MADS-box TF","Genetic Information & Regulation","OG0000949",-0.0324405336617053,0.28083205319655,-0.115515779956217,0.90947366917338,0.243620096979775,0.0545251212247186,"pH_0_5cm",0.989589318678368
"B3 domain protein","Uncategorized","OG0000962",-0.0753152264804701,0.303359097808534,-0.248270867841272,0.80708320410059,0.117406592922876,-0.103241758846405,"pH_0_5cm",0.989589318678368
"Cytochrome P450","Biosynthesis & Metabolism","OG0001007",-0.201883062879438,0.222394247273255,-0.907771065819812,0.377469181432614,0.525655653327318,0.407069566659147,"pH_0_5cm",0.989589318678368
"C1 domain protein","Multifunction","OG0001038",0.0172005509400628,0.287461139675612,0.0598360910955579,0.953027188138894,0.207489696998703,0.00936212124837932,"pH_0_5cm",0.989589318678368
"Reverse transcriptase","Genetic Information & Regulation","OG0001079",-0.191541654483856,0.248162878825536,-0.771838461055709,0.451460275303564,0.409363518948826,0.261704398686033,"pH_0_5cm",0.989589318678368
"Uncharacterized protein","Uncategorized","OG0001115",0.408154519267045,0.284906081024598,1.43259321738312,0.171222827042175,0.221515323141683,0.0268941539271036,"pH_0_5cm",0.989589318678368
"GRF zinc-finger TM protein","Genetic Information & Regulation","OG0001127",0.241447177312362,0.261830696246725,0.922150002934892,0.370147320298561,0.342512119294185,0.178140149117731,"pH_0_5cm",0.989589318678368
"NLR resistance protein","Defense & Stress response","OG0001132",0.209292839818156,0.296565367455838,0.705722457121776,0.490509232023401,0.156495318334604,-0.0543808520817448,"pH_0_5cm",0.989589318678368
"Uncharacterized protein","Uncategorized","OG0001135",0.171218368762364,0.273790765342313,0.625362102875511,0.540551195485023,0.281073946684762,0.101342433355952,"pH_0_5cm",0.989589318678368
"F-box protein","Multifunction","OG0001136",0.285656592006768,0.262865487383098,1.0867025369156,0.2932691900317,0.337304883590937,0.171631104488671,"pH_0_5cm",0.989589318678368
"RT / nucleotidyltransferase","Genetic Information & Regulation","OG0001139",-0.344931760612929,0.234046749820909,-1.47377291450049,0.159944753811263,0.474646221890809,0.343307777363511,"pH_0_5cm",0.989589318678368
"Glycoside hydrolase","Defense & Stress response","OG0001188",0.554451997445237,0.26467433022306,2.09484613403181,0.0524541470999003,0.328153163874369,0.160191454842961,"pH_0_5cm",0.989589318678368
"Jacalin lectin","Defense & Stress response","OG0001196",0.339763141534862,0.266237659201967,1.27616484667603,0.220111754256929,0.3201930452065,0.150241306508125,"pH_0_5cm",0.989589318678368
"EIN2-targeting F-box","Multifunction","OG0001262",0.15274396048995,0.228766891765976,0.667683856308211,0.51385161380996,0.498081765362327,0.372602206702909,"pH_0_5cm",0.989589318678368
"Alpha/beta hydrolase","Biosynthesis & Metabolism","OG0001318",0.0381043619452255,0.30728462467363,0.124003477185676,0.902856997994606,0.09441693646242,-0.131978829421975,"pH_0_5cm",0.989589318678368
"Sarcosine dehydrogenase-like","Uncategorized","OG0001336",0.0438506903095212,0.166265618504277,0.263738773560051,0.795347860331397,0.734874478782237,0.668593098477797,"pH_0_5cm",0.989589318678368
"F-box ubiquitination factor","Multifunction","OG0001349",0.0411498605154682,0.283620404998025,0.145087799715097,0.886453530242133,0.228525498449144,0.0356568730614301,"pH_0_5cm",0.989589318678368
"Uncharacterized protein","Uncategorized","OG0001363",0.299140967461752,0.282130863543846,1.06029153884209,0.304756173630229,0.236607608531524,0.0457595106644053,"pH_0_5cm",0.989589318678368
"DnaJ chaperone","Defense & Stress response","OG0001392",-0.16304153324223,0.225483929490953,-0.723073851029245,0.480072156080847,0.512384143109204,0.390480178886505,"pH_0_5cm",0.989589318678368
"Transmembrane protein","Uncategorized","OG0001398",-0.122314304463357,0.198473694494052,-0.616274639191657,0.54638204594718,0.622208190037132,0.527760237546415,"pH_0_5cm",0.989589318678368
"Neprosin-like protease","Uncategorized","OG0001400",-0.231298804146034,0.267673078273198,-0.864109329328822,0.400297205062297,0.312842932511447,0.141053665639308,"pH_0_5cm",0.989589318678368
"Invertase/PMEI inhibitor","Biosynthesis & Metabolism","OG0001401",0.333444102417116,0.299037793270028,1.1150567250074,0.28129495174162,0.14237232045331,-0.0720345994333622,"pH_0_5cm",0.989589318678368
"HARBI1-like nuclease","Genetic Information & Regulation","OG0001408",0.320904373180001,0.236362190053563,1.35768065572281,0.193406130481768,0.464200083555973,0.330250104444966,"pH_0_5cm",0.989589318678368
"NYN-domain nuclease","Uncategorized","OG0001411",0.0786150773814634,0.188574645493113,0.416891025704379,0.682297679841617,0.658953787573706,0.573692234467133,"pH_0_5cm",0.989589318678368
"N-myristoyltransferase","Protein Processing and Degradation","OG0001412",0.167441173752005,0.266369250607397,0.628605491700681,0.538478401381693,0.319520872378292,0.149401090472865,"pH_0_5cm",0.989589318678368
"Mannose-binding lectin","Defense & Stress response","OG0001688",0.159366826133562,0.274216121734206,0.581172343645186,0.569221604192498,0.27883839038897,0.098547987986212,"pH_0_5cm",0.989589318678368
"MEG embryo factor","Uncategorized","OG0001769",0.112575867445682,0.189756703705565,0.593264244410356,0.56129770440571,0.654664770010376,0.56833096251297,"pH_0_5cm",0.989589318678368
"Kelch repeat oxidase","Multifunction","OG0001813",0.0711701276317296,0.25152539536562,0.28295404338109,0.780840117043496,0.393249264446969,0.241561580558711,"pH_0_5cm",0.989589318678368
"F-box protein","Multifunction","OG0001841",0.0341990021007442,0.279996993351438,0.122140604766493,0.904308603715486,0.248111631377684,0.0601395392221052,"pH_0_5cm",0.989589318678368
"Uncharacterized protein","Uncategorized","OG0001893",0.112153337429588,0.297589158174812,0.376873062572076,0.71121943801244,0.150661441869642,-0.061673197662947,"pH_0_5cm",0.989589318678368
"Cysteine-rich peptide","Defense & Stress response","OG0001901",-0.274829328329431,0.158015338197224,-1.73925728644397,0.101188383040293,0.760533304718604,0.700666630898255,"pH_0_5cm",0.989589318678368
"Cytochrome b561 reductase","Uncategorized","OG0001911",0.156628523513708,0.306555842308939,0.510929827120574,0.616377629563562,0.0987073583678073,-0.126615802040241,"pH_0_5cm",0.989589318678368
"F-box protein","Multifunction","OG0001918",0.19262761697092,0.20671195628618,0.931864902406703,0.365255491352382,0.590194460143311,0.487743075179139,"pH_0_5cm",0.989589318678368
"F-box/RNI protein","Multifunction","OG0001923",0.123970155338086,0.162269247081445,0.763978126279612,0.455999642919312,0.747466456346511,0.684333070433139,"pH_0_5cm",0.989589318678368
"Defense protein kinase","Signaling and Transport","OG0001927",0.146116488341717,0.264746219848746,0.551911518982956,0.588635569674018,0.327788146406462,0.159735183008078,"pH_0_5cm",0.989589318678368
"TRAF-like protein","Signaling and Transport","OG0001929",-0.209101872875879,0.29204750905662,-0.715985811867819,0.484319599777233,0.181999359710483,-0.0225008003618967,"pH_0_5cm",0.989589318678368
"RRM RNA-binding protein","Genetic Information & Regulation","OG0002178",0.18618812079545,0.235858712200024,0.789405314133784,0.441417153695167,0.466480279713616,0.33310034964202,"pH_0_5cm",0.989589318678368
"Defensin-like peptide","Defense & Stress response","OG0002370",0.193979221220112,0.206150759814341,0.940958070660568,0.36071698187978,0.592416578710496,0.49052072338812,"pH_0_5cm",0.989589318678368
"DUF247 TM protein","Uncategorized","OG0002564",-0.138179687193087,0.272780699722659,-0.506559618527177,0.619372812880184,0.286368668832397,0.107960836040496,"pH_0_5cm",0.989589318678368
"Amino acid transporter","Signaling and Transport","OG0002742",0.0237509819003657,0.304130364365063,0.0780947405562444,0.938721007713535,0.112913039806409,-0.108858700241989,"pH_0_5cm",0.989589318678368
"LRR family protein","Signaling and Transport","OG0002810",0.021801716882738,0.163428824207011,0.133401907457417,0.895538995923865,0.743844347831295,0.679805434789119,"pH_0_5cm",0.989589318678368
"MATH/coiled-coil protein","Signaling and Transport","OG0002867",0.25111805998037,0.220249679157864,1.14015176294709,0.271003724739139,0.534759836462853,0.418449795578567,"pH_0_5cm",0.989589318678368
"Defensin-like peptide","Defense & Stress response","OG0002883",0.461410854444982,0.268107584316753,1.72099142820164,0.10452817792082,0.310610237061806,0.138262796327257,"pH_0_5cm",0.989589318678368
"Beta-galactosidase","Structural Dynamics","OG0002891",-0.0759904442271394,0.221905179938096,-0.34244556277748,0.736472864850717,0.527739621305587,0.409674526631984,"pH_0_5cm",0.989589318678368
"NAC transcription factor","Growth & Reproduction","OG0002892",-0.709067945178615,0.2525901318079,-2.80718783470875,0.0126523239036704,0.388101498130299,0.235126872662873,"pH_0_5cm",0.847705701545919
"Kelch repeat oxidase","Multifunction","OG0002893",-0.159209101768106,0.166435329965866,-0.956582366260569,0.353009616535145,0.734332962095954,0.667916202619942,"pH_0_5cm",0.989589318678368
"Thionin peptide","Defense & Stress response","OG0002919",-0.16204123955632,0.180099421770663,-0.899732147739277,0.381605030391733,0.688920589150326,0.611150736437908,"pH_0_5cm",0.989589318678368
"WRKY TF (II-c)","Genetic Information & Regulation","OG0003409",0.14775316815986,0.153689492912976,0.961374556968078,0.350668688144998,0.773465169263606,0.716831461579507,"pH_0_5cm",0.989589318678368
"Cytochrome P450","Multifunction","OG0003687",-0.014434785697217,0.269948035879616,-0.0534724605429404,0.958017438382043,0.301112979958199,0.126391224947749,"pH_0_5cm",0.989589318678368
"Uncharacterized DUF674 protein","Uncategorized","OG0003691",0.0689612747243485,0.241328016057814,0.285757434428283,0.778730354297796,0.441449922975207,0.301812403719008,"pH_0_5cm",0.989589318678368
"Imprinted F-box protein","Multifunction","OG0003767",-0.0755482122327569,0.211741636944432,-0.356794314632522,0.725907735290705,0.570009200308266,0.462511500385332,"pH_0_5cm",0.989589318678368
"TPR repeat protein","Genetic Information & Regulation","OG0003808",0.122595789167307,0.195792944935808,0.62615018742121,0.540047142260483,0.632344803945874,0.540431004932343,"pH_0_5cm",0.989589318678368
"Cysteine protease","Protein Processing and Degradation","OG0003820",-0.0065403391693562,0.182823973779982,-0.0357739689939523,0.97190511089454,0.679437350083825,0.599296687604781,"pH_0_5cm",0.989589318678368
"F-box protein","Multifunction","OG0004081",0.255280791897748,0.290483083272062,0.878814659436318,0.392508852776585,0.190739538847699,-0.0115755764403767,"pH_0_5cm",0.989589318678368
"Serpin inhibitor","Defense & Stress response","OG0004132",0.242069722989097,0.277374181474672,0.872719016968786,0.395724988762292,0.262131962715453,0.0776649533943166,"pH_0_5cm",0.989589318678368
"F-box protein","Multifunction","OG0004303",0.0612499226011131,0.261656857970104,0.234084912110774,0.817888030071755,0.343384886460435,0.179231108075543,"pH_0_5cm",0.989589318678368
"F-box protein","Multifunction","OG0004694",0.283936120861408,0.171412726539601,1.65644714131427,0.11710786853954,0.718205341416784,0.647756676770981,"pH_0_5cm",0.989589318678368
"Defensin-like peptide","Defense & Stress response","OG0004872",-0.22912773949208,0.170721709757741,-1.34211249299939,0.198295403681452,0.720472761631717,0.650590952039646,"pH_0_5cm",0.989589318678368
"F-box protein","Multifunction","OG0005764",-0.15274396048995,0.228766891765976,-0.667683856308212,0.51385161380996,0.498081765362327,0.372602206702909,"pH_0_5cm",0.989589318678368
