"","Dim.1","Dim.2","label","p_value"
"bio15",-0.615718015770686,0.787966576102952,"bio15",0.001
"bio3",0.979349508587368,-0.202174528637218,"bio3",0.01
"bio5",0.977874668026097,-0.20919161941352,"bio5",0.009
"bio7",-0.597905676342032,0.801566467735507,"bio7",0.001
