family_id	gene	final_status	n	total_n	prop
OG0000007	AT2G28700	F	134	136	0.9852941176470589
OG0000007	AT2G28700	P	2	136	0.014705882352941176
OG0000007	AT5G27810	F	6	136	0.04411764705882353
OG0000007	AT5G27810	P	1	136	0.007352941176470588
OG0000007	AT5G27810	U	129	136	0.9485294117647058
OG0000007	AT5G48670	F	7	136	0.051470588235294115
OG0000007	AT5G48670	P	1	136	0.007352941176470588
OG0000007	AT5G48670	U	128	136	0.9411764705882353
OG0000009	AT1G55030	F	116	135	0.8592592592592593
OG0000009	AT1G55030	P	19	135	0.14074074074074075
OG0000009	AT2G04230	P	136	136	1.0
OG0000009	AT2G26860	P	136	136	1.0
OG0000009	AT3G26920	F	3	136	0.022058823529411766
OG0000009	AT3G26920	P	13	136	0.09558823529411764
OG0000009	AT3G26920	U	120	136	0.8823529411764706
OG0000009	AT3G26922	P	88	136	0.6470588235294118
OG0000009	AT3G26922	U	48	136	0.35294117647058826
OG0000009	AT3G26930	F	22	136	0.16176470588235295
OG0000009	AT3G26930	U	114	136	0.8382352941176471
OG0000009	AT3G49020	P	17	136	0.125
OG0000009	AT3G49020	U	119	136	0.875
OG0000009	AT3G49030	P	34	136	0.25
OG0000009	AT3G49030	U	102	136	0.75
OG0000009	AT3G49040	P	51	136	0.375
OG0000009	AT3G49040	U	85	136	0.625
OG0000009	AT3G50710	P	136	136	1.0
OG0000009	AT3G51530	P	136	136	1.0
OG0000009	AT3G52680	A	3	135	0.022222222222222223
OG0000009	AT3G52680	P	15	135	0.1111111111111111
OG0000009	AT3G52680	U	117	135	0.8666666666666667
OG0000009	AT3G52690	P	3	136	0.022058823529411766
OG0000009	AT3G52690	U	133	136	0.9779411764705882
OG0000009	AT3G54910	P	136	136	1.0
OG0000009	AT3G55670	P	259	259	1.0
OG0000009	AT3G55900	P	136	136	1.0
OG0000009	AT4G00160	P	3	136	0.022058823529411766
OG0000009	AT4G00160	U	133	136	0.9779411764705882
OG0000009	AT4G09920	F	6	135	0.044444444444444446
OG0000009	AT4G09920	P	93	135	0.6888888888888889
OG0000009	AT4G09920	U	36	135	0.26666666666666666
OG0000009	AT4G10400	P	127	127	1.0
OG0000009	AT4G10410	P	131	131	1.0
OG0000009	AT4G10420	P	136	136	1.0
OG0000009	AT4G13965	P	136	136	1.0
OG0000009	AT4G26340	P	9	136	0.0661764705882353
OG0000009	AT4G26340	U	127	136	0.9338235294117647
OG0000009	AT5G38565	P	134	134	1.0
OG0000009	AT5G38570	P	134	134	1.0
OG0000009	AT5G38580	P	136	136	1.0
OG0000009	AT5G38590	P	136	136	1.0
OG0000009	AT5G56690	F	31	131	0.2366412213740458
OG0000009	AT5G56690	P	38	131	0.2900763358778626
OG0000009	AT5G56690	U	62	131	0.4732824427480916
OG0000009	AT5G56700	P	40	136	0.29411764705882354
OG0000009	AT5G56700	U	96	136	0.7058823529411765
OG0000009	AT5G60610	P	1	136	0.007352941176470588
OG0000009	AT5G60610	U	135	136	0.9926470588235294
OG0000012	AT1G31370	A	34	34	1.0
OG0000012	AT1G31380	P	53	53	1.0
OG0000012	AT1G31390	P	136	136	1.0
OG0000012	AT1G31400	P	259	259	1.0
OG0000012	AT2G01790	P	134	134	1.0
OG0000012	AT2G05400	P	14	132	0.10606060606060606
OG0000012	AT2G05400	U	118	132	0.8939393939393939
OG0000012	AT2G05410	F	1	281	0.0035587188612099642
OG0000012	AT2G05410	P	163	281	0.5800711743772242
OG0000012	AT2G05410	U	117	281	0.41637010676156583
OG0000012	AT2G05420	F	8	132	0.06060606060606061
OG0000012	AT2G05420	P	105	132	0.7954545454545454
OG0000012	AT2G05420	U	19	132	0.14393939393939395
OG0000012	AT3G27040	P	136	136	1.0
OG0000012	AT3G44790	F	52	124	0.41935483870967744
OG0000012	AT3G44790	P	20	124	0.16129032258064516
OG0000012	AT3G44790	U	52	124	0.41935483870967744
OG0000012	AT3G44800	P	26	129	0.20155038759689922
OG0000012	AT3G44800	U	103	129	0.7984496124031008
OG0000012	AT3G44805	P	177	177	1.0
OG0000012	AT3G58200	P	136	136	1.0
OG0000012	AT3G58210	P	136	136	1.0
OG0000012	AT3G58220	P	352	352	1.0
OG0000012	AT3G58250	P	136	136	1.0
OG0000012	AT3G58260	P	136	136	1.0
OG0000012	AT3G58270	P	136	136	1.0
OG0000012	AT3G58290	P	136	136	1.0
OG0000012	AT3G58340	P	139	139	1.0
OG0000012	AT3G58350	P	136	136	1.0
OG0000012	AT3G58360	P	136	136	1.0
OG0000012	AT3G58370	P	276	276	1.0
OG0000012	AT3G58400	P	136	136	1.0
OG0000012	AT3G58410	P	136	136	1.0
OG0000012	AT3G58420	A	34	131	0.2595419847328244
OG0000012	AT3G58420	P	97	131	0.7404580152671756
OG0000015	AT1G29005	A	124	124	1.0
OG0000015	AT1G33710	P	1	36	0.027777777777777776
OG0000015	AT1G33710	U	35	36	0.9722222222222222
OG0000015	AT1G34440	A	136	136	1.0
OG0000015	AT1G40390	A	64	134	0.47761194029850745
OG0000015	AT1G40390	P	70	134	0.5223880597014925
OG0000015	AT1G43730	F	8	133	0.06015037593984962
OG0000015	AT1G43730	P	19	133	0.14285714285714285
OG0000015	AT1G43730	U	106	133	0.7969924812030075
OG0000015	AT1G43760	F	5	134	0.03731343283582089
OG0000015	AT1G43760	P	62	134	0.4626865671641791
OG0000015	AT1G43760	U	67	134	0.5
OG0000015	AT1G44941	P	123	129	0.9534883720930233
OG0000015	AT1G44941	U	6	129	0.046511627906976744
OG0000015	AT1G50080	P	3	130	0.023076923076923078
OG0000015	AT1G50080	U	127	130	0.9769230769230769
OG0000015	AT1G60720	P	62	88	0.7045454545454546
OG0000015	AT1G60720	U	26	88	0.29545454545454547
OG0000015	AT2G02520	P	136	136	1.0
OG0000015	AT2G19146	A	136	136	1.0
OG0000015	AT3G25720	A	119	119	1.0
OG0000015	AT3G25727	A	136	136	1.0
OG0000015	AT3G27590	A	136	136	1.0
OG0000015	AT4G04650	A	94	94	1.0
OG0000015	AT4G05095	U	105	105	1.0
OG0000015	AT4G10613	F	1	44	0.022727272727272728
OG0000015	AT4G10613	P	12	44	0.2727272727272727
OG0000015	AT4G10613	U	31	44	0.7045454545454546
OG0000015	AT5G11565	P	132	132	1.0
OG0000015	AT5G16486	F	15	68	0.22058823529411764
OG0000015	AT5G16486	P	6	68	0.08823529411764706
OG0000015	AT5G16486	U	47	68	0.6911764705882353
OG0000015	AT5G28615	A	128	128	1.0
OG0000016	AT1G06580	U	136	136	1.0
OG0000016	AT1G12300	F	8	136	0.058823529411764705
OG0000016	AT1G12300	P	2	136	0.014705882352941176
OG0000016	AT1G12300	U	126	136	0.9264705882352942
OG0000016	AT1G12620	F	115	272	0.4227941176470588
OG0000016	AT1G12620	P	39	272	0.14338235294117646
OG0000016	AT1G12620	U	118	272	0.4338235294117647
OG0000016	AT1G12700	F	57	135	0.4222222222222222
OG0000016	AT1G12700	P	16	135	0.11851851851851852
OG0000016	AT1G12700	U	62	135	0.45925925925925926
OG0000016	AT1G12775	F	24	154	0.15584415584415584
OG0000016	AT1G12775	P	33	154	0.21428571428571427
OG0000016	AT1G12775	U	97	154	0.6298701298701299
OG0000016	AT1G62590	F	14	136	0.10294117647058823
OG0000016	AT1G62590	P	3	136	0.022058823529411766
OG0000016	AT1G62590	U	119	136	0.875
OG0000016	AT1G62670	F	19	159	0.11949685534591195
OG0000016	AT1G62670	P	38	159	0.2389937106918239
OG0000016	AT1G62670	U	102	159	0.6415094339622641
OG0000016	AT1G62680	P	1	136	0.007352941176470588
OG0000016	AT1G62680	U	135	136	0.9926470588235294
OG0000016	AT1G62720	F	21	136	0.15441176470588236
OG0000016	AT1G62720	U	115	136	0.8455882352941176
OG0000016	AT1G62910	F	45	218	0.20642201834862386
OG0000016	AT1G62910	P	163	218	0.7477064220183486
OG0000016	AT1G62910	U	10	218	0.045871559633027525
OG0000016	AT1G62914	F	5	282	0.01773049645390071
OG0000016	AT1G62914	P	277	282	0.9822695035460993
OG0000016	AT1G62930	F	138	367	0.3760217983651226
OG0000016	AT1G62930	P	128	367	0.34877384196185285
OG0000016	AT1G62930	U	101	367	0.27520435967302453
OG0000016	AT1G63070	F	4	135	0.02962962962962963
OG0000016	AT1G63070	P	101	135	0.7481481481481481
OG0000016	AT1G63070	U	30	135	0.2222222222222222
OG0000016	AT1G63080	F	19	142	0.13380281690140844
OG0000016	AT1G63080	P	31	142	0.21830985915492956
OG0000016	AT1G63080	U	92	142	0.647887323943662
OG0000016	AT1G63130	F	95	276	0.3442028985507246
OG0000016	AT1G63130	P	59	276	0.213768115942029
OG0000016	AT1G63130	U	122	276	0.4420289855072464
OG0000016	AT1G63150	F	34	117	0.2905982905982906
OG0000016	AT1G63150	P	8	117	0.06837606837606838
OG0000016	AT1G63150	U	75	117	0.6410256410256411
OG0000016	AT1G63330	F	22	251	0.08764940239043825
OG0000016	AT1G63330	P	62	251	0.24701195219123506
OG0000016	AT1G63330	U	167	251	0.6653386454183267
OG0000016	AT1G63400	F	181	333	0.5435435435435435
OG0000016	AT1G63400	P	135	333	0.40540540540540543
OG0000016	AT1G63400	U	17	333	0.05105105105105105
OG0000016	AT1G64583	F	6	136	0.04411764705882353
OG0000016	AT1G64583	P	1	136	0.007352941176470588
OG0000016	AT1G64583	U	129	136	0.9485294117647058
OG0000016	AT3G16710	U	136	136	1.0
OG0000016	AT3G22470	F	1	136	0.007352941176470588
OG0000016	AT3G22470	P	12	136	0.08823529411764706
OG0000016	AT3G22470	U	123	136	0.9044117647058824
OG0000016	AT4G26800	F	35	136	0.25735294117647056
OG0000016	AT4G26800	U	101	136	0.7426470588235294
OG0000016	AT5G16640	F	46	136	0.3382352941176471
OG0000016	AT5G16640	U	90	136	0.6617647058823529
OG0000016	AT5G41170	F	21	136	0.15441176470588236
OG0000016	AT5G41170	P	2	136	0.014705882352941176
OG0000016	AT5G41170	U	113	136	0.8308823529411765
OG0000022	AT1G58310	F	45	135	0.3333333333333333
OG0000022	AT1G58310	P	5	135	0.037037037037037035
OG0000022	AT1G58310	U	85	135	0.6296296296296297
OG0000022	AT3G03030	U	136	136	1.0
OG0000022	AT3G03040	P	43	136	0.3161764705882353
OG0000022	AT3G03040	U	93	136	0.6838235294117647
OG0000022	AT3G49150	F	53	136	0.3897058823529412
OG0000022	AT3G49150	P	12	136	0.08823529411764706
OG0000022	AT3G49150	U	71	136	0.5220588235294118
OG0000022	AT3G58900	P	34	135	0.2518518518518518
OG0000022	AT3G58900	U	101	135	0.7481481481481481
OG0000022	AT3G59160	P	19	128	0.1484375
OG0000022	AT3G59160	U	109	128	0.8515625
OG0000022	AT3G59170	F	4	136	0.029411764705882353
OG0000022	AT3G59170	P	36	136	0.2647058823529412
OG0000022	AT3G59170	U	96	136	0.7058823529411765
OG0000022	AT3G59180	F	8	136	0.058823529411764705
OG0000022	AT3G59180	P	27	136	0.19852941176470587
OG0000022	AT3G59180	U	101	136	0.7426470588235294
OG0000022	AT3G59190	F	1	136	0.007352941176470588
OG0000022	AT3G59190	P	29	136	0.21323529411764705
OG0000022	AT3G59190	U	106	136	0.7794117647058824
OG0000022	AT3G59200	P	12	136	0.08823529411764706
OG0000022	AT3G59200	U	124	136	0.9117647058823529
OG0000022	AT3G59210	P	1	136	0.007352941176470588
OG0000022	AT3G59210	U	135	136	0.9926470588235294
OG0000022	AT3G59230	P	136	136	1.0
OG0000022	AT3G59240	P	135	135	1.0
OG0000022	AT3G59250	P	136	136	1.0
OG0000022	AT4G14096	F	11	136	0.08088235294117647
OG0000022	AT4G14096	P	7	136	0.051470588235294115
OG0000022	AT4G14096	U	118	136	0.8676470588235294
OG0000022	AT4G14103	P	33	130	0.25384615384615383
OG0000022	AT4G14103	U	97	130	0.7461538461538462
OG0000024	AT1G10920	A	132	132	1.0
OG0000024	AT1G53350	F	40	136	0.29411764705882354
OG0000024	AT1G53350	P	5	136	0.03676470588235294
OG0000024	AT1G53350	U	91	136	0.6691176470588235
OG0000024	AT1G58390	P	127	127	1.0
OG0000024	AT1G58400	P	63	63	1.0
OG0000024	AT1G58410	P	71	71	1.0
OG0000024	AT1G58602	A	5	83	0.060240963855421686
OG0000024	AT1G58602	F	4	83	0.04819277108433735
OG0000024	AT1G58602	P	64	83	0.7710843373493976
OG0000024	AT1G58602	U	10	83	0.12048192771084337
OG0000024	AT1G58807	F	7	137	0.051094890510948905
OG0000024	AT1G58807	P	100	137	0.7299270072992701
OG0000024	AT1G58807	U	30	137	0.21897810218978103
OG0000024	AT1G58848	A	86	218	0.3944954128440367
OG0000024	AT1G58848	F	4	218	0.01834862385321101
OG0000024	AT1G58848	P	123	218	0.5642201834862385
OG0000024	AT1G58848	U	5	218	0.022935779816513763
OG0000024	AT1G59124	A	1	10	0.1
OG0000024	AT1G59124	P	7	10	0.7
OG0000024	AT1G59124	U	2	10	0.2
OG0000024	AT1G59218	F	4	141	0.028368794326241134
OG0000024	AT1G59218	P	132	141	0.9361702127659575
OG0000024	AT1G59218	U	5	141	0.03546099290780142
OG0000024	AT1G59620	P	126	136	0.9264705882352942
OG0000024	AT1G59620	U	10	136	0.07352941176470588
OG0000024	AT1G59780	A	52	123	0.42276422764227645
OG0000024	AT1G59780	P	71	123	0.5772357723577236
OG0000024	AT4G16095	P	69	136	0.5073529411764706
OG0000024	AT4G16095	U	67	136	0.49264705882352944
OG0000024	AT5G35450	F	14	120	0.11666666666666667
OG0000024	AT5G35450	P	48	120	0.4
OG0000024	AT5G35450	U	58	120	0.48333333333333334
OG0000024	AT5G43470	P	196	196	1.0
OG0000024	AT5G48620	F	1	304	0.003289473684210526
OG0000024	AT5G48620	P	221	304	0.7269736842105263
OG0000024	AT5G48620	U	82	304	0.26973684210526316
OG0000027	AT1G28430	P	135	135	1.0
OG0000027	AT2G05180	F	24	135	0.17777777777777778
OG0000027	AT2G05180	P	25	135	0.18518518518518517
OG0000027	AT2G05180	U	86	135	0.6370370370370371
OG0000027	AT2G14100	P	40	40	1.0
OG0000027	AT2G27000	P	1	79	0.012658227848101266
OG0000027	AT2G27000	U	78	79	0.9873417721518988
OG0000027	AT2G27010	P	116	116	1.0
OG0000027	AT3G20080	F	4	135	0.02962962962962963
OG0000027	AT3G20080	P	3	135	0.022222222222222223
OG0000027	AT3G20080	U	128	135	0.9481481481481482
OG0000027	AT3G20090	P	13	136	0.09558823529411764
OG0000027	AT3G20090	U	123	136	0.9044117647058824
OG0000027	AT3G20100	F	35	136	0.25735294117647056
OG0000027	AT3G20100	P	1	136	0.007352941176470588
OG0000027	AT3G20100	U	100	136	0.7352941176470589
OG0000027	AT3G20110	F	2	136	0.014705882352941176
OG0000027	AT3G20110	P	9	136	0.0661764705882353
OG0000027	AT3G20110	U	125	136	0.9191176470588235
OG0000027	AT3G20120	F	8	134	0.05970149253731343
OG0000027	AT3G20120	P	9	134	0.06716417910447761
OG0000027	AT3G20120	U	117	134	0.8731343283582089
OG0000027	AT3G20130	P	13	132	0.09848484848484848
OG0000027	AT3G20130	U	119	132	0.9015151515151515
OG0000027	AT3G20140	P	2	132	0.015151515151515152
OG0000027	AT3G20140	U	130	132	0.9848484848484849
OG0000027	AT3G20935	A	3	136	0.022058823529411766
OG0000027	AT3G20935	F	3	136	0.022058823529411766
OG0000027	AT3G20935	P	1	136	0.007352941176470588
OG0000027	AT3G20935	U	129	136	0.9485294117647058
OG0000027	AT3G20940	F	83	265	0.3132075471698113
OG0000027	AT3G20940	P	64	265	0.24150943396226415
OG0000027	AT3G20940	U	118	265	0.44528301886792454
OG0000027	AT3G20950	A	27	184	0.14673913043478262
OG0000027	AT3G20950	F	38	184	0.20652173913043478
OG0000027	AT3G20950	P	6	184	0.03260869565217391
OG0000027	AT3G20950	U	113	184	0.6141304347826086
OG0000027	AT3G20960	F	25	136	0.18382352941176472
OG0000027	AT3G20960	P	5	136	0.03676470588235294
OG0000027	AT3G20960	U	106	136	0.7794117647058824
OG0000027	AT3G32047	P	2	40	0.05
OG0000027	AT3G32047	U	38	40	0.95
OG0000027	AT4G15330	P	135	135	1.0
OG0000027	AT4G15350	P	12	132	0.09090909090909091
OG0000027	AT4G15350	U	120	132	0.9090909090909091
OG0000027	AT4G15360	P	133	133	1.0
OG0000027	AT4G15380	P	3	135	0.022222222222222223
OG0000027	AT4G15380	U	132	135	0.9777777777777777
OG0000027	AT5G42580	P	136	136	1.0
OG0000027	AT5G47990	F	3	128	0.0234375
OG0000027	AT5G47990	P	1	128	0.0078125
OG0000027	AT5G47990	U	124	128	0.96875
OG0000029	AT1G30920	P	31	134	0.23134328358208955
OG0000029	AT1G30920	U	103	134	0.7686567164179104
OG0000029	AT1G30930	P	131	131	1.0
OG0000029	AT1G31080	F	3	115	0.02608695652173913
OG0000029	AT1G31080	P	44	115	0.3826086956521739
OG0000029	AT1G31080	U	68	115	0.591304347826087
OG0000029	AT1G31090	P	43	117	0.36752136752136755
OG0000029	AT1G31090	U	74	117	0.6324786324786325
OG0000029	AT1G67130	P	128	128	1.0
OG0000029	AT3G56890	P	4	134	0.029850746268656716
OG0000029	AT3G56890	U	130	134	0.9701492537313433
OG0000029	AT3G57580	F	31	134	0.23134328358208955
OG0000029	AT3G57580	P	10	134	0.07462686567164178
OG0000029	AT3G57580	U	93	134	0.6940298507462687
OG0000029	AT3G57590	U	136	136	1.0
OG0000029	AT5G38810	A	1	136	0.007352941176470588
OG0000029	AT5G38810	P	110	136	0.8088235294117647
OG0000029	AT5G38810	U	25	136	0.18382352941176472
OG0000029	AT5G42430	F	2	135	0.014814814814814815
OG0000029	AT5G42430	P	28	135	0.2074074074074074
OG0000029	AT5G42430	U	105	135	0.7777777777777778
OG0000030	AT1G33540	P	133	133	1.0
OG0000030	AT1G73270	P	136	136	1.0
OG0000030	AT1G73280	P	263	263	1.0
OG0000030	AT1G73290	P	136	136	1.0
OG0000030	AT1G73300	P	136	136	1.0
OG0000030	AT1G73310	P	262	262	1.0
OG0000030	AT2G22920	F	15	136	0.11029411764705882
OG0000030	AT2G22920	P	5	136	0.03676470588235294
OG0000030	AT2G22920	U	116	136	0.8529411764705882
OG0000030	AT2G22970	F	26	137	0.1897810218978102
OG0000030	AT2G22970	P	3	137	0.021897810218978103
OG0000030	AT2G22970	U	108	137	0.7883211678832117
OG0000030	AT2G22980	P	5	136	0.03676470588235294
OG0000030	AT2G22980	U	131	136	0.9632352941176471
OG0000030	AT2G22990	P	2	136	0.014705882352941176
OG0000030	AT2G22990	U	134	136	0.9852941176470589
OG0000030	AT2G23000	P	1	136	0.007352941176470588
OG0000030	AT2G23000	U	135	136	0.9926470588235294
OG0000030	AT2G23010	U	136	136	1.0
OG0000030	AT3G10450	P	1	136	0.007352941176470588
OG0000030	AT3G10450	U	135	136	0.9926470588235294
OG0000030	AT3G12203	P	136	136	1.0
OG0000030	AT3G12220	P	207	207	1.0
OG0000030	AT3G12230	P	135	135	1.0
OG0000030	AT3G12240	P	136	136	1.0
OG0000030	AT5G36180	A	96	272	0.35294117647058826
OG0000030	AT5G36180	F	2	272	0.007352941176470588
OG0000030	AT5G36180	P	48	272	0.17647058823529413
OG0000030	AT5G36180	U	126	272	0.4632352941176471
OG0000038	AT2G22440	F	11	136	0.08088235294117647
OG0000038	AT2G22440	P	49	136	0.3602941176470588
OG0000038	AT2G22440	U	76	136	0.5588235294117647
OG0000039	AT3G46650	F	10	136	0.07352941176470588
OG0000039	AT3G46650	P	75	136	0.5514705882352942
OG0000039	AT3G46650	U	51	136	0.375
OG0000039	AT3G46660	P	136	136	1.0
OG0000039	AT3G46670	P	136	136	1.0
OG0000039	AT3G46680	P	136	136	1.0
OG0000039	AT3G46690	P	136	136	1.0
OG0000039	AT3G46700	P	135	135	1.0
OG0000039	AT3G46720	P	136	136	1.0
OG0000039	AT5G37950	P	11	16	0.6875
OG0000039	AT5G37950	U	5	16	0.3125
OG0000039	AT5G38010	P	1	136	0.007352941176470588
OG0000039	AT5G38010	U	135	136	0.9926470588235294
OG0000039	AT5G38040	P	12	136	0.08823529411764706
OG0000039	AT5G38040	U	124	136	0.9117647058823529
OG0000039	AT5G59580	P	136	136	1.0
OG0000039	AT5G59590	P	137	137	1.0
OG0000040	AT3G43170	A	128	128	1.0
OG0000040	AT3G43970	A	62	62	1.0
OG0000040	AT5G52930	P	41	136	0.3014705882352941
OG0000040	AT5G52930	U	95	136	0.6985294117647058
OG0000040	AT5G52940	P	58	136	0.4264705882352941
OG0000040	AT5G52940	U	78	136	0.5735294117647058
OG0000040	AT5G53230	P	8	136	0.058823529411764705
OG0000040	AT5G53230	U	128	136	0.9411764705882353
OG0000040	AT5G54320	P	135	135	1.0
OG0000040	AT5G54330	P	5	136	0.03676470588235294
OG0000040	AT5G54330	U	131	136	0.9632352941176471
OG0000040	AT5G54420	U	136	136	1.0
OG0000040	AT5G54450	F	10	136	0.07352941176470588
OG0000040	AT5G54450	P	44	136	0.3235294117647059
OG0000040	AT5G54450	U	82	136	0.6029411764705882
OG0000040	AT5G54550	F	30	136	0.22058823529411764
OG0000040	AT5G54550	P	3	136	0.022058823529411766
OG0000040	AT5G54550	U	103	136	0.7573529411764706
OG0000040	AT5G54560	F	1	136	0.007352941176470588
OG0000040	AT5G54560	P	13	136	0.09558823529411764
OG0000040	AT5G54560	U	122	136	0.8970588235294118
OG0000040	AT5G55270	P	7	136	0.051470588235294115
OG0000040	AT5G55270	U	129	136	0.9485294117647058
OG0000040	AT5G55870	A	272	272	1.0
OG0000040	AT5G55880	P	136	136	1.0
OG0000040	AT5G55890	P	109	109	1.0
OG0000042	AT1G66610	P	77	77	1.0
OG0000042	AT1G66620	F	135	136	0.9926470588235294
OG0000042	AT1G66620	P	1	136	0.007352941176470588
OG0000042	AT1G66630	F	124	136	0.9117647058823529
OG0000042	AT1G66630	P	12	136	0.08823529411764706
OG0000042	AT1G66650	P	136	136	1.0
OG0000042	AT5G37870	F	1	132	0.007575757575757576
OG0000042	AT5G37870	P	24	132	0.18181818181818182
OG0000042	AT5G37870	U	107	132	0.8106060606060606
OG0000042	AT5G37890	F	105	131	0.8015267175572519
OG0000042	AT5G37890	P	26	131	0.1984732824427481
OG0000042	AT5G37900	P	81	122	0.6639344262295082
OG0000042	AT5G37900	U	41	122	0.3360655737704918
OG0000042	AT5G37910	P	9	135	0.06666666666666667
OG0000042	AT5G37910	U	126	135	0.9333333333333333
OG0000042	AT5G37930	P	136	136	1.0
OG0000042	AT5G62800	P	2	136	0.014705882352941176
OG0000042	AT5G62800	U	134	136	0.9852941176470589
OG0000045	AT5G27606	A	112	112	1.0
OG0000046	AT1G56380	F	7	136	0.051470588235294115
OG0000046	AT1G56380	P	14	136	0.10294117647058823
OG0000046	AT1G56380	U	115	136	0.8455882352941176
OG0000046	AT1G61960	F	23	136	0.16911764705882354
OG0000046	AT1G61960	U	113	136	0.8308823529411765
OG0000046	AT1G61970	P	1	136	0.007352941176470588
OG0000046	AT1G61970	U	135	136	0.9926470588235294
OG0000046	AT1G61980	F	4	136	0.029411764705882353
OG0000046	AT1G61980	U	132	136	0.9705882352941176
OG0000046	AT1G61990	P	25	136	0.18382352941176472
OG0000046	AT1G61990	U	111	136	0.8161764705882353
OG0000046	AT1G62085	U	136	136	1.0
OG0000046	AT1G62110	U	136	136	1.0
OG0000046	AT1G62120	P	3	136	0.022058823529411766
OG0000046	AT1G62120	U	133	136	0.9779411764705882
OG0000046	AT1G62490	P	39	135	0.28888888888888886
OG0000046	AT1G62490	U	96	135	0.7111111111111111
OG0000046	AT3G46950	P	1	136	0.007352941176470588
OG0000046	AT3G46950	U	135	136	0.9926470588235294
OG0000046	AT5G23930	P	60	136	0.4411764705882353
OG0000046	AT5G23930	U	76	136	0.5588235294117647
OG0000047	AT3G47090	P	133	133	1.0
OG0000047	AT3G47110	P	136	136	1.0
OG0000047	AT3G47570	F	1	136	0.007352941176470588
OG0000047	AT3G47570	P	3	136	0.022058823529411766
OG0000047	AT3G47570	U	132	136	0.9705882352941176
OG0000047	AT3G47580	F	8	62	0.12903225806451613
OG0000047	AT3G47580	P	7	62	0.11290322580645161
OG0000047	AT3G47580	U	47	62	0.7580645161290323
OG0000047	AT5G20480	F	30	136	0.22058823529411764
OG0000047	AT5G20480	P	2	136	0.014705882352941176
OG0000047	AT5G20480	U	104	136	0.7647058823529411
OG0000047	AT5G39390	P	58	58	1.0
OG0000049	AT3G46840	F	6	136	0.04411764705882353
OG0000049	AT3G46840	P	7	136	0.051470588235294115
OG0000049	AT3G46840	U	123	136	0.9044117647058824
OG0000049	AT3G46850	F	3	134	0.022388059701492536
OG0000049	AT3G46850	P	8	134	0.05970149253731343
OG0000049	AT3G46850	U	123	134	0.917910447761194
OG0000049	AT5G58820	P	1	134	0.007462686567164179
OG0000049	AT5G58820	U	133	134	0.9925373134328358
OG0000049	AT5G58830	F	2	136	0.014705882352941176
OG0000049	AT5G58830	P	5	136	0.03676470588235294
OG0000049	AT5G58830	U	129	136	0.9485294117647058
OG0000049	AT5G58840	P	76	136	0.5588235294117647
OG0000049	AT5G58840	U	60	136	0.4411764705882353
OG0000049	AT5G59090	P	136	136	1.0
OG0000049	AT5G59100	P	136	136	1.0
OG0000049	AT5G59110	P	5	136	0.03676470588235294
OG0000049	AT5G59110	U	131	136	0.9632352941176471
OG0000049	AT5G59120	P	136	136	1.0
OG0000049	AT5G59130	P	136	136	1.0
OG0000054	AT1G56510	F	2	102	0.0196078431372549
OG0000054	AT1G56510	P	42	102	0.4117647058823529
OG0000054	AT1G56510	U	58	102	0.5686274509803921
OG0000054	AT1G56520	P	106	106	1.0
OG0000054	AT1G56540	P	21	128	0.1640625
OG0000054	AT1G56540	U	107	128	0.8359375
OG0000054	AT1G63730	P	6	136	0.04411764705882353
OG0000054	AT1G63730	U	130	136	0.9558823529411765
OG0000054	AT1G63740	P	9	138	0.06521739130434782
OG0000054	AT1G63740	U	129	138	0.9347826086956522
OG0000054	AT1G63750	F	1	135	0.007407407407407408
OG0000054	AT1G63750	P	11	135	0.08148148148148149
OG0000054	AT1G63750	U	123	135	0.9111111111111111
OG0000054	AT1G63860	P	89	89	1.0
OG0000054	AT1G63870	A	2	98	0.02040816326530612
OG0000054	AT1G63870	P	96	98	0.9795918367346939
OG0000054	AT1G63880	P	94	94	1.0
OG0000054	AT1G64070	P	21	111	0.1891891891891892
OG0000054	AT1G64070	U	90	111	0.8108108108108109
OG0000054	AT2G16870	P	135	135	1.0
OG0000054	AT4G14370	P	136	136	1.0
OG0000054	AT5G35510	A	135	135	1.0
OG0000054	AT5G38850	P	112	136	0.8235294117647058
OG0000054	AT5G38850	U	24	136	0.17647058823529413
OG0000054	AT5G58120	P	47	136	0.34558823529411764
OG0000054	AT5G58120	U	89	136	0.6544117647058824
OG0000060	AT1G37020	A	136	136	1.0
OG0000060	AT1G42525	P	38	136	0.27941176470588236
OG0000060	AT1G42525	U	98	136	0.7205882352941176
OG0000060	AT2G10260	A	132	132	1.0
OG0000060	AT3G30305	P	3	17	0.17647058823529413
OG0000060	AT3G30305	U	14	17	0.8235294117647058
OG0000060	AT3G31910	P	45	45	1.0
OG0000060	AT4G08430	A	137	137	1.0
OG0000060	AT5G28235	P	274	274	1.0
OG0000060	AT5G28810	A	407	407	1.0
OG0000060	AT5G45570	F	3	544	0.0055147058823529415
OG0000060	AT5G45570	P	494	544	0.9080882352941176
OG0000060	AT5G45570	U	47	544	0.08639705882352941
OG0000065	AT1G31540	P	136	136	1.0
OG0000065	AT5G22690	F	3	136	0.022058823529411766
OG0000065	AT5G22690	P	13	136	0.09558823529411764
OG0000065	AT5G22690	U	120	136	0.8823529411764706
OG0000065	AT5G40060	F	1	136	0.007352941176470588
OG0000065	AT5G40060	P	13	136	0.09558823529411764
OG0000065	AT5G40060	U	122	136	0.8970588235294118
OG0000065	AT5G46260	P	138	138	1.0
OG0000065	AT5G46270	P	178	178	1.0
OG0000065	AT5G46450	F	7	136	0.051470588235294115
OG0000065	AT5G46450	P	9	136	0.0661764705882353
OG0000065	AT5G46450	U	120	136	0.8823529411764706
OG0000065	AT5G46470	P	6	132	0.045454545454545456
OG0000065	AT5G46470	U	126	132	0.9545454545454546
OG0000065	AT5G46490	P	90	101	0.8910891089108911
OG0000065	AT5G46490	U	11	101	0.10891089108910891
OG0000065	AT5G46500	F	6	116	0.05172413793103448
OG0000065	AT5G46500	P	83	116	0.7155172413793104
OG0000065	AT5G46500	U	27	116	0.23275862068965517
OG0000065	AT5G46510	F	1	84	0.011904761904761904
OG0000065	AT5G46510	P	70	84	0.8333333333333334
OG0000065	AT5G46510	U	13	84	0.15476190476190477
OG0000065	AT5G46520	F	8	139	0.05755395683453238
OG0000065	AT5G46520	P	102	139	0.7338129496402878
OG0000065	AT5G46520	U	29	139	0.20863309352517986
OG0000074	AT2G24205	P	3	136	0.022058823529411766
OG0000074	AT2G24205	U	133	136	0.9779411764705882
OG0000074	AT3G42565	P	2	135	0.014814814814814815
OG0000074	AT3G42565	U	133	135	0.9851851851851852
OG0000074	AT4G09545	F	3	136	0.022058823529411766
OG0000074	AT4G09545	P	11	136	0.08088235294117647
OG0000074	AT4G09545	U	122	136	0.8970588235294118
OG0000074	AT5G36310	A	6	223	0.026905829596412557
OG0000074	AT5G36310	F	2	223	0.008968609865470852
OG0000074	AT5G36310	P	22	223	0.09865470852017937
OG0000074	AT5G36310	U	193	223	0.8654708520179372
OG0000074	AT5G36320	F	20	137	0.145985401459854
OG0000074	AT5G36320	P	6	137	0.043795620437956206
OG0000074	AT5G36320	U	111	137	0.8102189781021898
OG0000074	AT5G36330	P	110	542	0.2029520295202952
OG0000074	AT5G36330	U	432	542	0.7970479704797048
OG0000074	AT5G36340	P	7	262	0.026717557251908396
OG0000074	AT5G36340	U	255	262	0.9732824427480916
OG0000074	AT5G36350	F	4	809	0.004944375772558714
OG0000074	AT5G36350	P	138	809	0.17058096415327564
OG0000074	AT5G36350	U	667	809	0.8244746600741656
OG0000074	AT5G36360	F	2	269	0.007434944237918215
OG0000074	AT5G36360	P	11	269	0.040892193308550186
OG0000074	AT5G36360	U	256	269	0.9516728624535316
OG0000074	AT5G36370	F	2	133	0.015037593984962405
OG0000074	AT5G36370	P	4	133	0.03007518796992481
OG0000074	AT5G36370	U	127	133	0.9548872180451128
OG0000074	AT5G36380	A	2	136	0.014705882352941176
OG0000074	AT5G36380	F	2	136	0.014705882352941176
OG0000074	AT5G36380	P	1	136	0.007352941176470588
OG0000074	AT5G36380	U	131	136	0.9632352941176471
OG0000074	AT5G36390	F	2	132	0.015151515151515152
OG0000074	AT5G36390	P	2	132	0.015151515151515152
OG0000074	AT5G36390	U	128	132	0.9696969696969697
OG0000074	AT5G36400	F	2	135	0.014814814814814815
OG0000074	AT5G36400	P	4	135	0.02962962962962963
OG0000074	AT5G36400	U	129	135	0.9555555555555556
OG0000074	AT5G36410	F	1	124	0.008064516129032258
OG0000074	AT5G36410	U	123	124	0.9919354838709677
OG0000074	AT5G36420	F	2	113	0.017699115044247787
OG0000074	AT5G36420	P	5	113	0.04424778761061947
OG0000074	AT5G36420	U	106	113	0.9380530973451328
OG0000074	AT5G36430	F	5	107	0.04672897196261682
OG0000074	AT5G36430	P	4	107	0.037383177570093455
OG0000074	AT5G36430	U	98	107	0.9158878504672897
OG0000074	AT5G36440	F	2	98	0.02040816326530612
OG0000074	AT5G36440	P	9	98	0.09183673469387756
OG0000074	AT5G36440	U	87	98	0.8877551020408163
OG0000074	AT5G36450	F	7	2024	0.003458498023715415
OG0000074	AT5G36450	P	311	2024	0.15365612648221344
OG0000074	AT5G36450	U	1706	2024	0.8428853754940712
OG0000074	AT5G36460	F	2	170	0.011764705882352941
OG0000074	AT5G36460	P	7	170	0.041176470588235294
OG0000074	AT5G36460	U	161	170	0.9470588235294117
OG0000074	AT5G36470	F	1	166	0.006024096385542169
OG0000074	AT5G36470	P	13	166	0.0783132530120482
OG0000074	AT5G36470	U	152	166	0.9156626506024096
OG0000074	AT5G36480	P	4	126	0.031746031746031744
OG0000074	AT5G36480	U	122	126	0.9682539682539683
OG0000074	AT5G36490	P	1	57	0.017543859649122806
OG0000074	AT5G36490	U	56	57	0.9824561403508771
OG0000074	AT5G36500	F	1	42	0.023809523809523808
OG0000074	AT5G36500	U	41	42	0.9761904761904762
OG0000074	AT5G36520	F	1	25	0.04
OG0000074	AT5G36520	P	1	25	0.04
OG0000074	AT5G36520	U	23	25	0.92
OG0000074	AT5G36540	F	3	25	0.12
OG0000074	AT5G36540	U	22	25	0.88
OG0000074	AT5G36550	F	1	19	0.05263157894736842
OG0000074	AT5G36550	U	18	19	0.9473684210526315
OG0000074	AT5G36657	A	1	2455	0.0004073319755600815
OG0000074	AT5G36657	F	81	2455	0.0329938900203666
OG0000074	AT5G36657	P	92	2455	0.03747454175152749
OG0000074	AT5G36657	U	2281	2455	0.9291242362525458
OG0000074	AT5G36658	P	6	65	0.09230769230769231
OG0000074	AT5G36658	U	59	65	0.9076923076923077
OG0000074	AT5G36659	A	2	2476	0.0008077544426494346
OG0000074	AT5G36659	F	1647	2476	0.6651857835218093
OG0000074	AT5G36659	P	826	2476	0.33360258481421645
OG0000074	AT5G36659	U	1	2476	0.0004038772213247173
OG0000074	AT5G36661	P	2	18	0.1111111111111111
OG0000074	AT5G36661	U	16	18	0.8888888888888888
OG0000074	AT5G36662	F	4	9	0.4444444444444444
OG0000074	AT5G36662	U	5	9	0.5555555555555556
OG0000074	AT5G36738	F	2	7	0.2857142857142857
OG0000074	AT5G36738	U	5	7	0.7142857142857143
OG0000074	AT5G36739	U	4	4	1.0
OG0000074	AT5G42895	F	7	148	0.0472972972972973
OG0000074	AT5G42895	P	16	148	0.10810810810810811
OG0000074	AT5G42895	U	125	148	0.8445945945945946
OG0000074	AT5G44495	P	100	100	1.0
OG0000075	AT1G36925	P	129	132	0.9772727272727273
OG0000075	AT1G36925	U	3	132	0.022727272727272728
OG0000077	AT1G49100	P	136	136	1.0
OG0000077	AT1G51805	P	136	136	1.0
OG0000077	AT1G51810	P	136	136	1.0
OG0000077	AT1G51820	A	50	136	0.36764705882352944
OG0000077	AT1G51820	P	86	136	0.6323529411764706
OG0000077	AT1G51830	P	136	136	1.0
OG0000077	AT1G51850	P	137	137	1.0
OG0000077	AT2G04300	F	18	136	0.1323529411764706
OG0000077	AT2G04300	P	8	136	0.058823529411764705
OG0000077	AT2G04300	U	110	136	0.8088235294117647
OG0000077	AT2G29000	P	34	34	1.0
OG0000077	AT3G21340	P	136	136	1.0
OG0000077	AT3G46330	P	136	136	1.0
OG0000077	AT3G46340	F	1	102	0.00980392156862745
OG0000077	AT3G46340	P	53	102	0.5196078431372549
OG0000077	AT3G46340	U	48	102	0.47058823529411764
OG0000077	AT3G46370	U	37	37	1.0
OG0000077	AT3G46400	F	1	37	0.02702702702702703
OG0000077	AT3G46400	P	4	37	0.10810810810810811
OG0000077	AT3G46400	U	32	37	0.8648648648648649
OG0000077	AT3G46420	P	5	136	0.03676470588235294
OG0000077	AT3G46420	U	131	136	0.9632352941176471
OG0000077	AT5G16900	P	7	136	0.051470588235294115
OG0000077	AT5G16900	U	129	136	0.9485294117647058
OG0000077	AT5G59670	F	1	69	0.014492753623188406
OG0000077	AT5G59670	P	31	69	0.4492753623188406
OG0000077	AT5G59670	U	37	69	0.5362318840579711
OG0000083	AT1G43680	P	29	136	0.21323529411764705
OG0000083	AT1G43680	U	107	136	0.7867647058823529
OG0000083	AT2G02103	P	53	95	0.5578947368421052
OG0000083	AT2G02103	U	42	95	0.4421052631578947
OG0000083	AT2G13450	P	132	132	1.0
OG0000083	AT2G13500	P	69	135	0.5111111111111111
OG0000083	AT2G13500	U	66	135	0.4888888888888889
OG0000083	AT2G13510	F	3	135	0.022222222222222223
OG0000083	AT2G13510	P	19	135	0.14074074074074075
OG0000083	AT2G13510	U	113	135	0.837037037037037
OG0000083	AT2G16676	F	2	116	0.017241379310344827
OG0000083	AT2G16676	P	53	116	0.45689655172413796
OG0000083	AT2G16676	U	61	116	0.5258620689655172
OG0000083	AT2G17905	P	29	37	0.7837837837837838
OG0000083	AT2G17905	U	8	37	0.21621621621621623
OG0000083	AT2G17920	P	34	41	0.8292682926829268
OG0000083	AT2G17920	U	7	41	0.17073170731707318
OG0000083	AT2G31590	A	135	135	1.0
OG0000083	AT2G41590	P	8	74	0.10810810810810811
OG0000083	AT2G41590	U	66	74	0.8918918918918919
OG0000083	AT3G47920	P	20	95	0.21052631578947367
OG0000083	AT3G47920	U	75	95	0.7894736842105263
OG0000083	AT3G57587	F	16	111	0.14414414414414414
OG0000083	AT3G57587	P	41	111	0.36936936936936937
OG0000083	AT3G57587	U	54	111	0.4864864864864865
OG0000083	AT4G02000	F	23	200	0.115
OG0000083	AT4G02000	P	104	200	0.52
OG0000083	AT4G02000	U	73	200	0.365
OG0000083	AT4G04730	P	263	263	1.0
OG0000083	AT5G18636	F	10	101	0.09900990099009901
OG0000083	AT5G18636	P	32	101	0.31683168316831684
OG0000083	AT5G18636	U	59	101	0.5841584158415841
OG0000083	AT5G25200	F	46	157	0.2929936305732484
OG0000083	AT5G25200	P	41	157	0.2611464968152866
OG0000083	AT5G25200	U	70	157	0.445859872611465
OG0000083	AT5G25600	P	120	120	1.0
OG0000083	AT5G35737	P	57	136	0.41911764705882354
OG0000083	AT5G35737	U	79	136	0.5808823529411765
OG0000083	AT5G36228	P	50	85	0.5882352941176471
OG0000083	AT5G36228	U	35	85	0.4117647058823529
OG0000083	AT5G51195	P	27	27	1.0
OG0000086	AT5G53670	F	4	136	0.029411764705882353
OG0000086	AT5G53670	P	11	136	0.08088235294117647
OG0000086	AT5G53670	U	121	136	0.8897058823529411
OG0000087	AT1G40087	P	103	103	1.0
OG0000087	AT1G42700	F	10	83	0.12048192771084337
OG0000087	AT1G42700	P	69	83	0.8313253012048193
OG0000087	AT1G42700	U	4	83	0.04819277108433735
OG0000087	AT3G30200	A	12	164	0.07317073170731707
OG0000087	AT3G30200	P	152	164	0.926829268292683
OG0000087	AT5G28920	A	134	134	1.0
OG0000090	AT1G48800	F	1	136	0.007352941176470588
OG0000090	AT1G48800	P	19	136	0.13970588235294118
OG0000090	AT1G48800	U	116	136	0.8529411764705882
OG0000090	AT1G48820	A	1	127	0.007874015748031496
OG0000090	AT1G48820	F	3	127	0.023622047244094488
OG0000090	AT1G48820	P	66	127	0.5196850393700787
OG0000090	AT1G48820	U	57	127	0.44881889763779526
OG0000090	AT1G66020	F	1	135	0.007407407407407408
OG0000090	AT1G66020	P	28	135	0.2074074074074074
OG0000090	AT1G66020	U	106	135	0.7851851851851852
OG0000090	AT1G70080	P	136	136	1.0
OG0000090	AT2G23230	P	117	136	0.8602941176470589
OG0000090	AT2G23230	U	19	136	0.13970588235294118
OG0000090	AT3G29110	P	104	104	1.0
OG0000090	AT3G29190	P	136	136	1.0
OG0000090	AT4G13280	P	135	135	1.0
OG0000090	AT4G13300	P	195	195	1.0
OG0000090	AT4G15870	P	136	136	1.0
OG0000090	AT4G20200	P	136	136	1.0
OG0000090	AT4G20210	A	74	121	0.6115702479338843
OG0000090	AT4G20210	P	47	121	0.3884297520661157
OG0000090	AT4G20230	P	106	106	1.0
OG0000090	AT5G44630	F	3	136	0.022058823529411766
OG0000090	AT5G44630	P	8	136	0.058823529411764705
OG0000090	AT5G44630	U	125	136	0.9191176470588235
OG0000090	AT5G48110	P	134	134	1.0
OG0000093	AT3G21940	P	31	133	0.23308270676691728
OG0000093	AT3G21940	U	102	133	0.7669172932330827
OG0000093	AT3G21980	P	62	136	0.45588235294117646
OG0000093	AT3G21980	U	74	136	0.5441176470588235
OG0000093	AT3G21990	F	2	136	0.014705882352941176
OG0000093	AT3G21990	P	2	136	0.014705882352941176
OG0000093	AT3G21990	U	132	136	0.9705882352941176
OG0000093	AT3G22000	P	22	123	0.17886178861788618
OG0000093	AT3G22000	U	101	123	0.8211382113821138
OG0000093	AT3G22010	P	21	120	0.175
OG0000093	AT3G22010	U	99	120	0.825
OG0000093	AT3G22020	P	28	120	0.23333333333333334
OG0000093	AT3G22020	U	92	120	0.7666666666666667
OG0000093	AT3G22030	F	2	119	0.01680672268907563
OG0000093	AT3G22030	P	34	119	0.2857142857142857
OG0000093	AT3G22030	U	83	119	0.6974789915966386
OG0000093	AT3G22040	F	19	119	0.15966386554621848
OG0000093	AT3G22040	P	17	119	0.14285714285714285
OG0000093	AT3G22040	U	83	119	0.6974789915966386
OG0000093	AT3G22050	P	23	120	0.19166666666666668
OG0000093	AT3G22050	U	97	120	0.8083333333333333
OG0000093	AT3G22053	P	52	136	0.38235294117647056
OG0000093	AT3G22053	U	84	136	0.6176470588235294
OG0000093	AT4G20530	F	87	217	0.4009216589861751
OG0000093	AT4G20530	P	35	217	0.16129032258064516
OG0000093	AT4G20530	U	95	217	0.4377880184331797
OG0000093	AT4G20540	F	7	47	0.14893617021276595
OG0000093	AT4G20540	P	11	47	0.23404255319148937
OG0000093	AT4G20540	U	29	47	0.6170212765957447
OG0000093	AT4G20550	F	5	40	0.125
OG0000093	AT4G20550	P	9	40	0.225
OG0000093	AT4G20550	U	26	40	0.65
OG0000093	AT4G20560	F	5	35	0.14285714285714285
OG0000093	AT4G20560	P	6	35	0.17142857142857143
OG0000093	AT4G20560	U	24	35	0.6857142857142857
OG0000093	AT4G20570	F	3	30	0.1
OG0000093	AT4G20570	P	3	30	0.1
OG0000093	AT4G20570	U	24	30	0.8
OG0000093	AT4G20580	F	108	397	0.27204030226700254
OG0000093	AT4G20580	P	67	397	0.16876574307304787
OG0000093	AT4G20580	U	222	397	0.5591939546599496
OG0000093	AT4G20590	P	4	26	0.15384615384615385
OG0000093	AT4G20590	U	22	26	0.8461538461538461
OG0000093	AT4G20600	P	3	26	0.11538461538461539
OG0000093	AT4G20600	U	23	26	0.8846153846153846
OG0000093	AT4G20610	F	1	24	0.041666666666666664
OG0000093	AT4G20610	P	5	24	0.20833333333333334
OG0000093	AT4G20610	U	18	24	0.75
OG0000093	AT4G20620	F	4	23	0.17391304347826086
OG0000093	AT4G20620	P	4	23	0.17391304347826086
OG0000093	AT4G20620	U	15	23	0.6521739130434783
OG0000093	AT4G20630	P	2	19	0.10526315789473684
OG0000093	AT4G20630	U	17	19	0.8947368421052632
OG0000093	AT4G20640	P	4	19	0.21052631578947367
OG0000093	AT4G20640	U	15	19	0.7894736842105263
OG0000093	AT4G20645	P	28	183	0.15300546448087432
OG0000093	AT4G20645	U	155	183	0.8469945355191257
OG0000093	AT4G20670	P	562	567	0.9911816578483245
OG0000093	AT4G20670	U	5	567	0.008818342151675485
OG0000093	AT4G20680	P	36	159	0.22641509433962265
OG0000093	AT4G20680	U	123	159	0.7735849056603774
OG0000095	AT1G18050	A	2	136	0.014705882352941176
OG0000095	AT1G18050	P	8	136	0.058823529411764705
OG0000095	AT1G18050	U	126	136	0.9264705882352942
OG0000095	AT3G30370	F	51	83	0.6144578313253012
OG0000095	AT3G30370	P	11	83	0.13253012048192772
OG0000095	AT3G30370	U	21	83	0.25301204819277107
OG0000096	AT1G29180	P	9	136	0.0661764705882353
OG0000096	AT1G29180	U	127	136	0.9338235294117647
OG0000096	AT1G34480	F	15	135	0.1111111111111111
OG0000096	AT1G34480	P	69	135	0.5111111111111111
OG0000096	AT1G34480	U	51	135	0.37777777777777777
OG0000096	AT1G44020	F	9	135	0.06666666666666667
OG0000096	AT1G44020	P	43	135	0.31851851851851853
OG0000096	AT1G44020	U	83	135	0.6148148148148148
OG0000096	AT1G44030	F	1	173	0.005780346820809248
OG0000096	AT1G44030	P	128	173	0.7398843930635838
OG0000096	AT1G44030	U	44	173	0.2543352601156069
OG0000096	AT1G45243	F	31	136	0.22794117647058823
OG0000096	AT1G45243	P	37	136	0.27205882352941174
OG0000096	AT1G45243	U	68	136	0.5
OG0000096	AT1G62030	A	136	136	1.0
OG0000096	AT1G66440	P	22	136	0.16176470588235295
OG0000096	AT1G66440	U	114	136	0.8382352941176471
OG0000096	AT1G66450	P	25	136	0.18382352941176472
OG0000096	AT1G66450	U	111	136	0.8161764705882353
OG0000096	AT2G28460	F	1	136	0.007352941176470588
OG0000096	AT2G28460	P	4	136	0.029411764705882353
OG0000096	AT2G28460	U	131	136	0.9632352941176471
OG0000096	AT3G21210	P	136	136	1.0
OG0000096	AT3G26240	F	1	134	0.007462686567164179
OG0000096	AT3G26240	P	110	134	0.8208955223880597
OG0000096	AT3G26240	U	23	134	0.17164179104477612
OG0000096	AT3G26250	P	206	206	1.0
OG0000096	AT3G50010	F	3	136	0.022058823529411766
OG0000096	AT3G50010	P	28	136	0.20588235294117646
OG0000096	AT3G50010	U	105	136	0.7720588235294118
OG0000096	AT4G02540	U	10	10	1.0
OG0000096	AT4G10560	F	1	136	0.007352941176470588
OG0000096	AT4G10560	P	32	136	0.23529411764705882
OG0000096	AT4G10560	U	103	136	0.7573529411764706
OG0000096	AT4G13130	F	1	136	0.007352941176470588
OG0000096	AT4G13130	P	39	136	0.2867647058823529
OG0000096	AT4G13130	U	96	136	0.7058823529411765
OG0000096	AT4G15070	P	122	136	0.8970588235294118
OG0000096	AT4G15070	U	14	136	0.10294117647058823
OG0000096	AT4G26380	F	1	135	0.007407407407407408
OG0000096	AT4G26380	P	15	135	0.1111111111111111
OG0000096	AT4G26380	U	119	135	0.8814814814814815
OG0000096	AT5G03355	P	85	93	0.9139784946236559
OG0000096	AT5G03355	U	8	93	0.08602150537634409
OG0000096	AT5G03360	F	3	136	0.022058823529411766
OG0000096	AT5G03360	U	133	136	0.9779411764705882
OG0000096	AT5G37210	F	1	135	0.007407407407407408
OG0000096	AT5G37210	P	133	135	0.9851851851851852
OG0000096	AT5G37210	U	1	135	0.007407407407407408
OG0000096	AT5G48320	F	1	239	0.0041841004184100415
OG0000096	AT5G48320	P	172	239	0.7196652719665272
OG0000096	AT5G48320	U	66	239	0.27615062761506276
OG0000100	AT1G31960	P	47	135	0.34814814814814815
OG0000100	AT1G31960	U	88	135	0.6518518518518519
OG0000100	AT2G11462	F	1	133	0.007518796992481203
OG0000100	AT2G11462	P	4	133	0.03007518796992481
OG0000100	AT2G11462	U	128	133	0.9624060150375939
OG0000103	AT1G03660	U	136	136	1.0
OG0000103	AT1G03670	P	136	136	1.0
OG0000103	AT4G03440	P	130	130	1.0
OG0000103	AT4G03450	P	135	135	1.0
OG0000103	AT4G03460	P	136	136	1.0
OG0000103	AT4G03470	P	82	82	1.0
OG0000103	AT4G03480	P	86	86	1.0
OG0000103	AT4G03490	P	84	84	1.0
OG0000103	AT4G03495	A	84	84	1.0
OG0000103	AT4G03500	F	3	85	0.03529411764705882
OG0000103	AT4G03500	P	57	85	0.6705882352941176
OG0000103	AT4G03500	U	25	85	0.29411764705882354
OG0000103	AT4G03505	P	14	97	0.14432989690721648
OG0000103	AT4G03505	U	83	97	0.8556701030927835
OG0000103	AT4G05040	P	102	111	0.918918918918919
OG0000103	AT4G05040	U	9	111	0.08108108108108109
OG0000103	AT4G14390	P	6	64	0.09375
OG0000103	AT4G14390	U	58	64	0.90625
OG0000103	AT4G14400	P	7	93	0.07526881720430108
OG0000103	AT4G14400	U	86	93	0.9247311827956989
OG0000106	AT1G55060	F	7	135	0.05185185185185185
OG0000106	AT1G55060	P	3	135	0.022222222222222223
OG0000106	AT1G55060	U	125	135	0.9259259259259259
OG0000106	AT1G65350	A	13	19	0.6842105263157895
OG0000106	AT1G65350	P	6	19	0.3157894736842105
OG0000106	AT4G02890	P	3	136	0.022058823529411766
OG0000106	AT4G02890	U	133	136	0.9779411764705882
OG0000106	AT4G05050	F	4	156	0.02564102564102564
OG0000106	AT4G05050	P	43	156	0.27564102564102566
OG0000106	AT4G05050	U	109	156	0.6987179487179487
OG0000106	AT4G05320	F	91	189	0.48148148148148145
OG0000106	AT4G05320	P	5	189	0.026455026455026454
OG0000106	AT4G05320	U	93	189	0.49206349206349204
OG0000106	AT5G03240	F	1	136	0.007352941176470588
OG0000106	AT5G03240	U	135	136	0.9926470588235294
OG0000106	AT5G20620	U	136	136	1.0
OG0000106	AT5G37640	P	19	136	0.13970588235294118
OG0000106	AT5G37640	U	117	136	0.8602941176470589
OG0000107	AT1G27540	F	11	136	0.08088235294117647
OG0000107	AT1G27540	P	15	136	0.11029411764705882
OG0000107	AT1G27540	U	110	136	0.8088235294117647
OG0000107	AT1G27550	P	123	123	1.0
OG0000107	AT1G27580	F	24	266	0.09022556390977443
OG0000107	AT1G27580	P	87	266	0.32706766917293234
OG0000107	AT1G27580	U	155	266	0.5827067669172933
OG0000107	AT2G14290	F	7	131	0.05343511450381679
OG0000107	AT2G14290	P	6	131	0.04580152671755725
OG0000107	AT2G14290	U	118	131	0.9007633587786259
OG0000107	AT2G14500	F	11	98	0.11224489795918367
OG0000107	AT2G14500	P	19	98	0.19387755102040816
OG0000107	AT2G14500	U	68	98	0.6938775510204082
OG0000107	AT2G24080	P	136	136	1.0
OG0000107	AT5G25290	F	34	136	0.25
OG0000107	AT5G25290	P	2	136	0.014705882352941176
OG0000107	AT5G25290	U	100	136	0.7352941176470589
OG0000107	AT5G25300	P	28	136	0.20588235294117646
OG0000107	AT5G25300	U	108	136	0.7941176470588235
OG0000118	AT1G04625	A	129	129	1.0
OG0000118	AT1G27870	P	136	136	1.0
OG0000118	AT1G47497	A	1	132	0.007575757575757576
OG0000118	AT1G47497	F	1	132	0.007575757575757576
OG0000118	AT1G47497	P	21	132	0.1590909090909091
OG0000118	AT1G47497	U	109	132	0.8257575757575758
OG0000118	AT1G50160	F	3	104	0.028846153846153848
OG0000118	AT1G50160	P	6	104	0.057692307692307696
OG0000118	AT1G50160	U	95	104	0.9134615384615384
OG0000118	AT1G77815	F	18	272	0.0661764705882353
OG0000118	AT1G77815	P	23	272	0.08455882352941177
OG0000118	AT1G77815	U	231	272	0.8492647058823529
OG0000118	AT2G02650	F	4	115	0.034782608695652174
OG0000118	AT2G02650	P	17	115	0.14782608695652175
OG0000118	AT2G02650	U	94	115	0.8173913043478261
OG0000118	AT2G04420	F	13	91	0.14285714285714285
OG0000118	AT2G04420	P	11	91	0.12087912087912088
OG0000118	AT2G04420	U	67	91	0.7362637362637363
OG0000118	AT2G11205	P	47	47	1.0
OG0000118	AT2G46460	P	84	198	0.42424242424242425
OG0000118	AT2G46460	U	114	198	0.5757575757575758
OG0000118	AT3G09510	F	3	91	0.03296703296703297
OG0000118	AT3G09510	P	18	91	0.1978021978021978
OG0000118	AT3G09510	U	70	91	0.7692307692307693
OG0000118	AT3G25270	F	3	132	0.022727272727272728
OG0000118	AT3G25270	P	33	132	0.25
OG0000118	AT3G25270	U	96	132	0.7272727272727273
OG0000118	AT3G32130	F	10	68	0.14705882352941177
OG0000118	AT3G32130	P	28	68	0.4117647058823529
OG0000118	AT3G32130	U	30	68	0.4411764705882353
OG0000118	AT4G03292	P	4	40	0.1
OG0000118	AT4G03292	U	36	40	0.9
OG0000118	AT4G09775	F	22	127	0.1732283464566929
OG0000118	AT4G09775	P	41	127	0.3228346456692913
OG0000118	AT4G09775	U	64	127	0.5039370078740157
OG0000118	AT5G43755	P	62	136	0.45588235294117646
OG0000118	AT5G43755	U	74	136	0.5441176470588235
OG0000126	AT2G29150	P	136	136	1.0
OG0000126	AT2G29170	P	136	136	1.0
OG0000126	AT2G29260	P	3	136	0.022058823529411766
OG0000126	AT2G29260	U	133	136	0.9779411764705882
OG0000126	AT2G29290	F	18	136	0.1323529411764706
OG0000126	AT2G29290	P	7	136	0.051470588235294115
OG0000126	AT2G29290	U	111	136	0.8161764705882353
OG0000126	AT2G29350	U	135	135	1.0
OG0000126	AT2G29360	U	136	136	1.0
OG0000126	AT2G29370	U	136	136	1.0
OG0000126	AT5G06060	P	136	136	1.0
OG0000141	AT4G13810	F	4	135	0.02962962962962963
OG0000141	AT4G13810	P	122	135	0.9037037037037037
OG0000141	AT4G13810	U	9	135	0.06666666666666667
OG0000141	AT4G13820	P	136	136	1.0
OG0000141	AT4G13880	F	8	133	0.06015037593984962
OG0000141	AT4G13880	P	70	133	0.5263157894736842
OG0000141	AT4G13880	U	55	133	0.41353383458646614
OG0000141	AT4G13920	F	31	121	0.256198347107438
OG0000141	AT4G13920	P	16	121	0.1322314049586777
OG0000141	AT4G13920	U	74	121	0.6115702479338843
OG0000142	AT1G29420	P	23	135	0.17037037037037037
OG0000142	AT1G29420	U	112	135	0.8296296296296296
OG0000142	AT1G29430	U	136	136	1.0
OG0000142	AT1G29440	F	63	167	0.3772455089820359
OG0000142	AT1G29440	P	5	167	0.029940119760479042
OG0000142	AT1G29440	U	99	167	0.592814371257485
OG0000142	AT1G29450	P	6	134	0.04477611940298507
OG0000142	AT1G29450	U	128	134	0.9552238805970149
OG0000142	AT1G29460	P	48	135	0.35555555555555557
OG0000142	AT1G29460	U	87	135	0.6444444444444445
OG0000142	AT1G29490	P	49	136	0.3602941176470588
OG0000142	AT1G29490	U	87	136	0.6397058823529411
OG0000142	AT1G29500	P	3	135	0.022222222222222223
OG0000142	AT1G29500	U	132	135	0.9777777777777777
OG0000142	AT1G29510	F	97	271	0.35793357933579334
OG0000142	AT1G29510	P	7	271	0.025830258302583026
OG0000142	AT1G29510	U	167	271	0.6162361623616236
OG0000142	AT5G27780	P	1	271	0.0036900369003690036
OG0000142	AT5G27780	U	270	271	0.996309963099631
OG0000147	AT2G30385	P	1	136	0.007352941176470588
OG0000147	AT2G30385	U	135	136	0.9926470588235294
OG0000147	AT2G30615	U	136	136	1.0
OG0000147	AT2G42955	A	136	136	1.0
OG0000147	AT2G43260	P	136	136	1.0
OG0000147	AT2G43270	P	114	114	1.0
OG0000147	AT2G43440	P	96	133	0.7218045112781954
OG0000147	AT2G43440	U	37	133	0.2781954887218045
OG0000147	AT2G43445	F	25	134	0.1865671641791045
OG0000147	AT2G43445	P	20	134	0.14925373134328357
OG0000147	AT2G43445	U	89	134	0.664179104477612
OG0000147	AT4G17780	P	43	136	0.3161764705882353
OG0000147	AT4G17780	U	93	136	0.6838235294117647
OG0000150	AT1G46840	F	1	104	0.009615384615384616
OG0000150	AT1G46840	P	7	104	0.0673076923076923
OG0000150	AT1G46840	U	96	104	0.9230769230769231
OG0000150	AT1G46912	P	31	96	0.3229166666666667
OG0000150	AT1G46912	U	65	96	0.6770833333333334
OG0000150	AT1G46984	F	20	136	0.14705882352941177
OG0000150	AT1G46984	P	20	136	0.14705882352941177
OG0000150	AT1G46984	U	96	136	0.7058823529411765
OG0000150	AT2G19630	P	135	135	1.0
OG0000150	AT2G31470	U	136	136	1.0
OG0000150	AT3G23960	F	2	132	0.015151515151515152
OG0000150	AT3G23960	P	30	132	0.22727272727272727
OG0000150	AT3G23960	U	100	132	0.7575757575757576
OG0000150	AT3G49450	F	24	136	0.17647058823529413
OG0000150	AT3G49450	P	3	136	0.022058823529411766
OG0000150	AT3G49450	U	109	136	0.8014705882352942
OG0000150	AT5G65850	F	19	135	0.14074074074074075
OG0000150	AT5G65850	P	41	135	0.3037037037037037
OG0000150	AT5G65850	U	75	135	0.5555555555555556
OG0000158	AT3G61170	P	136	136	1.0
OG0000159	AT1G69730	P	133	133	1.0
OG0000159	AT1G79680	P	136	136	1.0
OG0000164	AT2G02580	P	2	136	0.014705882352941176
OG0000164	AT2G02580	U	134	136	0.9852941176470589
OG0000164	AT3G26290	P	136	136	1.0
OG0000164	AT3G26300	P	133	133	1.0
OG0000164	AT3G26310	P	136	136	1.0
OG0000164	AT3G26320	P	135	135	1.0
OG0000164	AT3G26330	P	136	136	1.0
OG0000164	AT5G57260	P	136	136	1.0
OG0000166	AT1G64840	F	5	136	0.03676470588235294
OG0000166	AT1G64840	P	2	136	0.014705882352941176
OG0000166	AT1G64840	U	129	136	0.9485294117647058
OG0000166	AT2G24250	F	3	136	0.022058823529411766
OG0000166	AT2G24250	P	3	136	0.022058823529411766
OG0000166	AT2G24250	U	130	136	0.9558823529411765
OG0000167	AT1G62040	P	6	136	0.04411764705882353
OG0000167	AT1G62040	U	130	136	0.9558823529411765
OG0000167	AT2G45170	U	136	136	1.0
OG0000167	AT3G60640	U	136	136	1.0
OG0000167	AT4G04620	P	136	136	1.0
OG0000167	AT4G21980	U	136	136	1.0
OG0000170	AT2G11015	P	20	63	0.31746031746031744
OG0000170	AT2G11015	U	43	63	0.6825396825396826
OG0000170	AT4G06490	P	24	118	0.2033898305084746
OG0000170	AT4G06490	U	94	118	0.7966101694915254
OG0000170	AT5G29050	F	2	129	0.015503875968992248
OG0000170	AT5G29050	P	50	129	0.3875968992248062
OG0000170	AT5G29050	U	77	129	0.5968992248062015
OG0000170	AT5G33898	A	38	38	1.0
OG0000182	AT1G47300	F	17	123	0.13821138211382114
OG0000182	AT1G47300	P	11	123	0.08943089430894309
OG0000182	AT1G47300	U	95	123	0.7723577235772358
OG0000182	AT1G47340	F	3	136	0.022058823529411766
OG0000182	AT1G47340	U	133	136	0.9779411764705882
OG0000182	AT1G47350	P	131	131	1.0
OG0000182	AT1G60370	F	8	136	0.058823529411764705
OG0000182	AT1G60370	P	16	136	0.11764705882352941
OG0000182	AT1G60370	U	112	136	0.8235294117647058
OG0000182	AT2G23160	F	1	136	0.007352941176470588
OG0000182	AT2G23160	P	33	136	0.2426470588235294
OG0000182	AT2G23160	U	102	136	0.75
OG0000184	AT2G25440	P	100	136	0.7352941176470589
OG0000184	AT2G25440	U	36	136	0.2647058823529412
OG0000184	AT2G32680	P	135	135	1.0
OG0000184	AT2G33020	P	5	120	0.041666666666666664
OG0000184	AT2G33020	U	115	120	0.9583333333333334
OG0000184	AT2G33050	F	34	136	0.25
OG0000184	AT2G33050	P	2	136	0.014705882352941176
OG0000184	AT2G33050	U	100	136	0.7352941176470589
OG0000184	AT2G33060	F	29	136	0.21323529411764705
OG0000184	AT2G33060	P	3	136	0.022058823529411766
OG0000184	AT2G33060	U	104	136	0.7647058823529411
OG0000184	AT2G33080	P	118	128	0.921875
OG0000184	AT2G33080	U	10	128	0.078125
OG0000184	AT3G24900	F	67	131	0.5114503816793893
OG0000184	AT3G24900	P	55	131	0.4198473282442748
OG0000184	AT3G24900	U	9	131	0.06870229007633588
OG0000184	AT3G24982	P	191	191	1.0
OG0000184	AT3G25010	F	191	307	0.6221498371335505
OG0000184	AT3G25010	P	67	307	0.2182410423452769
OG0000184	AT3G25010	U	49	307	0.15960912052117263
OG0000184	AT3G25020	F	26	179	0.1452513966480447
OG0000184	AT3G25020	P	96	179	0.5363128491620112
OG0000184	AT3G25020	U	57	179	0.31843575418994413
OG0000185	AT4G23140	F	1	134	0.007462686567164179
OG0000185	AT4G23140	P	76	134	0.5671641791044776
OG0000185	AT4G23140	U	57	134	0.4253731343283582
OG0000185	AT4G23150	F	16	131	0.12213740458015267
OG0000185	AT4G23150	U	115	131	0.8778625954198473
OG0000185	AT4G23160	P	141	148	0.9527027027027027
OG0000185	AT4G23160	U	7	148	0.0472972972972973
OG0000185	AT4G23180	F	13	69	0.18840579710144928
OG0000185	AT4G23180	P	2	69	0.028985507246376812
OG0000185	AT4G23180	U	54	69	0.782608695652174
OG0000185	AT4G23230	P	84	84	1.0
OG0000186	AT2G06425	P	136	136	1.0
OG0000186	AT4G04265	P	136	136	1.0
OG0000186	AT5G34581	A	94	94	1.0
OG0000188	AT3G19880	P	39	136	0.2867647058823529
OG0000188	AT3G19880	U	97	136	0.7132352941176471
OG0000188	AT3G20030	P	18	136	0.1323529411764706
OG0000188	AT3G20030	U	118	136	0.8676470588235294
OG0000188	AT4G05080	F	22	136	0.16176470588235295
OG0000188	AT4G05080	P	96	136	0.7058823529411765
OG0000188	AT4G05080	U	18	136	0.1323529411764706
OG0000188	AT5G60560	P	33	136	0.2426470588235294
OG0000188	AT5G60560	U	103	136	0.7573529411764706
OG0000192	AT2G13770	F	1	131	0.007633587786259542
OG0000192	AT2G13770	P	91	131	0.6946564885496184
OG0000192	AT2G13770	U	39	131	0.29770992366412213
OG0000192	AT3G29631	F	1	134	0.007462686567164179
OG0000192	AT3G29631	P	77	134	0.5746268656716418
OG0000192	AT3G29631	U	56	134	0.417910447761194
OG0000192	AT5G39980	P	136	136	1.0
OG0000196	AT3G14610	F	1	136	0.007352941176470588
OG0000196	AT3G14610	P	2	136	0.014705882352941176
OG0000196	AT3G14610	U	133	136	0.9779411764705882
OG0000196	AT3G14630	P	1	136	0.007352941176470588
OG0000196	AT3G14630	U	135	136	0.9926470588235294
OG0000196	AT3G14640	F	1	136	0.007352941176470588
OG0000196	AT3G14640	P	67	136	0.49264705882352944
OG0000196	AT3G14640	U	68	136	0.5
OG0000196	AT3G14650	F	1	142	0.007042253521126761
OG0000196	AT3G14650	P	13	142	0.09154929577464789
OG0000196	AT3G14650	U	128	142	0.9014084507042254
OG0000196	AT3G14660	P	4	136	0.029411764705882353
OG0000196	AT3G14660	U	132	136	0.9705882352941176
OG0000196	AT3G14680	P	2	136	0.014705882352941176
OG0000196	AT3G14680	U	134	136	0.9852941176470589
OG0000196	AT3G14690	P	2	135	0.014814814814814815
OG0000196	AT3G14690	U	133	135	0.9851851851851852
OG0000199	AT1G45190	F	19	136	0.13970588235294118
OG0000199	AT1G45190	P	15	136	0.11029411764705882
OG0000199	AT1G45190	U	102	136	0.75
OG0000199	AT1G47450	F	3	136	0.022058823529411766
OG0000199	AT1G47450	P	66	136	0.4852941176470588
OG0000199	AT1G47450	U	67	136	0.49264705882352944
OG0000199	AT1G47470	F	100	250	0.4
OG0000199	AT1G47470	P	14	250	0.056
OG0000199	AT1G47470	U	136	250	0.544
OG0000199	AT1G52970	P	3	136	0.022058823529411766
OG0000199	AT1G52970	U	133	136	0.9779411764705882
OG0000199	AT2G04031	P	25	135	0.18518518518518517
OG0000199	AT2G04031	U	110	135	0.8148148148148148
OG0000199	AT2G04037	F	4	134	0.029850746268656716
OG0000199	AT2G04037	P	1	134	0.007462686567164179
OG0000199	AT2G04037	U	129	134	0.9626865671641791
OG0000199	AT2G04041	F	2	136	0.014705882352941176
OG0000199	AT2G04041	P	13	136	0.09558823529411764
OG0000199	AT2G04041	U	121	136	0.8897058823529411
OG0000199	AT3G11990	F	10	127	0.07874015748031496
OG0000199	AT3G11990	P	12	127	0.09448818897637795
OG0000199	AT3G11990	U	105	127	0.8267716535433071
OG0000199	AT4G13261	P	16	136	0.11764705882352941
OG0000199	AT4G13261	U	120	136	0.8823529411764706
OG0000199	AT4G13263	P	46	272	0.16911764705882354
OG0000199	AT4G13263	U	226	272	0.8308823529411765
OG0000199	AT5G35405	F	120	408	0.29411764705882354
OG0000199	AT5G35405	P	55	408	0.13480392156862744
OG0000199	AT5G35405	U	233	408	0.571078431372549
OG0000200	AT5G40910	P	96	136	0.7058823529411765
OG0000200	AT5G40910	U	40	136	0.29411764705882354
OG0000202	AT3G45860	P	136	136	1.0
OG0000202	AT4G23130	P	136	136	1.0
OG0000202	AT4G23270	F	10	136	0.07352941176470588
OG0000202	AT4G23270	U	126	136	0.9264705882352942
OG0000202	AT4G23280	F	15	136	0.11029411764705882
OG0000202	AT4G23280	P	7	136	0.051470588235294115
OG0000202	AT4G23280	U	114	136	0.8382352941176471
OG0000202	AT4G23310	F	7	136	0.051470588235294115
OG0000202	AT4G23310	P	10	136	0.07352941176470588
OG0000202	AT4G23310	U	119	136	0.875
OG0000205	AT3G31430	P	30	30	1.0
OG0000205	AT3G42140	A	114	114	1.0
OG0000206	AT2G03010	A	135	135	1.0
OG0000206	AT4G09440	P	52	136	0.38235294117647056
OG0000206	AT4G09440	U	84	136	0.6176470588235294
OG0000206	AT4G16530	F	1	158	0.006329113924050633
OG0000206	AT4G16530	P	39	158	0.2468354430379747
OG0000206	AT4G16530	U	118	158	0.7468354430379747
OG0000206	AT5G37410	P	18	136	0.1323529411764706
OG0000206	AT5G37410	U	118	136	0.8676470588235294
OG0000206	AT5G37420	A	136	136	1.0
OG0000206	AT5G37430	F	3	136	0.022058823529411766
OG0000206	AT5G37430	P	7	136	0.051470588235294115
OG0000206	AT5G37430	U	126	136	0.9264705882352942
OG0000206	AT5G37460	P	136	136	1.0
OG0000206	AT5G37470	P	128	264	0.48484848484848486
OG0000206	AT5G37470	U	136	264	0.5151515151515151
OG0000206	AT5G37920	P	30	136	0.22058823529411764
OG0000206	AT5G37920	U	106	136	0.7794117647058824
OG0000207	AT1G45100	F	1	136	0.007352941176470588
OG0000207	AT1G45100	P	20	136	0.14705882352941177
OG0000207	AT1G45100	U	115	136	0.8455882352941176
OG0000207	AT3G10845	F	20	136	0.14705882352941177
OG0000207	AT3G10845	P	23	136	0.16911764705882354
OG0000207	AT3G10845	U	93	136	0.6838235294117647
OG0000207	AT5G41690	P	136	136	1.0
OG0000210	AT1G54470	P	136	136	1.0
OG0000210	AT1G74170	P	134	134	1.0
OG0000210	AT1G74180	P	136	136	1.0
OG0000210	AT1G74190	P	136	136	1.0
OG0000210	AT1G74200	P	21	135	0.15555555555555556
OG0000210	AT1G74200	U	114	135	0.8444444444444444
OG0000210	AT2G25470	P	8	136	0.058823529411764705
OG0000210	AT2G25470	U	128	136	0.9411764705882353
OG0000210	AT5G49290	F	7	136	0.051470588235294115
OG0000210	AT5G49290	P	93	136	0.6838235294117647
OG0000210	AT5G49290	U	36	136	0.2647058823529412
OG0000213	AT2G36110	P	21	136	0.15441176470588236
OG0000213	AT2G36110	U	115	136	0.8455882352941176
OG0000213	AT3G12410	U	136	136	1.0
OG0000213	AT3G12420	P	38	136	0.27941176470588236
OG0000213	AT3G12420	U	98	136	0.7205882352941176
OG0000213	AT3G12430	P	11	136	0.08088235294117647
OG0000213	AT3G12430	U	125	136	0.9191176470588235
OG0000213	AT3G12440	P	136	136	1.0
OG0000213	AT3G12460	F	1	136	0.007352941176470588
OG0000213	AT3G12460	P	7	136	0.051470588235294115
OG0000213	AT3G12460	U	128	136	0.9411764705882353
OG0000213	AT3G12470	P	21	136	0.15441176470588236
OG0000213	AT3G12470	U	115	136	0.8455882352941176
OG0000217	AT4G03635	P	4	132	0.030303030303030304
OG0000217	AT4G03635	U	128	132	0.9696969696969697
OG0000217	AT4G05460	P	136	136	1.0
OG0000217	AT4G05470	P	136	136	1.0
OG0000217	AT4G05475	P	136	136	1.0
OG0000220	AT1G69090	F	44	136	0.3235294117647059
OG0000220	AT1G69090	P	33	136	0.2426470588235294
OG0000220	AT1G69090	U	59	136	0.4338235294117647
OG0000220	AT4G14165	P	136	136	1.0
OG0000220	AT4G22035	F	17	136	0.125
OG0000220	AT4G22035	P	64	136	0.47058823529411764
OG0000220	AT4G22035	U	55	136	0.40441176470588236
OG0000220	AT4G22060	F	59	136	0.4338235294117647
OG0000220	AT4G22060	P	2	136	0.014705882352941176
OG0000220	AT4G22060	U	75	136	0.5514705882352942
OG0000220	AT4G22165	F	2	136	0.014705882352941176
OG0000220	AT4G22165	P	6	136	0.04411764705882353
OG0000220	AT4G22165	U	128	136	0.9411764705882353
OG0000220	AT4G22170	P	48	134	0.3582089552238806
OG0000220	AT4G22170	U	86	134	0.6417910447761194
OG0000220	AT4G22180	F	1	136	0.007352941176470588
OG0000220	AT4G22180	P	24	136	0.17647058823529413
OG0000220	AT4G22180	U	111	136	0.8161764705882353
OG0000220	AT4G22660	P	134	134	1.0
OG0000220	AT5G66830	P	87	136	0.6397058823529411
OG0000220	AT5G66830	U	49	136	0.3602941176470588
OG0000224	AT1G20400	A	76	76	1.0
OG0000228	AT1G66100	P	25	25	1.0
OG0000228	AT1G72260	P	136	136	1.0
OG0000228	AT2G15010	U	136	136	1.0
OG0000228	AT5G36910	P	123	123	1.0
OG0000242	AT5G03480	P	134	134	1.0
OG0000242	AT5G03495	P	135	135	1.0
OG0000248	AT4G04110	F	1	136	0.007352941176470588
OG0000248	AT4G04110	P	15	136	0.11029411764705882
OG0000248	AT4G04110	U	120	136	0.8823529411764706
OG0000253	AT4G39550	P	1	136	0.007352941176470588
OG0000253	AT4G39550	U	135	136	0.9926470588235294
OG0000253	AT4G39560	P	12	136	0.08823529411764706
OG0000253	AT4G39560	U	124	136	0.9117647058823529
OG0000255	AT3G31550	P	91	91	1.0
OG0000258	AT2G18780	F	21	136	0.15441176470588236
OG0000258	AT2G18780	P	71	136	0.5220588235294118
OG0000258	AT2G18780	U	44	136	0.3235294117647059
OG0000258	AT3G16740	U	136	136	1.0
OG0000261	AT1G17150	F	1	134	0.007462686567164179
OG0000261	AT1G17150	P	4	134	0.029850746268656716
OG0000261	AT1G17150	U	129	134	0.9626865671641791
OG0000261	AT1G43080	P	136	136	1.0
OG0000261	AT1G43090	P	264	264	1.0
OG0000261	AT1G43100	P	108	108	1.0
OG0000261	AT2G15450	F	19	136	0.13970588235294118
OG0000261	AT2G15450	P	43	136	0.3161764705882353
OG0000261	AT2G15450	U	74	136	0.5441176470588235
OG0000261	AT2G15460	F	19	269	0.07063197026022305
OG0000261	AT2G15460	P	93	269	0.34572490706319703
OG0000261	AT2G15460	U	157	269	0.5836431226765799
OG0000261	AT2G15470	F	1	258	0.003875968992248062
OG0000261	AT2G15470	P	133	258	0.5155038759689923
OG0000261	AT2G15470	U	124	258	0.4806201550387597
OG0000261	AT2G26620	P	440	440	1.0
OG0000261	AT2G40310	F	6	136	0.04411764705882353
OG0000261	AT2G40310	P	13	136	0.09558823529411764
OG0000261	AT2G40310	U	117	136	0.8602941176470589
OG0000261	AT4G13760	F	18	137	0.13138686131386862
OG0000261	AT4G13760	P	58	137	0.4233576642335766
OG0000261	AT4G13760	U	61	137	0.44525547445255476
OG0000264	AT2G24980	F	20	137	0.145985401459854
OG0000264	AT2G24980	P	15	137	0.10948905109489052
OG0000264	AT2G24980	U	102	137	0.7445255474452555
OG0000264	AT4G08400	F	2	168	0.011904761904761904
OG0000264	AT4G08400	P	109	168	0.6488095238095238
OG0000264	AT4G08400	U	57	168	0.3392857142857143
OG0000264	AT4G13390	F	25	114	0.21929824561403508
OG0000264	AT4G13390	P	3	114	0.02631578947368421
OG0000264	AT4G13390	U	86	114	0.7543859649122807
OG0000264	AT5G06630	F	62	309	0.20064724919093851
OG0000264	AT5G06630	P	50	309	0.16181229773462782
OG0000264	AT5G06630	U	197	309	0.6375404530744336
OG0000264	AT5G35190	F	21	136	0.15441176470588236
OG0000264	AT5G35190	P	79	136	0.5808823529411765
OG0000264	AT5G35190	U	36	136	0.2647058823529412
OG0000266	AT4G36140	P	80	80	1.0
OG0000266	AT5G17890	F	1	78	0.01282051282051282
OG0000266	AT5G17890	P	5	78	0.0641025641025641
OG0000266	AT5G17890	U	72	78	0.9230769230769231
OG0000266	AT5G45050	P	136	136	1.0
OG0000266	AT5G45260	P	6	122	0.04918032786885246
OG0000266	AT5G45260	U	116	122	0.9508196721311475
OG0000269	AT1G44050	F	2	129	0.015503875968992248
OG0000269	AT1G44050	P	2	129	0.015503875968992248
OG0000269	AT1G44050	U	125	129	0.9689922480620154
OG0000269	AT1G53340	P	25	135	0.18518518518518517
OG0000269	AT1G53340	U	110	135	0.8148148148148148
OG0000269	AT2G13895	A	100	100	1.0
OG0000269	AT2G13900	F	16	136	0.11764705882352941
OG0000269	AT2G13900	P	12	136	0.08823529411764706
OG0000269	AT2G13900	U	108	136	0.7941176470588235
OG0000269	AT2G13950	F	33	134	0.2462686567164179
OG0000269	AT2G13950	P	31	134	0.23134328358208955
OG0000269	AT2G13950	U	70	134	0.5223880597014925
OG0000269	AT3G26550	F	34	136	0.25
OG0000269	AT3G26550	P	20	136	0.14705882352941177
OG0000269	AT3G26550	U	82	136	0.6029411764705882
OG0000269	AT4G10370	P	58	108	0.5370370370370371
OG0000269	AT4G10370	U	50	108	0.46296296296296297
OG0000269	AT5G02330	P	51	51	1.0
OG0000269	AT5G02340	F	1	228	0.0043859649122807015
OG0000269	AT5G02340	P	88	228	0.38596491228070173
OG0000269	AT5G02340	U	139	228	0.6096491228070176
OG0000269	AT5G02350	F	95	131	0.7251908396946565
OG0000269	AT5G02350	P	31	131	0.2366412213740458
OG0000269	AT5G02350	U	5	131	0.03816793893129771
OG0000269	AT5G02360	P	12	141	0.0851063829787234
OG0000269	AT5G02360	U	129	141	0.9148936170212766
OG0000269	AT5G46670	F	4	134	0.029850746268656716
OG0000269	AT5G46670	P	22	134	0.16417910447761194
OG0000269	AT5G46670	U	108	134	0.8059701492537313
OG0000269	AT5G55770	F	1	114	0.008771929824561403
OG0000269	AT5G55770	P	10	114	0.08771929824561403
OG0000269	AT5G55770	U	103	114	0.9035087719298246
OG0000269	AT5G55780	F	4	119	0.03361344537815126
OG0000269	AT5G55780	P	14	119	0.11764705882352941
OG0000269	AT5G55780	U	101	119	0.8487394957983193
OG0000269	AT5G55800	P	111	117	0.9487179487179487
OG0000269	AT5G55800	U	6	117	0.05128205128205128
OG0000271	AT1G52430	P	136	136	1.0
OG0000271	AT1G52450	P	260	260	1.0
OG0000271	AT2G27630	P	135	135	1.0
OG0000271	AT2G27650	P	136	136	1.0
OG0000271	AT5G02660	F	16	135	0.11851851851851852
OG0000271	AT5G02660	P	68	135	0.5037037037037037
OG0000271	AT5G02660	U	51	135	0.37777777777777777
OG0000271	AT5G51530	P	136	136	1.0
OG0000271	AT5G61940	A	1	136	0.007352941176470588
OG0000271	AT5G61940	P	18	136	0.1323529411764706
OG0000271	AT5G61940	U	117	136	0.8602941176470589
OG0000271	AT5G61950	P	5	136	0.03676470588235294
OG0000271	AT5G61950	U	131	136	0.9632352941176471
OG0000272	AT5G23960	F	13	136	0.09558823529411764
OG0000272	AT5G23960	P	12	136	0.08823529411764706
OG0000272	AT5G23960	U	111	136	0.8161764705882353
OG0000276	AT3G29790	A	1	136	0.007352941176470588
OG0000276	AT3G29790	P	135	136	0.9926470588235294
OG0000276	AT3G33528	A	3	247	0.012145748987854251
OG0000276	AT3G33528	P	244	247	0.9878542510121457
OG0000276	AT3G43880	P	237	237	1.0
OG0000276	AT4G07526	A	3	312	0.009615384615384616
OG0000276	AT4G07526	P	309	312	0.9903846153846154
OG0000297	AT4G19720	P	136	136	1.0
OG0000297	AT4G19730	P	135	135	1.0
OG0000297	AT4G19740	P	135	135	1.0
OG0000297	AT4G19750	P	136	136	1.0
OG0000297	AT4G19760	P	19	151	0.12582781456953643
OG0000297	AT4G19760	U	132	151	0.8741721854304636
OG0000297	AT4G19770	P	135	135	1.0
OG0000297	AT4G19800	P	135	135	1.0
OG0000297	AT4G19810	P	136	136	1.0
OG0000297	AT4G19820	P	136	136	1.0
OG0000298	AT1G34490	F	1	136	0.007352941176470588
OG0000298	AT1G34490	P	28	136	0.20588235294117646
OG0000298	AT1G34490	U	107	136	0.7867647058823529
OG0000298	AT1G34500	P	38	130	0.2923076923076923
OG0000298	AT1G34500	U	92	130	0.7076923076923077
OG0000298	AT1G34520	F	104	267	0.3895131086142322
OG0000298	AT1G34520	P	31	267	0.11610486891385768
OG0000298	AT1G34520	U	132	267	0.4943820224719101
OG0000298	AT5G51420	P	7	136	0.051470588235294115
OG0000298	AT5G51420	U	129	136	0.9485294117647058
OG0000298	AT5G55320	P	3	136	0.022058823529411766
OG0000298	AT5G55320	U	133	136	0.9779411764705882
OG0000298	AT5G55330	F	3	136	0.022058823529411766
OG0000298	AT5G55330	P	17	136	0.125
OG0000298	AT5G55330	U	116	136	0.8529411764705882
OG0000298	AT5G55340	U	136	136	1.0
OG0000298	AT5G55350	F	14	136	0.10294117647058823
OG0000298	AT5G55350	P	3	136	0.022058823529411766
OG0000298	AT5G55350	U	119	136	0.875
OG0000298	AT5G55360	P	53	136	0.3897058823529412
OG0000298	AT5G55360	U	83	136	0.6102941176470589
OG0000299	AT3G08810	P	19	136	0.13970588235294118
OG0000299	AT3G08810	U	117	136	0.8602941176470589
OG0000299	AT3G09750	P	136	136	1.0
OG0000299	AT5G38670	P	8	121	0.06611570247933884
OG0000299	AT5G38670	U	113	121	0.9338842975206612
OG0000299	AT5G38680	F	7	136	0.051470588235294115
OG0000299	AT5G38680	P	21	136	0.15441176470588236
OG0000299	AT5G38680	U	108	136	0.7941176470588235
OG0000299	AT5G51250	P	30	136	0.22058823529411764
OG0000299	AT5G51250	U	106	136	0.7794117647058824
OG0000319	AT1G72800	F	1	136	0.007352941176470588
OG0000319	AT1G72800	P	21	136	0.15441176470588236
OG0000319	AT1G72800	U	114	136	0.8382352941176471
OG0000319	AT4G08730	P	133	133	1.0
OG0000320	AT3G04210	P	136	136	1.0
OG0000325	AT1G54550	F	1	136	0.007352941176470588
OG0000325	AT1G54550	P	10	136	0.07352941176470588
OG0000325	AT1G54550	U	125	136	0.9191176470588235
OG0000325	AT1G59680	P	64	67	0.9552238805970149
OG0000325	AT1G59680	U	3	67	0.04477611940298507
OG0000325	AT1G66490	P	132	132	1.0
OG0000325	AT1G67450	F	1	136	0.007352941176470588
OG0000325	AT1G67450	P	22	136	0.16176470588235295
OG0000325	AT1G67450	U	113	136	0.8308823529411765
OG0000325	AT1G67455	F	3	122	0.02459016393442623
OG0000325	AT1G67455	P	9	122	0.07377049180327869
OG0000325	AT1G67455	U	110	122	0.9016393442622951
OG0000325	AT3G13680	F	43	136	0.3161764705882353
OG0000325	AT3G13680	P	9	136	0.0661764705882353
OG0000325	AT3G13680	U	84	136	0.6176470588235294
OG0000325	AT3G14030	P	136	136	1.0
OG0000325	AT3G49510	F	2	135	0.014814814814814815
OG0000325	AT3G49510	P	1	135	0.007407407407407408
OG0000325	AT3G49510	U	132	135	0.9777777777777777
OG0000325	AT3G49520	F	13	136	0.09558823529411764
OG0000325	AT3G49520	P	14	136	0.10294117647058823
OG0000325	AT3G49520	U	109	136	0.8014705882352942
OG0000325	AT4G17200	P	4	136	0.029411764705882353
OG0000325	AT4G17200	U	132	136	0.9705882352941176
OG0000329	AT1G58037	P	134	134	1.0
OG0000329	AT2G04500	F	1	136	0.007352941176470588
OG0000329	AT2G04500	P	31	136	0.22794117647058823
OG0000329	AT2G04500	U	104	136	0.7647058823529411
OG0000329	AT3G06990	A	135	135	1.0
OG0000329	AT3G07000	F	25	205	0.12195121951219512
OG0000329	AT3G07000	P	75	205	0.36585365853658536
OG0000329	AT3G07000	U	105	205	0.5121951219512195
OG0000329	AT3G25850	P	2	136	0.014705882352941176
OG0000329	AT3G25850	U	134	136	0.9852941176470589
OG0000329	AT4G14980	F	7	136	0.051470588235294115
OG0000329	AT4G14980	P	13	136	0.09558823529411764
OG0000329	AT4G14980	U	116	136	0.8529411764705882
OG0000329	AT5G16430	F	22	136	0.16176470588235295
OG0000329	AT5G16430	U	114	136	0.8382352941176471
OG0000329	AT5G29624	P	23	111	0.2072072072072072
OG0000329	AT5G29624	U	88	111	0.7927927927927928
OG0000329	AT5G40320	F	4	136	0.029411764705882353
OG0000329	AT5G40320	P	6	136	0.04411764705882353
OG0000329	AT5G40320	U	126	136	0.9264705882352942
OG0000329	AT5G44770	F	30	136	0.22058823529411764
OG0000329	AT5G44770	P	4	136	0.029411764705882353
OG0000329	AT5G44770	U	102	136	0.75
OG0000329	AT5G45730	F	36	136	0.2647058823529412
OG0000329	AT5G45730	P	60	136	0.4411764705882353
OG0000329	AT5G45730	U	40	136	0.29411764705882354
OG0000329	AT5G54020	P	1	50	0.02
OG0000329	AT5G54020	U	49	50	0.98
OG0000329	AT5G54030	F	1	136	0.007352941176470588
OG0000329	AT5G54030	P	132	136	0.9705882352941176
OG0000329	AT5G54030	U	3	136	0.022058823529411766
OG0000329	AT5G54040	P	2	35	0.05714285714285714
OG0000329	AT5G54040	U	33	35	0.9428571428571428
OG0000329	AT5G54050	P	150	150	1.0
OG0000338	AT1G11270	A	133	137	0.9708029197080292
OG0000338	AT1G11270	U	4	137	0.029197080291970802
OG0000339	AT1G05080	P	16	136	0.11764705882352941
OG0000339	AT1G05080	U	120	136	0.8823529411764706
OG0000339	AT5G40750	P	134	136	0.9852941176470589
OG0000339	AT5G40750	U	2	136	0.014705882352941176
OG0000339	AT5G44850	F	34	136	0.25
OG0000339	AT5G44850	P	26	136	0.19117647058823528
OG0000339	AT5G44850	U	76	136	0.5588235294117647
OG0000343	AT1G30140	P	88	136	0.6470588235294118
OG0000343	AT1G30140	U	48	136	0.35294117647058826
OG0000343	AT2G29880	F	1	39	0.02564102564102564
OG0000343	AT2G29880	P	17	39	0.4358974358974359
OG0000343	AT2G29880	U	21	39	0.5384615384615384
OG0000343	AT5G27260	P	45	123	0.36585365853658536
OG0000343	AT5G27260	U	78	123	0.6341463414634146
OG0000343	AT5G28820	P	114	135	0.8444444444444444
OG0000343	AT5G28820	U	21	135	0.15555555555555556
OG0000343	AT5G29613	P	131	131	1.0
OG0000343	AT5G35540	P	2	113	0.017699115044247787
OG0000343	AT5G35540	U	111	113	0.9823008849557522
OG0000347	AT1G45063	P	7	136	0.051470588235294115
OG0000347	AT1G45063	U	129	136	0.9485294117647058
OG0000347	AT3G53330	F	4	136	0.029411764705882353
OG0000347	AT3G53330	P	5	136	0.03676470588235294
OG0000347	AT3G53330	U	127	136	0.9338235294117647
OG0000347	AT4G01380	A	136	136	1.0
OG0000348	AT2G15042	A	1	136	0.007352941176470588
OG0000348	AT2G15042	P	125	136	0.9191176470588235
OG0000348	AT2G15042	U	10	136	0.07352941176470588
OG0000348	AT2G15080	F	1	136	0.007352941176470588
OG0000348	AT2G15080	P	24	136	0.17647058823529413
OG0000348	AT2G15080	U	111	136	0.8161764705882353
OG0000348	AT3G05650	F	21	136	0.15441176470588236
OG0000348	AT3G05650	P	20	136	0.14705882352941177
OG0000348	AT3G05650	U	95	136	0.6985294117647058
OG0000348	AT3G05660	F	42	136	0.3088235294117647
OG0000348	AT3G05660	P	1	136	0.007352941176470588
OG0000348	AT3G05660	U	93	136	0.6838235294117647
OG0000348	AT3G11010	F	63	136	0.4632352941176471
OG0000348	AT3G11010	P	36	136	0.2647058823529412
OG0000348	AT3G11010	U	37	136	0.27205882352941174
OG0000348	AT3G11080	F	3	160	0.01875
OG0000348	AT3G11080	P	57	160	0.35625
OG0000348	AT3G11080	U	100	160	0.625
OG0000348	AT3G28890	F	2	241	0.008298755186721992
OG0000348	AT3G28890	P	205	241	0.8506224066390041
OG0000348	AT3G28890	U	34	241	0.14107883817427386
OG0000348	AT5G25910	F	1	136	0.007352941176470588
OG0000348	AT5G25910	P	41	136	0.3014705882352941
OG0000348	AT5G25910	U	94	136	0.6911764705882353
OG0000348	AT5G27060	F	61	236	0.2584745762711864
OG0000348	AT5G27060	P	75	236	0.3177966101694915
OG0000348	AT5G27060	U	100	236	0.423728813559322
OG0000360	AT1G70020	F	40	136	0.29411764705882354
OG0000360	AT1G70020	P	2	136	0.014705882352941176
OG0000360	AT1G70020	U	94	136	0.6911764705882353
OG0000360	AT1G70040	F	2	136	0.014705882352941176
OG0000360	AT1G70040	P	14	136	0.10294117647058823
OG0000360	AT1G70040	U	120	136	0.8823529411764706
OG0000360	AT1G70120	F	15	136	0.11029411764705882
OG0000360	AT1G70120	U	121	136	0.8897058823529411
OG0000360	AT3G60700	P	4	136	0.029411764705882353
OG0000360	AT3G60700	U	132	136	0.9705882352941176
OG0000360	AT5G39330	P	13	136	0.09558823529411764
OG0000360	AT5G39330	U	123	136	0.9044117647058824
OG0000361	AT1G32430	P	132	132	1.0
OG0000361	AT1G47390	P	77	136	0.5661764705882353
OG0000361	AT1G47390	U	59	136	0.4338235294117647
OG0000361	AT2G14710	F	26	136	0.19117647058823528
OG0000361	AT2G14710	P	6	136	0.04411764705882353
OG0000361	AT2G14710	U	104	136	0.7647058823529411
OG0000361	AT3G16580	F	1	136	0.007352941176470588
OG0000361	AT3G16580	P	17	136	0.125
OG0000361	AT3G16580	U	118	136	0.8676470588235294
OG0000367	AT1G73490	P	135	135	1.0
OG0000372	AT3G26190	P	136	136	1.0
OG0000372	AT3G26200	P	2	135	0.014814814814814815
OG0000372	AT3G26200	U	133	135	0.9851851851851852
OG0000372	AT3G44250	P	111	111	1.0
OG0000372	AT3G53280	U	136	136	1.0
OG0000372	AT3G53290	F	1	136	0.007352941176470588
OG0000372	AT3G53290	P	6	136	0.04411764705882353
OG0000372	AT3G53290	U	129	136	0.9485294117647058
OG0000372	AT3G53300	F	24	136	0.17647058823529413
OG0000372	AT3G53300	P	9	136	0.0661764705882353
OG0000372	AT3G53300	U	103	136	0.7573529411764706
OG0000372	AT3G53305	F	50	136	0.36764705882352944
OG0000372	AT3G53305	P	15	136	0.11029411764705882
OG0000372	AT3G53305	U	71	136	0.5220588235294118
OG0000372	AT5G35715	P	49	136	0.3602941176470588
OG0000372	AT5G35715	U	87	136	0.6397058823529411
OG0000375	AT5G42905	P	121	121	1.0
OG0000382	AT2G44030	F	1	136	0.007352941176470588
OG0000382	AT2G44030	P	70	136	0.5147058823529411
OG0000382	AT2G44030	U	65	136	0.47794117647058826
OG0000382	AT2G45406	A	3	136	0.022058823529411766
OG0000382	AT2G45406	F	102	136	0.75
OG0000382	AT2G45406	P	10	136	0.07352941176470588
OG0000382	AT2G45406	U	21	136	0.15441176470588236
OG0000382	AT3G46050	F	1	136	0.007352941176470588
OG0000382	AT3G46050	P	44	136	0.3235294117647059
OG0000382	AT3G46050	U	91	136	0.6691176470588235
OG0000382	AT5G02990	P	135	135	1.0
OG0000382	AT5G02995	P	127	136	0.9338235294117647
OG0000382	AT5G02995	U	9	136	0.0661764705882353
OG0000382	AT5G03000	F	11	135	0.08148148148148149
OG0000382	AT5G03000	P	1	135	0.007407407407407408
OG0000382	AT5G03000	U	123	135	0.9111111111111111
OG0000382	AT5G03010	P	43	136	0.3161764705882353
OG0000382	AT5G03010	U	93	136	0.6838235294117647
OG0000382	AT5G03020	F	4	136	0.029411764705882353
OG0000382	AT5G03020	P	58	136	0.4264705882352941
OG0000382	AT5G03020	U	74	136	0.5441176470588235
OG0000384	AT2G07190	F	12	129	0.09302325581395349
OG0000384	AT2G07190	P	40	129	0.31007751937984496
OG0000384	AT2G07190	U	77	129	0.5968992248062015
OG0000384	AT2G07200	A	126	126	1.0
OG0000384	AT4G04957	F	32	133	0.24060150375939848
OG0000384	AT4G04957	P	40	133	0.3007518796992481
OG0000384	AT4G04957	U	61	133	0.45864661654135336
OG0000385	AT4G05553	F	1	135	0.007407407407407408
OG0000385	AT4G05553	P	20	135	0.14814814814814814
OG0000385	AT4G05553	U	114	135	0.8444444444444444
OG0000386	AT1G33220	F	1	135	0.007407407407407408
OG0000386	AT1G33220	P	23	135	0.17037037037037037
OG0000386	AT1G33220	U	111	135	0.8222222222222222
OG0000386	AT5G20330	P	2	136	0.014705882352941176
OG0000386	AT5G20330	U	134	136	0.9852941176470589
OG0000386	AT5G20340	F	1	136	0.007352941176470588
OG0000386	AT5G20340	P	20	136	0.14705882352941177
OG0000386	AT5G20340	U	115	136	0.8455882352941176
OG0000386	AT5G20390	F	2	136	0.014705882352941176
OG0000386	AT5G20390	P	25	136	0.18382352941176472
OG0000386	AT5G20390	U	109	136	0.8014705882352942
OG0000388	AT1G57650	P	17	127	0.13385826771653545
OG0000388	AT1G57650	U	110	127	0.8661417322834646
OG0000402	AT1G23810	U	136	136	1.0
OG0000402	AT1G24060	P	136	136	1.0
OG0000402	AT1G24230	P	135	135	1.0
OG0000402	AT1G24250	P	270	270	1.0
OG0000402	AT1G27260	F	9	136	0.0661764705882353
OG0000402	AT1G27260	U	127	136	0.9338235294117647
OG0000402	AT1G27270	F	1	135	0.007407407407407408
OG0000402	AT1G27270	U	134	135	0.9925925925925926
OG0000402	AT1G27280	P	8	134	0.05970149253731343
OG0000402	AT1G27280	U	126	134	0.9402985074626866
OG0000418	AT5G03390	P	91	136	0.6691176470588235
OG0000418	AT5G03390	U	45	136	0.33088235294117646
OG0000419	AT4G22280	P	136	136	1.0
OG0000422	AT2G37800	F	1	136	0.007352941176470588
OG0000422	AT2G37800	P	3	136	0.022058823529411766
OG0000422	AT2G37800	U	132	136	0.9705882352941176
OG0000422	AT2G37805	U	136	136	1.0
OG0000422	AT2G37810	P	1	136	0.007352941176470588
OG0000422	AT2G37810	U	135	136	0.9926470588235294
OG0000422	AT2G37820	P	1	136	0.007352941176470588
OG0000422	AT2G37820	U	135	136	0.9926470588235294
OG0000432	AT4G05360	A	11	136	0.08088235294117647
OG0000432	AT4G05360	P	116	136	0.8529411764705882
OG0000432	AT4G05360	U	9	136	0.0661764705882353
OG0000434	AT1G49920	P	136	136	1.0
OG0000434	AT1G64253	F	20	131	0.15267175572519084
OG0000434	AT1G64253	P	57	131	0.4351145038167939
OG0000434	AT1G64253	U	54	131	0.4122137404580153
OG0000434	AT1G64255	F	2	132	0.015151515151515152
OG0000434	AT1G64255	P	68	132	0.5151515151515151
OG0000434	AT1G64255	U	62	132	0.4696969696969697
OG0000434	AT1G64260	P	48	106	0.4528301886792453
OG0000434	AT1G64260	U	58	106	0.5471698113207547
OG0000440	AT1G30790	F	13	132	0.09848484848484848
OG0000440	AT1G30790	P	28	132	0.21212121212121213
OG0000440	AT1G30790	U	91	132	0.6893939393939394
OG0000440	AT1G32660	P	49	134	0.3656716417910448
OG0000440	AT1G32660	U	85	134	0.6343283582089553
OG0000442	AT1G21835	P	4	135	0.02962962962962963
OG0000442	AT1G21835	U	131	135	0.9703703703703703
OG0000442	AT1G34792	F	1	137	0.0072992700729927005
OG0000442	AT1G34792	P	7	137	0.051094890510948905
OG0000442	AT1G34792	U	129	137	0.9416058394160584
OG0000442	AT1G34795	F	9	264	0.03409090909090909
OG0000442	AT1G34795	P	18	264	0.06818181818181818
OG0000442	AT1G34795	U	237	264	0.8977272727272727
OG0000442	AT1G34800	F	14	376	0.03723404255319149
OG0000442	AT1G34800	P	31	376	0.08244680851063829
OG0000442	AT1G34800	U	331	376	0.8803191489361702
OG0000442	AT1G34805	F	23	95	0.24210526315789474
OG0000442	AT1G34805	P	28	95	0.29473684210526313
OG0000442	AT1G34805	U	44	95	0.4631578947368421
OG0000442	AT1G34810	F	35	52	0.6730769230769231
OG0000442	AT1G34810	P	3	52	0.057692307692307696
OG0000442	AT1G34810	U	14	52	0.2692307692307692
OG0000442	AT1G34815	F	3	11	0.2727272727272727
OG0000442	AT1G34815	P	2	11	0.18181818181818182
OG0000442	AT1G34815	U	6	11	0.5454545454545454
OG0000442	AT1G34820	P	2	10	0.2
OG0000442	AT1G34820	U	8	10	0.8
OG0000442	AT1G34825	F	80	553	0.14466546112115733
OG0000442	AT1G34825	P	74	553	0.13381555153707053
OG0000442	AT1G34825	U	399	553	0.7215189873417721
OG0000442	AT1G34830	F	75	281	0.2669039145907473
OG0000442	AT1G34830	P	42	281	0.1494661921708185
OG0000442	AT1G34830	U	164	281	0.5836298932384342
OG0000442	AT1G34840	A	129	129	1.0
OG0000442	AT1G34850	A	1	1	1.0
OG0000442	AT1G34860	P	3	9	0.3333333333333333
OG0000442	AT1G34860	U	6	9	0.6666666666666666
OG0000442	AT1G34930	P	9	16	0.5625
OG0000442	AT1G34930	U	7	16	0.4375
OG0000442	AT1G35035	F	10	48	0.20833333333333334
OG0000442	AT1G35035	P	11	48	0.22916666666666666
OG0000442	AT1G35035	U	27	48	0.5625
OG0000445	AT1G36970	P	136	136	1.0
OG0000445	AT3G31560	A	90	90	1.0
OG0000445	AT4G05555	P	138	138	1.0
OG0000448	AT1G14800	P	27	135	0.2
OG0000448	AT1G14800	U	108	135	0.8
OG0000448	AT3G30730	P	129	129	1.0
OG0000452	AT5G32613	A	134	134	1.0
OG0000453	AT1G06340	P	12	136	0.08823529411764706
OG0000453	AT1G06340	U	124	136	0.9117647058823529
OG0000473	AT1G35610	F	2	136	0.014705882352941176
OG0000473	AT1G35610	P	31	136	0.22794117647058823
OG0000473	AT1G35610	U	103	136	0.7573529411764706
OG0000473	AT2G17590	P	9	90	0.1
OG0000473	AT2G17590	U	81	90	0.9
OG0000473	AT2G17600	P	134	134	1.0
OG0000473	AT3G11370	P	8	37	0.21621621621621623
OG0000473	AT3G11370	U	29	37	0.7837837837837838
OG0000473	AT3G11385	F	52	136	0.38235294117647056
OG0000473	AT3G11385	P	13	136	0.09558823529411764
OG0000473	AT3G11385	U	71	136	0.5220588235294118
OG0000473	AT3G11390	P	21	136	0.15441176470588236
OG0000473	AT3G11390	U	115	136	0.8455882352941176
OG0000473	AT3G11402	F	2	136	0.014705882352941176
OG0000473	AT3G11402	P	8	136	0.058823529411764705
OG0000473	AT3G11402	U	126	136	0.9264705882352942
OG0000473	AT3G13760	P	127	136	0.9338235294117647
OG0000473	AT3G13760	U	9	136	0.0661764705882353
OG0000473	AT3G59120	F	10	136	0.07352941176470588
OG0000473	AT3G59120	P	55	136	0.40441176470588236
OG0000473	AT3G59120	U	71	136	0.5220588235294118
OG0000473	AT3G59130	P	136	136	1.0
OG0000473	AT5G17960	P	111	111	1.0
OG0000496	AT2G30680	P	93	136	0.6838235294117647
OG0000496	AT2G30680	U	43	136	0.3161764705882353
OG0000500	AT1G19260	P	135	135	1.0
OG0000500	AT1G41920	A	120	149	0.8053691275167785
OG0000500	AT1G41920	F	9	149	0.06040268456375839
OG0000500	AT1G41920	P	20	149	0.1342281879194631
OG0000500	AT1G42710	A	11	88	0.125
OG0000500	AT1G42710	P	12	88	0.13636363636363635
OG0000500	AT1G42710	U	65	88	0.7386363636363636
OG0000500	AT2G06541	P	237	237	1.0
OG0000500	AT3G29450	F	22	288	0.0763888888888889
OG0000500	AT3G29450	P	213	288	0.7395833333333334
OG0000500	AT3G29450	U	53	288	0.1840277777777778
OG0000500	AT3G29763	P	252	252	1.0
OG0000500	AT3G29765	F	11	339	0.032448377581120944
OG0000500	AT3G29765	P	192	339	0.5663716814159292
OG0000500	AT3G29765	U	136	339	0.40117994100294985
OG0000500	AT3G31402	A	12	88	0.13636363636363635
OG0000500	AT3G31402	F	1	88	0.011363636363636364
OG0000500	AT3G31402	P	44	88	0.5
OG0000500	AT3G31402	U	31	88	0.3522727272727273
OG0000500	AT4G09660	A	2	394	0.005076142131979695
OG0000500	AT4G09660	P	334	394	0.8477157360406091
OG0000500	AT4G09660	U	58	394	0.14720812182741116
OG0000501	AT1G51370	F	2	135	0.014814814814814815
OG0000501	AT1G51370	P	23	135	0.17037037037037037
OG0000501	AT1G51370	U	110	135	0.8148148148148148
OG0000501	AT5G53840	P	136	136	1.0
OG0000503	AT1G29355	A	136	136	1.0
OG0000503	AT1G43145	A	64	108	0.5925925925925926
OG0000503	AT1G43145	P	21	108	0.19444444444444445
OG0000503	AT1G43145	U	23	108	0.21296296296296297
OG0000504	AT1G35150	A	136	136	1.0
OG0000504	AT2G06500	P	52	134	0.3880597014925373
OG0000504	AT2G06500	U	82	134	0.6119402985074627
OG0000504	AT2G16040	F	3	136	0.022058823529411766
OG0000504	AT2G16040	P	98	136	0.7205882352941176
OG0000504	AT2G16040	U	35	136	0.25735294117647056
OG0000504	AT2G19960	P	25	127	0.1968503937007874
OG0000504	AT2G19960	U	102	127	0.8031496062992126
OG0000504	AT3G29638	A	134	134	1.0
OG0000504	AT3G29794	P	82	136	0.6029411764705882
OG0000504	AT3G29794	U	54	136	0.39705882352941174
OG0000504	AT4G10200	F	1	130	0.007692307692307693
OG0000504	AT4G10200	P	106	130	0.8153846153846154
OG0000504	AT4G10200	U	23	130	0.17692307692307693
OG0000504	AT4G10820	P	135	135	1.0
OG0000504	AT5G35475	P	136	136	1.0
OG0000510	AT3G27473	A	3	121	0.024793388429752067
OG0000510	AT3G27473	P	35	121	0.2892561983471074
OG0000510	AT3G27473	U	83	121	0.6859504132231405
OG0000510	AT3G27480	P	2	110	0.01818181818181818
OG0000510	AT3G27480	U	108	110	0.9818181818181818
OG0000510	AT3G27490	F	2	122	0.01639344262295082
OG0000510	AT3G27490	P	31	122	0.2540983606557377
OG0000510	AT3G27490	U	89	122	0.7295081967213115
OG0000510	AT3G27500	F	17	114	0.14912280701754385
OG0000510	AT3G27500	P	33	114	0.2894736842105263
OG0000510	AT3G27500	U	64	114	0.5614035087719298
OG0000510	AT3G27510	F	6	135	0.044444444444444446
OG0000510	AT3G27510	P	32	135	0.23703703703703705
OG0000510	AT3G27510	U	97	135	0.7185185185185186
OG0000510	AT3G28650	P	10	117	0.08547008547008547
OG0000510	AT3G28650	U	107	117	0.9145299145299145
OG0000510	AT3G45530	P	79	119	0.6638655462184874
OG0000510	AT3G45530	U	40	119	0.33613445378151263
OG0000510	AT5G42840	P	8	136	0.058823529411764705
OG0000510	AT5G42840	U	128	136	0.9411764705882353
OG0000513	AT1G23037	A	128	128	1.0
OG0000513	AT3G52320	F	9	135	0.06666666666666667
OG0000513	AT3G52320	P	1	135	0.007407407407407408
OG0000513	AT3G52320	U	125	135	0.9259259259259259
OG0000513	AT3G52330	P	3	135	0.022222222222222223
OG0000513	AT3G52330	U	132	135	0.9777777777777777
OG0000513	AT3G52510	A	136	136	1.0
OG0000534	AT1G75830	U	136	136	1.0
OG0000534	AT2G26010	P	3	131	0.022900763358778626
OG0000534	AT2G26010	U	128	131	0.9770992366412213
OG0000534	AT2G26020	U	130	130	1.0
OG0000534	AT5G44420	P	136	136	1.0
OG0000534	AT5G44430	P	129	129	1.0
OG0000535	AT1G60500	F	2	119	0.01680672268907563
OG0000535	AT1G60500	P	23	119	0.19327731092436976
OG0000535	AT1G60500	U	94	119	0.7899159663865546
OG0000535	AT1G60530	P	35	108	0.32407407407407407
OG0000535	AT1G60530	U	73	108	0.6759259259259259
OG0000546	AT1G67160	F	1	136	0.007352941176470588
OG0000546	AT1G67160	P	66	136	0.4852941176470588
OG0000546	AT1G67160	U	69	136	0.5073529411764706
OG0000546	AT3G03726	P	136	136	1.0
OG0000546	AT3G03730	P	136	136	1.0
OG0000546	AT3G22333	P	6	136	0.04411764705882353
OG0000546	AT3G22333	U	130	136	0.9558823529411765
OG0000546	AT3G22345	P	54	135	0.4
OG0000546	AT3G22345	U	81	135	0.6
OG0000546	AT4G12810	F	6	136	0.04411764705882353
OG0000546	AT4G12810	P	32	136	0.23529411764705882
OG0000546	AT4G12810	U	98	136	0.7205882352941176
OG0000546	AT4G12820	F	29	136	0.21323529411764705
OG0000546	AT4G12820	P	17	136	0.125
OG0000546	AT4G12820	U	90	136	0.6617647058823529
OG0000549	AT2G18620	P	21	136	0.15441176470588236
OG0000549	AT2G18620	U	115	136	0.8455882352941176
OG0000549	AT2G18640	P	2	136	0.014705882352941176
OG0000549	AT2G18640	U	134	136	0.9852941176470589
OG0000549	AT2G23800	U	136	136	1.0
OG0000549	AT4G36810	U	136	136	1.0
OG0000589	AT2G11035	F	8	93	0.08602150537634409
OG0000589	AT2G11035	P	32	93	0.34408602150537637
OG0000589	AT2G11035	U	53	93	0.5698924731182796
OG0000591	AT1G06740	F	23	136	0.16911764705882354
OG0000591	AT1G06740	U	113	136	0.8308823529411765
OG0000594	AT1G23201	P	5	136	0.03676470588235294
OG0000594	AT1G23201	U	131	136	0.9632352941176471
OG0000594	AT1G36325	P	1	102	0.00980392156862745
OG0000594	AT1G36325	U	101	102	0.9901960784313726
OG0000598	AT1G24090	F	7	135	0.05185185185185185
OG0000598	AT1G24090	U	128	135	0.9481481481481482
OG0000598	AT3G01410	P	135	135	1.0
OG0000598	AT5G51080	P	136	136	1.0
OG0000599	AT2G18770	U	136	136	1.0
OG0000599	AT5G05670	P	136	136	1.0
OG0000601	AT4G16857	A	1	129	0.007751937984496124
OG0000601	AT4G16857	P	128	129	0.9922480620155039
OG0000601	AT4G16860	A	4	185	0.021621621621621623
OG0000601	AT4G16860	P	181	185	0.9783783783783784
OG0000601	AT4G16880	A	5	76	0.06578947368421052
OG0000601	AT4G16880	F	38	76	0.5
OG0000601	AT4G16880	P	33	76	0.4342105263157895
OG0000601	AT4G16890	P	265	265	1.0
OG0000601	AT4G16900	A	23	134	0.17164179104477612
OG0000601	AT4G16900	P	111	134	0.8283582089552238
OG0000601	AT4G16920	P	364	364	1.0
OG0000601	AT4G16940	P	331	331	1.0
OG0000601	AT4G16950	P	398	398	1.0
OG0000601	AT4G16957	A	51	164	0.31097560975609756
OG0000601	AT4G16957	P	113	164	0.6890243902439024
OG0000601	AT4G16960	P	230	230	1.0
OG0000601	AT5G51630	P	32	86	0.37209302325581395
OG0000601	AT5G51630	U	54	86	0.627906976744186
OG0000605	AT1G25141	F	2	136	0.014705882352941176
OG0000605	AT1G25141	P	74	136	0.5441176470588235
OG0000605	AT1G25141	U	60	136	0.4411764705882353
OG0000605	AT3G25460	P	99	136	0.7279411764705882
OG0000605	AT3G25460	U	37	136	0.27205882352941174
OG0000605	AT5G47300	F	1	136	0.007352941176470588
OG0000605	AT5G47300	P	99	136	0.7279411764705882
OG0000605	AT5G47300	U	36	136	0.2647058823529412
OG0000606	AT5G25850	P	136	136	1.0
OG0000606	AT5G53635	P	136	136	1.0
OG0000606	AT5G53640	P	136	136	1.0
OG0000618	AT1G32375	F	5	135	0.037037037037037035
OG0000618	AT1G32375	P	14	135	0.1037037037037037
OG0000618	AT1G32375	U	116	135	0.8592592592592593
OG0000618	AT5G50270	P	23	135	0.17037037037037037
OG0000618	AT5G50270	U	112	135	0.8296296296296296
OG0000618	AT5G56390	P	136	136	1.0
OG0000620	AT3G23010	F	1	117	0.008547008547008548
OG0000620	AT3G23010	P	46	117	0.39316239316239315
OG0000620	AT3G23010	U	70	117	0.5982905982905983
OG0000620	AT3G23110	P	119	119	1.0
OG0000620	AT3G23120	P	18	112	0.16071428571428573
OG0000620	AT3G23120	U	94	112	0.8392857142857143
OG0000621	AT1G31150	P	5	136	0.03676470588235294
OG0000621	AT1G31150	U	131	136	0.9632352941176471
OG0000639	AT1G71390	P	4	128	0.03125
OG0000639	AT1G71390	U	124	128	0.96875
OG0000639	AT1G71400	F	10	136	0.07352941176470588
OG0000639	AT1G71400	U	126	136	0.9264705882352942
OG0000679	AT1G50190	A	3	136	0.022058823529411766
OG0000679	AT1G50190	P	133	136	0.9779411764705882
OG0000679	AT1G55380	P	76	136	0.5588235294117647
OG0000679	AT1G55380	U	60	136	0.4411764705882353
OG0000679	AT1G55390	F	36	131	0.2748091603053435
OG0000679	AT1G55390	P	30	131	0.22900763358778625
OG0000679	AT1G55390	U	65	131	0.4961832061068702
OG0000679	AT1G55420	F	7	207	0.033816425120772944
OG0000679	AT1G55420	P	90	207	0.43478260869565216
OG0000679	AT1G55420	U	110	207	0.5314009661835749
OG0000679	AT1G55430	F	27	136	0.19852941176470587
OG0000679	AT1G55430	P	18	136	0.1323529411764706
OG0000679	AT1G55430	U	91	136	0.6691176470588235
OG0000679	AT1G55440	F	2	135	0.014814814814814815
OG0000679	AT1G55440	P	20	135	0.14814814814814814
OG0000679	AT1G55440	U	113	135	0.837037037037037
OG0000679	AT1G55700	P	127	135	0.9407407407407408
OG0000679	AT1G55700	U	8	135	0.05925925925925926
OG0000679	AT2G23100	F	28	136	0.20588235294117646
OG0000679	AT2G23100	P	22	136	0.16176470588235295
OG0000679	AT2G23100	U	86	136	0.6323529411764706
OG0000679	AT5G42280	F	5	128	0.0390625
OG0000679	AT5G42280	P	90	128	0.703125
OG0000679	AT5G42280	U	33	128	0.2578125
OG0000692	AT2G24870	P	135	135	1.0
OG0000692	AT2G24880	P	25	119	0.21008403361344538
OG0000692	AT2G24880	U	94	119	0.7899159663865546
OG0000692	AT3G26860	P	4	129	0.031007751937984496
OG0000692	AT3G26860	U	125	129	0.9689922480620154
OG0000692	AT3G26870	A	136	136	1.0
OG0000692	AT3G27329	P	4	136	0.029411764705882353
OG0000692	AT3G27329	U	132	136	0.9705882352941176
OG0000692	AT3G27331	F	12	242	0.049586776859504134
OG0000692	AT3G27331	P	14	242	0.05785123966942149
OG0000692	AT3G27331	U	216	242	0.8925619834710744
OG0000692	AT3G27680	P	42	136	0.3088235294117647
OG0000692	AT3G27680	U	94	136	0.6911764705882353
OG0000712	AT2G23142	A	136	136	1.0
OG0000712	AT2G23148	P	5	136	0.03676470588235294
OG0000712	AT2G23148	U	131	136	0.9632352941176471
OG0000712	AT5G38435	P	6	136	0.04411764705882353
OG0000712	AT5G38435	U	130	136	0.9558823529411765
OG0000712	AT5G38440	P	13	136	0.09558823529411764
OG0000712	AT5G38440	U	123	136	0.9044117647058824
OG0000720	AT5G60840	P	136	136	1.0
OG0000724	AT4G03566	F	2	136	0.014705882352941176
OG0000724	AT4G03566	P	38	136	0.27941176470588236
OG0000724	AT4G03566	U	96	136	0.7058823529411765
OG0000724	AT5G19270	P	136	136	1.0
OG0000725	AT3G44780	P	135	135	1.0
OG0000728	AT1G52990	A	125	125	1.0
OG0000728	AT3G23320	P	24	76	0.3157894736842105
OG0000728	AT3G23320	U	52	76	0.6842105263157895
OG0000728	AT5G44470	P	3	136	0.022058823529411766
OG0000728	AT5G44470	U	133	136	0.9779411764705882
OG0000728	AT5G52115	A	137	137	1.0
OG0000728	AT5G65005	F	1	136	0.007352941176470588
OG0000728	AT5G65005	P	48	136	0.35294117647058826
OG0000728	AT5G65005	U	87	136	0.6397058823529411
OG0000731	AT1G47730	P	134	134	1.0
OG0000731	AT1G47765	F	14	136	0.10294117647058823
OG0000731	AT1G47765	P	31	136	0.22794117647058823
OG0000731	AT1G47765	U	91	136	0.6691176470588235
OG0000731	AT1G47790	P	100	100	1.0
OG0000731	AT1G48060	P	6	136	0.04411764705882353
OG0000731	AT1G48060	U	130	136	0.9558823529411765
OG0000731	AT1G50870	F	23	136	0.16911764705882354
OG0000731	AT1G50870	P	63	136	0.4632352941176471
OG0000731	AT1G50870	U	50	136	0.36764705882352944
OG0000731	AT1G50880	F	2	136	0.014705882352941176
OG0000731	AT1G50880	P	13	136	0.09558823529411764
OG0000731	AT1G50880	U	121	136	0.8897058823529411
OG0000731	AT3G10240	P	20	136	0.14705882352941177
OG0000731	AT3G10240	U	116	136	0.8529411764705882
OG0000736	AT2G43220	P	5	136	0.03676470588235294
OG0000736	AT2G43220	U	131	136	0.9632352941176471
OG0000736	AT4G01740	F	17	73	0.2328767123287671
OG0000736	AT4G01740	P	29	73	0.3972602739726027
OG0000736	AT4G01740	U	27	73	0.3698630136986301
OG0000736	AT4G01760	F	7	134	0.05223880597014925
OG0000736	AT4G01760	P	19	134	0.1417910447761194
OG0000736	AT4G01760	U	108	134	0.8059701492537313
OG0000736	AT4G01910	F	1	20	0.05
OG0000736	AT4G01910	U	19	20	0.95
OG0000736	AT4G01920	P	6	20	0.3
OG0000736	AT4G01920	U	14	20	0.7
OG0000736	AT4G01925	F	15	160	0.09375
OG0000736	AT4G01925	P	67	160	0.41875
OG0000736	AT4G01925	U	78	160	0.4875
OG0000736	AT4G01930	P	30	57	0.5263157894736842
OG0000736	AT4G01930	U	27	57	0.47368421052631576
OG0000736	AT4G02190	P	6	136	0.04411764705882353
OG0000736	AT4G02190	U	130	136	0.9558823529411765
OG0000736	AT4G11390	P	2	135	0.014814814814814815
OG0000736	AT4G11390	U	133	135	0.9851851851851852
OG0000736	AT4G11540	P	117	117	1.0
OG0000736	AT4G11550	F	1	117	0.008547008547008548
OG0000736	AT4G11550	P	17	117	0.1452991452991453
OG0000736	AT4G11550	U	99	117	0.8461538461538461
OG0000739	AT1G54775	A	109	109	1.0
OG0000739	AT1G58242	P	72	137	0.5255474452554745
OG0000739	AT1G58242	U	65	137	0.4744525547445255
OG0000739	AT1G58245	A	136	136	1.0
OG0000739	AT1G58248	A	168	168	1.0
OG0000739	AT3G24465	A	138	138	1.0
OG0000739	AT5G34828	F	17	199	0.08542713567839195
OG0000739	AT5G34828	P	47	199	0.23618090452261306
OG0000739	AT5G34828	U	135	199	0.678391959798995
OG0000739	AT5G36720	A	364	364	1.0
OG0000739	AT5G36805	A	129	129	1.0
OG0000739	AT5G38378	A	127	127	1.0
OG0000761	AT1G24807	P	136	136	1.0
OG0000761	AT1G24909	P	146	146	1.0
OG0000761	AT1G25083	P	153	153	1.0
OG0000761	AT1G25155	P	14	14	1.0
OG0000761	AT1G25220	P	167	167	1.0
OG0000761	AT5G57890	P	136	136	1.0
OG0000792	AT3G29670	U	136	136	1.0
OG0000817	AT3G05450	P	103	103	1.0
OG0000822	AT3G20980	P	11	134	0.08208955223880597
OG0000822	AT3G20980	U	123	134	0.917910447761194
OG0000822	AT3G21000	U	136	136	1.0
OG0000846	AT4G35670	F	2	136	0.014705882352941176
OG0000846	AT4G35670	P	3	136	0.022058823529411766
OG0000846	AT4G35670	U	131	136	0.9632352941176471
OG0000846	AT5G27530	P	2	136	0.014705882352941176
OG0000846	AT5G27530	U	134	136	0.9852941176470589
OG0000846	AT5G44830	P	136	136	1.0
OG0000846	AT5G44840	P	136	136	1.0
OG0000857	AT1G35710	F	57	136	0.41911764705882354
OG0000857	AT1G35710	P	45	136	0.33088235294117646
OG0000857	AT1G35710	U	34	136	0.25
OG0000857	AT4G08850	P	136	136	1.0
OG0000862	AT3G29785	P	113	113	1.0
OG0000865	AT3G53690	P	136	136	1.0
OG0000887	AT5G67360	U	135	135	1.0
OG0000893	AT3G32960	P	19	123	0.15447154471544716
OG0000893	AT3G32960	U	104	123	0.8455284552845529
OG0000907	AT4G31640	P	26	128	0.203125
OG0000907	AT4G31640	U	102	128	0.796875
OG0000907	AT4G31650	P	4	136	0.029411764705882353
OG0000907	AT4G31650	U	132	136	0.9705882352941176
OG0000907	AT4G31680	P	136	136	1.0
OG0000907	AT4G31685	P	136	136	1.0
OG0000907	AT4G31690	P	136	136	1.0
OG0000913	AT1G18760	U	136	136	1.0
OG0000913	AT1G18770	F	6	135	0.044444444444444446
OG0000913	AT1G18770	P	14	135	0.1037037037037037
OG0000913	AT1G18770	U	115	135	0.8518518518518519
OG0000913	AT1G21960	P	6	136	0.04411764705882353
OG0000913	AT1G21960	U	130	136	0.9558823529411765
OG0000913	AT2G29840	A	69	136	0.5073529411764706
OG0000913	AT2G29840	P	67	136	0.49264705882352944
OG0000929	AT1G27030	F	54	136	0.39705882352941174
OG0000929	AT1G27030	P	3	136	0.022058823529411766
OG0000929	AT1G27030	U	79	136	0.5808823529411765
OG0000949	AT5G26865	P	14	136	0.10294117647058823
OG0000949	AT5G26865	U	122	136	0.8970588235294118
OG0000949	AT5G26950	F	14	272	0.051470588235294115
OG0000949	AT5G26950	P	124	272	0.45588235294117646
OG0000949	AT5G26950	U	134	272	0.49264705882352944
OG0000949	AT5G27050	F	228	404	0.5643564356435643
OG0000949	AT5G27050	P	160	404	0.39603960396039606
OG0000949	AT5G27050	U	16	404	0.039603960396039604
OG0000949	AT5G27070	F	22	475	0.04631578947368421
OG0000949	AT5G27070	P	260	475	0.5473684210526316
OG0000949	AT5G27070	U	193	475	0.4063157894736842
OG0000949	AT5G27090	F	34	234	0.1452991452991453
OG0000949	AT5G27090	P	36	234	0.15384615384615385
OG0000949	AT5G27090	U	164	234	0.7008547008547008
OG0000949	AT5G27580	F	5	647	0.0077279752704791345
OG0000949	AT5G27580	P	393	647	0.60741885625966
OG0000949	AT5G27580	U	249	647	0.3848531684698609
OG0000949	AT5G27944	F	5	596	0.008389261744966443
OG0000949	AT5G27944	P	337	596	0.5654362416107382
OG0000949	AT5G27944	U	254	596	0.4261744966442953
OG0000962	AT2G27410	F	1	132	0.007575757575757576
OG0000962	AT2G27410	P	85	132	0.6439393939393939
OG0000962	AT2G27410	U	46	132	0.3484848484848485
OG0000962	AT2G31420	P	10	136	0.07352941176470588
OG0000962	AT2G31420	U	126	136	0.9264705882352942
OG0000962	AT2G31460	P	4	135	0.02962962962962963
OG0000962	AT2G31460	U	131	135	0.9703703703703703
OG0000962	AT2G32645	P	106	136	0.7794117647058824
OG0000962	AT2G32645	U	30	136	0.22058823529411764
OG0000962	AT2G32905	U	136	136	1.0
OG0001007	AT3G25180	P	136	136	1.0
OG0001019	AT3G59700	P	5	136	0.03676470588235294
OG0001019	AT3G59700	U	131	136	0.9632352941176471
OG0001019	AT3G59730	P	7	136	0.051470588235294115
OG0001019	AT3G59730	U	129	136	0.9485294117647058
OG0001019	AT3G59740	F	9	136	0.0661764705882353
OG0001019	AT3G59740	P	78	136	0.5735294117647058
OG0001019	AT3G59740	U	49	136	0.3602941176470588
OG0001019	AT3G59750	F	1	137	0.0072992700729927005
OG0001019	AT3G59750	P	58	137	0.4233576642335766
OG0001019	AT3G59750	U	78	137	0.5693430656934306
OG0001038	AT2G02610	F	12	136	0.08823529411764706
OG0001038	AT2G02610	P	3	136	0.022058823529411766
OG0001038	AT2G02610	U	121	136	0.8897058823529411
OG0001038	AT2G02620	F	6	105	0.05714285714285714
OG0001038	AT2G02620	P	17	105	0.1619047619047619
OG0001038	AT2G02620	U	82	105	0.780952380952381
OG0001038	AT2G02630	F	10	100	0.1
OG0001038	AT2G02630	P	47	100	0.47
OG0001038	AT2G02630	U	43	100	0.43
OG0001038	AT2G02640	F	7	200	0.035
OG0001038	AT2G02640	P	13	200	0.065
OG0001038	AT2G02640	U	180	200	0.9
OG0001038	AT2G02680	F	4	93	0.043010752688172046
OG0001038	AT2G02680	P	2	93	0.021505376344086023
OG0001038	AT2G02680	U	87	93	0.9354838709677419
OG0001038	AT2G02690	F	40	129	0.31007751937984496
OG0001038	AT2G02690	P	61	129	0.4728682170542636
OG0001038	AT2G02690	U	28	129	0.21705426356589147
OG0001038	AT2G02700	F	9	134	0.06716417910447761
OG0001038	AT2G02700	P	83	134	0.6194029850746269
OG0001038	AT2G02700	U	42	134	0.31343283582089554
OG0001079	AT5G18880	F	1	89	0.011235955056179775
OG0001079	AT5G18880	P	25	89	0.2808988764044944
OG0001079	AT5G18880	U	63	89	0.7078651685393258
OG0001115	AT1G34560	F	21	136	0.15441176470588236
OG0001115	AT1G34560	P	16	136	0.11764705882352941
OG0001115	AT1G34560	U	99	136	0.7279411764705882
OG0001115	AT1G35353	P	123	135	0.9111111111111111
OG0001115	AT1G35353	U	12	135	0.08888888888888889
OG0001115	AT1G35365	P	110	134	0.8208955223880597
OG0001115	AT1G35365	U	24	134	0.1791044776119403
OG0001115	AT3G27900	F	24	136	0.17647058823529413
OG0001115	AT3G27900	P	10	136	0.07352941176470588
OG0001115	AT3G27900	U	102	136	0.75
OG0001127	AT1G52603	F	12	128	0.09375
OG0001127	AT1G52603	P	99	128	0.7734375
OG0001127	AT1G52603	U	17	128	0.1328125
OG0001127	AT1G67235	P	44	44	1.0
OG0001127	AT5G33393	A	119	119	1.0
OG0001132	AT5G38350	F	33	136	0.2426470588235294
OG0001132	AT5G38350	P	50	136	0.36764705882352944
OG0001132	AT5G38350	U	53	136	0.3897058823529412
OG0001135	AT1G36230	P	133	133	1.0
OG0001136	AT2G38590	P	22	124	0.1774193548387097
OG0001136	AT2G38590	U	102	124	0.8225806451612904
OG0001136	AT4G33290	F	1	136	0.007352941176470588
OG0001136	AT4G33290	P	94	136	0.6911764705882353
OG0001136	AT4G33290	U	41	136	0.3014705882352941
OG0001136	AT5G41490	F	6	136	0.04411764705882353
OG0001136	AT5G41490	P	38	136	0.27941176470588236
OG0001136	AT5G41490	U	92	136	0.6764705882352942
OG0001136	AT5G41500	P	14	136	0.10294117647058823
OG0001136	AT5G41500	U	122	136	0.8970588235294118
OG0001136	AT5G41510	P	11	136	0.08088235294117647
OG0001136	AT5G41510	U	125	136	0.9191176470588235
OG0001139	AT1G66045	F	4	133	0.03007518796992481
OG0001139	AT1G66045	P	11	133	0.08270676691729323
OG0001139	AT1G66045	U	118	133	0.8872180451127819
OG0001139	AT4G03040	P	13	135	0.0962962962962963
OG0001139	AT4G03040	U	122	135	0.9037037037037037
OG0001139	AT5G33330	A	112	134	0.835820895522388
OG0001139	AT5G33330	U	22	134	0.16417910447761194
OG0001188	AT5G25980	F	2	136	0.014705882352941176
OG0001188	AT5G25980	P	22	136	0.16176470588235295
OG0001188	AT5G25980	U	112	136	0.8235294117647058
OG0001188	AT5G26000	P	136	136	1.0
OG0001188	AT5G48375	P	136	136	1.0
OG0001196	AT2G43745	P	107	107	1.0
OG0001202	AT1G61563	U	136	136	1.0
OG0001202	AT1G61566	F	136	271	0.5018450184501845
OG0001202	AT1G61566	U	135	271	0.4981549815498155
OG0001202	AT2G22055	P	2	136	0.014705882352941176
OG0001202	AT2G22055	U	134	136	0.9852941176470589
OG0001262	AT3G18330	F	7	136	0.051470588235294115
OG0001262	AT3G18330	P	6	136	0.04411764705882353
OG0001262	AT3G18330	U	123	136	0.9044117647058824
OG0001262	AT3G18910	F	4	136	0.029411764705882353
OG0001262	AT3G18910	P	7	136	0.051470588235294115
OG0001262	AT3G18910	U	125	136	0.9191176470588235
OG0001262	AT3G19410	P	75	136	0.5514705882352942
OG0001262	AT3G19410	U	61	136	0.4485294117647059
OG0001318	AT5G38360	P	136	136	1.0
OG0001336	AT4G27660	P	136	136	1.0
OG0001336	AT5G54148	P	136	136	1.0
OG0001336	AT5G54150	P	136	136	1.0
OG0001349	AT1G26510	P	24	132	0.18181818181818182
OG0001349	AT1G26510	U	108	132	0.8181818181818182
OG0001349	AT1G26515	P	134	134	1.0
OG0001349	AT1G31000	P	135	135	1.0
OG0001349	AT4G11590	P	39	136	0.2867647058823529
OG0001349	AT4G11590	U	97	136	0.7132352941176471
OG0001349	AT5G15660	F	1	135	0.007407407407407408
OG0001349	AT5G15660	P	7	135	0.05185185185185185
OG0001349	AT5G15660	U	127	135	0.9407407407407408
OG0001349	AT5G15670	F	22	136	0.16176470588235295
OG0001349	AT5G15670	U	114	136	0.8382352941176471
OG0001363	AT1G40083	F	27	135	0.2
OG0001363	AT1G40083	P	61	135	0.45185185185185184
OG0001363	AT1G40083	U	47	135	0.34814814814814815
OG0001392	AT5G18720	P	133	136	0.9779411764705882
OG0001392	AT5G18720	U	3	136	0.022058823529411766
OG0001392	AT5G18730	P	61	136	0.4485294117647059
OG0001392	AT5G18730	U	75	136	0.5514705882352942
OG0001395	AT1G62170	P	129	133	0.9699248120300752
OG0001395	AT1G62170	U	4	133	0.03007518796992481
OG0001395	AT2G14540	P	134	134	1.0
OG0001398	AT1G67020	A	1	25	0.04
OG0001398	AT1G67020	P	4	25	0.16
OG0001398	AT1G67020	U	20	25	0.8
OG0001400	AT2G27320	P	7	136	0.051470588235294115
OG0001400	AT2G27320	U	129	136	0.9485294117647058
OG0001400	AT2G35250	P	136	136	1.0
OG0001400	AT2G38255	P	136	136	1.0
OG0001400	AT4G17505	P	136	136	1.0
OG0001401	AT2G31425	P	1	136	0.007352941176470588
OG0001401	AT2G31425	U	135	136	0.9926470588235294
OG0001401	AT2G31430	P	2	136	0.014705882352941176
OG0001401	AT2G31430	U	134	136	0.9852941176470589
OG0001401	AT3G55680	P	136	136	1.0
OG0001408	AT5G28950	P	36	135	0.26666666666666666
OG0001408	AT5G28950	U	99	135	0.7333333333333333
OG0001408	AT5G35695	P	35	136	0.25735294117647056
OG0001408	AT5G35695	U	101	136	0.7426470588235294
OG0001411	AT5G64450	P	14	136	0.10294117647058823
OG0001411	AT5G64450	U	122	136	0.8970588235294118
OG0001412	AT5G57020	U	136	136	1.0
OG0001688	AT1G57570	P	38	135	0.2814814814814815
OG0001688	AT1G57570	U	97	135	0.7185185185185186
OG0001688	AT1G60095	F	7	130	0.05384615384615385
OG0001688	AT1G60095	P	29	130	0.2230769230769231
OG0001688	AT1G60095	U	94	130	0.7230769230769231
OG0001688	AT1G60110	P	7	123	0.056910569105691054
OG0001688	AT1G60110	U	116	123	0.943089430894309
OG0001688	AT1G60130	P	80	135	0.5925925925925926
OG0001688	AT1G60130	U	55	135	0.4074074074074074
OG0001688	AT1G61230	F	15	136	0.11029411764705882
OG0001688	AT1G61230	P	90	136	0.6617647058823529
OG0001688	AT1G61230	U	31	136	0.22794117647058823
OG0001688	AT5G38540	P	133	133	1.0
OG0001688	AT5G38550	P	142	142	1.0
OG0001769	AT2G16505	P	135	135	1.0
OG0001769	AT2G16535	P	136	136	1.0
OG0001769	AT5G61605	P	136	136	1.0
OG0001813	AT3G10510	P	136	136	1.0
OG0001813	AT4G38940	U	136	136	1.0
OG0001820	AT3G45840	P	119	119	1.0
OG0001820	AT3G48400	P	136	136	1.0
OG0001820	AT4G01350	F	23	136	0.16911764705882354
OG0001820	AT4G01350	P	6	136	0.04411764705882353
OG0001820	AT4G01350	U	107	136	0.7867647058823529
OG0001820	AT5G22355	F	28	136	0.20588235294117646
OG0001820	AT5G22355	P	3	136	0.022058823529411766
OG0001820	AT5G22355	U	105	136	0.7720588235294118
OG0001820	AT5G59920	F	47	157	0.29936305732484075
OG0001820	AT5G59920	P	16	157	0.10191082802547771
OG0001820	AT5G59920	U	94	157	0.5987261146496815
OG0001820	AT5G59930	F	21	123	0.17073170731707318
OG0001820	AT5G59930	P	10	123	0.08130081300813008
OG0001820	AT5G59930	U	92	123	0.7479674796747967
OG0001820	AT5G59940	F	21	123	0.17073170731707318
OG0001820	AT5G59940	P	1	123	0.008130081300813009
OG0001820	AT5G59940	U	101	123	0.8211382113821138
OG0001841	AT5G62510	P	14	136	0.10294117647058823
OG0001841	AT5G62510	U	122	136	0.8970588235294118
OG0001841	AT5G62660	P	123	136	0.9044117647058824
OG0001841	AT5G62660	U	13	136	0.09558823529411764
OG0001885	AT1G48145	P	2	136	0.014705882352941176
OG0001885	AT1G48145	U	134	136	0.9852941176470589
OG0001885	AT1G50745	F	16	136	0.11764705882352941
OG0001885	AT1G50745	P	7	136	0.051470588235294115
OG0001885	AT1G50745	U	113	136	0.8308823529411765
OG0001885	AT1G50750	P	8	136	0.058823529411764705
OG0001885	AT1G50750	U	128	136	0.9411764705882353
OG0001885	AT1G50760	P	136	136	1.0
OG0001885	AT1G50770	P	19	131	0.1450381679389313
OG0001885	AT1G50770	U	112	131	0.8549618320610687
OG0001885	AT1G50790	F	23	133	0.17293233082706766
OG0001885	AT1G50790	P	10	133	0.07518796992481203
OG0001885	AT1G50790	U	100	133	0.7518796992481203
OG0001885	AT1G50820	A	101	135	0.7481481481481481
OG0001885	AT1G50820	P	4	135	0.02962962962962963
OG0001885	AT1G50820	U	30	135	0.2222222222222222
OG0001893	AT1G43415	A	124	124	1.0
OG0001901	AT4G11485	P	136	136	1.0
OG0001901	AT4G11760	F	9	136	0.0661764705882353
OG0001901	AT4G11760	U	127	136	0.9338235294117647
OG0001911	AT3G59070	A	136	136	1.0
OG0001911	AT5G48750	P	136	136	1.0
OG0001918	AT5G38270	P	2	34	0.058823529411764705
OG0001918	AT5G38270	U	32	34	0.9411764705882353
OG0001923	AT3G58820	P	46	136	0.3382352941176471
OG0001923	AT3G58820	U	90	136	0.6617647058823529
OG0001927	AT1G65190	P	21	33	0.6363636363636364
OG0001927	AT1G65190	U	12	33	0.36363636363636365
OG0001927	AT1G65250	F	25	105	0.23809523809523808
OG0001927	AT1G65250	P	60	105	0.5714285714285714
OG0001927	AT1G65250	U	20	105	0.19047619047619047
OG0001927	AT1G67470	F	3	129	0.023255813953488372
OG0001927	AT1G67470	P	96	129	0.7441860465116279
OG0001927	AT1G67470	U	30	129	0.23255813953488372
OG0001928	AT1G53550	F	2	136	0.014705882352941176
OG0001928	AT1G53550	P	12	136	0.08823529411764706
OG0001928	AT1G53550	U	122	136	0.8970588235294118
OG0001928	AT1G53815	P	136	136	1.0
OG0001928	AT1G55070	F	3	136	0.022058823529411766
OG0001928	AT1G55070	P	3	136	0.022058823529411766
OG0001928	AT1G55070	U	130	136	0.9558823529411765
OG0001928	AT1G61060	P	4	136	0.029411764705882353
OG0001928	AT1G61060	U	132	136	0.9705882352941176
OG0001929	AT1G65050	P	116	116	1.0
OG0001929	AT1G65150	P	136	136	1.0
OG0001929	AT1G65370	P	130	130	1.0
OG0002178	AT3G09160	P	136	136	1.0
OG0002370	AT2G24615	A	1	136	0.007352941176470588
OG0002370	AT2G24615	F	1	136	0.007352941176470588
OG0002370	AT2G24615	P	15	136	0.11029411764705882
OG0002370	AT2G24615	U	119	136	0.875
OG0002370	AT2G24625	A	145	145	1.0
OG0002370	AT5G39365	A	1	114	0.008771929824561403
OG0002370	AT5G39365	P	113	114	0.9912280701754386
OG0002564	AT3G60470	F	6	136	0.04411764705882353
OG0002564	AT3G60470	P	6	136	0.04411764705882353
OG0002564	AT3G60470	U	124	136	0.9117647058823529
OG0002742	AT3G09330	P	136	136	1.0
OG0002742	AT3G09340	P	183	183	1.0
OG0002742	AT5G02170	F	21	136	0.15441176470588236
OG0002742	AT5G02170	P	16	136	0.11764705882352941
OG0002742	AT5G02170	U	99	136	0.7279411764705882
OG0002742	AT5G02180	F	22	136	0.16176470588235295
OG0002742	AT5G02180	P	1	136	0.007352941176470588
OG0002742	AT5G02180	U	113	136	0.8308823529411765
OG0002810	AT1G33610	F	12	136	0.08823529411764706
OG0002810	AT1G33610	U	124	136	0.9117647058823529
OG0002810	AT1G33670	F	4	136	0.029411764705882353
OG0002810	AT1G33670	P	16	136	0.11764705882352941
OG0002810	AT1G33670	U	116	136	0.8529411764705882
OG0002829	AT5G28720	F	4	127	0.031496062992125984
OG0002829	AT5G28720	P	68	127	0.5354330708661418
OG0002829	AT5G28720	U	55	127	0.4330708661417323
OG0002829	AT5G28730	A	128	128	1.0
OG0002867	AT2G42455	P	136	136	1.0
OG0002883	AT2G03913	P	10	133	0.07518796992481203
OG0002883	AT2G03913	U	123	133	0.924812030075188
OG0002883	AT2G03931	F	8	50	0.16
OG0002883	AT2G03931	U	42	50	0.84
OG0002883	AT2G03933	U	50	50	1.0
OG0002883	AT2G03936	A	94	94	1.0
OG0002883	AT2G03937	F	48	85	0.5647058823529412
OG0002883	AT2G03937	U	37	85	0.43529411764705883
OG0002883	AT2G03955	P	3	105	0.02857142857142857
OG0002883	AT2G03955	U	102	105	0.9714285714285714
OG0002883	AT2G34123	P	24	136	0.17647058823529413
OG0002883	AT2G34123	U	112	136	0.8235294117647058
OG0002891	AT1G47770	A	72	72	1.0
OG0002891	AT3G01345	P	16	43	0.37209302325581395
OG0002891	AT3G01345	U	27	43	0.627906976744186
OG0002891	AT5G01080	P	30	136	0.22058823529411764
OG0002891	AT5G01080	U	106	136	0.7794117647058824
OG0002891	AT5G35760	A	1	136	0.007352941176470588
OG0002891	AT5G35760	F	1	136	0.007352941176470588
OG0002891	AT5G35760	P	15	136	0.11029411764705882
OG0002891	AT5G35760	U	119	136	0.875
OG0002892	AT1G60300	F	17	136	0.125
OG0002892	AT1G60300	P	37	136	0.27205882352941174
OG0002892	AT1G60300	U	82	136	0.6029411764705882
OG0002892	AT1G60340	F	70	237	0.29535864978902954
OG0002892	AT1G60340	P	42	237	0.17721518987341772
OG0002892	AT1G60340	U	125	237	0.5274261603375527
OG0002892	AT1G60350	P	10	138	0.07246376811594203
OG0002892	AT1G60350	U	128	138	0.927536231884058
OG0002892	AT1G60380	P	75	137	0.5474452554744526
OG0002892	AT1G60380	U	62	137	0.45255474452554745
OG0002893	AT5G28160	F	36	118	0.3050847457627119
OG0002893	AT5G28160	P	26	118	0.22033898305084745
OG0002893	AT5G28160	U	56	118	0.4745762711864407
OG0002893	AT5G28180	F	18	117	0.15384615384615385
OG0002893	AT5G28180	P	43	117	0.36752136752136755
OG0002893	AT5G28180	U	56	117	0.47863247863247865
OG0002919	AT1G21925	A	136	136	1.0
OG0002919	AT1G21928	A	134	134	1.0
OG0003409	AT5G43290	P	136	136	1.0
OG0003680	AT2G40790	P	136	136	1.0
OG0003687	AT1G47620	F	5	136	0.03676470588235294
OG0003687	AT1G47620	P	5	136	0.03676470588235294
OG0003687	AT1G47620	U	126	136	0.9264705882352942
OG0003687	AT1G66030	P	4	126	0.031746031746031744
OG0003687	AT1G66030	U	122	126	0.9682539682539683
OG0003691	AT1G11145	A	136	136	1.0
OG0003730	AT5G22660	P	134	134	1.0
OG0003730	AT5G22700	P	136	136	1.0
OG0003767	AT2G21930	U	136	136	1.0
OG0003767	AT5G44220	P	133	136	0.9779411764705882
OG0003767	AT5G44220	U	3	136	0.022058823529411766
OG0003807	AT3G42170	U	136	136	1.0
OG0003808	AT3G60980	U	90	90	1.0
OG0003820	AT5G17080	P	42	113	0.37168141592920356
OG0003820	AT5G17080	U	71	113	0.6283185840707964
OG0003820	AT5G17140	P	9	133	0.06766917293233082
OG0003820	AT5G17140	U	124	133	0.9323308270676691
OG0004081	AT3G21170	F	13	136	0.09558823529411764
OG0004081	AT3G21170	P	15	136	0.11029411764705882
OG0004081	AT3G21170	U	108	136	0.7941176470588235
OG0004132	AT1G64030	P	136	136	1.0
OG0004303	AT1G55947	F	1	136	0.007352941176470588
OG0004303	AT1G55947	P	2	136	0.014705882352941176
OG0004303	AT1G55947	U	133	136	0.9779411764705882
OG0004303	AT2G16810	F	2	136	0.014705882352941176
OG0004303	AT2G16810	P	66	136	0.4852941176470588
OG0004303	AT2G16810	U	68	136	0.5
OG0004694	AT5G18160	F	1	136	0.007352941176470588
OG0004694	AT5G18160	P	27	136	0.19852941176470587
OG0004694	AT5G18160	U	108	136	0.7941176470588235
OG0004872	AT5G42232	P	1	136	0.007352941176470588
OG0004872	AT5G42232	U	135	136	0.9926470588235294
OG0005764	AT1G53790	F	118	136	0.8676470588235294
OG0005764	AT1G53790	P	18	136	0.1323529411764706
