family_id	gene	n_total_copies	n_P	n_F	n_U	n_A	prop_P	prop_F	prop_U	prop_A	assemblies_observed	assemblies_with_P	assemblies_with_F	assemblies_with_U	assemblies_with_A
OG0000007	AT2G28700	136	2	134	0	0	0.014705882352941176	0.9852941176470589	0.0	0.0	136	2	134	0	0
OG0000007	AT5G27810	136	1	6	129	0	0.007352941176470588	0.04411764705882353	0.9485294117647058	0.0	136	1	6	129	0
OG0000007	AT5G48670	136	1	7	128	0	0.007352941176470588	0.051470588235294115	0.9411764705882353	0.0	136	1	7	128	0
OG0000009	AT1G55030	135	19	116	0	0	0.14074074074074075	0.8592592592592593	0.0	0.0	135	19	116	0	0
OG0000009	AT2G04230	136	136	0	0	0	1.0	0.0	0.0	0.0	136	136	0	0	0
OG0000009	AT2G26860	136	136	0	0	0	1.0	0.0	0.0	0.0	136	136	0	0	0
OG0000009	AT3G26920	136	13	3	120	0	0.09558823529411764	0.022058823529411766	0.8823529411764706	0.0	136	13	3	120	0
OG0000009	AT3G26922	136	88	0	48	0	0.6470588235294118	0.0	0.35294117647058826	0.0	136	88	0	48	0
OG0000009	AT3G26930	136	0	22	114	0	0.0	0.16176470588235295	0.8382352941176471	0.0	136	0	22	114	0
OG0000009	AT3G49020	136	17	0	119	0	0.125	0.0	0.875	0.0	136	17	0	119	0
OG0000009	AT3G49030	136	34	0	102	0	0.25	0.0	0.75	0.0	136	34	0	102	0
OG0000009	AT3G49040	136	51	0	85	0	0.375	0.0	0.625	0.0	136	51	0	85	0
OG0000009	AT3G50710	136	136	0	0	0	1.0	0.0	0.0	0.0	136	136	0	0	0
OG0000009	AT3G51530	136	136	0	0	0	1.0	0.0	0.0	0.0	136	136	0	0	0
OG0000009	AT3G52680	135	15	0	117	3	0.1111111111111111	0.0	0.8666666666666667	0.022222222222222223	135	15	0	117	3
OG0000009	AT3G52690	136	3	0	133	0	0.022058823529411766	0.0	0.9779411764705882	0.0	136	3	0	133	0
OG0000009	AT3G54910	136	136	0	0	0	1.0	0.0	0.0	0.0	136	136	0	0	0
OG0000009	AT3G55670	259	259	0	0	0	1.0	0.0	0.0	0.0	136	136	0	0	0
OG0000009	AT3G55900	136	136	0	0	0	1.0	0.0	0.0	0.0	136	136	0	0	0
OG0000009	AT4G00160	136	3	0	133	0	0.022058823529411766	0.0	0.9779411764705882	0.0	136	3	0	133	0
OG0000009	AT4G09920	135	93	6	36	0	0.6888888888888889	0.044444444444444446	0.26666666666666666	0.0	135	93	6	36	0
OG0000009	AT4G10400	127	127	0	0	0	1.0	0.0	0.0	0.0	127	127	0	0	0
OG0000009	AT4G10410	131	131	0	0	0	1.0	0.0	0.0	0.0	131	131	0	0	0
OG0000009	AT4G10420	136	136	0	0	0	1.0	0.0	0.0	0.0	136	136	0	0	0
OG0000009	AT4G13965	136	136	0	0	0	1.0	0.0	0.0	0.0	136	136	0	0	0
OG0000009	AT4G26340	136	9	0	127	0	0.0661764705882353	0.0	0.9338235294117647	0.0	136	9	0	127	0
OG0000009	AT5G38565	134	134	0	0	0	1.0	0.0	0.0	0.0	134	134	0	0	0
OG0000009	AT5G38570	134	134	0	0	0	1.0	0.0	0.0	0.0	134	134	0	0	0
OG0000009	AT5G38580	136	136	0	0	0	1.0	0.0	0.0	0.0	136	136	0	0	0
OG0000009	AT5G38590	136	136	0	0	0	1.0	0.0	0.0	0.0	136	136	0	0	0
OG0000009	AT5G56690	131	38	31	62	0	0.2900763358778626	0.2366412213740458	0.4732824427480916	0.0	131	38	31	62	0
OG0000009	AT5G56700	136	40	0	96	0	0.29411764705882354	0.0	0.7058823529411765	0.0	136	40	0	96	0
OG0000009	AT5G60610	136	1	0	135	0	0.007352941176470588	0.0	0.9926470588235294	0.0	136	1	0	135	0
OG0000012	AT1G31370	34	0	0	0	34	0.0	0.0	0.0	1.0	34	0	0	0	34
OG0000012	AT1G31380	53	53	0	0	0	1.0	0.0	0.0	0.0	53	53	0	0	0
OG0000012	AT1G31390	136	136	0	0	0	1.0	0.0	0.0	0.0	136	136	0	0	0
OG0000012	AT1G31400	259	259	0	0	0	1.0	0.0	0.0	0.0	136	136	0	0	0
OG0000012	AT2G01790	134	134	0	0	0	1.0	0.0	0.0	0.0	134	134	0	0	0
OG0000012	AT2G05400	132	14	0	118	0	0.10606060606060606	0.0	0.8939393939393939	0.0	132	14	0	118	0
OG0000012	AT2G05410	281	163	1	117	0	0.5800711743772242	0.0035587188612099642	0.41637010676156583	0.0	136	135	1	115	0
OG0000012	AT2G05420	132	105	8	19	0	0.7954545454545454	0.06060606060606061	0.14393939393939395	0.0	132	105	8	19	0
OG0000012	AT3G27040	136	136	0	0	0	1.0	0.0	0.0	0.0	136	136	0	0	0
OG0000012	AT3G44790	124	20	52	52	0	0.16129032258064516	0.41935483870967744	0.41935483870967744	0.0	124	20	52	52	0
OG0000012	AT3G44800	129	26	0	103	0	0.20155038759689922	0.0	0.7984496124031008	0.0	128	26	0	103	0
OG0000012	AT3G44805	177	177	0	0	0	1.0	0.0	0.0	0.0	126	126	0	0	0
OG0000012	AT3G58200	136	136	0	0	0	1.0	0.0	0.0	0.0	136	136	0	0	0
OG0000012	AT3G58210	136	136	0	0	0	1.0	0.0	0.0	0.0	136	136	0	0	0
OG0000012	AT3G58220	352	352	0	0	0	1.0	0.0	0.0	0.0	136	136	0	0	0
OG0000012	AT3G58250	136	136	0	0	0	1.0	0.0	0.0	0.0	136	136	0	0	0
OG0000012	AT3G58260	136	136	0	0	0	1.0	0.0	0.0	0.0	136	136	0	0	0
OG0000012	AT3G58270	136	136	0	0	0	1.0	0.0	0.0	0.0	136	136	0	0	0
OG0000012	AT3G58290	136	136	0	0	0	1.0	0.0	0.0	0.0	136	136	0	0	0
OG0000012	AT3G58340	139	139	0	0	0	1.0	0.0	0.0	0.0	136	136	0	0	0
OG0000012	AT3G58350	136	136	0	0	0	1.0	0.0	0.0	0.0	136	136	0	0	0
OG0000012	AT3G58360	136	136	0	0	0	1.0	0.0	0.0	0.0	136	136	0	0	0
OG0000012	AT3G58370	276	276	0	0	0	1.0	0.0	0.0	0.0	136	136	0	0	0
OG0000012	AT3G58400	136	136	0	0	0	1.0	0.0	0.0	0.0	136	136	0	0	0
OG0000012	AT3G58410	136	136	0	0	0	1.0	0.0	0.0	0.0	136	136	0	0	0
OG0000012	AT3G58420	131	97	0	0	34	0.7404580152671756	0.0	0.0	0.2595419847328244	131	97	0	0	34
OG0000015	AT1G29005	124	0	0	0	124	0.0	0.0	0.0	1.0	124	0	0	0	124
OG0000015	AT1G33710	36	1	0	35	0	0.027777777777777776	0.0	0.9722222222222222	0.0	36	1	0	35	0
OG0000015	AT1G34440	136	0	0	0	136	0.0	0.0	0.0	1.0	136	0	0	0	136
OG0000015	AT1G40390	134	70	0	0	64	0.5223880597014925	0.0	0.0	0.47761194029850745	134	70	0	0	64
OG0000015	AT1G43730	133	19	8	106	0	0.14285714285714285	0.06015037593984962	0.7969924812030075	0.0	133	19	8	106	0
OG0000015	AT1G43760	134	62	5	67	0	0.4626865671641791	0.03731343283582089	0.5	0.0	134	62	5	67	0
OG0000015	AT1G44941	129	123	0	6	0	0.9534883720930233	0.0	0.046511627906976744	0.0	129	123	0	6	0
OG0000015	AT1G50080	130	3	0	127	0	0.023076923076923078	0.0	0.9769230769230769	0.0	130	3	0	127	0
OG0000015	AT1G60720	88	62	0	26	0	0.7045454545454546	0.0	0.29545454545454547	0.0	88	62	0	26	0
OG0000015	AT2G02520	136	136	0	0	0	1.0	0.0	0.0	0.0	136	136	0	0	0
OG0000015	AT2G19146	136	0	0	0	136	0.0	0.0	0.0	1.0	136	0	0	0	136
OG0000015	AT3G25720	119	0	0	0	119	0.0	0.0	0.0	1.0	119	0	0	0	119
OG0000015	AT3G25727	136	0	0	0	136	0.0	0.0	0.0	1.0	136	0	0	0	136
OG0000015	AT3G27590	136	0	0	0	136	0.0	0.0	0.0	1.0	136	0	0	0	136
OG0000015	AT4G04650	94	0	0	0	94	0.0	0.0	0.0	1.0	94	0	0	0	94
OG0000015	AT4G05095	105	0	0	105	0	0.0	0.0	1.0	0.0	105	0	0	105	0
OG0000015	AT4G10613	44	12	1	31	0	0.2727272727272727	0.022727272727272728	0.7045454545454546	0.0	44	12	1	31	0
OG0000015	AT5G11565	132	132	0	0	0	1.0	0.0	0.0	0.0	132	132	0	0	0
OG0000015	AT5G16486	68	6	15	47	0	0.08823529411764706	0.22058823529411764	0.6911764705882353	0.0	68	6	15	47	0
OG0000015	AT5G28615	128	0	0	0	128	0.0	0.0	0.0	1.0	128	0	0	0	128
OG0000016	AT1G06580	136	0	0	136	0	0.0	0.0	1.0	0.0	136	0	0	136	0
OG0000016	AT1G12300	136	2	8	126	0	0.014705882352941176	0.058823529411764705	0.9264705882352942	0.0	136	2	8	126	0
OG0000016	AT1G12620	272	39	115	118	0	0.14338235294117646	0.4227941176470588	0.4338235294117647	0.0	136	37	115	118	0
OG0000016	AT1G12700	135	16	57	62	0	0.11851851851851852	0.4222222222222222	0.45925925925925926	0.0	135	16	57	62	0
OG0000016	AT1G12775	154	33	24	97	0	0.21428571428571427	0.15584415584415584	0.6298701298701299	0.0	136	28	24	97	0
OG0000016	AT1G62590	136	3	14	119	0	0.022058823529411766	0.10294117647058823	0.875	0.0	136	3	14	119	0
OG0000016	AT1G62670	159	38	19	102	0	0.2389937106918239	0.11949685534591195	0.6415094339622641	0.0	136	38	19	102	0
OG0000016	AT1G62680	136	1	0	135	0	0.007352941176470588	0.0	0.9926470588235294	0.0	136	1	0	135	0
OG0000016	AT1G62720	136	0	21	115	0	0.0	0.15441176470588236	0.8455882352941176	0.0	136	0	21	115	0
OG0000016	AT1G62910	218	163	45	10	0	0.7477064220183486	0.20642201834862386	0.045871559633027525	0.0	136	118	42	10	0
OG0000016	AT1G62914	282	277	5	0	0	0.9822695035460993	0.01773049645390071	0.0	0.0	136	136	5	0	0
OG0000016	AT1G62930	367	128	138	101	0	0.34877384196185285	0.3760217983651226	0.27520435967302453	0.0	136	93	111	100	0
OG0000016	AT1G63070	135	101	4	30	0	0.7481481481481481	0.02962962962962963	0.2222222222222222	0.0	134	101	4	30	0
OG0000016	AT1G63080	142	31	19	92	0	0.21830985915492956	0.13380281690140844	0.647887323943662	0.0	132	28	19	92	0
OG0000016	AT1G63130	276	59	95	122	0	0.213768115942029	0.3442028985507246	0.4420289855072464	0.0	136	49	80	122	0
OG0000016	AT1G63150	117	8	34	75	0	0.06837606837606838	0.2905982905982906	0.6410256410256411	0.0	112	8	34	75	0
OG0000016	AT1G63330	251	62	22	167	0	0.24701195219123506	0.08764940239043825	0.6653386454183267	0.0	136	51	22	133	0
OG0000016	AT1G63400	333	135	181	17	0	0.40540540540540543	0.5435435435435435	0.05105105105105105	0.0	136	92	134	17	0
OG0000016	AT1G64583	136	1	6	129	0	0.007352941176470588	0.04411764705882353	0.9485294117647058	0.0	136	1	6	129	0
OG0000016	AT3G16710	136	0	0	136	0	0.0	0.0	1.0	0.0	136	0	0	136	0
OG0000016	AT3G22470	136	12	1	123	0	0.08823529411764706	0.007352941176470588	0.9044117647058824	0.0	136	12	1	123	0
OG0000016	AT4G26800	136	0	35	101	0	0.0	0.25735294117647056	0.7426470588235294	0.0	136	0	35	101	0
OG0000016	AT5G16640	136	0	46	90	0	0.0	0.3382352941176471	0.6617647058823529	0.0	136	0	46	90	0
OG0000016	AT5G41170	136	2	21	113	0	0.014705882352941176	0.15441176470588236	0.8308823529411765	0.0	136	2	21	113	0
OG0000022	AT1G58310	135	5	45	85	0	0.037037037037037035	0.3333333333333333	0.6296296296296297	0.0	135	5	45	85	0
OG0000022	AT3G03030	136	0	0	136	0	0.0	0.0	1.0	0.0	136	0	0	136	0
OG0000022	AT3G03040	136	43	0	93	0	0.3161764705882353	0.0	0.6838235294117647	0.0	136	43	0	93	0
OG0000022	AT3G49150	136	12	53	71	0	0.08823529411764706	0.3897058823529412	0.5220588235294118	0.0	136	12	53	71	0
OG0000022	AT3G58900	135	34	0	101	0	0.2518518518518518	0.0	0.7481481481481481	0.0	135	34	0	101	0
OG0000022	AT3G59160	128	19	0	109	0	0.1484375	0.0	0.8515625	0.0	128	19	0	109	0
OG0000022	AT3G59170	136	36	4	96	0	0.2647058823529412	0.029411764705882353	0.7058823529411765	0.0	136	36	4	96	0
OG0000022	AT3G59180	136	27	8	101	0	0.19852941176470587	0.058823529411764705	0.7426470588235294	0.0	136	27	8	101	0
OG0000022	AT3G59190	136	29	1	106	0	0.21323529411764705	0.007352941176470588	0.7794117647058824	0.0	136	29	1	106	0
OG0000022	AT3G59200	136	12	0	124	0	0.08823529411764706	0.0	0.9117647058823529	0.0	136	12	0	124	0
OG0000022	AT3G59210	136	1	0	135	0	0.007352941176470588	0.0	0.9926470588235294	0.0	136	1	0	135	0
OG0000022	AT3G59230	136	136	0	0	0	1.0	0.0	0.0	0.0	136	136	0	0	0
OG0000022	AT3G59240	135	135	0	0	0	1.0	0.0	0.0	0.0	135	135	0	0	0
OG0000022	AT3G59250	136	136	0	0	0	1.0	0.0	0.0	0.0	136	136	0	0	0
OG0000022	AT4G14096	136	7	11	118	0	0.051470588235294115	0.08088235294117647	0.8676470588235294	0.0	136	7	11	118	0
OG0000022	AT4G14103	130	33	0	97	0	0.25384615384615383	0.0	0.7461538461538462	0.0	130	33	0	97	0
OG0000024	AT1G10920	132	0	0	0	132	0.0	0.0	0.0	1.0	132	0	0	0	132
OG0000024	AT1G53350	136	5	40	91	0	0.03676470588235294	0.29411764705882354	0.6691176470588235	0.0	136	5	40	91	0
OG0000024	AT1G58390	127	127	0	0	0	1.0	0.0	0.0	0.0	127	127	0	0	0
OG0000024	AT1G58400	63	63	0	0	0	1.0	0.0	0.0	0.0	63	63	0	0	0
OG0000024	AT1G58410	71	71	0	0	0	1.0	0.0	0.0	0.0	71	71	0	0	0
OG0000024	AT1G58602	83	64	4	10	5	0.7710843373493976	0.04819277108433735	0.12048192771084337	0.060240963855421686	83	64	4	10	5
OG0000024	AT1G58807	137	100	7	30	0	0.7299270072992701	0.051094890510948905	0.21897810218978103	0.0	114	85	7	29	0
OG0000024	AT1G58848	218	123	4	5	86	0.5642201834862385	0.01834862385321101	0.022935779816513763	0.3944954128440367	127	103	4	5	72
OG0000024	AT1G59124	10	7	0	2	1	0.7	0.0	0.2	0.1	8	7	0	2	1
OG0000024	AT1G59218	141	132	4	5	0	0.9361702127659575	0.028368794326241134	0.03546099290780142	0.0	112	107	4	5	0
OG0000024	AT1G59620	136	126	0	10	0	0.9264705882352942	0.0	0.07352941176470588	0.0	136	126	0	10	0
OG0000024	AT1G59780	123	71	0	0	52	0.5772357723577236	0.0	0.0	0.42276422764227645	123	71	0	0	52
OG0000024	AT4G16095	136	69	0	67	0	0.5073529411764706	0.0	0.49264705882352944	0.0	136	69	0	67	0
OG0000024	AT5G35450	120	48	14	58	0	0.4	0.11666666666666667	0.48333333333333334	0.0	119	47	14	58	0
OG0000024	AT5G43470	196	196	0	0	0	1.0	0.0	0.0	0.0	136	136	0	0	0
OG0000024	AT5G48620	304	221	1	82	0	0.7269736842105263	0.003289473684210526	0.26973684210526316	0.0	136	136	1	82	0
OG0000027	AT1G28430	135	135	0	0	0	1.0	0.0	0.0	0.0	135	135	0	0	0
OG0000027	AT2G05180	135	25	24	86	0	0.18518518518518517	0.17777777777777778	0.6370370370370371	0.0	135	25	24	86	0
OG0000027	AT2G14100	40	40	0	0	0	1.0	0.0	0.0	0.0	40	40	0	0	0
OG0000027	AT2G27000	79	1	0	78	0	0.012658227848101266	0.0	0.9873417721518988	0.0	79	1	0	78	0
OG0000027	AT2G27010	116	116	0	0	0	1.0	0.0	0.0	0.0	116	116	0	0	0
OG0000027	AT3G20080	135	3	4	128	0	0.022222222222222223	0.02962962962962963	0.9481481481481482	0.0	135	3	4	128	0
OG0000027	AT3G20090	136	13	0	123	0	0.09558823529411764	0.0	0.9044117647058824	0.0	136	13	0	123	0
OG0000027	AT3G20100	136	1	35	100	0	0.007352941176470588	0.25735294117647056	0.7352941176470589	0.0	136	1	35	100	0
OG0000027	AT3G20110	136	9	2	125	0	0.0661764705882353	0.014705882352941176	0.9191176470588235	0.0	136	9	2	125	0
OG0000027	AT3G20120	134	9	8	117	0	0.06716417910447761	0.05970149253731343	0.8731343283582089	0.0	134	9	8	117	0
OG0000027	AT3G20130	132	13	0	119	0	0.09848484848484848	0.0	0.9015151515151515	0.0	132	13	0	119	0
OG0000027	AT3G20140	132	2	0	130	0	0.015151515151515152	0.0	0.9848484848484849	0.0	132	2	0	130	0
OG0000027	AT3G20935	136	1	3	129	3	0.007352941176470588	0.022058823529411766	0.9485294117647058	0.022058823529411766	136	1	3	129	3
OG0000027	AT3G20940	265	64	83	118	0	0.24150943396226415	0.3132075471698113	0.44528301886792454	0.0	136	61	83	118	0
OG0000027	AT3G20950	184	6	38	113	27	0.03260869565217391	0.20652173913043478	0.6141304347826086	0.14673913043478262	136	6	36	113	27
OG0000027	AT3G20960	136	5	25	106	0	0.03676470588235294	0.18382352941176472	0.7794117647058824	0.0	136	5	25	106	0
OG0000027	AT3G32047	40	2	0	38	0	0.05	0.0	0.95	0.0	40	2	0	38	0
OG0000027	AT4G15330	135	135	0	0	0	1.0	0.0	0.0	0.0	135	135	0	0	0
OG0000027	AT4G15350	132	12	0	120	0	0.09090909090909091	0.0	0.9090909090909091	0.0	132	12	0	120	0
OG0000027	AT4G15360	133	133	0	0	0	1.0	0.0	0.0	0.0	133	133	0	0	0
OG0000027	AT4G15380	135	3	0	132	0	0.022222222222222223	0.0	0.9777777777777777	0.0	135	3	0	132	0
OG0000027	AT5G42580	136	136	0	0	0	1.0	0.0	0.0	0.0	136	136	0	0	0
OG0000027	AT5G47990	128	1	3	124	0	0.0078125	0.0234375	0.96875	0.0	128	1	3	124	0
OG0000029	AT1G30920	134	31	0	103	0	0.23134328358208955	0.0	0.7686567164179104	0.0	134	31	0	103	0
OG0000029	AT1G30930	131	131	0	0	0	1.0	0.0	0.0	0.0	131	131	0	0	0
OG0000029	AT1G31080	115	44	3	68	0	0.3826086956521739	0.02608695652173913	0.591304347826087	0.0	115	44	3	68	0
OG0000029	AT1G31090	117	43	0	74	0	0.36752136752136755	0.0	0.6324786324786325	0.0	117	43	0	74	0
OG0000029	AT1G67130	128	128	0	0	0	1.0	0.0	0.0	0.0	128	128	0	0	0
OG0000029	AT3G56890	134	4	0	130	0	0.029850746268656716	0.0	0.9701492537313433	0.0	134	4	0	130	0
OG0000029	AT3G57580	134	10	31	93	0	0.07462686567164178	0.23134328358208955	0.6940298507462687	0.0	134	10	31	93	0
OG0000029	AT3G57590	136	0	0	136	0	0.0	0.0	1.0	0.0	136	0	0	136	0
OG0000029	AT5G38810	136	110	0	25	1	0.8088235294117647	0.0	0.18382352941176472	0.007352941176470588	136	110	0	25	1
OG0000029	AT5G42430	135	28	2	105	0	0.2074074074074074	0.014814814814814815	0.7777777777777778	0.0	135	28	2	105	0
OG0000030	AT1G33540	133	133	0	0	0	1.0	0.0	0.0	0.0	133	133	0	0	0
OG0000030	AT1G73270	136	136	0	0	0	1.0	0.0	0.0	0.0	136	136	0	0	0
OG0000030	AT1G73280	263	263	0	0	0	1.0	0.0	0.0	0.0	135	135	0	0	0
OG0000030	AT1G73290	136	136	0	0	0	1.0	0.0	0.0	0.0	136	136	0	0	0
OG0000030	AT1G73300	136	136	0	0	0	1.0	0.0	0.0	0.0	136	136	0	0	0
OG0000030	AT1G73310	262	262	0	0	0	1.0	0.0	0.0	0.0	136	136	0	0	0
OG0000030	AT2G22920	136	5	15	116	0	0.03676470588235294	0.11029411764705882	0.8529411764705882	0.0	136	5	15	116	0
OG0000030	AT2G22970	137	3	26	108	0	0.021897810218978103	0.1897810218978102	0.7883211678832117	0.0	136	3	26	108	0
OG0000030	AT2G22980	136	5	0	131	0	0.03676470588235294	0.0	0.9632352941176471	0.0	136	5	0	131	0
OG0000030	AT2G22990	136	2	0	134	0	0.014705882352941176	0.0	0.9852941176470589	0.0	136	2	0	134	0
OG0000030	AT2G23000	136	1	0	135	0	0.007352941176470588	0.0	0.9926470588235294	0.0	136	1	0	135	0
OG0000030	AT2G23010	136	0	0	136	0	0.0	0.0	1.0	0.0	136	0	0	136	0
OG0000030	AT3G10450	136	1	0	135	0	0.007352941176470588	0.0	0.9926470588235294	0.0	136	1	0	135	0
OG0000030	AT3G12203	136	136	0	0	0	1.0	0.0	0.0	0.0	136	136	0	0	0
OG0000030	AT3G12220	207	207	0	0	0	1.0	0.0	0.0	0.0	136	136	0	0	0
OG0000030	AT3G12230	135	135	0	0	0	1.0	0.0	0.0	0.0	135	135	0	0	0
OG0000030	AT3G12240	136	136	0	0	0	1.0	0.0	0.0	0.0	136	136	0	0	0
OG0000030	AT5G36180	272	48	2	126	96	0.17647058823529413	0.007352941176470588	0.4632352941176471	0.35294117647058826	136	46	2	126	96
OG0000038	AT2G22440	136	49	11	76	0	0.3602941176470588	0.08088235294117647	0.5588235294117647	0.0	136	49	11	76	0
OG0000039	AT3G46650	136	75	10	51	0	0.5514705882352942	0.07352941176470588	0.375	0.0	136	75	10	51	0
OG0000039	AT3G46660	136	136	0	0	0	1.0	0.0	0.0	0.0	136	136	0	0	0
OG0000039	AT3G46670	136	136	0	0	0	1.0	0.0	0.0	0.0	136	136	0	0	0
OG0000039	AT3G46680	136	136	0	0	0	1.0	0.0	0.0	0.0	136	136	0	0	0
OG0000039	AT3G46690	136	136	0	0	0	1.0	0.0	0.0	0.0	136	136	0	0	0
OG0000039	AT3G46700	135	135	0	0	0	1.0	0.0	0.0	0.0	135	135	0	0	0
OG0000039	AT3G46720	136	136	0	0	0	1.0	0.0	0.0	0.0	136	136	0	0	0
OG0000039	AT5G37950	16	11	0	5	0	0.6875	0.0	0.3125	0.0	16	11	0	5	0
OG0000039	AT5G38010	136	1	0	135	0	0.007352941176470588	0.0	0.9926470588235294	0.0	136	1	0	135	0
OG0000039	AT5G38040	136	12	0	124	0	0.08823529411764706	0.0	0.9117647058823529	0.0	136	12	0	124	0
OG0000039	AT5G59580	136	136	0	0	0	1.0	0.0	0.0	0.0	136	136	0	0	0
OG0000039	AT5G59590	137	137	0	0	0	1.0	0.0	0.0	0.0	136	136	0	0	0
OG0000040	AT3G43170	128	0	0	0	128	0.0	0.0	0.0	1.0	128	0	0	0	128
OG0000040	AT3G43970	62	0	0	0	62	0.0	0.0	0.0	1.0	62	0	0	0	62
OG0000040	AT5G52930	136	41	0	95	0	0.3014705882352941	0.0	0.6985294117647058	0.0	136	41	0	95	0
OG0000040	AT5G52940	136	58	0	78	0	0.4264705882352941	0.0	0.5735294117647058	0.0	136	58	0	78	0
OG0000040	AT5G53230	136	8	0	128	0	0.058823529411764705	0.0	0.9411764705882353	0.0	136	8	0	128	0
OG0000040	AT5G54320	135	135	0	0	0	1.0	0.0	0.0	0.0	135	135	0	0	0
OG0000040	AT5G54330	136	5	0	131	0	0.03676470588235294	0.0	0.9632352941176471	0.0	136	5	0	131	0
OG0000040	AT5G54420	136	0	0	136	0	0.0	0.0	1.0	0.0	136	0	0	136	0
OG0000040	AT5G54450	136	44	10	82	0	0.3235294117647059	0.07352941176470588	0.6029411764705882	0.0	136	44	10	82	0
OG0000040	AT5G54550	136	3	30	103	0	0.022058823529411766	0.22058823529411764	0.7573529411764706	0.0	136	3	30	103	0
OG0000040	AT5G54560	136	13	1	122	0	0.09558823529411764	0.007352941176470588	0.8970588235294118	0.0	136	13	1	122	0
OG0000040	AT5G55270	136	7	0	129	0	0.051470588235294115	0.0	0.9485294117647058	0.0	136	7	0	129	0
OG0000040	AT5G55870	272	0	0	0	272	0.0	0.0	0.0	1.0	136	0	0	0	136
OG0000040	AT5G55880	136	136	0	0	0	1.0	0.0	0.0	0.0	136	136	0	0	0
OG0000040	AT5G55890	109	109	0	0	0	1.0	0.0	0.0	0.0	109	109	0	0	0
OG0000042	AT1G66610	77	77	0	0	0	1.0	0.0	0.0	0.0	77	77	0	0	0
OG0000042	AT1G66620	136	1	135	0	0	0.007352941176470588	0.9926470588235294	0.0	0.0	136	1	135	0	0
OG0000042	AT1G66630	136	12	124	0	0	0.08823529411764706	0.9117647058823529	0.0	0.0	136	12	124	0	0
OG0000042	AT1G66650	136	136	0	0	0	1.0	0.0	0.0	0.0	136	136	0	0	0
OG0000042	AT5G37870	132	24	1	107	0	0.18181818181818182	0.007575757575757576	0.8106060606060606	0.0	132	24	1	107	0
OG0000042	AT5G37890	131	26	105	0	0	0.1984732824427481	0.8015267175572519	0.0	0.0	131	26	105	0	0
OG0000042	AT5G37900	122	81	0	41	0	0.6639344262295082	0.0	0.3360655737704918	0.0	122	81	0	41	0
OG0000042	AT5G37910	135	9	0	126	0	0.06666666666666667	0.0	0.9333333333333333	0.0	135	9	0	126	0
OG0000042	AT5G37930	136	136	0	0	0	1.0	0.0	0.0	0.0	136	136	0	0	0
OG0000042	AT5G62800	136	2	0	134	0	0.014705882352941176	0.0	0.9852941176470589	0.0	136	2	0	134	0
OG0000045	AT5G27606	112	0	0	0	112	0.0	0.0	0.0	1.0	112	0	0	0	112
OG0000046	AT1G56380	136	14	7	115	0	0.10294117647058823	0.051470588235294115	0.8455882352941176	0.0	136	14	7	115	0
OG0000046	AT1G61960	136	0	23	113	0	0.0	0.16911764705882354	0.8308823529411765	0.0	136	0	23	113	0
OG0000046	AT1G61970	136	1	0	135	0	0.007352941176470588	0.0	0.9926470588235294	0.0	136	1	0	135	0
OG0000046	AT1G61980	136	0	4	132	0	0.0	0.029411764705882353	0.9705882352941176	0.0	136	0	4	132	0
OG0000046	AT1G61990	136	25	0	111	0	0.18382352941176472	0.0	0.8161764705882353	0.0	136	25	0	111	0
OG0000046	AT1G62085	136	0	0	136	0	0.0	0.0	1.0	0.0	136	0	0	136	0
OG0000046	AT1G62110	136	0	0	136	0	0.0	0.0	1.0	0.0	136	0	0	136	0
OG0000046	AT1G62120	136	3	0	133	0	0.022058823529411766	0.0	0.9779411764705882	0.0	136	3	0	133	0
OG0000046	AT1G62490	135	39	0	96	0	0.28888888888888886	0.0	0.7111111111111111	0.0	135	39	0	96	0
OG0000046	AT3G46950	136	1	0	135	0	0.007352941176470588	0.0	0.9926470588235294	0.0	136	1	0	135	0
OG0000046	AT5G23930	136	60	0	76	0	0.4411764705882353	0.0	0.5588235294117647	0.0	136	60	0	76	0
OG0000047	AT3G47090	133	133	0	0	0	1.0	0.0	0.0	0.0	133	133	0	0	0
OG0000047	AT3G47110	136	136	0	0	0	1.0	0.0	0.0	0.0	136	136	0	0	0
OG0000047	AT3G47570	136	3	1	132	0	0.022058823529411766	0.007352941176470588	0.9705882352941176	0.0	136	3	1	132	0
OG0000047	AT3G47580	62	7	8	47	0	0.11290322580645161	0.12903225806451613	0.7580645161290323	0.0	62	7	8	47	0
OG0000047	AT5G20480	136	2	30	104	0	0.014705882352941176	0.22058823529411764	0.7647058823529411	0.0	136	2	30	104	0
OG0000047	AT5G39390	58	58	0	0	0	1.0	0.0	0.0	0.0	58	58	0	0	0
OG0000049	AT3G46840	136	7	6	123	0	0.051470588235294115	0.04411764705882353	0.9044117647058824	0.0	136	7	6	123	0
OG0000049	AT3G46850	134	8	3	123	0	0.05970149253731343	0.022388059701492536	0.917910447761194	0.0	134	8	3	123	0
OG0000049	AT5G58820	134	1	0	133	0	0.007462686567164179	0.0	0.9925373134328358	0.0	134	1	0	133	0
OG0000049	AT5G58830	136	5	2	129	0	0.03676470588235294	0.014705882352941176	0.9485294117647058	0.0	136	5	2	129	0
OG0000049	AT5G58840	136	76	0	60	0	0.5588235294117647	0.0	0.4411764705882353	0.0	136	76	0	60	0
OG0000049	AT5G59090	136	136	0	0	0	1.0	0.0	0.0	0.0	136	136	0	0	0
OG0000049	AT5G59100	136	136	0	0	0	1.0	0.0	0.0	0.0	136	136	0	0	0
OG0000049	AT5G59110	136	5	0	131	0	0.03676470588235294	0.0	0.9632352941176471	0.0	136	5	0	131	0
OG0000049	AT5G59120	136	136	0	0	0	1.0	0.0	0.0	0.0	136	136	0	0	0
OG0000049	AT5G59130	136	136	0	0	0	1.0	0.0	0.0	0.0	136	136	0	0	0
OG0000054	AT1G56510	102	42	2	58	0	0.4117647058823529	0.0196078431372549	0.5686274509803921	0.0	102	42	2	58	0
OG0000054	AT1G56520	106	106	0	0	0	1.0	0.0	0.0	0.0	103	103	0	0	0
OG0000054	AT1G56540	128	21	0	107	0	0.1640625	0.0	0.8359375	0.0	128	21	0	107	0
OG0000054	AT1G63730	136	6	0	130	0	0.04411764705882353	0.0	0.9558823529411765	0.0	136	6	0	130	0
OG0000054	AT1G63740	138	9	0	129	0	0.06521739130434782	0.0	0.9347826086956522	0.0	136	9	0	129	0
OG0000054	AT1G63750	135	11	1	123	0	0.08148148148148149	0.007407407407407408	0.9111111111111111	0.0	135	11	1	123	0
OG0000054	AT1G63860	89	89	0	0	0	1.0	0.0	0.0	0.0	89	89	0	0	0
OG0000054	AT1G63870	98	96	0	0	2	0.9795918367346939	0.0	0.0	0.02040816326530612	98	96	0	0	2
OG0000054	AT1G63880	94	94	0	0	0	1.0	0.0	0.0	0.0	94	94	0	0	0
OG0000054	AT1G64070	111	21	0	90	0	0.1891891891891892	0.0	0.8108108108108109	0.0	111	21	0	90	0
OG0000054	AT2G16870	135	135	0	0	0	1.0	0.0	0.0	0.0	135	135	0	0	0
OG0000054	AT4G14370	136	136	0	0	0	1.0	0.0	0.0	0.0	136	136	0	0	0
OG0000054	AT5G35510	135	0	0	0	135	0.0	0.0	0.0	1.0	135	0	0	0	135
OG0000054	AT5G38850	136	112	0	24	0	0.8235294117647058	0.0	0.17647058823529413	0.0	136	112	0	24	0
OG0000054	AT5G58120	136	47	0	89	0	0.34558823529411764	0.0	0.6544117647058824	0.0	136	47	0	89	0
OG0000060	AT1G37020	136	0	0	0	136	0.0	0.0	0.0	1.0	136	0	0	0	136
OG0000060	AT1G42525	136	38	0	98	0	0.27941176470588236	0.0	0.7205882352941176	0.0	136	38	0	98	0
OG0000060	AT2G10260	132	0	0	0	132	0.0	0.0	0.0	1.0	132	0	0	0	132
OG0000060	AT3G30305	17	3	0	14	0	0.17647058823529413	0.0	0.8235294117647058	0.0	17	3	0	14	0
OG0000060	AT3G31910	45	45	0	0	0	1.0	0.0	0.0	0.0	45	45	0	0	0
OG0000060	AT4G08430	137	0	0	0	137	0.0	0.0	0.0	1.0	136	0	0	0	136
OG0000060	AT5G28235	274	274	0	0	0	1.0	0.0	0.0	0.0	136	136	0	0	0
OG0000060	AT5G28810	407	0	0	0	407	0.0	0.0	0.0	1.0	136	0	0	0	136
OG0000060	AT5G45570	544	494	3	47	0	0.9080882352941176	0.0055147058823529415	0.08639705882352941	0.0	136	136	3	45	0
OG0000065	AT1G31540	136	136	0	0	0	1.0	0.0	0.0	0.0	136	136	0	0	0
OG0000065	AT5G22690	136	13	3	120	0	0.09558823529411764	0.022058823529411766	0.8823529411764706	0.0	136	13	3	120	0
OG0000065	AT5G40060	136	13	1	122	0	0.09558823529411764	0.007352941176470588	0.8970588235294118	0.0	136	13	1	122	0
OG0000065	AT5G46260	138	138	0	0	0	1.0	0.0	0.0	0.0	136	136	0	0	0
OG0000065	AT5G46270	178	178	0	0	0	1.0	0.0	0.0	0.0	133	133	0	0	0
OG0000065	AT5G46450	136	9	7	120	0	0.0661764705882353	0.051470588235294115	0.8823529411764706	0.0	136	9	7	120	0
OG0000065	AT5G46470	132	6	0	126	0	0.045454545454545456	0.0	0.9545454545454546	0.0	132	6	0	126	0
OG0000065	AT5G46490	101	90	0	11	0	0.8910891089108911	0.0	0.10891089108910891	0.0	82	73	0	11	0
OG0000065	AT5G46500	116	83	6	27	0	0.7155172413793104	0.05172413793103448	0.23275862068965517	0.0	108	77	6	27	0
OG0000065	AT5G46510	84	70	1	13	0	0.8333333333333334	0.011904761904761904	0.15476190476190477	0.0	75	68	1	13	0
OG0000065	AT5G46520	139	102	8	29	0	0.7338129496402878	0.05755395683453238	0.20863309352517986	0.0	127	96	8	29	0
OG0000074	AT2G24205	136	3	0	133	0	0.022058823529411766	0.0	0.9779411764705882	0.0	136	3	0	133	0
OG0000074	AT3G42565	135	2	0	133	0	0.014814814814814815	0.0	0.9851851851851852	0.0	135	2	0	133	0
OG0000074	AT4G09545	136	11	3	122	0	0.08088235294117647	0.022058823529411766	0.8970588235294118	0.0	136	11	3	122	0
OG0000074	AT5G36310	223	22	2	193	6	0.09865470852017937	0.008968609865470852	0.8654708520179372	0.026905829596412557	136	22	2	124	6
OG0000074	AT5G36320	137	6	20	111	0	0.043795620437956206	0.145985401459854	0.8102189781021898	0.0	135	6	20	109	0
OG0000074	AT5G36330	542	110	0	432	0	0.2029520295202952	0.0	0.7970479704797048	0.0	136	86	0	134	0
OG0000074	AT5G36340	262	7	0	255	0	0.026717557251908396	0.0	0.9732824427480916	0.0	134	6	0	133	0
OG0000074	AT5G36350	809	138	4	667	0	0.17058096415327564	0.004944375772558714	0.8244746600741656	0.0	136	83	2	135	0
OG0000074	AT5G36360	269	11	2	256	0	0.040892193308550186	0.007434944237918215	0.9516728624535316	0.0	133	10	2	131	0
OG0000074	AT5G36370	133	4	2	127	0	0.03007518796992481	0.015037593984962405	0.9548872180451128	0.0	133	4	2	127	0
OG0000074	AT5G36380	136	1	2	131	2	0.007352941176470588	0.014705882352941176	0.9632352941176471	0.014705882352941176	133	1	2	128	2
OG0000074	AT5G36390	132	2	2	128	0	0.015151515151515152	0.015151515151515152	0.9696969696969697	0.0	132	2	2	128	0
OG0000074	AT5G36400	135	4	2	129	0	0.02962962962962963	0.014814814814814815	0.9555555555555556	0.0	132	4	2	126	0
OG0000074	AT5G36410	124	0	1	123	0	0.0	0.008064516129032258	0.9919354838709677	0.0	124	0	1	123	0
OG0000074	AT5G36420	113	5	2	106	0	0.04424778761061947	0.017699115044247787	0.9380530973451328	0.0	113	5	2	106	0
OG0000074	AT5G36430	107	4	5	98	0	0.037383177570093455	0.04672897196261682	0.9158878504672897	0.0	107	4	5	98	0
OG0000074	AT5G36440	98	9	2	87	0	0.09183673469387756	0.02040816326530612	0.8877551020408163	0.0	95	9	2	84	0
OG0000074	AT5G36450	2024	311	7	1706	0	0.15365612648221344	0.003458498023715415	0.8428853754940712	0.0	136	115	5	136	0
OG0000074	AT5G36460	170	7	2	161	0	0.041176470588235294	0.011764705882352941	0.9470588235294117	0.0	88	7	2	88	0
OG0000074	AT5G36470	166	13	1	152	0	0.0783132530120482	0.006024096385542169	0.9156626506024096	0.0	86	12	1	85	0
OG0000074	AT5G36480	126	4	0	122	0	0.031746031746031744	0.0	0.9682539682539683	0.0	71	4	0	70	0
OG0000074	AT5G36490	57	1	0	56	0	0.017543859649122806	0.0	0.9824561403508771	0.0	55	1	0	54	0
OG0000074	AT5G36500	42	0	1	41	0	0.0	0.023809523809523808	0.9761904761904762	0.0	42	0	1	41	0
OG0000074	AT5G36520	25	1	1	23	0	0.04	0.04	0.92	0.0	25	1	1	23	0
OG0000074	AT5G36540	25	0	3	22	0	0.0	0.12	0.88	0.0	25	0	3	22	0
OG0000074	AT5G36550	19	0	1	18	0	0.0	0.05263157894736842	0.9473684210526315	0.0	19	0	1	18	0
OG0000074	AT5G36657	2455	92	81	2281	1	0.03747454175152749	0.0329938900203666	0.9291242362525458	0.0004073319755600815	136	57	44	136	1
OG0000074	AT5G36658	65	6	0	59	0	0.09230769230769231	0.0	0.9076923076923077	0.0	33	6	0	27	0
OG0000074	AT5G36659	2476	826	1647	1	2	0.33360258481421645	0.6651857835218093	0.0004038772213247173	0.0008077544426494346	136	134	133	1	2
OG0000074	AT5G36661	18	2	0	16	0	0.1111111111111111	0.0	0.8888888888888888	0.0	9	2	0	9	0
OG0000074	AT5G36662	9	0	4	5	0	0.0	0.4444444444444444	0.5555555555555556	0.0	9	0	4	5	0
OG0000074	AT5G36738	7	0	2	5	0	0.0	0.2857142857142857	0.7142857142857143	0.0	7	0	2	5	0
OG0000074	AT5G36739	4	0	0	4	0	0.0	0.0	1.0	0.0	4	0	0	4	0
OG0000074	AT5G42895	148	16	7	125	0	0.10810810810810811	0.0472972972972973	0.8445945945945946	0.0	136	16	7	125	0
OG0000074	AT5G44495	100	100	0	0	0	1.0	0.0	0.0	0.0	100	100	0	0	0
OG0000075	AT1G36925	132	129	0	3	0	0.9772727272727273	0.0	0.022727272727272728	0.0	132	129	0	3	0
OG0000077	AT1G49100	136	136	0	0	0	1.0	0.0	0.0	0.0	136	136	0	0	0
OG0000077	AT1G51805	136	136	0	0	0	1.0	0.0	0.0	0.0	136	136	0	0	0
OG0000077	AT1G51810	136	136	0	0	0	1.0	0.0	0.0	0.0	136	136	0	0	0
OG0000077	AT1G51820	136	86	0	0	50	0.6323529411764706	0.0	0.0	0.36764705882352944	136	86	0	0	50
OG0000077	AT1G51830	136	136	0	0	0	1.0	0.0	0.0	0.0	136	136	0	0	0
OG0000077	AT1G51850	137	137	0	0	0	1.0	0.0	0.0	0.0	136	136	0	0	0
OG0000077	AT2G04300	136	8	18	110	0	0.058823529411764705	0.1323529411764706	0.8088235294117647	0.0	136	8	18	110	0
OG0000077	AT2G29000	34	34	0	0	0	1.0	0.0	0.0	0.0	34	34	0	0	0
OG0000077	AT3G21340	136	136	0	0	0	1.0	0.0	0.0	0.0	136	136	0	0	0
OG0000077	AT3G46330	136	136	0	0	0	1.0	0.0	0.0	0.0	136	136	0	0	0
OG0000077	AT3G46340	102	53	1	48	0	0.5196078431372549	0.00980392156862745	0.47058823529411764	0.0	102	53	1	48	0
OG0000077	AT3G46370	37	0	0	37	0	0.0	0.0	1.0	0.0	37	0	0	37	0
OG0000077	AT3G46400	37	4	1	32	0	0.10810810810810811	0.02702702702702703	0.8648648648648649	0.0	37	4	1	32	0
OG0000077	AT3G46420	136	5	0	131	0	0.03676470588235294	0.0	0.9632352941176471	0.0	136	5	0	131	0
OG0000077	AT5G16900	136	7	0	129	0	0.051470588235294115	0.0	0.9485294117647058	0.0	136	7	0	129	0
OG0000077	AT5G59670	69	31	1	37	0	0.4492753623188406	0.014492753623188406	0.5362318840579711	0.0	69	31	1	37	0
OG0000083	AT1G43680	136	29	0	107	0	0.21323529411764705	0.0	0.7867647058823529	0.0	136	29	0	107	0
OG0000083	AT2G02103	95	53	0	42	0	0.5578947368421052	0.0	0.4421052631578947	0.0	95	53	0	42	0
OG0000083	AT2G13450	132	132	0	0	0	1.0	0.0	0.0	0.0	132	132	0	0	0
OG0000083	AT2G13500	135	69	0	66	0	0.5111111111111111	0.0	0.4888888888888889	0.0	135	69	0	66	0
OG0000083	AT2G13510	135	19	3	113	0	0.14074074074074075	0.022222222222222223	0.837037037037037	0.0	135	19	3	113	0
OG0000083	AT2G16676	116	53	2	61	0	0.45689655172413796	0.017241379310344827	0.5258620689655172	0.0	116	53	2	61	0
OG0000083	AT2G17905	37	29	0	8	0	0.7837837837837838	0.0	0.21621621621621623	0.0	37	29	0	8	0
OG0000083	AT2G17920	41	34	0	7	0	0.8292682926829268	0.0	0.17073170731707318	0.0	41	34	0	7	0
OG0000083	AT2G31590	135	0	0	0	135	0.0	0.0	0.0	1.0	135	0	0	0	135
OG0000083	AT2G41590	74	8	0	66	0	0.10810810810810811	0.0	0.8918918918918919	0.0	74	8	0	66	0
OG0000083	AT3G47920	95	20	0	75	0	0.21052631578947367	0.0	0.7894736842105263	0.0	95	20	0	75	0
OG0000083	AT3G57587	111	41	16	54	0	0.36936936936936937	0.14414414414414414	0.4864864864864865	0.0	111	41	16	54	0
OG0000083	AT4G02000	200	104	23	73	0	0.52	0.115	0.365	0.0	132	94	23	66	0
OG0000083	AT4G04730	263	263	0	0	0	1.0	0.0	0.0	0.0	135	135	0	0	0
OG0000083	AT5G18636	101	32	10	59	0	0.31683168316831684	0.09900990099009901	0.5841584158415841	0.0	80	29	10	55	0
OG0000083	AT5G25200	157	41	46	70	0	0.2611464968152866	0.2929936305732484	0.445859872611465	0.0	95	33	43	63	0
OG0000083	AT5G25600	120	120	0	0	0	1.0	0.0	0.0	0.0	120	120	0	0	0
OG0000083	AT5G35737	136	57	0	79	0	0.41911764705882354	0.0	0.5808823529411765	0.0	136	57	0	79	0
OG0000083	AT5G36228	85	50	0	35	0	0.5882352941176471	0.0	0.4117647058823529	0.0	85	50	0	35	0
OG0000083	AT5G51195	27	27	0	0	0	1.0	0.0	0.0	0.0	27	27	0	0	0
OG0000086	AT5G53670	136	11	4	121	0	0.08088235294117647	0.029411764705882353	0.8897058823529411	0.0	136	11	4	121	0
OG0000087	AT1G40087	103	103	0	0	0	1.0	0.0	0.0	0.0	103	103	0	0	0
OG0000087	AT1G42700	83	69	10	4	0	0.8313253012048193	0.12048192771084337	0.04819277108433735	0.0	83	69	10	4	0
OG0000087	AT3G30200	164	152	0	0	12	0.926829268292683	0.0	0.0	0.07317073170731707	103	101	0	0	12
OG0000087	AT5G28920	134	0	0	0	134	0.0	0.0	0.0	1.0	134	0	0	0	134
OG0000090	AT1G48800	136	19	1	116	0	0.13970588235294118	0.007352941176470588	0.8529411764705882	0.0	136	19	1	116	0
OG0000090	AT1G48820	127	66	3	57	1	0.5196850393700787	0.023622047244094488	0.44881889763779526	0.007874015748031496	127	66	3	57	1
OG0000090	AT1G66020	135	28	1	106	0	0.2074074074074074	0.007407407407407408	0.7851851851851852	0.0	135	28	1	106	0
OG0000090	AT1G70080	136	136	0	0	0	1.0	0.0	0.0	0.0	136	136	0	0	0
OG0000090	AT2G23230	136	117	0	19	0	0.8602941176470589	0.0	0.13970588235294118	0.0	136	117	0	19	0
OG0000090	AT3G29110	104	104	0	0	0	1.0	0.0	0.0	0.0	104	104	0	0	0
OG0000090	AT3G29190	136	136	0	0	0	1.0	0.0	0.0	0.0	136	136	0	0	0
OG0000090	AT4G13280	135	135	0	0	0	1.0	0.0	0.0	0.0	135	135	0	0	0
OG0000090	AT4G13300	195	195	0	0	0	1.0	0.0	0.0	0.0	115	115	0	0	0
OG0000090	AT4G15870	136	136	0	0	0	1.0	0.0	0.0	0.0	136	136	0	0	0
OG0000090	AT4G20200	136	136	0	0	0	1.0	0.0	0.0	0.0	136	136	0	0	0
OG0000090	AT4G20210	121	47	0	0	74	0.3884297520661157	0.0	0.0	0.6115702479338843	121	47	0	0	74
OG0000090	AT4G20230	106	106	0	0	0	1.0	0.0	0.0	0.0	106	106	0	0	0
OG0000090	AT5G44630	136	8	3	125	0	0.058823529411764705	0.022058823529411766	0.9191176470588235	0.0	136	8	3	125	0
OG0000090	AT5G48110	134	134	0	0	0	1.0	0.0	0.0	0.0	134	134	0	0	0
OG0000093	AT3G21940	133	31	0	102	0	0.23308270676691728	0.0	0.7669172932330827	0.0	133	31	0	102	0
OG0000093	AT3G21980	136	62	0	74	0	0.45588235294117646	0.0	0.5441176470588235	0.0	136	62	0	74	0
OG0000093	AT3G21990	136	2	2	132	0	0.014705882352941176	0.014705882352941176	0.9705882352941176	0.0	136	2	2	132	0
OG0000093	AT3G22000	123	22	0	101	0	0.17886178861788618	0.0	0.8211382113821138	0.0	123	22	0	101	0
OG0000093	AT3G22010	120	21	0	99	0	0.175	0.0	0.825	0.0	120	21	0	99	0
OG0000093	AT3G22020	120	28	0	92	0	0.23333333333333334	0.0	0.7666666666666667	0.0	120	28	0	92	0
OG0000093	AT3G22030	119	34	2	83	0	0.2857142857142857	0.01680672268907563	0.6974789915966386	0.0	119	34	2	83	0
OG0000093	AT3G22040	119	17	19	83	0	0.14285714285714285	0.15966386554621848	0.6974789915966386	0.0	119	17	19	83	0
OG0000093	AT3G22050	120	23	0	97	0	0.19166666666666668	0.0	0.8083333333333333	0.0	120	23	0	97	0
OG0000093	AT3G22053	136	52	0	84	0	0.38235294117647056	0.0	0.6176470588235294	0.0	136	52	0	84	0
OG0000093	AT4G20530	217	35	87	95	0	0.16129032258064516	0.4009216589861751	0.4377880184331797	0.0	135	23	87	65	0
OG0000093	AT4G20540	47	11	7	29	0	0.23404255319148937	0.14893617021276595	0.6170212765957447	0.0	47	11	7	29	0
OG0000093	AT4G20550	40	9	5	26	0	0.225	0.125	0.65	0.0	40	9	5	26	0
OG0000093	AT4G20560	35	6	5	24	0	0.17142857142857143	0.14285714285714285	0.6857142857142857	0.0	35	6	5	24	0
OG0000093	AT4G20570	30	3	3	24	0	0.1	0.1	0.8	0.0	30	3	3	24	0
OG0000093	AT4G20580	397	67	108	222	0	0.16876574307304787	0.27204030226700254	0.5591939546599496	0.0	136	24	108	65	0
OG0000093	AT4G20590	26	4	0	22	0	0.15384615384615385	0.0	0.8461538461538461	0.0	26	4	0	22	0
OG0000093	AT4G20600	26	3	0	23	0	0.11538461538461539	0.0	0.8846153846153846	0.0	26	3	0	23	0
OG0000093	AT4G20610	24	5	1	18	0	0.20833333333333334	0.041666666666666664	0.75	0.0	24	5	1	18	0
OG0000093	AT4G20620	23	4	4	15	0	0.17391304347826086	0.17391304347826086	0.6521739130434783	0.0	23	4	4	15	0
OG0000093	AT4G20630	19	2	0	17	0	0.10526315789473684	0.0	0.8947368421052632	0.0	19	2	0	17	0
OG0000093	AT4G20640	19	4	0	15	0	0.21052631578947367	0.0	0.7894736842105263	0.0	19	4	0	15	0
OG0000093	AT4G20645	183	28	0	155	0	0.15300546448087432	0.0	0.8469945355191257	0.0	27	9	0	25	0
OG0000093	AT4G20670	567	562	0	5	0	0.9911816578483245	0.0	0.008818342151675485	0.0	136	135	0	5	0
OG0000093	AT4G20680	159	36	0	123	0	0.22641509433962265	0.0	0.7735849056603774	0.0	123	32	0	104	0
OG0000095	AT1G18050	136	8	0	126	2	0.058823529411764705	0.0	0.9264705882352942	0.014705882352941176	136	8	0	126	2
OG0000095	AT3G30370	83	11	51	21	0	0.13253012048192772	0.6144578313253012	0.25301204819277107	0.0	83	11	51	21	0
OG0000096	AT1G29180	136	9	0	127	0	0.0661764705882353	0.0	0.9338235294117647	0.0	136	9	0	127	0
OG0000096	AT1G34480	135	69	15	51	0	0.5111111111111111	0.1111111111111111	0.37777777777777777	0.0	135	69	15	51	0
OG0000096	AT1G44020	135	43	9	83	0	0.31851851851851853	0.06666666666666667	0.6148148148148148	0.0	135	43	9	83	0
OG0000096	AT1G44030	173	128	1	44	0	0.7398843930635838	0.005780346820809248	0.2543352601156069	0.0	134	118	1	44	0
OG0000096	AT1G45243	136	37	31	68	0	0.27205882352941174	0.22794117647058823	0.5	0.0	136	37	31	68	0
OG0000096	AT1G62030	136	0	0	0	136	0.0	0.0	0.0	1.0	136	0	0	0	136
OG0000096	AT1G66440	136	22	0	114	0	0.16176470588235295	0.0	0.8382352941176471	0.0	136	22	0	114	0
OG0000096	AT1G66450	136	25	0	111	0	0.18382352941176472	0.0	0.8161764705882353	0.0	136	25	0	111	0
OG0000096	AT2G28460	136	4	1	131	0	0.029411764705882353	0.007352941176470588	0.9632352941176471	0.0	136	4	1	131	0
OG0000096	AT3G21210	136	136	0	0	0	1.0	0.0	0.0	0.0	136	136	0	0	0
OG0000096	AT3G26240	134	110	1	23	0	0.8208955223880597	0.007462686567164179	0.17164179104477612	0.0	134	110	1	23	0
OG0000096	AT3G26250	206	206	0	0	0	1.0	0.0	0.0	0.0	136	136	0	0	0
OG0000096	AT3G50010	136	28	3	105	0	0.20588235294117646	0.022058823529411766	0.7720588235294118	0.0	136	28	3	105	0
OG0000096	AT4G02540	10	0	0	10	0	0.0	0.0	1.0	0.0	10	0	0	10	0
OG0000096	AT4G10560	136	32	1	103	0	0.23529411764705882	0.007352941176470588	0.7573529411764706	0.0	136	32	1	103	0
OG0000096	AT4G13130	136	39	1	96	0	0.2867647058823529	0.007352941176470588	0.7058823529411765	0.0	136	39	1	96	0
OG0000096	AT4G15070	136	122	0	14	0	0.8970588235294118	0.0	0.10294117647058823	0.0	136	122	0	14	0
OG0000096	AT4G26380	135	15	1	119	0	0.1111111111111111	0.007407407407407408	0.8814814814814815	0.0	135	15	1	119	0
OG0000096	AT5G03355	93	85	0	8	0	0.9139784946236559	0.0	0.08602150537634409	0.0	93	85	0	8	0
OG0000096	AT5G03360	136	0	3	133	0	0.0	0.022058823529411766	0.9779411764705882	0.0	136	0	3	133	0
OG0000096	AT5G37210	135	133	1	1	0	0.9851851851851852	0.007407407407407408	0.007407407407407408	0.0	135	133	1	1	0
OG0000096	AT5G48320	239	172	1	66	0	0.7196652719665272	0.0041841004184100415	0.27615062761506276	0.0	136	136	1	66	0
OG0000100	AT1G31960	135	47	0	88	0	0.34814814814814815	0.0	0.6518518518518519	0.0	135	47	0	88	0
OG0000100	AT2G11462	133	4	1	128	0	0.03007518796992481	0.007518796992481203	0.9624060150375939	0.0	133	4	1	128	0
OG0000103	AT1G03660	136	0	0	136	0	0.0	0.0	1.0	0.0	136	0	0	136	0
OG0000103	AT1G03670	136	136	0	0	0	1.0	0.0	0.0	0.0	136	136	0	0	0
OG0000103	AT4G03440	130	130	0	0	0	1.0	0.0	0.0	0.0	130	130	0	0	0
OG0000103	AT4G03450	135	135	0	0	0	1.0	0.0	0.0	0.0	135	135	0	0	0
OG0000103	AT4G03460	136	136	0	0	0	1.0	0.0	0.0	0.0	136	136	0	0	0
OG0000103	AT4G03470	82	82	0	0	0	1.0	0.0	0.0	0.0	82	82	0	0	0
OG0000103	AT4G03480	86	86	0	0	0	1.0	0.0	0.0	0.0	86	86	0	0	0
OG0000103	AT4G03490	84	84	0	0	0	1.0	0.0	0.0	0.0	84	84	0	0	0
OG0000103	AT4G03495	84	0	0	0	84	0.0	0.0	0.0	1.0	84	0	0	0	84
OG0000103	AT4G03500	85	57	3	25	0	0.6705882352941176	0.03529411764705882	0.29411764705882354	0.0	85	57	3	25	0
OG0000103	AT4G03505	97	14	0	83	0	0.14432989690721648	0.0	0.8556701030927835	0.0	97	14	0	83	0
OG0000103	AT4G05040	111	102	0	9	0	0.918918918918919	0.0	0.08108108108108109	0.0	111	102	0	9	0
OG0000103	AT4G14390	64	6	0	58	0	0.09375	0.0	0.90625	0.0	64	6	0	58	0
OG0000103	AT4G14400	93	7	0	86	0	0.07526881720430108	0.0	0.9247311827956989	0.0	93	7	0	86	0
OG0000106	AT1G55060	135	3	7	125	0	0.022222222222222223	0.05185185185185185	0.9259259259259259	0.0	135	3	7	125	0
OG0000106	AT1G65350	19	6	0	0	13	0.3157894736842105	0.0	0.0	0.6842105263157895	19	6	0	0	13
OG0000106	AT4G02890	136	3	0	133	0	0.022058823529411766	0.0	0.9779411764705882	0.0	136	3	0	133	0
OG0000106	AT4G05050	156	43	4	109	0	0.27564102564102566	0.02564102564102564	0.6987179487179487	0.0	113	43	4	109	0
OG0000106	AT4G05320	189	5	91	93	0	0.026455026455026454	0.48148148148148145	0.49206349206349204	0.0	136	5	74	80	0
OG0000106	AT5G03240	136	0	1	135	0	0.0	0.007352941176470588	0.9926470588235294	0.0	136	0	1	135	0
OG0000106	AT5G20620	136	0	0	136	0	0.0	0.0	1.0	0.0	136	0	0	136	0
OG0000106	AT5G37640	136	19	0	117	0	0.13970588235294118	0.0	0.8602941176470589	0.0	136	19	0	117	0
OG0000107	AT1G27540	136	15	11	110	0	0.11029411764705882	0.08088235294117647	0.8088235294117647	0.0	136	15	11	110	0
OG0000107	AT1G27550	123	123	0	0	0	1.0	0.0	0.0	0.0	123	123	0	0	0
OG0000107	AT1G27580	266	87	24	155	0	0.32706766917293234	0.09022556390977443	0.5827067669172933	0.0	136	81	24	129	0
OG0000107	AT2G14290	131	6	7	118	0	0.04580152671755725	0.05343511450381679	0.9007633587786259	0.0	131	6	7	118	0
OG0000107	AT2G14500	98	19	11	68	0	0.19387755102040816	0.11224489795918367	0.6938775510204082	0.0	98	19	11	68	0
OG0000107	AT2G24080	136	136	0	0	0	1.0	0.0	0.0	0.0	136	136	0	0	0
OG0000107	AT5G25290	136	2	34	100	0	0.014705882352941176	0.25	0.7352941176470589	0.0	136	2	34	100	0
OG0000107	AT5G25300	136	28	0	108	0	0.20588235294117646	0.0	0.7941176470588235	0.0	136	28	0	108	0
OG0000118	AT1G04625	129	0	0	0	129	0.0	0.0	0.0	1.0	129	0	0	0	129
OG0000118	AT1G27870	136	136	0	0	0	1.0	0.0	0.0	0.0	136	136	0	0	0
OG0000118	AT1G47497	132	21	1	109	1	0.1590909090909091	0.007575757575757576	0.8257575757575758	0.007575757575757576	132	21	1	109	1
OG0000118	AT1G50160	104	6	3	95	0	0.057692307692307696	0.028846153846153848	0.9134615384615384	0.0	104	6	3	95	0
OG0000118	AT1G77815	272	23	18	231	0	0.08455882352941177	0.0661764705882353	0.8492647058823529	0.0	136	22	16	132	0
OG0000118	AT2G02650	115	17	4	94	0	0.14782608695652175	0.034782608695652174	0.8173913043478261	0.0	115	17	4	94	0
OG0000118	AT2G04420	91	11	13	67	0	0.12087912087912088	0.14285714285714285	0.7362637362637363	0.0	91	11	13	67	0
OG0000118	AT2G11205	47	47	0	0	0	1.0	0.0	0.0	0.0	47	47	0	0	0
OG0000118	AT2G46460	198	84	0	114	0	0.42424242424242425	0.0	0.5757575757575758	0.0	135	77	0	89	0
OG0000118	AT3G09510	91	18	3	70	0	0.1978021978021978	0.03296703296703297	0.7692307692307693	0.0	91	18	3	70	0
OG0000118	AT3G25270	132	33	3	96	0	0.25	0.022727272727272728	0.7272727272727273	0.0	132	33	3	96	0
OG0000118	AT3G32130	68	28	10	30	0	0.4117647058823529	0.14705882352941177	0.4411764705882353	0.0	68	28	10	30	0
OG0000118	AT4G03292	40	4	0	36	0	0.1	0.0	0.9	0.0	40	4	0	36	0
OG0000118	AT4G09775	127	41	22	64	0	0.3228346456692913	0.1732283464566929	0.5039370078740157	0.0	127	41	22	64	0
OG0000118	AT5G43755	136	62	0	74	0	0.45588235294117646	0.0	0.5441176470588235	0.0	136	62	0	74	0
OG0000126	AT2G29150	136	136	0	0	0	1.0	0.0	0.0	0.0	136	136	0	0	0
OG0000126	AT2G29170	136	136	0	0	0	1.0	0.0	0.0	0.0	136	136	0	0	0
OG0000126	AT2G29260	136	3	0	133	0	0.022058823529411766	0.0	0.9779411764705882	0.0	136	3	0	133	0
OG0000126	AT2G29290	136	7	18	111	0	0.051470588235294115	0.1323529411764706	0.8161764705882353	0.0	136	7	18	111	0
OG0000126	AT2G29350	135	0	0	135	0	0.0	0.0	1.0	0.0	135	0	0	135	0
OG0000126	AT2G29360	136	0	0	136	0	0.0	0.0	1.0	0.0	136	0	0	136	0
OG0000126	AT2G29370	136	0	0	136	0	0.0	0.0	1.0	0.0	136	0	0	136	0
OG0000126	AT5G06060	136	136	0	0	0	1.0	0.0	0.0	0.0	136	136	0	0	0
OG0000141	AT4G13810	135	122	4	9	0	0.9037037037037037	0.02962962962962963	0.06666666666666667	0.0	135	122	4	9	0
OG0000141	AT4G13820	136	136	0	0	0	1.0	0.0	0.0	0.0	136	136	0	0	0
OG0000141	AT4G13880	133	70	8	55	0	0.5263157894736842	0.06015037593984962	0.41353383458646614	0.0	133	70	8	55	0
OG0000141	AT4G13920	121	16	31	74	0	0.1322314049586777	0.256198347107438	0.6115702479338843	0.0	121	16	31	74	0
OG0000142	AT1G29420	135	23	0	112	0	0.17037037037037037	0.0	0.8296296296296296	0.0	135	23	0	112	0
OG0000142	AT1G29430	136	0	0	136	0	0.0	0.0	1.0	0.0	136	0	0	136	0
OG0000142	AT1G29440	167	5	63	99	0	0.029940119760479042	0.3772455089820359	0.592814371257485	0.0	136	5	33	99	0
OG0000142	AT1G29450	134	6	0	128	0	0.04477611940298507	0.0	0.9552238805970149	0.0	134	6	0	128	0
OG0000142	AT1G29460	135	48	0	87	0	0.35555555555555557	0.0	0.6444444444444445	0.0	135	48	0	87	0
OG0000142	AT1G29490	136	49	0	87	0	0.3602941176470588	0.0	0.6397058823529411	0.0	136	49	0	87	0
OG0000142	AT1G29500	135	3	0	132	0	0.022222222222222223	0.0	0.9777777777777777	0.0	135	3	0	132	0
OG0000142	AT1G29510	271	7	97	167	0	0.025830258302583026	0.35793357933579334	0.6162361623616236	0.0	136	7	97	134	0
OG0000142	AT5G27780	271	1	0	270	0	0.0036900369003690036	0.0	0.996309963099631	0.0	136	1	0	136	0
OG0000147	AT2G30385	136	1	0	135	0	0.007352941176470588	0.0	0.9926470588235294	0.0	136	1	0	135	0
OG0000147	AT2G30615	136	0	0	136	0	0.0	0.0	1.0	0.0	136	0	0	136	0
OG0000147	AT2G42955	136	0	0	0	136	0.0	0.0	0.0	1.0	136	0	0	0	136
OG0000147	AT2G43260	136	136	0	0	0	1.0	0.0	0.0	0.0	136	136	0	0	0
OG0000147	AT2G43270	114	114	0	0	0	1.0	0.0	0.0	0.0	114	114	0	0	0
OG0000147	AT2G43440	133	96	0	37	0	0.7218045112781954	0.0	0.2781954887218045	0.0	133	96	0	37	0
OG0000147	AT2G43445	134	20	25	89	0	0.14925373134328357	0.1865671641791045	0.664179104477612	0.0	133	19	25	89	0
OG0000147	AT4G17780	136	43	0	93	0	0.3161764705882353	0.0	0.6838235294117647	0.0	136	43	0	93	0
OG0000150	AT1G46840	104	7	1	96	0	0.0673076923076923	0.009615384615384616	0.9230769230769231	0.0	104	7	1	96	0
OG0000150	AT1G46912	96	31	0	65	0	0.3229166666666667	0.0	0.6770833333333334	0.0	96	31	0	65	0
OG0000150	AT1G46984	136	20	20	96	0	0.14705882352941177	0.14705882352941177	0.7058823529411765	0.0	136	20	20	96	0
OG0000150	AT2G19630	135	135	0	0	0	1.0	0.0	0.0	0.0	135	135	0	0	0
OG0000150	AT2G31470	136	0	0	136	0	0.0	0.0	1.0	0.0	136	0	0	136	0
OG0000150	AT3G23960	132	30	2	100	0	0.22727272727272727	0.015151515151515152	0.7575757575757576	0.0	132	30	2	100	0
OG0000150	AT3G49450	136	3	24	109	0	0.022058823529411766	0.17647058823529413	0.8014705882352942	0.0	136	3	24	109	0
OG0000150	AT5G65850	135	41	19	75	0	0.3037037037037037	0.14074074074074075	0.5555555555555556	0.0	135	41	19	75	0
OG0000158	AT3G61170	136	136	0	0	0	1.0	0.0	0.0	0.0	136	136	0	0	0
OG0000159	AT1G69730	133	133	0	0	0	1.0	0.0	0.0	0.0	133	133	0	0	0
OG0000159	AT1G79680	136	136	0	0	0	1.0	0.0	0.0	0.0	136	136	0	0	0
OG0000164	AT2G02580	136	2	0	134	0	0.014705882352941176	0.0	0.9852941176470589	0.0	136	2	0	134	0
OG0000164	AT3G26290	136	136	0	0	0	1.0	0.0	0.0	0.0	136	136	0	0	0
OG0000164	AT3G26300	133	133	0	0	0	1.0	0.0	0.0	0.0	133	133	0	0	0
OG0000164	AT3G26310	136	136	0	0	0	1.0	0.0	0.0	0.0	136	136	0	0	0
OG0000164	AT3G26320	135	135	0	0	0	1.0	0.0	0.0	0.0	135	135	0	0	0
OG0000164	AT3G26330	136	136	0	0	0	1.0	0.0	0.0	0.0	136	136	0	0	0
OG0000164	AT5G57260	136	136	0	0	0	1.0	0.0	0.0	0.0	136	136	0	0	0
OG0000166	AT1G64840	136	2	5	129	0	0.014705882352941176	0.03676470588235294	0.9485294117647058	0.0	136	2	5	129	0
OG0000166	AT2G24250	136	3	3	130	0	0.022058823529411766	0.022058823529411766	0.9558823529411765	0.0	136	3	3	130	0
OG0000167	AT1G62040	136	6	0	130	0	0.04411764705882353	0.0	0.9558823529411765	0.0	136	6	0	130	0
OG0000167	AT2G45170	136	0	0	136	0	0.0	0.0	1.0	0.0	136	0	0	136	0
OG0000167	AT3G60640	136	0	0	136	0	0.0	0.0	1.0	0.0	136	0	0	136	0
OG0000167	AT4G04620	136	136	0	0	0	1.0	0.0	0.0	0.0	136	136	0	0	0
OG0000167	AT4G21980	136	0	0	136	0	0.0	0.0	1.0	0.0	136	0	0	136	0
OG0000170	AT2G11015	63	20	0	43	0	0.31746031746031744	0.0	0.6825396825396826	0.0	63	20	0	43	0
OG0000170	AT4G06490	118	24	0	94	0	0.2033898305084746	0.0	0.7966101694915254	0.0	118	24	0	94	0
OG0000170	AT5G29050	129	50	2	77	0	0.3875968992248062	0.015503875968992248	0.5968992248062015	0.0	129	50	2	77	0
OG0000170	AT5G33898	38	0	0	0	38	0.0	0.0	0.0	1.0	38	0	0	0	38
OG0000182	AT1G47300	123	11	17	95	0	0.08943089430894309	0.13821138211382114	0.7723577235772358	0.0	123	11	17	95	0
OG0000182	AT1G47340	136	0	3	133	0	0.0	0.022058823529411766	0.9779411764705882	0.0	136	0	3	133	0
OG0000182	AT1G47350	131	131	0	0	0	1.0	0.0	0.0	0.0	131	131	0	0	0
OG0000182	AT1G60370	136	16	8	112	0	0.11764705882352941	0.058823529411764705	0.8235294117647058	0.0	136	16	8	112	0
OG0000182	AT2G23160	136	33	1	102	0	0.2426470588235294	0.007352941176470588	0.75	0.0	136	33	1	102	0
OG0000184	AT2G25440	136	100	0	36	0	0.7352941176470589	0.0	0.2647058823529412	0.0	136	100	0	36	0
OG0000184	AT2G32680	135	135	0	0	0	1.0	0.0	0.0	0.0	135	135	0	0	0
OG0000184	AT2G33020	120	5	0	115	0	0.041666666666666664	0.0	0.9583333333333334	0.0	120	5	0	115	0
OG0000184	AT2G33050	136	2	34	100	0	0.014705882352941176	0.25	0.7352941176470589	0.0	136	2	34	100	0
OG0000184	AT2G33060	136	3	29	104	0	0.022058823529411766	0.21323529411764705	0.7647058823529411	0.0	136	3	29	104	0
OG0000184	AT2G33080	128	118	0	10	0	0.921875	0.0	0.078125	0.0	128	118	0	10	0
OG0000184	AT3G24900	131	55	67	9	0	0.4198473282442748	0.5114503816793893	0.06870229007633588	0.0	131	55	67	9	0
OG0000184	AT3G24982	191	191	0	0	0	1.0	0.0	0.0	0.0	116	116	0	0	0
OG0000184	AT3G25010	307	67	191	49	0	0.2182410423452769	0.6221498371335505	0.15960912052117263	0.0	136	58	121	48	0
OG0000184	AT3G25020	179	96	26	57	0	0.5363128491620112	0.1452513966480447	0.31843575418994413	0.0	107	82	22	57	0
OG0000185	AT4G23140	134	76	1	57	0	0.5671641791044776	0.007462686567164179	0.4253731343283582	0.0	134	76	1	57	0
OG0000185	AT4G23150	131	0	16	115	0	0.0	0.12213740458015267	0.8778625954198473	0.0	131	0	16	115	0
OG0000185	AT4G23160	148	141	0	7	0	0.9527027027027027	0.0	0.0472972972972973	0.0	132	125	0	7	0
OG0000185	AT4G23180	69	2	13	54	0	0.028985507246376812	0.18840579710144928	0.782608695652174	0.0	69	2	13	54	0
OG0000185	AT4G23230	84	84	0	0	0	1.0	0.0	0.0	0.0	84	84	0	0	0
OG0000186	AT2G06425	136	136	0	0	0	1.0	0.0	0.0	0.0	136	136	0	0	0
OG0000186	AT4G04265	136	136	0	0	0	1.0	0.0	0.0	0.0	136	136	0	0	0
OG0000186	AT5G34581	94	0	0	0	94	0.0	0.0	0.0	1.0	94	0	0	0	94
OG0000188	AT3G19880	136	39	0	97	0	0.2867647058823529	0.0	0.7132352941176471	0.0	136	39	0	97	0
OG0000188	AT3G20030	136	18	0	118	0	0.1323529411764706	0.0	0.8676470588235294	0.0	136	18	0	118	0
OG0000188	AT4G05080	136	96	22	18	0	0.7058823529411765	0.16176470588235295	0.1323529411764706	0.0	136	96	22	18	0
OG0000188	AT5G60560	136	33	0	103	0	0.2426470588235294	0.0	0.7573529411764706	0.0	136	33	0	103	0
OG0000192	AT2G13770	131	91	1	39	0	0.6946564885496184	0.007633587786259542	0.29770992366412213	0.0	131	91	1	39	0
OG0000192	AT3G29631	134	77	1	56	0	0.5746268656716418	0.007462686567164179	0.417910447761194	0.0	134	77	1	56	0
OG0000192	AT5G39980	136	136	0	0	0	1.0	0.0	0.0	0.0	136	136	0	0	0
OG0000196	AT3G14610	136	2	1	133	0	0.014705882352941176	0.007352941176470588	0.9779411764705882	0.0	136	2	1	133	0
OG0000196	AT3G14630	136	1	0	135	0	0.007352941176470588	0.0	0.9926470588235294	0.0	136	1	0	135	0
OG0000196	AT3G14640	136	67	1	68	0	0.49264705882352944	0.007352941176470588	0.5	0.0	136	67	1	68	0
OG0000196	AT3G14650	142	13	1	128	0	0.09154929577464789	0.007042253521126761	0.9014084507042254	0.0	135	13	1	128	0
OG0000196	AT3G14660	136	4	0	132	0	0.029411764705882353	0.0	0.9705882352941176	0.0	136	4	0	132	0
OG0000196	AT3G14680	136	2	0	134	0	0.014705882352941176	0.0	0.9852941176470589	0.0	136	2	0	134	0
OG0000196	AT3G14690	135	2	0	133	0	0.014814814814814815	0.0	0.9851851851851852	0.0	135	2	0	133	0
OG0000199	AT1G45190	136	15	19	102	0	0.11029411764705882	0.13970588235294118	0.75	0.0	136	15	19	102	0
OG0000199	AT1G47450	136	66	3	67	0	0.4852941176470588	0.022058823529411766	0.49264705882352944	0.0	136	66	3	67	0
OG0000199	AT1G47470	250	14	100	136	0	0.056	0.4	0.544	0.0	136	12	100	134	0
OG0000199	AT1G52970	136	3	0	133	0	0.022058823529411766	0.0	0.9779411764705882	0.0	136	3	0	133	0
OG0000199	AT2G04031	135	25	0	110	0	0.18518518518518517	0.0	0.8148148148148148	0.0	135	25	0	110	0
OG0000199	AT2G04037	134	1	4	129	0	0.007462686567164179	0.029850746268656716	0.9626865671641791	0.0	134	1	4	129	0
OG0000199	AT2G04041	136	13	2	121	0	0.09558823529411764	0.014705882352941176	0.8897058823529411	0.0	136	13	2	121	0
OG0000199	AT3G11990	127	12	10	105	0	0.09448818897637795	0.07874015748031496	0.8267716535433071	0.0	124	12	10	105	0
OG0000199	AT4G13261	136	16	0	120	0	0.11764705882352941	0.0	0.8823529411764706	0.0	136	16	0	120	0
OG0000199	AT4G13263	272	46	0	226	0	0.16911764705882354	0.0	0.8308823529411765	0.0	136	45	0	135	0
OG0000199	AT5G35405	408	55	120	233	0	0.13480392156862744	0.29411764705882354	0.571078431372549	0.0	136	50	116	133	0
OG0000200	AT5G40910	136	96	0	40	0	0.7058823529411765	0.0	0.29411764705882354	0.0	136	96	0	40	0
OG0000202	AT3G45860	136	136	0	0	0	1.0	0.0	0.0	0.0	136	136	0	0	0
OG0000202	AT4G23130	136	136	0	0	0	1.0	0.0	0.0	0.0	136	136	0	0	0
OG0000202	AT4G23270	136	0	10	126	0	0.0	0.07352941176470588	0.9264705882352942	0.0	136	0	10	126	0
OG0000202	AT4G23280	136	7	15	114	0	0.051470588235294115	0.11029411764705882	0.8382352941176471	0.0	136	7	15	114	0
OG0000202	AT4G23310	136	10	7	119	0	0.07352941176470588	0.051470588235294115	0.875	0.0	136	10	7	119	0
OG0000205	AT3G31430	30	30	0	0	0	1.0	0.0	0.0	0.0	30	30	0	0	0
OG0000205	AT3G42140	114	0	0	0	114	0.0	0.0	0.0	1.0	114	0	0	0	114
OG0000206	AT2G03010	135	0	0	0	135	0.0	0.0	0.0	1.0	135	0	0	0	135
OG0000206	AT4G09440	136	52	0	84	0	0.38235294117647056	0.0	0.6176470588235294	0.0	136	52	0	84	0
OG0000206	AT4G16530	158	39	1	118	0	0.2468354430379747	0.006329113924050633	0.7468354430379747	0.0	136	38	1	118	0
OG0000206	AT5G37410	136	18	0	118	0	0.1323529411764706	0.0	0.8676470588235294	0.0	136	18	0	118	0
OG0000206	AT5G37420	136	0	0	0	136	0.0	0.0	0.0	1.0	136	0	0	0	136
OG0000206	AT5G37430	136	7	3	126	0	0.051470588235294115	0.022058823529411766	0.9264705882352942	0.0	136	7	3	126	0
OG0000206	AT5G37460	136	136	0	0	0	1.0	0.0	0.0	0.0	136	136	0	0	0
OG0000206	AT5G37470	264	128	0	136	0	0.48484848484848486	0.0	0.5151515151515151	0.0	136	128	0	136	0
OG0000206	AT5G37920	136	30	0	106	0	0.22058823529411764	0.0	0.7794117647058824	0.0	136	30	0	106	0
OG0000207	AT1G45100	136	20	1	115	0	0.14705882352941177	0.007352941176470588	0.8455882352941176	0.0	136	20	1	115	0
OG0000207	AT3G10845	136	23	20	93	0	0.16911764705882354	0.14705882352941177	0.6838235294117647	0.0	136	23	20	93	0
OG0000207	AT5G41690	136	136	0	0	0	1.0	0.0	0.0	0.0	136	136	0	0	0
OG0000210	AT1G54470	136	136	0	0	0	1.0	0.0	0.0	0.0	136	136	0	0	0
OG0000210	AT1G74170	134	134	0	0	0	1.0	0.0	0.0	0.0	134	134	0	0	0
OG0000210	AT1G74180	136	136	0	0	0	1.0	0.0	0.0	0.0	136	136	0	0	0
OG0000210	AT1G74190	136	136	0	0	0	1.0	0.0	0.0	0.0	136	136	0	0	0
OG0000210	AT1G74200	135	21	0	114	0	0.15555555555555556	0.0	0.8444444444444444	0.0	135	21	0	114	0
OG0000210	AT2G25470	136	8	0	128	0	0.058823529411764705	0.0	0.9411764705882353	0.0	136	8	0	128	0
OG0000210	AT5G49290	136	93	7	36	0	0.6838235294117647	0.051470588235294115	0.2647058823529412	0.0	136	93	7	36	0
OG0000213	AT2G36110	136	21	0	115	0	0.15441176470588236	0.0	0.8455882352941176	0.0	136	21	0	115	0
OG0000213	AT3G12410	136	0	0	136	0	0.0	0.0	1.0	0.0	136	0	0	136	0
OG0000213	AT3G12420	136	38	0	98	0	0.27941176470588236	0.0	0.7205882352941176	0.0	136	38	0	98	0
OG0000213	AT3G12430	136	11	0	125	0	0.08088235294117647	0.0	0.9191176470588235	0.0	136	11	0	125	0
OG0000213	AT3G12440	136	136	0	0	0	1.0	0.0	0.0	0.0	136	136	0	0	0
OG0000213	AT3G12460	136	7	1	128	0	0.051470588235294115	0.007352941176470588	0.9411764705882353	0.0	136	7	1	128	0
OG0000213	AT3G12470	136	21	0	115	0	0.15441176470588236	0.0	0.8455882352941176	0.0	136	21	0	115	0
OG0000217	AT4G03635	132	4	0	128	0	0.030303030303030304	0.0	0.9696969696969697	0.0	132	4	0	128	0
OG0000217	AT4G05460	136	136	0	0	0	1.0	0.0	0.0	0.0	136	136	0	0	0
OG0000217	AT4G05470	136	136	0	0	0	1.0	0.0	0.0	0.0	136	136	0	0	0
OG0000217	AT4G05475	136	136	0	0	0	1.0	0.0	0.0	0.0	136	136	0	0	0
OG0000220	AT1G69090	136	33	44	59	0	0.2426470588235294	0.3235294117647059	0.4338235294117647	0.0	136	33	44	59	0
OG0000220	AT4G14165	136	136	0	0	0	1.0	0.0	0.0	0.0	136	136	0	0	0
OG0000220	AT4G22035	136	64	17	55	0	0.47058823529411764	0.125	0.40441176470588236	0.0	136	64	17	55	0
OG0000220	AT4G22060	136	2	59	75	0	0.014705882352941176	0.4338235294117647	0.5514705882352942	0.0	136	2	59	75	0
OG0000220	AT4G22165	136	6	2	128	0	0.04411764705882353	0.014705882352941176	0.9411764705882353	0.0	136	6	2	128	0
OG0000220	AT4G22170	134	48	0	86	0	0.3582089552238806	0.0	0.6417910447761194	0.0	134	48	0	86	0
OG0000220	AT4G22180	136	24	1	111	0	0.17647058823529413	0.007352941176470588	0.8161764705882353	0.0	136	24	1	111	0
OG0000220	AT4G22660	134	134	0	0	0	1.0	0.0	0.0	0.0	134	134	0	0	0
OG0000220	AT5G66830	136	87	0	49	0	0.6397058823529411	0.0	0.3602941176470588	0.0	136	87	0	49	0
OG0000224	AT1G20400	76	0	0	0	76	0.0	0.0	0.0	1.0	76	0	0	0	76
OG0000228	AT1G66100	25	25	0	0	0	1.0	0.0	0.0	0.0	25	25	0	0	0
OG0000228	AT1G72260	136	136	0	0	0	1.0	0.0	0.0	0.0	136	136	0	0	0
OG0000228	AT2G15010	136	0	0	136	0	0.0	0.0	1.0	0.0	136	0	0	136	0
OG0000228	AT5G36910	123	123	0	0	0	1.0	0.0	0.0	0.0	123	123	0	0	0
OG0000242	AT5G03480	134	134	0	0	0	1.0	0.0	0.0	0.0	134	134	0	0	0
OG0000242	AT5G03495	135	135	0	0	0	1.0	0.0	0.0	0.0	135	135	0	0	0
OG0000248	AT4G04110	136	15	1	120	0	0.11029411764705882	0.007352941176470588	0.8823529411764706	0.0	136	15	1	120	0
OG0000253	AT4G39550	136	1	0	135	0	0.007352941176470588	0.0	0.9926470588235294	0.0	136	1	0	135	0
OG0000253	AT4G39560	136	12	0	124	0	0.08823529411764706	0.0	0.9117647058823529	0.0	136	12	0	124	0
OG0000255	AT3G31550	91	91	0	0	0	1.0	0.0	0.0	0.0	91	91	0	0	0
OG0000258	AT2G18780	136	71	21	44	0	0.5220588235294118	0.15441176470588236	0.3235294117647059	0.0	136	71	21	44	0
OG0000258	AT3G16740	136	0	0	136	0	0.0	0.0	1.0	0.0	136	0	0	136	0
OG0000261	AT1G17150	134	4	1	129	0	0.029850746268656716	0.007462686567164179	0.9626865671641791	0.0	134	4	1	129	0
OG0000261	AT1G43080	136	136	0	0	0	1.0	0.0	0.0	0.0	136	136	0	0	0
OG0000261	AT1G43090	264	264	0	0	0	1.0	0.0	0.0	0.0	135	135	0	0	0
OG0000261	AT1G43100	108	108	0	0	0	1.0	0.0	0.0	0.0	102	102	0	0	0
OG0000261	AT2G15450	136	43	19	74	0	0.3161764705882353	0.13970588235294118	0.5441176470588235	0.0	136	43	19	74	0
OG0000261	AT2G15460	269	93	19	157	0	0.34572490706319703	0.07063197026022305	0.5836431226765799	0.0	135	78	19	113	0
OG0000261	AT2G15470	258	133	1	124	0	0.5155038759689923	0.003875968992248062	0.4806201550387597	0.0	136	103	1	93	0
OG0000261	AT2G26620	440	440	0	0	0	1.0	0.0	0.0	0.0	136	136	0	0	0
OG0000261	AT2G40310	136	13	6	117	0	0.09558823529411764	0.04411764705882353	0.8602941176470589	0.0	136	13	6	117	0
OG0000261	AT4G13760	137	58	18	61	0	0.4233576642335766	0.13138686131386862	0.44525547445255476	0.0	136	57	18	61	0
OG0000264	AT2G24980	137	15	20	102	0	0.10948905109489052	0.145985401459854	0.7445255474452555	0.0	135	15	20	102	0
OG0000264	AT4G08400	168	109	2	57	0	0.6488095238095238	0.011904761904761904	0.3392857142857143	0.0	135	105	2	57	0
OG0000264	AT4G13390	114	3	25	86	0	0.02631578947368421	0.21929824561403508	0.7543859649122807	0.0	114	3	25	86	0
OG0000264	AT5G06630	309	50	62	197	0	0.16181229773462782	0.20064724919093851	0.6375404530744336	0.0	135	41	57	130	0
OG0000264	AT5G35190	136	79	21	36	0	0.5808823529411765	0.15441176470588236	0.2647058823529412	0.0	136	79	21	36	0
OG0000266	AT4G36140	80	80	0	0	0	1.0	0.0	0.0	0.0	80	80	0	0	0
OG0000266	AT5G17890	78	5	1	72	0	0.0641025641025641	0.01282051282051282	0.9230769230769231	0.0	78	5	1	72	0
OG0000266	AT5G45050	136	136	0	0	0	1.0	0.0	0.0	0.0	136	136	0	0	0
OG0000266	AT5G45260	122	6	0	116	0	0.04918032786885246	0.0	0.9508196721311475	0.0	122	6	0	116	0
OG0000269	AT1G44050	129	2	2	125	0	0.015503875968992248	0.015503875968992248	0.9689922480620154	0.0	129	2	2	125	0
OG0000269	AT1G53340	135	25	0	110	0	0.18518518518518517	0.0	0.8148148148148148	0.0	135	25	0	110	0
OG0000269	AT2G13895	100	0	0	0	100	0.0	0.0	0.0	1.0	100	0	0	0	100
OG0000269	AT2G13900	136	12	16	108	0	0.08823529411764706	0.11764705882352941	0.7941176470588235	0.0	136	12	16	108	0
OG0000269	AT2G13950	134	31	33	70	0	0.23134328358208955	0.2462686567164179	0.5223880597014925	0.0	134	31	33	70	0
OG0000269	AT3G26550	136	20	34	82	0	0.14705882352941177	0.25	0.6029411764705882	0.0	136	20	34	82	0
OG0000269	AT4G10370	108	58	0	50	0	0.5370370370370371	0.0	0.46296296296296297	0.0	108	58	0	50	0
OG0000269	AT5G02330	51	51	0	0	0	1.0	0.0	0.0	0.0	50	50	0	0	0
OG0000269	AT5G02340	228	88	1	139	0	0.38596491228070173	0.0043859649122807015	0.6096491228070176	0.0	134	77	1	113	0
OG0000269	AT5G02350	131	31	95	5	0	0.2366412213740458	0.7251908396946565	0.03816793893129771	0.0	131	31	95	5	0
OG0000269	AT5G02360	141	12	0	129	0	0.0851063829787234	0.0	0.9148936170212766	0.0	136	12	0	127	0
OG0000269	AT5G46670	134	22	4	108	0	0.16417910447761194	0.029850746268656716	0.8059701492537313	0.0	134	22	4	108	0
OG0000269	AT5G55770	114	10	1	103	0	0.08771929824561403	0.008771929824561403	0.9035087719298246	0.0	114	10	1	103	0
OG0000269	AT5G55780	119	14	4	101	0	0.11764705882352941	0.03361344537815126	0.8487394957983193	0.0	119	14	4	101	0
OG0000269	AT5G55800	117	111	0	6	0	0.9487179487179487	0.0	0.05128205128205128	0.0	117	111	0	6	0
OG0000271	AT1G52430	136	136	0	0	0	1.0	0.0	0.0	0.0	136	136	0	0	0
OG0000271	AT1G52450	260	260	0	0	0	1.0	0.0	0.0	0.0	136	136	0	0	0
OG0000271	AT2G27630	135	135	0	0	0	1.0	0.0	0.0	0.0	135	135	0	0	0
OG0000271	AT2G27650	136	136	0	0	0	1.0	0.0	0.0	0.0	136	136	0	0	0
OG0000271	AT5G02660	135	68	16	51	0	0.5037037037037037	0.11851851851851852	0.37777777777777777	0.0	135	68	16	51	0
OG0000271	AT5G51530	136	136	0	0	0	1.0	0.0	0.0	0.0	136	136	0	0	0
OG0000271	AT5G61940	136	18	0	117	1	0.1323529411764706	0.0	0.8602941176470589	0.007352941176470588	136	18	0	117	1
OG0000271	AT5G61950	136	5	0	131	0	0.03676470588235294	0.0	0.9632352941176471	0.0	136	5	0	131	0
OG0000272	AT5G23960	136	12	13	111	0	0.08823529411764706	0.09558823529411764	0.8161764705882353	0.0	136	12	13	111	0
OG0000276	AT3G29790	136	135	0	0	1	0.9926470588235294	0.0	0.0	0.007352941176470588	136	135	0	0	1
OG0000276	AT3G33528	247	244	0	0	3	0.9878542510121457	0.0	0.0	0.012145748987854251	135	135	0	0	3
OG0000276	AT3G43880	237	237	0	0	0	1.0	0.0	0.0	0.0	127	127	0	0	0
OG0000276	AT4G07526	312	309	0	0	3	0.9903846153846154	0.0	0.0	0.009615384615384616	135	135	0	0	3
OG0000297	AT4G19720	136	136	0	0	0	1.0	0.0	0.0	0.0	136	136	0	0	0
OG0000297	AT4G19730	135	135	0	0	0	1.0	0.0	0.0	0.0	135	135	0	0	0
OG0000297	AT4G19740	135	135	0	0	0	1.0	0.0	0.0	0.0	135	135	0	0	0
OG0000297	AT4G19750	136	136	0	0	0	1.0	0.0	0.0	0.0	136	136	0	0	0
OG0000297	AT4G19760	151	19	0	132	0	0.12582781456953643	0.0	0.8741721854304636	0.0	135	18	0	132	0
OG0000297	AT4G19770	135	135	0	0	0	1.0	0.0	0.0	0.0	135	135	0	0	0
OG0000297	AT4G19800	135	135	0	0	0	1.0	0.0	0.0	0.0	135	135	0	0	0
OG0000297	AT4G19810	136	136	0	0	0	1.0	0.0	0.0	0.0	136	136	0	0	0
OG0000297	AT4G19820	136	136	0	0	0	1.0	0.0	0.0	0.0	136	136	0	0	0
OG0000298	AT1G34490	136	28	1	107	0	0.20588235294117646	0.007352941176470588	0.7867647058823529	0.0	136	28	1	107	0
OG0000298	AT1G34500	130	38	0	92	0	0.2923076923076923	0.0	0.7076923076923077	0.0	130	38	0	92	0
OG0000298	AT1G34520	267	31	104	132	0	0.11610486891385768	0.3895131086142322	0.4943820224719101	0.0	136	29	104	132	0
OG0000298	AT5G51420	136	7	0	129	0	0.051470588235294115	0.0	0.9485294117647058	0.0	136	7	0	129	0
OG0000298	AT5G55320	136	3	0	133	0	0.022058823529411766	0.0	0.9779411764705882	0.0	136	3	0	133	0
OG0000298	AT5G55330	136	17	3	116	0	0.125	0.022058823529411766	0.8529411764705882	0.0	136	17	3	116	0
OG0000298	AT5G55340	136	0	0	136	0	0.0	0.0	1.0	0.0	136	0	0	136	0
OG0000298	AT5G55350	136	3	14	119	0	0.022058823529411766	0.10294117647058823	0.875	0.0	136	3	14	119	0
OG0000298	AT5G55360	136	53	0	83	0	0.3897058823529412	0.0	0.6102941176470589	0.0	136	53	0	83	0
OG0000299	AT3G08810	136	19	0	117	0	0.13970588235294118	0.0	0.8602941176470589	0.0	136	19	0	117	0
OG0000299	AT3G09750	136	136	0	0	0	1.0	0.0	0.0	0.0	136	136	0	0	0
OG0000299	AT5G38670	121	8	0	113	0	0.06611570247933884	0.0	0.9338842975206612	0.0	121	8	0	113	0
OG0000299	AT5G38680	136	21	7	108	0	0.15441176470588236	0.051470588235294115	0.7941176470588235	0.0	136	21	7	108	0
OG0000299	AT5G51250	136	30	0	106	0	0.22058823529411764	0.0	0.7794117647058824	0.0	136	30	0	106	0
OG0000319	AT1G72800	136	21	1	114	0	0.15441176470588236	0.007352941176470588	0.8382352941176471	0.0	136	21	1	114	0
OG0000319	AT4G08730	133	133	0	0	0	1.0	0.0	0.0	0.0	133	133	0	0	0
OG0000320	AT3G04210	136	136	0	0	0	1.0	0.0	0.0	0.0	136	136	0	0	0
OG0000325	AT1G54550	136	10	1	125	0	0.07352941176470588	0.007352941176470588	0.9191176470588235	0.0	136	10	1	125	0
OG0000325	AT1G59680	67	64	0	3	0	0.9552238805970149	0.0	0.04477611940298507	0.0	67	64	0	3	0
OG0000325	AT1G66490	132	132	0	0	0	1.0	0.0	0.0	0.0	132	132	0	0	0
OG0000325	AT1G67450	136	22	1	113	0	0.16176470588235295	0.007352941176470588	0.8308823529411765	0.0	136	22	1	113	0
OG0000325	AT1G67455	122	9	3	110	0	0.07377049180327869	0.02459016393442623	0.9016393442622951	0.0	122	9	3	110	0
OG0000325	AT3G13680	136	9	43	84	0	0.0661764705882353	0.3161764705882353	0.6176470588235294	0.0	136	9	43	84	0
OG0000325	AT3G14030	136	136	0	0	0	1.0	0.0	0.0	0.0	136	136	0	0	0
OG0000325	AT3G49510	135	1	2	132	0	0.007407407407407408	0.014814814814814815	0.9777777777777777	0.0	135	1	2	132	0
OG0000325	AT3G49520	136	14	13	109	0	0.10294117647058823	0.09558823529411764	0.8014705882352942	0.0	136	14	13	109	0
OG0000325	AT4G17200	136	4	0	132	0	0.029411764705882353	0.0	0.9705882352941176	0.0	136	4	0	132	0
OG0000329	AT1G58037	134	134	0	0	0	1.0	0.0	0.0	0.0	134	134	0	0	0
OG0000329	AT2G04500	136	31	1	104	0	0.22794117647058823	0.007352941176470588	0.7647058823529411	0.0	136	31	1	104	0
OG0000329	AT3G06990	135	0	0	0	135	0.0	0.0	0.0	1.0	135	0	0	0	135
OG0000329	AT3G07000	205	75	25	105	0	0.36585365853658536	0.12195121951219512	0.5121951219512195	0.0	136	75	25	105	0
OG0000329	AT3G25850	136	2	0	134	0	0.014705882352941176	0.0	0.9852941176470589	0.0	136	2	0	134	0
OG0000329	AT4G14980	136	13	7	116	0	0.09558823529411764	0.051470588235294115	0.8529411764705882	0.0	136	13	7	116	0
OG0000329	AT5G16430	136	0	22	114	0	0.0	0.16176470588235295	0.8382352941176471	0.0	136	0	22	114	0
OG0000329	AT5G29624	111	23	0	88	0	0.2072072072072072	0.0	0.7927927927927928	0.0	111	23	0	88	0
OG0000329	AT5G40320	136	6	4	126	0	0.04411764705882353	0.029411764705882353	0.9264705882352942	0.0	136	6	4	126	0
OG0000329	AT5G44770	136	4	30	102	0	0.029411764705882353	0.22058823529411764	0.75	0.0	136	4	30	102	0
OG0000329	AT5G45730	136	60	36	40	0	0.4411764705882353	0.2647058823529412	0.29411764705882354	0.0	136	60	36	40	0
OG0000329	AT5G54020	50	1	0	49	0	0.02	0.0	0.98	0.0	50	1	0	49	0
OG0000329	AT5G54030	136	132	1	3	0	0.9705882352941176	0.007352941176470588	0.022058823529411766	0.0	136	132	1	3	0
OG0000329	AT5G54040	35	2	0	33	0	0.05714285714285714	0.0	0.9428571428571428	0.0	35	2	0	33	0
OG0000329	AT5G54050	150	150	0	0	0	1.0	0.0	0.0	0.0	131	131	0	0	0
OG0000338	AT1G11270	137	0	0	4	133	0.0	0.0	0.029197080291970802	0.9708029197080292	136	0	0	4	132
OG0000339	AT1G05080	136	16	0	120	0	0.11764705882352941	0.0	0.8823529411764706	0.0	136	16	0	120	0
OG0000339	AT5G40750	136	134	0	2	0	0.9852941176470589	0.0	0.014705882352941176	0.0	136	134	0	2	0
OG0000339	AT5G44850	136	26	34	76	0	0.19117647058823528	0.25	0.5588235294117647	0.0	136	26	34	76	0
OG0000343	AT1G30140	136	88	0	48	0	0.6470588235294118	0.0	0.35294117647058826	0.0	136	88	0	48	0
OG0000343	AT2G29880	39	17	1	21	0	0.4358974358974359	0.02564102564102564	0.5384615384615384	0.0	39	17	1	21	0
OG0000343	AT5G27260	123	45	0	78	0	0.36585365853658536	0.0	0.6341463414634146	0.0	123	45	0	78	0
OG0000343	AT5G28820	135	114	0	21	0	0.8444444444444444	0.0	0.15555555555555556	0.0	135	114	0	21	0
OG0000343	AT5G29613	131	131	0	0	0	1.0	0.0	0.0	0.0	131	131	0	0	0
OG0000343	AT5G35540	113	2	0	111	0	0.017699115044247787	0.0	0.9823008849557522	0.0	113	2	0	111	0
OG0000347	AT1G45063	136	7	0	129	0	0.051470588235294115	0.0	0.9485294117647058	0.0	136	7	0	129	0
OG0000347	AT3G53330	136	5	4	127	0	0.03676470588235294	0.029411764705882353	0.9338235294117647	0.0	136	5	4	127	0
OG0000347	AT4G01380	136	0	0	0	136	0.0	0.0	0.0	1.0	136	0	0	0	136
OG0000348	AT2G15042	136	125	0	10	1	0.9191176470588235	0.0	0.07352941176470588	0.007352941176470588	136	125	0	10	1
OG0000348	AT2G15080	136	24	1	111	0	0.17647058823529413	0.007352941176470588	0.8161764705882353	0.0	136	24	1	111	0
OG0000348	AT3G05650	136	20	21	95	0	0.14705882352941177	0.15441176470588236	0.6985294117647058	0.0	136	20	21	95	0
OG0000348	AT3G05660	136	1	42	93	0	0.007352941176470588	0.3088235294117647	0.6838235294117647	0.0	136	1	42	93	0
OG0000348	AT3G11010	136	36	63	37	0	0.2647058823529412	0.4632352941176471	0.27205882352941174	0.0	136	36	63	37	0
OG0000348	AT3G11080	160	57	3	100	0	0.35625	0.01875	0.625	0.0	134	53	3	100	0
OG0000348	AT3G28890	241	205	2	34	0	0.8506224066390041	0.008298755186721992	0.14107883817427386	0.0	136	131	2	34	0
OG0000348	AT5G25910	136	41	1	94	0	0.3014705882352941	0.007352941176470588	0.6911764705882353	0.0	136	41	1	94	0
OG0000348	AT5G27060	236	75	61	100	0	0.3177966101694915	0.2584745762711864	0.423728813559322	0.0	136	65	58	100	0
OG0000360	AT1G70020	136	2	40	94	0	0.014705882352941176	0.29411764705882354	0.6911764705882353	0.0	136	2	40	94	0
OG0000360	AT1G70040	136	14	2	120	0	0.10294117647058823	0.014705882352941176	0.8823529411764706	0.0	136	14	2	120	0
OG0000360	AT1G70120	136	0	15	121	0	0.0	0.11029411764705882	0.8897058823529411	0.0	136	0	15	121	0
OG0000360	AT3G60700	136	4	0	132	0	0.029411764705882353	0.0	0.9705882352941176	0.0	136	4	0	132	0
OG0000360	AT5G39330	136	13	0	123	0	0.09558823529411764	0.0	0.9044117647058824	0.0	136	13	0	123	0
OG0000361	AT1G32430	132	132	0	0	0	1.0	0.0	0.0	0.0	132	132	0	0	0
OG0000361	AT1G47390	136	77	0	59	0	0.5661764705882353	0.0	0.4338235294117647	0.0	136	77	0	59	0
OG0000361	AT2G14710	136	6	26	104	0	0.04411764705882353	0.19117647058823528	0.7647058823529411	0.0	136	6	26	104	0
OG0000361	AT3G16580	136	17	1	118	0	0.125	0.007352941176470588	0.8676470588235294	0.0	136	17	1	118	0
OG0000367	AT1G73490	135	135	0	0	0	1.0	0.0	0.0	0.0	135	135	0	0	0
OG0000372	AT3G26190	136	136	0	0	0	1.0	0.0	0.0	0.0	136	136	0	0	0
OG0000372	AT3G26200	135	2	0	133	0	0.014814814814814815	0.0	0.9851851851851852	0.0	135	2	0	133	0
OG0000372	AT3G44250	111	111	0	0	0	1.0	0.0	0.0	0.0	111	111	0	0	0
OG0000372	AT3G53280	136	0	0	136	0	0.0	0.0	1.0	0.0	136	0	0	136	0
OG0000372	AT3G53290	136	6	1	129	0	0.04411764705882353	0.007352941176470588	0.9485294117647058	0.0	136	6	1	129	0
OG0000372	AT3G53300	136	9	24	103	0	0.0661764705882353	0.17647058823529413	0.7573529411764706	0.0	136	9	24	103	0
OG0000372	AT3G53305	136	15	50	71	0	0.11029411764705882	0.36764705882352944	0.5220588235294118	0.0	136	15	50	71	0
OG0000372	AT5G35715	136	49	0	87	0	0.3602941176470588	0.0	0.6397058823529411	0.0	136	49	0	87	0
OG0000375	AT5G42905	121	121	0	0	0	1.0	0.0	0.0	0.0	121	121	0	0	0
OG0000382	AT2G44030	136	70	1	65	0	0.5147058823529411	0.007352941176470588	0.47794117647058826	0.0	136	70	1	65	0
OG0000382	AT2G45406	136	10	102	21	3	0.07352941176470588	0.75	0.15441176470588236	0.022058823529411766	136	10	102	21	3
OG0000382	AT3G46050	136	44	1	91	0	0.3235294117647059	0.007352941176470588	0.6691176470588235	0.0	136	44	1	91	0
OG0000382	AT5G02990	135	135	0	0	0	1.0	0.0	0.0	0.0	135	135	0	0	0
OG0000382	AT5G02995	136	127	0	9	0	0.9338235294117647	0.0	0.0661764705882353	0.0	136	127	0	9	0
OG0000382	AT5G03000	135	1	11	123	0	0.007407407407407408	0.08148148148148149	0.9111111111111111	0.0	135	1	11	123	0
OG0000382	AT5G03010	136	43	0	93	0	0.3161764705882353	0.0	0.6838235294117647	0.0	136	43	0	93	0
OG0000382	AT5G03020	136	58	4	74	0	0.4264705882352941	0.029411764705882353	0.5441176470588235	0.0	136	58	4	74	0
OG0000384	AT2G07190	129	40	12	77	0	0.31007751937984496	0.09302325581395349	0.5968992248062015	0.0	129	40	12	77	0
OG0000384	AT2G07200	126	0	0	0	126	0.0	0.0	0.0	1.0	126	0	0	0	126
OG0000384	AT4G04957	133	40	32	61	0	0.3007518796992481	0.24060150375939848	0.45864661654135336	0.0	133	40	32	61	0
OG0000385	AT4G05553	135	20	1	114	0	0.14814814814814814	0.007407407407407408	0.8444444444444444	0.0	135	20	1	114	0
OG0000386	AT1G33220	135	23	1	111	0	0.17037037037037037	0.007407407407407408	0.8222222222222222	0.0	135	23	1	111	0
OG0000386	AT5G20330	136	2	0	134	0	0.014705882352941176	0.0	0.9852941176470589	0.0	136	2	0	134	0
OG0000386	AT5G20340	136	20	1	115	0	0.14705882352941177	0.007352941176470588	0.8455882352941176	0.0	136	20	1	115	0
OG0000386	AT5G20390	136	25	2	109	0	0.18382352941176472	0.014705882352941176	0.8014705882352942	0.0	136	25	2	109	0
OG0000388	AT1G57650	127	17	0	110	0	0.13385826771653545	0.0	0.8661417322834646	0.0	127	17	0	110	0
OG0000402	AT1G23810	136	0	0	136	0	0.0	0.0	1.0	0.0	136	0	0	136	0
OG0000402	AT1G24060	136	136	0	0	0	1.0	0.0	0.0	0.0	136	136	0	0	0
OG0000402	AT1G24230	135	135	0	0	0	1.0	0.0	0.0	0.0	135	135	0	0	0
OG0000402	AT1G24250	270	270	0	0	0	1.0	0.0	0.0	0.0	136	136	0	0	0
OG0000402	AT1G27260	136	0	9	127	0	0.0	0.0661764705882353	0.9338235294117647	0.0	136	0	9	127	0
OG0000402	AT1G27270	135	0	1	134	0	0.0	0.007407407407407408	0.9925925925925926	0.0	135	0	1	134	0
OG0000402	AT1G27280	134	8	0	126	0	0.05970149253731343	0.0	0.9402985074626866	0.0	134	8	0	126	0
OG0000418	AT5G03390	136	91	0	45	0	0.6691176470588235	0.0	0.33088235294117646	0.0	136	91	0	45	0
OG0000419	AT4G22280	136	136	0	0	0	1.0	0.0	0.0	0.0	136	136	0	0	0
OG0000422	AT2G37800	136	3	1	132	0	0.022058823529411766	0.007352941176470588	0.9705882352941176	0.0	136	3	1	132	0
OG0000422	AT2G37805	136	0	0	136	0	0.0	0.0	1.0	0.0	136	0	0	136	0
OG0000422	AT2G37810	136	1	0	135	0	0.007352941176470588	0.0	0.9926470588235294	0.0	136	1	0	135	0
OG0000422	AT2G37820	136	1	0	135	0	0.007352941176470588	0.0	0.9926470588235294	0.0	136	1	0	135	0
OG0000432	AT4G05360	136	116	0	9	11	0.8529411764705882	0.0	0.0661764705882353	0.08088235294117647	136	116	0	9	11
OG0000434	AT1G49920	136	136	0	0	0	1.0	0.0	0.0	0.0	136	136	0	0	0
OG0000434	AT1G64253	131	57	20	54	0	0.4351145038167939	0.15267175572519084	0.4122137404580153	0.0	131	57	20	54	0
OG0000434	AT1G64255	132	68	2	62	0	0.5151515151515151	0.015151515151515152	0.4696969696969697	0.0	132	68	2	62	0
OG0000434	AT1G64260	106	48	0	58	0	0.4528301886792453	0.0	0.5471698113207547	0.0	106	48	0	58	0
OG0000440	AT1G30790	132	28	13	91	0	0.21212121212121213	0.09848484848484848	0.6893939393939394	0.0	132	28	13	91	0
OG0000440	AT1G32660	134	49	0	85	0	0.3656716417910448	0.0	0.6343283582089553	0.0	134	49	0	85	0
OG0000442	AT1G21835	135	4	0	131	0	0.02962962962962963	0.0	0.9703703703703703	0.0	135	4	0	131	0
OG0000442	AT1G34792	137	7	1	129	0	0.051094890510948905	0.0072992700729927005	0.9416058394160584	0.0	136	7	1	128	0
OG0000442	AT1G34795	264	18	9	237	0	0.06818181818181818	0.03409090909090909	0.8977272727272727	0.0	136	18	9	133	0
OG0000442	AT1G34800	376	31	14	331	0	0.08244680851063829	0.03723404255319149	0.8803191489361702	0.0	136	25	13	136	0
OG0000442	AT1G34805	95	28	23	44	0	0.29473684210526313	0.24210526315789474	0.4631578947368421	0.0	95	28	23	44	0
OG0000442	AT1G34810	52	3	35	14	0	0.057692307692307696	0.6730769230769231	0.2692307692307692	0.0	52	3	35	14	0
OG0000442	AT1G34815	11	2	3	6	0	0.18181818181818182	0.2727272727272727	0.5454545454545454	0.0	11	2	3	6	0
OG0000442	AT1G34820	10	2	0	8	0	0.2	0.0	0.8	0.0	10	2	0	8	0
OG0000442	AT1G34825	553	74	80	399	0	0.13381555153707053	0.14466546112115733	0.7215189873417721	0.0	136	49	77	135	0
OG0000442	AT1G34830	281	42	75	164	0	0.1494661921708185	0.2669039145907473	0.5836298932384342	0.0	112	27	73	99	0
OG0000442	AT1G34840	129	0	0	0	129	0.0	0.0	0.0	1.0	97	0	0	0	97
OG0000442	AT1G34850	1	0	0	0	1	0.0	0.0	0.0	1.0	1	0	0	0	1
OG0000442	AT1G34860	9	3	0	6	0	0.3333333333333333	0.0	0.6666666666666666	0.0	6	1	0	6	0
OG0000442	AT1G34930	16	9	0	7	0	0.5625	0.0	0.4375	0.0	5	1	0	5	0
OG0000442	AT1G35035	48	11	10	27	0	0.22916666666666666	0.20833333333333334	0.5625	0.0	42	10	9	26	0
OG0000445	AT1G36970	136	136	0	0	0	1.0	0.0	0.0	0.0	136	136	0	0	0
OG0000445	AT3G31560	90	0	0	0	90	0.0	0.0	0.0	1.0	90	0	0	0	90
OG0000445	AT4G05555	138	138	0	0	0	1.0	0.0	0.0	0.0	135	135	0	0	0
OG0000448	AT1G14800	135	27	0	108	0	0.2	0.0	0.8	0.0	135	27	0	108	0
OG0000448	AT3G30730	129	129	0	0	0	1.0	0.0	0.0	0.0	129	129	0	0	0
OG0000452	AT5G32613	134	0	0	0	134	0.0	0.0	0.0	1.0	134	0	0	0	134
OG0000453	AT1G06340	136	12	0	124	0	0.08823529411764706	0.0	0.9117647058823529	0.0	136	12	0	124	0
OG0000473	AT1G35610	136	31	2	103	0	0.22794117647058823	0.014705882352941176	0.7573529411764706	0.0	136	31	2	103	0
OG0000473	AT2G17590	90	9	0	81	0	0.1	0.0	0.9	0.0	90	9	0	81	0
OG0000473	AT2G17600	134	134	0	0	0	1.0	0.0	0.0	0.0	134	134	0	0	0
OG0000473	AT3G11370	37	8	0	29	0	0.21621621621621623	0.0	0.7837837837837838	0.0	37	8	0	29	0
OG0000473	AT3G11385	136	13	52	71	0	0.09558823529411764	0.38235294117647056	0.5220588235294118	0.0	136	13	52	71	0
OG0000473	AT3G11390	136	21	0	115	0	0.15441176470588236	0.0	0.8455882352941176	0.0	136	21	0	115	0
OG0000473	AT3G11402	136	8	2	126	0	0.058823529411764705	0.014705882352941176	0.9264705882352942	0.0	136	8	2	126	0
OG0000473	AT3G13760	136	127	0	9	0	0.9338235294117647	0.0	0.0661764705882353	0.0	136	127	0	9	0
OG0000473	AT3G59120	136	55	10	71	0	0.40441176470588236	0.07352941176470588	0.5220588235294118	0.0	136	55	10	71	0
OG0000473	AT3G59130	136	136	0	0	0	1.0	0.0	0.0	0.0	136	136	0	0	0
OG0000473	AT5G17960	111	111	0	0	0	1.0	0.0	0.0	0.0	111	111	0	0	0
OG0000496	AT2G30680	136	93	0	43	0	0.6838235294117647	0.0	0.3161764705882353	0.0	136	93	0	43	0
OG0000500	AT1G19260	135	135	0	0	0	1.0	0.0	0.0	0.0	135	135	0	0	0
OG0000500	AT1G41920	149	20	9	0	120	0.1342281879194631	0.06040268456375839	0.0	0.8053691275167785	136	20	9	0	112
OG0000500	AT1G42710	88	12	0	65	11	0.13636363636363635	0.0	0.7386363636363636	0.125	88	12	0	65	11
OG0000500	AT2G06541	237	237	0	0	0	1.0	0.0	0.0	0.0	132	132	0	0	0
OG0000500	AT3G29450	288	213	22	53	0	0.7395833333333334	0.0763888888888889	0.1840277777777778	0.0	132	118	22	53	0
OG0000500	AT3G29763	252	252	0	0	0	1.0	0.0	0.0	0.0	135	135	0	0	0
OG0000500	AT3G29765	339	192	11	136	0	0.5663716814159292	0.032448377581120944	0.40117994100294985	0.0	135	112	10	95	0
OG0000500	AT3G31402	88	44	1	31	12	0.5	0.011363636363636364	0.3522727272727273	0.13636363636363635	87	43	1	31	12
OG0000500	AT4G09660	394	334	0	58	2	0.8477157360406091	0.0	0.14720812182741116	0.005076142131979695	135	135	0	48	1
OG0000501	AT1G51370	135	23	2	110	0	0.17037037037037037	0.014814814814814815	0.8148148148148148	0.0	135	23	2	110	0
OG0000501	AT5G53840	136	136	0	0	0	1.0	0.0	0.0	0.0	136	136	0	0	0
OG0000503	AT1G29355	136	0	0	0	136	0.0	0.0	0.0	1.0	136	0	0	0	136
OG0000503	AT1G43145	108	21	0	23	64	0.19444444444444445	0.0	0.21296296296296297	0.5925925925925926	108	21	0	23	64
OG0000504	AT1G35150	136	0	0	0	136	0.0	0.0	0.0	1.0	136	0	0	0	136
OG0000504	AT2G06500	134	52	0	82	0	0.3880597014925373	0.0	0.6119402985074627	0.0	134	52	0	82	0
OG0000504	AT2G16040	136	98	3	35	0	0.7205882352941176	0.022058823529411766	0.25735294117647056	0.0	136	98	3	35	0
OG0000504	AT2G19960	127	25	0	102	0	0.1968503937007874	0.0	0.8031496062992126	0.0	127	25	0	102	0
OG0000504	AT3G29638	134	0	0	0	134	0.0	0.0	0.0	1.0	134	0	0	0	134
OG0000504	AT3G29794	136	82	0	54	0	0.6029411764705882	0.0	0.39705882352941174	0.0	136	82	0	54	0
OG0000504	AT4G10200	130	106	1	23	0	0.8153846153846154	0.007692307692307693	0.17692307692307693	0.0	130	106	1	23	0
OG0000504	AT4G10820	135	135	0	0	0	1.0	0.0	0.0	0.0	135	135	0	0	0
OG0000504	AT5G35475	136	136	0	0	0	1.0	0.0	0.0	0.0	136	136	0	0	0
OG0000510	AT3G27473	121	35	0	83	3	0.2892561983471074	0.0	0.6859504132231405	0.024793388429752067	121	35	0	83	3
OG0000510	AT3G27480	110	2	0	108	0	0.01818181818181818	0.0	0.9818181818181818	0.0	110	2	0	108	0
OG0000510	AT3G27490	122	31	2	89	0	0.2540983606557377	0.01639344262295082	0.7295081967213115	0.0	122	31	2	89	0
OG0000510	AT3G27500	114	33	17	64	0	0.2894736842105263	0.14912280701754385	0.5614035087719298	0.0	114	33	17	64	0
OG0000510	AT3G27510	135	32	6	97	0	0.23703703703703705	0.044444444444444446	0.7185185185185186	0.0	135	32	6	97	0
OG0000510	AT3G28650	117	10	0	107	0	0.08547008547008547	0.0	0.9145299145299145	0.0	117	10	0	107	0
OG0000510	AT3G45530	119	79	0	40	0	0.6638655462184874	0.0	0.33613445378151263	0.0	119	79	0	40	0
OG0000510	AT5G42840	136	8	0	128	0	0.058823529411764705	0.0	0.9411764705882353	0.0	136	8	0	128	0
OG0000513	AT1G23037	128	0	0	0	128	0.0	0.0	0.0	1.0	128	0	0	0	128
OG0000513	AT3G52320	135	1	9	125	0	0.007407407407407408	0.06666666666666667	0.9259259259259259	0.0	135	1	9	125	0
OG0000513	AT3G52330	135	3	0	132	0	0.022222222222222223	0.0	0.9777777777777777	0.0	135	3	0	132	0
OG0000513	AT3G52510	136	0	0	0	136	0.0	0.0	0.0	1.0	136	0	0	0	136
OG0000534	AT1G75830	136	0	0	136	0	0.0	0.0	1.0	0.0	136	0	0	136	0
OG0000534	AT2G26010	131	3	0	128	0	0.022900763358778626	0.0	0.9770992366412213	0.0	131	3	0	128	0
OG0000534	AT2G26020	130	0	0	130	0	0.0	0.0	1.0	0.0	130	0	0	130	0
OG0000534	AT5G44420	136	136	0	0	0	1.0	0.0	0.0	0.0	136	136	0	0	0
OG0000534	AT5G44430	129	129	0	0	0	1.0	0.0	0.0	0.0	129	129	0	0	0
OG0000535	AT1G60500	119	23	2	94	0	0.19327731092436976	0.01680672268907563	0.7899159663865546	0.0	119	23	2	94	0
OG0000535	AT1G60530	108	35	0	73	0	0.32407407407407407	0.0	0.6759259259259259	0.0	108	35	0	73	0
OG0000546	AT1G67160	136	66	1	69	0	0.4852941176470588	0.007352941176470588	0.5073529411764706	0.0	136	66	1	69	0
OG0000546	AT3G03726	136	136	0	0	0	1.0	0.0	0.0	0.0	136	136	0	0	0
OG0000546	AT3G03730	136	136	0	0	0	1.0	0.0	0.0	0.0	136	136	0	0	0
OG0000546	AT3G22333	136	6	0	130	0	0.04411764705882353	0.0	0.9558823529411765	0.0	136	6	0	130	0
OG0000546	AT3G22345	135	54	0	81	0	0.4	0.0	0.6	0.0	135	54	0	81	0
OG0000546	AT4G12810	136	32	6	98	0	0.23529411764705882	0.04411764705882353	0.7205882352941176	0.0	136	32	6	98	0
OG0000546	AT4G12820	136	17	29	90	0	0.125	0.21323529411764705	0.6617647058823529	0.0	136	17	29	90	0
OG0000549	AT2G18620	136	21	0	115	0	0.15441176470588236	0.0	0.8455882352941176	0.0	136	21	0	115	0
OG0000549	AT2G18640	136	2	0	134	0	0.014705882352941176	0.0	0.9852941176470589	0.0	136	2	0	134	0
OG0000549	AT2G23800	136	0	0	136	0	0.0	0.0	1.0	0.0	136	0	0	136	0
OG0000549	AT4G36810	136	0	0	136	0	0.0	0.0	1.0	0.0	136	0	0	136	0
OG0000589	AT2G11035	93	32	8	53	0	0.34408602150537637	0.08602150537634409	0.5698924731182796	0.0	93	32	8	53	0
OG0000591	AT1G06740	136	0	23	113	0	0.0	0.16911764705882354	0.8308823529411765	0.0	136	0	23	113	0
OG0000594	AT1G23201	136	5	0	131	0	0.03676470588235294	0.0	0.9632352941176471	0.0	136	5	0	131	0
OG0000594	AT1G36325	102	1	0	101	0	0.00980392156862745	0.0	0.9901960784313726	0.0	102	1	0	101	0
OG0000598	AT1G24090	135	0	7	128	0	0.0	0.05185185185185185	0.9481481481481482	0.0	135	0	7	128	0
OG0000598	AT3G01410	135	135	0	0	0	1.0	0.0	0.0	0.0	135	135	0	0	0
OG0000598	AT5G51080	136	136	0	0	0	1.0	0.0	0.0	0.0	136	136	0	0	0
OG0000599	AT2G18770	136	0	0	136	0	0.0	0.0	1.0	0.0	136	0	0	136	0
OG0000599	AT5G05670	136	136	0	0	0	1.0	0.0	0.0	0.0	136	136	0	0	0
OG0000601	AT4G16857	129	128	0	0	1	0.9922480620155039	0.0	0.0	0.007751937984496124	129	128	0	0	1
OG0000601	AT4G16860	185	181	0	0	4	0.9783783783783784	0.0	0.0	0.021621621621621623	135	133	0	0	3
OG0000601	AT4G16880	76	33	38	0	5	0.4342105263157895	0.5	0.0	0.06578947368421052	68	32	35	0	5
OG0000601	AT4G16890	265	265	0	0	0	1.0	0.0	0.0	0.0	132	132	0	0	0
OG0000601	AT4G16900	134	111	0	0	23	0.8283582089552238	0.0	0.0	0.17164179104477612	103	89	0	0	23
OG0000601	AT4G16920	364	364	0	0	0	1.0	0.0	0.0	0.0	133	133	0	0	0
OG0000601	AT4G16940	331	331	0	0	0	1.0	0.0	0.0	0.0	126	126	0	0	0
OG0000601	AT4G16950	398	398	0	0	0	1.0	0.0	0.0	0.0	128	128	0	0	0
OG0000601	AT4G16957	164	113	0	0	51	0.6890243902439024	0.0	0.0	0.31097560975609756	110	89	0	0	43
OG0000601	AT4G16960	230	230	0	0	0	1.0	0.0	0.0	0.0	116	116	0	0	0
OG0000601	AT5G51630	86	32	0	54	0	0.37209302325581395	0.0	0.627906976744186	0.0	86	32	0	54	0
OG0000605	AT1G25141	136	74	2	60	0	0.5441176470588235	0.014705882352941176	0.4411764705882353	0.0	136	74	2	60	0
OG0000605	AT3G25460	136	99	0	37	0	0.7279411764705882	0.0	0.27205882352941174	0.0	136	99	0	37	0
OG0000605	AT5G47300	136	99	1	36	0	0.7279411764705882	0.007352941176470588	0.2647058823529412	0.0	136	99	1	36	0
OG0000606	AT5G25850	136	136	0	0	0	1.0	0.0	0.0	0.0	136	136	0	0	0
OG0000606	AT5G53635	136	136	0	0	0	1.0	0.0	0.0	0.0	136	136	0	0	0
OG0000606	AT5G53640	136	136	0	0	0	1.0	0.0	0.0	0.0	136	136	0	0	0
OG0000618	AT1G32375	135	14	5	116	0	0.1037037037037037	0.037037037037037035	0.8592592592592593	0.0	135	14	5	116	0
OG0000618	AT5G50270	135	23	0	112	0	0.17037037037037037	0.0	0.8296296296296296	0.0	135	23	0	112	0
OG0000618	AT5G56390	136	136	0	0	0	1.0	0.0	0.0	0.0	136	136	0	0	0
OG0000620	AT3G23010	117	46	1	70	0	0.39316239316239315	0.008547008547008548	0.5982905982905983	0.0	117	46	1	70	0
OG0000620	AT3G23110	119	119	0	0	0	1.0	0.0	0.0	0.0	119	119	0	0	0
OG0000620	AT3G23120	112	18	0	94	0	0.16071428571428573	0.0	0.8392857142857143	0.0	112	18	0	94	0
OG0000621	AT1G31150	136	5	0	131	0	0.03676470588235294	0.0	0.9632352941176471	0.0	136	5	0	131	0
OG0000639	AT1G71390	128	4	0	124	0	0.03125	0.0	0.96875	0.0	128	4	0	124	0
OG0000639	AT1G71400	136	0	10	126	0	0.0	0.07352941176470588	0.9264705882352942	0.0	136	0	10	126	0
OG0000679	AT1G50190	136	133	0	0	3	0.9779411764705882	0.0	0.0	0.022058823529411766	136	133	0	0	3
OG0000679	AT1G55380	136	76	0	60	0	0.5588235294117647	0.0	0.4411764705882353	0.0	136	76	0	60	0
OG0000679	AT1G55390	131	30	36	65	0	0.22900763358778625	0.2748091603053435	0.4961832061068702	0.0	131	30	36	65	0
OG0000679	AT1G55420	207	90	7	110	0	0.43478260869565216	0.033816425120772944	0.5314009661835749	0.0	136	87	7	110	0
OG0000679	AT1G55430	136	18	27	91	0	0.1323529411764706	0.19852941176470587	0.6691176470588235	0.0	136	18	27	91	0
OG0000679	AT1G55440	135	20	2	113	0	0.14814814814814814	0.014814814814814815	0.837037037037037	0.0	135	20	2	113	0
OG0000679	AT1G55700	135	127	0	8	0	0.9407407407407408	0.0	0.05925925925925926	0.0	135	127	0	8	0
OG0000679	AT2G23100	136	22	28	86	0	0.16176470588235295	0.20588235294117646	0.6323529411764706	0.0	136	22	28	86	0
OG0000679	AT5G42280	128	90	5	33	0	0.703125	0.0390625	0.2578125	0.0	128	90	5	33	0
OG0000692	AT2G24870	135	135	0	0	0	1.0	0.0	0.0	0.0	135	135	0	0	0
OG0000692	AT2G24880	119	25	0	94	0	0.21008403361344538	0.0	0.7899159663865546	0.0	119	25	0	94	0
OG0000692	AT3G26860	129	4	0	125	0	0.031007751937984496	0.0	0.9689922480620154	0.0	129	4	0	125	0
OG0000692	AT3G26870	136	0	0	0	136	0.0	0.0	0.0	1.0	136	0	0	0	136
OG0000692	AT3G27329	136	4	0	132	0	0.029411764705882353	0.0	0.9705882352941176	0.0	136	4	0	132	0
OG0000692	AT3G27331	242	14	12	216	0	0.05785123966942149	0.049586776859504134	0.8925619834710744	0.0	136	13	12	134	0
OG0000692	AT3G27680	136	42	0	94	0	0.3088235294117647	0.0	0.6911764705882353	0.0	136	42	0	94	0
OG0000712	AT2G23142	136	0	0	0	136	0.0	0.0	0.0	1.0	136	0	0	0	136
OG0000712	AT2G23148	136	5	0	131	0	0.03676470588235294	0.0	0.9632352941176471	0.0	136	5	0	131	0
OG0000712	AT5G38435	136	6	0	130	0	0.04411764705882353	0.0	0.9558823529411765	0.0	136	6	0	130	0
OG0000712	AT5G38440	136	13	0	123	0	0.09558823529411764	0.0	0.9044117647058824	0.0	136	13	0	123	0
OG0000720	AT5G60840	136	136	0	0	0	1.0	0.0	0.0	0.0	136	136	0	0	0
OG0000724	AT4G03566	136	38	2	96	0	0.27941176470588236	0.014705882352941176	0.7058823529411765	0.0	136	38	2	96	0
OG0000724	AT5G19270	136	136	0	0	0	1.0	0.0	0.0	0.0	136	136	0	0	0
OG0000725	AT3G44780	135	135	0	0	0	1.0	0.0	0.0	0.0	135	135	0	0	0
OG0000728	AT1G52990	125	0	0	0	125	0.0	0.0	0.0	1.0	125	0	0	0	125
OG0000728	AT3G23320	76	24	0	52	0	0.3157894736842105	0.0	0.6842105263157895	0.0	76	24	0	52	0
OG0000728	AT5G44470	136	3	0	133	0	0.022058823529411766	0.0	0.9779411764705882	0.0	136	3	0	133	0
OG0000728	AT5G52115	137	0	0	0	137	0.0	0.0	0.0	1.0	136	0	0	0	136
OG0000728	AT5G65005	136	48	1	87	0	0.35294117647058826	0.007352941176470588	0.6397058823529411	0.0	136	48	1	87	0
OG0000731	AT1G47730	134	134	0	0	0	1.0	0.0	0.0	0.0	134	134	0	0	0
OG0000731	AT1G47765	136	31	14	91	0	0.22794117647058823	0.10294117647058823	0.6691176470588235	0.0	136	31	14	91	0
OG0000731	AT1G47790	100	100	0	0	0	1.0	0.0	0.0	0.0	100	100	0	0	0
OG0000731	AT1G48060	136	6	0	130	0	0.04411764705882353	0.0	0.9558823529411765	0.0	136	6	0	130	0
OG0000731	AT1G50870	136	63	23	50	0	0.4632352941176471	0.16911764705882354	0.36764705882352944	0.0	136	63	23	50	0
OG0000731	AT1G50880	136	13	2	121	0	0.09558823529411764	0.014705882352941176	0.8897058823529411	0.0	136	13	2	121	0
OG0000731	AT3G10240	136	20	0	116	0	0.14705882352941177	0.0	0.8529411764705882	0.0	136	20	0	116	0
OG0000736	AT2G43220	136	5	0	131	0	0.03676470588235294	0.0	0.9632352941176471	0.0	136	5	0	131	0
OG0000736	AT4G01740	73	29	17	27	0	0.3972602739726027	0.2328767123287671	0.3698630136986301	0.0	73	29	17	27	0
OG0000736	AT4G01760	134	19	7	108	0	0.1417910447761194	0.05223880597014925	0.8059701492537313	0.0	134	19	7	108	0
OG0000736	AT4G01910	20	0	1	19	0	0.0	0.05	0.95	0.0	20	0	1	19	0
OG0000736	AT4G01920	20	6	0	14	0	0.3	0.0	0.7	0.0	20	6	0	14	0
OG0000736	AT4G01925	160	67	15	78	0	0.41875	0.09375	0.4875	0.0	135	62	15	78	0
OG0000736	AT4G01930	57	30	0	27	0	0.5263157894736842	0.0	0.47368421052631576	0.0	57	30	0	27	0
OG0000736	AT4G02190	136	6	0	130	0	0.04411764705882353	0.0	0.9558823529411765	0.0	136	6	0	130	0
OG0000736	AT4G11390	135	2	0	133	0	0.014814814814814815	0.0	0.9851851851851852	0.0	135	2	0	133	0
OG0000736	AT4G11540	117	117	0	0	0	1.0	0.0	0.0	0.0	117	117	0	0	0
OG0000736	AT4G11550	117	17	1	99	0	0.1452991452991453	0.008547008547008548	0.8461538461538461	0.0	117	17	1	99	0
OG0000739	AT1G54775	109	0	0	0	109	0.0	0.0	0.0	1.0	109	0	0	0	109
OG0000739	AT1G58242	137	72	0	65	0	0.5255474452554745	0.0	0.4744525547445255	0.0	133	72	0	62	0
OG0000739	AT1G58245	136	0	0	0	136	0.0	0.0	0.0	1.0	136	0	0	0	136
OG0000739	AT1G58248	168	0	0	0	168	0.0	0.0	0.0	1.0	136	0	0	0	136
OG0000739	AT3G24465	138	0	0	0	138	0.0	0.0	0.0	1.0	136	0	0	0	136
OG0000739	AT5G34828	199	47	17	135	0	0.23618090452261306	0.08542713567839195	0.678391959798995	0.0	133	46	17	118	0
OG0000739	AT5G36720	364	0	0	0	364	0.0	0.0	0.0	1.0	136	0	0	0	136
OG0000739	AT5G36805	129	0	0	0	129	0.0	0.0	0.0	1.0	129	0	0	0	129
OG0000739	AT5G38378	127	0	0	0	127	0.0	0.0	0.0	1.0	91	0	0	0	91
OG0000761	AT1G24807	136	136	0	0	0	1.0	0.0	0.0	0.0	136	136	0	0	0
OG0000761	AT1G24909	146	146	0	0	0	1.0	0.0	0.0	0.0	136	136	0	0	0
OG0000761	AT1G25083	153	153	0	0	0	1.0	0.0	0.0	0.0	136	136	0	0	0
OG0000761	AT1G25155	14	14	0	0	0	1.0	0.0	0.0	0.0	7	7	0	0	0
OG0000761	AT1G25220	167	167	0	0	0	1.0	0.0	0.0	0.0	136	136	0	0	0
OG0000761	AT5G57890	136	136	0	0	0	1.0	0.0	0.0	0.0	136	136	0	0	0
OG0000792	AT3G29670	136	0	0	136	0	0.0	0.0	1.0	0.0	136	0	0	136	0
OG0000817	AT3G05450	103	103	0	0	0	1.0	0.0	0.0	0.0	103	103	0	0	0
OG0000822	AT3G20980	134	11	0	123	0	0.08208955223880597	0.0	0.917910447761194	0.0	134	11	0	123	0
OG0000822	AT3G21000	136	0	0	136	0	0.0	0.0	1.0	0.0	136	0	0	136	0
OG0000846	AT4G35670	136	3	2	131	0	0.022058823529411766	0.014705882352941176	0.9632352941176471	0.0	136	3	2	131	0
OG0000846	AT5G27530	136	2	0	134	0	0.014705882352941176	0.0	0.9852941176470589	0.0	136	2	0	134	0
OG0000846	AT5G44830	136	136	0	0	0	1.0	0.0	0.0	0.0	136	136	0	0	0
OG0000846	AT5G44840	136	136	0	0	0	1.0	0.0	0.0	0.0	136	136	0	0	0
OG0000857	AT1G35710	136	45	57	34	0	0.33088235294117646	0.41911764705882354	0.25	0.0	136	45	57	34	0
OG0000857	AT4G08850	136	136	0	0	0	1.0	0.0	0.0	0.0	136	136	0	0	0
OG0000862	AT3G29785	113	113	0	0	0	1.0	0.0	0.0	0.0	113	113	0	0	0
OG0000865	AT3G53690	136	136	0	0	0	1.0	0.0	0.0	0.0	136	136	0	0	0
OG0000887	AT5G67360	135	0	0	135	0	0.0	0.0	1.0	0.0	135	0	0	135	0
OG0000893	AT3G32960	123	19	0	104	0	0.15447154471544716	0.0	0.8455284552845529	0.0	123	19	0	104	0
OG0000907	AT4G31640	128	26	0	102	0	0.203125	0.0	0.796875	0.0	128	26	0	102	0
OG0000907	AT4G31650	136	4	0	132	0	0.029411764705882353	0.0	0.9705882352941176	0.0	136	4	0	132	0
OG0000907	AT4G31680	136	136	0	0	0	1.0	0.0	0.0	0.0	136	136	0	0	0
OG0000907	AT4G31685	136	136	0	0	0	1.0	0.0	0.0	0.0	136	136	0	0	0
OG0000907	AT4G31690	136	136	0	0	0	1.0	0.0	0.0	0.0	136	136	0	0	0
OG0000913	AT1G18760	136	0	0	136	0	0.0	0.0	1.0	0.0	136	0	0	136	0
OG0000913	AT1G18770	135	14	6	115	0	0.1037037037037037	0.044444444444444446	0.8518518518518519	0.0	135	14	6	115	0
OG0000913	AT1G21960	136	6	0	130	0	0.04411764705882353	0.0	0.9558823529411765	0.0	136	6	0	130	0
OG0000913	AT2G29840	136	67	0	0	69	0.49264705882352944	0.0	0.0	0.5073529411764706	136	67	0	0	69
OG0000929	AT1G27030	136	3	54	79	0	0.022058823529411766	0.39705882352941174	0.5808823529411765	0.0	136	3	54	79	0
OG0000949	AT5G26865	136	14	0	122	0	0.10294117647058823	0.0	0.8970588235294118	0.0	136	14	0	122	0
OG0000949	AT5G26950	272	124	14	134	0	0.45588235294117646	0.051470588235294115	0.49264705882352944	0.0	136	118	14	130	0
OG0000949	AT5G27050	404	160	228	16	0	0.39603960396039606	0.5643564356435643	0.039603960396039604	0.0	136	126	133	16	0
OG0000949	AT5G27070	475	260	22	193	0	0.5473684210526316	0.04631578947368421	0.4063157894736842	0.0	136	136	22	135	0
OG0000949	AT5G27090	234	36	34	164	0	0.15384615384615385	0.1452991452991453	0.7008547008547008	0.0	136	36	33	108	0
OG0000949	AT5G27580	647	393	5	249	0	0.60741885625966	0.0077279752704791345	0.3848531684698609	0.0	136	136	5	136	0
OG0000949	AT5G27944	596	337	5	254	0	0.5654362416107382	0.008389261744966443	0.4261744966442953	0.0	136	136	5	136	0
OG0000962	AT2G27410	132	85	1	46	0	0.6439393939393939	0.007575757575757576	0.3484848484848485	0.0	132	85	1	46	0
OG0000962	AT2G31420	136	10	0	126	0	0.07352941176470588	0.0	0.9264705882352942	0.0	136	10	0	126	0
OG0000962	AT2G31460	135	4	0	131	0	0.02962962962962963	0.0	0.9703703703703703	0.0	135	4	0	131	0
OG0000962	AT2G32645	136	106	0	30	0	0.7794117647058824	0.0	0.22058823529411764	0.0	136	106	0	30	0
OG0000962	AT2G32905	136	0	0	136	0	0.0	0.0	1.0	0.0	136	0	0	136	0
OG0001007	AT3G25180	136	136	0	0	0	1.0	0.0	0.0	0.0	136	136	0	0	0
OG0001019	AT3G59700	136	5	0	131	0	0.03676470588235294	0.0	0.9632352941176471	0.0	136	5	0	131	0
OG0001019	AT3G59730	136	7	0	129	0	0.051470588235294115	0.0	0.9485294117647058	0.0	136	7	0	129	0
OG0001019	AT3G59740	136	78	9	49	0	0.5735294117647058	0.0661764705882353	0.3602941176470588	0.0	136	78	9	49	0
OG0001019	AT3G59750	137	58	1	78	0	0.4233576642335766	0.0072992700729927005	0.5693430656934306	0.0	136	58	1	78	0
OG0001038	AT2G02610	136	3	12	121	0	0.022058823529411766	0.08823529411764706	0.8897058823529411	0.0	136	3	12	121	0
OG0001038	AT2G02620	105	17	6	82	0	0.1619047619047619	0.05714285714285714	0.780952380952381	0.0	105	17	6	82	0
OG0001038	AT2G02630	100	47	10	43	0	0.47	0.1	0.43	0.0	100	47	10	43	0
OG0001038	AT2G02640	200	13	7	180	0	0.065	0.035	0.9	0.0	136	13	7	127	0
OG0001038	AT2G02680	93	2	4	87	0	0.021505376344086023	0.043010752688172046	0.9354838709677419	0.0	93	2	4	87	0
OG0001038	AT2G02690	129	61	40	28	0	0.4728682170542636	0.31007751937984496	0.21705426356589147	0.0	129	61	40	28	0
OG0001038	AT2G02700	134	83	9	42	0	0.6194029850746269	0.06716417910447761	0.31343283582089554	0.0	134	83	9	42	0
OG0001079	AT5G18880	89	25	1	63	0	0.2808988764044944	0.011235955056179775	0.7078651685393258	0.0	89	25	1	63	0
OG0001115	AT1G34560	136	16	21	99	0	0.11764705882352941	0.15441176470588236	0.7279411764705882	0.0	136	16	21	99	0
OG0001115	AT1G35353	135	123	0	12	0	0.9111111111111111	0.0	0.08888888888888889	0.0	135	123	0	12	0
OG0001115	AT1G35365	134	110	0	24	0	0.8208955223880597	0.0	0.1791044776119403	0.0	134	110	0	24	0
OG0001115	AT3G27900	136	10	24	102	0	0.07352941176470588	0.17647058823529413	0.75	0.0	136	10	24	102	0
OG0001127	AT1G52603	128	99	12	17	0	0.7734375	0.09375	0.1328125	0.0	128	99	12	17	0
OG0001127	AT1G67235	44	44	0	0	0	1.0	0.0	0.0	0.0	44	44	0	0	0
OG0001127	AT5G33393	119	0	0	0	119	0.0	0.0	0.0	1.0	119	0	0	0	119
OG0001132	AT5G38350	136	50	33	53	0	0.36764705882352944	0.2426470588235294	0.3897058823529412	0.0	136	50	33	53	0
OG0001135	AT1G36230	133	133	0	0	0	1.0	0.0	0.0	0.0	133	133	0	0	0
OG0001136	AT2G38590	124	22	0	102	0	0.1774193548387097	0.0	0.8225806451612904	0.0	124	22	0	102	0
OG0001136	AT4G33290	136	94	1	41	0	0.6911764705882353	0.007352941176470588	0.3014705882352941	0.0	136	94	1	41	0
OG0001136	AT5G41490	136	38	6	92	0	0.27941176470588236	0.04411764705882353	0.6764705882352942	0.0	136	38	6	92	0
OG0001136	AT5G41500	136	14	0	122	0	0.10294117647058823	0.0	0.8970588235294118	0.0	136	14	0	122	0
OG0001136	AT5G41510	136	11	0	125	0	0.08088235294117647	0.0	0.9191176470588235	0.0	136	11	0	125	0
OG0001139	AT1G66045	133	11	4	118	0	0.08270676691729323	0.03007518796992481	0.8872180451127819	0.0	133	11	4	118	0
OG0001139	AT4G03040	135	13	0	122	0	0.0962962962962963	0.0	0.9037037037037037	0.0	135	13	0	122	0
OG0001139	AT5G33330	134	0	0	22	112	0.0	0.0	0.16417910447761194	0.835820895522388	134	0	0	22	112
OG0001188	AT5G25980	136	22	2	112	0	0.16176470588235295	0.014705882352941176	0.8235294117647058	0.0	136	22	2	112	0
OG0001188	AT5G26000	136	136	0	0	0	1.0	0.0	0.0	0.0	136	136	0	0	0
OG0001188	AT5G48375	136	136	0	0	0	1.0	0.0	0.0	0.0	136	136	0	0	0
OG0001196	AT2G43745	107	107	0	0	0	1.0	0.0	0.0	0.0	107	107	0	0	0
OG0001202	AT1G61563	136	0	0	136	0	0.0	0.0	1.0	0.0	136	0	0	136	0
OG0001202	AT1G61566	271	0	136	135	0	0.0	0.5018450184501845	0.4981549815498155	0.0	136	0	136	135	0
OG0001202	AT2G22055	136	2	0	134	0	0.014705882352941176	0.0	0.9852941176470589	0.0	136	2	0	134	0
OG0001262	AT3G18330	136	6	7	123	0	0.04411764705882353	0.051470588235294115	0.9044117647058824	0.0	136	6	7	123	0
OG0001262	AT3G18910	136	7	4	125	0	0.051470588235294115	0.029411764705882353	0.9191176470588235	0.0	136	7	4	125	0
OG0001262	AT3G19410	136	75	0	61	0	0.5514705882352942	0.0	0.4485294117647059	0.0	136	75	0	61	0
OG0001318	AT5G38360	136	136	0	0	0	1.0	0.0	0.0	0.0	136	136	0	0	0
OG0001336	AT4G27660	136	136	0	0	0	1.0	0.0	0.0	0.0	136	136	0	0	0
OG0001336	AT5G54148	136	136	0	0	0	1.0	0.0	0.0	0.0	136	136	0	0	0
OG0001336	AT5G54150	136	136	0	0	0	1.0	0.0	0.0	0.0	136	136	0	0	0
OG0001349	AT1G26510	132	24	0	108	0	0.18181818181818182	0.0	0.8181818181818182	0.0	132	24	0	108	0
OG0001349	AT1G26515	134	134	0	0	0	1.0	0.0	0.0	0.0	134	134	0	0	0
OG0001349	AT1G31000	135	135	0	0	0	1.0	0.0	0.0	0.0	135	135	0	0	0
OG0001349	AT4G11590	136	39	0	97	0	0.2867647058823529	0.0	0.7132352941176471	0.0	136	39	0	97	0
OG0001349	AT5G15660	135	7	1	127	0	0.05185185185185185	0.007407407407407408	0.9407407407407408	0.0	135	7	1	127	0
OG0001349	AT5G15670	136	0	22	114	0	0.0	0.16176470588235295	0.8382352941176471	0.0	136	0	22	114	0
OG0001363	AT1G40083	135	61	27	47	0	0.45185185185185184	0.2	0.34814814814814815	0.0	135	61	27	47	0
OG0001392	AT5G18720	136	133	0	3	0	0.9779411764705882	0.0	0.022058823529411766	0.0	136	133	0	3	0
OG0001392	AT5G18730	136	61	0	75	0	0.4485294117647059	0.0	0.5514705882352942	0.0	136	61	0	75	0
OG0001395	AT1G62170	133	129	0	4	0	0.9699248120300752	0.0	0.03007518796992481	0.0	133	129	0	4	0
OG0001395	AT2G14540	134	134	0	0	0	1.0	0.0	0.0	0.0	134	134	0	0	0
OG0001398	AT1G67020	25	4	0	20	1	0.16	0.0	0.8	0.04	25	4	0	20	1
OG0001400	AT2G27320	136	7	0	129	0	0.051470588235294115	0.0	0.9485294117647058	0.0	136	7	0	129	0
OG0001400	AT2G35250	136	136	0	0	0	1.0	0.0	0.0	0.0	136	136	0	0	0
OG0001400	AT2G38255	136	136	0	0	0	1.0	0.0	0.0	0.0	136	136	0	0	0
OG0001400	AT4G17505	136	136	0	0	0	1.0	0.0	0.0	0.0	136	136	0	0	0
OG0001401	AT2G31425	136	1	0	135	0	0.007352941176470588	0.0	0.9926470588235294	0.0	136	1	0	135	0
OG0001401	AT2G31430	136	2	0	134	0	0.014705882352941176	0.0	0.9852941176470589	0.0	136	2	0	134	0
OG0001401	AT3G55680	136	136	0	0	0	1.0	0.0	0.0	0.0	136	136	0	0	0
OG0001408	AT5G28950	135	36	0	99	0	0.26666666666666666	0.0	0.7333333333333333	0.0	135	36	0	99	0
OG0001408	AT5G35695	136	35	0	101	0	0.25735294117647056	0.0	0.7426470588235294	0.0	136	35	0	101	0
OG0001411	AT5G64450	136	14	0	122	0	0.10294117647058823	0.0	0.8970588235294118	0.0	136	14	0	122	0
OG0001412	AT5G57020	136	0	0	136	0	0.0	0.0	1.0	0.0	136	0	0	136	0
OG0001688	AT1G57570	135	38	0	97	0	0.2814814814814815	0.0	0.7185185185185186	0.0	135	38	0	97	0
OG0001688	AT1G60095	130	29	7	94	0	0.2230769230769231	0.05384615384615385	0.7230769230769231	0.0	130	29	7	94	0
OG0001688	AT1G60110	123	7	0	116	0	0.056910569105691054	0.0	0.943089430894309	0.0	123	7	0	116	0
OG0001688	AT1G60130	135	80	0	55	0	0.5925925925925926	0.0	0.4074074074074074	0.0	135	80	0	55	0
OG0001688	AT1G61230	136	90	15	31	0	0.6617647058823529	0.11029411764705882	0.22794117647058823	0.0	136	90	15	31	0
OG0001688	AT5G38540	133	133	0	0	0	1.0	0.0	0.0	0.0	133	133	0	0	0
OG0001688	AT5G38550	142	142	0	0	0	1.0	0.0	0.0	0.0	135	135	0	0	0
OG0001769	AT2G16505	135	135	0	0	0	1.0	0.0	0.0	0.0	135	135	0	0	0
OG0001769	AT2G16535	136	136	0	0	0	1.0	0.0	0.0	0.0	136	136	0	0	0
OG0001769	AT5G61605	136	136	0	0	0	1.0	0.0	0.0	0.0	136	136	0	0	0
OG0001813	AT3G10510	136	136	0	0	0	1.0	0.0	0.0	0.0	136	136	0	0	0
OG0001813	AT4G38940	136	0	0	136	0	0.0	0.0	1.0	0.0	136	0	0	136	0
OG0001820	AT3G45840	119	119	0	0	0	1.0	0.0	0.0	0.0	119	119	0	0	0
OG0001820	AT3G48400	136	136	0	0	0	1.0	0.0	0.0	0.0	136	136	0	0	0
OG0001820	AT4G01350	136	6	23	107	0	0.04411764705882353	0.16911764705882354	0.7867647058823529	0.0	136	6	23	107	0
OG0001820	AT5G22355	136	3	28	105	0	0.022058823529411766	0.20588235294117646	0.7720588235294118	0.0	136	3	28	105	0
OG0001820	AT5G59920	157	16	47	94	0	0.10191082802547771	0.29936305732484075	0.5987261146496815	0.0	136	16	40	94	0
OG0001820	AT5G59930	123	10	21	92	0	0.08130081300813008	0.17073170731707318	0.7479674796747967	0.0	123	10	21	92	0
OG0001820	AT5G59940	123	1	21	101	0	0.008130081300813009	0.17073170731707318	0.8211382113821138	0.0	123	1	21	101	0
OG0001841	AT5G62510	136	14	0	122	0	0.10294117647058823	0.0	0.8970588235294118	0.0	136	14	0	122	0
OG0001841	AT5G62660	136	123	0	13	0	0.9044117647058824	0.0	0.09558823529411764	0.0	136	123	0	13	0
OG0001885	AT1G48145	136	2	0	134	0	0.014705882352941176	0.0	0.9852941176470589	0.0	136	2	0	134	0
OG0001885	AT1G50745	136	7	16	113	0	0.051470588235294115	0.11764705882352941	0.8308823529411765	0.0	136	7	16	113	0
OG0001885	AT1G50750	136	8	0	128	0	0.058823529411764705	0.0	0.9411764705882353	0.0	136	8	0	128	0
OG0001885	AT1G50760	136	136	0	0	0	1.0	0.0	0.0	0.0	136	136	0	0	0
OG0001885	AT1G50770	131	19	0	112	0	0.1450381679389313	0.0	0.8549618320610687	0.0	131	19	0	112	0
OG0001885	AT1G50790	133	10	23	100	0	0.07518796992481203	0.17293233082706766	0.7518796992481203	0.0	133	10	23	100	0
OG0001885	AT1G50820	135	4	0	30	101	0.02962962962962963	0.0	0.2222222222222222	0.7481481481481481	135	4	0	30	101
OG0001893	AT1G43415	124	0	0	0	124	0.0	0.0	0.0	1.0	124	0	0	0	124
OG0001901	AT4G11485	136	136	0	0	0	1.0	0.0	0.0	0.0	136	136	0	0	0
OG0001901	AT4G11760	136	0	9	127	0	0.0	0.0661764705882353	0.9338235294117647	0.0	136	0	9	127	0
OG0001911	AT3G59070	136	0	0	0	136	0.0	0.0	0.0	1.0	136	0	0	0	136
OG0001911	AT5G48750	136	136	0	0	0	1.0	0.0	0.0	0.0	136	136	0	0	0
OG0001918	AT5G38270	34	2	0	32	0	0.058823529411764705	0.0	0.9411764705882353	0.0	34	2	0	32	0
OG0001923	AT3G58820	136	46	0	90	0	0.3382352941176471	0.0	0.6617647058823529	0.0	136	46	0	90	0
OG0001927	AT1G65190	33	21	0	12	0	0.6363636363636364	0.0	0.36363636363636365	0.0	33	21	0	12	0
OG0001927	AT1G65250	105	60	25	20	0	0.5714285714285714	0.23809523809523808	0.19047619047619047	0.0	105	60	25	20	0
OG0001927	AT1G67470	129	96	3	30	0	0.7441860465116279	0.023255813953488372	0.23255813953488372	0.0	129	96	3	30	0
OG0001928	AT1G53550	136	12	2	122	0	0.08823529411764706	0.014705882352941176	0.8970588235294118	0.0	136	12	2	122	0
OG0001928	AT1G53815	136	136	0	0	0	1.0	0.0	0.0	0.0	136	136	0	0	0
OG0001928	AT1G55070	136	3	3	130	0	0.022058823529411766	0.022058823529411766	0.9558823529411765	0.0	136	3	3	130	0
OG0001928	AT1G61060	136	4	0	132	0	0.029411764705882353	0.0	0.9705882352941176	0.0	136	4	0	132	0
OG0001929	AT1G65050	116	116	0	0	0	1.0	0.0	0.0	0.0	116	116	0	0	0
OG0001929	AT1G65150	136	136	0	0	0	1.0	0.0	0.0	0.0	134	134	0	0	0
OG0001929	AT1G65370	130	130	0	0	0	1.0	0.0	0.0	0.0	130	130	0	0	0
OG0002178	AT3G09160	136	136	0	0	0	1.0	0.0	0.0	0.0	136	136	0	0	0
OG0002370	AT2G24615	136	15	1	119	1	0.11029411764705882	0.007352941176470588	0.875	0.007352941176470588	136	15	1	119	1
OG0002370	AT2G24625	145	0	0	0	145	0.0	0.0	0.0	1.0	136	0	0	0	136
OG0002370	AT5G39365	114	113	0	0	1	0.9912280701754386	0.0	0.0	0.008771929824561403	114	113	0	0	1
OG0002564	AT3G60470	136	6	6	124	0	0.04411764705882353	0.04411764705882353	0.9117647058823529	0.0	136	6	6	124	0
OG0002742	AT3G09330	136	136	0	0	0	1.0	0.0	0.0	0.0	136	136	0	0	0
OG0002742	AT3G09340	183	183	0	0	0	1.0	0.0	0.0	0.0	136	136	0	0	0
OG0002742	AT5G02170	136	16	21	99	0	0.11764705882352941	0.15441176470588236	0.7279411764705882	0.0	136	16	21	99	0
OG0002742	AT5G02180	136	1	22	113	0	0.007352941176470588	0.16176470588235295	0.8308823529411765	0.0	136	1	22	113	0
OG0002810	AT1G33610	136	0	12	124	0	0.0	0.08823529411764706	0.9117647058823529	0.0	136	0	12	124	0
OG0002810	AT1G33670	136	16	4	116	0	0.11764705882352941	0.029411764705882353	0.8529411764705882	0.0	136	16	4	116	0
OG0002829	AT5G28720	127	68	4	55	0	0.5354330708661418	0.031496062992125984	0.4330708661417323	0.0	127	68	4	55	0
OG0002829	AT5G28730	128	0	0	0	128	0.0	0.0	0.0	1.0	128	0	0	0	128
OG0002867	AT2G42455	136	136	0	0	0	1.0	0.0	0.0	0.0	136	136	0	0	0
OG0002883	AT2G03913	133	10	0	123	0	0.07518796992481203	0.0	0.924812030075188	0.0	133	10	0	123	0
OG0002883	AT2G03931	50	0	8	42	0	0.0	0.16	0.84	0.0	50	0	8	42	0
OG0002883	AT2G03933	50	0	0	50	0	0.0	0.0	1.0	0.0	50	0	0	50	0
OG0002883	AT2G03936	94	0	0	0	94	0.0	0.0	0.0	1.0	50	0	0	0	50
OG0002883	AT2G03937	85	0	48	37	0	0.0	0.5647058823529412	0.43529411764705883	0.0	50	0	46	34	0
OG0002883	AT2G03955	105	3	0	102	0	0.02857142857142857	0.0	0.9714285714285714	0.0	105	3	0	102	0
OG0002883	AT2G34123	136	24	0	112	0	0.17647058823529413	0.0	0.8235294117647058	0.0	136	24	0	112	0
OG0002891	AT1G47770	72	0	0	0	72	0.0	0.0	0.0	1.0	72	0	0	0	72
OG0002891	AT3G01345	43	16	0	27	0	0.37209302325581395	0.0	0.627906976744186	0.0	43	16	0	27	0
OG0002891	AT5G01080	136	30	0	106	0	0.22058823529411764	0.0	0.7794117647058824	0.0	136	30	0	106	0
OG0002891	AT5G35760	136	15	1	119	1	0.11029411764705882	0.007352941176470588	0.875	0.007352941176470588	136	15	1	119	1
OG0002892	AT1G60300	136	37	17	82	0	0.27205882352941174	0.125	0.6029411764705882	0.0	136	37	17	82	0
OG0002892	AT1G60340	237	42	70	125	0	0.17721518987341772	0.29535864978902954	0.5274261603375527	0.0	134	37	70	116	0
OG0002892	AT1G60350	138	10	0	128	0	0.07246376811594203	0.0	0.927536231884058	0.0	136	10	0	128	0
OG0002892	AT1G60380	137	75	0	62	0	0.5474452554744526	0.0	0.45255474452554745	0.0	136	74	0	62	0
OG0002893	AT5G28160	118	26	36	56	0	0.22033898305084745	0.3050847457627119	0.4745762711864407	0.0	118	26	36	56	0
OG0002893	AT5G28180	117	43	18	56	0	0.36752136752136755	0.15384615384615385	0.47863247863247865	0.0	104	38	18	56	0
OG0002919	AT1G21925	136	0	0	0	136	0.0	0.0	0.0	1.0	136	0	0	0	136
OG0002919	AT1G21928	134	0	0	0	134	0.0	0.0	0.0	1.0	134	0	0	0	134
OG0003409	AT5G43290	136	136	0	0	0	1.0	0.0	0.0	0.0	136	136	0	0	0
OG0003680	AT2G40790	136	136	0	0	0	1.0	0.0	0.0	0.0	136	136	0	0	0
OG0003687	AT1G47620	136	5	5	126	0	0.03676470588235294	0.03676470588235294	0.9264705882352942	0.0	136	5	5	126	0
OG0003687	AT1G66030	126	4	0	122	0	0.031746031746031744	0.0	0.9682539682539683	0.0	126	4	0	122	0
OG0003691	AT1G11145	136	0	0	0	136	0.0	0.0	0.0	1.0	136	0	0	0	136
OG0003730	AT5G22660	134	134	0	0	0	1.0	0.0	0.0	0.0	134	134	0	0	0
OG0003730	AT5G22700	136	136	0	0	0	1.0	0.0	0.0	0.0	136	136	0	0	0
OG0003767	AT2G21930	136	0	0	136	0	0.0	0.0	1.0	0.0	136	0	0	136	0
OG0003767	AT5G44220	136	133	0	3	0	0.9779411764705882	0.0	0.022058823529411766	0.0	136	133	0	3	0
OG0003807	AT3G42170	136	0	0	136	0	0.0	0.0	1.0	0.0	136	0	0	136	0
OG0003808	AT3G60980	90	0	0	90	0	0.0	0.0	1.0	0.0	90	0	0	90	0
OG0003820	AT5G17080	113	42	0	71	0	0.37168141592920356	0.0	0.6283185840707964	0.0	113	42	0	71	0
OG0003820	AT5G17140	133	9	0	124	0	0.06766917293233082	0.0	0.9323308270676691	0.0	133	9	0	124	0
OG0004081	AT3G21170	136	15	13	108	0	0.11029411764705882	0.09558823529411764	0.7941176470588235	0.0	136	15	13	108	0
OG0004132	AT1G64030	136	136	0	0	0	1.0	0.0	0.0	0.0	136	136	0	0	0
OG0004303	AT1G55947	136	2	1	133	0	0.014705882352941176	0.007352941176470588	0.9779411764705882	0.0	136	2	1	133	0
OG0004303	AT2G16810	136	66	2	68	0	0.4852941176470588	0.014705882352941176	0.5	0.0	136	66	2	68	0
OG0004694	AT5G18160	136	27	1	108	0	0.19852941176470587	0.007352941176470588	0.7941176470588235	0.0	136	27	1	108	0
OG0004872	AT5G42232	136	1	0	135	0	0.007352941176470588	0.0	0.9926470588235294	0.0	136	1	0	135	0
OG0005764	AT1G53790	136	18	118	0	0	0.1323529411764706	0.8676470588235294	0.0	0.0	136	18	118	0	0
