qseqid	sseqid	pident	length	mismatch	gapopen	qstart	qend	sstart	send	evalue	bitscore	stitle
AT1G36970	CP087126.2	100	1972	0	0	1	1972	14024499	14026470	0	3642	GCA_020911765.2_ASM2091176v2_genomic
AT1G36970	CP087126.2	87.755	490	57	3	1381	1869	14839392	14839879	7.28e-161	569	GCA_020911765.2_ASM2091176v2_genomic
AT1G36970	CP087126.2	87.654	486	57	3	1381	1865	18215371	18215854	1.22e-158	562	GCA_020911765.2_ASM2091176v2_genomic
AT1G36970	CP087126.2	89.744	156	14	2	991	1145	14838293	14838447	3.96e-49	198	GCA_020911765.2_ASM2091176v2_genomic
AT1G36970	CP087126.2	82.403	233	18	9	991	1201	18214273	18214504	3.99e-44	182	GCA_020911765.2_ASM2091176v2_genomic
AT1G36970	CP087126.2	95.745	94	4	0	1383	1476	14025712	14025805	3.13e-35	152	GCA_020911765.2_ASM2091176v2_genomic
AT1G36970	CP087126.2	95.745	94	4	0	1214	1307	14025881	14025974	3.13e-35	152	GCA_020911765.2_ASM2091176v2_genomic
AT1G36970	CP087128.1	90.138	578	52	5	95	670	17257052	17257626	0	747	GCA_020911765.2_ASM2091176v2_genomic
AT1G36970	CP087128.1	87.744	563	63	6	1381	1942	12877232	12876675	0	652	GCA_020911765.2_ASM2091176v2_genomic
AT1G36970	CP087128.1	88.425	527	58	3	1388	1913	17258398	17258922	9.16e-180	632	GCA_020911765.2_ASM2091176v2_genomic
AT1G36970	CP087128.1	88.889	414	41	2	1381	1794	13239752	13239344	2.08e-141	505	GCA_020911765.2_ASM2091176v2_genomic
AT1G36970	CP087128.1	83.135	587	51	7	636	1201	13241169	13240610	1.62e-137	492	GCA_020911765.2_ASM2091176v2_genomic
AT1G36970	CP087128.1	83.629	507	38	9	716	1201	12878575	12878093	2.77e-120	435	GCA_020911765.2_ASM2091176v2_genomic
AT1G36970	CP087128.1	88.417	259	27	1	596	854	13241427	13241172	1.75e-82	309	GCA_020911765.2_ASM2091176v2_genomic
AT1G36970	CP087129.2	84.808	599	80	9	1	593	3037064	3037657	1.55e-167	592	GCA_020911765.2_ASM2091176v2_genomic
AT1G36970	CP087129.2	81.671	742	95	23	466	1201	3037666	3038372	1.21e-163	579	GCA_020911765.2_ASM2091176v2_genomic
AT3G31560	CP087128.1	100	457	0	0	1	457	12878304	12878760	0	845	GCA_020911765.2_ASM2091176v2_genomic
AT3G31560	CP087128.1	95.926	270	11	0	3	272	13240823	13241092	4.75e-122	438	GCA_020911765.2_ASM2091176v2_genomic
AT3G31560	CP087128.1	97.326	187	5	0	271	457	13241407	13241593	6.45e-86	318	GCA_020911765.2_ASM2091176v2_genomic
AT3G31560	CP087128.1	97.163	141	4	0	132	272	13241170	13241310	5.17e-62	239	GCA_020911765.2_ASM2091176v2_genomic
AT3G31560	CP087129.2	88.889	270	29	1	3	272	3038180	3037912	8.29e-90	331	GCA_020911765.2_ASM2091176v2_genomic
AT3G31560	CP087126.2	88.75	240	27	0	33	272	14025453	14025214	1.09e-78	294	GCA_020911765.2_ASM2091176v2_genomic
AT3G31560	CP087127.2	95.062	162	7	1	296	457	13796642	13796802	1.85e-66	254	GCA_020911765.2_ASM2091176v2_genomic
AT4G05555	CP087129.2	100	2823	0	0	1	2823	3035504	3038326	0	5214	GCA_020911765.2_ASM2091176v2_genomic
AT4G05555	CP087129.2	88.406	138	16	0	2167	2304	3037535	3037672	1.6e-39	167	GCA_020911765.2_ASM2091176v2_genomic
AT4G05555	CP087129.2	88.406	138	16	0	2032	2169	3037670	3037807	1.6e-39	167	GCA_020911765.2_ASM2091176v2_genomic
AT4G05555	CP087126.2	89.175	1515	110	16	1	1511	14665508	14664044	0	1840	GCA_020911765.2_ASM2091176v2_genomic
AT4G05555	CP087126.2	89.904	1040	78	16	1135	2169	18213020	18214037	0	1314	GCA_020911765.2_ASM2091176v2_genomic
AT4G05555	CP087126.2	90.365	903	76	10	500	1398	18212119	18213014	0	1175	GCA_020911765.2_ASM2091176v2_genomic
AT4G05555	CP087126.2	90.705	667	56	5	1507	2169	14837383	14838047	0	883	GCA_020911765.2_ASM2091176v2_genomic
AT4G05555	CP087126.2	84.371	723	96	14	1439	2154	14024379	14025091	0	693	GCA_020911765.2_ASM2091176v2_genomic
AT4G05555	CP087126.2	81.358	692	88	23	2163	2819	14024964	14025649	2.3e-147	525	GCA_020911765.2_ASM2091176v2_genomic
AT4G05555	CP087126.2	89.801	402	31	6	2413	2813	14838055	14838447	8.32e-142	507	GCA_020911765.2_ASM2091176v2_genomic
AT4G05555	CP087126.2	86.667	405	32	13	2414	2816	18214046	18214430	1.85e-118	429	GCA_020911765.2_ASM2091176v2_genomic
AT4G05555	CP087126.2	100	42	0	0	2781	2822	18214416	18214457	7.73e-13	78.7	GCA_020911765.2_ASM2091176v2_genomic
AT4G05555	CP087126.2	100	29	0	0	2794	2822	14838449	14838477	1.3e-05	54.7	GCA_020911765.2_ASM2091176v2_genomic
AT4G05555	CP087130.2	86.996	1092	134	8	92	1179	12371410	12372497	0	1223	GCA_020911765.2_ASM2091176v2_genomic
AT4G05555	CP087128.1	90.741	864	78	2	79	941	17256191	17257053	0	1151	GCA_020911765.2_ASM2091176v2_genomic
AT4G05555	CP087128.1	89.3	514	51	3	1657	2169	17257054	17257564	0	641	GCA_020911765.2_ASM2091176v2_genomic
AT4G05555	CP087128.1	90.144	487	45	3	2332	2816	13241169	13240684	4.73e-179	630	GCA_020911765.2_ASM2091176v2_genomic
AT4G05555	CP087128.1	90.709	409	37	1	2409	2816	12878575	12878167	6.34e-153	544	GCA_020911765.2_ASM2091176v2_genomic
AT4G05555	CP087128.1	89.655	203	21	0	2164	2366	17257424	17257626	2.57e-67	259	GCA_020911765.2_ASM2091176v2_genomic
AT4G05555	CP087128.1	100	42	0	0	2781	2822	13240698	13240657	7.73e-13	78.7	GCA_020911765.2_ASM2091176v2_genomic
AT4G05555	CP087128.1	100	41	0	0	2782	2822	12878180	12878140	2.78e-12	76.8	GCA_020911765.2_ASM2091176v2_genomic
AT1G36970	CP086744.1	99.848	1972	3	0	1	1972	14348903	14350874	0	3626	GCA_024498495.1_ASM2449849v1_genomic
AT1G36970	CP086744.1	95.745	94	4	0	1383	1476	14350116	14350209	2.86e-35	152	GCA_024498495.1_ASM2449849v1_genomic
AT1G36970	CP086744.1	95.745	94	4	0	1214	1307	14350285	14350378	2.86e-35	152	GCA_024498495.1_ASM2449849v1_genomic
AT1G36970	CP086746.1	90.327	672	58	7	2	670	14945468	14946135	0	874	GCA_024498495.1_ASM2449849v1_genomic
AT1G36970	CP086746.1	87.766	564	62	7	1381	1942	13097315	13096757	0	652	GCA_024498495.1_ASM2449849v1_genomic
AT1G36970	CP086746.1	85.185	513	49	7	636	1148	13398777	13398292	2.47e-140	501	GCA_024498495.1_ASM2449849v1_genomic
AT1G36970	CP086746.1	88.647	414	42	2	1381	1794	13397359	13396951	8.88e-140	499	GCA_024498495.1_ASM2449849v1_genomic
AT1G36970	CP086746.1	83.135	587	51	11	636	1201	13098735	13098176	1.49e-137	492	GCA_024498495.1_ASM2449849v1_genomic
AT1G36970	CP086746.1	88.803	259	26	1	596	854	13399035	13398780	3.45e-84	315	GCA_024498495.1_ASM2449849v1_genomic
AT1G36970	CP086746.1	92.086	139	11	0	716	854	13098876	13098738	1.3e-48	196	GCA_024498495.1_ASM2449849v1_genomic
AT1G36970	CP086746.1	96.703	91	3	0	1111	1201	13398308	13398218	2.86e-35	152	GCA_024498495.1_ASM2449849v1_genomic
AT1G36970	CP086747.1	82.385	738	97	16	466	1201	1694350	1693644	1.09e-173	612	GCA_024498495.1_ASM2449849v1_genomic
AT1G36970	CP086747.1	86.754	536	64	7	1381	1913	3134599	3135130	5.12e-167	590	GCA_024498495.1_ASM2449849v1_genomic
AT1G36970	CP086747.1	84.039	614	87	9	1	608	1694952	1694344	3.08e-164	580	GCA_024498495.1_ASM2449849v1_genomic
AT1G36970	CP086747.1	83.252	615	85	15	2	608	3132502	3133106	8.69e-155	549	GCA_024498495.1_ASM2449849v1_genomic
AT1G36970	CP086747.1	85.178	533	77	2	1382	1913	1692776	1692245	1.12e-153	545	GCA_024498495.1_ASM2449849v1_genomic
AT1G36970	CP086747.1	80.587	443	53	12	712	1148	3133241	3133656	4.46e-83	311	GCA_024498495.1_ASM2449849v1_genomic
AT1G36970	CP086747.1	93.023	86	6	0	1116	1201	3133645	3133730	1.74e-27	126	GCA_024498495.1_ASM2449849v1_genomic
AT1G36970	CP086748.1	88.445	476	53	2	1439	1913	14510657	14510183	5.16e-162	573	GCA_024498495.1_ASM2449849v1_genomic
AT3G31560	CP086746.1	98.773	326	4	0	132	457	13098736	13099061	6.83e-165	580	GCA_024498495.1_ASM2449849v1_genomic
AT3G31560	CP086746.1	96.691	272	9	0	1	272	13098387	13098658	1.55e-126	453	GCA_024498495.1_ASM2449849v1_genomic
AT3G31560	CP086746.1	95.926	270	11	0	3	272	13398431	13398700	4.35e-122	438	GCA_024498495.1_ASM2449849v1_genomic
AT3G31560	CP086746.1	97.326	187	5	0	271	457	13399015	13399201	5.91e-86	318	GCA_024498495.1_ASM2449849v1_genomic
AT3G31560	CP086746.1	97.872	141	3	0	132	272	13398778	13398918	1.02e-63	244	GCA_024498495.1_ASM2449849v1_genomic
AT3G31560	CP086747.1	87.879	297	30	2	3	296	3133517	3133224	9.75e-94	344	GCA_024498495.1_ASM2449849v1_genomic
AT3G31560	CP086747.1	89.63	270	27	1	3	272	1693836	1694104	3.51e-93	342	GCA_024498495.1_ASM2449849v1_genomic
AT3G31560	CP086744.1	88.75	240	27	0	33	272	14349857	14349618	9.96e-79	294	GCA_024498495.1_ASM2449849v1_genomic
AT3G31560	CP086745.1	95.062	162	7	1	296	457	10534380	10534540	1.69e-66	254	GCA_024498495.1_ASM2449849v1_genomic
AT4G05555	CP086747.1	97.768	2823	44	3	1	2823	1696493	1693690	0	4846	GCA_024498495.1_ASM2449849v1_genomic
AT4G05555	CP086747.1	92.277	1243	68	9	1066	2307	3132029	3133244	0	1738	GCA_024498495.1_ASM2449849v1_genomic
AT4G05555	CP086747.1	92.769	567	37	4	1	565	3131473	3132037	0	817	GCA_024498495.1_ASM2449849v1_genomic
AT4G05555	CP086747.1	93.705	413	22	2	2408	2816	3133244	3133656	1.21e-174	616	GCA_024498495.1_ASM2449849v1_genomic
AT4G05555	CP086747.1	86.842	152	17	2	2032	2183	1694346	1694198	1.47e-39	167	GCA_024498495.1_ASM2449849v1_genomic
AT4G05555	CP086747.1	88.406	138	16	0	2167	2304	1694481	1694344	1.47e-39	167	GCA_024498495.1_ASM2449849v1_genomic
AT4G05555	CP086747.1	88.406	138	16	0	2032	2169	3133104	3133241	1.47e-39	167	GCA_024498495.1_ASM2449849v1_genomic
AT4G05555	CP086747.1	100	39	0	0	2784	2822	3133645	3133683	3.3e-11	73.1	GCA_024498495.1_ASM2449849v1_genomic
AT4G05555	CP086746.1	89.993	1369	131	6	1	1366	14943955	14945320	0	1764	GCA_024498495.1_ASM2449849v1_genomic
AT4G05555	CP086746.1	89.034	766	80	3	1405	2169	14945311	14946073	0	946	GCA_024498495.1_ASM2449849v1_genomic
AT4G05555	CP086746.1	90.554	487	43	3	2332	2816	13398777	13398292	0	641	GCA_024498495.1_ASM2449849v1_genomic
AT4G05555	CP086746.1	89.712	486	49	1	2332	2816	13098735	13098250	9.38e-176	619	GCA_024498495.1_ASM2449849v1_genomic
AT4G05555	CP086746.1	100	41	0	0	2782	2822	13098263	13098223	2.55e-12	76.8	GCA_024498495.1_ASM2449849v1_genomic
AT4G05555	CP086746.1	100	41	0	0	2782	2822	13398305	13398265	2.55e-12	76.8	GCA_024498495.1_ASM2449849v1_genomic
AT4G05555	CP086748.1	87.088	1092	133	8	92	1179	11808595	11809682	0	1229	GCA_024498495.1_ASM2449849v1_genomic
AT4G05555	CP086744.1	84.371	723	96	14	1439	2154	14348783	14349495	0	693	GCA_024498495.1_ASM2449849v1_genomic
AT4G05555	CP086744.1	81.358	692	88	23	2163	2819	14349368	14350053	2.1e-147	525	GCA_024498495.1_ASM2449849v1_genomic
AT1G36970	CM046288.1	99.189	1974	13	3	1	1972	14101140	14103112	0	3554	GCA_025388435.1_AtA1-141.20181003_genomic
AT1G36970	CM046288.1	95.745	94	4	0	1383	1476	14102353	14102446	2.79e-35	152	GCA_025388435.1_AtA1-141.20181003_genomic
AT1G36970	CM046288.1	94.737	95	5	0	1213	1307	14102522	14102616	3.62e-34	148	GCA_025388435.1_AtA1-141.20181003_genomic
AT1G36970	CM046290.1	90.342	673	55	8	2	670	14131098	14131764	0	874	GCA_025388435.1_AtA1-141.20181003_genomic
AT1G36970	CM046290.1	88.202	534	60	3	1381	1913	14132473	14133004	2.28e-180	634	GCA_025388435.1_AtA1-141.20181003_genomic
AT1G36970	CM046290.1	85.185	513	49	7	636	1148	12985412	12984927	2.41e-140	501	GCA_025388435.1_AtA1-141.20181003_genomic
AT1G36970	CM046290.1	88.647	414	42	2	1381	1794	12983994	12983586	8.66e-140	499	GCA_025388435.1_AtA1-141.20181003_genomic
AT1G36970	CM046290.1	88.803	259	26	1	596	854	12985670	12985415	3.37e-84	315	GCA_025388435.1_AtA1-141.20181003_genomic
AT1G36970	CM046290.1	95.506	89	4	0	1113	1201	12984941	12984853	1.68e-32	143	GCA_025388435.1_AtA1-141.20181003_genomic
AT1G36970	CM046291.1	84.925	597	79	9	1	591	3042061	3042652	3.86e-168	593	GCA_025388435.1_AtA1-141.20181003_genomic
AT1G36970	CM046291.1	81.732	739	100	20	466	1201	3050981	3051687	2.33e-165	584	GCA_025388435.1_AtA1-141.20181003_genomic
AT1G36970	CM046291.1	85.261	536	74	5	1381	1913	3052554	3053087	3.05e-154	547	GCA_025388435.1_AtA1-141.20181003_genomic
AT1G36970	CM046289.1	86.531	542	66	7	1381	1919	2989952	2989415	5e-167	590	GCA_025388435.1_AtA1-141.20181003_genomic
AT1G36970	CM046289.1	83.089	615	86	16	2	608	2992050	2991446	3.95e-153	544	GCA_025388435.1_AtA1-141.20181003_genomic
AT1G36970	CM046289.1	80.455	440	53	12	715	1148	2991308	2990896	2.03e-81	305	GCA_025388435.1_AtA1-141.20181003_genomic
AT1G36970	CM046289.1	90.805	87	7	1	1116	1201	2990907	2990821	3.67e-24	115	GCA_025388435.1_AtA1-141.20181003_genomic
AT3G31560	CM046290.1	96.296	270	10	0	3	272	12985066	12985335	9.15e-124	444	GCA_025388435.1_AtA1-141.20181003_genomic
AT3G31560	CM046290.1	97.326	187	5	0	271	457	12985650	12985836	5.78e-86	318	GCA_025388435.1_AtA1-141.20181003_genomic
AT3G31560	CM046290.1	97.872	141	3	0	132	272	12985413	12985553	9.96e-64	244	GCA_025388435.1_AtA1-141.20181003_genomic
AT3G31560	CM046289.1	87.205	297	32	2	3	296	2991035	2991328	2.07e-90	333	GCA_025388435.1_AtA1-141.20181003_genomic
AT3G31560	CM046289.1	94.444	162	8	1	296	457	10454282	10454442	7.7e-65	248	GCA_025388435.1_AtA1-141.20181003_genomic
AT3G31560	CM046291.1	88.889	270	29	1	3	272	3051495	3051227	7.43e-90	331	GCA_025388435.1_AtA1-141.20181003_genomic
AT3G31560	CM046288.1	88.75	240	27	0	33	272	14102094	14101855	9.75e-79	294	GCA_025388435.1_AtA1-141.20181003_genomic
AT4G05555	CM046291.1	98.559	2152	10	2	1	2152	3040522	3042652	0	3783	GCA_025388435.1_AtA1-141.20181003_genomic
AT4G05555	CM046291.1	99.258	674	5	0	2150	2823	3050968	3051641	0	1218	GCA_025388435.1_AtA1-141.20181003_genomic
AT4G05555	CM046291.1	86.184	152	18	2	2032	2183	3050985	3051133	6.67e-38	161	GCA_025388435.1_AtA1-141.20181003_genomic
AT4G05555	CM046291.1	91.667	108	9	0	2167	2274	3042532	3042639	1.44e-34	150	GCA_025388435.1_AtA1-141.20181003_genomic
AT4G05555	CM046290.1	89.993	1369	131	6	1	1366	14129585	14130950	0	1764	GCA_025388435.1_AtA1-141.20181003_genomic
AT4G05555	CM046290.1	89.034	766	79	4	1405	2169	14130941	14131702	0	944	GCA_025388435.1_AtA1-141.20181003_genomic
AT4G05555	CM046290.1	90.554	487	43	3	2332	2816	12985412	12984927	0	641	GCA_025388435.1_AtA1-141.20181003_genomic
AT4G05555	CM046290.1	100	41	0	0	2782	2822	12984940	12984900	2.49e-12	76.8	GCA_025388435.1_AtA1-141.20181003_genomic
AT4G05555	CM046289.1	91.907	1248	71	17	1066	2310	2992525	2991305	0	1718	GCA_025388435.1_AtA1-141.20181003_genomic
AT4G05555	CM046289.1	92.593	567	38	4	1	565	2993081	2992517	0	811	GCA_025388435.1_AtA1-141.20181003_genomic
AT4G05555	CM046289.1	93.22	413	24	2	2408	2816	2991308	2990896	2.57e-171	604	GCA_025388435.1_AtA1-141.20181003_genomic
AT4G05555	CM046289.1	88.406	138	16	0	2032	2169	2991448	2991311	1.43e-39	167	GCA_025388435.1_AtA1-141.20181003_genomic
AT4G05555	CM046289.1	100	39	0	0	2784	2822	2990907	2990869	3.22e-11	73.1	GCA_025388435.1_AtA1-141.20181003_genomic
AT4G05555	CM046292.1	86.996	1092	134	8	92	1179	11522664	11523751	0	1223	GCA_025388435.1_AtA1-141.20181003_genomic
AT4G05555	CM046288.1	84.094	723	98	14	1439	2154	14101020	14101732	0	682	GCA_025388435.1_AtA1-141.20181003_genomic
AT4G05555	CM046288.1	81.159	690	93	22	2163	2819	14101605	14102290	9.56e-146	520	GCA_025388435.1_AtA1-141.20181003_genomic
AT1G36970	CM072657.1	99.797	1972	4	0	1	1972	14135835	14137806	0	3620	GCA_036926925.1_ASM3692692v1_genomic
AT1G36970	CM072657.1	95.745	94	4	0	1383	1476	14137048	14137141	3.08e-35	152	GCA_036926925.1_ASM3692692v1_genomic
AT1G36970	CM072657.1	95.745	94	4	0	1214	1307	14137217	14137310	3.08e-35	152	GCA_036926925.1_ASM3692692v1_genomic
AT1G36970	CM072659.1	89.614	674	59	8	4	670	16736147	16736816	0	846	GCA_036926925.1_ASM3692692v1_genomic
AT1G36970	CM072659.1	88.615	527	57	3	1388	1913	16737589	16738113	0	638	GCA_036926925.1_ASM3692692v1_genomic
AT1G36970	CM072659.1	89.069	494	53	1	1381	1874	13118621	13118129	1.17e-173	612	GCA_036926925.1_ASM3692692v1_genomic
AT1G36970	CM072659.1	85.38	513	48	8	636	1148	13484052	13483567	5.7e-142	507	GCA_036926925.1_ASM3692692v1_genomic
AT1G36970	CM072659.1	83.475	587	49	12	636	1201	13120041	13119482	7.37e-141	503	GCA_036926925.1_ASM3692692v1_genomic
AT1G36970	CM072659.1	88.647	414	42	2	1381	1794	13482592	13482184	9.54e-140	499	GCA_036926925.1_ASM3692692v1_genomic
AT1G36970	CM072659.1	88.803	259	26	1	596	854	13484310	13484055	3.71e-84	315	GCA_036926925.1_ASM3692692v1_genomic
AT1G36970	CM072659.1	92.086	139	11	0	716	854	13120182	13120044	1.4e-48	196	GCA_036926925.1_ASM3692692v1_genomic
AT1G36970	CM072659.1	96.629	89	3	0	1113	1201	13483539	13483451	3.98e-34	148	GCA_036926925.1_ASM3692692v1_genomic
AT1G36970	CM072659.1	91.954	87	6	1	1219	1305	16737589	16737674	8.68e-26	121	GCA_036926925.1_ASM3692692v1_genomic
AT1G36970	CM072660.1	84.808	599	80	9	1	593	2846943	2847536	1.53e-167	592	GCA_036926925.1_ASM3692692v1_genomic
AT1G36970	CM072660.1	81.671	742	95	23	466	1201	2847545	2848251	1.19e-163	579	GCA_036926925.1_ASM3692692v1_genomic
AT1G36970	CM072658.1	86.531	542	66	7	1381	1919	3098763	3098226	5.5e-167	590	GCA_036926925.1_ASM3692692v1_genomic
AT1G36970	CM072658.1	82.927	615	87	16	2	608	3100860	3100256	2.02e-151	538	GCA_036926925.1_ASM3692692v1_genomic
AT1G36970	CM072658.1	80.682	440	52	12	715	1148	3100118	3099706	4.8e-83	311	GCA_036926925.1_ASM3692692v1_genomic
AT1G36970	CM072658.1	90.698	86	8	0	1116	1201	3099717	3099632	4.04e-24	115	GCA_036926925.1_ASM3692692v1_genomic
AT3G31560	CM072659.1	99.387	326	2	0	132	457	13120042	13120367	3.39e-168	592	GCA_036926925.1_ASM3692692v1_genomic
AT3G31560	CM072659.1	97.426	272	7	0	1	272	13119693	13119964	7.71e-130	464	GCA_036926925.1_ASM3692692v1_genomic
AT3G31560	CM072659.1	96.296	270	10	0	3	272	13483706	13483975	1e-123	444	GCA_036926925.1_ASM3692692v1_genomic
AT3G31560	CM072659.1	97.326	187	5	0	271	457	13484290	13484476	6.35e-86	318	GCA_036926925.1_ASM3692692v1_genomic
AT3G31560	CM072659.1	97.872	141	3	0	132	272	13484053	13484193	1.09e-63	244	GCA_036926925.1_ASM3692692v1_genomic
AT3G31560	CM072658.1	87.542	297	31	2	3	296	3099845	3100138	4.88e-92	339	GCA_036926925.1_ASM3692692v1_genomic
AT3G31560	CM072658.1	95.062	162	7	1	296	457	13164104	13164264	1.82e-66	254	GCA_036926925.1_ASM3692692v1_genomic
AT3G31560	CM072660.1	88.889	270	29	1	3	272	2848059	2847791	8.16e-90	331	GCA_036926925.1_ASM3692692v1_genomic
AT3G31560	CM072657.1	88.75	240	27	0	33	272	14136789	14136550	1.07e-78	294	GCA_036926925.1_ASM3692692v1_genomic
AT4G05555	CM072660.1	100	2823	0	0	1	2823	2845383	2848205	0	5214	GCA_036926925.1_ASM3692692v1_genomic
AT4G05555	CM072660.1	88.406	138	16	0	2167	2304	2847414	2847551	1.58e-39	167	GCA_036926925.1_ASM3692692v1_genomic
AT4G05555	CM072660.1	88.406	138	16	0	2032	2169	2847549	2847686	1.58e-39	167	GCA_036926925.1_ASM3692692v1_genomic
AT4G05555	CM072658.1	92.376	1246	68	13	1066	2310	3101334	3100115	0	1749	GCA_036926925.1_ASM3692692v1_genomic
AT4G05555	CM072658.1	92.416	567	39	4	1	565	3101890	3101326	0	806	GCA_036926925.1_ASM3692692v1_genomic
AT4G05555	CM072658.1	93.705	413	22	2	2408	2816	3100118	3099706	1.3e-174	616	GCA_036926925.1_ASM3692692v1_genomic
AT4G05555	CM072658.1	87.681	138	17	0	2032	2169	3100258	3100121	7.35e-38	161	GCA_036926925.1_ASM3692692v1_genomic
AT4G05555	CM072658.1	100	39	0	0	2784	2822	3099717	3099679	3.54e-11	73.1	GCA_036926925.1_ASM3692692v1_genomic
AT4G05555	CM072659.1	90.67	1104	98	5	265	1366	16734897	16735997	0	1463	GCA_036926925.1_ASM3692692v1_genomic
AT4G05555	CM072659.1	88.052	770	84	5	1405	2169	16735988	16736754	0	905	GCA_036926925.1_ASM3692692v1_genomic
AT4G05555	CM072659.1	89.938	487	46	3	2332	2816	13484052	13483567	2.17e-177	625	GCA_036926925.1_ASM3692692v1_genomic
AT4G05555	CM072659.1	89.712	486	49	1	2332	2816	13120041	13119556	1.01e-175	619	GCA_036926925.1_ASM3692692v1_genomic
AT4G05555	CM072659.1	88.018	217	25	1	1	216	16734676	16734892	3.28e-66	255	GCA_036926925.1_ASM3692692v1_genomic
AT4G05555	CM072659.1	89.163	203	22	0	2164	2366	16736614	16736816	1.18e-65	254	GCA_036926925.1_ASM3692692v1_genomic
AT4G05555	CM072659.1	100	41	0	0	2782	2822	13119569	13119529	2.74e-12	76.8	GCA_036926925.1_ASM3692692v1_genomic
AT4G05555	CM072659.1	100	41	0	0	2782	2822	13483538	13483498	2.74e-12	76.8	GCA_036926925.1_ASM3692692v1_genomic
AT4G05555	CM072657.1	84.232	723	97	14	1439	2154	14135715	14136427	0	688	GCA_036926925.1_ASM3692692v1_genomic
AT4G05555	CM072657.1	81.358	692	88	23	2163	2819	14136300	14136985	2.26e-147	525	GCA_036926925.1_ASM3692692v1_genomic
AT1G36970	CM072637.1	98.784	1973	23	1	1	1972	14018023	14019995	0	3509	GCA_036926965.1_ASM3692696v1_genomic
AT1G36970	CM072637.1	88.163	490	55	3	1381	1869	14992214	14992701	3.22e-164	580	GCA_036926965.1_ASM3692696v1_genomic
AT1G36970	CM072637.1	88.041	485	55	3	1381	1864	17706539	17707021	1.94e-161	571	GCA_036926965.1_ASM3692696v1_genomic
AT1G36970	CM072637.1	89.744	156	14	2	991	1145	14991115	14991269	3.79e-49	198	GCA_036926965.1_ASM3692696v1_genomic
AT1G36970	CM072637.1	82.403	233	18	4	991	1201	17705440	17705671	3.82e-44	182	GCA_036926965.1_ASM3692696v1_genomic
AT1G36970	CM072637.1	95.745	94	4	0	1383	1476	14019237	14019330	2.99e-35	152	GCA_036926965.1_ASM3692696v1_genomic
AT1G36970	CM072637.1	94.681	94	5	0	1214	1307	14019406	14019499	1.39e-33	147	GCA_036926965.1_ASM3692696v1_genomic
AT1G36970	CM072639.1	90.625	672	56	7	2	670	16353020	16353687	0	885	GCA_036926965.1_ASM3692696v1_genomic
AT1G36970	CM072639.1	87.389	563	65	6	1381	1942	13079233	13078676	0	641	GCA_036926965.1_ASM3692696v1_genomic
AT1G36970	CM072639.1	88.015	534	62	2	1381	1913	13416945	13416413	3.15e-179	630	GCA_036926965.1_ASM3692696v1_genomic
AT1G36970	CM072639.1	87.823	542	60	6	1381	1919	13449754	13449216	3.15e-179	630	GCA_036926965.1_ASM3692696v1_genomic
AT1G36970	CM072639.1	86.891	534	59	8	1381	1913	16354396	16354919	1.92e-166	588	GCA_036926965.1_ASM3692696v1_genomic
AT1G36970	CM072639.1	85.018	554	54	11	596	1148	13418402	13417877	7.07e-151	536	GCA_036926965.1_ASM3692696v1_genomic
AT1G36970	CM072639.1	84.014	588	44	13	636	1201	13451174	13450615	7.12e-146	520	GCA_036926965.1_ASM3692696v1_genomic
AT1G36970	CM072639.1	84.016	513	54	9	636	1148	13080000	13079516	2.62e-130	468	GCA_036926965.1_ASM3692696v1_genomic
AT1G36970	CM072639.1	89.575	259	24	1	596	854	13080258	13080003	1.67e-87	326	GCA_036926965.1_ASM3692696v1_genomic
AT1G36970	CM072639.1	88.636	264	27	1	591	854	13451437	13451177	2.79e-85	318	GCA_036926965.1_ASM3692696v1_genomic
AT1G36970	CM072639.1	95.506	89	4	0	1113	1201	13417891	13417803	1.8e-32	143	GCA_036926965.1_ASM3692696v1_genomic
AT1G36970	CM072639.1	93.103	87	5	1	1219	1305	16354403	16354488	1.81e-27	126	GCA_036926965.1_ASM3692696v1_genomic
AT1G36970	CM072639.1	97.917	48	1	0	1113	1160	13079530	13079483	1.11e-14	84.2	GCA_036926965.1_ASM3692696v1_genomic
AT1G36970	CM072640.1	84.808	599	80	10	1	593	3040253	3040846	1.49e-167	592	GCA_036926965.1_ASM3692696v1_genomic
AT1G36970	CM072640.1	81.622	740	97	23	466	1201	3040855	3041559	4.17e-163	577	GCA_036926965.1_ASM3692696v1_genomic
AT1G36970	CM072640.1	85.607	535	73	4	1381	1913	3042426	3042958	1.51e-157	558	GCA_036926965.1_ASM3692696v1_genomic
AT3G31560	CM072639.1	97.407	270	7	0	3	272	13450828	13451097	9.7e-129	460	GCA_036926965.1_ASM3692696v1_genomic
AT3G31560	CM072639.1	95.926	270	11	0	3	272	13418016	13418285	4.55e-122	438	GCA_036926965.1_ASM3692696v1_genomic
AT3G31560	CM072639.1	95.221	272	12	1	1	272	13079652	13079922	2.74e-119	429	GCA_036926965.1_ASM3692696v1_genomic
AT3G31560	CM072639.1	97.872	188	4	0	270	457	13080237	13080424	3.69e-88	326	GCA_036926965.1_ASM3692696v1_genomic
AT3G31560	CM072639.1	96.257	187	7	0	271	457	13418382	13418568	1.34e-82	307	GCA_036926965.1_ASM3692696v1_genomic
AT3G31560	CM072639.1	96.277	188	5	2	271	457	13451412	13451598	1.34e-82	307	GCA_036926965.1_ASM3692696v1_genomic
AT3G31560	CM072639.1	98.582	141	2	0	132	272	13080001	13080141	2.29e-65	250	GCA_036926965.1_ASM3692696v1_genomic
AT3G31560	CM072639.1	96.454	141	5	0	132	272	13451175	13451315	2.3e-60	233	GCA_036926965.1_ASM3692696v1_genomic
AT3G31560	CM072640.1	88.519	270	30	1	3	272	3041367	3041099	3.69e-88	326	GCA_036926965.1_ASM3692696v1_genomic
AT3G31560	CM072637.1	88.75	240	27	0	33	272	14018978	14018739	1.04e-78	294	GCA_036926965.1_ASM3692696v1_genomic
AT3G31560	CM072638.1	95.062	162	7	1	296	457	12588408	12588568	1.77e-66	254	GCA_036926965.1_ASM3692696v1_genomic
AT4G05555	CM072640.1	98.512	2823	22	2	1	2823	3038711	3041513	0	4963	GCA_036926965.1_ASM3692696v1_genomic
AT4G05555	CM072640.1	86.842	152	17	2	2032	2183	3040859	3041007	1.54e-39	167	GCA_036926965.1_ASM3692696v1_genomic
AT4G05555	CM072640.1	88.321	137	16	0	2168	2304	3040725	3040861	5.52e-39	165	GCA_036926965.1_ASM3692696v1_genomic
AT4G05555	CM072637.1	90.787	1411	119	9	1	1407	14966719	14968122	0	1875	GCA_036926965.1_ASM3692696v1_genomic
AT4G05555	CM072637.1	90.847	874	74	5	496	1366	17704541	17705411	0	1166	GCA_036926965.1_ASM3692696v1_genomic
AT4G05555	CM072637.1	90.405	667	58	5	1507	2169	14990205	14990869	0	872	GCA_036926965.1_ASM3692696v1_genomic
AT4G05555	CM072637.1	83.978	724	98	14	1439	2154	14017903	14018616	0	678	GCA_036926965.1_ASM3692696v1_genomic
AT4G05555	CM072637.1	90.547	402	28	6	2413	2813	14990877	14991269	7.91e-147	523	GCA_036926965.1_ASM3692696v1_genomic
AT4G05555	CM072637.1	81.159	690	94	19	2163	2819	14018488	14019174	2.84e-146	521	GCA_036926965.1_ASM3692696v1_genomic
AT4G05555	CM072637.1	91.772	158	13	0	2659	2816	17705440	17705597	1.16e-55	220	GCA_036926965.1_ASM3692696v1_genomic
AT4G05555	CM072637.1	86.986	146	11	7	2167	2307	14990730	14990872	9.24e-37	158	GCA_036926965.1_ASM3692696v1_genomic
AT4G05555	CM072637.1	100	41	0	0	2782	2822	17705584	17705624	2.66e-12	76.8	GCA_036926965.1_ASM3692696v1_genomic
AT4G05555	CM072637.1	100	29	0	0	2794	2822	14991271	14991299	1.25e-05	54.7	GCA_036926965.1_ASM3692696v1_genomic
AT4G05555	CM072639.1	90.285	1369	127	6	1	1366	16351507	16352872	0	1786	GCA_036926965.1_ASM3692696v1_genomic
AT4G05555	CM072639.1	89.164	766	79	3	1405	2169	16352863	16353625	0	952	GCA_036926965.1_ASM3692696v1_genomic
AT4G05555	CM072639.1	89.286	532	54	3	2287	2816	13418407	13417877	0	664	GCA_036926965.1_ASM3692696v1_genomic
AT4G05555	CM072639.1	90.535	486	45	1	2332	2816	13451174	13450689	0	641	GCA_036926965.1_ASM3692696v1_genomic
AT4G05555	CM072639.1	89.117	487	49	4	2332	2816	13080000	13079516	9.88e-171	603	GCA_036926965.1_ASM3692696v1_genomic
AT4G05555	CM072639.1	88.973	263	29	0	2287	2549	13451437	13451175	2.39e-87	326	GCA_036926965.1_ASM3692696v1_genomic
AT4G05555	CM072639.1	100	41	0	0	2782	2822	13079529	13079489	2.66e-12	76.8	GCA_036926965.1_ASM3692696v1_genomic
AT4G05555	CM072639.1	100	41	0	0	2782	2822	13450702	13450662	2.66e-12	76.8	GCA_036926965.1_ASM3692696v1_genomic
AT4G05555	CM072639.1	97.561	41	1	0	2782	2822	13417890	13417850	1.24e-10	71.3	GCA_036926965.1_ASM3692696v1_genomic
AT1G36970	CM072652.1	99.747	1973	4	1	1	1972	14025372	14027344	0	3615	GCA_036926975.1_ASM3692697v1_genomic
AT1G36970	CM072652.1	95.745	94	4	0	1383	1476	14026585	14026678	3.02e-35	152	GCA_036926975.1_ASM3692697v1_genomic
AT1G36970	CM072652.1	95.745	94	4	0	1214	1307	14026754	14026847	3.02e-35	152	GCA_036926975.1_ASM3692697v1_genomic
AT1G36970	CM072655.1	81.978	738	100	19	466	1201	2832984	2833690	1.16e-168	595	GCA_036926975.1_ASM3692697v1_genomic
AT1G36970	CM072655.1	85.366	533	74	4	1383	1913	2834559	2835089	9.18e-155	549	GCA_036926975.1_ASM3692697v1_genomic
AT1G36970	CM072653.1	86.372	543	65	9	1381	1919	3157030	3156493	2.52e-165	584	GCA_036926975.1_ASM3692697v1_genomic
AT1G36970	CM072653.1	83.089	615	86	16	2	608	3159127	3158523	4.27e-153	544	GCA_036926975.1_ASM3692697v1_genomic
AT1G36970	CM072653.1	80.543	442	49	13	715	1148	3158385	3157973	2.19e-81	305	GCA_036926975.1_ASM3692697v1_genomic
AT1G36970	CM072653.1	91.86	86	7	0	1116	1201	3157984	3157899	8.53e-26	121	GCA_036926975.1_ASM3692697v1_genomic
AT1G36970	CM072654.1	89.254	456	49	0	1381	1836	13008863	13009318	1.96e-161	571	GCA_036926975.1_ASM3692697v1_genomic
AT3G31560	CM072653.1	87.879	297	30	2	3	296	3158112	3158405	1.03e-93	344	GCA_036926975.1_ASM3692697v1_genomic
AT3G31560	CM072653.1	95.062	162	7	1	296	457	12872564	12872724	1.79e-66	254	GCA_036926975.1_ASM3692697v1_genomic
AT3G31560	CM072655.1	89.259	270	28	1	3	272	2833498	2833230	1.72e-91	337	GCA_036926975.1_ASM3692697v1_genomic
AT3G31560	CM072654.1	97.326	187	5	0	271	457	13008038	13007852	6.25e-86	318	GCA_036926975.1_ASM3692697v1_genomic
AT3G31560	CM072652.1	88.333	240	28	0	33	272	14026326	14026087	4.9e-77	289	GCA_036926975.1_ASM3692697v1_genomic
AT4G05555	CM072655.1	97.84	2824	42	2	1	2823	2830839	2833644	0	4859	GCA_036926975.1_ASM3692697v1_genomic
AT4G05555	CM072655.1	89.13	138	15	0	2032	2169	2832988	2833125	3.34e-41	172	GCA_036926975.1_ASM3692697v1_genomic
AT4G05555	CM072655.1	87.681	138	17	0	2167	2304	2832853	2832990	7.22e-38	161	GCA_036926975.1_ASM3692697v1_genomic
AT4G05555	CM072653.1	93.339	1246	71	9	1066	2310	3159616	3158382	0	1831	GCA_036926975.1_ASM3692697v1_genomic
AT4G05555	CM072653.1	92.769	567	37	4	1	565	3160172	3159608	0	817	GCA_036926975.1_ASM3692697v1_genomic
AT4G05555	CM072653.1	93.462	413	23	2	2408	2816	3158385	3157973	5.97e-173	610	GCA_036926975.1_ASM3692697v1_genomic
AT4G05555	CM072653.1	88.406	138	16	0	2032	2169	3158525	3158388	1.55e-39	167	GCA_036926975.1_ASM3692697v1_genomic
AT4G05555	CM072653.1	100	39	0	0	2784	2822	3157984	3157946	3.48e-11	73.1	GCA_036926975.1_ASM3692697v1_genomic
AT4G05555	CM072656.1	86.996	1092	134	8	92	1179	11705934	11707021	0	1223	GCA_036926975.1_ASM3692697v1_genomic
AT4G05555	CM072652.1	84.371	723	96	14	1439	2154	14025252	14025964	0	693	GCA_036926975.1_ASM3692697v1_genomic
AT4G05555	CM072652.1	81.214	692	89	23	2163	2819	14025837	14026522	1.03e-145	520	GCA_036926975.1_ASM3692697v1_genomic
AT1G36970	CM072642.1	98.174	1972	16	2	1	1972	13925732	13927683	0	3424	GCA_036927025.1_ASM3692702v1_genomic
AT1G36970	CM072642.1	87.551	490	58	3	1381	1869	14649011	14649498	3.37e-159	564	GCA_036927025.1_ASM3692702v1_genomic
AT1G36970	CM072642.1	86.503	489	66	0	1381	1869	18432631	18432143	2.04e-151	538	GCA_036927025.1_ASM3692702v1_genomic
AT1G36970	CM072642.1	89.103	156	15	2	991	1145	14648294	14648448	1.83e-47	193	GCA_036927025.1_ASM3692702v1_genomic
AT1G36970	CM072642.1	88.679	159	16	2	991	1148	18433722	18433565	1.83e-47	193	GCA_036927025.1_ASM3692702v1_genomic
AT1G36970	CM072642.1	94.681	94	5	0	1214	1307	13927094	13927187	1.45e-33	147	GCA_036927025.1_ASM3692702v1_genomic
AT1G36970	CM072642.1	98.113	53	1	0	1383	1435	13926945	13926997	1.91e-17	93.5	GCA_036927025.1_ASM3692702v1_genomic
AT1G36970	CM072644.1	90.193	673	56	8	2	670	16433725	16434391	0	869	GCA_036927025.1_ASM3692702v1_genomic
AT1G36970	CM072644.1	87.744	563	63	6	1381	1942	13530402	13529845	0	652	GCA_036927025.1_ASM3692702v1_genomic
AT1G36970	CM072644.1	88.202	534	60	3	1381	1913	16435100	16435631	2.53e-180	634	GCA_036927025.1_ASM3692702v1_genomic
AT1G36970	CM072644.1	83.135	587	51	11	636	1201	13531786	13531227	1.61e-137	492	GCA_036927025.1_ASM3692702v1_genomic
AT1G36970	CM072644.1	92.086	139	11	0	716	854	13531927	13531789	1.42e-48	196	GCA_036927025.1_ASM3692702v1_genomic
AT1G36970	CM072643.1	82.764	615	88	16	2	608	3138647	3138043	9.5e-150	532	GCA_036927025.1_ASM3692702v1_genomic
AT1G36970	CM072643.1	80.272	441	53	13	715	1148	3137905	3137492	2.92e-80	302	GCA_036927025.1_ASM3692702v1_genomic
AT1G36970	CM072643.1	91.86	86	7	0	1116	1201	3137503	3137418	8.77e-26	121	GCA_036927025.1_ASM3692702v1_genomic
AT3G31560	CM072644.1	99.08	326	3	0	132	457	13531787	13532112	1.59e-166	586	GCA_036927025.1_ASM3692702v1_genomic
AT3G31560	CM072644.1	96.691	272	9	0	1	272	13531438	13531709	1.69e-126	453	GCA_036927025.1_ASM3692702v1_genomic
AT3G31560	CM072643.1	87.248	298	31	3	3	296	3137631	3137925	2.29e-90	333	GCA_036927025.1_ASM3692702v1_genomic
AT3G31560	CM072643.1	95.062	162	7	1	296	457	11342082	11342242	1.84e-66	254	GCA_036927025.1_ASM3692702v1_genomic
AT3G31560	CM072642.1	89.167	240	26	0	33	272	13926686	13926447	2.32e-80	300	GCA_036927025.1_ASM3692702v1_genomic
AT4G05555	CM072642.1	91.502	2177	155	14	1	2169	18436121	18433967	0	2968	GCA_036927025.1_ASM3692702v1_genomic
AT4G05555	CM072642.1	88.812	1162	78	14	353	1511	14523447	14522335	0	1378	GCA_036927025.1_ASM3692702v1_genomic
AT4G05555	CM072642.1	90.555	667	57	5	1507	2169	14647384	14648048	0	878	GCA_036927025.1_ASM3692702v1_genomic
AT4G05555	CM072642.1	83.565	718	101	14	1444	2154	13925617	13926324	0	656	GCA_036927025.1_ASM3692702v1_genomic
AT4G05555	CM072642.1	81.422	689	93	19	2163	2819	13926197	13926882	4.91e-149	531	GCA_036927025.1_ASM3692702v1_genomic
AT4G05555	CM072642.1	89.552	402	32	6	2413	2813	14648056	14648448	3.85e-140	501	GCA_036927025.1_ASM3692702v1_genomic
AT4G05555	CM072642.1	89.383	405	32	7	2413	2816	18433959	18433565	1.38e-139	499	GCA_036927025.1_ASM3692702v1_genomic
AT4G05555	CM072642.1	100	29	0	0	2794	2822	14648450	14648478	1.3e-05	54.7	GCA_036927025.1_ASM3692702v1_genomic
AT4G05555	CM072643.1	92.536	1246	66	10	1066	2310	3139121	3137902	0	1760	GCA_036927025.1_ASM3692702v1_genomic
AT4G05555	CM072643.1	93.122	567	35	4	1	565	3139677	3139113	0	828	GCA_036927025.1_ASM3692702v1_genomic
AT4G05555	CM072643.1	93.237	414	23	3	2408	2816	3137905	3137492	2.85e-171	604	GCA_036927025.1_ASM3692702v1_genomic
AT4G05555	CM072643.1	88.406	138	16	0	2032	2169	3138045	3137908	1.6e-39	167	GCA_036927025.1_ASM3692702v1_genomic
AT4G05555	CM072643.1	100	39	0	0	2784	2822	3137503	3137465	3.58e-11	73.1	GCA_036927025.1_ASM3692702v1_genomic
AT4G05555	CM072644.1	89.847	1369	133	6	1	1366	16432212	16433577	0	1753	GCA_036927025.1_ASM3692702v1_genomic
AT4G05555	CM072644.1	88.903	766	80	4	1405	2169	16433568	16434329	0	939	GCA_036927025.1_ASM3692702v1_genomic
AT4G05555	CM072644.1	89.712	486	49	1	2332	2816	13531786	13531301	1.02e-175	619	GCA_036927025.1_ASM3692702v1_genomic
AT4G05555	CM072644.1	100	41	0	0	2782	2822	13531314	13531274	2.77e-12	76.8	GCA_036927025.1_ASM3692702v1_genomic
AT1G36970	CM072647.1	98.073	1972	18	2	1	1972	13866404	13868355	0	3413	GCA_036927045.1_ASM3692704v1_genomic
AT1G36970	CM072647.1	86.708	489	65	0	1381	1869	18372969	18372481	4.32e-153	544	GCA_036927045.1_ASM3692704v1_genomic
AT1G36970	CM072647.1	88.679	159	16	2	991	1148	18374060	18373903	1.8e-47	193	GCA_036927045.1_ASM3692704v1_genomic
AT1G36970	CM072647.1	94.681	94	5	0	1214	1307	13867766	13867859	1.42e-33	147	GCA_036927045.1_ASM3692704v1_genomic
AT1G36970	CM072647.1	98.113	53	1	0	1383	1435	13867617	13867669	1.88e-17	93.5	GCA_036927045.1_ASM3692704v1_genomic
AT1G36970	CM072649.1	90.625	672	56	7	2	670	15917526	15918193	0	885	GCA_036927045.1_ASM3692704v1_genomic
AT1G36970	CM072649.1	87.567	563	64	6	1381	1942	13007438	13006881	0	647	GCA_036927045.1_ASM3692704v1_genomic
AT1G36970	CM072649.1	88.39	534	59	3	1381	1913	15918902	15919433	0	640	GCA_036927045.1_ASM3692704v1_genomic
AT1G36970	CM072649.1	96.842	95	3	0	1107	1201	13008393	13008299	1.83e-37	159	GCA_036927045.1_ASM3692704v1_genomic
AT1G36970	CM072649.1	91.954	87	6	1	1219	1305	15918909	15918994	8.62e-26	121	GCA_036927045.1_ASM3692704v1_genomic
AT1G36970	CM072648.1	83.089	615	86	16	2	608	3095815	3095211	4.32e-153	544	GCA_036927045.1_ASM3692704v1_genomic
AT1G36970	CM072648.1	80.272	441	53	13	715	1148	3095073	3094660	2.87e-80	302	GCA_036927045.1_ASM3692704v1_genomic
AT1G36970	CM072648.1	93.023	86	6	0	1116	1201	3094671	3094586	1.85e-27	126	GCA_036927045.1_ASM3692704v1_genomic
AT3G31560	CM072649.1	99.548	221	1	0	237	457	13008443	13008663	1.69e-111	403	GCA_036927045.1_ASM3692704v1_genomic
AT3G31560	CM072648.1	87.248	298	31	3	3	296	3094799	3095093	2.25e-90	333	GCA_036927045.1_ASM3692704v1_genomic
AT3G31560	CM072648.1	95.062	162	7	1	296	457	10727948	10728108	1.81e-66	254	GCA_036927045.1_ASM3692704v1_genomic
AT3G31560	CM072647.1	89.167	240	26	0	33	272	13867358	13867119	2.29e-80	300	GCA_036927045.1_ASM3692704v1_genomic
AT4G05555	CM072647.1	91.502	2177	155	14	1	2169	18376460	18374306	0	2968	GCA_036927045.1_ASM3692704v1_genomic
AT4G05555	CM072647.1	88.832	1164	79	13	350	1511	14461325	14462439	0	1382	GCA_036927045.1_ASM3692704v1_genomic
AT4G05555	CM072647.1	83.402	723	103	14	1439	2154	13866284	13866996	0	654	GCA_036927045.1_ASM3692704v1_genomic
AT4G05555	CM072647.1	81.422	689	93	19	2163	2819	13866869	13867554	4.83e-149	531	GCA_036927045.1_ASM3692704v1_genomic
AT4G05555	CM072647.1	89.877	405	31	6	2413	2816	18374298	18373903	1.75e-143	512	GCA_036927045.1_ASM3692704v1_genomic
AT4G05555	CM072649.1	90.139	1369	129	6	1	1366	15916013	15917378	0	1775	GCA_036927045.1_ASM3692704v1_genomic
AT4G05555	CM072649.1	89.295	766	78	3	1405	2169	15917369	15918131	0	957	GCA_036927045.1_ASM3692704v1_genomic
AT4G05555	CM072649.1	100	41	0	0	2782	2822	13008386	13008346	2.72e-12	76.8	GCA_036927045.1_ASM3692704v1_genomic
AT4G05555	CM072648.1	93.118	1177	59	5	1134	2310	3096224	3095070	0	1705	GCA_036927045.1_ASM3692704v1_genomic
AT4G05555	CM072648.1	92.945	567	36	4	1	565	4508840	4509404	0	822	GCA_036927045.1_ASM3692704v1_genomic
AT4G05555	CM072648.1	93.237	414	23	3	2408	2816	3095073	3094660	2.81e-171	604	GCA_036927045.1_ASM3692704v1_genomic
AT4G05555	CM072648.1	88.406	138	16	0	2032	2169	3095213	3095076	1.57e-39	167	GCA_036927045.1_ASM3692704v1_genomic
AT4G05555	CM072648.1	100	39	0	0	2784	2822	3094671	3094633	3.52e-11	73.1	GCA_036927045.1_ASM3692704v1_genomic
AT4G05555	CM072651.1	86.63	1092	138	8	92	1179	11794281	11795368	0	1201	GCA_036927045.1_ASM3692704v1_genomic
AT1G36970	CM072627.1	99.696	1972	6	0	1	1972	13955907	13957878	0	3609	GCA_036927085.1_ASM3692708v1_genomic
AT1G36970	CM072627.1	88.041	485	55	3	1381	1864	20905052	20905534	1.99e-161	571	GCA_036927085.1_ASM3692708v1_genomic
AT1G36970	CM072627.1	82.403	233	18	4	991	1201	20903953	20904184	3.91e-44	182	GCA_036927085.1_ASM3692708v1_genomic
AT1G36970	CM072627.1	95.745	94	4	0	1383	1476	13957120	13957213	3.07e-35	152	GCA_036927085.1_ASM3692708v1_genomic
AT1G36970	CM072627.1	95.745	94	4	0	1214	1307	13957289	13957382	3.07e-35	152	GCA_036927085.1_ASM3692708v1_genomic
AT1G36970	CM072629.1	90.625	672	56	7	2	670	15500149	15500816	0	885	GCA_036927085.1_ASM3692708v1_genomic
AT1G36970	CM072629.1	87.079	534	58	8	1381	1913	15501525	15502048	4.24e-168	593	GCA_036927085.1_ASM3692708v1_genomic
AT1G36970	CM072629.1	88.417	259	27	1	596	854	13048987	13048732	1.72e-82	309	GCA_036927085.1_ASM3692708v1_genomic
AT1G36970	CM072629.1	93.103	87	5	1	1219	1305	15501532	15501617	1.86e-27	126	GCA_036927085.1_ASM3692708v1_genomic
AT1G36970	CM072630.1	81.978	738	100	19	466	1201	2726759	2727465	1.18e-168	595	GCA_036927085.1_ASM3692708v1_genomic
AT1G36970	CM072630.1	85.178	533	75	4	1383	1913	2728334	2728864	4.33e-153	544	GCA_036927085.1_ASM3692708v1_genomic
AT1G36970	CM072628.1	86.531	542	66	7	1381	1919	3173640	3173103	5.48e-167	590	GCA_036927085.1_ASM3692708v1_genomic
AT1G36970	CM072628.1	83.415	615	84	16	2	608	3175737	3175133	2e-156	555	GCA_036927085.1_ASM3692708v1_genomic
AT1G36970	CM072628.1	80.045	441	54	13	715	1148	3174995	3174582	1.34e-78	296	GCA_036927085.1_ASM3692708v1_genomic
AT1G36970	CM072628.1	93.023	86	6	0	1116	1201	3174593	3174508	1.86e-27	126	GCA_036927085.1_ASM3692708v1_genomic
AT3G31560	CM072630.1	89.259	270	28	1	3	272	2727273	2727005	1.75e-91	337	GCA_036927085.1_ASM3692708v1_genomic
AT3G31560	CM072628.1	86.869	297	33	2	3	296	3174722	3175015	1.05e-88	327	GCA_036927085.1_ASM3692708v1_genomic
AT3G31560	CM072628.1	95.062	162	7	1	296	457	12043937	12044097	1.81e-66	254	GCA_036927085.1_ASM3692708v1_genomic
AT3G31560	CM072629.1	96.791	187	6	0	271	457	13048967	13049153	2.95e-84	313	GCA_036927085.1_ASM3692708v1_genomic
AT3G31560	CM072629.1	95.745	141	6	0	132	272	13048730	13048870	1.1e-58	228	GCA_036927085.1_ASM3692708v1_genomic
AT3G31560	CM072629.1	97.826	46	1	0	227	272	13048607	13048652	3.25e-14	80.5	GCA_036927085.1_ASM3692708v1_genomic
AT3G31560	CM072627.1	88.75	240	27	0	33	272	13956861	13956622	1.07e-78	294	GCA_036927085.1_ASM3692708v1_genomic
AT4G05555	CM072630.1	97.839	2823	43	1	1	2823	2724615	2727419	0	4859	GCA_036927085.1_ASM3692708v1_genomic
AT4G05555	CM072630.1	89.13	138	15	0	2032	2169	2726763	2726900	3.38e-41	172	GCA_036927085.1_ASM3692708v1_genomic
AT4G05555	CM072630.1	88.406	138	16	0	2167	2304	2726628	2726765	1.57e-39	167	GCA_036927085.1_ASM3692708v1_genomic
AT4G05555	CM072627.1	88.911	1515	114	16	1	1511	14575613	14574149	0	1818	GCA_036927085.1_ASM3692708v1_genomic
AT4G05555	CM072627.1	90.847	874	74	5	496	1366	20903054	20903924	0	1166	GCA_036927085.1_ASM3692708v1_genomic
AT4G05555	CM072627.1	84.371	723	96	14	1439	2154	13955787	13956499	0	693	GCA_036927085.1_ASM3692708v1_genomic
AT4G05555	CM072627.1	81.358	692	88	23	2163	2819	13956372	13957057	2.25e-147	525	GCA_036927085.1_ASM3692708v1_genomic
AT4G05555	CM072627.1	91.772	158	13	0	2659	2816	20903953	20904110	1.19e-55	220	GCA_036927085.1_ASM3692708v1_genomic
AT4G05555	CM072627.1	100	41	0	0	2782	2822	20904097	20904137	2.73e-12	76.8	GCA_036927085.1_ASM3692708v1_genomic
AT4G05555	CM072629.1	90.139	1369	129	6	1	1366	15498636	15500001	0	1775	GCA_036927085.1_ASM3692708v1_genomic
AT4G05555	CM072629.1	89.164	766	79	3	1405	2169	15499992	15500754	0	952	GCA_036927085.1_ASM3692708v1_genomic
AT4G05555	CM072629.1	88.973	263	29	0	2287	2549	13048992	13048730	2.45e-87	326	GCA_036927085.1_ASM3692708v1_genomic
AT4G05555	CM072628.1	92.456	1246	67	9	1066	2310	3176211	3174992	0	1755	GCA_036927085.1_ASM3692708v1_genomic
AT4G05555	CM072628.1	92.416	567	39	4	1	565	3176767	3176203	0	806	GCA_036927085.1_ASM3692708v1_genomic
AT4G05555	CM072628.1	92.995	414	24	3	2408	2816	3174995	3174582	1.31e-169	599	GCA_036927085.1_ASM3692708v1_genomic
AT4G05555	CM072628.1	86.957	138	18	0	2032	2169	3175135	3174998	3.41e-36	156	GCA_036927085.1_ASM3692708v1_genomic
AT4G05555	CM072628.1	100	39	0	0	2784	2822	3174593	3174555	3.53e-11	73.1	GCA_036927085.1_ASM3692708v1_genomic
AT1G36970	CM072622.1	99.899	1972	2	0	1	1972	13813265	13815236	0	3631	GCA_036927245.1_ASM3692724v1_genomic
AT1G36970	CM072622.1	87.959	490	56	3	1381	1869	14579398	14579885	1.52e-162	575	GCA_036927245.1_ASM3692724v1_genomic
AT1G36970	CM072622.1	87.835	485	56	3	1381	1864	16868708	16869190	9.13e-160	566	GCA_036927245.1_ASM3692724v1_genomic
AT1G36970	CM072622.1	89.744	156	14	2	991	1145	14578299	14578453	3.84e-49	198	GCA_036927245.1_ASM3692724v1_genomic
AT1G36970	CM072622.1	82.403	233	18	4	991	1201	16867609	16867840	3.86e-44	182	GCA_036927245.1_ASM3692724v1_genomic
AT1G36970	CM072622.1	95.745	94	4	0	1383	1476	13814478	13814571	3.03e-35	152	GCA_036927245.1_ASM3692724v1_genomic
AT1G36970	CM072622.1	95.745	94	4	0	1214	1307	13814647	13814740	3.03e-35	152	GCA_036927245.1_ASM3692724v1_genomic
AT1G36970	CM072624.1	89.349	676	61	8	2	670	16695458	16696129	0	839	GCA_036927245.1_ASM3692724v1_genomic
AT1G36970	CM072624.1	88.095	546	62	3	1381	1925	13072491	13071948	0	645	GCA_036927245.1_ASM3692724v1_genomic
AT1G36970	CM072624.1	88.224	535	60	3	1381	1913	13033500	13032967	0	636	GCA_036927245.1_ASM3692724v1_genomic
AT1G36970	CM072624.1	88.235	527	59	3	1388	1913	16696900	16697424	4.13e-178	627	GCA_036927245.1_ASM3692724v1_genomic
AT1G36970	CM072624.1	85.018	554	54	13	596	1148	13034957	13034432	7.16e-151	536	GCA_036927245.1_ASM3692724v1_genomic
AT1G36970	CM072624.1	88.406	414	43	2	1381	1794	13409139	13408731	4.37e-138	494	GCA_036927245.1_ASM3692724v1_genomic
AT1G36970	CM072624.1	83.135	587	51	10	636	1201	13410557	13409998	1.57e-137	492	GCA_036927245.1_ASM3692724v1_genomic
AT1G36970	CM072624.1	83.478	460	46	20	634	1092	13073333	13072903	2.72e-110	401	GCA_036927245.1_ASM3692724v1_genomic
AT1G36970	CM072624.1	88.803	259	26	1	596	854	13410815	13410560	3.65e-84	315	GCA_036927245.1_ASM3692724v1_genomic
AT1G36970	CM072624.1	95.506	89	4	0	1113	1201	13034446	13034358	1.82e-32	143	GCA_036927245.1_ASM3692724v1_genomic
AT1G36970	CM072624.1	91.954	87	6	1	1219	1305	16696900	16696985	8.54e-26	121	GCA_036927245.1_ASM3692724v1_genomic
AT1G36970	CM072625.1	84.975	599	79	9	1	593	2882618	2883211	3.24e-169	597	GCA_036927245.1_ASM3692724v1_genomic
AT1G36970	CM072625.1	81.732	739	100	20	466	1201	2883220	2883926	2.52e-165	584	GCA_036927245.1_ASM3692724v1_genomic
AT1G36970	CM072625.1	85.421	535	74	4	1381	1913	2884793	2885325	7.11e-156	553	GCA_036927245.1_ASM3692724v1_genomic
AT1G36970	CM072623.1	86.372	543	65	9	1381	1919	3026747	3026210	2.52e-165	584	GCA_036927245.1_ASM3692724v1_genomic
AT1G36970	CM072623.1	83.415	615	84	16	2	608	3028844	3028240	1.98e-156	555	GCA_036927245.1_ASM3692724v1_genomic
AT1G36970	CM072623.1	80.455	440	53	12	715	1148	3028102	3027690	2.2e-81	305	GCA_036927245.1_ASM3692724v1_genomic
AT1G36970	CM072623.1	93.023	86	6	0	1116	1201	3027701	3027616	1.84e-27	126	GCA_036927245.1_ASM3692724v1_genomic
AT3G31560	CM072624.1	95.926	270	11	0	3	272	13410211	13410480	4.6e-122	438	GCA_036927245.1_ASM3692724v1_genomic
AT3G31560	CM072624.1	95.926	270	10	1	3	272	13072986	13073254	1.65e-121	436	GCA_036927245.1_ASM3692724v1_genomic
AT3G31560	CM072624.1	94.815	270	14	0	3	272	13034571	13034840	4.63e-117	422	GCA_036927245.1_ASM3692724v1_genomic
AT3G31560	CM072624.1	97.326	187	5	0	271	457	13034937	13035123	6.25e-86	318	GCA_036927245.1_ASM3692724v1_genomic
AT3G31560	CM072624.1	97.326	187	5	0	271	457	13410795	13410981	6.25e-86	318	GCA_036927245.1_ASM3692724v1_genomic
AT3G31560	CM072624.1	95.833	168	7	0	290	457	13073353	13073520	4.94e-72	272	GCA_036927245.1_ASM3692724v1_genomic
AT3G31560	CM072624.1	97.872	141	3	0	132	272	13410558	13410698	1.08e-63	244	GCA_036927245.1_ASM3692724v1_genomic
AT3G31560	CM072623.1	87.879	297	30	2	3	296	3027829	3028122	1.03e-93	344	GCA_036927245.1_ASM3692724v1_genomic
AT3G31560	CM072623.1	94.444	162	8	1	296	457	13543233	13543393	8.32e-65	248	GCA_036927245.1_ASM3692724v1_genomic
AT3G31560	CM072625.1	89.259	270	28	1	3	272	2883734	2883466	1.73e-91	337	GCA_036927245.1_ASM3692724v1_genomic
AT3G31560	CM072622.1	88.75	240	27	0	33	272	13814219	13813980	1.05e-78	294	GCA_036927245.1_ASM3692724v1_genomic
AT4G05555	CM072625.1	99.114	2823	7	1	1	2823	2881076	2883880	0	5059	GCA_036927245.1_ASM3692724v1_genomic
AT4G05555	CM072625.1	88.406	138	16	0	2167	2304	2883089	2883226	1.55e-39	167	GCA_036927245.1_ASM3692724v1_genomic
AT4G05555	CM072625.1	88.406	138	16	0	2032	2169	2883224	2883361	1.55e-39	167	GCA_036927245.1_ASM3692724v1_genomic
AT4G05555	CM072622.1	90.716	1411	119	10	1	1407	14544945	14546347	0	1869	GCA_036927245.1_ASM3692724v1_genomic
AT4G05555	CM072622.1	89.317	1039	86	15	1135	2169	16866356	16867373	0	1280	GCA_036927245.1_ASM3692724v1_genomic
AT4G05555	CM072622.1	89.956	906	81	9	496	1398	16865452	16866350	0	1160	GCA_036927245.1_ASM3692724v1_genomic
AT4G05555	CM072622.1	88.791	678	59	8	1507	2169	14577435	14578110	0	815	GCA_036927245.1_ASM3692724v1_genomic
AT4G05555	CM072622.1	84.401	718	95	14	1444	2154	13813150	13813857	0	689	GCA_036927245.1_ASM3692724v1_genomic
AT4G05555	CM072622.1	81.358	692	88	23	2163	2819	13813730	13814415	2.23e-147	525	GCA_036927245.1_ASM3692724v1_genomic
AT4G05555	CM072622.1	86.667	405	32	13	2414	2816	16867382	16867766	1.8e-118	429	GCA_036927245.1_ASM3692724v1_genomic
AT4G05555	CM072622.1	90	240	15	5	2574	2813	14578223	14578453	4.08e-80	302	GCA_036927245.1_ASM3692724v1_genomic
AT4G05555	CM072622.1	86.986	146	11	7	2167	2307	14577971	14578113	9.36e-37	158	GCA_036927245.1_ASM3692724v1_genomic
AT4G05555	CM072622.1	100	41	0	0	2782	2822	16867753	16867793	2.69e-12	76.8	GCA_036927245.1_ASM3692724v1_genomic
AT4G05555	CM072622.1	100	29	0	0	2794	2822	14578455	14578483	1.26e-05	54.7	GCA_036927245.1_ASM3692724v1_genomic
AT4G05555	CM072623.1	92.777	1246	63	9	1066	2310	3029318	3028099	0	1777	GCA_036927245.1_ASM3692724v1_genomic
AT4G05555	CM072623.1	92.945	567	36	4	1	565	3029874	3029310	0	822	GCA_036927245.1_ASM3692724v1_genomic
AT4G05555	CM072623.1	93.22	413	24	2	2408	2816	3028102	3027690	2.78e-171	604	GCA_036927245.1_ASM3692724v1_genomic
AT4G05555	CM072623.1	88.406	138	16	0	2032	2169	3028242	3028105	1.55e-39	167	GCA_036927245.1_ASM3692724v1_genomic
AT4G05555	CM072623.1	100	39	0	0	2784	2822	3027701	3027663	3.49e-11	73.1	GCA_036927245.1_ASM3692724v1_genomic
AT4G05555	CM072624.1	90.217	1104	103	5	265	1366	16694210	16695310	0	1435	GCA_036927245.1_ASM3692724v1_genomic
AT4G05555	CM072624.1	88.067	771	82	7	1405	2169	16695301	16696067	0	905	GCA_036927245.1_ASM3692724v1_genomic
AT4G05555	CM072624.1	89.286	532	54	3	2287	2816	13034962	13034432	0	664	GCA_036927245.1_ASM3692724v1_genomic
AT4G05555	CM072624.1	89.938	487	46	3	2332	2816	13410557	13410072	2.13e-177	625	GCA_036927245.1_ASM3692724v1_genomic
AT4G05555	CM072624.1	88.426	432	48	2	2330	2760	13073333	13072903	1.04e-145	520	GCA_036927245.1_ASM3692724v1_genomic
AT4G05555	CM072624.1	87.558	217	26	1	1	216	16693989	16694205	1.5e-64	250	GCA_036927245.1_ASM3692724v1_genomic
AT4G05555	CM072624.1	88.67	203	23	0	2164	2366	16695927	16696129	5.4e-64	248	GCA_036927245.1_ASM3692724v1_genomic
AT4G05555	CM072624.1	100	41	0	0	2782	2822	13410085	13410045	2.69e-12	76.8	GCA_036927245.1_ASM3692724v1_genomic
AT4G05555	CM072624.1	97.561	41	1	0	2782	2822	13034445	13034405	1.25e-10	71.3	GCA_036927245.1_ASM3692724v1_genomic
AT4G05555	CM072626.1	87.088	1092	133	8	92	1179	11784032	11785119	0	1229	GCA_036927245.1_ASM3692724v1_genomic
AT1G36970	CM072632.1	99.29	1972	13	1	1	1972	13961137	13963107	0	3563	GCA_036927255.1_ASM3692725v1_genomic
AT1G36970	CM072632.1	88.247	485	54	3	1381	1864	19082738	19083220	4.31e-163	577	GCA_036927255.1_ASM3692725v1_genomic
AT1G36970	CM072632.1	82.403	233	18	4	991	1201	19081639	19081870	3.95e-44	182	GCA_036927255.1_ASM3692725v1_genomic
AT1G36970	CM072632.1	95.745	94	4	0	1383	1476	13962349	13962442	3.1e-35	152	GCA_036927255.1_ASM3692725v1_genomic
AT1G36970	CM072632.1	95.745	94	4	0	1214	1307	13962518	13962611	3.1e-35	152	GCA_036927255.1_ASM3692725v1_genomic
AT1G36970	CM072634.1	89.457	645	57	8	2	639	17493375	17494015	0	804	GCA_036927255.1_ASM3692725v1_genomic
AT1G36970	CM072634.1	87.828	534	63	2	1381	1913	12847418	12846886	1.52e-177	625	GCA_036927255.1_ASM3692725v1_genomic
AT1G36970	CM072634.1	87.409	548	63	6	1381	1925	12895488	12894944	1.52e-177	625	GCA_036927255.1_ASM3692725v1_genomic
AT1G36970	CM072634.1	87.856	527	61	3	1388	1913	17494809	17495333	9.13e-175	616	GCA_036927255.1_ASM3692725v1_genomic
AT1G36970	CM072634.1	85.353	553	54	8	596	1148	12896967	12896442	3.38e-154	547	GCA_036927255.1_ASM3692725v1_genomic
AT1G36970	CM072634.1	84.657	554	56	11	596	1148	12848875	12848350	1.58e-147	525	GCA_036927255.1_ASM3692725v1_genomic
AT1G36970	CM072634.1	82.845	478	54	9	596	1073	12878604	12878155	7.74e-111	403	GCA_036927255.1_ASM3692725v1_genomic
AT1G36970	CM072634.1	95.789	95	4	0	1107	1201	12896441	12896347	8.61e-36	154	GCA_036927255.1_ASM3692725v1_genomic
AT1G36970	CM072634.1	95.506	89	4	0	1113	1201	12848364	12848276	1.86e-32	143	GCA_036927255.1_ASM3692725v1_genomic
AT1G36970	CM072634.1	90.805	87	7	1	1219	1305	17494809	17494894	4.06e-24	115	GCA_036927255.1_ASM3692725v1_genomic
AT1G36970	CM072635.1	82.114	738	99	19	466	1201	2923026	2923732	2.56e-170	601	GCA_036927255.1_ASM3692725v1_genomic
AT1G36970	CM072635.1	84.808	599	80	9	1	593	2922424	2923017	1.54e-167	592	GCA_036927255.1_ASM3692725v1_genomic
AT1G36970	CM072635.1	84.457	534	79	4	1382	1913	2924600	2925131	5.7e-147	523	GCA_036927255.1_ASM3692725v1_genomic
AT1G36970	CM072633.1	86.162	542	68	7	1381	1919	3087592	3087055	1.2e-163	579	GCA_036927255.1_ASM3692725v1_genomic
AT1G36970	CM072633.1	83.577	615	83	16	2	608	3089687	3089083	4.34e-158	560	GCA_036927255.1_ASM3692725v1_genomic
AT1G36970	CM072633.1	80.045	441	54	13	715	1148	3088945	3088532	1.35e-78	296	GCA_036927255.1_ASM3692725v1_genomic
AT1G36970	CM072633.1	91.86	86	7	0	1116	1201	3088543	3088458	8.73e-26	121	GCA_036927255.1_ASM3692725v1_genomic
AT3G31560	CM072634.1	96.667	270	9	0	3	272	12896581	12896850	2.17e-125	449	GCA_036927255.1_ASM3692725v1_genomic
AT3G31560	CM072634.1	95.556	270	11	1	3	272	12878219	12878487	7.87e-120	431	GCA_036927255.1_ASM3692725v1_genomic
AT3G31560	CM072634.1	94.074	270	16	0	3	272	12848489	12848758	1.03e-113	411	GCA_036927255.1_ASM3692725v1_genomic
AT3G31560	CM072634.1	97.326	187	5	0	271	457	12848855	12849041	6.39e-86	318	GCA_036927255.1_ASM3692725v1_genomic
AT3G31560	CM072634.1	96.791	187	6	0	271	457	12878584	12878770	2.97e-84	313	GCA_036927255.1_ASM3692725v1_genomic
AT3G31560	CM072634.1	96.257	187	7	0	271	457	12896947	12897133	1.38e-82	307	GCA_036927255.1_ASM3692725v1_genomic
AT3G31560	CM072635.1	89.63	270	27	1	3	272	2923540	2923272	3.79e-93	342	GCA_036927255.1_ASM3692725v1_genomic
AT3G31560	CM072633.1	87.248	298	31	3	3	296	3088671	3088965	2.28e-90	333	GCA_036927255.1_ASM3692725v1_genomic
AT3G31560	CM072633.1	94.444	162	8	1	296	457	12291134	12291294	8.51e-65	248	GCA_036927255.1_ASM3692725v1_genomic
AT3G31560	CM072632.1	88.186	237	28	0	36	272	13962088	13961852	2.33e-75	283	GCA_036927255.1_ASM3692725v1_genomic
AT4G05555	CM072635.1	98.45	1419	22	0	1405	2823	2922268	2923686	0	2499	GCA_036927255.1_ASM3692725v1_genomic
AT4G05555	CM072635.1	98.318	1308	22	0	59	1366	2920970	2922277	0	2294	GCA_036927255.1_ASM3692725v1_genomic
AT4G05555	CM072635.1	87.5	152	16	2	2032	2183	2923030	2923178	3.42e-41	172	GCA_036927255.1_ASM3692725v1_genomic
AT4G05555	CM072635.1	88.406	138	16	0	2167	2304	2922895	2923032	1.59e-39	167	GCA_036927255.1_ASM3692725v1_genomic
AT4G05555	CM072632.1	88.911	1515	114	16	1	1511	14584775	14583311	0	1818	GCA_036927255.1_ASM3692725v1_genomic
AT4G05555	CM072632.1	89.317	1039	85	15	1135	2169	19080387	19081403	0	1280	GCA_036927255.1_ASM3692725v1_genomic
AT4G05555	CM072632.1	90.066	906	80	9	496	1398	19079483	19080381	0	1166	GCA_036927255.1_ASM3692725v1_genomic
AT4G05555	CM072632.1	84.094	723	98	14	1439	2154	13961017	13961729	0	682	GCA_036927255.1_ASM3692725v1_genomic
AT4G05555	CM072632.1	81.042	691	91	25	2163	2819	13961602	13962286	4.93e-144	514	GCA_036927255.1_ASM3692725v1_genomic
AT4G05555	CM072632.1	87.16	405	30	13	2414	2816	19081412	19081796	8.48e-122	440	GCA_036927255.1_ASM3692725v1_genomic
AT4G05555	CM072632.1	100	41	0	0	2782	2822	19081783	19081823	2.75e-12	76.8	GCA_036927255.1_ASM3692725v1_genomic
AT4G05555	CM072633.1	92.456	1246	67	8	1066	2310	3090161	3088942	0	1755	GCA_036927255.1_ASM3692725v1_genomic
AT4G05555	CM072633.1	92.24	567	40	4	1	565	3090717	3090153	0	800	GCA_036927255.1_ASM3692725v1_genomic
AT4G05555	CM072633.1	92.995	414	24	3	2408	2816	3088945	3088532	1.32e-169	599	GCA_036927255.1_ASM3692725v1_genomic
AT4G05555	CM072633.1	88.406	138	16	0	2032	2169	3089085	3088948	1.59e-39	167	GCA_036927255.1_ASM3692725v1_genomic
AT4G05555	CM072633.1	100	39	0	0	2784	2822	3088543	3088505	3.56e-11	73.1	GCA_036927255.1_ASM3692725v1_genomic
AT4G05555	CM072634.1	89.774	1369	121	8	1	1366	17491875	17493227	0	1735	GCA_036927255.1_ASM3692725v1_genomic
AT4G05555	CM072634.1	88.831	770	78	5	1405	2169	17493218	17493984	0	939	GCA_036927255.1_ASM3692725v1_genomic
AT4G05555	CM072634.1	90.226	532	49	3	2287	2816	12896972	12896442	0	691	GCA_036927255.1_ASM3692725v1_genomic
AT4G05555	CM072634.1	89.098	532	55	3	2287	2816	12848880	12848350	0	658	GCA_036927255.1_ASM3692725v1_genomic
AT4G05555	CM072634.1	97.561	41	1	0	2782	2822	12848363	12848323	1.28e-10	71.3	GCA_036927255.1_ASM3692725v1_genomic
AT4G05555	CM072634.1	97.561	41	1	0	2782	2822	12896434	12896394	1.28e-10	71.3	GCA_036927255.1_ASM3692725v1_genomic
AT1G36970	CM072617.1	99.848	1972	3	0	1	1972	13859945	13861916	0	3626	GCA_036927265.1_ASM3692726v1_genomic
AT1G36970	CM072617.1	95.745	94	4	0	1383	1476	13861158	13861251	3.09e-35	152	GCA_036927265.1_ASM3692726v1_genomic
AT1G36970	CM072617.1	95.745	94	4	0	1214	1307	13861327	13861420	3.09e-35	152	GCA_036927265.1_ASM3692726v1_genomic
AT1G36970	CM072619.1	87.211	563	66	6	1381	1942	13172425	13171868	0	636	GCA_036927265.1_ASM3692726v1_genomic
AT1G36970	CM072619.1	85.38	513	48	7	636	1148	13513511	13513026	5.73e-142	507	GCA_036927265.1_ASM3692726v1_genomic
AT1G36970	CM072619.1	88.406	414	43	2	1381	1794	13512093	13511685	4.46e-138	494	GCA_036927265.1_ASM3692726v1_genomic
AT1G36970	CM072619.1	83.135	587	50	11	636	1201	13173844	13173286	5.77e-137	490	GCA_036927265.1_ASM3692726v1_genomic
AT1G36970	CM072619.1	88.803	259	26	1	596	854	13513769	13513514	3.73e-84	315	GCA_036927265.1_ASM3692726v1_genomic
AT1G36970	CM072619.1	93.701	127	8	0	728	854	13173973	13173847	6.55e-47	191	GCA_036927265.1_ASM3692726v1_genomic
AT1G36970	CM072619.1	96.703	91	3	0	1111	1201	13513042	13512952	3.09e-35	152	GCA_036927265.1_ASM3692726v1_genomic
AT1G36970	CM072620.1	81.843	738	101	19	466	1201	2854828	2855534	5.53e-167	590	GCA_036927265.1_ASM3692726v1_genomic
AT1G36970	CM072620.1	85.366	533	74	4	1383	1913	2856403	2856933	9.39e-155	549	GCA_036927265.1_ASM3692726v1_genomic
AT1G36970	CM072618.1	83.089	615	85	17	2	608	3068865	3068262	1.57e-152	542	GCA_036927265.1_ASM3692726v1_genomic
AT1G36970	CM072618.1	80.045	441	54	13	715	1148	3068124	3067711	1.35e-78	296	GCA_036927265.1_ASM3692726v1_genomic
AT1G36970	CM072618.1	93.023	86	6	0	1116	1201	3067722	3067637	1.87e-27	126	GCA_036927265.1_ASM3692726v1_genomic
AT3G31560	CM072619.1	94.785	326	2	1	132	457	13173845	13174155	9.88e-139	494	GCA_036927265.1_ASM3692726v1_genomic
AT3G31560	CM072619.1	97.059	272	8	0	1	272	13173497	13173768	3.61e-128	459	GCA_036927265.1_ASM3692726v1_genomic
AT3G31560	CM072619.1	96.667	270	9	0	3	272	13513165	13513434	2.17e-125	449	GCA_036927265.1_ASM3692726v1_genomic
AT3G31560	CM072619.1	97.326	187	5	0	271	457	13513749	13513935	6.38e-86	318	GCA_036927265.1_ASM3692726v1_genomic
AT3G31560	CM072619.1	97.872	141	3	0	132	272	13513512	13513652	1.1e-63	244	GCA_036927265.1_ASM3692726v1_genomic
AT3G31560	CM072620.1	89.259	270	28	1	3	272	2855342	2855074	1.76e-91	337	GCA_036927265.1_ASM3692726v1_genomic
AT3G31560	CM072618.1	87.805	287	28	3	14	296	3067861	3068144	2.95e-89	329	GCA_036927265.1_ASM3692726v1_genomic
AT3G31560	CM072618.1	94.444	162	8	1	296	457	12755608	12755768	8.5e-65	248	GCA_036927265.1_ASM3692726v1_genomic
AT3G31560	CM072617.1	88.75	240	27	0	33	272	13860899	13860660	1.08e-78	294	GCA_036927265.1_ASM3692726v1_genomic
AT4G05555	CM072620.1	97.698	2824	46	2	1	2823	2852683	2855488	0	4837	GCA_036927265.1_ASM3692726v1_genomic
AT4G05555	CM072620.1	89.13	138	15	0	2032	2169	2854832	2854969	3.41e-41	172	GCA_036927265.1_ASM3692726v1_genomic
AT4G05555	CM072620.1	87.681	138	17	0	2167	2304	2854697	2854834	7.38e-38	161	GCA_036927265.1_ASM3692726v1_genomic
AT4G05555	CM072618.1	92.295	1246	68	11	1066	2310	3069339	3068121	0	1744	GCA_036927265.1_ASM3692726v1_genomic
AT4G05555	CM072618.1	92.945	567	36	4	1	565	3069895	3069331	0	822	GCA_036927265.1_ASM3692726v1_genomic
AT4G05555	CM072618.1	92.995	414	24	3	2408	2816	3068124	3067711	1.32e-169	599	GCA_036927265.1_ASM3692726v1_genomic
AT4G05555	CM072618.1	88.406	138	16	0	2032	2169	3068264	3068127	1.59e-39	167	GCA_036927265.1_ASM3692726v1_genomic
AT4G05555	CM072618.1	100	39	0	0	2784	2822	3067722	3067684	3.56e-11	73.1	GCA_036927265.1_ASM3692726v1_genomic
AT4G05555	CM072621.1	87.088	1092	133	8	92	1179	11511623	11512710	0	1229	GCA_036927265.1_ASM3692726v1_genomic
AT4G05555	CM072617.1	84.371	723	96	14	1439	2154	13859825	13860537	0	693	GCA_036927265.1_ASM3692726v1_genomic
AT4G05555	CM072617.1	81.358	692	88	23	2163	2819	13860410	13861095	2.27e-147	525	GCA_036927265.1_ASM3692726v1_genomic
AT4G05555	CM072619.1	90.554	487	43	3	2332	2816	13513511	13513026	0	641	GCA_036927265.1_ASM3692726v1_genomic
AT4G05555	CM072619.1	89.506	486	49	2	2332	2816	13173844	13173360	4.72e-174	614	GCA_036927265.1_ASM3692726v1_genomic
AT4G05555	CM072619.1	100	41	0	0	2782	2822	13173373	13173333	2.75e-12	76.8	GCA_036927265.1_ASM3692726v1_genomic
AT4G05555	CM072619.1	100	41	0	0	2782	2822	13513039	13512999	2.75e-12	76.8	GCA_036927265.1_ASM3692726v1_genomic
AT1G36970	CM072607.1	99.899	1972	2	0	1	1972	14087763	14089734	0	3631	GCA_036927275.1_ASM3692727v1_genomic
AT1G36970	CM072607.1	87.117	489	60	1	1381	1869	18641189	18640704	2.58e-155	551	GCA_036927275.1_ASM3692727v1_genomic
AT1G36970	CM072607.1	89.937	159	14	2	991	1148	18642187	18642030	8.34e-51	204	GCA_036927275.1_ASM3692727v1_genomic
AT1G36970	CM072607.1	95.745	94	4	0	1383	1476	14088976	14089069	3.06e-35	152	GCA_036927275.1_ASM3692727v1_genomic
AT1G36970	CM072607.1	95.745	94	4	0	1214	1307	14089145	14089238	3.06e-35	152	GCA_036927275.1_ASM3692727v1_genomic
AT1G36970	CM072607.1	90.909	66	6	0	1117	1182	18642040	18641975	2.44e-16	89.8	GCA_036927275.1_ASM3692727v1_genomic
AT1G36970	CM072609.1	87.389	563	65	6	1381	1942	13214372	13213815	0	641	GCA_036927275.1_ASM3692727v1_genomic
AT1G36970	CM072609.1	85.185	513	49	7	636	1148	13439937	13439452	2.64e-140	501	GCA_036927275.1_ASM3692727v1_genomic
AT1G36970	CM072609.1	88.406	414	43	2	1381	1794	13438519	13438111	4.42e-138	494	GCA_036927275.1_ASM3692727v1_genomic
AT1G36970	CM072609.1	83.135	587	51	11	636	1201	13215792	13215233	1.59e-137	492	GCA_036927275.1_ASM3692727v1_genomic
AT1G36970	CM072609.1	88.803	259	26	1	596	854	13440195	13439940	3.69e-84	315	GCA_036927275.1_ASM3692727v1_genomic
AT1G36970	CM072609.1	92.086	139	11	0	716	854	13215933	13215795	1.4e-48	196	GCA_036927275.1_ASM3692727v1_genomic
AT1G36970	CM072609.1	96.703	91	3	0	1111	1201	13439468	13439378	3.06e-35	152	GCA_036927275.1_ASM3692727v1_genomic
AT1G36970	CM072610.1	84.975	599	79	9	1	593	2981026	2981619	3.27e-169	597	GCA_036927275.1_ASM3692727v1_genomic
AT1G36970	CM072610.1	81.732	739	100	20	466	1201	2981628	2982334	2.55e-165	584	GCA_036927275.1_ASM3692727v1_genomic
AT1G36970	CM072610.1	85.234	535	75	4	1381	1913	2983201	2983733	3.34e-154	547	GCA_036927275.1_ASM3692727v1_genomic
AT3G31560	CM072609.1	99.387	326	2	0	132	457	13215793	13216118	3.37e-168	592	GCA_036927275.1_ASM3692727v1_genomic
AT3G31560	CM072609.1	96.691	272	9	0	1	272	13215444	13215715	1.66e-126	453	GCA_036927275.1_ASM3692727v1_genomic
AT3G31560	CM072609.1	95.926	270	11	0	3	272	13439591	13439860	4.65e-122	438	GCA_036927275.1_ASM3692727v1_genomic
AT3G31560	CM072609.1	96.791	187	6	0	271	457	13440175	13440361	2.94e-84	313	GCA_036927275.1_ASM3692727v1_genomic
AT3G31560	CM072609.1	97.163	141	4	0	132	272	13439938	13440078	5.06e-62	239	GCA_036927275.1_ASM3692727v1_genomic
AT3G31560	CM072610.1	89.259	270	28	1	3	272	2982142	2981874	1.75e-91	337	GCA_036927275.1_ASM3692727v1_genomic
AT3G31560	CM072607.1	88.75	240	27	0	33	272	14088717	14088478	1.07e-78	294	GCA_036927275.1_ASM3692727v1_genomic
AT3G31560	CM072608.1	93.827	162	9	1	296	457	13544739	13544899	3.92e-63	243	GCA_036927275.1_ASM3692727v1_genomic
AT4G05555	CM072610.1	99.256	2823	3	1	1	2823	2979484	2982288	0	5081	GCA_036927275.1_ASM3692727v1_genomic
AT4G05555	CM072610.1	88.406	138	16	0	2167	2304	2981497	2981634	1.57e-39	167	GCA_036927275.1_ASM3692727v1_genomic
AT4G05555	CM072610.1	88.406	138	16	0	2032	2169	2981632	2981769	1.57e-39	167	GCA_036927275.1_ASM3692727v1_genomic
AT4G05555	CM072607.1	91.372	2179	152	23	1	2169	18644590	18642438	0	2950	GCA_036927275.1_ASM3692727v1_genomic
AT4G05555	CM072607.1	84.371	723	96	14	1439	2154	14087643	14088355	0	693	GCA_036927275.1_ASM3692727v1_genomic
AT4G05555	CM072607.1	81.358	692	88	23	2163	2819	14088228	14088913	2.25e-147	525	GCA_036927275.1_ASM3692727v1_genomic
AT4G05555	CM072607.1	89.024	410	30	7	2413	2816	18642430	18642030	6.35e-138	494	GCA_036927275.1_ASM3692727v1_genomic
AT4G05555	CM072607.1	100	38	0	0	2785	2822	18642040	18642003	1.27e-10	71.3	GCA_036927275.1_ASM3692727v1_genomic
AT4G05555	CM072611.1	86.996	1092	134	8	92	1179	11696083	11697170	0	1223	GCA_036927275.1_ASM3692727v1_genomic
AT4G05555	CM072609.1	90.554	487	43	3	2332	2816	13439937	13439452	0	641	GCA_036927275.1_ASM3692727v1_genomic
AT4G05555	CM072609.1	89.712	486	49	1	2332	2816	13215792	13215307	1e-175	619	GCA_036927275.1_ASM3692727v1_genomic
AT4G05555	CM072609.1	100	41	0	0	2782	2822	13215320	13215280	2.73e-12	76.8	GCA_036927275.1_ASM3692727v1_genomic
AT4G05555	CM072609.1	100	41	0	0	2782	2822	13439465	13439425	2.73e-12	76.8	GCA_036927275.1_ASM3692727v1_genomic
AT1G36970	CM072612.1	99.29	1972	13	1	1	1972	13918716	13920686	0	3563	GCA_036927285.1_ASM3692728v1_genomic
AT1G36970	CM072612.1	87.551	490	58	3	1381	1869	14461107	14461594	3.29e-159	564	GCA_036927285.1_ASM3692728v1_genomic
AT1G36970	CM072612.1	89.744	156	14	2	991	1145	14460008	14460162	3.84e-49	198	GCA_036927285.1_ASM3692728v1_genomic
AT1G36970	CM072612.1	95.745	94	4	0	1383	1476	13919928	13920021	3.03e-35	152	GCA_036927285.1_ASM3692728v1_genomic
AT1G36970	CM072612.1	95.745	94	4	0	1214	1307	13920097	13920190	3.03e-35	152	GCA_036927285.1_ASM3692728v1_genomic
AT1G36970	CM072614.1	90.476	672	57	7	2	670	16137196	16136529	0	880	GCA_036927285.1_ASM3692728v1_genomic
AT1G36970	CM072614.1	88.202	534	60	3	1381	1913	16135821	16135290	2.47e-180	634	GCA_036927285.1_ASM3692728v1_genomic
AT1G36970	CM072614.1	87.454	542	63	5	1381	1919	12884678	12884139	6.92e-176	619	GCA_036927285.1_ASM3692728v1_genomic
AT1G36970	CM072614.1	83.673	588	46	13	636	1201	12886096	12885537	1.56e-142	508	GCA_036927285.1_ASM3692728v1_genomic
AT1G36970	CM072614.1	87.645	259	29	1	596	854	12886354	12886099	3.68e-79	298	GCA_036927285.1_ASM3692728v1_genomic
AT1G36970	CM072614.1	90.805	87	7	1	1219	1305	16135814	16135729	3.98e-24	115	GCA_036927285.1_ASM3692728v1_genomic
AT1G36970	CM072615.1	84.808	599	79	10	1	593	2905164	2905756	1.51e-167	592	GCA_036927285.1_ASM3692728v1_genomic
AT1G36970	CM072615.1	81.572	738	103	19	466	1201	2905765	2906471	1.17e-163	579	GCA_036927285.1_ASM3692728v1_genomic
AT1G36970	CM072615.1	84.86	535	77	4	1381	1913	2907337	2907869	7.17e-151	536	GCA_036927285.1_ASM3692728v1_genomic
AT1G36970	CM072613.1	87.86	486	56	3	1381	1865	3249612	3249129	2.54e-160	568	GCA_036927285.1_ASM3692728v1_genomic
AT1G36970	CM072613.1	83.415	615	84	16	2	608	3251709	3251105	1.98e-156	555	GCA_036927285.1_ASM3692728v1_genomic
AT1G36970	CM072613.1	80	440	55	12	715	1148	3250967	3250555	4.76e-78	294	GCA_036927285.1_ASM3692728v1_genomic
AT1G36970	CM072613.1	93.023	86	6	0	1116	1201	3250566	3250481	1.84e-27	126	GCA_036927285.1_ASM3692728v1_genomic
AT3G31560	CM072614.1	96.667	270	9	0	3	272	12885750	12886019	2.13e-125	449	GCA_036927285.1_ASM3692728v1_genomic
AT3G31560	CM072614.1	98.396	187	3	0	271	457	12886334	12886520	2.89e-89	329	GCA_036927285.1_ASM3692728v1_genomic
AT3G31560	CM072614.1	95.745	141	6	0	132	272	12886097	12886237	1.09e-58	228	GCA_036927285.1_ASM3692728v1_genomic
AT3G31560	CM072615.1	89.259	270	28	1	3	272	2906279	2906011	1.73e-91	337	GCA_036927285.1_ASM3692728v1_genomic
AT3G31560	CM072613.1	86.869	297	33	2	3	296	3250694	3250987	1.04e-88	327	GCA_036927285.1_ASM3692728v1_genomic
AT3G31560	CM072613.1	95.062	162	7	1	296	457	11772758	11772918	1.79e-66	254	GCA_036927285.1_ASM3692728v1_genomic
AT3G31560	CM072612.1	88.186	237	28	0	36	272	13919667	13919431	2.28e-75	283	GCA_036927285.1_ASM3692728v1_genomic
AT4G05555	CM072615.1	97.662	2823	47	2	1	2823	2903622	2906425	0	4830	GCA_036927285.1_ASM3692728v1_genomic
AT4G05555	CM072615.1	86.842	152	17	2	2032	2183	2905769	2905917	1.56e-39	167	GCA_036927285.1_ASM3692728v1_genomic
AT4G05555	CM072612.1	91.006	1412	115	10	1	1407	14442939	14444343	0	1893	GCA_036927285.1_ASM3692728v1_genomic
AT4G05555	CM072612.1	90.105	667	60	5	1507	2169	14459098	14459762	0	861	GCA_036927285.1_ASM3692728v1_genomic
AT4G05555	CM072612.1	84.094	723	98	14	1439	2154	13918596	13919308	0	682	GCA_036927285.1_ASM3692728v1_genomic
AT4G05555	CM072612.1	81.042	691	91	25	2163	2819	13919181	13919865	4.83e-144	514	GCA_036927285.1_ASM3692728v1_genomic
AT4G05555	CM072612.1	90.05	402	30	6	2413	2813	14459770	14460162	1.74e-143	512	GCA_036927285.1_ASM3692728v1_genomic
AT4G05555	CM072612.1	86.301	146	12	7	2167	2307	14459623	14459765	4.36e-35	152	GCA_036927285.1_ASM3692728v1_genomic
AT4G05555	CM072612.1	100	29	0	0	2794	2822	14460164	14460192	1.26e-05	54.7	GCA_036927285.1_ASM3692728v1_genomic
AT4G05555	CM072614.1	90.285	1369	125	7	1	1366	16138707	16137344	0	1784	GCA_036927285.1_ASM3692728v1_genomic
AT4G05555	CM072614.1	89.295	766	78	3	1405	2169	16137353	16136591	0	957	GCA_036927285.1_ASM3692728v1_genomic
AT4G05555	CM072614.1	90.123	486	47	1	2332	2816	12886096	12885611	4.59e-179	630	GCA_036927285.1_ASM3692728v1_genomic
AT4G05555	CM072614.1	88.213	263	31	0	2287	2549	12886359	12886097	5.25e-84	315	GCA_036927285.1_ASM3692728v1_genomic
AT4G05555	CM072614.1	100	41	0	0	2782	2822	12885624	12885584	2.7e-12	76.8	GCA_036927285.1_ASM3692728v1_genomic
AT4G05555	CM072613.1	92.456	1246	67	12	1066	2310	3252183	3250964	0	1755	GCA_036927285.1_ASM3692728v1_genomic
AT4G05555	CM072613.1	92.416	567	39	4	1	565	3252739	3252175	0	806	GCA_036927285.1_ASM3692728v1_genomic
AT4G05555	CM072613.1	92.978	413	25	2	2408	2816	3250967	3250555	1.3e-169	599	GCA_036927285.1_ASM3692728v1_genomic
AT4G05555	CM072613.1	87.681	138	17	0	2032	2169	3251107	3250970	7.24e-38	161	GCA_036927285.1_ASM3692728v1_genomic
AT4G05555	CM072613.1	100	39	0	0	2784	2822	3250566	3250528	3.49e-11	73.1	GCA_036927285.1_ASM3692728v1_genomic
AT4G05555	CM072616.1	86.813	1092	136	8	92	1179	11797565	11798652	0	1212	GCA_036927285.1_ASM3692728v1_genomic
AT1G36970	CM072602.1	99.037	1972	19	0	1	1972	13795044	13793073	0	3537	GCA_036927355.1_ASM3692735v1_genomic
AT1G36970	CM072602.1	95.745	94	4	0	1214	1307	13793662	13793569	3.17e-35	152	GCA_036927355.1_ASM3692735v1_genomic
AT1G36970	CM072602.1	95.745	94	4	0	1383	1476	13793831	13793738	3.17e-35	152	GCA_036927355.1_ASM3692735v1_genomic
AT1G36970	CM072604.1	90.03	672	58	8	2	670	17502224	17502889	0	861	GCA_036927355.1_ASM3692735v1_genomic
AT1G36970	CM072604.1	88.202	534	60	3	1381	1913	17503595	17504126	2.58e-180	634	GCA_036927355.1_ASM3692735v1_genomic
AT1G36970	CM072604.1	89.655	87	8	1	1219	1305	17503602	17503687	1.93e-22	110	GCA_036927355.1_ASM3692735v1_genomic
AT1G36970	CM072605.1	84.975	599	79	9	1	593	2725649	2726242	3.38e-169	597	GCA_036927355.1_ASM3692735v1_genomic
AT1G36970	CM072605.1	84.673	535	78	4	1381	1913	2727796	2728328	3.48e-149	531	GCA_036927355.1_ASM3692735v1_genomic
AT1G36970	CM072605.1	80.333	661	94	20	466	1123	2726251	2726878	2.77e-130	468	GCA_036927355.1_ASM3692735v1_genomic
AT1G36970	CM072603.1	86.372	543	65	9	1381	1919	3210111	3209574	2.63e-165	584	GCA_036927355.1_ASM3692735v1_genomic
AT1G36970	CM072603.1	83.089	615	86	16	2	608	3212208	3211604	4.47e-153	544	GCA_036927355.1_ASM3692735v1_genomic
AT1G36970	CM072603.1	80.543	442	49	13	715	1148	3211466	3211054	2.3e-81	305	GCA_036927355.1_ASM3692735v1_genomic
AT1G36970	CM072603.1	91.86	86	7	0	1116	1201	3211065	3210980	8.93e-26	121	GCA_036927355.1_ASM3692735v1_genomic
AT3G31560	CM072603.1	87.879	297	30	2	3	296	3211193	3211486	1.08e-93	344	GCA_036927355.1_ASM3692735v1_genomic
AT3G31560	CM072603.1	95.062	162	7	1	296	457	13141943	13142103	1.87e-66	254	GCA_036927355.1_ASM3692735v1_genomic
AT3G31560	CM072605.1	88.889	270	29	1	3	272	2726765	2726497	8.4e-90	331	GCA_036927355.1_ASM3692735v1_genomic
AT3G31560	CM072602.1	87.2	250	30	2	24	272	13794081	13794329	2.38e-75	283	GCA_036927355.1_ASM3692735v1_genomic
AT4G05555	CM072605.1	98.497	2795	18	5	1	2794	2724107	2726878	0	4907	GCA_036927355.1_ASM3692735v1_genomic
AT4G05555	CM072605.1	88.406	138	16	0	2167	2304	2726120	2726257	1.62e-39	167	GCA_036927355.1_ASM3692735v1_genomic
AT4G05555	CM072605.1	86.842	152	17	2	2032	2183	2726255	2726403	1.62e-39	167	GCA_036927355.1_ASM3692735v1_genomic
AT4G05555	CM072602.1	91.07	1411	115	9	1	1407	14416200	14417603	0	1897	GCA_036927355.1_ASM3692735v1_genomic
AT4G05555	CM072602.1	83.333	738	106	14	1439	2169	13795164	13794437	0	665	GCA_036927355.1_ASM3692735v1_genomic
AT4G05555	CM072602.1	81.295	695	89	23	2163	2822	13794579	13793891	2.33e-147	525	GCA_036927355.1_ASM3692735v1_genomic
AT4G05555	CM072603.1	92.536	1246	66	9	1066	2310	3212682	3211463	0	1760	GCA_036927355.1_ASM3692735v1_genomic
AT4G05555	CM072603.1	92.769	567	37	4	1	565	3213238	3212674	0	817	GCA_036927355.1_ASM3692735v1_genomic
AT4G05555	CM072603.1	93.462	413	23	2	2408	2816	3211466	3211054	6.24e-173	610	GCA_036927355.1_ASM3692735v1_genomic
AT4G05555	CM072603.1	88.406	138	16	0	2032	2169	3211606	3211469	1.62e-39	167	GCA_036927355.1_ASM3692735v1_genomic
AT4G05555	CM072603.1	100	39	0	0	2784	2822	3211065	3211027	3.64e-11	73.1	GCA_036927355.1_ASM3692735v1_genomic
AT4G05555	CM072604.1	89.774	1369	131	8	1	1366	17500714	17502076	0	1744	GCA_036927355.1_ASM3692735v1_genomic
AT4G05555	CM072604.1	89.034	766	78	4	1405	2169	17502067	17502827	0	944	GCA_036927355.1_ASM3692735v1_genomic
AT4G05555	CM072606.1	87.088	1092	133	8	92	1179	11917140	11918227	0	1229	GCA_036927355.1_ASM3692735v1_genomic
AT1G36970	CM072592.1	99.899	1972	2	0	1	1972	14002961	14004932	0	3631	GCA_036927365.1_ASM3692736v1_genomic
AT1G36970	CM072592.1	88.041	485	55	3	1381	1864	17701506	17701988	1.96e-161	571	GCA_036927365.1_ASM3692736v1_genomic
AT1G36970	CM072592.1	82.403	233	18	4	991	1201	17700407	17700638	3.86e-44	182	GCA_036927365.1_ASM3692736v1_genomic
AT1G36970	CM072592.1	95.745	94	4	0	1383	1476	14004174	14004267	3.03e-35	152	GCA_036927365.1_ASM3692736v1_genomic
AT1G36970	CM072592.1	95.745	94	4	0	1214	1307	14004343	14004436	3.03e-35	152	GCA_036927365.1_ASM3692736v1_genomic
AT1G36970	CM072594.1	90.649	663	55	7	2	661	16398943	16399601	0	874	GCA_036927365.1_ASM3692736v1_genomic
AT1G36970	CM072594.1	88.411	535	59	3	1381	1913	12961959	12961426	0	641	GCA_036927365.1_ASM3692736v1_genomic
AT1G36970	CM072594.1	88.202	534	60	3	1381	1913	16400319	16400850	2.46e-180	634	GCA_036927365.1_ASM3692736v1_genomic
AT1G36970	CM072594.1	87.85	535	61	4	1381	1913	12976775	12976243	1.48e-177	625	GCA_036927365.1_ASM3692736v1_genomic
AT1G36970	CM072594.1	85.172	553	55	7	596	1148	12963417	12962892	1.54e-152	542	GCA_036927365.1_ASM3692736v1_genomic
AT1G36970	CM072594.1	84.991	553	56	8	596	1148	12978232	12977707	7.15e-151	536	GCA_036927365.1_ASM3692736v1_genomic
AT1G36970	CM072594.1	96.629	89	3	0	1113	1201	12962906	12962818	3.91e-34	148	GCA_036927365.1_ASM3692736v1_genomic
AT1G36970	CM072594.1	91.954	87	6	1	1219	1305	16400326	16400411	8.53e-26	121	GCA_036927365.1_ASM3692736v1_genomic
AT1G36970	CM072594.1	97.959	49	1	0	1153	1201	12977681	12977633	3.11e-15	86.1	GCA_036927365.1_ASM3692736v1_genomic
AT1G36970	CM072595.1	84.615	598	82	9	1	593	2705304	2705896	7e-166	586	GCA_036927365.1_ASM3692736v1_genomic
AT1G36970	CM072595.1	81.436	738	104	19	466	1201	2705905	2706611	5.45e-162	573	GCA_036927365.1_ASM3692736v1_genomic
AT1G36970	CM072595.1	84.486	535	79	4	1381	1913	2707477	2708009	1.55e-147	525	GCA_036927365.1_ASM3692736v1_genomic
AT3G31560	CM072594.1	96.667	270	9	0	3	272	12963031	12963300	2.12e-125	449	GCA_036927365.1_ASM3692736v1_genomic
AT3G31560	CM072594.1	96.667	270	9	0	3	272	12977846	12978115	2.12e-125	449	GCA_036927365.1_ASM3692736v1_genomic
AT3G31560	CM072594.1	98.396	187	3	0	271	457	12963397	12963583	2.89e-89	329	GCA_036927365.1_ASM3692736v1_genomic
AT3G31560	CM072594.1	96.791	187	6	0	271	457	12978212	12978398	2.91e-84	313	GCA_036927365.1_ASM3692736v1_genomic
AT3G31560	CM072595.1	89.259	270	28	1	3	272	2706419	2706151	1.72e-91	337	GCA_036927365.1_ASM3692736v1_genomic
AT3G31560	CM072592.1	88.333	240	28	0	33	272	14003915	14003676	4.9e-77	289	GCA_036927365.1_ASM3692736v1_genomic
AT3G31560	CM072593.1	95.062	162	7	1	296	457	11095947	11096107	1.79e-66	254	GCA_036927365.1_ASM3692736v1_genomic
AT4G05555	CM072595.1	97.272	2823	57	3	1	2823	2703763	2706565	0	4769	GCA_036927365.1_ASM3692736v1_genomic
AT4G05555	CM072595.1	86.842	152	17	2	2032	2183	2705909	2706057	1.55e-39	167	GCA_036927365.1_ASM3692736v1_genomic
AT4G05555	CM072594.1	90.139	1369	129	6	1	1366	16397430	16398795	0	1775	GCA_036927365.1_ASM3692736v1_genomic
AT4G05555	CM072594.1	89.164	766	79	3	1405	2169	16398786	16399548	0	952	GCA_036927365.1_ASM3692736v1_genomic
AT4G05555	CM072594.1	90.207	531	51	1	2287	2816	12963422	12962892	0	691	GCA_036927365.1_ASM3692736v1_genomic
AT4G05555	CM072594.1	89.831	531	53	1	2287	2816	12978237	12977707	0	680	GCA_036927365.1_ASM3692736v1_genomic
AT4G05555	CM072594.1	97.561	41	1	0	2782	2822	12962905	12962865	1.25e-10	71.3	GCA_036927365.1_ASM3692736v1_genomic
AT4G05555	CM072596.1	86.929	1094	132	10	92	1179	11826377	11827465	0	1218	GCA_036927365.1_ASM3692736v1_genomic
AT4G05555	CM072592.1	90.525	876	75	5	496	1366	17699506	17700378	0	1151	GCA_036927365.1_ASM3692736v1_genomic
AT4G05555	CM072592.1	84.371	723	96	14	1439	2154	14002841	14003553	0	693	GCA_036927365.1_ASM3692736v1_genomic
AT4G05555	CM072592.1	81.358	692	88	23	2163	2819	14003426	14004111	2.22e-147	525	GCA_036927365.1_ASM3692736v1_genomic
AT4G05555	CM072592.1	91.772	158	13	0	2659	2816	17700407	17700564	1.17e-55	220	GCA_036927365.1_ASM3692736v1_genomic
AT4G05555	CM072592.1	100	41	0	0	2782	2822	17700551	17700591	2.69e-12	76.8	GCA_036927365.1_ASM3692736v1_genomic
AT1G36970	CM072597.1	99.797	1972	4	0	1	1972	13992487	13994458	0	3620	GCA_036927375.1_ASM3692737v1_genomic
AT1G36970	CM072597.1	95.745	94	4	0	1383	1476	13993700	13993793	3.08e-35	152	GCA_036927375.1_ASM3692737v1_genomic
AT1G36970	CM072597.1	95.745	94	4	0	1214	1307	13993869	13993962	3.08e-35	152	GCA_036927375.1_ASM3692737v1_genomic
AT1G36970	CM072600.1	85.142	599	78	9	1	593	2945209	2945802	7.07e-171	603	GCA_036927375.1_ASM3692737v1_genomic
AT1G36970	CM072600.1	81.461	739	102	20	466	1201	2945811	2946517	5.54e-162	573	GCA_036927375.1_ASM3692737v1_genomic
AT1G36970	CM072600.1	85.234	535	75	4	1381	1913	2947384	2947916	3.36e-154	547	GCA_036927375.1_ASM3692737v1_genomic
AT1G36970	CM072599.1	88.889	414	41	2	1381	1794	13152728	13152320	2.05e-141	505	GCA_036927375.1_ASM3692737v1_genomic
AT1G36970	CM072599.1	83.475	587	49	10	636	1201	13154146	13153587	7.37e-141	503	GCA_036927375.1_ASM3692737v1_genomic
AT1G36970	CM072599.1	88.417	259	27	1	596	854	13154404	13154149	1.73e-82	309	GCA_036927375.1_ASM3692737v1_genomic
AT3G31560	CM072599.1	96.296	270	10	0	3	272	13153800	13154069	1e-123	444	GCA_036927375.1_ASM3692737v1_genomic
AT3G31560	CM072599.1	97.326	187	5	0	271	457	13154384	13154570	6.35e-86	318	GCA_036927375.1_ASM3692737v1_genomic
AT3G31560	CM072599.1	97.163	141	4	0	132	272	13154147	13154287	5.09e-62	239	GCA_036927375.1_ASM3692737v1_genomic
AT3G31560	CM072600.1	88.889	270	29	1	3	272	2946325	2946057	8.16e-90	331	GCA_036927375.1_ASM3692737v1_genomic
AT3G31560	CM072597.1	88.75	240	27	0	33	272	13993441	13993202	1.07e-78	294	GCA_036927375.1_ASM3692737v1_genomic
AT3G31560	CM072598.1	95.062	162	7	1	296	457	11768953	11769113	1.82e-66	254	GCA_036927375.1_ASM3692737v1_genomic
AT4G05555	CM072600.1	98.69	2824	18	2	1	2823	2943666	2946471	0	4992	GCA_036927375.1_ASM3692737v1_genomic
AT4G05555	CM072600.1	88.406	138	16	0	2167	2304	2945680	2945817	1.58e-39	167	GCA_036927375.1_ASM3692737v1_genomic
AT4G05555	CM072597.1	84.327	721	100	11	1439	2154	13992367	13993079	0	693	GCA_036927375.1_ASM3692737v1_genomic
AT4G05555	CM072597.1	81.331	691	88	23	2164	2819	13992953	13993637	8.13e-147	523	GCA_036927375.1_ASM3692737v1_genomic
AT4G05555	CM072599.1	90.554	487	43	3	2332	2816	13154146	13153661	0	641	GCA_036927375.1_ASM3692737v1_genomic
AT4G05555	CM072599.1	100	41	0	0	2782	2822	13153674	13153634	2.74e-12	76.8	GCA_036927375.1_ASM3692737v1_genomic
AT1G36970	CM072587.1	99.747	1973	4	1	1	1972	14045565	14047537	0	3615	GCA_036927385.1_ASM3692738v1_genomic
AT1G36970	CM072587.1	95.745	94	4	0	1383	1476	14046778	14046871	3.04e-35	152	GCA_036927385.1_ASM3692738v1_genomic
AT1G36970	CM072587.1	95.745	94	4	0	1214	1307	14046947	14047040	3.04e-35	152	GCA_036927385.1_ASM3692738v1_genomic
AT1G36970	CM072589.1	89.457	645	57	8	2	639	16923396	16924036	0	804	GCA_036927385.1_ASM3692738v1_genomic
AT1G36970	CM072589.1	88.007	542	60	5	1381	1919	13177274	13176735	0	636	GCA_036927385.1_ASM3692738v1_genomic
AT1G36970	CM072589.1	87.856	527	61	3	1388	1913	16924830	16925354	8.97e-175	616	GCA_036927385.1_ASM3692738v1_genomic
AT1G36970	CM072589.1	85.409	514	46	10	636	1148	13178693	13178208	5.63e-142	507	GCA_036927385.1_ASM3692738v1_genomic
AT1G36970	CM072589.1	90.446	157	15	0	698	854	13178852	13178696	6.4e-52	207	GCA_036927385.1_ASM3692738v1_genomic
AT1G36970	CM072589.1	96.629	89	3	0	1113	1201	13178222	13178134	3.93e-34	148	GCA_036927385.1_ASM3692738v1_genomic
AT1G36970	CM072589.1	90.805	87	7	1	1219	1305	16924830	16924915	3.99e-24	115	GCA_036927385.1_ASM3692738v1_genomic
AT1G36970	CM072590.1	84.975	599	79	9	1	593	2941146	2941739	3.25e-169	597	GCA_036927385.1_ASM3692738v1_genomic
AT1G36970	CM072590.1	81.732	739	100	20	466	1201	2941748	2942454	2.53e-165	584	GCA_036927385.1_ASM3692738v1_genomic
AT1G36970	CM072590.1	85.234	535	75	4	1381	1913	2943321	2943853	3.32e-154	547	GCA_036927385.1_ASM3692738v1_genomic
AT3G31560	CM072589.1	96.667	270	9	0	3	272	13178347	13178616	2.13e-125	449	GCA_036927385.1_ASM3692738v1_genomic
AT3G31560	CM072589.1	98.396	187	3	0	271	457	13178962	13179148	2.9e-89	329	GCA_036927385.1_ASM3692738v1_genomic
AT3G31560	CM072589.1	96.454	141	5	0	132	272	13178694	13178834	2.34e-60	233	GCA_036927385.1_ASM3692738v1_genomic
AT3G31560	CM072590.1	89.259	270	28	1	3	272	2942262	2941994	1.73e-91	337	GCA_036927385.1_ASM3692738v1_genomic
AT3G31560	CM072587.1	88.333	240	28	0	33	272	14046519	14046280	4.92e-77	289	GCA_036927385.1_ASM3692738v1_genomic
AT3G31560	CM072588.1	94.444	162	8	1	296	457	13629296	13629456	8.35e-65	248	GCA_036927385.1_ASM3692738v1_genomic
AT4G05555	CM072590.1	99.256	2823	3	1	1	2823	2939604	2942408	0	5081	GCA_036927385.1_ASM3692738v1_genomic
AT4G05555	CM072590.1	88.406	138	16	0	2167	2304	2941617	2941754	1.56e-39	167	GCA_036927385.1_ASM3692738v1_genomic
AT4G05555	CM072590.1	88.406	138	16	0	2032	2169	2941752	2941889	1.56e-39	167	GCA_036927385.1_ASM3692738v1_genomic
AT4G05555	CM072589.1	89.693	1368	122	8	2	1366	16921897	16923248	0	1727	GCA_036927385.1_ASM3692738v1_genomic
AT4G05555	CM072589.1	88.701	770	79	5	1405	2169	16923239	16924005	0	933	GCA_036927385.1_ASM3692738v1_genomic
AT4G05555	CM072589.1	90.349	487	44	3	2332	2816	13178693	13178208	0	636	GCA_036927385.1_ASM3692738v1_genomic
AT4G05555	CM072589.1	89.308	159	17	0	2391	2549	13178852	13178694	1.54e-49	200	GCA_036927385.1_ASM3692738v1_genomic
AT4G05555	CM072589.1	100	41	0	0	2782	2822	13178221	13178181	2.7e-12	76.8	GCA_036927385.1_ASM3692738v1_genomic
AT4G05555	CM072587.1	84.371	723	96	14	1439	2154	14045445	14046157	0	693	GCA_036927385.1_ASM3692738v1_genomic
AT4G05555	CM072587.1	81.214	692	89	23	2163	2819	14046030	14046715	1.04e-145	520	GCA_036927385.1_ASM3692738v1_genomic
AT4G05555	CM072591.1	87.189	523	60	7	660	1179	11743610	11744128	2.81e-166	588	GCA_036927385.1_ASM3692738v1_genomic
AT4G05555	CM072591.1	87.379	309	38	1	92	399	11743285	11743593	1.12e-95	353	GCA_036927385.1_ASM3692738v1_genomic
AT1G36970	CM072582.1	98.783	1972	24	0	1	1972	14122849	14124820	0	3509	GCA_036927435.1_ASM3692743v1_genomic
AT1G36970	CM072582.1	95.745	94	4	0	1383	1476	14124062	14124155	3.17e-35	152	GCA_036927435.1_ASM3692743v1_genomic
AT1G36970	CM072582.1	95.745	94	4	0	1214	1307	14124231	14124324	3.17e-35	152	GCA_036927435.1_ASM3692743v1_genomic
AT1G36970	CM072584.1	90.179	672	57	8	2	670	18684586	18685251	0	867	GCA_036927435.1_ASM3692743v1_genomic
AT1G36970	CM072584.1	88.015	534	61	3	1381	1913	18685957	18686488	1.2e-178	628	GCA_036927435.1_ASM3692743v1_genomic
AT1G36970	CM072584.1	89.655	87	8	1	1219	1305	18685964	18686049	1.93e-22	110	GCA_036927435.1_ASM3692743v1_genomic
AT1G36970	CM072585.1	84.5	600	79	12	1	593	3000717	3001309	3.41e-164	580	GCA_036927435.1_ASM3692743v1_genomic
AT1G36970	CM072585.1	81.436	738	104	19	466	1201	3001318	3002024	5.71e-162	573	GCA_036927435.1_ASM3692743v1_genomic
AT1G36970	CM072585.1	85.047	535	76	4	1381	1913	3002890	3003422	1.61e-152	542	GCA_036927435.1_ASM3692743v1_genomic
AT1G36970	CM072583.1	83.117	616	83	18	2	608	2976879	2977482	1.61e-152	542	GCA_036927435.1_ASM3692743v1_genomic
AT1G36970	CM072583.1	89.541	392	39	2	1381	1771	2978975	2979365	1.27e-138	496	GCA_036927435.1_ASM3692743v1_genomic
AT1G36970	CM072583.1	80.361	443	54	12	712	1148	2977617	2978032	2.3e-81	305	GCA_036927435.1_ASM3692743v1_genomic
AT1G36970	CM072583.1	93.023	86	6	0	1116	1201	2978021	2978106	1.92e-27	126	GCA_036927435.1_ASM3692743v1_genomic
AT3G31560	CM072583.1	87.542	297	31	2	3	296	2977893	2977600	5.02e-92	339	GCA_036927435.1_ASM3692743v1_genomic
AT3G31560	CM072583.1	93.827	162	9	1	296	457	13459598	13459758	4.05e-63	243	GCA_036927435.1_ASM3692743v1_genomic
AT3G31560	CM072585.1	89.259	270	28	1	3	272	3001832	3001564	1.81e-91	337	GCA_036927435.1_ASM3692743v1_genomic
AT3G31560	CM072582.1	88.333	240	28	0	33	272	14123803	14123564	5.13e-77	289	GCA_036927435.1_ASM3692743v1_genomic
AT4G05555	CM072585.1	97.38	2824	53	4	1	2823	2999175	3001978	0	4785	GCA_036927435.1_ASM3692743v1_genomic
AT4G05555	CM072585.1	86.842	152	17	2	2032	2183	3001322	3001470	1.63e-39	167	GCA_036927435.1_ASM3692743v1_genomic
AT4G05555	CM072584.1	89.847	1369	131	7	1	1366	18683075	18684438	0	1751	GCA_036927435.1_ASM3692743v1_genomic
AT4G05555	CM072584.1	89.034	766	78	4	1405	2169	18684429	18685189	0	944	GCA_036927435.1_ASM3692743v1_genomic
AT4G05555	CM072583.1	91.392	1243	64	10	1066	2307	2976420	2977620	0	1663	GCA_036927435.1_ASM3692743v1_genomic
AT4G05555	CM072583.1	92.416	567	39	4	1	565	2975864	2976428	0	806	GCA_036927435.1_ASM3692743v1_genomic
AT4G05555	CM072583.1	93.462	413	23	2	2408	2816	2977620	2978032	6.25e-173	610	GCA_036927435.1_ASM3692743v1_genomic
AT4G05555	CM072583.1	88.406	138	16	0	2032	2169	2977480	2977617	1.63e-39	167	GCA_036927435.1_ASM3692743v1_genomic
AT4G05555	CM072583.1	100	39	0	0	2784	2822	2978021	2978059	3.65e-11	73.1	GCA_036927435.1_ASM3692743v1_genomic
AT4G05555	CM072586.1	86.905	1092	135	8	92	1179	11830963	11832050	0	1218	GCA_036927435.1_ASM3692743v1_genomic
AT4G05555	CM072582.1	83.402	723	103	14	1439	2154	14122729	14123441	0	654	GCA_036927435.1_ASM3692743v1_genomic
AT4G05555	CM072582.1	81.069	692	90	23	2163	2819	14123314	14123999	5.04e-144	514	GCA_036927435.1_ASM3692743v1_genomic
AT1G36970	CM072567.1	98.834	1972	23	0	1	1972	14054333	14056304	0	3515	GCA_036927455.1_ASM3692745v1_genomic
AT1G36970	CM072567.1	95.745	94	4	0	1383	1476	14055546	14055639	3.15e-35	152	GCA_036927455.1_ASM3692745v1_genomic
AT1G36970	CM072567.1	94.681	94	5	0	1214	1307	14055715	14055808	1.46e-33	147	GCA_036927455.1_ASM3692745v1_genomic
AT1G36970	CM072569.1	90.179	672	57	8	2	670	19120838	19121503	0	867	GCA_036927455.1_ASM3692745v1_genomic
AT1G36970	CM072569.1	88.015	534	61	3	1381	1913	19122209	19122740	1.19e-178	628	GCA_036927455.1_ASM3692745v1_genomic
AT1G36970	CM072569.1	89.655	87	8	1	1219	1305	19122216	19122301	1.92e-22	110	GCA_036927455.1_ASM3692745v1_genomic
AT1G36970	CM072570.1	81.572	738	103	19	466	1201	3023638	3024344	1.22e-163	579	GCA_036927455.1_ASM3692745v1_genomic
AT1G36970	CM072570.1	84.333	600	81	11	1	593	3023036	3023629	1.58e-162	575	GCA_036927455.1_ASM3692745v1_genomic
AT1G36970	CM072570.1	84.86	535	77	4	1381	1913	3025210	3025742	7.43e-151	536	GCA_036927455.1_ASM3692745v1_genomic
AT1G36970	CM072568.1	83.089	615	86	15	2	608	2974511	2975115	4.44e-153	544	GCA_036927455.1_ASM3692745v1_genomic
AT1G36970	CM072568.1	89.286	392	40	2	1381	1771	2976605	2976995	5.87e-137	490	GCA_036927455.1_ASM3692745v1_genomic
AT1G36970	CM072568.1	80.135	443	52	13	712	1148	2975250	2975662	3.82e-79	298	GCA_036927455.1_ASM3692745v1_genomic
AT1G36970	CM072568.1	93.023	86	6	0	1116	1201	2975651	2975736	1.91e-27	126	GCA_036927455.1_ASM3692745v1_genomic
AT3G31560	CM072570.1	89.63	270	27	1	3	272	3024152	3023884	3.85e-93	342	GCA_036927455.1_ASM3692745v1_genomic
AT3G31560	CM072568.1	87.205	297	29	3	3	296	2975523	2975233	3e-89	329	GCA_036927455.1_ASM3692745v1_genomic
AT3G31560	CM072568.1	93.827	162	9	1	296	457	13976488	13976648	4.02e-63	243	GCA_036927455.1_ASM3692745v1_genomic
AT3G31560	CM072567.1	88.333	240	28	0	33	272	14055287	14055048	5.09e-77	289	GCA_036927455.1_ASM3692745v1_genomic
AT4G05555	CM072570.1	97.45	2824	52	3	1	2823	3021494	3024298	0	4798	GCA_036927455.1_ASM3692745v1_genomic
AT4G05555	CM072570.1	86.842	152	17	2	2032	2183	3023642	3023790	1.61e-39	167	GCA_036927455.1_ASM3692745v1_genomic
AT4G05555	CM072569.1	89.847	1369	131	7	1	1366	19119327	19120690	0	1751	GCA_036927455.1_ASM3692745v1_genomic
AT4G05555	CM072569.1	89.034	766	78	4	1405	2169	19120681	19121441	0	944	GCA_036927455.1_ASM3692745v1_genomic
AT4G05555	CM072568.1	91.472	1243	64	9	1066	2307	2974052	2975253	0	1670	GCA_036927455.1_ASM3692745v1_genomic
AT4G05555	CM072568.1	92.24	567	40	4	1	565	2973496	2974060	0	800	GCA_036927455.1_ASM3692745v1_genomic
AT4G05555	CM072568.1	93.22	413	21	3	2408	2816	2975253	2975662	3.73e-170	601	GCA_036927455.1_ASM3692745v1_genomic
AT4G05555	CM072568.1	88.406	138	16	0	2032	2169	2975113	2975250	1.61e-39	167	GCA_036927455.1_ASM3692745v1_genomic
AT4G05555	CM072568.1	100	39	0	0	2784	2822	2975651	2975689	3.62e-11	73.1	GCA_036927455.1_ASM3692745v1_genomic
AT4G05555	CM072571.1	86.905	1092	135	8	92	1179	12072547	12073634	0	1218	GCA_036927455.1_ASM3692745v1_genomic
AT4G05555	CM072567.1	83.402	723	103	14	1439	2154	14054213	14054925	0	654	GCA_036927455.1_ASM3692745v1_genomic
AT4G05555	CM072567.1	81.069	692	90	23	2163	2819	14054798	14055483	5.01e-144	514	GCA_036927455.1_ASM3692745v1_genomic
AT1G36970	CM072562.1	98.834	1972	23	0	1	1972	14016767	14018738	0	3515	GCA_036927475.1_ASM3692747v1_genomic
AT1G36970	CM072562.1	94.681	94	5	0	1383	1476	14017980	14018073	1.49e-33	147	GCA_036927475.1_ASM3692747v1_genomic
AT1G36970	CM072562.1	94.681	94	5	0	1214	1307	14018149	14018242	1.49e-33	147	GCA_036927475.1_ASM3692747v1_genomic
AT1G36970	CM072564.1	90.179	672	57	8	2	670	18617535	18618200	0	867	GCA_036927475.1_ASM3692747v1_genomic
AT1G36970	CM072564.1	88.015	534	61	3	1381	1913	18618906	18619437	1.22e-178	628	GCA_036927475.1_ASM3692747v1_genomic
AT1G36970	CM072564.1	89.655	87	8	1	1219	1305	18618913	18618998	1.96e-22	110	GCA_036927475.1_ASM3692747v1_genomic
AT1G36970	CM072565.1	81.572	738	103	19	466	1201	3045499	3046205	1.24e-163	579	GCA_036927475.1_ASM3692747v1_genomic
AT1G36970	CM072565.1	84.333	600	81	11	1	593	3044897	3045490	1.61e-162	575	GCA_036927475.1_ASM3692747v1_genomic
AT1G36970	CM072565.1	84.86	535	77	4	1381	1913	3047071	3047603	7.59e-151	536	GCA_036927475.1_ASM3692747v1_genomic
AT1G36970	CM072563.1	83.089	615	86	15	2	608	2998930	2999534	4.54e-153	544	GCA_036927475.1_ASM3692747v1_genomic
AT1G36970	CM072563.1	89.286	392	40	2	1381	1771	3001024	3001414	5.99e-137	490	GCA_036927475.1_ASM3692747v1_genomic
AT1G36970	CM072563.1	80.135	443	52	13	712	1148	2999669	3000081	3.9e-79	298	GCA_036927475.1_ASM3692747v1_genomic
AT1G36970	CM072563.1	93.023	86	6	0	1116	1201	3000070	3000155	1.95e-27	126	GCA_036927475.1_ASM3692747v1_genomic
AT3G31560	CM072565.1	89.63	270	27	1	3	272	3046013	3045745	3.93e-93	342	GCA_036927475.1_ASM3692747v1_genomic
AT3G31560	CM072563.1	87.205	297	29	3	3	296	2999942	2999652	3.06e-89	329	GCA_036927475.1_ASM3692747v1_genomic
AT3G31560	CM072563.1	93.827	162	9	1	296	457	14072001	14072161	4.11e-63	243	GCA_036927475.1_ASM3692747v1_genomic
AT3G31560	CM072562.1	88.333	240	28	0	33	272	14017721	14017482	5.2e-77	289	GCA_036927475.1_ASM3692747v1_genomic
AT4G05555	CM072565.1	97.45	2824	52	3	1	2823	3043355	3046159	0	4798	GCA_036927475.1_ASM3692747v1_genomic
AT4G05555	CM072565.1	86.842	152	17	2	2032	2183	3045503	3045651	1.65e-39	167	GCA_036927475.1_ASM3692747v1_genomic
AT4G05555	CM072564.1	89.847	1369	131	7	1	1366	18616024	18617387	0	1751	GCA_036927475.1_ASM3692747v1_genomic
AT4G05555	CM072564.1	89.034	766	78	4	1405	2169	18617378	18618138	0	944	GCA_036927475.1_ASM3692747v1_genomic
AT4G05555	CM072563.1	91.472	1243	64	9	1066	2307	2998471	2999672	0	1670	GCA_036927475.1_ASM3692747v1_genomic
AT4G05555	CM072563.1	92.24	567	40	4	1	565	2997915	2998479	0	800	GCA_036927475.1_ASM3692747v1_genomic
AT4G05555	CM072563.1	93.22	413	21	3	2408	2816	2999672	3000081	3.81e-170	601	GCA_036927475.1_ASM3692747v1_genomic
AT4G05555	CM072563.1	88.406	138	16	0	2032	2169	2999532	2999669	1.65e-39	167	GCA_036927475.1_ASM3692747v1_genomic
AT4G05555	CM072563.1	100	39	0	0	2784	2822	3000070	3000108	3.7e-11	73.1	GCA_036927475.1_ASM3692747v1_genomic
AT4G05555	CM072566.1	87.088	1092	133	8	92	1179	11957456	11958543	0	1229	GCA_036927475.1_ASM3692747v1_genomic
AT4G05555	CM072562.1	83.541	723	102	14	1439	2154	14016647	14017359	0	660	GCA_036927475.1_ASM3692747v1_genomic
AT4G05555	CM072562.1	81.069	692	90	23	2163	2819	14017232	14017917	5.11e-144	514	GCA_036927475.1_ASM3692747v1_genomic
AT1G36970	CM072577.1	99.341	1972	13	0	1	1972	13997112	13999083	0	3570	GCA_036927485.1_ASM3692748v1_genomic
AT1G36970	CM072577.1	88.041	485	55	3	1381	1864	18086286	18086768	2.08e-161	571	GCA_036927485.1_ASM3692748v1_genomic
AT1G36970	CM072577.1	82.403	233	18	4	991	1201	18085187	18085418	4.09e-44	182	GCA_036927485.1_ASM3692748v1_genomic
AT1G36970	CM072577.1	95.745	94	4	0	1383	1476	13998325	13998418	3.2e-35	152	GCA_036927485.1_ASM3692748v1_genomic
AT1G36970	CM072577.1	94.681	94	5	0	1214	1307	13998494	13998587	1.49e-33	147	GCA_036927485.1_ASM3692748v1_genomic
AT1G36970	CM072579.1	89.645	676	59	8	2	670	16469703	16470374	0	850	GCA_036927485.1_ASM3692748v1_genomic
AT1G36970	CM072579.1	87.211	563	66	6	1381	1942	13178524	13177967	0	636	GCA_036927485.1_ASM3692748v1_genomic
AT1G36970	CM072579.1	88.235	527	59	3	1388	1913	16471146	16471670	4.37e-178	627	GCA_036927485.1_ASM3692748v1_genomic
AT1G36970	CM072579.1	87.85	535	62	3	1381	1913	13418081	13417548	1.57e-177	625	GCA_036927485.1_ASM3692748v1_genomic
AT1G36970	CM072579.1	84.629	553	58	6	596	1148	13419538	13419013	1.64e-147	525	GCA_036927485.1_ASM3692748v1_genomic
AT1G36970	CM072579.1	83.135	587	50	11	636	1201	13179943	13179385	5.98e-137	490	GCA_036927485.1_ASM3692748v1_genomic
AT1G36970	CM072579.1	90.647	139	13	0	716	854	13180084	13179946	3.16e-45	185	GCA_036927485.1_ASM3692748v1_genomic
AT1G36970	CM072579.1	95.506	89	4	0	1113	1201	13419027	13418939	1.93e-32	143	GCA_036927485.1_ASM3692748v1_genomic
AT1G36970	CM072579.1	90.805	87	7	1	1219	1305	16471146	16471231	4.2e-24	115	GCA_036927485.1_ASM3692748v1_genomic
AT1G36970	CM072578.1	86.531	542	66	7	1381	1919	3750972	3750435	5.73e-167	590	GCA_036927485.1_ASM3692748v1_genomic
AT1G36970	CM072578.1	80.455	440	53	12	715	1148	3752327	3751915	2.32e-81	305	GCA_036927485.1_ASM3692748v1_genomic
AT1G36970	CM072578.1	93.023	86	6	0	1116	1201	3751926	3751841	1.94e-27	126	GCA_036927485.1_ASM3692748v1_genomic
AT1G36970	CM072580.1	84.641	599	81	9	1	593	4889325	4889918	7.41e-166	586	GCA_036927485.1_ASM3692748v1_genomic
AT1G36970	CM072580.1	81.732	739	100	20	466	1201	4889927	4890633	2.67e-165	584	GCA_036927485.1_ASM3692748v1_genomic
AT1G36970	CM072580.1	85.047	535	76	4	1381	1913	4891500	4892032	1.63e-152	542	GCA_036927485.1_ASM3692748v1_genomic
AT3G31560	CM072579.1	99.08	326	3	0	132	457	13179944	13180269	1.64e-166	586	GCA_036927485.1_ASM3692748v1_genomic
AT3G31560	CM072579.1	97.059	272	8	0	1	272	13179596	13179867	3.74e-128	459	GCA_036927485.1_ASM3692748v1_genomic
AT3G31560	CM072579.1	95.556	270	12	0	3	272	13419152	13419421	2.26e-120	433	GCA_036927485.1_ASM3692748v1_genomic
AT3G31560	CM072579.1	96.791	187	6	0	271	457	13419518	13419704	3.08e-84	313	GCA_036927485.1_ASM3692748v1_genomic
AT3G31560	CM072577.1	89.52	229	24	0	33	261	13998066	13997838	1.44e-77	291	GCA_036927485.1_ASM3692748v1_genomic
AT3G31560	CM072578.1	95.062	162	7	1	296	457	14020021	14020181	1.89e-66	254	GCA_036927485.1_ASM3692748v1_genomic
AT4G05555	CM072580.1	98.725	2823	18	1	1	2823	4887783	4890587	0	4998	GCA_036927485.1_ASM3692748v1_genomic
AT4G05555	CM072580.1	88.406	138	16	0	2167	2304	4889796	4889933	1.64e-39	167	GCA_036927485.1_ASM3692748v1_genomic
AT4G05555	CM072580.1	86.184	152	18	2	2032	2183	4889931	4890079	7.65e-38	161	GCA_036927485.1_ASM3692748v1_genomic
AT4G05555	CM072579.1	89.774	1369	121	8	1	1366	16468203	16469555	0	1735	GCA_036927485.1_ASM3692748v1_genomic
AT4G05555	CM072579.1	88.831	770	78	5	1405	2169	16469546	16470312	0	939	GCA_036927485.1_ASM3692748v1_genomic
AT4G05555	CM072579.1	89.454	531	55	1	2287	2816	13419543	13419013	0	669	GCA_036927485.1_ASM3692748v1_genomic
AT4G05555	CM072579.1	89.506	486	49	2	2332	2816	13179943	13179459	4.89e-174	614	GCA_036927485.1_ASM3692748v1_genomic
AT4G05555	CM072579.1	88.67	203	23	0	2164	2366	16470172	16470374	5.71e-64	248	GCA_036927485.1_ASM3692748v1_genomic
AT4G05555	CM072579.1	100	41	0	0	2782	2822	13179472	13179432	2.85e-12	76.8	GCA_036927485.1_ASM3692748v1_genomic
AT4G05555	CM072579.1	97.561	41	1	0	2782	2822	13419026	13418986	1.33e-10	71.3	GCA_036927485.1_ASM3692748v1_genomic
AT4G05555	CM072578.1	91.332	1246	64	14	1066	2310	3753526	3752324	0	1663	GCA_036927485.1_ASM3692748v1_genomic
AT4G05555	CM072578.1	92.24	567	40	4	1	565	3754082	3753518	0	800	GCA_036927485.1_ASM3692748v1_genomic
AT4G05555	CM072578.1	93.22	413	24	2	2408	2816	3752327	3751915	2.94e-171	604	GCA_036927485.1_ASM3692748v1_genomic
AT4G05555	CM072578.1	88.406	138	16	0	2032	2169	3752467	3752330	1.64e-39	167	GCA_036927485.1_ASM3692748v1_genomic
AT4G05555	CM072578.1	100	39	0	0	2784	2822	3751926	3751888	3.69e-11	73.1	GCA_036927485.1_ASM3692748v1_genomic
AT4G05555	CM072577.1	89.317	1039	86	15	1135	2169	18083934	18084951	0	1280	GCA_036927485.1_ASM3692748v1_genomic
AT4G05555	CM072577.1	89.845	906	82	9	496	1398	18083030	18083928	0	1155	GCA_036927485.1_ASM3692748v1_genomic
AT4G05555	CM072577.1	84.094	723	98	14	1439	2154	13996992	13997704	0	682	GCA_036927485.1_ASM3692748v1_genomic
AT4G05555	CM072577.1	81.069	692	90	23	2163	2819	13997577	13998262	5.1e-144	514	GCA_036927485.1_ASM3692748v1_genomic
AT4G05555	CM072577.1	86.667	405	32	13	2414	2816	18084960	18085344	1.9e-118	429	GCA_036927485.1_ASM3692748v1_genomic
AT4G05555	CM072577.1	100	41	0	0	2782	2822	18085331	18085371	2.85e-12	76.8	GCA_036927485.1_ASM3692748v1_genomic
AT4G05555	CM072581.1	86.929	1094	132	10	92	1179	12333217	12334305	0	1218	GCA_036927485.1_ASM3692748v1_genomic
AT1G36970	CM072572.1	98.834	1972	23	0	1	1972	13885935	13887906	0	3515	GCA_036927505.1_ASM3692750v1_genomic
AT1G36970	CM072572.1	95.745	94	4	0	1383	1476	13887148	13887241	3.06e-35	152	GCA_036927505.1_ASM3692750v1_genomic
AT1G36970	CM072572.1	94.681	94	5	0	1214	1307	13887317	13887410	1.43e-33	147	GCA_036927505.1_ASM3692750v1_genomic
AT1G36970	CM072575.1	82.003	739	98	20	466	1201	3062319	3063025	1.18e-168	595	GCA_036927505.1_ASM3692750v1_genomic
AT1G36970	CM072575.1	84.307	599	82	10	1	593	3061718	3062310	1.53e-162	575	GCA_036927505.1_ASM3692750v1_genomic
AT1G36970	CM072575.1	85.607	535	73	4	1381	1913	3063892	3064424	1.55e-157	558	GCA_036927505.1_ASM3692750v1_genomic
AT1G36970	CM072573.1	83.089	615	86	16	2	608	3383375	3382771	4.33e-153	544	GCA_036927505.1_ASM3692750v1_genomic
AT1G36970	CM072573.1	82.602	615	89	16	2	608	3431892	3431288	4.36e-148	527	GCA_036927505.1_ASM3692750v1_genomic
AT1G36970	CM072573.1	80.272	441	53	13	715	1148	3431150	3430737	2.88e-80	302	GCA_036927505.1_ASM3692750v1_genomic
AT1G36970	CM072573.1	80.045	441	54	13	715	1148	3382633	3382220	1.34e-78	296	GCA_036927505.1_ASM3692750v1_genomic
AT1G36970	CM072573.1	93.023	86	6	0	1116	1201	3382231	3382146	1.86e-27	126	GCA_036927505.1_ASM3692750v1_genomic
AT1G36970	CM072573.1	91.86	86	7	0	1116	1201	3430748	3430663	8.64e-26	121	GCA_036927505.1_ASM3692750v1_genomic
AT3G31560	CM072575.1	89.259	270	28	1	3	272	3062833	3062565	1.75e-91	337	GCA_036927505.1_ASM3692750v1_genomic
AT3G31560	CM072573.1	87.248	298	31	3	3	296	3382359	3382653	2.26e-90	333	GCA_036927505.1_ASM3692750v1_genomic
AT3G31560	CM072573.1	87.248	298	31	3	3	296	3430876	3431170	2.26e-90	333	GCA_036927505.1_ASM3692750v1_genomic
AT3G31560	CM072573.1	95.062	162	7	1	296	457	12360342	12360502	1.81e-66	254	GCA_036927505.1_ASM3692750v1_genomic
AT3G31560	CM072572.1	88.75	240	27	0	33	272	13886889	13886650	1.07e-78	294	GCA_036927505.1_ASM3692750v1_genomic
AT4G05555	CM072575.1	98.618	2823	20	2	1	2823	3060176	3062979	0	4979	GCA_036927505.1_ASM3692750v1_genomic
AT4G05555	CM072575.1	88.406	138	16	0	2167	2304	3062188	3062325	1.57e-39	167	GCA_036927505.1_ASM3692750v1_genomic
AT4G05555	CM072575.1	86.842	152	17	2	2032	2183	3062323	3062471	1.57e-39	167	GCA_036927505.1_ASM3692750v1_genomic
AT4G05555	CM072573.1	92.697	1246	64	10	1066	2310	3383849	3382630	0	1772	GCA_036927505.1_ASM3692750v1_genomic
AT4G05555	CM072573.1	92.456	1246	67	10	1066	2310	3432366	3431147	0	1755	GCA_036927505.1_ASM3692750v1_genomic
AT4G05555	CM072573.1	93.122	567	35	4	1	565	3384405	3383841	0	828	GCA_036927505.1_ASM3692750v1_genomic
AT4G05555	CM072573.1	93.122	567	35	4	1	565	3432922	3432358	0	828	GCA_036927505.1_ASM3692750v1_genomic
AT4G05555	CM072573.1	93.237	414	23	3	2408	2816	3431150	3430737	2.81e-171	604	GCA_036927505.1_ASM3692750v1_genomic
AT4G05555	CM072573.1	92.995	414	24	3	2408	2816	3382633	3382220	1.31e-169	599	GCA_036927505.1_ASM3692750v1_genomic
AT4G05555	CM072573.1	88.406	138	16	0	2032	2169	3382773	3382636	1.57e-39	167	GCA_036927505.1_ASM3692750v1_genomic
AT4G05555	CM072573.1	88.406	138	16	0	2032	2169	3431290	3431153	1.57e-39	167	GCA_036927505.1_ASM3692750v1_genomic
AT4G05555	CM072573.1	100	39	0	0	2784	2822	3382231	3382193	3.53e-11	73.1	GCA_036927505.1_ASM3692750v1_genomic
AT4G05555	CM072573.1	100	39	0	0	2784	2822	3430748	3430710	3.53e-11	73.1	GCA_036927505.1_ASM3692750v1_genomic
AT4G05555	CM072576.1	86.905	1092	135	8	92	1179	12350825	12351912	0	1218	GCA_036927505.1_ASM3692750v1_genomic
AT4G05555	CM072572.1	84.094	723	98	14	1439	2154	13885815	13886527	0	682	GCA_036927505.1_ASM3692750v1_genomic
AT4G05555	CM072572.1	81.277	689	94	19	2163	2819	13886400	13887085	2.25e-147	525	GCA_036927505.1_ASM3692750v1_genomic
AT1G36970	CP137946.1	98.834	1972	23	0	1	1972	14031651	14033622	0	3515	GCA_036936705.1_ASM3693670v1_genomic
AT1G36970	CP137946.1	95.745	94	4	0	1383	1476	14032864	14032957	3.21e-35	152	GCA_036936705.1_ASM3693670v1_genomic
AT1G36970	CP137946.1	95.745	94	4	0	1214	1307	14033033	14033126	3.21e-35	152	GCA_036936705.1_ASM3693670v1_genomic
AT1G36970	CP137948.1	89.911	674	57	8	4	670	16582021	16582690	0	857	GCA_036936705.1_ASM3693670v1_genomic
AT1G36970	CP137948.1	88.805	527	56	3	1388	1913	16583463	16583987	0	643	GCA_036936705.1_ASM3693670v1_genomic
AT1G36970	CP137948.1	91.954	87	6	1	1219	1305	16583463	16583548	9.05e-26	121	GCA_036936705.1_ASM3693670v1_genomic
AT1G36970	CP137949.1	81.978	738	100	19	466	1201	3141338	3142044	1.23e-168	595	GCA_036936705.1_ASM3693670v1_genomic
AT1G36970	CP137949.1	85.178	533	75	4	1383	1913	3142913	3143443	4.53e-153	544	GCA_036936705.1_ASM3693670v1_genomic
AT1G36970	CP137947.1	83.089	615	86	16	2	608	3735339	3734735	4.53e-153	544	GCA_036936705.1_ASM3693670v1_genomic
AT1G36970	CP137947.1	80.272	441	53	13	715	1148	3734597	3734184	3.01e-80	302	GCA_036936705.1_ASM3693670v1_genomic
AT3G31560	CP137949.1	89.259	270	28	1	3	272	3141852	3141584	1.83e-91	337	GCA_036936705.1_ASM3693670v1_genomic
AT3G31560	CP137947.1	87.248	298	31	3	3	296	3734323	3734617	2.37e-90	333	GCA_036936705.1_ASM3693670v1_genomic
AT3G31560	CP137947.1	95.062	162	7	1	296	457	14003540	14003700	1.9e-66	254	GCA_036936705.1_ASM3693670v1_genomic
AT3G31560	CP137946.1	88.75	240	27	0	33	272	14032605	14032366	1.12e-78	294	GCA_036936705.1_ASM3693670v1_genomic
AT4G05555	CP137949.1	97.875	2823	42	1	1	2823	3139194	3141998	0	4865	GCA_036936705.1_ASM3693670v1_genomic
AT4G05555	CP137949.1	89.13	138	15	0	2032	2169	3141342	3141479	3.54e-41	172	GCA_036936705.1_ASM3693670v1_genomic
AT4G05555	CP137949.1	88.406	138	16	0	2167	2304	3141207	3141344	1.65e-39	167	GCA_036936705.1_ASM3693670v1_genomic
AT4G05555	CP137946.1	88.911	1515	114	16	1	1511	14645878	14644414	0	1818	GCA_036936705.1_ASM3693670v1_genomic
AT4G05555	CP137946.1	83.956	723	99	15	1439	2154	14031531	14032243	0	676	GCA_036936705.1_ASM3693670v1_genomic
AT4G05555	CP137946.1	81.069	692	90	23	2163	2819	14032116	14032801	5.11e-144	514	GCA_036936705.1_ASM3693670v1_genomic
AT4G05555	CP137947.1	92.536	1246	66	10	1066	2310	3735813	3734594	0	1760	GCA_036936705.1_ASM3693670v1_genomic
AT4G05555	CP137947.1	93.298	567	34	4	1	565	3736369	3735805	0	833	GCA_036936705.1_ASM3693670v1_genomic
AT4G05555	CP137947.1	93.237	414	23	3	2408	2816	3734597	3734184	2.95e-171	604	GCA_036936705.1_ASM3693670v1_genomic
AT4G05555	CP137948.1	90.67	1104	98	5	265	1366	16580771	16581871	0	1463	GCA_036936705.1_ASM3693670v1_genomic
AT4G05555	CP137948.1	88.312	770	82	5	1405	2169	16581862	16582628	0	917	GCA_036936705.1_ASM3693670v1_genomic
AT4G05555	CP137948.1	88.018	217	25	1	1	216	16580550	16580766	3.42e-66	255	GCA_036936705.1_ASM3693670v1_genomic
AT4G05555	CP137948.1	89.163	203	22	0	2164	2366	16582488	16582690	1.23e-65	254	GCA_036936705.1_ASM3693670v1_genomic
AT1G36970	CP137951.1	99.848	1972	3	0	1	1972	14009470	14011441	0	3626	GCA_036936715.1_ASM3693671v1_genomic
AT1G36970	CP137951.1	95.745	94	4	0	1383	1476	14010683	14010776	3.15e-35	152	GCA_036936715.1_ASM3693671v1_genomic
AT1G36970	CP137951.1	95.745	94	4	0	1214	1307	14010852	14010945	3.15e-35	152	GCA_036936715.1_ASM3693671v1_genomic
AT1G36970	CP137953.1	90.327	672	58	7	2	670	17902560	17903227	0	874	GCA_036936715.1_ASM3693671v1_genomic
AT1G36970	CP137953.1	87.589	564	63	7	1381	1942	13124550	13123992	0	647	GCA_036936715.1_ASM3693671v1_genomic
AT1G36970	CP137953.1	87.828	534	62	3	1381	1913	17903936	17904467	5.56e-177	623	GCA_036936715.1_ASM3693671v1_genomic
AT1G36970	CP137953.1	85.185	513	49	7	636	1148	13413963	13413478	2.72e-140	501	GCA_036936715.1_ASM3693671v1_genomic
AT1G36970	CP137953.1	88.647	414	42	2	1381	1794	13412545	13412137	9.78e-140	499	GCA_036936715.1_ASM3693671v1_genomic
AT1G36970	CP137953.1	83.135	587	51	11	636	1201	13125970	13125411	1.64e-137	492	GCA_036936715.1_ASM3693671v1_genomic
AT1G36970	CP137953.1	88.803	259	26	1	596	854	13414221	13413966	3.8e-84	315	GCA_036936715.1_ASM3693671v1_genomic
AT1G36970	CP137953.1	96.703	91	3	0	1111	1201	13413494	13413404	3.15e-35	152	GCA_036936715.1_ASM3693671v1_genomic
AT1G36970	CP137954.1	87.466	726	79	11	2	723	5707277	5706560	0	826	GCA_036936715.1_ASM3693671v1_genomic
AT1G36970	CP137954.1	87.96	706	73	11	2	703	5669843	5669146	0	822	GCA_036936715.1_ASM3693671v1_genomic
AT1G36970	CP137954.1	81.732	739	100	20	466	1201	3115354	3116060	2.62e-165	584	GCA_036936715.1_ASM3693671v1_genomic
AT1G36970	CP137954.1	84.474	599	81	10	1	593	3114753	3115345	3.4e-164	580	GCA_036936715.1_ASM3693671v1_genomic
AT1G36970	CP137954.1	85.047	535	76	4	1381	1913	3116927	3117459	1.6e-152	542	GCA_036936715.1_ASM3693671v1_genomic
AT3G31560	CP137953.1	98.773	326	4	0	132	457	13125971	13126296	7.52e-165	580	GCA_036936715.1_ASM3693671v1_genomic
AT3G31560	CP137953.1	96.691	272	9	0	1	272	13125622	13125893	1.71e-126	453	GCA_036936715.1_ASM3693671v1_genomic
AT3G31560	CP137953.1	95.926	270	11	0	3	272	13413617	13413886	4.79e-122	438	GCA_036936715.1_ASM3693671v1_genomic
AT3G31560	CP137953.1	97.326	187	5	0	271	457	13414201	13414387	6.51e-86	318	GCA_036936715.1_ASM3693671v1_genomic
AT3G31560	CP137953.1	97.872	141	3	0	132	272	13413964	13414104	1.12e-63	244	GCA_036936715.1_ASM3693671v1_genomic
AT3G31560	CP137954.1	88.889	270	29	1	3	272	3115868	3115600	8.37e-90	331	GCA_036936715.1_ASM3693671v1_genomic
AT3G31560	CP137951.1	88.75	240	27	0	33	272	14010424	14010185	1.1e-78	294	GCA_036936715.1_ASM3693671v1_genomic
AT3G31560	CP137952.1	95.062	162	7	1	296	457	13155046	13155206	1.86e-66	254	GCA_036936715.1_ASM3693671v1_genomic
AT4G05555	CP137954.1	98.654	2823	19	2	1	2823	3113211	3116014	0	4985	GCA_036936715.1_ASM3693671v1_genomic
AT4G05555	CP137954.1	87.111	1606	171	16	568	2169	5670811	5669238	0	1786	GCA_036936715.1_ASM3693671v1_genomic
AT4G05555	CP137954.1	86.1	1482	156	21	685	2161	5708116	5706680	0	1550	GCA_036936715.1_ASM3693671v1_genomic
AT4G05555	CP137954.1	90.893	571	49	3	1	569	5715800	5715231	0	763	GCA_036936715.1_ASM3693671v1_genomic
AT4G05555	CP137954.1	88.406	138	16	0	2167	2304	3115223	3115360	1.62e-39	167	GCA_036936715.1_ASM3693671v1_genomic
AT4G05555	CP137954.1	86.842	152	17	2	2032	2183	3115358	3115506	1.62e-39	167	GCA_036936715.1_ASM3693671v1_genomic
AT4G05555	CP137953.1	89.993	1369	131	6	1	1366	17901047	17902412	0	1764	GCA_036936715.1_ASM3693671v1_genomic
AT4G05555	CP137953.1	89.034	766	80	3	1405	2169	17902403	17903165	0	946	GCA_036936715.1_ASM3693671v1_genomic
AT4G05555	CP137953.1	90.554	487	43	3	2332	2816	13413963	13413478	0	641	GCA_036936715.1_ASM3693671v1_genomic
AT4G05555	CP137953.1	89.712	486	49	1	2332	2816	13125970	13125485	1.03e-175	619	GCA_036936715.1_ASM3693671v1_genomic
AT4G05555	CP137953.1	100	41	0	0	2782	2822	13125498	13125458	2.81e-12	76.8	GCA_036936715.1_ASM3693671v1_genomic
AT4G05555	CP137953.1	100	41	0	0	2782	2822	13413491	13413451	2.81e-12	76.8	GCA_036936715.1_ASM3693671v1_genomic
AT4G05555	CP137955.1	87.179	1092	132	8	92	1179	12382012	12383099	0	1234	GCA_036936715.1_ASM3693671v1_genomic
AT4G05555	CP137951.1	84.371	723	96	14	1439	2154	14009350	14010062	0	693	GCA_036936715.1_ASM3693671v1_genomic
AT4G05555	CP137951.1	81.358	692	88	23	2163	2819	14009935	14010620	2.32e-147	525	GCA_036936715.1_ASM3693671v1_genomic
AT1G36970	CP137956.1	98.073	1972	18	2	1	1972	13948165	13950116	0	3413	GCA_036936845.1_ASM3693684v1_genomic
AT1G36970	CP137956.1	94.681	94	5	0	1214	1307	13949527	13949620	1.48e-33	147	GCA_036936845.1_ASM3693684v1_genomic
AT1G36970	CP137956.1	98.113	53	1	0	1383	1435	13949378	13949430	1.96e-17	93.5	GCA_036936845.1_ASM3693684v1_genomic
AT1G36970	CP137958.1	90.476	672	57	7	2	670	18082253	18082920	0	880	GCA_036936845.1_ASM3693684v1_genomic
AT1G36970	CP137958.1	88.015	534	61	3	1381	1913	18083629	18084160	1.21e-178	628	GCA_036936845.1_ASM3693684v1_genomic
AT1G36970	CP137958.1	87.85	535	62	3	1381	1913	13198687	13198154	1.56e-177	625	GCA_036936845.1_ASM3693684v1_genomic
AT1G36970	CP137958.1	84.991	553	56	8	596	1148	13200133	13199608	7.54e-151	536	GCA_036936845.1_ASM3693684v1_genomic
AT1G36970	CP137958.1	96.629	89	3	0	1113	1201	13199622	13199534	4.13e-34	148	GCA_036936845.1_ASM3693684v1_genomic
AT1G36970	CP137957.1	83.089	615	86	16	2	608	3309399	3308795	4.51e-153	544	GCA_036936845.1_ASM3693684v1_genomic
AT1G36970	CP137957.1	82.927	615	87	16	2	608	3357926	3357322	2.1e-151	538	GCA_036936845.1_ASM3693684v1_genomic
AT1G36970	CP137957.1	80.272	441	53	13	715	1148	3357184	3356771	2.99e-80	302	GCA_036936845.1_ASM3693684v1_genomic
AT1G36970	CP137957.1	80.045	441	54	13	715	1148	3308657	3308244	1.39e-78	296	GCA_036936845.1_ASM3693684v1_genomic
AT1G36970	CP137957.1	93.023	86	6	0	1116	1201	3308255	3308170	1.93e-27	126	GCA_036936845.1_ASM3693684v1_genomic
AT1G36970	CP137957.1	91.86	86	7	0	1116	1201	3356782	3356697	9e-26	121	GCA_036936845.1_ASM3693684v1_genomic
AT3G31560	CP137958.1	96.296	270	10	0	3	272	13199747	13200016	1.04e-123	444	GCA_036936845.1_ASM3693684v1_genomic
AT3G31560	CP137958.1	96.257	187	7	0	271	457	13200113	13200299	1.43e-82	307	GCA_036936845.1_ASM3693684v1_genomic
AT3G31560	CP137957.1	87.248	298	31	3	3	296	3308383	3308677	2.35e-90	333	GCA_036936845.1_ASM3693684v1_genomic
AT3G31560	CP137957.1	87.248	298	31	3	3	296	3356910	3357204	2.35e-90	333	GCA_036936845.1_ASM3693684v1_genomic
AT3G31560	CP137957.1	95.062	162	7	1	296	457	12198386	12198546	1.88e-66	254	GCA_036936845.1_ASM3693684v1_genomic
AT3G31560	CP137956.1	89.583	240	25	0	33	272	13949119	13948880	5.13e-82	305	GCA_036936845.1_ASM3693684v1_genomic
AT4G05555	CP137957.1	92.697	1246	64	10	1066	2310	3309873	3308654	0	1772	GCA_036936845.1_ASM3693684v1_genomic
AT4G05555	CP137957.1	92.616	1246	65	10	1066	2310	3358400	3357181	0	1766	GCA_036936845.1_ASM3693684v1_genomic
AT4G05555	CP137957.1	93.122	567	35	4	1	565	3310429	3309865	0	828	GCA_036936845.1_ASM3693684v1_genomic
AT4G05555	CP137957.1	92.945	567	36	4	1	565	3358956	3358392	0	822	GCA_036936845.1_ASM3693684v1_genomic
AT4G05555	CP137957.1	93.237	414	23	3	2408	2816	3357184	3356771	2.93e-171	604	GCA_036936845.1_ASM3693684v1_genomic
AT4G05555	CP137957.1	92.995	414	24	3	2408	2816	3308657	3308244	1.36e-169	599	GCA_036936845.1_ASM3693684v1_genomic
AT4G05555	CP137957.1	88.406	138	16	0	2032	2169	3308797	3308660	1.64e-39	167	GCA_036936845.1_ASM3693684v1_genomic
AT4G05555	CP137957.1	88.406	138	16	0	2032	2169	3357324	3357187	1.64e-39	167	GCA_036936845.1_ASM3693684v1_genomic
AT4G05555	CP137957.1	100	39	0	0	2784	2822	3308255	3308217	3.67e-11	73.1	GCA_036936845.1_ASM3693684v1_genomic
AT4G05555	CP137957.1	100	39	0	0	2784	2822	3356782	3356744	3.67e-11	73.1	GCA_036936845.1_ASM3693684v1_genomic
AT4G05555	CP137958.1	90.066	1369	130	6	1	1366	18080740	18082105	0	1770	GCA_036936845.1_ASM3693684v1_genomic
AT4G05555	CP137958.1	89.164	766	79	3	1405	2169	18082096	18082858	0	952	GCA_036936845.1_ASM3693684v1_genomic
AT4G05555	CP137958.1	90.019	531	52	1	2287	2816	13200138	13199608	0	686	GCA_036936845.1_ASM3693684v1_genomic
AT4G05555	CP137958.1	97.561	41	1	0	2782	2822	13199621	13199581	1.32e-10	71.3	GCA_036936845.1_ASM3693684v1_genomic
AT4G05555	CP137956.1	83.541	723	102	14	1439	2154	13948045	13948757	0	660	GCA_036936845.1_ASM3693684v1_genomic
AT4G05555	CP137956.1	81.567	689	92	19	2163	2819	13948630	13949315	1.08e-150	536	GCA_036936845.1_ASM3693684v1_genomic
AT4G05555	CP137960.1	87.189	523	60	7	660	1179	12692785	12693303	2.95e-166	588	GCA_036936845.1_ASM3693684v1_genomic
AT4G05555	CP137960.1	87.379	309	38	1	92	399	12692460	12692768	1.17e-95	353	GCA_036936845.1_ASM3693684v1_genomic
AT1G36970	CP137961.1	99.747	1973	4	1	1	1972	14209247	14211219	0	3615	GCA_036936885.1_ASM3693688v1_genomic
AT1G36970	CP137961.1	87.86	486	54	5	1381	1864	19289294	19289776	9.55e-160	566	GCA_036936885.1_ASM3693688v1_genomic
AT1G36970	CP137961.1	95.745	94	4	0	1383	1476	14210460	14210553	3.17e-35	152	GCA_036936885.1_ASM3693688v1_genomic
AT1G36970	CP137961.1	95.745	94	4	0	1214	1307	14210629	14210722	3.17e-35	152	GCA_036936885.1_ASM3693688v1_genomic
AT1G36970	CP137963.1	90.625	672	56	7	2	670	17704055	17704722	0	885	GCA_036936885.1_ASM3693688v1_genomic
AT1G36970	CP137963.1	87.079	534	58	8	1381	1913	17705431	17705954	4.38e-168	593	GCA_036936885.1_ASM3693688v1_genomic
AT1G36970	CP137963.1	88.417	259	27	1	596	854	13147665	13147410	1.78e-82	309	GCA_036936885.1_ASM3693688v1_genomic
AT1G36970	CP137963.1	93.103	87	5	1	1219	1305	17705438	17705523	1.92e-27	126	GCA_036936885.1_ASM3693688v1_genomic
AT1G36970	CP137964.1	84.808	599	80	9	1	593	3321518	3322111	1.58e-167	592	GCA_036936885.1_ASM3693688v1_genomic
AT1G36970	CP137964.1	81.671	742	95	23	466	1201	3322120	3322826	1.23e-163	579	GCA_036936885.1_ASM3693688v1_genomic
AT1G36970	CP137962.1	86.347	542	67	7	1381	1919	3119967	3119430	2.64e-165	584	GCA_036936885.1_ASM3693688v1_genomic
AT1G36970	CP137962.1	83.483	557	76	14	59	608	3122000	3121453	2.11e-141	505	GCA_036936885.1_ASM3693688v1_genomic
AT1G36970	CP137962.1	80.682	440	52	12	715	1148	3121315	3120903	4.94e-83	311	GCA_036936885.1_ASM3693688v1_genomic
AT1G36970	CP137962.1	93.023	86	6	0	1116	1201	3120914	3120829	1.92e-27	126	GCA_036936885.1_ASM3693688v1_genomic
AT3G31560	CP137962.1	87.879	297	30	2	3	296	3121042	3121335	1.08e-93	344	GCA_036936885.1_ASM3693688v1_genomic
AT3G31560	CP137962.1	95.062	162	7	1	296	457	12867662	12867822	1.87e-66	254	GCA_036936885.1_ASM3693688v1_genomic
AT3G31560	CP137964.1	88.889	270	29	1	3	272	3322634	3322366	8.4e-90	331	GCA_036936885.1_ASM3693688v1_genomic
AT3G31560	CP137963.1	96.791	187	6	0	271	457	13147645	13147831	3.04e-84	313	GCA_036936885.1_ASM3693688v1_genomic
AT3G31560	CP137963.1	95.745	141	6	0	132	272	13147408	13147548	1.13e-58	228	GCA_036936885.1_ASM3693688v1_genomic
AT3G31560	CP137963.1	97.826	46	1	0	227	272	13147285	13147330	3.36e-14	80.5	GCA_036936885.1_ASM3693688v1_genomic
AT3G31560	CP137961.1	88.333	240	28	0	33	272	14210201	14209962	5.13e-77	289	GCA_036936885.1_ASM3693688v1_genomic
AT4G05555	CP137964.1	100	2823	0	0	1	2823	3319958	3322780	0	5214	GCA_036936885.1_ASM3693688v1_genomic
AT4G05555	CP137964.1	88.406	138	16	0	2167	2304	3321989	3322126	1.63e-39	167	GCA_036936885.1_ASM3693688v1_genomic
AT4G05555	CP137964.1	88.406	138	16	0	2032	2169	3322124	3322261	1.63e-39	167	GCA_036936885.1_ASM3693688v1_genomic
AT4G05555	CP137961.1	90.787	1411	118	10	1	1407	15044203	15045605	0	1875	GCA_036936885.1_ASM3693688v1_genomic
AT4G05555	CP137961.1	89.798	1039	81	15	1135	2169	19286943	19287960	0	1308	GCA_036936885.1_ASM3693688v1_genomic
AT4G05555	CP137961.1	90.376	904	76	10	498	1398	19285777	19286672	0	1177	GCA_036936885.1_ASM3693688v1_genomic
AT4G05555	CP137961.1	84.371	723	96	14	1439	2154	14209127	14209839	0	693	GCA_036936885.1_ASM3693688v1_genomic
AT4G05555	CP137961.1	81.214	692	89	23	2163	2819	14209712	14210397	1.08e-145	520	GCA_036936885.1_ASM3693688v1_genomic
AT4G05555	CP137961.1	87.16	405	29	13	2414	2816	19287969	19288352	3.12e-121	438	GCA_036936885.1_ASM3693688v1_genomic
AT4G05555	CP137961.1	89.057	265	23	5	1135	1398	19286678	19286937	9.12e-87	324	GCA_036936885.1_ASM3693688v1_genomic
AT4G05555	CP137963.1	90.212	1369	128	6	1	1366	17702542	17703907	0	1781	GCA_036936885.1_ASM3693688v1_genomic
AT4G05555	CP137963.1	89.164	766	79	3	1405	2169	17703898	17704660	0	952	GCA_036936885.1_ASM3693688v1_genomic
AT4G05555	CP137963.1	88.973	263	29	0	2287	2549	13147670	13147408	2.54e-87	326	GCA_036936885.1_ASM3693688v1_genomic
AT4G05555	CP137965.1	86.996	1092	134	8	92	1179	13852114	13853201	0	1223	GCA_036936885.1_ASM3693688v1_genomic
AT4G05555	CP137962.1	93.497	692	42	2	1619	2310	3122000	3121312	0	1026	GCA_036936885.1_ASM3693688v1_genomic
AT4G05555	CP137962.1	93.705	413	22	2	2408	2816	3121315	3120903	1.34e-174	616	GCA_036936885.1_ASM3693688v1_genomic
AT4G05555	CP137962.1	88.406	138	16	0	2032	2169	3121455	3121318	1.63e-39	167	GCA_036936885.1_ASM3693688v1_genomic
AT4G05555	CP137962.1	100	39	0	0	2784	2822	3120914	3120876	3.65e-11	73.1	GCA_036936885.1_ASM3693688v1_genomic
AT1G36970	CP137966.1	99.899	1972	2	0	1	1972	13820618	13822589	0	3631	GCA_036936895.1_ASM3693689v1_genomic
AT1G36970	CP137966.1	88.454	485	53	3	1381	1864	19968240	19968722	9.73e-165	582	GCA_036936895.1_ASM3693689v1_genomic
AT1G36970	CP137966.1	82.403	233	18	4	991	1201	19967141	19967372	4.15e-44	182	GCA_036936895.1_ASM3693689v1_genomic
AT1G36970	CP137966.1	95.745	94	4	0	1383	1476	13821831	13821924	3.25e-35	152	GCA_036936895.1_ASM3693689v1_genomic
AT1G36970	CP137966.1	95.745	94	4	0	1214	1307	13822000	13822093	3.25e-35	152	GCA_036936895.1_ASM3693689v1_genomic
AT1G36970	CP137968.1	90.476	672	57	7	2	670	17190530	17191197	0	880	GCA_036936895.1_ASM3693689v1_genomic
AT1G36970	CP137968.1	88.39	534	59	3	1381	1913	17191906	17192437	0	640	GCA_036936895.1_ASM3693689v1_genomic
AT1G36970	CP137968.1	87.823	542	61	5	1381	1919	13113760	13113221	3.43e-179	630	GCA_036936895.1_ASM3693689v1_genomic
AT1G36970	CP137968.1	85.409	514	46	10	636	1148	13115178	13114693	6.03e-142	507	GCA_036936895.1_ASM3693689v1_genomic
AT1G36970	CP137968.1	87.259	259	23	5	596	854	13115429	13115181	8.55e-76	287	GCA_036936895.1_ASM3693689v1_genomic
AT1G36970	CP137969.1	81.867	739	99	20	466	1201	3112003	3112709	5.82e-167	590	GCA_036936895.1_ASM3693689v1_genomic
AT1G36970	CP137969.1	84.641	599	80	10	1	593	3111402	3111994	7.53e-166	586	GCA_036936895.1_ASM3693689v1_genomic
AT1G36970	CP137969.1	85.607	535	73	4	1381	1913	3113576	3114108	1.64e-157	558	GCA_036936895.1_ASM3693689v1_genomic
AT1G36970	CP137967.1	86.531	542	66	7	1381	1919	3405481	3404944	5.82e-167	590	GCA_036936895.1_ASM3693689v1_genomic
AT1G36970	CP137967.1	83.17	612	85	16	5	608	3407575	3406974	4.59e-153	544	GCA_036936895.1_ASM3693689v1_genomic
AT1G36970	CP137967.1	80.682	440	52	12	715	1148	3406836	3406424	5.07e-83	311	GCA_036936895.1_ASM3693689v1_genomic
AT1G36970	CP137967.1	93.023	86	6	0	1116	1201	3406435	3406350	1.97e-27	126	GCA_036936895.1_ASM3693689v1_genomic
AT3G31560	CP137968.1	97.407	270	7	0	3	272	13114832	13115101	1.05e-128	460	GCA_036936895.1_ASM3693689v1_genomic
AT3G31560	CP137968.1	97.326	187	5	0	271	457	13115409	13115595	6.72e-86	318	GCA_036936895.1_ASM3693689v1_genomic
AT3G31560	CP137968.1	96.212	132	5	0	132	263	13115179	13115310	2.52e-55	217	GCA_036936895.1_ASM3693689v1_genomic
AT3G31560	CP137967.1	87.542	297	31	2	3	296	3406563	3406856	5.16e-92	339	GCA_036936895.1_ASM3693689v1_genomic
AT3G31560	CP137967.1	95.062	162	7	1	296	457	13431266	13431426	1.92e-66	254	GCA_036936895.1_ASM3693689v1_genomic
AT3G31560	CP137969.1	89.259	270	28	1	3	272	3112517	3112249	1.85e-91	337	GCA_036936895.1_ASM3693689v1_genomic
AT3G31560	CP137966.1	88.75	240	27	0	33	272	13821572	13821333	1.13e-78	294	GCA_036936895.1_ASM3693689v1_genomic
AT4G05555	CP137969.1	98.725	2823	16	3	1	2823	3109861	3112663	0	4996	GCA_036936895.1_ASM3693689v1_genomic
AT4G05555	CP137969.1	88.406	138	16	0	2167	2304	3111872	3112009	1.67e-39	167	GCA_036936895.1_ASM3693689v1_genomic
AT4G05555	CP137969.1	86.842	152	17	2	2032	2183	3112007	3112155	1.67e-39	167	GCA_036936895.1_ASM3693689v1_genomic
AT4G05555	CP137968.1	89.993	1369	131	6	1	1366	17189017	17190382	0	1764	GCA_036936895.1_ASM3693689v1_genomic
AT4G05555	CP137968.1	89.295	766	78	3	1405	2169	17190373	17191135	0	957	GCA_036936895.1_ASM3693689v1_genomic
AT4G05555	CP137968.1	90.123	486	47	1	2332	2816	13115178	13114693	4.93e-179	630	GCA_036936895.1_ASM3693689v1_genomic
AT4G05555	CP137968.1	87.452	263	26	2	2287	2549	13115434	13115179	2.04e-78	296	GCA_036936895.1_ASM3693689v1_genomic
AT4G05555	CP137967.1	92.456	1246	67	10	1066	2310	3408052	3406833	0	1755	GCA_036936895.1_ASM3693689v1_genomic
AT4G05555	CP137967.1	92.769	567	37	4	1	565	3408608	3408044	0	817	GCA_036936895.1_ASM3693689v1_genomic
AT4G05555	CP137967.1	93.462	413	23	2	2408	2816	3406836	3406424	6.42e-173	610	GCA_036936895.1_ASM3693689v1_genomic
AT4G05555	CP137967.1	88.406	138	16	0	2032	2169	3406976	3406839	1.67e-39	167	GCA_036936895.1_ASM3693689v1_genomic
AT4G05555	CP137967.1	100	39	0	0	2784	2822	3406435	3406397	3.74e-11	73.1	GCA_036936895.1_ASM3693689v1_genomic
AT4G05555	CP137966.1	88.9	1036	89	8	1135	2166	19965890	19966903	0	1253	GCA_036936895.1_ASM3693689v1_genomic
AT4G05555	CP137966.1	90.177	906	79	9	496	1398	19964986	19965884	0	1171	GCA_036936895.1_ASM3693689v1_genomic
AT4G05555	CP137966.1	84.371	723	96	14	1439	2154	13820498	13821210	0	693	GCA_036936895.1_ASM3693689v1_genomic
AT4G05555	CP137966.1	81.358	692	88	23	2163	2819	13821083	13821768	2.39e-147	525	GCA_036936895.1_ASM3693689v1_genomic
AT4G05555	CP137966.1	87.16	405	30	13	2414	2816	19966914	19967298	8.91e-122	440	GCA_036936895.1_ASM3693689v1_genomic
AT4G05555	CP137966.1	100	41	0	0	2782	2822	19967285	19967325	2.89e-12	76.8	GCA_036936895.1_ASM3693689v1_genomic
AT4G05555	CP137970.1	86.996	1092	134	8	92	1179	13168224	13169311	0	1223	GCA_036936895.1_ASM3693689v1_genomic
AT1G36970	CP137971.1	98.073	1972	18	2	1	1972	13946698	13948649	0	3413	GCA_036936905.1_ASM3693690v1_genomic
AT1G36970	CP137971.1	94.681	94	5	0	1214	1307	13948060	13948153	1.48e-33	147	GCA_036936905.1_ASM3693690v1_genomic
AT1G36970	CP137971.1	98.113	53	1	0	1383	1435	13947911	13947963	1.96e-17	93.5	GCA_036936905.1_ASM3693690v1_genomic
AT1G36970	CP137973.1	90.476	672	57	7	2	670	18048520	18049187	0	880	GCA_036936905.1_ASM3693690v1_genomic
AT1G36970	CP137973.1	88.015	534	61	3	1381	1913	18049896	18050427	1.21e-178	628	GCA_036936905.1_ASM3693690v1_genomic
AT1G36970	CP137973.1	87.85	535	62	3	1381	1913	13166815	13166282	1.56e-177	625	GCA_036936905.1_ASM3693690v1_genomic
AT1G36970	CP137973.1	84.991	553	56	8	596	1148	13168261	13167736	7.53e-151	536	GCA_036936905.1_ASM3693690v1_genomic
AT1G36970	CP137973.1	96.629	89	3	0	1113	1201	13167750	13167662	4.12e-34	148	GCA_036936905.1_ASM3693690v1_genomic
AT1G36970	CP137972.1	83.089	615	86	16	2	608	3636567	3635963	4.5e-153	544	GCA_036936905.1_ASM3693690v1_genomic
AT1G36970	CP137972.1	80.045	441	54	13	715	1148	3635825	3635412	1.39e-78	296	GCA_036936905.1_ASM3693690v1_genomic
AT1G36970	CP137972.1	93.023	86	6	0	1116	1201	3635423	3635338	1.93e-27	126	GCA_036936905.1_ASM3693690v1_genomic
AT3G31560	CP137973.1	96.296	270	10	0	3	272	13167875	13168144	1.04e-123	444	GCA_036936905.1_ASM3693690v1_genomic
AT3G31560	CP137973.1	96.257	187	7	0	271	457	13168241	13168427	1.43e-82	307	GCA_036936905.1_ASM3693690v1_genomic
AT3G31560	CP137972.1	87.248	298	31	3	3	296	3635551	3635845	2.35e-90	333	GCA_036936905.1_ASM3693690v1_genomic
AT3G31560	CP137972.1	95.062	162	7	1	296	457	12272701	12272861	1.88e-66	254	GCA_036936905.1_ASM3693690v1_genomic
AT3G31560	CP137971.1	89.583	240	25	0	33	272	13947652	13947413	5.13e-82	305	GCA_036936905.1_ASM3693690v1_genomic
AT4G05555	CP137972.1	92.697	1246	64	10	1066	2310	3637041	3635822	0	1772	GCA_036936905.1_ASM3693690v1_genomic
AT4G05555	CP137972.1	93.122	567	35	4	1	565	3637597	3637033	0	828	GCA_036936905.1_ASM3693690v1_genomic
AT4G05555	CP137972.1	92.995	414	24	3	2408	2816	3635825	3635412	1.36e-169	599	GCA_036936905.1_ASM3693690v1_genomic
AT4G05555	CP137972.1	88.406	138	16	0	2032	2169	3635965	3635828	1.64e-39	167	GCA_036936905.1_ASM3693690v1_genomic
AT4G05555	CP137972.1	100	39	0	0	2784	2822	3635423	3635385	3.67e-11	73.1	GCA_036936905.1_ASM3693690v1_genomic
AT4G05555	CP137973.1	90.066	1369	130	6	1	1366	18047007	18048372	0	1770	GCA_036936905.1_ASM3693690v1_genomic
AT4G05555	CP137973.1	89.164	766	79	3	1405	2169	18048363	18049125	0	952	GCA_036936905.1_ASM3693690v1_genomic
AT4G05555	CP137973.1	90.019	531	52	1	2287	2816	13168266	13167736	0	686	GCA_036936905.1_ASM3693690v1_genomic
AT4G05555	CP137973.1	97.561	41	1	0	2782	2822	13167749	13167709	1.32e-10	71.3	GCA_036936905.1_ASM3693690v1_genomic
AT4G05555	CP137971.1	83.541	723	102	14	1439	2154	13946578	13947290	0	660	GCA_036936905.1_ASM3693690v1_genomic
AT4G05555	CP137971.1	81.567	689	92	19	2163	2819	13947163	13947848	1.08e-150	536	GCA_036936905.1_ASM3693690v1_genomic
AT4G05555	CP137975.1	87.189	523	60	7	660	1179	12687440	12687958	2.95e-166	588	GCA_036936905.1_ASM3693690v1_genomic
AT4G05555	CP137975.1	87.379	309	38	1	92	399	12687115	12687423	1.17e-95	353	GCA_036936905.1_ASM3693690v1_genomic
AT1G36970	CP137976.1	99.746	1972	5	0	1	1972	13900769	13902740	0	3615	GCA_036936915.1_ASM3693691v1_genomic
AT1G36970	CP137976.1	88.454	485	53	3	1381	1864	17917883	17918365	9.42e-165	582	GCA_036936915.1_ASM3693691v1_genomic
AT1G36970	CP137976.1	82.403	233	18	4	991	1201	17916784	17917015	4.02e-44	182	GCA_036936915.1_ASM3693691v1_genomic
AT1G36970	CP137976.1	95.745	94	4	0	1383	1476	13901982	13902075	3.15e-35	152	GCA_036936915.1_ASM3693691v1_genomic
AT1G36970	CP137976.1	94.681	94	5	0	1214	1307	13902151	13902244	1.47e-33	147	GCA_036936915.1_ASM3693691v1_genomic
AT1G36970	CP137978.1	90.327	672	58	7	2	670	18415812	18415145	0	874	GCA_036936915.1_ASM3693691v1_genomic
AT1G36970	CP137978.1	88.39	534	59	3	1381	1913	18414437	18413906	0	640	GCA_036936915.1_ASM3693691v1_genomic
AT1G36970	CP137978.1	90.805	87	7	1	1219	1305	18414430	18414345	4.13e-24	115	GCA_036936915.1_ASM3693691v1_genomic
AT1G36970	CP137979.1	82.249	738	98	19	466	1201	2915822	2916528	5.59e-172	606	GCA_036936915.1_ASM3693691v1_genomic
AT1G36970	CP137979.1	84.641	599	81	9	1	593	2915220	2915813	7.29e-166	586	GCA_036936915.1_ASM3693691v1_genomic
AT1G36970	CP137979.1	85.393	534	74	4	1382	1913	2917396	2917927	2.66e-155	551	GCA_036936915.1_ASM3693691v1_genomic
AT1G36970	CP137977.1	86.347	542	67	7	1381	1919	3350399	3349862	2.62e-165	584	GCA_036936915.1_ASM3693691v1_genomic
AT1G36970	CP137977.1	83.483	557	76	14	59	608	3352432	3351885	2.1e-141	505	GCA_036936915.1_ASM3693691v1_genomic
AT1G36970	CP137977.1	80.682	440	52	12	715	1148	3351747	3351335	4.91e-83	311	GCA_036936915.1_ASM3693691v1_genomic
AT1G36970	CP137977.1	93.023	86	6	0	1116	1201	3351346	3351261	1.91e-27	126	GCA_036936915.1_ASM3693691v1_genomic
AT3G31560	CP137977.1	87.879	297	30	2	3	296	3351474	3351767	1.07e-93	344	GCA_036936915.1_ASM3693691v1_genomic
AT3G31560	CP137977.1	95.062	162	7	1	296	457	13473419	13473579	1.86e-66	254	GCA_036936915.1_ASM3693691v1_genomic
AT3G31560	CP137979.1	89.63	270	27	1	3	272	2916336	2916068	3.86e-93	342	GCA_036936915.1_ASM3693691v1_genomic
AT3G31560	CP137976.1	88.333	240	28	0	33	272	13901723	13901484	5.1e-77	289	GCA_036936915.1_ASM3693691v1_genomic
AT4G05555	CP137979.1	97.975	2765	38	1	59	2823	2913736	2916482	0	4780	GCA_036936915.1_ASM3693691v1_genomic
AT4G05555	CP137979.1	87.5	152	16	2	2032	2183	2915826	2915974	3.47e-41	172	GCA_036936915.1_ASM3693691v1_genomic
AT4G05555	CP137979.1	88.406	138	16	0	2167	2304	2915691	2915828	1.62e-39	167	GCA_036936915.1_ASM3693691v1_genomic
AT4G05555	CP137978.1	90.139	1369	127	7	1	1366	18417323	18415960	0	1773	GCA_036936915.1_ASM3693691v1_genomic
AT4G05555	CP137978.1	88.846	780	80	5	1405	2183	18415969	18415196	0	952	GCA_036936915.1_ASM3693691v1_genomic
AT4G05555	CP137976.1	90.732	874	75	5	496	1366	17915885	17916755	0	1160	GCA_036936915.1_ASM3693691v1_genomic
AT4G05555	CP137976.1	84.232	723	97	14	1439	2154	13900649	13901361	0	688	GCA_036936915.1_ASM3693691v1_genomic
AT4G05555	CP137976.1	81.214	692	89	23	2163	2819	13901234	13901919	1.08e-145	520	GCA_036936915.1_ASM3693691v1_genomic
AT4G05555	CP137976.1	91.772	158	13	0	2659	2816	17916784	17916941	1.22e-55	220	GCA_036936915.1_ASM3693691v1_genomic
AT4G05555	CP137976.1	100	41	0	0	2782	2822	17916928	17916968	2.8e-12	76.8	GCA_036936915.1_ASM3693691v1_genomic
AT4G05555	CP137977.1	93.497	692	42	2	1619	2310	3352432	3351744	0	1026	GCA_036936915.1_ASM3693691v1_genomic
AT4G05555	CP137977.1	93.705	413	22	2	2408	2816	3351747	3351335	1.34e-174	616	GCA_036936915.1_ASM3693691v1_genomic
AT4G05555	CP137977.1	88.406	138	16	0	2032	2169	3351887	3351750	1.62e-39	167	GCA_036936915.1_ASM3693691v1_genomic
AT4G05555	CP137977.1	100	39	0	0	2784	2822	3351346	3351308	3.62e-11	73.1	GCA_036936915.1_ASM3693691v1_genomic
AT1G36970	CP137981.1	99.696	1972	6	0	1	1972	13968222	13970193	0	3609	GCA_036936945.1_ASM3693694v1_genomic
AT1G36970	CP137981.1	88.041	485	55	3	1381	1864	20195962	20196444	2.06e-161	571	GCA_036936945.1_ASM3693694v1_genomic
AT1G36970	CP137981.1	82.403	233	18	4	991	1201	20194863	20195094	4.07e-44	182	GCA_036936945.1_ASM3693694v1_genomic
AT1G36970	CP137981.1	95.745	94	4	0	1383	1476	13969435	13969528	3.19e-35	152	GCA_036936945.1_ASM3693694v1_genomic
AT1G36970	CP137981.1	95.745	94	4	0	1214	1307	13969604	13969697	3.19e-35	152	GCA_036936945.1_ASM3693694v1_genomic
AT1G36970	CP137983.1	90.639	673	54	9	2	670	17310803	17311470	0	885	GCA_036936945.1_ASM3693694v1_genomic
AT1G36970	CP137983.1	87.766	564	62	7	1381	1942	12895961	12895403	0	652	GCA_036936945.1_ASM3693694v1_genomic
AT1G36970	CP137983.1	87.766	564	62	7	1381	1942	13073475	13072917	0	652	GCA_036936945.1_ASM3693694v1_genomic
AT1G36970	CP137983.1	88.202	534	60	3	1381	1913	17312179	17312710	2.6e-180	634	GCA_036936945.1_ASM3693694v1_genomic
AT1G36970	CP137983.1	87.085	542	66	4	1381	1919	13382766	13382226	4.38e-173	610	GCA_036936945.1_ASM3693694v1_genomic
AT1G36970	CP137983.1	82.964	587	52	11	636	1201	12897381	12896822	7.69e-136	486	GCA_036936945.1_ASM3693694v1_genomic
AT1G36970	CP137983.1	82.964	587	52	11	636	1201	13074895	13074336	7.69e-136	486	GCA_036936945.1_ASM3693694v1_genomic
AT1G36970	CP137983.1	92.086	139	11	0	716	854	12897522	12897384	1.45e-48	196	GCA_036936945.1_ASM3693694v1_genomic
AT1G36970	CP137983.1	92.086	139	11	0	716	854	13075036	13074898	1.45e-48	196	GCA_036936945.1_ASM3693694v1_genomic
AT1G36970	CP137984.1	81.978	738	100	19	466	1201	3008439	3009145	1.23e-168	595	GCA_036936945.1_ASM3693694v1_genomic
AT1G36970	CP137984.1	84.808	599	80	9	1	593	3007837	3008430	1.59e-167	592	GCA_036936945.1_ASM3693694v1_genomic
AT1G36970	CP137984.1	84.644	534	78	4	1382	1913	3010013	3010544	1.26e-148	529	GCA_036936945.1_ASM3693694v1_genomic
AT1G36970	CP137982.1	86.531	542	66	7	1381	1919	3645854	3645317	5.7e-167	590	GCA_036936945.1_ASM3693694v1_genomic
AT1G36970	CP137982.1	83.089	615	86	16	2	608	3647951	3647347	4.5e-153	544	GCA_036936945.1_ASM3693694v1_genomic
AT1G36970	CP137982.1	80.682	440	52	12	715	1148	3647209	3646797	4.97e-83	311	GCA_036936945.1_ASM3693694v1_genomic
AT1G36970	CP137982.1	91.86	86	7	0	1116	1201	3646808	3646723	8.99e-26	121	GCA_036936945.1_ASM3693694v1_genomic
AT3G31560	CP137983.1	99.387	326	2	0	132	457	12897382	12897707	3.51e-168	592	GCA_036936945.1_ASM3693694v1_genomic
AT3G31560	CP137983.1	99.387	326	2	0	132	457	13074896	13075221	3.51e-168	592	GCA_036936945.1_ASM3693694v1_genomic
AT3G31560	CP137983.1	96.324	272	10	0	1	272	12897033	12897304	8.05e-125	448	GCA_036936945.1_ASM3693694v1_genomic
AT3G31560	CP137983.1	96.324	272	10	0	1	272	13074547	13074818	8.05e-125	448	GCA_036936945.1_ASM3693694v1_genomic
AT3G31560	CP137983.1	95.722	187	5	1	271	457	13383591	13383774	8.57e-80	298	GCA_036936945.1_ASM3693694v1_genomic
AT3G31560	CP137982.1	87.879	297	30	2	3	296	3646936	3647229	1.09e-93	344	GCA_036936945.1_ASM3693694v1_genomic
AT3G31560	CP137982.1	95.062	162	7	1	296	457	13188462	13188622	1.88e-66	254	GCA_036936945.1_ASM3693694v1_genomic
AT3G31560	CP137984.1	89.63	270	27	1	3	272	3008953	3008685	3.91e-93	342	GCA_036936945.1_ASM3693694v1_genomic
AT3G31560	CP137981.1	88.75	240	27	0	33	272	13969176	13968937	1.11e-78	294	GCA_036936945.1_ASM3693694v1_genomic
AT4G05555	CP137984.1	97.251	2765	43	2	59	2823	3006368	3009099	0	4654	GCA_036936945.1_ASM3693694v1_genomic
AT4G05555	CP137984.1	87.5	152	16	2	2032	2183	3008443	3008591	3.52e-41	172	GCA_036936945.1_ASM3693694v1_genomic
AT4G05555	CP137984.1	88.406	138	16	0	2167	2304	3008308	3008445	1.64e-39	167	GCA_036936945.1_ASM3693694v1_genomic
AT4G05555	CP137981.1	88.911	1515	114	16	1	1511	14590555	14589091	0	1818	GCA_036936945.1_ASM3693694v1_genomic
AT4G05555	CP137981.1	90.847	874	74	5	496	1366	20193964	20194834	0	1166	GCA_036936945.1_ASM3693694v1_genomic
AT4G05555	CP137981.1	84.371	723	96	14	1439	2154	13968102	13968814	0	693	GCA_036936945.1_ASM3693694v1_genomic
AT4G05555	CP137981.1	81.358	692	88	23	2163	2819	13968687	13969372	2.34e-147	525	GCA_036936945.1_ASM3693694v1_genomic
AT4G05555	CP137981.1	91.772	158	13	0	2659	2816	20194863	20195020	1.24e-55	220	GCA_036936945.1_ASM3693694v1_genomic
AT4G05555	CP137981.1	100	41	0	0	2782	2822	20195007	20195047	2.84e-12	76.8	GCA_036936945.1_ASM3693694v1_genomic
AT4G05555	CP137983.1	89.861	1371	131	7	1	1366	17309288	17310655	0	1755	GCA_036936945.1_ASM3693694v1_genomic
AT4G05555	CP137983.1	89.164	766	79	3	1405	2169	17310646	17311408	0	952	GCA_036936945.1_ASM3693694v1_genomic
AT4G05555	CP137983.1	89.506	486	50	1	2332	2816	12897381	12896896	4.86e-174	614	GCA_036936945.1_ASM3693694v1_genomic
AT4G05555	CP137983.1	89.506	486	50	1	2332	2816	13074895	13074410	4.86e-174	614	GCA_036936945.1_ASM3693694v1_genomic
AT4G05555	CP137983.1	100	41	0	0	2782	2822	12896909	12896869	2.84e-12	76.8	GCA_036936945.1_ASM3693694v1_genomic
AT4G05555	CP137983.1	100	41	0	0	2782	2822	13074423	13074383	2.84e-12	76.8	GCA_036936945.1_ASM3693694v1_genomic
AT4G05555	CP137982.1	92.456	1246	66	13	1066	2310	3648424	3647206	0	1755	GCA_036936945.1_ASM3693694v1_genomic
AT4G05555	CP137982.1	92.416	567	39	4	1	565	3648980	3648416	0	806	GCA_036936945.1_ASM3693694v1_genomic
AT4G05555	CP137982.1	93.705	413	22	2	2408	2816	3647209	3646797	1.35e-174	616	GCA_036936945.1_ASM3693694v1_genomic
AT4G05555	CP137982.1	88.406	138	16	0	2032	2169	3647349	3647212	1.64e-39	167	GCA_036936945.1_ASM3693694v1_genomic
AT4G05555	CP137982.1	100	39	0	0	2784	2822	3646808	3646770	3.67e-11	73.1	GCA_036936945.1_ASM3693694v1_genomic
AT4G05555	CP137985.1	86.996	1092	134	8	92	1179	12285678	12286765	0	1223	GCA_036936945.1_ASM3693694v1_genomic
AT1G36970	CP137986.1	98.834	1972	23	0	1	1972	13858823	13860794	0	3515	GCA_036936955.1_ASM3693695v1_genomic
AT1G36970	CP137986.1	86.57	484	62	3	1387	1869	17293851	17293370	3.45e-149	531	GCA_036936955.1_ASM3693695v1_genomic
AT1G36970	CP137986.1	89.308	159	15	2	991	1148	17294956	17294799	3.98e-49	198	GCA_036936955.1_ASM3693695v1_genomic
AT1G36970	CP137986.1	95.745	94	4	0	1383	1476	13860036	13860129	3.14e-35	152	GCA_036936955.1_ASM3693695v1_genomic
AT1G36970	CP137988.1	89.965	578	53	5	95	670	17210239	17210813	0	741	GCA_036936955.1_ASM3693695v1_genomic
AT1G36970	CP137988.1	88.333	540	60	3	1381	1919	13419233	13419770	0	645	GCA_036936955.1_ASM3693695v1_genomic
AT1G36970	CP137988.1	88.411	535	59	3	1381	1913	13458335	13458868	0	641	GCA_036936955.1_ASM3693695v1_genomic
AT1G36970	CP137988.1	87.823	542	62	4	1381	1919	13047856	13048396	9.21e-180	632	GCA_036936955.1_ASM3693695v1_genomic
AT1G36970	CP137988.1	88.046	527	60	3	1388	1913	17211585	17212109	1.99e-176	621	GCA_036936955.1_ASM3693695v1_genomic
AT1G36970	CP137988.1	84.704	608	62	21	596	1201	13417796	13418374	1.22e-163	579	GCA_036936955.1_ASM3693695v1_genomic
AT1G36970	CP137988.1	85.379	554	52	13	596	1148	13456878	13457403	3.43e-154	547	GCA_036936955.1_ASM3693695v1_genomic
AT1G36970	CP137988.1	94.643	56	3	0	1146	1201	13457422	13457477	8.99e-16	87.9	GCA_036936955.1_ASM3693695v1_genomic
AT3G31560	CP137988.1	95.556	270	12	0	3	272	13457264	13456995	2.22e-120	433	GCA_036936955.1_ASM3693695v1_genomic
AT3G31560	CP137988.1	95.185	270	12	1	3	272	13418181	13417913	3.72e-118	425	GCA_036936955.1_ASM3693695v1_genomic
AT3G31560	CP137988.1	97.861	187	4	0	271	457	13456898	13456712	1.39e-87	324	GCA_036936955.1_ASM3693695v1_genomic
AT3G31560	CP137988.1	96.791	187	6	0	271	457	13047031	13046845	3.02e-84	313	GCA_036936955.1_ASM3693695v1_genomic
AT3G31560	CP137988.1	96.791	187	6	0	271	457	13417816	13417630	3.02e-84	313	GCA_036936955.1_ASM3693695v1_genomic
AT3G31560	CP137986.1	87.917	240	29	0	33	272	13859777	13859538	2.37e-75	283	GCA_036936955.1_ASM3693695v1_genomic
AT3G31560	CP137987.1	95.062	162	7	1	296	457	13913874	13914034	1.86e-66	254	GCA_036936955.1_ASM3693695v1_genomic
AT4G05555	CP137989.1	96.779	1397	25	2	59	1453	2972437	2973815	0	2313	GCA_036936955.1_ASM3693695v1_genomic
AT4G05555	CP137986.1	90.503	1411	123	10	1	1407	17317964	17316561	0	1853	GCA_036936955.1_ASM3693695v1_genomic
AT4G05555	CP137986.1	90.255	667	59	5	1507	2169	17295865	17295201	0	867	GCA_036936955.1_ASM3693695v1_genomic
AT4G05555	CP137986.1	83.956	723	99	14	1439	2154	13858703	13859415	0	676	GCA_036936955.1_ASM3693695v1_genomic
AT4G05555	CP137986.1	81.277	689	94	19	2163	2819	13859288	13859973	2.31e-147	525	GCA_036936955.1_ASM3693695v1_genomic
AT4G05555	CP137986.1	90.123	405	29	7	2413	2816	17295193	17294799	1.39e-144	516	GCA_036936955.1_ASM3693695v1_genomic
AT4G05555	CP137990.1	85.847	1180	149	17	9	1179	12830658	12831828	0	1238	GCA_036936955.1_ASM3693695v1_genomic
AT4G05555	CP137988.1	90.741	864	78	2	79	941	17209378	17210240	0	1151	GCA_036936955.1_ASM3693695v1_genomic
AT4G05555	CP137988.1	89.286	532	54	3	2287	2816	13456873	13457403	0	664	GCA_036936955.1_ASM3693695v1_genomic
AT4G05555	CP137988.1	88.911	514	53	3	1657	2169	17210241	17210751	4.76e-179	630	GCA_036936955.1_ASM3693695v1_genomic
AT4G05555	CP137988.1	87.778	540	59	5	2287	2822	13417791	13418327	2.21e-177	625	GCA_036936955.1_ASM3693695v1_genomic
AT4G05555	CP137988.1	89.655	203	21	0	2164	2366	17210611	17210813	2.59e-67	259	GCA_036936955.1_ASM3693695v1_genomic
AT1G36970	CP137991.1	98.986	1972	19	1	1	1972	13922811	13924781	0	3530	GCA_036937005.1_ASM3693700v1_genomic
AT1G36970	CP137991.1	87.397	484	60	1	1381	1864	18625252	18625734	2.14e-156	555	GCA_036937005.1_ASM3693700v1_genomic
AT1G36970	CP137991.1	87.19	484	59	3	1387	1869	16957108	16956627	3.58e-154	547	GCA_036937005.1_ASM3693700v1_genomic
AT1G36970	CP137991.1	89.308	159	15	2	991	1148	16958213	16958056	4.15e-49	198	GCA_036937005.1_ASM3693700v1_genomic
AT1G36970	CP137991.1	81.974	233	19	4	991	1201	18624153	18624384	1.94e-42	176	GCA_036937005.1_ASM3693700v1_genomic
AT1G36970	CP137991.1	95.745	94	4	0	1383	1476	13924024	13924117	3.28e-35	152	GCA_036937005.1_ASM3693700v1_genomic
AT1G36970	CP137991.1	94.681	94	5	0	1214	1307	13924192	13924285	1.52e-33	147	GCA_036937005.1_ASM3693700v1_genomic
AT1G36970	CP137993.1	87.912	546	63	3	1381	1925	13063132	13062589	0	640	GCA_036937005.1_ASM3693700v1_genomic
AT1G36970	CP137993.1	88.007	542	61	4	1381	1919	13454799	13454259	0	638	GCA_036937005.1_ASM3693700v1_genomic
AT1G36970	CP137993.1	87.85	535	62	3	1381	1913	13023963	13023430	1.61e-177	625	GCA_036937005.1_ASM3693700v1_genomic
AT1G36970	CP137993.1	84.893	609	60	22	596	1201	13064570	13063991	7.58e-166	586	GCA_036937005.1_ASM3693700v1_genomic
AT1G36970	CP137993.1	85.379	554	52	13	596	1148	13025420	13024895	3.58e-154	547	GCA_036937005.1_ASM3693700v1_genomic
AT1G36970	CP137993.1	95.506	89	4	0	1113	1201	13024909	13024821	1.97e-32	143	GCA_036937005.1_ASM3693700v1_genomic
AT1G36970	CP137992.1	82.764	615	88	16	2	608	3534665	3534061	1e-149	532	GCA_036937005.1_ASM3693700v1_genomic
AT1G36970	CP137992.1	82.602	615	89	16	2	608	3583182	3582578	4.66e-148	527	GCA_036937005.1_ASM3693700v1_genomic
AT1G36970	CP137992.1	80.272	441	53	13	715	1148	3582440	3582027	3.07e-80	302	GCA_036937005.1_ASM3693700v1_genomic
AT1G36970	CP137992.1	80.045	441	54	13	715	1148	3533923	3533510	1.43e-78	296	GCA_036937005.1_ASM3693700v1_genomic
AT1G36970	CP137992.1	93.023	86	6	0	1116	1201	3533521	3533436	1.99e-27	126	GCA_036937005.1_ASM3693700v1_genomic
AT1G36970	CP137992.1	91.86	86	7	0	1116	1201	3582038	3581953	9.24e-26	121	GCA_036937005.1_ASM3693700v1_genomic
AT3G31560	CP137993.1	95.556	270	12	0	3	272	13025034	13025303	2.32e-120	433	GCA_036937005.1_ASM3693700v1_genomic
AT3G31560	CP137993.1	94.834	271	12	2	3	272	13064184	13064453	5.01e-117	422	GCA_036937005.1_ASM3693700v1_genomic
AT3G31560	CP137993.1	97.861	187	4	0	271	457	13025400	13025586	1.45e-87	324	GCA_036937005.1_ASM3693700v1_genomic
AT3G31560	CP137993.1	96.791	187	6	0	271	457	13455624	13455810	3.15e-84	313	GCA_036937005.1_ASM3693700v1_genomic
AT3G31560	CP137993.1	94.118	187	6	1	271	457	13064550	13064731	3.19e-74	279	GCA_036937005.1_ASM3693700v1_genomic
AT3G31560	CP137992.1	87.248	298	31	3	3	296	3533649	3533943	2.42e-90	333	GCA_036937005.1_ASM3693700v1_genomic
AT3G31560	CP137992.1	87.248	298	31	3	3	296	3582166	3582460	2.42e-90	333	GCA_036937005.1_ASM3693700v1_genomic
AT3G31560	CP137992.1	94.444	162	8	1	296	457	13254746	13254906	9e-65	248	GCA_036937005.1_ASM3693700v1_genomic
AT3G31560	CP137991.1	89.167	240	26	0	33	272	13923765	13923526	2.45e-80	300	GCA_036937005.1_ASM3693700v1_genomic
AT4G05555	CP137991.1	89.653	1411	114	17	1	1407	16987095	16985713	0	1768	GCA_036937005.1_ASM3693700v1_genomic
AT4G05555	CP137991.1	90.607	873	77	5	496	1366	18623255	18624124	0	1153	GCA_036937005.1_ASM3693700v1_genomic
AT4G05555	CP137991.1	90.255	667	59	5	1507	2169	16959123	16958459	0	867	GCA_036937005.1_ASM3693700v1_genomic
AT4G05555	CP137991.1	83.679	723	101	14	1439	2154	13922691	13923403	0	665	GCA_036937005.1_ASM3693700v1_genomic
AT4G05555	CP137991.1	81.422	689	93	19	2163	2819	13923276	13923961	5.18e-149	531	GCA_036937005.1_ASM3693700v1_genomic
AT4G05555	CP137991.1	89.63	405	32	6	2413	2816	16958451	16958056	8.72e-142	507	GCA_036937005.1_ASM3693700v1_genomic
AT4G05555	CP137991.1	91.772	158	13	0	2659	2816	18624153	18624310	1.27e-55	220	GCA_036937005.1_ASM3693700v1_genomic
AT4G05555	CP137991.1	100	41	0	0	2782	2822	18624297	18624337	2.92e-12	76.8	GCA_036937005.1_ASM3693700v1_genomic
AT4G05555	CP137992.1	92.536	1246	66	10	1066	2310	3535139	3533920	0	1760	GCA_036937005.1_ASM3693700v1_genomic
AT4G05555	CP137992.1	92.456	1246	67	10	1066	2310	3583656	3582437	0	1755	GCA_036937005.1_ASM3693700v1_genomic
AT4G05555	CP137992.1	93.122	567	35	4	1	565	3535695	3535131	0	828	GCA_036937005.1_ASM3693700v1_genomic
AT4G05555	CP137992.1	93.122	567	35	4	1	565	3584212	3583648	0	828	GCA_036937005.1_ASM3693700v1_genomic
AT4G05555	CP137992.1	93.237	414	23	3	2408	2816	3582440	3582027	3.01e-171	604	GCA_036937005.1_ASM3693700v1_genomic
AT4G05555	CP137992.1	92.995	414	24	3	2408	2816	3533923	3533510	1.4e-169	599	GCA_036937005.1_ASM3693700v1_genomic
AT4G05555	CP137992.1	88.406	138	16	0	2032	2169	3534063	3533926	1.68e-39	167	GCA_036937005.1_ASM3693700v1_genomic
AT4G05555	CP137992.1	88.406	138	16	0	2032	2169	3582580	3582443	1.68e-39	167	GCA_036937005.1_ASM3693700v1_genomic
AT4G05555	CP137992.1	100	39	0	0	2784	2822	3533521	3533483	3.77e-11	73.1	GCA_036937005.1_ASM3693700v1_genomic
AT4G05555	CP137992.1	100	39	0	0	2784	2822	3582038	3582000	3.77e-11	73.1	GCA_036937005.1_ASM3693700v1_genomic
AT4G05555	CP137995.1	86.961	1089	134	8	95	1179	15012586	15011502	0	1218	GCA_036937005.1_ASM3693700v1_genomic
AT4G05555	CP137993.1	89.662	532	52	3	2287	2816	13025425	13024895	0	675	GCA_036937005.1_ASM3693700v1_genomic
AT4G05555	CP137993.1	87.638	542	57	8	2287	2822	13064575	13064038	2.99e-176	621	GCA_036937005.1_ASM3693700v1_genomic
AT4G05555	CP137993.1	97.561	41	1	0	2782	2822	13024908	13024868	1.36e-10	71.3	GCA_036937005.1_ASM3693700v1_genomic
AT1G36970	CP137996.1	98.986	1972	19	1	1	1972	13926690	13928660	0	3530	GCA_036937185.1_ASM3693718v1_genomic
AT1G36970	CP137996.1	87.397	484	60	1	1381	1864	18609823	18610305	2.14e-156	555	GCA_036937185.1_ASM3693718v1_genomic
AT1G36970	CP137996.1	87.19	484	59	3	1387	1869	16938080	16937599	3.59e-154	547	GCA_036937185.1_ASM3693718v1_genomic
AT1G36970	CP137996.1	89.308	159	15	2	991	1148	16939185	16939028	4.16e-49	198	GCA_036937185.1_ASM3693718v1_genomic
AT1G36970	CP137996.1	81.974	233	19	4	991	1201	18608724	18608955	1.95e-42	176	GCA_036937185.1_ASM3693718v1_genomic
AT1G36970	CP137996.1	95.745	94	4	0	1383	1476	13927903	13927996	3.29e-35	152	GCA_036937185.1_ASM3693718v1_genomic
AT1G36970	CP137996.1	94.681	94	5	0	1214	1307	13928071	13928164	1.53e-33	147	GCA_036937185.1_ASM3693718v1_genomic
AT1G36970	CP137998.1	87.912	546	63	3	1381	1925	13060053	13059510	0	640	GCA_036937185.1_ASM3693718v1_genomic
AT1G36970	CP137998.1	88.007	542	61	4	1381	1919	13451739	13451199	0	638	GCA_036937185.1_ASM3693718v1_genomic
AT1G36970	CP137998.1	87.85	535	62	3	1381	1913	13020884	13020351	1.61e-177	625	GCA_036937185.1_ASM3693718v1_genomic
AT1G36970	CP137998.1	84.893	609	60	22	596	1201	13061491	13060912	7.61e-166	586	GCA_036937185.1_ASM3693718v1_genomic
AT1G36970	CP137998.1	85.379	554	52	13	596	1148	13022341	13021816	3.59e-154	547	GCA_036937185.1_ASM3693718v1_genomic
AT1G36970	CP137998.1	95.506	89	4	0	1113	1201	13021830	13021742	1.98e-32	143	GCA_036937185.1_ASM3693718v1_genomic
AT1G36970	CP137997.1	83.415	615	84	15	2	608	3294799	3294195	2.14e-156	555	GCA_036937185.1_ASM3693718v1_genomic
AT1G36970	CP137997.1	89.031	392	41	2	1381	1771	3292701	3292311	2.85e-135	484	GCA_036937185.1_ASM3693718v1_genomic
AT1G36970	CP137997.1	80.272	441	52	12	715	1148	3294057	3293645	1.11e-79	300	GCA_036937185.1_ASM3693718v1_genomic
AT1G36970	CP137997.1	93.023	86	6	0	1116	1201	3293656	3293571	1.99e-27	126	GCA_036937185.1_ASM3693718v1_genomic
AT3G31560	CP137998.1	95.556	270	12	0	3	272	13021955	13022224	2.32e-120	433	GCA_036937185.1_ASM3693718v1_genomic
AT3G31560	CP137998.1	94.834	271	12	2	3	272	13061105	13061374	5.03e-117	422	GCA_036937185.1_ASM3693718v1_genomic
AT3G31560	CP137998.1	97.861	187	4	0	271	457	13022321	13022507	1.46e-87	324	GCA_036937185.1_ASM3693718v1_genomic
AT3G31560	CP137998.1	96.791	187	6	0	271	457	13452564	13452750	3.16e-84	313	GCA_036937185.1_ASM3693718v1_genomic
AT3G31560	CP137998.1	94.118	187	6	1	271	457	13061471	13061652	3.2e-74	279	GCA_036937185.1_ASM3693718v1_genomic
AT3G31560	CP137997.1	87.205	297	32	2	3	296	3293784	3294077	2.42e-90	333	GCA_036937185.1_ASM3693718v1_genomic
AT3G31560	CP137997.1	94.444	162	8	1	296	457	14654015	14654175	9.03e-65	248	GCA_036937185.1_ASM3693718v1_genomic
AT3G31560	CP137996.1	89.167	240	26	0	33	272	13927644	13927405	2.46e-80	300	GCA_036937185.1_ASM3693718v1_genomic
AT4G05555	CP137997.1	92.777	1246	63	9	1066	2310	3295273	3294054	0	1777	GCA_036937185.1_ASM3693718v1_genomic
AT4G05555	CP137997.1	93.122	567	35	4	1	565	3295829	3295265	0	828	GCA_036937185.1_ASM3693718v1_genomic
AT4G05555	CP137997.1	92.978	413	25	2	2408	2816	3294057	3293645	1.4e-169	599	GCA_036937185.1_ASM3693718v1_genomic
AT4G05555	CP137997.1	88.406	138	16	0	2032	2169	3294197	3294060	1.69e-39	167	GCA_036937185.1_ASM3693718v1_genomic
AT4G05555	CP137997.1	100	39	0	0	2784	2822	3293656	3293618	3.78e-11	73.1	GCA_036937185.1_ASM3693718v1_genomic
AT4G05555	CP137996.1	89.653	1411	114	17	1	1407	16968067	16966685	0	1768	GCA_036937185.1_ASM3693718v1_genomic
AT4G05555	CP137996.1	90.607	873	77	5	496	1366	18607826	18608695	0	1153	GCA_036937185.1_ASM3693718v1_genomic
AT4G05555	CP137996.1	90.255	667	59	5	1507	2169	16940095	16939431	0	867	GCA_036937185.1_ASM3693718v1_genomic
AT4G05555	CP137996.1	83.679	723	101	14	1439	2154	13926570	13927282	0	665	GCA_036937185.1_ASM3693718v1_genomic
AT4G05555	CP137996.1	81.422	689	93	19	2163	2819	13927155	13927840	5.19e-149	531	GCA_036937185.1_ASM3693718v1_genomic
AT4G05555	CP137996.1	89.63	405	32	6	2413	2816	16939423	16939028	8.75e-142	507	GCA_036937185.1_ASM3693718v1_genomic
AT4G05555	CP137996.1	91.772	158	13	0	2659	2816	18608724	18608881	1.28e-55	220	GCA_036937185.1_ASM3693718v1_genomic
AT4G05555	CP137996.1	100	41	0	0	2782	2822	18608868	18608908	2.93e-12	76.8	GCA_036937185.1_ASM3693718v1_genomic
AT4G05555	CP138000.1	86.961	1089	134	8	95	1179	14768320	14767236	0	1218	GCA_036937185.1_ASM3693718v1_genomic
AT4G05555	CP137998.1	89.662	532	52	3	2287	2816	13022346	13021816	0	675	GCA_036937185.1_ASM3693718v1_genomic
AT4G05555	CP137998.1	87.638	542	57	8	2287	2822	13061496	13060959	3e-176	621	GCA_036937185.1_ASM3693718v1_genomic
AT4G05555	CP137998.1	97.561	41	1	0	2782	2822	13021829	13021789	1.36e-10	71.3	GCA_036937185.1_ASM3693718v1_genomic
AT1G36970	CP138001.1	98.174	1972	16	2	1	1972	13924585	13926536	0	3424	GCA_036937335.1_ASM3693733v1_genomic
AT1G36970	CP138001.1	87.835	485	56	3	1381	1864	18685602	18686084	9.62e-160	566	GCA_036937335.1_ASM3693733v1_genomic
AT1G36970	CP138001.1	87.551	490	58	3	1381	1869	14464449	14464936	3.46e-159	564	GCA_036937335.1_ASM3693733v1_genomic
AT1G36970	CP138001.1	89.103	156	15	2	991	1145	14463732	14463886	1.88e-47	193	GCA_036937335.1_ASM3693733v1_genomic
AT1G36970	CP138001.1	81.545	233	20	4	991	1201	18684503	18684734	8.81e-41	171	GCA_036937335.1_ASM3693733v1_genomic
AT1G36970	CP138001.1	94.681	94	5	0	1214	1307	13925947	13926040	1.48e-33	147	GCA_036937335.1_ASM3693733v1_genomic
AT1G36970	CP138001.1	98.113	53	1	0	1383	1435	13925798	13925850	1.96e-17	93.5	GCA_036937335.1_ASM3693733v1_genomic
AT1G36970	CP138003.1	90.193	673	56	8	2	670	16025730	16026396	0	869	GCA_036937335.1_ASM3693733v1_genomic
AT1G36970	CP138003.1	87.744	563	63	6	1381	1942	12285631	12285074	0	652	GCA_036937335.1_ASM3693733v1_genomic
AT1G36970	CP138003.1	88.202	534	60	3	1381	1913	16027105	16027636	2.6e-180	634	GCA_036937335.1_ASM3693733v1_genomic
AT1G36970	CP138003.1	83.135	587	51	11	636	1201	12287015	12286456	1.66e-137	492	GCA_036937335.1_ASM3693733v1_genomic
AT1G36970	CP138003.1	92.086	139	11	0	716	854	12287156	12287018	1.45e-48	196	GCA_036937335.1_ASM3693733v1_genomic
AT1G36970	CP138002.1	82.927	615	87	16	2	608	4333592	4332988	2.1e-151	538	GCA_036937335.1_ASM3693733v1_genomic
AT1G36970	CP138002.1	82.602	615	89	16	2	608	4382119	4381515	4.54e-148	527	GCA_036937335.1_ASM3693733v1_genomic
AT1G36970	CP138002.1	80.272	441	53	13	715	1148	4381377	4380964	2.99e-80	302	GCA_036937335.1_ASM3693733v1_genomic
AT1G36970	CP138002.1	80.045	441	54	13	715	1148	4332850	4332437	1.39e-78	296	GCA_036937335.1_ASM3693733v1_genomic
AT1G36970	CP138002.1	93.023	86	6	0	1116	1201	4332448	4332363	1.93e-27	126	GCA_036937335.1_ASM3693733v1_genomic
AT1G36970	CP138002.1	91.86	86	7	0	1116	1201	4380975	4380890	9e-26	121	GCA_036937335.1_ASM3693733v1_genomic
AT3G31560	CP138003.1	99.08	326	3	0	132	457	12287016	12287341	1.64e-166	586	GCA_036937335.1_ASM3693733v1_genomic
AT3G31560	CP138003.1	96.691	272	9	0	1	272	12286667	12286938	1.73e-126	453	GCA_036937335.1_ASM3693733v1_genomic
AT3G31560	CP138002.1	87.248	298	31	3	3	296	4332576	4332870	2.35e-90	333	GCA_036937335.1_ASM3693733v1_genomic
AT3G31560	CP138002.1	87.248	298	31	3	3	296	4381103	4381397	2.35e-90	333	GCA_036937335.1_ASM3693733v1_genomic
AT3G31560	CP138002.1	95.062	162	7	1	296	457	13972238	13972398	1.88e-66	254	GCA_036937335.1_ASM3693733v1_genomic
AT3G31560	CP138001.1	89.167	240	26	0	33	272	13925539	13925300	2.39e-80	300	GCA_036937335.1_ASM3693733v1_genomic
AT4G05555	CP138002.1	92.616	1246	65	10	1066	2310	4334066	4332847	0	1766	GCA_036937335.1_ASM3693733v1_genomic
AT4G05555	CP138002.1	92.456	1246	67	10	1066	2310	4382593	4381374	0	1755	GCA_036937335.1_ASM3693733v1_genomic
AT4G05555	CP138002.1	93.122	567	35	4	1	565	4334622	4334058	0	828	GCA_036937335.1_ASM3693733v1_genomic
AT4G05555	CP138002.1	93.122	567	35	4	1	565	4383149	4382585	0	828	GCA_036937335.1_ASM3693733v1_genomic
AT4G05555	CP138002.1	93.237	414	23	3	2408	2816	4381377	4380964	2.93e-171	604	GCA_036937335.1_ASM3693733v1_genomic
AT4G05555	CP138002.1	92.995	414	24	3	2408	2816	4332850	4332437	1.36e-169	599	GCA_036937335.1_ASM3693733v1_genomic
AT4G05555	CP138002.1	88.406	138	16	0	2032	2169	4332990	4332853	1.64e-39	167	GCA_036937335.1_ASM3693733v1_genomic
AT4G05555	CP138002.1	88.406	138	16	0	2032	2169	4381517	4381380	1.64e-39	167	GCA_036937335.1_ASM3693733v1_genomic
AT4G05555	CP138002.1	100	39	0	0	2784	2822	4332448	4332410	3.67e-11	73.1	GCA_036937335.1_ASM3693733v1_genomic
AT4G05555	CP138002.1	100	39	0	0	2784	2822	4380975	4380937	3.67e-11	73.1	GCA_036937335.1_ASM3693733v1_genomic
AT4G05555	CP138003.1	89.847	1369	133	6	1	1366	16024217	16025582	0	1753	GCA_036937335.1_ASM3693733v1_genomic
AT4G05555	CP138003.1	88.903	766	80	4	1405	2169	16025573	16026334	0	939	GCA_036937335.1_ASM3693733v1_genomic
AT4G05555	CP138003.1	89.712	486	49	1	2332	2816	12287015	12286530	1.05e-175	619	GCA_036937335.1_ASM3693733v1_genomic
AT4G05555	CP138003.1	100	41	0	0	2782	2822	12286543	12286503	2.84e-12	76.8	GCA_036937335.1_ASM3693733v1_genomic
AT4G05555	CP138001.1	88.812	1162	78	14	353	1511	14344579	14343467	0	1378	GCA_036937335.1_ASM3693733v1_genomic
AT4G05555	CP138001.1	89.21	1038	86	16	1136	2169	18683252	18684267	0	1273	GCA_036937335.1_ASM3693733v1_genomic
AT4G05555	CP138001.1	90.555	667	57	5	1507	2169	14462822	14463486	0	878	GCA_036937335.1_ASM3693733v1_genomic
AT4G05555	CP138001.1	91.007	556	48	2	496	1051	18682456	18683009	0	749	GCA_036937335.1_ASM3693733v1_genomic
AT4G05555	CP138001.1	83.565	718	101	14	1444	2154	13924470	13925177	0	656	GCA_036937335.1_ASM3693733v1_genomic
AT4G05555	CP138001.1	81.422	689	93	19	2163	2819	13925050	13925735	5.04e-149	531	GCA_036937335.1_ASM3693733v1_genomic
AT4G05555	CP138001.1	89.552	402	32	6	2413	2813	14463494	14463886	3.95e-140	501	GCA_036937335.1_ASM3693733v1_genomic
AT4G05555	CP138001.1	86.42	405	33	13	2414	2816	18684276	18684660	8.8e-117	424	GCA_036937335.1_ASM3693733v1_genomic
AT4G05555	CP138001.1	100	35	0	0	2788	2822	18684653	18684687	6.15e-09	65.8	GCA_036937335.1_ASM3693733v1_genomic
AT4G05555	CP138001.1	100	29	0	0	2794	2822	14463888	14463916	1.33e-05	54.7	GCA_036937335.1_ASM3693733v1_genomic
AT4G05555	CP138005.1	86.905	1092	135	8	92	1179	13855745	13856832	0	1218	GCA_036937335.1_ASM3693733v1_genomic
AT1G36970	CP138006.1	98.073	1972	18	2	1	1972	13847816	13849767	0	3413	GCA_036937385.1_ASM3693738v1_genomic
AT1G36970	CP138006.1	86.708	489	65	0	1381	1869	19660414	19659926	4.6e-153	544	GCA_036937385.1_ASM3693738v1_genomic
AT1G36970	CP138006.1	88.679	159	16	2	991	1148	19661505	19661348	1.92e-47	193	GCA_036937385.1_ASM3693738v1_genomic
AT1G36970	CP138006.1	94.681	94	5	0	1214	1307	13849178	13849271	1.51e-33	147	GCA_036937385.1_ASM3693738v1_genomic
AT1G36970	CP138006.1	98.113	53	1	0	1383	1435	13849029	13849081	2e-17	93.5	GCA_036937385.1_ASM3693738v1_genomic
AT1G36970	CP138008.1	90.193	673	56	8	2	670	16861066	16861732	0	869	GCA_036937385.1_ASM3693738v1_genomic
AT1G36970	CP138008.1	88.202	534	60	3	1381	1913	16862441	16862972	2.65e-180	634	GCA_036937385.1_ASM3693738v1_genomic
AT1G36970	CP138007.1	82.927	615	87	16	2	608	3390243	3389639	2.14e-151	538	GCA_036937385.1_ASM3693738v1_genomic
AT1G36970	CP138007.1	82.602	615	89	16	2	608	3433313	3432709	4.63e-148	527	GCA_036937385.1_ASM3693738v1_genomic
AT1G36970	CP138007.1	80.272	441	53	13	715	1148	3432571	3432158	3.06e-80	302	GCA_036937385.1_ASM3693738v1_genomic
AT1G36970	CP138007.1	80.045	441	54	13	715	1148	3389501	3389088	1.42e-78	296	GCA_036937385.1_ASM3693738v1_genomic
AT1G36970	CP138007.1	93.023	86	6	0	1116	1201	3389099	3389014	1.97e-27	126	GCA_036937385.1_ASM3693738v1_genomic
AT1G36970	CP138007.1	91.86	86	7	0	1116	1201	3432169	3432084	9.18e-26	121	GCA_036937385.1_ASM3693738v1_genomic
AT3G31560	CP138007.1	87.248	298	31	3	3	296	3389227	3389521	2.4e-90	333	GCA_036937385.1_ASM3693738v1_genomic
AT3G31560	CP138007.1	87.248	298	31	3	3	296	3432297	3432591	2.4e-90	333	GCA_036937385.1_ASM3693738v1_genomic
AT3G31560	CP138007.1	95.062	162	7	1	296	457	12119456	12119616	1.92e-66	254	GCA_036937385.1_ASM3693738v1_genomic
AT3G31560	CP138006.1	89.167	240	26	0	33	272	13848770	13848531	2.44e-80	300	GCA_036937385.1_ASM3693738v1_genomic
AT4G05555	CP138006.1	91.502	2177	155	14	1	2169	19663905	19661751	0	2968	GCA_036937385.1_ASM3693738v1_genomic
AT4G05555	CP138006.1	88.832	1164	79	13	350	1511	15212592	15213706	0	1382	GCA_036937385.1_ASM3693738v1_genomic
AT4G05555	CP138006.1	83.402	723	103	14	1439	2154	13847696	13848408	0	654	GCA_036937385.1_ASM3693738v1_genomic
AT4G05555	CP138006.1	81.422	689	93	19	2163	2819	13848281	13848966	5.14e-149	531	GCA_036937385.1_ASM3693738v1_genomic
AT4G05555	CP138006.1	89.877	405	31	6	2413	2816	19661743	19661348	1.86e-143	512	GCA_036937385.1_ASM3693738v1_genomic
AT4G05555	CP138007.1	92.616	1246	65	10	1066	2310	3390717	3389498	0	1766	GCA_036937385.1_ASM3693738v1_genomic
AT4G05555	CP138007.1	92.456	1246	67	10	1066	2310	3433787	3432568	0	1755	GCA_036937385.1_ASM3693738v1_genomic
AT4G05555	CP138007.1	93.122	567	35	4	1	565	3391273	3390709	0	828	GCA_036937385.1_ASM3693738v1_genomic
AT4G05555	CP138007.1	93.122	567	35	4	1	565	3434343	3433779	0	828	GCA_036937385.1_ASM3693738v1_genomic
AT4G05555	CP138007.1	93.237	414	23	3	2408	2816	3432571	3432158	2.99e-171	604	GCA_036937385.1_ASM3693738v1_genomic
AT4G05555	CP138007.1	92.995	414	24	3	2408	2816	3389501	3389088	1.39e-169	599	GCA_036937385.1_ASM3693738v1_genomic
AT4G05555	CP138007.1	88.406	138	16	0	2032	2169	3389641	3389504	1.67e-39	167	GCA_036937385.1_ASM3693738v1_genomic
AT4G05555	CP138007.1	88.406	138	16	0	2032	2169	3432711	3432574	1.67e-39	167	GCA_036937385.1_ASM3693738v1_genomic
AT4G05555	CP138007.1	100	39	0	0	2784	2822	3389099	3389061	3.75e-11	73.1	GCA_036937385.1_ASM3693738v1_genomic
AT4G05555	CP138007.1	100	39	0	0	2784	2822	3432169	3432131	3.75e-11	73.1	GCA_036937385.1_ASM3693738v1_genomic
AT4G05555	CP138008.1	89.847	1369	133	6	1	1366	16859553	16860918	0	1753	GCA_036937385.1_ASM3693738v1_genomic
AT4G05555	CP138008.1	88.903	766	80	4	1405	2169	16860909	16861670	0	939	GCA_036937385.1_ASM3693738v1_genomic
AT1G36970	CP138016.1	99.797	1972	4	0	1	1972	14209484	14211455	0	3620	GCA_036937455.1_ASM3693745v1_genomic
AT1G36970	CP138016.1	88.041	485	55	3	1381	1864	17285892	17286374	2.03e-161	571	GCA_036937455.1_ASM3693745v1_genomic
AT1G36970	CP138016.1	82.403	233	18	4	991	1201	17284793	17285024	3.99e-44	182	GCA_036937455.1_ASM3693745v1_genomic
AT1G36970	CP138016.1	95.745	94	4	0	1383	1476	14210697	14210790	3.13e-35	152	GCA_036937455.1_ASM3693745v1_genomic
AT1G36970	CP138016.1	94.681	94	5	0	1214	1307	14210866	14210959	1.46e-33	147	GCA_036937455.1_ASM3693745v1_genomic
AT1G36970	CP138018.1	90.625	672	56	7	2	670	18366963	18367630	0	885	GCA_036937455.1_ASM3693745v1_genomic
AT1G36970	CP138018.1	88.015	534	61	3	1381	1913	18368339	18368870	1.19e-178	628	GCA_036937455.1_ASM3693745v1_genomic
AT1G36970	CP138019.1	84.975	599	79	9	1	593	3023390	3023983	3.35e-169	597	GCA_036937455.1_ASM3693745v1_genomic
AT1G36970	CP138019.1	81.732	739	100	20	466	1201	3023992	3024698	2.6e-165	584	GCA_036937455.1_ASM3693745v1_genomic
AT1G36970	CP138019.1	85.234	535	75	4	1381	1913	3025565	3026097	3.42e-154	547	GCA_036937455.1_ASM3693745v1_genomic
AT1G36970	CP138017.1	86.162	542	68	7	1381	1919	3539255	3538718	1.21e-163	579	GCA_036937455.1_ASM3693745v1_genomic
AT1G36970	CP138017.1	83.089	615	86	16	2	608	3541350	3540746	4.42e-153	544	GCA_036937455.1_ASM3693745v1_genomic
AT1G36970	CP138017.1	80.455	440	53	12	715	1148	3540608	3540196	2.27e-81	305	GCA_036937455.1_ASM3693745v1_genomic
AT1G36970	CP138017.1	93.023	86	6	0	1116	1201	3540207	3540122	1.9e-27	126	GCA_036937455.1_ASM3693745v1_genomic
AT3G31560	CP138017.1	87.879	297	30	2	3	296	3540335	3540628	1.07e-93	344	GCA_036937455.1_ASM3693745v1_genomic
AT3G31560	CP138017.1	95.062	162	7	1	296	457	12809167	12809327	1.85e-66	254	GCA_036937455.1_ASM3693745v1_genomic
AT3G31560	CP138019.1	88.889	270	29	1	3	272	3024506	3024238	8.3e-90	331	GCA_036937455.1_ASM3693745v1_genomic
AT3G31560	CP138016.1	88.75	240	27	0	33	272	14210438	14210199	1.09e-78	294	GCA_036937455.1_ASM3693745v1_genomic
AT4G05555	CP138019.1	98.796	2824	15	2	1	2823	3021847	3024652	0	5009	GCA_036937455.1_ASM3693745v1_genomic
AT4G05555	CP138019.1	88.406	138	16	0	2167	2304	3023861	3023998	1.61e-39	167	GCA_036937455.1_ASM3693745v1_genomic
AT4G05555	CP138019.1	86.184	152	18	2	2032	2183	3023996	3024144	7.48e-38	161	GCA_036937455.1_ASM3693745v1_genomic
AT4G05555	CP138018.1	89.993	1369	131	6	1	1366	18365450	18366815	0	1764	GCA_036937455.1_ASM3693745v1_genomic
AT4G05555	CP138018.1	89.295	766	78	3	1405	2169	18366806	18367568	0	957	GCA_036937455.1_ASM3693745v1_genomic
AT4G05555	CP138017.1	92.295	1246	69	9	1066	2310	3541824	3540605	0	1744	GCA_036937455.1_ASM3693745v1_genomic
AT4G05555	CP138017.1	92.416	567	39	4	1	565	3542380	3541816	0	806	GCA_036937455.1_ASM3693745v1_genomic
AT4G05555	CP138017.1	93.462	413	23	2	2408	2816	3540608	3540196	6.18e-173	610	GCA_036937455.1_ASM3693745v1_genomic
AT4G05555	CP138017.1	88.406	138	16	0	2032	2169	3540748	3540611	1.61e-39	167	GCA_036937455.1_ASM3693745v1_genomic
AT4G05555	CP138017.1	100	39	0	0	2784	2822	3540207	3540169	3.6e-11	73.1	GCA_036937455.1_ASM3693745v1_genomic
AT4G05555	CP138016.1	90.847	874	74	5	496	1366	17283894	17284764	0	1166	GCA_036937455.1_ASM3693745v1_genomic
AT4G05555	CP138016.1	84.232	723	97	14	1439	2154	14209364	14210076	0	688	GCA_036937455.1_ASM3693745v1_genomic
AT4G05555	CP138016.1	81.358	692	88	23	2163	2819	14209949	14210634	2.3e-147	525	GCA_036937455.1_ASM3693745v1_genomic
AT4G05555	CP138016.1	91.772	158	13	0	2659	2816	17284793	17284950	1.22e-55	220	GCA_036937455.1_ASM3693745v1_genomic
AT4G05555	CP138016.1	100	41	0	0	2782	2822	17284937	17284977	2.79e-12	76.8	GCA_036937455.1_ASM3693745v1_genomic
AT1G36970	CP138011.1	99.696	1972	6	0	1	1972	13967394	13969365	0	3609	GCA_036937465.1_ASM3693746v1_genomic
AT1G36970	CP138011.1	88.041	485	55	3	1381	1864	20576031	20576513	2.1e-161	571	GCA_036937465.1_ASM3693746v1_genomic
AT1G36970	CP138011.1	82.403	233	18	4	991	1201	20574932	20575163	4.13e-44	182	GCA_036937465.1_ASM3693746v1_genomic
AT1G36970	CP138011.1	95.745	94	4	0	1383	1476	13968607	13968700	3.24e-35	152	GCA_036937465.1_ASM3693746v1_genomic
AT1G36970	CP138011.1	95.745	94	4	0	1214	1307	13968776	13968869	3.24e-35	152	GCA_036937465.1_ASM3693746v1_genomic
AT1G36970	CP138013.1	90.639	673	54	9	2	670	18972153	18972820	0	885	GCA_036937465.1_ASM3693746v1_genomic
AT1G36970	CP138013.1	87.766	564	62	7	1381	1942	13005452	13004894	0	652	GCA_036937465.1_ASM3693746v1_genomic
AT1G36970	CP138013.1	88.202	534	60	3	1381	1913	18973529	18974060	2.64e-180	634	GCA_036937465.1_ASM3693746v1_genomic
AT1G36970	CP138013.1	87.085	542	66	4	1381	1919	13314745	13314205	4.44e-173	610	GCA_036937465.1_ASM3693746v1_genomic
AT1G36970	CP138013.1	82.964	587	52	11	636	1201	13006872	13006313	7.81e-136	486	GCA_036937465.1_ASM3693746v1_genomic
AT1G36970	CP138013.1	92.086	139	11	0	716	854	13007013	13006875	1.47e-48	196	GCA_036937465.1_ASM3693746v1_genomic
AT1G36970	CP138014.1	81.978	738	100	19	466	1201	2996523	2997229	1.24e-168	595	GCA_036937465.1_ASM3693746v1_genomic
AT1G36970	CP138014.1	84.808	599	80	9	1	593	2995921	2996514	1.61e-167	592	GCA_036937465.1_ASM3693746v1_genomic
AT1G36970	CP138014.1	84.644	534	78	4	1382	1913	2998097	2998628	1.28e-148	529	GCA_036937465.1_ASM3693746v1_genomic
AT1G36970	CP138012.1	83.089	615	86	16	2	608	3131521	3130917	4.57e-153	544	GCA_036937465.1_ASM3693746v1_genomic
AT1G36970	CP138012.1	82.927	615	87	16	2	608	3173868	3173264	2.13e-151	538	GCA_036937465.1_ASM3693746v1_genomic
AT1G36970	CP138012.1	80.272	441	53	13	715	1148	3173126	3172713	3.04e-80	302	GCA_036937465.1_ASM3693746v1_genomic
AT1G36970	CP138012.1	80.045	441	54	13	715	1148	3130779	3130366	1.41e-78	296	GCA_036937465.1_ASM3693746v1_genomic
AT1G36970	CP138012.1	93.023	86	6	0	1116	1201	3130377	3130292	1.96e-27	126	GCA_036937465.1_ASM3693746v1_genomic
AT1G36970	CP138012.1	91.86	86	7	0	1116	1201	3172724	3172639	9.13e-26	121	GCA_036937465.1_ASM3693746v1_genomic
AT3G31560	CP138013.1	99.387	326	2	0	132	457	13006873	13007198	3.57e-168	592	GCA_036937465.1_ASM3693746v1_genomic
AT3G31560	CP138013.1	96.324	272	10	0	1	272	13006524	13006795	8.17e-125	448	GCA_036937465.1_ASM3693746v1_genomic
AT3G31560	CP138013.1	95.722	187	5	1	271	457	13315570	13315753	8.71e-80	298	GCA_036937465.1_ASM3693746v1_genomic
AT3G31560	CP138014.1	89.63	270	27	1	3	272	2997037	2996769	3.97e-93	342	GCA_036937465.1_ASM3693746v1_genomic
AT3G31560	CP138012.1	87.248	298	31	3	3	296	3130505	3130799	2.39e-90	333	GCA_036937465.1_ASM3693746v1_genomic
AT3G31560	CP138012.1	87.248	298	31	3	3	296	3172852	3173146	2.39e-90	333	GCA_036937465.1_ASM3693746v1_genomic
AT3G31560	CP138012.1	95.062	162	7	1	296	457	12017239	12017399	1.91e-66	254	GCA_036937465.1_ASM3693746v1_genomic
AT3G31560	CP138011.1	88.75	240	27	0	33	272	13968348	13968109	1.13e-78	294	GCA_036937465.1_ASM3693746v1_genomic
AT4G05555	CP138014.1	97.251	2765	43	2	59	2823	2994452	2997183	0	4654	GCA_036937465.1_ASM3693746v1_genomic
AT4G05555	CP138014.1	87.5	152	16	2	2032	2183	2996527	2996675	3.57e-41	172	GCA_036937465.1_ASM3693746v1_genomic
AT4G05555	CP138014.1	88.406	138	16	0	2167	2304	2996392	2996529	1.66e-39	167	GCA_036937465.1_ASM3693746v1_genomic
AT4G05555	CP138011.1	88.911	1515	114	16	1	1511	14585682	14584218	0	1818	GCA_036937465.1_ASM3693746v1_genomic
AT4G05555	CP138011.1	90.847	874	74	5	496	1366	20574033	20574903	0	1166	GCA_036937465.1_ASM3693746v1_genomic
AT4G05555	CP138011.1	84.371	723	96	14	1439	2154	13967274	13967986	0	693	GCA_036937465.1_ASM3693746v1_genomic
AT4G05555	CP138011.1	81.358	692	88	23	2163	2819	13967859	13968544	2.38e-147	525	GCA_036937465.1_ASM3693746v1_genomic
AT4G05555	CP138011.1	91.772	158	13	0	2659	2816	20574932	20575089	1.26e-55	220	GCA_036937465.1_ASM3693746v1_genomic
AT4G05555	CP138011.1	100	41	0	0	2782	2822	20575076	20575116	2.88e-12	76.8	GCA_036937465.1_ASM3693746v1_genomic
AT4G05555	CP138012.1	92.616	1246	65	10	1066	2310	3174342	3173123	0	1766	GCA_036937465.1_ASM3693746v1_genomic
AT4G05555	CP138012.1	94.261	941	50	3	1370	2310	3131712	3130776	0	1435	GCA_036937465.1_ASM3693746v1_genomic
AT4G05555	CP138012.1	92.945	567	36	4	1	565	3174898	3174334	0	822	GCA_036937465.1_ASM3693746v1_genomic
AT4G05555	CP138012.1	93.237	414	23	3	2408	2816	3173126	3172713	2.97e-171	604	GCA_036937465.1_ASM3693746v1_genomic
AT4G05555	CP138012.1	92.995	414	24	3	2408	2816	3130779	3130366	1.38e-169	599	GCA_036937465.1_ASM3693746v1_genomic
AT4G05555	CP138012.1	88.406	138	16	0	2032	2169	3130919	3130782	1.66e-39	167	GCA_036937465.1_ASM3693746v1_genomic
AT4G05555	CP138012.1	88.406	138	16	0	2032	2169	3173266	3173129	1.66e-39	167	GCA_036937465.1_ASM3693746v1_genomic
AT4G05555	CP138012.1	100	39	0	0	2784	2822	3130377	3130339	3.73e-11	73.1	GCA_036937465.1_ASM3693746v1_genomic
AT4G05555	CP138012.1	100	39	0	0	2784	2822	3172724	3172686	3.73e-11	73.1	GCA_036937465.1_ASM3693746v1_genomic
AT4G05555	CP138013.1	89.861	1371	131	7	1	1366	18970638	18972005	0	1755	GCA_036937465.1_ASM3693746v1_genomic
AT4G05555	CP138013.1	89.164	766	79	3	1405	2169	18971996	18972758	0	952	GCA_036937465.1_ASM3693746v1_genomic
AT4G05555	CP138013.1	89.506	486	50	1	2332	2816	13006872	13006387	4.94e-174	614	GCA_036937465.1_ASM3693746v1_genomic
AT4G05555	CP138013.1	100	41	0	0	2782	2822	13006400	13006360	2.88e-12	76.8	GCA_036937465.1_ASM3693746v1_genomic
AT4G05555	CP138015.1	86.996	1092	134	8	92	1179	12507883	12508970	0	1223	GCA_036937465.1_ASM3693746v1_genomic
AT1G36970	CP138021.1	98.174	1972	16	2	1	1972	13811716	13813667	0	3424	GCA_036937475.1_ASM3693747v1_genomic
AT1G36970	CP138021.1	87.551	490	58	3	1381	1869	14316815	14317302	3.47e-159	564	GCA_036937475.1_ASM3693747v1_genomic
AT1G36970	CP138021.1	86.503	489	66	0	1381	1869	18195158	18194670	2.1e-151	538	GCA_036937475.1_ASM3693747v1_genomic
AT1G36970	CP138021.1	88.679	159	16	2	991	1148	18196249	18196092	1.88e-47	193	GCA_036937475.1_ASM3693747v1_genomic
AT1G36970	CP138021.1	88.462	156	16	2	991	1145	14316098	14316252	8.77e-46	187	GCA_036937475.1_ASM3693747v1_genomic
AT1G36970	CP138021.1	94.681	94	5	0	1214	1307	13813078	13813171	1.49e-33	147	GCA_036937475.1_ASM3693747v1_genomic
AT1G36970	CP138021.1	98.113	53	1	0	1383	1435	13812929	13812981	1.97e-17	93.5	GCA_036937475.1_ASM3693747v1_genomic
AT1G36970	CP138023.1	90.193	673	56	8	2	670	16309332	16309998	0	869	GCA_036937475.1_ASM3693747v1_genomic
AT1G36970	CP138023.1	88.202	534	60	3	1381	1913	16310707	16311238	2.6e-180	634	GCA_036937475.1_ASM3693747v1_genomic
AT1G36970	CP138022.1	83.089	615	86	16	2	608	3152595	3151991	4.52e-153	544	GCA_036937475.1_ASM3693747v1_genomic
AT1G36970	CP138022.1	80.65	615	84	24	2	608	3201103	3200516	4.71e-123	444	GCA_036937475.1_ASM3693747v1_genomic
AT1G36970	CP138022.1	80.045	441	54	13	715	1148	3151853	3151440	1.4e-78	296	GCA_036937475.1_ASM3693747v1_genomic
AT1G36970	CP138022.1	80.09	442	53	13	715	1148	3200378	3199964	1.4e-78	296	GCA_036937475.1_ASM3693747v1_genomic
AT1G36970	CP138022.1	93.023	86	6	0	1116	1201	3151451	3151366	1.94e-27	126	GCA_036937475.1_ASM3693747v1_genomic
AT1G36970	CP138022.1	91.86	86	7	0	1116	1201	3199975	3199890	9.02e-26	121	GCA_036937475.1_ASM3693747v1_genomic
AT3G31560	CP138022.1	87.248	298	31	3	3	296	3151579	3151873	2.36e-90	333	GCA_036937475.1_ASM3693747v1_genomic
AT3G31560	CP138022.1	86.957	299	31	3	3	296	3200103	3200398	3.05e-89	329	GCA_036937475.1_ASM3693747v1_genomic
AT3G31560	CP138022.1	95.062	162	7	1	296	457	12639191	12639351	1.89e-66	254	GCA_036937475.1_ASM3693747v1_genomic
AT3G31560	CP138021.1	89.167	240	26	0	33	272	13812670	13812431	2.39e-80	300	GCA_036937475.1_ASM3693747v1_genomic
AT4G05555	CP138021.1	91.548	2177	154	14	1	2169	18198648	18196494	0	2974	GCA_036937475.1_ASM3693747v1_genomic
AT4G05555	CP138021.1	90.405	667	58	5	1507	2169	14315188	14315852	0	872	GCA_036937475.1_ASM3693747v1_genomic
AT4G05555	CP138021.1	83.565	718	101	14	1444	2154	13811601	13812308	0	656	GCA_036937475.1_ASM3693747v1_genomic
AT4G05555	CP138021.1	81.422	689	93	19	2163	2819	13812181	13812866	5.05e-149	531	GCA_036937475.1_ASM3693747v1_genomic
AT4G05555	CP138021.1	89.383	405	32	7	2413	2816	18196486	18196092	1.42e-139	499	GCA_036937475.1_ASM3693747v1_genomic
AT4G05555	CP138021.1	89.303	402	33	6	2413	2813	14315860	14316252	1.84e-138	496	GCA_036937475.1_ASM3693747v1_genomic
AT4G05555	CP138021.1	100	29	0	0	2794	2822	14316254	14316282	1.33e-05	54.7	GCA_036937475.1_ASM3693747v1_genomic
AT4G05555	CP138022.1	92.697	1246	64	10	1066	2310	3153069	3151850	0	1772	GCA_036937475.1_ASM3693747v1_genomic
AT4G05555	CP138022.1	91.332	1246	64	11	1066	2310	3201577	3200375	0	1663	GCA_036937475.1_ASM3693747v1_genomic
AT4G05555	CP138022.1	93.122	567	35	4	1	565	3153625	3153061	0	828	GCA_036937475.1_ASM3693747v1_genomic
AT4G05555	CP138022.1	93.122	567	35	4	1	565	3202133	3201569	0	828	GCA_036937475.1_ASM3693747v1_genomic
AT4G05555	CP138022.1	93.012	415	23	3	2408	2816	3200378	3199964	3.8e-170	601	GCA_036937475.1_ASM3693747v1_genomic
AT4G05555	CP138022.1	92.995	414	24	3	2408	2816	3151853	3151440	1.37e-169	599	GCA_036937475.1_ASM3693747v1_genomic
AT4G05555	CP138022.1	88.406	138	16	0	2032	2169	3151993	3151856	1.64e-39	167	GCA_036937475.1_ASM3693747v1_genomic
AT4G05555	CP138022.1	88.406	138	16	0	2032	2169	3200518	3200381	1.64e-39	167	GCA_036937475.1_ASM3693747v1_genomic
AT4G05555	CP138022.1	100	39	0	0	2784	2822	3151451	3151413	3.68e-11	73.1	GCA_036937475.1_ASM3693747v1_genomic
AT4G05555	CP138022.1	100	39	0	0	2784	2822	3199975	3199937	3.68e-11	73.1	GCA_036937475.1_ASM3693747v1_genomic
AT4G05555	CP138023.1	89.847	1369	133	6	1	1366	16307819	16309184	0	1753	GCA_036937475.1_ASM3693747v1_genomic
AT4G05555	CP138023.1	88.903	766	80	4	1405	2169	16309175	16309936	0	939	GCA_036937475.1_ASM3693747v1_genomic
AT4G05555	CP138025.1	86.905	1092	135	8	92	1179	12940256	12941343	0	1218	GCA_036937475.1_ASM3693747v1_genomic
AT1G36970	CP138026.1	98.073	1972	18	2	1	1972	13996811	13998762	0	3413	GCA_036937505.1_ASM3693750v1_genomic
AT1G36970	CP138026.1	86.708	489	65	0	1381	1869	18601244	18600756	4.43e-153	544	GCA_036937505.1_ASM3693750v1_genomic
AT1G36970	CP138026.1	88.679	159	16	2	991	1148	18602335	18602178	1.85e-47	193	GCA_036937505.1_ASM3693750v1_genomic
AT1G36970	CP138026.1	94.681	94	5	0	1214	1307	13998173	13998266	1.46e-33	147	GCA_036937505.1_ASM3693750v1_genomic
AT1G36970	CP138026.1	98.113	53	1	0	1383	1435	13998024	13998076	1.93e-17	93.5	GCA_036937505.1_ASM3693750v1_genomic
AT1G36970	CP138029.1	82.385	738	97	16	466	1201	3113019	3113725	1.2e-173	612	GCA_036937505.1_ASM3693750v1_genomic
AT1G36970	CP138029.1	84.307	599	83	9	1	593	3112417	3113010	1.57e-162	575	GCA_036937505.1_ASM3693750v1_genomic
AT1G36970	CP138029.1	84.991	533	78	2	1382	1913	3114593	3115124	5.73e-152	540	GCA_036937505.1_ASM3693750v1_genomic
AT1G36970	CP138027.1	82.927	615	87	16	2	608	3763298	3762694	2.06e-151	538	GCA_036937505.1_ASM3693750v1_genomic
AT1G36970	CP138027.1	82.602	615	89	16	2	608	3811839	3811235	4.46e-148	527	GCA_036937505.1_ASM3693750v1_genomic
AT1G36970	CP138027.1	80.272	441	53	13	715	1148	3811097	3810684	2.94e-80	302	GCA_036937505.1_ASM3693750v1_genomic
AT1G36970	CP138027.1	80.045	441	54	13	715	1148	3762556	3762143	1.37e-78	296	GCA_036937505.1_ASM3693750v1_genomic
AT1G36970	CP138027.1	93.023	86	6	0	1116	1201	3762154	3762069	1.9e-27	126	GCA_036937505.1_ASM3693750v1_genomic
AT1G36970	CP138027.1	91.86	86	7	0	1116	1201	3810695	3810610	8.84e-26	121	GCA_036937505.1_ASM3693750v1_genomic
AT3G31560	CP138029.1	90	270	26	1	3	272	3113533	3113265	8.26e-95	348	GCA_036937505.1_ASM3693750v1_genomic
AT3G31560	CP138027.1	87.248	298	31	3	3	296	3762282	3762576	2.31e-90	333	GCA_036937505.1_ASM3693750v1_genomic
AT3G31560	CP138027.1	87.248	298	31	3	3	296	3810823	3811117	2.31e-90	333	GCA_036937505.1_ASM3693750v1_genomic
AT3G31560	CP138027.1	95.062	162	7	1	296	457	13416903	13417063	1.85e-66	254	GCA_036937505.1_ASM3693750v1_genomic
AT3G31560	CP138026.1	89.167	240	26	0	33	272	13997765	13997526	2.35e-80	300	GCA_036937505.1_ASM3693750v1_genomic
AT4G05555	CP138029.1	97.662	2823	48	1	1	2823	3110875	3113679	0	4831	GCA_036937505.1_ASM3693750v1_genomic
AT4G05555	CP138029.1	88.406	138	16	0	2032	2169	3113023	3113160	1.61e-39	167	GCA_036937505.1_ASM3693750v1_genomic
AT4G05555	CP138026.1	91.502	2177	155	14	1	2169	18604735	18602581	0	2968	GCA_036937505.1_ASM3693750v1_genomic
AT4G05555	CP138026.1	83.402	723	103	14	1439	2154	13996691	13997403	0	654	GCA_036937505.1_ASM3693750v1_genomic
AT4G05555	CP138026.1	81.422	689	93	19	2163	2819	13997276	13997961	4.95e-149	531	GCA_036937505.1_ASM3693750v1_genomic
AT4G05555	CP138026.1	89.877	405	31	6	2413	2816	18602573	18602178	1.79e-143	512	GCA_036937505.1_ASM3693750v1_genomic
AT4G05555	CP138027.1	92.616	1246	65	10	1066	2310	3763772	3762553	0	1766	GCA_036937505.1_ASM3693750v1_genomic
AT4G05555	CP138027.1	92.456	1246	67	10	1066	2310	3812313	3811094	0	1755	GCA_036937505.1_ASM3693750v1_genomic
AT4G05555	CP138027.1	93.122	567	35	4	1	565	3764328	3763764	0	828	GCA_036937505.1_ASM3693750v1_genomic
AT4G05555	CP138027.1	93.122	567	35	4	1	565	3812869	3812305	0	828	GCA_036937505.1_ASM3693750v1_genomic
AT4G05555	CP138027.1	93.237	414	23	3	2408	2816	3811097	3810684	2.88e-171	604	GCA_036937505.1_ASM3693750v1_genomic
AT4G05555	CP138027.1	92.995	414	24	3	2408	2816	3762556	3762143	1.34e-169	599	GCA_036937505.1_ASM3693750v1_genomic
AT4G05555	CP138027.1	88.406	138	16	0	2032	2169	3762696	3762559	1.61e-39	167	GCA_036937505.1_ASM3693750v1_genomic
AT4G05555	CP138027.1	88.406	138	16	0	2032	2169	3811237	3811100	1.61e-39	167	GCA_036937505.1_ASM3693750v1_genomic
AT4G05555	CP138027.1	100	39	0	0	2784	2822	3762154	3762116	3.61e-11	73.1	GCA_036937505.1_ASM3693750v1_genomic
AT4G05555	CP138027.1	100	39	0	0	2784	2822	3810695	3810657	3.61e-11	73.1	GCA_036937505.1_ASM3693750v1_genomic
AT4G05555	CP138030.1	86.905	1092	135	8	92	1179	13718834	13719921	0	1218	GCA_036937505.1_ASM3693750v1_genomic
AT1G36970	CP138031.1	99.746	1972	5	0	1	1972	14071392	14073363	0	3615	GCA_036937515.1_ASM3693751v1_genomic
AT1G36970	CP138031.1	88.454	485	53	3	1381	1864	19104856	19105338	9.61e-165	582	GCA_036937515.1_ASM3693751v1_genomic
AT1G36970	CP138031.1	82.403	233	18	4	991	1201	19103757	19103988	4.09e-44	182	GCA_036937515.1_ASM3693751v1_genomic
AT1G36970	CP138031.1	95.745	94	4	0	1383	1476	14072605	14072698	3.21e-35	152	GCA_036937515.1_ASM3693751v1_genomic
AT1G36970	CP138031.1	95.745	94	4	0	1214	1307	14072774	14072867	3.21e-35	152	GCA_036937515.1_ASM3693751v1_genomic
AT1G36970	CP138033.1	87.823	542	61	5	1381	1919	12903136	12902597	3.38e-179	630	GCA_036937515.1_ASM3693751v1_genomic
AT1G36970	CP138033.1	83.673	588	46	13	636	1201	12904554	12903995	1.65e-142	508	GCA_036937515.1_ASM3693751v1_genomic
AT1G36970	CP138033.1	88.417	259	27	1	596	854	12904812	12904557	1.8e-82	309	GCA_036937515.1_ASM3693751v1_genomic
AT1G36970	CP138034.1	84.808	599	80	9	1	593	3036484	3037077	1.6e-167	592	GCA_036937515.1_ASM3693751v1_genomic
AT1G36970	CP138034.1	81.671	742	95	23	466	1201	3037086	3037792	1.24e-163	579	GCA_036937515.1_ASM3693751v1_genomic
AT1G36970	CP138032.1	86.531	542	66	7	1381	1919	3956679	3956142	5.74e-167	590	GCA_036937515.1_ASM3693751v1_genomic
AT1G36970	CP138032.1	82.927	615	87	16	2	608	3958776	3958172	2.11e-151	538	GCA_036937515.1_ASM3693751v1_genomic
AT1G36970	CP138032.1	80.682	440	52	12	715	1148	3958034	3957622	5.01e-83	311	GCA_036937515.1_ASM3693751v1_genomic
AT1G36970	CP138032.1	90.698	86	8	0	1116	1201	3957633	3957548	4.21e-24	115	GCA_036937515.1_ASM3693751v1_genomic
AT3G31560	CP138033.1	96.667	270	9	0	3	272	12904208	12904477	2.25e-125	449	GCA_036937515.1_ASM3693751v1_genomic
AT3G31560	CP138033.1	97.326	187	4	1	271	457	12904792	12904977	2.38e-85	316	GCA_036937515.1_ASM3693751v1_genomic
AT3G31560	CP138033.1	96.454	141	5	0	132	272	12904555	12904695	2.47e-60	233	GCA_036937515.1_ASM3693751v1_genomic
AT3G31560	CP138032.1	87.542	297	31	2	3	296	3957761	3958054	5.09e-92	339	GCA_036937515.1_ASM3693751v1_genomic
AT3G31560	CP138032.1	95.062	162	7	1	296	457	13659667	13659827	1.9e-66	254	GCA_036937515.1_ASM3693751v1_genomic
AT3G31560	CP138034.1	88.889	270	29	1	3	272	3037600	3037332	8.51e-90	331	GCA_036937515.1_ASM3693751v1_genomic
AT3G31560	CP138031.1	88.75	240	27	0	33	272	14072346	14072107	1.12e-78	294	GCA_036937515.1_ASM3693751v1_genomic
AT4G05555	CP138034.1	100	2823	0	0	1	2823	3034924	3037746	0	5214	GCA_036937515.1_ASM3693751v1_genomic
AT4G05555	CP138034.1	88.406	138	16	0	2167	2304	3036955	3037092	1.65e-39	167	GCA_036937515.1_ASM3693751v1_genomic
AT4G05555	CP138034.1	88.406	138	16	0	2032	2169	3037090	3037227	1.65e-39	167	GCA_036937515.1_ASM3693751v1_genomic
AT4G05555	CP138032.1	92.376	1246	68	13	1066	2310	3959250	3958031	0	1749	GCA_036937515.1_ASM3693751v1_genomic
AT4G05555	CP138032.1	92.416	567	39	4	1	565	3959806	3959242	0	806	GCA_036937515.1_ASM3693751v1_genomic
AT4G05555	CP138032.1	93.705	413	22	2	2408	2816	3958034	3957622	1.36e-174	616	GCA_036937515.1_ASM3693751v1_genomic
AT4G05555	CP138032.1	87.681	138	17	0	2032	2169	3958174	3958037	7.67e-38	161	GCA_036937515.1_ASM3693751v1_genomic
AT4G05555	CP138032.1	100	39	0	0	2784	2822	3957633	3957595	3.7e-11	73.1	GCA_036937515.1_ASM3693751v1_genomic
AT4G05555	CP138031.1	90.732	874	75	5	496	1366	19102858	19103728	0	1160	GCA_036937515.1_ASM3693751v1_genomic
AT4G05555	CP138031.1	84.371	723	96	14	1439	2154	14071272	14071984	0	693	GCA_036937515.1_ASM3693751v1_genomic
AT4G05555	CP138031.1	81.132	689	95	19	2163	2819	14071857	14072542	1.1e-145	520	GCA_036937515.1_ASM3693751v1_genomic
AT4G05555	CP138031.1	91.772	158	13	0	2659	2816	19103757	19103914	1.25e-55	220	GCA_036937515.1_ASM3693751v1_genomic
AT4G05555	CP138031.1	100	41	0	0	2782	2822	19103901	19103941	2.86e-12	76.8	GCA_036937515.1_ASM3693751v1_genomic
AT4G05555	CP138033.1	90.329	486	46	1	2332	2816	12904554	12904069	1.04e-180	636	GCA_036937515.1_ASM3693751v1_genomic
AT4G05555	CP138033.1	88.973	263	29	0	2287	2549	12904817	12904555	2.57e-87	326	GCA_036937515.1_ASM3693751v1_genomic
AT4G05555	CP138033.1	100	41	0	0	2782	2822	12904082	12904042	2.86e-12	76.8	GCA_036937515.1_ASM3693751v1_genomic
AT1G36970	CP138036.1	98.732	1972	25	0	1	1972	13876162	13878133	0	3504	GCA_036937805.1_ASM3693780v1_genomic
AT1G36970	CP138036.1	86.708	489	65	0	1381	1869	18738998	18738510	4.52e-153	544	GCA_036937805.1_ASM3693780v1_genomic
AT1G36970	CP138036.1	89.744	156	14	2	991	1145	14362429	14362583	4.05e-49	198	GCA_036937805.1_ASM3693780v1_genomic
AT1G36970	CP138036.1	88.679	159	16	2	991	1148	18740089	18739932	1.88e-47	193	GCA_036937805.1_ASM3693780v1_genomic
AT1G36970	CP138036.1	95.745	94	4	0	1383	1476	13877375	13877468	3.2e-35	152	GCA_036937805.1_ASM3693780v1_genomic
AT1G36970	CP138036.1	95.745	94	4	0	1214	1307	13877544	13877637	3.2e-35	152	GCA_036937805.1_ASM3693780v1_genomic
AT1G36970	CP138038.1	90.625	672	56	7	2	670	17559531	17560198	0	885	GCA_036937805.1_ASM3693780v1_genomic
AT1G36970	CP138038.1	87.567	563	64	6	1381	1942	13127568	13127011	0	647	GCA_036937805.1_ASM3693780v1_genomic
AT1G36970	CP138038.1	88.39	534	59	3	1381	1913	17560907	17561438	0	640	GCA_036937805.1_ASM3693780v1_genomic
AT1G36970	CP138038.1	88.889	414	41	2	1381	1794	13369681	13369273	2.13e-141	505	GCA_036937805.1_ASM3693780v1_genomic
AT1G36970	CP138038.1	85.185	513	49	7	636	1148	13371099	13370614	2.76e-140	501	GCA_036937805.1_ASM3693780v1_genomic
AT1G36970	CP138038.1	88.803	259	26	1	596	854	13371357	13371102	3.85e-84	315	GCA_036937805.1_ASM3693780v1_genomic
AT1G36970	CP138038.1	96.842	95	3	0	1107	1201	13128523	13128429	1.91e-37	159	GCA_036937805.1_ASM3693780v1_genomic
AT1G36970	CP138038.1	96.703	91	3	0	1111	1201	13370630	13370540	3.2e-35	152	GCA_036937805.1_ASM3693780v1_genomic
AT1G36970	CP138038.1	91.954	87	6	1	1219	1305	17560914	17560999	9.02e-26	121	GCA_036937805.1_ASM3693780v1_genomic
AT1G36970	CP138037.1	83.089	615	86	16	2	608	3579736	3579132	4.52e-153	544	GCA_036937805.1_ASM3693780v1_genomic
AT1G36970	CP138037.1	82.602	615	89	16	2	608	3628255	3627651	4.55e-148	527	GCA_036937805.1_ASM3693780v1_genomic
AT1G36970	CP138037.1	80.272	441	53	13	715	1148	3627513	3627100	3e-80	302	GCA_036937805.1_ASM3693780v1_genomic
AT1G36970	CP138037.1	80.045	441	54	13	715	1148	3578994	3578581	1.4e-78	296	GCA_036937805.1_ASM3693780v1_genomic
AT1G36970	CP138037.1	93.023	86	6	0	1116	1201	3578592	3578507	1.94e-27	126	GCA_036937805.1_ASM3693780v1_genomic
AT1G36970	CP138037.1	91.86	86	7	0	1116	1201	3627111	3627026	9.02e-26	121	GCA_036937805.1_ASM3693780v1_genomic
AT3G31560	CP138038.1	95.926	270	11	0	3	272	13370753	13371022	4.86e-122	438	GCA_036937805.1_ASM3693780v1_genomic
AT3G31560	CP138038.1	99.548	221	1	0	237	457	13128573	13128793	1.77e-111	403	GCA_036937805.1_ASM3693780v1_genomic
AT3G31560	CP138038.1	97.326	187	5	0	271	457	13371337	13371523	6.6e-86	318	GCA_036937805.1_ASM3693780v1_genomic
AT3G31560	CP138038.1	97.872	141	3	0	132	272	13371100	13371240	1.14e-63	244	GCA_036937805.1_ASM3693780v1_genomic
AT3G31560	CP138037.1	87.248	298	31	3	3	296	3578720	3579014	2.36e-90	333	GCA_036937805.1_ASM3693780v1_genomic
AT3G31560	CP138037.1	87.248	298	31	3	3	296	3627239	3627533	2.36e-90	333	GCA_036937805.1_ASM3693780v1_genomic
AT3G31560	CP138037.1	95.062	162	7	1	296	457	13260087	13260247	1.89e-66	254	GCA_036937805.1_ASM3693780v1_genomic
AT3G31560	CP138036.1	88.75	240	27	0	33	272	13877116	13876877	1.11e-78	294	GCA_036937805.1_ASM3693780v1_genomic
AT4G05555	CP138036.1	91.502	2177	155	14	1	2169	18742489	18740335	0	2968	GCA_036937805.1_ASM3693780v1_genomic
AT4G05555	CP138036.1	90.716	1411	120	9	1	1407	14341135	14342538	0	1869	GCA_036937805.1_ASM3693780v1_genomic
AT4G05555	CP138036.1	84.094	723	98	14	1439	2154	13876042	13876754	0	682	GCA_036937805.1_ASM3693780v1_genomic
AT4G05555	CP138036.1	91.355	428	37	0	1508	1935	14361671	14362098	1.06e-165	586	GCA_036937805.1_ASM3693780v1_genomic
AT4G05555	CP138036.1	81.132	689	95	19	2163	2819	13876627	13877312	1.09e-145	520	GCA_036937805.1_ASM3693780v1_genomic
AT4G05555	CP138036.1	89.877	405	31	6	2413	2816	18740327	18739932	1.83e-143	512	GCA_036937805.1_ASM3693780v1_genomic
AT4G05555	CP138036.1	89.801	402	31	6	2413	2813	14362191	14362583	8.51e-142	507	GCA_036937805.1_ASM3693780v1_genomic
AT4G05555	CP138038.1	90.139	1369	129	6	1	1366	17558018	17559383	0	1775	GCA_036937805.1_ASM3693780v1_genomic
AT4G05555	CP138038.1	89.295	766	78	3	1405	2169	17559374	17560136	0	957	GCA_036937805.1_ASM3693780v1_genomic
AT4G05555	CP138038.1	90.349	487	44	3	2332	2816	13371099	13370614	1.04e-180	636	GCA_036937805.1_ASM3693780v1_genomic
AT4G05555	CP138038.1	100	41	0	0	2782	2822	13128516	13128476	2.85e-12	76.8	GCA_036937805.1_ASM3693780v1_genomic
AT4G05555	CP138038.1	100	41	0	0	2782	2822	13370627	13370587	2.85e-12	76.8	GCA_036937805.1_ASM3693780v1_genomic
AT4G05555	CP138037.1	92.697	1246	64	10	1066	2310	3580210	3578991	0	1772	GCA_036937805.1_ASM3693780v1_genomic
AT4G05555	CP138037.1	92.456	1246	67	10	1066	2310	3628729	3627510	0	1755	GCA_036937805.1_ASM3693780v1_genomic
AT4G05555	CP138037.1	93.122	567	35	4	1	565	3580766	3580202	0	828	GCA_036937805.1_ASM3693780v1_genomic
AT4G05555	CP138037.1	93.122	567	35	4	1	565	3629285	3628721	0	828	GCA_036937805.1_ASM3693780v1_genomic
AT4G05555	CP138037.1	93.237	414	23	3	2408	2816	3627513	3627100	2.93e-171	604	GCA_036937805.1_ASM3693780v1_genomic
AT4G05555	CP138037.1	92.995	414	24	3	2408	2816	3578994	3578581	1.37e-169	599	GCA_036937805.1_ASM3693780v1_genomic
AT4G05555	CP138037.1	88.406	138	16	0	2032	2169	3579134	3578997	1.64e-39	167	GCA_036937805.1_ASM3693780v1_genomic
AT4G05555	CP138037.1	88.406	138	16	0	2032	2169	3627653	3627516	1.64e-39	167	GCA_036937805.1_ASM3693780v1_genomic
AT4G05555	CP138037.1	100	39	0	0	2784	2822	3578592	3578554	3.68e-11	73.1	GCA_036937805.1_ASM3693780v1_genomic
AT4G05555	CP138037.1	100	39	0	0	2784	2822	3627111	3627073	3.68e-11	73.1	GCA_036937805.1_ASM3693780v1_genomic
AT4G05555	CP138040.1	86.961	1089	134	8	95	1179	13660422	13659338	0	1218	GCA_036937805.1_ASM3693780v1_genomic
AT1G36970	CP138046.1	96.602	1972	16	3	1	1972	13912666	13914586	0	3223	GCA_036937815.1_ASM3693781v1_genomic
AT1G36970	CP138046.1	88.163	490	55	3	1381	1869	14468256	14468743	3.42e-164	580	GCA_036937815.1_ASM3693781v1_genomic
AT1G36970	CP138046.1	89.103	156	15	2	991	1145	14467157	14467311	1.87e-47	193	GCA_036937815.1_ASM3693781v1_genomic
AT1G36970	CP138046.1	95.745	94	4	0	1214	1307	13913998	13914091	3.18e-35	152	GCA_036937815.1_ASM3693781v1_genomic
AT1G36970	CP138046.1	94.681	94	5	0	1383	1476	13913829	13913922	1.48e-33	147	GCA_036937815.1_ASM3693781v1_genomic
AT1G36970	CP138047.1	82.927	615	87	16	2	608	3250716	3250112	2.09e-151	538	GCA_036937815.1_ASM3693781v1_genomic
AT1G36970	CP138047.1	82.602	615	89	16	2	608	3299245	3298641	4.52e-148	527	GCA_036937815.1_ASM3693781v1_genomic
AT1G36970	CP138047.1	80.272	441	53	13	715	1148	3298503	3298090	2.98e-80	302	GCA_036937815.1_ASM3693781v1_genomic
AT1G36970	CP138047.1	80.045	441	54	13	715	1148	3249974	3249561	1.39e-78	296	GCA_036937815.1_ASM3693781v1_genomic
AT1G36970	CP138047.1	93.023	86	6	0	1116	1201	3249572	3249487	1.92e-27	126	GCA_036937815.1_ASM3693781v1_genomic
AT1G36970	CP138047.1	91.86	86	7	0	1116	1201	3298101	3298016	8.95e-26	121	GCA_036937815.1_ASM3693781v1_genomic
AT3G31560	CP138047.1	87.248	298	31	3	3	296	3249700	3249994	2.34e-90	333	GCA_036937815.1_ASM3693781v1_genomic
AT3G31560	CP138047.1	87.248	298	31	3	3	296	3298229	3298523	2.34e-90	333	GCA_036937815.1_ASM3693781v1_genomic
AT3G31560	CP138047.1	95.062	162	7	1	296	457	12828533	12828693	1.87e-66	254	GCA_036937815.1_ASM3693781v1_genomic
AT3G31560	CP138046.1	90.769	130	12	0	143	272	13913510	13913381	1.5e-42	174	GCA_036937815.1_ASM3693781v1_genomic
AT4G05555	CP138047.1	92.616	1246	65	10	1066	2310	3251190	3249971	0	1766	GCA_036937815.1_ASM3693781v1_genomic
AT4G05555	CP138047.1	92.456	1246	67	10	1066	2310	3299719	3298500	0	1755	GCA_036937815.1_ASM3693781v1_genomic
AT4G05555	CP138047.1	93.122	567	35	4	1	565	3251746	3251182	0	828	GCA_036937815.1_ASM3693781v1_genomic
AT4G05555	CP138047.1	93.122	567	35	4	1	565	3300275	3299711	0	828	GCA_036937815.1_ASM3693781v1_genomic
AT4G05555	CP138047.1	93.237	414	23	3	2408	2816	3298503	3298090	2.91e-171	604	GCA_036937815.1_ASM3693781v1_genomic
AT4G05555	CP138047.1	92.995	414	24	3	2408	2816	3249974	3249561	1.36e-169	599	GCA_036937815.1_ASM3693781v1_genomic
AT4G05555	CP138047.1	88.406	138	16	0	2032	2169	3250114	3249977	1.63e-39	167	GCA_036937815.1_ASM3693781v1_genomic
AT4G05555	CP138047.1	88.406	138	16	0	2032	2169	3298643	3298506	1.63e-39	167	GCA_036937815.1_ASM3693781v1_genomic
AT4G05555	CP138047.1	100	39	0	0	2784	2822	3249572	3249534	3.65e-11	73.1	GCA_036937815.1_ASM3693781v1_genomic
AT4G05555	CP138047.1	100	39	0	0	2784	2822	3298101	3298063	3.65e-11	73.1	GCA_036937815.1_ASM3693781v1_genomic
AT4G05555	CP138050.1	86.905	1092	135	8	92	1179	12474446	12475533	0	1218	GCA_036937815.1_ASM3693781v1_genomic
AT4G05555	CP138046.1	90.555	667	57	5	1507	2169	14466247	14466911	0	878	GCA_036937815.1_ASM3693781v1_genomic
AT4G05555	CP138046.1	84.094	723	98	14	1439	2154	13912546	13913258	0	682	GCA_036937815.1_ASM3693781v1_genomic
AT4G05555	CP138046.1	89.801	402	31	6	2413	2813	14466919	14467311	8.45e-142	507	GCA_036937815.1_ASM3693781v1_genomic
AT4G05555	CP138046.1	82.895	380	61	2	2163	2538	13913131	13913510	3.26e-91	339	GCA_036937815.1_ASM3693781v1_genomic
AT4G05555	CP138046.1	91.549	142	12	0	2654	2795	13913622	13913763	2.08e-48	196	GCA_036937815.1_ASM3693781v1_genomic
AT4G05555	CP138046.1	100	29	0	0	2794	2822	14467313	14467341	1.32e-05	54.7	GCA_036937815.1_ASM3693781v1_genomic
AT1G36970	CP138041.1	98.986	1972	19	1	1	1972	14086880	14088850	0	3530	GCA_036937985.1_ASM3693798v1_genomic
AT1G36970	CP138041.1	87.551	490	58	3	1381	1869	14674127	14674614	3.58e-159	564	GCA_036937985.1_ASM3693798v1_genomic
AT1G36970	CP138041.1	89.744	156	14	2	991	1145	14673028	14673182	4.19e-49	198	GCA_036937985.1_ASM3693798v1_genomic
AT1G36970	CP138041.1	95.745	94	4	0	1383	1476	14088093	14088186	3.31e-35	152	GCA_036937985.1_ASM3693798v1_genomic
AT1G36970	CP138041.1	95.745	94	4	0	1214	1307	14088262	14088355	3.31e-35	152	GCA_036937985.1_ASM3693798v1_genomic
AT1G36970	CP138043.1	90.342	673	55	8	2	670	18511035	18511701	0	874	GCA_036937985.1_ASM3693798v1_genomic
AT1G36970	CP138043.1	88.202	534	60	3	1381	1913	18512410	18512941	2.69e-180	634	GCA_036937985.1_ASM3693798v1_genomic
AT1G36970	CP138043.1	85.185	513	49	7	636	1148	13215672	13215187	2.85e-140	501	GCA_036937985.1_ASM3693798v1_genomic
AT1G36970	CP138043.1	88.647	414	42	2	1381	1794	13214254	13213846	1.02e-139	499	GCA_036937985.1_ASM3693798v1_genomic
AT1G36970	CP138043.1	88.803	259	26	1	596	854	13215930	13215675	3.98e-84	315	GCA_036937985.1_ASM3693798v1_genomic
AT1G36970	CP138043.1	95.506	89	4	0	1113	1201	13215201	13215113	1.99e-32	143	GCA_036937985.1_ASM3693798v1_genomic
AT1G36970	CP138044.1	84.808	599	79	10	1	593	3608771	3609363	1.64e-167	592	GCA_036937985.1_ASM3693798v1_genomic
AT1G36970	CP138044.1	81.572	738	103	19	466	1201	3609372	3610078	1.28e-163	579	GCA_036937985.1_ASM3693798v1_genomic
AT1G36970	CP138044.1	84.86	535	77	4	1381	1913	3610944	3611476	7.81e-151	536	GCA_036937985.1_ASM3693798v1_genomic
AT3G31560	CP138043.1	96.296	270	10	0	3	272	13215326	13215595	1.08e-123	444	GCA_036937985.1_ASM3693798v1_genomic
AT3G31560	CP138043.1	97.326	187	5	0	271	457	13215910	13216096	6.83e-86	318	GCA_036937985.1_ASM3693798v1_genomic
AT3G31560	CP138043.1	97.872	141	3	0	132	272	13215673	13215813	1.17e-63	244	GCA_036937985.1_ASM3693798v1_genomic
AT3G31560	CP138044.1	89.259	270	28	1	3	272	3609886	3609618	1.88e-91	337	GCA_036937985.1_ASM3693798v1_genomic
AT3G31560	CP138041.1	89.167	240	26	0	33	272	14087834	14087595	2.47e-80	300	GCA_036937985.1_ASM3693798v1_genomic
AT3G31560	CP138042.1	95.062	162	7	1	296	457	15295920	15296080	1.95e-66	254	GCA_036937985.1_ASM3693798v1_genomic
AT4G05555	CP138044.1	97.627	2823	48	2	1	2823	3607229	3610032	0	4824	GCA_036937985.1_ASM3693798v1_genomic
AT4G05555	CP138044.1	86.842	152	17	2	2032	2183	3609376	3609524	1.7e-39	167	GCA_036937985.1_ASM3693798v1_genomic
AT4G05555	CP138041.1	91.083	1413	112	12	1	1407	14655964	14657368	0	1899	GCA_036937985.1_ASM3693798v1_genomic
AT4G05555	CP138041.1	90.255	667	59	5	1507	2169	14672118	14672782	0	867	GCA_036937985.1_ASM3693798v1_genomic
AT4G05555	CP138041.1	84.232	723	97	14	1439	2154	14086760	14087472	0	688	GCA_036937985.1_ASM3693798v1_genomic
AT4G05555	CP138041.1	81.567	689	92	19	2163	2819	14087345	14088030	1.12e-150	536	GCA_036937985.1_ASM3693798v1_genomic
AT4G05555	CP138041.1	90.05	402	30	6	2413	2813	14672790	14673182	1.89e-143	512	GCA_036937985.1_ASM3693798v1_genomic
AT4G05555	CP138041.1	86.301	146	12	7	2167	2307	14672643	14672785	4.75e-35	152	GCA_036937985.1_ASM3693798v1_genomic
AT4G05555	CP138041.1	100	29	0	0	2794	2822	14673184	14673212	1.38e-05	54.7	GCA_036937985.1_ASM3693798v1_genomic
AT4G05555	CP138043.1	89.92	1369	132	6	1	1366	18509522	18510887	0	1759	GCA_036937985.1_ASM3693798v1_genomic
AT4G05555	CP138043.1	89.034	766	79	4	1405	2169	18510878	18511639	0	944	GCA_036937985.1_ASM3693798v1_genomic
AT4G05555	CP138043.1	90.554	487	43	3	2332	2816	13215672	13215187	0	641	GCA_036937985.1_ASM3693798v1_genomic
AT4G05555	CP138043.1	100	41	0	0	2782	2822	13215200	13215160	2.94e-12	76.8	GCA_036937985.1_ASM3693798v1_genomic
AT4G05555	CP138045.1	87.088	1092	133	8	92	1179	13315203	13316290	0	1229	GCA_036937985.1_ASM3693798v1_genomic
AT1G36970	CP138051.1	98.174	1972	16	2	1	1972	13890287	13892238	0	3424	GCA_036938785.1_ASM3693878v1_genomic
AT1G36970	CP138051.1	87.551	490	58	3	1381	1869	14428758	14429245	3.34e-159	564	GCA_036938785.1_ASM3693878v1_genomic
AT1G36970	CP138051.1	86.708	489	65	0	1381	1869	17836638	17836150	4.35e-153	544	GCA_036938785.1_ASM3693878v1_genomic
AT1G36970	CP138051.1	89.103	156	15	2	991	1145	14428041	14428195	1.82e-47	193	GCA_036938785.1_ASM3693878v1_genomic
AT1G36970	CP138051.1	88.679	159	16	2	991	1148	17837729	17837572	1.82e-47	193	GCA_036938785.1_ASM3693878v1_genomic
AT1G36970	CP138051.1	94.681	94	5	0	1214	1307	13891649	13891742	1.43e-33	147	GCA_036938785.1_ASM3693878v1_genomic
AT1G36970	CP138051.1	98.113	53	1	0	1383	1435	13891500	13891552	1.89e-17	93.5	GCA_036938785.1_ASM3693878v1_genomic
AT1G36970	CP138053.1	90.193	673	56	8	2	670	16475204	16475870	0	869	GCA_036938785.1_ASM3693878v1_genomic
AT1G36970	CP138053.1	87.744	563	63	6	1381	1942	12928648	12928091	0	652	GCA_036938785.1_ASM3693878v1_genomic
AT1G36970	CP138053.1	88.202	534	60	3	1381	1913	16476579	16477110	2.51e-180	634	GCA_036938785.1_ASM3693878v1_genomic
AT1G36970	CP138053.1	83.135	587	51	11	636	1201	12930032	12929473	1.6e-137	492	GCA_036938785.1_ASM3693878v1_genomic
AT1G36970	CP138053.1	92.086	139	11	0	716	854	12930173	12930035	1.4e-48	196	GCA_036938785.1_ASM3693878v1_genomic
AT1G36970	CP138054.1	81.978	738	100	19	466	1201	3051536	3052242	1.18e-168	595	GCA_036938785.1_ASM3693878v1_genomic
AT1G36970	CP138054.1	84.808	599	80	9	1	593	3050934	3051527	1.53e-167	592	GCA_036938785.1_ASM3693878v1_genomic
AT1G36970	CP138054.1	84.644	534	78	4	1382	1913	3053110	3053641	1.22e-148	529	GCA_036938785.1_ASM3693878v1_genomic
AT1G36970	CP138052.1	83.089	615	86	16	2	608	3238078	3237474	4.35e-153	544	GCA_036938785.1_ASM3693878v1_genomic
AT1G36970	CP138052.1	80.65	615	84	24	2	608	3286577	3285990	4.54e-123	444	GCA_036938785.1_ASM3693878v1_genomic
AT1G36970	CP138052.1	81.212	495	58	13	715	1201	3285852	3285385	1.01e-99	366	GCA_036938785.1_ASM3693878v1_genomic
AT1G36970	CP138052.1	80.045	441	54	13	715	1148	3237336	3236923	1.35e-78	296	GCA_036938785.1_ASM3693878v1_genomic
AT1G36970	CP138052.1	93.023	86	6	0	1116	1201	3236934	3236849	1.87e-27	126	GCA_036938785.1_ASM3693878v1_genomic
AT3G31560	CP138053.1	98.773	326	4	0	132	457	12930033	12930358	7.35e-165	580	GCA_036938785.1_ASM3693878v1_genomic
AT3G31560	CP138053.1	96.691	272	9	0	1	272	12929684	12929955	1.67e-126	453	GCA_036938785.1_ASM3693878v1_genomic
AT3G31560	CP138054.1	89.63	270	27	1	3	272	3052050	3051782	3.78e-93	342	GCA_036938785.1_ASM3693878v1_genomic
AT3G31560	CP138052.1	87.248	298	31	3	3	296	3237062	3237356	2.27e-90	333	GCA_036938785.1_ASM3693878v1_genomic
AT3G31560	CP138052.1	86.957	299	31	3	3	296	3285577	3285872	2.94e-89	329	GCA_036938785.1_ASM3693878v1_genomic
AT3G31560	CP138052.1	95.062	162	7	1	296	457	12669673	12669833	1.82e-66	254	GCA_036938785.1_ASM3693878v1_genomic
AT3G31560	CP138051.1	89.167	240	26	0	33	272	13891241	13891002	2.3e-80	300	GCA_036938785.1_ASM3693878v1_genomic
AT4G05555	CP138054.1	97.288	2765	42	2	59	2823	3049465	3052196	0	4660	GCA_036938785.1_ASM3693878v1_genomic
AT4G05555	CP138054.1	87.5	152	16	2	2032	2183	3051540	3051688	3.4e-41	172	GCA_036938785.1_ASM3693878v1_genomic
AT4G05555	CP138054.1	88.406	138	16	0	2167	2304	3051405	3051542	1.58e-39	167	GCA_036938785.1_ASM3693878v1_genomic
AT4G05555	CP138051.1	91.502	2177	155	14	1	2169	17840129	17837975	0	2968	GCA_036938785.1_ASM3693878v1_genomic
AT4G05555	CP138051.1	90.555	667	57	5	1507	2169	14427131	14427795	0	878	GCA_036938785.1_ASM3693878v1_genomic
AT4G05555	CP138051.1	83.565	718	101	14	1444	2154	13890172	13890879	0	656	GCA_036938785.1_ASM3693878v1_genomic
AT4G05555	CP138051.1	81.422	689	93	19	2163	2819	13890752	13891437	4.87e-149	531	GCA_036938785.1_ASM3693878v1_genomic
AT4G05555	CP138051.1	89.877	405	31	6	2413	2816	17837967	17837572	1.76e-143	512	GCA_036938785.1_ASM3693878v1_genomic
AT4G05555	CP138051.1	89.552	402	32	6	2413	2813	14427803	14428195	3.82e-140	501	GCA_036938785.1_ASM3693878v1_genomic
AT4G05555	CP138051.1	100	29	0	0	2794	2822	14428197	14428225	1.28e-05	54.7	GCA_036938785.1_ASM3693878v1_genomic
AT4G05555	CP138052.1	92.697	1246	64	10	1066	2310	3238552	3237333	0	1772	GCA_036938785.1_ASM3693878v1_genomic
AT4G05555	CP138052.1	91.332	1246	64	11	1066	2310	3287051	3285849	0	1663	GCA_036938785.1_ASM3693878v1_genomic
AT4G05555	CP138052.1	93.122	567	35	4	1	565	3239108	3238544	0	828	GCA_036938785.1_ASM3693878v1_genomic
AT4G05555	CP138052.1	93.122	567	35	4	1	565	3287607	3287043	0	828	GCA_036938785.1_ASM3693878v1_genomic
AT4G05555	CP138052.1	93.587	421	21	3	2408	2822	3285852	3285432	7.81e-177	623	GCA_036938785.1_ASM3693878v1_genomic
AT4G05555	CP138052.1	92.995	414	24	3	2408	2816	3237336	3236923	1.32e-169	599	GCA_036938785.1_ASM3693878v1_genomic
AT4G05555	CP138052.1	88.406	138	16	0	2032	2169	3237476	3237339	1.58e-39	167	GCA_036938785.1_ASM3693878v1_genomic
AT4G05555	CP138052.1	88.406	138	16	0	2032	2169	3285992	3285855	1.58e-39	167	GCA_036938785.1_ASM3693878v1_genomic
AT4G05555	CP138052.1	100	39	0	0	2784	2822	3236934	3236896	3.55e-11	73.1	GCA_036938785.1_ASM3693878v1_genomic
AT4G05555	CP138053.1	89.847	1369	133	6	1	1366	16473691	16475056	0	1753	GCA_036938785.1_ASM3693878v1_genomic
AT4G05555	CP138053.1	88.903	766	80	4	1405	2169	16475047	16475808	0	939	GCA_036938785.1_ASM3693878v1_genomic
AT4G05555	CP138053.1	89.712	486	49	1	2332	2816	12930032	12929547	1.01e-175	619	GCA_036938785.1_ASM3693878v1_genomic
AT4G05555	CP138053.1	100	41	0	0	2782	2822	12929560	12929520	2.74e-12	76.8	GCA_036938785.1_ASM3693878v1_genomic
AT4G05555	CP138055.1	86.905	1092	135	8	92	1179	12008569	12009656	0	1218	GCA_036938785.1_ASM3693878v1_genomic
AT1G36970	CP138061.1	98.884	1972	21	1	1	1972	14065043	14067013	0	3518	GCA_036939995.1_ASM3693999v1_genomic
AT1G36970	CP138061.1	87.755	490	57	3	1381	1869	15974433	15974920	7.42e-161	569	GCA_036939995.1_ASM3693999v1_genomic
AT1G36970	CP138061.1	89.744	156	14	2	991	1145	15973333	15973487	4.04e-49	198	GCA_036939995.1_ASM3693999v1_genomic
AT1G36970	CP138061.1	95.745	94	4	0	1383	1476	14066256	14066349	3.19e-35	152	GCA_036939995.1_ASM3693999v1_genomic
AT1G36970	CP138061.1	95.745	94	4	0	1214	1307	14066424	14066517	3.19e-35	152	GCA_036939995.1_ASM3693999v1_genomic
AT1G36970	CP138063.1	90.774	672	55	7	2	670	17405590	17406257	0	891	GCA_036939995.1_ASM3693999v1_genomic
AT1G36970	CP138063.1	88.577	534	58	3	1381	1913	17406966	17407497	0	645	GCA_036939995.1_ASM3693999v1_genomic
AT1G36970	CP138063.1	86.901	313	36	3	636	947	12794625	12794317	1.36e-93	346	GCA_036939995.1_ASM3693999v1_genomic
AT1G36970	CP138063.1	88.803	259	26	1	596	854	12794883	12794628	3.84e-84	315	GCA_036939995.1_ASM3693999v1_genomic
AT1G36970	CP138063.1	93.103	87	5	1	1219	1305	17406973	17407058	1.93e-27	126	GCA_036939995.1_ASM3693999v1_genomic
AT1G36970	CP138064.1	81.916	741	95	22	466	1201	3170890	3171596	5.7e-167	590	GCA_036939995.1_ASM3693999v1_genomic
AT1G36970	CP138064.1	81.916	741	95	22	466	1201	3201608	3202314	5.7e-167	590	GCA_036939995.1_ASM3693999v1_genomic
AT1G36970	CP138064.1	84.831	534	77	4	1382	1913	3213970	3214501	2.71e-150	534	GCA_036939995.1_ASM3693999v1_genomic
AT1G36970	CP138062.1	86.531	542	66	7	1381	1919	3463001	3462464	5.7e-167	590	GCA_036939995.1_ASM3693999v1_genomic
AT1G36970	CP138062.1	83.415	615	84	16	2	608	3465098	3464494	2.08e-156	555	GCA_036939995.1_ASM3693999v1_genomic
AT1G36970	CP138062.1	80.227	440	54	12	715	1148	3464356	3463944	1.08e-79	300	GCA_036939995.1_ASM3693999v1_genomic
AT1G36970	CP138062.1	93.023	86	6	0	1116	1201	3463955	3463870	1.93e-27	126	GCA_036939995.1_ASM3693999v1_genomic
AT3G31560	CP138063.1	96.983	232	7	0	41	272	12794317	12794548	1.37e-107	390	GCA_036939995.1_ASM3693999v1_genomic
AT3G31560	CP138063.1	97.326	187	5	0	271	457	12794863	12795049	6.58e-86	318	GCA_036939995.1_ASM3693999v1_genomic
AT3G31560	CP138063.1	96.454	141	5	0	132	272	12794626	12794766	2.45e-60	233	GCA_036939995.1_ASM3693999v1_genomic
AT3G31560	CP138062.1	87.205	297	32	2	3	296	3464083	3464376	2.35e-90	333	GCA_036939995.1_ASM3693999v1_genomic
AT3G31560	CP138062.1	95.062	162	7	1	296	457	13331801	13331961	1.88e-66	254	GCA_036939995.1_ASM3693999v1_genomic
AT3G31560	CP138064.1	88.889	270	29	1	3	272	3171404	3171136	8.45e-90	331	GCA_036939995.1_ASM3693999v1_genomic
AT3G31560	CP138064.1	88.889	270	29	1	3	272	3202122	3201854	8.45e-90	331	GCA_036939995.1_ASM3693999v1_genomic
AT3G31560	CP138061.1	89.121	239	26	0	33	271	14065997	14065759	8.57e-80	298	GCA_036939995.1_ASM3693999v1_genomic
AT3G31560	CP138061.1	84.81	158	23	1	301	457	22858755	22858598	1.52e-37	158	GCA_036939995.1_ASM3693999v1_genomic
AT4G05555	CP138064.1	97.839	2823	43	1	1	2823	3168746	3171550	0	4859	GCA_036939995.1_ASM3693999v1_genomic
AT4G05555	CP138064.1	97.768	2823	45	1	1	2823	3199464	3202268	0	4848	GCA_036939995.1_ASM3693999v1_genomic
AT4G05555	CP138064.1	89.13	138	15	0	2032	2169	3170894	3171031	3.52e-41	172	GCA_036939995.1_ASM3693999v1_genomic
AT4G05555	CP138064.1	89.13	138	15	0	2032	2169	3201612	3201749	3.52e-41	172	GCA_036939995.1_ASM3693999v1_genomic
AT4G05555	CP138064.1	88.406	138	16	0	2167	2304	3170759	3170896	1.64e-39	167	GCA_036939995.1_ASM3693999v1_genomic
AT4G05555	CP138064.1	88.406	138	16	0	2167	2304	3201477	3201614	1.64e-39	167	GCA_036939995.1_ASM3693999v1_genomic
AT4G05555	CP138063.1	90.358	1369	126	6	1	1366	17404077	17405442	0	1792	GCA_036939995.1_ASM3693999v1_genomic
AT4G05555	CP138063.1	89.295	766	78	3	1405	2169	17405433	17406195	0	957	GCA_036939995.1_ASM3693999v1_genomic
AT4G05555	CP138063.1	87.379	309	38	1	2332	2639	12794625	12794317	1.17e-95	353	GCA_036939995.1_ASM3693999v1_genomic
AT4G05555	CP138063.1	89.354	263	28	0	2287	2549	12794888	12794626	5.48e-89	331	GCA_036939995.1_ASM3693999v1_genomic
AT4G05555	CP138062.1	92.536	1246	66	12	1066	2310	3465572	3464353	0	1760	GCA_036939995.1_ASM3693999v1_genomic
AT4G05555	CP138062.1	92.24	567	40	4	1	565	3466128	3465564	0	800	GCA_036939995.1_ASM3693999v1_genomic
AT4G05555	CP138062.1	93.22	413	24	2	2408	2816	3464356	3463944	2.92e-171	604	GCA_036939995.1_ASM3693999v1_genomic
AT4G05555	CP138062.1	87.681	138	17	0	2032	2169	3464496	3464359	7.61e-38	161	GCA_036939995.1_ASM3693999v1_genomic
AT4G05555	CP138062.1	100	39	0	0	2784	2822	3463955	3463917	3.67e-11	73.1	GCA_036939995.1_ASM3693999v1_genomic
AT4G05555	CP138061.1	91.357	1157	91	7	254	1407	15964140	15965290	0	1574	GCA_036939995.1_ASM3693999v1_genomic
AT4G05555	CP138061.1	90.705	667	56	5	1507	2169	15972423	15973087	0	883	GCA_036939995.1_ASM3693999v1_genomic
AT4G05555	CP138061.1	81.358	692	88	23	2163	2819	14065508	14066193	2.34e-147	525	GCA_036939995.1_ASM3693999v1_genomic
AT4G05555	CP138061.1	90.299	402	29	6	2413	2813	15973095	15973487	3.92e-145	518	GCA_036939995.1_ASM3693999v1_genomic
AT4G05555	CP138061.1	90.157	254	22	3	1	252	15963819	15964071	7.09e-88	327	GCA_036939995.1_ASM3693999v1_genomic
AT4G05555	CP138061.1	100	29	0	0	2794	2822	15973489	15973517	1.33e-05	54.7	GCA_036939995.1_ASM3693999v1_genomic
AT4G05555	CP138065.1	86.722	1092	137	8	92	1179	11932009	11933096	0	1206	GCA_036939995.1_ASM3693999v1_genomic
AT1G36970	CP138056.1	99.391	1972	12	0	1	1972	13849173	13851144	0	3576	GCA_036940305.1_ASM3694030v1_genomic
AT1G36970	CP138056.1	86.912	489	64	0	1381	1869	18761199	18760711	9.57e-155	549	GCA_036940305.1_ASM3694030v1_genomic
AT1G36970	CP138056.1	88.679	159	16	2	991	1148	18762290	18762133	1.86e-47	193	GCA_036940305.1_ASM3694030v1_genomic
AT1G36970	CP138056.1	95.745	94	4	0	1383	1476	13850386	13850479	3.15e-35	152	GCA_036940305.1_ASM3694030v1_genomic
AT1G36970	CP138056.1	94.681	94	5	0	1214	1307	13850555	13850648	1.47e-33	147	GCA_036940305.1_ASM3694030v1_genomic
AT1G36970	CP138058.1	90.625	672	56	7	2	670	16774989	16775656	0	885	GCA_036940305.1_ASM3694030v1_genomic
AT1G36970	CP138058.1	88.202	534	60	3	1381	1913	16776365	16776896	2.57e-180	634	GCA_036940305.1_ASM3694030v1_genomic
AT1G36970	CP138059.1	81.978	738	100	19	466	1201	3480005	3480711	1.21e-168	595	GCA_036940305.1_ASM3694030v1_genomic
AT1G36970	CP138059.1	85.366	533	74	4	1383	1913	3481580	3482110	9.57e-155	549	GCA_036940305.1_ASM3694030v1_genomic
AT1G36970	CP138057.1	86.531	542	66	7	1381	1919	3660410	3659873	5.64e-167	590	GCA_036940305.1_ASM3694030v1_genomic
AT1G36970	CP138057.1	83.089	615	86	16	2	608	3662508	3661904	4.45e-153	544	GCA_036940305.1_ASM3694030v1_genomic
AT1G36970	CP138057.1	80.682	440	52	12	715	1148	3661766	3661354	4.92e-83	311	GCA_036940305.1_ASM3694030v1_genomic
AT1G36970	CP138057.1	90.805	87	7	1	1116	1201	3661365	3661279	4.14e-24	115	GCA_036940305.1_ASM3694030v1_genomic
AT3G31560	CP138057.1	87.542	297	31	2	3	296	3661493	3661786	5e-92	339	GCA_036940305.1_ASM3694030v1_genomic
AT3G31560	CP138057.1	94.444	162	8	1	296	457	14091316	14091476	8.66e-65	248	GCA_036940305.1_ASM3694030v1_genomic
AT3G31560	CP138059.1	89.259	270	28	1	3	272	3480519	3480251	1.8e-91	337	GCA_036940305.1_ASM3694030v1_genomic
AT3G31560	CP138056.1	88.75	240	27	0	33	272	13850127	13849888	1.1e-78	294	GCA_036940305.1_ASM3694030v1_genomic
AT4G05555	CP138059.1	97.91	2823	41	1	1	2823	3477861	3480665	0	4870	GCA_036940305.1_ASM3694030v1_genomic
AT4G05555	CP138059.1	89.13	138	15	0	2032	2169	3480009	3480146	3.48e-41	172	GCA_036940305.1_ASM3694030v1_genomic
AT4G05555	CP138059.1	87.681	138	17	0	2167	2304	3479874	3480011	7.53e-38	161	GCA_036940305.1_ASM3694030v1_genomic
AT4G05555	CP138056.1	91.506	2178	154	15	1	2169	18764691	18762536	0	2968	GCA_036940305.1_ASM3694030v1_genomic
AT4G05555	CP138056.1	84.094	723	98	14	1439	2154	13849053	13849765	0	682	GCA_036940305.1_ASM3694030v1_genomic
AT4G05555	CP138056.1	81.159	690	93	22	2163	2819	13849638	13850323	1.08e-145	520	GCA_036940305.1_ASM3694030v1_genomic
AT4G05555	CP138056.1	89.877	405	31	6	2413	2816	18762528	18762133	1.8e-143	512	GCA_036940305.1_ASM3694030v1_genomic
AT4G05555	CP138057.1	91.974	1246	72	11	1066	2310	3662981	3661763	0	1722	GCA_036940305.1_ASM3694030v1_genomic
AT4G05555	CP138057.1	92.593	567	38	4	1	565	3663537	3662973	0	811	GCA_036940305.1_ASM3694030v1_genomic
AT4G05555	CP138057.1	93.462	413	23	2	2408	2816	3661766	3661354	6.22e-173	610	GCA_036940305.1_ASM3694030v1_genomic
AT4G05555	CP138057.1	88.406	138	16	0	2032	2169	3661906	3661769	1.62e-39	167	GCA_036940305.1_ASM3694030v1_genomic
AT4G05555	CP138057.1	100	39	0	0	2784	2822	3661365	3661327	3.63e-11	73.1	GCA_036940305.1_ASM3694030v1_genomic
AT4G05555	CP138058.1	88.605	1369	128	15	1	1366	16773498	16774841	0	1639	GCA_036940305.1_ASM3694030v1_genomic
AT4G05555	CP138058.1	89.295	766	78	3	1405	2169	16774832	16775594	0	957	GCA_036940305.1_ASM3694030v1_genomic
AT1G36970	CP138066.1	99.797	1972	4	0	1	1972	14012297	14014268	0	3620	GCA_036940335.1_ASM3694033v1_genomic
AT1G36970	CP138066.1	82.403	233	18	4	991	1201	20816545	20816776	4.19e-44	182	GCA_036940335.1_ASM3694033v1_genomic
AT1G36970	CP138066.1	95.745	94	4	0	1383	1476	14013510	14013603	3.28e-35	152	GCA_036940335.1_ASM3694033v1_genomic
AT1G36970	CP138066.1	95.745	94	4	0	1214	1307	14013679	14013772	3.28e-35	152	GCA_036940335.1_ASM3694033v1_genomic
AT1G36970	CP138068.1	90.476	672	57	7	2	670	17143611	17144278	0	880	GCA_036940335.1_ASM3694033v1_genomic
AT1G36970	CP138068.1	88.202	534	60	3	1381	1913	17144987	17145518	2.67e-180	634	GCA_036940335.1_ASM3694033v1_genomic
AT1G36970	CP138068.1	91.954	87	6	1	1219	1305	17144994	17145079	9.26e-26	121	GCA_036940335.1_ASM3694033v1_genomic
AT1G36970	CP138069.1	81.732	739	100	20	466	1201	2912971	2913677	2.73e-165	584	GCA_036940335.1_ASM3694033v1_genomic
AT1G36970	CP138069.1	84.474	599	81	11	1	593	2912370	2912962	3.53e-164	580	GCA_036940335.1_ASM3694033v1_genomic
AT1G36970	CP138069.1	85.234	535	73	5	1381	1913	2914544	2915074	1.29e-153	545	GCA_036940335.1_ASM3694033v1_genomic
AT1G36970	CP138067.1	86.347	542	67	7	1381	1919	3311119	3310582	2.73e-165	584	GCA_036940335.1_ASM3694033v1_genomic
AT1G36970	CP138067.1	82.764	615	87	17	5	608	3313218	3312612	3.61e-149	531	GCA_036940335.1_ASM3694033v1_genomic
AT1G36970	CP138067.1	80.455	440	53	12	715	1148	3312474	3312062	2.38e-81	305	GCA_036940335.1_ASM3694033v1_genomic
AT1G36970	CP138067.1	93.023	86	6	0	1116	1201	3312073	3311988	1.99e-27	126	GCA_036940335.1_ASM3694033v1_genomic
AT3G31560	CP138067.1	87.205	297	32	2	3	296	3312201	3312494	2.42e-90	333	GCA_036940335.1_ASM3694033v1_genomic
AT3G31560	CP138067.1	93.827	162	7	2	296	457	13567564	13567722	1.51e-62	241	GCA_036940335.1_ASM3694033v1_genomic
AT3G31560	CP138069.1	88.889	270	29	1	3	272	2913485	2913217	8.71e-90	331	GCA_036940335.1_ASM3694033v1_genomic
AT3G31560	CP138066.1	88.75	240	27	0	33	272	14013251	14013012	1.14e-78	294	GCA_036940335.1_ASM3694033v1_genomic
AT4G05555	CP138069.1	98.618	2823	20	2	1	2823	2910828	2913631	0	4979	GCA_036940335.1_ASM3694033v1_genomic
AT4G05555	CP138069.1	88.406	138	16	0	2167	2304	2912840	2912977	1.69e-39	167	GCA_036940335.1_ASM3694033v1_genomic
AT4G05555	CP138069.1	86.842	152	17	2	2032	2183	2912975	2913123	1.69e-39	167	GCA_036940335.1_ASM3694033v1_genomic
AT4G05555	CP138068.1	90.285	1369	127	6	1	1366	17142098	17143463	0	1786	GCA_036940335.1_ASM3694033v1_genomic
AT4G05555	CP138068.1	89.164	766	79	3	1405	2169	17143454	17144216	0	952	GCA_036940335.1_ASM3694033v1_genomic
AT4G05555	CP138067.1	92.086	1251	67	12	1066	2310	3313695	3312471	0	1733	GCA_036940335.1_ASM3694033v1_genomic
AT4G05555	CP138067.1	92.945	567	36	4	1	565	3314251	3313687	0	822	GCA_036940335.1_ASM3694033v1_genomic
AT4G05555	CP138067.1	93.22	413	24	2	2408	2816	3312474	3312062	3.01e-171	604	GCA_036940335.1_ASM3694033v1_genomic
AT4G05555	CP138067.1	88.406	138	16	0	2032	2169	3312614	3312477	1.69e-39	167	GCA_036940335.1_ASM3694033v1_genomic
AT4G05555	CP138067.1	100	39	0	0	2784	2822	3312073	3312035	3.78e-11	73.1	GCA_036940335.1_ASM3694033v1_genomic
AT4G05555	CP138066.1	88.9	1036	89	8	1135	2166	20815294	20816307	0	1253	GCA_036940335.1_ASM3694033v1_genomic
AT4G05555	CP138066.1	90.177	906	79	9	496	1398	20814390	20815288	0	1171	GCA_036940335.1_ASM3694033v1_genomic
AT4G05555	CP138066.1	84.371	723	96	14	1439	2154	14012177	14012889	0	693	GCA_036940335.1_ASM3694033v1_genomic
AT4G05555	CP138066.1	81.385	693	86	25	2163	2819	14012762	14013447	2.41e-147	525	GCA_036940335.1_ASM3694033v1_genomic
AT4G05555	CP138066.1	87.16	405	30	13	2414	2816	20816318	20816702	8.99e-122	440	GCA_036940335.1_ASM3694033v1_genomic
AT4G05555	CP138066.1	100	41	0	0	2782	2822	20816689	20816729	2.92e-12	76.8	GCA_036940335.1_ASM3694033v1_genomic
AT1G36970	CP138071.1	98.073	1972	18	2	1	1972	13875950	13877901	0	3413	GCA_036940405.1_ASM3694040v1_genomic
AT1G36970	CP138071.1	87.475	495	57	5	1381	1873	14794155	14794646	9.52e-160	566	GCA_036940405.1_ASM3694040v1_genomic
AT1G36970	CP138071.1	86.708	489	65	0	1381	1869	18360697	18360209	4.46e-153	544	GCA_036940405.1_ASM3694040v1_genomic
AT1G36970	CP138071.1	89.744	156	14	2	991	1145	14793056	14793210	4e-49	198	GCA_036940405.1_ASM3694040v1_genomic
AT1G36970	CP138071.1	88.679	159	16	2	991	1148	18361788	18361631	1.86e-47	193	GCA_036940405.1_ASM3694040v1_genomic
AT1G36970	CP138071.1	94.681	94	5	0	1214	1307	13877312	13877405	1.47e-33	147	GCA_036940405.1_ASM3694040v1_genomic
AT1G36970	CP138071.1	98.113	53	1	0	1383	1435	13877163	13877215	1.94e-17	93.5	GCA_036940405.1_ASM3694040v1_genomic
AT1G36970	CP138073.1	90.625	672	56	7	2	670	17686008	17686675	0	885	GCA_036940405.1_ASM3694040v1_genomic
AT1G36970	CP138073.1	87.567	563	64	6	1381	1942	12855832	12855275	0	647	GCA_036940405.1_ASM3694040v1_genomic
AT1G36970	CP138073.1	88.39	534	59	3	1381	1913	17687384	17687915	0	640	GCA_036940405.1_ASM3694040v1_genomic
AT1G36970	CP138073.1	88.889	414	41	2	1381	1794	13099958	13099550	2.1e-141	505	GCA_036940405.1_ASM3694040v1_genomic
AT1G36970	CP138073.1	85.185	513	49	7	636	1148	13101376	13100891	2.72e-140	501	GCA_036940405.1_ASM3694040v1_genomic
AT1G36970	CP138073.1	88.803	259	26	1	596	854	13101634	13101379	3.81e-84	315	GCA_036940405.1_ASM3694040v1_genomic
AT1G36970	CP138073.1	96.842	95	3	0	1107	1201	12856787	12856693	1.89e-37	159	GCA_036940405.1_ASM3694040v1_genomic
AT1G36970	CP138073.1	96.703	91	3	0	1111	1201	13100907	13100817	3.16e-35	152	GCA_036940405.1_ASM3694040v1_genomic
AT1G36970	CP138073.1	91.954	87	6	1	1219	1305	17687391	17687476	8.91e-26	121	GCA_036940405.1_ASM3694040v1_genomic
AT1G36970	CP138072.1	83.252	615	85	16	2	608	3127697	3127093	9.59e-155	549	GCA_036940405.1_ASM3694040v1_genomic
AT1G36970	CP138072.1	79.864	442	53	21	715	1148	3126955	3126542	6.41e-77	291	GCA_036940405.1_ASM3694040v1_genomic
AT1G36970	CP138072.1	93.023	86	6	0	1116	1201	3126553	3126468	1.91e-27	126	GCA_036940405.1_ASM3694040v1_genomic
AT3G31560	CP138073.1	95.926	270	11	0	3	272	13101030	13101299	4.8e-122	438	GCA_036940405.1_ASM3694040v1_genomic
AT3G31560	CP138073.1	99.548	221	1	0	237	457	12856837	12857057	1.75e-111	403	GCA_036940405.1_ASM3694040v1_genomic
AT3G31560	CP138073.1	97.326	187	5	0	271	457	13101614	13101800	6.52e-86	318	GCA_036940405.1_ASM3694040v1_genomic
AT3G31560	CP138073.1	97.872	141	3	0	132	272	13101377	13101517	1.12e-63	244	GCA_036940405.1_ASM3694040v1_genomic
AT3G31560	CP138072.1	86.577	298	33	3	3	296	3126681	3126975	5.04e-87	322	GCA_036940405.1_ASM3694040v1_genomic
AT3G31560	CP138072.1	95.062	162	7	1	296	457	12831485	12831645	1.86e-66	254	GCA_036940405.1_ASM3694040v1_genomic
AT3G31560	CP138071.1	89.167	240	26	0	33	272	13876904	13876665	2.36e-80	300	GCA_036940405.1_ASM3694040v1_genomic
AT4G05555	CP138071.1	91.456	2177	156	14	1	2169	18364188	18362034	0	2963	GCA_036940405.1_ASM3694040v1_genomic
AT4G05555	CP138071.1	90.831	1516	112	16	1	1511	14768244	14769737	0	2004	GCA_036940405.1_ASM3694040v1_genomic
AT4G05555	CP138071.1	90.424	637	55	5	1507	2139	14792221	14792855	0	833	GCA_036940405.1_ASM3694040v1_genomic
AT4G05555	CP138071.1	83.402	723	103	14	1439	2154	13875830	13876542	0	654	GCA_036940405.1_ASM3694040v1_genomic
AT4G05555	CP138071.1	81.422	689	93	19	2163	2819	13876415	13877100	4.99e-149	531	GCA_036940405.1_ASM3694040v1_genomic
AT4G05555	CP138071.1	89.877	405	31	6	2413	2816	18362026	18361631	1.81e-143	512	GCA_036940405.1_ASM3694040v1_genomic
AT4G05555	CP138071.1	90.028	361	26	6	2454	2813	14792859	14793210	2.39e-127	459	GCA_036940405.1_ASM3694040v1_genomic
AT4G05555	CP138071.1	100	29	0	0	2794	2822	14793212	14793240	1.32e-05	54.7	GCA_036940405.1_ASM3694040v1_genomic
AT4G05555	CP138073.1	90.139	1369	129	6	1	1366	17684495	17685860	0	1775	GCA_036940405.1_ASM3694040v1_genomic
AT4G05555	CP138073.1	89.295	766	78	3	1405	2169	17685851	17686613	0	957	GCA_036940405.1_ASM3694040v1_genomic
AT4G05555	CP138073.1	90.349	487	44	3	2332	2816	13101376	13100891	1.03e-180	636	GCA_036940405.1_ASM3694040v1_genomic
AT4G05555	CP138073.1	100	41	0	0	2782	2822	12856780	12856740	2.81e-12	76.8	GCA_036940405.1_ASM3694040v1_genomic
AT4G05555	CP138073.1	100	41	0	0	2782	2822	13100904	13100864	2.81e-12	76.8	GCA_036940405.1_ASM3694040v1_genomic
AT4G05555	CP138072.1	92.536	1246	66	10	1066	2310	3128171	3126952	0	1760	GCA_036940405.1_ASM3694040v1_genomic
AT4G05555	CP138072.1	93.298	567	34	4	1	565	3128727	3128163	0	833	GCA_036940405.1_ASM3694040v1_genomic
AT4G05555	CP138072.1	92.512	414	26	3	2408	2816	3126955	3126542	2.92e-166	588	GCA_036940405.1_ASM3694040v1_genomic
AT4G05555	CP138072.1	88.406	138	16	0	2032	2169	3127095	3126958	1.62e-39	167	GCA_036940405.1_ASM3694040v1_genomic
AT4G05555	CP138072.1	100	39	0	0	2784	2822	3126553	3126515	3.63e-11	73.1	GCA_036940405.1_ASM3694040v1_genomic
AT1G36970	CP138076.1	99.696	1973	5	1	1	1972	14085037	14087009	0	3609	GCA_036940415.1_ASM3694041v1_genomic
AT1G36970	CP138076.1	95.745	94	4	0	1383	1476	14086251	14086344	3.18e-35	152	GCA_036940415.1_ASM3694041v1_genomic
AT1G36970	CP138076.1	95.745	94	4	0	1214	1307	14086420	14086513	3.18e-35	152	GCA_036940415.1_ASM3694041v1_genomic
AT1G36970	CP138078.1	90.639	673	54	9	2	670	17802748	17803415	0	885	GCA_036940415.1_ASM3694041v1_genomic
AT1G36970	CP138078.1	87.766	564	62	7	1381	1942	13012996	13012438	0	652	GCA_036940415.1_ASM3694041v1_genomic
AT1G36970	CP138078.1	88.202	534	60	3	1381	1913	17804124	17804655	2.59e-180	634	GCA_036940415.1_ASM3694041v1_genomic
AT1G36970	CP138078.1	86.9	542	67	4	1381	1919	13322297	13321757	2.03e-171	604	GCA_036940415.1_ASM3694041v1_genomic
AT1G36970	CP138078.1	82.964	587	52	11	636	1201	13014416	13013857	7.67e-136	486	GCA_036940415.1_ASM3694041v1_genomic
AT1G36970	CP138078.1	92.086	139	11	0	716	854	13014557	13014419	1.45e-48	196	GCA_036940415.1_ASM3694041v1_genomic
AT1G36970	CP138079.1	81.978	738	100	19	466	1201	2811721	2812427	1.22e-168	595	GCA_036940415.1_ASM3694041v1_genomic
AT1G36970	CP138079.1	84.991	533	76	4	1383	1913	2813296	2813826	2.09e-151	538	GCA_036940415.1_ASM3694041v1_genomic
AT1G36970	CP138077.1	86.531	542	66	7	1381	1919	3378400	3377863	5.68e-167	590	GCA_036940415.1_ASM3694041v1_genomic
AT1G36970	CP138077.1	83.089	615	86	16	2	608	3380497	3379893	4.49e-153	544	GCA_036940415.1_ASM3694041v1_genomic
AT1G36970	CP138077.1	80.682	440	52	12	715	1148	3379755	3379343	4.95e-83	311	GCA_036940415.1_ASM3694041v1_genomic
AT1G36970	CP138077.1	91.86	86	7	0	1116	1201	3379354	3379269	8.96e-26	121	GCA_036940415.1_ASM3694041v1_genomic
AT3G31560	CP138078.1	99.387	326	2	0	132	457	13014417	13014742	3.5e-168	592	GCA_036940415.1_ASM3694041v1_genomic
AT3G31560	CP138078.1	96.324	272	10	0	1	272	13014068	13014339	8.02e-125	448	GCA_036940415.1_ASM3694041v1_genomic
AT3G31560	CP138078.1	95.722	187	5	1	271	457	13323122	13323305	8.55e-80	298	GCA_036940415.1_ASM3694041v1_genomic
AT3G31560	CP138077.1	87.879	297	30	2	3	296	3379482	3379775	1.08e-93	344	GCA_036940415.1_ASM3694041v1_genomic
AT3G31560	CP138077.1	95.062	162	7	1	296	457	12528884	12529044	1.88e-66	254	GCA_036940415.1_ASM3694041v1_genomic
AT3G31560	CP138079.1	89.259	270	28	1	3	272	2812235	2811967	1.81e-91	337	GCA_036940415.1_ASM3694041v1_genomic
AT3G31560	CP138076.1	88.333	240	28	0	33	272	14085992	14085753	5.14e-77	289	GCA_036940415.1_ASM3694041v1_genomic
AT4G05555	CP138079.1	97.84	2824	42	2	1	2823	2809576	2812381	0	4859	GCA_036940415.1_ASM3694041v1_genomic
AT4G05555	CP138079.1	89.13	138	15	0	2032	2169	2811725	2811862	3.51e-41	172	GCA_036940415.1_ASM3694041v1_genomic
AT4G05555	CP138079.1	87.681	138	17	0	2167	2304	2811590	2811727	7.59e-38	161	GCA_036940415.1_ASM3694041v1_genomic
AT4G05555	CP138076.1	88.911	1515	114	16	1	1511	14707869	14706405	0	1818	GCA_036940415.1_ASM3694041v1_genomic
AT4G05555	CP138076.1	84.276	725	94	16	1439	2154	14084917	14085630	0	689	GCA_036940415.1_ASM3694041v1_genomic
AT4G05555	CP138076.1	81.097	693	89	23	2163	2819	14085502	14086188	1.41e-144	516	GCA_036940415.1_ASM3694041v1_genomic
AT4G05555	CP138078.1	89.861	1371	131	7	1	1366	17801233	17802600	0	1755	GCA_036940415.1_ASM3694041v1_genomic
AT4G05555	CP138078.1	89.164	766	79	3	1405	2169	17802591	17803353	0	952	GCA_036940415.1_ASM3694041v1_genomic
AT4G05555	CP138078.1	89.506	486	50	1	2332	2816	13014416	13013931	4.85e-174	614	GCA_036940415.1_ASM3694041v1_genomic
AT4G05555	CP138078.1	100	41	0	0	2782	2822	13013944	13013904	2.83e-12	76.8	GCA_036940415.1_ASM3694041v1_genomic
AT4G05555	CP138077.1	92.456	1246	66	13	1066	2310	3380970	3379752	0	1755	GCA_036940415.1_ASM3694041v1_genomic
AT4G05555	CP138077.1	92.416	567	39	4	1	565	3381526	3380962	0	806	GCA_036940415.1_ASM3694041v1_genomic
AT4G05555	CP138077.1	93.705	413	22	2	2408	2816	3379755	3379343	1.35e-174	616	GCA_036940415.1_ASM3694041v1_genomic
AT4G05555	CP138077.1	88.406	138	16	0	2032	2169	3379895	3379758	1.63e-39	167	GCA_036940415.1_ASM3694041v1_genomic
AT4G05555	CP138077.1	100	39	0	0	2784	2822	3379354	3379316	3.66e-11	73.1	GCA_036940415.1_ASM3694041v1_genomic
AT4G05555	CP138080.1	86.905	1092	135	8	92	1179	12585044	12586131	0	1218	GCA_036940415.1_ASM3694041v1_genomic
AT1G36970	CP138081.1	99.595	1973	7	1	1	1972	13916946	13918918	0	3598	GCA_036940605.1_ASM3694060v1_genomic
AT1G36970	CP138081.1	86.57	484	62	3	1387	1869	16944671	16944190	3.49e-149	531	GCA_036940605.1_ASM3694060v1_genomic
AT1G36970	CP138081.1	89.308	159	15	2	991	1148	16945776	16945619	4.02e-49	198	GCA_036940605.1_ASM3694060v1_genomic
AT1G36970	CP138081.1	95.745	94	4	0	1383	1476	13918160	13918253	3.17e-35	152	GCA_036940605.1_ASM3694060v1_genomic
AT1G36970	CP138081.1	95.745	94	4	0	1214	1307	13918329	13918422	3.17e-35	152	GCA_036940605.1_ASM3694060v1_genomic
AT1G36970	CP138083.1	90.179	672	59	7	2	670	18705051	18705718	0	869	GCA_036940605.1_ASM3694060v1_genomic
AT1G36970	CP138083.1	88.29	538	59	4	1378	1913	18706422	18706957	0	641	GCA_036940605.1_ASM3694060v1_genomic
AT1G36970	CP138083.1	87.211	563	66	6	1381	1942	12975106	12974549	0	636	GCA_036940605.1_ASM3694060v1_genomic
AT1G36970	CP138083.1	88.015	534	62	2	1381	1913	13280008	13279476	3.34e-179	630	GCA_036940605.1_ASM3694060v1_genomic
AT1G36970	CP138083.1	87.454	542	60	8	1381	1919	13311529	13310993	2.6e-175	617	GCA_036940605.1_ASM3694060v1_genomic
AT1G36970	CP138083.1	83.821	513	56	8	636	1148	12976529	12976044	1.29e-128	462	GCA_036940605.1_ASM3694060v1_genomic
AT1G36970	CP138083.1	87.069	348	42	1	596	943	13280706	13280362	6.17e-107	390	GCA_036940605.1_ASM3694060v1_genomic
AT1G36970	CP138083.1	89.189	259	25	1	596	854	12976787	12976532	8.22e-86	320	GCA_036940605.1_ASM3694060v1_genomic
AT1G36970	CP138083.1	88.655	238	24	1	636	873	13312919	13312685	8.33e-76	287	GCA_036940605.1_ASM3694060v1_genomic
AT1G36970	CP138083.1	93.252	163	11	0	986	1148	13312626	13312464	6.58e-62	241	GCA_036940605.1_ASM3694060v1_genomic
AT1G36970	CP138083.1	97.753	89	2	0	1113	1201	13312478	13312390	8.82e-36	154	GCA_036940605.1_ASM3694060v1_genomic
AT1G36970	CP138083.1	91.954	87	6	1	1219	1305	18706433	18706518	8.94e-26	121	GCA_036940605.1_ASM3694060v1_genomic
AT1G36970	CP138084.1	84.975	599	79	9	1	593	3013333	3013926	3.39e-169	597	GCA_036940605.1_ASM3694060v1_genomic
AT1G36970	CP138084.1	81.867	739	99	20	466	1201	3013935	3014641	5.67e-167	590	GCA_036940605.1_ASM3694060v1_genomic
AT1G36970	CP138084.1	85.234	535	75	4	1381	1913	3015508	3016040	3.46e-154	547	GCA_036940605.1_ASM3694060v1_genomic
AT1G36970	CP138082.1	86.381	536	66	7	1381	1913	3531414	3531945	1.23e-163	579	GCA_036940605.1_ASM3694060v1_genomic
AT1G36970	CP138082.1	83.415	615	84	15	2	608	3529317	3529921	2.07e-156	555	GCA_036940605.1_ASM3694060v1_genomic
AT1G36970	CP138082.1	80.361	443	54	12	712	1148	3530056	3530471	2.3e-81	305	GCA_036940605.1_ASM3694060v1_genomic
AT1G36970	CP138082.1	93.023	86	6	0	1116	1201	3530460	3530545	1.92e-27	126	GCA_036940605.1_ASM3694060v1_genomic
AT3G31560	CP138083.1	94.853	272	13	1	1	272	12976181	12976451	1.35e-117	424	GCA_036940605.1_ASM3694060v1_genomic
AT3G31560	CP138083.1	96.522	230	8	0	43	272	13280360	13280589	8.23e-105	381	GCA_036940605.1_ASM3694060v1_genomic
AT3G31560	CP138083.1	97.872	188	4	0	270	457	12976766	12976953	3.91e-88	326	GCA_036940605.1_ASM3694060v1_genomic
AT3G31560	CP138083.1	96.257	187	7	0	271	457	13280686	13280872	1.42e-82	307	GCA_036940605.1_ASM3694060v1_genomic
AT3G31560	CP138083.1	94.118	187	11	0	271	457	13313157	13313343	6.64e-76	285	GCA_036940605.1_ASM3694060v1_genomic
AT3G31560	CP138083.1	98.101	158	3	0	115	272	13312685	13312842	4e-73	276	GCA_036940605.1_ASM3694060v1_genomic
AT3G31560	CP138083.1	98.582	141	2	0	132	272	12976530	12976670	2.42e-65	250	GCA_036940605.1_ASM3694060v1_genomic
AT3G31560	CP138083.1	95.745	141	6	0	132	272	13312920	13313060	1.14e-58	228	GCA_036940605.1_ASM3694060v1_genomic
AT3G31560	CP138083.1	97.674	86	2	0	3	88	13312603	13312688	9.09e-35	148	GCA_036940605.1_ASM3694060v1_genomic
AT3G31560	CP138082.1	87.542	297	31	2	3	296	3530332	3530039	5.03e-92	339	GCA_036940605.1_ASM3694060v1_genomic
AT3G31560	CP138082.1	94.479	163	7	2	296	457	13405024	13405185	2.42e-65	250	GCA_036940605.1_ASM3694060v1_genomic
AT3G31560	CP138084.1	88.889	270	29	1	3	272	3014449	3014181	8.41e-90	331	GCA_036940605.1_ASM3694060v1_genomic
AT3G31560	CP138081.1	89.167	240	26	0	33	272	13917901	13917662	2.37e-80	300	GCA_036940605.1_ASM3694060v1_genomic
AT4G05555	CP138084.1	98.725	2823	18	1	1	2823	3011791	3014595	0	4998	GCA_036940605.1_ASM3694060v1_genomic
AT4G05555	CP138084.1	88.406	138	16	0	2167	2304	3013804	3013941	1.63e-39	167	GCA_036940605.1_ASM3694060v1_genomic
AT4G05555	CP138084.1	86.842	152	17	2	2032	2183	3013939	3014087	1.63e-39	167	GCA_036940605.1_ASM3694060v1_genomic
AT4G05555	CP138081.1	90.716	1411	120	10	1	1407	16979435	16978032	0	1869	GCA_036940605.1_ASM3694060v1_genomic
AT4G05555	CP138081.1	90.105	667	59	6	1507	2169	16946684	16946021	0	859	GCA_036940605.1_ASM3694060v1_genomic
AT4G05555	CP138081.1	83.978	724	98	15	1439	2154	13916826	13917539	0	678	GCA_036940605.1_ASM3694060v1_genomic
AT4G05555	CP138081.1	81.449	690	92	19	2163	2819	13917411	13918097	1.39e-149	532	GCA_036940605.1_ASM3694060v1_genomic
AT4G05555	CP138081.1	89.877	405	30	7	2413	2816	16946013	16945619	6.53e-143	510	GCA_036940605.1_ASM3694060v1_genomic
AT4G05555	CP138083.1	90.212	1369	128	6	1	1366	18703538	18704903	0	1781	GCA_036940605.1_ASM3694060v1_genomic
AT4G05555	CP138083.1	88.903	766	81	3	1405	2169	18704894	18705656	0	941	GCA_036940605.1_ASM3694060v1_genomic
AT4G05555	CP138083.1	88.912	487	51	3	2332	2816	12976529	12976044	4.87e-169	597	GCA_036940605.1_ASM3694060v1_genomic
AT4G05555	CP138083.1	88.012	342	38	3	2287	2626	13280711	13280371	4.1e-110	401	GCA_036940605.1_ASM3694060v1_genomic
AT4G05555	CP138083.1	94.366	213	12	0	2604	2816	13312676	13312464	7.06e-88	327	GCA_036940605.1_ASM3694060v1_genomic
AT4G05555	CP138083.1	89.787	235	23	1	2332	2565	13312919	13312685	1.54e-79	300	GCA_036940605.1_ASM3694060v1_genomic
AT4G05555	CP138083.1	100	41	0	0	2782	2822	13312477	13312437	2.82e-12	76.8	GCA_036940605.1_ASM3694060v1_genomic
AT4G05555	CP138082.1	92.518	1243	66	9	1066	2307	3528843	3530059	0	1755	GCA_036940605.1_ASM3694060v1_genomic
AT4G05555	CP138082.1	92.24	567	40	4	1	565	3528287	3528851	0	800	GCA_036940605.1_ASM3694060v1_genomic
AT4G05555	CP138082.1	93.462	413	23	2	2408	2816	3530059	3530471	6.26e-173	610	GCA_036940605.1_ASM3694060v1_genomic
AT4G05555	CP138082.1	88.406	138	16	0	2032	2169	3529919	3530056	1.63e-39	167	GCA_036940605.1_ASM3694060v1_genomic
AT4G05555	CP138082.1	100	39	0	0	2784	2822	3530460	3530498	3.65e-11	73.1	GCA_036940605.1_ASM3694060v1_genomic
AT4G05555	CP138085.1	86.905	1092	135	8	92	1179	12759412	12760499	0	1218	GCA_036940605.1_ASM3694060v1_genomic
AT1G36970	CP138086.1	98.732	1972	25	0	1	1972	13898099	13900070	0	3504	GCA_036940615.1_ASM3694061v1_genomic
AT1G36970	CP138086.1	88.163	490	55	3	1381	1869	14952020	14952507	3.51e-164	580	GCA_036940615.1_ASM3694061v1_genomic
AT1G36970	CP138086.1	89.744	156	14	2	991	1145	14950921	14951075	4.13e-49	198	GCA_036940615.1_ASM3694061v1_genomic
AT1G36970	CP138086.1	95.745	94	4	0	1383	1476	13899312	13899405	3.26e-35	152	GCA_036940615.1_ASM3694061v1_genomic
AT1G36970	CP138086.1	95.745	94	4	0	1214	1307	13899481	13899574	3.26e-35	152	GCA_036940615.1_ASM3694061v1_genomic
AT1G36970	CP138089.1	81.843	738	101	19	466	1201	3495787	3496493	5.83e-167	590	GCA_036940615.1_ASM3694061v1_genomic
AT1G36970	CP138089.1	85.15	532	77	2	1383	1913	3497362	3497892	4.61e-153	544	GCA_036940615.1_ASM3694061v1_genomic
AT3G31560	CP138089.1	88.889	270	29	1	3	272	3496301	3496033	8.65e-90	331	GCA_036940615.1_ASM3694061v1_genomic
AT3G31560	CP138086.1	88.75	240	27	0	33	272	13899053	13898814	1.14e-78	294	GCA_036940615.1_ASM3694061v1_genomic
AT3G31560	CP138087.1	94.444	162	8	1	296	457	14179944	14180104	8.96e-65	248	GCA_036940615.1_ASM3694061v1_genomic
AT3G31560	CP138088.1	97.917	96	2	0	362	457	12917414	12917509	2.58e-40	167	GCA_036940615.1_ASM3694061v1_genomic
AT4G05555	CP138089.1	97.628	2825	46	4	1	2823	3493642	3496447	0	4826	GCA_036940615.1_ASM3694061v1_genomic
AT4G05555	CP138089.1	89.13	138	15	0	2032	2169	3495791	3495928	3.6e-41	172	GCA_036940615.1_ASM3694061v1_genomic
AT4G05555	CP138089.1	87.681	138	17	0	2167	2304	3495656	3495793	7.79e-38	161	GCA_036940615.1_ASM3694061v1_genomic
AT4G05555	CP138086.1	90.928	1411	117	9	1	1407	14926532	14927935	0	1886	GCA_036940615.1_ASM3694061v1_genomic
AT4G05555	CP138086.1	90.405	667	58	5	1507	2169	14950011	14950675	0	872	GCA_036940615.1_ASM3694061v1_genomic
AT4G05555	CP138086.1	84.094	723	98	14	1439	2154	13897979	13898691	0	682	GCA_036940615.1_ASM3694061v1_genomic
AT4G05555	CP138086.1	81.132	689	95	19	2163	2819	13898564	13899249	1.12e-145	520	GCA_036940615.1_ASM3694061v1_genomic
AT4G05555	CP138086.1	90.299	402	29	6	2413	2813	14950683	14951075	4.01e-145	518	GCA_036940615.1_ASM3694061v1_genomic
AT4G05555	CP138086.1	86.986	146	11	7	2167	2307	14950536	14950678	1.01e-36	158	GCA_036940615.1_ASM3694061v1_genomic
AT4G05555	CP138086.1	100	29	0	0	2794	2822	14951077	14951105	1.36e-05	54.7	GCA_036940615.1_ASM3694061v1_genomic
AT1G36970	CP138091.1	99.746	1972	5	0	1	1972	14079685	14081656	0	3615	GCA_036940625.1_ASM3694062v1_genomic
AT1G36970	CP138091.1	88.454	485	53	3	1381	1864	19122875	19123357	9.56e-165	582	GCA_036940625.1_ASM3694062v1_genomic
AT1G36970	CP138091.1	82.403	233	18	4	991	1201	19121776	19122007	4.08e-44	182	GCA_036940625.1_ASM3694062v1_genomic
AT1G36970	CP138091.1	95.745	94	4	0	1383	1476	14080898	14080991	3.2e-35	152	GCA_036940625.1_ASM3694062v1_genomic
AT1G36970	CP138091.1	95.745	94	4	0	1214	1307	14081067	14081160	3.2e-35	152	GCA_036940625.1_ASM3694062v1_genomic
AT1G36970	CP138093.1	87.823	542	61	5	1381	1919	12912860	12912321	3.37e-179	630	GCA_036940625.1_ASM3694062v1_genomic
AT1G36970	CP138093.1	83.673	588	46	13	636	1201	12914278	12913719	1.65e-142	508	GCA_036940625.1_ASM3694062v1_genomic
AT1G36970	CP138093.1	88.417	259	27	1	596	854	12914536	12914281	1.79e-82	309	GCA_036940625.1_ASM3694062v1_genomic
AT1G36970	CP138094.1	84.808	599	80	9	1	593	3029722	3030315	1.59e-167	592	GCA_036940625.1_ASM3694062v1_genomic
AT1G36970	CP138094.1	81.671	742	95	23	466	1201	3030324	3031030	1.24e-163	579	GCA_036940625.1_ASM3694062v1_genomic
AT1G36970	CP138092.1	86.531	542	66	7	1381	1919	3279952	3279415	5.72e-167	590	GCA_036940625.1_ASM3694062v1_genomic
AT1G36970	CP138092.1	82.927	615	87	16	2	608	3282049	3281445	2.1e-151	538	GCA_036940625.1_ASM3694062v1_genomic
AT1G36970	CP138092.1	80.682	440	52	12	715	1148	3281307	3280895	4.98e-83	311	GCA_036940625.1_ASM3694062v1_genomic
AT1G36970	CP138092.1	90.698	86	8	0	1116	1201	3280906	3280821	4.19e-24	115	GCA_036940625.1_ASM3694062v1_genomic
AT3G31560	CP138093.1	96.667	270	9	0	3	272	12913932	12914201	2.24e-125	449	GCA_036940625.1_ASM3694062v1_genomic
AT3G31560	CP138093.1	97.326	187	4	1	271	457	12914516	12914701	2.37e-85	316	GCA_036940625.1_ASM3694062v1_genomic
AT3G31560	CP138093.1	96.454	141	5	0	132	272	12914279	12914419	2.46e-60	233	GCA_036940625.1_ASM3694062v1_genomic
AT3G31560	CP138092.1	87.542	297	31	2	3	296	3281034	3281327	5.07e-92	339	GCA_036940625.1_ASM3694062v1_genomic
AT3G31560	CP138092.1	95.062	162	7	1	296	457	12992584	12992744	1.89e-66	254	GCA_036940625.1_ASM3694062v1_genomic
AT3G31560	CP138094.1	88.889	270	29	1	3	272	3030838	3030570	8.48e-90	331	GCA_036940625.1_ASM3694062v1_genomic
AT3G31560	CP138091.1	88.75	240	27	0	33	272	14080639	14080400	1.11e-78	294	GCA_036940625.1_ASM3694062v1_genomic
AT4G05555	CP138094.1	100	2823	0	0	1	2823	3028162	3030984	0	5214	GCA_036940625.1_ASM3694062v1_genomic
AT4G05555	CP138094.1	88.406	138	16	0	2167	2304	3030193	3030330	1.64e-39	167	GCA_036940625.1_ASM3694062v1_genomic
AT4G05555	CP138094.1	88.406	138	16	0	2032	2169	3030328	3030465	1.64e-39	167	GCA_036940625.1_ASM3694062v1_genomic
AT4G05555	CP138092.1	92.376	1246	68	13	1066	2310	3282523	3281304	0	1749	GCA_036940625.1_ASM3694062v1_genomic
AT4G05555	CP138092.1	92.416	567	39	4	1	565	3283079	3282515	0	806	GCA_036940625.1_ASM3694062v1_genomic
AT4G05555	CP138092.1	93.705	413	22	2	2408	2816	3281307	3280895	1.36e-174	616	GCA_036940625.1_ASM3694062v1_genomic
AT4G05555	CP138092.1	87.681	138	17	0	2032	2169	3281447	3281310	7.63e-38	161	GCA_036940625.1_ASM3694062v1_genomic
AT4G05555	CP138092.1	100	39	0	0	2784	2822	3280906	3280868	3.68e-11	73.1	GCA_036940625.1_ASM3694062v1_genomic
AT4G05555	CP138091.1	90.732	874	75	5	496	1366	19120877	19121747	0	1160	GCA_036940625.1_ASM3694062v1_genomic
AT4G05555	CP138091.1	84.371	723	96	14	1439	2154	14079565	14080277	0	693	GCA_036940625.1_ASM3694062v1_genomic
AT4G05555	CP138091.1	81.132	689	95	19	2163	2819	14080150	14080835	1.09e-145	520	GCA_036940625.1_ASM3694062v1_genomic
AT4G05555	CP138091.1	91.772	158	13	0	2659	2816	19121776	19121933	1.24e-55	220	GCA_036940625.1_ASM3694062v1_genomic
AT4G05555	CP138091.1	100	41	0	0	2782	2822	19121920	19121960	2.84e-12	76.8	GCA_036940625.1_ASM3694062v1_genomic
AT4G05555	CP138093.1	90.329	486	46	1	2332	2816	12914278	12913793	1.04e-180	636	GCA_036940625.1_ASM3694062v1_genomic
AT4G05555	CP138093.1	88.973	263	29	0	2287	2549	12914541	12914279	2.56e-87	326	GCA_036940625.1_ASM3694062v1_genomic
AT4G05555	CP138093.1	100	41	0	0	2782	2822	12913806	12913766	2.84e-12	76.8	GCA_036940625.1_ASM3694062v1_genomic
AT1G36970	CP138096.1	98.834	1972	23	0	1	1972	14220210	14222181	0	3515	GCA_036940635.1_ASM3694063v1_genomic
AT1G36970	CP138096.1	87.654	486	57	3	1381	1865	19808362	19808845	1.22e-158	562	GCA_036940635.1_ASM3694063v1_genomic
AT1G36970	CP138096.1	82.883	222	16	8	1001	1201	19807275	19807495	1.44e-43	180	GCA_036940635.1_ASM3694063v1_genomic
AT1G36970	CP138096.1	95.745	94	4	0	1383	1476	14221423	14221516	3.14e-35	152	GCA_036940635.1_ASM3694063v1_genomic
AT1G36970	CP138096.1	95.745	94	4	0	1214	1307	14221592	14221685	3.14e-35	152	GCA_036940635.1_ASM3694063v1_genomic
AT1G36970	CP138098.1	87.389	563	65	6	1381	1942	13027717	13027160	0	641	GCA_036940635.1_ASM3694063v1_genomic
AT1G36970	CP138098.1	85.185	513	49	7	636	1148	13253090	13252605	2.7e-140	501	GCA_036940635.1_ASM3694063v1_genomic
AT1G36970	CP138098.1	88.406	414	43	2	1381	1794	13251672	13251264	4.53e-138	494	GCA_036940635.1_ASM3694063v1_genomic
AT1G36970	CP138098.1	83.135	587	51	11	636	1201	13029137	13028578	1.63e-137	492	GCA_036940635.1_ASM3694063v1_genomic
AT1G36970	CP138098.1	88.803	259	26	1	596	854	13253348	13253093	3.78e-84	315	GCA_036940635.1_ASM3694063v1_genomic
AT1G36970	CP138098.1	92.086	139	11	0	716	854	13029278	13029140	1.43e-48	196	GCA_036940635.1_ASM3694063v1_genomic
AT1G36970	CP138098.1	96.703	91	3	0	1111	1201	13252621	13252531	3.14e-35	152	GCA_036940635.1_ASM3694063v1_genomic
AT1G36970	CP138099.1	82.003	739	98	20	466	1201	4026250	4026956	1.21e-168	595	GCA_036940635.1_ASM3694063v1_genomic
AT1G36970	CP138099.1	84.307	599	82	10	1	593	4025649	4026241	1.57e-162	575	GCA_036940635.1_ASM3694063v1_genomic
AT1G36970	CP138099.1	85.607	535	73	4	1381	1913	4027823	4028355	1.58e-157	558	GCA_036940635.1_ASM3694063v1_genomic
AT3G31560	CP138098.1	99.387	326	2	0	132	457	13029138	13029463	3.46e-168	592	GCA_036940635.1_ASM3694063v1_genomic
AT3G31560	CP138098.1	96.691	272	9	0	1	272	13028789	13029060	1.7e-126	453	GCA_036940635.1_ASM3694063v1_genomic
AT3G31560	CP138098.1	95.926	270	11	0	3	272	13252744	13253013	4.77e-122	438	GCA_036940635.1_ASM3694063v1_genomic
AT3G31560	CP138098.1	97.326	187	5	0	271	457	13253328	13253514	6.48e-86	318	GCA_036940635.1_ASM3694063v1_genomic
AT3G31560	CP138098.1	97.163	141	4	0	132	272	13253091	13253231	5.19e-62	239	GCA_036940635.1_ASM3694063v1_genomic
AT3G31560	CP138099.1	89.259	270	28	1	3	272	4026764	4026496	1.79e-91	337	GCA_036940635.1_ASM3694063v1_genomic
AT3G31560	CP138096.1	88.75	240	27	0	33	272	14221164	14220925	1.09e-78	294	GCA_036940635.1_ASM3694063v1_genomic
AT3G31560	CP138097.1	95.679	162	6	1	296	457	12242130	12242290	3.98e-68	259	GCA_036940635.1_ASM3694063v1_genomic
AT4G05555	CP138099.1	98.725	2823	17	2	1	2823	4024107	4026910	0	4996	GCA_036940635.1_ASM3694063v1_genomic
AT4G05555	CP138099.1	88.406	138	16	0	2167	2304	4026119	4026256	1.61e-39	167	GCA_036940635.1_ASM3694063v1_genomic
AT4G05555	CP138099.1	86.842	152	17	2	2032	2183	4026254	4026402	1.61e-39	167	GCA_036940635.1_ASM3694063v1_genomic
AT4G05555	CP138096.1	89.904	1040	78	16	1135	2169	19806011	19807028	0	1314	GCA_036940635.1_ASM3694063v1_genomic
AT4G05555	CP138096.1	90.365	903	75	11	500	1398	19805111	19806005	0	1175	GCA_036940635.1_ASM3694063v1_genomic
AT4G05555	CP138096.1	84.232	723	97	14	1439	2154	14220090	14220802	0	688	GCA_036940635.1_ASM3694063v1_genomic
AT4G05555	CP138096.1	81.187	691	91	23	2163	2819	14220675	14221360	1.07e-145	520	GCA_036940635.1_ASM3694063v1_genomic
AT4G05555	CP138096.1	86.42	405	33	13	2414	2816	19807037	19807421	8.66e-117	424	GCA_036940635.1_ASM3694063v1_genomic
AT4G05555	CP138096.1	100	42	0	0	2781	2822	19807407	19807448	7.76e-13	78.7	GCA_036940635.1_ASM3694063v1_genomic
AT4G05555	CP138100.1	87.02	1094	131	10	92	1179	12316035	12317123	0	1223	GCA_036940635.1_ASM3694063v1_genomic
AT4G05555	CP138098.1	90.554	487	43	3	2332	2816	13253090	13252605	0	641	GCA_036940635.1_ASM3694063v1_genomic
AT4G05555	CP138098.1	89.712	486	49	1	2332	2816	13029137	13028652	1.03e-175	619	GCA_036940635.1_ASM3694063v1_genomic
AT4G05555	CP138098.1	100	41	0	0	2782	2822	13028665	13028625	2.79e-12	76.8	GCA_036940635.1_ASM3694063v1_genomic
AT4G05555	CP138098.1	100	41	0	0	2782	2822	13252618	13252578	2.79e-12	76.8	GCA_036940635.1_ASM3694063v1_genomic
AT1G36970	CP138101.1	98.884	1972	22	0	1	1972	14077502	14079473	0	3520	GCA_036940645.1_ASM3694064v1_genomic
AT1G36970	CP138101.1	95.745	94	4	0	1383	1476	14078715	14078808	3.44e-35	152	GCA_036940645.1_ASM3694064v1_genomic
AT1G36970	CP138101.1	94.681	94	5	0	1214	1307	14078884	14078977	1.6e-33	147	GCA_036940645.1_ASM3694064v1_genomic
AT1G36970	CP138103.1	90.179	672	57	8	2	670	19193895	19193230	0	867	GCA_036940645.1_ASM3694064v1_genomic
AT1G36970	CP138103.1	87.64	534	63	3	1381	1913	19192524	19191993	2.82e-175	617	GCA_036940645.1_ASM3694064v1_genomic
AT1G36970	CP138104.1	84.5	600	80	11	1	593	3398830	3399423	3.71e-164	580	GCA_036940645.1_ASM3694064v1_genomic
AT1G36970	CP138104.1	81.165	738	106	19	466	1201	3399432	3400138	1.34e-158	562	GCA_036940645.1_ASM3694064v1_genomic
AT1G36970	CP138104.1	85.047	535	76	4	1381	1913	3401004	3401536	1.75e-152	542	GCA_036940645.1_ASM3694064v1_genomic
AT1G36970	CP138102.1	83.252	615	85	15	2	608	3083412	3084016	1.04e-154	549	GCA_036940645.1_ASM3694064v1_genomic
AT1G36970	CP138102.1	89.541	392	39	2	1381	1771	3085509	3085899	1.38e-138	496	GCA_036940645.1_ASM3694064v1_genomic
AT1G36970	CP138102.1	80.361	443	54	12	712	1148	3084151	3084566	2.5e-81	305	GCA_036940645.1_ASM3694064v1_genomic
AT1G36970	CP138102.1	93.023	86	6	0	1116	1201	3084555	3084640	2.09e-27	126	GCA_036940645.1_ASM3694064v1_genomic
AT3G31560	CP138102.1	87.542	297	31	2	3	296	3084427	3084134	5.46e-92	339	GCA_036940645.1_ASM3694064v1_genomic
AT3G31560	CP138102.1	93.827	162	9	1	296	457	14560181	14560341	4.4e-63	243	GCA_036940645.1_ASM3694064v1_genomic
AT3G31560	CP138104.1	89.259	270	28	1	3	272	3399946	3399678	1.96e-91	337	GCA_036940645.1_ASM3694064v1_genomic
AT3G31560	CP138101.1	88.333	240	28	0	33	272	14078456	14078217	5.58e-77	289	GCA_036940645.1_ASM3694064v1_genomic
AT4G05555	CP138104.1	97.415	2824	53	3	1	2823	3397288	3400092	0	4793	GCA_036940645.1_ASM3694064v1_genomic
AT4G05555	CP138104.1	86.842	152	17	2	2032	2183	3399436	3399584	1.77e-39	167	GCA_036940645.1_ASM3694064v1_genomic
AT4G05555	CP138103.1	89.847	1369	131	7	1	1366	19195406	19194043	0	1751	GCA_036940645.1_ASM3694064v1_genomic
AT4G05555	CP138103.1	88.903	766	79	4	1405	2169	19194052	19193292	0	939	GCA_036940645.1_ASM3694064v1_genomic
AT4G05555	CP138102.1	91.553	1243	63	9	1066	2307	3082953	3084154	0	1676	GCA_036940645.1_ASM3694064v1_genomic
AT4G05555	CP138102.1	92.416	567	39	4	1	565	3082397	3082961	0	806	GCA_036940645.1_ASM3694064v1_genomic
AT4G05555	CP138102.1	93.462	413	23	2	2408	2816	3084154	3084566	6.79e-173	610	GCA_036940645.1_ASM3694064v1_genomic
AT4G05555	CP138102.1	88.406	138	16	0	2032	2169	3084014	3084151	1.77e-39	167	GCA_036940645.1_ASM3694064v1_genomic
AT4G05555	CP138102.1	100	39	0	0	2784	2822	3084555	3084593	3.96e-11	73.1	GCA_036940645.1_ASM3694064v1_genomic
AT4G05555	CP138105.1	86.996	1092	134	8	92	1179	13607811	13608898	0	1223	GCA_036940645.1_ASM3694064v1_genomic
AT4G05555	CP138101.1	83.541	723	102	14	1439	2154	14077382	14078094	0	660	GCA_036940645.1_ASM3694064v1_genomic
AT4G05555	CP138101.1	81.069	692	90	23	2163	2819	14077967	14078652	5.48e-144	514	GCA_036940645.1_ASM3694064v1_genomic
AT1G36970	CP138106.1	99.29	1972	13	1	1	1972	14502312	14504282	0	3563	GCA_036940715.1_ASM3694071v1_genomic
AT1G36970	CP138106.1	95.745	94	4	0	1383	1476	14503524	14503617	3.14e-35	152	GCA_036940715.1_ASM3694071v1_genomic
AT1G36970	CP138106.1	95.745	94	4	0	1214	1307	14503693	14503786	3.14e-35	152	GCA_036940715.1_ASM3694071v1_genomic
AT1G36970	CP138108.1	90.059	674	56	8	4	670	16673826	16673157	0	863	GCA_036940715.1_ASM3694071v1_genomic
AT1G36970	CP138108.1	88.994	527	55	3	1388	1913	16672385	16671861	0	649	GCA_036940715.1_ASM3694071v1_genomic
AT1G36970	CP138108.1	87.29	535	65	3	1381	1913	13127212	13126679	1.55e-172	608	GCA_036940715.1_ASM3694071v1_genomic
AT1G36970	CP138108.1	84.81	553	57	8	596	1148	13128669	13128144	3.45e-149	531	GCA_036940715.1_ASM3694071v1_genomic
AT1G36970	CP138108.1	96.629	89	3	0	1113	1201	13128158	13128070	4.06e-34	148	GCA_036940715.1_ASM3694071v1_genomic
AT1G36970	CP138108.1	91.954	87	6	1	1219	1305	16672385	16672300	8.86e-26	121	GCA_036940715.1_ASM3694071v1_genomic
AT1G36970	CP138109.1	84.808	599	80	10	1	593	2786387	2786980	1.56e-167	592	GCA_036940715.1_ASM3694071v1_genomic
AT1G36970	CP138109.1	81.867	739	99	20	466	1201	2786989	2787695	5.62e-167	590	GCA_036940715.1_ASM3694071v1_genomic
AT1G36970	CP138109.1	85.607	535	73	4	1381	1913	2788562	2789094	1.58e-157	558	GCA_036940715.1_ASM3694071v1_genomic
AT3G31560	CP138108.1	95.185	270	13	0	3	272	13128283	13128552	1.03e-118	427	GCA_036940715.1_ASM3694071v1_genomic
AT3G31560	CP138108.1	96.791	187	6	0	271	457	13128649	13128835	3.02e-84	313	GCA_036940715.1_ASM3694071v1_genomic
AT3G31560	CP138109.1	89.259	270	28	1	3	272	2787503	2787235	1.79e-91	337	GCA_036940715.1_ASM3694071v1_genomic
AT3G31560	CP138106.1	88.186	237	28	0	36	272	14503263	14503027	2.37e-75	283	GCA_036940715.1_ASM3694071v1_genomic
AT3G31560	CP138107.1	95.062	162	7	1	296	457	12095787	12095947	1.85e-66	254	GCA_036940715.1_ASM3694071v1_genomic
AT4G05555	CP138109.1	98.618	2823	20	2	1	2823	2784846	2787649	0	4979	GCA_036940715.1_ASM3694071v1_genomic
AT4G05555	CP138109.1	88.321	137	16	0	2168	2304	2786859	2786995	5.8e-39	165	GCA_036940715.1_ASM3694071v1_genomic
AT4G05555	CP138109.1	86.184	152	18	2	2032	2183	2786993	2787141	7.5e-38	161	GCA_036940715.1_ASM3694071v1_genomic
AT4G05555	CP138108.1	90.67	1104	98	5	265	1366	16675076	16673976	0	1463	GCA_036940715.1_ASM3694071v1_genomic
AT4G05555	CP138108.1	88.312	770	82	5	1405	2169	16673985	16673219	0	917	GCA_036940715.1_ASM3694071v1_genomic
AT4G05555	CP138108.1	89.266	531	56	1	2287	2816	13128674	13128144	0	664	GCA_036940715.1_ASM3694071v1_genomic
AT4G05555	CP138108.1	88.479	217	24	1	1	216	16675297	16675081	7.19e-68	261	GCA_036940715.1_ASM3694071v1_genomic
AT4G05555	CP138108.1	89.5	200	21	0	2167	2366	16673356	16673157	1.2e-65	254	GCA_036940715.1_ASM3694071v1_genomic
AT4G05555	CP138108.1	97.561	41	1	0	2782	2822	13128157	13128117	1.3e-10	71.3	GCA_036940715.1_ASM3694071v1_genomic
AT4G05555	CP138110.1	86.996	1092	134	8	92	1179	12260792	12261879	0	1223	GCA_036940715.1_ASM3694071v1_genomic
AT4G05555	CP138106.1	84.094	723	98	14	1439	2154	14502192	14502904	0	682	GCA_036940715.1_ASM3694071v1_genomic
AT4G05555	CP138106.1	81.042	691	91	25	2163	2819	14502777	14503461	5e-144	514	GCA_036940715.1_ASM3694071v1_genomic
AT1G36970	CP138111.1	99.899	1972	2	0	1	1972	14066677	14068648	0	3631	GCA_036940825.1_ASM3694082v1_genomic
AT1G36970	CP138111.1	87.117	489	60	1	1381	1869	19670577	19670092	2.65e-155	551	GCA_036940825.1_ASM3694082v1_genomic
AT1G36970	CP138111.1	89.937	159	14	2	991	1148	19671575	19671418	8.56e-51	204	GCA_036940825.1_ASM3694082v1_genomic
AT1G36970	CP138111.1	95.745	94	4	0	1383	1476	14067890	14067983	3.14e-35	152	GCA_036940825.1_ASM3694082v1_genomic
AT1G36970	CP138111.1	95.745	94	4	0	1214	1307	14068059	14068152	3.14e-35	152	GCA_036940825.1_ASM3694082v1_genomic
AT1G36970	CP138111.1	90.909	66	6	0	1117	1182	19671428	19671363	2.5e-16	89.8	GCA_036940825.1_ASM3694082v1_genomic
AT1G36970	CP138113.1	90.179	672	59	7	2	670	15797245	15797912	0	869	GCA_036940825.1_ASM3694082v1_genomic
AT1G36970	CP138113.1	87.389	563	65	6	1381	1942	13029774	13029217	0	641	GCA_036940825.1_ASM3694082v1_genomic
AT1G36970	CP138113.1	88.015	534	61	3	1381	1913	15798621	15799152	1.19e-178	628	GCA_036940825.1_ASM3694082v1_genomic
AT1G36970	CP138113.1	85.185	513	49	7	636	1148	13330215	13329730	2.71e-140	501	GCA_036940825.1_ASM3694082v1_genomic
AT1G36970	CP138113.1	88.406	414	43	2	1381	1794	13328797	13328389	4.53e-138	494	GCA_036940825.1_ASM3694082v1_genomic
AT1G36970	CP138113.1	83.135	587	51	11	636	1201	13031194	13030635	1.63e-137	492	GCA_036940825.1_ASM3694082v1_genomic
AT1G36970	CP138113.1	88.803	259	26	1	596	854	13330473	13330218	3.79e-84	315	GCA_036940825.1_ASM3694082v1_genomic
AT1G36970	CP138113.1	92.086	139	11	0	716	854	13031335	13031197	1.43e-48	196	GCA_036940825.1_ASM3694082v1_genomic
AT1G36970	CP138113.1	96.703	91	3	0	1111	1201	13329746	13329656	3.14e-35	152	GCA_036940825.1_ASM3694082v1_genomic
AT1G36970	CP138113.1	91.954	87	6	1	1219	1305	15798628	15798713	8.87e-26	121	GCA_036940825.1_ASM3694082v1_genomic
AT1G36970	CP138114.1	84.975	599	79	9	1	593	3017226	3017819	3.36e-169	597	GCA_036940825.1_ASM3694082v1_genomic
AT1G36970	CP138114.1	81.732	739	100	20	466	1201	3017828	3018534	2.62e-165	584	GCA_036940825.1_ASM3694082v1_genomic
AT1G36970	CP138114.1	85.234	535	75	4	1381	1913	3019401	3019933	3.43e-154	547	GCA_036940825.1_ASM3694082v1_genomic
AT1G36970	CP138112.1	83.74	615	82	16	2	608	3425651	3425047	9.48e-160	566	GCA_036940825.1_ASM3694082v1_genomic
AT1G36970	CP138112.1	86.508	378	43	8	1545	1919	3423940	3423568	1.69e-112	409	GCA_036940825.1_ASM3694082v1_genomic
AT1G36970	CP138112.1	80.227	440	54	12	715	1148	3424909	3424497	1.06e-79	300	GCA_036940825.1_ASM3694082v1_genomic
AT1G36970	CP138112.1	93.023	86	6	0	1116	1201	3424508	3424423	1.91e-27	126	GCA_036940825.1_ASM3694082v1_genomic
AT3G31560	CP138113.1	99.387	326	2	0	132	457	13031195	13031520	3.46e-168	592	GCA_036940825.1_ASM3694082v1_genomic
AT3G31560	CP138113.1	96.691	272	9	0	1	272	13030846	13031117	1.71e-126	453	GCA_036940825.1_ASM3694082v1_genomic
AT3G31560	CP138113.1	95.926	270	11	0	3	272	13329869	13330138	4.78e-122	438	GCA_036940825.1_ASM3694082v1_genomic
AT3G31560	CP138113.1	97.326	187	5	0	271	457	13330453	13330639	6.49e-86	318	GCA_036940825.1_ASM3694082v1_genomic
AT3G31560	CP138113.1	97.163	141	4	0	132	272	13330216	13330356	5.2e-62	239	GCA_036940825.1_ASM3694082v1_genomic
AT3G31560	CP138114.1	89.259	270	28	1	3	272	3018342	3018074	1.79e-91	337	GCA_036940825.1_ASM3694082v1_genomic
AT3G31560	CP138112.1	87.205	297	32	2	3	296	3424636	3424929	2.32e-90	333	GCA_036940825.1_ASM3694082v1_genomic
AT3G31560	CP138112.1	95.062	162	7	1	296	457	13881037	13881197	1.86e-66	254	GCA_036940825.1_ASM3694082v1_genomic
AT3G31560	CP138111.1	88.75	240	27	0	33	272	14067631	14067392	1.09e-78	294	GCA_036940825.1_ASM3694082v1_genomic
AT4G05555	CP138114.1	99.256	2823	3	1	1	2823	3015684	3018488	0	5081	GCA_036940825.1_ASM3694082v1_genomic
AT4G05555	CP138114.1	88.406	138	16	0	2167	2304	3017697	3017834	1.61e-39	167	GCA_036940825.1_ASM3694082v1_genomic
AT4G05555	CP138114.1	88.406	138	16	0	2032	2169	3017832	3017969	1.61e-39	167	GCA_036940825.1_ASM3694082v1_genomic
AT4G05555	CP138111.1	91.372	2179	152	23	1	2169	19673979	19671827	0	2950	GCA_036940825.1_ASM3694082v1_genomic
AT4G05555	CP138111.1	84.371	723	96	14	1439	2154	14066557	14067269	0	693	GCA_036940825.1_ASM3694082v1_genomic
AT4G05555	CP138111.1	81.358	692	88	23	2163	2819	14067142	14067827	2.31e-147	525	GCA_036940825.1_ASM3694082v1_genomic
AT4G05555	CP138111.1	88.808	411	30	7	2413	2816	19671819	19671418	8.43e-137	490	GCA_036940825.1_ASM3694082v1_genomic
AT4G05555	CP138111.1	100	38	0	0	2785	2822	19671428	19671391	1.3e-10	71.3	GCA_036940825.1_ASM3694082v1_genomic
AT4G05555	CP138113.1	90.066	1369	130	6	1	1366	15795732	15797097	0	1770	GCA_036940825.1_ASM3694082v1_genomic
AT4G05555	CP138113.1	89.164	766	79	3	1405	2169	15797088	15797850	0	952	GCA_036940825.1_ASM3694082v1_genomic
AT4G05555	CP138113.1	90.554	487	43	3	2332	2816	13330215	13329730	0	641	GCA_036940825.1_ASM3694082v1_genomic
AT4G05555	CP138113.1	89.712	486	49	1	2332	2816	13031194	13030709	1.03e-175	619	GCA_036940825.1_ASM3694082v1_genomic
AT4G05555	CP138113.1	100	41	0	0	2782	2822	13030722	13030682	2.8e-12	76.8	GCA_036940825.1_ASM3694082v1_genomic
AT4G05555	CP138113.1	100	41	0	0	2782	2822	13329743	13329703	2.8e-12	76.8	GCA_036940825.1_ASM3694082v1_genomic
AT4G05555	CP138112.1	92.616	1246	66	8	1066	2310	3426126	3424906	0	1768	GCA_036940825.1_ASM3694082v1_genomic
AT4G05555	CP138112.1	93.122	567	35	4	1	565	3426682	3426118	0	828	GCA_036940825.1_ASM3694082v1_genomic
AT4G05555	CP138112.1	93.22	413	24	2	2408	2816	3424909	3424497	2.89e-171	604	GCA_036940825.1_ASM3694082v1_genomic
AT4G05555	CP138112.1	88.406	138	16	0	2032	2169	3425049	3424912	1.61e-39	167	GCA_036940825.1_ASM3694082v1_genomic
AT4G05555	CP138112.1	100	39	0	0	2784	2822	3424508	3424470	3.62e-11	73.1	GCA_036940825.1_ASM3694082v1_genomic
AT4G05555	CP138115.1	86.996	1092	134	8	92	1179	12812355	12813442	0	1223	GCA_036940825.1_ASM3694082v1_genomic
AT1G36970	CP138116.1	98.225	1972	14	1	1	1972	13761325	13763275	0	3428	GCA_036940995.1_ASM3694099v1_genomic
AT1G36970	CP138116.1	88.259	494	54	4	1381	1873	14564898	14565388	2.15e-166	588	GCA_036940995.1_ASM3694099v1_genomic
AT1G36970	CP138116.1	90.385	156	13	2	991	1145	14563799	14563953	9.11e-51	204	GCA_036940995.1_ASM3694099v1_genomic
AT1G36970	CP138116.1	95.745	94	4	0	1383	1476	13762517	13762610	3.35e-35	152	GCA_036940995.1_ASM3694099v1_genomic
AT1G36970	CP138116.1	94.681	94	5	0	1214	1307	13762686	13762779	1.56e-33	147	GCA_036940995.1_ASM3694099v1_genomic
AT1G36970	CP138118.1	90.179	672	59	7	2	670	19705968	19706635	0	869	GCA_036940995.1_ASM3694099v1_genomic
AT1G36970	CP138118.1	87.828	534	62	3	1381	1913	19707343	19707874	5.9e-177	623	GCA_036940995.1_ASM3694099v1_genomic
AT1G36970	CP138118.1	87.085	542	62	8	1381	1919	14580849	14581385	5.95e-172	606	GCA_036940995.1_ASM3694099v1_genomic
AT1G36970	CP138118.1	83.673	588	46	13	636	1201	14579431	14579990	1.72e-142	508	GCA_036940995.1_ASM3694099v1_genomic
AT1G36970	CP138118.1	88.031	259	28	1	596	854	14579173	14579428	8.73e-81	303	GCA_036940995.1_ASM3694099v1_genomic
AT1G36970	CP138118.1	89.655	87	8	1	1219	1305	19707350	19707435	2.04e-22	110	GCA_036940995.1_ASM3694099v1_genomic
AT1G36970	CP138119.1	81.843	738	101	19	466	1201	3077544	3078250	5.99e-167	590	GCA_036940995.1_ASM3694099v1_genomic
AT1G36970	CP138119.1	84.641	599	81	9	1	593	3076942	3077535	7.75e-166	586	GCA_036940995.1_ASM3694099v1_genomic
AT1G36970	CP138119.1	85.581	534	73	4	1382	1913	3079118	3079649	6.07e-157	556	GCA_036940995.1_ASM3694099v1_genomic
AT3G31560	CP138118.1	96.667	270	9	0	3	272	14579777	14579508	2.35e-125	449	GCA_036940995.1_ASM3694099v1_genomic
AT3G31560	CP138118.1	98.396	187	3	0	271	457	14579193	14579007	3.19e-89	329	GCA_036940995.1_ASM3694099v1_genomic
AT3G31560	CP138118.1	95.745	141	6	0	132	272	14579430	14579290	1.2e-58	228	GCA_036940995.1_ASM3694099v1_genomic
AT3G31560	CP138119.1	89.63	270	27	1	3	272	3078058	3077790	4.1e-93	342	GCA_036940995.1_ASM3694099v1_genomic
AT3G31560	CP138116.1	88.75	240	27	0	33	272	13762279	13762040	1.16e-78	294	GCA_036940995.1_ASM3694099v1_genomic
AT3G31560	CP138117.1	95.062	162	7	1	296	457	14065228	14065388	1.98e-66	254	GCA_036940995.1_ASM3694099v1_genomic
AT4G05555	CP138119.1	97.839	2823	43	2	1	2823	3075400	3078204	0	4859	GCA_036940995.1_ASM3694099v1_genomic
AT4G05555	CP138119.1	89.13	138	15	0	2032	2169	3077548	3077685	3.69e-41	172	GCA_036940995.1_ASM3694099v1_genomic
AT4G05555	CP138119.1	87.681	138	17	0	2167	2304	3077413	3077550	7.99e-38	161	GCA_036940995.1_ASM3694099v1_genomic
AT4G05555	CP138116.1	90.825	1515	113	15	1	1511	14545619	14547111	0	2004	GCA_036940995.1_ASM3694099v1_genomic
AT4G05555	CP138116.1	91.356	509	38	5	1635	2139	14563092	14563598	0	691	GCA_036940995.1_ASM3694099v1_genomic
AT4G05555	CP138116.1	83.712	749	102	17	1439	2180	13761205	13761940	0	689	GCA_036940995.1_ASM3694099v1_genomic
AT4G05555	CP138116.1	80.752	665	93	19	2163	2795	13761790	13762451	1.16e-135	486	GCA_036940995.1_ASM3694099v1_genomic
AT4G05555	CP138116.1	90.305	361	25	6	2454	2813	14563602	14563953	5.44e-129	464	GCA_036940995.1_ASM3694099v1_genomic
AT4G05555	CP138116.1	100	29	0	0	2794	2822	14563955	14563983	1.4e-05	54.7	GCA_036940995.1_ASM3694099v1_genomic
AT4G05555	CP138120.1	86.905	1092	135	8	92	1179	11138543	11139630	0	1218	GCA_036940995.1_ASM3694099v1_genomic
AT4G05555	CP138118.1	89.878	899	84	5	1	897	19704489	19705382	0	1149	GCA_036940995.1_ASM3694099v1_genomic
AT4G05555	CP138118.1	89.034	766	80	3	1405	2169	19705811	19706573	0	946	GCA_036940995.1_ASM3694099v1_genomic
AT4G05555	CP138118.1	90.123	486	47	1	2332	2816	14579431	14579916	5.07e-179	630	GCA_036940995.1_ASM3694099v1_genomic
AT4G05555	CP138118.1	88.813	438	44	5	930	1366	19705387	19705820	1.47e-149	532	GCA_036940995.1_ASM3694099v1_genomic
AT4G05555	CP138118.1	88.593	263	30	0	2287	2549	14579168	14579430	1.25e-85	320	GCA_036940995.1_ASM3694099v1_genomic
AT4G05555	CP138118.1	100	41	0	0	2782	2822	14579903	14579943	2.98e-12	76.8	GCA_036940995.1_ASM3694099v1_genomic
AT1G36970	CP138121.1	98.732	1972	25	0	1	1972	14046104	14048075	0	3504	GCA_036941165.1_ASM3694116v1_genomic
AT1G36970	CP138121.1	88.95	362	37	3	1504	1864	19650638	19650997	4.82e-123	444	GCA_036941165.1_ASM3694116v1_genomic
AT1G36970	CP138121.1	89.744	156	14	2	991	1145	14656224	14656378	4.14e-49	198	GCA_036941165.1_ASM3694116v1_genomic
AT1G36970	CP138121.1	81.974	233	19	4	991	1201	19649447	19649678	1.94e-42	176	GCA_036941165.1_ASM3694116v1_genomic
AT1G36970	CP138123.1	89.349	676	61	8	2	670	17354974	17355645	0	839	GCA_036941165.1_ASM3694116v1_genomic
AT1G36970	CP138123.1	88.425	527	58	3	1388	1913	17356417	17356941	9.59e-180	632	GCA_036941165.1_ASM3694116v1_genomic
AT1G36970	CP138124.1	84.808	599	80	9	1	593	2887855	2888448	1.63e-167	592	GCA_036941165.1_ASM3694116v1_genomic
AT1G36970	CP138124.1	84.673	535	78	4	1381	1913	2890002	2890534	3.6e-149	531	GCA_036941165.1_ASM3694116v1_genomic
AT1G36970	CP138124.1	80.333	661	94	20	466	1123	2888457	2889084	2.86e-130	468	GCA_036941165.1_ASM3694116v1_genomic
AT1G36970	CP138122.1	86.531	542	66	7	1381	1919	3217569	3217032	5.85e-167	590	GCA_036941165.1_ASM3694116v1_genomic
AT1G36970	CP138122.1	83.415	615	84	16	2	608	3219657	3219053	2.13e-156	555	GCA_036941165.1_ASM3694116v1_genomic
AT1G36970	CP138122.1	80.455	440	53	12	715	1148	3218915	3218503	2.37e-81	305	GCA_036941165.1_ASM3694116v1_genomic
AT1G36970	CP138122.1	93.023	86	6	0	1116	1201	3218514	3218429	1.98e-27	126	GCA_036941165.1_ASM3694116v1_genomic
AT3G31560	CP138122.1	87.205	297	32	2	3	296	3218642	3218935	2.41e-90	333	GCA_036941165.1_ASM3694116v1_genomic
AT3G31560	CP138122.1	95.062	162	7	1	296	457	14494600	14494760	1.93e-66	254	GCA_036941165.1_ASM3694116v1_genomic
AT3G31560	CP138124.1	88.889	270	29	1	3	272	2888971	2888703	8.68e-90	331	GCA_036941165.1_ASM3694116v1_genomic
AT3G31560	CP138121.1	88.75	240	27	0	33	272	14047058	14046819	1.14e-78	294	GCA_036941165.1_ASM3694116v1_genomic
AT4G05555	CP138124.1	98.497	2795	18	5	1	2794	2886313	2889084	0	4907	GCA_036941165.1_ASM3694116v1_genomic
AT4G05555	CP138124.1	88.406	138	16	0	2167	2304	2888326	2888463	1.68e-39	167	GCA_036941165.1_ASM3694116v1_genomic
AT4G05555	CP138124.1	86.842	152	17	2	2032	2183	2888461	2888609	1.68e-39	167	GCA_036941165.1_ASM3694116v1_genomic
AT4G05555	CP138121.1	90.304	1413	119	13	1	1407	14630367	14631767	0	1834	GCA_036941165.1_ASM3694116v1_genomic
AT4G05555	CP138121.1	89.702	1039	81	16	1136	2169	19648194	19649211	0	1303	GCA_036941165.1_ASM3694116v1_genomic
AT4G05555	CP138121.1	90.618	906	75	9	496	1398	19646759	19647657	0	1194	GCA_036941165.1_ASM3694116v1_genomic
AT4G05555	CP138121.1	90.405	667	58	5	1507	2169	14655314	14655978	0	872	GCA_036941165.1_ASM3694116v1_genomic
AT4G05555	CP138121.1	82.821	780	109	19	1390	2154	14045927	14046696	0	675	GCA_036941165.1_ASM3694116v1_genomic
AT4G05555	CP138121.1	81.105	688	97	19	2163	2819	14046569	14047254	1.12e-145	520	GCA_036941165.1_ASM3694116v1_genomic
AT4G05555	CP138121.1	90.05	402	30	6	2413	2813	14655986	14656378	1.87e-143	512	GCA_036941165.1_ASM3694116v1_genomic
AT4G05555	CP138121.1	87.812	361	22	13	2414	2772	19649220	19649560	1.18e-110	403	GCA_036941165.1_ASM3694116v1_genomic
AT4G05555	CP138121.1	89.354	263	24	3	1136	1398	19647929	19648187	7.28e-88	327	GCA_036941165.1_ASM3694116v1_genomic
AT4G05555	CP138121.1	89.015	264	23	5	1136	1398	19647664	19647922	3.39e-86	322	GCA_036941165.1_ASM3694116v1_genomic
AT4G05555	CP138121.1	100	29	0	0	2794	2822	14656380	14656408	1.36e-05	54.7	GCA_036941165.1_ASM3694116v1_genomic
AT4G05555	CP138122.1	92.536	1246	66	9	1066	2310	3220131	3218912	0	1760	GCA_036941165.1_ASM3694116v1_genomic
AT4G05555	CP138122.1	92.593	567	38	4	1	565	3220687	3220123	0	811	GCA_036941165.1_ASM3694116v1_genomic
AT4G05555	CP138122.1	93.462	413	23	2	2408	2816	3218915	3218503	6.45e-173	610	GCA_036941165.1_ASM3694116v1_genomic
AT4G05555	CP138122.1	87.681	138	17	0	2032	2169	3219055	3218918	7.81e-38	161	GCA_036941165.1_ASM3694116v1_genomic
AT4G05555	CP138122.1	100	39	0	0	2784	2822	3218514	3218476	3.77e-11	73.1	GCA_036941165.1_ASM3694116v1_genomic
AT4G05555	CP138123.1	89.633	1389	122	9	1	1386	17353474	17354843	0	1748	GCA_036941165.1_ASM3694116v1_genomic
AT4G05555	CP138123.1	88.831	770	78	5	1405	2169	17354817	17355583	0	939	GCA_036941165.1_ASM3694116v1_genomic
AT4G05555	CP138123.1	88.177	203	24	0	2164	2366	17355443	17355645	2.71e-62	243	GCA_036941165.1_ASM3694116v1_genomic
AT4G05555	CP138125.1	86.996	1092	134	8	92	1179	13178606	13179693	0	1223	GCA_036941165.1_ASM3694116v1_genomic
AT1G36970	CP138126.1	99.696	1972	6	0	1	1972	13840573	13842544	0	3609	GCA_036941295.1_ASM3694129v1_genomic
AT1G36970	CP138126.1	88.041	485	55	3	1381	1864	20468265	20468747	2.1e-161	571	GCA_036941295.1_ASM3694129v1_genomic
AT1G36970	CP138126.1	82.403	233	18	4	991	1201	20467166	20467397	4.13e-44	182	GCA_036941295.1_ASM3694129v1_genomic
AT1G36970	CP138126.1	95.745	94	4	0	1383	1476	13841786	13841879	3.24e-35	152	GCA_036941295.1_ASM3694129v1_genomic
AT1G36970	CP138126.1	95.745	94	4	0	1214	1307	13841955	13842048	3.24e-35	152	GCA_036941295.1_ASM3694129v1_genomic
AT1G36970	CP138128.1	90.327	672	58	7	2	670	17641734	17642401	0	874	GCA_036941295.1_ASM3694129v1_genomic
AT1G36970	CP138128.1	87.766	564	62	7	1381	1942	12996535	12995977	0	652	GCA_036941295.1_ASM3694129v1_genomic
AT1G36970	CP138128.1	87.828	534	62	3	1381	1913	17643110	17643641	5.72e-177	623	GCA_036941295.1_ASM3694129v1_genomic
AT1G36970	CP138128.1	85.185	513	49	7	636	1148	13302041	13301556	2.79e-140	501	GCA_036941295.1_ASM3694129v1_genomic
AT1G36970	CP138128.1	88.647	414	42	2	1381	1794	13300623	13300215	1.01e-139	499	GCA_036941295.1_ASM3694129v1_genomic
AT1G36970	CP138128.1	83.135	587	51	11	636	1201	12997955	12997396	1.68e-137	492	GCA_036941295.1_ASM3694129v1_genomic
AT1G36970	CP138128.1	88.803	259	26	1	596	854	13302299	13302044	3.91e-84	315	GCA_036941295.1_ASM3694129v1_genomic
AT1G36970	CP138128.1	96.703	91	3	0	1111	1201	13301572	13301482	3.24e-35	152	GCA_036941295.1_ASM3694129v1_genomic
AT1G36970	CP138129.1	81.867	739	99	20	466	1201	3235223	3235929	5.8e-167	590	GCA_036941295.1_ASM3694129v1_genomic
AT1G36970	CP138129.1	84.641	599	81	9	1	593	3234621	3235214	7.5e-166	586	GCA_036941295.1_ASM3694129v1_genomic
AT1G36970	CP138129.1	85.421	535	74	4	1381	1913	3236796	3237328	7.61e-156	553	GCA_036941295.1_ASM3694129v1_genomic
AT1G36970	CP138127.1	83.74	615	82	16	2	608	3607858	3607254	9.77e-160	566	GCA_036941295.1_ASM3694129v1_genomic
AT1G36970	CP138127.1	86.508	378	43	8	1545	1919	3606147	3605775	1.74e-112	409	GCA_036941295.1_ASM3694129v1_genomic
AT1G36970	CP138127.1	80.227	440	54	12	715	1148	3607116	3606704	1.09e-79	300	GCA_036941295.1_ASM3694129v1_genomic
AT1G36970	CP138127.1	93.023	86	6	0	1116	1201	3606715	3606630	1.97e-27	126	GCA_036941295.1_ASM3694129v1_genomic
AT3G31560	CP138128.1	98.466	326	5	0	132	457	12997956	12998281	3.6e-163	575	GCA_036941295.1_ASM3694129v1_genomic
AT3G31560	CP138128.1	96.691	272	9	0	1	272	12997607	12997878	1.76e-126	453	GCA_036941295.1_ASM3694129v1_genomic
AT3G31560	CP138128.1	95.926	270	11	0	3	272	13301695	13301964	4.92e-122	438	GCA_036941295.1_ASM3694129v1_genomic
AT3G31560	CP138128.1	97.326	187	5	0	271	457	13302279	13302465	6.69e-86	318	GCA_036941295.1_ASM3694129v1_genomic
AT3G31560	CP138128.1	97.872	141	3	0	132	272	13302042	13302182	1.15e-63	244	GCA_036941295.1_ASM3694129v1_genomic
AT3G31560	CP138129.1	89.259	270	28	1	3	272	3235737	3235469	1.85e-91	337	GCA_036941295.1_ASM3694129v1_genomic
AT3G31560	CP138127.1	87.205	297	32	2	3	296	3606843	3607136	2.39e-90	333	GCA_036941295.1_ASM3694129v1_genomic
AT3G31560	CP138127.1	95.062	162	7	1	296	457	14126885	14127045	1.91e-66	254	GCA_036941295.1_ASM3694129v1_genomic
AT3G31560	CP138126.1	88.75	240	27	0	33	272	13841527	13841288	1.13e-78	294	GCA_036941295.1_ASM3694129v1_genomic
AT4G05555	CP138129.1	98.831	2823	15	1	1	2823	3233079	3235883	0	5014	GCA_036941295.1_ASM3694129v1_genomic
AT4G05555	CP138129.1	88.406	138	16	0	2167	2304	3235092	3235229	1.66e-39	167	GCA_036941295.1_ASM3694129v1_genomic
AT4G05555	CP138129.1	86.842	152	17	2	2032	2183	3235227	3235375	1.66e-39	167	GCA_036941295.1_ASM3694129v1_genomic
AT4G05555	CP138126.1	88.911	1515	114	16	1	1511	14464398	14462934	0	1818	GCA_036941295.1_ASM3694129v1_genomic
AT4G05555	CP138126.1	90.847	874	74	5	496	1366	20466267	20467137	0	1166	GCA_036941295.1_ASM3694129v1_genomic
AT4G05555	CP138126.1	84.371	723	96	14	1439	2154	13840453	13841165	0	693	GCA_036941295.1_ASM3694129v1_genomic
AT4G05555	CP138126.1	81.358	692	88	23	2163	2819	13841038	13841723	2.38e-147	525	GCA_036941295.1_ASM3694129v1_genomic
AT4G05555	CP138126.1	91.772	158	13	0	2659	2816	20467166	20467323	1.26e-55	220	GCA_036941295.1_ASM3694129v1_genomic
AT4G05555	CP138126.1	100	41	0	0	2782	2822	20467310	20467350	2.88e-12	76.8	GCA_036941295.1_ASM3694129v1_genomic
AT4G05555	CP138127.1	92.616	1246	66	8	1066	2310	3608333	3607113	0	1768	GCA_036941295.1_ASM3694129v1_genomic
AT4G05555	CP138127.1	93.122	567	35	4	1	565	3608889	3608325	0	828	GCA_036941295.1_ASM3694129v1_genomic
AT4G05555	CP138127.1	93.22	413	24	2	2408	2816	3607116	3606704	2.98e-171	604	GCA_036941295.1_ASM3694129v1_genomic
AT4G05555	CP138127.1	88.406	138	16	0	2032	2169	3607256	3607119	1.66e-39	167	GCA_036941295.1_ASM3694129v1_genomic
AT4G05555	CP138127.1	100	39	0	0	2784	2822	3606715	3606677	3.73e-11	73.1	GCA_036941295.1_ASM3694129v1_genomic
AT4G05555	CP138128.1	89.993	1369	131	6	1	1366	17640221	17641586	0	1764	GCA_036941295.1_ASM3694129v1_genomic
AT4G05555	CP138128.1	89.034	766	80	3	1405	2169	17641577	17642339	0	946	GCA_036941295.1_ASM3694129v1_genomic
AT4G05555	CP138128.1	90.554	487	43	3	2332	2816	13302041	13301556	0	641	GCA_036941295.1_ASM3694129v1_genomic
AT4G05555	CP138128.1	89.712	486	49	1	2332	2816	12997955	12997470	1.06e-175	619	GCA_036941295.1_ASM3694129v1_genomic
AT4G05555	CP138128.1	100	41	0	0	2782	2822	12997483	12997443	2.88e-12	76.8	GCA_036941295.1_ASM3694129v1_genomic
AT4G05555	CP138128.1	100	41	0	0	2782	2822	13301569	13301529	2.88e-12	76.8	GCA_036941295.1_ASM3694129v1_genomic
AT4G05555	CP138130.1	85.453	1203	145	23	1	1179	13033666	13034862	0	1225	GCA_036941295.1_ASM3694129v1_genomic
AT1G36970	CP138131.1	98.935	1972	21	0	1	1972	14111423	14113394	0	3526	GCA_036941465.1_ASM3694146v1_genomic
AT1G36970	CP138131.1	87.551	490	58	3	1381	1869	14700401	14700888	3.5e-159	564	GCA_036941465.1_ASM3694146v1_genomic
AT1G36970	CP138131.1	89.744	156	14	2	991	1145	14699302	14699456	4.09e-49	198	GCA_036941465.1_ASM3694146v1_genomic
AT1G36970	CP138131.1	95.745	94	4	0	1214	1307	14112805	14112898	3.23e-35	152	GCA_036941465.1_ASM3694146v1_genomic
AT1G36970	CP138131.1	94.681	94	5	0	1383	1476	14112636	14112729	1.5e-33	147	GCA_036941465.1_ASM3694146v1_genomic
AT1G36970	CP138133.1	90.138	578	52	5	95	670	16123478	16124052	0	747	GCA_036941465.1_ASM3694146v1_genomic
AT1G36970	CP138133.1	88.425	527	58	3	1388	1913	16124824	16125348	9.47e-180	632	GCA_036941465.1_ASM3694146v1_genomic
AT1G36970	CP138133.1	87.85	535	61	4	1381	1913	13099079	13098547	1.58e-177	625	GCA_036941465.1_ASM3694146v1_genomic
AT1G36970	CP138133.1	85.214	514	47	10	636	1148	13100497	13100012	2.79e-140	501	GCA_036941465.1_ASM3694146v1_genomic
AT1G36970	CP138133.1	88.417	259	27	1	596	854	13100755	13100500	1.81e-82	309	GCA_036941465.1_ASM3694146v1_genomic
AT1G36970	CP138133.1	96.629	89	3	0	1113	1201	13100026	13099938	4.18e-34	148	GCA_036941465.1_ASM3694146v1_genomic
AT1G36970	CP138134.1	82.114	738	99	19	466	1201	3402906	3403612	2.67e-170	601	GCA_036941465.1_ASM3694146v1_genomic
AT1G36970	CP138134.1	84.975	599	79	9	1	593	3402304	3402897	3.45e-169	597	GCA_036941465.1_ASM3694146v1_genomic
AT1G36970	CP138134.1	84.457	534	79	4	1382	1913	3404480	3405011	5.94e-147	523	GCA_036941465.1_ASM3694146v1_genomic
AT3G31560	CP138133.1	96.296	270	10	0	3	272	13100151	13100420	1.05e-123	444	GCA_036941465.1_ASM3694146v1_genomic
AT3G31560	CP138133.1	98.396	187	3	0	271	457	13100735	13100921	3.08e-89	329	GCA_036941465.1_ASM3694146v1_genomic
AT3G31560	CP138133.1	95.745	141	6	0	132	272	13100498	13100638	1.16e-58	228	GCA_036941465.1_ASM3694146v1_genomic
AT3G31560	CP138134.1	89.63	270	27	1	3	272	3403420	3403152	3.96e-93	342	GCA_036941465.1_ASM3694146v1_genomic
AT3G31560	CP138131.1	88.75	240	27	0	33	272	14112377	14112138	1.12e-78	294	GCA_036941465.1_ASM3694146v1_genomic
AT3G31560	CP138132.1	95.062	162	7	1	296	457	14387993	14388153	1.91e-66	254	GCA_036941465.1_ASM3694146v1_genomic
AT4G05555	CP138134.1	97.179	2765	45	2	59	2823	3400835	3403566	0	4643	GCA_036941465.1_ASM3694146v1_genomic
AT4G05555	CP138134.1	87.5	152	16	2	2032	2183	3402910	3403058	3.56e-41	172	GCA_036941465.1_ASM3694146v1_genomic
AT4G05555	CP138134.1	88.406	138	16	0	2167	2304	3402775	3402912	1.66e-39	167	GCA_036941465.1_ASM3694146v1_genomic
AT4G05555	CP138131.1	91.012	1413	113	12	1	1407	14682230	14683634	0	1893	GCA_036941465.1_ASM3694146v1_genomic
AT4G05555	CP138131.1	90.105	667	60	5	1507	2169	14698392	14699056	0	861	GCA_036941465.1_ASM3694146v1_genomic
AT4G05555	CP138131.1	84.232	723	97	14	1439	2154	14111303	14112015	0	688	GCA_036941465.1_ASM3694146v1_genomic
AT4G05555	CP138131.1	81.503	692	87	23	2163	2819	14111888	14112573	5.1e-149	531	GCA_036941465.1_ASM3694146v1_genomic
AT4G05555	CP138131.1	90.05	402	30	6	2413	2813	14699064	14699456	1.85e-143	512	GCA_036941465.1_ASM3694146v1_genomic
AT4G05555	CP138131.1	86.301	146	12	7	2167	2307	14698917	14699059	4.64e-35	152	GCA_036941465.1_ASM3694146v1_genomic
AT4G05555	CP138131.1	100	29	0	0	2794	2822	14699458	14699486	1.35e-05	54.7	GCA_036941465.1_ASM3694146v1_genomic
AT4G05555	CP138135.1	87.088	1092	133	8	92	1179	13544783	13545870	0	1229	GCA_036941465.1_ASM3694146v1_genomic
AT4G05555	CP138133.1	90.856	864	77	2	79	941	16122617	16123479	0	1157	GCA_036941465.1_ASM3694146v1_genomic
AT4G05555	CP138133.1	89.3	514	51	3	1657	2169	16123480	16123990	0	641	GCA_036941465.1_ASM3694146v1_genomic
AT4G05555	CP138133.1	90.123	486	47	1	2332	2816	13100497	13100012	4.89e-179	630	GCA_036941465.1_ASM3694146v1_genomic
AT4G05555	CP138133.1	88.593	263	30	0	2287	2549	13100760	13100498	1.2e-85	320	GCA_036941465.1_ASM3694146v1_genomic
AT4G05555	CP138133.1	89.655	203	21	0	2164	2366	16123850	16124052	2.66e-67	259	GCA_036941465.1_ASM3694146v1_genomic
AT4G05555	CP138133.1	100	41	0	0	2782	2822	13100025	13099985	2.87e-12	76.8	GCA_036941465.1_ASM3694146v1_genomic
AT1G36970	CP138136.1	99.087	1972	16	2	1	1972	14143377	14145346	0	3541	GCA_036941635.1_ASM3694163v1_genomic
AT1G36970	CP138136.1	87.86	486	54	5	1381	1864	19371341	19371823	1e-159	566	GCA_036941635.1_ASM3694163v1_genomic
AT1G36970	CP138136.1	95.745	94	4	0	1383	1476	14144590	14144683	3.33e-35	152	GCA_036941635.1_ASM3694163v1_genomic
AT1G36970	CP138136.1	94.681	94	5	0	1214	1307	14144758	14144851	1.55e-33	147	GCA_036941635.1_ASM3694163v1_genomic
AT1G36970	CP138138.1	89.911	674	57	8	4	670	18671281	18671950	0	857	GCA_036941635.1_ASM3694163v1_genomic
AT1G36970	CP138138.1	88.805	527	56	3	1388	1913	18672723	18673247	0	643	GCA_036941635.1_ASM3694163v1_genomic
AT1G36970	CP138138.1	87.823	542	61	5	1381	1919	13087110	13086571	3.51e-179	630	GCA_036941635.1_ASM3694163v1_genomic
AT1G36970	CP138138.1	83.673	588	46	13	636	1201	13088528	13087969	1.72e-142	508	GCA_036941635.1_ASM3694163v1_genomic
AT1G36970	CP138138.1	88.417	259	27	1	596	854	13088786	13088531	1.87e-82	309	GCA_036941635.1_ASM3694163v1_genomic
AT1G36970	CP138138.1	91.954	87	6	1	1219	1305	18672723	18672808	9.4e-26	121	GCA_036941635.1_ASM3694163v1_genomic
AT1G36970	CP138139.1	82.114	738	99	19	466	1201	3271660	3272366	2.75e-170	601	GCA_036941635.1_ASM3694163v1_genomic
AT1G36970	CP138139.1	84.808	599	80	9	1	593	3271058	3271651	1.66e-167	592	GCA_036941635.1_ASM3694163v1_genomic
AT1G36970	CP138139.1	84.644	534	78	4	1382	1913	3273234	3273765	1.32e-148	529	GCA_036941635.1_ASM3694163v1_genomic
AT1G36970	CP138137.1	82.899	614	89	14	2	608	3430111	3429507	2.19e-151	538	GCA_036941635.1_ASM3694163v1_genomic
AT1G36970	CP138137.1	80.272	441	53	13	715	1148	3429369	3428956	3.13e-80	302	GCA_036941635.1_ASM3694163v1_genomic
AT1G36970	CP138137.1	93.023	86	6	0	1116	1201	3428967	3428882	2.02e-27	126	GCA_036941635.1_ASM3694163v1_genomic
AT3G31560	CP138138.1	96.667	270	9	0	3	272	13088182	13088451	2.34e-125	449	GCA_036941635.1_ASM3694163v1_genomic
AT3G31560	CP138138.1	97.326	187	4	1	271	457	13088766	13088951	2.48e-85	316	GCA_036941635.1_ASM3694163v1_genomic
AT3G31560	CP138138.1	96.454	141	5	0	132	272	13088529	13088669	2.56e-60	233	GCA_036941635.1_ASM3694163v1_genomic
AT3G31560	CP138139.1	89.63	270	27	1	3	272	3272174	3271906	4.08e-93	342	GCA_036941635.1_ASM3694163v1_genomic
AT3G31560	CP138137.1	87.248	298	31	3	3	296	3429095	3429389	2.46e-90	333	GCA_036941635.1_ASM3694163v1_genomic
AT3G31560	CP138137.1	95.062	162	7	1	296	457	14528991	14529151	1.97e-66	254	GCA_036941635.1_ASM3694163v1_genomic
AT3G31560	CP138136.1	89.167	240	26	0	33	272	14144331	14144092	2.49e-80	300	GCA_036941635.1_ASM3694163v1_genomic
AT4G05555	CP138139.1	97.251	2765	43	2	59	2823	3269589	3272320	0	4654	GCA_036941635.1_ASM3694163v1_genomic
AT4G05555	CP138139.1	87.5	152	16	2	2032	2183	3271664	3271812	3.68e-41	172	GCA_036941635.1_ASM3694163v1_genomic
AT4G05555	CP138139.1	88.406	138	16	0	2167	2304	3271529	3271666	1.71e-39	167	GCA_036941635.1_ASM3694163v1_genomic
AT4G05555	CP138137.1	92.456	1246	68	9	1066	2310	3430586	3429366	0	1757	GCA_036941635.1_ASM3694163v1_genomic
AT4G05555	CP138137.1	93.474	567	33	4	1	565	3431142	3430578	0	839	GCA_036941635.1_ASM3694163v1_genomic
AT4G05555	CP138137.1	93.237	414	23	3	2408	2816	3429369	3428956	3.06e-171	604	GCA_036941635.1_ASM3694163v1_genomic
AT4G05555	CP138137.1	88.406	138	16	0	2032	2169	3429509	3429372	1.71e-39	167	GCA_036941635.1_ASM3694163v1_genomic
AT4G05555	CP138137.1	100	39	0	0	2784	2822	3428967	3428929	3.84e-11	73.1	GCA_036941635.1_ASM3694163v1_genomic
AT4G05555	CP138138.1	90.489	1104	100	5	265	1366	18670031	18671131	0	1452	GCA_036941635.1_ASM3694163v1_genomic
AT4G05555	CP138138.1	88.312	770	82	5	1405	2169	18671122	18671888	0	917	GCA_036941635.1_ASM3694163v1_genomic
AT4G05555	CP138138.1	90.329	486	46	1	2332	2816	13088528	13088043	1.08e-180	636	GCA_036941635.1_ASM3694163v1_genomic
AT4G05555	CP138138.1	88.973	263	29	0	2287	2549	13088791	13088529	2.67e-87	326	GCA_036941635.1_ASM3694163v1_genomic
AT4G05555	CP138138.1	88.018	217	25	1	1	216	18669810	18670026	3.55e-66	255	GCA_036941635.1_ASM3694163v1_genomic
AT4G05555	CP138138.1	89.163	203	22	0	2164	2366	18671748	18671950	1.28e-65	254	GCA_036941635.1_ASM3694163v1_genomic
AT4G05555	CP138138.1	100	41	0	0	2782	2822	13088056	13088016	2.97e-12	76.8	GCA_036941635.1_ASM3694163v1_genomic
AT4G05555	CP138136.1	89.702	1039	82	15	1135	2169	19368990	19370007	0	1303	GCA_036941635.1_ASM3694163v1_genomic
AT4G05555	CP138136.1	90.597	904	74	10	498	1398	19367824	19368719	0	1188	GCA_036941635.1_ASM3694163v1_genomic
AT4G05555	CP138136.1	83.679	723	101	14	1439	2154	14143257	14143969	0	665	GCA_036941635.1_ASM3694163v1_genomic
AT4G05555	CP138136.1	81.567	689	92	19	2163	2819	14143842	14144527	1.13e-150	536	GCA_036941635.1_ASM3694163v1_genomic
AT4G05555	CP138136.1	87.16	405	29	13	2414	2816	19370016	19370399	3.28e-121	438	GCA_036941635.1_ASM3694163v1_genomic
AT4G05555	CP138136.1	89.057	265	23	5	1135	1398	19368725	19368984	9.59e-87	324	GCA_036941635.1_ASM3694163v1_genomic
AT4G05555	CP138140.1	87.02	1094	131	10	92	1179	14106572	14107660	0	1223	GCA_036941635.1_ASM3694163v1_genomic
AT1G36970	CP138141.1	99.442	1972	11	0	1	1972	14009388	14011359	0	3581	GCA_036941785.1_ASM3694178v1_genomic
AT1G36970	CP138141.1	82.403	233	18	4	991	1201	19376790	19377021	4.04e-44	182	GCA_036941785.1_ASM3694178v1_genomic
AT1G36970	CP138141.1	95.745	94	4	0	1383	1476	14010601	14010694	3.17e-35	152	GCA_036941785.1_ASM3694178v1_genomic
AT1G36970	CP138141.1	95.745	94	4	0	1214	1307	14010770	14010863	3.17e-35	152	GCA_036941785.1_ASM3694178v1_genomic
AT1G36970	CP138143.1	89.965	578	53	5	95	670	16424064	16424638	0	741	GCA_036941785.1_ASM3694178v1_genomic
AT1G36970	CP138143.1	88.411	535	59	3	1381	1913	13012185	13011652	0	641	GCA_036941785.1_ASM3694178v1_genomic
AT1G36970	CP138143.1	88.615	527	56	4	1388	1913	16425410	16425933	0	638	GCA_036941785.1_ASM3694178v1_genomic
AT1G36970	CP138143.1	88.202	534	60	3	1381	1913	13026965	13026434	2.58e-180	634	GCA_036941785.1_ASM3694178v1_genomic
AT1G36970	CP138143.1	87.664	535	63	3	1381	1913	13088650	13088117	7.22e-176	619	GCA_036941785.1_ASM3694178v1_genomic
AT1G36970	CP138143.1	85.199	554	53	11	596	1148	13013643	13013118	1.61e-152	542	GCA_036941785.1_ASM3694178v1_genomic
AT1G36970	CP138143.1	85.172	553	55	8	596	1148	13057069	13056544	1.61e-152	542	GCA_036941785.1_ASM3694178v1_genomic
AT1G36970	CP138143.1	84.991	553	56	8	596	1148	13028366	13027841	7.48e-151	536	GCA_036941785.1_ASM3694178v1_genomic
AT1G36970	CP138143.1	84.991	553	56	8	596	1148	13090107	13089582	7.48e-151	536	GCA_036941785.1_ASM3694178v1_genomic
AT1G36970	CP138143.1	88.519	270	31	0	1381	1650	13055586	13055317	4.9e-88	327	GCA_036941785.1_ASM3694178v1_genomic
AT1G36970	CP138143.1	95.789	95	4	0	1107	1201	13056543	13056449	8.8e-36	154	GCA_036941785.1_ASM3694178v1_genomic
AT1G36970	CP138143.1	96.629	89	3	0	1113	1201	13089596	13089508	4.1e-34	148	GCA_036941785.1_ASM3694178v1_genomic
AT1G36970	CP138143.1	95.506	89	4	0	1113	1201	13013132	13013044	1.91e-32	143	GCA_036941785.1_ASM3694178v1_genomic
AT1G36970	CP138143.1	97.959	49	1	0	1153	1201	13027815	13027767	3.26e-15	86.1	GCA_036941785.1_ASM3694178v1_genomic
AT1G36970	CP138144.1	81.867	739	99	20	466	1201	3363829	3364535	5.66e-167	590	GCA_036941785.1_ASM3694178v1_genomic
AT1G36970	CP138144.1	84.641	599	81	9	1	593	3363227	3363820	7.32e-166	586	GCA_036941785.1_ASM3694178v1_genomic
AT1G36970	CP138144.1	85.234	535	75	4	1381	1913	3365402	3365934	3.46e-154	547	GCA_036941785.1_ASM3694178v1_genomic
AT1G36970	CP138142.1	85.978	542	69	7	1381	1919	4099810	4099273	5.7e-162	573	GCA_036941785.1_ASM3694178v1_genomic
AT1G36970	CP138142.1	83.089	615	86	16	2	608	4101907	4101303	4.47e-153	544	GCA_036941785.1_ASM3694178v1_genomic
AT1G36970	CP138142.1	80.682	440	52	12	715	1148	4101165	4100753	4.94e-83	311	GCA_036941785.1_ASM3694178v1_genomic
AT1G36970	CP138142.1	91.86	86	7	0	1116	1201	4100764	4100679	8.93e-26	121	GCA_036941785.1_ASM3694178v1_genomic
AT3G31560	CP138143.1	96.667	270	9	0	3	272	13027980	13028249	2.22e-125	449	GCA_036941785.1_ASM3694178v1_genomic
AT3G31560	CP138143.1	96.296	270	10	0	3	272	13013257	13013526	1.03e-123	444	GCA_036941785.1_ASM3694178v1_genomic
AT3G31560	CP138143.1	96.296	270	10	0	3	272	13056683	13056952	1.03e-123	444	GCA_036941785.1_ASM3694178v1_genomic
AT3G31560	CP138143.1	96.296	270	10	0	3	272	13089721	13089990	1.03e-123	444	GCA_036941785.1_ASM3694178v1_genomic
AT3G31560	CP138143.1	98.396	187	3	0	271	457	13013623	13013809	3.02e-89	329	GCA_036941785.1_ASM3694178v1_genomic
AT3G31560	CP138143.1	97.326	187	5	0	271	457	13057049	13057235	6.54e-86	318	GCA_036941785.1_ASM3694178v1_genomic
AT3G31560	CP138143.1	96.791	187	6	0	271	457	13028346	13028532	3.04e-84	313	GCA_036941785.1_ASM3694178v1_genomic
AT3G31560	CP138143.1	96.791	187	6	0	271	457	13090087	13090273	3.04e-84	313	GCA_036941785.1_ASM3694178v1_genomic
AT3G31560	CP138142.1	87.542	297	31	2	3	296	4100892	4101185	5.02e-92	339	GCA_036941785.1_ASM3694178v1_genomic
AT3G31560	CP138142.1	95.062	162	7	1	296	457	14123312	14123472	1.87e-66	254	GCA_036941785.1_ASM3694178v1_genomic
AT3G31560	CP138144.1	89.259	270	28	1	3	272	3364343	3364075	1.8e-91	337	GCA_036941785.1_ASM3694178v1_genomic
AT3G31560	CP138141.1	89.167	240	26	0	33	272	14010342	14010103	2.37e-80	300	GCA_036941785.1_ASM3694178v1_genomic
AT4G05555	CP138144.1	98.937	2823	12	1	1	2823	3361685	3364489	0	5031	GCA_036941785.1_ASM3694178v1_genomic
AT4G05555	CP138144.1	88.406	138	16	0	2167	2304	3363698	3363835	1.62e-39	167	GCA_036941785.1_ASM3694178v1_genomic
AT4G05555	CP138144.1	86.842	152	17	2	2032	2183	3363833	3363981	1.62e-39	167	GCA_036941785.1_ASM3694178v1_genomic
AT4G05555	CP138142.1	92.456	1246	67	9	1066	2310	4102381	4101162	0	1755	GCA_036941785.1_ASM3694178v1_genomic
AT4G05555	CP138142.1	92.593	567	38	4	1	565	4102937	4102373	0	811	GCA_036941785.1_ASM3694178v1_genomic
AT4G05555	CP138142.1	93.462	413	23	2	2408	2816	4101165	4100753	6.24e-173	610	GCA_036941785.1_ASM3694178v1_genomic
AT4G05555	CP138142.1	87.681	138	17	0	2032	2169	4101305	4101168	7.56e-38	161	GCA_036941785.1_ASM3694178v1_genomic
AT4G05555	CP138142.1	100	39	0	0	2784	2822	4100764	4100726	3.64e-11	73.1	GCA_036941785.1_ASM3694178v1_genomic
AT4G05555	CP138141.1	88.9	1036	89	8	1135	2166	19375539	19376552	0	1253	GCA_036941785.1_ASM3694178v1_genomic
AT4G05555	CP138141.1	90.066	906	80	9	496	1398	19374635	19375533	0	1166	GCA_036941785.1_ASM3694178v1_genomic
AT4G05555	CP138141.1	83.817	723	100	14	1439	2154	14009268	14009980	0	671	GCA_036941785.1_ASM3694178v1_genomic
AT4G05555	CP138141.1	81.449	690	91	22	2163	2819	14009853	14010538	5e-149	531	GCA_036941785.1_ASM3694178v1_genomic
AT4G05555	CP138141.1	87.16	405	30	13	2414	2816	19376563	19376947	8.67e-122	440	GCA_036941785.1_ASM3694178v1_genomic
AT4G05555	CP138141.1	100	41	0	0	2782	2822	19376934	19376974	2.82e-12	76.8	GCA_036941785.1_ASM3694178v1_genomic
AT4G05555	CP138143.1	90.032	943	91	3	1	941	16423124	16424065	0	1218	GCA_036941785.1_ASM3694178v1_genomic
AT4G05555	CP138143.1	90.019	531	52	1	2287	2816	13013648	13013118	0	686	GCA_036941785.1_ASM3694178v1_genomic
AT4G05555	CP138143.1	90.019	531	52	1	2287	2816	13057074	13056544	0	686	GCA_036941785.1_ASM3694178v1_genomic
AT4G05555	CP138143.1	90.019	531	52	1	2287	2816	13090112	13089582	0	686	GCA_036941785.1_ASM3694178v1_genomic
AT4G05555	CP138143.1	89.831	531	53	1	2287	2816	13028371	13027841	0	680	GCA_036941785.1_ASM3694178v1_genomic
AT4G05555	CP138143.1	88.911	514	53	3	1657	2169	16424066	16424576	4.79e-179	630	GCA_036941785.1_ASM3694178v1_genomic
AT4G05555	CP138143.1	89.163	203	22	0	2164	2366	16424436	16424638	1.21e-65	254	GCA_036941785.1_ASM3694178v1_genomic
AT4G05555	CP138143.1	97.561	41	1	0	2782	2822	13013131	13013091	1.31e-10	71.3	GCA_036941785.1_ASM3694178v1_genomic
AT4G05555	CP138143.1	97.561	41	1	0	2782	2822	13056536	13056496	1.31e-10	71.3	GCA_036941785.1_ASM3694178v1_genomic
AT4G05555	CP138143.1	97.561	41	1	0	2782	2822	13089595	13089555	1.31e-10	71.3	GCA_036941785.1_ASM3694178v1_genomic
AT1G36970	CP138146.1	98.783	1972	24	0	1	1972	14089869	14091840	0	3509	GCA_036941915.1_ASM3694191v1_genomic
AT1G36970	CP138146.1	87.629	485	57	3	1381	1864	19459784	19460266	4.51e-158	560	GCA_036941915.1_ASM3694191v1_genomic
AT1G36970	CP138146.1	82.403	233	18	4	991	1201	19458685	19458916	4.1e-44	182	GCA_036941915.1_ASM3694191v1_genomic
AT1G36970	CP138146.1	95.745	94	4	0	1383	1476	14091082	14091175	3.21e-35	152	GCA_036941915.1_ASM3694191v1_genomic
AT1G36970	CP138146.1	95.745	94	4	0	1214	1307	14091251	14091344	3.21e-35	152	GCA_036941915.1_ASM3694191v1_genomic
AT1G36970	CP138148.1	90.625	672	56	7	2	670	17888784	17889451	0	885	GCA_036941915.1_ASM3694191v1_genomic
AT1G36970	CP138148.1	87.567	563	64	6	1381	1942	12994612	12994055	0	647	GCA_036941915.1_ASM3694191v1_genomic
AT1G36970	CP138148.1	88.39	534	59	3	1381	1913	17890160	17890691	0	640	GCA_036941915.1_ASM3694191v1_genomic
AT1G36970	CP138148.1	88.889	414	41	2	1381	1794	13238722	13238314	2.14e-141	505	GCA_036941915.1_ASM3694191v1_genomic
AT1G36970	CP138148.1	85.185	513	49	7	636	1148	13240140	13239655	2.77e-140	501	GCA_036941915.1_ASM3694191v1_genomic
AT1G36970	CP138148.1	88.803	259	26	1	596	854	13240398	13240143	3.87e-84	315	GCA_036941915.1_ASM3694191v1_genomic
AT1G36970	CP138148.1	96.842	95	3	0	1107	1201	12995567	12995473	1.92e-37	159	GCA_036941915.1_ASM3694191v1_genomic
AT1G36970	CP138148.1	96.703	91	3	0	1111	1201	13239671	13239581	3.21e-35	152	GCA_036941915.1_ASM3694191v1_genomic
AT1G36970	CP138148.1	91.954	87	6	1	1219	1305	17890167	17890252	9.06e-26	121	GCA_036941915.1_ASM3694191v1_genomic
AT1G36970	CP138149.1	84.975	599	79	9	1	593	2742659	2743252	3.43e-169	597	GCA_036941915.1_ASM3694191v1_genomic
AT1G36970	CP138149.1	82.003	739	98	20	466	1201	2743261	2743967	1.24e-168	595	GCA_036941915.1_ASM3694191v1_genomic
AT1G36970	CP138149.1	85.421	535	74	4	1381	1913	2744834	2745366	7.54e-156	553	GCA_036941915.1_ASM3694191v1_genomic
AT1G36970	CP138147.1	83.089	615	85	17	2	608	3603667	3603064	1.63e-152	542	GCA_036941915.1_ASM3694191v1_genomic
AT1G36970	CP138147.1	80.045	441	54	13	715	1148	3602926	3602513	1.4e-78	296	GCA_036941915.1_ASM3694191v1_genomic
AT1G36970	CP138147.1	93.023	86	6	0	1116	1201	3602524	3602439	1.95e-27	126	GCA_036941915.1_ASM3694191v1_genomic
AT3G31560	CP138148.1	95.926	270	11	0	3	272	13239794	13240063	4.88e-122	438	GCA_036941915.1_ASM3694191v1_genomic
AT3G31560	CP138148.1	99.548	221	1	0	237	457	12995617	12995837	1.78e-111	403	GCA_036941915.1_ASM3694191v1_genomic
AT3G31560	CP138148.1	97.326	187	5	0	271	457	13240378	13240564	6.64e-86	318	GCA_036941915.1_ASM3694191v1_genomic
AT3G31560	CP138148.1	97.872	141	3	0	132	272	13240141	13240281	1.14e-63	244	GCA_036941915.1_ASM3694191v1_genomic
AT3G31560	CP138149.1	89.259	270	28	1	3	272	2743775	2743507	1.83e-91	337	GCA_036941915.1_ASM3694191v1_genomic
AT3G31560	CP138147.1	87.805	287	28	3	14	296	3602663	3602946	3.07e-89	329	GCA_036941915.1_ASM3694191v1_genomic
AT3G31560	CP138147.1	95.062	162	7	1	296	457	14467609	14467769	1.9e-66	254	GCA_036941915.1_ASM3694191v1_genomic
AT3G31560	CP138146.1	88.75	240	27	0	33	272	14090823	14090584	1.12e-78	294	GCA_036941915.1_ASM3694191v1_genomic
AT4G05555	CP138149.1	98.725	2824	16	3	1	2823	2741117	2743921	0	4998	GCA_036941915.1_ASM3694191v1_genomic
AT4G05555	CP138149.1	88.406	138	16	0	2167	2304	2743130	2743267	1.65e-39	167	GCA_036941915.1_ASM3694191v1_genomic
AT4G05555	CP138149.1	86.842	152	17	2	2032	2183	2743265	2743413	1.65e-39	167	GCA_036941915.1_ASM3694191v1_genomic
AT4G05555	CP138148.1	90.139	1369	129	6	1	1366	17887271	17888636	0	1775	GCA_036941915.1_ASM3694191v1_genomic
AT4G05555	CP138148.1	89.295	766	78	3	1405	2169	17888627	17889389	0	957	GCA_036941915.1_ASM3694191v1_genomic
AT4G05555	CP138148.1	90.349	487	44	3	2332	2816	13240140	13239655	1.05e-180	636	GCA_036941915.1_ASM3694191v1_genomic
AT4G05555	CP138148.1	100	41	0	0	2782	2822	12995560	12995520	2.86e-12	76.8	GCA_036941915.1_ASM3694191v1_genomic
AT4G05555	CP138148.1	100	41	0	0	2782	2822	13239668	13239628	2.86e-12	76.8	GCA_036941915.1_ASM3694191v1_genomic
AT4G05555	CP138147.1	92.295	1246	68	11	1066	2310	3604141	3602923	0	1744	GCA_036941915.1_ASM3694191v1_genomic
AT4G05555	CP138147.1	92.945	567	36	4	1	565	3604697	3604133	0	822	GCA_036941915.1_ASM3694191v1_genomic
AT4G05555	CP138147.1	92.995	414	24	3	2408	2816	3602926	3602513	1.37e-169	599	GCA_036941915.1_ASM3694191v1_genomic
AT4G05555	CP138147.1	88.406	138	16	0	2032	2169	3603066	3602929	1.65e-39	167	GCA_036941915.1_ASM3694191v1_genomic
AT4G05555	CP138147.1	100	39	0	0	2784	2822	3602524	3602486	3.7e-11	73.1	GCA_036941915.1_ASM3694191v1_genomic
AT4G05555	CP138150.1	87.088	1092	133	8	92	1179	12717736	12718823	0	1229	GCA_036941915.1_ASM3694191v1_genomic
AT4G05555	CP138146.1	90.732	874	75	5	496	1366	19457786	19458656	0	1160	GCA_036941915.1_ASM3694191v1_genomic
AT4G05555	CP138146.1	83.956	723	99	15	1439	2154	14089749	14090461	0	676	GCA_036941915.1_ASM3694191v1_genomic
AT4G05555	CP138146.1	81.069	692	90	23	2163	2819	14090334	14091019	5.11e-144	514	GCA_036941915.1_ASM3694191v1_genomic
AT4G05555	CP138146.1	91.772	158	13	0	2659	2816	19458685	19458842	1.25e-55	220	GCA_036941915.1_ASM3694191v1_genomic
AT4G05555	CP138146.1	100	41	0	0	2782	2822	19458829	19458869	2.86e-12	76.8	GCA_036941915.1_ASM3694191v1_genomic
AT1G36970	CP138151.1	98.783	1972	23	1	1	1972	14028301	14030271	0	3507	GCA_036941985.1_ASM3694198v1_genomic
AT1G36970	CP138151.1	87.835	485	56	3	1381	1864	18654912	18655394	9.61e-160	566	GCA_036941985.1_ASM3694198v1_genomic
AT1G36970	CP138151.1	82.403	233	18	4	991	1201	18653813	18654044	4.07e-44	182	GCA_036941985.1_ASM3694198v1_genomic
AT1G36970	CP138151.1	95.745	94	4	0	1383	1476	14029514	14029607	3.19e-35	152	GCA_036941985.1_ASM3694198v1_genomic
AT1G36970	CP138151.1	95.745	94	4	0	1214	1307	14029682	14029775	3.19e-35	152	GCA_036941985.1_ASM3694198v1_genomic
AT1G36970	CP138153.1	90.476	672	57	7	2	670	17244025	17244692	0	880	GCA_036941985.1_ASM3694198v1_genomic
AT1G36970	CP138153.1	88.015	534	61	3	1381	1913	17245401	17245932	1.21e-178	628	GCA_036941985.1_ASM3694198v1_genomic
AT1G36970	CP138153.1	85.185	513	49	7	636	1148	13123818	13123333	2.75e-140	501	GCA_036941985.1_ASM3694198v1_genomic
AT1G36970	CP138153.1	88.647	414	42	2	1381	1794	13122400	13121992	9.88e-140	499	GCA_036941985.1_ASM3694198v1_genomic
AT1G36970	CP138153.1	88.803	259	26	1	596	854	13124076	13123821	3.84e-84	315	GCA_036941985.1_ASM3694198v1_genomic
AT1G36970	CP138153.1	96.703	91	3	0	1111	1201	13123349	13123259	3.19e-35	152	GCA_036941985.1_ASM3694198v1_genomic
AT1G36970	CP138153.1	90.805	87	7	1	1219	1305	17245408	17245493	4.18e-24	115	GCA_036941985.1_ASM3694198v1_genomic
AT1G36970	CP138152.1	86.94	536	63	7	1381	1913	3384428	3384959	1.23e-168	595	GCA_036941985.1_ASM3694198v1_genomic
AT1G36970	CP138152.1	83.74	615	82	15	2	608	3382327	3382931	9.61e-160	566	GCA_036941985.1_ASM3694198v1_genomic
AT1G36970	CP138152.1	80.135	443	55	17	712	1148	3383069	3383484	1.08e-79	300	GCA_036941985.1_ASM3694198v1_genomic
AT1G36970	CP138152.1	93.023	86	6	0	1116	1201	3383473	3383558	1.93e-27	126	GCA_036941985.1_ASM3694198v1_genomic
AT1G36970	CP138154.1	81.781	741	96	22	466	1201	2994368	2995074	2.65e-165	584	GCA_036941985.1_ASM3694198v1_genomic
AT1G36970	CP138154.1	85.019	534	76	4	1382	1913	2995942	2996473	5.82e-152	540	GCA_036941985.1_ASM3694198v1_genomic
AT3G31560	CP138153.1	95.926	270	11	0	3	272	13123472	13123741	4.84e-122	438	GCA_036941985.1_ASM3694198v1_genomic
AT3G31560	CP138153.1	96.791	187	6	0	271	457	13124056	13124242	3.06e-84	313	GCA_036941985.1_ASM3694198v1_genomic
AT3G31560	CP138153.1	97.872	141	3	0	132	272	13123819	13123959	1.13e-63	244	GCA_036941985.1_ASM3694198v1_genomic
AT3G31560	CP138152.1	87.205	297	32	2	3	296	3383345	3383052	2.35e-90	333	GCA_036941985.1_ASM3694198v1_genomic
AT3G31560	CP138152.1	95.062	162	7	1	296	457	12687336	12687496	1.88e-66	254	GCA_036941985.1_ASM3694198v1_genomic
AT3G31560	CP138154.1	88.889	270	29	1	3	272	2994882	2994614	8.46e-90	331	GCA_036941985.1_ASM3694198v1_genomic
AT3G31560	CP138151.1	88.75	240	27	0	33	272	14029255	14029016	1.11e-78	294	GCA_036941985.1_ASM3694198v1_genomic
AT4G05555	CP138154.1	97.697	2823	47	1	1	2823	2992224	2995028	0	4837	GCA_036941985.1_ASM3694198v1_genomic
AT4G05555	CP138154.1	89.13	138	15	0	2032	2169	2994372	2994509	3.52e-41	172	GCA_036941985.1_ASM3694198v1_genomic
AT4G05555	CP138154.1	87.681	138	17	0	2167	2304	2994237	2994374	7.61e-38	161	GCA_036941985.1_ASM3694198v1_genomic
AT4G05555	CP138153.1	90.358	1369	126	6	1	1366	17242512	17243877	0	1792	GCA_036941985.1_ASM3694198v1_genomic
AT4G05555	CP138153.1	88.903	766	81	3	1405	2169	17243868	17244630	0	941	GCA_036941985.1_ASM3694198v1_genomic
AT4G05555	CP138153.1	90.554	487	43	3	2332	2816	13123818	13123333	0	641	GCA_036941985.1_ASM3694198v1_genomic
AT4G05555	CP138153.1	100	41	0	0	2782	2822	13123346	13123306	2.84e-12	76.8	GCA_036941985.1_ASM3694198v1_genomic
AT4G05555	CP138152.1	92.536	1246	64	9	1066	2307	3381852	3383072	0	1759	GCA_036941985.1_ASM3694198v1_genomic
AT4G05555	CP138152.1	93.122	567	35	4	1	565	3381296	3381860	0	828	GCA_036941985.1_ASM3694198v1_genomic
AT4G05555	CP138152.1	93.462	413	23	2	2408	2816	3383072	3383484	6.29e-173	610	GCA_036941985.1_ASM3694198v1_genomic
AT4G05555	CP138152.1	86.525	141	16	1	2032	2169	3382929	3383069	4.58e-35	152	GCA_036941985.1_ASM3694198v1_genomic
AT4G05555	CP138152.1	100	39	0	0	2784	2822	3383473	3383511	3.67e-11	73.1	GCA_036941985.1_ASM3694198v1_genomic
AT4G05555	CP138155.1	86.837	1094	133	10	92	1179	12622735	12623823	0	1212	GCA_036941985.1_ASM3694198v1_genomic
AT4G05555	CP138151.1	90.732	874	75	5	496	1366	18652914	18653784	0	1160	GCA_036941985.1_ASM3694198v1_genomic
AT4G05555	CP138151.1	83.956	723	99	15	1439	2154	14028181	14028893	0	676	GCA_036941985.1_ASM3694198v1_genomic
AT4G05555	CP138151.1	81.069	692	90	23	2163	2819	14028766	14029451	5.07e-144	514	GCA_036941985.1_ASM3694198v1_genomic
AT4G05555	CP138151.1	91.772	158	13	0	2659	2816	18653813	18653970	1.24e-55	220	GCA_036941985.1_ASM3694198v1_genomic
AT4G05555	CP138151.1	100	41	0	0	2782	2822	18653957	18653997	2.84e-12	76.8	GCA_036941985.1_ASM3694198v1_genomic
AT1G36970	CP138156.1	98.935	1972	20	1	1	1972	14005207	14007177	0	3524	GCA_036942075.1_ASM3694207v1_genomic
AT1G36970	CP138156.1	95.745	94	4	0	1383	1476	14006420	14006513	3.2e-35	152	GCA_036942075.1_ASM3694207v1_genomic
AT1G36970	CP138156.1	95.745	94	4	0	1214	1307	14006588	14006681	3.2e-35	152	GCA_036942075.1_ASM3694207v1_genomic
AT1G36970	CP138158.1	90.311	578	51	5	95	670	16925635	16926209	0	752	GCA_036942075.1_ASM3694207v1_genomic
AT1G36970	CP138158.1	88.425	527	58	3	1388	1913	16926981	16927505	9.38e-180	632	GCA_036942075.1_ASM3694207v1_genomic
AT1G36970	CP138158.1	86.901	313	36	3	636	947	13107019	13106711	1.37e-93	346	GCA_036942075.1_ASM3694207v1_genomic
AT1G36970	CP138158.1	88.803	259	26	1	596	854	13107277	13107022	3.86e-84	315	GCA_036942075.1_ASM3694207v1_genomic
AT1G36970	CP138159.1	81.916	741	95	22	466	1201	3765347	3766053	5.72e-167	590	GCA_036942075.1_ASM3694207v1_genomic
AT1G36970	CP138159.1	81.916	741	95	22	466	1201	3796103	3796809	5.72e-167	590	GCA_036942075.1_ASM3694207v1_genomic
AT1G36970	CP138159.1	84.831	534	77	4	1382	1913	3808465	3808996	2.72e-150	534	GCA_036942075.1_ASM3694207v1_genomic
AT1G36970	CP138157.1	83.415	615	84	16	2	608	4333007	4332403	2.09e-156	555	GCA_036942075.1_ASM3694207v1_genomic
AT1G36970	CP138157.1	84.133	542	67	8	1381	1919	4330910	4330385	5.93e-142	507	GCA_036942075.1_ASM3694207v1_genomic
AT1G36970	CP138157.1	80.227	440	54	12	715	1148	4332265	4331853	1.08e-79	300	GCA_036942075.1_ASM3694207v1_genomic
AT1G36970	CP138157.1	91.86	86	7	0	1116	1201	4331864	4331779	9.03e-26	121	GCA_036942075.1_ASM3694207v1_genomic
AT3G31560	CP138158.1	96.983	232	7	0	41	272	13106711	13106942	1.38e-107	390	GCA_036942075.1_ASM3694207v1_genomic
AT3G31560	CP138158.1	97.326	187	5	0	271	457	13107257	13107443	6.61e-86	318	GCA_036942075.1_ASM3694207v1_genomic
AT3G31560	CP138158.1	96.454	141	5	0	132	272	13107020	13107160	2.46e-60	233	GCA_036942075.1_ASM3694207v1_genomic
AT3G31560	CP138157.1	87.205	297	32	2	3	296	4331992	4332285	2.36e-90	333	GCA_036942075.1_ASM3694207v1_genomic
AT3G31560	CP138157.1	95.062	162	7	1	296	457	14387271	14387431	1.89e-66	254	GCA_036942075.1_ASM3694207v1_genomic
AT3G31560	CP138159.1	88.889	270	29	1	3	272	3765861	3765593	8.49e-90	331	GCA_036942075.1_ASM3694207v1_genomic
AT3G31560	CP138159.1	88.889	270	29	1	3	272	3796617	3796349	8.49e-90	331	GCA_036942075.1_ASM3694207v1_genomic
AT3G31560	CP138156.1	89.121	239	26	0	33	271	14006161	14005923	8.61e-80	298	GCA_036942075.1_ASM3694207v1_genomic
AT3G31560	CP138156.1	84.81	158	23	1	301	457	21971419	21971262	1.52e-37	158	GCA_036942075.1_ASM3694207v1_genomic
AT4G05555	CP138159.1	97.804	2823	44	1	1	2823	3763203	3766007	0	4854	GCA_036942075.1_ASM3694207v1_genomic
AT4G05555	CP138159.1	97.697	2823	47	1	1	2823	3793959	3796763	0	4837	GCA_036942075.1_ASM3694207v1_genomic
AT4G05555	CP138159.1	89.13	138	15	0	2032	2169	3765351	3765488	3.53e-41	172	GCA_036942075.1_ASM3694207v1_genomic
AT4G05555	CP138159.1	89.13	138	15	0	2032	2169	3796107	3796244	3.53e-41	172	GCA_036942075.1_ASM3694207v1_genomic
AT4G05555	CP138159.1	88.406	138	16	0	2167	2304	3765216	3765353	1.64e-39	167	GCA_036942075.1_ASM3694207v1_genomic
AT4G05555	CP138159.1	88.406	138	16	0	2167	2304	3795972	3796109	1.64e-39	167	GCA_036942075.1_ASM3694207v1_genomic
AT4G05555	CP138157.1	92.536	1246	66	12	1066	2310	4333481	4332262	0	1760	GCA_036942075.1_ASM3694207v1_genomic
AT4G05555	CP138157.1	92.416	567	39	4	1	565	4334037	4333473	0	806	GCA_036942075.1_ASM3694207v1_genomic
AT4G05555	CP138157.1	93.22	413	24	2	2408	2816	4332265	4331853	2.94e-171	604	GCA_036942075.1_ASM3694207v1_genomic
AT4G05555	CP138157.1	87.681	138	17	0	2032	2169	4332405	4332268	7.64e-38	161	GCA_036942075.1_ASM3694207v1_genomic
AT4G05555	CP138157.1	97.436	39	1	0	2784	2822	4331864	4331826	1.71e-09	67.6	GCA_036942075.1_ASM3694207v1_genomic
AT4G05555	CP138160.1	86.722	1092	136	9	92	1179	12952023	12953109	0	1205	GCA_036942075.1_ASM3694207v1_genomic
AT4G05555	CP138158.1	90.625	864	78	3	79	941	16924775	16925636	0	1144	GCA_036942075.1_ASM3694207v1_genomic
AT4G05555	CP138158.1	89.105	514	52	3	1657	2169	16925637	16926147	1.04e-180	636	GCA_036942075.1_ASM3694207v1_genomic
AT4G05555	CP138158.1	87.379	309	38	1	2332	2639	13107019	13106711	1.17e-95	353	GCA_036942075.1_ASM3694207v1_genomic
AT4G05555	CP138158.1	89.354	263	28	0	2287	2549	13107282	13107020	5.5e-89	331	GCA_036942075.1_ASM3694207v1_genomic
AT4G05555	CP138158.1	89.655	203	21	0	2164	2366	16926007	16926209	2.63e-67	259	GCA_036942075.1_ASM3694207v1_genomic
AT4G05555	CP138156.1	81.503	692	87	23	2163	2819	14005672	14006357	5.06e-149	531	GCA_036942075.1_ASM3694207v1_genomic
AT1G36970	CP138161.1	98.834	1972	23	0	1	1972	14103826	14105797	0	3515	GCA_036942405.1_ASM3694240v1_genomic
AT1G36970	CP138161.1	95.745	94	4	0	1383	1476	14105039	14105132	3.1e-35	152	GCA_036942405.1_ASM3694240v1_genomic
AT1G36970	CP138161.1	94.681	94	5	0	1214	1307	14105208	14105301	1.44e-33	147	GCA_036942405.1_ASM3694240v1_genomic
AT1G36970	CP138164.1	84.5	600	79	12	1	593	3036427	3037019	3.34e-164	580	GCA_036942405.1_ASM3694240v1_genomic
AT1G36970	CP138164.1	81.436	738	104	19	466	1201	3037028	3037734	5.58e-162	573	GCA_036942405.1_ASM3694240v1_genomic
AT1G36970	CP138164.1	85.047	535	76	4	1381	1913	3038600	3039132	1.57e-152	542	GCA_036942405.1_ASM3694240v1_genomic
AT1G36970	CP138162.1	83.252	615	85	15	2	608	2937000	2937604	9.41e-155	549	GCA_036942405.1_ASM3694240v1_genomic
AT1G36970	CP138162.1	89.286	392	40	2	1381	1771	2939097	2939487	5.78e-137	490	GCA_036942405.1_ASM3694240v1_genomic
AT1G36970	CP138162.1	80.361	443	54	12	712	1148	2937739	2938154	2.25e-81	305	GCA_036942405.1_ASM3694240v1_genomic
AT1G36970	CP138162.1	93.023	86	6	0	1116	1201	2938143	2938228	1.88e-27	126	GCA_036942405.1_ASM3694240v1_genomic
AT3G31560	CP138162.1	87.542	297	31	2	3	296	2938015	2937722	4.91e-92	339	GCA_036942405.1_ASM3694240v1_genomic
AT3G31560	CP138162.1	93.827	162	9	1	296	457	14483809	14483969	3.96e-63	243	GCA_036942405.1_ASM3694240v1_genomic
AT3G31560	CP138164.1	89.259	270	28	1	3	272	3037542	3037274	1.77e-91	337	GCA_036942405.1_ASM3694240v1_genomic
AT3G31560	CP138161.1	88.333	240	28	0	33	272	14104780	14104541	5.02e-77	289	GCA_036942405.1_ASM3694240v1_genomic
AT4G05555	CP138164.1	97.38	2824	53	4	1	2823	3034885	3037688	0	4785	GCA_036942405.1_ASM3694240v1_genomic
AT4G05555	CP138164.1	86.842	152	17	2	2032	2183	3037032	3037180	1.59e-39	167	GCA_036942405.1_ASM3694240v1_genomic
AT4G05555	CP138162.1	91.553	1243	63	9	1066	2307	2936541	2937742	0	1676	GCA_036942405.1_ASM3694240v1_genomic
AT4G05555	CP138162.1	92.416	567	39	4	1	565	2935985	2936549	0	806	GCA_036942405.1_ASM3694240v1_genomic
AT4G05555	CP138162.1	93.462	413	23	2	2408	2816	2937742	2938154	6.12e-173	610	GCA_036942405.1_ASM3694240v1_genomic
AT4G05555	CP138162.1	88.406	138	16	0	2032	2169	2937602	2937739	1.59e-39	167	GCA_036942405.1_ASM3694240v1_genomic
AT4G05555	CP138162.1	100	39	0	0	2784	2822	2938143	2938181	3.57e-11	73.1	GCA_036942405.1_ASM3694240v1_genomic
AT4G05555	CP138165.1	86.996	1092	134	8	92	1179	11851895	11852982	0	1223	GCA_036942405.1_ASM3694240v1_genomic
AT4G05555	CP138161.1	83.402	723	103	14	1439	2154	14103706	14104418	0	654	GCA_036942405.1_ASM3694240v1_genomic
AT4G05555	CP138161.1	81.069	692	90	23	2163	2819	14104291	14104976	4.93e-144	514	GCA_036942405.1_ASM3694240v1_genomic
AT1G36970	CP138171.1	100	1972	0	0	1	1972	14017701	14019672	0	3642	GCA_036942435.1_ASM3694243v1_genomic
AT1G36970	CP138171.1	87.755	490	57	3	1381	1869	14774063	14774550	7.03e-161	569	GCA_036942435.1_ASM3694243v1_genomic
AT1G36970	CP138171.1	87.654	486	57	3	1381	1865	17841428	17841911	1.18e-158	562	GCA_036942435.1_ASM3694243v1_genomic
AT1G36970	CP138171.1	89.744	156	14	2	991	1145	14772964	14773118	3.82e-49	198	GCA_036942435.1_ASM3694243v1_genomic
AT1G36970	CP138171.1	82.403	233	18	9	991	1201	17840330	17840561	3.85e-44	182	GCA_036942435.1_ASM3694243v1_genomic
AT1G36970	CP138171.1	95.745	94	4	0	1383	1476	14018914	14019007	3.02e-35	152	GCA_036942435.1_ASM3694243v1_genomic
AT1G36970	CP138171.1	95.745	94	4	0	1214	1307	14019083	14019176	3.02e-35	152	GCA_036942435.1_ASM3694243v1_genomic
AT1G36970	CP138173.1	90.138	578	52	5	95	670	16723913	16724487	0	747	GCA_036942435.1_ASM3694243v1_genomic
AT1G36970	CP138173.1	87.744	563	63	6	1381	1942	12923560	12923003	0	652	GCA_036942435.1_ASM3694243v1_genomic
AT1G36970	CP138173.1	88.425	527	58	3	1388	1913	16725259	16725783	8.84e-180	632	GCA_036942435.1_ASM3694243v1_genomic
AT1G36970	CP138173.1	88.889	414	41	2	1381	1794	13286067	13285659	2.01e-141	505	GCA_036942435.1_ASM3694243v1_genomic
AT1G36970	CP138173.1	83.135	587	51	7	636	1201	13287484	13286925	1.57e-137	492	GCA_036942435.1_ASM3694243v1_genomic
AT1G36970	CP138173.1	83.629	507	38	9	716	1201	12924903	12924421	2.68e-120	435	GCA_036942435.1_ASM3694243v1_genomic
AT1G36970	CP138173.1	88.417	259	27	1	596	854	13287742	13287487	1.69e-82	309	GCA_036942435.1_ASM3694243v1_genomic
AT1G36970	CP138174.1	84.808	599	80	9	1	593	2850454	2851047	1.5e-167	592	GCA_036942435.1_ASM3694243v1_genomic
AT1G36970	CP138174.1	81.671	742	95	23	466	1201	2851056	2851762	1.17e-163	579	GCA_036942435.1_ASM3694243v1_genomic
AT3G31560	CP138173.1	100	457	0	0	1	457	12924632	12925088	0	845	GCA_036942435.1_ASM3694243v1_genomic
AT3G31560	CP138173.1	95.926	270	11	0	3	272	13287138	13287407	4.58e-122	438	GCA_036942435.1_ASM3694243v1_genomic
AT3G31560	CP138173.1	97.326	187	5	0	271	457	13287722	13287908	6.23e-86	318	GCA_036942435.1_ASM3694243v1_genomic
AT3G31560	CP138173.1	97.163	141	4	0	132	272	13287485	13287625	4.99e-62	239	GCA_036942435.1_ASM3694243v1_genomic
AT3G31560	CP138174.1	88.889	270	29	1	3	272	2851570	2851302	8e-90	331	GCA_036942435.1_ASM3694243v1_genomic
AT3G31560	CP138171.1	88.75	240	27	0	33	272	14018655	14018416	1.05e-78	294	GCA_036942435.1_ASM3694243v1_genomic
AT3G31560	CP138172.1	95.062	162	7	1	296	457	12714097	12714257	1.78e-66	254	GCA_036942435.1_ASM3694243v1_genomic
AT4G05555	CP138174.1	100	2823	0	0	1	2823	2848894	2851716	0	5214	GCA_036942435.1_ASM3694243v1_genomic
AT4G05555	CP138174.1	88.406	138	16	0	2167	2304	2850925	2851062	1.55e-39	167	GCA_036942435.1_ASM3694243v1_genomic
AT4G05555	CP138174.1	88.406	138	16	0	2032	2169	2851060	2851197	1.55e-39	167	GCA_036942435.1_ASM3694243v1_genomic
AT4G05555	CP138171.1	89.175	1515	110	16	1	1511	14600197	14598733	0	1840	GCA_036942435.1_ASM3694243v1_genomic
AT4G05555	CP138171.1	89.904	1040	78	16	1135	2169	17839077	17840094	0	1314	GCA_036942435.1_ASM3694243v1_genomic
AT4G05555	CP138171.1	90.365	903	76	10	500	1398	17838176	17839071	0	1175	GCA_036942435.1_ASM3694243v1_genomic
AT4G05555	CP138171.1	90.705	667	56	5	1507	2169	14772054	14772718	0	883	GCA_036942435.1_ASM3694243v1_genomic
AT4G05555	CP138171.1	84.371	723	96	14	1439	2154	14017581	14018293	0	693	GCA_036942435.1_ASM3694243v1_genomic
AT4G05555	CP138171.1	81.358	692	88	23	2163	2819	14018166	14018851	2.22e-147	525	GCA_036942435.1_ASM3694243v1_genomic
AT4G05555	CP138171.1	89.801	402	31	6	2413	2813	14772726	14773118	8.03e-142	507	GCA_036942435.1_ASM3694243v1_genomic
AT4G05555	CP138171.1	86.667	405	32	13	2414	2816	17840103	17840487	1.79e-118	429	GCA_036942435.1_ASM3694243v1_genomic
AT4G05555	CP138171.1	100	42	0	0	2781	2822	17840473	17840514	7.46e-13	78.7	GCA_036942435.1_ASM3694243v1_genomic
AT4G05555	CP138171.1	100	29	0	0	2794	2822	14773120	14773148	1.26e-05	54.7	GCA_036942435.1_ASM3694243v1_genomic
AT4G05555	CP138175.1	86.996	1092	134	8	92	1179	11690452	11691539	0	1223	GCA_036942435.1_ASM3694243v1_genomic
AT4G05555	CP138173.1	90.741	864	78	2	79	941	16723052	16723914	0	1151	GCA_036942435.1_ASM3694243v1_genomic
AT4G05555	CP138173.1	89.3	514	51	3	1657	2169	16723915	16724425	0	641	GCA_036942435.1_ASM3694243v1_genomic
AT4G05555	CP138173.1	90.144	487	45	3	2332	2816	13287484	13286999	4.57e-179	630	GCA_036942435.1_ASM3694243v1_genomic
AT4G05555	CP138173.1	90.709	409	37	1	2409	2816	12924903	12924495	6.12e-153	544	GCA_036942435.1_ASM3694243v1_genomic
AT4G05555	CP138173.1	89.655	203	21	0	2164	2366	16724285	16724487	2.48e-67	259	GCA_036942435.1_ASM3694243v1_genomic
AT4G05555	CP138173.1	100	42	0	0	2781	2822	13287013	13286972	7.46e-13	78.7	GCA_036942435.1_ASM3694243v1_genomic
AT4G05555	CP138173.1	100	41	0	0	2782	2822	12924508	12924468	2.68e-12	76.8	GCA_036942435.1_ASM3694243v1_genomic
AT1G36970	CP138166.1	99.594	1972	8	0	1	1972	13967571	13969542	0	3598	GCA_036942445.1_ASM3694244v1_genomic
AT1G36970	CP138166.1	88.041	485	55	3	1381	1864	18185175	18185657	1.93e-161	571	GCA_036942445.1_ASM3694244v1_genomic
AT1G36970	CP138166.1	81.982	222	18	3	1001	1201	18184087	18184307	2.97e-40	169	GCA_036942445.1_ASM3694244v1_genomic
AT1G36970	CP138166.1	95.745	94	4	0	1383	1476	13968784	13968877	2.99e-35	152	GCA_036942445.1_ASM3694244v1_genomic
AT1G36970	CP138166.1	95.745	94	4	0	1214	1307	13968953	13969046	2.99e-35	152	GCA_036942445.1_ASM3694244v1_genomic
AT1G36970	CP138168.1	89.201	676	62	8	2	670	16769043	16769714	0	833	GCA_036942445.1_ASM3694244v1_genomic
AT1G36970	CP138168.1	88.411	535	58	4	1381	1913	13008738	13008206	0	641	GCA_036942445.1_ASM3694244v1_genomic
AT1G36970	CP138168.1	87.666	527	62	3	1388	1913	16770486	16771010	4.1e-173	610	GCA_036942445.1_ASM3694244v1_genomic
AT1G36970	CP138169.1	81.978	738	100	19	466	1201	2843313	2844019	1.15e-168	595	GCA_036942445.1_ASM3694244v1_genomic
AT1G36970	CP138169.1	85.15	532	77	2	1383	1913	2844888	2845418	4.22e-153	544	GCA_036942445.1_ASM3694244v1_genomic
AT1G36970	CP138167.1	86.531	542	66	7	1381	1919	3273844	3273307	5.34e-167	590	GCA_036942445.1_ASM3694244v1_genomic
AT1G36970	CP138167.1	83.089	615	86	16	2	608	3275942	3275338	4.22e-153	544	GCA_036942445.1_ASM3694244v1_genomic
AT1G36970	CP138167.1	80.682	440	52	12	715	1148	3275200	3274788	4.66e-83	311	GCA_036942445.1_ASM3694244v1_genomic
AT1G36970	CP138167.1	90.805	87	7	1	1116	1201	3274799	3274713	3.92e-24	115	GCA_036942445.1_ASM3694244v1_genomic
AT3G31560	CP138167.1	87.542	297	31	2	3	296	3274927	3275220	4.73e-92	339	GCA_036942445.1_ASM3694244v1_genomic
AT3G31560	CP138167.1	95.062	162	7	1	296	457	12227681	12227841	1.76e-66	254	GCA_036942445.1_ASM3694244v1_genomic
AT3G31560	CP138169.1	89.259	270	28	1	3	272	2843827	2843559	1.7e-91	337	GCA_036942445.1_ASM3694244v1_genomic
AT3G31560	CP138166.1	88.75	240	27	0	33	272	13968525	13968286	1.04e-78	294	GCA_036942445.1_ASM3694244v1_genomic
AT4G05555	CP138169.1	97.698	2824	46	2	1	2823	2841168	2843973	0	4837	GCA_036942445.1_ASM3694244v1_genomic
AT4G05555	CP138169.1	89.13	138	15	0	2032	2169	2843317	2843454	3.29e-41	172	GCA_036942445.1_ASM3694244v1_genomic
AT4G05555	CP138169.1	87.681	138	17	0	2167	2304	2843182	2843319	7.13e-38	161	GCA_036942445.1_ASM3694244v1_genomic
AT4G05555	CP138167.1	92.055	1246	71	15	1066	2310	3276415	3275197	0	1727	GCA_036942445.1_ASM3694244v1_genomic
AT4G05555	CP138167.1	92.593	567	38	4	1	565	3276971	3276407	0	811	GCA_036942445.1_ASM3694244v1_genomic
AT4G05555	CP138167.1	93.462	413	23	2	2408	2816	3275200	3274788	5.89e-173	610	GCA_036942445.1_ASM3694244v1_genomic
AT4G05555	CP138167.1	88.406	138	16	0	2032	2169	3275340	3275203	1.53e-39	167	GCA_036942445.1_ASM3694244v1_genomic
AT4G05555	CP138167.1	100	39	0	0	2784	2822	3274799	3274761	3.44e-11	73.1	GCA_036942445.1_ASM3694244v1_genomic
AT4G05555	CP138168.1	89.627	1369	123	8	1	1366	16767543	16768895	0	1724	GCA_036942445.1_ASM3694244v1_genomic
AT4G05555	CP138168.1	88.701	770	79	5	1405	2169	16768886	16769652	0	933	GCA_036942445.1_ASM3694244v1_genomic
AT4G05555	CP138168.1	88.67	203	23	0	2164	2366	16769512	16769714	5.32e-64	248	GCA_036942445.1_ASM3694244v1_genomic
AT4G05555	CP138166.1	89.499	1038	84	14	1136	2169	18182824	18183840	0	1290	GCA_036942445.1_ASM3694244v1_genomic
AT4G05555	CP138166.1	91.727	556	44	2	496	1051	18182013	18182566	0	771	GCA_036942445.1_ASM3694244v1_genomic
AT4G05555	CP138166.1	84.232	723	97	14	1439	2154	13967451	13968163	0	688	GCA_036942445.1_ASM3694244v1_genomic
AT4G05555	CP138166.1	80.987	689	96	19	2163	2819	13968036	13968721	4.75e-144	514	GCA_036942445.1_ASM3694244v1_genomic
AT4G05555	CP138166.1	85.926	405	35	13	2414	2816	18183849	18184233	1.78e-113	412	GCA_036942445.1_ASM3694244v1_genomic
AT4G05555	CP138166.1	87.645	259	27	4	1141	1398	18182563	18182817	1.87e-78	296	GCA_036942445.1_ASM3694244v1_genomic
AT4G05555	CP138166.1	100	35	0	0	2788	2822	18184226	18184260	5.75e-09	65.8	GCA_036942445.1_ASM3694244v1_genomic
AT1G36970	CP138176.1	98.834	1972	23	0	1	1972	13993826	13995797	0	3515	GCA_036942575.1_ASM3694257v1_genomic
AT1G36970	CP138176.1	88.43	484	53	3	1387	1869	15429150	15428669	3.37e-164	580	GCA_036942575.1_ASM3694257v1_genomic
AT1G36970	CP138176.1	88.247	485	54	3	1381	1864	18487684	18488166	4.36e-163	577	GCA_036942575.1_ASM3694257v1_genomic
AT1G36970	CP138176.1	88.05	159	17	2	991	1148	15430255	15430098	8.59e-46	187	GCA_036942575.1_ASM3694257v1_genomic
AT1G36970	CP138176.1	81.545	233	20	4	991	1201	18486585	18486816	8.65e-41	171	GCA_036942575.1_ASM3694257v1_genomic
AT1G36970	CP138176.1	95.745	94	4	0	1383	1476	13995039	13995132	3.13e-35	152	GCA_036942575.1_ASM3694257v1_genomic
AT1G36970	CP138179.1	82.744	1159	155	28	1	1150	2898677	2899799	0	990	GCA_036942575.1_ASM3694257v1_genomic
AT1G36970	CP138179.1	84.86	535	74	7	1382	1913	2900742	2901272	9.57e-150	532	GCA_036942575.1_ASM3694257v1_genomic
AT1G36970	CP138179.1	89.796	49	5	0	1153	1201	2899826	2899874	1.51e-08	63.9	GCA_036942575.1_ASM3694257v1_genomic
AT1G36970	CP138178.1	90.138	578	52	5	95	670	18157405	18157979	0	747	GCA_036942575.1_ASM3694257v1_genomic
AT1G36970	CP138178.1	88.015	534	62	2	1381	1913	13083525	13082993	3.3e-179	630	GCA_036942575.1_ASM3694257v1_genomic
AT1G36970	CP138178.1	88.235	527	59	3	1388	1913	18158751	18159275	4.27e-178	627	GCA_036942575.1_ASM3694257v1_genomic
AT1G36970	CP138178.1	85.379	554	52	11	596	1148	13084982	13084457	3.42e-154	547	GCA_036942575.1_ASM3694257v1_genomic
AT1G36970	CP138178.1	83.673	588	46	13	636	1201	13125183	13124624	1.61e-142	508	GCA_036942575.1_ASM3694257v1_genomic
AT1G36970	CP138178.1	88.803	259	26	3	596	854	13125441	13125186	3.78e-84	315	GCA_036942575.1_ASM3694257v1_genomic
AT1G36970	CP138178.1	88.142	253	29	1	1381	1633	13123764	13123513	1.06e-79	300	GCA_036942575.1_ASM3694257v1_genomic
AT1G36970	CP138177.1	85.978	542	69	7	1381	1919	3021039	3020502	5.64e-162	573	GCA_036942575.1_ASM3694257v1_genomic
AT1G36970	CP138177.1	83.415	615	84	16	2	608	3023136	3022532	2.04e-156	555	GCA_036942575.1_ASM3694257v1_genomic
AT1G36970	CP138177.1	80.227	440	54	12	715	1148	3022394	3021982	1.06e-79	300	GCA_036942575.1_ASM3694257v1_genomic
AT1G36970	CP138177.1	93.023	86	6	0	1116	1201	3021993	3021908	1.9e-27	126	GCA_036942575.1_ASM3694257v1_genomic
AT3G31560	CP138178.1	97.407	270	7	0	3	272	13124837	13125106	1.02e-128	460	GCA_036942575.1_ASM3694257v1_genomic
AT3G31560	CP138178.1	95.556	270	12	0	3	272	13084596	13084865	2.21e-120	433	GCA_036942575.1_ASM3694257v1_genomic
AT3G31560	CP138178.1	97.326	187	5	0	271	457	13125421	13125607	6.47e-86	318	GCA_036942575.1_ASM3694257v1_genomic
AT3G31560	CP138178.1	95.722	187	8	0	271	457	13084962	13085148	6.51e-81	302	GCA_036942575.1_ASM3694257v1_genomic
AT3G31560	CP138178.1	96.454	141	5	0	132	272	13125184	13125324	2.41e-60	233	GCA_036942575.1_ASM3694257v1_genomic
AT3G31560	CP138177.1	87.205	297	32	2	3	296	3022121	3022414	2.31e-90	333	GCA_036942575.1_ASM3694257v1_genomic
AT3G31560	CP138177.1	95.062	162	7	1	296	457	13415554	13415714	1.85e-66	254	GCA_036942575.1_ASM3694257v1_genomic
AT3G31560	CP138179.1	88.889	270	29	1	3	272	2899658	2899390	8.31e-90	331	GCA_036942575.1_ASM3694257v1_genomic
AT3G31560	CP138176.1	87.917	240	29	0	33	272	13994780	13994541	2.36e-75	283	GCA_036942575.1_ASM3694257v1_genomic
AT3G31560	CP138176.1	84.81	158	23	1	301	457	21307541	21307384	1.49e-37	158	GCA_036942575.1_ASM3694257v1_genomic
AT4G05555	CP138179.1	96.841	2184	46	5	1	2183	2897135	2899296	0	3629	GCA_036942575.1_ASM3694257v1_genomic
AT4G05555	CP138179.1	98.006	652	13	0	2167	2818	2899148	2899799	0	1133	GCA_036942575.1_ASM3694257v1_genomic
AT4G05555	CP138179.1	100	38	0	0	2786	2823	2899791	2899828	1.3e-10	71.3	GCA_036942575.1_ASM3694257v1_genomic
AT4G05555	CP138176.1	91.141	1411	114	9	1	1407	15442994	15441591	0	1903	GCA_036942575.1_ASM3694257v1_genomic
AT4G05555	CP138176.1	89.692	1038	82	15	1136	2169	18485333	18486349	0	1301	GCA_036942575.1_ASM3694257v1_genomic
AT4G05555	CP138176.1	88.877	908	77	11	496	1398	18483909	18484797	0	1096	GCA_036942575.1_ASM3694257v1_genomic
AT4G05555	CP138176.1	82.763	789	111	21	1374	2154	13993647	13994418	0	680	GCA_036942575.1_ASM3694257v1_genomic
AT4G05555	CP138176.1	91.96	398	32	0	1507	1904	15431102	15430705	2.27e-157	558	GCA_036942575.1_ASM3694257v1_genomic
AT4G05555	CP138176.1	81.042	691	92	22	2163	2819	13994291	13994976	4.98e-144	514	GCA_036942575.1_ASM3694257v1_genomic
AT4G05555	CP138176.1	88.889	405	35	6	2413	2816	15430493	15430098	8.4e-137	490	GCA_036942575.1_ASM3694257v1_genomic
AT4G05555	CP138176.1	87.654	405	28	13	2414	2816	18486358	18486742	3.96e-125	451	GCA_036942575.1_ASM3694257v1_genomic
AT4G05555	CP138176.1	87.879	264	26	5	1136	1398	18485068	18485326	3.27e-81	305	GCA_036942575.1_ASM3694257v1_genomic
AT4G05555	CP138176.1	87.5	264	26	6	1136	1398	18484804	18485061	5.46e-79	298	GCA_036942575.1_ASM3694257v1_genomic
AT4G05555	CP138176.1	88.095	210	19	5	1964	2169	15430708	15430501	7.22e-63	244	GCA_036942575.1_ASM3694257v1_genomic
AT4G05555	CP138176.1	100	29	0	0	2794	2822	15430099	15430071	1.31e-05	54.7	GCA_036942575.1_ASM3694257v1_genomic
AT4G05555	CP138177.1	92.376	1246	68	12	1066	2310	3023610	3022391	0	1749	GCA_036942575.1_ASM3694257v1_genomic
AT4G05555	CP138177.1	92.416	567	39	4	1	565	3024166	3023602	0	806	GCA_036942575.1_ASM3694257v1_genomic
AT4G05555	CP138177.1	93.22	413	24	2	2408	2816	3022394	3021982	2.87e-171	604	GCA_036942575.1_ASM3694257v1_genomic
AT4G05555	CP138177.1	87.681	138	17	0	2032	2169	3022534	3022397	7.48e-38	161	GCA_036942575.1_ASM3694257v1_genomic
AT4G05555	CP138177.1	100	39	0	0	2784	2822	3021993	3021955	3.61e-11	73.1	GCA_036942575.1_ASM3694257v1_genomic
AT4G05555	CP138180.1	86.813	1092	136	8	92	1179	11699603	11700690	0	1212	GCA_036942575.1_ASM3694257v1_genomic
AT4G05555	CP138178.1	90.856	864	77	2	79	941	18156544	18157406	0	1157	GCA_036942575.1_ASM3694257v1_genomic
AT4G05555	CP138178.1	89.85	532	51	3	2287	2816	13084987	13084457	0	680	GCA_036942575.1_ASM3694257v1_genomic
AT4G05555	CP138178.1	89.3	514	51	3	1657	2169	18157407	18157917	0	641	GCA_036942575.1_ASM3694257v1_genomic
AT4G05555	CP138178.1	90.123	486	47	1	2332	2816	13125183	13124698	4.74e-179	630	GCA_036942575.1_ASM3694257v1_genomic
AT4G05555	CP138178.1	88.973	263	29	0	2287	2549	13125446	13125184	2.51e-87	326	GCA_036942575.1_ASM3694257v1_genomic
AT4G05555	CP138178.1	89.655	203	21	0	2164	2366	18157777	18157979	2.58e-67	259	GCA_036942575.1_ASM3694257v1_genomic
AT4G05555	CP138178.1	100	41	0	0	2782	2822	13124711	13124671	2.79e-12	76.8	GCA_036942575.1_ASM3694257v1_genomic
AT1G36970	CP138181.1	99.189	1972	16	0	1	1972	14035622	14037593	0	3554	GCA_036942965.1_ASM3694296v1_genomic
AT1G36970	CP138181.1	88.247	485	54	3	1381	1864	17794280	17794762	4.39e-163	577	GCA_036942965.1_ASM3694296v1_genomic
AT1G36970	CP138181.1	95.745	94	4	0	1383	1476	14036835	14036928	3.15e-35	152	GCA_036942965.1_ASM3694296v1_genomic
AT1G36970	CP138181.1	95.745	94	4	0	1214	1307	14037004	14037097	3.15e-35	152	GCA_036942965.1_ASM3694296v1_genomic
AT1G36970	CP138183.1	89.645	676	59	8	2	670	17500808	17501479	0	850	GCA_036942965.1_ASM3694296v1_genomic
AT1G36970	CP138183.1	88.425	527	58	3	1388	1913	17502251	17502775	9.23e-180	632	GCA_036942965.1_ASM3694296v1_genomic
AT1G36970	CP138183.1	87.638	542	61	6	1381	1919	13147083	13146545	1.54e-177	625	GCA_036942965.1_ASM3694296v1_genomic
AT1G36970	CP138183.1	84.014	588	44	13	636	1201	13148503	13147944	7.5e-146	520	GCA_036942965.1_ASM3694296v1_genomic
AT1G36970	CP138183.1	88.417	259	27	1	596	854	13148761	13148506	1.77e-82	309	GCA_036942965.1_ASM3694296v1_genomic
AT1G36970	CP138184.1	84.975	599	79	9	1	593	3035758	3036351	3.37e-169	597	GCA_036942965.1_ASM3694296v1_genomic
AT1G36970	CP138184.1	81.753	696	93	20	466	1159	3036360	3037023	2.66e-155	551	GCA_036942965.1_ASM3694296v1_genomic
AT1G36970	CP138182.1	86.531	542	66	7	1381	1919	3458229	3457692	5.63e-167	590	GCA_036942965.1_ASM3694296v1_genomic
AT1G36970	CP138182.1	83.415	615	84	16	2	608	3460326	3459722	2.06e-156	555	GCA_036942965.1_ASM3694296v1_genomic
AT1G36970	CP138182.1	80.455	440	53	12	715	1148	3459584	3459172	2.29e-81	305	GCA_036942965.1_ASM3694296v1_genomic
AT1G36970	CP138182.1	93.023	86	6	0	1116	1201	3459183	3459098	1.91e-27	126	GCA_036942965.1_ASM3694296v1_genomic
AT3G31560	CP138183.1	97.407	270	7	0	3	272	13148157	13148426	1.02e-128	460	GCA_036942965.1_ASM3694296v1_genomic
AT3G31560	CP138183.1	97.326	187	5	0	271	457	13148741	13148927	6.5e-86	318	GCA_036942965.1_ASM3694296v1_genomic
AT3G31560	CP138183.1	95.745	141	6	0	132	272	13148504	13148644	1.13e-58	228	GCA_036942965.1_ASM3694296v1_genomic
AT3G31560	CP138184.1	89.63	270	27	1	3	272	3036874	3036606	3.86e-93	342	GCA_036942965.1_ASM3694296v1_genomic
AT3G31560	CP138182.1	87.205	297	32	2	3	296	3459311	3459604	2.32e-90	333	GCA_036942965.1_ASM3694296v1_genomic
AT3G31560	CP138182.1	95.062	162	7	1	296	457	12117426	12117586	1.86e-66	254	GCA_036942965.1_ASM3694296v1_genomic
AT3G31560	CP138181.1	88.75	240	27	0	33	272	14036576	14036337	1.1e-78	294	GCA_036942965.1_ASM3694296v1_genomic
AT4G05555	CP138184.1	97.911	2824	39	3	1	2823	3034216	3037020	0	4870	GCA_036942965.1_ASM3694296v1_genomic
AT4G05555	CP138184.1	89.13	138	15	0	2167	2304	3036229	3036366	3.47e-41	172	GCA_036942965.1_ASM3694296v1_genomic
AT4G05555	CP138184.1	86.842	152	17	2	2032	2183	3036364	3036512	1.62e-39	167	GCA_036942965.1_ASM3694296v1_genomic
AT4G05555	CP138182.1	92.536	1246	66	9	1066	2310	3460800	3459581	0	1760	GCA_036942965.1_ASM3694296v1_genomic
AT4G05555	CP138182.1	92.593	567	38	4	1	565	3461356	3460792	0	811	GCA_036942965.1_ASM3694296v1_genomic
AT4G05555	CP138182.1	93.462	413	23	2	2408	2816	3459584	3459172	6.21e-173	610	GCA_036942965.1_ASM3694296v1_genomic
AT4G05555	CP138182.1	87.681	138	17	0	2032	2169	3459724	3459587	7.52e-38	161	GCA_036942965.1_ASM3694296v1_genomic
AT4G05555	CP138182.1	100	39	0	0	2784	2822	3459183	3459145	3.63e-11	73.1	GCA_036942965.1_ASM3694296v1_genomic
AT4G05555	CP138183.1	89.633	1389	122	9	1	1386	17499308	17500677	0	1748	GCA_036942965.1_ASM3694296v1_genomic
AT4G05555	CP138183.1	88.961	770	77	5	1405	2169	17500651	17501417	0	944	GCA_036942965.1_ASM3694296v1_genomic
AT4G05555	CP138183.1	90.535	486	45	1	2332	2816	13148503	13148018	0	641	GCA_036942965.1_ASM3694296v1_genomic
AT4G05555	CP138183.1	88.973	263	29	0	2287	2549	13148766	13148504	2.52e-87	326	GCA_036942965.1_ASM3694296v1_genomic
AT4G05555	CP138183.1	88.67	203	23	0	2164	2366	17501277	17501479	5.61e-64	248	GCA_036942965.1_ASM3694296v1_genomic
AT4G05555	CP138183.1	100	41	0	0	2782	2822	13148031	13147991	2.8e-12	76.8	GCA_036942965.1_ASM3694296v1_genomic
AT4G05555	CP138181.1	89.884	1038	80	15	1136	2169	17791950	17792966	0	1312	GCA_036942965.1_ASM3694296v1_genomic
AT4G05555	CP138181.1	90.177	906	79	9	496	1398	17791045	17791943	0	1171	GCA_036942965.1_ASM3694296v1_genomic
AT4G05555	CP138181.1	83.74	738	103	14	1439	2169	14035502	14036229	0	682	GCA_036942965.1_ASM3694296v1_genomic
AT4G05555	CP138181.1	81.503	692	87	23	2163	2819	14036087	14036772	4.98e-149	531	GCA_036942965.1_ASM3694296v1_genomic
AT4G05555	CP138181.1	87.105	411	31	13	2414	2822	17792975	17793365	1.85e-123	446	GCA_036942965.1_ASM3694296v1_genomic
AT4G05555	CP138185.1	87.088	1092	133	8	92	1179	11877893	11878980	0	1229	GCA_036942965.1_ASM3694296v1_genomic
AT1G36970	CP138186.1	98.073	1972	18	2	1	1972	13926936	13928887	0	3413	GCA_036942975.1_ASM3694297v1_genomic
AT1G36970	CP138186.1	86.708	489	65	0	1381	1869	17904614	17904126	4.22e-153	544	GCA_036942975.1_ASM3694297v1_genomic
AT1G36970	CP138186.1	88.679	159	16	2	991	1148	17905705	17905548	1.76e-47	193	GCA_036942975.1_ASM3694297v1_genomic
AT1G36970	CP138186.1	90.345	145	12	2	1005	1147	14732485	14732341	2.28e-46	189	GCA_036942975.1_ASM3694297v1_genomic
AT1G36970	CP138186.1	94.681	94	5	0	1214	1307	13928298	13928391	1.39e-33	147	GCA_036942975.1_ASM3694297v1_genomic
AT1G36970	CP138186.1	98.113	53	1	0	1383	1435	13928149	13928201	1.84e-17	93.5	GCA_036942975.1_ASM3694297v1_genomic
AT1G36970	CP138188.1	90.625	672	56	7	2	670	16164202	16164869	0	885	GCA_036942975.1_ASM3694297v1_genomic
AT1G36970	CP138188.1	87.722	562	63	6	1382	1942	13052640	13052084	0	651	GCA_036942975.1_ASM3694297v1_genomic
AT1G36970	CP138188.1	88.18	533	60	3	1382	1913	16165579	16166109	8.76e-180	632	GCA_036942975.1_ASM3694297v1_genomic
AT1G36970	CP138188.1	85.575	513	47	7	636	1148	13638631	13639116	1.19e-143	512	GCA_036942975.1_ASM3694297v1_genomic
AT1G36970	CP138188.1	88.647	414	42	2	1381	1794	13640049	13640457	9.27e-140	499	GCA_036942975.1_ASM3694297v1_genomic
AT1G36970	CP138188.1	84.6	513	51	7	636	1148	13054060	13053576	2.6e-135	484	GCA_036942975.1_ASM3694297v1_genomic
AT1G36970	CP138188.1	88.803	259	26	1	596	854	13638373	13638628	3.61e-84	315	GCA_036942975.1_ASM3694297v1_genomic
AT1G36970	CP138188.1	92.086	139	11	0	716	854	13054201	13054063	1.36e-48	196	GCA_036942975.1_ASM3694297v1_genomic
AT1G36970	CP138188.1	96.703	91	3	0	1111	1201	13639100	13639190	2.99e-35	152	GCA_036942975.1_ASM3694297v1_genomic
AT1G36970	CP138188.1	96.629	89	3	0	1113	1201	13053590	13053502	3.87e-34	148	GCA_036942975.1_ASM3694297v1_genomic
AT1G36970	CP138188.1	91.954	87	6	1	1219	1305	16165585	16165670	8.44e-26	121	GCA_036942975.1_ASM3694297v1_genomic
AT1G36970	CP138189.1	82.385	738	97	16	466	1201	2877038	2877744	1.14e-173	612	GCA_036942975.1_ASM3694297v1_genomic
AT1G36970	CP138189.1	84.307	599	83	9	1	593	2876436	2877029	1.5e-162	575	GCA_036942975.1_ASM3694297v1_genomic
AT1G36970	CP138189.1	84.991	533	78	2	1382	1913	2878612	2879143	5.46e-152	540	GCA_036942975.1_ASM3694297v1_genomic
AT1G36970	CP138187.1	82.764	615	88	16	2	608	3181268	3180664	9.14e-150	532	GCA_036942975.1_ASM3694297v1_genomic
AT1G36970	CP138187.1	80.272	441	53	13	715	1148	3180526	3180113	2.81e-80	302	GCA_036942975.1_ASM3694297v1_genomic
AT1G36970	CP138187.1	91.86	86	7	0	1116	1201	3180124	3180039	8.44e-26	121	GCA_036942975.1_ASM3694297v1_genomic
AT3G31560	CP138188.1	99.693	326	1	0	132	457	13054061	13054386	7.08e-170	597	GCA_036942975.1_ASM3694297v1_genomic
AT3G31560	CP138188.1	97.059	272	8	0	1	272	13053713	13053984	3.49e-128	459	GCA_036942975.1_ASM3694297v1_genomic
AT3G31560	CP138188.1	96.667	270	9	0	3	272	13638977	13638708	2.1e-125	449	GCA_036942975.1_ASM3694297v1_genomic
AT3G31560	CP138188.1	97.326	187	5	0	271	457	13638393	13638207	6.18e-86	318	GCA_036942975.1_ASM3694297v1_genomic
AT3G31560	CP138188.1	97.872	141	3	0	132	272	13638630	13638490	1.06e-63	244	GCA_036942975.1_ASM3694297v1_genomic
AT3G31560	CP138189.1	90	270	26	1	3	272	2877552	2877284	7.88e-95	348	GCA_036942975.1_ASM3694297v1_genomic
AT3G31560	CP138187.1	87.248	298	31	3	3	296	3180252	3180546	2.21e-90	333	GCA_036942975.1_ASM3694297v1_genomic
AT3G31560	CP138187.1	95.062	162	7	1	296	457	11426107	11426267	1.77e-66	254	GCA_036942975.1_ASM3694297v1_genomic
AT3G31560	CP138186.1	89.167	240	26	0	33	272	13927890	13927651	2.24e-80	300	GCA_036942975.1_ASM3694297v1_genomic
AT4G05555	CP138189.1	97.662	2823	48	1	1	2823	2874894	2877698	0	4831	GCA_036942975.1_ASM3694297v1_genomic
AT4G05555	CP138189.1	86.842	152	17	2	2032	2183	2877042	2877190	1.54e-39	167	GCA_036942975.1_ASM3694297v1_genomic
AT4G05555	CP138186.1	91.502	2177	155	14	1	2169	17908105	17905951	0	2968	GCA_036942975.1_ASM3694297v1_genomic
AT4G05555	CP138186.1	90.24	1250	81	19	1066	2310	14733957	14732744	0	1594	GCA_036942975.1_ASM3694297v1_genomic
AT4G05555	CP138186.1	88.832	1164	79	13	350	1511	14527161	14528275	0	1382	GCA_036942975.1_ASM3694297v1_genomic
AT4G05555	CP138186.1	92.281	570	35	8	1	565	14734514	14733949	0	800	GCA_036942975.1_ASM3694297v1_genomic
AT4G05555	CP138186.1	83.402	723	103	14	1439	2154	13926816	13927528	0	654	GCA_036942975.1_ASM3694297v1_genomic
AT4G05555	CP138186.1	81.422	689	93	19	2163	2819	13927401	13928086	4.73e-149	531	GCA_036942975.1_ASM3694297v1_genomic
AT4G05555	CP138186.1	89.877	405	31	6	2413	2816	17905943	17905548	1.71e-143	512	GCA_036942975.1_ASM3694297v1_genomic
AT4G05555	CP138186.1	87.05	417	35	16	2408	2815	14732747	14732341	1.05e-125	453	GCA_036942975.1_ASM3694297v1_genomic
AT4G05555	CP138186.1	88.406	138	16	0	2032	2169	14732887	14732750	1.54e-39	167	GCA_036942975.1_ASM3694297v1_genomic
AT4G05555	CP138187.1	92.536	1246	66	10	1066	2310	3181742	3180523	0	1760	GCA_036942975.1_ASM3694297v1_genomic
AT4G05555	CP138187.1	93.122	567	35	4	1	565	3182298	3181734	0	828	GCA_036942975.1_ASM3694297v1_genomic
AT4G05555	CP138187.1	93.237	414	23	3	2408	2816	3180526	3180113	2.75e-171	604	GCA_036942975.1_ASM3694297v1_genomic
AT4G05555	CP138187.1	88.406	138	16	0	2032	2169	3180666	3180529	1.54e-39	167	GCA_036942975.1_ASM3694297v1_genomic
AT4G05555	CP138187.1	100	39	0	0	2784	2822	3180124	3180086	3.44e-11	73.1	GCA_036942975.1_ASM3694297v1_genomic
AT4G05555	CP138188.1	89.92	1369	132	6	1	1366	16162689	16164054	0	1759	GCA_036942975.1_ASM3694297v1_genomic
AT4G05555	CP138188.1	89.295	766	78	3	1405	2169	16164045	16164807	0	957	GCA_036942975.1_ASM3694297v1_genomic
AT4G05555	CP138188.1	90.76	487	42	3	2332	2816	13638631	13639116	0	647	GCA_036942975.1_ASM3694297v1_genomic
AT4G05555	CP138188.1	89.506	486	49	2	2332	2816	13054060	13053576	4.56e-174	614	GCA_036942975.1_ASM3694297v1_genomic
AT4G05555	CP138188.1	100	41	0	0	2782	2822	13639103	13639143	2.66e-12	76.8	GCA_036942975.1_ASM3694297v1_genomic
AT4G05555	CP138190.1	85.37	1203	146	23	1	1179	11788101	11789297	0	1219	GCA_036942975.1_ASM3694297v1_genomic
AT1G36970	OX291429.1	99.645	1972	7	0	1	1972	13736700	13738671	0	3603	GCA_946402385.1_AUZE-A-5.PacbioHiFiAssembly_genomic
AT1G36970	OX291429.1	87.959	490	56	3	1381	1869	14266012	14266499	1.58e-162	575	GCA_946402385.1_AUZE-A-5.PacbioHiFiAssembly_genomic
AT1G36970	OX291429.1	89.744	156	14	2	991	1145	14264913	14265067	3.99e-49	198	GCA_946402385.1_AUZE-A-5.PacbioHiFiAssembly_genomic
AT1G36970	OX291429.1	95.745	94	4	0	1383	1476	13737913	13738006	3.15e-35	152	GCA_946402385.1_AUZE-A-5.PacbioHiFiAssembly_genomic
AT1G36970	OX291429.1	95.745	94	4	0	1214	1307	13738082	13738175	3.15e-35	152	GCA_946402385.1_AUZE-A-5.PacbioHiFiAssembly_genomic
AT1G36970	OX291431.1	90.476	672	57	7	2	670	19865072	19864405	0	880	GCA_946402385.1_AUZE-A-5.PacbioHiFiAssembly_genomic
AT1G36970	OX291431.1	88.202	534	60	3	1381	1913	19863696	19863165	2.56e-180	634	GCA_946402385.1_AUZE-A-5.PacbioHiFiAssembly_genomic
AT1G36970	OX291431.1	87.057	564	66	7	1381	1942	12971069	12970511	3.32e-179	630	GCA_946402385.1_AUZE-A-5.PacbioHiFiAssembly_genomic
AT1G36970	OX291431.1	85.172	553	54	8	596	1148	12972527	12972003	1.6e-152	542	GCA_946402385.1_AUZE-A-5.PacbioHiFiAssembly_genomic
AT1G36970	OX291431.1	85.38	513	48	7	636	1148	13190278	13189793	5.83e-142	507	GCA_946402385.1_AUZE-A-5.PacbioHiFiAssembly_genomic
AT1G36970	OX291431.1	88.136	413	44	2	1381	1793	13188860	13188453	7.6e-136	486	GCA_946402385.1_AUZE-A-5.PacbioHiFiAssembly_genomic
AT1G36970	OX291431.1	88.417	259	27	1	596	854	13190536	13190281	1.76e-82	309	GCA_946402385.1_AUZE-A-5.PacbioHiFiAssembly_genomic
AT1G36970	OX291431.1	96.703	91	3	0	1111	1201	13189809	13189719	3.15e-35	152	GCA_946402385.1_AUZE-A-5.PacbioHiFiAssembly_genomic
AT1G36970	OX291431.1	96.629	89	3	0	1113	1201	12972017	12971929	4.07e-34	148	GCA_946402385.1_AUZE-A-5.PacbioHiFiAssembly_genomic
AT1G36970	OX291431.1	91.954	87	6	1	1219	1305	19863689	19863604	8.87e-26	121	GCA_946402385.1_AUZE-A-5.PacbioHiFiAssembly_genomic
AT1G36970	OX291432.1	84.975	599	79	9	1	593	3060431	3061024	3.36e-169	597	GCA_946402385.1_AUZE-A-5.PacbioHiFiAssembly_genomic
AT1G36970	OX291432.1	81.732	739	100	20	466	1201	3061033	3061739	2.62e-165	584	GCA_946402385.1_AUZE-A-5.PacbioHiFiAssembly_genomic
AT1G36970	OX291432.1	85.421	535	74	4	1381	1913	3062606	3063138	7.38e-156	553	GCA_946402385.1_AUZE-A-5.PacbioHiFiAssembly_genomic
AT1G36970	OX291430.1	86.347	542	67	7	1381	1919	4139991	4139454	2.62e-165	584	GCA_946402385.1_AUZE-A-5.PacbioHiFiAssembly_genomic
AT1G36970	OX291430.1	83.089	615	86	16	2	608	4142088	4141484	4.44e-153	544	GCA_946402385.1_AUZE-A-5.PacbioHiFiAssembly_genomic
AT1G36970	OX291430.1	80.227	440	54	12	715	1148	4141346	4140934	1.06e-79	300	GCA_946402385.1_AUZE-A-5.PacbioHiFiAssembly_genomic
AT1G36970	OX291430.1	93.023	86	6	0	1116	1201	4140945	4140860	1.91e-27	126	GCA_946402385.1_AUZE-A-5.PacbioHiFiAssembly_genomic
AT3G31560	OX291431.1	96.667	270	9	0	3	272	13189932	13190201	2.21e-125	449	GCA_946402385.1_AUZE-A-5.PacbioHiFiAssembly_genomic
AT3G31560	OX291431.1	95.588	272	11	1	1	272	12972140	12972410	6.18e-121	435	GCA_946402385.1_AUZE-A-5.PacbioHiFiAssembly_genomic
AT3G31560	OX291431.1	98.936	188	2	0	270	457	12972506	12972693	1.79e-91	337	GCA_946402385.1_AUZE-A-5.PacbioHiFiAssembly_genomic
AT3G31560	OX291431.1	96.791	187	6	0	271	457	13190516	13190702	3.02e-84	313	GCA_946402385.1_AUZE-A-5.PacbioHiFiAssembly_genomic
AT3G31560	OX291431.1	97.872	141	3	0	132	272	13190279	13190419	1.12e-63	244	GCA_946402385.1_AUZE-A-5.PacbioHiFiAssembly_genomic
AT3G31560	OX291432.1	89.259	270	28	1	3	272	3061547	3061279	1.79e-91	337	GCA_946402385.1_AUZE-A-5.PacbioHiFiAssembly_genomic
AT3G31560	OX291430.1	87.205	297	32	2	3	296	4141073	4141366	2.32e-90	333	GCA_946402385.1_AUZE-A-5.PacbioHiFiAssembly_genomic
AT3G31560	OX291430.1	95.062	162	7	1	296	457	13263569	13263729	1.86e-66	254	GCA_946402385.1_AUZE-A-5.PacbioHiFiAssembly_genomic
AT3G31560	OX291429.1	88.75	240	27	0	33	272	13737654	13737415	1.09e-78	294	GCA_946402385.1_AUZE-A-5.PacbioHiFiAssembly_genomic
AT4G05555	OX291432.1	99.114	2823	7	1	1	2823	3058889	3061693	0	5059	GCA_946402385.1_AUZE-A-5.PacbioHiFiAssembly_genomic
AT4G05555	OX291432.1	88.406	138	16	0	2167	2304	3060902	3061039	1.62e-39	167	GCA_946402385.1_AUZE-A-5.PacbioHiFiAssembly_genomic
AT4G05555	OX291432.1	88.406	138	16	0	2032	2169	3061037	3061174	1.62e-39	167	GCA_946402385.1_AUZE-A-5.PacbioHiFiAssembly_genomic
AT4G05555	OX291429.1	90.645	1411	120	10	1	1407	14240664	14242066	0	1864	GCA_946402385.1_AUZE-A-5.PacbioHiFiAssembly_genomic
AT4G05555	OX291429.1	88.791	678	59	8	1507	2169	14263992	14264667	0	815	GCA_946402385.1_AUZE-A-5.PacbioHiFiAssembly_genomic
AT4G05555	OX291429.1	84.232	723	97	14	1439	2154	13736580	13737292	0	688	GCA_946402385.1_AUZE-A-5.PacbioHiFiAssembly_genomic
AT4G05555	OX291429.1	80.987	689	96	19	2163	2819	13737165	13737850	5.01e-144	514	GCA_946402385.1_AUZE-A-5.PacbioHiFiAssembly_genomic
AT4G05555	OX291429.1	90.025	401	30	6	2414	2813	14264676	14265067	6.48e-143	510	GCA_946402385.1_AUZE-A-5.PacbioHiFiAssembly_genomic
AT4G05555	OX291429.1	86.986	146	11	7	2167	2307	14264528	14264670	9.72e-37	158	GCA_946402385.1_AUZE-A-5.PacbioHiFiAssembly_genomic
AT4G05555	OX291429.1	100	29	0	0	2794	2822	14265069	14265097	1.31e-05	54.7	GCA_946402385.1_AUZE-A-5.PacbioHiFiAssembly_genomic
AT4G05555	OX291431.1	90.285	1369	127	6	1	1366	19866585	19865220	0	1786	GCA_946402385.1_AUZE-A-5.PacbioHiFiAssembly_genomic
AT4G05555	OX291431.1	89.164	766	79	3	1405	2169	19865229	19864467	0	952	GCA_946402385.1_AUZE-A-5.PacbioHiFiAssembly_genomic
AT4G05555	OX291431.1	89.831	531	52	2	2287	2816	12972532	12972003	0	680	GCA_946402385.1_AUZE-A-5.PacbioHiFiAssembly_genomic
AT4G05555	OX291431.1	90.554	487	43	3	2332	2816	13190278	13189793	0	641	GCA_946402385.1_AUZE-A-5.PacbioHiFiAssembly_genomic
AT4G05555	OX291431.1	100	41	0	0	2782	2822	12972016	12971976	2.8e-12	76.8	GCA_946402385.1_AUZE-A-5.PacbioHiFiAssembly_genomic
AT4G05555	OX291431.1	100	41	0	0	2782	2822	13189806	13189766	2.8e-12	76.8	GCA_946402385.1_AUZE-A-5.PacbioHiFiAssembly_genomic
AT4G05555	OX291430.1	92.215	1246	69	11	1066	2310	4142561	4141343	0	1738	GCA_946402385.1_AUZE-A-5.PacbioHiFiAssembly_genomic
AT4G05555	OX291430.1	92.769	567	37	4	1	565	4143117	4142553	0	817	GCA_946402385.1_AUZE-A-5.PacbioHiFiAssembly_genomic
AT4G05555	OX291430.1	93.22	413	24	2	2408	2816	4141346	4140934	2.89e-171	604	GCA_946402385.1_AUZE-A-5.PacbioHiFiAssembly_genomic
AT4G05555	OX291430.1	88.406	138	16	0	2032	2169	4141486	4141349	1.62e-39	167	GCA_946402385.1_AUZE-A-5.PacbioHiFiAssembly_genomic
AT4G05555	OX291430.1	100	39	0	0	2784	2822	4140945	4140907	3.62e-11	73.1	GCA_946402385.1_AUZE-A-5.PacbioHiFiAssembly_genomic
AT4G05555	OX291433.1	86.837	1094	133	10	92	1179	12189774	12190862	0	1212	GCA_946402385.1_AUZE-A-5.PacbioHiFiAssembly_genomic
AT1G36970	OX291436.1	99.645	1972	7	0	1	1972	13788516	13790487	0	3603	GCA_946403025.1_FERR-A-8.PacbioHiFiAssembly_genomic
AT1G36970	OX291436.1	88.247	485	54	3	1381	1864	17943538	17944020	4.49e-163	577	GCA_946403025.1_FERR-A-8.PacbioHiFiAssembly_genomic
AT1G36970	OX291436.1	87.959	490	56	3	1381	1869	14533039	14533526	1.62e-162	575	GCA_946403025.1_FERR-A-8.PacbioHiFiAssembly_genomic
AT1G36970	OX291436.1	89.744	156	14	2	991	1145	14531940	14532094	4.08e-49	198	GCA_946403025.1_FERR-A-8.PacbioHiFiAssembly_genomic
AT1G36970	OX291436.1	82.403	233	18	4	991	1201	17942439	17942670	4.11e-44	182	GCA_946403025.1_FERR-A-8.PacbioHiFiAssembly_genomic
AT1G36970	OX291436.1	95.745	94	4	0	1383	1476	13789729	13789822	3.23e-35	152	GCA_946403025.1_FERR-A-8.PacbioHiFiAssembly_genomic
AT1G36970	OX291436.1	95.745	94	4	0	1214	1307	13789898	13789991	3.23e-35	152	GCA_946403025.1_FERR-A-8.PacbioHiFiAssembly_genomic
AT1G36970	OX291438.1	90.193	673	56	8	2	670	17856541	17857207	0	869	GCA_946403025.1_FERR-A-8.PacbioHiFiAssembly_genomic
AT1G36970	OX291438.1	88.202	534	60	3	1381	1913	17857916	17858447	2.63e-180	634	GCA_946403025.1_FERR-A-8.PacbioHiFiAssembly_genomic
AT1G36970	OX291438.1	87.823	542	61	5	1381	1919	12948989	12948450	3.4e-179	630	GCA_946403025.1_FERR-A-8.PacbioHiFiAssembly_genomic
AT1G36970	OX291438.1	85.214	514	47	9	636	1148	12950408	12949923	2.78e-140	501	GCA_946403025.1_FERR-A-8.PacbioHiFiAssembly_genomic
AT1G36970	OX291438.1	90.446	157	15	0	698	854	12950567	12950411	6.79e-52	207	GCA_946403025.1_FERR-A-8.PacbioHiFiAssembly_genomic
AT1G36970	OX291438.1	96.629	89	3	0	1113	1201	12949937	12949849	4.17e-34	148	GCA_946403025.1_FERR-A-8.PacbioHiFiAssembly_genomic
AT1G36970	OX291439.1	84.641	599	81	10	1	593	3657905	3658498	7.46e-166	586	GCA_946403025.1_FERR-A-8.PacbioHiFiAssembly_genomic
AT1G36970	OX291439.1	81.622	740	97	23	466	1201	3658507	3659211	4.49e-163	577	GCA_946403025.1_FERR-A-8.PacbioHiFiAssembly_genomic
AT1G36970	OX291439.1	85.607	535	73	4	1381	1913	3660078	3660610	1.63e-157	558	GCA_946403025.1_FERR-A-8.PacbioHiFiAssembly_genomic
AT1G36970	OX291437.1	83.089	615	85	17	2	608	3480089	3479486	1.64e-152	542	GCA_946403025.1_FERR-A-8.PacbioHiFiAssembly_genomic
AT1G36970	OX291437.1	80.045	441	54	13	715	1148	3479348	3478935	1.41e-78	296	GCA_946403025.1_FERR-A-8.PacbioHiFiAssembly_genomic
AT1G36970	OX291437.1	93.023	86	6	0	1116	1201	3478946	3478861	1.95e-27	126	GCA_946403025.1_FERR-A-8.PacbioHiFiAssembly_genomic
AT3G31560	OX291438.1	96.296	270	10	0	3	272	12950062	12950331	1.05e-123	444	GCA_946403025.1_FERR-A-8.PacbioHiFiAssembly_genomic
AT3G31560	OX291438.1	98.396	187	3	0	271	457	12950677	12950863	3.08e-89	329	GCA_946403025.1_FERR-A-8.PacbioHiFiAssembly_genomic
AT3G31560	OX291438.1	96.454	141	5	0	132	272	12950409	12950549	2.48e-60	233	GCA_946403025.1_FERR-A-8.PacbioHiFiAssembly_genomic
AT3G31560	OX291437.1	87.805	287	28	3	14	296	3479085	3479368	3.08e-89	329	GCA_946403025.1_FERR-A-8.PacbioHiFiAssembly_genomic
AT3G31560	OX291437.1	95.062	162	7	1	296	457	14231245	14231405	1.9e-66	254	GCA_946403025.1_FERR-A-8.PacbioHiFiAssembly_genomic
AT3G31560	OX291439.1	88.519	270	30	1	3	272	3659019	3658751	3.98e-88	326	GCA_946403025.1_FERR-A-8.PacbioHiFiAssembly_genomic
AT3G31560	OX291436.1	89.167	240	26	0	33	272	13789470	13789231	2.41e-80	300	GCA_946403025.1_FERR-A-8.PacbioHiFiAssembly_genomic
AT4G05555	OX291439.1	98.512	2823	22	2	1	2823	3656363	3659165	0	4963	GCA_946403025.1_FERR-A-8.PacbioHiFiAssembly_genomic
AT4G05555	OX291439.1	86.842	152	17	2	2032	2183	3658511	3658659	1.66e-39	167	GCA_946403025.1_FERR-A-8.PacbioHiFiAssembly_genomic
AT4G05555	OX291439.1	88.321	137	16	0	2168	2304	3658377	3658513	5.95e-39	165	GCA_946403025.1_FERR-A-8.PacbioHiFiAssembly_genomic
AT4G05555	OX291436.1	90.787	1411	118	10	1	1407	14507691	14509093	0	1875	GCA_946403025.1_FERR-A-8.PacbioHiFiAssembly_genomic
AT4G05555	OX291436.1	90.618	874	75	6	496	1366	17941541	17942410	0	1153	GCA_946403025.1_FERR-A-8.PacbioHiFiAssembly_genomic
AT4G05555	OX291436.1	88.791	678	59	8	1507	2169	14531019	14531694	0	815	GCA_946403025.1_FERR-A-8.PacbioHiFiAssembly_genomic
AT4G05555	OX291436.1	84.078	716	97	14	1446	2154	13788403	13789108	0	675	GCA_946403025.1_FERR-A-8.PacbioHiFiAssembly_genomic
AT4G05555	OX291436.1	81.567	689	92	19	2163	2819	13788981	13789666	1.1e-150	536	GCA_946403025.1_FERR-A-8.PacbioHiFiAssembly_genomic
AT4G05555	OX291436.1	90.05	402	28	8	2414	2813	14531703	14532094	6.64e-143	510	GCA_946403025.1_FERR-A-8.PacbioHiFiAssembly_genomic
AT4G05555	OX291436.1	91.772	158	13	0	2659	2816	17942439	17942596	1.25e-55	220	GCA_946403025.1_FERR-A-8.PacbioHiFiAssembly_genomic
AT4G05555	OX291436.1	86.986	146	11	7	2167	2307	14531555	14531697	9.96e-37	158	GCA_946403025.1_FERR-A-8.PacbioHiFiAssembly_genomic
AT4G05555	OX291436.1	100	41	0	0	2782	2822	17942583	17942623	2.87e-12	76.8	GCA_946403025.1_FERR-A-8.PacbioHiFiAssembly_genomic
AT4G05555	OX291436.1	100	29	0	0	2794	2822	14532096	14532124	1.34e-05	54.7	GCA_946403025.1_FERR-A-8.PacbioHiFiAssembly_genomic
AT4G05555	OX291438.1	89.993	1369	131	6	1	1366	17855028	17856393	0	1764	GCA_946403025.1_FERR-A-8.PacbioHiFiAssembly_genomic
AT4G05555	OX291438.1	88.903	766	80	4	1405	2169	17856384	17857145	0	939	GCA_946403025.1_FERR-A-8.PacbioHiFiAssembly_genomic
AT4G05555	OX291438.1	90.144	487	45	3	2332	2816	12950408	12949923	4.88e-179	630	GCA_946403025.1_FERR-A-8.PacbioHiFiAssembly_genomic
AT4G05555	OX291438.1	89.308	159	17	0	2391	2549	12950567	12950409	1.63e-49	200	GCA_946403025.1_FERR-A-8.PacbioHiFiAssembly_genomic
AT4G05555	OX291438.1	100	41	0	0	2782	2822	12949936	12949896	2.87e-12	76.8	GCA_946403025.1_FERR-A-8.PacbioHiFiAssembly_genomic
AT4G05555	OX291437.1	92.215	1246	69	11	1066	2310	3480563	3479345	0	1738	GCA_946403025.1_FERR-A-8.PacbioHiFiAssembly_genomic
AT4G05555	OX291437.1	92.945	567	36	4	1	565	3481119	3480555	0	822	GCA_946403025.1_FERR-A-8.PacbioHiFiAssembly_genomic
AT4G05555	OX291437.1	92.995	414	24	3	2408	2816	3479348	3478935	1.38e-169	599	GCA_946403025.1_FERR-A-8.PacbioHiFiAssembly_genomic
AT4G05555	OX291437.1	88.406	138	16	0	2032	2169	3479488	3479351	1.66e-39	167	GCA_946403025.1_FERR-A-8.PacbioHiFiAssembly_genomic
AT4G05555	OX291437.1	100	39	0	0	2784	2822	3478946	3478908	3.71e-11	73.1	GCA_946403025.1_FERR-A-8.PacbioHiFiAssembly_genomic
AT4G05555	OX291440.1	87.088	1092	133	8	92	1179	12339754	12340841	0	1229	GCA_946403025.1_FERR-A-8.PacbioHiFiAssembly_genomic
AT1G36970	OX291450.1	99.797	1972	4	0	1	1972	13797083	13799054	0	3620	GCA_946403525.1_BELC-C-10.PacbioHiFiAssembly_genomic
AT1G36970	OX291450.1	95.745	94	4	0	1383	1476	13798296	13798389	3.16e-35	152	GCA_946403525.1_BELC-C-10.PacbioHiFiAssembly_genomic
AT1G36970	OX291450.1	95.745	94	4	0	1214	1307	13798465	13798558	3.16e-35	152	GCA_946403525.1_BELC-C-10.PacbioHiFiAssembly_genomic
AT1G36970	OX291452.1	89.911	674	57	8	4	670	17079463	17080132	0	857	GCA_946403525.1_BELC-C-10.PacbioHiFiAssembly_genomic
AT1G36970	OX291452.1	88.805	527	56	3	1388	1913	17080905	17081429	0	643	GCA_946403525.1_BELC-C-10.PacbioHiFiAssembly_genomic
AT1G36970	OX291452.1	91.954	87	6	1	1219	1305	17080905	17080990	8.9e-26	121	GCA_946403525.1_BELC-C-10.PacbioHiFiAssembly_genomic
AT1G36970	OX291453.1	81.843	738	101	19	466	1201	3425608	3426314	5.64e-167	590	GCA_946403525.1_BELC-C-10.PacbioHiFiAssembly_genomic
AT1G36970	OX291453.1	85.15	532	77	2	1383	1913	3427183	3427713	4.46e-153	544	GCA_946403525.1_BELC-C-10.PacbioHiFiAssembly_genomic
AT1G36970	OX291451.1	83.062	614	88	14	2	608	3221906	3221302	4.46e-153	544	GCA_946403525.1_BELC-C-10.PacbioHiFiAssembly_genomic
AT1G36970	OX291451.1	80.272	441	53	13	715	1148	3221164	3220751	2.96e-80	302	GCA_946403525.1_BELC-C-10.PacbioHiFiAssembly_genomic
AT1G36970	OX291451.1	93.023	86	6	0	1116	1201	3220762	3220677	1.91e-27	126	GCA_946403525.1_BELC-C-10.PacbioHiFiAssembly_genomic
AT3G31560	OX291451.1	87.248	298	31	3	3	296	3220890	3221184	2.33e-90	333	GCA_946403525.1_BELC-C-10.PacbioHiFiAssembly_genomic
AT3G31560	OX291451.1	95.062	162	7	1	296	457	13677768	13677928	1.86e-66	254	GCA_946403525.1_BELC-C-10.PacbioHiFiAssembly_genomic
AT3G31560	OX291453.1	88.889	270	29	1	3	272	3426122	3425854	8.37e-90	331	GCA_946403525.1_BELC-C-10.PacbioHiFiAssembly_genomic
AT3G31560	OX291450.1	88.75	240	27	0	33	272	13798037	13797798	1.1e-78	294	GCA_946403525.1_BELC-C-10.PacbioHiFiAssembly_genomic
AT3G31560	OX291450.1	84.81	158	23	1	301	457	20277144	20276987	1.5e-37	158	GCA_946403525.1_BELC-C-10.PacbioHiFiAssembly_genomic
AT4G05555	OX291453.1	97.698	2824	46	2	1	2823	3423463	3426268	0	4837	GCA_946403525.1_BELC-C-10.PacbioHiFiAssembly_genomic
AT4G05555	OX291453.1	89.13	138	15	0	2032	2169	3425612	3425749	3.48e-41	172	GCA_946403525.1_BELC-C-10.PacbioHiFiAssembly_genomic
AT4G05555	OX291453.1	87.681	138	17	0	2167	2304	3425477	3425614	7.54e-38	161	GCA_946403525.1_BELC-C-10.PacbioHiFiAssembly_genomic
AT4G05555	OX291451.1	92.536	1246	67	9	1066	2310	3222381	3221161	0	1762	GCA_946403525.1_BELC-C-10.PacbioHiFiAssembly_genomic
AT4G05555	OX291451.1	93.298	567	34	4	1	565	3222937	3222373	0	833	GCA_946403525.1_BELC-C-10.PacbioHiFiAssembly_genomic
AT4G05555	OX291451.1	93.237	414	23	3	2408	2816	3221164	3220751	2.9e-171	604	GCA_946403525.1_BELC-C-10.PacbioHiFiAssembly_genomic
AT4G05555	OX291451.1	88.406	138	16	0	2032	2169	3221304	3221167	1.62e-39	167	GCA_946403525.1_BELC-C-10.PacbioHiFiAssembly_genomic
AT4G05555	OX291451.1	100	39	0	0	2784	2822	3220762	3220724	3.63e-11	73.1	GCA_946403525.1_BELC-C-10.PacbioHiFiAssembly_genomic
AT4G05555	OX291452.1	90.67	1104	98	5	265	1366	17078213	17079313	0	1463	GCA_946403525.1_BELC-C-10.PacbioHiFiAssembly_genomic
AT4G05555	OX291452.1	88.312	770	82	5	1405	2169	17079304	17080070	0	917	GCA_946403525.1_BELC-C-10.PacbioHiFiAssembly_genomic
AT4G05555	OX291452.1	88.018	217	25	1	1	216	17077992	17078208	3.36e-66	255	GCA_946403525.1_BELC-C-10.PacbioHiFiAssembly_genomic
AT4G05555	OX291452.1	89.163	203	22	0	2164	2366	17079930	17080132	1.21e-65	254	GCA_946403525.1_BELC-C-10.PacbioHiFiAssembly_genomic
AT4G05555	OX291454.1	87.088	1092	133	8	92	1179	12586364	12587451	0	1229	GCA_946403525.1_BELC-C-10.PacbioHiFiAssembly_genomic
AT4G05555	OX291450.1	84.327	721	100	11	1439	2154	13796963	13797675	0	693	GCA_946403525.1_BELC-C-10.PacbioHiFiAssembly_genomic
AT4G05555	OX291450.1	81.331	691	88	23	2164	2819	13797549	13798233	8.34e-147	523	GCA_946403525.1_BELC-C-10.PacbioHiFiAssembly_genomic
AT1G36970	OX291455.1	99.848	1972	3	0	1	1972	13897960	13899931	0	3626	GCA_946404075.1_ANGE-B-10.PacbioHiFiAssembly_genomic
AT1G36970	OX291455.1	95.745	94	4	0	1383	1476	13899173	13899266	3.19e-35	152	GCA_946404075.1_ANGE-B-10.PacbioHiFiAssembly_genomic
AT1G36970	OX291455.1	95.745	94	4	0	1214	1307	13899342	13899435	3.19e-35	152	GCA_946404075.1_ANGE-B-10.PacbioHiFiAssembly_genomic
AT1G36970	OX291457.1	90.03	672	58	8	2	670	18225115	18225780	0	861	GCA_946404075.1_ANGE-B-10.PacbioHiFiAssembly_genomic
AT1G36970	OX291457.1	88.202	534	60	3	1381	1913	18226486	18227017	2.6e-180	634	GCA_946404075.1_ANGE-B-10.PacbioHiFiAssembly_genomic
AT1G36970	OX291457.1	89.655	87	8	1	1219	1305	18226493	18226578	1.95e-22	110	GCA_946404075.1_ANGE-B-10.PacbioHiFiAssembly_genomic
AT1G36970	OX291458.1	84.641	599	81	10	1	593	2935272	2935865	7.39e-166	586	GCA_946404075.1_ANGE-B-10.PacbioHiFiAssembly_genomic
AT1G36970	OX291458.1	81.622	740	97	23	466	1201	2935874	2936578	4.45e-163	577	GCA_946404075.1_ANGE-B-10.PacbioHiFiAssembly_genomic
AT1G36970	OX291458.1	85.607	535	73	4	1381	1913	2937445	2937977	1.61e-157	558	GCA_946404075.1_ANGE-B-10.PacbioHiFiAssembly_genomic
AT1G36970	OX291456.1	86.372	543	65	9	1381	1919	3456823	3456286	2.66e-165	584	GCA_946404075.1_ANGE-B-10.PacbioHiFiAssembly_genomic
AT1G36970	OX291456.1	83.089	615	86	16	2	608	3458920	3458316	4.51e-153	544	GCA_946404075.1_ANGE-B-10.PacbioHiFiAssembly_genomic
AT1G36970	OX291456.1	80.543	442	49	13	715	1148	3458178	3457766	2.32e-81	305	GCA_946404075.1_ANGE-B-10.PacbioHiFiAssembly_genomic
AT1G36970	OX291456.1	91.86	86	7	0	1116	1201	3457777	3457692	9.01e-26	121	GCA_946404075.1_ANGE-B-10.PacbioHiFiAssembly_genomic
AT3G31560	OX291456.1	87.879	297	30	2	3	296	3457905	3458198	1.09e-93	344	GCA_946404075.1_ANGE-B-10.PacbioHiFiAssembly_genomic
AT3G31560	OX291456.1	95.062	162	7	1	296	457	14317750	14317910	1.89e-66	254	GCA_946404075.1_ANGE-B-10.PacbioHiFiAssembly_genomic
AT3G31560	OX291458.1	88.519	270	30	1	3	272	2936386	2936118	3.94e-88	326	GCA_946404075.1_ANGE-B-10.PacbioHiFiAssembly_genomic
AT3G31560	OX291455.1	88.75	240	27	0	33	272	13898914	13898675	1.11e-78	294	GCA_946404075.1_ANGE-B-10.PacbioHiFiAssembly_genomic
AT4G05555	OX291458.1	98.512	2823	22	2	1	2823	2933730	2936532	0	4963	GCA_946404075.1_ANGE-B-10.PacbioHiFiAssembly_genomic
AT4G05555	OX291458.1	86.842	152	17	2	2032	2183	2935878	2936026	1.64e-39	167	GCA_946404075.1_ANGE-B-10.PacbioHiFiAssembly_genomic
AT4G05555	OX291458.1	88.321	137	16	0	2168	2304	2935744	2935880	5.9e-39	165	GCA_946404075.1_ANGE-B-10.PacbioHiFiAssembly_genomic
AT4G05555	OX291456.1	92.536	1246	66	9	1066	2310	3459394	3458175	0	1760	GCA_946404075.1_ANGE-B-10.PacbioHiFiAssembly_genomic
AT4G05555	OX291456.1	92.769	567	37	4	1	565	3459950	3459386	0	817	GCA_946404075.1_ANGE-B-10.PacbioHiFiAssembly_genomic
AT4G05555	OX291456.1	93.462	413	23	2	2408	2816	3458178	3457766	6.3e-173	610	GCA_946404075.1_ANGE-B-10.PacbioHiFiAssembly_genomic
AT4G05555	OX291456.1	88.406	138	16	0	2032	2169	3458318	3458181	1.64e-39	167	GCA_946404075.1_ANGE-B-10.PacbioHiFiAssembly_genomic
AT4G05555	OX291456.1	100	39	0	0	2784	2822	3457777	3457739	3.68e-11	73.1	GCA_946404075.1_ANGE-B-10.PacbioHiFiAssembly_genomic
AT4G05555	OX291457.1	89.774	1369	131	8	1	1366	18223605	18224967	0	1744	GCA_946404075.1_ANGE-B-10.PacbioHiFiAssembly_genomic
AT4G05555	OX291457.1	89.034	766	78	4	1405	2169	18224958	18225718	0	944	GCA_946404075.1_ANGE-B-10.PacbioHiFiAssembly_genomic
AT4G05555	OX291459.1	87.088	1092	133	8	92	1179	12274742	12275829	0	1229	GCA_946404075.1_ANGE-B-10.PacbioHiFiAssembly_genomic
AT4G05555	OX291455.1	84.371	723	96	14	1439	2154	13897840	13898552	0	693	GCA_946404075.1_ANGE-B-10.PacbioHiFiAssembly_genomic
AT4G05555	OX291455.1	81.358	692	88	23	2163	2819	13898425	13899110	2.35e-147	525	GCA_946404075.1_ANGE-B-10.PacbioHiFiAssembly_genomic
AT1G36970	OX291460.1	99.797	1972	4	0	1	1972	13946501	13948472	0	3620	GCA_946404385.1_BARA-C-5.PacbioHiFiAssembly_genomic
AT1G36970	OX291460.1	95.745	94	4	0	1383	1476	13947714	13947807	3.21e-35	152	GCA_946404385.1_BARA-C-5.PacbioHiFiAssembly_genomic
AT1G36970	OX291460.1	95.745	94	4	0	1214	1307	13947883	13947976	3.21e-35	152	GCA_946404385.1_BARA-C-5.PacbioHiFiAssembly_genomic
AT1G36970	OX291462.1	90.476	672	57	7	2	670	18756072	18756739	0	880	GCA_946404385.1_BARA-C-5.PacbioHiFiAssembly_genomic
AT1G36970	OX291462.1	87.211	563	66	6	1381	1942	12907709	12907152	0	636	GCA_946404385.1_BARA-C-5.PacbioHiFiAssembly_genomic
AT1G36970	OX291462.1	88.015	534	61	3	1381	1913	18757448	18757979	1.22e-178	628	GCA_946404385.1_BARA-C-5.PacbioHiFiAssembly_genomic
AT1G36970	OX291462.1	85.575	513	47	7	636	1148	13249937	13249452	1.28e-143	512	GCA_946404385.1_BARA-C-5.PacbioHiFiAssembly_genomic
AT1G36970	OX291462.1	88.647	414	42	2	1381	1794	13248519	13248111	9.94e-140	499	GCA_946404385.1_BARA-C-5.PacbioHiFiAssembly_genomic
AT1G36970	OX291462.1	83.135	587	50	11	636	1201	12909128	12908570	5.98e-137	490	GCA_946404385.1_BARA-C-5.PacbioHiFiAssembly_genomic
AT1G36970	OX291462.1	88.417	259	27	1	596	854	13250195	13249940	1.8e-82	309	GCA_946404385.1_BARA-C-5.PacbioHiFiAssembly_genomic
AT1G36970	OX291462.1	93.701	127	8	0	728	854	12909257	12909131	6.79e-47	191	GCA_946404385.1_BARA-C-5.PacbioHiFiAssembly_genomic
AT1G36970	OX291462.1	96.703	91	3	0	1111	1201	13249468	13249378	3.21e-35	152	GCA_946404385.1_BARA-C-5.PacbioHiFiAssembly_genomic
AT1G36970	OX291462.1	91.954	87	6	1	1219	1305	18757455	18757540	9.04e-26	121	GCA_946404385.1_BARA-C-5.PacbioHiFiAssembly_genomic
AT1G36970	OX291463.1	84.975	599	79	9	1	593	2939451	2940044	3.43e-169	597	GCA_946404385.1_BARA-C-5.PacbioHiFiAssembly_genomic
AT1G36970	OX291463.1	81.732	739	100	20	466	1201	2940053	2940759	2.67e-165	584	GCA_946404385.1_BARA-C-5.PacbioHiFiAssembly_genomic
AT1G36970	OX291463.1	85.421	535	74	4	1381	1913	2941626	2942158	7.52e-156	553	GCA_946404385.1_BARA-C-5.PacbioHiFiAssembly_genomic
AT1G36970	OX291461.1	86.531	542	66	7	1381	1919	3899544	3899007	5.73e-167	590	GCA_946404385.1_BARA-C-5.PacbioHiFiAssembly_genomic
AT1G36970	OX291461.1	83.333	612	84	16	5	608	3901606	3901005	9.73e-155	549	GCA_946404385.1_BARA-C-5.PacbioHiFiAssembly_genomic
AT1G36970	OX291461.1	90.798	163	15	0	986	1148	3900649	3900487	3.12e-55	219	GCA_946404385.1_BARA-C-5.PacbioHiFiAssembly_genomic
AT1G36970	OX291461.1	93.023	86	6	0	1116	1201	3900498	3900413	1.94e-27	126	GCA_946404385.1_BARA-C-5.PacbioHiFiAssembly_genomic
AT1G36970	OX291461.1	82.243	107	16	1	715	818	3900867	3900761	2.55e-16	89.8	GCA_946404385.1_BARA-C-5.PacbioHiFiAssembly_genomic
AT3G31560	OX291462.1	94.785	326	2	1	132	457	12909129	12909439	1.02e-138	494	GCA_946404385.1_BARA-C-5.PacbioHiFiAssembly_genomic
AT3G31560	OX291462.1	97.059	272	8	0	1	272	12908781	12909052	3.74e-128	459	GCA_946404385.1_BARA-C-5.PacbioHiFiAssembly_genomic
AT3G31560	OX291462.1	96.296	270	10	0	3	272	13249591	13249860	1.05e-123	444	GCA_946404385.1_BARA-C-5.PacbioHiFiAssembly_genomic
AT3G31560	OX291462.1	96.791	187	6	0	271	457	13250175	13250361	3.08e-84	313	GCA_946404385.1_BARA-C-5.PacbioHiFiAssembly_genomic
AT3G31560	OX291462.1	97.872	141	3	0	132	272	13249938	13250078	1.14e-63	244	GCA_946404385.1_BARA-C-5.PacbioHiFiAssembly_genomic
AT3G31560	OX291463.1	88.889	270	29	1	3	272	2940567	2940299	8.5e-90	331	GCA_946404385.1_BARA-C-5.PacbioHiFiAssembly_genomic
AT3G31560	OX291460.1	88.75	240	27	0	33	272	13947455	13947216	1.12e-78	294	GCA_946404385.1_BARA-C-5.PacbioHiFiAssembly_genomic
AT3G31560	OX291461.1	95.062	162	7	1	296	457	14442498	14442658	1.89e-66	254	GCA_946404385.1_BARA-C-5.PacbioHiFiAssembly_genomic
AT4G05555	OX291463.1	98.796	2824	15	2	1	2823	2937908	2940713	0	5009	GCA_946404385.1_BARA-C-5.PacbioHiFiAssembly_genomic
AT4G05555	OX291463.1	88.406	138	16	0	2167	2304	2939922	2940059	1.65e-39	167	GCA_946404385.1_BARA-C-5.PacbioHiFiAssembly_genomic
AT4G05555	OX291463.1	86.184	152	18	2	2032	2183	2940057	2940205	7.66e-38	161	GCA_946404385.1_BARA-C-5.PacbioHiFiAssembly_genomic
AT4G05555	OX291462.1	90.358	1369	126	6	1	1366	18754559	18755924	0	1792	GCA_946404385.1_BARA-C-5.PacbioHiFiAssembly_genomic
AT4G05555	OX291462.1	89.164	766	79	3	1405	2169	18755915	18756677	0	952	GCA_946404385.1_BARA-C-5.PacbioHiFiAssembly_genomic
AT4G05555	OX291462.1	90.554	487	43	3	2332	2816	13249937	13249452	0	641	GCA_946404385.1_BARA-C-5.PacbioHiFiAssembly_genomic
AT4G05555	OX291462.1	89.506	486	49	2	2332	2816	12909128	12908644	4.89e-174	614	GCA_946404385.1_BARA-C-5.PacbioHiFiAssembly_genomic
AT4G05555	OX291462.1	100	41	0	0	2782	2822	12908657	12908617	2.85e-12	76.8	GCA_946404385.1_BARA-C-5.PacbioHiFiAssembly_genomic
AT4G05555	OX291462.1	100	41	0	0	2782	2822	13249465	13249425	2.85e-12	76.8	GCA_946404385.1_BARA-C-5.PacbioHiFiAssembly_genomic
AT4G05555	OX291461.1	92.295	1246	69	9	1066	2310	3902083	3900864	0	1744	GCA_946404385.1_BARA-C-5.PacbioHiFiAssembly_genomic
AT4G05555	OX291461.1	92.769	567	37	4	1	565	3902639	3902075	0	817	GCA_946404385.1_BARA-C-5.PacbioHiFiAssembly_genomic
AT4G05555	OX291461.1	93.431	274	17	1	2544	2816	3900760	3900487	3.2e-111	405	GCA_946404385.1_BARA-C-5.PacbioHiFiAssembly_genomic
AT4G05555	OX291461.1	88.406	138	16	0	2032	2169	3901007	3900870	1.65e-39	167	GCA_946404385.1_BARA-C-5.PacbioHiFiAssembly_genomic
AT4G05555	OX291461.1	91.589	107	6	1	2408	2511	3900867	3900761	7.71e-33	145	GCA_946404385.1_BARA-C-5.PacbioHiFiAssembly_genomic
AT4G05555	OX291461.1	100	39	0	0	2784	2822	3900498	3900460	3.69e-11	73.1	GCA_946404385.1_BARA-C-5.PacbioHiFiAssembly_genomic
AT4G05555	OX291464.1	86.996	1092	134	8	92	1179	13360159	13361246	0	1223	GCA_946404385.1_BARA-C-5.PacbioHiFiAssembly_genomic
AT4G05555	OX291460.1	84.232	723	97	14	1439	2154	13946381	13947093	0	688	GCA_946404385.1_BARA-C-5.PacbioHiFiAssembly_genomic
AT4G05555	OX291460.1	81.358	692	88	23	2163	2819	13946966	13947651	2.36e-147	525	GCA_946404385.1_BARA-C-5.PacbioHiFiAssembly_genomic
AT1G36970	OX291465.1	99.138	1973	16	1	1	1972	14141881	14143853	0	3548	GCA_946404515.1_IP-San-9.PacbioHiFiAssembly_genomic
AT1G36970	OX291465.1	89.227	362	36	3	1504	1864	18390159	18390518	1.03e-124	449	GCA_946404515.1_IP-San-9.PacbioHiFiAssembly_genomic
AT1G36970	OX291465.1	81.974	233	19	4	991	1201	18388967	18389198	1.93e-42	176	GCA_946404515.1_IP-San-9.PacbioHiFiAssembly_genomic
AT1G36970	OX291465.1	95.745	94	4	0	1383	1476	14143094	14143187	3.26e-35	152	GCA_946404515.1_IP-San-9.PacbioHiFiAssembly_genomic
AT1G36970	OX291465.1	95.745	94	4	0	1214	1307	14143263	14143356	3.26e-35	152	GCA_946404515.1_IP-San-9.PacbioHiFiAssembly_genomic
AT1G36970	OX291467.1	90.179	672	56	9	2	670	17166978	17167642	0	867	GCA_946404515.1_IP-San-9.PacbioHiFiAssembly_genomic
AT1G36970	OX291467.1	88.202	534	60	3	1381	1913	17168348	17168879	2.65e-180	634	GCA_946404515.1_IP-San-9.PacbioHiFiAssembly_genomic
AT1G36970	OX291467.1	89.655	87	8	1	1219	1305	17168355	17168440	1.99e-22	110	GCA_946404515.1_IP-San-9.PacbioHiFiAssembly_genomic
AT1G36970	OX291468.1	84.808	599	79	10	1	593	2966017	2966609	1.62e-167	592	GCA_946404515.1_IP-San-9.PacbioHiFiAssembly_genomic
AT1G36970	OX291468.1	81.572	738	103	19	466	1201	2966618	2967324	1.26e-163	579	GCA_946404515.1_IP-San-9.PacbioHiFiAssembly_genomic
AT1G36970	OX291468.1	85.047	535	76	4	1381	1913	2968190	2968722	1.65e-152	542	GCA_946404515.1_IP-San-9.PacbioHiFiAssembly_genomic
AT3G31560	OX291468.1	89.63	270	27	1	3	272	2967132	2966864	3.99e-93	342	GCA_946404515.1_IP-San-9.PacbioHiFiAssembly_genomic
AT3G31560	OX291465.1	88.75	240	27	0	33	272	14142835	14142596	1.13e-78	294	GCA_946404515.1_IP-San-9.PacbioHiFiAssembly_genomic
AT3G31560	OX291466.1	95.062	162	7	1	296	457	14659244	14659404	1.92e-66	254	GCA_946404515.1_IP-San-9.PacbioHiFiAssembly_genomic
AT4G05555	OX291468.1	97.556	2823	48	6	1	2823	2964477	2967278	0	4811	GCA_946404515.1_IP-San-9.PacbioHiFiAssembly_genomic
AT4G05555	OX291468.1	86.842	152	17	2	2032	2183	2966622	2966770	1.67e-39	167	GCA_946404515.1_IP-San-9.PacbioHiFiAssembly_genomic
AT4G05555	OX291465.1	91.141	1411	114	10	1	1407	14728749	14730152	0	1903	GCA_946404515.1_IP-San-9.PacbioHiFiAssembly_genomic
AT4G05555	OX291465.1	89.788	1038	81	14	1136	2169	18387715	18388731	0	1306	GCA_946404515.1_IP-San-9.PacbioHiFiAssembly_genomic
AT4G05555	OX291465.1	90.177	906	79	9	496	1398	18386810	18387708	0	1171	GCA_946404515.1_IP-San-9.PacbioHiFiAssembly_genomic
AT4G05555	OX291465.1	84.232	723	97	14	1439	2154	14141761	14142473	0	688	GCA_946404515.1_IP-San-9.PacbioHiFiAssembly_genomic
AT4G05555	OX291465.1	81.503	692	87	23	2163	2819	14142346	14143031	5.14e-149	531	GCA_946404515.1_IP-San-9.PacbioHiFiAssembly_genomic
AT4G05555	OX291465.1	87.812	361	22	13	2414	2772	18388740	18389080	1.17e-110	403	GCA_946404515.1_IP-San-9.PacbioHiFiAssembly_genomic
AT4G05555	OX291467.1	89.562	1370	132	9	1	1366	17165468	17166830	0	1727	GCA_946404515.1_IP-San-9.PacbioHiFiAssembly_genomic
AT4G05555	OX291467.1	88.889	765	80	3	1405	2169	17166821	17167580	0	937	GCA_946404515.1_IP-San-9.PacbioHiFiAssembly_genomic
AT1G36970	OX291481.1	99.848	1972	3	0	1	1972	13882692	13884663	0	3626	GCA_946404995.1_BANI-C-1.PacbioHiFiAssembly_genomic
AT1G36970	OX291481.1	88.454	485	53	3	1381	1864	18972267	18972749	9.37e-165	582	GCA_946404995.1_BANI-C-1.PacbioHiFiAssembly_genomic
AT1G36970	OX291481.1	82.403	233	18	4	991	1201	18971168	18971399	3.99e-44	182	GCA_946404995.1_BANI-C-1.PacbioHiFiAssembly_genomic
AT1G36970	OX291481.1	95.745	94	4	0	1383	1476	13883905	13883998	3.13e-35	152	GCA_946404995.1_BANI-C-1.PacbioHiFiAssembly_genomic
AT1G36970	OX291481.1	95.745	94	4	0	1214	1307	13884074	13884167	3.13e-35	152	GCA_946404995.1_BANI-C-1.PacbioHiFiAssembly_genomic
AT1G36970	OX291483.1	90.327	672	58	7	2	670	18039056	18038389	0	874	GCA_946404995.1_BANI-C-1.PacbioHiFiAssembly_genomic
AT1G36970	OX291483.1	87.389	563	65	6	1381	1942	13348409	13347852	0	641	GCA_946404995.1_BANI-C-1.PacbioHiFiAssembly_genomic
AT1G36970	OX291483.1	88.39	534	59	3	1381	1913	18037680	18037149	0	640	GCA_946404995.1_BANI-C-1.PacbioHiFiAssembly_genomic
AT1G36970	OX291483.1	88.889	414	41	2	1381	1794	13603731	13603323	2.09e-141	505	GCA_946404995.1_BANI-C-1.PacbioHiFiAssembly_genomic
AT1G36970	OX291483.1	84.99	513	50	7	636	1148	13605149	13604664	1.26e-138	496	GCA_946404995.1_BANI-C-1.PacbioHiFiAssembly_genomic
AT1G36970	OX291483.1	83.135	587	51	11	636	1201	13349829	13349270	1.62e-137	492	GCA_946404995.1_BANI-C-1.PacbioHiFiAssembly_genomic
AT1G36970	OX291483.1	88.372	258	27	1	596	853	13605407	13605153	6.31e-82	307	GCA_946404995.1_BANI-C-1.PacbioHiFiAssembly_genomic
AT1G36970	OX291483.1	92.086	139	11	0	716	854	13349970	13349832	1.43e-48	196	GCA_946404995.1_BANI-C-1.PacbioHiFiAssembly_genomic
AT1G36970	OX291483.1	96.703	91	3	0	1111	1201	13604680	13604590	3.13e-35	152	GCA_946404995.1_BANI-C-1.PacbioHiFiAssembly_genomic
AT1G36970	OX291483.1	91.954	87	6	1	1219	1305	18037673	18037588	8.83e-26	121	GCA_946404995.1_BANI-C-1.PacbioHiFiAssembly_genomic
AT1G36970	OX291484.1	82.249	738	98	16	466	1201	3013382	3014088	5.56e-172	606	GCA_946404995.1_BANI-C-1.PacbioHiFiAssembly_genomic
AT1G36970	OX291484.1	84.641	599	81	9	1	593	3012780	3013373	7.24e-166	586	GCA_946404995.1_BANI-C-1.PacbioHiFiAssembly_genomic
AT1G36970	OX291484.1	85.178	533	77	2	1382	1913	3014956	3015487	1.23e-153	545	GCA_946404995.1_BANI-C-1.PacbioHiFiAssembly_genomic
AT1G36970	OX291482.1	86.347	542	67	7	1381	1919	3402959	3402422	2.6e-165	584	GCA_946404995.1_BANI-C-1.PacbioHiFiAssembly_genomic
AT1G36970	OX291482.1	83.483	557	76	14	59	608	3404992	3404445	2.09e-141	505	GCA_946404995.1_BANI-C-1.PacbioHiFiAssembly_genomic
AT1G36970	OX291482.1	80.682	440	52	12	715	1148	3404307	3403895	4.88e-83	311	GCA_946404995.1_BANI-C-1.PacbioHiFiAssembly_genomic
AT1G36970	OX291482.1	93.023	86	6	0	1116	1201	3403906	3403821	1.9e-27	126	GCA_946404995.1_BANI-C-1.PacbioHiFiAssembly_genomic
AT3G31560	OX291483.1	99.387	326	2	0	132	457	13349830	13350155	3.45e-168	592	GCA_946404995.1_BANI-C-1.PacbioHiFiAssembly_genomic
AT3G31560	OX291483.1	96.691	272	9	0	1	272	13349481	13349752	1.7e-126	453	GCA_946404995.1_BANI-C-1.PacbioHiFiAssembly_genomic
AT3G31560	OX291483.1	95.926	270	11	0	3	272	13604803	13605072	4.75e-122	438	GCA_946404995.1_BANI-C-1.PacbioHiFiAssembly_genomic
AT3G31560	OX291483.1	96.791	187	6	0	271	457	13605387	13605573	3.01e-84	313	GCA_946404995.1_BANI-C-1.PacbioHiFiAssembly_genomic
AT3G31560	OX291483.1	96.454	141	5	0	132	272	13605150	13605290	2.41e-60	233	GCA_946404995.1_BANI-C-1.PacbioHiFiAssembly_genomic
AT3G31560	OX291482.1	87.879	297	30	2	3	296	3404034	3404327	1.07e-93	344	GCA_946404995.1_BANI-C-1.PacbioHiFiAssembly_genomic
AT3G31560	OX291482.1	93.293	164	8	2	296	457	12813979	12814141	5.18e-62	239	GCA_946404995.1_BANI-C-1.PacbioHiFiAssembly_genomic
AT3G31560	OX291484.1	89.259	270	28	1	3	272	3013896	3013628	1.78e-91	337	GCA_946404995.1_BANI-C-1.PacbioHiFiAssembly_genomic
AT3G31560	OX291481.1	88.75	240	27	0	33	272	13883646	13883407	1.09e-78	294	GCA_946404995.1_BANI-C-1.PacbioHiFiAssembly_genomic
AT4G05555	OX291484.1	97.733	2823	46	1	1	2823	3011238	3014042	0	4843	GCA_946404995.1_BANI-C-1.PacbioHiFiAssembly_genomic
AT4G05555	OX291484.1	88.406	138	16	0	2167	2304	3013251	3013388	1.61e-39	167	GCA_946404995.1_BANI-C-1.PacbioHiFiAssembly_genomic
AT4G05555	OX291484.1	86.842	152	17	2	2032	2183	3013386	3013534	1.61e-39	167	GCA_946404995.1_BANI-C-1.PacbioHiFiAssembly_genomic
AT4G05555	OX291483.1	90.212	1369	128	6	1	1366	18040569	18039204	0	1781	GCA_946404995.1_BANI-C-1.PacbioHiFiAssembly_genomic
AT4G05555	OX291483.1	89.164	766	79	3	1405	2169	18039213	18038451	0	952	GCA_946404995.1_BANI-C-1.PacbioHiFiAssembly_genomic
AT4G05555	OX291483.1	90.349	487	44	3	2332	2816	13605149	13604664	1.02e-180	636	GCA_946404995.1_BANI-C-1.PacbioHiFiAssembly_genomic
AT4G05555	OX291483.1	89.712	486	49	1	2332	2816	13349829	13349344	1.03e-175	619	GCA_946404995.1_BANI-C-1.PacbioHiFiAssembly_genomic
AT4G05555	OX291483.1	100	41	0	0	2782	2822	13349357	13349317	2.78e-12	76.8	GCA_946404995.1_BANI-C-1.PacbioHiFiAssembly_genomic
AT4G05555	OX291483.1	100	41	0	0	2782	2822	13604677	13604637	2.78e-12	76.8	GCA_946404995.1_BANI-C-1.PacbioHiFiAssembly_genomic
AT4G05555	OX291481.1	89.22	1039	86	15	1135	2169	18969916	18970932	0	1275	GCA_946404995.1_BANI-C-1.PacbioHiFiAssembly_genomic
AT4G05555	OX291481.1	90.066	906	80	9	496	1398	18969012	18969910	0	1166	GCA_946404995.1_BANI-C-1.PacbioHiFiAssembly_genomic
AT4G05555	OX291481.1	84.371	723	96	14	1439	2154	13882572	13883284	0	693	GCA_946404995.1_BANI-C-1.PacbioHiFiAssembly_genomic
AT4G05555	OX291481.1	80.987	689	96	19	2163	2819	13883157	13883842	4.98e-144	514	GCA_946404995.1_BANI-C-1.PacbioHiFiAssembly_genomic
AT4G05555	OX291481.1	87.129	404	30	13	2415	2816	18970942	18971325	3.08e-121	438	GCA_946404995.1_BANI-C-1.PacbioHiFiAssembly_genomic
AT4G05555	OX291481.1	100	41	0	0	2782	2822	18971312	18971352	2.78e-12	76.8	GCA_946404995.1_BANI-C-1.PacbioHiFiAssembly_genomic
AT4G05555	OX291485.1	87.088	1092	133	8	92	1179	12360390	12361477	0	1229	GCA_946404995.1_BANI-C-1.PacbioHiFiAssembly_genomic
AT4G05555	OX291482.1	93.497	692	42	2	1619	2310	3404992	3404304	0	1026	GCA_946404995.1_BANI-C-1.PacbioHiFiAssembly_genomic
AT4G05555	OX291482.1	93.705	413	22	2	2408	2816	3404307	3403895	1.33e-174	616	GCA_946404995.1_BANI-C-1.PacbioHiFiAssembly_genomic
AT4G05555	OX291482.1	88.406	138	16	0	2032	2169	3404447	3404310	1.61e-39	167	GCA_946404995.1_BANI-C-1.PacbioHiFiAssembly_genomic
AT4G05555	OX291482.1	100	39	0	0	2784	2822	3403906	3403868	3.6e-11	73.1	GCA_946404995.1_BANI-C-1.PacbioHiFiAssembly_genomic
AT1G36970	OX291486.1	99.037	1973	18	1	1	1972	13909308	13911280	0	3537	GCA_946405265.1_IP-Met-6.PacbioHiFiAssembly_genomic
AT1G36970	OX291486.1	87.755	490	57	3	1381	1869	14511342	14511829	7.61e-161	569	GCA_946405265.1_IP-Met-6.PacbioHiFiAssembly_genomic
AT1G36970	OX291486.1	89.744	156	14	2	991	1145	14510243	14510397	4.14e-49	198	GCA_946405265.1_IP-Met-6.PacbioHiFiAssembly_genomic
AT1G36970	OX291486.1	95.745	94	4	0	1383	1476	13910521	13910614	3.27e-35	152	GCA_946405265.1_IP-Met-6.PacbioHiFiAssembly_genomic
AT1G36970	OX291486.1	95.745	94	4	0	1214	1307	13910690	13910783	3.27e-35	152	GCA_946405265.1_IP-Met-6.PacbioHiFiAssembly_genomic
AT1G36970	OX291488.1	90.327	672	58	7	2	670	18196455	18197122	0	874	GCA_946405265.1_IP-Met-6.PacbioHiFiAssembly_genomic
AT1G36970	OX291488.1	88.577	534	58	3	1381	1913	18197831	18198362	0	645	GCA_946405265.1_IP-Met-6.PacbioHiFiAssembly_genomic
AT1G36970	OX291488.1	87.823	542	61	5	1381	1919	13124551	13124012	3.44e-179	630	GCA_946405265.1_IP-Met-6.PacbioHiFiAssembly_genomic
AT1G36970	OX291488.1	83.673	588	46	13	636	1201	13125969	13125410	1.68e-142	508	GCA_946405265.1_IP-Met-6.PacbioHiFiAssembly_genomic
AT1G36970	OX291488.1	88.417	259	27	1	596	854	13126227	13125972	1.83e-82	309	GCA_946405265.1_IP-Met-6.PacbioHiFiAssembly_genomic
AT1G36970	OX291488.1	91.954	87	6	1	1219	1305	18197838	18197923	9.21e-26	121	GCA_946405265.1_IP-Met-6.PacbioHiFiAssembly_genomic
AT1G36970	OX291489.1	81.916	741	95	22	466	1201	3548954	3549660	5.84e-167	590	GCA_946405265.1_IP-Met-6.PacbioHiFiAssembly_genomic
AT1G36970	OX291489.1	81.781	741	96	22	466	1201	3487429	3488135	2.72e-165	584	GCA_946405265.1_IP-Met-6.PacbioHiFiAssembly_genomic
AT1G36970	OX291489.1	81.781	741	96	22	466	1201	3518192	3518898	2.72e-165	584	GCA_946405265.1_IP-Met-6.PacbioHiFiAssembly_genomic
AT1G36970	OX291489.1	85.019	534	76	4	1382	1913	3561043	3561574	5.97e-152	540	GCA_946405265.1_IP-Met-6.PacbioHiFiAssembly_genomic
AT1G36970	OX291487.1	86.531	542	66	7	1381	1919	3834319	3833782	5.84e-167	590	GCA_946405265.1_IP-Met-6.PacbioHiFiAssembly_genomic
AT1G36970	OX291487.1	83.415	615	84	16	2	608	3836416	3835812	2.13e-156	555	GCA_946405265.1_IP-Met-6.PacbioHiFiAssembly_genomic
AT1G36970	OX291487.1	80	440	55	12	715	1148	3835674	3835262	5.13e-78	294	GCA_946405265.1_IP-Met-6.PacbioHiFiAssembly_genomic
AT1G36970	OX291487.1	93.023	86	6	0	1116	1201	3835273	3835188	1.98e-27	126	GCA_946405265.1_IP-Met-6.PacbioHiFiAssembly_genomic
AT3G31560	OX291488.1	96.667	270	9	0	3	272	13125623	13125892	2.29e-125	449	GCA_946405265.1_IP-Met-6.PacbioHiFiAssembly_genomic
AT3G31560	OX291488.1	97.326	187	4	1	271	457	13126207	13126392	2.43e-85	316	GCA_946405265.1_IP-Met-6.PacbioHiFiAssembly_genomic
AT3G31560	OX291488.1	96.454	141	5	0	132	272	13125970	13126110	2.51e-60	233	GCA_946405265.1_IP-Met-6.PacbioHiFiAssembly_genomic
AT3G31560	OX291487.1	88.112	286	28	2	14	296	3835412	3835694	6.7e-91	335	GCA_946405265.1_IP-Met-6.PacbioHiFiAssembly_genomic
AT3G31560	OX291487.1	95.062	162	7	1	296	457	13982042	13982202	1.93e-66	254	GCA_946405265.1_IP-Met-6.PacbioHiFiAssembly_genomic
AT3G31560	OX291489.1	88.889	270	29	1	3	272	3549468	3549200	8.66e-90	331	GCA_946405265.1_IP-Met-6.PacbioHiFiAssembly_genomic
AT3G31560	OX291489.1	89.272	261	27	1	12	272	3487934	3487675	4.03e-88	326	GCA_946405265.1_IP-Met-6.PacbioHiFiAssembly_genomic
AT3G31560	OX291489.1	89.272	261	27	1	12	272	3518697	3518438	4.03e-88	326	GCA_946405265.1_IP-Met-6.PacbioHiFiAssembly_genomic
AT3G31560	OX291486.1	89.167	240	26	0	33	272	13910262	13910023	2.44e-80	300	GCA_946405265.1_IP-Met-6.PacbioHiFiAssembly_genomic
AT4G05555	OX291489.1	97.804	2823	44	1	1	2823	3546810	3549614	0	4854	GCA_946405265.1_IP-Met-6.PacbioHiFiAssembly_genomic
AT4G05555	OX291489.1	97.768	2823	45	1	1	2823	3485285	3488089	0	4848	GCA_946405265.1_IP-Met-6.PacbioHiFiAssembly_genomic
AT4G05555	OX291489.1	97.768	2823	45	1	1	2823	3516048	3518852	0	4848	GCA_946405265.1_IP-Met-6.PacbioHiFiAssembly_genomic
AT4G05555	OX291489.1	89.13	138	15	0	2032	2169	3487433	3487570	3.6e-41	172	GCA_946405265.1_IP-Met-6.PacbioHiFiAssembly_genomic
AT4G05555	OX291489.1	89.13	138	15	0	2032	2169	3518196	3518333	3.6e-41	172	GCA_946405265.1_IP-Met-6.PacbioHiFiAssembly_genomic
AT4G05555	OX291489.1	89.13	138	15	0	2032	2169	3548958	3549095	3.6e-41	172	GCA_946405265.1_IP-Met-6.PacbioHiFiAssembly_genomic
AT4G05555	OX291489.1	88.406	138	16	0	2167	2304	3487298	3487435	1.68e-39	167	GCA_946405265.1_IP-Met-6.PacbioHiFiAssembly_genomic
AT4G05555	OX291489.1	88.406	138	16	0	2167	2304	3518061	3518198	1.68e-39	167	GCA_946405265.1_IP-Met-6.PacbioHiFiAssembly_genomic
AT4G05555	OX291489.1	88.406	138	16	0	2167	2304	3548823	3548960	1.68e-39	167	GCA_946405265.1_IP-Met-6.PacbioHiFiAssembly_genomic
AT4G05555	OX291486.1	91.076	1412	114	10	1	1407	14493173	14494577	0	1899	GCA_946405265.1_IP-Met-6.PacbioHiFiAssembly_genomic
AT4G05555	OX291486.1	90.255	667	59	5	1507	2169	14509333	14509997	0	867	GCA_946405265.1_IP-Met-6.PacbioHiFiAssembly_genomic
AT4G05555	OX291486.1	84.371	723	96	14	1439	2154	13909188	13909900	0	693	GCA_946405265.1_IP-Met-6.PacbioHiFiAssembly_genomic
AT4G05555	OX291486.1	81.567	689	92	19	2163	2819	13909773	13910458	1.11e-150	536	GCA_946405265.1_IP-Met-6.PacbioHiFiAssembly_genomic
AT4G05555	OX291486.1	90.05	402	30	6	2413	2813	14510005	14510397	1.87e-143	512	GCA_946405265.1_IP-Met-6.PacbioHiFiAssembly_genomic
AT4G05555	OX291486.1	86.301	146	12	7	2167	2307	14509858	14510000	4.69e-35	152	GCA_946405265.1_IP-Met-6.PacbioHiFiAssembly_genomic
AT4G05555	OX291486.1	100	29	0	0	2794	2822	14510399	14510427	1.36e-05	54.7	GCA_946405265.1_IP-Met-6.PacbioHiFiAssembly_genomic
AT4G05555	OX291488.1	90.285	1369	127	6	1	1366	18194942	18196307	0	1786	GCA_946405265.1_IP-Met-6.PacbioHiFiAssembly_genomic
AT4G05555	OX291488.1	89.034	766	80	3	1405	2169	18196298	18197060	0	946	GCA_946405265.1_IP-Met-6.PacbioHiFiAssembly_genomic
AT4G05555	OX291488.1	90.329	486	46	1	2332	2816	13125969	13125484	1.06e-180	636	GCA_946405265.1_IP-Met-6.PacbioHiFiAssembly_genomic
AT4G05555	OX291488.1	88.973	263	29	0	2287	2549	13126232	13125970	2.61e-87	326	GCA_946405265.1_IP-Met-6.PacbioHiFiAssembly_genomic
AT4G05555	OX291488.1	100	41	0	0	2782	2822	13125497	13125457	2.91e-12	76.8	GCA_946405265.1_IP-Met-6.PacbioHiFiAssembly_genomic
AT4G05555	OX291487.1	92.777	1246	63	9	1066	2310	3836890	3835671	0	1777	GCA_946405265.1_IP-Met-6.PacbioHiFiAssembly_genomic
AT4G05555	OX291487.1	92.945	567	36	4	1	565	3837446	3836882	0	822	GCA_946405265.1_IP-Met-6.PacbioHiFiAssembly_genomic
AT4G05555	OX291487.1	92.978	413	25	2	2408	2816	3835674	3835262	1.39e-169	599	GCA_946405265.1_IP-Met-6.PacbioHiFiAssembly_genomic
AT4G05555	OX291487.1	88.406	138	16	0	2032	2169	3835814	3835677	1.68e-39	167	GCA_946405265.1_IP-Met-6.PacbioHiFiAssembly_genomic
AT4G05555	OX291487.1	100	39	0	0	2784	2822	3835273	3835235	3.76e-11	73.1	GCA_946405265.1_IP-Met-6.PacbioHiFiAssembly_genomic
AT1G36970	OX291508.1	99.797	1972	4	0	1	1972	14068682	14070653	0	3620	GCA_946405525.1_FERR-A-12.PacbioHiFiAssembly_genomic
AT1G36970	OX291508.1	95.745	94	4	0	1383	1476	14069895	14069988	3.17e-35	152	GCA_946405525.1_FERR-A-12.PacbioHiFiAssembly_genomic
AT1G36970	OX291508.1	95.745	94	4	0	1214	1307	14070064	14070157	3.17e-35	152	GCA_946405525.1_FERR-A-12.PacbioHiFiAssembly_genomic
AT1G36970	OX291510.1	89.926	675	56	9	2	670	17870630	17871298	0	859	GCA_946405525.1_FERR-A-12.PacbioHiFiAssembly_genomic
AT1G36970	OX291510.1	88.202	534	60	3	1381	1913	17872007	17872538	2.58e-180	634	GCA_946405525.1_FERR-A-12.PacbioHiFiAssembly_genomic
AT1G36970	OX291510.1	85.185	513	49	7	636	1148	12934149	12933664	2.73e-140	501	GCA_946405525.1_FERR-A-12.PacbioHiFiAssembly_genomic
AT1G36970	OX291510.1	88.647	414	42	2	1381	1794	12932731	12932323	9.81e-140	499	GCA_946405525.1_FERR-A-12.PacbioHiFiAssembly_genomic
AT1G36970	OX291510.1	88.803	259	26	1	596	854	12934407	12934152	3.81e-84	315	GCA_946405525.1_FERR-A-12.PacbioHiFiAssembly_genomic
AT1G36970	OX291510.1	95.506	89	4	0	1113	1201	12933678	12933590	1.9e-32	143	GCA_946405525.1_FERR-A-12.PacbioHiFiAssembly_genomic
AT1G36970	OX291511.1	82.385	738	97	16	466	1201	3274529	3275235	1.21e-173	612	GCA_946405525.1_FERR-A-12.PacbioHiFiAssembly_genomic
AT1G36970	OX291511.1	84.474	599	82	9	1	593	3273927	3274520	3.41e-164	580	GCA_946405525.1_FERR-A-12.PacbioHiFiAssembly_genomic
AT1G36970	OX291511.1	84.991	533	78	2	1382	1913	3276103	3276634	5.78e-152	540	GCA_946405525.1_FERR-A-12.PacbioHiFiAssembly_genomic
AT1G36970	OX291509.1	86.372	543	65	9	1381	1919	3440442	3439905	2.63e-165	584	GCA_946405525.1_FERR-A-12.PacbioHiFiAssembly_genomic
AT1G36970	OX291509.1	83.089	615	86	16	2	608	3442539	3441935	4.47e-153	544	GCA_946405525.1_FERR-A-12.PacbioHiFiAssembly_genomic
AT1G36970	OX291509.1	80.543	442	49	13	715	1148	3441797	3441385	2.3e-81	305	GCA_946405525.1_FERR-A-12.PacbioHiFiAssembly_genomic
AT1G36970	OX291509.1	91.86	86	7	0	1116	1201	3441396	3441311	8.93e-26	121	GCA_946405525.1_FERR-A-12.PacbioHiFiAssembly_genomic
AT3G31560	OX291510.1	96.296	270	10	0	3	272	12933803	12934072	1.03e-123	444	GCA_946405525.1_FERR-A-12.PacbioHiFiAssembly_genomic
AT3G31560	OX291510.1	97.326	187	5	0	271	457	12934387	12934573	6.53e-86	318	GCA_946405525.1_FERR-A-12.PacbioHiFiAssembly_genomic
AT3G31560	OX291510.1	97.872	141	3	0	132	272	12934150	12934290	1.12e-63	244	GCA_946405525.1_FERR-A-12.PacbioHiFiAssembly_genomic
AT3G31560	OX291509.1	87.879	297	30	2	3	296	3441524	3441817	1.08e-93	344	GCA_946405525.1_FERR-A-12.PacbioHiFiAssembly_genomic
AT3G31560	OX291509.1	95.062	162	7	1	296	457	13624727	13624887	1.87e-66	254	GCA_946405525.1_FERR-A-12.PacbioHiFiAssembly_genomic
AT3G31560	OX291511.1	89.63	270	27	1	3	272	3275043	3274775	3.88e-93	342	GCA_946405525.1_FERR-A-12.PacbioHiFiAssembly_genomic
AT3G31560	OX291508.1	88.75	240	27	0	33	272	14069636	14069397	1.1e-78	294	GCA_946405525.1_FERR-A-12.PacbioHiFiAssembly_genomic
AT4G05555	OX291511.1	97.768	2823	44	3	1	2823	3272386	3275189	0	4846	GCA_946405525.1_FERR-A-12.PacbioHiFiAssembly_genomic
AT4G05555	OX291511.1	88.406	138	16	0	2167	2304	3274398	3274535	1.62e-39	167	GCA_946405525.1_FERR-A-12.PacbioHiFiAssembly_genomic
AT4G05555	OX291511.1	86.842	152	17	2	2032	2183	3274533	3274681	1.62e-39	167	GCA_946405525.1_FERR-A-12.PacbioHiFiAssembly_genomic
AT4G05555	OX291510.1	89.92	1369	132	6	1	1366	17869117	17870482	0	1759	GCA_946405525.1_FERR-A-12.PacbioHiFiAssembly_genomic
AT4G05555	OX291510.1	88.672	768	80	5	1405	2169	17870473	17871236	0	929	GCA_946405525.1_FERR-A-12.PacbioHiFiAssembly_genomic
AT4G05555	OX291510.1	90.554	487	43	3	2332	2816	12934149	12933664	0	641	GCA_946405525.1_FERR-A-12.PacbioHiFiAssembly_genomic
AT4G05555	OX291510.1	100	41	0	0	2782	2822	12933677	12933637	2.82e-12	76.8	GCA_946405525.1_FERR-A-12.PacbioHiFiAssembly_genomic
AT4G05555	OX291509.1	92.456	1246	67	9	1066	2310	3443013	3441794	0	1755	GCA_946405525.1_FERR-A-12.PacbioHiFiAssembly_genomic
AT4G05555	OX291509.1	92.769	567	37	4	1	565	3443569	3443005	0	817	GCA_946405525.1_FERR-A-12.PacbioHiFiAssembly_genomic
AT4G05555	OX291509.1	93.462	413	23	2	2408	2816	3441797	3441385	6.24e-173	610	GCA_946405525.1_FERR-A-12.PacbioHiFiAssembly_genomic
AT4G05555	OX291509.1	88.406	138	16	0	2032	2169	3441937	3441800	1.62e-39	167	GCA_946405525.1_FERR-A-12.PacbioHiFiAssembly_genomic
AT4G05555	OX291509.1	100	39	0	0	2784	2822	3441396	3441358	3.64e-11	73.1	GCA_946405525.1_FERR-A-12.PacbioHiFiAssembly_genomic
AT4G05555	OX291512.1	87.088	1092	133	8	92	1179	13572103	13573190	0	1229	GCA_946405525.1_FERR-A-12.PacbioHiFiAssembly_genomic
AT4G05555	OX291508.1	84.327	721	100	11	1439	2154	14068562	14069274	0	693	GCA_946405525.1_FERR-A-12.PacbioHiFiAssembly_genomic
AT4G05555	OX291508.1	81.331	691	88	23	2164	2819	14069148	14069832	8.37e-147	523	GCA_946405525.1_FERR-A-12.PacbioHiFiAssembly_genomic
AT1G36970	OX291513.1	99.645	1972	7	0	1	1972	13830968	13832939	0	3603	GCA_946405545.1_IP-Evs-12.PacbioHiFiAssembly_genomic
AT1G36970	OX291513.1	88.247	485	54	3	1381	1864	18991510	18991992	4.42e-163	577	GCA_946405545.1_IP-Evs-12.PacbioHiFiAssembly_genomic
AT1G36970	OX291513.1	82.533	229	17	4	991	1197	18990411	18990638	1.46e-43	180	GCA_946405545.1_IP-Evs-12.PacbioHiFiAssembly_genomic
AT1G36970	OX291513.1	95.745	94	4	0	1383	1476	13832181	13832274	3.18e-35	152	GCA_946405545.1_IP-Evs-12.PacbioHiFiAssembly_genomic
AT1G36970	OX291513.1	95.745	94	4	0	1214	1307	13832350	13832443	3.18e-35	152	GCA_946405545.1_IP-Evs-12.PacbioHiFiAssembly_genomic
AT1G36970	OX291515.1	90.476	672	57	7	2	670	16751358	16752025	0	880	GCA_946405545.1_IP-Evs-12.PacbioHiFiAssembly_genomic
AT1G36970	OX291515.1	87.567	563	64	6	1381	1942	13281669	13281112	0	647	GCA_946405545.1_IP-Evs-12.PacbioHiFiAssembly_genomic
AT1G36970	OX291515.1	88.39	534	59	3	1381	1913	16752734	16753265	0	640	GCA_946405545.1_IP-Evs-12.PacbioHiFiAssembly_genomic
AT1G36970	OX291515.1	83.305	587	50	10	636	1201	13283089	13282530	3.54e-139	497	GCA_946405545.1_IP-Evs-12.PacbioHiFiAssembly_genomic
AT1G36970	OX291515.1	92.086	139	11	0	716	854	13283230	13283092	1.45e-48	196	GCA_946405545.1_IP-Evs-12.PacbioHiFiAssembly_genomic
AT1G36970	OX291516.1	82.385	738	97	16	466	1201	2985705	2986411	1.21e-173	612	GCA_946405545.1_IP-Evs-12.PacbioHiFiAssembly_genomic
AT1G36970	OX291516.1	84.474	599	82	9	1	593	2985103	2985696	3.42e-164	580	GCA_946405545.1_IP-Evs-12.PacbioHiFiAssembly_genomic
AT1G36970	OX291516.1	84.991	533	78	2	1382	1913	2987279	2987810	5.8e-152	540	GCA_946405545.1_IP-Evs-12.PacbioHiFiAssembly_genomic
AT3G31560	OX291515.1	99.693	326	1	0	132	457	13283090	13283415	7.52e-170	597	GCA_946405545.1_IP-Evs-12.PacbioHiFiAssembly_genomic
AT3G31560	OX291515.1	97.059	272	8	0	1	272	13282741	13283012	3.7e-128	459	GCA_946405545.1_IP-Evs-12.PacbioHiFiAssembly_genomic
AT3G31560	OX291516.1	89.63	270	27	1	3	272	2986219	2985951	3.89e-93	342	GCA_946405545.1_IP-Evs-12.PacbioHiFiAssembly_genomic
AT3G31560	OX291513.1	89.167	240	26	0	33	272	13831922	13831683	2.38e-80	300	GCA_946405545.1_IP-Evs-12.PacbioHiFiAssembly_genomic
AT3G31560	OX291514.1	95.062	162	7	1	296	457	14148952	14149112	1.88e-66	254	GCA_946405545.1_IP-Evs-12.PacbioHiFiAssembly_genomic
AT4G05555	OX291516.1	97.804	2823	44	2	1	2823	2983561	2986365	0	4854	GCA_946405545.1_IP-Evs-12.PacbioHiFiAssembly_genomic
AT4G05555	OX291516.1	88.406	138	16	0	2167	2304	2985574	2985711	1.63e-39	167	GCA_946405545.1_IP-Evs-12.PacbioHiFiAssembly_genomic
AT4G05555	OX291516.1	86.842	152	17	2	2032	2183	2985709	2985857	1.63e-39	167	GCA_946405545.1_IP-Evs-12.PacbioHiFiAssembly_genomic
AT4G05555	OX291515.1	90.139	1369	129	6	1	1366	16749845	16751210	0	1775	GCA_946405545.1_IP-Evs-12.PacbioHiFiAssembly_genomic
AT4G05555	OX291515.1	89.295	766	78	3	1405	2169	16751201	16751963	0	957	GCA_946405545.1_IP-Evs-12.PacbioHiFiAssembly_genomic
AT4G05555	OX291515.1	90.123	486	47	1	2332	2816	13283089	13282604	4.81e-179	630	GCA_946405545.1_IP-Evs-12.PacbioHiFiAssembly_genomic
AT4G05555	OX291515.1	100	41	0	0	2782	2822	13282617	13282577	2.83e-12	76.8	GCA_946405545.1_IP-Evs-12.PacbioHiFiAssembly_genomic
AT4G05555	OX291513.1	89.413	1039	85	15	1135	2169	18989158	18990175	0	1286	GCA_946405545.1_IP-Evs-12.PacbioHiFiAssembly_genomic
AT4G05555	OX291513.1	90.066	906	80	9	496	1398	18988254	18989152	0	1166	GCA_946405545.1_IP-Evs-12.PacbioHiFiAssembly_genomic
AT4G05555	OX291513.1	84.094	723	98	14	1439	2154	13830848	13831560	0	682	GCA_946405545.1_IP-Evs-12.PacbioHiFiAssembly_genomic
AT4G05555	OX291513.1	81.567	689	92	19	2163	2819	13831433	13832118	1.08e-150	536	GCA_946405545.1_IP-Evs-12.PacbioHiFiAssembly_genomic
AT4G05555	OX291513.1	86.914	405	31	13	2414	2816	18990184	18990568	4.05e-120	435	GCA_946405545.1_IP-Evs-12.PacbioHiFiAssembly_genomic
AT4G05555	OX291513.1	100	41	0	0	2782	2822	18990555	18990595	2.83e-12	76.8	GCA_946405545.1_IP-Evs-12.PacbioHiFiAssembly_genomic
AT1G36970	OX291518.1	99.037	1973	18	1	1	1972	14095478	14097450	0	3537	GCA_946405725.1_IP-Med-0.PacbioHiFiAssembly_genomic
AT1G36970	OX291518.1	88.454	485	53	3	1381	1864	19151515	19151997	9.78e-165	582	GCA_946405725.1_IP-Med-0.PacbioHiFiAssembly_genomic
AT1G36970	OX291518.1	87.551	490	58	3	1381	1869	14661033	14661520	3.54e-159	564	GCA_946405725.1_IP-Med-0.PacbioHiFiAssembly_genomic
AT1G36970	OX291518.1	89.103	156	15	2	991	1145	14659934	14660088	1.93e-47	193	GCA_946405725.1_IP-Med-0.PacbioHiFiAssembly_genomic
AT1G36970	OX291518.1	95.745	94	4	0	1383	1476	14096691	14096784	3.27e-35	152	GCA_946405725.1_IP-Med-0.PacbioHiFiAssembly_genomic
AT1G36970	OX291518.1	95.745	94	4	0	1214	1307	14096860	14096953	3.27e-35	152	GCA_946405725.1_IP-Med-0.PacbioHiFiAssembly_genomic
AT1G36970	OX291520.1	90.03	672	58	8	2	670	18077877	18078542	0	861	GCA_946405725.1_IP-Med-0.PacbioHiFiAssembly_genomic
AT1G36970	OX291520.1	88.202	534	60	3	1381	1913	18079248	18079779	2.66e-180	634	GCA_946405725.1_IP-Med-0.PacbioHiFiAssembly_genomic
AT1G36970	OX291520.1	88.889	414	41	2	1381	1794	13089052	13088644	2.18e-141	505	GCA_946405725.1_IP-Med-0.PacbioHiFiAssembly_genomic
AT1G36970	OX291520.1	83.475	587	49	10	636	1201	13090470	13089911	7.83e-141	503	GCA_946405725.1_IP-Med-0.PacbioHiFiAssembly_genomic
AT1G36970	OX291520.1	88.417	259	27	1	596	854	13090728	13090473	1.83e-82	309	GCA_946405725.1_IP-Med-0.PacbioHiFiAssembly_genomic
AT1G36970	OX291520.1	89.655	87	8	1	1219	1305	18079255	18079340	1.99e-22	110	GCA_946405725.1_IP-Med-0.PacbioHiFiAssembly_genomic
AT1G36970	OX291519.1	83.415	615	84	16	2	608	3188605	3188001	2.13e-156	555	GCA_946405725.1_IP-Med-0.PacbioHiFiAssembly_genomic
AT1G36970	OX291519.1	89.031	392	41	2	1381	1771	3186510	3186120	2.84e-135	484	GCA_946405725.1_IP-Med-0.PacbioHiFiAssembly_genomic
AT1G36970	OX291519.1	80.455	440	53	12	715	1148	3187865	3187453	2.37e-81	305	GCA_946405725.1_IP-Med-0.PacbioHiFiAssembly_genomic
AT1G36970	OX291519.1	93.023	86	6	0	1116	1201	3187464	3187379	1.98e-27	126	GCA_946405725.1_IP-Med-0.PacbioHiFiAssembly_genomic
AT3G31560	OX291520.1	96.296	270	10	0	3	272	13090124	13090393	1.07e-123	444	GCA_946405725.1_IP-Med-0.PacbioHiFiAssembly_genomic
AT3G31560	OX291520.1	96.791	187	6	0	271	457	13090708	13090894	3.14e-84	313	GCA_946405725.1_IP-Med-0.PacbioHiFiAssembly_genomic
AT3G31560	OX291520.1	97.163	141	4	0	132	272	13090471	13090611	5.4e-62	239	GCA_946405725.1_IP-Med-0.PacbioHiFiAssembly_genomic
AT3G31560	OX291519.1	87.542	297	31	2	3	296	3187592	3187885	5.18e-92	339	GCA_946405725.1_IP-Med-0.PacbioHiFiAssembly_genomic
AT3G31560	OX291519.1	94.444	162	8	1	296	457	14522924	14523084	8.98e-65	248	GCA_946405725.1_IP-Med-0.PacbioHiFiAssembly_genomic
AT3G31560	OX291518.1	88.333	240	28	0	33	272	14096432	14096193	5.29e-77	289	GCA_946405725.1_IP-Med-0.PacbioHiFiAssembly_genomic
AT4G05555	OX291518.1	90.652	1412	119	11	1	1407	14642904	14644307	0	1864	GCA_946405725.1_IP-Med-0.PacbioHiFiAssembly_genomic
AT4G05555	OX291518.1	89.692	1038	82	15	1136	2169	19149187	19150203	0	1301	GCA_946405725.1_IP-Med-0.PacbioHiFiAssembly_genomic
AT4G05555	OX291518.1	90.508	906	74	10	496	1398	19148284	19149180	0	1186	GCA_946405725.1_IP-Med-0.PacbioHiFiAssembly_genomic
AT4G05555	OX291518.1	90.405	667	58	5	1507	2169	14659024	14659688	0	872	GCA_946405725.1_IP-Med-0.PacbioHiFiAssembly_genomic
AT4G05555	OX291518.1	84.232	723	97	14	1439	2154	14095358	14096070	0	688	GCA_946405725.1_IP-Med-0.PacbioHiFiAssembly_genomic
AT4G05555	OX291518.1	81.358	692	88	23	2163	2819	14095943	14096628	2.4e-147	525	GCA_946405725.1_IP-Med-0.PacbioHiFiAssembly_genomic
AT4G05555	OX291518.1	89.801	402	31	6	2413	2813	14659696	14660088	8.7e-142	507	GCA_946405725.1_IP-Med-0.PacbioHiFiAssembly_genomic
AT4G05555	OX291518.1	87.654	405	28	13	2414	2816	19150212	19150596	4.13e-125	451	GCA_946405725.1_IP-Med-0.PacbioHiFiAssembly_genomic
AT4G05555	OX291518.1	86.986	146	11	7	2167	2307	14659549	14659691	1.01e-36	158	GCA_946405725.1_IP-Med-0.PacbioHiFiAssembly_genomic
AT4G05555	OX291518.1	100	29	0	0	2794	2822	14660090	14660118	1.36e-05	54.7	GCA_946405725.1_IP-Med-0.PacbioHiFiAssembly_genomic
AT4G05555	OX291519.1	92.536	1246	64	9	1066	2310	3189079	3187862	0	1759	GCA_946405725.1_IP-Med-0.PacbioHiFiAssembly_genomic
AT4G05555	OX291519.1	92.593	567	38	4	1	565	3189635	3189071	0	811	GCA_946405725.1_IP-Med-0.PacbioHiFiAssembly_genomic
AT4G05555	OX291519.1	93.462	413	23	2	2408	2816	3187865	3187453	6.45e-173	610	GCA_946405725.1_IP-Med-0.PacbioHiFiAssembly_genomic
AT4G05555	OX291519.1	87.681	138	15	1	2032	2169	3188003	3187868	2.81e-37	159	GCA_946405725.1_IP-Med-0.PacbioHiFiAssembly_genomic
AT4G05555	OX291519.1	100	39	0	0	2784	2822	3187464	3187426	3.76e-11	73.1	GCA_946405725.1_IP-Med-0.PacbioHiFiAssembly_genomic
AT4G05555	OX291520.1	89.781	1370	131	8	1	1366	18076365	18077729	0	1746	GCA_946405725.1_IP-Med-0.PacbioHiFiAssembly_genomic
AT4G05555	OX291520.1	89.034	766	78	4	1405	2169	18077720	18078480	0	944	GCA_946405725.1_IP-Med-0.PacbioHiFiAssembly_genomic
AT4G05555	OX291520.1	90.554	487	43	3	2332	2816	13090470	13089985	0	641	GCA_946405725.1_IP-Med-0.PacbioHiFiAssembly_genomic
AT4G05555	OX291520.1	100	41	0	0	2782	2822	13089998	13089958	2.91e-12	76.8	GCA_946405725.1_IP-Med-0.PacbioHiFiAssembly_genomic
AT4G05555	OX291522.1	86.722	1092	137	8	92	1179	13039876	13040963	0	1206	GCA_946405725.1_IP-Med-0.PacbioHiFiAssembly_genomic
AT1G36970	OX291523.1	99.544	1972	9	0	1	1972	13935230	13937201	0	3592	GCA_946405905.1_MONTM-B-16.PacbioHiFiAssembly_genomic
AT1G36970	OX291523.1	88.041	485	55	3	1381	1864	20219750	20220232	2.09e-161	571	GCA_946405905.1_MONTM-B-16.PacbioHiFiAssembly_genomic
AT1G36970	OX291523.1	82.403	233	18	4	991	1201	20218650	20218881	4.12e-44	182	GCA_946405905.1_MONTM-B-16.PacbioHiFiAssembly_genomic
AT1G36970	OX291523.1	95.745	94	4	0	1383	1476	13936443	13936536	3.23e-35	152	GCA_946405905.1_MONTM-B-16.PacbioHiFiAssembly_genomic
AT1G36970	OX291523.1	95.745	94	4	0	1214	1307	13936612	13936705	3.23e-35	152	GCA_946405905.1_MONTM-B-16.PacbioHiFiAssembly_genomic
AT1G36970	OX291525.1	89.645	676	59	8	2	670	17736812	17737483	0	850	GCA_946405905.1_MONTM-B-16.PacbioHiFiAssembly_genomic
AT1G36970	OX291525.1	87.411	564	64	7	1381	1942	13175612	13175054	0	641	GCA_946405905.1_MONTM-B-16.PacbioHiFiAssembly_genomic
AT1G36970	OX291525.1	88.425	527	58	3	1388	1913	17738255	17738779	9.46e-180	632	GCA_946405905.1_MONTM-B-16.PacbioHiFiAssembly_genomic
AT1G36970	OX291525.1	83.475	587	49	10	636	1201	13485487	13484928	7.74e-141	503	GCA_946405905.1_MONTM-B-16.PacbioHiFiAssembly_genomic
AT1G36970	OX291525.1	88.406	414	43	2	1381	1794	13484069	13483661	4.66e-138	494	GCA_946405905.1_MONTM-B-16.PacbioHiFiAssembly_genomic
AT1G36970	OX291525.1	86.834	319	39	1	636	954	13176073	13175758	8.25e-96	353	GCA_946405905.1_MONTM-B-16.PacbioHiFiAssembly_genomic
AT1G36970	OX291525.1	88.803	259	26	1	596	854	13485745	13485490	3.89e-84	315	GCA_946405905.1_MONTM-B-16.PacbioHiFiAssembly_genomic
AT1G36970	OX291525.1	92.086	139	11	0	716	854	13176214	13176076	1.47e-48	196	GCA_946405905.1_MONTM-B-16.PacbioHiFiAssembly_genomic
AT1G36970	OX291525.1	91.954	87	6	1	1219	1305	17738255	17738340	9.11e-26	121	GCA_946405905.1_MONTM-B-16.PacbioHiFiAssembly_genomic
AT1G36970	OX291526.1	84.808	599	80	9	1	593	3427911	3428504	1.61e-167	592	GCA_946405905.1_MONTM-B-16.PacbioHiFiAssembly_genomic
AT1G36970	OX291526.1	81.597	739	101	20	466	1201	3428513	3429219	1.25e-163	579	GCA_946405905.1_MONTM-B-16.PacbioHiFiAssembly_genomic
AT1G36970	OX291526.1	85.234	535	75	4	1381	1913	3430086	3430618	3.53e-154	547	GCA_946405905.1_MONTM-B-16.PacbioHiFiAssembly_genomic
AT1G36970	OX291524.1	86.372	543	65	9	1381	1919	3504078	3503541	2.69e-165	584	GCA_946405905.1_MONTM-B-16.PacbioHiFiAssembly_genomic
AT1G36970	OX291524.1	83.089	615	86	16	2	608	3506175	3505571	4.56e-153	544	GCA_946405905.1_MONTM-B-16.PacbioHiFiAssembly_genomic
AT1G36970	OX291524.1	80.543	442	49	13	715	1148	3505433	3505021	2.34e-81	305	GCA_946405905.1_MONTM-B-16.PacbioHiFiAssembly_genomic
AT1G36970	OX291524.1	91.86	86	7	0	1116	1201	3505032	3504947	9.11e-26	121	GCA_946405905.1_MONTM-B-16.PacbioHiFiAssembly_genomic
AT3G31560	OX291525.1	99.387	326	2	0	132	457	13176074	13176399	3.56e-168	592	GCA_946405905.1_MONTM-B-16.PacbioHiFiAssembly_genomic
AT3G31560	OX291525.1	96.691	272	9	0	1	272	13175725	13175996	1.75e-126	453	GCA_946405905.1_MONTM-B-16.PacbioHiFiAssembly_genomic
AT3G31560	OX291525.1	96.296	270	10	0	3	272	13485141	13485410	1.05e-123	444	GCA_946405905.1_MONTM-B-16.PacbioHiFiAssembly_genomic
AT3G31560	OX291525.1	97.326	187	5	0	271	457	13485725	13485911	6.67e-86	318	GCA_946405905.1_MONTM-B-16.PacbioHiFiAssembly_genomic
AT3G31560	OX291525.1	97.872	141	3	0	132	272	13485488	13485628	1.15e-63	244	GCA_946405905.1_MONTM-B-16.PacbioHiFiAssembly_genomic
AT3G31560	OX291524.1	87.879	297	30	2	3	296	3505160	3505453	1.1e-93	344	GCA_946405905.1_MONTM-B-16.PacbioHiFiAssembly_genomic
AT3G31560	OX291524.1	95.062	162	7	1	296	457	13756605	13756765	1.91e-66	254	GCA_946405905.1_MONTM-B-16.PacbioHiFiAssembly_genomic
AT3G31560	OX291526.1	90.234	256	24	1	3	258	3429027	3428773	2.38e-90	333	GCA_946405905.1_MONTM-B-16.PacbioHiFiAssembly_genomic
AT3G31560	OX291523.1	88.75	240	27	0	33	272	13936184	13935945	1.12e-78	294	GCA_946405905.1_MONTM-B-16.PacbioHiFiAssembly_genomic
AT4G05555	OX291526.1	98.69	2825	17	3	1	2823	3426367	3429173	0	4994	GCA_946405905.1_MONTM-B-16.PacbioHiFiAssembly_genomic
AT4G05555	OX291526.1	88.406	138	16	0	2167	2304	3428382	3428519	1.66e-39	167	GCA_946405905.1_MONTM-B-16.PacbioHiFiAssembly_genomic
AT4G05555	OX291526.1	86.184	152	18	2	2032	2183	3428517	3428665	7.71e-38	161	GCA_946405905.1_MONTM-B-16.PacbioHiFiAssembly_genomic
AT4G05555	OX291524.1	92.536	1246	66	9	1066	2310	3506649	3505430	0	1760	GCA_946405905.1_MONTM-B-16.PacbioHiFiAssembly_genomic
AT4G05555	OX291524.1	92.769	567	37	4	1	565	3507205	3506641	0	817	GCA_946405905.1_MONTM-B-16.PacbioHiFiAssembly_genomic
AT4G05555	OX291524.1	93.462	413	23	2	2408	2816	3505433	3505021	6.37e-173	610	GCA_946405905.1_MONTM-B-16.PacbioHiFiAssembly_genomic
AT4G05555	OX291524.1	88.406	138	16	0	2032	2169	3505573	3505436	1.66e-39	167	GCA_946405905.1_MONTM-B-16.PacbioHiFiAssembly_genomic
AT4G05555	OX291524.1	100	39	0	0	2784	2822	3505032	3504994	3.72e-11	73.1	GCA_946405905.1_MONTM-B-16.PacbioHiFiAssembly_genomic
AT4G05555	OX291525.1	90.308	1104	102	5	265	1366	17735564	17736664	0	1441	GCA_946405905.1_MONTM-B-16.PacbioHiFiAssembly_genomic
AT4G05555	OX291525.1	88.586	771	78	7	1405	2169	17736655	17737421	0	928	GCA_946405905.1_MONTM-B-16.PacbioHiFiAssembly_genomic
AT4G05555	OX291525.1	90.554	487	43	3	2332	2816	13485487	13485002	0	641	GCA_946405905.1_MONTM-B-16.PacbioHiFiAssembly_genomic
AT4G05555	OX291525.1	88.503	374	42	1	2332	2704	13176073	13175700	4.09e-125	451	GCA_946405905.1_MONTM-B-16.PacbioHiFiAssembly_genomic
AT4G05555	OX291525.1	88.018	217	25	1	1	216	17735343	17735559	3.44e-66	255	GCA_946405905.1_MONTM-B-16.PacbioHiFiAssembly_genomic
AT4G05555	OX291525.1	88.67	203	23	0	2164	2366	17737281	17737483	5.76e-64	248	GCA_946405905.1_MONTM-B-16.PacbioHiFiAssembly_genomic
AT4G05555	OX291525.1	100	41	0	0	2782	2822	13485015	13484975	2.87e-12	76.8	GCA_946405905.1_MONTM-B-16.PacbioHiFiAssembly_genomic
AT4G05555	OX291523.1	89.595	1038	83	13	1136	2169	20217398	20218414	0	1295	GCA_946405905.1_MONTM-B-16.PacbioHiFiAssembly_genomic
AT4G05555	OX291523.1	89.845	906	82	9	496	1398	20216493	20217391	0	1155	GCA_946405905.1_MONTM-B-16.PacbioHiFiAssembly_genomic
AT4G05555	OX291523.1	83.939	716	98	14	1446	2154	13935117	13935822	0	669	GCA_946405905.1_MONTM-B-16.PacbioHiFiAssembly_genomic
AT4G05555	OX291523.1	81.503	692	87	23	2163	2819	13935695	13936380	5.1e-149	531	GCA_946405905.1_MONTM-B-16.PacbioHiFiAssembly_genomic
AT4G05555	OX291523.1	87.901	405	27	13	2414	2816	20218423	20218807	8.78e-127	457	GCA_946405905.1_MONTM-B-16.PacbioHiFiAssembly_genomic
AT4G05555	OX291523.1	100	41	0	0	2782	2822	20218794	20218834	2.87e-12	76.8	GCA_946405905.1_MONTM-B-16.PacbioHiFiAssembly_genomic
AT1G36970	OX291566.1	99.138	1972	17	0	1	1972	13970649	13972620	0	3548	GCA_946406325.1_IP-Alo-0.9506.PacbioHiFiAssembly_genomic
AT1G36970	OX291566.1	88.247	485	54	3	1381	1864	18499387	18499869	4.45e-163	577	GCA_946406325.1_IP-Alo-0.9506.PacbioHiFiAssembly_genomic
AT1G36970	OX291566.1	82.403	233	18	4	991	1201	18498288	18498519	4.08e-44	182	GCA_946406325.1_IP-Alo-0.9506.PacbioHiFiAssembly_genomic
AT1G36970	OX291566.1	95.745	94	4	0	1383	1476	13971862	13971955	3.2e-35	152	GCA_946406325.1_IP-Alo-0.9506.PacbioHiFiAssembly_genomic
AT1G36970	OX291566.1	95.745	94	4	0	1214	1307	13972031	13972124	3.2e-35	152	GCA_946406325.1_IP-Alo-0.9506.PacbioHiFiAssembly_genomic
AT1G36970	OX291568.1	89.911	674	57	8	4	670	16615713	16616382	0	857	GCA_946406325.1_IP-Alo-0.9506.PacbioHiFiAssembly_genomic
AT1G36970	OX291568.1	88.805	527	56	3	1388	1913	16617150	16617674	0	643	GCA_946406325.1_IP-Alo-0.9506.PacbioHiFiAssembly_genomic
AT1G36970	OX291568.1	91.954	87	6	1	1219	1305	16617150	16617235	9.01e-26	121	GCA_946406325.1_IP-Alo-0.9506.PacbioHiFiAssembly_genomic
AT1G36970	OX291569.1	84.808	599	80	9	1	593	3143312	3143905	1.59e-167	592	GCA_946406325.1_IP-Alo-0.9506.PacbioHiFiAssembly_genomic
AT1G36970	OX291569.1	81.732	739	100	20	466	1201	3143914	3144620	2.66e-165	584	GCA_946406325.1_IP-Alo-0.9506.PacbioHiFiAssembly_genomic
AT1G36970	OX291569.1	85.234	535	75	4	1381	1913	3145487	3146019	3.49e-154	547	GCA_946406325.1_IP-Alo-0.9506.PacbioHiFiAssembly_genomic
AT1G36970	OX291567.1	86.531	542	66	7	1381	1919	3622109	3621572	5.71e-167	590	GCA_946406325.1_IP-Alo-0.9506.PacbioHiFiAssembly_genomic
AT1G36970	OX291567.1	83.415	615	84	16	2	608	3624206	3623602	2.08e-156	555	GCA_946406325.1_IP-Alo-0.9506.PacbioHiFiAssembly_genomic
AT1G36970	OX291567.1	80.455	440	53	12	715	1148	3623464	3623052	2.32e-81	305	GCA_946406325.1_IP-Alo-0.9506.PacbioHiFiAssembly_genomic
AT1G36970	OX291567.1	93.023	86	6	0	1116	1201	3623063	3622978	1.94e-27	126	GCA_946406325.1_IP-Alo-0.9506.PacbioHiFiAssembly_genomic
AT3G31560	OX291567.1	87.879	297	30	2	3	296	3623191	3623484	1.09e-93	344	GCA_946406325.1_IP-Alo-0.9506.PacbioHiFiAssembly_genomic
AT3G31560	OX291567.1	95.062	162	7	1	296	457	15449198	15449358	1.89e-66	254	GCA_946406325.1_IP-Alo-0.9506.PacbioHiFiAssembly_genomic
AT3G31560	OX291569.1	89.259	270	28	1	3	272	3144428	3144160	1.82e-91	337	GCA_946406325.1_IP-Alo-0.9506.PacbioHiFiAssembly_genomic
AT3G31560	OX291566.1	89.167	240	26	0	33	272	13971603	13971364	2.39e-80	300	GCA_946406325.1_IP-Alo-0.9506.PacbioHiFiAssembly_genomic
AT4G05555	OX291569.1	98.726	2825	16	3	1	2823	3141768	3144574	0	5000	GCA_946406325.1_IP-Alo-0.9506.PacbioHiFiAssembly_genomic
AT4G05555	OX291569.1	88.406	138	16	0	2167	2304	3143783	3143920	1.64e-39	167	GCA_946406325.1_IP-Alo-0.9506.PacbioHiFiAssembly_genomic
AT4G05555	OX291569.1	86.184	152	18	2	2032	2183	3143918	3144066	7.63e-38	161	GCA_946406325.1_IP-Alo-0.9506.PacbioHiFiAssembly_genomic
AT4G05555	OX291567.1	92.697	1246	64	9	1066	2310	3624680	3623461	0	1772	GCA_946406325.1_IP-Alo-0.9506.PacbioHiFiAssembly_genomic
AT4G05555	OX291567.1	92.769	567	37	4	1	565	3625236	3624672	0	817	GCA_946406325.1_IP-Alo-0.9506.PacbioHiFiAssembly_genomic
AT4G05555	OX291567.1	93.462	413	23	2	2408	2816	3623464	3623052	6.3e-173	610	GCA_946406325.1_IP-Alo-0.9506.PacbioHiFiAssembly_genomic
AT4G05555	OX291567.1	88.406	138	16	0	2032	2169	3623604	3623467	1.64e-39	167	GCA_946406325.1_IP-Alo-0.9506.PacbioHiFiAssembly_genomic
AT4G05555	OX291567.1	100	39	0	0	2784	2822	3623063	3623025	3.68e-11	73.1	GCA_946406325.1_IP-Alo-0.9506.PacbioHiFiAssembly_genomic
AT4G05555	OX291568.1	90.67	1104	98	5	265	1366	16614463	16615563	0	1463	GCA_946406325.1_IP-Alo-0.9506.PacbioHiFiAssembly_genomic
AT4G05555	OX291568.1	88.182	770	83	5	1405	2169	16615554	16616320	0	911	GCA_946406325.1_IP-Alo-0.9506.PacbioHiFiAssembly_genomic
AT4G05555	OX291568.1	89.163	203	22	0	2164	2366	16616180	16616382	1.22e-65	254	GCA_946406325.1_IP-Alo-0.9506.PacbioHiFiAssembly_genomic
AT4G05555	OX291568.1	87.558	217	26	1	1	216	16614242	16614458	1.58e-64	250	GCA_946406325.1_IP-Alo-0.9506.PacbioHiFiAssembly_genomic
AT4G05555	OX291566.1	90.732	874	74	6	496	1366	18497390	18498259	0	1158	GCA_946406325.1_IP-Alo-0.9506.PacbioHiFiAssembly_genomic
AT4G05555	OX291566.1	83.817	723	100	14	1439	2154	13970529	13971241	0	671	GCA_946406325.1_IP-Alo-0.9506.PacbioHiFiAssembly_genomic
AT4G05555	OX291566.1	81.476	691	89	22	2163	2819	13971114	13971799	5.05e-149	531	GCA_946406325.1_IP-Alo-0.9506.PacbioHiFiAssembly_genomic
AT4G05555	OX291566.1	91.772	158	13	0	2659	2816	18498288	18498445	1.24e-55	220	GCA_946406325.1_IP-Alo-0.9506.PacbioHiFiAssembly_genomic
AT4G05555	OX291566.1	100	41	0	0	2782	2822	18498432	18498472	2.84e-12	76.8	GCA_946406325.1_IP-Alo-0.9506.PacbioHiFiAssembly_genomic
AT1G36970	OX291571.1	99.797	1972	4	0	1	1972	14185789	14187760	0	3620	GCA_946406525.1_Ler-0.7213.PacbioHiFiAssembly_genomic
AT1G36970	OX291571.1	88.454	485	53	3	1381	1864	18157915	18158397	9.39e-165	582	GCA_946406525.1_Ler-0.7213.PacbioHiFiAssembly_genomic
AT1G36970	OX291571.1	82.403	233	18	4	991	1201	18156816	18157047	4e-44	182	GCA_946406525.1_Ler-0.7213.PacbioHiFiAssembly_genomic
AT1G36970	OX291571.1	95.745	94	4	0	1383	1476	14187002	14187095	3.14e-35	152	GCA_946406525.1_Ler-0.7213.PacbioHiFiAssembly_genomic
AT1G36970	OX291571.1	95.745	94	4	0	1214	1307	14187171	14187264	3.14e-35	152	GCA_946406525.1_Ler-0.7213.PacbioHiFiAssembly_genomic
AT1G36970	OX291573.1	88.598	535	58	3	1381	1913	13546093	13545560	0	647	GCA_946406525.1_Ler-0.7213.PacbioHiFiAssembly_genomic
AT1G36970	OX291573.1	87.127	536	64	5	1381	1913	13587729	13587196	7.21e-171	603	GCA_946406525.1_Ler-0.7213.PacbioHiFiAssembly_genomic
AT1G36970	OX291573.1	85.533	553	53	8	596	1148	13588649	13588124	7.37e-156	553	GCA_946406525.1_Ler-0.7213.PacbioHiFiAssembly_genomic
AT1G36970	OX291573.1	85.379	554	52	11	596	1148	13547550	13547025	3.43e-154	547	GCA_946406525.1_Ler-0.7213.PacbioHiFiAssembly_genomic
AT1G36970	OX291573.1	96.629	89	3	0	1113	1201	13588138	13588050	4.06e-34	148	GCA_946406525.1_Ler-0.7213.PacbioHiFiAssembly_genomic
AT1G36970	OX291573.1	95.506	89	4	0	1113	1201	13547039	13546951	1.89e-32	143	GCA_946406525.1_Ler-0.7213.PacbioHiFiAssembly_genomic
AT1G36970	OX291574.1	82.385	738	97	16	466	1201	3349137	3349843	1.2e-173	612	GCA_946406525.1_Ler-0.7213.PacbioHiFiAssembly_genomic
AT1G36970	OX291574.1	84.474	599	82	9	1	593	3348535	3349128	3.38e-164	580	GCA_946406525.1_Ler-0.7213.PacbioHiFiAssembly_genomic
AT1G36970	OX291574.1	85.178	533	77	2	1382	1913	3350711	3351242	1.23e-153	545	GCA_946406525.1_Ler-0.7213.PacbioHiFiAssembly_genomic
AT1G36970	OX291572.1	83.089	615	86	16	2	608	3516560	3515956	4.43e-153	544	GCA_946406525.1_Ler-0.7213.PacbioHiFiAssembly_genomic
AT1G36970	OX291572.1	82.764	615	88	16	2	608	3565082	3564478	9.6e-150	532	GCA_946406525.1_Ler-0.7213.PacbioHiFiAssembly_genomic
AT1G36970	OX291572.1	80.272	441	53	13	715	1148	3564340	3563927	2.95e-80	302	GCA_946406525.1_Ler-0.7213.PacbioHiFiAssembly_genomic
AT1G36970	OX291572.1	80.045	441	54	13	715	1148	3515818	3515405	1.37e-78	296	GCA_946406525.1_Ler-0.7213.PacbioHiFiAssembly_genomic
AT1G36970	OX291572.1	93.023	86	6	0	1116	1201	3515416	3515331	1.9e-27	126	GCA_946406525.1_Ler-0.7213.PacbioHiFiAssembly_genomic
AT1G36970	OX291572.1	91.86	86	7	0	1116	1201	3563938	3563853	8.85e-26	121	GCA_946406525.1_Ler-0.7213.PacbioHiFiAssembly_genomic
AT3G31560	OX291573.1	97.037	270	8	0	3	272	13588263	13588532	4.73e-127	455	GCA_946406525.1_Ler-0.7213.PacbioHiFiAssembly_genomic
AT3G31560	OX291573.1	95.556	270	12	0	3	272	13547164	13547433	2.22e-120	433	GCA_946406525.1_Ler-0.7213.PacbioHiFiAssembly_genomic
AT3G31560	OX291573.1	96.257	187	7	0	271	457	13588629	13588815	1.4e-82	307	GCA_946406525.1_Ler-0.7213.PacbioHiFiAssembly_genomic
AT3G31560	OX291573.1	95.722	187	8	0	271	457	13547530	13547716	6.53e-81	302	GCA_946406525.1_Ler-0.7213.PacbioHiFiAssembly_genomic
AT3G31560	OX291574.1	89.63	270	27	1	3	272	3349651	3349383	3.85e-93	342	GCA_946406525.1_Ler-0.7213.PacbioHiFiAssembly_genomic
AT3G31560	OX291572.1	87.248	298	31	3	3	296	3515544	3515838	2.31e-90	333	GCA_946406525.1_Ler-0.7213.PacbioHiFiAssembly_genomic
AT3G31560	OX291572.1	87.248	298	31	3	3	296	3564066	3564360	2.31e-90	333	GCA_946406525.1_Ler-0.7213.PacbioHiFiAssembly_genomic
AT3G31560	OX291572.1	95.062	162	7	1	296	457	12253915	12254075	1.85e-66	254	GCA_946406525.1_Ler-0.7213.PacbioHiFiAssembly_genomic
AT3G31560	OX291571.1	88.75	240	27	0	33	272	14186743	14186504	1.09e-78	294	GCA_946406525.1_Ler-0.7213.PacbioHiFiAssembly_genomic
AT4G05555	OX291574.1	97.768	2823	44	3	1	2823	3346994	3349797	0	4846	GCA_946406525.1_Ler-0.7213.PacbioHiFiAssembly_genomic
AT4G05555	OX291574.1	88.406	138	16	0	2167	2304	3349006	3349143	1.61e-39	167	GCA_946406525.1_Ler-0.7213.PacbioHiFiAssembly_genomic
AT4G05555	OX291574.1	86.842	152	17	2	2032	2183	3349141	3349289	1.61e-39	167	GCA_946406525.1_Ler-0.7213.PacbioHiFiAssembly_genomic
AT4G05555	OX291572.1	92.697	1246	64	10	1066	2310	3517034	3515815	0	1772	GCA_946406525.1_Ler-0.7213.PacbioHiFiAssembly_genomic
AT4G05555	OX291572.1	92.536	1246	66	10	1066	2310	3565556	3564337	0	1760	GCA_946406525.1_Ler-0.7213.PacbioHiFiAssembly_genomic
AT4G05555	OX291572.1	93.122	567	35	4	1	565	3517590	3517026	0	828	GCA_946406525.1_Ler-0.7213.PacbioHiFiAssembly_genomic
AT4G05555	OX291572.1	92.769	567	37	4	1	565	3566112	3565548	0	817	GCA_946406525.1_Ler-0.7213.PacbioHiFiAssembly_genomic
AT4G05555	OX291572.1	93.237	414	23	3	2408	2816	3564340	3563927	2.88e-171	604	GCA_946406525.1_Ler-0.7213.PacbioHiFiAssembly_genomic
AT4G05555	OX291572.1	92.995	414	24	3	2408	2816	3515818	3515405	1.34e-169	599	GCA_946406525.1_Ler-0.7213.PacbioHiFiAssembly_genomic
AT4G05555	OX291572.1	88.406	138	16	0	2032	2169	3515958	3515821	1.61e-39	167	GCA_946406525.1_Ler-0.7213.PacbioHiFiAssembly_genomic
AT4G05555	OX291572.1	88.406	138	16	0	2032	2169	3564480	3564343	1.61e-39	167	GCA_946406525.1_Ler-0.7213.PacbioHiFiAssembly_genomic
AT4G05555	OX291572.1	100	39	0	0	2784	2822	3515416	3515378	3.61e-11	73.1	GCA_946406525.1_Ler-0.7213.PacbioHiFiAssembly_genomic
AT4G05555	OX291572.1	100	39	0	0	2784	2822	3563938	3563900	3.61e-11	73.1	GCA_946406525.1_Ler-0.7213.PacbioHiFiAssembly_genomic
AT4G05555	OX291575.1	87.179	1092	131	9	92	1179	12267870	12268956	0	1232	GCA_946406525.1_Ler-0.7213.PacbioHiFiAssembly_genomic
AT4G05555	OX291571.1	90.732	874	75	5	496	1366	18155917	18156787	0	1160	GCA_946406525.1_Ler-0.7213.PacbioHiFiAssembly_genomic
AT4G05555	OX291571.1	84.371	723	96	14	1439	2154	14185669	14186381	0	693	GCA_946406525.1_Ler-0.7213.PacbioHiFiAssembly_genomic
AT4G05555	OX291571.1	81.358	692	88	23	2163	2819	14186254	14186939	2.31e-147	525	GCA_946406525.1_Ler-0.7213.PacbioHiFiAssembly_genomic
AT4G05555	OX291571.1	91.772	158	13	0	2659	2816	18156816	18156973	1.22e-55	220	GCA_946406525.1_Ler-0.7213.PacbioHiFiAssembly_genomic
AT4G05555	OX291571.1	100	41	0	0	2782	2822	18156960	18157000	2.79e-12	76.8	GCA_946406525.1_Ler-0.7213.PacbioHiFiAssembly_genomic
AT4G05555	OX291573.1	90.395	531	50	1	2287	2816	13588654	13588124	0	697	GCA_946406525.1_Ler-0.7213.PacbioHiFiAssembly_genomic
AT4G05555	OX291573.1	90.038	532	50	3	2287	2816	13547555	13547025	0	686	GCA_946406525.1_Ler-0.7213.PacbioHiFiAssembly_genomic
AT4G05555	OX291573.1	97.561	41	1	0	2782	2822	13547038	13546998	1.3e-10	71.3	GCA_946406525.1_Ler-0.7213.PacbioHiFiAssembly_genomic
AT4G05555	OX291573.1	97.561	41	1	0	2782	2822	13588137	13588097	1.3e-10	71.3	GCA_946406525.1_Ler-0.7213.PacbioHiFiAssembly_genomic
AT1G36970	OX291576.1	99.544	1972	9	0	1	1972	13961026	13962997	0	3592	GCA_946406595.1_BANI-C-12.PacbioHiFiAssembly_genomic
AT1G36970	OX291576.1	87.755	490	57	3	1381	1869	14694961	14695448	7.55e-161	569	GCA_946406595.1_BANI-C-12.PacbioHiFiAssembly_genomic
AT1G36970	OX291576.1	89.744	156	14	2	991	1145	14693862	14694016	4.11e-49	198	GCA_946406595.1_BANI-C-12.PacbioHiFiAssembly_genomic
AT1G36970	OX291576.1	95.745	94	4	0	1383	1476	13962239	13962332	3.24e-35	152	GCA_946406595.1_BANI-C-12.PacbioHiFiAssembly_genomic
AT1G36970	OX291576.1	95.745	94	4	0	1214	1307	13962408	13962501	3.24e-35	152	GCA_946406595.1_BANI-C-12.PacbioHiFiAssembly_genomic
AT1G36970	OX291578.1	90.03	672	58	8	2	670	18233327	18233992	0	861	GCA_946406595.1_BANI-C-12.PacbioHiFiAssembly_genomic
AT1G36970	OX291578.1	88.202	534	60	3	1381	1913	18234698	18235229	2.64e-180	634	GCA_946406595.1_BANI-C-12.PacbioHiFiAssembly_genomic
AT1G36970	OX291578.1	89.655	87	8	1	1219	1305	18234705	18234790	1.98e-22	110	GCA_946406595.1_BANI-C-12.PacbioHiFiAssembly_genomic
AT1G36970	OX291579.1	84.975	599	79	9	1	593	3664903	3665496	3.46e-169	597	GCA_946406595.1_BANI-C-12.PacbioHiFiAssembly_genomic
AT1G36970	OX291579.1	81.732	739	100	20	466	1201	3665505	3666211	2.7e-165	584	GCA_946406595.1_BANI-C-12.PacbioHiFiAssembly_genomic
AT1G36970	OX291579.1	85.421	535	74	4	1381	1913	3667078	3667610	7.61e-156	553	GCA_946406595.1_BANI-C-12.PacbioHiFiAssembly_genomic
AT3G31560	OX291579.1	89.259	270	28	1	3	272	3666019	3665751	1.85e-91	337	GCA_946406595.1_BANI-C-12.PacbioHiFiAssembly_genomic
AT3G31560	OX291576.1	88.75	240	27	0	33	272	13961980	13961741	1.13e-78	294	GCA_946406595.1_BANI-C-12.PacbioHiFiAssembly_genomic
AT3G31560	OX291577.1	95.062	162	7	1	296	457	13903768	13903928	1.91e-66	254	GCA_946406595.1_BANI-C-12.PacbioHiFiAssembly_genomic
AT4G05555	OX291579.1	99.079	2823	8	1	1	2823	3663361	3666165	0	5053	GCA_946406595.1_BANI-C-12.PacbioHiFiAssembly_genomic
AT4G05555	OX291579.1	88.406	138	16	0	2167	2304	3665374	3665511	1.66e-39	167	GCA_946406595.1_BANI-C-12.PacbioHiFiAssembly_genomic
AT4G05555	OX291579.1	88.406	138	16	0	2032	2169	3665509	3665646	1.66e-39	167	GCA_946406595.1_BANI-C-12.PacbioHiFiAssembly_genomic
AT4G05555	OX291576.1	90.722	1412	117	12	1	1407	14669622	14671024	0	1869	GCA_946406595.1_BANI-C-12.PacbioHiFiAssembly_genomic
AT4G05555	OX291576.1	88.791	678	59	8	1507	2169	14692941	14693616	0	815	GCA_946406595.1_BANI-C-12.PacbioHiFiAssembly_genomic
AT4G05555	OX291576.1	83.939	716	98	14	1446	2154	13960913	13961618	0	669	GCA_946406595.1_BANI-C-12.PacbioHiFiAssembly_genomic
AT4G05555	OX291576.1	81.503	692	87	23	2163	2819	13961491	13962176	5.12e-149	531	GCA_946406595.1_BANI-C-12.PacbioHiFiAssembly_genomic
AT4G05555	OX291576.1	90.299	402	29	6	2413	2813	14693624	14694016	3.99e-145	518	GCA_946406595.1_BANI-C-12.PacbioHiFiAssembly_genomic
AT4G05555	OX291576.1	86.986	146	11	7	2167	2307	14693477	14693619	1e-36	158	GCA_946406595.1_BANI-C-12.PacbioHiFiAssembly_genomic
AT4G05555	OX291576.1	100	29	0	0	2794	2822	14694018	14694046	1.35e-05	54.7	GCA_946406595.1_BANI-C-12.PacbioHiFiAssembly_genomic
AT4G05555	OX291578.1	89.774	1369	131	8	1	1366	18231817	18233179	0	1744	GCA_946406595.1_BANI-C-12.PacbioHiFiAssembly_genomic
AT4G05555	OX291578.1	89.034	766	78	4	1405	2169	18233170	18233930	0	944	GCA_946406595.1_BANI-C-12.PacbioHiFiAssembly_genomic
AT1G36970	OX291581.1	99.544	1972	9	0	1	1972	13904792	13906763	0	3592	GCA_946406625.1_IP-Hom-4.9546.PacbioHiFiAssembly_genomic
AT1G36970	OX291581.1	88.247	485	54	3	1381	1864	19667042	19667524	4.48e-163	577	GCA_946406625.1_IP-Hom-4.9546.PacbioHiFiAssembly_genomic
AT1G36970	OX291581.1	82.096	229	18	4	991	1197	19665943	19666170	6.86e-42	174	GCA_946406625.1_IP-Hom-4.9546.PacbioHiFiAssembly_genomic
AT1G36970	OX291581.1	95.745	94	4	0	1383	1476	13906005	13906098	3.22e-35	152	GCA_946406625.1_IP-Hom-4.9546.PacbioHiFiAssembly_genomic
AT1G36970	OX291581.1	95.745	94	4	0	1214	1307	13906174	13906267	3.22e-35	152	GCA_946406625.1_IP-Hom-4.9546.PacbioHiFiAssembly_genomic
AT1G36970	OX291583.1	90.03	672	60	7	2	670	18143613	18144280	0	863	GCA_946406625.1_IP-Hom-4.9546.PacbioHiFiAssembly_genomic
AT1G36970	OX291583.1	88.202	534	60	3	1381	1913	18144989	18145520	2.62e-180	634	GCA_946406625.1_IP-Hom-4.9546.PacbioHiFiAssembly_genomic
AT1G36970	OX291584.1	84.641	599	80	10	1	593	3068454	3069046	7.44e-166	586	GCA_946406625.1_IP-Hom-4.9546.PacbioHiFiAssembly_genomic
AT1G36970	OX291584.1	81.572	738	103	19	466	1201	3069055	3069761	1.24e-163	579	GCA_946406625.1_IP-Hom-4.9546.PacbioHiFiAssembly_genomic
AT1G36970	OX291584.1	84.86	535	77	4	1381	1913	3070627	3071159	7.6e-151	536	GCA_946406625.1_IP-Hom-4.9546.PacbioHiFiAssembly_genomic
AT3G31560	OX291584.1	89.259	270	28	1	3	272	3069569	3069301	1.83e-91	337	GCA_946406625.1_IP-Hom-4.9546.PacbioHiFiAssembly_genomic
AT3G31560	OX291581.1	89.167	240	26	0	33	272	13905746	13905507	2.4e-80	300	GCA_946406625.1_IP-Hom-4.9546.PacbioHiFiAssembly_genomic
AT3G31560	OX291582.1	95.062	162	7	1	296	457	12390710	12390870	1.9e-66	254	GCA_946406625.1_IP-Hom-4.9546.PacbioHiFiAssembly_genomic
AT4G05555	OX291584.1	97.591	2823	49	8	1	2823	3066912	3069715	0	4819	GCA_946406625.1_IP-Hom-4.9546.PacbioHiFiAssembly_genomic
AT4G05555	OX291584.1	86.842	152	17	2	2032	2183	3069059	3069207	1.65e-39	167	GCA_946406625.1_IP-Hom-4.9546.PacbioHiFiAssembly_genomic
AT4G05555	OX291583.1	90.358	1369	126	6	1	1366	18142110	18143475	0	1792	GCA_946406625.1_IP-Hom-4.9546.PacbioHiFiAssembly_genomic
AT4G05555	OX291583.1	88.12	766	77	5	1405	2169	18143466	18144218	0	898	GCA_946406625.1_IP-Hom-4.9546.PacbioHiFiAssembly_genomic
AT4G05555	OX291581.1	89.413	1039	85	15	1135	2169	19664690	19665707	0	1286	GCA_946406625.1_IP-Hom-4.9546.PacbioHiFiAssembly_genomic
AT4G05555	OX291581.1	90.066	906	80	9	496	1398	19663786	19664684	0	1166	GCA_946406625.1_IP-Hom-4.9546.PacbioHiFiAssembly_genomic
AT4G05555	OX291581.1	83.956	723	99	14	1439	2154	13904672	13905384	0	676	GCA_946406625.1_IP-Hom-4.9546.PacbioHiFiAssembly_genomic
AT4G05555	OX291581.1	81.594	690	90	22	2163	2819	13905257	13905942	1.09e-150	536	GCA_946406625.1_IP-Hom-4.9546.PacbioHiFiAssembly_genomic
AT4G05555	OX291581.1	86.667	405	32	13	2414	2816	19665716	19666100	1.91e-118	429	GCA_946406625.1_IP-Hom-4.9546.PacbioHiFiAssembly_genomic
AT4G05555	OX291581.1	100	41	0	0	2782	2822	19666087	19666127	2.86e-12	76.8	GCA_946406625.1_IP-Hom-4.9546.PacbioHiFiAssembly_genomic
AT1G36970	OX291590.1	99.645	1972	7	0	1	1972	13911423	13913394	0	3603	GCA_946406735.1_BARA-C-3.PacbioHiFiAssembly_genomic
AT1G36970	OX291590.1	88.247	485	54	3	1381	1864	19548630	19549112	4.42e-163	577	GCA_946406735.1_BARA-C-3.PacbioHiFiAssembly_genomic
AT1G36970	OX291590.1	81.974	233	19	4	991	1201	19547531	19547762	1.88e-42	176	GCA_946406735.1_BARA-C-3.PacbioHiFiAssembly_genomic
AT1G36970	OX291590.1	95.745	94	4	0	1383	1476	13912636	13912729	3.17e-35	152	GCA_946406735.1_BARA-C-3.PacbioHiFiAssembly_genomic
AT1G36970	OX291590.1	95.745	94	4	0	1214	1307	13912805	13912898	3.17e-35	152	GCA_946406735.1_BARA-C-3.PacbioHiFiAssembly_genomic
AT1G36970	OX291592.1	89.645	676	59	8	2	670	17635354	17636025	0	850	GCA_946406735.1_BARA-C-3.PacbioHiFiAssembly_genomic
AT1G36970	OX291592.1	87.411	564	64	7	1381	1942	13187828	13187270	0	641	GCA_946406735.1_BARA-C-3.PacbioHiFiAssembly_genomic
AT1G36970	OX291592.1	88.425	527	58	3	1388	1913	17636797	17637321	9.29e-180	632	GCA_946406735.1_BARA-C-3.PacbioHiFiAssembly_genomic
AT1G36970	OX291592.1	83.475	587	49	10	636	1201	13497738	13497179	7.6e-141	503	GCA_946406735.1_BARA-C-3.PacbioHiFiAssembly_genomic
AT1G36970	OX291592.1	88.406	414	43	2	1381	1794	13496320	13495912	4.58e-138	494	GCA_946406735.1_BARA-C-3.PacbioHiFiAssembly_genomic
AT1G36970	OX291592.1	86.834	319	39	1	636	954	13188289	13187974	8.1e-96	353	GCA_946406735.1_BARA-C-3.PacbioHiFiAssembly_genomic
AT1G36970	OX291592.1	88.803	259	26	1	596	854	13497996	13497741	3.82e-84	315	GCA_946406735.1_BARA-C-3.PacbioHiFiAssembly_genomic
AT1G36970	OX291592.1	92.086	139	11	0	716	854	13188430	13188292	1.45e-48	196	GCA_946406735.1_BARA-C-3.PacbioHiFiAssembly_genomic
AT1G36970	OX291592.1	91.954	87	6	1	1219	1305	17636797	17636882	8.95e-26	121	GCA_946406735.1_BARA-C-3.PacbioHiFiAssembly_genomic
AT1G36970	OX291593.1	82.114	738	99	19	466	1201	2782413	2783119	2.62e-170	601	GCA_946406735.1_BARA-C-3.PacbioHiFiAssembly_genomic
AT1G36970	OX291593.1	84.641	599	81	9	1	593	2781811	2782404	7.34e-166	586	GCA_946406735.1_BARA-C-3.PacbioHiFiAssembly_genomic
AT1G36970	OX291593.1	84.644	534	78	4	1382	1913	2783987	2784518	1.25e-148	529	GCA_946406735.1_BARA-C-3.PacbioHiFiAssembly_genomic
AT1G36970	OX291591.1	86.347	542	67	7	1381	1919	3715281	3714744	2.64e-165	584	GCA_946406735.1_BARA-C-3.PacbioHiFiAssembly_genomic
AT1G36970	OX291591.1	83.483	557	76	14	59	608	3717314	3716767	2.11e-141	505	GCA_946406735.1_BARA-C-3.PacbioHiFiAssembly_genomic
AT1G36970	OX291591.1	80.455	440	53	12	715	1148	3716629	3716217	2.3e-81	305	GCA_946406735.1_BARA-C-3.PacbioHiFiAssembly_genomic
AT1G36970	OX291591.1	93.023	86	6	0	1116	1201	3716228	3716143	1.92e-27	126	GCA_946406735.1_BARA-C-3.PacbioHiFiAssembly_genomic
AT3G31560	OX291592.1	99.387	326	2	0	132	457	13188290	13188615	3.5e-168	592	GCA_946406735.1_BARA-C-3.PacbioHiFiAssembly_genomic
AT3G31560	OX291592.1	96.691	272	9	0	1	272	13187941	13188212	1.72e-126	453	GCA_946406735.1_BARA-C-3.PacbioHiFiAssembly_genomic
AT3G31560	OX291592.1	96.296	270	10	0	3	272	13497392	13497661	1.04e-123	444	GCA_946406735.1_BARA-C-3.PacbioHiFiAssembly_genomic
AT3G31560	OX291592.1	97.326	187	5	0	271	457	13497976	13498162	6.55e-86	318	GCA_946406735.1_BARA-C-3.PacbioHiFiAssembly_genomic
AT3G31560	OX291592.1	97.872	141	3	0	132	272	13497739	13497879	1.13e-63	244	GCA_946406735.1_BARA-C-3.PacbioHiFiAssembly_genomic
AT3G31560	OX291593.1	89.63	270	27	1	3	272	2782927	2782659	3.89e-93	342	GCA_946406735.1_BARA-C-3.PacbioHiFiAssembly_genomic
AT3G31560	OX291591.1	87.542	297	31	2	3	296	3716356	3716649	5.03e-92	339	GCA_946406735.1_BARA-C-3.PacbioHiFiAssembly_genomic
AT3G31560	OX291591.1	95.062	162	7	1	296	457	13799717	13799877	1.87e-66	254	GCA_946406735.1_BARA-C-3.PacbioHiFiAssembly_genomic
AT3G31560	OX291590.1	89.167	240	26	0	33	272	13912377	13912138	2.37e-80	300	GCA_946406735.1_BARA-C-3.PacbioHiFiAssembly_genomic
AT4G05555	OX291593.1	97.179	2765	45	2	59	2823	2780342	2783073	0	4643	GCA_946406735.1_BARA-C-3.PacbioHiFiAssembly_genomic
AT4G05555	OX291593.1	87.5	152	16	2	2032	2183	2782417	2782565	3.5e-41	172	GCA_946406735.1_BARA-C-3.PacbioHiFiAssembly_genomic
AT4G05555	OX291593.1	87.681	138	17	0	2167	2304	2782282	2782419	7.58e-38	161	GCA_946406735.1_BARA-C-3.PacbioHiFiAssembly_genomic
AT4G05555	OX291592.1	90.308	1104	102	5	265	1366	17634106	17635206	0	1441	GCA_946406735.1_BARA-C-3.PacbioHiFiAssembly_genomic
AT4G05555	OX291592.1	88.586	771	78	7	1405	2169	17635197	17635963	0	928	GCA_946406735.1_BARA-C-3.PacbioHiFiAssembly_genomic
AT4G05555	OX291592.1	90.554	487	43	3	2332	2816	13497738	13497253	0	641	GCA_946406735.1_BARA-C-3.PacbioHiFiAssembly_genomic
AT4G05555	OX291592.1	88.503	374	42	1	2332	2704	13188289	13187916	4.01e-125	451	GCA_946406735.1_BARA-C-3.PacbioHiFiAssembly_genomic
AT4G05555	OX291592.1	88.018	217	25	1	1	216	17633885	17634101	3.38e-66	255	GCA_946406735.1_BARA-C-3.PacbioHiFiAssembly_genomic
AT4G05555	OX291592.1	88.67	203	23	0	2164	2366	17635823	17636025	5.65e-64	248	GCA_946406735.1_BARA-C-3.PacbioHiFiAssembly_genomic
AT4G05555	OX291592.1	100	41	0	0	2782	2822	13497266	13497226	2.82e-12	76.8	GCA_946406735.1_BARA-C-3.PacbioHiFiAssembly_genomic
AT4G05555	OX291594.1	86.996	1092	134	8	92	1179	13516709	13517796	0	1223	GCA_946406735.1_BARA-C-3.PacbioHiFiAssembly_genomic
AT4G05555	OX291590.1	90.618	874	76	5	496	1366	19546632	19547502	0	1155	GCA_946406735.1_BARA-C-3.PacbioHiFiAssembly_genomic
AT4G05555	OX291590.1	84.094	723	98	14	1439	2154	13911303	13912015	0	682	GCA_946406735.1_BARA-C-3.PacbioHiFiAssembly_genomic
AT4G05555	OX291590.1	81.567	689	92	19	2163	2819	13911888	13912573	1.08e-150	536	GCA_946406735.1_BARA-C-3.PacbioHiFiAssembly_genomic
AT4G05555	OX291590.1	91.139	158	14	0	2659	2816	19547531	19547688	5.73e-54	215	GCA_946406735.1_BARA-C-3.PacbioHiFiAssembly_genomic
AT4G05555	OX291590.1	100	41	0	0	2782	2822	19547675	19547715	2.82e-12	76.8	GCA_946406735.1_BARA-C-3.PacbioHiFiAssembly_genomic
AT4G05555	OX291591.1	93.497	692	42	2	1619	2310	3717314	3716626	0	1026	GCA_946406735.1_BARA-C-3.PacbioHiFiAssembly_genomic
AT4G05555	OX291591.1	93.462	413	23	2	2408	2816	3716629	3716217	6.26e-173	610	GCA_946406735.1_BARA-C-3.PacbioHiFiAssembly_genomic
AT4G05555	OX291591.1	88.406	138	16	0	2032	2169	3716769	3716632	1.63e-39	167	GCA_946406735.1_BARA-C-3.PacbioHiFiAssembly_genomic
AT4G05555	OX291591.1	100	39	0	0	2784	2822	3716228	3716190	3.65e-11	73.1	GCA_946406735.1_BARA-C-3.PacbioHiFiAssembly_genomic
AT1G36970	OX291595.1	98.884	1972	22	0	1	1972	14119553	14121524	0	3520	GCA_946406895.1_Rabacal-1.22005.PacbioHiFiAssembly_genomic
AT1G36970	OX291595.1	95.745	94	4	0	1383	1476	14120766	14120859	3.46e-35	152	GCA_946406895.1_Rabacal-1.22005.PacbioHiFiAssembly_genomic
AT1G36970	OX291595.1	94.681	94	5	0	1214	1307	14120935	14121028	1.61e-33	147	GCA_946406895.1_Rabacal-1.22005.PacbioHiFiAssembly_genomic
AT1G36970	OX291597.1	90.179	672	57	8	2	670	19292128	19291463	0	867	GCA_946406895.1_Rabacal-1.22005.PacbioHiFiAssembly_genomic
AT1G36970	OX291597.1	87.64	534	63	3	1381	1913	19290757	19290226	2.84e-175	617	GCA_946406895.1_Rabacal-1.22005.PacbioHiFiAssembly_genomic
AT1G36970	OX291598.1	84.5	600	80	11	1	593	3721882	3722475	3.72e-164	580	GCA_946406895.1_Rabacal-1.22005.PacbioHiFiAssembly_genomic
AT1G36970	OX291598.1	81.165	738	106	19	466	1201	3722484	3723190	1.35e-158	562	GCA_946406895.1_Rabacal-1.22005.PacbioHiFiAssembly_genomic
AT1G36970	OX291598.1	85.047	535	76	4	1381	1913	3724056	3724588	1.76e-152	542	GCA_946406895.1_Rabacal-1.22005.PacbioHiFiAssembly_genomic
AT1G36970	OX291596.1	83.252	615	85	15	2	608	3321566	3322170	1.05e-154	549	GCA_946406895.1_Rabacal-1.22005.PacbioHiFiAssembly_genomic
AT1G36970	OX291596.1	89.541	392	39	2	1381	1771	3323663	3324053	1.39e-138	496	GCA_946406895.1_Rabacal-1.22005.PacbioHiFiAssembly_genomic
AT1G36970	OX291596.1	80.361	443	54	12	712	1148	3322305	3322720	2.51e-81	305	GCA_946406895.1_Rabacal-1.22005.PacbioHiFiAssembly_genomic
AT1G36970	OX291596.1	93.023	86	6	0	1116	1201	3322709	3322794	2.1e-27	126	GCA_946406895.1_Rabacal-1.22005.PacbioHiFiAssembly_genomic
AT3G31560	OX291596.1	87.542	297	31	2	3	296	3322581	3322288	5.48e-92	339	GCA_946406895.1_Rabacal-1.22005.PacbioHiFiAssembly_genomic
AT3G31560	OX291596.1	93.827	162	9	1	296	457	15173650	15173810	4.42e-63	243	GCA_946406895.1_Rabacal-1.22005.PacbioHiFiAssembly_genomic
AT3G31560	OX291598.1	89.259	270	28	1	3	272	3722998	3722730	1.97e-91	337	GCA_946406895.1_Rabacal-1.22005.PacbioHiFiAssembly_genomic
AT3G31560	OX291595.1	88.333	240	28	0	33	272	14120507	14120268	5.6e-77	289	GCA_946406895.1_Rabacal-1.22005.PacbioHiFiAssembly_genomic
AT4G05555	OX291598.1	97.415	2824	53	3	1	2823	3720340	3723144	0	4793	GCA_946406895.1_Rabacal-1.22005.PacbioHiFiAssembly_genomic
AT4G05555	OX291598.1	86.842	152	17	2	2032	2183	3722488	3722636	1.78e-39	167	GCA_946406895.1_Rabacal-1.22005.PacbioHiFiAssembly_genomic
AT4G05555	OX291597.1	89.847	1369	131	7	1	1366	19293639	19292276	0	1751	GCA_946406895.1_Rabacal-1.22005.PacbioHiFiAssembly_genomic
AT4G05555	OX291597.1	88.903	766	79	4	1405	2169	19292285	19291525	0	939	GCA_946406895.1_Rabacal-1.22005.PacbioHiFiAssembly_genomic
AT4G05555	OX291596.1	91.553	1243	63	9	1066	2307	3321107	3322308	0	1676	GCA_946406895.1_Rabacal-1.22005.PacbioHiFiAssembly_genomic
AT4G05555	OX291596.1	92.416	567	39	4	1	565	3320551	3321115	0	806	GCA_946406895.1_Rabacal-1.22005.PacbioHiFiAssembly_genomic
AT4G05555	OX291596.1	93.462	413	23	2	2408	2816	3322308	3322720	6.83e-173	610	GCA_946406895.1_Rabacal-1.22005.PacbioHiFiAssembly_genomic
AT4G05555	OX291596.1	88.406	138	16	0	2032	2169	3322168	3322305	1.78e-39	167	GCA_946406895.1_Rabacal-1.22005.PacbioHiFiAssembly_genomic
AT4G05555	OX291596.1	100	39	0	0	2784	2822	3322709	3322747	3.98e-11	73.1	GCA_946406895.1_Rabacal-1.22005.PacbioHiFiAssembly_genomic
AT4G05555	OX291599.1	86.996	1092	134	8	92	1179	12863174	12864261	0	1223	GCA_946406895.1_Rabacal-1.22005.PacbioHiFiAssembly_genomic
AT4G05555	OX291595.1	83.541	723	102	14	1439	2154	14119433	14120145	0	660	GCA_946406895.1_Rabacal-1.22005.PacbioHiFiAssembly_genomic
AT4G05555	OX291595.1	81.069	692	90	23	2163	2819	14120018	14120703	5.51e-144	514	GCA_946406895.1_Rabacal-1.22005.PacbioHiFiAssembly_genomic
AT1G36970	OX291600.1	99.594	1972	8	0	1	1972	13844607	13846578	0	3598	GCA_946406975.1_CAMA-C-2.PacbioHiFiAssembly_genomic
AT1G36970	OX291600.1	88.247	485	54	3	1381	1864	18833936	18834418	4.41e-163	577	GCA_946406975.1_CAMA-C-2.PacbioHiFiAssembly_genomic
AT1G36970	OX291600.1	82.403	233	18	4	991	1201	18832837	18833068	4.04e-44	182	GCA_946406975.1_CAMA-C-2.PacbioHiFiAssembly_genomic
AT1G36970	OX291600.1	95.745	94	4	0	1383	1476	13845820	13845913	3.17e-35	152	GCA_946406975.1_CAMA-C-2.PacbioHiFiAssembly_genomic
AT1G36970	OX291600.1	95.745	94	4	0	1214	1307	13845989	13846082	3.17e-35	152	GCA_946406975.1_CAMA-C-2.PacbioHiFiAssembly_genomic
AT1G36970	OX291602.1	90.179	672	59	7	2	670	17736898	17737565	0	869	GCA_946406975.1_CAMA-C-2.PacbioHiFiAssembly_genomic
AT1G36970	OX291602.1	88.39	534	59	3	1381	1913	17738274	17738805	0	640	GCA_946406975.1_CAMA-C-2.PacbioHiFiAssembly_genomic
AT1G36970	OX291602.1	88.015	534	62	2	1381	1913	13470044	13469512	3.34e-179	630	GCA_946406975.1_CAMA-C-2.PacbioHiFiAssembly_genomic
AT1G36970	OX291602.1	87.454	542	61	7	1381	1919	13501554	13501017	2.6e-175	617	GCA_946406975.1_CAMA-C-2.PacbioHiFiAssembly_genomic
AT1G36970	OX291602.1	83.673	588	46	13	636	1201	13502974	13502415	1.63e-142	508	GCA_946406975.1_CAMA-C-2.PacbioHiFiAssembly_genomic
AT1G36970	OX291602.1	87.069	348	42	1	596	943	13470742	13470398	6.17e-107	390	GCA_946406975.1_CAMA-C-2.PacbioHiFiAssembly_genomic
AT1G36970	OX291602.1	91.954	87	6	1	1219	1305	17738281	17738366	8.93e-26	121	GCA_946406975.1_CAMA-C-2.PacbioHiFiAssembly_genomic
AT1G36970	OX291603.1	84.808	599	80	10	1	593	3102820	3103413	1.57e-167	592	GCA_946406975.1_CAMA-C-2.PacbioHiFiAssembly_genomic
AT1G36970	OX291603.1	81.867	739	99	20	466	1201	3103422	3104128	5.66e-167	590	GCA_946406975.1_CAMA-C-2.PacbioHiFiAssembly_genomic
AT1G36970	OX291603.1	85.607	535	73	4	1381	1913	3104995	3105527	1.6e-157	558	GCA_946406975.1_CAMA-C-2.PacbioHiFiAssembly_genomic
AT1G36970	OX291601.1	86.162	542	68	7	1381	1919	4021458	4020921	1.23e-163	579	GCA_946406975.1_CAMA-C-2.PacbioHiFiAssembly_genomic
AT1G36970	OX291601.1	83.089	615	86	16	2	608	4023553	4022949	4.47e-153	544	GCA_946406975.1_CAMA-C-2.PacbioHiFiAssembly_genomic
AT1G36970	OX291601.1	80.455	440	53	12	715	1148	4022811	4022399	2.3e-81	305	GCA_946406975.1_CAMA-C-2.PacbioHiFiAssembly_genomic
AT1G36970	OX291601.1	93.023	86	6	0	1116	1201	4022410	4022325	1.92e-27	126	GCA_946406975.1_CAMA-C-2.PacbioHiFiAssembly_genomic
AT3G31560	OX291602.1	97.037	270	8	0	3	272	13502628	13502897	4.78e-127	455	GCA_946406975.1_CAMA-C-2.PacbioHiFiAssembly_genomic
AT3G31560	OX291602.1	96.087	230	9	0	43	272	13470396	13470625	3.83e-103	375	GCA_946406975.1_CAMA-C-2.PacbioHiFiAssembly_genomic
AT3G31560	OX291602.1	96.257	187	7	0	271	457	13470722	13470908	1.42e-82	307	GCA_946406975.1_CAMA-C-2.PacbioHiFiAssembly_genomic
AT3G31560	OX291602.1	95.722	187	8	0	271	457	13503212	13503398	6.59e-81	302	GCA_946406975.1_CAMA-C-2.PacbioHiFiAssembly_genomic
AT3G31560	OX291602.1	96.454	141	5	0	132	272	13502975	13503115	2.44e-60	233	GCA_946406975.1_CAMA-C-2.PacbioHiFiAssembly_genomic
AT3G31560	OX291601.1	87.879	297	30	2	3	296	4022538	4022831	1.08e-93	344	GCA_946406975.1_CAMA-C-2.PacbioHiFiAssembly_genomic
AT3G31560	OX291601.1	95.062	162	7	1	296	457	13185341	13185501	1.87e-66	254	GCA_946406975.1_CAMA-C-2.PacbioHiFiAssembly_genomic
AT3G31560	OX291603.1	89.259	270	28	1	3	272	3103936	3103668	1.81e-91	337	GCA_946406975.1_CAMA-C-2.PacbioHiFiAssembly_genomic
AT3G31560	OX291600.1	88.75	240	27	0	33	272	13845561	13845322	1.1e-78	294	GCA_946406975.1_CAMA-C-2.PacbioHiFiAssembly_genomic
AT3G31560	OX291600.1	84.81	158	23	1	301	457	21839191	21839034	1.51e-37	158	GCA_946406975.1_CAMA-C-2.PacbioHiFiAssembly_genomic
AT4G05555	OX291603.1	98.583	2823	21	2	1	2823	3101279	3104082	0	4974	GCA_946406975.1_CAMA-C-2.PacbioHiFiAssembly_genomic
AT4G05555	OX291603.1	88.321	137	16	0	2168	2304	3103292	3103428	5.85e-39	165	GCA_946406975.1_CAMA-C-2.PacbioHiFiAssembly_genomic
AT4G05555	OX291603.1	86.184	152	18	2	2032	2183	3103426	3103574	7.56e-38	161	GCA_946406975.1_CAMA-C-2.PacbioHiFiAssembly_genomic
AT4G05555	OX291602.1	90.285	1369	127	6	1	1366	17735385	17736750	0	1786	GCA_946406975.1_CAMA-C-2.PacbioHiFiAssembly_genomic
AT4G05555	OX291602.1	89.034	766	80	3	1405	2169	17736741	17737503	0	946	GCA_946406975.1_CAMA-C-2.PacbioHiFiAssembly_genomic
AT4G05555	OX291602.1	90.123	486	47	1	2332	2816	13502974	13502489	4.8e-179	630	GCA_946406975.1_CAMA-C-2.PacbioHiFiAssembly_genomic
AT4G05555	OX291602.1	88.012	342	38	3	2287	2626	13470747	13470407	4.09e-110	401	GCA_946406975.1_CAMA-C-2.PacbioHiFiAssembly_genomic
AT4G05555	OX291602.1	100	41	0	0	2782	2822	13502502	13502462	2.82e-12	76.8	GCA_946406975.1_CAMA-C-2.PacbioHiFiAssembly_genomic
AT4G05555	OX291601.1	92.295	1246	69	9	1066	2310	4024027	4022808	0	1744	GCA_946406975.1_CAMA-C-2.PacbioHiFiAssembly_genomic
AT4G05555	OX291601.1	92.416	567	39	4	1	565	4024583	4024019	0	806	GCA_946406975.1_CAMA-C-2.PacbioHiFiAssembly_genomic
AT4G05555	OX291601.1	93.462	413	23	2	2408	2816	4022811	4022399	6.25e-173	610	GCA_946406975.1_CAMA-C-2.PacbioHiFiAssembly_genomic
AT4G05555	OX291601.1	88.406	138	16	0	2032	2169	4022951	4022814	1.63e-39	167	GCA_946406975.1_CAMA-C-2.PacbioHiFiAssembly_genomic
AT4G05555	OX291601.1	100	39	0	0	2784	2822	4022410	4022372	3.65e-11	73.1	GCA_946406975.1_CAMA-C-2.PacbioHiFiAssembly_genomic
AT4G05555	OX291604.1	87.088	1092	133	8	92	1179	12184602	12185689	0	1229	GCA_946406975.1_CAMA-C-2.PacbioHiFiAssembly_genomic
AT4G05555	OX291600.1	90.503	874	77	5	496	1366	18831938	18832808	0	1149	GCA_946406975.1_CAMA-C-2.PacbioHiFiAssembly_genomic
AT4G05555	OX291600.1	84.078	716	97	14	1446	2154	13844494	13845199	0	675	GCA_946406975.1_CAMA-C-2.PacbioHiFiAssembly_genomic
AT4G05555	OX291600.1	81.503	692	87	23	2163	2819	13845072	13845757	5e-149	531	GCA_946406975.1_CAMA-C-2.PacbioHiFiAssembly_genomic
AT4G05555	OX291600.1	91.772	158	13	0	2659	2816	18832837	18832994	1.23e-55	220	GCA_946406975.1_CAMA-C-2.PacbioHiFiAssembly_genomic
AT4G05555	OX291600.1	100	41	0	0	2782	2822	18832981	18833021	2.82e-12	76.8	GCA_946406975.1_CAMA-C-2.PacbioHiFiAssembly_genomic
AT1G36970	OX291605.1	99.645	1972	7	0	1	1972	14230375	14232346	0	3603	GCA_946407145.1_BARC-A-17.PacbioHiFiAssembly_genomic
AT1G36970	OX291605.1	95.745	94	4	0	1383	1476	14231588	14231681	3.19e-35	152	GCA_946407145.1_BARC-A-17.PacbioHiFiAssembly_genomic
AT1G36970	OX291605.1	95.745	94	4	0	1214	1307	14231757	14231850	3.19e-35	152	GCA_946407145.1_BARC-A-17.PacbioHiFiAssembly_genomic
AT1G36970	OX291607.1	90.074	675	55	9	2	670	16623321	16623989	0	865	GCA_946407145.1_BARC-A-17.PacbioHiFiAssembly_genomic
AT1G36970	OX291607.1	88.202	534	60	3	1381	1913	16624698	16625229	2.6e-180	634	GCA_946407145.1_BARC-A-17.PacbioHiFiAssembly_genomic
AT1G36970	OX291607.1	85.185	513	49	7	636	1148	13103050	13102565	2.75e-140	501	GCA_946407145.1_BARC-A-17.PacbioHiFiAssembly_genomic
AT1G36970	OX291607.1	88.647	414	42	2	1381	1794	13101632	13101224	9.89e-140	499	GCA_946407145.1_BARC-A-17.PacbioHiFiAssembly_genomic
AT1G36970	OX291607.1	88.803	259	26	1	596	854	13103308	13103053	3.84e-84	315	GCA_946407145.1_BARC-A-17.PacbioHiFiAssembly_genomic
AT1G36970	OX291607.1	95.506	89	4	0	1113	1201	13102579	13102491	1.92e-32	143	GCA_946407145.1_BARC-A-17.PacbioHiFiAssembly_genomic
AT1G36970	OX291608.1	81.978	738	100	19	466	1201	3134616	3135322	1.23e-168	595	GCA_946407145.1_BARC-A-17.PacbioHiFiAssembly_genomic
AT1G36970	OX291608.1	84.991	533	76	4	1383	1913	3136191	3136721	2.1e-151	538	GCA_946407145.1_BARC-A-17.PacbioHiFiAssembly_genomic
AT3G31560	OX291607.1	96.296	270	10	0	3	272	13102704	13102973	1.04e-123	444	GCA_946407145.1_BARC-A-17.PacbioHiFiAssembly_genomic
AT3G31560	OX291607.1	97.326	187	5	0	271	457	13103288	13103474	6.58e-86	318	GCA_946407145.1_BARC-A-17.PacbioHiFiAssembly_genomic
AT3G31560	OX291607.1	97.872	141	3	0	132	272	13103051	13103191	1.13e-63	244	GCA_946407145.1_BARC-A-17.PacbioHiFiAssembly_genomic
AT3G31560	OX291608.1	89.259	270	28	1	3	272	3135130	3134862	1.82e-91	337	GCA_946407145.1_BARC-A-17.PacbioHiFiAssembly_genomic
AT3G31560	OX291605.1	89.167	240	26	0	33	272	14231329	14231090	2.39e-80	300	GCA_946407145.1_BARC-A-17.PacbioHiFiAssembly_genomic
AT3G31560	OX291606.1	94.444	162	8	1	296	457	13274697	13274857	8.76e-65	248	GCA_946407145.1_BARC-A-17.PacbioHiFiAssembly_genomic
AT4G05555	OX291608.1	97.84	2824	42	2	1	2823	3132471	3135276	0	4859	GCA_946407145.1_BARC-A-17.PacbioHiFiAssembly_genomic
AT4G05555	OX291608.1	89.13	138	15	0	2032	2169	3134620	3134757	3.52e-41	172	GCA_946407145.1_BARC-A-17.PacbioHiFiAssembly_genomic
AT4G05555	OX291608.1	87.681	138	17	0	2167	2304	3134485	3134622	7.62e-38	161	GCA_946407145.1_BARC-A-17.PacbioHiFiAssembly_genomic
AT4G05555	OX291607.1	89.92	1369	132	6	1	1366	16621808	16623173	0	1759	GCA_946407145.1_BARC-A-17.PacbioHiFiAssembly_genomic
AT4G05555	OX291607.1	88.802	768	79	5	1405	2169	16623164	16623927	0	935	GCA_946407145.1_BARC-A-17.PacbioHiFiAssembly_genomic
AT4G05555	OX291607.1	90.554	487	43	3	2332	2816	13103050	13102565	0	641	GCA_946407145.1_BARC-A-17.PacbioHiFiAssembly_genomic
AT4G05555	OX291607.1	100	41	0	0	2782	2822	13102578	13102538	2.84e-12	76.8	GCA_946407145.1_BARC-A-17.PacbioHiFiAssembly_genomic
AT4G05555	OX291609.1	87.088	1092	133	8	92	1179	12397462	12398549	0	1229	GCA_946407145.1_BARC-A-17.PacbioHiFiAssembly_genomic
AT4G05555	OX291605.1	84.094	723	98	14	1439	2154	14230255	14230967	0	682	GCA_946407145.1_BARC-A-17.PacbioHiFiAssembly_genomic
AT4G05555	OX291605.1	81.567	689	92	19	2163	2819	14230840	14231525	1.08e-150	536	GCA_946407145.1_BARC-A-17.PacbioHiFiAssembly_genomic
AT1G36970	OX291617.1	99.037	1972	19	0	1	1972	13979333	13981304	0	3537	GCA_946407795.1_IP-Lor-16.PacbioHiFiAssembly_genomic
AT1G36970	OX291617.1	87.551	490	58	3	1381	1869	14567388	14567875	3.52e-159	564	GCA_946407795.1_IP-Lor-16.PacbioHiFiAssembly_genomic
AT1G36970	OX291617.1	89.103	156	15	2	991	1145	14566289	14566443	1.91e-47	193	GCA_946407795.1_IP-Lor-16.PacbioHiFiAssembly_genomic
AT1G36970	OX291617.1	95.745	94	4	0	1383	1476	13980546	13980639	3.25e-35	152	GCA_946407795.1_IP-Lor-16.PacbioHiFiAssembly_genomic
AT1G36970	OX291617.1	95.745	94	4	0	1214	1307	13980715	13980808	3.25e-35	152	GCA_946407795.1_IP-Lor-16.PacbioHiFiAssembly_genomic
AT1G36970	OX291619.1	90.625	672	56	7	2	670	18200231	18200898	0	885	GCA_946407795.1_IP-Lor-16.PacbioHiFiAssembly_genomic
AT1G36970	OX291619.1	88.764	534	57	3	1381	1913	18201607	18202138	0	651	GCA_946407795.1_IP-Lor-16.PacbioHiFiAssembly_genomic
AT1G36970	OX291619.1	91.954	87	6	1	1219	1305	18201614	18201699	9.15e-26	121	GCA_946407795.1_IP-Lor-16.PacbioHiFiAssembly_genomic
AT1G36970	OX291620.1	84.808	599	79	10	1	593	3089586	3090178	1.61e-167	592	GCA_946407795.1_IP-Lor-16.PacbioHiFiAssembly_genomic
AT1G36970	OX291620.1	81.572	738	103	19	466	1201	3090187	3090893	1.26e-163	579	GCA_946407795.1_IP-Lor-16.PacbioHiFiAssembly_genomic
AT1G36970	OX291620.1	84.86	535	77	4	1381	1913	3091759	3092291	7.67e-151	536	GCA_946407795.1_IP-Lor-16.PacbioHiFiAssembly_genomic
AT3G31560	OX291620.1	89.259	270	28	1	3	272	3090701	3090433	1.85e-91	337	GCA_946407795.1_IP-Lor-16.PacbioHiFiAssembly_genomic
AT3G31560	OX291617.1	89.167	240	26	0	33	272	13980287	13980048	2.43e-80	300	GCA_946407795.1_IP-Lor-16.PacbioHiFiAssembly_genomic
AT3G31560	OX291618.1	94.444	162	8	1	296	457	13779298	13779458	8.92e-65	248	GCA_946407795.1_IP-Lor-16.PacbioHiFiAssembly_genomic
AT4G05555	OX291620.1	97.379	2823	51	10	1	2823	3088048	3090847	0	4782	GCA_946407795.1_IP-Lor-16.PacbioHiFiAssembly_genomic
AT4G05555	OX291620.1	86.842	152	17	2	2032	2183	3090191	3090339	1.67e-39	167	GCA_946407795.1_IP-Lor-16.PacbioHiFiAssembly_genomic
AT4G05555	OX291617.1	91.076	1412	114	10	1	1407	14549238	14550642	0	1899	GCA_946407795.1_IP-Lor-16.PacbioHiFiAssembly_genomic
AT4G05555	OX291617.1	90.255	667	59	5	1507	2169	14565379	14566043	0	867	GCA_946407795.1_IP-Lor-16.PacbioHiFiAssembly_genomic
AT4G05555	OX291617.1	84.232	723	97	14	1439	2154	13979213	13979925	0	688	GCA_946407795.1_IP-Lor-16.PacbioHiFiAssembly_genomic
AT4G05555	OX291617.1	81.567	689	92	19	2163	2819	13979798	13980483	1.1e-150	536	GCA_946407795.1_IP-Lor-16.PacbioHiFiAssembly_genomic
AT4G05555	OX291617.1	89.801	402	31	6	2413	2813	14566051	14566443	8.64e-142	507	GCA_946407795.1_IP-Lor-16.PacbioHiFiAssembly_genomic
AT4G05555	OX291617.1	86.301	146	12	7	2167	2307	14565904	14566046	4.67e-35	152	GCA_946407795.1_IP-Lor-16.PacbioHiFiAssembly_genomic
AT4G05555	OX291617.1	100	29	0	0	2794	2822	14566445	14566473	1.35e-05	54.7	GCA_946407795.1_IP-Lor-16.PacbioHiFiAssembly_genomic
AT4G05555	OX291621.1	86.996	1092	134	8	92	1179	13233329	13234416	0	1223	GCA_946407795.1_IP-Lor-16.PacbioHiFiAssembly_genomic
AT4G05555	OX291619.1	89.781	822	81	3	1	820	18198997	18199817	0	1050	GCA_946407795.1_IP-Lor-16.PacbioHiFiAssembly_genomic
AT4G05555	OX291619.1	89.426	766	77	3	1405	2169	18200074	18200836	0	963	GCA_946407795.1_IP-Lor-16.PacbioHiFiAssembly_genomic
AT4G05555	OX291619.1	89.591	269	26	2	1099	1366	18199816	18200083	9.28e-92	340	GCA_946407795.1_IP-Lor-16.PacbioHiFiAssembly_genomic
AT1G36970	OX291622.1	99.645	1972	7	0	1	1972	14095859	14097830	0	3603	GCA_946408365.1_SALE-A-10.PacbioHiFiAssembly_genomic
AT1G36970	OX291622.1	87.835	485	56	3	1381	1864	19741301	19741783	9.57e-160	566	GCA_946408365.1_SALE-A-10.PacbioHiFiAssembly_genomic
AT1G36970	OX291622.1	82.403	233	18	4	991	1201	19740202	19740433	4.05e-44	182	GCA_946408365.1_SALE-A-10.PacbioHiFiAssembly_genomic
AT1G36970	OX291622.1	95.745	94	4	0	1383	1476	14097072	14097165	3.18e-35	152	GCA_946408365.1_SALE-A-10.PacbioHiFiAssembly_genomic
AT1G36970	OX291622.1	95.745	94	4	0	1214	1307	14097241	14097334	3.18e-35	152	GCA_946408365.1_SALE-A-10.PacbioHiFiAssembly_genomic
AT1G36970	OX291624.1	90.074	675	55	9	2	670	18118489	18119157	0	865	GCA_946408365.1_SALE-A-10.PacbioHiFiAssembly_genomic
AT1G36970	OX291624.1	88.202	534	60	3	1381	1913	18119866	18120397	2.59e-180	634	GCA_946408365.1_SALE-A-10.PacbioHiFiAssembly_genomic
AT1G36970	OX291624.1	85.185	513	49	7	636	1148	12991629	12991144	2.74e-140	501	GCA_946408365.1_SALE-A-10.PacbioHiFiAssembly_genomic
AT1G36970	OX291624.1	88.647	414	42	2	1381	1794	12990211	12989803	9.85e-140	499	GCA_946408365.1_SALE-A-10.PacbioHiFiAssembly_genomic
AT1G36970	OX291624.1	88.803	259	26	1	596	854	12991887	12991632	3.83e-84	315	GCA_946408365.1_SALE-A-10.PacbioHiFiAssembly_genomic
AT1G36970	OX291624.1	95.506	89	4	0	1113	1201	12991158	12991070	1.91e-32	143	GCA_946408365.1_SALE-A-10.PacbioHiFiAssembly_genomic
AT1G36970	OX291625.1	84.975	599	79	9	1	593	3034162	3034755	3.39e-169	597	GCA_946408365.1_SALE-A-10.PacbioHiFiAssembly_genomic
AT1G36970	OX291625.1	81.732	739	100	20	466	1201	3034764	3035470	2.64e-165	584	GCA_946408365.1_SALE-A-10.PacbioHiFiAssembly_genomic
AT1G36970	OX291625.1	85.234	535	75	4	1381	1913	3036337	3036869	3.47e-154	547	GCA_946408365.1_SALE-A-10.PacbioHiFiAssembly_genomic
AT1G36970	OX291623.1	86.531	542	66	7	1381	1919	3108046	3107509	5.68e-167	590	GCA_946408365.1_SALE-A-10.PacbioHiFiAssembly_genomic
AT1G36970	OX291623.1	83.089	615	86	16	2	608	3110123	3109519	4.48e-153	544	GCA_946408365.1_SALE-A-10.PacbioHiFiAssembly_genomic
AT1G36970	OX291623.1	81.377	494	58	13	715	1201	3109381	3108915	2.24e-101	372	GCA_946408365.1_SALE-A-10.PacbioHiFiAssembly_genomic
AT3G31560	OX291624.1	96.296	270	10	0	3	272	12991283	12991552	1.04e-123	444	GCA_946408365.1_SALE-A-10.PacbioHiFiAssembly_genomic
AT3G31560	OX291624.1	97.326	187	5	0	271	457	12991867	12992053	6.56e-86	318	GCA_946408365.1_SALE-A-10.PacbioHiFiAssembly_genomic
AT3G31560	OX291624.1	97.872	141	3	0	132	272	12991630	12991770	1.13e-63	244	GCA_946408365.1_SALE-A-10.PacbioHiFiAssembly_genomic
AT3G31560	OX291623.1	87.205	297	32	2	3	296	3109108	3109401	2.34e-90	333	GCA_946408365.1_SALE-A-10.PacbioHiFiAssembly_genomic
AT3G31560	OX291623.1	93.293	164	8	2	296	457	12396059	12396221	5.25e-62	239	GCA_946408365.1_SALE-A-10.PacbioHiFiAssembly_genomic
AT3G31560	OX291625.1	88.889	270	29	1	3	272	3035278	3035010	8.42e-90	331	GCA_946408365.1_SALE-A-10.PacbioHiFiAssembly_genomic
AT3G31560	OX291622.1	88.75	240	27	0	33	272	14096813	14096574	1.11e-78	294	GCA_946408365.1_SALE-A-10.PacbioHiFiAssembly_genomic
AT4G05555	OX291625.1	98.796	2824	15	2	1	2823	3032619	3035424	0	5009	GCA_946408365.1_SALE-A-10.PacbioHiFiAssembly_genomic
AT4G05555	OX291625.1	88.406	138	16	0	2167	2304	3034633	3034770	1.63e-39	167	GCA_946408365.1_SALE-A-10.PacbioHiFiAssembly_genomic
AT4G05555	OX291625.1	86.184	152	18	2	2032	2183	3034768	3034916	7.58e-38	161	GCA_946408365.1_SALE-A-10.PacbioHiFiAssembly_genomic
AT4G05555	OX291624.1	89.92	1369	132	6	1	1366	18116976	18118341	0	1759	GCA_946408365.1_SALE-A-10.PacbioHiFiAssembly_genomic
AT4G05555	OX291624.1	88.802	768	79	5	1405	2169	18118332	18119095	0	935	GCA_946408365.1_SALE-A-10.PacbioHiFiAssembly_genomic
AT4G05555	OX291624.1	90.554	487	43	3	2332	2816	12991629	12991144	0	641	GCA_946408365.1_SALE-A-10.PacbioHiFiAssembly_genomic
AT4G05555	OX291624.1	100	41	0	0	2782	2822	12991157	12991117	2.83e-12	76.8	GCA_946408365.1_SALE-A-10.PacbioHiFiAssembly_genomic
AT4G05555	OX291623.1	92.135	1246	70	11	1066	2310	3110596	3109378	0	1733	GCA_946408365.1_SALE-A-10.PacbioHiFiAssembly_genomic
AT4G05555	OX291623.1	92.593	567	38	4	1	565	3111152	3110588	0	811	GCA_946408365.1_SALE-A-10.PacbioHiFiAssembly_genomic
AT4G05555	OX291623.1	93.795	419	22	2	2408	2822	3109381	3108963	6.22e-178	627	GCA_946408365.1_SALE-A-10.PacbioHiFiAssembly_genomic
AT4G05555	OX291623.1	88.406	138	16	0	2032	2169	3109521	3109384	1.63e-39	167	GCA_946408365.1_SALE-A-10.PacbioHiFiAssembly_genomic
AT4G05555	OX291622.1	89.22	1039	87	15	1135	2169	19738949	19739966	0	1275	GCA_946408365.1_SALE-A-10.PacbioHiFiAssembly_genomic
AT4G05555	OX291622.1	89.956	906	81	9	496	1398	19738045	19738943	0	1160	GCA_946408365.1_SALE-A-10.PacbioHiFiAssembly_genomic
AT4G05555	OX291622.1	84.232	723	97	14	1439	2154	14095739	14096451	0	688	GCA_946408365.1_SALE-A-10.PacbioHiFiAssembly_genomic
AT4G05555	OX291622.1	80.987	689	96	19	2163	2819	14096324	14097009	5.05e-144	514	GCA_946408365.1_SALE-A-10.PacbioHiFiAssembly_genomic
AT4G05555	OX291622.1	86.667	405	32	13	2414	2816	19739975	19740359	1.88e-118	429	GCA_946408365.1_SALE-A-10.PacbioHiFiAssembly_genomic
AT4G05555	OX291622.1	100	41	0	0	2782	2822	19740346	19740386	2.83e-12	76.8	GCA_946408365.1_SALE-A-10.PacbioHiFiAssembly_genomic
AT4G05555	OX291626.1	87.088	1092	133	8	92	1179	14228636	14229723	0	1229	GCA_946408365.1_SALE-A-10.PacbioHiFiAssembly_genomic
AT1G36970	OX291627.1	99.594	1972	8	0	1	1972	13844313	13846284	0	3598	GCA_946408575.1_CAMA-C-9.PacbioHiFiAssembly_genomic
AT1G36970	OX291627.1	88.247	485	54	3	1381	1864	18837920	18838402	4.39e-163	577	GCA_946408575.1_CAMA-C-9.PacbioHiFiAssembly_genomic
AT1G36970	OX291627.1	82.403	233	18	4	991	1201	18836821	18837052	4.02e-44	182	GCA_946408575.1_CAMA-C-9.PacbioHiFiAssembly_genomic
AT1G36970	OX291627.1	95.745	94	4	0	1383	1476	13845526	13845619	3.15e-35	152	GCA_946408575.1_CAMA-C-9.PacbioHiFiAssembly_genomic
AT1G36970	OX291627.1	95.745	94	4	0	1214	1307	13845695	13845788	3.15e-35	152	GCA_946408575.1_CAMA-C-9.PacbioHiFiAssembly_genomic
AT1G36970	OX291629.1	90.179	672	59	7	2	670	17740737	17741404	0	869	GCA_946408575.1_CAMA-C-9.PacbioHiFiAssembly_genomic
AT1G36970	OX291629.1	88.39	534	59	3	1381	1913	17742113	17742644	0	640	GCA_946408575.1_CAMA-C-9.PacbioHiFiAssembly_genomic
AT1G36970	OX291629.1	88.015	534	62	2	1381	1913	13470167	13469635	3.32e-179	630	GCA_946408575.1_CAMA-C-9.PacbioHiFiAssembly_genomic
AT1G36970	OX291629.1	87.454	542	61	7	1381	1919	13501677	13501140	2.58e-175	617	GCA_946408575.1_CAMA-C-9.PacbioHiFiAssembly_genomic
AT1G36970	OX291629.1	83.673	588	46	13	636	1201	13503097	13502538	1.62e-142	508	GCA_946408575.1_CAMA-C-9.PacbioHiFiAssembly_genomic
AT1G36970	OX291629.1	87.069	348	42	1	596	943	13470865	13470521	6.13e-107	390	GCA_946408575.1_CAMA-C-9.PacbioHiFiAssembly_genomic
AT1G36970	OX291629.1	91.954	87	6	1	1219	1305	17742120	17742205	8.89e-26	121	GCA_946408575.1_CAMA-C-9.PacbioHiFiAssembly_genomic
AT1G36970	OX291630.1	84.808	599	80	10	1	593	2950662	2951255	1.57e-167	592	GCA_946408575.1_CAMA-C-9.PacbioHiFiAssembly_genomic
AT1G36970	OX291630.1	81.867	739	99	20	466	1201	2951264	2951970	5.64e-167	590	GCA_946408575.1_CAMA-C-9.PacbioHiFiAssembly_genomic
AT1G36970	OX291630.1	85.607	535	73	4	1381	1913	2952837	2953369	1.59e-157	558	GCA_946408575.1_CAMA-C-9.PacbioHiFiAssembly_genomic
AT1G36970	OX291628.1	86.162	542	68	7	1381	1919	3528552	3528015	1.22e-163	579	GCA_946408575.1_CAMA-C-9.PacbioHiFiAssembly_genomic
AT1G36970	OX291628.1	83.089	615	86	16	2	608	3530647	3530043	4.45e-153	544	GCA_946408575.1_CAMA-C-9.PacbioHiFiAssembly_genomic
AT1G36970	OX291628.1	80.455	440	53	12	715	1148	3529905	3529493	2.29e-81	305	GCA_946408575.1_CAMA-C-9.PacbioHiFiAssembly_genomic
AT1G36970	OX291628.1	93.023	86	6	0	1116	1201	3529504	3529419	1.91e-27	126	GCA_946408575.1_CAMA-C-9.PacbioHiFiAssembly_genomic
AT3G31560	OX291629.1	97.037	270	8	0	3	272	13502751	13503020	4.75e-127	455	GCA_946408575.1_CAMA-C-9.PacbioHiFiAssembly_genomic
AT3G31560	OX291629.1	96.087	230	9	0	43	272	13470519	13470748	3.81e-103	375	GCA_946408575.1_CAMA-C-9.PacbioHiFiAssembly_genomic
AT3G31560	OX291629.1	96.257	187	7	0	271	457	13470845	13471031	1.41e-82	307	GCA_946408575.1_CAMA-C-9.PacbioHiFiAssembly_genomic
AT3G31560	OX291629.1	95.722	187	8	0	271	457	13503335	13503521	6.55e-81	302	GCA_946408575.1_CAMA-C-9.PacbioHiFiAssembly_genomic
AT3G31560	OX291629.1	96.454	141	5	0	132	272	13503098	13503238	2.42e-60	233	GCA_946408575.1_CAMA-C-9.PacbioHiFiAssembly_genomic
AT3G31560	OX291628.1	87.879	297	30	2	3	296	3529632	3529925	1.07e-93	344	GCA_946408575.1_CAMA-C-9.PacbioHiFiAssembly_genomic
AT3G31560	OX291628.1	95.062	162	7	1	296	457	12684581	12684741	1.86e-66	254	GCA_946408575.1_CAMA-C-9.PacbioHiFiAssembly_genomic
AT3G31560	OX291630.1	89.259	270	28	1	3	272	2951778	2951510	1.8e-91	337	GCA_946408575.1_CAMA-C-9.PacbioHiFiAssembly_genomic
AT3G31560	OX291627.1	88.75	240	27	0	33	272	13845267	13845028	1.1e-78	294	GCA_946408575.1_CAMA-C-9.PacbioHiFiAssembly_genomic
AT3G31560	OX291627.1	84.81	158	23	1	301	457	21843219	21843062	1.5e-37	158	GCA_946408575.1_CAMA-C-9.PacbioHiFiAssembly_genomic
AT4G05555	OX291630.1	98.583	2823	21	2	1	2823	2949121	2951924	0	4974	GCA_946408575.1_CAMA-C-9.PacbioHiFiAssembly_genomic
AT4G05555	OX291630.1	88.321	137	16	0	2168	2304	2951134	2951270	5.82e-39	165	GCA_946408575.1_CAMA-C-9.PacbioHiFiAssembly_genomic
AT4G05555	OX291630.1	86.184	152	18	2	2032	2183	2951268	2951416	7.52e-38	161	GCA_946408575.1_CAMA-C-9.PacbioHiFiAssembly_genomic
AT4G05555	OX291629.1	90.285	1369	127	6	1	1366	17739224	17740589	0	1786	GCA_946408575.1_CAMA-C-9.PacbioHiFiAssembly_genomic
AT4G05555	OX291629.1	89.034	766	80	3	1405	2169	17740580	17741342	0	946	GCA_946408575.1_CAMA-C-9.PacbioHiFiAssembly_genomic
AT4G05555	OX291629.1	90.123	486	47	1	2332	2816	13503097	13502612	4.77e-179	630	GCA_946408575.1_CAMA-C-9.PacbioHiFiAssembly_genomic
AT4G05555	OX291629.1	88.012	342	38	3	2287	2626	13470870	13470530	4.07e-110	401	GCA_946408575.1_CAMA-C-9.PacbioHiFiAssembly_genomic
AT4G05555	OX291629.1	100	41	0	0	2782	2822	13502625	13502585	2.8e-12	76.8	GCA_946408575.1_CAMA-C-9.PacbioHiFiAssembly_genomic
AT4G05555	OX291628.1	92.295	1246	69	9	1066	2310	3531121	3529902	0	1744	GCA_946408575.1_CAMA-C-9.PacbioHiFiAssembly_genomic
AT4G05555	OX291628.1	92.416	567	39	4	1	565	3531677	3531113	0	806	GCA_946408575.1_CAMA-C-9.PacbioHiFiAssembly_genomic
AT4G05555	OX291628.1	93.462	413	23	2	2408	2816	3529905	3529493	6.22e-173	610	GCA_946408575.1_CAMA-C-9.PacbioHiFiAssembly_genomic
AT4G05555	OX291628.1	88.406	138	16	0	2032	2169	3530045	3529908	1.62e-39	167	GCA_946408575.1_CAMA-C-9.PacbioHiFiAssembly_genomic
AT4G05555	OX291628.1	100	39	0	0	2784	2822	3529504	3529466	3.63e-11	73.1	GCA_946408575.1_CAMA-C-9.PacbioHiFiAssembly_genomic
AT4G05555	OX291631.1	87.088	1092	133	8	92	1179	12194598	12195685	0	1229	GCA_946408575.1_CAMA-C-9.PacbioHiFiAssembly_genomic
AT4G05555	OX291627.1	90.503	874	77	5	496	1366	18835922	18836792	0	1149	GCA_946408575.1_CAMA-C-9.PacbioHiFiAssembly_genomic
AT4G05555	OX291627.1	84.078	716	97	14	1446	2154	13844200	13844905	0	675	GCA_946408575.1_CAMA-C-9.PacbioHiFiAssembly_genomic
AT4G05555	OX291627.1	81.503	692	87	23	2163	2819	13844778	13845463	4.98e-149	531	GCA_946408575.1_CAMA-C-9.PacbioHiFiAssembly_genomic
AT4G05555	OX291627.1	91.772	158	13	0	2659	2816	18836821	18836978	1.22e-55	220	GCA_946408575.1_CAMA-C-9.PacbioHiFiAssembly_genomic
AT4G05555	OX291627.1	100	41	0	0	2782	2822	18836965	18837005	2.8e-12	76.8	GCA_946408575.1_CAMA-C-9.PacbioHiFiAssembly_genomic
AT1G36970	OX291649.1	99.797	1972	4	0	1	1972	13793388	13795359	0	3620	GCA_946408975.1_BELC-C-12.PacbioHiFiAssembly_genomic
AT1G36970	OX291649.1	95.745	94	4	0	1383	1476	13794601	13794694	3.16e-35	152	GCA_946408975.1_BELC-C-12.PacbioHiFiAssembly_genomic
AT1G36970	OX291649.1	95.745	94	4	0	1214	1307	13794770	13794863	3.16e-35	152	GCA_946408975.1_BELC-C-12.PacbioHiFiAssembly_genomic
AT1G36970	OX291651.1	89.911	674	57	8	4	670	17079119	17079788	0	857	GCA_946408975.1_BELC-C-12.PacbioHiFiAssembly_genomic
AT1G36970	OX291651.1	88.805	527	56	3	1388	1913	17080561	17081085	0	643	GCA_946408975.1_BELC-C-12.PacbioHiFiAssembly_genomic
AT1G36970	OX291651.1	91.954	87	6	1	1219	1305	17080561	17080646	8.92e-26	121	GCA_946408975.1_BELC-C-12.PacbioHiFiAssembly_genomic
AT1G36970	OX291652.1	81.843	738	101	19	466	1201	3661211	3661917	5.66e-167	590	GCA_946408975.1_BELC-C-12.PacbioHiFiAssembly_genomic
AT1G36970	OX291652.1	85.15	532	77	2	1383	1913	3662786	3663316	4.47e-153	544	GCA_946408975.1_BELC-C-12.PacbioHiFiAssembly_genomic
AT1G36970	OX291650.1	83.062	614	88	14	2	608	3353309	3352705	4.47e-153	544	GCA_946408975.1_BELC-C-12.PacbioHiFiAssembly_genomic
AT1G36970	OX291650.1	80.272	441	53	13	715	1148	3352567	3352154	2.97e-80	302	GCA_946408975.1_BELC-C-12.PacbioHiFiAssembly_genomic
AT1G36970	OX291650.1	93.023	86	6	0	1116	1201	3352165	3352080	1.92e-27	126	GCA_946408975.1_BELC-C-12.PacbioHiFiAssembly_genomic
AT3G31560	OX291650.1	87.248	298	31	3	3	296	3352293	3352587	2.33e-90	333	GCA_946408975.1_BELC-C-12.PacbioHiFiAssembly_genomic
AT3G31560	OX291650.1	95.062	162	7	1	296	457	13811630	13811790	1.87e-66	254	GCA_946408975.1_BELC-C-12.PacbioHiFiAssembly_genomic
AT3G31560	OX291652.1	88.889	270	29	1	3	272	3661725	3661457	8.39e-90	331	GCA_946408975.1_BELC-C-12.PacbioHiFiAssembly_genomic
AT3G31560	OX291649.1	88.75	240	27	0	33	272	13794342	13794103	1.1e-78	294	GCA_946408975.1_BELC-C-12.PacbioHiFiAssembly_genomic
AT3G31560	OX291649.1	84.81	158	23	1	301	457	20273438	20273281	1.51e-37	158	GCA_946408975.1_BELC-C-12.PacbioHiFiAssembly_genomic
AT4G05555	OX291652.1	97.698	2824	46	2	1	2823	3659066	3661871	0	4837	GCA_946408975.1_BELC-C-12.PacbioHiFiAssembly_genomic
AT4G05555	OX291652.1	89.13	138	15	0	2032	2169	3661215	3661352	3.49e-41	172	GCA_946408975.1_BELC-C-12.PacbioHiFiAssembly_genomic
AT4G05555	OX291652.1	87.681	138	17	0	2167	2304	3661080	3661217	7.56e-38	161	GCA_946408975.1_BELC-C-12.PacbioHiFiAssembly_genomic
AT4G05555	OX291650.1	92.536	1246	67	9	1066	2310	3353784	3352564	0	1762	GCA_946408975.1_BELC-C-12.PacbioHiFiAssembly_genomic
AT4G05555	OX291650.1	93.298	567	34	4	1	565	3354340	3353776	0	833	GCA_946408975.1_BELC-C-12.PacbioHiFiAssembly_genomic
AT4G05555	OX291650.1	93.237	414	23	3	2408	2816	3352567	3352154	2.9e-171	604	GCA_946408975.1_BELC-C-12.PacbioHiFiAssembly_genomic
AT4G05555	OX291650.1	88.406	138	16	0	2032	2169	3352707	3352570	1.62e-39	167	GCA_946408975.1_BELC-C-12.PacbioHiFiAssembly_genomic
AT4G05555	OX291650.1	100	39	0	0	2784	2822	3352165	3352127	3.64e-11	73.1	GCA_946408975.1_BELC-C-12.PacbioHiFiAssembly_genomic
AT4G05555	OX291651.1	90.67	1104	98	5	265	1366	17077869	17078969	0	1463	GCA_946408975.1_BELC-C-12.PacbioHiFiAssembly_genomic
AT4G05555	OX291651.1	88.312	770	82	5	1405	2169	17078960	17079726	0	917	GCA_946408975.1_BELC-C-12.PacbioHiFiAssembly_genomic
AT4G05555	OX291651.1	88.018	217	25	1	1	216	17077648	17077864	3.37e-66	255	GCA_946408975.1_BELC-C-12.PacbioHiFiAssembly_genomic
AT4G05555	OX291651.1	89.163	203	22	0	2164	2366	17079586	17079788	1.21e-65	254	GCA_946408975.1_BELC-C-12.PacbioHiFiAssembly_genomic
AT4G05555	OX291653.1	87.088	1092	133	8	92	1179	12595102	12596189	0	1229	GCA_946408975.1_BELC-C-12.PacbioHiFiAssembly_genomic
AT4G05555	OX291649.1	84.327	721	100	11	1439	2154	13793268	13793980	0	693	GCA_946408975.1_BELC-C-12.PacbioHiFiAssembly_genomic
AT4G05555	OX291649.1	81.331	691	88	23	2164	2819	13793854	13794538	8.37e-147	523	GCA_946408975.1_BELC-C-12.PacbioHiFiAssembly_genomic
AT1G36970	OX291655.1	99.493	1972	10	0	1	1972	13942764	13944735	0	3587	GCA_946409395.1_BROU-A-10.PacbioHiFiAssembly_genomic
AT1G36970	OX291655.1	86.57	484	62	3	1387	1869	17512092	17511611	3.42e-149	531	GCA_946409395.1_BROU-A-10.PacbioHiFiAssembly_genomic
AT1G36970	OX291655.1	89.308	159	15	2	991	1148	17513197	17513040	3.94e-49	198	GCA_946409395.1_BROU-A-10.PacbioHiFiAssembly_genomic
AT1G36970	OX291655.1	95.745	94	4	0	1383	1476	13943977	13944070	3.11e-35	152	GCA_946409395.1_BROU-A-10.PacbioHiFiAssembly_genomic
AT1G36970	OX291655.1	95.745	94	4	0	1214	1307	13944146	13944239	3.11e-35	152	GCA_946409395.1_BROU-A-10.PacbioHiFiAssembly_genomic
AT1G36970	OX291656.1	89.941	676	57	8	2	670	17310467	17311138	0	861	GCA_946409395.1_BROU-A-10.PacbioHiFiAssembly_genomic
AT1G36970	OX291656.1	87.778	540	63	3	1381	1919	13165577	13165040	1.18e-178	628	GCA_946409395.1_BROU-A-10.PacbioHiFiAssembly_genomic
AT1G36970	OX291656.1	88.235	527	59	3	1388	1913	17311909	17312433	4.24e-178	627	GCA_946409395.1_BROU-A-10.PacbioHiFiAssembly_genomic
AT1G36970	OX291656.1	87.885	487	57	2	1381	1866	13183833	13183348	2.02e-161	571	GCA_946409395.1_BROU-A-10.PacbioHiFiAssembly_genomic
AT1G36970	OX291656.1	85.172	553	54	9	596	1148	13185290	13184766	1.58e-152	542	GCA_946409395.1_BROU-A-10.PacbioHiFiAssembly_genomic
AT1G36970	OX291656.1	84.296	554	57	20	596	1148	13167034	13166510	3.45e-144	514	GCA_946409395.1_BROU-A-10.PacbioHiFiAssembly_genomic
AT1G36970	OX291656.1	96.629	89	3	0	1113	1201	13166524	13166436	4.03e-34	148	GCA_946409395.1_BROU-A-10.PacbioHiFiAssembly_genomic
AT1G36970	OX291656.1	96.629	89	3	0	1113	1201	13184780	13184692	4.03e-34	148	GCA_946409395.1_BROU-A-10.PacbioHiFiAssembly_genomic
AT1G36970	OX291656.1	91.954	87	6	1	1219	1305	17311909	17311994	8.78e-26	121	GCA_946409395.1_BROU-A-10.PacbioHiFiAssembly_genomic
AT1G36970	OX291657.1	84.975	599	79	9	1	593	2944878	2945471	3.33e-169	597	GCA_946409395.1_BROU-A-10.PacbioHiFiAssembly_genomic
AT1G36970	OX291657.1	81.732	739	100	20	466	1201	2945480	2946186	2.59e-165	584	GCA_946409395.1_BROU-A-10.PacbioHiFiAssembly_genomic
AT1G36970	OX291657.1	85.421	535	74	4	1381	1913	2947053	2947585	7.3e-156	553	GCA_946409395.1_BROU-A-10.PacbioHiFiAssembly_genomic
AT1G36970	OX291659.1	86.347	542	67	7	1381	1919	4287226	4286689	2.59e-165	584	GCA_946409395.1_BROU-A-10.PacbioHiFiAssembly_genomic
AT1G36970	OX291659.1	83.483	557	76	14	59	608	4289259	4288712	2.07e-141	505	GCA_946409395.1_BROU-A-10.PacbioHiFiAssembly_genomic
AT1G36970	OX291659.1	80.682	440	52	12	715	1148	4288574	4288162	4.85e-83	311	GCA_946409395.1_BROU-A-10.PacbioHiFiAssembly_genomic
AT1G36970	OX291659.1	93.023	86	6	0	1116	1201	4288173	4288088	1.89e-27	126	GCA_946409395.1_BROU-A-10.PacbioHiFiAssembly_genomic
AT3G31560	OX291656.1	96.296	270	9	1	3	272	13184905	13185173	3.66e-123	442	GCA_946409395.1_BROU-A-10.PacbioHiFiAssembly_genomic
AT3G31560	OX291656.1	95.556	270	11	1	3	272	13166649	13166917	7.91e-120	431	GCA_946409395.1_BROU-A-10.PacbioHiFiAssembly_genomic
AT3G31560	OX291656.1	97.326	187	5	0	271	457	13167014	13167200	6.43e-86	318	GCA_946409395.1_BROU-A-10.PacbioHiFiAssembly_genomic
AT3G31560	OX291656.1	96.791	187	6	0	271	457	13185270	13185456	2.99e-84	313	GCA_946409395.1_BROU-A-10.PacbioHiFiAssembly_genomic
AT3G31560	OX291659.1	87.879	297	30	2	3	296	4288301	4288594	1.06e-93	344	GCA_946409395.1_BROU-A-10.PacbioHiFiAssembly_genomic
AT3G31560	OX291659.1	95.062	162	7	1	296	457	14065224	14065384	1.84e-66	254	GCA_946409395.1_BROU-A-10.PacbioHiFiAssembly_genomic
AT3G31560	OX291657.1	89.259	270	28	1	3	272	2945994	2945726	1.77e-91	337	GCA_946409395.1_BROU-A-10.PacbioHiFiAssembly_genomic
AT3G31560	OX291655.1	89.167	240	26	0	33	272	13943718	13943479	2.33e-80	300	GCA_946409395.1_BROU-A-10.PacbioHiFiAssembly_genomic
AT4G05555	OX291657.1	99.114	2823	7	1	1	2823	2943336	2946140	0	5059	GCA_946409395.1_BROU-A-10.PacbioHiFiAssembly_genomic
AT4G05555	OX291657.1	88.406	138	16	0	2167	2304	2945349	2945486	1.6e-39	167	GCA_946409395.1_BROU-A-10.PacbioHiFiAssembly_genomic
AT4G05555	OX291657.1	88.406	138	16	0	2032	2169	2945484	2945621	1.6e-39	167	GCA_946409395.1_BROU-A-10.PacbioHiFiAssembly_genomic
AT4G05555	OX291655.1	90.645	1411	121	9	1	1407	17536129	17534726	0	1864	GCA_946409395.1_BROU-A-10.PacbioHiFiAssembly_genomic
AT4G05555	OX291655.1	90.705	667	56	6	1507	2169	17514106	17513442	0	883	GCA_946409395.1_BROU-A-10.PacbioHiFiAssembly_genomic
AT4G05555	OX291655.1	83.956	723	99	14	1439	2154	13942644	13943356	0	676	GCA_946409395.1_BROU-A-10.PacbioHiFiAssembly_genomic
AT4G05555	OX291655.1	81.358	692	88	23	2163	2819	13943229	13943914	2.29e-147	525	GCA_946409395.1_BROU-A-10.PacbioHiFiAssembly_genomic
AT4G05555	OX291655.1	89.877	405	30	7	2413	2816	17513434	17513040	6.41e-143	510	GCA_946409395.1_BROU-A-10.PacbioHiFiAssembly_genomic
AT4G05555	OX291656.1	90.67	1104	98	5	265	1366	17309219	17310319	0	1463	GCA_946409395.1_BROU-A-10.PacbioHiFiAssembly_genomic
AT4G05555	OX291656.1	88.182	770	83	5	1405	2169	17310310	17311076	0	911	GCA_946409395.1_BROU-A-10.PacbioHiFiAssembly_genomic
AT4G05555	OX291656.1	89.869	533	48	6	2287	2816	13185295	13184766	0	680	GCA_946409395.1_BROU-A-10.PacbioHiFiAssembly_genomic
AT4G05555	OX291656.1	88.91	532	55	4	2287	2816	13167039	13166510	0	652	GCA_946409395.1_BROU-A-10.PacbioHiFiAssembly_genomic
AT4G05555	OX291656.1	89.163	203	22	0	2164	2366	17310936	17311138	1.19e-65	254	GCA_946409395.1_BROU-A-10.PacbioHiFiAssembly_genomic
AT4G05555	OX291656.1	87.558	217	26	1	1	216	17308998	17309214	1.54e-64	250	GCA_946409395.1_BROU-A-10.PacbioHiFiAssembly_genomic
AT4G05555	OX291656.1	97.561	41	1	0	2782	2822	13166523	13166483	1.29e-10	71.3	GCA_946409395.1_BROU-A-10.PacbioHiFiAssembly_genomic
AT4G05555	OX291656.1	97.561	41	1	0	2782	2822	13184779	13184739	1.29e-10	71.3	GCA_946409395.1_BROU-A-10.PacbioHiFiAssembly_genomic
AT4G05555	OX291658.1	87.088	1092	133	8	92	1179	12587751	12588838	0	1229	GCA_946409395.1_BROU-A-10.PacbioHiFiAssembly_genomic
AT4G05555	OX291659.1	93.497	692	42	2	1619	2310	4289259	4288571	0	1026	GCA_946409395.1_BROU-A-10.PacbioHiFiAssembly_genomic
AT4G05555	OX291659.1	93.705	413	22	2	2408	2816	4288574	4288162	1.32e-174	616	GCA_946409395.1_BROU-A-10.PacbioHiFiAssembly_genomic
AT4G05555	OX291659.1	88.406	138	16	0	2032	2169	4288714	4288577	1.6e-39	167	GCA_946409395.1_BROU-A-10.PacbioHiFiAssembly_genomic
AT4G05555	OX291659.1	100	39	0	0	2784	2822	4288173	4288135	3.58e-11	73.1	GCA_946409395.1_BROU-A-10.PacbioHiFiAssembly_genomic
AT1G36970	OX291671.1	99.645	1972	7	0	1	1972	14142243	14144214	0	3603	GCA_946409815.1_SALE-A-17.PacbioHiFiAssembly_genomic
AT1G36970	OX291671.1	87.835	485	56	3	1381	1864	19777586	19778068	9.49e-160	566	GCA_946409815.1_SALE-A-17.PacbioHiFiAssembly_genomic
AT1G36970	OX291671.1	82.403	233	18	4	991	1201	19776487	19776718	4.02e-44	182	GCA_946409815.1_SALE-A-17.PacbioHiFiAssembly_genomic
AT1G36970	OX291671.1	95.745	94	4	0	1383	1476	14143456	14143549	3.15e-35	152	GCA_946409815.1_SALE-A-17.PacbioHiFiAssembly_genomic
AT1G36970	OX291671.1	95.745	94	4	0	1214	1307	14143625	14143718	3.15e-35	152	GCA_946409815.1_SALE-A-17.PacbioHiFiAssembly_genomic
AT1G36970	OX291673.1	90.074	675	55	9	2	670	18185830	18186498	0	865	GCA_946409815.1_SALE-A-17.PacbioHiFiAssembly_genomic
AT1G36970	OX291673.1	88.202	534	60	3	1381	1913	18187207	18187738	2.56e-180	634	GCA_946409815.1_SALE-A-17.PacbioHiFiAssembly_genomic
AT1G36970	OX291673.1	85.185	513	49	7	636	1148	13063521	13063036	2.71e-140	501	GCA_946409815.1_SALE-A-17.PacbioHiFiAssembly_genomic
AT1G36970	OX291673.1	88.647	414	42	2	1381	1794	13062103	13061695	9.76e-140	499	GCA_946409815.1_SALE-A-17.PacbioHiFiAssembly_genomic
AT1G36970	OX291673.1	88.803	259	26	1	596	854	13063779	13063524	3.8e-84	315	GCA_946409815.1_SALE-A-17.PacbioHiFiAssembly_genomic
AT1G36970	OX291673.1	95.506	89	4	0	1113	1201	13063050	13062962	1.9e-32	143	GCA_946409815.1_SALE-A-17.PacbioHiFiAssembly_genomic
AT1G36970	OX291674.1	84.975	599	79	9	1	593	3005243	3005836	3.37e-169	597	GCA_946409815.1_SALE-A-17.PacbioHiFiAssembly_genomic
AT1G36970	OX291674.1	81.732	739	100	20	466	1201	3005845	3006551	2.62e-165	584	GCA_946409815.1_SALE-A-17.PacbioHiFiAssembly_genomic
AT1G36970	OX291674.1	85.234	535	75	4	1381	1913	3007418	3007950	3.44e-154	547	GCA_946409815.1_SALE-A-17.PacbioHiFiAssembly_genomic
AT1G36970	OX291672.1	86.531	542	66	7	1381	1919	3721371	3720834	5.63e-167	590	GCA_946409815.1_SALE-A-17.PacbioHiFiAssembly_genomic
AT1G36970	OX291672.1	83.089	615	86	16	2	608	3723448	3722844	4.45e-153	544	GCA_946409815.1_SALE-A-17.PacbioHiFiAssembly_genomic
AT1G36970	OX291672.1	81.377	494	58	13	715	1201	3722706	3722240	2.22e-101	372	GCA_946409815.1_SALE-A-17.PacbioHiFiAssembly_genomic
AT3G31560	OX291673.1	96.296	270	10	0	3	272	13063175	13063444	1.03e-123	444	GCA_946409815.1_SALE-A-17.PacbioHiFiAssembly_genomic
AT3G31560	OX291673.1	97.326	187	5	0	271	457	13063759	13063945	6.5e-86	318	GCA_946409815.1_SALE-A-17.PacbioHiFiAssembly_genomic
AT3G31560	OX291673.1	97.872	141	3	0	132	272	13063522	13063662	1.12e-63	244	GCA_946409815.1_SALE-A-17.PacbioHiFiAssembly_genomic
AT3G31560	OX291672.1	87.205	297	32	2	3	296	3722433	3722726	2.32e-90	333	GCA_946409815.1_SALE-A-17.PacbioHiFiAssembly_genomic
AT3G31560	OX291672.1	93.293	164	8	2	296	457	13013186	13013348	5.21e-62	239	GCA_946409815.1_SALE-A-17.PacbioHiFiAssembly_genomic
AT3G31560	OX291674.1	88.889	270	29	1	3	272	3006359	3006091	8.35e-90	331	GCA_946409815.1_SALE-A-17.PacbioHiFiAssembly_genomic
AT3G31560	OX291671.1	88.75	240	27	0	33	272	14143197	14142958	1.1e-78	294	GCA_946409815.1_SALE-A-17.PacbioHiFiAssembly_genomic
AT4G05555	OX291674.1	98.796	2824	15	2	1	2823	3003700	3006505	0	5009	GCA_946409815.1_SALE-A-17.PacbioHiFiAssembly_genomic
AT4G05555	OX291674.1	88.406	138	16	0	2167	2304	3005714	3005851	1.62e-39	167	GCA_946409815.1_SALE-A-17.PacbioHiFiAssembly_genomic
AT4G05555	OX291674.1	86.184	152	18	2	2032	2183	3005849	3005997	7.52e-38	161	GCA_946409815.1_SALE-A-17.PacbioHiFiAssembly_genomic
AT4G05555	OX291673.1	89.92	1369	132	6	1	1366	18184317	18185682	0	1759	GCA_946409815.1_SALE-A-17.PacbioHiFiAssembly_genomic
AT4G05555	OX291673.1	88.802	768	79	5	1405	2169	18185673	18186436	0	935	GCA_946409815.1_SALE-A-17.PacbioHiFiAssembly_genomic
AT4G05555	OX291673.1	90.554	487	43	3	2332	2816	13063521	13063036	0	641	GCA_946409815.1_SALE-A-17.PacbioHiFiAssembly_genomic
AT4G05555	OX291673.1	100	41	0	0	2782	2822	13063049	13063009	2.8e-12	76.8	GCA_946409815.1_SALE-A-17.PacbioHiFiAssembly_genomic
AT4G05555	OX291672.1	92.135	1246	70	11	1066	2310	3723921	3722703	0	1733	GCA_946409815.1_SALE-A-17.PacbioHiFiAssembly_genomic
AT4G05555	OX291672.1	92.593	567	38	4	1	565	3724477	3723913	0	811	GCA_946409815.1_SALE-A-17.PacbioHiFiAssembly_genomic
AT4G05555	OX291672.1	93.795	419	22	2	2408	2822	3722706	3722288	6.17e-178	627	GCA_946409815.1_SALE-A-17.PacbioHiFiAssembly_genomic
AT4G05555	OX291672.1	88.406	138	16	0	2032	2169	3722846	3722709	1.62e-39	167	GCA_946409815.1_SALE-A-17.PacbioHiFiAssembly_genomic
AT4G05555	OX291671.1	89.22	1039	87	15	1135	2169	19775234	19776251	0	1275	GCA_946409815.1_SALE-A-17.PacbioHiFiAssembly_genomic
AT4G05555	OX291671.1	89.956	906	81	9	496	1398	19774330	19775228	0	1160	GCA_946409815.1_SALE-A-17.PacbioHiFiAssembly_genomic
AT4G05555	OX291671.1	84.232	723	97	14	1439	2154	14142123	14142835	0	688	GCA_946409815.1_SALE-A-17.PacbioHiFiAssembly_genomic
AT4G05555	OX291671.1	80.987	689	96	19	2163	2819	14142708	14143393	5.01e-144	514	GCA_946409815.1_SALE-A-17.PacbioHiFiAssembly_genomic
AT4G05555	OX291671.1	86.667	405	32	13	2414	2816	19776260	19776644	1.87e-118	429	GCA_946409815.1_SALE-A-17.PacbioHiFiAssembly_genomic
AT4G05555	OX291671.1	100	41	0	0	2782	2822	19776631	19776671	2.8e-12	76.8	GCA_946409815.1_SALE-A-17.PacbioHiFiAssembly_genomic
AT4G05555	OX291675.1	87.088	1092	133	8	92	1179	12446447	12447534	0	1229	GCA_946409815.1_SALE-A-17.PacbioHiFiAssembly_genomic
AT1G36970	OX291677.1	99.645	1972	7	0	1	1972	14230459	14232430	0	3603	GCA_946410165.1_BARC-A-12.PacbioHiFiAssembly_genomic
AT1G36970	OX291677.1	95.745	94	4	0	1383	1476	14231672	14231765	3.18e-35	152	GCA_946410165.1_BARC-A-12.PacbioHiFiAssembly_genomic
AT1G36970	OX291677.1	95.745	94	4	0	1214	1307	14231841	14231934	3.18e-35	152	GCA_946410165.1_BARC-A-12.PacbioHiFiAssembly_genomic
AT1G36970	OX291679.1	90.074	675	55	9	2	670	16623407	16624075	0	865	GCA_946410165.1_BARC-A-12.PacbioHiFiAssembly_genomic
AT1G36970	OX291679.1	88.202	534	60	3	1381	1913	16624784	16625315	2.59e-180	634	GCA_946410165.1_BARC-A-12.PacbioHiFiAssembly_genomic
AT1G36970	OX291679.1	85.185	513	49	7	636	1148	13103142	13102657	2.74e-140	501	GCA_946410165.1_BARC-A-12.PacbioHiFiAssembly_genomic
AT1G36970	OX291679.1	88.647	414	42	2	1381	1794	13101724	13101316	9.87e-140	499	GCA_946410165.1_BARC-A-12.PacbioHiFiAssembly_genomic
AT1G36970	OX291679.1	88.803	259	26	1	596	854	13103400	13103145	3.84e-84	315	GCA_946410165.1_BARC-A-12.PacbioHiFiAssembly_genomic
AT1G36970	OX291679.1	95.506	89	4	0	1113	1201	13102671	13102583	1.92e-32	143	GCA_946410165.1_BARC-A-12.PacbioHiFiAssembly_genomic
AT1G36970	OX291680.1	81.978	738	100	19	466	1201	3109949	3110655	1.22e-168	595	GCA_946410165.1_BARC-A-12.PacbioHiFiAssembly_genomic
AT1G36970	OX291680.1	84.991	533	76	4	1383	1913	3111524	3112054	2.09e-151	538	GCA_946410165.1_BARC-A-12.PacbioHiFiAssembly_genomic
AT3G31560	OX291679.1	96.296	270	10	0	3	272	13102796	13103065	1.04e-123	444	GCA_946410165.1_BARC-A-12.PacbioHiFiAssembly_genomic
AT3G31560	OX291679.1	97.326	187	5	0	271	457	13103380	13103566	6.57e-86	318	GCA_946410165.1_BARC-A-12.PacbioHiFiAssembly_genomic
AT3G31560	OX291679.1	97.872	141	3	0	132	272	13103143	13103283	1.13e-63	244	GCA_946410165.1_BARC-A-12.PacbioHiFiAssembly_genomic
AT3G31560	OX291680.1	89.259	270	28	1	3	272	3110463	3110195	1.81e-91	337	GCA_946410165.1_BARC-A-12.PacbioHiFiAssembly_genomic
AT3G31560	OX291677.1	89.167	240	26	0	33	272	14231413	14231174	2.38e-80	300	GCA_946410165.1_BARC-A-12.PacbioHiFiAssembly_genomic
AT3G31560	OX291678.1	94.444	162	8	1	296	457	13085758	13085918	8.75e-65	248	GCA_946410165.1_BARC-A-12.PacbioHiFiAssembly_genomic
AT4G05555	OX291680.1	97.84	2824	42	2	1	2823	3107804	3110609	0	4859	GCA_946410165.1_BARC-A-12.PacbioHiFiAssembly_genomic
AT4G05555	OX291680.1	89.13	138	15	0	2032	2169	3109953	3110090	3.51e-41	172	GCA_946410165.1_BARC-A-12.PacbioHiFiAssembly_genomic
AT4G05555	OX291680.1	87.681	138	17	0	2167	2304	3109818	3109955	7.6e-38	161	GCA_946410165.1_BARC-A-12.PacbioHiFiAssembly_genomic
AT4G05555	OX291679.1	89.92	1369	132	6	1	1366	16621894	16623259	0	1759	GCA_946410165.1_BARC-A-12.PacbioHiFiAssembly_genomic
AT4G05555	OX291679.1	88.802	768	79	5	1405	2169	16623250	16624013	0	935	GCA_946410165.1_BARC-A-12.PacbioHiFiAssembly_genomic
AT4G05555	OX291679.1	90.554	487	43	3	2332	2816	13103142	13102657	0	641	GCA_946410165.1_BARC-A-12.PacbioHiFiAssembly_genomic
AT4G05555	OX291679.1	100	41	0	0	2782	2822	13102670	13102630	2.83e-12	76.8	GCA_946410165.1_BARC-A-12.PacbioHiFiAssembly_genomic
AT4G05555	OX291681.1	87.088	1092	133	8	92	1179	12394767	12395854	0	1229	GCA_946410165.1_BARC-A-12.PacbioHiFiAssembly_genomic
AT4G05555	OX291677.1	84.094	723	98	14	1439	2154	14230339	14231051	0	682	GCA_946410165.1_BARC-A-12.PacbioHiFiAssembly_genomic
AT4G05555	OX291677.1	81.567	689	92	19	2163	2819	14230924	14231609	1.08e-150	536	GCA_946410165.1_BARC-A-12.PacbioHiFiAssembly_genomic
AT1G36970	OX291682.1	98.834	1972	22	1	1	1972	14245528	14247498	0	3513	GCA_946410485.1_IP-Alo-19.PacbioHiFiAssembly_genomic
AT1G36970	OX291682.1	87.551	490	58	3	1381	1869	14811534	14812021	3.49e-159	564	GCA_946410485.1_IP-Alo-19.PacbioHiFiAssembly_genomic
AT1G36970	OX291682.1	89.103	156	15	2	991	1145	14810435	14810589	1.9e-47	193	GCA_946410485.1_IP-Alo-19.PacbioHiFiAssembly_genomic
AT1G36970	OX291682.1	95.745	94	4	0	1383	1476	14246741	14246834	3.22e-35	152	GCA_946410485.1_IP-Alo-19.PacbioHiFiAssembly_genomic
AT1G36970	OX291682.1	94.681	94	5	0	1214	1307	14246909	14247002	1.5e-33	147	GCA_946410485.1_IP-Alo-19.PacbioHiFiAssembly_genomic
AT1G36970	OX291684.1	89.645	676	59	8	2	670	18409947	18410618	0	850	GCA_946410485.1_IP-Alo-19.PacbioHiFiAssembly_genomic
AT1G36970	OX291684.1	88.007	542	60	5	1381	1919	13130498	13129959	0	636	GCA_946410485.1_IP-Alo-19.PacbioHiFiAssembly_genomic
AT1G36970	OX291684.1	83.163	588	49	13	636	1201	13131916	13131357	1.67e-137	492	GCA_946410485.1_IP-Alo-19.PacbioHiFiAssembly_genomic
AT1G36970	OX291684.1	88.417	259	27	1	596	854	13132174	13131919	1.8e-82	309	GCA_946410485.1_IP-Alo-19.PacbioHiFiAssembly_genomic
AT1G36970	OX291685.1	82.114	738	99	19	466	1201	3218477	3217771	2.66e-170	601	GCA_946410485.1_IP-Alo-19.PacbioHiFiAssembly_genomic
AT1G36970	OX291685.1	84.528	614	84	9	1	608	3219079	3218471	3.44e-169	597	GCA_946410485.1_IP-Alo-19.PacbioHiFiAssembly_genomic
AT1G36970	OX291685.1	84.486	535	79	4	1381	1913	3216904	3216372	1.65e-147	525	GCA_946410485.1_IP-Alo-19.PacbioHiFiAssembly_genomic
AT1G36970	OX291683.1	83.604	616	81	18	2	608	3568243	3567639	4.51e-158	560	GCA_946410485.1_IP-Alo-19.PacbioHiFiAssembly_genomic
AT1G36970	OX291683.1	89.031	392	41	2	1381	1771	3566146	3565756	2.79e-135	484	GCA_946410485.1_IP-Alo-19.PacbioHiFiAssembly_genomic
AT1G36970	OX291683.1	80.455	440	53	12	715	1148	3567501	3567089	2.33e-81	305	GCA_946410485.1_IP-Alo-19.PacbioHiFiAssembly_genomic
AT1G36970	OX291683.1	93.023	86	6	0	1116	1201	3567100	3567015	1.95e-27	126	GCA_946410485.1_IP-Alo-19.PacbioHiFiAssembly_genomic
AT3G31560	OX291684.1	95.926	270	11	0	3	272	13131570	13131839	4.89e-122	438	GCA_946410485.1_IP-Alo-19.PacbioHiFiAssembly_genomic
AT3G31560	OX291684.1	98.396	187	3	0	271	457	13132154	13132340	3.07e-89	329	GCA_946410485.1_IP-Alo-19.PacbioHiFiAssembly_genomic
AT3G31560	OX291684.1	96.454	141	5	0	132	272	13131917	13132057	2.48e-60	233	GCA_946410485.1_IP-Alo-19.PacbioHiFiAssembly_genomic
AT3G31560	OX291685.1	89.63	270	27	1	3	272	3217963	3218231	3.94e-93	342	GCA_946410485.1_IP-Alo-19.PacbioHiFiAssembly_genomic
AT3G31560	OX291683.1	87.542	297	31	2	3	296	3567228	3567521	5.1e-92	339	GCA_946410485.1_IP-Alo-19.PacbioHiFiAssembly_genomic
AT3G31560	OX291683.1	95.062	162	7	1	296	457	13915177	13915337	1.9e-66	254	GCA_946410485.1_IP-Alo-19.PacbioHiFiAssembly_genomic
AT3G31560	OX291682.1	89.212	241	24	2	33	272	14246482	14246243	2.41e-80	300	GCA_946410485.1_IP-Alo-19.PacbioHiFiAssembly_genomic
AT4G05555	OX291685.1	98.052	2823	37	1	1	2823	3220621	3217817	0	4892	GCA_946410485.1_IP-Alo-19.PacbioHiFiAssembly_genomic
AT4G05555	OX291685.1	87.5	152	16	2	2032	2183	3218473	3218325	3.55e-41	172	GCA_946410485.1_IP-Alo-19.PacbioHiFiAssembly_genomic
AT4G05555	OX291685.1	89.13	138	15	0	2167	2304	3218608	3218471	3.55e-41	172	GCA_946410485.1_IP-Alo-19.PacbioHiFiAssembly_genomic
AT4G05555	OX291682.1	90.581	1412	120	11	1	1407	14793465	14794868	0	1858	GCA_946410485.1_IP-Alo-19.PacbioHiFiAssembly_genomic
AT4G05555	OX291682.1	90.405	667	58	5	1507	2169	14809525	14810189	0	872	GCA_946410485.1_IP-Alo-19.PacbioHiFiAssembly_genomic
AT4G05555	OX291682.1	81.594	690	90	21	2163	2819	14245993	14246678	1.09e-150	536	GCA_946410485.1_IP-Alo-19.PacbioHiFiAssembly_genomic
AT4G05555	OX291682.1	89.552	402	32	6	2413	2813	14810197	14810589	3.99e-140	501	GCA_946410485.1_IP-Alo-19.PacbioHiFiAssembly_genomic
AT4G05555	OX291682.1	86.301	146	12	7	2167	2307	14810050	14810192	4.62e-35	152	GCA_946410485.1_IP-Alo-19.PacbioHiFiAssembly_genomic
AT4G05555	OX291682.1	100	29	0	0	2794	2822	14810591	14810619	1.34e-05	54.7	GCA_946410485.1_IP-Alo-19.PacbioHiFiAssembly_genomic
AT4G05555	OX291683.1	92.697	1246	65	7	1066	2310	3568718	3567498	0	1773	GCA_946410485.1_IP-Alo-19.PacbioHiFiAssembly_genomic
AT4G05555	OX291683.1	92.416	567	39	4	1	565	3569274	3568710	0	806	GCA_946410485.1_IP-Alo-19.PacbioHiFiAssembly_genomic
AT4G05555	OX291683.1	93.462	413	23	2	2408	2816	3567501	3567089	6.35e-173	610	GCA_946410485.1_IP-Alo-19.PacbioHiFiAssembly_genomic
AT4G05555	OX291683.1	89.13	138	15	0	2032	2169	3567641	3567504	3.55e-41	172	GCA_946410485.1_IP-Alo-19.PacbioHiFiAssembly_genomic
AT4G05555	OX291683.1	100	39	0	0	2784	2822	3567100	3567062	3.7e-11	73.1	GCA_946410485.1_IP-Alo-19.PacbioHiFiAssembly_genomic
AT4G05555	OX291684.1	90.308	1104	102	5	265	1366	18408699	18409799	0	1441	GCA_946410485.1_IP-Alo-19.PacbioHiFiAssembly_genomic
AT4G05555	OX291684.1	88.312	770	82	5	1405	2169	18409790	18410556	0	917	GCA_946410485.1_IP-Alo-19.PacbioHiFiAssembly_genomic
AT4G05555	OX291684.1	89.712	486	49	1	2332	2816	13131916	13131431	1.05e-175	619	GCA_946410485.1_IP-Alo-19.PacbioHiFiAssembly_genomic
AT4G05555	OX291684.1	88.973	263	29	0	2287	2549	13132179	13131917	2.57e-87	326	GCA_946410485.1_IP-Alo-19.PacbioHiFiAssembly_genomic
AT4G05555	OX291684.1	87.558	217	26	1	1	216	18408478	18408694	1.59e-64	250	GCA_946410485.1_IP-Alo-19.PacbioHiFiAssembly_genomic
AT4G05555	OX291684.1	88.67	203	23	0	2164	2366	18410416	18410618	5.73e-64	248	GCA_946410485.1_IP-Alo-19.PacbioHiFiAssembly_genomic
AT4G05555	OX291684.1	100	41	0	0	2782	2822	13131444	13131404	2.86e-12	76.8	GCA_946410485.1_IP-Alo-19.PacbioHiFiAssembly_genomic
AT4G05555	OX291686.1	87.271	1092	131	8	92	1179	13329161	13330248	0	1240	GCA_946410485.1_IP-Alo-19.PacbioHiFiAssembly_genomic
AT1G36970	OX291695.1	99.087	1972	18	0	1	1972	13884003	13885974	0	3542	GCA_946411375.1_IP-Cas-0.9831.PacbioHiFiAssembly_genomic
AT1G36970	OX291695.1	87.755	490	57	3	1381	1869	14477254	14477741	7.37e-161	569	GCA_946411375.1_IP-Cas-0.9831.PacbioHiFiAssembly_genomic
AT1G36970	OX291695.1	89.744	156	14	2	991	1145	14476155	14476309	4.01e-49	198	GCA_946411375.1_IP-Cas-0.9831.PacbioHiFiAssembly_genomic
AT1G36970	OX291695.1	95.745	94	4	0	1383	1476	13885216	13885309	3.16e-35	152	GCA_946411375.1_IP-Cas-0.9831.PacbioHiFiAssembly_genomic
AT1G36970	OX291695.1	95.745	94	4	0	1214	1307	13885385	13885478	3.16e-35	152	GCA_946411375.1_IP-Cas-0.9831.PacbioHiFiAssembly_genomic
AT1G36970	OX291697.1	90.179	672	57	8	2	670	19366326	19366991	0	867	GCA_946411375.1_IP-Cas-0.9831.PacbioHiFiAssembly_genomic
AT1G36970	OX291697.1	88.202	534	60	3	1381	1913	19367697	19368228	2.58e-180	634	GCA_946411375.1_IP-Cas-0.9831.PacbioHiFiAssembly_genomic
AT1G36970	OX291697.1	89.655	87	8	1	1219	1305	19367704	19367789	1.93e-22	110	GCA_946411375.1_IP-Cas-0.9831.PacbioHiFiAssembly_genomic
AT1G36970	OX291698.1	81.781	741	96	22	466	1201	3103291	3103997	2.63e-165	584	GCA_946411375.1_IP-Cas-0.9831.PacbioHiFiAssembly_genomic
AT1G36970	OX291698.1	85.019	534	76	4	1382	1913	3115999	3116530	5.78e-152	540	GCA_946411375.1_IP-Cas-0.9831.PacbioHiFiAssembly_genomic
AT3G31560	OX291698.1	88.519	270	30	1	3	272	3103805	3103537	3.9e-88	326	GCA_946411375.1_IP-Cas-0.9831.PacbioHiFiAssembly_genomic
AT3G31560	OX291695.1	89.167	240	26	0	33	272	13884957	13884718	2.37e-80	300	GCA_946411375.1_IP-Cas-0.9831.PacbioHiFiAssembly_genomic
AT3G31560	OX291696.1	95.062	162	7	1	296	457	14598754	14598914	1.87e-66	254	GCA_946411375.1_IP-Cas-0.9831.PacbioHiFiAssembly_genomic
AT4G05555	OX291698.1	97.733	2823	46	1	1	2823	3101147	3103951	0	4843	GCA_946411375.1_IP-Cas-0.9831.PacbioHiFiAssembly_genomic
AT4G05555	OX291698.1	89.13	138	15	0	2032	2169	3103295	3103432	3.49e-41	172	GCA_946411375.1_IP-Cas-0.9831.PacbioHiFiAssembly_genomic
AT4G05555	OX291698.1	88.406	138	16	0	2167	2304	3103160	3103297	1.62e-39	167	GCA_946411375.1_IP-Cas-0.9831.PacbioHiFiAssembly_genomic
AT4G05555	OX291695.1	91.006	1412	115	10	1	1407	14459139	14460543	0	1893	GCA_946411375.1_IP-Cas-0.9831.PacbioHiFiAssembly_genomic
AT4G05555	OX291695.1	90.255	667	59	5	1507	2169	14475245	14475909	0	867	GCA_946411375.1_IP-Cas-0.9831.PacbioHiFiAssembly_genomic
AT4G05555	OX291695.1	84.232	723	97	14	1439	2154	13883883	13884595	0	688	GCA_946411375.1_IP-Cas-0.9831.PacbioHiFiAssembly_genomic
AT4G05555	OX291695.1	81.567	689	92	19	2163	2819	13884468	13885153	1.07e-150	536	GCA_946411375.1_IP-Cas-0.9831.PacbioHiFiAssembly_genomic
AT4G05555	OX291695.1	90.074	403	28	8	2413	2813	14475917	14476309	1.81e-143	512	GCA_946411375.1_IP-Cas-0.9831.PacbioHiFiAssembly_genomic
AT4G05555	OX291695.1	86.301	146	12	7	2167	2307	14475770	14475912	4.54e-35	152	GCA_946411375.1_IP-Cas-0.9831.PacbioHiFiAssembly_genomic
AT4G05555	OX291695.1	100	29	0	0	2794	2822	14476311	14476339	1.32e-05	54.7	GCA_946411375.1_IP-Cas-0.9831.PacbioHiFiAssembly_genomic
AT4G05555	OX291697.1	89.847	1369	130	8	1	1366	19364816	19366178	0	1749	GCA_946411375.1_IP-Cas-0.9831.PacbioHiFiAssembly_genomic
AT4G05555	OX291697.1	89.034	766	78	4	1405	2169	19366169	19366929	0	944	GCA_946411375.1_IP-Cas-0.9831.PacbioHiFiAssembly_genomic
AT4G05555	OX291699.1	86.929	1094	132	10	92	1179	12122862	12123950	0	1218	GCA_946411375.1_IP-Cas-0.9831.PacbioHiFiAssembly_genomic
AT1G36970	OX291700.1	98.986	1972	20	0	1	1972	14025315	14027286	0	3531	GCA_946411425.1_IP-Hom-0.PacbioHiFiAssembly_genomic
AT1G36970	OX291700.1	87.551	490	58	3	1381	1869	14644419	14644906	3.57e-159	564	GCA_946411425.1_IP-Hom-0.PacbioHiFiAssembly_genomic
AT1G36970	OX291700.1	89.744	156	14	2	991	1145	14643320	14643474	4.17e-49	198	GCA_946411425.1_IP-Hom-0.PacbioHiFiAssembly_genomic
AT1G36970	OX291700.1	95.745	94	4	0	1383	1476	14026528	14026621	3.3e-35	152	GCA_946411425.1_IP-Hom-0.PacbioHiFiAssembly_genomic
AT1G36970	OX291700.1	95.745	94	4	0	1214	1307	14026697	14026790	3.3e-35	152	GCA_946411425.1_IP-Hom-0.PacbioHiFiAssembly_genomic
AT1G36970	OX291702.1	88.095	546	62	3	1381	1925	12952860	12952317	0	645	GCA_946411425.1_IP-Hom-0.PacbioHiFiAssembly_genomic
AT1G36970	OX291702.1	88.224	535	60	3	1381	1913	12913877	12913344	0	636	GCA_946411425.1_IP-Hom-0.PacbioHiFiAssembly_genomic
AT1G36970	OX291702.1	87.709	537	62	4	1386	1919	13337114	13336579	5.81e-177	623	GCA_946411425.1_IP-Hom-0.PacbioHiFiAssembly_genomic
AT1G36970	OX291702.1	86.496	548	57	6	1381	1913	19278031	19278576	7.62e-166	586	GCA_946411425.1_IP-Hom-0.PacbioHiFiAssembly_genomic
AT1G36970	OX291702.1	85.018	554	54	13	596	1148	12915334	12914809	7.79e-151	536	GCA_946411425.1_IP-Hom-0.PacbioHiFiAssembly_genomic
AT1G36970	OX291702.1	83.478	460	46	20	634	1092	12953702	12953272	2.96e-110	401	GCA_946411425.1_IP-Hom-0.PacbioHiFiAssembly_genomic
AT1G36970	OX291702.1	91.667	144	12	0	527	670	19277180	19277323	1.16e-49	200	GCA_946411425.1_IP-Hom-0.PacbioHiFiAssembly_genomic
AT1G36970	OX291702.1	95.506	89	4	0	1113	1201	12914823	12914735	1.98e-32	143	GCA_946411425.1_IP-Hom-0.PacbioHiFiAssembly_genomic
AT1G36970	OX291703.1	84.641	599	80	10	1	593	3597371	3597963	7.62e-166	586	GCA_946411425.1_IP-Hom-0.PacbioHiFiAssembly_genomic
AT1G36970	OX291703.1	81.732	739	98	21	466	1201	3597972	3598676	9.86e-165	582	GCA_946411425.1_IP-Hom-0.PacbioHiFiAssembly_genomic
AT1G36970	OX291703.1	85.047	535	76	4	1381	1913	3599542	3600074	1.67e-152	542	GCA_946411425.1_IP-Hom-0.PacbioHiFiAssembly_genomic
AT1G36970	OX291701.1	83.577	615	83	16	2	608	4375665	4375061	4.62e-158	560	GCA_946411425.1_IP-Hom-0.PacbioHiFiAssembly_genomic
AT1G36970	OX291701.1	89.059	393	39	4	1381	1771	4373568	4373178	2.86e-135	484	GCA_946411425.1_IP-Hom-0.PacbioHiFiAssembly_genomic
AT1G36970	OX291701.1	80.227	440	54	12	715	1148	4374923	4374511	1.11e-79	300	GCA_946411425.1_IP-Hom-0.PacbioHiFiAssembly_genomic
AT1G36970	OX291701.1	93.023	86	6	0	1116	1201	4374522	4374437	2e-27	126	GCA_946411425.1_IP-Hom-0.PacbioHiFiAssembly_genomic
AT3G31560	OX291702.1	95.926	270	10	1	3	272	12953355	12953623	1.8e-121	436	GCA_946411425.1_IP-Hom-0.PacbioHiFiAssembly_genomic
AT3G31560	OX291702.1	94.815	270	14	0	3	272	12914948	12915217	5.04e-117	422	GCA_946411425.1_IP-Hom-0.PacbioHiFiAssembly_genomic
AT3G31560	OX291702.1	97.326	187	5	0	271	457	12915314	12915500	6.8e-86	318	GCA_946411425.1_IP-Hom-0.PacbioHiFiAssembly_genomic
AT3G31560	OX291702.1	97.326	187	5	0	271	457	13337944	13338130	6.8e-86	318	GCA_946411425.1_IP-Hom-0.PacbioHiFiAssembly_genomic
AT3G31560	OX291702.1	95.833	168	7	0	290	457	12953722	12953889	5.37e-72	272	GCA_946411425.1_IP-Hom-0.PacbioHiFiAssembly_genomic
AT3G31560	OX291701.1	87.205	297	32	2	3	296	4374650	4374943	2.43e-90	333	GCA_946411425.1_IP-Hom-0.PacbioHiFiAssembly_genomic
AT3G31560	OX291701.1	95.062	162	7	1	296	457	14832175	14832335	1.95e-66	254	GCA_946411425.1_IP-Hom-0.PacbioHiFiAssembly_genomic
AT3G31560	OX291703.1	88.889	270	27	3	3	272	3598484	3598218	3.14e-89	329	GCA_946411425.1_IP-Hom-0.PacbioHiFiAssembly_genomic
AT3G31560	OX291700.1	89.167	240	26	0	33	272	14026269	14026030	2.46e-80	300	GCA_946411425.1_IP-Hom-0.PacbioHiFiAssembly_genomic
AT4G05555	OX291703.1	97.627	2823	46	3	1	2823	3595829	3598630	0	4822	GCA_946411425.1_IP-Hom-0.PacbioHiFiAssembly_genomic
AT4G05555	OX291703.1	86.842	152	17	2	2032	2183	3597976	3598124	1.69e-39	167	GCA_946411425.1_IP-Hom-0.PacbioHiFiAssembly_genomic
AT4G05555	OX291700.1	91.147	1412	113	10	1	1407	14626528	14627932	0	1905	GCA_946411425.1_IP-Hom-0.PacbioHiFiAssembly_genomic
AT4G05555	OX291700.1	90.255	667	59	5	1507	2169	14642410	14643074	0	867	GCA_946411425.1_IP-Hom-0.PacbioHiFiAssembly_genomic
AT4G05555	OX291700.1	84.094	723	98	14	1439	2154	14025195	14025907	0	682	GCA_946411425.1_IP-Hom-0.PacbioHiFiAssembly_genomic
AT4G05555	OX291700.1	81.567	689	92	19	2163	2819	14025780	14026465	1.12e-150	536	GCA_946411425.1_IP-Hom-0.PacbioHiFiAssembly_genomic
AT4G05555	OX291700.1	90.05	402	30	6	2413	2813	14643082	14643474	1.89e-143	512	GCA_946411425.1_IP-Hom-0.PacbioHiFiAssembly_genomic
AT4G05555	OX291700.1	86.301	146	12	7	2167	2307	14642935	14643077	4.74e-35	152	GCA_946411425.1_IP-Hom-0.PacbioHiFiAssembly_genomic
AT4G05555	OX291700.1	100	29	0	0	2794	2822	14643476	14643504	1.37e-05	54.7	GCA_946411425.1_IP-Hom-0.PacbioHiFiAssembly_genomic
AT4G05555	OX291701.1	92.857	1246	62	8	1066	2310	4376139	4374920	0	1783	GCA_946411425.1_IP-Hom-0.PacbioHiFiAssembly_genomic
AT4G05555	OX291701.1	92.769	567	37	4	1	565	4376695	4376131	0	817	GCA_946411425.1_IP-Hom-0.PacbioHiFiAssembly_genomic
AT4G05555	OX291701.1	93.462	413	23	2	2408	2816	4374923	4374511	6.5e-173	610	GCA_946411425.1_IP-Hom-0.PacbioHiFiAssembly_genomic
AT4G05555	OX291701.1	88.406	138	16	0	2032	2169	4375063	4374926	1.69e-39	167	GCA_946411425.1_IP-Hom-0.PacbioHiFiAssembly_genomic
AT4G05555	OX291701.1	100	39	0	0	2784	2822	4374522	4374484	3.79e-11	73.1	GCA_946411425.1_IP-Hom-0.PacbioHiFiAssembly_genomic
AT4G05555	OX291704.1	87.088	1092	133	8	92	1179	13130833	13131920	0	1229	GCA_946411425.1_IP-Hom-0.PacbioHiFiAssembly_genomic
AT4G05555	OX291702.1	90.102	879	84	3	1	877	19276293	19277170	0	1138	GCA_946411425.1_IP-Hom-0.PacbioHiFiAssembly_genomic
AT4G05555	OX291702.1	89.286	532	54	3	2287	2816	12915339	12914809	0	664	GCA_946411425.1_IP-Hom-0.PacbioHiFiAssembly_genomic
AT4G05555	OX291702.1	88.426	432	48	2	2330	2760	12953702	12953272	1.13e-145	520	GCA_946411425.1_IP-Hom-0.PacbioHiFiAssembly_genomic
AT4G05555	OX291702.1	97.561	41	1	0	2782	2822	12914822	12914782	1.36e-10	71.3	GCA_946411425.1_IP-Hom-0.PacbioHiFiAssembly_genomic
AT1G36970	OX291709.1	99.645	1972	7	0	1	1972	13884177	13886148	0	3603	GCA_946411655.1_MERE-A-13.PacbioHiFiAssembly_genomic
AT1G36970	OX291709.1	88.247	485	54	3	1381	1864	19894365	19894847	4.58e-163	577	GCA_946411655.1_MERE-A-13.PacbioHiFiAssembly_genomic
AT1G36970	OX291709.1	81.974	233	19	4	991	1201	19893266	19893497	1.95e-42	176	GCA_946411655.1_MERE-A-13.PacbioHiFiAssembly_genomic
AT1G36970	OX291709.1	95.745	94	4	0	1383	1476	13885390	13885483	3.29e-35	152	GCA_946411655.1_MERE-A-13.PacbioHiFiAssembly_genomic
AT1G36970	OX291709.1	95.745	94	4	0	1214	1307	13885559	13885652	3.29e-35	152	GCA_946411655.1_MERE-A-13.PacbioHiFiAssembly_genomic
AT1G36970	OX291711.1	90.03	672	58	8	2	670	18279716	18280381	0	861	GCA_946411655.1_MERE-A-13.PacbioHiFiAssembly_genomic
AT1G36970	OX291711.1	88.202	534	60	3	1381	1913	18281087	18281618	2.68e-180	634	GCA_946411655.1_MERE-A-13.PacbioHiFiAssembly_genomic
AT1G36970	OX291711.1	89.655	87	8	1	1219	1305	18281094	18281179	2.01e-22	110	GCA_946411655.1_MERE-A-13.PacbioHiFiAssembly_genomic
AT1G36970	OX291712.1	81.781	741	96	22	466	1201	3588763	3589469	2.74e-165	584	GCA_946411655.1_MERE-A-13.PacbioHiFiAssembly_genomic
AT1G36970	OX291712.1	85.019	534	76	4	1382	1913	3592097	3592628	6.01e-152	540	GCA_946411655.1_MERE-A-13.PacbioHiFiAssembly_genomic
AT1G36970	OX291710.1	86.347	542	67	7	1381	1919	3924574	3924037	2.74e-165	584	GCA_946411655.1_MERE-A-13.PacbioHiFiAssembly_genomic
AT1G36970	OX291710.1	83.089	615	86	16	2	608	3926671	3926067	4.65e-153	544	GCA_946411655.1_MERE-A-13.PacbioHiFiAssembly_genomic
AT1G36970	OX291710.1	80.682	440	52	12	715	1148	3925929	3925517	5.13e-83	311	GCA_946411655.1_MERE-A-13.PacbioHiFiAssembly_genomic
AT1G36970	OX291710.1	91.86	86	7	0	1116	1201	3925528	3925443	9.28e-26	121	GCA_946411655.1_MERE-A-13.PacbioHiFiAssembly_genomic
AT3G31560	OX291710.1	87.542	297	31	2	3	296	3925656	3925949	5.22e-92	339	GCA_946411655.1_MERE-A-13.PacbioHiFiAssembly_genomic
AT3G31560	OX291710.1	94.444	162	8	1	296	457	13411575	13411735	9.04e-65	248	GCA_946411655.1_MERE-A-13.PacbioHiFiAssembly_genomic
AT3G31560	OX291712.1	88.519	270	30	1	3	272	3589277	3589009	4.06e-88	326	GCA_946411655.1_MERE-A-13.PacbioHiFiAssembly_genomic
AT3G31560	OX291709.1	89.167	240	26	0	33	272	13885131	13884892	2.46e-80	300	GCA_946411655.1_MERE-A-13.PacbioHiFiAssembly_genomic
AT4G05555	OX291712.1	97.733	2823	46	1	1	2823	3586619	3589423	0	4843	GCA_946411655.1_MERE-A-13.PacbioHiFiAssembly_genomic
AT4G05555	OX291712.1	89.13	138	15	0	2032	2169	3588767	3588904	3.63e-41	172	GCA_946411655.1_MERE-A-13.PacbioHiFiAssembly_genomic
AT4G05555	OX291712.1	88.406	138	16	0	2167	2304	3588632	3588769	1.69e-39	167	GCA_946411655.1_MERE-A-13.PacbioHiFiAssembly_genomic
AT4G05555	OX291710.1	92.456	1246	67	9	1066	2310	3927145	3925926	0	1755	GCA_946411655.1_MERE-A-13.PacbioHiFiAssembly_genomic
AT4G05555	OX291710.1	92.769	567	37	4	1	565	3927701	3927137	0	817	GCA_946411655.1_MERE-A-13.PacbioHiFiAssembly_genomic
AT4G05555	OX291710.1	93.462	413	23	2	2408	2816	3925929	3925517	6.49e-173	610	GCA_946411655.1_MERE-A-13.PacbioHiFiAssembly_genomic
AT4G05555	OX291710.1	87.681	138	17	0	2032	2169	3926069	3925932	7.86e-38	161	GCA_946411655.1_MERE-A-13.PacbioHiFiAssembly_genomic
AT4G05555	OX291710.1	100	39	0	0	2784	2822	3925528	3925490	3.79e-11	73.1	GCA_946411655.1_MERE-A-13.PacbioHiFiAssembly_genomic
AT4G05555	OX291711.1	89.774	1369	131	8	1	1366	18278206	18279568	0	1744	GCA_946411655.1_MERE-A-13.PacbioHiFiAssembly_genomic
AT4G05555	OX291711.1	89.034	766	78	4	1405	2169	18279559	18280319	0	944	GCA_946411655.1_MERE-A-13.PacbioHiFiAssembly_genomic
AT4G05555	OX291709.1	90.618	874	76	5	496	1366	19892367	19893237	0	1155	GCA_946411655.1_MERE-A-13.PacbioHiFiAssembly_genomic
AT4G05555	OX291709.1	84.094	723	98	14	1439	2154	13884057	13884769	0	682	GCA_946411655.1_MERE-A-13.PacbioHiFiAssembly_genomic
AT4G05555	OX291709.1	81.567	689	92	19	2163	2819	13884642	13885327	1.12e-150	536	GCA_946411655.1_MERE-A-13.PacbioHiFiAssembly_genomic
AT4G05555	OX291709.1	91.139	158	14	0	2659	2816	19893266	19893423	5.95e-54	215	GCA_946411655.1_MERE-A-13.PacbioHiFiAssembly_genomic
AT4G05555	OX291709.1	100	41	0	0	2782	2822	19893410	19893450	2.93e-12	76.8	GCA_946411655.1_MERE-A-13.PacbioHiFiAssembly_genomic
AT1G36970	OX291714.1	98.58	1972	27	1	1	1972	14221213	14223183	0	3485	GCA_946411805.1_IP-Mos-9.PacbioHiFiAssembly_genomic
AT1G36970	OX291714.1	87.854	494	54	6	1373	1864	20289203	20289692	1.67e-162	575	GCA_946411805.1_IP-Mos-9.PacbioHiFiAssembly_genomic
AT1G36970	OX291714.1	81.974	233	19	4	991	1201	20288112	20288343	1.98e-42	176	GCA_946411805.1_IP-Mos-9.PacbioHiFiAssembly_genomic
AT1G36970	OX291714.1	95.745	94	4	0	1214	1307	14222594	14222687	3.33e-35	152	GCA_946411805.1_IP-Mos-9.PacbioHiFiAssembly_genomic
AT1G36970	OX291714.1	94.681	94	5	0	1383	1476	14222425	14222518	1.55e-33	147	GCA_946411805.1_IP-Mos-9.PacbioHiFiAssembly_genomic
AT1G36970	OX291716.1	90.089	676	56	8	2	670	18253839	18254510	0	867	GCA_946411805.1_IP-Mos-9.PacbioHiFiAssembly_genomic
AT1G36970	OX291716.1	88.425	527	58	3	1388	1913	18255282	18255806	9.76e-180	632	GCA_946411805.1_IP-Mos-9.PacbioHiFiAssembly_genomic
AT1G36970	OX291716.1	87.454	542	63	5	1381	1919	13277735	13277196	7.6e-176	619	GCA_946411805.1_IP-Mos-9.PacbioHiFiAssembly_genomic
AT1G36970	OX291716.1	83.333	588	48	13	636	1201	13279153	13278594	3.71e-139	497	GCA_946411805.1_IP-Mos-9.PacbioHiFiAssembly_genomic
AT1G36970	OX291716.1	88.417	259	27	1	596	854	13279411	13279156	1.87e-82	309	GCA_946411805.1_IP-Mos-9.PacbioHiFiAssembly_genomic
AT1G36970	OX291716.1	91.954	87	6	1	1219	1305	18255282	18255367	9.39e-26	121	GCA_946411805.1_IP-Mos-9.PacbioHiFiAssembly_genomic
AT1G36970	OX291717.1	82.114	738	99	19	466	1201	4821929	4822635	2.75e-170	601	GCA_946411805.1_IP-Mos-9.PacbioHiFiAssembly_genomic
AT1G36970	OX291717.1	84.975	599	79	9	1	593	4821327	4821920	3.56e-169	597	GCA_946411805.1_IP-Mos-9.PacbioHiFiAssembly_genomic
AT1G36970	OX291717.1	84.673	535	78	4	1381	1913	4823502	4824034	3.66e-149	531	GCA_946411805.1_IP-Mos-9.PacbioHiFiAssembly_genomic
AT1G36970	OX291715.1	83.604	616	81	18	2	608	4165814	4165210	4.67e-158	560	GCA_946411805.1_IP-Mos-9.PacbioHiFiAssembly_genomic
AT1G36970	OX291715.1	89.286	392	40	2	1381	1771	4163717	4163327	6.21e-137	490	GCA_946411805.1_IP-Mos-9.PacbioHiFiAssembly_genomic
AT1G36970	OX291715.1	80.455	440	53	12	715	1148	4165072	4164660	2.42e-81	305	GCA_946411805.1_IP-Mos-9.PacbioHiFiAssembly_genomic
AT1G36970	OX291715.1	93.023	86	6	0	1116	1201	4164671	4164586	2.02e-27	126	GCA_946411805.1_IP-Mos-9.PacbioHiFiAssembly_genomic
AT3G31560	OX291716.1	95.926	270	11	0	3	272	13278807	13279076	5.06e-122	438	GCA_946411805.1_IP-Mos-9.PacbioHiFiAssembly_genomic
AT3G31560	OX291716.1	98.396	187	3	0	271	457	13279391	13279577	3.18e-89	329	GCA_946411805.1_IP-Mos-9.PacbioHiFiAssembly_genomic
AT3G31560	OX291716.1	96.454	141	5	0	132	272	13279154	13279294	2.56e-60	233	GCA_946411805.1_IP-Mos-9.PacbioHiFiAssembly_genomic
AT3G31560	OX291717.1	89.63	270	27	1	3	272	4822443	4822175	4.08e-93	342	GCA_946411805.1_IP-Mos-9.PacbioHiFiAssembly_genomic
AT3G31560	OX291715.1	87.542	297	31	2	3	296	4164799	4165092	5.28e-92	339	GCA_946411805.1_IP-Mos-9.PacbioHiFiAssembly_genomic
AT3G31560	OX291715.1	94.444	162	8	1	296	457	14856374	14856534	9.15e-65	248	GCA_946411805.1_IP-Mos-9.PacbioHiFiAssembly_genomic
AT3G31560	OX291714.1	88.75	240	26	1	33	272	14222166	14221928	4.17e-78	292	GCA_946411805.1_IP-Mos-9.PacbioHiFiAssembly_genomic
AT4G05555	OX291717.1	98.158	2823	34	1	1	2823	4819785	4822589	0	4909	GCA_946411805.1_IP-Mos-9.PacbioHiFiAssembly_genomic
AT4G05555	OX291717.1	87.5	152	16	2	2032	2183	4821933	4822081	3.67e-41	172	GCA_946411805.1_IP-Mos-9.PacbioHiFiAssembly_genomic
AT4G05555	OX291717.1	88.406	138	16	0	2167	2304	4821798	4821935	1.71e-39	167	GCA_946411805.1_IP-Mos-9.PacbioHiFiAssembly_genomic
AT4G05555	OX291714.1	90.928	1411	116	9	1	1407	14665601	14667003	0	1886	GCA_946411805.1_IP-Mos-9.PacbioHiFiAssembly_genomic
AT4G05555	OX291714.1	89.317	1039	86	15	1135	2169	20286859	20287876	0	1280	GCA_946411805.1_IP-Mos-9.PacbioHiFiAssembly_genomic
AT4G05555	OX291714.1	90.088	908	78	11	494	1398	20285955	20286853	0	1168	GCA_946411805.1_IP-Mos-9.PacbioHiFiAssembly_genomic
AT4G05555	OX291714.1	91.102	753	63	4	1	750	14663882	14664633	0	1016	GCA_946411805.1_IP-Mos-9.PacbioHiFiAssembly_genomic
AT4G05555	OX291714.1	83.264	723	104	14	1439	2154	14221093	14221805	0	649	GCA_946411805.1_IP-Mos-9.PacbioHiFiAssembly_genomic
AT4G05555	OX291714.1	81.042	691	91	23	2163	2819	14221678	14222362	5.3e-144	514	GCA_946411805.1_IP-Mos-9.PacbioHiFiAssembly_genomic
AT4G05555	OX291714.1	86.914	405	31	13	2414	2816	20287885	20288269	4.24e-120	435	GCA_946411805.1_IP-Mos-9.PacbioHiFiAssembly_genomic
AT4G05555	OX291714.1	100	41	0	0	2782	2822	20288256	20288296	2.96e-12	76.8	GCA_946411805.1_IP-Mos-9.PacbioHiFiAssembly_genomic
AT4G05555	OX291715.1	92.697	1246	65	7	1066	2310	4166289	4165069	0	1773	GCA_946411805.1_IP-Mos-9.PacbioHiFiAssembly_genomic
AT4G05555	OX291715.1	92.416	567	39	4	1	565	4166845	4166281	0	806	GCA_946411805.1_IP-Mos-9.PacbioHiFiAssembly_genomic
AT4G05555	OX291715.1	93.462	413	23	2	2408	2816	4165072	4164660	6.57e-173	610	GCA_946411805.1_IP-Mos-9.PacbioHiFiAssembly_genomic
AT4G05555	OX291715.1	89.13	138	15	0	2032	2169	4165212	4165075	3.67e-41	172	GCA_946411805.1_IP-Mos-9.PacbioHiFiAssembly_genomic
AT4G05555	OX291715.1	100	39	0	0	2784	2822	4164671	4164633	3.83e-11	73.1	GCA_946411805.1_IP-Mos-9.PacbioHiFiAssembly_genomic
AT4G05555	OX291716.1	90.67	1104	98	5	265	1366	18252591	18253691	0	1463	GCA_946411805.1_IP-Mos-9.PacbioHiFiAssembly_genomic
AT4G05555	OX291716.1	88.701	770	79	4	1405	2169	18253682	18254448	0	933	GCA_946411805.1_IP-Mos-9.PacbioHiFiAssembly_genomic
AT4G05555	OX291716.1	89.918	486	48	1	2332	2816	13279153	13278668	2.35e-177	625	GCA_946411805.1_IP-Mos-9.PacbioHiFiAssembly_genomic
AT4G05555	OX291716.1	88.973	263	29	0	2287	2549	13279416	13279154	2.66e-87	326	GCA_946411805.1_IP-Mos-9.PacbioHiFiAssembly_genomic
AT4G05555	OX291716.1	89.163	203	22	0	2164	2366	18254308	18254510	1.28e-65	254	GCA_946411805.1_IP-Mos-9.PacbioHiFiAssembly_genomic
AT4G05555	OX291716.1	87.558	217	26	1	1	216	18252370	18252586	1.65e-64	250	GCA_946411805.1_IP-Mos-9.PacbioHiFiAssembly_genomic
AT4G05555	OX291716.1	100	41	0	0	2782	2822	13278681	13278641	2.96e-12	76.8	GCA_946411805.1_IP-Mos-9.PacbioHiFiAssembly_genomic
AT4G05555	OX291718.1	87.271	1092	131	8	92	1179	13459916	13461003	0	1240	GCA_946411805.1_IP-Mos-9.PacbioHiFiAssembly_genomic
AT1G36970	OX291719.1	99.797	1972	4	0	1	1972	14085745	14087716	0	3620	GCA_946411885.1_IP-Mos-5.PacbioHiFiAssembly_genomic
AT1G36970	OX291719.1	88.454	485	53	3	1381	1864	18092246	18092728	9.64e-165	582	GCA_946411885.1_IP-Mos-5.PacbioHiFiAssembly_genomic
AT1G36970	OX291719.1	82.403	233	18	4	991	1201	18091147	18091378	4.11e-44	182	GCA_946411885.1_IP-Mos-5.PacbioHiFiAssembly_genomic
AT1G36970	OX291719.1	95.745	94	4	0	1383	1476	14086958	14087051	3.22e-35	152	GCA_946411885.1_IP-Mos-5.PacbioHiFiAssembly_genomic
AT1G36970	OX291719.1	94.681	94	5	0	1214	1307	14087127	14087220	1.5e-33	147	GCA_946411885.1_IP-Mos-5.PacbioHiFiAssembly_genomic
AT1G36970	OX291721.1	89.201	676	62	8	2	670	17234696	17235367	0	833	GCA_946411885.1_IP-Mos-5.PacbioHiFiAssembly_genomic
AT1G36970	OX291721.1	88.411	535	58	4	1381	1913	13166241	13165709	0	641	GCA_946411885.1_IP-Mos-5.PacbioHiFiAssembly_genomic
AT1G36970	OX291721.1	87.666	527	62	3	1388	1913	17236139	17236663	4.42e-173	610	GCA_946411885.1_IP-Mos-5.PacbioHiFiAssembly_genomic
AT1G36970	OX291722.1	81.978	738	100	19	466	1201	3437886	3438592	1.24e-168	595	GCA_946411885.1_IP-Mos-5.PacbioHiFiAssembly_genomic
AT1G36970	OX291722.1	85.15	532	77	2	1383	1913	3439461	3439991	4.55e-153	544	GCA_946411885.1_IP-Mos-5.PacbioHiFiAssembly_genomic
AT1G36970	OX291720.1	86.531	542	66	7	1381	1919	3454423	3453886	5.76e-167	590	GCA_946411885.1_IP-Mos-5.PacbioHiFiAssembly_genomic
AT1G36970	OX291720.1	83.415	615	84	16	2	608	3456520	3455916	2.1e-156	555	GCA_946411885.1_IP-Mos-5.PacbioHiFiAssembly_genomic
AT1G36970	OX291720.1	80.227	440	54	12	715	1148	3455778	3455366	1.09e-79	300	GCA_946411885.1_IP-Mos-5.PacbioHiFiAssembly_genomic
AT1G36970	OX291720.1	93.023	86	6	0	1116	1201	3455377	3455292	1.95e-27	126	GCA_946411885.1_IP-Mos-5.PacbioHiFiAssembly_genomic
AT3G31560	OX291720.1	87.542	297	31	2	3	296	3455505	3455798	5.11e-92	339	GCA_946411885.1_IP-Mos-5.PacbioHiFiAssembly_genomic
AT3G31560	OX291720.1	95.062	162	7	1	296	457	13468907	13469067	1.9e-66	254	GCA_946411885.1_IP-Mos-5.PacbioHiFiAssembly_genomic
AT3G31560	OX291722.1	89.259	270	28	1	3	272	3438400	3438132	1.84e-91	337	GCA_946411885.1_IP-Mos-5.PacbioHiFiAssembly_genomic
AT3G31560	OX291719.1	88.75	240	27	0	33	272	14086699	14086460	1.12e-78	294	GCA_946411885.1_IP-Mos-5.PacbioHiFiAssembly_genomic
AT4G05555	OX291722.1	97.769	2824	44	2	1	2823	3435741	3438546	0	4848	GCA_946411885.1_IP-Mos-5.PacbioHiFiAssembly_genomic
AT4G05555	OX291722.1	89.13	138	15	0	2032	2169	3437890	3438027	3.55e-41	172	GCA_946411885.1_IP-Mos-5.PacbioHiFiAssembly_genomic
AT4G05555	OX291722.1	87.681	138	17	0	2167	2304	3437755	3437892	7.69e-38	161	GCA_946411885.1_IP-Mos-5.PacbioHiFiAssembly_genomic
AT4G05555	OX291720.1	92.777	1246	63	9	1066	2310	3456994	3455775	0	1777	GCA_946411885.1_IP-Mos-5.PacbioHiFiAssembly_genomic
AT4G05555	OX291720.1	92.945	567	36	4	1	565	3457550	3456986	0	822	GCA_946411885.1_IP-Mos-5.PacbioHiFiAssembly_genomic
AT4G05555	OX291720.1	93.22	413	24	2	2408	2816	3455778	3455366	2.96e-171	604	GCA_946411885.1_IP-Mos-5.PacbioHiFiAssembly_genomic
AT4G05555	OX291720.1	88.406	138	16	0	2032	2169	3455918	3455781	1.65e-39	167	GCA_946411885.1_IP-Mos-5.PacbioHiFiAssembly_genomic
AT4G05555	OX291720.1	100	39	0	0	2784	2822	3455377	3455339	3.71e-11	73.1	GCA_946411885.1_IP-Mos-5.PacbioHiFiAssembly_genomic
AT4G05555	OX291721.1	89.627	1369	123	8	1	1366	17233196	17234548	0	1724	GCA_946411885.1_IP-Mos-5.PacbioHiFiAssembly_genomic
AT4G05555	OX291721.1	88.701	770	79	5	1405	2169	17234539	17235305	0	933	GCA_946411885.1_IP-Mos-5.PacbioHiFiAssembly_genomic
AT4G05555	OX291721.1	88.67	203	23	0	2164	2366	17235165	17235367	5.74e-64	248	GCA_946411885.1_IP-Mos-5.PacbioHiFiAssembly_genomic
AT4G05555	OX291723.1	87.02	1094	131	10	92	1179	14558657	14559745	0	1223	GCA_946411885.1_IP-Mos-5.PacbioHiFiAssembly_genomic
AT4G05555	OX291719.1	90.732	874	75	5	496	1366	18090248	18091118	0	1160	GCA_946411885.1_IP-Mos-5.PacbioHiFiAssembly_genomic
AT4G05555	OX291719.1	84.232	723	97	14	1439	2154	14085625	14086337	0	688	GCA_946411885.1_IP-Mos-5.PacbioHiFiAssembly_genomic
AT4G05555	OX291719.1	81.358	692	88	23	2163	2819	14086210	14086895	2.37e-147	525	GCA_946411885.1_IP-Mos-5.PacbioHiFiAssembly_genomic
AT4G05555	OX291719.1	91.772	158	13	0	2659	2816	18091147	18091304	1.25e-55	220	GCA_946411885.1_IP-Mos-5.PacbioHiFiAssembly_genomic
AT4G05555	OX291719.1	100	41	0	0	2782	2822	18091291	18091331	2.87e-12	76.8	GCA_946411885.1_IP-Mos-5.PacbioHiFiAssembly_genomic
AT1G36970	OX291730.1	99.189	1972	16	0	1	1972	13974553	13976524	0	3554	GCA_946412005.1_IP-Hum-4.PacbioHiFiAssembly_genomic
AT1G36970	OX291730.1	88.041	485	55	3	1381	1864	19182835	19183317	2.02e-161	571	GCA_946412005.1_IP-Hum-4.PacbioHiFiAssembly_genomic
AT1G36970	OX291730.1	86.983	484	60	3	1387	1869	17299623	17299142	1.58e-152	542	GCA_946412005.1_IP-Hum-4.PacbioHiFiAssembly_genomic
AT1G36970	OX291730.1	88.679	159	16	2	991	1148	17300728	17300571	1.84e-47	193	GCA_946412005.1_IP-Hum-4.PacbioHiFiAssembly_genomic
AT1G36970	OX291730.1	81.982	222	18	3	1001	1201	19181747	19181967	3.1e-40	169	GCA_946412005.1_IP-Hum-4.PacbioHiFiAssembly_genomic
AT1G36970	OX291730.1	95.745	94	4	0	1383	1476	13975766	13975859	3.12e-35	152	GCA_946412005.1_IP-Hum-4.PacbioHiFiAssembly_genomic
AT1G36970	OX291730.1	95.745	94	4	0	1214	1307	13975935	13976028	3.12e-35	152	GCA_946412005.1_IP-Hum-4.PacbioHiFiAssembly_genomic
AT1G36970	OX291732.1	90.193	673	56	8	2	670	16870907	16871573	0	869	GCA_946412005.1_IP-Hum-4.PacbioHiFiAssembly_genomic
AT1G36970	OX291732.1	87.389	563	65	6	1381	1942	13117087	13116530	0	641	GCA_946412005.1_IP-Hum-4.PacbioHiFiAssembly_genomic
AT1G36970	OX291732.1	88.202	534	60	3	1381	1913	16872282	16872813	2.54e-180	634	GCA_946412005.1_IP-Hum-4.PacbioHiFiAssembly_genomic
AT1G36970	OX291732.1	89.13	414	39	3	1381	1794	13487339	13486932	4.47e-143	510	GCA_946412005.1_IP-Hum-4.PacbioHiFiAssembly_genomic
AT1G36970	OX291732.1	83.135	587	51	10	636	1201	13118507	13117948	1.62e-137	492	GCA_946412005.1_IP-Hum-4.PacbioHiFiAssembly_genomic
AT1G36970	OX291732.1	83.013	312	29	5	837	1148	13488559	13488272	4.97e-68	261	GCA_946412005.1_IP-Hum-4.PacbioHiFiAssembly_genomic
AT1G36970	OX291732.1	91.367	139	12	0	716	854	13118648	13118510	6.61e-47	191	GCA_946412005.1_IP-Hum-4.PacbioHiFiAssembly_genomic
AT1G36970	OX291732.1	96.703	91	3	0	1111	1201	13488288	13488198	3.12e-35	152	GCA_946412005.1_IP-Hum-4.PacbioHiFiAssembly_genomic
AT1G36970	OX291733.1	81.978	738	100	19	466	1201	2876658	2877364	1.2e-168	595	GCA_946412005.1_IP-Hum-4.PacbioHiFiAssembly_genomic
AT1G36970	OX291733.1	85.366	533	74	4	1383	1913	2878233	2878763	9.47e-155	549	GCA_946412005.1_IP-Hum-4.PacbioHiFiAssembly_genomic
AT3G31560	OX291732.1	99.08	326	3	0	132	457	13118508	13118833	1.6e-166	586	GCA_946412005.1_IP-Hum-4.PacbioHiFiAssembly_genomic
AT3G31560	OX291732.1	97.059	272	8	0	1	272	13118159	13118430	3.64e-128	459	GCA_946412005.1_IP-Hum-4.PacbioHiFiAssembly_genomic
AT3G31560	OX291732.1	95.302	149	7	0	3	151	13488411	13488559	1.86e-61	237	GCA_946412005.1_IP-Hum-4.PacbioHiFiAssembly_genomic
AT3G31560	OX291733.1	89.259	270	28	1	3	272	2877172	2876904	1.78e-91	337	GCA_946412005.1_IP-Hum-4.PacbioHiFiAssembly_genomic
AT3G31560	OX291730.1	89.167	240	26	0	33	272	13975507	13975268	2.33e-80	300	GCA_946412005.1_IP-Hum-4.PacbioHiFiAssembly_genomic
AT3G31560	OX291731.1	95.062	162	7	1	296	457	13500966	13501126	1.84e-66	254	GCA_946412005.1_IP-Hum-4.PacbioHiFiAssembly_genomic
AT4G05555	OX291733.1	97.769	2824	44	2	1	2823	2874513	2877318	0	4848	GCA_946412005.1_IP-Hum-4.PacbioHiFiAssembly_genomic
AT4G05555	OX291733.1	89.13	138	15	0	2032	2169	2876662	2876799	3.44e-41	172	GCA_946412005.1_IP-Hum-4.PacbioHiFiAssembly_genomic
AT4G05555	OX291733.1	87.681	138	17	0	2167	2304	2876527	2876664	7.45e-38	161	GCA_946412005.1_IP-Hum-4.PacbioHiFiAssembly_genomic
AT4G05555	OX291730.1	90.652	1412	120	10	1	1407	17321838	17320434	0	1866	GCA_946412005.1_IP-Hum-4.PacbioHiFiAssembly_genomic
AT4G05555	OX291730.1	89.692	1038	82	15	1136	2169	19180484	19181500	0	1301	GCA_946412005.1_IP-Hum-4.PacbioHiFiAssembly_genomic
AT4G05555	OX291730.1	90.555	667	57	6	1507	2169	17301637	17300973	0	878	GCA_946412005.1_IP-Hum-4.PacbioHiFiAssembly_genomic
AT4G05555	OX291730.1	91.727	556	44	2	496	1051	19179673	19180226	0	771	GCA_946412005.1_IP-Hum-4.PacbioHiFiAssembly_genomic
AT4G05555	OX291730.1	83.956	723	99	14	1439	2154	13974433	13975145	0	676	GCA_946412005.1_IP-Hum-4.PacbioHiFiAssembly_genomic
AT4G05555	OX291730.1	81.567	689	92	19	2163	2819	13975018	13975703	1.06e-150	536	GCA_946412005.1_IP-Hum-4.PacbioHiFiAssembly_genomic
AT4G05555	OX291730.1	89.63	405	31	7	2413	2816	17300965	17300571	2.99e-141	505	GCA_946412005.1_IP-Hum-4.PacbioHiFiAssembly_genomic
AT4G05555	OX291730.1	86.173	405	34	13	2414	2816	19181509	19181893	4e-115	418	GCA_946412005.1_IP-Hum-4.PacbioHiFiAssembly_genomic
AT4G05555	OX291730.1	88.031	259	26	4	1141	1398	19180223	19180477	4.21e-80	302	GCA_946412005.1_IP-Hum-4.PacbioHiFiAssembly_genomic
AT4G05555	OX291730.1	100	35	0	0	2788	2822	19181886	19181920	6.01e-09	65.8	GCA_946412005.1_IP-Hum-4.PacbioHiFiAssembly_genomic
AT4G05555	OX291732.1	90.066	1369	130	6	1	1366	16869394	16870759	0	1770	GCA_946412005.1_IP-Hum-4.PacbioHiFiAssembly_genomic
AT4G05555	OX291732.1	88.903	766	80	4	1405	2169	16870750	16871511	0	939	GCA_946412005.1_IP-Hum-4.PacbioHiFiAssembly_genomic
AT4G05555	OX291732.1	89.506	486	50	1	2332	2816	13118507	13118022	4.76e-174	614	GCA_946412005.1_IP-Hum-4.PacbioHiFiAssembly_genomic
AT4G05555	OX291732.1	91.003	289	23	3	2530	2816	13488559	13488272	1.13e-105	387	GCA_946412005.1_IP-Hum-4.PacbioHiFiAssembly_genomic
AT4G05555	OX291732.1	100	41	0	0	2782	2822	13118035	13117995	2.78e-12	76.8	GCA_946412005.1_IP-Hum-4.PacbioHiFiAssembly_genomic
AT4G05555	OX291732.1	100	41	0	0	2782	2822	13488285	13488245	2.78e-12	76.8	GCA_946412005.1_IP-Hum-4.PacbioHiFiAssembly_genomic
AT4G05555	OX291734.1	86.929	1094	132	10	92	1179	13246660	13247748	0	1218	GCA_946412005.1_IP-Hum-4.PacbioHiFiAssembly_genomic
AT1G36970	OX291735.1	99.797	1972	4	0	1	1972	14001131	14003102	0	3620	GCA_946412065.1_GAIL-B-11.PacbioHiFiAssembly_genomic
AT1G36970	OX291735.1	95.745	94	4	0	1383	1476	14002344	14002437	3.13e-35	152	GCA_946412065.1_GAIL-B-11.PacbioHiFiAssembly_genomic
AT1G36970	OX291735.1	95.745	94	4	0	1214	1307	14002513	14002606	3.13e-35	152	GCA_946412065.1_GAIL-B-11.PacbioHiFiAssembly_genomic
AT1G36970	OX291737.1	89.911	674	57	8	4	670	17533427	17534096	0	857	GCA_946412065.1_GAIL-B-11.PacbioHiFiAssembly_genomic
AT1G36970	OX291737.1	88.615	527	57	3	1388	1913	17534869	17535393	0	638	GCA_946412065.1_GAIL-B-11.PacbioHiFiAssembly_genomic
AT1G36970	OX291737.1	90.805	87	7	1	1219	1305	17534869	17534954	4.11e-24	115	GCA_946412065.1_GAIL-B-11.PacbioHiFiAssembly_genomic
AT1G36970	OX291738.1	84.975	599	79	9	1	593	3116229	3116822	3.35e-169	597	GCA_946412065.1_GAIL-B-11.PacbioHiFiAssembly_genomic
AT1G36970	OX291738.1	81.732	739	100	20	466	1201	3116831	3117537	2.61e-165	584	GCA_946412065.1_GAIL-B-11.PacbioHiFiAssembly_genomic
AT1G36970	OX291738.1	85.421	535	74	4	1381	1913	3118404	3118936	7.35e-156	553	GCA_946412065.1_GAIL-B-11.PacbioHiFiAssembly_genomic
AT1G36970	OX291736.1	86.347	542	67	7	1381	1919	4645319	4644782	2.61e-165	584	GCA_946412065.1_GAIL-B-11.PacbioHiFiAssembly_genomic
AT1G36970	OX291736.1	83.483	557	76	14	59	608	4647352	4646805	2.09e-141	505	GCA_946412065.1_GAIL-B-11.PacbioHiFiAssembly_genomic
AT1G36970	OX291736.1	80.682	440	52	12	715	1148	4646667	4646255	4.88e-83	311	GCA_946412065.1_GAIL-B-11.PacbioHiFiAssembly_genomic
AT1G36970	OX291736.1	93.023	86	6	0	1116	1201	4646266	4646181	1.9e-27	126	GCA_946412065.1_GAIL-B-11.PacbioHiFiAssembly_genomic
AT3G31560	OX291736.1	87.879	297	30	2	3	296	4646394	4646687	1.07e-93	344	GCA_946412065.1_GAIL-B-11.PacbioHiFiAssembly_genomic
AT3G31560	OX291736.1	95.062	162	7	1	296	457	14596379	14596539	1.85e-66	254	GCA_946412065.1_GAIL-B-11.PacbioHiFiAssembly_genomic
AT3G31560	OX291738.1	88.889	270	29	1	3	272	3117345	3117077	8.31e-90	331	GCA_946412065.1_GAIL-B-11.PacbioHiFiAssembly_genomic
AT3G31560	OX291735.1	88.75	240	27	0	33	272	14002085	14001846	1.09e-78	294	GCA_946412065.1_GAIL-B-11.PacbioHiFiAssembly_genomic
AT4G05555	OX291738.1	98.796	2824	15	2	1	2823	3114686	3117491	0	5009	GCA_946412065.1_GAIL-B-11.PacbioHiFiAssembly_genomic
AT4G05555	OX291738.1	88.406	138	16	0	2167	2304	3116700	3116837	1.61e-39	167	GCA_946412065.1_GAIL-B-11.PacbioHiFiAssembly_genomic
AT4G05555	OX291738.1	86.184	152	18	2	2032	2183	3116835	3116983	7.48e-38	161	GCA_946412065.1_GAIL-B-11.PacbioHiFiAssembly_genomic
AT4G05555	OX291737.1	90.67	1104	98	5	265	1366	17532177	17533277	0	1463	GCA_946412065.1_GAIL-B-11.PacbioHiFiAssembly_genomic
AT4G05555	OX291737.1	88.312	770	82	5	1405	2169	17533268	17534034	0	917	GCA_946412065.1_GAIL-B-11.PacbioHiFiAssembly_genomic
AT4G05555	OX291737.1	88.018	217	25	1	1	216	17531956	17532172	3.33e-66	255	GCA_946412065.1_GAIL-B-11.PacbioHiFiAssembly_genomic
AT4G05555	OX291737.1	89.163	203	22	0	2164	2366	17533894	17534096	1.2e-65	254	GCA_946412065.1_GAIL-B-11.PacbioHiFiAssembly_genomic
AT4G05555	OX291739.1	87.088	1092	133	8	92	1179	12437114	12438201	0	1229	GCA_946412065.1_GAIL-B-11.PacbioHiFiAssembly_genomic
AT4G05555	OX291736.1	93.497	692	42	2	1619	2310	4647352	4646664	0	1026	GCA_946412065.1_GAIL-B-11.PacbioHiFiAssembly_genomic
AT4G05555	OX291736.1	93.705	413	22	2	2408	2816	4646667	4646255	1.33e-174	616	GCA_946412065.1_GAIL-B-11.PacbioHiFiAssembly_genomic
AT4G05555	OX291736.1	88.406	138	16	0	2032	2169	4646807	4646670	1.61e-39	167	GCA_946412065.1_GAIL-B-11.PacbioHiFiAssembly_genomic
AT4G05555	OX291736.1	100	39	0	0	2784	2822	4646266	4646228	3.6e-11	73.1	GCA_946412065.1_GAIL-B-11.PacbioHiFiAssembly_genomic
AT4G05555	OX291735.1	84.327	721	100	11	1439	2154	14001011	14001723	0	693	GCA_946412065.1_GAIL-B-11.PacbioHiFiAssembly_genomic
AT4G05555	OX291735.1	81.331	691	88	23	2164	2819	14001597	14002281	8.28e-147	523	GCA_946412065.1_GAIL-B-11.PacbioHiFiAssembly_genomic
AT1G36970	OX291741.1	98.986	1972	19	1	1	1972	13830574	13832544	0	3530	GCA_946412225.1_IP-Mdc-14.PacbioHiFiAssembly_genomic
AT1G36970	OX291741.1	88.454	485	53	3	1381	1864	19107141	19107623	9.6e-165	582	GCA_946412225.1_IP-Mdc-14.PacbioHiFiAssembly_genomic
AT1G36970	OX291741.1	82.403	233	18	4	991	1201	19106042	19106273	4.09e-44	182	GCA_946412225.1_IP-Mdc-14.PacbioHiFiAssembly_genomic
AT1G36970	OX291741.1	95.745	94	4	0	1383	1476	13831786	13831879	3.21e-35	152	GCA_946412225.1_IP-Mdc-14.PacbioHiFiAssembly_genomic
AT1G36970	OX291741.1	95.745	94	4	0	1214	1307	13831955	13832048	3.21e-35	152	GCA_946412225.1_IP-Mdc-14.PacbioHiFiAssembly_genomic
AT1G36970	OX291743.1	90.03	672	58	8	2	670	19104363	19105028	0	861	GCA_946412225.1_IP-Mdc-14.PacbioHiFiAssembly_genomic
AT1G36970	OX291743.1	88.202	534	60	3	1381	1913	19105734	19106265	2.61e-180	634	GCA_946412225.1_IP-Mdc-14.PacbioHiFiAssembly_genomic
AT1G36970	OX291743.1	89.655	87	8	1	1219	1305	19105741	19105826	1.96e-22	110	GCA_946412225.1_IP-Mdc-14.PacbioHiFiAssembly_genomic
AT1G36970	OX291744.1	81.978	738	100	19	466	1201	3284835	3285541	1.23e-168	595	GCA_946412225.1_IP-Mdc-14.PacbioHiFiAssembly_genomic
AT1G36970	OX291744.1	84.991	533	76	4	1383	1913	3286410	3286940	2.11e-151	538	GCA_946412225.1_IP-Mdc-14.PacbioHiFiAssembly_genomic
AT3G31560	OX291744.1	89.259	270	28	1	3	272	3285349	3285081	1.83e-91	337	GCA_946412225.1_IP-Mdc-14.PacbioHiFiAssembly_genomic
AT3G31560	OX291741.1	88.75	240	27	0	33	272	13831527	13831288	1.12e-78	294	GCA_946412225.1_IP-Mdc-14.PacbioHiFiAssembly_genomic
AT3G31560	OX291742.1	95.062	162	7	1	296	457	14011563	14011723	1.9e-66	254	GCA_946412225.1_IP-Mdc-14.PacbioHiFiAssembly_genomic
AT4G05555	OX291744.1	97.805	2824	43	2	1	2823	3282690	3285495	0	4854	GCA_946412225.1_IP-Mdc-14.PacbioHiFiAssembly_genomic
AT4G05555	OX291744.1	89.13	138	15	0	2032	2169	3284839	3284976	3.54e-41	172	GCA_946412225.1_IP-Mdc-14.PacbioHiFiAssembly_genomic
AT4G05555	OX291744.1	87.681	138	17	0	2167	2304	3284704	3284841	7.66e-38	161	GCA_946412225.1_IP-Mdc-14.PacbioHiFiAssembly_genomic
AT4G05555	OX291743.1	89.774	1369	131	8	1	1366	19102853	19104215	0	1744	GCA_946412225.1_IP-Mdc-14.PacbioHiFiAssembly_genomic
AT4G05555	OX291743.1	89.034	766	78	4	1405	2169	19104206	19104966	0	944	GCA_946412225.1_IP-Mdc-14.PacbioHiFiAssembly_genomic
AT4G05555	OX291741.1	88.803	1036	90	8	1135	2166	19104791	19105804	0	1247	GCA_946412225.1_IP-Mdc-14.PacbioHiFiAssembly_genomic
AT4G05555	OX291741.1	90.066	906	80	9	496	1398	19103887	19104785	0	1166	GCA_946412225.1_IP-Mdc-14.PacbioHiFiAssembly_genomic
AT4G05555	OX291741.1	83.956	723	98	15	1439	2154	13830454	13831165	0	676	GCA_946412225.1_IP-Mdc-14.PacbioHiFiAssembly_genomic
AT4G05555	OX291741.1	81.214	692	88	24	2163	2819	13831039	13831723	1.1e-145	520	GCA_946412225.1_IP-Mdc-14.PacbioHiFiAssembly_genomic
AT4G05555	OX291741.1	87.16	405	30	13	2414	2816	19105815	19106199	8.79e-122	440	GCA_946412225.1_IP-Mdc-14.PacbioHiFiAssembly_genomic
AT4G05555	OX291741.1	100	41	0	0	2782	2822	19106186	19106226	2.86e-12	76.8	GCA_946412225.1_IP-Mdc-14.PacbioHiFiAssembly_genomic
AT4G05555	OX291745.1	86.929	1094	132	10	92	1179	12080498	12081586	0	1218	GCA_946412225.1_IP-Mdc-14.PacbioHiFiAssembly_genomic
AT1G36970	OX291750.1	99.037	1972	19	0	1	1972	14177683	14179654	0	3537	GCA_946413285.1_IP-Hum-2.9549.PacbioHiFiAssembly_genomic
AT1G36970	OX291750.1	87.835	485	56	3	1381	1864	18666124	18666606	9.85e-160	566	GCA_946413285.1_IP-Hum-2.9549.PacbioHiFiAssembly_genomic
AT1G36970	OX291750.1	81.545	233	20	4	991	1201	18665025	18665256	9.02e-41	171	GCA_946413285.1_IP-Hum-2.9549.PacbioHiFiAssembly_genomic
AT1G36970	OX291750.1	95.745	94	4	0	1214	1307	14179065	14179158	3.27e-35	152	GCA_946413285.1_IP-Hum-2.9549.PacbioHiFiAssembly_genomic
AT1G36970	OX291750.1	94.681	94	5	0	1383	1476	14178896	14178989	1.52e-33	147	GCA_946413285.1_IP-Hum-2.9549.PacbioHiFiAssembly_genomic
AT1G36970	OX291752.1	90.03	672	58	8	2	670	18826938	18827603	0	861	GCA_946413285.1_IP-Hum-2.9549.PacbioHiFiAssembly_genomic
AT1G36970	OX291752.1	88.202	534	60	3	1381	1913	18828309	18828840	2.66e-180	634	GCA_946413285.1_IP-Hum-2.9549.PacbioHiFiAssembly_genomic
AT1G36970	OX291752.1	89.655	87	8	1	1219	1305	18828316	18828401	1.99e-22	110	GCA_946413285.1_IP-Hum-2.9549.PacbioHiFiAssembly_genomic
AT1G36970	OX291753.1	81.843	738	101	19	466	1201	4059608	4060314	5.84e-167	590	GCA_946413285.1_IP-Hum-2.9549.PacbioHiFiAssembly_genomic
AT1G36970	OX291753.1	84.667	600	79	11	1	593	4059006	4059599	7.56e-166	586	GCA_946413285.1_IP-Hum-2.9549.PacbioHiFiAssembly_genomic
AT1G36970	OX291753.1	84.673	535	78	4	1381	1913	4061180	4061712	3.59e-149	531	GCA_946413285.1_IP-Hum-2.9549.PacbioHiFiAssembly_genomic
AT1G36970	OX291751.1	86.372	543	65	9	1381	1919	3516741	3516204	2.72e-165	584	GCA_946413285.1_IP-Hum-2.9549.PacbioHiFiAssembly_genomic
AT1G36970	OX291751.1	83.089	615	86	16	2	608	3518838	3518234	4.61e-153	544	GCA_946413285.1_IP-Hum-2.9549.PacbioHiFiAssembly_genomic
AT1G36970	OX291751.1	80.543	442	49	13	715	1148	3518096	3517684	2.37e-81	305	GCA_946413285.1_IP-Hum-2.9549.PacbioHiFiAssembly_genomic
AT1G36970	OX291751.1	91.86	86	7	0	1116	1201	3517695	3517610	9.22e-26	121	GCA_946413285.1_IP-Hum-2.9549.PacbioHiFiAssembly_genomic
AT3G31560	OX291751.1	87.879	297	30	2	3	296	3517823	3518116	1.11e-93	344	GCA_946413285.1_IP-Hum-2.9549.PacbioHiFiAssembly_genomic
AT3G31560	OX291751.1	94.444	162	8	1	296	457	13882942	13883102	8.98e-65	248	GCA_946413285.1_IP-Hum-2.9549.PacbioHiFiAssembly_genomic
AT3G31560	OX291750.1	89.167	240	26	0	33	272	14178637	14178398	2.44e-80	300	GCA_946413285.1_IP-Hum-2.9549.PacbioHiFiAssembly_genomic
AT4G05555	OX291753.1	97.521	2824	50	3	1	2823	4057464	4060268	0	4809	GCA_946413285.1_IP-Hum-2.9549.PacbioHiFiAssembly_genomic
AT4G05555	OX291753.1	86.842	152	17	2	2032	2183	4059612	4059760	1.68e-39	167	GCA_946413285.1_IP-Hum-2.9549.PacbioHiFiAssembly_genomic
AT4G05555	OX291750.1	90.999	1411	116	9	1	1407	14990894	14992297	0	1892	GCA_946413285.1_IP-Hum-2.9549.PacbioHiFiAssembly_genomic
AT4G05555	OX291750.1	89.499	1038	84	15	1136	2169	18663773	18664789	0	1290	GCA_946413285.1_IP-Hum-2.9549.PacbioHiFiAssembly_genomic
AT4G05555	OX291750.1	84.232	723	97	14	1439	2154	14177563	14178275	0	688	GCA_946413285.1_IP-Hum-2.9549.PacbioHiFiAssembly_genomic
AT4G05555	OX291750.1	81.567	689	92	19	2163	2819	14178148	14178833	1.11e-150	536	GCA_946413285.1_IP-Hum-2.9549.PacbioHiFiAssembly_genomic
AT4G05555	OX291750.1	91.71	386	30	2	496	881	18663026	18663409	3.99e-150	534	GCA_946413285.1_IP-Hum-2.9549.PacbioHiFiAssembly_genomic
AT4G05555	OX291750.1	89.041	365	32	7	1037	1398	18663407	18663766	1.92e-123	446	GCA_946413285.1_IP-Hum-2.9549.PacbioHiFiAssembly_genomic
AT4G05555	OX291750.1	86.914	405	31	13	2414	2816	18664798	18665182	4.16e-120	435	GCA_946413285.1_IP-Hum-2.9549.PacbioHiFiAssembly_genomic
AT4G05555	OX291750.1	100	35	0	0	2788	2822	18665175	18665209	6.29e-09	65.8	GCA_946413285.1_IP-Hum-2.9549.PacbioHiFiAssembly_genomic
AT4G05555	OX291751.1	92.456	1246	67	9	1066	2310	3519312	3518093	0	1755	GCA_946413285.1_IP-Hum-2.9549.PacbioHiFiAssembly_genomic
AT4G05555	OX291751.1	92.769	567	37	4	1	565	3519868	3519304	0	817	GCA_946413285.1_IP-Hum-2.9549.PacbioHiFiAssembly_genomic
AT4G05555	OX291751.1	93.462	413	23	2	2408	2816	3518096	3517684	6.45e-173	610	GCA_946413285.1_IP-Hum-2.9549.PacbioHiFiAssembly_genomic
AT4G05555	OX291751.1	88.406	138	16	0	2032	2169	3518236	3518099	1.68e-39	167	GCA_946413285.1_IP-Hum-2.9549.PacbioHiFiAssembly_genomic
AT4G05555	OX291751.1	100	39	0	0	2784	2822	3517695	3517657	3.76e-11	73.1	GCA_946413285.1_IP-Hum-2.9549.PacbioHiFiAssembly_genomic
AT4G05555	OX291752.1	89.774	1369	131	8	1	1366	18825428	18826790	0	1744	GCA_946413285.1_IP-Hum-2.9549.PacbioHiFiAssembly_genomic
AT4G05555	OX291752.1	89.034	766	78	4	1405	2169	18826781	18827541	0	944	GCA_946413285.1_IP-Hum-2.9549.PacbioHiFiAssembly_genomic
AT1G36970	OX291755.1	99.443	1974	9	1	1	1972	14089686	14091659	0	3583	GCA_946413305.1_IP-Med-3.PacbioHiFiAssembly_genomic
AT1G36970	OX291755.1	88.041	485	55	3	1381	1864	19938316	19938798	2.1e-161	571	GCA_946413305.1_IP-Med-3.PacbioHiFiAssembly_genomic
AT1G36970	OX291755.1	82.403	233	18	4	991	1201	19937217	19937448	4.13e-44	182	GCA_946413305.1_IP-Med-3.PacbioHiFiAssembly_genomic
AT1G36970	OX291755.1	95.745	94	4	0	1214	1307	14091070	14091163	3.24e-35	152	GCA_946413305.1_IP-Med-3.PacbioHiFiAssembly_genomic
AT1G36970	OX291755.1	93.75	96	4	1	1383	1476	14090899	14090994	1.95e-32	143	GCA_946413305.1_IP-Med-3.PacbioHiFiAssembly_genomic
AT1G36970	OX291757.1	89.053	676	63	8	2	670	17549932	17550603	0	828	GCA_946413305.1_IP-Med-3.PacbioHiFiAssembly_genomic
AT1G36970	OX291757.1	88.577	534	59	2	1381	1913	13135297	13134765	0	647	GCA_946413305.1_IP-Med-3.PacbioHiFiAssembly_genomic
AT1G36970	OX291757.1	87.666	527	62	3	1388	1913	17551375	17551899	4.44e-173	610	GCA_946413305.1_IP-Med-3.PacbioHiFiAssembly_genomic
AT1G36970	OX291758.1	81.978	738	100	19	466	1201	3447208	3447914	1.24e-168	595	GCA_946413305.1_IP-Med-3.PacbioHiFiAssembly_genomic
AT1G36970	OX291758.1	85.15	532	77	2	1383	1913	3448783	3449313	4.57e-153	544	GCA_946413305.1_IP-Med-3.PacbioHiFiAssembly_genomic
AT3G31560	OX291758.1	89.259	270	28	1	3	272	3447722	3447454	1.85e-91	337	GCA_946413305.1_IP-Med-3.PacbioHiFiAssembly_genomic
AT3G31560	OX291755.1	88.75	240	27	0	33	272	14090640	14090401	1.13e-78	294	GCA_946413305.1_IP-Med-3.PacbioHiFiAssembly_genomic
AT3G31560	OX291756.1	95.062	162	7	1	296	457	12946387	12946547	1.91e-66	254	GCA_946413305.1_IP-Med-3.PacbioHiFiAssembly_genomic
AT4G05555	OX291758.1	97.769	2824	44	2	1	2823	3445063	3447868	0	4848	GCA_946413305.1_IP-Med-3.PacbioHiFiAssembly_genomic
AT4G05555	OX291758.1	89.13	138	15	0	2032	2169	3447212	3447349	3.57e-41	172	GCA_946413305.1_IP-Med-3.PacbioHiFiAssembly_genomic
AT4G05555	OX291758.1	87.681	138	17	0	2167	2304	3447077	3447214	7.73e-38	161	GCA_946413305.1_IP-Med-3.PacbioHiFiAssembly_genomic
AT4G05555	OX291757.1	89.554	1369	124	8	1	1366	17548432	17549784	0	1718	GCA_946413305.1_IP-Med-3.PacbioHiFiAssembly_genomic
AT4G05555	OX291757.1	88.571	770	80	5	1405	2169	17549775	17550541	0	928	GCA_946413305.1_IP-Med-3.PacbioHiFiAssembly_genomic
AT4G05555	OX291757.1	88.67	203	23	0	2164	2366	17550401	17550603	5.77e-64	248	GCA_946413305.1_IP-Med-3.PacbioHiFiAssembly_genomic
AT4G05555	OX291755.1	89.22	1039	86	16	1135	2169	19935965	19936981	0	1275	GCA_946413305.1_IP-Med-3.PacbioHiFiAssembly_genomic
AT4G05555	OX291755.1	90.066	906	78	11	496	1398	19935063	19935959	0	1164	GCA_946413305.1_IP-Med-3.PacbioHiFiAssembly_genomic
AT4G05555	OX291755.1	83.961	717	97	15	1446	2154	14089572	14090278	0	671	GCA_946413305.1_IP-Med-3.PacbioHiFiAssembly_genomic
AT4G05555	OX291755.1	81.503	692	87	23	2163	2819	14090151	14090836	5.11e-149	531	GCA_946413305.1_IP-Med-3.PacbioHiFiAssembly_genomic
AT4G05555	OX291755.1	87.16	405	30	13	2414	2816	19936990	19937374	8.87e-122	440	GCA_946413305.1_IP-Med-3.PacbioHiFiAssembly_genomic
AT4G05555	OX291755.1	100	41	0	0	2782	2822	19937361	19937401	2.88e-12	76.8	GCA_946413305.1_IP-Med-3.PacbioHiFiAssembly_genomic
AT1G36970	OX291760.1	99.493	1972	10	0	1	1972	13902463	13904434	0	3587	GCA_946413405.1_PREI-A-14.PacbioHiFiAssembly_genomic
AT1G36970	OX291760.1	95.745	94	4	0	1383	1476	13903676	13903769	3.17e-35	152	GCA_946413405.1_PREI-A-14.PacbioHiFiAssembly_genomic
AT1G36970	OX291760.1	95.745	94	4	0	1214	1307	13903845	13903938	3.17e-35	152	GCA_946413405.1_PREI-A-14.PacbioHiFiAssembly_genomic
AT1G36970	OX291762.1	89.614	674	58	9	4	670	17247532	17248200	0	846	GCA_946413405.1_PREI-A-14.PacbioHiFiAssembly_genomic
AT1G36970	OX291762.1	88.994	527	55	3	1388	1913	17248973	17249497	0	649	GCA_946413405.1_PREI-A-14.PacbioHiFiAssembly_genomic
AT1G36970	OX291762.1	85.185	513	49	7	636	1148	13178273	13177788	2.73e-140	501	GCA_946413405.1_PREI-A-14.PacbioHiFiAssembly_genomic
AT1G36970	OX291762.1	88.647	414	42	2	1381	1794	13176855	13176447	9.83e-140	499	GCA_946413405.1_PREI-A-14.PacbioHiFiAssembly_genomic
AT1G36970	OX291762.1	88.417	259	27	1	596	854	13178531	13178276	1.78e-82	309	GCA_946413405.1_PREI-A-14.PacbioHiFiAssembly_genomic
AT1G36970	OX291762.1	95.604	91	4	0	1111	1201	13177804	13177714	1.47e-33	147	GCA_946413405.1_PREI-A-14.PacbioHiFiAssembly_genomic
AT1G36970	OX291762.1	93.103	87	5	1	1219	1305	17248973	17249058	1.92e-27	126	GCA_946413405.1_PREI-A-14.PacbioHiFiAssembly_genomic
AT1G36970	OX291763.1	84.975	599	79	9	1	593	3211613	3212206	3.39e-169	597	GCA_946413405.1_PREI-A-14.PacbioHiFiAssembly_genomic
AT1G36970	OX291763.1	81.732	739	100	20	466	1201	3212215	3212921	2.64e-165	584	GCA_946413405.1_PREI-A-14.PacbioHiFiAssembly_genomic
AT1G36970	OX291763.1	85.421	535	74	4	1381	1913	3213788	3214320	7.44e-156	553	GCA_946413405.1_PREI-A-14.PacbioHiFiAssembly_genomic
AT1G36970	OX291761.1	86.188	543	66	9	1381	1919	3556764	3556227	1.23e-163	579	GCA_946413405.1_PREI-A-14.PacbioHiFiAssembly_genomic
AT1G36970	OX291761.1	83.089	615	86	16	2	608	3558860	3558256	4.48e-153	544	GCA_946413405.1_PREI-A-14.PacbioHiFiAssembly_genomic
AT1G36970	OX291761.1	80.543	442	49	13	715	1148	3558118	3557706	2.3e-81	305	GCA_946413405.1_PREI-A-14.PacbioHiFiAssembly_genomic
AT1G36970	OX291761.1	91.86	86	7	0	1116	1201	3557717	3557632	8.94e-26	121	GCA_946413405.1_PREI-A-14.PacbioHiFiAssembly_genomic
AT3G31560	OX291762.1	95.926	270	11	0	3	272	13177927	13178196	4.81e-122	438	GCA_946413405.1_PREI-A-14.PacbioHiFiAssembly_genomic
AT3G31560	OX291762.1	96.791	187	6	0	271	457	13178511	13178697	3.04e-84	313	GCA_946413405.1_PREI-A-14.PacbioHiFiAssembly_genomic
AT3G31560	OX291762.1	97.872	141	3	0	132	272	13178274	13178414	1.13e-63	244	GCA_946413405.1_PREI-A-14.PacbioHiFiAssembly_genomic
AT3G31560	OX291761.1	87.879	297	30	2	3	296	3557845	3558138	1.08e-93	344	GCA_946413405.1_PREI-A-14.PacbioHiFiAssembly_genomic
AT3G31560	OX291761.1	93.293	164	8	2	296	457	14071748	14071910	5.24e-62	239	GCA_946413405.1_PREI-A-14.PacbioHiFiAssembly_genomic
AT3G31560	OX291763.1	89.259	270	28	1	3	272	3212729	3212461	1.81e-91	337	GCA_946413405.1_PREI-A-14.PacbioHiFiAssembly_genomic
AT3G31560	OX291760.1	89.167	240	26	0	33	272	13903417	13903178	2.37e-80	300	GCA_946413405.1_PREI-A-14.PacbioHiFiAssembly_genomic
AT4G05555	OX291763.1	99.114	2823	7	1	1	2823	3210071	3212875	0	5059	GCA_946413405.1_PREI-A-14.PacbioHiFiAssembly_genomic
AT4G05555	OX291763.1	88.406	138	16	0	2167	2304	3212084	3212221	1.63e-39	167	GCA_946413405.1_PREI-A-14.PacbioHiFiAssembly_genomic
AT4G05555	OX291763.1	88.406	138	16	0	2032	2169	3212219	3212356	1.63e-39	167	GCA_946413405.1_PREI-A-14.PacbioHiFiAssembly_genomic
AT4G05555	OX291761.1	92.536	1246	66	9	1066	2310	3559334	3558115	0	1760	GCA_946413405.1_PREI-A-14.PacbioHiFiAssembly_genomic
AT4G05555	OX291761.1	92.769	567	37	4	1	565	3559890	3559326	0	817	GCA_946413405.1_PREI-A-14.PacbioHiFiAssembly_genomic
AT4G05555	OX291761.1	93.462	413	23	2	2408	2816	3558118	3557706	6.25e-173	610	GCA_946413405.1_PREI-A-14.PacbioHiFiAssembly_genomic
AT4G05555	OX291761.1	88.406	138	16	0	2032	2169	3558258	3558121	1.63e-39	167	GCA_946413405.1_PREI-A-14.PacbioHiFiAssembly_genomic
AT4G05555	OX291761.1	100	39	0	0	2784	2822	3557717	3557679	3.65e-11	73.1	GCA_946413405.1_PREI-A-14.PacbioHiFiAssembly_genomic
AT4G05555	OX291762.1	90.58	1104	99	5	265	1366	17246282	17247382	0	1458	GCA_946413405.1_PREI-A-14.PacbioHiFiAssembly_genomic
AT4G05555	OX291762.1	87.922	770	84	6	1405	2169	17247373	17248138	0	898	GCA_946413405.1_PREI-A-14.PacbioHiFiAssembly_genomic
AT4G05555	OX291762.1	90.76	487	42	3	2332	2816	13178273	13177788	0	647	GCA_946413405.1_PREI-A-14.PacbioHiFiAssembly_genomic
AT4G05555	OX291762.1	88.018	217	25	1	1	216	17246061	17246277	3.37e-66	255	GCA_946413405.1_PREI-A-14.PacbioHiFiAssembly_genomic
AT4G05555	OX291762.1	89.163	203	22	0	2164	2366	17247998	17248200	1.21e-65	254	GCA_946413405.1_PREI-A-14.PacbioHiFiAssembly_genomic
AT4G05555	OX291762.1	100	41	0	0	2782	2822	13177801	13177761	2.82e-12	76.8	GCA_946413405.1_PREI-A-14.PacbioHiFiAssembly_genomic
AT4G05555	OX291764.1	87.088	1092	133	8	92	1179	12945694	12946781	0	1229	GCA_946413405.1_PREI-A-14.PacbioHiFiAssembly_genomic
AT4G05555	OX291760.1	83.956	723	99	14	1439	2154	13902343	13903055	0	676	GCA_946413405.1_PREI-A-14.PacbioHiFiAssembly_genomic
AT4G05555	OX291760.1	81.358	692	88	23	2163	2819	13902928	13903613	2.33e-147	525	GCA_946413405.1_PREI-A-14.PacbioHiFiAssembly_genomic
AT1G36970	OX291766.1	99.797	1972	4	0	1	1972	16480766	16482737	0	3620	GCA_946413935.1_IP-Sln-22.PacbioHiFiAssembly_genomic
AT1G36970	OX291766.1	95.745	94	4	0	1214	1307	16482148	16482241	3.28e-35	152	GCA_946413935.1_IP-Sln-22.PacbioHiFiAssembly_genomic
AT1G36970	OX291768.1	89.349	676	53	12	2	670	18397065	18397728	0	832	GCA_946413935.1_IP-Sln-22.PacbioHiFiAssembly_genomic
AT1G36970	OX291768.1	88.015	534	63	1	1381	1913	13311280	13311813	3.46e-179	630	GCA_946413935.1_IP-Sln-22.PacbioHiFiAssembly_genomic
AT1G36970	OX291768.1	88.015	534	63	1	1381	1913	13319550	13320083	3.46e-179	630	GCA_946413935.1_IP-Sln-22.PacbioHiFiAssembly_genomic
AT1G36970	OX291768.1	88.015	534	63	1	1381	1913	13327818	13328351	3.46e-179	630	GCA_946413935.1_IP-Sln-22.PacbioHiFiAssembly_genomic
AT1G36970	OX291768.1	87.5	536	63	4	1386	1919	13395964	13396497	9.69e-175	616	GCA_946413935.1_IP-Sln-22.PacbioHiFiAssembly_genomic
AT1G36970	OX291768.1	87.006	531	65	4	1386	1913	13409347	13409876	1.26e-168	595	GCA_946413935.1_IP-Sln-22.PacbioHiFiAssembly_genomic
AT1G36970	OX291768.1	87.006	531	65	4	1386	1913	13420703	13421232	1.26e-168	595	GCA_946413935.1_IP-Sln-22.PacbioHiFiAssembly_genomic
AT1G36970	OX291768.1	87.097	527	65	3	1388	1913	18398500	18399024	4.54e-168	593	GCA_946413935.1_IP-Sln-22.PacbioHiFiAssembly_genomic
AT1G36970	OX291768.1	85.353	553	54	11	596	1148	13394501	13395026	3.59e-154	547	GCA_946413935.1_IP-Sln-22.PacbioHiFiAssembly_genomic
AT1G36970	OX291768.1	85.172	553	55	8	596	1148	13318093	13318618	1.67e-152	542	GCA_946413935.1_IP-Sln-22.PacbioHiFiAssembly_genomic
AT1G36970	OX291768.1	85.172	553	55	8	596	1148	13326361	13326886	1.67e-152	542	GCA_946413935.1_IP-Sln-22.PacbioHiFiAssembly_genomic
AT1G36970	OX291768.1	84.81	553	57	8	596	1148	13309823	13310348	3.61e-149	531	GCA_946413935.1_IP-Sln-22.PacbioHiFiAssembly_genomic
AT1G36970	OX291768.1	84.657	554	56	11	596	1148	13407884	13408409	1.68e-147	525	GCA_946413935.1_IP-Sln-22.PacbioHiFiAssembly_genomic
AT1G36970	OX291768.1	84.657	554	56	11	596	1148	13419240	13419765	1.68e-147	525	GCA_946413935.1_IP-Sln-22.PacbioHiFiAssembly_genomic
AT1G36970	OX291768.1	83.906	553	61	9	596	1148	13365580	13366104	7.87e-141	503	GCA_946413935.1_IP-Sln-22.PacbioHiFiAssembly_genomic
AT1G36970	OX291768.1	89.057	265	29	0	1386	1650	13366893	13367157	1.41e-88	329	GCA_946413935.1_IP-Sln-22.PacbioHiFiAssembly_genomic
AT1G36970	OX291768.1	96.429	56	2	0	1146	1201	13310367	13310422	2.02e-17	93.5	GCA_946413935.1_IP-Sln-22.PacbioHiFiAssembly_genomic
AT1G36970	OX291768.1	96.429	56	2	0	1146	1201	13318637	13318692	2.02e-17	93.5	GCA_946413935.1_IP-Sln-22.PacbioHiFiAssembly_genomic
AT1G36970	OX291768.1	96.429	56	2	0	1146	1201	13326905	13326960	2.02e-17	93.5	GCA_946413935.1_IP-Sln-22.PacbioHiFiAssembly_genomic
AT1G36970	OX291768.1	96.429	56	2	0	1146	1201	13366123	13366178	2.02e-17	93.5	GCA_946413935.1_IP-Sln-22.PacbioHiFiAssembly_genomic
AT1G36970	OX291768.1	96.429	56	2	0	1146	1201	13395045	13395100	2.02e-17	93.5	GCA_946413935.1_IP-Sln-22.PacbioHiFiAssembly_genomic
AT1G36970	OX291768.1	91.071	56	5	0	1146	1201	13419784	13419839	2.03e-12	76.8	GCA_946413935.1_IP-Sln-22.PacbioHiFiAssembly_genomic
AT1G36970	OX291768.1	90.385	52	5	0	1150	1201	13408432	13408483	3.4e-10	69.4	GCA_946413935.1_IP-Sln-22.PacbioHiFiAssembly_genomic
AT1G36970	OX291769.1	84.975	599	78	10	1	593	3358142	3358734	3.51e-169	597	GCA_946413935.1_IP-Sln-22.PacbioHiFiAssembly_genomic
AT1G36970	OX291769.1	81.436	738	104	19	466	1201	3358743	3359449	5.91e-162	573	GCA_946413935.1_IP-Sln-22.PacbioHiFiAssembly_genomic
AT1G36970	OX291769.1	84.86	535	77	4	1381	1913	3360315	3360847	7.76e-151	536	GCA_946413935.1_IP-Sln-22.PacbioHiFiAssembly_genomic
AT3G31560	OX291768.1	96.667	270	9	0	3	272	13318479	13318210	2.3e-125	449	GCA_946413935.1_IP-Sln-22.PacbioHiFiAssembly_genomic
AT3G31560	OX291768.1	96.667	270	9	0	3	272	13326747	13326478	2.3e-125	449	GCA_946413935.1_IP-Sln-22.PacbioHiFiAssembly_genomic
AT3G31560	OX291768.1	96.667	270	9	0	3	272	13394887	13394618	2.3e-125	449	GCA_946413935.1_IP-Sln-22.PacbioHiFiAssembly_genomic
AT3G31560	OX291768.1	95.926	270	11	0	3	272	13310209	13309940	4.99e-122	438	GCA_946413935.1_IP-Sln-22.PacbioHiFiAssembly_genomic
AT3G31560	OX291768.1	95.556	270	12	0	3	272	13408270	13408001	2.32e-120	433	GCA_946413935.1_IP-Sln-22.PacbioHiFiAssembly_genomic
AT3G31560	OX291768.1	95.556	270	12	0	3	272	13419626	13419357	2.32e-120	433	GCA_946413935.1_IP-Sln-22.PacbioHiFiAssembly_genomic
AT3G31560	OX291768.1	95.556	270	11	1	3	272	13365965	13365697	8.35e-120	431	GCA_946413935.1_IP-Sln-22.PacbioHiFiAssembly_genomic
AT3G31560	OX291768.1	97.861	187	4	0	271	457	13394521	13394335	1.46e-87	324	GCA_946413935.1_IP-Sln-22.PacbioHiFiAssembly_genomic
AT3G31560	OX291768.1	97.861	187	4	0	271	457	13407904	13407718	1.46e-87	324	GCA_946413935.1_IP-Sln-22.PacbioHiFiAssembly_genomic
AT3G31560	OX291768.1	97.861	187	4	0	271	457	13419260	13419074	1.46e-87	324	GCA_946413935.1_IP-Sln-22.PacbioHiFiAssembly_genomic
AT3G31560	OX291768.1	96.791	187	6	0	271	457	13309843	13309657	3.15e-84	313	GCA_946413935.1_IP-Sln-22.PacbioHiFiAssembly_genomic
AT3G31560	OX291768.1	96.791	187	6	0	271	457	13326381	13326195	3.15e-84	313	GCA_946413935.1_IP-Sln-22.PacbioHiFiAssembly_genomic
AT3G31560	OX291768.1	96.257	187	7	0	271	457	13318113	13317927	1.47e-82	307	GCA_946413935.1_IP-Sln-22.PacbioHiFiAssembly_genomic
AT3G31560	OX291768.1	96.257	187	7	0	271	457	13365600	13365414	1.47e-82	307	GCA_946413935.1_IP-Sln-22.PacbioHiFiAssembly_genomic
AT3G31560	OX291769.1	89.259	270	28	1	3	272	3359257	3358989	1.87e-91	337	GCA_946413935.1_IP-Sln-22.PacbioHiFiAssembly_genomic
AT3G31560	OX291766.1	88.75	240	27	0	33	272	16481720	16481481	1.14e-78	294	GCA_946413935.1_IP-Sln-22.PacbioHiFiAssembly_genomic
AT3G31560	OX291767.1	95.062	162	7	1	296	457	14790520	14790680	1.94e-66	254	GCA_946413935.1_IP-Sln-22.PacbioHiFiAssembly_genomic
AT4G05555	OX291769.1	97.52	2823	51	2	1	2823	3356600	3359403	0	4807	GCA_946413935.1_IP-Sln-22.PacbioHiFiAssembly_genomic
AT4G05555	OX291769.1	88.406	138	16	0	2032	2169	3358747	3358884	1.69e-39	167	GCA_946413935.1_IP-Sln-22.PacbioHiFiAssembly_genomic
AT4G05555	OX291768.1	90.489	1104	100	5	265	1366	18395817	18396917	0	1452	GCA_946413935.1_IP-Sln-22.PacbioHiFiAssembly_genomic
AT4G05555	OX291768.1	87.403	770	81	10	1405	2169	18396908	18397666	0	870	GCA_946413935.1_IP-Sln-22.PacbioHiFiAssembly_genomic
AT4G05555	OX291768.1	90.207	531	51	1	2287	2816	13318088	13318618	0	691	GCA_946413935.1_IP-Sln-22.PacbioHiFiAssembly_genomic
AT4G05555	OX291768.1	90.207	531	51	1	2287	2816	13326356	13326886	0	691	GCA_946413935.1_IP-Sln-22.PacbioHiFiAssembly_genomic
AT4G05555	OX291768.1	90.207	531	51	1	2287	2816	13394496	13395026	0	691	GCA_946413935.1_IP-Sln-22.PacbioHiFiAssembly_genomic
AT4G05555	OX291768.1	89.831	531	53	1	2287	2816	13309818	13310348	0	680	GCA_946413935.1_IP-Sln-22.PacbioHiFiAssembly_genomic
AT4G05555	OX291768.1	89.831	531	53	1	2287	2816	13407879	13408409	0	680	GCA_946413935.1_IP-Sln-22.PacbioHiFiAssembly_genomic
AT4G05555	OX291768.1	89.831	531	53	1	2287	2816	13419235	13419765	0	680	GCA_946413935.1_IP-Sln-22.PacbioHiFiAssembly_genomic
AT4G05555	OX291768.1	89.286	532	53	4	2287	2816	13365575	13366104	0	664	GCA_946413935.1_IP-Sln-22.PacbioHiFiAssembly_genomic
AT4G05555	OX291768.1	89.163	203	22	0	2164	2366	18397526	18397728	1.26e-65	254	GCA_946413935.1_IP-Sln-22.PacbioHiFiAssembly_genomic
AT4G05555	OX291768.1	87.097	217	24	3	1	216	18395599	18395812	2.72e-62	243	GCA_946413935.1_IP-Sln-22.PacbioHiFiAssembly_genomic
AT4G05555	OX291770.1	86.996	1092	134	8	92	1179	13353994	13355081	0	1223	GCA_946413935.1_IP-Sln-22.PacbioHiFiAssembly_genomic
AT4G05555	OX291766.1	84.371	723	96	14	1439	2154	16480646	16481358	0	693	GCA_946413935.1_IP-Sln-22.PacbioHiFiAssembly_genomic
AT4G05555	OX291766.1	81.132	689	95	19	2163	2819	16481231	16481916	1.12e-145	520	GCA_946413935.1_IP-Sln-22.PacbioHiFiAssembly_genomic
AT1G36970	OX291775.1	98.834	1972	23	0	1	1972	13992558	13994529	0	3515	GCA_946414125.1_Cvi-0.6911.PacbioHiFiAssembly_genomic
AT1G36970	OX291775.1	88.43	484	53	3	1387	1869	15492608	15492127	3.53e-164	580	GCA_946414125.1_Cvi-0.6911.PacbioHiFiAssembly_genomic
AT1G36970	OX291775.1	88.247	485	54	3	1381	1864	20163461	20163943	4.56e-163	577	GCA_946414125.1_Cvi-0.6911.PacbioHiFiAssembly_genomic
AT1G36970	OX291775.1	88.05	159	17	2	991	1148	15493713	15493556	8.98e-46	187	GCA_946414125.1_Cvi-0.6911.PacbioHiFiAssembly_genomic
AT1G36970	OX291775.1	81.545	233	20	4	991	1201	20162362	20162593	9.05e-41	171	GCA_946414125.1_Cvi-0.6911.PacbioHiFiAssembly_genomic
AT1G36970	OX291775.1	95.745	94	4	0	1383	1476	13993771	13993864	3.28e-35	152	GCA_946414125.1_Cvi-0.6911.PacbioHiFiAssembly_genomic
AT1G36970	OX291778.1	82.744	1159	155	28	1	1150	3289977	3291099	0	990	GCA_946414125.1_Cvi-0.6911.PacbioHiFiAssembly_genomic
AT1G36970	OX291778.1	84.86	535	74	7	1382	1913	3292042	3292572	1e-149	532	GCA_946414125.1_Cvi-0.6911.PacbioHiFiAssembly_genomic
AT1G36970	OX291778.1	89.796	49	5	0	1153	1201	3291126	3291174	1.58e-08	63.9	GCA_946414125.1_Cvi-0.6911.PacbioHiFiAssembly_genomic
AT1G36970	OX291777.1	90.138	578	52	5	95	670	18318699	18319273	0	747	GCA_946414125.1_Cvi-0.6911.PacbioHiFiAssembly_genomic
AT1G36970	OX291777.1	88.015	534	62	2	1381	1913	13052031	13051499	3.45e-179	630	GCA_946414125.1_Cvi-0.6911.PacbioHiFiAssembly_genomic
AT1G36970	OX291777.1	88.235	527	59	3	1388	1913	18320045	18320569	4.47e-178	627	GCA_946414125.1_Cvi-0.6911.PacbioHiFiAssembly_genomic
AT1G36970	OX291777.1	85.379	554	52	11	596	1148	13053488	13052963	3.58e-154	547	GCA_946414125.1_Cvi-0.6911.PacbioHiFiAssembly_genomic
AT1G36970	OX291777.1	83.673	588	46	13	636	1201	13093689	13093130	1.69e-142	508	GCA_946414125.1_Cvi-0.6911.PacbioHiFiAssembly_genomic
AT1G36970	OX291777.1	88.803	259	26	3	596	854	13093947	13093692	3.95e-84	315	GCA_946414125.1_Cvi-0.6911.PacbioHiFiAssembly_genomic
AT1G36970	OX291777.1	88.142	253	29	1	1381	1633	13092270	13092019	1.11e-79	300	GCA_946414125.1_Cvi-0.6911.PacbioHiFiAssembly_genomic
AT1G36970	OX291776.1	85.978	542	69	7	1381	1919	3111583	3111046	5.9e-162	573	GCA_946414125.1_Cvi-0.6911.PacbioHiFiAssembly_genomic
AT1G36970	OX291776.1	83.415	615	84	16	2	608	3113680	3113076	2.14e-156	555	GCA_946414125.1_Cvi-0.6911.PacbioHiFiAssembly_genomic
AT1G36970	OX291776.1	80.227	440	54	12	715	1148	3112938	3112526	1.11e-79	300	GCA_946414125.1_Cvi-0.6911.PacbioHiFiAssembly_genomic
AT1G36970	OX291776.1	93.023	86	6	0	1116	1201	3112537	3112452	1.99e-27	126	GCA_946414125.1_Cvi-0.6911.PacbioHiFiAssembly_genomic
AT3G31560	OX291777.1	97.407	270	7	0	3	272	13093343	13093612	1.06e-128	460	GCA_946414125.1_Cvi-0.6911.PacbioHiFiAssembly_genomic
AT3G31560	OX291777.1	95.556	270	12	0	3	272	13053102	13053371	2.32e-120	433	GCA_946414125.1_Cvi-0.6911.PacbioHiFiAssembly_genomic
AT3G31560	OX291777.1	97.326	187	5	0	271	457	13093927	13094113	6.77e-86	318	GCA_946414125.1_Cvi-0.6911.PacbioHiFiAssembly_genomic
AT3G31560	OX291777.1	95.722	187	8	0	271	457	13053468	13053654	6.81e-81	302	GCA_946414125.1_Cvi-0.6911.PacbioHiFiAssembly_genomic
AT3G31560	OX291777.1	96.454	141	5	0	132	272	13093690	13093830	2.52e-60	233	GCA_946414125.1_Cvi-0.6911.PacbioHiFiAssembly_genomic
AT3G31560	OX291776.1	87.205	297	32	2	3	296	3112665	3112958	2.42e-90	333	GCA_946414125.1_Cvi-0.6911.PacbioHiFiAssembly_genomic
AT3G31560	OX291776.1	95.062	162	7	1	296	457	13567242	13567402	1.93e-66	254	GCA_946414125.1_Cvi-0.6911.PacbioHiFiAssembly_genomic
AT3G31560	OX291778.1	88.889	270	29	1	3	272	3290958	3290690	8.69e-90	331	GCA_946414125.1_Cvi-0.6911.PacbioHiFiAssembly_genomic
AT3G31560	OX291775.1	87.917	240	29	0	33	272	13993512	13993273	2.47e-75	283	GCA_946414125.1_Cvi-0.6911.PacbioHiFiAssembly_genomic
AT3G31560	OX291775.1	84.81	158	23	1	301	457	22983413	22983256	1.56e-37	158	GCA_946414125.1_Cvi-0.6911.PacbioHiFiAssembly_genomic
AT4G05555	OX291778.1	96.841	2184	46	5	1	2183	3288435	3290596	0	3629	GCA_946414125.1_Cvi-0.6911.PacbioHiFiAssembly_genomic
AT4G05555	OX291778.1	98.006	652	13	0	2167	2818	3290448	3291099	0	1133	GCA_946414125.1_Cvi-0.6911.PacbioHiFiAssembly_genomic
AT4G05555	OX291778.1	100	38	0	0	2786	2823	3291091	3291128	1.36e-10	71.3	GCA_946414125.1_Cvi-0.6911.PacbioHiFiAssembly_genomic
AT4G05555	OX291775.1	91.141	1411	114	9	1	1407	15506452	15505049	0	1903	GCA_946414125.1_Cvi-0.6911.PacbioHiFiAssembly_genomic
AT4G05555	OX291775.1	89.692	1038	82	15	1136	2169	20161110	20162126	0	1301	GCA_946414125.1_Cvi-0.6911.PacbioHiFiAssembly_genomic
AT4G05555	OX291775.1	88.877	908	77	11	496	1398	20159686	20160574	0	1096	GCA_946414125.1_Cvi-0.6911.PacbioHiFiAssembly_genomic
AT4G05555	OX291775.1	82.763	789	111	21	1374	2154	13992379	13993150	0	680	GCA_946414125.1_Cvi-0.6911.PacbioHiFiAssembly_genomic
AT4G05555	OX291775.1	91.96	398	32	0	1507	1904	15494560	15494163	2.37e-157	558	GCA_946414125.1_Cvi-0.6911.PacbioHiFiAssembly_genomic
AT4G05555	OX291775.1	81.042	691	92	22	2163	2819	13993023	13993708	5.21e-144	514	GCA_946414125.1_Cvi-0.6911.PacbioHiFiAssembly_genomic
AT4G05555	OX291775.1	88.889	405	35	6	2413	2816	15493951	15493556	8.79e-137	490	GCA_946414125.1_Cvi-0.6911.PacbioHiFiAssembly_genomic
AT4G05555	OX291775.1	87.654	405	28	13	2414	2816	20162135	20162519	4.15e-125	451	GCA_946414125.1_Cvi-0.6911.PacbioHiFiAssembly_genomic
AT4G05555	OX291775.1	87.879	264	26	5	1136	1398	20160845	20161103	3.42e-81	305	GCA_946414125.1_Cvi-0.6911.PacbioHiFiAssembly_genomic
AT4G05555	OX291775.1	87.5	264	26	6	1136	1398	20160581	20160838	5.72e-79	298	GCA_946414125.1_Cvi-0.6911.PacbioHiFiAssembly_genomic
AT4G05555	OX291775.1	88.095	210	19	5	1964	2169	15494166	15493959	7.55e-63	244	GCA_946414125.1_Cvi-0.6911.PacbioHiFiAssembly_genomic
AT4G05555	OX291775.1	100	29	0	0	2794	2822	15493557	15493529	1.37e-05	54.7	GCA_946414125.1_Cvi-0.6911.PacbioHiFiAssembly_genomic
AT4G05555	OX291776.1	92.376	1246	68	12	1066	2310	3114154	3112935	0	1749	GCA_946414125.1_Cvi-0.6911.PacbioHiFiAssembly_genomic
AT4G05555	OX291776.1	92.416	567	39	4	1	565	3114710	3114146	0	806	GCA_946414125.1_Cvi-0.6911.PacbioHiFiAssembly_genomic
AT4G05555	OX291776.1	93.22	413	24	2	2408	2816	3112938	3112526	3.01e-171	604	GCA_946414125.1_Cvi-0.6911.PacbioHiFiAssembly_genomic
AT4G05555	OX291776.1	87.681	138	17	0	2032	2169	3113078	3112941	7.82e-38	161	GCA_946414125.1_Cvi-0.6911.PacbioHiFiAssembly_genomic
AT4G05555	OX291776.1	100	39	0	0	2784	2822	3112537	3112499	3.77e-11	73.1	GCA_946414125.1_Cvi-0.6911.PacbioHiFiAssembly_genomic
AT4G05555	OX291779.1	86.813	1092	136	8	92	1179	12602898	12603985	0	1212	GCA_946414125.1_Cvi-0.6911.PacbioHiFiAssembly_genomic
AT4G05555	OX291777.1	90.856	864	77	2	79	941	18317838	18318700	0	1157	GCA_946414125.1_Cvi-0.6911.PacbioHiFiAssembly_genomic
AT4G05555	OX291777.1	89.85	532	51	3	2287	2816	13053493	13052963	0	680	GCA_946414125.1_Cvi-0.6911.PacbioHiFiAssembly_genomic
AT4G05555	OX291777.1	89.3	514	51	3	1657	2169	18318701	18319211	0	641	GCA_946414125.1_Cvi-0.6911.PacbioHiFiAssembly_genomic
AT4G05555	OX291777.1	90.123	486	47	1	2332	2816	13093689	13093204	4.96e-179	630	GCA_946414125.1_Cvi-0.6911.PacbioHiFiAssembly_genomic
AT4G05555	OX291777.1	88.973	263	29	0	2287	2549	13093952	13093690	2.62e-87	326	GCA_946414125.1_Cvi-0.6911.PacbioHiFiAssembly_genomic
AT4G05555	OX291777.1	89.655	203	21	0	2164	2366	18319071	18319273	2.7e-67	259	GCA_946414125.1_Cvi-0.6911.PacbioHiFiAssembly_genomic
AT4G05555	OX291777.1	100	41	0	0	2782	2822	13093217	13093177	2.92e-12	76.8	GCA_946414125.1_Cvi-0.6911.PacbioHiFiAssembly_genomic
AT1G36970	OX291781.1	99.138	1973	16	1	1	1972	13888515	13890487	0	3548	GCA_946414305.1_IP-Cat-0.9832.PacbioHiFiAssembly_genomic
AT1G36970	OX291781.1	95.745	94	4	0	1383	1476	13889729	13889822	3.22e-35	152	GCA_946414305.1_IP-Cat-0.9832.PacbioHiFiAssembly_genomic
AT1G36970	OX291781.1	95.745	94	4	0	1214	1307	13889898	13889991	3.22e-35	152	GCA_946414305.1_IP-Cat-0.9832.PacbioHiFiAssembly_genomic
AT1G36970	OX291783.1	89.881	672	59	8	2	670	18066356	18067021	0	856	GCA_946414305.1_IP-Cat-0.9832.PacbioHiFiAssembly_genomic
AT1G36970	OX291783.1	88.202	534	60	3	1381	1913	18067727	18068258	2.62e-180	634	GCA_946414305.1_IP-Cat-0.9832.PacbioHiFiAssembly_genomic
AT1G36970	OX291783.1	89.655	87	8	1	1219	1305	18067734	18067819	1.97e-22	110	GCA_946414305.1_IP-Cat-0.9832.PacbioHiFiAssembly_genomic
AT1G36970	OX291784.1	84.808	599	79	10	1	593	3499840	3500432	1.6e-167	592	GCA_946414305.1_IP-Cat-0.9832.PacbioHiFiAssembly_genomic
AT1G36970	OX291784.1	81.572	738	103	19	466	1201	3500441	3501147	1.25e-163	579	GCA_946414305.1_IP-Cat-0.9832.PacbioHiFiAssembly_genomic
AT1G36970	OX291784.1	84.86	535	77	4	1381	1913	3502013	3502545	7.61e-151	536	GCA_946414305.1_IP-Cat-0.9832.PacbioHiFiAssembly_genomic
AT3G31560	OX291784.1	89.259	270	28	1	3	272	3500955	3500687	1.84e-91	337	GCA_946414305.1_IP-Cat-0.9832.PacbioHiFiAssembly_genomic
AT3G31560	OX291781.1	89.583	240	25	0	33	272	13889470	13889231	5.18e-82	305	GCA_946414305.1_IP-Cat-0.9832.PacbioHiFiAssembly_genomic
AT3G31560	OX291782.1	94.444	162	8	1	296	457	14244569	14244729	8.85e-65	248	GCA_946414305.1_IP-Cat-0.9832.PacbioHiFiAssembly_genomic
AT4G05555	OX291784.1	97.52	2823	51	2	1	2823	3498298	3501101	0	4807	GCA_946414305.1_IP-Cat-0.9832.PacbioHiFiAssembly_genomic
AT4G05555	OX291784.1	86.842	152	17	2	2032	2183	3500445	3500593	1.65e-39	167	GCA_946414305.1_IP-Cat-0.9832.PacbioHiFiAssembly_genomic
AT4G05555	OX291783.1	89.847	1369	130	8	1	1366	18064846	18066208	0	1749	GCA_946414305.1_IP-Cat-0.9832.PacbioHiFiAssembly_genomic
AT4G05555	OX291783.1	88.642	766	81	4	1405	2169	18066199	18066959	0	928	GCA_946414305.1_IP-Cat-0.9832.PacbioHiFiAssembly_genomic
AT4G05555	OX291785.1	87.088	1092	133	8	92	1179	12726096	12727183	0	1229	GCA_946414305.1_IP-Cat-0.9832.PacbioHiFiAssembly_genomic
AT4G05555	OX291781.1	83.978	724	98	14	1439	2154	13888395	13889108	0	678	GCA_946414305.1_IP-Cat-0.9832.PacbioHiFiAssembly_genomic
AT4G05555	OX291781.1	81.385	693	87	23	2163	2819	13888980	13889666	6.58e-148	527	GCA_946414305.1_IP-Cat-0.9832.PacbioHiFiAssembly_genomic
AT1G36970	OX291786.1	99.797	1972	4	0	1	1972	13958990	13960961	0	3620	GCA_946415005.1_ANGE-B-2.PacbioHiFiAssembly_genomic
AT1G36970	OX291786.1	95.745	94	4	0	1383	1476	13960203	13960296	3.19e-35	152	GCA_946415005.1_ANGE-B-2.PacbioHiFiAssembly_genomic
AT1G36970	OX291786.1	95.745	94	4	0	1214	1307	13960372	13960465	3.19e-35	152	GCA_946415005.1_ANGE-B-2.PacbioHiFiAssembly_genomic
AT1G36970	OX291788.1	90.03	672	58	8	2	670	18235480	18236145	0	861	GCA_946415005.1_ANGE-B-2.PacbioHiFiAssembly_genomic
AT1G36970	OX291788.1	88.202	534	60	3	1381	1913	18236851	18237382	2.6e-180	634	GCA_946415005.1_ANGE-B-2.PacbioHiFiAssembly_genomic
AT1G36970	OX291788.1	89.655	87	8	1	1219	1305	18236858	18236943	1.94e-22	110	GCA_946415005.1_ANGE-B-2.PacbioHiFiAssembly_genomic
AT1G36970	OX291789.1	84.641	599	81	10	1	593	2976109	2976702	7.37e-166	586	GCA_946415005.1_ANGE-B-2.PacbioHiFiAssembly_genomic
AT1G36970	OX291789.1	81.622	740	97	23	466	1201	2976711	2977415	4.44e-163	577	GCA_946415005.1_ANGE-B-2.PacbioHiFiAssembly_genomic
AT1G36970	OX291789.1	85.607	535	73	4	1381	1913	2978282	2978814	1.61e-157	558	GCA_946415005.1_ANGE-B-2.PacbioHiFiAssembly_genomic
AT3G31560	OX291789.1	88.519	270	30	1	3	272	2977223	2976955	3.93e-88	326	GCA_946415005.1_ANGE-B-2.PacbioHiFiAssembly_genomic
AT3G31560	OX291786.1	88.75	240	27	0	33	272	13959944	13959705	1.11e-78	294	GCA_946415005.1_ANGE-B-2.PacbioHiFiAssembly_genomic
AT3G31560	OX291787.1	95.062	162	7	1	296	457	14423717	14423877	1.88e-66	254	GCA_946415005.1_ANGE-B-2.PacbioHiFiAssembly_genomic
AT4G05555	OX291789.1	98.548	2823	21	2	1	2823	2974567	2977369	0	4968	GCA_946415005.1_ANGE-B-2.PacbioHiFiAssembly_genomic
AT4G05555	OX291789.1	86.842	152	17	2	2032	2183	2976715	2976863	1.64e-39	167	GCA_946415005.1_ANGE-B-2.PacbioHiFiAssembly_genomic
AT4G05555	OX291789.1	88.321	137	16	0	2168	2304	2976581	2976717	5.88e-39	165	GCA_946415005.1_ANGE-B-2.PacbioHiFiAssembly_genomic
AT4G05555	OX291788.1	89.774	1369	131	8	1	1366	18233970	18235332	0	1744	GCA_946415005.1_ANGE-B-2.PacbioHiFiAssembly_genomic
AT4G05555	OX291788.1	89.034	766	78	4	1405	2169	18235323	18236083	0	944	GCA_946415005.1_ANGE-B-2.PacbioHiFiAssembly_genomic
AT4G05555	OX291790.1	87.088	1092	133	8	92	1179	12474798	12475885	0	1229	GCA_946415005.1_ANGE-B-2.PacbioHiFiAssembly_genomic
AT4G05555	OX291786.1	84.371	723	96	14	1439	2154	13958870	13959582	0	693	GCA_946415005.1_ANGE-B-2.PacbioHiFiAssembly_genomic
AT4G05555	OX291786.1	81.358	692	88	23	2163	2819	13959455	13960140	2.34e-147	525	GCA_946415005.1_ANGE-B-2.PacbioHiFiAssembly_genomic
AT1G36970	OX291791.1	99.797	1972	4	0	1	1972	16221056	16223027	0	3620	GCA_946415165.1_IP-Evs-0.9845.PacbioHiFiAssembly_genomic
AT1G36970	OX291791.1	87.835	485	56	3	1381	1864	18618137	18618619	9.76e-160	566	GCA_946415165.1_IP-Evs-0.9845.PacbioHiFiAssembly_genomic
AT1G36970	OX291791.1	82.403	233	18	4	991	1201	18617038	18617269	4.13e-44	182	GCA_946415165.1_IP-Evs-0.9845.PacbioHiFiAssembly_genomic
AT1G36970	OX291791.1	95.745	94	4	0	1214	1307	16222438	16222531	3.24e-35	152	GCA_946415165.1_IP-Evs-0.9845.PacbioHiFiAssembly_genomic
AT1G36970	OX291793.1	90.179	672	57	8	2	670	17878561	17879226	0	867	GCA_946415165.1_IP-Evs-0.9845.PacbioHiFiAssembly_genomic
AT1G36970	OX291793.1	88.39	534	59	3	1381	1913	17879932	17880463	0	640	GCA_946415165.1_IP-Evs-0.9845.PacbioHiFiAssembly_genomic
AT1G36970	OX291793.1	88.506	87	9	1	1219	1305	17879939	17880024	9.19e-21	104	GCA_946415165.1_IP-Evs-0.9845.PacbioHiFiAssembly_genomic
AT1G36970	OX291794.1	82.385	738	97	16	466	1201	3372783	3373489	1.24e-173	612	GCA_946415165.1_IP-Evs-0.9845.PacbioHiFiAssembly_genomic
AT1G36970	OX291794.1	84.474	599	82	9	1	593	3372181	3372774	3.48e-164	580	GCA_946415165.1_IP-Evs-0.9845.PacbioHiFiAssembly_genomic
AT1G36970	OX291794.1	84.991	533	78	2	1382	1913	3374357	3374888	5.91e-152	540	GCA_946415165.1_IP-Evs-0.9845.PacbioHiFiAssembly_genomic
AT1G36970	OX291792.1	86.531	542	66	7	1381	1919	3635361	3634824	5.79e-167	590	GCA_946415165.1_IP-Evs-0.9845.PacbioHiFiAssembly_genomic
AT1G36970	OX291792.1	83.415	615	84	16	2	608	3637458	3636854	2.11e-156	555	GCA_946415165.1_IP-Evs-0.9845.PacbioHiFiAssembly_genomic
AT1G36970	OX291792.1	80.455	440	53	12	715	1148	3636716	3636304	2.35e-81	305	GCA_946415165.1_IP-Evs-0.9845.PacbioHiFiAssembly_genomic
AT1G36970	OX291792.1	93.023	86	6	0	1116	1201	3636315	3636230	1.96e-27	126	GCA_946415165.1_IP-Evs-0.9845.PacbioHiFiAssembly_genomic
AT3G31560	OX291792.1	87.879	297	30	2	3	296	3636443	3636736	1.1e-93	344	GCA_946415165.1_IP-Evs-0.9845.PacbioHiFiAssembly_genomic
AT3G31560	OX291792.1	95.062	162	7	1	296	457	13853155	13853315	1.91e-66	254	GCA_946415165.1_IP-Evs-0.9845.PacbioHiFiAssembly_genomic
AT3G31560	OX291794.1	89.63	270	27	1	3	272	3373297	3373029	3.97e-93	342	GCA_946415165.1_IP-Evs-0.9845.PacbioHiFiAssembly_genomic
AT3G31560	OX291791.1	88.75	240	27	0	33	272	16222010	16221771	1.13e-78	294	GCA_946415165.1_IP-Evs-0.9845.PacbioHiFiAssembly_genomic
AT4G05555	OX291794.1	97.804	2823	44	2	1	2823	3370639	3373443	0	4854	GCA_946415165.1_IP-Evs-0.9845.PacbioHiFiAssembly_genomic
AT4G05555	OX291794.1	88.406	138	16	0	2167	2304	3372652	3372789	1.66e-39	167	GCA_946415165.1_IP-Evs-0.9845.PacbioHiFiAssembly_genomic
AT4G05555	OX291794.1	86.842	152	17	2	2032	2183	3372787	3372935	1.66e-39	167	GCA_946415165.1_IP-Evs-0.9845.PacbioHiFiAssembly_genomic
AT4G05555	OX291792.1	92.777	1246	63	9	1066	2310	3637932	3636713	0	1777	GCA_946415165.1_IP-Evs-0.9845.PacbioHiFiAssembly_genomic
AT4G05555	OX291792.1	92.945	567	36	4	1	565	3638488	3637924	0	822	GCA_946415165.1_IP-Evs-0.9845.PacbioHiFiAssembly_genomic
AT4G05555	OX291792.1	93.462	413	23	2	2408	2816	3636716	3636304	6.39e-173	610	GCA_946415165.1_IP-Evs-0.9845.PacbioHiFiAssembly_genomic
AT4G05555	OX291792.1	88.406	138	16	0	2032	2169	3636856	3636719	1.66e-39	167	GCA_946415165.1_IP-Evs-0.9845.PacbioHiFiAssembly_genomic
AT4G05555	OX291792.1	100	39	0	0	2784	2822	3636315	3636277	3.73e-11	73.1	GCA_946415165.1_IP-Evs-0.9845.PacbioHiFiAssembly_genomic
AT4G05555	OX291793.1	89.627	1369	133	8	1	1366	17877051	17878413	0	1733	GCA_946415165.1_IP-Evs-0.9845.PacbioHiFiAssembly_genomic
AT4G05555	OX291793.1	89.034	766	78	4	1405	2169	17878404	17879164	0	944	GCA_946415165.1_IP-Evs-0.9845.PacbioHiFiAssembly_genomic
AT4G05555	OX291791.1	89.22	1039	87	15	1135	2169	18615785	18616802	0	1275	GCA_946415165.1_IP-Evs-0.9845.PacbioHiFiAssembly_genomic
AT4G05555	OX291791.1	89.956	906	81	9	496	1398	18614881	18615779	0	1160	GCA_946415165.1_IP-Evs-0.9845.PacbioHiFiAssembly_genomic
AT4G05555	OX291791.1	84.371	723	96	14	1439	2154	16220936	16221648	0	693	GCA_946415165.1_IP-Evs-0.9845.PacbioHiFiAssembly_genomic
AT4G05555	OX291791.1	81.132	689	95	19	2163	2819	16221521	16222206	1.11e-145	520	GCA_946415165.1_IP-Evs-0.9845.PacbioHiFiAssembly_genomic
AT4G05555	OX291791.1	86.667	405	32	13	2414	2816	18616811	18617195	1.92e-118	429	GCA_946415165.1_IP-Evs-0.9845.PacbioHiFiAssembly_genomic
AT4G05555	OX291791.1	100	41	0	0	2782	2822	18617182	18617222	2.88e-12	76.8	GCA_946415165.1_IP-Evs-0.9845.PacbioHiFiAssembly_genomic
AT1G36970	OX291800.1	99.037	1972	19	0	1	1972	13873292	13875263	0	3537	GCA_946415445.1_IP-Cas-6.PacbioHiFiAssembly_genomic
AT1G36970	OX291800.1	88.017	484	55	3	1387	1869	16415029	16414548	7.54e-161	569	GCA_946415445.1_IP-Cas-6.PacbioHiFiAssembly_genomic
AT1G36970	OX291800.1	89.308	159	15	2	991	1148	16416134	16415977	4.1e-49	198	GCA_946415445.1_IP-Cas-6.PacbioHiFiAssembly_genomic
AT1G36970	OX291800.1	95.745	94	4	0	1383	1476	13874505	13874598	3.24e-35	152	GCA_946415445.1_IP-Cas-6.PacbioHiFiAssembly_genomic
AT1G36970	OX291800.1	95.745	94	4	0	1214	1307	13874674	13874767	3.24e-35	152	GCA_946415445.1_IP-Cas-6.PacbioHiFiAssembly_genomic
AT1G36970	OX291802.1	90.03	672	58	8	2	670	18254347	18255012	0	861	GCA_946415445.1_IP-Cas-6.PacbioHiFiAssembly_genomic
AT1G36970	OX291802.1	88.202	534	60	3	1381	1913	18255718	18256249	2.64e-180	634	GCA_946415445.1_IP-Cas-6.PacbioHiFiAssembly_genomic
AT1G36970	OX291802.1	89.655	87	8	1	1219	1305	18255725	18255810	1.98e-22	110	GCA_946415445.1_IP-Cas-6.PacbioHiFiAssembly_genomic
AT1G36970	OX291803.1	84.365	614	84	10	1	608	6560976	6560369	1.61e-167	592	GCA_946415445.1_IP-Cas-6.PacbioHiFiAssembly_genomic
AT1G36970	OX291803.1	81.572	738	103	19	466	1201	6560375	6559669	1.25e-163	579	GCA_946415445.1_IP-Cas-6.PacbioHiFiAssembly_genomic
AT1G36970	OX291803.1	84.486	535	79	4	1381	1913	6558803	6558271	1.66e-147	525	GCA_946415445.1_IP-Cas-6.PacbioHiFiAssembly_genomic
AT3G31560	OX291803.1	89.259	270	28	1	3	272	6559861	6560129	1.85e-91	337	GCA_946415445.1_IP-Cas-6.PacbioHiFiAssembly_genomic
AT3G31560	OX291800.1	89.167	240	26	0	33	272	13874246	13874007	2.42e-80	300	GCA_946415445.1_IP-Cas-6.PacbioHiFiAssembly_genomic
AT3G31560	OX291801.1	95.062	162	7	1	296	457	14457994	14458154	1.91e-66	254	GCA_946415445.1_IP-Cas-6.PacbioHiFiAssembly_genomic
AT4G05555	OX291803.1	97.627	2823	48	2	1	2823	6562518	6559715	0	4824	GCA_946415445.1_IP-Cas-6.PacbioHiFiAssembly_genomic
AT4G05555	OX291803.1	86.842	152	17	2	2032	2183	6560371	6560223	1.66e-39	167	GCA_946415445.1_IP-Cas-6.PacbioHiFiAssembly_genomic
AT4G05555	OX291800.1	91.147	1412	113	10	1	1407	16433162	16431758	0	1905	GCA_946415445.1_IP-Cas-6.PacbioHiFiAssembly_genomic
AT4G05555	OX291800.1	90.255	667	59	5	1507	2169	16417044	16416380	0	867	GCA_946415445.1_IP-Cas-6.PacbioHiFiAssembly_genomic
AT4G05555	OX291800.1	84.371	723	96	14	1439	2154	13873172	13873884	0	693	GCA_946415445.1_IP-Cas-6.PacbioHiFiAssembly_genomic
AT4G05555	OX291800.1	81.567	689	92	19	2163	2819	13873757	13874442	1.1e-150	536	GCA_946415445.1_IP-Cas-6.PacbioHiFiAssembly_genomic
AT4G05555	OX291800.1	89.877	405	31	6	2413	2816	16416372	16415977	1.85e-143	512	GCA_946415445.1_IP-Cas-6.PacbioHiFiAssembly_genomic
AT4G05555	OX291800.1	86.301	146	12	7	2167	2307	16416519	16416377	4.65e-35	152	GCA_946415445.1_IP-Cas-6.PacbioHiFiAssembly_genomic
AT4G05555	OX291800.1	100	29	0	0	2794	2822	16415978	16415950	1.35e-05	54.7	GCA_946415445.1_IP-Cas-6.PacbioHiFiAssembly_genomic
AT4G05555	OX291802.1	89.847	1369	130	8	1	1366	18252837	18254199	0	1749	GCA_946415445.1_IP-Cas-6.PacbioHiFiAssembly_genomic
AT4G05555	OX291802.1	88.773	766	80	4	1405	2169	18254190	18254950	0	933	GCA_946415445.1_IP-Cas-6.PacbioHiFiAssembly_genomic
AT1G36970	OX291805.1	99.544	1972	9	0	1	1972	13969890	13971861	0	3592	GCA_946415625.1_MONTM-B-7.PacbioHiFiAssembly_genomic
AT1G36970	OX291805.1	87.86	486	54	5	1381	1864	18913845	18914327	9.61e-160	566	GCA_946415625.1_MONTM-B-7.PacbioHiFiAssembly_genomic
AT1G36970	OX291805.1	95.745	94	4	0	1383	1476	13971103	13971196	3.19e-35	152	GCA_946415625.1_MONTM-B-7.PacbioHiFiAssembly_genomic
AT1G36970	OX291805.1	95.745	94	4	0	1214	1307	13971272	13971365	3.19e-35	152	GCA_946415625.1_MONTM-B-7.PacbioHiFiAssembly_genomic
AT1G36970	OX291807.1	89.763	674	58	8	4	670	17907189	17907858	0	852	GCA_946415625.1_MONTM-B-7.PacbioHiFiAssembly_genomic
AT1G36970	OX291807.1	88.007	542	60	5	1381	1919	13153087	13152548	0	636	GCA_946415625.1_MONTM-B-7.PacbioHiFiAssembly_genomic
AT1G36970	OX291807.1	88.425	527	58	3	1388	1913	17908631	17909155	9.34e-180	632	GCA_946415625.1_MONTM-B-7.PacbioHiFiAssembly_genomic
AT1G36970	OX291807.1	85.409	514	46	10	636	1148	13154506	13154021	5.91e-142	507	GCA_946415625.1_MONTM-B-7.PacbioHiFiAssembly_genomic
AT1G36970	OX291807.1	90.446	157	15	0	698	854	13154665	13154509	6.71e-52	207	GCA_946415625.1_MONTM-B-7.PacbioHiFiAssembly_genomic
AT1G36970	OX291807.1	96.629	89	3	0	1113	1201	13154035	13153947	4.12e-34	148	GCA_946415625.1_MONTM-B-7.PacbioHiFiAssembly_genomic
AT1G36970	OX291807.1	91.954	87	6	1	1219	1305	17908631	17908716	8.99e-26	121	GCA_946415625.1_MONTM-B-7.PacbioHiFiAssembly_genomic
AT1G36970	OX291808.1	84.808	599	80	9	1	593	3510786	3511379	1.59e-167	592	GCA_946415625.1_MONTM-B-7.PacbioHiFiAssembly_genomic
AT1G36970	OX291808.1	81.732	739	100	20	466	1201	3511388	3512094	2.65e-165	584	GCA_946415625.1_MONTM-B-7.PacbioHiFiAssembly_genomic
AT1G36970	OX291808.1	85.234	535	75	4	1381	1913	3512961	3513493	3.48e-154	547	GCA_946415625.1_MONTM-B-7.PacbioHiFiAssembly_genomic
AT1G36970	OX291806.1	83.089	615	85	17	2	608	3869861	3869258	1.62e-152	542	GCA_946415625.1_MONTM-B-7.PacbioHiFiAssembly_genomic
AT1G36970	OX291806.1	80.045	441	54	13	715	1148	3869120	3868707	1.39e-78	296	GCA_946415625.1_MONTM-B-7.PacbioHiFiAssembly_genomic
AT1G36970	OX291806.1	93.023	86	6	0	1116	1201	3868718	3868633	1.93e-27	126	GCA_946415625.1_MONTM-B-7.PacbioHiFiAssembly_genomic
AT3G31560	OX291807.1	96.667	270	9	0	3	272	13154160	13154429	2.24e-125	449	GCA_946415625.1_MONTM-B-7.PacbioHiFiAssembly_genomic
AT3G31560	OX291807.1	98.396	187	3	0	271	457	13154775	13154961	3.04e-89	329	GCA_946415625.1_MONTM-B-7.PacbioHiFiAssembly_genomic
AT3G31560	OX291807.1	96.454	141	5	0	132	272	13154507	13154647	2.45e-60	233	GCA_946415625.1_MONTM-B-7.PacbioHiFiAssembly_genomic
AT3G31560	OX291808.1	89.259	270	28	1	3	272	3511902	3511634	1.82e-91	337	GCA_946415625.1_MONTM-B-7.PacbioHiFiAssembly_genomic
AT3G31560	OX291806.1	87.805	287	28	3	14	296	3868857	3869140	3.04e-89	329	GCA_946415625.1_MONTM-B-7.PacbioHiFiAssembly_genomic
AT3G31560	OX291806.1	95.062	162	7	1	296	457	14819136	14819296	1.88e-66	254	GCA_946415625.1_MONTM-B-7.PacbioHiFiAssembly_genomic
AT3G31560	OX291805.1	89.167	240	26	0	33	272	13970844	13970605	2.38e-80	300	GCA_946415625.1_MONTM-B-7.PacbioHiFiAssembly_genomic
AT4G05555	OX291808.1	98.726	2825	16	3	1	2823	3509242	3512048	0	5000	GCA_946415625.1_MONTM-B-7.PacbioHiFiAssembly_genomic
AT4G05555	OX291808.1	88.406	138	16	0	2167	2304	3511257	3511394	1.64e-39	167	GCA_946415625.1_MONTM-B-7.PacbioHiFiAssembly_genomic
AT4G05555	OX291808.1	86.184	152	18	2	2032	2183	3511392	3511540	7.61e-38	161	GCA_946415625.1_MONTM-B-7.PacbioHiFiAssembly_genomic
AT4G05555	OX291806.1	92.215	1246	69	11	1066	2310	3870335	3869117	0	1738	GCA_946415625.1_MONTM-B-7.PacbioHiFiAssembly_genomic
AT4G05555	OX291806.1	92.945	567	36	4	1	565	3870891	3870327	0	822	GCA_946415625.1_MONTM-B-7.PacbioHiFiAssembly_genomic
AT4G05555	OX291806.1	92.995	414	24	3	2408	2816	3869120	3868707	1.36e-169	599	GCA_946415625.1_MONTM-B-7.PacbioHiFiAssembly_genomic
AT4G05555	OX291806.1	88.406	138	16	0	2032	2169	3869260	3869123	1.64e-39	167	GCA_946415625.1_MONTM-B-7.PacbioHiFiAssembly_genomic
AT4G05555	OX291806.1	100	39	0	0	2784	2822	3868718	3868680	3.67e-11	73.1	GCA_946415625.1_MONTM-B-7.PacbioHiFiAssembly_genomic
AT4G05555	OX291807.1	90.58	1104	99	5	265	1366	17905939	17907039	0	1458	GCA_946415625.1_MONTM-B-7.PacbioHiFiAssembly_genomic
AT4G05555	OX291807.1	88.182	770	83	5	1405	2169	17907030	17907796	0	911	GCA_946415625.1_MONTM-B-7.PacbioHiFiAssembly_genomic
AT4G05555	OX291807.1	90.349	487	44	3	2332	2816	13154506	13154021	1.04e-180	636	GCA_946415625.1_MONTM-B-7.PacbioHiFiAssembly_genomic
AT4G05555	OX291807.1	88.018	217	25	1	1	216	17905718	17905934	3.39e-66	255	GCA_946415625.1_MONTM-B-7.PacbioHiFiAssembly_genomic
AT4G05555	OX291807.1	88.67	203	23	0	2164	2366	17907656	17907858	5.68e-64	248	GCA_946415625.1_MONTM-B-7.PacbioHiFiAssembly_genomic
AT4G05555	OX291807.1	89.308	159	17	0	2391	2549	13154665	13154507	1.61e-49	200	GCA_946415625.1_MONTM-B-7.PacbioHiFiAssembly_genomic
AT4G05555	OX291807.1	100	41	0	0	2782	2822	13154034	13153994	2.84e-12	76.8	GCA_946415625.1_MONTM-B-7.PacbioHiFiAssembly_genomic
AT4G05555	OX291805.1	89.605	1039	83	15	1135	2169	18911494	18912511	0	1297	GCA_946415625.1_MONTM-B-7.PacbioHiFiAssembly_genomic
AT4G05555	OX291805.1	90.708	904	73	10	498	1398	18910328	18911223	0	1194	GCA_946415625.1_MONTM-B-7.PacbioHiFiAssembly_genomic
AT4G05555	OX291805.1	83.956	723	99	14	1439	2154	13969770	13970482	0	676	GCA_946415625.1_MONTM-B-7.PacbioHiFiAssembly_genomic
AT4G05555	OX291805.1	81.594	690	90	22	2163	2819	13970355	13971040	1.08e-150	536	GCA_946415625.1_MONTM-B-7.PacbioHiFiAssembly_genomic
AT4G05555	OX291805.1	87.16	405	29	13	2414	2816	18912520	18912903	3.14e-121	438	GCA_946415625.1_MONTM-B-7.PacbioHiFiAssembly_genomic
AT4G05555	OX291805.1	89.057	265	23	5	1135	1398	18911229	18911488	9.18e-87	324	GCA_946415625.1_MONTM-B-7.PacbioHiFiAssembly_genomic
AT4G05555	OX291809.1	87.02	1094	131	10	92	1179	12679315	12680403	0	1223	GCA_946415625.1_MONTM-B-7.PacbioHiFiAssembly_genomic
AT1G36970	OX291810.1	98.834	1972	23	0	1	1972	13758116	13760087	0	3515	GCA_946415655.1_LACR-C-14.PacbioHiFiAssembly_genomic
AT1G36970	OX291810.1	95.745	94	4	0	1383	1476	13759329	13759422	3.15e-35	152	GCA_946415655.1_LACR-C-14.PacbioHiFiAssembly_genomic
AT1G36970	OX291810.1	94.681	94	5	0	1214	1307	13759498	13759591	1.46e-33	147	GCA_946415655.1_LACR-C-14.PacbioHiFiAssembly_genomic
AT1G36970	OX291812.1	89.911	674	57	8	4	670	18397395	18398064	0	857	GCA_946415655.1_LACR-C-14.PacbioHiFiAssembly_genomic
AT1G36970	OX291812.1	88.805	527	56	3	1388	1913	18398837	18399361	0	643	GCA_946415655.1_LACR-C-14.PacbioHiFiAssembly_genomic
AT1G36970	OX291812.1	91.954	87	6	1	1219	1305	18398837	18398922	8.87e-26	121	GCA_946415655.1_LACR-C-14.PacbioHiFiAssembly_genomic
AT1G36970	OX291813.1	84.975	599	79	9	1	593	3162184	3162777	3.36e-169	597	GCA_946415655.1_LACR-C-14.PacbioHiFiAssembly_genomic
AT1G36970	OX291813.1	81.732	739	100	20	466	1201	3162786	3163492	2.62e-165	584	GCA_946415655.1_LACR-C-14.PacbioHiFiAssembly_genomic
AT1G36970	OX291813.1	85.421	535	74	4	1381	1913	3164359	3164891	7.38e-156	553	GCA_946415655.1_LACR-C-14.PacbioHiFiAssembly_genomic
AT1G36970	OX291811.1	86.347	542	67	7	1381	1919	3325535	3324998	2.62e-165	584	GCA_946415655.1_LACR-C-14.PacbioHiFiAssembly_genomic
AT1G36970	OX291811.1	83.483	557	76	14	59	608	3327568	3327021	2.1e-141	505	GCA_946415655.1_LACR-C-14.PacbioHiFiAssembly_genomic
AT1G36970	OX291811.1	80.682	440	52	12	715	1148	3326883	3326471	4.9e-83	311	GCA_946415655.1_LACR-C-14.PacbioHiFiAssembly_genomic
AT1G36970	OX291811.1	93.023	86	6	0	1116	1201	3326482	3326397	1.91e-27	126	GCA_946415655.1_LACR-C-14.PacbioHiFiAssembly_genomic
AT3G31560	OX291811.1	87.879	297	30	2	3	296	3326610	3326903	1.07e-93	344	GCA_946415655.1_LACR-C-14.PacbioHiFiAssembly_genomic
AT3G31560	OX291811.1	95.062	162	7	1	296	457	13367053	13367213	1.86e-66	254	GCA_946415655.1_LACR-C-14.PacbioHiFiAssembly_genomic
AT3G31560	OX291813.1	89.259	270	28	1	3	272	3163300	3163032	1.79e-91	337	GCA_946415655.1_LACR-C-14.PacbioHiFiAssembly_genomic
AT3G31560	OX291810.1	88.75	240	27	0	33	272	13759070	13758831	1.09e-78	294	GCA_946415655.1_LACR-C-14.PacbioHiFiAssembly_genomic
AT4G05555	OX291813.1	99.114	2823	7	1	1	2823	3160642	3163446	0	5059	GCA_946415655.1_LACR-C-14.PacbioHiFiAssembly_genomic
AT4G05555	OX291813.1	88.406	138	16	0	2167	2304	3162655	3162792	1.61e-39	167	GCA_946415655.1_LACR-C-14.PacbioHiFiAssembly_genomic
AT4G05555	OX291813.1	88.406	138	16	0	2032	2169	3162790	3162927	1.61e-39	167	GCA_946415655.1_LACR-C-14.PacbioHiFiAssembly_genomic
AT4G05555	OX291812.1	90.58	1104	99	5	265	1366	18396145	18397245	0	1458	GCA_946415655.1_LACR-C-14.PacbioHiFiAssembly_genomic
AT4G05555	OX291812.1	88.312	770	82	5	1405	2169	18397236	18398002	0	917	GCA_946415655.1_LACR-C-14.PacbioHiFiAssembly_genomic
AT4G05555	OX291812.1	88.018	217	25	1	1	216	18395924	18396140	3.35e-66	255	GCA_946415655.1_LACR-C-14.PacbioHiFiAssembly_genomic
AT4G05555	OX291812.1	89.163	203	22	0	2164	2366	18397862	18398064	1.2e-65	254	GCA_946415655.1_LACR-C-14.PacbioHiFiAssembly_genomic
AT4G05555	OX291814.1	87.088	1092	133	8	92	1179	12197088	12198175	0	1229	GCA_946415655.1_LACR-C-14.PacbioHiFiAssembly_genomic
AT4G05555	OX291811.1	93.497	692	42	2	1619	2310	3327568	3326880	0	1026	GCA_946415655.1_LACR-C-14.PacbioHiFiAssembly_genomic
AT4G05555	OX291811.1	93.705	413	22	2	2408	2816	3326883	3326471	1.33e-174	616	GCA_946415655.1_LACR-C-14.PacbioHiFiAssembly_genomic
AT4G05555	OX291811.1	88.406	138	16	0	2032	2169	3327023	3326886	1.61e-39	167	GCA_946415655.1_LACR-C-14.PacbioHiFiAssembly_genomic
AT4G05555	OX291811.1	100	39	0	0	2784	2822	3326482	3326444	3.62e-11	73.1	GCA_946415655.1_LACR-C-14.PacbioHiFiAssembly_genomic
AT4G05555	OX291810.1	84.094	723	98	14	1439	2154	13757996	13758708	0	682	GCA_946415655.1_LACR-C-14.PacbioHiFiAssembly_genomic
AT4G05555	OX291810.1	81.277	689	94	19	2163	2819	13758581	13759266	2.31e-147	525	GCA_946415655.1_LACR-C-14.PacbioHiFiAssembly_genomic
AT1G36970	OX298797.1	99.899	1972	2	0	1	1972	14019255	14021226	0	3631	GCA_946499665.1_Ey15-2.9994.PacbioHiFiAssembly_genomic
AT1G36970	OX298797.1	88.041	485	55	3	1381	1864	19954582	19955064	2.06e-161	571	GCA_946499665.1_Ey15-2.9994.PacbioHiFiAssembly_genomic
AT1G36970	OX298797.1	82.403	233	18	4	991	1201	19953482	19953713	4.05e-44	182	GCA_946499665.1_Ey15-2.9994.PacbioHiFiAssembly_genomic
AT1G36970	OX298797.1	95.745	94	4	0	1383	1476	14020468	14020561	3.18e-35	152	GCA_946499665.1_Ey15-2.9994.PacbioHiFiAssembly_genomic
AT1G36970	OX298797.1	95.745	94	4	0	1214	1307	14020637	14020730	3.18e-35	152	GCA_946499665.1_Ey15-2.9994.PacbioHiFiAssembly_genomic
AT1G36970	OX298799.1	90.193	673	56	8	2	670	17915358	17916024	0	869	GCA_946499665.1_Ey15-2.9994.PacbioHiFiAssembly_genomic
AT1G36970	OX298799.1	88.202	534	60	3	1381	1913	17916733	17917264	2.59e-180	634	GCA_946499665.1_Ey15-2.9994.PacbioHiFiAssembly_genomic
AT1G36970	OX298799.1	85.185	513	49	7	636	1148	13090460	13089975	2.74e-140	501	GCA_946499665.1_Ey15-2.9994.PacbioHiFiAssembly_genomic
AT1G36970	OX298799.1	88.647	414	42	2	1381	1794	13089042	13088634	9.85e-140	499	GCA_946499665.1_Ey15-2.9994.PacbioHiFiAssembly_genomic
AT1G36970	OX298799.1	88.803	259	26	1	596	854	13090718	13090463	3.83e-84	315	GCA_946499665.1_Ey15-2.9994.PacbioHiFiAssembly_genomic
AT1G36970	OX298799.1	95.506	89	4	0	1113	1201	13089989	13089901	1.91e-32	143	GCA_946499665.1_Ey15-2.9994.PacbioHiFiAssembly_genomic
AT1G36970	OX298800.1	82.385	738	97	16	466	1201	3273437	3274143	1.21e-173	612	GCA_946499665.1_Ey15-2.9994.PacbioHiFiAssembly_genomic
AT1G36970	OX298800.1	84.641	599	81	9	1	593	3272835	3273428	7.35e-166	586	GCA_946499665.1_Ey15-2.9994.PacbioHiFiAssembly_genomic
AT1G36970	OX298800.1	85.178	533	77	2	1382	1913	3275011	3275542	1.25e-153	545	GCA_946499665.1_Ey15-2.9994.PacbioHiFiAssembly_genomic
AT1G36970	OX298798.1	86.162	542	68	7	1381	1919	3692689	3692152	1.23e-163	579	GCA_946499665.1_Ey15-2.9994.PacbioHiFiAssembly_genomic
AT1G36970	OX298798.1	83.089	615	86	16	2	608	3694784	3694180	4.49e-153	544	GCA_946499665.1_Ey15-2.9994.PacbioHiFiAssembly_genomic
AT1G36970	OX298798.1	80.455	440	53	12	715	1148	3694042	3693630	2.3e-81	305	GCA_946499665.1_Ey15-2.9994.PacbioHiFiAssembly_genomic
AT1G36970	OX298798.1	93.023	86	6	0	1116	1201	3693641	3693556	1.93e-27	126	GCA_946499665.1_Ey15-2.9994.PacbioHiFiAssembly_genomic
AT3G31560	OX298799.1	96.296	270	10	0	3	272	13090114	13090383	1.04e-123	444	GCA_946499665.1_Ey15-2.9994.PacbioHiFiAssembly_genomic
AT3G31560	OX298799.1	97.326	187	5	0	271	457	13090698	13090884	6.56e-86	318	GCA_946499665.1_Ey15-2.9994.PacbioHiFiAssembly_genomic
AT3G31560	OX298799.1	97.872	141	3	0	132	272	13090461	13090601	1.13e-63	244	GCA_946499665.1_Ey15-2.9994.PacbioHiFiAssembly_genomic
AT3G31560	OX298798.1	87.879	297	30	2	3	296	3693769	3694062	1.08e-93	344	GCA_946499665.1_Ey15-2.9994.PacbioHiFiAssembly_genomic
AT3G31560	OX298798.1	95.062	162	7	1	296	457	13041880	13042040	1.88e-66	254	GCA_946499665.1_Ey15-2.9994.PacbioHiFiAssembly_genomic
AT3G31560	OX298800.1	89.63	270	27	1	3	272	3273951	3273683	3.89e-93	342	GCA_946499665.1_Ey15-2.9994.PacbioHiFiAssembly_genomic
AT3G31560	OX298797.1	88.75	240	27	0	33	272	14020209	14019970	1.11e-78	294	GCA_946499665.1_Ey15-2.9994.PacbioHiFiAssembly_genomic
AT4G05555	OX298800.1	97.768	2823	45	1	1	2823	3271293	3274097	0	4848	GCA_946499665.1_Ey15-2.9994.PacbioHiFiAssembly_genomic
AT4G05555	OX298800.1	88.406	138	16	0	2167	2304	3273306	3273443	1.63e-39	167	GCA_946499665.1_Ey15-2.9994.PacbioHiFiAssembly_genomic
AT4G05555	OX298800.1	86.842	152	17	2	2032	2183	3273441	3273589	1.63e-39	167	GCA_946499665.1_Ey15-2.9994.PacbioHiFiAssembly_genomic
AT4G05555	OX298799.1	90.066	1369	130	6	1	1366	17913845	17915210	0	1770	GCA_946499665.1_Ey15-2.9994.PacbioHiFiAssembly_genomic
AT4G05555	OX298799.1	88.903	766	80	4	1405	2169	17915201	17915962	0	939	GCA_946499665.1_Ey15-2.9994.PacbioHiFiAssembly_genomic
AT4G05555	OX298799.1	90.554	487	43	3	2332	2816	13090460	13089975	0	641	GCA_946499665.1_Ey15-2.9994.PacbioHiFiAssembly_genomic
AT4G05555	OX298799.1	100	41	0	0	2782	2822	13089988	13089948	2.83e-12	76.8	GCA_946499665.1_Ey15-2.9994.PacbioHiFiAssembly_genomic
AT4G05555	OX298798.1	92.295	1246	69	9	1066	2310	3695258	3694039	0	1744	GCA_946499665.1_Ey15-2.9994.PacbioHiFiAssembly_genomic
AT4G05555	OX298798.1	92.416	567	39	4	1	565	3695814	3695250	0	806	GCA_946499665.1_Ey15-2.9994.PacbioHiFiAssembly_genomic
AT4G05555	OX298798.1	93.462	413	23	2	2408	2816	3694042	3693630	6.27e-173	610	GCA_946499665.1_Ey15-2.9994.PacbioHiFiAssembly_genomic
AT4G05555	OX298798.1	88.406	138	16	0	2032	2169	3694182	3694045	1.63e-39	167	GCA_946499665.1_Ey15-2.9994.PacbioHiFiAssembly_genomic
AT4G05555	OX298798.1	100	39	0	0	2784	2822	3693641	3693603	3.66e-11	73.1	GCA_946499665.1_Ey15-2.9994.PacbioHiFiAssembly_genomic
AT4G05555	OX298797.1	89.595	1038	83	13	1136	2169	19952230	19953246	0	1295	GCA_946499665.1_Ey15-2.9994.PacbioHiFiAssembly_genomic
AT4G05555	OX298797.1	89.845	906	82	9	496	1398	19951325	19952223	0	1155	GCA_946499665.1_Ey15-2.9994.PacbioHiFiAssembly_genomic
AT4G05555	OX298797.1	84.371	723	96	14	1439	2154	14019135	14019847	0	693	GCA_946499665.1_Ey15-2.9994.PacbioHiFiAssembly_genomic
AT4G05555	OX298797.1	81.358	692	88	23	2163	2819	14019720	14020405	2.34e-147	525	GCA_946499665.1_Ey15-2.9994.PacbioHiFiAssembly_genomic
AT4G05555	OX298797.1	87.901	405	27	13	2414	2816	19953255	19953639	8.64e-127	457	GCA_946499665.1_Ey15-2.9994.PacbioHiFiAssembly_genomic
AT4G05555	OX298797.1	100	41	0	0	2782	2822	19953626	19953666	2.83e-12	76.8	GCA_946499665.1_Ey15-2.9994.PacbioHiFiAssembly_genomic
AT4G05555	OX298801.1	86.996	1092	134	8	92	1179	12410698	12411785	0	1223	GCA_946499665.1_Ey15-2.9994.PacbioHiFiAssembly_genomic
AT1G36970	OX298802.1	100	1972	0	0	1	1972	14025160	14027131	0	3642	GCA_946499705.1_Col-0.6909.PacbioHiFiAssembly_genomic
AT1G36970	OX298802.1	87.755	490	57	3	1381	1869	14840063	14840550	7.32e-161	569	GCA_946499705.1_Col-0.6909.PacbioHiFiAssembly_genomic
AT1G36970	OX298802.1	87.654	486	57	3	1381	1865	18217995	18218478	1.22e-158	562	GCA_946499705.1_Col-0.6909.PacbioHiFiAssembly_genomic
AT1G36970	OX298802.1	89.744	156	14	2	991	1145	14838964	14839118	3.98e-49	198	GCA_946499705.1_Col-0.6909.PacbioHiFiAssembly_genomic
AT1G36970	OX298802.1	82.403	233	18	9	991	1201	18216897	18217128	4.01e-44	182	GCA_946499705.1_Col-0.6909.PacbioHiFiAssembly_genomic
AT1G36970	OX298802.1	95.745	94	4	0	1383	1476	14026373	14026466	3.14e-35	152	GCA_946499705.1_Col-0.6909.PacbioHiFiAssembly_genomic
AT1G36970	OX298802.1	95.745	94	4	0	1214	1307	14026542	14026635	3.14e-35	152	GCA_946499705.1_Col-0.6909.PacbioHiFiAssembly_genomic
AT1G36970	OX298804.1	90.138	578	52	5	95	670	17256637	17257211	0	747	GCA_946499705.1_Col-0.6909.PacbioHiFiAssembly_genomic
AT1G36970	OX298804.1	87.744	563	63	6	1381	1942	12878205	12877648	0	652	GCA_946499705.1_Col-0.6909.PacbioHiFiAssembly_genomic
AT1G36970	OX298804.1	88.425	527	58	3	1388	1913	17257983	17258507	9.2e-180	632	GCA_946499705.1_Col-0.6909.PacbioHiFiAssembly_genomic
AT1G36970	OX298804.1	88.889	414	41	2	1381	1794	13240720	13240312	2.09e-141	505	GCA_946499705.1_Col-0.6909.PacbioHiFiAssembly_genomic
AT1G36970	OX298804.1	83.135	587	51	7	636	1201	13242137	13241578	1.63e-137	492	GCA_946499705.1_Col-0.6909.PacbioHiFiAssembly_genomic
AT1G36970	OX298804.1	83.629	507	38	9	716	1201	12879548	12879066	2.78e-120	435	GCA_946499705.1_Col-0.6909.PacbioHiFiAssembly_genomic
AT1G36970	OX298804.1	88.417	259	27	1	596	854	13242395	13242140	1.76e-82	309	GCA_946499705.1_Col-0.6909.PacbioHiFiAssembly_genomic
AT1G36970	OX298805.1	84.808	599	80	9	1	593	3519085	3519678	1.56e-167	592	GCA_946499705.1_Col-0.6909.PacbioHiFiAssembly_genomic
AT1G36970	OX298805.1	81.671	742	95	23	466	1201	3519687	3520393	1.22e-163	579	GCA_946499705.1_Col-0.6909.PacbioHiFiAssembly_genomic
AT3G31560	OX298804.1	100	457	0	0	1	457	12879277	12879733	0	845	GCA_946499705.1_Col-0.6909.PacbioHiFiAssembly_genomic
AT3G31560	OX298804.1	95.926	270	11	0	3	272	13241791	13242060	4.77e-122	438	GCA_946499705.1_Col-0.6909.PacbioHiFiAssembly_genomic
AT3G31560	OX298804.1	97.326	187	5	0	271	457	13242375	13242561	6.48e-86	318	GCA_946499705.1_Col-0.6909.PacbioHiFiAssembly_genomic
AT3G31560	OX298804.1	97.163	141	4	0	132	272	13242138	13242278	5.19e-62	239	GCA_946499705.1_Col-0.6909.PacbioHiFiAssembly_genomic
AT3G31560	OX298805.1	88.889	270	29	1	3	272	3520201	3519933	8.33e-90	331	GCA_946499705.1_Col-0.6909.PacbioHiFiAssembly_genomic
AT3G31560	OX298802.1	88.75	240	27	0	33	272	14026114	14025875	1.09e-78	294	GCA_946499705.1_Col-0.6909.PacbioHiFiAssembly_genomic
AT3G31560	OX298803.1	95.062	162	7	1	296	457	13940694	13940854	1.85e-66	254	GCA_946499705.1_Col-0.6909.PacbioHiFiAssembly_genomic
AT4G05555	OX298805.1	100	2823	0	0	1	2823	3517525	3520347	0	5214	GCA_946499705.1_Col-0.6909.PacbioHiFiAssembly_genomic
AT4G05555	OX298805.1	88.406	138	16	0	2167	2304	3519556	3519693	1.61e-39	167	GCA_946499705.1_Col-0.6909.PacbioHiFiAssembly_genomic
AT4G05555	OX298805.1	88.406	138	16	0	2032	2169	3519691	3519828	1.61e-39	167	GCA_946499705.1_Col-0.6909.PacbioHiFiAssembly_genomic
AT4G05555	OX298802.1	89.175	1515	110	16	1	1511	14666195	14664731	0	1840	GCA_946499705.1_Col-0.6909.PacbioHiFiAssembly_genomic
AT4G05555	OX298802.1	89.904	1040	78	16	1135	2169	18215644	18216661	0	1314	GCA_946499705.1_Col-0.6909.PacbioHiFiAssembly_genomic
AT4G05555	OX298802.1	90.365	903	76	10	500	1398	18214743	18215638	0	1175	GCA_946499705.1_Col-0.6909.PacbioHiFiAssembly_genomic
AT4G05555	OX298802.1	90.705	667	56	5	1507	2169	14838054	14838718	0	883	GCA_946499705.1_Col-0.6909.PacbioHiFiAssembly_genomic
AT4G05555	OX298802.1	84.371	723	96	14	1439	2154	14025040	14025752	0	693	GCA_946499705.1_Col-0.6909.PacbioHiFiAssembly_genomic
AT4G05555	OX298802.1	81.358	692	88	23	2163	2819	14025625	14026310	2.31e-147	525	GCA_946499705.1_Col-0.6909.PacbioHiFiAssembly_genomic
AT4G05555	OX298802.1	89.801	402	31	6	2413	2813	14838726	14839118	8.36e-142	507	GCA_946499705.1_Col-0.6909.PacbioHiFiAssembly_genomic
AT4G05555	OX298802.1	86.667	405	32	13	2414	2816	18216670	18217054	1.86e-118	429	GCA_946499705.1_Col-0.6909.PacbioHiFiAssembly_genomic
AT4G05555	OX298802.1	100	42	0	0	2781	2822	18217040	18217081	7.77e-13	78.7	GCA_946499705.1_Col-0.6909.PacbioHiFiAssembly_genomic
AT4G05555	OX298802.1	100	29	0	0	2794	2822	14839120	14839148	1.31e-05	54.7	GCA_946499705.1_Col-0.6909.PacbioHiFiAssembly_genomic
AT4G05555	OX298806.1	86.996	1092	134	8	92	1179	12371657	12372744	0	1223	GCA_946499705.1_Col-0.6909.PacbioHiFiAssembly_genomic
AT4G05555	OX298804.1	90.741	864	78	2	79	941	17255776	17256638	0	1151	GCA_946499705.1_Col-0.6909.PacbioHiFiAssembly_genomic
AT4G05555	OX298804.1	89.3	514	51	3	1657	2169	17256639	17257149	0	641	GCA_946499705.1_Col-0.6909.PacbioHiFiAssembly_genomic
AT4G05555	OX298804.1	90.144	487	45	3	2332	2816	13242137	13241652	4.76e-179	630	GCA_946499705.1_Col-0.6909.PacbioHiFiAssembly_genomic
AT4G05555	OX298804.1	90.709	409	37	1	2409	2816	12879548	12879140	6.37e-153	544	GCA_946499705.1_Col-0.6909.PacbioHiFiAssembly_genomic
AT4G05555	OX298804.1	89.655	203	21	0	2164	2366	17257009	17257211	2.59e-67	259	GCA_946499705.1_Col-0.6909.PacbioHiFiAssembly_genomic
AT4G05555	OX298804.1	100	42	0	0	2781	2822	13241666	13241625	7.77e-13	78.7	GCA_946499705.1_Col-0.6909.PacbioHiFiAssembly_genomic
AT4G05555	OX298804.1	100	41	0	0	2782	2822	12879153	12879113	2.79e-12	76.8	GCA_946499705.1_Col-0.6909.PacbioHiFiAssembly_genomic
AT1G36970	OX461150.1	99.29	1972	14	0	1	1972	14136369	14138340	0	3565	GCA_949796375.1_9336_genomic
AT1G36970	OX461150.1	88.247	485	54	3	1381	1864	19272377	19272859	4.5e-163	577	GCA_949796375.1_9336_genomic
AT1G36970	OX461150.1	82.403	233	18	4	991	1201	19271278	19271509	4.12e-44	182	GCA_949796375.1_9336_genomic
AT1G36970	OX461150.1	95.745	94	4	0	1383	1476	14137582	14137675	3.23e-35	152	GCA_949796375.1_9336_genomic
AT1G36970	OX461150.1	94.681	94	5	0	1214	1307	14137751	14137844	1.5e-33	147	GCA_949796375.1_9336_genomic
AT1G36970	OX461152.1	90.327	672	58	7	2	670	18065399	18066066	0	874	GCA_949796375.1_9336_genomic
AT1G36970	OX461152.1	87.766	564	62	7	1381	1942	13157970	13157412	0	652	GCA_949796375.1_9336_genomic
AT1G36970	OX461152.1	87.828	534	62	3	1381	1913	18066775	18067306	5.7e-177	623	GCA_949796375.1_9336_genomic
AT1G36970	OX461152.1	85.185	513	49	7	636	1148	13459036	13458551	2.78e-140	501	GCA_949796375.1_9336_genomic
AT1G36970	OX461152.1	88.647	414	42	2	1381	1794	13457618	13457210	1e-139	499	GCA_949796375.1_9336_genomic
AT1G36970	OX461152.1	83.135	587	51	11	636	1201	13159390	13158831	1.68e-137	492	GCA_949796375.1_9336_genomic
AT1G36970	OX461152.1	88.803	259	26	1	596	854	13459294	13459039	3.89e-84	315	GCA_949796375.1_9336_genomic
AT1G36970	OX461152.1	92.086	139	11	0	716	854	13159531	13159393	1.47e-48	196	GCA_949796375.1_9336_genomic
AT1G36970	OX461152.1	96.703	91	3	0	1111	1201	13458567	13458477	3.23e-35	152	GCA_949796375.1_9336_genomic
AT1G36970	OX461153.1	82.114	738	99	19	466	1201	2985377	2986083	2.67e-170	601	GCA_949796375.1_9336_genomic
AT1G36970	OX461153.1	84.641	599	81	9	1	593	2984775	2985368	7.47e-166	586	GCA_949796375.1_9336_genomic
AT1G36970	OX461153.1	84.644	534	78	4	1382	1913	2986951	2987482	1.28e-148	529	GCA_949796375.1_9336_genomic
AT1G36970	OX461151.1	83.062	614	88	14	2	608	3195967	3195363	4.56e-153	544	GCA_949796375.1_9336_genomic
AT1G36970	OX461151.1	80.272	441	53	13	715	1148	3195225	3194812	3.03e-80	302	GCA_949796375.1_9336_genomic
AT1G36970	OX461151.1	93.023	86	6	0	1116	1201	3194823	3194738	1.96e-27	126	GCA_949796375.1_9336_genomic
AT3G31560	OX461152.1	99.08	326	3	0	132	457	13159391	13159716	1.66e-166	586	GCA_949796375.1_9336_genomic
AT3G31560	OX461152.1	96.691	272	9	0	1	272	13159042	13159313	1.75e-126	453	GCA_949796375.1_9336_genomic
AT3G31560	OX461152.1	95.926	270	11	0	3	272	13458690	13458959	4.91e-122	438	GCA_949796375.1_9336_genomic
AT3G31560	OX461152.1	96.791	187	6	0	271	457	13459274	13459460	3.1e-84	313	GCA_949796375.1_9336_genomic
AT3G31560	OX461152.1	97.872	141	3	0	132	272	13459037	13459177	1.15e-63	244	GCA_949796375.1_9336_genomic
AT3G31560	OX461153.1	89.63	270	27	1	3	272	2985891	2985623	3.96e-93	342	GCA_949796375.1_9336_genomic
AT3G31560	OX461151.1	87.248	298	31	3	3	296	3194951	3195245	2.38e-90	333	GCA_949796375.1_9336_genomic
AT3G31560	OX461151.1	95.062	162	7	1	296	457	13744715	13744875	1.91e-66	254	GCA_949796375.1_9336_genomic
AT3G31560	OX461150.1	88.333	240	28	0	33	272	14137323	14137084	5.23e-77	289	GCA_949796375.1_9336_genomic
AT4G05555	OX461153.1	97.179	2765	45	2	59	2823	2983306	2986037	0	4643	GCA_949796375.1_9336_genomic
AT4G05555	OX461153.1	87.5	152	16	2	2032	2183	2985381	2985529	3.56e-41	172	GCA_949796375.1_9336_genomic
AT4G05555	OX461153.1	87.681	138	17	0	2167	2304	2985246	2985383	7.71e-38	161	GCA_949796375.1_9336_genomic
AT4G05555	OX461152.1	89.993	1369	131	6	1	1366	18063886	18065251	0	1764	GCA_949796375.1_9336_genomic
AT4G05555	OX461152.1	89.034	766	80	3	1405	2169	18065242	18066004	0	946	GCA_949796375.1_9336_genomic
AT4G05555	OX461152.1	90.554	487	43	3	2332	2816	13459036	13458551	0	641	GCA_949796375.1_9336_genomic
AT4G05555	OX461152.1	89.712	486	49	1	2332	2816	13159390	13158905	1.06e-175	619	GCA_949796375.1_9336_genomic
AT4G05555	OX461152.1	100	41	0	0	2782	2822	13158918	13158878	2.87e-12	76.8	GCA_949796375.1_9336_genomic
AT4G05555	OX461152.1	100	41	0	0	2782	2822	13458564	13458524	2.87e-12	76.8	GCA_949796375.1_9336_genomic
AT4G05555	OX461151.1	92.536	1246	67	9	1066	2310	3196442	3195222	0	1762	GCA_949796375.1_9336_genomic
AT4G05555	OX461151.1	93.474	567	33	4	1	565	3196998	3196434	0	839	GCA_949796375.1_9336_genomic
AT4G05555	OX461151.1	93.237	414	23	3	2408	2816	3195225	3194812	2.96e-171	604	GCA_949796375.1_9336_genomic
AT4G05555	OX461151.1	88.406	138	16	0	2032	2169	3195365	3195228	1.66e-39	167	GCA_949796375.1_9336_genomic
AT4G05555	OX461151.1	100	39	0	0	2784	2822	3194823	3194785	3.72e-11	73.1	GCA_949796375.1_9336_genomic
AT4G05555	OX461150.1	90.847	874	74	5	496	1366	19270379	19271249	0	1166	GCA_949796375.1_9336_genomic
AT4G05555	OX461150.1	84.094	723	98	14	1439	2154	14136249	14136961	0	682	GCA_949796375.1_9336_genomic
AT4G05555	OX461150.1	81.042	691	92	24	2163	2819	14136834	14137519	5.14e-144	514	GCA_949796375.1_9336_genomic
AT4G05555	OX461150.1	91.772	158	13	0	2659	2816	19271278	19271435	1.25e-55	220	GCA_949796375.1_9336_genomic
AT4G05555	OX461150.1	100	41	0	0	2782	2822	19271422	19271462	2.87e-12	76.8	GCA_949796375.1_9336_genomic
AT1G36970	OX461165.1	99.645	1972	7	0	1	1972	13839540	13841511	0	3603	GCA_949796385.1_9852_genomic
AT1G36970	OX461165.1	87.835	485	56	3	1381	1864	19009419	19009901	9.75e-160	566	GCA_949796385.1_9852_genomic
AT1G36970	OX461165.1	82.403	233	18	4	991	1201	19008320	19008551	4.13e-44	182	GCA_949796385.1_9852_genomic
AT1G36970	OX461165.1	95.745	94	4	0	1383	1476	13840753	13840846	3.23e-35	152	GCA_949796385.1_9852_genomic
AT1G36970	OX461165.1	95.745	94	4	0	1214	1307	13840922	13841015	3.23e-35	152	GCA_949796385.1_9852_genomic
AT1G36970	OX461167.1	90.476	672	57	7	2	670	17460458	17461125	0	880	GCA_949796385.1_9852_genomic
AT1G36970	OX461167.1	88.39	534	59	3	1381	1913	17461834	17462365	0	640	GCA_949796385.1_9852_genomic
AT1G36970	OX461167.1	87.044	548	65	6	1381	1925	13020329	13019785	3.43e-174	614	GCA_949796385.1_9852_genomic
AT1G36970	OX461167.1	87.266	534	66	2	1381	1913	12972503	12971971	1.6e-172	608	GCA_949796385.1_9852_genomic
AT1G36970	OX461167.1	85.353	553	54	8	596	1148	13021808	13021283	3.53e-154	547	GCA_949796385.1_9852_genomic
AT1G36970	OX461167.1	84.657	554	56	11	596	1148	12973960	12973435	1.65e-147	525	GCA_949796385.1_9852_genomic
AT1G36970	OX461167.1	82.845	478	54	9	596	1073	13003696	13003247	8.09e-111	403	GCA_949796385.1_9852_genomic
AT1G36970	OX461167.1	95.789	95	4	0	1107	1201	13021282	13021188	8.99e-36	154	GCA_949796385.1_9852_genomic
AT1G36970	OX461167.1	95.506	89	4	0	1113	1201	12973449	12973361	1.95e-32	143	GCA_949796385.1_9852_genomic
AT1G36970	OX461168.1	81.781	741	96	22	466	1201	2966263	2966969	2.69e-165	584	GCA_949796385.1_9852_genomic
AT1G36970	OX461168.1	81.781	741	96	22	466	1201	2997025	2997731	2.69e-165	584	GCA_949796385.1_9852_genomic
AT1G36970	OX461168.1	81.781	741	96	22	466	1201	3019529	3020235	2.69e-165	584	GCA_949796385.1_9852_genomic
AT1G36970	OX461168.1	85.019	534	76	4	1382	1913	3031620	3032151	5.91e-152	540	GCA_949796385.1_9852_genomic
AT3G31560	OX461167.1	96.667	270	9	0	3	272	13021422	13021691	2.27e-125	449	GCA_949796385.1_9852_genomic
AT3G31560	OX461167.1	95.556	270	11	1	3	272	13003311	13003579	8.22e-120	431	GCA_949796385.1_9852_genomic
AT3G31560	OX461167.1	94.074	270	16	0	3	272	12973574	12973843	1.07e-113	411	GCA_949796385.1_9852_genomic
AT3G31560	OX461167.1	97.326	187	5	0	271	457	12973940	12974126	6.68e-86	318	GCA_949796385.1_9852_genomic
AT3G31560	OX461167.1	97.326	187	5	0	271	457	13003676	13003862	6.68e-86	318	GCA_949796385.1_9852_genomic
AT3G31560	OX461167.1	96.257	187	7	0	271	457	13021788	13021974	1.45e-82	307	GCA_949796385.1_9852_genomic
AT3G31560	OX461168.1	88.889	270	29	1	3	272	3020043	3019775	8.58e-90	331	GCA_949796385.1_9852_genomic
AT3G31560	OX461168.1	89.272	261	27	1	12	272	2966768	2966509	3.99e-88	326	GCA_949796385.1_9852_genomic
AT3G31560	OX461168.1	89.272	261	27	1	12	272	2997530	2997271	3.99e-88	326	GCA_949796385.1_9852_genomic
AT3G31560	OX461165.1	89.167	240	26	0	33	272	13840494	13840255	2.42e-80	300	GCA_949796385.1_9852_genomic
AT3G31560	OX461166.1	95.062	162	7	1	296	457	14300366	14300526	1.91e-66	254	GCA_949796385.1_9852_genomic
AT4G05555	OX461168.1	97.768	2823	45	1	1	2823	2994881	2997685	0	4848	GCA_949796385.1_9852_genomic
AT4G05555	OX461168.1	97.733	2823	46	1	1	2823	2964119	2966923	0	4843	GCA_949796385.1_9852_genomic
AT4G05555	OX461168.1	97.733	2823	46	1	1	2823	3017385	3020189	0	4843	GCA_949796385.1_9852_genomic
AT4G05555	OX461168.1	89.13	138	15	0	2032	2169	2966267	2966404	3.57e-41	172	GCA_949796385.1_9852_genomic
AT4G05555	OX461168.1	89.13	138	15	0	2032	2169	2997029	2997166	3.57e-41	172	GCA_949796385.1_9852_genomic
AT4G05555	OX461168.1	89.13	138	15	0	2032	2169	3019533	3019670	3.57e-41	172	GCA_949796385.1_9852_genomic
AT4G05555	OX461168.1	88.406	138	16	0	2167	2304	2966132	2966269	1.66e-39	167	GCA_949796385.1_9852_genomic
AT4G05555	OX461168.1	88.406	138	16	0	2167	2304	2996894	2997031	1.66e-39	167	GCA_949796385.1_9852_genomic
AT4G05555	OX461168.1	88.406	138	16	0	2167	2304	3019398	3019535	1.66e-39	167	GCA_949796385.1_9852_genomic
AT4G05555	OX461167.1	90.139	1369	129	6	1	1366	17458945	17460310	0	1775	GCA_949796385.1_9852_genomic
AT4G05555	OX461167.1	89.295	766	78	3	1405	2169	17460301	17461063	0	957	GCA_949796385.1_9852_genomic
AT4G05555	OX461167.1	90.226	532	49	3	2287	2816	13021813	13021283	0	691	GCA_949796385.1_9852_genomic
AT4G05555	OX461167.1	89.098	532	55	3	2287	2816	12973965	12973435	0	658	GCA_949796385.1_9852_genomic
AT4G05555	OX461167.1	97.561	41	1	0	2782	2822	12973448	12973408	1.34e-10	71.3	GCA_949796385.1_9852_genomic
AT4G05555	OX461167.1	97.561	41	1	0	2782	2822	13021275	13021235	1.34e-10	71.3	GCA_949796385.1_9852_genomic
AT4G05555	OX461165.1	89.22	1039	87	15	1135	2169	19007067	19008084	0	1275	GCA_949796385.1_9852_genomic
AT4G05555	OX461165.1	89.956	906	81	9	496	1398	19006163	19007061	0	1160	GCA_949796385.1_9852_genomic
AT4G05555	OX461165.1	84.094	723	98	14	1439	2154	13839420	13840132	0	682	GCA_949796385.1_9852_genomic
AT4G05555	OX461165.1	81.567	689	92	19	2163	2819	13840005	13840690	1.1e-150	536	GCA_949796385.1_9852_genomic
AT4G05555	OX461165.1	86.667	405	32	13	2414	2816	19008093	19008477	1.92e-118	429	GCA_949796385.1_9852_genomic
AT4G05555	OX461165.1	100	41	0	0	2782	2822	19008464	19008504	2.88e-12	76.8	GCA_949796385.1_9852_genomic
AT1G36970	OX461195.1	99.797	1972	4	0	1	1972	14012497	14014468	0	3620	GCA_949796415.1_9762_genomic
AT1G36970	OX461195.1	82.403	233	18	4	991	1201	20309846	20310077	4.17e-44	182	GCA_949796415.1_9762_genomic
AT1G36970	OX461195.1	95.745	94	4	0	1383	1476	14013710	14013803	3.27e-35	152	GCA_949796415.1_9762_genomic
AT1G36970	OX461195.1	95.745	94	4	0	1214	1307	14013879	14013972	3.27e-35	152	GCA_949796415.1_9762_genomic
AT1G36970	OX461197.1	90.476	672	57	7	2	670	18055443	18056110	0	880	GCA_949796415.1_9762_genomic
AT1G36970	OX461197.1	88.202	534	60	3	1381	1913	18056819	18057350	2.66e-180	634	GCA_949796415.1_9762_genomic
AT1G36970	OX461197.1	91.954	87	6	1	1219	1305	18056826	18056911	9.22e-26	121	GCA_949796415.1_9762_genomic
AT1G36970	OX461198.1	81.732	739	100	20	466	1201	2928379	2929085	2.72e-165	584	GCA_949796415.1_9762_genomic
AT1G36970	OX461198.1	84.474	599	81	11	1	593	2927778	2928370	3.52e-164	580	GCA_949796415.1_9762_genomic
AT1G36970	OX461198.1	85.234	535	73	5	1381	1913	2929952	2930482	1.28e-153	545	GCA_949796415.1_9762_genomic
AT1G36970	OX461196.1	86.347	542	67	7	1381	1919	3506855	3506318	2.72e-165	584	GCA_949796415.1_9762_genomic
AT1G36970	OX461196.1	82.764	615	87	17	5	608	3508954	3508348	3.59e-149	531	GCA_949796415.1_9762_genomic
AT1G36970	OX461196.1	80.455	440	53	12	715	1148	3508210	3507798	2.37e-81	305	GCA_949796415.1_9762_genomic
AT1G36970	OX461196.1	93.023	86	6	0	1116	1201	3507809	3507724	1.98e-27	126	GCA_949796415.1_9762_genomic
AT3G31560	OX461196.1	87.205	297	32	2	3	296	3507937	3508230	2.41e-90	333	GCA_949796415.1_9762_genomic
AT3G31560	OX461196.1	93.827	162	7	2	296	457	13778088	13778246	1.5e-62	241	GCA_949796415.1_9762_genomic
AT3G31560	OX461198.1	88.889	270	29	1	3	272	2928893	2928625	8.67e-90	331	GCA_949796415.1_9762_genomic
AT3G31560	OX461195.1	88.75	240	27	0	33	272	14013451	14013212	1.14e-78	294	GCA_949796415.1_9762_genomic
AT4G05555	OX461198.1	98.618	2823	20	2	1	2823	2926236	2929039	0	4979	GCA_949796415.1_9762_genomic
AT4G05555	OX461198.1	88.406	138	16	0	2167	2304	2928248	2928385	1.68e-39	167	GCA_949796415.1_9762_genomic
AT4G05555	OX461198.1	86.842	152	17	2	2032	2183	2928383	2928531	1.68e-39	167	GCA_949796415.1_9762_genomic
AT4G05555	OX461197.1	90.285	1369	127	6	1	1366	18053930	18055295	0	1786	GCA_949796415.1_9762_genomic
AT4G05555	OX461197.1	89.164	766	79	3	1405	2169	18055286	18056048	0	952	GCA_949796415.1_9762_genomic
AT4G05555	OX461196.1	92.086	1251	67	12	1066	2310	3509431	3508207	0	1733	GCA_949796415.1_9762_genomic
AT4G05555	OX461196.1	92.945	567	36	4	1	565	3509987	3509423	0	822	GCA_949796415.1_9762_genomic
AT4G05555	OX461196.1	93.22	413	24	2	2408	2816	3508210	3507798	3e-171	604	GCA_949796415.1_9762_genomic
AT4G05555	OX461196.1	88.406	138	16	0	2032	2169	3508350	3508213	1.68e-39	167	GCA_949796415.1_9762_genomic
AT4G05555	OX461196.1	100	39	0	0	2784	2822	3507809	3507771	3.76e-11	73.1	GCA_949796415.1_9762_genomic
AT4G05555	OX461195.1	88.9	1036	89	8	1135	2166	20308595	20309608	0	1253	GCA_949796415.1_9762_genomic
AT4G05555	OX461195.1	90.177	906	79	9	496	1398	20307691	20308589	0	1171	GCA_949796415.1_9762_genomic
AT4G05555	OX461195.1	84.371	723	96	14	1439	2154	14012377	14013089	0	693	GCA_949796415.1_9762_genomic
AT4G05555	OX461195.1	81.385	693	86	25	2163	2819	14012962	14013647	2.4e-147	525	GCA_949796415.1_9762_genomic
AT4G05555	OX461195.1	87.16	405	30	13	2414	2816	20309619	20310003	8.96e-122	440	GCA_949796415.1_9762_genomic
AT4G05555	OX461195.1	100	41	0	0	2782	2822	20309990	20310030	2.91e-12	76.8	GCA_949796415.1_9762_genomic
AT1G36970	OX461155.1	99.544	1972	9	0	1	1972	13845357	13847328	0	3592	GCA_949796455.1_7143_genomic
AT1G36970	OX461155.1	87.835	485	56	3	1381	1864	19257463	19257945	9.36e-160	566	GCA_949796455.1_7143_genomic
AT1G36970	OX461155.1	82.403	233	18	4	991	1201	19256364	19256595	3.96e-44	182	GCA_949796455.1_7143_genomic
AT1G36970	OX461155.1	95.745	94	4	0	1383	1476	13846570	13846663	3.11e-35	152	GCA_949796455.1_7143_genomic
AT1G36970	OX461155.1	95.745	94	4	0	1214	1307	13846739	13846832	3.11e-35	152	GCA_949796455.1_7143_genomic
AT1G36970	OX461157.1	90.327	672	58	7	2	670	16922161	16922828	0	874	GCA_949796455.1_7143_genomic
AT1G36970	OX461157.1	87.766	564	62	7	1381	1942	13206904	13206346	0	652	GCA_949796455.1_7143_genomic
AT1G36970	OX461157.1	88.015	534	61	3	1381	1913	16923537	16924068	1.18e-178	628	GCA_949796455.1_7143_genomic
AT1G36970	OX461157.1	85.185	513	49	7	636	1148	13504834	13504349	2.68e-140	501	GCA_949796455.1_7143_genomic
AT1G36970	OX461157.1	88.647	414	42	2	1381	1794	13503416	13503008	9.63e-140	499	GCA_949796455.1_7143_genomic
AT1G36970	OX461157.1	83.135	587	51	11	636	1201	13208324	13207765	1.61e-137	492	GCA_949796455.1_7143_genomic
AT1G36970	OX461157.1	88.803	259	26	1	596	854	13505092	13504837	3.74e-84	315	GCA_949796455.1_7143_genomic
AT1G36970	OX461157.1	92.086	139	11	0	716	854	13208465	13208327	1.41e-48	196	GCA_949796455.1_7143_genomic
AT1G36970	OX461157.1	96.703	91	3	0	1111	1201	13504365	13504275	3.11e-35	152	GCA_949796455.1_7143_genomic
AT1G36970	OX461158.1	82.003	739	98	20	466	1201	3031783	3032489	1.19e-168	595	GCA_949796455.1_7143_genomic
AT1G36970	OX461158.1	84.307	599	82	10	1	593	3031182	3031774	1.55e-162	575	GCA_949796455.1_7143_genomic
AT1G36970	OX461158.1	85.607	535	73	4	1381	1913	3033356	3033888	1.57e-157	558	GCA_949796455.1_7143_genomic
AT1G36970	OX461156.1	83.089	615	86	16	2	608	3157425	3156821	4.38e-153	544	GCA_949796455.1_7143_genomic
AT1G36970	OX461156.1	82.927	615	87	16	2	608	3205974	3205370	2.04e-151	538	GCA_949796455.1_7143_genomic
AT1G36970	OX461156.1	80.272	441	53	13	715	1148	3205232	3204819	2.91e-80	302	GCA_949796455.1_7143_genomic
AT1G36970	OX461156.1	80.045	441	54	13	715	1148	3156683	3156270	1.36e-78	296	GCA_949796455.1_7143_genomic
AT1G36970	OX461156.1	93.023	86	6	0	1116	1201	3156281	3156196	1.88e-27	126	GCA_949796455.1_7143_genomic
AT1G36970	OX461156.1	91.86	86	7	0	1116	1201	3204830	3204745	8.76e-26	121	GCA_949796455.1_7143_genomic
AT3G31560	OX461157.1	99.08	326	3	0	132	457	13208325	13208650	1.59e-166	586	GCA_949796455.1_7143_genomic
AT3G31560	OX461157.1	96.691	272	9	0	1	272	13207976	13208247	1.68e-126	453	GCA_949796455.1_7143_genomic
AT3G31560	OX461157.1	95.926	270	11	0	3	272	13504488	13504757	4.72e-122	438	GCA_949796455.1_7143_genomic
AT3G31560	OX461157.1	97.326	187	5	0	271	457	13505072	13505258	6.41e-86	318	GCA_949796455.1_7143_genomic
AT3G31560	OX461157.1	97.872	141	3	0	132	272	13504835	13504975	1.1e-63	244	GCA_949796455.1_7143_genomic
AT3G31560	OX461158.1	89.259	270	28	1	3	272	3032297	3032029	1.77e-91	337	GCA_949796455.1_7143_genomic
AT3G31560	OX461156.1	87.248	298	31	3	3	296	3156409	3156703	2.29e-90	333	GCA_949796455.1_7143_genomic
AT3G31560	OX461156.1	87.248	298	31	3	3	296	3204958	3205252	2.29e-90	333	GCA_949796455.1_7143_genomic
AT3G31560	OX461156.1	95.062	162	7	1	296	457	11973459	11973619	1.83e-66	254	GCA_949796455.1_7143_genomic
AT3G31560	OX461155.1	88.75	240	27	0	33	272	13846311	13846072	1.08e-78	294	GCA_949796455.1_7143_genomic
AT4G05555	OX461158.1	98.725	2823	17	2	1	2823	3029640	3032443	0	4996	GCA_949796455.1_7143_genomic
AT4G05555	OX461158.1	88.406	138	16	0	2167	2304	3031652	3031789	1.59e-39	167	GCA_949796455.1_7143_genomic
AT4G05555	OX461158.1	86.842	152	17	2	2032	2183	3031787	3031935	1.59e-39	167	GCA_949796455.1_7143_genomic
AT4G05555	OX461156.1	92.697	1246	64	10	1066	2310	3157899	3156680	0	1772	GCA_949796455.1_7143_genomic
AT4G05555	OX461156.1	92.616	1246	65	10	1066	2310	3206448	3205229	0	1766	GCA_949796455.1_7143_genomic
AT4G05555	OX461156.1	93.122	567	35	4	1	565	3158455	3157891	0	828	GCA_949796455.1_7143_genomic
AT4G05555	OX461156.1	93.122	567	35	4	1	565	3207004	3206440	0	828	GCA_949796455.1_7143_genomic
AT4G05555	OX461156.1	93.237	414	23	3	2408	2816	3205232	3204819	2.85e-171	604	GCA_949796455.1_7143_genomic
AT4G05555	OX461156.1	92.995	414	24	3	2408	2816	3156683	3156270	1.33e-169	599	GCA_949796455.1_7143_genomic
AT4G05555	OX461156.1	88.406	138	16	0	2032	2169	3156823	3156686	1.59e-39	167	GCA_949796455.1_7143_genomic
AT4G05555	OX461156.1	88.406	138	16	0	2032	2169	3205372	3205235	1.59e-39	167	GCA_949796455.1_7143_genomic
AT4G05555	OX461156.1	100	39	0	0	2784	2822	3156281	3156243	3.57e-11	73.1	GCA_949796455.1_7143_genomic
AT4G05555	OX461156.1	100	39	0	0	2784	2822	3204830	3204792	3.57e-11	73.1	GCA_949796455.1_7143_genomic
AT4G05555	OX461157.1	89.92	1369	132	6	1	1366	16920648	16922013	0	1759	GCA_949796455.1_7143_genomic
AT4G05555	OX461157.1	89.034	766	80	3	1405	2169	16922004	16922766	0	946	GCA_949796455.1_7143_genomic
AT4G05555	OX461157.1	90.554	487	43	3	2332	2816	13504834	13504349	0	641	GCA_949796455.1_7143_genomic
AT4G05555	OX461157.1	89.712	486	49	1	2332	2816	13208324	13207839	1.02e-175	619	GCA_949796455.1_7143_genomic
AT4G05555	OX461157.1	100	41	0	0	2782	2822	13207852	13207812	2.76e-12	76.8	GCA_949796455.1_7143_genomic
AT4G05555	OX461157.1	100	41	0	0	2782	2822	13504362	13504322	2.76e-12	76.8	GCA_949796455.1_7143_genomic
AT4G05555	OX461155.1	89.845	906	80	11	496	1398	19254277	19255173	0	1153	GCA_949796455.1_7143_genomic
AT4G05555	OX461155.1	89.286	700	56	10	1135	1834	19255179	19255859	0	859	GCA_949796455.1_7143_genomic
AT4G05555	OX461155.1	83.939	716	98	14	1446	2154	13845244	13845949	0	669	GCA_949796455.1_7143_genomic
AT4G05555	OX461155.1	81.503	692	87	23	2163	2819	13845822	13846507	4.91e-149	531	GCA_949796455.1_7143_genomic
AT4G05555	OX461155.1	87.16	405	30	13	2414	2816	19256137	19256521	8.5e-122	440	GCA_949796455.1_7143_genomic
AT4G05555	OX461155.1	88.603	272	25	5	1902	2169	19255859	19256128	2.48e-87	326	GCA_949796455.1_7143_genomic
AT4G05555	OX461155.1	100	41	0	0	2782	2822	19256508	19256548	2.76e-12	76.8	GCA_949796455.1_7143_genomic
AT1G36970	OX461200.1	98.935	1972	21	0	1	1972	13907324	13909295	0	3526	GCA_949796475.1_9883_genomic
AT1G36970	OX461200.1	87.835	485	55	4	1381	1864	19457737	19458218	9.6e-160	566	GCA_949796475.1_9883_genomic
AT1G36970	OX461200.1	82.403	233	18	4	991	1201	19456638	19456869	4.06e-44	182	GCA_949796475.1_9883_genomic
AT1G36970	OX461200.1	95.745	94	4	0	1383	1476	13908537	13908630	3.19e-35	152	GCA_949796475.1_9883_genomic
AT1G36970	OX461200.1	94.681	94	5	0	1214	1307	13908706	13908799	1.48e-33	147	GCA_949796475.1_9883_genomic
AT1G36970	OX461202.1	89.911	674	57	8	4	670	16919532	16920201	0	857	GCA_949796475.1_9883_genomic
AT1G36970	OX461202.1	88.805	527	56	3	1388	1913	16920974	16921498	0	643	GCA_949796475.1_9883_genomic
AT1G36970	OX461202.1	91.954	87	6	1	1219	1305	16920974	16921059	8.98e-26	121	GCA_949796475.1_9883_genomic
AT1G36970	OX461203.1	82.114	738	99	19	466	1201	3038353	3039059	2.63e-170	601	GCA_949796475.1_9883_genomic
AT1G36970	OX461203.1	84.808	599	80	9	1	593	3037751	3038344	1.58e-167	592	GCA_949796475.1_9883_genomic
AT1G36970	OX461203.1	84.457	534	79	4	1382	1913	3039927	3040458	5.86e-147	523	GCA_949796475.1_9883_genomic
AT1G36970	OX461201.1	86.531	542	66	7	1381	1919	3388914	3388377	5.7e-167	590	GCA_949796475.1_9883_genomic
AT1G36970	OX461201.1	83.415	615	84	16	2	608	3391011	3390407	2.08e-156	555	GCA_949796475.1_9883_genomic
AT1G36970	OX461201.1	80.455	440	53	12	715	1148	3390269	3389857	2.31e-81	305	GCA_949796475.1_9883_genomic
AT1G36970	OX461201.1	93.023	86	6	0	1116	1201	3389868	3389783	1.93e-27	126	GCA_949796475.1_9883_genomic
AT3G31560	OX461201.1	87.879	297	30	2	3	296	3389996	3390289	1.09e-93	344	GCA_949796475.1_9883_genomic
AT3G31560	OX461201.1	95.062	162	7	1	296	457	14181196	14181356	1.88e-66	254	GCA_949796475.1_9883_genomic
AT3G31560	OX461203.1	89.63	270	27	1	3	272	3038867	3038599	3.9e-93	342	GCA_949796475.1_9883_genomic
AT3G31560	OX461200.1	89.212	241	24	2	33	272	13908278	13908039	2.38e-80	300	GCA_949796475.1_9883_genomic
AT4G05555	OX461203.1	97.251	2765	43	2	59	2823	3036282	3039013	0	4654	GCA_949796475.1_9883_genomic
AT4G05555	OX461203.1	87.5	152	16	2	2032	2183	3038357	3038505	3.51e-41	172	GCA_949796475.1_9883_genomic
AT4G05555	OX461203.1	88.406	138	16	0	2167	2304	3038222	3038359	1.63e-39	167	GCA_949796475.1_9883_genomic
AT4G05555	OX461200.1	91.076	1412	114	10	1	1407	14359951	14361355	0	1899	GCA_949796475.1_9883_genomic
AT4G05555	OX461200.1	89.413	1039	85	14	1135	2169	19455385	19456402	0	1286	GCA_949796475.1_9883_genomic
AT4G05555	OX461200.1	90.508	906	76	9	496	1398	19454481	19455379	0	1188	GCA_949796475.1_9883_genomic
AT4G05555	OX461200.1	91.102	753	63	4	1	750	14358233	14358984	0	1016	GCA_949796475.1_9883_genomic
AT4G05555	OX461200.1	81.594	690	90	21	2163	2819	13907789	13908474	1.08e-150	536	GCA_949796475.1_9883_genomic
AT4G05555	OX461200.1	87.16	405	30	13	2414	2816	19456411	19456795	8.72e-122	440	GCA_949796475.1_9883_genomic
AT4G05555	OX461200.1	100	41	0	0	2782	2822	19456782	19456822	2.83e-12	76.8	GCA_949796475.1_9883_genomic
AT4G05555	OX461201.1	92.777	1246	63	9	1066	2310	3391485	3390266	0	1777	GCA_949796475.1_9883_genomic
AT4G05555	OX461201.1	92.945	567	36	4	1	565	3392041	3391477	0	822	GCA_949796475.1_9883_genomic
AT4G05555	OX461201.1	93.462	413	23	2	2408	2816	3390269	3389857	6.28e-173	610	GCA_949796475.1_9883_genomic
AT4G05555	OX461201.1	88.406	138	16	0	2032	2169	3390409	3390272	1.63e-39	167	GCA_949796475.1_9883_genomic
AT4G05555	OX461201.1	100	39	0	0	2784	2822	3389868	3389830	3.67e-11	73.1	GCA_949796475.1_9883_genomic
AT4G05555	OX461202.1	90.67	1104	98	5	265	1366	16918282	16919382	0	1463	GCA_949796475.1_9883_genomic
AT4G05555	OX461202.1	88.312	770	82	5	1405	2169	16919373	16920139	0	917	GCA_949796475.1_9883_genomic
AT4G05555	OX461202.1	88.018	217	25	1	1	216	16918061	16918277	3.39e-66	255	GCA_949796475.1_9883_genomic
AT4G05555	OX461202.1	89.163	203	22	0	2164	2366	16919999	16920201	1.22e-65	254	GCA_949796475.1_9883_genomic
AT4G05555	OX461204.1	86.929	1094	132	10	92	1179	12511995	12513083	0	1218	GCA_949796475.1_9883_genomic
AT1G36970	OX461170.1	99.29	1972	13	1	1	1972	13969086	13971056	0	3563	GCA_949796485.1_9900_genomic
AT1G36970	OX461170.1	88.454	485	53	3	1381	1864	18978144	18978626	9.38e-165	582	GCA_949796485.1_9900_genomic
AT1G36970	OX461170.1	81.974	233	19	4	991	1201	18977045	18977276	1.86e-42	176	GCA_949796485.1_9900_genomic
AT1G36970	OX461170.1	95.745	94	4	0	1383	1476	13970298	13970391	3.14e-35	152	GCA_949796485.1_9900_genomic
AT1G36970	OX461170.1	95.745	94	4	0	1214	1307	13970467	13970560	3.14e-35	152	GCA_949796485.1_9900_genomic
AT1G36970	OX461172.1	90.342	673	55	8	2	670	18224941	18225607	0	874	GCA_949796485.1_9900_genomic
AT1G36970	OX461172.1	88.202	534	60	3	1381	1913	18226316	18226847	2.55e-180	634	GCA_949796485.1_9900_genomic
AT1G36970	OX461172.1	88.647	414	42	2	1381	1794	13148337	13147929	9.72e-140	499	GCA_949796485.1_9900_genomic
AT1G36970	OX461172.1	84.99	513	49	8	636	1148	13149754	13149270	1.26e-138	496	GCA_949796485.1_9900_genomic
AT1G36970	OX461172.1	88.803	259	26	1	596	854	13150012	13149757	3.78e-84	315	GCA_949796485.1_9900_genomic
AT1G36970	OX461172.1	95.506	89	4	0	1113	1201	13149284	13149196	1.89e-32	143	GCA_949796485.1_9900_genomic
AT1G36970	OX461173.1	81.978	738	100	19	466	1201	2743688	2744394	1.21e-168	595	GCA_949796485.1_9900_genomic
AT1G36970	OX461173.1	85.366	533	74	4	1383	1913	2745263	2745793	9.52e-155	549	GCA_949796485.1_9900_genomic
AT1G36970	OX461171.1	86.347	542	67	7	1381	1919	3241601	3241064	2.61e-165	584	GCA_949796485.1_9900_genomic
AT1G36970	OX461171.1	83.333	612	84	16	5	608	3243695	3243094	9.52e-155	549	GCA_949796485.1_9900_genomic
AT1G36970	OX461171.1	80.549	437	52	12	718	1148	3242953	3242544	2.27e-81	305	GCA_949796485.1_9900_genomic
AT1G36970	OX461171.1	93.023	86	6	0	1116	1201	3242555	3242470	1.9e-27	126	GCA_949796485.1_9900_genomic
AT3G31560	OX461172.1	96.296	270	10	0	3	272	13149409	13149678	1.02e-123	444	GCA_949796485.1_9900_genomic
AT3G31560	OX461172.1	97.326	187	5	0	271	457	13149992	13150178	6.47e-86	318	GCA_949796485.1_9900_genomic
AT3G31560	OX461172.1	97.872	141	3	0	132	272	13149755	13149895	1.11e-63	244	GCA_949796485.1_9900_genomic
AT3G31560	OX461173.1	89.259	270	28	1	3	272	2744202	2743934	1.79e-91	337	GCA_949796485.1_9900_genomic
AT3G31560	OX461171.1	86.532	297	34	2	3	296	3242683	3242976	5e-87	322	GCA_949796485.1_9900_genomic
AT3G31560	OX461171.1	95.062	162	7	1	296	457	13061706	13061866	1.85e-66	254	GCA_949796485.1_9900_genomic
AT3G31560	OX461170.1	88.186	237	28	0	36	272	13970037	13969801	2.36e-75	283	GCA_949796485.1_9900_genomic
AT4G05555	OX461173.1	98.246	1083	19	0	1	1083	2742310	2743392	0	1895	GCA_949796485.1_9900_genomic
AT4G05555	OX461173.1	98.436	959	15	0	1865	2823	2743390	2744348	0	1688	GCA_949796485.1_9900_genomic
AT4G05555	OX461173.1	89.13	138	15	0	2032	2169	2743692	2743829	3.46e-41	172	GCA_949796485.1_9900_genomic
AT4G05555	OX461173.1	87.681	138	17	0	2167	2304	2743557	2743694	7.49e-38	161	GCA_949796485.1_9900_genomic
AT4G05555	OX461172.1	89.993	1369	131	6	1	1366	18223428	18224793	0	1764	GCA_949796485.1_9900_genomic
AT4G05555	OX461172.1	89.034	766	79	4	1405	2169	18224784	18225545	0	944	GCA_949796485.1_9900_genomic
AT4G05555	OX461172.1	90.349	487	43	4	2332	2816	13149754	13149270	1.02e-180	636	GCA_949796485.1_9900_genomic
AT4G05555	OX461172.1	100	41	0	0	2782	2822	13149283	13149243	2.79e-12	76.8	GCA_949796485.1_9900_genomic
AT4G05555	OX461171.1	92.357	1243	68	9	1066	2307	3244172	3242956	0	1744	GCA_949796485.1_9900_genomic
AT4G05555	OX461171.1	92.945	567	36	4	1	565	3244728	3244164	0	822	GCA_949796485.1_9900_genomic
AT4G05555	OX461171.1	93.171	410	24	2	2411	2816	3242953	3242544	1.34e-169	599	GCA_949796485.1_9900_genomic
AT4G05555	OX461171.1	87.681	138	17	0	2032	2169	3243096	3242959	7.49e-38	161	GCA_949796485.1_9900_genomic
AT4G05555	OX461171.1	100	39	0	0	2784	2822	3242555	3242517	3.61e-11	73.1	GCA_949796485.1_9900_genomic
AT4G05555	OX461174.1	86.929	1094	132	10	92	1179	12213688	12214776	0	1218	GCA_949796485.1_9900_genomic
AT4G05555	OX461170.1	90.503	874	76	6	496	1366	18976147	18977016	0	1147	GCA_949796485.1_9900_genomic
AT4G05555	OX461170.1	84.094	723	98	14	1439	2154	13968966	13969678	0	682	GCA_949796485.1_9900_genomic
AT4G05555	OX461170.1	81.042	691	91	25	2163	2819	13969551	13970235	4.99e-144	514	GCA_949796485.1_9900_genomic
AT4G05555	OX461170.1	91.139	158	14	0	2659	2816	18977045	18977202	5.67e-54	215	GCA_949796485.1_9900_genomic
AT4G05555	OX461170.1	100	41	0	0	2782	2822	18977189	18977229	2.79e-12	76.8	GCA_949796485.1_9900_genomic
AT1G36970	OX461205.1	99.797	1972	4	0	1	1972	14180583	14182554	0	3620	GCA_949796525.1_6923_genomic
AT1G36970	OX461205.1	88.041	485	55	3	1381	1864	17260990	17261472	2.03e-161	571	GCA_949796525.1_6923_genomic
AT1G36970	OX461205.1	82.403	233	18	4	991	1201	17259891	17260122	3.99e-44	182	GCA_949796525.1_6923_genomic
AT1G36970	OX461205.1	95.745	94	4	0	1383	1476	14181796	14181889	3.13e-35	152	GCA_949796525.1_6923_genomic
AT1G36970	OX461205.1	94.681	94	5	0	1214	1307	14181965	14182058	1.46e-33	147	GCA_949796525.1_6923_genomic
AT1G36970	OX461207.1	90.625	672	56	7	2	670	19958580	19959247	0	885	GCA_949796525.1_6923_genomic
AT1G36970	OX461207.1	87.389	563	65	6	1381	1942	13099918	13099361	0	641	GCA_949796525.1_6923_genomic
AT1G36970	OX461207.1	88.015	534	62	2	1381	1913	13439745	13439213	3.3e-179	630	GCA_949796525.1_6923_genomic
AT1G36970	OX461207.1	87.638	542	61	6	1381	1919	13472557	13472019	1.53e-177	625	GCA_949796525.1_6923_genomic
AT1G36970	OX461207.1	87.079	534	58	8	1381	1913	19959956	19960479	4.33e-168	593	GCA_949796525.1_6923_genomic
AT1G36970	OX461207.1	85.018	554	54	11	596	1148	13441202	13440677	7.4e-151	536	GCA_949796525.1_6923_genomic
AT1G36970	OX461207.1	84.014	588	44	13	636	1201	13473977	13473418	7.45e-146	520	GCA_949796525.1_6923_genomic
AT1G36970	OX461207.1	84.211	513	54	8	636	1148	13100686	13100201	5.88e-132	473	GCA_949796525.1_6923_genomic
AT1G36970	OX461207.1	89.961	259	23	1	596	854	13100944	13100689	3.75e-89	331	GCA_949796525.1_6923_genomic
AT1G36970	OX461207.1	88.636	264	27	1	591	854	13474240	13473980	2.92e-85	318	GCA_949796525.1_6923_genomic
AT1G36970	OX461207.1	95.506	89	4	0	1113	1201	13440691	13440603	1.88e-32	143	GCA_949796525.1_6923_genomic
AT1G36970	OX461207.1	93.103	87	5	1	1219	1305	19959963	19960048	1.9e-27	126	GCA_949796525.1_6923_genomic
AT1G36970	OX461207.1	97.917	48	1	0	1113	1160	13100215	13100168	1.16e-14	84.2	GCA_949796525.1_6923_genomic
AT1G36970	OX461208.1	84.975	599	79	9	1	593	2923659	2924252	3.34e-169	597	GCA_949796525.1_6923_genomic
AT1G36970	OX461208.1	81.732	739	100	20	466	1201	2924261	2924967	2.6e-165	584	GCA_949796525.1_6923_genomic
AT1G36970	OX461208.1	85.234	535	75	4	1381	1913	2925834	2926366	3.42e-154	547	GCA_949796525.1_6923_genomic
AT1G36970	OX461206.1	86.162	542	68	7	1381	1919	3652230	3651693	1.21e-163	579	GCA_949796525.1_6923_genomic
AT1G36970	OX461206.1	83.089	615	86	16	2	608	3654325	3653721	4.42e-153	544	GCA_949796525.1_6923_genomic
AT1G36970	OX461206.1	80.455	440	53	12	715	1148	3653583	3653171	2.27e-81	305	GCA_949796525.1_6923_genomic
AT1G36970	OX461206.1	93.023	86	6	0	1116	1201	3653182	3653097	1.9e-27	126	GCA_949796525.1_6923_genomic
AT3G31560	OX461207.1	97.407	270	7	0	3	272	13473631	13473900	1.01e-128	460	GCA_949796525.1_6923_genomic
AT3G31560	OX461207.1	95.926	270	11	0	3	272	13440816	13441085	4.75e-122	438	GCA_949796525.1_6923_genomic
AT3G31560	OX461207.1	95.221	272	12	1	1	272	13100338	13100608	2.86e-119	429	GCA_949796525.1_6923_genomic
AT3G31560	OX461207.1	97.872	188	4	0	270	457	13100923	13101110	3.86e-88	326	GCA_949796525.1_6923_genomic
AT3G31560	OX461207.1	96.257	187	7	0	271	457	13441182	13441368	1.4e-82	307	GCA_949796525.1_6923_genomic
AT3G31560	OX461207.1	96.277	188	5	2	271	457	13474215	13474401	1.4e-82	307	GCA_949796525.1_6923_genomic
AT3G31560	OX461207.1	99.291	141	1	0	132	272	13100687	13100827	5.14e-67	255	GCA_949796525.1_6923_genomic
AT3G31560	OX461207.1	96.454	141	5	0	132	272	13473978	13474118	2.41e-60	233	GCA_949796525.1_6923_genomic
AT3G31560	OX461206.1	87.879	297	30	2	3	296	3653310	3653603	1.07e-93	344	GCA_949796525.1_6923_genomic
AT3G31560	OX461206.1	95.062	162	7	1	296	457	12941273	12941433	1.85e-66	254	GCA_949796525.1_6923_genomic
AT3G31560	OX461208.1	88.889	270	29	1	3	272	2924775	2924507	8.3e-90	331	GCA_949796525.1_6923_genomic
AT3G31560	OX461205.1	88.75	240	27	0	33	272	14181537	14181298	1.09e-78	294	GCA_949796525.1_6923_genomic
AT4G05555	OX461208.1	98.796	2824	15	2	1	2823	2922116	2924921	0	5009	GCA_949796525.1_6923_genomic
AT4G05555	OX461208.1	88.406	138	16	0	2167	2304	2924130	2924267	1.61e-39	167	GCA_949796525.1_6923_genomic
AT4G05555	OX461208.1	86.184	152	18	2	2032	2183	2924265	2924413	7.47e-38	161	GCA_949796525.1_6923_genomic
AT4G05555	OX461207.1	90.358	1369	126	6	1	1366	19957057	19958422	0	1792	GCA_949796525.1_6923_genomic
AT4G05555	OX461207.1	88.273	776	77	6	1405	2169	19958413	19959185	0	917	GCA_949796525.1_6923_genomic
AT4G05555	OX461207.1	89.286	532	54	3	2287	2816	13441207	13440677	0	664	GCA_949796525.1_6923_genomic
AT4G05555	OX461207.1	90.535	486	45	1	2332	2816	13473977	13473492	0	641	GCA_949796525.1_6923_genomic
AT4G05555	OX461207.1	89.322	487	49	3	2332	2816	13100686	13100201	2.22e-172	608	GCA_949796525.1_6923_genomic
AT4G05555	OX461207.1	88.973	263	29	0	2287	2549	13474240	13473978	2.5e-87	326	GCA_949796525.1_6923_genomic
AT4G05555	OX461207.1	100	41	0	0	2782	2822	13100214	13100174	2.78e-12	76.8	GCA_949796525.1_6923_genomic
AT4G05555	OX461207.1	100	41	0	0	2782	2822	13473505	13473465	2.78e-12	76.8	GCA_949796525.1_6923_genomic
AT4G05555	OX461207.1	97.561	41	1	0	2782	2822	13440690	13440650	1.3e-10	71.3	GCA_949796525.1_6923_genomic
AT4G05555	OX461206.1	92.295	1246	69	9	1066	2310	3654799	3653580	0	1744	GCA_949796525.1_6923_genomic
AT4G05555	OX461206.1	92.416	567	39	4	1	565	3655355	3654791	0	806	GCA_949796525.1_6923_genomic
AT4G05555	OX461206.1	93.462	413	23	2	2408	2816	3653583	3653171	6.17e-173	610	GCA_949796525.1_6923_genomic
AT4G05555	OX461206.1	88.406	138	16	0	2032	2169	3653723	3653586	1.61e-39	167	GCA_949796525.1_6923_genomic
AT4G05555	OX461206.1	100	39	0	0	2784	2822	3653182	3653144	3.6e-11	73.1	GCA_949796525.1_6923_genomic
AT4G05555	OX461205.1	90.847	874	74	5	496	1366	17258992	17259862	0	1166	GCA_949796525.1_6923_genomic
AT4G05555	OX461205.1	84.232	723	97	14	1439	2154	14180463	14181175	0	688	GCA_949796525.1_6923_genomic
AT4G05555	OX461205.1	81.358	692	88	23	2163	2819	14181048	14181733	2.3e-147	525	GCA_949796525.1_6923_genomic
AT4G05555	OX461205.1	91.772	158	13	0	2659	2816	17259891	17260048	1.22e-55	220	GCA_949796525.1_6923_genomic
AT4G05555	OX461205.1	100	41	0	0	2782	2822	17260035	17260075	2.78e-12	76.8	GCA_949796525.1_6923_genomic
AT1G36970	OX461145.1	99.797	1972	4	0	1	1972	13903494	13905465	0	3620	GCA_949796605.1_9806_genomic
AT1G36970	OX461145.1	95.745	94	4	0	1383	1476	13904707	13904800	3.18e-35	152	GCA_949796605.1_9806_genomic
AT1G36970	OX461145.1	95.745	94	4	0	1214	1307	13904876	13904969	3.18e-35	152	GCA_949796605.1_9806_genomic
AT1G36970	OX461147.1	90.03	672	58	8	2	670	18787477	18786812	0	861	GCA_949796605.1_9806_genomic
AT1G36970	OX461147.1	88.202	534	60	3	1381	1913	18786106	18785575	2.59e-180	634	GCA_949796605.1_9806_genomic
AT1G36970	OX461147.1	89.655	87	8	1	1219	1305	18786099	18786014	1.94e-22	110	GCA_949796605.1_9806_genomic
AT1G36970	OX461148.1	84.808	599	80	9	1	593	3047935	3048528	1.58e-167	592	GCA_949796605.1_9806_genomic
AT1G36970	OX461148.1	81.757	740	96	23	466	1201	3048537	3049241	9.51e-165	582	GCA_949796605.1_9806_genomic
AT1G36970	OX461146.1	86.347	542	67	7	1381	1919	3288652	3288115	2.64e-165	584	GCA_949796605.1_9806_genomic
AT1G36970	OX461146.1	83.483	557	76	14	59	608	3290685	3290138	2.12e-141	505	GCA_949796605.1_9806_genomic
AT1G36970	OX461146.1	80.682	440	52	12	715	1148	3290000	3289588	4.96e-83	311	GCA_949796605.1_9806_genomic
AT1G36970	OX461146.1	93.023	86	6	0	1116	1201	3289599	3289514	1.93e-27	126	GCA_949796605.1_9806_genomic
AT3G31560	OX461146.1	87.879	297	30	2	3	296	3289727	3290020	1.08e-93	344	GCA_949796605.1_9806_genomic
AT3G31560	OX461146.1	94.444	162	8	1	296	457	13125010	13125170	8.73e-65	248	GCA_949796605.1_9806_genomic
AT3G31560	OX461148.1	88.519	270	30	1	3	272	3049049	3048781	3.92e-88	326	GCA_949796605.1_9806_genomic
AT3G31560	OX461145.1	88.75	240	27	0	33	272	13904448	13904209	1.11e-78	294	GCA_949796605.1_9806_genomic
AT4G05555	OX461148.1	98.477	2823	22	3	1	2823	3046394	3049195	0	4955	GCA_949796605.1_9806_genomic
AT4G05555	OX461148.1	88.406	138	16	0	2167	2304	3048406	3048543	1.63e-39	167	GCA_949796605.1_9806_genomic
AT4G05555	OX461148.1	86.842	152	17	2	2032	2183	3048541	3048689	1.63e-39	167	GCA_949796605.1_9806_genomic
AT4G05555	OX461145.1	88.911	1515	114	16	1	1511	14521058	14519594	0	1818	GCA_949796605.1_9806_genomic
AT4G05555	OX461145.1	84.371	723	96	14	1439	2154	13903374	13904086	0	693	GCA_949796605.1_9806_genomic
AT4G05555	OX461145.1	81.358	692	88	23	2163	2819	13903959	13904644	2.34e-147	525	GCA_949796605.1_9806_genomic
AT4G05555	OX461147.1	89.774	1369	131	8	1	1366	18788987	18787625	0	1744	GCA_949796605.1_9806_genomic
AT4G05555	OX461147.1	89.034	766	78	4	1405	2169	18787634	18786874	0	944	GCA_949796605.1_9806_genomic
AT4G05555	OX461149.1	87.088	1092	133	8	92	1179	12292078	12293165	0	1229	GCA_949796605.1_9806_genomic
AT4G05555	OX461146.1	93.497	692	42	2	1619	2310	3290685	3289997	0	1026	GCA_949796605.1_9806_genomic
AT4G05555	OX461146.1	93.705	413	22	2	2408	2816	3290000	3289588	1.35e-174	616	GCA_949796605.1_9806_genomic
AT4G05555	OX461146.1	88.406	138	16	0	2032	2169	3290140	3290003	1.63e-39	167	GCA_949796605.1_9806_genomic
AT4G05555	OX461146.1	100	39	0	0	2784	2822	3289599	3289561	3.66e-11	73.1	GCA_949796605.1_9806_genomic
AT1G36970	OX461160.1	98.834	1972	23	0	1	1972	13865811	13867782	0	3515	GCA_949796635.1_8285_genomic
AT1G36970	OX461160.1	95.745	94	4	0	1383	1476	13867024	13867117	3.22e-35	152	GCA_949796635.1_8285_genomic
AT1G36970	OX461160.1	95.745	94	4	0	1214	1307	13867193	13867286	3.22e-35	152	GCA_949796635.1_8285_genomic
AT1G36970	OX461162.1	90.625	672	56	7	2	670	17732049	17732716	0	885	GCA_949796635.1_8285_genomic
AT1G36970	OX461162.1	87.079	534	58	8	1381	1913	17733425	17733948	4.45e-168	593	GCA_949796635.1_8285_genomic
AT1G36970	OX461162.1	88.031	259	28	1	596	854	13177587	13177332	8.4e-81	303	GCA_949796635.1_8285_genomic
AT1G36970	OX461162.1	93.103	87	5	1	1219	1305	17733432	17733517	1.95e-27	126	GCA_949796635.1_8285_genomic
AT1G36970	OX461163.1	81.978	738	100	19	466	1201	2944358	2945064	1.24e-168	595	GCA_949796635.1_8285_genomic
AT1G36970	OX461163.1	85.178	533	75	4	1383	1913	2945933	2946463	4.55e-153	544	GCA_949796635.1_8285_genomic
AT1G36970	OX461161.1	83.74	615	82	16	2	608	3318974	3318370	9.7e-160	566	GCA_949796635.1_8285_genomic
AT1G36970	OX461161.1	86.508	378	43	8	1545	1919	3317263	3316891	1.73e-112	409	GCA_949796635.1_8285_genomic
AT1G36970	OX461161.1	80.227	440	54	12	715	1148	3318232	3317820	1.09e-79	300	GCA_949796635.1_8285_genomic
AT1G36970	OX461161.1	93.023	86	6	0	1116	1201	3317831	3317746	1.95e-27	126	GCA_949796635.1_8285_genomic
AT3G31560	OX461163.1	89.259	270	28	1	3	272	2944872	2944604	1.83e-91	337	GCA_949796635.1_8285_genomic
AT3G31560	OX461161.1	87.205	297	32	2	3	296	3317959	3318252	2.37e-90	333	GCA_949796635.1_8285_genomic
AT3G31560	OX461161.1	95.062	162	7	1	296	457	13971040	13971200	1.9e-66	254	GCA_949796635.1_8285_genomic
AT3G31560	OX461162.1	96.791	187	6	0	271	457	13177567	13177753	3.09e-84	313	GCA_949796635.1_8285_genomic
AT3G31560	OX461162.1	95.745	141	6	0	132	272	13177330	13177470	1.15e-58	228	GCA_949796635.1_8285_genomic
AT3G31560	OX461162.1	97.826	46	1	0	227	272	13177207	13177252	3.41e-14	80.5	GCA_949796635.1_8285_genomic
AT3G31560	OX461160.1	88.75	240	27	0	33	272	13866765	13866526	1.12e-78	294	GCA_949796635.1_8285_genomic
AT4G05555	OX461163.1	97.839	2823	43	1	1	2823	2942214	2945018	0	4859	GCA_949796635.1_8285_genomic
AT4G05555	OX461163.1	89.13	138	15	0	2032	2169	2944362	2944499	3.55e-41	172	GCA_949796635.1_8285_genomic
AT4G05555	OX461163.1	88.406	138	16	0	2167	2304	2944227	2944364	1.65e-39	167	GCA_949796635.1_8285_genomic
AT4G05555	OX461160.1	88.911	1515	114	16	1	1511	14475560	14474096	0	1818	GCA_949796635.1_8285_genomic
AT4G05555	OX461160.1	83.956	723	99	15	1439	2154	13865691	13866403	0	676	GCA_949796635.1_8285_genomic
AT4G05555	OX461160.1	81.069	692	90	23	2163	2819	13866276	13866961	5.12e-144	514	GCA_949796635.1_8285_genomic
AT4G05555	OX461162.1	90.139	1369	129	6	1	1366	17730536	17731901	0	1775	GCA_949796635.1_8285_genomic
AT4G05555	OX461162.1	89.164	766	79	3	1405	2169	17731892	17732654	0	952	GCA_949796635.1_8285_genomic
AT4G05555	OX461162.1	88.593	263	30	0	2287	2549	13177592	13177330	1.2e-85	320	GCA_949796635.1_8285_genomic
AT4G05555	OX461161.1	92.616	1246	66	8	1066	2310	3319449	3318229	0	1768	GCA_949796635.1_8285_genomic
AT4G05555	OX461161.1	93.122	567	35	4	1	565	3320005	3319441	0	828	GCA_949796635.1_8285_genomic
AT4G05555	OX461161.1	93.22	413	24	2	2408	2816	3318232	3317820	2.95e-171	604	GCA_949796635.1_8285_genomic
AT4G05555	OX461161.1	88.406	138	16	0	2032	2169	3318372	3318235	1.65e-39	167	GCA_949796635.1_8285_genomic
AT4G05555	OX461161.1	100	39	0	0	2784	2822	3317831	3317793	3.7e-11	73.1	GCA_949796635.1_8285_genomic
AT4G05555	OX461164.1	87.088	1092	133	8	92	1179	11747309	11748396	0	1229	GCA_949796635.1_8285_genomic
AT1G36970	OX461135.1	99.797	1972	4	0	1	1972	14082167	14084138	0	3620	GCA_949796645.1_6137_genomic
AT1G36970	OX461135.1	95.745	94	4	0	1383	1476	14083380	14083473	3.19e-35	152	GCA_949796645.1_6137_genomic
AT1G36970	OX461135.1	94.681	94	5	0	1214	1307	14083549	14083642	1.48e-33	147	GCA_949796645.1_6137_genomic
AT1G36970	OX461137.1	89.614	674	59	8	4	670	17280042	17280711	0	846	GCA_949796645.1_6137_genomic
AT1G36970	OX461137.1	88.805	527	56	3	1388	1913	17281484	17282008	0	643	GCA_949796645.1_6137_genomic
AT1G36970	OX461137.1	88.411	535	59	3	1381	1913	12976741	12976208	0	641	GCA_949796645.1_6137_genomic
AT1G36970	OX461137.1	88.015	534	61	3	1381	1913	12991517	12990986	1.21e-178	628	GCA_949796645.1_6137_genomic
AT1G36970	OX461137.1	87.664	535	63	3	1381	1913	13053483	13052950	7.27e-176	619	GCA_949796645.1_6137_genomic
AT1G36970	OX461137.1	85.172	553	55	8	596	1148	13021604	13021079	1.62e-152	542	GCA_949796645.1_6137_genomic
AT1G36970	OX461137.1	85.018	554	54	11	596	1148	12978199	12977674	7.53e-151	536	GCA_949796645.1_6137_genomic
AT1G36970	OX461137.1	84.991	553	56	8	596	1148	12992918	12992393	7.53e-151	536	GCA_949796645.1_6137_genomic
AT1G36970	OX461137.1	84.991	553	56	8	596	1148	13054940	13054415	7.53e-151	536	GCA_949796645.1_6137_genomic
AT1G36970	OX461137.1	85.926	270	31	3	1381	1650	13020121	13019859	3.89e-74	281	GCA_949796645.1_6137_genomic
AT1G36970	OX461137.1	95.789	95	4	0	1107	1201	13021078	13020984	8.86e-36	154	GCA_949796645.1_6137_genomic
AT1G36970	OX461137.1	96.629	89	3	0	1113	1201	13054429	13054341	4.12e-34	148	GCA_949796645.1_6137_genomic
AT1G36970	OX461137.1	95.506	89	4	0	1113	1201	12977688	12977600	1.92e-32	143	GCA_949796645.1_6137_genomic
AT1G36970	OX461137.1	91.954	87	6	1	1219	1305	17281484	17281569	8.99e-26	121	GCA_949796645.1_6137_genomic
AT1G36970	OX461137.1	97.959	49	1	0	1153	1201	12992367	12992319	3.28e-15	86.1	GCA_949796645.1_6137_genomic
AT1G36970	OX461138.1	81.978	738	100	19	466	1201	3019067	3019773	1.22e-168	595	GCA_949796645.1_6137_genomic
AT1G36970	OX461138.1	85.366	533	74	4	1383	1913	3020642	3021172	9.67e-155	549	GCA_949796645.1_6137_genomic
AT1G36970	OX461136.1	86.372	543	65	9	1381	1919	3406548	3406011	2.65e-165	584	GCA_949796645.1_6137_genomic
AT1G36970	OX461136.1	83.089	615	86	16	2	608	3408645	3408041	4.5e-153	544	GCA_949796645.1_6137_genomic
AT1G36970	OX461136.1	80.543	442	49	13	715	1148	3407903	3407491	2.31e-81	305	GCA_949796645.1_6137_genomic
AT1G36970	OX461136.1	91.86	86	7	0	1116	1201	3407502	3407417	8.99e-26	121	GCA_949796645.1_6137_genomic
AT3G31560	OX461137.1	96.667	270	9	0	3	272	12992532	12992801	2.24e-125	449	GCA_949796645.1_6137_genomic
AT3G31560	OX461137.1	96.296	270	10	0	3	272	12977813	12978082	1.04e-123	444	GCA_949796645.1_6137_genomic
AT3G31560	OX461137.1	96.296	270	10	0	3	272	13021218	13021487	1.04e-123	444	GCA_949796645.1_6137_genomic
AT3G31560	OX461137.1	96.296	270	10	0	3	272	13054554	13054823	1.04e-123	444	GCA_949796645.1_6137_genomic
AT3G31560	OX461137.1	98.396	187	3	0	271	457	12978179	12978365	3.04e-89	329	GCA_949796645.1_6137_genomic
AT3G31560	OX461137.1	97.326	187	5	0	271	457	13021584	13021770	6.58e-86	318	GCA_949796645.1_6137_genomic
AT3G31560	OX461137.1	96.791	187	6	0	271	457	12992898	12993084	3.06e-84	313	GCA_949796645.1_6137_genomic
AT3G31560	OX461137.1	96.791	187	6	0	271	457	13054920	13055106	3.06e-84	313	GCA_949796645.1_6137_genomic
AT3G31560	OX461136.1	87.879	297	30	2	3	296	3407630	3407923	1.09e-93	344	GCA_949796645.1_6137_genomic
AT3G31560	OX461136.1	95.062	162	7	1	296	457	13747906	13748066	1.88e-66	254	GCA_949796645.1_6137_genomic
AT3G31560	OX461138.1	89.259	270	28	1	3	272	3019581	3019313	1.82e-91	337	GCA_949796645.1_6137_genomic
AT3G31560	OX461135.1	88.75	240	27	0	33	272	14083121	14082882	1.11e-78	294	GCA_949796645.1_6137_genomic
AT4G05555	OX461138.1	97.734	2824	45	2	1	2823	3016922	3019727	0	4843	GCA_949796645.1_6137_genomic
AT4G05555	OX461138.1	88.406	138	16	0	2032	2169	3019071	3019208	1.64e-39	167	GCA_949796645.1_6137_genomic
AT4G05555	OX461138.1	87.681	138	17	0	2167	2304	3018936	3019073	7.61e-38	161	GCA_949796645.1_6137_genomic
AT4G05555	OX461136.1	92.536	1246	66	9	1066	2310	3409119	3407900	0	1760	GCA_949796645.1_6137_genomic
AT4G05555	OX461136.1	92.769	567	37	4	1	565	3409675	3409111	0	817	GCA_949796645.1_6137_genomic
AT4G05555	OX461136.1	93.462	413	23	2	2408	2816	3407903	3407491	6.28e-173	610	GCA_949796645.1_6137_genomic
AT4G05555	OX461136.1	88.406	138	16	0	2032	2169	3408043	3407906	1.64e-39	167	GCA_949796645.1_6137_genomic
AT4G05555	OX461136.1	100	39	0	0	2784	2822	3407502	3407464	3.67e-11	73.1	GCA_949796645.1_6137_genomic
AT4G05555	OX461137.1	90.67	1104	98	5	265	1366	17278792	17279892	0	1463	GCA_949796645.1_6137_genomic
AT4G05555	OX461137.1	88.052	770	84	5	1405	2169	17279883	17280649	0	905	GCA_949796645.1_6137_genomic
AT4G05555	OX461137.1	90.019	531	52	1	2287	2816	13021609	13021079	0	686	GCA_949796645.1_6137_genomic
AT4G05555	OX461137.1	90.019	531	52	1	2287	2816	13054945	13054415	0	686	GCA_949796645.1_6137_genomic
AT4G05555	OX461137.1	89.831	531	53	1	2287	2816	12978204	12977674	0	680	GCA_949796645.1_6137_genomic
AT4G05555	OX461137.1	89.831	531	53	1	2287	2816	12992923	12992393	0	680	GCA_949796645.1_6137_genomic
AT4G05555	OX461137.1	88.018	217	25	1	1	216	17278571	17278787	3.39e-66	255	GCA_949796645.1_6137_genomic
AT4G05555	OX461137.1	89.163	203	22	0	2164	2366	17280509	17280711	1.22e-65	254	GCA_949796645.1_6137_genomic
AT4G05555	OX461137.1	97.561	41	1	0	2782	2822	12977687	12977647	1.32e-10	71.3	GCA_949796645.1_6137_genomic
AT4G05555	OX461137.1	97.561	41	1	0	2782	2822	13021071	13021031	1.32e-10	71.3	GCA_949796645.1_6137_genomic
AT4G05555	OX461137.1	97.561	41	1	0	2782	2822	13054428	13054388	1.32e-10	71.3	GCA_949796645.1_6137_genomic
AT4G05555	OX461139.1	86.996	1092	134	8	92	1179	12411411	12412498	0	1223	GCA_949796645.1_6137_genomic
AT4G05555	OX461135.1	84.232	723	97	14	1439	2154	14082047	14082759	0	688	GCA_949796645.1_6137_genomic
AT4G05555	OX461135.1	81.358	692	88	23	2163	2819	14082632	14083317	2.34e-147	525	GCA_949796645.1_6137_genomic
AT1G36970	OX461140.1	99.746	1972	5	0	1	1972	13715166	13717137	0	3615	GCA_949796655.1_9744_genomic
AT1G36970	OX461140.1	87.629	485	57	3	1381	1864	18240802	18241284	4.44e-158	560	GCA_949796655.1_9744_genomic
AT1G36970	OX461140.1	81.974	233	19	4	991	1201	18239703	18239934	1.88e-42	176	GCA_949796655.1_9744_genomic
AT1G36970	OX461140.1	95.745	94	4	0	1383	1476	13716379	13716472	3.17e-35	152	GCA_949796655.1_9744_genomic
AT1G36970	OX461140.1	95.745	94	4	0	1214	1307	13716548	13716641	3.17e-35	152	GCA_949796655.1_9744_genomic
AT1G36970	OX461142.1	90.179	672	59	7	2	670	18070549	18069882	0	869	GCA_949796655.1_9744_genomic
AT1G36970	OX461142.1	87.567	563	64	6	1381	1942	13074981	13074424	0	647	GCA_949796655.1_9744_genomic
AT1G36970	OX461142.1	88.202	534	60	3	1381	1913	18069175	18068644	2.58e-180	634	GCA_949796655.1_9744_genomic
AT1G36970	OX461142.1	85.38	513	48	7	636	1148	13409462	13408977	5.87e-142	507	GCA_949796655.1_9744_genomic
AT1G36970	OX461142.1	88.889	414	40	3	1381	1794	13408044	13407637	2.11e-141	505	GCA_949796655.1_9744_genomic
AT1G36970	OX461142.1	83.305	587	49	11	636	1201	13076400	13075842	1.27e-138	496	GCA_949796655.1_9744_genomic
AT1G36970	OX461142.1	88.417	259	27	1	596	854	13409720	13409465	1.78e-82	309	GCA_949796655.1_9744_genomic
AT1G36970	OX461142.1	92.086	139	11	0	716	854	13076541	13076403	1.44e-48	196	GCA_949796655.1_9744_genomic
AT1G36970	OX461142.1	90.805	87	7	1	1219	1305	18069168	18069083	4.16e-24	115	GCA_949796655.1_9744_genomic
AT1G36970	OX461141.1	86.716	542	64	8	1381	1919	3437469	3436933	1.22e-168	595	GCA_949796655.1_9744_genomic
AT1G36970	OX461141.1	83.252	615	85	16	2	608	3439556	3438952	9.62e-155	549	GCA_949796655.1_9744_genomic
AT1G36970	OX461141.1	80	440	55	12	715	1148	3438814	3438402	4.98e-78	294	GCA_949796655.1_9744_genomic
AT1G36970	OX461141.1	93.023	86	6	0	1116	1201	3438413	3438328	1.92e-27	126	GCA_949796655.1_9744_genomic
AT1G36970	OX461143.1	81.646	741	97	22	466	1201	3191968	3192674	1.23e-163	579	GCA_949796655.1_9744_genomic
AT1G36970	OX461143.1	84.831	534	77	4	1382	1913	3193542	3194073	2.69e-150	534	GCA_949796655.1_9744_genomic
AT3G31560	OX461142.1	99.693	326	1	0	132	457	13076401	13076726	7.5e-170	597	GCA_949796655.1_9744_genomic
AT3G31560	OX461142.1	97.426	272	7	0	1	272	13076053	13076324	7.94e-130	464	GCA_949796655.1_9744_genomic
AT3G31560	OX461142.1	96.667	270	9	0	3	272	13409116	13409385	2.22e-125	449	GCA_949796655.1_9744_genomic
AT3G31560	OX461142.1	92.513	187	5	2	271	457	13409700	13409877	4.02e-68	259	GCA_949796655.1_9744_genomic
AT3G31560	OX461142.1	97.163	141	4	0	132	272	13409463	13409603	5.24e-62	239	GCA_949796655.1_9744_genomic
AT3G31560	OX461141.1	87.205	297	32	2	3	296	3438541	3438834	2.34e-90	333	GCA_949796655.1_9744_genomic
AT3G31560	OX461141.1	95.062	162	7	1	296	457	11743956	11744116	1.87e-66	254	GCA_949796655.1_9744_genomic
AT3G31560	OX461143.1	88.889	270	29	1	3	272	3192482	3192214	8.4e-90	331	GCA_949796655.1_9744_genomic
AT3G31560	OX461140.1	88.75	240	27	0	33	272	13716120	13715881	1.1e-78	294	GCA_949796655.1_9744_genomic
AT4G05555	OX461143.1	97.662	2823	48	1	1	2823	3189824	3192628	0	4831	GCA_949796655.1_9744_genomic
AT4G05555	OX461143.1	89.13	138	15	0	2032	2169	3191972	3192109	3.5e-41	172	GCA_949796655.1_9744_genomic
AT4G05555	OX461143.1	88.406	138	16	0	2167	2304	3191837	3191974	1.63e-39	167	GCA_949796655.1_9744_genomic
AT4G05555	OX461142.1	90.212	1369	126	7	1	1366	18072060	18070697	0	1779	GCA_949796655.1_9744_genomic
AT4G05555	OX461142.1	89.15	765	79	3	1405	2168	18070706	18069945	0	950	GCA_949796655.1_9744_genomic
AT4G05555	OX461142.1	90.554	487	43	3	2332	2816	13409462	13408977	0	641	GCA_949796655.1_9744_genomic
AT4G05555	OX461142.1	89.712	486	48	2	2332	2816	13076400	13075916	1.04e-175	619	GCA_949796655.1_9744_genomic
AT4G05555	OX461142.1	100	41	0	0	2782	2822	13075929	13075889	2.82e-12	76.8	GCA_949796655.1_9744_genomic
AT4G05555	OX461141.1	92.456	1246	68	8	1066	2310	3440031	3438811	0	1757	GCA_949796655.1_9744_genomic
AT4G05555	OX461141.1	93.474	567	33	4	1	565	3440587	3440023	0	839	GCA_949796655.1_9744_genomic
AT4G05555	OX461141.1	92.978	413	25	2	2408	2816	3438814	3438402	1.35e-169	599	GCA_949796655.1_9744_genomic
AT4G05555	OX461141.1	88.406	138	16	0	2032	2169	3438954	3438817	1.63e-39	167	GCA_949796655.1_9744_genomic
AT4G05555	OX461141.1	100	39	0	0	2784	2822	3438413	3438375	3.65e-11	73.1	GCA_949796655.1_9744_genomic
AT4G05555	OX461140.1	89.231	1040	86	16	1135	2169	18238449	18239467	0	1277	GCA_949796655.1_9744_genomic
AT4G05555	OX461140.1	89.845	906	81	10	496	1398	18237546	18238443	0	1153	GCA_949796655.1_9744_genomic
AT4G05555	OX461140.1	84.094	723	98	14	1439	2154	13715046	13715758	0	682	GCA_949796655.1_9744_genomic
AT4G05555	OX461140.1	81.358	692	88	23	2163	2819	13715631	13716316	2.33e-147	525	GCA_949796655.1_9744_genomic
AT4G05555	OX461140.1	87.258	361	24	13	2414	2772	18239476	18239816	2.46e-107	392	GCA_949796655.1_9744_genomic
AT4G05555	OX461144.1	87.141	661	78	7	522	1179	12335588	12336244	0	743	GCA_949796655.1_9744_genomic
AT4G05555	OX461144.1	87.339	387	48	1	92	477	12335204	12335590	2.41e-122	442	GCA_949796655.1_9744_genomic
AT1G36970	OX461180.1	98.986	1973	19	1	1	1972	14082955	14084927	0	3531	GCA_949796665.1_9879_genomic
AT1G36970	OX461180.1	88.041	485	55	3	1381	1864	19373230	19373712	2.13e-161	571	GCA_949796665.1_9879_genomic
AT1G36970	OX461180.1	81.545	233	20	4	991	1201	19372131	19372362	9.07e-41	171	GCA_949796665.1_9879_genomic
AT1G36970	OX461180.1	94.681	94	5	0	1383	1476	14084168	14084261	1.53e-33	147	GCA_949796665.1_9879_genomic
AT1G36970	OX461180.1	94.681	94	5	0	1214	1307	14084337	14084430	1.53e-33	147	GCA_949796665.1_9879_genomic
AT1G36970	OX461182.1	90.03	672	58	8	2	670	17811911	17812576	0	861	GCA_949796665.1_9879_genomic
AT1G36970	OX461182.1	87.828	534	62	3	1381	1913	17813282	17813813	5.79e-177	623	GCA_949796665.1_9879_genomic
AT1G36970	OX461182.1	89.655	87	8	1	1219	1305	17813289	17813374	2.01e-22	110	GCA_949796665.1_9879_genomic
AT1G36970	OX461183.1	84.783	598	79	10	1	592	3213667	3214258	5.88e-167	590	GCA_949796665.1_9879_genomic
AT1G36970	OX461183.1	81.597	739	101	21	466	1201	3214268	3214974	1.27e-163	579	GCA_949796665.1_9879_genomic
AT1G36970	OX461183.1	84.86	535	77	4	1381	1913	3215840	3216372	7.77e-151	536	GCA_949796665.1_9879_genomic
AT3G31560	OX461183.1	89.63	270	27	1	3	272	3214782	3214514	4.03e-93	342	GCA_949796665.1_9879_genomic
AT3G31560	OX461180.1	89.167	240	26	0	33	272	14083909	14083670	2.46e-80	300	GCA_949796665.1_9879_genomic
AT3G31560	OX461181.1	95.062	162	7	1	296	457	15562640	15562800	1.94e-66	254	GCA_949796665.1_9879_genomic
AT4G05555	OX461183.1	97.591	2823	49	2	1	2823	3212125	3214928	0	4819	GCA_949796665.1_9879_genomic
AT4G05555	OX461183.1	86.842	152	17	2	2032	2183	3214272	3214420	1.69e-39	167	GCA_949796665.1_9879_genomic
AT4G05555	OX461180.1	91.006	1412	114	11	1	1407	14529206	14530609	0	1892	GCA_949796665.1_9879_genomic
AT4G05555	OX461180.1	89.499	1038	84	15	1136	2169	19370879	19371895	0	1290	GCA_949796665.1_9879_genomic
AT4G05555	OX461180.1	90.149	873	73	11	530	1398	19370009	19370872	0	1123	GCA_949796665.1_9879_genomic
AT4G05555	OX461180.1	83.956	723	99	14	1439	2154	14082835	14083547	0	676	GCA_949796665.1_9879_genomic
AT4G05555	OX461180.1	81.567	689	92	19	2163	2819	14083420	14084105	1.12e-150	536	GCA_949796665.1_9879_genomic
AT4G05555	OX461180.1	87.812	361	22	13	2414	2772	19371904	19372244	1.18e-110	403	GCA_949796665.1_9879_genomic
AT4G05555	OX461182.1	89.774	1369	131	8	1	1366	17810401	17811763	0	1744	GCA_949796665.1_9879_genomic
AT4G05555	OX461182.1	89.034	766	78	4	1405	2169	17811754	17812514	0	944	GCA_949796665.1_9879_genomic
AT4G05555	OX461184.1	86.996	1092	134	8	92	1179	12803311	12804398	0	1223	GCA_949796665.1_9879_genomic
AT1G36970	OX461185.1	99.391	1972	12	0	1	1972	13742887	13744858	0	3576	GCA_949796705.1_9503_genomic
AT1G36970	OX461185.1	95.745	94	4	0	1383	1476	13744100	13744193	3.17e-35	152	GCA_949796705.1_9503_genomic
AT1G36970	OX461185.1	95.745	94	4	0	1214	1307	13744269	13744362	3.17e-35	152	GCA_949796705.1_9503_genomic
AT1G36970	OX461187.1	90.476	672	57	7	2	670	19036353	19037020	0	880	GCA_949796705.1_9503_genomic
AT1G36970	OX461187.1	87.211	563	66	6	1381	1942	13169665	13169108	0	636	GCA_949796705.1_9503_genomic
AT1G36970	OX461187.1	88.015	534	61	3	1381	1913	19037729	19038260	1.2e-178	628	GCA_949796705.1_9503_genomic
AT1G36970	OX461187.1	85.575	513	47	7	636	1148	13512109	13511624	1.26e-143	512	GCA_949796705.1_9503_genomic
AT1G36970	OX461187.1	88.647	414	42	2	1381	1794	13510691	13510283	9.84e-140	499	GCA_949796705.1_9503_genomic
AT1G36970	OX461187.1	82.964	587	51	11	636	1201	13171084	13170526	2.76e-135	484	GCA_949796705.1_9503_genomic
AT1G36970	OX461187.1	88.417	259	27	1	596	854	13512367	13512112	1.78e-82	309	GCA_949796705.1_9503_genomic
AT1G36970	OX461187.1	93.701	127	8	0	728	854	13171213	13171087	6.73e-47	191	GCA_949796705.1_9503_genomic
AT1G36970	OX461187.1	96.703	91	3	0	1111	1201	13511640	13511550	3.17e-35	152	GCA_949796705.1_9503_genomic
AT1G36970	OX461187.1	91.954	87	6	1	1219	1305	19037736	19037821	8.95e-26	121	GCA_949796705.1_9503_genomic
AT1G36970	OX461188.1	85.142	599	78	9	1	593	3239670	3240263	7.29e-171	603	GCA_949796705.1_9503_genomic
AT1G36970	OX461188.1	81.597	739	101	20	466	1201	3240272	3240978	1.23e-163	579	GCA_949796705.1_9503_genomic
AT1G36970	OX461188.1	85.234	535	75	4	1381	1913	3241845	3242377	3.46e-154	547	GCA_949796705.1_9503_genomic
AT3G31560	OX461187.1	94.785	326	2	1	132	457	13171085	13171395	1.01e-138	494	GCA_949796705.1_9503_genomic
AT3G31560	OX461187.1	96.691	272	9	0	1	272	13170737	13171008	1.72e-126	453	GCA_949796705.1_9503_genomic
AT3G31560	OX461187.1	96.296	270	10	0	3	272	13511763	13512032	1.04e-123	444	GCA_949796705.1_9503_genomic
AT3G31560	OX461187.1	96.791	187	6	0	271	457	13512347	13512533	3.05e-84	313	GCA_949796705.1_9503_genomic
AT3G31560	OX461187.1	97.872	141	3	0	132	272	13512110	13512250	1.13e-63	244	GCA_949796705.1_9503_genomic
AT3G31560	OX461188.1	88.889	270	29	1	3	272	3240786	3240518	8.42e-90	331	GCA_949796705.1_9503_genomic
AT3G31560	OX461185.1	89.167	240	26	0	33	272	13743841	13743602	2.37e-80	300	GCA_949796705.1_9503_genomic
AT3G31560	OX461186.1	93.293	164	8	2	296	457	13219995	13220157	5.25e-62	239	GCA_949796705.1_9503_genomic
AT4G05555	OX461188.1	98.619	2824	20	2	1	2823	3238127	3240932	0	4981	GCA_949796705.1_9503_genomic
AT4G05555	OX461188.1	88.406	138	16	0	2167	2304	3240141	3240278	1.63e-39	167	GCA_949796705.1_9503_genomic
AT4G05555	OX461187.1	90.358	1369	126	6	1	1366	19034840	19036205	0	1792	GCA_949796705.1_9503_genomic
AT4G05555	OX461187.1	89.164	766	79	3	1405	2169	19036196	19036958	0	952	GCA_949796705.1_9503_genomic
AT4G05555	OX461187.1	90.554	487	43	3	2332	2816	13512109	13511624	0	641	GCA_949796705.1_9503_genomic
AT4G05555	OX461187.1	89.3	486	50	2	2332	2816	13171084	13170600	2.25e-172	608	GCA_949796705.1_9503_genomic
AT4G05555	OX461187.1	100	41	0	0	2782	2822	13170613	13170573	2.82e-12	76.8	GCA_949796705.1_9503_genomic
AT4G05555	OX461187.1	100	41	0	0	2782	2822	13511637	13511597	2.82e-12	76.8	GCA_949796705.1_9503_genomic
AT4G05555	OX461185.1	81.594	690	90	22	2163	2819	13743352	13744037	1.08e-150	536	GCA_949796705.1_9503_genomic
AT1G36970	OX461190.1	99.746	1972	5	0	1	1972	14018520	14020491	0	3615	GCA_949796715.1_9830_genomic
AT1G36970	OX461190.1	95.745	94	4	0	1383	1476	14019733	14019826	3.1e-35	152	GCA_949796715.1_9830_genomic
AT1G36970	OX461190.1	95.745	94	4	0	1214	1307	14019902	14019995	3.1e-35	152	GCA_949796715.1_9830_genomic
AT1G36970	OX461192.1	89.349	676	60	9	2	670	17960093	17960763	0	839	GCA_949796715.1_9830_genomic
AT1G36970	OX461192.1	87.034	563	67	6	1381	1942	12787799	12787242	3.27e-179	630	GCA_949796715.1_9830_genomic
AT1G36970	OX461192.1	87.828	534	63	2	1381	1913	13000381	12999849	1.52e-177	625	GCA_949796715.1_9830_genomic
AT1G36970	OX461192.1	84.014	588	44	13	636	1201	13026159	13025600	7.38e-146	520	GCA_949796715.1_9830_genomic
AT1G36970	OX461192.1	84.211	513	54	8	636	1148	12789222	12788737	5.83e-132	473	GCA_949796715.1_9830_genomic
AT1G36970	OX461192.1	87.069	348	42	1	596	943	13001079	13000735	6.04e-107	390	GCA_949796715.1_9830_genomic
AT1G36970	OX461192.1	89.068	311	33	1	1388	1698	17961535	17961844	2.81e-105	385	GCA_949796715.1_9830_genomic
AT1G36970	OX461192.1	89.961	259	23	1	596	854	12789480	12789225	3.71e-89	331	GCA_949796715.1_9830_genomic
AT1G36970	OX461192.1	86.786	280	32	5	1643	1919	13024838	13024561	6.25e-82	307	GCA_949796715.1_9830_genomic
AT1G36970	OX461192.1	85.235	149	20	2	1766	1913	17961841	17961988	3.1e-35	152	GCA_949796715.1_9830_genomic
AT1G36970	OX461192.1	95.506	89	4	0	1113	1201	12788751	12788663	1.87e-32	143	GCA_949796715.1_9830_genomic
AT1G36970	OX461192.1	90.805	87	7	1	1219	1305	17961535	17961620	4.07e-24	115	GCA_949796715.1_9830_genomic
AT1G36970	OX461193.1	84.975	599	79	9	1	593	3172420	3173013	3.31e-169	597	GCA_949796715.1_9830_genomic
AT1G36970	OX461193.1	81.732	739	100	20	466	1201	3173022	3173728	2.58e-165	584	GCA_949796715.1_9830_genomic
AT1G36970	OX461193.1	85.421	535	74	4	1381	1913	3174595	3175127	7.27e-156	553	GCA_949796715.1_9830_genomic
AT1G36970	OX461191.1	86.347	542	67	7	1381	1919	3383399	3382862	2.58e-165	584	GCA_949796715.1_9830_genomic
AT1G36970	OX461191.1	83.089	615	86	16	2	608	3385496	3384892	4.38e-153	544	GCA_949796715.1_9830_genomic
AT1G36970	OX461191.1	80.682	440	52	12	715	1148	3384754	3384342	4.83e-83	311	GCA_949796715.1_9830_genomic
AT1G36970	OX461191.1	91.86	86	7	0	1116	1201	3384353	3384268	8.74e-26	121	GCA_949796715.1_9830_genomic
AT3G31560	OX461192.1	97.407	270	7	0	3	272	13025813	13026082	1e-128	460	GCA_949796715.1_9830_genomic
AT3G31560	OX461192.1	95.221	272	12	1	1	272	12788874	12789144	2.83e-119	429	GCA_949796715.1_9830_genomic
AT3G31560	OX461192.1	96.522	230	8	0	43	272	13000733	13000962	8.05e-105	381	GCA_949796715.1_9830_genomic
AT3G31560	OX461192.1	97.872	188	4	0	270	457	12789459	12789646	3.83e-88	326	GCA_949796715.1_9830_genomic
AT3G31560	OX461192.1	95.722	187	8	0	271	457	13001059	13001245	6.45e-81	302	GCA_949796715.1_9830_genomic
AT3G31560	OX461192.1	95.722	187	8	0	271	457	13026397	13026583	6.45e-81	302	GCA_949796715.1_9830_genomic
AT3G31560	OX461192.1	99.291	141	1	0	132	272	12789223	12789363	5.09e-67	255	GCA_949796715.1_9830_genomic
AT3G31560	OX461192.1	96.454	141	5	0	132	272	13026160	13026300	2.38e-60	233	GCA_949796715.1_9830_genomic
AT3G31560	OX461191.1	87.542	297	31	2	3	296	3384481	3384774	4.91e-92	339	GCA_949796715.1_9830_genomic
AT3G31560	OX461191.1	95.062	162	7	1	296	457	12665821	12665981	1.83e-66	254	GCA_949796715.1_9830_genomic
AT3G31560	OX461193.1	88.889	270	29	1	3	272	3173536	3173268	8.22e-90	331	GCA_949796715.1_9830_genomic
AT3G31560	OX461190.1	88.75	240	27	0	33	272	14019474	14019235	1.08e-78	294	GCA_949796715.1_9830_genomic
AT4G05555	OX461193.1	98.796	2824	15	2	1	2823	3170877	3173682	0	5009	GCA_949796715.1_9830_genomic
AT4G05555	OX461193.1	88.406	138	16	0	2167	2304	3172891	3173028	1.59e-39	167	GCA_949796715.1_9830_genomic
AT4G05555	OX461193.1	86.184	152	18	2	2032	2183	3173026	3173174	7.4e-38	161	GCA_949796715.1_9830_genomic
AT4G05555	OX461191.1	92.456	1246	67	9	1066	2310	3385970	3384751	0	1755	GCA_949796715.1_9830_genomic
AT4G05555	OX461191.1	92.769	567	37	4	1	565	3386526	3385962	0	817	GCA_949796715.1_9830_genomic
AT4G05555	OX461191.1	93.462	413	23	2	2408	2816	3384754	3384342	6.12e-173	610	GCA_949796715.1_9830_genomic
AT4G05555	OX461191.1	87.681	138	17	0	2032	2169	3384894	3384757	7.4e-38	161	GCA_949796715.1_9830_genomic
AT4G05555	OX461191.1	100	39	0	0	2784	2822	3384353	3384315	3.57e-11	73.1	GCA_949796715.1_9830_genomic
AT4G05555	OX461192.1	90.31	1001	91	6	368	1366	17958949	17959945	0	1306	GCA_949796715.1_9830_genomic
AT4G05555	OX461192.1	88.831	770	78	5	1405	2169	17959936	17960702	0	939	GCA_949796715.1_9830_genomic
AT4G05555	OX461192.1	90.329	486	46	1	2332	2816	13026159	13025674	1.01e-180	636	GCA_949796715.1_9830_genomic
AT4G05555	OX461192.1	89.322	487	49	3	2332	2816	12789222	12788737	2.2e-172	608	GCA_949796715.1_9830_genomic
AT4G05555	OX461192.1	88.012	342	38	3	2287	2626	13001084	13000744	4.01e-110	401	GCA_949796715.1_9830_genomic
AT4G05555	OX461192.1	87.346	324	28	2	1	323	17958637	17958948	2.45e-97	359	GCA_949796715.1_9830_genomic
AT4G05555	OX461192.1	88.177	203	23	1	2164	2366	17960562	17960763	9.24e-62	241	GCA_949796715.1_9830_genomic
AT4G05555	OX461192.1	100	41	0	0	2782	2822	12788750	12788710	2.76e-12	76.8	GCA_949796715.1_9830_genomic
AT4G05555	OX461192.1	100	41	0	0	2782	2822	13025687	13025647	2.76e-12	76.8	GCA_949796715.1_9830_genomic
AT4G05555	OX461194.1	87.088	1092	133	8	92	1179	12584227	12585314	0	1229	GCA_949796715.1_9830_genomic
AT4G05555	OX461190.1	84.509	723	95	14	1439	2154	14018400	14019112	0	699	GCA_949796715.1_9830_genomic
AT4G05555	OX461190.1	81.358	692	88	23	2163	2819	14018985	14019670	2.28e-147	525	GCA_949796715.1_9830_genomic
AT1G36970	OX461175.1	99.29	1972	13	1	1	1972	13958512	13960482	0	3563	GCA_949796755.1_9847_genomic
AT1G36970	OX461175.1	88.247	485	54	3	1381	1864	17277881	17278363	4.38e-163	577	GCA_949796755.1_9847_genomic
AT1G36970	OX461175.1	82.403	233	18	4	991	1201	17276782	17277013	4.01e-44	182	GCA_949796755.1_9847_genomic
AT1G36970	OX461175.1	95.745	94	4	0	1383	1476	13959724	13959817	3.15e-35	152	GCA_949796755.1_9847_genomic
AT1G36970	OX461175.1	95.745	94	4	0	1214	1307	13959893	13959986	3.15e-35	152	GCA_949796755.1_9847_genomic
AT1G36970	OX461177.1	89.763	674	58	8	4	670	18869877	18870546	0	852	GCA_949796755.1_9847_genomic
AT1G36970	OX461177.1	88.615	527	57	3	1388	1913	18871319	18871843	0	638	GCA_949796755.1_9847_genomic
AT1G36970	OX461177.1	91.954	87	6	1	1219	1305	18871319	18871404	8.87e-26	121	GCA_949796755.1_9847_genomic
AT1G36970	OX461178.1	84.808	599	80	10	1	593	2930664	2931257	1.56e-167	592	GCA_949796755.1_9847_genomic
AT1G36970	OX461178.1	81.867	739	99	20	466	1201	2931266	2931972	5.63e-167	590	GCA_949796755.1_9847_genomic
AT1G36970	OX461178.1	85.607	535	73	4	1381	1913	2932839	2933371	1.59e-157	558	GCA_949796755.1_9847_genomic
AT1G36970	OX461176.1	86.531	542	66	7	1381	1919	3224355	3223818	5.63e-167	590	GCA_949796755.1_9847_genomic
AT1G36970	OX461176.1	83.089	615	86	16	2	608	3226453	3225849	4.44e-153	544	GCA_949796755.1_9847_genomic
AT1G36970	OX461176.1	80.455	440	53	12	715	1148	3225711	3225299	2.28e-81	305	GCA_949796755.1_9847_genomic
AT1G36970	OX461176.1	90.805	87	7	1	1116	1201	3225310	3225224	4.13e-24	115	GCA_949796755.1_9847_genomic
AT3G31560	OX461178.1	89.259	270	28	1	3	272	2931780	2931512	1.79e-91	337	GCA_949796755.1_9847_genomic
AT3G31560	OX461176.1	87.205	297	32	2	3	296	3225438	3225731	2.32e-90	333	GCA_949796755.1_9847_genomic
AT3G31560	OX461176.1	94.444	162	8	1	296	457	13731785	13731945	8.64e-65	248	GCA_949796755.1_9847_genomic
AT3G31560	OX461175.1	88.186	237	28	0	36	272	13959463	13959227	2.37e-75	283	GCA_949796755.1_9847_genomic
AT4G05555	OX461178.1	98.584	2824	20	3	1	2823	2929122	2931926	0	4975	GCA_949796755.1_9847_genomic
AT4G05555	OX461178.1	88.321	137	16	0	2168	2304	2931136	2931272	5.81e-39	165	GCA_949796755.1_9847_genomic
AT4G05555	OX461178.1	86.184	152	18	2	2032	2183	2931270	2931418	7.51e-38	161	GCA_949796755.1_9847_genomic
AT4G05555	OX461176.1	91.974	1246	72	11	1066	2310	3226926	3225708	0	1722	GCA_949796755.1_9847_genomic
AT4G05555	OX461176.1	92.593	567	38	4	1	565	3227482	3226918	0	811	GCA_949796755.1_9847_genomic
AT4G05555	OX461176.1	93.22	413	24	2	2408	2816	3225711	3225299	2.89e-171	604	GCA_949796755.1_9847_genomic
AT4G05555	OX461176.1	88.406	138	16	0	2032	2169	3225851	3225714	1.61e-39	167	GCA_949796755.1_9847_genomic
AT4G05555	OX461176.1	100	39	0	0	2784	2822	3225310	3225272	3.62e-11	73.1	GCA_949796755.1_9847_genomic
AT4G05555	OX461177.1	90.67	1104	98	5	265	1366	18868627	18869727	0	1463	GCA_949796755.1_9847_genomic
AT4G05555	OX461177.1	88.442	770	81	5	1405	2169	18869718	18870484	0	922	GCA_949796755.1_9847_genomic
AT4G05555	OX461177.1	88.018	217	25	1	1	216	18868406	18868622	3.35e-66	255	GCA_949796755.1_9847_genomic
AT4G05555	OX461177.1	89.163	203	22	0	2164	2366	18870344	18870546	1.2e-65	254	GCA_949796755.1_9847_genomic
AT4G05555	OX461179.1	87.088	1092	133	8	92	1179	12221630	12222717	0	1229	GCA_949796755.1_9847_genomic
AT4G05555	OX461175.1	90.503	874	77	5	496	1366	17275883	17276753	0	1149	GCA_949796755.1_9847_genomic
AT4G05555	OX461175.1	84.094	723	98	14	1439	2154	13958392	13959104	0	682	GCA_949796755.1_9847_genomic
AT4G05555	OX461175.1	81.042	691	91	25	2163	2819	13958977	13959661	5.01e-144	514	GCA_949796755.1_9847_genomic
AT4G05555	OX461175.1	91.772	158	13	0	2659	2816	17276782	17276939	1.22e-55	220	GCA_949796755.1_9847_genomic
AT4G05555	OX461175.1	100	41	0	0	2782	2822	17276926	17276966	2.8e-12	76.8	GCA_949796755.1_9847_genomic
