qseqid	sseqid	pident	length	mismatch	gapopen	qstart	qend	sstart	send	evalue	bitscore	stitle
AT1G11270	CP087126.2	100	6714	0	0	1	6714	3784028	3790741	0	12399	GCA_020911765.2_ASM2091176v2_genomic
AT1G11270	CP087126.2	99.455	4956	27	0	380	5335	20212307	20217262	0	9003	GCA_020911765.2_ASM2091176v2_genomic
AT1G11270	CP087126.2	99.435	4956	28	0	380	5335	20207791	20212746	0	8997	GCA_020911765.2_ASM2091176v2_genomic
AT1G11270	CP087126.2	99.415	4956	29	0	380	5335	20216823	20221778	0	8992	GCA_020911765.2_ASM2091176v2_genomic
AT1G11270	CP087126.2	99.272	2884	16	3	380	3262	23725407	23722528	0	5204	GCA_020911765.2_ASM2091176v2_genomic
AT1G11270	CP087126.2	99.118	2835	25	0	2501	5335	7724138	7726972	0	5097	GCA_020911765.2_ASM2091176v2_genomic
AT1G11270	CP087126.2	98.776	2124	26	0	380	2503	7721781	7723904	0	3779	GCA_020911765.2_ASM2091176v2_genomic
AT1G11270	CP087126.2	99.395	1983	12	0	3353	5335	23722534	23720552	0	3596	GCA_020911765.2_ASM2091176v2_genomic
AT1G11270	CP087126.2	99.465	748	4	0	380	1127	20221339	20222086	0	1360	GCA_020911765.2_ASM2091176v2_genomic
AT1G11270	CP087126.2	98.955	670	7	0	1690	2359	3364952	3364283	0	1199	GCA_020911765.2_ASM2091176v2_genomic
AT1G11270	CP087126.2	100	440	0	0	4896	5335	3784407	3784846	0	813	GCA_020911765.2_ASM2091176v2_genomic
AT1G11270	CP087126.2	100	440	0	0	380	819	3788923	3789362	0	813	GCA_020911765.2_ASM2091176v2_genomic
AT1G11270	CP087126.2	99.545	440	2	0	4896	5335	20207791	20208230	0	802	GCA_020911765.2_ASM2091176v2_genomic
AT1G11270	CP087126.2	99.095	442	4	0	380	821	23720991	23720550	0	795	GCA_020911765.2_ASM2091176v2_genomic
AT1G11270	CP087126.2	98.438	448	6	1	4888	5335	7719124	7719570	0	787	GCA_020911765.2_ASM2091176v2_genomic
AT1G11270	CP087126.2	98.864	440	5	0	380	819	7726533	7726972	0	785	GCA_020911765.2_ASM2091176v2_genomic
AT1G11270	CP087126.2	98.864	440	4	1	380	819	7719132	7719570	0	784	GCA_020911765.2_ASM2091176v2_genomic
AT1G11270	CP087126.2	97.506	441	11	0	4895	5335	7721780	7722220	0	754	GCA_020911765.2_ASM2091176v2_genomic
AT1G11270	CP087126.2	96.591	440	11	2	4896	5335	23725407	23724972	0	726	GCA_020911765.2_ASM2091176v2_genomic
AT1G11270	CP087126.2	91.144	271	14	4	552	820	19396652	19396914	5.9e-97	359	GCA_020911765.2_ASM2091176v2_genomic
AT1G11270	CP087126.2	91.386	267	14	3	5068	5333	19396652	19396910	2.12e-96	357	GCA_020911765.2_ASM2091176v2_genomic
AT1G11270	CP087126.2	93.122	189	12	1	376	564	19396119	19396306	6.11e-72	276	GCA_020911765.2_ASM2091176v2_genomic
AT1G11270	CP087126.2	93.514	185	11	1	4896	5080	19396123	19396306	2.2e-71	274	GCA_020911765.2_ASM2091176v2_genomic
AT1G11270	CP087126.2	99.174	121	1	0	5215	5335	3364296	3364176	1.04e-54	219	GCA_020911765.2_ASM2091176v2_genomic
AT1G11270	CP087126.2	99.174	121	1	0	699	819	3364296	3364176	1.04e-54	219	GCA_020911765.2_ASM2091176v2_genomic
AT1G11270	CP087128.1	99.919	4956	4	0	380	5335	25382058	25377103	0	9130	GCA_020911765.2_ASM2091176v2_genomic
AT1G11270	CP087128.1	97.601	4961	89	6	380	5336	13376978	13381912	0	8475	GCA_020911765.2_ASM2091176v2_genomic
AT1G11270	CP087128.1	99.456	4046	21	1	379	4423	24741072	24745117	0	7348	GCA_020911765.2_ASM2091176v2_genomic
AT1G11270	CP087128.1	91.837	1372	101	9	3159	4526	17062767	17064131	0	1903	GCA_020911765.2_ASM2091176v2_genomic
AT1G11270	CP087128.1	99.202	752	6	0	4584	5335	24745116	24745867	0	1356	GCA_020911765.2_ASM2091176v2_genomic
AT1G11270	CP087128.1	93.727	813	51	0	4523	5335	17064294	17065106	0	1219	GCA_020911765.2_ASM2091176v2_genomic
AT1G11270	CP087128.1	94.211	760	35	4	380	1139	17064667	17065417	0	1151	GCA_020911765.2_ASM2091176v2_genomic
AT1G11270	CP087128.1	100	440	0	0	380	819	25377542	25377103	0	813	GCA_020911765.2_ASM2091176v2_genomic
AT1G11270	CP087128.1	100	440	0	0	4896	5335	25382058	25381619	0	813	GCA_020911765.2_ASM2091176v2_genomic
AT1G11270	CP087128.1	99.545	440	2	0	380	819	24745428	24745867	0	802	GCA_020911765.2_ASM2091176v2_genomic
AT1G11270	CP087128.1	99.318	440	3	0	4896	5335	24741073	24741512	0	797	GCA_020911765.2_ASM2091176v2_genomic
AT1G11270	CP087128.1	98.182	440	8	0	4896	5335	13376978	13377417	0	769	GCA_020911765.2_ASM2091176v2_genomic
AT1G11270	CP087128.1	97.506	441	10	1	380	819	13381471	13381911	0	752	GCA_020911765.2_ASM2091176v2_genomic
AT1G11270	CP087130.2	98.664	5014	19	6	371	5338	4226137	4221126	0	8844	GCA_020911765.2_ASM2091176v2_genomic
AT1G11270	CP087130.2	95.032	463	0	2	380	819	4221591	4221129	0	706	GCA_020911765.2_ASM2091176v2_genomic
AT1G11270	CP087130.2	95.032	463	0	2	4896	5335	4226130	4225668	0	706	GCA_020911765.2_ASM2091176v2_genomic
AT1G11270	CP087129.2	99.397	4810	29	0	526	5335	12828360	12833169	0	8722	GCA_020911765.2_ASM2091176v2_genomic
AT1G11270	CP087129.2	99.318	440	3	0	380	819	12832730	12833169	0	797	GCA_020911765.2_ASM2091176v2_genomic
AT1G11270	CP087129.2	99.32	294	2	0	5042	5335	12828360	12828653	3.28e-149	532	GCA_020911765.2_ASM2091176v2_genomic
AT1G11270	CP087129.2	98.425	127	1	1	4895	5020	12828254	12828380	8.07e-56	222	GCA_020911765.2_ASM2091176v2_genomic
AT1G11270	CP087129.2	98.413	126	1	1	380	504	12828255	12828380	2.9e-55	220	GCA_020911765.2_ASM2091176v2_genomic
AT1G11270	CP087127.2	83.273	1106	155	17	3452	4552	3290030	3291110	0	990	GCA_020911765.2_ASM2091176v2_genomic
AT1G11270	CP087127.2	84.318	491	64	8	4623	5104	3291125	3291611	9.39e-130	468	GCA_020911765.2_ASM2091176v2_genomic
AT1G11270	CP087127.2	85.596	361	48	4	1879	2237	17355224	17354866	5.86e-102	375	GCA_020911765.2_ASM2091176v2_genomic
AT1G11270	CP087127.2	87.85	214	19	6	380	588	3291400	3291611	1.72e-62	244	GCA_020911765.2_ASM2091176v2_genomic
AT1G11270	CP086746.1	99.475	4956	26	0	380	5335	19458760	19453805	0	9009	GCA_024498495.1_ASM2449849v1_genomic
AT1G11270	CP086746.1	97.483	4649	86	7	380	5023	13544998	13549620	0	7908	GCA_024498495.1_ASM2449849v1_genomic
AT1G11270	CP086746.1	99.32	441	3	0	380	820	19454244	19453804	0	798	GCA_024498495.1_ASM2449849v1_genomic
AT1G11270	CP086746.1	99.318	440	3	0	4896	5335	19458760	19458321	0	797	GCA_024498495.1_ASM2449849v1_genomic
AT1G11270	CP086746.1	98.409	440	7	0	4896	5335	13544998	13545437	0	774	GCA_024498495.1_ASM2449849v1_genomic
AT1G11270	CP086746.1	94.671	319	11	4	5024	5336	13549572	13549890	1.84e-136	490	GCA_024498495.1_ASM2449849v1_genomic
AT1G11270	CP086746.1	94.654	318	11	4	508	819	13549572	13549889	6.6e-136	488	GCA_024498495.1_ASM2449849v1_genomic
AT1G11270	CP086746.1	96.124	129	4	1	380	507	13549492	13549620	5.76e-52	209	GCA_024498495.1_ASM2449849v1_genomic
AT1G11270	CP086747.1	99.274	4957	35	1	380	5335	12992753	12987797	0	8953	GCA_024498495.1_ASM2449849v1_genomic
AT1G11270	CP086747.1	99.234	4958	37	1	380	5336	18984470	18979513	0	8944	GCA_024498495.1_ASM2449849v1_genomic
AT1G11270	CP086747.1	99.189	4810	39	0	526	5335	10594848	10599657	0	8667	GCA_024498495.1_ASM2449849v1_genomic
AT1G11270	CP086747.1	99.32	441	3	0	4895	5335	12992754	12992314	0	798	GCA_024498495.1_ASM2449849v1_genomic
AT1G11270	CP086747.1	98.876	445	5	0	380	824	12988236	12987792	0	795	GCA_024498495.1_ASM2449849v1_genomic
AT1G11270	CP086747.1	98.876	445	4	1	376	819	2755524	2755080	0	793	GCA_024498495.1_ASM2449849v1_genomic
AT1G11270	CP086747.1	98.874	444	4	1	4896	5339	2755519	2755077	0	791	GCA_024498495.1_ASM2449849v1_genomic
AT1G11270	CP086747.1	99.091	440	4	0	380	819	10599218	10599657	0	791	GCA_024498495.1_ASM2449849v1_genomic
AT1G11270	CP086747.1	98.864	440	5	0	380	819	18979953	18979514	0	785	GCA_024498495.1_ASM2449849v1_genomic
AT1G11270	CP086747.1	98.639	441	6	0	4895	5335	18984471	18984031	0	782	GCA_024498495.1_ASM2449849v1_genomic
AT1G11270	CP086747.1	97.279	294	8	0	5042	5335	10594848	10595141	3.05e-139	499	GCA_024498495.1_ASM2449849v1_genomic
AT1G11270	CP086747.1	97.638	127	2	1	4895	5020	10594742	10594868	3.44e-54	217	GCA_024498495.1_ASM2449849v1_genomic
AT1G11270	CP086747.1	97.619	126	2	1	380	504	10594743	10594868	1.24e-53	215	GCA_024498495.1_ASM2449849v1_genomic
AT1G11270	CP086748.1	99.254	4957	29	2	379	5335	20014507	20019455	0	8942	GCA_024498495.1_ASM2449849v1_genomic
AT1G11270	CP086748.1	99.545	440	2	0	380	819	20019016	20019455	0	802	GCA_024498495.1_ASM2449849v1_genomic
AT1G11270	CP086748.1	99.318	440	3	0	4896	5335	20014508	20014947	0	797	GCA_024498495.1_ASM2449849v1_genomic
AT1G11270	CP086744.1	99.783	1381	1	1	5336	6714	3777989	3779369	0	2532	GCA_024498495.1_ASM2449849v1_genomic
AT1G11270	CP086744.1	99.213	381	3	0	1	381	3777615	3777995	0	688	GCA_024498495.1_ASM2449849v1_genomic
AT1G11270	CP086744.1	90.037	271	17	4	552	820	17680340	17680602	5.44e-92	342	GCA_024498495.1_ASM2449849v1_genomic
AT1G11270	CP086744.1	90.262	267	17	3	5068	5333	17680340	17680598	1.96e-91	340	GCA_024498495.1_ASM2449849v1_genomic
AT1G11270	CP086744.1	92.593	189	13	1	376	564	17679813	17680000	2.6e-70	270	GCA_024498495.1_ASM2449849v1_genomic
AT1G11270	CP086744.1	92.973	185	12	1	4896	5080	17679817	17680000	9.36e-70	268	GCA_024498495.1_ASM2449849v1_genomic
AT1G11270	CP086745.1	83.077	1105	159	15	3452	4552	3019126	3020206	0	979	GCA_024498495.1_ASM2449849v1_genomic
AT1G11270	CM046292.1	99.334	4958	18	14	380	5335	3565589	3570533	0	8959	GCA_025388435.1_AtA1-141.20181003_genomic
AT1G11270	CM046292.1	99.545	440	2	0	380	819	3570094	3570533	0	802	GCA_025388435.1_AtA1-141.20181003_genomic
AT1G11270	CM046292.1	99.545	440	1	1	4896	5335	3565589	3566027	0	800	GCA_025388435.1_AtA1-141.20181003_genomic
AT1G11270	CM046289.1	98.77	4961	24	30	379	5336	444941	440015	0	8789	GCA_025388435.1_AtA1-141.20181003_genomic
AT1G11270	CM046289.1	96.825	4977	59	86	380	5335	7177991	7182889	0	8224	GCA_025388435.1_AtA1-141.20181003_genomic
AT1G11270	CM046289.1	83.258	1105	157	15	3452	4552	2602906	2603986	0	990	GCA_025388435.1_AtA1-141.20181003_genomic
AT1G11270	CM046289.1	99.318	440	3	0	4896	5335	444940	444501	0	797	GCA_025388435.1_AtA1-141.20181003_genomic
AT1G11270	CM046289.1	97.727	440	3	5	380	819	440448	440016	0	750	GCA_025388435.1_AtA1-141.20181003_genomic
AT1G11270	CM046289.1	97.241	435	9	2	4896	5330	7177991	7178422	0	734	GCA_025388435.1_AtA1-141.20181003_genomic
AT1G11270	CM046289.1	96.591	440	9	5	380	819	7182456	7182889	0	725	GCA_025388435.1_AtA1-141.20181003_genomic
AT1G11270	CM046289.1	84.725	491	62	8	4623	5104	2604001	2604487	3.88e-133	479	GCA_025388435.1_AtA1-141.20181003_genomic
AT1G11270	CM046289.1	85.873	361	47	4	1879	2237	14015827	14015469	1.13e-103	381	GCA_025388435.1_AtA1-141.20181003_genomic
AT1G11270	CM046289.1	88.785	214	17	6	380	588	2604276	2604487	7.12e-66	255	GCA_025388435.1_AtA1-141.20181003_genomic
AT1G11270	CM046288.1	92.23	4981	68	255	380	5335	17315029	17319715	0	6759	GCA_025388435.1_AtA1-141.20181003_genomic
AT1G11270	CM046288.1	88.655	4998	121	341	380	5335	17319305	17323898	0	5677	GCA_025388435.1_AtA1-141.20181003_genomic
AT1G11270	CM046288.1	94.493	2851	38	99	2501	5335	7646776	7649523	0	4285	GCA_025388435.1_AtA1-141.20181003_genomic
AT1G11270	CM046288.1	96.331	2126	31	42	380	2503	7644469	7646549	0	3450	GCA_025388435.1_AtA1-141.20181003_genomic
AT1G11270	CM046288.1	98.734	948	11	1	5336	6283	3768081	3769027	0	1683	GCA_025388435.1_AtA1-141.20181003_genomic
AT1G11270	CM046288.1	98.269	751	5	7	380	1127	17323461	17324206	0	1308	GCA_025388435.1_AtA1-141.20181003_genomic
AT1G11270	CM046288.1	98.438	448	6	1	4888	5335	7641812	7642258	0	787	GCA_025388435.1_AtA1-141.20181003_genomic
AT1G11270	CM046288.1	98.864	440	4	1	380	819	7641820	7642258	0	784	GCA_025388435.1_AtA1-141.20181003_genomic
AT1G11270	CM046288.1	97.506	441	2	8	4896	5335	17315029	17315461	0	745	GCA_025388435.1_AtA1-141.20181003_genomic
AT1G11270	CM046288.1	99.213	381	3	0	1	381	3767707	3768087	0	688	GCA_025388435.1_AtA1-141.20181003_genomic
AT1G11270	CM046288.1	94.773	440	5	12	381	819	7649101	7649523	0	669	GCA_025388435.1_AtA1-141.20181003_genomic
AT1G11270	CM046288.1	94.118	442	15	11	4895	5335	7644468	7644899	0	662	GCA_025388435.1_AtA1-141.20181003_genomic
AT1G11270	CM046288.1	90.406	271	16	4	552	820	16503445	16503707	1.14e-93	348	GCA_025388435.1_AtA1-141.20181003_genomic
AT1G11270	CM046288.1	90.637	267	16	3	5068	5333	16503445	16503703	4.11e-93	346	GCA_025388435.1_AtA1-141.20181003_genomic
AT1G11270	CM046288.1	87.568	185	14	5	6360	6544	3769211	3769386	7.27e-51	206	GCA_025388435.1_AtA1-141.20181003_genomic
AT1G11270	CM046290.1	98.871	443	4	1	4895	5336	16603460	16603902	0	789	GCA_025388435.1_AtA1-141.20181003_genomic
AT1G11270	CM046290.1	98.866	441	4	1	380	819	16603461	16603901	0	785	GCA_025388435.1_AtA1-141.20181003_genomic
AT1G11270	CM072660.1	99.475	4957	25	1	380	5335	13783330	13778374	0	9009	GCA_036926925.1_ASM3692692v1_genomic
AT1G11270	CM072660.1	99.052	4956	31	3	380	5335	14488139	14493078	0	8877	GCA_036926925.1_ASM3692692v1_genomic
AT1G11270	CM072660.1	100	441	0	0	4895	5335	13783331	13782891	0	815	GCA_036926925.1_ASM3692692v1_genomic
AT1G11270	CM072660.1	99.326	445	3	0	380	824	13778813	13778369	0	806	GCA_036926925.1_ASM3692692v1_genomic
AT1G11270	CM072660.1	99.545	440	2	0	4896	5335	14488139	14488578	0	802	GCA_036926925.1_ASM3692692v1_genomic
AT1G11270	CM072660.1	99.091	440	3	1	380	819	14492640	14493078	0	789	GCA_036926925.1_ASM3692692v1_genomic
AT1G11270	CM072657.1	99.375	4959	29	2	379	5335	19242229	19237271	0	8985	GCA_036926925.1_ASM3692692v1_genomic
AT1G11270	CM072657.1	99.118	2835	25	0	2501	5335	7740385	7743219	0	5097	GCA_036926925.1_ASM3692692v1_genomic
AT1G11270	CM072657.1	98.823	2124	25	0	380	2503	7738028	7740151	0	3784	GCA_036926925.1_ASM3692692v1_genomic
AT1G11270	CM072657.1	98.56	1389	9	2	5336	6714	3837847	3839234	0	2444	GCA_036926925.1_ASM3692692v1_genomic
AT1G11270	CM072657.1	99.546	441	1	1	380	819	19237711	19237271	0	802	GCA_036926925.1_ASM3692692v1_genomic
AT1G11270	CM072657.1	99.32	441	2	1	4896	5335	19242228	19241788	0	797	GCA_036926925.1_ASM3692692v1_genomic
AT1G11270	CM072657.1	98.864	440	5	0	380	819	7742780	7743219	0	785	GCA_036926925.1_ASM3692692v1_genomic
AT1G11270	CM072657.1	98.214	448	7	1	4888	5335	7735371	7735817	0	782	GCA_036926925.1_ASM3692692v1_genomic
AT1G11270	CM072657.1	98.636	440	5	1	380	819	7735379	7735817	0	778	GCA_036926925.1_ASM3692692v1_genomic
AT1G11270	CM072657.1	97.959	441	9	0	380	820	19550940	19551380	0	765	GCA_036926925.1_ASM3692692v1_genomic
AT1G11270	CM072657.1	97.955	440	9	0	4896	5335	19550940	19551379	0	763	GCA_036926925.1_ASM3692692v1_genomic
AT1G11270	CM072657.1	97.506	441	11	0	4895	5335	7738027	7738467	0	754	GCA_036926925.1_ASM3692692v1_genomic
AT1G11270	CM072657.1	99.213	381	3	0	1	381	3837473	3837853	0	688	GCA_036926925.1_ASM3692692v1_genomic
AT1G11270	CM072657.1	90.406	271	16	4	552	820	19096461	19096723	1.26e-93	348	GCA_036926925.1_ASM3692692v1_genomic
AT1G11270	CM072657.1	90.637	267	16	3	5068	5333	19096461	19096719	4.52e-93	346	GCA_036926925.1_ASM3692692v1_genomic
AT1G11270	CM072657.1	92.593	189	13	1	376	564	19095934	19096121	2.8e-70	270	GCA_036926925.1_ASM3692692v1_genomic
AT1G11270	CM072657.1	92.973	185	12	1	4896	5080	19095938	19096121	1.01e-69	268	GCA_036926925.1_ASM3692692v1_genomic
AT1G11270	CM072661.1	99.072	4958	21	8	380	5335	5395529	5400463	0	8877	GCA_036926925.1_ASM3692692v1_genomic
AT1G11270	CM072661.1	97.065	443	3	2	380	821	5400032	5400465	0	737	GCA_036926925.1_ASM3692692v1_genomic
AT1G11270	CM072661.1	96.833	442	4	2	4895	5335	5395528	5395960	0	730	GCA_036926925.1_ASM3692692v1_genomic
AT1G11270	CM072659.1	97.339	4960	98	9	380	5336	13607528	13612456	0	8397	GCA_036926925.1_ASM3692692v1_genomic
AT1G11270	CM072659.1	97.385	1721	36	3	3615	5335	13606255	13607966	0	2920	GCA_036926925.1_ASM3692692v1_genomic
AT1G11270	CM072659.1	92.184	1369	94	8	3159	4526	16703911	16702555	0	1923	GCA_036926925.1_ASM3692692v1_genomic
AT1G11270	CM072659.1	93.604	813	51	1	4523	5335	16702392	16701581	0	1212	GCA_036926925.1_ASM3692692v1_genomic
AT1G11270	CM072659.1	94.218	761	32	7	380	1139	16702019	16701270	0	1151	GCA_036926925.1_ASM3692692v1_genomic
AT1G11270	CM072659.1	97.5	440	11	0	380	819	13612016	13612455	0	752	GCA_036926925.1_ASM3692692v1_genomic
AT1G11270	CM072658.1	83.363	1106	154	17	3452	4552	2710480	2711560	0	996	GCA_036926925.1_ASM3692692v1_genomic
AT1G11270	CM072658.1	84.318	491	64	8	4623	5104	2711575	2712061	9.24e-130	468	GCA_036926925.1_ASM3692692v1_genomic
AT1G11270	CM072658.1	85.596	361	48	4	1879	2237	16685355	16684997	5.76e-102	375	GCA_036926925.1_ASM3692692v1_genomic
AT1G11270	CM072658.1	87.85	214	19	6	380	588	2711850	2712061	1.7e-62	244	GCA_036926925.1_ASM3692692v1_genomic
AT1G11270	CM072639.1	99.556	4959	21	1	380	5338	3163005	3158048	0	9034	GCA_036926965.1_ASM3692696v1_genomic
AT1G11270	CM072639.1	99.456	4961	23	2	379	5336	17839712	17834753	0	9009	GCA_036926965.1_ASM3692696v1_genomic
AT1G11270	CM072639.1	99.031	4956	45	3	380	5335	7406784	7411736	0	8883	GCA_036926965.1_ASM3692696v1_genomic
AT1G11270	CM072639.1	97.54	4960	93	5	380	5336	13585906	13590839	0	8456	GCA_036926965.1_ASM3692696v1_genomic
AT1G11270	CM072639.1	100	440	0	0	4896	5335	17839711	17839272	0	813	GCA_036926965.1_ASM3692696v1_genomic
AT1G11270	CM072639.1	99.773	440	1	0	380	819	3158490	3158051	0	808	GCA_036926965.1_ASM3692696v1_genomic
AT1G11270	CM072639.1	99.773	440	1	0	4896	5335	3163005	3162566	0	808	GCA_036926965.1_ASM3692696v1_genomic
AT1G11270	CM072639.1	99.773	440	1	0	380	819	17835193	17834754	0	808	GCA_036926965.1_ASM3692696v1_genomic
AT1G11270	CM072639.1	99.545	440	2	0	380	819	7411297	7411736	0	802	GCA_036926965.1_ASM3692696v1_genomic
AT1G11270	CM072639.1	99.091	440	4	0	4896	5335	7406784	7407223	0	791	GCA_036926965.1_ASM3692696v1_genomic
AT1G11270	CM072639.1	97.955	440	9	0	4896	5335	13585906	13586345	0	763	GCA_036926965.1_ASM3692696v1_genomic
AT1G11270	CM072639.1	96.818	440	14	0	380	819	13590399	13590838	0	736	GCA_036926965.1_ASM3692696v1_genomic
AT1G11270	CM072640.1	99.236	4973	33	5	372	5341	10574123	10569153	0	8968	GCA_036926965.1_ASM3692696v1_genomic
AT1G11270	CM072640.1	99.274	4960	29	3	382	5335	7615969	7611011	0	8953	GCA_036926965.1_ASM3692696v1_genomic
AT1G11270	CM072640.1	99.095	442	3	1	4895	5335	10574118	10573677	0	793	GCA_036926965.1_ASM3692696v1_genomic
AT1G11270	CM072640.1	99.315	438	2	1	382	819	7611447	7611011	0	791	GCA_036926965.1_ASM3692696v1_genomic
AT1G11270	CM072640.1	99.087	438	3	1	4898	5335	7615969	7615533	0	785	GCA_036926965.1_ASM3692696v1_genomic
AT1G11270	CM072640.1	98.866	441	4	1	380	819	10569600	10569160	0	785	GCA_036926965.1_ASM3692696v1_genomic
AT1G11270	CM072641.1	99.294	4957	35	0	379	5335	872412	877368	0	8961	GCA_036926965.1_ASM3692696v1_genomic
AT1G11270	CM072641.1	99.091	440	4	0	4896	5335	872413	872852	0	791	GCA_036926965.1_ASM3692696v1_genomic
AT1G11270	CM072641.1	99.091	440	4	0	380	819	876929	877368	0	791	GCA_036926965.1_ASM3692696v1_genomic
AT1G11270	CM072637.1	99.274	4961	30	5	379	5337	3931398	3936354	0	8957	GCA_036926965.1_ASM3692696v1_genomic
AT1G11270	CM072637.1	99.587	3148	13	0	2188	5335	23390327	23393474	0	5742	GCA_036926965.1_ASM3692696v1_genomic
AT1G11270	CM072637.1	99.718	1772	4	1	378	2149	23388560	23390330	0	3243	GCA_036926965.1_ASM3692696v1_genomic
AT1G11270	CM072637.1	98.56	1389	9	2	5336	6714	3773262	3774649	0	2444	GCA_036926965.1_ASM3692696v1_genomic
AT1G11270	CM072637.1	99.773	440	1	0	4896	5335	23388562	23389001	0	808	GCA_036926965.1_ASM3692696v1_genomic
AT1G11270	CM072637.1	99.773	440	1	0	380	819	23393035	23393474	0	808	GCA_036926965.1_ASM3692696v1_genomic
AT1G11270	CM072637.1	99.546	441	1	1	4896	5335	3931399	3931839	0	802	GCA_036926965.1_ASM3692696v1_genomic
AT1G11270	CM072637.1	99.546	441	1	1	380	819	3935912	3936352	0	802	GCA_036926965.1_ASM3692696v1_genomic
AT1G11270	CM072637.1	99.213	381	3	0	1	381	3772888	3773268	0	688	GCA_036926965.1_ASM3692696v1_genomic
AT1G11270	CM072637.1	90.406	271	16	4	552	820	18853002	18853264	1.22e-93	348	GCA_036926965.1_ASM3692696v1_genomic
AT1G11270	CM072637.1	90.637	267	16	3	5068	5333	18853002	18853260	4.4e-93	346	GCA_036926965.1_ASM3692696v1_genomic
AT1G11270	CM072638.1	83.167	1105	158	15	3452	4552	2744517	2745597	0	985	GCA_036926965.1_ASM3692696v1_genomic
AT1G11270	CM072638.1	84.521	491	63	8	4623	5104	2745612	2746098	1.93e-131	473	GCA_036926965.1_ASM3692696v1_genomic
AT1G11270	CM072638.1	85.873	361	47	4	1879	2237	16133913	16133555	1.2e-103	381	GCA_036926965.1_ASM3692696v1_genomic
AT1G11270	CM072638.1	88.318	214	18	6	380	588	2745887	2746098	3.55e-64	250	GCA_036926965.1_ASM3692696v1_genomic
AT1G11270	CM072654.1	99.597	4957	17	2	380	5336	12819981	12815028	0	9040	GCA_036926975.1_ASM3692697v1_genomic
AT1G11270	CM072654.1	97.52	4960	94	5	380	5336	12934950	12930017	0	8451	GCA_036926975.1_ASM3692697v1_genomic
AT1G11270	CM072654.1	99.549	443	2	0	380	822	12815468	12815026	0	808	GCA_036926975.1_ASM3692697v1_genomic
AT1G11270	CM072654.1	99.773	440	1	0	4896	5335	12819981	12819542	0	808	GCA_036926975.1_ASM3692697v1_genomic
AT1G11270	CM072654.1	97.5	440	11	0	4896	5335	12934950	12934511	0	752	GCA_036926975.1_ASM3692697v1_genomic
AT1G11270	CM072654.1	96.591	440	15	0	380	819	12930457	12930018	0	730	GCA_036926975.1_ASM3692697v1_genomic
AT1G11270	CM072652.1	99.375	4957	23	1	379	5335	26124437	26129385	0	8975	GCA_036926975.1_ASM3692697v1_genomic
AT1G11270	CM072652.1	98.734	948	11	1	5336	6283	3827136	3828082	0	1683	GCA_036926975.1_ASM3692697v1_genomic
AT1G11270	CM072652.1	99.548	442	2	0	380	821	26128946	26129387	0	806	GCA_036926975.1_ASM3692697v1_genomic
AT1G11270	CM072652.1	98.182	440	0	1	4896	5335	26124438	26124869	0	761	GCA_036926975.1_ASM3692697v1_genomic
AT1G11270	CM072652.1	99.213	381	3	0	1	381	3826762	3827142	0	688	GCA_036926975.1_ASM3692697v1_genomic
AT1G11270	CM072652.1	91.144	271	14	4	552	820	19131762	19132024	5.71e-97	359	GCA_036926975.1_ASM3692697v1_genomic
AT1G11270	CM072652.1	91.386	267	14	3	5068	5333	19131762	19132020	2.05e-96	357	GCA_036926975.1_ASM3692697v1_genomic
AT1G11270	CM072652.1	93.122	189	12	1	376	564	19131239	19131426	5.91e-72	276	GCA_036926975.1_ASM3692697v1_genomic
AT1G11270	CM072652.1	93.514	185	11	1	4896	5080	19131243	19131426	2.13e-71	274	GCA_036926975.1_ASM3692697v1_genomic
AT1G11270	CM072652.1	87.568	185	14	5	6360	6544	3828266	3828441	7.87e-51	206	GCA_036926975.1_ASM3692697v1_genomic
AT1G11270	CM072655.1	99.354	4954	31	1	382	5335	7598360	7593408	0	8970	GCA_036926975.1_ASM3692697v1_genomic
AT1G11270	CM072655.1	98.95	3618	24	10	504	4110	13594810	13591196	0	6458	GCA_036926975.1_ASM3692697v1_genomic
AT1G11270	CM072655.1	99.191	1113	8	1	4224	5335	13591197	13590085	0	2004	GCA_036926975.1_ASM3692697v1_genomic
AT1G11270	CM072655.1	99.775	445	1	0	380	824	13590524	13590080	0	817	GCA_036926975.1_ASM3692697v1_genomic
AT1G11270	CM072655.1	98.876	445	4	1	376	819	1903660	1904104	0	793	GCA_036926975.1_ASM3692697v1_genomic
AT1G11270	CM072655.1	98.874	444	4	1	4896	5339	1903665	1904107	0	791	GCA_036926975.1_ASM3692697v1_genomic
AT1G11270	CM072655.1	99.315	438	2	1	4898	5335	7598360	7597924	0	791	GCA_036926975.1_ASM3692697v1_genomic
AT1G11270	CM072655.1	99.087	438	3	1	382	819	7593844	7593408	0	785	GCA_036926975.1_ASM3692697v1_genomic
AT1G11270	CM072655.1	95.107	327	4	8	5020	5335	13594810	13594485	6.93e-141	505	GCA_036926975.1_ASM3692697v1_genomic
AT1G11270	CM072655.1	99.275	138	1	0	4895	5032	13594888	13594751	3.58e-64	250	GCA_036926975.1_ASM3692697v1_genomic
AT1G11270	CM072655.1	99.27	137	1	0	380	516	13594887	13594751	1.29e-63	248	GCA_036926975.1_ASM3692697v1_genomic
AT1G11270	CM072656.1	99.44	4641	20	4	380	5020	9878597	9883231	0	8421	GCA_036926975.1_ASM3692697v1_genomic
AT1G11270	CM072656.1	100	440	0	0	4896	5335	9878597	9879036	0	813	GCA_036926975.1_ASM3692697v1_genomic
AT1G11270	CM072656.1	99.057	318	2	1	504	821	9883190	9883506	2.42e-160	569	GCA_036926975.1_ASM3692697v1_genomic
AT1G11270	CM072656.1	99.051	316	2	1	5020	5335	9883190	9883504	3.13e-159	566	GCA_036926975.1_ASM3692697v1_genomic
AT1G11270	CM072656.1	93.6	125	2	4	380	504	9883113	9883231	1.33e-43	182	GCA_036926975.1_ASM3692697v1_genomic
AT1G11270	CM072653.1	83.363	1106	154	17	3452	4552	2762928	2764008	0	996	GCA_036926975.1_ASM3692697v1_genomic
AT1G11270	CM072653.1	84.318	491	64	8	4623	5104	2764023	2764509	9.09e-130	468	GCA_036926975.1_ASM3692697v1_genomic
AT1G11270	CM072653.1	85.042	361	49	5	1879	2237	16418111	16417754	4.41e-98	363	GCA_036926975.1_ASM3692697v1_genomic
AT1G11270	CM072653.1	87.85	214	19	6	380	588	2764298	2764509	1.67e-62	244	GCA_036926975.1_ASM3692697v1_genomic
AT1G11270	CM072645.1	99.556	4956	20	2	380	5335	8650528	8655481	0	9029	GCA_036927025.1_ASM3692702v1_genomic
AT1G11270	CM072645.1	99.127	4810	37	3	526	5335	12407656	12412460	0	8645	GCA_036927025.1_ASM3692702v1_genomic
AT1G11270	CM072645.1	99.324	444	3	0	380	823	8655042	8655485	0	804	GCA_036927025.1_ASM3692702v1_genomic
AT1G11270	CM072645.1	99.545	440	2	0	4896	5335	8650528	8650967	0	802	GCA_036927025.1_ASM3692702v1_genomic
AT1G11270	CM072645.1	98.864	440	5	0	380	819	12412021	12412460	0	785	GCA_036927025.1_ASM3692702v1_genomic
AT1G11270	CM072645.1	97.959	294	6	0	5042	5335	12407656	12407949	1.53e-142	510	GCA_036927025.1_ASM3692702v1_genomic
AT1G11270	CM072645.1	97.638	127	2	1	4895	5020	12407550	12407676	3.74e-54	217	GCA_036927025.1_ASM3692702v1_genomic
AT1G11270	CM072645.1	97.619	126	2	1	380	504	12407551	12407676	1.34e-53	215	GCA_036927025.1_ASM3692702v1_genomic
AT1G11270	CM072646.1	99.455	4958	22	5	380	5335	21250060	21245106	0	9001	GCA_036927025.1_ASM3692702v1_genomic
AT1G11270	CM072646.1	99.355	4962	25	5	380	5336	28796890	28801849	0	8979	GCA_036927025.1_ASM3692702v1_genomic
AT1G11270	CM072646.1	99.234	4962	30	8	376	5335	31176874	31181829	0	8946	GCA_036927025.1_ASM3692702v1_genomic
AT1G11270	CM072646.1	99.054	4969	37	7	374	5341	25260219	25255260	0	8907	GCA_036927025.1_ASM3692702v1_genomic
AT1G11270	CM072646.1	99.545	440	2	0	380	819	25255705	25255266	0	802	GCA_036927025.1_ASM3692702v1_genomic
AT1G11270	CM072646.1	99.545	440	1	1	4896	5335	25260213	25259775	0	800	GCA_036927025.1_ASM3692702v1_genomic
AT1G11270	CM072646.1	99.321	442	1	2	4895	5335	31176876	31177316	0	798	GCA_036927025.1_ASM3692702v1_genomic
AT1G11270	CM072646.1	99.32	441	1	2	4896	5335	21250060	21249621	0	797	GCA_036927025.1_ASM3692702v1_genomic
AT1G11270	CM072646.1	99.32	441	2	1	4896	5335	28796890	28797330	0	797	GCA_036927025.1_ASM3692702v1_genomic
AT1G11270	CM072646.1	99.32	441	2	1	380	819	28801408	28801848	0	797	GCA_036927025.1_ASM3692702v1_genomic
AT1G11270	CM072646.1	99.093	441	2	2	380	819	31181390	31181829	0	791	GCA_036927025.1_ASM3692702v1_genomic
AT1G11270	CM072646.1	98.871	443	3	2	380	821	21245545	21245104	0	789	GCA_036927025.1_ASM3692702v1_genomic
AT1G11270	CM072646.1	100	31	0	0	412	442	21245483	21245513	2.4e-06	58.4	GCA_036927025.1_ASM3692702v1_genomic
AT1G11270	CM072646.1	100	31	0	0	4928	4958	21245483	21245513	2.4e-06	58.4	GCA_036927025.1_ASM3692702v1_genomic
AT1G11270	CM072646.1	100	31	0	0	412	442	21249998	21250028	2.4e-06	58.4	GCA_036927025.1_ASM3692702v1_genomic
AT1G11270	CM072646.1	100	31	0	0	4928	4958	21249998	21250028	2.4e-06	58.4	GCA_036927025.1_ASM3692702v1_genomic
AT1G11270	CM072646.1	100	31	0	0	4928	4958	31176939	31176909	2.4e-06	58.4	GCA_036927025.1_ASM3692702v1_genomic
AT1G11270	CM072646.1	100	31	0	0	412	442	31176939	31176909	2.4e-06	58.4	GCA_036927025.1_ASM3692702v1_genomic
AT1G11270	CM072646.1	100	31	0	0	4928	4958	31181452	31181422	2.4e-06	58.4	GCA_036927025.1_ASM3692702v1_genomic
AT1G11270	CM072646.1	100	31	0	0	412	442	31181452	31181422	2.4e-06	58.4	GCA_036927025.1_ASM3692702v1_genomic
AT1G11270	CM072642.1	99.415	4957	23	6	380	5335	19736943	19731992	0	8988	GCA_036927025.1_ASM3692702v1_genomic
AT1G11270	CM072642.1	99.375	4960	25	5	380	5336	9799919	9794963	0	8983	GCA_036927025.1_ASM3692702v1_genomic
AT1G11270	CM072642.1	99.294	4956	30	4	380	5335	19732431	19727481	0	8953	GCA_036927025.1_ASM3692702v1_genomic
AT1G11270	CM072642.1	99.032	4957	47	1	380	5335	7662498	7667454	0	8887	GCA_036927025.1_ASM3692702v1_genomic
AT1G11270	CM072642.1	99.52	3122	13	2	2214	5335	31035542	31038661	0	5681	GCA_036927025.1_ASM3692702v1_genomic
AT1G11270	CM072642.1	97.353	1398	15	4	5336	6714	3769873	3771267	0	2357	GCA_036927025.1_ASM3692702v1_genomic
AT1G11270	CM072642.1	99.773	441	0	1	4896	5335	9799919	9799479	0	808	GCA_036927025.1_ASM3692702v1_genomic
AT1G11270	CM072642.1	99.773	440	1	0	380	819	31038222	31038661	0	808	GCA_036927025.1_ASM3692702v1_genomic
AT1G11270	CM072642.1	99.32	441	2	1	380	819	9795404	9794964	0	797	GCA_036927025.1_ASM3692702v1_genomic
AT1G11270	CM072642.1	99.318	440	3	0	380	819	19727920	19727481	0	797	GCA_036927025.1_ASM3692702v1_genomic
AT1G11270	CM072642.1	99.318	440	3	0	4896	5335	19736943	19736504	0	797	GCA_036927025.1_ASM3692702v1_genomic
AT1G11270	CM072642.1	99.32	441	2	1	380	819	23119403	23119843	0	797	GCA_036927025.1_ASM3692702v1_genomic
AT1G11270	CM072642.1	99.32	441	2	1	4896	5335	23119403	23119843	0	797	GCA_036927025.1_ASM3692702v1_genomic
AT1G11270	CM072642.1	99.091	440	4	0	380	819	7667015	7667454	0	791	GCA_036927025.1_ASM3692702v1_genomic
AT1G11270	CM072642.1	98.214	448	7	1	4888	5335	7659841	7660287	0	782	GCA_036927025.1_ASM3692702v1_genomic
AT1G11270	CM072642.1	98.636	440	5	1	380	819	7659849	7660287	0	778	GCA_036927025.1_ASM3692702v1_genomic
AT1G11270	CM072642.1	97.959	441	9	0	4895	5335	7662497	7662937	0	765	GCA_036927025.1_ASM3692702v1_genomic
AT1G11270	CM072642.1	97.638	381	9	0	1	381	3769499	3769879	0	654	GCA_036927025.1_ASM3692702v1_genomic
AT1G11270	CM072642.1	90.775	271	15	4	552	820	19585369	19585631	2.73e-95	353	GCA_036927025.1_ASM3692702v1_genomic
AT1G11270	CM072642.1	91.011	267	15	3	5068	5333	19585369	19585627	9.82e-95	351	GCA_036927025.1_ASM3692702v1_genomic
AT1G11270	CM072642.1	93.122	189	12	1	376	564	19584846	19585033	6.08e-72	276	GCA_036927025.1_ASM3692702v1_genomic
AT1G11270	CM072642.1	93.514	185	11	1	4896	5080	19584850	19585033	2.19e-71	274	GCA_036927025.1_ASM3692702v1_genomic
AT1G11270	CM072644.1	99.395	4957	22	7	380	5335	4868655	4863706	0	8981	GCA_036927025.1_ASM3692702v1_genomic
AT1G11270	CM072644.1	99.354	4956	29	2	380	5335	23828800	23823848	0	8972	GCA_036927025.1_ASM3692702v1_genomic
AT1G11270	CM072644.1	99.214	4959	35	4	379	5336	3534811	3529856	0	8938	GCA_036927025.1_ASM3692702v1_genomic
AT1G11270	CM072644.1	99.153	4957	39	3	380	5335	7384669	7389623	0	8918	GCA_036927025.1_ASM3692702v1_genomic
AT1G11270	CM072644.1	99.032	4958	22	8	379	5336	17805334	17800403	0	8866	GCA_036927025.1_ASM3692702v1_genomic
AT1G11270	CM072644.1	99.773	440	1	0	4896	5335	17805333	17804894	0	808	GCA_036927025.1_ASM3692702v1_genomic
AT1G11270	CM072644.1	99.548	442	1	1	380	820	7389183	7389624	0	804	GCA_036927025.1_ASM3692702v1_genomic
AT1G11270	CM072644.1	99.545	440	2	0	380	819	3530296	3529857	0	802	GCA_036927025.1_ASM3692702v1_genomic
AT1G11270	CM072644.1	99.545	440	2	0	4896	5335	23828800	23828361	0	802	GCA_036927025.1_ASM3692702v1_genomic
AT1G11270	CM072644.1	99.32	441	3	0	4895	5335	4868656	4868216	0	798	GCA_036927025.1_ASM3692702v1_genomic
AT1G11270	CM072644.1	99.318	440	3	0	380	819	4864145	4863706	0	797	GCA_036927025.1_ASM3692702v1_genomic
AT1G11270	CM072644.1	99.318	440	3	0	380	819	23824287	23823848	0	797	GCA_036927025.1_ASM3692702v1_genomic
AT1G11270	CM072644.1	99.095	442	4	0	4895	5336	18945470	18945911	0	795	GCA_036927025.1_ASM3692702v1_genomic
AT1G11270	CM072644.1	99.093	441	3	1	4896	5335	3534810	3534370	0	791	GCA_036927025.1_ASM3692702v1_genomic
AT1G11270	CM072644.1	99.091	440	4	0	4896	5335	7384669	7385108	0	791	GCA_036927025.1_ASM3692702v1_genomic
AT1G11270	CM072644.1	99.091	440	4	0	380	819	18945471	18945910	0	791	GCA_036927025.1_ASM3692702v1_genomic
AT1G11270	CM072644.1	95.909	440	0	2	380	819	17800825	17800404	0	697	GCA_036927025.1_ASM3692702v1_genomic
AT1G11270	CM072643.1	99.374	4955	29	2	382	5335	1936815	1931862	0	8977	GCA_036927025.1_ASM3692702v1_genomic
AT1G11270	CM072643.1	99.273	4955	31	5	382	5335	20023244	20028194	0	8946	GCA_036927025.1_ASM3692702v1_genomic
AT1G11270	CM072643.1	99.194	4960	28	12	380	5336	13429133	13424183	0	8927	GCA_036927025.1_ASM3692702v1_genomic
AT1G11270	CM072643.1	99.622	1059	4	0	380	1438	765867	764809	0	1934	GCA_036927025.1_ASM3692702v1_genomic
AT1G11270	CM072643.1	99.353	927	6	0	4409	5335	764819	763893	0	1679	GCA_036927025.1_ASM3692702v1_genomic
AT1G11270	CM072643.1	83.439	1105	155	15	3452	4552	2731686	2732766	0	1002	GCA_036927025.1_ASM3692702v1_genomic
AT1G11270	CM072643.1	100	441	0	0	4895	5335	765868	765428	0	815	GCA_036927025.1_ASM3692702v1_genomic
AT1G11270	CM072643.1	99.326	445	1	2	380	822	13424624	13424180	0	804	GCA_036927025.1_ASM3692702v1_genomic
AT1G11270	CM072643.1	99.545	440	2	0	380	819	764332	763893	0	802	GCA_036927025.1_ASM3692702v1_genomic
AT1G11270	CM072643.1	99.546	441	1	1	4896	5335	13429133	13428693	0	802	GCA_036927025.1_ASM3692702v1_genomic
AT1G11270	CM072643.1	99.315	438	2	1	382	819	1932298	1931862	0	791	GCA_036927025.1_ASM3692702v1_genomic
AT1G11270	CM072643.1	99.087	438	3	1	4898	5335	1936815	1936379	0	785	GCA_036927025.1_ASM3692702v1_genomic
AT1G11270	CM072643.1	98.636	440	5	1	382	821	20027758	20028196	0	778	GCA_036927025.1_ASM3692702v1_genomic
AT1G11270	CM072643.1	98.63	438	5	1	4898	5335	20023244	20023680	0	774	GCA_036927025.1_ASM3692702v1_genomic
AT1G11270	CM072643.1	84.521	491	63	8	4623	5104	2732781	2733267	2.01e-131	473	GCA_036927025.1_ASM3692702v1_genomic
AT1G11270	CM072643.1	88.318	214	18	6	380	588	2733056	2733267	3.68e-64	250	GCA_036927025.1_ASM3692702v1_genomic
AT1G11270	CM072649.1	99.556	4956	21	1	380	5335	20379781	20384735	0	9029	GCA_036927045.1_ASM3692704v1_genomic
AT1G11270	CM072649.1	99.355	4959	27	5	380	5335	7370014	7374970	0	8975	GCA_036927045.1_ASM3692704v1_genomic
AT1G11270	CM072649.1	98.931	4957	46	2	380	5336	20286431	20291380	0	8853	GCA_036927045.1_ASM3692704v1_genomic
AT1G11270	CM072649.1	99.447	4521	17	6	504	5020	5909777	5914293	0	8203	GCA_036927045.1_ASM3692704v1_genomic
AT1G11270	CM072649.1	100	441	0	0	380	820	20384296	20384736	0	815	GCA_036927045.1_ASM3692704v1_genomic
AT1G11270	CM072649.1	99.773	441	1	0	4895	5335	20379780	20380220	0	809	GCA_036927045.1_ASM3692704v1_genomic
AT1G11270	CM072649.1	99.321	442	2	1	380	820	7374530	7374971	0	798	GCA_036927045.1_ASM3692704v1_genomic
AT1G11270	CM072649.1	99.091	440	4	0	4896	5335	7370014	7370453	0	791	GCA_036927045.1_ASM3692704v1_genomic
AT1G11270	CM072649.1	99.085	437	3	1	380	816	20290941	20291376	0	784	GCA_036927045.1_ASM3692704v1_genomic
AT1G11270	CM072649.1	96.591	440	9	1	4896	5335	20286431	20286864	0	725	GCA_036927045.1_ASM3692704v1_genomic
AT1G11270	CM072649.1	97.188	320	4	4	5020	5335	5909777	5910095	2.48e-150	536	GCA_036927045.1_ASM3692704v1_genomic
AT1G11270	CM072649.1	96.885	321	5	4	5020	5336	5914248	5914567	3.21e-149	532	GCA_036927045.1_ASM3692704v1_genomic
AT1G11270	CM072649.1	96.875	320	5	4	504	819	5914248	5914566	1.16e-148	531	GCA_036927045.1_ASM3692704v1_genomic
AT1G11270	CM072649.1	98.413	126	0	1	4895	5020	5909699	5909822	2.84e-55	220	GCA_036927045.1_ASM3692704v1_genomic
AT1G11270	CM072649.1	98.4	125	0	1	380	504	5909700	5909822	1.02e-54	219	GCA_036927045.1_ASM3692704v1_genomic
AT1G11270	CM072649.1	98.4	125	0	1	380	504	5914171	5914293	1.02e-54	219	GCA_036927045.1_ASM3692704v1_genomic
AT1G11270	CM072650.1	99.496	4957	25	0	379	5335	12746979	12751935	0	9016	GCA_036927045.1_ASM3692704v1_genomic
AT1G11270	CM072650.1	99.496	4958	21	4	380	5335	21482318	21487273	0	9014	GCA_036927045.1_ASM3692704v1_genomic
AT1G11270	CM072650.1	99.415	4957	28	1	380	5335	10892376	10887420	0	8992	GCA_036927045.1_ASM3692704v1_genomic
AT1G11270	CM072650.1	99.415	4956	28	1	380	5335	9891703	9896657	0	8990	GCA_036927045.1_ASM3692704v1_genomic
AT1G11270	CM072650.1	99.324	444	3	0	380	823	9896218	9896661	0	804	GCA_036927045.1_ASM3692704v1_genomic
AT1G11270	CM072650.1	99.545	440	2	0	4896	5335	9891703	9892142	0	802	GCA_036927045.1_ASM3692704v1_genomic
AT1G11270	CM072650.1	99.32	441	3	0	380	820	12751496	12751936	0	798	GCA_036927045.1_ASM3692704v1_genomic
AT1G11270	CM072650.1	99.097	443	4	0	380	822	10887859	10887417	0	797	GCA_036927045.1_ASM3692704v1_genomic
AT1G11270	CM072650.1	99.318	440	3	0	4896	5335	10892376	10891937	0	797	GCA_036927045.1_ASM3692704v1_genomic
AT1G11270	CM072650.1	99.318	440	3	0	4896	5335	12746980	12747419	0	797	GCA_036927045.1_ASM3692704v1_genomic
AT1G11270	CM072650.1	99.32	441	1	2	4896	5335	21482318	21482757	0	797	GCA_036927045.1_ASM3692704v1_genomic
AT1G11270	CM072650.1	99.093	441	2	2	380	819	21486834	21487273	0	791	GCA_036927045.1_ASM3692704v1_genomic
AT1G11270	CM072650.1	98.427	445	6	1	376	819	1852907	1853351	0	782	GCA_036927045.1_ASM3692704v1_genomic
AT1G11270	CM072650.1	98.423	444	6	1	4896	5339	1852912	1853354	0	780	GCA_036927045.1_ASM3692704v1_genomic
AT1G11270	CM072650.1	100	31	0	0	4928	4958	21482380	21482350	2.36e-06	58.4	GCA_036927045.1_ASM3692704v1_genomic
AT1G11270	CM072650.1	100	31	0	0	412	442	21482380	21482350	2.36e-06	58.4	GCA_036927045.1_ASM3692704v1_genomic
AT1G11270	CM072650.1	100	31	0	0	4928	4958	21486896	21486866	2.36e-06	58.4	GCA_036927045.1_ASM3692704v1_genomic
AT1G11270	CM072650.1	100	31	0	0	412	442	21486896	21486866	2.36e-06	58.4	GCA_036927045.1_ASM3692704v1_genomic
AT1G11270	CM072647.1	99.496	4957	25	0	379	5335	22664241	22669197	0	9016	GCA_036927045.1_ASM3692704v1_genomic
AT1G11270	CM072647.1	99.137	1391	0	1	5336	6714	3775216	3776606	0	2492	GCA_036927045.1_ASM3692704v1_genomic
AT1G11270	CM072647.1	93.671	948	60	0	5336	6283	12778505	12779452	0	1419	GCA_036927045.1_ASM3692704v1_genomic
AT1G11270	CM072647.1	98.253	458	7	1	4879	5335	22664224	22664681	0	800	GCA_036927045.1_ASM3692704v1_genomic
AT1G11270	CM072647.1	99.318	440	3	0	380	819	22668758	22669197	0	797	GCA_036927045.1_ASM3692704v1_genomic
AT1G11270	CM072647.1	98.95	381	4	0	1	381	3774842	3775222	0	682	GCA_036927045.1_ASM3692704v1_genomic
AT1G11270	CM072647.1	90.149	335	24	3	1	326	12778143	12778477	1.56e-117	427	GCA_036927045.1_ASM3692704v1_genomic
AT1G11270	CM072647.1	91.144	271	14	4	552	820	19495658	19495920	5.77e-97	359	GCA_036927045.1_ASM3692704v1_genomic
AT1G11270	CM072647.1	91.386	267	14	3	5068	5333	19495658	19495916	2.07e-96	357	GCA_036927045.1_ASM3692704v1_genomic
AT1G11270	CM072647.1	93.122	189	12	1	376	564	19495135	19495322	5.98e-72	276	GCA_036927045.1_ASM3692704v1_genomic
AT1G11270	CM072647.1	93.514	185	11	1	4896	5080	19495139	19495322	2.15e-71	274	GCA_036927045.1_ASM3692704v1_genomic
AT1G11270	CM072647.1	85.946	185	19	4	6360	6544	12779635	12779812	2.23e-46	191	GCA_036927045.1_ASM3692704v1_genomic
AT1G11270	CM072651.1	99.374	4956	26	5	380	5335	3730898	3735848	0	8975	GCA_036927045.1_ASM3692704v1_genomic
AT1G11270	CM072651.1	99.334	4958	29	4	380	5335	25494846	25499801	0	8970	GCA_036927045.1_ASM3692704v1_genomic
AT1G11270	CM072651.1	99.295	4962	23	12	376	5335	28947697	28952648	0	8959	GCA_036927045.1_ASM3692704v1_genomic
AT1G11270	CM072651.1	99.233	4957	31	1	379	5335	22575271	22580220	0	8937	GCA_036927045.1_ASM3692704v1_genomic
AT1G11270	CM072651.1	99.032	4959	19	8	380	5337	3055037	3050107	0	8865	GCA_036927045.1_ASM3692704v1_genomic
AT1G11270	CM072651.1	98.3	5001	40	3	380	5335	25886888	25881888	0	8722	GCA_036927045.1_ASM3692704v1_genomic
AT1G11270	CM072651.1	99.546	441	2	0	4895	5335	3055038	3054598	0	804	GCA_036927045.1_ASM3692704v1_genomic
AT1G11270	CM072651.1	99.318	440	3	0	380	819	3050548	3050109	0	797	GCA_036927045.1_ASM3692704v1_genomic
AT1G11270	CM072651.1	99.318	440	3	0	4896	5335	22575272	22575711	0	797	GCA_036927045.1_ASM3692704v1_genomic
AT1G11270	CM072651.1	99.318	440	3	0	380	819	22579781	22580220	0	797	GCA_036927045.1_ASM3692704v1_genomic
AT1G11270	CM072651.1	99.093	441	2	2	380	819	28952209	28952648	0	791	GCA_036927045.1_ASM3692704v1_genomic
AT1G11270	CM072651.1	98.869	442	4	1	4895	5335	25494845	25495286	0	787	GCA_036927045.1_ASM3692704v1_genomic
AT1G11270	CM072651.1	98.869	442	3	2	4895	5335	28947699	28948139	0	787	GCA_036927045.1_ASM3692704v1_genomic
AT1G11270	CM072651.1	98.866	441	4	1	380	819	25499361	25499801	0	785	GCA_036927045.1_ASM3692704v1_genomic
AT1G11270	CM072651.1	98.643	442	6	0	380	821	3735409	3735850	0	784	GCA_036927045.1_ASM3692704v1_genomic
AT1G11270	CM072651.1	98.636	440	6	0	4896	5335	3730898	3731337	0	780	GCA_036927045.1_ASM3692704v1_genomic
AT1G11270	CM072651.1	95.022	462	1	1	380	819	25882349	25881888	0	706	GCA_036927045.1_ASM3692704v1_genomic
AT1G11270	CM072651.1	95.022	462	1	1	4896	5335	25886888	25886427	0	706	GCA_036927045.1_ASM3692704v1_genomic
AT1G11270	CM072651.1	100	31	0	0	4928	4958	28947762	28947732	2.36e-06	58.4	GCA_036927045.1_ASM3692704v1_genomic
AT1G11270	CM072651.1	100	31	0	0	412	442	28947762	28947732	2.36e-06	58.4	GCA_036927045.1_ASM3692704v1_genomic
AT1G11270	CM072651.1	100	31	0	0	4928	4958	28952271	28952241	2.36e-06	58.4	GCA_036927045.1_ASM3692704v1_genomic
AT1G11270	CM072651.1	100	31	0	0	412	442	28952271	28952241	2.36e-06	58.4	GCA_036927045.1_ASM3692704v1_genomic
AT1G11270	CM072648.1	99.193	4955	37	3	382	5335	1875161	1870209	0	8925	GCA_036927045.1_ASM3692704v1_genomic
AT1G11270	CM072648.1	83.348	1105	156	15	3452	4552	2689479	2690559	0	996	GCA_036927045.1_ASM3692704v1_genomic
AT1G11270	CM072648.1	99.089	439	2	2	4898	5335	1875161	1874724	0	787	GCA_036927045.1_ASM3692704v1_genomic
AT1G11270	CM072648.1	98.858	438	4	1	382	819	1870645	1870209	0	780	GCA_036927045.1_ASM3692704v1_genomic
AT1G11270	CM072648.1	84.521	491	63	8	4623	5104	2690574	2691060	1.97e-131	473	GCA_036927045.1_ASM3692704v1_genomic
AT1G11270	CM072648.1	88.318	214	18	6	380	588	2690849	2691060	3.62e-64	250	GCA_036927045.1_ASM3692704v1_genomic
AT1G11270	CM072627.1	99.617	4959	17	2	380	5336	9783734	9778776	0	9051	GCA_036927085.1_ASM3692708v1_genomic
AT1G11270	CM072627.1	99.455	4956	26	1	380	5335	22872584	22877538	0	9001	GCA_036927085.1_ASM3692708v1_genomic
AT1G11270	CM072627.1	99.415	4957	28	1	379	5335	9797350	9792395	0	8992	GCA_036927085.1_ASM3692708v1_genomic
AT1G11270	CM072627.1	99.415	4956	28	1	380	5335	22863554	22868508	0	8990	GCA_036927085.1_ASM3692708v1_genomic
AT1G11270	CM072627.1	99.375	4957	28	3	380	5335	22868069	22873023	0	8979	GCA_036927085.1_ASM3692708v1_genomic
AT1G11270	CM072627.1	99.094	993	8	1	5336	6328	3787911	3788902	0	1783	GCA_036927085.1_ASM3692708v1_genomic
AT1G11270	CM072627.1	99.733	748	2	0	380	1127	22877099	22877846	0	1371	GCA_036927085.1_ASM3692708v1_genomic
AT1G11270	CM072627.1	99.546	441	1	1	4896	5335	9783734	9783294	0	802	GCA_036927085.1_ASM3692708v1_genomic
AT1G11270	CM072627.1	99.545	440	2	0	4896	5335	22863554	22863993	0	802	GCA_036927085.1_ASM3692708v1_genomic
AT1G11270	CM072627.1	99.32	441	2	1	380	819	9779217	9778777	0	797	GCA_036927085.1_ASM3692708v1_genomic
AT1G11270	CM072627.1	99.091	440	4	0	380	819	9792834	9792395	0	791	GCA_036927085.1_ASM3692708v1_genomic
AT1G11270	CM072627.1	99.091	440	4	0	4896	5335	9797349	9796910	0	791	GCA_036927085.1_ASM3692708v1_genomic
AT1G11270	CM072627.1	99.752	403	1	0	6312	6714	3788914	3789316	0	739	GCA_036927085.1_ASM3692708v1_genomic
AT1G11270	CM072627.1	99.213	381	3	0	1	381	3787537	3787917	0	688	GCA_036927085.1_ASM3692708v1_genomic
AT1G11270	CM072627.1	90.037	271	17	4	552	820	22057763	22058025	5.83e-92	342	GCA_036927085.1_ASM3692708v1_genomic
AT1G11270	CM072627.1	90.262	267	17	3	5068	5333	22057763	22058021	2.1e-91	340	GCA_036927085.1_ASM3692708v1_genomic
AT1G11270	CM072627.1	92.593	189	13	1	376	564	22057236	22057423	2.79e-70	270	GCA_036927085.1_ASM3692708v1_genomic
AT1G11270	CM072627.1	92.973	185	12	1	4896	5080	22057240	22057423	1e-69	268	GCA_036927085.1_ASM3692708v1_genomic
AT1G11270	CM072628.1	99.476	4961	23	2	380	5337	261721	266681	0	9014	GCA_036927085.1_ASM3692708v1_genomic
AT1G11270	CM072628.1	99.374	4954	30	1	382	5335	1956085	1951133	0	8975	GCA_036927085.1_ASM3692708v1_genomic
AT1G11270	CM072628.1	98.176	603	11	0	3216	3818	8404961	8404359	0	1053	GCA_036927085.1_ASM3692708v1_genomic
AT1G11270	CM072628.1	83.167	1105	158	15	3452	4552	2859819	2860899	0	985	GCA_036927085.1_ASM3692708v1_genomic
AT1G11270	CM072628.1	99.546	441	1	1	380	819	266239	266679	0	802	GCA_036927085.1_ASM3692708v1_genomic
AT1G11270	CM072628.1	99.097	443	2	1	4895	5335	261720	262162	0	795	GCA_036927085.1_ASM3692708v1_genomic
AT1G11270	CM072628.1	99.315	438	2	1	382	819	1951569	1951133	0	791	GCA_036927085.1_ASM3692708v1_genomic
AT1G11270	CM072628.1	99.315	438	2	1	4898	5335	1956085	1955649	0	791	GCA_036927085.1_ASM3692708v1_genomic
AT1G11270	CM072628.1	96.474	312	2	1	518	820	8404358	8404047	1.95e-141	507	GCA_036927085.1_ASM3692708v1_genomic
AT1G11270	CM072628.1	96.463	311	2	1	5034	5335	8404358	8404048	7.02e-141	505	GCA_036927085.1_ASM3692708v1_genomic
AT1G11270	CM072628.1	85.873	361	47	4	1879	2237	15561555	15561197	1.23e-103	381	GCA_036927085.1_ASM3692708v1_genomic
AT1G11270	CM072631.1	99.396	4964	28	1	378	5341	27563741	27558780	0	8999	GCA_036927085.1_ASM3692708v1_genomic
AT1G11270	CM072631.1	99.174	4963	31	6	380	5335	26587815	26592774	0	8929	GCA_036927085.1_ASM3692708v1_genomic
AT1G11270	CM072631.1	98.775	4980	30	13	378	5335	3179799	3184769	0	8829	GCA_036927085.1_ASM3692708v1_genomic
AT1G11270	CM072631.1	99.318	440	3	0	380	819	27559225	27558786	0	797	GCA_036927085.1_ASM3692708v1_genomic
AT1G11270	CM072631.1	99.318	440	3	0	4896	5335	27563739	27563300	0	797	GCA_036927085.1_ASM3692708v1_genomic
AT1G11270	CM072631.1	97.978	445	6	1	380	821	26592332	26592776	0	769	GCA_036927085.1_ASM3692708v1_genomic
AT1G11270	CM072631.1	97.955	440	6	1	4896	5332	26587815	26588254	0	760	GCA_036927085.1_ASM3692708v1_genomic
AT1G11270	CM072631.1	96.491	456	4	3	380	823	3184319	3184774	0	743	GCA_036927085.1_ASM3692708v1_genomic
AT1G11270	CM072631.1	96.674	451	4	2	4896	5335	3179801	3180251	0	739	GCA_036927085.1_ASM3692708v1_genomic
AT1G11270	CM072630.1	99.294	4957	34	1	380	5335	13478607	13473651	0	8959	GCA_036927085.1_ASM3692708v1_genomic
AT1G11270	CM072630.1	99.234	4960	30	4	382	5335	7569714	7564757	0	8942	GCA_036927085.1_ASM3692708v1_genomic
AT1G11270	CM072630.1	98.931	4956	40	2	380	5335	20152458	20147516	0	8846	GCA_036927085.1_ASM3692708v1_genomic
AT1G11270	CM072630.1	99.231	4810	37	0	526	5335	11009929	11014738	0	8678	GCA_036927085.1_ASM3692708v1_genomic
AT1G11270	CM072630.1	98.054	3084	50	2	376	3458	1830923	1833997	0	5354	GCA_036927085.1_ASM3692708v1_genomic
AT1G11270	CM072630.1	99.546	441	2	0	380	820	20147955	20147515	0	804	GCA_036927085.1_ASM3692708v1_genomic
AT1G11270	CM072630.1	99.32	441	3	0	4895	5335	13478608	13478168	0	798	GCA_036927085.1_ASM3692708v1_genomic
AT1G11270	CM072630.1	99.315	438	2	1	382	819	7565193	7564757	0	791	GCA_036927085.1_ASM3692708v1_genomic
AT1G11270	CM072630.1	98.652	445	6	0	380	824	13474090	13473646	0	789	GCA_036927085.1_ASM3692708v1_genomic
AT1G11270	CM072630.1	99.087	438	3	1	4898	5335	7569714	7569278	0	785	GCA_036927085.1_ASM3692708v1_genomic
AT1G11270	CM072630.1	98.864	440	5	0	380	819	11014299	11014738	0	785	GCA_036927085.1_ASM3692708v1_genomic
AT1G11270	CM072630.1	96.818	440	5	1	4896	5335	1830928	1831358	0	726	GCA_036927085.1_ASM3692708v1_genomic
AT1G11270	CM072630.1	96.372	441	4	1	4895	5335	20152459	20152031	0	715	GCA_036927085.1_ASM3692708v1_genomic
AT1G11270	CM072630.1	98.98	294	3	0	5042	5335	11009929	11010222	1.5e-147	527	GCA_036927085.1_ASM3692708v1_genomic
AT1G11270	CM072630.1	99.213	127	0	1	4895	5020	11009823	11009949	1.7e-57	228	GCA_036927085.1_ASM3692708v1_genomic
AT1G11270	CM072630.1	99.206	126	0	1	380	504	11009824	11009949	6.12e-57	226	GCA_036927085.1_ASM3692708v1_genomic
AT1G11270	CM072629.1	97.84	2176	40	2	3161	5336	13131703	13133871	0	3751	GCA_036927085.1_ASM3692708v1_genomic
AT1G11270	CM072629.1	96.818	440	14	0	380	819	13133431	13133870	0	736	GCA_036927085.1_ASM3692708v1_genomic
AT1G11270	CM072625.1	99.475	4956	26	0	380	5335	12718864	12723819	0	9009	GCA_036927245.1_ASM3692724v1_genomic
AT1G11270	CM072625.1	99.314	4956	31	2	382	5335	7082072	7077118	0	8961	GCA_036927245.1_ASM3692724v1_genomic
AT1G11270	CM072625.1	99.315	438	2	1	382	819	7077554	7077118	0	791	GCA_036927245.1_ASM3692724v1_genomic
AT1G11270	CM072625.1	98.864	440	5	0	4896	5335	12718864	12719303	0	785	GCA_036927245.1_ASM3692724v1_genomic
AT1G11270	CM072625.1	98.864	440	5	0	380	819	12723380	12723819	0	785	GCA_036927245.1_ASM3692724v1_genomic
AT1G11270	CM072625.1	98.63	438	5	1	4898	5335	7082072	7081636	0	774	GCA_036927245.1_ASM3692724v1_genomic
AT1G11270	CM072624.1	97.632	3420	58	4	380	3796	13492201	13495600	0	5845	GCA_036927245.1_ASM3692724v1_genomic
AT1G11270	CM072624.1	98.035	1476	28	1	3862	5336	13495596	13497071	0	2564	GCA_036927245.1_ASM3692724v1_genomic
AT1G11270	CM072624.1	92.038	1369	100	8	3159	4526	16663884	16662524	0	1916	GCA_036927245.1_ASM3692724v1_genomic
AT1G11270	CM072624.1	91.399	1372	104	11	3159	4526	16443064	16444425	0	1868	GCA_036927245.1_ASM3692724v1_genomic
AT1G11270	CM072624.1	93.481	813	53	0	4523	5335	16444588	16445400	0	1208	GCA_036927245.1_ASM3692724v1_genomic
AT1G11270	CM072624.1	93.358	813	54	0	4523	5335	16662361	16661549	0	1203	GCA_036927245.1_ASM3692724v1_genomic
AT1G11270	CM072624.1	94.211	760	35	4	380	1139	16661988	16661238	0	1151	GCA_036927245.1_ASM3692724v1_genomic
AT1G11270	CM072624.1	93.816	760	38	4	380	1139	16444961	16445711	0	1134	GCA_036927245.1_ASM3692724v1_genomic
AT1G11270	CM072624.1	99.548	442	2	0	379	820	19499433	19499874	0	806	GCA_036927245.1_ASM3692724v1_genomic
AT1G11270	CM072624.1	99.545	440	2	0	4896	5335	19499434	19499873	0	802	GCA_036927245.1_ASM3692724v1_genomic
AT1G11270	CM072624.1	98.182	440	8	0	4896	5335	13492201	13492640	0	769	GCA_036927245.1_ASM3692724v1_genomic
AT1G11270	CM072624.1	97.727	440	10	0	380	819	13496631	13497070	0	758	GCA_036927245.1_ASM3692724v1_genomic
AT1G11270	CM072622.1	98.638	1395	3	1	5336	6714	3791822	3793216	0	2457	GCA_036927245.1_ASM3692724v1_genomic
AT1G11270	CM072622.1	98.425	381	6	0	1	381	3791448	3791828	0	671	GCA_036927245.1_ASM3692724v1_genomic
AT1G11270	CM072622.1	90.775	271	15	4	552	820	18060897	18061159	2.66e-95	353	GCA_036927245.1_ASM3692724v1_genomic
AT1G11270	CM072622.1	91.011	267	15	3	5068	5333	18060897	18061155	9.56e-95	351	GCA_036927245.1_ASM3692724v1_genomic
AT1G11270	CM072622.1	93.122	189	12	1	376	564	18060366	18060553	5.92e-72	276	GCA_036927245.1_ASM3692724v1_genomic
AT1G11270	CM072622.1	93.514	185	11	1	4896	5080	18060370	18060553	2.13e-71	274	GCA_036927245.1_ASM3692724v1_genomic
AT1G11270	CM072623.1	85.359	362	47	6	1879	2237	17108667	17108309	2.64e-100	370	GCA_036927245.1_ASM3692724v1_genomic
AT1G11270	CM072635.1	99.919	4957	4	0	379	5335	13498906	13503862	0	9132	GCA_036927255.1_ASM3692725v1_genomic
AT1G11270	CM072635.1	99.213	4956	22	3	380	5335	11112947	11117885	0	8920	GCA_036927255.1_ASM3692725v1_genomic
AT1G11270	CM072635.1	98.871	4958	34	5	380	5335	14252159	14247222	0	8826	GCA_036927255.1_ASM3692725v1_genomic
AT1G11270	CM072635.1	99.252	4810	35	1	526	5335	11705995	11710803	0	8682	GCA_036927255.1_ASM3692725v1_genomic
AT1G11270	CM072635.1	100	441	0	0	380	820	13503423	13503863	0	815	GCA_036927255.1_ASM3692725v1_genomic
AT1G11270	CM072635.1	100	440	0	0	4896	5335	13498907	13499346	0	813	GCA_036927255.1_ASM3692725v1_genomic
AT1G11270	CM072635.1	99.546	441	2	0	4895	5335	14252160	14251720	0	804	GCA_036927255.1_ASM3692725v1_genomic
AT1G11270	CM072635.1	99.318	440	3	0	4896	5335	11112947	11113386	0	797	GCA_036927255.1_ASM3692725v1_genomic
AT1G11270	CM072635.1	99.318	440	3	0	380	819	11117446	11117885	0	797	GCA_036927255.1_ASM3692725v1_genomic
AT1G11270	CM072635.1	99.091	440	4	0	380	819	11710364	11710803	0	791	GCA_036927255.1_ASM3692725v1_genomic
AT1G11270	CM072635.1	95.516	446	2	2	380	824	14247645	14247217	0	697	GCA_036927255.1_ASM3692725v1_genomic
AT1G11270	CM072635.1	99.315	292	2	0	5042	5333	11705995	11706286	4.21e-148	529	GCA_036927255.1_ASM3692725v1_genomic
AT1G11270	CM072635.1	98.425	127	1	1	4895	5020	11705889	11706015	8e-56	222	GCA_036927255.1_ASM3692725v1_genomic
AT1G11270	CM072635.1	98.413	126	1	1	380	504	11705890	11706015	2.88e-55	220	GCA_036927255.1_ASM3692725v1_genomic
AT1G11270	CM072632.1	99.718	4956	12	2	380	5335	12293631	12298584	0	9073	GCA_036927255.1_ASM3692725v1_genomic
AT1G11270	CM072632.1	99.556	4956	20	2	380	5335	6760224	6755271	0	9029	GCA_036927255.1_ASM3692725v1_genomic
AT1G11270	CM072632.1	99.395	4958	26	4	380	5336	8149515	8144561	0	8986	GCA_036927255.1_ASM3692725v1_genomic
AT1G11270	CM072632.1	99.175	4969	30	9	374	5338	19438185	19443146	0	8938	GCA_036927255.1_ASM3692725v1_genomic
AT1G11270	CM072632.1	99.783	1381	1	1	5336	6714	3774157	3775537	0	2532	GCA_036927255.1_ASM3692725v1_genomic
AT1G11270	CM072632.1	100	441	0	0	380	820	12298145	12298585	0	815	GCA_036927255.1_ASM3692725v1_genomic
AT1G11270	CM072632.1	100	440	0	0	4896	5335	12293631	12294070	0	813	GCA_036927255.1_ASM3692725v1_genomic
AT1G11270	CM072632.1	99.773	440	1	0	380	819	6755710	6755271	0	808	GCA_036927255.1_ASM3692725v1_genomic
AT1G11270	CM072632.1	99.546	441	1	1	4895	5335	6760225	6759786	0	802	GCA_036927255.1_ASM3692725v1_genomic
AT1G11270	CM072632.1	99.545	440	2	0	380	819	8145001	8144562	0	802	GCA_036927255.1_ASM3692725v1_genomic
AT1G11270	CM072632.1	99.545	440	2	0	4896	5335	8149515	8149076	0	802	GCA_036927255.1_ASM3692725v1_genomic
AT1G11270	CM072632.1	98.186	441	7	1	4896	5335	19438190	19438630	0	769	GCA_036927255.1_ASM3692725v1_genomic
AT1G11270	CM072632.1	98.186	441	7	1	380	819	19442702	19443142	0	769	GCA_036927255.1_ASM3692725v1_genomic
AT1G11270	CM072632.1	98.95	381	4	0	1	381	3773783	3774163	0	682	GCA_036927255.1_ASM3692725v1_genomic
AT1G11270	CM072632.1	90.406	271	16	4	552	820	20263588	20263850	1.26e-93	348	GCA_036927255.1_ASM3692725v1_genomic
AT1G11270	CM072632.1	90.637	267	16	3	5068	5333	20263588	20263846	4.55e-93	346	GCA_036927255.1_ASM3692725v1_genomic
AT1G11270	CM072632.1	89.947	189	12	2	376	564	20263070	20263251	2.86e-60	237	GCA_036927255.1_ASM3692725v1_genomic
AT1G11270	CM072632.1	90.27	185	11	2	4896	5080	20263074	20263251	1.03e-59	235	GCA_036927255.1_ASM3692725v1_genomic
AT1G11270	CM072634.1	99.597	4957	19	1	380	5336	3971713	3976668	0	9042	GCA_036927255.1_ASM3692725v1_genomic
AT1G11270	CM072634.1	99.516	4956	24	0	380	5335	6300355	6295400	0	9020	GCA_036927255.1_ASM3692725v1_genomic
AT1G11270	CM072634.1	99.375	4957	29	2	379	5335	25014937	25019891	0	8981	GCA_036927255.1_ASM3692725v1_genomic
AT1G11270	CM072634.1	99.309	724	5	0	4612	5335	6300639	6299916	0	1310	GCA_036927255.1_ASM3692725v1_genomic
AT1G11270	CM072634.1	99.545	440	2	0	4896	5335	3971713	3972152	0	802	GCA_036927255.1_ASM3692725v1_genomic
AT1G11270	CM072634.1	99.545	440	2	0	380	819	3976228	3976667	0	802	GCA_036927255.1_ASM3692725v1_genomic
AT1G11270	CM072634.1	99.545	440	2	0	380	819	6295839	6295400	0	802	GCA_036927255.1_ASM3692725v1_genomic
AT1G11270	CM072634.1	99.545	440	2	0	4896	5335	25014938	25015377	0	802	GCA_036927255.1_ASM3692725v1_genomic
AT1G11270	CM072634.1	99.545	440	2	0	380	819	25019452	25019891	0	802	GCA_036927255.1_ASM3692725v1_genomic
AT1G11270	CM072633.1	99.177	4979	24	3	376	5338	20736375	20741352	0	8951	GCA_036927255.1_ASM3692725v1_genomic
AT1G11270	CM072633.1	83.258	1105	157	15	3452	4552	2730006	2731086	0	990	GCA_036927255.1_ASM3692725v1_genomic
AT1G11270	CM072633.1	97.55	449	3	1	4895	5335	20736377	20736825	0	761	GCA_036927255.1_ASM3692725v1_genomic
AT1G11270	CM072633.1	97.545	448	3	1	380	819	20740902	20741349	0	760	GCA_036927255.1_ASM3692725v1_genomic
AT1G11270	CM072633.1	85.359	362	48	5	1879	2237	15828758	15828399	2.7e-100	370	GCA_036927255.1_ASM3692725v1_genomic
AT1G11270	CM072617.1	99.375	4960	28	3	379	5335	19201478	19196519	0	8985	GCA_036927265.1_ASM3692726v1_genomic
AT1G11270	CM072617.1	99.234	4960	29	2	378	5336	23533867	23528916	0	8940	GCA_036927265.1_ASM3692726v1_genomic
AT1G11270	CM072617.1	98.413	4979	57	2	380	5336	5866208	5871186	0	8737	GCA_036927265.1_ASM3692726v1_genomic
AT1G11270	CM072617.1	99.083	2835	26	0	2501	5335	7687596	7690430	0	5092	GCA_036927265.1_ASM3692726v1_genomic
AT1G11270	CM072617.1	98.823	2124	25	0	380	2503	7685239	7687362	0	3784	GCA_036927265.1_ASM3692726v1_genomic
AT1G11270	CM072617.1	99.208	1389	1	1	5336	6714	3792137	3793525	0	2495	GCA_036927265.1_ASM3692726v1_genomic
AT1G11270	CM072617.1	99.546	441	1	1	380	819	19196959	19196519	0	802	GCA_036927265.1_ASM3692726v1_genomic
AT1G11270	CM072617.1	99.099	444	4	0	4892	5335	23533869	23533426	0	798	GCA_036927265.1_ASM3692726v1_genomic
AT1G11270	CM072617.1	99.32	441	2	1	4896	5335	19201477	19201037	0	797	GCA_036927265.1_ASM3692726v1_genomic
AT1G11270	CM072617.1	99.32	441	2	1	380	819	23529357	23528917	0	797	GCA_036927265.1_ASM3692726v1_genomic
AT1G11270	CM072617.1	98.438	448	6	1	4888	5335	7682582	7683028	0	787	GCA_036927265.1_ASM3692726v1_genomic
AT1G11270	CM072617.1	98.864	440	5	0	380	819	7689991	7690430	0	785	GCA_036927265.1_ASM3692726v1_genomic
AT1G11270	CM072617.1	98.864	440	4	1	380	819	7682590	7683028	0	784	GCA_036927265.1_ASM3692726v1_genomic
AT1G11270	CM072617.1	97.506	441	11	0	4895	5335	7685238	7685678	0	754	GCA_036927265.1_ASM3692726v1_genomic
AT1G11270	CM072617.1	95.787	451	8	1	380	819	5870735	5871185	0	717	GCA_036927265.1_ASM3692726v1_genomic
AT1G11270	CM072617.1	95.344	451	10	1	4896	5335	5866208	5866658	0	706	GCA_036927265.1_ASM3692726v1_genomic
AT1G11270	CM072617.1	99.213	381	3	0	1	381	3791763	3792143	0	688	GCA_036927265.1_ASM3692726v1_genomic
AT1G11270	CM072617.1	90.406	271	16	4	552	820	19038967	19039229	1.26e-93	348	GCA_036927265.1_ASM3692726v1_genomic
AT1G11270	CM072617.1	90.637	267	16	3	5068	5333	19038967	19039225	4.54e-93	346	GCA_036927265.1_ASM3692726v1_genomic
AT1G11270	CM072617.1	92.593	189	13	1	376	564	19038440	19038627	2.81e-70	270	GCA_036927265.1_ASM3692726v1_genomic
AT1G11270	CM072617.1	92.973	185	12	1	4896	5080	19038444	19038627	1.01e-69	268	GCA_036927265.1_ASM3692726v1_genomic
AT1G11270	CM072619.1	99.746	4325	11	0	379	4703	19521025	19516701	0	7926	GCA_036927265.1_ASM3692726v1_genomic
AT1G11270	CM072619.1	97.225	4649	89	9	380	5023	13660407	13665020	0	7834	GCA_036927265.1_ASM3692726v1_genomic
AT1G11270	CM072619.1	100	440	0	0	4896	5335	19521024	19520585	0	813	GCA_036927265.1_ASM3692726v1_genomic
AT1G11270	CM072619.1	95.909	440	9	2	4896	5335	13660407	13660837	0	704	GCA_036927265.1_ASM3692726v1_genomic
AT1G11270	CM072619.1	94.357	319	12	4	5024	5336	13664972	13665290	9.23e-135	484	GCA_036927265.1_ASM3692726v1_genomic
AT1G11270	CM072619.1	94.34	318	12	4	508	819	13664972	13665289	3.32e-134	483	GCA_036927265.1_ASM3692726v1_genomic
AT1G11270	CM072619.1	96.124	129	4	1	380	507	13664892	13665020	6.22e-52	209	GCA_036927265.1_ASM3692726v1_genomic
AT1G11270	CM072620.1	99.04	729	7	0	4607	5335	11992812	11993540	0	1308	GCA_036927265.1_ASM3692726v1_genomic
AT1G11270	CM072620.1	99.318	440	3	0	380	819	11993101	11993540	0	797	GCA_036927265.1_ASM3692726v1_genomic
AT1G11270	CM072618.1	83.077	1105	159	15	3452	4552	2690184	2691264	0	979	GCA_036927265.1_ASM3692726v1_genomic
AT1G11270	CM072618.1	85.873	361	47	4	1879	2237	16299495	16299137	1.25e-103	381	GCA_036927265.1_ASM3692726v1_genomic
AT1G11270	CM072609.1	99.496	4956	25	0	380	5335	20422476	20427431	0	9014	GCA_036927275.1_ASM3692727v1_genomic
AT1G11270	CM072609.1	97.44	4648	86	7	380	5023	13593505	13598123	0	7893	GCA_036927275.1_ASM3692727v1_genomic
AT1G11270	CM072609.1	100	441	0	0	380	820	20426992	20427432	0	815	GCA_036927275.1_ASM3692727v1_genomic
AT1G11270	CM072609.1	99.773	441	1	0	4895	5335	20422475	20422915	0	809	GCA_036927275.1_ASM3692727v1_genomic
AT1G11270	CM072609.1	99.095	442	4	0	4895	5336	18339969	18340410	0	795	GCA_036927275.1_ASM3692727v1_genomic
AT1G11270	CM072609.1	99.091	440	4	0	380	819	18339970	18340409	0	791	GCA_036927275.1_ASM3692727v1_genomic
AT1G11270	CM072609.1	98.409	440	7	0	4896	5335	13593505	13593944	0	774	GCA_036927275.1_ASM3692727v1_genomic
AT1G11270	CM072609.1	94.357	319	12	4	5024	5336	13598075	13598393	9.14e-135	484	GCA_036927275.1_ASM3692727v1_genomic
AT1G11270	CM072609.1	94.34	318	12	4	508	819	13598075	13598392	3.29e-134	483	GCA_036927275.1_ASM3692727v1_genomic
AT1G11270	CM072609.1	96.124	129	4	1	380	507	13597995	13598123	6.16e-52	209	GCA_036927275.1_ASM3692727v1_genomic
AT1G11270	CM072608.1	99.455	4957	26	1	380	5335	21276020	21280976	0	9003	GCA_036927275.1_ASM3692727v1_genomic
AT1G11270	CM072608.1	82.896	1105	160	16	3452	4552	2759811	2760890	0	966	GCA_036927275.1_ASM3692727v1_genomic
AT1G11270	CM072608.1	99.546	441	2	0	4895	5335	21276019	21276459	0	804	GCA_036927275.1_ASM3692727v1_genomic
AT1G11270	CM072608.1	99.545	440	2	0	380	819	21280537	21280976	0	802	GCA_036927275.1_ASM3692727v1_genomic
AT1G11270	CM072608.1	85.596	361	48	4	1879	2237	17112046	17111688	5.74e-102	375	GCA_036927275.1_ASM3692727v1_genomic
AT1G11270	CM072607.1	99.395	4958	27	3	380	5335	32163344	32168300	0	8986	GCA_036927275.1_ASM3692727v1_genomic
AT1G11270	CM072607.1	99.214	4964	33	2	378	5335	13241779	13236816	0	8946	GCA_036927275.1_ASM3692727v1_genomic
AT1G11270	CM072607.1	99.565	1379	2	1	5336	6714	3790772	3792146	0	2510	GCA_036927275.1_ASM3692727v1_genomic
AT1G11270	CM072607.1	99.095	442	3	1	380	820	32167860	32168301	0	793	GCA_036927275.1_ASM3692727v1_genomic
AT1G11270	CM072607.1	98.438	448	3	2	380	823	13237258	13236811	0	785	GCA_036927275.1_ASM3692727v1_genomic
AT1G11270	CM072607.1	98.639	441	5	1	4896	5335	32163344	32163784	0	780	GCA_036927275.1_ASM3692727v1_genomic
AT1G11270	CM072607.1	98.42	443	4	1	4896	5335	13241777	13241335	0	776	GCA_036927275.1_ASM3692727v1_genomic
AT1G11270	CM072607.1	99.213	381	3	0	1	381	3790398	3790778	0	688	GCA_036927275.1_ASM3692727v1_genomic
AT1G11270	CM072607.1	89.888	267	17	4	552	817	19817888	19818145	9.74e-90	335	GCA_036927275.1_ASM3692727v1_genomic
AT1G11270	CM072607.1	89.888	267	17	4	5068	5333	19817888	19818145	9.74e-90	335	GCA_036927275.1_ASM3692727v1_genomic
AT1G11270	CM072607.1	93.651	189	11	1	376	564	19817361	19817548	1.29e-73	281	GCA_036927275.1_ASM3692727v1_genomic
AT1G11270	CM072607.1	94.054	185	10	1	4896	5080	19817365	19817548	4.63e-73	279	GCA_036927275.1_ASM3692727v1_genomic
AT1G11270	CM072610.1	99.335	4961	27	3	380	5335	12942923	12937964	0	8973	GCA_036927275.1_ASM3692727v1_genomic
AT1G11270	CM072610.1	99.773	441	1	0	4895	5335	12942924	12942484	0	809	GCA_036927275.1_ASM3692727v1_genomic
AT1G11270	CM072610.1	99.326	445	3	0	380	824	12938403	12937959	0	806	GCA_036927275.1_ASM3692727v1_genomic
AT1G11270	CM072610.1	98.876	445	4	1	376	819	1870137	1870581	0	793	GCA_036927275.1_ASM3692727v1_genomic
AT1G11270	CM072610.1	98.874	444	4	1	4896	5339	1870142	1870584	0	791	GCA_036927275.1_ASM3692727v1_genomic
AT1G11270	CM072614.1	97.419	4960	95	8	380	5336	13236920	13241849	0	8419	GCA_036927285.1_ASM3692728v1_genomic
AT1G11270	CM072614.1	98.182	440	8	0	4896	5335	13236920	13237359	0	769	GCA_036927285.1_ASM3692728v1_genomic
AT1G11270	CM072614.1	97.5	440	11	0	380	819	13241409	13241848	0	752	GCA_036927285.1_ASM3692728v1_genomic
AT1G11270	CM072612.1	99.46	3332	17	1	2005	5335	24856729	24860060	0	6052	GCA_036927285.1_ASM3692728v1_genomic
AT1G11270	CM072612.1	99.083	2835	26	0	2501	5335	7702024	7704858	0	5092	GCA_036927285.1_ASM3692728v1_genomic
AT1G11270	CM072612.1	98.776	2124	26	0	380	2503	7699667	7701790	0	3779	GCA_036927285.1_ASM3692728v1_genomic
AT1G11270	CM072612.1	99.492	1576	8	0	380	1955	24855164	24856739	0	2867	GCA_036927285.1_ASM3692728v1_genomic
AT1G11270	CM072612.1	99.28	1389	0	1	5336	6714	3802612	3804000	0	2501	GCA_036927285.1_ASM3692728v1_genomic
AT1G11270	CM072612.1	99.329	447	2	1	4890	5335	24855157	24855603	0	808	GCA_036927285.1_ASM3692728v1_genomic
AT1G11270	CM072612.1	99.545	440	2	0	380	819	24859621	24860060	0	802	GCA_036927285.1_ASM3692728v1_genomic
AT1G11270	CM072612.1	98.438	448	6	1	4888	5335	7697010	7697456	0	787	GCA_036927285.1_ASM3692728v1_genomic
AT1G11270	CM072612.1	98.864	440	5	0	380	819	7704419	7704858	0	785	GCA_036927285.1_ASM3692728v1_genomic
AT1G11270	CM072612.1	98.864	440	4	1	380	819	7697018	7697456	0	784	GCA_036927285.1_ASM3692728v1_genomic
AT1G11270	CM072612.1	97.506	441	11	0	4895	5335	7699666	7700106	0	754	GCA_036927285.1_ASM3692728v1_genomic
AT1G11270	CM072612.1	99.213	381	3	0	1	381	3802238	3802618	0	688	GCA_036927285.1_ASM3692728v1_genomic
AT1G11270	CM072612.1	91.144	271	14	4	552	820	19873080	19873342	5.72e-97	359	GCA_036927285.1_ASM3692728v1_genomic
AT1G11270	CM072612.1	91.386	267	14	3	5068	5333	19873080	19873338	2.06e-96	357	GCA_036927285.1_ASM3692728v1_genomic
AT1G11270	CM072612.1	92.593	189	13	1	376	564	19872553	19872740	2.76e-70	270	GCA_036927285.1_ASM3692728v1_genomic
AT1G11270	CM072612.1	92.973	185	12	1	4896	5080	19872557	19872740	9.92e-70	268	GCA_036927285.1_ASM3692728v1_genomic
AT1G11270	CM072613.1	83.439	1105	155	15	3452	4552	2877458	2878538	0	1002	GCA_036927285.1_ASM3692728v1_genomic
AT1G11270	CM072613.1	84.725	491	62	8	4623	5104	2878553	2879039	4.21e-133	479	GCA_036927285.1_ASM3692728v1_genomic
AT1G11270	CM072613.1	85.319	361	48	5	1879	2237	15410390	15410033	9.51e-100	368	GCA_036927285.1_ASM3692728v1_genomic
AT1G11270	CM072613.1	89.252	214	16	6	380	588	2878828	2879039	1.66e-67	261	GCA_036927285.1_ASM3692728v1_genomic
AT1G11270	CM072603.1	99.455	4956	24	3	380	5335	11512656	11517608	0	8999	GCA_036927355.1_ASM3692735v1_genomic
AT1G11270	CM072603.1	99.016	3863	37	1	380	4242	9843817	9847678	0	6922	GCA_036927355.1_ASM3692735v1_genomic
AT1G11270	CM072603.1	98.284	1049	18	0	4287	5335	9847672	9848720	0	1838	GCA_036927355.1_ASM3692735v1_genomic
AT1G11270	CM072603.1	83.167	1105	158	15	3452	4552	2848522	2849602	0	985	GCA_036927355.1_ASM3692735v1_genomic
AT1G11270	CM072603.1	99.773	440	1	0	4896	5335	11512656	11513095	0	808	GCA_036927355.1_ASM3692735v1_genomic
AT1G11270	CM072603.1	99.545	440	2	0	380	819	11517169	11517608	0	802	GCA_036927355.1_ASM3692735v1_genomic
AT1G11270	CM072603.1	97.955	440	9	0	4896	5335	9843817	9844256	0	763	GCA_036927355.1_ASM3692735v1_genomic
AT1G11270	CM072603.1	97.045	440	13	0	380	819	9848281	9848720	0	741	GCA_036927355.1_ASM3692735v1_genomic
AT1G11270	CM072603.1	86	350	45	4	1890	2237	16733234	16732887	7.67e-101	372	GCA_036927355.1_ASM3692735v1_genomic
AT1G11270	CM072605.1	99.455	4954	26	1	382	5335	9327340	9322388	0	8997	GCA_036927355.1_ASM3692735v1_genomic
AT1G11270	CM072605.1	98.951	4958	49	3	380	5335	430949	425993	0	8865	GCA_036927355.1_ASM3692735v1_genomic
AT1G11270	CM072605.1	99.366	1262	7	1	382	1643	9322824	9321564	0	2285	GCA_036927355.1_ASM3692735v1_genomic
AT1G11270	CM072605.1	99.315	438	2	1	4898	5335	9327340	9326904	0	791	GCA_036927355.1_ASM3692735v1_genomic
AT1G11270	CM072605.1	97.727	440	10	0	4896	5335	430949	430510	0	758	GCA_036927355.1_ASM3692735v1_genomic
AT1G11270	CM072605.1	97.5	440	11	0	380	819	426432	425993	0	752	GCA_036927355.1_ASM3692735v1_genomic
AT1G11270	CM072602.1	98.951	4956	52	0	380	5335	26242596	26247551	0	8865	GCA_036927355.1_ASM3692735v1_genomic
AT1G11270	CM072602.1	98.853	1395	0	1	5336	6714	3828830	3830224	0	2473	GCA_036927355.1_ASM3692735v1_genomic
AT1G11270	CM072602.1	98.255	745	13	0	4591	5335	26242291	26243035	0	1304	GCA_036927355.1_ASM3692735v1_genomic
AT1G11270	CM072602.1	98.19	442	8	0	380	821	26247112	26247553	0	773	GCA_036927355.1_ASM3692735v1_genomic
AT1G11270	CM072602.1	99.213	381	3	0	1	381	3828456	3828836	0	688	GCA_036927355.1_ASM3692735v1_genomic
AT1G11270	CM072602.1	90.775	271	15	4	552	820	20640592	20640854	2.78e-95	353	GCA_036927355.1_ASM3692735v1_genomic
AT1G11270	CM072602.1	91.011	267	15	3	5068	5333	20640592	20640850	1e-94	351	GCA_036927355.1_ASM3692735v1_genomic
AT1G11270	CM072602.1	91.724	145	11	1	376	520	20640078	20640221	3.83e-49	200	GCA_036927355.1_ASM3692735v1_genomic
AT1G11270	CM072602.1	92.199	141	10	1	4896	5036	20640082	20640221	1.38e-48	198	GCA_036927355.1_ASM3692735v1_genomic
AT1G11270	CM072604.1	97.38	4961	97	8	380	5336	12903780	12908711	0	8410	GCA_036927355.1_ASM3692735v1_genomic
AT1G11270	CM072604.1	97.955	440	9	0	4896	5335	12903780	12904219	0	763	GCA_036927355.1_ASM3692735v1_genomic
AT1G11270	CM072604.1	97.5	440	11	0	380	819	12908271	12908710	0	752	GCA_036927355.1_ASM3692735v1_genomic
AT1G11270	CM072596.1	99.677	4958	16	0	380	5337	30215082	30210125	0	9068	GCA_036927365.1_ASM3692736v1_genomic
AT1G11270	CM072596.1	99.773	440	1	0	380	819	30210566	30210127	0	808	GCA_036927365.1_ASM3692736v1_genomic
AT1G11270	CM072596.1	99.545	440	2	0	4896	5335	30215082	30214643	0	802	GCA_036927365.1_ASM3692736v1_genomic
AT1G11270	CM072593.1	99.153	4956	31	1	380	5335	749810	744866	0	8909	GCA_036927365.1_ASM3692736v1_genomic
AT1G11270	CM072593.1	83.273	1106	155	17	3452	4552	2846635	2847715	0	990	GCA_036927365.1_ASM3692736v1_genomic
AT1G11270	CM072593.1	99.545	440	2	0	380	819	745305	744866	0	802	GCA_036927365.1_ASM3692736v1_genomic
AT1G11270	CM072593.1	96.818	440	3	1	4896	5335	749810	749382	0	725	GCA_036927365.1_ASM3692736v1_genomic
AT1G11270	CM072593.1	84.318	491	64	8	4623	5104	2847730	2848216	9.09e-130	468	GCA_036927365.1_ASM3692736v1_genomic
AT1G11270	CM072593.1	85.596	361	48	4	1879	2237	14672310	14671952	5.67e-102	375	GCA_036927365.1_ASM3692736v1_genomic
AT1G11270	CM072593.1	87.85	214	19	6	380	588	2848005	2848216	1.67e-62	244	GCA_036927365.1_ASM3692736v1_genomic
AT1G11270	CM072595.1	98.392	4974	62	2	380	5335	8423713	8428686	0	8726	GCA_036927365.1_ASM3692736v1_genomic
AT1G11270	CM072595.1	96.214	449	8	1	380	819	8428238	8428686	0	726	GCA_036927365.1_ASM3692736v1_genomic
AT1G11270	CM072595.1	95.991	449	9	1	4896	5335	8423713	8424161	0	721	GCA_036927365.1_ASM3692736v1_genomic
AT1G11270	CM072592.1	99.783	1381	1	1	5336	6714	3766226	3767606	0	2532	GCA_036927365.1_ASM3692736v1_genomic
AT1G11270	CM072592.1	99.213	381	3	0	1	381	3765852	3766232	0	688	GCA_036927365.1_ASM3692736v1_genomic
AT1G11270	CM072592.1	91.144	271	14	4	552	820	18877954	18878216	5.71e-97	359	GCA_036927365.1_ASM3692736v1_genomic
AT1G11270	CM072592.1	91.386	267	14	3	5068	5333	18877954	18878212	2.05e-96	357	GCA_036927365.1_ASM3692736v1_genomic
AT1G11270	CM072592.1	92.063	189	14	1	376	564	18877427	18877614	1.28e-68	265	GCA_036927365.1_ASM3692736v1_genomic
AT1G11270	CM072592.1	92.432	185	13	1	4896	5080	18877431	18877614	4.6e-68	263	GCA_036927365.1_ASM3692736v1_genomic
AT1G11270	CM072594.1	99.321	442	3	0	4895	5336	18858492	18858933	0	800	GCA_036927365.1_ASM3692736v1_genomic
AT1G11270	CM072594.1	99.318	440	3	0	380	819	18858493	18858932	0	797	GCA_036927365.1_ASM3692736v1_genomic
AT1G11270	CM072601.1	99.596	4956	20	0	380	5335	20482078	20487033	0	9042	GCA_036927375.1_ASM3692737v1_genomic
AT1G11270	CM072601.1	99.545	440	2	0	4896	5335	20482078	20482517	0	802	GCA_036927375.1_ASM3692737v1_genomic
AT1G11270	CM072601.1	99.545	440	2	0	380	819	20486594	20487033	0	802	GCA_036927375.1_ASM3692737v1_genomic
AT1G11270	CM072601.1	99.32	441	3	0	379	819	21240674	21241114	0	798	GCA_036927375.1_ASM3692737v1_genomic
AT1G11270	CM072601.1	99.318	440	3	0	4896	5335	21240675	21241114	0	797	GCA_036927375.1_ASM3692737v1_genomic
AT1G11270	CM072599.1	99.496	4956	24	1	380	5335	7404922	7409876	0	9012	GCA_036927375.1_ASM3692737v1_genomic
AT1G11270	CM072599.1	99.455	4957	27	0	379	5335	26023990	26028946	0	9005	GCA_036927375.1_ASM3692737v1_genomic
AT1G11270	CM072599.1	99.174	4963	33	8	379	5337	2755045	2750087	0	8931	GCA_036927375.1_ASM3692737v1_genomic
AT1G11270	CM072599.1	99.153	4956	36	6	380	5335	6353314	6348365	0	8914	GCA_036927375.1_ASM3692737v1_genomic
AT1G11270	CM072599.1	97.198	4961	87	7	380	5336	13291106	13296018	0	8344	GCA_036927375.1_ASM3692737v1_genomic
AT1G11270	CM072599.1	99.309	724	5	0	4612	5335	6353598	6352875	0	1310	GCA_036927375.1_ASM3692737v1_genomic
AT1G11270	CM072599.1	99.545	440	2	0	380	819	6348804	6348365	0	802	GCA_036927375.1_ASM3692737v1_genomic
AT1G11270	CM072599.1	99.545	440	2	0	4896	5335	7404922	7405361	0	802	GCA_036927375.1_ASM3692737v1_genomic
AT1G11270	CM072599.1	99.545	440	2	0	4896	5335	26023991	26024430	0	802	GCA_036927375.1_ASM3692737v1_genomic
AT1G11270	CM072599.1	99.545	440	2	0	380	819	26028507	26028946	0	802	GCA_036927375.1_ASM3692737v1_genomic
AT1G11270	CM072599.1	99.318	440	3	0	380	819	7409437	7409876	0	797	GCA_036927375.1_ASM3692737v1_genomic
AT1G11270	CM072599.1	98.409	440	7	0	4896	5335	13291106	13291545	0	774	GCA_036927375.1_ASM3692737v1_genomic
AT1G11270	CM072599.1	98.186	441	6	2	4896	5335	2755044	2754605	0	769	GCA_036927375.1_ASM3692737v1_genomic
AT1G11270	CM072599.1	97.959	441	7	2	380	819	2750528	2750089	0	763	GCA_036927375.1_ASM3692737v1_genomic
AT1G11270	CM072599.1	92.744	441	9	5	380	819	13295599	13296017	3.12e-174	616	GCA_036927375.1_ASM3692737v1_genomic
AT1G11270	CM072599.1	100	31	0	0	412	442	2750466	2750496	2.37e-06	58.4	GCA_036927375.1_ASM3692737v1_genomic
AT1G11270	CM072599.1	100	31	0	0	4928	4958	2750466	2750496	2.37e-06	58.4	GCA_036927375.1_ASM3692737v1_genomic
AT1G11270	CM072599.1	100	31	0	0	412	442	2754982	2755012	2.37e-06	58.4	GCA_036927375.1_ASM3692737v1_genomic
AT1G11270	CM072599.1	100	31	0	0	4928	4958	2754982	2755012	2.37e-06	58.4	GCA_036927375.1_ASM3692737v1_genomic
AT1G11270	CM072600.1	99.455	4957	26	1	380	5335	16093322	16098278	0	9003	GCA_036927375.1_ASM3692737v1_genomic
AT1G11270	CM072600.1	99.773	441	1	0	4895	5335	16093321	16093761	0	809	GCA_036927375.1_ASM3692737v1_genomic
AT1G11270	CM072600.1	99.326	445	3	0	380	824	16097839	16098283	0	806	GCA_036927375.1_ASM3692737v1_genomic
AT1G11270	CM072597.1	99.567	1385	0	1	5336	6714	3815771	3817155	0	2519	GCA_036927375.1_ASM3692737v1_genomic
AT1G11270	CM072597.1	98.688	381	5	0	1	381	3815397	3815777	0	676	GCA_036927375.1_ASM3692737v1_genomic
AT1G11270	CM072597.1	90.406	271	16	4	552	820	18027765	18028027	1.26e-93	348	GCA_036927375.1_ASM3692737v1_genomic
AT1G11270	CM072597.1	90.637	267	16	3	5068	5333	18027765	18028023	4.52e-93	346	GCA_036927375.1_ASM3692737v1_genomic
AT1G11270	CM072597.1	92.593	189	13	1	376	564	18027238	18027425	2.8e-70	270	GCA_036927375.1_ASM3692737v1_genomic
AT1G11270	CM072597.1	92.973	185	12	1	4896	5080	18027242	18027425	1.01e-69	268	GCA_036927375.1_ASM3692737v1_genomic
AT1G11270	CM072598.1	83.167	1105	158	15	3452	4552	2786678	2787758	0	985	GCA_036927375.1_ASM3692737v1_genomic
AT1G11270	CM072598.1	99.091	440	4	0	4896	5335	1971294	1970855	0	791	GCA_036927375.1_ASM3692737v1_genomic
AT1G11270	CM072598.1	99.091	440	4	0	380	819	1971294	1970855	0	791	GCA_036927375.1_ASM3692737v1_genomic
AT1G11270	CM072598.1	85.042	361	50	4	1879	2237	15300601	15300243	1.25e-98	364	GCA_036927375.1_ASM3692737v1_genomic
AT1G11270	CM072591.1	99.516	4959	24	0	377	5335	3212184	3207226	0	9025	GCA_036927385.1_ASM3692738v1_genomic
AT1G11270	CM072591.1	99.475	4956	25	1	380	5335	16976102	16981056	0	9007	GCA_036927385.1_ASM3692738v1_genomic
AT1G11270	CM072591.1	99.545	440	2	0	4896	5335	3212181	3211742	0	802	GCA_036927385.1_ASM3692738v1_genomic
AT1G11270	CM072591.1	99.545	440	2	0	4896	5335	16976102	16976541	0	802	GCA_036927385.1_ASM3692738v1_genomic
AT1G11270	CM072591.1	99.099	444	4	0	380	823	3207665	3207222	0	798	GCA_036927385.1_ASM3692738v1_genomic
AT1G11270	CM072591.1	99.32	441	3	0	380	820	16980617	16981057	0	798	GCA_036927385.1_ASM3692738v1_genomic
AT1G11270	CM072587.1	99.274	4961	32	4	379	5338	27887111	27882154	0	8959	GCA_036927385.1_ASM3692738v1_genomic
AT1G11270	CM072587.1	98.971	4956	51	0	380	5335	7738047	7743002	0	8870	GCA_036927385.1_ASM3692738v1_genomic
AT1G11270	CM072587.1	98.734	948	11	1	5336	6283	3783702	3784648	0	1683	GCA_036927385.1_ASM3692738v1_genomic
AT1G11270	CM072587.1	99.545	440	2	0	380	819	27882596	27882157	0	802	GCA_036927385.1_ASM3692738v1_genomic
AT1G11270	CM072587.1	99.545	440	2	0	4896	5335	27887110	27886671	0	802	GCA_036927385.1_ASM3692738v1_genomic
AT1G11270	CM072587.1	99.091	440	4	0	380	819	7742563	7743002	0	791	GCA_036927385.1_ASM3692738v1_genomic
AT1G11270	CM072587.1	98.218	449	6	2	4888	5335	7735389	7735836	0	784	GCA_036927385.1_ASM3692738v1_genomic
AT1G11270	CM072587.1	98.639	441	4	2	380	819	7735397	7735836	0	780	GCA_036927385.1_ASM3692738v1_genomic
AT1G11270	CM072587.1	97.052	441	13	0	4895	5335	7738046	7738486	0	743	GCA_036927385.1_ASM3692738v1_genomic
AT1G11270	CM072587.1	99.213	381	3	0	1	381	3783328	3783708	0	688	GCA_036927385.1_ASM3692738v1_genomic
AT1G11270	CM072587.1	90.775	271	15	4	552	820	18829679	18829941	2.67e-95	353	GCA_036927385.1_ASM3692738v1_genomic
AT1G11270	CM072587.1	91.011	267	15	3	5068	5333	18829679	18829937	9.6e-95	351	GCA_036927385.1_ASM3692738v1_genomic
AT1G11270	CM072587.1	93.122	189	11	2	376	564	18829153	18829339	5.94e-72	276	GCA_036927385.1_ASM3692738v1_genomic
AT1G11270	CM072587.1	93.514	185	10	2	4896	5080	18829157	18829339	2.14e-71	274	GCA_036927385.1_ASM3692738v1_genomic
AT1G11270	CM072587.1	87.568	185	14	5	6360	6544	3784832	3785007	7.91e-51	206	GCA_036927385.1_ASM3692738v1_genomic
AT1G11270	CM072590.1	99.155	4973	37	5	372	5341	9358558	9353588	0	8946	GCA_036927385.1_ASM3692738v1_genomic
AT1G11270	CM072590.1	99.21	4810	38	0	526	5335	9955132	9959941	0	8672	GCA_036927385.1_ASM3692738v1_genomic
AT1G11270	CM072590.1	98.716	1635	10	3	379	2011	11210078	11211703	0	2892	GCA_036927385.1_ASM3692738v1_genomic
AT1G11270	CM072590.1	98.442	1027	6	2	4310	5335	11211695	11212712	0	1799	GCA_036927385.1_ASM3692738v1_genomic
AT1G11270	CM072590.1	99.095	442	3	1	4895	5335	9358553	9358112	0	793	GCA_036927385.1_ASM3692738v1_genomic
AT1G11270	CM072590.1	99.091	440	4	0	380	819	9959502	9959941	0	791	GCA_036927385.1_ASM3692738v1_genomic
AT1G11270	CM072590.1	98.866	441	4	1	380	819	9354035	9353595	0	785	GCA_036927385.1_ASM3692738v1_genomic
AT1G11270	CM072590.1	97.052	441	3	2	4896	5335	11210079	11210510	0	734	GCA_036927385.1_ASM3692738v1_genomic
AT1G11270	CM072590.1	97.052	441	3	2	380	819	11212281	11212712	0	734	GCA_036927385.1_ASM3692738v1_genomic
AT1G11270	CM072590.1	97.619	294	7	0	5042	5335	9955132	9955425	6.96e-141	505	GCA_036927385.1_ASM3692738v1_genomic
AT1G11270	CM072590.1	98.425	127	1	1	4895	5020	9955026	9955152	7.85e-56	222	GCA_036927385.1_ASM3692738v1_genomic
AT1G11270	CM072590.1	98.413	126	1	1	380	504	9955027	9955152	2.82e-55	220	GCA_036927385.1_ASM3692738v1_genomic
AT1G11270	CM072589.1	97.596	4701	83	6	380	5077	13251101	13255774	0	8028	GCA_036927385.1_ASM3692738v1_genomic
AT1G11270	CM072589.1	98.182	440	8	0	4896	5335	13251101	13251540	0	769	GCA_036927385.1_ASM3692738v1_genomic
AT1G11270	CM072589.1	95.982	224	8	1	5114	5336	13255766	13255989	4.43e-98	363	GCA_036927385.1_ASM3692738v1_genomic
AT1G11270	CM072589.1	95.964	223	8	1	598	819	13255766	13255988	1.59e-97	361	GCA_036927385.1_ASM3692738v1_genomic
AT1G11270	CM072589.1	97.802	182	4	0	380	561	13255593	13255774	1.26e-83	315	GCA_036927385.1_ASM3692738v1_genomic
AT1G11270	CM072588.1	82.986	1105	160	15	3452	4552	2792221	2793301	0	974	GCA_036927385.1_ASM3692738v1_genomic
AT1G11270	CM072588.1	85.596	361	48	4	1879	2237	17157209	17156851	5.69e-102	375	GCA_036927385.1_ASM3692738v1_genomic
AT1G11270	CM072584.1	99.334	4956	33	0	380	5335	27987441	27992396	0	8970	GCA_036927435.1_ASM3692743v1_genomic
AT1G11270	CM072584.1	98.974	4970	45	2	367	5335	34148	29184	0	8890	GCA_036927435.1_ASM3692743v1_genomic
AT1G11270	CM072584.1	97.419	4960	96	8	380	5336	13043929	13048859	0	8421	GCA_036927435.1_ASM3692743v1_genomic
AT1G11270	CM072584.1	99.32	441	3	0	380	820	27991957	27992397	0	798	GCA_036927435.1_ASM3692743v1_genomic
AT1G11270	CM072584.1	99.091	440	4	0	4896	5335	27987441	27987880	0	791	GCA_036927435.1_ASM3692743v1_genomic
AT1G11270	CM072584.1	98.402	438	7	0	382	819	29621	29184	0	771	GCA_036927435.1_ASM3692743v1_genomic
AT1G11270	CM072584.1	98.182	440	8	0	4896	5335	13043929	13044368	0	769	GCA_036927435.1_ASM3692743v1_genomic
AT1G11270	CM072584.1	98.144	431	8	0	4896	5326	34134	33704	0	752	GCA_036927435.1_ASM3692743v1_genomic
AT1G11270	CM072584.1	97.5	440	11	0	380	819	13048419	13048858	0	752	GCA_036927435.1_ASM3692743v1_genomic
AT1G11270	CM072582.1	99.234	4960	34	2	380	5335	4052037	4047078	0	8946	GCA_036927435.1_ASM3692743v1_genomic
AT1G11270	CM072582.1	99.213	4957	38	1	380	5336	23623657	23618702	0	8937	GCA_036927435.1_ASM3692743v1_genomic
AT1G11270	CM072582.1	99.092	4956	44	1	380	5335	21202246	21207200	0	8901	GCA_036927435.1_ASM3692743v1_genomic
AT1G11270	CM072582.1	99.578	948	3	1	5336	6283	3828355	3829301	0	1727	GCA_036927435.1_ASM3692743v1_genomic
AT1G11270	CM072582.1	99.091	440	4	0	380	819	23619142	23618703	0	791	GCA_036927435.1_ASM3692743v1_genomic
AT1G11270	CM072582.1	98.864	440	5	0	4896	5335	23623657	23623218	0	785	GCA_036927435.1_ASM3692743v1_genomic
AT1G11270	CM072582.1	98.42	443	5	1	4895	5335	4052038	4051596	0	778	GCA_036927435.1_ASM3692743v1_genomic
AT1G11270	CM072582.1	98.198	444	6	1	380	821	4047519	4047076	0	774	GCA_036927435.1_ASM3692743v1_genomic
AT1G11270	CM072582.1	97.959	441	9	0	4895	5335	21202245	21202685	0	765	GCA_036927435.1_ASM3692743v1_genomic
AT1G11270	CM072582.1	97.955	440	9	0	380	819	21206761	21207200	0	763	GCA_036927435.1_ASM3692743v1_genomic
AT1G11270	CM072582.1	97.375	381	10	0	1	381	3827981	3828361	0	649	GCA_036927435.1_ASM3692743v1_genomic
AT1G11270	CM072582.1	90.775	271	15	4	552	820	20427193	20427455	2.78e-95	353	GCA_036927435.1_ASM3692743v1_genomic
AT1G11270	CM072582.1	91.011	267	15	3	5068	5333	20427193	20427451	1e-94	351	GCA_036927435.1_ASM3692743v1_genomic
AT1G11270	CM072582.1	92.593	189	13	1	376	564	20426666	20426853	2.88e-70	270	GCA_036927435.1_ASM3692743v1_genomic
AT1G11270	CM072582.1	92.973	185	12	1	4896	5080	20426670	20426853	1.04e-69	268	GCA_036927435.1_ASM3692743v1_genomic
AT1G11270	CM072582.1	87.568	185	14	5	6360	6544	3829488	3829663	8.25e-51	206	GCA_036927435.1_ASM3692743v1_genomic
AT1G11270	CM072585.1	99.213	4956	39	0	380	5335	15646053	15641098	0	8937	GCA_036927435.1_ASM3692743v1_genomic
AT1G11270	CM072585.1	99.093	4961	41	2	380	5336	18778177	18773217	0	8909	GCA_036927435.1_ASM3692743v1_genomic
AT1G11270	CM072585.1	98.639	441	6	0	380	820	15641537	15641097	0	782	GCA_036927435.1_ASM3692743v1_genomic
AT1G11270	CM072585.1	98.643	442	4	1	380	819	18773659	18773218	0	782	GCA_036927435.1_ASM3692743v1_genomic
AT1G11270	CM072585.1	98.643	442	4	1	4896	5335	18778177	18777736	0	782	GCA_036927435.1_ASM3692743v1_genomic
AT1G11270	CM072585.1	98.636	440	6	0	4896	5335	15646053	15645614	0	780	GCA_036927435.1_ASM3692743v1_genomic
AT1G11270	CM072583.1	99.213	4956	39	0	380	5335	1842416	1847371	0	8937	GCA_036927435.1_ASM3692743v1_genomic
AT1G11270	CM072583.1	82.353	1105	155	19	3452	4552	2742841	2743909	0	924	GCA_036927435.1_ASM3692743v1_genomic
AT1G11270	CM072583.1	82.278	1106	155	19	3452	4552	2725679	2726748	0	918	GCA_036927435.1_ASM3692743v1_genomic
AT1G11270	CM072583.1	98.649	444	6	0	380	823	1846932	1847375	0	787	GCA_036927435.1_ASM3692743v1_genomic
AT1G11270	CM072583.1	98.182	440	8	0	4896	5335	1842416	1842855	0	769	GCA_036927435.1_ASM3692743v1_genomic
AT1G11270	CM072583.1	84.929	491	61	8	4623	5104	2726763	2727249	9.46e-135	484	GCA_036927435.1_ASM3692743v1_genomic
AT1G11270	CM072583.1	84.725	491	62	8	4623	5104	2743924	2744410	4.4e-133	479	GCA_036927435.1_ASM3692743v1_genomic
AT1G11270	CM072583.1	85.319	361	49	4	1879	2237	17025135	17024777	2.76e-100	370	GCA_036927435.1_ASM3692743v1_genomic
AT1G11270	CM072583.1	89.252	214	16	6	380	588	2727038	2727249	1.74e-67	261	GCA_036927435.1_ASM3692743v1_genomic
AT1G11270	CM072583.1	89.252	214	16	6	380	588	2744199	2744410	1.74e-67	261	GCA_036927435.1_ASM3692743v1_genomic
AT1G11270	CM072586.1	99.133	4960	38	3	380	5335	18104479	18109437	0	8916	GCA_036927435.1_ASM3692743v1_genomic
AT1G11270	CM072586.1	98.206	446	6	1	4892	5335	18104475	18104920	0	778	GCA_036927435.1_ASM3692743v1_genomic
AT1G11270	CM072586.1	98.416	442	4	2	380	819	18108997	18109437	0	774	GCA_036927435.1_ASM3692743v1_genomic
AT1G11270	CM072571.1	99.274	4961	31	3	380	5335	17914097	17919057	0	8957	GCA_036927455.1_ASM3692745v1_genomic
AT1G11270	CM072571.1	99.254	4960	32	3	380	5335	5345882	5350840	0	8949	GCA_036927455.1_ASM3692745v1_genomic
AT1G11270	CM072571.1	98.991	4957	45	5	380	5335	1499999	1504951	0	8872	GCA_036927455.1_ASM3692745v1_genomic
AT1G11270	CM072571.1	98.869	442	3	1	4896	5335	5345882	5346323	0	787	GCA_036927455.1_ASM3692745v1_genomic
AT1G11270	CM072571.1	97.807	456	7	2	380	833	17918616	17919070	0	784	GCA_036927455.1_ASM3692745v1_genomic
AT1G11270	CM072571.1	98.206	446	6	1	4892	5335	17914093	17914538	0	778	GCA_036927455.1_ASM3692745v1_genomic
AT1G11270	CM072571.1	98.19	442	6	1	380	819	5350399	5350840	0	771	GCA_036927455.1_ASM3692745v1_genomic
AT1G11270	CM072571.1	97.959	441	9	0	380	820	1504512	1504952	0	765	GCA_036927455.1_ASM3692745v1_genomic
AT1G11270	CM072571.1	97.706	436	9	1	4896	5330	1499999	1500434	0	749	GCA_036927455.1_ASM3692745v1_genomic
AT1G11270	CM072569.1	99.253	4956	37	0	380	5335	28347048	28352003	0	8948	GCA_036927455.1_ASM3692745v1_genomic
AT1G11270	CM072569.1	98.854	4974	47	9	367	5335	33513	28545	0	8861	GCA_036927455.1_ASM3692745v1_genomic
AT1G11270	CM072569.1	97.419	4960	96	8	380	5336	13049505	13054435	0	8421	GCA_036927455.1_ASM3692745v1_genomic
AT1G11270	CM072569.1	99.093	441	4	0	380	820	28351564	28352004	0	793	GCA_036927455.1_ASM3692745v1_genomic
AT1G11270	CM072569.1	99.091	440	4	0	4896	5335	28347048	28347487	0	791	GCA_036927455.1_ASM3692745v1_genomic
AT1G11270	CM072569.1	98.409	440	7	0	4896	5335	33499	33060	0	774	GCA_036927455.1_ASM3692745v1_genomic
AT1G11270	CM072569.1	98.182	440	8	0	380	819	28984	28545	0	769	GCA_036927455.1_ASM3692745v1_genomic
AT1G11270	CM072569.1	98.182	440	8	0	4896	5335	13049505	13049944	0	769	GCA_036927455.1_ASM3692745v1_genomic
AT1G11270	CM072569.1	97.5	440	11	0	380	819	13053995	13054434	0	752	GCA_036927455.1_ASM3692745v1_genomic
AT1G11270	CM072568.1	99.233	4956	38	0	380	5335	1848095	1853050	0	8942	GCA_036927455.1_ASM3692745v1_genomic
AT1G11270	CM072568.1	99.072	4956	46	0	380	5335	13103102	13108057	0	8898	GCA_036927455.1_ASM3692745v1_genomic
AT1G11270	CM072568.1	98.992	4961	41	7	380	5335	5052041	5047085	0	8876	GCA_036927455.1_ASM3692745v1_genomic
AT1G11270	CM072568.1	82.443	1105	152	21	3452	4552	2743189	2744255	0	928	GCA_036927455.1_ASM3692745v1_genomic
AT1G11270	CM072568.1	82.007	1106	158	19	3452	4552	2726039	2727108	0	902	GCA_036927455.1_ASM3692745v1_genomic
AT1G11270	CM072568.1	98.874	444	3	1	4894	5335	5052043	5051600	0	791	GCA_036927455.1_ASM3692745v1_genomic
AT1G11270	CM072568.1	98.649	444	6	0	380	823	1852611	1853054	0	787	GCA_036927455.1_ASM3692745v1_genomic
AT1G11270	CM072568.1	98.655	446	3	2	380	822	5047526	5047081	0	787	GCA_036927455.1_ASM3692745v1_genomic
AT1G11270	CM072568.1	98.409	440	7	0	4896	5335	13103102	13103541	0	774	GCA_036927455.1_ASM3692745v1_genomic
AT1G11270	CM072568.1	98.409	440	7	0	380	819	13107618	13108057	0	774	GCA_036927455.1_ASM3692745v1_genomic
AT1G11270	CM072568.1	98.182	440	8	0	4896	5335	1848095	1848534	0	769	GCA_036927455.1_ASM3692745v1_genomic
AT1G11270	CM072568.1	84.929	491	61	8	4623	5104	2727123	2727609	9.39e-135	484	GCA_036927455.1_ASM3692745v1_genomic
AT1G11270	CM072568.1	84.929	491	61	8	4623	5104	2744270	2744756	9.39e-135	484	GCA_036927455.1_ASM3692745v1_genomic
AT1G11270	CM072568.1	85.319	361	49	4	1879	2237	17555577	17555219	2.74e-100	370	GCA_036927455.1_ASM3692745v1_genomic
AT1G11270	CM072568.1	89.252	214	16	6	380	588	2727398	2727609	1.72e-67	261	GCA_036927455.1_ASM3692745v1_genomic
AT1G11270	CM072568.1	89.252	214	16	6	380	588	2744545	2744756	1.72e-67	261	GCA_036927455.1_ASM3692745v1_genomic
AT1G11270	CM072570.1	99.153	4961	37	3	380	5336	20081545	20076586	0	8924	GCA_036927455.1_ASM3692745v1_genomic
AT1G11270	CM072570.1	98.643	442	4	1	4896	5335	20081545	20081104	0	782	GCA_036927455.1_ASM3692745v1_genomic
AT1G11270	CM072570.1	98.416	442	5	1	380	819	20077028	20076587	0	776	GCA_036927455.1_ASM3692745v1_genomic
AT1G11270	CM072567.1	99.578	948	3	1	5336	6283	3805088	3806034	0	1727	GCA_036927455.1_ASM3692745v1_genomic
AT1G11270	CM072567.1	93.318	449	26	3	372	819	22556188	22556633	0	660	GCA_036927455.1_ASM3692745v1_genomic
AT1G11270	CM072567.1	93.483	445	26	2	4896	5339	22556195	22556637	0	658	GCA_036927455.1_ASM3692745v1_genomic
AT1G11270	CM072567.1	97.375	381	10	0	1	381	3804714	3805094	0	649	GCA_036927455.1_ASM3692745v1_genomic
AT1G11270	CM072567.1	90.775	271	15	4	552	820	17860505	17860767	2.76e-95	353	GCA_036927455.1_ASM3692745v1_genomic
AT1G11270	CM072567.1	91.011	267	15	3	5068	5333	17860505	17860763	9.93e-95	351	GCA_036927455.1_ASM3692745v1_genomic
AT1G11270	CM072567.1	92.063	189	14	1	376	564	17859978	17860165	1.33e-68	265	GCA_036927455.1_ASM3692745v1_genomic
AT1G11270	CM072567.1	92.432	185	13	1	4896	5080	17859982	17860165	4.79e-68	263	GCA_036927455.1_ASM3692745v1_genomic
AT1G11270	CM072567.1	87.568	185	14	5	6360	6544	3806221	3806396	8.18e-51	206	GCA_036927455.1_ASM3692745v1_genomic
AT1G11270	CM072563.1	99.234	4960	32	4	380	5335	1388189	1393146	0	8944	GCA_036927475.1_ASM3692747v1_genomic
AT1G11270	CM072563.1	99.213	4956	39	0	380	5335	1856886	1861841	0	8937	GCA_036927475.1_ASM3692747v1_genomic
AT1G11270	CM072563.1	99.213	4956	37	2	380	5335	13198600	13203553	0	8935	GCA_036927475.1_ASM3692747v1_genomic
AT1G11270	CM072563.1	82.262	1105	155	20	3452	4552	2767619	2768686	0	917	GCA_036927475.1_ASM3692747v1_genomic
AT1G11270	CM072563.1	98.869	442	3	1	4896	5335	1388189	1388630	0	787	GCA_036927475.1_ASM3692747v1_genomic
AT1G11270	CM072563.1	98.869	442	3	1	380	819	1392705	1393146	0	787	GCA_036927475.1_ASM3692747v1_genomic
AT1G11270	CM072563.1	98.649	444	6	0	380	823	1861402	1861845	0	787	GCA_036927475.1_ASM3692747v1_genomic
AT1G11270	CM072563.1	98.409	440	7	0	4896	5335	13198600	13199039	0	774	GCA_036927475.1_ASM3692747v1_genomic
AT1G11270	CM072563.1	98.409	440	7	0	380	819	13203114	13203553	0	774	GCA_036927475.1_ASM3692747v1_genomic
AT1G11270	CM072563.1	98.182	440	8	0	4896	5335	1856886	1857325	0	769	GCA_036927475.1_ASM3692747v1_genomic
AT1G11270	CM072563.1	84.929	491	61	8	4623	5104	2768701	2769187	9.58e-135	484	GCA_036927475.1_ASM3692747v1_genomic
AT1G11270	CM072563.1	85.042	361	50	4	1879	2237	17651278	17650920	1.3e-98	364	GCA_036927475.1_ASM3692747v1_genomic
AT1G11270	CM072563.1	89.252	214	16	6	380	588	2768976	2769187	1.76e-67	261	GCA_036927475.1_ASM3692747v1_genomic
AT1G11270	CM072564.1	99.233	4956	38	0	380	5335	28539569	28544524	0	8942	GCA_036927475.1_ASM3692747v1_genomic
AT1G11270	CM072564.1	99.115	4970	42	2	367	5335	37591	32623	0	8933	GCA_036927475.1_ASM3692747v1_genomic
AT1G11270	CM072564.1	97.419	4960	96	8	380	5336	13051746	13056676	0	8421	GCA_036927475.1_ASM3692747v1_genomic
AT1G11270	CM072564.1	99.091	440	4	0	4896	5335	28539569	28540008	0	791	GCA_036927475.1_ASM3692747v1_genomic
AT1G11270	CM072564.1	98.866	441	5	0	380	820	28544085	28544525	0	787	GCA_036927475.1_ASM3692747v1_genomic
AT1G11270	CM072564.1	98.182	440	8	0	380	819	33062	32623	0	769	GCA_036927475.1_ASM3692747v1_genomic
AT1G11270	CM072564.1	98.182	440	8	0	4896	5335	37577	37138	0	769	GCA_036927475.1_ASM3692747v1_genomic
AT1G11270	CM072564.1	98.182	440	8	0	4896	5335	13051746	13052185	0	769	GCA_036927475.1_ASM3692747v1_genomic
AT1G11270	CM072564.1	97.5	440	11	0	380	819	13056236	13056675	0	752	GCA_036927475.1_ASM3692747v1_genomic
AT1G11270	CM072566.1	99.052	4960	43	2	380	5335	18981847	18986806	0	8896	GCA_036927475.1_ASM3692747v1_genomic
AT1G11270	CM072566.1	99.012	4960	42	5	380	5335	15939736	15944692	0	8881	GCA_036927475.1_ASM3692747v1_genomic
AT1G11270	CM072566.1	98.874	444	3	1	4894	5335	15939734	15940177	0	791	GCA_036927475.1_ASM3692747v1_genomic
AT1G11270	CM072566.1	98.655	446	3	2	380	822	15944251	15944696	0	787	GCA_036927475.1_ASM3692747v1_genomic
AT1G11270	CM072566.1	98.206	446	6	1	4892	5335	18981843	18982288	0	778	GCA_036927475.1_ASM3692747v1_genomic
AT1G11270	CM072566.1	98.19	442	6	1	380	819	18986365	18986806	0	771	GCA_036927475.1_ASM3692747v1_genomic
AT1G11270	CM072565.1	99.053	4962	36	9	380	5336	19632910	19627955	0	8892	GCA_036927475.1_ASM3692747v1_genomic
AT1G11270	CM072565.1	98.643	442	4	1	4896	5335	19632910	19632469	0	782	GCA_036927475.1_ASM3692747v1_genomic
AT1G11270	CM072565.1	98.416	442	5	1	380	819	19628397	19627956	0	776	GCA_036927475.1_ASM3692747v1_genomic
AT1G11270	CM072562.1	98.712	1397	0	1	5336	6714	3809150	3810546	0	2464	GCA_036927475.1_ASM3692747v1_genomic
AT1G11270	CM072562.1	99.213	381	3	0	1	381	3808776	3809156	0	688	GCA_036927475.1_ASM3692747v1_genomic
AT1G11270	CM072562.1	93.318	449	26	3	372	819	24436670	24437115	0	660	GCA_036927475.1_ASM3692747v1_genomic
AT1G11270	CM072562.1	93.483	445	26	2	4896	5339	24436677	24437119	0	658	GCA_036927475.1_ASM3692747v1_genomic
AT1G11270	CM072562.1	90.406	271	16	4	552	820	19680496	19680758	1.31e-93	348	GCA_036927475.1_ASM3692747v1_genomic
AT1G11270	CM072562.1	90.637	267	16	3	5068	5333	19680496	19680754	4.72e-93	346	GCA_036927475.1_ASM3692747v1_genomic
AT1G11270	CM072562.1	93.122	189	12	1	376	564	19679969	19680156	6.28e-72	276	GCA_036927475.1_ASM3692747v1_genomic
AT1G11270	CM072562.1	93.514	185	11	1	4896	5080	19679973	19680156	2.26e-71	274	GCA_036927475.1_ASM3692747v1_genomic
AT1G11270	CM072580.1	99.536	4956	23	0	380	5335	11496536	11501491	0	9025	GCA_036927485.1_ASM3692748v1_genomic
AT1G11270	CM072580.1	99.324	444	3	0	380	823	11501052	11501495	0	804	GCA_036927485.1_ASM3692748v1_genomic
AT1G11270	CM072580.1	99.545	440	2	0	4896	5335	11496536	11496975	0	802	GCA_036927485.1_ASM3692748v1_genomic
AT1G11270	CM072577.1	98.734	948	11	1	5336	6283	3771001	3771947	0	1683	GCA_036927485.1_ASM3692748v1_genomic
AT1G11270	CM072577.1	94.771	459	8	2	379	821	10165294	10165752	0	701	GCA_036927485.1_ASM3692748v1_genomic
AT1G11270	CM072577.1	94.737	456	8	2	4896	5335	10165295	10165750	0	695	GCA_036927485.1_ASM3692748v1_genomic
AT1G11270	CM072577.1	98.95	381	4	0	1	381	3770627	3771007	0	682	GCA_036927485.1_ASM3692748v1_genomic
AT1G11270	CM072577.1	90.037	271	17	4	552	820	19264498	19264760	6.09e-92	342	GCA_036927485.1_ASM3692748v1_genomic
AT1G11270	CM072577.1	90.262	267	17	3	5068	5333	19264498	19264756	2.19e-91	340	GCA_036927485.1_ASM3692748v1_genomic
AT1G11270	CM072577.1	91.534	189	15	1	376	564	19263971	19264158	6.31e-67	259	GCA_036927485.1_ASM3692748v1_genomic
AT1G11270	CM072577.1	91.892	185	14	1	4896	5080	19263975	19264158	2.27e-66	257	GCA_036927485.1_ASM3692748v1_genomic
AT1G11270	CM072577.1	87.568	185	14	5	6360	6544	3772131	3772306	8.34e-51	206	GCA_036927485.1_ASM3692748v1_genomic
AT1G11270	CM072578.1	82.081	1105	158	17	3452	4552	3398320	3399388	0	907	GCA_036927485.1_ASM3692748v1_genomic
AT1G11270	CM072578.1	98.639	441	5	1	4896	5335	2527432	2526992	0	780	GCA_036927485.1_ASM3692748v1_genomic
AT1G11270	CM072578.1	98.639	441	5	1	380	819	2527432	2526992	0	780	GCA_036927485.1_ASM3692748v1_genomic
AT1G11270	CM072578.1	86.601	306	39	2	1879	2183	17599561	17599257	2.83e-90	337	GCA_036927485.1_ASM3692748v1_genomic
AT1G11270	CM072572.1	99.617	4960	16	3	380	5336	9753976	9749017	0	9051	GCA_036927505.1_ASM3692750v1_genomic
AT1G11270	CM072572.1	99.516	4960	21	3	380	5336	8239257	8244216	0	9023	GCA_036927505.1_ASM3692750v1_genomic
AT1G11270	CM072572.1	99.052	4956	47	0	380	5335	7692553	7697508	0	8892	GCA_036927505.1_ASM3692750v1_genomic
AT1G11270	CM072572.1	100	993	0	0	5336	6328	3772368	3773360	0	1834	GCA_036927505.1_ASM3692750v1_genomic
AT1G11270	CM072572.1	99.773	441	0	1	4896	5335	9753976	9753536	0	808	GCA_036927505.1_ASM3692750v1_genomic
AT1G11270	CM072572.1	99.32	441	2	1	380	819	9749458	9749018	0	797	GCA_036927505.1_ASM3692750v1_genomic
AT1G11270	CM072572.1	99.091	440	4	0	380	819	7697069	7697508	0	791	GCA_036927505.1_ASM3692750v1_genomic
AT1G11270	CM072572.1	98.234	453	5	3	380	830	8243774	8244225	0	789	GCA_036927505.1_ASM3692750v1_genomic
AT1G11270	CM072572.1	98.869	442	4	1	4895	5335	8239256	8239697	0	787	GCA_036927505.1_ASM3692750v1_genomic
AT1G11270	CM072572.1	97.991	448	8	1	4888	5335	7689896	7690342	0	776	GCA_036927505.1_ASM3692750v1_genomic
AT1G11270	CM072572.1	98.409	440	6	1	380	819	7689904	7690342	0	773	GCA_036927505.1_ASM3692750v1_genomic
AT1G11270	CM072572.1	97.732	441	10	0	4895	5335	7692552	7692992	0	760	GCA_036927505.1_ASM3692750v1_genomic
AT1G11270	CM072572.1	99.752	403	1	0	6312	6714	3773382	3773784	0	739	GCA_036927505.1_ASM3692750v1_genomic
AT1G11270	CM072572.1	99.213	381	3	0	1	381	3771994	3772374	0	688	GCA_036927505.1_ASM3692750v1_genomic
AT1G11270	CM072572.1	90.775	271	15	4	552	820	19185390	19185652	2.69e-95	353	GCA_036927505.1_ASM3692750v1_genomic
AT1G11270	CM072572.1	91.011	267	15	3	5068	5333	19185390	19185648	9.67e-95	351	GCA_036927505.1_ASM3692750v1_genomic
AT1G11270	CM072572.1	94.18	189	10	1	376	564	19184863	19185050	2.77e-75	287	GCA_036927505.1_ASM3692750v1_genomic
AT1G11270	CM072572.1	94.595	185	9	1	4896	5080	19184867	19185050	9.95e-75	285	GCA_036927505.1_ASM3692750v1_genomic
AT1G11270	CM072576.1	99.617	4957	19	0	380	5336	29924212	29929168	0	9049	GCA_036927505.1_ASM3692750v1_genomic
AT1G11270	CM072576.1	99.476	4962	21	5	376	5335	28202649	28207607	0	9014	GCA_036927505.1_ASM3692750v1_genomic
AT1G11270	CM072576.1	99.435	4957	28	0	380	5336	696586	701542	0	8999	GCA_036927505.1_ASM3692750v1_genomic
AT1G11270	CM072576.1	99.213	4957	32	1	379	5335	21859325	21864274	0	8931	GCA_036927505.1_ASM3692750v1_genomic
AT1G11270	CM072576.1	99.773	440	1	0	380	819	29928728	29929167	0	808	GCA_036927505.1_ASM3692750v1_genomic
AT1G11270	CM072576.1	99.548	442	2	0	4894	5335	29924210	29924651	0	806	GCA_036927505.1_ASM3692750v1_genomic
AT1G11270	CM072576.1	99.545	440	2	0	4896	5335	696586	697025	0	802	GCA_036927505.1_ASM3692750v1_genomic
AT1G11270	CM072576.1	99.545	440	2	0	380	819	701102	701541	0	802	GCA_036927505.1_ASM3692750v1_genomic
AT1G11270	CM072576.1	99.545	440	2	0	380	819	21863835	21864274	0	802	GCA_036927505.1_ASM3692750v1_genomic
AT1G11270	CM072576.1	99.093	441	2	2	380	819	28207168	28207607	0	791	GCA_036927505.1_ASM3692750v1_genomic
AT1G11270	CM072576.1	98.869	442	3	2	4895	5335	28202651	28203091	0	787	GCA_036927505.1_ASM3692750v1_genomic
AT1G11270	CM072576.1	98.864	440	5	0	4896	5335	21859326	21859765	0	785	GCA_036927505.1_ASM3692750v1_genomic
AT1G11270	CM072576.1	100	31	0	0	4928	4958	28202714	28202684	2.36e-06	58.4	GCA_036927505.1_ASM3692750v1_genomic
AT1G11270	CM072576.1	100	31	0	0	412	442	28202714	28202684	2.36e-06	58.4	GCA_036927505.1_ASM3692750v1_genomic
AT1G11270	CM072576.1	100	31	0	0	4928	4958	28207230	28207200	2.36e-06	58.4	GCA_036927505.1_ASM3692750v1_genomic
AT1G11270	CM072576.1	100	31	0	0	412	442	28207230	28207200	2.36e-06	58.4	GCA_036927505.1_ASM3692750v1_genomic
AT1G11270	CM072573.1	99.536	4956	22	1	380	5335	20316849	20321803	0	9023	GCA_036927505.1_ASM3692750v1_genomic
AT1G11270	CM072573.1	83.439	1105	155	15	3452	4552	2984392	2985472	0	1002	GCA_036927505.1_ASM3692750v1_genomic
AT1G11270	CM072573.1	99.773	440	0	1	380	819	20321365	20321803	0	806	GCA_036927505.1_ASM3692750v1_genomic
AT1G11270	CM072573.1	99.318	440	3	0	4896	5335	20316849	20317288	0	797	GCA_036927505.1_ASM3692750v1_genomic
AT1G11270	CM072573.1	84.521	491	63	8	4623	5104	2985487	2985973	1.98e-131	473	GCA_036927505.1_ASM3692750v1_genomic
AT1G11270	CM072573.1	88.318	214	18	6	380	588	2985762	2985973	3.63e-64	250	GCA_036927505.1_ASM3692750v1_genomic
AT1G11270	CM072575.1	99.516	4956	23	1	380	5335	9347432	9342478	0	9018	GCA_036927505.1_ASM3692750v1_genomic
AT1G11270	CM072575.1	99.435	4958	26	2	380	5335	14292247	14287290	0	8999	GCA_036927505.1_ASM3692750v1_genomic
AT1G11270	CM072575.1	100	441	0	0	4895	5335	14292248	14291808	0	815	GCA_036927505.1_ASM3692750v1_genomic
AT1G11270	CM072575.1	99.318	440	3	0	380	819	9342917	9342478	0	797	GCA_036927505.1_ASM3692750v1_genomic
AT1G11270	CM072575.1	99.32	441	2	1	4895	5335	9347433	9346994	0	797	GCA_036927505.1_ASM3692750v1_genomic
AT1G11270	CM072575.1	98.879	446	4	1	380	824	14287730	14287285	0	795	GCA_036927505.1_ASM3692750v1_genomic
AT1G11270	CM072574.1	99.415	4960	29	0	377	5336	20646759	20651718	0	8999	GCA_036927505.1_ASM3692750v1_genomic
AT1G11270	CM072574.1	99.395	4958	26	4	380	5335	7394373	7389418	0	8986	GCA_036927505.1_ASM3692750v1_genomic
AT1G11270	CM072574.1	99.375	4958	28	3	379	5336	18460548	18455594	0	8981	GCA_036927505.1_ASM3692750v1_genomic
AT1G11270	CM072574.1	97.319	4961	99	9	380	5336	15849847	15844917	0	8394	GCA_036927505.1_ASM3692750v1_genomic
AT1G11270	CM072574.1	99.548	442	2	0	4894	5335	20646760	20647201	0	806	GCA_036927505.1_ASM3692750v1_genomic
AT1G11270	CM072574.1	99.545	440	2	0	4896	5335	18460547	18460108	0	802	GCA_036927505.1_ASM3692750v1_genomic
AT1G11270	CM072574.1	99.545	440	2	0	380	819	20651278	20651717	0	802	GCA_036927505.1_ASM3692750v1_genomic
AT1G11270	CM072574.1	99.545	440	1	1	380	819	18456033	18455595	0	800	GCA_036927505.1_ASM3692750v1_genomic
AT1G11270	CM072574.1	98.869	442	3	2	380	820	7389857	7389417	0	787	GCA_036927505.1_ASM3692750v1_genomic
AT1G11270	CM072574.1	98.866	441	3	2	4896	5335	7394373	7393934	0	785	GCA_036927505.1_ASM3692750v1_genomic
AT1G11270	CM072574.1	97.959	441	8	1	4896	5335	15849847	15849407	0	763	GCA_036927505.1_ASM3692750v1_genomic
AT1G11270	CM072574.1	97.273	440	12	0	380	819	15845357	15844918	0	747	GCA_036927505.1_ASM3692750v1_genomic
AT1G11270	CP137948.1	99.395	4956	29	1	380	5335	18796353	18801307	0	8985	GCA_036936705.1_ASM3693670v1_genomic
AT1G11270	CP137948.1	92.184	1369	94	8	3159	4526	16549427	16548071	0	1923	GCA_036936705.1_ASM3693670v1_genomic
AT1G11270	CP137948.1	93.604	813	51	1	4523	5335	16547908	16547097	0	1212	GCA_036936705.1_ASM3693670v1_genomic
AT1G11270	CP137948.1	94.218	761	32	7	380	1139	16547535	16546786	0	1151	GCA_036936705.1_ASM3693670v1_genomic
AT1G11270	CP137948.1	99.326	445	3	0	380	824	18800868	18801312	0	806	GCA_036936705.1_ASM3693670v1_genomic
AT1G11270	CP137948.1	99.32	441	3	0	4895	5335	18796352	18796792	0	798	GCA_036936705.1_ASM3693670v1_genomic
AT1G11270	CP137950.1	99.294	4959	33	2	380	5336	674687	669729	0	8962	GCA_036936705.1_ASM3693670v1_genomic
AT1G11270	CP137950.1	98.639	441	5	1	4896	5335	674687	674247	0	780	GCA_036936705.1_ASM3693670v1_genomic
AT1G11270	CP137950.1	98.186	441	7	1	380	819	670170	669730	0	769	GCA_036936705.1_ASM3693670v1_genomic
AT1G11270	CP137946.1	98.951	4956	52	0	380	5335	7683959	7688914	0	8865	GCA_036936705.1_ASM3693670v1_genomic
AT1G11270	CP137946.1	99.094	993	8	1	5336	6328	3795765	3796756	0	1783	GCA_036936705.1_ASM3693670v1_genomic
AT1G11270	CP137946.1	93.671	948	60	0	5336	6283	12966537	12967484	0	1419	GCA_036936705.1_ASM3693670v1_genomic
AT1G11270	CP137946.1	98.636	440	6	0	380	819	7688475	7688914	0	780	GCA_036936705.1_ASM3693670v1_genomic
AT1G11270	CP137946.1	97.991	448	8	1	4888	5335	7681302	7681748	0	776	GCA_036936705.1_ASM3693670v1_genomic
AT1G11270	CP137946.1	98.409	440	6	1	380	819	7681310	7681748	0	773	GCA_036936705.1_ASM3693670v1_genomic
AT1G11270	CP137946.1	97.052	441	13	0	4895	5335	7683958	7684398	0	743	GCA_036936705.1_ASM3693670v1_genomic
AT1G11270	CP137946.1	99.752	403	1	0	6312	6714	3796774	3797176	0	739	GCA_036936705.1_ASM3693670v1_genomic
AT1G11270	CP137946.1	99.213	381	3	0	1	381	3795391	3795771	0	688	GCA_036936705.1_ASM3693670v1_genomic
AT1G11270	CP137946.1	90.149	335	24	3	1	326	12966175	12966509	1.64e-117	427	GCA_036936705.1_ASM3693670v1_genomic
AT1G11270	CP137946.1	91.144	271	14	4	552	820	21494593	21494855	6.06e-97	359	GCA_036936705.1_ASM3693670v1_genomic
AT1G11270	CP137946.1	91.386	267	14	3	5068	5333	21494593	21494851	2.18e-96	357	GCA_036936705.1_ASM3693670v1_genomic
AT1G11270	CP137946.1	93.122	189	12	1	376	564	21494059	21494246	6.27e-72	276	GCA_036936705.1_ASM3693670v1_genomic
AT1G11270	CP137946.1	93.514	185	11	1	4896	5080	21494063	21494246	2.26e-71	274	GCA_036936705.1_ASM3693670v1_genomic
AT1G11270	CP137946.1	85.946	185	17	5	6360	6544	12967674	12967849	8.41e-46	189	GCA_036936705.1_ASM3693670v1_genomic
AT1G11270	CP137949.1	99.252	4810	35	1	526	5335	13729505	13734313	0	8682	GCA_036936705.1_ASM3693670v1_genomic
AT1G11270	CP137949.1	99.091	440	4	0	380	819	13733874	13734313	0	791	GCA_036936705.1_ASM3693670v1_genomic
AT1G11270	CP137949.1	99.315	292	2	0	5042	5333	13729505	13729796	4.36e-148	529	GCA_036936705.1_ASM3693670v1_genomic
AT1G11270	CP137949.1	98.425	127	1	1	4895	5020	13729399	13729525	8.29e-56	222	GCA_036936705.1_ASM3693670v1_genomic
AT1G11270	CP137949.1	98.413	126	1	1	380	504	13729400	13729525	2.98e-55	220	GCA_036936705.1_ASM3693670v1_genomic
AT1G11270	CP137947.1	82.986	1105	160	15	3452	4552	3336833	3337913	0	974	GCA_036936705.1_ASM3693670v1_genomic
AT1G11270	CP137947.1	85.596	361	48	4	1879	2237	17540859	17540501	6.01e-102	375	GCA_036936705.1_ASM3693670v1_genomic
AT1G11270	CP137951.1	99.577	4959	19	2	380	5336	8195474	8200432	0	9040	GCA_036936715.1_ASM3693671v1_genomic
AT1G11270	CP137951.1	99.057	1379	8	2	5336	6714	3782560	3783933	0	2470	GCA_036936715.1_ASM3693671v1_genomic
AT1G11270	CP137951.1	98.955	670	7	0	1690	2359	3360310	3359641	0	1199	GCA_036936715.1_ASM3693671v1_genomic
AT1G11270	CP137951.1	98.451	452	5	2	380	830	8199991	8200441	0	795	GCA_036936715.1_ASM3693671v1_genomic
AT1G11270	CP137951.1	99.095	442	3	1	4895	5335	8195473	8195914	0	793	GCA_036936715.1_ASM3693671v1_genomic
AT1G11270	CP137951.1	99.213	381	3	0	1	381	3782186	3782566	0	688	GCA_036936715.1_ASM3693671v1_genomic
AT1G11270	CP137951.1	93.541	449	21	6	372	819	24490206	24490647	0	662	GCA_036936715.1_ASM3693671v1_genomic
AT1G11270	CP137951.1	93.708	445	21	5	4896	5339	24490213	24490651	0	660	GCA_036936715.1_ASM3693671v1_genomic
AT1G11270	CP137951.1	91.144	271	14	4	552	820	19748205	19748467	5.95e-97	359	GCA_036936715.1_ASM3693671v1_genomic
AT1G11270	CP137951.1	91.386	267	14	3	5068	5333	19748205	19748463	2.14e-96	357	GCA_036936715.1_ASM3693671v1_genomic
AT1G11270	CP137951.1	93.122	189	12	1	376	564	19747678	19747865	6.17e-72	276	GCA_036936715.1_ASM3693671v1_genomic
AT1G11270	CP137951.1	93.514	185	11	1	4896	5080	19747682	19747865	2.22e-71	274	GCA_036936715.1_ASM3693671v1_genomic
AT1G11270	CP137951.1	99.174	121	1	0	5215	5335	3359654	3359534	1.05e-54	219	GCA_036936715.1_ASM3693671v1_genomic
AT1G11270	CP137951.1	99.174	121	1	0	699	819	3359654	3359534	1.05e-54	219	GCA_036936715.1_ASM3693671v1_genomic
AT1G11270	CP137954.1	99.576	4956	21	0	380	5335	9938147	9943102	0	9036	GCA_036936715.1_ASM3693671v1_genomic
AT1G11270	CP137954.1	99.324	444	3	0	380	823	9942663	9943106	0	804	GCA_036936715.1_ASM3693671v1_genomic
AT1G11270	CP137954.1	99.545	440	2	0	4896	5335	9938147	9938586	0	802	GCA_036936715.1_ASM3693671v1_genomic
AT1G11270	CP137954.1	98.876	445	4	1	376	819	1945688	1946132	0	793	GCA_036936715.1_ASM3693671v1_genomic
AT1G11270	CP137954.1	98.874	444	4	1	4896	5339	1945693	1946135	0	791	GCA_036936715.1_ASM3693671v1_genomic
AT1G11270	CP137953.1	99.576	4956	21	0	380	5335	19257692	19252737	0	9036	GCA_036936715.1_ASM3693671v1_genomic
AT1G11270	CP137953.1	98.432	4976	58	2	380	5335	18216119	18221094	0	8739	GCA_036936715.1_ASM3693671v1_genomic
AT1G11270	CP137953.1	97.505	4649	85	7	380	5023	13560147	13564769	0	7914	GCA_036936715.1_ASM3693671v1_genomic
AT1G11270	CP137953.1	99.32	441	3	0	380	820	19253176	19252736	0	798	GCA_036936715.1_ASM3693671v1_genomic
AT1G11270	CP137953.1	99.32	441	3	0	4895	5335	19257693	19257253	0	798	GCA_036936715.1_ASM3693671v1_genomic
AT1G11270	CP137953.1	98.409	440	7	0	4896	5335	13560147	13560586	0	774	GCA_036936715.1_ASM3693671v1_genomic
AT1G11270	CP137953.1	96.444	450	6	1	380	819	18220645	18221094	0	734	GCA_036936715.1_ASM3693671v1_genomic
AT1G11270	CP137953.1	96.222	450	7	1	4896	5335	18216119	18216568	0	728	GCA_036936715.1_ASM3693671v1_genomic
AT1G11270	CP137953.1	94.671	319	11	4	5024	5336	13564721	13565039	2.02e-136	490	GCA_036936715.1_ASM3693671v1_genomic
AT1G11270	CP137953.1	94.654	318	11	4	508	819	13564721	13565038	7.28e-136	488	GCA_036936715.1_ASM3693671v1_genomic
AT1G11270	CP137953.1	96.124	129	4	1	380	507	13564641	13564769	6.34e-52	209	GCA_036936715.1_ASM3693671v1_genomic
AT1G11270	CP137952.1	99.374	4956	31	0	380	5335	782102	777147	0	8981	GCA_036936715.1_ASM3693671v1_genomic
AT1G11270	CP137952.1	99.233	4956	37	1	380	5335	605957	610911	0	8940	GCA_036936715.1_ASM3693671v1_genomic
AT1G11270	CP137952.1	83.348	1105	156	15	3452	4552	2773077	2774157	0	996	GCA_036936715.1_ASM3693671v1_genomic
AT1G11270	CP137952.1	99.545	440	2	0	380	819	777586	777147	0	802	GCA_036936715.1_ASM3693671v1_genomic
AT1G11270	CP137952.1	99.318	440	3	0	4896	5335	782102	781663	0	797	GCA_036936715.1_ASM3693671v1_genomic
AT1G11270	CP137952.1	98.639	441	6	0	4895	5335	605956	606396	0	782	GCA_036936715.1_ASM3693671v1_genomic
AT1G11270	CP137952.1	97.732	441	10	0	380	820	610472	610912	0	760	GCA_036936715.1_ASM3693671v1_genomic
AT1G11270	CP137952.1	84.521	491	63	8	4623	5104	2774172	2774658	2.04e-131	473	GCA_036936715.1_ASM3693671v1_genomic
AT1G11270	CP137952.1	85.873	361	47	4	1879	2237	16683030	16682672	1.27e-103	381	GCA_036936715.1_ASM3693671v1_genomic
AT1G11270	CP137952.1	88.318	214	18	6	380	588	2774447	2774658	3.74e-64	250	GCA_036936715.1_ASM3693671v1_genomic
AT1G11270	CP137958.1	99.438	4983	21	7	359	5335	20585349	20580368	0	9040	GCA_036936845.1_ASM3693684v1_genomic
AT1G11270	CP137958.1	99.576	4956	21	0	380	5335	22591404	22596359	0	9036	GCA_036936845.1_ASM3693684v1_genomic
AT1G11270	CP137958.1	99.516	4958	19	5	380	5335	6297782	6292828	0	9018	GCA_036936845.1_ASM3693684v1_genomic
AT1G11270	CP137958.1	99.476	4958	22	4	380	5335	21091903	21096858	0	9009	GCA_036936845.1_ASM3693684v1_genomic
AT1G11270	CP137958.1	99.054	4967	47	0	372	5338	26081631	26076665	0	8913	GCA_036936845.1_ASM3693684v1_genomic
AT1G11270	CP137958.1	99.112	4957	44	0	380	5336	26338481	26333525	0	8911	GCA_036936845.1_ASM3693684v1_genomic
AT1G11270	CP137958.1	100	441	0	0	380	820	22595920	22596360	0	815	GCA_036936845.1_ASM3693684v1_genomic
AT1G11270	CP137958.1	99.773	441	1	0	4895	5335	22591403	22591843	0	809	GCA_036936845.1_ASM3693684v1_genomic
AT1G11270	CP137958.1	99.321	442	1	2	380	820	21096419	21096859	0	798	GCA_036936845.1_ASM3693684v1_genomic
AT1G11270	CP137958.1	98.667	450	4	2	380	827	20580809	20580360	0	797	GCA_036936845.1_ASM3693684v1_genomic
AT1G11270	CP137958.1	99.097	443	2	2	4895	5335	20585328	20584886	0	795	GCA_036936845.1_ASM3693684v1_genomic
AT1G11270	CP137958.1	99.093	441	2	2	380	819	6293267	6292828	0	791	GCA_036936845.1_ASM3693684v1_genomic
AT1G11270	CP137958.1	99.093	441	2	2	4896	5335	6297782	6297343	0	791	GCA_036936845.1_ASM3693684v1_genomic
AT1G11270	CP137958.1	99.093	441	2	2	4896	5335	21091903	21092342	0	791	GCA_036936845.1_ASM3693684v1_genomic
AT1G11270	CP137958.1	98.409	440	7	0	380	819	26333965	26333526	0	774	GCA_036936845.1_ASM3693684v1_genomic
AT1G11270	CP137958.1	98.409	440	7	0	4896	5335	26338481	26338042	0	774	GCA_036936845.1_ASM3693684v1_genomic
AT1G11270	CP137958.1	98.186	441	8	0	4895	5335	26081624	26081184	0	771	GCA_036936845.1_ASM3693684v1_genomic
AT1G11270	CP137958.1	98.182	440	8	0	380	819	26077107	26076668	0	769	GCA_036936845.1_ASM3693684v1_genomic
AT1G11270	CP137958.1	100	31	0	0	412	442	6293205	6293235	2.46e-06	58.4	GCA_036936845.1_ASM3693684v1_genomic
AT1G11270	CP137958.1	100	31	0	0	4928	4958	6293205	6293235	2.46e-06	58.4	GCA_036936845.1_ASM3693684v1_genomic
AT1G11270	CP137958.1	100	31	0	0	412	442	6297720	6297750	2.46e-06	58.4	GCA_036936845.1_ASM3693684v1_genomic
AT1G11270	CP137958.1	100	31	0	0	4928	4958	6297720	6297750	2.46e-06	58.4	GCA_036936845.1_ASM3693684v1_genomic
AT1G11270	CP137960.1	99.516	4956	24	0	380	5335	1621729	1616774	0	9020	GCA_036936845.1_ASM3693684v1_genomic
AT1G11270	CP137960.1	99.516	4956	24	0	380	5335	17565263	17570218	0	9020	GCA_036936845.1_ASM3693684v1_genomic
AT1G11270	CP137960.1	99.456	4962	22	5	376	5335	29123905	29128863	0	9009	GCA_036936845.1_ASM3693684v1_genomic
AT1G11270	CP137960.1	99.254	4957	30	1	379	5335	22807745	22812694	0	8942	GCA_036936845.1_ASM3693684v1_genomic
AT1G11270	CP137960.1	99.213	4958	19	4	380	5335	7347313	7342374	0	8922	GCA_036936845.1_ASM3693684v1_genomic
AT1G11270	CP137960.1	99.546	441	2	0	380	820	17569779	17570219	0	804	GCA_036936845.1_ASM3693684v1_genomic
AT1G11270	CP137960.1	99.545	440	2	0	4896	5335	17565263	17565702	0	802	GCA_036936845.1_ASM3693684v1_genomic
AT1G11270	CP137960.1	99.545	440	2	0	380	819	22812255	22812694	0	802	GCA_036936845.1_ASM3693684v1_genomic
AT1G11270	CP137960.1	99.32	441	3	0	380	820	1617213	1616773	0	798	GCA_036936845.1_ASM3693684v1_genomic
AT1G11270	CP137960.1	99.32	441	3	0	4895	5335	1621730	1621290	0	798	GCA_036936845.1_ASM3693684v1_genomic
AT1G11270	CP137960.1	99.318	440	3	0	4896	5335	22807746	22808185	0	797	GCA_036936845.1_ASM3693684v1_genomic
AT1G11270	CP137960.1	99.093	441	2	2	380	819	29128424	29128863	0	791	GCA_036936845.1_ASM3693684v1_genomic
AT1G11270	CP137960.1	98.869	442	3	2	4895	5335	29123907	29124347	0	787	GCA_036936845.1_ASM3693684v1_genomic
AT1G11270	CP137960.1	97.052	441	3	2	380	819	7342805	7342374	0	734	GCA_036936845.1_ASM3693684v1_genomic
AT1G11270	CP137960.1	97.052	441	3	2	4896	5335	7347313	7346882	0	734	GCA_036936845.1_ASM3693684v1_genomic
AT1G11270	CP137960.1	100	31	0	0	4928	4958	29123970	29123940	2.46e-06	58.4	GCA_036936845.1_ASM3693684v1_genomic
AT1G11270	CP137960.1	100	31	0	0	412	442	29123970	29123940	2.46e-06	58.4	GCA_036936845.1_ASM3693684v1_genomic
AT1G11270	CP137960.1	100	31	0	0	4928	4958	29128486	29128456	2.46e-06	58.4	GCA_036936845.1_ASM3693684v1_genomic
AT1G11270	CP137960.1	100	31	0	0	412	442	29128486	29128456	2.46e-06	58.4	GCA_036936845.1_ASM3693684v1_genomic
AT1G11270	CP137959.1	99.476	4962	22	4	378	5335	16240808	16235847	0	9016	GCA_036936845.1_ASM3693684v1_genomic
AT1G11270	CP137959.1	98.643	442	4	2	380	819	16236288	16235847	0	782	GCA_036936845.1_ASM3693684v1_genomic
AT1G11270	CP137959.1	98.643	442	4	2	4896	5335	16240806	16240365	0	782	GCA_036936845.1_ASM3693684v1_genomic
AT1G11270	CP137956.1	99.455	4958	25	2	380	5335	7709992	7705035	0	9005	GCA_036936845.1_ASM3693684v1_genomic
AT1G11270	CP137956.1	98.73	4961	33	6	378	5336	31713757	31718689	0	8785	GCA_036936845.1_ASM3693684v1_genomic
AT1G11270	CP137956.1	98.792	2814	34	0	380	3193	7680882	7683695	0	5009	GCA_036936845.1_ASM3693684v1_genomic
AT1G11270	CP137956.1	99.064	2779	26	0	2557	5335	7683692	7686470	0	4988	GCA_036936845.1_ASM3693684v1_genomic
AT1G11270	CP137956.1	97.353	1398	15	4	5336	6714	3771179	3772573	0	2357	GCA_036936845.1_ASM3693684v1_genomic
AT1G11270	CP137956.1	99.32	441	2	1	380	819	7705475	7705035	0	797	GCA_036936845.1_ASM3693684v1_genomic
AT1G11270	CP137956.1	99.32	441	2	1	4896	5335	7709992	7709552	0	797	GCA_036936845.1_ASM3693684v1_genomic
AT1G11270	CP137956.1	98.866	441	4	1	380	819	31718248	31718688	0	785	GCA_036936845.1_ASM3693684v1_genomic
AT1G11270	CP137956.1	98.214	448	7	1	4888	5335	7678225	7678671	0	782	GCA_036936845.1_ASM3693684v1_genomic
AT1G11270	CP137956.1	98.636	440	6	0	380	819	7686031	7686470	0	780	GCA_036936845.1_ASM3693684v1_genomic
AT1G11270	CP137956.1	98.636	440	5	1	380	819	7678233	7678671	0	778	GCA_036936845.1_ASM3693684v1_genomic
AT1G11270	CP137956.1	97.732	441	7	3	4896	5335	31713759	31714197	0	756	GCA_036936845.1_ASM3693684v1_genomic
AT1G11270	CP137956.1	97.279	441	12	0	4895	5335	7680881	7681321	0	749	GCA_036936845.1_ASM3693684v1_genomic
AT1G11270	CP137956.1	97.638	381	9	0	1	381	3770805	3771185	0	654	GCA_036936845.1_ASM3693684v1_genomic
AT1G11270	CP137956.1	91.144	271	14	4	552	820	19335235	19335497	6.02e-97	359	GCA_036936845.1_ASM3693684v1_genomic
AT1G11270	CP137956.1	91.386	267	14	3	5068	5333	19335235	19335493	2.17e-96	357	GCA_036936845.1_ASM3693684v1_genomic
AT1G11270	CP137956.1	93.122	189	12	1	376	564	19334712	19334899	6.24e-72	276	GCA_036936845.1_ASM3693684v1_genomic
AT1G11270	CP137956.1	93.514	185	11	1	4896	5080	19334716	19334899	2.24e-71	274	GCA_036936845.1_ASM3693684v1_genomic
AT1G11270	CP137957.1	99.593	3191	10	3	2146	5335	16303070	16299882	0	5818	GCA_036936845.1_ASM3693684v1_genomic
AT1G11270	CP137957.1	99.461	557	3	0	611	1167	16303608	16303052	0	1013	GCA_036936845.1_ASM3693684v1_genomic
AT1G11270	CP137957.1	83.348	1105	156	15	3452	4552	2910239	2911319	0	996	GCA_036936845.1_ASM3693684v1_genomic
AT1G11270	CP137957.1	99.32	441	1	2	380	819	16300321	16299882	0	797	GCA_036936845.1_ASM3693684v1_genomic
AT1G11270	CP137957.1	84.521	491	63	8	4623	5104	2911334	2911820	2.06e-131	473	GCA_036936845.1_ASM3693684v1_genomic
AT1G11270	CP137957.1	100	209	0	0	5127	5335	16303608	16303400	2.76e-105	387	GCA_036936845.1_ASM3693684v1_genomic
AT1G11270	CP137957.1	88.318	214	18	6	380	588	2911609	2911820	3.78e-64	250	GCA_036936845.1_ASM3693684v1_genomic
AT1G11270	CP137957.1	100	31	0	0	412	442	16300259	16300289	2.46e-06	58.4	GCA_036936845.1_ASM3693684v1_genomic
AT1G11270	CP137957.1	100	31	0	0	4928	4958	16300259	16300289	2.46e-06	58.4	GCA_036936845.1_ASM3693684v1_genomic
AT1G11270	CP137964.1	99.637	4958	17	1	379	5335	1301309	1306266	0	9055	GCA_036936885.1_ASM3693688v1_genomic
AT1G11270	CP137964.1	99.637	4956	18	0	380	5335	13174373	13179328	0	9053	GCA_036936885.1_ASM3693688v1_genomic
AT1G11270	CP137964.1	99.23	4937	35	3	408	5341	12603100	12598164	0	8903	GCA_036936885.1_ASM3693688v1_genomic
AT1G11270	CP137964.1	100	441	0	0	380	820	13178889	13179329	0	815	GCA_036936885.1_ASM3693688v1_genomic
AT1G11270	CP137964.1	99.773	440	1	0	4896	5335	13174373	13174812	0	808	GCA_036936885.1_ASM3693688v1_genomic
AT1G11270	CP137964.1	99.546	441	2	0	380	820	1305827	1306267	0	804	GCA_036936885.1_ASM3693688v1_genomic
AT1G11270	CP137964.1	99.545	440	2	0	4896	5335	1301310	1301749	0	802	GCA_036936885.1_ASM3693688v1_genomic
AT1G11270	CP137964.1	98.866	441	4	1	380	819	12598611	12598171	0	785	GCA_036936885.1_ASM3693688v1_genomic
AT1G11270	CP137964.1	98.789	413	4	1	4924	5335	12603100	12602688	0	734	GCA_036936885.1_ASM3693688v1_genomic
AT1G11270	CP137963.1	97.794	2176	41	2	3161	5336	13230390	13232558	0	3746	GCA_036936885.1_ASM3693688v1_genomic
AT1G11270	CP137963.1	96.818	440	14	0	380	819	13232118	13232557	0	736	GCA_036936885.1_ASM3693688v1_genomic
AT1G11270	CP137961.1	97.787	1401	8	2	5336	6714	3806824	3808223	0	2394	GCA_036936885.1_ASM3693688v1_genomic
AT1G11270	CP137961.1	99.213	381	3	0	1	381	3806450	3806830	0	688	GCA_036936885.1_ASM3693688v1_genomic
AT1G11270	CP137961.1	91.144	271	14	4	552	820	20441997	20442259	5.98e-97	359	GCA_036936885.1_ASM3693688v1_genomic
AT1G11270	CP137961.1	91.386	267	14	3	5068	5333	20441997	20442255	2.15e-96	357	GCA_036936885.1_ASM3693688v1_genomic
AT1G11270	CP137961.1	93.122	189	11	2	376	564	20441471	20441657	6.19e-72	276	GCA_036936885.1_ASM3693688v1_genomic
AT1G11270	CP137961.1	93.514	185	10	2	4896	5080	20441475	20441657	2.23e-71	274	GCA_036936885.1_ASM3693688v1_genomic
AT1G11270	CP137962.1	82.896	1105	161	15	3452	4552	2747724	2748804	0	968	GCA_036936885.1_ASM3693688v1_genomic
AT1G11270	CP137962.1	85.042	361	50	4	1879	2237	16441824	16441466	1.29e-98	364	GCA_036936885.1_ASM3693688v1_genomic
AT1G11270	CP137968.1	99.536	4956	23	0	380	5335	22440457	22445412	0	9025	GCA_036936895.1_ASM3693689v1_genomic
AT1G11270	CP137968.1	99.536	4956	23	0	380	5335	25980783	25985738	0	9025	GCA_036936895.1_ASM3693689v1_genomic
AT1G11270	CP137968.1	99.475	4956	26	0	380	5335	4783238	4788193	0	9009	GCA_036936895.1_ASM3693689v1_genomic
AT1G11270	CP137968.1	99.548	442	2	0	380	821	25985299	25985740	0	806	GCA_036936895.1_ASM3693689v1_genomic
AT1G11270	CP137968.1	99.545	440	2	0	4896	5335	4783238	4783677	0	802	GCA_036936895.1_ASM3693689v1_genomic
AT1G11270	CP137968.1	99.545	440	2	0	380	819	4787754	4788193	0	802	GCA_036936895.1_ASM3693689v1_genomic
AT1G11270	CP137968.1	99.545	440	2	0	4896	5335	25980783	25981222	0	802	GCA_036936895.1_ASM3693689v1_genomic
AT1G11270	CP137968.1	99.318	440	3	0	4896	5335	22440457	22440896	0	797	GCA_036936895.1_ASM3693689v1_genomic
AT1G11270	CP137968.1	99.318	440	3	0	380	819	22444973	22445412	0	797	GCA_036936895.1_ASM3693689v1_genomic
AT1G11270	CP137969.1	99.334	4954	32	1	382	5335	9616111	9611159	0	8964	GCA_036936895.1_ASM3693689v1_genomic
AT1G11270	CP137969.1	99.155	4968	26	3	380	5335	10824333	10829296	0	8927	GCA_036936895.1_ASM3693689v1_genomic
AT1G11270	CP137969.1	99.315	438	2	1	382	819	9611595	9611159	0	791	GCA_036936895.1_ASM3693689v1_genomic
AT1G11270	CP137969.1	98.864	440	5	0	4896	5335	10824333	10824772	0	785	GCA_036936895.1_ASM3693689v1_genomic
AT1G11270	CP137969.1	98.63	438	5	1	4898	5335	9616111	9615675	0	774	GCA_036936895.1_ASM3693689v1_genomic
AT1G11270	CP137969.1	96.46	452	5	1	380	820	10828846	10829297	0	736	GCA_036936895.1_ASM3693689v1_genomic
AT1G11270	CP137967.1	99.521	3968	18	1	380	4347	416567	420533	0	7221	GCA_036936895.1_ASM3693689v1_genomic
AT1G11270	CP137967.1	99.076	974	9	0	4348	5321	420727	421700	0	1749	GCA_036936895.1_ASM3693689v1_genomic
AT1G11270	CP137967.1	82.896	1105	161	15	3452	4552	3061501	3062581	0	968	GCA_036936895.1_ASM3693689v1_genomic
AT1G11270	CP137967.1	100	440	0	0	4896	5335	416567	417006	0	813	GCA_036936895.1_ASM3693689v1_genomic
AT1G11270	CP137967.1	99.32	441	3	0	4895	5335	13504046	13504486	0	798	GCA_036936895.1_ASM3693689v1_genomic
AT1G11270	CP137967.1	99.318	440	3	0	380	819	13504047	13504486	0	797	GCA_036936895.1_ASM3693689v1_genomic
AT1G11270	CP137967.1	98.658	447	6	0	373	819	21299133	21298687	0	793	GCA_036936895.1_ASM3693689v1_genomic
AT1G11270	CP137967.1	98.441	449	7	0	4896	5344	21299126	21298678	0	791	GCA_036936895.1_ASM3693689v1_genomic
AT1G11270	CP137967.1	99.531	426	2	0	380	805	421275	421700	0	776	GCA_036936895.1_ASM3693689v1_genomic
AT1G11270	CP137967.1	85.319	361	49	4	1879	2237	17087368	17087010	2.84e-100	370	GCA_036936895.1_ASM3693689v1_genomic
AT1G11270	CP137966.1	99.684	948	3	0	5336	6283	3792900	3793847	0	1735	GCA_036936895.1_ASM3693689v1_genomic
AT1G11270	CP137966.1	99.213	381	3	0	1	381	3792526	3792906	0	688	GCA_036936895.1_ASM3693689v1_genomic
AT1G11270	CP137966.1	90.406	271	16	4	552	820	21199226	21199488	1.33e-93	348	GCA_036936895.1_ASM3693689v1_genomic
AT1G11270	CP137966.1	90.637	267	16	3	5068	5333	21199226	21199484	4.78e-93	346	GCA_036936895.1_ASM3693689v1_genomic
AT1G11270	CP137966.1	92.593	189	13	1	376	564	21198699	21198886	2.96e-70	270	GCA_036936895.1_ASM3693689v1_genomic
AT1G11270	CP137966.1	92.973	185	12	1	4896	5080	21198703	21198886	1.06e-69	268	GCA_036936895.1_ASM3693689v1_genomic
AT1G11270	CP137966.1	87.568	185	14	5	6360	6544	3794031	3794206	8.46e-51	206	GCA_036936895.1_ASM3693689v1_genomic
AT1G11270	CP137973.1	99.438	4983	21	7	359	5335	20551492	20546511	0	9040	GCA_036936905.1_ASM3693690v1_genomic
AT1G11270	CP137973.1	99.576	4956	21	0	380	5335	22555196	22560151	0	9036	GCA_036936905.1_ASM3693690v1_genomic
AT1G11270	CP137973.1	99.516	4958	19	5	380	5335	6297307	6292353	0	9018	GCA_036936905.1_ASM3693690v1_genomic
AT1G11270	CP137973.1	99.476	4958	22	4	380	5335	21058047	21063002	0	9009	GCA_036936905.1_ASM3693690v1_genomic
AT1G11270	CP137973.1	99.054	4967	47	0	372	5338	26045417	26040451	0	8913	GCA_036936905.1_ASM3693690v1_genomic
AT1G11270	CP137973.1	99.112	4957	44	0	380	5336	26302269	26297313	0	8911	GCA_036936905.1_ASM3693690v1_genomic
AT1G11270	CP137973.1	100	441	0	0	380	820	22559712	22560152	0	815	GCA_036936905.1_ASM3693690v1_genomic
AT1G11270	CP137973.1	99.773	441	1	0	4895	5335	22555195	22555635	0	809	GCA_036936905.1_ASM3693690v1_genomic
AT1G11270	CP137973.1	99.321	442	1	2	380	820	21062563	21063003	0	798	GCA_036936905.1_ASM3693690v1_genomic
AT1G11270	CP137973.1	98.667	450	4	2	380	827	20546952	20546503	0	797	GCA_036936905.1_ASM3693690v1_genomic
AT1G11270	CP137973.1	99.097	443	2	2	4895	5335	20551471	20551029	0	795	GCA_036936905.1_ASM3693690v1_genomic
AT1G11270	CP137973.1	99.093	441	2	2	380	819	6292792	6292353	0	791	GCA_036936905.1_ASM3693690v1_genomic
AT1G11270	CP137973.1	99.093	441	2	2	4896	5335	6297307	6296868	0	791	GCA_036936905.1_ASM3693690v1_genomic
AT1G11270	CP137973.1	99.093	441	2	2	4896	5335	21058047	21058486	0	791	GCA_036936905.1_ASM3693690v1_genomic
AT1G11270	CP137973.1	98.409	440	7	0	380	819	26297753	26297314	0	774	GCA_036936905.1_ASM3693690v1_genomic
AT1G11270	CP137973.1	98.409	440	7	0	4896	5335	26302269	26301830	0	774	GCA_036936905.1_ASM3693690v1_genomic
AT1G11270	CP137973.1	98.186	441	8	0	4895	5335	26045410	26044970	0	771	GCA_036936905.1_ASM3693690v1_genomic
AT1G11270	CP137973.1	98.182	440	8	0	380	819	26040893	26040454	0	769	GCA_036936905.1_ASM3693690v1_genomic
AT1G11270	CP137973.1	100	31	0	0	412	442	6292730	6292760	2.46e-06	58.4	GCA_036936905.1_ASM3693690v1_genomic
AT1G11270	CP137973.1	100	31	0	0	4928	4958	6292730	6292760	2.46e-06	58.4	GCA_036936905.1_ASM3693690v1_genomic
AT1G11270	CP137973.1	100	31	0	0	412	442	6297245	6297275	2.46e-06	58.4	GCA_036936905.1_ASM3693690v1_genomic
AT1G11270	CP137973.1	100	31	0	0	4928	4958	6297245	6297275	2.46e-06	58.4	GCA_036936905.1_ASM3693690v1_genomic
AT1G11270	CP137975.1	99.516	4956	24	0	380	5335	1621464	1616509	0	9020	GCA_036936905.1_ASM3693690v1_genomic
AT1G11270	CP137975.1	99.516	4956	24	0	380	5335	17559908	17564863	0	9020	GCA_036936905.1_ASM3693690v1_genomic
AT1G11270	CP137975.1	99.456	4962	22	5	376	5335	29119929	29124887	0	9009	GCA_036936905.1_ASM3693690v1_genomic
AT1G11270	CP137975.1	99.254	4957	30	1	379	5335	22804009	22808958	0	8942	GCA_036936905.1_ASM3693690v1_genomic
AT1G11270	CP137975.1	99.213	4958	19	4	380	5335	7344509	7339570	0	8922	GCA_036936905.1_ASM3693690v1_genomic
AT1G11270	CP137975.1	99.546	441	2	0	380	820	17564424	17564864	0	804	GCA_036936905.1_ASM3693690v1_genomic
AT1G11270	CP137975.1	99.545	440	2	0	4896	5335	17559908	17560347	0	802	GCA_036936905.1_ASM3693690v1_genomic
AT1G11270	CP137975.1	99.545	440	2	0	380	819	22808519	22808958	0	802	GCA_036936905.1_ASM3693690v1_genomic
AT1G11270	CP137975.1	99.32	441	3	0	380	820	1616948	1616508	0	798	GCA_036936905.1_ASM3693690v1_genomic
AT1G11270	CP137975.1	99.32	441	3	0	4895	5335	1621465	1621025	0	798	GCA_036936905.1_ASM3693690v1_genomic
AT1G11270	CP137975.1	99.318	440	3	0	4896	5335	22804010	22804449	0	797	GCA_036936905.1_ASM3693690v1_genomic
AT1G11270	CP137975.1	99.093	441	2	2	380	819	29124448	29124887	0	791	GCA_036936905.1_ASM3693690v1_genomic
AT1G11270	CP137975.1	98.869	442	3	2	4895	5335	29119931	29120371	0	787	GCA_036936905.1_ASM3693690v1_genomic
AT1G11270	CP137975.1	97.052	441	3	2	380	819	7340001	7339570	0	734	GCA_036936905.1_ASM3693690v1_genomic
AT1G11270	CP137975.1	97.052	441	3	2	4896	5335	7344509	7344078	0	734	GCA_036936905.1_ASM3693690v1_genomic
AT1G11270	CP137975.1	100	31	0	0	4928	4958	29119994	29119964	2.46e-06	58.4	GCA_036936905.1_ASM3693690v1_genomic
AT1G11270	CP137975.1	100	31	0	0	412	442	29119994	29119964	2.46e-06	58.4	GCA_036936905.1_ASM3693690v1_genomic
AT1G11270	CP137975.1	100	31	0	0	4928	4958	29124510	29124480	2.46e-06	58.4	GCA_036936905.1_ASM3693690v1_genomic
AT1G11270	CP137975.1	100	31	0	0	412	442	29124510	29124480	2.46e-06	58.4	GCA_036936905.1_ASM3693690v1_genomic
AT1G11270	CP137974.1	99.476	4962	22	4	378	5335	16055116	16050155	0	9016	GCA_036936905.1_ASM3693690v1_genomic
AT1G11270	CP137974.1	99.337	4976	22	1	374	5338	24320075	24315100	0	8996	GCA_036936905.1_ASM3693690v1_genomic
AT1G11270	CP137974.1	99.318	440	3	0	4896	5335	24320069	24319630	0	797	GCA_036936905.1_ASM3693690v1_genomic
AT1G11270	CP137974.1	98.643	442	4	2	380	819	16050596	16050155	0	782	GCA_036936905.1_ASM3693690v1_genomic
AT1G11270	CP137974.1	98.643	442	4	2	4896	5335	16055114	16054673	0	782	GCA_036936905.1_ASM3693690v1_genomic
AT1G11270	CP137974.1	97.118	451	2	1	380	819	24315553	24315103	0	750	GCA_036936905.1_ASM3693690v1_genomic
AT1G11270	CP137971.1	99.455	4958	25	2	380	5335	7710447	7705490	0	9005	GCA_036936905.1_ASM3693690v1_genomic
AT1G11270	CP137971.1	98.73	4961	33	6	378	5336	31756061	31760993	0	8785	GCA_036936905.1_ASM3693690v1_genomic
AT1G11270	CP137971.1	98.792	2814	34	0	380	3193	7681337	7684150	0	5009	GCA_036936905.1_ASM3693690v1_genomic
AT1G11270	CP137971.1	99.064	2779	26	0	2557	5335	7684147	7686925	0	4988	GCA_036936905.1_ASM3693690v1_genomic
AT1G11270	CP137971.1	97.353	1398	15	4	5336	6714	3771646	3773040	0	2357	GCA_036936905.1_ASM3693690v1_genomic
AT1G11270	CP137971.1	99.32	441	2	1	380	819	7705930	7705490	0	797	GCA_036936905.1_ASM3693690v1_genomic
AT1G11270	CP137971.1	99.32	441	2	1	4896	5335	7710447	7710007	0	797	GCA_036936905.1_ASM3693690v1_genomic
AT1G11270	CP137971.1	98.866	441	4	1	380	819	31760552	31760992	0	785	GCA_036936905.1_ASM3693690v1_genomic
AT1G11270	CP137971.1	98.214	448	7	1	4888	5335	7678680	7679126	0	782	GCA_036936905.1_ASM3693690v1_genomic
AT1G11270	CP137971.1	98.636	440	6	0	380	819	7686486	7686925	0	780	GCA_036936905.1_ASM3693690v1_genomic
AT1G11270	CP137971.1	98.636	440	5	1	380	819	7678688	7679126	0	778	GCA_036936905.1_ASM3693690v1_genomic
AT1G11270	CP137971.1	97.732	441	7	3	4896	5335	31756063	31756501	0	756	GCA_036936905.1_ASM3693690v1_genomic
AT1G11270	CP137971.1	97.279	441	12	0	4895	5335	7681336	7681776	0	749	GCA_036936905.1_ASM3693690v1_genomic
AT1G11270	CP137971.1	97.638	381	9	0	1	381	3771272	3771652	0	654	GCA_036936905.1_ASM3693690v1_genomic
AT1G11270	CP137971.1	91.144	271	14	4	552	820	19365414	19365676	6.02e-97	359	GCA_036936905.1_ASM3693690v1_genomic
AT1G11270	CP137971.1	91.386	267	14	3	5068	5333	19365414	19365672	2.16e-96	357	GCA_036936905.1_ASM3693690v1_genomic
AT1G11270	CP137971.1	93.122	189	12	1	376	564	19364891	19365078	6.23e-72	276	GCA_036936905.1_ASM3693690v1_genomic
AT1G11270	CP137971.1	93.514	185	11	1	4896	5080	19364895	19365078	2.24e-71	274	GCA_036936905.1_ASM3693690v1_genomic
AT1G11270	CP137972.1	99.593	3191	10	3	2146	5335	16377381	16374193	0	5818	GCA_036936905.1_ASM3693690v1_genomic
AT1G11270	CP137972.1	99.461	557	3	0	611	1167	16377919	16377363	0	1013	GCA_036936905.1_ASM3693690v1_genomic
AT1G11270	CP137972.1	83.348	1105	156	15	3452	4552	3230809	3231889	0	996	GCA_036936905.1_ASM3693690v1_genomic
AT1G11270	CP137972.1	99.32	441	1	2	380	819	16374632	16374193	0	797	GCA_036936905.1_ASM3693690v1_genomic
AT1G11270	CP137972.1	84.521	491	63	8	4623	5104	3231904	3232390	2.06e-131	473	GCA_036936905.1_ASM3693690v1_genomic
AT1G11270	CP137972.1	100	209	0	0	5127	5335	16377919	16377711	2.76e-105	387	GCA_036936905.1_ASM3693690v1_genomic
AT1G11270	CP137972.1	88.318	214	18	6	380	588	3232179	3232390	3.78e-64	250	GCA_036936905.1_ASM3693690v1_genomic
AT1G11270	CP137972.1	100	31	0	0	412	442	16374570	16374600	2.46e-06	58.4	GCA_036936905.1_ASM3693690v1_genomic
AT1G11270	CP137972.1	100	31	0	0	4928	4958	16374570	16374600	2.46e-06	58.4	GCA_036936905.1_ASM3693690v1_genomic
AT1G11270	CP137976.1	99.516	4962	21	3	377	5335	19251212	19256173	0	9027	GCA_036936915.1_ASM3693691v1_genomic
AT1G11270	CP137976.1	99.354	4957	29	3	380	5335	23194504	23189550	0	8973	GCA_036936915.1_ASM3693691v1_genomic
AT1G11270	CP137976.1	100	1379	0	0	5336	6714	3758588	3759966	0	2547	GCA_036936915.1_ASM3693691v1_genomic
AT1G11270	CP137976.1	99.774	443	0	1	380	821	19255733	19256175	0	811	GCA_036936915.1_ASM3693691v1_genomic
AT1G11270	CP137976.1	99.773	441	1	0	380	820	23189989	23189549	0	809	GCA_036936915.1_ASM3693691v1_genomic
AT1G11270	CP137976.1	99.32	441	2	1	4896	5335	19251216	19251656	0	797	GCA_036936915.1_ASM3693691v1_genomic
AT1G11270	CP137976.1	98.864	440	3	2	4896	5335	23194504	23194067	0	784	GCA_036936915.1_ASM3693691v1_genomic
AT1G11270	CP137976.1	100	381	0	0	1	381	3758214	3758594	0	704	GCA_036936915.1_ASM3693691v1_genomic
AT1G11270	CP137976.1	91.144	271	14	4	552	820	19059977	19060239	5.94e-97	359	GCA_036936915.1_ASM3693691v1_genomic
AT1G11270	CP137976.1	91.386	267	14	3	5068	5333	19059977	19060235	2.14e-96	357	GCA_036936915.1_ASM3693691v1_genomic
AT1G11270	CP137976.1	92.593	189	13	1	376	564	19059443	19059630	2.86e-70	270	GCA_036936915.1_ASM3693691v1_genomic
AT1G11270	CP137976.1	92.973	185	12	1	4896	5080	19059447	19059630	1.03e-69	268	GCA_036936915.1_ASM3693691v1_genomic
AT1G11270	CP137979.1	99.435	4954	27	1	382	5335	7825820	7820868	0	8992	GCA_036936915.1_ASM3693691v1_genomic
AT1G11270	CP137979.1	99.112	4957	43	1	380	5335	10837844	10832888	0	8909	GCA_036936915.1_ASM3693691v1_genomic
AT1G11270	CP137979.1	99.015	4973	32	2	379	5336	8811628	8806658	0	8896	GCA_036936915.1_ASM3693691v1_genomic
AT1G11270	CP137979.1	99.366	1262	7	1	382	1643	7821304	7820044	0	2285	GCA_036936915.1_ASM3693691v1_genomic
AT1G11270	CP137979.1	99.04	729	7	0	4607	5335	11661942	11662670	0	1308	GCA_036936915.1_ASM3693691v1_genomic
AT1G11270	CP137979.1	99.318	440	3	0	380	819	11662231	11662670	0	797	GCA_036936915.1_ASM3693691v1_genomic
AT1G11270	CP137979.1	99.315	438	2	1	4898	5335	7825820	7825384	0	791	GCA_036936915.1_ASM3693691v1_genomic
AT1G11270	CP137979.1	99.091	440	4	0	380	819	8807098	8806659	0	791	GCA_036936915.1_ASM3693691v1_genomic
AT1G11270	CP137979.1	98.864	440	5	0	4896	5335	10837844	10837405	0	785	GCA_036936915.1_ASM3693691v1_genomic
AT1G11270	CP137979.1	98.409	440	7	0	4896	5335	8811627	8811188	0	774	GCA_036936915.1_ASM3693691v1_genomic
AT1G11270	CP137979.1	98.19	442	8	0	380	821	10833327	10832886	0	773	GCA_036936915.1_ASM3693691v1_genomic
AT1G11270	CP137977.1	98.971	4956	51	0	380	5335	10231392	10236347	0	8870	GCA_036936915.1_ASM3693691v1_genomic
AT1G11270	CP137977.1	82.986	1105	160	15	3452	4552	3008381	3009461	0	974	GCA_036936915.1_ASM3693691v1_genomic
AT1G11270	CP137977.1	97.5	440	11	0	380	819	10235908	10236347	0	752	GCA_036936915.1_ASM3693691v1_genomic
AT1G11270	CP137977.1	97.273	440	12	0	4896	5335	10231392	10231831	0	747	GCA_036936915.1_ASM3693691v1_genomic
AT1G11270	CP137977.1	85.873	361	47	4	1879	2237	17022818	17022460	1.27e-103	381	GCA_036936915.1_ASM3693691v1_genomic
AT1G11270	CP137978.1	97.46	4961	92	9	380	5336	12888660	12893590	0	8432	GCA_036936915.1_ASM3693691v1_genomic
AT1G11270	CP137978.1	97.955	440	9	0	4896	5335	12888660	12889099	0	763	GCA_036936915.1_ASM3693691v1_genomic
AT1G11270	CP137978.1	97.506	441	10	1	380	819	12893149	12893589	0	752	GCA_036936915.1_ASM3693691v1_genomic
AT1G11270	CP137982.1	99.213	4956	38	1	380	5335	1039932	1044886	0	8935	GCA_036936945.1_ASM3693694v1_genomic
AT1G11270	CP137982.1	83.273	1106	155	17	3452	4552	3252988	3254068	0	990	GCA_036936945.1_ASM3693694v1_genomic
AT1G11270	CP137982.1	98.413	441	7	0	4895	5335	1039931	1040371	0	776	GCA_036936945.1_ASM3693694v1_genomic
AT1G11270	CP137982.1	97.959	441	9	0	380	820	1044447	1044887	0	765	GCA_036936945.1_ASM3693694v1_genomic
AT1G11270	CP137982.1	84.318	491	64	8	4623	5104	3254083	3254569	9.58e-130	468	GCA_036936945.1_ASM3693694v1_genomic
AT1G11270	CP137982.1	85.596	361	48	4	1879	2237	16732964	16732606	5.97e-102	375	GCA_036936945.1_ASM3693694v1_genomic
AT1G11270	CP137982.1	87.85	214	19	6	380	588	3254358	3254569	1.76e-62	244	GCA_036936945.1_ASM3693694v1_genomic
AT1G11270	CP137983.1	98.453	4976	57	2	380	5335	17598022	17602997	0	8745	GCA_036936945.1_ASM3693694v1_genomic
AT1G11270	CP137983.1	97.359	4960	100	7	380	5336	13441921	13446852	0	8405	GCA_036936945.1_ASM3693694v1_genomic
AT1G11270	CP137983.1	98.182	440	8	0	4896	5335	13441921	13442360	0	769	GCA_036936945.1_ASM3693694v1_genomic
AT1G11270	CP137983.1	97.045	440	13	0	380	819	13446412	13446851	0	741	GCA_036936945.1_ASM3693694v1_genomic
AT1G11270	CP137983.1	96.444	450	6	1	4896	5335	17598022	17598471	0	734	GCA_036936945.1_ASM3693694v1_genomic
AT1G11270	CP137983.1	96.444	450	6	1	380	819	17602548	17602997	0	734	GCA_036936945.1_ASM3693694v1_genomic
AT1G11270	CP137981.1	98.499	1399	1	1	5336	6714	3792526	3793924	0	2449	GCA_036936945.1_ASM3693694v1_genomic
AT1G11270	CP137981.1	99.213	381	3	0	1	381	3792152	3792532	0	688	GCA_036936945.1_ASM3693694v1_genomic
AT1G11270	CP137981.1	90.037	271	17	4	552	820	21341310	21341572	6.06e-92	342	GCA_036936945.1_ASM3693694v1_genomic
AT1G11270	CP137981.1	90.262	267	17	3	5068	5333	21341310	21341568	2.18e-91	340	GCA_036936945.1_ASM3693694v1_genomic
AT1G11270	CP137981.1	92.593	189	13	1	376	564	21340783	21340970	2.9e-70	270	GCA_036936945.1_ASM3693694v1_genomic
AT1G11270	CP137981.1	92.973	185	12	1	4896	5080	21340787	21340970	1.04e-69	268	GCA_036936945.1_ASM3693694v1_genomic
AT1G11270	CP137986.1	99.496	4959	24	1	380	5337	21865971	21870929	0	9018	GCA_036936955.1_ASM3693695v1_genomic
AT1G11270	CP137986.1	99.566	1383	2	1	5336	6714	3787137	3788519	0	2518	GCA_036936955.1_ASM3693695v1_genomic
AT1G11270	CP137986.1	99.773	440	1	0	380	819	21870488	21870927	0	808	GCA_036936955.1_ASM3693695v1_genomic
AT1G11270	CP137986.1	99.546	441	1	1	4896	5335	21865971	21866411	0	802	GCA_036936955.1_ASM3693695v1_genomic
AT1G11270	CP137986.1	99.213	381	3	0	1	381	3786763	3787143	0	688	GCA_036936955.1_ASM3693695v1_genomic
AT1G11270	CP137986.1	90.406	271	16	4	552	820	20294414	20294676	1.28e-93	348	GCA_036936955.1_ASM3693695v1_genomic
AT1G11270	CP137986.1	90.637	267	16	3	5068	5333	20294414	20294672	4.62e-93	346	GCA_036936955.1_ASM3693695v1_genomic
AT1G11270	CP137986.1	91.579	190	13	3	376	564	20293887	20294074	6.19e-67	259	GCA_036936955.1_ASM3693695v1_genomic
AT1G11270	CP137990.1	99.395	4956	30	0	380	5335	25698695	25693740	0	8986	GCA_036936955.1_ASM3693695v1_genomic
AT1G11270	CP137990.1	99.275	4966	33	3	376	5340	18710514	18705551	0	8968	GCA_036936955.1_ASM3693695v1_genomic
AT1G11270	CP137990.1	99.099	444	4	0	4892	5335	25698699	25698256	0	798	GCA_036936955.1_ASM3693695v1_genomic
AT1G11270	CP137990.1	99.318	440	3	0	380	819	25694179	25693740	0	797	GCA_036936955.1_ASM3693695v1_genomic
AT1G11270	CP137990.1	98.866	441	5	0	4895	5335	18710512	18710072	0	787	GCA_036936955.1_ASM3693695v1_genomic
AT1G11270	CP137990.1	98.864	440	5	0	380	819	18705996	18705557	0	785	GCA_036936955.1_ASM3693695v1_genomic
AT1G11270	CP137989.1	98.794	4811	30	3	526	5335	12162025	12166808	0	8538	GCA_036936955.1_ASM3693695v1_genomic
AT1G11270	CP137989.1	99.089	439	4	0	381	819	12166370	12166808	0	789	GCA_036936955.1_ASM3693695v1_genomic
AT1G11270	CP137989.1	99.32	294	2	0	5042	5335	12162025	12162318	3.3e-149	532	GCA_036936955.1_ASM3693695v1_genomic
AT1G11270	CP137989.1	99.213	127	0	1	4895	5020	12161919	12162045	1.74e-57	228	GCA_036936955.1_ASM3693695v1_genomic
AT1G11270	CP137989.1	99.206	126	0	1	380	504	12161920	12162045	6.27e-57	226	GCA_036936955.1_ASM3693695v1_genomic
AT1G11270	CP137987.1	98.598	4706	58	4	634	5335	9613857	9609156	0	8318	GCA_036936955.1_ASM3693695v1_genomic
AT1G11270	CP137987.1	97.955	440	6	2	380	819	9609592	9609156	0	760	GCA_036936955.1_ASM3693695v1_genomic
AT1G11270	CP137987.1	85.596	361	48	4	1879	2237	17512405	17512047	5.89e-102	375	GCA_036936955.1_ASM3693695v1_genomic
AT1G11270	CP137987.1	96.774	186	5	1	5150	5335	9613857	9613673	6.06e-82	309	GCA_036936955.1_ASM3693695v1_genomic
AT1G11270	CP137988.1	97.656	3157	61	6	2184	5336	12969140	12965993	0	5408	GCA_036936955.1_ASM3693695v1_genomic
AT1G11270	CP137988.1	91.758	1371	102	9	3159	4525	17004971	17006334	0	1895	GCA_036936955.1_ASM3693695v1_genomic
AT1G11270	CP137988.1	93.604	813	52	0	4523	5335	17006498	17007310	0	1214	GCA_036936955.1_ASM3693695v1_genomic
AT1G11270	CP137988.1	94.079	760	36	4	380	1139	17006871	17007621	0	1146	GCA_036936955.1_ASM3693695v1_genomic
AT1G11270	CP137988.1	97.279	441	11	1	380	819	12966434	12965994	0	747	GCA_036936955.1_ASM3693695v1_genomic
AT1G11270	CP137995.1	99.596	4956	20	0	380	5335	9788618	9783663	0	9042	GCA_036937005.1_ASM3693700v1_genomic
AT1G11270	CP137995.1	99.456	4959	25	2	379	5335	28522049	28527007	0	9007	GCA_036937005.1_ASM3693700v1_genomic
AT1G11270	CP137995.1	99.296	4971	33	2	374	5342	30774218	30769248	0	8985	GCA_036937005.1_ASM3693700v1_genomic
AT1G11270	CP137995.1	100	441	0	0	380	820	9784102	9783662	0	815	GCA_036937005.1_ASM3693700v1_genomic
AT1G11270	CP137995.1	100	440	0	0	4896	5335	9788618	9788179	0	813	GCA_036937005.1_ASM3693700v1_genomic
AT1G11270	CP137995.1	99.32	441	3	0	4895	5335	30774212	30773772	0	798	GCA_036937005.1_ASM3693700v1_genomic
AT1G11270	CP137995.1	99.318	440	3	0	380	819	30769695	30769256	0	797	GCA_036937005.1_ASM3693700v1_genomic
AT1G11270	CP137995.1	99.093	441	3	1	4896	5335	28522050	28522490	0	791	GCA_036937005.1_ASM3693700v1_genomic
AT1G11270	CP137995.1	98.646	443	5	1	380	821	28526567	28527009	0	784	GCA_036937005.1_ASM3693700v1_genomic
AT1G11270	CP137991.1	99.577	4960	18	3	380	5336	9792827	9787868	0	9040	GCA_036937005.1_ASM3693700v1_genomic
AT1G11270	CP137991.1	99.031	4956	47	1	380	5335	7643556	7648510	0	8885	GCA_036937005.1_ASM3693700v1_genomic
AT1G11270	CP137991.1	98.609	4961	32	6	378	5336	31871520	31876445	0	8745	GCA_036937005.1_ASM3693700v1_genomic
AT1G11270	CP137991.1	99	3001	29	1	380	3380	21587386	21584387	0	5374	GCA_036937005.1_ASM3693700v1_genomic
AT1G11270	CP137991.1	99.473	948	5	0	5336	6283	3769137	3770084	0	1724	GCA_036937005.1_ASM3693700v1_genomic
AT1G11270	CP137991.1	93.671	948	60	0	5336	6283	12923172	12924119	0	1419	GCA_036937005.1_ASM3693700v1_genomic
AT1G11270	CP137991.1	99.145	468	4	0	4552	5019	21583598	21584065	0	843	GCA_036937005.1_ASM3693700v1_genomic
AT1G11270	CP137991.1	99.773	441	0	1	4896	5335	9792827	9792387	0	808	GCA_036937005.1_ASM3693700v1_genomic
AT1G11270	CP137991.1	99.32	441	2	1	380	819	9788309	9787869	0	797	GCA_036937005.1_ASM3693700v1_genomic
AT1G11270	CP137991.1	98.866	441	4	1	380	819	31876004	31876444	0	785	GCA_036937005.1_ASM3693700v1_genomic
AT1G11270	CP137991.1	98.864	440	4	1	380	819	7648072	7648510	0	784	GCA_036937005.1_ASM3693700v1_genomic
AT1G11270	CP137991.1	98.214	448	7	1	4888	5335	7640899	7641345	0	782	GCA_036937005.1_ASM3693700v1_genomic
AT1G11270	CP137991.1	98.636	440	6	0	4896	5335	21587386	21586947	0	780	GCA_036937005.1_ASM3693700v1_genomic
AT1G11270	CP137991.1	98.636	440	5	1	380	819	7640907	7641345	0	778	GCA_036937005.1_ASM3693700v1_genomic
AT1G11270	CP137991.1	97.959	441	9	0	4895	5335	7643555	7643995	0	765	GCA_036937005.1_ASM3693700v1_genomic
AT1G11270	CP137991.1	96.599	441	8	2	4896	5335	31871522	31871956	0	725	GCA_036937005.1_ASM3693700v1_genomic
AT1G11270	CP137991.1	98.163	381	3	1	1	381	3768767	3769143	0	662	GCA_036937005.1_ASM3693700v1_genomic
AT1G11270	CP137991.1	99.099	333	3	0	3786	4118	21584388	21584056	3.35e-169	599	GCA_036937005.1_ASM3693700v1_genomic
AT1G11270	CP137991.1	90.149	335	24	3	1	326	12922810	12923144	1.67e-117	427	GCA_036937005.1_ASM3693700v1_genomic
AT1G11270	CP137991.1	91.144	271	14	4	552	820	19777522	19777784	6.18e-97	359	GCA_036937005.1_ASM3693700v1_genomic
AT1G11270	CP137991.1	91.386	267	14	3	5068	5333	19777522	19777780	2.22e-96	357	GCA_036937005.1_ASM3693700v1_genomic
AT1G11270	CP137991.1	92.593	189	13	1	376	564	19776995	19777182	2.98e-70	270	GCA_036937005.1_ASM3693700v1_genomic
AT1G11270	CP137991.1	92.973	185	12	1	4896	5080	19776999	19777182	1.07e-69	268	GCA_036937005.1_ASM3693700v1_genomic
AT1G11270	CP137991.1	100	124	0	0	380	503	21583942	21584065	5.06e-58	230	GCA_036937005.1_ASM3693700v1_genomic
AT1G11270	CP137991.1	86.486	185	18	6	6360	6544	3770272	3770449	5.13e-48	196	GCA_036937005.1_ASM3693700v1_genomic
AT1G11270	CP137991.1	85.946	185	17	5	6360	6544	12924310	12924485	8.58e-46	189	GCA_036937005.1_ASM3693700v1_genomic
AT1G11270	CP137994.1	99.556	4956	22	0	380	5335	11955760	11960715	0	9031	GCA_036937005.1_ASM3693700v1_genomic
AT1G11270	CP137994.1	99.324	444	3	0	380	823	11960276	11960719	0	804	GCA_036937005.1_ASM3693700v1_genomic
AT1G11270	CP137994.1	99.545	440	2	0	4896	5335	11955760	11956199	0	802	GCA_036937005.1_ASM3693700v1_genomic
AT1G11270	CP137992.1	99.496	4958	23	2	380	5335	11236420	11231463	0	9016	GCA_036937005.1_ASM3693700v1_genomic
AT1G11270	CP137992.1	99.233	4955	36	2	382	5335	2333811	2328858	0	8938	GCA_036937005.1_ASM3693700v1_genomic
AT1G11270	CP137992.1	83.348	1105	156	15	3452	4552	3128216	3129296	0	996	GCA_036937005.1_ASM3693700v1_genomic
AT1G11270	CP137992.1	99.548	442	1	1	380	820	11231903	11231462	0	804	GCA_036937005.1_ASM3693700v1_genomic
AT1G11270	CP137992.1	99.32	441	2	1	4896	5335	11236420	11235980	0	797	GCA_036937005.1_ASM3693700v1_genomic
AT1G11270	CP137992.1	99.089	439	2	2	4898	5335	2333811	2333374	0	787	GCA_036937005.1_ASM3693700v1_genomic
AT1G11270	CP137992.1	98.858	438	4	1	382	819	2329294	2328858	0	780	GCA_036937005.1_ASM3693700v1_genomic
AT1G11270	CP137992.1	84.521	491	63	8	4623	5104	3129311	3129797	2.12e-131	473	GCA_036937005.1_ASM3693700v1_genomic
AT1G11270	CP137992.1	88.318	214	18	6	380	588	3129586	3129797	3.88e-64	250	GCA_036937005.1_ASM3693700v1_genomic
AT1G11270	CP137993.1	99.435	4960	26	2	379	5336	4520061	4525020	0	9003	GCA_036937005.1_ASM3693700v1_genomic
AT1G11270	CP137993.1	99.355	4958	30	2	380	5335	7361709	7366666	0	8977	GCA_036937005.1_ASM3693700v1_genomic
AT1G11270	CP137993.1	99.216	4976	36	3	380	5354	9418534	9413561	0	8970	GCA_036937005.1_ASM3693700v1_genomic
AT1G11270	CP137993.1	99.072	4958	24	4	379	5336	19666578	19661643	0	8881	GCA_036937005.1_ASM3693700v1_genomic
AT1G11270	CP137993.1	99.031	4955	45	2	383	5336	22914006	22918958	0	8881	GCA_036937005.1_ASM3693700v1_genomic
AT1G11270	CP137993.1	97.581	4960	90	5	380	5336	13535417	13540349	0	8468	GCA_036937005.1_ASM3693700v1_genomic
AT1G11270	CP137993.1	99.548	442	1	1	380	820	7366226	7366667	0	804	GCA_036937005.1_ASM3693700v1_genomic
AT1G11270	CP137993.1	99.545	440	2	0	4896	5335	19666577	19666138	0	802	GCA_036937005.1_ASM3693700v1_genomic
AT1G11270	CP137993.1	99.32	441	2	1	380	819	4524579	4525019	0	797	GCA_036937005.1_ASM3693700v1_genomic
AT1G11270	CP137993.1	99.093	441	3	1	4896	5335	4520062	4520502	0	791	GCA_036937005.1_ASM3693700v1_genomic
AT1G11270	CP137993.1	99.091	440	4	0	4896	5335	7361709	7362148	0	791	GCA_036937005.1_ASM3693700v1_genomic
AT1G11270	CP137993.1	98.869	442	5	0	4894	5335	9418536	9418095	0	789	GCA_036937005.1_ASM3693700v1_genomic
AT1G11270	CP137993.1	98.869	442	4	1	4895	5336	20902039	20902479	0	787	GCA_036937005.1_ASM3693700v1_genomic
AT1G11270	CP137993.1	98.864	440	4	1	380	819	20902040	20902478	0	784	GCA_036937005.1_ASM3693700v1_genomic
AT1G11270	CP137993.1	98.214	448	6	2	380	826	9414018	9413572	0	782	GCA_036937005.1_ASM3693700v1_genomic
AT1G11270	CP137993.1	98.627	437	6	0	380	816	22918518	22918954	0	774	GCA_036937005.1_ASM3693700v1_genomic
AT1G11270	CP137993.1	97.955	440	9	0	4896	5335	13535417	13535856	0	763	GCA_036937005.1_ASM3693700v1_genomic
AT1G11270	CP137993.1	97.273	440	12	0	380	819	13539909	13540348	0	747	GCA_036937005.1_ASM3693700v1_genomic
AT1G11270	CP137993.1	97.489	438	10	1	4899	5335	22914006	22914443	0	747	GCA_036937005.1_ASM3693700v1_genomic
AT1G11270	CP137993.1	95.909	440	0	2	380	819	19662065	19661644	0	697	GCA_036937005.1_ASM3693700v1_genomic
AT1G11270	CP138000.1	99.596	4956	20	0	380	5335	9788973	9784018	0	9042	GCA_036937185.1_ASM3693718v1_genomic
AT1G11270	CP138000.1	99.456	4959	25	2	379	5335	28288786	28293744	0	9007	GCA_036937185.1_ASM3693718v1_genomic
AT1G11270	CP138000.1	100	441	0	0	380	820	9784457	9784017	0	815	GCA_036937185.1_ASM3693718v1_genomic
AT1G11270	CP138000.1	100	440	0	0	4896	5335	9788973	9788534	0	813	GCA_036937185.1_ASM3693718v1_genomic
AT1G11270	CP138000.1	99.093	441	3	1	4896	5335	28288787	28289227	0	791	GCA_036937185.1_ASM3693718v1_genomic
AT1G11270	CP138000.1	98.646	443	5	1	380	821	28293304	28293746	0	784	GCA_036937185.1_ASM3693718v1_genomic
AT1G11270	CP137996.1	99.577	4960	18	3	380	5336	9805972	9801013	0	9040	GCA_036937185.1_ASM3693718v1_genomic
AT1G11270	CP137996.1	99.031	4956	47	1	380	5335	7619147	7624101	0	8885	GCA_036937185.1_ASM3693718v1_genomic
AT1G11270	CP137996.1	98.609	4961	32	6	378	5336	31887933	31892858	0	8745	GCA_036937185.1_ASM3693718v1_genomic
AT1G11270	CP137996.1	99	3001	29	1	380	3380	21569644	21566645	0	5374	GCA_036937185.1_ASM3693718v1_genomic
AT1G11270	CP137996.1	98.734	948	12	0	5336	6283	3767946	3768893	0	1685	GCA_036937185.1_ASM3693718v1_genomic
AT1G11270	CP137996.1	93.671	948	60	0	5336	6283	12927032	12927979	0	1419	GCA_036937185.1_ASM3693718v1_genomic
AT1G11270	CP137996.1	99.145	468	4	0	4552	5019	21565856	21566323	0	843	GCA_036937185.1_ASM3693718v1_genomic
AT1G11270	CP137996.1	99.773	441	0	1	4896	5335	9805972	9805532	0	808	GCA_036937185.1_ASM3693718v1_genomic
AT1G11270	CP137996.1	99.32	441	2	1	380	819	9801454	9801014	0	797	GCA_036937185.1_ASM3693718v1_genomic
AT1G11270	CP137996.1	98.866	441	4	1	380	819	31892417	31892857	0	785	GCA_036937185.1_ASM3693718v1_genomic
AT1G11270	CP137996.1	98.864	440	4	1	380	819	7623663	7624101	0	784	GCA_036937185.1_ASM3693718v1_genomic
AT1G11270	CP137996.1	98.214	448	7	1	4888	5335	7616490	7616936	0	782	GCA_036937185.1_ASM3693718v1_genomic
AT1G11270	CP137996.1	98.636	440	6	0	4896	5335	21569644	21569205	0	780	GCA_036937185.1_ASM3693718v1_genomic
AT1G11270	CP137996.1	98.636	440	5	1	380	819	7616498	7616936	0	778	GCA_036937185.1_ASM3693718v1_genomic
AT1G11270	CP137996.1	97.959	441	9	0	4895	5335	7619146	7619586	0	765	GCA_036937185.1_ASM3693718v1_genomic
AT1G11270	CP137996.1	96.599	441	8	2	4896	5335	31887935	31888369	0	725	GCA_036937185.1_ASM3693718v1_genomic
AT1G11270	CP137996.1	96.667	390	4	1	1	381	3767563	3767952	0	640	GCA_036937185.1_ASM3693718v1_genomic
AT1G11270	CP137996.1	99.099	333	3	0	3786	4118	21566646	21566314	3.36e-169	599	GCA_036937185.1_ASM3693718v1_genomic
AT1G11270	CP137996.1	90.149	335	24	3	1	326	12926670	12927004	1.68e-117	427	GCA_036937185.1_ASM3693718v1_genomic
AT1G11270	CP137996.1	91.144	271	14	4	552	820	19759756	19760018	6.2e-97	359	GCA_036937185.1_ASM3693718v1_genomic
AT1G11270	CP137996.1	91.386	267	14	3	5068	5333	19759756	19760014	2.23e-96	357	GCA_036937185.1_ASM3693718v1_genomic
AT1G11270	CP137996.1	92.593	189	13	1	376	564	19759229	19759416	2.99e-70	270	GCA_036937185.1_ASM3693718v1_genomic
AT1G11270	CP137996.1	92.973	185	12	1	4896	5080	19759233	19759416	1.08e-69	268	GCA_036937185.1_ASM3693718v1_genomic
AT1G11270	CP137996.1	100	124	0	0	380	503	21566200	21566323	5.08e-58	230	GCA_036937185.1_ASM3693718v1_genomic
AT1G11270	CP137996.1	86.486	185	18	6	6360	6544	3769081	3769258	5.15e-48	196	GCA_036937185.1_ASM3693718v1_genomic
AT1G11270	CP137996.1	85.946	185	17	5	6360	6544	12928170	12928345	8.61e-46	189	GCA_036937185.1_ASM3693718v1_genomic
AT1G11270	CP137999.1	99.556	4956	22	0	380	5335	11181253	11186208	0	9031	GCA_036937185.1_ASM3693718v1_genomic
AT1G11270	CP137999.1	99.324	444	3	0	380	823	11185769	11186212	0	804	GCA_036937185.1_ASM3693718v1_genomic
AT1G11270	CP137999.1	99.545	440	2	0	4896	5335	11181253	11181692	0	802	GCA_036937185.1_ASM3693718v1_genomic
AT1G11270	CP137997.1	99.496	4958	23	2	380	5335	12635627	12630670	0	9016	GCA_036937185.1_ASM3693718v1_genomic
AT1G11270	CP137997.1	83.002	1106	159	15	3452	4552	2913406	2914487	0	974	GCA_036937185.1_ASM3693718v1_genomic
AT1G11270	CP137997.1	99.548	442	1	1	380	820	12631110	12630669	0	804	GCA_036937185.1_ASM3693718v1_genomic
AT1G11270	CP137997.1	99.32	441	2	1	4896	5335	12635627	12635187	0	797	GCA_036937185.1_ASM3693718v1_genomic
AT1G11270	CP137997.1	84.286	490	66	7	4623	5104	2914502	2914988	9.88e-130	468	GCA_036937185.1_ASM3693718v1_genomic
AT1G11270	CP137997.1	88.263	213	20	5	380	588	2914777	2914988	3.9e-64	250	GCA_036937185.1_ASM3693718v1_genomic
AT1G11270	CP137998.1	99.435	4960	26	2	379	5336	4523023	4527982	0	9003	GCA_036937185.1_ASM3693718v1_genomic
AT1G11270	CP137998.1	99.395	4956	30	0	380	5335	1009570	1014525	0	8986	GCA_036937185.1_ASM3693718v1_genomic
AT1G11270	CP137998.1	99.216	4976	36	3	380	5354	9429837	9424864	0	8970	GCA_036937185.1_ASM3693718v1_genomic
AT1G11270	CP137998.1	99.072	4958	24	4	379	5336	19663465	19658530	0	8881	GCA_036937185.1_ASM3693718v1_genomic
AT1G11270	CP137998.1	99.031	4955	45	2	383	5336	22911070	22916022	0	8881	GCA_036937185.1_ASM3693718v1_genomic
AT1G11270	CP137998.1	97.581	4960	90	5	380	5336	13532357	13537289	0	8468	GCA_036937185.1_ASM3693718v1_genomic
AT1G11270	CP137998.1	99.545	440	2	0	4896	5335	19663464	19663025	0	802	GCA_036937185.1_ASM3693718v1_genomic
AT1G11270	CP137998.1	99.32	441	2	1	380	819	4527541	4527981	0	797	GCA_036937185.1_ASM3693718v1_genomic
AT1G11270	CP137998.1	99.093	441	3	1	4896	5335	4523024	4523464	0	791	GCA_036937185.1_ASM3693718v1_genomic
AT1G11270	CP137998.1	98.869	442	5	0	4894	5335	9429839	9429398	0	789	GCA_036937185.1_ASM3693718v1_genomic
AT1G11270	CP137998.1	98.869	442	4	1	4895	5336	20898757	20899197	0	787	GCA_036937185.1_ASM3693718v1_genomic
AT1G11270	CP137998.1	98.864	440	5	0	4896	5335	1009570	1010009	0	785	GCA_036937185.1_ASM3693718v1_genomic
AT1G11270	CP137998.1	98.864	440	4	1	380	819	20898758	20899196	0	784	GCA_036937185.1_ASM3693718v1_genomic
AT1G11270	CP137998.1	98.639	441	6	0	380	820	1014086	1014526	0	782	GCA_036937185.1_ASM3693718v1_genomic
AT1G11270	CP137998.1	97.991	448	7	2	380	826	9425321	9424875	0	776	GCA_036937185.1_ASM3693718v1_genomic
AT1G11270	CP137998.1	98.627	437	6	0	380	816	22915582	22916018	0	774	GCA_036937185.1_ASM3693718v1_genomic
AT1G11270	CP137998.1	97.955	440	9	0	4896	5335	13532357	13532796	0	763	GCA_036937185.1_ASM3693718v1_genomic
AT1G11270	CP137998.1	97.273	440	12	0	380	819	13536849	13537288	0	747	GCA_036937185.1_ASM3693718v1_genomic
AT1G11270	CP137998.1	97.489	438	10	1	4899	5335	22911070	22911507	0	747	GCA_036937185.1_ASM3693718v1_genomic
AT1G11270	CP137998.1	95.909	440	0	2	380	819	19658952	19658531	0	697	GCA_036937185.1_ASM3693718v1_genomic
AT1G11270	CP138001.1	99.617	4960	16	3	380	5336	9737157	9732198	0	9051	GCA_036937335.1_ASM3693733v1_genomic
AT1G11270	CP138001.1	99.011	4956	49	0	380	5335	7652036	7656991	0	8881	GCA_036937335.1_ASM3693733v1_genomic
AT1G11270	CP138001.1	99.411	4416	25	1	701	5115	433316	428901	0	8010	GCA_036937335.1_ASM3693733v1_genomic
AT1G11270	CP138001.1	99.084	4258	35	4	796	5049	436445	440702	0	7644	GCA_036937335.1_ASM3693733v1_genomic
AT1G11270	CP138001.1	99.16	3096	26	0	817	3912	433367	436462	0	5574	GCA_036937335.1_ASM3693733v1_genomic
AT1G11270	CP138001.1	99.899	993	1	0	5336	6328	3769844	3770836	0	1829	GCA_036937335.1_ASM3693733v1_genomic
AT1G11270	CP138001.1	99.773	441	0	1	4896	5335	9737157	9736717	0	808	GCA_036937335.1_ASM3693733v1_genomic
AT1G11270	CP138001.1	99.32	441	2	1	380	819	9732639	9732199	0	797	GCA_036937335.1_ASM3693733v1_genomic
AT1G11270	CP138001.1	98.864	440	5	0	380	819	7656552	7656991	0	785	GCA_036937335.1_ASM3693733v1_genomic
AT1G11270	CP138001.1	98.214	448	7	1	4888	5335	7649379	7649825	0	782	GCA_036937335.1_ASM3693733v1_genomic
AT1G11270	CP138001.1	98.636	440	5	1	380	819	7649387	7649825	0	778	GCA_036937335.1_ASM3693733v1_genomic
AT1G11270	CP138001.1	97.959	441	9	0	4895	5335	7652035	7652475	0	765	GCA_036937335.1_ASM3693733v1_genomic
AT1G11270	CP138001.1	99.504	403	2	0	6312	6714	3770862	3771264	0	734	GCA_036937335.1_ASM3693733v1_genomic
AT1G11270	CP138001.1	100	381	0	0	1	381	3769470	3769850	0	704	GCA_036937335.1_ASM3693733v1_genomic
AT1G11270	CP138001.1	99.545	220	1	0	380	599	429120	428901	9.86e-110	401	GCA_036937335.1_ASM3693733v1_genomic
AT1G11270	CP138001.1	91.144	271	14	4	552	820	19930587	19930849	6.02e-97	359	GCA_036937335.1_ASM3693733v1_genomic
AT1G11270	CP138001.1	91.386	267	14	3	5068	5333	19930587	19930845	2.17e-96	357	GCA_036937335.1_ASM3693733v1_genomic
AT1G11270	CP138001.1	100	154	0	0	380	533	440549	440702	1.04e-74	285	GCA_036937335.1_ASM3693733v1_genomic
AT1G11270	CP138001.1	93.122	189	12	1	376	564	19930064	19930251	6.24e-72	276	GCA_036937335.1_ASM3693733v1_genomic
AT1G11270	CP138001.1	93.514	185	11	1	4896	5080	19930068	19930251	2.24e-71	274	GCA_036937335.1_ASM3693733v1_genomic
AT1G11270	CP138001.1	98.013	151	2	1	379	528	440825	440675	1.75e-67	261	GCA_036937335.1_ASM3693733v1_genomic
AT1G11270	CP138001.1	98	150	2	1	4896	5044	440824	440675	6.28e-67	259	GCA_036937335.1_ASM3693733v1_genomic
AT1G11270	CP138001.1	100	119	0	0	5217	5335	433316	433198	2.96e-55	220	GCA_036937335.1_ASM3693733v1_genomic
AT1G11270	CP138001.1	98.462	65	1	0	756	820	428860	428796	1.44e-23	115	GCA_036937335.1_ASM3693733v1_genomic
AT1G11270	CP138001.1	98.438	64	1	0	5272	5335	428860	428797	5.18e-23	113	GCA_036937335.1_ASM3693733v1_genomic
AT1G11270	CP138005.1	99.596	4956	20	0	380	5335	5653099	5648144	0	9042	GCA_036937335.1_ASM3693733v1_genomic
AT1G11270	CP138005.1	99.516	4959	22	2	380	5336	27646461	27651419	0	9023	GCA_036937335.1_ASM3693733v1_genomic
AT1G11270	CP138005.1	99.516	4958	20	4	380	5335	20165527	20160572	0	9020	GCA_036937335.1_ASM3693733v1_genomic
AT1G11270	CP138005.1	99.496	4962	20	5	376	5335	30045704	30050662	0	9020	GCA_036937335.1_ASM3693733v1_genomic
AT1G11270	CP138005.1	99.314	4956	34	0	380	5335	10858126	10863081	0	8964	GCA_036937335.1_ASM3693733v1_genomic
AT1G11270	CP138005.1	99.274	4957	35	1	380	5336	10867157	10872112	0	8953	GCA_036937335.1_ASM3693733v1_genomic
AT1G11270	CP138005.1	99.274	4956	35	1	380	5335	10862642	10867596	0	8951	GCA_036937335.1_ASM3693733v1_genomic
AT1G11270	CP138005.1	99.103	446	3	1	380	825	5648583	5648139	0	800	GCA_036937335.1_ASM3693733v1_genomic
AT1G11270	CP138005.1	99.321	442	3	0	4894	5335	5653101	5652660	0	800	GCA_036937335.1_ASM3693733v1_genomic
AT1G11270	CP138005.1	99.321	442	1	2	4895	5335	30045706	30046146	0	798	GCA_036937335.1_ASM3693733v1_genomic
AT1G11270	CP138005.1	99.318	440	3	0	380	819	10871672	10872111	0	797	GCA_036937335.1_ASM3693733v1_genomic
AT1G11270	CP138005.1	99.32	441	1	2	4896	5335	20165527	20165088	0	797	GCA_036937335.1_ASM3693733v1_genomic
AT1G11270	CP138005.1	99.32	441	2	1	4896	5335	27646461	27646901	0	797	GCA_036937335.1_ASM3693733v1_genomic
AT1G11270	CP138005.1	99.32	441	2	1	380	819	27650978	27651418	0	797	GCA_036937335.1_ASM3693733v1_genomic
AT1G11270	CP138005.1	98.871	443	5	0	4893	5335	10858123	10858565	0	791	GCA_036937335.1_ASM3693733v1_genomic
AT1G11270	CP138005.1	99.093	441	2	2	380	819	30050223	30050662	0	791	GCA_036937335.1_ASM3693733v1_genomic
AT1G11270	CP138005.1	98.871	443	3	2	380	821	20161011	20160570	0	789	GCA_036937335.1_ASM3693733v1_genomic
AT1G11270	CP138005.1	100	31	0	0	412	442	20160949	20160979	2.46e-06	58.4	GCA_036937335.1_ASM3693733v1_genomic
AT1G11270	CP138005.1	100	31	0	0	4928	4958	20160949	20160979	2.46e-06	58.4	GCA_036937335.1_ASM3693733v1_genomic
AT1G11270	CP138005.1	100	31	0	0	412	442	20165465	20165495	2.46e-06	58.4	GCA_036937335.1_ASM3693733v1_genomic
AT1G11270	CP138005.1	100	31	0	0	4928	4958	20165465	20165495	2.46e-06	58.4	GCA_036937335.1_ASM3693733v1_genomic
AT1G11270	CP138005.1	100	31	0	0	4928	4958	30045769	30045739	2.46e-06	58.4	GCA_036937335.1_ASM3693733v1_genomic
AT1G11270	CP138005.1	100	31	0	0	412	442	30045769	30045739	2.46e-06	58.4	GCA_036937335.1_ASM3693733v1_genomic
AT1G11270	CP138005.1	100	31	0	0	4928	4958	30050285	30050255	2.46e-06	58.4	GCA_036937335.1_ASM3693733v1_genomic
AT1G11270	CP138005.1	100	31	0	0	412	442	30050285	30050255	2.46e-06	58.4	GCA_036937335.1_ASM3693733v1_genomic
AT1G11270	CP138002.1	99.556	4959	20	2	380	5336	16053968	16049010	0	9034	GCA_036937335.1_ASM3693733v1_genomic
AT1G11270	CP138002.1	99.394	4954	29	1	382	5335	3142053	3137101	0	8981	GCA_036937335.1_ASM3693733v1_genomic
AT1G11270	CP138002.1	99.622	1059	4	0	380	1438	1884079	1883021	0	1934	GCA_036937335.1_ASM3693733v1_genomic
AT1G11270	CP138002.1	99.353	927	6	0	4409	5335	1883031	1882105	0	1679	GCA_036937335.1_ASM3693733v1_genomic
AT1G11270	CP138002.1	83.348	1105	156	15	3452	4552	3932317	3933397	0	996	GCA_036937335.1_ASM3693733v1_genomic
AT1G11270	CP138002.1	100	441	0	0	4895	5335	1884080	1883640	0	815	GCA_036937335.1_ASM3693733v1_genomic
AT1G11270	CP138002.1	99.545	440	2	0	380	819	1882544	1882105	0	802	GCA_036937335.1_ASM3693733v1_genomic
AT1G11270	CP138002.1	99.546	441	1	1	4896	5335	16053968	16053528	0	802	GCA_036937335.1_ASM3693733v1_genomic
AT1G11270	CP138002.1	99.095	442	2	2	383	822	16049448	16049007	0	793	GCA_036937335.1_ASM3693733v1_genomic
AT1G11270	CP138002.1	99.315	438	2	1	382	819	3137537	3137101	0	791	GCA_036937335.1_ASM3693733v1_genomic
AT1G11270	CP138002.1	99.087	438	3	1	4898	5335	3142053	3141617	0	785	GCA_036937335.1_ASM3693733v1_genomic
AT1G11270	CP138002.1	84.521	491	63	8	4623	5104	3933412	3933898	2.06e-131	473	GCA_036937335.1_ASM3693733v1_genomic
AT1G11270	CP138002.1	88.318	214	18	6	380	588	3933687	3933898	3.78e-64	250	GCA_036937335.1_ASM3693733v1_genomic
AT1G11270	CP138003.1	99.476	4959	24	2	379	5336	17447307	17442350	0	9012	GCA_036937335.1_ASM3693733v1_genomic
AT1G11270	CP138003.1	99.416	4963	24	4	379	5336	4565601	4570563	0	8999	GCA_036937335.1_ASM3693733v1_genomic
AT1G11270	CP138003.1	99.355	4958	30	2	380	5335	7398976	7403933	0	8977	GCA_036937335.1_ASM3693733v1_genomic
AT1G11270	CP138003.1	99.773	440	1	0	4896	5335	17447306	17446867	0	808	GCA_036937335.1_ASM3693733v1_genomic
AT1G11270	CP138003.1	99.548	442	1	1	380	820	7403493	7403934	0	804	GCA_036937335.1_ASM3693733v1_genomic
AT1G11270	CP138003.1	99.545	440	2	0	380	819	17442790	17442351	0	802	GCA_036937335.1_ASM3693733v1_genomic
AT1G11270	CP138003.1	99.32	441	2	1	380	819	4570122	4570562	0	797	GCA_036937335.1_ASM3693733v1_genomic
AT1G11270	CP138003.1	99.095	442	4	0	4895	5336	18599204	18599645	0	795	GCA_036937335.1_ASM3693733v1_genomic
AT1G11270	CP138003.1	99.091	440	4	0	4896	5335	7398976	7399415	0	791	GCA_036937335.1_ASM3693733v1_genomic
AT1G11270	CP138003.1	99.091	440	4	0	380	819	18599205	18599644	0	791	GCA_036937335.1_ASM3693733v1_genomic
AT1G11270	CP138003.1	98.423	444	3	3	4896	5335	4565602	4566045	0	778	GCA_036937335.1_ASM3693733v1_genomic
AT1G11270	CP138004.1	99.395	4956	27	2	382	5335	11021109	11016155	0	8983	GCA_036937335.1_ASM3693733v1_genomic
AT1G11270	CP138004.1	99.252	4810	36	0	526	5335	14505337	14510146	0	8684	GCA_036937335.1_ASM3693733v1_genomic
AT1G11270	CP138004.1	99.315	438	2	1	382	819	11016591	11016155	0	791	GCA_036937335.1_ASM3693733v1_genomic
AT1G11270	CP138004.1	98.652	445	5	1	376	819	2067268	2067712	0	787	GCA_036937335.1_ASM3693733v1_genomic
AT1G11270	CP138004.1	98.649	444	5	1	4896	5339	2067273	2067715	0	785	GCA_036937335.1_ASM3693733v1_genomic
AT1G11270	CP138004.1	99.087	438	3	1	4898	5335	11021109	11020673	0	785	GCA_036937335.1_ASM3693733v1_genomic
AT1G11270	CP138004.1	98.864	440	5	0	380	819	14509707	14510146	0	785	GCA_036937335.1_ASM3693733v1_genomic
AT1G11270	CP138004.1	97.959	294	6	0	5042	5335	14505337	14505630	1.57e-142	510	GCA_036937335.1_ASM3693733v1_genomic
AT1G11270	CP138004.1	98.425	127	1	1	4895	5020	14505231	14505357	8.24e-56	222	GCA_036937335.1_ASM3693733v1_genomic
AT1G11270	CP138004.1	98.413	126	1	1	380	504	14505232	14505357	2.96e-55	220	GCA_036937335.1_ASM3693733v1_genomic
AT1G11270	CP138006.1	99.637	4958	16	2	380	5335	26335901	26330944	0	9055	GCA_036937385.1_ASM3693738v1_genomic
AT1G11270	CP138006.1	99.576	4956	21	0	380	5335	20913072	20908117	0	9036	GCA_036937385.1_ASM3693738v1_genomic
AT1G11270	CP138006.1	99.092	4956	45	0	380	5335	7690951	7695906	0	8903	GCA_036937385.1_ASM3693738v1_genomic
AT1G11270	CP138006.1	99.584	3122	13	0	2214	5335	32254083	32257204	0	5694	GCA_036937385.1_ASM3693738v1_genomic
AT1G11270	CP138006.1	96.804	1408	15	4	5336	6714	3775249	3776655	0	2324	GCA_036937385.1_ASM3693738v1_genomic
AT1G11270	CP138006.1	99.773	440	1	0	380	819	32256765	32257204	0	808	GCA_036937385.1_ASM3693738v1_genomic
AT1G11270	CP138006.1	99.318	440	3	0	380	819	20908556	20908117	0	797	GCA_036937385.1_ASM3693738v1_genomic
AT1G11270	CP138006.1	99.318	440	3	0	4896	5335	20913072	20912633	0	797	GCA_036937385.1_ASM3693738v1_genomic
AT1G11270	CP138006.1	99.32	441	2	1	380	819	26331384	26330944	0	797	GCA_036937385.1_ASM3693738v1_genomic
AT1G11270	CP138006.1	99.091	440	4	0	380	819	7695467	7695906	0	791	GCA_036937385.1_ASM3693738v1_genomic
AT1G11270	CP138006.1	99.093	441	3	1	4896	5335	26335901	26335461	0	791	GCA_036937385.1_ASM3693738v1_genomic
AT1G11270	CP138006.1	98.441	449	4	3	372	819	20711073	20711519	0	787	GCA_036937385.1_ASM3693738v1_genomic
AT1G11270	CP138006.1	98.866	441	3	2	4896	5335	20711080	20711519	0	785	GCA_036937385.1_ASM3693738v1_genomic
AT1G11270	CP138006.1	98.214	448	7	1	4888	5335	7688294	7688740	0	782	GCA_036937385.1_ASM3693738v1_genomic
AT1G11270	CP138006.1	98.636	440	5	1	380	819	7688302	7688740	0	778	GCA_036937385.1_ASM3693738v1_genomic
AT1G11270	CP138006.1	97.959	441	9	0	4895	5335	7690950	7691390	0	765	GCA_036937385.1_ASM3693738v1_genomic
AT1G11270	CP138006.1	97.638	381	9	0	1	381	3774875	3775255	0	654	GCA_036937385.1_ASM3693738v1_genomic
AT1G11270	CP138006.1	91.144	271	14	4	552	820	20775746	20776008	6.14e-97	359	GCA_036937385.1_ASM3693738v1_genomic
AT1G11270	CP138006.1	91.386	267	14	3	5068	5333	20775746	20776004	2.21e-96	357	GCA_036937385.1_ASM3693738v1_genomic
AT1G11270	CP138006.1	93.122	189	12	1	376	564	20775223	20775410	6.36e-72	276	GCA_036937385.1_ASM3693738v1_genomic
AT1G11270	CP138006.1	93.514	185	11	1	4896	5080	20775227	20775410	2.29e-71	274	GCA_036937385.1_ASM3693738v1_genomic
AT1G11270	CP138006.1	100	31	0	0	4928	4958	20711142	20711112	2.51e-06	58.4	GCA_036937385.1_ASM3693738v1_genomic
AT1G11270	CP138006.1	100	31	0	0	412	442	20711142	20711112	2.51e-06	58.4	GCA_036937385.1_ASM3693738v1_genomic
AT1G11270	CP138007.1	99.556	4957	22	0	380	5336	17699662	17694706	0	9033	GCA_036937385.1_ASM3693738v1_genomic
AT1G11270	CP138007.1	99.435	4958	24	4	380	5335	10782605	10777650	0	8997	GCA_036937385.1_ASM3693738v1_genomic
AT1G11270	CP138007.1	99.356	4966	30	2	377	5340	11820177	11815212	0	8992	GCA_036937385.1_ASM3693738v1_genomic
AT1G11270	CP138007.1	99.394	4954	29	1	382	5335	2161980	2157028	0	8981	GCA_036937385.1_ASM3693738v1_genomic
AT1G11270	CP138007.1	99.622	1059	4	0	380	1438	970872	969814	0	1934	GCA_036937385.1_ASM3693738v1_genomic
AT1G11270	CP138007.1	99.353	927	6	0	4409	5335	969824	968898	0	1679	GCA_036937385.1_ASM3693738v1_genomic
AT1G11270	CP138007.1	83.348	1105	156	15	3452	4552	2952046	2953126	0	996	GCA_036937385.1_ASM3693738v1_genomic
AT1G11270	CP138007.1	100	441	0	0	4895	5335	970873	970433	0	815	GCA_036937385.1_ASM3693738v1_genomic
AT1G11270	CP138007.1	99.546	441	2	0	380	820	11815658	11815218	0	804	GCA_036937385.1_ASM3693738v1_genomic
AT1G11270	CP138007.1	99.545	440	2	0	380	819	969337	968898	0	802	GCA_036937385.1_ASM3693738v1_genomic
AT1G11270	CP138007.1	99.545	440	2	0	4896	5335	11820174	11819735	0	802	GCA_036937385.1_ASM3693738v1_genomic
AT1G11270	CP138007.1	99.32	441	3	0	4895	5335	17699663	17699223	0	798	GCA_036937385.1_ASM3693738v1_genomic
AT1G11270	CP138007.1	99.318	440	3	0	380	819	17695146	17694707	0	797	GCA_036937385.1_ASM3693738v1_genomic
AT1G11270	CP138007.1	99.315	438	2	1	382	819	2157464	2157028	0	791	GCA_036937385.1_ASM3693738v1_genomic
AT1G11270	CP138007.1	99.087	438	3	1	4898	5335	2161980	2161544	0	785	GCA_036937385.1_ASM3693738v1_genomic
AT1G11270	CP138007.1	98.866	441	3	2	380	819	10778089	10777650	0	785	GCA_036937385.1_ASM3693738v1_genomic
AT1G11270	CP138007.1	98.866	441	3	2	4896	5335	10782605	10782166	0	785	GCA_036937385.1_ASM3693738v1_genomic
AT1G11270	CP138007.1	84.521	491	63	8	4623	5104	2953141	2953627	2.1e-131	473	GCA_036937385.1_ASM3693738v1_genomic
AT1G11270	CP138007.1	88.318	214	18	6	380	588	2953416	2953627	3.86e-64	250	GCA_036937385.1_ASM3693738v1_genomic
AT1G11270	CP138007.1	100	31	0	0	412	442	10778027	10778057	2.51e-06	58.4	GCA_036937385.1_ASM3693738v1_genomic
AT1G11270	CP138007.1	100	31	0	0	4928	4958	10778027	10778057	2.51e-06	58.4	GCA_036937385.1_ASM3693738v1_genomic
AT1G11270	CP138007.1	100	31	0	0	412	442	10782543	10782573	2.51e-06	58.4	GCA_036937385.1_ASM3693738v1_genomic
AT1G11270	CP138007.1	100	31	0	0	4928	4958	10782543	10782573	2.51e-06	58.4	GCA_036937385.1_ASM3693738v1_genomic
AT1G11270	CP138010.1	99.556	4956	22	0	380	5335	21457177	21462132	0	9031	GCA_036937385.1_ASM3693738v1_genomic
AT1G11270	CP138010.1	99.536	4959	22	1	379	5336	28942526	28937568	0	9029	GCA_036937385.1_ASM3693738v1_genomic
AT1G11270	CP138010.1	99.496	4959	23	2	380	5336	28526201	28531159	0	9018	GCA_036937385.1_ASM3693738v1_genomic
AT1G11270	CP138010.1	99.476	4962	21	5	376	5335	30915009	30919967	0	9014	GCA_036937385.1_ASM3693738v1_genomic
AT1G11270	CP138010.1	99.213	4957	32	1	379	5335	24589312	24594261	0	8931	GCA_036937385.1_ASM3693738v1_genomic
AT1G11270	CP138010.1	99.193	4958	18	1	380	5337	3052550	3047615	0	8914	GCA_036937385.1_ASM3693738v1_genomic
AT1G11270	CP138010.1	99.546	441	2	0	4895	5335	3052551	3052111	0	804	GCA_036937385.1_ASM3693738v1_genomic
AT1G11270	CP138010.1	99.545	440	2	0	380	819	3048056	3047617	0	802	GCA_036937385.1_ASM3693738v1_genomic
AT1G11270	CP138010.1	99.545	440	2	0	380	819	24593822	24594261	0	802	GCA_036937385.1_ASM3693738v1_genomic
AT1G11270	CP138010.1	99.545	440	2	0	4896	5335	28942525	28942086	0	802	GCA_036937385.1_ASM3693738v1_genomic
AT1G11270	CP138010.1	99.318	440	3	0	4896	5335	21457177	21457616	0	797	GCA_036937385.1_ASM3693738v1_genomic
AT1G11270	CP138010.1	99.318	440	3	0	380	819	21461693	21462132	0	797	GCA_036937385.1_ASM3693738v1_genomic
AT1G11270	CP138010.1	99.32	441	2	1	380	819	28530718	28531158	0	797	GCA_036937385.1_ASM3693738v1_genomic
AT1G11270	CP138010.1	99.318	440	3	0	380	819	28938008	28937569	0	797	GCA_036937385.1_ASM3693738v1_genomic
AT1G11270	CP138010.1	99.093	441	3	1	4896	5335	28526201	28526641	0	791	GCA_036937385.1_ASM3693738v1_genomic
AT1G11270	CP138010.1	99.093	441	2	2	380	819	30919528	30919967	0	791	GCA_036937385.1_ASM3693738v1_genomic
AT1G11270	CP138010.1	98.869	442	3	2	4895	5335	30915011	30915451	0	787	GCA_036937385.1_ASM3693738v1_genomic
AT1G11270	CP138010.1	98.864	440	5	0	4896	5335	24589313	24589752	0	785	GCA_036937385.1_ASM3693738v1_genomic
AT1G11270	CP138010.1	100	31	0	0	4928	4958	30915074	30915044	2.51e-06	58.4	GCA_036937385.1_ASM3693738v1_genomic
AT1G11270	CP138010.1	100	31	0	0	412	442	30915074	30915044	2.51e-06	58.4	GCA_036937385.1_ASM3693738v1_genomic
AT1G11270	CP138010.1	100	31	0	0	4928	4958	30919590	30919560	2.51e-06	58.4	GCA_036937385.1_ASM3693738v1_genomic
AT1G11270	CP138010.1	100	31	0	0	412	442	30919590	30919560	2.51e-06	58.4	GCA_036937385.1_ASM3693738v1_genomic
AT1G11270	CP138009.1	99.536	4959	19	4	379	5335	932558	937514	0	9027	GCA_036937385.1_ASM3693738v1_genomic
AT1G11270	CP138009.1	99.536	4958	21	2	380	5335	16007648	16012605	0	9027	GCA_036937385.1_ASM3693738v1_genomic
AT1G11270	CP138009.1	99.32	441	1	2	380	819	937075	937514	0	797	GCA_036937385.1_ASM3693738v1_genomic
AT1G11270	CP138009.1	99.093	441	2	2	4896	5335	932559	932998	0	791	GCA_036937385.1_ASM3693738v1_genomic
AT1G11270	CP138009.1	98.866	441	4	1	4896	5335	16007648	16008088	0	785	GCA_036937385.1_ASM3693738v1_genomic
AT1G11270	CP138009.1	98.866	441	4	1	380	819	16012165	16012605	0	785	GCA_036937385.1_ASM3693738v1_genomic
AT1G11270	CP138009.1	100	31	0	0	4928	4958	932621	932591	2.51e-06	58.4	GCA_036937385.1_ASM3693738v1_genomic
AT1G11270	CP138009.1	100	31	0	0	412	442	932621	932591	2.51e-06	58.4	GCA_036937385.1_ASM3693738v1_genomic
AT1G11270	CP138009.1	100	31	0	0	4928	4958	937137	937107	2.51e-06	58.4	GCA_036937385.1_ASM3693738v1_genomic
AT1G11270	CP138009.1	100	31	0	0	412	442	937137	937107	2.51e-06	58.4	GCA_036937385.1_ASM3693738v1_genomic
AT1G11270	CP138008.1	99.395	4958	28	2	380	5335	7356419	7361376	0	8988	GCA_036937385.1_ASM3693738v1_genomic
AT1G11270	CP138008.1	99.321	442	2	1	380	820	7360936	7361377	0	798	GCA_036937385.1_ASM3693738v1_genomic
AT1G11270	CP138008.1	99.091	440	4	0	4896	5335	7356419	7356858	0	791	GCA_036937385.1_ASM3693738v1_genomic
AT1G11270	CP138020.1	99.456	4959	25	2	379	5335	19489501	19494459	0	9007	GCA_036937455.1_ASM3693745v1_genomic
AT1G11270	CP138020.1	99.548	442	1	1	380	820	19494019	19494460	0	804	GCA_036937455.1_ASM3693745v1_genomic
AT1G11270	CP138020.1	99.546	441	1	1	4896	5335	19489502	19489942	0	802	GCA_036937455.1_ASM3693745v1_genomic
AT1G11270	CP138019.1	99.375	4957	30	1	380	5335	15185387	15180431	0	8981	GCA_036937455.1_ASM3693745v1_genomic
AT1G11270	CP138019.1	99.274	4960	29	3	382	5335	8990679	8985721	0	8953	GCA_036937455.1_ASM3693745v1_genomic
AT1G11270	CP138019.1	99.399	4496	26	1	526	5020	12684322	12688817	0	8152	GCA_036937455.1_ASM3693745v1_genomic
AT1G11270	CP138019.1	100	441	0	0	4895	5335	15185388	15184948	0	815	GCA_036937455.1_ASM3693745v1_genomic
AT1G11270	CP138019.1	98.876	445	4	1	376	819	1926542	1926986	0	793	GCA_036937455.1_ASM3693745v1_genomic
AT1G11270	CP138019.1	98.874	444	4	1	4896	5339	1926547	1926989	0	791	GCA_036937455.1_ASM3693745v1_genomic
AT1G11270	CP138019.1	99.315	438	2	1	382	819	8986157	8985721	0	791	GCA_036937455.1_ASM3693745v1_genomic
AT1G11270	CP138019.1	99.087	438	3	1	4898	5335	8990679	8990243	0	785	GCA_036937455.1_ASM3693745v1_genomic
AT1G11270	CP138019.1	98.427	445	7	0	380	824	15180870	15180426	0	784	GCA_036937455.1_ASM3693745v1_genomic
AT1G11270	CP138019.1	99.32	294	2	0	526	819	12688797	12689090	3.29e-149	532	GCA_036937455.1_ASM3693745v1_genomic
AT1G11270	CP138019.1	99.32	294	2	0	5042	5335	12688797	12689090	3.29e-149	532	GCA_036937455.1_ASM3693745v1_genomic
AT1G11270	CP138019.1	98.98	294	3	0	5042	5335	12684322	12684615	1.53e-147	527	GCA_036937455.1_ASM3693745v1_genomic
AT1G11270	CP138019.1	97.638	127	2	1	4895	5020	12684216	12684342	3.76e-54	217	GCA_036937455.1_ASM3693745v1_genomic
AT1G11270	CP138019.1	97.619	126	2	1	380	504	12684217	12684342	1.35e-53	215	GCA_036937455.1_ASM3693745v1_genomic
AT1G11270	CP138019.1	97.619	126	2	1	380	504	12688692	12688817	1.35e-53	215	GCA_036937455.1_ASM3693745v1_genomic
AT1G11270	CP138016.1	99.083	2835	26	0	2501	5335	7685362	7688196	0	5092	GCA_036937455.1_ASM3693745v1_genomic
AT1G11270	CP138016.1	98.776	2124	26	0	380	2503	7683005	7685128	0	3779	GCA_036937455.1_ASM3693745v1_genomic
AT1G11270	CP138016.1	99.638	1381	1	2	5336	6714	3780854	3782232	0	2519	GCA_036937455.1_ASM3693745v1_genomic
AT1G11270	CP138016.1	98.438	448	6	1	4888	5335	7680348	7680794	0	787	GCA_036937455.1_ASM3693745v1_genomic
AT1G11270	CP138016.1	98.864	440	5	0	380	819	7687757	7688196	0	785	GCA_036937455.1_ASM3693745v1_genomic
AT1G11270	CP138016.1	98.864	440	4	1	380	819	7680356	7680794	0	784	GCA_036937455.1_ASM3693745v1_genomic
AT1G11270	CP138016.1	97.506	441	11	0	4895	5335	7683004	7683444	0	754	GCA_036937455.1_ASM3693745v1_genomic
AT1G11270	CP138016.1	99.213	381	3	0	1	381	3780480	3780860	0	688	GCA_036937455.1_ASM3693745v1_genomic
AT1G11270	CP138016.1	93.541	449	21	6	372	819	23290602	23291043	0	662	GCA_036937455.1_ASM3693745v1_genomic
AT1G11270	CP138016.1	93.708	445	21	5	4896	5339	23290609	23291047	0	660	GCA_036937455.1_ASM3693745v1_genomic
AT1G11270	CP138016.1	90.775	271	15	4	552	820	18510581	18510843	2.75e-95	353	GCA_036937455.1_ASM3693745v1_genomic
AT1G11270	CP138016.1	91.011	267	15	3	5068	5333	18510581	18510839	9.88e-95	351	GCA_036937455.1_ASM3693745v1_genomic
AT1G11270	CP138017.1	82.986	1105	160	15	3452	4552	3178870	3179950	0	974	GCA_036937455.1_ASM3693745v1_genomic
AT1G11270	CP138017.1	85.873	361	47	4	1879	2237	16328867	16328509	1.26e-103	381	GCA_036937455.1_ASM3693745v1_genomic
AT1G11270	CP138015.1	99.538	4974	20	3	371	5341	3210054	3205081	0	9055	GCA_036937465.1_ASM3693746v1_genomic
AT1G11270	CP138015.1	99.516	4956	24	0	380	5335	1619692	1614737	0	9020	GCA_036937465.1_ASM3693746v1_genomic
AT1G11270	CP138015.1	99.476	4962	21	5	376	5335	29171025	29175983	0	9014	GCA_036937465.1_ASM3693746v1_genomic
AT1G11270	CP138015.1	99.32	441	3	0	380	820	1615176	1614736	0	798	GCA_036937465.1_ASM3693746v1_genomic
AT1G11270	CP138015.1	99.32	441	3	0	4895	5335	1619693	1619253	0	798	GCA_036937465.1_ASM3693746v1_genomic
AT1G11270	CP138015.1	99.32	441	2	1	4896	5335	3210044	3209604	0	797	GCA_036937465.1_ASM3693746v1_genomic
AT1G11270	CP138015.1	99.093	441	3	1	380	819	3205527	3205087	0	791	GCA_036937465.1_ASM3693746v1_genomic
AT1G11270	CP138015.1	99.093	441	2	2	380	819	29175544	29175983	0	791	GCA_036937465.1_ASM3693746v1_genomic
AT1G11270	CP138015.1	98.869	442	3	2	4895	5335	29171027	29171467	0	787	GCA_036937465.1_ASM3693746v1_genomic
AT1G11270	CP138015.1	100	31	0	0	4928	4958	29171090	29171060	2.5e-06	58.4	GCA_036937465.1_ASM3693746v1_genomic
AT1G11270	CP138015.1	100	31	0	0	412	442	29171090	29171060	2.5e-06	58.4	GCA_036937465.1_ASM3693746v1_genomic
AT1G11270	CP138015.1	100	31	0	0	4928	4958	29175606	29175576	2.5e-06	58.4	GCA_036937465.1_ASM3693746v1_genomic
AT1G11270	CP138015.1	100	31	0	0	412	442	29175606	29175576	2.5e-06	58.4	GCA_036937465.1_ASM3693746v1_genomic
AT1G11270	CP138011.1	99.617	4956	19	0	380	5335	23368206	23363251	0	9047	GCA_036937465.1_ASM3693746v1_genomic
AT1G11270	CP138011.1	98.73	4961	33	6	378	5336	33932309	33937241	0	8785	GCA_036937465.1_ASM3693746v1_genomic
AT1G11270	CP138011.1	98.499	1399	1	1	5336	6714	3790704	3792102	0	2449	GCA_036937465.1_ASM3693746v1_genomic
AT1G11270	CP138011.1	99.545	440	2	0	4896	5335	23368206	23367767	0	802	GCA_036937465.1_ASM3693746v1_genomic
AT1G11270	CP138011.1	99.097	443	4	0	380	822	23363690	23363248	0	797	GCA_036937465.1_ASM3693746v1_genomic
AT1G11270	CP138011.1	98.866	441	4	1	380	819	33936800	33937240	0	785	GCA_036937465.1_ASM3693746v1_genomic
AT1G11270	CP138011.1	97.732	441	7	3	4896	5335	33932311	33932749	0	756	GCA_036937465.1_ASM3693746v1_genomic
AT1G11270	CP138011.1	99.213	381	3	0	1	381	3790330	3790710	0	688	GCA_036937465.1_ASM3693746v1_genomic
AT1G11270	CP138011.1	90.037	271	17	4	552	820	21721392	21721654	6.15e-92	342	GCA_036937465.1_ASM3693746v1_genomic
AT1G11270	CP138011.1	90.262	267	17	3	5068	5333	21721392	21721650	2.21e-91	340	GCA_036937465.1_ASM3693746v1_genomic
AT1G11270	CP138011.1	92.593	189	13	1	376	564	21720865	21721052	2.94e-70	270	GCA_036937465.1_ASM3693746v1_genomic
AT1G11270	CP138011.1	92.973	185	12	1	4896	5080	21720869	21721052	1.06e-69	268	GCA_036937465.1_ASM3693746v1_genomic
AT1G11270	CP138013.1	99.395	4959	29	1	379	5337	26469495	26474452	0	8990	GCA_036937465.1_ASM3693746v1_genomic
AT1G11270	CP138013.1	99.094	4967	45	0	372	5338	27073578	27068612	0	8924	GCA_036937465.1_ASM3693746v1_genomic
AT1G11270	CP138013.1	98.453	4976	57	2	380	5335	19259375	19264350	0	8745	GCA_036937465.1_ASM3693746v1_genomic
AT1G11270	CP138013.1	97.359	4960	100	7	380	5336	13373900	13378831	0	8405	GCA_036937465.1_ASM3693746v1_genomic
AT1G11270	CP138013.1	99.545	440	2	0	4896	5335	26469496	26469935	0	802	GCA_036937465.1_ASM3693746v1_genomic
AT1G11270	CP138013.1	99.545	440	2	0	380	819	26474011	26474450	0	802	GCA_036937465.1_ASM3693746v1_genomic
AT1G11270	CP138013.1	98.186	441	8	0	4895	5335	27073571	27073131	0	771	GCA_036937465.1_ASM3693746v1_genomic
AT1G11270	CP138013.1	98.182	440	8	0	4896	5335	13373900	13374339	0	769	GCA_036937465.1_ASM3693746v1_genomic
AT1G11270	CP138013.1	98.182	440	8	0	380	819	27069054	27068615	0	769	GCA_036937465.1_ASM3693746v1_genomic
AT1G11270	CP138013.1	97.045	440	13	0	380	819	13378391	13378830	0	741	GCA_036937465.1_ASM3693746v1_genomic
AT1G11270	CP138013.1	96.444	450	6	1	4896	5335	19259375	19259824	0	734	GCA_036937465.1_ASM3693746v1_genomic
AT1G11270	CP138013.1	96.444	450	6	1	380	819	19263901	19264350	0	734	GCA_036937465.1_ASM3693746v1_genomic
AT1G11270	CP138012.1	99.213	4956	38	1	380	5335	630587	635541	0	8935	GCA_036937465.1_ASM3693746v1_genomic
AT1G11270	CP138012.1	83.348	1105	156	15	3452	4552	2733492	2734572	0	996	GCA_036937465.1_ASM3693746v1_genomic
AT1G11270	CP138012.1	98.413	441	7	0	4895	5335	630586	631026	0	776	GCA_036937465.1_ASM3693746v1_genomic
AT1G11270	CP138012.1	97.959	441	9	0	380	820	635102	635542	0	765	GCA_036937465.1_ASM3693746v1_genomic
AT1G11270	CP138012.1	84.521	491	63	8	4623	5104	2734587	2735073	2.09e-131	473	GCA_036937465.1_ASM3693746v1_genomic
AT1G11270	CP138012.1	85.596	361	48	4	1879	2237	15561755	15561397	6.07e-102	375	GCA_036937465.1_ASM3693746v1_genomic
AT1G11270	CP138012.1	88.318	214	18	6	380	588	2734862	2735073	3.84e-64	250	GCA_036937465.1_ASM3693746v1_genomic
AT1G11270	CP138021.1	99.597	4958	18	2	380	5335	22913143	22918100	0	9044	GCA_036937475.1_ASM3693747v1_genomic
AT1G11270	CP138021.1	99.576	4958	21	0	379	5336	32108167	32103210	0	9040	GCA_036937475.1_ASM3693747v1_genomic
AT1G11270	CP138021.1	99.354	4957	30	1	379	5335	6220905	6215951	0	8975	GCA_036937475.1_ASM3693747v1_genomic
AT1G11270	CP138021.1	99.193	4959	38	2	380	5336	3196853	3191895	0	8935	GCA_036937475.1_ASM3693747v1_genomic
AT1G11270	CP138021.1	98.81	4956	59	0	380	5335	7716885	7721840	0	8826	GCA_036937475.1_ASM3693747v1_genomic
AT1G11270	CP138021.1	98.75	4961	31	5	378	5336	31469320	31474251	0	8789	GCA_036937475.1_ASM3693747v1_genomic
AT1G11270	CP138021.1	99.899	993	1	0	5336	6328	3816924	3817916	0	1829	GCA_036937475.1_ASM3693747v1_genomic
AT1G11270	CP138021.1	99.545	440	2	0	380	819	6216390	6215951	0	802	GCA_036937475.1_ASM3693747v1_genomic
AT1G11270	CP138021.1	99.545	440	2	0	4896	5335	6220904	6220465	0	802	GCA_036937475.1_ASM3693747v1_genomic
AT1G11270	CP138021.1	99.32	441	2	1	380	819	3192336	3191896	0	797	GCA_036937475.1_ASM3693747v1_genomic
AT1G11270	CP138021.1	99.32	441	2	1	4896	5335	3196853	3196413	0	797	GCA_036937475.1_ASM3693747v1_genomic
AT1G11270	CP138021.1	99.32	441	2	1	4896	5335	22913143	22913583	0	797	GCA_036937475.1_ASM3693747v1_genomic
AT1G11270	CP138021.1	99.32	441	2	1	380	819	22917660	22918100	0	797	GCA_036937475.1_ASM3693747v1_genomic
AT1G11270	CP138021.1	99.318	440	3	0	380	819	32103650	32103211	0	797	GCA_036937475.1_ASM3693747v1_genomic
AT1G11270	CP138021.1	99.318	440	3	0	4896	5335	32108166	32107727	0	797	GCA_036937475.1_ASM3693747v1_genomic
AT1G11270	CP138021.1	98.866	441	4	1	380	819	31473810	31474250	0	785	GCA_036937475.1_ASM3693747v1_genomic
AT1G11270	CP138021.1	98.214	448	7	1	4888	5335	7714228	7714674	0	782	GCA_036937475.1_ASM3693747v1_genomic
AT1G11270	CP138021.1	98.636	440	5	1	380	819	7714236	7714674	0	778	GCA_036937475.1_ASM3693747v1_genomic
AT1G11270	CP138021.1	98.182	440	8	0	380	819	7721401	7721840	0	769	GCA_036937475.1_ASM3693747v1_genomic
AT1G11270	CP138021.1	98.186	441	7	1	4896	5335	31469322	31469762	0	769	GCA_036937475.1_ASM3693747v1_genomic
AT1G11270	CP138021.1	97.279	441	12	0	4895	5335	7716884	7717324	0	749	GCA_036937475.1_ASM3693747v1_genomic
AT1G11270	CP138021.1	99.504	403	2	0	6312	6714	3817942	3818344	0	734	GCA_036937475.1_ASM3693747v1_genomic
AT1G11270	CP138021.1	100	381	0	0	1	381	3816550	3816930	0	704	GCA_036937475.1_ASM3693747v1_genomic
AT1G11270	CP138021.1	91.144	271	14	4	552	820	19353421	19353683	6.03e-97	359	GCA_036937475.1_ASM3693747v1_genomic
AT1G11270	CP138021.1	91.386	267	14	3	5068	5333	19353421	19353679	2.17e-96	357	GCA_036937475.1_ASM3693747v1_genomic
AT1G11270	CP138021.1	93.122	189	12	1	376	564	19352898	19353085	6.25e-72	276	GCA_036937475.1_ASM3693747v1_genomic
AT1G11270	CP138021.1	93.514	185	11	1	4896	5080	19352902	19353085	2.25e-71	274	GCA_036937475.1_ASM3693747v1_genomic
AT1G11270	CP138024.1	99.596	4956	20	0	380	5335	13520055	13525010	0	9042	GCA_036937475.1_ASM3693747v1_genomic
AT1G11270	CP138024.1	99.252	4810	36	0	526	5335	17310533	17315342	0	8684	GCA_036937475.1_ASM3693747v1_genomic
AT1G11270	CP138024.1	99.324	444	3	0	380	823	13524571	13525014	0	804	GCA_036937475.1_ASM3693747v1_genomic
AT1G11270	CP138024.1	99.545	440	2	0	4896	5335	13520055	13520494	0	802	GCA_036937475.1_ASM3693747v1_genomic
AT1G11270	CP138024.1	98.864	440	5	0	380	819	17314903	17315342	0	785	GCA_036937475.1_ASM3693747v1_genomic
AT1G11270	CP138024.1	97.959	294	6	0	5042	5335	17310533	17310826	1.57e-142	510	GCA_036937475.1_ASM3693747v1_genomic
AT1G11270	CP138024.1	98.425	127	1	1	4895	5020	17310427	17310553	8.26e-56	222	GCA_036937475.1_ASM3693747v1_genomic
AT1G11270	CP138024.1	98.413	126	1	1	380	504	17310428	17310553	2.97e-55	220	GCA_036937475.1_ASM3693747v1_genomic
AT1G11270	CP138025.1	99.477	4968	25	1	374	5341	23279410	23274444	0	9029	GCA_036937475.1_ASM3693747v1_genomic
AT1G11270	CP138025.1	99.496	4959	23	2	380	5336	26783275	26788233	0	9018	GCA_036937475.1_ASM3693747v1_genomic
AT1G11270	CP138025.1	99.213	4957	32	1	379	5335	22824012	22828961	0	8931	GCA_036937475.1_ASM3693747v1_genomic
AT1G11270	CP138025.1	99.073	4962	19	6	376	5335	29177073	29182009	0	8883	GCA_036937475.1_ASM3693747v1_genomic
AT1G11270	CP138025.1	99.545	440	2	0	380	819	22828522	22828961	0	802	GCA_036937475.1_ASM3693747v1_genomic
AT1G11270	CP138025.1	99.545	440	2	0	380	819	23274889	23274450	0	802	GCA_036937475.1_ASM3693747v1_genomic
AT1G11270	CP138025.1	99.545	440	1	1	4896	5335	23279404	23278966	0	800	GCA_036937475.1_ASM3693747v1_genomic
AT1G11270	CP138025.1	99.321	442	1	2	4895	5335	29177075	29177515	0	798	GCA_036937475.1_ASM3693747v1_genomic
AT1G11270	CP138025.1	99.32	441	2	1	4896	5335	26783275	26783715	0	797	GCA_036937475.1_ASM3693747v1_genomic
AT1G11270	CP138025.1	99.32	441	2	1	380	819	26787792	26788232	0	797	GCA_036937475.1_ASM3693747v1_genomic
AT1G11270	CP138025.1	99.093	441	2	2	380	819	29181570	29182009	0	791	GCA_036937475.1_ASM3693747v1_genomic
AT1G11270	CP138025.1	98.864	440	5	0	4896	5335	22824013	22824452	0	785	GCA_036937475.1_ASM3693747v1_genomic
AT1G11270	CP138025.1	100	31	0	0	4928	4958	29177138	29177108	2.47e-06	58.4	GCA_036937475.1_ASM3693747v1_genomic
AT1G11270	CP138025.1	100	31	0	0	412	442	29177138	29177108	2.47e-06	58.4	GCA_036937475.1_ASM3693747v1_genomic
AT1G11270	CP138025.1	100	31	0	0	4928	4958	29181632	29181602	2.47e-06	58.4	GCA_036937475.1_ASM3693747v1_genomic
AT1G11270	CP138025.1	100	31	0	0	412	442	29181632	29181602	2.47e-06	58.4	GCA_036937475.1_ASM3693747v1_genomic
AT1G11270	CP138022.1	99.516	4958	24	0	380	5337	10389444	10394401	0	9023	GCA_036937475.1_ASM3693747v1_genomic
AT1G11270	CP138022.1	99.496	4958	23	2	380	5335	799006	803963	0	9016	GCA_036937475.1_ASM3693747v1_genomic
AT1G11270	CP138022.1	99.476	4959	23	2	380	5335	1254301	1249343	0	9010	GCA_036937475.1_ASM3693747v1_genomic
AT1G11270	CP138022.1	99.415	4957	29	0	380	5336	9367964	9363008	0	8994	GCA_036937475.1_ASM3693747v1_genomic
AT1G11270	CP138022.1	99.294	4954	34	1	382	5335	1962939	1957987	0	8953	GCA_036937475.1_ASM3693747v1_genomic
AT1G11270	CP138022.1	99.254	4958	36	1	379	5335	12071760	12076717	0	8949	GCA_036937475.1_ASM3693747v1_genomic
AT1G11270	CP138022.1	83.439	1105	155	15	3452	4552	2746289	2747369	0	1002	GCA_036937475.1_ASM3693747v1_genomic
AT1G11270	CP138022.1	99.32	441	2	1	4896	5335	799006	799446	0	797	GCA_036937475.1_ASM3693747v1_genomic
AT1G11270	CP138022.1	99.32	441	2	1	380	819	803523	803963	0	797	GCA_036937475.1_ASM3693747v1_genomic
AT1G11270	CP138022.1	99.095	442	2	1	4896	5335	1254301	1253860	0	793	GCA_036937475.1_ASM3693747v1_genomic
AT1G11270	CP138022.1	99.315	438	2	1	4898	5335	1962939	1962503	0	791	GCA_036937475.1_ASM3693747v1_genomic
AT1G11270	CP138022.1	99.091	440	4	0	4896	5335	10389444	10389883	0	791	GCA_036937475.1_ASM3693747v1_genomic
AT1G11270	CP138022.1	99.091	440	4	0	380	819	10393960	10394399	0	791	GCA_036937475.1_ASM3693747v1_genomic
AT1G11270	CP138022.1	98.866	441	4	1	380	819	1249783	1249343	0	785	GCA_036937475.1_ASM3693747v1_genomic
AT1G11270	CP138022.1	99.087	438	3	1	382	819	1958423	1957987	0	785	GCA_036937475.1_ASM3693747v1_genomic
AT1G11270	CP138022.1	98.864	440	5	0	380	819	9363448	9363009	0	785	GCA_036937475.1_ASM3693747v1_genomic
AT1G11270	CP138022.1	98.864	440	5	0	4896	5335	9367964	9367525	0	785	GCA_036937475.1_ASM3693747v1_genomic
AT1G11270	CP138022.1	98.864	440	5	0	380	819	12076278	12076717	0	785	GCA_036937475.1_ASM3693747v1_genomic
AT1G11270	CP138022.1	98.636	440	6	0	4896	5335	12071761	12072200	0	780	GCA_036937475.1_ASM3693747v1_genomic
AT1G11270	CP138022.1	84.521	491	63	8	4623	5104	2747384	2747870	2.07e-131	473	GCA_036937475.1_ASM3693747v1_genomic
AT1G11270	CP138022.1	88.318	214	18	6	380	588	2747659	2747870	3.79e-64	250	GCA_036937475.1_ASM3693747v1_genomic
AT1G11270	CP138023.1	99.456	4960	25	2	379	5336	4540893	4545852	0	9009	GCA_036937475.1_ASM3693747v1_genomic
AT1G11270	CP138023.1	99.355	4958	30	2	380	5335	7385242	7390199	0	8977	GCA_036937475.1_ASM3693747v1_genomic
AT1G11270	CP138023.1	99.315	4965	29	5	376	5338	6576302	6571341	0	8975	GCA_036937475.1_ASM3693747v1_genomic
AT1G11270	CP138023.1	99.294	4959	33	2	379	5335	22902653	22897695	0	8962	GCA_036937475.1_ASM3693747v1_genomic
AT1G11270	CP138023.1	99.113	4958	22	4	379	5336	17671461	17666526	0	8892	GCA_036937475.1_ASM3693747v1_genomic
AT1G11270	CP138023.1	99.315	4524	23	6	504	5020	22824329	22828851	0	8176	GCA_036937475.1_ASM3693747v1_genomic
AT1G11270	CP138023.1	99.773	440	1	0	4896	5335	17671460	17671021	0	808	GCA_036937475.1_ASM3693747v1_genomic
AT1G11270	CP138023.1	99.32	441	2	1	380	819	4545411	4545851	0	797	GCA_036937475.1_ASM3693747v1_genomic
AT1G11270	CP138023.1	99.095	442	4	0	4895	5336	18815017	18815458	0	795	GCA_036937475.1_ASM3693747v1_genomic
AT1G11270	CP138023.1	99.095	442	2	2	4895	5335	6576300	6575860	0	793	GCA_036937475.1_ASM3693747v1_genomic
AT1G11270	CP138023.1	99.093	441	2	2	380	819	6571783	6571344	0	791	GCA_036937475.1_ASM3693747v1_genomic
AT1G11270	CP138023.1	99.091	440	4	0	4896	5335	7385242	7385681	0	791	GCA_036937475.1_ASM3693747v1_genomic
AT1G11270	CP138023.1	99.091	440	4	0	380	819	18815018	18815457	0	791	GCA_036937475.1_ASM3693747v1_genomic
AT1G11270	CP138023.1	98.869	442	4	1	380	820	7389759	7390200	0	787	GCA_036937475.1_ASM3693747v1_genomic
AT1G11270	CP138023.1	98.866	441	4	1	4896	5335	4540894	4541334	0	785	GCA_036937475.1_ASM3693747v1_genomic
AT1G11270	CP138023.1	98.639	441	5	1	380	819	22898135	22897695	0	780	GCA_036937475.1_ASM3693747v1_genomic
AT1G11270	CP138023.1	98.186	441	7	1	4896	5335	22902652	22902212	0	769	GCA_036937475.1_ASM3693747v1_genomic
AT1G11270	CP138023.1	95.909	440	0	2	380	819	17666948	17666527	0	697	GCA_036937475.1_ASM3693747v1_genomic
AT1G11270	CP138023.1	96.594	323	3	6	504	819	22828804	22829125	4.35e-148	529	GCA_036937475.1_ASM3693747v1_genomic
AT1G11270	CP138023.1	96.594	323	3	6	5020	5335	22828804	22829125	4.35e-148	529	GCA_036937475.1_ASM3693747v1_genomic
AT1G11270	CP138023.1	96.285	323	4	6	5020	5335	22824329	22824650	2.02e-146	523	GCA_036937475.1_ASM3693747v1_genomic
AT1G11270	CP138023.1	99.225	129	1	0	376	504	22824248	22824376	3.82e-59	233	GCA_036937475.1_ASM3693747v1_genomic
AT1G11270	CP138023.1	100	125	0	0	4896	5020	22824252	22824376	1.37e-58	231	GCA_036937475.1_ASM3693747v1_genomic
AT1G11270	CP138023.1	100	125	0	0	380	504	22828727	22828851	1.37e-58	231	GCA_036937475.1_ASM3693747v1_genomic
AT1G11270	CP138026.1	99.617	4960	16	3	380	5336	9793553	9788594	0	9051	GCA_036937505.1_ASM3693750v1_genomic
AT1G11270	CP138026.1	99.576	4958	19	2	380	5335	23260820	23265777	0	9038	GCA_036937505.1_ASM3693750v1_genomic
AT1G11270	CP138026.1	99.576	4956	21	0	380	5335	19854084	19849129	0	9036	GCA_036937505.1_ASM3693750v1_genomic
AT1G11270	CP138026.1	99.576	4956	21	0	380	5335	19858600	19853645	0	9036	GCA_036937505.1_ASM3693750v1_genomic
AT1G11270	CP138026.1	98.789	4956	60	0	380	5335	7708043	7712998	0	8820	GCA_036937505.1_ASM3693750v1_genomic
AT1G11270	CP138026.1	99.899	993	1	0	5336	6328	3811079	3812071	0	1829	GCA_036937505.1_ASM3693750v1_genomic
AT1G11270	CP138026.1	99.773	441	0	1	4896	5335	9793553	9793113	0	808	GCA_036937505.1_ASM3693750v1_genomic
AT1G11270	CP138026.1	99.32	441	2	1	380	819	9789035	9788595	0	797	GCA_036937505.1_ASM3693750v1_genomic
AT1G11270	CP138026.1	99.318	440	3	0	380	819	19849568	19849129	0	797	GCA_036937505.1_ASM3693750v1_genomic
AT1G11270	CP138026.1	99.318	440	3	0	4896	5335	19858600	19858161	0	797	GCA_036937505.1_ASM3693750v1_genomic
AT1G11270	CP138026.1	99.32	441	2	1	4896	5335	23260820	23261260	0	797	GCA_036937505.1_ASM3693750v1_genomic
AT1G11270	CP138026.1	99.32	441	2	1	380	819	23265337	23265777	0	797	GCA_036937505.1_ASM3693750v1_genomic
AT1G11270	CP138026.1	99.091	440	4	0	380	819	7712559	7712998	0	791	GCA_036937505.1_ASM3693750v1_genomic
AT1G11270	CP138026.1	98.438	448	6	1	4888	5335	7705383	7705829	0	787	GCA_036937505.1_ASM3693750v1_genomic
AT1G11270	CP138026.1	98.864	440	4	1	380	819	7705391	7705829	0	784	GCA_036937505.1_ASM3693750v1_genomic
AT1G11270	CP138026.1	99.504	403	2	0	6312	6714	3812095	3812497	0	734	GCA_036937505.1_ASM3693750v1_genomic
AT1G11270	CP138026.1	96.599	441	15	0	4895	5335	7708042	7708482	0	732	GCA_036937505.1_ASM3693750v1_genomic
AT1G11270	CP138026.1	100	381	0	0	1	381	3810705	3811085	0	704	GCA_036937505.1_ASM3693750v1_genomic
AT1G11270	CP138026.1	89.668	271	17	5	552	820	19712853	19713114	9.97e-90	335	GCA_036937505.1_ASM3693750v1_genomic
AT1G11270	CP138026.1	89.888	267	17	4	5068	5333	19712853	19713110	9.97e-90	335	GCA_036937505.1_ASM3693750v1_genomic
AT1G11270	CP138026.1	94.18	189	10	1	376	564	19712326	19712513	2.83e-75	287	GCA_036937505.1_ASM3693750v1_genomic
AT1G11270	CP138026.1	94.595	185	9	1	4896	5080	19712330	19712513	1.02e-74	285	GCA_036937505.1_ASM3693750v1_genomic
AT1G11270	CP138027.1	99.597	4959	18	2	380	5336	15500830	15495872	0	9046	GCA_036937505.1_ASM3693750v1_genomic
AT1G11270	CP138027.1	83.348	1105	156	15	3452	4552	3356919	3357999	0	996	GCA_036937505.1_ASM3693750v1_genomic
AT1G11270	CP138027.1	99.326	445	1	2	380	822	15496313	15495869	0	804	GCA_036937505.1_ASM3693750v1_genomic
AT1G11270	CP138027.1	99.546	441	1	1	4896	5335	15500830	15500390	0	802	GCA_036937505.1_ASM3693750v1_genomic
AT1G11270	CP138027.1	84.521	491	63	8	4623	5104	3358014	3358500	2.03e-131	473	GCA_036937505.1_ASM3693750v1_genomic
AT1G11270	CP138027.1	88.318	214	18	6	380	588	3358289	3358500	3.72e-64	250	GCA_036937505.1_ASM3693750v1_genomic
AT1G11270	CP138029.1	99.596	4956	20	0	380	5335	8714715	8719670	0	9042	GCA_036937505.1_ASM3693750v1_genomic
AT1G11270	CP138029.1	99.576	4957	21	0	379	5335	1602070	1607026	0	9038	GCA_036937505.1_ASM3693750v1_genomic
AT1G11270	CP138029.1	99.294	4960	31	2	380	5335	10205288	10210247	0	8962	GCA_036937505.1_ASM3693750v1_genomic
AT1G11270	CP138029.1	99.324	444	3	0	380	823	8719231	8719674	0	804	GCA_036937505.1_ASM3693750v1_genomic
AT1G11270	CP138029.1	99.545	440	2	0	4896	5335	8714715	8715154	0	802	GCA_036937505.1_ASM3693750v1_genomic
AT1G11270	CP138029.1	99.318	440	3	0	4896	5335	1602071	1602510	0	797	GCA_036937505.1_ASM3693750v1_genomic
AT1G11270	CP138029.1	99.318	440	3	0	380	819	1606587	1607026	0	797	GCA_036937505.1_ASM3693750v1_genomic
AT1G11270	CP138029.1	98.649	444	4	1	380	821	10209806	10210249	0	785	GCA_036937505.1_ASM3693750v1_genomic
AT1G11270	CP138029.1	98.416	442	5	1	4896	5335	10205288	10205729	0	776	GCA_036937505.1_ASM3693750v1_genomic
AT1G11270	CP138030.1	99.516	4962	19	5	376	5335	29811476	29816434	0	9025	GCA_036937505.1_ASM3693750v1_genomic
AT1G11270	CP138030.1	99.496	4958	21	4	380	5335	19902604	19897649	0	9014	GCA_036937505.1_ASM3693750v1_genomic
AT1G11270	CP138030.1	99.294	4956	35	0	380	5335	10838547	10843502	0	8959	GCA_036937505.1_ASM3693750v1_genomic
AT1G11270	CP138030.1	99.274	4957	35	1	380	5336	10847578	10852533	0	8953	GCA_036937505.1_ASM3693750v1_genomic
AT1G11270	CP138030.1	99.253	4956	36	1	380	5335	10843063	10848017	0	8946	GCA_036937505.1_ASM3693750v1_genomic
AT1G11270	CP138030.1	98.87	4956	32	2	380	5335	4554113	4559044	0	8820	GCA_036937505.1_ASM3693750v1_genomic
AT1G11270	CP138030.1	99.321	442	1	2	4895	5335	29811478	29811918	0	798	GCA_036937505.1_ASM3693750v1_genomic
AT1G11270	CP138030.1	99.318	440	3	0	380	819	10852093	10852532	0	797	GCA_036937505.1_ASM3693750v1_genomic
AT1G11270	CP138030.1	99.32	441	1	2	4896	5335	19902604	19902165	0	797	GCA_036937505.1_ASM3693750v1_genomic
AT1G11270	CP138030.1	98.871	443	5	0	4893	5335	10838544	10838986	0	791	GCA_036937505.1_ASM3693750v1_genomic
AT1G11270	CP138030.1	99.093	441	2	2	380	819	29815995	29816434	0	791	GCA_036937505.1_ASM3693750v1_genomic
AT1G11270	CP138030.1	98.871	443	3	2	380	821	19898088	19897647	0	789	GCA_036937505.1_ASM3693750v1_genomic
AT1G11270	CP138030.1	98.643	442	6	0	380	821	4558605	4559046	0	784	GCA_036937505.1_ASM3693750v1_genomic
AT1G11270	CP138030.1	93.651	441	4	2	4895	5335	4554112	4554528	0	638	GCA_036937505.1_ASM3693750v1_genomic
AT1G11270	CP138030.1	100	31	0	0	412	442	19898026	19898056	2.42e-06	58.4	GCA_036937505.1_ASM3693750v1_genomic
AT1G11270	CP138030.1	100	31	0	0	4928	4958	19898026	19898056	2.42e-06	58.4	GCA_036937505.1_ASM3693750v1_genomic
AT1G11270	CP138030.1	100	31	0	0	412	442	19902542	19902572	2.42e-06	58.4	GCA_036937505.1_ASM3693750v1_genomic
AT1G11270	CP138030.1	100	31	0	0	4928	4958	19902542	19902572	2.42e-06	58.4	GCA_036937505.1_ASM3693750v1_genomic
AT1G11270	CP138030.1	100	31	0	0	4928	4958	29811541	29811511	2.42e-06	58.4	GCA_036937505.1_ASM3693750v1_genomic
AT1G11270	CP138030.1	100	31	0	0	412	442	29811541	29811511	2.42e-06	58.4	GCA_036937505.1_ASM3693750v1_genomic
AT1G11270	CP138030.1	100	31	0	0	4928	4958	29816057	29816027	2.42e-06	58.4	GCA_036937505.1_ASM3693750v1_genomic
AT1G11270	CP138030.1	100	31	0	0	412	442	29816057	29816027	2.42e-06	58.4	GCA_036937505.1_ASM3693750v1_genomic
AT1G11270	CP138028.1	99.475	4957	26	0	379	5335	24130525	24125569	0	9010	GCA_036937505.1_ASM3693750v1_genomic
AT1G11270	CP138028.1	99.456	4960	25	2	379	5336	4544156	4549115	0	9009	GCA_036937505.1_ASM3693750v1_genomic
AT1G11270	CP138028.1	99.455	4958	25	2	380	5335	9257892	9252935	0	9005	GCA_036937505.1_ASM3693750v1_genomic
AT1G11270	CP138028.1	99.455	4957	27	0	379	5335	9972402	9977358	0	9005	GCA_036937505.1_ASM3693750v1_genomic
AT1G11270	CP138028.1	99.274	4961	30	4	380	5335	7377147	7382106	0	8957	GCA_036937505.1_ASM3693750v1_genomic
AT1G11270	CP138028.1	97.319	4961	99	9	380	5336	14039087	14044017	0	8394	GCA_036937505.1_ASM3693750v1_genomic
AT1G11270	CP138028.1	99.545	440	2	0	4896	5335	9972403	9972842	0	802	GCA_036937505.1_ASM3693750v1_genomic
AT1G11270	CP138028.1	99.32	441	3	0	380	820	9976919	9977359	0	798	GCA_036937505.1_ASM3693750v1_genomic
AT1G11270	CP138028.1	99.32	441	2	1	380	819	4548674	4549114	0	797	GCA_036937505.1_ASM3693750v1_genomic
AT1G11270	CP138028.1	99.318	440	3	0	380	819	24126008	24125569	0	797	GCA_036937505.1_ASM3693750v1_genomic
AT1G11270	CP138028.1	99.318	440	3	0	4896	5335	24130524	24130085	0	797	GCA_036937505.1_ASM3693750v1_genomic
AT1G11270	CP138028.1	99.095	442	4	0	4895	5336	19247877	19248318	0	795	GCA_036937505.1_ASM3693750v1_genomic
AT1G11270	CP138028.1	99.093	441	3	1	4896	5335	4544157	4544597	0	791	GCA_036937505.1_ASM3693750v1_genomic
AT1G11270	CP138028.1	99.091	440	4	0	380	819	19247878	19248317	0	791	GCA_036937505.1_ASM3693750v1_genomic
AT1G11270	CP138028.1	99.091	440	3	1	4896	5335	7377147	7377585	0	789	GCA_036937505.1_ASM3693750v1_genomic
AT1G11270	CP138028.1	98.649	444	5	1	380	822	9253375	9252932	0	785	GCA_036937505.1_ASM3693750v1_genomic
AT1G11270	CP138028.1	98.643	442	5	1	380	820	7381666	7382107	0	782	GCA_036937505.1_ASM3693750v1_genomic
AT1G11270	CP138028.1	98.413	441	6	1	4896	5335	9257892	9257452	0	774	GCA_036937505.1_ASM3693750v1_genomic
AT1G11270	CP138028.1	97.959	441	8	1	4896	5335	14039087	14039527	0	763	GCA_036937505.1_ASM3693750v1_genomic
AT1G11270	CP138028.1	97.273	440	12	0	380	819	14043577	14044016	0	747	GCA_036937505.1_ASM3693750v1_genomic
AT1G11270	CP138034.1	99.415	4957	28	1	380	5335	15372306	15367350	0	8992	GCA_036937515.1_ASM3693751v1_genomic
AT1G11270	CP138034.1	99.397	4810	29	0	526	5335	12901924	12906733	0	8722	GCA_036937515.1_ASM3693751v1_genomic
AT1G11270	CP138034.1	100	441	0	0	4895	5335	15372307	15371867	0	815	GCA_036937515.1_ASM3693751v1_genomic
AT1G11270	CP138034.1	99.101	445	4	0	380	824	15367789	15367345	0	800	GCA_036937515.1_ASM3693751v1_genomic
AT1G11270	CP138034.1	99.318	440	3	0	380	819	12906294	12906733	0	797	GCA_036937515.1_ASM3693751v1_genomic
AT1G11270	CP138034.1	99.32	294	2	0	5042	5335	12901924	12902217	3.37e-149	532	GCA_036937515.1_ASM3693751v1_genomic
AT1G11270	CP138034.1	97.638	127	2	1	4895	5020	12901818	12901944	3.86e-54	217	GCA_036937515.1_ASM3693751v1_genomic
AT1G11270	CP138034.1	97.619	126	2	1	380	504	12901819	12901944	1.39e-53	215	GCA_036937515.1_ASM3693751v1_genomic
AT1G11270	CP138035.1	99.173	4958	21	4	380	5335	5395329	5400268	0	8911	GCA_036937515.1_ASM3693751v1_genomic
AT1G11270	CP138035.1	97.065	443	3	2	380	821	5399837	5400270	0	737	GCA_036937515.1_ASM3693751v1_genomic
AT1G11270	CP138035.1	96.833	442	4	2	4895	5335	5395328	5395760	0	730	GCA_036937515.1_ASM3693751v1_genomic
AT1G11270	CP138033.1	97.379	4960	97	8	380	5336	13070883	13075812	0	8408	GCA_036937515.1_ASM3693751v1_genomic
AT1G11270	CP138033.1	97.727	440	10	0	4896	5335	13070883	13071322	0	758	GCA_036937515.1_ASM3693751v1_genomic
AT1G11270	CP138033.1	97.045	440	12	1	380	819	13075373	13075811	0	739	GCA_036937515.1_ASM3693751v1_genomic
AT1G11270	CP138031.1	99.71	1381	0	2	5336	6714	3768566	3769944	0	2525	GCA_036937515.1_ASM3693751v1_genomic
AT1G11270	CP138031.1	100	381	0	0	1	381	3768192	3768572	0	704	GCA_036937515.1_ASM3693751v1_genomic
AT1G11270	CP138031.1	90.809	272	14	5	552	820	20571511	20571774	2.82e-95	353	GCA_036937515.1_ASM3693751v1_genomic
AT1G11270	CP138031.1	91.045	268	14	4	5068	5333	20571511	20571770	2.82e-95	353	GCA_036937515.1_ASM3693751v1_genomic
AT1G11270	CP138031.1	92.593	189	13	1	376	564	20570980	20571167	2.92e-70	270	GCA_036937515.1_ASM3693751v1_genomic
AT1G11270	CP138031.1	92.973	185	12	1	4896	5080	20570984	20571167	1.05e-69	268	GCA_036937515.1_ASM3693751v1_genomic
AT1G11270	CP138032.1	83.363	1106	154	17	3452	4552	3570296	3571376	0	996	GCA_036937515.1_ASM3693751v1_genomic
AT1G11270	CP138032.1	84.318	491	64	8	4623	5104	3571391	3571877	9.65e-130	468	GCA_036937515.1_ASM3693751v1_genomic
AT1G11270	CP138032.1	85.873	361	47	4	1879	2237	17203947	17203589	1.29e-103	381	GCA_036937515.1_ASM3693751v1_genomic
AT1G11270	CP138032.1	87.85	214	19	6	380	588	3571666	3571877	1.77e-62	244	GCA_036937515.1_ASM3693751v1_genomic
AT1G11270	CP138038.1	99.697	4958	15	0	379	5336	23702541	23697584	0	9073	GCA_036937805.1_ASM3693780v1_genomic
AT1G11270	CP138038.1	99.496	4960	24	1	380	5339	10875265	10880223	0	9020	GCA_036937805.1_ASM3693780v1_genomic
AT1G11270	CP138038.1	99.415	4958	27	2	380	5335	23104302	23109259	0	8994	GCA_036937805.1_ASM3693780v1_genomic
AT1G11270	CP138038.1	99.415	4956	29	0	380	5335	24990482	24985527	0	8992	GCA_036937805.1_ASM3693780v1_genomic
AT1G11270	CP138038.1	99.773	440	1	0	4896	5335	10875265	10875704	0	808	GCA_036937805.1_ASM3693780v1_genomic
AT1G11270	CP138038.1	99.773	440	1	0	380	819	23698024	23697585	0	808	GCA_036937805.1_ASM3693780v1_genomic
AT1G11270	CP138038.1	99.545	440	2	0	380	819	10879781	10880220	0	802	GCA_036937805.1_ASM3693780v1_genomic
AT1G11270	CP138038.1	99.545	440	2	0	4896	5335	23702540	23702101	0	802	GCA_036937805.1_ASM3693780v1_genomic
AT1G11270	CP138038.1	99.545	440	2	0	4896	5335	24990482	24990043	0	802	GCA_036937805.1_ASM3693780v1_genomic
AT1G11270	CP138038.1	99.321	442	3	0	4895	5336	20016480	20016921	0	800	GCA_036937805.1_ASM3693780v1_genomic
AT1G11270	CP138038.1	99.318	440	3	0	380	819	20016481	20016920	0	797	GCA_036937805.1_ASM3693780v1_genomic
AT1G11270	CP138038.1	99.099	444	3	1	380	822	23108819	23109262	0	797	GCA_036937805.1_ASM3693780v1_genomic
AT1G11270	CP138038.1	99.318	440	3	0	380	819	24985966	24985527	0	797	GCA_036937805.1_ASM3693780v1_genomic
AT1G11270	CP138038.1	98.876	445	4	1	4892	5335	23104298	23104742	0	793	GCA_036937805.1_ASM3693780v1_genomic
AT1G11270	CP138039.1	99.596	4956	20	0	380	5335	10798771	10803726	0	9042	GCA_036937805.1_ASM3693780v1_genomic
AT1G11270	CP138039.1	99.375	4957	30	1	380	5335	12295637	12300593	0	8981	GCA_036937805.1_ASM3693780v1_genomic
AT1G11270	CP138039.1	99.334	4958	31	2	380	5335	1220780	1215823	0	8972	GCA_036937805.1_ASM3693780v1_genomic
AT1G11270	CP138039.1	99.326	445	3	0	380	824	12300154	12300598	0	806	GCA_036937805.1_ASM3693780v1_genomic
AT1G11270	CP138039.1	99.324	444	3	0	380	823	10803287	10803730	0	804	GCA_036937805.1_ASM3693780v1_genomic
AT1G11270	CP138039.1	99.546	441	2	0	4895	5335	12295636	12296076	0	804	GCA_036937805.1_ASM3693780v1_genomic
AT1G11270	CP138039.1	99.545	440	2	0	4896	5335	10798771	10799210	0	802	GCA_036937805.1_ASM3693780v1_genomic
AT1G11270	CP138039.1	98.866	441	4	1	380	819	1216263	1215823	0	785	GCA_036937805.1_ASM3693780v1_genomic
AT1G11270	CP138039.1	98.639	441	5	1	4896	5335	1220780	1220340	0	780	GCA_036937805.1_ASM3693780v1_genomic
AT1G11270	CP138036.1	99.456	4959	26	1	378	5336	27178395	27183352	0	9007	GCA_036937805.1_ASM3693780v1_genomic
AT1G11270	CP138036.1	99.092	4956	45	0	380	5335	7688590	7693545	0	8903	GCA_036937805.1_ASM3693780v1_genomic
AT1G11270	CP138036.1	98.791	4961	32	4	378	5336	31964041	31968975	0	8804	GCA_036937805.1_ASM3693780v1_genomic
AT1G11270	CP138036.1	99.368	949	5	1	5336	6283	3768290	3769238	0	1718	GCA_036937805.1_ASM3693780v1_genomic
AT1G11270	CP138036.1	99.545	440	2	0	380	819	27182912	27183351	0	802	GCA_036937805.1_ASM3693780v1_genomic
AT1G11270	CP138036.1	98.646	443	6	0	4893	5335	27178394	27178836	0	785	GCA_036937805.1_ASM3693780v1_genomic
AT1G11270	CP138036.1	98.214	448	7	1	4888	5335	7685933	7686379	0	782	GCA_036937805.1_ASM3693780v1_genomic
AT1G11270	CP138036.1	98.636	440	6	0	380	819	7693106	7693545	0	780	GCA_036937805.1_ASM3693780v1_genomic
AT1G11270	CP138036.1	98.639	441	5	1	4896	5335	31964043	31964483	0	780	GCA_036937805.1_ASM3693780v1_genomic
AT1G11270	CP138036.1	98.639	441	5	1	380	819	31968534	31968974	0	780	GCA_036937805.1_ASM3693780v1_genomic
AT1G11270	CP138036.1	98.636	440	5	1	380	819	7685941	7686379	0	778	GCA_036937805.1_ASM3693780v1_genomic
AT1G11270	CP138036.1	97.959	441	9	0	4895	5335	7688589	7689029	0	765	GCA_036937805.1_ASM3693780v1_genomic
AT1G11270	CP138036.1	98.95	381	4	0	1	381	3767916	3768296	0	682	GCA_036937805.1_ASM3693780v1_genomic
AT1G11270	CP138036.1	91.144	271	14	4	552	820	19837226	19837488	6.03e-97	359	GCA_036937805.1_ASM3693780v1_genomic
AT1G11270	CP138036.1	91.386	267	14	3	5068	5333	19837226	19837484	2.17e-96	357	GCA_036937805.1_ASM3693780v1_genomic
AT1G11270	CP138036.1	93.122	189	12	1	376	564	19836703	19836890	6.25e-72	276	GCA_036937805.1_ASM3693780v1_genomic
AT1G11270	CP138036.1	93.514	185	11	1	4896	5080	19836707	19836890	2.25e-71	274	GCA_036937805.1_ASM3693780v1_genomic
AT1G11270	CP138036.1	86.486	185	18	6	6360	6544	3769426	3769603	5.01e-48	196	GCA_036937805.1_ASM3693780v1_genomic
AT1G11270	CP138040.1	99.213	4957	32	1	379	5335	23121210	23126159	0	8931	GCA_036937805.1_ASM3693780v1_genomic
AT1G11270	CP138040.1	99.173	4958	19	1	380	5337	3068354	3063419	0	8909	GCA_036937805.1_ASM3693780v1_genomic
AT1G11270	CP138040.1	99.536	3881	16	2	1456	5335	29468227	29472106	0	7066	GCA_036937805.1_ASM3693780v1_genomic
AT1G11270	CP138040.1	99.42	1034	3	3	376	1408	29467197	29468228	0	1873	GCA_036937805.1_ASM3693780v1_genomic
AT1G11270	CP138040.1	99.546	441	2	0	4895	5335	3068355	3067915	0	804	GCA_036937805.1_ASM3693780v1_genomic
AT1G11270	CP138040.1	99.545	440	2	0	380	819	3063860	3063421	0	802	GCA_036937805.1_ASM3693780v1_genomic
AT1G11270	CP138040.1	99.545	440	2	0	380	819	23125720	23126159	0	802	GCA_036937805.1_ASM3693780v1_genomic
AT1G11270	CP138040.1	99.321	442	1	2	4895	5335	29467199	29467639	0	798	GCA_036937805.1_ASM3693780v1_genomic
AT1G11270	CP138040.1	99.093	441	2	2	380	819	29471667	29472106	0	791	GCA_036937805.1_ASM3693780v1_genomic
AT1G11270	CP138040.1	98.864	440	5	0	4896	5335	23121211	23121650	0	785	GCA_036937805.1_ASM3693780v1_genomic
AT1G11270	CP138040.1	100	31	0	0	4928	4958	29467262	29467232	2.46e-06	58.4	GCA_036937805.1_ASM3693780v1_genomic
AT1G11270	CP138040.1	100	31	0	0	412	442	29467262	29467232	2.46e-06	58.4	GCA_036937805.1_ASM3693780v1_genomic
AT1G11270	CP138040.1	100	31	0	0	4928	4958	29471729	29471699	2.46e-06	58.4	GCA_036937805.1_ASM3693780v1_genomic
AT1G11270	CP138040.1	100	31	0	0	412	442	29471729	29471699	2.46e-06	58.4	GCA_036937805.1_ASM3693780v1_genomic
AT1G11270	CP138037.1	83.348	1105	156	15	3452	4552	3184544	3185624	0	996	GCA_036937805.1_ASM3693780v1_genomic
AT1G11270	CP138037.1	84.521	491	63	8	4623	5104	3185639	3186125	2.07e-131	473	GCA_036937805.1_ASM3693780v1_genomic
AT1G11270	CP138037.1	88.318	214	18	6	380	588	3185914	3186125	3.79e-64	250	GCA_036937805.1_ASM3693780v1_genomic
AT1G11270	CP138050.1	99.697	4958	13	2	380	5335	17988044	17993001	0	9071	GCA_036937815.1_ASM3693781v1_genomic
AT1G11270	CP138050.1	99.516	4958	20	4	380	5335	18754282	18749327	0	9020	GCA_036937815.1_ASM3693781v1_genomic
AT1G11270	CP138050.1	99.496	4962	20	5	376	5335	28655748	28660706	0	9020	GCA_036937815.1_ASM3693781v1_genomic
AT1G11270	CP138050.1	99.314	4956	34	0	380	5335	10817957	10822912	0	8964	GCA_036937815.1_ASM3693781v1_genomic
AT1G11270	CP138050.1	99.274	4957	35	1	380	5336	10826988	10831943	0	8953	GCA_036937815.1_ASM3693781v1_genomic
AT1G11270	CP138050.1	99.274	4956	35	1	380	5335	10822473	10827427	0	8951	GCA_036937815.1_ASM3693781v1_genomic
AT1G11270	CP138050.1	99.213	4957	32	1	379	5335	22320577	22325526	0	8931	GCA_036937815.1_ASM3693781v1_genomic
AT1G11270	CP138050.1	99.483	1354	7	0	701	2054	21824191	21825544	0	2462	GCA_036937815.1_ASM3693781v1_genomic
AT1G11270	CP138050.1	99.773	441	0	1	4896	5335	17988044	17988484	0	808	GCA_036937815.1_ASM3693781v1_genomic
AT1G11270	CP138050.1	99.773	441	0	1	380	819	17992561	17993001	0	808	GCA_036937815.1_ASM3693781v1_genomic
AT1G11270	CP138050.1	99.545	440	2	0	380	819	22325087	22325526	0	802	GCA_036937815.1_ASM3693781v1_genomic
AT1G11270	CP138050.1	99.321	442	1	2	4895	5335	28655750	28656190	0	798	GCA_036937815.1_ASM3693781v1_genomic
AT1G11270	CP138050.1	99.318	440	3	0	380	819	10831503	10831942	0	797	GCA_036937815.1_ASM3693781v1_genomic
AT1G11270	CP138050.1	99.32	441	1	2	4896	5335	18754282	18753843	0	797	GCA_036937815.1_ASM3693781v1_genomic
AT1G11270	CP138050.1	98.871	443	5	0	4893	5335	10817954	10818396	0	791	GCA_036937815.1_ASM3693781v1_genomic
AT1G11270	CP138050.1	99.093	441	2	2	380	819	28660267	28660706	0	791	GCA_036937815.1_ASM3693781v1_genomic
AT1G11270	CP138050.1	98.871	443	3	2	380	821	18749766	18749325	0	789	GCA_036937815.1_ASM3693781v1_genomic
AT1G11270	CP138050.1	98.864	440	5	0	4896	5335	22320578	22321017	0	785	GCA_036937815.1_ASM3693781v1_genomic
AT1G11270	CP138050.1	99.429	175	1	0	4830	5004	21825532	21825706	1.02e-84	318	GCA_036937815.1_ASM3693781v1_genomic
AT1G11270	CP138050.1	100	119	0	0	5217	5335	21824191	21824309	2.95e-55	220	GCA_036937815.1_ASM3693781v1_genomic
AT1G11270	CP138050.1	100	119	0	0	701	819	21825721	21825839	2.95e-55	220	GCA_036937815.1_ASM3693781v1_genomic
AT1G11270	CP138050.1	100	119	0	0	5217	5335	21825721	21825839	2.95e-55	220	GCA_036937815.1_ASM3693781v1_genomic
AT1G11270	CP138050.1	100	110	0	0	379	488	21824067	21824176	2.97e-50	204	GCA_036937815.1_ASM3693781v1_genomic
AT1G11270	CP138050.1	100	109	0	0	4896	5004	21824068	21824176	1.07e-49	202	GCA_036937815.1_ASM3693781v1_genomic
AT1G11270	CP138050.1	100	109	0	0	380	488	21825598	21825706	1.07e-49	202	GCA_036937815.1_ASM3693781v1_genomic
AT1G11270	CP138050.1	100	31	0	0	412	442	18749704	18749734	2.45e-06	58.4	GCA_036937815.1_ASM3693781v1_genomic
AT1G11270	CP138050.1	100	31	0	0	4928	4958	18749704	18749734	2.45e-06	58.4	GCA_036937815.1_ASM3693781v1_genomic
AT1G11270	CP138050.1	100	31	0	0	412	442	18754220	18754250	2.45e-06	58.4	GCA_036937815.1_ASM3693781v1_genomic
AT1G11270	CP138050.1	100	31	0	0	4928	4958	18754220	18754250	2.45e-06	58.4	GCA_036937815.1_ASM3693781v1_genomic
AT1G11270	CP138050.1	100	31	0	0	4928	4958	28655813	28655783	2.45e-06	58.4	GCA_036937815.1_ASM3693781v1_genomic
AT1G11270	CP138050.1	100	31	0	0	412	442	28655813	28655783	2.45e-06	58.4	GCA_036937815.1_ASM3693781v1_genomic
AT1G11270	CP138050.1	100	31	0	0	4928	4958	28660329	28660299	2.45e-06	58.4	GCA_036937815.1_ASM3693781v1_genomic
AT1G11270	CP138050.1	100	31	0	0	412	442	28660329	28660299	2.45e-06	58.4	GCA_036937815.1_ASM3693781v1_genomic
AT1G11270	CP138046.1	99.617	4960	16	3	380	5336	9765386	9760427	0	9051	GCA_036937815.1_ASM3693781v1_genomic
AT1G11270	CP138046.1	99.597	4958	18	2	380	5335	23130100	23135057	0	9044	GCA_036937815.1_ASM3693781v1_genomic
AT1G11270	CP138046.1	98.789	4956	60	0	380	5335	7692535	7697490	0	8820	GCA_036937815.1_ASM3693781v1_genomic
AT1G11270	CP138046.1	99.899	993	1	0	5336	6328	3789344	3790336	0	1829	GCA_036937815.1_ASM3693781v1_genomic
AT1G11270	CP138046.1	99.773	441	0	1	4896	5335	9765386	9764946	0	808	GCA_036937815.1_ASM3693781v1_genomic
AT1G11270	CP138046.1	99.32	441	2	1	380	819	9760868	9760428	0	797	GCA_036937815.1_ASM3693781v1_genomic
AT1G11270	CP138046.1	99.32	441	2	1	4896	5335	23130100	23130540	0	797	GCA_036937815.1_ASM3693781v1_genomic
AT1G11270	CP138046.1	99.32	441	2	1	380	819	23134617	23135057	0	797	GCA_036937815.1_ASM3693781v1_genomic
AT1G11270	CP138046.1	98.214	448	7	1	4888	5335	7689878	7690324	0	782	GCA_036937815.1_ASM3693781v1_genomic
AT1G11270	CP138046.1	98.639	441	6	0	380	820	27768910	27768470	0	782	GCA_036937815.1_ASM3693781v1_genomic
AT1G11270	CP138046.1	98.639	441	6	0	4895	5335	27768911	27768471	0	782	GCA_036937815.1_ASM3693781v1_genomic
AT1G11270	CP138046.1	98.636	440	5	1	380	819	7689886	7690324	0	778	GCA_036937815.1_ASM3693781v1_genomic
AT1G11270	CP138046.1	97.727	440	10	0	380	819	7697051	7697490	0	758	GCA_036937815.1_ASM3693781v1_genomic
AT1G11270	CP138046.1	97.279	441	12	0	4895	5335	7692534	7692974	0	749	GCA_036937815.1_ASM3693781v1_genomic
AT1G11270	CP138046.1	99.504	403	2	0	6312	6714	3790362	3790764	0	734	GCA_036937815.1_ASM3693781v1_genomic
AT1G11270	CP138046.1	100	381	0	0	1	381	3788970	3789350	0	704	GCA_036937815.1_ASM3693781v1_genomic
AT1G11270	CP138046.1	91.144	271	14	4	552	820	19630846	19631108	5.99e-97	359	GCA_036937815.1_ASM3693781v1_genomic
AT1G11270	CP138046.1	91.386	267	14	3	5068	5333	19630846	19631104	2.15e-96	357	GCA_036937815.1_ASM3693781v1_genomic
AT1G11270	CP138046.1	93.122	189	12	1	376	564	19630323	19630510	6.21e-72	276	GCA_036937815.1_ASM3693781v1_genomic
AT1G11270	CP138046.1	93.514	185	11	1	4896	5080	19630327	19630510	2.23e-71	274	GCA_036937815.1_ASM3693781v1_genomic
AT1G11270	CP138049.1	99.596	4956	20	0	380	5335	13124388	13129343	0	9042	GCA_036937815.1_ASM3693781v1_genomic
AT1G11270	CP138049.1	99.556	4957	22	0	379	5335	1487622	1492578	0	9033	GCA_036937815.1_ASM3693781v1_genomic
AT1G11270	CP138049.1	99.435	4960	25	3	379	5335	17031782	17036741	0	9001	GCA_036937815.1_ASM3693781v1_genomic
AT1G11270	CP138049.1	99.324	444	3	0	380	823	13128904	13129347	0	804	GCA_036937815.1_ASM3693781v1_genomic
AT1G11270	CP138049.1	99.545	440	2	0	4896	5335	13124388	13124827	0	802	GCA_036937815.1_ASM3693781v1_genomic
AT1G11270	CP138049.1	99.318	440	3	0	4896	5335	1487623	1488062	0	797	GCA_036937815.1_ASM3693781v1_genomic
AT1G11270	CP138049.1	99.318	440	3	0	380	819	1492139	1492578	0	797	GCA_036937815.1_ASM3693781v1_genomic
AT1G11270	CP138049.1	98.866	441	4	1	4896	5335	17031783	17032223	0	785	GCA_036937815.1_ASM3693781v1_genomic
AT1G11270	CP138049.1	98.866	441	4	1	380	819	17036301	17036741	0	785	GCA_036937815.1_ASM3693781v1_genomic
AT1G11270	CP138048.1	99.476	4960	24	2	379	5336	4541390	4546349	0	9014	GCA_036937815.1_ASM3693781v1_genomic
AT1G11270	CP138048.1	99.476	4959	24	2	379	5336	17356755	17351798	0	9012	GCA_036937815.1_ASM3693781v1_genomic
AT1G11270	CP138048.1	99.355	4958	30	2	380	5335	7373419	7378376	0	8977	GCA_036937815.1_ASM3693781v1_genomic
AT1G11270	CP138048.1	99.773	440	1	0	4896	5335	17356754	17356315	0	808	GCA_036937815.1_ASM3693781v1_genomic
AT1G11270	CP138048.1	99.548	442	1	1	380	820	7377936	7378377	0	804	GCA_036937815.1_ASM3693781v1_genomic
AT1G11270	CP138048.1	99.545	440	2	0	380	819	17352238	17351799	0	802	GCA_036937815.1_ASM3693781v1_genomic
AT1G11270	CP138048.1	99.32	441	2	1	380	819	4545908	4546348	0	797	GCA_036937815.1_ASM3693781v1_genomic
AT1G11270	CP138048.1	99.095	442	4	0	4895	5336	18532182	18532623	0	795	GCA_036937815.1_ASM3693781v1_genomic
AT1G11270	CP138048.1	99.093	441	3	1	4896	5335	4541391	4541831	0	791	GCA_036937815.1_ASM3693781v1_genomic
AT1G11270	CP138048.1	99.091	440	4	0	4896	5335	7373419	7373858	0	791	GCA_036937815.1_ASM3693781v1_genomic
AT1G11270	CP138048.1	99.091	440	4	0	380	819	18532183	18532622	0	791	GCA_036937815.1_ASM3693781v1_genomic
AT1G11270	CP138047.1	99.415	4958	28	1	380	5337	10565275	10570231	0	8994	GCA_036937815.1_ASM3693781v1_genomic
AT1G11270	CP138047.1	99.394	4954	29	1	382	5335	2055590	2050638	0	8981	GCA_036937815.1_ASM3693781v1_genomic
AT1G11270	CP138047.1	99.622	1059	4	0	380	1438	890042	888984	0	1934	GCA_036937815.1_ASM3693781v1_genomic
AT1G11270	CP138047.1	99.353	927	6	0	4409	5335	888994	888068	0	1679	GCA_036937815.1_ASM3693781v1_genomic
AT1G11270	CP138047.1	83.348	1105	156	15	3452	4552	2844750	2845830	0	996	GCA_036937815.1_ASM3693781v1_genomic
AT1G11270	CP138047.1	100	441	0	0	4895	5335	890043	889603	0	815	GCA_036937815.1_ASM3693781v1_genomic
AT1G11270	CP138047.1	99.545	440	2	0	380	819	888507	888068	0	802	GCA_036937815.1_ASM3693781v1_genomic
AT1G11270	CP138047.1	99.315	438	2	1	382	819	2051074	2050638	0	791	GCA_036937815.1_ASM3693781v1_genomic
AT1G11270	CP138047.1	99.091	440	4	0	4896	5335	10565275	10565714	0	791	GCA_036937815.1_ASM3693781v1_genomic
AT1G11270	CP138047.1	99.087	438	3	1	4898	5335	2055590	2055154	0	785	GCA_036937815.1_ASM3693781v1_genomic
AT1G11270	CP138047.1	98.864	440	5	0	380	819	10569790	10570229	0	785	GCA_036937815.1_ASM3693781v1_genomic
AT1G11270	CP138047.1	84.521	491	63	8	4623	5104	2845845	2846331	2.05e-131	473	GCA_036937815.1_ASM3693781v1_genomic
AT1G11270	CP138047.1	88.318	214	18	6	380	588	2846120	2846331	3.76e-64	250	GCA_036937815.1_ASM3693781v1_genomic
AT1G11270	CP138041.1	99.758	4959	12	0	379	5337	8534234	8539192	0	9092	GCA_036937985.1_ASM3693798v1_genomic
AT1G11270	CP138041.1	99.855	1381	0	1	5336	6714	3813255	3814635	0	2538	GCA_036937985.1_ASM3693798v1_genomic
AT1G11270	CP138041.1	100	440	0	0	4896	5335	8534235	8534674	0	813	GCA_036937985.1_ASM3693798v1_genomic
AT1G11270	CP138041.1	100	440	0	0	380	819	8538751	8539190	0	813	GCA_036937985.1_ASM3693798v1_genomic
AT1G11270	CP138041.1	99.213	381	3	0	1	381	3812881	3813261	0	688	GCA_036937985.1_ASM3693798v1_genomic
AT1G11270	CP138041.1	90.53	264	16	3	552	814	22058063	22058318	2.26e-91	340	GCA_036937985.1_ASM3693798v1_genomic
AT1G11270	CP138041.1	90.53	264	16	3	5068	5330	22058063	22058318	2.26e-91	340	GCA_036937985.1_ASM3693798v1_genomic
AT1G11270	CP138041.1	93.122	189	12	1	376	564	22057536	22057723	6.46e-72	276	GCA_036937985.1_ASM3693798v1_genomic
AT1G11270	CP138041.1	93.514	185	11	1	4896	5080	22057540	22057723	2.32e-71	274	GCA_036937985.1_ASM3693798v1_genomic
AT1G11270	CP138043.1	99.576	4957	21	0	379	5335	8397960	8402916	0	9038	GCA_036937985.1_ASM3693798v1_genomic
AT1G11270	CP138043.1	99.195	4966	31	4	379	5335	7794050	7799015	0	8940	GCA_036937985.1_ASM3693798v1_genomic
AT1G11270	CP138043.1	99.213	4956	36	3	380	5335	27556175	27551223	0	8933	GCA_036937985.1_ASM3693798v1_genomic
AT1G11270	CP138043.1	99.227	4916	36	2	420	5335	4212132	4207219	0	8866	GCA_036937985.1_ASM3693798v1_genomic
AT1G11270	CP138043.1	97.722	4961	83	6	380	5336	13350792	13355726	0	8508	GCA_036937985.1_ASM3693798v1_genomic
AT1G11270	CP138043.1	100	440	0	0	4896	5335	8397961	8398400	0	813	GCA_036937985.1_ASM3693798v1_genomic
AT1G11270	CP138043.1	100	440	0	0	380	819	8402477	8402916	0	813	GCA_036937985.1_ASM3693798v1_genomic
AT1G11270	CP138043.1	99.545	440	1	1	380	819	4207657	4207219	0	800	GCA_036937985.1_ASM3693798v1_genomic
AT1G11270	CP138043.1	99.095	442	4	0	4895	5336	21196318	21196759	0	795	GCA_036937985.1_ASM3693798v1_genomic
AT1G11270	CP138043.1	99.095	442	2	1	380	819	7798574	7799015	0	793	GCA_036937985.1_ASM3693798v1_genomic
AT1G11270	CP138043.1	99.091	440	4	0	380	819	21196319	21196758	0	791	GCA_036937985.1_ASM3693798v1_genomic
AT1G11270	CP138043.1	99.091	440	3	1	4896	5335	27556175	27555737	0	789	GCA_036937985.1_ASM3693798v1_genomic
AT1G11270	CP138043.1	98.864	440	4	1	380	819	27551661	27551223	0	784	GCA_036937985.1_ASM3693798v1_genomic
AT1G11270	CP138043.1	98.409	440	7	0	4896	5335	13350792	13351231	0	774	GCA_036937985.1_ASM3693798v1_genomic
AT1G11270	CP138043.1	97.763	447	3	3	4896	5335	7794051	7794497	0	763	GCA_036937985.1_ASM3693798v1_genomic
AT1G11270	CP138043.1	97.727	440	10	0	380	819	13355286	13355725	0	758	GCA_036937985.1_ASM3693798v1_genomic
AT1G11270	CP138043.1	98.25	400	6	1	4936	5335	4212132	4211734	0	699	GCA_036937985.1_ASM3693798v1_genomic
AT1G11270	CP138042.1	99.435	4956	28	0	380	5335	13649526	13654481	0	8997	GCA_036937985.1_ASM3693798v1_genomic
AT1G11270	CP138042.1	98.69	4960	48	7	380	5338	15818858	15823801	0	8783	GCA_036937985.1_ASM3693798v1_genomic
AT1G11270	CP138042.1	99.416	2225	13	0	3111	5335	14860857	14863081	0	4037	GCA_036937985.1_ASM3693798v1_genomic
AT1G11270	CP138042.1	99.51	1632	7	1	379	2010	14859236	14860866	0	2968	GCA_036937985.1_ASM3693798v1_genomic
AT1G11270	CP138042.1	83.077	1105	159	15	3452	4552	3936991	3938071	0	979	GCA_036937985.1_ASM3693798v1_genomic
AT1G11270	CP138042.1	99.545	440	2	0	380	819	13654042	13654481	0	802	GCA_036937985.1_ASM3693798v1_genomic
AT1G11270	CP138042.1	99.545	440	2	0	380	819	14862642	14863081	0	802	GCA_036937985.1_ASM3693798v1_genomic
AT1G11270	CP138042.1	99.318	440	3	0	4896	5335	13649526	13649965	0	797	GCA_036937985.1_ASM3693798v1_genomic
AT1G11270	CP138042.1	99.318	440	3	0	4896	5335	14859237	14859676	0	797	GCA_036937985.1_ASM3693798v1_genomic
AT1G11270	CP138042.1	97.955	440	8	1	4896	5335	15818858	15819296	0	761	GCA_036937985.1_ASM3693798v1_genomic
AT1G11270	CP138042.1	95	440	7	5	380	819	15823373	15823797	0	676	GCA_036937985.1_ASM3693798v1_genomic
AT1G11270	CP138042.1	84.929	491	61	8	4623	5104	3938086	3938572	9.86e-135	484	GCA_036937985.1_ASM3693798v1_genomic
AT1G11270	CP138042.1	85.596	361	48	4	1879	2237	18912033	18911675	6.19e-102	375	GCA_036937985.1_ASM3693798v1_genomic
AT1G11270	CP138042.1	89.252	214	16	6	380	588	3938361	3938572	1.81e-67	261	GCA_036937985.1_ASM3693798v1_genomic
AT1G11270	CP138044.1	99.395	4955	28	2	382	5335	10615346	10610393	0	8983	GCA_036937985.1_ASM3693798v1_genomic
AT1G11270	CP138044.1	99.366	1262	7	1	382	1643	10610829	10609569	0	2285	GCA_036937985.1_ASM3693798v1_genomic
AT1G11270	CP138044.1	99.315	438	2	1	4898	5335	10615346	10614910	0	791	GCA_036937985.1_ASM3693798v1_genomic
AT1G11270	CP138045.1	99.334	4956	30	3	380	5335	3275272	3280224	0	8966	GCA_036937985.1_ASM3693798v1_genomic
AT1G11270	CP138045.1	98.951	4957	52	0	380	5336	7818077	7823033	0	8866	GCA_036937985.1_ASM3693798v1_genomic
AT1G11270	CP138045.1	99.773	441	0	1	380	820	3279786	3280225	0	808	GCA_036937985.1_ASM3693798v1_genomic
AT1G11270	CP138045.1	99.318	440	2	1	4896	5335	3275272	3275710	0	795	GCA_036937985.1_ASM3693798v1_genomic
AT1G11270	CP138045.1	97.727	440	10	0	4896	5335	7818077	7818516	0	758	GCA_036937985.1_ASM3693798v1_genomic
AT1G11270	CP138045.1	96.818	440	14	0	380	819	7822593	7823032	0	736	GCA_036937985.1_ASM3693798v1_genomic
AT1G11270	CP138051.1	99.617	4960	16	3	380	5336	9817806	9812847	0	9051	GCA_036938785.1_ASM3693878v1_genomic
AT1G11270	CP138051.1	99.617	4958	17	2	380	5335	22465866	22470823	0	9049	GCA_036938785.1_ASM3693878v1_genomic
AT1G11270	CP138051.1	99.576	4956	21	0	380	5335	19089539	19084584	0	9036	GCA_036938785.1_ASM3693878v1_genomic
AT1G11270	CP138051.1	99.576	4956	21	0	380	5335	19094055	19089100	0	9036	GCA_036938785.1_ASM3693878v1_genomic
AT1G11270	CP138051.1	99.052	4956	47	0	380	5335	7694366	7699321	0	8892	GCA_036938785.1_ASM3693878v1_genomic
AT1G11270	CP138051.1	99.552	3122	14	0	2214	5335	30462477	30465598	0	5688	GCA_036938785.1_ASM3693878v1_genomic
AT1G11270	CP138051.1	99.899	993	1	0	5336	6328	3794774	3795766	0	1829	GCA_036938785.1_ASM3693878v1_genomic
AT1G11270	CP138051.1	99.773	441	0	1	4896	5335	9817806	9817366	0	808	GCA_036938785.1_ASM3693878v1_genomic
AT1G11270	CP138051.1	99.545	440	2	0	380	819	30465159	30465598	0	802	GCA_036938785.1_ASM3693878v1_genomic
AT1G11270	CP138051.1	99.32	441	2	1	380	819	9813288	9812848	0	797	GCA_036938785.1_ASM3693878v1_genomic
AT1G11270	CP138051.1	99.318	440	3	0	380	819	19085023	19084584	0	797	GCA_036938785.1_ASM3693878v1_genomic
AT1G11270	CP138051.1	99.318	440	3	0	4896	5335	19094055	19093616	0	797	GCA_036938785.1_ASM3693878v1_genomic
AT1G11270	CP138051.1	99.32	441	2	1	4896	5335	22465866	22466306	0	797	GCA_036938785.1_ASM3693878v1_genomic
AT1G11270	CP138051.1	99.32	441	2	1	380	819	22470383	22470823	0	797	GCA_036938785.1_ASM3693878v1_genomic
AT1G11270	CP138051.1	99.091	440	4	0	380	819	7698882	7699321	0	791	GCA_036938785.1_ASM3693878v1_genomic
AT1G11270	CP138051.1	97.991	448	8	1	4888	5335	7691709	7692155	0	776	GCA_036938785.1_ASM3693878v1_genomic
AT1G11270	CP138051.1	98.409	440	6	1	380	819	7691717	7692155	0	773	GCA_036938785.1_ASM3693878v1_genomic
AT1G11270	CP138051.1	97.959	441	9	0	4895	5335	7694365	7694805	0	765	GCA_036938785.1_ASM3693878v1_genomic
AT1G11270	CP138051.1	99.504	403	2	0	6312	6714	3795792	3796194	0	734	GCA_036938785.1_ASM3693878v1_genomic
AT1G11270	CP138051.1	100	381	0	0	1	381	3794400	3794780	0	704	GCA_036938785.1_ASM3693878v1_genomic
AT1G11270	CP138051.1	91.144	271	14	4	552	820	18950373	18950635	5.82e-97	359	GCA_036938785.1_ASM3693878v1_genomic
AT1G11270	CP138051.1	91.386	267	14	3	5068	5333	18950373	18950631	2.09e-96	357	GCA_036938785.1_ASM3693878v1_genomic
AT1G11270	CP138051.1	93.122	189	12	1	376	564	18949850	18950037	6.02e-72	276	GCA_036938785.1_ASM3693878v1_genomic
AT1G11270	CP138051.1	93.514	185	11	1	4896	5080	18949854	18950037	2.17e-71	274	GCA_036938785.1_ASM3693878v1_genomic
AT1G11270	CP138052.1	99.597	4959	18	2	380	5336	14753128	14748170	0	9046	GCA_036938785.1_ASM3693878v1_genomic
AT1G11270	CP138052.1	99.536	4959	20	2	380	5335	1362402	1357444	0	9027	GCA_036938785.1_ASM3693878v1_genomic
AT1G11270	CP138052.1	99.273	4954	35	1	382	5335	2065536	2060584	0	8948	GCA_036938785.1_ASM3693878v1_genomic
AT1G11270	CP138052.1	83.439	1105	155	15	3452	4552	2845531	2846611	0	1002	GCA_036938785.1_ASM3693878v1_genomic
AT1G11270	CP138052.1	99.326	445	1	2	380	822	14748611	14748167	0	804	GCA_036938785.1_ASM3693878v1_genomic
AT1G11270	CP138052.1	99.546	441	1	1	4896	5335	14753128	14752688	0	802	GCA_036938785.1_ASM3693878v1_genomic
AT1G11270	CP138052.1	99.32	441	2	1	380	819	1357884	1357444	0	797	GCA_036938785.1_ASM3693878v1_genomic
AT1G11270	CP138052.1	99.095	442	2	1	4896	5335	1362402	1361961	0	793	GCA_036938785.1_ASM3693878v1_genomic
AT1G11270	CP138052.1	99.315	438	2	1	4898	5335	2065536	2065100	0	791	GCA_036938785.1_ASM3693878v1_genomic
AT1G11270	CP138052.1	98.858	438	4	1	382	819	2061020	2060584	0	780	GCA_036938785.1_ASM3693878v1_genomic
AT1G11270	CP138052.1	84.521	491	63	8	4623	5104	2846626	2847112	1.99e-131	473	GCA_036938785.1_ASM3693878v1_genomic
AT1G11270	CP138052.1	88.318	214	18	6	380	588	2846901	2847112	3.65e-64	250	GCA_036938785.1_ASM3693878v1_genomic
AT1G11270	CP138054.1	99.597	4958	18	2	380	5335	19441281	19436324	0	9044	GCA_036938785.1_ASM3693878v1_genomic
AT1G11270	CP138054.1	99.536	4962	19	4	380	5339	17241033	17236074	0	9033	GCA_036938785.1_ASM3693878v1_genomic
AT1G11270	CP138054.1	99.516	4961	20	4	380	5338	20310057	20305099	0	9025	GCA_036938785.1_ASM3693878v1_genomic
AT1G11270	CP138054.1	99.231	4810	37	0	526	5335	12689693	12694502	0	8678	GCA_036938785.1_ASM3693878v1_genomic
AT1G11270	CP138054.1	99.324	444	3	0	380	823	8941688	8942131	0	804	GCA_036938785.1_ASM3693878v1_genomic
AT1G11270	CP138054.1	99.545	440	2	0	4896	5335	8941688	8942127	0	802	GCA_036938785.1_ASM3693878v1_genomic
AT1G11270	CP138054.1	99.32	441	1	2	380	819	17236517	17236078	0	797	GCA_036938785.1_ASM3693878v1_genomic
AT1G11270	CP138054.1	99.32	441	1	2	4896	5335	17241033	17240594	0	797	GCA_036938785.1_ASM3693878v1_genomic
AT1G11270	CP138054.1	99.32	441	2	1	380	819	19436764	19436324	0	797	GCA_036938785.1_ASM3693878v1_genomic
AT1G11270	CP138054.1	99.32	441	2	1	4896	5335	19441281	19440841	0	797	GCA_036938785.1_ASM3693878v1_genomic
AT1G11270	CP138054.1	99.32	441	1	2	380	819	20305541	20305102	0	797	GCA_036938785.1_ASM3693878v1_genomic
AT1G11270	CP138054.1	99.32	441	1	2	4896	5335	20310057	20309618	0	797	GCA_036938785.1_ASM3693878v1_genomic
AT1G11270	CP138054.1	98.864	440	5	0	380	819	12694063	12694502	0	785	GCA_036938785.1_ASM3693878v1_genomic
AT1G11270	CP138054.1	97.959	294	6	0	5042	5335	12689693	12689986	1.52e-142	510	GCA_036938785.1_ASM3693878v1_genomic
AT1G11270	CP138054.1	98.425	127	1	1	4895	5020	12689587	12689713	7.96e-56	222	GCA_036938785.1_ASM3693878v1_genomic
AT1G11270	CP138054.1	98.413	126	1	1	380	504	12689588	12689713	2.86e-55	220	GCA_036938785.1_ASM3693878v1_genomic
AT1G11270	CP138054.1	100	31	0	0	412	442	17236455	17236485	2.38e-06	58.4	GCA_036938785.1_ASM3693878v1_genomic
AT1G11270	CP138054.1	100	31	0	0	4928	4958	17236455	17236485	2.38e-06	58.4	GCA_036938785.1_ASM3693878v1_genomic
AT1G11270	CP138054.1	100	31	0	0	412	442	17240971	17241001	2.38e-06	58.4	GCA_036938785.1_ASM3693878v1_genomic
AT1G11270	CP138054.1	100	31	0	0	4928	4958	17240971	17241001	2.38e-06	58.4	GCA_036938785.1_ASM3693878v1_genomic
AT1G11270	CP138054.1	100	31	0	0	412	442	20305479	20305509	2.38e-06	58.4	GCA_036938785.1_ASM3693878v1_genomic
AT1G11270	CP138054.1	100	31	0	0	4928	4958	20305479	20305509	2.38e-06	58.4	GCA_036938785.1_ASM3693878v1_genomic
AT1G11270	CP138054.1	100	31	0	0	412	442	20309995	20310025	2.38e-06	58.4	GCA_036938785.1_ASM3693878v1_genomic
AT1G11270	CP138054.1	100	31	0	0	4928	4958	20309995	20310025	2.38e-06	58.4	GCA_036938785.1_ASM3693878v1_genomic
AT1G11270	CP138055.1	99.516	4962	19	5	376	5335	29097116	29102074	0	9025	GCA_036938785.1_ASM3693878v1_genomic
AT1G11270	CP138055.1	99.516	4958	20	4	380	5335	19166810	19161855	0	9020	GCA_036938785.1_ASM3693878v1_genomic
AT1G11270	CP138055.1	99.456	4959	25	2	380	5336	26706751	26711709	0	9007	GCA_036938785.1_ASM3693878v1_genomic
AT1G11270	CP138055.1	99.435	4958	24	4	380	5335	19446117	19441162	0	8997	GCA_036938785.1_ASM3693878v1_genomic
AT1G11270	CP138055.1	99.321	442	1	2	4895	5335	29097118	29097558	0	798	GCA_036938785.1_ASM3693878v1_genomic
AT1G11270	CP138055.1	99.32	441	1	2	4896	5335	19166810	19166371	0	797	GCA_036938785.1_ASM3693878v1_genomic
AT1G11270	CP138055.1	99.32	441	2	1	380	819	26711268	26711708	0	797	GCA_036938785.1_ASM3693878v1_genomic
AT1G11270	CP138055.1	99.093	441	2	2	380	819	29101635	29102074	0	791	GCA_036938785.1_ASM3693878v1_genomic
AT1G11270	CP138055.1	98.871	443	3	2	380	821	19162294	19161853	0	789	GCA_036938785.1_ASM3693878v1_genomic
AT1G11270	CP138055.1	98.866	441	4	1	4896	5335	26706751	26707191	0	785	GCA_036938785.1_ASM3693878v1_genomic
AT1G11270	CP138055.1	98.643	442	4	2	380	820	19441601	19441161	0	782	GCA_036938785.1_ASM3693878v1_genomic
AT1G11270	CP138055.1	98.639	441	4	2	4896	5335	19446117	19445678	0	780	GCA_036938785.1_ASM3693878v1_genomic
AT1G11270	CP138055.1	100	31	0	0	412	442	19162232	19162262	2.38e-06	58.4	GCA_036938785.1_ASM3693878v1_genomic
AT1G11270	CP138055.1	100	31	0	0	4928	4958	19162232	19162262	2.38e-06	58.4	GCA_036938785.1_ASM3693878v1_genomic
AT1G11270	CP138055.1	100	31	0	0	412	442	19166748	19166778	2.38e-06	58.4	GCA_036938785.1_ASM3693878v1_genomic
AT1G11270	CP138055.1	100	31	0	0	4928	4958	19166748	19166778	2.38e-06	58.4	GCA_036938785.1_ASM3693878v1_genomic
AT1G11270	CP138055.1	100	31	0	0	412	442	19441539	19441569	2.38e-06	58.4	GCA_036938785.1_ASM3693878v1_genomic
AT1G11270	CP138055.1	100	31	0	0	4928	4958	19441539	19441569	2.38e-06	58.4	GCA_036938785.1_ASM3693878v1_genomic
AT1G11270	CP138055.1	100	31	0	0	412	442	19446055	19446085	2.38e-06	58.4	GCA_036938785.1_ASM3693878v1_genomic
AT1G11270	CP138055.1	100	31	0	0	4928	4958	19446055	19446085	2.38e-06	58.4	GCA_036938785.1_ASM3693878v1_genomic
AT1G11270	CP138055.1	100	31	0	0	4928	4958	29097181	29097151	2.38e-06	58.4	GCA_036938785.1_ASM3693878v1_genomic
AT1G11270	CP138055.1	100	31	0	0	412	442	29097181	29097151	2.38e-06	58.4	GCA_036938785.1_ASM3693878v1_genomic
AT1G11270	CP138055.1	100	31	0	0	4928	4958	29101697	29101667	2.38e-06	58.4	GCA_036938785.1_ASM3693878v1_genomic
AT1G11270	CP138055.1	100	31	0	0	412	442	29101697	29101667	2.38e-06	58.4	GCA_036938785.1_ASM3693878v1_genomic
AT1G11270	CP138053.1	99.476	4960	24	2	379	5336	4560832	4565791	0	9014	GCA_036938785.1_ASM3693878v1_genomic
AT1G11270	CP138053.1	99.476	4959	24	2	379	5336	17861570	17856613	0	9012	GCA_036938785.1_ASM3693878v1_genomic
AT1G11270	CP138053.1	99.415	4956	29	0	380	5335	23909404	23904449	0	8992	GCA_036938785.1_ASM3693878v1_genomic
AT1G11270	CP138053.1	99.355	4958	30	2	380	5335	7399161	7404118	0	8977	GCA_036938785.1_ASM3693878v1_genomic
AT1G11270	CP138053.1	99.773	440	1	0	4896	5335	17861569	17861130	0	808	GCA_036938785.1_ASM3693878v1_genomic
AT1G11270	CP138053.1	99.548	442	1	1	380	820	7403678	7404119	0	804	GCA_036938785.1_ASM3693878v1_genomic
AT1G11270	CP138053.1	99.545	440	2	0	380	819	17857053	17856614	0	802	GCA_036938785.1_ASM3693878v1_genomic
AT1G11270	CP138053.1	99.545	440	2	0	4896	5335	23909404	23908965	0	802	GCA_036938785.1_ASM3693878v1_genomic
AT1G11270	CP138053.1	99.32	441	2	1	380	819	4565350	4565790	0	797	GCA_036938785.1_ASM3693878v1_genomic
AT1G11270	CP138053.1	99.318	440	3	0	380	819	23904888	23904449	0	797	GCA_036938785.1_ASM3693878v1_genomic
AT1G11270	CP138053.1	99.095	442	4	0	4895	5336	19024777	19025218	0	795	GCA_036938785.1_ASM3693878v1_genomic
AT1G11270	CP138053.1	99.093	441	3	1	4896	5335	4560833	4561273	0	791	GCA_036938785.1_ASM3693878v1_genomic
AT1G11270	CP138053.1	99.091	440	4	0	4896	5335	7399161	7399600	0	791	GCA_036938785.1_ASM3693878v1_genomic
AT1G11270	CP138053.1	99.091	440	4	0	380	819	19024778	19025217	0	791	GCA_036938785.1_ASM3693878v1_genomic
AT1G11270	CP138062.1	99.435	4956	28	0	380	5335	10716073	10711118	0	8997	GCA_036939995.1_ASM3693999v1_genomic
AT1G11270	CP138062.1	83.348	1105	156	15	3452	4552	3073112	3074192	0	996	GCA_036939995.1_ASM3693999v1_genomic
AT1G11270	CP138062.1	99.549	443	2	0	380	822	10711557	10711115	0	808	GCA_036939995.1_ASM3693999v1_genomic
AT1G11270	CP138062.1	99.32	441	3	0	4895	5335	10716074	10715634	0	798	GCA_036939995.1_ASM3693999v1_genomic
AT1G11270	CP138062.1	85.359	362	48	5	1879	2237	16902605	16902246	2.78e-100	370	GCA_036939995.1_ASM3693999v1_genomic
AT1G11270	CP138063.1	99.395	4956	30	0	380	5335	18587292	18582337	0	8986	GCA_036939995.1_ASM3693999v1_genomic
AT1G11270	CP138063.1	97.5	4960	95	5	380	5336	12937334	12942267	0	8445	GCA_036939995.1_ASM3693999v1_genomic
AT1G11270	CP138063.1	99.288	843	6	0	4491	5333	18587697	18586855	0	1524	GCA_036939995.1_ASM3693999v1_genomic
AT1G11270	CP138063.1	99.549	443	2	0	380	822	18582776	18582334	0	808	GCA_036939995.1_ASM3693999v1_genomic
AT1G11270	CP138063.1	98.182	440	8	0	4896	5335	12937334	12937773	0	769	GCA_036939995.1_ASM3693999v1_genomic
AT1G11270	CP138063.1	96.364	440	16	0	380	819	12941827	12942266	0	725	GCA_036939995.1_ASM3693999v1_genomic
AT1G11270	CP138061.1	99.351	1386	2	2	5336	6714	3802669	3804054	0	2503	GCA_036939995.1_ASM3693999v1_genomic
AT1G11270	CP138061.1	99.213	381	3	0	1	381	3802295	3802675	0	688	GCA_036939995.1_ASM3693999v1_genomic
AT1G11270	CP138061.1	90.775	271	15	4	552	820	21234109	21234371	2.8e-95	353	GCA_036939995.1_ASM3693999v1_genomic
AT1G11270	CP138061.1	91.011	267	15	3	5068	5333	21234109	21234367	1.01e-94	351	GCA_036939995.1_ASM3693999v1_genomic
AT1G11270	CP138061.1	94.18	189	10	1	376	564	21233582	21233769	2.88e-75	287	GCA_036939995.1_ASM3693999v1_genomic
AT1G11270	CP138061.1	94.595	185	9	1	4896	5080	21233586	21233769	1.04e-74	285	GCA_036939995.1_ASM3693999v1_genomic
AT1G11270	CP138064.1	98.427	445	6	1	376	819	1991143	1991587	0	782	GCA_036939995.1_ASM3693999v1_genomic
AT1G11270	CP138064.1	98.423	444	6	1	4896	5339	1991148	1991590	0	780	GCA_036939995.1_ASM3693999v1_genomic
AT1G11270	CP138058.1	99.475	4957	26	0	379	5335	24318856	24323812	0	9010	GCA_036940305.1_ASM3694030v1_genomic
AT1G11270	CP138058.1	99.475	4957	24	1	379	5335	23827207	23832161	0	9009	GCA_036940305.1_ASM3694030v1_genomic
AT1G11270	CP138058.1	99.295	3970	18	2	380	4339	7379384	7383353	0	7167	GCA_036940305.1_ASM3694030v1_genomic
AT1G11270	CP138058.1	99.18	976	7	1	4361	5335	7383345	7384320	0	1757	GCA_036940305.1_ASM3694030v1_genomic
AT1G11270	CP138058.1	99.773	441	1	0	380	820	23831722	23832162	0	809	GCA_036940305.1_ASM3694030v1_genomic
AT1G11270	CP138058.1	99.548	442	1	1	380	820	7383880	7384321	0	804	GCA_036940305.1_ASM3694030v1_genomic
AT1G11270	CP138058.1	99.545	440	2	0	4896	5335	23827208	23827647	0	802	GCA_036940305.1_ASM3694030v1_genomic
AT1G11270	CP138058.1	99.545	440	2	0	4896	5335	24318857	24319296	0	802	GCA_036940305.1_ASM3694030v1_genomic
AT1G11270	CP138058.1	99.545	440	2	0	380	819	24323373	24323812	0	802	GCA_036940305.1_ASM3694030v1_genomic
AT1G11270	CP138058.1	97.773	449	1	1	4896	5335	7379384	7379832	0	765	GCA_036940305.1_ASM3694030v1_genomic
AT1G11270	CP138060.1	99.375	4962	27	4	379	5338	2502431	2497472	0	8988	GCA_036940305.1_ASM3694030v1_genomic
AT1G11270	CP138060.1	98.186	441	6	2	380	819	2497914	2497475	0	769	GCA_036940305.1_ASM3694030v1_genomic
AT1G11270	CP138060.1	97.959	441	7	2	4896	5335	2502430	2501991	0	763	GCA_036940305.1_ASM3694030v1_genomic
AT1G11270	CP138060.1	100	31	0	0	412	442	2497852	2497882	2.43e-06	58.4	GCA_036940305.1_ASM3694030v1_genomic
AT1G11270	CP138060.1	100	31	0	0	4928	4958	2497852	2497882	2.43e-06	58.4	GCA_036940305.1_ASM3694030v1_genomic
AT1G11270	CP138060.1	100	31	0	0	412	442	2502368	2502398	2.43e-06	58.4	GCA_036940305.1_ASM3694030v1_genomic
AT1G11270	CP138060.1	100	31	0	0	4928	4958	2502368	2502398	2.43e-06	58.4	GCA_036940305.1_ASM3694030v1_genomic
AT1G11270	CP138059.1	99.314	4957	29	2	380	5335	15028058	15023106	0	8961	GCA_036940305.1_ASM3694030v1_genomic
AT1G11270	CP138059.1	99.252	4810	35	1	526	5335	12480475	12485283	0	8682	GCA_036940305.1_ASM3694030v1_genomic
AT1G11270	CP138059.1	100	441	0	0	4895	5335	15028059	15027619	0	815	GCA_036940305.1_ASM3694030v1_genomic
AT1G11270	CP138059.1	99.101	445	4	0	380	824	15023545	15023101	0	800	GCA_036940305.1_ASM3694030v1_genomic
AT1G11270	CP138059.1	99.091	440	4	0	380	819	12484844	12485283	0	791	GCA_036940305.1_ASM3694030v1_genomic
AT1G11270	CP138059.1	99.315	292	2	0	5042	5333	12480475	12480766	4.28e-148	529	GCA_036940305.1_ASM3694030v1_genomic
AT1G11270	CP138059.1	98.425	127	1	1	4895	5020	12480369	12480495	8.14e-56	222	GCA_036940305.1_ASM3694030v1_genomic
AT1G11270	CP138059.1	98.413	126	1	1	380	504	12480370	12480495	2.93e-55	220	GCA_036940305.1_ASM3694030v1_genomic
AT1G11270	CP138056.1	99.71	1381	0	2	5336	6714	3764639	3766017	0	2525	GCA_036940305.1_ASM3694030v1_genomic
AT1G11270	CP138056.1	100	381	0	0	1	381	3764265	3764645	0	704	GCA_036940305.1_ASM3694030v1_genomic
AT1G11270	CP138056.1	91.144	271	14	4	552	820	20087018	20087280	5.95e-97	359	GCA_036940305.1_ASM3694030v1_genomic
AT1G11270	CP138056.1	91.386	267	14	3	5068	5333	20087018	20087276	2.14e-96	357	GCA_036940305.1_ASM3694030v1_genomic
AT1G11270	CP138057.1	83.258	1105	157	15	3452	4552	3124090	3125170	0	990	GCA_036940305.1_ASM3694030v1_genomic
AT1G11270	CP138057.1	85.635	362	47	5	1879	2237	17616705	17616346	5.91e-102	375	GCA_036940305.1_ASM3694030v1_genomic
AT1G11270	CP138069.1	99.557	4965	20	2	376	5339	1692845	1687882	0	9046	GCA_036940335.1_ASM3694033v1_genomic
AT1G11270	CP138069.1	99.395	4958	27	3	380	5335	17355767	17350811	0	8986	GCA_036940335.1_ASM3694033v1_genomic
AT1G11270	CP138069.1	99.294	4954	34	1	382	5335	11254603	11249651	0	8953	GCA_036940335.1_ASM3694033v1_genomic
AT1G11270	CP138069.1	99.439	4810	27	0	526	5335	14757389	14762198	0	8733	GCA_036940335.1_ASM3694033v1_genomic
AT1G11270	CP138069.1	99.773	441	1	0	4895	5335	17355768	17355328	0	809	GCA_036940335.1_ASM3694033v1_genomic
AT1G11270	CP138069.1	99.545	440	2	0	380	819	1688326	1687887	0	802	GCA_036940335.1_ASM3694033v1_genomic
AT1G11270	CP138069.1	99.103	446	3	1	380	824	17351251	17350806	0	800	GCA_036940335.1_ASM3694033v1_genomic
AT1G11270	CP138069.1	99.32	441	3	0	4895	5335	1692843	1692403	0	798	GCA_036940335.1_ASM3694033v1_genomic
AT1G11270	CP138069.1	99.091	440	4	0	380	819	14761759	14762198	0	791	GCA_036940335.1_ASM3694033v1_genomic
AT1G11270	CP138069.1	99.087	438	3	1	4898	5335	11254603	11254167	0	785	GCA_036940335.1_ASM3694033v1_genomic
AT1G11270	CP138069.1	98.63	438	5	1	382	819	11250087	11249651	0	774	GCA_036940335.1_ASM3694033v1_genomic
AT1G11270	CP138069.1	98.98	294	3	0	5042	5335	14757389	14757682	1.61e-147	527	GCA_036940335.1_ASM3694033v1_genomic
AT1G11270	CP138069.1	98.425	127	1	1	4895	5020	14757283	14757409	8.48e-56	222	GCA_036940335.1_ASM3694033v1_genomic
AT1G11270	CP138069.1	98.413	126	1	1	380	504	14757284	14757409	3.05e-55	220	GCA_036940335.1_ASM3694033v1_genomic
AT1G11270	CP138070.1	99.516	4957	24	0	379	5335	2794928	2789972	0	9022	GCA_036940335.1_ASM3694033v1_genomic
AT1G11270	CP138070.1	99.774	442	1	0	380	821	2790411	2789970	0	811	GCA_036940335.1_ASM3694033v1_genomic
AT1G11270	CP138070.1	99.773	440	1	0	4896	5335	2794927	2794488	0	808	GCA_036940335.1_ASM3694033v1_genomic
AT1G11270	CP138068.1	99.496	4956	25	0	380	5335	4772858	4777813	0	9014	GCA_036940335.1_ASM3694033v1_genomic
AT1G11270	CP138068.1	97.379	4960	96	9	380	5336	13139826	13144754	0	8408	GCA_036940335.1_ASM3694033v1_genomic
AT1G11270	CP138068.1	97.385	1721	36	3	3615	5335	13138553	13140264	0	2920	GCA_036940335.1_ASM3694033v1_genomic
AT1G11270	CP138068.1	99.545	440	2	0	4896	5335	4772858	4773297	0	802	GCA_036940335.1_ASM3694033v1_genomic
AT1G11270	CP138068.1	99.545	440	2	0	380	819	4777374	4777813	0	802	GCA_036940335.1_ASM3694033v1_genomic
AT1G11270	CP138068.1	97.5	440	11	0	380	819	13144314	13144753	0	752	GCA_036940335.1_ASM3694033v1_genomic
AT1G11270	CP138067.1	99.415	4957	29	0	380	5336	21676806	21681762	0	8994	GCA_036940335.1_ASM3694033v1_genomic
AT1G11270	CP138067.1	99.471	3968	20	1	380	4347	357508	361474	0	7210	GCA_036940335.1_ASM3694033v1_genomic
AT1G11270	CP138067.1	99.076	974	9	0	4348	5321	361668	362641	0	1749	GCA_036940335.1_ASM3694033v1_genomic
AT1G11270	CP138067.1	83.092	1106	157	17	3452	4552	2996603	2997683	0	979	GCA_036940335.1_ASM3694033v1_genomic
AT1G11270	CP138067.1	99.773	440	1	0	4896	5335	357508	357947	0	808	GCA_036940335.1_ASM3694033v1_genomic
AT1G11270	CP138067.1	99.545	440	2	0	4896	5335	21676806	21677245	0	802	GCA_036940335.1_ASM3694033v1_genomic
AT1G11270	CP138067.1	99.318	440	3	0	380	819	21681322	21681761	0	797	GCA_036940335.1_ASM3694033v1_genomic
AT1G11270	CP138067.1	99.531	426	2	0	380	805	362216	362641	0	776	GCA_036940335.1_ASM3694033v1_genomic
AT1G11270	CP138067.1	85.319	361	49	4	1879	2237	17224397	17224039	2.86e-100	370	GCA_036940335.1_ASM3694033v1_genomic
AT1G11270	CP138066.1	99.395	4956	28	1	380	5335	9331872	9326919	0	8985	GCA_036940335.1_ASM3694033v1_genomic
AT1G11270	CP138066.1	97.161	1409	10	2	5336	6714	3802589	3803997	0	2353	GCA_036940335.1_ASM3694033v1_genomic
AT1G11270	CP138066.1	99.548	442	2	0	4894	5335	9331874	9331433	0	806	GCA_036940335.1_ASM3694033v1_genomic
AT1G11270	CP138066.1	99.095	442	2	1	380	821	9327356	9326917	0	793	GCA_036940335.1_ASM3694033v1_genomic
AT1G11270	CP138066.1	99.213	381	3	0	1	381	3802215	3802595	0	688	GCA_036940335.1_ASM3694033v1_genomic
AT1G11270	CP138066.1	91.144	271	14	4	552	820	22046387	22046649	6.2e-97	359	GCA_036940335.1_ASM3694033v1_genomic
AT1G11270	CP138066.1	91.386	267	14	3	5068	5333	22046387	22046645	2.23e-96	357	GCA_036940335.1_ASM3694033v1_genomic
AT1G11270	CP138066.1	93.122	189	12	1	376	564	22045860	22046047	6.42e-72	276	GCA_036940335.1_ASM3694033v1_genomic
AT1G11270	CP138066.1	93.514	185	11	1	4896	5080	22045864	22046047	2.31e-71	274	GCA_036940335.1_ASM3694033v1_genomic
AT1G11270	CP138075.1	99.557	4966	22	0	377	5342	787371	782406	0	9049	GCA_036940405.1_ASM3694040v1_genomic
AT1G11270	CP138075.1	99.455	4956	27	0	380	5335	23067279	23062324	0	9003	GCA_036940405.1_ASM3694040v1_genomic
AT1G11270	CP138075.1	99.294	4959	33	2	380	5336	696589	691631	0	8962	GCA_036940405.1_ASM3694040v1_genomic
AT1G11270	CP138075.1	98.894	452	4	1	380	830	23062763	23062312	0	806	GCA_036940405.1_ASM3694040v1_genomic
AT1G11270	CP138075.1	99.545	440	2	0	380	819	782852	782413	0	802	GCA_036940405.1_ASM3694040v1_genomic
AT1G11270	CP138075.1	99.318	440	3	0	4896	5335	787368	786929	0	797	GCA_036940405.1_ASM3694040v1_genomic
AT1G11270	CP138075.1	99.318	440	3	0	4896	5335	23067279	23066840	0	797	GCA_036940405.1_ASM3694040v1_genomic
AT1G11270	CP138075.1	98.413	441	6	1	4896	5335	696589	696149	0	774	GCA_036940405.1_ASM3694040v1_genomic
AT1G11270	CP138075.1	98.186	441	7	1	380	819	692072	691632	0	769	GCA_036940405.1_ASM3694040v1_genomic
AT1G11270	CP138074.1	99.576	4956	21	0	380	5335	9005034	9009989	0	9036	GCA_036940405.1_ASM3694040v1_genomic
AT1G11270	CP138074.1	99.354	4954	30	2	382	5335	9239664	9234713	0	8970	GCA_036940405.1_ASM3694040v1_genomic
AT1G11270	CP138074.1	99.324	444	3	0	380	823	9009550	9009993	0	804	GCA_036940405.1_ASM3694040v1_genomic
AT1G11270	CP138074.1	99.545	440	2	0	4896	5335	9005034	9005473	0	802	GCA_036940405.1_ASM3694040v1_genomic
AT1G11270	CP138074.1	99.315	438	2	1	382	819	9235149	9234713	0	791	GCA_036940405.1_ASM3694040v1_genomic
AT1G11270	CP138074.1	99.087	438	2	2	4898	5335	9239664	9239229	0	785	GCA_036940405.1_ASM3694040v1_genomic
AT1G11270	CP138072.1	99.234	4959	18	4	379	5335	15363629	15368569	0	8929	GCA_036940405.1_ASM3694040v1_genomic
AT1G11270	CP138072.1	98.598	4706	58	4	634	5335	8635582	8630881	0	8318	GCA_036940405.1_ASM3694040v1_genomic
AT1G11270	CP138072.1	83.348	1105	156	15	3452	4552	2760198	2761278	0	996	GCA_036940405.1_ASM3694040v1_genomic
AT1G11270	CP138072.1	97.5	440	8	2	380	819	8631317	8630881	0	749	GCA_036940405.1_ASM3694040v1_genomic
AT1G11270	CP138072.1	97.279	441	2	2	4896	5335	15363630	15364061	0	739	GCA_036940405.1_ASM3694040v1_genomic
AT1G11270	CP138072.1	97.279	441	2	2	380	819	15368138	15368569	0	739	GCA_036940405.1_ASM3694040v1_genomic
AT1G11270	CP138072.1	84.521	491	63	8	4623	5104	2761293	2761779	2.04e-131	473	GCA_036940405.1_ASM3694040v1_genomic
AT1G11270	CP138072.1	97.312	186	4	1	5150	5335	8635582	8635398	1.31e-83	315	GCA_036940405.1_ASM3694040v1_genomic
AT1G11270	CP138072.1	88.318	214	18	6	380	588	2761568	2761779	3.74e-64	250	GCA_036940405.1_ASM3694040v1_genomic
AT1G11270	CP138071.1	98.75	4961	31	5	378	5336	31818102	31823033	0	8789	GCA_036940405.1_ASM3694040v1_genomic
AT1G11270	CP138071.1	97.353	1398	15	4	5336	6714	3774430	3775824	0	2357	GCA_036940405.1_ASM3694040v1_genomic
AT1G11270	CP138071.1	98.866	441	4	1	380	819	31822592	31823032	0	785	GCA_036940405.1_ASM3694040v1_genomic
AT1G11270	CP138071.1	98.186	441	7	1	4896	5335	31818104	31818544	0	769	GCA_036940405.1_ASM3694040v1_genomic
AT1G11270	CP138071.1	97.638	381	9	0	1	381	3774056	3774436	0	654	GCA_036940405.1_ASM3694040v1_genomic
AT1G11270	CP138071.1	91.144	271	14	4	552	820	20558740	20558478	5.96e-97	359	GCA_036940405.1_ASM3694040v1_genomic
AT1G11270	CP138071.1	91.386	267	14	3	5068	5333	20558740	20558482	2.14e-96	357	GCA_036940405.1_ASM3694040v1_genomic
AT1G11270	CP138071.1	93.548	186	11	1	379	564	20559260	20559076	6.17e-72	276	GCA_036940405.1_ASM3694040v1_genomic
AT1G11270	CP138071.1	93.514	185	11	1	4896	5080	20559259	20559076	2.22e-71	274	GCA_036940405.1_ASM3694040v1_genomic
AT1G11270	CP138076.1	99.617	4956	19	0	380	5335	6473042	6477997	0	9047	GCA_036940415.1_ASM3694041v1_genomic
AT1G11270	CP138076.1	99.556	4956	22	0	380	5335	3865518	3860563	0	9031	GCA_036940415.1_ASM3694041v1_genomic
AT1G11270	CP138076.1	99.28	1389	0	1	5336	6714	3769946	3771334	0	2501	GCA_036940415.1_ASM3694041v1_genomic
AT1G11270	CP138076.1	99.773	440	1	0	4896	5335	6473042	6473481	0	808	GCA_036940415.1_ASM3694041v1_genomic
AT1G11270	CP138076.1	99.109	449	3	1	4887	5335	3865526	3865079	0	806	GCA_036940415.1_ASM3694041v1_genomic
AT1G11270	CP138076.1	99.324	444	2	1	380	822	3861002	3860559	0	802	GCA_036940415.1_ASM3694041v1_genomic
AT1G11270	CP138076.1	99.545	440	2	0	380	819	6477558	6477997	0	802	GCA_036940415.1_ASM3694041v1_genomic
AT1G11270	CP138076.1	98.953	382	3	1	1	381	3769571	3769952	0	682	GCA_036940415.1_ASM3694041v1_genomic
AT1G11270	CP138076.1	91.144	271	14	4	552	820	20914412	20914674	6e-97	359	GCA_036940415.1_ASM3694041v1_genomic
AT1G11270	CP138076.1	91.386	267	14	3	5068	5333	20914412	20914670	2.16e-96	357	GCA_036940415.1_ASM3694041v1_genomic
AT1G11270	CP138076.1	93.122	189	12	1	376	564	20913889	20914076	6.21e-72	276	GCA_036940415.1_ASM3694041v1_genomic
AT1G11270	CP138076.1	93.514	185	11	1	4896	5080	20913893	20914076	2.23e-71	274	GCA_036940415.1_ASM3694041v1_genomic
AT1G11270	CP138077.1	99.516	4959	24	0	378	5336	353228	358186	0	9025	GCA_036940415.1_ASM3694041v1_genomic
AT1G11270	CP138077.1	99.475	4957	25	1	380	5335	20247394	20252350	0	9009	GCA_036940415.1_ASM3694041v1_genomic
AT1G11270	CP138077.1	83.273	1106	155	17	3452	4552	2983622	2984702	0	990	GCA_036940415.1_ASM3694041v1_genomic
AT1G11270	CP138077.1	99.774	443	1	0	4893	5335	353227	353669	0	813	GCA_036940415.1_ASM3694041v1_genomic
AT1G11270	CP138077.1	100	440	0	0	380	819	357746	358185	0	813	GCA_036940415.1_ASM3694041v1_genomic
AT1G11270	CP138077.1	99.546	441	2	0	4895	5335	20247393	20247833	0	804	GCA_036940415.1_ASM3694041v1_genomic
AT1G11270	CP138077.1	99.545	440	2	0	380	819	20251911	20252350	0	802	GCA_036940415.1_ASM3694041v1_genomic
AT1G11270	CP138077.1	84.318	491	64	8	4623	5104	2984717	2985203	9.55e-130	468	GCA_036940415.1_ASM3694041v1_genomic
AT1G11270	CP138077.1	85.873	361	47	4	1879	2237	16075637	16075279	1.28e-103	381	GCA_036940415.1_ASM3694041v1_genomic
AT1G11270	CP138077.1	87.85	214	19	6	380	588	2984992	2985203	1.75e-62	244	GCA_036940415.1_ASM3694041v1_genomic
AT1G11270	CP138080.1	99.516	4959	22	2	380	5336	23511927	23516885	0	9023	GCA_036940415.1_ASM3694041v1_genomic
AT1G11270	CP138080.1	99.32	441	2	1	380	819	23516444	23516884	0	797	GCA_036940415.1_ASM3694041v1_genomic
AT1G11270	CP138080.1	99.093	441	3	1	4896	5335	23511927	23512367	0	791	GCA_036940415.1_ASM3694041v1_genomic
AT1G11270	CP138078.1	99.496	4959	24	1	380	5338	21140117	21135160	0	9018	GCA_036940415.1_ASM3694041v1_genomic
AT1G11270	CP138078.1	98.453	4976	57	2	380	5335	18089986	18094961	0	8745	GCA_036940415.1_ASM3694041v1_genomic
AT1G11270	CP138078.1	97.359	4960	100	7	380	5336	13381464	13386395	0	8405	GCA_036940415.1_ASM3694041v1_genomic
AT1G11270	CP138078.1	99.736	1896	5	0	3440	5335	21141573	21139678	0	3474	GCA_036940415.1_ASM3694041v1_genomic
AT1G11270	CP138078.1	99.546	441	2	0	380	820	21135602	21135162	0	804	GCA_036940415.1_ASM3694041v1_genomic
AT1G11270	CP138078.1	98.869	442	5	0	4895	5336	20081549	20081990	0	789	GCA_036940415.1_ASM3694041v1_genomic
AT1G11270	CP138078.1	98.864	440	5	0	380	819	20081550	20081989	0	785	GCA_036940415.1_ASM3694041v1_genomic
AT1G11270	CP138078.1	98.182	440	8	0	4896	5335	13381464	13381903	0	769	GCA_036940415.1_ASM3694041v1_genomic
AT1G11270	CP138078.1	97.045	440	13	0	380	819	13385955	13386394	0	741	GCA_036940415.1_ASM3694041v1_genomic
AT1G11270	CP138078.1	96.444	450	6	1	4896	5335	18089986	18090435	0	734	GCA_036940415.1_ASM3694041v1_genomic
AT1G11270	CP138078.1	96.444	450	6	1	380	819	18094512	18094961	0	734	GCA_036940415.1_ASM3694041v1_genomic
AT1G11270	CP138084.1	99.294	4954	33	2	382	5335	9048056	9043105	0	8953	GCA_036940605.1_ASM3694060v1_genomic
AT1G11270	CP138084.1	99.254	4957	35	2	380	5335	15105097	15100142	0	8948	GCA_036940605.1_ASM3694060v1_genomic
AT1G11270	CP138084.1	99.252	4810	35	1	526	5335	12575702	12580510	0	8682	GCA_036940605.1_ASM3694060v1_genomic
AT1G11270	CP138084.1	99.546	441	2	0	4895	5335	15105098	15104658	0	804	GCA_036940605.1_ASM3694060v1_genomic
AT1G11270	CP138084.1	98.652	445	6	0	380	824	15100581	15100137	0	789	GCA_036940605.1_ASM3694060v1_genomic
AT1G11270	CP138084.1	98.858	438	4	1	382	819	9043541	9043105	0	780	GCA_036940605.1_ASM3694060v1_genomic
AT1G11270	CP138084.1	98.636	440	6	0	380	819	12580071	12580510	0	780	GCA_036940605.1_ASM3694060v1_genomic
AT1G11270	CP138084.1	98.63	438	4	2	4898	5335	9048056	9047621	0	774	GCA_036940605.1_ASM3694060v1_genomic
AT1G11270	CP138084.1	99.32	294	2	0	5042	5335	12575702	12575995	3.33e-149	532	GCA_036940605.1_ASM3694060v1_genomic
AT1G11270	CP138084.1	97.638	127	2	1	4895	5020	12575596	12575722	3.81e-54	217	GCA_036940605.1_ASM3694060v1_genomic
AT1G11270	CP138084.1	97.619	126	2	1	380	504	12575597	12575722	1.37e-53	215	GCA_036940605.1_ASM3694060v1_genomic
AT1G11270	CP138081.1	99.416	1711	8	2	3634	5342	7413888	7415598	0	3103	GCA_036940605.1_ASM3694060v1_genomic
AT1G11270	CP138081.1	99.288	1685	11	1	379	2062	7412216	7413900	0	3044	GCA_036940605.1_ASM3694060v1_genomic
AT1G11270	CP138081.1	97.709	1397	12	2	5336	6714	3785105	3786499	0	2385	GCA_036940605.1_ASM3694060v1_genomic
AT1G11270	CP138081.1	99.545	440	2	0	380	819	7415150	7415589	0	802	GCA_036940605.1_ASM3694060v1_genomic
AT1G11270	CP138081.1	99.318	440	3	0	4896	5335	7412217	7412656	0	797	GCA_036940605.1_ASM3694060v1_genomic
AT1G11270	CP138081.1	99.213	381	3	0	1	381	3784731	3785111	0	688	GCA_036940605.1_ASM3694060v1_genomic
AT1G11270	CP138081.1	91.144	271	14	4	552	820	20114141	20114403	5.98e-97	359	GCA_036940605.1_ASM3694060v1_genomic
AT1G11270	CP138081.1	91.386	267	14	3	5068	5333	20114141	20114399	2.15e-96	357	GCA_036940605.1_ASM3694060v1_genomic
AT1G11270	CP138081.1	91.005	189	16	1	376	564	20113613	20113800	2.9e-65	254	GCA_036940605.1_ASM3694060v1_genomic
AT1G11270	CP138081.1	91.351	185	15	1	4896	5080	20113617	20113800	1.04e-64	252	GCA_036940605.1_ASM3694060v1_genomic
AT1G11270	CP138085.1	95.714	980	41	1	5336	6314	17683052	17684031	0	1576	GCA_036940605.1_ASM3694060v1_genomic
AT1G11270	CP138085.1	95.868	242	10	0	140	381	17682817	17683058	5.9e-107	392	GCA_036940605.1_ASM3694060v1_genomic
AT1G11270	CP138085.1	95.968	124	5	0	1	124	17681946	17682069	1.07e-49	202	GCA_036940605.1_ASM3694060v1_genomic
AT1G11270	CP138082.1	85.083	362	49	5	1879	2237	16984633	16984274	1.29e-98	364	GCA_036940605.1_ASM3694060v1_genomic
AT1G11270	CP138088.1	99.576	4957	18	3	380	5335	7713337	7718291	0	9034	GCA_036940615.1_ASM3694061v1_genomic
AT1G11270	CP138088.1	99.415	4956	29	0	380	5335	18521142	18516187	0	8992	GCA_036940615.1_ASM3694061v1_genomic
AT1G11270	CP138088.1	97.521	4961	92	7	380	5336	12989536	12994469	0	8451	GCA_036940615.1_ASM3694061v1_genomic
AT1G11270	CP138088.1	100	440	0	0	4896	5335	18521142	18520703	0	813	GCA_036940615.1_ASM3694061v1_genomic
AT1G11270	CP138088.1	99.549	443	2	0	380	822	18516626	18516184	0	808	GCA_036940615.1_ASM3694061v1_genomic
AT1G11270	CP138088.1	99.545	440	2	0	4896	5335	7713337	7713776	0	802	GCA_036940615.1_ASM3694061v1_genomic
AT1G11270	CP138088.1	99.32	441	1	2	380	819	7717852	7718291	0	797	GCA_036940615.1_ASM3694061v1_genomic
AT1G11270	CP138088.1	99.095	442	4	0	4895	5336	19817570	19818011	0	795	GCA_036940615.1_ASM3694061v1_genomic
AT1G11270	CP138088.1	99.091	440	4	0	380	819	19817571	19818010	0	791	GCA_036940615.1_ASM3694061v1_genomic
AT1G11270	CP138088.1	98.182	440	8	0	4896	5335	12989536	12989975	0	769	GCA_036940615.1_ASM3694061v1_genomic
AT1G11270	CP138088.1	97.052	441	12	1	380	819	12994028	12994468	0	741	GCA_036940615.1_ASM3694061v1_genomic
AT1G11270	CP138088.1	100	31	0	0	4928	4958	7717914	7717884	2.51e-06	58.4	GCA_036940615.1_ASM3694061v1_genomic
AT1G11270	CP138088.1	100	31	0	0	412	442	7717914	7717884	2.51e-06	58.4	GCA_036940615.1_ASM3694061v1_genomic
AT1G11270	CP138087.1	99.011	4956	49	0	380	5335	10892982	10897937	0	8881	GCA_036940615.1_ASM3694061v1_genomic
AT1G11270	CP138087.1	82.986	1105	160	15	3452	4552	3608779	3609859	0	974	GCA_036940615.1_ASM3694061v1_genomic
AT1G11270	CP138087.1	97.955	440	9	0	380	819	10897498	10897937	0	763	GCA_036940615.1_ASM3694061v1_genomic
AT1G11270	CP138087.1	97.727	440	10	0	4896	5335	10892982	10893421	0	758	GCA_036940615.1_ASM3694061v1_genomic
AT1G11270	CP138087.1	85.596	361	48	4	1879	2237	17745754	17745396	6.11e-102	375	GCA_036940615.1_ASM3694061v1_genomic
AT1G11270	CP138089.1	99.293	4810	32	2	526	5335	15334538	15339345	0	8693	GCA_036940615.1_ASM3694061v1_genomic
AT1G11270	CP138089.1	98.876	445	4	1	376	819	2425023	2425467	0	793	GCA_036940615.1_ASM3694061v1_genomic
AT1G11270	CP138089.1	98.874	444	4	1	4896	5339	2425028	2425470	0	791	GCA_036940615.1_ASM3694061v1_genomic
AT1G11270	CP138089.1	98.864	440	5	0	380	819	15338906	15339345	0	785	GCA_036940615.1_ASM3694061v1_genomic
AT1G11270	CP138089.1	98.639	294	3	1	5042	5335	15334538	15334830	2.67e-145	520	GCA_036940615.1_ASM3694061v1_genomic
AT1G11270	CP138089.1	96.85	127	3	1	4895	5020	15334432	15334558	1.82e-52	211	GCA_036940615.1_ASM3694061v1_genomic
AT1G11270	CP138089.1	96.825	126	3	1	380	504	15334433	15334558	6.56e-52	209	GCA_036940615.1_ASM3694061v1_genomic
AT1G11270	CP138086.1	98.734	948	11	1	5336	6283	3793962	3794908	0	1683	GCA_036940615.1_ASM3694061v1_genomic
AT1G11270	CP138086.1	99.213	381	3	0	1	381	3793588	3793968	0	688	GCA_036940615.1_ASM3694061v1_genomic
AT1G11270	CP138086.1	90.775	271	15	4	552	820	22386814	22387076	2.86e-95	353	GCA_036940615.1_ASM3694061v1_genomic
AT1G11270	CP138086.1	91.011	267	15	3	5068	5333	22386814	22387072	1.03e-94	351	GCA_036940615.1_ASM3694061v1_genomic
AT1G11270	CP138086.1	87.568	185	14	5	6360	6544	3795092	3795267	8.49e-51	206	GCA_036940615.1_ASM3694061v1_genomic
AT1G11270	CP138094.1	99.415	4957	28	1	380	5335	15366617	15361661	0	8992	GCA_036940625.1_ASM3694062v1_genomic
AT1G11270	CP138094.1	99.397	4810	29	0	526	5335	12890716	12895525	0	8722	GCA_036940625.1_ASM3694062v1_genomic
AT1G11270	CP138094.1	100	441	0	0	4895	5335	15366618	15366178	0	815	GCA_036940625.1_ASM3694062v1_genomic
AT1G11270	CP138094.1	99.101	445	4	0	380	824	15362100	15361656	0	800	GCA_036940625.1_ASM3694062v1_genomic
AT1G11270	CP138094.1	99.318	440	3	0	380	819	12895086	12895525	0	797	GCA_036940625.1_ASM3694062v1_genomic
AT1G11270	CP138094.1	99.32	294	2	0	5042	5335	12890716	12891009	3.36e-149	532	GCA_036940625.1_ASM3694062v1_genomic
AT1G11270	CP138094.1	97.638	127	2	1	4895	5020	12890610	12890736	3.84e-54	217	GCA_036940625.1_ASM3694062v1_genomic
AT1G11270	CP138094.1	97.619	126	2	1	380	504	12890611	12890736	1.38e-53	215	GCA_036940625.1_ASM3694062v1_genomic
AT1G11270	CP138095.1	99.173	4958	21	4	380	5335	5392531	5397470	0	8911	GCA_036940625.1_ASM3694062v1_genomic
AT1G11270	CP138095.1	97.065	443	3	2	380	821	5397039	5397472	0	737	GCA_036940625.1_ASM3694062v1_genomic
AT1G11270	CP138095.1	96.833	442	4	2	4895	5335	5392530	5392962	0	730	GCA_036940625.1_ASM3694062v1_genomic
AT1G11270	CP138093.1	97.379	4960	97	8	380	5336	13080609	13085538	0	8408	GCA_036940625.1_ASM3694062v1_genomic
AT1G11270	CP138093.1	97.727	440	10	0	4896	5335	13080609	13081048	0	758	GCA_036940625.1_ASM3694062v1_genomic
AT1G11270	CP138093.1	97.045	440	12	1	380	819	13085099	13085537	0	739	GCA_036940625.1_ASM3694062v1_genomic
AT1G11270	CP138091.1	99.71	1381	0	2	5336	6714	3767630	3769008	0	2525	GCA_036940625.1_ASM3694062v1_genomic
AT1G11270	CP138091.1	100	381	0	0	1	381	3767256	3767636	0	704	GCA_036940625.1_ASM3694062v1_genomic
AT1G11270	CP138091.1	90.809	272	14	5	552	820	20589516	20589779	2.81e-95	353	GCA_036940625.1_ASM3694062v1_genomic
AT1G11270	CP138091.1	91.045	268	14	4	5068	5333	20589516	20589775	2.81e-95	353	GCA_036940625.1_ASM3694062v1_genomic
AT1G11270	CP138091.1	92.593	189	13	1	376	564	20588985	20589172	2.91e-70	270	GCA_036940625.1_ASM3694062v1_genomic
AT1G11270	CP138091.1	92.973	185	12	1	4896	5080	20588989	20589172	1.05e-69	268	GCA_036940625.1_ASM3694062v1_genomic
AT1G11270	CP138092.1	83.363	1106	154	17	3452	4552	2893487	2894567	0	996	GCA_036940625.1_ASM3694062v1_genomic
AT1G11270	CP138092.1	84.318	491	64	8	4623	5104	2894582	2895068	9.6e-130	468	GCA_036940625.1_ASM3694062v1_genomic
AT1G11270	CP138092.1	85.873	361	47	4	1879	2237	16536885	16536527	1.29e-103	381	GCA_036940625.1_ASM3694062v1_genomic
AT1G11270	CP138092.1	87.85	214	19	6	380	588	2894857	2895068	1.76e-62	244	GCA_036940625.1_ASM3694062v1_genomic
AT1G11270	CP138096.1	99.576	4956	21	0	380	5335	24889034	24884079	0	9036	GCA_036940635.1_ASM3694063v1_genomic
AT1G11270	CP138096.1	99.118	2835	25	0	2501	5335	7715831	7718665	0	5097	GCA_036940635.1_ASM3694063v1_genomic
AT1G11270	CP138096.1	98.823	2124	25	0	380	2503	7713474	7715597	0	3784	GCA_036940635.1_ASM3694063v1_genomic
AT1G11270	CP138096.1	100	993	0	0	5336	6328	3775356	3776348	0	1834	GCA_036940635.1_ASM3694063v1_genomic
AT1G11270	CP138096.1	99.318	440	3	0	380	819	24884518	24884079	0	797	GCA_036940635.1_ASM3694063v1_genomic
AT1G11270	CP138096.1	99.318	440	3	0	4896	5335	24889034	24888595	0	797	GCA_036940635.1_ASM3694063v1_genomic
AT1G11270	CP138096.1	98.438	448	6	1	4888	5335	7710817	7711263	0	787	GCA_036940635.1_ASM3694063v1_genomic
AT1G11270	CP138096.1	98.864	440	5	0	380	819	7718226	7718665	0	785	GCA_036940635.1_ASM3694063v1_genomic
AT1G11270	CP138096.1	98.864	440	4	1	380	819	7710825	7711263	0	784	GCA_036940635.1_ASM3694063v1_genomic
AT1G11270	CP138096.1	97.506	441	11	0	4895	5335	7713473	7713913	0	754	GCA_036940635.1_ASM3694063v1_genomic
AT1G11270	CP138096.1	99.504	403	2	0	6312	6714	3776362	3776764	0	734	GCA_036940635.1_ASM3694063v1_genomic
AT1G11270	CP138096.1	99.213	381	3	0	1	381	3774982	3775362	0	688	GCA_036940635.1_ASM3694063v1_genomic
AT1G11270	CP138096.1	90.037	271	17	4	552	820	21059503	21059765	5.96e-92	342	GCA_036940635.1_ASM3694063v1_genomic
AT1G11270	CP138096.1	90.262	267	17	3	5068	5333	21059503	21059761	2.14e-91	340	GCA_036940635.1_ASM3694063v1_genomic
AT1G11270	CP138096.1	92.593	189	13	1	376	564	21058976	21059163	2.85e-70	270	GCA_036940635.1_ASM3694063v1_genomic
AT1G11270	CP138096.1	92.973	185	12	1	4896	5080	21058980	21059163	1.03e-69	268	GCA_036940635.1_ASM3694063v1_genomic
AT1G11270	CP138097.1	99.516	4958	24	0	379	5336	726760	721803	0	9023	GCA_036940635.1_ASM3694063v1_genomic
AT1G11270	CP138097.1	82.896	1105	160	16	3452	4552	3029041	3030120	0	966	GCA_036940635.1_ASM3694063v1_genomic
AT1G11270	CP138097.1	99.545	440	2	0	4896	5335	726759	726320	0	802	GCA_036940635.1_ASM3694063v1_genomic
AT1G11270	CP138097.1	98.864	440	5	0	380	819	722243	721804	0	785	GCA_036940635.1_ASM3694063v1_genomic
AT1G11270	CP138097.1	85.596	361	48	4	1879	2237	15777798	15777440	5.88e-102	375	GCA_036940635.1_ASM3694063v1_genomic
AT1G11270	CP138099.1	99.437	4970	25	1	370	5339	13114915	13109949	0	9020	GCA_036940635.1_ASM3694063v1_genomic
AT1G11270	CP138099.1	99.168	4810	40	0	526	5335	15401524	15406333	0	8661	GCA_036940635.1_ASM3694063v1_genomic
AT1G11270	CP138099.1	99.773	440	1	0	380	819	13110392	13109953	0	808	GCA_036940635.1_ASM3694063v1_genomic
AT1G11270	CP138099.1	99.773	440	1	0	4896	5335	13114905	13114466	0	808	GCA_036940635.1_ASM3694063v1_genomic
AT1G11270	CP138099.1	98.864	440	5	0	380	819	15405894	15406333	0	785	GCA_036940635.1_ASM3694063v1_genomic
AT1G11270	CP138099.1	97.619	294	7	0	5042	5335	15401524	15401817	7.19e-141	505	GCA_036940635.1_ASM3694063v1_genomic
AT1G11270	CP138099.1	97.638	127	2	1	4895	5020	15401418	15401544	3.77e-54	217	GCA_036940635.1_ASM3694063v1_genomic
AT1G11270	CP138099.1	97.619	126	2	1	380	504	15401419	15401544	1.36e-53	215	GCA_036940635.1_ASM3694063v1_genomic
AT1G11270	CP138100.1	99.294	4959	33	2	380	5336	666036	661078	0	8962	GCA_036940635.1_ASM3694063v1_genomic
AT1G11270	CP138100.1	99.213	4957	31	2	379	5335	21828107	21833055	0	8931	GCA_036940635.1_ASM3694063v1_genomic
AT1G11270	CP138100.1	99.545	440	2	0	380	819	21832616	21833055	0	802	GCA_036940635.1_ASM3694063v1_genomic
AT1G11270	CP138100.1	98.864	440	5	0	4896	5335	21828108	21828547	0	785	GCA_036940635.1_ASM3694063v1_genomic
AT1G11270	CP138100.1	98.413	441	6	1	4896	5335	666036	665596	0	774	GCA_036940635.1_ASM3694063v1_genomic
AT1G11270	CP138100.1	98.186	441	7	1	380	819	661519	661079	0	769	GCA_036940635.1_ASM3694063v1_genomic
AT1G11270	CP138098.1	97.418	4648	87	7	380	5023	13406232	13410850	0	7888	GCA_036940635.1_ASM3694063v1_genomic
AT1G11270	CP138098.1	98.409	440	7	0	4896	5335	13406232	13406671	0	774	GCA_036940635.1_ASM3694063v1_genomic
AT1G11270	CP138098.1	94.357	319	12	4	5024	5336	13410802	13411120	9.36e-135	484	GCA_036940635.1_ASM3694063v1_genomic
AT1G11270	CP138098.1	94.34	318	12	4	508	819	13410802	13411119	3.37e-134	483	GCA_036940635.1_ASM3694063v1_genomic
AT1G11270	CP138098.1	96.124	129	4	1	380	507	13410722	13410850	6.31e-52	209	GCA_036940635.1_ASM3694063v1_genomic
AT1G11270	CP138103.1	99.274	4956	36	0	380	5335	30158458	30163413	0	8953	GCA_036940645.1_ASM3694064v1_genomic
AT1G11270	CP138103.1	99.135	4970	42	1	367	5335	34425	29456	0	8938	GCA_036940645.1_ASM3694064v1_genomic
AT1G11270	CP138103.1	99.174	4963	27	4	379	5336	2938173	2943126	0	8925	GCA_036940645.1_ASM3694064v1_genomic
AT1G11270	CP138103.1	97.319	4960	100	8	380	5336	13073453	13078382	0	8392	GCA_036940645.1_ASM3694064v1_genomic
AT1G11270	CP138103.1	99.321	442	1	1	4896	5335	2938174	2938615	0	798	GCA_036940645.1_ASM3694064v1_genomic
AT1G11270	CP138103.1	99.321	442	1	1	380	819	2942684	2943125	0	798	GCA_036940645.1_ASM3694064v1_genomic
AT1G11270	CP138103.1	99.32	441	3	0	380	820	30162974	30163414	0	798	GCA_036940645.1_ASM3694064v1_genomic
AT1G11270	CP138103.1	99.318	440	3	0	4896	5335	30158458	30158897	0	797	GCA_036940645.1_ASM3694064v1_genomic
AT1G11270	CP138103.1	98.409	440	7	0	380	819	29895	29456	0	774	GCA_036940645.1_ASM3694064v1_genomic
AT1G11270	CP138103.1	98.409	440	7	0	4896	5335	34411	33972	0	774	GCA_036940645.1_ASM3694064v1_genomic
AT1G11270	CP138103.1	97.955	440	9	0	4896	5335	13073453	13073892	0	763	GCA_036940645.1_ASM3694064v1_genomic
AT1G11270	CP138103.1	97.273	440	12	0	380	819	13077942	13078381	0	747	GCA_036940645.1_ASM3694064v1_genomic
AT1G11270	CP138101.1	99.215	4968	34	3	379	5342	6766348	6761382	0	8953	GCA_036940645.1_ASM3694064v1_genomic
AT1G11270	CP138101.1	99.578	948	3	1	5336	6283	3803837	3804783	0	1727	GCA_036940645.1_ASM3694064v1_genomic
AT1G11270	CP138101.1	98	450	6	2	380	826	6761829	6761380	0	778	GCA_036940645.1_ASM3694064v1_genomic
AT1G11270	CP138101.1	98.416	442	5	1	4896	5335	6766347	6765906	0	776	GCA_036940645.1_ASM3694064v1_genomic
AT1G11270	CP138101.1	97.375	381	10	0	1	381	3803463	3803843	0	649	GCA_036940645.1_ASM3694064v1_genomic
AT1G11270	CP138101.1	90.775	271	15	4	552	820	21075852	21076114	3.02e-95	353	GCA_036940645.1_ASM3694064v1_genomic
AT1G11270	CP138101.1	91.011	267	15	3	5068	5333	21075852	21076110	1.09e-94	351	GCA_036940645.1_ASM3694064v1_genomic
AT1G11270	CP138101.1	92.593	189	13	1	376	564	21075325	21075512	3.13e-70	270	GCA_036940645.1_ASM3694064v1_genomic
AT1G11270	CP138101.1	92.973	185	12	1	4896	5080	21075329	21075512	1.13e-69	268	GCA_036940645.1_ASM3694064v1_genomic
AT1G11270	CP138101.1	87.568	185	14	5	6360	6544	3804970	3805145	8.96e-51	206	GCA_036940645.1_ASM3694064v1_genomic
AT1G11270	CP138104.1	99.234	4961	34	2	379	5335	2072138	2077098	0	8948	GCA_036940645.1_ASM3694064v1_genomic
AT1G11270	CP138104.1	98.875	4978	35	4	380	5336	23401150	23396173	0	8863	GCA_036940645.1_ASM3694064v1_genomic
AT1G11270	CP138104.1	99.321	442	1	1	380	819	23396615	23396174	0	798	GCA_036940645.1_ASM3694064v1_genomic
AT1G11270	CP138104.1	97.204	465	9	3	380	841	2076657	2077120	0	784	GCA_036940645.1_ASM3694064v1_genomic
AT1G11270	CP138104.1	98.643	442	4	1	4896	5335	2072139	2072580	0	782	GCA_036940645.1_ASM3694064v1_genomic
AT1G11270	CP138104.1	97.738	442	8	1	4896	5335	23401150	23400709	0	760	GCA_036940645.1_ASM3694064v1_genomic
AT1G11270	CP138102.1	99.253	4956	37	0	380	5335	1956835	1961790	0	8948	GCA_036940645.1_ASM3694064v1_genomic
AT1G11270	CP138102.1	82.278	1106	155	19	3452	4552	2849360	2850429	0	918	GCA_036940645.1_ASM3694064v1_genomic
AT1G11270	CP138102.1	98.649	444	6	0	380	823	1961351	1961794	0	787	GCA_036940645.1_ASM3694064v1_genomic
AT1G11270	CP138102.1	98.182	440	8	0	4896	5335	1956835	1957274	0	769	GCA_036940645.1_ASM3694064v1_genomic
AT1G11270	CP138102.1	84.929	491	61	8	4623	5104	2850444	2850930	1.03e-134	484	GCA_036940645.1_ASM3694064v1_genomic
AT1G11270	CP138102.1	85.042	361	50	4	1879	2237	18141574	18141216	1.4e-98	364	GCA_036940645.1_ASM3694064v1_genomic
AT1G11270	CP138102.1	89.252	214	16	6	380	588	2850719	2850930	1.89e-67	261	GCA_036940645.1_ASM3694064v1_genomic
AT1G11270	CP138105.1	99.234	4960	34	2	380	5335	21637844	21642803	0	8946	GCA_036940645.1_ASM3694064v1_genomic
AT1G11270	CP138105.1	99.233	4957	32	1	380	5336	21645006	21649956	0	8938	GCA_036940645.1_ASM3694064v1_genomic
AT1G11270	CP138105.1	99.173	4956	41	0	380	5335	1496682	1501637	0	8925	GCA_036940645.1_ASM3694064v1_genomic
AT1G11270	CP138105.1	98.474	4981	50	2	380	5335	28492730	28497709	0	8754	GCA_036940645.1_ASM3694064v1_genomic
AT1G11270	CP138105.1	99.318	440	3	0	4896	5335	21645006	21645445	0	797	GCA_036940645.1_ASM3694064v1_genomic
AT1G11270	CP138105.1	99.099	444	3	1	380	822	21649516	21649959	0	797	GCA_036940645.1_ASM3694064v1_genomic
AT1G11270	CP138105.1	98.206	446	6	1	4892	5335	21637840	21638285	0	778	GCA_036940645.1_ASM3694064v1_genomic
AT1G11270	CP138105.1	98.416	442	5	1	380	819	21642362	21642803	0	776	GCA_036940645.1_ASM3694064v1_genomic
AT1G11270	CP138105.1	98.409	440	7	0	4896	5335	1496682	1497121	0	774	GCA_036940645.1_ASM3694064v1_genomic
AT1G11270	CP138105.1	98.186	441	8	0	380	820	1501198	1501638	0	771	GCA_036940645.1_ASM3694064v1_genomic
AT1G11270	CP138105.1	97.955	440	9	0	380	819	28497270	28497709	0	763	GCA_036940645.1_ASM3694064v1_genomic
AT1G11270	CP138105.1	97.931	435	9	0	4896	5330	28492730	28493164	0	754	GCA_036940645.1_ASM3694064v1_genomic
AT1G11270	CP138110.1	99.496	4957	25	0	379	5335	21029965	21025009	0	9016	GCA_036940715.1_ASM3694071v1_genomic
AT1G11270	CP138110.1	99.375	4960	31	0	376	5335	30122062	30127021	0	8988	GCA_036940715.1_ASM3694071v1_genomic
AT1G11270	CP138110.1	99.193	4957	32	2	379	5335	23102374	23107322	0	8925	GCA_036940715.1_ASM3694071v1_genomic
AT1G11270	CP138110.1	99.773	441	1	0	380	820	21025448	21025008	0	809	GCA_036940715.1_ASM3694071v1_genomic
AT1G11270	CP138110.1	99.773	440	1	0	4896	5335	21029964	21029525	0	808	GCA_036940715.1_ASM3694071v1_genomic
AT1G11270	CP138110.1	99.318	440	3	0	4896	5335	23102375	23102814	0	797	GCA_036940715.1_ASM3694071v1_genomic
AT1G11270	CP138110.1	99.091	440	4	0	380	819	23106883	23107322	0	791	GCA_036940715.1_ASM3694071v1_genomic
AT1G11270	CP138110.1	98.864	440	5	0	4896	5335	30122066	30122505	0	785	GCA_036940715.1_ASM3694071v1_genomic
AT1G11270	CP138110.1	98.423	444	7	0	380	823	30126582	30127025	0	782	GCA_036940715.1_ASM3694071v1_genomic
AT1G11270	CP138109.1	99.236	4973	33	5	372	5341	11644597	11639627	0	8968	GCA_036940715.1_ASM3694071v1_genomic
AT1G11270	CP138109.1	98.503	4810	43	1	526	5335	12235536	12240316	0	8456	GCA_036940715.1_ASM3694071v1_genomic
AT1G11270	CP138109.1	98.876	445	4	1	376	819	1917489	1917933	0	793	GCA_036940715.1_ASM3694071v1_genomic
AT1G11270	CP138109.1	99.095	442	3	1	4895	5335	11644592	11644151	0	793	GCA_036940715.1_ASM3694071v1_genomic
AT1G11270	CP138109.1	98.874	444	4	1	4896	5339	1917494	1917936	0	791	GCA_036940715.1_ASM3694071v1_genomic
AT1G11270	CP138109.1	98.866	441	4	1	380	819	11640074	11639634	0	785	GCA_036940715.1_ASM3694071v1_genomic
AT1G11270	CP138109.1	98.182	440	8	0	380	819	12239877	12240316	0	769	GCA_036940715.1_ASM3694071v1_genomic
AT1G11270	CP138109.1	98.98	294	3	0	5042	5335	12235536	12235829	1.53e-147	527	GCA_036940715.1_ASM3694071v1_genomic
AT1G11270	CP138109.1	97.638	127	2	1	4895	5020	12235430	12235556	3.77e-54	217	GCA_036940715.1_ASM3694071v1_genomic
AT1G11270	CP138109.1	97.619	126	2	1	380	504	12235431	12235556	1.36e-53	215	GCA_036940715.1_ASM3694071v1_genomic
AT1G11270	CP138106.1	99.118	2835	25	0	2501	5335	7692187	7695021	0	5097	GCA_036940715.1_ASM3694071v1_genomic
AT1G11270	CP138106.1	98.823	2124	25	0	380	2503	7689830	7691953	0	3784	GCA_036940715.1_ASM3694071v1_genomic
AT1G11270	CP138106.1	98.353	607	9	1	5336	5942	3782126	3782731	0	1064	GCA_036940715.1_ASM3694071v1_genomic
AT1G11270	CP138106.1	98.438	448	6	1	4888	5335	7687173	7687619	0	787	GCA_036940715.1_ASM3694071v1_genomic
AT1G11270	CP138106.1	98.864	440	5	0	380	819	7694582	7695021	0	785	GCA_036940715.1_ASM3694071v1_genomic
AT1G11270	CP138106.1	98.864	440	4	1	380	819	7687181	7687619	0	784	GCA_036940715.1_ASM3694071v1_genomic
AT1G11270	CP138106.1	97.506	441	11	0	4895	5335	7689829	7690269	0	754	GCA_036940715.1_ASM3694071v1_genomic
AT1G11270	CP138106.1	99.752	403	1	0	6312	6714	3787865	3788267	0	739	GCA_036940715.1_ASM3694071v1_genomic
AT1G11270	CP138106.1	100	394	0	0	5935	6328	3787452	3787845	0	728	GCA_036940715.1_ASM3694071v1_genomic
AT1G11270	CP138106.1	99.213	381	3	0	1	381	3781752	3782132	0	688	GCA_036940715.1_ASM3694071v1_genomic
AT1G11270	CP138106.1	90.406	271	16	4	552	820	21728168	21728430	1.28e-93	348	GCA_036940715.1_ASM3694071v1_genomic
AT1G11270	CP138106.1	90.637	267	16	3	5068	5333	21728168	21728426	4.61e-93	346	GCA_036940715.1_ASM3694071v1_genomic
AT1G11270	CP138106.1	89.947	189	12	2	376	564	21727650	21727831	2.9e-60	237	GCA_036940715.1_ASM3694071v1_genomic
AT1G11270	CP138106.1	90.27	185	11	2	4896	5080	21727654	21727831	1.04e-59	235	GCA_036940715.1_ASM3694071v1_genomic
AT1G11270	CP138108.1	92.184	1369	99	7	3159	4526	16706153	16707514	0	1929	GCA_036940715.1_ASM3694071v1_genomic
AT1G11270	CP138108.1	93.235	813	54	1	4523	5335	16707677	16708488	0	1195	GCA_036940715.1_ASM3694071v1_genomic
AT1G11270	CP138108.1	93.824	761	35	7	380	1139	16708050	16708799	0	1134	GCA_036940715.1_ASM3694071v1_genomic
AT1G11270	CP138107.1	82.986	1105	160	15	3452	4552	2802940	2804020	0	974	GCA_036940715.1_ASM3694071v1_genomic
AT1G11270	CP138107.1	85.359	362	47	6	1879	2237	15622066	15621708	2.74e-100	370	GCA_036940715.1_ASM3694071v1_genomic
AT1G11270	CP138111.1	99.577	4959	19	2	380	5336	8237019	8241977	0	9040	GCA_036940825.1_ASM3694082v1_genomic
AT1G11270	CP138111.1	99.395	4958	28	2	380	5335	33244705	33249662	0	8988	GCA_036940825.1_ASM3694082v1_genomic
AT1G11270	CP138111.1	99.214	4964	33	2	378	5335	13220661	13215698	0	8946	GCA_036940825.1_ASM3694082v1_genomic
AT1G11270	CP138111.1	98.83	4956	58	0	380	5335	7695432	7700387	0	8831	GCA_036940825.1_ASM3694082v1_genomic
AT1G11270	CP138111.1	97.353	1398	15	4	5336	6714	3770344	3771738	0	2357	GCA_036940825.1_ASM3694082v1_genomic
AT1G11270	CP138111.1	98.451	452	5	2	380	830	8241536	8241986	0	795	GCA_036940825.1_ASM3694082v1_genomic
AT1G11270	CP138111.1	99.095	442	3	1	4895	5335	8237018	8237459	0	793	GCA_036940825.1_ASM3694082v1_genomic
AT1G11270	CP138111.1	99.095	442	3	1	380	820	33249222	33249663	0	793	GCA_036940825.1_ASM3694082v1_genomic
AT1G11270	CP138111.1	98.438	448	3	2	380	823	13216140	13215693	0	785	GCA_036940825.1_ASM3694082v1_genomic
AT1G11270	CP138111.1	98.214	448	7	1	4888	5335	7692775	7693221	0	782	GCA_036940825.1_ASM3694082v1_genomic
AT1G11270	CP138111.1	98.639	441	5	1	4896	5335	33244705	33245145	0	780	GCA_036940825.1_ASM3694082v1_genomic
AT1G11270	CP138111.1	98.636	440	5	1	380	819	7692783	7693221	0	778	GCA_036940825.1_ASM3694082v1_genomic
AT1G11270	CP138111.1	98.42	443	4	1	4896	5335	13220659	13220217	0	776	GCA_036940825.1_ASM3694082v1_genomic
AT1G11270	CP138111.1	98.409	440	7	0	380	819	7699948	7700387	0	774	GCA_036940825.1_ASM3694082v1_genomic
AT1G11270	CP138111.1	97.279	441	12	0	4895	5335	7695431	7695871	0	749	GCA_036940825.1_ASM3694082v1_genomic
AT1G11270	CP138111.1	97.638	381	9	0	1	381	3769970	3770350	0	654	GCA_036940825.1_ASM3694082v1_genomic
AT1G11270	CP138111.1	89.888	267	17	4	552	817	20847273	20847530	1e-89	335	GCA_036940825.1_ASM3694082v1_genomic
AT1G11270	CP138111.1	89.888	267	17	4	5068	5333	20847273	20847530	1e-89	335	GCA_036940825.1_ASM3694082v1_genomic
AT1G11270	CP138111.1	93.651	189	11	1	376	564	20846746	20846933	1.32e-73	281	GCA_036940825.1_ASM3694082v1_genomic
AT1G11270	CP138111.1	94.054	185	10	1	4896	5080	20846750	20846933	4.75e-73	279	GCA_036940825.1_ASM3694082v1_genomic
AT1G11270	CP138113.1	99.556	4958	19	3	380	5335	7336142	7341098	0	9031	GCA_036940825.1_ASM3694082v1_genomic
AT1G11270	CP138113.1	99.516	4959	20	4	379	5335	20090046	20095002	0	9022	GCA_036940825.1_ASM3694082v1_genomic
AT1G11270	CP138113.1	97.418	4648	87	7	380	5023	13482498	13487116	0	7888	GCA_036940825.1_ASM3694082v1_genomic
AT1G11270	CP138113.1	99.321	442	1	2	380	820	20094563	20095003	0	798	GCA_036940825.1_ASM3694082v1_genomic
AT1G11270	CP138113.1	99.32	441	2	1	4896	5335	7336142	7336582	0	797	GCA_036940825.1_ASM3694082v1_genomic
AT1G11270	CP138113.1	99.32	441	2	1	380	819	7340658	7341098	0	797	GCA_036940825.1_ASM3694082v1_genomic
AT1G11270	CP138113.1	99.32	441	1	2	4896	5335	20090047	20090486	0	797	GCA_036940825.1_ASM3694082v1_genomic
AT1G11270	CP138113.1	99.095	442	4	0	4895	5336	18131825	18132266	0	795	GCA_036940825.1_ASM3694082v1_genomic
AT1G11270	CP138113.1	99.091	440	4	0	380	819	18131826	18132265	0	791	GCA_036940825.1_ASM3694082v1_genomic
AT1G11270	CP138113.1	98.409	440	7	0	4896	5335	13482498	13482937	0	774	GCA_036940825.1_ASM3694082v1_genomic
AT1G11270	CP138113.1	94.357	319	12	4	5024	5336	13487068	13487386	9.38e-135	484	GCA_036940825.1_ASM3694082v1_genomic
AT1G11270	CP138113.1	94.34	318	12	4	508	819	13487068	13487385	3.37e-134	483	GCA_036940825.1_ASM3694082v1_genomic
AT1G11270	CP138113.1	96.124	129	4	1	380	507	13486988	13487116	6.32e-52	209	GCA_036940825.1_ASM3694082v1_genomic
AT1G11270	CP138113.1	100	31	0	0	4928	4958	20090109	20090079	2.42e-06	58.4	GCA_036940825.1_ASM3694082v1_genomic
AT1G11270	CP138113.1	100	31	0	0	412	442	20090109	20090079	2.42e-06	58.4	GCA_036940825.1_ASM3694082v1_genomic
AT1G11270	CP138113.1	100	31	0	0	4928	4958	20094625	20094595	2.42e-06	58.4	GCA_036940825.1_ASM3694082v1_genomic
AT1G11270	CP138113.1	100	31	0	0	412	442	20094625	20094595	2.42e-06	58.4	GCA_036940825.1_ASM3694082v1_genomic
AT1G11270	CP138114.1	99.456	4960	26	1	377	5335	10886245	10891204	0	9009	GCA_036940825.1_ASM3694082v1_genomic
AT1G11270	CP138114.1	99.32	441	3	0	4895	5335	10886248	10886688	0	798	GCA_036940825.1_ASM3694082v1_genomic
AT1G11270	CP138114.1	99.318	440	3	0	380	819	10890765	10891204	0	797	GCA_036940825.1_ASM3694082v1_genomic
AT1G11270	CP138114.1	98.876	445	4	1	376	819	1906226	1906670	0	793	GCA_036940825.1_ASM3694082v1_genomic
AT1G11270	CP138114.1	98.874	444	4	1	4896	5339	1906231	1906673	0	791	GCA_036940825.1_ASM3694082v1_genomic
AT1G11270	CP138112.1	99.475	4956	26	0	380	5335	16696927	16701882	0	9009	GCA_036940825.1_ASM3694082v1_genomic
AT1G11270	CP138112.1	99.395	4956	30	0	380	5335	1536717	1541672	0	8986	GCA_036940825.1_ASM3694082v1_genomic
AT1G11270	CP138112.1	98.176	603	11	0	3216	3818	10271423	10270821	0	1053	GCA_036940825.1_ASM3694082v1_genomic
AT1G11270	CP138112.1	83.077	1105	159	15	3452	4552	2997215	2998295	0	979	GCA_036940825.1_ASM3694082v1_genomic
AT1G11270	CP138112.1	99.321	442	3	0	380	821	16701443	16701884	0	800	GCA_036940825.1_ASM3694082v1_genomic
AT1G11270	CP138112.1	99.091	440	4	0	4896	5335	16696927	16697366	0	791	GCA_036940825.1_ASM3694082v1_genomic
AT1G11270	CP138112.1	98.866	441	5	0	380	820	1541233	1541673	0	787	GCA_036940825.1_ASM3694082v1_genomic
AT1G11270	CP138112.1	98.864	440	5	0	4896	5335	1536717	1537156	0	785	GCA_036940825.1_ASM3694082v1_genomic
AT1G11270	CP138112.1	96.474	312	2	1	518	820	10270820	10270509	2e-141	507	GCA_036940825.1_ASM3694082v1_genomic
AT1G11270	CP138112.1	96.463	311	2	1	5034	5335	10270820	10270510	7.2e-141	505	GCA_036940825.1_ASM3694082v1_genomic
AT1G11270	CP138116.1	99.637	4960	15	3	380	5339	33264193	33269149	0	9057	GCA_036940995.1_ASM3694099v1_genomic
AT1G11270	CP138116.1	99.617	4960	16	3	380	5339	33279071	33284027	0	9051	GCA_036940995.1_ASM3694099v1_genomic
AT1G11270	CP138116.1	99.374	4956	31	0	380	5335	34424228	34419273	0	8981	GCA_036940995.1_ASM3694099v1_genomic
AT1G11270	CP138116.1	99.684	948	3	0	5336	6283	3776669	3777616	0	1735	GCA_036940995.1_ASM3694099v1_genomic
AT1G11270	CP138116.1	99.773	441	1	0	4895	5335	33264192	33264632	0	809	GCA_036940995.1_ASM3694099v1_genomic
AT1G11270	CP138116.1	99.773	441	1	0	4895	5335	33279070	33279510	0	809	GCA_036940995.1_ASM3694099v1_genomic
AT1G11270	CP138116.1	99.773	440	1	0	380	819	33268707	33269146	0	808	GCA_036940995.1_ASM3694099v1_genomic
AT1G11270	CP138116.1	99.773	440	1	0	380	819	33283585	33284024	0	808	GCA_036940995.1_ASM3694099v1_genomic
AT1G11270	CP138116.1	99.545	440	2	0	4896	5335	34424228	34423789	0	802	GCA_036940995.1_ASM3694099v1_genomic
AT1G11270	CP138116.1	98.866	441	5	0	380	820	34419712	34419272	0	787	GCA_036940995.1_ASM3694099v1_genomic
AT1G11270	CP138116.1	99.213	381	3	0	1	381	3776295	3776675	0	688	GCA_036940995.1_ASM3694099v1_genomic
AT1G11270	CP138116.1	98.413	189	3	0	1	189	3783073	3782885	3.83e-89	333	GCA_036940995.1_ASM3694099v1_genomic
AT1G11270	CP138116.1	98.413	189	3	0	1	189	3785133	3784945	3.83e-89	333	GCA_036940995.1_ASM3694099v1_genomic
AT1G11270	CP138116.1	98.295	176	3	0	1	176	3781013	3780838	6.45e-82	309	GCA_036940995.1_ASM3694099v1_genomic
AT1G11270	CP138116.1	87.037	270	15	6	552	820	23095507	23095757	3.02e-75	287	GCA_036940995.1_ASM3694099v1_genomic
AT1G11270	CP138116.1	87.218	266	15	5	5068	5333	23095507	23095753	1.09e-74	285	GCA_036940995.1_ASM3694099v1_genomic
AT1G11270	CP138116.1	93.122	189	12	1	376	564	23094980	23095167	6.54e-72	276	GCA_036940995.1_ASM3694099v1_genomic
AT1G11270	CP138116.1	93.514	185	11	1	4896	5080	23094984	23095167	2.35e-71	274	GCA_036940995.1_ASM3694099v1_genomic
AT1G11270	CP138116.1	86.486	185	18	6	6360	6544	3777804	3777981	5.24e-48	196	GCA_036940995.1_ASM3694099v1_genomic
AT1G11270	CP138119.1	99.191	4821	28	4	526	5335	13053113	13057933	0	8676	GCA_036940995.1_ASM3694099v1_genomic
AT1G11270	CP138119.1	99.318	440	3	0	380	819	13057494	13057933	0	797	GCA_036940995.1_ASM3694099v1_genomic
AT1G11270	CP138119.1	99.32	294	2	0	5042	5335	13053113	13053406	3.52e-149	532	GCA_036940995.1_ASM3694099v1_genomic
AT1G11270	CP138119.1	96.85	127	3	1	4895	5020	13053007	13053133	1.87e-52	211	GCA_036940995.1_ASM3694099v1_genomic
AT1G11270	CP138119.1	96.825	126	3	1	380	504	13053008	13053133	6.73e-52	209	GCA_036940995.1_ASM3694099v1_genomic
AT1G11270	CP138118.1	97.419	4960	96	7	380	5336	14466151	14461221	0	8421	GCA_036940995.1_ASM3694099v1_genomic
AT1G11270	CP138118.1	97.727	440	10	0	380	819	14461661	14461222	0	758	GCA_036940995.1_ASM3694099v1_genomic
AT1G11270	CP138118.1	97.727	440	10	0	4896	5335	14466151	14465712	0	758	GCA_036940995.1_ASM3694099v1_genomic
AT1G11270	CP138117.1	83.258	1105	157	15	3452	4552	3009308	3010388	0	990	GCA_036940995.1_ASM3694099v1_genomic
AT1G11270	CP138117.1	85.873	361	47	4	1879	2237	17620707	17620349	1.35e-103	381	GCA_036940995.1_ASM3694099v1_genomic
AT1G11270	CP138120.1	99.321	442	3	0	4895	5336	28498062	28497621	0	800	GCA_036940995.1_ASM3694099v1_genomic
AT1G11270	CP138120.1	99.318	440	3	0	380	819	28498061	28497622	0	797	GCA_036940995.1_ASM3694099v1_genomic
AT1G11270	CP138123.1	99.657	4956	15	1	380	5335	24766763	24771716	0	9057	GCA_036941165.1_ASM3694116v1_genomic
AT1G11270	CP138123.1	99.173	4958	27	3	380	5335	24631802	24626857	0	8916	GCA_036941165.1_ASM3694116v1_genomic
AT1G11270	CP138123.1	97.259	4961	92	13	380	5336	13132328	13137248	0	8368	GCA_036941165.1_ASM3694116v1_genomic
AT1G11270	CP138123.1	100	441	0	0	4895	5335	24766762	24767202	0	815	GCA_036941165.1_ASM3694116v1_genomic
AT1G11270	CP138123.1	100	441	0	0	380	820	24771277	24771717	0	815	GCA_036941165.1_ASM3694116v1_genomic
AT1G11270	CP138123.1	99.097	443	3	1	380	821	24627297	24626855	0	795	GCA_036941165.1_ASM3694116v1_genomic
AT1G11270	CP138123.1	97.955	440	9	0	4896	5335	13132328	13132767	0	763	GCA_036941165.1_ASM3694116v1_genomic
AT1G11270	CP138123.1	96.599	441	2	2	4896	5335	24631802	24631374	0	719	GCA_036941165.1_ASM3694116v1_genomic
AT1G11270	CP138123.1	93.878	441	12	8	380	819	13136821	13137247	0	651	GCA_036941165.1_ASM3694116v1_genomic
AT1G11270	CP138123.1	88.645	273	13	6	4520	4787	10081745	10082004	3.77e-84	316	GCA_036941165.1_ASM3694116v1_genomic
AT1G11270	CP138121.1	99.576	4957	20	1	380	5335	23711335	23716291	0	9036	GCA_036941165.1_ASM3694116v1_genomic
AT1G11270	CP138121.1	99.496	4957	25	0	380	5336	24019708	24014752	0	9016	GCA_036941165.1_ASM3694116v1_genomic
AT1G11270	CP138121.1	99.328	4909	33	0	380	5288	8599293	8604201	0	8883	GCA_036941165.1_ASM3694116v1_genomic
AT1G11270	CP138121.1	99.011	4956	49	0	380	5335	31957478	31952523	0	8881	GCA_036941165.1_ASM3694116v1_genomic
AT1G11270	CP138121.1	98.567	1396	3	4	5336	6714	3803476	3804871	0	2451	GCA_036941165.1_ASM3694116v1_genomic
AT1G11270	CP138121.1	99.773	440	1	0	380	819	24015192	24014753	0	808	GCA_036941165.1_ASM3694116v1_genomic
AT1G11270	CP138121.1	99.773	440	1	0	4896	5335	24019708	24019269	0	808	GCA_036941165.1_ASM3694116v1_genomic
AT1G11270	CP138121.1	99.548	442	2	0	380	821	23715852	23716293	0	806	GCA_036941165.1_ASM3694116v1_genomic
AT1G11270	CP138121.1	99.321	442	3	0	4894	5335	23711333	23711774	0	800	GCA_036941165.1_ASM3694116v1_genomic
AT1G11270	CP138121.1	98.864	440	5	0	4896	5335	8599293	8599732	0	785	GCA_036941165.1_ASM3694116v1_genomic
AT1G11270	CP138121.1	98.182	440	8	0	380	819	31952962	31952523	0	769	GCA_036941165.1_ASM3694116v1_genomic
AT1G11270	CP138121.1	97.732	441	10	0	4895	5335	31957479	31957039	0	760	GCA_036941165.1_ASM3694116v1_genomic
AT1G11270	CP138121.1	98.982	393	4	0	380	772	8603809	8604201	0	704	GCA_036941165.1_ASM3694116v1_genomic
AT1G11270	CP138121.1	99.213	381	3	0	1	381	3803102	3803482	0	688	GCA_036941165.1_ASM3694116v1_genomic
AT1G11270	CP138121.1	90.406	271	15	5	552	820	20844033	20844294	4.81e-93	346	GCA_036941165.1_ASM3694116v1_genomic
AT1G11270	CP138121.1	90.637	267	15	4	5068	5333	20844033	20844290	4.81e-93	346	GCA_036941165.1_ASM3694116v1_genomic
AT1G11270	CP138121.1	93.651	189	11	1	376	564	20843506	20843693	1.37e-73	281	GCA_036941165.1_ASM3694116v1_genomic
AT1G11270	CP138121.1	94.054	185	10	1	4896	5080	20843510	20843693	4.94e-73	279	GCA_036941165.1_ASM3694116v1_genomic
AT1G11270	CP138124.1	99.536	4956	23	0	380	5335	14966462	14971417	0	9025	GCA_036941165.1_ASM3694116v1_genomic
AT1G11270	CP138124.1	99.314	4956	34	0	380	5335	560278	555323	0	8964	GCA_036941165.1_ASM3694116v1_genomic
AT1G11270	CP138124.1	99.773	440	1	0	4896	5335	14966462	14966901	0	808	GCA_036941165.1_ASM3694116v1_genomic
AT1G11270	CP138124.1	99.321	442	3	0	380	821	14970978	14971419	0	800	GCA_036941165.1_ASM3694116v1_genomic
AT1G11270	CP138124.1	99.093	441	4	0	4895	5335	560279	559839	0	793	GCA_036941165.1_ASM3694116v1_genomic
AT1G11270	CP138124.1	99.091	440	4	0	380	819	555762	555323	0	791	GCA_036941165.1_ASM3694116v1_genomic
AT1G11270	CP138125.1	99.536	4956	22	1	380	5335	30077912	30072958	0	9023	GCA_036941165.1_ASM3694116v1_genomic
AT1G11270	CP138125.1	99.099	444	4	0	4892	5335	30077916	30077473	0	798	GCA_036941165.1_ASM3694116v1_genomic
AT1G11270	CP138125.1	99.091	440	4	0	380	819	30073397	30072958	0	791	GCA_036941165.1_ASM3694116v1_genomic
AT1G11270	CP138122.1	99.335	4963	32	1	375	5337	14410767	14415728	0	8981	GCA_036941165.1_ASM3694116v1_genomic
AT1G11270	CP138122.1	99.374	4956	31	0	380	5335	15889676	15894631	0	8981	GCA_036941165.1_ASM3694116v1_genomic
AT1G11270	CP138122.1	82.986	1105	160	15	3452	4552	2890297	2891377	0	974	GCA_036941165.1_ASM3694116v1_genomic
AT1G11270	CP138122.1	99.774	442	1	0	380	821	15894192	15894633	0	811	GCA_036941165.1_ASM3694116v1_genomic
AT1G11270	CP138122.1	99.549	443	2	0	4893	5335	14410769	14411211	0	808	GCA_036941165.1_ASM3694116v1_genomic
AT1G11270	CP138122.1	99.546	441	2	0	4895	5335	15889675	15890115	0	804	GCA_036941165.1_ASM3694116v1_genomic
AT1G11270	CP138122.1	99.545	440	2	0	380	819	14415287	14415726	0	802	GCA_036941165.1_ASM3694116v1_genomic
AT1G11270	CP138122.1	85.809	303	39	4	1937	2237	18105500	18105200	1.05e-84	318	GCA_036941165.1_ASM3694116v1_genomic
AT1G11270	CP138128.1	99.577	4964	19	2	380	5341	3958460	3953497	0	9049	GCA_036941295.1_ASM3694129v1_genomic
AT1G11270	CP138128.1	99.556	4958	19	3	380	5335	7359349	7364305	0	9031	GCA_036941295.1_ASM3694129v1_genomic
AT1G11270	CP138128.1	99.516	4959	20	4	379	5335	21972196	21977152	0	9022	GCA_036941295.1_ASM3694129v1_genomic
AT1G11270	CP138128.1	97.526	4649	84	7	380	5023	13448230	13452852	0	7919	GCA_036941295.1_ASM3694129v1_genomic
AT1G11270	CP138128.1	99.546	441	2	0	4895	5335	3958461	3958021	0	804	GCA_036941295.1_ASM3694129v1_genomic
AT1G11270	CP138128.1	99.321	442	1	2	380	820	21976713	21977153	0	798	GCA_036941295.1_ASM3694129v1_genomic
AT1G11270	CP138128.1	99.318	440	3	0	380	819	3953943	3953504	0	797	GCA_036941295.1_ASM3694129v1_genomic
AT1G11270	CP138128.1	99.32	441	2	1	4896	5335	7359349	7359789	0	797	GCA_036941295.1_ASM3694129v1_genomic
AT1G11270	CP138128.1	99.32	441	2	1	380	819	7363865	7364305	0	797	GCA_036941295.1_ASM3694129v1_genomic
AT1G11270	CP138128.1	99.32	441	1	2	4896	5335	21972197	21972636	0	797	GCA_036941295.1_ASM3694129v1_genomic
AT1G11270	CP138128.1	99.095	442	4	0	4895	5336	20012122	20012563	0	795	GCA_036941295.1_ASM3694129v1_genomic
AT1G11270	CP138128.1	99.091	440	4	0	380	819	20012123	20012562	0	791	GCA_036941295.1_ASM3694129v1_genomic
AT1G11270	CP138128.1	98.409	440	7	0	4896	5335	13448230	13448669	0	774	GCA_036941295.1_ASM3694129v1_genomic
AT1G11270	CP138128.1	94.357	319	12	4	5024	5336	13452804	13453122	9.67e-135	484	GCA_036941295.1_ASM3694129v1_genomic
AT1G11270	CP138128.1	94.34	318	12	4	508	819	13452804	13453121	3.48e-134	483	GCA_036941295.1_ASM3694129v1_genomic
AT1G11270	CP138128.1	96.124	129	4	1	380	507	13452724	13452852	6.52e-52	209	GCA_036941295.1_ASM3694129v1_genomic
AT1G11270	CP138128.1	100	31	0	0	4928	4958	21972259	21972229	2.5e-06	58.4	GCA_036941295.1_ASM3694129v1_genomic
AT1G11270	CP138128.1	100	31	0	0	412	442	21972259	21972229	2.5e-06	58.4	GCA_036941295.1_ASM3694129v1_genomic
AT1G11270	CP138128.1	100	31	0	0	4928	4958	21976775	21976745	2.5e-06	58.4	GCA_036941295.1_ASM3694129v1_genomic
AT1G11270	CP138128.1	100	31	0	0	412	442	21976775	21976745	2.5e-06	58.4	GCA_036941295.1_ASM3694129v1_genomic
AT1G11270	CP138126.1	99.475	4956	26	0	380	5335	27852156	27857111	0	9009	GCA_036941295.1_ASM3694129v1_genomic
AT1G11270	CP138126.1	98.354	4982	57	3	379	5335	10133413	10138394	0	8722	GCA_036941295.1_ASM3694129v1_genomic
AT1G11270	CP138126.1	98.067	1397	8	2	5336	6714	3796711	3798106	0	2412	GCA_036941295.1_ASM3694129v1_genomic
AT1G11270	CP138126.1	99.318	440	3	0	380	819	27856672	27857111	0	797	GCA_036941295.1_ASM3694129v1_genomic
AT1G11270	CP138126.1	99.091	440	4	0	4896	5335	27852156	27852595	0	791	GCA_036941295.1_ASM3694129v1_genomic
AT1G11270	CP138126.1	96.674	451	6	1	380	821	10137946	10138396	0	741	GCA_036941295.1_ASM3694129v1_genomic
AT1G11270	CP138126.1	95.175	456	6	2	4896	5335	10133414	10133869	0	706	GCA_036941295.1_ASM3694129v1_genomic
AT1G11270	CP138126.1	99.213	381	3	0	1	381	3796337	3796717	0	688	GCA_036941295.1_ASM3694129v1_genomic
AT1G11270	CP138126.1	91.144	271	14	4	552	820	21668132	21668394	6.12e-97	359	GCA_036941295.1_ASM3694129v1_genomic
AT1G11270	CP138126.1	91.386	267	14	3	5068	5333	21668132	21668390	2.2e-96	357	GCA_036941295.1_ASM3694129v1_genomic
AT1G11270	CP138126.1	93.122	189	12	1	376	564	21667599	21667786	6.34e-72	276	GCA_036941295.1_ASM3694129v1_genomic
AT1G11270	CP138126.1	93.514	185	11	1	4896	5080	21667603	21667786	2.28e-71	274	GCA_036941295.1_ASM3694129v1_genomic
AT1G11270	CP138127.1	99.455	4957	26	1	380	5335	21842627	21847583	0	9003	GCA_036941295.1_ASM3694129v1_genomic
AT1G11270	CP138127.1	99.395	4956	30	0	380	5335	1715961	1720916	0	8986	GCA_036941295.1_ASM3694129v1_genomic
AT1G11270	CP138127.1	98.176	603	11	0	3216	3818	10471539	10470937	0	1053	GCA_036941295.1_ASM3694129v1_genomic
AT1G11270	CP138127.1	83.077	1105	159	15	3452	4552	3178669	3179749	0	979	GCA_036941295.1_ASM3694129v1_genomic
AT1G11270	CP138127.1	99.546	441	2	0	4895	5335	21842626	21843066	0	804	GCA_036941295.1_ASM3694129v1_genomic
AT1G11270	CP138127.1	99.545	440	2	0	380	819	21847144	21847583	0	802	GCA_036941295.1_ASM3694129v1_genomic
AT1G11270	CP138127.1	98.866	441	5	0	380	820	1720477	1720917	0	787	GCA_036941295.1_ASM3694129v1_genomic
AT1G11270	CP138127.1	98.864	440	5	0	4896	5335	1715961	1716400	0	785	GCA_036941295.1_ASM3694129v1_genomic
AT1G11270	CP138127.1	96.474	312	2	1	518	820	10470936	10470625	2.06e-141	507	GCA_036941295.1_ASM3694129v1_genomic
AT1G11270	CP138127.1	96.463	311	2	1	5034	5335	10470936	10470626	7.42e-141	505	GCA_036941295.1_ASM3694129v1_genomic
AT1G11270	CP138127.1	85.873	361	47	4	1879	2237	17679331	17678973	1.31e-103	381	GCA_036941295.1_ASM3694129v1_genomic
AT1G11270	CP138130.1	99.213	4957	32	1	379	5335	23570200	23575149	0	8931	GCA_036941295.1_ASM3694129v1_genomic
AT1G11270	CP138130.1	99.545	440	2	0	380	819	23574710	23575149	0	802	GCA_036941295.1_ASM3694129v1_genomic
AT1G11270	CP138130.1	98.864	440	5	0	4896	5335	23570201	23570640	0	785	GCA_036941295.1_ASM3694129v1_genomic
AT1G11270	CP138129.1	99.23	4937	35	3	408	5341	11383457	11388393	0	8903	GCA_036941295.1_ASM3694129v1_genomic
AT1G11270	CP138129.1	99.376	4810	30	0	526	5335	13397482	13402291	0	8717	GCA_036941295.1_ASM3694129v1_genomic
AT1G11270	CP138129.1	99.545	440	2	0	380	819	13401852	13402291	0	802	GCA_036941295.1_ASM3694129v1_genomic
AT1G11270	CP138129.1	98.866	441	4	1	380	819	11387946	11388386	0	785	GCA_036941295.1_ASM3694129v1_genomic
AT1G11270	CP138129.1	98.789	413	4	1	4924	5335	11383457	11383869	0	734	GCA_036941295.1_ASM3694129v1_genomic
AT1G11270	CP138129.1	99.32	294	2	0	5042	5335	13397482	13397775	3.41e-149	532	GCA_036941295.1_ASM3694129v1_genomic
AT1G11270	CP138129.1	98.425	127	1	1	4895	5020	13397376	13397502	8.37e-56	222	GCA_036941295.1_ASM3694129v1_genomic
AT1G11270	CP138129.1	98.413	126	1	1	380	504	13397377	13397502	3.01e-55	220	GCA_036941295.1_ASM3694129v1_genomic
AT1G11270	CP138135.1	99.395	4959	28	2	379	5335	19375901	19380859	0	8990	GCA_036941465.1_ASM3694146v1_genomic
AT1G11270	CP138135.1	99.374	4956	29	2	380	5335	3263848	3268801	0	8979	GCA_036941465.1_ASM3694146v1_genomic
AT1G11270	CP138135.1	99.773	441	0	1	380	820	3268363	3268802	0	808	GCA_036941465.1_ASM3694146v1_genomic
AT1G11270	CP138135.1	99.093	441	3	1	4896	5335	19375902	19376342	0	791	GCA_036941465.1_ASM3694146v1_genomic
AT1G11270	CP138135.1	99.091	440	3	1	4896	5335	3263848	3264286	0	789	GCA_036941465.1_ASM3694146v1_genomic
AT1G11270	CP138135.1	98.639	441	5	1	380	819	19380419	19380859	0	780	GCA_036941465.1_ASM3694146v1_genomic
AT1G11270	CP138132.1	99.236	4972	22	3	380	5335	12737268	12742239	0	8957	GCA_036941465.1_ASM3694146v1_genomic
AT1G11270	CP138132.1	98.89	4956	53	2	380	5335	11480749	11475796	0	8846	GCA_036941465.1_ASM3694146v1_genomic
AT1G11270	CP138132.1	83.439	1105	155	15	3452	4552	3729761	3730841	0	1002	GCA_036941465.1_ASM3694146v1_genomic
AT1G11270	CP138132.1	99.773	440	1	0	380	819	12741800	12742239	0	808	GCA_036941465.1_ASM3694146v1_genomic
AT1G11270	CP138132.1	99.545	440	2	0	4896	5335	12737268	12737707	0	802	GCA_036941465.1_ASM3694146v1_genomic
AT1G11270	CP138132.1	98.409	440	6	1	4896	5335	11480749	11480311	0	773	GCA_036941465.1_ASM3694146v1_genomic
AT1G11270	CP138132.1	98.182	440	8	0	380	819	11120382	11120821	0	769	GCA_036941465.1_ASM3694146v1_genomic
AT1G11270	CP138132.1	98.182	440	8	0	4896	5335	11120382	11120821	0	769	GCA_036941465.1_ASM3694146v1_genomic
AT1G11270	CP138132.1	97.273	440	11	1	380	819	11476234	11475796	0	745	GCA_036941465.1_ASM3694146v1_genomic
AT1G11270	CP138132.1	86.15	361	46	4	1879	2237	17977618	17977260	2.8e-105	387	GCA_036941465.1_ASM3694146v1_genomic
AT1G11270	CP138131.1	98.951	4956	52	0	380	5335	26525014	26529969	0	8865	GCA_036941465.1_ASM3694146v1_genomic
AT1G11270	CP138131.1	98.99	3465	35	0	1871	5335	26521989	26525453	0	6205	GCA_036941465.1_ASM3694146v1_genomic
AT1G11270	CP138131.1	98.961	3465	36	0	1871	5335	26517523	26520987	0	6200	GCA_036941465.1_ASM3694146v1_genomic
AT1G11270	CP138131.1	98.754	1445	18	0	380	1824	26520548	26521992	0	2569	GCA_036941465.1_ASM3694146v1_genomic
AT1G11270	CP138131.1	98.685	1445	19	0	380	1824	26516082	26517526	0	2564	GCA_036941465.1_ASM3694146v1_genomic
AT1G11270	CP138131.1	100	993	0	0	5336	6328	3796887	3797879	0	1834	GCA_036941465.1_ASM3694146v1_genomic
AT1G11270	CP138131.1	97.273	440	12	0	380	819	26529530	26529969	0	747	GCA_036941465.1_ASM3694146v1_genomic
AT1G11270	CP138131.1	97.052	441	13	0	4895	5335	26516081	26516521	0	743	GCA_036941465.1_ASM3694146v1_genomic
AT1G11270	CP138131.1	99.752	403	1	0	6312	6714	3797909	3798311	0	739	GCA_036941465.1_ASM3694146v1_genomic
AT1G11270	CP138131.1	99.213	381	3	0	1	381	3796513	3796893	0	688	GCA_036941465.1_ASM3694146v1_genomic
AT1G11270	CP138131.1	90.037	271	17	4	552	820	21563397	21563659	6.14e-92	342	GCA_036941465.1_ASM3694146v1_genomic
AT1G11270	CP138131.1	90.262	267	17	3	5068	5333	21563397	21563655	2.21e-91	340	GCA_036941465.1_ASM3694146v1_genomic
AT1G11270	CP138131.1	92.593	189	13	1	376	564	21562870	21563057	2.94e-70	270	GCA_036941465.1_ASM3694146v1_genomic
AT1G11270	CP138131.1	92.973	185	12	1	4896	5080	21562874	21563057	1.06e-69	268	GCA_036941465.1_ASM3694146v1_genomic
AT1G11270	CP138133.1	97.54	4960	90	7	380	5336	13236046	13240976	0	8455	GCA_036941465.1_ASM3694146v1_genomic
AT1G11270	CP138133.1	91.764	1372	102	9	3159	4526	15922073	15923437	0	1897	GCA_036941465.1_ASM3694146v1_genomic
AT1G11270	CP138133.1	93.85	813	50	0	4523	5335	15930415	15931227	0	1225	GCA_036941465.1_ASM3694146v1_genomic
AT1G11270	CP138133.1	92.989	813	53	2	4523	5335	15923600	15924408	0	1182	GCA_036941465.1_ASM3694146v1_genomic
AT1G11270	CP138133.1	94.211	760	35	4	380	1139	15930788	15931538	0	1151	GCA_036941465.1_ASM3694146v1_genomic
AT1G11270	CP138133.1	93.289	760	38	6	380	1139	15923973	15924719	0	1109	GCA_036941465.1_ASM3694146v1_genomic
AT1G11270	CP138133.1	98.409	440	7	0	4896	5335	13236046	13236485	0	774	GCA_036941465.1_ASM3694146v1_genomic
AT1G11270	CP138133.1	97.273	440	12	0	380	819	13240536	13240975	0	747	GCA_036941465.1_ASM3694146v1_genomic
AT1G11270	CP138137.1	99.556	4960	18	4	380	5337	20974044	20979001	0	9034	GCA_036941635.1_ASM3694163v1_genomic
AT1G11270	CP138137.1	83.363	1106	154	17	3452	4552	3032858	3033938	0	996	GCA_036941635.1_ASM3694163v1_genomic
AT1G11270	CP138137.1	99.321	442	1	2	4895	5335	20974043	20974483	0	798	GCA_036941635.1_ASM3694163v1_genomic
AT1G11270	CP138137.1	99.093	441	2	2	380	819	20978560	20978999	0	791	GCA_036941635.1_ASM3694163v1_genomic
AT1G11270	CP138137.1	84.318	491	64	8	4623	5104	3033953	3034439	1e-129	468	GCA_036941635.1_ASM3694163v1_genomic
AT1G11270	CP138137.1	87.85	214	19	6	380	588	3034228	3034439	1.84e-62	244	GCA_036941635.1_ASM3694163v1_genomic
AT1G11270	CP138137.1	86.585	164	22	0	1879	2042	18098314	18098151	1.46e-43	182	GCA_036941635.1_ASM3694163v1_genomic
AT1G11270	CP138137.1	100	31	0	0	4928	4958	20974106	20974076	2.57e-06	58.4	GCA_036941635.1_ASM3694163v1_genomic
AT1G11270	CP138137.1	100	31	0	0	412	442	20974106	20974076	2.57e-06	58.4	GCA_036941635.1_ASM3694163v1_genomic
AT1G11270	CP138137.1	100	31	0	0	4928	4958	20978622	20978592	2.57e-06	58.4	GCA_036941635.1_ASM3694163v1_genomic
AT1G11270	CP138137.1	100	31	0	0	412	442	20978622	20978592	2.57e-06	58.4	GCA_036941635.1_ASM3694163v1_genomic
AT1G11270	CP138139.1	99.556	4957	22	0	380	5336	1933727	1928771	0	9033	GCA_036941635.1_ASM3694163v1_genomic
AT1G11270	CP138139.1	99.415	4957	28	1	380	5335	16991324	16986368	0	8992	GCA_036941635.1_ASM3694163v1_genomic
AT1G11270	CP138139.1	99.334	4956	30	2	382	5335	10881892	10876938	0	8966	GCA_036941635.1_ASM3694163v1_genomic
AT1G11270	CP138139.1	99.501	4810	24	0	526	5335	14512506	14517315	0	8750	GCA_036941635.1_ASM3694163v1_genomic
AT1G11270	CP138139.1	99.773	441	1	0	4895	5335	16991325	16990885	0	809	GCA_036941635.1_ASM3694163v1_genomic
AT1G11270	CP138139.1	99.545	440	2	0	380	819	14516876	14517315	0	802	GCA_036941635.1_ASM3694163v1_genomic
AT1G11270	CP138139.1	99.101	445	4	0	380	824	16986807	16986363	0	800	GCA_036941635.1_ASM3694163v1_genomic
AT1G11270	CP138139.1	99.318	440	3	0	380	819	1929211	1928772	0	797	GCA_036941635.1_ASM3694163v1_genomic
AT1G11270	CP138139.1	99.318	440	3	0	4896	5335	1933727	1933288	0	797	GCA_036941635.1_ASM3694163v1_genomic
AT1G11270	CP138139.1	98.876	445	4	1	376	819	2176015	2176459	0	793	GCA_036941635.1_ASM3694163v1_genomic
AT1G11270	CP138139.1	98.874	444	4	1	4896	5339	2176020	2176462	0	791	GCA_036941635.1_ASM3694163v1_genomic
AT1G11270	CP138139.1	99.315	438	2	1	382	819	10877374	10876938	0	791	GCA_036941635.1_ASM3694163v1_genomic
AT1G11270	CP138139.1	98.858	438	4	1	4898	5335	10881892	10881456	0	780	GCA_036941635.1_ASM3694163v1_genomic
AT1G11270	CP138139.1	99.66	294	1	0	5042	5335	14512506	14512799	7.53e-151	538	GCA_036941635.1_ASM3694163v1_genomic
AT1G11270	CP138139.1	97.638	127	2	1	4895	5020	14512400	14512526	4.01e-54	217	GCA_036941635.1_ASM3694163v1_genomic
AT1G11270	CP138139.1	97.619	126	2	1	380	504	14512401	14512526	1.44e-53	215	GCA_036941635.1_ASM3694163v1_genomic
AT1G11270	CP138138.1	99.516	4956	24	0	380	5335	7477680	7482635	0	9020	GCA_036941635.1_ASM3694163v1_genomic
AT1G11270	CP138138.1	97.359	4960	98	8	380	5336	13254795	13259724	0	8403	GCA_036941635.1_ASM3694163v1_genomic
AT1G11270	CP138138.1	92.184	1369	94	8	3159	4526	18638696	18637340	0	1923	GCA_036941635.1_ASM3694163v1_genomic
AT1G11270	CP138138.1	93.604	813	51	1	4523	5335	18637177	18636366	0	1212	GCA_036941635.1_ASM3694163v1_genomic
AT1G11270	CP138138.1	94.218	761	32	7	380	1139	18636804	18636055	0	1151	GCA_036941635.1_ASM3694163v1_genomic
AT1G11270	CP138138.1	99.545	440	2	0	4896	5335	7477680	7478119	0	802	GCA_036941635.1_ASM3694163v1_genomic
AT1G11270	CP138138.1	99.091	440	4	0	380	819	7482196	7482635	0	791	GCA_036941635.1_ASM3694163v1_genomic
AT1G11270	CP138138.1	97.727	440	10	0	4896	5335	13254795	13255234	0	758	GCA_036941635.1_ASM3694163v1_genomic
AT1G11270	CP138138.1	96.818	440	13	1	380	819	13259285	13259723	0	734	GCA_036941635.1_ASM3694163v1_genomic
AT1G11270	CP138136.1	99.208	1389	1	1	5336	6714	3768567	3769955	0	2495	GCA_036941635.1_ASM3694163v1_genomic
AT1G11270	CP138136.1	98.186	441	8	0	380	820	21075099	21075539	0	771	GCA_036941635.1_ASM3694163v1_genomic
AT1G11270	CP138136.1	98.182	440	8	0	4896	5335	21075099	21075538	0	769	GCA_036941635.1_ASM3694163v1_genomic
AT1G11270	CP138136.1	98.953	382	3	1	1	381	3768192	3768573	0	682	GCA_036941635.1_ASM3694163v1_genomic
AT1G11270	CP138136.1	90.406	271	16	4	552	820	20614414	20614676	1.36e-93	348	GCA_036941635.1_ASM3694163v1_genomic
AT1G11270	CP138136.1	90.637	267	16	3	5068	5333	20614414	20614672	4.9e-93	346	GCA_036941635.1_ASM3694163v1_genomic
AT1G11270	CP138136.1	93.122	189	12	1	376	564	20613887	20614074	6.52e-72	276	GCA_036941635.1_ASM3694163v1_genomic
AT1G11270	CP138136.1	93.514	185	11	1	4896	5080	20613891	20614074	2.34e-71	274	GCA_036941635.1_ASM3694163v1_genomic
AT1G11270	CP138143.1	99.674	4908	16	0	428	5335	25236841	25241748	0	8975	GCA_036941785.1_ASM3694178v1_genomic
AT1G11270	CP138143.1	91.764	1372	102	9	3159	4526	16213160	16214524	0	1897	GCA_036941785.1_ASM3694178v1_genomic
AT1G11270	CP138143.1	93.85	813	50	0	4523	5335	16214687	16215499	0	1225	GCA_036941785.1_ASM3694178v1_genomic
AT1G11270	CP138143.1	94.079	760	36	5	380	1139	16215060	16215810	0	1146	GCA_036941785.1_ASM3694178v1_genomic
AT1G11270	CP138143.1	99.107	448	4	0	4896	5343	10562801	10562354	0	806	GCA_036941785.1_ASM3694178v1_genomic
AT1G11270	CP138143.1	99.326	445	3	0	376	820	10562805	10562361	0	806	GCA_036941785.1_ASM3694178v1_genomic
AT1G11270	CP138143.1	99.548	442	2	0	380	821	25241309	25241750	0	806	GCA_036941785.1_ASM3694178v1_genomic
AT1G11270	CP138143.1	99.49	392	2	0	4944	5335	25236841	25237232	0	713	GCA_036941785.1_ASM3694178v1_genomic
AT1G11270	CP138143.1	100	45	0	0	378	422	25236569	25236613	4.03e-14	84.2	GCA_036941785.1_ASM3694178v1_genomic
AT1G11270	CP138143.1	100	43	0	0	4896	4938	25236571	25236613	5.21e-13	80.5	GCA_036941785.1_ASM3694178v1_genomic
AT1G11270	CP138144.1	99.173	4955	39	2	382	5335	9920305	9915352	0	8922	GCA_036941785.1_ASM3694178v1_genomic
AT1G11270	CP138144.1	99.112	4955	42	2	382	5335	9915788	9910835	0	8905	GCA_036941785.1_ASM3694178v1_genomic
AT1G11270	CP138144.1	99.031	4955	46	2	382	5335	9911271	9906318	0	8883	GCA_036941785.1_ASM3694178v1_genomic
AT1G11270	CP138144.1	99.422	4496	25	1	526	5020	13478854	13483349	0	8157	GCA_036941785.1_ASM3694178v1_genomic
AT1G11270	CP138144.1	99.233	1435	10	1	382	1816	9906754	9905321	0	2588	GCA_036941785.1_ASM3694178v1_genomic
AT1G11270	CP138144.1	99.087	438	3	1	4898	5335	9920305	9919869	0	785	GCA_036941785.1_ASM3694178v1_genomic
AT1G11270	CP138144.1	99.32	294	2	0	526	819	13483329	13483622	3.33e-149	532	GCA_036941785.1_ASM3694178v1_genomic
AT1G11270	CP138144.1	99.32	294	2	0	5042	5335	13483329	13483622	3.33e-149	532	GCA_036941785.1_ASM3694178v1_genomic
AT1G11270	CP138144.1	98.98	294	3	0	5042	5335	13478854	13479147	1.55e-147	527	GCA_036941785.1_ASM3694178v1_genomic
AT1G11270	CP138144.1	98.425	127	1	1	4895	5020	13478748	13478874	8.18e-56	222	GCA_036941785.1_ASM3694178v1_genomic
AT1G11270	CP138144.1	98.413	126	1	1	380	504	13478749	13478874	2.94e-55	220	GCA_036941785.1_ASM3694178v1_genomic
AT1G11270	CP138144.1	97.619	126	2	1	380	504	13483224	13483349	1.37e-53	215	GCA_036941785.1_ASM3694178v1_genomic
AT1G11270	CP138141.1	100	993	0	0	5336	6328	3781843	3782835	0	1834	GCA_036941785.1_ASM3694178v1_genomic
AT1G11270	CP138141.1	99.752	403	1	0	6312	6714	3782867	3783269	0	739	GCA_036941785.1_ASM3694178v1_genomic
AT1G11270	CP138141.1	99.213	381	3	0	1	381	3781469	3781849	0	688	GCA_036941785.1_ASM3694178v1_genomic
AT1G11270	CP138141.1	90.406	271	16	4	552	820	20451034	20451296	1.29e-93	348	GCA_036941785.1_ASM3694178v1_genomic
AT1G11270	CP138141.1	90.637	267	16	3	5068	5333	20451034	20451292	4.65e-93	346	GCA_036941785.1_ASM3694178v1_genomic
AT1G11270	CP138141.1	92.593	189	13	1	376	564	20450509	20450696	2.88e-70	270	GCA_036941785.1_ASM3694178v1_genomic
AT1G11270	CP138141.1	92.973	185	12	1	4896	5080	20450513	20450696	1.04e-69	268	GCA_036941785.1_ASM3694178v1_genomic
AT1G11270	CP138142.1	83.167	1105	158	15	3452	4552	3752118	3753198	0	985	GCA_036941785.1_ASM3694178v1_genomic
AT1G11270	CP138142.1	85.873	361	47	4	1879	2237	17657090	17656732	1.27e-103	381	GCA_036941785.1_ASM3694178v1_genomic
AT1G11270	CP138150.1	99.577	4967	20	1	377	5342	763194	758228	0	9055	GCA_036941915.1_ASM3694191v1_genomic
AT1G11270	CP138150.1	99.545	440	2	0	4896	5335	763191	762752	0	802	GCA_036941915.1_ASM3694191v1_genomic
AT1G11270	CP138150.1	99.32	441	2	1	380	819	758675	758235	0	797	GCA_036941915.1_ASM3694191v1_genomic
AT1G11270	CP138149.1	99.475	4956	24	2	380	5335	10244686	10239733	0	9007	GCA_036941915.1_ASM3694191v1_genomic
AT1G11270	CP138149.1	99.346	4281	22	1	1055	5335	12631514	12635788	0	7745	GCA_036941915.1_ASM3694191v1_genomic
AT1G11270	CP138149.1	98.884	627	7	0	379	1005	12630893	12631519	0	1120	GCA_036941915.1_ASM3694191v1_genomic
AT1G11270	CP138149.1	99.32	441	2	1	380	820	10240171	10239732	0	797	GCA_036941915.1_ASM3694191v1_genomic
AT1G11270	CP138149.1	99.318	440	3	0	380	819	12635349	12635788	0	797	GCA_036941915.1_ASM3694191v1_genomic
AT1G11270	CP138149.1	99.318	440	2	1	4896	5335	10244686	10244248	0	795	GCA_036941915.1_ASM3694191v1_genomic
AT1G11270	CP138149.1	98.864	440	5	0	4896	5335	12630894	12631333	0	785	GCA_036941915.1_ASM3694191v1_genomic
AT1G11270	CP138148.1	99.415	4959	29	0	379	5337	3975111	3980069	0	8997	GCA_036941915.1_ASM3694191v1_genomic
AT1G11270	CP138148.1	99.334	4957	32	1	380	5335	4942589	4947545	0	8970	GCA_036941915.1_ASM3694191v1_genomic
AT1G11270	CP138148.1	99.314	4957	34	0	379	5335	25953606	25958562	0	8966	GCA_036941915.1_ASM3694191v1_genomic
AT1G11270	CP138148.1	99.32	441	3	0	380	820	4947106	4947546	0	798	GCA_036941915.1_ASM3694191v1_genomic
AT1G11270	CP138148.1	99.318	440	3	0	4896	5335	3975112	3975551	0	797	GCA_036941915.1_ASM3694191v1_genomic
AT1G11270	CP138148.1	99.091	440	4	0	380	819	3979628	3980067	0	791	GCA_036941915.1_ASM3694191v1_genomic
AT1G11270	CP138148.1	99.091	440	4	0	4896	5335	25953607	25954046	0	791	GCA_036941915.1_ASM3694191v1_genomic
AT1G11270	CP138148.1	98.409	440	7	0	4896	5335	4942589	4943028	0	774	GCA_036941915.1_ASM3694191v1_genomic
AT1G11270	CP138148.1	98.182	440	8	0	380	819	25958123	25958562	0	769	GCA_036941915.1_ASM3694191v1_genomic
AT1G11270	CP138146.1	98.289	1403	0	1	5336	6714	3776522	3777924	0	2436	GCA_036941915.1_ASM3694191v1_genomic
AT1G11270	CP138146.1	99.773	441	1	0	380	820	28856622	28856182	0	809	GCA_036941915.1_ASM3694191v1_genomic
AT1G11270	CP138146.1	99.773	441	1	0	4895	5335	28856623	28856183	0	809	GCA_036941915.1_ASM3694191v1_genomic
AT1G11270	CP138146.1	94.553	459	9	2	379	821	10165236	10165694	0	695	GCA_036941915.1_ASM3694191v1_genomic
AT1G11270	CP138146.1	94.518	456	9	2	4896	5335	10165237	10165692	0	689	GCA_036941915.1_ASM3694191v1_genomic
AT1G11270	CP138146.1	99.213	381	3	0	1	381	3776148	3776528	0	688	GCA_036941915.1_ASM3694191v1_genomic
AT1G11270	CP138146.1	91.144	271	14	4	552	820	20619934	20620196	6.06e-97	359	GCA_036941915.1_ASM3694191v1_genomic
AT1G11270	CP138146.1	91.386	267	14	3	5068	5333	20619934	20620192	2.18e-96	357	GCA_036941915.1_ASM3694191v1_genomic
AT1G11270	CP138146.1	92.593	189	13	1	376	564	20619407	20619594	2.92e-70	270	GCA_036941915.1_ASM3694191v1_genomic
AT1G11270	CP138146.1	92.973	185	12	1	4896	5080	20619411	20619594	1.05e-69	268	GCA_036941915.1_ASM3694191v1_genomic
AT1G11270	CP138147.1	98.206	446	2	1	4896	5335	2324964	2324519	0	774	GCA_036941915.1_ASM3694191v1_genomic
AT1G11270	CP138147.1	98.206	446	2	1	380	819	2324964	2324519	0	774	GCA_036941915.1_ASM3694191v1_genomic
AT1G11270	CP138147.1	85.596	361	48	4	1879	2237	17983905	17983547	6.02e-102	375	GCA_036941915.1_ASM3694191v1_genomic
AT1G11270	CP138154.1	99.617	4958	19	0	379	5336	21309517	21304560	0	9051	GCA_036941985.1_ASM3694198v1_genomic
AT1G11270	CP138154.1	99.317	4976	23	1	374	5338	25480916	25475941	0	8990	GCA_036941985.1_ASM3694198v1_genomic
AT1G11270	CP138154.1	99.394	4954	28	2	382	5335	12789733	12784782	0	8981	GCA_036941985.1_ASM3694198v1_genomic
AT1G11270	CP138154.1	99.233	4957	34	3	380	5335	18907216	18902263	0	8940	GCA_036941985.1_ASM3694198v1_genomic
AT1G11270	CP138154.1	99.369	4281	21	1	1055	5335	15598953	15603227	0	7751	GCA_036941985.1_ASM3694198v1_genomic
AT1G11270	CP138154.1	98.884	627	7	0	379	1005	15598332	15598958	0	1120	GCA_036941985.1_ASM3694198v1_genomic
AT1G11270	CP138154.1	100	441	0	0	4895	5335	18907217	18906777	0	815	GCA_036941985.1_ASM3694198v1_genomic
AT1G11270	CP138154.1	99.545	440	2	0	380	819	15602788	15603227	0	802	GCA_036941985.1_ASM3694198v1_genomic
AT1G11270	CP138154.1	99.318	440	3	0	380	819	21305000	21304561	0	797	GCA_036941985.1_ASM3694198v1_genomic
AT1G11270	CP138154.1	98.876	445	4	1	380	824	18902701	18902258	0	793	GCA_036941985.1_ASM3694198v1_genomic
AT1G11270	CP138154.1	99.091	440	4	0	4896	5335	21309516	21309077	0	791	GCA_036941985.1_ASM3694198v1_genomic
AT1G11270	CP138154.1	99.091	440	4	0	4896	5335	25480910	25480471	0	791	GCA_036941985.1_ASM3694198v1_genomic
AT1G11270	CP138154.1	98.652	445	5	1	376	819	1925099	1925543	0	787	GCA_036941985.1_ASM3694198v1_genomic
AT1G11270	CP138154.1	98.649	444	5	1	4896	5339	1925104	1925546	0	785	GCA_036941985.1_ASM3694198v1_genomic
AT1G11270	CP138154.1	99.087	438	3	1	382	819	12785218	12784782	0	785	GCA_036941985.1_ASM3694198v1_genomic
AT1G11270	CP138154.1	99.087	438	2	2	4898	5335	12789733	12789298	0	785	GCA_036941985.1_ASM3694198v1_genomic
AT1G11270	CP138154.1	98.864	440	5	0	4896	5335	15598333	15598772	0	785	GCA_036941985.1_ASM3694198v1_genomic
AT1G11270	CP138154.1	97.118	451	2	1	380	819	25476394	25475944	0	750	GCA_036941985.1_ASM3694198v1_genomic
AT1G11270	CP138153.1	99.556	4959	21	1	380	5338	20770274	20765317	0	9034	GCA_036941985.1_ASM3694198v1_genomic
AT1G11270	CP138153.1	99.536	4956	23	0	380	5335	21885303	21890258	0	9025	GCA_036941985.1_ASM3694198v1_genomic
AT1G11270	CP138153.1	99.354	4957	31	1	380	5335	4962880	4967836	0	8975	GCA_036941985.1_ASM3694198v1_genomic
AT1G11270	CP138153.1	98.911	4957	47	2	380	5336	21791954	21796903	0	8848	GCA_036941985.1_ASM3694198v1_genomic
AT1G11270	CP138153.1	97.44	4649	87	8	380	5023	13264003	13268624	0	7897	GCA_036941985.1_ASM3694198v1_genomic
AT1G11270	CP138153.1	99.631	1898	6	1	3438	5335	20771731	20769835	0	3465	GCA_036941985.1_ASM3694198v1_genomic
AT1G11270	CP138153.1	100	441	0	0	380	820	20765759	20765319	0	815	GCA_036941985.1_ASM3694198v1_genomic
AT1G11270	CP138153.1	100	441	0	0	380	820	21889819	21890259	0	815	GCA_036941985.1_ASM3694198v1_genomic
AT1G11270	CP138153.1	99.773	441	1	0	4895	5335	21885302	21885742	0	809	GCA_036941985.1_ASM3694198v1_genomic
AT1G11270	CP138153.1	99.32	441	3	0	380	820	4967397	4967837	0	798	GCA_036941985.1_ASM3694198v1_genomic
AT1G11270	CP138153.1	99.085	437	3	1	380	816	21796464	21796899	0	784	GCA_036941985.1_ASM3694198v1_genomic
AT1G11270	CP138153.1	98.636	440	6	0	4896	5335	4962880	4963319	0	780	GCA_036941985.1_ASM3694198v1_genomic
AT1G11270	CP138153.1	98.42	443	7	0	379	821	10659980	10659538	0	780	GCA_036941985.1_ASM3694198v1_genomic
AT1G11270	CP138153.1	98.409	440	7	0	4896	5335	10659979	10659540	0	774	GCA_036941985.1_ASM3694198v1_genomic
AT1G11270	CP138153.1	97.955	440	9	0	4896	5335	13264003	13264442	0	763	GCA_036941985.1_ASM3694198v1_genomic
AT1G11270	CP138153.1	96.591	440	9	1	4896	5335	21791954	21792387	0	725	GCA_036941985.1_ASM3694198v1_genomic
AT1G11270	CP138153.1	94.357	319	12	4	5024	5336	13268576	13268894	9.51e-135	484	GCA_036941985.1_ASM3694198v1_genomic
AT1G11270	CP138153.1	94.34	318	12	4	508	819	13268576	13268893	3.42e-134	483	GCA_036941985.1_ASM3694198v1_genomic
AT1G11270	CP138153.1	96.124	129	4	1	380	507	13268496	13268624	6.41e-52	209	GCA_036941985.1_ASM3694198v1_genomic
AT1G11270	CP138152.1	99.435	4956	28	0	380	5335	8405942	8400987	0	8997	GCA_036941985.1_ASM3694198v1_genomic
AT1G11270	CP138152.1	83.258	1105	157	15	3452	4552	2762460	2763540	0	990	GCA_036941985.1_ASM3694198v1_genomic
AT1G11270	CP138152.1	99.318	440	3	0	4896	5335	8405942	8405503	0	797	GCA_036941985.1_ASM3694198v1_genomic
AT1G11270	CP138152.1	99.095	442	4	0	380	821	8401426	8400985	0	795	GCA_036941985.1_ASM3694198v1_genomic
AT1G11270	CP138151.1	98.791	4961	31	5	378	5336	32002760	32007693	0	8802	GCA_036941985.1_ASM3694198v1_genomic
AT1G11270	CP138151.1	100	993	0	0	5336	6328	3775625	3776617	0	1834	GCA_036941985.1_ASM3694198v1_genomic
AT1G11270	CP138151.1	99.773	441	1	0	380	820	28094249	28093809	0	809	GCA_036941985.1_ASM3694198v1_genomic
AT1G11270	CP138151.1	99.773	441	1	0	4895	5335	28094250	28093810	0	809	GCA_036941985.1_ASM3694198v1_genomic
AT1G11270	CP138151.1	98.639	441	5	1	380	819	32007252	32007692	0	780	GCA_036941985.1_ASM3694198v1_genomic
AT1G11270	CP138151.1	98.413	441	5	2	4896	5335	32002762	32003201	0	774	GCA_036941985.1_ASM3694198v1_genomic
AT1G11270	CP138151.1	99.752	403	1	0	6312	6714	3776629	3777031	0	739	GCA_036941985.1_ASM3694198v1_genomic
AT1G11270	CP138151.1	99.213	381	3	0	1	381	3775251	3775631	0	688	GCA_036941985.1_ASM3694198v1_genomic
AT1G11270	CP138151.1	91.144	271	14	4	552	820	19798127	19798389	6.02e-97	359	GCA_036941985.1_ASM3694198v1_genomic
AT1G11270	CP138151.1	91.386	267	14	3	5068	5333	19798127	19798385	2.16e-96	357	GCA_036941985.1_ASM3694198v1_genomic
AT1G11270	CP138151.1	93.122	189	12	1	376	564	19797604	19797791	6.23e-72	276	GCA_036941985.1_ASM3694198v1_genomic
AT1G11270	CP138151.1	93.514	185	11	1	4896	5080	19797608	19797791	2.24e-71	274	GCA_036941985.1_ASM3694198v1_genomic
AT1G11270	CP138155.1	99.103	446	4	0	374	819	21084354	21084799	0	802	GCA_036941985.1_ASM3694198v1_genomic
AT1G11270	CP138155.1	99.323	443	3	0	4896	5338	21084360	21084802	0	802	GCA_036941985.1_ASM3694198v1_genomic
AT1G11270	CP138157.1	99.556	4956	22	0	380	5335	11755292	11750337	0	9031	GCA_036942075.1_ASM3694207v1_genomic
AT1G11270	CP138157.1	99.496	4956	25	0	380	5335	11750776	11745821	0	9014	GCA_036942075.1_ASM3694207v1_genomic
AT1G11270	CP138157.1	83.258	1105	157	15	3452	4552	3941463	3942543	0	990	GCA_036942075.1_ASM3694207v1_genomic
AT1G11270	CP138157.1	99.773	441	1	0	4895	5335	11755293	11754853	0	809	GCA_036942075.1_ASM3694207v1_genomic
AT1G11270	CP138157.1	99.323	443	3	0	380	822	11746260	11745818	0	802	GCA_036942075.1_ASM3694207v1_genomic
AT1G11270	CP138157.1	85.596	361	48	4	1879	2237	17973415	17973057	6e-102	375	GCA_036942075.1_ASM3694207v1_genomic
AT1G11270	CP138160.1	99.294	4956	35	0	380	5335	5450372	5455327	0	8959	GCA_036942075.1_ASM3694207v1_genomic
AT1G11270	CP138160.1	98.423	444	7	0	380	823	5454888	5455331	0	782	GCA_036942075.1_ASM3694207v1_genomic
AT1G11270	CP138160.1	98.409	440	7	0	4896	5335	5450372	5450811	0	774	GCA_036942075.1_ASM3694207v1_genomic
AT1G11270	CP138156.1	99.194	4964	34	2	378	5335	13226551	13221588	0	8940	GCA_036942075.1_ASM3694207v1_genomic
AT1G11270	CP138156.1	99.351	1386	2	2	5336	6714	3791978	3793363	0	2503	GCA_036942075.1_ASM3694207v1_genomic
AT1G11270	CP138156.1	98.661	448	2	2	380	823	13222030	13221583	0	791	GCA_036942075.1_ASM3694207v1_genomic
AT1G11270	CP138156.1	98.194	443	5	1	4896	5335	13226549	13226107	0	771	GCA_036942075.1_ASM3694207v1_genomic
AT1G11270	CP138156.1	99.213	381	3	0	1	381	3791604	3791984	0	688	GCA_036942075.1_ASM3694207v1_genomic
AT1G11270	CP138156.1	90.775	271	15	4	552	820	20332016	20332278	2.81e-95	353	GCA_036942075.1_ASM3694207v1_genomic
AT1G11270	CP138156.1	91.011	267	15	3	5068	5333	20332016	20332274	1.01e-94	351	GCA_036942075.1_ASM3694207v1_genomic
AT1G11270	CP138156.1	94.18	189	10	1	376	564	20331489	20331676	2.89e-75	287	GCA_036942075.1_ASM3694207v1_genomic
AT1G11270	CP138156.1	94.595	185	9	1	4896	5080	20331493	20331676	1.04e-74	285	GCA_036942075.1_ASM3694207v1_genomic
AT1G11270	CP138159.1	98.931	4956	46	3	380	5335	12519698	12524646	0	8852	GCA_036942075.1_ASM3694207v1_genomic
AT1G11270	CP138159.1	98.427	445	6	1	376	819	2670060	2670504	0	782	GCA_036942075.1_ASM3694207v1_genomic
AT1G11270	CP138159.1	98.423	444	6	1	4896	5339	2670065	2670507	0	780	GCA_036942075.1_ASM3694207v1_genomic
AT1G11270	CP138159.1	98.409	440	6	1	380	819	12524208	12524646	0	773	GCA_036942075.1_ASM3694207v1_genomic
AT1G11270	CP138159.1	97.743	443	9	1	4893	5335	12519695	12520136	0	761	GCA_036942075.1_ASM3694207v1_genomic
AT1G11270	CP138158.1	97.46	4960	97	5	380	5336	13252874	13257807	0	8434	GCA_036942075.1_ASM3694207v1_genomic
AT1G11270	CP138158.1	91.691	1372	103	9	3159	4526	16723408	16724772	0	1892	GCA_036942075.1_ASM3694207v1_genomic
AT1G11270	CP138158.1	93.727	813	51	0	4523	5335	16731750	16732562	0	1219	GCA_036942075.1_ASM3694207v1_genomic
AT1G11270	CP138158.1	92.989	813	53	2	4523	5335	16724935	16725743	0	1182	GCA_036942075.1_ASM3694207v1_genomic
AT1G11270	CP138158.1	94.211	760	35	4	380	1139	16732123	16732873	0	1151	GCA_036942075.1_ASM3694207v1_genomic
AT1G11270	CP138158.1	93.289	760	38	7	380	1139	16725308	16726054	0	1109	GCA_036942075.1_ASM3694207v1_genomic
AT1G11270	CP138158.1	98.182	440	8	0	4896	5335	13252874	13253313	0	769	GCA_036942075.1_ASM3694207v1_genomic
AT1G11270	CP138158.1	96.364	440	16	0	380	819	13257367	13257806	0	725	GCA_036942075.1_ASM3694207v1_genomic
AT1G11270	CP138162.1	99.294	4956	35	0	380	5335	1819505	1824460	0	8959	GCA_036942405.1_ASM3694240v1_genomic
AT1G11270	CP138162.1	82.278	1106	155	19	3452	4552	2703763	2704832	0	918	GCA_036942405.1_ASM3694240v1_genomic
AT1G11270	CP138162.1	98.874	444	5	0	380	823	1824021	1824464	0	793	GCA_036942405.1_ASM3694240v1_genomic
AT1G11270	CP138162.1	98.182	440	8	0	4896	5335	1819505	1819944	0	769	GCA_036942405.1_ASM3694240v1_genomic
AT1G11270	CP138162.1	84.929	491	61	8	4623	5104	2704847	2705333	9.25e-135	484	GCA_036942405.1_ASM3694240v1_genomic
AT1G11270	CP138162.1	84.211	361	53	4	1879	2237	18058930	18058572	1.27e-93	348	GCA_036942405.1_ASM3694240v1_genomic
AT1G11270	CP138162.1	89.252	214	16	6	380	588	2705122	2705333	1.7e-67	261	GCA_036942405.1_ASM3694240v1_genomic
AT1G11270	CP138163.1	99.274	4956	36	0	380	5335	26025468	26030423	0	8953	GCA_036942405.1_ASM3694240v1_genomic
AT1G11270	CP138163.1	99.054	4970	46	1	367	5335	36972	32003	0	8916	GCA_036942405.1_ASM3694240v1_genomic
AT1G11270	CP138163.1	97.419	4960	96	8	380	5336	13025569	13030499	0	8421	GCA_036942405.1_ASM3694240v1_genomic
AT1G11270	CP138163.1	99.32	441	3	0	380	820	26029984	26030424	0	798	GCA_036942405.1_ASM3694240v1_genomic
AT1G11270	CP138163.1	99.091	440	4	0	4896	5335	26025468	26025907	0	791	GCA_036942405.1_ASM3694240v1_genomic
AT1G11270	CP138163.1	98.402	438	7	0	382	819	32440	32003	0	771	GCA_036942405.1_ASM3694240v1_genomic
AT1G11270	CP138163.1	98.182	440	8	0	4896	5335	13025569	13026008	0	769	GCA_036942405.1_ASM3694240v1_genomic
AT1G11270	CP138163.1	97.5	440	11	0	4896	5335	36958	36519	0	752	GCA_036942405.1_ASM3694240v1_genomic
AT1G11270	CP138163.1	97.5	440	11	0	380	819	13030059	13030498	0	752	GCA_036942405.1_ASM3694240v1_genomic
AT1G11270	CP138165.1	99.254	4960	32	3	380	5335	18020410	18025368	0	8949	GCA_036942405.1_ASM3694240v1_genomic
AT1G11270	CP138165.1	98.273	4981	60	2	380	5335	24784173	24789152	0	8698	GCA_036942405.1_ASM3694240v1_genomic
AT1G11270	CP138165.1	98.206	446	6	1	4892	5335	18020406	18020851	0	778	GCA_036942405.1_ASM3694240v1_genomic
AT1G11270	CP138165.1	98.416	442	4	2	380	819	18024928	18025368	0	774	GCA_036942405.1_ASM3694240v1_genomic
AT1G11270	CP138165.1	97.727	440	10	0	380	819	24788713	24789152	0	758	GCA_036942405.1_ASM3694240v1_genomic
AT1G11270	CP138165.1	97.931	435	9	0	4896	5330	24784173	24784607	0	754	GCA_036942405.1_ASM3694240v1_genomic
AT1G11270	CP138164.1	99.193	4956	40	0	380	5335	15562726	15557771	0	8931	GCA_036942405.1_ASM3694240v1_genomic
AT1G11270	CP138164.1	98.639	441	6	0	380	820	15558210	15557770	0	782	GCA_036942405.1_ASM3694240v1_genomic
AT1G11270	CP138164.1	98.636	440	6	0	4896	5335	15562726	15562287	0	780	GCA_036942405.1_ASM3694240v1_genomic
AT1G11270	CP138164.1	98.42	443	5	1	4896	5336	18604504	18604062	0	778	GCA_036942405.1_ASM3694240v1_genomic
AT1G11270	CP138164.1	98.416	442	5	1	380	819	18604504	18604063	0	776	GCA_036942405.1_ASM3694240v1_genomic
AT1G11270	CP138161.1	99.153	4957	41	1	380	5336	22217340	22212385	0	8920	GCA_036942405.1_ASM3694240v1_genomic
AT1G11270	CP138161.1	100	993	0	0	5336	6328	3832063	3833055	0	1834	GCA_036942405.1_ASM3694240v1_genomic
AT1G11270	CP138161.1	99.091	440	4	0	4896	5335	22217340	22216901	0	791	GCA_036942405.1_ASM3694240v1_genomic
AT1G11270	CP138161.1	98.864	440	5	0	380	819	22212825	22212386	0	785	GCA_036942405.1_ASM3694240v1_genomic
AT1G11270	CP138161.1	99.752	403	1	0	6312	6714	3833075	3833477	0	739	GCA_036942405.1_ASM3694240v1_genomic
AT1G11270	CP138161.1	99.213	381	3	0	1	381	3831689	3832069	0	688	GCA_036942405.1_ASM3694240v1_genomic
AT1G11270	CP138161.1	90.406	271	16	4	552	820	19020982	19021244	1.27e-93	348	GCA_036942405.1_ASM3694240v1_genomic
AT1G11270	CP138161.1	90.637	267	16	3	5068	5333	19020982	19021240	4.55e-93	346	GCA_036942405.1_ASM3694240v1_genomic
AT1G11270	CP138161.1	93.122	189	12	1	376	564	19020455	19020642	6.06e-72	276	GCA_036942405.1_ASM3694240v1_genomic
AT1G11270	CP138161.1	93.514	185	11	1	4896	5080	19020459	19020642	2.18e-71	274	GCA_036942405.1_ASM3694240v1_genomic
AT1G11270	CP138171.1	99.821	6716	6	5	1	6714	3783626	3790337	0	12331	GCA_036942435.1_ASM3694243v1_genomic
AT1G11270	CP138171.1	99.395	4956	29	1	380	5335	19833862	19838816	0	8985	GCA_036942435.1_ASM3694243v1_genomic
AT1G11270	CP138171.1	99.031	4956	41	5	380	5335	19838377	19843325	0	8879	GCA_036942435.1_ASM3694243v1_genomic
AT1G11270	CP138171.1	98.891	4960	45	9	376	5335	19842887	19847836	0	8846	GCA_036942435.1_ASM3694243v1_genomic
AT1G11270	CP138171.1	98.994	2884	21	5	380	3262	23340857	23337981	0	5158	GCA_036942435.1_ASM3694243v1_genomic
AT1G11270	CP138171.1	99.118	2835	25	0	2501	5335	7723674	7726508	0	5097	GCA_036942435.1_ASM3694243v1_genomic
AT1G11270	CP138171.1	98.776	2124	26	0	380	2503	7721317	7723440	0	3779	GCA_036942435.1_ASM3694243v1_genomic
AT1G11270	CP138171.1	98.942	1985	19	1	3353	5335	23337987	23336003	0	3548	GCA_036942435.1_ASM3694243v1_genomic
AT1G11270	CP138171.1	99.465	748	4	0	380	1127	19847397	19848144	0	1360	GCA_036942435.1_ASM3694243v1_genomic
AT1G11270	CP138171.1	98.955	670	7	0	1690	2359	3364554	3363885	0	1199	GCA_036942435.1_ASM3694243v1_genomic
AT1G11270	CP138171.1	100	440	0	0	4896	5335	3784005	3784444	0	813	GCA_036942435.1_ASM3694243v1_genomic
AT1G11270	CP138171.1	100	440	0	0	380	819	3788519	3788958	0	813	GCA_036942435.1_ASM3694243v1_genomic
AT1G11270	CP138171.1	99.545	440	2	0	4896	5335	19833862	19834301	0	802	GCA_036942435.1_ASM3694243v1_genomic
AT1G11270	CP138171.1	99.095	442	4	0	380	821	23336442	23336001	0	795	GCA_036942435.1_ASM3694243v1_genomic
AT1G11270	CP138171.1	98.438	448	6	1	4888	5335	7718660	7719106	0	787	GCA_036942435.1_ASM3694243v1_genomic
AT1G11270	CP138171.1	98.864	440	5	0	380	819	7726069	7726508	0	785	GCA_036942435.1_ASM3694243v1_genomic
AT1G11270	CP138171.1	98.864	440	4	1	380	819	7718668	7719106	0	784	GCA_036942435.1_ASM3694243v1_genomic
AT1G11270	CP138171.1	97.506	441	11	0	4895	5335	7721316	7721756	0	754	GCA_036942435.1_ASM3694243v1_genomic
AT1G11270	CP138171.1	96.591	440	11	2	4896	5335	23340857	23340422	0	726	GCA_036942435.1_ASM3694243v1_genomic
AT1G11270	CP138171.1	91.144	271	14	4	552	820	19022705	19022967	5.69e-97	359	GCA_036942435.1_ASM3694243v1_genomic
AT1G11270	CP138171.1	91.386	267	14	3	5068	5333	19022705	19022963	2.05e-96	357	GCA_036942435.1_ASM3694243v1_genomic
AT1G11270	CP138171.1	93.122	189	12	1	376	564	19022172	19022359	5.9e-72	276	GCA_036942435.1_ASM3694243v1_genomic
AT1G11270	CP138171.1	93.514	185	11	1	4896	5080	19022176	19022359	2.12e-71	274	GCA_036942435.1_ASM3694243v1_genomic
AT1G11270	CP138171.1	99.174	121	1	0	5215	5335	3363898	3363778	1.01e-54	219	GCA_036942435.1_ASM3694243v1_genomic
AT1G11270	CP138171.1	99.174	121	1	0	699	819	3363898	3363778	1.01e-54	219	GCA_036942435.1_ASM3694243v1_genomic
AT1G11270	CP138173.1	99.274	4958	21	13	380	5335	24848846	24843902	0	8942	GCA_036942435.1_ASM3694243v1_genomic
AT1G11270	CP138173.1	97.601	4961	89	6	380	5336	13423293	13428227	0	8475	GCA_036942435.1_ASM3694243v1_genomic
AT1G11270	CP138173.1	99.456	4046	21	1	379	4423	24207870	24211915	0	7348	GCA_036942435.1_ASM3694243v1_genomic
AT1G11270	CP138173.1	91.837	1372	101	9	3159	4526	16529643	16531007	0	1903	GCA_036942435.1_ASM3694243v1_genomic
AT1G11270	CP138173.1	99.202	752	6	0	4584	5335	24211914	24212665	0	1356	GCA_036942435.1_ASM3694243v1_genomic
AT1G11270	CP138173.1	93.727	813	51	0	4523	5335	16531170	16531982	0	1219	GCA_036942435.1_ASM3694243v1_genomic
AT1G11270	CP138173.1	94.211	760	35	4	380	1139	16531543	16532293	0	1151	GCA_036942435.1_ASM3694243v1_genomic
AT1G11270	CP138173.1	100	440	0	0	380	819	24844341	24843902	0	813	GCA_036942435.1_ASM3694243v1_genomic
AT1G11270	CP138173.1	100	440	0	0	4896	5335	24848846	24848407	0	813	GCA_036942435.1_ASM3694243v1_genomic
AT1G11270	CP138173.1	99.545	440	2	0	380	819	24212226	24212665	0	802	GCA_036942435.1_ASM3694243v1_genomic
AT1G11270	CP138173.1	99.318	440	3	0	4896	5335	24207871	24208310	0	797	GCA_036942435.1_ASM3694243v1_genomic
AT1G11270	CP138173.1	98.182	440	8	0	4896	5335	13423293	13423732	0	769	GCA_036942435.1_ASM3694243v1_genomic
AT1G11270	CP138173.1	97.506	441	10	1	380	819	13427786	13428226	0	752	GCA_036942435.1_ASM3694243v1_genomic
AT1G11270	CP138175.1	98.644	5014	20	6	371	5338	4224562	4219551	0	8839	GCA_036942435.1_ASM3694243v1_genomic
AT1G11270	CP138175.1	95.032	463	0	2	380	819	4220016	4219554	0	706	GCA_036942435.1_ASM3694243v1_genomic
AT1G11270	CP138175.1	95.032	463	0	2	4896	5335	4224555	4224093	0	706	GCA_036942435.1_ASM3694243v1_genomic
AT1G11270	CP138174.1	99.397	4810	29	0	526	5335	11249139	11253948	0	8722	GCA_036942435.1_ASM3694243v1_genomic
AT1G11270	CP138174.1	99.318	440	3	0	380	819	11253509	11253948	0	797	GCA_036942435.1_ASM3694243v1_genomic
AT1G11270	CP138174.1	99.32	294	2	0	5042	5335	11249139	11249432	3.17e-149	532	GCA_036942435.1_ASM3694243v1_genomic
AT1G11270	CP138174.1	98.425	127	1	1	4895	5020	11249033	11249159	7.79e-56	222	GCA_036942435.1_ASM3694243v1_genomic
AT1G11270	CP138174.1	98.413	126	1	1	380	504	11249034	11249159	2.8e-55	220	GCA_036942435.1_ASM3694243v1_genomic
AT1G11270	CP138172.1	83.273	1106	155	17	3452	4552	2808810	2809890	0	990	GCA_036942435.1_ASM3694243v1_genomic
AT1G11270	CP138172.1	84.318	491	64	8	4623	5104	2809905	2810391	9.07e-130	468	GCA_036942435.1_ASM3694243v1_genomic
AT1G11270	CP138172.1	85.596	361	48	4	1879	2237	16272619	16272261	5.65e-102	375	GCA_036942435.1_ASM3694243v1_genomic
AT1G11270	CP138172.1	87.85	214	19	6	380	588	2810180	2810391	1.66e-62	244	GCA_036942435.1_ASM3694243v1_genomic
AT1G11270	CP138166.1	99.516	4962	21	3	377	5335	19556491	19561452	0	9027	GCA_036942445.1_ASM3694244v1_genomic
AT1G11270	CP138166.1	99.032	4957	48	0	379	5335	18810855	18815811	0	8889	GCA_036942445.1_ASM3694244v1_genomic
AT1G11270	CP138166.1	99.53	3619	16	1	380	3998	24323825	24327442	0	6588	GCA_036942445.1_ASM3694244v1_genomic
AT1G11270	CP138166.1	99.451	1276	6	1	4060	5335	24327440	24328714	0	2316	GCA_036942445.1_ASM3694244v1_genomic
AT1G11270	CP138166.1	99.799	993	2	0	5336	6328	3787044	3788036	0	1823	GCA_036942445.1_ASM3694244v1_genomic
AT1G11270	CP138166.1	99.774	443	0	1	380	821	19561012	19561454	0	811	GCA_036942445.1_ASM3694244v1_genomic
AT1G11270	CP138166.1	99.329	447	2	1	4890	5335	24323818	24324264	0	808	GCA_036942445.1_ASM3694244v1_genomic
AT1G11270	CP138166.1	99.773	440	1	0	380	819	24328275	24328714	0	808	GCA_036942445.1_ASM3694244v1_genomic
AT1G11270	CP138166.1	99.32	441	2	1	4896	5335	19556495	19556935	0	797	GCA_036942445.1_ASM3694244v1_genomic
AT1G11270	CP138166.1	98.182	440	8	0	4896	5335	18810856	18811295	0	769	GCA_036942445.1_ASM3694244v1_genomic
AT1G11270	CP138166.1	98.182	440	8	0	380	819	18815372	18815811	0	769	GCA_036942445.1_ASM3694244v1_genomic
AT1G11270	CP138166.1	99.504	403	2	0	6312	6714	3788048	3788450	0	734	GCA_036942445.1_ASM3694244v1_genomic
AT1G11270	CP138166.1	99.213	381	3	0	1	381	3786670	3787050	0	688	GCA_036942445.1_ASM3694244v1_genomic
AT1G11270	CP138166.1	90.037	271	17	4	552	820	19367559	19367821	5.68e-92	342	GCA_036942445.1_ASM3694244v1_genomic
AT1G11270	CP138166.1	90.262	267	17	3	5068	5333	19367559	19367817	2.04e-91	340	GCA_036942445.1_ASM3694244v1_genomic
AT1G11270	CP138166.1	92.593	189	13	1	376	564	19367032	19367219	2.72e-70	270	GCA_036942445.1_ASM3694244v1_genomic
AT1G11270	CP138166.1	92.973	185	12	1	4896	5080	19367036	19367219	9.77e-70	268	GCA_036942445.1_ASM3694244v1_genomic
AT1G11270	CP138167.1	99.052	4956	47	0	380	5335	8975220	8980175	0	8892	GCA_036942445.1_ASM3694244v1_genomic
AT1G11270	CP138167.1	82.986	1105	160	15	3452	4552	2882751	2883831	0	974	GCA_036942445.1_ASM3694244v1_genomic
AT1G11270	CP138167.1	97.955	440	9	0	4896	5335	8975220	8975659	0	763	GCA_036942445.1_ASM3694244v1_genomic
AT1G11270	CP138167.1	97.955	440	9	0	380	819	8979736	8980175	0	763	GCA_036942445.1_ASM3694244v1_genomic
AT1G11270	CP138167.1	85.873	361	47	4	1879	2237	15814845	15814487	1.2e-103	381	GCA_036942445.1_ASM3694244v1_genomic
AT1G11270	CP138168.1	99.095	442	4	0	4895	5336	19384270	19384711	0	795	GCA_036942445.1_ASM3694244v1_genomic
AT1G11270	CP138168.1	99.091	440	4	0	380	819	19384271	19384710	0	791	GCA_036942445.1_ASM3694244v1_genomic
AT1G11270	CP138169.1	98.876	445	4	1	376	819	1756241	1756685	0	793	GCA_036942445.1_ASM3694244v1_genomic
AT1G11270	CP138169.1	98.874	444	4	1	4896	5339	1756246	1756688	0	791	GCA_036942445.1_ASM3694244v1_genomic
AT1G11270	CP138178.1	99.597	4957	20	0	380	5336	3454386	3449430	0	9044	GCA_036942575.1_ASM3694257v1_genomic
AT1G11270	CP138178.1	97.785	3612	70	4	1728	5336	13277095	13280699	0	6218	GCA_036942575.1_ASM3694257v1_genomic
AT1G11270	CP138178.1	96.661	1198	21	1	380	1577	13275923	13277101	0	1973	GCA_036942575.1_ASM3694257v1_genomic
AT1G11270	CP138178.1	91.691	1372	103	9	3159	4526	17961266	17962630	0	1892	GCA_036942575.1_ASM3694257v1_genomic
AT1G11270	CP138178.1	93.604	813	52	0	4523	5335	17969608	17970420	0	1214	GCA_036942575.1_ASM3694257v1_genomic
AT1G11270	CP138178.1	93.112	813	52	2	4523	5335	17962793	17963601	0	1188	GCA_036942575.1_ASM3694257v1_genomic
AT1G11270	CP138178.1	94.079	760	36	4	380	1139	17969981	17970731	0	1146	GCA_036942575.1_ASM3694257v1_genomic
AT1G11270	CP138178.1	93.289	760	38	6	380	1139	17963166	17963912	0	1109	GCA_036942575.1_ASM3694257v1_genomic
AT1G11270	CP138178.1	100	441	0	0	4895	5335	3454387	3453947	0	815	GCA_036942575.1_ASM3694257v1_genomic
AT1G11270	CP138178.1	99.545	440	2	0	380	819	3449870	3449431	0	802	GCA_036942575.1_ASM3694257v1_genomic
AT1G11270	CP138178.1	98.182	440	8	0	4896	5335	13275923	13276362	0	769	GCA_036942575.1_ASM3694257v1_genomic
AT1G11270	CP138178.1	96.591	440	15	0	380	819	13280259	13280698	0	730	GCA_036942575.1_ASM3694257v1_genomic
AT1G11270	CP138179.1	99.274	4962	33	3	377	5336	11957351	11962311	0	8961	GCA_036942575.1_ASM3694257v1_genomic
AT1G11270	CP138179.1	99.32	441	2	1	380	819	11961870	11962310	0	797	GCA_036942575.1_ASM3694257v1_genomic
AT1G11270	CP138179.1	98.866	441	3	2	4896	5335	11957354	11957793	0	785	GCA_036942575.1_ASM3694257v1_genomic
AT1G11270	CP138176.1	100	993	0	0	5336	6328	3817837	3818829	0	1834	GCA_036942575.1_ASM3694257v1_genomic
AT1G11270	CP138176.1	99.256	403	3	0	6312	6714	3818845	3819247	0	728	GCA_036942575.1_ASM3694257v1_genomic
AT1G11270	CP138176.1	99.213	381	3	0	1	381	3817463	3817843	0	688	GCA_036942575.1_ASM3694257v1_genomic
AT1G11270	CP138176.1	90.775	271	15	4	552	820	19683411	19683673	2.75e-95	353	GCA_036942575.1_ASM3694257v1_genomic
AT1G11270	CP138176.1	91.011	267	15	3	5068	5333	19683411	19683669	9.89e-95	351	GCA_036942575.1_ASM3694257v1_genomic
AT1G11270	CP138176.1	91.534	189	15	1	376	564	19682891	19683078	6.17e-67	259	GCA_036942575.1_ASM3694257v1_genomic
AT1G11270	CP138176.1	91.892	185	14	1	4896	5080	19682895	19683078	2.22e-66	257	GCA_036942575.1_ASM3694257v1_genomic
AT1G11270	CP138177.1	83.258	1105	157	15	3452	4552	2671525	2672605	0	990	GCA_036942575.1_ASM3694257v1_genomic
AT1G11270	CP138177.1	84.725	491	62	8	4623	5104	2672620	2673106	4.35e-133	479	GCA_036942575.1_ASM3694257v1_genomic
AT1G11270	CP138177.1	85.359	362	48	5	1879	2237	17009140	17008781	2.73e-100	370	GCA_036942575.1_ASM3694257v1_genomic
AT1G11270	CP138177.1	89.252	214	16	6	380	588	2672895	2673106	1.71e-67	261	GCA_036942575.1_ASM3694257v1_genomic
AT1G11270	CP138183.1	99.597	4957	16	3	380	5335	25061298	25066251	0	9040	GCA_036942965.1_ASM3694296v1_genomic
AT1G11270	CP138183.1	98.568	4957	36	4	380	5335	3671332	3676254	0	8728	GCA_036942965.1_ASM3694296v1_genomic
AT1G11270	CP138183.1	97.198	4960	95	6	380	5336	13253917	13258835	0	8349	GCA_036942965.1_ASM3694296v1_genomic
AT1G11270	CP138183.1	99.494	4154	20	1	380	4533	25020776	25024928	0	7553	GCA_036942965.1_ASM3694296v1_genomic
AT1G11270	CP138183.1	99.604	757	3	0	4579	5335	25024929	25025685	0	1382	GCA_036942965.1_ASM3694296v1_genomic
AT1G11270	CP138183.1	100	441	0	0	4895	5335	25061297	25061737	0	815	GCA_036942965.1_ASM3694296v1_genomic
AT1G11270	CP138183.1	100	441	0	0	380	820	25065812	25066252	0	815	GCA_036942965.1_ASM3694296v1_genomic
AT1G11270	CP138183.1	100	440	0	0	4896	5335	25020776	25021215	0	813	GCA_036942965.1_ASM3694296v1_genomic
AT1G11270	CP138183.1	100	440	0	0	380	819	25025246	25025685	0	813	GCA_036942965.1_ASM3694296v1_genomic
AT1G11270	CP138183.1	99.546	441	2	0	380	820	3675815	3676255	0	804	GCA_036942965.1_ASM3694296v1_genomic
AT1G11270	CP138183.1	97.955	440	9	0	4896	5335	13253917	13254356	0	763	GCA_036942965.1_ASM3694296v1_genomic
AT1G11270	CP138183.1	96.136	440	17	0	380	819	13258395	13258834	0	719	GCA_036942965.1_ASM3694296v1_genomic
AT1G11270	CP138183.1	92.727	440	1	1	4896	5335	3671332	3671740	1.92e-171	606	GCA_036942965.1_ASM3694296v1_genomic
AT1G11270	CP138183.1	88.645	273	13	6	4520	4787	10020214	10020473	3.63e-84	316	GCA_036942965.1_ASM3694296v1_genomic
AT1G11270	CP138185.1	99.556	4956	18	3	380	5335	10482567	10487518	0	9027	GCA_036942965.1_ASM3694296v1_genomic
AT1G11270	CP138185.1	99.536	4956	22	1	380	5335	26474953	26469999	0	9023	GCA_036942965.1_ASM3694296v1_genomic
AT1G11270	CP138185.1	99.516	4959	21	3	380	5335	25139585	25144543	0	9022	GCA_036942965.1_ASM3694296v1_genomic
AT1G11270	CP138185.1	99.254	4957	36	1	380	5336	28345181	28350136	0	8948	GCA_036942965.1_ASM3694296v1_genomic
AT1G11270	CP138185.1	100	440	0	0	380	819	10487079	10487518	0	813	GCA_036942965.1_ASM3694296v1_genomic
AT1G11270	CP138185.1	99.773	441	0	1	4896	5335	25139585	25140025	0	808	GCA_036942965.1_ASM3694296v1_genomic
AT1G11270	CP138185.1	99.324	444	3	0	4892	5335	26474957	26474514	0	804	GCA_036942965.1_ASM3694296v1_genomic
AT1G11270	CP138185.1	99.323	443	3	0	4893	5335	10482564	10483006	0	802	GCA_036942965.1_ASM3694296v1_genomic
AT1G11270	CP138185.1	99.101	445	2	2	380	822	25144103	25144547	0	798	GCA_036942965.1_ASM3694296v1_genomic
AT1G11270	CP138185.1	99.318	440	3	0	380	819	26470438	26469999	0	797	GCA_036942965.1_ASM3694296v1_genomic
AT1G11270	CP138185.1	98.409	440	7	0	4896	5335	28345181	28345620	0	774	GCA_036942965.1_ASM3694296v1_genomic
AT1G11270	CP138185.1	98.409	440	7	0	380	819	28349696	28350135	0	774	GCA_036942965.1_ASM3694296v1_genomic
AT1G11270	CP138182.1	99.094	4966	42	2	377	5341	9579455	9574492	0	8918	GCA_036942965.1_ASM3694296v1_genomic
AT1G11270	CP138182.1	98.794	4977	47	1	375	5338	606308	601332	0	8846	GCA_036942965.1_ASM3694296v1_genomic
AT1G11270	CP138182.1	83.077	1105	159	15	3452	4552	3110299	3111379	0	979	GCA_036942965.1_ASM3694296v1_genomic
AT1G11270	CP138182.1	98.182	440	8	0	380	819	601774	601335	0	769	GCA_036942965.1_ASM3694296v1_genomic
AT1G11270	CP138182.1	98.182	440	8	0	4896	5335	606303	605864	0	769	GCA_036942965.1_ASM3694296v1_genomic
AT1G11270	CP138182.1	98.182	440	8	0	4896	5335	9579452	9579013	0	769	GCA_036942965.1_ASM3694296v1_genomic
AT1G11270	CP138182.1	97.732	441	9	1	380	819	9574938	9574498	0	758	GCA_036942965.1_ASM3694296v1_genomic
AT1G11270	CP138182.1	85.479	303	40	4	1937	2237	15704185	15703885	4.69e-83	313	GCA_036942965.1_ASM3694296v1_genomic
AT1G11270	CP138184.1	99.133	4962	33	8	379	5335	23235737	23230781	0	8916	GCA_036942965.1_ASM3694296v1_genomic
AT1G11270	CP138184.1	98.956	4980	28	1	380	5335	15976970	15981949	0	8887	GCA_036942965.1_ASM3694296v1_genomic
AT1G11270	CP138184.1	99.773	440	1	0	380	819	15981510	15981949	0	808	GCA_036942965.1_ASM3694296v1_genomic
AT1G11270	CP138184.1	99.545	440	2	0	4896	5335	15976970	15977409	0	802	GCA_036942965.1_ASM3694296v1_genomic
AT1G11270	CP138184.1	98.864	440	5	0	380	819	23231220	23230781	0	785	GCA_036942965.1_ASM3694296v1_genomic
AT1G11270	CP138184.1	98.864	440	5	0	4896	5335	23235736	23235297	0	785	GCA_036942965.1_ASM3694296v1_genomic
AT1G11270	CP138181.1	100	1379	0	0	5336	6714	3814461	3815839	0	2547	GCA_036942965.1_ASM3694296v1_genomic
AT1G11270	CP138181.1	93.565	948	61	0	5336	6283	12966542	12967489	0	1413	GCA_036942965.1_ASM3694296v1_genomic
AT1G11270	CP138181.1	99.213	381	3	0	1	381	3814087	3814467	0	688	GCA_036942965.1_ASM3694296v1_genomic
AT1G11270	CP138181.1	90.149	335	24	3	1	326	12966180	12966514	1.61e-117	427	GCA_036942965.1_ASM3694296v1_genomic
AT1G11270	CP138181.1	90.037	271	17	4	552	820	18980001	18980263	5.99e-92	342	GCA_036942965.1_ASM3694296v1_genomic
AT1G11270	CP138181.1	90.262	267	17	3	5068	5333	18980001	18980259	2.15e-91	340	GCA_036942965.1_ASM3694296v1_genomic
AT1G11270	CP138181.1	93.122	189	12	1	376	564	18979474	18979661	6.16e-72	276	GCA_036942965.1_ASM3694296v1_genomic
AT1G11270	CP138181.1	93.514	185	11	1	4896	5080	18979478	18979661	2.21e-71	274	GCA_036942965.1_ASM3694296v1_genomic
AT1G11270	CP138181.1	85.946	185	17	5	6360	6544	12967680	12967855	8.25e-46	189	GCA_036942965.1_ASM3694296v1_genomic
AT1G11270	CP138190.1	99.476	4962	21	5	376	5335	27947533	27952491	0	9014	GCA_036942975.1_ASM3694297v1_genomic
AT1G11270	CP138190.1	99.092	4958	19	10	380	5335	7358000	7353067	0	8883	GCA_036942975.1_ASM3694297v1_genomic
AT1G11270	CP138190.1	98.298	4993	57	8	370	5337	25551897	25556886	0	8724	GCA_036942975.1_ASM3694297v1_genomic
AT1G11270	CP138190.1	99.093	441	2	2	380	819	27952052	27952491	0	791	GCA_036942975.1_ASM3694297v1_genomic
AT1G11270	CP138190.1	98.869	442	3	2	4895	5335	27947535	27947975	0	787	GCA_036942975.1_ASM3694297v1_genomic
AT1G11270	CP138190.1	97.052	441	3	2	380	819	7353498	7353067	0	734	GCA_036942975.1_ASM3694297v1_genomic
AT1G11270	CP138190.1	97.052	441	3	2	4896	5335	7358000	7357569	0	734	GCA_036942975.1_ASM3694297v1_genomic
AT1G11270	CP138190.1	96.018	452	6	2	4896	5335	25551908	25552359	0	725	GCA_036942975.1_ASM3694297v1_genomic
AT1G11270	CP138190.1	96.018	452	6	2	380	819	25556433	25556884	0	725	GCA_036942975.1_ASM3694297v1_genomic
AT1G11270	CP138190.1	100	31	0	0	4928	4958	27947598	27947568	2.31e-06	58.4	GCA_036942975.1_ASM3694297v1_genomic
AT1G11270	CP138190.1	100	31	0	0	412	442	27947598	27947568	2.31e-06	58.4	GCA_036942975.1_ASM3694297v1_genomic
AT1G11270	CP138190.1	100	31	0	0	4928	4958	27952114	27952084	2.31e-06	58.4	GCA_036942975.1_ASM3694297v1_genomic
AT1G11270	CP138190.1	100	31	0	0	412	442	27952114	27952084	2.31e-06	58.4	GCA_036942975.1_ASM3694297v1_genomic
AT1G11270	CP138186.1	99.496	4958	17	8	380	5335	798882	793931	0	9010	GCA_036942975.1_ASM3694297v1_genomic
AT1G11270	CP138186.1	99.456	4959	21	6	380	5336	8212422	8217376	0	9003	GCA_036942975.1_ASM3694297v1_genomic
AT1G11270	CP138186.1	99.415	4961	21	8	380	5336	9744913	9739957	0	8994	GCA_036942975.1_ASM3694297v1_genomic
AT1G11270	CP138186.1	99.415	4958	25	4	380	5335	1195916	1190961	0	8992	GCA_036942975.1_ASM3694297v1_genomic
AT1G11270	CP138186.1	99.295	4966	32	3	375	5339	19057038	19062001	0	8973	GCA_036942975.1_ASM3694297v1_genomic
AT1G11270	CP138186.1	99.096	4978	23	2	380	5335	25191201	25196178	0	8924	GCA_036942975.1_ASM3694297v1_genomic
AT1G11270	CP138186.1	98.81	4957	58	1	380	5335	7669855	7674811	0	8826	GCA_036942975.1_ASM3694297v1_genomic
AT1G11270	CP138186.1	99.423	4677	22	5	660	5335	31945413	31940741	0	8482	GCA_036942975.1_ASM3694297v1_genomic
AT1G11270	CP138186.1	100	993	0	0	5336	6328	3773884	3774876	0	1834	GCA_036942975.1_ASM3694297v1_genomic
AT1G11270	CP138186.1	93.671	948	60	0	5336	6283	12877357	12878304	0	1419	GCA_036942975.1_ASM3694297v1_genomic
AT1G11270	CP138186.1	99.773	441	0	1	4896	5335	9744913	9744473	0	808	GCA_036942975.1_ASM3694297v1_genomic
AT1G11270	CP138186.1	99.546	441	2	0	4895	5335	19057041	19057481	0	804	GCA_036942975.1_ASM3694297v1_genomic
AT1G11270	CP138186.1	99.546	441	2	0	380	820	19061557	19061997	0	804	GCA_036942975.1_ASM3694297v1_genomic
AT1G11270	CP138186.1	99.32	441	2	1	380	819	794371	793931	0	797	GCA_036942975.1_ASM3694297v1_genomic
AT1G11270	CP138186.1	99.32	441	2	1	4896	5335	798882	798442	0	797	GCA_036942975.1_ASM3694297v1_genomic
AT1G11270	CP138186.1	99.32	441	2	1	380	819	9740398	9739958	0	797	GCA_036942975.1_ASM3694297v1_genomic
AT1G11270	CP138186.1	98.451	452	5	2	380	830	8216935	8217385	0	795	GCA_036942975.1_ASM3694297v1_genomic
AT1G11270	CP138186.1	99.095	442	3	1	4895	5335	8212421	8212862	0	793	GCA_036942975.1_ASM3694297v1_genomic
AT1G11270	CP138186.1	98.871	443	3	2	380	821	31941180	31940739	0	789	GCA_036942975.1_ASM3694297v1_genomic
AT1G11270	CP138186.1	98.866	441	4	1	380	819	1191401	1190961	0	785	GCA_036942975.1_ASM3694297v1_genomic
AT1G11270	CP138186.1	98.866	441	4	1	4896	5335	1195916	1195476	0	785	GCA_036942975.1_ASM3694297v1_genomic
AT1G11270	CP138186.1	98.214	448	7	1	4888	5335	7667198	7667644	0	782	GCA_036942975.1_ASM3694297v1_genomic
AT1G11270	CP138186.1	98.636	440	5	1	380	819	7667206	7667644	0	778	GCA_036942975.1_ASM3694297v1_genomic
AT1G11270	CP138186.1	98.409	440	7	0	380	819	7674372	7674811	0	774	GCA_036942975.1_ASM3694297v1_genomic
AT1G11270	CP138186.1	97.118	451	2	1	4896	5335	25191201	25191651	0	750	GCA_036942975.1_ASM3694297v1_genomic
AT1G11270	CP138186.1	97.118	451	2	1	380	819	25195728	25196178	0	750	GCA_036942975.1_ASM3694297v1_genomic
AT1G11270	CP138186.1	97.052	441	13	0	4895	5335	7669854	7670294	0	743	GCA_036942975.1_ASM3694297v1_genomic
AT1G11270	CP138186.1	99.504	403	2	0	6312	6714	3774894	3775296	0	734	GCA_036942975.1_ASM3694297v1_genomic
AT1G11270	CP138186.1	99.475	381	2	0	1	381	3773510	3773890	0	693	GCA_036942975.1_ASM3694297v1_genomic
AT1G11270	CP138186.1	98.667	375	3	2	379	752	31945785	31945412	0	664	GCA_036942975.1_ASM3694297v1_genomic
AT1G11270	CP138186.1	98.663	374	3	2	4896	5268	31945784	31945412	0	662	GCA_036942975.1_ASM3694297v1_genomic
AT1G11270	CP138186.1	90.149	335	24	3	1	326	12876995	12877329	1.53e-117	427	GCA_036942975.1_ASM3694297v1_genomic
AT1G11270	CP138186.1	91.144	271	14	4	552	820	19011117	19011379	5.64e-97	359	GCA_036942975.1_ASM3694297v1_genomic
AT1G11270	CP138186.1	91.386	267	14	3	5068	5333	19011117	19011375	2.03e-96	357	GCA_036942975.1_ASM3694297v1_genomic
AT1G11270	CP138186.1	98.75	160	2	0	5176	5335	31945413	31945254	9.72e-75	285	GCA_036942975.1_ASM3694297v1_genomic
AT1G11270	CP138186.1	92.063	189	14	1	376	564	19010586	19010773	1.27e-68	265	GCA_036942975.1_ASM3694297v1_genomic
AT1G11270	CP138186.1	92.432	185	13	1	4896	5080	19010590	19010773	4.55e-68	263	GCA_036942975.1_ASM3694297v1_genomic
AT1G11270	CP138186.1	85.946	185	17	5	6360	6544	12878495	12878670	7.84e-46	189	GCA_036942975.1_ASM3694297v1_genomic
AT1G11270	CP138186.1	100	31	0	0	412	442	31941118	31941148	2.31e-06	58.4	GCA_036942975.1_ASM3694297v1_genomic
AT1G11270	CP138186.1	100	31	0	0	4928	4958	31941118	31941148	2.31e-06	58.4	GCA_036942975.1_ASM3694297v1_genomic
AT1G11270	CP138186.1	100	31	0	0	412	442	31945722	31945752	2.31e-06	58.4	GCA_036942975.1_ASM3694297v1_genomic
AT1G11270	CP138186.1	100	31	0	0	4928	4958	31945722	31945752	2.31e-06	58.4	GCA_036942975.1_ASM3694297v1_genomic
AT1G11270	CP138188.1	99.455	4956	27	0	380	5335	19070069	19075024	0	9003	GCA_036942975.1_ASM3694297v1_genomic
AT1G11270	CP138188.1	99.415	4958	25	4	380	5335	21769159	21774114	0	8992	GCA_036942975.1_ASM3694297v1_genomic
AT1G11270	CP138188.1	99.395	4958	27	3	380	5335	9249797	9244841	0	8986	GCA_036942975.1_ASM3694297v1_genomic
AT1G11270	CP138188.1	99.214	4961	32	5	380	5335	7358119	7363077	0	8938	GCA_036942975.1_ASM3694297v1_genomic
AT1G11270	CP138188.1	99.113	4963	30	11	380	5335	18417891	18412936	0	8909	GCA_036942975.1_ASM3694297v1_genomic
AT1G11270	CP138188.1	99.032	4960	24	8	380	5336	24081352	24076414	0	8872	GCA_036942975.1_ASM3694297v1_genomic
AT1G11270	CP138188.1	98.688	4956	43	2	380	5335	23758341	23753408	0	8772	GCA_036942975.1_ASM3694297v1_genomic
AT1G11270	CP138188.1	99.384	4380	26	1	956	5335	5840826	5836448	0	7938	GCA_036942975.1_ASM3694297v1_genomic
AT1G11270	CP138188.1	99.508	610	3	0	380	989	5841435	5840826	0	1110	GCA_036942975.1_ASM3694297v1_genomic
AT1G11270	CP138188.1	99.773	440	1	0	380	819	5836887	5836448	0	808	GCA_036942975.1_ASM3694297v1_genomic
AT1G11270	CP138188.1	99.773	440	1	0	4896	5335	5841435	5840996	0	808	GCA_036942975.1_ASM3694297v1_genomic
AT1G11270	CP138188.1	99.101	445	3	1	4892	5335	21769155	21769599	0	798	GCA_036942975.1_ASM3694297v1_genomic
AT1G11270	CP138188.1	99.095	442	4	0	380	821	19074585	19075026	0	795	GCA_036942975.1_ASM3694297v1_genomic
AT1G11270	CP138188.1	99.095	442	3	1	380	820	21773674	21774115	0	793	GCA_036942975.1_ASM3694297v1_genomic
AT1G11270	CP138188.1	99.091	440	4	0	4896	5335	19070069	19070508	0	791	GCA_036942975.1_ASM3694297v1_genomic
AT1G11270	CP138188.1	99.091	440	3	1	4896	5335	7358119	7358557	0	789	GCA_036942975.1_ASM3694297v1_genomic
AT1G11270	CP138188.1	98.649	444	5	1	380	822	9245281	9244838	0	785	GCA_036942975.1_ASM3694297v1_genomic
AT1G11270	CP138188.1	98.643	442	5	1	380	820	7362637	7363078	0	782	GCA_036942975.1_ASM3694297v1_genomic
AT1G11270	CP138188.1	98.423	444	4	2	4895	5335	18417892	18417449	0	778	GCA_036942975.1_ASM3694297v1_genomic
AT1G11270	CP138188.1	98.42	443	4	2	380	819	18413378	18412936	0	776	GCA_036942975.1_ASM3694297v1_genomic
AT1G11270	CP138188.1	98.413	441	6	1	4896	5335	9249797	9249357	0	774	GCA_036942975.1_ASM3694297v1_genomic
AT1G11270	CP138188.1	97.059	442	3	2	4895	5335	24081353	24080921	0	736	GCA_036942975.1_ASM3694297v1_genomic
AT1G11270	CP138188.1	97.052	441	3	2	380	819	24076846	24076415	0	734	GCA_036942975.1_ASM3694297v1_genomic
AT1G11270	CP138188.1	96.825	441	3	1	380	820	23753836	23753407	0	726	GCA_036942975.1_ASM3694297v1_genomic
AT1G11270	CP138188.1	96.591	440	4	1	4896	5335	23758341	23757913	0	719	GCA_036942975.1_ASM3694297v1_genomic
AT1G11270	CP138187.1	99.435	4958	27	1	379	5336	503172	498216	0	8999	GCA_036942975.1_ASM3694297v1_genomic
AT1G11270	CP138187.1	99.415	4956	28	1	380	5335	14252036	14256990	0	8990	GCA_036942975.1_ASM3694297v1_genomic
AT1G11270	CP138187.1	99.335	4961	21	12	380	5337	7288306	7293257	0	8968	GCA_036942975.1_ASM3694297v1_genomic
AT1G11270	CP138187.1	99.334	4954	28	5	382	5335	1922806	1917858	0	8961	GCA_036942975.1_ASM3694297v1_genomic
AT1G11270	CP138187.1	99.193	4958	32	7	380	5335	19993521	19988570	0	8927	GCA_036942975.1_ASM3694297v1_genomic
AT1G11270	CP138187.1	99.624	3191	9	3	2146	5335	15519215	15516027	0	5823	GCA_036942975.1_ASM3694297v1_genomic
AT1G11270	CP138187.1	99.282	557	4	0	611	1167	15519753	15519197	0	1007	GCA_036942975.1_ASM3694297v1_genomic
AT1G11270	CP138187.1	83.348	1105	156	15	3452	4552	2752985	2754065	0	996	GCA_036942975.1_ASM3694297v1_genomic
AT1G11270	CP138187.1	99.545	440	2	0	4896	5335	503171	502732	0	802	GCA_036942975.1_ASM3694297v1_genomic
AT1G11270	CP138187.1	99.321	442	3	0	380	821	14256551	14256992	0	800	GCA_036942975.1_ASM3694297v1_genomic
AT1G11270	CP138187.1	99.321	442	1	2	4895	5335	7288305	7288745	0	798	GCA_036942975.1_ASM3694297v1_genomic
AT1G11270	CP138187.1	99.318	440	3	0	380	819	498656	498217	0	797	GCA_036942975.1_ASM3694297v1_genomic
AT1G11270	CP138187.1	99.32	441	1	2	380	819	7292816	7293255	0	797	GCA_036942975.1_ASM3694297v1_genomic
AT1G11270	CP138187.1	99.32	441	1	2	380	819	15516466	15516027	0	797	GCA_036942975.1_ASM3694297v1_genomic
AT1G11270	CP138187.1	99.095	442	3	1	4895	5335	19993522	19993081	0	793	GCA_036942975.1_ASM3694297v1_genomic
AT1G11270	CP138187.1	99.315	438	2	1	382	819	1918294	1917858	0	791	GCA_036942975.1_ASM3694297v1_genomic
AT1G11270	CP138187.1	99.315	438	2	1	4898	5335	1922806	1922370	0	791	GCA_036942975.1_ASM3694297v1_genomic
AT1G11270	CP138187.1	99.091	440	4	0	4896	5335	14252036	14252475	0	791	GCA_036942975.1_ASM3694297v1_genomic
AT1G11270	CP138187.1	99.093	441	3	1	380	819	19989010	19988570	0	791	GCA_036942975.1_ASM3694297v1_genomic
AT1G11270	CP138187.1	84.521	491	63	8	4623	5104	2754080	2754566	1.93e-131	473	GCA_036942975.1_ASM3694297v1_genomic
AT1G11270	CP138187.1	99.522	209	1	0	5127	5335	15519753	15519545	1.2e-103	381	GCA_036942975.1_ASM3694297v1_genomic
AT1G11270	CP138187.1	88.318	214	18	6	380	588	2754355	2754566	3.54e-64	250	GCA_036942975.1_ASM3694297v1_genomic
AT1G11270	CP138187.1	100	31	0	0	4928	4958	7288368	7288338	2.31e-06	58.4	GCA_036942975.1_ASM3694297v1_genomic
AT1G11270	CP138187.1	100	31	0	0	412	442	7288368	7288338	2.31e-06	58.4	GCA_036942975.1_ASM3694297v1_genomic
AT1G11270	CP138187.1	100	31	0	0	4928	4958	7292878	7292848	2.31e-06	58.4	GCA_036942975.1_ASM3694297v1_genomic
AT1G11270	CP138187.1	100	31	0	0	412	442	7292878	7292848	2.31e-06	58.4	GCA_036942975.1_ASM3694297v1_genomic
AT1G11270	CP138187.1	100	31	0	0	412	442	15516404	15516434	2.31e-06	58.4	GCA_036942975.1_ASM3694297v1_genomic
AT1G11270	CP138187.1	100	31	0	0	4928	4958	15516404	15516434	2.31e-06	58.4	GCA_036942975.1_ASM3694297v1_genomic
AT1G11270	CP138189.1	99.234	4960	34	2	380	5335	8892182	8897141	0	8946	GCA_036942975.1_ASM3694297v1_genomic
AT1G11270	CP138189.1	99.153	4960	30	12	380	5335	7600909	7595958	0	8916	GCA_036942975.1_ASM3694297v1_genomic
AT1G11270	CP138189.1	98.652	445	5	1	376	819	1772445	1772889	0	787	GCA_036942975.1_ASM3694297v1_genomic
AT1G11270	CP138189.1	98.649	444	5	1	4896	5339	1772450	1772892	0	785	GCA_036942975.1_ASM3694297v1_genomic
AT1G11270	CP138189.1	98.869	442	2	3	380	819	7596398	7595958	0	785	GCA_036942975.1_ASM3694297v1_genomic
AT1G11270	CP138189.1	98.869	442	2	3	4896	5335	7600909	7600469	0	785	GCA_036942975.1_ASM3694297v1_genomic
AT1G11270	CP138189.1	98.649	444	4	1	380	821	8896700	8897143	0	785	GCA_036942975.1_ASM3694297v1_genomic
AT1G11270	CP138189.1	98.416	442	5	1	4896	5335	8892182	8892623	0	776	GCA_036942975.1_ASM3694297v1_genomic
AT1G11270	CP138189.1	100	31	0	0	412	442	7596336	7596366	2.31e-06	58.4	GCA_036942975.1_ASM3694297v1_genomic
AT1G11270	CP138189.1	100	31	0	0	4928	4958	7596336	7596366	2.31e-06	58.4	GCA_036942975.1_ASM3694297v1_genomic
AT1G11270	CP138189.1	100	31	0	0	412	442	7600847	7600877	2.31e-06	58.4	GCA_036942975.1_ASM3694297v1_genomic
AT1G11270	CP138189.1	100	31	0	0	4928	4958	7600847	7600877	2.31e-06	58.4	GCA_036942975.1_ASM3694297v1_genomic
AT1G11270	OX291433.1	99.354	4957	32	0	379	5335	22021308	22026264	0	8977	GCA_946402385.1_AUZE-A-5.PacbioHiFiAssembly_genomic
AT1G11270	OX291433.1	99.318	440	3	0	4896	5335	22021309	22021748	0	797	GCA_946402385.1_AUZE-A-5.PacbioHiFiAssembly_genomic
AT1G11270	OX291433.1	98.864	440	5	0	380	819	22025825	22026264	0	785	GCA_946402385.1_AUZE-A-5.PacbioHiFiAssembly_genomic
AT1G11270	OX291432.1	99.294	4957	31	3	382	5335	9436437	9431482	0	8957	GCA_946402385.1_AUZE-A-5.PacbioHiFiAssembly_genomic
AT1G11270	OX291432.1	99.087	438	3	1	382	819	9431918	9431482	0	785	GCA_946402385.1_AUZE-A-5.PacbioHiFiAssembly_genomic
AT1G11270	OX291432.1	98.858	438	4	1	4898	5335	9436437	9436001	0	780	GCA_946402385.1_AUZE-A-5.PacbioHiFiAssembly_genomic
AT1G11270	OX291431.1	99.092	4956	23	2	380	5335	10584004	10579071	0	8883	GCA_946402385.1_AUZE-A-5.PacbioHiFiAssembly_genomic
AT1G11270	OX291431.1	99.324	444	2	1	380	822	10579510	10579067	0	802	GCA_946402385.1_AUZE-A-5.PacbioHiFiAssembly_genomic
AT1G11270	OX291431.1	99.545	440	1	1	4896	5335	10584004	10583566	0	800	GCA_946402385.1_AUZE-A-5.PacbioHiFiAssembly_genomic
AT1G11270	OX291431.1	98.438	448	7	0	4896	5343	10642552	10642105	0	789	GCA_946402385.1_AUZE-A-5.PacbioHiFiAssembly_genomic
AT1G11270	OX291431.1	98.652	445	6	0	376	820	10642556	10642112	0	789	GCA_946402385.1_AUZE-A-5.PacbioHiFiAssembly_genomic
AT1G11270	OX291429.1	99.555	3148	14	0	2188	5335	23450595	23453742	0	5736	GCA_946402385.1_AUZE-A-5.PacbioHiFiAssembly_genomic
AT1G11270	OX291429.1	99.774	1772	4	0	378	2149	23448827	23450598	0	3251	GCA_946402385.1_AUZE-A-5.PacbioHiFiAssembly_genomic
AT1G11270	OX291429.1	98.734	948	11	1	5336	6283	3774464	3775410	0	1683	GCA_946402385.1_AUZE-A-5.PacbioHiFiAssembly_genomic
AT1G11270	OX291429.1	93.671	948	60	0	5336	6283	12779749	12780696	0	1419	GCA_946402385.1_AUZE-A-5.PacbioHiFiAssembly_genomic
AT1G11270	OX291429.1	99.773	440	1	0	4896	5335	23448829	23449268	0	808	GCA_946402385.1_AUZE-A-5.PacbioHiFiAssembly_genomic
AT1G11270	OX291429.1	99.773	440	1	0	380	819	23453303	23453742	0	808	GCA_946402385.1_AUZE-A-5.PacbioHiFiAssembly_genomic
AT1G11270	OX291429.1	99.213	381	3	0	1	381	3774090	3774470	0	688	GCA_946402385.1_AUZE-A-5.PacbioHiFiAssembly_genomic
AT1G11270	OX291429.1	90.149	335	24	3	1	326	12779387	12779721	1.6e-117	427	GCA_946402385.1_AUZE-A-5.PacbioHiFiAssembly_genomic
AT1G11270	OX291429.1	90.037	271	17	4	552	820	18946427	18946689	5.98e-92	342	GCA_946402385.1_AUZE-A-5.PacbioHiFiAssembly_genomic
AT1G11270	OX291429.1	90.262	267	17	3	5068	5333	18946427	18946685	2.15e-91	340	GCA_946402385.1_AUZE-A-5.PacbioHiFiAssembly_genomic
AT1G11270	OX291429.1	92.063	189	14	1	376	564	18945896	18946083	1.33e-68	265	GCA_946402385.1_AUZE-A-5.PacbioHiFiAssembly_genomic
AT1G11270	OX291429.1	92.432	185	13	1	4896	5080	18945900	18946083	4.79e-68	263	GCA_946402385.1_AUZE-A-5.PacbioHiFiAssembly_genomic
AT1G11270	OX291429.1	87.568	185	14	5	6360	6544	3775594	3775769	8.19e-51	206	GCA_946402385.1_AUZE-A-5.PacbioHiFiAssembly_genomic
AT1G11270	OX291429.1	86.486	185	16	5	6360	6544	12780887	12781062	1.77e-47	195	GCA_946402385.1_AUZE-A-5.PacbioHiFiAssembly_genomic
AT1G11270	OX291430.1	82.986	1105	160	15	3452	4552	3818196	3819276	0	974	GCA_946402385.1_AUZE-A-5.PacbioHiFiAssembly_genomic
AT1G11270	OX291430.1	85.596	361	48	4	1879	2237	16831909	16831551	5.9e-102	375	GCA_946402385.1_AUZE-A-5.PacbioHiFiAssembly_genomic
AT1G11270	OX291440.1	99.597	4964	20	0	375	5338	6908467	6903504	0	9057	GCA_946403025.1_FERR-A-8.PacbioHiFiAssembly_genomic
AT1G11270	OX291440.1	99.173	4960	21	8	380	5335	3187216	3192159	0	8914	GCA_946403025.1_FERR-A-8.PacbioHiFiAssembly_genomic
AT1G11270	OX291440.1	99.773	440	1	0	380	819	6903946	6903507	0	808	GCA_946403025.1_FERR-A-8.PacbioHiFiAssembly_genomic
AT1G11270	OX291440.1	99.773	440	1	0	4896	5335	6908462	6908023	0	808	GCA_946403025.1_FERR-A-8.PacbioHiFiAssembly_genomic
AT1G11270	OX291440.1	97.523	444	1	4	380	821	3191726	3192161	0	750	GCA_946403025.1_FERR-A-8.PacbioHiFiAssembly_genomic
AT1G11270	OX291440.1	97.511	442	1	4	4896	5335	3187216	3187649	0	747	GCA_946403025.1_FERR-A-8.PacbioHiFiAssembly_genomic
AT1G11270	OX291440.1	100	31	0	0	4928	4958	3187278	3187248	2.49e-06	58.4	GCA_946403025.1_FERR-A-8.PacbioHiFiAssembly_genomic
AT1G11270	OX291440.1	100	31	0	0	412	442	3187278	3187248	2.49e-06	58.4	GCA_946403025.1_FERR-A-8.PacbioHiFiAssembly_genomic
AT1G11270	OX291440.1	100	31	0	0	4928	4958	3191788	3191758	2.49e-06	58.4	GCA_946403025.1_FERR-A-8.PacbioHiFiAssembly_genomic
AT1G11270	OX291440.1	100	31	0	0	412	442	3191788	3191758	2.49e-06	58.4	GCA_946403025.1_FERR-A-8.PacbioHiFiAssembly_genomic
AT1G11270	OX291439.1	99.475	4957	25	1	380	5335	17034761	17029805	0	9009	GCA_946403025.1_FERR-A-8.PacbioHiFiAssembly_genomic
AT1G11270	OX291439.1	99.252	4810	35	1	526	5335	14513877	14518685	0	8682	GCA_946403025.1_FERR-A-8.PacbioHiFiAssembly_genomic
AT1G11270	OX291439.1	100	441	0	0	4895	5335	17034762	17034322	0	815	GCA_946403025.1_FERR-A-8.PacbioHiFiAssembly_genomic
AT1G11270	OX291439.1	99.326	445	3	0	380	824	17030244	17029800	0	806	GCA_946403025.1_FERR-A-8.PacbioHiFiAssembly_genomic
AT1G11270	OX291439.1	99.091	440	4	0	380	819	14518246	14518685	0	791	GCA_946403025.1_FERR-A-8.PacbioHiFiAssembly_genomic
AT1G11270	OX291439.1	99.315	292	2	0	5042	5333	14513877	14514168	4.38e-148	529	GCA_946403025.1_FERR-A-8.PacbioHiFiAssembly_genomic
AT1G11270	OX291439.1	98.425	127	1	1	4895	5020	14513771	14513897	8.33e-56	222	GCA_946403025.1_FERR-A-8.PacbioHiFiAssembly_genomic
AT1G11270	OX291439.1	98.413	126	1	1	380	504	14513772	14513897	3e-55	220	GCA_946403025.1_FERR-A-8.PacbioHiFiAssembly_genomic
AT1G11270	OX291438.1	97.501	4961	93	7	380	5336	13022796	13027729	0	8445	GCA_946403025.1_FERR-A-8.PacbioHiFiAssembly_genomic
AT1G11270	OX291438.1	97.955	440	9	0	4896	5335	13022796	13023235	0	763	GCA_946403025.1_FERR-A-8.PacbioHiFiAssembly_genomic
AT1G11270	OX291438.1	97.052	441	12	1	380	819	13027288	13027728	0	741	GCA_946403025.1_FERR-A-8.PacbioHiFiAssembly_genomic
AT1G11270	OX291436.1	99.118	2835	25	0	2501	5335	7640250	7643084	0	5097	GCA_946403025.1_FERR-A-8.PacbioHiFiAssembly_genomic
AT1G11270	OX291436.1	98.776	2124	26	0	380	2503	7637893	7640016	0	3779	GCA_946403025.1_FERR-A-8.PacbioHiFiAssembly_genomic
AT1G11270	OX291436.1	99.855	1381	0	1	5336	6714	3774107	3775487	0	2538	GCA_946403025.1_FERR-A-8.PacbioHiFiAssembly_genomic
AT1G11270	OX291436.1	98.438	448	6	1	4888	5335	7635236	7635682	0	787	GCA_946403025.1_FERR-A-8.PacbioHiFiAssembly_genomic
AT1G11270	OX291436.1	98.864	440	5	0	380	819	7642645	7643084	0	785	GCA_946403025.1_FERR-A-8.PacbioHiFiAssembly_genomic
AT1G11270	OX291436.1	98.864	440	4	1	380	819	7635244	7635682	0	784	GCA_946403025.1_FERR-A-8.PacbioHiFiAssembly_genomic
AT1G11270	OX291436.1	97.506	441	11	0	4895	5335	7637892	7638332	0	754	GCA_946403025.1_FERR-A-8.PacbioHiFiAssembly_genomic
AT1G11270	OX291436.1	98.95	381	4	0	1	381	3773733	3774113	0	682	GCA_946403025.1_FERR-A-8.PacbioHiFiAssembly_genomic
AT1G11270	OX291436.1	91.144	271	14	4	552	820	19174784	19175046	6.09e-97	359	GCA_946403025.1_FERR-A-8.PacbioHiFiAssembly_genomic
AT1G11270	OX291436.1	91.386	267	14	3	5068	5333	19174784	19175042	2.19e-96	357	GCA_946403025.1_FERR-A-8.PacbioHiFiAssembly_genomic
AT1G11270	OX291436.1	92.593	189	13	1	376	564	19174250	19174437	2.93e-70	270	GCA_946403025.1_FERR-A-8.PacbioHiFiAssembly_genomic
AT1G11270	OX291436.1	92.973	185	12	1	4896	5080	19174254	19174437	1.05e-69	268	GCA_946403025.1_FERR-A-8.PacbioHiFiAssembly_genomic
AT1G11270	OX291437.1	82.986	1105	160	15	3452	4552	3082512	3083592	0	974	GCA_946403025.1_FERR-A-8.PacbioHiFiAssembly_genomic
AT1G11270	OX291437.1	85.873	361	47	4	1879	2237	17803851	17803493	1.3e-103	381	GCA_946403025.1_FERR-A-8.PacbioHiFiAssembly_genomic
AT1G11270	OX291450.1	99.496	4962	22	3	377	5335	18870894	18875855	0	9022	GCA_946403525.1_BELC-C-10.PacbioHiFiAssembly_genomic
AT1G11270	OX291450.1	99.354	4957	32	0	380	5336	24359741	24354785	0	8977	GCA_946403525.1_BELC-C-10.PacbioHiFiAssembly_genomic
AT1G11270	OX291450.1	98.734	948	11	1	5336	6283	3770350	3771296	0	1683	GCA_946403525.1_BELC-C-10.PacbioHiFiAssembly_genomic
AT1G11270	OX291450.1	99.549	443	1	1	380	821	18875415	18875857	0	806	GCA_946403525.1_BELC-C-10.PacbioHiFiAssembly_genomic
AT1G11270	OX291450.1	99.32	441	2	1	4896	5335	18870898	18871338	0	797	GCA_946403525.1_BELC-C-10.PacbioHiFiAssembly_genomic
AT1G11270	OX291450.1	98.864	440	5	0	380	819	24355225	24354786	0	785	GCA_946403525.1_BELC-C-10.PacbioHiFiAssembly_genomic
AT1G11270	OX291450.1	98.413	441	7	0	4895	5335	24359742	24359302	0	776	GCA_946403525.1_BELC-C-10.PacbioHiFiAssembly_genomic
AT1G11270	OX291450.1	99.213	381	3	0	1	381	3769976	3770356	0	688	GCA_946403525.1_BELC-C-10.PacbioHiFiAssembly_genomic
AT1G11270	OX291450.1	90.406	271	15	5	552	820	18686145	18686406	4.64e-93	346	GCA_946403525.1_BELC-C-10.PacbioHiFiAssembly_genomic
AT1G11270	OX291450.1	90.637	267	15	4	5068	5333	18686145	18686402	4.64e-93	346	GCA_946403525.1_BELC-C-10.PacbioHiFiAssembly_genomic
AT1G11270	OX291450.1	92.593	189	13	1	376	564	18685618	18685805	2.87e-70	270	GCA_946403525.1_BELC-C-10.PacbioHiFiAssembly_genomic
AT1G11270	OX291450.1	92.973	185	12	1	4896	5080	18685622	18685805	1.03e-69	268	GCA_946403525.1_BELC-C-10.PacbioHiFiAssembly_genomic
AT1G11270	OX291450.1	87.568	185	14	5	6360	6544	3771480	3771655	8.21e-51	206	GCA_946403525.1_BELC-C-10.PacbioHiFiAssembly_genomic
AT1G11270	OX291453.1	98.567	4814	36	3	526	5333	14645001	14649787	0	8477	GCA_946403525.1_BELC-C-10.PacbioHiFiAssembly_genomic
AT1G11270	OX291453.1	99.085	437	4	0	381	817	14649351	14649787	0	785	GCA_946403525.1_BELC-C-10.PacbioHiFiAssembly_genomic
AT1G11270	OX291453.1	98.639	294	4	0	5042	5335	14645001	14645294	7.18e-146	521	GCA_946403525.1_BELC-C-10.PacbioHiFiAssembly_genomic
AT1G11270	OX291453.1	97.638	127	2	1	4895	5020	14644895	14645021	3.79e-54	217	GCA_946403525.1_BELC-C-10.PacbioHiFiAssembly_genomic
AT1G11270	OX291453.1	97.619	126	2	1	380	504	14644896	14645021	1.36e-53	215	GCA_946403525.1_BELC-C-10.PacbioHiFiAssembly_genomic
AT1G11270	OX291451.1	99.206	4409	35	0	380	4788	10421434	10425842	0	7949	GCA_946403525.1_BELC-C-10.PacbioHiFiAssembly_genomic
AT1G11270	OX291451.1	83.363	1106	154	17	3452	4552	2822000	2823080	0	996	GCA_946403525.1_BELC-C-10.PacbioHiFiAssembly_genomic
AT1G11270	OX291451.1	98.182	440	8	0	4896	5335	10421434	10421873	0	769	GCA_946403525.1_BELC-C-10.PacbioHiFiAssembly_genomic
AT1G11270	OX291451.1	97.959	441	9	0	4895	5335	10425840	10426280	0	765	GCA_946403525.1_BELC-C-10.PacbioHiFiAssembly_genomic
AT1G11270	OX291451.1	97.955	440	9	0	380	819	10425841	10426280	0	763	GCA_946403525.1_BELC-C-10.PacbioHiFiAssembly_genomic
AT1G11270	OX291451.1	84.318	491	64	8	4623	5104	2823095	2823581	9.48e-130	468	GCA_946403525.1_BELC-C-10.PacbioHiFiAssembly_genomic
AT1G11270	OX291451.1	85.873	361	47	4	1879	2237	17265629	17265271	1.27e-103	381	GCA_946403525.1_BELC-C-10.PacbioHiFiAssembly_genomic
AT1G11270	OX291451.1	87.85	214	19	6	380	588	2823370	2823581	1.74e-62	244	GCA_946403525.1_BELC-C-10.PacbioHiFiAssembly_genomic
AT1G11270	OX291452.1	92.038	1369	96	8	3159	4526	17046872	17045516	0	1912	GCA_946403525.1_BELC-C-10.PacbioHiFiAssembly_genomic
AT1G11270	OX291452.1	93.604	813	51	1	4523	5335	17045353	17044542	0	1212	GCA_946403525.1_BELC-C-10.PacbioHiFiAssembly_genomic
AT1G11270	OX291452.1	94.218	761	32	7	380	1139	17044980	17044231	0	1151	GCA_946403525.1_BELC-C-10.PacbioHiFiAssembly_genomic
AT1G11270	OX291455.1	99.556	4956	22	0	380	5335	5362256	5357301	0	9031	GCA_946404075.1_ANGE-B-10.PacbioHiFiAssembly_genomic
AT1G11270	OX291455.1	98.734	948	11	1	5336	6283	3777262	3778208	0	1683	GCA_946404075.1_ANGE-B-10.PacbioHiFiAssembly_genomic
AT1G11270	OX291455.1	99.773	441	1	0	380	820	5357740	5357300	0	809	GCA_946404075.1_ANGE-B-10.PacbioHiFiAssembly_genomic
AT1G11270	OX291455.1	99.773	440	1	0	4896	5335	5362256	5361817	0	808	GCA_946404075.1_ANGE-B-10.PacbioHiFiAssembly_genomic
AT1G11270	OX291455.1	99.213	381	3	0	1	381	3776888	3777268	0	688	GCA_946404075.1_ANGE-B-10.PacbioHiFiAssembly_genomic
AT1G11270	OX291455.1	91.144	271	14	4	552	820	19819663	19819925	6.03e-97	359	GCA_946404075.1_ANGE-B-10.PacbioHiFiAssembly_genomic
AT1G11270	OX291455.1	91.386	267	14	3	5068	5333	19819663	19819921	2.17e-96	357	GCA_946404075.1_ANGE-B-10.PacbioHiFiAssembly_genomic
AT1G11270	OX291455.1	92.593	189	13	1	376	564	19819129	19819316	2.91e-70	270	GCA_946404075.1_ANGE-B-10.PacbioHiFiAssembly_genomic
AT1G11270	OX291455.1	92.973	185	12	1	4896	5080	19819133	19819316	1.05e-69	268	GCA_946404075.1_ANGE-B-10.PacbioHiFiAssembly_genomic
AT1G11270	OX291455.1	87.568	185	14	5	6360	6544	3778392	3778567	8.31e-51	206	GCA_946404075.1_ANGE-B-10.PacbioHiFiAssembly_genomic
AT1G11270	OX291458.1	99.395	4955	29	1	380	5333	16216032	16211078	0	8983	GCA_946404075.1_ANGE-B-10.PacbioHiFiAssembly_genomic
AT1G11270	OX291458.1	99.546	441	2	0	4895	5335	16216033	16215593	0	804	GCA_946404075.1_ANGE-B-10.PacbioHiFiAssembly_genomic
AT1G11270	OX291458.1	99.087	438	4	0	380	817	16211515	16211078	0	787	GCA_946404075.1_ANGE-B-10.PacbioHiFiAssembly_genomic
AT1G11270	OX291459.1	99.315	4960	34	0	380	5339	614344	609385	0	8972	GCA_946404075.1_ANGE-B-10.PacbioHiFiAssembly_genomic
AT1G11270	OX291459.1	99.173	4960	21	8	380	5335	3219938	3224881	0	8914	GCA_946404075.1_ANGE-B-10.PacbioHiFiAssembly_genomic
AT1G11270	OX291459.1	99.031	4956	48	0	380	5335	27919306	27924261	0	8887	GCA_946404075.1_ANGE-B-10.PacbioHiFiAssembly_genomic
AT1G11270	OX291459.1	99.545	440	2	0	380	819	609828	609389	0	802	GCA_946404075.1_ANGE-B-10.PacbioHiFiAssembly_genomic
AT1G11270	OX291459.1	98.864	440	5	0	4896	5335	614344	613905	0	785	GCA_946404075.1_ANGE-B-10.PacbioHiFiAssembly_genomic
AT1G11270	OX291459.1	97.738	442	10	0	380	821	27923822	27924263	0	761	GCA_946404075.1_ANGE-B-10.PacbioHiFiAssembly_genomic
AT1G11270	OX291459.1	97.727	440	10	0	4896	5335	27919306	27919745	0	758	GCA_946404075.1_ANGE-B-10.PacbioHiFiAssembly_genomic
AT1G11270	OX291459.1	97.523	444	1	4	380	821	3224448	3224883	0	750	GCA_946404075.1_ANGE-B-10.PacbioHiFiAssembly_genomic
AT1G11270	OX291459.1	97.511	442	1	4	4896	5335	3219938	3220371	0	747	GCA_946404075.1_ANGE-B-10.PacbioHiFiAssembly_genomic
AT1G11270	OX291459.1	100	31	0	0	4928	4958	3220000	3219970	2.46e-06	58.4	GCA_946404075.1_ANGE-B-10.PacbioHiFiAssembly_genomic
AT1G11270	OX291459.1	100	31	0	0	412	442	3220000	3219970	2.46e-06	58.4	GCA_946404075.1_ANGE-B-10.PacbioHiFiAssembly_genomic
AT1G11270	OX291459.1	100	31	0	0	4928	4958	3224510	3224480	2.46e-06	58.4	GCA_946404075.1_ANGE-B-10.PacbioHiFiAssembly_genomic
AT1G11270	OX291459.1	100	31	0	0	412	442	3224510	3224480	2.46e-06	58.4	GCA_946404075.1_ANGE-B-10.PacbioHiFiAssembly_genomic
AT1G11270	OX291456.1	99.031	4956	48	0	380	5335	11080495	11085450	0	8887	GCA_946404075.1_ANGE-B-10.PacbioHiFiAssembly_genomic
AT1G11270	OX291456.1	82.986	1105	160	15	3452	4552	3129783	3130863	0	974	GCA_946404075.1_ANGE-B-10.PacbioHiFiAssembly_genomic
AT1G11270	OX291456.1	97.955	440	9	0	380	819	11085011	11085450	0	763	GCA_946404075.1_ANGE-B-10.PacbioHiFiAssembly_genomic
AT1G11270	OX291456.1	97.727	440	10	0	4896	5335	11080495	11080934	0	758	GCA_946404075.1_ANGE-B-10.PacbioHiFiAssembly_genomic
AT1G11270	OX291456.1	85.873	361	47	4	1879	2237	17863984	17863626	1.29e-103	381	GCA_946404075.1_ANGE-B-10.PacbioHiFiAssembly_genomic
AT1G11270	OX291457.1	97.4	4961	96	8	380	5336	12953642	12958573	0	8416	GCA_946404075.1_ANGE-B-10.PacbioHiFiAssembly_genomic
AT1G11270	OX291457.1	98.182	440	8	0	4896	5335	12953642	12954081	0	769	GCA_946404075.1_ANGE-B-10.PacbioHiFiAssembly_genomic
AT1G11270	OX291457.1	97.5	440	11	0	380	819	12958133	12958572	0	752	GCA_946404075.1_ANGE-B-10.PacbioHiFiAssembly_genomic
AT1G11270	OX291463.1	99.516	4956	24	0	380	5335	20303422	20308377	0	9020	GCA_946404385.1_BARA-C-5.PacbioHiFiAssembly_genomic
AT1G11270	OX291463.1	99.548	442	2	0	380	821	20307938	20308379	0	806	GCA_946404385.1_BARA-C-5.PacbioHiFiAssembly_genomic
AT1G11270	OX291463.1	99.318	440	3	0	4896	5335	20303422	20303861	0	797	GCA_946404385.1_BARA-C-5.PacbioHiFiAssembly_genomic
AT1G11270	OX291460.1	99.475	4956	26	0	380	5335	21213077	21218032	0	9009	GCA_946404385.1_BARA-C-5.PacbioHiFiAssembly_genomic
AT1G11270	OX291460.1	99.118	2835	25	0	2501	5335	7681979	7684813	0	5097	GCA_946404385.1_BARA-C-5.PacbioHiFiAssembly_genomic
AT1G11270	OX291460.1	98.776	2124	26	0	380	2503	7679622	7681745	0	3779	GCA_946404385.1_BARA-C-5.PacbioHiFiAssembly_genomic
AT1G11270	OX291460.1	98.734	948	11	1	5336	6283	3791068	3792014	0	1683	GCA_946404385.1_BARA-C-5.PacbioHiFiAssembly_genomic
AT1G11270	OX291460.1	99.733	748	2	0	380	1127	21217593	21218340	0	1371	GCA_946404385.1_BARA-C-5.PacbioHiFiAssembly_genomic
AT1G11270	OX291460.1	99.545	440	2	0	4896	5335	21213077	21213516	0	802	GCA_946404385.1_BARA-C-5.PacbioHiFiAssembly_genomic
AT1G11270	OX291460.1	98.438	448	6	1	4888	5335	7676965	7677411	0	787	GCA_946404385.1_BARA-C-5.PacbioHiFiAssembly_genomic
AT1G11270	OX291460.1	98.864	440	5	0	380	819	7684374	7684813	0	785	GCA_946404385.1_BARA-C-5.PacbioHiFiAssembly_genomic
AT1G11270	OX291460.1	98.864	440	4	1	380	819	7676973	7677411	0	784	GCA_946404385.1_BARA-C-5.PacbioHiFiAssembly_genomic
AT1G11270	OX291460.1	97.506	441	11	0	4895	5335	7679621	7680061	0	754	GCA_946404385.1_BARA-C-5.PacbioHiFiAssembly_genomic
AT1G11270	OX291460.1	99.213	381	3	0	1	381	3790694	3791074	0	688	GCA_946404385.1_BARA-C-5.PacbioHiFiAssembly_genomic
AT1G11270	OX291460.1	90.406	271	16	4	552	820	20432569	20432831	1.31e-93	348	GCA_946404385.1_BARA-C-5.PacbioHiFiAssembly_genomic
AT1G11270	OX291460.1	90.637	267	16	3	5068	5333	20432569	20432827	4.71e-93	346	GCA_946404385.1_BARA-C-5.PacbioHiFiAssembly_genomic
AT1G11270	OX291460.1	87.568	185	14	5	6360	6544	3792198	3792373	8.34e-51	206	GCA_946404385.1_BARA-C-5.PacbioHiFiAssembly_genomic
AT1G11270	OX291462.1	99.072	4956	46	0	380	5335	6018293	6023248	0	8898	GCA_946404385.1_BARA-C-5.PacbioHiFiAssembly_genomic
AT1G11270	OX291462.1	97.311	4649	85	9	380	5023	13378719	13383332	0	7856	GCA_946404385.1_BARA-C-5.PacbioHiFiAssembly_genomic
AT1G11270	OX291462.1	97.743	443	10	0	4893	5335	6018290	6018732	0	763	GCA_946404385.1_BARA-C-5.PacbioHiFiAssembly_genomic
AT1G11270	OX291462.1	97.955	440	9	0	380	819	6022809	6023248	0	763	GCA_946404385.1_BARA-C-5.PacbioHiFiAssembly_genomic
AT1G11270	OX291462.1	96.136	440	8	2	4896	5335	13378719	13379149	0	710	GCA_946404385.1_BARA-C-5.PacbioHiFiAssembly_genomic
AT1G11270	OX291462.1	94.044	319	13	4	5024	5336	13383284	13383602	4.45e-133	479	GCA_946404385.1_BARA-C-5.PacbioHiFiAssembly_genomic
AT1G11270	OX291462.1	94.025	318	13	4	508	819	13383284	13383601	1.6e-132	477	GCA_946404385.1_BARA-C-5.PacbioHiFiAssembly_genomic
AT1G11270	OX291462.1	96.124	129	4	1	380	507	13383204	13383332	6.45e-52	209	GCA_946404385.1_BARA-C-5.PacbioHiFiAssembly_genomic
AT1G11270	OX291461.1	98.512	4972	59	2	379	5335	1441361	1446332	0	8757	GCA_946404385.1_BARA-C-5.PacbioHiFiAssembly_genomic
AT1G11270	OX291461.1	83.077	1105	159	15	3452	4552	3535668	3536748	0	979	GCA_946404385.1_BARA-C-5.PacbioHiFiAssembly_genomic
AT1G11270	OX291461.1	96.659	449	7	1	380	820	1445885	1446333	0	739	GCA_946404385.1_BARA-C-5.PacbioHiFiAssembly_genomic
AT1G11270	OX291461.1	96.854	445	7	1	4896	5333	1441362	1441806	0	737	GCA_946404385.1_BARA-C-5.PacbioHiFiAssembly_genomic
AT1G11270	OX291461.1	85.873	361	47	4	1879	2237	17986694	17986336	1.29e-103	381	GCA_946404385.1_BARA-C-5.PacbioHiFiAssembly_genomic
AT1G11270	OX291466.1	99.455	4958	24	2	380	5335	13025399	13030355	0	9003	GCA_946404515.1_IP-San-9.PacbioHiFiAssembly_genomic
AT1G11270	OX291466.1	83.167	1105	158	15	3452	4552	3493850	3494930	0	985	GCA_946404515.1_IP-San-9.PacbioHiFiAssembly_genomic
AT1G11270	OX291466.1	83.167	1105	158	15	3452	4552	3511045	3512125	0	985	GCA_946404515.1_IP-San-9.PacbioHiFiAssembly_genomic
AT1G11270	OX291466.1	99.773	440	1	0	4896	5335	13025399	13025838	0	808	GCA_946404515.1_IP-San-9.PacbioHiFiAssembly_genomic
AT1G11270	OX291466.1	99.773	440	1	0	380	819	13029916	13030355	0	808	GCA_946404515.1_IP-San-9.PacbioHiFiAssembly_genomic
AT1G11270	OX291466.1	84.929	491	61	8	4623	5104	3494945	3495431	9.71e-135	484	GCA_946404515.1_IP-San-9.PacbioHiFiAssembly_genomic
AT1G11270	OX291466.1	84.725	491	62	8	4623	5104	3512140	3512626	4.52e-133	479	GCA_946404515.1_IP-San-9.PacbioHiFiAssembly_genomic
AT1G11270	OX291466.1	85.596	361	48	4	1879	2237	18192139	18191781	6.1e-102	375	GCA_946404515.1_IP-San-9.PacbioHiFiAssembly_genomic
AT1G11270	OX291466.1	89.252	214	16	6	380	588	3495220	3495431	1.78e-67	261	GCA_946404515.1_IP-San-9.PacbioHiFiAssembly_genomic
AT1G11270	OX291466.1	89.252	214	16	6	380	588	3512415	3512626	1.78e-67	261	GCA_946404515.1_IP-San-9.PacbioHiFiAssembly_genomic
AT1G11270	OX291469.1	99.314	4958	31	3	380	5335	20624150	20629106	0	8964	GCA_946404515.1_IP-San-9.PacbioHiFiAssembly_genomic
AT1G11270	OX291469.1	99.233	4957	34	4	380	5335	3259314	3264267	0	8940	GCA_946404515.1_IP-San-9.PacbioHiFiAssembly_genomic
AT1G11270	OX291469.1	98.931	4957	53	0	380	5336	7763266	7768222	0	8861	GCA_946404515.1_IP-San-9.PacbioHiFiAssembly_genomic
AT1G11270	OX291469.1	99.546	441	0	2	380	820	3263830	3264268	0	802	GCA_946404515.1_IP-San-9.PacbioHiFiAssembly_genomic
AT1G11270	OX291469.1	98.864	440	4	1	4896	5335	3259314	3259752	0	784	GCA_946404515.1_IP-San-9.PacbioHiFiAssembly_genomic
AT1G11270	OX291469.1	98.643	442	5	1	4895	5335	20624149	20624590	0	782	GCA_946404515.1_IP-San-9.PacbioHiFiAssembly_genomic
AT1G11270	OX291469.1	98.639	441	5	1	380	819	20628666	20629106	0	780	GCA_946404515.1_IP-San-9.PacbioHiFiAssembly_genomic
AT1G11270	OX291469.1	97.727	440	10	0	4896	5335	7763266	7763705	0	758	GCA_946404515.1_IP-San-9.PacbioHiFiAssembly_genomic
AT1G11270	OX291469.1	96.591	440	15	0	380	819	7767782	7768221	0	730	GCA_946404515.1_IP-San-9.PacbioHiFiAssembly_genomic
AT1G11270	OX291467.1	97.298	4960	102	7	380	5336	13155116	13160046	0	8388	GCA_946404515.1_IP-San-9.PacbioHiFiAssembly_genomic
AT1G11270	OX291467.1	99.095	442	4	0	4895	5336	19815135	19815576	0	795	GCA_946404515.1_IP-San-9.PacbioHiFiAssembly_genomic
AT1G11270	OX291467.1	99.091	440	4	0	380	819	19815136	19815575	0	791	GCA_946404515.1_IP-San-9.PacbioHiFiAssembly_genomic
AT1G11270	OX291467.1	97.727	440	10	0	4896	5335	13155116	13155555	0	758	GCA_946404515.1_IP-San-9.PacbioHiFiAssembly_genomic
AT1G11270	OX291467.1	97.5	440	11	0	380	819	13159606	13160045	0	752	GCA_946404515.1_IP-San-9.PacbioHiFiAssembly_genomic
AT1G11270	OX291465.1	100	993	0	0	5336	6328	3806931	3807923	0	1834	GCA_946404515.1_IP-San-9.PacbioHiFiAssembly_genomic
AT1G11270	OX291465.1	99.504	403	2	0	6312	6714	3807939	3808341	0	734	GCA_946404515.1_IP-San-9.PacbioHiFiAssembly_genomic
AT1G11270	OX291465.1	99.213	381	3	0	1	381	3806557	3806937	0	688	GCA_946404515.1_IP-San-9.PacbioHiFiAssembly_genomic
AT1G11270	OX291465.1	90.775	271	15	4	552	820	19534168	19534430	2.86e-95	353	GCA_946404515.1_IP-San-9.PacbioHiFiAssembly_genomic
AT1G11270	OX291465.1	91.011	267	15	3	5068	5333	19534168	19534426	1.03e-94	351	GCA_946404515.1_IP-San-9.PacbioHiFiAssembly_genomic
AT1G11270	OX291465.1	92.466	146	10	1	376	521	19533654	19533798	2.35e-51	207	GCA_946404515.1_IP-San-9.PacbioHiFiAssembly_genomic
AT1G11270	OX291465.1	92.958	142	9	1	4896	5037	19533658	19533798	8.47e-51	206	GCA_946404515.1_IP-San-9.PacbioHiFiAssembly_genomic
AT1G11270	OX291483.1	99.455	4957	27	0	379	5335	25235481	25240437	0	9005	GCA_946404995.1_BANI-C-1.PacbioHiFiAssembly_genomic
AT1G11270	OX291483.1	99.355	4958	29	3	380	5335	1658786	1653830	0	8975	GCA_946404995.1_BANI-C-1.PacbioHiFiAssembly_genomic
AT1G11270	OX291483.1	99.545	440	2	0	4896	5335	25235482	25235921	0	802	GCA_946404995.1_BANI-C-1.PacbioHiFiAssembly_genomic
AT1G11270	OX291483.1	99.318	440	3	0	380	819	25239998	25240437	0	797	GCA_946404995.1_BANI-C-1.PacbioHiFiAssembly_genomic
AT1G11270	OX291483.1	98.866	441	4	1	380	819	1654270	1653830	0	785	GCA_946404995.1_BANI-C-1.PacbioHiFiAssembly_genomic
AT1G11270	OX291483.1	98.639	441	5	1	4896	5335	1658786	1658346	0	780	GCA_946404995.1_BANI-C-1.PacbioHiFiAssembly_genomic
AT1G11270	OX291484.1	99.435	4954	27	1	382	5335	8895666	8890714	0	8992	GCA_946404995.1_BANI-C-1.PacbioHiFiAssembly_genomic
AT1G11270	OX291484.1	98.719	4996	16	3	380	5335	12664800	12669787	0	8828	GCA_946404995.1_BANI-C-1.PacbioHiFiAssembly_genomic
AT1G11270	OX291484.1	99.735	3021	8	0	2317	5337	15085982	15082962	0	5535	GCA_946404995.1_BANI-C-1.PacbioHiFiAssembly_genomic
AT1G11270	OX291484.1	99.56	455	2	0	380	834	15086548	15086094	0	830	GCA_946404995.1_BANI-C-1.PacbioHiFiAssembly_genomic
AT1G11270	OX291484.1	100	440	0	0	380	819	15083403	15082964	0	813	GCA_946404995.1_BANI-C-1.PacbioHiFiAssembly_genomic
AT1G11270	OX291484.1	99.545	440	2	0	4896	5335	15086548	15086109	0	802	GCA_946404995.1_BANI-C-1.PacbioHiFiAssembly_genomic
AT1G11270	OX291484.1	99.087	438	3	1	382	819	8891150	8890714	0	785	GCA_946404995.1_BANI-C-1.PacbioHiFiAssembly_genomic
AT1G11270	OX291484.1	99.087	438	3	1	4898	5335	8895666	8895230	0	785	GCA_946404995.1_BANI-C-1.PacbioHiFiAssembly_genomic
AT1G11270	OX291484.1	95.238	462	2	1	380	821	12669328	12669789	0	713	GCA_946404995.1_BANI-C-1.PacbioHiFiAssembly_genomic
AT1G11270	OX291484.1	93.492	461	2	2	4895	5335	12664799	12665251	0	660	GCA_946404995.1_BANI-C-1.PacbioHiFiAssembly_genomic
AT1G11270	OX291484.1	100	117	0	0	2123	2239	15086094	15085978	3.76e-54	217	GCA_946404995.1_BANI-C-1.PacbioHiFiAssembly_genomic
AT1G11270	OX291485.1	98.85	4957	35	2	379	5335	22152967	22157901	0	8818	GCA_946404995.1_BANI-C-1.PacbioHiFiAssembly_genomic
AT1G11270	OX291485.1	99.318	440	3	0	380	819	22157462	22157901	0	797	GCA_946404995.1_BANI-C-1.PacbioHiFiAssembly_genomic
AT1G11270	OX291485.1	96.136	440	2	1	4896	5335	22152968	22153392	0	704	GCA_946404995.1_BANI-C-1.PacbioHiFiAssembly_genomic
AT1G11270	OX291482.1	98.772	977	11	1	4361	5336	899871	900847	0	1736	GCA_946404995.1_BANI-C-1.PacbioHiFiAssembly_genomic
AT1G11270	OX291482.1	83.167	1105	158	15	3452	4552	3018050	3019130	0	985	GCA_946404995.1_BANI-C-1.PacbioHiFiAssembly_genomic
AT1G11270	OX291482.1	98.864	440	5	0	380	819	900407	900846	0	785	GCA_946404995.1_BANI-C-1.PacbioHiFiAssembly_genomic
AT1G11270	OX291482.1	85.873	361	47	4	1879	2237	16342763	16342405	1.26e-103	381	GCA_946404995.1_BANI-C-1.PacbioHiFiAssembly_genomic
AT1G11270	OX291481.1	98.734	948	11	1	5336	6283	3786036	3786982	0	1683	GCA_946404995.1_BANI-C-1.PacbioHiFiAssembly_genomic
AT1G11270	OX291481.1	99.213	381	3	0	1	381	3785662	3786042	0	688	GCA_946404995.1_BANI-C-1.PacbioHiFiAssembly_genomic
AT1G11270	OX291481.1	91.144	271	14	4	552	820	20103362	20103624	5.91e-97	359	GCA_946404995.1_BANI-C-1.PacbioHiFiAssembly_genomic
AT1G11270	OX291481.1	91.386	267	14	3	5068	5333	20103362	20103620	2.12e-96	357	GCA_946404995.1_BANI-C-1.PacbioHiFiAssembly_genomic
AT1G11270	OX291481.1	92.593	189	13	1	376	564	20102835	20103022	2.85e-70	270	GCA_946404995.1_BANI-C-1.PacbioHiFiAssembly_genomic
AT1G11270	OX291481.1	92.973	185	12	1	4896	5080	20102839	20103022	1.02e-69	268	GCA_946404995.1_BANI-C-1.PacbioHiFiAssembly_genomic
AT1G11270	OX291481.1	87.568	185	14	5	6360	6544	3787166	3787341	8.14e-51	206	GCA_946404995.1_BANI-C-1.PacbioHiFiAssembly_genomic
AT1G11270	OX291488.1	99.556	4957	19	3	380	5335	7779345	7784299	0	9029	GCA_946405265.1_IP-Met-6.PacbioHiFiAssembly_genomic
AT1G11270	OX291488.1	99.374	4956	30	1	380	5335	19409765	19404811	0	8979	GCA_946405265.1_IP-Met-6.PacbioHiFiAssembly_genomic
AT1G11270	OX291488.1	97.359	4960	97	9	380	5336	13292387	13297315	0	8403	GCA_946405265.1_IP-Met-6.PacbioHiFiAssembly_genomic
AT1G11270	OX291488.1	99.774	443	1	0	380	822	19405250	19404808	0	813	GCA_946405265.1_IP-Met-6.PacbioHiFiAssembly_genomic
AT1G11270	OX291488.1	100	440	0	0	4896	5335	19409765	19409326	0	813	GCA_946405265.1_IP-Met-6.PacbioHiFiAssembly_genomic
AT1G11270	OX291488.1	99.545	440	2	0	4896	5335	7779345	7779784	0	802	GCA_946405265.1_IP-Met-6.PacbioHiFiAssembly_genomic
AT1G11270	OX291488.1	99.32	441	1	2	380	819	7783860	7784299	0	797	GCA_946405265.1_IP-Met-6.PacbioHiFiAssembly_genomic
AT1G11270	OX291488.1	97.5	440	11	0	4896	5335	13292387	13292826	0	752	GCA_946405265.1_IP-Met-6.PacbioHiFiAssembly_genomic
AT1G11270	OX291488.1	96.818	440	12	2	380	819	13296877	13297314	0	734	GCA_946405265.1_IP-Met-6.PacbioHiFiAssembly_genomic
AT1G11270	OX291488.1	100	31	0	0	4928	4958	7783922	7783892	2.52e-06	58.4	GCA_946405265.1_IP-Met-6.PacbioHiFiAssembly_genomic
AT1G11270	OX291488.1	100	31	0	0	412	442	7783922	7783892	2.52e-06	58.4	GCA_946405265.1_IP-Met-6.PacbioHiFiAssembly_genomic
AT1G11270	OX291489.1	99.415	4957	28	1	380	5335	18812790	18807834	0	8992	GCA_946405265.1_IP-Met-6.PacbioHiFiAssembly_genomic
AT1G11270	OX291489.1	100	441	0	0	4895	5335	18812791	18812351	0	815	GCA_946405265.1_IP-Met-6.PacbioHiFiAssembly_genomic
AT1G11270	OX291489.1	99.101	445	4	0	380	824	18808273	18807829	0	800	GCA_946405265.1_IP-Met-6.PacbioHiFiAssembly_genomic
AT1G11270	OX291486.1	99.674	2762	9	0	380	3141	23598782	23601543	0	5051	GCA_946405265.1_IP-Met-6.PacbioHiFiAssembly_genomic
AT1G11270	OX291486.1	99.632	2174	8	0	3162	5335	23601534	23603707	0	3971	GCA_946405265.1_IP-Met-6.PacbioHiFiAssembly_genomic
AT1G11270	OX291486.1	97.092	1410	10	7	5336	6714	3763056	3764465	0	2348	GCA_946405265.1_IP-Met-6.PacbioHiFiAssembly_genomic
AT1G11270	OX291486.1	99.553	447	1	1	4890	5335	23598775	23599221	0	813	GCA_946405265.1_IP-Met-6.PacbioHiFiAssembly_genomic
AT1G11270	OX291486.1	100	440	0	0	380	819	23603268	23603707	0	813	GCA_946405265.1_IP-Met-6.PacbioHiFiAssembly_genomic
AT1G11270	OX291486.1	99.213	381	3	0	1	381	3762682	3763062	0	688	GCA_946405265.1_IP-Met-6.PacbioHiFiAssembly_genomic
AT1G11270	OX291486.1	91.144	271	14	4	552	820	18644242	18644504	6.16e-97	359	GCA_946405265.1_IP-Met-6.PacbioHiFiAssembly_genomic
AT1G11270	OX291486.1	91.386	267	14	3	5068	5333	18644242	18644500	2.22e-96	357	GCA_946405265.1_IP-Met-6.PacbioHiFiAssembly_genomic
AT1G11270	OX291486.1	93.122	189	12	1	376	564	18643709	18643896	6.38e-72	276	GCA_946405265.1_IP-Met-6.PacbioHiFiAssembly_genomic
AT1G11270	OX291486.1	93.514	185	11	1	4896	5080	18643713	18643896	2.3e-71	274	GCA_946405265.1_IP-Met-6.PacbioHiFiAssembly_genomic
AT1G11270	OX291487.1	83.167	1105	158	15	3452	4552	3498868	3499948	0	985	GCA_946405265.1_IP-Met-6.PacbioHiFiAssembly_genomic
AT1G11270	OX291487.1	83.077	1105	159	15	3452	4552	3481673	3482753	0	979	GCA_946405265.1_IP-Met-6.PacbioHiFiAssembly_genomic
AT1G11270	OX291487.1	84.929	491	61	8	4623	5104	3482768	3483254	9.74e-135	484	GCA_946405265.1_IP-Met-6.PacbioHiFiAssembly_genomic
AT1G11270	OX291487.1	84.521	491	63	8	4623	5104	3499963	3500449	2.11e-131	473	GCA_946405265.1_IP-Met-6.PacbioHiFiAssembly_genomic
AT1G11270	OX291487.1	89.252	214	16	6	380	588	3483043	3483254	1.79e-67	261	GCA_946405265.1_IP-Met-6.PacbioHiFiAssembly_genomic
AT1G11270	OX291487.1	89.252	214	16	6	380	588	3500238	3500449	1.79e-67	261	GCA_946405265.1_IP-Met-6.PacbioHiFiAssembly_genomic
AT1G11270	OX291512.1	99.677	4956	16	0	380	5335	8759919	8764874	0	9064	GCA_946405525.1_FERR-A-12.PacbioHiFiAssembly_genomic
AT1G11270	OX291512.1	99.516	4957	24	0	380	5336	30802768	30797812	0	9022	GCA_946405525.1_FERR-A-12.PacbioHiFiAssembly_genomic
AT1G11270	OX291512.1	100	441	0	0	380	820	8764435	8764875	0	815	GCA_946405525.1_FERR-A-12.PacbioHiFiAssembly_genomic
AT1G11270	OX291512.1	99.773	441	1	0	4895	5335	8759918	8760358	0	809	GCA_946405525.1_FERR-A-12.PacbioHiFiAssembly_genomic
AT1G11270	OX291512.1	99.773	441	1	0	4895	5335	30802769	30802329	0	809	GCA_946405525.1_FERR-A-12.PacbioHiFiAssembly_genomic
AT1G11270	OX291512.1	99.545	440	2	0	380	819	30798252	30797813	0	802	GCA_946405525.1_FERR-A-12.PacbioHiFiAssembly_genomic
AT1G11270	OX291509.1	99.617	4956	19	0	380	5335	16519388	16514433	0	9047	GCA_946405525.1_FERR-A-12.PacbioHiFiAssembly_genomic
AT1G11270	OX291509.1	99.206	4409	35	0	380	4788	10346889	10351297	0	7949	GCA_946405525.1_FERR-A-12.PacbioHiFiAssembly_genomic
AT1G11270	OX291509.1	83.077	1105	159	15	3452	4552	3021591	3022671	0	979	GCA_946405525.1_FERR-A-12.PacbioHiFiAssembly_genomic
AT1G11270	OX291509.1	100	440	0	0	380	819	16514872	16514433	0	813	GCA_946405525.1_FERR-A-12.PacbioHiFiAssembly_genomic
AT1G11270	OX291509.1	100	440	0	0	4896	5335	16519388	16518949	0	813	GCA_946405525.1_FERR-A-12.PacbioHiFiAssembly_genomic
AT1G11270	OX291509.1	98.182	440	8	0	4896	5335	10346889	10347328	0	769	GCA_946405525.1_FERR-A-12.PacbioHiFiAssembly_genomic
AT1G11270	OX291509.1	97.959	441	9	0	4895	5335	10351295	10351735	0	765	GCA_946405525.1_FERR-A-12.PacbioHiFiAssembly_genomic
AT1G11270	OX291509.1	97.955	440	9	0	380	819	10351296	10351735	0	763	GCA_946405525.1_FERR-A-12.PacbioHiFiAssembly_genomic
AT1G11270	OX291509.1	85.359	362	47	6	1879	2237	17208435	17208077	2.76e-100	370	GCA_946405525.1_FERR-A-12.PacbioHiFiAssembly_genomic
AT1G11270	OX291511.1	99.374	4955	29	2	382	5335	9891143	9886190	0	8977	GCA_946405525.1_FERR-A-12.PacbioHiFiAssembly_genomic
AT1G11270	OX291511.1	99.374	4955	30	1	380	5333	15871293	15866339	0	8977	GCA_946405525.1_FERR-A-12.PacbioHiFiAssembly_genomic
AT1G11270	OX291511.1	99.546	441	2	0	4895	5335	15871294	15870854	0	804	GCA_946405525.1_FERR-A-12.PacbioHiFiAssembly_genomic
AT1G11270	OX291511.1	99.315	438	2	1	4898	5335	9891143	9890707	0	791	GCA_946405525.1_FERR-A-12.PacbioHiFiAssembly_genomic
AT1G11270	OX291511.1	99.087	438	4	0	380	817	15866776	15866339	0	787	GCA_946405525.1_FERR-A-12.PacbioHiFiAssembly_genomic
AT1G11270	OX291511.1	98.405	439	5	2	382	819	9886627	9886190	0	771	GCA_946405525.1_FERR-A-12.PacbioHiFiAssembly_genomic
AT1G11270	OX291510.1	97.682	4961	85	6	380	5336	13044502	13049436	0	8497	GCA_946405525.1_FERR-A-12.PacbioHiFiAssembly_genomic
AT1G11270	OX291510.1	98.409	440	7	0	4896	5335	13044502	13044941	0	774	GCA_946405525.1_FERR-A-12.PacbioHiFiAssembly_genomic
AT1G11270	OX291510.1	97.727	440	10	0	380	819	13048996	13049435	0	758	GCA_946405525.1_FERR-A-12.PacbioHiFiAssembly_genomic
AT1G11270	OX291508.1	99.012	2835	28	0	2501	5335	7658214	7661048	0	5081	GCA_946405525.1_FERR-A-12.PacbioHiFiAssembly_genomic
AT1G11270	OX291508.1	98.776	2124	26	0	380	2503	7655857	7657980	0	3779	GCA_946405525.1_FERR-A-12.PacbioHiFiAssembly_genomic
AT1G11270	OX291508.1	100	1379	0	0	5336	6714	3773049	3774427	0	2547	GCA_946405525.1_FERR-A-12.PacbioHiFiAssembly_genomic
AT1G11270	OX291508.1	98.864	440	5	0	380	819	7660609	7661048	0	785	GCA_946405525.1_FERR-A-12.PacbioHiFiAssembly_genomic
AT1G11270	OX291508.1	98.214	448	7	1	4888	5335	7653200	7653646	0	782	GCA_946405525.1_FERR-A-12.PacbioHiFiAssembly_genomic
AT1G11270	OX291508.1	98.636	440	5	1	380	819	7653208	7653646	0	778	GCA_946405525.1_FERR-A-12.PacbioHiFiAssembly_genomic
AT1G11270	OX291508.1	97.279	441	12	0	4895	5335	7655856	7656296	0	749	GCA_946405525.1_FERR-A-12.PacbioHiFiAssembly_genomic
AT1G11270	OX291508.1	100	381	0	0	1	381	3772675	3773055	0	704	GCA_946405525.1_FERR-A-12.PacbioHiFiAssembly_genomic
AT1G11270	OX291508.1	88.93	271	20	4	552	820	19024713	19024975	6.06e-87	326	GCA_946405525.1_FERR-A-12.PacbioHiFiAssembly_genomic
AT1G11270	OX291508.1	89.139	267	20	3	5068	5333	19024713	19024971	2.18e-86	324	GCA_946405525.1_FERR-A-12.PacbioHiFiAssembly_genomic
AT1G11270	OX291508.1	93.122	189	12	1	376	564	19024186	19024373	6.19e-72	276	GCA_946405525.1_FERR-A-12.PacbioHiFiAssembly_genomic
AT1G11270	OX291508.1	93.514	185	11	1	4896	5080	19024190	19024373	2.23e-71	274	GCA_946405525.1_FERR-A-12.PacbioHiFiAssembly_genomic
AT1G11270	OX291515.1	99.597	4957	20	0	380	5336	3979464	3984420	0	9044	GCA_946405545.1_IP-Evs-12.PacbioHiFiAssembly_genomic
AT1G11270	OX291515.1	99.475	4956	26	0	380	5335	17875471	17870516	0	9009	GCA_946405545.1_IP-Evs-12.PacbioHiFiAssembly_genomic
AT1G11270	OX291515.1	97.581	4960	90	6	380	5336	13368079	13373011	0	8468	GCA_946405545.1_IP-Evs-12.PacbioHiFiAssembly_genomic
AT1G11270	OX291515.1	100	443	0	0	380	822	17870955	17870513	0	819	GCA_946405545.1_IP-Evs-12.PacbioHiFiAssembly_genomic
AT1G11270	OX291515.1	100	440	0	0	4896	5335	17875471	17875032	0	813	GCA_946405545.1_IP-Evs-12.PacbioHiFiAssembly_genomic
AT1G11270	OX291515.1	99.545	440	2	0	4896	5335	3979464	3979903	0	802	GCA_946405545.1_IP-Evs-12.PacbioHiFiAssembly_genomic
AT1G11270	OX291515.1	99.545	440	2	0	380	819	3983980	3984419	0	802	GCA_946405545.1_IP-Evs-12.PacbioHiFiAssembly_genomic
AT1G11270	OX291515.1	98.182	440	8	0	4896	5335	13368079	13368518	0	769	GCA_946405545.1_IP-Evs-12.PacbioHiFiAssembly_genomic
AT1G11270	OX291515.1	97.5	440	11	0	380	819	13372571	13373010	0	752	GCA_946405545.1_IP-Evs-12.PacbioHiFiAssembly_genomic
AT1G11270	OX291514.1	99.294	4956	35	0	380	5335	9844728	9839773	0	8959	GCA_946405545.1_IP-Evs-12.PacbioHiFiAssembly_genomic
AT1G11270	OX291514.1	83.258	1105	157	15	3452	4552	2981083	2982163	0	990	GCA_946405545.1_IP-Evs-12.PacbioHiFiAssembly_genomic
AT1G11270	OX291514.1	83.167	1105	158	15	3452	4552	2997833	2998913	0	985	GCA_946405545.1_IP-Evs-12.PacbioHiFiAssembly_genomic
AT1G11270	OX291514.1	98.186	441	8	0	380	820	9840212	9839772	0	771	GCA_946405545.1_IP-Evs-12.PacbioHiFiAssembly_genomic
AT1G11270	OX291514.1	98.182	440	8	0	4896	5335	9844728	9844289	0	769	GCA_946405545.1_IP-Evs-12.PacbioHiFiAssembly_genomic
AT1G11270	OX291514.1	84.929	491	61	8	4623	5104	2982178	2982664	9.48e-135	484	GCA_946405545.1_IP-Evs-12.PacbioHiFiAssembly_genomic
AT1G11270	OX291514.1	84.725	491	62	8	4623	5104	2998928	2999414	4.41e-133	479	GCA_946405545.1_IP-Evs-12.PacbioHiFiAssembly_genomic
AT1G11270	OX291514.1	85.873	361	47	4	1879	2237	17713465	17713107	1.28e-103	381	GCA_946405545.1_IP-Evs-12.PacbioHiFiAssembly_genomic
AT1G11270	OX291514.1	89.252	214	16	6	380	588	2982453	2982664	1.74e-67	261	GCA_946405545.1_IP-Evs-12.PacbioHiFiAssembly_genomic
AT1G11270	OX291514.1	88.785	214	17	6	380	588	2999203	2999414	8.09e-66	255	GCA_946405545.1_IP-Evs-12.PacbioHiFiAssembly_genomic
AT1G11270	OX291516.1	99.253	4956	37	0	380	5335	15930768	15935723	0	8948	GCA_946405545.1_IP-Evs-12.PacbioHiFiAssembly_genomic
AT1G11270	OX291516.1	99.318	440	3	0	4896	5335	15930768	15931207	0	797	GCA_946405545.1_IP-Evs-12.PacbioHiFiAssembly_genomic
AT1G11270	OX291516.1	98.876	445	4	1	376	819	1812919	1813363	0	793	GCA_946405545.1_IP-Evs-12.PacbioHiFiAssembly_genomic
AT1G11270	OX291516.1	98.874	444	4	1	4896	5339	1812924	1813366	0	791	GCA_946405545.1_IP-Evs-12.PacbioHiFiAssembly_genomic
AT1G11270	OX291516.1	98.866	441	5	0	380	820	15935284	15935724	0	787	GCA_946405545.1_IP-Evs-12.PacbioHiFiAssembly_genomic
AT1G11270	OX291517.1	98.81	4956	59	0	380	5335	25444169	25449124	0	8826	GCA_946405545.1_IP-Evs-12.PacbioHiFiAssembly_genomic
AT1G11270	OX291517.1	99.531	3628	15	2	380	4007	30479570	30475945	0	6604	GCA_946405545.1_IP-Evs-12.PacbioHiFiAssembly_genomic
AT1G11270	OX291517.1	99.34	1213	7	1	4123	5335	30475964	30474753	0	2194	GCA_946405545.1_IP-Evs-12.PacbioHiFiAssembly_genomic
AT1G11270	OX291517.1	100	440	0	0	4896	5335	30479570	30479131	0	813	GCA_946405545.1_IP-Evs-12.PacbioHiFiAssembly_genomic
AT1G11270	OX291517.1	99.32	441	3	0	380	820	30475192	30474752	0	798	GCA_946405545.1_IP-Evs-12.PacbioHiFiAssembly_genomic
AT1G11270	OX291517.1	97.955	440	9	0	380	819	25448685	25449124	0	763	GCA_946405545.1_IP-Evs-12.PacbioHiFiAssembly_genomic
AT1G11270	OX291517.1	96.818	440	14	0	4896	5335	25444169	25444608	0	736	GCA_946405545.1_IP-Evs-12.PacbioHiFiAssembly_genomic
AT1G11270	OX291513.1	98.314	4982	59	3	379	5335	10125544	10130525	0	8711	GCA_946405545.1_IP-Evs-12.PacbioHiFiAssembly_genomic
AT1G11270	OX291513.1	99.46	3332	17	1	2005	5335	25054556	25057887	0	6052	GCA_946405545.1_IP-Evs-12.PacbioHiFiAssembly_genomic
AT1G11270	OX291513.1	99.492	1576	8	0	380	1955	25052991	25054566	0	2867	GCA_946405545.1_IP-Evs-12.PacbioHiFiAssembly_genomic
AT1G11270	OX291513.1	99.71	1379	0	1	5336	6714	3778851	3780225	0	2521	GCA_946405545.1_IP-Evs-12.PacbioHiFiAssembly_genomic
AT1G11270	OX291513.1	99.329	447	2	1	4890	5335	25052984	25053430	0	808	GCA_946405545.1_IP-Evs-12.PacbioHiFiAssembly_genomic
AT1G11270	OX291513.1	99.773	440	1	0	380	819	25057448	25057887	0	808	GCA_946405545.1_IP-Evs-12.PacbioHiFiAssembly_genomic
AT1G11270	OX291513.1	96.674	451	6	1	380	821	10130077	10130527	0	741	GCA_946405545.1_IP-Evs-12.PacbioHiFiAssembly_genomic
AT1G11270	OX291513.1	94.737	456	8	2	4896	5335	10125545	10126000	0	695	GCA_946405545.1_IP-Evs-12.PacbioHiFiAssembly_genomic
AT1G11270	OX291513.1	99.213	381	3	0	1	381	3778477	3778857	0	688	GCA_946405545.1_IP-Evs-12.PacbioHiFiAssembly_genomic
AT1G11270	OX291513.1	91.144	271	14	4	552	820	20831015	20830753	5.99e-97	359	GCA_946405545.1_IP-Evs-12.PacbioHiFiAssembly_genomic
AT1G11270	OX291513.1	91.386	267	14	3	5068	5333	20831015	20830757	2.16e-96	357	GCA_946405545.1_IP-Evs-12.PacbioHiFiAssembly_genomic
AT1G11270	OX291513.1	93.011	186	12	1	379	564	20831539	20831355	2.89e-70	270	GCA_946405545.1_IP-Evs-12.PacbioHiFiAssembly_genomic
AT1G11270	OX291513.1	92.973	185	12	1	4896	5080	20831538	20831355	1.04e-69	268	GCA_946405545.1_IP-Evs-12.PacbioHiFiAssembly_genomic
AT1G11270	OX291519.1	99.374	4954	31	0	380	5333	12882345	12887298	0	8977	GCA_946405725.1_IP-Med-0.PacbioHiFiAssembly_genomic
AT1G11270	OX291519.1	83.077	1105	159	15	3452	4552	2807421	2808501	0	979	GCA_946405725.1_IP-Med-0.PacbioHiFiAssembly_genomic
AT1G11270	OX291519.1	99.543	438	2	0	380	817	12886861	12887298	0	798	GCA_946405725.1_IP-Med-0.PacbioHiFiAssembly_genomic
AT1G11270	OX291519.1	99.318	440	3	0	4896	5335	12882345	12882784	0	797	GCA_946405725.1_IP-Med-0.PacbioHiFiAssembly_genomic
AT1G11270	OX291519.1	97.955	440	9	0	380	819	11267342	11267781	0	763	GCA_946405725.1_IP-Med-0.PacbioHiFiAssembly_genomic
AT1G11270	OX291519.1	97.955	440	9	0	4896	5335	11267342	11267781	0	763	GCA_946405725.1_IP-Med-0.PacbioHiFiAssembly_genomic
AT1G11270	OX291519.1	84.584	493	61	8	4623	5104	2808516	2809004	5.87e-132	475	GCA_946405725.1_IP-Med-0.PacbioHiFiAssembly_genomic
AT1G11270	OX291519.1	85.873	361	47	4	1879	2237	18115236	18114878	1.32e-103	381	GCA_946405725.1_IP-Med-0.PacbioHiFiAssembly_genomic
AT1G11270	OX291519.1	89.252	214	16	6	380	588	2808793	2809004	1.79e-67	261	GCA_946405725.1_IP-Med-0.PacbioHiFiAssembly_genomic
AT1G11270	OX291520.1	99.274	4957	33	3	380	5335	8613590	8608636	0	8951	GCA_946405725.1_IP-Med-0.PacbioHiFiAssembly_genomic
AT1G11270	OX291520.1	99.174	4964	37	4	379	5342	4579192	4584151	0	8937	GCA_946405725.1_IP-Med-0.PacbioHiFiAssembly_genomic
AT1G11270	OX291520.1	99.052	4956	36	2	380	5335	9759066	9754122	0	8881	GCA_946405725.1_IP-Med-0.PacbioHiFiAssembly_genomic
AT1G11270	OX291520.1	97.661	4960	86	6	380	5336	13208893	13213825	0	8490	GCA_946405725.1_IP-Med-0.PacbioHiFiAssembly_genomic
AT1G11270	OX291520.1	99.773	440	0	1	380	819	8609074	8608636	0	806	GCA_946405725.1_IP-Med-0.PacbioHiFiAssembly_genomic
AT1G11270	OX291520.1	99.097	443	4	0	380	822	9754561	9754119	0	797	GCA_946405725.1_IP-Med-0.PacbioHiFiAssembly_genomic
AT1G11270	OX291520.1	99.318	440	2	1	4896	5335	4579193	4579631	0	795	GCA_946405725.1_IP-Med-0.PacbioHiFiAssembly_genomic
AT1G11270	OX291520.1	99.318	440	2	1	380	819	4583707	4584145	0	795	GCA_946405725.1_IP-Med-0.PacbioHiFiAssembly_genomic
AT1G11270	OX291520.1	99.318	440	2	1	4896	5335	8613590	8613152	0	795	GCA_946405725.1_IP-Med-0.PacbioHiFiAssembly_genomic
AT1G11270	OX291520.1	98.864	440	5	0	4896	5335	9759066	9758627	0	785	GCA_946405725.1_IP-Med-0.PacbioHiFiAssembly_genomic
AT1G11270	OX291520.1	98.636	440	6	0	4896	5335	13208893	13209332	0	780	GCA_946405725.1_IP-Med-0.PacbioHiFiAssembly_genomic
AT1G11270	OX291520.1	97.727	440	10	0	380	819	13213385	13213824	0	758	GCA_946405725.1_IP-Med-0.PacbioHiFiAssembly_genomic
AT1G11270	OX291521.1	99.193	4957	38	2	380	5335	13275496	13270541	0	8931	GCA_946405725.1_IP-Med-0.PacbioHiFiAssembly_genomic
AT1G11270	OX291521.1	98.643	442	6	0	380	821	13270980	13270539	0	784	GCA_946405725.1_IP-Med-0.PacbioHiFiAssembly_genomic
AT1G11270	OX291521.1	98.636	440	5	1	4896	5335	13275496	13275058	0	778	GCA_946405725.1_IP-Med-0.PacbioHiFiAssembly_genomic
AT1G11270	OX291522.1	98.89	4957	55	0	380	5336	7836017	7840973	0	8850	GCA_946405725.1_IP-Med-0.PacbioHiFiAssembly_genomic
AT1G11270	OX291522.1	98.206	446	8	0	4890	5335	6658623	6659068	0	780	GCA_946405725.1_IP-Med-0.PacbioHiFiAssembly_genomic
AT1G11270	OX291522.1	98.182	440	8	0	380	819	6658629	6659068	0	769	GCA_946405725.1_IP-Med-0.PacbioHiFiAssembly_genomic
AT1G11270	OX291522.1	97.955	440	9	0	4896	5335	7836017	7836456	0	763	GCA_946405725.1_IP-Med-0.PacbioHiFiAssembly_genomic
AT1G11270	OX291522.1	97.5	440	11	0	380	819	7840533	7840972	0	752	GCA_946405725.1_IP-Med-0.PacbioHiFiAssembly_genomic
AT1G11270	OX291518.1	98.526	4953	59	2	380	5331	30125324	30130263	0	8730	GCA_946405725.1_IP-Med-0.PacbioHiFiAssembly_genomic
AT1G11270	OX291518.1	99.351	1386	2	2	5336	6714	3815282	3816667	0	2503	GCA_946405725.1_IP-Med-0.PacbioHiFiAssembly_genomic
AT1G11270	OX291518.1	97.273	440	12	0	4896	5335	30125324	30125763	0	747	GCA_946405725.1_IP-Med-0.PacbioHiFiAssembly_genomic
AT1G11270	OX291518.1	96.796	437	13	1	380	815	30129827	30130263	0	728	GCA_946405725.1_IP-Med-0.PacbioHiFiAssembly_genomic
AT1G11270	OX291518.1	99.213	381	3	0	1	381	3814908	3815288	0	688	GCA_946405725.1_IP-Med-0.PacbioHiFiAssembly_genomic
AT1G11270	OX291518.1	89.299	271	19	4	552	820	20433529	20433791	1.34e-88	331	GCA_946405725.1_IP-Med-0.PacbioHiFiAssembly_genomic
AT1G11270	OX291518.1	89.513	267	19	3	5068	5333	20433529	20433787	4.83e-88	329	GCA_946405725.1_IP-Med-0.PacbioHiFiAssembly_genomic
AT1G11270	OX291518.1	93.122	189	12	1	376	564	20433002	20433189	6.39e-72	276	GCA_946405725.1_IP-Med-0.PacbioHiFiAssembly_genomic
AT1G11270	OX291518.1	93.514	185	11	1	4896	5080	20433006	20433189	2.3e-71	274	GCA_946405725.1_IP-Med-0.PacbioHiFiAssembly_genomic
AT1G11270	OX291524.1	99.597	4966	19	1	374	5338	19687471	19682506	0	9058	GCA_946405905.1_MONTM-B-16.PacbioHiFiAssembly_genomic
AT1G11270	OX291524.1	98.512	4972	59	2	379	5335	1073313	1078284	0	8757	GCA_946405905.1_MONTM-B-16.PacbioHiFiAssembly_genomic
AT1G11270	OX291524.1	83.363	1106	154	17	3452	4552	3116182	3117262	0	996	GCA_946405905.1_MONTM-B-16.PacbioHiFiAssembly_genomic
AT1G11270	OX291524.1	100	440	0	0	380	819	19682949	19682510	0	813	GCA_946405905.1_MONTM-B-16.PacbioHiFiAssembly_genomic
AT1G11270	OX291524.1	100	440	0	0	4896	5335	19687465	19687026	0	813	GCA_946405905.1_MONTM-B-16.PacbioHiFiAssembly_genomic
AT1G11270	OX291524.1	96.659	449	7	1	380	820	1077837	1078285	0	739	GCA_946405905.1_MONTM-B-16.PacbioHiFiAssembly_genomic
AT1G11270	OX291524.1	96.854	445	7	1	4896	5333	1073314	1073758	0	737	GCA_946405905.1_MONTM-B-16.PacbioHiFiAssembly_genomic
AT1G11270	OX291524.1	84.318	491	64	8	4623	5104	3117277	3117763	9.71e-130	468	GCA_946405905.1_MONTM-B-16.PacbioHiFiAssembly_genomic
AT1G11270	OX291524.1	85.873	361	47	4	1879	2237	17340659	17340301	1.3e-103	381	GCA_946405905.1_MONTM-B-16.PacbioHiFiAssembly_genomic
AT1G11270	OX291524.1	87.85	214	19	6	380	588	3117552	3117763	1.78e-62	244	GCA_946405905.1_MONTM-B-16.PacbioHiFiAssembly_genomic
AT1G11270	OX291525.1	99.415	4956	28	1	380	5335	20153151	20158105	0	8990	GCA_946405905.1_MONTM-B-16.PacbioHiFiAssembly_genomic
AT1G11270	OX291525.1	91.892	1369	102	8	3159	4526	17704632	17703272	0	1905	GCA_946405905.1_MONTM-B-16.PacbioHiFiAssembly_genomic
AT1G11270	OX291525.1	91.254	1372	107	11	3159	4526	17492022	17493384	0	1857	GCA_946405905.1_MONTM-B-16.PacbioHiFiAssembly_genomic
AT1G11270	OX291525.1	93.727	813	51	0	4523	5335	17493545	17494357	0	1219	GCA_946405905.1_MONTM-B-16.PacbioHiFiAssembly_genomic
AT1G11270	OX291525.1	93.358	813	54	0	4523	5335	17703109	17702297	0	1203	GCA_946405905.1_MONTM-B-16.PacbioHiFiAssembly_genomic
AT1G11270	OX291525.1	94.211	760	35	4	380	1139	17702736	17701986	0	1151	GCA_946405905.1_MONTM-B-16.PacbioHiFiAssembly_genomic
AT1G11270	OX291525.1	93.947	760	37	4	380	1139	17493918	17494668	0	1140	GCA_946405905.1_MONTM-B-16.PacbioHiFiAssembly_genomic
AT1G11270	OX291525.1	99.326	445	3	0	380	824	20157666	20158110	0	806	GCA_946405905.1_MONTM-B-16.PacbioHiFiAssembly_genomic
AT1G11270	OX291525.1	99.32	441	3	0	4895	5335	20153150	20153590	0	798	GCA_946405905.1_MONTM-B-16.PacbioHiFiAssembly_genomic
AT1G11270	OX291523.1	99.341	2884	14	3	380	3262	25690153	25687274	0	5216	GCA_946405905.1_MONTM-B-16.PacbioHiFiAssembly_genomic
AT1G11270	OX291523.1	99.395	1983	12	0	3353	5335	25687280	25685298	0	3596	GCA_946405905.1_MONTM-B-16.PacbioHiFiAssembly_genomic
AT1G11270	OX291523.1	99.855	1381	0	1	5336	6714	3783334	3784714	0	2538	GCA_946405905.1_MONTM-B-16.PacbioHiFiAssembly_genomic
AT1G11270	OX291523.1	99.095	442	4	0	380	821	25685737	25685296	0	795	GCA_946405905.1_MONTM-B-16.PacbioHiFiAssembly_genomic
AT1G11270	OX291523.1	97.045	440	9	2	4896	5335	25690153	25689718	0	737	GCA_946405905.1_MONTM-B-16.PacbioHiFiAssembly_genomic
AT1G11270	OX291523.1	98.95	381	4	0	1	381	3782960	3783340	0	682	GCA_946405905.1_MONTM-B-16.PacbioHiFiAssembly_genomic
AT1G11270	OX291523.1	91.144	271	14	4	552	820	21438758	21439020	6.09e-97	359	GCA_946405905.1_MONTM-B-16.PacbioHiFiAssembly_genomic
AT1G11270	OX291523.1	91.386	267	14	3	5068	5333	21438758	21439016	2.19e-96	357	GCA_946405905.1_MONTM-B-16.PacbioHiFiAssembly_genomic
AT1G11270	OX291523.1	92.593	189	13	1	376	564	21438231	21438418	2.94e-70	270	GCA_946405905.1_MONTM-B-16.PacbioHiFiAssembly_genomic
AT1G11270	OX291523.1	92.973	185	12	1	4896	5080	21438235	21438418	1.06e-69	268	GCA_946405905.1_MONTM-B-16.PacbioHiFiAssembly_genomic
AT1G11270	OX291569.1	99.657	4958	15	2	380	5335	15418658	15423615	0	9060	GCA_946406325.1_IP-Alo-0.9506.PacbioHiFiAssembly_genomic
AT1G11270	OX291569.1	99.193	4957	39	1	380	5335	12401090	12396134	0	8931	GCA_946406325.1_IP-Alo-0.9506.PacbioHiFiAssembly_genomic
AT1G11270	OX291569.1	99.773	441	0	1	4896	5335	15418658	15419098	0	808	GCA_946406325.1_IP-Alo-0.9506.PacbioHiFiAssembly_genomic
AT1G11270	OX291569.1	99.773	441	0	1	380	819	15423175	15423615	0	808	GCA_946406325.1_IP-Alo-0.9506.PacbioHiFiAssembly_genomic
AT1G11270	OX291569.1	98.869	442	5	0	380	821	12396573	12396132	0	789	GCA_946406325.1_IP-Alo-0.9506.PacbioHiFiAssembly_genomic
AT1G11270	OX291569.1	98.636	440	6	0	4896	5335	12401090	12400651	0	780	GCA_946406325.1_IP-Alo-0.9506.PacbioHiFiAssembly_genomic
AT1G11270	OX291568.1	99.576	4957	21	0	380	5336	3992394	3997350	0	9038	GCA_946406325.1_IP-Alo-0.9506.PacbioHiFiAssembly_genomic
AT1G11270	OX291568.1	99.475	4956	26	0	380	5335	17907080	17902125	0	9009	GCA_946406325.1_IP-Alo-0.9506.PacbioHiFiAssembly_genomic
AT1G11270	OX291568.1	92.184	1369	94	8	3159	4526	16583275	16581919	0	1923	GCA_946406325.1_IP-Alo-0.9506.PacbioHiFiAssembly_genomic
AT1G11270	OX291568.1	93.604	813	51	1	4523	5335	16581756	16580945	0	1212	GCA_946406325.1_IP-Alo-0.9506.PacbioHiFiAssembly_genomic
AT1G11270	OX291568.1	94.218	761	32	7	380	1139	16581383	16580634	0	1151	GCA_946406325.1_IP-Alo-0.9506.PacbioHiFiAssembly_genomic
AT1G11270	OX291568.1	100	443	0	0	380	822	17902564	17902122	0	819	GCA_946406325.1_IP-Alo-0.9506.PacbioHiFiAssembly_genomic
AT1G11270	OX291568.1	100	440	0	0	4896	5335	17907080	17906641	0	813	GCA_946406325.1_IP-Alo-0.9506.PacbioHiFiAssembly_genomic
AT1G11270	OX291568.1	99.545	440	2	0	4896	5335	3992394	3992833	0	802	GCA_946406325.1_IP-Alo-0.9506.PacbioHiFiAssembly_genomic
AT1G11270	OX291568.1	99.545	440	2	0	380	819	3996910	3997349	0	802	GCA_946406325.1_IP-Alo-0.9506.PacbioHiFiAssembly_genomic
AT1G11270	OX291568.1	98.832	428	3	2	379	804	25153648	25153221	0	761	GCA_946406325.1_IP-Alo-0.9506.PacbioHiFiAssembly_genomic
AT1G11270	OX291568.1	98.829	427	3	2	4896	5320	25153647	25153221	0	760	GCA_946406325.1_IP-Alo-0.9506.PacbioHiFiAssembly_genomic
AT1G11270	OX291566.1	99.351	1386	2	2	5336	6714	3772537	3773922	0	2503	GCA_946406325.1_IP-Alo-0.9506.PacbioHiFiAssembly_genomic
AT1G11270	OX291566.1	93.671	948	60	0	5336	6283	13017251	13016304	0	1419	GCA_946406325.1_IP-Alo-0.9506.PacbioHiFiAssembly_genomic
AT1G11270	OX291566.1	99.213	381	3	0	1	381	3772163	3772543	0	688	GCA_946406325.1_IP-Alo-0.9506.PacbioHiFiAssembly_genomic
AT1G11270	OX291566.1	90.149	335	24	3	1	326	13017613	13017279	1.63e-117	427	GCA_946406325.1_IP-Alo-0.9506.PacbioHiFiAssembly_genomic
AT1G11270	OX291566.1	90.406	271	16	4	552	820	19707878	19708140	1.31e-93	348	GCA_946406325.1_IP-Alo-0.9506.PacbioHiFiAssembly_genomic
AT1G11270	OX291566.1	90.637	267	16	3	5068	5333	19707878	19708136	4.69e-93	346	GCA_946406325.1_IP-Alo-0.9506.PacbioHiFiAssembly_genomic
AT1G11270	OX291566.1	91.005	189	16	1	376	564	19707351	19707538	2.93e-65	254	GCA_946406325.1_IP-Alo-0.9506.PacbioHiFiAssembly_genomic
AT1G11270	OX291566.1	92.222	180	13	1	4901	5080	19707360	19707538	2.93e-65	254	GCA_946406325.1_IP-Alo-0.9506.PacbioHiFiAssembly_genomic
AT1G11270	OX291566.1	85.946	185	17	5	6360	6544	13016113	13015938	8.37e-46	189	GCA_946406325.1_IP-Alo-0.9506.PacbioHiFiAssembly_genomic
AT1G11270	OX291567.1	83.348	1105	156	15	3452	4552	3277331	3278411	0	996	GCA_946406325.1_IP-Alo-0.9506.PacbioHiFiAssembly_genomic
AT1G11270	OX291567.1	84.725	491	62	8	4623	5104	3278426	3278912	4.44e-133	479	GCA_946406325.1_IP-Alo-0.9506.PacbioHiFiAssembly_genomic
AT1G11270	OX291567.1	85.873	361	47	4	1879	2237	19009285	19008927	1.29e-103	381	GCA_946406325.1_IP-Alo-0.9506.PacbioHiFiAssembly_genomic
AT1G11270	OX291567.1	88.785	214	17	6	380	588	3278701	3278912	8.14e-66	255	GCA_946406325.1_IP-Alo-0.9506.PacbioHiFiAssembly_genomic
AT1G11270	OX291575.1	99.577	4966	21	0	377	5342	759933	754968	0	9055	GCA_946406525.1_Ler-0.7213.PacbioHiFiAssembly_genomic
AT1G11270	OX291575.1	99.617	4956	19	0	380	5335	2484829	2479874	0	9047	GCA_946406525.1_Ler-0.7213.PacbioHiFiAssembly_genomic
AT1G11270	OX291575.1	99.773	441	1	0	4895	5335	2484830	2484390	0	809	GCA_946406525.1_Ler-0.7213.PacbioHiFiAssembly_genomic
AT1G11270	OX291575.1	99.773	440	1	0	380	819	2480313	2479874	0	808	GCA_946406525.1_Ler-0.7213.PacbioHiFiAssembly_genomic
AT1G11270	OX291575.1	99.545	440	2	0	380	819	755414	754975	0	802	GCA_946406525.1_Ler-0.7213.PacbioHiFiAssembly_genomic
AT1G11270	OX291575.1	99.545	440	2	0	4896	5335	759930	759491	0	802	GCA_946406525.1_Ler-0.7213.PacbioHiFiAssembly_genomic
AT1G11270	OX291574.1	99.456	4960	26	1	377	5335	12018341	12023300	0	9009	GCA_946406525.1_Ler-0.7213.PacbioHiFiAssembly_genomic
AT1G11270	OX291574.1	99.376	4810	30	0	526	5335	13420352	13425161	0	8717	GCA_946406525.1_Ler-0.7213.PacbioHiFiAssembly_genomic
AT1G11270	OX291574.1	99.32	441	3	0	4895	5335	12018344	12018784	0	798	GCA_946406525.1_Ler-0.7213.PacbioHiFiAssembly_genomic
AT1G11270	OX291574.1	99.318	440	3	0	380	819	12022861	12023300	0	797	GCA_946406525.1_Ler-0.7213.PacbioHiFiAssembly_genomic
AT1G11270	OX291574.1	99.318	440	3	0	380	819	13424722	13425161	0	797	GCA_946406525.1_Ler-0.7213.PacbioHiFiAssembly_genomic
AT1G11270	OX291574.1	98.876	445	4	1	376	819	2249764	2250208	0	793	GCA_946406525.1_Ler-0.7213.PacbioHiFiAssembly_genomic
AT1G11270	OX291574.1	98.874	444	4	1	4896	5339	2249769	2250211	0	791	GCA_946406525.1_Ler-0.7213.PacbioHiFiAssembly_genomic
AT1G11270	OX291574.1	99.66	294	1	0	5042	5335	13420352	13420645	7.09e-151	538	GCA_946406525.1_Ler-0.7213.PacbioHiFiAssembly_genomic
AT1G11270	OX291574.1	97.802	91	1	1	415	504	13420282	13420372	8.34e-36	156	GCA_946406525.1_Ler-0.7213.PacbioHiFiAssembly_genomic
AT1G11270	OX291574.1	97.802	91	1	1	4931	5020	13420282	13420372	8.34e-36	156	GCA_946406525.1_Ler-0.7213.PacbioHiFiAssembly_genomic
AT1G11270	OX291574.1	100	49	0	0	4895	4943	13420229	13420277	2.39e-16	91.6	GCA_946406525.1_Ler-0.7213.PacbioHiFiAssembly_genomic
AT1G11270	OX291574.1	100	48	0	0	380	427	13420230	13420277	8.58e-16	89.8	GCA_946406525.1_Ler-0.7213.PacbioHiFiAssembly_genomic
AT1G11270	OX291573.1	99.314	4956	34	0	380	5335	21868600	21873555	0	8964	GCA_946406525.1_Ler-0.7213.PacbioHiFiAssembly_genomic
AT1G11270	OX291573.1	99.095	442	4	0	4894	5335	20421103	20420662	0	795	GCA_946406525.1_Ler-0.7213.PacbioHiFiAssembly_genomic
AT1G11270	OX291573.1	99.091	440	4	0	380	819	20421101	20420662	0	791	GCA_946406525.1_Ler-0.7213.PacbioHiFiAssembly_genomic
AT1G11270	OX291573.1	99.091	440	4	0	380	819	21873116	21873555	0	791	GCA_946406525.1_Ler-0.7213.PacbioHiFiAssembly_genomic
AT1G11270	OX291573.1	98.869	442	5	0	4895	5336	20929445	20929886	0	789	GCA_946406525.1_Ler-0.7213.PacbioHiFiAssembly_genomic
AT1G11270	OX291573.1	98.864	440	5	0	380	819	20929446	20929885	0	785	GCA_946406525.1_Ler-0.7213.PacbioHiFiAssembly_genomic
AT1G11270	OX291573.1	98.182	440	8	0	4896	5335	21868600	21869039	0	769	GCA_946406525.1_Ler-0.7213.PacbioHiFiAssembly_genomic
AT1G11270	OX291572.1	99.274	4956	35	1	380	5335	997834	1002788	0	8951	GCA_946406525.1_Ler-0.7213.PacbioHiFiAssembly_genomic
AT1G11270	OX291572.1	83.348	1105	156	15	3452	4552	3118418	3119498	0	996	GCA_946406525.1_Ler-0.7213.PacbioHiFiAssembly_genomic
AT1G11270	OX291572.1	98.639	441	6	0	4895	5335	997833	998273	0	782	GCA_946406525.1_Ler-0.7213.PacbioHiFiAssembly_genomic
AT1G11270	OX291572.1	98.186	441	8	0	380	820	1002349	1002789	0	771	GCA_946406525.1_Ler-0.7213.PacbioHiFiAssembly_genomic
AT1G11270	OX291572.1	84.521	491	63	8	4623	5104	3119513	3119999	2.03e-131	473	GCA_946406525.1_Ler-0.7213.PacbioHiFiAssembly_genomic
AT1G11270	OX291572.1	88.318	214	18	6	380	588	3119788	3119999	3.72e-64	250	GCA_946406525.1_Ler-0.7213.PacbioHiFiAssembly_genomic
AT1G11270	OX291571.1	99.783	1381	1	1	5336	6714	3800597	3801977	0	2532	GCA_946406525.1_Ler-0.7213.PacbioHiFiAssembly_genomic
AT1G11270	OX291571.1	98.955	670	7	0	1690	2359	3386108	3385439	0	1199	GCA_946406525.1_Ler-0.7213.PacbioHiFiAssembly_genomic
AT1G11270	OX291571.1	99.213	381	3	0	1	381	3800223	3800603	0	688	GCA_946406525.1_Ler-0.7213.PacbioHiFiAssembly_genomic
AT1G11270	OX291571.1	93.541	449	21	6	372	819	24003724	24004165	0	662	GCA_946406525.1_Ler-0.7213.PacbioHiFiAssembly_genomic
AT1G11270	OX291571.1	93.708	445	21	5	4896	5339	24003731	24004169	0	660	GCA_946406525.1_Ler-0.7213.PacbioHiFiAssembly_genomic
AT1G11270	OX291571.1	90.037	271	17	4	552	820	19337231	19337493	5.97e-92	342	GCA_946406525.1_Ler-0.7213.PacbioHiFiAssembly_genomic
AT1G11270	OX291571.1	90.262	267	17	3	5068	5333	19337231	19337489	2.15e-91	340	GCA_946406525.1_Ler-0.7213.PacbioHiFiAssembly_genomic
AT1G11270	OX291571.1	92.593	189	13	1	376	564	19336704	19336891	2.86e-70	270	GCA_946406525.1_Ler-0.7213.PacbioHiFiAssembly_genomic
AT1G11270	OX291571.1	92.973	185	12	1	4896	5080	19336708	19336891	1.03e-69	268	GCA_946406525.1_Ler-0.7213.PacbioHiFiAssembly_genomic
AT1G11270	OX291571.1	99.174	121	1	0	5215	5335	3385452	3385332	1.05e-54	219	GCA_946406525.1_Ler-0.7213.PacbioHiFiAssembly_genomic
AT1G11270	OX291571.1	99.174	121	1	0	699	819	3385452	3385332	1.05e-54	219	GCA_946406525.1_Ler-0.7213.PacbioHiFiAssembly_genomic
AT1G11270	OX291578.1	99.435	4957	28	0	379	5335	25854644	25859600	0	8999	GCA_946406595.1_BANI-C-12.PacbioHiFiAssembly_genomic
AT1G11270	OX291578.1	99.274	4958	32	4	380	5335	1662328	1657373	0	8953	GCA_946406595.1_BANI-C-12.PacbioHiFiAssembly_genomic
AT1G11270	OX291578.1	97.4	4961	96	8	380	5336	12981297	12986228	0	8416	GCA_946406595.1_BANI-C-12.PacbioHiFiAssembly_genomic
AT1G11270	OX291578.1	99.545	440	2	0	4896	5335	25854645	25855084	0	802	GCA_946406595.1_BANI-C-12.PacbioHiFiAssembly_genomic
AT1G11270	OX291578.1	99.318	440	3	0	380	819	25859161	25859600	0	797	GCA_946406595.1_BANI-C-12.PacbioHiFiAssembly_genomic
AT1G11270	OX291578.1	98.639	441	5	1	380	819	1657813	1657373	0	780	GCA_946406595.1_BANI-C-12.PacbioHiFiAssembly_genomic
AT1G11270	OX291578.1	98.413	441	6	1	4896	5335	1662328	1661888	0	774	GCA_946406595.1_BANI-C-12.PacbioHiFiAssembly_genomic
AT1G11270	OX291578.1	98.182	440	8	0	4896	5335	12981297	12981736	0	769	GCA_946406595.1_BANI-C-12.PacbioHiFiAssembly_genomic
AT1G11270	OX291578.1	97.5	440	11	0	380	819	12985788	12986227	0	752	GCA_946406595.1_BANI-C-12.PacbioHiFiAssembly_genomic
AT1G11270	OX291579.1	99.435	4957	27	1	380	5335	16005497	16000541	0	8997	GCA_946406595.1_BANI-C-12.PacbioHiFiAssembly_genomic
AT1G11270	OX291579.1	99.394	4954	28	2	382	5335	9924853	9919902	0	8981	GCA_946406595.1_BANI-C-12.PacbioHiFiAssembly_genomic
AT1G11270	OX291579.1	100	441	0	0	4895	5335	16005498	16005058	0	815	GCA_946406595.1_BANI-C-12.PacbioHiFiAssembly_genomic
AT1G11270	OX291579.1	99.101	445	4	0	380	824	16000980	16000536	0	800	GCA_946406595.1_BANI-C-12.PacbioHiFiAssembly_genomic
AT1G11270	OX291579.1	99.315	438	2	1	382	819	9920338	9919902	0	791	GCA_946406595.1_BANI-C-12.PacbioHiFiAssembly_genomic
AT1G11270	OX291579.1	99.087	438	2	2	4898	5335	9924853	9924418	0	785	GCA_946406595.1_BANI-C-12.PacbioHiFiAssembly_genomic
AT1G11270	OX291576.1	99.354	4957	32	0	380	5336	26984242	26979286	0	8977	GCA_946406595.1_BANI-C-12.PacbioHiFiAssembly_genomic
AT1G11270	OX291576.1	99.094	993	8	1	5336	6328	3768607	3769598	0	1783	GCA_946406595.1_BANI-C-12.PacbioHiFiAssembly_genomic
AT1G11270	OX291576.1	98.864	440	5	0	380	819	26979726	26979287	0	785	GCA_946406595.1_BANI-C-12.PacbioHiFiAssembly_genomic
AT1G11270	OX291576.1	98.413	441	7	0	4895	5335	26984243	26983803	0	776	GCA_946406595.1_BANI-C-12.PacbioHiFiAssembly_genomic
AT1G11270	OX291576.1	99.752	403	1	0	6312	6714	3769628	3770030	0	739	GCA_946406595.1_BANI-C-12.PacbioHiFiAssembly_genomic
AT1G11270	OX291576.1	99.213	381	3	0	1	381	3768233	3768613	0	688	GCA_946406595.1_BANI-C-12.PacbioHiFiAssembly_genomic
AT1G11270	OX291576.1	90.775	271	14	5	552	820	21270863	21271124	1.02e-94	351	GCA_946406595.1_BANI-C-12.PacbioHiFiAssembly_genomic
AT1G11270	OX291576.1	91.011	267	14	4	5068	5333	21270863	21271120	1.02e-94	351	GCA_946406595.1_BANI-C-12.PacbioHiFiAssembly_genomic
AT1G11270	OX291576.1	92.063	189	14	1	376	564	21270336	21270523	1.37e-68	265	GCA_946406595.1_BANI-C-12.PacbioHiFiAssembly_genomic
AT1G11270	OX291576.1	92.432	185	13	1	4896	5080	21270340	21270523	4.93e-68	263	GCA_946406595.1_BANI-C-12.PacbioHiFiAssembly_genomic
AT1G11270	OX291580.1	99.133	4957	36	1	379	5335	23126130	23131079	0	8909	GCA_946406595.1_BANI-C-12.PacbioHiFiAssembly_genomic
AT1G11270	OX291580.1	99.318	440	3	0	380	819	23130640	23131079	0	797	GCA_946406595.1_BANI-C-12.PacbioHiFiAssembly_genomic
AT1G11270	OX291580.1	99.091	440	4	0	4896	5335	23126131	23126570	0	791	GCA_946406595.1_BANI-C-12.PacbioHiFiAssembly_genomic
AT1G11270	OX291577.1	83.167	1105	158	15	3452	4552	3529485	3530565	0	985	GCA_946406595.1_BANI-C-12.PacbioHiFiAssembly_genomic
AT1G11270	OX291577.1	84.521	491	63	8	4623	5104	3530580	3531066	2.09e-131	473	GCA_946406595.1_BANI-C-12.PacbioHiFiAssembly_genomic
AT1G11270	OX291577.1	85.873	361	47	4	1879	2237	17460292	17459934	1.31e-103	381	GCA_946406595.1_BANI-C-12.PacbioHiFiAssembly_genomic
AT1G11270	OX291577.1	88.318	214	18	6	380	588	3530855	3531066	3.84e-64	250	GCA_946406595.1_BANI-C-12.PacbioHiFiAssembly_genomic
AT1G11270	OX291582.1	99.556	4960	18	4	380	5337	18827857	18832814	0	9034	GCA_946406625.1_IP-Hom-4.9546.PacbioHiFiAssembly_genomic
AT1G11270	OX291582.1	99.052	4956	47	0	380	5335	9129269	9134224	0	8892	GCA_946406625.1_IP-Hom-4.9546.PacbioHiFiAssembly_genomic
AT1G11270	OX291582.1	82.986	1105	160	15	3452	4552	3089080	3090160	0	974	GCA_946406625.1_IP-Hom-4.9546.PacbioHiFiAssembly_genomic
AT1G11270	OX291582.1	99.321	442	1	2	4895	5335	18827856	18828296	0	798	GCA_946406625.1_IP-Hom-4.9546.PacbioHiFiAssembly_genomic
AT1G11270	OX291582.1	99.093	441	2	2	380	819	18832373	18832812	0	791	GCA_946406625.1_IP-Hom-4.9546.PacbioHiFiAssembly_genomic
AT1G11270	OX291582.1	97.955	440	9	0	380	819	9133785	9134224	0	763	GCA_946406625.1_IP-Hom-4.9546.PacbioHiFiAssembly_genomic
AT1G11270	OX291582.1	97.727	440	10	0	4896	5335	9129269	9129708	0	758	GCA_946406625.1_IP-Hom-4.9546.PacbioHiFiAssembly_genomic
AT1G11270	OX291582.1	85.873	361	47	4	1879	2237	15953638	15953280	1.29e-103	381	GCA_946406625.1_IP-Hom-4.9546.PacbioHiFiAssembly_genomic
AT1G11270	OX291582.1	100	31	0	0	4928	4958	18827919	18827889	2.48e-06	58.4	GCA_946406625.1_IP-Hom-4.9546.PacbioHiFiAssembly_genomic
AT1G11270	OX291582.1	100	31	0	0	412	442	18827919	18827889	2.48e-06	58.4	GCA_946406625.1_IP-Hom-4.9546.PacbioHiFiAssembly_genomic
AT1G11270	OX291582.1	100	31	0	0	4928	4958	18832435	18832405	2.48e-06	58.4	GCA_946406625.1_IP-Hom-4.9546.PacbioHiFiAssembly_genomic
AT1G11270	OX291582.1	100	31	0	0	412	442	18832435	18832405	2.48e-06	58.4	GCA_946406625.1_IP-Hom-4.9546.PacbioHiFiAssembly_genomic
AT1G11270	OX291584.1	99.154	4962	29	2	382	5337	14852266	14857220	0	8918	GCA_946406625.1_IP-Hom-4.9546.PacbioHiFiAssembly_genomic
AT1G11270	OX291584.1	98.864	440	5	0	380	819	14856779	14857218	0	785	GCA_946406625.1_IP-Hom-4.9546.PacbioHiFiAssembly_genomic
AT1G11270	OX291584.1	96.804	438	7	1	4898	5335	14852266	14852696	0	725	GCA_946406625.1_IP-Hom-4.9546.PacbioHiFiAssembly_genomic
AT1G11270	OX291581.1	98.991	4955	50	0	381	5335	7640182	7645136	0	8874	GCA_946406625.1_IP-Hom-4.9546.PacbioHiFiAssembly_genomic
AT1G11270	OX291581.1	99.495	1385	1	1	5336	6714	3767726	3769110	0	2514	GCA_946406625.1_IP-Hom-4.9546.PacbioHiFiAssembly_genomic
AT1G11270	OX291581.1	99.091	440	4	0	380	819	7644697	7645136	0	791	GCA_946406625.1_IP-Hom-4.9546.PacbioHiFiAssembly_genomic
AT1G11270	OX291581.1	98.402	438	6	1	4888	5325	7637533	7637969	0	769	GCA_946406625.1_IP-Hom-4.9546.PacbioHiFiAssembly_genomic
AT1G11270	OX291581.1	98.837	430	4	1	380	809	7637541	7637969	0	765	GCA_946406625.1_IP-Hom-4.9546.PacbioHiFiAssembly_genomic
AT1G11270	OX291581.1	97.039	439	13	0	4897	5335	7640182	7640620	0	739	GCA_946406625.1_IP-Hom-4.9546.PacbioHiFiAssembly_genomic
AT1G11270	OX291581.1	100	381	0	0	1	381	3767352	3767732	0	704	GCA_946406625.1_IP-Hom-4.9546.PacbioHiFiAssembly_genomic
AT1G11270	OX291581.1	90.406	271	16	4	552	820	20847786	20848048	1.31e-93	348	GCA_946406625.1_IP-Hom-4.9546.PacbioHiFiAssembly_genomic
AT1G11270	OX291581.1	90.637	267	16	3	5068	5333	20847786	20848044	4.72e-93	346	GCA_946406625.1_IP-Hom-4.9546.PacbioHiFiAssembly_genomic
AT1G11270	OX291581.1	92.593	189	13	1	376	564	20847259	20847446	2.92e-70	270	GCA_946406625.1_IP-Hom-4.9546.PacbioHiFiAssembly_genomic
AT1G11270	OX291581.1	92.973	185	12	1	4896	5080	20847263	20847446	1.05e-69	268	GCA_946406625.1_IP-Hom-4.9546.PacbioHiFiAssembly_genomic
AT1G11270	OX291583.1	97.4	4961	96	8	380	5336	12921690	12926621	0	8416	GCA_946406625.1_IP-Hom-4.9546.PacbioHiFiAssembly_genomic
AT1G11270	OX291583.1	98.182	440	8	0	4896	5335	12921690	12922129	0	769	GCA_946406625.1_IP-Hom-4.9546.PacbioHiFiAssembly_genomic
AT1G11270	OX291583.1	97.5	440	11	0	380	819	12926181	12926620	0	752	GCA_946406625.1_IP-Hom-4.9546.PacbioHiFiAssembly_genomic
AT1G11270	OX291593.1	99.294	4957	31	3	382	5335	9048228	9043273	0	8957	GCA_946406735.1_BARA-C-3.PacbioHiFiAssembly_genomic
AT1G11270	OX291593.1	99.087	438	3	1	382	819	9043709	9043273	0	785	GCA_946406735.1_BARA-C-3.PacbioHiFiAssembly_genomic
AT1G11270	OX291593.1	98.858	438	4	1	4898	5335	9048228	9047792	0	780	GCA_946406735.1_BARA-C-3.PacbioHiFiAssembly_genomic
AT1G11270	OX291594.1	99.173	4960	21	8	380	5335	3172537	3177480	0	8914	GCA_946406735.1_BARA-C-3.PacbioHiFiAssembly_genomic
AT1G11270	OX291594.1	97.523	444	1	4	380	821	3177047	3177482	0	750	GCA_946406735.1_BARA-C-3.PacbioHiFiAssembly_genomic
AT1G11270	OX291594.1	97.511	442	1	4	4896	5335	3172537	3172970	0	747	GCA_946406735.1_BARA-C-3.PacbioHiFiAssembly_genomic
AT1G11270	OX291594.1	100	31	0	0	4928	4958	3172599	3172569	2.45e-06	58.4	GCA_946406735.1_BARA-C-3.PacbioHiFiAssembly_genomic
AT1G11270	OX291594.1	100	31	0	0	412	442	3172599	3172569	2.45e-06	58.4	GCA_946406735.1_BARA-C-3.PacbioHiFiAssembly_genomic
AT1G11270	OX291594.1	100	31	0	0	4928	4958	3177109	3177079	2.45e-06	58.4	GCA_946406735.1_BARA-C-3.PacbioHiFiAssembly_genomic
AT1G11270	OX291594.1	100	31	0	0	412	442	3177109	3177079	2.45e-06	58.4	GCA_946406735.1_BARA-C-3.PacbioHiFiAssembly_genomic
AT1G11270	OX291591.1	99.011	4956	49	0	380	5335	10578575	10583530	0	8881	GCA_946406735.1_BARA-C-3.PacbioHiFiAssembly_genomic
AT1G11270	OX291591.1	83.077	1105	159	15	3452	4552	3341283	3342363	0	979	GCA_946406735.1_BARA-C-3.PacbioHiFiAssembly_genomic
AT1G11270	OX291591.1	97.955	440	9	0	380	819	10583091	10583530	0	763	GCA_946406735.1_BARA-C-3.PacbioHiFiAssembly_genomic
AT1G11270	OX291591.1	97.727	440	10	0	4896	5335	10578575	10579014	0	758	GCA_946406735.1_BARA-C-3.PacbioHiFiAssembly_genomic
AT1G11270	OX291591.1	85.873	361	47	4	1879	2237	17382147	17381789	1.28e-103	381	GCA_946406735.1_BARA-C-3.PacbioHiFiAssembly_genomic
AT1G11270	OX291592.1	91.892	1369	102	8	3159	4526	17603182	17601822	0	1905	GCA_946406735.1_BARA-C-3.PacbioHiFiAssembly_genomic
AT1G11270	OX291592.1	91.181	1372	108	11	3159	4526	17390553	17391915	0	1851	GCA_946406735.1_BARA-C-3.PacbioHiFiAssembly_genomic
AT1G11270	OX291592.1	93.727	813	51	0	4523	5335	17392076	17392888	0	1219	GCA_946406735.1_BARA-C-3.PacbioHiFiAssembly_genomic
AT1G11270	OX291592.1	93.358	813	54	0	4523	5335	17601659	17600847	0	1203	GCA_946406735.1_BARA-C-3.PacbioHiFiAssembly_genomic
AT1G11270	OX291592.1	94.211	760	35	4	380	1139	17601286	17600536	0	1151	GCA_946406735.1_BARA-C-3.PacbioHiFiAssembly_genomic
AT1G11270	OX291592.1	93.947	760	37	4	380	1139	17392449	17393199	0	1140	GCA_946406735.1_BARA-C-3.PacbioHiFiAssembly_genomic
AT1G11270	OX291590.1	98.734	948	11	1	5336	6283	3799313	3800259	0	1683	GCA_946406735.1_BARA-C-3.PacbioHiFiAssembly_genomic
AT1G11270	OX291590.1	99.213	381	3	0	1	381	3798939	3799319	0	688	GCA_946406735.1_BARA-C-3.PacbioHiFiAssembly_genomic
AT1G11270	OX291590.1	90.037	271	17	4	552	820	20734522	20734784	6.03e-92	342	GCA_946406735.1_BARA-C-3.PacbioHiFiAssembly_genomic
AT1G11270	OX291590.1	90.262	267	17	3	5068	5333	20734522	20734780	2.17e-91	340	GCA_946406735.1_BARA-C-3.PacbioHiFiAssembly_genomic
AT1G11270	OX291590.1	92.063	189	14	1	376	564	20733995	20734182	1.34e-68	265	GCA_946406735.1_BARA-C-3.PacbioHiFiAssembly_genomic
AT1G11270	OX291590.1	92.432	185	13	1	4896	5080	20733999	20734182	4.83e-68	263	GCA_946406735.1_BARA-C-3.PacbioHiFiAssembly_genomic
AT1G11270	OX291590.1	87.568	185	14	5	6360	6544	3800443	3800618	8.25e-51	206	GCA_946406735.1_BARA-C-3.PacbioHiFiAssembly_genomic
AT1G11270	OX291597.1	99.274	4956	36	0	380	5335	30358864	30363819	0	8953	GCA_946406895.1_Rabacal-1.22005.PacbioHiFiAssembly_genomic
AT1G11270	OX291597.1	99.135	4970	42	1	367	5335	34972	30003	0	8938	GCA_946406895.1_Rabacal-1.22005.PacbioHiFiAssembly_genomic
AT1G11270	OX291597.1	99.174	4963	27	4	379	5336	2940937	2945890	0	8925	GCA_946406895.1_Rabacal-1.22005.PacbioHiFiAssembly_genomic
AT1G11270	OX291597.1	97.319	4960	100	8	380	5336	13138135	13143064	0	8392	GCA_946406895.1_Rabacal-1.22005.PacbioHiFiAssembly_genomic
AT1G11270	OX291597.1	99.321	442	1	1	4896	5335	2940938	2941379	0	798	GCA_946406895.1_Rabacal-1.22005.PacbioHiFiAssembly_genomic
AT1G11270	OX291597.1	99.321	442	1	1	380	819	2945448	2945889	0	798	GCA_946406895.1_Rabacal-1.22005.PacbioHiFiAssembly_genomic
AT1G11270	OX291597.1	99.32	441	3	0	380	820	30363380	30363820	0	798	GCA_946406895.1_Rabacal-1.22005.PacbioHiFiAssembly_genomic
AT1G11270	OX291597.1	99.318	440	3	0	4896	5335	30358864	30359303	0	797	GCA_946406895.1_Rabacal-1.22005.PacbioHiFiAssembly_genomic
AT1G11270	OX291597.1	98.409	440	7	0	380	819	30442	30003	0	774	GCA_946406895.1_Rabacal-1.22005.PacbioHiFiAssembly_genomic
AT1G11270	OX291597.1	98.409	440	7	0	4896	5335	34958	34519	0	774	GCA_946406895.1_Rabacal-1.22005.PacbioHiFiAssembly_genomic
AT1G11270	OX291597.1	97.955	440	9	0	4896	5335	13138135	13138574	0	763	GCA_946406895.1_Rabacal-1.22005.PacbioHiFiAssembly_genomic
AT1G11270	OX291597.1	97.273	440	12	0	380	819	13142624	13143063	0	747	GCA_946406895.1_Rabacal-1.22005.PacbioHiFiAssembly_genomic
AT1G11270	OX291595.1	99.215	4968	34	3	379	5342	6768105	6763139	0	8953	GCA_946406895.1_Rabacal-1.22005.PacbioHiFiAssembly_genomic
AT1G11270	OX291595.1	99.578	948	3	1	5336	6283	3805624	3806570	0	1727	GCA_946406895.1_Rabacal-1.22005.PacbioHiFiAssembly_genomic
AT1G11270	OX291595.1	98	450	6	2	380	826	6763586	6763137	0	778	GCA_946406895.1_Rabacal-1.22005.PacbioHiFiAssembly_genomic
AT1G11270	OX291595.1	98.416	442	5	1	4896	5335	6768104	6767663	0	776	GCA_946406895.1_Rabacal-1.22005.PacbioHiFiAssembly_genomic
AT1G11270	OX291595.1	97.375	381	10	0	1	381	3805250	3805630	0	649	GCA_946406895.1_Rabacal-1.22005.PacbioHiFiAssembly_genomic
AT1G11270	OX291595.1	90.775	271	15	4	552	820	21347372	21347634	3.04e-95	353	GCA_946406895.1_Rabacal-1.22005.PacbioHiFiAssembly_genomic
AT1G11270	OX291595.1	91.011	267	15	3	5068	5333	21347372	21347630	1.09e-94	351	GCA_946406895.1_Rabacal-1.22005.PacbioHiFiAssembly_genomic
AT1G11270	OX291595.1	92.593	189	13	1	376	564	21346845	21347032	3.15e-70	270	GCA_946406895.1_Rabacal-1.22005.PacbioHiFiAssembly_genomic
AT1G11270	OX291595.1	92.973	185	12	1	4896	5080	21346849	21347032	1.13e-69	268	GCA_946406895.1_Rabacal-1.22005.PacbioHiFiAssembly_genomic
AT1G11270	OX291595.1	87.568	185	14	5	6360	6544	3806757	3806932	9e-51	206	GCA_946406895.1_Rabacal-1.22005.PacbioHiFiAssembly_genomic
AT1G11270	OX291598.1	99.234	4961	34	2	379	5335	2391420	2396380	0	8948	GCA_946406895.1_Rabacal-1.22005.PacbioHiFiAssembly_genomic
AT1G11270	OX291598.1	98.875	4978	35	4	380	5336	23729967	23724990	0	8863	GCA_946406895.1_Rabacal-1.22005.PacbioHiFiAssembly_genomic
AT1G11270	OX291598.1	99.321	442	1	1	380	819	23725432	23724991	0	798	GCA_946406895.1_Rabacal-1.22005.PacbioHiFiAssembly_genomic
AT1G11270	OX291598.1	97.204	465	9	3	380	841	2395939	2396402	0	784	GCA_946406895.1_Rabacal-1.22005.PacbioHiFiAssembly_genomic
AT1G11270	OX291598.1	98.643	442	4	1	4896	5335	2391421	2391862	0	782	GCA_946406895.1_Rabacal-1.22005.PacbioHiFiAssembly_genomic
AT1G11270	OX291598.1	97.738	442	8	1	4896	5335	23729967	23729526	0	760	GCA_946406895.1_Rabacal-1.22005.PacbioHiFiAssembly_genomic
AT1G11270	OX291596.1	99.253	4956	37	0	380	5335	2194998	2199953	0	8948	GCA_946406895.1_Rabacal-1.22005.PacbioHiFiAssembly_genomic
AT1G11270	OX291596.1	82.278	1106	155	19	3452	4552	3087515	3088584	0	918	GCA_946406895.1_Rabacal-1.22005.PacbioHiFiAssembly_genomic
AT1G11270	OX291596.1	98.649	444	6	0	380	823	2199514	2199957	0	787	GCA_946406895.1_Rabacal-1.22005.PacbioHiFiAssembly_genomic
AT1G11270	OX291596.1	98.182	440	8	0	4896	5335	2194998	2195437	0	769	GCA_946406895.1_Rabacal-1.22005.PacbioHiFiAssembly_genomic
AT1G11270	OX291596.1	84.929	491	61	8	4623	5104	3088599	3089085	1.03e-134	484	GCA_946406895.1_Rabacal-1.22005.PacbioHiFiAssembly_genomic
AT1G11270	OX291596.1	85.042	361	50	4	1879	2237	18755007	18754649	1.4e-98	364	GCA_946406895.1_Rabacal-1.22005.PacbioHiFiAssembly_genomic
AT1G11270	OX291596.1	89.252	214	16	6	380	588	3088874	3089085	1.89e-67	261	GCA_946406895.1_Rabacal-1.22005.PacbioHiFiAssembly_genomic
AT1G11270	OX291599.1	99.234	4960	34	2	380	5335	20893180	20898139	0	8946	GCA_946406895.1_Rabacal-1.22005.PacbioHiFiAssembly_genomic
AT1G11270	OX291599.1	99.233	4957	32	1	380	5336	20900342	20905292	0	8938	GCA_946406895.1_Rabacal-1.22005.PacbioHiFiAssembly_genomic
AT1G11270	OX291599.1	99.173	4956	41	0	380	5335	1497149	1502104	0	8925	GCA_946406895.1_Rabacal-1.22005.PacbioHiFiAssembly_genomic
AT1G11270	OX291599.1	98.474	4981	50	2	380	5335	27748841	27753820	0	8754	GCA_946406895.1_Rabacal-1.22005.PacbioHiFiAssembly_genomic
AT1G11270	OX291599.1	99.318	440	3	0	4896	5335	20900342	20900781	0	797	GCA_946406895.1_Rabacal-1.22005.PacbioHiFiAssembly_genomic
AT1G11270	OX291599.1	99.099	444	3	1	380	822	20904852	20905295	0	797	GCA_946406895.1_Rabacal-1.22005.PacbioHiFiAssembly_genomic
AT1G11270	OX291599.1	98.206	446	6	1	4892	5335	20893176	20893621	0	778	GCA_946406895.1_Rabacal-1.22005.PacbioHiFiAssembly_genomic
AT1G11270	OX291599.1	98.416	442	5	1	380	819	20897698	20898139	0	776	GCA_946406895.1_Rabacal-1.22005.PacbioHiFiAssembly_genomic
AT1G11270	OX291599.1	98.409	440	7	0	4896	5335	1497149	1497588	0	774	GCA_946406895.1_Rabacal-1.22005.PacbioHiFiAssembly_genomic
AT1G11270	OX291599.1	98.186	441	8	0	380	820	1501665	1502105	0	771	GCA_946406895.1_Rabacal-1.22005.PacbioHiFiAssembly_genomic
AT1G11270	OX291599.1	97.955	440	9	0	380	819	27753381	27753820	0	763	GCA_946406895.1_Rabacal-1.22005.PacbioHiFiAssembly_genomic
AT1G11270	OX291599.1	97.931	435	9	0	4896	5330	27748841	27749275	0	754	GCA_946406895.1_Rabacal-1.22005.PacbioHiFiAssembly_genomic
AT1G11270	OX291604.1	99.435	4958	26	2	380	5335	9535718	9530761	0	8999	GCA_946406975.1_CAMA-C-2.PacbioHiFiAssembly_genomic
AT1G11270	OX291604.1	99.095	442	3	1	4895	5335	9535719	9535278	0	793	GCA_946406975.1_CAMA-C-2.PacbioHiFiAssembly_genomic
AT1G11270	OX291604.1	99.093	441	3	1	380	819	9531201	9530761	0	791	GCA_946406975.1_CAMA-C-2.PacbioHiFiAssembly_genomic
AT1G11270	OX291603.1	99.374	4955	30	1	380	5333	16601570	16596616	0	8977	GCA_946406975.1_CAMA-C-2.PacbioHiFiAssembly_genomic
AT1G11270	OX291603.1	99.546	441	2	0	4895	5335	16601571	16601131	0	804	GCA_946406975.1_CAMA-C-2.PacbioHiFiAssembly_genomic
AT1G11270	OX291603.1	99.087	438	4	0	380	817	16597053	16596616	0	787	GCA_946406975.1_CAMA-C-2.PacbioHiFiAssembly_genomic
AT1G11270	OX291601.1	98.991	4956	50	0	380	5335	9958089	9963044	0	8876	GCA_946406975.1_CAMA-C-2.PacbioHiFiAssembly_genomic
AT1G11270	OX291601.1	82.986	1105	160	15	3452	4552	3613552	3614632	0	974	GCA_946406975.1_CAMA-C-2.PacbioHiFiAssembly_genomic
AT1G11270	OX291601.1	97.955	440	9	0	380	819	9962605	9963044	0	763	GCA_946406975.1_CAMA-C-2.PacbioHiFiAssembly_genomic
AT1G11270	OX291601.1	97.727	440	10	0	4896	5335	9958089	9958528	0	758	GCA_946406975.1_CAMA-C-2.PacbioHiFiAssembly_genomic
AT1G11270	OX291601.1	85.873	361	47	4	1879	2237	16718382	16718024	1.28e-103	381	GCA_946406975.1_CAMA-C-2.PacbioHiFiAssembly_genomic
AT1G11270	OX291600.1	99.083	2835	26	0	2501	5335	7696489	7699323	0	5092	GCA_946406975.1_CAMA-C-2.PacbioHiFiAssembly_genomic
AT1G11270	OX291600.1	98.776	2124	26	0	380	2503	7694132	7696255	0	3779	GCA_946406975.1_CAMA-C-2.PacbioHiFiAssembly_genomic
AT1G11270	OX291600.1	98.734	948	11	1	5336	6283	3785742	3786688	0	1683	GCA_946406975.1_CAMA-C-2.PacbioHiFiAssembly_genomic
AT1G11270	OX291600.1	98.864	440	5	0	380	819	7698884	7699323	0	785	GCA_946406975.1_CAMA-C-2.PacbioHiFiAssembly_genomic
AT1G11270	OX291600.1	98.214	448	7	1	4888	5335	7691475	7691921	0	782	GCA_946406975.1_CAMA-C-2.PacbioHiFiAssembly_genomic
AT1G11270	OX291600.1	98.636	440	5	1	380	819	7691483	7691921	0	778	GCA_946406975.1_CAMA-C-2.PacbioHiFiAssembly_genomic
AT1G11270	OX291600.1	97.506	441	11	0	4895	5335	7694131	7694571	0	754	GCA_946406975.1_CAMA-C-2.PacbioHiFiAssembly_genomic
AT1G11270	OX291600.1	99.213	381	3	0	1	381	3785368	3785748	0	688	GCA_946406975.1_CAMA-C-2.PacbioHiFiAssembly_genomic
AT1G11270	OX291600.1	90.037	271	17	4	552	820	20233615	20233877	6.02e-92	342	GCA_946406975.1_CAMA-C-2.PacbioHiFiAssembly_genomic
AT1G11270	OX291600.1	90.262	267	17	3	5068	5333	20233615	20233873	2.16e-91	340	GCA_946406975.1_CAMA-C-2.PacbioHiFiAssembly_genomic
AT1G11270	OX291600.1	92.593	189	13	1	376	564	20233088	20233275	2.88e-70	270	GCA_946406975.1_CAMA-C-2.PacbioHiFiAssembly_genomic
AT1G11270	OX291600.1	92.973	185	12	1	4896	5080	20233092	20233275	1.04e-69	268	GCA_946406975.1_CAMA-C-2.PacbioHiFiAssembly_genomic
AT1G11270	OX291600.1	87.568	185	14	5	6360	6544	3786872	3787047	8.24e-51	206	GCA_946406975.1_CAMA-C-2.PacbioHiFiAssembly_genomic
AT1G11270	OX291608.1	99.435	4954	27	1	382	5335	10630414	10625462	0	8992	GCA_946407145.1_BARC-A-17.PacbioHiFiAssembly_genomic
AT1G11270	OX291608.1	99.087	438	3	1	382	819	10625898	10625462	0	785	GCA_946407145.1_BARC-A-17.PacbioHiFiAssembly_genomic
AT1G11270	OX291608.1	99.087	438	3	1	4898	5335	10630414	10629978	0	785	GCA_946407145.1_BARC-A-17.PacbioHiFiAssembly_genomic
AT1G11270	OX291609.1	99.153	4957	35	1	379	5335	22069809	22074758	0	8914	GCA_946407145.1_BARC-A-17.PacbioHiFiAssembly_genomic
AT1G11270	OX291609.1	99.44	4641	20	4	380	5020	9869779	9874413	0	8421	GCA_946407145.1_BARC-A-17.PacbioHiFiAssembly_genomic
AT1G11270	OX291609.1	100	440	0	0	4896	5335	9869779	9870218	0	813	GCA_946407145.1_BARC-A-17.PacbioHiFiAssembly_genomic
AT1G11270	OX291609.1	99.318	440	3	0	380	819	22074319	22074758	0	797	GCA_946407145.1_BARC-A-17.PacbioHiFiAssembly_genomic
AT1G11270	OX291609.1	99.091	440	4	0	4896	5335	22069810	22070249	0	791	GCA_946407145.1_BARC-A-17.PacbioHiFiAssembly_genomic
AT1G11270	OX291609.1	99.057	318	2	1	504	821	9874372	9874688	2.55e-160	569	GCA_946407145.1_BARC-A-17.PacbioHiFiAssembly_genomic
AT1G11270	OX291609.1	99.051	316	2	1	5020	5335	9874372	9874686	3.3e-159	566	GCA_946407145.1_BARC-A-17.PacbioHiFiAssembly_genomic
AT1G11270	OX291609.1	93.6	125	2	4	380	504	9874295	9874413	1.4e-43	182	GCA_946407145.1_BARC-A-17.PacbioHiFiAssembly_genomic
AT1G11270	OX291607.1	97.682	4961	85	6	380	5336	13239189	13244123	0	8497	GCA_946407145.1_BARC-A-17.PacbioHiFiAssembly_genomic
AT1G11270	OX291607.1	98.409	440	7	0	4896	5335	13239189	13239628	0	774	GCA_946407145.1_BARC-A-17.PacbioHiFiAssembly_genomic
AT1G11270	OX291607.1	97.727	440	10	0	380	819	13243683	13244122	0	758	GCA_946407145.1_BARC-A-17.PacbioHiFiAssembly_genomic
AT1G11270	OX291605.1	99.855	1381	0	1	5336	6714	3776638	3778018	0	2538	GCA_946407145.1_BARC-A-17.PacbioHiFiAssembly_genomic
AT1G11270	OX291605.1	98.95	381	4	0	1	381	3776264	3776644	0	682	GCA_946407145.1_BARC-A-17.PacbioHiFiAssembly_genomic
AT1G11270	OX291605.1	90.775	271	15	4	552	820	21655529	21655791	2.8e-95	353	GCA_946407145.1_BARC-A-17.PacbioHiFiAssembly_genomic
AT1G11270	OX291605.1	91.011	267	15	3	5068	5333	21655529	21655787	1.01e-94	351	GCA_946407145.1_BARC-A-17.PacbioHiFiAssembly_genomic
AT1G11270	OX291605.1	88.36	189	9	5	376	564	21655014	21655189	1.38e-53	215	GCA_946407145.1_BARC-A-17.PacbioHiFiAssembly_genomic
AT1G11270	OX291605.1	88.649	185	8	5	4896	5080	21655018	21655189	4.96e-53	213	GCA_946407145.1_BARC-A-17.PacbioHiFiAssembly_genomic
AT1G11270	OX291606.1	83.077	1105	159	15	3452	4552	2930362	2931442	0	979	GCA_946407145.1_BARC-A-17.PacbioHiFiAssembly_genomic
AT1G11270	OX291606.1	85.596	361	48	4	1879	2237	16861358	16861000	5.98e-102	375	GCA_946407145.1_BARC-A-17.PacbioHiFiAssembly_genomic
AT1G11270	OX291621.1	99.314	4956	32	2	380	5335	3266770	3271723	0	8962	GCA_946407795.1_IP-Lor-16.PacbioHiFiAssembly_genomic
AT1G11270	OX291621.1	99.546	441	1	1	380	820	3271285	3271724	0	802	GCA_946407795.1_IP-Lor-16.PacbioHiFiAssembly_genomic
AT1G11270	OX291621.1	99.318	440	2	1	4896	5335	3266770	3267208	0	795	GCA_946407795.1_IP-Lor-16.PacbioHiFiAssembly_genomic
AT1G11270	OX291618.1	98.991	4956	50	0	380	5335	10508390	10513345	0	8876	GCA_946407795.1_IP-Lor-16.PacbioHiFiAssembly_genomic
AT1G11270	OX291618.1	98.971	4955	49	2	381	5335	10876273	10871321	0	8866	GCA_946407795.1_IP-Lor-16.PacbioHiFiAssembly_genomic
AT1G11270	OX291618.1	98.91	4956	54	0	380	5335	13997498	13992543	0	8853	GCA_946407795.1_IP-Lor-16.PacbioHiFiAssembly_genomic
AT1G11270	OX291618.1	83.258	1105	157	15	3452	4552	4061159	4062239	0	990	GCA_946407795.1_IP-Lor-16.PacbioHiFiAssembly_genomic
AT1G11270	OX291618.1	83.167	1105	157	16	3452	4552	4027392	4028471	0	983	GCA_946407795.1_IP-Lor-16.PacbioHiFiAssembly_genomic
AT1G11270	OX291618.1	82.896	1105	157	17	3452	4552	4044283	4045359	0	965	GCA_946407795.1_IP-Lor-16.PacbioHiFiAssembly_genomic
AT1G11270	OX291618.1	98.409	440	6	1	380	819	10871759	10871321	0	773	GCA_946407795.1_IP-Lor-16.PacbioHiFiAssembly_genomic
AT1G11270	OX291618.1	98.182	440	8	0	4896	5335	10508390	10508829	0	769	GCA_946407795.1_IP-Lor-16.PacbioHiFiAssembly_genomic
AT1G11270	OX291618.1	97.955	440	9	0	380	819	10512906	10513345	0	763	GCA_946407795.1_IP-Lor-16.PacbioHiFiAssembly_genomic
AT1G11270	OX291618.1	97.955	440	9	0	380	819	13992982	13992543	0	763	GCA_946407795.1_IP-Lor-16.PacbioHiFiAssembly_genomic
AT1G11270	OX291618.1	97.95	439	8	1	4897	5335	10876273	10875836	0	760	GCA_946407795.1_IP-Lor-16.PacbioHiFiAssembly_genomic
AT1G11270	OX291618.1	97.5	440	11	0	4896	5335	13997498	13997059	0	752	GCA_946407795.1_IP-Lor-16.PacbioHiFiAssembly_genomic
AT1G11270	OX291618.1	84.929	491	61	8	4623	5104	4028486	4028972	9.69e-135	484	GCA_946407795.1_IP-Lor-16.PacbioHiFiAssembly_genomic
AT1G11270	OX291618.1	84.929	491	61	8	4623	5104	4045374	4045860	9.69e-135	484	GCA_946407795.1_IP-Lor-16.PacbioHiFiAssembly_genomic
AT1G11270	OX291618.1	84.929	491	61	8	4623	5104	4062254	4062740	9.69e-135	484	GCA_946407795.1_IP-Lor-16.PacbioHiFiAssembly_genomic
AT1G11270	OX291618.1	83.934	361	51	7	1879	2237	17421229	17420874	7.98e-91	339	GCA_946407795.1_IP-Lor-16.PacbioHiFiAssembly_genomic
AT1G11270	OX291618.1	89.252	214	16	6	380	588	4028761	4028972	1.78e-67	261	GCA_946407795.1_IP-Lor-16.PacbioHiFiAssembly_genomic
AT1G11270	OX291618.1	89.252	214	16	6	380	588	4045649	4045860	1.78e-67	261	GCA_946407795.1_IP-Lor-16.PacbioHiFiAssembly_genomic
AT1G11270	OX291618.1	89.252	214	16	6	380	588	4062529	4062740	1.78e-67	261	GCA_946407795.1_IP-Lor-16.PacbioHiFiAssembly_genomic
AT1G11270	OX291619.1	97.359	4960	99	7	380	5336	13017776	13022706	0	8405	GCA_946407795.1_IP-Lor-16.PacbioHiFiAssembly_genomic
AT1G11270	OX291619.1	98.869	442	5	0	4895	5336	20457376	20457817	0	789	GCA_946407795.1_IP-Lor-16.PacbioHiFiAssembly_genomic
AT1G11270	OX291619.1	98.864	440	5	0	380	819	20457377	20457816	0	785	GCA_946407795.1_IP-Lor-16.PacbioHiFiAssembly_genomic
AT1G11270	OX291619.1	98.182	440	8	0	4896	5335	13017776	13018215	0	769	GCA_946407795.1_IP-Lor-16.PacbioHiFiAssembly_genomic
AT1G11270	OX291619.1	97.273	440	12	0	380	819	13022266	13022705	0	747	GCA_946407795.1_IP-Lor-16.PacbioHiFiAssembly_genomic
AT1G11270	OX291617.1	98.64	1397	1	1	5336	6714	3823488	3824884	0	2459	GCA_946407795.1_IP-Lor-16.PacbioHiFiAssembly_genomic
AT1G11270	OX291617.1	99.213	381	3	0	1	381	3823114	3823494	0	688	GCA_946407795.1_IP-Lor-16.PacbioHiFiAssembly_genomic
AT1G11270	OX291617.1	90.037	271	17	4	552	820	18866907	18867169	6.17e-92	342	GCA_946407795.1_IP-Lor-16.PacbioHiFiAssembly_genomic
AT1G11270	OX291617.1	90.262	267	17	3	5068	5333	18866907	18867165	2.22e-91	340	GCA_946407795.1_IP-Lor-16.PacbioHiFiAssembly_genomic
AT1G11270	OX291617.1	92.593	189	13	1	376	564	18866380	18866567	2.95e-70	270	GCA_946407795.1_IP-Lor-16.PacbioHiFiAssembly_genomic
AT1G11270	OX291617.1	92.973	185	12	1	4896	5080	18866384	18866567	1.06e-69	268	GCA_946407795.1_IP-Lor-16.PacbioHiFiAssembly_genomic
AT1G11270	OX291624.1	99.415	4956	28	1	380	5335	20323109	20328063	0	8990	GCA_946408365.1_SALE-A-10.PacbioHiFiAssembly_genomic
AT1G11270	OX291624.1	97.662	4961	86	6	380	5336	13127724	13132658	0	8492	GCA_946408365.1_SALE-A-10.PacbioHiFiAssembly_genomic
AT1G11270	OX291624.1	99.326	445	3	0	380	824	20327624	20328068	0	806	GCA_946408365.1_SALE-A-10.PacbioHiFiAssembly_genomic
AT1G11270	OX291624.1	99.32	441	3	0	4895	5335	20323108	20323548	0	798	GCA_946408365.1_SALE-A-10.PacbioHiFiAssembly_genomic
AT1G11270	OX291624.1	99.095	442	4	0	4895	5336	20618560	20619001	0	795	GCA_946408365.1_SALE-A-10.PacbioHiFiAssembly_genomic
AT1G11270	OX291624.1	99.091	440	4	0	380	819	20618561	20619000	0	791	GCA_946408365.1_SALE-A-10.PacbioHiFiAssembly_genomic
AT1G11270	OX291624.1	98.409	440	7	0	4896	5335	13127724	13128163	0	774	GCA_946408365.1_SALE-A-10.PacbioHiFiAssembly_genomic
AT1G11270	OX291624.1	97.727	440	10	0	380	819	13132218	13132657	0	758	GCA_946408365.1_SALE-A-10.PacbioHiFiAssembly_genomic
AT1G11270	OX291625.1	99.294	4959	32	2	380	5335	14910383	14905425	0	8961	GCA_946408365.1_SALE-A-10.PacbioHiFiAssembly_genomic
AT1G11270	OX291625.1	99.148	4810	41	0	526	5335	12313469	12318278	0	8656	GCA_946408365.1_SALE-A-10.PacbioHiFiAssembly_genomic
AT1G11270	OX291625.1	99.773	441	1	0	4895	5335	14910384	14909944	0	809	GCA_946408365.1_SALE-A-10.PacbioHiFiAssembly_genomic
AT1G11270	OX291625.1	98.434	447	5	1	380	824	14905866	14905420	0	785	GCA_946408365.1_SALE-A-10.PacbioHiFiAssembly_genomic
AT1G11270	OX291625.1	98.636	440	6	0	380	819	12317839	12318278	0	780	GCA_946408365.1_SALE-A-10.PacbioHiFiAssembly_genomic
AT1G11270	OX291625.1	98.639	294	4	0	5042	5335	12313469	12313762	7.22e-146	521	GCA_946408365.1_SALE-A-10.PacbioHiFiAssembly_genomic
AT1G11270	OX291625.1	98.425	127	1	1	4895	5020	12313363	12313489	8.2e-56	222	GCA_946408365.1_SALE-A-10.PacbioHiFiAssembly_genomic
AT1G11270	OX291625.1	98.413	126	1	1	380	504	12313364	12313489	2.95e-55	220	GCA_946408365.1_SALE-A-10.PacbioHiFiAssembly_genomic
AT1G11270	OX291626.1	99.173	4960	21	8	380	5335	3195541	3200484	0	8914	GCA_946408365.1_SALE-A-10.PacbioHiFiAssembly_genomic
AT1G11270	OX291626.1	97.523	444	1	4	380	821	3200051	3200486	0	750	GCA_946408365.1_SALE-A-10.PacbioHiFiAssembly_genomic
AT1G11270	OX291626.1	97.511	442	1	4	4896	5335	3195541	3195974	0	747	GCA_946408365.1_SALE-A-10.PacbioHiFiAssembly_genomic
AT1G11270	OX291626.1	100	31	0	0	4928	4958	3195603	3195573	2.45e-06	58.4	GCA_946408365.1_SALE-A-10.PacbioHiFiAssembly_genomic
AT1G11270	OX291626.1	100	31	0	0	412	442	3195603	3195573	2.45e-06	58.4	GCA_946408365.1_SALE-A-10.PacbioHiFiAssembly_genomic
AT1G11270	OX291626.1	100	31	0	0	4928	4958	3200113	3200083	2.45e-06	58.4	GCA_946408365.1_SALE-A-10.PacbioHiFiAssembly_genomic
AT1G11270	OX291626.1	100	31	0	0	412	442	3200113	3200083	2.45e-06	58.4	GCA_946408365.1_SALE-A-10.PacbioHiFiAssembly_genomic
AT1G11270	OX291623.1	99.011	4956	49	0	380	5335	9176607	9181562	0	8881	GCA_946408365.1_SALE-A-10.PacbioHiFiAssembly_genomic
AT1G11270	OX291623.1	83.077	1105	159	15	3452	4552	2751153	2752233	0	979	GCA_946408365.1_SALE-A-10.PacbioHiFiAssembly_genomic
AT1G11270	OX291623.1	97.955	440	9	0	380	819	9181123	9181562	0	763	GCA_946408365.1_SALE-A-10.PacbioHiFiAssembly_genomic
AT1G11270	OX291623.1	97.727	440	10	0	4896	5335	9176607	9177046	0	758	GCA_946408365.1_SALE-A-10.PacbioHiFiAssembly_genomic
AT1G11270	OX291623.1	85.319	361	49	4	1879	2237	15938276	15937918	2.77e-100	370	GCA_946408365.1_SALE-A-10.PacbioHiFiAssembly_genomic
AT1G11270	OX291622.1	98.734	948	11	1	5336	6283	3781778	3782724	0	1683	GCA_946408365.1_SALE-A-10.PacbioHiFiAssembly_genomic
AT1G11270	OX291622.1	99.213	381	3	0	1	381	3781404	3781784	0	688	GCA_946408365.1_SALE-A-10.PacbioHiFiAssembly_genomic
AT1G11270	OX291622.1	91.144	271	14	4	552	820	20864009	20864271	5.99e-97	359	GCA_946408365.1_SALE-A-10.PacbioHiFiAssembly_genomic
AT1G11270	OX291622.1	91.386	267	14	3	5068	5333	20864009	20864267	2.16e-96	357	GCA_946408365.1_SALE-A-10.PacbioHiFiAssembly_genomic
AT1G11270	OX291622.1	93.122	189	12	1	376	564	20863478	20863665	6.21e-72	276	GCA_946408365.1_SALE-A-10.PacbioHiFiAssembly_genomic
AT1G11270	OX291622.1	93.514	185	11	1	4896	5080	20863482	20863665	2.23e-71	274	GCA_946408365.1_SALE-A-10.PacbioHiFiAssembly_genomic
AT1G11270	OX291622.1	87.568	185	14	5	6360	6544	3782908	3783083	8.26e-51	206	GCA_946408365.1_SALE-A-10.PacbioHiFiAssembly_genomic
AT1G11270	OX291631.1	99.435	4958	26	2	380	5335	9537623	9532666	0	8999	GCA_946408575.1_CAMA-C-9.PacbioHiFiAssembly_genomic
AT1G11270	OX291631.1	99.095	442	3	1	4895	5335	9537624	9537183	0	793	GCA_946408575.1_CAMA-C-9.PacbioHiFiAssembly_genomic
AT1G11270	OX291631.1	99.093	441	3	1	380	819	9533106	9532666	0	791	GCA_946408575.1_CAMA-C-9.PacbioHiFiAssembly_genomic
AT1G11270	OX291630.1	99.374	4955	30	1	380	5333	16478834	16473880	0	8977	GCA_946408575.1_CAMA-C-9.PacbioHiFiAssembly_genomic
AT1G11270	OX291630.1	99.546	441	2	0	4895	5335	16478835	16478395	0	804	GCA_946408575.1_CAMA-C-9.PacbioHiFiAssembly_genomic
AT1G11270	OX291630.1	99.087	438	4	0	380	817	16474317	16473880	0	787	GCA_946408575.1_CAMA-C-9.PacbioHiFiAssembly_genomic
AT1G11270	OX291628.1	98.991	4956	50	0	380	5335	9457339	9462294	0	8876	GCA_946408575.1_CAMA-C-9.PacbioHiFiAssembly_genomic
AT1G11270	OX291628.1	82.986	1105	160	15	3452	4552	3120655	3121735	0	974	GCA_946408575.1_CAMA-C-9.PacbioHiFiAssembly_genomic
AT1G11270	OX291628.1	97.955	440	9	0	380	819	9461855	9462294	0	763	GCA_946408575.1_CAMA-C-9.PacbioHiFiAssembly_genomic
AT1G11270	OX291628.1	97.727	440	10	0	4896	5335	9457339	9457778	0	758	GCA_946408575.1_CAMA-C-9.PacbioHiFiAssembly_genomic
AT1G11270	OX291628.1	85.873	361	47	4	1879	2237	16218889	16218531	1.27e-103	381	GCA_946408575.1_CAMA-C-9.PacbioHiFiAssembly_genomic
AT1G11270	OX291627.1	99.083	2835	26	0	2501	5335	7696718	7699552	0	5092	GCA_946408575.1_CAMA-C-9.PacbioHiFiAssembly_genomic
AT1G11270	OX291627.1	98.776	2124	26	0	380	2503	7694361	7696484	0	3779	GCA_946408575.1_CAMA-C-9.PacbioHiFiAssembly_genomic
AT1G11270	OX291627.1	98.734	948	11	1	5336	6283	3785973	3786919	0	1683	GCA_946408575.1_CAMA-C-9.PacbioHiFiAssembly_genomic
AT1G11270	OX291627.1	98.864	440	5	0	380	819	7699113	7699552	0	785	GCA_946408575.1_CAMA-C-9.PacbioHiFiAssembly_genomic
AT1G11270	OX291627.1	98.214	448	7	1	4888	5335	7691704	7692150	0	782	GCA_946408575.1_CAMA-C-9.PacbioHiFiAssembly_genomic
AT1G11270	OX291627.1	98.636	440	5	1	380	819	7691712	7692150	0	778	GCA_946408575.1_CAMA-C-9.PacbioHiFiAssembly_genomic
AT1G11270	OX291627.1	97.506	441	11	0	4895	5335	7694360	7694800	0	754	GCA_946408575.1_CAMA-C-9.PacbioHiFiAssembly_genomic
AT1G11270	OX291627.1	99.213	381	3	0	1	381	3785599	3785979	0	688	GCA_946408575.1_CAMA-C-9.PacbioHiFiAssembly_genomic
AT1G11270	OX291627.1	90.037	271	17	4	552	820	20237641	20237903	5.99e-92	342	GCA_946408575.1_CAMA-C-9.PacbioHiFiAssembly_genomic
AT1G11270	OX291627.1	90.262	267	17	3	5068	5333	20237641	20237899	2.15e-91	340	GCA_946408575.1_CAMA-C-9.PacbioHiFiAssembly_genomic
AT1G11270	OX291627.1	92.593	189	13	1	376	564	20237114	20237301	2.87e-70	270	GCA_946408575.1_CAMA-C-9.PacbioHiFiAssembly_genomic
AT1G11270	OX291627.1	92.973	185	12	1	4896	5080	20237118	20237301	1.03e-69	268	GCA_946408575.1_CAMA-C-9.PacbioHiFiAssembly_genomic
AT1G11270	OX291627.1	87.568	185	14	5	6360	6544	3787103	3787278	8.2e-51	206	GCA_946408575.1_CAMA-C-9.PacbioHiFiAssembly_genomic
AT1G11270	OX291649.1	99.496	4962	22	3	377	5335	18867190	18872151	0	9022	GCA_946408975.1_BELC-C-12.PacbioHiFiAssembly_genomic
AT1G11270	OX291649.1	99.354	4957	32	0	380	5336	24356030	24351074	0	8977	GCA_946408975.1_BELC-C-12.PacbioHiFiAssembly_genomic
AT1G11270	OX291649.1	98.734	948	11	1	5336	6283	3769634	3770580	0	1683	GCA_946408975.1_BELC-C-12.PacbioHiFiAssembly_genomic
AT1G11270	OX291649.1	99.549	443	1	1	380	821	18871711	18872153	0	806	GCA_946408975.1_BELC-C-12.PacbioHiFiAssembly_genomic
AT1G11270	OX291649.1	99.32	441	2	1	4896	5335	18867194	18867634	0	797	GCA_946408975.1_BELC-C-12.PacbioHiFiAssembly_genomic
AT1G11270	OX291649.1	98.864	440	5	0	380	819	24351514	24351075	0	785	GCA_946408975.1_BELC-C-12.PacbioHiFiAssembly_genomic
AT1G11270	OX291649.1	98.413	441	7	0	4895	5335	24356031	24355591	0	776	GCA_946408975.1_BELC-C-12.PacbioHiFiAssembly_genomic
AT1G11270	OX291649.1	99.213	381	3	0	1	381	3769260	3769640	0	688	GCA_946408975.1_BELC-C-12.PacbioHiFiAssembly_genomic
AT1G11270	OX291649.1	90.406	271	15	5	552	820	18682444	18682705	4.65e-93	346	GCA_946408975.1_BELC-C-12.PacbioHiFiAssembly_genomic
AT1G11270	OX291649.1	90.637	267	15	4	5068	5333	18682444	18682701	4.65e-93	346	GCA_946408975.1_BELC-C-12.PacbioHiFiAssembly_genomic
AT1G11270	OX291649.1	92.593	189	13	1	376	564	18681917	18682104	2.88e-70	270	GCA_946408975.1_BELC-C-12.PacbioHiFiAssembly_genomic
AT1G11270	OX291649.1	92.973	185	12	1	4896	5080	18681921	18682104	1.04e-69	268	GCA_946408975.1_BELC-C-12.PacbioHiFiAssembly_genomic
AT1G11270	OX291649.1	87.568	185	14	5	6360	6544	3770764	3770939	8.23e-51	206	GCA_946408975.1_BELC-C-12.PacbioHiFiAssembly_genomic
AT1G11270	OX291652.1	98.567	4814	36	3	526	5333	14884040	14888826	0	8477	GCA_946408975.1_BELC-C-12.PacbioHiFiAssembly_genomic
AT1G11270	OX291652.1	99.085	437	4	0	381	817	14888390	14888826	0	785	GCA_946408975.1_BELC-C-12.PacbioHiFiAssembly_genomic
AT1G11270	OX291652.1	98.639	294	4	0	5042	5335	14884040	14884333	7.2e-146	521	GCA_946408975.1_BELC-C-12.PacbioHiFiAssembly_genomic
AT1G11270	OX291652.1	97.638	127	2	1	4895	5020	14883934	14884060	3.8e-54	217	GCA_946408975.1_BELC-C-12.PacbioHiFiAssembly_genomic
AT1G11270	OX291652.1	97.619	126	2	1	380	504	14883935	14884060	1.37e-53	215	GCA_946408975.1_BELC-C-12.PacbioHiFiAssembly_genomic
AT1G11270	OX291650.1	99.206	4409	35	0	380	4788	10555292	10559700	0	7949	GCA_946408975.1_BELC-C-12.PacbioHiFiAssembly_genomic
AT1G11270	OX291650.1	83.363	1106	154	17	3452	4552	2953416	2954496	0	996	GCA_946408975.1_BELC-C-12.PacbioHiFiAssembly_genomic
AT1G11270	OX291650.1	98.182	440	8	0	4896	5335	10555292	10555731	0	769	GCA_946408975.1_BELC-C-12.PacbioHiFiAssembly_genomic
AT1G11270	OX291650.1	97.959	441	9	0	4895	5335	10559698	10560138	0	765	GCA_946408975.1_BELC-C-12.PacbioHiFiAssembly_genomic
AT1G11270	OX291650.1	97.955	440	9	0	380	819	10559699	10560138	0	763	GCA_946408975.1_BELC-C-12.PacbioHiFiAssembly_genomic
AT1G11270	OX291650.1	84.318	491	64	8	4623	5104	2954511	2954997	9.51e-130	468	GCA_946408975.1_BELC-C-12.PacbioHiFiAssembly_genomic
AT1G11270	OX291650.1	85.873	361	47	4	1879	2237	17399486	17399128	1.27e-103	381	GCA_946408975.1_BELC-C-12.PacbioHiFiAssembly_genomic
AT1G11270	OX291650.1	87.85	214	19	6	380	588	2954786	2954997	1.74e-62	244	GCA_946408975.1_BELC-C-12.PacbioHiFiAssembly_genomic
AT1G11270	OX291651.1	92.038	1369	96	8	3159	4526	17046528	17045172	0	1912	GCA_946408975.1_BELC-C-12.PacbioHiFiAssembly_genomic
AT1G11270	OX291651.1	93.604	813	51	1	4523	5335	17045009	17044198	0	1212	GCA_946408975.1_BELC-C-12.PacbioHiFiAssembly_genomic
AT1G11270	OX291651.1	94.218	761	32	7	380	1139	17044636	17043887	0	1151	GCA_946408975.1_BELC-C-12.PacbioHiFiAssembly_genomic
AT1G11270	OX291657.1	99.395	4955	29	1	380	5333	14758545	14753591	0	8983	GCA_946409395.1_BROU-A-10.PacbioHiFiAssembly_genomic
AT1G11270	OX291657.1	99.546	441	2	0	4895	5335	14758546	14758106	0	804	GCA_946409395.1_BROU-A-10.PacbioHiFiAssembly_genomic
AT1G11270	OX291657.1	99.087	438	4	0	380	817	14754028	14753591	0	787	GCA_946409395.1_BROU-A-10.PacbioHiFiAssembly_genomic
AT1G11270	OX291659.1	99.214	4959	37	2	380	5336	10390530	10395488	0	8940	GCA_946409395.1_BROU-A-10.PacbioHiFiAssembly_genomic
AT1G11270	OX291659.1	99.031	4956	48	0	380	5335	10847090	10852045	0	8887	GCA_946409395.1_BROU-A-10.PacbioHiFiAssembly_genomic
AT1G11270	OX291659.1	83.348	1105	156	15	3452	4552	3914520	3915600	0	996	GCA_946409395.1_BROU-A-10.PacbioHiFiAssembly_genomic
AT1G11270	OX291659.1	98.186	441	7	1	380	819	10395047	10395487	0	769	GCA_946409395.1_BROU-A-10.PacbioHiFiAssembly_genomic
AT1G11270	OX291659.1	98.182	440	8	0	4896	5335	10847090	10847529	0	769	GCA_946409395.1_BROU-A-10.PacbioHiFiAssembly_genomic
AT1G11270	OX291659.1	97.959	441	8	1	4896	5335	10390530	10390970	0	763	GCA_946409395.1_BROU-A-10.PacbioHiFiAssembly_genomic
AT1G11270	OX291659.1	97.5	440	11	0	380	819	10851606	10852045	0	752	GCA_946409395.1_BROU-A-10.PacbioHiFiAssembly_genomic
AT1G11270	OX291659.1	84.725	491	62	8	4623	5104	3915615	3916101	4.32e-133	479	GCA_946409395.1_BROU-A-10.PacbioHiFiAssembly_genomic
AT1G11270	OX291659.1	85.359	362	47	6	1879	2237	17636653	17636295	2.71e-100	370	GCA_946409395.1_BROU-A-10.PacbioHiFiAssembly_genomic
AT1G11270	OX291659.1	88.785	214	17	6	380	588	3915890	3916101	7.93e-66	255	GCA_946409395.1_BROU-A-10.PacbioHiFiAssembly_genomic
AT1G11270	OX291658.1	99.031	4956	48	0	380	5335	26653143	26658098	0	8887	GCA_946409395.1_BROU-A-10.PacbioHiFiAssembly_genomic
AT1G11270	OX291658.1	97.738	442	10	0	380	821	26657659	26658100	0	761	GCA_946409395.1_BROU-A-10.PacbioHiFiAssembly_genomic
AT1G11270	OX291658.1	97.727	440	10	0	4896	5335	26653143	26653582	0	758	GCA_946409395.1_BROU-A-10.PacbioHiFiAssembly_genomic
AT1G11270	OX291656.1	92.33	1369	97	7	3159	4526	17277852	17276491	0	1940	GCA_946409395.1_BROU-A-10.PacbioHiFiAssembly_genomic
AT1G11270	OX291656.1	93.481	813	52	1	4523	5335	17276328	17275517	0	1206	GCA_946409395.1_BROU-A-10.PacbioHiFiAssembly_genomic
AT1G11270	OX291656.1	93.684	760	38	5	380	1139	17275955	17275206	0	1129	GCA_946409395.1_BROU-A-10.PacbioHiFiAssembly_genomic
AT1G11270	OX291656.1	99.095	442	4	0	4895	5336	19833257	19833698	0	795	GCA_946409395.1_BROU-A-10.PacbioHiFiAssembly_genomic
AT1G11270	OX291656.1	99.091	440	4	0	380	819	19833258	19833697	0	791	GCA_946409395.1_BROU-A-10.PacbioHiFiAssembly_genomic
AT1G11270	OX291655.1	98.734	948	11	1	5336	6283	3779728	3780674	0	1683	GCA_946409395.1_BROU-A-10.PacbioHiFiAssembly_genomic
AT1G11270	OX291655.1	99.213	381	3	0	1	381	3779354	3779734	0	688	GCA_946409395.1_BROU-A-10.PacbioHiFiAssembly_genomic
AT1G11270	OX291655.1	90.037	271	17	4	552	820	20165109	20165371	5.92e-92	342	GCA_946409395.1_BROU-A-10.PacbioHiFiAssembly_genomic
AT1G11270	OX291655.1	90.262	267	17	3	5068	5333	20165109	20165367	2.13e-91	340	GCA_946409395.1_BROU-A-10.PacbioHiFiAssembly_genomic
AT1G11270	OX291655.1	92.593	189	13	1	376	564	20164582	20164769	2.83e-70	270	GCA_946409395.1_BROU-A-10.PacbioHiFiAssembly_genomic
AT1G11270	OX291655.1	92.973	185	12	1	4896	5080	20164586	20164769	1.02e-69	268	GCA_946409395.1_BROU-A-10.PacbioHiFiAssembly_genomic
AT1G11270	OX291655.1	87.568	185	14	5	6360	6544	3780858	3781033	8.1e-51	206	GCA_946409395.1_BROU-A-10.PacbioHiFiAssembly_genomic
AT1G11270	OX291673.1	99.415	4956	28	1	380	5335	20390471	20395425	0	8990	GCA_946409815.1_SALE-A-17.PacbioHiFiAssembly_genomic
AT1G11270	OX291673.1	97.662	4961	86	6	380	5336	13199616	13204550	0	8492	GCA_946409815.1_SALE-A-17.PacbioHiFiAssembly_genomic
AT1G11270	OX291673.1	99.294	3964	18	2	386	4339	7449737	7453700	0	7156	GCA_946409815.1_SALE-A-17.PacbioHiFiAssembly_genomic
AT1G11270	OX291673.1	99.18	976	7	1	4361	5335	7453692	7454667	0	1757	GCA_946409815.1_SALE-A-17.PacbioHiFiAssembly_genomic
AT1G11270	OX291673.1	99.326	445	3	0	380	824	20394986	20395430	0	806	GCA_946409815.1_SALE-A-17.PacbioHiFiAssembly_genomic
AT1G11270	OX291673.1	99.548	442	1	1	380	820	7454227	7454668	0	804	GCA_946409815.1_SALE-A-17.PacbioHiFiAssembly_genomic
AT1G11270	OX291673.1	99.32	441	3	0	4895	5335	20390470	20390910	0	798	GCA_946409815.1_SALE-A-17.PacbioHiFiAssembly_genomic
AT1G11270	OX291673.1	99.095	442	4	0	4895	5336	20685918	20686359	0	795	GCA_946409815.1_SALE-A-17.PacbioHiFiAssembly_genomic
AT1G11270	OX291673.1	99.091	440	4	0	380	819	20685919	20686358	0	791	GCA_946409815.1_SALE-A-17.PacbioHiFiAssembly_genomic
AT1G11270	OX291673.1	98.409	440	7	0	4896	5335	13199616	13200055	0	774	GCA_946409815.1_SALE-A-17.PacbioHiFiAssembly_genomic
AT1G11270	OX291673.1	97.727	440	10	0	380	819	13204110	13204549	0	758	GCA_946409815.1_SALE-A-17.PacbioHiFiAssembly_genomic
AT1G11270	OX291673.1	97.743	443	1	1	4902	5335	7449737	7450179	0	754	GCA_946409815.1_SALE-A-17.PacbioHiFiAssembly_genomic
AT1G11270	OX291674.1	99.294	4959	32	2	380	5335	14865734	14860776	0	8961	GCA_946409815.1_SALE-A-17.PacbioHiFiAssembly_genomic
AT1G11270	OX291674.1	99.148	4810	41	0	526	5335	12277210	12282019	0	8656	GCA_946409815.1_SALE-A-17.PacbioHiFiAssembly_genomic
AT1G11270	OX291674.1	99.773	441	1	0	4895	5335	14865735	14865295	0	809	GCA_946409815.1_SALE-A-17.PacbioHiFiAssembly_genomic
AT1G11270	OX291674.1	98.434	447	5	1	380	824	14861217	14860771	0	785	GCA_946409815.1_SALE-A-17.PacbioHiFiAssembly_genomic
AT1G11270	OX291674.1	98.636	440	6	0	380	819	12281580	12282019	0	780	GCA_946409815.1_SALE-A-17.PacbioHiFiAssembly_genomic
AT1G11270	OX291674.1	98.639	294	4	0	5042	5335	12277210	12277503	7.16e-146	521	GCA_946409815.1_SALE-A-17.PacbioHiFiAssembly_genomic
AT1G11270	OX291674.1	98.425	127	1	1	4895	5020	12277104	12277230	8.13e-56	222	GCA_946409815.1_SALE-A-17.PacbioHiFiAssembly_genomic
AT1G11270	OX291674.1	98.413	126	1	1	380	504	12277105	12277230	2.93e-55	220	GCA_946409815.1_SALE-A-17.PacbioHiFiAssembly_genomic
AT1G11270	OX291675.1	99.173	4960	21	8	380	5335	3196118	3201061	0	8914	GCA_946409815.1_SALE-A-17.PacbioHiFiAssembly_genomic
AT1G11270	OX291675.1	97.523	444	1	4	380	821	3200628	3201063	0	750	GCA_946409815.1_SALE-A-17.PacbioHiFiAssembly_genomic
AT1G11270	OX291675.1	97.511	442	1	4	4896	5335	3196118	3196551	0	747	GCA_946409815.1_SALE-A-17.PacbioHiFiAssembly_genomic
AT1G11270	OX291675.1	100	31	0	0	4928	4958	3196180	3196150	2.43e-06	58.4	GCA_946409815.1_SALE-A-17.PacbioHiFiAssembly_genomic
AT1G11270	OX291675.1	100	31	0	0	412	442	3196180	3196150	2.43e-06	58.4	GCA_946409815.1_SALE-A-17.PacbioHiFiAssembly_genomic
AT1G11270	OX291675.1	100	31	0	0	4928	4958	3200690	3200660	2.43e-06	58.4	GCA_946409815.1_SALE-A-17.PacbioHiFiAssembly_genomic
AT1G11270	OX291675.1	100	31	0	0	412	442	3200690	3200660	2.43e-06	58.4	GCA_946409815.1_SALE-A-17.PacbioHiFiAssembly_genomic
AT1G11270	OX291672.1	99.011	4956	49	0	380	5335	9793650	9798605	0	8881	GCA_946409815.1_SALE-A-17.PacbioHiFiAssembly_genomic
AT1G11270	OX291672.1	83.077	1105	159	15	3452	4552	3364479	3365559	0	979	GCA_946409815.1_SALE-A-17.PacbioHiFiAssembly_genomic
AT1G11270	OX291672.1	97.955	440	9	0	380	819	9798166	9798605	0	763	GCA_946409815.1_SALE-A-17.PacbioHiFiAssembly_genomic
AT1G11270	OX291672.1	97.727	440	10	0	4896	5335	9793650	9794089	0	758	GCA_946409815.1_SALE-A-17.PacbioHiFiAssembly_genomic
AT1G11270	OX291672.1	85.319	361	49	4	1879	2237	16554579	16554221	2.74e-100	370	GCA_946409815.1_SALE-A-17.PacbioHiFiAssembly_genomic
AT1G11270	OX291671.1	98.734	948	11	1	5336	6283	3781957	3782903	0	1683	GCA_946409815.1_SALE-A-17.PacbioHiFiAssembly_genomic
AT1G11270	OX291671.1	99.213	381	3	0	1	381	3781583	3781963	0	688	GCA_946409815.1_SALE-A-17.PacbioHiFiAssembly_genomic
AT1G11270	OX291671.1	91.144	271	14	4	552	820	20900275	20900537	5.94e-97	359	GCA_946409815.1_SALE-A-17.PacbioHiFiAssembly_genomic
AT1G11270	OX291671.1	91.386	267	14	3	5068	5333	20900275	20900533	2.14e-96	357	GCA_946409815.1_SALE-A-17.PacbioHiFiAssembly_genomic
AT1G11270	OX291671.1	93.122	189	12	1	376	564	20899744	20899931	6.16e-72	276	GCA_946409815.1_SALE-A-17.PacbioHiFiAssembly_genomic
AT1G11270	OX291671.1	93.514	185	11	1	4896	5080	20899748	20899931	2.21e-71	274	GCA_946409815.1_SALE-A-17.PacbioHiFiAssembly_genomic
AT1G11270	OX291671.1	87.568	185	14	5	6360	6544	3783087	3783262	8.19e-51	206	GCA_946409815.1_SALE-A-17.PacbioHiFiAssembly_genomic
AT1G11270	OX291680.1	99.435	4954	27	1	382	5335	10603752	10598800	0	8992	GCA_946410165.1_BARC-A-12.PacbioHiFiAssembly_genomic
AT1G11270	OX291680.1	99.087	438	3	1	382	819	10599236	10598800	0	785	GCA_946410165.1_BARC-A-12.PacbioHiFiAssembly_genomic
AT1G11270	OX291680.1	99.087	438	3	1	4898	5335	10603752	10603316	0	785	GCA_946410165.1_BARC-A-12.PacbioHiFiAssembly_genomic
AT1G11270	OX291681.1	99.153	4957	35	1	379	5335	22067111	22072060	0	8914	GCA_946410165.1_BARC-A-12.PacbioHiFiAssembly_genomic
AT1G11270	OX291681.1	99.44	4641	20	4	380	5020	9869604	9874238	0	8421	GCA_946410165.1_BARC-A-12.PacbioHiFiAssembly_genomic
AT1G11270	OX291681.1	100	440	0	0	4896	5335	9869604	9870043	0	813	GCA_946410165.1_BARC-A-12.PacbioHiFiAssembly_genomic
AT1G11270	OX291681.1	99.318	440	3	0	380	819	22071621	22072060	0	797	GCA_946410165.1_BARC-A-12.PacbioHiFiAssembly_genomic
AT1G11270	OX291681.1	99.091	440	4	0	4896	5335	22067112	22067551	0	791	GCA_946410165.1_BARC-A-12.PacbioHiFiAssembly_genomic
AT1G11270	OX291681.1	99.057	318	2	1	504	821	9874197	9874513	2.55e-160	569	GCA_946410165.1_BARC-A-12.PacbioHiFiAssembly_genomic
AT1G11270	OX291681.1	99.051	316	2	1	5020	5335	9874197	9874511	3.3e-159	566	GCA_946410165.1_BARC-A-12.PacbioHiFiAssembly_genomic
AT1G11270	OX291681.1	93.6	125	2	4	380	504	9874120	9874238	1.4e-43	182	GCA_946410165.1_BARC-A-12.PacbioHiFiAssembly_genomic
AT1G11270	OX291679.1	97.682	4961	85	6	380	5336	13239280	13244214	0	8497	GCA_946410165.1_BARC-A-12.PacbioHiFiAssembly_genomic
AT1G11270	OX291679.1	98.409	440	7	0	4896	5335	13239280	13239719	0	774	GCA_946410165.1_BARC-A-12.PacbioHiFiAssembly_genomic
AT1G11270	OX291679.1	97.727	440	10	0	380	819	13243774	13244213	0	758	GCA_946410165.1_BARC-A-12.PacbioHiFiAssembly_genomic
AT1G11270	OX291677.1	99.855	1381	0	1	5336	6714	3776037	3777417	0	2538	GCA_946410165.1_BARC-A-12.PacbioHiFiAssembly_genomic
AT1G11270	OX291677.1	98.95	381	4	0	1	381	3775663	3776043	0	682	GCA_946410165.1_BARC-A-12.PacbioHiFiAssembly_genomic
AT1G11270	OX291677.1	90.775	271	15	4	552	820	21654462	21654724	2.8e-95	353	GCA_946410165.1_BARC-A-12.PacbioHiFiAssembly_genomic
AT1G11270	OX291677.1	91.011	267	15	3	5068	5333	21654462	21654720	1.01e-94	351	GCA_946410165.1_BARC-A-12.PacbioHiFiAssembly_genomic
AT1G11270	OX291677.1	88.36	189	9	5	376	564	21653947	21654122	1.38e-53	215	GCA_946410165.1_BARC-A-12.PacbioHiFiAssembly_genomic
AT1G11270	OX291677.1	88.649	185	8	5	4896	5080	21653951	21654122	4.95e-53	213	GCA_946410165.1_BARC-A-12.PacbioHiFiAssembly_genomic
AT1G11270	OX291678.1	83.077	1105	159	15	3452	4552	2786214	2787294	0	979	GCA_946410165.1_BARC-A-12.PacbioHiFiAssembly_genomic
AT1G11270	OX291678.1	85.596	361	48	4	1879	2237	16671703	16671345	5.97e-102	375	GCA_946410165.1_BARC-A-12.PacbioHiFiAssembly_genomic
AT1G11270	OX291684.1	98.93	4952	53	0	380	5331	10677311	10672360	0	8852	GCA_946410485.1_IP-Alo-19.PacbioHiFiAssembly_genomic
AT1G11270	OX291684.1	97.44	4960	94	8	380	5336	13280707	13285636	0	8425	GCA_946410485.1_IP-Alo-19.PacbioHiFiAssembly_genomic
AT1G11270	OX291684.1	91.673	1369	104	8	3159	4526	18377293	18375934	0	1888	GCA_946410485.1_IP-Alo-19.PacbioHiFiAssembly_genomic
AT1G11270	OX291684.1	94.096	813	48	0	4523	5335	18143909	18144721	0	1236	GCA_946410485.1_IP-Alo-19.PacbioHiFiAssembly_genomic
AT1G11270	OX291684.1	93.973	813	49	0	4523	5335	18375771	18374959	0	1230	GCA_946410485.1_IP-Alo-19.PacbioHiFiAssembly_genomic
AT1G11270	OX291684.1	94.474	760	33	4	380	1139	18375398	18374648	0	1162	GCA_946410485.1_IP-Alo-19.PacbioHiFiAssembly_genomic
AT1G11270	OX291684.1	93.947	760	37	4	380	1139	18144282	18145032	0	1140	GCA_946410485.1_IP-Alo-19.PacbioHiFiAssembly_genomic
AT1G11270	OX291684.1	97.955	440	9	0	4896	5335	13280707	13281146	0	763	GCA_946410485.1_IP-Alo-19.PacbioHiFiAssembly_genomic
AT1G11270	OX291684.1	97.727	440	10	0	4896	5335	10677311	10676872	0	758	GCA_946410485.1_IP-Alo-19.PacbioHiFiAssembly_genomic
AT1G11270	OX291684.1	97.936	436	9	0	380	815	10672795	10672360	0	756	GCA_946410485.1_IP-Alo-19.PacbioHiFiAssembly_genomic
AT1G11270	OX291684.1	97.5	440	11	0	380	819	13285196	13285635	0	752	GCA_946410485.1_IP-Alo-19.PacbioHiFiAssembly_genomic
AT1G11270	OX291684.1	94.152	171	10	0	4356	4526	18138896	18139066	1.76e-67	261	GCA_946410485.1_IP-Alo-19.PacbioHiFiAssembly_genomic
AT1G11270	OX291682.1	99.566	1381	4	1	5336	6714	3816028	3817408	0	2516	GCA_946410485.1_IP-Alo-19.PacbioHiFiAssembly_genomic
AT1G11270	OX291682.1	96.923	390	3	1	1	381	3815645	3816034	0	645	GCA_946410485.1_IP-Alo-19.PacbioHiFiAssembly_genomic
AT1G11270	OX291682.1	90.775	271	15	4	552	820	19428971	19429233	2.82e-95	353	GCA_946410485.1_IP-Alo-19.PacbioHiFiAssembly_genomic
AT1G11270	OX291682.1	91.011	267	15	3	5068	5333	19428971	19429229	1.02e-94	351	GCA_946410485.1_IP-Alo-19.PacbioHiFiAssembly_genomic
AT1G11270	OX291682.1	93.122	189	12	1	376	564	19428444	19428631	6.29e-72	276	GCA_946410485.1_IP-Alo-19.PacbioHiFiAssembly_genomic
AT1G11270	OX291682.1	93.514	185	11	1	4896	5080	19428448	19428631	2.26e-71	274	GCA_946410485.1_IP-Alo-19.PacbioHiFiAssembly_genomic
AT1G11270	OX291685.1	99.366	1262	7	1	382	1643	10395826	10394566	0	2285	GCA_946410485.1_IP-Alo-19.PacbioHiFiAssembly_genomic
AT1G11270	OX291685.1	99.315	438	2	1	4898	5335	10395826	10395390	0	791	GCA_946410485.1_IP-Alo-19.PacbioHiFiAssembly_genomic
AT1G11270	OX291683.1	82.986	1105	160	15	3452	4552	3247375	3248455	0	974	GCA_946410485.1_IP-Alo-19.PacbioHiFiAssembly_genomic
AT1G11270	OX291683.1	84.929	491	61	8	4623	5104	3248470	3248956	9.6e-135	484	GCA_946410485.1_IP-Alo-19.PacbioHiFiAssembly_genomic
AT1G11270	OX291683.1	86.501	363	41	7	1879	2237	17506125	17505767	5.99e-107	392	GCA_946410485.1_IP-Alo-19.PacbioHiFiAssembly_genomic
AT1G11270	OX291683.1	89.252	214	16	6	380	588	3248745	3248956	1.76e-67	261	GCA_946410485.1_IP-Alo-19.PacbioHiFiAssembly_genomic
AT1G11270	OX291698.1	99.314	4954	31	3	382	5335	9787956	9783006	0	8957	GCA_946411375.1_IP-Cas-0.9831.PacbioHiFiAssembly_genomic
AT1G11270	OX291698.1	99.315	438	2	1	382	819	9783442	9783006	0	791	GCA_946411375.1_IP-Cas-0.9831.PacbioHiFiAssembly_genomic
AT1G11270	OX291698.1	98.858	438	2	3	4898	5335	9787956	9787522	0	778	GCA_946411375.1_IP-Cas-0.9831.PacbioHiFiAssembly_genomic
AT1G11270	OX291697.1	96.795	4961	98	9	380	5336	13190321	13195224	0	8224	GCA_946411375.1_IP-Cas-0.9831.PacbioHiFiAssembly_genomic
AT1G11270	OX291697.1	97.955	440	9	0	4896	5335	13190321	13190760	0	763	GCA_946411375.1_IP-Cas-0.9831.PacbioHiFiAssembly_genomic
AT1G11270	OX291697.1	97.5	440	11	0	380	819	13194784	13195223	0	752	GCA_946411375.1_IP-Cas-0.9831.PacbioHiFiAssembly_genomic
AT1G11270	OX291695.1	99.495	1385	1	1	5336	6714	3786963	3788347	0	2514	GCA_946411375.1_IP-Cas-0.9831.PacbioHiFiAssembly_genomic
AT1G11270	OX291695.1	99.738	381	1	0	1	381	3786589	3786969	0	699	GCA_946411375.1_IP-Cas-0.9831.PacbioHiFiAssembly_genomic
AT1G11270	OX291695.1	91.144	271	14	4	552	820	18825420	18825682	5.97e-97	359	GCA_946411375.1_IP-Cas-0.9831.PacbioHiFiAssembly_genomic
AT1G11270	OX291695.1	91.386	267	14	3	5068	5333	18825420	18825678	2.15e-96	357	GCA_946411375.1_IP-Cas-0.9831.PacbioHiFiAssembly_genomic
AT1G11270	OX291695.1	92.593	189	13	1	376	564	18824889	18825076	2.88e-70	270	GCA_946411375.1_IP-Cas-0.9831.PacbioHiFiAssembly_genomic
AT1G11270	OX291695.1	92.973	185	12	1	4896	5080	18824893	18825076	1.03e-69	268	GCA_946411375.1_IP-Cas-0.9831.PacbioHiFiAssembly_genomic
AT1G11270	OX291696.1	82.896	1105	158	18	3452	4552	3356399	3357476	0	965	GCA_946411375.1_IP-Cas-0.9831.PacbioHiFiAssembly_genomic
AT1G11270	OX291696.1	84.929	491	61	8	4623	5104	3357491	3357977	9.44e-135	484	GCA_946411375.1_IP-Cas-0.9831.PacbioHiFiAssembly_genomic
AT1G11270	OX291696.1	85.873	361	47	4	1879	2237	18149673	18149315	1.27e-103	381	GCA_946411375.1_IP-Cas-0.9831.PacbioHiFiAssembly_genomic
AT1G11270	OX291696.1	89.252	214	16	6	380	588	3357766	3357977	1.73e-67	261	GCA_946411375.1_IP-Cas-0.9831.PacbioHiFiAssembly_genomic
AT1G11270	OX291703.1	99.516	4958	22	2	379	5336	20172309	20167354	0	9022	GCA_946411425.1_IP-Hom-0.PacbioHiFiAssembly_genomic
AT1G11270	OX291703.1	99.773	440	0	1	380	819	20167793	20167355	0	806	GCA_946411425.1_IP-Hom-0.PacbioHiFiAssembly_genomic
AT1G11270	OX291703.1	99.773	440	0	1	4896	5335	20172308	20171870	0	806	GCA_946411425.1_IP-Hom-0.PacbioHiFiAssembly_genomic
AT1G11270	OX291704.1	99.496	4956	25	0	380	5335	18536348	18531393	0	9014	GCA_946411425.1_IP-Hom-0.PacbioHiFiAssembly_genomic
AT1G11270	OX291704.1	99.454	4949	27	0	380	5328	18531832	18526884	0	8990	GCA_946411425.1_IP-Hom-0.PacbioHiFiAssembly_genomic
AT1G11270	OX291704.1	99.259	4455	30	2	380	4834	3295518	3299969	0	8041	GCA_946411425.1_IP-Hom-0.PacbioHiFiAssembly_genomic
AT1G11270	OX291704.1	100	440	0	0	4896	5335	18536348	18535909	0	813	GCA_946411425.1_IP-Hom-0.PacbioHiFiAssembly_genomic
AT1G11270	OX291704.1	99.091	440	1	2	4896	5335	3295518	3295954	0	787	GCA_946411425.1_IP-Hom-0.PacbioHiFiAssembly_genomic
AT1G11270	OX291704.1	99.307	433	3	0	380	812	18527316	18526884	0	784	GCA_946411425.1_IP-Hom-0.PacbioHiFiAssembly_genomic
AT1G11270	OX291702.1	99.415	4961	25	2	379	5335	7534772	7539732	0	8997	GCA_946411425.1_IP-Hom-0.PacbioHiFiAssembly_genomic
AT1G11270	OX291702.1	99.247	4916	35	2	420	5335	3954245	3949332	0	8872	GCA_946411425.1_IP-Hom-0.PacbioHiFiAssembly_genomic
AT1G11270	OX291702.1	97.339	4960	101	7	380	5336	13400925	13405856	0	8399	GCA_946411425.1_IP-Hom-0.PacbioHiFiAssembly_genomic
AT1G11270	OX291702.1	99.545	440	1	1	380	819	3949770	3949332	0	800	GCA_946411425.1_IP-Hom-0.PacbioHiFiAssembly_genomic
AT1G11270	OX291702.1	99.321	442	1	1	380	819	7539291	7539732	0	798	GCA_946411425.1_IP-Hom-0.PacbioHiFiAssembly_genomic
AT1G11270	OX291702.1	98.643	442	4	1	4896	5335	7534773	7535214	0	782	GCA_946411425.1_IP-Hom-0.PacbioHiFiAssembly_genomic
AT1G11270	OX291702.1	97.955	440	9	0	4896	5335	13400925	13401364	0	763	GCA_946411425.1_IP-Hom-0.PacbioHiFiAssembly_genomic
AT1G11270	OX291702.1	97.045	440	13	0	380	819	13405416	13405855	0	741	GCA_946411425.1_IP-Hom-0.PacbioHiFiAssembly_genomic
AT1G11270	OX291702.1	98.75	400	4	1	4936	5335	3954245	3953847	0	710	GCA_946411425.1_IP-Hom-0.PacbioHiFiAssembly_genomic
AT1G11270	OX291701.1	98.971	4956	51	0	380	5335	15052113	15047158	0	8870	GCA_946411425.1_IP-Hom-0.PacbioHiFiAssembly_genomic
AT1G11270	OX291701.1	83.092	1106	158	15	3452	4552	4014463	4015544	0	979	GCA_946411425.1_IP-Hom-0.PacbioHiFiAssembly_genomic
AT1G11270	OX291701.1	97.955	440	9	0	380	819	15047597	15047158	0	763	GCA_946411425.1_IP-Hom-0.PacbioHiFiAssembly_genomic
AT1G11270	OX291701.1	97.955	440	9	0	4896	5335	15052113	15051674	0	763	GCA_946411425.1_IP-Hom-0.PacbioHiFiAssembly_genomic
AT1G11270	OX291701.1	84.929	491	61	8	4623	5104	4015559	4016045	9.83e-135	484	GCA_946411425.1_IP-Hom-0.PacbioHiFiAssembly_genomic
AT1G11270	OX291701.1	85.596	361	48	4	1879	2237	18442032	18441674	6.17e-102	375	GCA_946411425.1_IP-Hom-0.PacbioHiFiAssembly_genomic
AT1G11270	OX291701.1	89.252	214	16	6	380	588	4015834	4016045	1.8e-67	261	GCA_946411425.1_IP-Hom-0.PacbioHiFiAssembly_genomic
AT1G11270	OX291700.1	98.911	4957	54	0	379	5335	21494612	21499568	0	8855	GCA_946411425.1_IP-Hom-0.PacbioHiFiAssembly_genomic
AT1G11270	OX291700.1	99.543	3280	14	1	379	3657	28067861	28071140	0	5973	GCA_946411425.1_IP-Hom-0.PacbioHiFiAssembly_genomic
AT1G11270	OX291700.1	98.995	1393	0	2	5336	6714	3801293	3802685	0	2483	GCA_946411425.1_IP-Hom-0.PacbioHiFiAssembly_genomic
AT1G11270	OX291700.1	99.251	1201	8	1	4136	5335	28071140	28072340	0	2167	GCA_946411425.1_IP-Hom-0.PacbioHiFiAssembly_genomic
AT1G11270	OX291700.1	99.545	440	2	0	4896	5335	28067862	28068301	0	802	GCA_946411425.1_IP-Hom-0.PacbioHiFiAssembly_genomic
AT1G11270	OX291700.1	99.318	440	3	0	380	819	28071901	28072340	0	797	GCA_946411425.1_IP-Hom-0.PacbioHiFiAssembly_genomic
AT1G11270	OX291700.1	97.273	440	12	0	4896	5335	21494613	21495052	0	747	GCA_946411425.1_IP-Hom-0.PacbioHiFiAssembly_genomic
AT1G11270	OX291700.1	97.059	442	13	0	380	821	21499129	21499570	0	745	GCA_946411425.1_IP-Hom-0.PacbioHiFiAssembly_genomic
AT1G11270	OX291700.1	99.213	381	3	0	1	381	3800919	3801299	0	688	GCA_946411425.1_IP-Hom-0.PacbioHiFiAssembly_genomic
AT1G11270	OX291700.1	90.037	271	17	4	552	820	21696773	21697035	6.26e-92	342	GCA_946411425.1_IP-Hom-0.PacbioHiFiAssembly_genomic
AT1G11270	OX291700.1	90.262	267	17	3	5068	5333	21696773	21697031	2.25e-91	340	GCA_946411425.1_IP-Hom-0.PacbioHiFiAssembly_genomic
AT1G11270	OX291700.1	90.155	193	14	2	376	564	21696242	21696433	5.05e-63	246	GCA_946411425.1_IP-Hom-0.PacbioHiFiAssembly_genomic
AT1G11270	OX291700.1	90.476	189	13	2	4896	5080	21696246	21696433	1.82e-62	244	GCA_946411425.1_IP-Hom-0.PacbioHiFiAssembly_genomic
AT1G11270	OX291710.1	99.475	4956	26	0	380	5335	10840275	10835320	0	9009	GCA_946411655.1_MERE-A-13.PacbioHiFiAssembly_genomic
AT1G11270	OX291710.1	99.774	443	1	0	380	822	10835759	10835317	0	813	GCA_946411655.1_MERE-A-13.PacbioHiFiAssembly_genomic
AT1G11270	OX291710.1	98.639	441	6	0	4895	5335	10840276	10839836	0	782	GCA_946411655.1_MERE-A-13.PacbioHiFiAssembly_genomic
AT1G11270	OX291710.1	85.596	361	48	4	1879	2237	17012192	17011834	6.17e-102	375	GCA_946411655.1_MERE-A-13.PacbioHiFiAssembly_genomic
AT1G11270	OX291712.1	99.375	4957	30	1	380	5335	17265645	17260689	0	8981	GCA_946411655.1_MERE-A-13.PacbioHiFiAssembly_genomic
AT1G11270	OX291712.1	99.773	441	1	0	4895	5335	17265646	17265206	0	809	GCA_946411655.1_MERE-A-13.PacbioHiFiAssembly_genomic
AT1G11270	OX291712.1	98.876	445	5	0	380	824	17261128	17260684	0	795	GCA_946411655.1_MERE-A-13.PacbioHiFiAssembly_genomic
AT1G11270	OX291712.1	98.876	445	4	1	376	819	2454055	2454499	0	793	GCA_946411655.1_MERE-A-13.PacbioHiFiAssembly_genomic
AT1G11270	OX291712.1	98.874	444	4	1	4896	5339	2454060	2454502	0	791	GCA_946411655.1_MERE-A-13.PacbioHiFiAssembly_genomic
AT1G11270	OX291711.1	97.4	4961	96	8	380	5336	13057969	13062900	0	8416	GCA_946411655.1_MERE-A-13.PacbioHiFiAssembly_genomic
AT1G11270	OX291711.1	98.182	440	8	0	4896	5335	13057969	13058408	0	769	GCA_946411655.1_MERE-A-13.PacbioHiFiAssembly_genomic
AT1G11270	OX291711.1	97.5	440	11	0	380	819	13062460	13062899	0	752	GCA_946411655.1_MERE-A-13.PacbioHiFiAssembly_genomic
AT1G11270	OX291709.1	98.734	948	11	1	5336	6283	3776412	3777358	0	1683	GCA_946411655.1_MERE-A-13.PacbioHiFiAssembly_genomic
AT1G11270	OX291709.1	99.213	381	3	0	1	381	3776038	3776418	0	688	GCA_946411655.1_MERE-A-13.PacbioHiFiAssembly_genomic
AT1G11270	OX291709.1	91.144	271	14	4	552	820	21031734	21031996	6.21e-97	359	GCA_946411655.1_MERE-A-13.PacbioHiFiAssembly_genomic
AT1G11270	OX291709.1	91.386	267	14	3	5068	5333	21031734	21031992	2.23e-96	357	GCA_946411655.1_MERE-A-13.PacbioHiFiAssembly_genomic
AT1G11270	OX291709.1	92.593	189	13	1	376	564	21031207	21031394	2.99e-70	270	GCA_946411655.1_MERE-A-13.PacbioHiFiAssembly_genomic
AT1G11270	OX291709.1	92.973	185	12	1	4896	5080	21031211	21031394	1.08e-69	268	GCA_946411655.1_MERE-A-13.PacbioHiFiAssembly_genomic
AT1G11270	OX291709.1	87.568	185	14	5	6360	6544	3777542	3777717	8.56e-51	206	GCA_946411655.1_MERE-A-13.PacbioHiFiAssembly_genomic
AT1G11270	OX291718.1	99.436	4963	27	1	379	5341	30366652	30361691	0	9009	GCA_946411805.1_IP-Mos-9.PacbioHiFiAssembly_genomic
AT1G11270	OX291718.1	99.396	4964	28	2	379	5341	30386879	30381917	0	8999	GCA_946411805.1_IP-Mos-9.PacbioHiFiAssembly_genomic
AT1G11270	OX291718.1	99.274	4956	34	2	380	5335	3265119	3270072	0	8951	GCA_946411805.1_IP-Mos-9.PacbioHiFiAssembly_genomic
AT1G11270	OX291718.1	99.092	4956	45	0	380	5335	10194708	10199663	0	8903	GCA_946411805.1_IP-Mos-9.PacbioHiFiAssembly_genomic
AT1G11270	OX291718.1	98.83	4957	58	0	380	5336	7826725	7831681	0	8833	GCA_946411805.1_IP-Mos-9.PacbioHiFiAssembly_genomic
AT1G11270	OX291718.1	99.773	441	0	1	380	820	3269634	3270073	0	808	GCA_946411805.1_IP-Mos-9.PacbioHiFiAssembly_genomic
AT1G11270	OX291718.1	99.545	440	2	0	380	819	30362135	30361696	0	802	GCA_946411805.1_IP-Mos-9.PacbioHiFiAssembly_genomic
AT1G11270	OX291718.1	99.545	440	2	0	4896	5335	30366651	30366212	0	802	GCA_946411805.1_IP-Mos-9.PacbioHiFiAssembly_genomic
AT1G11270	OX291718.1	99.545	440	2	0	380	819	30382361	30381922	0	802	GCA_946411805.1_IP-Mos-9.PacbioHiFiAssembly_genomic
AT1G11270	OX291718.1	99.545	440	1	1	4896	5335	3265119	3265557	0	800	GCA_946411805.1_IP-Mos-9.PacbioHiFiAssembly_genomic
AT1G11270	OX291718.1	99.32	441	2	1	4896	5335	30386878	30386438	0	797	GCA_946411805.1_IP-Mos-9.PacbioHiFiAssembly_genomic
AT1G11270	OX291718.1	98.413	441	7	0	380	820	10199224	10199664	0	776	GCA_946411805.1_IP-Mos-9.PacbioHiFiAssembly_genomic
AT1G11270	OX291718.1	97.955	440	9	0	4896	5335	10194708	10195147	0	763	GCA_946411805.1_IP-Mos-9.PacbioHiFiAssembly_genomic
AT1G11270	OX291718.1	97.045	440	13	0	4896	5335	7826725	7827164	0	741	GCA_946411805.1_IP-Mos-9.PacbioHiFiAssembly_genomic
AT1G11270	OX291718.1	97.045	440	13	0	380	819	7831241	7831680	0	741	GCA_946411805.1_IP-Mos-9.PacbioHiFiAssembly_genomic
AT1G11270	OX291715.1	99.374	4956	31	0	380	5335	13153836	13158791	0	8981	GCA_946411805.1_IP-Mos-9.PacbioHiFiAssembly_genomic
AT1G11270	OX291715.1	98.951	4956	52	0	380	5335	11518660	11523615	0	8865	GCA_946411805.1_IP-Mos-9.PacbioHiFiAssembly_genomic
AT1G11270	OX291715.1	98.753	4970	57	4	373	5340	12623577	12628543	0	8829	GCA_946411805.1_IP-Mos-9.PacbioHiFiAssembly_genomic
AT1G11270	OX291715.1	99.461	2225	12	0	3111	5335	14419412	14421636	0	4043	GCA_946411805.1_IP-Mos-9.PacbioHiFiAssembly_genomic
AT1G11270	OX291715.1	99.449	1632	6	2	379	2010	14417793	14419421	0	2961	GCA_946411805.1_IP-Mos-9.PacbioHiFiAssembly_genomic
AT1G11270	OX291715.1	83.258	1105	157	15	3452	4552	3830935	3832015	0	990	GCA_946411805.1_IP-Mos-9.PacbioHiFiAssembly_genomic
AT1G11270	OX291715.1	83.258	1105	157	15	3452	4552	3848145	3849225	0	990	GCA_946411805.1_IP-Mos-9.PacbioHiFiAssembly_genomic
AT1G11270	OX291715.1	99.318	440	3	0	380	819	13158352	13158791	0	797	GCA_946411805.1_IP-Mos-9.PacbioHiFiAssembly_genomic
AT1G11270	OX291715.1	99.318	440	3	0	380	819	14421197	14421636	0	797	GCA_946411805.1_IP-Mos-9.PacbioHiFiAssembly_genomic
AT1G11270	OX291715.1	99.091	440	4	0	4896	5335	13153836	13154275	0	791	GCA_946411805.1_IP-Mos-9.PacbioHiFiAssembly_genomic
AT1G11270	OX291715.1	98.636	440	4	1	4896	5335	14417794	14418231	0	778	GCA_946411805.1_IP-Mos-9.PacbioHiFiAssembly_genomic
AT1G11270	OX291715.1	98.182	440	8	0	380	819	11523176	11523615	0	769	GCA_946411805.1_IP-Mos-9.PacbioHiFiAssembly_genomic
AT1G11270	OX291715.1	97.955	440	9	0	4896	5335	11518660	11519099	0	763	GCA_946411805.1_IP-Mos-9.PacbioHiFiAssembly_genomic
AT1G11270	OX291715.1	97.273	440	12	0	4896	5335	12623585	12624024	0	747	GCA_946411805.1_IP-Mos-9.PacbioHiFiAssembly_genomic
AT1G11270	OX291715.1	97.273	440	12	0	380	819	12628100	12628539	0	747	GCA_946411805.1_IP-Mos-9.PacbioHiFiAssembly_genomic
AT1G11270	OX291715.1	84.929	491	61	8	4623	5104	3832030	3832516	9.94e-135	484	GCA_946411805.1_IP-Mos-9.PacbioHiFiAssembly_genomic
AT1G11270	OX291715.1	84.725	491	61	9	4623	5104	3849240	3849725	4.62e-133	479	GCA_946411805.1_IP-Mos-9.PacbioHiFiAssembly_genomic
AT1G11270	OX291715.1	85.359	362	45	7	1879	2237	18466607	18466251	1.04e-99	368	GCA_946411805.1_IP-Mos-9.PacbioHiFiAssembly_genomic
AT1G11270	OX291715.1	89.252	214	16	6	380	588	3832305	3832516	1.82e-67	261	GCA_946411805.1_IP-Mos-9.PacbioHiFiAssembly_genomic
AT1G11270	OX291715.1	88.785	214	16	7	380	588	3849515	3849725	8.48e-66	255	GCA_946411805.1_IP-Mos-9.PacbioHiFiAssembly_genomic
AT1G11270	OX291716.1	99.335	4961	29	2	379	5335	7678250	7683210	0	8975	GCA_946411805.1_IP-Mos-9.PacbioHiFiAssembly_genomic
AT1G11270	OX291716.1	97.46	4960	94	7	380	5336	13430049	13434979	0	8432	GCA_946411805.1_IP-Mos-9.PacbioHiFiAssembly_genomic
AT1G11270	OX291716.1	92.038	1369	99	8	3159	4526	18221661	18220302	0	1916	GCA_946411805.1_IP-Mos-9.PacbioHiFiAssembly_genomic
AT1G11270	OX291716.1	91.6	1369	102	9	3159	4526	18123818	18125174	0	1879	GCA_946411805.1_IP-Mos-9.PacbioHiFiAssembly_genomic
AT1G11270	OX291716.1	94.342	813	46	0	4523	5335	18130027	18130839	0	1247	GCA_946411805.1_IP-Mos-9.PacbioHiFiAssembly_genomic
AT1G11270	OX291716.1	93.816	760	38	4	380	1139	18130400	18131150	0	1134	GCA_946411805.1_IP-Mos-9.PacbioHiFiAssembly_genomic
AT1G11270	OX291716.1	93.103	638	44	0	4523	5160	18220139	18219502	0	935	GCA_946411805.1_IP-Mos-9.PacbioHiFiAssembly_genomic
AT1G11270	OX291716.1	99.095	442	2	1	380	819	7682769	7683210	0	793	GCA_946411805.1_IP-Mos-9.PacbioHiFiAssembly_genomic
AT1G11270	OX291716.1	98.869	442	3	1	4896	5335	7678251	7678692	0	787	GCA_946411805.1_IP-Mos-9.PacbioHiFiAssembly_genomic
AT1G11270	OX291716.1	98.182	440	8	0	4896	5335	13430049	13430488	0	769	GCA_946411805.1_IP-Mos-9.PacbioHiFiAssembly_genomic
AT1G11270	OX291716.1	97.5	440	11	0	380	819	13434539	13434978	0	752	GCA_946411805.1_IP-Mos-9.PacbioHiFiAssembly_genomic
AT1G11270	OX291716.1	95.094	265	13	0	380	644	18219766	18219502	1.02e-114	418	GCA_946411805.1_IP-Mos-9.PacbioHiFiAssembly_genomic
AT1G11270	OX291714.1	99.334	4956	33	0	380	5335	33104501	33099546	0	8970	GCA_946411805.1_IP-Mos-9.PacbioHiFiAssembly_genomic
AT1G11270	OX291714.1	99.335	4810	32	0	526	5335	4511985	4507176	0	8706	GCA_946411805.1_IP-Mos-9.PacbioHiFiAssembly_genomic
AT1G11270	OX291714.1	100	993	0	0	5336	6328	3821707	3822699	0	1834	GCA_946411805.1_IP-Mos-9.PacbioHiFiAssembly_genomic
AT1G11270	OX291714.1	99.549	443	2	0	380	822	4507615	4507173	0	808	GCA_946411805.1_IP-Mos-9.PacbioHiFiAssembly_genomic
AT1G11270	OX291714.1	99.318	440	3	0	380	819	33099985	33099546	0	797	GCA_946411805.1_IP-Mos-9.PacbioHiFiAssembly_genomic
AT1G11270	OX291714.1	99.093	441	4	0	4895	5335	33104502	33104062	0	793	GCA_946411805.1_IP-Mos-9.PacbioHiFiAssembly_genomic
AT1G11270	OX291714.1	99.504	403	2	0	6312	6714	3822715	3823117	0	734	GCA_946411805.1_IP-Mos-9.PacbioHiFiAssembly_genomic
AT1G11270	OX291714.1	99.213	381	3	0	1	381	3821333	3821713	0	688	GCA_946411805.1_IP-Mos-9.PacbioHiFiAssembly_genomic
AT1G11270	OX291714.1	100	294	0	0	5042	5335	4511985	4511692	1.62e-152	544	GCA_946411805.1_IP-Mos-9.PacbioHiFiAssembly_genomic
AT1G11270	OX291714.1	90.775	271	15	4	552	820	21487204	21487466	2.92e-95	353	GCA_946411805.1_IP-Mos-9.PacbioHiFiAssembly_genomic
AT1G11270	OX291714.1	91.011	267	15	3	5068	5333	21487204	21487462	1.05e-94	351	GCA_946411805.1_IP-Mos-9.PacbioHiFiAssembly_genomic
AT1G11270	OX291714.1	92.063	189	14	1	376	564	21486678	21486865	1.41e-68	265	GCA_946411805.1_IP-Mos-9.PacbioHiFiAssembly_genomic
AT1G11270	OX291714.1	92.432	185	13	1	4896	5080	21486682	21486865	5.07e-68	263	GCA_946411805.1_IP-Mos-9.PacbioHiFiAssembly_genomic
AT1G11270	OX291714.1	97.619	126	2	1	4896	5020	4512090	4511965	1.44e-53	215	GCA_946411805.1_IP-Mos-9.PacbioHiFiAssembly_genomic
AT1G11270	OX291714.1	97.619	126	2	1	380	504	4512090	4511965	1.44e-53	215	GCA_946411805.1_IP-Mos-9.PacbioHiFiAssembly_genomic
AT1G11270	OX291717.1	99.366	1262	7	1	382	1643	10956962	10955702	0	2285	GCA_946411805.1_IP-Mos-9.PacbioHiFiAssembly_genomic
AT1G11270	OX291717.1	99.315	438	2	1	4898	5335	10956962	10956526	0	791	GCA_946411805.1_IP-Mos-9.PacbioHiFiAssembly_genomic
AT1G11270	OX291720.1	98.951	4956	52	0	380	5335	10184527	10189482	0	8865	GCA_946411885.1_IP-Mos-5.PacbioHiFiAssembly_genomic
AT1G11270	OX291720.1	83.258	1105	157	15	3452	4552	3111778	3112858	0	990	GCA_946411885.1_IP-Mos-5.PacbioHiFiAssembly_genomic
AT1G11270	OX291720.1	97.5	440	11	0	380	819	10189043	10189482	0	752	GCA_946411885.1_IP-Mos-5.PacbioHiFiAssembly_genomic
AT1G11270	OX291720.1	97.273	440	12	0	4896	5335	10184527	10184966	0	747	GCA_946411885.1_IP-Mos-5.PacbioHiFiAssembly_genomic
AT1G11270	OX291720.1	84.114	491	64	9	4623	5104	3112873	3113358	4.5e-128	462	GCA_946411885.1_IP-Mos-5.PacbioHiFiAssembly_genomic
AT1G11270	OX291720.1	85.873	361	47	4	1879	2237	17021706	17021348	1.3e-103	381	GCA_946411885.1_IP-Mos-5.PacbioHiFiAssembly_genomic
AT1G11270	OX291720.1	88.318	214	18	6	380	588	3113147	3113358	3.82e-64	250	GCA_946411885.1_IP-Mos-5.PacbioHiFiAssembly_genomic
AT1G11270	OX291722.1	98.991	4957	29	2	380	5335	13910047	13905111	0	8857	GCA_946411885.1_IP-Mos-5.PacbioHiFiAssembly_genomic
AT1G11270	OX291722.1	99.287	1262	8	1	382	1643	10953284	10952024	0	2279	GCA_946411885.1_IP-Mos-5.PacbioHiFiAssembly_genomic
AT1G11270	OX291722.1	99.04	729	7	0	4607	5335	14746239	14746967	0	1308	GCA_946411885.1_IP-Mos-5.PacbioHiFiAssembly_genomic
AT1G11270	OX291722.1	99.318	440	3	0	380	819	14746528	14746967	0	797	GCA_946411885.1_IP-Mos-5.PacbioHiFiAssembly_genomic
AT1G11270	OX291722.1	98.869	442	5	0	380	821	13905550	13905109	0	789	GCA_946411885.1_IP-Mos-5.PacbioHiFiAssembly_genomic
AT1G11270	OX291722.1	99.087	438	3	1	4898	5335	10953284	10952848	0	785	GCA_946411885.1_IP-Mos-5.PacbioHiFiAssembly_genomic
AT1G11270	OX291722.1	98.864	440	5	0	4896	5335	13910047	13909608	0	785	GCA_946411885.1_IP-Mos-5.PacbioHiFiAssembly_genomic
AT1G11270	OX291723.1	99.027	4933	48	0	379	5311	31281654	31286586	0	8844	GCA_946411885.1_IP-Mos-5.PacbioHiFiAssembly_genomic
AT1G11270	OX291723.1	97.727	440	10	0	4896	5335	31281655	31282094	0	758	GCA_946411885.1_IP-Mos-5.PacbioHiFiAssembly_genomic
AT1G11270	OX291723.1	98.077	416	8	0	380	795	31286171	31286586	0	725	GCA_946411885.1_IP-Mos-5.PacbioHiFiAssembly_genomic
AT1G11270	OX291719.1	99.46	3332	17	1	2005	5335	24198623	24201954	0	6052	GCA_946411885.1_IP-Mos-5.PacbioHiFiAssembly_genomic
AT1G11270	OX291719.1	99.492	1576	8	0	380	1955	24197058	24198633	0	2867	GCA_946411885.1_IP-Mos-5.PacbioHiFiAssembly_genomic
AT1G11270	OX291719.1	99.423	1387	0	1	5336	6714	3769215	3770601	0	2510	GCA_946411885.1_IP-Mos-5.PacbioHiFiAssembly_genomic
AT1G11270	OX291719.1	99.329	447	2	1	4890	5335	24197051	24197497	0	808	GCA_946411885.1_IP-Mos-5.PacbioHiFiAssembly_genomic
AT1G11270	OX291719.1	99.545	440	2	0	380	819	24201515	24201954	0	802	GCA_946411885.1_IP-Mos-5.PacbioHiFiAssembly_genomic
AT1G11270	OX291719.1	99.213	381	3	0	1	381	3768841	3769221	0	688	GCA_946411885.1_IP-Mos-5.PacbioHiFiAssembly_genomic
AT1G11270	OX291719.1	91.144	271	14	4	552	820	19253970	19254232	6.08e-97	359	GCA_946411885.1_IP-Mos-5.PacbioHiFiAssembly_genomic
AT1G11270	OX291719.1	91.386	267	14	3	5068	5333	19253970	19254228	2.19e-96	357	GCA_946411885.1_IP-Mos-5.PacbioHiFiAssembly_genomic
AT1G11270	OX291719.1	93.651	189	11	1	376	564	19253443	19253630	1.35e-73	281	GCA_946411885.1_IP-Mos-5.PacbioHiFiAssembly_genomic
AT1G11270	OX291719.1	94.054	185	10	1	4896	5080	19253447	19253630	4.87e-73	279	GCA_946411885.1_IP-Mos-5.PacbioHiFiAssembly_genomic
AT1G11270	OX291730.1	99.596	4956	20	0	380	5335	27800041	27795086	0	9042	GCA_946412005.1_IP-Hum-4.PacbioHiFiAssembly_genomic
AT1G11270	OX291730.1	99.416	4964	28	1	379	5342	29737814	29732852	0	9005	GCA_946412005.1_IP-Hum-4.PacbioHiFiAssembly_genomic
AT1G11270	OX291730.1	99.251	4943	34	3	380	5322	7650783	7655722	0	8920	GCA_946412005.1_IP-Hum-4.PacbioHiFiAssembly_genomic
AT1G11270	OX291730.1	99.351	1387	1	1	5336	6714	3768761	3770147	0	2505	GCA_946412005.1_IP-Hum-4.PacbioHiFiAssembly_genomic
AT1G11270	OX291730.1	99.773	440	1	0	4896	5335	7650783	7651222	0	808	GCA_946412005.1_IP-Hum-4.PacbioHiFiAssembly_genomic
AT1G11270	OX291730.1	99.55	444	1	1	380	822	27795525	27795082	0	808	GCA_946412005.1_IP-Hum-4.PacbioHiFiAssembly_genomic
AT1G11270	OX291730.1	99.773	440	1	0	4896	5335	29737813	29737374	0	808	GCA_946412005.1_IP-Hum-4.PacbioHiFiAssembly_genomic
AT1G11270	OX291730.1	99.545	440	2	0	380	819	29733297	29732858	0	802	GCA_946412005.1_IP-Hum-4.PacbioHiFiAssembly_genomic
AT1G11270	OX291730.1	99.321	442	3	0	4894	5335	27800043	27799602	0	800	GCA_946412005.1_IP-Hum-4.PacbioHiFiAssembly_genomic
AT1G11270	OX291730.1	97.892	427	9	0	380	806	7655296	7655722	0	739	GCA_946412005.1_IP-Hum-4.PacbioHiFiAssembly_genomic
AT1G11270	OX291730.1	100	381	0	0	1	381	3768387	3768767	0	704	GCA_946412005.1_IP-Hum-4.PacbioHiFiAssembly_genomic
AT1G11270	OX291730.1	90.775	271	15	4	552	820	20608423	20608685	2.74e-95	353	GCA_946412005.1_IP-Hum-4.PacbioHiFiAssembly_genomic
AT1G11270	OX291730.1	91.011	267	15	3	5068	5333	20608423	20608681	9.85e-95	351	GCA_946412005.1_IP-Hum-4.PacbioHiFiAssembly_genomic
AT1G11270	OX291730.1	92.063	189	14	1	376	564	20607895	20608082	1.32e-68	265	GCA_946412005.1_IP-Hum-4.PacbioHiFiAssembly_genomic
AT1G11270	OX291730.1	92.432	185	13	1	4896	5080	20607899	20608082	4.75e-68	263	GCA_946412005.1_IP-Hum-4.PacbioHiFiAssembly_genomic
AT1G11270	OX291733.1	99.196	4973	35	5	372	5341	11951043	11946073	0	8957	GCA_946412005.1_IP-Hum-4.PacbioHiFiAssembly_genomic
AT1G11270	OX291733.1	98.876	445	4	1	376	819	2017075	2017519	0	793	GCA_946412005.1_IP-Hum-4.PacbioHiFiAssembly_genomic
AT1G11270	OX291733.1	99.095	442	3	1	4895	5335	11951038	11950597	0	793	GCA_946412005.1_IP-Hum-4.PacbioHiFiAssembly_genomic
AT1G11270	OX291733.1	98.874	444	4	1	4896	5339	2017080	2017522	0	791	GCA_946412005.1_IP-Hum-4.PacbioHiFiAssembly_genomic
AT1G11270	OX291733.1	98.639	441	5	1	380	819	11946520	11946080	0	780	GCA_946412005.1_IP-Hum-4.PacbioHiFiAssembly_genomic
AT1G11270	OX291732.1	97.268	4649	96	8	380	5023	13627047	13631669	0	7853	GCA_946412005.1_IP-Hum-4.PacbioHiFiAssembly_genomic
AT1G11270	OX291732.1	98.409	440	7	0	4896	5335	13627047	13627486	0	774	GCA_946412005.1_IP-Hum-4.PacbioHiFiAssembly_genomic
AT1G11270	OX291732.1	94.671	319	11	4	5024	5336	13631621	13631939	2e-136	490	GCA_946412005.1_IP-Hum-4.PacbioHiFiAssembly_genomic
AT1G11270	OX291732.1	94.654	318	11	4	508	819	13631621	13631938	7.2e-136	488	GCA_946412005.1_IP-Hum-4.PacbioHiFiAssembly_genomic
AT1G11270	OX291732.1	96.124	129	4	1	380	507	13631541	13631669	6.28e-52	209	GCA_946412005.1_IP-Hum-4.PacbioHiFiAssembly_genomic
AT1G11270	OX291731.1	83.167	1105	158	15	3452	4552	3065541	3066621	0	985	GCA_946412005.1_IP-Hum-4.PacbioHiFiAssembly_genomic
AT1G11270	OX291731.1	85.873	361	47	4	1879	2237	17104807	17104449	1.26e-103	381	GCA_946412005.1_IP-Hum-4.PacbioHiFiAssembly_genomic
AT1G11270	OX291737.1	99.395	4958	27	3	380	5335	19751860	19756816	0	8986	GCA_946412065.1_GAIL-B-11.PacbioHiFiAssembly_genomic
AT1G11270	OX291737.1	99.092	4956	23	2	380	5335	10746483	10741550	0	8883	GCA_946412065.1_GAIL-B-11.PacbioHiFiAssembly_genomic
AT1G11270	OX291737.1	92.038	1369	96	8	3159	4526	17500836	17499480	0	1912	GCA_946412065.1_GAIL-B-11.PacbioHiFiAssembly_genomic
AT1G11270	OX291737.1	93.604	813	51	1	4523	5335	17499317	17498506	0	1212	GCA_946412065.1_GAIL-B-11.PacbioHiFiAssembly_genomic
AT1G11270	OX291737.1	94.218	761	32	7	380	1139	17498944	17498195	0	1151	GCA_946412065.1_GAIL-B-11.PacbioHiFiAssembly_genomic
AT1G11270	OX291737.1	99.324	444	2	1	380	822	10741989	10741546	0	802	GCA_946412065.1_GAIL-B-11.PacbioHiFiAssembly_genomic
AT1G11270	OX291737.1	99.546	441	1	1	4896	5335	19751860	19752300	0	802	GCA_946412065.1_GAIL-B-11.PacbioHiFiAssembly_genomic
AT1G11270	OX291737.1	99.545	440	1	1	4896	5335	10746483	10746045	0	800	GCA_946412065.1_GAIL-B-11.PacbioHiFiAssembly_genomic
AT1G11270	OX291737.1	99.095	442	4	0	4895	5336	20215011	20215452	0	795	GCA_946412065.1_GAIL-B-11.PacbioHiFiAssembly_genomic
AT1G11270	OX291737.1	99.095	442	4	0	4895	5336	20227728	20228169	0	795	GCA_946412065.1_GAIL-B-11.PacbioHiFiAssembly_genomic
AT1G11270	OX291737.1	99.095	442	4	0	4895	5336	20240445	20240886	0	795	GCA_946412065.1_GAIL-B-11.PacbioHiFiAssembly_genomic
AT1G11270	OX291737.1	99.093	441	3	1	380	819	19756376	19756816	0	791	GCA_946412065.1_GAIL-B-11.PacbioHiFiAssembly_genomic
AT1G11270	OX291737.1	99.091	440	4	0	380	819	20215012	20215451	0	791	GCA_946412065.1_GAIL-B-11.PacbioHiFiAssembly_genomic
AT1G11270	OX291737.1	99.091	440	4	0	380	819	20227729	20228168	0	791	GCA_946412065.1_GAIL-B-11.PacbioHiFiAssembly_genomic
AT1G11270	OX291737.1	99.091	440	4	0	380	819	20240446	20240885	0	791	GCA_946412065.1_GAIL-B-11.PacbioHiFiAssembly_genomic
AT1G11270	OX291737.1	98.438	448	7	0	4896	5343	10805031	10804584	0	789	GCA_946412065.1_GAIL-B-11.PacbioHiFiAssembly_genomic
AT1G11270	OX291737.1	98.652	445	6	0	376	820	10805035	10804591	0	789	GCA_946412065.1_GAIL-B-11.PacbioHiFiAssembly_genomic
AT1G11270	OX291739.1	99.173	4960	21	8	380	5335	3211027	3215970	0	8914	GCA_946412065.1_GAIL-B-11.PacbioHiFiAssembly_genomic
AT1G11270	OX291739.1	97.523	444	1	4	380	821	3215537	3215972	0	750	GCA_946412065.1_GAIL-B-11.PacbioHiFiAssembly_genomic
AT1G11270	OX291739.1	97.511	442	1	4	4896	5335	3211027	3211460	0	747	GCA_946412065.1_GAIL-B-11.PacbioHiFiAssembly_genomic
AT1G11270	OX291739.1	100	31	0	0	4928	4958	3211089	3211059	2.41e-06	58.4	GCA_946412065.1_GAIL-B-11.PacbioHiFiAssembly_genomic
AT1G11270	OX291739.1	100	31	0	0	412	442	3211089	3211059	2.41e-06	58.4	GCA_946412065.1_GAIL-B-11.PacbioHiFiAssembly_genomic
AT1G11270	OX291739.1	100	31	0	0	4928	4958	3215599	3215569	2.41e-06	58.4	GCA_946412065.1_GAIL-B-11.PacbioHiFiAssembly_genomic
AT1G11270	OX291739.1	100	31	0	0	412	442	3215599	3215569	2.41e-06	58.4	GCA_946412065.1_GAIL-B-11.PacbioHiFiAssembly_genomic
AT1G11270	OX291736.1	99.031	4956	48	0	380	5335	11337002	11341957	0	8887	GCA_946412065.1_GAIL-B-11.PacbioHiFiAssembly_genomic
AT1G11270	OX291736.1	83.348	1105	156	15	3452	4552	4268209	4269289	0	996	GCA_946412065.1_GAIL-B-11.PacbioHiFiAssembly_genomic
AT1G11270	OX291736.1	97.955	440	9	0	380	819	11341518	11341957	0	763	GCA_946412065.1_GAIL-B-11.PacbioHiFiAssembly_genomic
AT1G11270	OX291736.1	97.727	440	10	0	4896	5335	11337002	11337441	0	758	GCA_946412065.1_GAIL-B-11.PacbioHiFiAssembly_genomic
AT1G11270	OX291736.1	84.725	491	62	8	4623	5104	4269304	4269790	4.35e-133	479	GCA_946412065.1_GAIL-B-11.PacbioHiFiAssembly_genomic
AT1G11270	OX291736.1	85.873	361	47	4	1879	2237	18177440	18177082	1.26e-103	381	GCA_946412065.1_GAIL-B-11.PacbioHiFiAssembly_genomic
AT1G11270	OX291736.1	88.785	214	17	6	380	588	4269579	4269790	7.98e-66	255	GCA_946412065.1_GAIL-B-11.PacbioHiFiAssembly_genomic
AT1G11270	OX291735.1	98.492	4975	57	2	379	5335	10135132	10140106	0	8756	GCA_946412065.1_GAIL-B-11.PacbioHiFiAssembly_genomic
AT1G11270	OX291735.1	98.734	948	11	1	5336	6283	3784381	3785327	0	1683	GCA_946412065.1_GAIL-B-11.PacbioHiFiAssembly_genomic
AT1G11270	OX291735.1	96.674	451	6	1	380	821	10139658	10140108	0	741	GCA_946412065.1_GAIL-B-11.PacbioHiFiAssembly_genomic
AT1G11270	OX291735.1	96.437	449	7	1	4896	5335	10135133	10135581	0	732	GCA_946412065.1_GAIL-B-11.PacbioHiFiAssembly_genomic
AT1G11270	OX291735.1	99.213	381	3	0	1	381	3784007	3784387	0	688	GCA_946412065.1_GAIL-B-11.PacbioHiFiAssembly_genomic
AT1G11270	OX291735.1	91.144	271	14	4	552	820	18889777	18890039	5.91e-97	359	GCA_946412065.1_GAIL-B-11.PacbioHiFiAssembly_genomic
AT1G11270	OX291735.1	91.386	267	14	3	5068	5333	18889777	18890035	2.13e-96	357	GCA_946412065.1_GAIL-B-11.PacbioHiFiAssembly_genomic
AT1G11270	OX291735.1	92.593	189	13	1	376	564	18889243	18889430	2.85e-70	270	GCA_946412065.1_GAIL-B-11.PacbioHiFiAssembly_genomic
AT1G11270	OX291735.1	92.973	185	12	1	4896	5080	18889247	18889430	1.02e-69	268	GCA_946412065.1_GAIL-B-11.PacbioHiFiAssembly_genomic
AT1G11270	OX291735.1	87.568	185	14	5	6360	6544	3785511	3785686	8.15e-51	206	GCA_946412065.1_GAIL-B-11.PacbioHiFiAssembly_genomic
AT1G11270	OX291744.1	99.314	4954	31	3	382	5335	10399716	10394766	0	8957	GCA_946412225.1_IP-Mdc-14.PacbioHiFiAssembly_genomic
AT1G11270	OX291744.1	98.876	445	4	1	376	819	2357364	2357808	0	793	GCA_946412225.1_IP-Mdc-14.PacbioHiFiAssembly_genomic
AT1G11270	OX291744.1	98.874	444	4	1	4896	5339	2357369	2357811	0	791	GCA_946412225.1_IP-Mdc-14.PacbioHiFiAssembly_genomic
AT1G11270	OX291744.1	99.315	438	2	1	382	819	10395202	10394766	0	791	GCA_946412225.1_IP-Mdc-14.PacbioHiFiAssembly_genomic
AT1G11270	OX291744.1	98.858	438	2	3	4898	5335	10399716	10399282	0	778	GCA_946412225.1_IP-Mdc-14.PacbioHiFiAssembly_genomic
AT1G11270	OX291743.1	98.871	4960	55	1	380	5338	10630673	10625714	0	8848	GCA_946412225.1_IP-Mdc-14.PacbioHiFiAssembly_genomic
AT1G11270	OX291743.1	97.4	4961	96	8	380	5336	13013640	13018571	0	8416	GCA_946412225.1_IP-Mdc-14.PacbioHiFiAssembly_genomic
AT1G11270	OX291743.1	97.955	440	9	0	4896	5335	13013640	13014079	0	763	GCA_946412225.1_IP-Mdc-14.PacbioHiFiAssembly_genomic
AT1G11270	OX291743.1	97.727	440	10	0	4896	5335	10630673	10630234	0	758	GCA_946412225.1_IP-Mdc-14.PacbioHiFiAssembly_genomic
AT1G11270	OX291743.1	97.5	440	11	0	380	819	13018131	13018570	0	752	GCA_946412225.1_IP-Mdc-14.PacbioHiFiAssembly_genomic
AT1G11270	OX291743.1	97.279	441	12	0	380	820	10626157	10625717	0	749	GCA_946412225.1_IP-Mdc-14.PacbioHiFiAssembly_genomic
AT1G11270	OX291745.1	98.83	4957	58	0	380	5336	7731949	7736905	0	8833	GCA_946412225.1_IP-Mdc-14.PacbioHiFiAssembly_genomic
AT1G11270	OX291745.1	97.5	440	11	0	4896	5335	7731949	7732388	0	752	GCA_946412225.1_IP-Mdc-14.PacbioHiFiAssembly_genomic
AT1G11270	OX291745.1	97.273	440	12	0	380	819	7736465	7736904	0	747	GCA_946412225.1_IP-Mdc-14.PacbioHiFiAssembly_genomic
AT1G11270	OX291741.1	98.963	3280	21	3	379	3657	26603759	26607026	0	5856	GCA_946412225.1_IP-Mdc-14.PacbioHiFiAssembly_genomic
AT1G11270	OX291741.1	97.368	1406	10	7	5336	6714	3778745	3780150	0	2366	GCA_946412225.1_IP-Mdc-14.PacbioHiFiAssembly_genomic
AT1G11270	OX291741.1	99.167	1201	9	1	4136	5335	26607026	26608226	0	2161	GCA_946412225.1_IP-Mdc-14.PacbioHiFiAssembly_genomic
AT1G11270	OX291741.1	99.545	440	2	0	380	819	26607787	26608226	0	802	GCA_946412225.1_IP-Mdc-14.PacbioHiFiAssembly_genomic
AT1G11270	OX291741.1	95.909	440	7	1	4896	5335	26603760	26604188	0	702	GCA_946412225.1_IP-Mdc-14.PacbioHiFiAssembly_genomic
AT1G11270	OX291741.1	99.213	381	3	0	1	381	3778371	3778751	0	688	GCA_946412225.1_IP-Mdc-14.PacbioHiFiAssembly_genomic
AT1G11270	OX291741.1	90.406	271	16	4	552	820	20207726	20207988	1.31e-93	348	GCA_946412225.1_IP-Mdc-14.PacbioHiFiAssembly_genomic
AT1G11270	OX291741.1	90.637	267	16	3	5068	5333	20207726	20207984	4.71e-93	346	GCA_946412225.1_IP-Mdc-14.PacbioHiFiAssembly_genomic
AT1G11270	OX291741.1	93.158	190	11	2	376	564	20207198	20207386	1.74e-72	278	GCA_946412225.1_IP-Mdc-14.PacbioHiFiAssembly_genomic
AT1G11270	OX291741.1	93.548	186	10	2	4896	5080	20207202	20207386	6.27e-72	276	GCA_946412225.1_IP-Mdc-14.PacbioHiFiAssembly_genomic
AT1G11270	OX291742.1	83.167	1105	157	16	3452	4552	3059966	3061045	0	983	GCA_946412225.1_IP-Mdc-14.PacbioHiFiAssembly_genomic
AT1G11270	OX291742.1	83.077	1105	158	16	3452	4552	3076186	3077265	0	977	GCA_946412225.1_IP-Mdc-14.PacbioHiFiAssembly_genomic
AT1G11270	OX291742.1	84.929	491	61	8	4623	5104	3061060	3061546	9.58e-135	484	GCA_946412225.1_IP-Mdc-14.PacbioHiFiAssembly_genomic
AT1G11270	OX291742.1	84.929	491	61	8	4623	5104	3077280	3077766	9.58e-135	484	GCA_946412225.1_IP-Mdc-14.PacbioHiFiAssembly_genomic
AT1G11270	OX291742.1	85.873	361	47	4	1879	2237	17562487	17562129	1.29e-103	381	GCA_946412225.1_IP-Mdc-14.PacbioHiFiAssembly_genomic
AT1G11270	OX291742.1	89.252	214	16	6	380	588	3061335	3061546	1.76e-67	261	GCA_946412225.1_IP-Mdc-14.PacbioHiFiAssembly_genomic
AT1G11270	OX291742.1	89.252	214	16	6	380	588	3077555	3077766	1.76e-67	261	GCA_946412225.1_IP-Mdc-14.PacbioHiFiAssembly_genomic
AT1G11270	OX291754.1	99.516	4956	24	0	380	5335	19023274	19018319	0	9020	GCA_946413285.1_IP-Hum-2.9549.PacbioHiFiAssembly_genomic
AT1G11270	OX291754.1	99.455	4956	27	0	380	5335	19018758	19013803	0	9003	GCA_946413285.1_IP-Hum-2.9549.PacbioHiFiAssembly_genomic
AT1G11270	OX291754.1	99.435	4957	28	0	380	5336	19014242	19009286	0	8999	GCA_946413285.1_IP-Hum-2.9549.PacbioHiFiAssembly_genomic
AT1G11270	OX291754.1	99.294	4957	35	0	379	5335	5995952	6000908	0	8961	GCA_946413285.1_IP-Hum-2.9549.PacbioHiFiAssembly_genomic
AT1G11270	OX291754.1	100	440	0	0	4896	5335	19023274	19022835	0	813	GCA_946413285.1_IP-Hum-2.9549.PacbioHiFiAssembly_genomic
AT1G11270	OX291754.1	99.773	440	1	0	380	819	19009726	19009287	0	808	GCA_946413285.1_IP-Hum-2.9549.PacbioHiFiAssembly_genomic
AT1G11270	OX291754.1	98.869	442	5	0	380	821	6000469	6000910	0	789	GCA_946413285.1_IP-Hum-2.9549.PacbioHiFiAssembly_genomic
AT1G11270	OX291754.1	98.864	440	5	0	4896	5335	5995953	5996392	0	785	GCA_946413285.1_IP-Hum-2.9549.PacbioHiFiAssembly_genomic
AT1G11270	OX291753.1	99.455	4954	26	1	382	5335	12884513	12879561	0	8997	GCA_946413285.1_IP-Hum-2.9549.PacbioHiFiAssembly_genomic
AT1G11270	OX291753.1	99.366	1262	7	1	382	1643	12879997	12878737	0	2285	GCA_946413285.1_IP-Hum-2.9549.PacbioHiFiAssembly_genomic
AT1G11270	OX291753.1	99.315	438	2	1	4898	5335	12884513	12884077	0	791	GCA_946413285.1_IP-Hum-2.9549.PacbioHiFiAssembly_genomic
AT1G11270	OX291751.1	99.374	4956	30	1	380	5335	12243737	12248691	0	8979	GCA_946413285.1_IP-Hum-2.9549.PacbioHiFiAssembly_genomic
AT1G11270	OX291751.1	83.363	1106	154	17	3452	4552	3121882	3122962	0	996	GCA_946413285.1_IP-Hum-2.9549.PacbioHiFiAssembly_genomic
AT1G11270	OX291751.1	99.773	440	1	0	380	819	12248252	12248691	0	808	GCA_946413285.1_IP-Hum-2.9549.PacbioHiFiAssembly_genomic
AT1G11270	OX291751.1	98.864	440	5	0	4896	5335	12243737	12244176	0	785	GCA_946413285.1_IP-Hum-2.9549.PacbioHiFiAssembly_genomic
AT1G11270	OX291751.1	98.636	440	6	0	4896	5335	2227311	2226872	0	780	GCA_946413285.1_IP-Hum-2.9549.PacbioHiFiAssembly_genomic
AT1G11270	OX291751.1	98.636	440	6	0	380	819	2227311	2226872	0	780	GCA_946413285.1_IP-Hum-2.9549.PacbioHiFiAssembly_genomic
AT1G11270	OX291751.1	84.318	491	64	8	4623	5104	3122977	3123463	9.82e-130	468	GCA_946413285.1_IP-Hum-2.9549.PacbioHiFiAssembly_genomic
AT1G11270	OX291751.1	85.675	363	44	7	1879	2237	17462394	17462036	6.12e-102	375	GCA_946413285.1_IP-Hum-2.9549.PacbioHiFiAssembly_genomic
AT1G11270	OX291751.1	87.85	214	19	6	380	588	3123252	3123463	1.8e-62	244	GCA_946413285.1_IP-Hum-2.9549.PacbioHiFiAssembly_genomic
AT1G11270	OX291750.1	99.112	4957	44	0	379	5335	12370014	12365058	0	8911	GCA_946413285.1_IP-Hum-2.9549.PacbioHiFiAssembly_genomic
AT1G11270	OX291750.1	99.71	1379	0	1	5336	6714	3826038	3827412	0	2521	GCA_946413285.1_IP-Hum-2.9549.PacbioHiFiAssembly_genomic
AT1G11270	OX291750.1	97.973	444	9	0	380	823	12365497	12365054	0	771	GCA_946413285.1_IP-Hum-2.9549.PacbioHiFiAssembly_genomic
AT1G11270	OX291750.1	97.955	440	9	0	4896	5335	12370013	12369574	0	763	GCA_946413285.1_IP-Hum-2.9549.PacbioHiFiAssembly_genomic
AT1G11270	OX291750.1	99.213	381	3	0	1	381	3825664	3826044	0	688	GCA_946413285.1_IP-Hum-2.9549.PacbioHiFiAssembly_genomic
AT1G11270	OX291750.1	90.775	271	15	4	552	820	19865468	19865730	2.87e-95	353	GCA_946413285.1_IP-Hum-2.9549.PacbioHiFiAssembly_genomic
AT1G11270	OX291750.1	91.011	267	15	3	5068	5333	19865468	19865726	1.03e-94	351	GCA_946413285.1_IP-Hum-2.9549.PacbioHiFiAssembly_genomic
AT1G11270	OX291750.1	92.414	145	10	1	376	520	19864954	19865097	8.5e-51	206	GCA_946413285.1_IP-Hum-2.9549.PacbioHiFiAssembly_genomic
AT1G11270	OX291750.1	92.908	141	9	1	4896	5036	19864958	19865097	3.06e-50	204	GCA_946413285.1_IP-Hum-2.9549.PacbioHiFiAssembly_genomic
AT1G11270	OX291752.1	97.359	4960	98	8	380	5336	12943721	12948650	0	8403	GCA_946413285.1_IP-Hum-2.9549.PacbioHiFiAssembly_genomic
AT1G11270	OX291752.1	99.095	442	4	0	4895	5336	21247972	21248413	0	795	GCA_946413285.1_IP-Hum-2.9549.PacbioHiFiAssembly_genomic
AT1G11270	OX291752.1	99.091	440	4	0	380	819	21247973	21248412	0	791	GCA_946413285.1_IP-Hum-2.9549.PacbioHiFiAssembly_genomic
AT1G11270	OX291752.1	98.182	440	8	0	4896	5335	12943721	12944160	0	769	GCA_946413285.1_IP-Hum-2.9549.PacbioHiFiAssembly_genomic
AT1G11270	OX291752.1	97.5	440	11	0	380	819	12948210	12948649	0	752	GCA_946413285.1_IP-Hum-2.9549.PacbioHiFiAssembly_genomic
AT1G11270	OX291757.1	99.476	4959	24	2	379	5336	18855808	18850851	0	9012	GCA_946413305.1_IP-Med-3.PacbioHiFiAssembly_genomic
AT1G11270	OX291757.1	99.545	440	2	0	380	819	18851291	18850852	0	802	GCA_946413305.1_IP-Med-3.PacbioHiFiAssembly_genomic
AT1G11270	OX291757.1	99.545	440	2	0	4896	5335	18855807	18855368	0	802	GCA_946413305.1_IP-Med-3.PacbioHiFiAssembly_genomic
AT1G11270	OX291757.1	99.095	442	4	0	4895	5336	19969748	19970189	0	795	GCA_946413305.1_IP-Med-3.PacbioHiFiAssembly_genomic
AT1G11270	OX291757.1	99.091	440	4	0	380	819	19969749	19970188	0	791	GCA_946413305.1_IP-Med-3.PacbioHiFiAssembly_genomic
AT1G11270	OX291755.1	99.455	4957	27	0	380	5336	8139080	8134124	0	9005	GCA_946413305.1_IP-Med-3.PacbioHiFiAssembly_genomic
AT1G11270	OX291755.1	98.506	4953	60	2	380	5331	30605572	30610511	0	8724	GCA_946413305.1_IP-Med-3.PacbioHiFiAssembly_genomic
AT1G11270	OX291755.1	98.353	607	9	1	5336	5942	3775719	3776324	0	1064	GCA_946413305.1_IP-Med-3.PacbioHiFiAssembly_genomic
AT1G11270	OX291755.1	99.318	440	3	0	380	819	8134564	8134125	0	797	GCA_946413305.1_IP-Med-3.PacbioHiFiAssembly_genomic
AT1G11270	OX291755.1	99.318	440	3	0	4896	5335	8139080	8138641	0	797	GCA_946413305.1_IP-Med-3.PacbioHiFiAssembly_genomic
AT1G11270	OX291755.1	97.273	440	12	0	4896	5335	30605572	30606011	0	747	GCA_946413305.1_IP-Med-3.PacbioHiFiAssembly_genomic
AT1G11270	OX291755.1	99.752	403	1	0	6312	6714	3781462	3781864	0	739	GCA_946413305.1_IP-Med-3.PacbioHiFiAssembly_genomic
AT1G11270	OX291755.1	100	394	0	0	5935	6328	3781045	3781438	0	728	GCA_946413305.1_IP-Med-3.PacbioHiFiAssembly_genomic
AT1G11270	OX291755.1	96.796	437	13	1	380	815	30610075	30610511	0	728	GCA_946413305.1_IP-Med-3.PacbioHiFiAssembly_genomic
AT1G11270	OX291755.1	99.213	381	3	0	1	381	3775345	3775725	0	688	GCA_946413305.1_IP-Med-3.PacbioHiFiAssembly_genomic
AT1G11270	OX291755.1	90.406	271	15	5	552	820	21113467	21113728	4.76e-93	346	GCA_946413305.1_IP-Med-3.PacbioHiFiAssembly_genomic
AT1G11270	OX291755.1	90.637	267	15	4	5068	5333	21113467	21113724	4.76e-93	346	GCA_946413305.1_IP-Med-3.PacbioHiFiAssembly_genomic
AT1G11270	OX291755.1	91.005	189	16	1	376	564	21112940	21113127	2.97e-65	254	GCA_946413305.1_IP-Med-3.PacbioHiFiAssembly_genomic
AT1G11270	OX291755.1	92.222	180	13	1	4901	5080	21112949	21113127	2.97e-65	254	GCA_946413305.1_IP-Med-3.PacbioHiFiAssembly_genomic
AT1G11270	OX291756.1	99.156	4979	25	3	376	5338	21403764	21408741	0	8946	GCA_946413305.1_IP-Med-3.PacbioHiFiAssembly_genomic
AT1G11270	OX291756.1	98.971	4956	51	0	380	5335	9690606	9695561	0	8870	GCA_946413305.1_IP-Med-3.PacbioHiFiAssembly_genomic
AT1G11270	OX291756.1	82.986	1105	160	15	3452	4552	3223744	3224824	0	974	GCA_946413305.1_IP-Med-3.PacbioHiFiAssembly_genomic
AT1G11270	OX291756.1	97.55	449	3	1	4895	5335	21403766	21404214	0	761	GCA_946413305.1_IP-Med-3.PacbioHiFiAssembly_genomic
AT1G11270	OX291756.1	97.321	448	4	1	380	819	21408291	21408738	0	754	GCA_946413305.1_IP-Med-3.PacbioHiFiAssembly_genomic
AT1G11270	OX291756.1	97.5	440	11	0	380	819	9695122	9695561	0	752	GCA_946413305.1_IP-Med-3.PacbioHiFiAssembly_genomic
AT1G11270	OX291756.1	97.273	440	12	0	4896	5335	9690606	9691045	0	747	GCA_946413305.1_IP-Med-3.PacbioHiFiAssembly_genomic
AT1G11270	OX291756.1	85.873	361	47	4	1879	2237	16494577	16494219	1.3e-103	381	GCA_946413305.1_IP-Med-3.PacbioHiFiAssembly_genomic
AT1G11270	OX291758.1	99.173	4957	40	1	380	5335	14984465	14979509	0	8925	GCA_946413305.1_IP-Med-3.PacbioHiFiAssembly_genomic
AT1G11270	OX291758.1	98.643	442	6	0	380	821	14979948	14979507	0	784	GCA_946413305.1_IP-Med-3.PacbioHiFiAssembly_genomic
AT1G11270	OX291758.1	98.636	440	6	0	4896	5335	14984465	14984026	0	780	GCA_946413305.1_IP-Med-3.PacbioHiFiAssembly_genomic
AT1G11270	OX291759.1	99.44	4641	20	4	380	5020	9898550	9903184	0	8421	GCA_946413305.1_IP-Med-3.PacbioHiFiAssembly_genomic
AT1G11270	OX291759.1	100	440	0	0	4896	5335	9898550	9898989	0	813	GCA_946413305.1_IP-Med-3.PacbioHiFiAssembly_genomic
AT1G11270	OX291759.1	99.057	318	2	1	504	821	9903143	9903459	2.59e-160	569	GCA_946413305.1_IP-Med-3.PacbioHiFiAssembly_genomic
AT1G11270	OX291759.1	99.051	316	2	1	5020	5335	9903143	9903457	3.35e-159	566	GCA_946413305.1_IP-Med-3.PacbioHiFiAssembly_genomic
AT1G11270	OX291759.1	93.6	125	2	4	380	504	9903066	9903184	1.42e-43	182	GCA_946413305.1_IP-Med-3.PacbioHiFiAssembly_genomic
AT1G11270	OX291763.1	99.617	4960	15	4	380	5335	11400577	11395618	0	9051	GCA_946413405.1_PREI-A-14.PacbioHiFiAssembly_genomic
AT1G11270	OX291763.1	99.216	4973	34	5	372	5341	12249276	12244306	0	8962	GCA_946413405.1_PREI-A-14.PacbioHiFiAssembly_genomic
AT1G11270	OX291763.1	99.133	4957	26	2	380	5335	14910622	14915562	0	8900	GCA_946413405.1_PREI-A-14.PacbioHiFiAssembly_genomic
AT1G11270	OX291763.1	99.735	3021	8	0	2317	5337	15390499	15387479	0	5535	GCA_946413405.1_PREI-A-14.PacbioHiFiAssembly_genomic
AT1G11270	OX291763.1	99.56	455	2	0	380	834	15391065	15390611	0	830	GCA_946413405.1_PREI-A-14.PacbioHiFiAssembly_genomic
AT1G11270	OX291763.1	100	440	0	0	380	819	15387920	15387481	0	813	GCA_946413405.1_PREI-A-14.PacbioHiFiAssembly_genomic
AT1G11270	OX291763.1	99.55	444	0	2	380	821	11396059	11395616	0	808	GCA_946413405.1_PREI-A-14.PacbioHiFiAssembly_genomic
AT1G11270	OX291763.1	99.548	442	0	2	4896	5335	11400577	11400136	0	804	GCA_946413405.1_PREI-A-14.PacbioHiFiAssembly_genomic
AT1G11270	OX291763.1	99.545	440	2	0	4896	5335	15391065	15390626	0	802	GCA_946413405.1_PREI-A-14.PacbioHiFiAssembly_genomic
AT1G11270	OX291763.1	99.095	442	3	1	4895	5335	12249271	12248830	0	793	GCA_946413405.1_PREI-A-14.PacbioHiFiAssembly_genomic
AT1G11270	OX291763.1	98.864	440	5	0	4896	5335	14910622	14911061	0	785	GCA_946413405.1_PREI-A-14.PacbioHiFiAssembly_genomic
AT1G11270	OX291763.1	98.639	441	5	1	380	819	12244753	12244313	0	780	GCA_946413405.1_PREI-A-14.PacbioHiFiAssembly_genomic
AT1G11270	OX291763.1	95.011	441	5	2	380	819	14915138	14915562	0	676	GCA_946413405.1_PREI-A-14.PacbioHiFiAssembly_genomic
AT1G11270	OX291763.1	100	117	0	0	2123	2239	15390611	15390495	3.81e-54	217	GCA_946413405.1_PREI-A-14.PacbioHiFiAssembly_genomic
AT1G11270	OX291762.1	99.617	4957	19	0	380	5336	4074474	4079430	0	9049	GCA_946413405.1_PREI-A-14.PacbioHiFiAssembly_genomic
AT1G11270	OX291762.1	92.184	1369	94	8	3159	4526	17215340	17213984	0	1923	GCA_946413405.1_PREI-A-14.PacbioHiFiAssembly_genomic
AT1G11270	OX291762.1	93.604	813	51	1	4523	5335	17213821	17213010	0	1212	GCA_946413405.1_PREI-A-14.PacbioHiFiAssembly_genomic
AT1G11270	OX291762.1	94.218	761	32	7	380	1139	17213448	17212699	0	1151	GCA_946413405.1_PREI-A-14.PacbioHiFiAssembly_genomic
AT1G11270	OX291762.1	99.545	440	2	0	4896	5335	4074474	4074913	0	802	GCA_946413405.1_PREI-A-14.PacbioHiFiAssembly_genomic
AT1G11270	OX291762.1	99.545	440	2	0	380	819	4078990	4079429	0	802	GCA_946413405.1_PREI-A-14.PacbioHiFiAssembly_genomic
AT1G11270	OX291762.1	98.643	442	6	0	4895	5336	19804397	19804838	0	784	GCA_946413405.1_PREI-A-14.PacbioHiFiAssembly_genomic
AT1G11270	OX291762.1	98.636	440	6	0	380	819	19804398	19804837	0	780	GCA_946413405.1_PREI-A-14.PacbioHiFiAssembly_genomic
AT1G11270	OX291760.1	99.213	4957	37	1	380	5336	26041686	26036732	0	8937	GCA_946413405.1_PREI-A-14.PacbioHiFiAssembly_genomic
AT1G11270	OX291760.1	99.048	2835	27	0	2501	5335	7710433	7713267	0	5086	GCA_946413405.1_PREI-A-14.PacbioHiFiAssembly_genomic
AT1G11270	OX291760.1	98.823	2124	25	0	380	2503	7708076	7710199	0	3784	GCA_946413405.1_PREI-A-14.PacbioHiFiAssembly_genomic
AT1G11270	OX291760.1	99.855	1381	0	1	5336	6714	3790588	3791968	0	2538	GCA_946413405.1_PREI-A-14.PacbioHiFiAssembly_genomic
AT1G11270	OX291760.1	98.864	440	5	0	380	819	7712828	7713267	0	785	GCA_946413405.1_PREI-A-14.PacbioHiFiAssembly_genomic
AT1G11270	OX291760.1	98.214	448	7	1	4888	5335	7705419	7705865	0	782	GCA_946413405.1_PREI-A-14.PacbioHiFiAssembly_genomic
AT1G11270	OX291760.1	98.636	440	5	1	380	819	7705427	7705865	0	778	GCA_946413405.1_PREI-A-14.PacbioHiFiAssembly_genomic
AT1G11270	OX291760.1	98.413	441	7	0	4895	5335	26041687	26041247	0	776	GCA_946413405.1_PREI-A-14.PacbioHiFiAssembly_genomic
AT1G11270	OX291760.1	98.182	440	6	1	380	819	26037170	26036733	0	767	GCA_946413405.1_PREI-A-14.PacbioHiFiAssembly_genomic
AT1G11270	OX291760.1	97.959	441	9	0	380	820	20825019	20825459	0	765	GCA_946413405.1_PREI-A-14.PacbioHiFiAssembly_genomic
AT1G11270	OX291760.1	97.955	440	9	0	4896	5335	20825019	20825458	0	763	GCA_946413405.1_PREI-A-14.PacbioHiFiAssembly_genomic
AT1G11270	OX291760.1	97.506	441	11	0	4895	5335	7708075	7708515	0	754	GCA_946413405.1_PREI-A-14.PacbioHiFiAssembly_genomic
AT1G11270	OX291760.1	98.95	381	4	0	1	381	3790214	3790594	0	682	GCA_946413405.1_PREI-A-14.PacbioHiFiAssembly_genomic
AT1G11270	OX291760.1	91.144	271	14	4	552	820	20361405	20361667	5.98e-97	359	GCA_946413405.1_PREI-A-14.PacbioHiFiAssembly_genomic
AT1G11270	OX291760.1	91.386	267	14	3	5068	5333	20361405	20361663	2.15e-96	357	GCA_946413405.1_PREI-A-14.PacbioHiFiAssembly_genomic
AT1G11270	OX291760.1	92.063	189	14	1	376	564	20360878	20361065	1.34e-68	265	GCA_946413405.1_PREI-A-14.PacbioHiFiAssembly_genomic
AT1G11270	OX291760.1	92.432	185	13	1	4896	5080	20360882	20361065	4.82e-68	263	GCA_946413405.1_PREI-A-14.PacbioHiFiAssembly_genomic
AT1G11270	OX291761.1	98.991	4956	49	1	380	5335	10860518	10865472	0	8874	GCA_946413405.1_PREI-A-14.PacbioHiFiAssembly_genomic
AT1G11270	OX291761.1	83.363	1106	154	17	3452	4552	3196697	3197777	0	996	GCA_946413405.1_PREI-A-14.PacbioHiFiAssembly_genomic
AT1G11270	OX291761.1	97.955	440	9	0	4896	5335	10860518	10860957	0	763	GCA_946413405.1_PREI-A-14.PacbioHiFiAssembly_genomic
AT1G11270	OX291761.1	97.955	440	9	0	380	819	10865033	10865472	0	763	GCA_946413405.1_PREI-A-14.PacbioHiFiAssembly_genomic
AT1G11270	OX291761.1	84.318	491	64	8	4623	5104	3197792	3198278	9.52e-130	468	GCA_946413405.1_PREI-A-14.PacbioHiFiAssembly_genomic
AT1G11270	OX291761.1	85.319	361	49	4	1879	2237	17626855	17626497	2.76e-100	370	GCA_946413405.1_PREI-A-14.PacbioHiFiAssembly_genomic
AT1G11270	OX291761.1	87.85	214	19	6	380	588	3198067	3198278	1.75e-62	244	GCA_946413405.1_PREI-A-14.PacbioHiFiAssembly_genomic
AT1G11270	OX291767.1	99.435	4956	28	0	380	5335	13142063	13147018	0	8997	GCA_946413935.1_IP-Sln-22.PacbioHiFiAssembly_genomic
AT1G11270	OX291767.1	99.031	4956	48	0	380	5335	11534784	11539739	0	8887	GCA_946413935.1_IP-Sln-22.PacbioHiFiAssembly_genomic
AT1G11270	OX291767.1	98.89	4955	52	3	381	5335	11895504	11890553	0	8842	GCA_946413935.1_IP-Sln-22.PacbioHiFiAssembly_genomic
AT1G11270	OX291767.1	83.104	1089	154	16	3470	4552	3088246	3089310	0	965	GCA_946413935.1_IP-Sln-22.PacbioHiFiAssembly_genomic
AT1G11270	OX291767.1	99.545	440	2	0	4896	5335	13142063	13142502	0	802	GCA_946413935.1_IP-Sln-22.PacbioHiFiAssembly_genomic
AT1G11270	OX291767.1	99.091	440	4	0	380	819	13146579	13147018	0	791	GCA_946413935.1_IP-Sln-22.PacbioHiFiAssembly_genomic
AT1G11270	OX291767.1	98.182	440	8	0	4896	5335	11534784	11535223	0	769	GCA_946413935.1_IP-Sln-22.PacbioHiFiAssembly_genomic
AT1G11270	OX291767.1	98.182	440	8	0	380	819	11539300	11539739	0	769	GCA_946413935.1_IP-Sln-22.PacbioHiFiAssembly_genomic
AT1G11270	OX291767.1	97.727	440	9	1	380	819	11890991	11890553	0	756	GCA_946413935.1_IP-Sln-22.PacbioHiFiAssembly_genomic
AT1G11270	OX291767.1	97.722	439	9	1	4897	5335	11895504	11895067	0	754	GCA_946413935.1_IP-Sln-22.PacbioHiFiAssembly_genomic
AT1G11270	OX291767.1	84.929	491	61	8	4623	5104	3089325	3089811	9.8e-135	484	GCA_946413935.1_IP-Sln-22.PacbioHiFiAssembly_genomic
AT1G11270	OX291767.1	85.873	361	47	4	1879	2237	18352830	18352472	1.32e-103	381	GCA_946413935.1_IP-Sln-22.PacbioHiFiAssembly_genomic
AT1G11270	OX291767.1	89.252	214	16	6	380	588	3089600	3089811	1.8e-67	261	GCA_946413935.1_IP-Sln-22.PacbioHiFiAssembly_genomic
AT1G11270	OX291770.1	99.314	4958	32	2	380	5335	20151070	20156027	0	8966	GCA_946413935.1_IP-Sln-22.PacbioHiFiAssembly_genomic
AT1G11270	OX291770.1	99.274	4956	34	2	380	5335	3284549	3289502	0	8951	GCA_946413935.1_IP-Sln-22.PacbioHiFiAssembly_genomic
AT1G11270	OX291770.1	98.87	4957	56	0	380	5336	7858565	7863521	0	8844	GCA_946413935.1_IP-Sln-22.PacbioHiFiAssembly_genomic
AT1G11270	OX291770.1	98.81	4956	59	0	380	5335	26427860	26432815	0	8826	GCA_946413935.1_IP-Sln-22.PacbioHiFiAssembly_genomic
AT1G11270	OX291770.1	99.773	441	0	1	380	820	3289064	3289503	0	808	GCA_946413935.1_IP-Sln-22.PacbioHiFiAssembly_genomic
AT1G11270	OX291770.1	99.318	440	2	1	4896	5335	3284549	3284987	0	795	GCA_946413935.1_IP-Sln-22.PacbioHiFiAssembly_genomic
AT1G11270	OX291770.1	98.869	442	4	1	4895	5335	20151069	20151510	0	787	GCA_946413935.1_IP-Sln-22.PacbioHiFiAssembly_genomic
AT1G11270	OX291770.1	98.639	441	5	1	380	819	20155587	20156027	0	780	GCA_946413935.1_IP-Sln-22.PacbioHiFiAssembly_genomic
AT1G11270	OX291770.1	97.955	440	9	0	380	819	26432376	26432815	0	763	GCA_946413935.1_IP-Sln-22.PacbioHiFiAssembly_genomic
AT1G11270	OX291770.1	97.273	440	12	0	380	819	7863081	7863520	0	747	GCA_946413935.1_IP-Sln-22.PacbioHiFiAssembly_genomic
AT1G11270	OX291770.1	97.045	440	13	0	4896	5335	7858565	7859004	0	741	GCA_946413935.1_IP-Sln-22.PacbioHiFiAssembly_genomic
AT1G11270	OX291770.1	96.818	440	14	0	4896	5335	26427860	26428299	0	736	GCA_946413935.1_IP-Sln-22.PacbioHiFiAssembly_genomic
AT1G11270	OX291769.1	99.294	4956	35	0	380	5335	17260464	17265419	0	8959	GCA_946413935.1_IP-Sln-22.PacbioHiFiAssembly_genomic
AT1G11270	OX291769.1	99.545	440	2	0	4896	5335	17260464	17260903	0	802	GCA_946413935.1_IP-Sln-22.PacbioHiFiAssembly_genomic
AT1G11270	OX291769.1	99.093	441	4	0	380	820	17264980	17265420	0	793	GCA_946413935.1_IP-Sln-22.PacbioHiFiAssembly_genomic
AT1G11270	OX291768.1	99.154	4966	32	5	379	5335	7726454	7731418	0	8929	GCA_946413935.1_IP-Sln-22.PacbioHiFiAssembly_genomic
AT1G11270	OX291768.1	99.134	4964	40	3	379	5342	4645814	4650774	0	8925	GCA_946413935.1_IP-Sln-22.PacbioHiFiAssembly_genomic
AT1G11270	OX291768.1	98.569	4960	55	2	380	5338	10770115	10765171	0	8752	GCA_946413935.1_IP-Sln-22.PacbioHiFiAssembly_genomic
AT1G11270	OX291768.1	92.257	1369	97	8	3159	4526	18364635	18363275	0	1932	GCA_946413935.1_IP-Sln-22.PacbioHiFiAssembly_genomic
AT1G11270	OX291768.1	91.127	1375	99	13	3159	4527	18107504	18108861	0	1842	GCA_946413935.1_IP-Sln-22.PacbioHiFiAssembly_genomic
AT1G11270	OX291768.1	94.096	813	48	0	4523	5335	18109024	18109836	0	1236	GCA_946413935.1_IP-Sln-22.PacbioHiFiAssembly_genomic
AT1G11270	OX291768.1	94.096	813	48	0	4523	5335	18114958	18115770	0	1236	GCA_946413935.1_IP-Sln-22.PacbioHiFiAssembly_genomic
AT1G11270	OX291768.1	93.489	814	52	1	4523	5335	18363112	18362299	0	1208	GCA_946413935.1_IP-Sln-22.PacbioHiFiAssembly_genomic
AT1G11270	OX291768.1	94.466	759	32	5	382	1139	18362737	18361988	0	1160	GCA_946413935.1_IP-Sln-22.PacbioHiFiAssembly_genomic
AT1G11270	OX291768.1	94.211	760	35	4	380	1139	18115331	18116081	0	1151	GCA_946413935.1_IP-Sln-22.PacbioHiFiAssembly_genomic
AT1G11270	OX291768.1	99.095	442	2	1	380	819	7730977	7731418	0	793	GCA_946413935.1_IP-Sln-22.PacbioHiFiAssembly_genomic
AT1G11270	OX291768.1	98.864	440	4	1	380	819	4650330	4650768	0	784	GCA_946413935.1_IP-Sln-22.PacbioHiFiAssembly_genomic
AT1G11270	OX291768.1	98.409	440	6	1	4896	5335	4645815	4646253	0	773	GCA_946413935.1_IP-Sln-22.PacbioHiFiAssembly_genomic
AT1G11270	OX291768.1	97.987	447	2	3	4896	5335	7726455	7726901	0	769	GCA_946413935.1_IP-Sln-22.PacbioHiFiAssembly_genomic
AT1G11270	OX291768.1	97.955	440	9	0	4896	5335	10770115	10769676	0	763	GCA_946413935.1_IP-Sln-22.PacbioHiFiAssembly_genomic
AT1G11270	OX291768.1	97.052	441	13	0	380	820	10765614	10765174	0	743	GCA_946413935.1_IP-Sln-22.PacbioHiFiAssembly_genomic
AT1G11270	OX291768.1	95.556	450	20	0	380	829	18109397	18109846	0	721	GCA_946413935.1_IP-Sln-22.PacbioHiFiAssembly_genomic
AT1G11270	OX291768.1	100	110	0	0	4896	5005	19595478	19595369	3.07e-50	204	GCA_946413935.1_IP-Sln-22.PacbioHiFiAssembly_genomic
AT1G11270	OX291768.1	100	110	0	0	380	489	19595478	19595369	3.07e-50	204	GCA_946413935.1_IP-Sln-22.PacbioHiFiAssembly_genomic
AT1G11270	OX291766.1	98.499	1399	1	1	5336	6714	3803698	3805096	0	2449	GCA_946413935.1_IP-Sln-22.PacbioHiFiAssembly_genomic
AT1G11270	OX291766.1	99.213	381	3	0	1	381	3803324	3803704	0	688	GCA_946413935.1_IP-Sln-22.PacbioHiFiAssembly_genomic
AT1G11270	OX291766.1	90.775	271	15	4	552	820	19913250	19913512	2.88e-95	353	GCA_946413935.1_IP-Sln-22.PacbioHiFiAssembly_genomic
AT1G11270	OX291766.1	91.011	267	15	3	5068	5333	19913250	19913508	1.04e-94	351	GCA_946413935.1_IP-Sln-22.PacbioHiFiAssembly_genomic
AT1G11270	OX291766.1	93.122	189	12	1	376	564	19912723	19912910	6.42e-72	276	GCA_946413935.1_IP-Sln-22.PacbioHiFiAssembly_genomic
AT1G11270	OX291766.1	93.514	185	11	1	4896	5080	19912727	19912910	2.31e-71	274	GCA_946413935.1_IP-Sln-22.PacbioHiFiAssembly_genomic
AT1G11270	OX291777.1	99.597	4957	20	0	380	5336	3422055	3417099	0	9044	GCA_946414125.1_Cvi-0.6911.PacbioHiFiAssembly_genomic
AT1G11270	OX291777.1	97.785	3612	70	4	1728	5336	13245600	13249204	0	6218	GCA_946414125.1_Cvi-0.6911.PacbioHiFiAssembly_genomic
AT1G11270	OX291777.1	96.661	1198	21	1	380	1577	13244428	13245606	0	1973	GCA_946414125.1_Cvi-0.6911.PacbioHiFiAssembly_genomic
AT1G11270	OX291777.1	91.691	1372	103	9	3159	4526	18122541	18123905	0	1892	GCA_946414125.1_Cvi-0.6911.PacbioHiFiAssembly_genomic
AT1G11270	OX291777.1	93.604	813	52	0	4523	5335	18130883	18131695	0	1214	GCA_946414125.1_Cvi-0.6911.PacbioHiFiAssembly_genomic
AT1G11270	OX291777.1	93.112	813	52	2	4523	5335	18124068	18124876	0	1188	GCA_946414125.1_Cvi-0.6911.PacbioHiFiAssembly_genomic
AT1G11270	OX291777.1	94.079	760	36	4	380	1139	18131256	18132006	0	1146	GCA_946414125.1_Cvi-0.6911.PacbioHiFiAssembly_genomic
AT1G11270	OX291777.1	93.289	760	38	6	380	1139	18124441	18125187	0	1109	GCA_946414125.1_Cvi-0.6911.PacbioHiFiAssembly_genomic
AT1G11270	OX291777.1	100	441	0	0	4895	5335	3422056	3421616	0	815	GCA_946414125.1_Cvi-0.6911.PacbioHiFiAssembly_genomic
AT1G11270	OX291777.1	99.545	440	2	0	380	819	3417539	3417100	0	802	GCA_946414125.1_Cvi-0.6911.PacbioHiFiAssembly_genomic
AT1G11270	OX291777.1	98.182	440	8	0	4896	5335	13244428	13244867	0	769	GCA_946414125.1_Cvi-0.6911.PacbioHiFiAssembly_genomic
AT1G11270	OX291777.1	96.591	440	15	0	380	819	13248764	13249203	0	730	GCA_946414125.1_Cvi-0.6911.PacbioHiFiAssembly_genomic
AT1G11270	OX291778.1	99.274	4962	33	3	377	5336	14806784	14811744	0	8961	GCA_946414125.1_Cvi-0.6911.PacbioHiFiAssembly_genomic
AT1G11270	OX291778.1	99.32	441	2	1	380	819	14811303	14811743	0	797	GCA_946414125.1_Cvi-0.6911.PacbioHiFiAssembly_genomic
AT1G11270	OX291778.1	98.866	441	3	2	4896	5335	14806787	14807226	0	785	GCA_946414125.1_Cvi-0.6911.PacbioHiFiAssembly_genomic
AT1G11270	OX291775.1	100	993	0	0	5336	6328	3817331	3818323	0	1834	GCA_946414125.1_Cvi-0.6911.PacbioHiFiAssembly_genomic
AT1G11270	OX291775.1	99.256	403	3	0	6312	6714	3818341	3818743	0	728	GCA_946414125.1_Cvi-0.6911.PacbioHiFiAssembly_genomic
AT1G11270	OX291775.1	99.213	381	3	0	1	381	3816957	3817337	0	688	GCA_946414125.1_Cvi-0.6911.PacbioHiFiAssembly_genomic
AT1G11270	OX291775.1	90.775	271	15	4	552	820	21359285	21359547	2.88e-95	353	GCA_946414125.1_Cvi-0.6911.PacbioHiFiAssembly_genomic
AT1G11270	OX291775.1	91.011	267	15	3	5068	5333	21359285	21359543	1.03e-94	351	GCA_946414125.1_Cvi-0.6911.PacbioHiFiAssembly_genomic
AT1G11270	OX291775.1	91.534	189	15	1	376	564	21358765	21358952	6.45e-67	259	GCA_946414125.1_Cvi-0.6911.PacbioHiFiAssembly_genomic
AT1G11270	OX291775.1	91.892	185	14	1	4896	5080	21358769	21358952	2.32e-66	257	GCA_946414125.1_Cvi-0.6911.PacbioHiFiAssembly_genomic
AT1G11270	OX291776.1	83.258	1105	157	15	3452	4552	2762045	2763125	0	990	GCA_946414125.1_Cvi-0.6911.PacbioHiFiAssembly_genomic
AT1G11270	OX291776.1	84.725	491	62	8	4623	5104	2763140	2763626	4.55e-133	479	GCA_946414125.1_Cvi-0.6911.PacbioHiFiAssembly_genomic
AT1G11270	OX291776.1	85.359	362	48	5	1879	2237	17160800	17160441	2.86e-100	370	GCA_946414125.1_Cvi-0.6911.PacbioHiFiAssembly_genomic
AT1G11270	OX291776.1	89.252	214	16	6	380	588	2763415	2763626	1.79e-67	261	GCA_946414125.1_Cvi-0.6911.PacbioHiFiAssembly_genomic
AT1G11270	OX291785.1	99.436	4961	24	2	379	5335	17672282	17667322	0	9003	GCA_946414305.1_IP-Cat-0.9832.PacbioHiFiAssembly_genomic
AT1G11270	OX291785.1	99.334	4957	30	3	380	5335	3291206	3296160	0	8968	GCA_946414305.1_IP-Cat-0.9832.PacbioHiFiAssembly_genomic
AT1G11270	OX291785.1	99.193	4956	39	1	380	5335	20059027	20063981	0	8929	GCA_946414305.1_IP-Cat-0.9832.PacbioHiFiAssembly_genomic
AT1G11270	OX291785.1	99.072	4957	46	0	380	5336	10120330	10115374	0	8900	GCA_946414305.1_IP-Cat-0.9832.PacbioHiFiAssembly_genomic
AT1G11270	OX291785.1	98.991	4957	49	1	380	5335	21362408	21367364	0	8876	GCA_946414305.1_IP-Cat-0.9832.PacbioHiFiAssembly_genomic
AT1G11270	OX291785.1	98.85	4956	57	0	380	5335	24530396	24535351	0	8837	GCA_946414305.1_IP-Cat-0.9832.PacbioHiFiAssembly_genomic
AT1G11270	OX291785.1	98.849	2694	24	1	380	3073	7826031	7828717	0	4796	GCA_946414305.1_IP-Cat-0.9832.PacbioHiFiAssembly_genomic
AT1G11270	OX291785.1	98.457	2204	34	0	3133	5336	7828710	7830913	0	3882	GCA_946414305.1_IP-Cat-0.9832.PacbioHiFiAssembly_genomic
AT1G11270	OX291785.1	99.773	441	0	1	380	820	3295722	3296161	0	808	GCA_946414305.1_IP-Cat-0.9832.PacbioHiFiAssembly_genomic
AT1G11270	OX291785.1	99.318	440	2	1	4896	5335	3291206	3291644	0	795	GCA_946414305.1_IP-Cat-0.9832.PacbioHiFiAssembly_genomic
AT1G11270	OX291785.1	99.097	443	2	1	380	820	17667763	17667321	0	795	GCA_946414305.1_IP-Cat-0.9832.PacbioHiFiAssembly_genomic
AT1G11270	OX291785.1	99.095	442	2	1	4896	5335	17672281	17671840	0	793	GCA_946414305.1_IP-Cat-0.9832.PacbioHiFiAssembly_genomic
AT1G11270	OX291785.1	98.864	440	5	0	4896	5335	20059027	20059466	0	785	GCA_946414305.1_IP-Cat-0.9832.PacbioHiFiAssembly_genomic
AT1G11270	OX291785.1	98.864	440	5	0	380	819	20063542	20063981	0	785	GCA_946414305.1_IP-Cat-0.9832.PacbioHiFiAssembly_genomic
AT1G11270	OX291785.1	97.955	440	9	0	380	819	10115814	10115375	0	763	GCA_946414305.1_IP-Cat-0.9832.PacbioHiFiAssembly_genomic
AT1G11270	OX291785.1	97.955	440	9	0	380	819	24534912	24535351	0	763	GCA_946414305.1_IP-Cat-0.9832.PacbioHiFiAssembly_genomic
AT1G11270	OX291785.1	97.738	442	10	0	380	821	21366925	21367366	0	761	GCA_946414305.1_IP-Cat-0.9832.PacbioHiFiAssembly_genomic
AT1G11270	OX291785.1	97.727	440	10	0	4896	5335	10120330	10119891	0	758	GCA_946414305.1_IP-Cat-0.9832.PacbioHiFiAssembly_genomic
AT1G11270	OX291785.1	97.506	441	11	0	4895	5335	21362407	21362847	0	754	GCA_946414305.1_IP-Cat-0.9832.PacbioHiFiAssembly_genomic
AT1G11270	OX291785.1	97.5	440	11	0	4896	5335	7826031	7826470	0	752	GCA_946414305.1_IP-Cat-0.9832.PacbioHiFiAssembly_genomic
AT1G11270	OX291785.1	97.273	440	12	0	4896	5335	24530396	24530835	0	747	GCA_946414305.1_IP-Cat-0.9832.PacbioHiFiAssembly_genomic
AT1G11270	OX291785.1	96.818	440	14	0	380	819	7830473	7830912	0	736	GCA_946414305.1_IP-Cat-0.9832.PacbioHiFiAssembly_genomic
AT1G11270	OX291784.1	99.395	4956	30	0	380	5335	17234207	17239162	0	8986	GCA_946414305.1_IP-Cat-0.9832.PacbioHiFiAssembly_genomic
AT1G11270	OX291784.1	99.545	440	2	0	4896	5335	17234207	17234646	0	802	GCA_946414305.1_IP-Cat-0.9832.PacbioHiFiAssembly_genomic
AT1G11270	OX291784.1	99.32	441	3	0	380	820	17238723	17239163	0	798	GCA_946414305.1_IP-Cat-0.9832.PacbioHiFiAssembly_genomic
AT1G11270	OX291782.1	99.374	4956	31	0	380	5335	12540936	12545891	0	8981	GCA_946414305.1_IP-Cat-0.9832.PacbioHiFiAssembly_genomic
AT1G11270	OX291782.1	98.951	4955	50	2	381	5335	11284537	11279585	0	8861	GCA_946414305.1_IP-Cat-0.9832.PacbioHiFiAssembly_genomic
AT1G11270	OX291782.1	98.931	4956	53	0	380	5335	10909195	10914150	0	8859	GCA_946414305.1_IP-Cat-0.9832.PacbioHiFiAssembly_genomic
AT1G11270	OX291782.1	99.551	2225	10	0	3111	5335	13816964	13819188	0	4054	GCA_946414305.1_IP-Cat-0.9832.PacbioHiFiAssembly_genomic
AT1G11270	OX291782.1	99.387	1632	9	1	379	2010	13815343	13816973	0	2957	GCA_946414305.1_IP-Cat-0.9832.PacbioHiFiAssembly_genomic
AT1G11270	OX291782.1	99.773	440	1	0	380	819	12545452	12545891	0	808	GCA_946414305.1_IP-Cat-0.9832.PacbioHiFiAssembly_genomic
AT1G11270	OX291782.1	99.773	440	1	0	380	819	13818749	13819188	0	808	GCA_946414305.1_IP-Cat-0.9832.PacbioHiFiAssembly_genomic
AT1G11270	OX291782.1	98.864	440	5	0	4896	5335	13815344	13815783	0	785	GCA_946414305.1_IP-Cat-0.9832.PacbioHiFiAssembly_genomic
AT1G11270	OX291782.1	98.636	440	6	0	4896	5335	12540936	12541375	0	780	GCA_946414305.1_IP-Cat-0.9832.PacbioHiFiAssembly_genomic
AT1G11270	OX291782.1	98.409	440	6	1	380	819	11280023	11279585	0	773	GCA_946414305.1_IP-Cat-0.9832.PacbioHiFiAssembly_genomic
AT1G11270	OX291782.1	97.955	440	9	0	4896	5335	10909195	10909634	0	763	GCA_946414305.1_IP-Cat-0.9832.PacbioHiFiAssembly_genomic
AT1G11270	OX291782.1	97.95	439	8	1	4897	5335	11284537	11284100	0	760	GCA_946414305.1_IP-Cat-0.9832.PacbioHiFiAssembly_genomic
AT1G11270	OX291782.1	97.5	440	11	0	380	819	10913711	10914150	0	752	GCA_946414305.1_IP-Cat-0.9832.PacbioHiFiAssembly_genomic
AT1G11270	OX291782.1	82.703	555	87	5	3452	4006	3720352	3720897	9.61e-135	484	GCA_946414305.1_IP-Cat-0.9832.PacbioHiFiAssembly_genomic
AT1G11270	OX291782.1	85.596	361	48	4	1879	2237	17841618	17841260	6.04e-102	375	GCA_946414305.1_IP-Cat-0.9832.PacbioHiFiAssembly_genomic
AT1G11270	OX291783.1	97.339	4960	100	7	380	5336	13220337	13225267	0	8399	GCA_946414305.1_IP-Cat-0.9832.PacbioHiFiAssembly_genomic
AT1G11270	OX291783.1	97.955	440	9	0	4896	5335	13220337	13220776	0	763	GCA_946414305.1_IP-Cat-0.9832.PacbioHiFiAssembly_genomic
AT1G11270	OX291783.1	97.273	440	12	0	380	819	13224827	13225266	0	747	GCA_946414305.1_IP-Cat-0.9832.PacbioHiFiAssembly_genomic
AT1G11270	OX291781.1	99.71	1379	0	1	5336	6714	3819521	3820895	0	2521	GCA_946414305.1_IP-Cat-0.9832.PacbioHiFiAssembly_genomic
AT1G11270	OX291781.1	99.213	381	3	0	1	381	3819147	3819527	0	688	GCA_946414305.1_IP-Cat-0.9832.PacbioHiFiAssembly_genomic
AT1G11270	OX291781.1	90.775	271	15	4	552	820	20186049	20186311	2.83e-95	353	GCA_946414305.1_IP-Cat-0.9832.PacbioHiFiAssembly_genomic
AT1G11270	OX291781.1	91.011	267	15	3	5068	5333	20186049	20186307	1.02e-94	351	GCA_946414305.1_IP-Cat-0.9832.PacbioHiFiAssembly_genomic
AT1G11270	OX291781.1	93.122	189	12	1	376	564	20185522	20185709	6.3e-72	276	GCA_946414305.1_IP-Cat-0.9832.PacbioHiFiAssembly_genomic
AT1G11270	OX291781.1	93.514	185	11	1	4896	5080	20185526	20185709	2.26e-71	274	GCA_946414305.1_IP-Cat-0.9832.PacbioHiFiAssembly_genomic
AT1G11270	OX291786.1	99.577	4963	20	1	376	5338	12510593	12505632	0	9047	GCA_946415005.1_ANGE-B-2.PacbioHiFiAssembly_genomic
AT1G11270	OX291786.1	99.272	2885	15	4	380	3262	23999346	23996466	0	5206	GCA_946415005.1_ANGE-B-2.PacbioHiFiAssembly_genomic
AT1G11270	OX291786.1	99.118	2835	25	0	2501	5335	7668149	7670983	0	5097	GCA_946415005.1_ANGE-B-2.PacbioHiFiAssembly_genomic
AT1G11270	OX291786.1	98.823	2124	25	0	380	2503	7665793	7667916	0	3784	GCA_946415005.1_ANGE-B-2.PacbioHiFiAssembly_genomic
AT1G11270	OX291786.1	99.344	1983	13	0	3353	5335	23996472	23994490	0	3591	GCA_946415005.1_ANGE-B-2.PacbioHiFiAssembly_genomic
AT1G11270	OX291786.1	98.734	948	11	1	5336	6283	3774290	3775236	0	1683	GCA_946415005.1_ANGE-B-2.PacbioHiFiAssembly_genomic
AT1G11270	OX291786.1	93.565	948	61	0	5336	6283	12873366	12874313	0	1413	GCA_946415005.1_ANGE-B-2.PacbioHiFiAssembly_genomic
AT1G11270	OX291786.1	99.545	440	2	0	380	819	12506074	12505635	0	802	GCA_946415005.1_ANGE-B-2.PacbioHiFiAssembly_genomic
AT1G11270	OX291786.1	98.869	442	5	0	380	821	23994929	23994488	0	789	GCA_946415005.1_ANGE-B-2.PacbioHiFiAssembly_genomic
AT1G11270	OX291786.1	98.438	448	6	1	4888	5335	7663136	7663582	0	787	GCA_946415005.1_ANGE-B-2.PacbioHiFiAssembly_genomic
AT1G11270	OX291786.1	98.866	441	5	0	4895	5335	12510591	12510151	0	787	GCA_946415005.1_ANGE-B-2.PacbioHiFiAssembly_genomic
AT1G11270	OX291786.1	98.864	440	5	0	380	819	7670544	7670983	0	785	GCA_946415005.1_ANGE-B-2.PacbioHiFiAssembly_genomic
AT1G11270	OX291786.1	98.864	440	4	1	380	819	7663144	7663582	0	784	GCA_946415005.1_ANGE-B-2.PacbioHiFiAssembly_genomic
AT1G11270	OX291786.1	97.506	441	11	0	4895	5335	7665792	7666232	0	754	GCA_946415005.1_ANGE-B-2.PacbioHiFiAssembly_genomic
AT1G11270	OX291786.1	97.045	440	9	2	4896	5335	23999346	23998911	0	737	GCA_946415005.1_ANGE-B-2.PacbioHiFiAssembly_genomic
AT1G11270	OX291786.1	99.213	381	3	0	1	381	3773916	3774296	0	688	GCA_946415005.1_ANGE-B-2.PacbioHiFiAssembly_genomic
AT1G11270	OX291786.1	90.149	335	24	3	1	326	12873004	12873338	1.62e-117	427	GCA_946415005.1_ANGE-B-2.PacbioHiFiAssembly_genomic
AT1G11270	OX291786.1	89.668	271	18	4	552	820	19748728	19748990	2.82e-90	337	GCA_946415005.1_ANGE-B-2.PacbioHiFiAssembly_genomic
AT1G11270	OX291786.1	89.888	267	18	3	5068	5333	19748728	19748986	1.01e-89	335	GCA_946415005.1_ANGE-B-2.PacbioHiFiAssembly_genomic
AT1G11270	OX291786.1	87.568	185	14	5	6360	6544	3775420	3775595	8.29e-51	206	GCA_946415005.1_ANGE-B-2.PacbioHiFiAssembly_genomic
AT1G11270	OX291786.1	85.946	185	17	5	6360	6544	12874504	12874679	8.35e-46	189	GCA_946415005.1_ANGE-B-2.PacbioHiFiAssembly_genomic
AT1G11270	OX291787.1	99.496	4956	25	0	380	5335	15394253	15389298	0	9014	GCA_946415005.1_ANGE-B-2.PacbioHiFiAssembly_genomic
AT1G11270	OX291787.1	99.031	4956	48	0	380	5335	11181332	11186287	0	8887	GCA_946415005.1_ANGE-B-2.PacbioHiFiAssembly_genomic
AT1G11270	OX291787.1	82.896	1105	160	16	3452	4552	3023081	3024160	0	966	GCA_946415005.1_ANGE-B-2.PacbioHiFiAssembly_genomic
AT1G11270	OX291787.1	99.091	440	4	0	380	819	15389737	15389298	0	791	GCA_946415005.1_ANGE-B-2.PacbioHiFiAssembly_genomic
AT1G11270	OX291787.1	99.091	440	4	0	4896	5335	15394253	15393814	0	791	GCA_946415005.1_ANGE-B-2.PacbioHiFiAssembly_genomic
AT1G11270	OX291787.1	97.955	440	9	0	380	819	11185848	11186287	0	763	GCA_946415005.1_ANGE-B-2.PacbioHiFiAssembly_genomic
AT1G11270	OX291787.1	97.727	440	10	0	4896	5335	11181332	11181771	0	758	GCA_946415005.1_ANGE-B-2.PacbioHiFiAssembly_genomic
AT1G11270	OX291787.1	85.596	361	48	4	1879	2237	17992214	17991856	5.97e-102	375	GCA_946415005.1_ANGE-B-2.PacbioHiFiAssembly_genomic
AT1G11270	OX291790.1	99.173	4960	21	8	380	5335	3221152	3226095	0	8914	GCA_946415005.1_ANGE-B-2.PacbioHiFiAssembly_genomic
AT1G11270	OX291790.1	97.523	444	1	4	380	821	3225662	3226097	0	750	GCA_946415005.1_ANGE-B-2.PacbioHiFiAssembly_genomic
AT1G11270	OX291790.1	97.511	442	1	4	4896	5335	3221152	3221585	0	747	GCA_946415005.1_ANGE-B-2.PacbioHiFiAssembly_genomic
AT1G11270	OX291790.1	100	31	0	0	4928	4958	3221214	3221184	2.46e-06	58.4	GCA_946415005.1_ANGE-B-2.PacbioHiFiAssembly_genomic
AT1G11270	OX291790.1	100	31	0	0	412	442	3221214	3221184	2.46e-06	58.4	GCA_946415005.1_ANGE-B-2.PacbioHiFiAssembly_genomic
AT1G11270	OX291790.1	100	31	0	0	4928	4958	3225724	3225694	2.46e-06	58.4	GCA_946415005.1_ANGE-B-2.PacbioHiFiAssembly_genomic
AT1G11270	OX291790.1	100	31	0	0	412	442	3225724	3225694	2.46e-06	58.4	GCA_946415005.1_ANGE-B-2.PacbioHiFiAssembly_genomic
AT1G11270	OX291789.1	99.21	4810	38	0	526	5335	13358770	13363579	0	8672	GCA_946415005.1_ANGE-B-2.PacbioHiFiAssembly_genomic
AT1G11270	OX291789.1	99.735	3021	8	0	2317	5337	15777978	15774958	0	5535	GCA_946415005.1_ANGE-B-2.PacbioHiFiAssembly_genomic
AT1G11270	OX291789.1	99.56	455	2	0	380	834	15778544	15778090	0	830	GCA_946415005.1_ANGE-B-2.PacbioHiFiAssembly_genomic
AT1G11270	OX291789.1	100	440	0	0	380	819	15775399	15774960	0	813	GCA_946415005.1_ANGE-B-2.PacbioHiFiAssembly_genomic
AT1G11270	OX291789.1	99.545	440	2	0	4896	5335	15778544	15778105	0	802	GCA_946415005.1_ANGE-B-2.PacbioHiFiAssembly_genomic
AT1G11270	OX291789.1	99.091	440	4	0	380	819	13363140	13363579	0	791	GCA_946415005.1_ANGE-B-2.PacbioHiFiAssembly_genomic
AT1G11270	OX291789.1	97.279	294	8	0	5042	5335	13358770	13359063	3.39e-139	499	GCA_946415005.1_ANGE-B-2.PacbioHiFiAssembly_genomic
AT1G11270	OX291789.1	97.638	127	2	1	4895	5020	13358664	13358790	3.83e-54	217	GCA_946415005.1_ANGE-B-2.PacbioHiFiAssembly_genomic
AT1G11270	OX291789.1	100	117	0	0	2123	2239	15778090	15777974	3.83e-54	217	GCA_946415005.1_ANGE-B-2.PacbioHiFiAssembly_genomic
AT1G11270	OX291789.1	97.619	126	2	1	380	504	13358665	13358790	1.38e-53	215	GCA_946415005.1_ANGE-B-2.PacbioHiFiAssembly_genomic
AT1G11270	OX291788.1	97.4	4961	96	8	380	5336	13001128	13006059	0	8416	GCA_946415005.1_ANGE-B-2.PacbioHiFiAssembly_genomic
AT1G11270	OX291788.1	99.095	442	4	0	4895	5336	20763921	20764362	0	795	GCA_946415005.1_ANGE-B-2.PacbioHiFiAssembly_genomic
AT1G11270	OX291788.1	99.091	440	4	0	380	819	20763922	20764361	0	791	GCA_946415005.1_ANGE-B-2.PacbioHiFiAssembly_genomic
AT1G11270	OX291788.1	98.182	440	8	0	4896	5335	13001128	13001567	0	769	GCA_946415005.1_ANGE-B-2.PacbioHiFiAssembly_genomic
AT1G11270	OX291788.1	97.5	440	11	0	380	819	13005619	13006058	0	752	GCA_946415005.1_ANGE-B-2.PacbioHiFiAssembly_genomic
AT1G11270	OX291792.1	99.536	4956	23	0	380	5335	11237053	11232098	0	9025	GCA_946415165.1_IP-Evs-0.9845.PacbioHiFiAssembly_genomic
AT1G11270	OX291792.1	99.455	4954	27	0	380	5333	12219190	12224143	0	8999	GCA_946415165.1_IP-Evs-0.9845.PacbioHiFiAssembly_genomic
AT1G11270	OX291792.1	99.294	4956	35	0	380	5335	9433479	9428524	0	8959	GCA_946415165.1_IP-Evs-0.9845.PacbioHiFiAssembly_genomic
AT1G11270	OX291792.1	83.348	1105	156	15	3452	4552	3300575	3301655	0	996	GCA_946415165.1_IP-Evs-0.9845.PacbioHiFiAssembly_genomic
AT1G11270	OX291792.1	99.774	443	1	0	380	822	11232537	11232095	0	813	GCA_946415165.1_IP-Evs-0.9845.PacbioHiFiAssembly_genomic
AT1G11270	OX291792.1	99.772	438	1	0	380	817	12223706	12224143	0	804	GCA_946415165.1_IP-Evs-0.9845.PacbioHiFiAssembly_genomic
AT1G11270	OX291792.1	99.318	440	3	0	4896	5335	12219190	12219629	0	797	GCA_946415165.1_IP-Evs-0.9845.PacbioHiFiAssembly_genomic
AT1G11270	OX291792.1	99.093	441	4	0	4895	5335	11237054	11236614	0	793	GCA_946415165.1_IP-Evs-0.9845.PacbioHiFiAssembly_genomic
AT1G11270	OX291792.1	98.186	441	8	0	380	820	9428963	9428523	0	771	GCA_946415165.1_IP-Evs-0.9845.PacbioHiFiAssembly_genomic
AT1G11270	OX291792.1	98.182	440	8	0	4896	5335	9433479	9433040	0	769	GCA_946415165.1_IP-Evs-0.9845.PacbioHiFiAssembly_genomic
AT1G11270	OX291792.1	84.725	491	62	8	4623	5104	3301670	3302156	4.49e-133	479	GCA_946415165.1_IP-Evs-0.9845.PacbioHiFiAssembly_genomic
AT1G11270	OX291792.1	88.785	214	17	6	380	588	3301945	3302156	8.24e-66	255	GCA_946415165.1_IP-Evs-0.9845.PacbioHiFiAssembly_genomic
AT1G11270	OX291791.1	99.496	4956	25	0	380	5335	29380668	29385623	0	9014	GCA_946415165.1_IP-Evs-0.9845.PacbioHiFiAssembly_genomic
AT1G11270	OX291791.1	98.314	4982	59	3	379	5335	10117652	10122633	0	8711	GCA_946415165.1_IP-Evs-0.9845.PacbioHiFiAssembly_genomic
AT1G11270	OX291791.1	97.092	1410	10	7	5336	6714	3786319	3787728	0	2348	GCA_946415165.1_IP-Evs-0.9845.PacbioHiFiAssembly_genomic
AT1G11270	OX291791.1	99.549	443	2	0	380	822	29385184	29385626	0	808	GCA_946415165.1_IP-Evs-0.9845.PacbioHiFiAssembly_genomic
AT1G11270	OX291791.1	99.32	441	3	0	4895	5335	29380667	29381107	0	798	GCA_946415165.1_IP-Evs-0.9845.PacbioHiFiAssembly_genomic
AT1G11270	OX291791.1	96.674	451	6	1	380	821	10122185	10122635	0	741	GCA_946415165.1_IP-Evs-0.9845.PacbioHiFiAssembly_genomic
AT1G11270	OX291791.1	94.737	456	8	2	4896	5335	10117653	10118108	0	695	GCA_946415165.1_IP-Evs-0.9845.PacbioHiFiAssembly_genomic
AT1G11270	OX291791.1	99.213	381	3	0	1	381	3785945	3786325	0	688	GCA_946415165.1_IP-Evs-0.9845.PacbioHiFiAssembly_genomic
AT1G11270	OX291791.1	93.541	449	21	6	372	819	24506203	24506644	0	662	GCA_946415165.1_IP-Evs-0.9845.PacbioHiFiAssembly_genomic
AT1G11270	OX291791.1	93.708	445	21	5	4896	5339	24506210	24506648	0	660	GCA_946415165.1_IP-Evs-0.9845.PacbioHiFiAssembly_genomic
AT1G11270	OX291791.1	90.074	272	15	6	552	820	19805474	19805736	6.15e-92	342	GCA_946415165.1_IP-Evs-0.9845.PacbioHiFiAssembly_genomic
AT1G11270	OX291791.1	90.299	268	15	5	5068	5333	19805474	19805732	2.21e-91	340	GCA_946415165.1_IP-Evs-0.9845.PacbioHiFiAssembly_genomic
AT1G11270	OX291791.1	93.122	189	12	1	376	564	19804947	19805134	6.33e-72	276	GCA_946415165.1_IP-Evs-0.9845.PacbioHiFiAssembly_genomic
AT1G11270	OX291791.1	93.514	185	11	1	4896	5080	19804951	19805134	2.28e-71	274	GCA_946415165.1_IP-Evs-0.9845.PacbioHiFiAssembly_genomic
AT1G11270	OX291794.1	99.415	4957	28	1	380	5335	16673567	16668611	0	8992	GCA_946415165.1_IP-Evs-0.9845.PacbioHiFiAssembly_genomic
AT1G11270	OX291794.1	100	441	0	0	4895	5335	16673568	16673128	0	815	GCA_946415165.1_IP-Evs-0.9845.PacbioHiFiAssembly_genomic
AT1G11270	OX291794.1	99.101	445	4	0	380	824	16669050	16668606	0	800	GCA_946415165.1_IP-Evs-0.9845.PacbioHiFiAssembly_genomic
AT1G11270	OX291793.1	99.314	4956	25	1	380	5335	19701026	19705972	0	8955	GCA_946415165.1_IP-Evs-0.9845.PacbioHiFiAssembly_genomic
AT1G11270	OX291793.1	97.177	4960	102	10	380	5336	12950751	12955675	0	8349	GCA_946415165.1_IP-Evs-0.9845.PacbioHiFiAssembly_genomic
AT1G11270	OX291793.1	100	440	0	0	380	819	19705533	19705972	0	813	GCA_946415165.1_IP-Evs-0.9845.PacbioHiFiAssembly_genomic
AT1G11270	OX291793.1	99.095	442	4	0	4895	5336	20025349	20025790	0	795	GCA_946415165.1_IP-Evs-0.9845.PacbioHiFiAssembly_genomic
AT1G11270	OX291793.1	99.091	440	4	0	380	819	20025350	20025789	0	791	GCA_946415165.1_IP-Evs-0.9845.PacbioHiFiAssembly_genomic
AT1G11270	OX291793.1	97.727	440	10	0	4896	5335	12950751	12951190	0	758	GCA_946415165.1_IP-Evs-0.9845.PacbioHiFiAssembly_genomic
AT1G11270	OX291793.1	97.309	446	3	1	4890	5335	19701020	19701456	0	749	GCA_946415165.1_IP-Evs-0.9845.PacbioHiFiAssembly_genomic
AT1G11270	OX291793.1	97.045	440	13	0	380	819	12955235	12955674	0	741	GCA_946415165.1_IP-Evs-0.9845.PacbioHiFiAssembly_genomic
AT1G11270	OX291795.1	98.81	4956	59	0	380	5335	27242937	27247892	0	8826	GCA_946415165.1_IP-Evs-0.9845.PacbioHiFiAssembly_genomic
AT1G11270	OX291795.1	97.955	440	9	0	380	819	27247453	27247892	0	763	GCA_946415165.1_IP-Evs-0.9845.PacbioHiFiAssembly_genomic
AT1G11270	OX291795.1	96.818	440	14	0	4896	5335	27242937	27243376	0	736	GCA_946415165.1_IP-Evs-0.9845.PacbioHiFiAssembly_genomic
AT1G11270	OX291804.1	99.657	4959	15	2	379	5335	8348623	8343665	0	9062	GCA_946415445.1_IP-Cas-6.PacbioHiFiAssembly_genomic
AT1G11270	OX291804.1	99.274	4956	34	2	380	5335	3272118	3277071	0	8951	GCA_946415445.1_IP-Cas-6.PacbioHiFiAssembly_genomic
AT1G11270	OX291804.1	98.991	4957	48	1	380	5336	7797748	7802702	0	8876	GCA_946415445.1_IP-Cas-6.PacbioHiFiAssembly_genomic
AT1G11270	OX291804.1	99.113	451	3	1	380	829	8344105	8343655	0	809	GCA_946415445.1_IP-Cas-6.PacbioHiFiAssembly_genomic
AT1G11270	OX291804.1	99.773	441	0	1	380	820	3276633	3277072	0	808	GCA_946415445.1_IP-Cas-6.PacbioHiFiAssembly_genomic
AT1G11270	OX291804.1	99.546	441	1	1	4896	5335	8348622	8348182	0	802	GCA_946415445.1_IP-Cas-6.PacbioHiFiAssembly_genomic
AT1G11270	OX291804.1	99.091	440	3	1	4896	5335	3272118	3272556	0	789	GCA_946415445.1_IP-Cas-6.PacbioHiFiAssembly_genomic
AT1G11270	OX291804.1	97.973	444	8	1	4892	5335	27316114	27315672	0	769	GCA_946415445.1_IP-Cas-6.PacbioHiFiAssembly_genomic
AT1G11270	OX291804.1	98.182	440	7	1	380	819	27316110	27315672	0	767	GCA_946415445.1_IP-Cas-6.PacbioHiFiAssembly_genomic
AT1G11270	OX291804.1	97.727	440	10	0	4896	5335	7797748	7798187	0	758	GCA_946415445.1_IP-Cas-6.PacbioHiFiAssembly_genomic
AT1G11270	OX291804.1	97.5	440	11	0	380	819	7802262	7802701	0	752	GCA_946415445.1_IP-Cas-6.PacbioHiFiAssembly_genomic
AT1G11270	OX291801.1	99.395	4956	30	0	380	5335	12816957	12821912	0	8986	GCA_946415445.1_IP-Cas-6.PacbioHiFiAssembly_genomic
AT1G11270	OX291801.1	98.971	4956	50	1	380	5335	11181751	11186705	0	8868	GCA_946415445.1_IP-Cas-6.PacbioHiFiAssembly_genomic
AT1G11270	OX291801.1	98.829	4955	55	3	381	5335	11555192	11550241	0	8826	GCA_946415445.1_IP-Cas-6.PacbioHiFiAssembly_genomic
AT1G11270	OX291801.1	99.506	2225	11	0	3111	5335	14028462	14030686	0	4048	GCA_946415445.1_IP-Cas-6.PacbioHiFiAssembly_genomic
AT1G11270	OX291801.1	99.51	1632	7	1	379	2010	14026841	14028471	0	2968	GCA_946415445.1_IP-Cas-6.PacbioHiFiAssembly_genomic
AT1G11270	OX291801.1	83.167	1105	158	15	3452	4552	3385803	3386883	0	985	GCA_946415445.1_IP-Cas-6.PacbioHiFiAssembly_genomic
AT1G11270	OX291801.1	83.167	1105	158	15	3452	4552	3402997	3404077	0	985	GCA_946415445.1_IP-Cas-6.PacbioHiFiAssembly_genomic
AT1G11270	OX291801.1	99.773	440	1	0	380	819	12821473	12821912	0	808	GCA_946415445.1_IP-Cas-6.PacbioHiFiAssembly_genomic
AT1G11270	OX291801.1	99.318	440	3	0	4896	5335	14026842	14027281	0	797	GCA_946415445.1_IP-Cas-6.PacbioHiFiAssembly_genomic
AT1G11270	OX291801.1	99.318	440	3	0	380	819	14030247	14030686	0	797	GCA_946415445.1_IP-Cas-6.PacbioHiFiAssembly_genomic
AT1G11270	OX291801.1	98.864	440	5	0	4896	5335	12816957	12817396	0	785	GCA_946415445.1_IP-Cas-6.PacbioHiFiAssembly_genomic
AT1G11270	OX291801.1	97.955	440	9	0	4896	5335	11181751	11182190	0	763	GCA_946415445.1_IP-Cas-6.PacbioHiFiAssembly_genomic
AT1G11270	OX291801.1	97.955	440	9	0	380	819	11186266	11186705	0	763	GCA_946415445.1_IP-Cas-6.PacbioHiFiAssembly_genomic
AT1G11270	OX291801.1	97.727	440	8	2	380	819	11550678	11550241	0	756	GCA_946415445.1_IP-Cas-6.PacbioHiFiAssembly_genomic
AT1G11270	OX291801.1	97.722	439	9	1	4897	5335	11555192	11554755	0	754	GCA_946415445.1_IP-Cas-6.PacbioHiFiAssembly_genomic
AT1G11270	OX291801.1	84.929	491	61	8	4623	5104	3386898	3387384	9.66e-135	484	GCA_946415445.1_IP-Cas-6.PacbioHiFiAssembly_genomic
AT1G11270	OX291801.1	84.725	491	62	8	4623	5104	3404092	3404578	4.49e-133	479	GCA_946415445.1_IP-Cas-6.PacbioHiFiAssembly_genomic
AT1G11270	OX291801.1	85.596	361	48	4	1879	2237	18079224	18078866	6.07e-102	375	GCA_946415445.1_IP-Cas-6.PacbioHiFiAssembly_genomic
AT1G11270	OX291801.1	89.252	214	16	6	380	588	3387173	3387384	1.77e-67	261	GCA_946415445.1_IP-Cas-6.PacbioHiFiAssembly_genomic
AT1G11270	OX291801.1	89.252	214	16	6	380	588	3404367	3404578	1.77e-67	261	GCA_946415445.1_IP-Cas-6.PacbioHiFiAssembly_genomic
AT1G11270	OX291800.1	99.395	4956	28	2	380	5335	30113732	30108779	0	8985	GCA_946415445.1_IP-Cas-6.PacbioHiFiAssembly_genomic
AT1G11270	OX291800.1	100	1379	0	0	5336	6714	3793488	3794866	0	2547	GCA_946415445.1_IP-Cas-6.PacbioHiFiAssembly_genomic
AT1G11270	OX291800.1	99.773	440	0	1	4896	5335	30113732	30113294	0	806	GCA_946415445.1_IP-Cas-6.PacbioHiFiAssembly_genomic
AT1G11270	OX291800.1	99.318	440	2	1	380	819	30109217	30108779	0	795	GCA_946415445.1_IP-Cas-6.PacbioHiFiAssembly_genomic
AT1G11270	OX291800.1	99.213	381	3	0	1	381	3793114	3793494	0	688	GCA_946415445.1_IP-Cas-6.PacbioHiFiAssembly_genomic
AT1G11270	OX291800.1	90.775	271	15	4	552	820	20127937	20128199	2.84e-95	353	GCA_946415445.1_IP-Cas-6.PacbioHiFiAssembly_genomic
AT1G11270	OX291800.1	91.011	267	15	3	5068	5333	20127937	20128195	1.02e-94	351	GCA_946415445.1_IP-Cas-6.PacbioHiFiAssembly_genomic
AT1G11270	OX291800.1	92.593	189	13	1	376	564	20127410	20127597	2.94e-70	270	GCA_946415445.1_IP-Cas-6.PacbioHiFiAssembly_genomic
AT1G11270	OX291800.1	93.443	183	11	1	4898	5080	20127416	20127597	2.94e-70	270	GCA_946415445.1_IP-Cas-6.PacbioHiFiAssembly_genomic
AT1G11270	OX291802.1	99.294	4961	31	2	379	5335	7547665	7552625	0	8964	GCA_946415445.1_IP-Cas-6.PacbioHiFiAssembly_genomic
AT1G11270	OX291802.1	99.073	4964	42	4	379	5342	4467314	4472273	0	8909	GCA_946415445.1_IP-Cas-6.PacbioHiFiAssembly_genomic
AT1G11270	OX291802.1	97.278	4960	101	8	380	5336	12972555	12977483	0	8381	GCA_946415445.1_IP-Cas-6.PacbioHiFiAssembly_genomic
AT1G11270	OX291802.1	99.095	442	4	0	4895	5336	20867395	20867836	0	795	GCA_946415445.1_IP-Cas-6.PacbioHiFiAssembly_genomic
AT1G11270	OX291802.1	99.095	442	2	1	4896	5335	7547666	7548107	0	793	GCA_946415445.1_IP-Cas-6.PacbioHiFiAssembly_genomic
AT1G11270	OX291802.1	99.095	442	2	1	380	819	7552184	7552625	0	793	GCA_946415445.1_IP-Cas-6.PacbioHiFiAssembly_genomic
AT1G11270	OX291802.1	99.091	440	4	0	380	819	20867396	20867835	0	791	GCA_946415445.1_IP-Cas-6.PacbioHiFiAssembly_genomic
AT1G11270	OX291802.1	99.091	440	3	1	4896	5335	4467315	4467753	0	789	GCA_946415445.1_IP-Cas-6.PacbioHiFiAssembly_genomic
AT1G11270	OX291802.1	99.091	440	3	1	380	819	4471829	4472267	0	789	GCA_946415445.1_IP-Cas-6.PacbioHiFiAssembly_genomic
AT1G11270	OX291802.1	97.727	440	10	0	4896	5335	12972555	12972994	0	758	GCA_946415445.1_IP-Cas-6.PacbioHiFiAssembly_genomic
AT1G11270	OX291802.1	97.045	440	11	1	380	819	12977045	12977482	0	739	GCA_946415445.1_IP-Cas-6.PacbioHiFiAssembly_genomic
AT1G11270	OX291809.1	99.657	4956	17	0	380	5335	8817380	8822335	0	9058	GCA_946415625.1_MONTM-B-7.PacbioHiFiAssembly_genomic
AT1G11270	OX291809.1	99.773	441	1	0	4895	5335	8817379	8817819	0	809	GCA_946415625.1_MONTM-B-7.PacbioHiFiAssembly_genomic
AT1G11270	OX291809.1	99.773	441	1	0	380	820	8821896	8822336	0	809	GCA_946415625.1_MONTM-B-7.PacbioHiFiAssembly_genomic
AT1G11270	OX291805.1	99.475	4956	26	0	380	5335	20864833	20869788	0	9009	GCA_946415625.1_MONTM-B-7.PacbioHiFiAssembly_genomic
AT1G11270	OX291805.1	99.395	4956	30	0	380	5335	20860317	20865272	0	8986	GCA_946415625.1_MONTM-B-7.PacbioHiFiAssembly_genomic
AT1G11270	OX291805.1	99.375	4960	28	3	379	5335	20218295	20213336	0	8985	GCA_946415625.1_MONTM-B-7.PacbioHiFiAssembly_genomic
AT1G11270	OX291805.1	99.307	2884	15	3	380	3262	24337236	24334357	0	5210	GCA_946415625.1_MONTM-B-7.PacbioHiFiAssembly_genomic
AT1G11270	OX291805.1	99.118	2835	25	0	2501	5335	7703132	7705966	0	5097	GCA_946415625.1_MONTM-B-7.PacbioHiFiAssembly_genomic
AT1G11270	OX291805.1	98.776	2124	26	0	380	2503	7700775	7702898	0	3779	GCA_946415625.1_MONTM-B-7.PacbioHiFiAssembly_genomic
AT1G11270	OX291805.1	99.395	1983	12	0	3353	5335	24334363	24332381	0	3596	GCA_946415625.1_MONTM-B-7.PacbioHiFiAssembly_genomic
AT1G11270	OX291805.1	98.734	948	11	1	5336	6283	3808731	3809677	0	1683	GCA_946415625.1_MONTM-B-7.PacbioHiFiAssembly_genomic
AT1G11270	OX291805.1	99.733	748	2	0	380	1127	20869349	20870096	0	1371	GCA_946415625.1_MONTM-B-7.PacbioHiFiAssembly_genomic
AT1G11270	OX291805.1	99.546	441	1	1	380	819	20213776	20213336	0	802	GCA_946415625.1_MONTM-B-7.PacbioHiFiAssembly_genomic
AT1G11270	OX291805.1	99.32	441	2	1	4896	5335	20218294	20217854	0	797	GCA_946415625.1_MONTM-B-7.PacbioHiFiAssembly_genomic
AT1G11270	OX291805.1	99.095	442	4	0	380	821	24332820	24332379	0	795	GCA_946415625.1_MONTM-B-7.PacbioHiFiAssembly_genomic
AT1G11270	OX291805.1	99.091	440	4	0	4896	5335	20860317	20860756	0	791	GCA_946415625.1_MONTM-B-7.PacbioHiFiAssembly_genomic
AT1G11270	OX291805.1	98.864	440	5	0	380	819	7705527	7705966	0	785	GCA_946415625.1_MONTM-B-7.PacbioHiFiAssembly_genomic
AT1G11270	OX291805.1	98.214	448	7	1	4888	5335	7698118	7698564	0	782	GCA_946415625.1_MONTM-B-7.PacbioHiFiAssembly_genomic
AT1G11270	OX291805.1	98.636	440	5	1	380	819	7698126	7698564	0	778	GCA_946415625.1_MONTM-B-7.PacbioHiFiAssembly_genomic
AT1G11270	OX291805.1	97.506	441	11	0	4895	5335	7700774	7701214	0	754	GCA_946415625.1_MONTM-B-7.PacbioHiFiAssembly_genomic
AT1G11270	OX291805.1	97.045	440	9	2	4896	5335	24337236	24336801	0	737	GCA_946415625.1_MONTM-B-7.PacbioHiFiAssembly_genomic
AT1G11270	OX291805.1	99.213	381	3	0	1	381	3808357	3808737	0	688	GCA_946415625.1_MONTM-B-7.PacbioHiFiAssembly_genomic
AT1G11270	OX291805.1	90.406	271	16	4	552	820	20064209	20064471	1.3e-93	348	GCA_946415625.1_MONTM-B-7.PacbioHiFiAssembly_genomic
AT1G11270	OX291805.1	90.637	267	16	3	5068	5333	20064209	20064467	4.68e-93	346	GCA_946415625.1_MONTM-B-7.PacbioHiFiAssembly_genomic
AT1G11270	OX291805.1	93.122	189	12	1	376	564	20063682	20063869	6.23e-72	276	GCA_946415625.1_MONTM-B-7.PacbioHiFiAssembly_genomic
AT1G11270	OX291805.1	93.514	185	11	1	4896	5080	20063686	20063869	2.24e-71	274	GCA_946415625.1_MONTM-B-7.PacbioHiFiAssembly_genomic
AT1G11270	OX291805.1	87.568	185	14	5	6360	6544	3809861	3810036	8.29e-51	206	GCA_946415625.1_MONTM-B-7.PacbioHiFiAssembly_genomic
AT1G11270	OX291808.1	99.455	4956	27	0	380	5335	13390925	13385970	0	9003	GCA_946415625.1_MONTM-B-7.PacbioHiFiAssembly_genomic
AT1G11270	OX291808.1	98.85	4958	35	5	380	5335	15857805	15852868	0	8820	GCA_946415625.1_MONTM-B-7.PacbioHiFiAssembly_genomic
AT1G11270	OX291808.1	99.107	448	4	0	4888	5335	13390933	13390486	0	806	GCA_946415625.1_MONTM-B-7.PacbioHiFiAssembly_genomic
AT1G11270	OX291808.1	99.32	441	3	0	4895	5335	15857806	15857366	0	798	GCA_946415625.1_MONTM-B-7.PacbioHiFiAssembly_genomic
AT1G11270	OX291808.1	99.097	443	4	0	380	822	13386409	13385967	0	797	GCA_946415625.1_MONTM-B-7.PacbioHiFiAssembly_genomic
AT1G11270	OX291808.1	95.516	446	2	2	380	824	15853291	15852863	0	697	GCA_946415625.1_MONTM-B-7.PacbioHiFiAssembly_genomic
AT1G11270	OX291807.1	99.395	4956	30	0	380	5335	8115536	8120491	0	8986	GCA_946415625.1_MONTM-B-7.PacbioHiFiAssembly_genomic
AT1G11270	OX291807.1	99.173	4958	39	2	380	5336	22423433	22428389	0	8927	GCA_946415625.1_MONTM-B-7.PacbioHiFiAssembly_genomic
AT1G11270	OX291807.1	97.541	4961	91	7	380	5336	13226906	13231839	0	8456	GCA_946415625.1_MONTM-B-7.PacbioHiFiAssembly_genomic
AT1G11270	OX291807.1	92.038	1369	96	8	3159	4526	17874597	17873241	0	1912	GCA_946415625.1_MONTM-B-7.PacbioHiFiAssembly_genomic
AT1G11270	OX291807.1	93.604	813	51	1	4523	5335	17873078	17872267	0	1212	GCA_946415625.1_MONTM-B-7.PacbioHiFiAssembly_genomic
AT1G11270	OX291807.1	94.094	762	32	8	380	1139	17872705	17871955	0	1146	GCA_946415625.1_MONTM-B-7.PacbioHiFiAssembly_genomic
AT1G11270	OX291807.1	99.546	441	2	0	380	820	8120052	8120492	0	804	GCA_946415625.1_MONTM-B-7.PacbioHiFiAssembly_genomic
AT1G11270	OX291807.1	99.545	440	2	0	4896	5335	8115536	8115975	0	802	GCA_946415625.1_MONTM-B-7.PacbioHiFiAssembly_genomic
AT1G11270	OX291807.1	98.409	440	7	0	4896	5335	22423433	22423872	0	774	GCA_946415625.1_MONTM-B-7.PacbioHiFiAssembly_genomic
AT1G11270	OX291807.1	98.182	440	8	0	4896	5335	13226906	13227345	0	769	GCA_946415625.1_MONTM-B-7.PacbioHiFiAssembly_genomic
AT1G11270	OX291807.1	97.945	438	8	1	380	816	22427948	22428385	0	758	GCA_946415625.1_MONTM-B-7.PacbioHiFiAssembly_genomic
AT1G11270	OX291807.1	97.052	441	12	1	380	819	13231398	13231838	0	741	GCA_946415625.1_MONTM-B-7.PacbioHiFiAssembly_genomic
AT1G11270	OX291806.1	99.031	4956	48	0	380	5335	11574565	11579520	0	8887	GCA_946415625.1_MONTM-B-7.PacbioHiFiAssembly_genomic
AT1G11270	OX291806.1	98.512	4972	59	2	379	5335	1393955	1398926	0	8757	GCA_946415625.1_MONTM-B-7.PacbioHiFiAssembly_genomic
AT1G11270	OX291806.1	82.986	1105	160	15	3452	4552	3472264	3473344	0	974	GCA_946415625.1_MONTM-B-7.PacbioHiFiAssembly_genomic
AT1G11270	OX291806.1	97.955	440	9	0	380	819	11579081	11579520	0	763	GCA_946415625.1_MONTM-B-7.PacbioHiFiAssembly_genomic
AT1G11270	OX291806.1	97.727	440	10	0	4896	5335	11574565	11575004	0	758	GCA_946415625.1_MONTM-B-7.PacbioHiFiAssembly_genomic
AT1G11270	OX291806.1	96.659	449	7	1	380	820	1398479	1398927	0	739	GCA_946415625.1_MONTM-B-7.PacbioHiFiAssembly_genomic
AT1G11270	OX291806.1	96.854	445	7	1	4896	5333	1393956	1394400	0	737	GCA_946415625.1_MONTM-B-7.PacbioHiFiAssembly_genomic
AT1G11270	OX291806.1	85.319	361	49	4	1879	2237	18337696	18337338	2.78e-100	370	GCA_946415625.1_MONTM-B-7.PacbioHiFiAssembly_genomic
AT1G11270	OX291813.1	99.617	4956	19	0	380	5335	13668971	13673926	0	9047	GCA_946415655.1_LACR-C-14.PacbioHiFiAssembly_genomic
AT1G11270	OX291813.1	99.435	4954	27	1	382	5335	9095717	9090765	0	8992	GCA_946415655.1_LACR-C-14.PacbioHiFiAssembly_genomic
AT1G11270	OX291813.1	99.395	4955	29	1	380	5333	15157768	15152814	0	8983	GCA_946415655.1_LACR-C-14.PacbioHiFiAssembly_genomic
AT1G11270	OX291813.1	99.546	441	2	0	380	820	13673487	13673927	0	804	GCA_946415655.1_LACR-C-14.PacbioHiFiAssembly_genomic
AT1G11270	OX291813.1	99.546	441	2	0	4895	5335	15157769	15157329	0	804	GCA_946415655.1_LACR-C-14.PacbioHiFiAssembly_genomic
AT1G11270	OX291813.1	99.545	440	2	0	4896	5335	13668971	13669410	0	802	GCA_946415655.1_LACR-C-14.PacbioHiFiAssembly_genomic
AT1G11270	OX291813.1	98.876	445	4	1	376	819	2096875	2097319	0	793	GCA_946415655.1_LACR-C-14.PacbioHiFiAssembly_genomic
AT1G11270	OX291813.1	98.874	444	4	1	4896	5339	2096880	2097322	0	791	GCA_946415655.1_LACR-C-14.PacbioHiFiAssembly_genomic
AT1G11270	OX291813.1	99.087	438	4	0	380	817	15153251	15152814	0	787	GCA_946415655.1_LACR-C-14.PacbioHiFiAssembly_genomic
AT1G11270	OX291813.1	99.087	438	3	1	382	819	9091201	9090765	0	785	GCA_946415655.1_LACR-C-14.PacbioHiFiAssembly_genomic
AT1G11270	OX291813.1	99.087	438	3	1	4898	5335	9095717	9095281	0	785	GCA_946415655.1_LACR-C-14.PacbioHiFiAssembly_genomic
AT1G11270	OX291811.1	99.052	4956	47	0	380	5335	10149137	10154092	0	8892	GCA_946415655.1_LACR-C-14.PacbioHiFiAssembly_genomic
AT1G11270	OX291811.1	83.167	1105	158	15	3452	4552	2940554	2941634	0	985	GCA_946415655.1_LACR-C-14.PacbioHiFiAssembly_genomic
AT1G11270	OX291811.1	97.955	440	9	0	380	819	10153653	10154092	0	763	GCA_946415655.1_LACR-C-14.PacbioHiFiAssembly_genomic
AT1G11270	OX291811.1	97.727	440	10	0	4896	5335	10149137	10149576	0	758	GCA_946415655.1_LACR-C-14.PacbioHiFiAssembly_genomic
AT1G11270	OX291811.1	85.873	361	47	4	1879	2237	16942487	16942129	1.27e-103	381	GCA_946415655.1_LACR-C-14.PacbioHiFiAssembly_genomic
AT1G11270	OX291814.1	99.031	4956	48	0	380	5335	26874385	26879340	0	8887	GCA_946415655.1_LACR-C-14.PacbioHiFiAssembly_genomic
AT1G11270	OX291814.1	99.012	4960	20	9	380	5335	3195857	3200791	0	8861	GCA_946415655.1_LACR-C-14.PacbioHiFiAssembly_genomic
AT1G11270	OX291814.1	97.738	442	10	0	380	821	26878901	26879342	0	761	GCA_946415655.1_LACR-C-14.PacbioHiFiAssembly_genomic
AT1G11270	OX291814.1	97.727	440	10	0	4896	5335	26874385	26874824	0	758	GCA_946415655.1_LACR-C-14.PacbioHiFiAssembly_genomic
AT1G11270	OX291814.1	97.523	444	1	4	380	821	3200358	3200793	0	750	GCA_946415655.1_LACR-C-14.PacbioHiFiAssembly_genomic
AT1G11270	OX291814.1	95.701	442	0	5	4896	5335	3195857	3196281	0	693	GCA_946415655.1_LACR-C-14.PacbioHiFiAssembly_genomic
AT1G11270	OX291814.1	100	31	0	0	4928	4958	3195919	3195889	2.42e-06	58.4	GCA_946415655.1_LACR-C-14.PacbioHiFiAssembly_genomic
AT1G11270	OX291814.1	100	31	0	0	412	442	3195919	3195889	2.42e-06	58.4	GCA_946415655.1_LACR-C-14.PacbioHiFiAssembly_genomic
AT1G11270	OX291814.1	100	31	0	0	4928	4958	3200420	3200390	2.42e-06	58.4	GCA_946415655.1_LACR-C-14.PacbioHiFiAssembly_genomic
AT1G11270	OX291814.1	100	31	0	0	412	442	3200420	3200390	2.42e-06	58.4	GCA_946415655.1_LACR-C-14.PacbioHiFiAssembly_genomic
AT1G11270	OX291812.1	92.111	1369	95	8	3159	4526	18364807	18363451	0	1917	GCA_946415655.1_LACR-C-14.PacbioHiFiAssembly_genomic
AT1G11270	OX291812.1	93.604	813	51	1	4523	5335	18363288	18362477	0	1212	GCA_946415655.1_LACR-C-14.PacbioHiFiAssembly_genomic
AT1G11270	OX291812.1	94.218	761	32	7	380	1139	18362915	18362166	0	1151	GCA_946415655.1_LACR-C-14.PacbioHiFiAssembly_genomic
AT1G11270	OX291810.1	98.734	948	11	1	5336	6283	3763668	3764614	0	1683	GCA_946415655.1_LACR-C-14.PacbioHiFiAssembly_genomic
AT1G11270	OX291810.1	93.671	948	60	0	5336	6283	12743516	12744463	0	1419	GCA_946415655.1_LACR-C-14.PacbioHiFiAssembly_genomic
AT1G11270	OX291810.1	99.213	381	3	0	1	381	3763294	3763674	0	688	GCA_946415655.1_LACR-C-14.PacbioHiFiAssembly_genomic
AT1G11270	OX291810.1	90.149	335	24	3	1	326	12743154	12743488	1.6e-117	427	GCA_946415655.1_LACR-C-14.PacbioHiFiAssembly_genomic
AT1G11270	OX291810.1	90.406	271	16	4	552	820	20527809	20528071	1.28e-93	348	GCA_946415655.1_LACR-C-14.PacbioHiFiAssembly_genomic
AT1G11270	OX291810.1	90.637	267	16	3	5068	5333	20527809	20528067	4.62e-93	346	GCA_946415655.1_LACR-C-14.PacbioHiFiAssembly_genomic
AT1G11270	OX291810.1	92.593	189	13	1	376	564	20527282	20527469	2.86e-70	270	GCA_946415655.1_LACR-C-14.PacbioHiFiAssembly_genomic
AT1G11270	OX291810.1	92.973	185	12	1	4896	5080	20527286	20527469	1.03e-69	268	GCA_946415655.1_LACR-C-14.PacbioHiFiAssembly_genomic
AT1G11270	OX291810.1	87.568	185	14	5	6360	6544	3764798	3764973	8.18e-51	206	GCA_946415655.1_LACR-C-14.PacbioHiFiAssembly_genomic
AT1G11270	OX291810.1	86.486	185	16	5	6360	6544	12744654	12744829	1.77e-47	195	GCA_946415655.1_LACR-C-14.PacbioHiFiAssembly_genomic
AT1G11270	OX298799.1	99.576	4956	21	0	380	5335	22475770	22480725	0	9036	GCA_946499665.1_Ey15-2.9994.PacbioHiFiAssembly_genomic
AT1G11270	OX298799.1	97.702	4961	84	6	380	5336	13226636	13231570	0	8503	GCA_946499665.1_Ey15-2.9994.PacbioHiFiAssembly_genomic
AT1G11270	OX298799.1	100	441	0	0	380	820	22480286	22480726	0	815	GCA_946499665.1_Ey15-2.9994.PacbioHiFiAssembly_genomic
AT1G11270	OX298799.1	99.773	441	1	0	4895	5335	22475769	22476209	0	809	GCA_946499665.1_Ey15-2.9994.PacbioHiFiAssembly_genomic
AT1G11270	OX298799.1	98.182	440	8	0	4896	5335	13226636	13227075	0	769	GCA_946499665.1_Ey15-2.9994.PacbioHiFiAssembly_genomic
AT1G11270	OX298799.1	97.727	440	10	0	380	819	13231130	13231569	0	758	GCA_946499665.1_Ey15-2.9994.PacbioHiFiAssembly_genomic
AT1G11270	OX298797.1	99.556	4958	22	0	380	5337	11348209	11353166	0	9034	GCA_946499665.1_Ey15-2.9994.PacbioHiFiAssembly_genomic
AT1G11270	OX298797.1	99.783	1381	0	2	5336	6714	3786123	3787502	0	2531	GCA_946499665.1_Ey15-2.9994.PacbioHiFiAssembly_genomic
AT1G11270	OX298797.1	99.773	440	1	0	380	819	11352725	11353164	0	808	GCA_946499665.1_Ey15-2.9994.PacbioHiFiAssembly_genomic
AT1G11270	OX298797.1	99.546	441	2	0	4895	5335	11348208	11348648	0	804	GCA_946499665.1_Ey15-2.9994.PacbioHiFiAssembly_genomic
AT1G11270	OX298797.1	100	381	0	0	1	381	3785749	3786129	0	704	GCA_946499665.1_Ey15-2.9994.PacbioHiFiAssembly_genomic
AT1G11270	OX298797.1	89.888	267	17	4	552	817	21161303	21161560	1.01e-89	335	GCA_946499665.1_Ey15-2.9994.PacbioHiFiAssembly_genomic
AT1G11270	OX298797.1	89.888	267	17	4	5068	5333	21161303	21161560	1.01e-89	335	GCA_946499665.1_Ey15-2.9994.PacbioHiFiAssembly_genomic
AT1G11270	OX298797.1	93.651	189	11	1	376	564	21160776	21160963	1.34e-73	281	GCA_946499665.1_Ey15-2.9994.PacbioHiFiAssembly_genomic
AT1G11270	OX298797.1	94.054	185	10	1	4896	5080	21160780	21160963	4.8e-73	279	GCA_946499665.1_Ey15-2.9994.PacbioHiFiAssembly_genomic
AT1G11270	OX298801.1	99.354	4956	32	0	380	5335	1887838	1892793	0	8975	GCA_946499665.1_Ey15-2.9994.PacbioHiFiAssembly_genomic
AT1G11270	OX298801.1	98.664	5014	19	6	371	5338	4228790	4223779	0	8844	GCA_946499665.1_Ey15-2.9994.PacbioHiFiAssembly_genomic
AT1G11270	OX298801.1	98.226	451	7	1	4886	5335	1887827	1888277	0	787	GCA_946499665.1_Ey15-2.9994.PacbioHiFiAssembly_genomic
AT1G11270	OX298801.1	98.864	440	5	0	380	819	1892354	1892793	0	785	GCA_946499665.1_Ey15-2.9994.PacbioHiFiAssembly_genomic
AT1G11270	OX298801.1	95.032	463	0	2	380	819	4224244	4223782	0	706	GCA_946499665.1_Ey15-2.9994.PacbioHiFiAssembly_genomic
AT1G11270	OX298801.1	95.032	463	0	2	4896	5335	4228783	4228321	0	706	GCA_946499665.1_Ey15-2.9994.PacbioHiFiAssembly_genomic
AT1G11270	OX298800.1	99.189	4810	39	0	526	5335	12902643	12907452	0	8667	GCA_946499665.1_Ey15-2.9994.PacbioHiFiAssembly_genomic
AT1G11270	OX298800.1	98.864	440	5	0	380	819	12907013	12907452	0	785	GCA_946499665.1_Ey15-2.9994.PacbioHiFiAssembly_genomic
AT1G11270	OX298800.1	97.959	294	6	0	5042	5335	12902643	12902936	1.56e-142	510	GCA_946499665.1_Ey15-2.9994.PacbioHiFiAssembly_genomic
AT1G11270	OX298800.1	97.638	127	2	1	4895	5020	12902537	12902663	3.82e-54	217	GCA_946499665.1_Ey15-2.9994.PacbioHiFiAssembly_genomic
AT1G11270	OX298800.1	97.619	126	2	1	380	504	12902538	12902663	1.37e-53	215	GCA_946499665.1_Ey15-2.9994.PacbioHiFiAssembly_genomic
AT1G11270	OX298798.1	82.986	1105	160	15	3452	4552	3332021	3333101	0	974	GCA_946499665.1_Ey15-2.9994.PacbioHiFiAssembly_genomic
AT1G11270	OX298798.1	85.596	361	48	4	1879	2237	16622309	16621951	5.95e-102	375	GCA_946499665.1_Ey15-2.9994.PacbioHiFiAssembly_genomic
AT1G11270	OX298802.1	100	6714	0	0	1	6714	3784633	3791346	0	12399	GCA_946499705.1_Col-0.6909.PacbioHiFiAssembly_genomic
AT1G11270	OX298802.1	99.455	4956	27	0	380	5335	20214983	20219938	0	9003	GCA_946499705.1_Col-0.6909.PacbioHiFiAssembly_genomic
AT1G11270	OX298802.1	99.435	4956	28	0	380	5335	20210467	20215422	0	8997	GCA_946499705.1_Col-0.6909.PacbioHiFiAssembly_genomic
AT1G11270	OX298802.1	99.415	4956	29	0	380	5335	20219499	20224454	0	8992	GCA_946499705.1_Col-0.6909.PacbioHiFiAssembly_genomic
AT1G11270	OX298802.1	99.272	2884	16	3	380	3262	23726796	23723917	0	5204	GCA_946499705.1_Col-0.6909.PacbioHiFiAssembly_genomic
AT1G11270	OX298802.1	99.118	2835	25	0	2501	5335	7724760	7727594	0	5097	GCA_946499705.1_Col-0.6909.PacbioHiFiAssembly_genomic
AT1G11270	OX298802.1	98.776	2124	26	0	380	2503	7722403	7724526	0	3779	GCA_946499705.1_Col-0.6909.PacbioHiFiAssembly_genomic
AT1G11270	OX298802.1	99.395	1983	12	0	3353	5335	23723923	23721941	0	3596	GCA_946499705.1_Col-0.6909.PacbioHiFiAssembly_genomic
AT1G11270	OX298802.1	99.465	748	4	0	380	1127	20224015	20224762	0	1360	GCA_946499705.1_Col-0.6909.PacbioHiFiAssembly_genomic
AT1G11270	OX298802.1	98.955	670	7	0	1690	2359	3365553	3364884	0	1199	GCA_946499705.1_Col-0.6909.PacbioHiFiAssembly_genomic
AT1G11270	OX298802.1	100	440	0	0	4896	5335	3785012	3785451	0	813	GCA_946499705.1_Col-0.6909.PacbioHiFiAssembly_genomic
AT1G11270	OX298802.1	100	440	0	0	380	819	3789528	3789967	0	813	GCA_946499705.1_Col-0.6909.PacbioHiFiAssembly_genomic
AT1G11270	OX298802.1	99.545	440	2	0	4896	5335	20210467	20210906	0	802	GCA_946499705.1_Col-0.6909.PacbioHiFiAssembly_genomic
AT1G11270	OX298802.1	99.095	442	4	0	380	821	23722380	23721939	0	795	GCA_946499705.1_Col-0.6909.PacbioHiFiAssembly_genomic
AT1G11270	OX298802.1	98.438	448	6	1	4888	5335	7719746	7720192	0	787	GCA_946499705.1_Col-0.6909.PacbioHiFiAssembly_genomic
AT1G11270	OX298802.1	98.864	440	5	0	380	819	7727155	7727594	0	785	GCA_946499705.1_Col-0.6909.PacbioHiFiAssembly_genomic
AT1G11270	OX298802.1	98.864	440	4	1	380	819	7719754	7720192	0	784	GCA_946499705.1_Col-0.6909.PacbioHiFiAssembly_genomic
AT1G11270	OX298802.1	97.506	441	11	0	4895	5335	7722402	7722842	0	754	GCA_946499705.1_Col-0.6909.PacbioHiFiAssembly_genomic
AT1G11270	OX298802.1	96.591	440	11	2	4896	5335	23726796	23726361	0	726	GCA_946499705.1_Col-0.6909.PacbioHiFiAssembly_genomic
AT1G11270	OX298802.1	91.144	271	14	4	552	820	19399307	19399569	5.93e-97	359	GCA_946499705.1_Col-0.6909.PacbioHiFiAssembly_genomic
AT1G11270	OX298802.1	91.386	267	14	3	5068	5333	19399307	19399565	2.13e-96	357	GCA_946499705.1_Col-0.6909.PacbioHiFiAssembly_genomic
AT1G11270	OX298802.1	93.122	189	12	1	376	564	19398774	19398961	6.14e-72	276	GCA_946499705.1_Col-0.6909.PacbioHiFiAssembly_genomic
AT1G11270	OX298802.1	93.514	185	11	1	4896	5080	19398778	19398961	2.21e-71	274	GCA_946499705.1_Col-0.6909.PacbioHiFiAssembly_genomic
AT1G11270	OX298802.1	99.174	121	1	0	5215	5335	3364897	3364777	1.05e-54	219	GCA_946499705.1_Col-0.6909.PacbioHiFiAssembly_genomic
AT1G11270	OX298802.1	99.174	121	1	0	699	819	3364897	3364777	1.05e-54	219	GCA_946499705.1_Col-0.6909.PacbioHiFiAssembly_genomic
AT1G11270	OX298804.1	99.919	4956	4	0	380	5335	25381700	25376745	0	9130	GCA_946499705.1_Col-0.6909.PacbioHiFiAssembly_genomic
AT1G11270	OX298804.1	97.601	4961	89	6	380	5336	13377946	13382880	0	8475	GCA_946499705.1_Col-0.6909.PacbioHiFiAssembly_genomic
AT1G11270	OX298804.1	99.456	4046	21	1	379	4423	24740707	24744752	0	7348	GCA_946499705.1_Col-0.6909.PacbioHiFiAssembly_genomic
AT1G11270	OX298804.1	91.837	1372	101	9	3159	4526	17062352	17063716	0	1903	GCA_946499705.1_Col-0.6909.PacbioHiFiAssembly_genomic
AT1G11270	OX298804.1	99.202	752	6	0	4584	5335	24744751	24745502	0	1356	GCA_946499705.1_Col-0.6909.PacbioHiFiAssembly_genomic
AT1G11270	OX298804.1	93.727	813	51	0	4523	5335	17063879	17064691	0	1219	GCA_946499705.1_Col-0.6909.PacbioHiFiAssembly_genomic
AT1G11270	OX298804.1	94.211	760	35	4	380	1139	17064252	17065002	0	1151	GCA_946499705.1_Col-0.6909.PacbioHiFiAssembly_genomic
AT1G11270	OX298804.1	100	440	0	0	380	819	25377184	25376745	0	813	GCA_946499705.1_Col-0.6909.PacbioHiFiAssembly_genomic
AT1G11270	OX298804.1	100	440	0	0	4896	5335	25381700	25381261	0	813	GCA_946499705.1_Col-0.6909.PacbioHiFiAssembly_genomic
AT1G11270	OX298804.1	99.545	440	2	0	380	819	24745063	24745502	0	802	GCA_946499705.1_Col-0.6909.PacbioHiFiAssembly_genomic
AT1G11270	OX298804.1	99.318	440	3	0	4896	5335	24740708	24741147	0	797	GCA_946499705.1_Col-0.6909.PacbioHiFiAssembly_genomic
AT1G11270	OX298804.1	98.182	440	8	0	4896	5335	13377946	13378385	0	769	GCA_946499705.1_Col-0.6909.PacbioHiFiAssembly_genomic
AT1G11270	OX298804.1	97.506	441	10	1	380	819	13382439	13382879	0	752	GCA_946499705.1_Col-0.6909.PacbioHiFiAssembly_genomic
AT1G11270	OX298806.1	98.664	5014	19	6	371	5338	4225817	4220806	0	8844	GCA_946499705.1_Col-0.6909.PacbioHiFiAssembly_genomic
AT1G11270	OX298806.1	95.032	463	0	2	380	819	4221271	4220809	0	706	GCA_946499705.1_Col-0.6909.PacbioHiFiAssembly_genomic
AT1G11270	OX298806.1	95.032	463	0	2	4896	5335	4225810	4225348	0	706	GCA_946499705.1_Col-0.6909.PacbioHiFiAssembly_genomic
AT1G11270	OX298805.1	99.397	4810	29	0	526	5335	13305968	13310777	0	8722	GCA_946499705.1_Col-0.6909.PacbioHiFiAssembly_genomic
AT1G11270	OX298805.1	99.318	440	3	0	380	819	13310338	13310777	0	797	GCA_946499705.1_Col-0.6909.PacbioHiFiAssembly_genomic
AT1G11270	OX298805.1	99.32	294	2	0	5042	5335	13305968	13306261	3.3e-149	532	GCA_946499705.1_Col-0.6909.PacbioHiFiAssembly_genomic
AT1G11270	OX298805.1	98.425	127	1	1	4895	5020	13305862	13305988	8.11e-56	222	GCA_946499705.1_Col-0.6909.PacbioHiFiAssembly_genomic
AT1G11270	OX298805.1	98.413	126	1	1	380	504	13305863	13305988	2.92e-55	220	GCA_946499705.1_Col-0.6909.PacbioHiFiAssembly_genomic
AT1G11270	OX298803.1	83.273	1106	155	17	3452	4552	3427759	3428839	0	990	GCA_946499705.1_Col-0.6909.PacbioHiFiAssembly_genomic
AT1G11270	OX298803.1	84.318	491	64	8	4623	5104	3428854	3429340	9.44e-130	468	GCA_946499705.1_Col-0.6909.PacbioHiFiAssembly_genomic
AT1G11270	OX298803.1	85.596	361	48	4	1879	2237	17498443	17498085	5.88e-102	375	GCA_946499705.1_Col-0.6909.PacbioHiFiAssembly_genomic
AT1G11270	OX298803.1	87.85	214	19	6	380	588	3429129	3429340	1.73e-62	244	GCA_946499705.1_Col-0.6909.PacbioHiFiAssembly_genomic
AT1G11270	OX461152.1	99.677	4957	16	0	380	5336	3451002	3446046	0	9066	GCA_949796375.1_9336_genomic
AT1G11270	OX461152.1	99.395	4958	27	3	380	5335	1669135	1664179	0	8986	GCA_949796375.1_9336_genomic
AT1G11270	OX461152.1	99.375	4957	31	0	379	5335	25704457	25709413	0	8983	GCA_949796375.1_9336_genomic
AT1G11270	OX461152.1	99.173	4960	39	2	376	5335	7427585	7432542	0	8931	GCA_949796375.1_9336_genomic
AT1G11270	OX461152.1	97.526	4649	84	7	380	5023	13605241	13609863	0	7919	GCA_949796375.1_9336_genomic
AT1G11270	OX461152.1	99.773	441	1	0	4895	5335	3451003	3450563	0	809	GCA_949796375.1_9336_genomic
AT1G11270	OX461152.1	99.318	440	3	0	380	819	3446486	3446047	0	797	GCA_949796375.1_9336_genomic
AT1G11270	OX461152.1	99.318	440	3	0	380	819	25708974	25709413	0	797	GCA_949796375.1_9336_genomic
AT1G11270	OX461152.1	99.091	440	4	0	4896	5335	25704458	25704897	0	791	GCA_949796375.1_9336_genomic
AT1G11270	OX461152.1	98.866	441	4	1	4896	5335	1669135	1668695	0	785	GCA_949796375.1_9336_genomic
AT1G11270	OX461152.1	98.639	441	5	1	380	819	1664619	1664179	0	780	GCA_949796375.1_9336_genomic
AT1G11270	OX461152.1	98.636	440	5	1	4896	5335	7427589	7428027	0	778	GCA_949796375.1_9336_genomic
AT1G11270	OX461152.1	98.636	440	5	1	380	819	7432104	7432542	0	778	GCA_949796375.1_9336_genomic
AT1G11270	OX461152.1	98.409	440	7	0	4896	5335	13605241	13605680	0	774	GCA_949796375.1_9336_genomic
AT1G11270	OX461152.1	94.671	319	11	4	5024	5336	13609815	13610133	2.07e-136	490	GCA_949796375.1_9336_genomic
AT1G11270	OX461152.1	94.654	318	11	4	508	819	13609815	13610132	7.45e-136	488	GCA_949796375.1_9336_genomic
AT1G11270	OX461152.1	96.124	129	4	1	380	507	13609735	13609863	6.5e-52	209	GCA_949796375.1_9336_genomic
AT1G11270	OX461151.1	99.677	4957	16	0	379	5335	542904	547860	0	9066	GCA_949796375.1_9336_genomic
AT1G11270	OX461151.1	99.233	4956	37	1	380	5335	663968	668922	0	8940	GCA_949796375.1_9336_genomic
AT1G11270	OX461151.1	83.363	1106	154	17	3452	4552	2797946	2799026	0	996	GCA_949796375.1_9336_genomic
AT1G11270	OX461151.1	100	440	0	0	4896	5335	542905	543344	0	813	GCA_949796375.1_9336_genomic
AT1G11270	OX461151.1	99.773	441	1	0	380	820	547421	547861	0	809	GCA_949796375.1_9336_genomic
AT1G11270	OX461151.1	98.413	441	7	0	4895	5335	663967	664407	0	776	GCA_949796375.1_9336_genomic
AT1G11270	OX461151.1	97.959	441	9	0	380	820	668483	668923	0	765	GCA_949796375.1_9336_genomic
AT1G11270	OX461151.1	84.318	491	64	8	4623	5104	2799041	2799527	9.71e-130	468	GCA_949796375.1_9336_genomic
AT1G11270	OX461151.1	85.873	361	47	4	1879	2237	17288732	17288374	1.3e-103	381	GCA_949796375.1_9336_genomic
AT1G11270	OX461151.1	87.85	214	19	6	380	588	2799316	2799527	1.78e-62	244	GCA_949796375.1_9336_genomic
AT1G11270	OX461150.1	99.475	4956	26	0	380	5335	21602310	21607265	0	9009	GCA_949796375.1_9336_genomic
AT1G11270	OX461150.1	99.475	4956	26	0	380	5335	21606826	21611781	0	9009	GCA_949796375.1_9336_genomic
AT1G11270	OX461150.1	99.475	4956	26	0	380	5335	21611342	21616297	0	9009	GCA_949796375.1_9336_genomic
AT1G11270	OX461150.1	99.118	2835	25	0	2501	5335	7706805	7709639	0	5097	GCA_949796375.1_9336_genomic
AT1G11270	OX461150.1	98.823	2124	25	0	380	2503	7704448	7706571	0	3784	GCA_949796375.1_9336_genomic
AT1G11270	OX461150.1	99.423	1387	0	1	5336	6714	3801568	3802954	0	2510	GCA_949796375.1_9336_genomic
AT1G11270	OX461150.1	99.733	748	2	0	380	1127	21615858	21616605	0	1371	GCA_949796375.1_9336_genomic
AT1G11270	OX461150.1	98.955	670	7	0	1690	2359	3353092	3353761	0	1199	GCA_949796375.1_9336_genomic
AT1G11270	OX461150.1	99.545	440	2	0	4896	5335	21602310	21602749	0	802	GCA_949796375.1_9336_genomic
AT1G11270	OX461150.1	98.438	448	6	1	4888	5335	7701791	7702237	0	787	GCA_949796375.1_9336_genomic
AT1G11270	OX461150.1	98.864	440	5	0	380	819	7709200	7709639	0	785	GCA_949796375.1_9336_genomic
AT1G11270	OX461150.1	98.864	440	4	1	380	819	7701799	7702237	0	784	GCA_949796375.1_9336_genomic
AT1G11270	OX461150.1	97.506	441	11	0	4895	5335	7704447	7704887	0	754	GCA_949796375.1_9336_genomic
AT1G11270	OX461150.1	98.953	382	3	1	1	381	3801193	3801574	0	682	GCA_949796375.1_9336_genomic
AT1G11270	OX461150.1	90.809	272	14	5	552	820	20817426	20817689	2.84e-95	353	GCA_949796375.1_9336_genomic
AT1G11270	OX461150.1	91.045	268	14	4	5068	5333	20817426	20817685	2.84e-95	353	GCA_949796375.1_9336_genomic
AT1G11270	OX461150.1	92.593	189	13	1	376	564	20816895	20817082	2.94e-70	270	GCA_949796375.1_9336_genomic
AT1G11270	OX461150.1	92.973	185	12	1	4896	5080	20816899	20817082	1.06e-69	268	GCA_949796375.1_9336_genomic
AT1G11270	OX461150.1	99.174	121	1	0	699	819	3353748	3353868	1.08e-54	219	GCA_949796375.1_9336_genomic
AT1G11270	OX461150.1	99.174	121	1	0	5215	5335	3353748	3353868	1.08e-54	219	GCA_949796375.1_9336_genomic
AT1G11270	OX461154.1	99.133	4957	35	2	379	5335	22962489	22967437	0	8909	GCA_949796375.1_9336_genomic
AT1G11270	OX461154.1	98.864	440	5	0	4896	5335	22962490	22962929	0	785	GCA_949796375.1_9336_genomic
AT1G11270	OX461154.1	98.864	440	5	0	380	819	22966998	22967437	0	785	GCA_949796375.1_9336_genomic
AT1G11270	OX461153.1	99.439	4810	24	1	526	5335	14079752	14084558	0	8730	GCA_949796375.1_9336_genomic
AT1G11270	OX461153.1	99.773	440	1	0	380	819	14084119	14084558	0	808	GCA_949796375.1_9336_genomic
AT1G11270	OX461153.1	98.876	445	4	1	376	819	1912419	1912863	0	793	GCA_949796375.1_9336_genomic
AT1G11270	OX461153.1	98.874	444	4	1	4896	5339	1912424	1912866	0	791	GCA_949796375.1_9336_genomic
AT1G11270	OX461153.1	99.32	294	2	0	5042	5335	14079752	14080045	3.39e-149	532	GCA_949796375.1_9336_genomic
AT1G11270	OX461153.1	96.85	127	3	1	4895	5020	14079646	14079772	1.81e-52	211	GCA_949796375.1_9336_genomic
AT1G11270	OX461153.1	96.825	126	3	1	380	504	14079647	14079772	6.5e-52	209	GCA_949796375.1_9336_genomic
AT1G11270	OX461165.1	99.617	4956	19	0	380	5335	25118315	25123270	0	9047	GCA_949796385.1_9852_genomic
AT1G11270	OX461165.1	98.314	4982	59	3	379	5335	10134151	10139132	0	8711	GCA_949796385.1_9852_genomic
AT1G11270	OX461165.1	97.23	1408	10	7	5336	6714	3794918	3796325	0	2357	GCA_949796385.1_9852_genomic
AT1G11270	OX461165.1	99.553	447	1	1	4890	5335	25118308	25118754	0	813	GCA_949796385.1_9852_genomic
AT1G11270	OX461165.1	100	440	0	0	380	819	25122831	25123270	0	813	GCA_949796385.1_9852_genomic
AT1G11270	OX461165.1	97.315	447	8	4	4896	5339	24786386	24785941	0	756	GCA_949796385.1_9852_genomic
AT1G11270	OX461165.1	97.517	443	8	3	380	819	24786386	24785944	0	754	GCA_949796385.1_9852_genomic
AT1G11270	OX461165.1	96.674	451	6	1	380	821	10138684	10139134	0	741	GCA_949796385.1_9852_genomic
AT1G11270	OX461165.1	94.737	456	8	2	4896	5335	10134152	10134607	0	695	GCA_949796385.1_9852_genomic
AT1G11270	OX461165.1	99.213	381	3	0	1	381	3794544	3794924	0	688	GCA_949796385.1_9852_genomic
AT1G11270	OX461165.1	93.541	449	21	6	372	819	24859208	24859649	0	662	GCA_949796385.1_9852_genomic
AT1G11270	OX461165.1	93.708	445	21	5	4896	5339	24859215	24859653	0	660	GCA_949796385.1_9852_genomic
AT1G11270	OX461165.1	90.074	272	15	6	552	820	20178813	20179075	6.15e-92	342	GCA_949796385.1_9852_genomic
AT1G11270	OX461165.1	90.299	268	15	5	5068	5333	20178813	20179071	2.21e-91	340	GCA_949796385.1_9852_genomic
AT1G11270	OX461165.1	93.122	189	12	1	376	564	20178286	20178473	6.32e-72	276	GCA_949796385.1_9852_genomic
AT1G11270	OX461165.1	93.514	185	11	1	4896	5080	20178290	20178473	2.27e-71	274	GCA_949796385.1_9852_genomic
AT1G11270	OX461166.1	99.092	4956	45	0	380	5335	10970478	10975433	0	8903	GCA_949796385.1_9852_genomic
AT1G11270	OX461166.1	83.348	1105	156	15	3452	4552	3058920	3060000	0	996	GCA_949796385.1_9852_genomic
AT1G11270	OX461166.1	97.955	440	9	0	4896	5335	10970478	10970917	0	763	GCA_949796385.1_9852_genomic
AT1G11270	OX461166.1	97.955	440	9	0	380	819	10974994	10975433	0	763	GCA_949796385.1_9852_genomic
AT1G11270	OX461166.1	84.725	491	62	8	4623	5104	3060015	3060501	4.49e-133	479	GCA_949796385.1_9852_genomic
AT1G11270	OX461166.1	85.873	361	47	4	1879	2237	17876020	17875662	1.3e-103	381	GCA_949796385.1_9852_genomic
AT1G11270	OX461166.1	88.785	214	17	6	380	588	3060290	3060501	8.24e-66	255	GCA_949796385.1_9852_genomic
AT1G11270	OX461167.1	99.095	442	4	0	4895	5336	19877439	19877880	0	795	GCA_949796385.1_9852_genomic
AT1G11270	OX461167.1	99.091	440	4	0	380	819	19877440	19877879	0	791	GCA_949796385.1_9852_genomic
AT1G11270	OX461198.1	99.557	4965	20	2	376	5339	1677673	1672710	0	9046	GCA_949796415.1_9762_genomic
AT1G11270	OX461198.1	99.395	4958	27	3	380	5335	16497432	16492476	0	8986	GCA_949796415.1_9762_genomic
AT1G11270	OX461198.1	99.294	4954	34	1	382	5335	10396236	10391284	0	8953	GCA_949796415.1_9762_genomic
AT1G11270	OX461198.1	99.439	4810	27	0	526	5335	13899044	13903853	0	8733	GCA_949796415.1_9762_genomic
AT1G11270	OX461198.1	99.773	441	1	0	4895	5335	16497433	16496993	0	809	GCA_949796415.1_9762_genomic
AT1G11270	OX461198.1	99.545	440	2	0	380	819	1673154	1672715	0	802	GCA_949796415.1_9762_genomic
AT1G11270	OX461198.1	99.103	446	3	1	380	824	16492916	16492471	0	800	GCA_949796415.1_9762_genomic
AT1G11270	OX461198.1	99.32	441	3	0	4895	5335	1677671	1677231	0	798	GCA_949796415.1_9762_genomic
AT1G11270	OX461198.1	99.091	440	4	0	380	819	13903414	13903853	0	791	GCA_949796415.1_9762_genomic
AT1G11270	OX461198.1	99.087	438	3	1	4898	5335	10396236	10395800	0	785	GCA_949796415.1_9762_genomic
AT1G11270	OX461198.1	98.63	438	5	1	382	819	10391720	10391284	0	774	GCA_949796415.1_9762_genomic
AT1G11270	OX461198.1	98.98	294	3	0	5042	5335	13899044	13899337	1.6e-147	527	GCA_949796415.1_9762_genomic
AT1G11270	OX461198.1	98.425	127	1	1	4895	5020	13898938	13899064	8.45e-56	222	GCA_949796415.1_9762_genomic
AT1G11270	OX461198.1	98.413	126	1	1	380	504	13898939	13899064	3.04e-55	220	GCA_949796415.1_9762_genomic
AT1G11270	OX461199.1	99.516	4957	24	0	379	5335	2794783	2789827	0	9022	GCA_949796415.1_9762_genomic
AT1G11270	OX461199.1	99.774	442	1	0	380	821	2790266	2789825	0	811	GCA_949796415.1_9762_genomic
AT1G11270	OX461199.1	99.773	440	1	0	4896	5335	2794782	2794343	0	808	GCA_949796415.1_9762_genomic
AT1G11270	OX461197.1	99.496	4956	25	0	380	5335	4769659	4774614	0	9014	GCA_949796415.1_9762_genomic
AT1G11270	OX461197.1	97.379	4960	96	9	380	5336	13125291	13130219	0	8408	GCA_949796415.1_9762_genomic
AT1G11270	OX461197.1	97.385	1721	36	3	3615	5335	13124018	13125729	0	2920	GCA_949796415.1_9762_genomic
AT1G11270	OX461197.1	99.545	440	2	0	4896	5335	4769659	4770098	0	802	GCA_949796415.1_9762_genomic
AT1G11270	OX461197.1	99.545	440	2	0	380	819	4774175	4774614	0	802	GCA_949796415.1_9762_genomic
AT1G11270	OX461197.1	97.5	440	11	0	380	819	13129779	13130218	0	752	GCA_949796415.1_9762_genomic
AT1G11270	OX461196.1	99.415	4957	29	0	380	5336	21888457	21893413	0	8994	GCA_949796415.1_9762_genomic
AT1G11270	OX461196.1	99.471	3968	20	1	380	4347	553246	557212	0	7210	GCA_949796415.1_9762_genomic
AT1G11270	OX461196.1	99.076	974	9	0	4348	5321	557406	558379	0	1749	GCA_949796415.1_9762_genomic
AT1G11270	OX461196.1	83.092	1106	157	17	3452	4552	3192339	3193419	0	979	GCA_949796415.1_9762_genomic
AT1G11270	OX461196.1	99.773	440	1	0	4896	5335	553246	553685	0	808	GCA_949796415.1_9762_genomic
AT1G11270	OX461196.1	99.545	440	2	0	4896	5335	21888457	21888896	0	802	GCA_949796415.1_9762_genomic
AT1G11270	OX461196.1	99.318	440	3	0	380	819	21892973	21893412	0	797	GCA_949796415.1_9762_genomic
AT1G11270	OX461196.1	99.531	426	2	0	380	805	557954	558379	0	776	GCA_949796415.1_9762_genomic
AT1G11270	OX461196.1	85.319	361	49	4	1879	2237	17434924	17434566	2.85e-100	370	GCA_949796415.1_9762_genomic
AT1G11270	OX461195.1	99.395	4956	28	1	380	5335	9331288	9326335	0	8985	GCA_949796415.1_9762_genomic
AT1G11270	OX461195.1	97.161	1409	10	2	5336	6714	3801999	3803407	0	2353	GCA_949796415.1_9762_genomic
AT1G11270	OX461195.1	99.548	442	2	0	4894	5335	9331290	9330849	0	806	GCA_949796415.1_9762_genomic
AT1G11270	OX461195.1	99.095	442	2	1	380	821	9326772	9326333	0	793	GCA_949796415.1_9762_genomic
AT1G11270	OX461195.1	99.213	381	3	0	1	381	3801625	3802005	0	688	GCA_949796415.1_9762_genomic
AT1G11270	OX461195.1	91.144	271	14	4	552	820	21539681	21539943	6.17e-97	359	GCA_949796415.1_9762_genomic
AT1G11270	OX461195.1	91.386	267	14	3	5068	5333	21539681	21539939	2.22e-96	357	GCA_949796415.1_9762_genomic
AT1G11270	OX461195.1	93.122	189	12	1	376	564	21539154	21539341	6.39e-72	276	GCA_949796415.1_9762_genomic
AT1G11270	OX461195.1	93.514	185	11	1	4896	5080	21539158	21539341	2.3e-71	274	GCA_949796415.1_9762_genomic
AT1G11270	OX461158.1	99.596	4956	20	0	380	5335	13061886	13066841	0	9042	GCA_949796455.1_7143_genomic
AT1G11270	OX461158.1	99.174	4844	27	9	504	5335	14568135	14563293	0	8711	GCA_949796455.1_7143_genomic
AT1G11270	OX461158.1	99.422	4496	25	1	526	5020	12102869	12107364	0	8157	GCA_949796455.1_7143_genomic
AT1G11270	OX461158.1	99.775	445	1	0	380	824	14563732	14563288	0	817	GCA_949796455.1_7143_genomic
AT1G11270	OX461158.1	99.546	441	2	0	380	820	13066402	13066842	0	804	GCA_949796455.1_7143_genomic
AT1G11270	OX461158.1	99.545	440	2	0	4896	5335	13061886	13062325	0	802	GCA_949796455.1_7143_genomic
AT1G11270	OX461158.1	98.876	445	4	1	376	819	1921157	1921601	0	793	GCA_949796455.1_7143_genomic
AT1G11270	OX461158.1	98.874	444	4	1	4896	5339	1921162	1921604	0	791	GCA_949796455.1_7143_genomic
AT1G11270	OX461158.1	99.32	294	2	0	526	819	12107344	12107637	3.26e-149	532	GCA_949796455.1_7143_genomic
AT1G11270	OX461158.1	99.32	294	2	0	5042	5335	12107344	12107637	3.26e-149	532	GCA_949796455.1_7143_genomic
AT1G11270	OX461158.1	98.98	294	3	0	5042	5335	12102869	12103162	1.52e-147	527	GCA_949796455.1_7143_genomic
AT1G11270	OX461158.1	95.107	327	4	8	5020	5335	14568135	14567810	7.11e-141	505	GCA_949796455.1_7143_genomic
AT1G11270	OX461158.1	99.275	138	1	0	4895	5032	14568213	14568076	3.68e-64	250	GCA_949796455.1_7143_genomic
AT1G11270	OX461158.1	99.27	137	1	0	380	516	14568212	14568076	1.32e-63	248	GCA_949796455.1_7143_genomic
AT1G11270	OX461158.1	97.619	126	2	1	380	504	12107239	12107364	1.34e-53	215	GCA_949796455.1_7143_genomic
AT1G11270	OX461158.1	93.701	127	2	3	4895	5020	12102768	12102889	1.05e-44	185	GCA_949796455.1_7143_genomic
AT1G11270	OX461158.1	93.651	126	2	3	380	504	12102769	12102889	3.78e-44	183	GCA_949796455.1_7143_genomic
AT1G11270	OX461159.1	99.496	4956	25	0	380	5335	23906124	23911079	0	9014	GCA_949796455.1_7143_genomic
AT1G11270	OX461159.1	100	440	0	0	4896	5335	23906124	23906563	0	813	GCA_949796455.1_7143_genomic
AT1G11270	OX461159.1	100	440	0	0	380	819	23910640	23911079	0	813	GCA_949796455.1_7143_genomic
AT1G11270	OX461157.1	99.496	4957	24	1	379	5335	19512535	19517490	0	9014	GCA_949796455.1_7143_genomic
AT1G11270	OX461157.1	99.334	4958	32	1	379	5335	24203291	24208248	0	8972	GCA_949796455.1_7143_genomic
AT1G11270	OX461157.1	97.526	4649	84	7	380	5023	13651063	13655685	0	7919	GCA_949796455.1_7143_genomic
AT1G11270	OX461157.1	99.548	442	1	1	380	820	24207808	24208249	0	804	GCA_949796455.1_7143_genomic
AT1G11270	OX461157.1	99.545	440	2	0	4896	5335	24203292	24203731	0	802	GCA_949796455.1_7143_genomic
AT1G11270	OX461157.1	99.318	440	3	0	4896	5335	19512536	19512975	0	797	GCA_949796455.1_7143_genomic
AT1G11270	OX461157.1	99.318	440	2	1	380	819	19517052	19517490	0	795	GCA_949796455.1_7143_genomic
AT1G11270	OX461157.1	98.409	440	7	0	4896	5335	13651063	13651502	0	774	GCA_949796455.1_7143_genomic
AT1G11270	OX461157.1	94.671	319	11	4	5024	5336	13655637	13655955	1.99e-136	490	GCA_949796455.1_7143_genomic
AT1G11270	OX461157.1	94.654	318	11	4	508	819	13655637	13655954	7.16e-136	488	GCA_949796455.1_7143_genomic
AT1G11270	OX461157.1	96.124	129	4	1	380	507	13655557	13655685	6.24e-52	209	GCA_949796455.1_7143_genomic
AT1G11270	OX461155.1	99.316	4968	30	4	374	5338	19610646	19615612	0	8983	GCA_949796455.1_7143_genomic
AT1G11270	OX461155.1	98.971	4956	51	0	380	5335	7685081	7690036	0	8870	GCA_949796455.1_7143_genomic
AT1G11270	OX461155.1	100	1379	0	0	5336	6714	3775708	3777086	0	2547	GCA_949796455.1_7143_genomic
AT1G11270	OX461155.1	98.636	440	6	0	380	819	7689597	7690036	0	780	GCA_949796455.1_7143_genomic
AT1G11270	OX461155.1	97.991	448	8	1	4888	5335	7682424	7682870	0	776	GCA_949796455.1_7143_genomic
AT1G11270	OX461155.1	98.409	440	6	1	380	819	7682432	7682870	0	773	GCA_949796455.1_7143_genomic
AT1G11270	OX461155.1	98.186	441	7	1	4896	5335	19610651	19611091	0	769	GCA_949796455.1_7143_genomic
AT1G11270	OX461155.1	97.959	441	8	1	380	819	19615168	19615608	0	763	GCA_949796455.1_7143_genomic
AT1G11270	OX461155.1	97.279	441	12	0	4895	5335	7685080	7685520	0	749	GCA_949796455.1_7143_genomic
AT1G11270	OX461155.1	100	381	0	0	1	381	3775334	3775714	0	704	GCA_949796455.1_7143_genomic
AT1G11270	OX461155.1	90.775	271	15	4	552	820	20443023	20443285	2.73e-95	353	GCA_949796455.1_7143_genomic
AT1G11270	OX461155.1	91.011	267	15	3	5068	5333	20443023	20443281	9.8e-95	351	GCA_949796455.1_7143_genomic
AT1G11270	OX461155.1	92.593	189	13	1	376	564	20442492	20442679	2.82e-70	270	GCA_949796455.1_7143_genomic
AT1G11270	OX461155.1	92.973	185	12	1	4896	5080	20442496	20442679	1.02e-69	268	GCA_949796455.1_7143_genomic
AT1G11270	OX461156.1	82.986	1105	159	16	3452	4552	2731862	2732941	0	972	GCA_949796455.1_7143_genomic
AT1G11270	OX461156.1	85.596	361	48	4	1879	2237	15514735	15514377	5.82e-102	375	GCA_949796455.1_7143_genomic
AT1G11270	OX461200.1	99.415	4956	29	0	380	5335	7674035	7678990	0	8992	GCA_949796475.1_9883_genomic
AT1G11270	OX461200.1	99.855	1381	0	1	5336	6714	3790278	3791658	0	2538	GCA_949796475.1_9883_genomic
AT1G11270	OX461200.1	99.091	440	4	0	380	819	7678551	7678990	0	791	GCA_949796475.1_9883_genomic
AT1G11270	OX461200.1	98.438	448	7	0	4888	5335	7674027	7674474	0	789	GCA_949796475.1_9883_genomic
AT1G11270	OX461200.1	98.177	384	4	1	1	381	3789901	3790284	0	667	GCA_949796475.1_9883_genomic
AT1G11270	OX461200.1	90.775	271	15	4	552	820	20607371	20607633	2.8e-95	353	GCA_949796475.1_9883_genomic
AT1G11270	OX461200.1	91.011	267	15	3	5068	5333	20607371	20607629	1.01e-94	351	GCA_949796475.1_9883_genomic
AT1G11270	OX461203.1	99.216	4973	34	5	372	5341	13958084	13953114	0	8962	GCA_949796475.1_9883_genomic
AT1G11270	OX461203.1	98.876	445	4	1	376	819	2020871	2021315	0	793	GCA_949796475.1_9883_genomic
AT1G11270	OX461203.1	99.095	442	3	1	4895	5335	13958079	13957638	0	793	GCA_949796475.1_9883_genomic
AT1G11270	OX461203.1	98.874	444	4	1	4896	5339	2020876	2021318	0	791	GCA_949796475.1_9883_genomic
AT1G11270	OX461203.1	98.639	441	5	1	380	819	13953561	13953121	0	780	GCA_949796475.1_9883_genomic
AT1G11270	OX461201.1	99.031	4956	48	0	380	5335	10923510	10928465	0	8887	GCA_949796475.1_9883_genomic
AT1G11270	OX461201.1	83.348	1105	156	15	3452	4552	3052719	3053799	0	996	GCA_949796475.1_9883_genomic
AT1G11270	OX461201.1	97.955	440	9	0	380	819	10928026	10928465	0	763	GCA_949796475.1_9883_genomic
AT1G11270	OX461201.1	97.727	440	10	0	4896	5335	10923510	10923949	0	758	GCA_949796475.1_9883_genomic
AT1G11270	OX461201.1	84.929	491	61	8	4623	5104	3053814	3054300	9.5e-135	484	GCA_949796475.1_9883_genomic
AT1G11270	OX461201.1	85.596	361	48	4	1879	2237	17743534	17743176	5.97e-102	375	GCA_949796475.1_9883_genomic
AT1G11270	OX461201.1	88.785	214	17	6	380	588	3054089	3054300	8.11e-66	255	GCA_949796475.1_9883_genomic
AT1G11270	OX461202.1	92.111	1369	95	8	3159	4526	16886940	16885584	0	1917	GCA_949796475.1_9883_genomic
AT1G11270	OX461202.1	93.604	813	51	1	4523	5335	16885421	16884610	0	1212	GCA_949796475.1_9883_genomic
AT1G11270	OX461202.1	94.218	761	32	7	380	1139	16885048	16884299	0	1151	GCA_949796475.1_9883_genomic
AT1G11270	OX461170.1	99.617	4956	19	0	380	5335	4623084	4618129	0	9047	GCA_949796485.1_9900_genomic
AT1G11270	OX461170.1	100	993	0	0	5336	6328	3801172	3802164	0	1834	GCA_949796485.1_9900_genomic
AT1G11270	OX461170.1	99.775	444	0	1	380	822	4618568	4618125	0	813	GCA_949796485.1_9900_genomic
AT1G11270	OX461170.1	99.773	440	1	0	4896	5335	4623084	4622645	0	808	GCA_949796485.1_9900_genomic
AT1G11270	OX461170.1	99.752	403	1	0	6312	6714	3802188	3802590	0	739	GCA_949796485.1_9900_genomic
AT1G11270	OX461170.1	99.213	381	3	0	1	381	3800798	3801178	0	688	GCA_949796485.1_9900_genomic
AT1G11270	OX461170.1	90.037	271	17	4	552	820	20190608	20190870	5.96e-92	342	GCA_949796485.1_9900_genomic
AT1G11270	OX461170.1	90.262	267	17	3	5068	5333	20190608	20190866	2.14e-91	340	GCA_949796485.1_9900_genomic
AT1G11270	OX461170.1	92.063	189	14	1	376	564	20190081	20190268	1.33e-68	265	GCA_949796485.1_9900_genomic
AT1G11270	OX461170.1	92.432	185	13	1	4896	5080	20190085	20190268	4.77e-68	263	GCA_949796485.1_9900_genomic
AT1G11270	OX461173.1	99.475	4956	26	0	380	5335	8551006	8546051	0	9009	GCA_949796485.1_9900_genomic
AT1G11270	OX461173.1	99.335	4959	29	4	379	5335	12181094	12176138	0	8972	GCA_949796485.1_9900_genomic
AT1G11270	OX461173.1	99.294	4954	31	3	382	5335	8585303	8580354	0	8951	GCA_949796485.1_9900_genomic
AT1G11270	OX461173.1	99.773	441	1	0	380	820	8546490	8546050	0	809	GCA_949796485.1_9900_genomic
AT1G11270	OX461173.1	99.545	440	2	0	4896	5335	8551006	8550567	0	802	GCA_949796485.1_9900_genomic
AT1G11270	OX461173.1	99.315	438	2	1	382	819	8580790	8580354	0	791	GCA_949796485.1_9900_genomic
AT1G11270	OX461173.1	99.087	438	3	1	4898	5335	8585303	8584867	0	785	GCA_949796485.1_9900_genomic
AT1G11270	OX461173.1	98.186	441	6	2	380	819	12176577	12176138	0	769	GCA_949796485.1_9900_genomic
AT1G11270	OX461173.1	98.186	441	6	2	4896	5335	12181093	12180654	0	769	GCA_949796485.1_9900_genomic
AT1G11270	OX461173.1	100	31	0	0	412	442	12176515	12176545	2.42e-06	58.4	GCA_949796485.1_9900_genomic
AT1G11270	OX461173.1	100	31	0	0	4928	4958	12176515	12176545	2.42e-06	58.4	GCA_949796485.1_9900_genomic
AT1G11270	OX461173.1	100	31	0	0	412	442	12181031	12181061	2.42e-06	58.4	GCA_949796485.1_9900_genomic
AT1G11270	OX461173.1	100	31	0	0	4928	4958	12181031	12181061	2.42e-06	58.4	GCA_949796485.1_9900_genomic
AT1G11270	OX461172.1	99.395	4956	30	0	380	5335	19472634	19467679	0	8986	GCA_949796485.1_9900_genomic
AT1G11270	OX461172.1	97.682	4961	85	6	380	5336	13285632	13290566	0	8497	GCA_949796485.1_9900_genomic
AT1G11270	OX461172.1	99.288	843	6	0	4491	5333	19473039	19472197	0	1524	GCA_949796485.1_9900_genomic
AT1G11270	OX461172.1	99.774	443	1	0	380	822	19468118	19467676	0	813	GCA_949796485.1_9900_genomic
AT1G11270	OX461172.1	99.095	442	4	0	4895	5336	21041555	21041996	0	795	GCA_949796485.1_9900_genomic
AT1G11270	OX461172.1	99.091	440	4	0	380	819	21041556	21041995	0	791	GCA_949796485.1_9900_genomic
AT1G11270	OX461172.1	98.409	440	7	0	4896	5335	13285632	13286071	0	774	GCA_949796485.1_9900_genomic
AT1G11270	OX461172.1	97.5	440	11	0	380	819	13290126	13290565	0	752	GCA_949796485.1_9900_genomic
AT1G11270	OX461174.1	98.855	4543	36	2	793	5335	20044387	20039861	0	8087	GCA_949796485.1_9900_genomic
AT1G11270	OX461174.1	98.801	417	4	1	403	819	20040276	20039861	0	741	GCA_949796485.1_9900_genomic
AT1G11270	OX461174.1	99.388	327	2	0	5009	5335	20039858	20039532	1.49e-167	593	GCA_949796485.1_9900_genomic
AT1G11270	OX461174.1	99.388	327	2	0	493	819	20039858	20039532	1.49e-167	593	GCA_949796485.1_9900_genomic
AT1G11270	OX461174.1	99.029	103	1	0	4896	4998	20044488	20044386	1.06e-44	185	GCA_949796485.1_9900_genomic
AT1G11270	OX461174.1	99.029	103	1	0	380	482	20044488	20044386	1.06e-44	185	GCA_949796485.1_9900_genomic
AT1G11270	OX461171.1	83.258	1105	157	15	3452	4552	2910628	2911708	0	990	GCA_949796485.1_9900_genomic
AT1G11270	OX461171.1	85.873	361	47	4	1879	2237	16651822	16651464	1.26e-103	381	GCA_949796485.1_9900_genomic
AT1G11270	OX461207.1	99.617	4957	19	0	380	5336	3970446	3975402	0	9049	GCA_949796525.1_6923_genomic
AT1G11270	OX461207.1	99.536	4956	23	0	380	5335	7355921	7360876	0	9025	GCA_949796525.1_6923_genomic
AT1G11270	OX461207.1	97.54	4960	93	5	380	5336	13608723	13613656	0	8456	GCA_949796525.1_6923_genomic
AT1G11270	OX461207.1	99.545	440	2	0	4896	5335	3970446	3970885	0	802	GCA_949796525.1_6923_genomic
AT1G11270	OX461207.1	99.545	440	2	0	380	819	3974962	3975401	0	802	GCA_949796525.1_6923_genomic
AT1G11270	OX461207.1	99.545	440	2	0	380	819	7360437	7360876	0	802	GCA_949796525.1_6923_genomic
AT1G11270	OX461207.1	99.091	440	4	0	4896	5335	7355921	7356360	0	791	GCA_949796525.1_6923_genomic
AT1G11270	OX461207.1	98.182	440	8	0	4896	5335	13608723	13609162	0	769	GCA_949796525.1_6923_genomic
AT1G11270	OX461207.1	96.818	440	14	0	380	819	13613216	13613655	0	736	GCA_949796525.1_6923_genomic
AT1G11270	OX461209.1	99.456	4959	25	2	379	5335	18732828	18737786	0	9007	GCA_949796525.1_6923_genomic
AT1G11270	OX461209.1	99.548	442	1	1	380	820	18737346	18737787	0	804	GCA_949796525.1_6923_genomic
AT1G11270	OX461209.1	99.546	441	1	1	4896	5335	18732829	18733269	0	802	GCA_949796525.1_6923_genomic
AT1G11270	OX461208.1	99.375	4957	30	1	380	5335	14443553	14438597	0	8981	GCA_949796525.1_6923_genomic
AT1G11270	OX461208.1	99.274	4960	29	3	382	5335	8311443	8306485	0	8953	GCA_949796525.1_6923_genomic
AT1G11270	OX461208.1	99.399	4496	26	1	526	5020	11942467	11946962	0	8152	GCA_949796525.1_6923_genomic
AT1G11270	OX461208.1	100	441	0	0	4895	5335	14443554	14443114	0	815	GCA_949796525.1_6923_genomic
AT1G11270	OX461208.1	98.876	445	4	1	376	819	1883488	1883932	0	793	GCA_949796525.1_6923_genomic
AT1G11270	OX461208.1	98.874	444	4	1	4896	5339	1883493	1883935	0	791	GCA_949796525.1_6923_genomic
AT1G11270	OX461208.1	99.315	438	2	1	382	819	8306921	8306485	0	791	GCA_949796525.1_6923_genomic
AT1G11270	OX461208.1	99.087	438	3	1	4898	5335	8311443	8311007	0	785	GCA_949796525.1_6923_genomic
AT1G11270	OX461208.1	98.427	445	7	0	380	824	14439036	14438592	0	784	GCA_949796525.1_6923_genomic
AT1G11270	OX461208.1	99.32	294	2	0	526	819	11946942	11947235	3.29e-149	532	GCA_949796525.1_6923_genomic
AT1G11270	OX461208.1	99.32	294	2	0	5042	5335	11946942	11947235	3.29e-149	532	GCA_949796525.1_6923_genomic
AT1G11270	OX461208.1	98.98	294	3	0	5042	5335	11942467	11942760	1.53e-147	527	GCA_949796525.1_6923_genomic
AT1G11270	OX461208.1	97.638	127	2	1	4895	5020	11942361	11942487	3.76e-54	217	GCA_949796525.1_6923_genomic
AT1G11270	OX461208.1	97.619	126	2	1	380	504	11942362	11942487	1.35e-53	215	GCA_949796525.1_6923_genomic
AT1G11270	OX461208.1	97.619	126	2	1	380	504	11946837	11946962	1.35e-53	215	GCA_949796525.1_6923_genomic
AT1G11270	OX461205.1	99.638	1381	1	2	5336	6714	3780808	3782186	0	2519	GCA_949796525.1_6923_genomic
AT1G11270	OX461205.1	99.213	381	3	0	1	381	3780434	3780814	0	688	GCA_949796525.1_6923_genomic
AT1G11270	OX461205.1	93.541	449	21	6	372	819	23214010	23214451	0	662	GCA_949796525.1_6923_genomic
AT1G11270	OX461205.1	93.708	445	21	5	4896	5339	23214017	23214455	0	660	GCA_949796525.1_6923_genomic
AT1G11270	OX461205.1	91.144	271	14	4	552	820	18493545	18493807	5.91e-97	359	GCA_949796525.1_6923_genomic
AT1G11270	OX461205.1	91.386	267	14	3	5068	5333	18493545	18493803	2.12e-96	357	GCA_949796525.1_6923_genomic
AT1G11270	OX461205.1	92.593	189	13	1	376	564	18493018	18493205	2.85e-70	270	GCA_949796525.1_6923_genomic
AT1G11270	OX461205.1	92.973	185	12	1	4896	5080	18493022	18493205	1.02e-69	268	GCA_949796525.1_6923_genomic
AT1G11270	OX461206.1	82.986	1105	160	15	3452	4552	3291838	3292918	0	974	GCA_949796525.1_6923_genomic
AT1G11270	OX461206.1	85.359	362	48	5	1879	2237	16464912	16464553	2.73e-100	370	GCA_949796525.1_6923_genomic
AT1G11270	OX461149.1	99.597	4964	20	0	375	5338	6890906	6885943	0	9057	GCA_949796605.1_9806_genomic
AT1G11270	OX461149.1	99.773	440	1	0	380	819	6886385	6885946	0	808	GCA_949796605.1_9806_genomic
AT1G11270	OX461149.1	99.773	440	1	0	4896	5335	6890901	6890462	0	808	GCA_949796605.1_9806_genomic
AT1G11270	OX461148.1	99.477	4970	26	0	370	5339	11365426	11360457	0	9034	GCA_949796605.1_9806_genomic
AT1G11270	OX461148.1	99.476	4958	25	1	379	5336	13942616	13947572	0	9010	GCA_949796605.1_9806_genomic
AT1G11270	OX461148.1	100	440	0	0	380	819	11360900	11360461	0	813	GCA_949796605.1_9806_genomic
AT1G11270	OX461148.1	100	440	0	0	4896	5335	13942617	13943056	0	813	GCA_949796605.1_9806_genomic
AT1G11270	OX461148.1	100	440	0	0	380	819	13947132	13947571	0	813	GCA_949796605.1_9806_genomic
AT1G11270	OX461148.1	99.773	440	1	0	4896	5335	11365416	11364977	0	808	GCA_949796605.1_9806_genomic
AT1G11270	OX461147.1	99.415	4958	26	3	380	5335	1651043	1646087	0	8992	GCA_949796605.1_9806_genomic
AT1G11270	OX461147.1	97.42	4961	95	8	380	5336	12876578	12881509	0	8421	GCA_949796605.1_9806_genomic
AT1G11270	OX461147.1	98.866	441	4	1	380	819	1646527	1646087	0	785	GCA_949796605.1_9806_genomic
AT1G11270	OX461147.1	98.639	441	5	1	4896	5335	1651043	1650603	0	780	GCA_949796605.1_9806_genomic
AT1G11270	OX461147.1	98.182	440	8	0	4896	5335	12876578	12877017	0	769	GCA_949796605.1_9806_genomic
AT1G11270	OX461147.1	97.5	440	11	0	380	819	12881069	12881508	0	752	GCA_949796605.1_9806_genomic
AT1G11270	OX461145.1	99.236	4974	20	2	380	5335	25923030	25918057	0	8959	GCA_949796605.1_9806_genomic
AT1G11270	OX461145.1	98.734	948	11	1	5336	6283	3793083	3794029	0	1683	GCA_949796605.1_9806_genomic
AT1G11270	OX461145.1	98.806	670	8	0	1690	2359	3374284	3373615	0	1194	GCA_949796605.1_9806_genomic
AT1G11270	OX461145.1	97.339	451	3	1	380	821	25918505	25918055	0	758	GCA_949796605.1_9806_genomic
AT1G11270	OX461145.1	97.339	451	3	1	4894	5335	25923032	25922582	0	758	GCA_949796605.1_9806_genomic
AT1G11270	OX461145.1	99.213	381	3	0	1	381	3792709	3793089	0	688	GCA_949796605.1_9806_genomic
AT1G11270	OX461145.1	91.144	271	14	4	552	820	21469952	21470214	6e-97	359	GCA_949796605.1_9806_genomic
AT1G11270	OX461145.1	91.386	267	14	3	5068	5333	21469952	21470210	2.16e-96	357	GCA_949796605.1_9806_genomic
AT1G11270	OX461145.1	92.593	189	13	1	376	564	21469418	21469605	2.89e-70	270	GCA_949796605.1_9806_genomic
AT1G11270	OX461145.1	92.973	185	12	1	4896	5080	21469422	21469605	1.04e-69	268	GCA_949796605.1_9806_genomic
AT1G11270	OX461145.1	99.174	121	1	0	5215	5335	3373628	3373508	1.06e-54	219	GCA_949796605.1_9806_genomic
AT1G11270	OX461145.1	99.174	121	1	0	699	819	3373628	3373508	1.06e-54	219	GCA_949796605.1_9806_genomic
AT1G11270	OX461145.1	87.568	185	14	5	6360	6544	3794213	3794388	8.27e-51	206	GCA_949796605.1_9806_genomic
AT1G11270	OX461146.1	82.986	1105	160	15	3452	4552	2940892	2941972	0	974	GCA_949796605.1_9806_genomic
AT1G11270	OX461146.1	85.873	361	47	4	1879	2237	16693892	16693534	1.28e-103	381	GCA_949796605.1_9806_genomic
AT1G11270	OX461160.1	99.556	4957	22	0	379	5335	11774772	11769816	0	9033	GCA_949796635.1_8285_genomic
AT1G11270	OX461160.1	98.334	4982	58	3	379	5335	10099389	10104370	0	8717	GCA_949796635.1_8285_genomic
AT1G11270	OX461160.1	99.048	2835	27	0	2501	5335	7674253	7677087	0	5086	GCA_949796635.1_8285_genomic
AT1G11270	OX461160.1	98.776	2124	26	0	380	2503	7671896	7674019	0	3779	GCA_949796635.1_8285_genomic
AT1G11270	OX461160.1	99.057	1379	8	2	5336	6714	3793143	3794516	0	2470	GCA_949796635.1_8285_genomic
AT1G11270	OX461160.1	99.773	440	1	0	4896	5335	11774771	11774332	0	808	GCA_949796635.1_8285_genomic
AT1G11270	OX461160.1	99.545	440	2	0	380	819	11770255	11769816	0	802	GCA_949796635.1_8285_genomic
AT1G11270	OX461160.1	98.438	448	6	1	4888	5335	7669239	7669685	0	787	GCA_949796635.1_8285_genomic
AT1G11270	OX461160.1	98.864	440	4	1	380	819	7669247	7669685	0	784	GCA_949796635.1_8285_genomic
AT1G11270	OX461160.1	98.409	440	7	0	380	819	7676648	7677087	0	774	GCA_949796635.1_8285_genomic
AT1G11270	OX461160.1	97.279	441	12	0	4895	5335	7671895	7672335	0	749	GCA_949796635.1_8285_genomic
AT1G11270	OX461160.1	96.674	451	6	1	380	821	10103922	10104372	0	741	GCA_949796635.1_8285_genomic
AT1G11270	OX461160.1	95.175	456	6	2	4896	5335	10099390	10099845	0	706	GCA_949796635.1_8285_genomic
AT1G11270	OX461160.1	99.213	381	3	0	1	381	3792769	3793149	0	688	GCA_949796635.1_8285_genomic
AT1G11270	OX461160.1	91.144	271	14	4	552	820	21496670	21496932	6.07e-97	359	GCA_949796635.1_8285_genomic
AT1G11270	OX461160.1	91.386	267	14	3	5068	5333	21496670	21496928	2.18e-96	357	GCA_949796635.1_8285_genomic
AT1G11270	OX461160.1	92.593	189	13	1	376	564	21496143	21496330	2.93e-70	270	GCA_949796635.1_8285_genomic
AT1G11270	OX461160.1	92.973	185	12	1	4896	5080	21496147	21496330	1.05e-69	268	GCA_949796635.1_8285_genomic
AT1G11270	OX461163.1	99.236	4973	33	5	372	5341	13044258	13039288	0	8968	GCA_949796635.1_8285_genomic
AT1G11270	OX461163.1	99.21	4810	38	0	526	5335	13632644	13637453	0	8672	GCA_949796635.1_8285_genomic
AT1G11270	OX461163.1	99.095	442	3	1	4895	5335	13044253	13043812	0	793	GCA_949796635.1_8285_genomic
AT1G11270	OX461163.1	98.866	441	4	1	380	819	13039735	13039295	0	785	GCA_949796635.1_8285_genomic
AT1G11270	OX461163.1	98.864	440	5	0	380	819	13637014	13637453	0	785	GCA_949796635.1_8285_genomic
AT1G11270	OX461163.1	97.959	294	6	0	5042	5335	13632644	13632937	1.58e-142	510	GCA_949796635.1_8285_genomic
AT1G11270	OX461163.1	97.638	127	2	1	4895	5020	13632538	13632664	3.87e-54	217	GCA_949796635.1_8285_genomic
AT1G11270	OX461163.1	97.619	126	2	1	380	504	13632539	13632664	1.39e-53	215	GCA_949796635.1_8285_genomic
AT1G11270	OX461162.1	97.794	2176	41	2	3161	5336	13874827	13872659	0	3746	GCA_949796635.1_8285_genomic
AT1G11270	OX461162.1	98.416	442	7	0	4895	5336	20304765	20305206	0	778	GCA_949796635.1_8285_genomic
AT1G11270	OX461162.1	98.409	440	7	0	380	819	20304766	20305205	0	774	GCA_949796635.1_8285_genomic
AT1G11270	OX461162.1	96.818	440	14	0	380	819	13873099	13872660	0	736	GCA_949796635.1_8285_genomic
AT1G11270	OX461161.1	83.167	1105	158	15	3452	4552	2916390	2917470	0	985	GCA_949796635.1_8285_genomic
AT1G11270	OX461161.1	85.319	361	49	4	1879	2237	17524106	17523748	2.81e-100	370	GCA_949796635.1_8285_genomic
AT1G11270	OX461138.1	99.657	4956	17	0	380	5335	22541580	22546535	0	9058	GCA_949796645.1_6137_genomic
AT1G11270	OX461138.1	99.545	440	2	0	4896	5335	22541580	22542019	0	802	GCA_949796645.1_6137_genomic
AT1G11270	OX461138.1	99.318	440	3	0	380	819	22546096	22546535	0	797	GCA_949796645.1_6137_genomic
AT1G11270	OX461135.1	99.556	4956	22	0	380	5335	24445292	24440337	0	9031	GCA_949796645.1_6137_genomic
AT1G11270	OX461135.1	99.516	4962	21	3	377	5335	20641974	20646935	0	9027	GCA_949796645.1_6137_genomic
AT1G11270	OX461135.1	99.496	4956	25	0	380	5335	21260859	21265814	0	9014	GCA_949796645.1_6137_genomic
AT1G11270	OX461135.1	99.435	4956	28	0	380	5335	21256343	21261298	0	8997	GCA_949796645.1_6137_genomic
AT1G11270	OX461135.1	98.87	4956	56	0	380	5335	7665567	7670522	0	8842	GCA_949796645.1_6137_genomic
AT1G11270	OX461135.1	99.347	1379	8	1	5336	6714	3772086	3773463	0	2495	GCA_949796645.1_6137_genomic
AT1G11270	OX461135.1	99.733	748	2	0	380	1127	21265375	21266122	0	1371	GCA_949796645.1_6137_genomic
AT1G11270	OX461135.1	99.549	443	2	0	380	822	24440776	24440334	0	808	GCA_949796645.1_6137_genomic
AT1G11270	OX461135.1	99.549	443	1	1	380	821	20646495	20646937	0	806	GCA_949796645.1_6137_genomic
AT1G11270	OX461135.1	99.546	441	2	0	4895	5335	24445293	24444853	0	804	GCA_949796645.1_6137_genomic
AT1G11270	OX461135.1	99.545	440	2	0	4896	5335	21256343	21256782	0	802	GCA_949796645.1_6137_genomic
AT1G11270	OX461135.1	99.32	441	2	1	4896	5335	20641978	20642418	0	797	GCA_949796645.1_6137_genomic
AT1G11270	OX461135.1	98.636	440	6	0	380	819	7670083	7670522	0	780	GCA_949796645.1_6137_genomic
AT1G11270	OX461135.1	96.145	441	17	0	4895	5335	7665566	7666006	0	721	GCA_949796645.1_6137_genomic
AT1G11270	OX461135.1	99.213	381	3	0	1	381	3771712	3772092	0	688	GCA_949796645.1_6137_genomic
AT1G11270	OX461135.1	90.037	271	17	4	552	820	20453586	20453848	6.05e-92	342	GCA_949796645.1_6137_genomic
AT1G11270	OX461135.1	90.262	267	17	3	5068	5333	20453586	20453844	2.18e-91	340	GCA_949796645.1_6137_genomic
AT1G11270	OX461135.1	92.593	189	13	1	376	564	20453059	20453246	2.9e-70	270	GCA_949796645.1_6137_genomic
AT1G11270	OX461135.1	92.973	185	12	1	4896	5080	20453063	20453246	1.04e-69	268	GCA_949796645.1_6137_genomic
AT1G11270	OX461139.1	99.355	4962	28	4	379	5338	2504088	2499129	0	8983	GCA_949796645.1_6137_genomic
AT1G11270	OX461139.1	98.186	441	6	2	380	819	2499571	2499132	0	769	GCA_949796645.1_6137_genomic
AT1G11270	OX461139.1	97.959	441	7	2	4896	5335	2504087	2503648	0	763	GCA_949796645.1_6137_genomic
AT1G11270	OX461139.1	100	31	0	0	412	442	2499509	2499539	2.46e-06	58.4	GCA_949796645.1_6137_genomic
AT1G11270	OX461139.1	100	31	0	0	4928	4958	2499509	2499539	2.46e-06	58.4	GCA_949796645.1_6137_genomic
AT1G11270	OX461139.1	100	31	0	0	412	442	2504025	2504055	2.46e-06	58.4	GCA_949796645.1_6137_genomic
AT1G11270	OX461139.1	100	31	0	0	4928	4958	2504025	2504055	2.46e-06	58.4	GCA_949796645.1_6137_genomic
AT1G11270	OX461136.1	98.512	4972	59	2	379	5335	917721	922692	0	8757	GCA_949796645.1_6137_genomic
AT1G11270	OX461136.1	82.896	1105	160	16	3452	4552	3030594	3031673	0	966	GCA_949796645.1_6137_genomic
AT1G11270	OX461136.1	96.659	449	7	1	380	820	922245	922693	0	739	GCA_949796645.1_6137_genomic
AT1G11270	OX461136.1	96.854	445	7	1	4896	5333	917722	918166	0	737	GCA_949796645.1_6137_genomic
AT1G11270	OX461136.1	85.042	361	50	4	1879	2237	17294449	17294091	1.29e-98	364	GCA_949796645.1_6137_genomic
AT1G11270	OX461137.1	92.111	1369	95	8	3159	4526	17240113	17238757	0	1917	GCA_949796645.1_6137_genomic
AT1G11270	OX461137.1	93.604	813	51	1	4523	5335	17238594	17237783	0	1212	GCA_949796645.1_6137_genomic
AT1G11270	OX461137.1	94.218	761	32	7	380	1139	17238221	17237472	0	1151	GCA_949796645.1_6137_genomic
AT1G11270	OX461144.1	99.597	4959	16	4	379	5335	3871248	3866292	0	9044	GCA_949796655.1_9744_genomic
AT1G11270	OX461144.1	99.173	4958	19	1	380	5337	3055279	3050344	0	8909	GCA_949796655.1_9744_genomic
AT1G11270	OX461144.1	99.546	441	2	0	4895	5335	3055280	3054840	0	804	GCA_949796655.1_9744_genomic
AT1G11270	OX461144.1	99.545	440	2	0	380	819	3050785	3050346	0	802	GCA_949796655.1_9744_genomic
AT1G11270	OX461144.1	99.323	443	1	2	380	821	3866731	3866290	0	800	GCA_949796655.1_9744_genomic
AT1G11270	OX461144.1	99.32	441	1	2	4896	5335	3871247	3870808	0	797	GCA_949796655.1_9744_genomic
AT1G11270	OX461144.1	100	31	0	0	412	442	3866669	3866699	2.44e-06	58.4	GCA_949796655.1_9744_genomic
AT1G11270	OX461144.1	100	31	0	0	4928	4958	3866669	3866699	2.44e-06	58.4	GCA_949796655.1_9744_genomic
AT1G11270	OX461144.1	100	31	0	0	412	442	3871185	3871215	2.44e-06	58.4	GCA_949796655.1_9744_genomic
AT1G11270	OX461144.1	100	31	0	0	4928	4958	3871185	3871215	2.44e-06	58.4	GCA_949796655.1_9744_genomic
AT1G11270	OX461143.1	99.576	4956	21	0	380	5335	10432031	10436986	0	9036	GCA_949796655.1_9744_genomic
AT1G11270	OX461143.1	99.396	4964	26	3	376	5338	696343	701303	0	8997	GCA_949796655.1_9744_genomic
AT1G11270	OX461143.1	99.773	441	1	0	4895	5335	696345	696785	0	809	GCA_949796655.1_9744_genomic
AT1G11270	OX461143.1	99.324	444	3	0	380	823	10436547	10436990	0	804	GCA_949796655.1_9744_genomic
AT1G11270	OX461143.1	99.545	440	2	0	4896	5335	10432031	10432470	0	802	GCA_949796655.1_9744_genomic
AT1G11270	OX461143.1	99.318	440	3	0	380	819	700861	701300	0	797	GCA_949796655.1_9744_genomic
AT1G11270	OX461140.1	99.576	4956	21	0	380	5335	19639032	19634077	0	9036	GCA_949796655.1_9744_genomic
AT1G11270	OX461140.1	99.576	4956	21	0	380	5335	19643548	19638593	0	9036	GCA_949796655.1_9744_genomic
AT1G11270	OX461140.1	99.576	4956	21	0	380	5335	19648064	19643109	0	9036	GCA_949796655.1_9744_genomic
AT1G11270	OX461140.1	99.476	4959	26	0	380	5338	11887930	11892888	0	9014	GCA_949796655.1_9744_genomic
AT1G11270	OX461140.1	99.052	4956	47	0	380	5335	7675421	7680376	0	8892	GCA_949796655.1_9744_genomic
AT1G11270	OX461140.1	98.85	4956	44	5	380	5335	31143043	31138101	0	8824	GCA_949796655.1_9744_genomic
AT1G11270	OX461140.1	99.578	948	4	0	5336	6283	3771152	3772099	0	1729	GCA_949796655.1_9744_genomic
AT1G11270	OX461140.1	99.545	440	2	0	4896	5335	11887930	11888369	0	802	GCA_949796655.1_9744_genomic
AT1G11270	OX461140.1	99.545	440	2	0	380	819	11892446	11892885	0	802	GCA_949796655.1_9744_genomic
AT1G11270	OX461140.1	99.318	440	3	0	380	819	19634516	19634077	0	797	GCA_949796655.1_9744_genomic
AT1G11270	OX461140.1	99.318	440	3	0	4896	5335	19648064	19647625	0	797	GCA_949796655.1_9744_genomic
AT1G11270	OX461140.1	99.091	440	4	0	380	819	7679937	7680376	0	791	GCA_949796655.1_9744_genomic
AT1G11270	OX461140.1	98.864	440	5	0	4896	5335	31143043	31142604	0	785	GCA_949796655.1_9744_genomic
AT1G11270	OX461140.1	98.214	448	7	1	4888	5335	7672764	7673210	0	782	GCA_949796655.1_9744_genomic
AT1G11270	OX461140.1	98.636	440	5	1	380	819	7672772	7673210	0	778	GCA_949796655.1_9744_genomic
AT1G11270	OX461140.1	98.413	441	7	0	380	820	31138540	31138100	0	776	GCA_949796655.1_9744_genomic
AT1G11270	OX461140.1	97.959	441	9	0	4895	5335	7675420	7675860	0	765	GCA_949796655.1_9744_genomic
AT1G11270	OX461140.1	98.95	381	4	0	1	381	3770778	3771158	0	682	GCA_949796655.1_9744_genomic
AT1G11270	OX461140.1	91.144	271	14	4	552	820	19482006	19482268	5.98e-97	359	GCA_949796655.1_9744_genomic
AT1G11270	OX461140.1	91.386	267	14	3	5068	5333	19482006	19482264	2.15e-96	357	GCA_949796655.1_9744_genomic
AT1G11270	OX461140.1	93.122	189	12	1	376	564	19481483	19481670	6.19e-72	276	GCA_949796655.1_9744_genomic
AT1G11270	OX461140.1	93.514	185	11	1	4896	5080	19481487	19481670	2.23e-71	274	GCA_949796655.1_9744_genomic
AT1G11270	OX461140.1	87.097	186	14	6	6360	6544	3772283	3772459	1.07e-49	202	GCA_949796655.1_9744_genomic
AT1G11270	OX461142.1	99.415	4960	29	0	377	5336	21753510	21758469	0	8999	GCA_949796655.1_9744_genomic
AT1G11270	OX461142.1	99.548	442	2	0	4894	5335	21753511	21753952	0	806	GCA_949796655.1_9744_genomic
AT1G11270	OX461142.1	99.545	440	2	0	380	819	21758029	21758468	0	802	GCA_949796655.1_9744_genomic
AT1G11270	OX461141.1	99.395	4956	30	0	380	5335	9143321	9138366	0	8986	GCA_949796655.1_9744_genomic
AT1G11270	OX461141.1	99.233	4956	37	1	380	5335	815235	820189	0	8940	GCA_949796655.1_9744_genomic
AT1G11270	OX461141.1	83.529	1105	154	15	3452	4552	3071937	3073017	0	1007	GCA_949796655.1_9744_genomic
AT1G11270	OX461141.1	99.323	443	3	0	380	822	9138805	9138363	0	802	GCA_949796655.1_9744_genomic
AT1G11270	OX461141.1	99.093	441	4	0	4895	5335	9143322	9142882	0	793	GCA_949796655.1_9744_genomic
AT1G11270	OX461141.1	98.639	441	6	0	4895	5335	815234	815674	0	782	GCA_949796655.1_9744_genomic
AT1G11270	OX461141.1	97.732	441	10	0	380	820	819750	820190	0	760	GCA_949796655.1_9744_genomic
AT1G11270	OX461141.1	84.114	491	65	8	4623	5104	3073032	3073518	4.43e-128	462	GCA_949796655.1_9744_genomic
AT1G11270	OX461141.1	85.596	361	48	4	1879	2237	15279101	15278743	5.94e-102	375	GCA_949796655.1_9744_genomic
AT1G11270	OX461141.1	87.383	214	20	6	380	588	3073307	3073518	8.13e-61	239	GCA_949796655.1_9744_genomic
AT1G11270	OX461181.1	99.294	4956	35	0	380	5335	13946333	13951288	0	8959	GCA_949796665.1_9879_genomic
AT1G11270	OX461181.1	98.951	4955	50	2	381	5335	12685089	12680137	0	8861	GCA_949796665.1_9879_genomic
AT1G11270	OX461181.1	98.81	4956	59	0	380	5335	15782058	15777103	0	8826	GCA_949796665.1_9879_genomic
AT1G11270	OX461181.1	98.965	3863	40	0	380	4242	12333052	12336914	0	6913	GCA_949796665.1_9879_genomic
AT1G11270	OX461181.1	99.461	2225	12	0	3111	5335	15144305	15146529	0	4043	GCA_949796665.1_9879_genomic
AT1G11270	OX461181.1	99.371	2225	14	0	3111	5335	15140900	15143124	0	4032	GCA_949796665.1_9879_genomic
AT1G11270	OX461181.1	99.571	1631	6	1	380	2010	15142685	15144314	0	2972	GCA_949796665.1_9879_genomic
AT1G11270	OX461181.1	99.363	1413	8	1	598	2010	15139498	15140909	0	2558	GCA_949796665.1_9879_genomic
AT1G11270	OX461181.1	98.57	1049	14	1	4287	5335	12336908	12337955	0	1853	GCA_949796665.1_9879_genomic
AT1G11270	OX461181.1	83.348	1105	156	15	3452	4552	2285394	2284314	0	996	GCA_949796665.1_9879_genomic
AT1G11270	OX461181.1	99.773	440	1	0	380	819	13950849	13951288	0	808	GCA_949796665.1_9879_genomic
AT1G11270	OX461181.1	99.545	440	2	0	380	819	15146090	15146529	0	802	GCA_949796665.1_9879_genomic
AT1G11270	OX461181.1	98.636	440	6	0	4896	5335	13946333	13946772	0	780	GCA_949796665.1_9879_genomic
AT1G11270	OX461181.1	98.409	440	6	1	380	819	12680575	12680137	0	773	GCA_949796665.1_9879_genomic
AT1G11270	OX461181.1	97.955	440	9	0	4896	5335	12333052	12333491	0	763	GCA_949796665.1_9879_genomic
AT1G11270	OX461181.1	97.95	439	8	1	4897	5335	12685089	12684652	0	760	GCA_949796665.1_9879_genomic
AT1G11270	OX461181.1	97.727	440	10	0	380	819	15777542	15777103	0	758	GCA_949796665.1_9879_genomic
AT1G11270	OX461181.1	97.5	440	11	0	4896	5335	15782058	15781619	0	752	GCA_949796665.1_9879_genomic
AT1G11270	OX461181.1	97.5	440	10	1	380	819	12337517	12337955	0	750	GCA_949796665.1_9879_genomic
AT1G11270	OX461181.1	84.725	491	62	8	4623	5104	2284299	2283813	4.56e-133	479	GCA_949796665.1_9879_genomic
AT1G11270	OX461181.1	98.649	222	3	0	5114	5335	15139498	15139719	1.7e-107	394	GCA_949796665.1_9879_genomic
AT1G11270	OX461181.1	85.042	361	50	4	1879	2237	19135662	19135304	1.33e-98	364	GCA_949796665.1_9879_genomic
AT1G11270	OX461181.1	88.785	214	17	6	380	588	2284024	2283813	8.37e-66	255	GCA_949796665.1_9879_genomic
AT1G11270	OX461181.1	99.123	114	1	0	404	517	15139387	15139500	8.55e-51	206	GCA_949796665.1_9879_genomic
AT1G11270	OX461181.1	99.123	114	1	0	4920	5033	15139387	15139500	8.55e-51	206	GCA_949796665.1_9879_genomic
AT1G11270	OX461182.1	99.294	4956	31	4	380	5335	3386480	3391431	0	8955	GCA_949796665.1_9879_genomic
AT1G11270	OX461182.1	97.359	4960	99	10	380	5336	13078330	13083260	0	8405	GCA_949796665.1_9879_genomic
AT1G11270	OX461182.1	99.095	442	4	0	4895	5336	20718534	20718975	0	795	GCA_949796665.1_9879_genomic
AT1G11270	OX461182.1	99.091	440	4	0	380	819	20718535	20718974	0	791	GCA_949796665.1_9879_genomic
AT1G11270	OX461182.1	98.864	440	3	2	4896	5335	3386480	3386917	0	784	GCA_949796665.1_9879_genomic
AT1G11270	OX461182.1	98.864	440	3	2	380	819	3390994	3391431	0	784	GCA_949796665.1_9879_genomic
AT1G11270	OX461182.1	98.182	440	8	0	4896	5335	13078330	13078769	0	769	GCA_949796665.1_9879_genomic
AT1G11270	OX461182.1	97.5	440	11	0	380	819	13082820	13083259	0	752	GCA_949796665.1_9879_genomic
AT1G11270	OX461184.1	98.85	4957	57	0	380	5336	7781566	7786522	0	8839	GCA_949796665.1_9879_genomic
AT1G11270	OX461184.1	98.636	440	6	0	4896	5335	21319788	21319349	0	780	GCA_949796665.1_9879_genomic
AT1G11270	OX461184.1	98.636	440	6	0	380	819	21319788	21319349	0	780	GCA_949796665.1_9879_genomic
AT1G11270	OX461184.1	97.273	440	12	0	380	819	7786082	7786521	0	747	GCA_949796665.1_9879_genomic
AT1G11270	OX461184.1	97.045	440	13	0	4896	5335	7781566	7782005	0	741	GCA_949796665.1_9879_genomic
AT1G11270	OX461180.1	98.688	4956	60	1	380	5335	26559826	26564776	0	8787	GCA_949796665.1_9879_genomic
AT1G11270	OX461180.1	99.799	993	0	1	5336	6328	3813841	3814831	0	1821	GCA_949796665.1_9879_genomic
AT1G11270	OX461180.1	97.959	441	9	0	4895	5335	26559825	26560265	0	765	GCA_949796665.1_9879_genomic
AT1G11270	OX461180.1	99.752	403	1	0	6312	6714	3814849	3815251	0	739	GCA_949796665.1_9879_genomic
AT1G11270	OX461180.1	96.833	442	14	0	380	821	26564337	26564778	0	739	GCA_949796665.1_9879_genomic
AT1G11270	OX461180.1	99.213	381	3	0	1	381	3813467	3813847	0	688	GCA_949796665.1_9879_genomic
AT1G11270	OX461180.1	97.647	255	6	0	5081	5335	23779444	23779190	7.74e-121	438	GCA_949796665.1_9879_genomic
AT1G11270	OX461180.1	97.647	255	6	0	565	819	23779444	23779190	7.74e-121	438	GCA_949796665.1_9879_genomic
AT1G11270	OX461180.1	97.647	255	6	0	5081	5335	23781113	23780859	7.74e-121	438	GCA_949796665.1_9879_genomic
AT1G11270	OX461180.1	97.647	255	6	0	565	819	23781113	23780859	7.74e-121	438	GCA_949796665.1_9879_genomic
AT1G11270	OX461180.1	91.144	271	14	4	552	820	20681612	20681874	6.2e-97	359	GCA_949796665.1_9879_genomic
AT1G11270	OX461180.1	91.386	267	14	3	5068	5333	20681612	20681870	2.23e-96	357	GCA_949796665.1_9879_genomic
AT1G11270	OX461180.1	93.122	189	12	1	376	564	20681085	20681272	6.42e-72	276	GCA_949796665.1_9879_genomic
AT1G11270	OX461180.1	93.514	185	11	1	4896	5080	20681089	20681272	2.31e-71	274	GCA_949796665.1_9879_genomic
AT1G11270	OX461188.1	99.617	4960	15	4	380	5335	12178064	12173105	0	9051	GCA_949796705.1_9503_genomic
AT1G11270	OX461188.1	99.455	4957	25	2	380	5335	16027954	16022999	0	9003	GCA_949796705.1_9503_genomic
AT1G11270	OX461188.1	99.775	445	1	0	380	824	16023438	16022994	0	817	GCA_949796705.1_9503_genomic
AT1G11270	OX461188.1	99.55	444	0	2	380	821	12173546	12173103	0	808	GCA_949796705.1_9503_genomic
AT1G11270	OX461188.1	99.773	441	0	1	4895	5335	16027955	16027516	0	808	GCA_949796705.1_9503_genomic
AT1G11270	OX461188.1	99.548	442	0	2	4896	5335	12178064	12177623	0	804	GCA_949796705.1_9503_genomic
AT1G11270	OX461187.1	99.576	4957	21	0	380	5336	3975351	3980307	0	9038	GCA_949796705.1_9503_genomic
AT1G11270	OX461187.1	97.271	4544	84	9	485	5023	13640936	13645444	0	7668	GCA_949796705.1_9503_genomic
AT1G11270	OX461187.1	99.318	440	3	0	4896	5335	3975351	3975790	0	797	GCA_949796705.1_9503_genomic
AT1G11270	OX461187.1	99.318	440	3	0	380	819	3979867	3980306	0	797	GCA_949796705.1_9503_genomic
AT1G11270	OX461187.1	95.522	335	6	2	5001	5335	13640936	13641261	1.55e-147	527	GCA_949796705.1_9503_genomic
AT1G11270	OX461187.1	94.044	319	13	4	5024	5336	13645396	13645714	4.41e-133	479	GCA_949796705.1_9503_genomic
AT1G11270	OX461187.1	94.025	318	13	4	508	819	13645396	13645713	1.58e-132	477	GCA_949796705.1_9503_genomic
AT1G11270	OX461187.1	96.124	129	4	1	380	507	13645316	13645444	6.38e-52	209	GCA_949796705.1_9503_genomic
AT1G11270	OX461187.1	100	29	0	0	380	408	13640911	13640939	3.16e-05	54.7	GCA_949796705.1_9503_genomic
AT1G11270	OX461187.1	100	29	0	0	4896	4924	13640911	13640939	3.16e-05	54.7	GCA_949796705.1_9503_genomic
AT1G11270	OX461185.1	99.395	4961	28	2	379	5337	3937206	3942166	0	8994	GCA_949796705.1_9503_genomic
AT1G11270	OX461185.1	98.56	1389	9	2	5336	6714	3779776	3781163	0	2444	GCA_949796705.1_9503_genomic
AT1G11270	OX461185.1	99.546	441	1	1	4896	5335	3937207	3937647	0	802	GCA_949796705.1_9503_genomic
AT1G11270	OX461185.1	99.546	441	1	1	380	819	3941724	3942164	0	802	GCA_949796705.1_9503_genomic
AT1G11270	OX461185.1	97.959	441	9	0	380	820	19420736	19421176	0	765	GCA_949796705.1_9503_genomic
AT1G11270	OX461185.1	97.955	440	9	0	4896	5335	19420736	19421175	0	763	GCA_949796705.1_9503_genomic
AT1G11270	OX461185.1	99.213	381	3	0	1	381	3779402	3779782	0	688	GCA_949796705.1_9503_genomic
AT1G11270	OX461185.1	91.144	271	14	4	552	820	18966990	18967252	5.99e-97	359	GCA_949796705.1_9503_genomic
AT1G11270	OX461185.1	91.386	267	14	3	5068	5333	18966990	18967248	2.15e-96	357	GCA_949796705.1_9503_genomic
AT1G11270	OX461185.1	92.593	189	13	1	376	564	18966463	18966650	2.89e-70	270	GCA_949796705.1_9503_genomic
AT1G11270	OX461185.1	92.973	185	12	1	4896	5080	18966467	18966650	1.04e-69	268	GCA_949796705.1_9503_genomic
AT1G11270	OX461186.1	83.077	1105	159	15	3452	4552	2895749	2896829	0	979	GCA_949796705.1_9503_genomic
AT1G11270	OX461186.1	85.873	361	47	4	1879	2237	16799639	16799281	1.28e-103	381	GCA_949796705.1_9503_genomic
AT1G11270	OX461192.1	99.577	4959	20	1	380	5337	20739979	20735021	0	9040	GCA_949796715.1_9830_genomic
AT1G11270	OX461192.1	98.633	4975	29	7	376	5345	9374468	9379408	0	8774	GCA_949796715.1_9830_genomic
AT1G11270	OX461192.1	100	440	0	0	380	819	20735462	20735023	0	813	GCA_949796715.1_9830_genomic
AT1G11270	OX461192.1	99.773	441	1	0	4895	5335	20739980	20739540	0	809	GCA_949796715.1_9830_genomic
AT1G11270	OX461192.1	99.546	441	1	1	380	819	9378959	9379399	0	802	GCA_949796715.1_9830_genomic
AT1G11270	OX461192.1	99.318	440	3	0	4896	5335	9374473	9374912	0	797	GCA_949796715.1_9830_genomic
AT1G11270	OX461194.1	99.556	4956	22	0	380	5335	19322660	19327615	0	9031	GCA_949796715.1_9830_genomic
AT1G11270	OX461194.1	99.556	4956	22	0	380	5335	22563340	22568295	0	9031	GCA_949796715.1_9830_genomic
AT1G11270	OX461194.1	99.321	442	3	0	4894	5335	22563338	22563779	0	800	GCA_949796715.1_9830_genomic
AT1G11270	OX461194.1	99.32	441	3	0	380	820	19327176	19327616	0	798	GCA_949796715.1_9830_genomic
AT1G11270	OX461194.1	99.32	441	3	0	380	820	22567856	22568296	0	798	GCA_949796715.1_9830_genomic
AT1G11270	OX461194.1	99.318	440	3	0	4896	5335	19322660	19323099	0	797	GCA_949796715.1_9830_genomic
AT1G11270	OX461193.1	99.236	4973	33	5	372	5341	11573029	11568059	0	8968	GCA_949796715.1_9830_genomic
AT1G11270	OX461193.1	99.314	4954	31	3	382	5335	8633628	8628678	0	8957	GCA_949796715.1_9830_genomic
AT1G11270	OX461193.1	99.095	442	3	1	4895	5335	11573024	11572583	0	793	GCA_949796715.1_9830_genomic
AT1G11270	OX461193.1	99.315	438	2	1	382	819	8629114	8628678	0	791	GCA_949796715.1_9830_genomic
AT1G11270	OX461193.1	98.866	441	4	1	380	819	11568506	11568066	0	785	GCA_949796715.1_9830_genomic
AT1G11270	OX461193.1	98.858	438	2	3	4898	5335	8633628	8633194	0	778	GCA_949796715.1_9830_genomic
AT1G11270	OX461191.1	99.031	4956	48	0	380	5335	9445641	9450596	0	8887	GCA_949796715.1_9830_genomic
AT1G11270	OX461191.1	83.167	1105	158	15	3452	4552	2971516	2972596	0	985	GCA_949796715.1_9830_genomic
AT1G11270	OX461191.1	97.727	440	10	0	4896	5335	9445641	9446080	0	758	GCA_949796715.1_9830_genomic
AT1G11270	OX461191.1	97.727	440	10	0	380	819	9450157	9450596	0	758	GCA_949796715.1_9830_genomic
AT1G11270	OX461191.1	85.873	361	47	4	1879	2237	16225907	16225549	1.25e-103	381	GCA_949796715.1_9830_genomic
AT1G11270	OX461190.1	98.413	4979	57	2	380	5336	5877393	5882371	0	8737	GCA_949796715.1_9830_genomic
AT1G11270	OX461190.1	99.118	2835	25	0	2501	5335	7722341	7725175	0	5097	GCA_949796715.1_9830_genomic
AT1G11270	OX461190.1	98.823	2124	25	0	380	2503	7719983	7722106	0	3784	GCA_949796715.1_9830_genomic
AT1G11270	OX461190.1	98.734	948	11	1	5336	6283	3788710	3789656	0	1683	GCA_949796715.1_9830_genomic
AT1G11270	OX461190.1	98.438	448	6	1	4888	5335	7717326	7717772	0	787	GCA_949796715.1_9830_genomic
AT1G11270	OX461190.1	98.864	440	5	0	380	819	7724736	7725175	0	785	GCA_949796715.1_9830_genomic
AT1G11270	OX461190.1	98.864	440	4	1	380	819	7717334	7717772	0	784	GCA_949796715.1_9830_genomic
AT1G11270	OX461190.1	97.506	441	11	0	4895	5335	7719982	7720422	0	754	GCA_949796715.1_9830_genomic
AT1G11270	OX461190.1	95.787	451	8	1	380	819	5881920	5882370	0	717	GCA_949796715.1_9830_genomic
AT1G11270	OX461190.1	95.565	451	9	1	4896	5335	5877393	5877843	0	712	GCA_949796715.1_9830_genomic
AT1G11270	OX461190.1	99.213	381	3	0	1	381	3788336	3788716	0	688	GCA_949796715.1_9830_genomic
AT1G11270	OX461190.1	90.037	271	17	4	552	820	19782148	19782410	5.89e-92	342	GCA_949796715.1_9830_genomic
AT1G11270	OX461190.1	90.262	267	17	3	5068	5333	19782148	19782406	2.12e-91	340	GCA_949796715.1_9830_genomic
AT1G11270	OX461190.1	92.593	189	13	1	376	564	19781621	19781808	2.82e-70	270	GCA_949796715.1_9830_genomic
AT1G11270	OX461190.1	92.973	185	12	1	4896	5080	19781625	19781808	1.01e-69	268	GCA_949796715.1_9830_genomic
AT1G11270	OX461190.1	87.568	185	14	5	6360	6544	3789840	3790015	8.06e-51	206	GCA_949796715.1_9830_genomic
AT1G11270	OX461177.1	99.475	4957	26	0	379	5335	26529424	26534380	0	9010	GCA_949796755.1_9847_genomic
AT1G11270	OX461177.1	99.475	4957	24	1	379	5335	26037737	26042691	0	9009	GCA_949796755.1_9847_genomic
AT1G11270	OX461177.1	99.268	3964	19	2	386	4339	7435750	7439713	0	7151	GCA_949796755.1_9847_genomic
AT1G11270	OX461177.1	92.184	1369	94	8	3159	4526	18837347	18835991	0	1923	GCA_949796755.1_9847_genomic
AT1G11270	OX461177.1	99.18	976	7	1	4361	5335	7439705	7440680	0	1757	GCA_949796755.1_9847_genomic
AT1G11270	OX461177.1	93.604	813	51	1	4523	5335	18835828	18835017	0	1212	GCA_949796755.1_9847_genomic
AT1G11270	OX461177.1	94.218	761	32	7	380	1139	18835455	18834706	0	1151	GCA_949796755.1_9847_genomic
AT1G11270	OX461177.1	99.773	441	1	0	380	820	26042252	26042692	0	809	GCA_949796755.1_9847_genomic
AT1G11270	OX461177.1	99.548	442	1	1	380	820	7440240	7440681	0	804	GCA_949796755.1_9847_genomic
AT1G11270	OX461177.1	99.545	440	2	0	4896	5335	26037738	26038177	0	802	GCA_949796755.1_9847_genomic
AT1G11270	OX461177.1	99.545	440	2	0	4896	5335	26529425	26529864	0	802	GCA_949796755.1_9847_genomic
AT1G11270	OX461177.1	99.545	440	2	0	380	819	26533941	26534380	0	802	GCA_949796755.1_9847_genomic
AT1G11270	OX461177.1	97.743	443	1	1	4902	5335	7435750	7436192	0	754	GCA_949796755.1_9847_genomic
AT1G11270	OX461179.1	99.315	4961	33	1	380	5339	618537	613577	0	8972	GCA_949796755.1_9847_genomic
AT1G11270	OX461179.1	99.32	441	2	1	380	819	614021	613581	0	797	GCA_949796755.1_9847_genomic
AT1G11270	OX461179.1	98.864	440	5	0	4896	5335	618537	618098	0	785	GCA_949796755.1_9847_genomic
AT1G11270	OX461175.1	97.257	802	0	1	5935	6714	3772678	3773479	0	1339	GCA_949796755.1_9847_genomic
AT1G11270	OX461175.1	98.353	607	9	1	5336	5942	3767352	3767957	0	1064	GCA_949796755.1_9847_genomic
AT1G11270	OX461175.1	99.213	381	3	0	1	381	3766978	3767358	0	688	GCA_949796755.1_9847_genomic
AT1G11270	OX461175.1	90.775	271	15	4	552	820	18525836	18526098	2.76e-95	353	GCA_949796755.1_9847_genomic
AT1G11270	OX461175.1	91.011	267	15	3	5068	5333	18525836	18526094	9.93e-95	351	GCA_949796755.1_9847_genomic
AT1G11270	OX461175.1	93.122	189	12	1	376	564	18525309	18525496	6.15e-72	276	GCA_949796755.1_9847_genomic
AT1G11270	OX461175.1	93.514	185	11	1	4896	5080	18525313	18525496	2.21e-71	274	GCA_949796755.1_9847_genomic
AT1G11270	OX461176.1	83.258	1105	157	15	3452	4552	2845191	2846271	0	990	GCA_949796755.1_9847_genomic
AT1G11270	OX461176.1	85.873	361	47	4	1879	2237	17315355	17314997	1.27e-103	381	GCA_949796755.1_9847_genomic
