"","assembly","gene","scaffold","start","end","length","max_length","copy"
"1","GCA_020911765.2_ASM2091176v2_genomic","AT2G27810","CP087127.2",15014195,15018452,4257,5322.5,1
"2","GCA_020911765.2_ASM2091176v2_genomic","AT5G40530","CP087130.2",19395999,19397849,1850,2313.75,1
"3","GCA_020911765.2_ASM2091176v2_genomic","AT3G26115","CP087128.1",9548729,9550958,2229,2787.5,1
"4","GCA_020911765.2_ASM2091176v2_genomic","AT1G26750","CP087126.2",9268309,9269726,1417,1772.5,1
"5","GCA_020911765.2_ASM2091176v2_genomic","AT4G17540","CP087129.2",13286699,13288693,1994,2493.75,1
"6","GCA_020911765.2_ASM2091176v2_genomic","AT4G23950","CP087129.2",15958158,15960658,2500,3126.25,1
"7","GCA_020911765.2_ASM2091176v2_genomic","AT2G38360","CP087127.2",19233876,19235154,1278,1598.75,1
"8","GCA_020911765.2_ASM2091176v2_genomic","AT3G11090","CP087128.1",3480473,3481399,926,1158.75,1
"9","GCA_020911765.2_ASM2091176v2_genomic","AT5G24890","CP087130.2",8569150,8570901,1751,2190,1
"10","GCA_020911765.2_ASM2091176v2_genomic","AT5G27970","CP087130.2",10015835,10027170,11335,14170,1
"11","GCA_020911765.2_ASM2091176v2_genomic","AT1G49590","CP087126.2",20558409,20560398,1989,2487.5,1
"12","GCA_020911765.2_ASM2091176v2_genomic","AT5G46910","CP087130.2",22213096,22218136,5040,6301.25,1
"13","GCA_020911765.2_ASM2091176v2_genomic","AT1G77300","CP087126.2",31240655,31250187,9532,11916.25,1
"14","GCA_020911765.2_ASM2091176v2_genomic","AT2G15560","CP087127.2",9944618,9946967,2349,2937.5,1
"15","GCA_020911765.2_ASM2091176v2_genomic","AT3G27310","CP087128.1",10093578,10095732,2154,2693.75,1
"16","GCA_020911765.2_ASM2091176v2_genomic","AT5G42950","CP087130.2",20390983,20398097,7114,8893.75,1
"17","GCA_020911765.2_ASM2091176v2_genomic","AT5G47380","CP087130.2",22388032,22391410,3378,4223.75,1
"18","GCA_020911765.2_ASM2091176v2_genomic","AT3G06035","CP087128.1",1825898,1827303,1405,1757.5,1
"19","GCA_020911765.2_ASM2091176v2_genomic","AT2G38310","CP087127.2",19214408,19215846,1438,1798.75,1
"20","GCA_020911765.2_ASM2091176v2_genomic","AT2G21100","CP087127.2",12209965,12211239,1274,1592.5,1
"21","GCA_020911765.2_ASM2091176v2_genomic","AT1G27460","CP087126.2",9556122,9559248,3126,3908.75,1
"22","GCA_020911765.2_ASM2091176v2_genomic","AT2G45320","CP087127.2",21851762,21853843,2081,2602.5,1
"23","GCA_020911765.2_ASM2091176v2_genomic","AT1G30480","CP087126.2",10811672,10814375,2703,3380,1
"24","GCA_020911765.2_ASM2091176v2_genomic","AT3G13840","CP087128.1",4560880,4562628,1748,2186.25,1
"25","GCA_020911765.2_ASM2091176v2_genomic","AT5G38520","CP087130.2",18528534,18530676,2142,2678.75,1
"26","GCA_020911765.2_ASM2091176v2_genomic","AT2G22260","CP087127.2",12622751,12625394,2643,3305,1
"27","GCA_020911765.2_ASM2091176v2_genomic","AT1G49470","CP087126.2",20514093,20515379,1286,1608.75,1
"28","GCA_020911765.2_ASM2091176v2_genomic","AT1G70560","CP087126.2",28805440,28808237,2797,3497.5,1
"29","GCA_020911765.2_ASM2091176v2_genomic","AT3G10985","CP087128.1",3447788,3449231,1443,1805,1
"30","GCA_020911765.2_ASM2091176v2_genomic","AT4G36390","CP087129.2",20710714,20713388,2674,3343.75,1
"31","GCA_020911765.2_ASM2091176v2_genomic","AT4G34270","CP087129.2",19919976,19922435,2459,3075,1
"32","GCA_020911765.2_ASM2091176v2_genomic","AT5G50000","CP087130.2",23509261,23512058,2797,3497.5,1
"33","GCA_020911765.2_ASM2091176v2_genomic","AT1G30580","CP087126.2",10853323,10857285,3962,4953.75,1
"34","GCA_020911765.2_ASM2091176v2_genomic","AT1G20070","CP087126.2",6961643,6962799,1156,1446.25,1
"35","GCA_020911765.2_ASM2091176v2_genomic","AT3G25440","CP087128.1",9230416,9232234,1818,2273.75,1
"36","GCA_020911765.2_ASM2091176v2_genomic","AT5G43680","CP087130.2",20710709,20712565,1856,2321.25,1
"37","GCA_020911765.2_ASM2091176v2_genomic","AT1G67320","CP087126.2",27405864,27409686,3822,4778.75,1
"38","GCA_020911765.2_ASM2091176v2_genomic","AT2G44950","CP087127.2",21709822,21716299,6477,8097.5,1
"39","GCA_020911765.2_ASM2091176v2_genomic","AT5G24520","CP087130.2",8381731,8384261,2530,3163.75,1
"40","GCA_020911765.2_ASM2091176v2_genomic","AT5G56890","CP087130.2",26185738,26191330,5592,6991.25,1
"41","GCA_020911765.2_ASM2091176v2_genomic","AT1G24460","CP087126.2",8670445,8677223,6778,8472.5,1
"42","GCA_020911765.2_ASM2091176v2_genomic","AT2G28800","CP087127.2",15518436,15521683,3247,4060,1
"43","GCA_020911765.2_ASM2091176v2_genomic","AT5G13940","CP087130.2",4503305,4508795,5490,6863.75,1
"44","GCA_020911765.2_ASM2091176v2_genomic","AT1G19220","CP087126.2",6631352,6636802,5450,6813.75,1
"45","GCA_020911765.2_ASM2091176v2_genomic","AT5G01220","CP087130.2",89786,93360,3574,4468.75,1
"46","GCA_020911765.2_ASM2091176v2_genomic","AT1G02460","CP087126.2",508060,510865,2805,3507.5,1
"47","GCA_020911765.2_ASM2091176v2_genomic","AT1G04110","CP087126.2",1064915,1067427,2512,3141.25,1
"48","GCA_020911765.2_ASM2091176v2_genomic","AT4G01880","CP087129.2",993082,995355,2273,2842.5,1
"49","GCA_020911765.2_ASM2091176v2_genomic","AT2G24430","CP087127.2",13545333,13548461,3128,3911.25,1
"50","GCA_020911765.2_ASM2091176v2_genomic","AT5G47870","CP087130.2",22551127,22552628,1501,1877.5,1
"110","GCA_024498495.1_ASM2449849v1_genomic","AT2G27810","CP086745.1",11775716,11779986,4270,5322.5,1
"210","GCA_024498495.1_ASM2449849v1_genomic","AT5G40530","CP086748.1",17494155,17496022,1867,2313.75,1
"310","GCA_024498495.1_ASM2449849v1_genomic","AT3G26115","CP086746.1",9621283,9623512,2229,2787.5,1
"410","GCA_024498495.1_ASM2449849v1_genomic","AT1G26750","CP086744.1",9129809,9131226,1417,1772.5,1
"52","GCA_024498495.1_ASM2449849v1_genomic","AT4G17540","CP086747.1",11022116,11024123,2007,2493.75,1
"61","GCA_024498495.1_ASM2449849v1_genomic","AT4G23950","CP086747.1",13617653,13620153,2500,3126.25,1
"71","GCA_024498495.1_ASM2449849v1_genomic","AT2G38360","CP086745.1",15988503,15989781,1278,1598.75,1
"81","GCA_024498495.1_ASM2449849v1_genomic","AT3G11090","CP086746.1",3580618,3581544,926,1158.75,1
"91","GCA_024498495.1_ASM2449849v1_genomic","AT5G24890","CP086748.1",8567220,8568971,1751,2190,1
"101","GCA_024498495.1_ASM2449849v1_genomic","AT5G27970","CP086748.1",9986814,9998150,11336,14170,1
"111","GCA_024498495.1_ASM2449849v1_genomic","AT1G49590","CP086744.1",18819952,18821953,2001,2487.5,1
"121","GCA_024498495.1_ASM2449849v1_genomic","AT5G46910","CP086748.1",20233668,20238707,5039,6301.25,1
"131","GCA_024498495.1_ASM2449849v1_genomic","AT1G77300","CP086744.1",29739113,29748634,9521,11916.25,1
"141","GCA_024498495.1_ASM2449849v1_genomic","AT2G15560","CP086745.1",6688671,6690992,2321,2937.5,1
"151","GCA_024498495.1_ASM2449849v1_genomic","AT3G27310","CP086746.1",10155082,10157236,2154,2693.75,1
"161","GCA_024498495.1_ASM2449849v1_genomic","AT5G42950","CP086748.1",18491586,18498700,7114,8893.75,1
"171","GCA_024498495.1_ASM2449849v1_genomic","AT5G47380","CP086748.1",20406775,20410153,3378,4223.75,1
"181","GCA_024498495.1_ASM2449849v1_genomic","AT3G06035","CP086746.1",1865398,1866803,1405,1757.5,1
"191","GCA_024498495.1_ASM2449849v1_genomic","AT2G38310","CP086745.1",15969032,15970470,1438,1798.75,1
"201","GCA_024498495.1_ASM2449849v1_genomic","AT1G27460","CP086744.1",9411997,9415122,3125,3908.75,1
"211","GCA_024498495.1_ASM2449849v1_genomic","AT2G45320","CP086745.1",18587654,18589734,2080,2602.5,1
"221","GCA_024498495.1_ASM2449849v1_genomic","AT1G30480","CP086744.1",10753145,10755841,2696,3380,1
"231","GCA_024498495.1_ASM2449849v1_genomic","AT3G13840","CP086746.1",4640278,4642026,1748,2186.25,1
"241","GCA_024498495.1_ASM2449849v1_genomic","AT5G38520","CP086748.1",16649822,16651964,2142,2678.75,1
"251","GCA_024498495.1_ASM2449849v1_genomic","AT2G22260","CP086745.1",9374079,9376722,2643,3305,1
"261","GCA_024498495.1_ASM2449849v1_genomic","AT1G49470","CP086744.1",18775373,18776659,1286,1608.75,1
"271","GCA_024498495.1_ASM2449849v1_genomic","AT1G70560","CP086744.1",27290248,27293049,2801,3497.5,1
"281","GCA_024498495.1_ASM2449849v1_genomic","AT3G10985","CP086746.1",3548090,3549530,1440,1805,1
"291","GCA_024498495.1_ASM2449849v1_genomic","AT4G36390","CP086747.1",18588093,18590767,2674,3343.75,1
"301","GCA_024498495.1_ASM2449849v1_genomic","AT4G34270","CP086747.1",17789104,17791549,2445,3075,1
"311","GCA_024498495.1_ASM2449849v1_genomic","AT5G50000","CP086748.1",21510358,21513155,2797,3497.5,1
"321","GCA_024498495.1_ASM2449849v1_genomic","AT1G30580","CP086744.1",10795576,10799536,3960,4953.75,1
"331","GCA_024498495.1_ASM2449849v1_genomic","AT1G20070","CP086744.1",6951567,6952723,1156,1446.25,1
"341","GCA_024498495.1_ASM2449849v1_genomic","AT3G25440","CP086746.1",9312947,9314765,1818,2273.75,1
"351","GCA_024498495.1_ASM2449849v1_genomic","AT5G43680","CP086748.1",18806530,18808179,1649,2321.25,1
"361","GCA_024498495.1_ASM2449849v1_genomic","AT1G67320","CP086744.1",25776177,25779999,3822,4778.75,1
"371","GCA_024498495.1_ASM2449849v1_genomic","AT2G44950","CP086745.1",18449821,18456298,6477,8097.5,1
"381","GCA_024498495.1_ASM2449849v1_genomic","AT5G24520","CP086748.1",8372456,8374986,2530,3163.75,1
"391","GCA_024498495.1_ASM2449849v1_genomic","AT5G56890","CP086748.1",24157004,24162587,5583,6991.25,1
"401","GCA_024498495.1_ASM2449849v1_genomic","AT1G24460","CP086744.1",8630001,8636776,6775,8472.5,1
"411","GCA_024498495.1_ASM2449849v1_genomic","AT2G28800","CP086745.1",12280581,12283815,3234,4060,1
"421","GCA_024498495.1_ASM2449849v1_genomic","AT5G13940","CP086748.1",4479662,4485159,5497,6863.75,1
"451","GCA_024498495.1_ASM2449849v1_genomic","AT1G19220","CP086744.1",6608862,6614300,5438,6813.75,1
"461","GCA_024498495.1_ASM2449849v1_genomic","AT5G01220","CP086748.1",83302,86876,3574,4468.75,1
"471","GCA_024498495.1_ASM2449849v1_genomic","AT1G02460","CP086744.1",504997,507786,2789,3507.5,1
"481","GCA_024498495.1_ASM2449849v1_genomic","AT1G04110","CP086744.1",1070487,1072999,2512,3141.25,1
"491","GCA_024498495.1_ASM2449849v1_genomic","AT4G01880","CP086747.1",830636,832902,2266,2842.5,1
"501","GCA_024498495.1_ASM2449849v1_genomic","AT2G24430","CP086745.1",10301028,10304152,3124,3911.25,1
"51","GCA_024498495.1_ASM2449849v1_genomic","AT5G47870","CP086748.1",20562670,20564170,1500,1877.5,1
"112","GCA_025388435.1_AtA1-141.20181003_genomic","AT2G27810","CM046289.1",11649036,11653303,4267,5322.5,1
"212","GCA_025388435.1_AtA1-141.20181003_genomic","AT5G40530","CM046292.1",15877777,15879644,1867,2313.75,1
"312","GCA_025388435.1_AtA1-141.20181003_genomic","AT3G26115","CM046290.1",9557274,9559503,2229,2787.5,1
"412","GCA_025388435.1_AtA1-141.20181003_genomic","AT1G26750","CM046288.1",9087101,9088516,1415,1772.5,1
"53","GCA_025388435.1_AtA1-141.20181003_genomic","AT4G17540","CM046291.1",10029555,10031549,1994,2493.75,1
"62","GCA_025388435.1_AtA1-141.20181003_genomic","AT4G23950","CM046291.1",12584118,12586618,2500,3126.25,1
"72","GCA_025388435.1_AtA1-141.20181003_genomic","AT2G38360","CM046289.1",15901291,15902569,1278,1598.75,1
"82","GCA_025388435.1_AtA1-141.20181003_genomic","AT3G11090","CM046290.1",3511208,3512134,926,1158.75,1
"92","GCA_025388435.1_AtA1-141.20181003_genomic","AT5G24890","CM046292.1",8553295,8555045,1750,2190,1
"102","GCA_025388435.1_AtA1-141.20181003_genomic","AT5G27970","CM046292.1",10000483,10011816,11333,14170,1
"113","GCA_025388435.1_AtA1-141.20181003_genomic","AT1G49590","CM046288.1",17663623,17665612,1989,2487.5,1
"122","GCA_025388435.1_AtA1-141.20181003_genomic","AT5G46910","CM046292.1",18661480,18666513,5033,6301.25,1
"132","GCA_025388435.1_AtA1-141.20181003_genomic","AT1G77300","CM046288.1",28249171,28258688,9517,11916.25,1
"142","GCA_025388435.1_AtA1-141.20181003_genomic","AT2G15560","CM046289.1",6545370,6547690,2320,2937.5,1
"152","GCA_025388435.1_AtA1-141.20181003_genomic","AT3G27310","CM046290.1",10111150,10113303,2153,2693.75,1
"162","GCA_025388435.1_AtA1-141.20181003_genomic","AT5G42950","CM046292.1",16885087,16892206,7119,8893.75,1
"172","GCA_025388435.1_AtA1-141.20181003_genomic","AT5G47380","CM046292.1",18840029,18843407,3378,4223.75,1
"182","GCA_025388435.1_AtA1-141.20181003_genomic","AT3G06035","CM046290.1",1856941,1858347,1406,1757.5,1
"192","GCA_025388435.1_AtA1-141.20181003_genomic","AT2G38310","CM046289.1",15881823,15883261,1438,1798.75,1
"202","GCA_025388435.1_AtA1-141.20181003_genomic","AT1G27460","CM046288.1",9387504,9390630,3126,3908.75,1
"213","GCA_025388435.1_AtA1-141.20181003_genomic","AT2G45320","CM046289.1",18504026,18506107,2081,2602.5,1
"222","GCA_025388435.1_AtA1-141.20181003_genomic","AT1G30480","CM046288.1",10641032,10643700,2668,3380,1
"232","GCA_025388435.1_AtA1-141.20181003_genomic","AT3G13840","CM046290.1",4578724,4580472,1748,2186.25,1
"242","GCA_025388435.1_AtA1-141.20181003_genomic","AT5G38520","CM046292.1",15079253,15081378,2125,2678.75,1
"252","GCA_025388435.1_AtA1-141.20181003_genomic","AT2G22260","CM046289.1",9289210,9291853,2643,3305,1
"262","GCA_025388435.1_AtA1-141.20181003_genomic","AT1G70560","CM046288.1",25792948,25795746,2798,3497.5,1
"272","GCA_025388435.1_AtA1-141.20181003_genomic","AT3G10985","CM046290.1",3478617,3480052,1435,1805,1
"282","GCA_025388435.1_AtA1-141.20181003_genomic","AT4G36390","CM046291.1",17341704,17344378,2674,3343.75,1
"292","GCA_025388435.1_AtA1-141.20181003_genomic","AT4G34270","CM046291.1",16522329,16524767,2438,3075,1
"302","GCA_025388435.1_AtA1-141.20181003_genomic","AT5G50000","CM046292.1",19973724,19976521,2797,3497.5,1
"313","GCA_025388435.1_AtA1-141.20181003_genomic","AT1G30580","CM046288.1",10681780,10685739,3959,4953.75,1
"322","GCA_025388435.1_AtA1-141.20181003_genomic","AT1G20070","CM046288.1",6911821,6912977,1156,1446.25,1
"332","GCA_025388435.1_AtA1-141.20181003_genomic","AT3G25440","CM046290.1",9239969,9241787,1818,2273.75,1
"342","GCA_025388435.1_AtA1-141.20181003_genomic","AT5G43680","CM046292.1",17192286,17194127,1841,2321.25,1
"352","GCA_025388435.1_AtA1-141.20181003_genomic","AT1G67320","CM046288.1",24393452,24397274,3822,4778.75,1
"362","GCA_025388435.1_AtA1-141.20181003_genomic","AT2G44950","CM046289.1",18365050,18371527,6477,8097.5,1
"372","GCA_025388435.1_AtA1-141.20181003_genomic","AT5G24520","CM046292.1",8366280,8368810,2530,3163.75,1
"382","GCA_025388435.1_AtA1-141.20181003_genomic","AT5G56890","CM046292.1",22604274,22609864,5590,6991.25,1
"392","GCA_025388435.1_AtA1-141.20181003_genomic","AT1G24460","CM046288.1",8571248,8578023,6775,8472.5,1
"402","GCA_025388435.1_AtA1-141.20181003_genomic","AT2G28800","CM046289.1",12157648,12160894,3246,4060,1
"413","GCA_025388435.1_AtA1-141.20181003_genomic","AT5G13940","CM046292.1",4486718,4492229,5511,6863.75,1
"431","GCA_025388435.1_AtA1-141.20181003_genomic","AT1G19220","CM046288.1",6581969,6587401,5432,6813.75,1
"441","GCA_025388435.1_AtA1-141.20181003_genomic","AT5G01220","CM046292.1",77739,81312,3573,4468.75,1
"452","GCA_025388435.1_AtA1-141.20181003_genomic","AT1G02460","CM046288.1",492231,495043,2812,3507.5,1
"462","GCA_025388435.1_AtA1-141.20181003_genomic","AT1G04110","CM046288.1",1050726,1053238,2512,3141.25,1
"472","GCA_025388435.1_AtA1-141.20181003_genomic","AT4G01880","CM046291.1",833949,836221,2272,2842.5,1
"482","GCA_025388435.1_AtA1-141.20181003_genomic","AT2G24430","CM046289.1",10209126,10212238,3112,3911.25,1
"492","GCA_025388435.1_AtA1-141.20181003_genomic","AT5G47870","CM046292.1",19003146,19004648,1502,1877.5,1
"114","GCA_036926925.1_ASM3692692v1_genomic","AT2G27810","CM072658.1",14369461,14373718,4257,5322.5,1
"214","GCA_036926925.1_ASM3692692v1_genomic","AT5G40530","CM072661.1",20359033,20360900,1867,2313.75,1
"314","GCA_036926925.1_ASM3692692v1_genomic","AT3G26115","CM072659.1",9530147,9532376,2229,2787.5,1
"414","GCA_036926925.1_ASM3692692v1_genomic","AT1G26750","CM072657.1",9186496,9187913,1417,1772.5,1
"54","GCA_036926925.1_ASM3692692v1_genomic","AT4G17540","CM072660.1",11749860,11751854,1994,2493.75,1
"63","GCA_036926925.1_ASM3692692v1_genomic","AT4G23950","CM072660.1",14418243,14420743,2500,3126.25,1
"73","GCA_036926925.1_ASM3692692v1_genomic","AT2G38360","CM072658.1",18570259,18571538,1279,1598.75,1
"83","GCA_036926925.1_ASM3692692v1_genomic","AT3G11090","CM072659.1",3477862,3478788,926,1158.75,1
"93","GCA_036926925.1_ASM3692692v1_genomic","AT5G24890","CM072661.1",8632629,8634377,1748,2190,1
"103","GCA_036926925.1_ASM3692692v1_genomic","AT5G27970","CM072661.1",10068796,10080133,11337,14170,1
"115","GCA_036926925.1_ASM3692692v1_genomic","AT1G49590","CM072657.1",20234243,20236232,1989,2487.5,1
"123","GCA_036926925.1_ASM3692692v1_genomic","AT5G46910","CM072661.1",23175828,23180868,5040,6301.25,1
"133","GCA_036926925.1_ASM3692692v1_genomic","AT1G77300","CM072657.1",30945607,30955068,9461,11916.25,1
"143","GCA_036926925.1_ASM3692692v1_genomic","AT2G15560","CM072658.1",9294021,9296342,2321,2937.5,1
"153","GCA_036926925.1_ASM3692692v1_genomic","AT3G27310","CM072659.1",10084716,10086870,2154,2693.75,1
"163","GCA_036926925.1_ASM3692692v1_genomic","AT5G42950","CM072661.1",21360080,21367186,7106,8893.75,1
"173","GCA_036926925.1_ASM3692692v1_genomic","AT5G47380","CM072661.1",23349067,23352445,3378,4223.75,1
"183","GCA_036926925.1_ASM3692692v1_genomic","AT3G06035","CM072659.1",1828518,1829920,1402,1757.5,1
"193","GCA_036926925.1_ASM3692692v1_genomic","AT2G38310","CM072658.1",18550799,18552234,1435,1798.75,1
"203","GCA_036926925.1_ASM3692692v1_genomic","AT2G21100","CM072658.1",11538130,11539404,1274,1592.5,1
"215","GCA_036926925.1_ASM3692692v1_genomic","AT1G27460","CM072657.1",9465547,9468672,3125,3908.75,1
"223","GCA_036926925.1_ASM3692692v1_genomic","AT2G45320","CM072658.1",21181506,21183585,2079,2602.5,1
"233","GCA_036926925.1_ASM3692692v1_genomic","AT1G30480","CM072657.1",10749736,10752424,2688,3380,1
"243","GCA_036926925.1_ASM3692692v1_genomic","AT3G13840","CM072659.1",4544887,4546635,1748,2186.25,1
"253","GCA_036926925.1_ASM3692692v1_genomic","AT5G38520","CM072661.1",19536437,19538579,2142,2678.75,1
"263","GCA_036926925.1_ASM3692692v1_genomic","AT2G22260","CM072658.1",11974415,11977058,2643,3305,1
"273","GCA_036926925.1_ASM3692692v1_genomic","AT1G49470","CM072657.1",20189955,20191241,1286,1608.75,1
"283","GCA_036926925.1_ASM3692692v1_genomic","AT1G70560","CM072657.1",28469810,28472607,2797,3497.5,1
"293","GCA_036926925.1_ASM3692692v1_genomic","AT3G10985","CM072659.1",3444731,3446123,1392,1805,1
"303","GCA_036926925.1_ASM3692692v1_genomic","AT4G36390","CM072660.1",19208660,19211334,2674,3343.75,1
"315","GCA_036926925.1_ASM3692692v1_genomic","AT4G34270","CM072660.1",18418249,18420694,2445,3075,1
"323","GCA_036926925.1_ASM3692692v1_genomic","AT5G50000","CM072661.1",24470970,24473767,2797,3497.5,1
"333","GCA_036926925.1_ASM3692692v1_genomic","AT1G30580","CM072657.1",10790461,10794421,3960,4953.75,1
"343","GCA_036926925.1_ASM3692692v1_genomic","AT1G20070","CM072657.1",6993186,6994342,1156,1446.25,1
"353","GCA_036926925.1_ASM3692692v1_genomic","AT3G25440","CM072659.1",9218856,9220672,1816,2273.75,1
"363","GCA_036926925.1_ASM3692692v1_genomic","AT5G43680","CM072661.1",21664921,21666582,1661,2321.25,1
"373","GCA_036926925.1_ASM3692692v1_genomic","AT1G67320","CM072657.1",27079231,27083053,3822,4778.75,1
"383","GCA_036926925.1_ASM3692692v1_genomic","AT2G44950","CM072658.1",21043582,21050059,6477,8097.5,1
"393","GCA_036926925.1_ASM3692692v1_genomic","AT5G24520","CM072661.1",8442411,8444941,2530,3163.75,1
"403","GCA_036926925.1_ASM3692692v1_genomic","AT5G56890","CM072661.1",27114737,27120329,5592,6991.25,1
"415","GCA_036926925.1_ASM3692692v1_genomic","AT1G24460","CM072657.1",8687549,8694327,6778,8472.5,1
"422","GCA_036926925.1_ASM3692692v1_genomic","AT2G28800","CM072658.1",14876177,14879424,3247,4060,1
"432","GCA_036926925.1_ASM3692692v1_genomic","AT5G13940","CM072661.1",4530289,4535801,5512,6863.75,1
"453","GCA_036926925.1_ASM3692692v1_genomic","AT1G19220","CM072657.1",6666252,6671694,5442,6813.75,1
"463","GCA_036926925.1_ASM3692692v1_genomic","AT5G01220","CM072661.1",82431,86006,3575,4468.75,1
"473","GCA_036926925.1_ASM3692692v1_genomic","AT1G02460","CM072657.1",510636,513441,2805,3507.5,1
"483","GCA_036926925.1_ASM3692692v1_genomic","AT1G04110","CM072657.1",1073676,1076188,2512,3141.25,1
"493","GCA_036926925.1_ASM3692692v1_genomic","AT4G01880","CM072660.1",816293,818566,2273,2842.5,1
"502","GCA_036926925.1_ASM3692692v1_genomic","AT2G24430","CM072658.1",12884537,12887643,3106,3911.25,1
"511","GCA_036926925.1_ASM3692692v1_genomic","AT5G47870","CM072661.1",23512114,23513615,1501,1877.5,1
"116","GCA_036926965.1_ASM3692696v1_genomic","AT2G27810","CM072638.1",13792394,13796665,4271,5322.5,1
"216","GCA_036926965.1_ASM3692696v1_genomic","AT5G40530","CM072641.1",17844830,17846697,1867,2313.75,1
"316","GCA_036926965.1_ASM3692696v1_genomic","AT3G26115","CM072639.1",9604662,9606891,2229,2787.5,1
"416","GCA_036926965.1_ASM3692696v1_genomic","AT1G26750","CM072637.1",9119694,9121111,1417,1772.5,1
"55","GCA_036926965.1_ASM3692696v1_genomic","AT4G17540","CM072640.1",11640780,11642773,1993,2493.75,1
"64","GCA_036926965.1_ASM3692696v1_genomic","AT4G23950","CM072640.1",14213204,14215704,2500,3126.25,1
"74","GCA_036926965.1_ASM3692696v1_genomic","AT2G38360","CM072638.1",18019003,18020281,1278,1598.75,1
"84","GCA_036926965.1_ASM3692696v1_genomic","AT3G11090","CM072639.1",3532117,3533043,926,1158.75,1
"94","GCA_036926965.1_ASM3692696v1_genomic","AT5G24890","CM072641.1",8586227,8587975,1748,2190,1
"104","GCA_036926965.1_ASM3692696v1_genomic","AT5G27970","CM072641.1",10000721,10012058,11337,14170,1
"117","GCA_036926965.1_ASM3692696v1_genomic","AT1G49590","CM072637.1",19995430,19997419,1989,2487.5,1
"124","GCA_036926965.1_ASM3692696v1_genomic","AT5G46910","CM072641.1",20612424,20617463,5039,6301.25,1
"134","GCA_036926965.1_ASM3692696v1_genomic","AT1G77300","CM072637.1",30663842,30673362,9520,11916.25,1
"144","GCA_036926965.1_ASM3692696v1_genomic","AT2G15560","CM072638.1",8725905,8728226,2321,2937.5,1
"154","GCA_036926965.1_ASM3692696v1_genomic","AT3G27310","CM072639.1",10140596,10142750,2154,2693.75,1
"164","GCA_036926965.1_ASM3692696v1_genomic","AT5G42950","CM072641.1",18840389,18847503,7114,8893.75,1
"174","GCA_036926965.1_ASM3692696v1_genomic","AT5G47380","CM072641.1",20788881,20792259,3378,4223.75,1
"184","GCA_036926965.1_ASM3692696v1_genomic","AT3G06035","CM072639.1",1858759,1860165,1406,1757.5,1
"194","GCA_036926965.1_ASM3692696v1_genomic","AT2G38310","CM072638.1",17999502,18000940,1438,1798.75,1
"204","GCA_036926965.1_ASM3692696v1_genomic","AT1G27460","CM072637.1",9400746,9403872,3126,3908.75,1
"217","GCA_036926965.1_ASM3692696v1_genomic","AT2G45320","CM072638.1",20620045,20622127,2082,2602.5,1
"224","GCA_036926965.1_ASM3692696v1_genomic","AT1G30480","CM072637.1",10647202,10649801,2599,3380,1
"234","GCA_036926965.1_ASM3692696v1_genomic","AT3G13840","CM072639.1",4598379,4600127,1748,2186.25,1
"244","GCA_036926965.1_ASM3692696v1_genomic","AT5G38520","CM072641.1",17046364,17048516,2152,2678.75,1
"254","GCA_036926965.1_ASM3692696v1_genomic","AT2G22260","CM072638.1",11432122,11434765,2643,3305,1
"264","GCA_036926965.1_ASM3692696v1_genomic","AT1G49470","CM072637.1",19952707,19953993,1286,1608.75,1
"274","GCA_036926965.1_ASM3692696v1_genomic","AT1G70560","CM072637.1",28225811,28228605,2794,3497.5,1
"284","GCA_036926965.1_ASM3692696v1_genomic","AT3G10985","CM072639.1",3494768,3496184,1416,1805,1
"294","GCA_036926965.1_ASM3692696v1_genomic","AT4G36390","CM072640.1",19075127,19077801,2674,3343.75,1
"304","GCA_036926965.1_ASM3692696v1_genomic","AT4G34270","CM072640.1",18282316,18284761,2445,3075,1
"317","GCA_036926965.1_ASM3692696v1_genomic","AT5G50000","CM072641.1",21931226,21934024,2798,3497.5,1
"324","GCA_036926965.1_ASM3692696v1_genomic","AT1G30580","CM072637.1",10687870,10691827,3957,4953.75,1
"334","GCA_036926965.1_ASM3692696v1_genomic","AT1G20070","CM072637.1",6928710,6929866,1156,1446.25,1
"344","GCA_036926965.1_ASM3692696v1_genomic","AT3G25440","CM072639.1",9292467,9294272,1805,2273.75,1
"354","GCA_036926965.1_ASM3692696v1_genomic","AT5G43680","CM072641.1",19147172,19149017,1845,2321.25,1
"364","GCA_036926965.1_ASM3692696v1_genomic","AT1G67320","CM072637.1",26815707,26819529,3822,4778.75,1
"374","GCA_036926965.1_ASM3692696v1_genomic","AT2G44950","CM072638.1",20480812,20487289,6477,8097.5,1
"384","GCA_036926965.1_ASM3692696v1_genomic","AT5G24520","CM072641.1",8391954,8394484,2530,3163.75,1
"394","GCA_036926965.1_ASM3692696v1_genomic","AT5G56890","CM072641.1",24572010,24577599,5589,6991.25,1
"404","GCA_036926965.1_ASM3692696v1_genomic","AT1G24460","CM072637.1",8620946,8627721,6775,8472.5,1
"417","GCA_036926965.1_ASM3692696v1_genomic","AT2G28800","CM072638.1",14295408,14298655,3247,4060,1
"423","GCA_036926965.1_ASM3692696v1_genomic","AT5G13940","CM072641.1",4523862,4529352,5490,6863.75,1
"454","GCA_036926965.1_ASM3692696v1_genomic","AT1G19220","CM072637.1",6601799,6607241,5442,6813.75,1
"464","GCA_036926965.1_ASM3692696v1_genomic","AT5G01220","CM072641.1",81962,85537,3575,4468.75,1
"474","GCA_036926965.1_ASM3692696v1_genomic","AT1G02460","CM072637.1",510065,512876,2811,3507.5,1
"484","GCA_036926965.1_ASM3692696v1_genomic","AT1G04110","CM072637.1",1066748,1069260,2512,3141.25,1
"494","GCA_036926965.1_ASM3692696v1_genomic","AT4G01880","CM072640.1",876943,879216,2273,2842.5,1
"503","GCA_036926965.1_ASM3692696v1_genomic","AT2G24430","CM072638.1",12353317,12356436,3119,3911.25,1
"512","GCA_036926965.1_ASM3692696v1_genomic","AT5G47870","CM072641.1",20945462,20946967,1505,1877.5,1
"118","GCA_036926975.1_ASM3692697v1_genomic","AT2G27810","CM072653.1",14098224,14102496,4272,5322.5,1
"218","GCA_036926975.1_ASM3692697v1_genomic","AT5G40530","CM072656.1",18997960,18999827,1867,2313.75,1
"318","GCA_036926975.1_ASM3692697v1_genomic","AT3G26115","CM072654.1",9516648,9518877,2229,2787.5,1
"418","GCA_036926975.1_ASM3692697v1_genomic","AT1G26750","CM072652.1",9215814,9217231,1417,1772.5,1
"56","GCA_036926975.1_ASM3692697v1_genomic","AT4G17540","CM072655.1",11584588,11586582,1994,2493.75,1
"65","GCA_036926975.1_ASM3692697v1_genomic","AT4G23950","CM072655.1",14222101,14224601,2500,3126.25,1
"75","GCA_036926975.1_ASM3692697v1_genomic","AT2G38360","CM072653.1",18297091,18298369,1278,1598.75,1
"85","GCA_036926975.1_ASM3692697v1_genomic","AT3G11090","CM072654.1",3484879,3485805,926,1158.75,1
"95","GCA_036926975.1_ASM3692697v1_genomic","AT5G24890","CM072656.1",8587244,8588995,1751,2190,1
"105","GCA_036926975.1_ASM3692697v1_genomic","AT5G27970","CM072656.1",10008216,10019553,11337,14170,1
"119","GCA_036926975.1_ASM3692697v1_genomic","AT1G49590","CM072652.1",20278638,20280627,1989,2487.5,1
"125","GCA_036926975.1_ASM3692697v1_genomic","AT5G46910","CM072656.1",21789185,21794223,5038,6301.25,1
"135","GCA_036926975.1_ASM3692697v1_genomic","AT1G77300","CM072652.1",30996004,31005528,9524,11916.25,1
"145","GCA_036926975.1_ASM3692697v1_genomic","AT2G15560","CM072653.1",9034430,9036779,2349,2937.5,1
"155","GCA_036926975.1_ASM3692697v1_genomic","AT3G27310","CM072654.1",10053456,10055607,2151,2693.75,1
"165","GCA_036926975.1_ASM3692697v1_genomic","AT5G42950","CM072656.1",20002896,20010011,7115,8893.75,1
"175","GCA_036926975.1_ASM3692697v1_genomic","AT5G47380","CM072656.1",21961798,21965176,3378,4223.75,1
"185","GCA_036926975.1_ASM3692697v1_genomic","AT3G06035","CM072654.1",1822339,1823744,1405,1757.5,1
"195","GCA_036926975.1_ASM3692697v1_genomic","AT2G38310","CM072653.1",18277634,18279072,1438,1798.75,1
"205","GCA_036926975.1_ASM3692697v1_genomic","AT1G27460","CM072652.1",9493034,9496160,3126,3908.75,1
"219","GCA_036926975.1_ASM3692697v1_genomic","AT2G45320","CM072653.1",20905517,20907597,2080,2602.5,1
"225","GCA_036926975.1_ASM3692697v1_genomic","AT1G30480","CM072652.1",10745373,10748069,2696,3380,1
"235","GCA_036926975.1_ASM3692697v1_genomic","AT3G13840","CM072654.1",4542896,4544644,1748,2186.25,1
"245","GCA_036926975.1_ASM3692697v1_genomic","AT5G38520","CM072656.1",18132802,18134939,2137,2678.75,1
"255","GCA_036926975.1_ASM3692697v1_genomic","AT2G22260","CM072653.1",11707630,11710273,2643,3305,1
"265","GCA_036926975.1_ASM3692697v1_genomic","AT1G49470","CM072652.1",20234382,20235668,1286,1608.75,1
"275","GCA_036926975.1_ASM3692697v1_genomic","AT1G70560","CM072652.1",28541366,28544163,2797,3497.5,1
"285","GCA_036926975.1_ASM3692697v1_genomic","AT3G10985","CM072654.1",3451812,3453203,1391,1805,1
"295","GCA_036926975.1_ASM3692697v1_genomic","AT4G36390","CM072655.1",19079456,19082128,2672,3343.75,1
"305","GCA_036926975.1_ASM3692697v1_genomic","AT4G34270","CM072655.1",18284492,18286937,2445,3075,1
"319","GCA_036926975.1_ASM3692697v1_genomic","AT5G50000","CM072656.1",23096628,23099427,2799,3497.5,1
"325","GCA_036926975.1_ASM3692697v1_genomic","AT1G30580","CM072652.1",10786238,10790198,3960,4953.75,1
"335","GCA_036926975.1_ASM3692697v1_genomic","AT1G20070","CM072652.1",6975539,6976695,1156,1446.25,1
"345","GCA_036926975.1_ASM3692697v1_genomic","AT3G25440","CM072654.1",9209494,9211310,1816,2273.75,1
"355","GCA_036926975.1_ASM3692697v1_genomic","AT5G43680","CM072656.1",20299739,20301594,1855,2321.25,1
"365","GCA_036926975.1_ASM3692697v1_genomic","AT1G67320","CM072652.1",27122602,27126425,3823,4778.75,1
"375","GCA_036926975.1_ASM3692697v1_genomic","AT2G44950","CM072653.1",20766461,20772938,6477,8097.5,1
"385","GCA_036926975.1_ASM3692697v1_genomic","AT5G24520","CM072656.1",8399170,8401700,2530,3163.75,1
"395","GCA_036926975.1_ASM3692697v1_genomic","AT5G56890","CM072656.1",25760762,25766355,5593,6991.25,1
"405","GCA_036926975.1_ASM3692697v1_genomic","AT1G24460","CM072652.1",8628901,8635676,6775,8472.5,1
"419","GCA_036926975.1_ASM3692697v1_genomic","AT2G28800","CM072653.1",14602146,14605393,3247,4060,1
"424","GCA_036926975.1_ASM3692697v1_genomic","AT5G13940","CM072656.1",4528643,4534114,5471,6863.75,1
"442","GCA_036926975.1_ASM3692697v1_genomic","AT1G19220","CM072652.1",6645925,6651367,5442,6813.75,1
"455","GCA_036926975.1_ASM3692697v1_genomic","AT5G01220","CM072656.1",83499,87073,3574,4468.75,1
"465","GCA_036926975.1_ASM3692697v1_genomic","AT1G02460","CM072652.1",533685,536480,2795,3507.5,1
"475","GCA_036926975.1_ASM3692697v1_genomic","AT1G04110","CM072652.1",1101782,1104294,2512,3141.25,1
"485","GCA_036926975.1_ASM3692697v1_genomic","AT4G01880","CM072655.1",883942,886214,2272,2842.5,1
"495","GCA_036926975.1_ASM3692697v1_genomic","AT2G24430","CM072653.1",12634988,12638114,3126,3911.25,1
"504","GCA_036926975.1_ASM3692697v1_genomic","AT5G47870","CM072656.1",22121651,22123156,1505,1877.5,1
"120","GCA_036927025.1_ASM3692702v1_genomic","AT2G27810","CM072643.1",12558152,12562423,4271,5322.5,1
"220","GCA_036927025.1_ASM3692702v1_genomic","AT5G40530","CM072646.1",22263105,22264972,1867,2313.75,1
"320","GCA_036927025.1_ASM3692702v1_genomic","AT3G26115","CM072644.1",9562005,9564207,2202,2787.5,1
"420","GCA_036927025.1_ASM3692702v1_genomic","AT1G26750","CM072642.1",9150330,9151747,1417,1772.5,1
"57","GCA_036927025.1_ASM3692702v1_genomic","AT4G17540","CM072645.1",12835003,12837010,2007,2493.75,1
"66","GCA_036927025.1_ASM3692702v1_genomic","AT4G23950","CM072645.1",15442578,15445076,2498,3126.25,1
"76","GCA_036927025.1_ASM3692702v1_genomic","AT2G38360","CM072643.1",16770384,16771662,1278,1598.75,1
"86","GCA_036927025.1_ASM3692702v1_genomic","AT3G11090","CM072644.1",4573005,4573931,926,1158.75,1
"96","GCA_036927025.1_ASM3692702v1_genomic","AT5G24890","CM072646.1",8614808,8616562,1754,2190,1
"106","GCA_036927025.1_ASM3692702v1_genomic","AT5G27970","CM072646.1",10100312,10111645,11333,14170,1
"1110","GCA_036927025.1_ASM3692702v1_genomic","AT1G49590","CM072642.1",20728045,20730033,1988,2487.5,1
"126","GCA_036927025.1_ASM3692702v1_genomic","AT5G46910","CM072646.1",25015272,25020312,5040,6301.25,1
"136","GCA_036927025.1_ASM3692702v1_genomic","AT1G77300","CM072642.1",31333270,31342761,9491,11916.25,1
"146","GCA_036927025.1_ASM3692702v1_genomic","AT2G15560","CM072643.1",7467831,7470182,2351,2937.5,1
"156","GCA_036927025.1_ASM3692702v1_genomic","AT3G27310","CM072644.1",10129867,10132021,2154,2693.75,1
"166","GCA_036927025.1_ASM3692702v1_genomic","AT5G42950","CM072646.1",23260692,23267798,7106,8893.75,1
"176","GCA_036927025.1_ASM3692702v1_genomic","AT5G47380","CM072646.1",25186879,25190250,3371,4223.75,1
"186","GCA_036927025.1_ASM3692702v1_genomic","AT3G06035","CM072644.1",1832117,1833522,1405,1757.5,1
"196","GCA_036927025.1_ASM3692702v1_genomic","AT2G38310","CM072643.1",16750925,16752362,1437,1798.75,1
"206","GCA_036927025.1_ASM3692702v1_genomic","AT1G27460","CM072642.1",9430729,9433855,3126,3908.75,1
"2110","GCA_036927025.1_ASM3692702v1_genomic","AT2G45320","CM072643.1",19389764,19391845,2081,2602.5,1
"226","GCA_036927025.1_ASM3692702v1_genomic","AT1G30480","CM072642.1",10711192,10713894,2702,3380,1
"236","GCA_036927025.1_ASM3692702v1_genomic","AT3G13840","CM072644.1",3491281,3493029,1748,2186.25,1
"246","GCA_036927025.1_ASM3692702v1_genomic","AT5G38520","CM072646.1",21416541,21418684,2143,2678.75,1
"256","GCA_036927025.1_ASM3692702v1_genomic","AT2G22260","CM072643.1",10168775,10171418,2643,3305,1
"266","GCA_036927025.1_ASM3692702v1_genomic","AT1G49470","CM072642.1",20683727,20685012,1285,1608.75,1
"276","GCA_036927025.1_ASM3692702v1_genomic","AT1G70560","CM072642.1",28882258,28885055,2797,3497.5,1
"286","GCA_036927025.1_ASM3692702v1_genomic","AT3G10985","CM072644.1",4605529,4606973,1444,1805,1
"296","GCA_036927025.1_ASM3692702v1_genomic","AT4G36390","CM072645.1",20238325,20240999,2674,3343.75,1
"306","GCA_036927025.1_ASM3692702v1_genomic","AT4G34270","CM072645.1",19446805,19449264,2459,3075,1
"3110","GCA_036927025.1_ASM3692702v1_genomic","AT5G50000","CM072646.1",26299970,26302767,2797,3497.5,1
"326","GCA_036927025.1_ASM3692702v1_genomic","AT1G30580","CM072642.1",10752839,10756799,3960,4953.75,1
"336","GCA_036927025.1_ASM3692702v1_genomic","AT1G20070","CM072642.1",6927076,6928232,1156,1446.25,1
"346","GCA_036927025.1_ASM3692702v1_genomic","AT3G25440","CM072644.1",9241386,9243203,1817,2273.75,1
"356","GCA_036927025.1_ASM3692702v1_genomic","AT5G43680","CM072646.1",23578001,23579846,1845,2321.25,1
"366","GCA_036927025.1_ASM3692702v1_genomic","AT1G67320","CM072642.1",27468451,27472273,3822,4778.75,1
"376","GCA_036927025.1_ASM3692702v1_genomic","AT2G44950","CM072643.1",19250093,19256570,6477,8097.5,1
"386","GCA_036927025.1_ASM3692702v1_genomic","AT5G24520","CM072646.1",8423219,8425642,2423,3163.75,1
"396","GCA_036927025.1_ASM3692702v1_genomic","AT5G56890","CM072646.1",28971618,28977207,5589,6991.25,1
"406","GCA_036927025.1_ASM3692702v1_genomic","AT1G24460","CM072642.1",8619227,8626002,6775,8472.5,1
"4110","GCA_036927025.1_ASM3692702v1_genomic","AT2G28800","CM072643.1",13059838,13063072,3234,4060,1
"425","GCA_036927025.1_ASM3692702v1_genomic","AT5G13940","CM072646.1",4509630,4515092,5462,6863.75,1
"433","GCA_036927025.1_ASM3692702v1_genomic","AT1G19220","CM072642.1",6607749,6613191,5442,6813.75,1
"443","GCA_036927025.1_ASM3692702v1_genomic","AT5G01220","CM072646.1",80402,83972,3570,4468.75,1
"456","GCA_036927025.1_ASM3692702v1_genomic","AT1G02460","CM072642.1",507664,510460,2796,3507.5,1
"466","GCA_036927025.1_ASM3692702v1_genomic","AT1G04110","CM072642.1",1066881,1069393,2512,3141.25,1
"476","GCA_036927025.1_ASM3692702v1_genomic","AT4G01880","CM072645.1",845435,847707,2272,2842.5,1
"486","GCA_036927025.1_ASM3692702v1_genomic","AT2G24430","CM072643.1",11119414,11122530,3116,3911.25,1
"496","GCA_036927025.1_ASM3692702v1_genomic","AT5G47870","CM072646.1",25358631,25360127,1496,1877.5,1
"127","GCA_036927045.1_ASM3692704v1_genomic","AT2G27810","CM072648.1",11944485,11948756,4271,5322.5,1
"227","GCA_036927045.1_ASM3692704v1_genomic","AT5G40530","CM072651.1",20055539,20057406,1867,2313.75,1
"327","GCA_036927045.1_ASM3692704v1_genomic","AT3G26115","CM072649.1",9518520,9520721,2201,2787.5,1
"426","GCA_036927045.1_ASM3692704v1_genomic","AT1G26750","CM072647.1",9078535,9079952,1417,1772.5,1
"58","GCA_036927045.1_ASM3692704v1_genomic","AT4G17540","CM072650.1",14161984,14163978,1994,2493.75,1
"67","GCA_036927045.1_ASM3692704v1_genomic","AT4G23950","CM072650.1",16757394,16759892,2498,3126.25,1
"77","GCA_036927045.1_ASM3692704v1_genomic","AT2G38360","CM072648.1",16132930,16134208,1278,1598.75,1
"87","GCA_036927045.1_ASM3692704v1_genomic","AT3G11090","CM072649.1",3508767,3509693,926,1158.75,1
"97","GCA_036927045.1_ASM3692704v1_genomic","AT5G24890","CM072651.1",8603670,8605424,1754,2190,1
"107","GCA_036927045.1_ASM3692704v1_genomic","AT5G27970","CM072651.1",10060797,10072136,11339,14170,1
"1111","GCA_036927045.1_ASM3692704v1_genomic","AT1G49590","CM072647.1",20653673,20655661,1988,2487.5,1
"128","GCA_036927045.1_ASM3692704v1_genomic","AT5G46910","CM072651.1",22791906,22796941,5035,6301.25,1
"137","GCA_036927045.1_ASM3692704v1_genomic","AT1G77300","CM072647.1",31378937,31388457,9520,11916.25,1
"147","GCA_036927045.1_ASM3692704v1_genomic","AT2G15560","CM072648.1",6851674,6854025,2351,2937.5,1
"157","GCA_036927045.1_ASM3692704v1_genomic","AT3G27310","CM072649.1",10063552,10065706,2154,2693.75,1
"167","GCA_036927045.1_ASM3692704v1_genomic","AT5G42950","CM072651.1",21036033,21043139,7106,8893.75,1
"177","GCA_036927045.1_ASM3692704v1_genomic","AT5G47380","CM072651.1",22964199,22967576,3377,4223.75,1
"187","GCA_036927045.1_ASM3692704v1_genomic","AT3G06035","CM072649.1",1841033,1842439,1406,1757.5,1
"197","GCA_036927045.1_ASM3692704v1_genomic","AT2G38310","CM072648.1",16113474,16114911,1437,1798.75,1
"207","GCA_036927045.1_ASM3692704v1_genomic","AT1G27460","CM072647.1",9358076,9361202,3126,3908.75,1
"2111","GCA_036927045.1_ASM3692704v1_genomic","AT2G45320","CM072648.1",18741095,18743175,2080,2602.5,1
"228","GCA_036927045.1_ASM3692704v1_genomic","AT1G30480","CM072647.1",10647464,10650166,2702,3380,1
"237","GCA_036927045.1_ASM3692704v1_genomic","AT3G13840","CM072649.1",4579680,4581428,1748,2186.25,1
"247","GCA_036927045.1_ASM3692704v1_genomic","AT5G38520","CM072651.1",19246404,19248546,2142,2678.75,1
"257","GCA_036927045.1_ASM3692704v1_genomic","AT2G22260","CM072648.1",9597396,9600039,2643,3305,1
"267","GCA_036927045.1_ASM3692704v1_genomic","AT1G49470","CM072647.1",20609380,20610666,1286,1608.75,1
"277","GCA_036927045.1_ASM3692704v1_genomic","AT1G70560","CM072647.1",28929194,28931998,2804,3497.5,1
"287","GCA_036927045.1_ASM3692704v1_genomic","AT3G10985","CM072649.1",3475668,3477105,1437,1805,1
"297","GCA_036927045.1_ASM3692704v1_genomic","AT4G36390","CM072650.1",21513288,21515962,2674,3343.75,1
"307","GCA_036927045.1_ASM3692704v1_genomic","AT4G34270","CM072650.1",20715736,20718195,2459,3075,1
"3111","GCA_036927045.1_ASM3692704v1_genomic","AT5G50000","CM072651.1",24073018,24075815,2797,3497.5,1
"328","GCA_036927045.1_ASM3692704v1_genomic","AT1G30580","CM072647.1",10689101,10693061,3960,4953.75,1
"337","GCA_036927045.1_ASM3692704v1_genomic","AT1G20070","CM072647.1",6926406,6927562,1156,1446.25,1
"347","GCA_036927045.1_ASM3692704v1_genomic","AT3G25440","CM072649.1",9216095,9217913,1818,2273.75,1
"357","GCA_036927045.1_ASM3692704v1_genomic","AT5G43680","CM072651.1",21349535,21351390,1855,2321.25,1
"367","GCA_036927045.1_ASM3692704v1_genomic","AT1G67320","CM072647.1",27518081,27521903,3822,4778.75,1
"377","GCA_036927045.1_ASM3692704v1_genomic","AT2G44950","CM072648.1",18602356,18608833,6477,8097.5,1
"387","GCA_036927045.1_ASM3692704v1_genomic","AT5G24520","CM072651.1",8414618,8417041,2423,3163.75,1
"397","GCA_036927045.1_ASM3692704v1_genomic","AT5G56890","CM072651.1",26744341,26749931,5590,6991.25,1
"407","GCA_036927045.1_ASM3692704v1_genomic","AT1G24460","CM072647.1",8563403,8570178,6775,8472.5,1
"4111","GCA_036927045.1_ASM3692704v1_genomic","AT2G28800","CM072648.1",12446194,12449428,3234,4060,1
"427","GCA_036927045.1_ASM3692704v1_genomic","AT5G13940","CM072651.1",4515907,4521418,5511,6863.75,1
"434","GCA_036927045.1_ASM3692704v1_genomic","AT1G19220","CM072647.1",6607521,6612958,5437,6813.75,1
"444","GCA_036927045.1_ASM3692704v1_genomic","AT5G01220","CM072651.1",83917,87490,3573,4468.75,1
"457","GCA_036927045.1_ASM3692704v1_genomic","AT1G02460","CM072647.1",509180,511976,2796,3507.5,1
"467","GCA_036927045.1_ASM3692704v1_genomic","AT1G04110","CM072647.1",1079183,1081695,2512,3141.25,1
"477","GCA_036927045.1_ASM3692704v1_genomic","AT4G01880","CM072650.1",852751,855023,2272,2842.5,1
"487","GCA_036927045.1_ASM3692704v1_genomic","AT2G24430","CM072648.1",10505637,10508762,3125,3911.25,1
"497","GCA_036927045.1_ASM3692704v1_genomic","AT5G47870","CM072651.1",23121772,23123273,1501,1877.5,1
"129","GCA_036927085.1_ASM3692708v1_genomic","AT2G27810","CM072628.1",13239312,13243569,4257,5322.5,1
"229","GCA_036927085.1_ASM3692708v1_genomic","AT5G40530","CM072631.1",19655478,19657345,1867,2313.75,1
"329","GCA_036927085.1_ASM3692708v1_genomic","AT3G26115","CM072629.1",9527568,9529797,2229,2787.5,1
"428","GCA_036927085.1_ASM3692708v1_genomic","AT1G26750","CM072627.1",9130948,9132365,1417,1772.5,1
"59","GCA_036927085.1_ASM3692708v1_genomic","AT4G17540","CM072630.1",11464418,11466412,1994,2493.75,1
"68","GCA_036927085.1_ASM3692708v1_genomic","AT4G23950","CM072630.1",14093528,14096028,2500,3126.25,1
"78","GCA_036927085.1_ASM3692708v1_genomic","AT2G38360","CM072628.1",17457924,17459202,1278,1598.75,1
"88","GCA_036927085.1_ASM3692708v1_genomic","AT3G11090","CM072629.1",3515841,3516767,926,1158.75,1
"98","GCA_036927085.1_ASM3692708v1_genomic","AT5G24890","CM072631.1",8608463,8610214,1751,2190,1
"108","GCA_036927085.1_ASM3692708v1_genomic","AT5G27970","CM072631.1",10053390,10064726,11336,14170,1
"1112","GCA_036927085.1_ASM3692708v1_genomic","AT1G49590","CM072627.1",23219075,23221064,1989,2487.5,1
"1210","GCA_036927085.1_ASM3692708v1_genomic","AT5G46910","CM072631.1",22497729,22502790,5061,6301.25,1
"138","GCA_036927085.1_ASM3692708v1_genomic","AT1G77300","CM072627.1",33877086,33886606,9520,11916.25,1
"148","GCA_036927085.1_ASM3692708v1_genomic","AT2G15560","CM072628.1",8158263,8160584,2321,2937.5,1
"158","GCA_036927085.1_ASM3692708v1_genomic","AT3G27310","CM072629.1",10066638,10068792,2154,2693.75,1
"168","GCA_036927085.1_ASM3692708v1_genomic","AT5G42950","CM072631.1",20656996,20664102,7106,8893.75,1
"178","GCA_036927085.1_ASM3692708v1_genomic","AT5G47380","CM072631.1",22674184,22677561,3377,4223.75,1
"188","GCA_036927085.1_ASM3692708v1_genomic","AT3G06035","CM072629.1",1843390,1844795,1405,1757.5,1
"198","GCA_036927085.1_ASM3692708v1_genomic","AT2G38310","CM072628.1",17438463,17439898,1435,1798.75,1
"208","GCA_036927085.1_ASM3692708v1_genomic","AT1G27460","CM072627.1",9411948,9415074,3126,3908.75,1
"2112","GCA_036927085.1_ASM3692708v1_genomic","AT2G45320","CM072628.1",20064346,20066426,2080,2602.5,1
"2210","GCA_036927085.1_ASM3692708v1_genomic","AT1G30480","CM072627.1",10672777,10675478,2701,3380,1
"238","GCA_036927085.1_ASM3692708v1_genomic","AT3G13840","CM072629.1",4579309,4581057,1748,2186.25,1
"248","GCA_036927085.1_ASM3692708v1_genomic","AT5G38520","CM072631.1",18848546,18850684,2138,2678.75,1
"258","GCA_036927085.1_ASM3692708v1_genomic","AT2G22260","CM072628.1",10897176,10899819,2643,3305,1
"268","GCA_036927085.1_ASM3692708v1_genomic","AT1G49470","CM072627.1",23174742,23176028,1286,1608.75,1
"278","GCA_036927085.1_ASM3692708v1_genomic","AT1G70560","CM072627.1",31425364,31428161,2797,3497.5,1
"288","GCA_036927085.1_ASM3692708v1_genomic","AT3G10985","CM072629.1",3482679,3484119,1440,1805,1
"298","GCA_036927085.1_ASM3692708v1_genomic","AT4G36390","CM072630.1",18955636,18958310,2674,3343.75,1
"308","GCA_036927085.1_ASM3692708v1_genomic","AT4G34270","CM072630.1",18155752,18158197,2445,3075,1
"3112","GCA_036927085.1_ASM3692708v1_genomic","AT5G50000","CM072631.1",23784151,23786948,2797,3497.5,1
"3210","GCA_036927085.1_ASM3692708v1_genomic","AT1G30580","CM072627.1",10713518,10717477,3959,4953.75,1
"338","GCA_036927085.1_ASM3692708v1_genomic","AT1G20070","CM072627.1",6949659,6950815,1156,1446.25,1
"348","GCA_036927085.1_ASM3692708v1_genomic","AT3G25440","CM072629.1",9220194,9222012,1818,2273.75,1
"358","GCA_036927085.1_ASM3692708v1_genomic","AT5G43680","CM072631.1",20982135,20983782,1647,2321.25,1
"368","GCA_036927085.1_ASM3692708v1_genomic","AT1G67320","CM072627.1",30006068,30009891,3823,4778.75,1
"378","GCA_036927085.1_ASM3692708v1_genomic","AT2G44950","CM072628.1",19925309,19931786,6477,8097.5,1
"388","GCA_036927085.1_ASM3692708v1_genomic","AT5G24520","CM072631.1",8421306,8423836,2530,3163.75,1
"398","GCA_036927085.1_ASM3692708v1_genomic","AT5G56890","CM072631.1",26424678,26430266,5588,6991.25,1
"408","GCA_036927085.1_ASM3692708v1_genomic","AT1G24460","CM072627.1",8633163,8639938,6775,8472.5,1
"4112","GCA_036927085.1_ASM3692708v1_genomic","AT2G28800","CM072628.1",13747438,13750684,3246,4060,1
"429","GCA_036927085.1_ASM3692708v1_genomic","AT5G13940","CM072631.1",4492852,4498349,5497,6863.75,1
"435","GCA_036927085.1_ASM3692708v1_genomic","AT1G19220","CM072627.1",6622444,6627882,5438,6813.75,1
"445","GCA_036927085.1_ASM3692708v1_genomic","AT5G01220","CM072631.1",83853,87427,3574,4468.75,1
"458","GCA_036927085.1_ASM3692708v1_genomic","AT1G02460","CM072627.1",507225,510056,2831,3507.5,1
"468","GCA_036927085.1_ASM3692708v1_genomic","AT1G04110","CM072627.1",1065112,1067624,2512,3141.25,1
"478","GCA_036927085.1_ASM3692708v1_genomic","AT4G01880","CM072630.1",864204,866477,2273,2842.5,1
"488","GCA_036927085.1_ASM3692708v1_genomic","AT2G24430","CM072628.1",11807339,11810445,3106,3911.25,1
"498","GCA_036927085.1_ASM3692708v1_genomic","AT5G47870","CM072631.1",22835685,22837187,1502,1877.5,1
"130","GCA_036927245.1_ASM3692724v1_genomic","AT2G27810","CM072623.1",14780262,14784531,4269,5322.5,1
"230","GCA_036927245.1_ASM3692724v1_genomic","AT5G40530","CM072626.1",19356263,19358130,1867,2313.75,1
"330","GCA_036927245.1_ASM3692724v1_genomic","AT3G26115","CM072624.1",9573773,9576002,2229,2787.5,1
"430","GCA_036927245.1_ASM3692724v1_genomic","AT1G26750","CM072622.1",9120267,9121684,1417,1772.5,1
"510","GCA_036927245.1_ASM3692724v1_genomic","AT4G17540","CM072625.1",11096574,11098568,1994,2493.75,1
"69","GCA_036927245.1_ASM3692724v1_genomic","AT4G23950","CM072625.1",13792653,13795153,2500,3126.25,1
"79","GCA_036927245.1_ASM3692724v1_genomic","AT2G38360","CM072623.1",19011743,19013021,1278,1598.75,1
"89","GCA_036927245.1_ASM3692724v1_genomic","AT3G11090","CM072624.1",3526332,3527258,926,1158.75,1
"99","GCA_036927245.1_ASM3692724v1_genomic","AT5G24890","CM072626.1",8593852,8595599,1747,2190,1
"109","GCA_036927245.1_ASM3692724v1_genomic","AT5G27970","CM072626.1",10109222,10120547,11325,14170,1
"1113","GCA_036927245.1_ASM3692724v1_genomic","AT1G49590","CM072622.1",19190146,19192135,1989,2487.5,1
"1211","GCA_036927245.1_ASM3692724v1_genomic","AT5G46910","CM072626.1",22126060,22131099,5039,6301.25,1
"139","GCA_036927245.1_ASM3692724v1_genomic","AT1G77300","CM072622.1",29836875,29846394,9519,11916.25,1
"149","GCA_036927245.1_ASM3692724v1_genomic","AT2G15560","CM072623.1",9623260,9625581,2321,2937.5,1
"159","GCA_036927245.1_ASM3692724v1_genomic","AT3G27310","CM072624.1",10108864,10111018,2154,2693.75,1
"169","GCA_036927245.1_ASM3692724v1_genomic","AT5G42950","CM072626.1",20369133,20376241,7108,8893.75,1
"179","GCA_036927245.1_ASM3692724v1_genomic","AT5G47380","CM072626.1",22303137,22306515,3378,4223.75,1
"189","GCA_036927245.1_ASM3692724v1_genomic","AT3G06035","CM072624.1",1866389,1867795,1406,1757.5,1
"199","GCA_036927245.1_ASM3692724v1_genomic","AT2G38310","CM072623.1",18992283,18993721,1438,1798.75,1
"209","GCA_036927245.1_ASM3692724v1_genomic","AT1G27460","CM072622.1",9408630,9411793,3163,3908.75,1
"2113","GCA_036927245.1_ASM3692724v1_genomic","AT2G45320","CM072623.1",21631059,21633139,2080,2602.5,1
"2211","GCA_036927245.1_ASM3692724v1_genomic","AT1G30480","CM072622.1",10617827,10620530,2703,3380,1
"239","GCA_036927245.1_ASM3692724v1_genomic","AT3G13840","CM072624.1",4588811,4590559,1748,2186.25,1
"249","GCA_036927245.1_ASM3692724v1_genomic","AT5G38520","CM072626.1",18548025,18550168,2143,2678.75,1
"259","GCA_036927245.1_ASM3692724v1_genomic","AT2G22260","CM072623.1",12351315,12353958,2643,3305,1
"269","GCA_036927245.1_ASM3692724v1_genomic","AT1G49470","CM072622.1",19146988,19148274,1286,1608.75,1
"279","GCA_036927245.1_ASM3692724v1_genomic","AT1G70560","CM072622.1",27375317,27378114,2797,3497.5,1
"289","GCA_036927245.1_ASM3692724v1_genomic","AT3G10985","CM072624.1",3493258,3494645,1387,1805,1
"299","GCA_036927245.1_ASM3692724v1_genomic","AT4G36390","CM072625.1",18587117,18589792,2675,3343.75,1
"309","GCA_036927245.1_ASM3692724v1_genomic","AT4G34270","CM072625.1",17764265,17766724,2459,3075,1
"3113","GCA_036927245.1_ASM3692724v1_genomic","AT5G50000","CM072626.1",23431582,23434378,2796,3497.5,1
"3211","GCA_036927245.1_ASM3692724v1_genomic","AT1G30580","CM072622.1",10659462,10663411,3949,4953.75,1
"339","GCA_036927245.1_ASM3692724v1_genomic","AT1G20070","CM072622.1",6951606,6952762,1156,1446.25,1
"349","GCA_036927245.1_ASM3692724v1_genomic","AT3G25440","CM072624.1",9265077,9266893,1816,2273.75,1
"359","GCA_036927245.1_ASM3692724v1_genomic","AT5G43680","CM072626.1",20669598,20671454,1856,2321.25,1
"369","GCA_036927245.1_ASM3692724v1_genomic","AT1G67320","CM072622.1",25968523,25972345,3822,4778.75,1
"379","GCA_036927245.1_ASM3692724v1_genomic","AT2G44950","CM072623.1",21492217,21498694,6477,8097.5,1
"389","GCA_036927245.1_ASM3692724v1_genomic","AT5G24520","CM072626.1",8407352,8409882,2530,3163.75,1
"399","GCA_036927245.1_ASM3692724v1_genomic","AT5G56890","CM072626.1",26075694,26081283,5589,6991.25,1
"409","GCA_036927245.1_ASM3692724v1_genomic","AT1G24460","CM072622.1",8617817,8624592,6775,8472.5,1
"4113","GCA_036927245.1_ASM3692724v1_genomic","AT2G28800","CM072623.1",15295675,15298909,3234,4060,1
"4210","GCA_036927245.1_ASM3692724v1_genomic","AT5G13940","CM072626.1",4515951,4521441,5490,6863.75,1
"469","GCA_036927245.1_ASM3692724v1_genomic","AT1G19220","CM072622.1",6627760,6633205,5445,6813.75,1
"479","GCA_036927245.1_ASM3692724v1_genomic","AT5G01220","CM072626.1",84886,88459,3573,4468.75,1
"489","GCA_036927245.1_ASM3692724v1_genomic","AT1G02460","CM072622.1",511017,513839,2822,3507.5,1
"499","GCA_036927245.1_ASM3692724v1_genomic","AT1G04110","CM072622.1",1078445,1080957,2512,3141.25,1
"505","GCA_036927245.1_ASM3692724v1_genomic","AT4G01880","CM072625.1",845053,847331,2278,2842.5,1
"513","GCA_036927245.1_ASM3692724v1_genomic","AT2G24430","CM072623.1",13320823,13323940,3117,3911.25,1
"521","GCA_036927245.1_ASM3692724v1_genomic","AT5G47870","CM072626.1",22462011,22463516,1505,1877.5,1
"140","GCA_036927255.1_ASM3692725v1_genomic","AT2G27810","CM072633.1",13495478,13499735,4257,5322.5,1
"240","GCA_036927255.1_ASM3692725v1_genomic","AT5G40530","CM072636.1",19629659,19631526,1867,2313.75,1
"340","GCA_036927255.1_ASM3692725v1_genomic","AT3G26115","CM072634.1",9575705,9577934,2229,2787.5,1
"436","GCA_036927255.1_ASM3692725v1_genomic","AT1G26750","CM072632.1",9110788,9112205,1417,1772.5,1
"514","GCA_036927255.1_ASM3692725v1_genomic","AT4G17540","CM072635.1",12242479,12244472,1993,2493.75,1
"610","GCA_036927255.1_ASM3692725v1_genomic","AT4G23950","CM072635.1",14885668,14888168,2500,3126.25,1
"710","GCA_036927255.1_ASM3692725v1_genomic","AT2G38360","CM072633.1",17724214,17725492,1278,1598.75,1
"810","GCA_036927255.1_ASM3692725v1_genomic","AT3G11090","CM072634.1",3504523,3505449,926,1158.75,1
"910","GCA_036927255.1_ASM3692725v1_genomic","AT5G24890","CM072636.1",8595246,8596993,1747,2190,1
"1010","GCA_036927255.1_ASM3692725v1_genomic","AT5G27970","CM072636.1",10081045,10092382,11337,14170,1
"1114","GCA_036927255.1_ASM3692725v1_genomic","AT1G49590","CM072632.1",21399447,21401435,1988,2487.5,1
"1212","GCA_036927255.1_ASM3692725v1_genomic","AT5G46910","CM072636.1",22826739,22831776,5037,6301.25,1
"1310","GCA_036927255.1_ASM3692725v1_genomic","AT1G77300","CM072632.1",32048864,32058385,9521,11916.25,1
"1410","GCA_036927255.1_ASM3692725v1_genomic","AT2G15560","CM072633.1",8422180,8424501,2321,2937.5,1
"1510","GCA_036927255.1_ASM3692725v1_genomic","AT3G27310","CM072634.1",10103917,10106071,2154,2693.75,1
"1610","GCA_036927255.1_ASM3692725v1_genomic","AT5G42950","CM072636.1",20658797,20665911,7114,8893.75,1
"1710","GCA_036927255.1_ASM3692725v1_genomic","AT5G47380","CM072636.1",22650415,22653793,3378,4223.75,1
"1810","GCA_036927255.1_ASM3692725v1_genomic","AT3G06035","CM072634.1",1842633,1844038,1405,1757.5,1
"1910","GCA_036927255.1_ASM3692725v1_genomic","AT2G38310","CM072633.1",17704744,17706182,1438,1798.75,1
"2010","GCA_036927255.1_ASM3692725v1_genomic","AT1G27460","CM072632.1",9392104,9395230,3126,3908.75,1
"2114","GCA_036927255.1_ASM3692725v1_genomic","AT2G45320","CM072633.1",20342354,20344434,2080,2602.5,1
"2212","GCA_036927255.1_ASM3692725v1_genomic","AT1G30480","CM072632.1",10669392,10672060,2668,3380,1
"2310","GCA_036927255.1_ASM3692725v1_genomic","AT3G13840","CM072634.1",4558692,4560440,1748,2186.25,1
"2410","GCA_036927255.1_ASM3692725v1_genomic","AT5G38520","CM072636.1",18794975,18797112,2137,2678.75,1
"2510","GCA_036927255.1_ASM3692725v1_genomic","AT2G22260","CM072633.1",11123396,11126039,2643,3305,1
"2610","GCA_036927255.1_ASM3692725v1_genomic","AT1G49470","CM072632.1",21347514,21348800,1286,1608.75,1
"2710","GCA_036927255.1_ASM3692725v1_genomic","AT1G70560","CM072632.1",29621646,29624443,2797,3497.5,1
"2810","GCA_036927255.1_ASM3692725v1_genomic","AT3G10985","CM072634.1",3471464,3472904,1440,1805,1
"2910","GCA_036927255.1_ASM3692725v1_genomic","AT4G36390","CM072635.1",19671129,19673817,2688,3343.75,1
"3010","GCA_036927255.1_ASM3692725v1_genomic","AT4G34270","CM072635.1",18876057,18878502,2445,3075,1
"3114","GCA_036927255.1_ASM3692725v1_genomic","AT5G50000","CM072636.1",23724576,23727375,2799,3497.5,1
"3212","GCA_036927255.1_ASM3692725v1_genomic","AT1G30580","CM072632.1",10710156,10714112,3956,4953.75,1
"3310","GCA_036927255.1_ASM3692725v1_genomic","AT1G20070","CM072632.1",6958467,6959623,1156,1446.25,1
"3410","GCA_036927255.1_ASM3692725v1_genomic","AT3G25440","CM072634.1",9267197,9269014,1817,2273.75,1
"3510","GCA_036927255.1_ASM3692725v1_genomic","AT5G43680","CM072636.1",20960899,20962546,1647,2321.25,1
"3610","GCA_036927255.1_ASM3692725v1_genomic","AT1G67320","CM072632.1",28215036,28218859,3823,4778.75,1
"3710","GCA_036927255.1_ASM3692725v1_genomic","AT2G44950","CM072633.1",20203486,20209963,6477,8097.5,1
"3810","GCA_036927255.1_ASM3692725v1_genomic","AT5G24520","CM072636.1",8405464,8407972,2508,3163.75,1
"3910","GCA_036927255.1_ASM3692725v1_genomic","AT5G56890","CM072636.1",26377928,26383518,5590,6991.25,1
"4010","GCA_036927255.1_ASM3692725v1_genomic","AT1G24460","CM072632.1",8602300,8609075,6775,8472.5,1
"4114","GCA_036927255.1_ASM3692725v1_genomic","AT2G28800","CM072633.1",14000011,14003258,3247,4060,1
"4211","GCA_036927255.1_ASM3692725v1_genomic","AT5G13940","CM072636.1",4492700,4498211,5511,6863.75,1
"459","GCA_036927255.1_ASM3692725v1_genomic","AT1G19220","CM072632.1",6610691,6616132,5441,6813.75,1
"4610","GCA_036927255.1_ASM3692725v1_genomic","AT5G01220","CM072636.1",89155,92729,3574,4468.75,1
"4710","GCA_036927255.1_ASM3692725v1_genomic","AT1G02460","CM072632.1",512373,515171,2798,3507.5,1
"4810","GCA_036927255.1_ASM3692725v1_genomic","AT1G04110","CM072632.1",1072719,1075231,2512,3141.25,1
"4910","GCA_036927255.1_ASM3692725v1_genomic","AT4G01880","CM072635.1",877475,879748,2273,2842.5,1
"506","GCA_036927255.1_ASM3692725v1_genomic","AT2G24430","CM072633.1",12049356,12052481,3125,3911.25,1
"515","GCA_036927255.1_ASM3692725v1_genomic","AT5G47870","CM072636.1",22494774,22496282,1508,1877.5,1
"150","GCA_036927265.1_ASM3692726v1_genomic","AT2G27810","CM072618.1",13979017,13983274,4257,5322.5,1
"250","GCA_036927265.1_ASM3692726v1_genomic","AT5G40530","CM072621.1",19819188,19821055,1867,2313.75,1
"350","GCA_036927265.1_ASM3692726v1_genomic","AT3G26115","CM072619.1",9573262,9575491,2229,2787.5,1
"437","GCA_036927265.1_ASM3692726v1_genomic","AT1G26750","CM072617.1",9116876,9118291,1415,1772.5,1
"516","GCA_036927265.1_ASM3692726v1_genomic","AT4G17540","CM072620.1",12229475,12231469,1994,2493.75,1
"611","GCA_036927265.1_ASM3692726v1_genomic","AT4G23950","CM072620.1",14833831,14836331,2500,3126.25,1
"711","GCA_036927265.1_ASM3692726v1_genomic","AT2G38360","CM072618.1",18192848,18194127,1279,1598.75,1
"811","GCA_036927265.1_ASM3692726v1_genomic","AT3G11090","CM072619.1",3555919,3556845,926,1158.75,1
"911","GCA_036927265.1_ASM3692726v1_genomic","AT5G24890","CM072621.1",8561381,8563131,1750,2190,1
"1011","GCA_036927265.1_ASM3692726v1_genomic","AT5G27970","CM072621.1",9982447,9993789,11342,14170,1
"1115","GCA_036927265.1_ASM3692726v1_genomic","AT1G49590","CM072617.1",20212637,20214638,2001,2487.5,1
"1213","GCA_036927265.1_ASM3692726v1_genomic","AT5G46910","CM072621.1",22601046,22606089,5043,6301.25,1
"1311","GCA_036927265.1_ASM3692726v1_genomic","AT1G77300","CM072617.1",30960960,30970484,9524,11916.25,1
"1411","GCA_036927265.1_ASM3692726v1_genomic","AT2G15560","CM072618.1",8867273,8869594,2321,2937.5,1
"1511","GCA_036927265.1_ASM3692726v1_genomic","AT3G27310","CM072619.1",10103596,10105750,2154,2693.75,1
"1611","GCA_036927265.1_ASM3692726v1_genomic","AT5G42950","CM072621.1",20814665,20821779,7114,8893.75,1
"1711","GCA_036927265.1_ASM3692726v1_genomic","AT5G47380","CM072621.1",22771160,22774538,3378,4223.75,1
"1811","GCA_036927265.1_ASM3692726v1_genomic","AT3G06035","CM072619.1",1875031,1876436,1405,1757.5,1
"1911","GCA_036927265.1_ASM3692726v1_genomic","AT2G38310","CM072618.1",18173386,18174821,1435,1798.75,1
"2011","GCA_036927265.1_ASM3692726v1_genomic","AT1G27460","CM072617.1",9397439,9400565,3126,3908.75,1
"2115","GCA_036927265.1_ASM3692726v1_genomic","AT2G45320","CM072618.1",20801064,20803145,2081,2602.5,1
"2213","GCA_036927265.1_ASM3692726v1_genomic","AT1G30480","CM072617.1",10638813,10641516,2703,3380,1
"2311","GCA_036927265.1_ASM3692726v1_genomic","AT3G13840","CM072619.1",4611821,4613569,1748,2186.25,1
"2411","GCA_036927265.1_ASM3692726v1_genomic","AT5G38520","CM072621.1",19000443,19002586,2143,2678.75,1
"2511","GCA_036927265.1_ASM3692726v1_genomic","AT2G22260","CM072618.1",11573374,11576017,2643,3305,1
"2611","GCA_036927265.1_ASM3692726v1_genomic","AT1G49470","CM072617.1",20168342,20169628,1286,1608.75,1
"2711","GCA_036927265.1_ASM3692726v1_genomic","AT1G70560","CM072617.1",28507448,28510245,2797,3497.5,1
"2811","GCA_036927265.1_ASM3692726v1_genomic","AT3G10985","CM072619.1",3518665,3520052,1387,1805,1
"2911","GCA_036927265.1_ASM3692726v1_genomic","AT4G36390","CM072620.1",19587786,19590460,2674,3343.75,1
"3011","GCA_036927265.1_ASM3692726v1_genomic","AT4G34270","CM072620.1",18790568,18793013,2445,3075,1
"3115","GCA_036927265.1_ASM3692726v1_genomic","AT5G50000","CM072621.1",23888881,23891678,2797,3497.5,1
"3213","GCA_036927265.1_ASM3692726v1_genomic","AT1G30580","CM072617.1",10679653,10683613,3960,4953.75,1
"3311","GCA_036927265.1_ASM3692726v1_genomic","AT1G20070","CM072617.1",6940355,6941511,1156,1446.25,1
"3411","GCA_036927265.1_ASM3692726v1_genomic","AT3G25440","CM072619.1",9266395,9268213,1818,2273.75,1
"3511","GCA_036927265.1_ASM3692726v1_genomic","AT5G43680","CM072621.1",21104721,21106566,1845,2321.25,1
"3611","GCA_036927265.1_ASM3692726v1_genomic","AT1G67320","CM072617.1",27076879,27080700,3821,4778.75,1
"3711","GCA_036927265.1_ASM3692726v1_genomic","AT2G44950","CM072618.1",20663009,20669486,6477,8097.5,1
"3811","GCA_036927265.1_ASM3692726v1_genomic","AT5G24520","CM072621.1",8374945,8377475,2530,3163.75,1
"3911","GCA_036927265.1_ASM3692726v1_genomic","AT5G56890","CM072621.1",26528618,26534207,5589,6991.25,1
"4011","GCA_036927265.1_ASM3692726v1_genomic","AT1G24460","CM072617.1",8605097,8611872,6775,8472.5,1
"4115","GCA_036927265.1_ASM3692726v1_genomic","AT2G28800","CM072618.1",14483787,14487034,3247,4060,1
"4212","GCA_036927265.1_ASM3692726v1_genomic","AT5G13940","CM072621.1",4515077,4520567,5490,6863.75,1
"446","GCA_036927265.1_ASM3692726v1_genomic","AT1G19220","CM072617.1",6613395,6618837,5442,6813.75,1
"4510","GCA_036927265.1_ASM3692726v1_genomic","AT5G01220","CM072621.1",78649,82224,3575,4468.75,1
"4611","GCA_036927265.1_ASM3692726v1_genomic","AT1G02460","CM072617.1",509116,511937,2821,3507.5,1
"4711","GCA_036927265.1_ASM3692726v1_genomic","AT1G04110","CM072617.1",1067338,1069850,2512,3141.25,1
"4811","GCA_036927265.1_ASM3692726v1_genomic","AT4G01880","CM072620.1",823905,826183,2278,2842.5,1
"4911","GCA_036927265.1_ASM3692726v1_genomic","AT2G24430","CM072618.1",12495941,12499076,3135,3911.25,1
"507","GCA_036927265.1_ASM3692726v1_genomic","AT5G47870","CM072621.1",22931421,22932929,1508,1877.5,1
"160","GCA_036927275.1_ASM3692727v1_genomic","AT2G27810","CM072608.1",14765980,14770253,4273,5322.5,1
"260","GCA_036927275.1_ASM3692727v1_genomic","AT5G40530","CM072611.1",20432024,20433891,1867,2313.75,1
"360","GCA_036927275.1_ASM3692727v1_genomic","AT3G26115","CM072609.1",9520123,9522324,2201,2787.5,1
"438","GCA_036927275.1_ASM3692727v1_genomic","AT1G26750","CM072607.1",9146263,9147680,1417,1772.5,1
"517","GCA_036927275.1_ASM3692727v1_genomic","AT4G17540","CM072610.1",10942935,10944929,1994,2493.75,1
"612","GCA_036927275.1_ASM3692727v1_genomic","AT4G23950","CM072610.1",13564299,13566799,2500,3126.25,1
"712","GCA_036927275.1_ASM3692727v1_genomic","AT2G38360","CM072608.1",18980601,18981879,1278,1598.75,1
"812","GCA_036927275.1_ASM3692727v1_genomic","AT3G11090","CM072609.1",3488861,3489787,926,1158.75,1
"912","GCA_036927275.1_ASM3692727v1_genomic","AT5G24890","CM072611.1",8609455,8611207,1752,2190,1
"1012","GCA_036927275.1_ASM3692727v1_genomic","AT5G27970","CM072611.1",10057593,10068924,11331,14170,1
"1116","GCA_036927275.1_ASM3692727v1_genomic","AT1G49590","CM072607.1",20931271,20933260,1989,2487.5,1
"1214","GCA_036927275.1_ASM3692727v1_genomic","AT5G46910","CM072611.1",23181546,23186578,5032,6301.25,1
"1312","GCA_036927275.1_ASM3692727v1_genomic","AT1G77300","CM072607.1",31618219,31627743,9524,11916.25,1
"1412","GCA_036927275.1_ASM3692727v1_genomic","AT2G15560","CM072608.1",9705286,9707607,2321,2937.5,1
"1512","GCA_036927275.1_ASM3692727v1_genomic","AT3G27310","CM072609.1",10084440,10086594,2154,2693.75,1
"1612","GCA_036927275.1_ASM3692727v1_genomic","AT5G42950","CM072611.1",21432029,21439143,7114,8893.75,1
"1712","GCA_036927275.1_ASM3692727v1_genomic","AT5G47380","CM072611.1",23356912,23360291,3379,4223.75,1
"1812","GCA_036927275.1_ASM3692727v1_genomic","AT3G06035","CM072609.1",1822286,1823691,1405,1757.5,1
"1912","GCA_036927275.1_ASM3692727v1_genomic","AT2G38310","CM072608.1",18961144,18962582,1438,1798.75,1
"2012","GCA_036927275.1_ASM3692727v1_genomic","AT2G21100","CM072608.1",11998528,11999802,1274,1592.5,1
"2116","GCA_036927275.1_ASM3692727v1_genomic","AT1G27460","CM072607.1",9438665,9441827,3162,3908.75,1
"2214","GCA_036927275.1_ASM3692727v1_genomic","AT2G45320","CM072608.1",21602331,21604411,2080,2602.5,1
"2312","GCA_036927275.1_ASM3692727v1_genomic","AT1G30480","CM072607.1",10714448,10717149,2701,3380,1
"2412","GCA_036927275.1_ASM3692727v1_genomic","AT3G13840","CM072609.1",4553400,4555148,1748,2186.25,1
"2512","GCA_036927275.1_ASM3692727v1_genomic","AT5G38520","CM072611.1",19575467,19577604,2137,2678.75,1
"2612","GCA_036927275.1_ASM3692727v1_genomic","AT2G22260","CM072608.1",12403401,12406044,2643,3305,1
"2712","GCA_036927275.1_ASM3692727v1_genomic","AT1G49470","CM072607.1",20887947,20889233,1286,1608.75,1
"2812","GCA_036927275.1_ASM3692727v1_genomic","AT1G70560","CM072607.1",29195356,29198153,2797,3497.5,1
"2912","GCA_036927275.1_ASM3692727v1_genomic","AT3G10985","CM072609.1",3456171,3457611,1440,1805,1
"3012","GCA_036927275.1_ASM3692727v1_genomic","AT4G36390","CM072610.1",18310253,18312927,2674,3343.75,1
"3116","GCA_036927275.1_ASM3692727v1_genomic","AT4G34270","CM072610.1",17515985,17518423,2438,3075,1
"3214","GCA_036927275.1_ASM3692727v1_genomic","AT5G50000","CM072611.1",24467303,24470100,2797,3497.5,1
"3312","GCA_036927275.1_ASM3692727v1_genomic","AT1G30580","CM072607.1",10755202,10759162,3960,4953.75,1
"3412","GCA_036927275.1_ASM3692727v1_genomic","AT1G20070","CM072607.1",6978221,6979407,1186,1446.25,1
"3512","GCA_036927275.1_ASM3692727v1_genomic","AT3G25440","CM072609.1",9198941,9200759,1818,2273.75,1
"3612","GCA_036927275.1_ASM3692727v1_genomic","AT5G43680","CM072611.1",21749131,21750778,1647,2321.25,1
"3712","GCA_036927275.1_ASM3692727v1_genomic","AT1G67320","CM072607.1",27776588,27780410,3822,4778.75,1
"3812","GCA_036927275.1_ASM3692727v1_genomic","AT2G44950","CM072608.1",21463483,21469962,6479,8097.5,1
"3912","GCA_036927275.1_ASM3692727v1_genomic","AT5G24520","CM072611.1",8429460,8431990,2530,3163.75,1
"4012","GCA_036927275.1_ASM3692727v1_genomic","AT5G56890","CM072611.1",27119342,27124932,5590,6991.25,1
"4116","GCA_036927275.1_ASM3692727v1_genomic","AT1G24460","CM072607.1",8632894,8639669,6775,8472.5,1
"4213","GCA_036927275.1_ASM3692727v1_genomic","AT2G28800","CM072608.1",15270025,15273271,3246,4060,1
"439","GCA_036927275.1_ASM3692727v1_genomic","AT5G13940","CM072611.1",4535091,4540548,5457,6863.75,1
"4511","GCA_036927275.1_ASM3692727v1_genomic","AT1G19220","CM072607.1",6649605,6655047,5442,6813.75,1
"4612","GCA_036927275.1_ASM3692727v1_genomic","AT5G01220","CM072611.1",111611,115185,3574,4468.75,1
"4712","GCA_036927275.1_ASM3692727v1_genomic","AT1G02460","CM072607.1",518435,521244,2809,3507.5,1
"4812","GCA_036927275.1_ASM3692727v1_genomic","AT1G04110","CM072607.1",1077382,1079894,2512,3141.25,1
"4912","GCA_036927275.1_ASM3692727v1_genomic","AT4G01880","CM072610.1",884261,886533,2272,2842.5,1
"508","GCA_036927275.1_ASM3692727v1_genomic","AT2G24430","CM072608.1",13335844,13338968,3124,3911.25,1
"518","GCA_036927275.1_ASM3692727v1_genomic","AT5G47870","CM072611.1",23515960,23517466,1506,1877.5,1
"170","GCA_036927285.1_ASM3692728v1_genomic","AT2G27810","CM072613.1",13043548,13047804,4256,5322.5,1
"270","GCA_036927285.1_ASM3692728v1_genomic","AT5G40530","CM072616.1",19502088,19503955,1867,2313.75,1
"370","GCA_036927285.1_ASM3692728v1_genomic","AT3G26115","CM072614.1",9514561,9516764,2203,2787.5,1
"440","GCA_036927285.1_ASM3692728v1_genomic","AT1G26750","CM072612.1",9130465,9131894,1429,1772.5,1
"519","GCA_036927285.1_ASM3692728v1_genomic","AT4G17540","CM072615.1",11646504,11648498,1994,2493.75,1
"613","GCA_036927285.1_ASM3692728v1_genomic","AT4G23950","CM072615.1",14281327,14283827,2500,3126.25,1
"713","GCA_036927285.1_ASM3692728v1_genomic","AT2G38360","CM072613.1",17300636,17301914,1278,1598.75,1
"813","GCA_036927285.1_ASM3692728v1_genomic","AT3G11090","CM072614.1",3502076,3503002,926,1158.75,1
"913","GCA_036927285.1_ASM3692728v1_genomic","AT5G24890","CM072616.1",8725015,8726767,1752,2190,1
"1013","GCA_036927285.1_ASM3692728v1_genomic","AT5G27970","CM072616.1",10184634,10195967,11333,14170,1
"1117","GCA_036927285.1_ASM3692728v1_genomic","AT1G49590","CM072612.1",20989111,20991100,1989,2487.5,1
"1215","GCA_036927285.1_ASM3692728v1_genomic","AT5G46910","CM072616.1",22318988,22324040,5052,6301.25,1
"1313","GCA_036927285.1_ASM3692728v1_genomic","AT1G77300","CM072612.1",31693617,31703137,9520,11916.25,1
"1413","GCA_036927285.1_ASM3692728v1_genomic","AT2G15560","CM072613.1",7895119,7897389,2270,2937.5,1
"1513","GCA_036927285.1_ASM3692728v1_genomic","AT3G27310","CM072614.1",10060304,10062458,2154,2693.75,1
"1613","GCA_036927285.1_ASM3692728v1_genomic","AT5G42950","CM072616.1",20507951,20515409,7458,8893.75,1
"1713","GCA_036927285.1_ASM3692728v1_genomic","AT5G47380","CM072616.1",22496023,22499383,3360,4223.75,1
"1813","GCA_036927285.1_ASM3692728v1_genomic","AT3G06035","CM072614.1",1838459,1839861,1402,1757.5,1
"1913","GCA_036927285.1_ASM3692728v1_genomic","AT2G38310","CM072613.1",17281171,17282609,1438,1798.75,1
"2013","GCA_036927285.1_ASM3692728v1_genomic","AT1G27460","CM072612.1",9410974,9414136,3162,3908.75,1
"2117","GCA_036927285.1_ASM3692728v1_genomic","AT2G45320","CM072613.1",19913683,19915763,2080,2602.5,1
"2215","GCA_036927285.1_ASM3692728v1_genomic","AT1G30480","CM072612.1",10662990,10665658,2668,3380,1
"2313","GCA_036927285.1_ASM3692728v1_genomic","AT3G13840","CM072614.1",4559772,4561520,1748,2186.25,1
"2413","GCA_036927285.1_ASM3692728v1_genomic","AT5G38520","CM072616.1",18646854,18648994,2140,2678.75,1
"2513","GCA_036927285.1_ASM3692728v1_genomic","AT2G22260","CM072613.1",10583685,10586328,2643,3305,1
"2613","GCA_036927285.1_ASM3692728v1_genomic","AT1G49470","CM072612.1",20947214,20948500,1286,1608.75,1
"2713","GCA_036927285.1_ASM3692728v1_genomic","AT1G70560","CM072612.1",29257160,29259958,2798,3497.5,1
"2813","GCA_036927285.1_ASM3692728v1_genomic","AT3G10985","CM072614.1",3469020,3470459,1439,1805,1
"2913","GCA_036927285.1_ASM3692728v1_genomic","AT4G36390","CM072615.1",19111540,19114212,2672,3343.75,1
"3013","GCA_036927285.1_ASM3692728v1_genomic","AT4G34270","CM072615.1",18308656,18311115,2459,3075,1
"3117","GCA_036927285.1_ASM3692728v1_genomic","AT5G50000","CM072616.1",23618961,23621758,2797,3497.5,1
"3215","GCA_036927285.1_ASM3692728v1_genomic","AT1G30580","CM072612.1",10704416,10708375,3959,4953.75,1
"3313","GCA_036927285.1_ASM3692728v1_genomic","AT1G20070","CM072612.1",6962168,6963324,1156,1446.25,1
"3413","GCA_036927285.1_ASM3692728v1_genomic","AT3G25440","CM072614.1",9211525,9213341,1816,2273.75,1
"3513","GCA_036927285.1_ASM3692728v1_genomic","AT5G43680","CM072616.1",20804835,20806502,1667,2321.25,1
"3613","GCA_036927285.1_ASM3692728v1_genomic","AT1G67320","CM072612.1",27844843,27848665,3822,4778.75,1
"3713","GCA_036927285.1_ASM3692728v1_genomic","AT2G44950","CM072613.1",19774641,19781118,6477,8097.5,1
"3813","GCA_036927285.1_ASM3692728v1_genomic","AT5G24520","CM072616.1",8529808,8532338,2530,3163.75,1
"3913","GCA_036927285.1_ASM3692728v1_genomic","AT5G56890","CM072616.1",26303341,26308930,5589,6991.25,1
"4013","GCA_036927285.1_ASM3692728v1_genomic","AT1G24460","CM072612.1",8632331,8639106,6775,8472.5,1
"4117","GCA_036927285.1_ASM3692728v1_genomic","AT2G28800","CM072613.1",13570519,13573766,3247,4060,1
"4214","GCA_036927285.1_ASM3692728v1_genomic","AT5G13940","CM072616.1",4572890,4578380,5490,6863.75,1
"447","GCA_036927285.1_ASM3692728v1_genomic","AT1G19220","CM072612.1",6615708,6621145,5437,6813.75,1
"4512","GCA_036927285.1_ASM3692728v1_genomic","AT5G01220","CM072616.1",87214,90792,3578,4468.75,1
"4613","GCA_036927285.1_ASM3692728v1_genomic","AT1G02460","CM072612.1",519328,522147,2819,3507.5,1
"4713","GCA_036927285.1_ASM3692728v1_genomic","AT1G04110","CM072612.1",1103084,1105596,2512,3141.25,1
"4813","GCA_036927285.1_ASM3692728v1_genomic","AT4G01880","CM072615.1",765282,767554,2272,2842.5,1
"4913","GCA_036927285.1_ASM3692728v1_genomic","AT2G24430","CM072613.1",11517546,11520674,3128,3911.25,1
"509","GCA_036927285.1_ASM3692728v1_genomic","AT5G47870","CM072616.1",22654859,22656360,1501,1877.5,1
"180","GCA_036927355.1_ASM3692735v1_genomic","AT2G27810","CM072603.1",14380326,14384582,4256,5322.5,1
"280","GCA_036927355.1_ASM3692735v1_genomic","AT5G40530","CM072606.1",19995422,19997289,1867,2313.75,1
"380","GCA_036927355.1_ASM3692735v1_genomic","AT3G26115","CM072604.1",9603070,9605597,2527,2787.5,1
"448","GCA_036927355.1_ASM3692735v1_genomic","AT1G26750","CM072602.1",9180521,9181950,1429,1772.5,1
"520","GCA_036927355.1_ASM3692735v1_genomic","AT4G17540","CM072605.1",13283116,13285110,1994,2493.75,1
"614","GCA_036927355.1_ASM3692735v1_genomic","AT4G23950","CM072605.1",16028114,16030614,2500,3126.25,1
"714","GCA_036927355.1_ASM3692735v1_genomic","AT2G38360","CM072603.1",18623602,18624880,1278,1598.75,1
"814","GCA_036927355.1_ASM3692735v1_genomic","AT3G11090","CM072604.1",3559120,3560046,926,1158.75,1
"914","GCA_036927355.1_ASM3692735v1_genomic","AT5G24890","CM072606.1",8674165,8675915,1750,2190,1
"1014","GCA_036927355.1_ASM3692735v1_genomic","AT5G27970","CM072606.1",10160626,10171971,11345,14170,1
"1118","GCA_036927355.1_ASM3692735v1_genomic","AT1G49590","CM072602.1",21748810,21750799,1989,2487.5,1
"1216","GCA_036927355.1_ASM3692735v1_genomic","AT5G46910","CM072606.1",22780191,22785234,5043,6301.25,1
"1314","GCA_036927355.1_ASM3692735v1_genomic","AT1G77300","CM072602.1",32348898,32358419,9521,11916.25,1
"1414","GCA_036927355.1_ASM3692735v1_genomic","AT2G15560","CM072603.1",9228707,9231055,2348,2937.5,1
"1514","GCA_036927355.1_ASM3692735v1_genomic","AT3G27310","CM072604.1",10137159,10139298,2139,2693.75,1
"1614","GCA_036927355.1_ASM3692735v1_genomic","AT5G42950","CM072606.1",21003956,21011071,7115,8893.75,1
"1714","GCA_036927355.1_ASM3692735v1_genomic","AT5G47380","CM072606.1",22947562,22950939,3377,4223.75,1
"1814","GCA_036927355.1_ASM3692735v1_genomic","AT3G06035","CM072604.1",1844932,1846338,1406,1757.5,1
"1914","GCA_036927355.1_ASM3692735v1_genomic","AT2G38310","CM072603.1",18604148,18605588,1440,1798.75,1
"2014","GCA_036927355.1_ASM3692735v1_genomic","AT1G27460","CM072602.1",9466018,9469144,3126,3908.75,1
"2118","GCA_036927355.1_ASM3692735v1_genomic","AT2G45320","CM072603.1",21253768,21255849,2081,2602.5,1
"2216","GCA_036927355.1_ASM3692735v1_genomic","AT1G30480","CM072602.1",10818527,10821223,2696,3380,1
"2314","GCA_036927355.1_ASM3692735v1_genomic","AT3G13840","CM072604.1",4641536,4643284,1748,2186.25,1
"2414","GCA_036927355.1_ASM3692735v1_genomic","AT5G38520","CM072606.1",19225317,19227371,2054,2678.75,1
"2514","GCA_036927355.1_ASM3692735v1_genomic","AT2G22260","CM072603.1",11986915,11989644,2729,3305,1
"2614","GCA_036927355.1_ASM3692735v1_genomic","AT1G49470","CM072602.1",21705735,21707021,1286,1608.75,1
"2714","GCA_036927355.1_ASM3692735v1_genomic","AT1G70560","CM072602.1",29886966,29889763,2797,3497.5,1
"2814","GCA_036927355.1_ASM3692735v1_genomic","AT3G10985","CM072604.1",3522266,3523658,1392,1805,1
"2914","GCA_036927355.1_ASM3692735v1_genomic","AT4G36390","CM072605.1",20813238,20815922,2684,3343.75,1
"3014","GCA_036927355.1_ASM3692735v1_genomic","AT4G34270","CM072605.1",20032352,20034797,2445,3075,1
"3118","GCA_036927355.1_ASM3692735v1_genomic","AT5G50000","CM072606.1",24086150,24088949,2799,3497.5,1
"3216","GCA_036927355.1_ASM3692735v1_genomic","AT1G30580","CM072602.1",10859201,10863160,3959,4953.75,1
"3314","GCA_036927355.1_ASM3692735v1_genomic","AT1G20070","CM072602.1",6983806,6984962,1156,1446.25,1
"3414","GCA_036927355.1_ASM3692735v1_genomic","AT3G25440","CM072604.1",9306250,9308066,1816,2273.75,1
"3514","GCA_036927355.1_ASM3692735v1_genomic","AT5G43680","CM072606.1",21298176,21299843,1667,2321.25,1
"3614","GCA_036927355.1_ASM3692735v1_genomic","AT1G67320","CM072602.1",28477231,28481053,3822,4778.75,1
"3714","GCA_036927355.1_ASM3692735v1_genomic","AT2G44950","CM072603.1",21117123,21123600,6477,8097.5,1
"3814","GCA_036927355.1_ASM3692735v1_genomic","AT5G24520","CM072606.1",8469142,8471671,2529,3163.75,1
"3914","GCA_036927355.1_ASM3692735v1_genomic","AT5G56890","CM072606.1",26735940,26741521,5581,6991.25,1
"4014","GCA_036927355.1_ASM3692735v1_genomic","AT1G24460","CM072602.1",8682818,8689593,6775,8472.5,1
"4118","GCA_036927355.1_ASM3692735v1_genomic","AT2G28800","CM072603.1",14901830,14905091,3261,4060,1
"4215","GCA_036927355.1_ASM3692735v1_genomic","AT5G13940","CM072606.1",4529873,4535369,5496,6863.75,1
"4513","GCA_036927355.1_ASM3692735v1_genomic","AT1G19220","CM072602.1",6652377,6657837,5460,6813.75,1
"4614","GCA_036927355.1_ASM3692735v1_genomic","AT5G01220","CM072606.1",84428,88007,3579,4468.75,1
"4714","GCA_036927355.1_ASM3692735v1_genomic","AT1G02460","CM072602.1",526160,528971,2811,3507.5,1
"4814","GCA_036927355.1_ASM3692735v1_genomic","AT1G04110","CM072602.1",1089477,1091989,2512,3141.25,1
"4914","GCA_036927355.1_ASM3692735v1_genomic","AT4G01880","CM072605.1",821624,823897,2273,2842.5,1
"5010","GCA_036927355.1_ASM3692735v1_genomic","AT2G24430","CM072603.1",12900174,12903302,3128,3911.25,1
"5110","GCA_036927355.1_ASM3692735v1_genomic","AT5G47870","CM072606.1",23116296,23117797,1501,1877.5,1
"190","GCA_036927365.1_ASM3692736v1_genomic","AT2G27810","CM072593.1",12316119,12320388,4269,5322.5,1
"290","GCA_036927365.1_ASM3692736v1_genomic","AT5G40530","CM072596.1",20424825,20426675,1850,2313.75,1
"390","GCA_036927365.1_ASM3692736v1_genomic","AT3G26115","CM072594.1",9593001,9595230,2229,2787.5,1
"449","GCA_036927365.1_ASM3692736v1_genomic","AT1G26750","CM072592.1",9104293,9105710,1417,1772.5,1
"522","GCA_036927365.1_ASM3692736v1_genomic","AT4G17540","CM072595.1",12254601,12256595,1994,2493.75,1
"615","GCA_036927365.1_ASM3692736v1_genomic","AT4G23950","CM072595.1",14869133,14871633,2500,3126.25,1
"715","GCA_036927365.1_ASM3692736v1_genomic","AT2G38360","CM072593.1",16561624,16562902,1278,1598.75,1
"815","GCA_036927365.1_ASM3692736v1_genomic","AT3G11090","CM072594.1",3525434,3526360,926,1158.75,1
"915","GCA_036927365.1_ASM3692736v1_genomic","AT5G24890","CM072596.1",8555387,8557138,1751,2190,1
"1015","GCA_036927365.1_ASM3692736v1_genomic","AT5G27970","CM072596.1",9992124,10003455,11331,14170,1
"1119","GCA_036927365.1_ASM3692736v1_genomic","AT1G49590","CM072592.1",20006174,20008175,2001,2487.5,1
"1217","GCA_036927365.1_ASM3692736v1_genomic","AT5G46910","CM072596.1",23203946,23208992,5046,6301.25,1
"1315","GCA_036927365.1_ASM3692736v1_genomic","AT1G77300","CM072592.1",30599928,30609456,9528,11916.25,1
"1415","GCA_036927365.1_ASM3692736v1_genomic","AT2G15560","CM072593.1",7191527,7193848,2321,2937.5,1
"1515","GCA_036927365.1_ASM3692736v1_genomic","AT3G27310","CM072594.1",10128511,10130665,2154,2693.75,1
"1615","GCA_036927365.1_ASM3692736v1_genomic","AT5G42950","CM072596.1",21419998,21427114,7116,8893.75,1
"1715","GCA_036927365.1_ASM3692736v1_genomic","AT5G47380","CM072596.1",23375784,23379162,3378,4223.75,1
"1815","GCA_036927365.1_ASM3692736v1_genomic","AT3G06035","CM072594.1",1843544,1844950,1406,1757.5,1
"1915","GCA_036927365.1_ASM3692736v1_genomic","AT2G38310","CM072593.1",16542168,16543606,1438,1798.75,1
"2015","GCA_036927365.1_ASM3692736v1_genomic","AT1G27460","CM072592.1",9382195,9385321,3126,3908.75,1
"2119","GCA_036927365.1_ASM3692736v1_genomic","AT2G45320","CM072593.1",19167423,19169504,2081,2602.5,1
"2217","GCA_036927365.1_ASM3692736v1_genomic","AT1G30480","CM072592.1",10621948,10624651,2703,3380,1
"2315","GCA_036927365.1_ASM3692736v1_genomic","AT3G13840","CM072594.1",4584319,4586067,1748,2186.25,1
"2415","GCA_036927365.1_ASM3692736v1_genomic","AT5G38520","CM072596.1",19603810,19605947,2137,2678.75,1
"2515","GCA_036927365.1_ASM3692736v1_genomic","AT2G22260","CM072593.1",9922051,9924694,2643,3305,1
"2615","GCA_036927365.1_ASM3692736v1_genomic","AT1G49470","CM072592.1",19961878,19963164,1286,1608.75,1
"2715","GCA_036927365.1_ASM3692736v1_genomic","AT1G70560","CM072592.1",28174695,28177492,2797,3497.5,1
"2815","GCA_036927365.1_ASM3692736v1_genomic","AT3G10985","CM072594.1",3492264,3493704,1440,1805,1
"2915","GCA_036927365.1_ASM3692736v1_genomic","AT4G36390","CM072595.1",19639222,19641896,2674,3343.75,1
"3015","GCA_036927365.1_ASM3692736v1_genomic","AT4G34270","CM072595.1",18829677,18832134,2457,3075,1
"3119","GCA_036927365.1_ASM3692736v1_genomic","AT5G50000","CM072596.1",24489644,24492441,2797,3497.5,1
"3217","GCA_036927365.1_ASM3692736v1_genomic","AT1G30580","CM072592.1",10664479,10668439,3960,4953.75,1
"3315","GCA_036927365.1_ASM3692736v1_genomic","AT1G20070","CM072592.1",6923654,6924810,1156,1446.25,1
"3415","GCA_036927365.1_ASM3692736v1_genomic","AT3G25440","CM072594.1",9287110,9288928,1818,2273.75,1
"3515","GCA_036927365.1_ASM3692736v1_genomic","AT5G43680","CM072596.1",21732305,21733952,1647,2321.25,1
"3615","GCA_036927365.1_ASM3692736v1_genomic","AT1G67320","CM072592.1",26776069,26779892,3823,4778.75,1
"3715","GCA_036927365.1_ASM3692736v1_genomic","AT2G44950","CM072593.1",19028616,19035093,6477,8097.5,1
"3815","GCA_036927365.1_ASM3692736v1_genomic","AT5G24520","CM072596.1",8375405,8377935,2530,3163.75,1
"3915","GCA_036927365.1_ASM3692736v1_genomic","AT5G56890","CM072596.1",27120344,27125933,5589,6991.25,1
"4015","GCA_036927365.1_ASM3692736v1_genomic","AT1G24460","CM072592.1",8595846,8602621,6775,8472.5,1
"4119","GCA_036927365.1_ASM3692736v1_genomic","AT2G28800","CM072593.1",12826820,12830067,3247,4060,1
"4216","GCA_036927365.1_ASM3692736v1_genomic","AT5G13940","CM072596.1",4479962,4485452,5490,6863.75,1
"4514","GCA_036927365.1_ASM3692736v1_genomic","AT1G19220","CM072592.1",6598030,6603482,5452,6813.75,1
"4615","GCA_036927365.1_ASM3692736v1_genomic","AT5G01220","CM072596.1",84914,88487,3573,4468.75,1
"4715","GCA_036927365.1_ASM3692736v1_genomic","AT1G02460","CM072592.1",508368,511168,2800,3507.5,1
"4815","GCA_036927365.1_ASM3692736v1_genomic","AT1G04110","CM072592.1",1071062,1073574,2512,3141.25,1
"4915","GCA_036927365.1_ASM3692736v1_genomic","AT4G01880","CM072595.1",864577,866849,2272,2842.5,1
"5011","GCA_036927365.1_ASM3692736v1_genomic","AT2G24430","CM072593.1",10865369,10868492,3123,3911.25,1
"5111","GCA_036927365.1_ASM3692736v1_genomic","AT5G47870","CM072596.1",23534588,23536094,1506,1877.5,1
"1100","GCA_036927375.1_ASM3692737v1_genomic","AT2G27810","CM072598.1",12995954,13000216,4262,5322.5,1
"2100","GCA_036927375.1_ASM3692737v1_genomic","AT5G40530","CM072601.1",18651878,18653745,1867,2313.75,1
"3100","GCA_036927375.1_ASM3692737v1_genomic","AT3G26115","CM072599.1",9581474,9583703,2229,2787.5,1
"450","GCA_036927375.1_ASM3692737v1_genomic","AT1G26750","CM072597.1",9135717,9137134,1417,1772.5,1
"523","GCA_036927375.1_ASM3692737v1_genomic","AT4G17540","CM072600.1",13915114,13917108,1994,2493.75,1
"616","GCA_036927375.1_ASM3692737v1_genomic","AT4G23950","CM072600.1",16598595,16601095,2500,3126.25,1
"716","GCA_036927375.1_ASM3692737v1_genomic","AT2G38360","CM072598.1",17184552,17185830,1278,1598.75,1
"816","GCA_036927375.1_ASM3692737v1_genomic","AT3G11090","CM072599.1",3546651,3547577,926,1158.75,1
"916","GCA_036927375.1_ASM3692737v1_genomic","AT5G24890","CM072601.1",8638091,8639839,1748,2190,1
"1016","GCA_036927375.1_ASM3692737v1_genomic","AT5G27970","CM072601.1",10069906,10081241,11335,14170,1
"1120","GCA_036927375.1_ASM3692737v1_genomic","AT1G49590","CM072597.1",19151319,19153308,1989,2487.5,1
"1218","GCA_036927375.1_ASM3692737v1_genomic","AT5G46910","CM072601.1",21453337,21458377,5040,6301.25,1
"1316","GCA_036927375.1_ASM3692737v1_genomic","AT1G77300","CM072597.1",29982352,29991876,9524,11916.25,1
"1416","GCA_036927375.1_ASM3692737v1_genomic","AT2G15560","CM072598.1",7840548,7842869,2321,2937.5,1
"1516","GCA_036927375.1_ASM3692737v1_genomic","AT3G27310","CM072599.1",10145273,10147426,2153,2693.75,1
"1616","GCA_036927375.1_ASM3692737v1_genomic","AT5G42950","CM072601.1",19644727,19651836,7109,8893.75,1
"1716","GCA_036927375.1_ASM3692737v1_genomic","AT5G47380","CM072601.1",21627980,21631336,3356,4223.75,1
"1816","GCA_036927375.1_ASM3692737v1_genomic","AT3G06035","CM072599.1",1822061,1823466,1405,1757.5,1
"1916","GCA_036927375.1_ASM3692737v1_genomic","AT2G38310","CM072598.1",17165106,17166544,1438,1798.75,1
"2016","GCA_036927375.1_ASM3692737v1_genomic","AT1G27460","CM072597.1",9413501,9416627,3126,3908.75,1
"2120","GCA_036927375.1_ASM3692737v1_genomic","AT2G45320","CM072598.1",19800661,19802742,2081,2602.5,1
"2218","GCA_036927375.1_ASM3692737v1_genomic","AT1G30480","CM072597.1",10654361,10657049,2688,3380,1
"2316","GCA_036927375.1_ASM3692737v1_genomic","AT3G13840","CM072599.1",4600326,4602074,1748,2186.25,1
"2416","GCA_036927375.1_ASM3692737v1_genomic","AT5G38520","CM072601.1",17813417,17815558,2141,2678.75,1
"2516","GCA_036927375.1_ASM3692737v1_genomic","AT2G22260","CM072598.1",10574711,10577354,2643,3305,1
"2616","GCA_036927375.1_ASM3692737v1_genomic","AT1G49470","CM072597.1",19107959,19109245,1286,1608.75,1
"2716","GCA_036927375.1_ASM3692737v1_genomic","AT1G70560","CM072597.1",27513922,27516719,2797,3497.5,1
"2816","GCA_036927375.1_ASM3692737v1_genomic","AT3G10985","CM072599.1",3513972,3515415,1443,1805,1
"2916","GCA_036927375.1_ASM3692737v1_genomic","AT4G36390","CM072600.1",21396670,21399344,2674,3343.75,1
"3016","GCA_036927375.1_ASM3692737v1_genomic","AT4G34270","CM072600.1",20601368,20603813,2445,3075,1
"3120","GCA_036927375.1_ASM3692737v1_genomic","AT5G50000","CM072601.1",22751925,22754723,2798,3497.5,1
"3218","GCA_036927375.1_ASM3692737v1_genomic","AT1G30580","CM072597.1",10695085,10699045,3960,4953.75,1
"3416","GCA_036927375.1_ASM3692737v1_genomic","AT1G20070","CM072597.1",6963341,6964497,1156,1446.25,1
"3516","GCA_036927375.1_ASM3692737v1_genomic","AT3G25440","CM072599.1",9269128,9270943,1815,2273.75,1
"3616","GCA_036927375.1_ASM3692737v1_genomic","AT5G43680","CM072601.1",19956745,19958412,1667,2321.25,1
"3716","GCA_036927375.1_ASM3692737v1_genomic","AT1G67320","CM072597.1",26101175,26104997,3822,4778.75,1
"3816","GCA_036927375.1_ASM3692737v1_genomic","AT2G44950","CM072598.1",19661833,19668310,6477,8097.5,1
"3916","GCA_036927375.1_ASM3692737v1_genomic","AT5G24520","CM072601.1",8451324,8453854,2530,3163.75,1
"4016","GCA_036927375.1_ASM3692737v1_genomic","AT5G56890","CM072601.1",25410281,25415861,5580,6991.25,1
"4120","GCA_036927375.1_ASM3692737v1_genomic","AT1G24460","CM072597.1",8638297,8645072,6775,8472.5,1
"4217","GCA_036927375.1_ASM3692737v1_genomic","AT2G28800","CM072598.1",13499053,13502300,3247,4060,1
"4310","GCA_036927375.1_ASM3692737v1_genomic","AT5G13940","CM072601.1",4511601,4517051,5450,6863.75,1
"4616","GCA_036927375.1_ASM3692737v1_genomic","AT1G19220","CM072597.1",6634787,6640229,5442,6813.75,1
"4716","GCA_036927375.1_ASM3692737v1_genomic","AT5G01220","CM072601.1",86620,90194,3574,4468.75,1
"4816","GCA_036927375.1_ASM3692737v1_genomic","AT1G02460","CM072597.1",519650,522439,2789,3507.5,1
"4916","GCA_036927375.1_ASM3692737v1_genomic","AT1G04110","CM072597.1",1094884,1097396,2512,3141.25,1
"5012","GCA_036927375.1_ASM3692737v1_genomic","AT4G01880","CM072600.1",857670,859942,2272,2842.5,1
"5112","GCA_036927375.1_ASM3692737v1_genomic","AT2G24430","CM072598.1",11527316,11530422,3106,3911.25,1
"524","GCA_036927375.1_ASM3692737v1_genomic","AT5G47870","CM072601.1",21789854,21791356,1502,1877.5,1
"1101","GCA_036927385.1_ASM3692738v1_genomic","AT2G27810","CM072588.1",14837102,14841364,4262,5322.5,1
"2101","GCA_036927385.1_ASM3692738v1_genomic","AT5G40530","CM072591.1",19593209,19595076,1867,2313.75,1
"3101","GCA_036927385.1_ASM3692738v1_genomic","AT3G26115","CM072589.1",9528268,9530470,2202,2787.5,1
"460","GCA_036927385.1_ASM3692738v1_genomic","AT1G26750","CM072587.1",9160041,9161455,1414,1772.5,1
"525","GCA_036927385.1_ASM3692738v1_genomic","AT4G17540","CM072590.1",10392038,10394022,1984,2493.75,1
"617","GCA_036927385.1_ASM3692738v1_genomic","AT4G23950","CM072590.1",13008140,13010640,2500,3126.25,1
"717","GCA_036927385.1_ASM3692738v1_genomic","AT2G38360","CM072588.1",19043946,19045224,1278,1598.75,1
"817","GCA_036927385.1_ASM3692738v1_genomic","AT3G11090","CM072589.1",3513545,3514471,926,1158.75,1
"917","GCA_036927385.1_ASM3692738v1_genomic","AT5G24890","CM072591.1",8594013,8595763,1750,2190,1
"1017","GCA_036927385.1_ASM3692738v1_genomic","AT5G27970","CM072591.1",10060538,10071875,11337,14170,1
"1121","GCA_036927385.1_ASM3692738v1_genomic","AT1G49590","CM072587.1",19964473,19966474,2001,2487.5,1
"1219","GCA_036927385.1_ASM3692738v1_genomic","AT5G46910","CM072591.1",22348802,22353834,5032,6301.25,1
"1317","GCA_036927385.1_ASM3692738v1_genomic","AT1G77300","CM072587.1",30584115,30593647,9532,11916.25,1
"1417","GCA_036927385.1_ASM3692738v1_genomic","AT2G15560","CM072588.1",9733154,9735474,2320,2937.5,1
"1517","GCA_036927385.1_ASM3692738v1_genomic","AT3G27310","CM072589.1",10075086,10077240,2154,2693.75,1
"1617","GCA_036927385.1_ASM3692738v1_genomic","AT5G42950","CM072591.1",20577284,20584398,7114,8893.75,1
"1717","GCA_036927385.1_ASM3692738v1_genomic","AT5G47380","CM072591.1",22529022,22532400,3378,4223.75,1
"1817","GCA_036927385.1_ASM3692738v1_genomic","AT3G06035","CM072589.1",1859470,1860875,1405,1757.5,1
"1917","GCA_036927385.1_ASM3692738v1_genomic","AT2G38310","CM072588.1",19024479,19025917,1438,1798.75,1
"2017","GCA_036927385.1_ASM3692738v1_genomic","AT2G21100","CM072588.1",12044613,12045887,1274,1592.5,1
"2121","GCA_036927385.1_ASM3692738v1_genomic","AT1G27460","CM072587.1",9433777,9436903,3126,3908.75,1
"2219","GCA_036927385.1_ASM3692738v1_genomic","AT2G45320","CM072588.1",21645344,21647424,2080,2602.5,1
"2317","GCA_036927385.1_ASM3692738v1_genomic","AT1G30480","CM072587.1",10697184,10699886,2702,3380,1
"2417","GCA_036927385.1_ASM3692738v1_genomic","AT3G13840","CM072589.1",4575255,4577003,1748,2186.25,1
"2517","GCA_036927385.1_ASM3692738v1_genomic","AT5G38520","CM072591.1",18816929,18819071,2142,2678.75,1
"2617","GCA_036927385.1_ASM3692738v1_genomic","AT2G22260","CM072588.1",12456655,12459299,2644,3305,1
"2717","GCA_036927385.1_ASM3692738v1_genomic","AT1G49470","CM072587.1",19919851,19921137,1286,1608.75,1
"2817","GCA_036927385.1_ASM3692738v1_genomic","AT1G70560","CM072587.1",28145273,28148068,2795,3497.5,1
"2917","GCA_036927385.1_ASM3692738v1_genomic","AT3G10985","CM072589.1",3481329,3482769,1440,1805,1
"3017","GCA_036927385.1_ASM3692738v1_genomic","AT4G36390","CM072590.1",17763262,17765936,2674,3343.75,1
"3121","GCA_036927385.1_ASM3692738v1_genomic","AT4G34270","CM072590.1",16970237,16972696,2459,3075,1
"3219","GCA_036927385.1_ASM3692738v1_genomic","AT5G50000","CM072591.1",23661122,23663918,2796,3497.5,1
"3316","GCA_036927385.1_ASM3692738v1_genomic","AT1G30580","CM072587.1",10738831,10742791,3960,4953.75,1
"3417","GCA_036927385.1_ASM3692738v1_genomic","AT1G20070","CM072587.1",7009640,7010796,1156,1446.25,1
"3517","GCA_036927385.1_ASM3692738v1_genomic","AT3G25440","CM072589.1",9219509,9221314,1805,2273.75,1
"3617","GCA_036927385.1_ASM3692738v1_genomic","AT5G43680","CM072591.1",20872247,20874091,1844,2321.25,1
"3717","GCA_036927385.1_ASM3692738v1_genomic","AT1G67320","CM072587.1",26728321,26732143,3822,4778.75,1
"3817","GCA_036927385.1_ASM3692738v1_genomic","AT2G44950","CM072588.1",21506498,21512975,6477,8097.5,1
"3917","GCA_036927385.1_ASM3692738v1_genomic","AT5G24520","CM072591.1",8402784,8405314,2530,3163.75,1
"4017","GCA_036927385.1_ASM3692738v1_genomic","AT5G56890","CM072591.1",26303778,26309368,5590,6991.25,1
"4121","GCA_036927385.1_ASM3692738v1_genomic","AT1G24460","CM072587.1",8649430,8656205,6775,8472.5,1
"4218","GCA_036927385.1_ASM3692738v1_genomic","AT2G28800","CM072588.1",15341367,15344614,3247,4060,1
"4311","GCA_036927385.1_ASM3692738v1_genomic","AT5G13940","CM072591.1",4515767,4521275,5508,6863.75,1
"4515","GCA_036927385.1_ASM3692738v1_genomic","AT1G19220","CM072587.1",6683205,6688650,5445,6813.75,1
"4617","GCA_036927385.1_ASM3692738v1_genomic","AT5G01220","CM072591.1",82470,86043,3573,4468.75,1
"4717","GCA_036927385.1_ASM3692738v1_genomic","AT1G02460","CM072587.1",511589,514384,2795,3507.5,1
"4817","GCA_036927385.1_ASM3692738v1_genomic","AT1G04110","CM072587.1",1074389,1076901,2512,3141.25,1
"4917","GCA_036927385.1_ASM3692738v1_genomic","AT4G01880","CM072590.1",862571,864843,2272,2842.5,1
"5013","GCA_036927385.1_ASM3692738v1_genomic","AT2G24430","CM072588.1",13390231,13393356,3125,3911.25,1
"5113","GCA_036927385.1_ASM3692738v1_genomic","AT5G47870","CM072591.1",22688875,22690380,1505,1877.5,1
"1102","GCA_036927435.1_ASM3692743v1_genomic","AT2G27810","CM072583.1",14667911,14672165,4254,5322.5,1
"2102","GCA_036927435.1_ASM3692743v1_genomic","AT5G40530","CM072586.1",19802162,19804029,1867,2313.75,1
"3102","GCA_036927435.1_ASM3692743v1_genomic","AT3G26115","CM072584.1",9552724,9554821,2097,2787.5,1
"470","GCA_036927435.1_ASM3692743v1_genomic","AT1G26750","CM072582.1",9210766,9212183,1417,1772.5,1
"526","GCA_036927435.1_ASM3692743v1_genomic","AT4G17540","CM072585.1",11484203,11486197,1994,2493.75,1
"618","GCA_036927435.1_ASM3692743v1_genomic","AT4G23950","CM072585.1",14098194,14100694,2500,3126.25,1
"718","GCA_036927435.1_ASM3692743v1_genomic","AT2G38360","CM072583.1",18925038,18926316,1278,1598.75,1
"818","GCA_036927435.1_ASM3692743v1_genomic","AT3G11090","CM072584.1",3532160,3533086,926,1158.75,1
"918","GCA_036927435.1_ASM3692743v1_genomic","AT5G24890","CM072586.1",8623052,8624808,1756,2190,1
"1018","GCA_036927435.1_ASM3692743v1_genomic","AT5G27970","CM072586.1",10099025,10110362,11337,14170,1
"1122","GCA_036927435.1_ASM3692743v1_genomic","AT1G49590","CM072582.1",21532631,21534620,1989,2487.5,1
"1220","GCA_036927435.1_ASM3692743v1_genomic","AT5G46910","CM072586.1",22656068,22661108,5040,6301.25,1
"1318","GCA_036927435.1_ASM3692743v1_genomic","AT1G77300","CM072582.1",32314220,32323753,9533,11916.25,1
"1418","GCA_036927435.1_ASM3692743v1_genomic","AT2G15560","CM072583.1",9570679,9573027,2348,2937.5,1
"1518","GCA_036927435.1_ASM3692743v1_genomic","AT3G27310","CM072584.1",10102757,10104911,2154,2693.75,1
"1618","GCA_036927435.1_ASM3692743v1_genomic","AT5G42950","CM072586.1",20854648,20861755,7107,8893.75,1
"1718","GCA_036927435.1_ASM3692743v1_genomic","AT5G47380","CM072586.1",22830556,22833930,3374,4223.75,1
"1818","GCA_036927435.1_ASM3692743v1_genomic","AT3G06035","CM072584.1",1820838,1822243,1405,1757.5,1
"1918","GCA_036927435.1_ASM3692743v1_genomic","AT2G38310","CM072583.1",18905596,18907034,1438,1798.75,1
"2018","GCA_036927435.1_ASM3692743v1_genomic","AT1G27460","CM072582.1",9498075,9501237,3162,3908.75,1
"2122","GCA_036927435.1_ASM3692743v1_genomic","AT2G45320","CM072583.1",21553665,21555746,2081,2602.5,1
"2220","GCA_036927435.1_ASM3692743v1_genomic","AT1G30480","CM072582.1",10774009,10776705,2696,3380,1
"2318","GCA_036927435.1_ASM3692743v1_genomic","AT3G13840","CM072584.1",4593969,4595717,1748,2186.25,1
"2418","GCA_036927435.1_ASM3692743v1_genomic","AT5G38520","CM072586.1",18915288,18917415,2127,2678.75,1
"2518","GCA_036927435.1_ASM3692743v1_genomic","AT2G22260","CM072583.1",12286928,12289571,2643,3305,1
"2618","GCA_036927435.1_ASM3692743v1_genomic","AT1G49470","CM072582.1",21490902,21492188,1286,1608.75,1
"2718","GCA_036927435.1_ASM3692743v1_genomic","AT1G70560","CM072582.1",29863999,29866797,2798,3497.5,1
"2818","GCA_036927435.1_ASM3692743v1_genomic","AT3G10985","CM072584.1",3499986,3501375,1389,1805,1
"2918","GCA_036927435.1_ASM3692743v1_genomic","AT4G36390","CM072585.1",19056437,19059126,2689,3343.75,1
"3018","GCA_036927435.1_ASM3692743v1_genomic","AT4G34270","CM072585.1",18265520,18267965,2445,3075,1
"3122","GCA_036927435.1_ASM3692743v1_genomic","AT5G50000","CM072586.1",23945204,23948001,2797,3497.5,1
"3220","GCA_036927435.1_ASM3692743v1_genomic","AT1G30580","CM072582.1",10814728,10818688,3960,4953.75,1
"3317","GCA_036927435.1_ASM3692743v1_genomic","AT1G20070","CM072582.1",7050202,7051358,1156,1446.25,1
"3418","GCA_036927435.1_ASM3692743v1_genomic","AT3G25440","CM072584.1",9246548,9248362,1814,2273.75,1
"3518","GCA_036927435.1_ASM3692743v1_genomic","AT5G43680","CM072586.1",21162775,21164630,1855,2321.25,1
"3618","GCA_036927435.1_ASM3692743v1_genomic","AT1G67320","CM072582.1",28427039,28430861,3822,4778.75,1
"3718","GCA_036927435.1_ASM3692743v1_genomic","AT2G44950","CM072583.1",21418169,21424647,6478,8097.5,1
"3818","GCA_036927435.1_ASM3692743v1_genomic","AT5G24520","CM072586.1",8419496,8422026,2530,3163.75,1
"3918","GCA_036927435.1_ASM3692743v1_genomic","AT5G56890","CM072586.1",26585076,26590658,5582,6991.25,1
"4018","GCA_036927435.1_ASM3692743v1_genomic","AT1G24460","CM072582.1",8702039,8708814,6775,8472.5,1
"4122","GCA_036927435.1_ASM3692743v1_genomic","AT2G28800","CM072583.1",15177302,15180530,3228,4060,1
"4219","GCA_036927435.1_ASM3692743v1_genomic","AT5G13940","CM072586.1",4481899,4487353,5454,6863.75,1
"4410","GCA_036927435.1_ASM3692743v1_genomic","AT1G19220","CM072582.1",6724735,6730178,5443,6813.75,1
"4516","GCA_036927435.1_ASM3692743v1_genomic","AT5G01220","CM072586.1",95208,98798,3590,4468.75,1
"4618","GCA_036927435.1_ASM3692743v1_genomic","AT1G02460","CM072582.1",528150,530946,2796,3507.5,1
"4718","GCA_036927435.1_ASM3692743v1_genomic","AT1G04110","CM072582.1",1105997,1108509,2512,3141.25,1
"4818","GCA_036927435.1_ASM3692743v1_genomic","AT4G01880","CM072585.1",862475,864748,2273,2842.5,1
"4918","GCA_036927435.1_ASM3692743v1_genomic","AT2G24430","CM072583.1",13208471,13211606,3135,3911.25,1
"5014","GCA_036927435.1_ASM3692743v1_genomic","AT5G47870","CM072586.1",22992045,22993546,1501,1877.5,1
"1103","GCA_036927455.1_ASM3692745v1_genomic","AT2G27810","CM072568.1",15188359,15192613,4254,5322.5,1
"2103","GCA_036927455.1_ASM3692745v1_genomic","AT5G40530","CM072571.1",19530242,19532109,1867,2313.75,1
"3103","GCA_036927455.1_ASM3692745v1_genomic","AT3G26115","CM072569.1",9565055,9567285,2230,2787.5,1
"480","GCA_036927455.1_ASM3692745v1_genomic","AT1G26750","CM072567.1",9171246,9172663,1417,1772.5,1
"527","GCA_036927455.1_ASM3692745v1_genomic","AT4G17540","CM072570.1",12894540,12896534,1994,2493.75,1
"619","GCA_036927455.1_ASM3692745v1_genomic","AT4G23950","CM072570.1",15474800,15477300,2500,3126.25,1
"719","GCA_036927455.1_ASM3692745v1_genomic","AT2G38360","CM072568.1",19459892,19461170,1278,1598.75,1
"819","GCA_036927455.1_ASM3692745v1_genomic","AT3G11090","CM072569.1",3508376,3509302,926,1158.75,1
"919","GCA_036927455.1_ASM3692745v1_genomic","AT5G24890","CM072571.1",8619331,8621072,1741,2190,1
"1019","GCA_036927455.1_ASM3692745v1_genomic","AT5G27970","CM072571.1",10088437,10099775,11338,14170,1
"1123","GCA_036927455.1_ASM3692745v1_genomic","AT1G49590","CM072567.1",18954694,18956683,1989,2487.5,1
"1221","GCA_036927455.1_ASM3692745v1_genomic","AT5G46910","CM072571.1",22364063,22369103,5040,6301.25,1
"1319","GCA_036927455.1_ASM3692745v1_genomic","AT1G77300","CM072567.1",29748386,29757918,9532,11916.25,1
"1419","GCA_036927455.1_ASM3692745v1_genomic","AT2G15560","CM072568.1",10061551,10063899,2348,2937.5,1
"1519","GCA_036927455.1_ASM3692745v1_genomic","AT3G27310","CM072569.1",10107573,10109727,2154,2693.75,1
"1619","GCA_036927455.1_ASM3692745v1_genomic","AT5G42950","CM072571.1",20569418,20576524,7106,8893.75,1
"1719","GCA_036927455.1_ASM3692745v1_genomic","AT5G47380","CM072571.1",22538553,22541927,3374,4223.75,1
"1819","GCA_036927455.1_ASM3692745v1_genomic","AT3G06035","CM072569.1",1818528,1819933,1405,1757.5,1
"1919","GCA_036927455.1_ASM3692745v1_genomic","AT2G38310","CM072568.1",19440450,19441888,1438,1798.75,1
"2019","GCA_036927455.1_ASM3692745v1_genomic","AT1G27460","CM072567.1",9458927,9462089,3162,3908.75,1
"2123","GCA_036927455.1_ASM3692745v1_genomic","AT2G45320","CM072568.1",22092473,22094554,2081,2602.5,1
"2221","GCA_036927455.1_ASM3692745v1_genomic","AT1G30480","CM072567.1",10723419,10726115,2696,3380,1
"2319","GCA_036927455.1_ASM3692745v1_genomic","AT3G13840","CM072569.1",4579117,4580865,1748,2186.25,1
"2419","GCA_036927455.1_ASM3692745v1_genomic","AT5G38520","CM072571.1",18721034,18723161,2127,2678.75,1
"2519","GCA_036927455.1_ASM3692745v1_genomic","AT2G22260","CM072568.1",12796704,12799347,2643,3305,1
"2619","GCA_036927455.1_ASM3692745v1_genomic","AT1G49470","CM072567.1",18912981,18914267,1286,1608.75,1
"2719","GCA_036927455.1_ASM3692745v1_genomic","AT1G70560","CM072567.1",27299366,27302164,2798,3497.5,1
"2819","GCA_036927455.1_ASM3692745v1_genomic","AT3G10985","CM072569.1",3476278,3477667,1389,1805,1
"2919","GCA_036927455.1_ASM3692745v1_genomic","AT4G36390","CM072570.1",20359816,20362505,2689,3343.75,1
"3019","GCA_036927455.1_ASM3692745v1_genomic","AT4G34270","CM072570.1",19569265,19571710,2445,3075,1
"3123","GCA_036927455.1_ASM3692745v1_genomic","AT5G50000","CM072571.1",23666862,23669659,2797,3497.5,1
"3221","GCA_036927455.1_ASM3692745v1_genomic","AT1G30580","CM072567.1",10763994,10767954,3960,4953.75,1
"3318","GCA_036927455.1_ASM3692745v1_genomic","AT1G20070","CM072567.1",7014307,7015463,1156,1446.25,1
"3419","GCA_036927455.1_ASM3692745v1_genomic","AT3G25440","CM072569.1",9253052,9254851,1799,2273.75,1
"3519","GCA_036927455.1_ASM3692745v1_genomic","AT5G43680","CM072571.1",20887565,20889420,1855,2321.25,1
"3619","GCA_036927455.1_ASM3692745v1_genomic","AT1G67320","CM072567.1",25857312,25861134,3822,4778.75,1
"3719","GCA_036927455.1_ASM3692745v1_genomic","AT2G44950","CM072568.1",21956968,21963443,6475,8097.5,1
"3819","GCA_036927455.1_ASM3692745v1_genomic","AT5G24520","CM072571.1",8421294,8423824,2530,3163.75,1
"3919","GCA_036927455.1_ASM3692745v1_genomic","AT5G56890","CM072571.1",26312842,26318424,5582,6991.25,1
"4019","GCA_036927455.1_ASM3692745v1_genomic","AT1G24460","CM072567.1",8665138,8671913,6775,8472.5,1
"4123","GCA_036927455.1_ASM3692745v1_genomic","AT2G28800","CM072568.1",15699525,15702755,3230,4060,1
"4220","GCA_036927455.1_ASM3692745v1_genomic","AT5G13940","CM072571.1",4475896,4481350,5454,6863.75,1
"4517","GCA_036927455.1_ASM3692745v1_genomic","AT1G19220","CM072567.1",6692680,6698111,5431,6813.75,1
"4619","GCA_036927455.1_ASM3692745v1_genomic","AT5G01220","CM072571.1",89276,92866,3590,4468.75,1
"4719","GCA_036927455.1_ASM3692745v1_genomic","AT1G02460","CM072567.1",516218,519004,2786,3507.5,1
"4819","GCA_036927455.1_ASM3692745v1_genomic","AT1G04110","CM072567.1",1087976,1090488,2512,3141.25,1
"4919","GCA_036927455.1_ASM3692745v1_genomic","AT4G01880","CM072570.1",869947,872220,2273,2842.5,1
"5015","GCA_036927455.1_ASM3692745v1_genomic","AT2G24430","CM072568.1",13724519,13727642,3123,3911.25,1
"5114","GCA_036927455.1_ASM3692745v1_genomic","AT5G47870","CM072571.1",22700196,22701697,1501,1877.5,1
"1104","GCA_036927475.1_ASM3692747v1_genomic","AT2G27810","CM072563.1",15283900,15288154,4254,5322.5,1
"2104","GCA_036927475.1_ASM3692747v1_genomic","AT5G40530","CM072566.1",20614438,20616305,1867,2313.75,1
"3104","GCA_036927475.1_ASM3692747v1_genomic","AT3G26115","CM072564.1",9558530,9560760,2230,2787.5,1
"490","GCA_036927475.1_ASM3692747v1_genomic","AT1G26750","CM072562.1",9172483,9173900,1417,1772.5,1
"528","GCA_036927475.1_ASM3692747v1_genomic","AT4G17540","CM072565.1",12448922,12450916,1994,2493.75,1
"620","GCA_036927475.1_ASM3692747v1_genomic","AT4G23950","CM072565.1",15030531,15033031,2500,3126.25,1
"720","GCA_036927475.1_ASM3692747v1_genomic","AT2G38360","CM072563.1",19552837,19554115,1278,1598.75,1
"820","GCA_036927475.1_ASM3692747v1_genomic","AT3G11090","CM072564.1",3515379,3516305,926,1158.75,1
"920","GCA_036927475.1_ASM3692747v1_genomic","AT5G24890","CM072566.1",8636488,8638226,1738,2190,1
"1020","GCA_036927475.1_ASM3692747v1_genomic","AT5G27970","CM072566.1",10087481,10098820,11339,14170,1
"1124","GCA_036927475.1_ASM3692747v1_genomic","AT1G49590","CM072562.1",20785622,20787611,1989,2487.5,1
"1222","GCA_036927475.1_ASM3692747v1_genomic","AT5G46910","CM072566.1",23441725,23446765,5040,6301.25,1
"1320","GCA_036927475.1_ASM3692747v1_genomic","AT1G77300","CM072562.1",31623364,31632896,9532,11916.25,1
"1420","GCA_036927475.1_ASM3692747v1_genomic","AT2G15560","CM072563.1",10157574,10159922,2348,2937.5,1
"1520","GCA_036927475.1_ASM3692747v1_genomic","AT3G27310","CM072564.1",10101042,10103196,2154,2693.75,1
"1620","GCA_036927475.1_ASM3692747v1_genomic","AT5G42950","CM072566.1",21647104,21654210,7106,8893.75,1
"1720","GCA_036927475.1_ASM3692747v1_genomic","AT5G47380","CM072566.1",23616216,23619590,3374,4223.75,1
"1820","GCA_036927475.1_ASM3692747v1_genomic","AT3G06035","CM072564.1",1824377,1825782,1405,1757.5,1
"1920","GCA_036927475.1_ASM3692747v1_genomic","AT2G38310","CM072563.1",19533395,19534833,1438,1798.75,1
"2020","GCA_036927475.1_ASM3692747v1_genomic","AT1G27460","CM072562.1",9459992,9463154,3162,3908.75,1
"2124","GCA_036927475.1_ASM3692747v1_genomic","AT2G45320","CM072563.1",22185320,22187401,2081,2602.5,1
"2222","GCA_036927475.1_ASM3692747v1_genomic","AT1G30480","CM072562.1",10723515,10726211,2696,3380,1
"2320","GCA_036927475.1_ASM3692747v1_genomic","AT3G13840","CM072564.1",4586333,4588081,1748,2186.25,1
"2420","GCA_036927475.1_ASM3692747v1_genomic","AT5G38520","CM072566.1",19810626,19812753,2127,2678.75,1
"2520","GCA_036927475.1_ASM3692747v1_genomic","AT2G22260","CM072563.1",12892132,12894775,2643,3305,1
"2620","GCA_036927475.1_ASM3692747v1_genomic","AT1G49470","CM072562.1",20743901,20745187,1286,1608.75,1
"2720","GCA_036927475.1_ASM3692747v1_genomic","AT1G70560","CM072562.1",29175001,29177799,2798,3497.5,1
"2820","GCA_036927475.1_ASM3692747v1_genomic","AT3G10985","CM072564.1",3483281,3484670,1389,1805,1
"2920","GCA_036927475.1_ASM3692747v1_genomic","AT4G36390","CM072565.1",19911183,19913872,2689,3343.75,1
"3020","GCA_036927475.1_ASM3692747v1_genomic","AT4G34270","CM072565.1",19120630,19123075,2445,3075,1
"3124","GCA_036927475.1_ASM3692747v1_genomic","AT5G50000","CM072566.1",24744522,24747319,2797,3497.5,1
"3222","GCA_036927475.1_ASM3692747v1_genomic","AT1G30580","CM072562.1",10764241,10768200,3959,4953.75,1
"3319","GCA_036927475.1_ASM3692747v1_genomic","AT1G20070","CM072562.1",6995068,6996224,1156,1446.25,1
"3420","GCA_036927475.1_ASM3692747v1_genomic","AT3G25440","CM072564.1",9246512,9248311,1799,2273.75,1
"3520","GCA_036927475.1_ASM3692747v1_genomic","AT5G43680","CM072566.1",21965039,21966894,1855,2321.25,1
"3620","GCA_036927475.1_ASM3692747v1_genomic","AT1G67320","CM072562.1",27739242,27743064,3822,4778.75,1
"3720","GCA_036927475.1_ASM3692747v1_genomic","AT2G44950","CM072563.1",22049556,22056031,6475,8097.5,1
"3820","GCA_036927475.1_ASM3692747v1_genomic","AT5G24520","CM072566.1",8442686,8445216,2530,3163.75,1
"3920","GCA_036927475.1_ASM3692747v1_genomic","AT5G56890","CM072566.1",27386624,27392206,5582,6991.25,1
"4020","GCA_036927475.1_ASM3692747v1_genomic","AT1G24460","CM072562.1",8666325,8673100,6775,8472.5,1
"4124","GCA_036927475.1_ASM3692747v1_genomic","AT2G28800","CM072563.1",15795054,15798284,3230,4060,1
"4221","GCA_036927475.1_ASM3692747v1_genomic","AT5G13940","CM072566.1",4496730,4502184,5454,6863.75,1
"4518","GCA_036927475.1_ASM3692747v1_genomic","AT1G19220","CM072562.1",6679372,6684800,5428,6813.75,1
"4620","GCA_036927475.1_ASM3692747v1_genomic","AT5G01220","CM072566.1",97419,101009,3590,4468.75,1
"4720","GCA_036927475.1_ASM3692747v1_genomic","AT1G02460","CM072562.1",516336,519122,2786,3507.5,1
"4820","GCA_036927475.1_ASM3692747v1_genomic","AT1G04110","CM072562.1",1085117,1087629,2512,3141.25,1
"4920","GCA_036927475.1_ASM3692747v1_genomic","AT4G01880","CM072565.1",889841,892114,2273,2842.5,1
"5016","GCA_036927475.1_ASM3692747v1_genomic","AT2G24430","CM072563.1",13820025,13823150,3125,3911.25,1
"5115","GCA_036927475.1_ASM3692747v1_genomic","AT5G47870","CM072566.1",23777847,23779348,1501,1877.5,1
"1105","GCA_036927485.1_ASM3692748v1_genomic","AT2G27810","CM072578.1",15250465,15254722,4257,5322.5,1
"2105","GCA_036927485.1_ASM3692748v1_genomic","AT5G40530","CM072581.1",20462423,20464291,1868,2313.75,1
"3105","GCA_036927485.1_ASM3692748v1_genomic","AT3G26115","CM072579.1",9494137,9496340,2203,2787.5,1
"4100","GCA_036927485.1_ASM3692748v1_genomic","AT1G26750","CM072577.1",9141904,9143321,1417,1772.5,1
"529","GCA_036927485.1_ASM3692748v1_genomic","AT4G17540","CM072580.1",15701620,15703614,1994,2493.75,1
"621","GCA_036927485.1_ASM3692748v1_genomic","AT4G23950","CM072580.1",18372907,18375407,2500,3126.25,1
"721","GCA_036927485.1_ASM3692748v1_genomic","AT2G38360","CM072578.1",19485266,19486545,1279,1598.75,1
"821","GCA_036927485.1_ASM3692748v1_genomic","AT3G11090","CM072579.1",3494245,3495171,926,1158.75,1
"921","GCA_036927485.1_ASM3692748v1_genomic","AT5G24890","CM072581.1",8595252,8597008,1756,2190,1
"1021","GCA_036927485.1_ASM3692748v1_genomic","AT5G27970","CM072581.1",10082550,10093891,11341,14170,1
"1125","GCA_036927485.1_ASM3692748v1_genomic","AT1G49590","CM072577.1",20370413,20372402,1989,2487.5,1
"1223","GCA_036927485.1_ASM3692748v1_genomic","AT5G46910","CM072581.1",23258258,23263357,5099,6301.25,1
"1321","GCA_036927485.1_ASM3692748v1_genomic","AT1G77300","CM072577.1",31128892,31138411,9519,11916.25,1
"1421","GCA_036927485.1_ASM3692748v1_genomic","AT2G15560","CM072578.1",10151208,10153529,2321,2937.5,1
"1521","GCA_036927485.1_ASM3692748v1_genomic","AT3G27310","CM072579.1",10053303,10055456,2153,2693.75,1
"1621","GCA_036927485.1_ASM3692748v1_genomic","AT5G42950","CM072581.1",21496012,21503118,7106,8893.75,1
"1721","GCA_036927485.1_ASM3692748v1_genomic","AT5G47380","CM072581.1",23433156,23436534,3378,4223.75,1
"1821","GCA_036927485.1_ASM3692748v1_genomic","AT3G06035","CM072579.1",1845486,1846891,1405,1757.5,1
"1921","GCA_036927485.1_ASM3692748v1_genomic","AT2G38310","CM072578.1",19465804,19467242,1438,1798.75,1
"2021","GCA_036927485.1_ASM3692748v1_genomic","AT1G27460","CM072577.1",9424484,9427610,3126,3908.75,1
"2125","GCA_036927485.1_ASM3692748v1_genomic","AT2G45320","CM072578.1",22090089,22092170,2081,2602.5,1
"2223","GCA_036927485.1_ASM3692748v1_genomic","AT1G30480","CM072577.1",10688157,10690860,2703,3380,1
"2321","GCA_036927485.1_ASM3692748v1_genomic","AT3G13840","CM072579.1",4551057,4552805,1748,2186.25,1
"2421","GCA_036927485.1_ASM3692748v1_genomic","AT5G38520","CM072581.1",19652507,19654648,2141,2678.75,1
"2521","GCA_036927485.1_ASM3692748v1_genomic","AT2G22260","CM072578.1",12842161,12844804,2643,3305,1
"2621","GCA_036927485.1_ASM3692748v1_genomic","AT1G49470","CM072577.1",20326087,20327373,1286,1608.75,1
"2721","GCA_036927485.1_ASM3692748v1_genomic","AT1G70560","CM072577.1",28692620,28695419,2799,3497.5,1
"2821","GCA_036927485.1_ASM3692748v1_genomic","AT3G10985","CM072579.1",3461542,3462957,1415,1805,1
"2921","GCA_036927485.1_ASM3692748v1_genomic","AT4G36390","CM072580.1",23123986,23126660,2674,3343.75,1
"3021","GCA_036927485.1_ASM3692748v1_genomic","AT4G34270","CM072580.1",22323605,22326054,2449,3075,1
"3125","GCA_036927485.1_ASM3692748v1_genomic","AT5G50000","CM072581.1",24557879,24560675,2796,3497.5,1
"3223","GCA_036927485.1_ASM3692748v1_genomic","AT1G30580","CM072577.1",10728785,10732712,3927,4953.75,1
"3320","GCA_036927485.1_ASM3692748v1_genomic","AT1G20070","CM072577.1",6958703,6959859,1156,1446.25,1
"3421","GCA_036927485.1_ASM3692748v1_genomic","AT3G25440","CM072579.1",9175783,9177601,1818,2273.75,1
"3521","GCA_036927485.1_ASM3692748v1_genomic","AT5G43680","CM072581.1",21796658,21798502,1844,2321.25,1
"3621","GCA_036927485.1_ASM3692748v1_genomic","AT1G67320","CM072577.1",27291431,27295253,3822,4778.75,1
"3721","GCA_036927485.1_ASM3692748v1_genomic","AT2G44950","CM072578.1",21952334,21958811,6477,8097.5,1
"3821","GCA_036927485.1_ASM3692748v1_genomic","AT5G24520","CM072581.1",8400343,8402873,2530,3163.75,1
"3921","GCA_036927485.1_ASM3692748v1_genomic","AT5G56890","CM072581.1",27222246,27227836,5590,6991.25,1
"4021","GCA_036927485.1_ASM3692748v1_genomic","AT1G24460","CM072577.1",8636493,8643271,6778,8472.5,1
"4125","GCA_036927485.1_ASM3692748v1_genomic","AT2G28800","CM072578.1",15754847,15758105,3258,4060,1
"4222","GCA_036927485.1_ASM3692748v1_genomic","AT5G13940","CM072581.1",4492351,4497841,5490,6863.75,1
"4519","GCA_036927485.1_ASM3692748v1_genomic","AT1G19220","CM072577.1",6637724,6643172,5448,6813.75,1
"4621","GCA_036927485.1_ASM3692748v1_genomic","AT5G01220","CM072581.1",85837,89411,3574,4468.75,1
"4721","GCA_036927485.1_ASM3692748v1_genomic","AT1G02460","CM072577.1",506524,509339,2815,3507.5,1
"4821","GCA_036927485.1_ASM3692748v1_genomic","AT1G04110","CM072577.1",1069782,1072294,2512,3141.25,1
"4921","GCA_036927485.1_ASM3692748v1_genomic","AT4G01880","CM072580.1",2829011,2831283,2272,2842.5,1
"5017","GCA_036927485.1_ASM3692748v1_genomic","AT2G24430","CM072578.1",13767603,13770710,3107,3911.25,1
"5116","GCA_036927485.1_ASM3692748v1_genomic","AT5G47870","CM072581.1",23596398,23597899,1501,1877.5,1
"1106","GCA_036927505.1_ASM3692750v1_genomic","AT2G27810","CM072573.1",13576353,13580624,4271,5322.5,1
"2106","GCA_036927505.1_ASM3692750v1_genomic","AT5G40530","CM072576.1",19319068,19320935,1867,2313.75,1
"3106","GCA_036927505.1_ASM3692750v1_genomic","AT3G26115","CM072574.1",9549281,9551510,2229,2787.5,1
"4101","GCA_036927505.1_ASM3692750v1_genomic","AT1G26750","CM072572.1",9128756,9130173,1417,1772.5,1
"530","GCA_036927505.1_ASM3692750v1_genomic","AT4G17540","CM072575.1",12280706,12282692,1986,2493.75,1
"622","GCA_036927505.1_ASM3692750v1_genomic","AT4G23950","CM072575.1",14936188,14938688,2500,3126.25,1
"722","GCA_036927505.1_ASM3692750v1_genomic","AT2G38360","CM072573.1",17780605,17781883,1278,1598.75,1
"822","GCA_036927505.1_ASM3692750v1_genomic","AT3G11090","CM072574.1",3521890,3522816,926,1158.75,1
"922","GCA_036927505.1_ASM3692750v1_genomic","AT5G24890","CM072576.1",8573266,8575020,1754,2190,1
"1022","GCA_036927505.1_ASM3692750v1_genomic","AT5G27970","CM072576.1",10074263,10085597,11334,14170,1
"1126","GCA_036927505.1_ASM3692750v1_genomic","AT1G49590","CM072572.1",20327680,20329669,1989,2487.5,1
"1224","GCA_036927505.1_ASM3692750v1_genomic","AT5G46910","CM072576.1",22076866,22081915,5049,6301.25,1
"1322","GCA_036927505.1_ASM3692750v1_genomic","AT1G77300","CM072572.1",31293649,31303169,9520,11916.25,1
"1422","GCA_036927505.1_ASM3692750v1_genomic","AT2G15560","CM072573.1",8397792,8400143,2351,2937.5,1
"1522","GCA_036927505.1_ASM3692750v1_genomic","AT3G27310","CM072574.1",10088873,10091026,2153,2693.75,1
"1622","GCA_036927505.1_ASM3692750v1_genomic","AT5G42950","CM072576.1",20326495,20333601,7106,8893.75,1
"1722","GCA_036927505.1_ASM3692750v1_genomic","AT5G47380","CM072576.1",22251667,22255046,3379,4223.75,1
"1822","GCA_036927505.1_ASM3692750v1_genomic","AT3G06035","CM072574.1",1826714,1828119,1405,1757.5,1
"1922","GCA_036927505.1_ASM3692750v1_genomic","AT2G38310","CM072573.1",17760834,17762274,1440,1798.75,1
"2022","GCA_036927505.1_ASM3692750v1_genomic","AT1G27460","CM072572.1",9407848,9410974,3126,3908.75,1
"2126","GCA_036927505.1_ASM3692750v1_genomic","AT2G45320","CM072573.1",20394029,20396110,2081,2602.5,1
"2224","GCA_036927505.1_ASM3692750v1_genomic","AT1G30480","CM072572.1",10667365,10670067,2702,3380,1
"2322","GCA_036927505.1_ASM3692750v1_genomic","AT3G13840","CM072574.1",4582617,4584365,1748,2186.25,1
"2422","GCA_036927505.1_ASM3692750v1_genomic","AT5G38520","CM072576.1",18459796,18461924,2128,2678.75,1
"2522","GCA_036927505.1_ASM3692750v1_genomic","AT2G22260","CM072573.1",11176965,11179595,2630,3305,1
"2622","GCA_036927505.1_ASM3692750v1_genomic","AT1G49470","CM072572.1",20283355,20284641,1286,1608.75,1
"2722","GCA_036927505.1_ASM3692750v1_genomic","AT1G70560","CM072572.1",28860702,28863499,2797,3497.5,1
"2822","GCA_036927505.1_ASM3692750v1_genomic","AT3G10985","CM072574.1",3488857,3490301,1444,1805,1
"2922","GCA_036927505.1_ASM3692750v1_genomic","AT4G36390","CM072575.1",19699313,19701987,2674,3343.75,1
"3022","GCA_036927505.1_ASM3692750v1_genomic","AT4G34270","CM072575.1",18906715,18909174,2459,3075,1
"3126","GCA_036927505.1_ASM3692750v1_genomic","AT5G50000","CM072576.1",23356668,23359465,2797,3497.5,1
"3224","GCA_036927505.1_ASM3692750v1_genomic","AT1G30580","CM072572.1",10711351,10715311,3960,4953.75,1
"3321","GCA_036927505.1_ASM3692750v1_genomic","AT1G20070","CM072572.1",6953050,6954206,1156,1446.25,1
"3422","GCA_036927505.1_ASM3692750v1_genomic","AT3G25440","CM072574.1",9240145,9241962,1817,2273.75,1
"3522","GCA_036927505.1_ASM3692750v1_genomic","AT5G43680","CM072576.1",20633332,20635041,1709,2321.25,1
"3622","GCA_036927505.1_ASM3692750v1_genomic","AT1G67320","CM072572.1",27457824,27461646,3822,4778.75,1
"3722","GCA_036927505.1_ASM3692750v1_genomic","AT2G44950","CM072573.1",20249632,20256109,6477,8097.5,1
"3822","GCA_036927505.1_ASM3692750v1_genomic","AT5G24520","CM072576.1",8382491,8384914,2423,3163.75,1
"3922","GCA_036927505.1_ASM3692750v1_genomic","AT5G56890","CM072576.1",25993373,25998965,5592,6991.25,1
"4022","GCA_036927505.1_ASM3692750v1_genomic","AT1G24460","CM072572.1",8630070,8636845,6775,8472.5,1
"4126","GCA_036927505.1_ASM3692750v1_genomic","AT2G28800","CM072573.1",14078021,14081255,3234,4060,1
"4223","GCA_036927505.1_ASM3692750v1_genomic","AT5G13940","CM072576.1",4485469,4490934,5465,6863.75,1
"4411","GCA_036927505.1_ASM3692750v1_genomic","AT1G19220","CM072572.1",6628553,6633995,5442,6813.75,1
"4520","GCA_036927505.1_ASM3692750v1_genomic","AT5G01220","CM072576.1",83828,87397,3569,4468.75,1
"4622","GCA_036927505.1_ASM3692750v1_genomic","AT1G02460","CM072572.1",512598,515394,2796,3507.5,1
"4722","GCA_036927505.1_ASM3692750v1_genomic","AT1G04110","CM072572.1",1077601,1080113,2512,3141.25,1
"4822","GCA_036927505.1_ASM3692750v1_genomic","AT4G01880","CM072575.1",997928,1000200,2272,2842.5,1
"4922","GCA_036927505.1_ASM3692750v1_genomic","AT2G24430","CM072573.1",12111833,12114953,3120,3911.25,1
"5018","GCA_036927505.1_ASM3692750v1_genomic","AT5G47870","CM072576.1",22414530,22416032,1502,1877.5,1
"1107","GCA_036936705.1_ASM3693670v1_genomic","AT2G27810","CP137947.1",15220955,15225225,4270,5322.5,1
"2107","GCA_036936705.1_ASM3693670v1_genomic","AT5G40530","CP137950.1",20507065,20508932,1867,2313.75,1
"3107","GCA_036936705.1_ASM3693670v1_genomic","AT3G26115","CP137948.1",9513431,9515660,2229,2787.5,1
"4102","GCA_036936705.1_ASM3693670v1_genomic","AT1G26750","CP137946.1",9126695,9128112,1417,1772.5,1
"531","GCA_036936705.1_ASM3693670v1_genomic","AT4G17540","CP137949.1",14141172,14143166,1994,2493.75,1
"623","GCA_036936705.1_ASM3693670v1_genomic","AT4G23950","CP137949.1",16834960,16837460,2500,3126.25,1
"723","GCA_036936705.1_ASM3693670v1_genomic","AT2G38360","CP137947.1",19424205,19425483,1278,1598.75,1
"823","GCA_036936705.1_ASM3693670v1_genomic","AT3G11090","CP137948.1",3477958,3478884,926,1158.75,1
"923","GCA_036936705.1_ASM3693670v1_genomic","AT5G24890","CP137950.1",8586346,8588097,1751,2190,1
"1023","GCA_036936705.1_ASM3693670v1_genomic","AT5G27970","CP137950.1",10025203,10036544,11341,14170,1
"1127","GCA_036936705.1_ASM3693670v1_genomic","AT1G49590","CP137946.1",22639045,22641046,2001,2487.5,1
"1225","GCA_036936705.1_ASM3693670v1_genomic","AT5G46910","CP137950.1",23263778,23268827,5049,6301.25,1
"1323","GCA_036936705.1_ASM3693670v1_genomic","AT1G77300","CP137946.1",33363751,33373275,9524,11916.25,1
"1423","GCA_036936705.1_ASM3693670v1_genomic","AT2G15560","CP137947.1",10104772,10107093,2321,2937.5,1
"1523","GCA_036936705.1_ASM3693670v1_genomic","AT3G27310","CP137948.1",10070370,10072523,2153,2693.75,1
"1623","GCA_036936705.1_ASM3693670v1_genomic","AT5G42950","CP137950.1",21477801,21484915,7114,8893.75,1
"1723","GCA_036936705.1_ASM3693670v1_genomic","AT5G47380","CP137950.1",23441168,23444545,3377,4223.75,1
"1823","GCA_036936705.1_ASM3693670v1_genomic","AT3G06035","CP137948.1",1831440,1832845,1405,1757.5,1
"1923","GCA_036936705.1_ASM3693670v1_genomic","AT2G38310","CP137947.1",19404747,19406185,1438,1798.75,1
"2023","GCA_036936705.1_ASM3693670v1_genomic","AT1G27460","CP137946.1",9410376,9413502,3126,3908.75,1
"2127","GCA_036936705.1_ASM3693670v1_genomic","AT2G45320","CP137947.1",22038584,22040664,2080,2602.5,1
"2225","GCA_036936705.1_ASM3693670v1_genomic","AT1G30480","CP137946.1",10718765,10721461,2696,3380,1
"2323","GCA_036936705.1_ASM3693670v1_genomic","AT3G13840","CP137948.1",4536498,4538246,1748,2186.25,1
"2423","GCA_036936705.1_ASM3693670v1_genomic","AT5G38520","CP137950.1",19693678,19695815,2137,2678.75,1
"2523","GCA_036936705.1_ASM3693670v1_genomic","AT2G22260","CP137947.1",12787126,12789769,2643,3305,1
"2623","GCA_036936705.1_ASM3693670v1_genomic","AT1G49470","CP137946.1",22593755,22595041,1286,1608.75,1
"2723","GCA_036936705.1_ASM3693670v1_genomic","AT1G70560","CP137946.1",30927364,30930159,2795,3497.5,1
"2823","GCA_036936705.1_ASM3693670v1_genomic","AT3G10985","CP137948.1",3445801,3447241,1440,1805,1
"2923","GCA_036936705.1_ASM3693670v1_genomic","AT4G36390","CP137949.1",21609109,21611783,2674,3343.75,1
"3023","GCA_036936705.1_ASM3693670v1_genomic","AT4G34270","CP137949.1",20812612,20815072,2460,3075,1
"3127","GCA_036936705.1_ASM3693670v1_genomic","AT5G50000","CP137950.1",24562021,24564820,2799,3497.5,1
"3225","GCA_036936705.1_ASM3693670v1_genomic","AT1G30580","CP137946.1",10759983,10763910,3927,4953.75,1
"3322","GCA_036936705.1_ASM3693670v1_genomic","AT1G20070","CP137946.1",6949389,6950545,1156,1446.25,1
"3423","GCA_036936705.1_ASM3693670v1_genomic","AT3G25440","CP137948.1",9205721,9207539,1818,2273.75,1
"3523","GCA_036936705.1_ASM3693670v1_genomic","AT5G43680","CP137950.1",21794934,21796581,1647,2321.25,1
"3623","GCA_036936705.1_ASM3693670v1_genomic","AT1G67320","CP137946.1",29512101,29515924,3823,4778.75,1
"3723","GCA_036936705.1_ASM3693670v1_genomic","AT2G44950","CP137947.1",21900674,21907151,6477,8097.5,1
"3823","GCA_036936705.1_ASM3693670v1_genomic","AT5G24520","CP137950.1",8399046,8401576,2530,3163.75,1
"3923","GCA_036936705.1_ASM3693670v1_genomic","AT5G56890","CP137950.1",27188017,27193607,5590,6991.25,1
"4023","GCA_036936705.1_ASM3693670v1_genomic","AT1G24460","CP137946.1",8619835,8626611,6776,8472.5,1
"4127","GCA_036936705.1_ASM3693670v1_genomic","AT2G28800","CP137947.1",15724860,15728094,3234,4060,1
"4224","GCA_036936705.1_ASM3693670v1_genomic","AT5G13940","CP137950.1",4493808,4499298,5490,6863.75,1
"4521","GCA_036936705.1_ASM3693670v1_genomic","AT1G19220","CP137946.1",6619174,6624616,5442,6813.75,1
"4623","GCA_036936705.1_ASM3693670v1_genomic","AT5G01220","CP137950.1",81231,84806,3575,4468.75,1
"4723","GCA_036936705.1_ASM3693670v1_genomic","AT1G02460","CP137946.1",512639,515437,2798,3507.5,1
"4823","GCA_036936705.1_ASM3693670v1_genomic","AT1G04110","CP137946.1",1074954,1077466,2512,3141.25,1
"4923","GCA_036936705.1_ASM3693670v1_genomic","AT4G01880","CP137949.1",1015443,1017716,2273,2842.5,1
"5019","GCA_036936705.1_ASM3693670v1_genomic","AT2G24430","CP137947.1",13735012,13738130,3118,3911.25,1
"5117","GCA_036936705.1_ASM3693670v1_genomic","AT5G47870","CP137950.1",23604389,23605890,1501,1877.5,1
"1108","GCA_036936715.1_ASM3693671v1_genomic","AT2G27810","CP137952.1",14357015,14361285,4270,5322.5,1
"2108","GCA_036936715.1_ASM3693671v1_genomic","AT5G40530","CP137955.1",19618162,19620029,1867,2313.75,1
"3108","GCA_036936715.1_ASM3693671v1_genomic","AT3G26115","CP137953.1",9517361,9519590,2229,2787.5,1
"4103","GCA_036936715.1_ASM3693671v1_genomic","AT1G26750","CP137951.1",9175533,9176950,1417,1772.5,1
"532","GCA_036936715.1_ASM3693671v1_genomic","AT4G17540","CP137954.1",14171910,14173904,1994,2493.75,1
"624","GCA_036936715.1_ASM3693671v1_genomic","AT4G23950","CP137954.1",16737019,16739528,2509,3126.25,1
"724","GCA_036936715.1_ASM3693671v1_genomic","AT2G38360","CP137952.1",18563611,18564890,1279,1598.75,1
"824","GCA_036936715.1_ASM3693671v1_genomic","AT3G11090","CP137953.1",3503268,3504194,926,1158.75,1
"924","GCA_036936715.1_ASM3693671v1_genomic","AT5G24890","CP137955.1",8664912,8666660,1748,2190,1
"1024","GCA_036936715.1_ASM3693671v1_genomic","AT5G27970","CP137955.1",10171204,10182541,11337,14170,1
"1128","GCA_036936715.1_ASM3693671v1_genomic","AT1G49590","CP137951.1",20885349,20887338,1989,2487.5,1
"1226","GCA_036936715.1_ASM3693671v1_genomic","AT5G46910","CP137955.1",22414986,22420025,5039,6301.25,1
"1324","GCA_036936715.1_ASM3693671v1_genomic","AT1G77300","CP137951.1",31598460,31607978,9518,11916.25,1
"1424","GCA_036936715.1_ASM3693671v1_genomic","AT2G15560","CP137952.1",9273424,9275745,2321,2937.5,1
"1524","GCA_036936715.1_ASM3693671v1_genomic","AT3G27310","CP137953.1",10058879,10061033,2154,2693.75,1
"1624","GCA_036936715.1_ASM3693671v1_genomic","AT5G42950","CP137955.1",20626500,20633616,7116,8893.75,1
"1724","GCA_036936715.1_ASM3693671v1_genomic","AT5G47380","CP137955.1",22591809,22595187,3378,4223.75,1
"1824","GCA_036936715.1_ASM3693671v1_genomic","AT3G06035","CP137953.1",1842299,1843705,1406,1757.5,1
"1924","GCA_036936715.1_ASM3693671v1_genomic","AT2G38310","CP137952.1",18544151,18545586,1435,1798.75,1
"2024","GCA_036936715.1_ASM3693671v1_genomic","AT2G21100","CP137952.1",11531241,11532516,1275,1592.5,1
"2128","GCA_036936715.1_ASM3693671v1_genomic","AT1G27460","CP137951.1",9476659,9479784,3125,3908.75,1
"2226","GCA_036936715.1_ASM3693671v1_genomic","AT2G45320","CP137952.1",21186762,21188843,2081,2602.5,1
"2324","GCA_036936715.1_ASM3693671v1_genomic","AT1G30480","CP137951.1",10785079,10787782,2703,3380,1
"2424","GCA_036936715.1_ASM3693671v1_genomic","AT3G13840","CP137953.1",4555923,4557671,1748,2186.25,1
"2524","GCA_036936715.1_ASM3693671v1_genomic","AT5G38520","CP137955.1",18802957,18805082,2125,2678.75,1
"2624","GCA_036936715.1_ASM3693671v1_genomic","AT2G22260","CP137952.1",11963043,11965686,2643,3305,1
"2724","GCA_036936715.1_ASM3693671v1_genomic","AT1G49470","CP137951.1",20841033,20842319,1286,1608.75,1
"2824","GCA_036936715.1_ASM3693671v1_genomic","AT1G70560","CP137951.1",29161818,29164615,2797,3497.5,1
"2924","GCA_036936715.1_ASM3693671v1_genomic","AT3G10985","CP137953.1",3470591,3472034,1443,1805,1
"3024","GCA_036936715.1_ASM3693671v1_genomic","AT4G36390","CP137954.1",21494665,21497339,2674,3343.75,1
"3128","GCA_036936715.1_ASM3693671v1_genomic","AT4G34270","CP137954.1",20693567,20696026,2459,3075,1
"3226","GCA_036936715.1_ASM3693671v1_genomic","AT5G50000","CP137955.1",23690432,23693229,2797,3497.5,1
"3323","GCA_036936715.1_ASM3693671v1_genomic","AT1G30580","CP137951.1",10826704,10830662,3958,4953.75,1
"3424","GCA_036936715.1_ASM3693671v1_genomic","AT1G20070","CP137951.1",6928473,6929629,1156,1446.25,1
"3524","GCA_036936715.1_ASM3693671v1_genomic","AT3G25440","CP137953.1",9208838,9210654,1816,2273.75,1
"3624","GCA_036936715.1_ASM3693671v1_genomic","AT5G43680","CP137955.1",20911945,20913801,1856,2321.25,1
"3724","GCA_036936715.1_ASM3693671v1_genomic","AT1G67320","CP137951.1",27745729,27749551,3822,4778.75,1
"3824","GCA_036936715.1_ASM3693671v1_genomic","AT2G44950","CP137952.1",21048701,21055178,6477,8097.5,1
"3924","GCA_036936715.1_ASM3693671v1_genomic","AT5G24520","CP137955.1",8478119,8480649,2530,3163.75,1
"4024","GCA_036936715.1_ASM3693671v1_genomic","AT5G56890","CP137955.1",26308598,26314185,5587,6991.25,1
"4128","GCA_036936715.1_ASM3693671v1_genomic","AT1G24460","CP137951.1",8593420,8600195,6775,8472.5,1
"4225","GCA_036936715.1_ASM3693671v1_genomic","AT2G28800","CP137952.1",14861419,14864666,3247,4060,1
"4312","GCA_036936715.1_ASM3693671v1_genomic","AT5G13940","CP137955.1",4619579,4625068,5489,6863.75,1
"4624","GCA_036936715.1_ASM3693671v1_genomic","AT1G19220","CP137951.1",6597431,6602872,5441,6813.75,1
"4724","GCA_036936715.1_ASM3693671v1_genomic","AT5G01220","CP137955.1",92358,95930,3572,4468.75,1
"4824","GCA_036936715.1_ASM3693671v1_genomic","AT1G02460","CP137951.1",510903,513714,2811,3507.5,1
"4924","GCA_036936715.1_ASM3693671v1_genomic","AT1G04110","CP137951.1",1070538,1073050,2512,3141.25,1
"5020","GCA_036936715.1_ASM3693671v1_genomic","AT4G01880","CP137954.1",967084,969356,2272,2842.5,1
"5118","GCA_036936715.1_ASM3693671v1_genomic","AT2G24430","CP137952.1",12888573,12891698,3125,3911.25,1
"5210","GCA_036936715.1_ASM3693671v1_genomic","AT5G47870","CP137955.1",22747273,22748779,1506,1877.5,1
"1109","GCA_036936845.1_ASM3693684v1_genomic","AT2G27810","CP137957.1",13442794,13447065,4271,5322.5,1
"2109","GCA_036936845.1_ASM3693684v1_genomic","AT5G40530","CP137960.1",20304162,20306029,1867,2313.75,1
"3109","GCA_036936845.1_ASM3693684v1_genomic","AT3G26115","CP137958.1",9569713,9571942,2229,2787.5,1
"4104","GCA_036936845.1_ASM3693684v1_genomic","AT1G26750","CP137956.1",9132088,9133505,1417,1772.5,1
"533","GCA_036936845.1_ASM3693684v1_genomic","AT4G17540","CP137959.1",15876228,15878222,1994,2493.75,1
"625","GCA_036936845.1_ASM3693684v1_genomic","AT4G23950","CP137959.1",18485990,18488488,2498,3126.25,1
"725","GCA_036936845.1_ASM3693684v1_genomic","AT2G38360","CP137957.1",17633262,17634540,1278,1598.75,1
"825","GCA_036936845.1_ASM3693684v1_genomic","AT3G11090","CP137958.1",3497625,3498551,926,1158.75,1
"925","GCA_036936845.1_ASM3693684v1_genomic","AT5G24890","CP137960.1",8603112,8604866,1754,2190,1
"1025","GCA_036936845.1_ASM3693684v1_genomic","AT5G27970","CP137960.1",10056609,10067943,11334,14170,1
"1129","GCA_036936845.1_ASM3693684v1_genomic","AT1G49590","CP137956.1",20506843,20508831,1988,2487.5,1
"1227","GCA_036936845.1_ASM3693684v1_genomic","AT5G46910","CP137960.1",23021702,23026751,5049,6301.25,1
"1325","GCA_036936845.1_ASM3693684v1_genomic","AT1G77300","CP137956.1",31396085,31405605,9520,11916.25,1
"1425","GCA_036936845.1_ASM3693684v1_genomic","AT2G15560","CP137957.1",8294940,8297291,2351,2937.5,1
"1525","GCA_036936845.1_ASM3693684v1_genomic","AT3G27310","CP137958.1",10128433,10130588,2155,2693.75,1
"1625","GCA_036936845.1_ASM3693684v1_genomic","AT5G42950","CP137960.1",21288332,21295442,7110,8893.75,1
"1725","GCA_036936845.1_ASM3693684v1_genomic","AT5G47380","CP137960.1",23198562,23201940,3378,4223.75,1
"1825","GCA_036936845.1_ASM3693684v1_genomic","AT3G06035","CP137958.1",1847512,1848917,1405,1757.5,1
"1925","GCA_036936845.1_ASM3693684v1_genomic","AT2G38310","CP137957.1",17613805,17615242,1437,1798.75,1
"2025","GCA_036936845.1_ASM3693684v1_genomic","AT1G27460","CP137956.1",9412410,9415572,3162,3908.75,1
"2129","GCA_036936845.1_ASM3693684v1_genomic","AT2G45320","CP137957.1",20246828,20248908,2080,2602.5,1
"2227","GCA_036936845.1_ASM3693684v1_genomic","AT1G30480","CP137956.1",10683511,10686213,2702,3380,1
"2325","GCA_036936845.1_ASM3693684v1_genomic","AT3G13840","CP137958.1",4560771,4562519,1748,2186.25,1
"2425","GCA_036936845.1_ASM3693684v1_genomic","AT5G38520","CP137960.1",19503035,19505163,2128,2678.75,1
"2525","GCA_036936845.1_ASM3693684v1_genomic","AT2G22260","CP137957.1",11029592,11032236,2644,3305,1
"2625","GCA_036936845.1_ASM3693684v1_genomic","AT1G49470","CP137956.1",20462545,20463831,1286,1608.75,1
"2725","GCA_036936845.1_ASM3693684v1_genomic","AT1G70560","CP137956.1",28918287,28921084,2797,3497.5,1
"2825","GCA_036936845.1_ASM3693684v1_genomic","AT3G10985","CP137958.1",3465410,3466850,1440,1805,1
"2925","GCA_036936845.1_ASM3693684v1_genomic","AT4G36390","CP137959.1",23314479,23317153,2674,3343.75,1
"3025","GCA_036936845.1_ASM3693684v1_genomic","AT4G34270","CP137959.1",22524206,22526665,2459,3075,1
"3129","GCA_036936845.1_ASM3693684v1_genomic","AT5G50000","CP137960.1",24302432,24305229,2797,3497.5,1
"3227","GCA_036936845.1_ASM3693684v1_genomic","AT1G30580","CP137956.1",10725159,10729119,3960,4953.75,1
"3324","GCA_036936845.1_ASM3693684v1_genomic","AT1G20070","CP137956.1",6921771,6922927,1156,1446.25,1
"3425","GCA_036936845.1_ASM3693684v1_genomic","AT3G25440","CP137958.1",9257559,9259377,1818,2273.75,1
"3525","GCA_036936845.1_ASM3693684v1_genomic","AT5G43680","CP137960.1",21570453,21572120,1667,2321.25,1
"3625","GCA_036936845.1_ASM3693684v1_genomic","AT1G67320","CP137956.1",27511286,27515108,3822,4778.75,1
"3725","GCA_036936845.1_ASM3693684v1_genomic","AT2G44950","CP137957.1",20108091,20114568,6477,8097.5,1
"3825","GCA_036936845.1_ASM3693684v1_genomic","AT5G24520","CP137960.1",8411630,8414053,2423,3163.75,1
"3925","GCA_036936845.1_ASM3693684v1_genomic","AT5G56890","CP137960.1",26931219,26936808,5589,6991.25,1
"4025","GCA_036936845.1_ASM3693684v1_genomic","AT1G24460","CP137956.1",8599083,8605858,6775,8472.5,1
"4129","GCA_036936845.1_ASM3693684v1_genomic","AT2G28800","CP137957.1",13946979,13950226,3247,4060,1
"4226","GCA_036936845.1_ASM3693684v1_genomic","AT5G13940","CP137960.1",4519430,4524941,5511,6863.75,1
"4412","GCA_036936845.1_ASM3693684v1_genomic","AT1G19220","CP137956.1",6603681,6609120,5439,6813.75,1
"4522","GCA_036936845.1_ASM3693684v1_genomic","AT5G01220","CP137960.1",86007,89577,3570,4468.75,1
"4625","GCA_036936845.1_ASM3693684v1_genomic","AT1G02460","CP137956.1",506685,509505,2820,3507.5,1
"4725","GCA_036936845.1_ASM3693684v1_genomic","AT1G04110","CP137956.1",1069814,1072326,2512,3141.25,1
"4825","GCA_036936845.1_ASM3693684v1_genomic","AT4G01880","CP137959.1",1135131,1137403,2272,2842.5,1
"4925","GCA_036936845.1_ASM3693684v1_genomic","AT2G24430","CP137957.1",11978391,11981524,3133,3911.25,1
"5021","GCA_036936845.1_ASM3693684v1_genomic","AT5G47870","CP137960.1",23355971,23357472,1501,1877.5,1
"1130","GCA_036936885.1_ASM3693688v1_genomic","AT2G27810","CP137962.1",14084925,14089182,4257,5322.5,1
"2130","GCA_036936885.1_ASM3693688v1_genomic","AT5G40530","CP137965.1",20300686,20302553,1867,2313.75,1
"3130","GCA_036936885.1_ASM3693688v1_genomic","AT3G26115","CP137963.1",9498755,9500984,2229,2787.5,1
"4105","GCA_036936885.1_ASM3693688v1_genomic","AT1G26750","CP137961.1",9138603,9140020,1417,1772.5,1
"534","GCA_036936885.1_ASM3693688v1_genomic","AT4G17540","CP137964.1",13662588,13664582,1994,2493.75,1
"626","GCA_036936885.1_ASM3693688v1_genomic","AT4G23950","CP137964.1",16312252,16314752,2500,3126.25,1
"726","GCA_036936885.1_ASM3693688v1_genomic","AT2G38360","CP137962.1",18319618,18320896,1278,1598.75,1
"826","GCA_036936885.1_ASM3693688v1_genomic","AT3G11090","CP137963.1",3490079,3491005,926,1158.75,1
"926","GCA_036936885.1_ASM3693688v1_genomic","AT5G24890","CP137965.1",8520403,8522154,1751,2190,1
"1026","GCA_036936885.1_ASM3693688v1_genomic","AT5G27970","CP137965.1",9973625,9984956,11331,14170,1
"1131","GCA_036936885.1_ASM3693688v1_genomic","AT1G49590","CP137961.1",21576203,21578204,2001,2487.5,1
"1228","GCA_036936885.1_ASM3693688v1_genomic","AT5G46910","CP137965.1",23125876,23130908,5032,6301.25,1
"1326","GCA_036936885.1_ASM3693688v1_genomic","AT1G77300","CP137961.1",32151402,32160923,9521,11916.25,1
"1426","GCA_036936885.1_ASM3693688v1_genomic","AT2G15560","CP137962.1",8994981,8997302,2321,2937.5,1
"1526","GCA_036936885.1_ASM3693688v1_genomic","AT3G27310","CP137963.1",10041307,10043461,2154,2693.75,1
"1626","GCA_036936885.1_ASM3693688v1_genomic","AT5G42950","CP137965.1",21280134,21287234,7100,8893.75,1
"1726","GCA_036936885.1_ASM3693688v1_genomic","AT5G47380","CP137965.1",23305084,23308461,3377,4223.75,1
"1826","GCA_036936885.1_ASM3693688v1_genomic","AT3G06035","CP137963.1",1836634,1838036,1402,1757.5,1
"1926","GCA_036936885.1_ASM3693688v1_genomic","AT2G38310","CP137962.1",18300159,18301597,1438,1798.75,1
"2026","GCA_036936885.1_ASM3693688v1_genomic","AT2G21100","CP137962.1",11284185,11285460,1275,1592.5,1
"2131","GCA_036936885.1_ASM3693688v1_genomic","AT1G27460","CP137961.1",9424000,9427162,3162,3908.75,1
"2228","GCA_036936885.1_ASM3693688v1_genomic","AT2G45320","CP137962.1",20915172,20917253,2081,2602.5,1
"2326","GCA_036936885.1_ASM3693688v1_genomic","AT1G30480","CP137961.1",10850406,10853074,2668,3380,1
"2426","GCA_036936885.1_ASM3693688v1_genomic","AT3G13840","CP137963.1",4543655,4545403,1748,2186.25,1
"2526","GCA_036936885.1_ASM3693688v1_genomic","AT5G38520","CP137965.1",19431940,19434082,2142,2678.75,1
"2626","GCA_036936885.1_ASM3693688v1_genomic","AT2G22260","CP137962.1",11688053,11690696,2643,3305,1
"2726","GCA_036936885.1_ASM3693688v1_genomic","AT1G49470","CP137961.1",21532615,21533901,1286,1608.75,1
"2826","GCA_036936885.1_ASM3693688v1_genomic","AT1G70560","CP137961.1",29716964,29719763,2799,3497.5,1
"2926","GCA_036936885.1_ASM3693688v1_genomic","AT3G10985","CP137963.1",3457113,3458553,1440,1805,1
"3026","GCA_036936885.1_ASM3693688v1_genomic","AT4G36390","CP137964.1",21066971,21069645,2674,3343.75,1
"3131","GCA_036936885.1_ASM3693688v1_genomic","AT4G34270","CP137964.1",20259334,20261779,2445,3075,1
"3228","GCA_036936885.1_ASM3693688v1_genomic","AT5G50000","CP137965.1",24423646,24426445,2799,3497.5,1
"3325","GCA_036936885.1_ASM3693688v1_genomic","AT1G30580","CP137961.1",10895323,10899283,3960,4953.75,1
"3426","GCA_036936885.1_ASM3693688v1_genomic","AT1G20070","CP137961.1",6968058,6969214,1156,1446.25,1
"3526","GCA_036936885.1_ASM3693688v1_genomic","AT3G25440","CP137963.1",9186903,9188723,1820,2273.75,1
"3626","GCA_036936885.1_ASM3693688v1_genomic","AT5G43680","CP137965.1",21631089,21632736,1647,2321.25,1
"3726","GCA_036936885.1_ASM3693688v1_genomic","AT1G67320","CP137961.1",28312924,28316745,3821,4778.75,1
"3826","GCA_036936885.1_ASM3693688v1_genomic","AT2G44950","CP137962.1",20777302,20783779,6477,8097.5,1
"3926","GCA_036936885.1_ASM3693688v1_genomic","AT5G24520","CP137965.1",8331260,8333790,2530,3163.75,1
"4026","GCA_036936885.1_ASM3693688v1_genomic","AT5G56890","CP137965.1",27058016,27063608,5592,6991.25,1
"4130","GCA_036936885.1_ASM3693688v1_genomic","AT1G24460","CP137961.1",8628808,8635583,6775,8472.5,1
"4227","GCA_036936885.1_ASM3693688v1_genomic","AT2G28800","CP137962.1",14589018,14592265,3247,4060,1
"4313","GCA_036936885.1_ASM3693688v1_genomic","AT5G13940","CP137965.1",4474225,4479733,5508,6863.75,1
"4413","GCA_036936885.1_ASM3693688v1_genomic","AT1G19220","CP137961.1",6634320,6639762,5442,6813.75,1
"4523","GCA_036936885.1_ASM3693688v1_genomic","AT5G01220","CP137965.1",92337,95912,3575,4468.75,1
"4626","GCA_036936885.1_ASM3693688v1_genomic","AT1G02460","CP137961.1",510230,513047,2817,3507.5,1
"4726","GCA_036936885.1_ASM3693688v1_genomic","AT1G04110","CP137961.1",1068467,1070979,2512,3141.25,1
"4826","GCA_036936885.1_ASM3693688v1_genomic","AT4G01880","CP137964.1",1285173,1287445,2272,2842.5,1
"4926","GCA_036936885.1_ASM3693688v1_genomic","AT2G24430","CP137962.1",12631400,12634521,3121,3911.25,1
"5022","GCA_036936885.1_ASM3693688v1_genomic","AT5G47870","CP137965.1",23462587,23464088,1501,1877.5,1
"1132","GCA_036936895.1_ASM3693689v1_genomic","AT2G27810","CP137967.1",14718187,14722457,4270,5322.5,1
"2132","GCA_036936895.1_ASM3693689v1_genomic","AT5G40530","CP137970.1",22388749,22390616,1867,2313.75,1
"3132","GCA_036936895.1_ASM3693689v1_genomic","AT3G26115","CP137968.1",9634926,9637155,2229,2787.5,1
"4106","GCA_036936895.1_ASM3693689v1_genomic","AT1G26750","CP137966.1",9125973,9127390,1417,1772.5,1
"535","GCA_036936895.1_ASM3693689v1_genomic","AT4G17540","CP137969.1",13671740,13673746,2006,2493.75,1
"627","GCA_036936895.1_ASM3693689v1_genomic","AT4G23950","CP137969.1",16417627,16420126,2499,3126.25,1
"727","GCA_036936895.1_ASM3693689v1_genomic","AT2G38360","CP137967.1",19017248,19018524,1276,1598.75,1
"827","GCA_036936895.1_ASM3693689v1_genomic","AT3G11090","CP137968.1",3571546,3572472,926,1158.75,1
"927","GCA_036936895.1_ASM3693689v1_genomic","AT5G24890","CP137970.1",8682014,8683761,1747,2190,1
"1027","GCA_036936895.1_ASM3693689v1_genomic","AT5G27970","CP137970.1",10103084,10114418,11334,14170,1
"1133","GCA_036936895.1_ASM3693689v1_genomic","AT1G49590","CP137966.1",22353423,22355412,1989,2487.5,1
"1229","GCA_036936895.1_ASM3693689v1_genomic","AT5G46910","CP137970.1",25124875,25129905,5030,6301.25,1
"1327","GCA_036936895.1_ASM3693689v1_genomic","AT1G77300","CP137966.1",33175467,33184996,9529,11916.25,1
"1427","GCA_036936895.1_ASM3693689v1_genomic","AT2G15560","CP137967.1",9535043,9537364,2321,2937.5,1
"1527","GCA_036936895.1_ASM3693689v1_genomic","AT3G27310","CP137968.1",10195802,10197956,2154,2693.75,1
"1627","GCA_036936895.1_ASM3693689v1_genomic","AT5G42950","CP137970.1",23387519,23394633,7114,8893.75,1
"1727","GCA_036936895.1_ASM3693689v1_genomic","AT5G47380","CP137970.1",25311065,25314444,3379,4223.75,1
"1827","GCA_036936895.1_ASM3693689v1_genomic","AT3G06035","CP137968.1",1849947,1851352,1405,1757.5,1
"1927","GCA_036936895.1_ASM3693689v1_genomic","AT2G38310","CP137967.1",18995740,18997178,1438,1798.75,1
"2027","GCA_036936895.1_ASM3693689v1_genomic","AT1G27460","CP137966.1",9403441,9406567,3126,3908.75,1
"2133","GCA_036936895.1_ASM3693689v1_genomic","AT2G45320","CP137967.1",21631288,21633367,2079,2602.5,1
"2229","GCA_036936895.1_ASM3693689v1_genomic","AT1G30480","CP137966.1",10646845,10649541,2696,3380,1
"2327","GCA_036936895.1_ASM3693689v1_genomic","AT3G13840","CP137968.1",4645245,4646993,1748,2186.25,1
"2427","GCA_036936895.1_ASM3693689v1_genomic","AT5G38520","CP137970.1",21508405,21510547,2142,2678.75,1
"2527","GCA_036936895.1_ASM3693689v1_genomic","AT2G22260","CP137967.1",12234323,12236965,2642,3305,1
"2627","GCA_036936895.1_ASM3693689v1_genomic","AT1G49470","CP137966.1",22306281,22307567,1286,1608.75,1
"2727","GCA_036936895.1_ASM3693689v1_genomic","AT1G70560","CP137966.1",30744679,30747473,2794,3497.5,1
"2827","GCA_036936895.1_ASM3693689v1_genomic","AT3G10985","CP137968.1",3531134,3532574,1440,1805,1
"2927","GCA_036936895.1_ASM3693689v1_genomic","AT4G36390","CP137969.1",21237596,21240283,2687,3343.75,1
"3027","GCA_036936895.1_ASM3693689v1_genomic","AT4G34270","CP137969.1",20441664,20444109,2445,3075,1
"3133","GCA_036936895.1_ASM3693689v1_genomic","AT5G50000","CP137970.1",26390520,26393317,2797,3497.5,1
"3229","GCA_036936895.1_ASM3693689v1_genomic","AT1G30580","CP137966.1",10687271,10691231,3960,4953.75,1
"3326","GCA_036936895.1_ASM3693689v1_genomic","AT1G20070","CP137966.1",6958602,6959758,1156,1446.25,1
"3427","GCA_036936895.1_ASM3693689v1_genomic","AT3G25440","CP137968.1",9319890,9321705,1815,2273.75,1
"3527","GCA_036936895.1_ASM3693689v1_genomic","AT5G43680","CP137970.1",23685013,23686858,1845,2321.25,1
"3627","GCA_036936895.1_ASM3693689v1_genomic","AT1G67320","CP137966.1",29326225,29330047,3822,4778.75,1
"3727","GCA_036936895.1_ASM3693689v1_genomic","AT2G44950","CP137967.1",21495565,21502016,6451,8097.5,1
"3827","GCA_036936895.1_ASM3693689v1_genomic","AT5G24520","CP137970.1",8477232,8479762,2530,3163.75,1
"3927","GCA_036936895.1_ASM3693689v1_genomic","AT5G56890","CP137970.1",29049471,29055061,5590,6991.25,1
"4027","GCA_036936895.1_ASM3693689v1_genomic","AT1G24460","CP137966.1",8632575,8639350,6775,8472.5,1
"4131","GCA_036936895.1_ASM3693689v1_genomic","AT2G28800","CP137967.1",15232059,15235306,3247,4060,1
"4228","GCA_036936895.1_ASM3693689v1_genomic","AT5G13940","CP137970.1",4526562,4532018,5456,6863.75,1
"4524","GCA_036936895.1_ASM3693689v1_genomic","AT1G19220","CP137966.1",6635132,6640580,5448,6813.75,1
"4627","GCA_036936895.1_ASM3693689v1_genomic","AT5G01220","CP137970.1",86008,89584,3576,4468.75,1
"4727","GCA_036936895.1_ASM3693689v1_genomic","AT1G02460","CP137966.1",506304,509101,2797,3507.5,1
"4827","GCA_036936895.1_ASM3693689v1_genomic","AT1G04110","CP137966.1",1062383,1064892,2509,3141.25,1
"4927","GCA_036936895.1_ASM3693689v1_genomic","AT4G01880","CP137969.1",1038386,1040665,2279,2842.5,1
"5023","GCA_036936895.1_ASM3693689v1_genomic","AT2G24430","CP137967.1",13165515,13168643,3128,3911.25,1
"5119","GCA_036936895.1_ASM3693689v1_genomic","AT5G47870","CP137970.1",25468276,25469782,1506,1877.5,1
"1134","GCA_036936905.1_ASM3693690v1_genomic","AT2G27810","CP137972.1",13517107,13521378,4271,5322.5,1
"2134","GCA_036936905.1_ASM3693690v1_genomic","AT5G40530","CP137975.1",20298807,20300674,1867,2313.75,1
"3134","GCA_036936905.1_ASM3693690v1_genomic","AT3G26115","CP137973.1",9545134,9547363,2229,2787.5,1
"4107","GCA_036936905.1_ASM3693690v1_genomic","AT1G26750","CP137971.1",9132539,9133956,1417,1772.5,1
"536","GCA_036936905.1_ASM3693690v1_genomic","AT4G17540","CP137974.1",15690536,15692530,1994,2493.75,1
"628","GCA_036936905.1_ASM3693690v1_genomic","AT4G23950","CP137974.1",18297054,18299552,2498,3126.25,1
"728","GCA_036936905.1_ASM3693690v1_genomic","AT2G38360","CP137972.1",17707565,17708843,1278,1598.75,1
"828","GCA_036936905.1_ASM3693690v1_genomic","AT3G11090","CP137973.1",3497161,3498087,926,1158.75,1
"928","GCA_036936905.1_ASM3693690v1_genomic","AT5G24890","CP137975.1",8600305,8602059,1754,2190,1
"1028","GCA_036936905.1_ASM3693690v1_genomic","AT5G27970","CP137975.1",10053799,10065133,11334,14170,1
"1135","GCA_036936905.1_ASM3693690v1_genomic","AT1G49590","CP137971.1",20537025,20539013,1988,2487.5,1
"1230","GCA_036936905.1_ASM3693690v1_genomic","AT5G46910","CP137975.1",23017965,23023014,5049,6301.25,1
"1328","GCA_036936905.1_ASM3693690v1_genomic","AT1G77300","CP137971.1",31438389,31447909,9520,11916.25,1
"1428","GCA_036936905.1_ASM3693690v1_genomic","AT2G15560","CP137972.1",8369242,8371593,2351,2937.5,1
"1528","GCA_036936905.1_ASM3693690v1_genomic","AT3G27310","CP137973.1",10103854,10106009,2155,2693.75,1
"1628","GCA_036936905.1_ASM3693690v1_genomic","AT5G42950","CP137975.1",21282974,21290084,7110,8893.75,1
"1728","GCA_036936905.1_ASM3693690v1_genomic","AT5G47380","CP137975.1",23194826,23198204,3378,4223.75,1
"1828","GCA_036936905.1_ASM3693690v1_genomic","AT3G06035","CP137973.1",1847057,1848462,1405,1757.5,1
"1928","GCA_036936905.1_ASM3693690v1_genomic","AT2G38310","CP137972.1",17688108,17689545,1437,1798.75,1
"2028","GCA_036936905.1_ASM3693690v1_genomic","AT1G27460","CP137971.1",9412857,9416019,3162,3908.75,1
"2135","GCA_036936905.1_ASM3693690v1_genomic","AT2G45320","CP137972.1",20321123,20323203,2080,2602.5,1
"2230","GCA_036936905.1_ASM3693690v1_genomic","AT1G30480","CP137971.1",10683953,10686655,2702,3380,1
"2328","GCA_036936905.1_ASM3693690v1_genomic","AT3G13840","CP137973.1",4560300,4562048,1748,2186.25,1
"2428","GCA_036936905.1_ASM3693690v1_genomic","AT5G38520","CP137975.1",19497680,19499808,2128,2678.75,1
"2528","GCA_036936905.1_ASM3693690v1_genomic","AT2G22260","CP137972.1",11103905,11106549,2644,3305,1
"2628","GCA_036936905.1_ASM3693690v1_genomic","AT1G49470","CP137971.1",20492727,20494013,1286,1608.75,1
"2728","GCA_036936905.1_ASM3693690v1_genomic","AT1G70560","CP137971.1",28945830,28948627,2797,3497.5,1
"2828","GCA_036936905.1_ASM3693690v1_genomic","AT3G10985","CP137973.1",3464947,3466386,1439,1805,1
"2928","GCA_036936905.1_ASM3693690v1_genomic","AT4G36390","CP137974.1",23125526,23128200,2674,3343.75,1
"3028","GCA_036936905.1_ASM3693690v1_genomic","AT4G34270","CP137974.1",22335254,22337713,2459,3075,1
"3135","GCA_036936905.1_ASM3693690v1_genomic","AT5G50000","CP137975.1",24298468,24301265,2797,3497.5,1
"3230","GCA_036936905.1_ASM3693690v1_genomic","AT1G30580","CP137971.1",10725601,10729561,3960,4953.75,1
"3327","GCA_036936905.1_ASM3693690v1_genomic","AT1G20070","CP137971.1",6922232,6923388,1156,1446.25,1
"3428","GCA_036936905.1_ASM3693690v1_genomic","AT3G25440","CP137973.1",9232983,9234801,1818,2273.75,1
"3528","GCA_036936905.1_ASM3693690v1_genomic","AT5G43680","CP137975.1",21565095,21566762,1667,2321.25,1
"3628","GCA_036936905.1_ASM3693690v1_genomic","AT1G67320","CP137971.1",27538831,27542653,3822,4778.75,1
"3728","GCA_036936905.1_ASM3693690v1_genomic","AT2G44950","CP137972.1",20182386,20188863,6477,8097.5,1
"3828","GCA_036936905.1_ASM3693690v1_genomic","AT5G24520","CP137975.1",8408825,8411248,2423,3163.75,1
"3928","GCA_036936905.1_ASM3693690v1_genomic","AT5G56890","CP137975.1",26927243,26932832,5589,6991.25,1
"4028","GCA_036936905.1_ASM3693690v1_genomic","AT1G24460","CP137971.1",8599533,8606308,6775,8472.5,1
"4132","GCA_036936905.1_ASM3693690v1_genomic","AT2G28800","CP137972.1",14021293,14024540,3247,4060,1
"4229","GCA_036936905.1_ASM3693690v1_genomic","AT5G13940","CP137975.1",4516624,4522135,5511,6863.75,1
"4414","GCA_036936905.1_ASM3693690v1_genomic","AT1G19220","CP137971.1",6604143,6609582,5439,6813.75,1
"4525","GCA_036936905.1_ASM3693690v1_genomic","AT5G01220","CP137975.1",85743,89313,3570,4468.75,1
"4628","GCA_036936905.1_ASM3693690v1_genomic","AT1G02460","CP137971.1",507157,509977,2820,3507.5,1
"4728","GCA_036936905.1_ASM3693690v1_genomic","AT1G04110","CP137971.1",1070286,1072798,2512,3141.25,1
"4828","GCA_036936905.1_ASM3693690v1_genomic","AT4G01880","CP137974.1",929520,931792,2272,2842.5,1
"4928","GCA_036936905.1_ASM3693690v1_genomic","AT2G24430","CP137972.1",12052702,12055835,3133,3911.25,1
"5024","GCA_036936905.1_ASM3693690v1_genomic","AT5G47870","CP137975.1",23352235,23353736,1501,1877.5,1
"1136","GCA_036936915.1_ASM3693691v1_genomic","AT2G27810","CP137977.1",14700537,14704807,4270,5322.5,1
"2136","GCA_036936915.1_ASM3693691v1_genomic","AT5G40530","CP137980.1",20949759,20951626,1867,2313.75,1
"3136","GCA_036936915.1_ASM3693691v1_genomic","AT3G26115","CP137978.1",9569852,9572054,2202,2787.5,1
"4108","GCA_036936915.1_ASM3693691v1_genomic","AT1G26750","CP137976.1",9106921,9108338,1417,1772.5,1
"537","GCA_036936915.1_ASM3693691v1_genomic","AT4G17540","CP137979.1",11902666,11904660,1994,2493.75,1
"629","GCA_036936915.1_ASM3693691v1_genomic","AT4G23950","CP137979.1",14596368,14598868,2500,3126.25,1
"729","GCA_036936915.1_ASM3693691v1_genomic","AT2G38360","CP137977.1",18902394,18903672,1278,1598.75,1
"829","GCA_036936915.1_ASM3693691v1_genomic","AT3G11090","CP137978.1",3527689,3528615,926,1158.75,1
"929","GCA_036936915.1_ASM3693691v1_genomic","AT5G24890","CP137980.1",8623479,8625229,1750,2190,1
"1029","GCA_036936915.1_ASM3693691v1_genomic","AT5G27970","CP137980.1",10081305,10092643,11338,14170,1
"1137","GCA_036936915.1_ASM3693691v1_genomic","AT1G49590","CP137976.1",20164482,20166472,1990,2487.5,1
"1231","GCA_036936915.1_ASM3693691v1_genomic","AT5G46910","CP137980.1",23689888,23694931,5043,6301.25,1
"1329","GCA_036936915.1_ASM3693691v1_genomic","AT1G77300","CP137976.1",31048308,31057777,9469,11916.25,1
"1429","GCA_036936915.1_ASM3693691v1_genomic","AT2G15560","CP137977.1",9594938,9597259,2321,2937.5,1
"1529","GCA_036936915.1_ASM3693691v1_genomic","AT3G27310","CP137978.1",10107677,10109831,2154,2693.75,1
"1629","GCA_036936915.1_ASM3693691v1_genomic","AT5G42950","CP137980.1",21981133,21988247,7114,8893.75,1
"1729","GCA_036936915.1_ASM3693691v1_genomic","AT5G47380","CP137980.1",23871478,23874857,3379,4223.75,1
"1829","GCA_036936915.1_ASM3693691v1_genomic","AT3G06035","CP137978.1",1836754,1838159,1405,1757.5,1
"1929","GCA_036936915.1_ASM3693691v1_genomic","AT2G38310","CP137977.1",18882939,18884376,1437,1798.75,1
"2029","GCA_036936915.1_ASM3693691v1_genomic","AT2G21100","CP137977.1",11872173,11873448,1275,1592.5,1
"2137","GCA_036936915.1_ASM3693691v1_genomic","AT1G27460","CP137976.1",9389944,9393070,3126,3908.75,1
"2231","GCA_036936915.1_ASM3693691v1_genomic","AT2G45320","CP137977.1",21507926,21510007,2081,2602.5,1
"2329","GCA_036936915.1_ASM3693691v1_genomic","AT1G30480","CP137976.1",10703690,10706378,2688,3380,1
"2429","GCA_036936915.1_ASM3693691v1_genomic","AT3G13840","CP137978.1",4582973,4584721,1748,2186.25,1
"2529","GCA_036936915.1_ASM3693691v1_genomic","AT5G38520","CP137980.1",20160556,20162693,2137,2678.75,1
"2629","GCA_036936915.1_ASM3693691v1_genomic","AT2G22260","CP137977.1",12291979,12294622,2643,3305,1
"2729","GCA_036936915.1_ASM3693691v1_genomic","AT1G49470","CP137976.1",20122751,20124037,1286,1608.75,1
"2829","GCA_036936915.1_ASM3693691v1_genomic","AT1G70560","CP137976.1",28613156,28615955,2799,3497.5,1
"2929","GCA_036936915.1_ASM3693691v1_genomic","AT3G10985","CP137978.1",3494633,3496072,1439,1805,1
"3029","GCA_036936915.1_ASM3693691v1_genomic","AT4G36390","CP137979.1",19468421,19471095,2674,3343.75,1
"3137","GCA_036936915.1_ASM3693691v1_genomic","AT4G34270","CP137979.1",18672371,18674830,2459,3075,1
"3231","GCA_036936915.1_ASM3693691v1_genomic","AT5G50000","CP137980.1",24991582,24994379,2797,3497.5,1
"3328","GCA_036936915.1_ASM3693691v1_genomic","AT1G30580","CP137976.1",10744410,10748370,3960,4953.75,1
"3429","GCA_036936915.1_ASM3693691v1_genomic","AT1G20070","CP137976.1",6944183,6945339,1156,1446.25,1
"3529","GCA_036936915.1_ASM3693691v1_genomic","AT3G25440","CP137978.1",9271630,9273450,1820,2273.75,1
"3629","GCA_036936915.1_ASM3693691v1_genomic","AT5G43680","CP137980.1",22264312,22266157,1845,2321.25,1
"3729","GCA_036936915.1_ASM3693691v1_genomic","AT1G67320","CP137976.1",27199893,27203715,3822,4778.75,1
"3829","GCA_036936915.1_ASM3693691v1_genomic","AT2G44950","CP137977.1",21367160,21373636,6476,8097.5,1
"3929","GCA_036936915.1_ASM3693691v1_genomic","AT5G24520","CP137980.1",8431751,8434281,2530,3163.75,1
"4029","GCA_036936915.1_ASM3693691v1_genomic","AT5G56890","CP137980.1",27657852,27663443,5591,6991.25,1
"4133","GCA_036936915.1_ASM3693691v1_genomic","AT1G24460","CP137976.1",8607582,8614357,6775,8472.5,1
"4230","GCA_036936915.1_ASM3693691v1_genomic","AT2G28800","CP137977.1",15204750,15207997,3247,4060,1
"4314","GCA_036936915.1_ASM3693691v1_genomic","AT5G13940","CP137980.1",4502892,4508344,5452,6863.75,1
"4415","GCA_036936915.1_ASM3693691v1_genomic","AT1G19220","CP137976.1",6604645,6610082,5437,6813.75,1
"4526","GCA_036936915.1_ASM3693691v1_genomic","AT5G01220","CP137980.1",94782,98354,3572,4468.75,1
"4629","GCA_036936915.1_ASM3693691v1_genomic","AT1G02460","CP137976.1",501716,504516,2800,3507.5,1
"4729","GCA_036936915.1_ASM3693691v1_genomic","AT1G04110","CP137976.1",1061588,1064100,2512,3141.25,1
"4829","GCA_036936915.1_ASM3693691v1_genomic","AT4G01880","CP137979.1",905656,907928,2272,2842.5,1
"4929","GCA_036936915.1_ASM3693691v1_genomic","AT2G24430","CP137977.1",13227750,13230880,3130,3911.25,1
"5025","GCA_036936915.1_ASM3693691v1_genomic","AT5G47870","CP137980.1",24033297,24034804,1507,1877.5,1
"1138","GCA_036936945.1_ASM3693694v1_genomic","AT2G27810","CP137982.1",14401368,14405638,4270,5322.5,1
"2138","GCA_036936945.1_ASM3693694v1_genomic","AT5G40530","CP137985.1",19258999,19260866,1867,2313.75,1
"3138","GCA_036936945.1_ASM3693694v1_genomic","AT3G26115","CP137983.1",9558803,9561006,2203,2787.5,1
"4109","GCA_036936945.1_ASM3693694v1_genomic","AT1G26750","CP137981.1",9109360,9110777,1417,1772.5,1
"538","GCA_036936945.1_ASM3693694v1_genomic","AT4G17540","CP137984.1",14721617,14723611,1994,2493.75,1
"630","GCA_036936945.1_ASM3693694v1_genomic","AT4G23950","CP137984.1",17332721,17335221,2500,3126.25,1
"730","GCA_036936945.1_ASM3693694v1_genomic","AT2G38360","CP137982.1",18612942,18614220,1278,1598.75,1
"830","GCA_036936945.1_ASM3693694v1_genomic","AT3G11090","CP137983.1",3512221,3513147,926,1158.75,1
"930","GCA_036936945.1_ASM3693694v1_genomic","AT5G24890","CP137985.1",8533981,8535732,1751,2190,1
"1030","GCA_036936945.1_ASM3693694v1_genomic","AT5G27970","CP137985.1",10022833,10034172,11339,14170,1
"1139","GCA_036936945.1_ASM3693694v1_genomic","AT1G49590","CP137981.1",22513360,22515361,2001,2487.5,1
"1232","GCA_036936945.1_ASM3693694v1_genomic","AT5G46910","CP137985.1",22045156,22050188,5032,6301.25,1
"1330","GCA_036936945.1_ASM3693694v1_genomic","AT1G77300","CP137981.1",33200932,33210452,9520,11916.25,1
"1430","GCA_036936945.1_ASM3693694v1_genomic","AT2G15560","CP137982.1",9332799,9335120,2321,2937.5,1
"1530","GCA_036936945.1_ASM3693694v1_genomic","AT3G27310","CP137983.1",10095544,10097699,2155,2693.75,1
"1630","GCA_036936945.1_ASM3693694v1_genomic","AT5G42950","CP137985.1",20255072,20262186,7114,8893.75,1
"1730","GCA_036936945.1_ASM3693694v1_genomic","AT5G47380","CP137985.1",22220529,22223908,3379,4223.75,1
"1830","GCA_036936945.1_ASM3693694v1_genomic","AT3G06035","CP137983.1",1837272,1838677,1405,1757.5,1
"1930","GCA_036936945.1_ASM3693694v1_genomic","AT2G38310","CP137982.1",18593469,18594906,1437,1798.75,1
"2030","GCA_036936945.1_ASM3693694v1_genomic","AT2G21100","CP137982.1",11594551,11595824,1273,1592.5,1
"2139","GCA_036936945.1_ASM3693694v1_genomic","AT1G27460","CP137981.1",9389107,9392233,3126,3908.75,1
"2232","GCA_036936945.1_ASM3693694v1_genomic","AT2G45320","CP137982.1",21218415,21220495,2080,2602.5,1
"2330","GCA_036936945.1_ASM3693694v1_genomic","AT1G30480","CP137981.1",10638713,10641414,2701,3380,1
"2430","GCA_036936945.1_ASM3693694v1_genomic","AT3G13840","CP137983.1",4573427,4575175,1748,2186.25,1
"2530","GCA_036936945.1_ASM3693694v1_genomic","AT5G38520","CP137985.1",18451868,18454005,2137,2678.75,1
"2630","GCA_036936945.1_ASM3693694v1_genomic","AT2G22260","CP137982.1",12010637,12013280,2643,3305,1
"2730","GCA_036936945.1_ASM3693694v1_genomic","AT1G49470","CP137981.1",22468736,22470022,1286,1608.75,1
"2830","GCA_036936945.1_ASM3693694v1_genomic","AT1G70560","CP137981.1",30739417,30742214,2797,3497.5,1
"2930","GCA_036936945.1_ASM3693694v1_genomic","AT3G10985","CP137983.1",3479526,3480917,1391,1805,1
"3030","GCA_036936945.1_ASM3693694v1_genomic","AT4G36390","CP137984.1",22095508,22098182,2674,3343.75,1
"3139","GCA_036936945.1_ASM3693694v1_genomic","AT4G34270","CP137984.1",21306029,21308488,2459,3075,1
"3232","GCA_036936945.1_ASM3693694v1_genomic","AT5G50000","CP137985.1",23334781,23337578,2797,3497.5,1
"3329","GCA_036936945.1_ASM3693694v1_genomic","AT1G30580","CP137981.1",10680349,10684309,3960,4953.75,1
"3430","GCA_036936945.1_ASM3693694v1_genomic","AT1G20070","CP137981.1",6953670,6954825,1155,1446.25,1
"3530","GCA_036936945.1_ASM3693694v1_genomic","AT3G25440","CP137983.1",9245580,9247397,1817,2273.75,1
"3630","GCA_036936945.1_ASM3693694v1_genomic","AT5G43680","CP137985.1",20571062,20572918,1856,2321.25,1
"3730","GCA_036936945.1_ASM3693694v1_genomic","AT1G67320","CP137981.1",29333885,29337708,3823,4778.75,1
"3830","GCA_036936945.1_ASM3693694v1_genomic","AT2G44950","CP137982.1",21078778,21085258,6480,8097.5,1
"3930","GCA_036936945.1_ASM3693694v1_genomic","AT5G24520","CP137985.1",8353977,8356507,2530,3163.75,1
"4030","GCA_036936945.1_ASM3693694v1_genomic","AT5G56890","CP137985.1",25980167,25985759,5592,6991.25,1
"4134","GCA_036936945.1_ASM3693694v1_genomic","AT1G24460","CP137981.1",8612157,8618932,6775,8472.5,1
"4231","GCA_036936945.1_ASM3693694v1_genomic","AT2G28800","CP137982.1",14905721,14908968,3247,4060,1
"4315","GCA_036936945.1_ASM3693694v1_genomic","AT5G13940","CP137985.1",4497988,4503477,5489,6863.75,1
"4416","GCA_036936945.1_ASM3693694v1_genomic","AT1G19220","CP137981.1",6623462,6628904,5442,6813.75,1
"4527","GCA_036936945.1_ASM3693694v1_genomic","AT5G01220","CP137985.1",84663,88238,3575,4468.75,1
"4630","GCA_036936945.1_ASM3693694v1_genomic","AT1G02460","CP137981.1",506679,509493,2814,3507.5,1
"4730","GCA_036936945.1_ASM3693694v1_genomic","AT1G04110","CP137981.1",1063328,1065840,2512,3141.25,1
"4830","GCA_036936945.1_ASM3693694v1_genomic","AT4G01880","CP137984.1",940454,942727,2273,2842.5,1
"4930","GCA_036936945.1_ASM3693694v1_genomic","AT2G24430","CP137982.1",12954099,12957245,3146,3911.25,1
"5026","GCA_036936945.1_ASM3693694v1_genomic","AT5G47870","CP137985.1",22379543,22381049,1506,1877.5,1
"1140","GCA_036936955.1_ASM3693695v1_genomic","AT2G27810","CP137987.1",15163119,15167389,4270,5322.5,1
"2140","GCA_036936955.1_ASM3693695v1_genomic","AT5G40530","CP137990.1",19332799,19334666,1867,2313.75,1
"3140","GCA_036936955.1_ASM3693695v1_genomic","AT3G26115","CP137988.1",9605978,9608207,2229,2787.5,1
"4135","GCA_036936955.1_ASM3693695v1_genomic","AT1G26750","CP137986.1",9103973,9105390,1417,1772.5,1
"539","GCA_036936955.1_ASM3693695v1_genomic","AT4G17540","CP137989.1",12571335,12573342,2007,2493.75,1
"631","GCA_036936955.1_ASM3693695v1_genomic","AT4G23950","CP137989.1",15341556,15344055,2499,3126.25,1
"731","GCA_036936955.1_ASM3693695v1_genomic","AT2G38360","CP137987.1",19443174,19444452,1278,1598.75,1
"831","GCA_036936955.1_ASM3693695v1_genomic","AT3G11090","CP137988.1",3522523,3523449,926,1158.75,1
"931","GCA_036936955.1_ASM3693695v1_genomic","AT5G24890","CP137990.1",8622796,8624545,1749,2190,1
"1031","GCA_036936955.1_ASM3693695v1_genomic","AT5G27970","CP137990.1",10106112,10117446,11334,14170,1
"1141","GCA_036936955.1_ASM3693695v1_genomic","AT1G49590","CP137986.1",21437437,21439424,1987,2487.5,1
"1233","GCA_036936955.1_ASM3693695v1_genomic","AT5G46910","CP137990.1",22140770,22145827,5057,6301.25,1
"1331","GCA_036936955.1_ASM3693695v1_genomic","AT1G77300","CP137986.1",32094854,32104376,9522,11916.25,1
"1431","GCA_036936955.1_ASM3693695v1_genomic","AT2G15560","CP137987.1",9959468,9961789,2321,2937.5,1
"1531","GCA_036936955.1_ASM3693695v1_genomic","AT3G27310","CP137988.1",10136812,10138966,2154,2693.75,1
"1631","GCA_036936955.1_ASM3693695v1_genomic","AT5G42950","CP137990.1",20352147,20359259,7112,8893.75,1
"1731","GCA_036936955.1_ASM3693695v1_genomic","AT5G47380","CP137990.1",22317882,22321243,3361,4223.75,1
"1831","GCA_036936955.1_ASM3693695v1_genomic","AT3G06035","CP137988.1",1843820,1845225,1405,1757.5,1
"1931","GCA_036936955.1_ASM3693695v1_genomic","AT2G38310","CP137987.1",19423731,19425171,1440,1798.75,1
"2031","GCA_036936955.1_ASM3693695v1_genomic","AT1G27460","CP137986.1",9381880,9385042,3162,3908.75,1
"2141","GCA_036936955.1_ASM3693695v1_genomic","AT2G45320","CP137987.1",22061121,22063178,2057,2602.5,1
"2233","GCA_036936955.1_ASM3693695v1_genomic","AT1G30480","CP137986.1",10665518,10668186,2668,3380,1
"2331","GCA_036936955.1_ASM3693695v1_genomic","AT3G13840","CP137988.1",4609997,4611745,1748,2186.25,1
"2431","GCA_036936955.1_ASM3693695v1_genomic","AT5G38520","CP137990.1",18516306,18518448,2142,2678.75,1
"2531","GCA_036936955.1_ASM3693695v1_genomic","AT2G22260","CP137987.1",12746173,12748816,2643,3305,1
"2631","GCA_036936955.1_ASM3693695v1_genomic","AT1G49470","CP137986.1",21395549,21396835,1286,1608.75,1
"2731","GCA_036936955.1_ASM3693695v1_genomic","AT1G70560","CP137986.1",29667459,29670215,2756,3497.5,1
"2831","GCA_036936955.1_ASM3693695v1_genomic","AT3G10985","CP137988.1",3493162,3494606,1444,1805,1
"2931","GCA_036936955.1_ASM3693695v1_genomic","AT4G36390","CP137989.1",20165485,20168160,2675,3343.75,1
"3031","GCA_036936955.1_ASM3693695v1_genomic","AT4G34270","CP137989.1",19365648,19368093,2445,3075,1
"3141","GCA_036936955.1_ASM3693695v1_genomic","AT5G50000","CP137990.1",23436369,23439168,2799,3497.5,1
"3233","GCA_036936955.1_ASM3693695v1_genomic","AT1G30580","CP137986.1",10706209,10710169,3960,4953.75,1
"3330","GCA_036936955.1_ASM3693695v1_genomic","AT1G20070","CP137986.1",6916817,6917973,1156,1446.25,1
"3431","GCA_036936955.1_ASM3693695v1_genomic","AT3G25440","CP137988.1",9299492,9301308,1816,2273.75,1
"3531","GCA_036936955.1_ASM3693695v1_genomic","AT5G43680","CP137990.1",20658219,20659886,1667,2321.25,1
"3631","GCA_036936955.1_ASM3693695v1_genomic","AT1G67320","CP137986.1",28257722,28261544,3822,4778.75,1
"3731","GCA_036936955.1_ASM3693695v1_genomic","AT2G44950","CP137987.1",21931000,21937478,6478,8097.5,1
"3831","GCA_036936955.1_ASM3693695v1_genomic","AT5G24520","CP137990.1",8427590,8430111,2521,3163.75,1
"3931","GCA_036936955.1_ASM3693695v1_genomic","AT5G56890","CP137990.1",26116114,26121714,5600,6991.25,1
"4031","GCA_036936955.1_ASM3693695v1_genomic","AT1G24460","CP137986.1",8596778,8603555,6777,8472.5,1
"4136","GCA_036936955.1_ASM3693695v1_genomic","AT2G28800","CP137987.1",15670033,15673280,3247,4060,1
"4232","GCA_036936955.1_ASM3693695v1_genomic","AT5G13940","CP137990.1",4495769,4501284,5515,6863.75,1
"4417","GCA_036936955.1_ASM3693695v1_genomic","AT1G19220","CP137986.1",6598635,6604067,5432,6813.75,1
"4528","GCA_036936955.1_ASM3693695v1_genomic","AT5G01220","CP137990.1",85827,89405,3578,4468.75,1
"4631","GCA_036936955.1_ASM3693695v1_genomic","AT1G02460","CP137986.1",509279,512070,2791,3507.5,1
"4731","GCA_036936955.1_ASM3693695v1_genomic","AT1G04110","CP137986.1",1071538,1074050,2512,3141.25,1
"4831","GCA_036936955.1_ASM3693695v1_genomic","AT4G01880","CP137989.1",1035057,1037328,2271,2842.5,1
"4931","GCA_036936955.1_ASM3693695v1_genomic","AT2G24430","CP137987.1",13662568,13665677,3109,3911.25,1
"5027","GCA_036936955.1_ASM3693695v1_genomic","AT5G47870","CP137990.1",22475122,22476623,1501,1877.5,1
"1142","GCA_036937005.1_ASM3693700v1_genomic","AT2G27810","CP137992.1",14522414,14526684,4270,5322.5,1
"2142","GCA_036937005.1_ASM3693700v1_genomic","AT5G40530","CP137995.1",22028566,22030433,1867,2313.75,1
"3142","GCA_036937005.1_ASM3693700v1_genomic","AT3G26115","CP137993.1",9520766,9522969,2203,2787.5,1
"4137","GCA_036937005.1_ASM3693700v1_genomic","AT1G26750","CP137991.1",9130870,9132287,1417,1772.5,1
"540","GCA_036937005.1_ASM3693700v1_genomic","AT4G17540","CP137994.1",16234214,16236211,1997,2493.75,1
"632","GCA_036937005.1_ASM3693700v1_genomic","AT4G23950","CP137994.1",18862371,18864871,2500,3126.25,1
"732","GCA_036937005.1_ASM3693700v1_genomic","AT2G38360","CP137992.1",18745195,18746473,1278,1598.75,1
"832","GCA_036937005.1_ASM3693700v1_genomic","AT3G11090","CP137993.1",3495434,3496360,926,1158.75,1
"932","GCA_036937005.1_ASM3693700v1_genomic","AT5G24890","CP137995.1",8610805,8612561,1756,2190,1
"1032","GCA_036937005.1_ASM3693700v1_genomic","AT5G27970","CP137995.1",10077981,10089311,11330,14170,1
"1143","GCA_036937005.1_ASM3693700v1_genomic","AT1G49590","CP137991.1",20906082,20908062,1980,2487.5,1
"1234","GCA_036937005.1_ASM3693700v1_genomic","AT5G46910","CP137995.1",24767528,24772580,5052,6301.25,1
"1332","GCA_036937005.1_ASM3693700v1_genomic","AT1G77300","CP137991.1",31560504,31570025,9521,11916.25,1
"1432","GCA_036937005.1_ASM3693700v1_genomic","AT2G15560","CP137992.1",9423056,9425407,2351,2937.5,1
"1532","GCA_036937005.1_ASM3693700v1_genomic","AT3G27310","CP137993.1",10063066,10065220,2154,2693.75,1
"1632","GCA_036937005.1_ASM3693700v1_genomic","AT5G42950","CP137995.1",23006711,23013817,7106,8893.75,1
"1732","GCA_036937005.1_ASM3693700v1_genomic","AT5G47380","CP137995.1",24944432,24947810,3378,4223.75,1
"1832","GCA_036937005.1_ASM3693700v1_genomic","AT3G06035","CP137993.1",1833632,1835037,1405,1757.5,1
"1932","GCA_036937005.1_ASM3693700v1_genomic","AT2G38310","CP137992.1",18725424,18726864,1440,1798.75,1
"2032","GCA_036937005.1_ASM3693700v1_genomic","AT1G27460","CP137991.1",9405629,9408755,3126,3908.75,1
"2143","GCA_036937005.1_ASM3693700v1_genomic","AT2G45320","CP137992.1",21353471,21355552,2081,2602.5,1
"2234","GCA_036937005.1_ASM3693700v1_genomic","AT1G30480","CP137991.1",10679875,10682570,2695,3380,1
"2332","GCA_036937005.1_ASM3693700v1_genomic","AT3G13840","CP137993.1",4561872,4563620,1748,2186.25,1
"2432","GCA_036937005.1_ASM3693700v1_genomic","AT5G38520","CP137995.1",21218134,21220276,2142,2678.75,1
"2532","GCA_036937005.1_ASM3693700v1_genomic","AT2G22260","CP137992.1",12086923,12089566,2643,3305,1
"2632","GCA_036937005.1_ASM3693700v1_genomic","AT1G49470","CP137991.1",20864109,20865395,1286,1608.75,1
"2732","GCA_036937005.1_ASM3693700v1_genomic","AT1G70560","CP137991.1",29110815,29113612,2797,3497.5,1
"2832","GCA_036937005.1_ASM3693700v1_genomic","AT3G10985","CP137993.1",3462406,3463850,1444,1805,1
"2932","GCA_036937005.1_ASM3693700v1_genomic","AT4G36390","CP137994.1",23648860,23651534,2674,3343.75,1
"3032","GCA_036937005.1_ASM3693700v1_genomic","AT4G34270","CP137994.1",22854019,22856478,2459,3075,1
"3143","GCA_036937005.1_ASM3693700v1_genomic","AT5G50000","CP137995.1",26040574,26043371,2797,3497.5,1
"3234","GCA_036937005.1_ASM3693700v1_genomic","AT1G30580","CP137991.1",10722235,10726193,3958,4953.75,1
"3331","GCA_036937005.1_ASM3693700v1_genomic","AT1G20070","CP137991.1",6913096,6914252,1156,1446.25,1
"3432","GCA_036937005.1_ASM3693700v1_genomic","AT3G25440","CP137993.1",9199347,9201168,1821,2273.75,1
"3532","GCA_036937005.1_ASM3693700v1_genomic","AT5G43680","CP137995.1",23324278,23326133,1855,2321.25,1
"3632","GCA_036937005.1_ASM3693700v1_genomic","AT1G67320","CP137991.1",27701721,27705544,3823,4778.75,1
"3732","GCA_036937005.1_ASM3693700v1_genomic","AT2G44950","CP137992.1",21213994,21220471,6477,8097.5,1
"3832","GCA_036937005.1_ASM3693700v1_genomic","AT5G24520","CP137995.1",8416468,8418998,2530,3163.75,1
"3932","GCA_036937005.1_ASM3693700v1_genomic","AT5G56890","CP137995.1",28694510,28700100,5590,6991.25,1
"4032","GCA_036937005.1_ASM3693700v1_genomic","AT1G24460","CP137991.1",8599712,8606487,6775,8472.5,1
"4138","GCA_036937005.1_ASM3693700v1_genomic","AT2G28800","CP137992.1",15024124,15027358,3234,4060,1
"4233","GCA_036937005.1_ASM3693700v1_genomic","AT5G13940","CP137995.1",4483059,4488507,5448,6863.75,1
"4632","GCA_036937005.1_ASM3693700v1_genomic","AT1G19220","CP137991.1",6593483,6598922,5439,6813.75,1
"4732","GCA_036937005.1_ASM3693700v1_genomic","AT5G01220","CP137995.1",82548,86122,3574,4468.75,1
"4832","GCA_036937005.1_ASM3693700v1_genomic","AT1G02460","CP137991.1",506658,509446,2788,3507.5,1
"4932","GCA_036937005.1_ASM3693700v1_genomic","AT1G04110","CP137991.1",1073078,1075590,2512,3141.25,1
"5028","GCA_036937005.1_ASM3693700v1_genomic","AT4G01880","CP137994.1",1398882,1401154,2272,2842.5,1
"5120","GCA_036937005.1_ASM3693700v1_genomic","AT2G24430","CP137992.1",13008649,13011829,3180,3911.25,1
"5211","GCA_036937005.1_ASM3693700v1_genomic","AT5G47870","CP137995.1",25102314,25103816,1502,1877.5,1
"1144","GCA_036937185.1_ASM3693718v1_genomic","AT2G27810","CP137997.1",15921718,15925988,4270,5322.5,1
"2144","GCA_036937185.1_ASM3693718v1_genomic","AT5G40530","CP138000.1",21800750,21802617,1867,2313.75,1
"3144","GCA_036937185.1_ASM3693718v1_genomic","AT3G26115","CP137998.1",9532133,9534336,2203,2787.5,1
"4139","GCA_036937185.1_ASM3693718v1_genomic","AT1G26750","CP137996.1",9106454,9107871,1417,1772.5,1
"541","GCA_036937185.1_ASM3693718v1_genomic","AT4G17540","CP137999.1",15459771,15461768,1997,2493.75,1
"633","GCA_036937185.1_ASM3693718v1_genomic","AT4G23950","CP137999.1",18086582,18089082,2500,3126.25,1
"733","GCA_036937185.1_ASM3693718v1_genomic","AT2G38360","CP137997.1",20194276,20195554,1278,1598.75,1
"833","GCA_036937185.1_ASM3693718v1_genomic","AT3G11090","CP137998.1",3498414,3499340,926,1158.75,1
"933","GCA_036937185.1_ASM3693718v1_genomic","AT5G24890","CP138000.1",8611137,8612893,1756,2190,1
"1033","GCA_036937185.1_ASM3693718v1_genomic","AT5G27970","CP138000.1",10078336,10089666,11330,14170,1
"1145","GCA_036937185.1_ASM3693718v1_genomic","AT1G49590","CP137996.1",20888325,20890305,1980,2487.5,1
"1235","GCA_036937185.1_ASM3693718v1_genomic","AT5G46910","CP138000.1",24540477,24545529,5052,6301.25,1
"1333","GCA_036937185.1_ASM3693718v1_genomic","AT1G77300","CP137996.1",31576907,31586428,9521,11916.25,1
"1433","GCA_036937185.1_ASM3693718v1_genomic","AT2G15560","CP137997.1",10822252,10824603,2351,2937.5,1
"1533","GCA_036937185.1_ASM3693718v1_genomic","AT3G27310","CP137998.1",10061271,10063424,2153,2693.75,1
"1633","GCA_036937185.1_ASM3693718v1_genomic","AT5G42950","CP138000.1",22778873,22785979,7106,8893.75,1
"1733","GCA_036937185.1_ASM3693718v1_genomic","AT5G47380","CP138000.1",24717387,24720765,3378,4223.75,1
"1833","GCA_036937185.1_ASM3693718v1_genomic","AT3G06035","CP137998.1",1843019,1844424,1405,1757.5,1
"1933","GCA_036937185.1_ASM3693718v1_genomic","AT2G38310","CP137997.1",20174505,20175945,1440,1798.75,1
"2033","GCA_036937185.1_ASM3693718v1_genomic","AT1G27460","CP137996.1",9381210,9384336,3126,3908.75,1
"2145","GCA_036937185.1_ASM3693718v1_genomic","AT2G45320","CP137997.1",22801767,22803848,2081,2602.5,1
"2235","GCA_036937185.1_ASM3693718v1_genomic","AT1G30480","CP137996.1",10692352,10695047,2695,3380,1
"2333","GCA_036937185.1_ASM3693718v1_genomic","AT3G13840","CP137998.1",4564833,4566581,1748,2186.25,1
"2433","GCA_036937185.1_ASM3693718v1_genomic","AT5G38520","CP138000.1",20990334,20992476,2142,2678.75,1
"2533","GCA_036937185.1_ASM3693718v1_genomic","AT2G22260","CP137997.1",13486175,13488818,2643,3305,1
"2633","GCA_036937185.1_ASM3693718v1_genomic","AT1G49470","CP137996.1",20846352,20847638,1286,1608.75,1
"2733","GCA_036937185.1_ASM3693718v1_genomic","AT1G70560","CP137996.1",29125745,29128542,2797,3497.5,1
"2833","GCA_036937185.1_ASM3693718v1_genomic","AT3G10985","CP137998.1",3465383,3466827,1444,1805,1
"2933","GCA_036937185.1_ASM3693718v1_genomic","AT4G36390","CP137999.1",22873055,22875729,2674,3343.75,1
"3033","GCA_036937185.1_ASM3693718v1_genomic","AT4G34270","CP137999.1",22078213,22080672,2459,3075,1
"3145","GCA_036937185.1_ASM3693718v1_genomic","AT5G50000","CP138000.1",25813466,25816263,2797,3497.5,1
"3235","GCA_036937185.1_ASM3693718v1_genomic","AT1G30580","CP137996.1",10734712,10738670,3958,4953.75,1
"3332","GCA_036937185.1_ASM3693718v1_genomic","AT1G20070","CP137996.1",6888683,6889839,1156,1446.25,1
"3433","GCA_036937185.1_ASM3693718v1_genomic","AT3G25440","CP137998.1",9210652,9212473,1821,2273.75,1
"3533","GCA_036937185.1_ASM3693718v1_genomic","AT5G43680","CP138000.1",23097228,23099083,1855,2321.25,1
"3633","GCA_036937185.1_ASM3693718v1_genomic","AT1G67320","CP137996.1",27704418,27708241,3823,4778.75,1
"3733","GCA_036937185.1_ASM3693718v1_genomic","AT2G44950","CP137997.1",22662294,22668771,6477,8097.5,1
"3833","GCA_036937185.1_ASM3693718v1_genomic","AT5G24520","CP138000.1",8416819,8419349,2530,3163.75,1
"3933","GCA_036937185.1_ASM3693718v1_genomic","AT5G56890","CP138000.1",28461247,28466837,5590,6991.25,1
"4033","GCA_036937185.1_ASM3693718v1_genomic","AT1G24460","CP137996.1",8575312,8582087,6775,8472.5,1
"4140","GCA_036937185.1_ASM3693718v1_genomic","AT2G28800","CP137997.1",16423444,16426678,3234,4060,1
"4234","GCA_036937185.1_ASM3693718v1_genomic","AT5G13940","CP138000.1",4483442,4488890,5448,6863.75,1
"4633","GCA_036937185.1_ASM3693718v1_genomic","AT1G19220","CP137996.1",6569081,6574511,5430,6813.75,1
"4733","GCA_036937185.1_ASM3693718v1_genomic","AT5G01220","CP138000.1",82706,86280,3574,4468.75,1
"4833","GCA_036937185.1_ASM3693718v1_genomic","AT1G02460","CP137996.1",497517,500341,2824,3507.5,1
"4933","GCA_036937185.1_ASM3693718v1_genomic","AT1G04110","CP137996.1",1063661,1066173,2512,3141.25,1
"5029","GCA_036937185.1_ASM3693718v1_genomic","AT4G01880","CP137999.1",966105,968377,2272,2842.5,1
"5121","GCA_036937185.1_ASM3693718v1_genomic","AT2G24430","CP137997.1",14407913,14411093,3180,3911.25,1
"5212","GCA_036937185.1_ASM3693718v1_genomic","AT5G47870","CP138000.1",24875191,24876693,1502,1877.5,1
"1146","GCA_036937335.1_ASM3693733v1_genomic","AT2G27810","CP138002.1",15188340,15192611,4271,5322.5,1
"2146","GCA_036937335.1_ASM3693733v1_genomic","AT5G40530","CP138005.1",21158664,21160531,1867,2313.75,1
"3146","GCA_036937335.1_ASM3693733v1_genomic","AT3G26115","CP138003.1",9572418,9574620,2202,2787.5,1
"4141","GCA_036937335.1_ASM3693733v1_genomic","AT1G26750","CP138001.1",9087535,9088952,1417,1772.5,1
"542","GCA_036937335.1_ASM3693733v1_genomic","AT4G17540","CP138004.1",14931388,14933395,2007,2493.75,1
"634","GCA_036937335.1_ASM3693733v1_genomic","AT4G23950","CP138004.1",17578463,17580962,2499,3126.25,1
"734","GCA_036937335.1_ASM3693733v1_genomic","AT2G38360","CP138002.1",19390416,19391694,1278,1598.75,1
"834","GCA_036937335.1_ASM3693733v1_genomic","AT3G11090","CP138003.1",3522003,3522929,926,1158.75,1
"934","GCA_036937335.1_ASM3693733v1_genomic","AT5G24890","CP138005.1",8619099,8620853,1754,2190,1
"1034","GCA_036937335.1_ASM3693733v1_genomic","AT5G27970","CP138005.1",10099667,10111005,11338,14170,1
"1147","GCA_036937335.1_ASM3693733v1_genomic","AT1G49590","CP138001.1",21054508,21056496,1988,2487.5,1
"1236","GCA_036937335.1_ASM3693733v1_genomic","AT5G46910","CP138005.1",23902285,23907332,5047,6301.25,1
"1334","GCA_036937335.1_ASM3693733v1_genomic","AT1G77300","CP138001.1",31724248,31733739,9491,11916.25,1
"1434","GCA_036937335.1_ASM3693733v1_genomic","AT2G15560","CP138002.1",10094997,10097348,2351,2937.5,1
"1534","GCA_036937335.1_ASM3693733v1_genomic","AT3G27310","CP138003.1",10134789,10136943,2154,2693.75,1
"1634","GCA_036937335.1_ASM3693733v1_genomic","AT5G42950","CP138005.1",22159703,22166809,7106,8893.75,1
"1734","GCA_036937335.1_ASM3693733v1_genomic","AT5G47380","CP138005.1",24080526,24083904,3378,4223.75,1
"1834","GCA_036937335.1_ASM3693733v1_genomic","AT3G06035","CP138003.1",1834011,1835416,1405,1757.5,1
"1934","GCA_036937335.1_ASM3693733v1_genomic","AT2G38310","CP138002.1",19370993,19372430,1437,1798.75,1
"2034","GCA_036937335.1_ASM3693733v1_genomic","AT1G27460","CP138001.1",9367944,9371070,3126,3908.75,1
"2147","GCA_036937335.1_ASM3693733v1_genomic","AT2G45320","CP138002.1",21998776,22000857,2081,2602.5,1
"2236","GCA_036937335.1_ASM3693733v1_genomic","AT1G30480","CP138001.1",10640642,10643344,2702,3380,1
"2334","GCA_036937335.1_ASM3693733v1_genomic","AT3G13840","CP138003.1",4607426,4609174,1748,2186.25,1
"2434","GCA_036937335.1_ASM3693733v1_genomic","AT5G38520","CP138005.1",20329015,20331158,2143,2678.75,1
"2534","GCA_036937335.1_ASM3693733v1_genomic","AT2G22260","CP138002.1",12824725,12827369,2644,3305,1
"2634","GCA_036937335.1_ASM3693733v1_genomic","AT1G49470","CP138001.1",21010199,21011484,1285,1608.75,1
"2734","GCA_036937335.1_ASM3693733v1_genomic","AT1G70560","CP138001.1",29292265,29295062,2797,3497.5,1
"2834","GCA_036937335.1_ASM3693733v1_genomic","AT3G10985","CP138003.1",3480164,3481608,1444,1805,1
"2934","GCA_036937335.1_ASM3693733v1_genomic","AT4G36390","CP138004.1",22326683,22329357,2674,3343.75,1
"3034","GCA_036937335.1_ASM3693733v1_genomic","AT4G34270","CP138004.1",21533812,21536266,2454,3075,1
"3147","GCA_036937335.1_ASM3693733v1_genomic","AT5G50000","CP138005.1",25193509,25196306,2797,3497.5,1
"3236","GCA_036937335.1_ASM3693733v1_genomic","AT1G30580","CP138001.1",10682288,10686248,3960,4953.75,1
"3333","GCA_036937335.1_ASM3693733v1_genomic","AT1G20070","CP138001.1",6923982,6925138,1156,1446.25,1
"3434","GCA_036937335.1_ASM3693733v1_genomic","AT3G25440","CP138003.1",9253643,9255460,1817,2273.75,1
"3534","GCA_036937335.1_ASM3693733v1_genomic","AT5G43680","CP138005.1",22473130,22474985,1855,2321.25,1
"3634","GCA_036937335.1_ASM3693733v1_genomic","AT1G67320","CP138001.1",27874278,27878100,3822,4778.75,1
"3734","GCA_036937335.1_ASM3693733v1_genomic","AT2G44950","CP138002.1",21859103,21865580,6477,8097.5,1
"3834","GCA_036937335.1_ASM3693733v1_genomic","AT5G24520","CP138005.1",8427557,8429980,2423,3163.75,1
"3934","GCA_036937335.1_ASM3693733v1_genomic","AT5G56890","CP138005.1",27821182,27826771,5589,6991.25,1
"4034","GCA_036937335.1_ASM3693733v1_genomic","AT1G24460","CP138001.1",8566450,8573225,6775,8472.5,1
"4142","GCA_036937335.1_ASM3693733v1_genomic","AT2G28800","CP138002.1",15689998,15693232,3234,4060,1
"4235","GCA_036937335.1_ASM3693733v1_genomic","AT5G13940","CP138005.1",4514703,4520151,5448,6863.75,1
"4418","GCA_036937335.1_ASM3693733v1_genomic","AT1G19220","CP138001.1",6604632,6610074,5442,6813.75,1
"4529","GCA_036937335.1_ASM3693733v1_genomic","AT5G01220","CP138005.1",84871,88441,3570,4468.75,1
"4634","GCA_036937335.1_ASM3693733v1_genomic","AT1G02460","CP138001.1",512330,515122,2792,3507.5,1
"4734","GCA_036937335.1_ASM3693733v1_genomic","AT1G04110","CP138001.1",1070124,1072636,2512,3141.25,1
"4834","GCA_036937335.1_ASM3693733v1_genomic","AT4G01880","CP138004.1",1098428,1100700,2272,2842.5,1
"4934","GCA_036937335.1_ASM3693733v1_genomic","AT2G24430","CP138002.1",13749588,13752706,3118,3911.25,1
"5030","GCA_036937335.1_ASM3693733v1_genomic","AT5G47870","CP138005.1",24240685,24242187,1502,1877.5,1
"1148","GCA_036937385.1_ASM3693738v1_genomic","AT2G27810","CP138007.1",13335587,13339858,4271,5322.5,1
"2148","GCA_036937385.1_ASM3693738v1_genomic","AT5G40530","CP138010.1",22066599,22068466,1867,2313.75,1
"3148","GCA_036937385.1_ASM3693738v1_genomic","AT3G26115","CP138008.1",9556129,9558331,2202,2787.5,1
"4143","GCA_036937385.1_ASM3693738v1_genomic","AT1G26750","CP138006.1",9130988,9132405,1417,1772.5,1
"543","GCA_036937385.1_ASM3693738v1_genomic","AT4G17540","CP138009.1",17191427,17193421,1994,2493.75,1
"635","GCA_036937385.1_ASM3693738v1_genomic","AT4G23950","CP138009.1",19846436,19848936,2500,3126.25,1
"735","GCA_036937385.1_ASM3693738v1_genomic","AT2G38360","CP138007.1",17530476,17531754,1278,1598.75,1
"835","GCA_036937385.1_ASM3693738v1_genomic","AT3G11090","CP138008.1",3492862,3493788,926,1158.75,1
"935","GCA_036937385.1_ASM3693738v1_genomic","AT5G24890","CP138010.1",8612225,8613979,1754,2190,1
"1035","GCA_036937385.1_ASM3693738v1_genomic","AT5G27970","CP138010.1",10097497,10108830,11333,14170,1
"1149","GCA_036937385.1_ASM3693738v1_genomic","AT1G49590","CP138006.1",21905627,21907616,1989,2487.5,1
"1237","GCA_036937385.1_ASM3693738v1_genomic","AT5G46910","CP138010.1",24800329,24805369,5040,6301.25,1
"1335","GCA_036937385.1_ASM3693738v1_genomic","AT1G77300","CP138006.1",32547371,32556891,9520,11916.25,1
"1435","GCA_036937385.1_ASM3693738v1_genomic","AT2G15560","CP138007.1",8286645,8288996,2351,2937.5,1
"1535","GCA_036937385.1_ASM3693738v1_genomic","AT3G27310","CP138008.1",10129237,10131391,2154,2693.75,1
"1635","GCA_036937385.1_ASM3693738v1_genomic","AT5G42950","CP138010.1",23064864,23071970,7106,8893.75,1
"1735","GCA_036937385.1_ASM3693738v1_genomic","AT5G47380","CP138010.1",24971881,24975259,3378,4223.75,1
"1835","GCA_036937385.1_ASM3693738v1_genomic","AT3G06035","CP138008.1",1835030,1836435,1405,1757.5,1
"1935","GCA_036937385.1_ASM3693738v1_genomic","AT2G38310","CP138007.1",17510706,17512146,1440,1798.75,1
"2035","GCA_036937385.1_ASM3693738v1_genomic","AT1G27460","CP138006.1",9404165,9407291,3126,3908.75,1
"2149","GCA_036937385.1_ASM3693738v1_genomic","AT2G45320","CP138007.1",20146099,20148179,2080,2602.5,1
"2237","GCA_036937385.1_ASM3693738v1_genomic","AT1G30480","CP138006.1",10637747,10640449,2702,3380,1
"2335","GCA_036937385.1_ASM3693738v1_genomic","AT3G13840","CP138008.1",4564103,4565851,1748,2186.25,1
"2435","GCA_036937385.1_ASM3693738v1_genomic","AT5G38520","CP138010.1",21258089,21260226,2137,2678.75,1
"2535","GCA_036937385.1_ASM3693738v1_genomic","AT2G22260","CP138007.1",10970054,10972697,2643,3305,1
"2635","GCA_036937385.1_ASM3693738v1_genomic","AT1G49470","CP138006.1",21861301,21862587,1286,1608.75,1
"2735","GCA_036937385.1_ASM3693738v1_genomic","AT1G70560","CP138006.1",30102861,30105658,2797,3497.5,1
"2835","GCA_036937385.1_ASM3693738v1_genomic","AT3G10985","CP138008.1",3459819,3461263,1444,1805,1
"2935","GCA_036937385.1_ASM3693738v1_genomic","AT4G36390","CP138009.1",24641922,24644596,2674,3343.75,1
"3035","GCA_036937385.1_ASM3693738v1_genomic","AT4G34270","CP138009.1",23849415,23851874,2459,3075,1
"3149","GCA_036937385.1_ASM3693738v1_genomic","AT5G50000","CP138010.1",26064813,26067610,2797,3497.5,1
"3237","GCA_036937385.1_ASM3693738v1_genomic","AT1G30580","CP138006.1",10679393,10683353,3960,4953.75,1
"3334","GCA_036937385.1_ASM3693738v1_genomic","AT1G20070","CP138006.1",6946228,6947384,1156,1446.25,1
"3435","GCA_036937385.1_ASM3693738v1_genomic","AT3G25440","CP138008.1",9237339,9239156,1817,2273.75,1
"3535","GCA_036937385.1_ASM3693738v1_genomic","AT5G43680","CP138010.1",23362744,23364589,1845,2321.25,1
"3635","GCA_036937385.1_ASM3693738v1_genomic","AT1G67320","CP138006.1",28684508,28688333,3825,4778.75,1
"3735","GCA_036937385.1_ASM3693738v1_genomic","AT2G44950","CP138007.1",20004307,20010784,6477,8097.5,1
"3835","GCA_036937385.1_ASM3693738v1_genomic","AT5G24520","CP138010.1",8420671,8423094,2423,3163.75,1
"3935","GCA_036937385.1_ASM3693738v1_genomic","AT5G56890","CP138010.1",28700911,28706500,5589,6991.25,1
"4035","GCA_036937385.1_ASM3693738v1_genomic","AT1G24460","CP138006.1",8636694,8643469,6775,8472.5,1
"4144","GCA_036937385.1_ASM3693738v1_genomic","AT2G28800","CP138007.1",13837262,13840496,3234,4060,1
"4236","GCA_036937385.1_ASM3693738v1_genomic","AT5G13940","CP138010.1",4506258,4511706,5448,6863.75,1
"4316","GCA_036937385.1_ASM3693738v1_genomic","AT1G19220","CP138006.1",6619955,6625394,5439,6813.75,1
"4419","GCA_036937385.1_ASM3693738v1_genomic","AT5G01220","CP138010.1",84632,88205,3573,4468.75,1
"4530","GCA_036937385.1_ASM3693738v1_genomic","AT1G02460","CP138006.1",508052,510879,2827,3507.5,1
"4635","GCA_036937385.1_ASM3693738v1_genomic","AT1G04110","CP138006.1",1073635,1076147,2512,3141.25,1
"4735","GCA_036937385.1_ASM3693738v1_genomic","AT4G01880","CP138009.1",939152,941424,2272,2842.5,1
"4835","GCA_036937385.1_ASM3693738v1_genomic","AT2G24430","CP138007.1",11896813,11899929,3116,3911.25,1
"4935","GCA_036937385.1_ASM3693738v1_genomic","AT5G47870","CP138010.1",25129357,25130856,1499,1877.5,1
"1150","GCA_036937455.1_ASM3693745v1_genomic","AT2G27810","CP138017.1",14008763,14013033,4270,5322.5,1
"2150","GCA_036937455.1_ASM3693745v1_genomic","AT5G40530","CP138020.1",20392993,20394860,1867,2313.75,1
"3150","GCA_036937455.1_ASM3693745v1_genomic","AT3G26115","CP138018.1",9584519,9586748,2229,2787.5,1
"4145","GCA_036937455.1_ASM3693745v1_genomic","AT1G26750","CP138016.1",9125598,9127015,1417,1772.5,1
"544","GCA_036937455.1_ASM3693745v1_genomic","AT4G17540","CP138019.1",13213311,13215305,1994,2493.75,1
"636","GCA_036937455.1_ASM3693745v1_genomic","AT4G23950","CP138019.1",15808254,15810754,2500,3126.25,1
"736","GCA_036937455.1_ASM3693745v1_genomic","AT2G38360","CP138017.1",18204242,18205520,1278,1598.75,1
"836","GCA_036937455.1_ASM3693745v1_genomic","AT3G11090","CP138018.1",3499851,3500777,926,1158.75,1
"936","GCA_036937455.1_ASM3693745v1_genomic","AT5G24890","CP138020.1",8594442,8596193,1751,2190,1
"1036","GCA_036937455.1_ASM3693745v1_genomic","AT5G27970","CP138020.1",10055068,10066401,11333,14170,1
"1151","GCA_036937455.1_ASM3693745v1_genomic","AT1G49590","CP138016.1",19678712,19680701,1989,2487.5,1
"1238","GCA_036937455.1_ASM3693745v1_genomic","AT5G46910","CP138020.1",23242139,23247181,5042,6301.25,1
"1336","GCA_036937455.1_ASM3693745v1_genomic","AT1G77300","CP138016.1",30412588,30422112,9524,11916.25,1
"1436","GCA_036937455.1_ASM3693745v1_genomic","AT2G15560","CP138017.1",8942654,8944975,2321,2937.5,1
"1536","GCA_036937455.1_ASM3693745v1_genomic","AT3G27310","CP138018.1",10114249,10116402,2153,2693.75,1
"1636","GCA_036937455.1_ASM3693745v1_genomic","AT5G42950","CP138020.1",21400640,21407756,7116,8893.75,1
"1736","GCA_036937455.1_ASM3693745v1_genomic","AT5G47380","CP138020.1",23420804,23424182,3378,4223.75,1
"1836","GCA_036937455.1_ASM3693745v1_genomic","AT3G06035","CP138018.1",1845897,1847299,1402,1757.5,1
"1936","GCA_036937455.1_ASM3693745v1_genomic","AT2G38310","CP138017.1",18184784,18186222,1438,1798.75,1
"2036","GCA_036937455.1_ASM3693745v1_genomic","AT1G27460","CP138016.1",9410482,9413608,3126,3908.75,1
"2151","GCA_036937455.1_ASM3693745v1_genomic","AT2G45320","CP138017.1",20817568,20819649,2081,2602.5,1
"2238","GCA_036937455.1_ASM3693745v1_genomic","AT1G30480","CP138016.1",10655602,10658270,2668,3380,1
"2336","GCA_036937455.1_ASM3693745v1_genomic","AT3G13840","CP138018.1",4582878,4584626,1748,2186.25,1
"2436","GCA_036937455.1_ASM3693745v1_genomic","AT5G38520","CP138020.1",19565561,19567703,2142,2678.75,1
"2536","GCA_036937455.1_ASM3693745v1_genomic","AT2G22260","CP138017.1",11638544,11641187,2643,3305,1
"2636","GCA_036937455.1_ASM3693745v1_genomic","AT1G49470","CP138016.1",19634433,19635719,1286,1608.75,1
"2736","GCA_036937455.1_ASM3693745v1_genomic","AT1G70560","CP138016.1",27960709,27963508,2799,3497.5,1
"2836","GCA_036937455.1_ASM3693745v1_genomic","AT3G10985","CP138018.1",3466789,3468229,1440,1805,1
"2936","GCA_036937455.1_ASM3693745v1_genomic","AT4G36390","CP138019.1",20577375,20580063,2688,3343.75,1
"3036","GCA_036937455.1_ASM3693745v1_genomic","AT4G34270","CP138019.1",19778657,19781102,2445,3075,1
"3151","GCA_036937455.1_ASM3693745v1_genomic","AT5G50000","CP138020.1",24549856,24552655,2799,3497.5,1
"3238","GCA_036937455.1_ASM3693745v1_genomic","AT1G30580","CP138016.1",10696372,10700332,3960,4953.75,1
"3335","GCA_036937455.1_ASM3693745v1_genomic","AT1G20070","CP138016.1",6929035,6930191,1156,1446.25,1
"3436","GCA_036937455.1_ASM3693745v1_genomic","AT3G25440","CP138018.1",9276456,9278272,1816,2273.75,1
"3536","GCA_036937455.1_ASM3693745v1_genomic","AT5G43680","CP138020.1",21705266,21707112,1846,2321.25,1
"3636","GCA_036937455.1_ASM3693745v1_genomic","AT1G67320","CP138016.1",26550090,26553913,3823,4778.75,1
"3736","GCA_036937455.1_ASM3693745v1_genomic","AT2G44950","CP138017.1",20678494,20684971,6477,8097.5,1
"3836","GCA_036937455.1_ASM3693745v1_genomic","AT5G24520","CP138020.1",8408592,8411122,2530,3163.75,1
"3936","GCA_036937455.1_ASM3693745v1_genomic","AT5G56890","CP138020.1",27203373,27208962,5589,6991.25,1
"4036","GCA_036937455.1_ASM3693745v1_genomic","AT1G24460","CP138016.1",8625612,8632387,6775,8472.5,1
"4146","GCA_036937455.1_ASM3693745v1_genomic","AT2G28800","CP138017.1",14517956,14521203,3247,4060,1
"4237","GCA_036937455.1_ASM3693745v1_genomic","AT5G13940","CP138020.1",4501047,4506497,5450,6863.75,1
"4531","GCA_036937455.1_ASM3693745v1_genomic","AT1G19220","CP138016.1",6601369,6606811,5442,6813.75,1
"4636","GCA_036937455.1_ASM3693745v1_genomic","AT5G01220","CP138020.1",89231,92805,3574,4468.75,1
"4736","GCA_036937455.1_ASM3693745v1_genomic","AT1G02460","CP138016.1",506741,509530,2789,3507.5,1
"4836","GCA_036937455.1_ASM3693745v1_genomic","AT1G04110","CP138016.1",1071170,1073682,2512,3141.25,1
"4936","GCA_036937455.1_ASM3693745v1_genomic","AT4G01880","CP138019.1",925059,927330,2271,2842.5,1
"5031","GCA_036937455.1_ASM3693745v1_genomic","AT2G24430","CP138017.1",12578762,12581880,3118,3911.25,1
"5122","GCA_036937455.1_ASM3693745v1_genomic","AT5G47870","CP138020.1",23578362,23579871,1509,1877.5,1
"1152","GCA_036937465.1_ASM3693746v1_genomic","AT2G27810","CP138012.1",13230145,13234415,4270,5322.5,1
"2152","GCA_036937465.1_ASM3693746v1_genomic","AT5G40530","CP138015.1",20229793,20231660,1867,2313.75,1
"3152","GCA_036937465.1_ASM3693746v1_genomic","AT3G26115","CP138013.1",9558208,9560411,2203,2787.5,1
"4147","GCA_036937465.1_ASM3693746v1_genomic","AT1G26750","CP138011.1",9107535,9108952,1417,1772.5,1
"545","GCA_036937465.1_ASM3693746v1_genomic","AT4G17540","CP138014.1",14878698,14880692,1994,2493.75,1
"637","GCA_036937465.1_ASM3693746v1_genomic","AT4G23950","CP138014.1",17497552,17500052,2500,3126.25,1
"737","GCA_036937465.1_ASM3693746v1_genomic","AT2G38360","CP138012.1",17441737,17443015,1278,1598.75,1
"837","GCA_036937465.1_ASM3693746v1_genomic","AT3G11090","CP138013.1",3511619,3512545,926,1158.75,1
"937","GCA_036937465.1_ASM3693746v1_genomic","AT5G24890","CP138015.1",8617854,8619606,1752,2190,1
"1037","GCA_036937465.1_ASM3693746v1_genomic","AT5G27970","CP138015.1",10122653,10133991,11338,14170,1
"1153","GCA_036937465.1_ASM3693746v1_genomic","AT1G49590","CP138011.1",22891271,22893260,1989,2487.5,1
"1239","GCA_036937465.1_ASM3693746v1_genomic","AT5G46910","CP138015.1",23038379,23043432,5053,6301.25,1
"1337","GCA_036937465.1_ASM3693746v1_genomic","AT1G77300","CP138011.1",33614524,33624052,9528,11916.25,1
"1437","GCA_036937465.1_ASM3693746v1_genomic","AT2G15560","CP138012.1",8139593,8141944,2351,2937.5,1
"1537","GCA_036937465.1_ASM3693746v1_genomic","AT3G27310","CP138013.1",10094953,10097108,2155,2693.75,1
"1637","GCA_036937465.1_ASM3693746v1_genomic","AT5G42950","CP138015.1",21244792,21251908,7116,8893.75,1
"1737","GCA_036937465.1_ASM3693746v1_genomic","AT5G47380","CP138015.1",23215296,23218674,3378,4223.75,1
"1837","GCA_036937465.1_ASM3693746v1_genomic","AT3G06035","CP138013.1",1836670,1838075,1405,1757.5,1
"1937","GCA_036937465.1_ASM3693746v1_genomic","AT2G38310","CP138012.1",17422264,17423701,1437,1798.75,1
"2037","GCA_036937465.1_ASM3693746v1_genomic","AT1G27460","CP138011.1",9387281,9390407,3126,3908.75,1
"2153","GCA_036937465.1_ASM3693746v1_genomic","AT2G45320","CP138012.1",20047214,20049294,2080,2602.5,1
"2239","GCA_036937465.1_ASM3693746v1_genomic","AT1G30480","CP138011.1",10636886,10639587,2701,3380,1
"2337","GCA_036937465.1_ASM3693746v1_genomic","AT3G13840","CP138013.1",4572826,4574574,1748,2186.25,1
"2437","GCA_036937465.1_ASM3693746v1_genomic","AT5G38520","CP138015.1",19413584,19415731,2147,2678.75,1
"2537","GCA_036937465.1_ASM3693746v1_genomic","AT2G22260","CP138012.1",10848923,10851566,2643,3305,1
"2637","GCA_036937465.1_ASM3693746v1_genomic","AT1G49470","CP138011.1",22847020,22848306,1286,1608.75,1
"2737","GCA_036937465.1_ASM3693746v1_genomic","AT1G70560","CP138011.1",31179427,31182231,2804,3497.5,1
"2837","GCA_036937465.1_ASM3693746v1_genomic","AT3G10985","CP138013.1",3478924,3480315,1391,1805,1
"2937","GCA_036937465.1_ASM3693746v1_genomic","AT4G36390","CP138014.1",22260353,22263027,2674,3343.75,1
"3037","GCA_036937465.1_ASM3693746v1_genomic","AT4G34270","CP138014.1",21470871,21473330,2459,3075,1
"3153","GCA_036937465.1_ASM3693746v1_genomic","AT5G50000","CP138015.1",24310590,24313387,2797,3497.5,1
"3239","GCA_036937465.1_ASM3693746v1_genomic","AT1G30580","CP138011.1",10678522,10682482,3960,4953.75,1
"3336","GCA_036937465.1_ASM3693746v1_genomic","AT1G20070","CP138011.1",6951852,6953007,1155,1446.25,1
"3437","GCA_036937465.1_ASM3693746v1_genomic","AT3G25440","CP138013.1",9244983,9246800,1817,2273.75,1
"3537","GCA_036937465.1_ASM3693746v1_genomic","AT5G43680","CP138015.1",21531914,21533758,1844,2321.25,1
"3637","GCA_036937465.1_ASM3693746v1_genomic","AT1G67320","CP138011.1",29777942,29781756,3814,4778.75,1
"3737","GCA_036937465.1_ASM3693746v1_genomic","AT2G44950","CP138012.1",19907575,19914055,6480,8097.5,1
"3837","GCA_036937465.1_ASM3693746v1_genomic","AT5G24520","CP138015.1",8437681,8440212,2531,3163.75,1
"3937","GCA_036937465.1_ASM3693746v1_genomic","AT5G56890","CP138015.1",26961410,26967002,5592,6991.25,1
"4037","GCA_036937465.1_ASM3693746v1_genomic","AT1G24460","CP138011.1",8610330,8617105,6775,8472.5,1
"4148","GCA_036937465.1_ASM3693746v1_genomic","AT2G28800","CP138012.1",13734505,13737752,3247,4060,1
"4238","GCA_036937465.1_ASM3693746v1_genomic","AT5G13940","CP138015.1",4533726,4539237,5511,6863.75,1
"4317","GCA_036937465.1_ASM3693746v1_genomic","AT1G19220","CP138011.1",6621642,6627084,5442,6813.75,1
"4420","GCA_036937465.1_ASM3693746v1_genomic","AT5G01220","CP138015.1",88207,91780,3573,4468.75,1
"4532","GCA_036937465.1_ASM3693746v1_genomic","AT1G02460","CP138011.1",504859,507673,2814,3507.5,1
"4637","GCA_036937465.1_ASM3693746v1_genomic","AT1G04110","CP138011.1",1061506,1064018,2512,3141.25,1
"4737","GCA_036937465.1_ASM3693746v1_genomic","AT4G01880","CP138014.1",928762,931035,2273,2842.5,1
"4837","GCA_036937465.1_ASM3693746v1_genomic","AT2G24430","CP138012.1",11781254,11784368,3114,3911.25,1
"4937","GCA_036937465.1_ASM3693746v1_genomic","AT5G47870","CP138015.1",23373643,23375143,1500,1877.5,1
"1154","GCA_036937475.1_ASM3693747v1_genomic","AT2G27810","CP138022.1",13857801,13862063,4262,5322.5,1
"2154","GCA_036937475.1_ASM3693747v1_genomic","AT5G40530","CP138025.1",20258146,20260013,1867,2313.75,1
"3154","GCA_036937475.1_ASM3693747v1_genomic","AT3G26115","CP138023.1",9563420,9565622,2202,2787.5,1
"4149","GCA_036937475.1_ASM3693747v1_genomic","AT1G26750","CP138021.1",9132506,9133923,1417,1772.5,1
"546","GCA_036937475.1_ASM3693747v1_genomic","AT4G17540","CP138024.1",17809496,17811503,2007,2493.75,1
"638","GCA_036937475.1_ASM3693747v1_genomic","AT4G23950","CP138024.1",20453881,20456379,2498,3126.25,1
"738","GCA_036937475.1_ASM3693747v1_genomic","AT2G38360","CP138022.1",18073869,18075147,1278,1598.75,1
"838","GCA_036937475.1_ASM3693747v1_genomic","AT3G11090","CP138023.1",3515906,3516832,926,1158.75,1
"938","GCA_036937475.1_ASM3693747v1_genomic","AT5G24890","CP138025.1",8573005,8574759,1754,2190,1
"1038","GCA_036937475.1_ASM3693747v1_genomic","AT5G27970","CP138025.1",10006987,10018320,11333,14170,1
"1155","GCA_036937475.1_ASM3693747v1_genomic","AT1G49590","CP138021.1",20494818,20496807,1989,2487.5,1
"1240","GCA_036937475.1_ASM3693747v1_genomic","AT5G46910","CP138025.1",23034999,23040039,5040,6301.25,1
"1338","GCA_036937475.1_ASM3693747v1_genomic","AT1G77300","CP138021.1",31158515,31168006,9491,11916.25,1
"1438","GCA_036937475.1_ASM3693747v1_genomic","AT2G15560","CP138022.1",8759188,8761539,2351,2937.5,1
"1538","GCA_036937475.1_ASM3693747v1_genomic","AT3G27310","CP138023.1",10132472,10134627,2155,2693.75,1
"1638","GCA_036937475.1_ASM3693747v1_genomic","AT5G42950","CP138025.1",21233774,21240880,7106,8893.75,1
"1738","GCA_036937475.1_ASM3693747v1_genomic","AT5G47380","CP138025.1",23206065,23209436,3371,4223.75,1
"1838","GCA_036937475.1_ASM3693747v1_genomic","AT3G06035","CP138023.1",1832180,1833585,1405,1757.5,1
"1938","GCA_036937475.1_ASM3693747v1_genomic","AT2G38310","CP138022.1",18054412,18055849,1437,1798.75,1
"2038","GCA_036937475.1_ASM3693747v1_genomic","AT1G27460","CP138021.1",9411358,9414484,3126,3908.75,1
"2155","GCA_036937475.1_ASM3693747v1_genomic","AT2G45320","CP138022.1",20684710,20686791,2081,2602.5,1
"2240","GCA_036937475.1_ASM3693747v1_genomic","AT1G30480","CP138021.1",10635450,10638154,2704,3380,1
"2338","GCA_036937475.1_ASM3693747v1_genomic","AT3G13840","CP138023.1",4582245,4583993,1748,2186.25,1
"2438","GCA_036937475.1_ASM3693747v1_genomic","AT5G38520","CP138025.1",19396559,19398702,2143,2678.75,1
"2538","GCA_036937475.1_ASM3693747v1_genomic","AT2G22260","CP138022.1",11485282,11487907,2625,3305,1
"2638","GCA_036937475.1_ASM3693747v1_genomic","AT1G49470","CP138021.1",20450512,20451797,1285,1608.75,1
"2738","GCA_036937475.1_ASM3693747v1_genomic","AT1G70560","CP138021.1",28722987,28725784,2797,3497.5,1
"2838","GCA_036937475.1_ASM3693747v1_genomic","AT3G10985","CP138023.1",3474343,3475783,1440,1805,1
"2938","GCA_036937475.1_ASM3693747v1_genomic","AT4G36390","CP138024.1",25226409,25229084,2675,3343.75,1
"3038","GCA_036937475.1_ASM3693747v1_genomic","AT4G34270","CP138024.1",24439502,24441961,2459,3075,1
"3155","GCA_036937475.1_ASM3693747v1_genomic","AT5G50000","CP138025.1",24332685,24335482,2797,3497.5,1
"3240","GCA_036937475.1_ASM3693747v1_genomic","AT1G30580","CP138021.1",10676140,10680097,3957,4953.75,1
"3337","GCA_036937475.1_ASM3693747v1_genomic","AT1G20070","CP138021.1",6992079,6993235,1156,1446.25,1
"3438","GCA_036937475.1_ASM3693747v1_genomic","AT3G25440","CP138023.1",9246747,9248564,1817,2273.75,1
"3538","GCA_036937475.1_ASM3693747v1_genomic","AT5G43680","CP138025.1",21551197,21553042,1845,2321.25,1
"3638","GCA_036937475.1_ASM3693747v1_genomic","AT1G67320","CP138021.1",27311007,27314821,3814,4778.75,1
"3738","GCA_036937475.1_ASM3693747v1_genomic","AT2G44950","CP138022.1",20545832,20552309,6477,8097.5,1
"3838","GCA_036937475.1_ASM3693747v1_genomic","AT5G24520","CP138025.1",8381418,8383841,2423,3163.75,1
"3938","GCA_036937475.1_ASM3693747v1_genomic","AT5G56890","CP138025.1",26957993,26963582,5589,6991.25,1
"4038","GCA_036937475.1_ASM3693747v1_genomic","AT1G24460","CP138021.1",8639361,8646138,6777,8472.5,1
"4150","GCA_036937475.1_ASM3693747v1_genomic","AT2G28800","CP138022.1",14368106,14371352,3246,4060,1
"4239","GCA_036937475.1_ASM3693747v1_genomic","AT5G13940","CP138025.1",4486511,4491961,5450,6863.75,1
"4533","GCA_036937475.1_ASM3693747v1_genomic","AT1G19220","CP138021.1",6669003,6674442,5439,6813.75,1
"4638","GCA_036937475.1_ASM3693747v1_genomic","AT5G01220","CP138025.1",83604,87177,3573,4468.75,1
"4738","GCA_036937475.1_ASM3693747v1_genomic","AT1G02460","CP138021.1",511132,513944,2812,3507.5,1
"4838","GCA_036937475.1_ASM3693747v1_genomic","AT1G04110","CP138021.1",1073538,1076047,2509,3141.25,1
"4938","GCA_036937475.1_ASM3693747v1_genomic","AT4G01880","CP138024.1",1655791,1658063,2272,2842.5,1
"5032","GCA_036937475.1_ASM3693747v1_genomic","AT2G24430","CP138022.1",12416576,12419690,3114,3911.25,1
"5123","GCA_036937475.1_ASM3693747v1_genomic","AT5G47870","CP138025.1",23377811,23379307,1496,1877.5,1
"1156","GCA_036937505.1_ASM3693750v1_genomic","AT2G27810","CP138027.1",14635478,14639749,4271,5322.5,1
"2156","GCA_036937505.1_ASM3693750v1_genomic","AT5G40530","CP138030.1",20912701,20914568,1867,2313.75,1
"3156","GCA_036937505.1_ASM3693750v1_genomic","AT3G26115","CP138028.1",9554567,9556769,2202,2787.5,1
"4151","GCA_036937505.1_ASM3693750v1_genomic","AT1G26750","CP138026.1",9143942,9145359,1417,1772.5,1
"547","GCA_036937505.1_ASM3693750v1_genomic","AT4G17540","CP138029.1",12923793,12925800,2007,2493.75,1
"639","GCA_036937505.1_ASM3693750v1_genomic","AT4G23950","CP138029.1",15559690,15562189,2499,3126.25,1
"739","GCA_036937505.1_ASM3693750v1_genomic","AT2G38360","CP138027.1",18840043,18841321,1278,1598.75,1
"839","GCA_036937505.1_ASM3693750v1_genomic","AT3G11090","CP138028.1",3505552,3506478,926,1158.75,1
"939","GCA_036937505.1_ASM3693750v1_genomic","AT5G24890","CP138030.1",8608822,8610576,1754,2190,1
"1039","GCA_036937505.1_ASM3693750v1_genomic","AT5G27970","CP138030.1",10081585,10092923,11338,14170,1
"1157","GCA_036937505.1_ASM3693750v1_genomic","AT1G49590","CP138026.1",20872332,20874320,1988,2487.5,1
"1241","GCA_036937505.1_ASM3693750v1_genomic","AT5G46910","CP138030.1",23672006,23677046,5040,6301.25,1
"1339","GCA_036937505.1_ASM3693750v1_genomic","AT1G77300","CP138026.1",31550853,31560344,9491,11916.25,1
"1439","GCA_036937505.1_ASM3693750v1_genomic","AT2G15560","CP138027.1",9490358,9492709,2351,2937.5,1
"1539","GCA_036937505.1_ASM3693750v1_genomic","AT3G27310","CP138028.1",10110833,10112987,2154,2693.75,1
"1639","GCA_036937505.1_ASM3693750v1_genomic","AT5G42950","CP138030.1",21899581,21906684,7103,8893.75,1
"1739","GCA_036937505.1_ASM3693750v1_genomic","AT5G47380","CP138030.1",23843549,23846927,3378,4223.75,1
"1839","GCA_036937505.1_ASM3693750v1_genomic","AT3G06035","CP138028.1",1825219,1826624,1405,1757.5,1
"1939","GCA_036937505.1_ASM3693750v1_genomic","AT2G38310","CP138027.1",18820586,18822026,1440,1798.75,1
"2039","GCA_036937505.1_ASM3693750v1_genomic","AT1G27460","CP138026.1",9424331,9427457,3126,3908.75,1
"2157","GCA_036937505.1_ASM3693750v1_genomic","AT2G45320","CP138027.1",21443100,21445181,2081,2602.5,1
"2241","GCA_036937505.1_ASM3693750v1_genomic","AT1G30480","CP138026.1",10702719,10705421,2702,3380,1
"2339","GCA_036937505.1_ASM3693750v1_genomic","AT3G13840","CP138028.1",4585963,4587711,1748,2186.25,1
"2439","GCA_036937505.1_ASM3693750v1_genomic","AT5G38520","CP138030.1",20066096,20068239,2143,2678.75,1
"2539","GCA_036937505.1_ASM3693750v1_genomic","AT2G22260","CP138027.1",12256884,12259527,2643,3305,1
"2639","GCA_036937505.1_ASM3693750v1_genomic","AT1G49470","CP138026.1",20824424,20825710,1286,1608.75,1
"2739","GCA_036937505.1_ASM3693750v1_genomic","AT1G70560","CP138026.1",29101815,29104612,2797,3497.5,1
"2839","GCA_036937505.1_ASM3693750v1_genomic","AT3G10985","CP138028.1",3472509,3473953,1444,1805,1
"2939","GCA_036937505.1_ASM3693750v1_genomic","AT4G36390","CP138029.1",20332057,20334731,2674,3343.75,1
"3039","GCA_036937505.1_ASM3693750v1_genomic","AT4G34270","CP138029.1",19539068,19541527,2459,3075,1
"3157","GCA_036937505.1_ASM3693750v1_genomic","AT5G50000","CP138030.1",24964351,24967148,2797,3497.5,1
"3241","GCA_036937505.1_ASM3693750v1_genomic","AT1G30580","CP138026.1",10744364,10748324,3960,4953.75,1
"3338","GCA_036937505.1_ASM3693750v1_genomic","AT1G20070","CP138026.1",6973140,6974296,1156,1446.25,1
"3439","GCA_036937505.1_ASM3693750v1_genomic","AT3G25440","CP138028.1",9242482,9244299,1817,2273.75,1
"3539","GCA_036937505.1_ASM3693750v1_genomic","AT5G43680","CP138030.1",22216746,22218591,1845,2321.25,1
"3639","GCA_036937505.1_ASM3693750v1_genomic","AT1G67320","CP138026.1",27687643,27691457,3814,4778.75,1
"3739","GCA_036937505.1_ASM3693750v1_genomic","AT2G44950","CP138027.1",21303604,21310081,6477,8097.5,1
"3839","GCA_036937505.1_ASM3693750v1_genomic","AT5G24520","CP138030.1",8420141,8422564,2423,3163.75,1
"3939","GCA_036937505.1_ASM3693750v1_genomic","AT5G56890","CP138030.1",27598643,27604232,5589,6991.25,1
"4039","GCA_036937505.1_ASM3693750v1_genomic","AT1G24460","CP138026.1",8622760,8629535,6775,8472.5,1
"4152","GCA_036937505.1_ASM3693750v1_genomic","AT2G28800","CP138027.1",15136856,15140090,3234,4060,1
"4240","GCA_036937505.1_ASM3693750v1_genomic","AT5G13940","CP138030.1",4504518,4510007,5489,6863.75,1
"4534","GCA_036937505.1_ASM3693750v1_genomic","AT1G19220","CP138026.1",6649493,6654932,5439,6813.75,1
"4639","GCA_036937505.1_ASM3693750v1_genomic","AT5G01220","CP138030.1",83888,87458,3570,4468.75,1
"4739","GCA_036937505.1_ASM3693750v1_genomic","AT1G02460","CP138026.1",512786,515578,2792,3507.5,1
"4839","GCA_036937505.1_ASM3693750v1_genomic","AT1G04110","CP138026.1",1071567,1074076,2509,3141.25,1
"4939","GCA_036937505.1_ASM3693750v1_genomic","AT4G01880","CP138029.1",1034334,1036606,2272,2842.5,1
"5033","GCA_036937505.1_ASM3693750v1_genomic","AT2G24430","CP138027.1",13177970,13181107,3137,3911.25,1
"5124","GCA_036937505.1_ASM3693750v1_genomic","AT5G47870","CP138030.1",24001039,24002538,1499,1877.5,1
"1158","GCA_036937515.1_ASM3693751v1_genomic","AT2G27810","CP138032.1",14864777,14869034,4257,5322.5,1
"2158","GCA_036937515.1_ASM3693751v1_genomic","AT5G40530","CP138035.1",20645452,20647319,1867,2313.75,1
"3158","GCA_036937515.1_ASM3693751v1_genomic","AT3G26115","CP138033.1",9565509,9567738,2229,2787.5,1
"4153","GCA_036937515.1_ASM3693751v1_genomic","AT1G26750","CP138031.1",9094048,9095465,1417,1772.5,1
"548","GCA_036937515.1_ASM3693751v1_genomic","AT4G17540","CP138034.1",13405417,13407413,1996,2493.75,1
"640","GCA_036937515.1_ASM3693751v1_genomic","AT4G23950","CP138034.1",15989441,15991940,2499,3126.25,1
"740","GCA_036937515.1_ASM3693751v1_genomic","AT2G38360","CP138032.1",19079612,19080890,1278,1598.75,1
"840","GCA_036937515.1_ASM3693751v1_genomic","AT3G11090","CP138033.1",3524290,3525216,926,1158.75,1
"940","GCA_036937515.1_ASM3693751v1_genomic","AT5G24890","CP138035.1",8652462,8654209,1747,2190,1
"1040","GCA_036937515.1_ASM3693751v1_genomic","AT5G27970","CP138035.1",10125287,10136621,11334,14170,1
"1159","GCA_036937515.1_ASM3693751v1_genomic","AT1G49590","CP138031.1",21715884,21717873,1989,2487.5,1
"1242","GCA_036937515.1_ASM3693751v1_genomic","AT5G46910","CP138035.1",23462299,23467339,5040,6301.25,1
"1340","GCA_036937515.1_ASM3693751v1_genomic","AT1G77300","CP138031.1",32491194,32500655,9461,11916.25,1
"1440","GCA_036937515.1_ASM3693751v1_genomic","AT2G15560","CP138032.1",9766560,9768881,2321,2937.5,1
"1540","GCA_036937515.1_ASM3693751v1_genomic","AT3G27310","CP138033.1",10131551,10133705,2154,2693.75,1
"1640","GCA_036937515.1_ASM3693751v1_genomic","AT5G42950","CP138035.1",21646492,21653598,7106,8893.75,1
"1740","GCA_036937515.1_ASM3693751v1_genomic","AT5G47380","CP138035.1",23635539,23638917,3378,4223.75,1
"1840","GCA_036937515.1_ASM3693751v1_genomic","AT3G06035","CP138033.1",1854191,1855593,1402,1757.5,1
"1940","GCA_036937515.1_ASM3693751v1_genomic","AT2G38310","CP138032.1",19060140,19061578,1438,1798.75,1
"2040","GCA_036937515.1_ASM3693751v1_genomic","AT2G21100","CP138032.1",12029546,12030820,1274,1592.5,1
"2159","GCA_036937515.1_ASM3693751v1_genomic","AT1G27460","CP138031.1",9373148,9376273,3125,3908.75,1
"2242","GCA_036937515.1_ASM3693751v1_genomic","AT2G45320","CP138032.1",21696258,21698338,2080,2602.5,1
"2340","GCA_036937515.1_ASM3693751v1_genomic","AT1G30480","CP138031.1",10731643,10734331,2688,3380,1
"2440","GCA_036937515.1_ASM3693751v1_genomic","AT3G13840","CP138033.1",4579478,4581226,1748,2186.25,1
"2540","GCA_036937515.1_ASM3693751v1_genomic","AT5G38520","CP138035.1",19841309,19843461,2152,2678.75,1
"2640","GCA_036937515.1_ASM3693751v1_genomic","AT2G22260","CP138032.1",12470027,12472670,2643,3305,1
"2740","GCA_036937515.1_ASM3693751v1_genomic","AT1G49470","CP138031.1",21673161,21674447,1286,1608.75,1
"2840","GCA_036937515.1_ASM3693751v1_genomic","AT1G70560","CP138031.1",30015404,30018201,2797,3497.5,1
"2940","GCA_036937515.1_ASM3693751v1_genomic","AT3G10985","CP138033.1",3491234,3492673,1439,1805,1
"3040","GCA_036937515.1_ASM3693751v1_genomic","AT4G36390","CP138034.1",20857912,20860586,2674,3343.75,1
"3159","GCA_036937515.1_ASM3693751v1_genomic","AT4G34270","CP138034.1",20058883,20061328,2445,3075,1
"3242","GCA_036937515.1_ASM3693751v1_genomic","AT5G50000","CP138035.1",24757453,24760250,2797,3497.5,1
"3339","GCA_036937515.1_ASM3693751v1_genomic","AT1G30580","CP138031.1",10772365,10776325,3960,4953.75,1
"3440","GCA_036937515.1_ASM3693751v1_genomic","AT1G20070","CP138031.1",6909371,6910527,1156,1446.25,1
"3540","GCA_036937515.1_ASM3693751v1_genomic","AT3G25440","CP138033.1",9260378,9262194,1816,2273.75,1
"3640","GCA_036937515.1_ASM3693751v1_genomic","AT5G43680","CP138035.1",21951337,21952998,1661,2321.25,1
"3740","GCA_036937515.1_ASM3693751v1_genomic","AT1G67320","CP138031.1",28624789,28628611,3822,4778.75,1
"3840","GCA_036937515.1_ASM3693751v1_genomic","AT2G44950","CP138032.1",21557237,21563714,6477,8097.5,1
"3940","GCA_036937515.1_ASM3693751v1_genomic","AT5G24520","CP138035.1",8462669,8465199,2530,3163.75,1
"4040","GCA_036937515.1_ASM3693751v1_genomic","AT5G56890","CP138035.1",27401257,27406849,5592,6991.25,1
"4154","GCA_036937515.1_ASM3693751v1_genomic","AT1G24460","CP138031.1",8590194,8596969,6775,8472.5,1
"4241","GCA_036937515.1_ASM3693751v1_genomic","AT2G28800","CP138032.1",15368224,15371471,3247,4060,1
"4318","GCA_036937515.1_ASM3693751v1_genomic","AT5G13940","CP138035.1",4530077,4535589,5512,6863.75,1
"4421","GCA_036937515.1_ASM3693751v1_genomic","AT1G19220","CP138031.1",6582454,6587896,5442,6813.75,1
"4535","GCA_036937515.1_ASM3693751v1_genomic","AT5G01220","CP138035.1",83008,86583,3575,4468.75,1
"4640","GCA_036937515.1_ASM3693751v1_genomic","AT1G02460","CP138031.1",507012,509821,2809,3507.5,1
"4740","GCA_036937515.1_ASM3693751v1_genomic","AT1G04110","CP138031.1",1068330,1070842,2512,3141.25,1
"4840","GCA_036937515.1_ASM3693751v1_genomic","AT4G01880","CP138034.1",994208,996481,2273,2842.5,1
"4940","GCA_036937515.1_ASM3693751v1_genomic","AT2G24430","CP138032.1",13380127,13383233,3106,3911.25,1
"5034","GCA_036937515.1_ASM3693751v1_genomic","AT5G47870","CP138035.1",23798588,23800089,1501,1877.5,1
"1160","GCA_036937805.1_ASM3693780v1_genomic","AT2G27810","CP138037.1",14484492,14488763,4271,5322.5,1
"2160","GCA_036937805.1_ASM3693780v1_genomic","AT5G40530","CP138040.1",20615946,20617813,1867,2313.75,1
"3160","GCA_036937805.1_ASM3693780v1_genomic","AT3G26115","CP138038.1",9599304,9601506,2202,2787.5,1
"4155","GCA_036937805.1_ASM3693780v1_genomic","AT1G26750","CP138036.1",9104279,9105696,1417,1772.5,1
"549","GCA_036937805.1_ASM3693780v1_genomic","AT4G17540","CP138039.1",14963006,14965000,1994,2493.75,1
"641","GCA_036937805.1_ASM3693780v1_genomic","AT4G23950","CP138039.1",17564160,17566660,2500,3126.25,1
"741","GCA_036937805.1_ASM3693780v1_genomic","AT2G38360","CP138037.1",18673290,18674568,1278,1598.75,1
"841","GCA_036937805.1_ASM3693780v1_genomic","AT3G11090","CP138038.1",3539253,3540179,926,1158.75,1
"941","GCA_036937805.1_ASM3693780v1_genomic","AT5G24890","CP138040.1",8593252,8595006,1754,2190,1
"1041","GCA_036937805.1_ASM3693780v1_genomic","AT5G27970","CP138040.1",10156822,10168433,11611,14170,1
"1161","GCA_036937805.1_ASM3693780v1_genomic","AT1G49590","CP138036.1",20984432,20986421,1989,2487.5,1
"1243","GCA_036937805.1_ASM3693780v1_genomic","AT5G46910","CP138040.1",23339308,23344360,5052,6301.25,1
"1341","GCA_036937805.1_ASM3693780v1_genomic","AT1G77300","CP138036.1",31640915,31650436,9521,11916.25,1
"1441","GCA_036937805.1_ASM3693780v1_genomic","AT2G15560","CP138037.1",9393389,9395740,2351,2937.5,1
"1541","GCA_036937805.1_ASM3693780v1_genomic","AT3G27310","CP138038.1",10158023,10160174,2151,2693.75,1
"1641","GCA_036937805.1_ASM3693780v1_genomic","AT5G42950","CP138040.1",21597134,21604240,7106,8893.75,1
"1741","GCA_036937805.1_ASM3693780v1_genomic","AT5G47380","CP138040.1",23521902,23525280,3378,4223.75,1
"1841","GCA_036937805.1_ASM3693780v1_genomic","AT3G06035","CP138038.1",1830868,1832273,1405,1757.5,1
"1941","GCA_036937805.1_ASM3693780v1_genomic","AT2G38310","CP138037.1",18653493,18654933,1440,1798.75,1
"2041","GCA_036937805.1_ASM3693780v1_genomic","AT1G27460","CP138036.1",9388233,9391360,3127,3908.75,1
"2161","GCA_036937805.1_ASM3693780v1_genomic","AT2G45320","CP138037.1",21297387,21299467,2080,2602.5,1
"2243","GCA_036937805.1_ASM3693780v1_genomic","AT1G30480","CP138036.1",10719920,10722622,2702,3380,1
"2341","GCA_036937805.1_ASM3693780v1_genomic","AT3G13840","CP138038.1",4611100,4612848,1748,2186.25,1
"2441","GCA_036937805.1_ASM3693780v1_genomic","AT5G38520","CP138040.1",19815499,19817627,2128,2678.75,1
"2541","GCA_036937805.1_ASM3693780v1_genomic","AT2G22260","CP138037.1",12122380,12125010,2630,3305,1
"2641","GCA_036937805.1_ASM3693780v1_genomic","AT1G49470","CP138036.1",20940161,20941447,1286,1608.75,1
"2741","GCA_036937805.1_ASM3693780v1_genomic","AT1G70560","CP138036.1",29208613,29211410,2797,3497.5,1
"2841","GCA_036937805.1_ASM3693780v1_genomic","AT3G10985","CP138038.1",3506594,3508027,1433,1805,1
"2941","GCA_036937805.1_ASM3693780v1_genomic","AT4G36390","CP138039.1",22465894,22468568,2674,3343.75,1
"3041","GCA_036937805.1_ASM3693780v1_genomic","AT4G34270","CP138039.1",21670855,21673314,2459,3075,1
"3161","GCA_036937805.1_ASM3693780v1_genomic","AT5G50000","CP138040.1",24624145,24626942,2797,3497.5,1
"3243","GCA_036937805.1_ASM3693780v1_genomic","AT1G30580","CP138036.1",10761567,10765527,3960,4953.75,1
"3340","GCA_036937805.1_ASM3693780v1_genomic","AT1G20070","CP138036.1",6955636,6956792,1156,1446.25,1
"3441","GCA_036937805.1_ASM3693780v1_genomic","AT3G25440","CP138038.1",9293498,9295316,1818,2273.75,1
"3541","GCA_036937805.1_ASM3693780v1_genomic","AT5G43680","CP138040.1",21895996,21897841,1845,2321.25,1
"3641","GCA_036937805.1_ASM3693780v1_genomic","AT1G67320","CP138036.1",27795938,27799760,3822,4778.75,1
"3741","GCA_036937805.1_ASM3693780v1_genomic","AT2G44950","CP138037.1",21158649,21165126,6477,8097.5,1
"3841","GCA_036937805.1_ASM3693780v1_genomic","AT5G24520","CP138040.1",8403314,8405737,2423,3163.75,1
"3941","GCA_036937805.1_ASM3693780v1_genomic","AT5G56890","CP138040.1",27263275,27268864,5589,6991.25,1
"4041","GCA_036937805.1_ASM3693780v1_genomic","AT1G24460","CP138036.1",8601495,8608270,6775,8472.5,1
"4156","GCA_036937805.1_ASM3693780v1_genomic","AT2G28800","CP138037.1",14989957,14993204,3247,4060,1
"4242","GCA_036937805.1_ASM3693780v1_genomic","AT5G13940","CP138040.1",4522669,4528180,5511,6863.75,1
"4422","GCA_036937805.1_ASM3693780v1_genomic","AT1G19220","CP138036.1",6629789,6635231,5442,6813.75,1
"4536","GCA_036937805.1_ASM3693780v1_genomic","AT5G01220","CP138040.1",84666,88236,3570,4468.75,1
"4641","GCA_036937805.1_ASM3693780v1_genomic","AT1G02460","CP138036.1",500629,503464,2835,3507.5,1
"4741","GCA_036937805.1_ASM3693780v1_genomic","AT1G04110","CP138036.1",1062529,1065041,2512,3141.25,1
"4841","GCA_036937805.1_ASM3693780v1_genomic","AT4G01880","CP138039.1",1087145,1089417,2272,2842.5,1
"4941","GCA_036937805.1_ASM3693780v1_genomic","AT2G24430","CP138037.1",13040263,13043400,3137,3911.25,1
"5035","GCA_036937805.1_ASM3693780v1_genomic","AT5G47870","CP138040.1",23679403,23680902,1499,1877.5,1
"1162","GCA_036937815.1_ASM3693781v1_genomic","AT2G27810","CP138047.1",14038592,14042854,4262,5322.5,1
"2162","GCA_036937815.1_ASM3693781v1_genomic","AT5G40530","CP138050.1",19764387,19766254,1867,2313.75,1
"3162","GCA_036937815.1_ASM3693781v1_genomic","AT3G26115","CP138048.1",9556254,9558456,2202,2787.5,1
"4157","GCA_036937815.1_ASM3693781v1_genomic","AT1G26750","CP138046.1",9115772,9117189,1417,1772.5,1
"550","GCA_036937815.1_ASM3693781v1_genomic","AT4G17540","CP138049.1",17324879,17326873,1994,2493.75,1
"642","GCA_036937815.1_ASM3693781v1_genomic","AT4G23950","CP138049.1",19923759,19926257,2498,3126.25,1
"742","GCA_036937815.1_ASM3693781v1_genomic","AT2G38360","CP138047.1",18256765,18258043,1278,1598.75,1
"842","GCA_036937815.1_ASM3693781v1_genomic","AT3G11090","CP138048.1",3499675,3500601,926,1158.75,1
"942","GCA_036937815.1_ASM3693781v1_genomic","AT5G24890","CP138050.1",8602014,8603768,1754,2190,1
"1042","GCA_036937815.1_ASM3693781v1_genomic","AT5G27970","CP138050.1",10034528,10045853,11325,14170,1
"1163","GCA_036937815.1_ASM3693781v1_genomic","AT1G49590","CP138046.1",20739642,20741630,1988,2487.5,1
"1244","GCA_036937815.1_ASM3693781v1_genomic","AT5G46910","CP138050.1",22531554,22536594,5040,6301.25,1
"1342","GCA_036937815.1_ASM3693781v1_genomic","AT1G77300","CP138046.1",31332375,31341866,9491,11916.25,1
"1442","GCA_036937815.1_ASM3693781v1_genomic","AT2G15560","CP138047.1",8987445,8989796,2351,2937.5,1
"1542","GCA_036937815.1_ASM3693781v1_genomic","AT3G27310","CP138048.1",10106725,10108880,2155,2693.75,1
"1642","GCA_036937815.1_ASM3693781v1_genomic","AT5G42950","CP138050.1",20772938,20780041,7103,8893.75,1
"1742","GCA_036937815.1_ASM3693781v1_genomic","AT5G47380","CP138050.1",22705345,22708723,3378,4223.75,1
"1842","GCA_036937815.1_ASM3693781v1_genomic","AT3G06035","CP138048.1",1827981,1829386,1405,1757.5,1
"1942","GCA_036937815.1_ASM3693781v1_genomic","AT2G38310","CP138047.1",18237308,18238748,1440,1798.75,1
"2042","GCA_036937815.1_ASM3693781v1_genomic","AT1G27460","CP138046.1",9396164,9399290,3126,3908.75,1
"2163","GCA_036937815.1_ASM3693781v1_genomic","AT2G45320","CP138047.1",20864794,20866874,2080,2602.5,1
"2244","GCA_036937815.1_ASM3693781v1_genomic","AT1G30480","CP138046.1",10677092,10679794,2702,3380,1
"2342","GCA_036937815.1_ASM3693781v1_genomic","AT3G13840","CP138048.1",4583217,4584965,1748,2186.25,1
"2442","GCA_036937815.1_ASM3693781v1_genomic","AT5G38520","CP138050.1",18917785,18919928,2143,2678.75,1
"2542","GCA_036937815.1_ASM3693781v1_genomic","AT2G22260","CP138047.1",11661933,11664558,2625,3305,1
"2642","GCA_036937815.1_ASM3693781v1_genomic","AT1G49470","CP138046.1",20695323,20696608,1285,1608.75,1
"2742","GCA_036937815.1_ASM3693781v1_genomic","AT1G70560","CP138046.1",28900234,28903031,2797,3497.5,1
"2842","GCA_036937815.1_ASM3693781v1_genomic","AT3G10985","CP138048.1",3466633,3468076,1443,1805,1
"2942","GCA_036937815.1_ASM3693781v1_genomic","AT4G36390","CP138049.1",24704331,24707006,2675,3343.75,1
"3042","GCA_036937815.1_ASM3693781v1_genomic","AT4G34270","CP138049.1",23915535,23917994,2459,3075,1
"3163","GCA_036937815.1_ASM3693781v1_genomic","AT5G50000","CP138050.1",23831010,23833807,2797,3497.5,1
"3244","GCA_036937815.1_ASM3693781v1_genomic","AT1G30580","CP138046.1",10718739,10722699,3960,4953.75,1
"3341","GCA_036937815.1_ASM3693781v1_genomic","AT1G20070","CP138046.1",6959431,6960587,1156,1446.25,1
"3442","GCA_036937815.1_ASM3693781v1_genomic","AT3G25440","CP138048.1",9241170,9242987,1817,2273.75,1
"3542","GCA_036937815.1_ASM3693781v1_genomic","AT5G43680","CP138050.1",21074868,21076713,1845,2321.25,1
"3642","GCA_036937815.1_ASM3693781v1_genomic","AT1G67320","CP138046.1",27500146,27503960,3814,4778.75,1
"3742","GCA_036937815.1_ASM3693781v1_genomic","AT2G44950","CP138047.1",20725254,20731731,6477,8097.5,1
"3842","GCA_036937815.1_ASM3693781v1_genomic","AT5G24520","CP138050.1",8410473,8412896,2423,3163.75,1
"3942","GCA_036937815.1_ASM3693781v1_genomic","AT5G56890","CP138050.1",26450008,26455597,5589,6991.25,1
"4042","GCA_036937815.1_ASM3693781v1_genomic","AT1G24460","CP138046.1",8608319,8615094,6775,8472.5,1
"4158","GCA_036937815.1_ASM3693781v1_genomic","AT2G28800","CP138047.1",14548254,14551500,3246,4060,1
"4243","GCA_036937815.1_ASM3693781v1_genomic","AT5G13940","CP138050.1",4493957,4499405,5448,6863.75,1
"4319","GCA_036937815.1_ASM3693781v1_genomic","AT1G19220","CP138046.1",6635784,6641223,5439,6813.75,1
"4423","GCA_036937815.1_ASM3693781v1_genomic","AT5G01220","CP138050.1",83542,87115,3573,4468.75,1
"4537","GCA_036937815.1_ASM3693781v1_genomic","AT1G02460","CP138046.1",512071,514863,2792,3507.5,1
"4642","GCA_036937815.1_ASM3693781v1_genomic","AT1G04110","CP138046.1",1070881,1073393,2512,3141.25,1
"4742","GCA_036937815.1_ASM3693781v1_genomic","AT4G01880","CP138049.1",927837,930109,2272,2842.5,1
"4842","GCA_036937815.1_ASM3693781v1_genomic","AT2G24430","CP138047.1",12594441,12597584,3143,3911.25,1
"4942","GCA_036937815.1_ASM3693781v1_genomic","AT5G47870","CP138050.1",22862867,22864366,1499,1877.5,1
"1164","GCA_036937985.1_ASM3693798v1_genomic","AT2G27810","CP138042.1",16551408,16555662,4254,5322.5,1
"2164","GCA_036937985.1_ASM3693798v1_genomic","AT5G40530","CP138045.1",19794188,19796055,1867,2313.75,1
"3164","GCA_036937985.1_ASM3693798v1_genomic","AT3G26115","CP138043.1",9792812,9795014,2202,2787.5,1
"4159","GCA_036937985.1_ASM3693798v1_genomic","AT1G26750","CP138041.1",9187959,9189390,1431,1772.5,1
"551","GCA_036937985.1_ASM3693798v1_genomic","AT4G17540","CP138044.1",14568409,14570403,1994,2493.75,1
"643","GCA_036937985.1_ASM3693798v1_genomic","AT4G23950","CP138044.1",17508932,17511432,2500,3126.25,1
"743","GCA_036937985.1_ASM3693798v1_genomic","AT2G38360","CP138042.1",20798531,20799809,1278,1598.75,1
"843","GCA_036937985.1_ASM3693798v1_genomic","AT3G11090","CP138043.1",3744766,3745692,926,1158.75,1
"943","GCA_036937985.1_ASM3693798v1_genomic","AT5G24890","CP138045.1",8718827,8720583,1756,2190,1
"1043","GCA_036937985.1_ASM3693798v1_genomic","AT5G27970","CP138045.1",10205300,10216643,11343,14170,1
"1165","GCA_036937985.1_ASM3693798v1_genomic","AT1G49590","CP138041.1",23204012,23206002,1990,2487.5,1
"1245","GCA_036937985.1_ASM3693798v1_genomic","AT5G46910","CP138045.1",22566537,22571577,5040,6301.25,1
"1343","GCA_036937985.1_ASM3693798v1_genomic","AT1G77300","CP138041.1",33958239,33967768,9529,11916.25,1
"1443","GCA_036937985.1_ASM3693798v1_genomic","AT2G15560","CP138042.1",11378974,11381322,2348,2937.5,1
"1543","GCA_036937985.1_ASM3693798v1_genomic","AT3G27310","CP138043.1",10352157,10354311,2154,2693.75,1
"1643","GCA_036937985.1_ASM3693798v1_genomic","AT5G42950","CP138045.1",20810938,20818048,7110,8893.75,1
"1743","GCA_036937985.1_ASM3693798v1_genomic","AT5G47380","CP138045.1",22736756,22740134,3378,4223.75,1
"1843","GCA_036937985.1_ASM3693798v1_genomic","AT3G06035","CP138043.1",2039047,2040452,1405,1757.5,1
"1943","GCA_036937985.1_ASM3693798v1_genomic","AT2G38310","CP138042.1",20779102,20780541,1439,1798.75,1
"2043","GCA_036937985.1_ASM3693798v1_genomic","AT1G27460","CP138041.1",9489405,9492567,3162,3908.75,1
"2165","GCA_036937985.1_ASM3693798v1_genomic","AT2G45320","CP138042.1",23413027,23415108,2081,2602.5,1
"2245","GCA_036937985.1_ASM3693798v1_genomic","AT1G30480","CP138041.1",10813448,10816144,2696,3380,1
"2343","GCA_036937985.1_ASM3693798v1_genomic","AT3G13840","CP138043.1",4806679,4808427,1748,2186.25,1
"2443","GCA_036937985.1_ASM3693798v1_genomic","AT5G38520","CP138045.1",18911199,18913333,2134,2678.75,1
"2543","GCA_036937985.1_ASM3693798v1_genomic","AT2G22260","CP138042.1",14123260,14125988,2728,3305,1
"2643","GCA_036937985.1_ASM3693798v1_genomic","AT1G49470","CP138041.1",23161482,23162770,1288,1608.75,1
"2743","GCA_036937985.1_ASM3693798v1_genomic","AT1G70560","CP138041.1",31511309,31514107,2798,3497.5,1
"2843","GCA_036937985.1_ASM3693798v1_genomic","AT3G10985","CP138043.1",3707221,3708607,1386,1805,1
"2943","GCA_036937985.1_ASM3693798v1_genomic","AT4G36390","CP138044.1",22330528,22333203,2675,3343.75,1
"3043","GCA_036937985.1_ASM3693798v1_genomic","AT4G34270","CP138044.1",21541891,21544336,2445,3075,1
"3165","GCA_036937985.1_ASM3693798v1_genomic","AT5G50000","CP138045.1",23851494,23854294,2800,3497.5,1
"3245","GCA_036937985.1_ASM3693798v1_genomic","AT1G30580","CP138041.1",10854213,10858173,3960,4953.75,1
"3342","GCA_036937985.1_ASM3693798v1_genomic","AT1G20070","CP138041.1",6985223,6986379,1156,1446.25,1
"3443","GCA_036937985.1_ASM3693798v1_genomic","AT3G25440","CP138043.1",9486400,9488216,1816,2273.75,1
"3543","GCA_036937985.1_ASM3693798v1_genomic","AT5G43680","CP138045.1",21101821,21103468,1647,2321.25,1
"3643","GCA_036937985.1_ASM3693798v1_genomic","AT1G67320","CP138041.1",30102738,30106560,3822,4778.75,1
"3743","GCA_036937985.1_ASM3693798v1_genomic","AT2G44950","CP138042.1",23276505,23282861,6356,8097.5,1
"3843","GCA_036937985.1_ASM3693798v1_genomic","AT5G24520","CP138045.1",8519024,8521554,2530,3163.75,1
"3943","GCA_036937985.1_ASM3693798v1_genomic","AT5G56890","CP138045.1",26509959,26515539,5580,6991.25,1
"4043","GCA_036937985.1_ASM3693798v1_genomic","AT1G24460","CP138041.1",8670267,8677042,6775,8472.5,1
"4160","GCA_036937985.1_ASM3693798v1_genomic","AT2G28800","CP138042.1",17055562,17058809,3247,4060,1
"4244","GCA_036937985.1_ASM3693798v1_genomic","AT5G13940","CP138045.1",4545426,4550922,5496,6863.75,1
"4643","GCA_036937985.1_ASM3693798v1_genomic","AT1G19220","CP138041.1",6653059,6658520,5461,6813.75,1
"4743","GCA_036937985.1_ASM3693798v1_genomic","AT5G01220","CP138045.1",91878,95471,3593,4468.75,1
"4843","GCA_036937985.1_ASM3693798v1_genomic","AT1G02460","CP138041.1",519112,521919,2807,3507.5,1
"4943","GCA_036937985.1_ASM3693798v1_genomic","AT1G04110","CP138041.1",1085255,1087767,2512,3141.25,1
"5036","GCA_036937985.1_ASM3693798v1_genomic","AT4G01880","CP138044.1",1395227,1397498,2271,2842.5,1
"5125","GCA_036937985.1_ASM3693798v1_genomic","AT2G24430","CP138042.1",15051675,15054796,3121,3911.25,1
"5213","GCA_036937985.1_ASM3693798v1_genomic","AT5G47870","CP138045.1",22892534,22894040,1506,1877.5,1
"1166","GCA_036938785.1_ASM3693878v1_genomic","AT2G27810","CP138052.1",13887424,13891695,4271,5322.5,1
"2166","GCA_036938785.1_ASM3693878v1_genomic","AT5G40530","CP138055.1",20165742,20167609,1867,2313.75,1
"3166","GCA_036938785.1_ASM3693878v1_genomic","AT3G26115","CP138053.1",9588533,9590735,2202,2787.5,1
"4161","GCA_036938785.1_ASM3693878v1_genomic","AT1G26750","CP138051.1",9168113,9169530,1417,1772.5,1
"552","GCA_036938785.1_ASM3693878v1_genomic","AT4G17540","CP138054.1",13117149,13119156,2007,2493.75,1
"644","GCA_036938785.1_ASM3693878v1_genomic","AT4G23950","CP138054.1",15689750,15692250,2500,3126.25,1
"744","GCA_036938785.1_ASM3693878v1_genomic","AT2G38360","CP138052.1",18093190,18094468,1278,1598.75,1
"844","GCA_036938785.1_ASM3693878v1_genomic","AT3G11090","CP138053.1",3525624,3526550,926,1158.75,1
"944","GCA_036938785.1_ASM3693878v1_genomic","AT5G24890","CP138055.1",8610749,8612503,1754,2190,1
"1044","GCA_036938785.1_ASM3693878v1_genomic","AT5G27970","CP138055.1",10045398,10056731,11333,14170,1
"1167","GCA_036938785.1_ASM3693878v1_genomic","AT1G49590","CP138051.1",20085179,20087167,1988,2487.5,1
"1246","GCA_036938785.1_ASM3693878v1_genomic","AT5G46910","CP138055.1",22956417,22961456,5039,6301.25,1
"1344","GCA_036938785.1_ASM3693878v1_genomic","AT1G77300","CP138051.1",30760904,30770395,9491,11916.25,1
"1444","GCA_036938785.1_ASM3693878v1_genomic","AT2G15560","CP138052.1",8812399,8814750,2351,2937.5,1
"1544","GCA_036938785.1_ASM3693878v1_genomic","AT3G27310","CP138053.1",10159851,10162005,2154,2693.75,1
"1644","GCA_036938785.1_ASM3693878v1_genomic","AT5G42950","CP138055.1",21156959,21164065,7106,8893.75,1
"1744","GCA_036938785.1_ASM3693878v1_genomic","AT5G47380","CP138055.1",23129887,23133265,3378,4223.75,1
"1844","GCA_036938785.1_ASM3693878v1_genomic","AT3G06035","CP138053.1",1844902,1846307,1405,1757.5,1
"1944","GCA_036938785.1_ASM3693878v1_genomic","AT2G38310","CP138052.1",18073729,18075166,1437,1798.75,1
"2044","GCA_036938785.1_ASM3693878v1_genomic","AT1G27460","CP138051.1",9448558,9451684,3126,3908.75,1
"2167","GCA_036938785.1_ASM3693878v1_genomic","AT2G45320","CP138052.1",20695543,20697624,2081,2602.5,1
"2246","GCA_036938785.1_ASM3693878v1_genomic","AT1G30480","CP138051.1",10722520,10725222,2702,3380,1
"2344","GCA_036938785.1_ASM3693878v1_genomic","AT3G13840","CP138053.1",4602652,4604400,1748,2186.25,1
"2444","GCA_036938785.1_ASM3693878v1_genomic","AT5G38520","CP138055.1",19330317,19332460,2143,2678.75,1
"2544","GCA_036938785.1_ASM3693878v1_genomic","AT2G22260","CP138052.1",11513260,11515903,2643,3305,1
"2644","GCA_036938785.1_ASM3693878v1_genomic","AT1G49470","CP138051.1",20040861,20042146,1285,1608.75,1
"2744","GCA_036938785.1_ASM3693878v1_genomic","AT1G70560","CP138051.1",28308004,28310801,2797,3497.5,1
"2844","GCA_036938785.1_ASM3693878v1_genomic","AT3G10985","CP138053.1",3492582,3494026,1444,1805,1
"2944","GCA_036938785.1_ASM3693878v1_genomic","AT4G36390","CP138054.1",20466641,20469315,2674,3343.75,1
"3044","GCA_036938785.1_ASM3693878v1_genomic","AT4G34270","CP138054.1",19669555,19672014,2459,3075,1
"3167","GCA_036938785.1_ASM3693878v1_genomic","AT5G50000","CP138055.1",24243343,24246140,2797,3497.5,1
"3246","GCA_036938785.1_ASM3693878v1_genomic","AT1G30580","CP138051.1",10764166,10768126,3960,4953.75,1
"3343","GCA_036938785.1_ASM3693878v1_genomic","AT1G20070","CP138051.1",6962712,6963868,1156,1446.25,1
"3444","GCA_036938785.1_ASM3693878v1_genomic","AT3G25440","CP138053.1",9269736,9271553,1817,2273.75,1
"3544","GCA_036938785.1_ASM3693878v1_genomic","AT5G43680","CP138055.1",21470858,21472703,1845,2321.25,1
"3644","GCA_036938785.1_ASM3693878v1_genomic","AT1G67320","CP138051.1",26890983,26894805,3822,4778.75,1
"3744","GCA_036938785.1_ASM3693878v1_genomic","AT2G44950","CP138052.1",20555875,20562352,6477,8097.5,1
"3844","GCA_036938785.1_ASM3693878v1_genomic","AT5G24520","CP138055.1",8420825,8423248,2423,3163.75,1
"3944","GCA_036938785.1_ASM3693878v1_genomic","AT5G56890","CP138055.1",26883253,26888842,5589,6991.25,1
"4044","GCA_036938785.1_ASM3693878v1_genomic","AT1G24460","CP138051.1",8638181,8644956,6775,8472.5,1
"4162","GCA_036938785.1_ASM3693878v1_genomic","AT2G28800","CP138052.1",14389154,14392388,3234,4060,1
"4245","GCA_036938785.1_ASM3693878v1_genomic","AT5G13940","CP138055.1",4487427,4492877,5450,6863.75,1
"4424","GCA_036938785.1_ASM3693878v1_genomic","AT1G19220","CP138051.1",6639070,6644509,5439,6813.75,1
"4538","GCA_036938785.1_ASM3693878v1_genomic","AT5G01220","CP138055.1",83953,87523,3570,4468.75,1
"4644","GCA_036938785.1_ASM3693878v1_genomic","AT1G02460","CP138051.1",511226,514022,2796,3507.5,1
"4744","GCA_036938785.1_ASM3693878v1_genomic","AT1G04110","CP138051.1",1069803,1072312,2509,3141.25,1
"4844","GCA_036938785.1_ASM3693878v1_genomic","AT4G01880","CP138054.1",1035151,1037423,2272,2842.5,1
"4944","GCA_036938785.1_ASM3693878v1_genomic","AT2G24430","CP138052.1",12435419,12438552,3133,3911.25,1
"5037","GCA_036938785.1_ASM3693878v1_genomic","AT5G47870","CP138055.1",23290040,23291542,1502,1877.5,1
"1168","GCA_036939995.1_ASM3693999v1_genomic","AT2G27810","CP138062.1",14570792,14575054,4262,5322.5,1
"2168","GCA_036939995.1_ASM3693999v1_genomic","AT5G40530","CP138065.1",20088045,20089910,1865,2313.75,1
"3168","GCA_036939995.1_ASM3693999v1_genomic","AT3G26115","CP138063.1",9549082,9551311,2229,2787.5,1
"4163","GCA_036939995.1_ASM3693999v1_genomic","AT1G26750","CP138061.1",9140215,9141632,1417,1772.5,1
"553","GCA_036939995.1_ASM3693999v1_genomic","AT4G17540","CP138064.1",13399373,13401367,1994,2493.75,1
"645","GCA_036939995.1_ASM3693999v1_genomic","AT4G23950","CP138064.1",16185444,16187944,2500,3126.25,1
"745","GCA_036939995.1_ASM3693999v1_genomic","AT2G38360","CP138062.1",18793860,18795138,1278,1598.75,1
"845","GCA_036939995.1_ASM3693999v1_genomic","AT3G11090","CP138063.1",3497089,3498015,926,1158.75,1
"945","GCA_036939995.1_ASM3693999v1_genomic","AT5G24890","CP138065.1",8569521,8571273,1752,2190,1
"1045","GCA_036939995.1_ASM3693999v1_genomic","AT5G27970","CP138065.1",10003231,10014565,11334,14170,1
"1169","GCA_036939995.1_ASM3693999v1_genomic","AT1G49590","CP138061.1",22374758,22376747,1989,2487.5,1
"1247","GCA_036939995.1_ASM3693999v1_genomic","AT5G46910","CP138065.1",22836042,22841082,5040,6301.25,1
"1345","GCA_036939995.1_ASM3693999v1_genomic","AT1G77300","CP138061.1",33122425,33131954,9529,11916.25,1
"1445","GCA_036939995.1_ASM3693999v1_genomic","AT2G15560","CP138062.1",9404840,9407191,2351,2937.5,1
"1545","GCA_036939995.1_ASM3693999v1_genomic","AT3G27310","CP138063.1",10094076,10096229,2153,2693.75,1
"1645","GCA_036939995.1_ASM3693999v1_genomic","AT5G42950","CP138065.1",21109868,21116980,7112,8893.75,1
"1745","GCA_036939995.1_ASM3693999v1_genomic","AT5G47380","CP138065.1",23008752,23012130,3378,4223.75,1
"1845","GCA_036939995.1_ASM3693999v1_genomic","AT3G06035","CP138063.1",1826831,1828236,1405,1757.5,1
"1945","GCA_036939995.1_ASM3693999v1_genomic","AT2G38310","CP138062.1",18774415,18775853,1438,1798.75,1
"2045","GCA_036939995.1_ASM3693999v1_genomic","AT1G27460","CP138061.1",9429083,9432209,3126,3908.75,1
"2169","GCA_036939995.1_ASM3693999v1_genomic","AT2G45320","CP138062.1",21419547,21421628,2081,2602.5,1
"2247","GCA_036939995.1_ASM3693999v1_genomic","AT1G30480","CP138061.1",10683311,10685999,2688,3380,1
"2345","GCA_036939995.1_ASM3693999v1_genomic","AT3G13840","CP138063.1",4544586,4546334,1748,2186.25,1
"2445","GCA_036939995.1_ASM3693999v1_genomic","AT5G38520","CP138065.1",19292628,19294766,2138,2678.75,1
"2545","GCA_036939995.1_ASM3693999v1_genomic","AT2G22260","CP138062.1",12152764,12155373,2609,3305,1
"2645","GCA_036939995.1_ASM3693999v1_genomic","AT1G49470","CP138061.1",22332861,22334147,1286,1608.75,1
"2745","GCA_036939995.1_ASM3693999v1_genomic","AT1G70560","CP138061.1",30682522,30685321,2799,3497.5,1
"2845","GCA_036939995.1_ASM3693999v1_genomic","AT3G10985","CP138063.1",3460682,3462069,1387,1805,1
"2945","GCA_036939995.1_ASM3693999v1_genomic","AT4G36390","CP138064.1",21062646,21065333,2687,3343.75,1
"3045","GCA_036939995.1_ASM3693999v1_genomic","AT4G34270","CP138064.1",20260391,20262856,2465,3075,1
"3169","GCA_036939995.1_ASM3693999v1_genomic","AT5G50000","CP138065.1",24124090,24126887,2797,3497.5,1
"3247","GCA_036939995.1_ASM3693999v1_genomic","AT1G30580","CP138061.1",10730518,10734477,3959,4953.75,1
"3344","GCA_036939995.1_ASM3693999v1_genomic","AT1G20070","CP138061.1",6956217,6957373,1156,1446.25,1
"3445","GCA_036939995.1_ASM3693999v1_genomic","AT3G25440","CP138063.1",9245145,9246961,1816,2273.75,1
"3545","GCA_036939995.1_ASM3693999v1_genomic","AT5G43680","CP138065.1",21402959,21404802,1843,2321.25,1
"3645","GCA_036939995.1_ASM3693999v1_genomic","AT1G67320","CP138061.1",29262045,29265869,3824,4778.75,1
"3745","GCA_036939995.1_ASM3693999v1_genomic","AT2G44950","CP138062.1",21280578,21287044,6466,8097.5,1
"3845","GCA_036939995.1_ASM3693999v1_genomic","AT5G24520","CP138065.1",8383090,8385620,2530,3163.75,1
"3945","GCA_036939995.1_ASM3693999v1_genomic","AT5G56890","CP138065.1",26781263,26786853,5590,6991.25,1
"4045","GCA_036939995.1_ASM3693999v1_genomic","AT1G24460","CP138061.1",8637911,8644686,6775,8472.5,1
"4164","GCA_036939995.1_ASM3693999v1_genomic","AT2G28800","CP138062.1",15074720,15077966,3246,4060,1
"4246","GCA_036939995.1_ASM3693999v1_genomic","AT5G13940","CP138065.1",4489590,4495087,5497,6863.75,1
"4539","GCA_036939995.1_ASM3693999v1_genomic","AT1G19220","CP138061.1",6628327,6633764,5437,6813.75,1
"4645","GCA_036939995.1_ASM3693999v1_genomic","AT5G01220","CP138065.1",84588,88179,3591,4468.75,1
"4745","GCA_036939995.1_ASM3693999v1_genomic","AT1G02460","CP138061.1",510526,513323,2797,3507.5,1
"4845","GCA_036939995.1_ASM3693999v1_genomic","AT1G04110","CP138061.1",1068312,1070824,2512,3141.25,1
"4945","GCA_036939995.1_ASM3693999v1_genomic","AT4G01880","CP138064.1",983763,986037,2274,2842.5,1
"5038","GCA_036939995.1_ASM3693999v1_genomic","AT2G24430","CP138062.1",13096854,13099968,3114,3911.25,1
"5126","GCA_036939995.1_ASM3693999v1_genomic","AT5G47870","CP138065.1",23166333,23167840,1507,1877.5,1
"1170","GCA_036940305.1_ASM3694030v1_genomic","AT2G27810","CP138057.1",15302737,15306999,4262,5322.5,1
"2170","GCA_036940305.1_ASM3694030v1_genomic","AT5G40530","CP138060.1",20347641,20349508,1867,2313.75,1
"3170","GCA_036940305.1_ASM3694030v1_genomic","AT3G26115","CP138058.1",9576273,9578502,2229,2787.5,1
"4165","GCA_036940305.1_ASM3694030v1_genomic","AT1G26750","CP138056.1",9100558,9101975,1417,1772.5,1
"554","GCA_036940305.1_ASM3694030v1_genomic","AT4G17540","CP138059.1",13021205,13023199,1994,2493.75,1
"646","GCA_036940305.1_ASM3694030v1_genomic","AT4G23950","CP138059.1",15662123,15664623,2500,3126.25,1
"746","GCA_036940305.1_ASM3694030v1_genomic","AT2G38360","CP138057.1",19493838,19495116,1278,1598.75,1
"846","GCA_036940305.1_ASM3694030v1_genomic","AT3G11090","CP138058.1",3491822,3492748,926,1158.75,1
"946","GCA_036940305.1_ASM3694030v1_genomic","AT5G24890","CP138060.1",8605289,8607036,1747,2190,1
"1046","GCA_036940305.1_ASM3694030v1_genomic","AT5G27970","CP138060.1",10035147,10046482,11335,14170,1
"1171","GCA_036940305.1_ASM3694030v1_genomic","AT1G49590","CP138056.1",21239981,21241970,1989,2487.5,1
"1248","GCA_036940305.1_ASM3694030v1_genomic","AT5G46910","CP138060.1",23084781,23089823,5042,6301.25,1
"1346","GCA_036940305.1_ASM3694030v1_genomic","AT1G77300","CP138056.1",32026883,32036407,9524,11916.25,1
"1446","GCA_036940305.1_ASM3694030v1_genomic","AT2G15560","CP138057.1",10243640,10245961,2321,2937.5,1
"1546","GCA_036940305.1_ASM3694030v1_genomic","AT3G27310","CP138058.1",10115498,10117651,2153,2693.75,1
"1646","GCA_036940305.1_ASM3694030v1_genomic","AT5G42950","CP138060.1",21351813,21358927,7114,8893.75,1
"1746","GCA_036940305.1_ASM3694030v1_genomic","AT5G47380","CP138060.1",23264957,23268335,3378,4223.75,1
"1846","GCA_036940305.1_ASM3694030v1_genomic","AT3G06035","CP138058.1",1835321,1836723,1402,1757.5,1
"1946","GCA_036940305.1_ASM3694030v1_genomic","AT2G38310","CP138057.1",19474370,19475808,1438,1798.75,1
"2046","GCA_036940305.1_ASM3694030v1_genomic","AT1G27460","CP138056.1",9381638,9384781,3143,3908.75,1
"2171","GCA_036940305.1_ASM3694030v1_genomic","AT2G45320","CP138057.1",22102403,22104483,2080,2602.5,1
"2248","GCA_036940305.1_ASM3694030v1_genomic","AT1G30480","CP138056.1",10588299,10591002,2703,3380,1
"2346","GCA_036940305.1_ASM3694030v1_genomic","AT3G13840","CP138058.1",4561421,4563169,1748,2186.25,1
"2446","GCA_036940305.1_ASM3694030v1_genomic","AT5G38520","CP138060.1",19527555,19529697,2142,2678.75,1
"2546","GCA_036940305.1_ASM3694030v1_genomic","AT2G22260","CP138057.1",12929072,12931715,2643,3305,1
"2646","GCA_036940305.1_ASM3694030v1_genomic","AT1G49470","CP138056.1",21196421,21197707,1286,1608.75,1
"2746","GCA_036940305.1_ASM3694030v1_genomic","AT1G70560","CP138056.1",29568918,29571717,2799,3497.5,1
"2846","GCA_036940305.1_ASM3694030v1_genomic","AT3G10985","CP138058.1",3458697,3460136,1439,1805,1
"2946","GCA_036940305.1_ASM3694030v1_genomic","AT4G36390","CP138059.1",20428434,20431108,2674,3343.75,1
"3046","GCA_036940305.1_ASM3694030v1_genomic","AT4G34270","CP138059.1",19633292,19635751,2459,3075,1
"3171","GCA_036940305.1_ASM3694030v1_genomic","AT5G50000","CP138060.1",24388439,24391237,2798,3497.5,1
"3248","GCA_036940305.1_ASM3694030v1_genomic","AT1G30580","CP138056.1",10629096,10633056,3960,4953.75,1
"3345","GCA_036940305.1_ASM3694030v1_genomic","AT1G20070","CP138056.1",6932712,6933868,1156,1446.25,1
"3446","GCA_036940305.1_ASM3694030v1_genomic","AT3G25440","CP138058.1",9271814,9273632,1818,2273.75,1
"3546","GCA_036940305.1_ASM3694030v1_genomic","AT5G43680","CP138060.1",21642158,21644013,1855,2321.25,1
"3646","GCA_036940305.1_ASM3694030v1_genomic","AT1G67320","CP138056.1",28173952,28177775,3823,4778.75,1
"3746","GCA_036940305.1_ASM3694030v1_genomic","AT2G44950","CP138057.1",21963584,21970061,6477,8097.5,1
"3846","GCA_036940305.1_ASM3694030v1_genomic","AT5G24520","CP138060.1",8418531,8421061,2530,3163.75,1
"3946","GCA_036940305.1_ASM3694030v1_genomic","AT5G56890","CP138060.1",27019557,27025144,5587,6991.25,1
"4046","GCA_036940305.1_ASM3694030v1_genomic","AT1G24460","CP138056.1",8596992,8603767,6775,8472.5,1
"4166","GCA_036940305.1_ASM3694030v1_genomic","AT2G28800","CP138057.1",15805617,15808864,3247,4060,1
"4247","GCA_036940305.1_ASM3694030v1_genomic","AT5G13940","CP138060.1",4527517,4533007,5490,6863.75,1
"4646","GCA_036940305.1_ASM3694030v1_genomic","AT1G19220","CP138056.1",6605772,6611214,5442,6813.75,1
"4746","GCA_036940305.1_ASM3694030v1_genomic","AT5G01220","CP138060.1",96052,99622,3570,4468.75,1
"4846","GCA_036940305.1_ASM3694030v1_genomic","AT1G02460","CP138056.1",506159,508962,2803,3507.5,1
"4946","GCA_036940305.1_ASM3694030v1_genomic","AT1G04110","CP138056.1",1062755,1065267,2512,3141.25,1
"5039","GCA_036940305.1_ASM3694030v1_genomic","AT4G01880","CP138059.1",1275108,1277381,2273,2842.5,1
"5127","GCA_036940305.1_ASM3694030v1_genomic","AT2G24430","CP138057.1",13860643,13863760,3117,3911.25,1
"5214","GCA_036940305.1_ASM3694030v1_genomic","AT5G47870","CP138060.1",23421051,23422560,1509,1877.5,1
"1172","GCA_036940335.1_ASM3694033v1_genomic","AT2G27810","CP138067.1",14850465,14854688,4223,5322.5,1
"2172","GCA_036940335.1_ASM3694033v1_genomic","AT5G40530","CP138070.1",21132563,21134430,1867,2313.75,1
"3172","GCA_036940335.1_ASM3694033v1_genomic","AT3G26115","CP138068.1",9639495,9641724,2229,2787.5,1
"4167","GCA_036940335.1_ASM3694033v1_genomic","AT1G26750","CP138066.1",9127433,9128850,1417,1772.5,1
"555","GCA_036940335.1_ASM3694033v1_genomic","AT4G17540","CP138069.1",15295823,15297817,1994,2493.75,1
"647","GCA_036940335.1_ASM3694033v1_genomic","AT4G23950","CP138069.1",17973941,17976441,2500,3126.25,1
"747","GCA_036940335.1_ASM3694033v1_genomic","AT2G38360","CP138067.1",19127709,19128987,1278,1598.75,1
"847","GCA_036940335.1_ASM3694033v1_genomic","AT3G11090","CP138068.1",3549304,3550230,926,1158.75,1
"947","GCA_036940335.1_ASM3694033v1_genomic","AT5G24890","CP138070.1",8733065,8734815,1750,2190,1
"1047","GCA_036940335.1_ASM3694033v1_genomic","AT5G27970","CP138070.1",10168508,10179842,11334,14170,1
"1173","GCA_036940335.1_ASM3694033v1_genomic","AT1G49590","CP138066.1",23182655,23184644,1989,2487.5,1
"1249","GCA_036940335.1_ASM3694033v1_genomic","AT5G46910","CP138070.1",23866483,23871554,5071,6301.25,1
"1347","GCA_036940335.1_ASM3694033v1_genomic","AT1G77300","CP138066.1",33957642,33967172,9530,11916.25,1
"1447","GCA_036940335.1_ASM3694033v1_genomic","AT2G15560","CP138067.1",9650604,9652925,2321,2937.5,1
"1547","GCA_036940335.1_ASM3694033v1_genomic","AT3G27310","CP138068.1",10200665,10202819,2154,2693.75,1
"1647","GCA_036940335.1_ASM3694033v1_genomic","AT5G42950","CP138070.1",22117794,22124899,7105,8893.75,1
"1747","GCA_036940335.1_ASM3694033v1_genomic","AT5G47380","CP138070.1",24040902,24044280,3378,4223.75,1
"1847","GCA_036940335.1_ASM3694033v1_genomic","AT3G06035","CP138068.1",1849802,1851207,1405,1757.5,1
"1947","GCA_036940335.1_ASM3694033v1_genomic","AT2G38310","CP138067.1",19108259,19109697,1438,1798.75,1
"2047","GCA_036940335.1_ASM3694033v1_genomic","AT1G27460","CP138066.1",9418685,9421848,3163,3908.75,1
"2173","GCA_036940335.1_ASM3694033v1_genomic","AT2G45320","CP138067.1",21751288,21753369,2081,2602.5,1
"2249","GCA_036940335.1_ASM3694033v1_genomic","AT1G30480","CP138066.1",10794738,10797434,2696,3380,1
"2347","GCA_036940335.1_ASM3694033v1_genomic","AT3G13840","CP138068.1",4634859,4636607,1748,2186.25,1
"2447","GCA_036940335.1_ASM3694033v1_genomic","AT5G38520","CP138070.1",20235035,20237177,2142,2678.75,1
"2547","GCA_036940335.1_ASM3694033v1_genomic","AT2G22260","CP138067.1",12376756,12379398,2642,3305,1
"2647","GCA_036940335.1_ASM3694033v1_genomic","AT1G49470","CP138066.1",23135513,23136799,1286,1608.75,1
"2747","GCA_036940335.1_ASM3694033v1_genomic","AT1G70560","CP138066.1",31513999,31516797,2798,3497.5,1
"2847","GCA_036940335.1_ASM3694033v1_genomic","AT3G10985","CP138068.1",3517005,3518391,1386,1805,1
"2947","GCA_036940335.1_ASM3694033v1_genomic","AT4G36390","CP138069.1",22943913,22946600,2687,3343.75,1
"3047","GCA_036940335.1_ASM3694033v1_genomic","AT4G34270","CP138069.1",22148385,22150830,2445,3075,1
"3173","GCA_036940335.1_ASM3694033v1_genomic","AT5G50000","CP138070.1",25122538,25125335,2797,3497.5,1
"3249","GCA_036940335.1_ASM3694033v1_genomic","AT1G30580","CP138066.1",10833468,10837428,3960,4953.75,1
"3346","GCA_036940335.1_ASM3694033v1_genomic","AT1G20070","CP138066.1",6966633,6967789,1156,1446.25,1
"3447","GCA_036940335.1_ASM3694033v1_genomic","AT3G25440","CP138068.1",9328071,9329886,1815,2273.75,1
"3547","GCA_036940335.1_ASM3694033v1_genomic","AT5G43680","CP138070.1",22431987,22433654,1667,2321.25,1
"3647","GCA_036940335.1_ASM3694033v1_genomic","AT1G67320","CP138066.1",30090425,30094247,3822,4778.75,1
"3747","GCA_036940335.1_ASM3694033v1_genomic","AT2G44950","CP138067.1",21609470,21615931,6461,8097.5,1
"3847","GCA_036940335.1_ASM3694033v1_genomic","AT5G24520","CP138070.1",8528287,8530817,2530,3163.75,1
"3947","GCA_036940335.1_ASM3694033v1_genomic","AT5G56890","CP138070.1",27766618,27772208,5590,6991.25,1
"4047","GCA_036940335.1_ASM3694033v1_genomic","AT1G24460","CP138066.1",8627770,8634545,6775,8472.5,1
"4168","GCA_036940335.1_ASM3694033v1_genomic","AT2G28800","CP138067.1",15363954,15367201,3247,4060,1
"4248","GCA_036940335.1_ASM3694033v1_genomic","AT5G13940","CP138070.1",4531959,4537415,5456,6863.75,1
"4540","GCA_036940335.1_ASM3694033v1_genomic","AT1G19220","CP138066.1",6629265,6634705,5440,6813.75,1
"4647","GCA_036940335.1_ASM3694033v1_genomic","AT5G01220","CP138070.1",82106,85655,3549,4468.75,1
"4747","GCA_036940335.1_ASM3694033v1_genomic","AT1G02460","CP138066.1",506533,509345,2812,3507.5,1
"4847","GCA_036940335.1_ASM3694033v1_genomic","AT1G04110","CP138066.1",1064098,1066610,2512,3141.25,1
"4947","GCA_036940335.1_ASM3694033v1_genomic","AT4G01880","CP138069.1",904231,906510,2279,2842.5,1
"5040","GCA_036940335.1_ASM3694033v1_genomic","AT2G24430","CP138067.1",13322228,13325354,3126,3911.25,1
"5128","GCA_036940335.1_ASM3694033v1_genomic","AT5G47870","CP138070.1",24196568,24198074,1506,1877.5,1
"1174","GCA_036940405.1_ASM3694040v1_genomic","AT2G27810","CP138072.1",14071651,14075922,4271,5322.5,1
"2174","GCA_036940405.1_ASM3694040v1_genomic","AT5G40530","CP138075.1",21174108,21175975,1867,2313.75,1
"3174","GCA_036940405.1_ASM3694040v1_genomic","AT3G26115","CP138073.1",9553173,9555374,2201,2787.5,1
"4169","GCA_036940405.1_ASM3694040v1_genomic","AT1G26750","CP138071.1",9126596,9128013,1417,1772.5,1
"556","GCA_036940405.1_ASM3694040v1_genomic","AT4G17540","CP138074.1",13151082,13153089,2007,2493.75,1
"648","GCA_036940405.1_ASM3694040v1_genomic","AT4G23950","CP138074.1",15755537,15758038,2501,3126.25,1
"748","GCA_036940405.1_ASM3694040v1_genomic","AT2G38360","CP138072.1",18315279,18316557,1278,1598.75,1
"848","GCA_036940405.1_ASM3694040v1_genomic","AT3G11090","CP138073.1",3503365,3504291,926,1158.75,1
"948","GCA_036940405.1_ASM3694040v1_genomic","AT5G24890","CP138075.1",8651955,8653705,1750,2190,1
"1048","GCA_036940405.1_ASM3694040v1_genomic","AT5G27970","CP138075.1",10137441,10148775,11334,14170,1
"1175","GCA_036940405.1_ASM3694040v1_genomic","AT1G49590","CP138071.1",19375529,19377517,1988,2487.5,1
"1250","GCA_036940405.1_ASM3694040v1_genomic","AT5G46910","CP138075.1",23965316,23970354,5038,6301.25,1
"1348","GCA_036940405.1_ASM3694040v1_genomic","AT1G77300","CP138071.1",31503998,31513518,9520,11916.25,1
"1448","GCA_036940405.1_ASM3694040v1_genomic","AT2G15560","CP138072.1",8990279,8992628,2349,2937.5,1
"1548","GCA_036940405.1_ASM3694040v1_genomic","AT3G27310","CP138073.1",10113857,10116007,2150,2693.75,1
"1648","GCA_036940405.1_ASM3694040v1_genomic","AT5G42950","CP138075.1",22170714,22177820,7106,8893.75,1
"1748","GCA_036940405.1_ASM3694040v1_genomic","AT5G47380","CP138075.1",24143304,24146682,3378,4223.75,1
"1848","GCA_036940405.1_ASM3694040v1_genomic","AT3G06035","CP138073.1",1829952,1831357,1405,1757.5,1
"1948","GCA_036940405.1_ASM3694040v1_genomic","AT2G38310","CP138072.1",18295820,18297258,1438,1798.75,1
"2048","GCA_036940405.1_ASM3694040v1_genomic","AT1G27460","CP138071.1",9405652,9408778,3126,3908.75,1
"2175","GCA_036940405.1_ASM3694040v1_genomic","AT2G45320","CP138072.1",20939713,20941794,2081,2602.5,1
"2250","GCA_036940405.1_ASM3694040v1_genomic","AT1G30480","CP138071.1",10647900,10650603,2703,3380,1
"2348","GCA_036940405.1_ASM3694040v1_genomic","AT3G13840","CP138073.1",4582504,4584252,1748,2186.25,1
"2448","GCA_036940405.1_ASM3694040v1_genomic","AT5G38520","CP138075.1",20370738,20372878,2140,2678.75,1
"2548","GCA_036940405.1_ASM3694040v1_genomic","AT2G22260","CP138072.1",11682548,11685190,2642,3305,1
"2648","GCA_036940405.1_ASM3694040v1_genomic","AT1G49470","CP138071.1",19420520,19421806,1286,1608.75,1
"2748","GCA_036940405.1_ASM3694040v1_genomic","AT1G70560","CP138071.1",29068465,29071261,2796,3497.5,1
"2848","GCA_036940405.1_ASM3694040v1_genomic","AT3G10985","CP138073.1",3470299,3471716,1417,1805,1
"2948","GCA_036940405.1_ASM3694040v1_genomic","AT4G36390","CP138074.1",20560308,20562982,2674,3343.75,1
"3048","GCA_036940405.1_ASM3694040v1_genomic","AT4G34270","CP138074.1",19770347,19772806,2459,3075,1
"3175","GCA_036940405.1_ASM3694040v1_genomic","AT5G50000","CP138075.1",25259843,25262640,2797,3497.5,1
"3250","GCA_036940405.1_ASM3694040v1_genomic","AT1G30580","CP138071.1",10688959,10692919,3960,4953.75,1
"3347","GCA_036940405.1_ASM3694040v1_genomic","AT1G20070","CP138071.1",6946448,6947604,1156,1446.25,1
"3448","GCA_036940405.1_ASM3694040v1_genomic","AT3G25440","CP138073.1",9242126,9243946,1820,2273.75,1
"3548","GCA_036940405.1_ASM3694040v1_genomic","AT5G43680","CP138075.1",22476937,22478584,1647,2321.25,1
"3648","GCA_036940405.1_ASM3694040v1_genomic","AT1G67320","CP138071.1",27661628,27665450,3822,4778.75,1
"3748","GCA_036940405.1_ASM3694040v1_genomic","AT2G44950","CP138072.1",20802173,20808650,6477,8097.5,1
"3848","GCA_036940405.1_ASM3694040v1_genomic","AT5G24520","CP138075.1",8461973,8464503,2530,3163.75,1
"3948","GCA_036940405.1_ASM3694040v1_genomic","AT5G56890","CP138075.1",27898360,27903950,5590,6991.25,1
"4048","GCA_036940405.1_ASM3694040v1_genomic","AT1G24460","CP138071.1",8625288,8632063,6775,8472.5,1
"4170","GCA_036940405.1_ASM3694040v1_genomic","AT2G28800","CP138072.1",14573328,14576562,3234,4060,1
"4249","GCA_036940405.1_ASM3694040v1_genomic","AT5G13940","CP138075.1",4557084,4562595,5511,6863.75,1
"4320","GCA_036940405.1_ASM3694040v1_genomic","AT1G19220","CP138071.1",6621384,6626823,5439,6813.75,1
"4425","GCA_036940405.1_ASM3694040v1_genomic","AT5G01220","CP138075.1",94588,98158,3570,4468.75,1
"4541","GCA_036940405.1_ASM3694040v1_genomic","AT1G02460","CP138071.1",505814,508635,2821,3507.5,1
"4648","GCA_036940405.1_ASM3694040v1_genomic","AT1G04110","CP138071.1",1069338,1071850,2512,3141.25,1
"4748","GCA_036940405.1_ASM3694040v1_genomic","AT4G01880","CP138074.1",901590,903862,2272,2842.5,1
"4848","GCA_036940405.1_ASM3694040v1_genomic","AT2G24430","CP138072.1",12600566,12603700,3134,3911.25,1
"4948","GCA_036940405.1_ASM3694040v1_genomic","AT5G47870","CP138075.1",24300322,24301828,1506,1877.5,1
"1176","GCA_036940415.1_ASM3694041v1_genomic","AT2G27810","CP138077.1",13739967,13744223,4256,5322.5,1
"2176","GCA_036940415.1_ASM3694041v1_genomic","AT5G40530","CP138080.1",19950934,19952793,1859,2313.75,1
"3176","GCA_036940415.1_ASM3694041v1_genomic","AT3G26115","CP138078.1",9525258,9527487,2229,2787.5,1
"4171","GCA_036940415.1_ASM3694041v1_genomic","AT1G26750","CP138076.1",9204401,9205818,1417,1772.5,1
"557","GCA_036940415.1_ASM3694041v1_genomic","AT4G17540","CP138079.1",14248201,14250195,1994,2493.75,1
"649","GCA_036940415.1_ASM3694041v1_genomic","AT4G23950","CP138079.1",16966275,16968775,2500,3126.25,1
"749","GCA_036940415.1_ASM3694041v1_genomic","AT2G38360","CP138077.1",17959290,17960568,1278,1598.75,1
"849","GCA_036940415.1_ASM3694041v1_genomic","AT3G11090","CP138078.1",3486552,3487478,926,1158.75,1
"949","GCA_036940415.1_ASM3694041v1_genomic","AT5G24890","CP138080.1",8609987,8611738,1751,2190,1
"1049","GCA_036940415.1_ASM3694041v1_genomic","AT5G27970","CP138080.1",10091630,10102968,11338,14170,1
"1177","GCA_036940415.1_ASM3694041v1_genomic","AT1G49590","CP138076.1",22093302,22095291,1989,2487.5,1
"1251","GCA_036940415.1_ASM3694041v1_genomic","AT5G46910","CP138080.1",22738765,22743800,5035,6301.25,1
"1349","GCA_036940415.1_ASM3694041v1_genomic","AT1G77300","CP138076.1",32720160,32729688,9528,11916.25,1
"1449","GCA_036940415.1_ASM3694041v1_genomic","AT2G15560","CP138077.1",8684076,8686397,2321,2937.5,1
"1549","GCA_036940415.1_ASM3694041v1_genomic","AT3G27310","CP138078.1",10054749,10056903,2154,2693.75,1
"1649","GCA_036940415.1_ASM3694041v1_genomic","AT5G42950","CP138080.1",20952931,20960045,7114,8893.75,1
"1749","GCA_036940415.1_ASM3694041v1_genomic","AT5G47380","CP138080.1",22917497,22920875,3378,4223.75,1
"1849","GCA_036940415.1_ASM3694041v1_genomic","AT3G06035","CP138078.1",1832348,1833753,1405,1757.5,1
"1949","GCA_036940415.1_ASM3694041v1_genomic","AT2G38310","CP138077.1",17939835,17941272,1437,1798.75,1
"2049","GCA_036940415.1_ASM3694041v1_genomic","AT1G27460","CP138076.1",9494063,9497189,3126,3908.75,1
"2177","GCA_036940415.1_ASM3694041v1_genomic","AT2G45320","CP138077.1",20574231,20576311,2080,2602.5,1
"2251","GCA_036940415.1_ASM3694041v1_genomic","AT1G30480","CP138076.1",10766439,10769107,2668,3380,1
"2349","GCA_036940415.1_ASM3694041v1_genomic","AT3G13840","CP138078.1",4541975,4543723,1748,2186.25,1
"2449","GCA_036940415.1_ASM3694041v1_genomic","AT5G38520","CP138080.1",19096225,19098362,2137,2678.75,1
"2549","GCA_036940415.1_ASM3694041v1_genomic","AT2G22260","CP138077.1",11363472,11366115,2643,3305,1
"2649","GCA_036940415.1_ASM3694041v1_genomic","AT1G49470","CP138076.1",22049012,22050298,1286,1608.75,1
"2749","GCA_036940415.1_ASM3694041v1_genomic","AT1G70560","CP138076.1",30262817,30265617,2800,3497.5,1
"2849","GCA_036940415.1_ASM3694041v1_genomic","AT3G10985","CP138078.1",3453437,3454877,1440,1805,1
"2949","GCA_036940415.1_ASM3694041v1_genomic","AT4G36390","CP138079.1",21744166,21746840,2674,3343.75,1
"3049","GCA_036940415.1_ASM3694041v1_genomic","AT4G34270","CP138079.1",20946199,20948659,2460,3075,1
"3177","GCA_036940415.1_ASM3694041v1_genomic","AT5G50000","CP138080.1",23987469,23990266,2797,3497.5,1
"3251","GCA_036940415.1_ASM3694041v1_genomic","AT1G30580","CP138076.1",10807110,10811037,3927,4953.75,1
"3348","GCA_036940415.1_ASM3694041v1_genomic","AT1G20070","CP138076.1",6953678,6954834,1156,1446.25,1
"3449","GCA_036940415.1_ASM3694041v1_genomic","AT3G25440","CP138078.1",9216989,9218807,1818,2273.75,1
"3549","GCA_036940415.1_ASM3694041v1_genomic","AT5G43680","CP138080.1",21269864,21271531,1667,2321.25,1
"3649","GCA_036940415.1_ASM3694041v1_genomic","AT1G67320","CP138076.1",28846768,28850590,3822,4778.75,1
"3749","GCA_036940415.1_ASM3694041v1_genomic","AT2G44950","CP138077.1",20434905,20441382,6477,8097.5,1
"3849","GCA_036940415.1_ASM3694041v1_genomic","AT5G24520","CP138080.1",8420955,8423375,2420,3163.75,1
"3949","GCA_036940415.1_ASM3694041v1_genomic","AT5G56890","CP138080.1",26634186,26639778,5592,6991.25,1
"4049","GCA_036940415.1_ASM3694041v1_genomic","AT1G24460","CP138076.1",8610133,8616908,6775,8472.5,1
"4172","GCA_036940415.1_ASM3694041v1_genomic","AT2G28800","CP138077.1",14252492,14255739,3247,4060,1
"4250","GCA_036940415.1_ASM3694041v1_genomic","AT5G13940","CP138080.1",4523780,4529269,5489,6863.75,1
"4426","GCA_036940415.1_ASM3694041v1_genomic","AT1G19220","CP138076.1",6623801,6629249,5448,6813.75,1
"4542","GCA_036940415.1_ASM3694041v1_genomic","AT5G01220","CP138080.1",88226,91801,3575,4468.75,1
"4649","GCA_036940415.1_ASM3694041v1_genomic","AT1G02460","CP138076.1",508105,510944,2839,3507.5,1
"4749","GCA_036940415.1_ASM3694041v1_genomic","AT1G04110","CP138076.1",1071006,1073518,2512,3141.25,1
"4849","GCA_036940415.1_ASM3694041v1_genomic","AT4G01880","CP138079.1",893220,895492,2272,2842.5,1
"4949","GCA_036940415.1_ASM3694041v1_genomic","AT2G24430","CP138077.1",12285892,12288998,3106,3911.25,1
"5041","GCA_036940415.1_ASM3694041v1_genomic","AT5G47870","CP138080.1",23075020,23076521,1501,1877.5,1
"1178","GCA_036940605.1_ASM3694060v1_genomic","AT2G27810","CP138082.1",14645765,14650034,4269,5322.5,1
"2178","GCA_036940605.1_ASM3694060v1_genomic","AT5G40530","CP138085.1",19718594,19720461,1867,2313.75,1
"3178","GCA_036940605.1_ASM3694060v1_genomic","AT3G26115","CP138083.1",9649041,9651270,2229,2787.5,1
"4173","GCA_036940605.1_ASM3694060v1_genomic","AT1G26750","CP138081.1",9092642,9094059,1417,1772.5,1
"558","GCA_036940605.1_ASM3694060v1_genomic","AT4G17540","CP138084.1",13034325,13036319,1994,2493.75,1
"650","GCA_036940605.1_ASM3694060v1_genomic","AT4G23950","CP138084.1",15747506,15750006,2500,3126.25,1
"750","GCA_036940605.1_ASM3694060v1_genomic","AT2G38360","CP138082.1",18869244,18870523,1279,1598.75,1
"850","GCA_036940605.1_ASM3694060v1_genomic","AT3G11090","CP138083.1",3569531,3570457,926,1158.75,1
"950","GCA_036940605.1_ASM3694060v1_genomic","AT5G24890","CP138085.1",8668911,8670661,1750,2190,1
"1050","GCA_036940605.1_ASM3694060v1_genomic","AT5G27970","CP138085.1",10099546,10110855,11309,14170,1
"1179","GCA_036940605.1_ASM3694060v1_genomic","AT1G49590","CP138081.1",21273998,21275987,1989,2487.5,1
"1252","GCA_036940605.1_ASM3694060v1_genomic","AT5G46910","CP138085.1",22543302,22548341,5039,6301.25,1
"1350","GCA_036940605.1_ASM3694060v1_genomic","AT1G77300","CP138081.1",31987467,31997010,9543,11916.25,1
"1450","GCA_036940605.1_ASM3694060v1_genomic","AT2G15560","CP138082.1",9471981,9474302,2321,2937.5,1
"1550","GCA_036940605.1_ASM3694060v1_genomic","AT3G27310","CP138083.1",10168280,10170434,2154,2693.75,1
"1650","GCA_036940605.1_ASM3694060v1_genomic","AT5G42950","CP138085.1",20710903,20718015,7112,8893.75,1
"1750","GCA_036940605.1_ASM3694060v1_genomic","AT5G47380","CP138085.1",22718847,22722225,3378,4223.75,1
"1850","GCA_036940605.1_ASM3694060v1_genomic","AT3G06035","CP138083.1",1843138,1844543,1405,1757.5,1
"1950","GCA_036940605.1_ASM3694060v1_genomic","AT2G38310","CP138082.1",18849751,18851188,1437,1798.75,1
"2050","GCA_036940605.1_ASM3694060v1_genomic","AT1G27460","CP138081.1",9372569,9375747,3178,3908.75,1
"2179","GCA_036940605.1_ASM3694060v1_genomic","AT2G45320","CP138082.1",21533334,21535415,2081,2602.5,1
"2252","GCA_036940605.1_ASM3694060v1_genomic","AT1G30480","CP138081.1",10608366,10611034,2668,3380,1
"2350","GCA_036940605.1_ASM3694060v1_genomic","AT3G13840","CP138083.1",4639296,4641044,1748,2186.25,1
"2450","GCA_036940605.1_ASM3694060v1_genomic","AT5G38520","CP138085.1",18883046,18885188,2142,2678.75,1
"2550","GCA_036940605.1_ASM3694060v1_genomic","AT2G22260","CP138082.1",12203851,12206495,2644,3305,1
"2650","GCA_036940605.1_ASM3694060v1_genomic","AT1G49470","CP138081.1",21231692,21232978,1286,1608.75,1
"2750","GCA_036940605.1_ASM3694060v1_genomic","AT1G70560","CP138081.1",29538969,29541763,2794,3497.5,1
"2850","GCA_036940605.1_ASM3694060v1_genomic","AT3G10985","CP138083.1",3540157,3541601,1444,1805,1
"2950","GCA_036940605.1_ASM3694060v1_genomic","AT4G36390","CP138084.1",20557826,20560500,2674,3343.75,1
"3050","GCA_036940605.1_ASM3694060v1_genomic","AT4G34270","CP138084.1",19762812,19765257,2445,3075,1
"3179","GCA_036940605.1_ASM3694060v1_genomic","AT5G50000","CP138085.1",23811960,23814759,2799,3497.5,1
"3252","GCA_036940605.1_ASM3694060v1_genomic","AT1G30580","CP138081.1",10649472,10653432,3960,4953.75,1
"3349","GCA_036940605.1_ASM3694060v1_genomic","AT1G20070","CP138081.1",6940635,6941791,1156,1446.25,1
"3450","GCA_036940605.1_ASM3694060v1_genomic","AT3G25440","CP138083.1",9339484,9341300,1816,2273.75,1
"3550","GCA_036940605.1_ASM3694060v1_genomic","AT5G43680","CP138085.1",21021181,21022828,1647,2321.25,1
"3650","GCA_036940605.1_ASM3694060v1_genomic","AT1G67320","CP138081.1",28122037,28125859,3822,4778.75,1
"3750","GCA_036940605.1_ASM3694060v1_genomic","AT2G44950","CP138082.1",21397122,21403599,6477,8097.5,1
"3850","GCA_036940605.1_ASM3694060v1_genomic","AT5G24520","CP138085.1",8476374,8478904,2530,3163.75,1
"3950","GCA_036940605.1_ASM3694060v1_genomic","AT5G56890","CP138085.1",26458714,26464306,5592,6991.25,1
"4050","GCA_036940605.1_ASM3694060v1_genomic","AT1G24460","CP138081.1",8587699,8594474,6775,8472.5,1
"4174","GCA_036940605.1_ASM3694060v1_genomic","AT2G28800","CP138082.1",15157048,15160288,3240,4060,1
"4251","GCA_036940605.1_ASM3694060v1_genomic","AT5G13940","CP138085.1",4536843,4542305,5462,6863.75,1
"4543","GCA_036940605.1_ASM3694060v1_genomic","AT1G19220","CP138081.1",6604936,6610375,5439,6813.75,1
"4650","GCA_036940605.1_ASM3694060v1_genomic","AT5G01220","CP138085.1",86315,89893,3578,4468.75,1
"4750","GCA_036940605.1_ASM3694060v1_genomic","AT1G02460","CP138081.1",510608,513393,2785,3507.5,1
"4850","GCA_036940605.1_ASM3694060v1_genomic","AT1G04110","CP138081.1",1083819,1086331,2512,3141.25,1
"4950","GCA_036940605.1_ASM3694060v1_genomic","AT4G01880","CP138084.1",917258,919530,2272,2842.5,1
"5042","GCA_036940605.1_ASM3694060v1_genomic","AT2G24430","CP138082.1",13144194,13147311,3117,3911.25,1
"5129","GCA_036940605.1_ASM3694060v1_genomic","AT5G47870","CP138085.1",22874680,22876181,1501,1877.5,1
"1180","GCA_036940615.1_ASM3694061v1_genomic","AT2G27810","CP138087.1",15423744,15428006,4262,5322.5,1
"2180","GCA_036940615.1_ASM3694061v1_genomic","AT5G40530","CP138090.1",19565091,19566958,1867,2313.75,1
"3180","GCA_036940615.1_ASM3694061v1_genomic","AT3G26115","CP138088.1",9544836,9547065,2229,2787.5,1
"4175","GCA_036940615.1_ASM3694061v1_genomic","AT1G26750","CP138086.1",9096929,9098346,1417,1772.5,1
"559","GCA_036940615.1_ASM3694061v1_genomic","AT4G17540","CP138089.1",15746260,15748254,1994,2493.75,1
"651","GCA_036940615.1_ASM3694061v1_genomic","AT4G23950","CP138089.1",18350927,18353427,2500,3126.25,1
"751","GCA_036940615.1_ASM3694061v1_genomic","AT2G38360","CP138087.1",19636872,19638150,1278,1598.75,1
"851","GCA_036940615.1_ASM3694061v1_genomic","AT3G11090","CP138088.1",3499164,3500090,926,1158.75,1
"951","GCA_036940615.1_ASM3694061v1_genomic","AT5G24890","CP138090.1",8638671,8640420,1749,2190,1
"1051","GCA_036940615.1_ASM3694061v1_genomic","AT5G27970","CP138090.1",10060519,10071854,11335,14170,1
"1181","GCA_036940615.1_ASM3694061v1_genomic","AT1G49590","CP138086.1",23526345,23528334,1989,2487.5,1
"1253","GCA_036940615.1_ASM3694061v1_genomic","AT5G46910","CP138090.1",22305784,22310823,5039,6301.25,1
"1351","GCA_036940615.1_ASM3694061v1_genomic","AT1G77300","CP138086.1",34120391,34129912,9521,11916.25,1
"1451","GCA_036940615.1_ASM3694061v1_genomic","AT2G15560","CP138087.1",10267614,10269935,2321,2937.5,1
"1551","GCA_036940615.1_ASM3694061v1_genomic","AT3G27310","CP138088.1",10076824,10078978,2154,2693.75,1
"1651","GCA_036940615.1_ASM3694061v1_genomic","AT5G42950","CP138090.1",20567714,20574828,7114,8893.75,1
"1751","GCA_036940615.1_ASM3694061v1_genomic","AT5G47380","CP138090.1",22475699,22479076,3377,4223.75,1
"1851","GCA_036940615.1_ASM3694061v1_genomic","AT3G06035","CP138088.1",1831177,1832583,1406,1757.5,1
"1951","GCA_036940615.1_ASM3694061v1_genomic","AT2G38310","CP138087.1",19617404,19618842,1438,1798.75,1
"2051","GCA_036940615.1_ASM3694061v1_genomic","AT2G21100","CP138087.1",12520421,12521694,1273,1592.5,1
"2181","GCA_036940615.1_ASM3694061v1_genomic","AT1G27460","CP138086.1",9385687,9388813,3126,3908.75,1
"2253","GCA_036940615.1_ASM3694061v1_genomic","AT2G45320","CP138087.1",22239385,22241466,2081,2602.5,1
"2351","GCA_036940615.1_ASM3694061v1_genomic","AT1G30480","CP138086.1",10686349,10689045,2696,3380,1
"2451","GCA_036940615.1_ASM3694061v1_genomic","AT3G13840","CP138088.1",4554897,4556645,1748,2186.25,1
"2551","GCA_036940615.1_ASM3694061v1_genomic","AT5G38520","CP138090.1",18753756,18755897,2141,2678.75,1
"2651","GCA_036940615.1_ASM3694061v1_genomic","AT2G22260","CP138087.1",12992403,12995046,2643,3305,1
"2751","GCA_036940615.1_ASM3694061v1_genomic","AT1G49470","CP138086.1",23484504,23485791,1287,1608.75,1
"2851","GCA_036940615.1_ASM3694061v1_genomic","AT1G70560","CP138086.1",31688380,31691179,2799,3497.5,1
"2951","GCA_036940615.1_ASM3694061v1_genomic","AT3G10985","CP138088.1",3462008,3463395,1387,1805,1
"3051","GCA_036940615.1_ASM3694061v1_genomic","AT4G36390","CP138089.1",23089404,23092078,2674,3343.75,1
"3181","GCA_036940615.1_ASM3694061v1_genomic","AT4G34270","CP138089.1",22299439,22301898,2459,3075,1
"3253","GCA_036940615.1_ASM3694061v1_genomic","AT5G50000","CP138090.1",23610996,23613792,2796,3497.5,1
"3350","GCA_036940615.1_ASM3694061v1_genomic","AT1G30580","CP138086.1",10727794,10731754,3960,4953.75,1
"3451","GCA_036940615.1_ASM3694061v1_genomic","AT1G20070","CP138086.1",6942000,6943156,1156,1446.25,1
"3551","GCA_036940615.1_ASM3694061v1_genomic","AT3G25440","CP138088.1",9220013,9221830,1817,2273.75,1
"3651","GCA_036940615.1_ASM3694061v1_genomic","AT5G43680","CP138090.1",20866999,20868666,1667,2321.25,1
"3751","GCA_036940615.1_ASM3694061v1_genomic","AT1G67320","CP138086.1",30288800,30292622,3822,4778.75,1
"3851","GCA_036940615.1_ASM3694061v1_genomic","AT2G44950","CP138087.1",22103468,22109947,6479,8097.5,1
"3951","GCA_036940615.1_ASM3694061v1_genomic","AT5G24520","CP138090.1",8448866,8451396,2530,3163.75,1
"4051","GCA_036940615.1_ASM3694061v1_genomic","AT5G56890","CP138090.1",26230645,26236226,5581,6991.25,1
"4176","GCA_036940615.1_ASM3694061v1_genomic","AT1G24460","CP138086.1",8594285,8601060,6775,8472.5,1
"4252","GCA_036940615.1_ASM3694061v1_genomic","AT2G28800","CP138087.1",15927242,15930489,3247,4060,1
"4321","GCA_036940615.1_ASM3694061v1_genomic","AT5G13940","CP138090.1",4546694,4552184,5490,6863.75,1
"4751","GCA_036940615.1_ASM3694061v1_genomic","AT1G19220","CP138086.1",6612709,6618146,5437,6813.75,1
"4851","GCA_036940615.1_ASM3694061v1_genomic","AT5G01220","CP138090.1",93297,96875,3578,4468.75,1
"4951","GCA_036940615.1_ASM3694061v1_genomic","AT1G02460","CP138086.1",514198,516997,2799,3507.5,1
"5043","GCA_036940615.1_ASM3694061v1_genomic","AT1G04110","CP138086.1",1074073,1076585,2512,3141.25,1
"5130","GCA_036940615.1_ASM3694061v1_genomic","AT4G01880","CP138089.1",1460255,1462534,2279,2842.5,1
"5215","GCA_036940615.1_ASM3694061v1_genomic","AT2G24430","CP138087.1",13928565,13931671,3106,3911.25,1
"5310","GCA_036940615.1_ASM3694061v1_genomic","AT5G47870","CP138090.1",22636998,22638503,1505,1877.5,1
"1182","GCA_036940625.1_ASM3694062v1_genomic","AT2G27810","CP138092.1",14197721,14201978,4257,5322.5,1
"2182","GCA_036940625.1_ASM3694062v1_genomic","AT5G40530","CP138095.1",20380529,20382396,1867,2313.75,1
"3182","GCA_036940625.1_ASM3694062v1_genomic","AT3G26115","CP138093.1",9573973,9576202,2229,2787.5,1
"4177","GCA_036940625.1_ASM3694062v1_genomic","AT1G26750","CP138091.1",9093058,9094475,1417,1772.5,1
"560","GCA_036940625.1_ASM3694062v1_genomic","AT4G17540","CP138094.1",13394208,13396204,1996,2493.75,1
"652","GCA_036940625.1_ASM3694062v1_genomic","AT4G23950","CP138094.1",15983750,15986249,2499,3126.25,1
"752","GCA_036940625.1_ASM3694062v1_genomic","AT2G38360","CP138092.1",18412540,18413818,1278,1598.75,1
"852","GCA_036940625.1_ASM3694062v1_genomic","AT3G11090","CP138093.1",3523734,3524660,926,1158.75,1
"952","GCA_036940625.1_ASM3694062v1_genomic","AT5G24890","CP138095.1",8649637,8651384,1747,2190,1
"1052","GCA_036940625.1_ASM3694062v1_genomic","AT5G27970","CP138095.1",10122436,10133770,11334,14170,1
"1183","GCA_036940625.1_ASM3694062v1_genomic","AT1G49590","CP138091.1",21733903,21735892,1989,2487.5,1
"1254","GCA_036940625.1_ASM3694062v1_genomic","AT5G46910","CP138095.1",23197322,23202362,5040,6301.25,1
"1352","GCA_036940625.1_ASM3694062v1_genomic","AT1G77300","CP138091.1",32511280,32520741,9461,11916.25,1
"1452","GCA_036940625.1_ASM3694062v1_genomic","AT2G15560","CP138092.1",9103565,9105886,2321,2937.5,1
"1552","GCA_036940625.1_ASM3694062v1_genomic","AT3G27310","CP138093.1",10139994,10142148,2154,2693.75,1
"1652","GCA_036940625.1_ASM3694062v1_genomic","AT5G42950","CP138095.1",21381568,21388674,7106,8893.75,1
"1752","GCA_036940625.1_ASM3694062v1_genomic","AT5G47380","CP138095.1",23370562,23373940,3378,4223.75,1
"1852","GCA_036940625.1_ASM3694062v1_genomic","AT3G06035","CP138093.1",1853637,1855039,1402,1757.5,1
"1952","GCA_036940625.1_ASM3694062v1_genomic","AT2G38310","CP138092.1",18393069,18394507,1438,1798.75,1
"2052","GCA_036940625.1_ASM3694062v1_genomic","AT2G21100","CP138092.1",11362480,11363754,1274,1592.5,1
"2183","GCA_036940625.1_ASM3694062v1_genomic","AT1G27460","CP138091.1",9372162,9375287,3125,3908.75,1
"2254","GCA_036940625.1_ASM3694062v1_genomic","AT2G45320","CP138092.1",21029166,21031246,2080,2602.5,1
"2352","GCA_036940625.1_ASM3694062v1_genomic","AT1G30480","CP138091.1",10739775,10742463,2688,3380,1
"2452","GCA_036940625.1_ASM3694062v1_genomic","AT3G13840","CP138093.1",4578907,4580655,1748,2186.25,1
"2552","GCA_036940625.1_ASM3694062v1_genomic","AT5G38520","CP138095.1",19576385,19578537,2152,2678.75,1
"2652","GCA_036940625.1_ASM3694062v1_genomic","AT2G22260","CP138092.1",11802958,11805601,2643,3305,1
"2752","GCA_036940625.1_ASM3694062v1_genomic","AT1G49470","CP138091.1",21691180,21692466,1286,1608.75,1
"2852","GCA_036940625.1_ASM3694062v1_genomic","AT1G70560","CP138091.1",30035554,30038351,2797,3497.5,1
"2952","GCA_036940625.1_ASM3694062v1_genomic","AT3G10985","CP138093.1",3490678,3492117,1439,1805,1
"3052","GCA_036940625.1_ASM3694062v1_genomic","AT4G36390","CP138094.1",20852150,20854824,2674,3343.75,1
"3183","GCA_036940625.1_ASM3694062v1_genomic","AT4G34270","CP138094.1",20053128,20055573,2445,3075,1
"3254","GCA_036940625.1_ASM3694062v1_genomic","AT5G50000","CP138095.1",24492474,24495271,2797,3497.5,1
"3351","GCA_036940625.1_ASM3694062v1_genomic","AT1G30580","CP138091.1",10780496,10784456,3960,4953.75,1
"3452","GCA_036940625.1_ASM3694062v1_genomic","AT1G20070","CP138091.1",6908381,6909537,1156,1446.25,1
"3552","GCA_036940625.1_ASM3694062v1_genomic","AT3G25440","CP138093.1",9268846,9270662,1816,2273.75,1
"3652","GCA_036940625.1_ASM3694062v1_genomic","AT5G43680","CP138095.1",21686421,21688082,1661,2321.25,1
"3752","GCA_036940625.1_ASM3694062v1_genomic","AT1G67320","CP138091.1",28644942,28648764,3822,4778.75,1
"3852","GCA_036940625.1_ASM3694062v1_genomic","AT2G44950","CP138092.1",20890145,20896622,6477,8097.5,1
"3952","GCA_036940625.1_ASM3694062v1_genomic","AT5G24520","CP138095.1",8459842,8462372,2530,3163.75,1
"4052","GCA_036940625.1_ASM3694062v1_genomic","AT5G56890","CP138095.1",27136278,27141870,5592,6991.25,1
"4178","GCA_036940625.1_ASM3694062v1_genomic","AT1G24460","CP138091.1",8589220,8595995,6775,8472.5,1
"4253","GCA_036940625.1_ASM3694062v1_genomic","AT2G28800","CP138092.1",14701179,14704426,3247,4060,1
"4322","GCA_036940625.1_ASM3694062v1_genomic","AT5G13940","CP138095.1",4527282,4532794,5512,6863.75,1
"4427","GCA_036940625.1_ASM3694062v1_genomic","AT1G19220","CP138091.1",6581474,6586916,5442,6813.75,1
"4544","GCA_036940625.1_ASM3694062v1_genomic","AT5G01220","CP138095.1",83046,86621,3575,4468.75,1
"4651","GCA_036940625.1_ASM3694062v1_genomic","AT1G02460","CP138091.1",506371,509180,2809,3507.5,1
"4752","GCA_036940625.1_ASM3694062v1_genomic","AT1G04110","CP138091.1",1067692,1070204,2512,3141.25,1
"4852","GCA_036940625.1_ASM3694062v1_genomic","AT4G01880","CP138094.1",987463,989736,2273,2842.5,1
"4952","GCA_036940625.1_ASM3694062v1_genomic","AT2G24430","CP138092.1",12713051,12716157,3106,3911.25,1
"5044","GCA_036940625.1_ASM3694062v1_genomic","AT5G47870","CP138095.1",23533609,23535110,1501,1877.5,1
"1184","GCA_036940635.1_ASM3694063v1_genomic","AT2G27810","CP138097.1",13463022,13467292,4270,5322.5,1
"2184","GCA_036940635.1_ASM3694063v1_genomic","AT5G40530","CP138100.1",19301655,19303522,1867,2313.75,1
"3184","GCA_036940635.1_ASM3694063v1_genomic","AT3G26115","CP138098.1",9557812,9560041,2229,2787.5,1
"4179","GCA_036940635.1_ASM3694063v1_genomic","AT1G26750","CP138096.1",9133652,9135069,1417,1772.5,1
"561","GCA_036940635.1_ASM3694063v1_genomic","AT4G17540","CP138099.1",15831117,15833111,1994,2493.75,1
"653","GCA_036940635.1_ASM3694063v1_genomic","AT4G23950","CP138099.1",18395749,18398249,2500,3126.25,1
"753","GCA_036940635.1_ASM3694063v1_genomic","AT2G38360","CP138097.1",17663810,17665088,1278,1598.75,1
"853","GCA_036940635.1_ASM3694063v1_genomic","AT3G11090","CP138098.1",3510744,3511670,926,1158.75,1
"953","GCA_036940635.1_ASM3694063v1_genomic","AT5G24890","CP138100.1",8583869,8585617,1748,2190,1
"1053","GCA_036940635.1_ASM3694063v1_genomic","AT5G27970","CP138100.1",10051487,10062820,11333,14170,1
"1185","GCA_036940635.1_ASM3694063v1_genomic","AT1G49590","CP138096.1",22164320,22166306,1986,2487.5,1
"1255","GCA_036940635.1_ASM3694063v1_genomic","AT5G46910","CP138100.1",22045759,22050798,5039,6301.25,1
"1353","GCA_036940635.1_ASM3694063v1_genomic","AT1G77300","CP138096.1",32916834,32926366,9532,11916.25,1
"1453","GCA_036940635.1_ASM3694063v1_genomic","AT2G15560","CP138097.1",8350831,8353152,2321,2937.5,1
"1553","GCA_036940635.1_ASM3694063v1_genomic","AT3G27310","CP138098.1",10101348,10103502,2154,2693.75,1
"1653","GCA_036940635.1_ASM3694063v1_genomic","AT5G42950","CP138100.1",20320818,20327932,7114,8893.75,1
"1753","GCA_036940635.1_ASM3694063v1_genomic","AT5G47380","CP138100.1",22220790,22224168,3378,4223.75,1
"1853","GCA_036940635.1_ASM3694063v1_genomic","AT3G06035","CP138098.1",1845934,1847339,1405,1757.5,1
"1953","GCA_036940635.1_ASM3694063v1_genomic","AT2G38310","CP138097.1",17644347,17645785,1438,1798.75,1
"2053","GCA_036940635.1_ASM3694063v1_genomic","AT1G27460","CP138096.1",9414935,9418060,3125,3908.75,1
"2185","GCA_036940635.1_ASM3694063v1_genomic","AT2G45320","CP138097.1",20266279,20268360,2081,2602.5,1
"2255","GCA_036940635.1_ASM3694063v1_genomic","AT1G30480","CP138096.1",10712600,10715268,2668,3380,1
"2353","GCA_036940635.1_ASM3694063v1_genomic","AT3G13840","CP138098.1",4568532,4570280,1748,2186.25,1
"2453","GCA_036940635.1_ASM3694063v1_genomic","AT5G38520","CP138100.1",18489398,18491522,2124,2678.75,1
"2553","GCA_036940635.1_ASM3694063v1_genomic","AT2G22260","CP138097.1",11060344,11062987,2643,3305,1
"2653","GCA_036940635.1_ASM3694063v1_genomic","AT1G49470","CP138096.1",22120081,22121367,1286,1608.75,1
"2753","GCA_036940635.1_ASM3694063v1_genomic","AT1G70560","CP138096.1",30464942,30467739,2797,3497.5,1
"2853","GCA_036940635.1_ASM3694063v1_genomic","AT3G10985","CP138098.1",3478061,3479504,1443,1805,1
"2953","GCA_036940635.1_ASM3694063v1_genomic","AT4G36390","CP138099.1",23173588,23176262,2674,3343.75,1
"3053","GCA_036940635.1_ASM3694063v1_genomic","AT4G34270","CP138099.1",22380972,22383417,2445,3075,1
"3185","GCA_036940635.1_ASM3694063v1_genomic","AT5G50000","CP138100.1",23339546,23342344,2798,3497.5,1
"3255","GCA_036940635.1_ASM3694063v1_genomic","AT1G30580","CP138096.1",10753344,10757294,3950,4953.75,1
"3352","GCA_036940635.1_ASM3694063v1_genomic","AT1G20070","CP138096.1",6982696,6983852,1156,1446.25,1
"3453","GCA_036940635.1_ASM3694063v1_genomic","AT3G25440","CP138098.1",9248193,9250011,1818,2273.75,1
"3553","GCA_036940635.1_ASM3694063v1_genomic","AT5G43680","CP138100.1",20623649,20625492,1843,2321.25,1
"3653","GCA_036940635.1_ASM3694063v1_genomic","AT1G67320","CP138096.1",29045114,29048935,3821,4778.75,1
"3753","GCA_036940635.1_ASM3694063v1_genomic","AT2G44950","CP138097.1",20130769,20137246,6477,8097.5,1
"3853","GCA_036940635.1_ASM3694063v1_genomic","AT5G24520","CP138100.1",8398609,8401139,2530,3163.75,1
"3953","GCA_036940635.1_ASM3694063v1_genomic","AT5G56890","CP138100.1",25984562,25990153,5591,6991.25,1
"4053","GCA_036940635.1_ASM3694063v1_genomic","AT1G24460","CP138096.1",8637178,8643953,6775,8472.5,1
"4180","GCA_036940635.1_ASM3694063v1_genomic","AT2G28800","CP138097.1",13968243,13971490,3247,4060,1
"4254","GCA_036940635.1_ASM3694063v1_genomic","AT5G13940","CP138100.1",4500995,4506485,5490,6863.75,1
"4428","GCA_036940635.1_ASM3694063v1_genomic","AT1G19220","CP138096.1",6653406,6658860,5454,6813.75,1
"4545","GCA_036940635.1_ASM3694063v1_genomic","AT5G01220","CP138100.1",83033,86607,3574,4468.75,1
"4652","GCA_036940635.1_ASM3694063v1_genomic","AT1G02460","CP138096.1",507436,510225,2789,3507.5,1
"4753","GCA_036940635.1_ASM3694063v1_genomic","AT1G04110","CP138096.1",1067096,1069608,2512,3141.25,1
"4853","GCA_036940635.1_ASM3694063v1_genomic","AT4G01880","CP138099.1",1120139,1122411,2272,2842.5,1
"4953","GCA_036940635.1_ASM3694063v1_genomic","AT2G24430","CP138097.1",11987769,11990887,3118,3911.25,1
"5045","GCA_036940635.1_ASM3694063v1_genomic","AT5G47870","CP138100.1",22376516,22378021,1505,1877.5,1
"1186","GCA_036940645.1_ASM3694064v1_genomic","AT2G27810","CP138102.1",15769482,15773736,4254,5322.5,1
"2186","GCA_036940645.1_ASM3694064v1_genomic","AT5G40530","CP138105.1",23353776,23355643,1867,2313.75,1
"3186","GCA_036940645.1_ASM3694064v1_genomic","AT3G26115","CP138103.1",9641416,9643513,2097,2787.5,1
"4181","GCA_036940645.1_ASM3694064v1_genomic","AT1G26750","CP138101.1",9194436,9195853,1417,1772.5,1
"562","GCA_036940645.1_ASM3694064v1_genomic","AT4G17540","CP138104.1",15889195,15891189,1994,2493.75,1
"654","GCA_036940645.1_ASM3694064v1_genomic","AT4G23950","CP138104.1",18708829,18711329,2500,3126.25,1
"754","GCA_036940645.1_ASM3694064v1_genomic","AT2G38360","CP138102.1",20041524,20042802,1278,1598.75,1
"854","GCA_036940645.1_ASM3694064v1_genomic","AT3G11090","CP138103.1",3562921,3563847,926,1158.75,1
"954","GCA_036940645.1_ASM3694064v1_genomic","AT5G24890","CP138105.1",8635037,8636793,1756,2190,1
"1054","GCA_036940645.1_ASM3694064v1_genomic","AT5G27970","CP138105.1",10103887,10115222,11335,14170,1
"1187","GCA_036940645.1_ASM3694064v1_genomic","AT1G49590","CP138101.1",22184826,22186815,1989,2487.5,1
"1256","GCA_036940645.1_ASM3694064v1_genomic","AT5G46910","CP138105.1",26167259,26172295,5036,6301.25,1
"1354","GCA_036940645.1_ASM3694064v1_genomic","AT1G77300","CP138101.1",32980764,32990293,9529,11916.25,1
"1454","GCA_036940645.1_ASM3694064v1_genomic","AT2G15560","CP138102.1",10867814,10870162,2348,2937.5,1
"1554","GCA_036940645.1_ASM3694064v1_genomic","AT3G27310","CP138103.1",10190520,10192674,2154,2693.75,1
"1654","GCA_036940645.1_ASM3694064v1_genomic","AT5G42950","CP138105.1",24395398,24402509,7111,8893.75,1
"1754","GCA_036940645.1_ASM3694064v1_genomic","AT5G47380","CP138105.1",26341854,26345228,3374,4223.75,1
"1854","GCA_036940645.1_ASM3694064v1_genomic","AT3G06035","CP138103.1",1827298,1828703,1405,1757.5,1
"1954","GCA_036940645.1_ASM3694064v1_genomic","AT2G38310","CP138102.1",20022113,20023551,1438,1798.75,1
"2054","GCA_036940645.1_ASM3694064v1_genomic","AT1G27460","CP138101.1",9480835,9483997,3162,3908.75,1
"2187","GCA_036940645.1_ASM3694064v1_genomic","AT2G45320","CP138102.1",22685754,22687835,2081,2602.5,1
"2256","GCA_036940645.1_ASM3694064v1_genomic","AT1G30480","CP138101.1",10751953,10754649,2696,3380,1
"2354","GCA_036940645.1_ASM3694064v1_genomic","AT3G13840","CP138103.1",4648763,4650511,1748,2186.25,1
"2454","GCA_036940645.1_ASM3694064v1_genomic","AT5G38520","CP138105.1",22486000,22488127,2127,2678.75,1
"2554","GCA_036940645.1_ASM3694064v1_genomic","AT2G22260","CP138102.1",13376489,13379132,2643,3305,1
"2654","GCA_036940645.1_ASM3694064v1_genomic","AT1G49470","CP138101.1",22143085,22144371,1286,1608.75,1
"2754","GCA_036940645.1_ASM3694064v1_genomic","AT1G70560","CP138101.1",30534140,30536943,2803,3497.5,1
"2854","GCA_036940645.1_ASM3694064v1_genomic","AT3G10985","CP138103.1",3526176,3527616,1440,1805,1
"2954","GCA_036940645.1_ASM3694064v1_genomic","AT4G36390","CP138104.1",23679368,23682057,2689,3343.75,1
"3054","GCA_036940645.1_ASM3694064v1_genomic","AT4G34270","CP138104.1",22888819,22891264,2445,3075,1
"3187","GCA_036940645.1_ASM3694064v1_genomic","AT5G50000","CP138105.1",27480268,27483069,2801,3497.5,1
"3256","GCA_036940645.1_ASM3694064v1_genomic","AT1G30580","CP138101.1",10792628,10796587,3959,4953.75,1
"3353","GCA_036940645.1_ASM3694064v1_genomic","AT1G20070","CP138101.1",7010585,7011741,1156,1446.25,1
"3454","GCA_036940645.1_ASM3694064v1_genomic","AT3G25440","CP138103.1",9332335,9334134,1799,2273.75,1
"3554","GCA_036940645.1_ASM3694064v1_genomic","AT5G43680","CP138105.1",24691956,24693811,1855,2321.25,1
"3654","GCA_036940645.1_ASM3694064v1_genomic","AT1G67320","CP138101.1",29096325,29100147,3822,4778.75,1
"3754","GCA_036940645.1_ASM3694064v1_genomic","AT2G44950","CP138102.1",22549964,22556442,6478,8097.5,1
"3854","GCA_036940645.1_ASM3694064v1_genomic","AT5G24520","CP138105.1",8431446,8433976,2530,3163.75,1
"3954","GCA_036940645.1_ASM3694064v1_genomic","AT5G56890","CP138105.1",30121406,30126988,5582,6991.25,1
"4054","GCA_036940645.1_ASM3694064v1_genomic","AT1G24460","CP138101.1",8688290,8695065,6775,8472.5,1
"4182","GCA_036940645.1_ASM3694064v1_genomic","AT2G28800","CP138102.1",16278365,16281594,3229,4060,1
"4255","GCA_036940645.1_ASM3694064v1_genomic","AT5G13940","CP138105.1",4487175,4492629,5454,6863.75,1
"4546","GCA_036940645.1_ASM3694064v1_genomic","AT1G19220","CP138101.1",6691597,6697025,5428,6813.75,1
"4653","GCA_036940645.1_ASM3694064v1_genomic","AT5G01220","CP138105.1",82895,86484,3589,4468.75,1
"4754","GCA_036940645.1_ASM3694064v1_genomic","AT1G02460","CP138101.1",514810,517606,2796,3507.5,1
"4854","GCA_036940645.1_ASM3694064v1_genomic","AT1G04110","CP138101.1",1082610,1085122,2512,3141.25,1
"4954","GCA_036940645.1_ASM3694064v1_genomic","AT4G01880","CP138104.1",1241395,1243668,2273,2842.5,1
"5046","GCA_036940645.1_ASM3694064v1_genomic","AT2G24430","CP138102.1",14297358,14300493,3135,3911.25,1
"5131","GCA_036940645.1_ASM3694064v1_genomic","AT5G47870","CP138105.1",26504991,26506492,1501,1877.5,1
"1188","GCA_036940715.1_ASM3694071v1_genomic","AT2G27810","CP138107.1",13300330,13304587,4257,5322.5,1
"2188","GCA_036940715.1_ASM3694071v1_genomic","AT5G40530","CP138110.1",20557900,20559767,1867,2313.75,1
"3188","GCA_036940715.1_ASM3694071v1_genomic","AT3G26115","CP138108.1",9570038,9572267,2229,2787.5,1
"4183","GCA_036940715.1_ASM3694071v1_genomic","AT1G26750","CP138106.1",9125407,9126824,1417,1772.5,1
"563","GCA_036940715.1_ASM3694071v1_genomic","AT4G17540","CP138109.1",12624187,12626181,1994,2493.75,1
"655","GCA_036940715.1_ASM3694071v1_genomic","AT4G23950","CP138109.1",15238124,15240624,2500,3126.25,1
"755","GCA_036940715.1_ASM3694071v1_genomic","AT2G38360","CP138107.1",17497818,17499096,1278,1598.75,1
"855","GCA_036940715.1_ASM3694071v1_genomic","AT3G11090","CP138108.1",3511815,3512741,926,1158.75,1
"955","GCA_036940715.1_ASM3694071v1_genomic","AT5G24890","CP138110.1",8649836,8651583,1747,2190,1
"1055","GCA_036940715.1_ASM3694071v1_genomic","AT5G27970","CP138110.1",10117266,10128603,11337,14170,1
"1189","GCA_036940715.1_ASM3694071v1_genomic","AT1G49590","CP138106.1",22832301,22834290,1989,2487.5,1
"1257","GCA_036940715.1_ASM3694071v1_genomic","AT5G46910","CP138110.1",23313231,23318268,5037,6301.25,1
"1355","GCA_036940715.1_ASM3694071v1_genomic","AT1G77300","CP138106.1",33602346,33611870,9524,11916.25,1
"1455","GCA_036940715.1_ASM3694071v1_genomic","AT2G15560","CP138107.1",8237221,8239542,2321,2937.5,1
"1555","GCA_036940715.1_ASM3694071v1_genomic","AT3G27310","CP138108.1",10107514,10109667,2153,2693.75,1
"1655","GCA_036940715.1_ASM3694071v1_genomic","AT5G42950","CP138110.1",21576018,21583132,7114,8893.75,1
"1755","GCA_036940715.1_ASM3694071v1_genomic","AT5G47380","CP138110.1",23484358,23487736,3378,4223.75,1
"1855","GCA_036940715.1_ASM3694071v1_genomic","AT3G06035","CP138108.1",1852253,1853655,1402,1757.5,1
"1955","GCA_036940715.1_ASM3694071v1_genomic","AT2G38310","CP138107.1",17478360,17479798,1438,1798.75,1
"2055","GCA_036940715.1_ASM3694071v1_genomic","AT1G27460","CP138106.1",9413403,9416529,3126,3908.75,1
"2189","GCA_036940715.1_ASM3694071v1_genomic","AT2G45320","CP138107.1",20095676,20097756,2080,2602.5,1
"2257","GCA_036940715.1_ASM3694071v1_genomic","AT1G30480","CP138106.1",10678536,10681239,2703,3380,1
"2355","GCA_036940715.1_ASM3694071v1_genomic","AT3G13840","CP138108.1",4576536,4578284,1748,2186.25,1
"2455","GCA_036940715.1_ASM3694071v1_genomic","AT5G38520","CP138110.1",19652544,19654686,2142,2678.75,1
"2555","GCA_036940715.1_ASM3694071v1_genomic","AT2G22260","CP138107.1",10933748,10936391,2643,3305,1
"2655","GCA_036940715.1_ASM3694071v1_genomic","AT1G49470","CP138106.1",22787932,22789218,1286,1608.75,1
"2755","GCA_036940715.1_ASM3694071v1_genomic","AT1G70560","CP138106.1",31148874,31151673,2799,3497.5,1
"2855","GCA_036940715.1_ASM3694071v1_genomic","AT3G10985","CP138108.1",3478748,3480191,1443,1805,1
"2955","GCA_036940715.1_ASM3694071v1_genomic","AT4G36390","CP138109.1",20027513,20030185,2672,3343.75,1
"3055","GCA_036940715.1_ASM3694071v1_genomic","AT4G34270","CP138109.1",19238664,19241123,2459,3075,1
"3189","GCA_036940715.1_ASM3694071v1_genomic","AT5G50000","CP138110.1",24589700,24592499,2799,3497.5,1
"3257","GCA_036940715.1_ASM3694071v1_genomic","AT1G30580","CP138106.1",11271117,11275077,3960,4953.75,1
"3354","GCA_036940715.1_ASM3694071v1_genomic","AT1G20070","CP138106.1",6948219,6949375,1156,1446.25,1
"3555","GCA_036940715.1_ASM3694071v1_genomic","AT3G25440","CP138108.1",9252453,9254273,1820,2273.75,1
"3655","GCA_036940715.1_ASM3694071v1_genomic","AT5G43680","CP138110.1",21866349,21868016,1667,2321.25,1
"3755","GCA_036940715.1_ASM3694071v1_genomic","AT1G67320","CP138106.1",29740407,29744230,3823,4778.75,1
"3855","GCA_036940715.1_ASM3694071v1_genomic","AT2G44950","CP138107.1",19957923,19964400,6477,8097.5,1
"3955","GCA_036940715.1_ASM3694071v1_genomic","AT5G24520","CP138110.1",8455552,8458082,2530,3163.75,1
"4055","GCA_036940715.1_ASM3694071v1_genomic","AT5G56890","CP138110.1",27217964,27223555,5591,6991.25,1
"4184","GCA_036940715.1_ASM3694071v1_genomic","AT1G24460","CP138106.1",8618291,8625066,6775,8472.5,1
"4256","GCA_036940715.1_ASM3694071v1_genomic","AT2G28800","CP138107.1",13803498,13806732,3234,4060,1
"4323","GCA_036940715.1_ASM3694071v1_genomic","AT5G13940","CP138110.1",4527347,4532858,5511,6863.75,1
"4547","GCA_036940715.1_ASM3694071v1_genomic","AT1G19220","CP138106.1",6620446,6625888,5442,6813.75,1
"4654","GCA_036940715.1_ASM3694071v1_genomic","AT5G01220","CP138110.1",82574,86149,3575,4468.75,1
"4755","GCA_036940715.1_ASM3694071v1_genomic","AT1G02460","CP138106.1",509497,512312,2815,3507.5,1
"4855","GCA_036940715.1_ASM3694071v1_genomic","AT1G04110","CP138106.1",1068669,1071181,2512,3141.25,1
"4955","GCA_036940715.1_ASM3694071v1_genomic","AT4G01880","CP138109.1",908323,910596,2273,2842.5,1
"5047","GCA_036940715.1_ASM3694071v1_genomic","AT2G24430","CP138107.1",11866289,11869416,3127,3911.25,1
"5132","GCA_036940715.1_ASM3694071v1_genomic","AT5G47870","CP138110.1",23646165,23647670,1505,1877.5,1
"1190","GCA_036940825.1_ASM3694082v1_genomic","AT2G27810","CP138112.1",15099173,15103444,4271,5322.5,1
"2190","GCA_036940825.1_ASM3694082v1_genomic","AT5G40530","CP138115.1",20696169,20698036,1867,2313.75,1
"3190","GCA_036940825.1_ASM3694082v1_genomic","AT3G26115","CP138113.1",9470255,9472457,2202,2787.5,1
"4185","GCA_036940825.1_ASM3694082v1_genomic","AT1G26750","CP138111.1",9161205,9162638,1433,1772.5,1
"564","GCA_036940825.1_ASM3694082v1_genomic","AT4G17540","CP138114.1",12729045,12731052,2007,2493.75,1
"656","GCA_036940825.1_ASM3694082v1_genomic","AT4G23950","CP138114.1",15372248,15374763,2515,3126.25,1
"756","GCA_036940825.1_ASM3694082v1_genomic","AT2G38360","CP138112.1",19298766,19300044,1278,1598.75,1
"856","GCA_036940825.1_ASM3694082v1_genomic","AT3G11090","CP138113.1",3485911,3486837,926,1158.75,1
"956","GCA_036940825.1_ASM3694082v1_genomic","AT5G24890","CP138115.1",8600990,8602741,1751,2190,1
"1056","GCA_036940825.1_ASM3694082v1_genomic","AT5G27970","CP138115.1",10092185,10103516,11331,14170,1
"1191","GCA_036940825.1_ASM3694082v1_genomic","AT1G49590","CP138111.1",21960658,21962647,1989,2487.5,1
"1258","GCA_036940825.1_ASM3694082v1_genomic","AT5G46910","CP138115.1",23513475,23518507,5032,6301.25,1
"1356","GCA_036940825.1_ASM3694082v1_genomic","AT1G77300","CP138111.1",32699572,32709097,9525,11916.25,1
"1456","GCA_036940825.1_ASM3694082v1_genomic","AT2G15560","CP138112.1",10002339,10004660,2321,2937.5,1
"1556","GCA_036940825.1_ASM3694082v1_genomic","AT3G27310","CP138113.1",10008900,10011054,2154,2693.75,1
"1656","GCA_036940825.1_ASM3694082v1_genomic","AT5G42950","CP138115.1",21709743,21716849,7106,8893.75,1
"1756","GCA_036940825.1_ASM3694082v1_genomic","AT5G47380","CP138115.1",23688843,23692222,3379,4223.75,1
"1856","GCA_036940825.1_ASM3694082v1_genomic","AT3G06035","CP138113.1",1831772,1833178,1406,1757.5,1
"1956","GCA_036940825.1_ASM3694082v1_genomic","AT2G38310","CP138112.1",19279346,19280784,1438,1798.75,1
"2056","GCA_036940825.1_ASM3694082v1_genomic","AT1G27460","CP138111.1",9434688,9437814,3126,3908.75,1
"2191","GCA_036940825.1_ASM3694082v1_genomic","AT2G45320","CP138112.1",21890618,21892699,2081,2602.5,1
"2258","GCA_036940825.1_ASM3694082v1_genomic","AT1G30480","CP138111.1",10693303,10696004,2701,3380,1
"2356","GCA_036940825.1_ASM3694082v1_genomic","AT3G13840","CP138113.1",4545216,4546964,1748,2186.25,1
"2456","GCA_036940825.1_ASM3694082v1_genomic","AT5G38520","CP138115.1",19873930,19876058,2128,2678.75,1
"2556","GCA_036940825.1_ASM3694082v1_genomic","AT2G22260","CP138112.1",12732134,12734777,2643,3305,1
"2656","GCA_036940825.1_ASM3694082v1_genomic","AT1G49470","CP138111.1",21917334,21918620,1286,1608.75,1
"2756","GCA_036940825.1_ASM3694082v1_genomic","AT1G70560","CP138111.1",30276688,30279485,2797,3497.5,1
"2856","GCA_036940825.1_ASM3694082v1_genomic","AT3G10985","CP138113.1",3452854,3454295,1441,1805,1
"2956","GCA_036940825.1_ASM3694082v1_genomic","AT4G36390","CP138114.1",20188903,20191577,2674,3343.75,1
"3056","GCA_036940825.1_ASM3694082v1_genomic","AT4G34270","CP138114.1",19385144,19387602,2458,3075,1
"3191","GCA_036940825.1_ASM3694082v1_genomic","AT5G50000","CP138115.1",24799258,24802055,2797,3497.5,1
"3258","GCA_036940825.1_ASM3694082v1_genomic","AT1G30580","CP138111.1",10734070,10738030,3960,4953.75,1
"3355","GCA_036940825.1_ASM3694082v1_genomic","AT1G20070","CP138111.1",6955934,6957090,1156,1446.25,1
"3455","GCA_036940825.1_ASM3694082v1_genomic","AT3G25440","CP138113.1",9146936,9148753,1817,2273.75,1
"3556","GCA_036940825.1_ASM3694082v1_genomic","AT5G43680","CP138115.1",22025239,22027094,1855,2321.25,1
"3656","GCA_036940825.1_ASM3694082v1_genomic","AT1G67320","CP138111.1",28857879,28861701,3822,4778.75,1
"3756","GCA_036940825.1_ASM3694082v1_genomic","AT2G44950","CP138112.1",21751747,21758224,6477,8097.5,1
"3856","GCA_036940825.1_ASM3694082v1_genomic","AT5G24520","CP138115.1",8410514,8413044,2530,3163.75,1
"3956","GCA_036940825.1_ASM3694082v1_genomic","AT5G56890","CP138115.1",27451352,27456942,5590,6991.25,1
"4056","GCA_036940825.1_ASM3694082v1_genomic","AT1G24460","CP138111.1",8651259,8658034,6775,8472.5,1
"4186","GCA_036940825.1_ASM3694082v1_genomic","AT2G28800","CP138112.1",15600911,15604145,3234,4060,1
"4257","GCA_036940825.1_ASM3694082v1_genomic","AT5G13940","CP138115.1",4518534,4524024,5490,6863.75,1
"4324","GCA_036940825.1_ASM3694082v1_genomic","AT1G19220","CP138111.1",6629524,6634963,5439,6813.75,1
"4429","GCA_036940825.1_ASM3694082v1_genomic","AT5G01220","CP138115.1",84153,87726,3573,4468.75,1
"4548","GCA_036940825.1_ASM3694082v1_genomic","AT1G02460","CP138111.1",511457,514253,2796,3507.5,1
"4655","GCA_036940825.1_ASM3694082v1_genomic","AT1G04110","CP138111.1",1073570,1076082,2512,3141.25,1
"4756","GCA_036940825.1_ASM3694082v1_genomic","AT4G01880","CP138114.1",911437,913709,2272,2842.5,1
"4856","GCA_036940825.1_ASM3694082v1_genomic","AT2G24430","CP138112.1",13661989,13665110,3121,3911.25,1
"4956","GCA_036940825.1_ASM3694082v1_genomic","AT5G47870","CP138115.1",23847892,23849398,1506,1877.5,1
"1192","GCA_036940995.1_ASM3694099v1_genomic","AT2G27810","CP138117.1",15291543,15295811,4268,5322.5,1
"2192","GCA_036940995.1_ASM3694099v1_genomic","AT5G40530","CP138120.1",22518303,22520170,1867,2313.75,1
"3192","GCA_036940995.1_ASM3694099v1_genomic","AT3G26115","CP138118.1",9607748,9609846,2098,2787.5,1
"4187","GCA_036940995.1_ASM3694099v1_genomic","AT1G26750","CP138116.1",9079557,9080974,1417,1772.5,1
"565","GCA_036940995.1_ASM3694099v1_genomic","AT4G17540","CP138119.1",13465826,13467820,1994,2493.75,1
"657","GCA_036940995.1_ASM3694099v1_genomic","AT4G23950","CP138119.1",16094924,16097424,2500,3126.25,1
"757","GCA_036940995.1_ASM3694099v1_genomic","AT2G38360","CP138117.1",19496420,19497698,1278,1598.75,1
"857","GCA_036940995.1_ASM3694099v1_genomic","AT3G11090","CP138118.1",3559211,3560137,926,1158.75,1
"957","GCA_036940995.1_ASM3694099v1_genomic","AT5G24890","CP138120.1",8658527,8660283,1756,2190,1
"1057","GCA_036940995.1_ASM3694099v1_genomic","AT5G27970","CP138120.1",10088287,10099622,11335,14170,1
"1193","GCA_036940995.1_ASM3694099v1_genomic","AT1G49590","CP138116.1",24226676,24228665,1989,2487.5,1
"1259","GCA_036940995.1_ASM3694099v1_genomic","AT5G46910","CP138120.1",25304599,25309642,5043,6301.25,1
"1357","GCA_036940995.1_ASM3694099v1_genomic","AT1G77300","CP138116.1",34897751,34907271,9520,11916.25,1
"1457","GCA_036940995.1_ASM3694099v1_genomic","AT2G15560","CP138117.1",10108722,10111073,2351,2937.5,1
"1557","GCA_036940995.1_ASM3694099v1_genomic","AT3G27310","CP138118.1",10172016,10174169,2153,2693.75,1
"1657","GCA_036940995.1_ASM3694099v1_genomic","AT5G42950","CP138120.1",23532988,23540104,7116,8893.75,1
"1757","GCA_036940995.1_ASM3694099v1_genomic","AT5G47380","CP138120.1",25477765,25481144,3379,4223.75,1
"1857","GCA_036940995.1_ASM3694099v1_genomic","AT3G06035","CP138118.1",1849599,1851005,1406,1757.5,1
"1957","GCA_036940995.1_ASM3694099v1_genomic","AT2G38310","CP138117.1",19476953,19478382,1429,1798.75,1
"2057","GCA_036940995.1_ASM3694099v1_genomic","AT1G27460","CP138116.1",9354126,9357252,3126,3908.75,1
"2193","GCA_036940995.1_ASM3694099v1_genomic","AT2G45320","CP138117.1",22107636,22109685,2049,2602.5,1
"2259","GCA_036940995.1_ASM3694099v1_genomic","AT1G30480","CP138116.1",10569587,10572282,2695,3380,1
"2357","GCA_036940995.1_ASM3694099v1_genomic","AT3G13840","CP138118.1",4608346,4610094,1748,2186.25,1
"2457","GCA_036940995.1_ASM3694099v1_genomic","AT5G38520","CP138120.1",21623438,21625580,2142,2678.75,1
"2557","GCA_036940995.1_ASM3694099v1_genomic","AT2G22260","CP138117.1",12857767,12860410,2643,3305,1
"2657","GCA_036940995.1_ASM3694099v1_genomic","AT1G49470","CP138116.1",24184165,24185451,1286,1608.75,1
"2757","GCA_036940995.1_ASM3694099v1_genomic","AT1G70560","CP138116.1",32430761,32433560,2799,3497.5,1
"2857","GCA_036940995.1_ASM3694099v1_genomic","AT3G10985","CP138118.1",3526668,3528081,1413,1805,1
"2957","GCA_036940995.1_ASM3694099v1_genomic","AT4G36390","CP138119.1",20912104,20914764,2660,3343.75,1
"3057","GCA_036940995.1_ASM3694099v1_genomic","AT4G34270","CP138119.1",20121082,20123527,2445,3075,1
"3193","GCA_036940995.1_ASM3694099v1_genomic","AT5G50000","CP138120.1",26615582,26618379,2797,3497.5,1
"3259","GCA_036940995.1_ASM3694099v1_genomic","AT1G30580","CP138116.1",10610381,10614343,3962,4953.75,1
"3356","GCA_036940995.1_ASM3694099v1_genomic","AT1G20070","CP138116.1",6924266,6925422,1156,1446.25,1
"3456","GCA_036940995.1_ASM3694099v1_genomic","AT3G25440","CP138118.1",9298914,9300731,1817,2273.75,1
"3557","GCA_036940995.1_ASM3694099v1_genomic","AT5G43680","CP138120.1",23837646,23839474,1828,2321.25,1
"3657","GCA_036940995.1_ASM3694099v1_genomic","AT1G67320","CP138116.1",31027656,31031470,3814,4778.75,1
"3757","GCA_036940995.1_ASM3694099v1_genomic","AT2G44950","CP138117.1",21968074,21974552,6478,8097.5,1
"3857","GCA_036940995.1_ASM3694099v1_genomic","AT5G24520","CP138120.1",8469183,8471606,2423,3163.75,1
"3957","GCA_036940995.1_ASM3694099v1_genomic","AT5G56890","CP138120.1",29275911,29281500,5589,6991.25,1
"4057","GCA_036940995.1_ASM3694099v1_genomic","AT1G24460","CP138116.1",8575743,8582518,6775,8472.5,1
"4188","GCA_036940995.1_ASM3694099v1_genomic","AT2G28800","CP138117.1",15802247,15805495,3248,4060,1
"4258","GCA_036940995.1_ASM3694099v1_genomic","AT5G13940","CP138120.1",4551802,4556811,5009,6863.75,1
"4430","GCA_036940995.1_ASM3694099v1_genomic","AT1G19220","CP138116.1",6606591,6611896,5305,6813.75,1
"4549","GCA_036940995.1_ASM3694099v1_genomic","AT5G01220","CP138120.1",86243,89817,3574,4468.75,1
"4656","GCA_036940995.1_ASM3694099v1_genomic","AT1G02460","CP138116.1",507410,510208,2798,3507.5,1
"4757","GCA_036940995.1_ASM3694099v1_genomic","AT1G04110","CP138116.1",1072393,1074905,2512,3141.25,1
"4857","GCA_036940995.1_ASM3694099v1_genomic","AT4G01880","CP138119.1",919446,921719,2273,2842.5,1
"4957","GCA_036940995.1_ASM3694099v1_genomic","AT2G24430","CP138117.1",13804123,13807228,3105,3911.25,1
"5048","GCA_036940995.1_ASM3694099v1_genomic","AT5G47870","CP138120.1",25635426,25636903,1477,1877.5,1
"1194","GCA_036941165.1_ASM3694116v1_genomic","AT2G27810","CP138122.1",15732965,15737235,4270,5322.5,1
"2194","GCA_036941165.1_ASM3694116v1_genomic","AT5G40530","CP138125.1",23786414,23788279,1865,2313.75,1
"3194","GCA_036941165.1_ASM3694116v1_genomic","AT3G26115","CP138123.1",9650867,9653070,2203,2787.5,1
"4189","GCA_036941165.1_ASM3694116v1_genomic","AT1G26750","CP138121.1",9131261,9132678,1417,1772.5,1
"566","GCA_036941165.1_ASM3694116v1_genomic","AT4G17540","CP138124.1",12902268,12904259,1991,2493.75,1
"658","GCA_036941165.1_ASM3694116v1_genomic","AT4G23950","CP138124.1",15676739,15679239,2500,3126.25,1
"758","GCA_036941165.1_ASM3694116v1_genomic","AT2G38360","CP138122.1",20013471,20014749,1278,1598.75,1
"858","GCA_036941165.1_ASM3694116v1_genomic","AT3G11090","CP138123.1",3565598,3566524,926,1158.75,1
"958","GCA_036941165.1_ASM3694116v1_genomic","AT5G24890","CP138125.1",8706634,8708389,1755,2190,1
"1058","GCA_036941165.1_ASM3694116v1_genomic","AT5G27970","CP138125.1",10151376,10162713,11337,14170,1
"1195","GCA_036941165.1_ASM3694116v1_genomic","AT1G49590","CP138121.1",21982136,21984125,1989,2487.5,1
"1260","GCA_036941165.1_ASM3694116v1_genomic","AT5G46910","CP138125.1",26539250,26544289,5039,6301.25,1
"1358","GCA_036941165.1_ASM3694116v1_genomic","AT1G77300","CP138121.1",32549698,32559226,9528,11916.25,1
"1458","GCA_036941165.1_ASM3694116v1_genomic","AT2G15560","CP138122.1",10584986,10587337,2351,2937.5,1
"1558","GCA_036941165.1_ASM3694116v1_genomic","AT3G27310","CP138123.1",10207413,10209566,2153,2693.75,1
"1658","GCA_036941165.1_ASM3694116v1_genomic","AT5G42950","CP138125.1",24799619,24806721,7102,8893.75,1
"1758","GCA_036941165.1_ASM3694116v1_genomic","AT5G47380","CP138125.1",26709391,26712769,3378,4223.75,1
"1858","GCA_036941165.1_ASM3694116v1_genomic","AT3G06035","CP138123.1",1875358,1876764,1406,1757.5,1
"1958","GCA_036941165.1_ASM3694116v1_genomic","AT2G38310","CP138122.1",19994006,19995446,1440,1798.75,1
"2058","GCA_036941165.1_ASM3694116v1_genomic","AT1G27460","CP138121.1",9413267,9416393,3126,3908.75,1
"2195","GCA_036941165.1_ASM3694116v1_genomic","AT2G45320","CP138122.1",22648586,22650667,2081,2602.5,1
"2260","GCA_036941165.1_ASM3694116v1_genomic","AT1G30480","CP138121.1",10633469,10636066,2597,3380,1
"2358","GCA_036941165.1_ASM3694116v1_genomic","AT3G13840","CP138123.1",4652222,4653970,1748,2186.25,1
"2458","GCA_036941165.1_ASM3694116v1_genomic","AT5G38520","CP138125.1",22886057,22888197,2140,2678.75,1
"2558","GCA_036941165.1_ASM3694116v1_genomic","AT2G22260","CP138122.1",13320987,13323630,2643,3305,1
"2658","GCA_036941165.1_ASM3694116v1_genomic","AT1G49470","CP138121.1",21940179,21941465,1286,1608.75,1
"2758","GCA_036941165.1_ASM3694116v1_genomic","AT1G70560","CP138121.1",30078955,30081752,2797,3497.5,1
"2858","GCA_036941165.1_ASM3694116v1_genomic","AT3G10985","CP138123.1",3532150,3533530,1380,1805,1
"2958","GCA_036941165.1_ASM3694116v1_genomic","AT4G36390","CP138124.1",20464220,20466894,2674,3343.75,1
"3058","GCA_036941165.1_ASM3694116v1_genomic","AT4G34270","CP138124.1",19659695,19662140,2445,3075,1
"3195","GCA_036941165.1_ASM3694116v1_genomic","AT5G50000","CP138125.1",27825964,27828761,2797,3497.5,1
"3260","GCA_036941165.1_ASM3694116v1_genomic","AT1G30580","CP138121.1",10674449,10678459,4010,4953.75,1
"3357","GCA_036941165.1_ASM3694116v1_genomic","AT1G20070","CP138121.1",6962014,6963170,1156,1446.25,1
"3457","GCA_036941165.1_ASM3694116v1_genomic","AT3G25440","CP138123.1",9345520,9347336,1816,2273.75,1
"3558","GCA_036941165.1_ASM3694116v1_genomic","AT5G43680","CP138125.1",25108574,25110252,1678,2321.25,1
"3658","GCA_036941165.1_ASM3694116v1_genomic","AT1G67320","CP138121.1",28673058,28676879,3821,4778.75,1
"3758","GCA_036941165.1_ASM3694116v1_genomic","AT2G44950","CP138122.1",22511524,22518001,6477,8097.5,1
"3858","GCA_036941165.1_ASM3694116v1_genomic","AT5G24520","CP138125.1",8510487,8513017,2530,3163.75,1
"3958","GCA_036941165.1_ASM3694116v1_genomic","AT5G56890","CP138125.1",30470868,30476457,5589,6991.25,1
"4058","GCA_036941165.1_ASM3694116v1_genomic","AT1G24460","CP138121.1",8625070,8631845,6775,8472.5,1
"4190","GCA_036941165.1_ASM3694116v1_genomic","AT2G28800","CP138122.1",16262938,16266180,3242,4060,1
"4259","GCA_036941165.1_ASM3694116v1_genomic","AT5G13940","CP138125.1",4493904,4499310,5406,6863.75,1
"4657","GCA_036941165.1_ASM3694116v1_genomic","AT1G19220","CP138121.1",6635874,6641327,5453,6813.75,1
"4758","GCA_036941165.1_ASM3694116v1_genomic","AT5G01220","CP138125.1",86575,90164,3589,4468.75,1
"4858","GCA_036941165.1_ASM3694116v1_genomic","AT1G02460","CP138121.1",509790,512573,2783,3507.5,1
"4958","GCA_036941165.1_ASM3694116v1_genomic","AT1G04110","CP138121.1",1079389,1081901,2512,3141.25,1
"5049","GCA_036941165.1_ASM3694116v1_genomic","AT4G01880","CP138124.1",964801,967074,2273,2842.5,1
"5133","GCA_036941165.1_ASM3694116v1_genomic","AT2G24430","CP138122.1",14249893,14253003,3110,3911.25,1
"5216","GCA_036941165.1_ASM3694116v1_genomic","AT5G47870","CP138125.1",26869066,26870570,1504,1877.5,1
"1196","GCA_036941295.1_ASM3694129v1_genomic","AT2G27810","CP138127.1",15331974,15336231,4257,5322.5,1
"2196","GCA_036941295.1_ASM3694129v1_genomic","AT5G40530","CP138130.1",21038794,21040660,1866,2313.75,1
"3196","GCA_036941295.1_ASM3694129v1_genomic","AT3G26115","CP138128.1",9455738,9457969,2231,2787.5,1
"4191","GCA_036941295.1_ASM3694129v1_genomic","AT1G26750","CP138126.1",9120538,9121955,1417,1772.5,1
"567","GCA_036941295.1_ASM3694129v1_genomic","AT4G17540","CP138129.1",13825145,13827131,1986,2493.75,1
"659","GCA_036941295.1_ASM3694129v1_genomic","AT4G23950","CP138129.1",16420173,16422673,2500,3126.25,1
"759","GCA_036941295.1_ASM3694129v1_genomic","AT2G38360","CP138127.1",19553165,19554443,1278,1598.75,1
"859","GCA_036941295.1_ASM3694129v1_genomic","AT3G11090","CP138128.1",3486237,3487163,926,1158.75,1
"959","GCA_036941295.1_ASM3694129v1_genomic","AT5G24890","CP138130.1",8578524,8580274,1750,2190,1
"1059","GCA_036941295.1_ASM3694129v1_genomic","AT5G27970","CP138130.1",10153269,10164880,11611,14170,1
"1197","GCA_036941295.1_ASM3694129v1_genomic","AT1G49590","CP138126.1",22838820,22840809,1989,2487.5,1
"1261","GCA_036941295.1_ASM3694129v1_genomic","AT5G46910","CP138130.1",23781591,23786631,5040,6301.25,1
"1359","GCA_036941295.1_ASM3694129v1_genomic","AT1G77300","CP138126.1",33446521,33456041,9520,11916.25,1
"1459","GCA_036941295.1_ASM3694129v1_genomic","AT2G15560","CP138127.1",10202469,10204790,2321,2937.5,1
"1559","GCA_036941295.1_ASM3694129v1_genomic","AT3G27310","CP138128.1",9984281,9986435,2154,2693.75,1
"1659","GCA_036941295.1_ASM3694129v1_genomic","AT5G42950","CP138130.1",22038475,22045587,7112,8893.75,1
"1759","GCA_036941295.1_ASM3694129v1_genomic","AT5G47380","CP138130.1",23956481,23959858,3377,4223.75,1
"1859","GCA_036941295.1_ASM3694129v1_genomic","AT3G06035","CP138128.1",1831070,1832476,1406,1757.5,1
"1959","GCA_036941295.1_ASM3694129v1_genomic","AT2G38310","CP138127.1",19533697,19535135,1438,1798.75,1
"2059","GCA_036941295.1_ASM3694129v1_genomic","AT1G27460","CP138126.1",9399160,9402286,3126,3908.75,1
"2197","GCA_036941295.1_ASM3694129v1_genomic","AT2G45320","CP138127.1",22167955,22170035,2080,2602.5,1
"2261","GCA_036941295.1_ASM3694129v1_genomic","AT1G30480","CP138126.1",10654275,10656978,2703,3380,1
"2359","GCA_036941295.1_ASM3694129v1_genomic","AT3G13840","CP138128.1",4559645,4561393,1748,2186.25,1
"2459","GCA_036941295.1_ASM3694129v1_genomic","AT5G38520","CP138130.1",20228929,20231066,2137,2678.75,1
"2559","GCA_036941295.1_ASM3694129v1_genomic","AT2G22260","CP138127.1",12936029,12938672,2643,3305,1
"2659","GCA_036941295.1_ASM3694129v1_genomic","AT1G49470","CP138126.1",22796207,22797493,1286,1608.75,1
"2759","GCA_036941295.1_ASM3694129v1_genomic","AT1G70560","CP138126.1",31012906,31015707,2801,3497.5,1
"2859","GCA_036941295.1_ASM3694129v1_genomic","AT3G10985","CP138128.1",3454063,3455503,1440,1805,1
"2959","GCA_036941295.1_ASM3694129v1_genomic","AT4G36390","CP138129.1",21198012,21200686,2674,3343.75,1
"3059","GCA_036941295.1_ASM3694129v1_genomic","AT4G34270","CP138129.1",20380497,20382942,2445,3075,1
"3197","GCA_036941295.1_ASM3694129v1_genomic","AT5G50000","CP138130.1",25058073,25060870,2797,3497.5,1
"3261","GCA_036941295.1_ASM3694129v1_genomic","AT1G30580","CP138126.1",10695912,10699872,3960,4953.75,1
"3358","GCA_036941295.1_ASM3694129v1_genomic","AT1G20070","CP138126.1",6958456,6959612,1156,1446.25,1
"3458","GCA_036941295.1_ASM3694129v1_genomic","AT3G25440","CP138128.1",9146041,9147861,1820,2273.75,1
"3559","GCA_036941295.1_ASM3694129v1_genomic","AT5G43680","CP138130.1",22350042,22351897,1855,2321.25,1
"3659","GCA_036941295.1_ASM3694129v1_genomic","AT1G67320","CP138126.1",29609721,29613543,3822,4778.75,1
"3759","GCA_036941295.1_ASM3694129v1_genomic","AT2G44950","CP138127.1",22030164,22036641,6477,8097.5,1
"3859","GCA_036941295.1_ASM3694129v1_genomic","AT5G24520","CP138130.1",8389993,8392521,2528,3163.75,1
"3959","GCA_036941295.1_ASM3694129v1_genomic","AT5G56890","CP138130.1",27676410,27681999,5589,6991.25,1
"4059","GCA_036941295.1_ASM3694129v1_genomic","AT1G24460","CP138126.1",8623390,8630165,6775,8472.5,1
"4192","GCA_036941295.1_ASM3694129v1_genomic","AT2G28800","CP138127.1",15835455,15838702,3247,4060,1
"4260","GCA_036941295.1_ASM3694129v1_genomic","AT5G13940","CP138130.1",4489467,4494975,5508,6863.75,1
"4325","GCA_036941295.1_ASM3694129v1_genomic","AT1G19220","CP138126.1",6629920,6635368,5448,6813.75,1
"4431","GCA_036941295.1_ASM3694129v1_genomic","AT5G01220","CP138130.1",87845,91420,3575,4468.75,1
"4550","GCA_036941295.1_ASM3694129v1_genomic","AT1G02460","CP138126.1",513774,516583,2809,3507.5,1
"4658","GCA_036941295.1_ASM3694129v1_genomic","AT1G04110","CP138126.1",1070703,1073215,2512,3141.25,1
"4759","GCA_036941295.1_ASM3694129v1_genomic","AT4G01880","CP138129.1",1190963,1193236,2273,2842.5,1
"4859","GCA_036941295.1_ASM3694129v1_genomic","AT2G24430","CP138127.1",13847350,13850456,3106,3911.25,1
"4959","GCA_036941295.1_ASM3694129v1_genomic","AT5G47870","CP138130.1",24113995,24115497,1502,1877.5,1
"1198","GCA_036941465.1_ASM3694146v1_genomic","AT2G27810","CP138132.1",15608255,15612510,4255,5322.5,1
"2198","GCA_036941465.1_ASM3694146v1_genomic","AT5G40530","CP138135.1",20945718,20947585,1867,2313.75,1
"3198","GCA_036941465.1_ASM3694146v1_genomic","AT3G26115","CP138133.1",9654182,9656384,2202,2787.5,1
"4193","GCA_036941465.1_ASM3694146v1_genomic","AT1G26750","CP138131.1",9191882,9193311,1429,1772.5,1
"568","GCA_036941465.1_ASM3694146v1_genomic","AT4G17540","CP138134.1",14665709,14667703,1994,2493.75,1
"660","GCA_036941465.1_ASM3694146v1_genomic","AT4G23950","CP138134.1",17244385,17246885,2500,3126.25,1
"760","GCA_036941465.1_ASM3694146v1_genomic","AT2G38360","CP138132.1",19882270,19883549,1279,1598.75,1
"860","GCA_036941465.1_ASM3694146v1_genomic","AT3G11090","CP138133.1",3572402,3573328,926,1158.75,1
"960","GCA_036941465.1_ASM3694146v1_genomic","AT5G24890","CP138135.1",8685704,8687460,1756,2190,1
"1060","GCA_036941465.1_ASM3694146v1_genomic","AT5G27970","CP138135.1",10171385,10182711,11326,14170,1
"1199","GCA_036941465.1_ASM3694146v1_genomic","AT1G49590","CP138131.1",22705395,22707384,1989,2487.5,1
"1262","GCA_036941465.1_ASM3694146v1_genomic","AT5G46910","CP138135.1",23730448,23735488,5040,6301.25,1
"1360","GCA_036941465.1_ASM3694146v1_genomic","AT1G77300","CP138131.1",33308737,33318257,9520,11916.25,1
"1460","GCA_036941465.1_ASM3694146v1_genomic","AT2G15560","CP138132.1",10469887,10472237,2350,2937.5,1
"1560","GCA_036941465.1_ASM3694146v1_genomic","AT3G27310","CP138133.1",10185193,10187347,2154,2693.75,1
"1660","GCA_036941465.1_ASM3694146v1_genomic","AT5G42950","CP138135.1",21963365,21970476,7111,8893.75,1
"1760","GCA_036941465.1_ASM3694146v1_genomic","AT5G47380","CP138135.1",23904145,23907515,3370,4223.75,1
"1860","GCA_036941465.1_ASM3694146v1_genomic","AT3G06035","CP138133.1",1851901,1853306,1405,1757.5,1
"1960","GCA_036941465.1_ASM3694146v1_genomic","AT2G38310","CP138132.1",19862876,19864317,1441,1798.75,1
"2060","GCA_036941465.1_ASM3694146v1_genomic","AT1G27460","CP138131.1",9497423,9500585,3162,3908.75,1
"2199","GCA_036941465.1_ASM3694146v1_genomic","AT2G45320","CP138132.1",22509781,22511862,2081,2602.5,1
"2262","GCA_036941465.1_ASM3694146v1_genomic","AT1G30480","CP138131.1",10776720,10779417,2697,3380,1
"2360","GCA_036941465.1_ASM3694146v1_genomic","AT3G13840","CP138133.1",4637631,4639379,1748,2186.25,1
"2460","GCA_036941465.1_ASM3694146v1_genomic","AT5G38520","CP138135.1",20090124,20092267,2143,2678.75,1
"2560","GCA_036941465.1_ASM3694146v1_genomic","AT2G22260","CP138132.1",13214606,13217249,2643,3305,1
"2660","GCA_036941465.1_ASM3694146v1_genomic","AT1G49470","CP138131.1",22663696,22664982,1286,1608.75,1
"2760","GCA_036941465.1_ASM3694146v1_genomic","AT1G70560","CP138131.1",30850197,30852995,2798,3497.5,1
"2860","GCA_036941465.1_ASM3694146v1_genomic","AT3G10985","CP138133.1",3535203,3536593,1390,1805,1
"2960","GCA_036941465.1_ASM3694146v1_genomic","AT4G36390","CP138134.1",22005255,22007930,2675,3343.75,1
"3060","GCA_036941465.1_ASM3694146v1_genomic","AT4G34270","CP138134.1",21210811,21213256,2445,3075,1
"3199","GCA_036941465.1_ASM3694146v1_genomic","AT5G50000","CP138135.1",25037016,25039813,2797,3497.5,1
"3262","GCA_036941465.1_ASM3694146v1_genomic","AT1G30580","CP138131.1",10817436,10821396,3960,4953.75,1
"3359","GCA_036941465.1_ASM3694146v1_genomic","AT1G20070","CP138131.1",6994664,6995820,1156,1446.25,1
"3459","GCA_036941465.1_ASM3694146v1_genomic","AT3G25440","CP138133.1",9344556,9346372,1816,2273.75,1
"3560","GCA_036941465.1_ASM3694146v1_genomic","AT5G43680","CP138135.1",22273256,22275099,1843,2321.25,1
"3660","GCA_036941465.1_ASM3694146v1_genomic","AT1G67320","CP138131.1",29438266,29442088,3822,4778.75,1
"3760","GCA_036941465.1_ASM3694146v1_genomic","AT2G44950","CP138132.1",22372559,22379037,6478,8097.5,1
"3860","GCA_036941465.1_ASM3694146v1_genomic","AT5G24520","CP138135.1",8486759,8489289,2530,3163.75,1
"3960","GCA_036941465.1_ASM3694146v1_genomic","AT5G56890","CP138135.1",27697224,27702808,5584,6991.25,1
"4060","GCA_036941465.1_ASM3694146v1_genomic","AT1G24460","CP138131.1",8664066,8670841,6775,8472.5,1
"4194","GCA_036941465.1_ASM3694146v1_genomic","AT2G28800","CP138132.1",16125391,16128635,3244,4060,1
"4261","GCA_036941465.1_ASM3694146v1_genomic","AT5G13940","CP138135.1",4527100,4532612,5512,6863.75,1
"4551","GCA_036941465.1_ASM3694146v1_genomic","AT1G19220","CP138131.1",6671619,6677073,5454,6813.75,1
"4659","GCA_036941465.1_ASM3694146v1_genomic","AT5G01220","CP138135.1",84391,87968,3577,4468.75,1
"4760","GCA_036941465.1_ASM3694146v1_genomic","AT1G02460","CP138131.1",521611,524408,2797,3507.5,1
"4860","GCA_036941465.1_ASM3694146v1_genomic","AT1G04110","CP138131.1",1082644,1085156,2512,3141.25,1
"4960","GCA_036941465.1_ASM3694146v1_genomic","AT4G01880","CP138134.1",1321175,1323448,2273,2842.5,1
"5050","GCA_036941465.1_ASM3694146v1_genomic","AT2G24430","CP138132.1",14163632,14166745,3113,3911.25,1
"5134","GCA_036941465.1_ASM3694146v1_genomic","AT5G47870","CP138135.1",24061567,24063073,1506,1877.5,1
"1200","GCA_036941635.1_ASM3694163v1_genomic","AT2G27810","CP138137.1",15761098,15765360,4262,5322.5,1
"2200","GCA_036941635.1_ASM3694163v1_genomic","AT5G40530","CP138140.1",22926600,22928467,1867,2313.75,1
"3200","GCA_036941635.1_ASM3694163v1_genomic","AT3G26115","CP138138.1",9678566,9680795,2229,2787.5,1
"4195","GCA_036941635.1_ASM3694163v1_genomic","AT1G26750","CP138136.1",9162527,9163944,1417,1772.5,1
"569","GCA_036941635.1_ASM3694163v1_genomic","AT4G17540","CP138139.1",14973371,14975376,2005,2493.75,1
"661","GCA_036941635.1_ASM3694163v1_genomic","AT4G23950","CP138139.1",17607987,17610487,2500,3126.25,1
"761","GCA_036941635.1_ASM3694163v1_genomic","AT2G38360","CP138137.1",19973774,19975052,1278,1598.75,1
"861","GCA_036941635.1_ASM3694163v1_genomic","AT3G11090","CP138138.1",3600398,3601324,926,1158.75,1
"961","GCA_036941635.1_ASM3694163v1_genomic","AT5G24890","CP138140.1",8607792,8609539,1747,2190,1
"1061","GCA_036941635.1_ASM3694163v1_genomic","AT5G27970","CP138140.1",10051384,10062719,11335,14170,1
"11100","GCA_036941635.1_ASM3694163v1_genomic","AT1G49590","CP138136.1",21772530,21774519,1989,2487.5,1
"1263","GCA_036941635.1_ASM3694163v1_genomic","AT5G46910","CP138140.1",25703009,25708048,5039,6301.25,1
"1361","GCA_036941635.1_ASM3694163v1_genomic","AT1G77300","CP138136.1",32535895,32545416,9521,11916.25,1
"1461","GCA_036941635.1_ASM3694163v1_genomic","AT2G15560","CP138137.1",10691457,10693805,2348,2937.5,1
"1561","GCA_036941635.1_ASM3694163v1_genomic","AT3G27310","CP138138.1",10230399,10232552,2153,2693.75,1
"1661","GCA_036941635.1_ASM3694163v1_genomic","AT5G42950","CP138140.1",23941492,23948608,7116,8893.75,1
"1761","GCA_036941635.1_ASM3694163v1_genomic","AT5G47380","CP138140.1",25876122,25879500,3378,4223.75,1
"1861","GCA_036941635.1_ASM3694163v1_genomic","AT3G06035","CP138138.1",1879431,1880836,1405,1757.5,1
"1961","GCA_036941635.1_ASM3694163v1_genomic","AT2G38310","CP138137.1",19954307,19955745,1438,1798.75,1
"2061","GCA_036941635.1_ASM3694163v1_genomic","AT1G27460","CP138136.1",9448237,9451362,3125,3908.75,1
"21100","GCA_036941635.1_ASM3694163v1_genomic","AT2G45320","CP138137.1",22593892,22595973,2081,2602.5,1
"2263","GCA_036941635.1_ASM3694163v1_genomic","AT1G30480","CP138136.1",10758890,10761590,2700,3380,1
"2361","GCA_036941635.1_ASM3694163v1_genomic","AT3G13840","CP138138.1",4661266,4663014,1748,2186.25,1
"2461","GCA_036941635.1_ASM3694163v1_genomic","AT5G38520","CP138140.1",22114650,22116792,2142,2678.75,1
"2561","GCA_036941635.1_ASM3694163v1_genomic","AT2G22260","CP138137.1",13381819,13384462,2643,3305,1
"2661","GCA_036941635.1_ASM3694163v1_genomic","AT1G49470","CP138136.1",21724314,21725600,1286,1608.75,1
"2761","GCA_036941635.1_ASM3694163v1_genomic","AT1G70560","CP138136.1",30075403,30078202,2799,3497.5,1
"2861","GCA_036941635.1_ASM3694163v1_genomic","AT3G10985","CP138138.1",3568242,3569682,1440,1805,1
"2961","GCA_036941635.1_ASM3694163v1_genomic","AT4G36390","CP138139.1",22411454,22414142,2688,3343.75,1
"3061","GCA_036941635.1_ASM3694163v1_genomic","AT4G34270","CP138139.1",21615030,21617475,2445,3075,1
"31100","GCA_036941635.1_ASM3694163v1_genomic","AT5G50000","CP138140.1",26999658,27002454,2796,3497.5,1
"3263","GCA_036941635.1_ASM3694163v1_genomic","AT1G30580","CP138136.1",10799634,10803594,3960,4953.75,1
"3360","GCA_036941635.1_ASM3694163v1_genomic","AT1G20070","CP138136.1",6954957,6956113,1156,1446.25,1
"3460","GCA_036941635.1_ASM3694163v1_genomic","AT3G25440","CP138138.1",9375521,9377342,1821,2273.75,1
"3561","GCA_036941635.1_ASM3694163v1_genomic","AT5G43680","CP138140.1",24240914,24242581,1667,2321.25,1
"3661","GCA_036941635.1_ASM3694163v1_genomic","AT1G67320","CP138136.1",28652238,28656060,3822,4778.75,1
"3761","GCA_036941635.1_ASM3694163v1_genomic","AT2G44950","CP138137.1",22455168,22461658,6490,8097.5,1
"3861","GCA_036941635.1_ASM3694163v1_genomic","AT5G24520","CP138140.1",8417517,8420047,2530,3163.75,1
"3961","GCA_036941635.1_ASM3694163v1_genomic","AT5G56890","CP138140.1",29666583,29672170,5587,6991.25,1
"4061","GCA_036941635.1_ASM3694163v1_genomic","AT1G24460","CP138136.1",8666389,8673167,6778,8472.5,1
"4196","GCA_036941635.1_ASM3694163v1_genomic","AT2G28800","CP138137.1",16268392,16271638,3246,4060,1
"4262","GCA_036941635.1_ASM3694163v1_genomic","AT5G13940","CP138140.1",4489974,4495485,5511,6863.75,1
"4660","GCA_036941635.1_ASM3694163v1_genomic","AT1G19220","CP138136.1",6625483,6630924,5441,6813.75,1
"4761","GCA_036941635.1_ASM3694163v1_genomic","AT5G01220","CP138140.1",94549,98123,3574,4468.75,1
"4861","GCA_036941635.1_ASM3694163v1_genomic","AT1G02460","CP138136.1",511871,514682,2811,3507.5,1
"4961","GCA_036941635.1_ASM3694163v1_genomic","AT1G04110","CP138136.1",1073710,1076222,2512,3141.25,1
"5051","GCA_036941635.1_ASM3694163v1_genomic","AT4G01880","CP138139.1",1217005,1219278,2273,2842.5,1
"5135","GCA_036941635.1_ASM3694163v1_genomic","AT2G24430","CP138137.1",14309268,14312382,3114,3911.25,1
"5217","GCA_036941635.1_ASM3694163v1_genomic","AT5G47870","CP138140.1",26037882,26039384,1502,1877.5,1
"1201","GCA_036941785.1_ASM3694178v1_genomic","AT2G27810","CP138142.1",15341285,15345542,4257,5322.5,1
"2201","GCA_036941785.1_ASM3694178v1_genomic","AT5G40530","CP138145.1",19804079,19805946,1867,2313.75,1
"3201","GCA_036941785.1_ASM3694178v1_genomic","AT3G26115","CP138143.1",9532038,9534267,2229,2787.5,1
"4197","GCA_036941785.1_ASM3694178v1_genomic","AT1G26750","CP138141.1",9118966,9120381,1415,1772.5,1
"570","GCA_036941785.1_ASM3694178v1_genomic","AT4G17540","CP138144.1",13922088,13924082,1994,2493.75,1
"662","GCA_036941785.1_ASM3694178v1_genomic","AT4G23950","CP138144.1",16611727,16614227,2500,3126.25,1
"762","GCA_036941785.1_ASM3694178v1_genomic","AT2G38360","CP138142.1",19546158,19547436,1278,1598.75,1
"862","GCA_036941785.1_ASM3694178v1_genomic","AT3G11090","CP138143.1",3519345,3520271,926,1158.75,1
"962","GCA_036941785.1_ASM3694178v1_genomic","AT5G24890","CP138145.1",8564309,8566059,1750,2190,1
"1062","GCA_036941785.1_ASM3694178v1_genomic","AT5G27970","CP138145.1",10029978,10041309,11331,14170,1
"11101","GCA_036941785.1_ASM3694178v1_genomic","AT1G49590","CP138141.1",21579250,21581238,1988,2487.5,1
"1264","GCA_036941785.1_ASM3694178v1_genomic","AT5G46910","CP138145.1",22664439,22669478,5039,6301.25,1
"1362","GCA_036941785.1_ASM3694178v1_genomic","AT1G77300","CP138141.1",32262211,32271735,9524,11916.25,1
"1462","GCA_036941785.1_ASM3694178v1_genomic","AT2G15560","CP138142.1",10246570,10248891,2321,2937.5,1
"1562","GCA_036941785.1_ASM3694178v1_genomic","AT3G27310","CP138143.1",10057124,10059279,2155,2693.75,1
"1662","GCA_036941785.1_ASM3694178v1_genomic","AT5G42950","CP138145.1",20812546,20819660,7114,8893.75,1
"1762","GCA_036941785.1_ASM3694178v1_genomic","AT5G47380","CP138145.1",22843288,22846666,3378,4223.75,1
"1862","GCA_036941785.1_ASM3694178v1_genomic","AT3G06035","CP138143.1",1839339,1840744,1405,1757.5,1
"1962","GCA_036941785.1_ASM3694178v1_genomic","AT2G38310","CP138142.1",19526703,19528140,1437,1798.75,1
"2062","GCA_036941785.1_ASM3694178v1_genomic","AT1G27460","CP138141.1",9396561,9399687,3126,3908.75,1
"21101","GCA_036941785.1_ASM3694178v1_genomic","AT2G45320","CP138142.1",22161385,22163465,2080,2602.5,1
"2264","GCA_036941785.1_ASM3694178v1_genomic","AT1G30480","CP138141.1",10663931,10666627,2696,3380,1
"2362","GCA_036941785.1_ASM3694178v1_genomic","AT3G13840","CP138143.1",4580648,4582396,1748,2186.25,1
"2462","GCA_036941785.1_ASM3694178v1_genomic","AT5G38520","CP138145.1",18919850,18921992,2142,2678.75,1
"2562","GCA_036941785.1_ASM3694178v1_genomic","AT2G22260","CP138142.1",12961622,12964265,2643,3305,1
"2662","GCA_036941785.1_ASM3694178v1_genomic","AT1G49470","CP138141.1",21534984,21536270,1286,1608.75,1
"2762","GCA_036941785.1_ASM3694178v1_genomic","AT1G70560","CP138141.1",29835959,29838755,2796,3497.5,1
"2862","GCA_036941785.1_ASM3694178v1_genomic","AT3G10985","CP138143.1",3486287,3487728,1441,1805,1
"2962","GCA_036941785.1_ASM3694178v1_genomic","AT4G36390","CP138144.1",21399266,21401940,2674,3343.75,1
"3062","GCA_036941785.1_ASM3694178v1_genomic","AT4G34270","CP138144.1",20603659,20606118,2459,3075,1
"31101","GCA_036941785.1_ASM3694178v1_genomic","AT5G50000","CP138145.1",23924485,23927284,2799,3497.5,1
"3264","GCA_036941785.1_ASM3694178v1_genomic","AT1G30580","CP138141.1",10704884,10708844,3960,4953.75,1
"3361","GCA_036941785.1_ASM3694178v1_genomic","AT1G20070","CP138141.1",6971441,6972597,1156,1446.25,1
"3461","GCA_036941785.1_ASM3694178v1_genomic","AT3G25440","CP138143.1",9223568,9225384,1816,2273.75,1
"3562","GCA_036941785.1_ASM3694178v1_genomic","AT5G43680","CP138145.1",21139288,21140935,1647,2321.25,1
"3662","GCA_036941785.1_ASM3694178v1_genomic","AT1G67320","CP138141.1",28417850,28421673,3823,4778.75,1
"3762","GCA_036941785.1_ASM3694178v1_genomic","AT2G44950","CP138142.1",22021973,22028450,6477,8097.5,1
"3862","GCA_036941785.1_ASM3694178v1_genomic","AT5G24520","CP138145.1",8381284,8383814,2530,3163.75,1
"3962","GCA_036941785.1_ASM3694178v1_genomic","AT5G56890","CP138145.1",26568543,26574133,5590,6991.25,1
"4062","GCA_036941785.1_ASM3694178v1_genomic","AT1G24460","CP138141.1",8615420,8622195,6775,8472.5,1
"4198","GCA_036941785.1_ASM3694178v1_genomic","AT2G28800","CP138142.1",15845986,15849233,3247,4060,1
"4263","GCA_036941785.1_ASM3694178v1_genomic","AT5G13940","CP138145.1",4488743,4494254,5511,6863.75,1
"4326","GCA_036941785.1_ASM3694178v1_genomic","AT1G19220","CP138141.1",6624102,6629547,5445,6813.75,1
"4432","GCA_036941785.1_ASM3694178v1_genomic","AT5G01220","CP138145.1",83798,87373,3575,4468.75,1
"4552","GCA_036941785.1_ASM3694178v1_genomic","AT1G02460","CP138141.1",506619,509398,2779,3507.5,1
"4661","GCA_036941785.1_ASM3694178v1_genomic","AT1G04110","CP138141.1",1065011,1067523,2512,3141.25,1
"4762","GCA_036941785.1_ASM3694178v1_genomic","AT4G01880","CP138144.1",1515508,1517776,2268,2842.5,1
"4862","GCA_036941785.1_ASM3694178v1_genomic","AT2G24430","CP138142.1",13886976,13890090,3114,3911.25,1
"4962","GCA_036941785.1_ASM3694178v1_genomic","AT5G47870","CP138145.1",23004117,23005623,1506,1877.5,1
"1202","GCA_036941915.1_ASM3694191v1_genomic","AT2G27810","CP138147.1",15682776,15687031,4255,5322.5,1
"2202","GCA_036941915.1_ASM3694191v1_genomic","AT5G40530","CP138150.1",20249565,20251432,1867,2313.75,1
"3202","GCA_036941915.1_ASM3694191v1_genomic","AT3G26115","CP138148.1",9518155,9520357,2202,2787.5,1
"4199","GCA_036941915.1_ASM3694191v1_genomic","AT1G26750","CP138146.1",9172678,9174095,1417,1772.5,1
"571","GCA_036941915.1_ASM3694191v1_genomic","AT4G17540","CP138149.1",13836528,13838522,1994,2493.75,1
"663","GCA_036941915.1_ASM3694191v1_genomic","AT4G23950","CP138149.1",16492093,16494593,2500,3126.25,1
"763","GCA_036941915.1_ASM3694191v1_genomic","AT2G38360","CP138147.1",19862291,19863569,1278,1598.75,1
"863","GCA_036941915.1_ASM3694191v1_genomic","AT3G11090","CP138148.1",3501677,3502603,926,1158.75,1
"963","GCA_036941915.1_ASM3694191v1_genomic","AT5G24890","CP138150.1",8624940,8626689,1749,2190,1
"1063","GCA_036941915.1_ASM3694191v1_genomic","AT5G27970","CP138150.1",10041225,10052560,11335,14170,1
"11102","GCA_036941915.1_ASM3694191v1_genomic","AT1G49590","CP138146.1",21776648,21778637,1989,2487.5,1
"1265","GCA_036941915.1_ASM3694191v1_genomic","AT5G46910","CP138150.1",22997337,23002376,5039,6301.25,1
"1363","GCA_036941915.1_ASM3694191v1_genomic","AT1G77300","CP138146.1",32444698,32454226,9528,11916.25,1
"1463","GCA_036941915.1_ASM3694191v1_genomic","AT2G15560","CP138147.1",10607757,10610078,2321,2937.5,1
"1563","GCA_036941915.1_ASM3694191v1_genomic","AT3G27310","CP138148.1",10074395,10076548,2153,2693.75,1
"1663","GCA_036941915.1_ASM3694191v1_genomic","AT5G42950","CP138150.1",21253750,21260864,7114,8893.75,1
"1763","GCA_036941915.1_ASM3694191v1_genomic","AT5G47380","CP138150.1",23171403,23174781,3378,4223.75,1
"1863","GCA_036941915.1_ASM3694191v1_genomic","AT3G06035","CP138148.1",1836174,1837579,1405,1757.5,1
"1963","GCA_036941915.1_ASM3694191v1_genomic","AT2G38310","CP138147.1",19842521,19843961,1440,1798.75,1
"2063","GCA_036941915.1_ASM3694191v1_genomic","AT1G27460","CP138146.1",9459644,9462770,3126,3908.75,1
"21102","GCA_036941915.1_ASM3694191v1_genomic","AT2G45320","CP138147.1",22477976,22480057,2081,2602.5,1
"2265","GCA_036941915.1_ASM3694191v1_genomic","AT1G30480","CP138146.1",10682285,10684988,2703,3380,1
"2363","GCA_036941915.1_ASM3694191v1_genomic","AT3G13840","CP138148.1",4575049,4576797,1748,2186.25,1
"2463","GCA_036941915.1_ASM3694191v1_genomic","AT5G38520","CP138150.1",19435855,19437997,2142,2678.75,1
"2563","GCA_036941915.1_ASM3694191v1_genomic","AT2G22260","CP138147.1",13311880,13314523,2643,3305,1
"2663","GCA_036941915.1_ASM3694191v1_genomic","AT1G49470","CP138146.1",21726310,21727596,1286,1608.75,1
"2763","GCA_036941915.1_ASM3694191v1_genomic","AT1G70560","CP138146.1",30002409,30005206,2797,3497.5,1
"2863","GCA_036941915.1_ASM3694191v1_genomic","AT3G10985","CP138148.1",3468567,3470007,1440,1805,1
"2963","GCA_036941915.1_ASM3694191v1_genomic","AT4G36390","CP138149.1",21238670,21241345,2675,3343.75,1
"3063","GCA_036941915.1_ASM3694191v1_genomic","AT4G34270","CP138149.1",20443518,20445962,2444,3075,1
"31102","GCA_036941915.1_ASM3694191v1_genomic","AT5G50000","CP138150.1",24305397,24308196,2799,3497.5,1
"3265","GCA_036941915.1_ASM3694191v1_genomic","AT1G30580","CP138146.1",10722914,10726841,3927,4953.75,1
"3362","GCA_036941915.1_ASM3694191v1_genomic","AT1G20070","CP138146.1",6974113,6975269,1156,1446.25,1
"3462","GCA_036941915.1_ASM3694191v1_genomic","AT3G25440","CP138148.1",9208195,9210013,1818,2273.75,1
"3563","GCA_036941915.1_ASM3694191v1_genomic","AT5G43680","CP138150.1",21535307,21536954,1647,2321.25,1
"3663","GCA_036941915.1_ASM3694191v1_genomic","AT1G67320","CP138146.1",28585705,28589527,3822,4778.75,1
"3763","GCA_036941915.1_ASM3694191v1_genomic","AT2G44950","CP138147.1",22338336,22344813,6477,8097.5,1
"3863","GCA_036941915.1_ASM3694191v1_genomic","AT5G24520","CP138150.1",8431510,8434040,2530,3163.75,1
"3963","GCA_036941915.1_ASM3694191v1_genomic","AT5G56890","CP138150.1",26959301,26964890,5589,6991.25,1
"4063","GCA_036941915.1_ASM3694191v1_genomic","AT1G24460","CP138146.1",8669279,8676060,6781,8472.5,1
"41100","GCA_036941915.1_ASM3694191v1_genomic","AT2G28800","CP138147.1",16187494,16190728,3234,4060,1
"4264","GCA_036941915.1_ASM3694191v1_genomic","AT5G13940","CP138150.1",4499311,4504822,5511,6863.75,1
"4327","GCA_036941915.1_ASM3694191v1_genomic","AT1G19220","CP138146.1",6633498,6638946,5448,6813.75,1
"4433","GCA_036941915.1_ASM3694191v1_genomic","AT5G01220","CP138150.1",83423,86997,3574,4468.75,1
"4553","GCA_036941915.1_ASM3694191v1_genomic","AT1G02460","CP138146.1",501950,504757,2807,3507.5,1
"4662","GCA_036941915.1_ASM3694191v1_genomic","AT1G04110","CP138146.1",1063569,1066081,2512,3141.25,1
"4763","GCA_036941915.1_ASM3694191v1_genomic","AT4G01880","CP138149.1",892246,894518,2272,2842.5,1
"4863","GCA_036941915.1_ASM3694191v1_genomic","AT2G24430","CP138147.1",14244975,14248089,3114,3911.25,1
"4963","GCA_036941915.1_ASM3694191v1_genomic","AT5G47870","CP138150.1",23330288,23331793,1505,1877.5,1
"1203","GCA_036941985.1_ASM3694198v1_genomic","AT2G27810","CP138152.1",13913092,13917363,4271,5322.5,1
"2203","GCA_036941985.1_ASM3694198v1_genomic","AT5G40530","CP138155.1",19241321,19243187,1866,2313.75,1
"3203","GCA_036941985.1_ASM3694198v1_genomic","AT3G26115","CP138153.1",9585540,9587769,2229,2787.5,1
"4200","GCA_036941985.1_ASM3694198v1_genomic","AT1G26750","CP138151.1",9106663,9108078,1415,1772.5,1
"572","GCA_036941985.1_ASM3694198v1_genomic","AT4G17540","CP138154.1",16934364,16936357,1993,2493.75,1
"664","GCA_036941985.1_ASM3694198v1_genomic","AT4G23950","CP138154.1",19531399,19533899,2500,3126.25,1
"764","GCA_036941985.1_ASM3694198v1_genomic","AT2G38360","CP138152.1",18101617,18102895,1278,1598.75,1
"864","GCA_036941985.1_ASM3694198v1_genomic","AT3G11090","CP138153.1",3533226,3534152,926,1158.75,1
"964","GCA_036941985.1_ASM3694198v1_genomic","AT5G24890","CP138155.1",8612061,8613815,1754,2190,1
"1064","GCA_036941985.1_ASM3694198v1_genomic","AT5G27970","CP138155.1",9999736,10011068,11332,14170,1
"11103","GCA_036941985.1_ASM3694198v1_genomic","AT1G49590","CP138151.1",20925010,20927009,1999,2487.5,1
"1266","GCA_036941985.1_ASM3694198v1_genomic","AT5G46910","CP138155.1",21951951,21957001,5050,6301.25,1
"1364","GCA_036941985.1_ASM3694198v1_genomic","AT1G77300","CP138151.1",31692256,31701784,9528,11916.25,1
"1464","GCA_036941985.1_ASM3694198v1_genomic","AT2G15560","CP138152.1",8788708,8791615,2907,2937.5,1
"1564","GCA_036941985.1_ASM3694198v1_genomic","AT3G27310","CP138153.1",10104459,10106613,2154,2693.75,1
"1664","GCA_036941985.1_ASM3694198v1_genomic","AT5G42950","CP138155.1",20230942,20238053,7111,8893.75,1
"1764","GCA_036941985.1_ASM3694198v1_genomic","AT5G47380","CP138155.1",22126521,22129899,3378,4223.75,1
"1864","GCA_036941985.1_ASM3694198v1_genomic","AT3G06035","CP138153.1",1847096,1848501,1405,1757.5,1
"1964","GCA_036941985.1_ASM3694198v1_genomic","AT2G38310","CP138152.1",18081847,18083287,1440,1798.75,1
"2064","GCA_036941985.1_ASM3694198v1_genomic","AT2G21100","CP138152.1",11117807,11119080,1273,1592.5,1
"21103","GCA_036941985.1_ASM3694198v1_genomic","AT1G27460","CP138151.1",9412523,9415648,3125,3908.75,1
"2266","GCA_036941985.1_ASM3694198v1_genomic","AT2G45320","CP138152.1",20723534,20725614,2080,2602.5,1
"2364","GCA_036941985.1_ASM3694198v1_genomic","AT1G30480","CP138151.1",10653602,10656304,2702,3380,1
"2464","GCA_036941985.1_ASM3694198v1_genomic","AT3G13840","CP138153.1",4597810,4599558,1748,2186.25,1
"2564","GCA_036941985.1_ASM3694198v1_genomic","AT5G38520","CP138155.1",18429639,18431781,2142,2678.75,1
"2664","GCA_036941985.1_ASM3694198v1_genomic","AT2G22260","CP138152.1",11529016,11531659,2643,3305,1
"2764","GCA_036941985.1_ASM3694198v1_genomic","AT1G49470","CP138151.1",20880706,20881992,1286,1608.75,1
"2864","GCA_036941985.1_ASM3694198v1_genomic","AT1G70560","CP138151.1",29241367,29244164,2797,3497.5,1
"2964","GCA_036941985.1_ASM3694198v1_genomic","AT3G10985","CP138153.1",3500712,3502152,1440,1805,1
"3064","GCA_036941985.1_ASM3694198v1_genomic","AT4G36390","CP138154.1",24277504,24280178,2674,3343.75,1
"31103","GCA_036941985.1_ASM3694198v1_genomic","AT4G34270","CP138154.1",23481613,23484058,2445,3075,1
"3266","GCA_036941985.1_ASM3694198v1_genomic","AT5G50000","CP138155.1",23237563,23240360,2797,3497.5,1
"3363","GCA_036941985.1_ASM3694198v1_genomic","AT1G30580","CP138151.1",10695298,10699258,3960,4953.75,1
"3463","GCA_036941985.1_ASM3694198v1_genomic","AT1G20070","CP138151.1",6945860,6947016,1156,1446.25,1
"3564","GCA_036941985.1_ASM3694198v1_genomic","AT3G25440","CP138153.1",9271853,9273669,1816,2273.75,1
"3664","GCA_036941985.1_ASM3694198v1_genomic","AT5G43680","CP138155.1",20515590,20517237,1647,2321.25,1
"3764","GCA_036941985.1_ASM3694198v1_genomic","AT1G67320","CP138151.1",27823343,27827165,3822,4778.75,1
"3864","GCA_036941985.1_ASM3694198v1_genomic","AT2G44950","CP138152.1",20580972,20587449,6477,8097.5,1
"3964","GCA_036941985.1_ASM3694198v1_genomic","AT5G24520","CP138155.1",8414775,8417198,2423,3163.75,1
"4064","GCA_036941985.1_ASM3694198v1_genomic","AT5G56890","CP138155.1",25878645,25884233,5588,6991.25,1
"41101","GCA_036941985.1_ASM3694198v1_genomic","AT1G24460","CP138151.1",8605848,8612623,6775,8472.5,1
"4265","GCA_036941985.1_ASM3694198v1_genomic","AT2G28800","CP138152.1",14414779,14418039,3260,4060,1
"4328","GCA_036941985.1_ASM3694198v1_genomic","AT5G13940","CP138155.1",4486223,4491734,5511,6863.75,1
"4554","GCA_036941985.1_ASM3694198v1_genomic","AT1G19220","CP138151.1",6616735,6622183,5448,6813.75,1
"4663","GCA_036941985.1_ASM3694198v1_genomic","AT5G01220","CP138155.1",81587,85161,3574,4468.75,1
"4764","GCA_036941985.1_ASM3694198v1_genomic","AT1G02460","CP138151.1",503756,506558,2802,3507.5,1
"4864","GCA_036941985.1_ASM3694198v1_genomic","AT1G04110","CP138151.1",1065967,1068479,2512,3141.25,1
"4964","GCA_036941985.1_ASM3694198v1_genomic","AT4G01880","CP138154.1",961145,963417,2272,2842.5,1
"5052","GCA_036941985.1_ASM3694198v1_genomic","AT2G24430","CP138152.1",12454602,12457714,3112,3911.25,1
"5136","GCA_036941985.1_ASM3694198v1_genomic","AT5G47870","CP138155.1",22289765,22291266,1501,1877.5,1
"1204","GCA_036942075.1_ASM3694207v1_genomic","AT2G27810","CP138157.1",15632142,15636419,4277,5322.5,1
"2204","GCA_036942075.1_ASM3694207v1_genomic","AT5G40530","CP138160.1",19924608,19926473,1865,2313.75,1
"3204","GCA_036942075.1_ASM3694207v1_genomic","AT3G26115","CP138158.1",9568981,9571183,2202,2787.5,1
"4201","GCA_036942075.1_ASM3694207v1_genomic","AT1G26750","CP138156.1",9129337,9130754,1417,1772.5,1
"573","GCA_036942075.1_ASM3694207v1_genomic","AT4G17540","CP138159.1",14444095,14446089,1994,2493.75,1
"665","GCA_036942075.1_ASM3694207v1_genomic","AT4G23950","CP138159.1",17306713,17309213,2500,3126.25,1
"765","GCA_036942075.1_ASM3694207v1_genomic","AT2G38360","CP138157.1",19873215,19874493,1278,1598.75,1
"865","GCA_036942075.1_ASM3694207v1_genomic","AT3G11090","CP138158.1",3498841,3499767,926,1158.75,1
"965","GCA_036942075.1_ASM3694207v1_genomic","AT5G24890","CP138160.1",8614472,8616223,1751,2190,1
"1065","GCA_036942075.1_ASM3694207v1_genomic","AT5G27970","CP138160.1",10041681,10053012,11331,14170,1
"11104","GCA_036942075.1_ASM3694207v1_genomic","AT1G49590","CP138156.1",21499103,21501092,1989,2487.5,1
"1267","GCA_036942075.1_ASM3694207v1_genomic","AT5G46910","CP138160.1",22680883,22685923,5040,6301.25,1
"1365","GCA_036942075.1_ASM3694207v1_genomic","AT1G77300","CP138156.1",32250757,32260286,9529,11916.25,1
"1465","GCA_036942075.1_ASM3694207v1_genomic","AT2G15560","CP138157.1",10451302,10453648,2346,2937.5,1
"1565","GCA_036942075.1_ASM3694207v1_genomic","AT3G27310","CP138158.1",10121663,10123816,2153,2693.75,1
"1665","GCA_036942075.1_ASM3694207v1_genomic","AT5G42950","CP138160.1",20943788,20950897,7109,8893.75,1
"1765","GCA_036942075.1_ASM3694207v1_genomic","AT5G47380","CP138160.1",22859267,22862644,3377,4223.75,1
"1865","GCA_036942075.1_ASM3694207v1_genomic","AT3G06035","CP138158.1",1830033,1831438,1405,1757.5,1
"1965","GCA_036942075.1_ASM3694207v1_genomic","AT2G38310","CP138157.1",19853754,19855192,1438,1798.75,1
"2065","GCA_036942075.1_ASM3694207v1_genomic","AT1G27460","CP138156.1",9422700,9425826,3126,3908.75,1
"21104","GCA_036942075.1_ASM3694207v1_genomic","AT2G45320","CP138157.1",22487159,22489240,2081,2602.5,1
"2267","GCA_036942075.1_ASM3694207v1_genomic","AT1G30480","CP138156.1",10662071,10664759,2688,3380,1
"2365","GCA_036942075.1_ASM3694207v1_genomic","AT3G13840","CP138158.1",4544027,4545775,1748,2186.25,1
"2465","GCA_036942075.1_ASM3694207v1_genomic","AT5G38520","CP138160.1",19038157,19040295,2138,2678.75,1
"2565","GCA_036942075.1_ASM3694207v1_genomic","AT2G22260","CP138157.1",13195925,13198534,2609,3305,1
"2665","GCA_036942075.1_ASM3694207v1_genomic","AT1G49470","CP138156.1",21456652,21457938,1286,1608.75,1
"2765","GCA_036942075.1_ASM3694207v1_genomic","AT1G70560","CP138156.1",29772001,29774798,2797,3497.5,1
"2865","GCA_036942075.1_ASM3694207v1_genomic","AT3G10985","CP138158.1",3462434,3463821,1387,1805,1
"2965","GCA_036942075.1_ASM3694207v1_genomic","AT4G36390","CP138159.1",22064941,22067628,2687,3343.75,1
"3065","GCA_036942075.1_ASM3694207v1_genomic","AT4G34270","CP138159.1",21267920,21270379,2459,3075,1
"31104","GCA_036942075.1_ASM3694207v1_genomic","AT5G50000","CP138160.1",23985807,23988605,2798,3497.5,1
"3267","GCA_036942075.1_ASM3694207v1_genomic","AT1G30580","CP138156.1",10709253,10713212,3959,4953.75,1
"3364","GCA_036942075.1_ASM3694207v1_genomic","AT1G20070","CP138156.1",6940965,6942121,1156,1446.25,1
"3464","GCA_036942075.1_ASM3694207v1_genomic","AT3G25440","CP138158.1",9258296,9260112,1816,2273.75,1
"3565","GCA_036942075.1_ASM3694207v1_genomic","AT5G43680","CP138160.1",21251361,21253205,1844,2321.25,1
"3665","GCA_036942075.1_ASM3694207v1_genomic","AT1G67320","CP138156.1",28370312,28374136,3824,4778.75,1
"3765","GCA_036942075.1_ASM3694207v1_genomic","AT2G44950","CP138157.1",22349719,22356195,6476,8097.5,1
"3865","GCA_036942075.1_ASM3694207v1_genomic","AT5G24520","CP138160.1",8422819,8425349,2530,3163.75,1
"3965","GCA_036942075.1_ASM3694207v1_genomic","AT5G56890","CP138160.1",26687664,26693252,5588,6991.25,1
"4065","GCA_036942075.1_ASM3694207v1_genomic","AT1G24460","CP138156.1",8626421,8633196,6775,8472.5,1
"41102","GCA_036942075.1_ASM3694207v1_genomic","AT2G28800","CP138157.1",16139452,16142698,3246,4060,1
"4266","GCA_036942075.1_ASM3694207v1_genomic","AT5G13940","CP138160.1",4512495,4517486,4991,6863.75,1
"4555","GCA_036942075.1_ASM3694207v1_genomic","AT1G19220","CP138156.1",6609543,6614980,5437,6813.75,1
"4664","GCA_036942075.1_ASM3694207v1_genomic","AT5G01220","CP138160.1",75190,78781,3591,4468.75,1
"4765","GCA_036942075.1_ASM3694207v1_genomic","AT1G02460","CP138156.1",510322,513109,2787,3507.5,1
"4865","GCA_036942075.1_ASM3694207v1_genomic","AT1G04110","CP138156.1",1068990,1071502,2512,3141.25,1
"4965","GCA_036942075.1_ASM3694207v1_genomic","AT4G01880","CP138159.1",1658111,1660383,2272,2842.5,1
"5053","GCA_036942075.1_ASM3694207v1_genomic","AT2G24430","CP138157.1",14148447,14151561,3114,3911.25,1
"5137","GCA_036942075.1_ASM3694207v1_genomic","AT5G47870","CP138160.1",23022286,23023793,1507,1877.5,1
"1205","GCA_036942405.1_ASM3694240v1_genomic","AT2G27810","CP138162.1",15704540,15708794,4254,5322.5,1
"2205","GCA_036942405.1_ASM3694240v1_genomic","AT5G40530","CP138165.1",19646679,19648546,1867,2313.75,1
"3205","GCA_036942405.1_ASM3694240v1_genomic","AT3G26115","CP138163.1",9586330,9588427,2097,2787.5,1
"4202","GCA_036942405.1_ASM3694240v1_genomic","AT1G26750","CP138161.1",9196192,9197609,1417,1772.5,1
"574","GCA_036942405.1_ASM3694240v1_genomic","AT4G17540","CP138164.1",11399560,11401554,1994,2493.75,1
"666","GCA_036942405.1_ASM3694240v1_genomic","AT4G23950","CP138164.1",14014962,14017462,2500,3126.25,1
"766","GCA_036942405.1_ASM3694240v1_genomic","AT2G38360","CP138162.1",19960330,19961608,1278,1598.75,1
"866","GCA_036942405.1_ASM3694240v1_genomic","AT3G11090","CP138163.1",3526708,3527634,926,1158.75,1
"966","GCA_036942405.1_ASM3694240v1_genomic","AT5G24890","CP138165.1",8595647,8597403,1756,2190,1
"1066","GCA_036942405.1_ASM3694240v1_genomic","AT5G27970","CP138165.1",10060759,10072098,11339,14170,1
"11105","GCA_036942405.1_ASM3694240v1_genomic","AT1G49590","CP138161.1",20126349,20128338,1989,2487.5,1
"1268","GCA_036942405.1_ASM3694240v1_genomic","AT5G46910","CP138165.1",22477585,22482625,5040,6301.25,1
"1366","GCA_036942405.1_ASM3694240v1_genomic","AT1G77300","CP138161.1",30968772,30978304,9532,11916.25,1
"1466","GCA_036942405.1_ASM3694240v1_genomic","AT2G15560","CP138162.1",10603836,10606184,2348,2937.5,1
"1566","GCA_036942405.1_ASM3694240v1_genomic","AT3G27310","CP138163.1",10126881,10129035,2154,2693.75,1
"1666","GCA_036942405.1_ASM3694240v1_genomic","AT5G42950","CP138165.1",20695858,20702965,7107,8893.75,1
"1766","GCA_036942405.1_ASM3694240v1_genomic","AT5G47380","CP138165.1",22652076,22655450,3374,4223.75,1
"1866","GCA_036942405.1_ASM3694240v1_genomic","AT3G06035","CP138163.1",1829096,1830501,1405,1757.5,1
"1966","GCA_036942405.1_ASM3694240v1_genomic","AT2G38310","CP138162.1",19940888,19942326,1438,1798.75,1
"2066","GCA_036942405.1_ASM3694240v1_genomic","AT1G27460","CP138161.1",9483914,9487076,3162,3908.75,1
"21105","GCA_036942405.1_ASM3694240v1_genomic","AT2G45320","CP138162.1",22591590,22593671,2081,2602.5,1
"2268","GCA_036942405.1_ASM3694240v1_genomic","AT1G30480","CP138161.1",10755923,10758619,2696,3380,1
"2366","GCA_036942405.1_ASM3694240v1_genomic","AT3G13840","CP138163.1",4596888,4598636,1748,2186.25,1
"2466","GCA_036942405.1_ASM3694240v1_genomic","AT5G38520","CP138165.1",18843077,18845204,2127,2678.75,1
"2566","GCA_036942405.1_ASM3694240v1_genomic","AT2G22260","CP138162.1",13321927,13324570,2643,3305,1
"2666","GCA_036942405.1_ASM3694240v1_genomic","AT1G49470","CP138161.1",20084612,20085898,1286,1608.75,1
"2766","GCA_036942405.1_ASM3694240v1_genomic","AT1G70560","CP138161.1",28514286,28517084,2798,3497.5,1
"2866","GCA_036942405.1_ASM3694240v1_genomic","AT3G10985","CP138163.1",3489468,3490857,1389,1805,1
"2966","GCA_036942405.1_ASM3694240v1_genomic","AT4G36390","CP138164.1",18882804,18885493,2689,3343.75,1
"3066","GCA_036942405.1_ASM3694240v1_genomic","AT4G34270","CP138164.1",18096480,18098925,2445,3075,1
"31105","GCA_036942405.1_ASM3694240v1_genomic","AT5G50000","CP138165.1",23770136,23772933,2797,3497.5,1
"3268","GCA_036942405.1_ASM3694240v1_genomic","AT1G30580","CP138161.1",10796664,10800623,3959,4953.75,1
"3365","GCA_036942405.1_ASM3694240v1_genomic","AT1G20070","CP138161.1",7038461,7039617,1156,1446.25,1
"3465","GCA_036942405.1_ASM3694240v1_genomic","AT3G25440","CP138163.1",9268259,9270058,1799,2273.75,1
"3566","GCA_036942405.1_ASM3694240v1_genomic","AT5G43680","CP138165.1",20996079,20997934,1855,2321.25,1
"3666","GCA_036942405.1_ASM3694240v1_genomic","AT1G67320","CP138161.1",27086249,27090071,3822,4778.75,1
"3766","GCA_036942405.1_ASM3694240v1_genomic","AT2G44950","CP138162.1",22456088,22462566,6478,8097.5,1
"3866","GCA_036942405.1_ASM3694240v1_genomic","AT5G24520","CP138165.1",8392095,8394625,2530,3163.75,1
"3966","GCA_036942405.1_ASM3694240v1_genomic","AT5G56890","CP138165.1",26429999,26435580,5581,6991.25,1
"4066","GCA_036942405.1_ASM3694240v1_genomic","AT1G24460","CP138161.1",8690077,8696852,6775,8472.5,1
"41103","GCA_036942405.1_ASM3694240v1_genomic","AT2G28800","CP138162.1",16214656,16217884,3228,4060,1
"4267","GCA_036942405.1_ASM3694240v1_genomic","AT5G13940","CP138165.1",4471693,4477152,5459,6863.75,1
"4434","GCA_036942405.1_ASM3694240v1_genomic","AT1G19220","CP138161.1",6716672,6722097,5425,6813.75,1
"4556","GCA_036942405.1_ASM3694240v1_genomic","AT5G01220","CP138165.1",89623,93213,3590,4468.75,1
"4665","GCA_036942405.1_ASM3694240v1_genomic","AT1G02460","CP138161.1",546870,549658,2788,3507.5,1
"4766","GCA_036942405.1_ASM3694240v1_genomic","AT1G04110","CP138161.1",1116381,1118893,2512,3141.25,1
"4866","GCA_036942405.1_ASM3694240v1_genomic","AT4G01880","CP138164.1",904757,907030,2273,2842.5,1
"4966","GCA_036942405.1_ASM3694240v1_genomic","AT2G24430","CP138162.1",14239905,14243032,3127,3911.25,1
"5054","GCA_036942405.1_ASM3694240v1_genomic","AT5G47870","CP138165.1",22813577,22815078,1501,1877.5,1
"1206","GCA_036942435.1_ASM3694243v1_genomic","AT2G27810","CP138172.1",13931625,13935882,4257,5322.5,1
"2206","GCA_036942435.1_ASM3694243v1_genomic","AT5G40530","CP138175.1",18390682,18392532,1850,2313.75,1
"3206","GCA_036942435.1_ASM3694243v1_genomic","AT3G26115","CP138173.1",9595008,9597237,2229,2787.5,1
"4203","GCA_036942435.1_ASM3694243v1_genomic","AT1G26750","CP138171.1",9267383,9268800,1417,1772.5,1
"575","GCA_036942435.1_ASM3694243v1_genomic","AT4G17540","CP138174.1",11707479,11709473,1994,2493.75,1
"667","GCA_036942435.1_ASM3694243v1_genomic","AT4G23950","CP138174.1",14375516,14378016,2500,3126.25,1
"767","GCA_036942435.1_ASM3694243v1_genomic","AT2G38360","CP138172.1",18151233,18152511,1278,1598.75,1
"867","GCA_036942435.1_ASM3694243v1_genomic","AT3G11090","CP138173.1",3537995,3538921,926,1158.75,1
"967","GCA_036942435.1_ASM3694243v1_genomic","AT5G24890","CP138175.1",8567561,8569312,1751,2190,1
"1067","GCA_036942435.1_ASM3694243v1_genomic","AT5G27970","CP138175.1",10014248,10025583,11335,14170,1
"11106","GCA_036942435.1_ASM3694243v1_genomic","AT1G49590","CP138171.1",20184467,20186456,1989,2487.5,1
"1269","GCA_036942435.1_ASM3694243v1_genomic","AT5G46910","CP138175.1",21207910,21212950,5040,6301.25,1
"1367","GCA_036942435.1_ASM3694243v1_genomic","AT1G77300","CP138171.1",30819749,30829281,9532,11916.25,1
"1467","GCA_036942435.1_ASM3694243v1_genomic","AT2G15560","CP138172.1",8862057,8864406,2349,2937.5,1
"1567","GCA_036942435.1_ASM3694243v1_genomic","AT3G27310","CP138173.1",10139818,10141972,2154,2693.75,1
"1667","GCA_036942435.1_ASM3694243v1_genomic","AT5G42950","CP138175.1",19385659,19392773,7114,8893.75,1
"1767","GCA_036942435.1_ASM3694243v1_genomic","AT5G47380","CP138175.1",21382842,21386220,3378,4223.75,1
"1867","GCA_036942435.1_ASM3694243v1_genomic","AT3G06035","CP138173.1",1883452,1884857,1405,1757.5,1
"1967","GCA_036942435.1_ASM3694243v1_genomic","AT2G38310","CP138172.1",18131765,18133203,1438,1798.75,1
"2067","GCA_036942435.1_ASM3694243v1_genomic","AT2G21100","CP138172.1",11127440,11128714,1274,1592.5,1
"21106","GCA_036942435.1_ASM3694243v1_genomic","AT1G27460","CP138171.1",9555192,9558318,3126,3908.75,1
"2269","GCA_036942435.1_ASM3694243v1_genomic","AT2G45320","CP138172.1",20769154,20771235,2081,2602.5,1
"2367","GCA_036942435.1_ASM3694243v1_genomic","AT1G30480","CP138171.1",10810737,10813440,2703,3380,1
"2467","GCA_036942435.1_ASM3694243v1_genomic","AT3G13840","CP138173.1",4618417,4620165,1748,2186.25,1
"2567","GCA_036942435.1_ASM3694243v1_genomic","AT5G38520","CP138175.1",17563951,17566093,2142,2678.75,1
"2667","GCA_036942435.1_ASM3694243v1_genomic","AT2G22260","CP138172.1",11540212,11542855,2643,3305,1
"2767","GCA_036942435.1_ASM3694243v1_genomic","AT1G49470","CP138171.1",20140151,20141437,1286,1608.75,1
"2867","GCA_036942435.1_ASM3694243v1_genomic","AT1G70560","CP138171.1",28384566,28387363,2797,3497.5,1
"2967","GCA_036942435.1_ASM3694243v1_genomic","AT3G10985","CP138173.1",3505310,3506753,1443,1805,1
"3067","GCA_036942435.1_ASM3694243v1_genomic","AT4G36390","CP138174.1",19128019,19130693,2674,3343.75,1
"31106","GCA_036942435.1_ASM3694243v1_genomic","AT4G34270","CP138174.1",18337282,18339741,2459,3075,1
"3269","GCA_036942435.1_ASM3694243v1_genomic","AT5G50000","CP138175.1",22504067,22506864,2797,3497.5,1
"3366","GCA_036942435.1_ASM3694243v1_genomic","AT1G30580","CP138171.1",10852388,10856350,3962,4953.75,1
"3466","GCA_036942435.1_ASM3694243v1_genomic","AT1G20070","CP138171.1",6961183,6962339,1156,1446.25,1
"3567","GCA_036942435.1_ASM3694243v1_genomic","AT3G25440","CP138173.1",9276699,9278517,1818,2273.75,1
"3667","GCA_036942435.1_ASM3694243v1_genomic","AT5G43680","CP138175.1",19705388,19707244,1856,2321.25,1
"3767","GCA_036942435.1_ASM3694243v1_genomic","AT1G67320","CP138171.1",26985001,26988823,3822,4778.75,1
"3867","GCA_036942435.1_ASM3694243v1_genomic","AT2G44950","CP138172.1",20627211,20633688,6477,8097.5,1
"3967","GCA_036942435.1_ASM3694243v1_genomic","AT5G24520","CP138175.1",8380142,8382672,2530,3163.75,1
"4067","GCA_036942435.1_ASM3694243v1_genomic","AT5G56890","CP138175.1",25147157,25152749,5592,6991.25,1
"41104","GCA_036942435.1_ASM3694243v1_genomic","AT1G24460","CP138171.1",8669985,8676763,6778,8472.5,1
"4268","GCA_036942435.1_ASM3694243v1_genomic","AT2G28800","CP138172.1",14435894,14439141,3247,4060,1
"4329","GCA_036942435.1_ASM3694243v1_genomic","AT5G13940","CP138175.1",4501725,4507215,5490,6863.75,1
"4435","GCA_036942435.1_ASM3694243v1_genomic","AT1G19220","CP138171.1",6630894,6636344,5450,6813.75,1
"4557","GCA_036942435.1_ASM3694243v1_genomic","AT5G01220","CP138175.1",88497,92071,3574,4468.75,1
"4666","GCA_036942435.1_ASM3694243v1_genomic","AT1G02460","CP138171.1",507726,510529,2803,3507.5,1
"4767","GCA_036942435.1_ASM3694243v1_genomic","AT1G04110","CP138171.1",1064579,1067091,2512,3141.25,1
"4867","GCA_036942435.1_ASM3694243v1_genomic","AT4G01880","CP138174.1",816075,818348,2273,2842.5,1
"4967","GCA_036942435.1_ASM3694243v1_genomic","AT2G24430","CP138172.1",12462765,12465893,3128,3911.25,1
"5055","GCA_036942435.1_ASM3694243v1_genomic","AT5G47870","CP138175.1",21545937,21547438,1501,1877.5,1
"1207","GCA_036942445.1_ASM3694244v1_genomic","AT2G27810","CP138167.1",13470359,13474629,4270,5322.5,1
"2207","GCA_036942445.1_ASM3694244v1_genomic","AT5G40530","CP138170.1",17027502,17029369,1867,2313.75,1
"3207","GCA_036942445.1_ASM3694244v1_genomic","AT3G26115","CP138168.1",9529780,9532009,2229,2787.5,1
"4204","GCA_036942445.1_ASM3694244v1_genomic","AT1G26750","CP138166.1",9086039,9087454,1415,1772.5,1
"576","GCA_036942445.1_ASM3694244v1_genomic","AT4G17540","CP138169.1",11816865,11818859,1994,2493.75,1
"668","GCA_036942445.1_ASM3694244v1_genomic","AT4G23950","CP138169.1",14397587,14400087,2500,3126.25,1
"768","GCA_036942445.1_ASM3694244v1_genomic","AT2G38360","CP138167.1",17689889,17691167,1278,1598.75,1
"868","GCA_036942445.1_ASM3694244v1_genomic","AT3G11090","CP138168.1",3504217,3505143,926,1158.75,1
"968","GCA_036942445.1_ASM3694244v1_genomic","AT5G24890","CP138170.1",8588364,8590111,1747,2190,1
"1068","GCA_036942445.1_ASM3694244v1_genomic","AT5G27970","CP138170.1",10057094,10068429,11335,14170,1
"11107","GCA_036942445.1_ASM3694244v1_genomic","AT1G49590","CP138166.1",20497375,20499378,2003,2487.5,1
"1270","GCA_036942445.1_ASM3694244v1_genomic","AT5G46910","CP138170.1",19804858,19809895,5037,6301.25,1
"1368","GCA_036942445.1_ASM3694244v1_genomic","AT1G77300","CP138166.1",31136527,31146051,9524,11916.25,1
"1468","GCA_036942445.1_ASM3694244v1_genomic","AT2G15560","CP138167.1",8347825,8350146,2321,2937.5,1
"1568","GCA_036942445.1_ASM3694244v1_genomic","AT3G27310","CP138168.1",10082251,10084405,2154,2693.75,1
"1668","GCA_036942445.1_ASM3694244v1_genomic","AT5G42950","CP138170.1",18026346,18033446,7100,8893.75,1
"1768","GCA_036942445.1_ASM3694244v1_genomic","AT5G47380","CP138170.1",19980709,19984086,3377,4223.75,1
"1868","GCA_036942445.1_ASM3694244v1_genomic","AT3G06035","CP138168.1",1849293,1850699,1406,1757.5,1
"1968","GCA_036942445.1_ASM3694244v1_genomic","AT2G38310","CP138167.1",17670421,17671859,1438,1798.75,1
"2068","GCA_036942445.1_ASM3694244v1_genomic","AT1G27460","CP138166.1",9370555,9373718,3163,3908.75,1
"21107","GCA_036942445.1_ASM3694244v1_genomic","AT2G45320","CP138167.1",20290510,20292590,2080,2602.5,1
"2270","GCA_036942445.1_ASM3694244v1_genomic","AT1G30480","CP138166.1",10580541,10583237,2696,3380,1
"2368","GCA_036942445.1_ASM3694244v1_genomic","AT3G13840","CP138168.1",4559152,4560900,1748,2186.25,1
"2468","GCA_036942445.1_ASM3694244v1_genomic","AT5G38520","CP138170.1",16202792,16204934,2142,2678.75,1
"2568","GCA_036942445.1_ASM3694244v1_genomic","AT2G22260","CP138167.1",11059444,11062087,2643,3305,1
"2668","GCA_036942445.1_ASM3694244v1_genomic","AT1G49470","CP138166.1",20448542,20449828,1286,1608.75,1
"2768","GCA_036942445.1_ASM3694244v1_genomic","AT1G70560","CP138166.1",28695136,28697932,2796,3497.5,1
"2868","GCA_036942445.1_ASM3694244v1_genomic","AT3G10985","CP138168.1",3471563,3473003,1440,1805,1
"2968","GCA_036942445.1_ASM3694244v1_genomic","AT4G36390","CP138169.1",19137859,19140533,2674,3343.75,1
"3068","GCA_036942445.1_ASM3694244v1_genomic","AT4G34270","CP138169.1",18346841,18349286,2445,3075,1
"31107","GCA_036942445.1_ASM3694244v1_genomic","AT5G50000","CP138170.1",21096841,21099640,2799,3497.5,1
"3270","GCA_036942445.1_ASM3694244v1_genomic","AT1G30580","CP138166.1",10622946,10626873,3927,4953.75,1
"3367","GCA_036942445.1_ASM3694244v1_genomic","AT1G20070","CP138166.1",6943387,6944543,1156,1446.25,1
"3467","GCA_036942445.1_ASM3694244v1_genomic","AT3G25440","CP138168.1",9222322,9224138,1816,2273.75,1
"3568","GCA_036942445.1_ASM3694244v1_genomic","AT5G43680","CP138170.1",18333145,18334812,1667,2321.25,1
"3668","GCA_036942445.1_ASM3694244v1_genomic","AT1G67320","CP138166.1",27285194,27289017,3823,4778.75,1
"3768","GCA_036942445.1_ASM3694244v1_genomic","AT2G44950","CP138167.1",20151645,20158124,6479,8097.5,1
"3868","GCA_036942445.1_ASM3694244v1_genomic","AT5G24520","CP138170.1",8396249,8398779,2530,3163.75,1
"3968","GCA_036942445.1_ASM3694244v1_genomic","AT5G56890","CP138170.1",23742380,23747974,5594,6991.25,1
"4068","GCA_036942445.1_ASM3694244v1_genomic","AT1G24460","CP138166.1",8592417,8599193,6776,8472.5,1
"41105","GCA_036942445.1_ASM3694244v1_genomic","AT2G28800","CP138167.1",13983899,13987146,3247,4060,1
"4269","GCA_036942445.1_ASM3694244v1_genomic","AT5G13940","CP138170.1",4528979,4534469,5490,6863.75,1
"4330","GCA_036942445.1_ASM3694244v1_genomic","AT1G19220","CP138166.1",6610888,6616336,5448,6813.75,1
"4436","GCA_036942445.1_ASM3694244v1_genomic","AT5G01220","CP138170.1",85683,89261,3578,4468.75,1
"4558","GCA_036942445.1_ASM3694244v1_genomic","AT1G02460","CP138166.1",512512,515319,2807,3507.5,1
"4667","GCA_036942445.1_ASM3694244v1_genomic","AT1G04110","CP138166.1",1071374,1073886,2512,3141.25,1
"4768","GCA_036942445.1_ASM3694244v1_genomic","AT4G01880","CP138169.1",802314,804592,2278,2842.5,1
"4868","GCA_036942445.1_ASM3694244v1_genomic","AT2G24430","CP138167.1",11984958,11988100,3142,3911.25,1
"4968","GCA_036942445.1_ASM3694244v1_genomic","AT5G47870","CP138170.1",20142143,20143644,1501,1877.5,1
"1208","GCA_036942575.1_ASM3694257v1_genomic","AT2G27810","CP138177.1",14676853,14681120,4267,5322.5,1
"2208","GCA_036942575.1_ASM3694257v1_genomic","AT5G40530","CP138180.1",20256967,20258834,1867,2313.75,1
"3208","GCA_036942575.1_ASM3694257v1_genomic","AT3G26115","CP138178.1",9605338,9607540,2202,2787.5,1
"4205","GCA_036942575.1_ASM3694257v1_genomic","AT1G26750","CP138176.1",9152275,9153692,1417,1772.5,1
"577","GCA_036942575.1_ASM3694257v1_genomic","AT4G17540","CP138179.1",11892069,11894063,1994,2493.75,1
"669","GCA_036942575.1_ASM3694257v1_genomic","AT4G23950","CP138179.1",14574892,14577392,2500,3126.25,1
"769","GCA_036942575.1_ASM3694257v1_genomic","AT2G38360","CP138177.1",18929615,18930893,1278,1598.75,1
"869","GCA_036942575.1_ASM3694257v1_genomic","AT3G11090","CP138178.1",3540989,3541915,926,1158.75,1
"969","GCA_036942575.1_ASM3694257v1_genomic","AT5G24890","CP138180.1",8630276,8632029,1753,2190,1
"1069","GCA_036942575.1_ASM3694257v1_genomic","AT5G27970","CP138180.1",10091472,10102806,11334,14170,1
"11108","GCA_036942575.1_ASM3694257v1_genomic","AT1G49590","CP138176.1",20830279,20832268,1989,2487.5,1
"1271","GCA_036942575.1_ASM3694257v1_genomic","AT5G46910","CP138180.1",22988355,22993375,5020,6301.25,1
"1369","GCA_036942575.1_ASM3694257v1_genomic","AT1G77300","CP138176.1",31520226,31529746,9520,11916.25,1
"1469","GCA_036942575.1_ASM3694257v1_genomic","AT2G15560","CP138177.1",9447124,9449445,2321,2937.5,1
"1569","GCA_036942575.1_ASM3694257v1_genomic","AT3G27310","CP138178.1",10141851,10144004,2153,2693.75,1
"1669","GCA_036942575.1_ASM3694257v1_genomic","AT5G42950","CP138180.1",21251250,21258364,7114,8893.75,1
"1769","GCA_036942575.1_ASM3694257v1_genomic","AT5G47380","CP138180.1",23171173,23174551,3378,4223.75,1
"1869","GCA_036942575.1_ASM3694257v1_genomic","AT3G06035","CP138178.1",1855905,1857309,1404,1757.5,1
"1969","GCA_036942575.1_ASM3694257v1_genomic","AT2G38310","CP138177.1",18910151,18911589,1438,1798.75,1
"2069","GCA_036942575.1_ASM3694257v1_genomic","AT1G27460","CP138176.1",9440605,9443731,3126,3908.75,1
"21108","GCA_036942575.1_ASM3694257v1_genomic","AT2G45320","CP138177.1",21547607,21549688,2081,2602.5,1
"2271","GCA_036942575.1_ASM3694257v1_genomic","AT1G30480","CP138176.1",10705048,10707736,2688,3380,1
"2369","GCA_036942575.1_ASM3694257v1_genomic","AT3G13840","CP138178.1",4603391,4605139,1748,2186.25,1
"2469","GCA_036942575.1_ASM3694257v1_genomic","AT5G38520","CP138180.1",19426037,19428189,2152,2678.75,1
"2569","GCA_036942575.1_ASM3694257v1_genomic","AT2G22260","CP138177.1",12204792,12207435,2643,3305,1
"2669","GCA_036942575.1_ASM3694257v1_genomic","AT1G49470","CP138176.1",20786379,20787665,1286,1608.75,1
"2769","GCA_036942575.1_ASM3694257v1_genomic","AT1G70560","CP138176.1",29047527,29050326,2799,3497.5,1
"2869","GCA_036942575.1_ASM3694257v1_genomic","AT3G10985","CP138178.1",3508893,3510287,1394,1805,1
"2969","GCA_036942575.1_ASM3694257v1_genomic","AT4G36390","CP138179.1",19388836,19391510,2674,3343.75,1
"3069","GCA_036942575.1_ASM3694257v1_genomic","AT4G34270","CP138179.1",18598989,18601412,2423,3075,1
"31108","GCA_036942575.1_ASM3694257v1_genomic","AT5G50000","CP138180.1",24315868,24318667,2799,3497.5,1
"3271","GCA_036942575.1_ASM3694257v1_genomic","AT1G30580","CP138176.1",10750583,10754544,3961,4953.75,1
"3368","GCA_036942575.1_ASM3694257v1_genomic","AT1G20070","CP138176.1",6986231,6987387,1156,1446.25,1
"3468","GCA_036942575.1_ASM3694257v1_genomic","AT3G25440","CP138178.1",9290787,9292603,1816,2273.75,1
"3569","GCA_036942575.1_ASM3694257v1_genomic","AT5G43680","CP138180.1",21569148,21570991,1843,2321.25,1
"3669","GCA_036942575.1_ASM3694257v1_genomic","AT1G67320","CP138176.1",27636660,27640482,3822,4778.75,1
"3769","GCA_036942575.1_ASM3694257v1_genomic","AT2G44950","CP138177.1",21410240,21416717,6477,8097.5,1
"3869","GCA_036942575.1_ASM3694257v1_genomic","AT5G24520","CP138180.1",8432623,8435153,2530,3163.75,1
"3969","GCA_036942575.1_ASM3694257v1_genomic","AT5G56890","CP138180.1",26960466,26966055,5589,6991.25,1
"4069","GCA_036942575.1_ASM3694257v1_genomic","AT1G24460","CP138176.1",8650025,8656796,6771,8472.5,1
"41106","GCA_036942575.1_ASM3694257v1_genomic","AT2G28800","CP138177.1",15185432,15188678,3246,4060,1
"4270","GCA_036942575.1_ASM3694257v1_genomic","AT5G13940","CP138180.1",4517517,4523006,5489,6863.75,1
"4559","GCA_036942575.1_ASM3694257v1_genomic","AT1G19220","CP138176.1",6656907,6662350,5443,6813.75,1
"4668","GCA_036942575.1_ASM3694257v1_genomic","AT5G01220","CP138180.1",80228,83819,3591,4468.75,1
"4769","GCA_036942575.1_ASM3694257v1_genomic","AT1G02460","CP138176.1",515164,517961,2797,3507.5,1
"4869","GCA_036942575.1_ASM3694257v1_genomic","AT1G04110","CP138176.1",1079787,1082299,2512,3141.25,1
"4969","GCA_036942575.1_ASM3694257v1_genomic","AT4G01880","CP138179.1",785387,787660,2273,2842.5,1
"5056","GCA_036942575.1_ASM3694257v1_genomic","AT2G24430","CP138177.1",13139432,13142548,3116,3911.25,1
"5138","GCA_036942575.1_ASM3694257v1_genomic","AT5G47870","CP138180.1",23345500,23347000,1500,1877.5,1
"1209","GCA_036942965.1_ASM3694296v1_genomic","AT2G27810","CP138182.1",13353610,13357880,4270,5322.5,1
"2209","GCA_036942965.1_ASM3694296v1_genomic","AT5G40530","CP138185.1",20166475,20168340,1865,2313.75,1
"3209","GCA_036942965.1_ASM3694296v1_genomic","AT3G26115","CP138183.1",9585343,9587546,2203,2787.5,1
"4206","GCA_036942965.1_ASM3694296v1_genomic","AT1G26750","CP138181.1",9142763,9144180,1417,1772.5,1
"578","GCA_036942965.1_ASM3694296v1_genomic","AT4G17540","CP138184.1",15154737,15156731,1994,2493.75,1
"670","GCA_036942965.1_ASM3694296v1_genomic","AT4G23950","CP138184.1",17829688,17832188,2500,3126.25,1
"770","GCA_036942965.1_ASM3694296v1_genomic","AT2G38360","CP138182.1",17607289,17608567,1278,1598.75,1
"870","GCA_036942965.1_ASM3694296v1_genomic","AT3G11090","CP138183.1",3561424,3562350,926,1158.75,1
"970","GCA_036942965.1_ASM3694296v1_genomic","AT5G24890","CP138185.1",8724741,8726496,1755,2190,1
"1070","GCA_036942965.1_ASM3694296v1_genomic","AT5G27970","CP138185.1",10166880,10178218,11338,14170,1
"11109","GCA_036942965.1_ASM3694296v1_genomic","AT1G49590","CP138181.1",20102853,20104842,1989,2487.5,1
"1272","GCA_036942965.1_ASM3694296v1_genomic","AT5G46910","CP138185.1",22917737,22922776,5039,6301.25,1
"1370","GCA_036942965.1_ASM3694296v1_genomic","AT1G77300","CP138181.1",30803856,30813384,9528,11916.25,1
"1470","GCA_036942965.1_ASM3694296v1_genomic","AT2G15560","CP138182.1",8193163,8195514,2351,2937.5,1
"1570","GCA_036942965.1_ASM3694296v1_genomic","AT3G27310","CP138183.1",10145929,10148082,2153,2693.75,1
"1670","GCA_036942965.1_ASM3694296v1_genomic","AT5G42950","CP138185.1",21170088,21177190,7102,8893.75,1
"1770","GCA_036942965.1_ASM3694296v1_genomic","AT5G47380","CP138185.1",23089543,23092921,3378,4223.75,1
"1870","GCA_036942965.1_ASM3694296v1_genomic","AT3G06035","CP138183.1",1840505,1841908,1403,1757.5,1
"1970","GCA_036942965.1_ASM3694296v1_genomic","AT2G38310","CP138182.1",17587851,17589291,1440,1798.75,1
"2070","GCA_036942965.1_ASM3694296v1_genomic","AT1G27460","CP138181.1",9430472,9433598,3126,3908.75,1
"21109","GCA_036942965.1_ASM3694296v1_genomic","AT2G45320","CP138182.1",20259307,20261388,2081,2602.5,1
"2272","GCA_036942965.1_ASM3694296v1_genomic","AT1G30480","CP138181.1",10676531,10679128,2597,3380,1
"2370","GCA_036942965.1_ASM3694296v1_genomic","AT3G13840","CP138183.1",4644633,4646381,1748,2186.25,1
"2470","GCA_036942965.1_ASM3694296v1_genomic","AT5G38520","CP138185.1",19350723,19352865,2142,2678.75,1
"2570","GCA_036942965.1_ASM3694296v1_genomic","AT2G22260","CP138182.1",10935628,10938271,2643,3305,1
"2670","GCA_036942965.1_ASM3694296v1_genomic","AT1G49470","CP138181.1",20059249,20060535,1286,1608.75,1
"2770","GCA_036942965.1_ASM3694296v1_genomic","AT1G70560","CP138181.1",28340701,28343498,2797,3497.5,1
"2870","GCA_036942965.1_ASM3694296v1_genomic","AT3G10985","CP138183.1",3524348,3525737,1389,1805,1
"2970","GCA_036942965.1_ASM3694296v1_genomic","AT4G36390","CP138184.1",22634698,22637387,2689,3343.75,1
"3070","GCA_036942965.1_ASM3694296v1_genomic","AT4G34270","CP138184.1",21830068,21832527,2459,3075,1
"31109","GCA_036942965.1_ASM3694296v1_genomic","AT5G50000","CP138185.1",24218651,24221448,2797,3497.5,1
"3272","GCA_036942965.1_ASM3694296v1_genomic","AT1G30580","CP138181.1",10717578,10721538,3960,4953.75,1
"3369","GCA_036942965.1_ASM3694296v1_genomic","AT1G20070","CP138181.1",6972740,6973896,1156,1446.25,1
"3469","GCA_036942965.1_ASM3694296v1_genomic","AT3G25440","CP138183.1",9278888,9280704,1816,2273.75,1
"3570","GCA_036942965.1_ASM3694296v1_genomic","AT5G43680","CP138185.1",21476712,21478555,1843,2321.25,1
"3670","GCA_036942965.1_ASM3694296v1_genomic","AT1G67320","CP138181.1",26916766,26920588,3822,4778.75,1
"3770","GCA_036942965.1_ASM3694296v1_genomic","AT2G44950","CP138182.1",20120355,20126827,6472,8097.5,1
"3870","GCA_036942965.1_ASM3694296v1_genomic","AT5G24520","CP138185.1",8528465,8530995,2530,3163.75,1
"3970","GCA_036942965.1_ASM3694296v1_genomic","AT5G56890","CP138185.1",26859249,26864838,5589,6991.25,1
"4070","GCA_036942965.1_ASM3694296v1_genomic","AT1G24460","CP138181.1",8623893,8630668,6775,8472.5,1
"41107","GCA_036942965.1_ASM3694296v1_genomic","AT2G28800","CP138182.1",13866631,13869877,3246,4060,1
"4271","GCA_036942965.1_ASM3694296v1_genomic","AT5G13940","CP138185.1",4468064,4473470,5406,6863.75,1
"4669","GCA_036942965.1_ASM3694296v1_genomic","AT1G19220","CP138181.1",6640853,6646290,5437,6813.75,1
"4770","GCA_036942965.1_ASM3694296v1_genomic","AT5G01220","CP138185.1",83227,86816,3589,4468.75,1
"4870","GCA_036942965.1_ASM3694296v1_genomic","AT1G02460","CP138181.1",512964,515781,2817,3507.5,1
"4970","GCA_036942965.1_ASM3694296v1_genomic","AT1G04110","CP138181.1",1086313,1088825,2512,3141.25,1
"5057","GCA_036942965.1_ASM3694296v1_genomic","AT4G01880","CP138184.1",803340,805612,2272,2842.5,1
"5139","GCA_036942965.1_ASM3694296v1_genomic","AT2G24430","CP138182.1",11866031,11869153,3122,3911.25,1
"5218","GCA_036942965.1_ASM3694296v1_genomic","AT5G47870","CP138185.1",23248925,23250429,1504,1877.5,1
"1273","GCA_036942975.1_ASM3694297v1_genomic","AT2G27810","CP138187.1",12638649,12642920,4271,5322.5,1
"2273","GCA_036942975.1_ASM3694297v1_genomic","AT5G40530","CP138190.1",19036872,19038739,1867,2313.75,1
"3273","GCA_036942975.1_ASM3694297v1_genomic","AT3G26115","CP138188.1",9546330,9548522,2192,2787.5,1
"4207","GCA_036942975.1_ASM3694297v1_genomic","AT1G26750","CP138186.1",9122111,9123528,1417,1772.5,1
"579","GCA_036942975.1_ASM3694297v1_genomic","AT4G17540","CP138189.1",11698122,11700116,1994,2493.75,1
"671","GCA_036942975.1_ASM3694297v1_genomic","AT4G23950","CP138189.1",14315251,14317749,2498,3126.25,1
"771","GCA_036942975.1_ASM3694297v1_genomic","AT2G38360","CP138187.1",16844210,16845488,1278,1598.75,1
"871","GCA_036942975.1_ASM3694297v1_genomic","AT3G11090","CP138188.1",3502576,3503502,926,1158.75,1
"971","GCA_036942975.1_ASM3694297v1_genomic","AT5G24890","CP138190.1",8631943,8633697,1754,2190,1
"1071","GCA_036942975.1_ASM3694297v1_genomic","AT5G27970","CP138190.1",10087152,10098483,11331,14170,1
"11110","GCA_036942975.1_ASM3694297v1_genomic","AT1G49590","CP138186.1",20145988,20147976,1988,2487.5,1
"1274","GCA_036942975.1_ASM3694297v1_genomic","AT5G46910","CP138190.1",21817176,21822228,5052,6301.25,1
"1371","GCA_036942975.1_ASM3694297v1_genomic","AT1G77300","CP138186.1",30851306,30860826,9520,11916.25,1
"1471","GCA_036942975.1_ASM3694297v1_genomic","AT2G15560","CP138187.1",7547326,7549677,2351,2937.5,1
"1571","GCA_036942975.1_ASM3694297v1_genomic","AT3G27310","CP138188.1",10104152,10106305,2153,2693.75,1
"1671","GCA_036942975.1_ASM3694297v1_genomic","AT5G42950","CP138190.1",20030770,20037884,7114,8893.75,1
"1771","GCA_036942975.1_ASM3694297v1_genomic","AT5G47380","CP138190.1",21994077,21997455,3378,4223.75,1
"1871","GCA_036942975.1_ASM3694297v1_genomic","AT3G06035","CP138188.1",1829554,1830959,1405,1757.5,1
"1971","GCA_036942975.1_ASM3694297v1_genomic","AT2G38310","CP138187.1",16824750,16826187,1437,1798.75,1
"2071","GCA_036942975.1_ASM3694297v1_genomic","AT1G27460","CP138186.1",9398870,9401996,3126,3908.75,1
"21110","GCA_036942975.1_ASM3694297v1_genomic","AT2G45320","CP138187.1",19464867,19466948,2081,2602.5,1
"2274","GCA_036942975.1_ASM3694297v1_genomic","AT1G30480","CP138186.1",10652736,10655438,2702,3380,1
"2371","GCA_036942975.1_ASM3694297v1_genomic","AT3G13840","CP138188.1",4578248,4579996,1748,2186.25,1
"2471","GCA_036942975.1_ASM3694297v1_genomic","AT5G38520","CP138190.1",18240119,18242261,2142,2678.75,1
"2571","GCA_036942975.1_ASM3694297v1_genomic","AT2G22260","CP138187.1",10257288,10259931,2643,3305,1
"2671","GCA_036942975.1_ASM3694297v1_genomic","AT1G49470","CP138186.1",20101695,20102981,1286,1608.75,1
"2771","GCA_036942975.1_ASM3694297v1_genomic","AT1G70560","CP138186.1",28402553,28405350,2797,3497.5,1
"2871","GCA_036942975.1_ASM3694297v1_genomic","AT3G10985","CP138188.1",3469460,3470900,1440,1805,1
"2971","GCA_036942975.1_ASM3694297v1_genomic","AT4G36390","CP138189.1",19079292,19081966,2674,3343.75,1
"3071","GCA_036942975.1_ASM3694297v1_genomic","AT4G34270","CP138189.1",18280922,18283376,2454,3075,1
"31110","GCA_036942975.1_ASM3694297v1_genomic","AT5G50000","CP138190.1",23086594,23089390,2796,3497.5,1
"3274","GCA_036942975.1_ASM3694297v1_genomic","AT1G30580","CP138186.1",10694385,10698345,3960,4953.75,1
"3370","GCA_036942975.1_ASM3694297v1_genomic","AT1G20070","CP138186.1",6940038,6941194,1156,1446.25,1
"3470","GCA_036942975.1_ASM3694297v1_genomic","AT3G25440","CP138188.1",9234387,9236204,1817,2273.75,1
"3571","GCA_036942975.1_ASM3694297v1_genomic","AT5G43680","CP138190.1",20363404,20365259,1855,2321.25,1
"3671","GCA_036942975.1_ASM3694297v1_genomic","AT1G67320","CP138186.1",26995491,26999312,3821,4778.75,1
"3771","GCA_036942975.1_ASM3694297v1_genomic","AT2G44950","CP138187.1",19326148,19332625,6477,8097.5,1
"3871","GCA_036942975.1_ASM3694297v1_genomic","AT5G24520","CP138190.1",8442037,8444460,2423,3163.75,1
"3971","GCA_036942975.1_ASM3694297v1_genomic","AT5G56890","CP138190.1",25730772,25736355,5583,6991.25,1
"4071","GCA_036942975.1_ASM3694297v1_genomic","AT1G24460","CP138186.1",8603153,8609928,6775,8472.5,1
"41108","GCA_036942975.1_ASM3694297v1_genomic","AT2G28800","CP138187.1",13140389,13143623,3234,4060,1
"4272","GCA_036942975.1_ASM3694297v1_genomic","AT5G13940","CP138190.1",4520938,4526449,5511,6863.75,1
"4437","GCA_036942975.1_ASM3694297v1_genomic","AT1G19220","CP138186.1",6622032,6627468,5436,6813.75,1
"4560","GCA_036942975.1_ASM3694297v1_genomic","AT5G01220","CP138190.1",89736,93306,3570,4468.75,1
"4670","GCA_036942975.1_ASM3694297v1_genomic","AT1G02460","CP138186.1",502090,504897,2807,3507.5,1
"4771","GCA_036942975.1_ASM3694297v1_genomic","AT1G04110","CP138186.1",1067563,1070075,2512,3141.25,1
"4871","GCA_036942975.1_ASM3694297v1_genomic","AT4G01880","CP138189.1",803855,806127,2272,2842.5,1
"4971","GCA_036942975.1_ASM3694297v1_genomic","AT2G24430","CP138187.1",11169814,11172941,3127,3911.25,1
"5058","GCA_036942975.1_ASM3694297v1_genomic","AT5G47870","CP138190.1",22151764,22153264,1500,1877.5,1
"1275","GCA_946402385.1_AUZE-A-5.PacbioHiFiAssembly_genomic","AT2G27810","OX291430.1",14503762,14508019,4257,5322.5,1
"2275","GCA_946402385.1_AUZE-A-5.PacbioHiFiAssembly_genomic","AT5G40530","OX291433.1",19495131,19496998,1867,2313.75,1
"3275","GCA_946402385.1_AUZE-A-5.PacbioHiFiAssembly_genomic","AT3G26115","OX291431.1",9585470,9587673,2203,2787.5,1
"4208","GCA_946402385.1_AUZE-A-5.PacbioHiFiAssembly_genomic","AT1G26750","OX291429.1",9114760,9116177,1417,1772.5,1
"580","GCA_946402385.1_AUZE-A-5.PacbioHiFiAssembly_genomic","AT4G17540","OX291432.1",13400213,13402207,1994,2493.75,1
"672","GCA_946402385.1_AUZE-A-5.PacbioHiFiAssembly_genomic","AT4G23950","OX291432.1",16013475,16015975,2500,3126.25,1
"772","GCA_946402385.1_AUZE-A-5.PacbioHiFiAssembly_genomic","AT2G38360","OX291430.1",18697655,18698934,1279,1598.75,1
"872","GCA_946402385.1_AUZE-A-5.PacbioHiFiAssembly_genomic","AT3G11090","OX291431.1",3494606,3495532,926,1158.75,1
"972","GCA_946402385.1_AUZE-A-5.PacbioHiFiAssembly_genomic","AT5G24890","OX291433.1",8558139,8559889,1750,2190,1
"1072","GCA_946402385.1_AUZE-A-5.PacbioHiFiAssembly_genomic","AT5G27970","OX291433.1",9964334,9975667,11333,14170,1
"11111","GCA_946402385.1_AUZE-A-5.PacbioHiFiAssembly_genomic","AT1G49590","OX291429.1",20064723,20066712,1989,2487.5,1
"1276","GCA_946402385.1_AUZE-A-5.PacbioHiFiAssembly_genomic","AT5G46910","OX291433.1",22271887,22276926,5039,6301.25,1
"1372","GCA_946402385.1_AUZE-A-5.PacbioHiFiAssembly_genomic","AT1G77300","OX291429.1",30729191,30738711,9520,11916.25,1
"1472","GCA_946402385.1_AUZE-A-5.PacbioHiFiAssembly_genomic","AT2G15560","OX291430.1",9411393,9413714,2321,2937.5,1
"1572","GCA_946402385.1_AUZE-A-5.PacbioHiFiAssembly_genomic","AT3G27310","OX291431.1",10137503,10139657,2154,2693.75,1
"1672","GCA_946402385.1_AUZE-A-5.PacbioHiFiAssembly_genomic","AT5G42950","OX291433.1",20502106,20509220,7114,8893.75,1
"1772","GCA_946402385.1_AUZE-A-5.PacbioHiFiAssembly_genomic","AT5G47380","OX291433.1",22444018,22447396,3378,4223.75,1
"1872","GCA_946402385.1_AUZE-A-5.PacbioHiFiAssembly_genomic","AT3G06035","OX291431.1",1825787,1827193,1406,1757.5,1
"1972","GCA_946402385.1_AUZE-A-5.PacbioHiFiAssembly_genomic","AT2G38310","OX291430.1",18678204,18679642,1438,1798.75,1
"2072","GCA_946402385.1_AUZE-A-5.PacbioHiFiAssembly_genomic","AT1G27460","OX291429.1",9395273,9398436,3163,3908.75,1
"21111","GCA_946402385.1_AUZE-A-5.PacbioHiFiAssembly_genomic","AT2G45320","OX291430.1",21309613,21311693,2080,2602.5,1
"2276","GCA_946402385.1_AUZE-A-5.PacbioHiFiAssembly_genomic","AT1G30480","OX291429.1",10625828,10628496,2668,3380,1
"2372","GCA_946402385.1_AUZE-A-5.PacbioHiFiAssembly_genomic","AT3G13840","OX291431.1",4555795,4557543,1748,2186.25,1
"2472","GCA_946402385.1_AUZE-A-5.PacbioHiFiAssembly_genomic","AT5G38520","OX291433.1",18451426,18453564,2138,2678.75,1
"2572","GCA_946402385.1_AUZE-A-5.PacbioHiFiAssembly_genomic","AT2G22260","OX291430.1",12083507,12086150,2643,3305,1
"2672","GCA_946402385.1_AUZE-A-5.PacbioHiFiAssembly_genomic","AT1G49470","OX291429.1",20021363,20022649,1286,1608.75,1
"2772","GCA_946402385.1_AUZE-A-5.PacbioHiFiAssembly_genomic","AT1G70560","OX291429.1",28280542,28283341,2799,3497.5,1
"2872","GCA_946402385.1_AUZE-A-5.PacbioHiFiAssembly_genomic","AT3G10985","OX291431.1",3461221,3462664,1443,1805,1
"2972","GCA_946402385.1_AUZE-A-5.PacbioHiFiAssembly_genomic","AT4G36390","OX291432.1",20788964,20791638,2674,3343.75,1
"3072","GCA_946402385.1_AUZE-A-5.PacbioHiFiAssembly_genomic","AT4G34270","OX291432.1",19998012,20000472,2460,3075,1
"31111","GCA_946402385.1_AUZE-A-5.PacbioHiFiAssembly_genomic","AT5G50000","OX291433.1",23577776,23580574,2798,3497.5,1
"3276","GCA_946402385.1_AUZE-A-5.PacbioHiFiAssembly_genomic","AT1G30580","OX291429.1",10666602,10670562,3960,4953.75,1
"3371","GCA_946402385.1_AUZE-A-5.PacbioHiFiAssembly_genomic","AT1G20070","OX291429.1",6956997,6958153,1156,1446.25,1
"3471","GCA_946402385.1_AUZE-A-5.PacbioHiFiAssembly_genomic","AT3G25440","OX291431.1",9272127,9273942,1815,2273.75,1
"3572","GCA_946402385.1_AUZE-A-5.PacbioHiFiAssembly_genomic","AT5G43680","OX291433.1",20793105,20794752,1647,2321.25,1
"3672","GCA_946402385.1_AUZE-A-5.PacbioHiFiAssembly_genomic","AT1G67320","OX291429.1",26886496,26890318,3822,4778.75,1
"3772","GCA_946402385.1_AUZE-A-5.PacbioHiFiAssembly_genomic","AT2G44950","OX291430.1",21170765,21177242,6477,8097.5,1
"3872","GCA_946402385.1_AUZE-A-5.PacbioHiFiAssembly_genomic","AT5G24520","OX291433.1",8367552,8370082,2530,3163.75,1
"3972","GCA_946402385.1_AUZE-A-5.PacbioHiFiAssembly_genomic","AT5G56890","OX291433.1",26219646,26225238,5592,6991.25,1
"4072","GCA_946402385.1_AUZE-A-5.PacbioHiFiAssembly_genomic","AT1G24460","OX291429.1",8606400,8613175,6775,8472.5,1
"41109","GCA_946402385.1_AUZE-A-5.PacbioHiFiAssembly_genomic","AT2G28800","OX291430.1",15015735,15018982,3247,4060,1
"4273","GCA_946402385.1_AUZE-A-5.PacbioHiFiAssembly_genomic","AT5G13940","OX291433.1",4513418,4518926,5508,6863.75,1
"4561","GCA_946402385.1_AUZE-A-5.PacbioHiFiAssembly_genomic","AT1G19220","OX291429.1",6628768,6634214,5446,6813.75,1
"4671","GCA_946402385.1_AUZE-A-5.PacbioHiFiAssembly_genomic","AT5G01220","OX291433.1",89114,92688,3574,4468.75,1
"4772","GCA_946402385.1_AUZE-A-5.PacbioHiFiAssembly_genomic","AT1G02460","OX291429.1",508818,511629,2811,3507.5,1
"4872","GCA_946402385.1_AUZE-A-5.PacbioHiFiAssembly_genomic","AT1G04110","OX291429.1",1067429,1069941,2512,3141.25,1
"4972","GCA_946402385.1_AUZE-A-5.PacbioHiFiAssembly_genomic","AT4G01880","OX291432.1",1012442,1014715,2273,2842.5,1
"5059","GCA_946402385.1_AUZE-A-5.PacbioHiFiAssembly_genomic","AT2G24430","OX291430.1",13024990,13028110,3120,3911.25,1
"5140","GCA_946402385.1_AUZE-A-5.PacbioHiFiAssembly_genomic","AT5G47870","OX291433.1",22619559,22621060,1501,1877.5,1
"1277","GCA_946403025.1_FERR-A-8.PacbioHiFiAssembly_genomic","AT2G27810","OX291437.1",15449456,15453726,4270,5322.5,1
"2277","GCA_946403025.1_FERR-A-8.PacbioHiFiAssembly_genomic","AT5G40530","OX291440.1",20899089,20900956,1867,2313.75,1
"3277","GCA_946403025.1_FERR-A-8.PacbioHiFiAssembly_genomic","AT3G26115","OX291438.1",9536516,9538745,2229,2787.5,1
"4209","GCA_946403025.1_FERR-A-8.PacbioHiFiAssembly_genomic","AT1G26750","OX291436.1",9076349,9077766,1417,1772.5,1
"581","GCA_946403025.1_FERR-A-8.PacbioHiFiAssembly_genomic","AT4G17540","OX291439.1",15007820,15009827,2007,2493.75,1
"673","GCA_946403025.1_FERR-A-8.PacbioHiFiAssembly_genomic","AT4G23950","OX291439.1",17653208,17655708,2500,3126.25,1
"773","GCA_946403025.1_FERR-A-8.PacbioHiFiAssembly_genomic","AT2G38360","OX291437.1",19687732,19689010,1278,1598.75,1
"873","GCA_946403025.1_FERR-A-8.PacbioHiFiAssembly_genomic","AT3G11090","OX291438.1",3522851,3523777,926,1158.75,1
"973","GCA_946403025.1_FERR-A-8.PacbioHiFiAssembly_genomic","AT5G24890","OX291440.1",8611616,8613366,1750,2190,1
"1073","GCA_946403025.1_FERR-A-8.PacbioHiFiAssembly_genomic","AT5G27970","OX291440.1",10072081,10083416,11335,14170,1
"11112","GCA_946403025.1_FERR-A-8.PacbioHiFiAssembly_genomic","AT1G49590","OX291436.1",20304943,20306932,1989,2487.5,1
"1278","GCA_946403025.1_FERR-A-8.PacbioHiFiAssembly_genomic","AT5G46910","OX291440.1",23708915,23713952,5037,6301.25,1
"1373","GCA_946403025.1_FERR-A-8.PacbioHiFiAssembly_genomic","AT1G77300","OX291436.1",30965270,30974794,9524,11916.25,1
"1473","GCA_946403025.1_FERR-A-8.PacbioHiFiAssembly_genomic","AT2G15560","OX291437.1",10355003,10357323,2320,2937.5,1
"1573","GCA_946403025.1_FERR-A-8.PacbioHiFiAssembly_genomic","AT3G27310","OX291438.1",10086177,10088331,2154,2693.75,1
"1673","GCA_946403025.1_FERR-A-8.PacbioHiFiAssembly_genomic","AT5G42950","OX291440.1",21896077,21903191,7114,8893.75,1
"1773","GCA_946403025.1_FERR-A-8.PacbioHiFiAssembly_genomic","AT5G47380","OX291440.1",23886591,23889969,3378,4223.75,1
"1873","GCA_946403025.1_FERR-A-8.PacbioHiFiAssembly_genomic","AT3G06035","OX291438.1",1863483,1864885,1402,1757.5,1
"1973","GCA_946403025.1_FERR-A-8.PacbioHiFiAssembly_genomic","AT2G38310","OX291437.1",19668274,19669712,1438,1798.75,1
"2073","GCA_946403025.1_FERR-A-8.PacbioHiFiAssembly_genomic","AT1G27460","OX291436.1",9353657,9356783,3126,3908.75,1
"21112","GCA_946403025.1_FERR-A-8.PacbioHiFiAssembly_genomic","AT2G45320","OX291437.1",22296709,22298789,2080,2602.5,1
"2278","GCA_946403025.1_FERR-A-8.PacbioHiFiAssembly_genomic","AT1G30480","OX291436.1",10598609,10601277,2668,3380,1
"2373","GCA_946403025.1_FERR-A-8.PacbioHiFiAssembly_genomic","AT3G13840","OX291438.1",4599487,4601235,1748,2186.25,1
"2473","GCA_946403025.1_FERR-A-8.PacbioHiFiAssembly_genomic","AT5G38520","OX291440.1",20066984,20069126,2142,2678.75,1
"2573","GCA_946403025.1_FERR-A-8.PacbioHiFiAssembly_genomic","AT2G22260","OX291437.1",13046849,13049492,2643,3305,1
"2673","GCA_946403025.1_FERR-A-8.PacbioHiFiAssembly_genomic","AT1G49470","OX291436.1",20260657,20261943,1286,1608.75,1
"2773","GCA_946403025.1_FERR-A-8.PacbioHiFiAssembly_genomic","AT1G70560","OX291436.1",28530610,28533409,2799,3497.5,1
"2873","GCA_946403025.1_FERR-A-8.PacbioHiFiAssembly_genomic","AT3G10985","OX291438.1",3490263,3491703,1440,1805,1
"2973","GCA_946403025.1_FERR-A-8.PacbioHiFiAssembly_genomic","AT4G36390","OX291439.1",22511117,22513789,2672,3343.75,1
"3073","GCA_946403025.1_FERR-A-8.PacbioHiFiAssembly_genomic","AT4G34270","OX291439.1",21702751,21705210,2459,3075,1
"31112","GCA_946403025.1_FERR-A-8.PacbioHiFiAssembly_genomic","AT5G50000","OX291440.1",25009175,25011971,2796,3497.5,1
"3278","GCA_946403025.1_FERR-A-8.PacbioHiFiAssembly_genomic","AT1G30580","OX291436.1",10644150,10648110,3960,4953.75,1
"3372","GCA_946403025.1_FERR-A-8.PacbioHiFiAssembly_genomic","AT1G20070","OX291436.1",6906162,6907318,1156,1446.25,1
"3472","GCA_946403025.1_FERR-A-8.PacbioHiFiAssembly_genomic","AT3G25440","OX291438.1",9231587,9233407,1820,2273.75,1
"3573","GCA_946403025.1_FERR-A-8.PacbioHiFiAssembly_genomic","AT5G43680","OX291440.1",22242035,22243743,1708,2321.25,1
"3673","GCA_946403025.1_FERR-A-8.PacbioHiFiAssembly_genomic","AT1G67320","OX291436.1",27110472,27114295,3823,4778.75,1
"3773","GCA_946403025.1_FERR-A-8.PacbioHiFiAssembly_genomic","AT2G44950","OX291437.1",22158668,22165145,6477,8097.5,1
"3873","GCA_946403025.1_FERR-A-8.PacbioHiFiAssembly_genomic","AT5G24520","OX291440.1",8423200,8425730,2530,3163.75,1
"3973","GCA_946403025.1_FERR-A-8.PacbioHiFiAssembly_genomic","AT5G56890","OX291440.1",27637957,27643546,5589,6991.25,1
"4073","GCA_946403025.1_FERR-A-8.PacbioHiFiAssembly_genomic","AT1G24460","OX291436.1",8559959,8566734,6775,8472.5,1
"41110","GCA_946403025.1_FERR-A-8.PacbioHiFiAssembly_genomic","AT2G28800","OX291437.1",15963962,15967210,3248,4060,1
"4274","GCA_946403025.1_FERR-A-8.PacbioHiFiAssembly_genomic","AT5G13940","OX291440.1",4505321,4510811,5490,6863.75,1
"4438","GCA_946403025.1_FERR-A-8.PacbioHiFiAssembly_genomic","AT1G19220","OX291436.1",6583440,6588885,5445,6813.75,1
"4562","GCA_946403025.1_FERR-A-8.PacbioHiFiAssembly_genomic","AT5G01220","OX291440.1",82075,85649,3574,4468.75,1
"4672","GCA_946403025.1_FERR-A-8.PacbioHiFiAssembly_genomic","AT1G02460","OX291436.1",506531,509338,2807,3507.5,1
"4773","GCA_946403025.1_FERR-A-8.PacbioHiFiAssembly_genomic","AT1G04110","OX291436.1",1066318,1068830,2512,3141.25,1
"4873","GCA_946403025.1_FERR-A-8.PacbioHiFiAssembly_genomic","AT4G01880","OX291439.1",1593993,1596271,2278,2842.5,1
"4973","GCA_946403025.1_FERR-A-8.PacbioHiFiAssembly_genomic","AT2G24430","OX291437.1",13991012,13994129,3117,3911.25,1
"5060","GCA_946403025.1_FERR-A-8.PacbioHiFiAssembly_genomic","AT5G47870","OX291440.1",24049652,24051153,1501,1877.5,1
"1279","GCA_946403525.1_BELC-C-10.PacbioHiFiAssembly_genomic","AT2G27810","OX291451.1",14905765,14910037,4272,5322.5,1
"2279","GCA_946403525.1_BELC-C-10.PacbioHiFiAssembly_genomic","AT5G40530","OX291454.1",19484460,19486327,1867,2313.75,1
"3279","GCA_946403525.1_BELC-C-10.PacbioHiFiAssembly_genomic","AT3G26115","OX291452.1",9509247,9511476,2229,2787.5,1
"4275","GCA_946403525.1_BELC-C-10.PacbioHiFiAssembly_genomic","AT1G26750","OX291450.1",9069048,9070464,1416,1772.5,1
"582","GCA_946403525.1_BELC-C-10.PacbioHiFiAssembly_genomic","AT4G17540","OX291453.1",15119772,15121766,1994,2493.75,1
"674","GCA_946403525.1_BELC-C-10.PacbioHiFiAssembly_genomic","AT4G23950","OX291453.1",17735551,17738051,2500,3126.25,1
"774","GCA_946403525.1_BELC-C-10.PacbioHiFiAssembly_genomic","AT2G38360","OX291451.1",19154126,19155405,1279,1598.75,1
"874","GCA_946403525.1_BELC-C-10.PacbioHiFiAssembly_genomic","AT3G11090","OX291452.1",3519346,3520271,925,1158.75,1
"974","GCA_946403525.1_BELC-C-10.PacbioHiFiAssembly_genomic","AT5G24890","OX291454.1",8619219,8620969,1750,2190,1
"1074","GCA_946403525.1_BELC-C-10.PacbioHiFiAssembly_genomic","AT5G27970","OX291454.1",10079315,10090653,11338,14170,1
"11113","GCA_946403525.1_BELC-C-10.PacbioHiFiAssembly_genomic","AT1G49590","OX291450.1",19816739,19818728,1989,2487.5,1
"1280","GCA_946403525.1_BELC-C-10.PacbioHiFiAssembly_genomic","AT5G46910","OX291454.1",22287829,22292866,5037,6301.25,1
"1374","GCA_946403525.1_BELC-C-10.PacbioHiFiAssembly_genomic","AT1G77300","OX291450.1",30558086,30567548,9462,11916.25,1
"1474","GCA_946403525.1_BELC-C-10.PacbioHiFiAssembly_genomic","AT2G15560","OX291451.1",9783957,9786278,2321,2937.5,1
"1574","GCA_946403525.1_BELC-C-10.PacbioHiFiAssembly_genomic","AT3G27310","OX291452.1",10070546,10072700,2154,2693.75,1
"1674","GCA_946403525.1_BELC-C-10.PacbioHiFiAssembly_genomic","AT5G42950","OX291454.1",20496880,20503996,7116,8893.75,1
"1774","GCA_946403525.1_BELC-C-10.PacbioHiFiAssembly_genomic","AT5G47380","OX291454.1",22465502,22468880,3378,4223.75,1
"1874","GCA_946403525.1_BELC-C-10.PacbioHiFiAssembly_genomic","AT3G06035","OX291452.1",1839997,1841403,1406,1757.5,1
"1974","GCA_946403525.1_BELC-C-10.PacbioHiFiAssembly_genomic","AT2G38310","OX291451.1",19134675,19136113,1438,1798.75,1
"2074","GCA_946403525.1_BELC-C-10.PacbioHiFiAssembly_genomic","AT1G27460","OX291450.1",9349070,9352195,3125,3908.75,1
"21113","GCA_946403525.1_BELC-C-10.PacbioHiFiAssembly_genomic","AT2G45320","OX291451.1",21757953,21760033,2080,2602.5,1
"2280","GCA_946403525.1_BELC-C-10.PacbioHiFiAssembly_genomic","AT1G30480","OX291450.1",10604607,10607206,2599,3380,1
"2374","GCA_946403525.1_BELC-C-10.PacbioHiFiAssembly_genomic","AT3G13840","OX291452.1",4575221,4576969,1748,2186.25,1
"2474","GCA_946403525.1_BELC-C-10.PacbioHiFiAssembly_genomic","AT5G38520","OX291454.1",18667259,18669399,2140,2678.75,1
"2574","GCA_946403525.1_BELC-C-10.PacbioHiFiAssembly_genomic","AT2G22260","OX291451.1",12491174,12493817,2643,3305,1
"2674","GCA_946403525.1_BELC-C-10.PacbioHiFiAssembly_genomic","AT1G49470","OX291450.1",19768521,19769807,1286,1608.75,1
"2774","GCA_946403525.1_BELC-C-10.PacbioHiFiAssembly_genomic","AT1G70560","OX291450.1",28130515,28133310,2795,3497.5,1
"2874","GCA_946403525.1_BELC-C-10.PacbioHiFiAssembly_genomic","AT3G10985","OX291452.1",3482131,3483517,1386,1805,1
"2974","GCA_946403525.1_BELC-C-10.PacbioHiFiAssembly_genomic","AT4G36390","OX291453.1",22618597,22621271,2674,3343.75,1
"3074","GCA_946403525.1_BELC-C-10.PacbioHiFiAssembly_genomic","AT4G34270","OX291453.1",21813107,21815552,2445,3075,1
"31113","GCA_946403525.1_BELC-C-10.PacbioHiFiAssembly_genomic","AT5G50000","OX291454.1",23588086,23590882,2796,3497.5,1
"3280","GCA_946403525.1_BELC-C-10.PacbioHiFiAssembly_genomic","AT1G30580","OX291450.1",10645267,10649224,3957,4953.75,1
"3373","GCA_946403525.1_BELC-C-10.PacbioHiFiAssembly_genomic","AT1G20070","OX291450.1",6903370,6904526,1156,1446.25,1
"3473","GCA_946403525.1_BELC-C-10.PacbioHiFiAssembly_genomic","AT3G25440","OX291452.1",9199139,9200956,1817,2273.75,1
"3574","GCA_946403525.1_BELC-C-10.PacbioHiFiAssembly_genomic","AT5G43680","OX291454.1",20814059,20815903,1844,2321.25,1
"3674","GCA_946403525.1_BELC-C-10.PacbioHiFiAssembly_genomic","AT1G67320","OX291450.1",26709195,26713017,3822,4778.75,1
"3774","GCA_946403525.1_BELC-C-10.PacbioHiFiAssembly_genomic","AT2G44950","OX291451.1",21619137,21625614,6477,8097.5,1
"3874","GCA_946403525.1_BELC-C-10.PacbioHiFiAssembly_genomic","AT5G24520","OX291454.1",8428632,8431162,2530,3163.75,1
"3974","GCA_946403525.1_BELC-C-10.PacbioHiFiAssembly_genomic","AT5G56890","OX291454.1",26239037,26244629,5592,6991.25,1
"4074","GCA_946403525.1_BELC-C-10.PacbioHiFiAssembly_genomic","AT1G24460","OX291450.1",8576420,8583195,6775,8472.5,1
"41111","GCA_946403525.1_BELC-C-10.PacbioHiFiAssembly_genomic","AT2G28800","OX291451.1",15414574,15417821,3247,4060,1
"4276","GCA_946403525.1_BELC-C-10.PacbioHiFiAssembly_genomic","AT5G13940","OX291454.1",4532465,4537976,5511,6863.75,1
"4563","GCA_946403525.1_BELC-C-10.PacbioHiFiAssembly_genomic","AT1G19220","OX291450.1",6587284,6592729,5445,6813.75,1
"4673","GCA_946403525.1_BELC-C-10.PacbioHiFiAssembly_genomic","AT5G01220","OX291454.1",86642,90218,3576,4468.75,1
"4774","GCA_946403525.1_BELC-C-10.PacbioHiFiAssembly_genomic","AT1G02460","OX291450.1",507069,509865,2796,3507.5,1
"4874","GCA_946403525.1_BELC-C-10.PacbioHiFiAssembly_genomic","AT1G04110","OX291450.1",1066113,1068625,2512,3141.25,1
"4974","GCA_946403525.1_BELC-C-10.PacbioHiFiAssembly_genomic","AT4G01880","OX291453.1",1312187,1314465,2278,2842.5,1
"5061","GCA_946403525.1_BELC-C-10.PacbioHiFiAssembly_genomic","AT2G24430","OX291451.1",13428950,13432069,3119,3911.25,1
"5141","GCA_946403525.1_BELC-C-10.PacbioHiFiAssembly_genomic","AT5G47870","OX291454.1",22628565,22630066,1501,1877.5,1
"1281","GCA_946404075.1_ANGE-B-10.PacbioHiFiAssembly_genomic","AT2G27810","OX291456.1",15533991,15538261,4270,5322.5,1
"2281","GCA_946404075.1_ANGE-B-10.PacbioHiFiAssembly_genomic","AT5G40530","OX291459.1",19442549,19444416,1867,2313.75,1
"3281","GCA_946404075.1_ANGE-B-10.PacbioHiFiAssembly_genomic","AT3G26115","OX291457.1",9641365,9643594,2229,2787.5,1
"4277","GCA_946404075.1_ANGE-B-10.PacbioHiFiAssembly_genomic","AT1G26750","OX291455.1",9104055,9105472,1417,1772.5,1
"583","GCA_946404075.1_ANGE-B-10.PacbioHiFiAssembly_genomic","AT4G17540","OX291458.1",14235789,14237782,1993,2493.75,1
"675","GCA_946404075.1_ANGE-B-10.PacbioHiFiAssembly_genomic","AT4G23950","OX291458.1",16836955,16839455,2500,3126.25,1
"775","GCA_946404075.1_ANGE-B-10.PacbioHiFiAssembly_genomic","AT2G38360","OX291456.1",19751825,19753103,1278,1598.75,1
"875","GCA_946404075.1_ANGE-B-10.PacbioHiFiAssembly_genomic","AT3G11090","OX291457.1",3625382,3626308,926,1158.75,1
"975","GCA_946404075.1_ANGE-B-10.PacbioHiFiAssembly_genomic","AT5G24890","OX291459.1",8638309,8640060,1751,2190,1
"1075","GCA_946404075.1_ANGE-B-10.PacbioHiFiAssembly_genomic","AT5G27970","OX291459.1",10050138,10061473,11335,14170,1
"11114","GCA_946404075.1_ANGE-B-10.PacbioHiFiAssembly_genomic","AT1G49590","OX291455.1",20935552,20937541,1989,2487.5,1
"1282","GCA_946404075.1_ANGE-B-10.PacbioHiFiAssembly_genomic","AT5G46910","OX291459.1",22180212,22185255,5043,6301.25,1
"1375","GCA_946404075.1_ANGE-B-10.PacbioHiFiAssembly_genomic","AT1G77300","OX291455.1",31696732,31706256,9524,11916.25,1
"1475","GCA_946404075.1_ANGE-B-10.PacbioHiFiAssembly_genomic","AT2G15560","OX291456.1",10441205,10443526,2321,2937.5,1
"1575","GCA_946404075.1_ANGE-B-10.PacbioHiFiAssembly_genomic","AT3G27310","OX291457.1",10196925,10199079,2154,2693.75,1
"1675","GCA_946404075.1_ANGE-B-10.PacbioHiFiAssembly_genomic","AT5G42950","OX291459.1",20428537,20435648,7111,8893.75,1
"1775","GCA_946404075.1_ANGE-B-10.PacbioHiFiAssembly_genomic","AT5G47380","OX291459.1",22355321,22358699,3378,4223.75,1
"1875","GCA_946404075.1_ANGE-B-10.PacbioHiFiAssembly_genomic","AT3G06035","OX291457.1",1857116,1858522,1406,1757.5,1
"1975","GCA_946404075.1_ANGE-B-10.PacbioHiFiAssembly_genomic","AT2G38310","OX291456.1",19732357,19733795,1438,1798.75,1
"2075","GCA_946404075.1_ANGE-B-10.PacbioHiFiAssembly_genomic","AT1G27460","OX291455.1",9388431,9391608,3177,3908.75,1
"21114","GCA_946404075.1_ANGE-B-10.PacbioHiFiAssembly_genomic","AT2G45320","OX291456.1",22362576,22364657,2081,2602.5,1
"2282","GCA_946404075.1_ANGE-B-10.PacbioHiFiAssembly_genomic","AT1G30480","OX291455.1",10610443,10613139,2696,3380,1
"2375","GCA_946404075.1_ANGE-B-10.PacbioHiFiAssembly_genomic","AT3G13840","OX291457.1",4692482,4694230,1748,2186.25,1
"2475","GCA_946404075.1_ANGE-B-10.PacbioHiFiAssembly_genomic","AT5G38520","OX291459.1",18694461,18696598,2137,2678.75,1
"2575","GCA_946404075.1_ANGE-B-10.PacbioHiFiAssembly_genomic","AT2G22260","OX291456.1",13144622,13147265,2643,3305,1
"2675","GCA_946404075.1_ANGE-B-10.PacbioHiFiAssembly_genomic","AT1G49470","OX291455.1",20892829,20894115,1286,1608.75,1
"2775","GCA_946404075.1_ANGE-B-10.PacbioHiFiAssembly_genomic","AT1G70560","OX291455.1",29242368,29245167,2799,3497.5,1
"2875","GCA_946404075.1_ANGE-B-10.PacbioHiFiAssembly_genomic","AT3G10985","OX291457.1",3592326,3593765,1439,1805,1
"2975","GCA_946404075.1_ANGE-B-10.PacbioHiFiAssembly_genomic","AT4G36390","OX291458.1",21598010,21600684,2674,3343.75,1
"3075","GCA_946404075.1_ANGE-B-10.PacbioHiFiAssembly_genomic","AT4G34270","OX291458.1",20806295,20808755,2460,3075,1
"31114","GCA_946404075.1_ANGE-B-10.PacbioHiFiAssembly_genomic","AT5G50000","OX291459.1",23467323,23470122,2799,3497.5,1
"3282","GCA_946404075.1_ANGE-B-10.PacbioHiFiAssembly_genomic","AT1G30580","OX291455.1",10651395,10655355,3960,4953.75,1
"3374","GCA_946404075.1_ANGE-B-10.PacbioHiFiAssembly_genomic","AT1G20070","OX291455.1",6930568,6931724,1156,1446.25,1
"3474","GCA_946404075.1_ANGE-B-10.PacbioHiFiAssembly_genomic","AT3G25440","OX291457.1",9335140,9336958,1818,2273.75,1
"3575","GCA_946404075.1_ANGE-B-10.PacbioHiFiAssembly_genomic","AT5G43680","OX291459.1",20732024,20733691,1667,2321.25,1
"3675","GCA_946404075.1_ANGE-B-10.PacbioHiFiAssembly_genomic","AT1G67320","OX291455.1",27830228,27834047,3819,4778.75,1
"3775","GCA_946404075.1_ANGE-B-10.PacbioHiFiAssembly_genomic","AT2G44950","OX291456.1",22224333,22230811,6478,8097.5,1
"3875","GCA_946404075.1_ANGE-B-10.PacbioHiFiAssembly_genomic","AT5G24520","OX291459.1",8456773,8459303,2530,3163.75,1
"3975","GCA_946404075.1_ANGE-B-10.PacbioHiFiAssembly_genomic","AT5G56890","OX291459.1",26141982,26147571,5589,6991.25,1
"4075","GCA_946404075.1_ANGE-B-10.PacbioHiFiAssembly_genomic","AT1G24460","OX291455.1",8607938,8614713,6775,8472.5,1
"41112","GCA_946404075.1_ANGE-B-10.PacbioHiFiAssembly_genomic","AT2G28800","OX291456.1",16051217,16054465,3248,4060,1
"4278","GCA_946404075.1_ANGE-B-10.PacbioHiFiAssembly_genomic","AT5G13940","OX291459.1",4527916,4533406,5490,6863.75,1
"4564","GCA_946404075.1_ANGE-B-10.PacbioHiFiAssembly_genomic","AT1G19220","OX291455.1",6603070,6608518,5448,6813.75,1
"4674","GCA_946404075.1_ANGE-B-10.PacbioHiFiAssembly_genomic","AT5G01220","OX291459.1",82475,86050,3575,4468.75,1
"4775","GCA_946404075.1_ANGE-B-10.PacbioHiFiAssembly_genomic","AT1G02460","OX291455.1",505542,508326,2784,3507.5,1
"4875","GCA_946404075.1_ANGE-B-10.PacbioHiFiAssembly_genomic","AT1G04110","OX291455.1",1061900,1064412,2512,3141.25,1
"4975","GCA_946404075.1_ANGE-B-10.PacbioHiFiAssembly_genomic","AT4G01880","OX291458.1",926100,928378,2278,2842.5,1
"5062","GCA_946404075.1_ANGE-B-10.PacbioHiFiAssembly_genomic","AT2G24430","OX291456.1",14066702,14069843,3141,3911.25,1
"5142","GCA_946404075.1_ANGE-B-10.PacbioHiFiAssembly_genomic","AT5G47870","OX291459.1",22516825,22518326,1501,1877.5,1
"1283","GCA_946404385.1_BARA-C-5.PacbioHiFiAssembly_genomic","AT2G27810","OX291461.1",15668762,15673032,4270,5322.5,1
"2283","GCA_946404385.1_BARA-C-5.PacbioHiFiAssembly_genomic","AT5G40530","OX291464.1",20965524,20967391,1867,2313.75,1
"3283","GCA_946404385.1_BARA-C-5.PacbioHiFiAssembly_genomic","AT3G26115","OX291462.1",9556079,9558308,2229,2787.5,1
"4279","GCA_946404385.1_BARA-C-5.PacbioHiFiAssembly_genomic","AT1G26750","OX291460.1",9104903,9106320,1417,1772.5,1
"584","GCA_946404385.1_BARA-C-5.PacbioHiFiAssembly_genomic","AT4G17540","OX291463.1",12048322,12050316,1994,2493.75,1
"676","GCA_946404385.1_BARA-C-5.PacbioHiFiAssembly_genomic","AT4G23950","OX291463.1",14613349,14615849,2500,3126.25,1
"776","GCA_946404385.1_BARA-C-5.PacbioHiFiAssembly_genomic","AT2G38360","OX291461.1",19865518,19866796,1278,1598.75,1
"876","GCA_946404385.1_BARA-C-5.PacbioHiFiAssembly_genomic","AT3G11090","OX291462.1",3523315,3524241,926,1158.75,1
"976","GCA_946404385.1_BARA-C-5.PacbioHiFiAssembly_genomic","AT5G24890","OX291464.1",8523518,8525269,1751,2190,1
"1076","GCA_946404385.1_BARA-C-5.PacbioHiFiAssembly_genomic","AT5G27970","OX291464.1",9939976,9951311,11335,14170,1
"11115","GCA_946404385.1_BARA-C-5.PacbioHiFiAssembly_genomic","AT1G49590","OX291460.1",21560323,21562312,1989,2487.5,1
"1284","GCA_946404385.1_BARA-C-5.PacbioHiFiAssembly_genomic","AT5G46910","OX291464.1",23754146,23759175,5029,6301.25,1
"1376","GCA_946404385.1_BARA-C-5.PacbioHiFiAssembly_genomic","AT1G77300","OX291460.1",32204367,32213891,9524,11916.25,1
"1476","GCA_946404385.1_BARA-C-5.PacbioHiFiAssembly_genomic","AT2G15560","OX291461.1",10581482,10583803,2321,2937.5,1
"1576","GCA_946404385.1_BARA-C-5.PacbioHiFiAssembly_genomic","AT3G27310","OX291462.1",10082519,10084672,2153,2693.75,1
"1676","GCA_946404385.1_BARA-C-5.PacbioHiFiAssembly_genomic","AT5G42950","OX291464.1",21971810,21978924,7114,8893.75,1
"1776","GCA_946404385.1_BARA-C-5.PacbioHiFiAssembly_genomic","AT5G47380","OX291464.1",23930159,23933537,3378,4223.75,1
"1876","GCA_946404385.1_BARA-C-5.PacbioHiFiAssembly_genomic","AT3G06035","OX291462.1",1846420,1847822,1402,1757.5,1
"1976","GCA_946404385.1_BARA-C-5.PacbioHiFiAssembly_genomic","AT2G38310","OX291461.1",19846062,19847500,1438,1798.75,1
"2076","GCA_946404385.1_BARA-C-5.PacbioHiFiAssembly_genomic","AT2G21100","OX291461.1",12847456,12848730,1274,1592.5,1
"21115","GCA_946404385.1_BARA-C-5.PacbioHiFiAssembly_genomic","AT1G27460","OX291460.1",9389894,9393020,3126,3908.75,1
"2284","GCA_946404385.1_BARA-C-5.PacbioHiFiAssembly_genomic","AT2G45320","OX291461.1",22477129,22479209,2080,2602.5,1
"2376","GCA_946404385.1_BARA-C-5.PacbioHiFiAssembly_genomic","AT1G30480","OX291460.1",10629168,10631864,2696,3380,1
"2476","GCA_946404385.1_BARA-C-5.PacbioHiFiAssembly_genomic","AT3G13840","OX291462.1",4583466,4585214,1748,2186.25,1
"2576","GCA_946404385.1_BARA-C-5.PacbioHiFiAssembly_genomic","AT5G38520","OX291464.1",20183591,20185733,2142,2678.75,1
"2676","GCA_946404385.1_BARA-C-5.PacbioHiFiAssembly_genomic","AT2G22260","OX291461.1",13263977,13266620,2643,3305,1
"2776","GCA_946404385.1_BARA-C-5.PacbioHiFiAssembly_genomic","AT1G49470","OX291460.1",21512103,21513389,1286,1608.75,1
"2876","GCA_946404385.1_BARA-C-5.PacbioHiFiAssembly_genomic","AT1G70560","OX291460.1",29759326,29762123,2797,3497.5,1
"2976","GCA_946404385.1_BARA-C-5.PacbioHiFiAssembly_genomic","AT3G10985","OX291462.1",3490209,3491652,1443,1805,1
"3076","GCA_946404385.1_BARA-C-5.PacbioHiFiAssembly_genomic","AT4G36390","OX291463.1",19395520,19398208,2688,3343.75,1
"31115","GCA_946404385.1_BARA-C-5.PacbioHiFiAssembly_genomic","AT4G34270","OX291463.1",18600589,18603027,2438,3075,1
"3284","GCA_946404385.1_BARA-C-5.PacbioHiFiAssembly_genomic","AT5G50000","OX291464.1",25050886,25053683,2797,3497.5,1
"3375","GCA_946404385.1_BARA-C-5.PacbioHiFiAssembly_genomic","AT1G30580","OX291460.1",10670016,10673976,3960,4953.75,1
"3475","GCA_946404385.1_BARA-C-5.PacbioHiFiAssembly_genomic","AT1G20070","OX291460.1",6947272,6948428,1156,1446.25,1
"3576","GCA_946404385.1_BARA-C-5.PacbioHiFiAssembly_genomic","AT3G25440","OX291462.1",9241667,9243485,1818,2273.75,1
"3676","GCA_946404385.1_BARA-C-5.PacbioHiFiAssembly_genomic","AT5G43680","OX291464.1",22296979,22298646,1667,2321.25,1
"3776","GCA_946404385.1_BARA-C-5.PacbioHiFiAssembly_genomic","AT1G67320","OX291460.1",28340377,28344196,3819,4778.75,1
"3876","GCA_946404385.1_BARA-C-5.PacbioHiFiAssembly_genomic","AT2G44950","OX291461.1",22338328,22344805,6477,8097.5,1
"3976","GCA_946404385.1_BARA-C-5.PacbioHiFiAssembly_genomic","AT5G24520","OX291464.1",8340204,8342734,2530,3163.75,1
"4076","GCA_946404385.1_BARA-C-5.PacbioHiFiAssembly_genomic","AT5G56890","OX291464.1",27723887,27729477,5590,6991.25,1
"41113","GCA_946404385.1_BARA-C-5.PacbioHiFiAssembly_genomic","AT1G24460","OX291460.1",8608201,8614976,6775,8472.5,1
"4280","GCA_946404385.1_BARA-C-5.PacbioHiFiAssembly_genomic","AT2G28800","OX291461.1",16170653,16173900,3247,4060,1
"4331","GCA_946404385.1_BARA-C-5.PacbioHiFiAssembly_genomic","AT5G13940","OX291464.1",4487812,4493262,5450,6863.75,1
"4565","GCA_946404385.1_BARA-C-5.PacbioHiFiAssembly_genomic","AT1G19220","OX291460.1",6618753,6624195,5442,6813.75,1
"4675","GCA_946404385.1_BARA-C-5.PacbioHiFiAssembly_genomic","AT5G01220","OX291464.1",82122,85697,3575,4468.75,1
"4776","GCA_946404385.1_BARA-C-5.PacbioHiFiAssembly_genomic","AT1G02460","OX291460.1",503775,506561,2786,3507.5,1
"4876","GCA_946404385.1_BARA-C-5.PacbioHiFiAssembly_genomic","AT1G04110","OX291460.1",1066183,1068695,2512,3141.25,1
"4976","GCA_946404385.1_BARA-C-5.PacbioHiFiAssembly_genomic","AT4G01880","OX291463.1",855206,857478,2272,2842.5,1
"5063","GCA_946404385.1_BARA-C-5.PacbioHiFiAssembly_genomic","AT2G24430","OX291461.1",14212983,14216107,3124,3911.25,1
"5143","GCA_946404385.1_BARA-C-5.PacbioHiFiAssembly_genomic","AT5G47870","OX291464.1",24093396,24094898,1502,1877.5,1
"1285","GCA_946404515.1_IP-San-9.PacbioHiFiAssembly_genomic","AT2G27810","OX291466.1",15872166,15876423,4257,5322.5,1
"2285","GCA_946404515.1_IP-San-9.PacbioHiFiAssembly_genomic","AT5G40530","OX291469.1",21806637,21808504,1867,2313.75,1
"3285","GCA_946404515.1_IP-San-9.PacbioHiFiAssembly_genomic","AT3G26115","OX291467.1",9761207,9763410,2203,2787.5,1
"4281","GCA_946404515.1_IP-San-9.PacbioHiFiAssembly_genomic","AT1G26750","OX291465.1",9175494,9176923,1429,1772.5,1
"585","GCA_946404515.1_IP-San-9.PacbioHiFiAssembly_genomic","AT4G17540","OX291468.1",14993110,14995071,1961,2493.75,1
"677","GCA_946404515.1_IP-San-9.PacbioHiFiAssembly_genomic","AT4G23950","OX291468.1",17814540,17817040,2500,3126.25,1
"777","GCA_946404515.1_IP-San-9.PacbioHiFiAssembly_genomic","AT2G38360","OX291466.1",20074965,20076243,1278,1598.75,1
"877","GCA_946404515.1_IP-San-9.PacbioHiFiAssembly_genomic","AT3G11090","OX291467.1",3717852,3718778,926,1158.75,1
"977","GCA_946404515.1_IP-San-9.PacbioHiFiAssembly_genomic","AT5G24890","OX291469.1",8666425,8668181,1756,2190,1
"1077","GCA_946404515.1_IP-San-9.PacbioHiFiAssembly_genomic","AT5G27970","OX291469.1",10145192,10156528,11336,14170,1
"11116","GCA_946404515.1_IP-San-9.PacbioHiFiAssembly_genomic","AT1G49590","OX291465.1",20667520,20669509,1989,2487.5,1
"1286","GCA_946404515.1_IP-San-9.PacbioHiFiAssembly_genomic","AT5G46910","OX291469.1",24549067,24554105,5038,6301.25,1
"1377","GCA_946404515.1_IP-San-9.PacbioHiFiAssembly_genomic","AT1G77300","OX291465.1",31402726,31412243,9517,11916.25,1
"1477","GCA_946404515.1_IP-San-9.PacbioHiFiAssembly_genomic","AT2G15560","OX291466.1",10763379,10765727,2348,2937.5,1
"1577","GCA_946404515.1_IP-San-9.PacbioHiFiAssembly_genomic","AT3G27310","OX291467.1",10309583,10311736,2153,2693.75,1
"1677","GCA_946404515.1_IP-San-9.PacbioHiFiAssembly_genomic","AT5G42950","OX291469.1",22821650,22828764,7114,8893.75,1
"1777","GCA_946404515.1_IP-San-9.PacbioHiFiAssembly_genomic","AT5G47380","OX291469.1",24711267,24714641,3374,4223.75,1
"1877","GCA_946404515.1_IP-San-9.PacbioHiFiAssembly_genomic","AT3G06035","OX291467.1",1874921,1876326,1405,1757.5,1
"1977","GCA_946404515.1_IP-San-9.PacbioHiFiAssembly_genomic","AT2G38310","OX291466.1",20055538,20056976,1438,1798.75,1
"2077","GCA_946404515.1_IP-San-9.PacbioHiFiAssembly_genomic","AT1G27460","OX291465.1",9469885,9473011,3126,3908.75,1
"21116","GCA_946404515.1_IP-San-9.PacbioHiFiAssembly_genomic","AT2G45320","OX291466.1",22695793,22697874,2081,2602.5,1
"2286","GCA_946404515.1_IP-San-9.PacbioHiFiAssembly_genomic","AT1G30480","OX291465.1",10778341,10780939,2598,3380,1
"2377","GCA_946404515.1_IP-San-9.PacbioHiFiAssembly_genomic","AT3G13840","OX291467.1",4778788,4780536,1748,2186.25,1
"2477","GCA_946404515.1_IP-San-9.PacbioHiFiAssembly_genomic","AT5G38520","OX291469.1",20945278,20947420,2142,2678.75,1
"2577","GCA_946404515.1_IP-San-9.PacbioHiFiAssembly_genomic","AT2G22260","OX291466.1",13488323,13491051,2728,3305,1
"2677","GCA_946404515.1_IP-San-9.PacbioHiFiAssembly_genomic","AT1G49470","OX291465.1",20623172,20624458,1286,1608.75,1
"2777","GCA_946404515.1_IP-San-9.PacbioHiFiAssembly_genomic","AT1G70560","OX291465.1",28960760,28963563,2803,3497.5,1
"2877","GCA_946404515.1_IP-San-9.PacbioHiFiAssembly_genomic","AT3G10985","OX291467.1",3684797,3686238,1441,1805,1
"2977","GCA_946404515.1_IP-San-9.PacbioHiFiAssembly_genomic","AT4G36390","OX291468.1",22782695,22785383,2688,3343.75,1
"3077","GCA_946404515.1_IP-San-9.PacbioHiFiAssembly_genomic","AT4G34270","OX291468.1",21984086,21986531,2445,3075,1
"31116","GCA_946404515.1_IP-San-9.PacbioHiFiAssembly_genomic","AT5G50000","OX291469.1",25813351,25816151,2800,3497.5,1
"3286","GCA_946404515.1_IP-San-9.PacbioHiFiAssembly_genomic","AT1G30580","OX291465.1",10819083,10823043,3960,4953.75,1
"3376","GCA_946404515.1_IP-San-9.PacbioHiFiAssembly_genomic","AT1G20070","OX291465.1",6973292,6974448,1156,1446.25,1
"3476","GCA_946404515.1_IP-San-9.PacbioHiFiAssembly_genomic","AT3G25440","OX291467.1",9451431,9453246,1815,2273.75,1
"3577","GCA_946404515.1_IP-San-9.PacbioHiFiAssembly_genomic","AT5G43680","OX291469.1",23116576,23118223,1647,2321.25,1
"3677","GCA_946404515.1_IP-San-9.PacbioHiFiAssembly_genomic","AT1G67320","OX291465.1",27536015,27539837,3822,4778.75,1
"3777","GCA_946404515.1_IP-San-9.PacbioHiFiAssembly_genomic","AT2G44950","OX291466.1",22559147,22565624,6477,8097.5,1
"3877","GCA_946404515.1_IP-San-9.PacbioHiFiAssembly_genomic","AT5G24520","OX291469.1",8470163,8472693,2530,3163.75,1
"3977","GCA_946404515.1_IP-San-9.PacbioHiFiAssembly_genomic","AT5G56890","OX291469.1",28478294,28483876,5582,6991.25,1
"4077","GCA_946404515.1_IP-San-9.PacbioHiFiAssembly_genomic","AT1G24460","OX291465.1",8658018,8664793,6775,8472.5,1
"41114","GCA_946404515.1_IP-San-9.PacbioHiFiAssembly_genomic","AT2G28800","OX291466.1",16381879,16385124,3245,4060,1
"4282","GCA_946404515.1_IP-San-9.PacbioHiFiAssembly_genomic","AT5G13940","OX291469.1",4544005,4549514,5509,6863.75,1
"4566","GCA_946404515.1_IP-San-9.PacbioHiFiAssembly_genomic","AT1G19220","OX291465.1",6647410,6652846,5436,6813.75,1
"4676","GCA_946404515.1_IP-San-9.PacbioHiFiAssembly_genomic","AT5G01220","OX291469.1",85937,89516,3579,4468.75,1
"4777","GCA_946404515.1_IP-San-9.PacbioHiFiAssembly_genomic","AT1G02460","OX291465.1",523777,526587,2810,3507.5,1
"4877","GCA_946404515.1_IP-San-9.PacbioHiFiAssembly_genomic","AT1G04110","OX291465.1",1092555,1095067,2512,3141.25,1
"4977","GCA_946404515.1_IP-San-9.PacbioHiFiAssembly_genomic","AT4G01880","OX291468.1",858519,860792,2273,2842.5,1
"5064","GCA_946404515.1_IP-San-9.PacbioHiFiAssembly_genomic","AT2G24430","OX291466.1",14425483,14428599,3116,3911.25,1
"5144","GCA_946404515.1_IP-San-9.PacbioHiFiAssembly_genomic","AT5G47870","OX291469.1",24868549,24870055,1506,1877.5,1
"1287","GCA_946404995.1_BANI-C-1.PacbioHiFiAssembly_genomic","AT2G27810","OX291482.1",14036174,14040444,4270,5322.5,1
"2287","GCA_946404995.1_BANI-C-1.PacbioHiFiAssembly_genomic","AT5G40530","OX291485.1",19543524,19545391,1867,2313.75,1
"3287","GCA_946404995.1_BANI-C-1.PacbioHiFiAssembly_genomic","AT3G26115","OX291483.1",9662151,9664354,2203,2787.5,1
"4283","GCA_946404995.1_BANI-C-1.PacbioHiFiAssembly_genomic","AT1G26750","OX291481.1",9110660,9112077,1417,1772.5,1
"586","GCA_946404995.1_BANI-C-1.PacbioHiFiAssembly_genomic","AT4G17540","OX291484.1",12964979,12966973,1994,2493.75,1
"678","GCA_946404995.1_BANI-C-1.PacbioHiFiAssembly_genomic","AT4G23950","OX291484.1",15669986,15672486,2500,3126.25,1
"778","GCA_946404995.1_BANI-C-1.PacbioHiFiAssembly_genomic","AT2G38360","OX291482.1",18231198,18232476,1278,1598.75,1
"878","GCA_946404995.1_BANI-C-1.PacbioHiFiAssembly_genomic","AT3G11090","OX291483.1",3628981,3629907,926,1158.75,1
"978","GCA_946404995.1_BANI-C-1.PacbioHiFiAssembly_genomic","AT5G24890","OX291485.1",8565662,8567412,1750,2190,1
"1078","GCA_946404995.1_BANI-C-1.PacbioHiFiAssembly_genomic","AT5G27970","OX291485.1",9979007,9990345,11338,14170,1
"11117","GCA_946404995.1_BANI-C-1.PacbioHiFiAssembly_genomic","AT1G49590","OX291481.1",21266902,21268889,1987,2487.5,1
"1288","GCA_946404995.1_BANI-C-1.PacbioHiFiAssembly_genomic","AT5G46910","OX291485.1",22368070,22373114,5044,6301.25,1
"1378","GCA_946404995.1_BANI-C-1.PacbioHiFiAssembly_genomic","AT1G77300","OX291481.1",32081265,32090789,9524,11916.25,1
"1478","GCA_946404995.1_BANI-C-1.PacbioHiFiAssembly_genomic","AT2G15560","OX291482.1",8972218,8974539,2321,2937.5,1
"1578","GCA_946404995.1_BANI-C-1.PacbioHiFiAssembly_genomic","AT3G27310","OX291483.1",10207449,10209603,2154,2693.75,1
"1678","GCA_946404995.1_BANI-C-1.PacbioHiFiAssembly_genomic","AT5G42950","OX291485.1",20531787,20538896,7109,8893.75,1
"1778","GCA_946404995.1_BANI-C-1.PacbioHiFiAssembly_genomic","AT5G47380","OX291485.1",22539133,22542511,3378,4223.75,1
"1878","GCA_946404995.1_BANI-C-1.PacbioHiFiAssembly_genomic","AT3G06035","OX291483.1",1834639,1836045,1406,1757.5,1
"1978","GCA_946404995.1_BANI-C-1.PacbioHiFiAssembly_genomic","AT2G38310","OX291482.1",18211727,18213165,1438,1798.75,1
"2078","GCA_946404995.1_BANI-C-1.PacbioHiFiAssembly_genomic","AT1G27460","OX291481.1",9404079,9407242,3163,3908.75,1
"21117","GCA_946404995.1_BANI-C-1.PacbioHiFiAssembly_genomic","AT2G45320","OX291482.1",20849422,20851503,2081,2602.5,1
"2288","GCA_946404995.1_BANI-C-1.PacbioHiFiAssembly_genomic","AT1G30480","OX291481.1",10610998,10613686,2688,3380,1
"2378","GCA_946404995.1_BANI-C-1.PacbioHiFiAssembly_genomic","AT3G13840","OX291483.1",4685811,4687559,1748,2186.25,1
"2478","GCA_946404995.1_BANI-C-1.PacbioHiFiAssembly_genomic","AT5G38520","OX291485.1",18751727,18753868,2141,2678.75,1
"2578","GCA_946404995.1_BANI-C-1.PacbioHiFiAssembly_genomic","AT2G22260","OX291482.1",11644654,11647297,2643,3305,1
"2678","GCA_946404995.1_BANI-C-1.PacbioHiFiAssembly_genomic","AT1G49470","OX291481.1",21224179,21225465,1286,1608.75,1
"2778","GCA_946404995.1_BANI-C-1.PacbioHiFiAssembly_genomic","AT1G70560","OX291481.1",29633869,29636664,2795,3497.5,1
"2878","GCA_946404995.1_BANI-C-1.PacbioHiFiAssembly_genomic","AT3G10985","OX291483.1",3596428,3597868,1440,1805,1
"2978","GCA_946404995.1_BANI-C-1.PacbioHiFiAssembly_genomic","AT4G36390","OX291484.1",20456865,20459553,2688,3343.75,1
"3078","GCA_946404995.1_BANI-C-1.PacbioHiFiAssembly_genomic","AT4G34270","OX291484.1",19663121,19665580,2459,3075,1
"31117","GCA_946404995.1_BANI-C-1.PacbioHiFiAssembly_genomic","AT5G50000","OX291485.1",23663614,23666411,2797,3497.5,1
"3288","GCA_946404995.1_BANI-C-1.PacbioHiFiAssembly_genomic","AT1G30580","OX291481.1",10651730,10655690,3960,4953.75,1
"3377","GCA_946404995.1_BANI-C-1.PacbioHiFiAssembly_genomic","AT1G20070","OX291481.1",6942973,6944129,1156,1446.25,1
"3477","GCA_946404995.1_BANI-C-1.PacbioHiFiAssembly_genomic","AT3G25440","OX291483.1",9352924,9354741,1817,2273.75,1
"3578","GCA_946404995.1_BANI-C-1.PacbioHiFiAssembly_genomic","AT5G43680","OX291485.1",20828893,20830560,1667,2321.25,1
"3678","GCA_946404995.1_BANI-C-1.PacbioHiFiAssembly_genomic","AT1G67320","OX291481.1",28228716,28232537,3821,4778.75,1
"3778","GCA_946404995.1_BANI-C-1.PacbioHiFiAssembly_genomic","AT2G44950","OX291482.1",20710579,20717056,6477,8097.5,1
"3878","GCA_946404995.1_BANI-C-1.PacbioHiFiAssembly_genomic","AT5G24520","OX291485.1",8375069,8377599,2530,3163.75,1
"3978","GCA_946404995.1_BANI-C-1.PacbioHiFiAssembly_genomic","AT5G56890","OX291485.1",26310509,26316098,5589,6991.25,1
"4078","GCA_946404995.1_BANI-C-1.PacbioHiFiAssembly_genomic","AT1G24460","OX291481.1",8602993,8609771,6778,8472.5,1
"41115","GCA_946404995.1_BANI-C-1.PacbioHiFiAssembly_genomic","AT2G28800","OX291482.1",14539581,14542828,3247,4060,1
"4284","GCA_946404995.1_BANI-C-1.PacbioHiFiAssembly_genomic","AT5G13940","OX291485.1",4487311,4492801,5490,6863.75,1
"4567","GCA_946404995.1_BANI-C-1.PacbioHiFiAssembly_genomic","AT1G19220","OX291481.1",6615690,6621125,5435,6813.75,1
"4677","GCA_946404995.1_BANI-C-1.PacbioHiFiAssembly_genomic","AT5G01220","OX291485.1",83098,86671,3573,4468.75,1
"4778","GCA_946404995.1_BANI-C-1.PacbioHiFiAssembly_genomic","AT1G02460","OX291481.1",504562,507371,2809,3507.5,1
"4878","GCA_946404995.1_BANI-C-1.PacbioHiFiAssembly_genomic","AT1G04110","OX291481.1",1068825,1071337,2512,3141.25,1
"4978","GCA_946404995.1_BANI-C-1.PacbioHiFiAssembly_genomic","AT4G01880","OX291484.1",1165122,1167394,2272,2842.5,1
"5065","GCA_946404995.1_BANI-C-1.PacbioHiFiAssembly_genomic","AT2G24430","OX291482.1",12581955,12585079,3124,3911.25,1
"5145","GCA_946404995.1_BANI-C-1.PacbioHiFiAssembly_genomic","AT5G47870","OX291485.1",22701064,22702565,1501,1877.5,1
"1289","GCA_946405265.1_IP-Met-6.PacbioHiFiAssembly_genomic","AT2G27810","OX291487.1",15198859,15203091,4232,5322.5,1
"2289","GCA_946405265.1_IP-Met-6.PacbioHiFiAssembly_genomic","AT5G40530","OX291490.1",21588904,21590771,1867,2313.75,1
"3289","GCA_946405265.1_IP-Met-6.PacbioHiFiAssembly_genomic","AT3G26115","OX291488.1",9612720,9614949,2229,2787.5,1
"4285","GCA_946405265.1_IP-Met-6.PacbioHiFiAssembly_genomic","AT1G26750","OX291486.1",9080014,9081431,1417,1772.5,1
"587","GCA_946405265.1_IP-Met-6.PacbioHiFiAssembly_genomic","AT4G17540","OX291489.1",16851201,16853195,1994,2493.75,1
"679","GCA_946405265.1_IP-Met-6.PacbioHiFiAssembly_genomic","AT4G23950","OX291489.1",19430421,19432922,2501,3126.25,1
"779","GCA_946405265.1_IP-Met-6.PacbioHiFiAssembly_genomic","AT2G38360","OX291487.1",19427971,19429249,1278,1598.75,1
"879","GCA_946405265.1_IP-Met-6.PacbioHiFiAssembly_genomic","AT3G11090","OX291488.1",3578367,3579293,926,1158.75,1
"979","GCA_946405265.1_IP-Met-6.PacbioHiFiAssembly_genomic","AT5G24890","OX291490.1",8621108,8622863,1755,2190,1
"1079","GCA_946405265.1_IP-Met-6.PacbioHiFiAssembly_genomic","AT5G27970","OX291490.1",10061639,10072887,11248,14170,1
"11118","GCA_946405265.1_IP-Met-6.PacbioHiFiAssembly_genomic","AT1G49590","OX291486.1",19785840,19787829,1989,2487.5,1
"1290","GCA_946405265.1_IP-Met-6.PacbioHiFiAssembly_genomic","AT5G46910","OX291490.1",24396204,24401243,5039,6301.25,1
"1379","GCA_946405265.1_IP-Met-6.PacbioHiFiAssembly_genomic","AT1G77300","OX291486.1",30454149,30463669,9520,11916.25,1
"1479","GCA_946405265.1_IP-Met-6.PacbioHiFiAssembly_genomic","AT2G15560","OX291487.1",10119814,10122135,2321,2937.5,1
"1579","GCA_946405265.1_IP-Met-6.PacbioHiFiAssembly_genomic","AT3G27310","OX291488.1",10149993,10152147,2154,2693.75,1
"1679","GCA_946405265.1_IP-Met-6.PacbioHiFiAssembly_genomic","AT5G42950","OX291490.1",22635321,22642435,7114,8893.75,1
"1779","GCA_946405265.1_IP-Met-6.PacbioHiFiAssembly_genomic","AT5G47380","OX291490.1",24570638,24574016,3378,4223.75,1
"1879","GCA_946405265.1_IP-Met-6.PacbioHiFiAssembly_genomic","AT3G06035","OX291488.1",1837566,1838972,1406,1757.5,1
"1979","GCA_946405265.1_IP-Met-6.PacbioHiFiAssembly_genomic","AT2G38310","OX291487.1",19408514,19409953,1439,1798.75,1
"2079","GCA_946405265.1_IP-Met-6.PacbioHiFiAssembly_genomic","AT2G21100","OX291487.1",12356191,12357465,1274,1592.5,1
"21118","GCA_946405265.1_IP-Met-6.PacbioHiFiAssembly_genomic","AT1G27460","OX291486.1",9359379,9362505,3126,3908.75,1
"2290","GCA_946405265.1_IP-Met-6.PacbioHiFiAssembly_genomic","AT2G45320","OX291487.1",22041150,22043230,2080,2602.5,1
"2379","GCA_946405265.1_IP-Met-6.PacbioHiFiAssembly_genomic","AT1G30480","OX291486.1",10613489,10616157,2668,3380,1
"2479","GCA_946405265.1_IP-Met-6.PacbioHiFiAssembly_genomic","AT3G13840","OX291488.1",4628979,4630727,1748,2186.25,1
"2579","GCA_946405265.1_IP-Met-6.PacbioHiFiAssembly_genomic","AT5G38520","OX291490.1",20799890,20802032,2142,2678.75,1
"2679","GCA_946405265.1_IP-Met-6.PacbioHiFiAssembly_genomic","AT2G22260","OX291487.1",12800156,12802799,2643,3305,1
"2779","GCA_946405265.1_IP-Met-6.PacbioHiFiAssembly_genomic","AT1G49470","OX291486.1",19742481,19743767,1286,1608.75,1
"2879","GCA_946405265.1_IP-Met-6.PacbioHiFiAssembly_genomic","AT1G70560","OX291486.1",28008045,28010842,2797,3497.5,1
"2979","GCA_946405265.1_IP-Met-6.PacbioHiFiAssembly_genomic","AT3G10985","OX291488.1",3545273,3546713,1440,1805,1
"3079","GCA_946405265.1_IP-Met-6.PacbioHiFiAssembly_genomic","AT4G36390","OX291489.1",24204317,24206991,2674,3343.75,1
"31118","GCA_946405265.1_IP-Met-6.PacbioHiFiAssembly_genomic","AT4G34270","OX291489.1",23414021,23416466,2445,3075,1
"3290","GCA_946405265.1_IP-Met-6.PacbioHiFiAssembly_genomic","AT5G50000","OX291490.1",25674508,25677305,2797,3497.5,1
"3378","GCA_946405265.1_IP-Met-6.PacbioHiFiAssembly_genomic","AT1G30580","OX291486.1",10659002,10662961,3959,4953.75,1
"3478","GCA_946405265.1_IP-Met-6.PacbioHiFiAssembly_genomic","AT1G20070","OX291486.1",6935505,6936661,1156,1446.25,1
"3579","GCA_946405265.1_IP-Met-6.PacbioHiFiAssembly_genomic","AT3G25440","OX291488.1",9306941,9308757,1816,2273.75,1
"3679","GCA_946405265.1_IP-Met-6.PacbioHiFiAssembly_genomic","AT5G43680","OX291490.1",22924726,22926393,1667,2321.25,1
"3779","GCA_946405265.1_IP-Met-6.PacbioHiFiAssembly_genomic","AT1G67320","OX291486.1",26593505,26597284,3779,4778.75,1
"3879","GCA_946405265.1_IP-Met-6.PacbioHiFiAssembly_genomic","AT2G44950","OX291487.1",21902248,21908727,6479,8097.5,1
"3979","GCA_946405265.1_IP-Met-6.PacbioHiFiAssembly_genomic","AT5G24520","OX291490.1",8427873,8430403,2530,3163.75,1
"4079","GCA_946405265.1_IP-Met-6.PacbioHiFiAssembly_genomic","AT5G56890","OX291490.1",28289013,28294605,5592,6991.25,1
"41116","GCA_946405265.1_IP-Met-6.PacbioHiFiAssembly_genomic","AT1G24460","OX291486.1",8577824,8584599,6775,8472.5,1
"4286","GCA_946405265.1_IP-Met-6.PacbioHiFiAssembly_genomic","AT2G28800","OX291487.1",15711495,15714742,3247,4060,1
"4332","GCA_946405265.1_IP-Met-6.PacbioHiFiAssembly_genomic","AT5G13940","OX291490.1",4527009,4532501,5492,6863.75,1
"4439","GCA_946405265.1_IP-Met-6.PacbioHiFiAssembly_genomic","AT1G19220","OX291486.1",6606954,6612396,5442,6813.75,1
"4568","GCA_946405265.1_IP-Met-6.PacbioHiFiAssembly_genomic","AT5G01220","OX291490.1",84208,87786,3578,4468.75,1
"4678","GCA_946405265.1_IP-Met-6.PacbioHiFiAssembly_genomic","AT1G02460","OX291486.1",506602,509412,2810,3507.5,1
"4779","GCA_946405265.1_IP-Met-6.PacbioHiFiAssembly_genomic","AT1G04110","OX291486.1",1064139,1066651,2512,3141.25,1
"4879","GCA_946405265.1_IP-Met-6.PacbioHiFiAssembly_genomic","AT4G01880","OX291489.1",1295336,1297615,2279,2842.5,1
"4979","GCA_946405265.1_IP-Met-6.PacbioHiFiAssembly_genomic","AT2G24430","OX291487.1",13751254,13754383,3129,3911.25,1
"5066","GCA_946405265.1_IP-Met-6.PacbioHiFiAssembly_genomic","AT5G47870","OX291490.1",24727156,24728661,1505,1877.5,1
"1291","GCA_946405525.1_FERR-A-12.PacbioHiFiAssembly_genomic","AT2G27810","OX291509.1",14856424,14860694,4270,5322.5,1
"2291","GCA_946405525.1_FERR-A-12.PacbioHiFiAssembly_genomic","AT5G40530","OX291512.1",20409537,20411404,1867,2313.75,1
"3291","GCA_946405525.1_FERR-A-12.PacbioHiFiAssembly_genomic","AT3G26115","OX291510.1",9518643,9520872,2229,2787.5,1
"4287","GCA_946405525.1_FERR-A-12.PacbioHiFiAssembly_genomic","AT1G26750","OX291508.1",9105468,9106885,1417,1772.5,1
"588","GCA_946405525.1_FERR-A-12.PacbioHiFiAssembly_genomic","AT4G17540","OX291511.1",13897925,13899919,1994,2493.75,1
"680","GCA_946405525.1_FERR-A-12.PacbioHiFiAssembly_genomic","AT4G23950","OX291511.1",16498367,16500868,2501,3126.25,1
"780","GCA_946405525.1_FERR-A-12.PacbioHiFiAssembly_genomic","AT2G38360","OX291509.1",19092695,19093973,1278,1598.75,1
"880","GCA_946405525.1_FERR-A-12.PacbioHiFiAssembly_genomic","AT3G11090","OX291510.1",3529559,3530485,926,1158.75,1
"980","GCA_946405525.1_FERR-A-12.PacbioHiFiAssembly_genomic","AT5G24890","OX291512.1",8590487,8592235,1748,2190,1
"1080","GCA_946405525.1_FERR-A-12.PacbioHiFiAssembly_genomic","AT5G27970","OX291512.1",10017321,10028657,11336,14170,1
"11119","GCA_946405525.1_FERR-A-12.PacbioHiFiAssembly_genomic","AT1G49590","OX291508.1",20153475,20155464,1989,2487.5,1
"1292","GCA_946405525.1_FERR-A-12.PacbioHiFiAssembly_genomic","AT5G46910","OX291512.1",23147627,23152688,5061,6301.25,1
"1380","GCA_946405525.1_FERR-A-12.PacbioHiFiAssembly_genomic","AT1G77300","OX291508.1",30827221,30836745,9524,11916.25,1
"1480","GCA_946405525.1_FERR-A-12.PacbioHiFiAssembly_genomic","AT2G15560","OX291509.1",9694524,9696871,2347,2937.5,1
"1580","GCA_946405525.1_FERR-A-12.PacbioHiFiAssembly_genomic","AT3G27310","OX291510.1",10046794,10048948,2154,2693.75,1
"1680","GCA_946405525.1_FERR-A-12.PacbioHiFiAssembly_genomic","AT5G42950","OX291512.1",21400585,21407685,7100,8893.75,1
"1780","GCA_946405525.1_FERR-A-12.PacbioHiFiAssembly_genomic","AT5G47380","OX291512.1",23321309,23324687,3378,4223.75,1
"1880","GCA_946405525.1_FERR-A-12.PacbioHiFiAssembly_genomic","AT3G06035","OX291510.1",1856193,1857599,1406,1757.5,1
"1980","GCA_946405525.1_FERR-A-12.PacbioHiFiAssembly_genomic","AT2G38310","OX291509.1",19073236,19074674,1438,1798.75,1
"2080","GCA_946405525.1_FERR-A-12.PacbioHiFiAssembly_genomic","AT1G27460","OX291508.1",9382780,9385906,3126,3908.75,1
"21119","GCA_946405525.1_FERR-A-12.PacbioHiFiAssembly_genomic","AT2G45320","OX291509.1",21714530,21716611,2081,2602.5,1
"2292","GCA_946405525.1_FERR-A-12.PacbioHiFiAssembly_genomic","AT1G30480","OX291508.1",10637156,10639859,2703,3380,1
"2380","GCA_946405525.1_FERR-A-12.PacbioHiFiAssembly_genomic","AT3G13840","OX291510.1",4594498,4596246,1748,2186.25,1
"2480","GCA_946405525.1_FERR-A-12.PacbioHiFiAssembly_genomic","AT5G38520","OX291512.1",19632835,19634960,2125,2678.75,1
"2580","GCA_946405525.1_FERR-A-12.PacbioHiFiAssembly_genomic","AT2G22260","OX291509.1",12409796,12412439,2643,3305,1
"2680","GCA_946405525.1_FERR-A-12.PacbioHiFiAssembly_genomic","AT1G49470","OX291508.1",20099218,20100504,1286,1608.75,1
"2780","GCA_946405525.1_FERR-A-12.PacbioHiFiAssembly_genomic","AT1G70560","OX291508.1",28384592,28387391,2799,3497.5,1
"2880","GCA_946405525.1_FERR-A-12.PacbioHiFiAssembly_genomic","AT3G10985","OX291510.1",3496456,3497893,1437,1805,1
"2980","GCA_946405525.1_FERR-A-12.PacbioHiFiAssembly_genomic","AT4G36390","OX291511.1",21279591,21282265,2674,3343.75,1
"3080","GCA_946405525.1_FERR-A-12.PacbioHiFiAssembly_genomic","AT4G34270","OX291511.1",20486502,20488947,2445,3075,1
"31119","GCA_946405525.1_FERR-A-12.PacbioHiFiAssembly_genomic","AT5G50000","OX291512.1",24430322,24433121,2799,3497.5,1
"3292","GCA_946405525.1_FERR-A-12.PacbioHiFiAssembly_genomic","AT1G30580","OX291508.1",10678801,10682761,3960,4953.75,1
"3379","GCA_946405525.1_FERR-A-12.PacbioHiFiAssembly_genomic","AT1G20070","OX291508.1",6903246,6904402,1156,1446.25,1
"3479","GCA_946405525.1_FERR-A-12.PacbioHiFiAssembly_genomic","AT3G25440","OX291510.1",9208184,9209999,1815,2273.75,1
"3580","GCA_946405525.1_FERR-A-12.PacbioHiFiAssembly_genomic","AT5G43680","OX291512.1",21715743,21717587,1844,2321.25,1
"3680","GCA_946405525.1_FERR-A-12.PacbioHiFiAssembly_genomic","AT1G67320","OX291508.1",26979968,26983787,3819,4778.75,1
"3780","GCA_946405525.1_FERR-A-12.PacbioHiFiAssembly_genomic","AT2G44950","OX291509.1",21576290,21582767,6477,8097.5,1
"3880","GCA_946405525.1_FERR-A-12.PacbioHiFiAssembly_genomic","AT5G24520","OX291512.1",8403697,8406227,2530,3163.75,1
"3980","GCA_946405525.1_FERR-A-12.PacbioHiFiAssembly_genomic","AT5G56890","OX291512.1",27069525,27075106,5581,6991.25,1
"4080","GCA_946405525.1_FERR-A-12.PacbioHiFiAssembly_genomic","AT1G24460","OX291508.1",8592480,8599255,6775,8472.5,1
"41117","GCA_946405525.1_FERR-A-12.PacbioHiFiAssembly_genomic","AT2G28800","OX291509.1",15363335,15366582,3247,4060,1
"4288","GCA_946405525.1_FERR-A-12.PacbioHiFiAssembly_genomic","AT5G13940","OX291512.1",4489501,4495012,5511,6863.75,1
"4569","GCA_946405525.1_FERR-A-12.PacbioHiFiAssembly_genomic","AT1G19220","OX291508.1",6581955,6587400,5445,6813.75,1
"4679","GCA_946405525.1_FERR-A-12.PacbioHiFiAssembly_genomic","AT5G01220","OX291512.1",80665,84240,3575,4468.75,1
"4780","GCA_946405525.1_FERR-A-12.PacbioHiFiAssembly_genomic","AT1G02460","OX291508.1",506587,509398,2811,3507.5,1
"4880","GCA_946405525.1_FERR-A-12.PacbioHiFiAssembly_genomic","AT1G04110","OX291508.1",1066347,1068859,2512,3141.25,1
"4980","GCA_946405525.1_FERR-A-12.PacbioHiFiAssembly_genomic","AT4G01880","OX291511.1",1180715,1182993,2278,2842.5,1
"5067","GCA_946405525.1_FERR-A-12.PacbioHiFiAssembly_genomic","AT2G24430","OX291509.1",13350374,13353481,3107,3911.25,1
"5146","GCA_946405525.1_FERR-A-12.PacbioHiFiAssembly_genomic","AT5G47870","OX291512.1",23484254,23485755,1501,1877.5,1
"1293","GCA_946405545.1_IP-Evs-12.PacbioHiFiAssembly_genomic","AT2G27810","OX291514.1",15372517,15376779,4262,5322.5,1
"2293","GCA_946405545.1_IP-Evs-12.PacbioHiFiAssembly_genomic","AT5G40530","OX291517.1",20323533,20325400,1867,2313.75,1
"3293","GCA_946405545.1_IP-Evs-12.PacbioHiFiAssembly_genomic","AT3G26115","OX291515.1",9616248,9618477,2229,2787.5,1
"4289","GCA_946405545.1_IP-Evs-12.PacbioHiFiAssembly_genomic","AT1G26750","OX291513.1",9143478,9144895,1417,1772.5,1
"589","GCA_946405545.1_IP-Evs-12.PacbioHiFiAssembly_genomic","AT4G17540","OX291516.1",14289584,14291578,1994,2493.75,1
"681","GCA_946405545.1_IP-Evs-12.PacbioHiFiAssembly_genomic","AT4G23950","OX291516.1",16844170,16846670,2500,3126.25,1
"781","GCA_946405545.1_IP-Evs-12.PacbioHiFiAssembly_genomic","AT2G38360","OX291514.1",19592922,19594200,1278,1598.75,1
"881","GCA_946405545.1_IP-Evs-12.PacbioHiFiAssembly_genomic","AT3G11090","OX291515.1",3510952,3511878,926,1158.75,1
"981","GCA_946405545.1_IP-Evs-12.PacbioHiFiAssembly_genomic","AT5G24890","OX291517.1",8615187,8616941,1754,2190,1
"1081","GCA_946405545.1_IP-Evs-12.PacbioHiFiAssembly_genomic","AT5G27970","OX291517.1",10051602,10062936,11334,14170,1
"11120","GCA_946405545.1_IP-Evs-12.PacbioHiFiAssembly_genomic","AT1G49590","OX291513.1",21274140,21276129,1989,2487.5,1
"1294","GCA_946405545.1_IP-Evs-12.PacbioHiFiAssembly_genomic","AT5G46910","OX291517.1",23154424,23159463,5039,6301.25,1
"1381","GCA_946405545.1_IP-Evs-12.PacbioHiFiAssembly_genomic","AT1G77300","OX291513.1",31924818,31934338,9520,11916.25,1
"1481","GCA_946405545.1_IP-Evs-12.PacbioHiFiAssembly_genomic","AT2G15560","OX291514.1",10320004,10322325,2321,2937.5,1
"1581","GCA_946405545.1_IP-Evs-12.PacbioHiFiAssembly_genomic","AT3G27310","OX291515.1",10149257,10151411,2154,2693.75,1
"1681","GCA_946405545.1_IP-Evs-12.PacbioHiFiAssembly_genomic","AT5G42950","OX291517.1",21342616,21349730,7114,8893.75,1
"1781","GCA_946405545.1_IP-Evs-12.PacbioHiFiAssembly_genomic","AT5G47380","OX291517.1",23328859,23332237,3378,4223.75,1
"1881","GCA_946405545.1_IP-Evs-12.PacbioHiFiAssembly_genomic","AT3G06035","OX291515.1",1835554,1836959,1405,1757.5,1
"1981","GCA_946405545.1_IP-Evs-12.PacbioHiFiAssembly_genomic","AT2G38310","OX291514.1",19573454,19574892,1438,1798.75,1
"2081","GCA_946405545.1_IP-Evs-12.PacbioHiFiAssembly_genomic","AT2G21100","OX291514.1",12541793,12543067,1274,1592.5,1
"21120","GCA_946405545.1_IP-Evs-12.PacbioHiFiAssembly_genomic","AT1G27460","OX291513.1",9427003,9430166,3163,3908.75,1
"2294","GCA_946405545.1_IP-Evs-12.PacbioHiFiAssembly_genomic","AT2G45320","OX291514.1",22204978,22207058,2080,2602.5,1
"2381","GCA_946405545.1_IP-Evs-12.PacbioHiFiAssembly_genomic","AT1G30480","OX291513.1",10640172,10642840,2668,3380,1
"2481","GCA_946405545.1_IP-Evs-12.PacbioHiFiAssembly_genomic","AT3G13840","OX291515.1",4569220,4570968,1748,2186.25,1
"2581","GCA_946405545.1_IP-Evs-12.PacbioHiFiAssembly_genomic","AT5G38520","OX291517.1",19536051,19538193,2142,2678.75,1
"2681","GCA_946405545.1_IP-Evs-12.PacbioHiFiAssembly_genomic","AT2G22260","OX291514.1",12964294,12966937,2643,3305,1
"2781","GCA_946405545.1_IP-Evs-12.PacbioHiFiAssembly_genomic","AT1G49470","OX291513.1",21229778,21231064,1286,1608.75,1
"2881","GCA_946405545.1_IP-Evs-12.PacbioHiFiAssembly_genomic","AT1G70560","OX291513.1",29482038,29484835,2797,3497.5,1
"2981","GCA_946405545.1_IP-Evs-12.PacbioHiFiAssembly_genomic","AT3G10985","OX291515.1",3468556,3469943,1387,1805,1
"3081","GCA_946405545.1_IP-Evs-12.PacbioHiFiAssembly_genomic","AT4G36390","OX291516.1",21601115,21603789,2674,3343.75,1
"31120","GCA_946405545.1_IP-Evs-12.PacbioHiFiAssembly_genomic","AT4G34270","OX291516.1",20808336,20810781,2445,3075,1
"3294","GCA_946405545.1_IP-Evs-12.PacbioHiFiAssembly_genomic","AT5G50000","OX291517.1",24449537,24452334,2797,3497.5,1
"3380","GCA_946405545.1_IP-Evs-12.PacbioHiFiAssembly_genomic","AT1G30580","OX291513.1",10686036,10689996,3960,4953.75,1
"3480","GCA_946405545.1_IP-Evs-12.PacbioHiFiAssembly_genomic","AT1G20070","OX291513.1",6964699,6965855,1156,1446.25,1
"3581","GCA_946405545.1_IP-Evs-12.PacbioHiFiAssembly_genomic","AT3G25440","OX291515.1",9305437,9307255,1818,2273.75,1
"3681","GCA_946405545.1_IP-Evs-12.PacbioHiFiAssembly_genomic","AT5G43680","OX291517.1",21648303,21650011,1708,2321.25,1
"3781","GCA_946405545.1_IP-Evs-12.PacbioHiFiAssembly_genomic","AT1G67320","OX291513.1",28078173,28081996,3823,4778.75,1
"3881","GCA_946405545.1_IP-Evs-12.PacbioHiFiAssembly_genomic","AT2G44950","OX291514.1",22060766,22067243,6477,8097.5,1
"3981","GCA_946405545.1_IP-Evs-12.PacbioHiFiAssembly_genomic","AT5G24520","OX291517.1",8421625,8424155,2530,3163.75,1
"4081","GCA_946405545.1_IP-Evs-12.PacbioHiFiAssembly_genomic","AT5G56890","OX291517.1",27087235,27092825,5590,6991.25,1
"41118","GCA_946405545.1_IP-Evs-12.PacbioHiFiAssembly_genomic","AT1G24460","OX291513.1",8645993,8652768,6775,8472.5,1
"4290","GCA_946405545.1_IP-Evs-12.PacbioHiFiAssembly_genomic","AT2G28800","OX291514.1",15882380,15885628,3248,4060,1
"4333","GCA_946405545.1_IP-Evs-12.PacbioHiFiAssembly_genomic","AT5G13940","OX291517.1",4519161,4524653,5492,6863.75,1
"4781","GCA_946405545.1_IP-Evs-12.PacbioHiFiAssembly_genomic","AT1G19220","OX291513.1",6640533,6645990,5457,6813.75,1
"4881","GCA_946405545.1_IP-Evs-12.PacbioHiFiAssembly_genomic","AT5G01220","OX291517.1",81634,85207,3573,4468.75,1
"4981","GCA_946405545.1_IP-Evs-12.PacbioHiFiAssembly_genomic","AT1G02460","OX291513.1",511501,514290,2789,3507.5,1
"5068","GCA_946405545.1_IP-Evs-12.PacbioHiFiAssembly_genomic","AT1G04110","OX291513.1",1069433,1071945,2512,3141.25,1
"5147","GCA_946405545.1_IP-Evs-12.PacbioHiFiAssembly_genomic","AT4G01880","OX291516.1",813217,815496,2279,2842.5,1
"5219","GCA_946405545.1_IP-Evs-12.PacbioHiFiAssembly_genomic","AT2G24430","OX291514.1",13913342,13916465,3123,3911.25,1
"5311","GCA_946405545.1_IP-Evs-12.PacbioHiFiAssembly_genomic","AT5G47870","OX291517.1",23485384,23486890,1506,1877.5,1
"1295","GCA_946405725.1_IP-Med-0.PacbioHiFiAssembly_genomic","AT2G27810","OX291519.1",15765305,15769560,4255,5322.5,1
"2295","GCA_946405725.1_IP-Med-0.PacbioHiFiAssembly_genomic","AT5G40530","OX291522.1",21290859,21292726,1867,2313.75,1
"3295","GCA_946405725.1_IP-Med-0.PacbioHiFiAssembly_genomic","AT3G26115","OX291520.1",9667247,9669449,2202,2787.5,1
"4291","GCA_946405725.1_IP-Med-0.PacbioHiFiAssembly_genomic","AT1G26750","OX291518.1",9206307,9207736,1429,1772.5,1
"590","GCA_946405725.1_IP-Med-0.PacbioHiFiAssembly_genomic","AT4G17540","OX291521.1",14339193,14341187,1994,2493.75,1
"682","GCA_946405725.1_IP-Med-0.PacbioHiFiAssembly_genomic","AT4G23950","OX291521.1",17102002,17104502,2500,3126.25,1
"782","GCA_946405725.1_IP-Med-0.PacbioHiFiAssembly_genomic","AT2G38360","OX291519.1",20016645,20017923,1278,1598.75,1
"882","GCA_946405725.1_IP-Med-0.PacbioHiFiAssembly_genomic","AT3G11090","OX291520.1",3594031,3594957,926,1158.75,1
"982","GCA_946405725.1_IP-Med-0.PacbioHiFiAssembly_genomic","AT5G24890","OX291522.1",8742917,8744671,1754,2190,1
"1082","GCA_946405725.1_IP-Med-0.PacbioHiFiAssembly_genomic","AT5G27970","OX291522.1",10189708,10201049,11341,14170,1
"11121","GCA_946405725.1_IP-Med-0.PacbioHiFiAssembly_genomic","AT1G49590","OX291518.1",21611444,21613416,1972,2487.5,1
"1296","GCA_946405725.1_IP-Med-0.PacbioHiFiAssembly_genomic","AT5G46910","OX291522.1",24048812,24053852,5040,6301.25,1
"1382","GCA_946405725.1_IP-Med-0.PacbioHiFiAssembly_genomic","AT1G77300","OX291518.1",32421560,32431081,9521,11916.25,1
"1482","GCA_946405725.1_IP-Med-0.PacbioHiFiAssembly_genomic","AT2G15560","OX291519.1",10630886,10633234,2348,2937.5,1
"1582","GCA_946405725.1_IP-Med-0.PacbioHiFiAssembly_genomic","AT3G27310","OX291520.1",10211313,10213467,2154,2693.75,1
"1682","GCA_946405725.1_IP-Med-0.PacbioHiFiAssembly_genomic","AT5G42950","OX291522.1",22311224,22318338,7114,8893.75,1
"1782","GCA_946405725.1_IP-Med-0.PacbioHiFiAssembly_genomic","AT5G47380","OX291522.1",24219196,24222574,3378,4223.75,1
"1882","GCA_946405725.1_IP-Med-0.PacbioHiFiAssembly_genomic","AT3G06035","OX291520.1",1867016,1868421,1405,1757.5,1
"1982","GCA_946405725.1_IP-Med-0.PacbioHiFiAssembly_genomic","AT2G38310","OX291519.1",19997779,19999217,1438,1798.75,1
"2082","GCA_946405725.1_IP-Med-0.PacbioHiFiAssembly_genomic","AT1G27460","OX291518.1",9501335,9504497,3162,3908.75,1
"21121","GCA_946405725.1_IP-Med-0.PacbioHiFiAssembly_genomic","AT2G45320","OX291519.1",22648962,22651039,2077,2602.5,1
"2296","GCA_946405725.1_IP-Med-0.PacbioHiFiAssembly_genomic","AT1G30480","OX291518.1",10765869,10768565,2696,3380,1
"2382","GCA_946405725.1_IP-Med-0.PacbioHiFiAssembly_genomic","AT3G13840","OX291520.1",4670248,4671996,1748,2186.25,1
"2482","GCA_946405725.1_IP-Med-0.PacbioHiFiAssembly_genomic","AT5G38520","OX291522.1",20486803,20488945,2142,2678.75,1
"2582","GCA_946405725.1_IP-Med-0.PacbioHiFiAssembly_genomic","AT2G22260","OX291519.1",13333447,13336090,2643,3305,1
"2682","GCA_946405725.1_IP-Med-0.PacbioHiFiAssembly_genomic","AT1G49470","OX291518.1",21567627,21568913,1286,1608.75,1
"2782","GCA_946405725.1_IP-Med-0.PacbioHiFiAssembly_genomic","AT1G70560","OX291518.1",29966375,29969172,2797,3497.5,1
"2882","GCA_946405725.1_IP-Med-0.PacbioHiFiAssembly_genomic","AT3G10985","OX291520.1",3556650,3558037,1387,1805,1
"2982","GCA_946405725.1_IP-Med-0.PacbioHiFiAssembly_genomic","AT4G36390","OX291521.1",22017569,22020257,2688,3343.75,1
"3082","GCA_946405725.1_IP-Med-0.PacbioHiFiAssembly_genomic","AT4G34270","OX291521.1",21211169,21213614,2445,3075,1
"31121","GCA_946405725.1_IP-Med-0.PacbioHiFiAssembly_genomic","AT5G50000","OX291522.1",25294925,25297720,2795,3497.5,1
"3296","GCA_946405725.1_IP-Med-0.PacbioHiFiAssembly_genomic","AT1G30580","OX291518.1",10806540,10810499,3959,4953.75,1
"3381","GCA_946405725.1_IP-Med-0.PacbioHiFiAssembly_genomic","AT1G20070","OX291518.1",6990606,6991762,1156,1446.25,1
"3481","GCA_946405725.1_IP-Med-0.PacbioHiFiAssembly_genomic","AT3G25440","OX291520.1",9357753,9359569,1816,2273.75,1
"3582","GCA_946405725.1_IP-Med-0.PacbioHiFiAssembly_genomic","AT5G43680","OX291522.1",22607292,22608939,1647,2321.25,1
"3682","GCA_946405725.1_IP-Med-0.PacbioHiFiAssembly_genomic","AT1G67320","OX291518.1",28546016,28549837,3821,4778.75,1
"3782","GCA_946405725.1_IP-Med-0.PacbioHiFiAssembly_genomic","AT2G44950","OX291519.1",22508253,22514741,6488,8097.5,1
"3882","GCA_946405725.1_IP-Med-0.PacbioHiFiAssembly_genomic","AT5G24520","OX291522.1",8540338,8542867,2529,3163.75,1
"3982","GCA_946405725.1_IP-Med-0.PacbioHiFiAssembly_genomic","AT5G56890","OX291522.1",27933897,27939478,5581,6991.25,1
"4082","GCA_946405725.1_IP-Med-0.PacbioHiFiAssembly_genomic","AT1G24460","OX291518.1",8707935,8714710,6775,8472.5,1
"41119","GCA_946405725.1_IP-Med-0.PacbioHiFiAssembly_genomic","AT2G28800","OX291519.1",16280940,16284172,3232,4060,1
"4292","GCA_946405725.1_IP-Med-0.PacbioHiFiAssembly_genomic","AT5G13940","OX291522.1",4579297,4584793,5496,6863.75,1
"4440","GCA_946405725.1_IP-Med-0.PacbioHiFiAssembly_genomic","AT1G19220","OX291518.1",6662716,6668154,5438,6813.75,1
"4570","GCA_946405725.1_IP-Med-0.PacbioHiFiAssembly_genomic","AT5G01220","OX291522.1",84754,88331,3577,4468.75,1
"4680","GCA_946405725.1_IP-Med-0.PacbioHiFiAssembly_genomic","AT1G02460","OX291518.1",523664,526485,2821,3507.5,1
"4782","GCA_946405725.1_IP-Med-0.PacbioHiFiAssembly_genomic","AT1G04110","OX291518.1",1087413,1089925,2512,3141.25,1
"4882","GCA_946405725.1_IP-Med-0.PacbioHiFiAssembly_genomic","AT4G01880","OX291521.1",1171668,1173941,2273,2842.5,1
"4982","GCA_946405725.1_IP-Med-0.PacbioHiFiAssembly_genomic","AT2G24430","OX291519.1",14268057,14271163,3106,3911.25,1
"5069","GCA_946405725.1_IP-Med-0.PacbioHiFiAssembly_genomic","AT5G47870","OX291522.1",24374851,24376330,1479,1877.5,1
"1297","GCA_946405905.1_MONTM-B-16.PacbioHiFiAssembly_genomic","AT2G27810","OX291524.1",14975253,14979510,4257,5322.5,1
"2297","GCA_946405905.1_MONTM-B-16.PacbioHiFiAssembly_genomic","AT5G40530","OX291527.1",20844342,20846209,1867,2313.75,1
"3297","GCA_946405905.1_MONTM-B-16.PacbioHiFiAssembly_genomic","AT3G26115","OX291525.1",9550410,9552639,2229,2787.5,1
"4293","GCA_946405905.1_MONTM-B-16.PacbioHiFiAssembly_genomic","AT1G26750","OX291523.1",9109883,9111300,1417,1772.5,1
"591","GCA_946405905.1_MONTM-B-16.PacbioHiFiAssembly_genomic","AT4G17540","OX291526.1",13693690,13695683,1993,2493.75,1
"683","GCA_946405905.1_MONTM-B-16.PacbioHiFiAssembly_genomic","AT4G23950","OX291526.1",16340314,16342814,2500,3126.25,1
"783","GCA_946405905.1_MONTM-B-16.PacbioHiFiAssembly_genomic","AT2G38360","OX291524.1",19236573,19237851,1278,1598.75,1
"883","GCA_946405905.1_MONTM-B-16.PacbioHiFiAssembly_genomic","AT3G11090","OX291525.1",3491381,3492307,926,1158.75,1
"983","GCA_946405905.1_MONTM-B-16.PacbioHiFiAssembly_genomic","AT5G24890","OX291527.1",8598576,8600326,1750,2190,1
"1083","GCA_946405905.1_MONTM-B-16.PacbioHiFiAssembly_genomic","AT5G27970","OX291527.1",10003193,10014529,11336,14170,1
"11122","GCA_946405905.1_MONTM-B-16.PacbioHiFiAssembly_genomic","AT1G49590","OX291523.1",22579246,22581235,1989,2487.5,1
"1298","GCA_946405905.1_MONTM-B-16.PacbioHiFiAssembly_genomic","AT5G46910","OX291527.1",23655718,23660779,5061,6301.25,1
"1383","GCA_946405905.1_MONTM-B-16.PacbioHiFiAssembly_genomic","AT1G77300","OX291523.1",33156424,33165948,9524,11916.25,1
"1483","GCA_946405905.1_MONTM-B-16.PacbioHiFiAssembly_genomic","AT2G15560","OX291524.1",9862229,9864550,2321,2937.5,1
"1583","GCA_946405905.1_MONTM-B-16.PacbioHiFiAssembly_genomic","AT3G27310","OX291525.1",10097550,10099707,2157,2693.75,1
"1683","GCA_946405905.1_MONTM-B-16.PacbioHiFiAssembly_genomic","AT5G42950","OX291527.1",21852813,21859919,7106,8893.75,1
"1783","GCA_946405905.1_MONTM-B-16.PacbioHiFiAssembly_genomic","AT5G47380","OX291527.1",23841598,23844976,3378,4223.75,1
"1883","GCA_946405905.1_MONTM-B-16.PacbioHiFiAssembly_genomic","AT3G06035","OX291525.1",1827781,1829183,1402,1757.5,1
"1983","GCA_946405905.1_MONTM-B-16.PacbioHiFiAssembly_genomic","AT2G38310","OX291524.1",19217105,19218543,1438,1798.75,1
"2083","GCA_946405905.1_MONTM-B-16.PacbioHiFiAssembly_genomic","AT2G21100","OX291524.1",12140623,12141897,1274,1592.5,1
"21122","GCA_946405905.1_MONTM-B-16.PacbioHiFiAssembly_genomic","AT1G27460","OX291523.1",9398927,9402090,3163,3908.75,1
"2298","GCA_946405905.1_MONTM-B-16.PacbioHiFiAssembly_genomic","AT2G45320","OX291524.1",21863608,21865688,2080,2602.5,1
"2383","GCA_946405905.1_MONTM-B-16.PacbioHiFiAssembly_genomic","AT1G30480","OX291523.1",10640159,10642827,2668,3380,1
"2483","GCA_946405905.1_MONTM-B-16.PacbioHiFiAssembly_genomic","AT3G13840","OX291525.1",4552618,4554366,1748,2186.25,1
"2583","GCA_946405905.1_MONTM-B-16.PacbioHiFiAssembly_genomic","AT5G38520","OX291527.1",19983173,19985315,2142,2678.75,1
"2683","GCA_946405905.1_MONTM-B-16.PacbioHiFiAssembly_genomic","AT2G22260","OX291524.1",12561453,12564096,2643,3305,1
"2783","GCA_946405905.1_MONTM-B-16.PacbioHiFiAssembly_genomic","AT1G49470","OX291523.1",22535528,22536814,1286,1608.75,1
"2883","GCA_946405905.1_MONTM-B-16.PacbioHiFiAssembly_genomic","AT1G70560","OX291523.1",30711006,30713805,2799,3497.5,1
"2983","GCA_946405905.1_MONTM-B-16.PacbioHiFiAssembly_genomic","AT3G10985","OX291525.1",3459207,3460647,1440,1805,1
"3083","GCA_946405905.1_MONTM-B-16.PacbioHiFiAssembly_genomic","AT4G36390","OX291526.1",21103116,21105790,2674,3343.75,1
"31122","GCA_946405905.1_MONTM-B-16.PacbioHiFiAssembly_genomic","AT4G34270","OX291526.1",20298080,20300525,2445,3075,1
"3298","GCA_946405905.1_MONTM-B-16.PacbioHiFiAssembly_genomic","AT5G50000","OX291527.1",24948497,24951294,2797,3497.5,1
"3382","GCA_946405905.1_MONTM-B-16.PacbioHiFiAssembly_genomic","AT1G30580","OX291523.1",10685717,10689673,3956,4953.75,1
"3482","GCA_946405905.1_MONTM-B-16.PacbioHiFiAssembly_genomic","AT1G20070","OX291523.1",6916512,6917668,1156,1446.25,1
"3583","GCA_946405905.1_MONTM-B-16.PacbioHiFiAssembly_genomic","AT3G25440","OX291525.1",9240927,9242745,1818,2273.75,1
"3683","GCA_946405905.1_MONTM-B-16.PacbioHiFiAssembly_genomic","AT5G43680","OX291527.1",22169913,22171756,1843,2321.25,1
"3783","GCA_946405905.1_MONTM-B-16.PacbioHiFiAssembly_genomic","AT1G67320","OX291523.1",29316599,29320422,3823,4778.75,1
"3883","GCA_946405905.1_MONTM-B-16.PacbioHiFiAssembly_genomic","AT2G44950","OX291524.1",21724845,21731322,6477,8097.5,1
"3983","GCA_946405905.1_MONTM-B-16.PacbioHiFiAssembly_genomic","AT5G24520","OX291527.1",8412605,8415135,2530,3163.75,1
"4083","GCA_946405905.1_MONTM-B-16.PacbioHiFiAssembly_genomic","AT5G56890","OX291527.1",27599106,27604687,5581,6991.25,1
"41120","GCA_946405905.1_MONTM-B-16.PacbioHiFiAssembly_genomic","AT1G24460","OX291523.1",8613798,8620573,6775,8472.5,1
"4294","GCA_946405905.1_MONTM-B-16.PacbioHiFiAssembly_genomic","AT2G28800","OX291524.1",15478257,15481504,3247,4060,1
"4334","GCA_946405905.1_MONTM-B-16.PacbioHiFiAssembly_genomic","AT5G13940","OX291527.1",4492634,4498131,5497,6863.75,1
"4681","GCA_946405905.1_MONTM-B-16.PacbioHiFiAssembly_genomic","AT1G19220","OX291523.1",6590139,6595581,5442,6813.75,1
"4783","GCA_946405905.1_MONTM-B-16.PacbioHiFiAssembly_genomic","AT5G01220","OX291527.1",81382,84957,3575,4468.75,1
"4883","GCA_946405905.1_MONTM-B-16.PacbioHiFiAssembly_genomic","AT1G02460","OX291523.1",507352,510134,2782,3507.5,1
"4983","GCA_946405905.1_MONTM-B-16.PacbioHiFiAssembly_genomic","AT1G04110","OX291523.1",1068616,1071128,2512,3141.25,1
"5070","GCA_946405905.1_MONTM-B-16.PacbioHiFiAssembly_genomic","AT4G01880","OX291526.1",1449393,1451665,2272,2842.5,1
"5148","GCA_946405905.1_MONTM-B-16.PacbioHiFiAssembly_genomic","AT2G24430","OX291524.1",13482324,13485469,3145,3911.25,1
"5220","GCA_946405905.1_MONTM-B-16.PacbioHiFiAssembly_genomic","AT5G47870","OX291527.1",23999265,24000774,1509,1877.5,1
"1299","GCA_946406325.1_IP-Alo-0.9506.PacbioHiFiAssembly_genomic","AT2G27810","OX291567.1",16666564,16670821,4257,5322.5,1
"2299","GCA_946406325.1_IP-Alo-0.9506.PacbioHiFiAssembly_genomic","AT5G40530","OX291570.1",20998463,21000330,1867,2313.75,1
"3299","GCA_946406325.1_IP-Alo-0.9506.PacbioHiFiAssembly_genomic","AT3G26115","OX291568.1",9635592,9637821,2229,2787.5,1
"4295","GCA_946406325.1_IP-Alo-0.9506.PacbioHiFiAssembly_genomic","AT1G26750","OX291566.1",9126275,9127692,1417,1772.5,1
"592","GCA_946406325.1_IP-Alo-0.9506.PacbioHiFiAssembly_genomic","AT4G17540","OX291569.1",13465885,13467878,1993,2493.75,1
"684","GCA_946406325.1_IP-Alo-0.9506.PacbioHiFiAssembly_genomic","AT4G23950","OX291569.1",16046723,16049223,2500,3126.25,1
"784","GCA_946406325.1_IP-Alo-0.9506.PacbioHiFiAssembly_genomic","AT2G38360","OX291567.1",20889082,20890360,1278,1598.75,1
"884","GCA_946406325.1_IP-Alo-0.9506.PacbioHiFiAssembly_genomic","AT3G11090","OX291568.1",3521488,3522414,926,1158.75,1
"984","GCA_946406325.1_IP-Alo-0.9506.PacbioHiFiAssembly_genomic","AT5G24890","OX291570.1",8573196,8574936,1740,2190,1
"1084","GCA_946406325.1_IP-Alo-0.9506.PacbioHiFiAssembly_genomic","AT5G27970","OX291570.1",10039721,10051057,11336,14170,1
"11123","GCA_946406325.1_IP-Alo-0.9506.PacbioHiFiAssembly_genomic","AT1G49590","OX291566.1",20826790,20828779,1989,2487.5,1
"12100","GCA_946406325.1_IP-Alo-0.9506.PacbioHiFiAssembly_genomic","AT5G46910","OX291570.1",23790712,23795754,5042,6301.25,1
"1384","GCA_946406325.1_IP-Alo-0.9506.PacbioHiFiAssembly_genomic","AT1G77300","OX291566.1",31520980,31530501,9521,11916.25,1
"1484","GCA_946406325.1_IP-Alo-0.9506.PacbioHiFiAssembly_genomic","AT2G15560","OX291567.1",11571000,11573321,2321,2937.5,1
"1584","GCA_946406325.1_IP-Alo-0.9506.PacbioHiFiAssembly_genomic","AT3G27310","OX291568.1",10200784,10202938,2154,2693.75,1
"1684","GCA_946406325.1_IP-Alo-0.9506.PacbioHiFiAssembly_genomic","AT5G42950","OX291570.1",22026761,22033875,7114,8893.75,1
"1784","GCA_946406325.1_IP-Alo-0.9506.PacbioHiFiAssembly_genomic","AT5G47380","OX291570.1",23964640,23968018,3378,4223.75,1
"1884","GCA_946406325.1_IP-Alo-0.9506.PacbioHiFiAssembly_genomic","AT3G06035","OX291568.1",1845485,1846891,1406,1757.5,1
"1984","GCA_946406325.1_IP-Alo-0.9506.PacbioHiFiAssembly_genomic","AT2G38310","OX291567.1",20869611,20871049,1438,1798.75,1
"2084","GCA_946406325.1_IP-Alo-0.9506.PacbioHiFiAssembly_genomic","AT2G21100","OX291567.1",13865742,13867016,1274,1592.5,1
"21123","GCA_946406325.1_IP-Alo-0.9506.PacbioHiFiAssembly_genomic","AT1G27460","OX291566.1",9404894,9408020,3126,3908.75,1
"22100","GCA_946406325.1_IP-Alo-0.9506.PacbioHiFiAssembly_genomic","AT2G45320","OX291567.1",23502413,23504495,2082,2602.5,1
"2384","GCA_946406325.1_IP-Alo-0.9506.PacbioHiFiAssembly_genomic","AT1G30480","OX291566.1",10697685,10700373,2688,3380,1
"2484","GCA_946406325.1_IP-Alo-0.9506.PacbioHiFiAssembly_genomic","AT3G13840","OX291568.1",4579921,4581669,1748,2186.25,1
"2584","GCA_946406325.1_IP-Alo-0.9506.PacbioHiFiAssembly_genomic","AT5G38520","OX291570.1",20189174,20191316,2142,2678.75,1
"2684","GCA_946406325.1_IP-Alo-0.9506.PacbioHiFiAssembly_genomic","AT2G22260","OX291567.1",14278022,14280665,2643,3305,1
"2784","GCA_946406325.1_IP-Alo-0.9506.PacbioHiFiAssembly_genomic","AT1G49470","OX291566.1",20784934,20786220,1286,1608.75,1
"2884","GCA_946406325.1_IP-Alo-0.9506.PacbioHiFiAssembly_genomic","AT1G70560","OX291566.1",29081342,29084139,2797,3497.5,1
"2984","GCA_946406325.1_IP-Alo-0.9506.PacbioHiFiAssembly_genomic","AT3G10985","OX291568.1",3488478,3489866,1388,1805,1
"3084","GCA_946406325.1_IP-Alo-0.9506.PacbioHiFiAssembly_genomic","AT4G36390","OX291569.1",20830355,20833029,2674,3343.75,1
"31123","GCA_946406325.1_IP-Alo-0.9506.PacbioHiFiAssembly_genomic","AT4G34270","OX291569.1",20022334,20024793,2459,3075,1
"32100","GCA_946406325.1_IP-Alo-0.9506.PacbioHiFiAssembly_genomic","AT5G50000","OX291570.1",25106390,25109187,2797,3497.5,1
"3383","GCA_946406325.1_IP-Alo-0.9506.PacbioHiFiAssembly_genomic","AT1G30580","OX291566.1",10738527,10742486,3959,4953.75,1
"3483","GCA_946406325.1_IP-Alo-0.9506.PacbioHiFiAssembly_genomic","AT1G20070","OX291566.1",6942118,6943274,1156,1446.25,1
"3584","GCA_946406325.1_IP-Alo-0.9506.PacbioHiFiAssembly_genomic","AT3G25440","OX291568.1",9332341,9334161,1820,2273.75,1
"3684","GCA_946406325.1_IP-Alo-0.9506.PacbioHiFiAssembly_genomic","AT5G43680","OX291570.1",22330152,22331997,1845,2321.25,1
"3784","GCA_946406325.1_IP-Alo-0.9506.PacbioHiFiAssembly_genomic","AT1G67320","OX291566.1",27667469,27671291,3822,4778.75,1
"3884","GCA_946406325.1_IP-Alo-0.9506.PacbioHiFiAssembly_genomic","AT2G44950","OX291567.1",23363181,23369658,6477,8097.5,1
"3984","GCA_946406325.1_IP-Alo-0.9506.PacbioHiFiAssembly_genomic","AT5G24520","OX291570.1",8391136,8393664,2528,3163.75,1
"4084","GCA_946406325.1_IP-Alo-0.9506.PacbioHiFiAssembly_genomic","AT5G56890","OX291570.1",27733692,27739283,5591,6991.25,1
"41121","GCA_946406325.1_IP-Alo-0.9506.PacbioHiFiAssembly_genomic","AT1G24460","OX291566.1",8628856,8635631,6775,8472.5,1
"4296","GCA_946406325.1_IP-Alo-0.9506.PacbioHiFiAssembly_genomic","AT2G28800","OX291567.1",17174240,17177487,3247,4060,1
"4335","GCA_946406325.1_IP-Alo-0.9506.PacbioHiFiAssembly_genomic","AT5G13940","OX291570.1",4507823,4513313,5490,6863.75,1
"4784","GCA_946406325.1_IP-Alo-0.9506.PacbioHiFiAssembly_genomic","AT1G19220","OX291566.1",6591228,6596670,5442,6813.75,1
"4884","GCA_946406325.1_IP-Alo-0.9506.PacbioHiFiAssembly_genomic","AT5G01220","OX291570.1",96910,100482,3572,4468.75,1
"4984","GCA_946406325.1_IP-Alo-0.9506.PacbioHiFiAssembly_genomic","AT1G02460","OX291566.1",507676,510455,2779,3507.5,1
"5071","GCA_946406325.1_IP-Alo-0.9506.PacbioHiFiAssembly_genomic","AT1G04110","OX291566.1",1067271,1069783,2512,3141.25,1
"5149","GCA_946406325.1_IP-Alo-0.9506.PacbioHiFiAssembly_genomic","AT4G01880","OX291569.1",1107243,1109515,2272,2842.5,1
"5221","GCA_946406325.1_IP-Alo-0.9506.PacbioHiFiAssembly_genomic","AT2G24430","OX291567.1",15204370,15207484,3114,3911.25,1
"5312","GCA_946406325.1_IP-Alo-0.9506.PacbioHiFiAssembly_genomic","AT5G47870","OX291570.1",24120348,24121827,1479,1877.5,1
"1300","GCA_946406525.1_Ler-0.7213.PacbioHiFiAssembly_genomic","AT2G27810","OX291572.1",13463470,13467727,4257,5322.5,1
"2300","GCA_946406525.1_Ler-0.7213.PacbioHiFiAssembly_genomic","AT5G40530","OX291575.1",19955067,19956932,1865,2313.75,1
"3300","GCA_946406525.1_Ler-0.7213.PacbioHiFiAssembly_genomic","AT3G26115","OX291573.1",9965983,9968185,2202,2787.5,1
"4297","GCA_946406525.1_Ler-0.7213.PacbioHiFiAssembly_genomic","AT1G26750","OX291571.1",9228125,9229542,1417,1772.5,1
"593","GCA_946406525.1_Ler-0.7213.PacbioHiFiAssembly_genomic","AT4G17540","OX291574.1",13882360,13884354,1994,2493.75,1
"685","GCA_946406525.1_Ler-0.7213.PacbioHiFiAssembly_genomic","AT4G23950","OX291574.1",16483275,16485775,2500,3126.25,1
"785","GCA_946406525.1_Ler-0.7213.PacbioHiFiAssembly_genomic","AT2G38360","OX291572.1",17685072,17686350,1278,1598.75,1
"885","GCA_946406525.1_Ler-0.7213.PacbioHiFiAssembly_genomic","AT3G11090","OX291573.1",3514493,3515419,926,1158.75,1
"985","GCA_946406525.1_Ler-0.7213.PacbioHiFiAssembly_genomic","AT5G24890","OX291575.1",8602340,8604091,1751,2190,1
"1085","GCA_946406525.1_Ler-0.7213.PacbioHiFiAssembly_genomic","AT5G27970","OX291575.1",10018903,10030240,11337,14170,1
"11124","GCA_946406525.1_Ler-0.7213.PacbioHiFiAssembly_genomic","AT1G49590","OX291571.1",20451905,20453893,1988,2487.5,1
"12101","GCA_946406525.1_Ler-0.7213.PacbioHiFiAssembly_genomic","AT5G46910","OX291575.1",22722477,22727517,5040,6301.25,1
"1385","GCA_946406525.1_Ler-0.7213.PacbioHiFiAssembly_genomic","AT1G77300","OX291571.1",31093996,31103520,9524,11916.25,1
"1485","GCA_946406525.1_Ler-0.7213.PacbioHiFiAssembly_genomic","AT2G15560","OX291572.1",8382380,8384701,2321,2937.5,1
"1585","GCA_946406525.1_Ler-0.7213.PacbioHiFiAssembly_genomic","AT3G27310","OX291573.1",10529335,10531489,2154,2693.75,1
"1685","GCA_946406525.1_Ler-0.7213.PacbioHiFiAssembly_genomic","AT5G42950","OX291575.1",20946605,20953719,7114,8893.75,1
"1785","GCA_946406525.1_Ler-0.7213.PacbioHiFiAssembly_genomic","AT5G47380","OX291575.1",22896532,22899909,3377,4223.75,1
"1885","GCA_946406525.1_Ler-0.7213.PacbioHiFiAssembly_genomic","AT3G06035","OX291573.1",1839430,1840835,1405,1757.5,1
"1985","GCA_946406525.1_Ler-0.7213.PacbioHiFiAssembly_genomic","AT2G38310","OX291572.1",17665610,17667045,1435,1798.75,1
"2085","GCA_946406525.1_Ler-0.7213.PacbioHiFiAssembly_genomic","AT1G27460","OX291571.1",9505011,9508173,3162,3908.75,1
"21124","GCA_946406525.1_Ler-0.7213.PacbioHiFiAssembly_genomic","AT2G45320","OX291572.1",20310352,20312433,2081,2602.5,1
"22101","GCA_946406525.1_Ler-0.7213.PacbioHiFiAssembly_genomic","AT1G30480","OX291571.1",10923976,10926679,2703,3380,1
"2385","GCA_946406525.1_Ler-0.7213.PacbioHiFiAssembly_genomic","AT3G13840","OX291573.1",4577359,4579107,1748,2186.25,1
"2485","GCA_946406525.1_Ler-0.7213.PacbioHiFiAssembly_genomic","AT5G38520","OX291575.1",19054595,19056737,2142,2678.75,1
"2585","GCA_946406525.1_Ler-0.7213.PacbioHiFiAssembly_genomic","AT2G22260","OX291572.1",11095060,11097703,2643,3305,1
"2685","GCA_946406525.1_Ler-0.7213.PacbioHiFiAssembly_genomic","AT1G49470","OX291571.1",20403968,20405254,1286,1608.75,1
"2785","GCA_946406525.1_Ler-0.7213.PacbioHiFiAssembly_genomic","AT1G70560","OX291571.1",28637451,28640248,2797,3497.5,1
"2885","GCA_946406525.1_Ler-0.7213.PacbioHiFiAssembly_genomic","AT3G10985","OX291573.1",3481719,3483159,1440,1805,1
"2985","GCA_946406525.1_Ler-0.7213.PacbioHiFiAssembly_genomic","AT4G36390","OX291574.1",21288843,21291517,2674,3343.75,1
"3085","GCA_946406525.1_Ler-0.7213.PacbioHiFiAssembly_genomic","AT4G34270","OX291574.1",20482935,20485395,2460,3075,1
"31124","GCA_946406525.1_Ler-0.7213.PacbioHiFiAssembly_genomic","AT5G50000","OX291575.1",24026249,24029048,2799,3497.5,1
"32101","GCA_946406525.1_Ler-0.7213.PacbioHiFiAssembly_genomic","AT1G30580","OX291571.1",10964459,10968418,3959,4953.75,1
"3384","GCA_946406525.1_Ler-0.7213.PacbioHiFiAssembly_genomic","AT1G20070","OX291571.1",6966532,6967688,1156,1446.25,1
"3484","GCA_946406525.1_Ler-0.7213.PacbioHiFiAssembly_genomic","AT3G25440","OX291573.1",9657516,9659331,1815,2273.75,1
"3585","GCA_946406525.1_Ler-0.7213.PacbioHiFiAssembly_genomic","AT5G43680","OX291575.1",21237502,21239169,1667,2321.25,1
"3685","GCA_946406525.1_Ler-0.7213.PacbioHiFiAssembly_genomic","AT1G67320","OX291571.1",27230609,27234431,3822,4778.75,1
"3785","GCA_946406525.1_Ler-0.7213.PacbioHiFiAssembly_genomic","AT2G44950","OX291572.1",20171595,20178072,6477,8097.5,1
"3885","GCA_946406525.1_Ler-0.7213.PacbioHiFiAssembly_genomic","AT5G24520","OX291575.1",8417264,8419794,2530,3163.75,1
"3985","GCA_946406525.1_Ler-0.7213.PacbioHiFiAssembly_genomic","AT5G56890","OX291575.1",26677346,26682937,5591,6991.25,1
"4085","GCA_946406525.1_Ler-0.7213.PacbioHiFiAssembly_genomic","AT1G24460","OX291571.1",8654601,8661376,6775,8472.5,1
"41122","GCA_946406525.1_Ler-0.7213.PacbioHiFiAssembly_genomic","AT2G28800","OX291572.1",13972052,13975299,3247,4060,1
"4298","GCA_946406525.1_Ler-0.7213.PacbioHiFiAssembly_genomic","AT5G13940","OX291575.1",4510089,4515600,5511,6863.75,1
"4571","GCA_946406525.1_Ler-0.7213.PacbioHiFiAssembly_genomic","AT1G19220","OX291571.1",6642302,6647739,5437,6813.75,1
"4682","GCA_946406525.1_Ler-0.7213.PacbioHiFiAssembly_genomic","AT5G01220","OX291575.1",85777,89350,3573,4468.75,1
"4785","GCA_946406525.1_Ler-0.7213.PacbioHiFiAssembly_genomic","AT1G02460","OX291571.1",508640,511465,2825,3507.5,1
"4885","GCA_946406525.1_Ler-0.7213.PacbioHiFiAssembly_genomic","AT1G04110","OX291571.1",1067165,1069677,2512,3141.25,1
"4985","GCA_946406525.1_Ler-0.7213.PacbioHiFiAssembly_genomic","AT4G01880","OX291574.1",1205125,1207396,2271,2842.5,1
"5072","GCA_946406525.1_Ler-0.7213.PacbioHiFiAssembly_genomic","AT2G24430","OX291572.1",12005530,12008654,3124,3911.25,1
"5150","GCA_946406525.1_Ler-0.7213.PacbioHiFiAssembly_genomic","AT5G47870","OX291575.1",23055211,23056717,1506,1877.5,1
"1301","GCA_946406595.1_BANI-C-12.PacbioHiFiAssembly_genomic","AT2G27810","OX291577.1",15132926,15137183,4257,5322.5,1
"2301","GCA_946406595.1_BANI-C-12.PacbioHiFiAssembly_genomic","AT5G40530","OX291580.1",20556547,20558414,1867,2313.75,1
"3301","GCA_946406595.1_BANI-C-12.PacbioHiFiAssembly_genomic","AT3G26115","OX291578.1",9732171,9734374,2203,2787.5,1
"4299","GCA_946406595.1_BANI-C-12.PacbioHiFiAssembly_genomic","AT1G26750","OX291576.1",9093483,9094900,1417,1772.5,1
"594","GCA_946406595.1_BANI-C-12.PacbioHiFiAssembly_genomic","AT4G17540","OX291579.1",13988464,13990458,1994,2493.75,1
"686","GCA_946406595.1_BANI-C-12.PacbioHiFiAssembly_genomic","AT4G23950","OX291579.1",16630422,16632922,2500,3126.25,1
"786","GCA_946406595.1_BANI-C-12.PacbioHiFiAssembly_genomic","AT2G38360","OX291577.1",19337689,19338967,1278,1598.75,1
"886","GCA_946406595.1_BANI-C-12.PacbioHiFiAssembly_genomic","AT3G11090","OX291578.1",3702637,3703563,926,1158.75,1
"986","GCA_946406595.1_BANI-C-12.PacbioHiFiAssembly_genomic","AT5G24890","OX291580.1",8598942,8600692,1750,2190,1
"1086","GCA_946406595.1_BANI-C-12.PacbioHiFiAssembly_genomic","AT5G27970","OX291580.1",10026187,10037526,11339,14170,1
"11125","GCA_946406595.1_BANI-C-12.PacbioHiFiAssembly_genomic","AT1G49590","OX291576.1",22442897,22444886,1989,2487.5,1
"12102","GCA_946406595.1_BANI-C-12.PacbioHiFiAssembly_genomic","AT5G46910","OX291580.1",23337262,23342309,5047,6301.25,1
"1386","GCA_946406595.1_BANI-C-12.PacbioHiFiAssembly_genomic","AT1G77300","OX291576.1",33161126,33170646,9520,11916.25,1
"1486","GCA_946406595.1_BANI-C-12.PacbioHiFiAssembly_genomic","AT2G15560","OX291577.1",10066302,10068623,2321,2937.5,1
"1586","GCA_946406595.1_BANI-C-12.PacbioHiFiAssembly_genomic","AT3G27310","OX291578.1",10268544,10270698,2154,2693.75,1
"1686","GCA_946406595.1_BANI-C-12.PacbioHiFiAssembly_genomic","AT5G42950","OX291580.1",21569995,21577108,7113,8893.75,1
"1786","GCA_946406595.1_BANI-C-12.PacbioHiFiAssembly_genomic","AT5G47380","OX291580.1",23516177,23519555,3378,4223.75,1
"1886","GCA_946406595.1_BANI-C-12.PacbioHiFiAssembly_genomic","AT3G06035","OX291578.1",1838223,1839629,1406,1757.5,1
"1986","GCA_946406595.1_BANI-C-12.PacbioHiFiAssembly_genomic","AT2G38310","OX291577.1",19318232,19319670,1438,1798.75,1
"2086","GCA_946406595.1_BANI-C-12.PacbioHiFiAssembly_genomic","AT2G21100","OX291577.1",12340067,12341340,1273,1592.5,1
"21125","GCA_946406595.1_BANI-C-12.PacbioHiFiAssembly_genomic","AT1G27460","OX291576.1",9376113,9379275,3162,3908.75,1
"22102","GCA_946406595.1_BANI-C-12.PacbioHiFiAssembly_genomic","AT2G45320","OX291577.1",21967464,21969545,2081,2602.5,1
"2386","GCA_946406595.1_BANI-C-12.PacbioHiFiAssembly_genomic","AT1G30480","OX291576.1",10615698,10618394,2696,3380,1
"2486","GCA_946406595.1_BANI-C-12.PacbioHiFiAssembly_genomic","AT3G13840","OX291578.1",4752379,4754127,1748,2186.25,1
"2586","GCA_946406595.1_BANI-C-12.PacbioHiFiAssembly_genomic","AT5G38520","OX291580.1",19741575,19743715,2140,2678.75,1
"2686","GCA_946406595.1_BANI-C-12.PacbioHiFiAssembly_genomic","AT2G22260","OX291577.1",12747801,12750443,2642,3305,1
"2786","GCA_946406595.1_BANI-C-12.PacbioHiFiAssembly_genomic","AT1G49470","OX291576.1",22399325,22400611,1286,1608.75,1
"2886","GCA_946406595.1_BANI-C-12.PacbioHiFiAssembly_genomic","AT1G70560","OX291576.1",30700283,30703082,2799,3497.5,1
"2986","GCA_946406595.1_BANI-C-12.PacbioHiFiAssembly_genomic","AT3G10985","OX291578.1",3665532,3666972,1440,1805,1
"3086","GCA_946406595.1_BANI-C-12.PacbioHiFiAssembly_genomic","AT4G36390","OX291579.1",21540859,21543547,2688,3343.75,1
"31125","GCA_946406595.1_BANI-C-12.PacbioHiFiAssembly_genomic","AT4G34270","OX291579.1",20746454,20748899,2445,3075,1
"32102","GCA_946406595.1_BANI-C-12.PacbioHiFiAssembly_genomic","AT5G50000","OX291580.1",24635545,24638343,2798,3497.5,1
"3385","GCA_946406595.1_BANI-C-12.PacbioHiFiAssembly_genomic","AT1G30580","OX291576.1",10656469,10660429,3960,4953.75,1
"3485","GCA_946406595.1_BANI-C-12.PacbioHiFiAssembly_genomic","AT1G20070","OX291576.1",6929077,6930233,1156,1446.25,1
"3586","GCA_946406595.1_BANI-C-12.PacbioHiFiAssembly_genomic","AT3G25440","OX291578.1",9431521,9433337,1816,2273.75,1
"3686","GCA_946406595.1_BANI-C-12.PacbioHiFiAssembly_genomic","AT5G43680","OX291580.1",21880508,21882155,1647,2321.25,1
"3786","GCA_946406595.1_BANI-C-12.PacbioHiFiAssembly_genomic","AT1G67320","OX291576.1",29302851,29306673,3822,4778.75,1
"3886","GCA_946406595.1_BANI-C-12.PacbioHiFiAssembly_genomic","AT2G44950","OX291577.1",21830560,21837039,6479,8097.5,1
"3986","GCA_946406595.1_BANI-C-12.PacbioHiFiAssembly_genomic","AT5G24520","OX291580.1",8408347,8410877,2530,3163.75,1
"4086","GCA_946406595.1_BANI-C-12.PacbioHiFiAssembly_genomic","AT5G56890","OX291580.1",27260782,27266376,5594,6991.25,1
"41123","GCA_946406595.1_BANI-C-12.PacbioHiFiAssembly_genomic","AT1G24460","OX291576.1",8595311,8602086,6775,8472.5,1
"42100","GCA_946406595.1_BANI-C-12.PacbioHiFiAssembly_genomic","AT2G28800","OX291577.1",15637373,15640620,3247,4060,1
"4336","GCA_946406595.1_BANI-C-12.PacbioHiFiAssembly_genomic","AT5G13940","OX291580.1",4512150,4517640,5490,6863.75,1
"4572","GCA_946406595.1_BANI-C-12.PacbioHiFiAssembly_genomic","AT1G19220","OX291576.1",6596958,6602400,5442,6813.75,1
"4683","GCA_946406595.1_BANI-C-12.PacbioHiFiAssembly_genomic","AT5G01220","OX291580.1",82691,86266,3575,4468.75,1
"4786","GCA_946406595.1_BANI-C-12.PacbioHiFiAssembly_genomic","AT1G02460","OX291576.1",507886,510691,2805,3507.5,1
"4886","GCA_946406595.1_BANI-C-12.PacbioHiFiAssembly_genomic","AT1G04110","OX291576.1",1064594,1067106,2512,3141.25,1
"4986","GCA_946406595.1_BANI-C-12.PacbioHiFiAssembly_genomic","AT4G01880","OX291579.1",1636333,1638605,2272,2842.5,1
"5073","GCA_946406595.1_BANI-C-12.PacbioHiFiAssembly_genomic","AT2G24430","OX291577.1",13670032,13673147,3115,3911.25,1
"5151","GCA_946406595.1_BANI-C-12.PacbioHiFiAssembly_genomic","AT5G47870","OX291580.1",23678106,23679607,1501,1877.5,1
"1302","GCA_946406625.1_IP-Hom-4.9546.PacbioHiFiAssembly_genomic","AT2G27810","OX291582.1",13621502,13625772,4270,5322.5,1
"2302","GCA_946406625.1_IP-Hom-4.9546.PacbioHiFiAssembly_genomic","AT5G40530","OX291585.1",20664029,20665896,1867,2313.75,1
"3302","GCA_946406625.1_IP-Hom-4.9546.PacbioHiFiAssembly_genomic","AT3G26115","OX291583.1",9538870,9541099,2229,2787.5,1
"4300","GCA_946406625.1_IP-Hom-4.9546.PacbioHiFiAssembly_genomic","AT1G26750","OX291581.1",9100526,9101943,1417,1772.5,1
"595","GCA_946406625.1_IP-Hom-4.9546.PacbioHiFiAssembly_genomic","AT4G17540","OX291584.1",14787378,14789372,1994,2493.75,1
"687","GCA_946406625.1_IP-Hom-4.9546.PacbioHiFiAssembly_genomic","AT4G23950","OX291584.1",17428451,17430951,2500,3126.25,1
"787","GCA_946406625.1_IP-Hom-4.9546.PacbioHiFiAssembly_genomic","AT2G38360","OX291582.1",17830516,17831794,1278,1598.75,1
"887","GCA_946406625.1_IP-Hom-4.9546.PacbioHiFiAssembly_genomic","AT3G11090","OX291583.1",3475389,3476315,926,1158.75,1
"987","GCA_946406625.1_IP-Hom-4.9546.PacbioHiFiAssembly_genomic","AT5G24890","OX291585.1",8625311,8627059,1748,2190,1
"1087","GCA_946406625.1_IP-Hom-4.9546.PacbioHiFiAssembly_genomic","AT5G27970","OX291585.1",10099118,10110454,11336,14170,1
"11126","GCA_946406625.1_IP-Hom-4.9546.PacbioHiFiAssembly_genomic","AT1G49590","OX291581.1",21980418,21982407,1989,2487.5,1
"12103","GCA_946406625.1_IP-Hom-4.9546.PacbioHiFiAssembly_genomic","AT5G46910","OX291585.1",23474536,23479576,5040,6301.25,1
"1387","GCA_946406625.1_IP-Hom-4.9546.PacbioHiFiAssembly_genomic","AT1G77300","OX291581.1",32756418,32765936,9518,11916.25,1
"1487","GCA_946406625.1_IP-Hom-4.9546.PacbioHiFiAssembly_genomic","AT2G15560","OX291582.1",8493108,8495456,2348,2937.5,1
"1587","GCA_946406625.1_IP-Hom-4.9546.PacbioHiFiAssembly_genomic","AT3G27310","OX291583.1",10085222,10087376,2154,2693.75,1
"1687","GCA_946406625.1_IP-Hom-4.9546.PacbioHiFiAssembly_genomic","AT5G42950","OX291585.1",21730039,21737148,7109,8893.75,1
"1787","GCA_946406625.1_IP-Hom-4.9546.PacbioHiFiAssembly_genomic","AT5G47380","OX291585.1",23647800,23651178,3378,4223.75,1
"1887","GCA_946406625.1_IP-Hom-4.9546.PacbioHiFiAssembly_genomic","AT3G06035","OX291583.1",1831785,1833190,1405,1757.5,1
"1987","GCA_946406625.1_IP-Hom-4.9546.PacbioHiFiAssembly_genomic","AT2G38310","OX291582.1",17811015,17812453,1438,1798.75,1
"2087","GCA_946406625.1_IP-Hom-4.9546.PacbioHiFiAssembly_genomic","AT1G27460","OX291581.1",9377685,9380862,3177,3908.75,1
"21126","GCA_946406625.1_IP-Hom-4.9546.PacbioHiFiAssembly_genomic","AT2G45320","OX291582.1",20438959,20441040,2081,2602.5,1
"22103","GCA_946406625.1_IP-Hom-4.9546.PacbioHiFiAssembly_genomic","AT1G30480","OX291581.1",10632971,10635659,2688,3380,1
"2387","GCA_946406625.1_IP-Hom-4.9546.PacbioHiFiAssembly_genomic","AT3G13840","OX291583.1",4532963,4534711,1748,2186.25,1
"2487","GCA_946406625.1_IP-Hom-4.9546.PacbioHiFiAssembly_genomic","AT5G38520","OX291585.1",19744823,19746963,2140,2678.75,1
"2587","GCA_946406625.1_IP-Hom-4.9546.PacbioHiFiAssembly_genomic","AT2G22260","OX291582.1",11213053,11215781,2728,3305,1
"2687","GCA_946406625.1_IP-Hom-4.9546.PacbioHiFiAssembly_genomic","AT1G49470","OX291581.1",21938577,21939864,1287,1608.75,1
"2787","GCA_946406625.1_IP-Hom-4.9546.PacbioHiFiAssembly_genomic","AT1G70560","OX291581.1",30323698,30326498,2800,3497.5,1
"2887","GCA_946406625.1_IP-Hom-4.9546.PacbioHiFiAssembly_genomic","AT3G10985","OX291583.1",3442324,3443712,1388,1805,1
"2987","GCA_946406625.1_IP-Hom-4.9546.PacbioHiFiAssembly_genomic","AT4G36390","OX291584.1",22179358,22182032,2674,3343.75,1
"3087","GCA_946406625.1_IP-Hom-4.9546.PacbioHiFiAssembly_genomic","AT4G34270","OX291584.1",21386530,21388975,2445,3075,1
"31126","GCA_946406625.1_IP-Hom-4.9546.PacbioHiFiAssembly_genomic","AT5G50000","OX291585.1",24770669,24773468,2799,3497.5,1
"32103","GCA_946406625.1_IP-Hom-4.9546.PacbioHiFiAssembly_genomic","AT1G30580","OX291581.1",10673703,10677663,3960,4953.75,1
"3386","GCA_946406625.1_IP-Hom-4.9546.PacbioHiFiAssembly_genomic","AT1G20070","OX291581.1",6903595,6904751,1156,1446.25,1
"3486","GCA_946406625.1_IP-Hom-4.9546.PacbioHiFiAssembly_genomic","AT3G25440","OX291583.1",9233789,9235605,1816,2273.75,1
"3587","GCA_946406625.1_IP-Hom-4.9546.PacbioHiFiAssembly_genomic","AT5G43680","OX291585.1",22025750,22027605,1855,2321.25,1
"3687","GCA_946406625.1_IP-Hom-4.9546.PacbioHiFiAssembly_genomic","AT1G67320","OX291581.1",28907790,28911613,3823,4778.75,1
"3787","GCA_946406625.1_IP-Hom-4.9546.PacbioHiFiAssembly_genomic","AT2G44950","OX291582.1",20302580,20309059,6479,8097.5,1
"3887","GCA_946406625.1_IP-Hom-4.9546.PacbioHiFiAssembly_genomic","AT5G24520","OX291585.1",8438515,8441045,2530,3163.75,1
"3987","GCA_946406625.1_IP-Hom-4.9546.PacbioHiFiAssembly_genomic","AT5G56890","OX291585.1",27388904,27394496,5592,6991.25,1
"4087","GCA_946406625.1_IP-Hom-4.9546.PacbioHiFiAssembly_genomic","AT1G24460","OX291581.1",8580357,8587132,6775,8472.5,1
"41124","GCA_946406625.1_IP-Hom-4.9546.PacbioHiFiAssembly_genomic","AT2G28800","OX291582.1",14126430,14129677,3247,4060,1
"42101","GCA_946406625.1_IP-Hom-4.9546.PacbioHiFiAssembly_genomic","AT5G13940","OX291585.1",4499641,4505131,5490,6863.75,1
"4573","GCA_946406625.1_IP-Hom-4.9546.PacbioHiFiAssembly_genomic","AT1G19220","OX291581.1",6573986,6579432,5446,6813.75,1
"4684","GCA_946406625.1_IP-Hom-4.9546.PacbioHiFiAssembly_genomic","AT5G01220","OX291585.1",87233,90812,3579,4468.75,1
"4787","GCA_946406625.1_IP-Hom-4.9546.PacbioHiFiAssembly_genomic","AT1G02460","OX291581.1",512161,514979,2818,3507.5,1
"4887","GCA_946406625.1_IP-Hom-4.9546.PacbioHiFiAssembly_genomic","AT1G04110","OX291581.1",1068548,1071060,2512,3141.25,1
"4987","GCA_946406625.1_IP-Hom-4.9546.PacbioHiFiAssembly_genomic","AT4G01880","OX291584.1",924870,927149,2279,2842.5,1
"5074","GCA_946406625.1_IP-Hom-4.9546.PacbioHiFiAssembly_genomic","AT2G24430","OX291582.1",12153353,12156482,3129,3911.25,1
"5152","GCA_946406625.1_IP-Hom-4.9546.PacbioHiFiAssembly_genomic","AT5G47870","OX291585.1",23816071,23817573,1502,1877.5,1
"1303","GCA_946406735.1_BARA-C-3.PacbioHiFiAssembly_genomic","AT2G27810","OX291591.1",15033530,15037800,4270,5322.5,1
"2303","GCA_946406735.1_BARA-C-3.PacbioHiFiAssembly_genomic","AT5G40530","OX291594.1",19790577,19792444,1867,2313.75,1
"3303","GCA_946406735.1_BARA-C-3.PacbioHiFiAssembly_genomic","AT3G26115","OX291592.1",9564708,9566937,2229,2787.5,1
"4301","GCA_946406735.1_BARA-C-3.PacbioHiFiAssembly_genomic","AT1G26750","OX291590.1",9083372,9084789,1417,1772.5,1
"596","GCA_946406735.1_BARA-C-3.PacbioHiFiAssembly_genomic","AT4G17540","OX291593.1",12997539,12999533,1994,2493.75,1
"688","GCA_946406735.1_BARA-C-3.PacbioHiFiAssembly_genomic","AT4G23950","OX291593.1",15583463,15585963,2500,3126.25,1
"788","GCA_946406735.1_BARA-C-3.PacbioHiFiAssembly_genomic","AT2G38360","OX291591.1",19264342,19265620,1278,1598.75,1
"888","GCA_946406735.1_BARA-C-3.PacbioHiFiAssembly_genomic","AT3G11090","OX291592.1",3493586,3494512,926,1158.75,1
"988","GCA_946406735.1_BARA-C-3.PacbioHiFiAssembly_genomic","AT5G24890","OX291594.1",8557665,8559415,1750,2190,1
"1088","GCA_946406735.1_BARA-C-3.PacbioHiFiAssembly_genomic","AT5G27970","OX291594.1",9999355,10010690,11335,14170,1
"11127","GCA_946406735.1_BARA-C-3.PacbioHiFiAssembly_genomic","AT1G49590","OX291590.1",21987291,21989280,1989,2487.5,1
"12104","GCA_946406735.1_BARA-C-3.PacbioHiFiAssembly_genomic","AT5G46910","OX291594.1",22593955,22598992,5037,6301.25,1
"1388","GCA_946406735.1_BARA-C-3.PacbioHiFiAssembly_genomic","AT1G77300","OX291590.1",32514890,32524414,9524,11916.25,1
"1488","GCA_946406735.1_BARA-C-3.PacbioHiFiAssembly_genomic","AT2G15560","OX291591.1",9930580,9932898,2318,2937.5,1
"1588","GCA_946406735.1_BARA-C-3.PacbioHiFiAssembly_genomic","AT3G27310","OX291592.1",10101486,10103639,2153,2693.75,1
"1688","GCA_946406735.1_BARA-C-3.PacbioHiFiAssembly_genomic","AT5G42950","OX291594.1",20802980,20810096,7116,8893.75,1
"1788","GCA_946406735.1_BARA-C-3.PacbioHiFiAssembly_genomic","AT5G47380","OX291594.1",22771634,22775012,3378,4223.75,1
"1888","GCA_946406735.1_BARA-C-3.PacbioHiFiAssembly_genomic","AT3G06035","OX291592.1",1827224,1828626,1402,1757.5,1
"1988","GCA_946406735.1_BARA-C-3.PacbioHiFiAssembly_genomic","AT2G38310","OX291591.1",19244897,19246337,1440,1798.75,1
"2088","GCA_946406735.1_BARA-C-3.PacbioHiFiAssembly_genomic","AT1G27460","OX291590.1",9368593,9371719,3126,3908.75,1
"21127","GCA_946406735.1_BARA-C-3.PacbioHiFiAssembly_genomic","AT2G45320","OX291591.1",21866743,21868823,2080,2602.5,1
"22104","GCA_946406735.1_BARA-C-3.PacbioHiFiAssembly_genomic","AT1G30480","OX291590.1",10605523,10608122,2599,3380,1
"2388","GCA_946406735.1_BARA-C-3.PacbioHiFiAssembly_genomic","AT3G13840","OX291592.1",4555037,4556785,1748,2186.25,1
"2488","GCA_946406735.1_BARA-C-3.PacbioHiFiAssembly_genomic","AT5G38520","OX291594.1",18958148,18960290,2142,2678.75,1
"2588","GCA_946406735.1_BARA-C-3.PacbioHiFiAssembly_genomic","AT2G22260","OX291591.1",12619826,12622469,2643,3305,1
"2688","GCA_946406735.1_BARA-C-3.PacbioHiFiAssembly_genomic","AT1G49470","OX291590.1",21932998,21934284,1286,1608.75,1
"2788","GCA_946406735.1_BARA-C-3.PacbioHiFiAssembly_genomic","AT1G70560","OX291590.1",30060978,30063777,2799,3497.5,1
"2888","GCA_946406735.1_BARA-C-3.PacbioHiFiAssembly_genomic","AT3G10985","OX291592.1",3460202,3461645,1443,1805,1
"2988","GCA_946406735.1_BARA-C-3.PacbioHiFiAssembly_genomic","AT4G36390","OX291593.1",20481489,20484161,2672,3343.75,1
"3088","GCA_946406735.1_BARA-C-3.PacbioHiFiAssembly_genomic","AT4G34270","OX291593.1",19686519,19688964,2445,3075,1
"31127","GCA_946406735.1_BARA-C-3.PacbioHiFiAssembly_genomic","AT5G50000","OX291594.1",23894174,23896970,2796,3497.5,1
"32104","GCA_946406735.1_BARA-C-3.PacbioHiFiAssembly_genomic","AT1G30580","OX291590.1",10646187,10650144,3957,4953.75,1
"3387","GCA_946406735.1_BARA-C-3.PacbioHiFiAssembly_genomic","AT1G20070","OX291590.1",6937456,6938612,1156,1446.25,1
"3487","GCA_946406735.1_BARA-C-3.PacbioHiFiAssembly_genomic","AT3G25440","OX291592.1",9248999,9250817,1818,2273.75,1
"3588","GCA_946406735.1_BARA-C-3.PacbioHiFiAssembly_genomic","AT5G43680","OX291594.1",21120160,21122004,1844,2321.25,1
"3688","GCA_946406735.1_BARA-C-3.PacbioHiFiAssembly_genomic","AT1G67320","OX291590.1",28665919,28669741,3822,4778.75,1
"3788","GCA_946406735.1_BARA-C-3.PacbioHiFiAssembly_genomic","AT2G44950","OX291591.1",21727701,21734178,6477,8097.5,1
"3888","GCA_946406735.1_BARA-C-3.PacbioHiFiAssembly_genomic","AT5G24520","OX291594.1",8371687,8374217,2530,3163.75,1
"3988","GCA_946406735.1_BARA-C-3.PacbioHiFiAssembly_genomic","AT5G56890","OX291594.1",26521382,26526960,5578,6991.25,1
"4088","GCA_946406735.1_BARA-C-3.PacbioHiFiAssembly_genomic","AT1G24460","OX291590.1",8586676,8593452,6776,8472.5,1
"41125","GCA_946406735.1_BARA-C-3.PacbioHiFiAssembly_genomic","AT2G28800","OX291591.1",15544275,15547522,3247,4060,1
"42102","GCA_946406735.1_BARA-C-3.PacbioHiFiAssembly_genomic","AT5G13940","OX291594.1",4489156,4494646,5490,6863.75,1
"4788","GCA_946406735.1_BARA-C-3.PacbioHiFiAssembly_genomic","AT1G19220","OX291590.1",6613792,6619249,5457,6813.75,1
"4888","GCA_946406735.1_BARA-C-3.PacbioHiFiAssembly_genomic","AT5G01220","OX291594.1",82021,85596,3575,4468.75,1
"4988","GCA_946406735.1_BARA-C-3.PacbioHiFiAssembly_genomic","AT1G02460","OX291590.1",511099,513910,2811,3507.5,1
"5075","GCA_946406735.1_BARA-C-3.PacbioHiFiAssembly_genomic","AT1G04110","OX291590.1",1081590,1084102,2512,3141.25,1
"5153","GCA_946406735.1_BARA-C-3.PacbioHiFiAssembly_genomic","AT4G01880","OX291593.1",852354,854632,2278,2842.5,1
"5222","GCA_946406735.1_BARA-C-3.PacbioHiFiAssembly_genomic","AT2G24430","OX291591.1",13570993,13574106,3113,3911.25,1
"5313","GCA_946406735.1_BARA-C-3.PacbioHiFiAssembly_genomic","AT5G47870","OX291594.1",22934697,22936198,1501,1877.5,1
"1304","GCA_946406895.1_Rabacal-1.22005.PacbioHiFiAssembly_genomic","AT2G27810","OX291596.1",16382938,16387192,4254,5322.5,1
"2304","GCA_946406895.1_Rabacal-1.22005.PacbioHiFiAssembly_genomic","AT5G40530","OX291599.1",22609097,22610964,1867,2313.75,1
"3304","GCA_946406895.1_Rabacal-1.22005.PacbioHiFiAssembly_genomic","AT3G26115","OX291597.1",9644142,9646239,2097,2787.5,1
"4302","GCA_946406895.1_Rabacal-1.22005.PacbioHiFiAssembly_genomic","AT1G26750","OX291595.1",9196174,9197591,1417,1772.5,1
"597","GCA_946406895.1_Rabacal-1.22005.PacbioHiFiAssembly_genomic","AT4G17540","OX291598.1",16218076,16220070,1994,2493.75,1
"689","GCA_946406895.1_Rabacal-1.22005.PacbioHiFiAssembly_genomic","AT4G23950","OX291598.1",19037675,19040175,2500,3126.25,1
"789","GCA_946406895.1_Rabacal-1.22005.PacbioHiFiAssembly_genomic","AT2G38360","OX291596.1",20654941,20656219,1278,1598.75,1
"889","GCA_946406895.1_Rabacal-1.22005.PacbioHiFiAssembly_genomic","AT3G11090","OX291597.1",3565680,3566606,926,1158.75,1
"989","GCA_946406895.1_Rabacal-1.22005.PacbioHiFiAssembly_genomic","AT5G24890","OX291599.1",8636393,8638149,1756,2190,1
"1089","GCA_946406895.1_Rabacal-1.22005.PacbioHiFiAssembly_genomic","AT5G27970","OX291599.1",10105233,10116568,11335,14170,1
"11128","GCA_946406895.1_Rabacal-1.22005.PacbioHiFiAssembly_genomic","AT1G49590","OX291595.1",22456338,22458327,1989,2487.5,1
"12105","GCA_946406895.1_Rabacal-1.22005.PacbioHiFiAssembly_genomic","AT5G46910","OX291599.1",25422546,25427582,5036,6301.25,1
"1389","GCA_946406895.1_Rabacal-1.22005.PacbioHiFiAssembly_genomic","AT1G77300","OX291595.1",33253264,33262793,9529,11916.25,1
"1489","GCA_946406895.1_Rabacal-1.22005.PacbioHiFiAssembly_genomic","AT2G15560","OX291596.1",11238724,11241072,2348,2937.5,1
"1589","GCA_946406895.1_Rabacal-1.22005.PacbioHiFiAssembly_genomic","AT3G27310","OX291597.1",10193241,10195395,2154,2693.75,1
"1689","GCA_946406895.1_Rabacal-1.22005.PacbioHiFiAssembly_genomic","AT5G42950","OX291599.1",23650709,23657820,7111,8893.75,1
"1789","GCA_946406895.1_Rabacal-1.22005.PacbioHiFiAssembly_genomic","AT5G47380","OX291599.1",25597140,25600514,3374,4223.75,1
"1889","GCA_946406895.1_Rabacal-1.22005.PacbioHiFiAssembly_genomic","AT3G06035","OX291597.1",1829660,1831065,1405,1757.5,1
"1989","GCA_946406895.1_Rabacal-1.22005.PacbioHiFiAssembly_genomic","AT2G38310","OX291596.1",20635530,20636968,1438,1798.75,1
"2089","GCA_946406895.1_Rabacal-1.22005.PacbioHiFiAssembly_genomic","AT1G27460","OX291595.1",9483728,9486890,3162,3908.75,1
"21128","GCA_946406895.1_Rabacal-1.22005.PacbioHiFiAssembly_genomic","AT2G45320","OX291596.1",23299153,23301234,2081,2602.5,1
"22105","GCA_946406895.1_Rabacal-1.22005.PacbioHiFiAssembly_genomic","AT1G30480","OX291595.1",10756006,10758702,2696,3380,1
"2389","GCA_946406895.1_Rabacal-1.22005.PacbioHiFiAssembly_genomic","AT3G13840","OX291597.1",4651514,4653262,1748,2186.25,1
"2489","GCA_946406895.1_Rabacal-1.22005.PacbioHiFiAssembly_genomic","AT5G38520","OX291599.1",21741328,21743455,2127,2678.75,1
"2589","GCA_946406895.1_Rabacal-1.22005.PacbioHiFiAssembly_genomic","AT2G22260","OX291596.1",13989969,13992612,2643,3305,1
"2689","GCA_946406895.1_Rabacal-1.22005.PacbioHiFiAssembly_genomic","AT1G49470","OX291595.1",22414597,22415883,1286,1608.75,1
"2789","GCA_946406895.1_Rabacal-1.22005.PacbioHiFiAssembly_genomic","AT1G70560","OX291595.1",30806663,30809466,2803,3497.5,1
"2889","GCA_946406895.1_Rabacal-1.22005.PacbioHiFiAssembly_genomic","AT3G10985","OX291597.1",3528935,3530375,1440,1805,1
"2989","GCA_946406895.1_Rabacal-1.22005.PacbioHiFiAssembly_genomic","AT4G36390","OX291598.1",24008184,24010873,2689,3343.75,1
"3089","GCA_946406895.1_Rabacal-1.22005.PacbioHiFiAssembly_genomic","AT4G34270","OX291598.1",23217640,23220085,2445,3075,1
"31128","GCA_946406895.1_Rabacal-1.22005.PacbioHiFiAssembly_genomic","AT5G50000","OX291599.1",26736385,26739186,2801,3497.5,1
"32105","GCA_946406895.1_Rabacal-1.22005.PacbioHiFiAssembly_genomic","AT1G30580","OX291595.1",10796681,10800640,3959,4953.75,1
"3388","GCA_946406895.1_Rabacal-1.22005.PacbioHiFiAssembly_genomic","AT1G20070","OX291595.1",7012341,7013497,1156,1446.25,1
"3488","GCA_946406895.1_Rabacal-1.22005.PacbioHiFiAssembly_genomic","AT3G25440","OX291597.1",9335062,9336861,1799,2273.75,1
"3589","GCA_946406895.1_Rabacal-1.22005.PacbioHiFiAssembly_genomic","AT5G43680","OX291599.1",23947268,23949123,1855,2321.25,1
"3689","GCA_946406895.1_Rabacal-1.22005.PacbioHiFiAssembly_genomic","AT1G67320","OX291595.1",29368857,29372679,3822,4778.75,1
"3789","GCA_946406895.1_Rabacal-1.22005.PacbioHiFiAssembly_genomic","AT2G44950","OX291596.1",23163364,23169842,6478,8097.5,1
"3889","GCA_946406895.1_Rabacal-1.22005.PacbioHiFiAssembly_genomic","AT5G24520","OX291599.1",8432807,8435337,2530,3163.75,1
"3989","GCA_946406895.1_Rabacal-1.22005.PacbioHiFiAssembly_genomic","AT5G56890","OX291599.1",29377505,29383087,5582,6991.25,1
"4089","GCA_946406895.1_Rabacal-1.22005.PacbioHiFiAssembly_genomic","AT1G24460","OX291595.1",8690034,8696809,6775,8472.5,1
"41126","GCA_946406895.1_Rabacal-1.22005.PacbioHiFiAssembly_genomic","AT2G28800","OX291596.1",16891813,16895042,3229,4060,1
"42103","GCA_946406895.1_Rabacal-1.22005.PacbioHiFiAssembly_genomic","AT5G13940","OX291599.1",4488570,4494024,5454,6863.75,1
"4574","GCA_946406895.1_Rabacal-1.22005.PacbioHiFiAssembly_genomic","AT1G19220","OX291595.1",6693357,6698785,5428,6813.75,1
"4685","GCA_946406895.1_Rabacal-1.22005.PacbioHiFiAssembly_genomic","AT5G01220","OX291599.1",83375,86964,3589,4468.75,1
"4789","GCA_946406895.1_Rabacal-1.22005.PacbioHiFiAssembly_genomic","AT1G02460","OX291595.1",516116,518912,2796,3507.5,1
"4889","GCA_946406895.1_Rabacal-1.22005.PacbioHiFiAssembly_genomic","AT1G04110","OX291595.1",1083916,1086428,2512,3141.25,1
"4989","GCA_946406895.1_Rabacal-1.22005.PacbioHiFiAssembly_genomic","AT4G01880","OX291598.1",1560686,1562959,2273,2842.5,1
"5076","GCA_946406895.1_Rabacal-1.22005.PacbioHiFiAssembly_genomic","AT2G24430","OX291596.1",14910828,14913963,3135,3911.25,1
"5154","GCA_946406895.1_Rabacal-1.22005.PacbioHiFiAssembly_genomic","AT5G47870","OX291599.1",25760274,25761775,1501,1877.5,1
"1305","GCA_946406975.1_CAMA-C-2.PacbioHiFiAssembly_genomic","AT2G27810","OX291601.1",14398812,14403082,4270,5322.5,1
"2305","GCA_946406975.1_CAMA-C-2.PacbioHiFiAssembly_genomic","AT5G40530","OX291604.1",19326065,19327932,1867,2313.75,1
"3305","GCA_946406975.1_CAMA-C-2.PacbioHiFiAssembly_genomic","AT3G26115","OX291602.1",9590795,9593024,2229,2787.5,1
"4303","GCA_946406975.1_CAMA-C-2.PacbioHiFiAssembly_genomic","AT1G26750","OX291600.1",9139765,9141182,1417,1772.5,1
"598","GCA_946406975.1_CAMA-C-2.PacbioHiFiAssembly_genomic","AT4G17540","OX291603.1",14613308,14615315,2007,2493.75,1
"690","GCA_946406975.1_CAMA-C-2.PacbioHiFiAssembly_genomic","AT4G23950","OX291603.1",17226192,17228692,2500,3126.25,1
"790","GCA_946406975.1_CAMA-C-2.PacbioHiFiAssembly_genomic","AT2G38360","OX291601.1",18593984,18595262,1278,1598.75,1
"890","GCA_946406975.1_CAMA-C-2.PacbioHiFiAssembly_genomic","AT3G11090","OX291602.1",3522033,3522959,926,1158.75,1
"990","GCA_946406975.1_CAMA-C-2.PacbioHiFiAssembly_genomic","AT5G24890","OX291604.1",8595095,8596845,1750,2190,1
"1090","GCA_946406975.1_CAMA-C-2.PacbioHiFiAssembly_genomic","AT5G27970","OX291604.1",10028718,10040054,11336,14170,1
"11129","GCA_946406975.1_CAMA-C-2.PacbioHiFiAssembly_genomic","AT1G49590","OX291600.1",21383435,21385424,1989,2487.5,1
"12106","GCA_946406975.1_CAMA-C-2.PacbioHiFiAssembly_genomic","AT5G46910","OX291604.1",22094635,22099678,5043,6301.25,1
"1390","GCA_946406975.1_CAMA-C-2.PacbioHiFiAssembly_genomic","AT1G77300","OX291600.1",32095720,32105244,9524,11916.25,1
"1490","GCA_946406975.1_CAMA-C-2.PacbioHiFiAssembly_genomic","AT2G15560","OX291601.1",9305175,9307496,2321,2937.5,1
"1590","GCA_946406975.1_CAMA-C-2.PacbioHiFiAssembly_genomic","AT3G27310","OX291602.1",10124976,10127117,2141,2693.75,1
"1690","GCA_946406975.1_CAMA-C-2.PacbioHiFiAssembly_genomic","AT5G42950","OX291604.1",20358313,20365422,7109,8893.75,1
"1790","GCA_946406975.1_CAMA-C-2.PacbioHiFiAssembly_genomic","AT5G47380","OX291604.1",22271881,22275259,3378,4223.75,1
"1890","GCA_946406975.1_CAMA-C-2.PacbioHiFiAssembly_genomic","AT3G06035","OX291602.1",1855912,1857317,1405,1757.5,1
"1990","GCA_946406975.1_CAMA-C-2.PacbioHiFiAssembly_genomic","AT2G38310","OX291601.1",18574527,18575965,1438,1798.75,1
"2090","GCA_946406975.1_CAMA-C-2.PacbioHiFiAssembly_genomic","AT1G27460","OX291600.1",9418785,9421948,3163,3908.75,1
"21129","GCA_946406975.1_CAMA-C-2.PacbioHiFiAssembly_genomic","AT2G45320","OX291601.1",21194712,21196793,2081,2602.5,1
"22106","GCA_946406975.1_CAMA-C-2.PacbioHiFiAssembly_genomic","AT1G30480","OX291600.1",10629830,10632499,2669,3380,1
"2390","GCA_946406975.1_CAMA-C-2.PacbioHiFiAssembly_genomic","AT3G13840","OX291602.1",4589133,4590881,1748,2186.25,1
"2490","GCA_946406975.1_CAMA-C-2.PacbioHiFiAssembly_genomic","AT5G38520","OX291604.1",18292785,18294927,2142,2678.75,1
"2590","GCA_946406975.1_CAMA-C-2.PacbioHiFiAssembly_genomic","AT2G22260","OX291601.1",12011251,12013894,2643,3305,1
"2690","GCA_946406975.1_CAMA-C-2.PacbioHiFiAssembly_genomic","AT1G49470","OX291600.1",21339117,21340403,1286,1608.75,1
"2790","GCA_946406975.1_CAMA-C-2.PacbioHiFiAssembly_genomic","AT1G70560","OX291600.1",29631141,29633940,2799,3497.5,1
"2890","GCA_946406975.1_CAMA-C-2.PacbioHiFiAssembly_genomic","AT3G10985","OX291602.1",3488927,3490367,1440,1805,1
"2990","GCA_946406975.1_CAMA-C-2.PacbioHiFiAssembly_genomic","AT4G36390","OX291603.1",22001694,22004366,2672,3343.75,1
"3090","GCA_946406975.1_CAMA-C-2.PacbioHiFiAssembly_genomic","AT4G34270","OX291603.1",21196061,21198520,2459,3075,1
"31129","GCA_946406975.1_CAMA-C-2.PacbioHiFiAssembly_genomic","AT5G50000","OX291604.1",23399356,23402154,2798,3497.5,1
"32106","GCA_946406975.1_CAMA-C-2.PacbioHiFiAssembly_genomic","AT1G30580","OX291600.1",10670581,10674541,3960,4953.75,1
"3389","GCA_946406975.1_CAMA-C-2.PacbioHiFiAssembly_genomic","AT1G20070","OX291600.1",6959461,6960617,1156,1446.25,1
"3489","GCA_946406975.1_CAMA-C-2.PacbioHiFiAssembly_genomic","AT3G25440","OX291602.1",9281543,9283361,1818,2273.75,1
"3590","GCA_946406975.1_CAMA-C-2.PacbioHiFiAssembly_genomic","AT5G43680","OX291604.1",20658876,20660732,1856,2321.25,1
"3690","GCA_946406975.1_CAMA-C-2.PacbioHiFiAssembly_genomic","AT1G67320","OX291600.1",28222026,28225847,3821,4778.75,1
"3790","GCA_946406975.1_CAMA-C-2.PacbioHiFiAssembly_genomic","AT2G44950","OX291601.1",21056872,21063350,6478,8097.5,1
"3890","GCA_946406975.1_CAMA-C-2.PacbioHiFiAssembly_genomic","AT5G24520","OX291604.1",8412005,8414535,2530,3163.75,1
"3990","GCA_946406975.1_CAMA-C-2.PacbioHiFiAssembly_genomic","AT5G56890","OX291604.1",26017824,26023413,5589,6991.25,1
"4090","GCA_946406975.1_CAMA-C-2.PacbioHiFiAssembly_genomic","AT1G24460","OX291600.1",8637330,8644105,6775,8472.5,1
"41127","GCA_946406975.1_CAMA-C-2.PacbioHiFiAssembly_genomic","AT2G28800","OX291601.1",14906928,14910176,3248,4060,1
"42104","GCA_946406975.1_CAMA-C-2.PacbioHiFiAssembly_genomic","AT5G13940","OX291604.1",4538560,4544071,5511,6863.75,1
"4575","GCA_946406975.1_CAMA-C-2.PacbioHiFiAssembly_genomic","AT1G19220","OX291600.1",6630674,6636122,5448,6813.75,1
"4686","GCA_946406975.1_CAMA-C-2.PacbioHiFiAssembly_genomic","AT5G01220","OX291604.1",84466,88042,3576,4468.75,1
"4790","GCA_946406975.1_CAMA-C-2.PacbioHiFiAssembly_genomic","AT1G02460","OX291600.1",507691,510496,2805,3507.5,1
"4890","GCA_946406975.1_CAMA-C-2.PacbioHiFiAssembly_genomic","AT1G04110","OX291600.1",1067131,1069643,2512,3141.25,1
"4990","GCA_946406975.1_CAMA-C-2.PacbioHiFiAssembly_genomic","AT4G01880","OX291603.1",1237978,1240250,2272,2842.5,1
"5077","GCA_946406975.1_CAMA-C-2.PacbioHiFiAssembly_genomic","AT2G24430","OX291601.1",12936281,12939414,3133,3911.25,1
"5155","GCA_946406975.1_CAMA-C-2.PacbioHiFiAssembly_genomic","AT5G47870","OX291604.1",22427372,22428877,1505,1877.5,1
"1306","GCA_946407145.1_BARC-A-17.PacbioHiFiAssembly_genomic","AT2G27810","OX291606.1",14495156,14499428,4272,5322.5,1
"2306","GCA_946407145.1_BARC-A-17.PacbioHiFiAssembly_genomic","AT5G40530","OX291609.1",19536282,19538149,1867,2313.75,1
"3306","GCA_946407145.1_BARC-A-17.PacbioHiFiAssembly_genomic","AT3G26115","OX291607.1",9562362,9564565,2203,2787.5,1
"4304","GCA_946407145.1_BARC-A-17.PacbioHiFiAssembly_genomic","AT1G26750","OX291605.1",9137152,9138569,1417,1772.5,1
"599","GCA_946407145.1_BARC-A-17.PacbioHiFiAssembly_genomic","AT4G17540","OX291608.1",14695177,14697171,1994,2493.75,1
"691","GCA_946407145.1_BARC-A-17.PacbioHiFiAssembly_genomic","AT4G23950","OX291608.1",17228566,17231066,2500,3126.25,1
"791","GCA_946407145.1_BARC-A-17.PacbioHiFiAssembly_genomic","AT2G38360","OX291606.1",18742534,18743812,1278,1598.75,1
"891","GCA_946407145.1_BARC-A-17.PacbioHiFiAssembly_genomic","AT3G11090","OX291607.1",3524800,3525726,926,1158.75,1
"991","GCA_946407145.1_BARC-A-17.PacbioHiFiAssembly_genomic","AT5G24890","OX291609.1",8581671,8583420,1749,2190,1
"1091","GCA_946407145.1_BARC-A-17.PacbioHiFiAssembly_genomic","AT5G27970","OX291609.1",9963286,9974621,11335,14170,1
"11130","GCA_946407145.1_BARC-A-17.PacbioHiFiAssembly_genomic","AT1G49590","OX291605.1",22814936,22816925,1989,2487.5,1
"12107","GCA_946407145.1_BARC-A-17.PacbioHiFiAssembly_genomic","AT5G46910","OX291609.1",22292883,22297922,5039,6301.25,1
"1391","GCA_946407145.1_BARC-A-17.PacbioHiFiAssembly_genomic","AT1G77300","OX291605.1",33536728,33546248,9520,11916.25,1
"1491","GCA_946407145.1_BARC-A-17.PacbioHiFiAssembly_genomic","AT2G15560","OX291606.1",9419612,9421933,2321,2937.5,1
"1591","GCA_946407145.1_BARC-A-17.PacbioHiFiAssembly_genomic","AT3G27310","OX291607.1",10103192,10105346,2154,2693.75,1
"1691","GCA_946407145.1_BARC-A-17.PacbioHiFiAssembly_genomic","AT5G42950","OX291609.1",20537489,20544597,7108,8893.75,1
"1791","GCA_946407145.1_BARC-A-17.PacbioHiFiAssembly_genomic","AT5G47380","OX291609.1",22466981,22470359,3378,4223.75,1
"1891","GCA_946407145.1_BARC-A-17.PacbioHiFiAssembly_genomic","AT3G06035","OX291607.1",1835433,1836838,1405,1757.5,1
"1991","GCA_946407145.1_BARC-A-17.PacbioHiFiAssembly_genomic","AT2G38310","OX291606.1",18723077,18724515,1438,1798.75,1
"2091","GCA_946407145.1_BARC-A-17.PacbioHiFiAssembly_genomic","AT1G27460","OX291605.1",9417149,9420275,3126,3908.75,1
"21130","GCA_946407145.1_BARC-A-17.PacbioHiFiAssembly_genomic","AT2G45320","OX291606.1",21352395,21354475,2080,2602.5,1
"22107","GCA_946407145.1_BARC-A-17.PacbioHiFiAssembly_genomic","AT1G30480","OX291605.1",10667669,10670268,2599,3380,1
"2391","GCA_946407145.1_BARC-A-17.PacbioHiFiAssembly_genomic","AT3G13840","OX291607.1",4581939,4583687,1748,2186.25,1
"2491","GCA_946407145.1_BARC-A-17.PacbioHiFiAssembly_genomic","AT5G38520","OX291609.1",18731986,18734124,2138,2678.75,1
"2591","GCA_946407145.1_BARC-A-17.PacbioHiFiAssembly_genomic","AT2G22260","OX291606.1",12104510,12107153,2643,3305,1
"2691","GCA_946407145.1_BARC-A-17.PacbioHiFiAssembly_genomic","AT1G49470","OX291605.1",22770630,22771916,1286,1608.75,1
"2791","GCA_946407145.1_BARC-A-17.PacbioHiFiAssembly_genomic","AT1G70560","OX291605.1",31095579,31098378,2799,3497.5,1
"2891","GCA_946407145.1_BARC-A-17.PacbioHiFiAssembly_genomic","AT3G10985","OX291607.1",3491742,3493181,1439,1805,1
"2991","GCA_946407145.1_BARC-A-17.PacbioHiFiAssembly_genomic","AT4G36390","OX291608.1",22153246,22155920,2674,3343.75,1
"3091","GCA_946407145.1_BARC-A-17.PacbioHiFiAssembly_genomic","AT4G34270","OX291608.1",21350713,21353158,2445,3075,1
"31130","GCA_946407145.1_BARC-A-17.PacbioHiFiAssembly_genomic","AT5G50000","OX291609.1",23596134,23598931,2797,3497.5,1
"32107","GCA_946407145.1_BARC-A-17.PacbioHiFiAssembly_genomic","AT1G30580","OX291605.1",10708329,10712286,3957,4953.75,1
"3390","GCA_946407145.1_BARC-A-17.PacbioHiFiAssembly_genomic","AT1G20070","OX291605.1",6951045,6952201,1156,1446.25,1
"3490","GCA_946407145.1_BARC-A-17.PacbioHiFiAssembly_genomic","AT3G25440","OX291607.1",9254313,9256129,1816,2273.75,1
"3591","GCA_946407145.1_BARC-A-17.PacbioHiFiAssembly_genomic","AT5G43680","OX291609.1",20842005,20843672,1667,2321.25,1
"3691","GCA_946407145.1_BARC-A-17.PacbioHiFiAssembly_genomic","AT1G67320","OX291605.1",29654884,29658706,3822,4778.75,1
"3791","GCA_946407145.1_BARC-A-17.PacbioHiFiAssembly_genomic","AT2G44950","OX291606.1",21214241,21220718,6477,8097.5,1
"3891","GCA_946407145.1_BARC-A-17.PacbioHiFiAssembly_genomic","AT5G24520","OX291609.1",8394378,8396908,2530,3163.75,1
"3991","GCA_946407145.1_BARC-A-17.PacbioHiFiAssembly_genomic","AT5G56890","OX291609.1",26230391,26235972,5581,6991.25,1
"4091","GCA_946407145.1_BARC-A-17.PacbioHiFiAssembly_genomic","AT1G24460","OX291605.1",8631378,8638153,6775,8472.5,1
"41128","GCA_946407145.1_BARC-A-17.PacbioHiFiAssembly_genomic","AT2G28800","OX291606.1",15001162,15004408,3246,4060,1
"42105","GCA_946407145.1_BARC-A-17.PacbioHiFiAssembly_genomic","AT5G13940","OX291609.1",4500664,4506154,5490,6863.75,1
"4576","GCA_946407145.1_BARC-A-17.PacbioHiFiAssembly_genomic","AT1G19220","OX291605.1",6619531,6624976,5445,6813.75,1
"4687","GCA_946407145.1_BARC-A-17.PacbioHiFiAssembly_genomic","AT5G01220","OX291609.1",89223,92797,3574,4468.75,1
"4791","GCA_946407145.1_BARC-A-17.PacbioHiFiAssembly_genomic","AT1G02460","OX291605.1",505702,508511,2809,3507.5,1
"4891","GCA_946407145.1_BARC-A-17.PacbioHiFiAssembly_genomic","AT1G04110","OX291605.1",1070106,1072618,2512,3141.25,1
"4991","GCA_946407145.1_BARC-A-17.PacbioHiFiAssembly_genomic","AT4G01880","OX291608.1",1218795,1221067,2272,2842.5,1
"5078","GCA_946407145.1_BARC-A-17.PacbioHiFiAssembly_genomic","AT2G24430","OX291606.1",13029027,13032139,3112,3911.25,1
"5156","GCA_946407145.1_BARC-A-17.PacbioHiFiAssembly_genomic","AT5G47870","OX291609.1",22625178,22626683,1505,1877.5,1
"1307","GCA_946407795.1_IP-Lor-16.PacbioHiFiAssembly_genomic","AT2G27810","OX291618.1",15040441,15044694,4253,5322.5,1
"2307","GCA_946407795.1_IP-Lor-16.PacbioHiFiAssembly_genomic","AT5G40530","OX291621.1",21824484,21826351,1867,2313.75,1
"3307","GCA_946407795.1_IP-Lor-16.PacbioHiFiAssembly_genomic","AT3G26115","OX291619.1",9638560,9640763,2203,2787.5,1
"4305","GCA_946407795.1_IP-Lor-16.PacbioHiFiAssembly_genomic","AT1G26750","OX291617.1",9152395,9153824,1429,1772.5,1
"5100","GCA_946407795.1_IP-Lor-16.PacbioHiFiAssembly_genomic","AT4G17540","OX291620.1",15762192,15764186,1994,2493.75,1
"692","GCA_946407795.1_IP-Lor-16.PacbioHiFiAssembly_genomic","AT4G23950","OX291620.1",18297433,18299933,2500,3126.25,1
"792","GCA_946407795.1_IP-Lor-16.PacbioHiFiAssembly_genomic","AT2G38360","OX291618.1",19334735,19336013,1278,1598.75,1
"892","GCA_946407795.1_IP-Lor-16.PacbioHiFiAssembly_genomic","AT3G11090","OX291619.1",3576320,3577246,926,1158.75,1
"992","GCA_946407795.1_IP-Lor-16.PacbioHiFiAssembly_genomic","AT5G24890","OX291621.1",8617009,8618756,1747,2190,1
"1092","GCA_946407795.1_IP-Lor-16.PacbioHiFiAssembly_genomic","AT5G27970","OX291621.1",10097038,10108375,11337,14170,1
"11131","GCA_946407795.1_IP-Lor-16.PacbioHiFiAssembly_genomic","AT1G49590","OX291617.1",19975336,19977325,1989,2487.5,1
"12108","GCA_946407795.1_IP-Lor-16.PacbioHiFiAssembly_genomic","AT5G46910","OX291621.1",24597203,24602244,5041,6301.25,1
"1392","GCA_946407795.1_IP-Lor-16.PacbioHiFiAssembly_genomic","AT1G77300","OX291617.1",30671603,30681135,9532,11916.25,1
"1492","GCA_946407795.1_IP-Lor-16.PacbioHiFiAssembly_genomic","AT2G15560","OX291618.1",9868027,9870375,2348,2937.5,1
"1592","GCA_946407795.1_IP-Lor-16.PacbioHiFiAssembly_genomic","AT3G27310","OX291619.1",10204067,10206221,2154,2693.75,1
"1692","GCA_946407795.1_IP-Lor-16.PacbioHiFiAssembly_genomic","AT5G42950","OX291621.1",22841605,22848719,7114,8893.75,1
"1792","GCA_946407795.1_IP-Lor-16.PacbioHiFiAssembly_genomic","AT5G47380","OX291621.1",24774998,24778372,3374,4223.75,1
"1892","GCA_946407795.1_IP-Lor-16.PacbioHiFiAssembly_genomic","AT3G06035","OX291619.1",1841186,1842591,1405,1757.5,1
"1992","GCA_946407795.1_IP-Lor-16.PacbioHiFiAssembly_genomic","AT2G38310","OX291618.1",19315304,19316743,1439,1798.75,1
"2092","GCA_946407795.1_IP-Lor-16.PacbioHiFiAssembly_genomic","AT1G27460","OX291617.1",9446576,9449738,3162,3908.75,1
"21131","GCA_946407795.1_IP-Lor-16.PacbioHiFiAssembly_genomic","AT2G45320","OX291618.1",22005617,22007698,2081,2602.5,1
"22108","GCA_946407795.1_IP-Lor-16.PacbioHiFiAssembly_genomic","AT1G30480","OX291617.1",10779277,10781974,2697,3380,1
"2392","GCA_946407795.1_IP-Lor-16.PacbioHiFiAssembly_genomic","AT3G13840","OX291619.1",4630119,4631867,1748,2186.25,1
"2492","GCA_946407795.1_IP-Lor-16.PacbioHiFiAssembly_genomic","AT5G38520","OX291621.1",21044051,21046193,2142,2678.75,1
"2592","GCA_946407795.1_IP-Lor-16.PacbioHiFiAssembly_genomic","AT2G22260","OX291618.1",12584027,12586670,2643,3305,1
"2692","GCA_946407795.1_IP-Lor-16.PacbioHiFiAssembly_genomic","AT1G49470","OX291617.1",19933527,19934813,1286,1608.75,1
"2792","GCA_946407795.1_IP-Lor-16.PacbioHiFiAssembly_genomic","AT1G70560","OX291617.1",28200107,28202904,2797,3497.5,1
"2892","GCA_946407795.1_IP-Lor-16.PacbioHiFiAssembly_genomic","AT3G10985","OX291619.1",3543902,3545317,1415,1805,1
"2992","GCA_946407795.1_IP-Lor-16.PacbioHiFiAssembly_genomic","AT4G36390","OX291620.1",23054630,23057305,2675,3343.75,1
"3092","GCA_946407795.1_IP-Lor-16.PacbioHiFiAssembly_genomic","AT4G34270","OX291620.1",22265621,22268066,2445,3075,1
"31131","GCA_946407795.1_IP-Lor-16.PacbioHiFiAssembly_genomic","AT5G50000","OX291621.1",25886850,25889649,2799,3497.5,1
"32108","GCA_946407795.1_IP-Lor-16.PacbioHiFiAssembly_genomic","AT1G30580","OX291617.1",10821939,10825899,3960,4953.75,1
"3391","GCA_946407795.1_IP-Lor-16.PacbioHiFiAssembly_genomic","AT1G20070","OX291617.1",6987416,6988572,1156,1446.25,1
"3491","GCA_946407795.1_IP-Lor-16.PacbioHiFiAssembly_genomic","AT3G25440","OX291619.1",9332958,9334774,1816,2273.75,1
"3592","GCA_946407795.1_IP-Lor-16.PacbioHiFiAssembly_genomic","AT5G43680","OX291621.1",23153893,23155738,1845,2321.25,1
"3692","GCA_946407795.1_IP-Lor-16.PacbioHiFiAssembly_genomic","AT1G67320","OX291617.1",26795972,26799793,3821,4778.75,1
"3792","GCA_946407795.1_IP-Lor-16.PacbioHiFiAssembly_genomic","AT2G44950","OX291618.1",21869070,21875426,6356,8097.5,1
"3892","GCA_946407795.1_IP-Lor-16.PacbioHiFiAssembly_genomic","AT5G24520","OX291621.1",8424890,8427420,2530,3163.75,1
"3992","GCA_946407795.1_IP-Lor-16.PacbioHiFiAssembly_genomic","AT5G56890","OX291621.1",28547592,28553174,5582,6991.25,1
"4092","GCA_946407795.1_IP-Lor-16.PacbioHiFiAssembly_genomic","AT1G24460","OX291617.1",8645825,8652600,6775,8472.5,1
"41129","GCA_946407795.1_IP-Lor-16.PacbioHiFiAssembly_genomic","AT2G28800","OX291618.1",15579197,15582437,3240,4060,1
"42106","GCA_946407795.1_IP-Lor-16.PacbioHiFiAssembly_genomic","AT5G13940","OX291621.1",4545224,4550734,5510,6863.75,1
"4577","GCA_946407795.1_IP-Lor-16.PacbioHiFiAssembly_genomic","AT1G19220","OX291617.1",6665818,6671255,5437,6813.75,1
"4688","GCA_946407795.1_IP-Lor-16.PacbioHiFiAssembly_genomic","AT5G01220","OX291621.1",87031,90610,3579,4468.75,1
"4792","GCA_946407795.1_IP-Lor-16.PacbioHiFiAssembly_genomic","AT1G02460","OX291617.1",520275,523089,2814,3507.5,1
"4892","GCA_946407795.1_IP-Lor-16.PacbioHiFiAssembly_genomic","AT1G04110","OX291617.1",1081639,1084151,2512,3141.25,1
"4992","GCA_946407795.1_IP-Lor-16.PacbioHiFiAssembly_genomic","AT4G01880","OX291620.1",871853,874126,2273,2842.5,1
"5079","GCA_946407795.1_IP-Lor-16.PacbioHiFiAssembly_genomic","AT2G24430","OX291618.1",13529221,13532354,3133,3911.25,1
"5157","GCA_946407795.1_IP-Lor-16.PacbioHiFiAssembly_genomic","AT5G47870","OX291621.1",24932136,24933642,1506,1877.5,1
"1308","GCA_946408365.1_SALE-A-10.PacbioHiFiAssembly_genomic","AT2G27810","OX291623.1",13601924,13606186,4262,5322.5,1
"2308","GCA_946408365.1_SALE-A-10.PacbioHiFiAssembly_genomic","AT5G40530","OX291626.1",21147096,21148963,1867,2313.75,1
"3308","GCA_946408365.1_SALE-A-10.PacbioHiFiAssembly_genomic","AT3G26115","OX291624.1",9544946,9547175,2229,2787.5,1
"4306","GCA_946408365.1_SALE-A-10.PacbioHiFiAssembly_genomic","AT1G26750","OX291622.1",9150584,9152001,1417,1772.5,1
"5101","GCA_946408365.1_SALE-A-10.PacbioHiFiAssembly_genomic","AT4G17540","OX291625.1",12808462,12810456,1994,2493.75,1
"693","GCA_946408365.1_SALE-A-10.PacbioHiFiAssembly_genomic","AT4G23950","OX291625.1",15526478,15528978,2500,3126.25,1
"793","GCA_946408365.1_SALE-A-10.PacbioHiFiAssembly_genomic","AT2G38360","OX291623.1",17804236,17805514,1278,1598.75,1
"893","GCA_946408365.1_SALE-A-10.PacbioHiFiAssembly_genomic","AT3G11090","OX291624.1",3510020,3510946,926,1158.75,1
"993","GCA_946408365.1_SALE-A-10.PacbioHiFiAssembly_genomic","AT5G24890","OX291626.1",8588963,8590711,1748,2190,1
"1093","GCA_946408365.1_SALE-A-10.PacbioHiFiAssembly_genomic","AT5G27970","OX291626.1",9969721,9981057,11336,14170,1
"11132","GCA_946408365.1_SALE-A-10.PacbioHiFiAssembly_genomic","AT1G49590","OX291622.1",21980148,21982137,1989,2487.5,1
"12109","GCA_946408365.1_SALE-A-10.PacbioHiFiAssembly_genomic","AT5G46910","OX291626.1",23932245,23937284,5039,6301.25,1
"1393","GCA_946408365.1_SALE-A-10.PacbioHiFiAssembly_genomic","AT1G77300","OX291622.1",32661082,32670602,9520,11916.25,1
"1493","GCA_946408365.1_SALE-A-10.PacbioHiFiAssembly_genomic","AT2G15560","OX291623.1",8535307,8537655,2348,2937.5,1
"1593","GCA_946408365.1_SALE-A-10.PacbioHiFiAssembly_genomic","AT3G27310","OX291624.1",10098889,10101043,2154,2693.75,1
"1693","GCA_946408365.1_SALE-A-10.PacbioHiFiAssembly_genomic","AT5G42950","OX291626.1",22163799,22170905,7106,8893.75,1
"1793","GCA_946408365.1_SALE-A-10.PacbioHiFiAssembly_genomic","AT5G47380","OX291626.1",24103034,24106412,3378,4223.75,1
"1893","GCA_946408365.1_SALE-A-10.PacbioHiFiAssembly_genomic","AT3G06035","OX291624.1",1839316,1840721,1405,1757.5,1
"1993","GCA_946408365.1_SALE-A-10.PacbioHiFiAssembly_genomic","AT2G38310","OX291623.1",17784778,17786216,1438,1798.75,1
"2093","GCA_946408365.1_SALE-A-10.PacbioHiFiAssembly_genomic","AT1G27460","OX291622.1",9429181,9432343,3162,3908.75,1
"21132","GCA_946408365.1_SALE-A-10.PacbioHiFiAssembly_genomic","AT2G45320","OX291623.1",20416669,20418750,2081,2602.5,1
"22109","GCA_946408365.1_SALE-A-10.PacbioHiFiAssembly_genomic","AT1G30480","OX291622.1",10663143,10665811,2668,3380,1
"2393","GCA_946408365.1_SALE-A-10.PacbioHiFiAssembly_genomic","AT3G13840","OX291624.1",4579480,4581228,1748,2186.25,1
"2493","GCA_946408365.1_SALE-A-10.PacbioHiFiAssembly_genomic","AT5G38520","OX291626.1",20324334,20326471,2137,2678.75,1
"2593","GCA_946408365.1_SALE-A-10.PacbioHiFiAssembly_genomic","AT2G22260","OX291623.1",11237864,11240507,2643,3305,1
"2693","GCA_946408365.1_SALE-A-10.PacbioHiFiAssembly_genomic","AT1G49470","OX291622.1",21938307,21939594,1287,1608.75,1
"2793","GCA_946408365.1_SALE-A-10.PacbioHiFiAssembly_genomic","AT3G10985","OX291624.1",3477412,3478852,1440,1805,1
"2893","GCA_946408365.1_SALE-A-10.PacbioHiFiAssembly_genomic","AT4G36390","OX291625.1",20301489,20304161,2672,3343.75,1
"2993","GCA_946408365.1_SALE-A-10.PacbioHiFiAssembly_genomic","AT4G34270","OX291625.1",19509248,19511708,2460,3075,1
"3093","GCA_946408365.1_SALE-A-10.PacbioHiFiAssembly_genomic","AT5G50000","OX291626.1",25203871,25206667,2796,3497.5,1
"31132","GCA_946408365.1_SALE-A-10.PacbioHiFiAssembly_genomic","AT1G30580","OX291622.1",10708501,10712461,3960,4953.75,1
"32109","GCA_946408365.1_SALE-A-10.PacbioHiFiAssembly_genomic","AT1G20070","OX291622.1",6972716,6973872,1156,1446.25,1
"3392","GCA_946408365.1_SALE-A-10.PacbioHiFiAssembly_genomic","AT3G25440","OX291624.1",9233995,9235813,1818,2273.75,1
"3492","GCA_946408365.1_SALE-A-10.PacbioHiFiAssembly_genomic","AT5G43680","OX291626.1",22477833,22479480,1647,2321.25,1
"3593","GCA_946408365.1_SALE-A-10.PacbioHiFiAssembly_genomic","AT1G67320","OX291622.1",28797027,28800849,3822,4778.75,1
"3693","GCA_946408365.1_SALE-A-10.PacbioHiFiAssembly_genomic","AT2G44950","OX291623.1",20279778,20286257,6479,8097.5,1
"3793","GCA_946408365.1_SALE-A-10.PacbioHiFiAssembly_genomic","AT5G24520","OX291626.1",8402575,8405105,2530,3163.75,1
"3893","GCA_946408365.1_SALE-A-10.PacbioHiFiAssembly_genomic","AT5G56890","OX291626.1",27871227,27876818,5591,6991.25,1
"3993","GCA_946408365.1_SALE-A-10.PacbioHiFiAssembly_genomic","AT1G24460","OX291622.1",8635486,8642261,6775,8472.5,1
"4093","GCA_946408365.1_SALE-A-10.PacbioHiFiAssembly_genomic","AT2G28800","OX291623.1",14108627,14111874,3247,4060,1
"41130","GCA_946408365.1_SALE-A-10.PacbioHiFiAssembly_genomic","AT5G13940","OX291626.1",4510052,4515542,5490,6863.75,1
"4441","GCA_946408365.1_SALE-A-10.PacbioHiFiAssembly_genomic","AT1G19220","OX291622.1",6642680,6648122,5442,6813.75,1
"4578","GCA_946408365.1_SALE-A-10.PacbioHiFiAssembly_genomic","AT5G01220","OX291626.1",82647,86222,3575,4468.75,1
"4689","GCA_946408365.1_SALE-A-10.PacbioHiFiAssembly_genomic","AT1G02460","OX291622.1",507919,510738,2819,3507.5,1
"4793","GCA_946408365.1_SALE-A-10.PacbioHiFiAssembly_genomic","AT1G04110","OX291622.1",1066276,1068788,2512,3141.25,1
"4893","GCA_946408365.1_SALE-A-10.PacbioHiFiAssembly_genomic","AT4G01880","OX291625.1",971625,973897,2272,2842.5,1
"4993","GCA_946408365.1_SALE-A-10.PacbioHiFiAssembly_genomic","AT2G24430","OX291623.1",12173776,12176897,3121,3911.25,1
"5080","GCA_946408365.1_SALE-A-10.PacbioHiFiAssembly_genomic","AT5G47870","OX291626.1",24260653,24262162,1509,1877.5,1
"1309","GCA_946408575.1_CAMA-C-9.PacbioHiFiAssembly_genomic","AT2G27810","OX291628.1",13898053,13902323,4270,5322.5,1
"2309","GCA_946408575.1_CAMA-C-9.PacbioHiFiAssembly_genomic","AT5G40530","OX291631.1",19260509,19262376,1867,2313.75,1
"3309","GCA_946408575.1_CAMA-C-9.PacbioHiFiAssembly_genomic","AT3G26115","OX291629.1",9590920,9593149,2229,2787.5,1
"4307","GCA_946408575.1_CAMA-C-9.PacbioHiFiAssembly_genomic","AT1G26750","OX291627.1",9139993,9141410,1417,1772.5,1
"5102","GCA_946408575.1_CAMA-C-9.PacbioHiFiAssembly_genomic","AT4G17540","OX291630.1",14490580,14492587,2007,2493.75,1
"694","GCA_946408575.1_CAMA-C-9.PacbioHiFiAssembly_genomic","AT4G23950","OX291630.1",17103456,17105956,2500,3126.25,1
"794","GCA_946408575.1_CAMA-C-9.PacbioHiFiAssembly_genomic","AT2G38360","OX291628.1",18094486,18095764,1278,1598.75,1
"894","GCA_946408575.1_CAMA-C-9.PacbioHiFiAssembly_genomic","AT3G11090","OX291629.1",3522163,3523089,926,1158.75,1
"994","GCA_946408575.1_CAMA-C-9.PacbioHiFiAssembly_genomic","AT5G24890","OX291631.1",8597003,8598753,1750,2190,1
"1094","GCA_946408575.1_CAMA-C-9.PacbioHiFiAssembly_genomic","AT5G27970","OX291631.1",10030622,10041958,11336,14170,1
"11133","GCA_946408575.1_CAMA-C-9.PacbioHiFiAssembly_genomic","AT1G49590","OX291627.1",21387463,21389452,1989,2487.5,1
"12110","GCA_946408575.1_CAMA-C-9.PacbioHiFiAssembly_genomic","AT5G46910","OX291631.1",22029068,22034111,5043,6301.25,1
"1394","GCA_946408575.1_CAMA-C-9.PacbioHiFiAssembly_genomic","AT1G77300","OX291627.1",32100762,32110286,9524,11916.25,1
"1494","GCA_946408575.1_CAMA-C-9.PacbioHiFiAssembly_genomic","AT2G15560","OX291628.1",8804429,8806750,2321,2937.5,1
"1594","GCA_946408575.1_CAMA-C-9.PacbioHiFiAssembly_genomic","AT3G27310","OX291629.1",10125099,10127240,2141,2693.75,1
"1694","GCA_946408575.1_CAMA-C-9.PacbioHiFiAssembly_genomic","AT5G42950","OX291631.1",20292749,20299858,7109,8893.75,1
"1794","GCA_946408575.1_CAMA-C-9.PacbioHiFiAssembly_genomic","AT5G47380","OX291631.1",22206308,22209686,3378,4223.75,1
"1894","GCA_946408575.1_CAMA-C-9.PacbioHiFiAssembly_genomic","AT3G06035","OX291629.1",1856046,1857451,1405,1757.5,1
"1994","GCA_946408575.1_CAMA-C-9.PacbioHiFiAssembly_genomic","AT2G38310","OX291628.1",18075029,18076467,1438,1798.75,1
"2094","GCA_946408575.1_CAMA-C-9.PacbioHiFiAssembly_genomic","AT1G27460","OX291627.1",9419012,9422175,3163,3908.75,1
"21133","GCA_946408575.1_CAMA-C-9.PacbioHiFiAssembly_genomic","AT2G45320","OX291628.1",20695315,20697396,2081,2602.5,1
"22110","GCA_946408575.1_CAMA-C-9.PacbioHiFiAssembly_genomic","AT1G30480","OX291627.1",10630057,10632726,2669,3380,1
"2394","GCA_946408575.1_CAMA-C-9.PacbioHiFiAssembly_genomic","AT3G13840","OX291629.1",4589261,4591009,1748,2186.25,1
"2494","GCA_946408575.1_CAMA-C-9.PacbioHiFiAssembly_genomic","AT5G38520","OX291631.1",18303649,18305791,2142,2678.75,1
"2594","GCA_946408575.1_CAMA-C-9.PacbioHiFiAssembly_genomic","AT2G22260","OX291628.1",11510490,11513133,2643,3305,1
"2694","GCA_946408575.1_CAMA-C-9.PacbioHiFiAssembly_genomic","AT1G49470","OX291627.1",21343145,21344431,1286,1608.75,1
"2794","GCA_946408575.1_CAMA-C-9.PacbioHiFiAssembly_genomic","AT1G70560","OX291627.1",29636184,29638983,2799,3497.5,1
"2894","GCA_946408575.1_CAMA-C-9.PacbioHiFiAssembly_genomic","AT3G10985","OX291629.1",3489057,3490497,1440,1805,1
"2994","GCA_946408575.1_CAMA-C-9.PacbioHiFiAssembly_genomic","AT4G36390","OX291630.1",21878950,21881622,2672,3343.75,1
"3094","GCA_946408575.1_CAMA-C-9.PacbioHiFiAssembly_genomic","AT4G34270","OX291630.1",21073319,21075778,2459,3075,1
"31133","GCA_946408575.1_CAMA-C-9.PacbioHiFiAssembly_genomic","AT5G50000","OX291631.1",23333781,23336579,2798,3497.5,1
"32110","GCA_946408575.1_CAMA-C-9.PacbioHiFiAssembly_genomic","AT1G30580","OX291627.1",10670808,10674768,3960,4953.75,1
"3393","GCA_946408575.1_CAMA-C-9.PacbioHiFiAssembly_genomic","AT1G20070","OX291627.1",6959686,6960842,1156,1446.25,1
"3493","GCA_946408575.1_CAMA-C-9.PacbioHiFiAssembly_genomic","AT3G25440","OX291629.1",9281668,9283486,1818,2273.75,1
"3594","GCA_946408575.1_CAMA-C-9.PacbioHiFiAssembly_genomic","AT5G43680","OX291631.1",20593309,20595165,1856,2321.25,1
"3694","GCA_946408575.1_CAMA-C-9.PacbioHiFiAssembly_genomic","AT1G67320","OX291627.1",28227069,28230890,3821,4778.75,1
"3794","GCA_946408575.1_CAMA-C-9.PacbioHiFiAssembly_genomic","AT2G44950","OX291628.1",20557475,20563953,6478,8097.5,1
"3894","GCA_946408575.1_CAMA-C-9.PacbioHiFiAssembly_genomic","AT5G24520","OX291631.1",8413915,8416445,2530,3163.75,1
"3994","GCA_946408575.1_CAMA-C-9.PacbioHiFiAssembly_genomic","AT5G56890","OX291631.1",25952249,25957838,5589,6991.25,1
"4094","GCA_946408575.1_CAMA-C-9.PacbioHiFiAssembly_genomic","AT1G24460","OX291627.1",8637566,8644341,6775,8472.5,1
"41131","GCA_946408575.1_CAMA-C-9.PacbioHiFiAssembly_genomic","AT2G28800","OX291628.1",14406170,14409418,3248,4060,1
"42107","GCA_946408575.1_CAMA-C-9.PacbioHiFiAssembly_genomic","AT5G13940","OX291631.1",4538164,4543675,5511,6863.75,1
"4579","GCA_946408575.1_CAMA-C-9.PacbioHiFiAssembly_genomic","AT1G19220","OX291627.1",6630901,6636349,5448,6813.75,1
"4690","GCA_946408575.1_CAMA-C-9.PacbioHiFiAssembly_genomic","AT5G01220","OX291631.1",84067,87643,3576,4468.75,1
"4794","GCA_946408575.1_CAMA-C-9.PacbioHiFiAssembly_genomic","AT1G02460","OX291627.1",507920,510725,2805,3507.5,1
"4894","GCA_946408575.1_CAMA-C-9.PacbioHiFiAssembly_genomic","AT1G04110","OX291627.1",1067362,1069874,2512,3141.25,1
"4994","GCA_946408575.1_CAMA-C-9.PacbioHiFiAssembly_genomic","AT4G01880","OX291630.1",1086776,1089048,2272,2842.5,1
"5081","GCA_946408575.1_CAMA-C-9.PacbioHiFiAssembly_genomic","AT2G24430","OX291628.1",12435519,12438652,3133,3911.25,1
"5158","GCA_946408575.1_CAMA-C-9.PacbioHiFiAssembly_genomic","AT5G47870","OX291631.1",22361799,22363304,1505,1877.5,1
"1395","GCA_946408975.1_BELC-C-12.PacbioHiFiAssembly_genomic","AT2G27810","OX291650.1",15039623,15043895,4272,5322.5,1
"2395","GCA_946408975.1_BELC-C-12.PacbioHiFiAssembly_genomic","AT5G40530","OX291653.1",19485859,19487726,1867,2313.75,1
"3394","GCA_946408975.1_BELC-C-12.PacbioHiFiAssembly_genomic","AT3G26115","OX291651.1",9508913,9511142,2229,2787.5,1
"4308","GCA_946408975.1_BELC-C-12.PacbioHiFiAssembly_genomic","AT1G26750","OX291649.1",9068518,9069934,1416,1772.5,1
"5103","GCA_946408975.1_BELC-C-12.PacbioHiFiAssembly_genomic","AT4G17540","OX291652.1",15358811,15360805,1994,2493.75,1
"695","GCA_946408975.1_BELC-C-12.PacbioHiFiAssembly_genomic","AT4G23950","OX291652.1",17975603,17978103,2500,3126.25,1
"795","GCA_946408975.1_BELC-C-12.PacbioHiFiAssembly_genomic","AT2G38360","OX291650.1",19287983,19289262,1279,1598.75,1
"895","GCA_946408975.1_BELC-C-12.PacbioHiFiAssembly_genomic","AT3G11090","OX291651.1",3519008,3519933,925,1158.75,1
"995","GCA_946408975.1_BELC-C-12.PacbioHiFiAssembly_genomic","AT5G24890","OX291653.1",8619418,8621168,1750,2190,1
"1095","GCA_946408975.1_BELC-C-12.PacbioHiFiAssembly_genomic","AT5G27970","OX291653.1",10079513,10090851,11338,14170,1
"11134","GCA_946408975.1_BELC-C-12.PacbioHiFiAssembly_genomic","AT1G49590","OX291649.1",19813033,19815022,1989,2487.5,1
"12111","GCA_946408975.1_BELC-C-12.PacbioHiFiAssembly_genomic","AT5G46910","OX291653.1",22289227,22294264,5037,6301.25,1
"1396","GCA_946408975.1_BELC-C-12.PacbioHiFiAssembly_genomic","AT1G77300","OX291649.1",30554377,30563839,9462,11916.25,1
"1495","GCA_946408975.1_BELC-C-12.PacbioHiFiAssembly_genomic","AT2G15560","OX291650.1",9917817,9920138,2321,2937.5,1
"1595","GCA_946408975.1_BELC-C-12.PacbioHiFiAssembly_genomic","AT3G27310","OX291651.1",10070212,10072366,2154,2693.75,1
"1695","GCA_946408975.1_BELC-C-12.PacbioHiFiAssembly_genomic","AT5G42950","OX291653.1",20498281,20505397,7116,8893.75,1
"1795","GCA_946408975.1_BELC-C-12.PacbioHiFiAssembly_genomic","AT5G47380","OX291653.1",22466897,22470275,3378,4223.75,1
"1895","GCA_946408975.1_BELC-C-12.PacbioHiFiAssembly_genomic","AT3G06035","OX291651.1",1839660,1841066,1406,1757.5,1
"1995","GCA_946408975.1_BELC-C-12.PacbioHiFiAssembly_genomic","AT2G38310","OX291650.1",19268532,19269970,1438,1798.75,1
"2095","GCA_946408975.1_BELC-C-12.PacbioHiFiAssembly_genomic","AT1G27460","OX291649.1",9348541,9351666,3125,3908.75,1
"21134","GCA_946408975.1_BELC-C-12.PacbioHiFiAssembly_genomic","AT2G45320","OX291650.1",21891806,21893886,2080,2602.5,1
"22111","GCA_946408975.1_BELC-C-12.PacbioHiFiAssembly_genomic","AT1G30480","OX291649.1",10603546,10606145,2599,3380,1
"2396","GCA_946408975.1_BELC-C-12.PacbioHiFiAssembly_genomic","AT3G13840","OX291651.1",4574879,4576627,1748,2186.25,1
"2495","GCA_946408975.1_BELC-C-12.PacbioHiFiAssembly_genomic","AT5G38520","OX291653.1",18668653,18670793,2140,2678.75,1
"2595","GCA_946408975.1_BELC-C-12.PacbioHiFiAssembly_genomic","AT2G22260","OX291650.1",12625038,12627681,2643,3305,1
"2695","GCA_946408975.1_BELC-C-12.PacbioHiFiAssembly_genomic","AT1G49470","OX291649.1",19764815,19766101,1286,1608.75,1
"2795","GCA_946408975.1_BELC-C-12.PacbioHiFiAssembly_genomic","AT1G70560","OX291649.1",28126804,28129599,2795,3497.5,1
"2895","GCA_946408975.1_BELC-C-12.PacbioHiFiAssembly_genomic","AT3G10985","OX291651.1",3481793,3483179,1386,1805,1
"2995","GCA_946408975.1_BELC-C-12.PacbioHiFiAssembly_genomic","AT4G36390","OX291652.1",22858655,22861329,2674,3343.75,1
"3095","GCA_946408975.1_BELC-C-12.PacbioHiFiAssembly_genomic","AT4G34270","OX291652.1",22053165,22055610,2445,3075,1
"31134","GCA_946408975.1_BELC-C-12.PacbioHiFiAssembly_genomic","AT5G50000","OX291653.1",23589487,23592283,2796,3497.5,1
"32111","GCA_946408975.1_BELC-C-12.PacbioHiFiAssembly_genomic","AT1G30580","OX291649.1",10644206,10648163,3957,4953.75,1
"3395","GCA_946408975.1_BELC-C-12.PacbioHiFiAssembly_genomic","AT1G20070","OX291649.1",6902837,6903993,1156,1446.25,1
"3494","GCA_946408975.1_BELC-C-12.PacbioHiFiAssembly_genomic","AT3G25440","OX291651.1",9198805,9200622,1817,2273.75,1
"3595","GCA_946408975.1_BELC-C-12.PacbioHiFiAssembly_genomic","AT5G43680","OX291653.1",20815458,20817302,1844,2321.25,1
"3695","GCA_946408975.1_BELC-C-12.PacbioHiFiAssembly_genomic","AT1G67320","OX291649.1",26705484,26709306,3822,4778.75,1
"3795","GCA_946408975.1_BELC-C-12.PacbioHiFiAssembly_genomic","AT2G44950","OX291650.1",21752990,21759467,6477,8097.5,1
"3895","GCA_946408975.1_BELC-C-12.PacbioHiFiAssembly_genomic","AT5G24520","OX291653.1",8428831,8431361,2530,3163.75,1
"3995","GCA_946408975.1_BELC-C-12.PacbioHiFiAssembly_genomic","AT5G56890","OX291653.1",26240446,26246038,5592,6991.25,1
"4095","GCA_946408975.1_BELC-C-12.PacbioHiFiAssembly_genomic","AT1G24460","OX291649.1",8575887,8582662,6775,8472.5,1
"41132","GCA_946408975.1_BELC-C-12.PacbioHiFiAssembly_genomic","AT2G28800","OX291650.1",15548431,15551678,3247,4060,1
"42108","GCA_946408975.1_BELC-C-12.PacbioHiFiAssembly_genomic","AT5G13940","OX291653.1",4532664,4538175,5511,6863.75,1
"4580","GCA_946408975.1_BELC-C-12.PacbioHiFiAssembly_genomic","AT1G19220","OX291649.1",6586751,6592196,5445,6813.75,1
"4691","GCA_946408975.1_BELC-C-12.PacbioHiFiAssembly_genomic","AT5G01220","OX291653.1",86820,90396,3576,4468.75,1
"4795","GCA_946408975.1_BELC-C-12.PacbioHiFiAssembly_genomic","AT1G02460","OX291649.1",506352,509148,2796,3507.5,1
"4895","GCA_946408975.1_BELC-C-12.PacbioHiFiAssembly_genomic","AT1G04110","OX291649.1",1065397,1067909,2512,3141.25,1
"4995","GCA_946408975.1_BELC-C-12.PacbioHiFiAssembly_genomic","AT4G01880","OX291652.1",1547805,1550083,2278,2842.5,1
"5082","GCA_946408975.1_BELC-C-12.PacbioHiFiAssembly_genomic","AT2G24430","OX291650.1",13562812,13565931,3119,3911.25,1
"5159","GCA_946408975.1_BELC-C-12.PacbioHiFiAssembly_genomic","AT5G47870","OX291653.1",22629960,22631461,1501,1877.5,1
"1397","GCA_946409395.1_BROU-A-10.PacbioHiFiAssembly_genomic","AT2G27810","OX291659.1",15292521,15296791,4270,5322.5,1
"2397","GCA_946409395.1_BROU-A-10.PacbioHiFiAssembly_genomic","AT5G40530","OX291658.1",18128117,18129984,1867,2313.75,1
"3396","GCA_946409395.1_BROU-A-10.PacbioHiFiAssembly_genomic","AT3G26115","OX291656.1",9666392,9668621,2229,2787.5,1
"4309","GCA_946409395.1_BROU-A-10.PacbioHiFiAssembly_genomic","AT1G26750","OX291655.1",9110344,9111761,1417,1772.5,1
"5104","GCA_946409395.1_BROU-A-10.PacbioHiFiAssembly_genomic","AT4G17540","OX291657.1",12776169,12778163,1994,2493.75,1
"696","GCA_946409395.1_BROU-A-10.PacbioHiFiAssembly_genomic","AT4G23950","OX291657.1",15384441,15386941,2500,3126.25,1
"796","GCA_946409395.1_BROU-A-10.PacbioHiFiAssembly_genomic","AT2G38360","OX291659.1",19512745,19514023,1278,1598.75,1
"896","GCA_946409395.1_BROU-A-10.PacbioHiFiAssembly_genomic","AT3G11090","OX291656.1",3630542,3631468,926,1158.75,1
"996","GCA_946409395.1_BROU-A-10.PacbioHiFiAssembly_genomic","AT5G24890","OX291658.1",8632642,8634392,1750,2190,1
"1096","GCA_946409395.1_BROU-A-10.PacbioHiFiAssembly_genomic","AT5G27970","OX291658.1",10034459,10045797,11338,14170,1
"11135","GCA_946409395.1_BROU-A-10.PacbioHiFiAssembly_genomic","AT1G49590","OX291655.1",21269334,21271323,1989,2487.5,1
"12112","GCA_946409395.1_BROU-A-10.PacbioHiFiAssembly_genomic","AT5G46910","OX291658.1",20902056,20907094,5038,6301.25,1
"1398","GCA_946409395.1_BROU-A-10.PacbioHiFiAssembly_genomic","AT1G77300","OX291655.1",32085000,32094524,9524,11916.25,1
"1496","GCA_946409395.1_BROU-A-10.PacbioHiFiAssembly_genomic","AT2G15560","OX291659.1",10219604,10221925,2321,2937.5,1
"1596","GCA_946409395.1_BROU-A-10.PacbioHiFiAssembly_genomic","AT3G27310","OX291656.1",10228557,10230711,2154,2693.75,1
"1696","GCA_946409395.1_BROU-A-10.PacbioHiFiAssembly_genomic","AT5G42950","OX291658.1",19119725,19127183,7458,8893.75,1
"1796","GCA_946409395.1_BROU-A-10.PacbioHiFiAssembly_genomic","AT5G47380","OX291658.1",21075177,21078555,3378,4223.75,1
"1896","GCA_946409395.1_BROU-A-10.PacbioHiFiAssembly_genomic","AT3G06035","OX291656.1",1983844,1985250,1406,1757.5,1
"1996","GCA_946409395.1_BROU-A-10.PacbioHiFiAssembly_genomic","AT2G38310","OX291659.1",19493304,19494742,1438,1798.75,1
"2096","GCA_946409395.1_BROU-A-10.PacbioHiFiAssembly_genomic","AT1G27460","OX291655.1",9396952,9400078,3126,3908.75,1
"21135","GCA_946409395.1_BROU-A-10.PacbioHiFiAssembly_genomic","AT2G45320","OX291659.1",22122491,22124572,2081,2602.5,1
"22112","GCA_946409395.1_BROU-A-10.PacbioHiFiAssembly_genomic","AT1G30480","OX291655.1",10664758,10667357,2599,3380,1
"2398","GCA_946409395.1_BROU-A-10.PacbioHiFiAssembly_genomic","AT3G13840","OX291656.1",4699307,4701055,1748,2186.25,1
"2496","GCA_946409395.1_BROU-A-10.PacbioHiFiAssembly_genomic","AT5G38520","OX291658.1",17324608,17326750,2142,2678.75,1
"2596","GCA_946409395.1_BROU-A-10.PacbioHiFiAssembly_genomic","AT2G22260","OX291659.1",12884012,12886655,2643,3305,1
"2696","GCA_946409395.1_BROU-A-10.PacbioHiFiAssembly_genomic","AT1G49470","OX291655.1",21225049,21226335,1286,1608.75,1
"2796","GCA_946409395.1_BROU-A-10.PacbioHiFiAssembly_genomic","AT1G70560","OX291655.1",29516778,29519577,2799,3497.5,1
"2896","GCA_946409395.1_BROU-A-10.PacbioHiFiAssembly_genomic","AT3G10985","OX291656.1",3597489,3598930,1441,1805,1
"2996","GCA_946409395.1_BROU-A-10.PacbioHiFiAssembly_genomic","AT4G36390","OX291657.1",20189257,20191929,2672,3343.75,1
"3096","GCA_946409395.1_BROU-A-10.PacbioHiFiAssembly_genomic","AT4G34270","OX291657.1",19381254,19383713,2459,3075,1
"31135","GCA_946409395.1_BROU-A-10.PacbioHiFiAssembly_genomic","AT5G50000","OX291658.1",22192263,22195063,2800,3497.5,1
"32112","GCA_946409395.1_BROU-A-10.PacbioHiFiAssembly_genomic","AT1G30580","OX291655.1",10705414,10709371,3957,4953.75,1
"3397","GCA_946409395.1_BROU-A-10.PacbioHiFiAssembly_genomic","AT1G20070","OX291655.1",6935532,6936688,1156,1446.25,1
"3495","GCA_946409395.1_BROU-A-10.PacbioHiFiAssembly_genomic","AT3G25440","OX291656.1",9353570,9355387,1817,2273.75,1
"3596","GCA_946409395.1_BROU-A-10.PacbioHiFiAssembly_genomic","AT5G43680","OX291658.1",19423255,19425100,1845,2321.25,1
"3696","GCA_946409395.1_BROU-A-10.PacbioHiFiAssembly_genomic","AT1G67320","OX291655.1",28103284,28107103,3819,4778.75,1
"3796","GCA_946409395.1_BROU-A-10.PacbioHiFiAssembly_genomic","AT2G44950","OX291659.1",21984578,21991055,6477,8097.5,1
"3896","GCA_946409395.1_BROU-A-10.PacbioHiFiAssembly_genomic","AT5G24520","OX291658.1",8447626,8450156,2530,3163.75,1
"3996","GCA_946409395.1_BROU-A-10.PacbioHiFiAssembly_genomic","AT5G56890","OX291658.1",24859634,24865224,5590,6991.25,1
"4096","GCA_946409395.1_BROU-A-10.PacbioHiFiAssembly_genomic","AT1G24460","OX291655.1",8613823,8620599,6776,8472.5,1
"41133","GCA_946409395.1_BROU-A-10.PacbioHiFiAssembly_genomic","AT2G28800","OX291659.1",15798383,15801630,3247,4060,1
"42109","GCA_946409395.1_BROU-A-10.PacbioHiFiAssembly_genomic","AT5G13940","OX291658.1",4486245,4491735,5490,6863.75,1
"4692","GCA_946409395.1_BROU-A-10.PacbioHiFiAssembly_genomic","AT1G19220","OX291655.1",6611429,6616871,5442,6813.75,1
"4796","GCA_946409395.1_BROU-A-10.PacbioHiFiAssembly_genomic","AT5G01220","OX291658.1",83464,87036,3572,4468.75,1
"4896","GCA_946409395.1_BROU-A-10.PacbioHiFiAssembly_genomic","AT1G02460","OX291655.1",507242,510028,2786,3507.5,1
"4996","GCA_946409395.1_BROU-A-10.PacbioHiFiAssembly_genomic","AT1G04110","OX291655.1",1066555,1069067,2512,3141.25,1
"5083","GCA_946409395.1_BROU-A-10.PacbioHiFiAssembly_genomic","AT4G01880","OX291657.1",932333,934605,2272,2842.5,1
"5160","GCA_946409395.1_BROU-A-10.PacbioHiFiAssembly_genomic","AT2G24430","OX291659.1",13826859,13829978,3119,3911.25,1
"5223","GCA_946409395.1_BROU-A-10.PacbioHiFiAssembly_genomic","AT5G47870","OX291658.1",21234045,21235550,1505,1877.5,1
"1399","GCA_946409815.1_SALE-A-17.PacbioHiFiAssembly_genomic","AT2G27810","OX291672.1",14219051,14223313,4262,5322.5,1
"2399","GCA_946409815.1_SALE-A-17.PacbioHiFiAssembly_genomic","AT5G40530","OX291675.1",19318078,19319945,1867,2313.75,1
"3398","GCA_946409815.1_SALE-A-17.PacbioHiFiAssembly_genomic","AT3G26115","OX291673.1",9617605,9619834,2229,2787.5,1
"4337","GCA_946409815.1_SALE-A-17.PacbioHiFiAssembly_genomic","AT1G26750","OX291671.1",9136416,9137833,1417,1772.5,1
"5105","GCA_946409815.1_SALE-A-17.PacbioHiFiAssembly_genomic","AT4G17540","OX291674.1",12772203,12774197,1994,2493.75,1
"697","GCA_946409815.1_SALE-A-17.PacbioHiFiAssembly_genomic","AT4G23950","OX291674.1",15481829,15484329,2500,3126.25,1
"797","GCA_946409815.1_SALE-A-17.PacbioHiFiAssembly_genomic","AT2G38360","OX291672.1",18428939,18430217,1278,1598.75,1
"897","GCA_946409815.1_SALE-A-17.PacbioHiFiAssembly_genomic","AT3G11090","OX291673.1",3509098,3510024,926,1158.75,1
"997","GCA_946409815.1_SALE-A-17.PacbioHiFiAssembly_genomic","AT5G24890","OX291675.1",8581216,8582964,1748,2190,1
"1097","GCA_946409815.1_SALE-A-17.PacbioHiFiAssembly_genomic","AT5G27970","OX291675.1",9961977,9973313,11336,14170,1
"11136","GCA_946409815.1_SALE-A-17.PacbioHiFiAssembly_genomic","AT1G49590","OX291671.1",22014442,22016431,1989,2487.5,1
"12113","GCA_946409815.1_SALE-A-17.PacbioHiFiAssembly_genomic","AT5G46910","OX291675.1",22103237,22108276,5039,6301.25,1
"13100","GCA_946409815.1_SALE-A-17.PacbioHiFiAssembly_genomic","AT1G77300","OX291671.1",32695515,32705039,9524,11916.25,1
"1497","GCA_946409815.1_SALE-A-17.PacbioHiFiAssembly_genomic","AT2G15560","OX291672.1",9152346,9154694,2348,2937.5,1
"1597","GCA_946409815.1_SALE-A-17.PacbioHiFiAssembly_genomic","AT3G27310","OX291673.1",10171550,10173704,2154,2693.75,1
"1697","GCA_946409815.1_SALE-A-17.PacbioHiFiAssembly_genomic","AT5G42950","OX291675.1",20334778,20341884,7106,8893.75,1
"1797","GCA_946409815.1_SALE-A-17.PacbioHiFiAssembly_genomic","AT5G47380","OX291675.1",22274026,22277404,3378,4223.75,1
"1897","GCA_946409815.1_SALE-A-17.PacbioHiFiAssembly_genomic","AT3G06035","OX291673.1",1837852,1839257,1405,1757.5,1
"1997","GCA_946409815.1_SALE-A-17.PacbioHiFiAssembly_genomic","AT2G38310","OX291672.1",18409481,18410919,1438,1798.75,1
"2097","GCA_946409815.1_SALE-A-17.PacbioHiFiAssembly_genomic","AT1G27460","OX291671.1",9419728,9422905,3177,3908.75,1
"21136","GCA_946409815.1_SALE-A-17.PacbioHiFiAssembly_genomic","AT2G45320","OX291672.1",21032973,21035054,2081,2602.5,1
"22113","GCA_946409815.1_SALE-A-17.PacbioHiFiAssembly_genomic","AT1G30480","OX291671.1",10643978,10646679,2701,3380,1
"23100","GCA_946409815.1_SALE-A-17.PacbioHiFiAssembly_genomic","AT3G13840","OX291673.1",4578570,4580318,1748,2186.25,1
"2497","GCA_946409815.1_SALE-A-17.PacbioHiFiAssembly_genomic","AT5G38520","OX291675.1",18495321,18497458,2137,2678.75,1
"2597","GCA_946409815.1_SALE-A-17.PacbioHiFiAssembly_genomic","AT2G22260","OX291672.1",11854901,11857544,2643,3305,1
"2697","GCA_946409815.1_SALE-A-17.PacbioHiFiAssembly_genomic","AT1G49470","OX291671.1",21972601,21973888,1287,1608.75,1
"2797","GCA_946409815.1_SALE-A-17.PacbioHiFiAssembly_genomic","AT3G10985","OX291673.1",3476490,3477930,1440,1805,1
"2897","GCA_946409815.1_SALE-A-17.PacbioHiFiAssembly_genomic","AT4G36390","OX291674.1",20252712,20255384,2672,3343.75,1
"2997","GCA_946409815.1_SALE-A-17.PacbioHiFiAssembly_genomic","AT4G34270","OX291674.1",19464603,19467063,2460,3075,1
"3097","GCA_946409815.1_SALE-A-17.PacbioHiFiAssembly_genomic","AT5G50000","OX291675.1",23374860,23377656,2796,3497.5,1
"31136","GCA_946409815.1_SALE-A-17.PacbioHiFiAssembly_genomic","AT1G30580","OX291671.1",10685696,10689644,3948,4953.75,1
"32113","GCA_946409815.1_SALE-A-17.PacbioHiFiAssembly_genomic","AT1G20070","OX291671.1",6946327,6947483,1156,1446.25,1
"3399","GCA_946409815.1_SALE-A-17.PacbioHiFiAssembly_genomic","AT3G25440","OX291673.1",9306628,9308446,1818,2273.75,1
"3496","GCA_946409815.1_SALE-A-17.PacbioHiFiAssembly_genomic","AT5G43680","OX291675.1",20648816,20650463,1647,2321.25,1
"3597","GCA_946409815.1_SALE-A-17.PacbioHiFiAssembly_genomic","AT1G67320","OX291671.1",28831313,28835135,3822,4778.75,1
"3697","GCA_946409815.1_SALE-A-17.PacbioHiFiAssembly_genomic","AT2G44950","OX291672.1",20896082,20902561,6479,8097.5,1
"3797","GCA_946409815.1_SALE-A-17.PacbioHiFiAssembly_genomic","AT5G24520","OX291675.1",8394827,8397357,2530,3163.75,1
"3897","GCA_946409815.1_SALE-A-17.PacbioHiFiAssembly_genomic","AT5G56890","OX291675.1",26042214,26047805,5591,6991.25,1
"3997","GCA_946409815.1_SALE-A-17.PacbioHiFiAssembly_genomic","AT1G24460","OX291671.1",8638903,8645678,6775,8472.5,1
"4097","GCA_946409815.1_SALE-A-17.PacbioHiFiAssembly_genomic","AT2G28800","OX291672.1",14725755,14729002,3247,4060,1
"41134","GCA_946409815.1_SALE-A-17.PacbioHiFiAssembly_genomic","AT5G13940","OX291675.1",4510711,4516201,5490,6863.75,1
"4442","GCA_946409815.1_SALE-A-17.PacbioHiFiAssembly_genomic","AT1G19220","OX291671.1",6622341,6627783,5442,6813.75,1
"4581","GCA_946409815.1_SALE-A-17.PacbioHiFiAssembly_genomic","AT5G01220","OX291675.1",83235,86810,3575,4468.75,1
"4693","GCA_946409815.1_SALE-A-17.PacbioHiFiAssembly_genomic","AT1G02460","OX291671.1",508091,510910,2819,3507.5,1
"4797","GCA_946409815.1_SALE-A-17.PacbioHiFiAssembly_genomic","AT1G04110","OX291671.1",1066448,1068960,2512,3141.25,1
"4897","GCA_946409815.1_SALE-A-17.PacbioHiFiAssembly_genomic","AT4G01880","OX291674.1",945433,947705,2272,2842.5,1
"4997","GCA_946409815.1_SALE-A-17.PacbioHiFiAssembly_genomic","AT2G24430","OX291672.1",12790903,12794024,3121,3911.25,1
"5084","GCA_946409815.1_SALE-A-17.PacbioHiFiAssembly_genomic","AT5G47870","OX291675.1",22431645,22433154,1509,1877.5,1
"1400","GCA_946410165.1_BARC-A-12.PacbioHiFiAssembly_genomic","AT2G27810","OX291678.1",14306212,14310484,4272,5322.5,1
"2400","GCA_946410165.1_BARC-A-12.PacbioHiFiAssembly_genomic","AT5G40530","OX291681.1",19533587,19535454,1867,2313.75,1
"3400","GCA_946410165.1_BARC-A-12.PacbioHiFiAssembly_genomic","AT3G26115","OX291679.1",9562430,9564633,2203,2787.5,1
"4338","GCA_946410165.1_BARC-A-12.PacbioHiFiAssembly_genomic","AT1G26750","OX291677.1",9137291,9138708,1417,1772.5,1
"5106","GCA_946410165.1_BARC-A-12.PacbioHiFiAssembly_genomic","AT4G17540","OX291680.1",14668167,14670161,1994,2493.75,1
"698","GCA_946410165.1_BARC-A-12.PacbioHiFiAssembly_genomic","AT4G23950","OX291680.1",17201554,17204054,2500,3126.25,1
"798","GCA_946410165.1_BARC-A-12.PacbioHiFiAssembly_genomic","AT2G38360","OX291678.1",18552873,18554151,1278,1598.75,1
"898","GCA_946410165.1_BARC-A-12.PacbioHiFiAssembly_genomic","AT3G11090","OX291679.1",3524879,3525805,926,1158.75,1
"998","GCA_946410165.1_BARC-A-12.PacbioHiFiAssembly_genomic","AT5G24890","OX291681.1",8581498,8583247,1749,2190,1
"1098","GCA_946410165.1_BARC-A-12.PacbioHiFiAssembly_genomic","AT5G27970","OX291681.1",9963111,9974446,11335,14170,1
"11137","GCA_946410165.1_BARC-A-12.PacbioHiFiAssembly_genomic","AT1G49590","OX291677.1",22813867,22815856,1989,2487.5,1
"12114","GCA_946410165.1_BARC-A-12.PacbioHiFiAssembly_genomic","AT5G46910","OX291681.1",22290186,22295225,5039,6301.25,1
"13101","GCA_946410165.1_BARC-A-12.PacbioHiFiAssembly_genomic","AT1G77300","OX291677.1",33535635,33545155,9520,11916.25,1
"1498","GCA_946410165.1_BARC-A-12.PacbioHiFiAssembly_genomic","AT2G15560","OX291678.1",9231171,9233492,2321,2937.5,1
"1598","GCA_946410165.1_BARC-A-12.PacbioHiFiAssembly_genomic","AT3G27310","OX291679.1",10103257,10105411,2154,2693.75,1
"1698","GCA_946410165.1_BARC-A-12.PacbioHiFiAssembly_genomic","AT5G42950","OX291681.1",20534793,20541901,7108,8893.75,1
"1798","GCA_946410165.1_BARC-A-12.PacbioHiFiAssembly_genomic","AT5G47380","OX291681.1",22464284,22467662,3378,4223.75,1
"1898","GCA_946410165.1_BARC-A-12.PacbioHiFiAssembly_genomic","AT3G06035","OX291679.1",1835521,1836926,1405,1757.5,1
"1998","GCA_946410165.1_BARC-A-12.PacbioHiFiAssembly_genomic","AT2G38310","OX291678.1",18533416,18534854,1438,1798.75,1
"2098","GCA_946410165.1_BARC-A-12.PacbioHiFiAssembly_genomic","AT1G27460","OX291677.1",9417289,9420415,3126,3908.75,1
"21137","GCA_946410165.1_BARC-A-12.PacbioHiFiAssembly_genomic","AT2G45320","OX291678.1",21162846,21164926,2080,2602.5,1
"22114","GCA_946410165.1_BARC-A-12.PacbioHiFiAssembly_genomic","AT1G30480","OX291677.1",10667804,10670403,2599,3380,1
"23101","GCA_946410165.1_BARC-A-12.PacbioHiFiAssembly_genomic","AT3G13840","OX291679.1",4582021,4583769,1748,2186.25,1
"2498","GCA_946410165.1_BARC-A-12.PacbioHiFiAssembly_genomic","AT5G38520","OX291681.1",18729293,18731431,2138,2678.75,1
"2598","GCA_946410165.1_BARC-A-12.PacbioHiFiAssembly_genomic","AT2G22260","OX291678.1",11915573,11918216,2643,3305,1
"2698","GCA_946410165.1_BARC-A-12.PacbioHiFiAssembly_genomic","AT1G49470","OX291677.1",22769561,22770847,1286,1608.75,1
"2798","GCA_946410165.1_BARC-A-12.PacbioHiFiAssembly_genomic","AT1G70560","OX291677.1",31094491,31097290,2799,3497.5,1
"2898","GCA_946410165.1_BARC-A-12.PacbioHiFiAssembly_genomic","AT3G10985","OX291679.1",3491821,3493260,1439,1805,1
"2998","GCA_946410165.1_BARC-A-12.PacbioHiFiAssembly_genomic","AT4G36390","OX291680.1",22125198,22127872,2674,3343.75,1
"3098","GCA_946410165.1_BARC-A-12.PacbioHiFiAssembly_genomic","AT4G34270","OX291680.1",21322668,21325113,2445,3075,1
"31137","GCA_946410165.1_BARC-A-12.PacbioHiFiAssembly_genomic","AT5G50000","OX291681.1",23592221,23595018,2797,3497.5,1
"32114","GCA_946410165.1_BARC-A-12.PacbioHiFiAssembly_genomic","AT1G30580","OX291677.1",10708464,10712421,3957,4953.75,1
"33100","GCA_946410165.1_BARC-A-12.PacbioHiFiAssembly_genomic","AT1G20070","OX291677.1",6950890,6952046,1156,1446.25,1
"3497","GCA_946410165.1_BARC-A-12.PacbioHiFiAssembly_genomic","AT3G25440","OX291679.1",9254382,9256198,1816,2273.75,1
"3598","GCA_946410165.1_BARC-A-12.PacbioHiFiAssembly_genomic","AT5G43680","OX291681.1",20839309,20840976,1667,2321.25,1
"3698","GCA_946410165.1_BARC-A-12.PacbioHiFiAssembly_genomic","AT1G67320","OX291677.1",29653799,29657621,3822,4778.75,1
"3798","GCA_946410165.1_BARC-A-12.PacbioHiFiAssembly_genomic","AT2G44950","OX291678.1",21024692,21031169,6477,8097.5,1
"3898","GCA_946410165.1_BARC-A-12.PacbioHiFiAssembly_genomic","AT5G24520","OX291681.1",8394204,8396734,2530,3163.75,1
"3998","GCA_946410165.1_BARC-A-12.PacbioHiFiAssembly_genomic","AT5G56890","OX291681.1",26226477,26232058,5581,6991.25,1
"4098","GCA_946410165.1_BARC-A-12.PacbioHiFiAssembly_genomic","AT1G24460","OX291677.1",8631219,8637994,6775,8472.5,1
"41135","GCA_946410165.1_BARC-A-12.PacbioHiFiAssembly_genomic","AT2G28800","OX291678.1",14812217,14815463,3246,4060,1
"42110","GCA_946410165.1_BARC-A-12.PacbioHiFiAssembly_genomic","AT5G13940","OX291681.1",4500494,4505984,5490,6863.75,1
"4582","GCA_946410165.1_BARC-A-12.PacbioHiFiAssembly_genomic","AT1G19220","OX291677.1",6619376,6624821,5445,6813.75,1
"4694","GCA_946410165.1_BARC-A-12.PacbioHiFiAssembly_genomic","AT5G01220","OX291681.1",89043,92617,3574,4468.75,1
"4798","GCA_946410165.1_BARC-A-12.PacbioHiFiAssembly_genomic","AT1G02460","OX291677.1",505106,507915,2809,3507.5,1
"4898","GCA_946410165.1_BARC-A-12.PacbioHiFiAssembly_genomic","AT1G04110","OX291677.1",1069510,1072022,2512,3141.25,1
"4998","GCA_946410165.1_BARC-A-12.PacbioHiFiAssembly_genomic","AT4G01880","OX291680.1",1194134,1196406,2272,2842.5,1
"5085","GCA_946410165.1_BARC-A-12.PacbioHiFiAssembly_genomic","AT2G24430","OX291678.1",12840089,12843201,3112,3911.25,1
"5161","GCA_946410165.1_BARC-A-12.PacbioHiFiAssembly_genomic","AT5G47870","OX291681.1",22622481,22623986,1505,1877.5,1
"1401","GCA_946410485.1_IP-Alo-19.PacbioHiFiAssembly_genomic","AT2G27810","OX291683.1",15153682,15157936,4254,5322.5,1
"2401","GCA_946410485.1_IP-Alo-19.PacbioHiFiAssembly_genomic","AT5G40530","OX291686.1",20504505,20506372,1867,2313.75,1
"3401","GCA_946410485.1_IP-Alo-19.PacbioHiFiAssembly_genomic","AT3G26115","OX291684.1",9643290,9645492,2202,2787.5,1
"4339","GCA_946410485.1_IP-Alo-19.PacbioHiFiAssembly_genomic","AT1G26750","OX291682.1",9176715,9178144,1429,1772.5,1
"5107","GCA_946410485.1_IP-Alo-19.PacbioHiFiAssembly_genomic","AT4G17540","OX291685.1",14403159,14405153,1994,2493.75,1
"699","GCA_946410485.1_IP-Alo-19.PacbioHiFiAssembly_genomic","AT4G23950","OX291685.1",17122504,17125004,2500,3126.25,1
"799","GCA_946410485.1_IP-Alo-19.PacbioHiFiAssembly_genomic","AT2G38360","OX291683.1",19406405,19407683,1278,1598.75,1
"899","GCA_946410485.1_IP-Alo-19.PacbioHiFiAssembly_genomic","AT3G11090","OX291684.1",3626290,3627216,926,1158.75,1
"999","GCA_946410485.1_IP-Alo-19.PacbioHiFiAssembly_genomic","AT5G24890","OX291686.1",8671394,8673150,1756,2190,1
"1099","GCA_946410485.1_IP-Alo-19.PacbioHiFiAssembly_genomic","AT5G27970","OX291686.1",10138474,10149813,11339,14170,1
"11138","GCA_946410485.1_IP-Alo-19.PacbioHiFiAssembly_genomic","AT1G49590","OX291682.1",20554644,20556633,1989,2487.5,1
"12115","GCA_946410485.1_IP-Alo-19.PacbioHiFiAssembly_genomic","AT5G46910","OX291686.1",23292992,23298031,5039,6301.25,1
"13102","GCA_946410485.1_IP-Alo-19.PacbioHiFiAssembly_genomic","AT1G77300","OX291682.1",31299124,31308641,9517,11916.25,1
"1499","GCA_946410485.1_IP-Alo-19.PacbioHiFiAssembly_genomic","AT2G15560","OX291683.1",10051020,10053368,2348,2937.5,1
"1599","GCA_946410485.1_IP-Alo-19.PacbioHiFiAssembly_genomic","AT3G27310","OX291684.1",10174408,10176563,2155,2693.75,1
"1699","GCA_946410485.1_IP-Alo-19.PacbioHiFiAssembly_genomic","AT5G42950","OX291686.1",21510766,21517882,7116,8893.75,1
"1799","GCA_946410485.1_IP-Alo-19.PacbioHiFiAssembly_genomic","AT5G47380","OX291686.1",23469977,23473350,3373,4223.75,1
"1899","GCA_946410485.1_IP-Alo-19.PacbioHiFiAssembly_genomic","AT3G06035","OX291684.1",1879286,1880691,1405,1757.5,1
"1999","GCA_946410485.1_IP-Alo-19.PacbioHiFiAssembly_genomic","AT2G38310","OX291683.1",19382217,19383655,1438,1798.75,1
"2099","GCA_946410485.1_IP-Alo-19.PacbioHiFiAssembly_genomic","AT1G27460","OX291682.1",9484503,9487665,3162,3908.75,1
"21138","GCA_946410485.1_IP-Alo-19.PacbioHiFiAssembly_genomic","AT2G45320","OX291683.1",22025117,22027198,2081,2602.5,1
"22115","GCA_946410485.1_IP-Alo-19.PacbioHiFiAssembly_genomic","AT1G30480","OX291682.1",10767551,10770247,2696,3380,1
"23102","GCA_946410485.1_IP-Alo-19.PacbioHiFiAssembly_genomic","AT3G13840","OX291684.1",4697823,4699571,1748,2186.25,1
"2499","GCA_946410485.1_IP-Alo-19.PacbioHiFiAssembly_genomic","AT5G38520","OX291686.1",19684884,19687026,2142,2678.75,1
"2599","GCA_946410485.1_IP-Alo-19.PacbioHiFiAssembly_genomic","AT2G22260","OX291683.1",12726816,12729545,2729,3305,1
"2699","GCA_946410485.1_IP-Alo-19.PacbioHiFiAssembly_genomic","AT1G49470","OX291682.1",20512797,20514083,1286,1608.75,1
"2799","GCA_946410485.1_IP-Alo-19.PacbioHiFiAssembly_genomic","AT1G70560","OX291682.1",28859944,28862744,2800,3497.5,1
"2899","GCA_946410485.1_IP-Alo-19.PacbioHiFiAssembly_genomic","AT3G10985","OX291684.1",3593893,3595280,1387,1805,1
"2999","GCA_946410485.1_IP-Alo-19.PacbioHiFiAssembly_genomic","AT4G36390","OX291685.1",21921284,21923973,2689,3343.75,1
"3099","GCA_946410485.1_IP-Alo-19.PacbioHiFiAssembly_genomic","AT4G34270","OX291685.1",21134472,21136917,2445,3075,1
"31138","GCA_946410485.1_IP-Alo-19.PacbioHiFiAssembly_genomic","AT5G50000","OX291686.1",24573482,24576277,2795,3497.5,1
"32115","GCA_946410485.1_IP-Alo-19.PacbioHiFiAssembly_genomic","AT1G30580","OX291682.1",10808245,10812204,3959,4953.75,1
"33101","GCA_946410485.1_IP-Alo-19.PacbioHiFiAssembly_genomic","AT1G20070","OX291682.1",6990262,6991418,1156,1446.25,1
"3498","GCA_946410485.1_IP-Alo-19.PacbioHiFiAssembly_genomic","AT3G25440","OX291684.1",9328460,9330276,1816,2273.75,1
"3599","GCA_946410485.1_IP-Alo-19.PacbioHiFiAssembly_genomic","AT5G43680","OX291686.1",21808194,21810039,1845,2321.25,1
"3699","GCA_946410485.1_IP-Alo-19.PacbioHiFiAssembly_genomic","AT1G67320","OX291682.1",27438862,27442683,3821,4778.75,1
"3799","GCA_946410485.1_IP-Alo-19.PacbioHiFiAssembly_genomic","AT2G44950","OX291683.1",21888409,21894886,6477,8097.5,1
"3899","GCA_946410485.1_IP-Alo-19.PacbioHiFiAssembly_genomic","AT5G24520","OX291686.1",8479734,8482264,2530,3163.75,1
"3999","GCA_946410485.1_IP-Alo-19.PacbioHiFiAssembly_genomic","AT5G56890","OX291686.1",27216225,27221815,5590,6991.25,1
"4099","GCA_946410485.1_IP-Alo-19.PacbioHiFiAssembly_genomic","AT1G24460","OX291682.1",8670475,8677250,6775,8472.5,1
"41136","GCA_946410485.1_IP-Alo-19.PacbioHiFiAssembly_genomic","AT2G28800","OX291683.1",15673077,15676326,3249,4060,1
"42111","GCA_946410485.1_IP-Alo-19.PacbioHiFiAssembly_genomic","AT5G13940","OX291686.1",4542542,4548038,5496,6863.75,1
"4583","GCA_946410485.1_IP-Alo-19.PacbioHiFiAssembly_genomic","AT1G19220","OX291682.1",6656701,6662158,5457,6813.75,1
"4695","GCA_946410485.1_IP-Alo-19.PacbioHiFiAssembly_genomic","AT5G01220","OX291686.1",85520,89099,3579,4468.75,1
"4799","GCA_946410485.1_IP-Alo-19.PacbioHiFiAssembly_genomic","AT1G02460","OX291682.1",514773,517597,2824,3507.5,1
"4899","GCA_946410485.1_IP-Alo-19.PacbioHiFiAssembly_genomic","AT1G04110","OX291682.1",1081764,1084276,2512,3141.25,1
"4999","GCA_946410485.1_IP-Alo-19.PacbioHiFiAssembly_genomic","AT4G01880","OX291685.1",846575,848848,2273,2842.5,1
"5086","GCA_946410485.1_IP-Alo-19.PacbioHiFiAssembly_genomic","AT2G24430","OX291683.1",13662960,13666088,3128,3911.25,1
"5162","GCA_946410485.1_IP-Alo-19.PacbioHiFiAssembly_genomic","AT5G47870","OX291686.1",23627247,23628726,1479,1877.5,1
"1402","GCA_946411375.1_IP-Cas-0.9831.PacbioHiFiAssembly_genomic","AT2G27810","OX291696.1",15826492,15830762,4270,5322.5,1
"2402","GCA_946411375.1_IP-Cas-0.9831.PacbioHiFiAssembly_genomic","AT5G40530","OX291699.1",18427542,18429409,1867,2313.75,1
"3402","GCA_946411375.1_IP-Cas-0.9831.PacbioHiFiAssembly_genomic","AT3G26115","OX291697.1",9696415,9698644,2229,2787.5,1
"4340","GCA_946411375.1_IP-Cas-0.9831.PacbioHiFiAssembly_genomic","AT1G26750","OX291695.1",9061141,9062558,1417,1772.5,1
"5108","GCA_946411375.1_IP-Cas-0.9831.PacbioHiFiAssembly_genomic","AT4G17540","OX291698.1",13736865,13738859,1994,2493.75,1
"6100","GCA_946411375.1_IP-Cas-0.9831.PacbioHiFiAssembly_genomic","AT4G23950","OX291698.1",16320684,16323184,2500,3126.25,1
"7100","GCA_946411375.1_IP-Cas-0.9831.PacbioHiFiAssembly_genomic","AT2G38360","OX291696.1",20037803,20039081,1278,1598.75,1
"8100","GCA_946411375.1_IP-Cas-0.9831.PacbioHiFiAssembly_genomic","AT3G11090","OX291697.1",3683214,3684140,926,1158.75,1
"9100","GCA_946411375.1_IP-Cas-0.9831.PacbioHiFiAssembly_genomic","AT5G24890","OX291699.1",8666437,8668189,1752,2190,1
"10100","GCA_946411375.1_IP-Cas-0.9831.PacbioHiFiAssembly_genomic","AT5G27970","OX291699.1",10104019,10115356,11337,14170,1
"11139","GCA_946411375.1_IP-Cas-0.9831.PacbioHiFiAssembly_genomic","AT1G49590","OX291695.1",19939687,19941690,2003,2487.5,1
"12116","GCA_946411375.1_IP-Cas-0.9831.PacbioHiFiAssembly_genomic","AT5G46910","OX291699.1",21161947,21166987,5040,6301.25,1
"13103","GCA_946411375.1_IP-Cas-0.9831.PacbioHiFiAssembly_genomic","AT1G77300","OX291695.1",30621652,30631176,9524,11916.25,1
"14100","GCA_946411375.1_IP-Cas-0.9831.PacbioHiFiAssembly_genomic","AT2G15560","OX291696.1",10762121,10764469,2348,2937.5,1
"15100","GCA_946411375.1_IP-Cas-0.9831.PacbioHiFiAssembly_genomic","AT3G27310","OX291697.1",10231354,10233507,2153,2693.75,1
"16100","GCA_946411375.1_IP-Cas-0.9831.PacbioHiFiAssembly_genomic","AT5G42950","OX291699.1",19450223,19457331,7108,8893.75,1
"17100","GCA_946411375.1_IP-Cas-0.9831.PacbioHiFiAssembly_genomic","AT5G47380","OX291699.1",21334747,21338108,3361,4223.75,1
"18100","GCA_946411375.1_IP-Cas-0.9831.PacbioHiFiAssembly_genomic","AT3G06035","OX291697.1",1981675,1983082,1407,1757.5,1
"19100","GCA_946411375.1_IP-Cas-0.9831.PacbioHiFiAssembly_genomic","AT2G38310","OX291696.1",20018313,20019751,1438,1798.75,1
"20100","GCA_946411375.1_IP-Cas-0.9831.PacbioHiFiAssembly_genomic","AT1G27460","OX291695.1",9350256,9353382,3126,3908.75,1
"21139","GCA_946411375.1_IP-Cas-0.9831.PacbioHiFiAssembly_genomic","AT2G45320","OX291696.1",22657167,22659246,2079,2602.5,1
"22116","GCA_946411375.1_IP-Cas-0.9831.PacbioHiFiAssembly_genomic","AT1G30480","OX291695.1",10614820,10617516,2696,3380,1
"23103","GCA_946411375.1_IP-Cas-0.9831.PacbioHiFiAssembly_genomic","AT3G13840","OX291697.1",4736961,4738709,1748,2186.25,1
"24100","GCA_946411375.1_IP-Cas-0.9831.PacbioHiFiAssembly_genomic","AT5G38520","OX291699.1",17642446,17644583,2137,2678.75,1
"25100","GCA_946411375.1_IP-Cas-0.9831.PacbioHiFiAssembly_genomic","AT2G22260","OX291696.1",13443979,13446708,2729,3305,1
"26100","GCA_946411375.1_IP-Cas-0.9831.PacbioHiFiAssembly_genomic","AT1G49470","OX291695.1",19895419,19896705,1286,1608.75,1
"27100","GCA_946411375.1_IP-Cas-0.9831.PacbioHiFiAssembly_genomic","AT1G70560","OX291695.1",28178141,28180939,2798,3497.5,1
"28100","GCA_946411375.1_IP-Cas-0.9831.PacbioHiFiAssembly_genomic","AT3G10985","OX291697.1",3650127,3651567,1440,1805,1
"29100","GCA_946411375.1_IP-Cas-0.9831.PacbioHiFiAssembly_genomic","AT4G36390","OX291698.1",21057983,21060657,2674,3343.75,1
"30100","GCA_946411375.1_IP-Cas-0.9831.PacbioHiFiAssembly_genomic","AT4G34270","OX291698.1",20264121,20266566,2445,3075,1
"31139","GCA_946411375.1_IP-Cas-0.9831.PacbioHiFiAssembly_genomic","AT5G50000","OX291699.1",22481784,22484582,2798,3497.5,1
"32116","GCA_946411375.1_IP-Cas-0.9831.PacbioHiFiAssembly_genomic","AT1G30580","OX291695.1",10655599,10659556,3957,4953.75,1
"33102","GCA_946411375.1_IP-Cas-0.9831.PacbioHiFiAssembly_genomic","AT1G20070","OX291695.1",6930126,6931282,1156,1446.25,1
"3499","GCA_946411375.1_IP-Cas-0.9831.PacbioHiFiAssembly_genomic","AT3G25440","OX291697.1",9388392,9390210,1818,2273.75,1
"35100","GCA_946411375.1_IP-Cas-0.9831.PacbioHiFiAssembly_genomic","AT5G43680","OX291699.1",19747417,19749084,1667,2321.25,1
"36100","GCA_946411375.1_IP-Cas-0.9831.PacbioHiFiAssembly_genomic","AT1G67320","OX291695.1",26768966,26772745,3779,4778.75,1
"37100","GCA_946411375.1_IP-Cas-0.9831.PacbioHiFiAssembly_genomic","AT2G44950","OX291696.1",22518124,22524601,6477,8097.5,1
"38100","GCA_946411375.1_IP-Cas-0.9831.PacbioHiFiAssembly_genomic","AT5G24520","OX291699.1",8471102,8473632,2530,3163.75,1
"39100","GCA_946411375.1_IP-Cas-0.9831.PacbioHiFiAssembly_genomic","AT5G56890","OX291699.1",25117576,25123165,5589,6991.25,1
"40100","GCA_946411375.1_IP-Cas-0.9831.PacbioHiFiAssembly_genomic","AT1G24460","OX291695.1",8564073,8570848,6775,8472.5,1
"41137","GCA_946411375.1_IP-Cas-0.9831.PacbioHiFiAssembly_genomic","AT2G28800","OX291696.1",16332241,16335487,3246,4060,1
"42112","GCA_946411375.1_IP-Cas-0.9831.PacbioHiFiAssembly_genomic","AT5G13940","OX291699.1",4533432,4538922,5490,6863.75,1
"4696","GCA_946411375.1_IP-Cas-0.9831.PacbioHiFiAssembly_genomic","AT1G19220","OX291695.1",6603203,6608645,5442,6813.75,1
"47100","GCA_946411375.1_IP-Cas-0.9831.PacbioHiFiAssembly_genomic","AT5G01220","OX291699.1",93687,97261,3574,4468.75,1
"48100","GCA_946411375.1_IP-Cas-0.9831.PacbioHiFiAssembly_genomic","AT1G02460","OX291695.1",509047,511853,2806,3507.5,1
"49100","GCA_946411375.1_IP-Cas-0.9831.PacbioHiFiAssembly_genomic","AT1G04110","OX291695.1",1069398,1071910,2512,3141.25,1
"5087","GCA_946411375.1_IP-Cas-0.9831.PacbioHiFiAssembly_genomic","AT4G01880","OX291698.1",977248,979520,2272,2842.5,1
"5163","GCA_946411375.1_IP-Cas-0.9831.PacbioHiFiAssembly_genomic","AT2G24430","OX291696.1",14369102,14372230,3128,3911.25,1
"5224","GCA_946411375.1_IP-Cas-0.9831.PacbioHiFiAssembly_genomic","AT5G47870","OX291699.1",21495256,21496763,1507,1877.5,1
"1403","GCA_946411425.1_IP-Hom-0.PacbioHiFiAssembly_genomic","AT2G27810","OX291701.1",16082564,16086818,4254,5322.5,1
"2403","GCA_946411425.1_IP-Hom-0.PacbioHiFiAssembly_genomic","AT5G40530","OX291704.1",19241199,19243066,1867,2313.75,1
"3403","GCA_946411425.1_IP-Hom-0.PacbioHiFiAssembly_genomic","AT3G26115","OX291702.1",9513868,9516070,2202,2787.5,1
"4341","GCA_946411425.1_IP-Hom-0.PacbioHiFiAssembly_genomic","AT1G26750","OX291700.1",9182471,9183900,1429,1772.5,1
"5109","GCA_946411425.1_IP-Hom-0.PacbioHiFiAssembly_genomic","AT4G17540","OX291703.1",15159650,15161644,1994,2493.75,1
"6101","GCA_946411425.1_IP-Hom-0.PacbioHiFiAssembly_genomic","AT4G23950","OX291703.1",18084134,18086634,2500,3126.25,1
"7101","GCA_946411425.1_IP-Hom-0.PacbioHiFiAssembly_genomic","AT2G38360","OX291701.1",20357312,20358590,1278,1598.75,1
"8101","GCA_946411425.1_IP-Hom-0.PacbioHiFiAssembly_genomic","AT3G11090","OX291702.1",3477690,3478616,926,1158.75,1
"9101","GCA_946411425.1_IP-Hom-0.PacbioHiFiAssembly_genomic","AT5G24890","OX291704.1",8684983,8686737,1754,2190,1
"10101","GCA_946411425.1_IP-Hom-0.PacbioHiFiAssembly_genomic","AT5G27970","OX291704.1",10169818,10181157,11339,14170,1
"11140","GCA_946411425.1_IP-Hom-0.PacbioHiFiAssembly_genomic","AT1G49590","OX291700.1",22811917,22813906,1989,2487.5,1
"12117","GCA_946411425.1_IP-Hom-0.PacbioHiFiAssembly_genomic","AT5G46910","OX291704.1",22007973,22013016,5043,6301.25,1
"13104","GCA_946411425.1_IP-Hom-0.PacbioHiFiAssembly_genomic","AT1G77300","OX291700.1",33466063,33475584,9521,11916.25,1
"14101","GCA_946411425.1_IP-Hom-0.PacbioHiFiAssembly_genomic","AT2G15560","OX291701.1",10992174,10994522,2348,2937.5,1
"15101","GCA_946411425.1_IP-Hom-0.PacbioHiFiAssembly_genomic","AT3G27310","OX291702.1",10065762,10067916,2154,2693.75,1
"16101","GCA_946411425.1_IP-Hom-0.PacbioHiFiAssembly_genomic","AT5G42950","OX291704.1",20271481,20278595,7114,8893.75,1
"17101","GCA_946411425.1_IP-Hom-0.PacbioHiFiAssembly_genomic","AT5G47380","OX291704.1",22183080,22186458,3378,4223.75,1
"18101","GCA_946411425.1_IP-Hom-0.PacbioHiFiAssembly_genomic","AT3G06035","OX291702.1",1843050,1844455,1405,1757.5,1
"19101","GCA_946411425.1_IP-Hom-0.PacbioHiFiAssembly_genomic","AT2G38310","OX291701.1",20337860,20339300,1440,1798.75,1
"20101","GCA_946411425.1_IP-Hom-0.PacbioHiFiAssembly_genomic","AT2G21100","OX291701.1",13245975,13247249,1274,1592.5,1
"21140","GCA_946411425.1_IP-Hom-0.PacbioHiFiAssembly_genomic","AT1G27460","OX291700.1",9472736,9475898,3162,3908.75,1
"22117","GCA_946411425.1_IP-Hom-0.PacbioHiFiAssembly_genomic","AT2G45320","OX291701.1",22974209,22976290,2081,2602.5,1
"23104","GCA_946411425.1_IP-Hom-0.PacbioHiFiAssembly_genomic","AT1G30480","OX291700.1",10776999,10779695,2696,3380,1
"24101","GCA_946411425.1_IP-Hom-0.PacbioHiFiAssembly_genomic","AT3G13840","OX291702.1",4557204,4558952,1748,2186.25,1
"25101","GCA_946411425.1_IP-Hom-0.PacbioHiFiAssembly_genomic","AT5G38520","OX291704.1",18438718,18440771,2053,2678.75,1
"26101","GCA_946411425.1_IP-Hom-0.PacbioHiFiAssembly_genomic","AT2G22260","OX291701.1",13676184,13678912,2728,3305,1
"27101","GCA_946411425.1_IP-Hom-0.PacbioHiFiAssembly_genomic","AT1G49470","OX291700.1",22770108,22771394,1286,1608.75,1
"28101","GCA_946411425.1_IP-Hom-0.PacbioHiFiAssembly_genomic","AT1G70560","OX291700.1",31007513,31010311,2798,3497.5,1
"29101","GCA_946411425.1_IP-Hom-0.PacbioHiFiAssembly_genomic","AT3G10985","OX291702.1",3440981,3442368,1387,1805,1
"30101","GCA_946411425.1_IP-Hom-0.PacbioHiFiAssembly_genomic","AT4G36390","OX291703.1",22885276,22887962,2686,3343.75,1
"31140","GCA_946411425.1_IP-Hom-0.PacbioHiFiAssembly_genomic","AT4G34270","OX291703.1",22093922,22096367,2445,3075,1
"32117","GCA_946411425.1_IP-Hom-0.PacbioHiFiAssembly_genomic","AT5G50000","OX291704.1",23294120,23296917,2797,3497.5,1
"33103","GCA_946411425.1_IP-Hom-0.PacbioHiFiAssembly_genomic","AT1G30580","OX291700.1",10817666,10821640,3974,4953.75,1
"34100","GCA_946411425.1_IP-Hom-0.PacbioHiFiAssembly_genomic","AT1G20070","OX291700.1",6964543,6965699,1156,1446.25,1
"35101","GCA_946411425.1_IP-Hom-0.PacbioHiFiAssembly_genomic","AT3G25440","OX291702.1",9207337,9209153,1816,2273.75,1
"36101","GCA_946411425.1_IP-Hom-0.PacbioHiFiAssembly_genomic","AT5G43680","OX291704.1",20598350,20600195,1845,2321.25,1
"37101","GCA_946411425.1_IP-Hom-0.PacbioHiFiAssembly_genomic","AT1G67320","OX291700.1",29598511,29602333,3822,4778.75,1
"38101","GCA_946411425.1_IP-Hom-0.PacbioHiFiAssembly_genomic","AT2G44950","OX291701.1",22838483,22844960,6477,8097.5,1
"39101","GCA_946411425.1_IP-Hom-0.PacbioHiFiAssembly_genomic","AT5G24520","OX291704.1",8490047,8492577,2530,3163.75,1
"40101","GCA_946411425.1_IP-Hom-0.PacbioHiFiAssembly_genomic","AT5G56890","OX291704.1",25950003,25955584,5581,6991.25,1
"41138","GCA_946411425.1_IP-Hom-0.PacbioHiFiAssembly_genomic","AT1G24460","OX291700.1",8666752,8673526,6774,8472.5,1
"42113","GCA_946411425.1_IP-Hom-0.PacbioHiFiAssembly_genomic","AT2G28800","OX291701.1",16598546,16601807,3261,4060,1
"4342","GCA_946411425.1_IP-Hom-0.PacbioHiFiAssembly_genomic","AT5G13940","OX291704.1",4570749,4576207,5458,6863.75,1
"47101","GCA_946411425.1_IP-Hom-0.PacbioHiFiAssembly_genomic","AT1G19220","OX291700.1",6629371,6634823,5452,6813.75,1
"48101","GCA_946411425.1_IP-Hom-0.PacbioHiFiAssembly_genomic","AT5G01220","OX291704.1",87988,91567,3579,4468.75,1
"49101","GCA_946411425.1_IP-Hom-0.PacbioHiFiAssembly_genomic","AT1G02460","OX291700.1",518847,521678,2831,3507.5,1
"5088","GCA_946411425.1_IP-Hom-0.PacbioHiFiAssembly_genomic","AT1G04110","OX291700.1",1084639,1087151,2512,3141.25,1
"5164","GCA_946411425.1_IP-Hom-0.PacbioHiFiAssembly_genomic","AT4G01880","OX291703.1",1517156,1519427,2271,2842.5,1
"5225","GCA_946411425.1_IP-Hom-0.PacbioHiFiAssembly_genomic","AT2G24430","OX291701.1",14594705,14597848,3143,3911.25,1
"5314","GCA_946411425.1_IP-Hom-0.PacbioHiFiAssembly_genomic","AT5G47870","OX291704.1",22340704,22342209,1505,1877.5,1
"1404","GCA_946411655.1_MERE-A-13.PacbioHiFiAssembly_genomic","AT2G27810","OX291710.1",14660581,14664851,4270,5322.5,1
"2404","GCA_946411655.1_MERE-A-13.PacbioHiFiAssembly_genomic","AT5G40530","OX291713.1",21961121,21962988,1867,2313.75,1
"3404","GCA_946411655.1_MERE-A-13.PacbioHiFiAssembly_genomic","AT3G26115","OX291711.1",9630301,9632530,2229,2787.5,1
"4343","GCA_946411655.1_MERE-A-13.PacbioHiFiAssembly_genomic","AT1G26750","OX291709.1",9120379,9121796,1417,1772.5,1
"5165","GCA_946411655.1_MERE-A-13.PacbioHiFiAssembly_genomic","AT4G17540","OX291712.1",15262766,15264760,1994,2493.75,1
"6102","GCA_946411655.1_MERE-A-13.PacbioHiFiAssembly_genomic","AT4G23950","OX291712.1",17879877,17882377,2500,3126.25,1
"7102","GCA_946411655.1_MERE-A-13.PacbioHiFiAssembly_genomic","AT2G38360","OX291710.1",18897132,18898410,1278,1598.75,1
"8102","GCA_946411655.1_MERE-A-13.PacbioHiFiAssembly_genomic","AT3G11090","OX291711.1",3505113,3506039,926,1158.75,1
"9102","GCA_946411655.1_MERE-A-13.PacbioHiFiAssembly_genomic","AT5G24890","OX291713.1",8619084,8620834,1750,2190,1
"10102","GCA_946411655.1_MERE-A-13.PacbioHiFiAssembly_genomic","AT5G27970","OX291713.1",10013275,10024610,11335,14170,1
"11141","GCA_946411655.1_MERE-A-13.PacbioHiFiAssembly_genomic","AT1G49590","OX291709.1",22189494,22191483,1989,2487.5,1
"12118","GCA_946411655.1_MERE-A-13.PacbioHiFiAssembly_genomic","AT5G46910","OX291713.1",24764842,24769879,5037,6301.25,1
"13105","GCA_946411655.1_MERE-A-13.PacbioHiFiAssembly_genomic","AT1G77300","OX291709.1",32891180,32900671,9491,11916.25,1
"14102","GCA_946411655.1_MERE-A-13.PacbioHiFiAssembly_genomic","AT2G15560","OX291710.1",9532280,9534601,2321,2937.5,1
"15102","GCA_946411655.1_MERE-A-13.PacbioHiFiAssembly_genomic","AT3G27310","OX291711.1",10177712,10179866,2154,2693.75,1
"16102","GCA_946411655.1_MERE-A-13.PacbioHiFiAssembly_genomic","AT5G42950","OX291713.1",22965932,22973046,7114,8893.75,1
"17102","GCA_946411655.1_MERE-A-13.PacbioHiFiAssembly_genomic","AT5G47380","OX291713.1",24942504,24945882,3378,4223.75,1
"18102","GCA_946411655.1_MERE-A-13.PacbioHiFiAssembly_genomic","AT3G06035","OX291711.1",1851739,1853145,1406,1757.5,1
"19102","GCA_946411655.1_MERE-A-13.PacbioHiFiAssembly_genomic","AT2G38310","OX291710.1",18877674,18879112,1438,1798.75,1
"20102","GCA_946411655.1_MERE-A-13.PacbioHiFiAssembly_genomic","AT1G27460","OX291709.1",9404824,9408001,3177,3908.75,1
"21141","GCA_946411655.1_MERE-A-13.PacbioHiFiAssembly_genomic","AT2G45320","OX291710.1",21507966,21510047,2081,2602.5,1
"22118","GCA_946411655.1_MERE-A-13.PacbioHiFiAssembly_genomic","AT1G30480","OX291709.1",10628589,10631292,2703,3380,1
"23105","GCA_946411655.1_MERE-A-13.PacbioHiFiAssembly_genomic","AT3G13840","OX291711.1",4565176,4566924,1748,2186.25,1
"24102","GCA_946411655.1_MERE-A-13.PacbioHiFiAssembly_genomic","AT5G38520","OX291713.1",20989112,20991258,2146,2678.75,1
"25102","GCA_946411655.1_MERE-A-13.PacbioHiFiAssembly_genomic","AT2G22260","OX291710.1",12261293,12263936,2643,3305,1
"26102","GCA_946411655.1_MERE-A-13.PacbioHiFiAssembly_genomic","AT1G49470","OX291709.1",22145171,22146457,1286,1608.75,1
"27102","GCA_946411655.1_MERE-A-13.PacbioHiFiAssembly_genomic","AT1G70560","OX291709.1",30458964,30461761,2797,3497.5,1
"28102","GCA_946411655.1_MERE-A-13.PacbioHiFiAssembly_genomic","AT3G10985","OX291711.1",3472103,3473491,1388,1805,1
"29102","GCA_946411655.1_MERE-A-13.PacbioHiFiAssembly_genomic","AT4G36390","OX291712.1",22654700,22657372,2672,3343.75,1
"30102","GCA_946411655.1_MERE-A-13.PacbioHiFiAssembly_genomic","AT4G34270","OX291712.1",21848891,21851351,2460,3075,1
"31141","GCA_946411655.1_MERE-A-13.PacbioHiFiAssembly_genomic","AT5G50000","OX291713.1",26080831,26083629,2798,3497.5,1
"32118","GCA_946411655.1_MERE-A-13.PacbioHiFiAssembly_genomic","AT1G30580","OX291709.1",10670225,10674185,3960,4953.75,1
"33104","GCA_946411655.1_MERE-A-13.PacbioHiFiAssembly_genomic","AT1G20070","OX291709.1",6954344,6955500,1156,1446.25,1
"34101","GCA_946411655.1_MERE-A-13.PacbioHiFiAssembly_genomic","AT3G25440","OX291711.1",9328131,9329951,1820,2273.75,1
"35102","GCA_946411655.1_MERE-A-13.PacbioHiFiAssembly_genomic","AT5G43680","OX291713.1",23311887,23313595,1708,2321.25,1
"36102","GCA_946411655.1_MERE-A-13.PacbioHiFiAssembly_genomic","AT1G67320","OX291709.1",29042316,29046139,3823,4778.75,1
"37102","GCA_946411655.1_MERE-A-13.PacbioHiFiAssembly_genomic","AT2G44950","OX291710.1",21370045,21376522,6477,8097.5,1
"38102","GCA_946411655.1_MERE-A-13.PacbioHiFiAssembly_genomic","AT5G24520","OX291713.1",8433098,8435628,2530,3163.75,1
"39102","GCA_946411655.1_MERE-A-13.PacbioHiFiAssembly_genomic","AT5G56890","OX291713.1",28764286,28769875,5589,6991.25,1
"40102","GCA_946411655.1_MERE-A-13.PacbioHiFiAssembly_genomic","AT1G24460","OX291709.1",8623690,8630465,6775,8472.5,1
"41139","GCA_946411655.1_MERE-A-13.PacbioHiFiAssembly_genomic","AT2G28800","OX291710.1",15170758,15174005,3247,4060,1
"42114","GCA_946411655.1_MERE-A-13.PacbioHiFiAssembly_genomic","AT5G13940","OX291713.1",4543514,4549004,5490,6863.75,1
"4697","GCA_946411655.1_MERE-A-13.PacbioHiFiAssembly_genomic","AT1G19220","OX291709.1",6629133,6634575,5442,6813.75,1
"47102","GCA_946411655.1_MERE-A-13.PacbioHiFiAssembly_genomic","AT5G01220","OX291713.1",83765,87337,3572,4468.75,1
"48102","GCA_946411655.1_MERE-A-13.PacbioHiFiAssembly_genomic","AT1G02460","OX291709.1",508011,510818,2807,3507.5,1
"49102","GCA_946411655.1_MERE-A-13.PacbioHiFiAssembly_genomic","AT1G04110","OX291709.1",1066974,1069486,2512,3141.25,1
"5089","GCA_946411655.1_MERE-A-13.PacbioHiFiAssembly_genomic","AT4G01880","OX291712.1",1453591,1455864,2273,2842.5,1
"5166","GCA_946411655.1_MERE-A-13.PacbioHiFiAssembly_genomic","AT2G24430","OX291710.1",13180666,13183785,3119,3911.25,1
"5226","GCA_946411655.1_MERE-A-13.PacbioHiFiAssembly_genomic","AT5G47870","OX291713.1",25105564,25107065,1501,1877.5,1
"1405","GCA_946411805.1_IP-Mos-9.PacbioHiFiAssembly_genomic","AT2G27810","OX291715.1",16101857,16106113,4256,5322.5,1
"2405","GCA_946411805.1_IP-Mos-9.PacbioHiFiAssembly_genomic","AT5G40530","OX291718.1",21801226,21803093,1867,2313.75,1
"3405","GCA_946411805.1_IP-Mos-9.PacbioHiFiAssembly_genomic","AT3G26115","OX291716.1",9697853,9700082,2229,2787.5,1
"4344","GCA_946411805.1_IP-Mos-9.PacbioHiFiAssembly_genomic","AT1G26750","OX291714.1",9235899,9237326,1427,1772.5,1
"5167","GCA_946411805.1_IP-Mos-9.PacbioHiFiAssembly_genomic","AT4G17540","OX291717.1",14859892,14861886,1994,2493.75,1
"6103","GCA_946411805.1_IP-Mos-9.PacbioHiFiAssembly_genomic","AT4G23950","OX291717.1",17526450,17528950,2500,3126.25,1
"7103","GCA_946411805.1_IP-Mos-9.PacbioHiFiAssembly_genomic","AT2G38360","OX291715.1",20360682,20361960,1278,1598.75,1
"8103","GCA_946411805.1_IP-Mos-9.PacbioHiFiAssembly_genomic","AT3G11090","OX291716.1",3648828,3649754,926,1158.75,1
"9103","GCA_946411805.1_IP-Mos-9.PacbioHiFiAssembly_genomic","AT5G24890","OX291718.1",8741612,8743369,1757,2190,1
"10103","GCA_946411805.1_IP-Mos-9.PacbioHiFiAssembly_genomic","AT5G27970","OX291718.1",10256513,10267853,11340,14170,1
"11142","GCA_946411805.1_IP-Mos-9.PacbioHiFiAssembly_genomic","AT1G49590","OX291714.1",22648403,22650392,1989,2487.5,1
"12119","GCA_946411805.1_IP-Mos-9.PacbioHiFiAssembly_genomic","AT5G46910","OX291718.1",24634573,24639613,5040,6301.25,1
"13106","GCA_946411805.1_IP-Mos-9.PacbioHiFiAssembly_genomic","AT1G77300","OX291714.1",33644185,33653703,9518,11916.25,1
"14103","GCA_946411805.1_IP-Mos-9.PacbioHiFiAssembly_genomic","AT2G15560","OX291715.1",10889355,10891703,2348,2937.5,1
"15103","GCA_946411805.1_IP-Mos-9.PacbioHiFiAssembly_genomic","AT3G27310","OX291716.1",10242615,10244770,2155,2693.75,1
"16103","GCA_946411805.1_IP-Mos-9.PacbioHiFiAssembly_genomic","AT5G42950","OX291718.1",22823243,22830357,7114,8893.75,1
"17103","GCA_946411805.1_IP-Mos-9.PacbioHiFiAssembly_genomic","AT5G47380","OX291718.1",24807190,24810568,3378,4223.75,1
"18103","GCA_946411805.1_IP-Mos-9.PacbioHiFiAssembly_genomic","AT3G06035","OX291716.1",1869737,1871142,1405,1757.5,1
"19103","GCA_946411805.1_IP-Mos-9.PacbioHiFiAssembly_genomic","AT2G38310","OX291715.1",20341250,20342692,1442,1798.75,1
"20103","GCA_946411805.1_IP-Mos-9.PacbioHiFiAssembly_genomic","AT1G27460","OX291714.1",9546293,9549455,3162,3908.75,1
"21142","GCA_946411805.1_IP-Mos-9.PacbioHiFiAssembly_genomic","AT2G45320","OX291715.1",23016745,23018826,2081,2602.5,1
"22119","GCA_946411805.1_IP-Mos-9.PacbioHiFiAssembly_genomic","AT1G30480","OX291714.1",10847366,10850062,2696,3380,1
"23106","GCA_946411805.1_IP-Mos-9.PacbioHiFiAssembly_genomic","AT3G13840","OX291716.1",4712057,4713805,1748,2186.25,1
"24103","GCA_946411805.1_IP-Mos-9.PacbioHiFiAssembly_genomic","AT5G38520","OX291718.1",20896462,20898604,2142,2678.75,1
"25103","GCA_946411805.1_IP-Mos-9.PacbioHiFiAssembly_genomic","AT2G22260","OX291715.1",13680780,13683508,2728,3305,1
"26103","GCA_946411805.1_IP-Mos-9.PacbioHiFiAssembly_genomic","AT1G49470","OX291714.1",22606546,22607832,1286,1608.75,1
"27103","GCA_946411805.1_IP-Mos-9.PacbioHiFiAssembly_genomic","AT1G70560","OX291714.1",31199561,31202359,2798,3497.5,1
"28103","GCA_946411805.1_IP-Mos-9.PacbioHiFiAssembly_genomic","AT3G10985","OX291716.1",3611386,3612826,1440,1805,1
"29103","GCA_946411805.1_IP-Mos-9.PacbioHiFiAssembly_genomic","AT4G36390","OX291717.1",22323865,22326553,2688,3343.75,1
"30103","GCA_946411805.1_IP-Mos-9.PacbioHiFiAssembly_genomic","AT4G34270","OX291717.1",21539074,21541519,2445,3075,1
"31142","GCA_946411805.1_IP-Mos-9.PacbioHiFiAssembly_genomic","AT5G50000","OX291718.1",25888201,25890994,2793,3497.5,1
"32119","GCA_946411805.1_IP-Mos-9.PacbioHiFiAssembly_genomic","AT1G30580","OX291714.1",10888042,10892001,3959,4953.75,1
"33105","GCA_946411805.1_IP-Mos-9.PacbioHiFiAssembly_genomic","AT1G20070","OX291714.1",7029061,7030217,1156,1446.25,1
"34102","GCA_946411805.1_IP-Mos-9.PacbioHiFiAssembly_genomic","AT3G25440","OX291716.1",9367009,9368822,1813,2273.75,1
"35103","GCA_946411805.1_IP-Mos-9.PacbioHiFiAssembly_genomic","AT5G43680","OX291718.1",23119239,23121084,1845,2321.25,1
"36103","GCA_946411805.1_IP-Mos-9.PacbioHiFiAssembly_genomic","AT1G67320","OX291714.1",29773960,29777776,3816,4778.75,1
"37103","GCA_946411805.1_IP-Mos-9.PacbioHiFiAssembly_genomic","AT2G44950","OX291715.1",22880088,22886565,6477,8097.5,1
"38103","GCA_946411805.1_IP-Mos-9.PacbioHiFiAssembly_genomic","AT5G24520","OX291718.1",8540813,8543343,2530,3163.75,1
"39103","GCA_946411805.1_IP-Mos-9.PacbioHiFiAssembly_genomic","AT5G56890","OX291718.1",28544072,28549682,5610,6991.25,1
"40103","GCA_946411805.1_IP-Mos-9.PacbioHiFiAssembly_genomic","AT1G24460","OX291714.1",8718954,8725729,6775,8472.5,1
"41140","GCA_946411805.1_IP-Mos-9.PacbioHiFiAssembly_genomic","AT2G28800","OX291715.1",16618283,16621529,3246,4060,1
"42115","GCA_946411805.1_IP-Mos-9.PacbioHiFiAssembly_genomic","AT5G13940","OX291718.1",4556737,4562233,5496,6863.75,1
"4584","GCA_946411805.1_IP-Mos-9.PacbioHiFiAssembly_genomic","AT1G19220","OX291714.1",6693885,6699347,5462,6813.75,1
"4698","GCA_946411805.1_IP-Mos-9.PacbioHiFiAssembly_genomic","AT5G01220","OX291718.1",86174,89751,3577,4468.75,1
"47103","GCA_946411805.1_IP-Mos-9.PacbioHiFiAssembly_genomic","AT1G02460","OX291714.1",521562,524736,3174,3507.5,1
"48103","GCA_946411805.1_IP-Mos-9.PacbioHiFiAssembly_genomic","AT1G04110","OX291714.1",1102675,1105187,2512,3141.25,1
"49103","GCA_946411805.1_IP-Mos-9.PacbioHiFiAssembly_genomic","AT4G01880","OX291717.1",1085450,1087723,2273,2842.5,1
"5090","GCA_946411805.1_IP-Mos-9.PacbioHiFiAssembly_genomic","AT2G24430","OX291715.1",14609872,14612978,3106,3911.25,1
"5168","GCA_946411805.1_IP-Mos-9.PacbioHiFiAssembly_genomic","AT5G47870","OX291718.1",24964757,24966236,1479,1877.5,1
"1406","GCA_946411885.1_IP-Mos-5.PacbioHiFiAssembly_genomic","AT2G27810","OX291720.1",14686262,14690519,4257,5322.5,1
"2406","GCA_946411885.1_IP-Mos-5.PacbioHiFiAssembly_genomic","AT5G40530","OX291723.1",22039639,22041500,1861,2313.75,1
"3406","GCA_946411885.1_IP-Mos-5.PacbioHiFiAssembly_genomic","AT3G26115","OX291721.1",9608695,9610924,2229,2787.5,1
"4345","GCA_946411885.1_IP-Mos-5.PacbioHiFiAssembly_genomic","AT1G26750","OX291719.1",9106874,9108301,1427,1772.5,1
"5169","GCA_946411885.1_IP-Mos-5.PacbioHiFiAssembly_genomic","AT4G17540","OX291722.1",14986951,14988945,1994,2493.75,1
"6104","GCA_946411885.1_IP-Mos-5.PacbioHiFiAssembly_genomic","AT4G23950","OX291722.1",17577183,17579683,2500,3126.25,1
"7104","GCA_946411885.1_IP-Mos-5.PacbioHiFiAssembly_genomic","AT2G38360","OX291720.1",18899331,18900609,1278,1598.75,1
"8104","GCA_946411885.1_IP-Mos-5.PacbioHiFiAssembly_genomic","AT3G11090","OX291721.1",3526505,3527431,926,1158.75,1
"9104","GCA_946411885.1_IP-Mos-5.PacbioHiFiAssembly_genomic","AT5G24890","OX291723.1",8589577,8591328,1751,2190,1
"10104","GCA_946411885.1_IP-Mos-5.PacbioHiFiAssembly_genomic","AT5G27970","OX291723.1",10056051,10067394,11343,14170,1
"11143","GCA_946411885.1_IP-Mos-5.PacbioHiFiAssembly_genomic","AT1G49590","OX291719.1",20359273,20361262,1989,2487.5,1
"12120","GCA_946411885.1_IP-Mos-5.PacbioHiFiAssembly_genomic","AT5G46910","OX291723.1",24838798,24843850,5052,6301.25,1
"13107","GCA_946411885.1_IP-Mos-5.PacbioHiFiAssembly_genomic","AT1G77300","OX291719.1",31164105,31173574,9469,11916.25,1
"14104","GCA_946411885.1_IP-Mos-5.PacbioHiFiAssembly_genomic","AT2G15560","OX291720.1",9575684,9578005,2321,2937.5,1
"15104","GCA_946411885.1_IP-Mos-5.PacbioHiFiAssembly_genomic","AT3G27310","OX291721.1",10162624,10164778,2154,2693.75,1
"16104","GCA_946411885.1_IP-Mos-5.PacbioHiFiAssembly_genomic","AT5G42950","OX291723.1",23069736,23076850,7114,8893.75,1
"17104","GCA_946411885.1_IP-Mos-5.PacbioHiFiAssembly_genomic","AT5G47380","OX291723.1",25011923,25015301,3378,4223.75,1
"18104","GCA_946411885.1_IP-Mos-5.PacbioHiFiAssembly_genomic","AT3G06035","OX291721.1",1835563,1836968,1405,1757.5,1
"19104","GCA_946411885.1_IP-Mos-5.PacbioHiFiAssembly_genomic","AT2G38310","OX291720.1",18879860,18881298,1438,1798.75,1
"20104","GCA_946411885.1_IP-Mos-5.PacbioHiFiAssembly_genomic","AT2G21100","OX291720.1",11840416,11841690,1274,1592.5,1
"21143","GCA_946411885.1_IP-Mos-5.PacbioHiFiAssembly_genomic","AT1G27460","OX291719.1",9400801,9403927,3126,3908.75,1
"22120","GCA_946411885.1_IP-Mos-5.PacbioHiFiAssembly_genomic","AT2G45320","OX291720.1",21514060,21516140,2080,2602.5,1
"23107","GCA_946411885.1_IP-Mos-5.PacbioHiFiAssembly_genomic","AT1G30480","OX291719.1",10699412,10702100,2688,3380,1
"24104","GCA_946411885.1_IP-Mos-5.PacbioHiFiAssembly_genomic","AT3G13840","OX291721.1",4579782,4581530,1748,2186.25,1
"25104","GCA_946411885.1_IP-Mos-5.PacbioHiFiAssembly_genomic","AT5G38520","OX291723.1",21177723,21179863,2140,2678.75,1
"26104","GCA_946411885.1_IP-Mos-5.PacbioHiFiAssembly_genomic","AT2G22260","OX291720.1",12274217,12276944,2727,3305,1
"27104","GCA_946411885.1_IP-Mos-5.PacbioHiFiAssembly_genomic","AT1G49470","OX291719.1",20314966,20316252,1286,1608.75,1
"28104","GCA_946411885.1_IP-Mos-5.PacbioHiFiAssembly_genomic","AT1G70560","OX291719.1",28725512,28728307,2795,3497.5,1
"29104","GCA_946411885.1_IP-Mos-5.PacbioHiFiAssembly_genomic","AT3G10985","OX291721.1",3493437,3494876,1439,1805,1
"30104","GCA_946411885.1_IP-Mos-5.PacbioHiFiAssembly_genomic","AT4G36390","OX291722.1",22348435,22351109,2674,3343.75,1
"31143","GCA_946411885.1_IP-Mos-5.PacbioHiFiAssembly_genomic","AT4G34270","OX291722.1",21552296,21554741,2445,3075,1
"32120","GCA_946411885.1_IP-Mos-5.PacbioHiFiAssembly_genomic","AT5G50000","OX291723.1",26124971,26127768,2797,3497.5,1
"33106","GCA_946411885.1_IP-Mos-5.PacbioHiFiAssembly_genomic","AT1G30580","OX291719.1",10739721,10743680,3959,4953.75,1
"34103","GCA_946411885.1_IP-Mos-5.PacbioHiFiAssembly_genomic","AT1G20070","OX291719.1",6929632,6930788,1156,1446.25,1
"35104","GCA_946411885.1_IP-Mos-5.PacbioHiFiAssembly_genomic","AT3G25440","OX291721.1",9304982,9306802,1820,2273.75,1
"36104","GCA_946411885.1_IP-Mos-5.PacbioHiFiAssembly_genomic","AT5G43680","OX291723.1",23373221,23374888,1667,2321.25,1
"37104","GCA_946411885.1_IP-Mos-5.PacbioHiFiAssembly_genomic","AT1G67320","OX291719.1",27298882,27302704,3822,4778.75,1
"38104","GCA_946411885.1_IP-Mos-5.PacbioHiFiAssembly_genomic","AT2G44950","OX291720.1",21375244,21381721,6477,8097.5,1
"39104","GCA_946411885.1_IP-Mos-5.PacbioHiFiAssembly_genomic","AT5G24520","OX291723.1",8376217,8378640,2423,3163.75,1
"40104","GCA_946411885.1_IP-Mos-5.PacbioHiFiAssembly_genomic","AT5G56890","OX291723.1",28792902,28798492,5590,6991.25,1
"41141","GCA_946411885.1_IP-Mos-5.PacbioHiFiAssembly_genomic","AT1G24460","OX291719.1",8605221,8611996,6775,8472.5,1
"42116","GCA_946411885.1_IP-Mos-5.PacbioHiFiAssembly_genomic","AT2G28800","OX291720.1",15193925,15197172,3247,4060,1
"4346","GCA_946411885.1_IP-Mos-5.PacbioHiFiAssembly_genomic","AT5G13940","OX291723.1",4495200,4500690,5490,6863.75,1
"47104","GCA_946411885.1_IP-Mos-5.PacbioHiFiAssembly_genomic","AT1G19220","OX291719.1",6589547,6594989,5442,6813.75,1
"48104","GCA_946411885.1_IP-Mos-5.PacbioHiFiAssembly_genomic","AT5G01220","OX291723.1",83259,86831,3572,4468.75,1
"49104","GCA_946411885.1_IP-Mos-5.PacbioHiFiAssembly_genomic","AT1G02460","OX291719.1",505701,508509,2808,3507.5,1
"5091","GCA_946411885.1_IP-Mos-5.PacbioHiFiAssembly_genomic","AT1G04110","OX291719.1",1068584,1071096,2512,3141.25,1
"5170","GCA_946411885.1_IP-Mos-5.PacbioHiFiAssembly_genomic","AT4G01880","OX291722.1",1487826,1490098,2272,2842.5,1
"5227","GCA_946411885.1_IP-Mos-5.PacbioHiFiAssembly_genomic","AT2G24430","OX291720.1",13189506,13192612,3106,3911.25,1
"5315","GCA_946411885.1_IP-Mos-5.PacbioHiFiAssembly_genomic","AT5G47870","OX291723.1",25175011,25176513,1502,1877.5,1
"1407","GCA_946412005.1_IP-Hum-4.PacbioHiFiAssembly_genomic","AT2G27810","OX291731.1",14737903,14742165,4262,5322.5,1
"2407","GCA_946412005.1_IP-Hum-4.PacbioHiFiAssembly_genomic","AT5G40530","OX291734.1",19107616,19109475,1859,2313.75,1
"3407","GCA_946412005.1_IP-Hum-4.PacbioHiFiAssembly_genomic","AT3G26115","OX291732.1",9574746,9576975,2229,2787.5,1
"4347","GCA_946412005.1_IP-Hum-4.PacbioHiFiAssembly_genomic","AT1G26750","OX291730.1",9092120,9093537,1417,1772.5,1
"5171","GCA_946412005.1_IP-Hum-4.PacbioHiFiAssembly_genomic","AT4G17540","OX291733.1",12954589,12956583,1994,2493.75,1
"6105","GCA_946412005.1_IP-Hum-4.PacbioHiFiAssembly_genomic","AT4G23950","OX291733.1",15557578,15560078,2500,3126.25,1
"7105","GCA_946412005.1_IP-Hum-4.PacbioHiFiAssembly_genomic","AT2G38360","OX291731.1",18995173,18996451,1278,1598.75,1
"8105","GCA_946412005.1_IP-Hum-4.PacbioHiFiAssembly_genomic","AT3G11090","OX291732.1",3490359,3491285,926,1158.75,1
"9105","GCA_946412005.1_IP-Hum-4.PacbioHiFiAssembly_genomic","AT5G24890","OX291734.1",8632111,8633858,1747,2190,1
"10105","GCA_946412005.1_IP-Hum-4.PacbioHiFiAssembly_genomic","AT5G27970","OX291734.1",9990814,10002147,11333,14170,1
"11144","GCA_946412005.1_IP-Hum-4.PacbioHiFiAssembly_genomic","AT1G49590","OX291730.1",21722370,21724360,1990,2487.5,1
"12121","GCA_946412005.1_IP-Hum-4.PacbioHiFiAssembly_genomic","AT5G46910","OX291734.1",21853486,21858523,5037,6301.25,1
"13108","GCA_946412005.1_IP-Hum-4.PacbioHiFiAssembly_genomic","AT1G77300","OX291730.1",32513451,32522979,9528,11916.25,1
"14105","GCA_946412005.1_IP-Hum-4.PacbioHiFiAssembly_genomic","AT2G15560","OX291731.1",9607115,9609436,2321,2937.5,1
"15105","GCA_946412005.1_IP-Hum-4.PacbioHiFiAssembly_genomic","AT3G27310","OX291732.1",10095943,10098097,2154,2693.75,1
"16105","GCA_946412005.1_IP-Hum-4.PacbioHiFiAssembly_genomic","AT5G42950","OX291734.1",20107260,20114371,7111,8893.75,1
"17105","GCA_946412005.1_IP-Hum-4.PacbioHiFiAssembly_genomic","AT5G47380","OX291734.1",22033578,22036956,3378,4223.75,1
"18105","GCA_946412005.1_IP-Hum-4.PacbioHiFiAssembly_genomic","AT3G06035","OX291732.1",1829200,1830606,1406,1757.5,1
"19105","GCA_946412005.1_IP-Hum-4.PacbioHiFiAssembly_genomic","AT2G38310","OX291731.1",18974830,18976268,1438,1798.75,1
"20105","GCA_946412005.1_IP-Hum-4.PacbioHiFiAssembly_genomic","AT1G27460","OX291730.1",9387825,9390951,3126,3908.75,1
"21144","GCA_946412005.1_IP-Hum-4.PacbioHiFiAssembly_genomic","AT2G45320","OX291731.1",21620345,21622425,2080,2602.5,1
"22121","GCA_946412005.1_IP-Hum-4.PacbioHiFiAssembly_genomic","AT1G30480","OX291730.1",10644508,10647204,2696,3380,1
"23108","GCA_946412005.1_IP-Hum-4.PacbioHiFiAssembly_genomic","AT3G13840","OX291732.1",4554291,4556039,1748,2186.25,1
"24105","GCA_946412005.1_IP-Hum-4.PacbioHiFiAssembly_genomic","AT5G38520","OX291734.1",18255913,18258055,2142,2678.75,1
"25105","GCA_946412005.1_IP-Hum-4.PacbioHiFiAssembly_genomic","AT2G22260","OX291731.1",12319516,12322159,2643,3305,1
"26105","GCA_946412005.1_IP-Hum-4.PacbioHiFiAssembly_genomic","AT1G49470","OX291730.1",21674151,21675437,1286,1608.75,1
"27105","GCA_946412005.1_IP-Hum-4.PacbioHiFiAssembly_genomic","AT1G70560","OX291730.1",30057286,30060085,2799,3497.5,1
"28105","GCA_946412005.1_IP-Hum-4.PacbioHiFiAssembly_genomic","AT3G10985","OX291732.1",3457349,3458737,1388,1805,1
"29105","GCA_946412005.1_IP-Hum-4.PacbioHiFiAssembly_genomic","AT4G36390","OX291733.1",20333394,20336068,2674,3343.75,1
"30105","GCA_946412005.1_IP-Hum-4.PacbioHiFiAssembly_genomic","AT4G34270","OX291733.1",19539714,19542173,2459,3075,1
"31144","GCA_946412005.1_IP-Hum-4.PacbioHiFiAssembly_genomic","AT5G50000","OX291734.1",23174016,23176815,2799,3497.5,1
"32121","GCA_946412005.1_IP-Hum-4.PacbioHiFiAssembly_genomic","AT1G30580","OX291730.1",10685291,10689251,3960,4953.75,1
"33107","GCA_946412005.1_IP-Hum-4.PacbioHiFiAssembly_genomic","AT1G20070","OX291730.1",6922036,6923192,1156,1446.25,1
"34104","GCA_946412005.1_IP-Hum-4.PacbioHiFiAssembly_genomic","AT3G25440","OX291732.1",9265496,9267314,1818,2273.75,1
"35105","GCA_946412005.1_IP-Hum-4.PacbioHiFiAssembly_genomic","AT5G43680","OX291734.1",20409935,20411780,1845,2321.25,1
"36105","GCA_946412005.1_IP-Hum-4.PacbioHiFiAssembly_genomic","AT1G67320","OX291730.1",28627461,28631284,3823,4778.75,1
"37105","GCA_946412005.1_IP-Hum-4.PacbioHiFiAssembly_genomic","AT2G44950","OX291731.1",21476408,21482885,6477,8097.5,1
"38105","GCA_946412005.1_IP-Hum-4.PacbioHiFiAssembly_genomic","AT5G24520","OX291734.1",8444422,8446952,2530,3163.75,1
"39105","GCA_946412005.1_IP-Hum-4.PacbioHiFiAssembly_genomic","AT5G56890","OX291734.1",25800001,25805582,5581,6991.25,1
"40105","GCA_946412005.1_IP-Hum-4.PacbioHiFiAssembly_genomic","AT1G24460","OX291730.1",8594634,8601409,6775,8472.5,1
"41142","GCA_946412005.1_IP-Hum-4.PacbioHiFiAssembly_genomic","AT2G28800","OX291731.1",15249720,15252967,3247,4060,1
"42117","GCA_946412005.1_IP-Hum-4.PacbioHiFiAssembly_genomic","AT5G13940","OX291734.1",4532063,4537574,5511,6863.75,1
"4585","GCA_946412005.1_IP-Hum-4.PacbioHiFiAssembly_genomic","AT1G19220","OX291730.1",6594008,6599449,5441,6813.75,1
"4699","GCA_946412005.1_IP-Hum-4.PacbioHiFiAssembly_genomic","AT5G01220","OX291734.1",91732,95306,3574,4468.75,1
"47105","GCA_946412005.1_IP-Hum-4.PacbioHiFiAssembly_genomic","AT1G02460","OX291730.1",507336,510145,2809,3507.5,1
"48105","GCA_946412005.1_IP-Hum-4.PacbioHiFiAssembly_genomic","AT1G04110","OX291730.1",1067057,1069569,2512,3141.25,1
"49105","GCA_946412005.1_IP-Hum-4.PacbioHiFiAssembly_genomic","AT4G01880","OX291733.1",1035727,1038000,2273,2842.5,1
"5092","GCA_946412005.1_IP-Hum-4.PacbioHiFiAssembly_genomic","AT2G24430","OX291731.1",13264855,13267990,3135,3911.25,1
"5172","GCA_946412005.1_IP-Hum-4.PacbioHiFiAssembly_genomic","AT5G47870","OX291734.1",22191642,22193147,1505,1877.5,1
"1408","GCA_946412065.1_GAIL-B-11.PacbioHiFiAssembly_genomic","AT2G27810","OX291736.1",15836755,15841025,4270,5322.5,1
"2408","GCA_946412065.1_GAIL-B-11.PacbioHiFiAssembly_genomic","AT5G40530","OX291739.1",19652687,19654554,1867,2313.75,1
"3408","GCA_946412065.1_GAIL-B-11.PacbioHiFiAssembly_genomic","AT3G26115","OX291737.1",9771968,9774197,2229,2787.5,1
"4348","GCA_946412065.1_GAIL-B-11.PacbioHiFiAssembly_genomic","AT1G26750","OX291735.1",9117126,9118543,1417,1772.5,1
"5173","GCA_946412065.1_GAIL-B-11.PacbioHiFiAssembly_genomic","AT4G17540","OX291738.1",12441944,12443938,1994,2493.75,1
"6106","GCA_946412065.1_GAIL-B-11.PacbioHiFiAssembly_genomic","AT4G23950","OX291738.1",15038415,15040915,2500,3126.25,1
"7106","GCA_946412065.1_GAIL-B-11.PacbioHiFiAssembly_genomic","AT2G38360","OX291736.1",20066228,20067506,1278,1598.75,1
"8106","GCA_946412065.1_GAIL-B-11.PacbioHiFiAssembly_genomic","AT3G11090","OX291737.1",3668579,3669505,926,1158.75,1
"9106","GCA_946412065.1_GAIL-B-11.PacbioHiFiAssembly_genomic","AT5G24890","OX291739.1",8591160,8592907,1747,2190,1
"10106","GCA_946412065.1_GAIL-B-11.PacbioHiFiAssembly_genomic","AT5G27970","OX291739.1",10004591,10015929,11338,14170,1
"11145","GCA_946412065.1_GAIL-B-11.PacbioHiFiAssembly_genomic","AT1G49590","OX291735.1",20046715,20048704,1989,2487.5,1
"12122","GCA_946412065.1_GAIL-B-11.PacbioHiFiAssembly_genomic","AT5G46910","OX291739.1",22409506,22414543,5037,6301.25,1
"13109","GCA_946412065.1_GAIL-B-11.PacbioHiFiAssembly_genomic","AT1G77300","OX291735.1",30774240,30783764,9524,11916.25,1
"14106","GCA_946412065.1_GAIL-B-11.PacbioHiFiAssembly_genomic","AT2G15560","OX291736.1",10712019,10714340,2321,2937.5,1
"15106","GCA_946412065.1_GAIL-B-11.PacbioHiFiAssembly_genomic","AT3G27310","OX291737.1",10300504,10302657,2153,2693.75,1
"16106","GCA_946412065.1_GAIL-B-11.PacbioHiFiAssembly_genomic","AT5G42950","OX291739.1",20630701,20637807,7106,8893.75,1
"17106","GCA_946412065.1_GAIL-B-11.PacbioHiFiAssembly_genomic","AT5G47380","OX291739.1",22587176,22590554,3378,4223.75,1
"18106","GCA_946412065.1_GAIL-B-11.PacbioHiFiAssembly_genomic","AT3G06035","OX291737.1",1989631,1991037,1406,1757.5,1
"19106","GCA_946412065.1_GAIL-B-11.PacbioHiFiAssembly_genomic","AT2G38310","OX291736.1",20046760,20048198,1438,1798.75,1
"20106","GCA_946412065.1_GAIL-B-11.PacbioHiFiAssembly_genomic","AT1G27460","OX291735.1",9411150,9414276,3126,3908.75,1
"21145","GCA_946412065.1_GAIL-B-11.PacbioHiFiAssembly_genomic","AT2G45320","OX291736.1",22705954,22708034,2080,2602.5,1
"22122","GCA_946412065.1_GAIL-B-11.PacbioHiFiAssembly_genomic","AT1G30480","OX291735.1",10651604,10654272,2668,3380,1
"23109","GCA_946412065.1_GAIL-B-11.PacbioHiFiAssembly_genomic","AT3G13840","OX291737.1",4737008,4738756,1748,2186.25,1
"24106","GCA_946412065.1_GAIL-B-11.PacbioHiFiAssembly_genomic","AT5G38520","OX291739.1",18840347,18842489,2142,2678.75,1
"25106","GCA_946412065.1_GAIL-B-11.PacbioHiFiAssembly_genomic","AT2G22260","OX291736.1",13419567,13422210,2643,3305,1
"26106","GCA_946412065.1_GAIL-B-11.PacbioHiFiAssembly_genomic","AT1G49470","OX291735.1",20002428,20003714,1286,1608.75,1
"27106","GCA_946412065.1_GAIL-B-11.PacbioHiFiAssembly_genomic","AT1G70560","OX291735.1",28339805,28342608,2803,3497.5,1
"28106","GCA_946412065.1_GAIL-B-11.PacbioHiFiAssembly_genomic","AT3G10985","OX291737.1",3635476,3636913,1437,1805,1
"29106","GCA_946412065.1_GAIL-B-11.PacbioHiFiAssembly_genomic","AT4G36390","OX291738.1",19872510,19875182,2672,3343.75,1
"30106","GCA_946412065.1_GAIL-B-11.PacbioHiFiAssembly_genomic","AT4G34270","OX291738.1",19065822,19068281,2459,3075,1
"31145","GCA_946412065.1_GAIL-B-11.PacbioHiFiAssembly_genomic","AT5G50000","OX291739.1",23716117,23718913,2796,3497.5,1
"32122","GCA_946412065.1_GAIL-B-11.PacbioHiFiAssembly_genomic","AT1G30580","OX291735.1",10692376,10696336,3960,4953.75,1
"33108","GCA_946412065.1_GAIL-B-11.PacbioHiFiAssembly_genomic","AT1G20070","OX291735.1",6941423,6942579,1156,1446.25,1
"34105","GCA_946412065.1_GAIL-B-11.PacbioHiFiAssembly_genomic","AT3G25440","OX291737.1",9457986,9459803,1817,2273.75,1
"35106","GCA_946412065.1_GAIL-B-11.PacbioHiFiAssembly_genomic","AT5G43680","OX291739.1",20943611,20945456,1845,2321.25,1
"36106","GCA_946412065.1_GAIL-B-11.PacbioHiFiAssembly_genomic","AT1G67320","OX291735.1",26918788,26922607,3819,4778.75,1
"37106","GCA_946412065.1_GAIL-B-11.PacbioHiFiAssembly_genomic","AT2G44950","OX291736.1",22567180,22573657,6477,8097.5,1
"38106","GCA_946412065.1_GAIL-B-11.PacbioHiFiAssembly_genomic","AT5G24520","OX291739.1",8400574,8403104,2530,3163.75,1
"39106","GCA_946412065.1_GAIL-B-11.PacbioHiFiAssembly_genomic","AT5G56890","OX291739.1",26357919,26363508,5589,6991.25,1
"40106","GCA_946412065.1_GAIL-B-11.PacbioHiFiAssembly_genomic","AT1G24460","OX291735.1",8616340,8623115,6775,8472.5,1
"41143","GCA_946412065.1_GAIL-B-11.PacbioHiFiAssembly_genomic","AT2G28800","OX291736.1",16343162,16346409,3247,4060,1
"42118","GCA_946412065.1_GAIL-B-11.PacbioHiFiAssembly_genomic","AT5G13940","OX291739.1",4530891,4536381,5490,6863.75,1
"4586","GCA_946412065.1_GAIL-B-11.PacbioHiFiAssembly_genomic","AT1G19220","OX291735.1",6613948,6619396,5448,6813.75,1
"46100","GCA_946412065.1_GAIL-B-11.PacbioHiFiAssembly_genomic","AT5G01220","OX291739.1",82341,85916,3575,4468.75,1
"47106","GCA_946412065.1_GAIL-B-11.PacbioHiFiAssembly_genomic","AT1G02460","OX291735.1",507088,509901,2813,3507.5,1
"48106","GCA_946412065.1_GAIL-B-11.PacbioHiFiAssembly_genomic","AT1G04110","OX291735.1",1066860,1069372,2512,3141.25,1
"49106","GCA_946412065.1_GAIL-B-11.PacbioHiFiAssembly_genomic","AT4G01880","OX291738.1",1117962,1120240,2278,2842.5,1
"5093","GCA_946412065.1_GAIL-B-11.PacbioHiFiAssembly_genomic","AT2G24430","OX291736.1",14357801,14360921,3120,3911.25,1
"5174","GCA_946412065.1_GAIL-B-11.PacbioHiFiAssembly_genomic","AT5G47870","OX291739.1",22750239,22751740,1501,1877.5,1
"1409","GCA_946412225.1_IP-Mdc-14.PacbioHiFiAssembly_genomic","AT2G27810","OX291742.1",15235606,15239863,4257,5322.5,1
"2409","GCA_946412225.1_IP-Mdc-14.PacbioHiFiAssembly_genomic","AT5G40530","OX291745.1",19288262,19290129,1867,2313.75,1
"3409","GCA_946412225.1_IP-Mdc-14.PacbioHiFiAssembly_genomic","AT3G26115","OX291743.1",9579931,9582133,2202,2787.5,1
"4349","GCA_946412225.1_IP-Mdc-14.PacbioHiFiAssembly_genomic","AT1G26750","OX291741.1",9098963,9100380,1417,1772.5,1
"5175","GCA_946412225.1_IP-Mdc-14.PacbioHiFiAssembly_genomic","AT4G17540","OX291744.1",14538541,14540535,1994,2493.75,1
"6107","GCA_946412225.1_IP-Mdc-14.PacbioHiFiAssembly_genomic","AT4G23950","OX291744.1",17075993,17078493,2500,3126.25,1
"7107","GCA_946412225.1_IP-Mdc-14.PacbioHiFiAssembly_genomic","AT2G38360","OX291742.1",19452766,19454044,1278,1598.75,1
"8107","GCA_946412225.1_IP-Mdc-14.PacbioHiFiAssembly_genomic","AT3G11090","OX291743.1",3506620,3507546,926,1158.75,1
"9107","GCA_946412225.1_IP-Mdc-14.PacbioHiFiAssembly_genomic","AT5G24890","OX291745.1",8623731,8625487,1756,2190,1
"10107","GCA_946412225.1_IP-Mdc-14.PacbioHiFiAssembly_genomic","AT5G27970","OX291745.1",10069554,10080890,11336,14170,1
"11146","GCA_946412225.1_IP-Mdc-14.PacbioHiFiAssembly_genomic","AT1G49590","OX291741.1",21341697,21343700,2003,2487.5,1
"12123","GCA_946412225.1_IP-Mdc-14.PacbioHiFiAssembly_genomic","AT5G46910","OX291745.1",22023392,22028432,5040,6301.25,1
"13110","GCA_946412225.1_IP-Mdc-14.PacbioHiFiAssembly_genomic","AT1G77300","OX291741.1",31943983,31953505,9522,11916.25,1
"14107","GCA_946412225.1_IP-Mdc-14.PacbioHiFiAssembly_genomic","AT2G15560","OX291742.1",10174548,10176896,2348,2937.5,1
"15107","GCA_946412225.1_IP-Mdc-14.PacbioHiFiAssembly_genomic","AT3G27310","OX291743.1",10115755,10117908,2153,2693.75,1
"16107","GCA_946412225.1_IP-Mdc-14.PacbioHiFiAssembly_genomic","AT5G42950","OX291745.1",20288930,20296037,7107,8893.75,1
"17107","GCA_946412225.1_IP-Mdc-14.PacbioHiFiAssembly_genomic","AT5G47380","OX291745.1",22196193,22199554,3361,4223.75,1
"18107","GCA_946412225.1_IP-Mdc-14.PacbioHiFiAssembly_genomic","AT3G06035","OX291743.1",1846138,1847543,1405,1757.5,1
"19107","GCA_946412225.1_IP-Mdc-14.PacbioHiFiAssembly_genomic","AT2G38310","OX291742.1",19433299,19434737,1438,1798.75,1
"20107","GCA_946412225.1_IP-Mdc-14.PacbioHiFiAssembly_genomic","AT1G27460","OX291741.1",9381431,9384557,3126,3908.75,1
"21146","GCA_946412225.1_IP-Mdc-14.PacbioHiFiAssembly_genomic","AT2G45320","OX291742.1",22053349,22055429,2080,2602.5,1
"22123","GCA_946412225.1_IP-Mdc-14.PacbioHiFiAssembly_genomic","AT1G30480","OX291741.1",10602509,10605206,2697,3380,1
"23110","GCA_946412225.1_IP-Mdc-14.PacbioHiFiAssembly_genomic","AT3G13840","OX291743.1",4565227,4566975,1748,2186.25,1
"24107","GCA_946412225.1_IP-Mdc-14.PacbioHiFiAssembly_genomic","AT5G38520","OX291745.1",18485009,18487143,2134,2678.75,1
"25107","GCA_946412225.1_IP-Mdc-14.PacbioHiFiAssembly_genomic","AT2G22260","OX291742.1",12826251,12828979,2728,3305,1
"26107","GCA_946412225.1_IP-Mdc-14.PacbioHiFiAssembly_genomic","AT1G49470","OX291741.1",21297386,21298672,1286,1608.75,1
"27107","GCA_946412225.1_IP-Mdc-14.PacbioHiFiAssembly_genomic","AT1G70560","OX291741.1",29483461,29486256,2795,3497.5,1
"28107","GCA_946412225.1_IP-Mdc-14.PacbioHiFiAssembly_genomic","AT3G10985","OX291743.1",3469249,3470638,1389,1805,1
"29107","GCA_946412225.1_IP-Mdc-14.PacbioHiFiAssembly_genomic","AT4G36390","OX291744.1",21872846,21875520,2674,3343.75,1
"30107","GCA_946412225.1_IP-Mdc-14.PacbioHiFiAssembly_genomic","AT4G34270","OX291744.1",21081089,21083548,2459,3075,1
"31146","GCA_946412225.1_IP-Mdc-14.PacbioHiFiAssembly_genomic","AT5G50000","OX291745.1",23317180,23319976,2796,3497.5,1
"32123","GCA_946412225.1_IP-Mdc-14.PacbioHiFiAssembly_genomic","AT1G30580","OX291741.1",10643209,10647169,3960,4953.75,1
"33109","GCA_946412225.1_IP-Mdc-14.PacbioHiFiAssembly_genomic","AT1G20070","OX291741.1",6942520,6943676,1156,1446.25,1
"34106","GCA_946412225.1_IP-Mdc-14.PacbioHiFiAssembly_genomic","AT3G25440","OX291743.1",9273487,9275303,1816,2273.75,1
"35107","GCA_946412225.1_IP-Mdc-14.PacbioHiFiAssembly_genomic","AT5G43680","OX291745.1",20591143,20592810,1667,2321.25,1
"36107","GCA_946412225.1_IP-Mdc-14.PacbioHiFiAssembly_genomic","AT1G67320","OX291741.1",28085366,28089188,3822,4778.75,1
"37107","GCA_946412225.1_IP-Mdc-14.PacbioHiFiAssembly_genomic","AT2G44950","OX291742.1",21914462,21920939,6477,8097.5,1
"38107","GCA_946412225.1_IP-Mdc-14.PacbioHiFiAssembly_genomic","AT5G24520","OX291745.1",8427388,8429918,2530,3163.75,1
"39107","GCA_946412225.1_IP-Mdc-14.PacbioHiFiAssembly_genomic","AT5G56890","OX291745.1",25968095,25973683,5588,6991.25,1
"40107","GCA_946412225.1_IP-Mdc-14.PacbioHiFiAssembly_genomic","AT1G24460","OX291741.1",8601661,8608439,6778,8472.5,1
"41144","GCA_946412225.1_IP-Mdc-14.PacbioHiFiAssembly_genomic","AT2G28800","OX291742.1",15737843,15741091,3248,4060,1
"42119","GCA_946412225.1_IP-Mdc-14.PacbioHiFiAssembly_genomic","AT5G13940","OX291745.1",4492367,4497857,5490,6863.75,1
"4587","GCA_946412225.1_IP-Mdc-14.PacbioHiFiAssembly_genomic","AT1G19220","OX291741.1",6613978,6619420,5442,6813.75,1
"46101","GCA_946412225.1_IP-Mdc-14.PacbioHiFiAssembly_genomic","AT5G01220","OX291745.1",88073,91648,3575,4468.75,1
"47107","GCA_946412225.1_IP-Mdc-14.PacbioHiFiAssembly_genomic","AT1G02460","OX291741.1",508875,511682,2807,3507.5,1
"48107","GCA_946412225.1_IP-Mdc-14.PacbioHiFiAssembly_genomic","AT1G04110","OX291741.1",1071710,1074222,2512,3141.25,1
"49107","GCA_946412225.1_IP-Mdc-14.PacbioHiFiAssembly_genomic","AT4G01880","OX291744.1",1348005,1350278,2273,2842.5,1
"5094","GCA_946412225.1_IP-Mdc-14.PacbioHiFiAssembly_genomic","AT2G24430","OX291742.1",13779478,13782594,3116,3911.25,1
"5176","GCA_946412225.1_IP-Mdc-14.PacbioHiFiAssembly_genomic","AT5G47870","OX291745.1",22353742,22355248,1506,1877.5,1
"1500","GCA_946413285.1_IP-Hum-2.9549.PacbioHiFiAssembly_genomic","AT2G27810","OX291751.1",15120342,15124598,4256,5322.5,1
"2500","GCA_946413285.1_IP-Hum-2.9549.PacbioHiFiAssembly_genomic","AT5G40530","OX291754.1",19744490,19746351,1861,2313.75,1
"3500","GCA_946413285.1_IP-Hum-2.9549.PacbioHiFiAssembly_genomic","AT3G26115","OX291752.1",9658311,9660513,2202,2787.5,1
"4350","GCA_946413285.1_IP-Hum-2.9549.PacbioHiFiAssembly_genomic","AT1G26750","OX291750.1",9210348,9211777,1429,1772.5,1
"5177","GCA_946413285.1_IP-Hum-2.9549.PacbioHiFiAssembly_genomic","AT4G17540","OX291753.1",16841565,16843559,1994,2493.75,1
"6108","GCA_946413285.1_IP-Hum-2.9549.PacbioHiFiAssembly_genomic","AT4G23950","OX291753.1",19448360,19450860,2500,3126.25,1
"7108","GCA_946413285.1_IP-Hum-2.9549.PacbioHiFiAssembly_genomic","AT2G38360","OX291751.1",19380164,19381442,1278,1598.75,1
"8108","GCA_946413285.1_IP-Hum-2.9549.PacbioHiFiAssembly_genomic","AT3G11090","OX291752.1",3577043,3577969,926,1158.75,1
"9108","GCA_946413285.1_IP-Hum-2.9549.PacbioHiFiAssembly_genomic","AT5G24890","OX291754.1",8666481,8668233,1752,2190,1
"10108","GCA_946413285.1_IP-Hum-2.9549.PacbioHiFiAssembly_genomic","AT5G27970","OX291754.1",10117352,10128696,11344,14170,1
"11147","GCA_946413285.1_IP-Hum-2.9549.PacbioHiFiAssembly_genomic","AT1G49590","OX291750.1",20995976,20997966,1990,2487.5,1
"12124","GCA_946413285.1_IP-Hum-2.9549.PacbioHiFiAssembly_genomic","AT5G46910","OX291754.1",22505739,22510800,5061,6301.25,1
"13111","GCA_946413285.1_IP-Hum-2.9549.PacbioHiFiAssembly_genomic","AT1G77300","OX291750.1",31734720,31744240,9520,11916.25,1
"14108","GCA_946413285.1_IP-Hum-2.9549.PacbioHiFiAssembly_genomic","AT2G15560","OX291751.1",9977247,9979595,2348,2937.5,1
"15108","GCA_946413285.1_IP-Hum-2.9549.PacbioHiFiAssembly_genomic","AT3G27310","OX291752.1",10192944,10195098,2154,2693.75,1
"16108","GCA_946413285.1_IP-Hum-2.9549.PacbioHiFiAssembly_genomic","AT5G42950","OX291754.1",20734477,20741590,7113,8893.75,1
"17108","GCA_946413285.1_IP-Hum-2.9549.PacbioHiFiAssembly_genomic","AT5G47380","OX291754.1",22685881,22689259,3378,4223.75,1
"18108","GCA_946413285.1_IP-Hum-2.9549.PacbioHiFiAssembly_genomic","AT3G06035","OX291752.1",1894000,1895405,1405,1757.5,1
"19108","GCA_946413285.1_IP-Hum-2.9549.PacbioHiFiAssembly_genomic","AT2G38310","OX291751.1",19360696,19362134,1438,1798.75,1
"20108","GCA_946413285.1_IP-Hum-2.9549.PacbioHiFiAssembly_genomic","AT1G27460","OX291750.1",9497863,9501025,3162,3908.75,1
"21147","GCA_946413285.1_IP-Hum-2.9549.PacbioHiFiAssembly_genomic","AT2G45320","OX291751.1",21994386,21996467,2081,2602.5,1
"22124","GCA_946413285.1_IP-Hum-2.9549.PacbioHiFiAssembly_genomic","AT1G30480","OX291750.1",10813612,10816308,2696,3380,1
"23111","GCA_946413285.1_IP-Hum-2.9549.PacbioHiFiAssembly_genomic","AT3G13840","OX291752.1",4662977,4664725,1748,2186.25,1
"24108","GCA_946413285.1_IP-Hum-2.9549.PacbioHiFiAssembly_genomic","AT5G38520","OX291754.1",18920454,18922582,2128,2678.75,1
"25108","GCA_946413285.1_IP-Hum-2.9549.PacbioHiFiAssembly_genomic","AT2G22260","OX291751.1",12699110,12701753,2643,3305,1
"26108","GCA_946413285.1_IP-Hum-2.9549.PacbioHiFiAssembly_genomic","AT1G49470","OX291750.1",20947759,20949045,1286,1608.75,1
"27108","GCA_946413285.1_IP-Hum-2.9549.PacbioHiFiAssembly_genomic","AT1G70560","OX291750.1",29284930,29287730,2800,3497.5,1
"28108","GCA_946413285.1_IP-Hum-2.9549.PacbioHiFiAssembly_genomic","AT3G10985","OX291752.1",3540334,3541721,1387,1805,1
"29108","GCA_946413285.1_IP-Hum-2.9549.PacbioHiFiAssembly_genomic","AT4G36390","OX291753.1",24255843,24258531,2688,3343.75,1
"30108","GCA_946413285.1_IP-Hum-2.9549.PacbioHiFiAssembly_genomic","AT4G34270","OX291753.1",23468882,23471327,2445,3075,1
"31147","GCA_946413285.1_IP-Hum-2.9549.PacbioHiFiAssembly_genomic","AT5G50000","OX291754.1",23818657,23821456,2799,3497.5,1
"32124","GCA_946413285.1_IP-Hum-2.9549.PacbioHiFiAssembly_genomic","AT1G30580","OX291750.1",10854286,10858246,3960,4953.75,1
"33110","GCA_946413285.1_IP-Hum-2.9549.PacbioHiFiAssembly_genomic","AT1G20070","OX291750.1",6979488,6980644,1156,1446.25,1
"34107","GCA_946413285.1_IP-Hum-2.9549.PacbioHiFiAssembly_genomic","AT3G25440","OX291752.1",9351437,9353253,1816,2273.75,1
"35108","GCA_946413285.1_IP-Hum-2.9549.PacbioHiFiAssembly_genomic","AT5G43680","OX291754.1",21053959,21055803,1844,2321.25,1
"36108","GCA_946413285.1_IP-Hum-2.9549.PacbioHiFiAssembly_genomic","AT1G67320","OX291750.1",27877066,27880883,3817,4778.75,1
"37108","GCA_946413285.1_IP-Hum-2.9549.PacbioHiFiAssembly_genomic","AT2G44950","OX291751.1",21857580,21864057,6477,8097.5,1
"38108","GCA_946413285.1_IP-Hum-2.9549.PacbioHiFiAssembly_genomic","AT5G24520","OX291754.1",8479627,8482157,2530,3163.75,1
"39108","GCA_946413285.1_IP-Hum-2.9549.PacbioHiFiAssembly_genomic","AT5G56890","OX291754.1",26482472,26488055,5583,6991.25,1
"40108","GCA_946413285.1_IP-Hum-2.9549.PacbioHiFiAssembly_genomic","AT1G24460","OX291750.1",8671212,8677987,6775,8472.5,1
"41145","GCA_946413285.1_IP-Hum-2.9549.PacbioHiFiAssembly_genomic","AT2G28800","OX291751.1",15629176,15632436,3260,4060,1
"42120","GCA_946413285.1_IP-Hum-2.9549.PacbioHiFiAssembly_genomic","AT5G13940","OX291754.1",4547669,4553165,5496,6863.75,1
"4588","GCA_946413285.1_IP-Hum-2.9549.PacbioHiFiAssembly_genomic","AT1G19220","OX291750.1",6644690,6650145,5455,6813.75,1
"46102","GCA_946413285.1_IP-Hum-2.9549.PacbioHiFiAssembly_genomic","AT5G01220","OX291754.1",90366,93945,3579,4468.75,1
"47108","GCA_946413285.1_IP-Hum-2.9549.PacbioHiFiAssembly_genomic","AT1G02460","OX291750.1",525549,528338,2789,3507.5,1
"48108","GCA_946413285.1_IP-Hum-2.9549.PacbioHiFiAssembly_genomic","AT1G04110","OX291750.1",1088853,1091365,2512,3141.25,1
"49108","GCA_946413285.1_IP-Hum-2.9549.PacbioHiFiAssembly_genomic","AT4G01880","OX291753.1",1944455,1946728,2273,2842.5,1
"5095","GCA_946413285.1_IP-Hum-2.9549.PacbioHiFiAssembly_genomic","AT2G24430","OX291751.1",13625633,13628755,3122,3911.25,1
"5178","GCA_946413285.1_IP-Hum-2.9549.PacbioHiFiAssembly_genomic","AT5G47870","OX291754.1",22852157,22853659,1502,1877.5,1
"1501","GCA_946413305.1_IP-Med-3.PacbioHiFiAssembly_genomic","AT2G27810","OX291756.1",14167691,14171948,4257,5322.5,1
"2501","GCA_946413305.1_IP-Med-3.PacbioHiFiAssembly_genomic","AT5G40530","OX291759.1",20468144,20470011,1867,2313.75,1
"3501","GCA_946413305.1_IP-Med-3.PacbioHiFiAssembly_genomic","AT3G26115","OX291757.1",9522309,9524511,2202,2787.5,1
"4351","GCA_946413305.1_IP-Med-3.PacbioHiFiAssembly_genomic","AT1G26750","OX291755.1",9127491,9128908,1417,1772.5,1
"5179","GCA_946413305.1_IP-Med-3.PacbioHiFiAssembly_genomic","AT4G17540","OX291758.1",16072698,16074692,1994,2493.75,1
"6109","GCA_946413305.1_IP-Med-3.PacbioHiFiAssembly_genomic","AT4G23950","OX291758.1",18664176,18666676,2500,3126.25,1
"7109","GCA_946413305.1_IP-Med-3.PacbioHiFiAssembly_genomic","AT2G38360","OX291756.1",18383435,18384713,1278,1598.75,1
"8109","GCA_946413305.1_IP-Med-3.PacbioHiFiAssembly_genomic","AT3G11090","OX291757.1",3505379,3506305,926,1158.75,1
"9109","GCA_946413305.1_IP-Med-3.PacbioHiFiAssembly_genomic","AT5G24890","OX291759.1",8558192,8559942,1750,2190,1
"10109","GCA_946413305.1_IP-Med-3.PacbioHiFiAssembly_genomic","AT5G27970","OX291759.1",10011497,10022830,11333,14170,1
"11148","GCA_946413305.1_IP-Med-3.PacbioHiFiAssembly_genomic","AT1G49590","OX291755.1",22247598,22249587,1989,2487.5,1
"12125","GCA_946413305.1_IP-Med-3.PacbioHiFiAssembly_genomic","AT5G46910","OX291759.1",23296095,23301135,5040,6301.25,1
"13112","GCA_946413305.1_IP-Med-3.PacbioHiFiAssembly_genomic","AT1G77300","OX291755.1",32889006,32898530,9524,11916.25,1
"14109","GCA_946413305.1_IP-Med-3.PacbioHiFiAssembly_genomic","AT2G15560","OX291756.1",9058162,9060483,2321,2937.5,1
"15109","GCA_946413305.1_IP-Med-3.PacbioHiFiAssembly_genomic","AT3G27310","OX291757.1",10061926,10064080,2154,2693.75,1
"16109","GCA_946413305.1_IP-Med-3.PacbioHiFiAssembly_genomic","AT5G42950","OX291759.1",21464682,21471796,7114,8893.75,1
"17109","GCA_946413305.1_IP-Med-3.PacbioHiFiAssembly_genomic","AT5G47380","OX291759.1",23476338,23479716,3378,4223.75,1
"18109","GCA_946413305.1_IP-Med-3.PacbioHiFiAssembly_genomic","AT3G06035","OX291757.1",1833971,1835376,1405,1757.5,1
"19109","GCA_946413305.1_IP-Med-3.PacbioHiFiAssembly_genomic","AT2G38310","OX291756.1",18364023,18365461,1438,1798.75,1
"20109","GCA_946413305.1_IP-Med-3.PacbioHiFiAssembly_genomic","AT1G27460","OX291755.1",9406106,9409232,3126,3908.75,1
"21148","GCA_946413305.1_IP-Med-3.PacbioHiFiAssembly_genomic","AT2G45320","OX291756.1",21011905,21013985,2080,2602.5,1
"22125","GCA_946413305.1_IP-Med-3.PacbioHiFiAssembly_genomic","AT1G30480","OX291755.1",10674386,10677074,2688,3380,1
"23112","GCA_946413305.1_IP-Med-3.PacbioHiFiAssembly_genomic","AT3G13840","OX291757.1",4560740,4562488,1748,2186.25,1
"24109","GCA_946413305.1_IP-Med-3.PacbioHiFiAssembly_genomic","AT5G38520","OX291759.1",19570302,19572444,2142,2678.75,1
"25109","GCA_946413305.1_IP-Med-3.PacbioHiFiAssembly_genomic","AT2G22260","OX291756.1",11758506,11761149,2643,3305,1
"26109","GCA_946413305.1_IP-Med-3.PacbioHiFiAssembly_genomic","AT1G49470","OX291755.1",22203294,22204580,1286,1608.75,1
"27109","GCA_946413305.1_IP-Med-3.PacbioHiFiAssembly_genomic","AT1G70560","OX291755.1",30445674,30448471,2797,3497.5,1
"28109","GCA_946413305.1_IP-Med-3.PacbioHiFiAssembly_genomic","AT3G10985","OX291757.1",3472369,3473757,1388,1805,1
"29109","GCA_946413305.1_IP-Med-3.PacbioHiFiAssembly_genomic","AT4G36390","OX291758.1",23436932,23439606,2674,3343.75,1
"30109","GCA_946413305.1_IP-Med-3.PacbioHiFiAssembly_genomic","AT4G34270","OX291758.1",22641998,22644457,2459,3075,1
"31148","GCA_946413305.1_IP-Med-3.PacbioHiFiAssembly_genomic","AT5G50000","OX291759.1",24587219,24590016,2797,3497.5,1
"32125","GCA_946413305.1_IP-Med-3.PacbioHiFiAssembly_genomic","AT1G30580","OX291755.1",10715099,10719059,3960,4953.75,1
"33111","GCA_946413305.1_IP-Med-3.PacbioHiFiAssembly_genomic","AT1G20070","OX291755.1",6941288,6942444,1156,1446.25,1
"34108","GCA_946413305.1_IP-Med-3.PacbioHiFiAssembly_genomic","AT3G25440","OX291757.1",9210547,9212363,1816,2273.75,1
"35109","GCA_946413305.1_IP-Med-3.PacbioHiFiAssembly_genomic","AT5G43680","OX291759.1",21756211,21758056,1845,2321.25,1
"36109","GCA_946413305.1_IP-Med-3.PacbioHiFiAssembly_genomic","AT1G67320","OX291755.1",29049372,29053191,3819,4778.75,1
"37109","GCA_946413305.1_IP-Med-3.PacbioHiFiAssembly_genomic","AT2G44950","OX291756.1",20873076,20879553,6477,8097.5,1
"38109","GCA_946413305.1_IP-Med-3.PacbioHiFiAssembly_genomic","AT5G24520","OX291759.1",8375206,8377736,2530,3163.75,1
"39109","GCA_946413305.1_IP-Med-3.PacbioHiFiAssembly_genomic","AT5G56890","OX291759.1",27213991,27219579,5588,6991.25,1
"40109","GCA_946413305.1_IP-Med-3.PacbioHiFiAssembly_genomic","AT1G24460","OX291755.1",8625901,8632678,6777,8472.5,1
"41146","GCA_946413305.1_IP-Med-3.PacbioHiFiAssembly_genomic","AT2G28800","OX291756.1",14674752,14677999,3247,4060,1
"42121","GCA_946413305.1_IP-Med-3.PacbioHiFiAssembly_genomic","AT5G13940","OX291759.1",4507477,4512967,5490,6863.75,1
"4443","GCA_946413305.1_IP-Med-3.PacbioHiFiAssembly_genomic","AT1G19220","OX291755.1",6610906,6616351,5445,6813.75,1
"4589","GCA_946413305.1_IP-Med-3.PacbioHiFiAssembly_genomic","AT5G01220","OX291759.1",85286,88838,3552,4468.75,1
"46103","GCA_946413305.1_IP-Med-3.PacbioHiFiAssembly_genomic","AT1G02460","OX291755.1",507209,510016,2807,3507.5,1
"47109","GCA_946413305.1_IP-Med-3.PacbioHiFiAssembly_genomic","AT1G04110","OX291755.1",1068770,1071282,2512,3141.25,1
"48109","GCA_946413305.1_IP-Med-3.PacbioHiFiAssembly_genomic","AT4G01880","OX291758.1",1422441,1424713,2272,2842.5,1
"49109","GCA_946413305.1_IP-Med-3.PacbioHiFiAssembly_genomic","AT2G24430","OX291756.1",12668528,12671634,3106,3911.25,1
"5096","GCA_946413305.1_IP-Med-3.PacbioHiFiAssembly_genomic","AT5G47870","OX291759.1",23633702,23635207,1505,1877.5,1
"1502","GCA_946413405.1_PREI-A-14.PacbioHiFiAssembly_genomic","AT2G27810","OX291761.1",15290459,15294729,4270,5322.5,1
"2502","GCA_946413405.1_PREI-A-14.PacbioHiFiAssembly_genomic","AT5G40530","OX291764.1",19834854,19836721,1867,2313.75,1
"3502","GCA_946413405.1_PREI-A-14.PacbioHiFiAssembly_genomic","AT3G26115","OX291762.1",9627985,9630214,2229,2787.5,1
"4352","GCA_946413405.1_PREI-A-14.PacbioHiFiAssembly_genomic","AT1G26750","OX291760.1",9130290,9131707,1417,1772.5,1
"5180","GCA_946413405.1_PREI-A-14.PacbioHiFiAssembly_genomic","AT4G17540","OX291763.1",13302530,13304524,1994,2493.75,1
"6110","GCA_946413405.1_PREI-A-14.PacbioHiFiAssembly_genomic","AT4G23950","OX291763.1",15970268,15972768,2500,3126.25,1
"7110","GCA_946413405.1_PREI-A-14.PacbioHiFiAssembly_genomic","AT2G38360","OX291761.1",19507757,19509035,1278,1598.75,1
"8110","GCA_946413405.1_PREI-A-14.PacbioHiFiAssembly_genomic","AT3G11090","OX291762.1",3606434,3607360,926,1158.75,1
"9110","GCA_946413405.1_PREI-A-14.PacbioHiFiAssembly_genomic","AT5G24890","OX291764.1",8610610,8612360,1750,2190,1
"10110","GCA_946413405.1_PREI-A-14.PacbioHiFiAssembly_genomic","AT5G27970","OX291764.1",10025475,10036813,11338,14170,1
"11149","GCA_946413405.1_PREI-A-14.PacbioHiFiAssembly_genomic","AT1G49590","OX291760.1",21490045,21492034,1989,2487.5,1
"12126","GCA_946413405.1_PREI-A-14.PacbioHiFiAssembly_genomic","AT5G46910","OX291764.1",22671088,22676117,5029,6301.25,1
"13113","GCA_946413405.1_PREI-A-14.PacbioHiFiAssembly_genomic","AT1G77300","OX291760.1",32246421,32255945,9524,11916.25,1
"14110","GCA_946413405.1_PREI-A-14.PacbioHiFiAssembly_genomic","AT2G15560","OX291761.1",10247036,10249357,2321,2937.5,1
"15110","GCA_946413405.1_PREI-A-14.PacbioHiFiAssembly_genomic","AT3G27310","OX291762.1",10167998,10170152,2154,2693.75,1
"16110","GCA_946413405.1_PREI-A-14.PacbioHiFiAssembly_genomic","AT5G42950","OX291764.1",20843726,20850837,7111,8893.75,1
"17110","GCA_946413405.1_PREI-A-14.PacbioHiFiAssembly_genomic","AT5G47380","OX291764.1",22843513,22846891,3378,4223.75,1
"18110","GCA_946413405.1_PREI-A-14.PacbioHiFiAssembly_genomic","AT3G06035","OX291762.1",1919757,1921163,1406,1757.5,1
"19110","GCA_946413405.1_PREI-A-14.PacbioHiFiAssembly_genomic","AT2G38310","OX291761.1",19488299,19489737,1438,1798.75,1
"20110","GCA_946413405.1_PREI-A-14.PacbioHiFiAssembly_genomic","AT1G27460","OX291760.1",9410080,9413206,3126,3908.75,1
"21149","GCA_946413405.1_PREI-A-14.PacbioHiFiAssembly_genomic","AT2G45320","OX291761.1",22132349,22134429,2080,2602.5,1
"22126","GCA_946413405.1_PREI-A-14.PacbioHiFiAssembly_genomic","AT1G30480","OX291760.1",10648276,10650944,2668,3380,1
"23113","GCA_946413405.1_PREI-A-14.PacbioHiFiAssembly_genomic","AT3G13840","OX291762.1",4665355,4667103,1748,2186.25,1
"24110","GCA_946413405.1_PREI-A-14.PacbioHiFiAssembly_genomic","AT5G38520","OX291764.1",19040123,19042265,2142,2678.75,1
"25110","GCA_946413405.1_PREI-A-14.PacbioHiFiAssembly_genomic","AT2G22260","OX291761.1",12902787,12905430,2643,3305,1
"26110","GCA_946413405.1_PREI-A-14.PacbioHiFiAssembly_genomic","AT1G49470","OX291760.1",21445706,21446992,1286,1608.75,1
"27110","GCA_946413405.1_PREI-A-14.PacbioHiFiAssembly_genomic","AT1G70560","OX291760.1",29800880,29803677,2797,3497.5,1
"28110","GCA_946413405.1_PREI-A-14.PacbioHiFiAssembly_genomic","AT3G10985","OX291762.1",3573328,3574768,1440,1805,1
"29110","GCA_946413405.1_PREI-A-14.PacbioHiFiAssembly_genomic","AT4G36390","OX291763.1",20762257,20764931,2674,3343.75,1
"30110","GCA_946413405.1_PREI-A-14.PacbioHiFiAssembly_genomic","AT4G34270","OX291763.1",19973056,19975501,2445,3075,1
"31149","GCA_946413405.1_PREI-A-14.PacbioHiFiAssembly_genomic","AT5G50000","OX291764.1",23960303,23963101,2798,3497.5,1
"32126","GCA_946413405.1_PREI-A-14.PacbioHiFiAssembly_genomic","AT1G30580","OX291760.1",10689050,10693010,3960,4953.75,1
"33112","GCA_946413405.1_PREI-A-14.PacbioHiFiAssembly_genomic","AT1G20070","OX291760.1",6967077,6968233,1156,1446.25,1
"34109","GCA_946413405.1_PREI-A-14.PacbioHiFiAssembly_genomic","AT3G25440","OX291762.1",9322376,9324194,1818,2273.75,1
"35110","GCA_946413405.1_PREI-A-14.PacbioHiFiAssembly_genomic","AT5G43680","OX291764.1",21157799,21159446,1647,2321.25,1
"36110","GCA_946413405.1_PREI-A-14.PacbioHiFiAssembly_genomic","AT1G67320","OX291760.1",28392999,28396822,3823,4778.75,1
"37110","GCA_946413405.1_PREI-A-14.PacbioHiFiAssembly_genomic","AT2G44950","OX291761.1",21993520,21999999,6479,8097.5,1
"38110","GCA_946413405.1_PREI-A-14.PacbioHiFiAssembly_genomic","AT5G24520","OX291764.1",8412551,8415081,2530,3163.75,1
"39110","GCA_946413405.1_PREI-A-14.PacbioHiFiAssembly_genomic","AT5G56890","OX291764.1",26592224,26597805,5581,6991.25,1
"40110","GCA_946413405.1_PREI-A-14.PacbioHiFiAssembly_genomic","AT1G24460","OX291760.1",8635758,8642533,6775,8472.5,1
"41147","GCA_946413405.1_PREI-A-14.PacbioHiFiAssembly_genomic","AT2G28800","OX291761.1",15800770,15804017,3247,4060,1
"42122","GCA_946413405.1_PREI-A-14.PacbioHiFiAssembly_genomic","AT5G13940","OX291764.1",4522302,4527813,5511,6863.75,1
"46104","GCA_946413405.1_PREI-A-14.PacbioHiFiAssembly_genomic","AT1G19220","OX291760.1",6640181,6645626,5445,6813.75,1
"47110","GCA_946413405.1_PREI-A-14.PacbioHiFiAssembly_genomic","AT5G01220","OX291764.1",83623,87201,3578,4468.75,1
"48110","GCA_946413405.1_PREI-A-14.PacbioHiFiAssembly_genomic","AT1G02460","OX291760.1",513201,516004,2803,3507.5,1
"49110","GCA_946413405.1_PREI-A-14.PacbioHiFiAssembly_genomic","AT1G04110","OX291760.1",1072228,1074740,2512,3141.25,1
"5097","GCA_946413405.1_PREI-A-14.PacbioHiFiAssembly_genomic","AT4G01880","OX291763.1",1188193,1190465,2272,2842.5,1
"5181","GCA_946413405.1_PREI-A-14.PacbioHiFiAssembly_genomic","AT2G24430","OX291761.1",13849449,13852570,3121,3911.25,1
"5228","GCA_946413405.1_PREI-A-14.PacbioHiFiAssembly_genomic","AT5G47870","OX291764.1",23006571,23008073,1502,1877.5,1
"1503","GCA_946413935.1_IP-Sln-22.PacbioHiFiAssembly_genomic","AT2G27810","OX291767.1",16010279,16014536,4257,5322.5,1
"2503","GCA_946413935.1_IP-Sln-22.PacbioHiFiAssembly_genomic","AT5G40530","OX291770.1",21343545,21345412,1867,2313.75,1
"3503","GCA_946413935.1_IP-Sln-22.PacbioHiFiAssembly_genomic","AT3G26115","OX291768.1",9729824,9732026,2202,2787.5,1
"4353","GCA_946413935.1_IP-Sln-22.PacbioHiFiAssembly_genomic","AT1G26750","OX291766.1",9184335,9185764,1429,1772.5,1
"5182","GCA_946413935.1_IP-Sln-22.PacbioHiFiAssembly_genomic","AT4G17540","OX291769.1",15347418,15349412,1994,2493.75,1
"6111","GCA_946413935.1_IP-Sln-22.PacbioHiFiAssembly_genomic","AT4G23950","OX291769.1",18160305,18162805,2500,3126.25,1
"7111","GCA_946413935.1_IP-Sln-22.PacbioHiFiAssembly_genomic","AT2G38360","OX291767.1",20239181,20240459,1278,1598.75,1
"8111","GCA_946413935.1_IP-Sln-22.PacbioHiFiAssembly_genomic","AT3G11090","OX291768.1",3665707,3666633,926,1158.75,1
"9111","GCA_946413935.1_IP-Sln-22.PacbioHiFiAssembly_genomic","AT5G24890","OX291770.1",8769939,8771694,1755,2190,1
"10111","GCA_946413935.1_IP-Sln-22.PacbioHiFiAssembly_genomic","AT5G27970","OX291770.1",10251166,10262504,11338,14170,1
"11150","GCA_946413935.1_IP-Sln-22.PacbioHiFiAssembly_genomic","AT1G49590","OX291766.1",21030359,21032348,1989,2487.5,1
"12127","GCA_946413935.1_IP-Sln-22.PacbioHiFiAssembly_genomic","AT5G46910","OX291770.1",24144926,24149966,5040,6301.25,1
"13114","GCA_946413935.1_IP-Sln-22.PacbioHiFiAssembly_genomic","AT1G77300","OX291766.1",31667914,31677431,9517,11916.25,1
"14111","GCA_946413935.1_IP-Sln-22.PacbioHiFiAssembly_genomic","AT2G15560","OX291767.1",10898187,10900534,2347,2937.5,1
"15111","GCA_946413935.1_IP-Sln-22.PacbioHiFiAssembly_genomic","AT3G27310","OX291768.1",10275916,10278070,2154,2693.75,1
"16111","GCA_946413935.1_IP-Sln-22.PacbioHiFiAssembly_genomic","AT5G42950","OX291770.1",22364011,22371125,7114,8893.75,1
"17111","GCA_946413935.1_IP-Sln-22.PacbioHiFiAssembly_genomic","AT5G47380","OX291770.1",24318893,24322254,3361,4223.75,1
"18111","GCA_946413935.1_IP-Sln-22.PacbioHiFiAssembly_genomic","AT3G06035","OX291768.1",1830556,1831961,1405,1757.5,1
"19111","GCA_946413935.1_IP-Sln-22.PacbioHiFiAssembly_genomic","AT2G38310","OX291767.1",20219779,20221217,1438,1798.75,1
"20111","GCA_946413935.1_IP-Sln-22.PacbioHiFiAssembly_genomic","AT1G27460","OX291766.1",9479381,9482505,3124,3908.75,1
"21150","GCA_946413935.1_IP-Sln-22.PacbioHiFiAssembly_genomic","AT2G45320","OX291767.1",22855984,22858065,2081,2602.5,1
"22127","GCA_946413935.1_IP-Sln-22.PacbioHiFiAssembly_genomic","AT1G30480","OX291766.1",10759459,10762155,2696,3380,1
"23114","GCA_946413935.1_IP-Sln-22.PacbioHiFiAssembly_genomic","AT3G13840","OX291768.1",4736250,4737998,1748,2186.25,1
"24111","GCA_946413935.1_IP-Sln-22.PacbioHiFiAssembly_genomic","AT5G38520","OX291770.1",20470673,20472815,2142,2678.75,1
"25111","GCA_946413935.1_IP-Sln-22.PacbioHiFiAssembly_genomic","AT2G22260","OX291767.1",13604120,13606831,2711,3305,1
"26111","GCA_946413935.1_IP-Sln-22.PacbioHiFiAssembly_genomic","AT1G49470","OX291766.1",20988488,20989774,1286,1608.75,1
"27111","GCA_946413935.1_IP-Sln-22.PacbioHiFiAssembly_genomic","AT1G70560","OX291766.1",29216356,29219156,2800,3497.5,1
"28111","GCA_946413935.1_IP-Sln-22.PacbioHiFiAssembly_genomic","AT3G10985","OX291768.1",3628430,3629817,1387,1805,1
"29111","GCA_946413935.1_IP-Sln-22.PacbioHiFiAssembly_genomic","AT4G36390","OX291769.1",22946843,22949518,2675,3343.75,1
"30111","GCA_946413935.1_IP-Sln-22.PacbioHiFiAssembly_genomic","AT4G34270","OX291769.1",22148667,22151112,2445,3075,1
"31150","GCA_946413935.1_IP-Sln-22.PacbioHiFiAssembly_genomic","AT5G50000","OX291770.1",25426355,25429153,2798,3497.5,1
"32127","GCA_946413935.1_IP-Sln-22.PacbioHiFiAssembly_genomic","AT1G30580","OX291766.1",10800087,10804047,3960,4953.75,1
"33113","GCA_946413935.1_IP-Sln-22.PacbioHiFiAssembly_genomic","AT1G20070","OX291766.1",6961072,6962228,1156,1446.25,1
"34110","GCA_946413935.1_IP-Sln-22.PacbioHiFiAssembly_genomic","AT3G25440","OX291768.1",9423990,9425789,1799,2273.75,1
"35111","GCA_946413935.1_IP-Sln-22.PacbioHiFiAssembly_genomic","AT5G43680","OX291770.1",22673436,22675279,1843,2321.25,1
"36111","GCA_946413935.1_IP-Sln-22.PacbioHiFiAssembly_genomic","AT1G67320","OX291766.1",27798454,27802273,3819,4778.75,1
"37111","GCA_946413935.1_IP-Sln-22.PacbioHiFiAssembly_genomic","AT2G44950","OX291767.1",22717909,22724385,6476,8097.5,1
"38111","GCA_946413935.1_IP-Sln-22.PacbioHiFiAssembly_genomic","AT5G24520","OX291770.1",8568949,8571479,2530,3163.75,1
"39111","GCA_946413935.1_IP-Sln-22.PacbioHiFiAssembly_genomic","AT5G56890","OX291770.1",28090568,28096149,5581,6991.25,1
"40111","GCA_946413935.1_IP-Sln-22.PacbioHiFiAssembly_genomic","AT1G24460","OX291766.1",8665599,8672374,6775,8472.5,1
"41148","GCA_946413935.1_IP-Sln-22.PacbioHiFiAssembly_genomic","AT2G28800","OX291767.1",16520022,16523269,3247,4060,1
"42123","GCA_946413935.1_IP-Sln-22.PacbioHiFiAssembly_genomic","AT5G13940","OX291770.1",4564715,4570225,5510,6863.75,1
"4590","GCA_946413935.1_IP-Sln-22.PacbioHiFiAssembly_genomic","AT1G19220","OX291766.1",6629916,6635392,5476,6813.75,1
"46105","GCA_946413935.1_IP-Sln-22.PacbioHiFiAssembly_genomic","AT5G01220","OX291770.1",91125,94703,3578,4468.75,1
"47111","GCA_946413935.1_IP-Sln-22.PacbioHiFiAssembly_genomic","AT1G02460","OX291766.1",522969,525783,2814,3507.5,1
"48111","GCA_946413935.1_IP-Sln-22.PacbioHiFiAssembly_genomic","AT1G04110","OX291766.1",1083396,1085908,2512,3141.25,1
"49111","GCA_946413935.1_IP-Sln-22.PacbioHiFiAssembly_genomic","AT4G01880","OX291769.1",1203918,1206190,2272,2842.5,1
"5098","GCA_946413935.1_IP-Sln-22.PacbioHiFiAssembly_genomic","AT2G24430","OX291767.1",14548176,14551329,3153,3911.25,1
"5183","GCA_946413935.1_IP-Sln-22.PacbioHiFiAssembly_genomic","AT5G47870","OX291770.1",24474634,24476141,1507,1877.5,1
"1504","GCA_946414125.1_Cvi-0.6911.PacbioHiFiAssembly_genomic","AT2G27810","OX291776.1",14828539,14832806,4267,5322.5,1
"2504","GCA_946414125.1_Cvi-0.6911.PacbioHiFiAssembly_genomic","AT5G40530","OX291779.1",21530939,21532806,1867,2313.75,1
"3504","GCA_946414125.1_Cvi-0.6911.PacbioHiFiAssembly_genomic","AT3G26115","OX291777.1",9573075,9575277,2202,2787.5,1
"4354","GCA_946414125.1_Cvi-0.6911.PacbioHiFiAssembly_genomic","AT1G26750","OX291775.1",9151735,9153152,1417,1772.5,1
"5184","GCA_946414125.1_Cvi-0.6911.PacbioHiFiAssembly_genomic","AT4G17540","OX291778.1",14741502,14743496,1994,2493.75,1
"6112","GCA_946414125.1_Cvi-0.6911.PacbioHiFiAssembly_genomic","AT4G23950","OX291778.1",17504592,17507092,2500,3126.25,1
"7112","GCA_946414125.1_Cvi-0.6911.PacbioHiFiAssembly_genomic","AT2G38360","OX291776.1",19054538,19055816,1278,1598.75,1
"8112","GCA_946414125.1_Cvi-0.6911.PacbioHiFiAssembly_genomic","AT3G11090","OX291777.1",3508658,3509584,926,1158.75,1
"9112","GCA_946414125.1_Cvi-0.6911.PacbioHiFiAssembly_genomic","AT5G24890","OX291779.1",8635076,8636829,1753,2190,1
"10112","GCA_946414125.1_Cvi-0.6911.PacbioHiFiAssembly_genomic","AT5G27970","OX291779.1",10096076,10107410,11334,14170,1
"11151","GCA_946414125.1_Cvi-0.6911.PacbioHiFiAssembly_genomic","AT1G49590","OX291775.1",22506150,22508139,1989,2487.5,1
"12128","GCA_946414125.1_Cvi-0.6911.PacbioHiFiAssembly_genomic","AT5G46910","OX291779.1",24262309,24267329,5020,6301.25,1
"13115","GCA_946414125.1_Cvi-0.6911.PacbioHiFiAssembly_genomic","AT1G77300","OX291775.1",33195970,33205490,9520,11916.25,1
"14112","GCA_946414125.1_Cvi-0.6911.PacbioHiFiAssembly_genomic","AT2G15560","OX291776.1",9517001,9519322,2321,2937.5,1
"15112","GCA_946414125.1_Cvi-0.6911.PacbioHiFiAssembly_genomic","AT3G27310","OX291777.1",10109593,10111746,2153,2693.75,1
"16112","GCA_946414125.1_Cvi-0.6911.PacbioHiFiAssembly_genomic","AT5G42950","OX291779.1",22525222,22532336,7114,8893.75,1
"17112","GCA_946414125.1_Cvi-0.6911.PacbioHiFiAssembly_genomic","AT5G47380","OX291779.1",24445131,24448509,3378,4223.75,1
"18112","GCA_946414125.1_Cvi-0.6911.PacbioHiFiAssembly_genomic","AT3G06035","OX291777.1",1823550,1824954,1404,1757.5,1
"19112","GCA_946414125.1_Cvi-0.6911.PacbioHiFiAssembly_genomic","AT2G38310","OX291776.1",19035074,19036512,1438,1798.75,1
"20112","GCA_946414125.1_Cvi-0.6911.PacbioHiFiAssembly_genomic","AT1G27460","OX291775.1",9439359,9442485,3126,3908.75,1
"21151","GCA_946414125.1_Cvi-0.6911.PacbioHiFiAssembly_genomic","AT2G45320","OX291776.1",21672579,21674660,2081,2602.5,1
"22128","GCA_946414125.1_Cvi-0.6911.PacbioHiFiAssembly_genomic","AT1G30480","OX291775.1",10703745,10706433,2688,3380,1
"23115","GCA_946414125.1_Cvi-0.6911.PacbioHiFiAssembly_genomic","AT3G13840","OX291777.1",4571076,4572824,1748,2186.25,1
"24112","GCA_946414125.1_Cvi-0.6911.PacbioHiFiAssembly_genomic","AT5G38520","OX291779.1",20700002,20702154,2152,2678.75,1
"25112","GCA_946414125.1_Cvi-0.6911.PacbioHiFiAssembly_genomic","AT2G22260","OX291776.1",12274712,12277355,2643,3305,1
"26112","GCA_946414125.1_Cvi-0.6911.PacbioHiFiAssembly_genomic","AT1G49470","OX291775.1",22462250,22463536,1286,1608.75,1
"27112","GCA_946414125.1_Cvi-0.6911.PacbioHiFiAssembly_genomic","AT1G70560","OX291775.1",30723275,30726074,2799,3497.5,1
"28112","GCA_946414125.1_Cvi-0.6911.PacbioHiFiAssembly_genomic","AT3G10985","OX291777.1",3476562,3477956,1394,1805,1
"29112","GCA_946414125.1_Cvi-0.6911.PacbioHiFiAssembly_genomic","AT4G36390","OX291778.1",22318589,22321263,2674,3343.75,1
"30112","GCA_946414125.1_Cvi-0.6911.PacbioHiFiAssembly_genomic","AT4G34270","OX291778.1",21528728,21531151,2423,3075,1
"31151","GCA_946414125.1_Cvi-0.6911.PacbioHiFiAssembly_genomic","AT5G50000","OX291779.1",25589856,25592655,2799,3497.5,1
"32128","GCA_946414125.1_Cvi-0.6911.PacbioHiFiAssembly_genomic","AT1G30580","OX291775.1",10749278,10753239,3961,4953.75,1
"33114","GCA_946414125.1_Cvi-0.6911.PacbioHiFiAssembly_genomic","AT1G20070","OX291775.1",6985774,6986930,1156,1446.25,1
"34111","GCA_946414125.1_Cvi-0.6911.PacbioHiFiAssembly_genomic","AT3G25440","OX291777.1",9258521,9260337,1816,2273.75,1
"35112","GCA_946414125.1_Cvi-0.6911.PacbioHiFiAssembly_genomic","AT5G43680","OX291779.1",22843134,22844977,1843,2321.25,1
"36112","GCA_946414125.1_Cvi-0.6911.PacbioHiFiAssembly_genomic","AT1G67320","OX291775.1",29312394,29316216,3822,4778.75,1
"37112","GCA_946414125.1_Cvi-0.6911.PacbioHiFiAssembly_genomic","AT2G44950","OX291776.1",21535212,21541689,6477,8097.5,1
"38112","GCA_946414125.1_Cvi-0.6911.PacbioHiFiAssembly_genomic","AT5G24520","OX291779.1",8437406,8439936,2530,3163.75,1
"39112","GCA_946414125.1_Cvi-0.6911.PacbioHiFiAssembly_genomic","AT5G56890","OX291779.1",28234470,28240059,5589,6991.25,1
"40112","GCA_946414125.1_Cvi-0.6911.PacbioHiFiAssembly_genomic","AT1G24460","OX291775.1",8649462,8656233,6771,8472.5,1
"41149","GCA_946414125.1_Cvi-0.6911.PacbioHiFiAssembly_genomic","AT2G28800","OX291776.1",15337097,15340343,3246,4060,1
"42124","GCA_946414125.1_Cvi-0.6911.PacbioHiFiAssembly_genomic","AT5G13940","OX291779.1",4522281,4527770,5489,6863.75,1
"4591","GCA_946414125.1_Cvi-0.6911.PacbioHiFiAssembly_genomic","AT1G19220","OX291775.1",6656444,6661887,5443,6813.75,1
"46106","GCA_946414125.1_Cvi-0.6911.PacbioHiFiAssembly_genomic","AT5G01220","OX291779.1",84945,88536,3591,4468.75,1
"47112","GCA_946414125.1_Cvi-0.6911.PacbioHiFiAssembly_genomic","AT1G02460","OX291775.1",514607,517404,2797,3507.5,1
"48112","GCA_946414125.1_Cvi-0.6911.PacbioHiFiAssembly_genomic","AT1G04110","OX291775.1",1079237,1081749,2512,3141.25,1
"49112","GCA_946414125.1_Cvi-0.6911.PacbioHiFiAssembly_genomic","AT4G01880","OX291778.1",1178320,1180593,2273,2842.5,1
"5099","GCA_946414125.1_Cvi-0.6911.PacbioHiFiAssembly_genomic","AT2G24430","OX291776.1",13209372,13212488,3116,3911.25,1
"5185","GCA_946414125.1_Cvi-0.6911.PacbioHiFiAssembly_genomic","AT5G47870","OX291779.1",24619450,24620950,1500,1877.5,1
"1505","GCA_946414305.1_IP-Cat-0.9832.PacbioHiFiAssembly_genomic","AT2G27810","OX291782.1",15469898,15474137,4239,5322.5,1
"2505","GCA_946414305.1_IP-Cat-0.9832.PacbioHiFiAssembly_genomic","AT5G40530","OX291785.1",19450868,19452735,1867,2313.75,1
"3505","GCA_946414305.1_IP-Cat-0.9832.PacbioHiFiAssembly_genomic","AT3G26115","OX291783.1",9714403,9716605,2202,2787.5,1
"4355","GCA_946414305.1_IP-Cat-0.9832.PacbioHiFiAssembly_genomic","AT1G26750","OX291781.1",9167539,9168968,1429,1772.5,1
"5186","GCA_946414305.1_IP-Cat-0.9832.PacbioHiFiAssembly_genomic","AT4G17540","OX291784.1",15573332,15575339,2007,2493.75,1
"6113","GCA_946414305.1_IP-Cat-0.9832.PacbioHiFiAssembly_genomic","AT4G23950","OX291784.1",18146289,18148789,2500,3126.25,1
"7113","GCA_946414305.1_IP-Cat-0.9832.PacbioHiFiAssembly_genomic","AT2G38360","OX291782.1",19729672,19730950,1278,1598.75,1
"8113","GCA_946414305.1_IP-Cat-0.9832.PacbioHiFiAssembly_genomic","AT3G11090","OX291783.1",3655541,3656467,926,1158.75,1
"9113","GCA_946414305.1_IP-Cat-0.9832.PacbioHiFiAssembly_genomic","AT5G24890","OX291785.1",8723249,8725004,1755,2190,1
"10113","GCA_946414305.1_IP-Cat-0.9832.PacbioHiFiAssembly_genomic","AT5G27970","OX291785.1",10228988,10240306,11318,14170,1
"11152","GCA_946414305.1_IP-Cat-0.9832.PacbioHiFiAssembly_genomic","AT1G49590","OX291781.1",21331283,21333272,1989,2487.5,1
"12129","GCA_946414305.1_IP-Cat-0.9832.PacbioHiFiAssembly_genomic","AT5G46910","OX291785.1",22250590,22255630,5040,6301.25,1
"13116","GCA_946414305.1_IP-Cat-0.9832.PacbioHiFiAssembly_genomic","AT1G77300","OX291781.1",31942225,31951744,9519,11916.25,1
"14113","GCA_946414305.1_IP-Cat-0.9832.PacbioHiFiAssembly_genomic","AT2G15560","OX291782.1",10258091,10260439,2348,2937.5,1
"15113","GCA_946414305.1_IP-Cat-0.9832.PacbioHiFiAssembly_genomic","AT3G27310","OX291783.1",10262662,10264815,2153,2693.75,1
"16113","GCA_946414305.1_IP-Cat-0.9832.PacbioHiFiAssembly_genomic","AT5G42950","OX291785.1",19726203,19733317,7114,8893.75,1
"17113","GCA_946414305.1_IP-Cat-0.9832.PacbioHiFiAssembly_genomic","AT5G47380","OX291785.1",22433260,22436634,3374,4223.75,1
"18113","GCA_946414305.1_IP-Cat-0.9832.PacbioHiFiAssembly_genomic","AT3G06035","OX291783.1",1835684,1837089,1405,1757.5,1
"19113","GCA_946414305.1_IP-Cat-0.9832.PacbioHiFiAssembly_genomic","AT2G38310","OX291782.1",19710239,19711677,1438,1798.75,1
"20113","GCA_946414305.1_IP-Cat-0.9832.PacbioHiFiAssembly_genomic","AT1G27460","OX291781.1",9462686,9465848,3162,3908.75,1
"21152","GCA_946414305.1_IP-Cat-0.9832.PacbioHiFiAssembly_genomic","AT2G45320","OX291782.1",22344225,22346306,2081,2602.5,1
"22129","GCA_946414305.1_IP-Cat-0.9832.PacbioHiFiAssembly_genomic","AT1G30480","OX291781.1",10716613,10719310,2697,3380,1
"23116","GCA_946414305.1_IP-Cat-0.9832.PacbioHiFiAssembly_genomic","AT3G13840","OX291783.1",4723323,4725071,1748,2186.25,1
"24113","GCA_946414305.1_IP-Cat-0.9832.PacbioHiFiAssembly_genomic","AT5G38520","OX291785.1",18659059,18661113,2054,2678.75,1
"25113","GCA_946414305.1_IP-Cat-0.9832.PacbioHiFiAssembly_genomic","AT2G22260","OX291782.1",13071188,13073915,2727,3305,1
"26113","GCA_946414305.1_IP-Cat-0.9832.PacbioHiFiAssembly_genomic","AT1G49470","OX291781.1",21289373,21290659,1286,1608.75,1
"27113","GCA_946414305.1_IP-Cat-0.9832.PacbioHiFiAssembly_genomic","AT1G70560","OX291781.1",29482114,29484914,2800,3497.5,1
"28113","GCA_946414305.1_IP-Cat-0.9832.PacbioHiFiAssembly_genomic","AT3G10985","OX291783.1",3623458,3624847,1389,1805,1
"29113","GCA_946414305.1_IP-Cat-0.9832.PacbioHiFiAssembly_genomic","AT4G36390","OX291784.1",22890602,22893277,2675,3343.75,1
"30113","GCA_946414305.1_IP-Cat-0.9832.PacbioHiFiAssembly_genomic","AT4G34270","OX291784.1",22097573,22100018,2445,3075,1
"31152","GCA_946414305.1_IP-Cat-0.9832.PacbioHiFiAssembly_genomic","AT5G50000","OX291785.1",23511712,23514510,2798,3497.5,1
"32129","GCA_946414305.1_IP-Cat-0.9832.PacbioHiFiAssembly_genomic","AT1G30580","OX291781.1",10757397,10761357,3960,4953.75,1
"33115","GCA_946414305.1_IP-Cat-0.9832.PacbioHiFiAssembly_genomic","AT1G20070","OX291781.1",6978467,6979623,1156,1446.25,1
"34112","GCA_946414305.1_IP-Cat-0.9832.PacbioHiFiAssembly_genomic","AT3G25440","OX291783.1",9403906,9405705,1799,2273.75,1
"35113","GCA_946414305.1_IP-Cat-0.9832.PacbioHiFiAssembly_genomic","AT5G43680","OX291785.1",20790528,20792175,1647,2321.25,1
"36113","GCA_946414305.1_IP-Cat-0.9832.PacbioHiFiAssembly_genomic","AT1G67320","OX291781.1",28077870,28081692,3822,4778.75,1
"37113","GCA_946414305.1_IP-Cat-0.9832.PacbioHiFiAssembly_genomic","AT2G44950","OX291782.1",22206315,22212671,6356,8097.5,1
"38113","GCA_946414305.1_IP-Cat-0.9832.PacbioHiFiAssembly_genomic","AT5G24520","OX291785.1",8525831,8528361,2530,3163.75,1
"39113","GCA_946414305.1_IP-Cat-0.9832.PacbioHiFiAssembly_genomic","AT5G56890","OX291785.1",26182030,26187611,5581,6991.25,1
"40113","GCA_946414305.1_IP-Cat-0.9832.PacbioHiFiAssembly_genomic","AT1G24460","OX291781.1",8645210,8651985,6775,8472.5,1
"41150","GCA_946414305.1_IP-Cat-0.9832.PacbioHiFiAssembly_genomic","AT2G28800","OX291782.1",15977111,15980358,3247,4060,1
"42125","GCA_946414305.1_IP-Cat-0.9832.PacbioHiFiAssembly_genomic","AT5G13940","OX291785.1",4573017,4578513,5496,6863.75,1
"4592","GCA_946414305.1_IP-Cat-0.9832.PacbioHiFiAssembly_genomic","AT1G19220","OX291781.1",6644752,6650203,5451,6813.75,1
"46107","GCA_946414305.1_IP-Cat-0.9832.PacbioHiFiAssembly_genomic","AT5G01220","OX291785.1",92066,95659,3593,4468.75,1
"47113","GCA_946414305.1_IP-Cat-0.9832.PacbioHiFiAssembly_genomic","AT1G02460","OX291781.1",533002,535808,2806,3507.5,1
"48113","GCA_946414305.1_IP-Cat-0.9832.PacbioHiFiAssembly_genomic","AT1G04110","OX291781.1",1095929,1098441,2512,3141.25,1
"49113","GCA_946414305.1_IP-Cat-0.9832.PacbioHiFiAssembly_genomic","AT4G01880","OX291784.1",1317247,1319519,2272,2842.5,1
"50100","GCA_946414305.1_IP-Cat-0.9832.PacbioHiFiAssembly_genomic","AT2G24430","OX291782.1",14014125,14017238,3113,3911.25,1
"5187","GCA_946414305.1_IP-Cat-0.9832.PacbioHiFiAssembly_genomic","AT5G47870","OX291785.1",22590587,22592094,1507,1877.5,1
"1506","GCA_946415005.1_ANGE-B-2.PacbioHiFiAssembly_genomic","AT2G27810","OX291787.1",15661435,15665697,4262,5322.5,1
"2506","GCA_946415005.1_ANGE-B-2.PacbioHiFiAssembly_genomic","AT5G40530","OX291790.1",19386721,19388588,1867,2313.75,1
"3506","GCA_946415005.1_ANGE-B-2.PacbioHiFiAssembly_genomic","AT3G26115","OX291788.1",9565269,9567498,2229,2787.5,1
"4356","GCA_946415005.1_ANGE-B-2.PacbioHiFiAssembly_genomic","AT1G26750","OX291786.1",9106625,9108040,1415,1772.5,1
"5188","GCA_946415005.1_ANGE-B-2.PacbioHiFiAssembly_genomic","AT4G17540","OX291789.1",13780380,13782374,1994,2493.75,1
"6114","GCA_946415005.1_ANGE-B-2.PacbioHiFiAssembly_genomic","AT4G23950","OX291789.1",16370320,16372820,2500,3126.25,1
"7114","GCA_946415005.1_ANGE-B-2.PacbioHiFiAssembly_genomic","AT2G38360","OX291787.1",19854656,19855935,1279,1598.75,1
"8114","GCA_946415005.1_ANGE-B-2.PacbioHiFiAssembly_genomic","AT3G11090","OX291788.1",3508337,3509263,926,1158.75,1
"9114","GCA_946415005.1_ANGE-B-2.PacbioHiFiAssembly_genomic","AT5G24890","OX291790.1",8600508,8602255,1747,2190,1
"10114","GCA_946415005.1_ANGE-B-2.PacbioHiFiAssembly_genomic","AT5G27970","OX291790.1",9983240,9994576,11336,14170,1
"11153","GCA_946415005.1_ANGE-B-2.PacbioHiFiAssembly_genomic","AT1G49590","OX291786.1",20859324,20861313,1989,2487.5,1
"12130","GCA_946415005.1_ANGE-B-2.PacbioHiFiAssembly_genomic","AT5G46910","OX291790.1",22137476,22142513,5037,6301.25,1
"13117","GCA_946415005.1_ANGE-B-2.PacbioHiFiAssembly_genomic","AT1G77300","OX291786.1",31650737,31660257,9520,11916.25,1
"14114","GCA_946415005.1_ANGE-B-2.PacbioHiFiAssembly_genomic","AT2G15560","OX291787.1",10517127,10519448,2321,2937.5,1
"15114","GCA_946415005.1_ANGE-B-2.PacbioHiFiAssembly_genomic","AT3G27310","OX291788.1",10130895,10133049,2154,2693.75,1
"16114","GCA_946415005.1_ANGE-B-2.PacbioHiFiAssembly_genomic","AT5G42950","OX291790.1",20364257,20371371,7114,8893.75,1
"17114","GCA_946415005.1_ANGE-B-2.PacbioHiFiAssembly_genomic","AT5G47380","OX291790.1",22315148,22318526,3378,4223.75,1
"18114","GCA_946415005.1_ANGE-B-2.PacbioHiFiAssembly_genomic","AT3G06035","OX291788.1",1844863,1846265,1402,1757.5,1
"19114","GCA_946415005.1_ANGE-B-2.PacbioHiFiAssembly_genomic","AT2G38310","OX291787.1",19835205,19836643,1438,1798.75,1
"20114","GCA_946415005.1_ANGE-B-2.PacbioHiFiAssembly_genomic","AT1G27460","OX291786.1",9390228,9393354,3126,3908.75,1
"21153","GCA_946415005.1_ANGE-B-2.PacbioHiFiAssembly_genomic","AT2G45320","OX291787.1",22462153,22464233,2080,2602.5,1
"22130","GCA_946415005.1_ANGE-B-2.PacbioHiFiAssembly_genomic","AT1G30480","OX291786.1",10646676,10649345,2669,3380,1
"23117","GCA_946415005.1_ANGE-B-2.PacbioHiFiAssembly_genomic","AT3G13840","OX291788.1",4570048,4571796,1748,2186.25,1
"24114","GCA_946415005.1_ANGE-B-2.PacbioHiFiAssembly_genomic","AT5G38520","OX291790.1",18543471,18545612,2141,2678.75,1
"25114","GCA_946415005.1_ANGE-B-2.PacbioHiFiAssembly_genomic","AT2G22260","OX291787.1",13241464,13244107,2643,3305,1
"26114","GCA_946415005.1_ANGE-B-2.PacbioHiFiAssembly_genomic","AT1G49470","OX291786.1",20815005,20816291,1286,1608.75,1
"27114","GCA_946415005.1_ANGE-B-2.PacbioHiFiAssembly_genomic","AT1G70560","OX291786.1",29204980,29207775,2795,3497.5,1
"28114","GCA_946415005.1_ANGE-B-2.PacbioHiFiAssembly_genomic","AT3G10985","OX291788.1",3475277,3476717,1440,1805,1
"29114","GCA_946415005.1_ANGE-B-2.PacbioHiFiAssembly_genomic","AT4G36390","OX291789.1",21267528,21270200,2672,3343.75,1
"30114","GCA_946415005.1_ANGE-B-2.PacbioHiFiAssembly_genomic","AT4G34270","OX291789.1",20478034,20480493,2459,3075,1
"31153","GCA_946415005.1_ANGE-B-2.PacbioHiFiAssembly_genomic","AT5G50000","OX291790.1",23433291,23436090,2799,3497.5,1
"32130","GCA_946415005.1_ANGE-B-2.PacbioHiFiAssembly_genomic","AT1G30580","OX291786.1",10687427,10691387,3960,4953.75,1
"33116","GCA_946415005.1_ANGE-B-2.PacbioHiFiAssembly_genomic","AT1G20070","OX291786.1",6934041,6935197,1156,1446.25,1
"34113","GCA_946415005.1_ANGE-B-2.PacbioHiFiAssembly_genomic","AT3G25440","OX291788.1",9253404,9255222,1818,2273.75,1
"35114","GCA_946415005.1_ANGE-B-2.PacbioHiFiAssembly_genomic","AT5G43680","OX291790.1",20667731,20669398,1667,2321.25,1
"36114","GCA_946415005.1_ANGE-B-2.PacbioHiFiAssembly_genomic","AT1G67320","OX291786.1",27750639,27754461,3822,4778.75,1
"37114","GCA_946415005.1_ANGE-B-2.PacbioHiFiAssembly_genomic","AT2G44950","OX291787.1",22323369,22329846,6477,8097.5,1
"38114","GCA_946415005.1_ANGE-B-2.PacbioHiFiAssembly_genomic","AT5G24520","OX291790.1",8417435,8419965,2530,3163.75,1
"39114","GCA_946415005.1_ANGE-B-2.PacbioHiFiAssembly_genomic","AT5G56890","OX291790.1",26076533,26082124,5591,6991.25,1
"40114","GCA_946415005.1_ANGE-B-2.PacbioHiFiAssembly_genomic","AT1G24460","OX291786.1",8601767,8608542,6775,8472.5,1
"41151","GCA_946415005.1_ANGE-B-2.PacbioHiFiAssembly_genomic","AT2G28800","OX291787.1",16167332,16170579,3247,4060,1
"42126","GCA_946415005.1_ANGE-B-2.PacbioHiFiAssembly_genomic","AT5G13940","OX291790.1",4535573,4541084,5511,6863.75,1
"4593","GCA_946415005.1_ANGE-B-2.PacbioHiFiAssembly_genomic","AT1G19220","OX291786.1",6602341,6607798,5457,6813.75,1
"46108","GCA_946415005.1_ANGE-B-2.PacbioHiFiAssembly_genomic","AT5G01220","OX291790.1",84811,88386,3575,4468.75,1
"47114","GCA_946415005.1_ANGE-B-2.PacbioHiFiAssembly_genomic","AT1G02460","OX291786.1",510498,513309,2811,3507.5,1
"48114","GCA_946415005.1_ANGE-B-2.PacbioHiFiAssembly_genomic","AT1G04110","OX291786.1",1068940,1071452,2512,3141.25,1
"49114","GCA_946415005.1_ANGE-B-2.PacbioHiFiAssembly_genomic","AT4G01880","OX291789.1",880947,883225,2278,2842.5,1
"50101","GCA_946415005.1_ANGE-B-2.PacbioHiFiAssembly_genomic","AT2G24430","OX291787.1",14185139,14188259,3120,3911.25,1
"5189","GCA_946415005.1_ANGE-B-2.PacbioHiFiAssembly_genomic","AT5G47870","OX291790.1",22478211,22479711,1500,1877.5,1
"1507","GCA_946415165.1_IP-Evs-0.9845.PacbioHiFiAssembly_genomic","AT2G27810","OX291792.1",15075451,15079708,4257,5322.5,1
"2507","GCA_946415165.1_IP-Evs-0.9845.PacbioHiFiAssembly_genomic","AT5G40530","OX291795.1",22086302,22088169,1867,2313.75,1
"3507","GCA_946415165.1_IP-Evs-0.9845.PacbioHiFiAssembly_genomic","AT3G26115","OX291793.1",9599484,9601713,2229,2787.5,1
"4357","GCA_946415165.1_IP-Evs-0.9845.PacbioHiFiAssembly_genomic","AT1G26750","OX291791.1",9141720,9143137,1417,1772.5,1
"5190","GCA_946415165.1_IP-Evs-0.9845.PacbioHiFiAssembly_genomic","AT4G17540","OX291794.1",14744399,14746393,1994,2493.75,1
"6115","GCA_946415165.1_IP-Evs-0.9845.PacbioHiFiAssembly_genomic","AT4G23950","OX291794.1",17282429,17284929,2500,3126.25,1
"7115","GCA_946415165.1_IP-Evs-0.9845.PacbioHiFiAssembly_genomic","AT2G38360","OX291792.1",19309208,19310486,1278,1598.75,1
"8115","GCA_946415165.1_IP-Evs-0.9845.PacbioHiFiAssembly_genomic","AT3G11090","OX291793.1",3553576,3554499,923,1158.75,1
"9115","GCA_946415165.1_IP-Evs-0.9845.PacbioHiFiAssembly_genomic","AT5G24890","OX291795.1",8650712,8652467,1755,2190,1
"10115","GCA_946415165.1_IP-Evs-0.9845.PacbioHiFiAssembly_genomic","AT5G27970","OX291795.1",10096035,10107369,11334,14170,1
"11154","GCA_946415165.1_IP-Evs-0.9845.PacbioHiFiAssembly_genomic","AT1G49590","OX291791.1",20963903,20965904,2001,2487.5,1
"12131","GCA_946415165.1_IP-Evs-0.9845.PacbioHiFiAssembly_genomic","AT5G46910","OX291795.1",24931110,24936149,5039,6301.25,1
"13118","GCA_946415165.1_IP-Evs-0.9845.PacbioHiFiAssembly_genomic","AT1G77300","OX291791.1",31600301,31609822,9521,11916.25,1
"14115","GCA_946415165.1_IP-Evs-0.9845.PacbioHiFiAssembly_genomic","AT2G15560","OX291792.1",9960193,9962514,2321,2937.5,1
"15115","GCA_946415165.1_IP-Evs-0.9845.PacbioHiFiAssembly_genomic","AT3G27310","OX291793.1",10132493,10134647,2154,2693.75,1
"16115","GCA_946415165.1_IP-Evs-0.9845.PacbioHiFiAssembly_genomic","AT5G42950","OX291795.1",23119015,23126129,7114,8893.75,1
"17115","GCA_946415165.1_IP-Evs-0.9845.PacbioHiFiAssembly_genomic","AT5G47380","OX291795.1",25105546,25108924,3378,4223.75,1
"18115","GCA_946415165.1_IP-Evs-0.9845.PacbioHiFiAssembly_genomic","AT3G06035","OX291793.1",1845130,1846535,1405,1757.5,1
"19115","GCA_946415165.1_IP-Evs-0.9845.PacbioHiFiAssembly_genomic","AT2G38310","OX291792.1",19289750,19291189,1439,1798.75,1
"20115","GCA_946415165.1_IP-Evs-0.9845.PacbioHiFiAssembly_genomic","AT1G27460","OX291791.1",9420983,9424146,3163,3908.75,1
"21154","GCA_946415165.1_IP-Evs-0.9845.PacbioHiFiAssembly_genomic","AT2G45320","OX291792.1",21916414,21918494,2080,2602.5,1
"22131","GCA_946415165.1_IP-Evs-0.9845.PacbioHiFiAssembly_genomic","AT1G30480","OX291791.1",10639564,10642260,2696,3380,1
"23118","GCA_946415165.1_IP-Evs-0.9845.PacbioHiFiAssembly_genomic","AT3G13840","OX291793.1",4604211,4605959,1748,2186.25,1
"24115","GCA_946415165.1_IP-Evs-0.9845.PacbioHiFiAssembly_genomic","AT5G38520","OX291795.1",21272877,21275019,2142,2678.75,1
"25115","GCA_946415165.1_IP-Evs-0.9845.PacbioHiFiAssembly_genomic","AT2G22260","OX291792.1",12679042,12681685,2643,3305,1
"26115","GCA_946415165.1_IP-Evs-0.9845.PacbioHiFiAssembly_genomic","AT1G49470","OX291791.1",20919607,20920893,1286,1608.75,1
"27115","GCA_946415165.1_IP-Evs-0.9845.PacbioHiFiAssembly_genomic","AT1G70560","OX291791.1",29158058,29160857,2799,3497.5,1
"28115","GCA_946415165.1_IP-Evs-0.9845.PacbioHiFiAssembly_genomic","AT3G10985","OX291793.1",3520516,3521956,1440,1805,1
"29115","GCA_946415165.1_IP-Evs-0.9845.PacbioHiFiAssembly_genomic","AT4G36390","OX291794.1",22033118,22035792,2674,3343.75,1
"30115","GCA_946415165.1_IP-Evs-0.9845.PacbioHiFiAssembly_genomic","AT4G34270","OX291794.1",21234684,21237129,2445,3075,1
"31154","GCA_946415165.1_IP-Evs-0.9845.PacbioHiFiAssembly_genomic","AT5G50000","OX291795.1",26234287,26237084,2797,3497.5,1
"32131","GCA_946415165.1_IP-Evs-0.9845.PacbioHiFiAssembly_genomic","AT1G30580","OX291791.1",10680323,10684283,3960,4953.75,1
"33117","GCA_946415165.1_IP-Evs-0.9845.PacbioHiFiAssembly_genomic","AT1G20070","OX291791.1",6942501,6943657,1156,1446.25,1
"34114","GCA_946415165.1_IP-Evs-0.9845.PacbioHiFiAssembly_genomic","AT3G25440","OX291793.1",9288678,9290496,1818,2273.75,1
"35115","GCA_946415165.1_IP-Evs-0.9845.PacbioHiFiAssembly_genomic","AT5G43680","OX291795.1",23423526,23425193,1667,2321.25,1
"36115","GCA_946415165.1_IP-Evs-0.9845.PacbioHiFiAssembly_genomic","AT1G67320","OX291791.1",27764070,27767892,3822,4778.75,1
"37115","GCA_946415165.1_IP-Evs-0.9845.PacbioHiFiAssembly_genomic","AT2G44950","OX291792.1",21777519,21783998,6479,8097.5,1
"38115","GCA_946415165.1_IP-Evs-0.9845.PacbioHiFiAssembly_genomic","AT5G24520","OX291795.1",8457473,8460003,2530,3163.75,1
"39115","GCA_946415165.1_IP-Evs-0.9845.PacbioHiFiAssembly_genomic","AT5G56890","OX291795.1",28883810,28889399,5589,6991.25,1
"40115","GCA_946415165.1_IP-Evs-0.9845.PacbioHiFiAssembly_genomic","AT1G24460","OX291791.1",8619853,8626628,6775,8472.5,1
"41152","GCA_946415165.1_IP-Evs-0.9845.PacbioHiFiAssembly_genomic","AT2G28800","OX291792.1",15577929,15581176,3247,4060,1
"42127","GCA_946415165.1_IP-Evs-0.9845.PacbioHiFiAssembly_genomic","AT5G13940","OX291795.1",4535564,4541075,5511,6863.75,1
"4444","GCA_946415165.1_IP-Evs-0.9845.PacbioHiFiAssembly_genomic","AT1G19220","OX291791.1",6624983,6630429,5446,6813.75,1
"4594","GCA_946415165.1_IP-Evs-0.9845.PacbioHiFiAssembly_genomic","AT5G01220","OX291795.1",86278,89856,3578,4468.75,1
"46109","GCA_946415165.1_IP-Evs-0.9845.PacbioHiFiAssembly_genomic","AT1G02460","OX291791.1",529863,532673,2810,3507.5,1
"47115","GCA_946415165.1_IP-Evs-0.9845.PacbioHiFiAssembly_genomic","AT1G04110","OX291791.1",1087952,1090464,2512,3141.25,1
"48115","GCA_946415165.1_IP-Evs-0.9845.PacbioHiFiAssembly_genomic","AT4G01880","OX291794.1",1179111,1181384,2273,2842.5,1
"49115","GCA_946415165.1_IP-Evs-0.9845.PacbioHiFiAssembly_genomic","AT2G24430","OX291792.1",13621861,13624979,3118,3911.25,1
"50102","GCA_946415165.1_IP-Evs-0.9845.PacbioHiFiAssembly_genomic","AT5G47870","OX291795.1",25262066,25263571,1505,1877.5,1
"1508","GCA_946415445.1_IP-Cas-6.PacbioHiFiAssembly_genomic","AT2G27810","OX291801.1",15711016,15715270,4254,5322.5,1
"2508","GCA_946415445.1_IP-Cas-6.PacbioHiFiAssembly_genomic","AT5G40530","OX291804.1",20964547,20966414,1867,2313.75,1
"3508","GCA_946415445.1_IP-Cas-6.PacbioHiFiAssembly_genomic","AT3G26115","OX291802.1",9541498,9543700,2202,2787.5,1
"4358","GCA_946415445.1_IP-Cas-6.PacbioHiFiAssembly_genomic","AT1G26750","OX291800.1",9165454,9166883,1429,1772.5,1
"5191","GCA_946415445.1_IP-Cas-6.PacbioHiFiAssembly_genomic","AT4G17540","OX291803.1",14013478,14015472,1994,2493.75,1
"6116","GCA_946415445.1_IP-Cas-6.PacbioHiFiAssembly_genomic","AT4G23950","OX291803.1",16570062,16572562,2500,3126.25,1
"7116","GCA_946415445.1_IP-Cas-6.PacbioHiFiAssembly_genomic","AT2G38360","OX291801.1",19963905,19965183,1278,1598.75,1
"8116","GCA_946415445.1_IP-Cas-6.PacbioHiFiAssembly_genomic","AT3G11090","OX291802.1",3478890,3479801,911,1158.75,1
"9116","GCA_946415445.1_IP-Cas-6.PacbioHiFiAssembly_genomic","AT5G24890","OX291804.1",8692321,8694071,1750,2190,1
"10116","GCA_946415445.1_IP-Cas-6.PacbioHiFiAssembly_genomic","AT5G27970","OX291804.1",10181052,10192390,11338,14170,1
"11155","GCA_946415445.1_IP-Cas-6.PacbioHiFiAssembly_genomic","AT1G49590","OX291800.1",21235944,21237933,1989,2487.5,1
"12132","GCA_946415445.1_IP-Cas-6.PacbioHiFiAssembly_genomic","AT5G46910","OX291804.1",23766924,23771970,5046,6301.25,1
"13119","GCA_946415445.1_IP-Cas-6.PacbioHiFiAssembly_genomic","AT1G77300","OX291800.1",31974531,31984051,9520,11916.25,1
"14116","GCA_946415445.1_IP-Cas-6.PacbioHiFiAssembly_genomic","AT2G15560","OX291801.1",10558025,10560373,2348,2937.5,1
"15116","GCA_946415445.1_IP-Cas-6.PacbioHiFiAssembly_genomic","AT3G27310","OX291802.1",10091073,10093227,2154,2693.75,1
"16116","GCA_946415445.1_IP-Cas-6.PacbioHiFiAssembly_genomic","AT5G42950","OX291804.1",21991206,21998320,7114,8893.75,1
"17116","GCA_946415445.1_IP-Cas-6.PacbioHiFiAssembly_genomic","AT5G47380","OX291804.1",23937120,23940494,3374,4223.75,1
"18116","GCA_946415445.1_IP-Cas-6.PacbioHiFiAssembly_genomic","AT3G06035","OX291802.1",1838350,1839755,1405,1757.5,1
"19116","GCA_946415445.1_IP-Cas-6.PacbioHiFiAssembly_genomic","AT2G38310","OX291801.1",19944477,19945915,1438,1798.75,1
"20116","GCA_946415445.1_IP-Cas-6.PacbioHiFiAssembly_genomic","AT1G27460","OX291800.1",9464220,9467382,3162,3908.75,1
"21155","GCA_946415445.1_IP-Cas-6.PacbioHiFiAssembly_genomic","AT2G45320","OX291801.1",22588552,22590633,2081,2602.5,1
"22132","GCA_946415445.1_IP-Cas-6.PacbioHiFiAssembly_genomic","AT1G30480","OX291800.1",10738221,10740917,2696,3380,1
"23119","GCA_946415445.1_IP-Cas-6.PacbioHiFiAssembly_genomic","AT3G13840","OX291802.1",4558337,4560085,1748,2186.25,1
"24116","GCA_946415445.1_IP-Cas-6.PacbioHiFiAssembly_genomic","AT5G38520","OX291804.1",20073222,20075358,2136,2678.75,1
"25116","GCA_946415445.1_IP-Cas-6.PacbioHiFiAssembly_genomic","AT2G22260","OX291801.1",13278316,13281044,2728,3305,1
"26116","GCA_946415445.1_IP-Cas-6.PacbioHiFiAssembly_genomic","AT1G49470","OX291800.1",21194091,21195377,1286,1608.75,1
"27116","GCA_946415445.1_IP-Cas-6.PacbioHiFiAssembly_genomic","AT1G70560","OX291800.1",29523103,29525901,2798,3497.5,1
"28116","GCA_946415445.1_IP-Cas-6.PacbioHiFiAssembly_genomic","AT3G10985","OX291802.1",3441688,3443077,1389,1805,1
"29116","GCA_946415445.1_IP-Cas-6.PacbioHiFiAssembly_genomic","AT4G36390","OX291803.1",21343948,21346623,2675,3343.75,1
"30116","GCA_946415445.1_IP-Cas-6.PacbioHiFiAssembly_genomic","AT4G34270","OX291803.1",20553449,20555894,2445,3075,1
"31155","GCA_946415445.1_IP-Cas-6.PacbioHiFiAssembly_genomic","AT5G50000","OX291804.1",25055188,25057988,2800,3497.5,1
"32132","GCA_946415445.1_IP-Cas-6.PacbioHiFiAssembly_genomic","AT1G30580","OX291800.1",10779002,10782961,3959,4953.75,1
"33118","GCA_946415445.1_IP-Cas-6.PacbioHiFiAssembly_genomic","AT1G20070","OX291800.1",6961218,6962374,1156,1446.25,1
"34115","GCA_946415445.1_IP-Cas-6.PacbioHiFiAssembly_genomic","AT3G25440","OX291802.1",9227478,9229277,1799,2273.75,1
"35116","GCA_946415445.1_IP-Cas-6.PacbioHiFiAssembly_genomic","AT5G43680","OX291804.1",22291799,22293644,1845,2321.25,1
"36116","GCA_946415445.1_IP-Cas-6.PacbioHiFiAssembly_genomic","AT1G67320","OX291800.1",28110020,28113799,3779,4778.75,1
"37116","GCA_946415445.1_IP-Cas-6.PacbioHiFiAssembly_genomic","AT2G44950","OX291801.1",22450715,22457071,6356,8097.5,1
"38116","GCA_946415445.1_IP-Cas-6.PacbioHiFiAssembly_genomic","AT5G24520","OX291804.1",8492523,8495053,2530,3163.75,1
"39116","GCA_946415445.1_IP-Cas-6.PacbioHiFiAssembly_genomic","AT5G56890","OX291804.1",27703636,27709218,5582,6991.25,1
"40116","GCA_946415445.1_IP-Cas-6.PacbioHiFiAssembly_genomic","AT1G24460","OX291800.1",8646588,8653363,6775,8472.5,1
"41153","GCA_946415445.1_IP-Cas-6.PacbioHiFiAssembly_genomic","AT2G28800","OX291801.1",16226393,16229637,3244,4060,1
"42128","GCA_946415445.1_IP-Cas-6.PacbioHiFiAssembly_genomic","AT5G13940","OX291804.1",4539340,4544850,5510,6863.75,1
"4595","GCA_946415445.1_IP-Cas-6.PacbioHiFiAssembly_genomic","AT1G19220","OX291800.1",6630567,6636031,5464,6813.75,1
"46110","GCA_946415445.1_IP-Cas-6.PacbioHiFiAssembly_genomic","AT5G01220","OX291804.1",85135,88713,3578,4468.75,1
"47116","GCA_946415445.1_IP-Cas-6.PacbioHiFiAssembly_genomic","AT1G02460","OX291800.1",518209,521004,2795,3507.5,1
"48116","GCA_946415445.1_IP-Cas-6.PacbioHiFiAssembly_genomic","AT1G04110","OX291800.1",1080823,1083335,2512,3141.25,1
"49116","GCA_946415445.1_IP-Cas-6.PacbioHiFiAssembly_genomic","AT4G01880","OX291803.1",1644427,1646698,2271,2842.5,1
"50103","GCA_946415445.1_IP-Cas-6.PacbioHiFiAssembly_genomic","AT2G24430","OX291801.1",14219084,14222204,3120,3911.25,1
"5192","GCA_946415445.1_IP-Cas-6.PacbioHiFiAssembly_genomic","AT5G47870","OX291804.1",24094244,24095750,1506,1877.5,1
"1509","GCA_946415625.1_MONTM-B-7.PacbioHiFiAssembly_genomic","AT2G27810","OX291806.1",16031128,16035385,4257,5322.5,1
"2509","GCA_946415625.1_MONTM-B-7.PacbioHiFiAssembly_genomic","AT5G40530","OX291809.1",19328749,19330616,1867,2313.75,1
"3509","GCA_946415625.1_MONTM-B-7.PacbioHiFiAssembly_genomic","AT3G26115","OX291807.1",9611682,9613885,2203,2787.5,1
"4359","GCA_946415625.1_MONTM-B-7.PacbioHiFiAssembly_genomic","AT1G26750","OX291805.1",9141465,9142882,1417,1772.5,1
"5193","GCA_946415625.1_MONTM-B-7.PacbioHiFiAssembly_genomic","AT4G17540","OX291808.1",13790884,13792878,1994,2493.75,1
"6117","GCA_946415625.1_MONTM-B-7.PacbioHiFiAssembly_genomic","AT4G23950","OX291808.1",16470973,16473473,2500,3126.25,1
"7117","GCA_946415625.1_MONTM-B-7.PacbioHiFiAssembly_genomic","AT2G38360","OX291806.1",20207337,20208616,1279,1598.75,1
"8117","GCA_946415625.1_MONTM-B-7.PacbioHiFiAssembly_genomic","AT3G11090","OX291807.1",3569168,3570094,926,1158.75,1
"9117","GCA_946415625.1_MONTM-B-7.PacbioHiFiAssembly_genomic","AT5G24890","OX291809.1",8650676,8652426,1750,2190,1
"10117","GCA_946415625.1_MONTM-B-7.PacbioHiFiAssembly_genomic","AT5G27970","OX291809.1",10081609,10092948,11339,14170,1
"11156","GCA_946415625.1_MONTM-B-7.PacbioHiFiAssembly_genomic","AT1G49590","OX291805.1",21206441,21208430,1989,2487.5,1
"12133","GCA_946415625.1_MONTM-B-7.PacbioHiFiAssembly_genomic","AT5G46910","OX291809.1",22128048,22133092,5044,6301.25,1
"13120","GCA_946415625.1_MONTM-B-7.PacbioHiFiAssembly_genomic","AT1G77300","OX291805.1",31826434,31835958,9524,11916.25,1
"14117","GCA_946415625.1_MONTM-B-7.PacbioHiFiAssembly_genomic","AT2G15560","OX291806.1",10918057,10920378,2321,2937.5,1
"15117","GCA_946415625.1_MONTM-B-7.PacbioHiFiAssembly_genomic","AT3G27310","OX291807.1",10157632,10159786,2154,2693.75,1
"16117","GCA_946415625.1_MONTM-B-7.PacbioHiFiAssembly_genomic","AT5G42950","OX291809.1",20335704,20342818,7114,8893.75,1
"17117","GCA_946415625.1_MONTM-B-7.PacbioHiFiAssembly_genomic","AT5G47380","OX291809.1",22303008,22306386,3378,4223.75,1
"18117","GCA_946415625.1_MONTM-B-7.PacbioHiFiAssembly_genomic","AT3G06035","OX291807.1",1851043,1852445,1402,1757.5,1
"19117","GCA_946415625.1_MONTM-B-7.PacbioHiFiAssembly_genomic","AT2G38310","OX291806.1",20187883,20189321,1438,1798.75,1
"20117","GCA_946415625.1_MONTM-B-7.PacbioHiFiAssembly_genomic","AT1G27460","OX291805.1",9427008,9430185,3177,3908.75,1
"21156","GCA_946415625.1_MONTM-B-7.PacbioHiFiAssembly_genomic","AT2G45320","OX291806.1",22808754,22810835,2081,2602.5,1
"22133","GCA_946415625.1_MONTM-B-7.PacbioHiFiAssembly_genomic","AT1G30480","OX291805.1",10637127,10639830,2703,3380,1
"23120","GCA_946415625.1_MONTM-B-7.PacbioHiFiAssembly_genomic","AT3G13840","OX291807.1",4623658,4625406,1748,2186.25,1
"24117","GCA_946415625.1_MONTM-B-7.PacbioHiFiAssembly_genomic","AT5G38520","OX291809.1",18495818,18497955,2137,2678.75,1
"25117","GCA_946415625.1_MONTM-B-7.PacbioHiFiAssembly_genomic","AT2G22260","OX291806.1",13663737,13666380,2643,3305,1
"26117","GCA_946415625.1_MONTM-B-7.PacbioHiFiAssembly_genomic","AT1G49470","OX291805.1",21162108,21163394,1286,1608.75,1
"27117","GCA_946415625.1_MONTM-B-7.PacbioHiFiAssembly_genomic","AT1G70560","OX291805.1",29373527,29376322,2795,3497.5,1
"28117","GCA_946415625.1_MONTM-B-7.PacbioHiFiAssembly_genomic","AT3G10985","OX291807.1",3537245,3538686,1441,1805,1
"29117","GCA_946415625.1_MONTM-B-7.PacbioHiFiAssembly_genomic","AT4G36390","OX291808.1",21235787,21238461,2674,3343.75,1
"30117","GCA_946415625.1_MONTM-B-7.PacbioHiFiAssembly_genomic","AT4G34270","OX291808.1",20435642,20438101,2459,3075,1
"31156","GCA_946415625.1_MONTM-B-7.PacbioHiFiAssembly_genomic","AT5G50000","OX291809.1",23445299,23448096,2797,3497.5,1
"32133","GCA_946415625.1_MONTM-B-7.PacbioHiFiAssembly_genomic","AT1G30580","OX291805.1",10677756,10681705,3949,4953.75,1
"33119","GCA_946415625.1_MONTM-B-7.PacbioHiFiAssembly_genomic","AT1G20070","OX291805.1",6956880,6958036,1156,1446.25,1
"34116","GCA_946415625.1_MONTM-B-7.PacbioHiFiAssembly_genomic","AT3G25440","OX291807.1",9306130,9307948,1818,2273.75,1
"35117","GCA_946415625.1_MONTM-B-7.PacbioHiFiAssembly_genomic","AT5G43680","OX291809.1",20662982,20664649,1667,2321.25,1
"36117","GCA_946415625.1_MONTM-B-7.PacbioHiFiAssembly_genomic","AT1G67320","OX291805.1",27976210,27980033,3823,4778.75,1
"37117","GCA_946415625.1_MONTM-B-7.PacbioHiFiAssembly_genomic","AT2G44950","OX291806.1",22671828,22678307,6479,8097.5,1
"38117","GCA_946415625.1_MONTM-B-7.PacbioHiFiAssembly_genomic","AT5G24520","OX291809.1",8464687,8467217,2530,3163.75,1
"39117","GCA_946415625.1_MONTM-B-7.PacbioHiFiAssembly_genomic","AT5G56890","OX291809.1",26081504,26087098,5594,6991.25,1
"40117","GCA_946415625.1_MONTM-B-7.PacbioHiFiAssembly_genomic","AT1G24460","OX291805.1",8644345,8651120,6775,8472.5,1
"41154","GCA_946415625.1_MONTM-B-7.PacbioHiFiAssembly_genomic","AT2G28800","OX291806.1",16537531,16540777,3246,4060,1
"42129","GCA_946415625.1_MONTM-B-7.PacbioHiFiAssembly_genomic","AT5G13940","OX291809.1",4541656,4547153,5497,6863.75,1
"46111","GCA_946415625.1_MONTM-B-7.PacbioHiFiAssembly_genomic","AT1G19220","OX291805.1",6629877,6635319,5442,6813.75,1
"47117","GCA_946415625.1_MONTM-B-7.PacbioHiFiAssembly_genomic","AT5G01220","OX291809.1",82059,85634,3575,4468.75,1
"48117","GCA_946415625.1_MONTM-B-7.PacbioHiFiAssembly_genomic","AT1G02460","OX291805.1",513869,516678,2809,3507.5,1
"49117","GCA_946415625.1_MONTM-B-7.PacbioHiFiAssembly_genomic","AT1G04110","OX291805.1",1075509,1078021,2512,3141.25,1
"50104","GCA_946415625.1_MONTM-B-7.PacbioHiFiAssembly_genomic","AT4G01880","OX291808.1",1476990,1479262,2272,2842.5,1
"5194","GCA_946415625.1_MONTM-B-7.PacbioHiFiAssembly_genomic","AT2G24430","OX291806.1",14589420,14592539,3119,3911.25,1
"5229","GCA_946415625.1_MONTM-B-7.PacbioHiFiAssembly_genomic","AT5G47870","OX291809.1",22467806,22469308,1502,1877.5,1
"1600","GCA_946415655.1_LACR-C-14.PacbioHiFiAssembly_genomic","AT2G27810","OX291811.1",14607278,14611535,4257,5322.5,1
"2600","GCA_946415655.1_LACR-C-14.PacbioHiFiAssembly_genomic","AT5G40530","OX291814.1",18435909,18437776,1867,2313.75,1
"3600","GCA_946415655.1_LACR-C-14.PacbioHiFiAssembly_genomic","AT3G26115","OX291812.1",9543048,9545277,2229,2787.5,1
"4360","GCA_946415655.1_LACR-C-14.PacbioHiFiAssembly_genomic","AT1G26750","OX291810.1",9072702,9074119,1417,1772.5,1
"5195","GCA_946415655.1_LACR-C-14.PacbioHiFiAssembly_genomic","AT4G17540","OX291813.1",13152378,13154372,1994,2493.75,1
"6118","GCA_946415655.1_LACR-C-14.PacbioHiFiAssembly_genomic","AT4G23950","OX291813.1",15772628,15775128,2500,3126.25,1
"7118","GCA_946415655.1_LACR-C-14.PacbioHiFiAssembly_genomic","AT2G38360","OX291811.1",18840430,18841708,1278,1598.75,1
"8118","GCA_946415655.1_LACR-C-14.PacbioHiFiAssembly_genomic","AT3G11090","OX291812.1",3524591,3525517,926,1158.75,1
"9118","GCA_946415655.1_LACR-C-14.PacbioHiFiAssembly_genomic","AT5G24890","OX291814.1",8574242,8575992,1750,2190,1
"10118","GCA_946415655.1_LACR-C-14.PacbioHiFiAssembly_genomic","AT5G27970","OX291814.1",9964173,9975511,11338,14170,1
"11157","GCA_946415655.1_LACR-C-14.PacbioHiFiAssembly_genomic","AT1G49590","OX291810.1",21656007,21657996,1989,2487.5,1
"12134","GCA_946415655.1_LACR-C-14.PacbioHiFiAssembly_genomic","AT5G46910","OX291814.1",21191785,21196824,5039,6301.25,1
"13121","GCA_946415655.1_LACR-C-14.PacbioHiFiAssembly_genomic","AT1G77300","OX291810.1",32324243,32333767,9524,11916.25,1
"14118","GCA_946415655.1_LACR-C-14.PacbioHiFiAssembly_genomic","AT2G15560","OX291811.1",9520808,9523129,2321,2937.5,1
"15118","GCA_946415655.1_LACR-C-14.PacbioHiFiAssembly_genomic","AT3G27310","OX291812.1",10087206,10089360,2154,2693.75,1
"16118","GCA_946415655.1_LACR-C-14.PacbioHiFiAssembly_genomic","AT5G42950","OX291814.1",19446564,19453678,7114,8893.75,1
"17118","GCA_946415655.1_LACR-C-14.PacbioHiFiAssembly_genomic","AT5G47380","OX291814.1",21369639,21373017,3378,4223.75,1
"18118","GCA_946415655.1_LACR-C-14.PacbioHiFiAssembly_genomic","AT3G06035","OX291812.1",1851408,1852810,1402,1757.5,1
"19118","GCA_946415655.1_LACR-C-14.PacbioHiFiAssembly_genomic","AT2G38310","OX291811.1",18820962,18822400,1438,1798.75,1
"20118","GCA_946415655.1_LACR-C-14.PacbioHiFiAssembly_genomic","AT2G21100","OX291811.1",11784964,11786238,1274,1592.5,1
"21157","GCA_946415655.1_LACR-C-14.PacbioHiFiAssembly_genomic","AT1G27460","OX291810.1",9358711,9361874,3163,3908.75,1
"22134","GCA_946415655.1_LACR-C-14.PacbioHiFiAssembly_genomic","AT2G45320","OX291811.1",21477037,21479118,2081,2602.5,1
"23121","GCA_946415655.1_LACR-C-14.PacbioHiFiAssembly_genomic","AT1G30480","OX291810.1",10583338,10585937,2599,3380,1
"24118","GCA_946415655.1_LACR-C-14.PacbioHiFiAssembly_genomic","AT3G13840","OX291812.1",4585791,4587539,1748,2186.25,1
"25118","GCA_946415655.1_LACR-C-14.PacbioHiFiAssembly_genomic","AT5G38520","OX291814.1",17350127,17352270,2143,2678.75,1
"26118","GCA_946415655.1_LACR-C-14.PacbioHiFiAssembly_genomic","AT2G22260","OX291811.1",12197440,12200083,2643,3305,1
"27118","GCA_946415655.1_LACR-C-14.PacbioHiFiAssembly_genomic","AT1G49470","OX291810.1",21612648,21613934,1286,1608.75,1
"28118","GCA_946415655.1_LACR-C-14.PacbioHiFiAssembly_genomic","AT1G70560","OX291810.1",29874510,29877306,2796,3497.5,1
"29118","GCA_946415655.1_LACR-C-14.PacbioHiFiAssembly_genomic","AT3G10985","OX291812.1",3491207,3492650,1443,1805,1
"30118","GCA_946415655.1_LACR-C-14.PacbioHiFiAssembly_genomic","AT4G36390","OX291813.1",20542150,20544824,2674,3343.75,1
"31157","GCA_946415655.1_LACR-C-14.PacbioHiFiAssembly_genomic","AT4G34270","OX291813.1",19749077,19751522,2445,3075,1
"32134","GCA_946415655.1_LACR-C-14.PacbioHiFiAssembly_genomic","AT5G50000","OX291814.1",22483521,22486319,2798,3497.5,1
"33120","GCA_946415655.1_LACR-C-14.PacbioHiFiAssembly_genomic","AT1G30580","OX291810.1",10624004,10627961,3957,4953.75,1
"34117","GCA_946415655.1_LACR-C-14.PacbioHiFiAssembly_genomic","AT1G20070","OX291810.1",6907721,6908877,1156,1446.25,1
"35118","GCA_946415655.1_LACR-C-14.PacbioHiFiAssembly_genomic","AT3G25440","OX291812.1",9235630,9237447,1817,2273.75,1
"36118","GCA_946415655.1_LACR-C-14.PacbioHiFiAssembly_genomic","AT5G43680","OX291814.1",19747325,19749003,1678,2321.25,1
"37118","GCA_946415655.1_LACR-C-14.PacbioHiFiAssembly_genomic","AT1G67320","OX291810.1",28466065,28469887,3822,4778.75,1
"38118","GCA_946415655.1_LACR-C-14.PacbioHiFiAssembly_genomic","AT2G44950","OX291811.1",21340573,21347050,6477,8097.5,1
"39118","GCA_946415655.1_LACR-C-14.PacbioHiFiAssembly_genomic","AT5G24520","OX291814.1",8388767,8391297,2530,3163.75,1
"40118","GCA_946415655.1_LACR-C-14.PacbioHiFiAssembly_genomic","AT5G56890","OX291814.1",25116842,25122423,5581,6991.25,1
"41155","GCA_946415655.1_LACR-C-14.PacbioHiFiAssembly_genomic","AT1G24460","OX291810.1",8577722,8584497,6775,8472.5,1
"42130","GCA_946415655.1_LACR-C-14.PacbioHiFiAssembly_genomic","AT2G28800","OX291811.1",15119473,15122720,3247,4060,1
"4361","GCA_946415655.1_LACR-C-14.PacbioHiFiAssembly_genomic","AT5G13940","OX291814.1",4502769,4508259,5490,6863.75,1
"49118","GCA_946415655.1_LACR-C-14.PacbioHiFiAssembly_genomic","AT1G19220","OX291810.1",6580824,6586266,5442,6813.75,1
"50105","GCA_946415655.1_LACR-C-14.PacbioHiFiAssembly_genomic","AT5G01220","OX291814.1",84052,87630,3578,4468.75,1
"5196","GCA_946415655.1_LACR-C-14.PacbioHiFiAssembly_genomic","AT1G02460","OX291810.1",506511,509329,2818,3507.5,1
"5230","GCA_946415655.1_LACR-C-14.PacbioHiFiAssembly_genomic","AT1G04110","OX291810.1",1066523,1069035,2512,3141.25,1
"5316","GCA_946415655.1_LACR-C-14.PacbioHiFiAssembly_genomic","AT4G01880","OX291813.1",1106765,1109038,2273,2842.5,1
"5410","GCA_946415655.1_LACR-C-14.PacbioHiFiAssembly_genomic","AT2G24430","OX291811.1",13128478,13131598,3120,3911.25,1
"5510","GCA_946415655.1_LACR-C-14.PacbioHiFiAssembly_genomic","AT5G47870","OX291814.1",21527153,21528658,1505,1877.5,1
"1601","GCA_946499665.1_Ey15-2.9994.PacbioHiFiAssembly_genomic","AT2G27810","OX298798.1",14279990,14284262,4272,5322.5,1
"2601","GCA_946499665.1_Ey15-2.9994.PacbioHiFiAssembly_genomic","AT5G40530","OX298801.1",19945101,19946968,1867,2313.75,1
"3601","GCA_946499665.1_Ey15-2.9994.PacbioHiFiAssembly_genomic","AT3G26115","OX298799.1",9594190,9596419,2229,2787.5,1
"4362","GCA_946499665.1_Ey15-2.9994.PacbioHiFiAssembly_genomic","AT1G26750","OX298797.1",9087153,9088570,1417,1772.5,1
"5197","GCA_946499665.1_Ey15-2.9994.PacbioHiFiAssembly_genomic","AT4G17540","OX298800.1",13394912,13396906,1994,2493.75,1
"6119","GCA_946499665.1_Ey15-2.9994.PacbioHiFiAssembly_genomic","AT4G23950","OX298800.1",15990331,15992831,2500,3126.25,1
"7119","GCA_946499665.1_Ey15-2.9994.PacbioHiFiAssembly_genomic","AT2G38360","OX298798.1",18498930,18500208,1278,1598.75,1
"8119","GCA_946499665.1_Ey15-2.9994.PacbioHiFiAssembly_genomic","AT3G11090","OX298799.1",3538795,3539721,926,1158.75,1
"9119","GCA_946499665.1_Ey15-2.9994.PacbioHiFiAssembly_genomic","AT5G24890","OX298801.1",8571483,8573233,1750,2190,1
"10119","GCA_946499665.1_Ey15-2.9994.PacbioHiFiAssembly_genomic","AT5G27970","OX298801.1",10010331,10021668,11337,14170,1
"11158","GCA_946499665.1_Ey15-2.9994.PacbioHiFiAssembly_genomic","AT1G49590","OX298797.1",22276981,22278969,1988,2487.5,1
"12135","GCA_946499665.1_Ey15-2.9994.PacbioHiFiAssembly_genomic","AT5G46910","OX298801.1",22694381,22699413,5032,6301.25,1
"13122","GCA_946499665.1_Ey15-2.9994.PacbioHiFiAssembly_genomic","AT1G77300","OX298797.1",32958261,32967781,9520,11916.25,1
"14119","GCA_946499665.1_Ey15-2.9994.PacbioHiFiAssembly_genomic","AT2G15560","OX298798.1",9117290,9119608,2318,2937.5,1
"15119","GCA_946499665.1_Ey15-2.9994.PacbioHiFiAssembly_genomic","AT3G27310","OX298799.1",10129936,10132091,2155,2693.75,1
"16119","GCA_946499665.1_Ey15-2.9994.PacbioHiFiAssembly_genomic","AT5G42950","OX298801.1",20957458,20964572,7114,8893.75,1
"17119","GCA_946499665.1_Ey15-2.9994.PacbioHiFiAssembly_genomic","AT5G47380","OX298801.1",22869756,22873135,3379,4223.75,1
"18119","GCA_946499665.1_Ey15-2.9994.PacbioHiFiAssembly_genomic","AT3G06035","OX298799.1",1866434,1867840,1406,1757.5,1
"19119","GCA_946499665.1_Ey15-2.9994.PacbioHiFiAssembly_genomic","AT2G38310","OX298798.1",18479466,18480904,1438,1798.75,1
"20119","GCA_946499665.1_Ey15-2.9994.PacbioHiFiAssembly_genomic","AT2G21100","OX298798.1",11437983,11439257,1274,1592.5,1
"21158","GCA_946499665.1_Ey15-2.9994.PacbioHiFiAssembly_genomic","AT1G27460","OX298797.1",9372842,9375968,3126,3908.75,1
"22135","GCA_946499665.1_Ey15-2.9994.PacbioHiFiAssembly_genomic","AT2G45320","OX298798.1",21089219,21091299,2080,2602.5,1
"23122","GCA_946499665.1_Ey15-2.9994.PacbioHiFiAssembly_genomic","AT1G30480","OX298797.1",10615769,10618472,2703,3380,1
"24119","GCA_946499665.1_Ey15-2.9994.PacbioHiFiAssembly_genomic","AT3G13840","OX298799.1",4608477,4610225,1748,2186.25,1
"25119","GCA_946499665.1_Ey15-2.9994.PacbioHiFiAssembly_genomic","AT5G38520","OX298801.1",19017757,19019885,2128,2678.75,1
"26119","GCA_946499665.1_Ey15-2.9994.PacbioHiFiAssembly_genomic","AT2G22260","OX298798.1",11840624,11843267,2643,3305,1
"27119","GCA_946499665.1_Ey15-2.9994.PacbioHiFiAssembly_genomic","AT1G49470","OX298797.1",22228468,22229754,1286,1608.75,1
"28119","GCA_946499665.1_Ey15-2.9994.PacbioHiFiAssembly_genomic","AT1G70560","OX298797.1",30520465,30523262,2797,3497.5,1
"29119","GCA_946499665.1_Ey15-2.9994.PacbioHiFiAssembly_genomic","AT3G10985","OX298799.1",3505702,3507142,1440,1805,1
"30119","GCA_946499665.1_Ey15-2.9994.PacbioHiFiAssembly_genomic","AT4G36390","OX298800.1",20736003,20738677,2674,3343.75,1
"31158","GCA_946499665.1_Ey15-2.9994.PacbioHiFiAssembly_genomic","AT4G34270","OX298800.1",19939724,19942183,2459,3075,1
"32135","GCA_946499665.1_Ey15-2.9994.PacbioHiFiAssembly_genomic","AT5G50000","OX298801.1",24008517,24011316,2799,3497.5,1
"33121","GCA_946499665.1_Ey15-2.9994.PacbioHiFiAssembly_genomic","AT1G30580","OX298797.1",10657414,10661376,3962,4953.75,1
"34118","GCA_946499665.1_Ey15-2.9994.PacbioHiFiAssembly_genomic","AT1G20070","OX298797.1",6931850,6933006,1156,1446.25,1
"35119","GCA_946499665.1_Ey15-2.9994.PacbioHiFiAssembly_genomic","AT3G25440","OX298799.1",9286866,9288684,1818,2273.75,1
"36119","GCA_946499665.1_Ey15-2.9994.PacbioHiFiAssembly_genomic","AT5G43680","OX298801.1",21273606,21275253,1647,2321.25,1
"37119","GCA_946499665.1_Ey15-2.9994.PacbioHiFiAssembly_genomic","AT1G67320","OX298797.1",29119458,29123280,3822,4778.75,1
"38119","GCA_946499665.1_Ey15-2.9994.PacbioHiFiAssembly_genomic","AT2G44950","OX298798.1",20951322,20957799,6477,8097.5,1
"39119","GCA_946499665.1_Ey15-2.9994.PacbioHiFiAssembly_genomic","AT5G24520","OX298801.1",8383246,8385776,2530,3163.75,1
"40119","GCA_946499665.1_Ey15-2.9994.PacbioHiFiAssembly_genomic","AT5G56890","OX298801.1",26699737,26705329,5592,6991.25,1
"41156","GCA_946499665.1_Ey15-2.9994.PacbioHiFiAssembly_genomic","AT1G24460","OX298797.1",8593995,8600770,6775,8472.5,1
"42131","GCA_946499665.1_Ey15-2.9994.PacbioHiFiAssembly_genomic","AT2G28800","OX298798.1",14785686,14788934,3248,4060,1
"4363","GCA_946499665.1_Ey15-2.9994.PacbioHiFiAssembly_genomic","AT5G13940","OX298801.1",4505966,4511456,5490,6863.75,1
"4596","GCA_946499665.1_Ey15-2.9994.PacbioHiFiAssembly_genomic","AT1G19220","OX298797.1",6605827,6611262,5435,6813.75,1
"46112","GCA_946499665.1_Ey15-2.9994.PacbioHiFiAssembly_genomic","AT5G01220","OX298801.1",83229,86803,3574,4468.75,1
"47118","GCA_946499665.1_Ey15-2.9994.PacbioHiFiAssembly_genomic","AT1G02460","OX298797.1",508955,511782,2827,3507.5,1
"48118","GCA_946499665.1_Ey15-2.9994.PacbioHiFiAssembly_genomic","AT1G04110","OX298797.1",1067370,1069882,2512,3141.25,1
"49119","GCA_946499665.1_Ey15-2.9994.PacbioHiFiAssembly_genomic","AT4G01880","OX298800.1",1165354,1167626,2272,2842.5,1
"50106","GCA_946499665.1_Ey15-2.9994.PacbioHiFiAssembly_genomic","AT2G24430","OX298798.1",12780770,12783885,3115,3911.25,1
"5198","GCA_946499665.1_Ey15-2.9994.PacbioHiFiAssembly_genomic","AT5G47870","OX298801.1",23034288,23035786,1498,1877.5,1
"1602","GCA_946499705.1_Col-0.6909.PacbioHiFiAssembly_genomic","AT2G27810","OX298803.1",15158242,15162499,4257,5322.5,1
"2602","GCA_946499705.1_Col-0.6909.PacbioHiFiAssembly_genomic","AT5G40530","OX298806.1",19411909,19413759,1850,2313.75,1
"3602","GCA_946499705.1_Col-0.6909.PacbioHiFiAssembly_genomic","AT3G26115","OX298804.1",9549449,9551678,2229,2787.5,1
"4364","GCA_946499705.1_Col-0.6909.PacbioHiFiAssembly_genomic","AT1G26750","OX298802.1",9268942,9270359,1417,1772.5,1
"5199","GCA_946499705.1_Col-0.6909.PacbioHiFiAssembly_genomic","AT4G17540","OX298805.1",13764308,13766302,1994,2493.75,1
"6120","GCA_946499705.1_Col-0.6909.PacbioHiFiAssembly_genomic","AT4G23950","OX298805.1",16435767,16438267,2500,3126.25,1
"7120","GCA_946499705.1_Col-0.6909.PacbioHiFiAssembly_genomic","AT2G38360","OX298803.1",19377088,19378366,1278,1598.75,1
"8120","GCA_946499705.1_Col-0.6909.PacbioHiFiAssembly_genomic","AT3G11090","OX298804.1",3481152,3482078,926,1158.75,1
"9120","GCA_946499705.1_Col-0.6909.PacbioHiFiAssembly_genomic","AT5G24890","OX298806.1",8568856,8570607,1751,2190,1
"10120","GCA_946499705.1_Col-0.6909.PacbioHiFiAssembly_genomic","AT5G27970","OX298806.1",10015543,10026878,11335,14170,1
"11159","GCA_946499705.1_Col-0.6909.PacbioHiFiAssembly_genomic","AT1G49590","OX298802.1",20561085,20563074,1989,2487.5,1
"12136","GCA_946499705.1_Col-0.6909.PacbioHiFiAssembly_genomic","AT5G46910","OX298806.1",22229014,22234054,5040,6301.25,1
"13123","GCA_946499705.1_Col-0.6909.PacbioHiFiAssembly_genomic","AT1G77300","OX298802.1",31242044,31251576,9532,11916.25,1
"14120","GCA_946499705.1_Col-0.6909.PacbioHiFiAssembly_genomic","AT2G15560","OX298803.1",10088551,10090900,2349,2937.5,1
"15120","GCA_946499705.1_Col-0.6909.PacbioHiFiAssembly_genomic","AT3G27310","OX298804.1",10094300,10096454,2154,2693.75,1
"16120","GCA_946499705.1_Col-0.6909.PacbioHiFiAssembly_genomic","AT5G42950","OX298806.1",20406893,20414007,7114,8893.75,1
"17120","GCA_946499705.1_Col-0.6909.PacbioHiFiAssembly_genomic","AT5G47380","OX298806.1",22403953,22407331,3378,4223.75,1
"18120","GCA_946499705.1_Col-0.6909.PacbioHiFiAssembly_genomic","AT3G06035","OX298804.1",1826570,1827975,1405,1757.5,1
"19120","GCA_946499705.1_Col-0.6909.PacbioHiFiAssembly_genomic","AT2G38310","OX298803.1",19357620,19359058,1438,1798.75,1
"20120","GCA_946499705.1_Col-0.6909.PacbioHiFiAssembly_genomic","AT2G21100","OX298803.1",12354011,12355285,1274,1592.5,1
"21159","GCA_946499705.1_Col-0.6909.PacbioHiFiAssembly_genomic","AT1G27460","OX298802.1",9556752,9559878,3126,3908.75,1
"22136","GCA_946499705.1_Col-0.6909.PacbioHiFiAssembly_genomic","AT2G45320","OX298803.1",21995044,21997125,2081,2602.5,1
"23123","GCA_946499705.1_Col-0.6909.PacbioHiFiAssembly_genomic","AT1G30480","OX298802.1",10812303,10815006,2703,3380,1
"24120","GCA_946499705.1_Col-0.6909.PacbioHiFiAssembly_genomic","AT3G13840","OX298804.1",4561581,4563329,1748,2186.25,1
"25120","GCA_946499705.1_Col-0.6909.PacbioHiFiAssembly_genomic","AT5G38520","OX298806.1",18520514,18522656,2142,2678.75,1
"26120","GCA_946499705.1_Col-0.6909.PacbioHiFiAssembly_genomic","AT2G22260","OX298803.1",12766803,12769446,2643,3305,1
"27120","GCA_946499705.1_Col-0.6909.PacbioHiFiAssembly_genomic","AT1G49470","OX298802.1",20516769,20518055,1286,1608.75,1
"28120","GCA_946499705.1_Col-0.6909.PacbioHiFiAssembly_genomic","AT1G70560","OX298802.1",28806839,28809636,2797,3497.5,1
"29120","GCA_946499705.1_Col-0.6909.PacbioHiFiAssembly_genomic","AT3G10985","OX298804.1",3448467,3449910,1443,1805,1
"30120","GCA_946499705.1_Col-0.6909.PacbioHiFiAssembly_genomic","AT4G36390","OX298805.1",21188318,21190992,2674,3343.75,1
"31159","GCA_946499705.1_Col-0.6909.PacbioHiFiAssembly_genomic","AT4G34270","OX298805.1",20397581,20400040,2459,3075,1
"32136","GCA_946499705.1_Col-0.6909.PacbioHiFiAssembly_genomic","AT5G50000","OX298806.1",23525181,23527978,2797,3497.5,1
"33122","GCA_946499705.1_Col-0.6909.PacbioHiFiAssembly_genomic","AT1G30580","OX298802.1",10853954,10857916,3962,4953.75,1
"34119","GCA_946499705.1_Col-0.6909.PacbioHiFiAssembly_genomic","AT1G20070","OX298802.1",6962254,6963410,1156,1446.25,1
"35120","GCA_946499705.1_Col-0.6909.PacbioHiFiAssembly_genomic","AT3G25440","OX298804.1",9231135,9232953,1818,2273.75,1
"36120","GCA_946499705.1_Col-0.6909.PacbioHiFiAssembly_genomic","AT5G43680","OX298806.1",20726618,20728474,1856,2321.25,1
"37120","GCA_946499705.1_Col-0.6909.PacbioHiFiAssembly_genomic","AT1G67320","OX298802.1",27407261,27411083,3822,4778.75,1
"38120","GCA_946499705.1_Col-0.6909.PacbioHiFiAssembly_genomic","AT2G44950","OX298803.1",21853102,21859579,6477,8097.5,1
"39120","GCA_946499705.1_Col-0.6909.PacbioHiFiAssembly_genomic","AT5G24520","OX298806.1",8381433,8383963,2530,3163.75,1
"40120","GCA_946499705.1_Col-0.6909.PacbioHiFiAssembly_genomic","AT5G56890","OX298806.1",26201673,26207265,5592,6991.25,1
"41157","GCA_946499705.1_Col-0.6909.PacbioHiFiAssembly_genomic","AT1G24460","OX298802.1",8671066,8677844,6778,8472.5,1
"42132","GCA_946499705.1_Col-0.6909.PacbioHiFiAssembly_genomic","AT2G28800","OX298803.1",15662484,15665731,3247,4060,1
"4365","GCA_946499705.1_Col-0.6909.PacbioHiFiAssembly_genomic","AT5G13940","OX298806.1",4502990,4508480,5490,6863.75,1
"4445","GCA_946499705.1_Col-0.6909.PacbioHiFiAssembly_genomic","AT1G19220","OX298802.1",6631961,6637411,5450,6813.75,1
"4597","GCA_946499705.1_Col-0.6909.PacbioHiFiAssembly_genomic","AT5G01220","OX298806.1",90620,94194,3574,4468.75,1
"46113","GCA_946499705.1_Col-0.6909.PacbioHiFiAssembly_genomic","AT1G02460","OX298802.1",508669,511474,2805,3507.5,1
"47119","GCA_946499705.1_Col-0.6909.PacbioHiFiAssembly_genomic","AT1G04110","OX298802.1",1065522,1068034,2512,3141.25,1
"48119","GCA_946499705.1_Col-0.6909.PacbioHiFiAssembly_genomic","AT4G01880","OX298805.1",1474944,1477217,2273,2842.5,1
"49120","GCA_946499705.1_Col-0.6909.PacbioHiFiAssembly_genomic","AT2G24430","OX298803.1",13689383,13692511,3128,3911.25,1
"50107","GCA_946499705.1_Col-0.6909.PacbioHiFiAssembly_genomic","AT5G47870","OX298806.1",22567048,22568549,1501,1877.5,1
"1603","GCA_949796375.1_9336_genomic","AT2G27810","OX461151.1",14951279,14955536,4257,5322.5,1
"2603","GCA_949796375.1_9336_genomic","AT5G40530","OX461154.1",20430481,20432348,1867,2313.75,1
"3603","GCA_949796375.1_9336_genomic","AT3G26115","OX461152.1",9579514,9581743,2229,2787.5,1
"4366","GCA_949796375.1_9336_genomic","AT1G26750","OX461150.1",9141050,9142467,1417,1772.5,1
"5200","GCA_949796375.1_9336_genomic","AT4G17540","OX461153.1",14498858,14500852,1994,2493.75,1
"6121","GCA_949796375.1_9336_genomic","AT4G23950","OX461153.1",17078103,17080603,2500,3126.25,1
"7121","GCA_949796375.1_9336_genomic","AT2G38360","OX461151.1",19164053,19165331,1278,1598.75,1
"8121","GCA_949796375.1_9336_genomic","AT3G11090","OX461152.1",3542950,3543876,926,1158.75,1
"9121","GCA_949796375.1_9336_genomic","AT5G24890","OX461154.1",8724742,8726493,1751,2190,1
"10121","GCA_949796375.1_9336_genomic","AT5G27970","OX461154.1",10187323,10198655,11332,14170,1
"11160","GCA_949796375.1_9336_genomic","AT1G49590","OX461150.1",21952599,21954585,1986,2487.5,1
"12137","GCA_949796375.1_9336_genomic","AT5G46910","OX461154.1",23177981,23183010,5029,6301.25,1
"13124","GCA_949796375.1_9336_genomic","AT1G77300","OX461150.1",32669160,32678676,9516,11916.25,1
"14121","GCA_949796375.1_9336_genomic","AT2G15560","OX461151.1",9873679,9876027,2348,2937.5,1
"15121","GCA_949796375.1_9336_genomic","AT3G27310","OX461152.1",10102162,10104316,2154,2693.75,1
"16121","GCA_949796375.1_9336_genomic","AT5G42950","OX461154.1",21440599,21447716,7117,8893.75,1
"17121","GCA_949796375.1_9336_genomic","AT5G47380","OX461154.1",23348488,23351866,3378,4223.75,1
"18121","GCA_949796375.1_9336_genomic","AT3G06035","OX461152.1",1845325,1846730,1405,1757.5,1
"19121","GCA_949796375.1_9336_genomic","AT2G38310","OX461151.1",19144591,19146028,1437,1798.75,1
"20121","GCA_949796375.1_9336_genomic","AT1G27460","OX461150.1",9421492,9424655,3163,3908.75,1
"21160","GCA_949796375.1_9336_genomic","AT2G45320","OX461151.1",21812007,21814088,2081,2602.5,1
"22137","GCA_949796375.1_9336_genomic","AT1G30480","OX461150.1",10653702,10656390,2688,3380,1
"23124","GCA_949796375.1_9336_genomic","AT3G13840","OX461152.1",4618771,4620519,1748,2186.25,1
"24121","GCA_949796375.1_9336_genomic","AT5G38520","OX461154.1",19593707,19595853,2146,2678.75,1
"25121","GCA_949796375.1_9336_genomic","AT2G22260","OX461151.1",12600652,12603295,2643,3305,1
"26121","GCA_949796375.1_9336_genomic","AT1G49470","OX461150.1",21908239,21909525,1286,1608.75,1
"27121","GCA_949796375.1_9336_genomic","AT1G70560","OX461150.1",30219471,30222271,2800,3497.5,1
"28121","GCA_949796375.1_9336_genomic","AT3G10985","OX461152.1",3510338,3511778,1440,1805,1
"29121","GCA_949796375.1_9336_genomic","AT4G36390","OX461153.1",21868291,21870965,2674,3343.75,1
"30121","GCA_949796375.1_9336_genomic","AT4G34270","OX461153.1",21076633,21079080,2447,3075,1
"31160","GCA_949796375.1_9336_genomic","AT5G50000","OX461154.1",24477546,24480344,2798,3497.5,1
"32137","GCA_949796375.1_9336_genomic","AT1G30580","OX461150.1",10694435,10698395,3960,4953.75,1
"33123","GCA_949796375.1_9336_genomic","AT1G20070","OX461150.1",6968989,6970145,1156,1446.25,1
"34120","GCA_949796375.1_9336_genomic","AT3G25440","OX461152.1",9269895,9271713,1818,2273.75,1
"35121","GCA_949796375.1_9336_genomic","AT5G43680","OX461154.1",21744012,21745855,1843,2321.25,1
"36121","GCA_949796375.1_9336_genomic","AT1G67320","OX461150.1",28808467,28812289,3822,4778.75,1
"37121","GCA_949796375.1_9336_genomic","AT2G44950","OX461151.1",21668310,21674787,6477,8097.5,1
"38121","GCA_949796375.1_9336_genomic","AT5G24520","OX461154.1",8539668,8542198,2530,3163.75,1
"39121","GCA_949796375.1_9336_genomic","AT5G56890","OX461154.1",27133026,27138617,5591,6991.25,1
"40121","GCA_949796375.1_9336_genomic","AT1G24460","OX461150.1",8632936,8639714,6778,8472.5,1
"41158","GCA_949796375.1_9336_genomic","AT2G28800","OX461151.1",15460472,15463719,3247,4060,1
"42133","GCA_949796375.1_9336_genomic","AT5G13940","OX461154.1",4506368,4511818,5450,6863.75,1
"4446","GCA_949796375.1_9336_genomic","AT1G19220","OX461150.1",6633201,6638655,5454,6813.75,1
"4598","GCA_949796375.1_9336_genomic","AT5G01220","OX461154.1",91699,95274,3575,4468.75,1
"46114","GCA_949796375.1_9336_genomic","AT1G02460","OX461150.1",507381,510190,2809,3507.5,1
"47120","GCA_949796375.1_9336_genomic","AT1G04110","OX461150.1",1065821,1068333,2512,3141.25,1
"48120","GCA_949796375.1_9336_genomic","AT4G01880","OX461153.1",924488,926754,2266,2842.5,1
"49121","GCA_949796375.1_9336_genomic","AT2G24430","OX461151.1",13525841,13528978,3137,3911.25,1
"50108","GCA_949796375.1_9336_genomic","AT5G47870","OX461154.1",23510401,23511902,1501,1877.5,1
"1604","GCA_949796385.1_9852_genomic","AT2G27810","OX461166.1",15527943,15532200,4257,5322.5,1
"2604","GCA_949796385.1_9852_genomic","AT5G40530","OX461169.1",20535750,20537617,1867,2313.75,1
"3604","GCA_949796385.1_9852_genomic","AT3G26115","OX461167.1",9565876,9568105,2229,2787.5,1
"4367","GCA_949796385.1_9852_genomic","AT1G26750","OX461165.1",9152093,9153510,1417,1772.5,1
"5201","GCA_949796385.1_9852_genomic","AT4G17540","OX461168.1",15454961,15456955,1994,2493.75,1
"6122","GCA_949796385.1_9852_genomic","AT4G23950","OX461168.1",18051077,18053578,2501,3126.25,1
"7122","GCA_949796385.1_9852_genomic","AT2G38360","OX461166.1",19756695,19757973,1278,1598.75,1
"8122","GCA_949796385.1_9852_genomic","AT3G11090","OX461167.1",3552276,3553202,926,1158.75,1
"9122","GCA_949796385.1_9852_genomic","AT5G24890","OX461169.1",8593630,8595384,1754,2190,1
"10122","GCA_949796385.1_9852_genomic","AT5G27970","OX461169.1",10042333,10053667,11334,14170,1
"11161","GCA_949796385.1_9852_genomic","AT1G49590","OX461165.1",21329093,21331096,2003,2487.5,1
"12138","GCA_949796385.1_9852_genomic","AT5G46910","OX461169.1",23371763,23376803,5040,6301.25,1
"13125","GCA_949796385.1_9852_genomic","AT1G77300","OX461165.1",31925303,31934865,9562,11916.25,1
"14122","GCA_949796385.1_9852_genomic","AT2G15560","OX461166.1",10357376,10359697,2321,2937.5,1
"15122","GCA_949796385.1_9852_genomic","AT3G27310","OX461167.1",10105919,10108073,2154,2693.75,1
"16122","GCA_949796385.1_9852_genomic","AT5G42950","OX461169.1",21558708,21565822,7114,8893.75,1
"17122","GCA_949796385.1_9852_genomic","AT5G47380","OX461169.1",23548040,23551418,3378,4223.75,1
"18122","GCA_949796385.1_9852_genomic","AT3G06035","OX461167.1",1884674,1886076,1402,1757.5,1
"19122","GCA_949796385.1_9852_genomic","AT2G38310","OX461166.1",19737238,19738677,1439,1798.75,1
"20122","GCA_949796385.1_9852_genomic","AT1G27460","OX461165.1",9435611,9438774,3163,3908.75,1
"21161","GCA_949796385.1_9852_genomic","AT2G45320","OX461166.1",22369891,22371971,2080,2602.5,1
"22138","GCA_949796385.1_9852_genomic","AT1G30480","OX461165.1",10648780,10651448,2668,3380,1
"23125","GCA_949796385.1_9852_genomic","AT3G13840","OX461167.1",4610979,4612727,1748,2186.25,1
"24122","GCA_949796385.1_9852_genomic","AT5G38520","OX461169.1",19748282,19750424,2142,2678.75,1
"25122","GCA_949796385.1_9852_genomic","AT2G22260","OX461166.1",13087710,13090353,2643,3305,1
"26122","GCA_949796385.1_9852_genomic","AT1G49470","OX461165.1",21287262,21288549,1287,1608.75,1
"27122","GCA_949796385.1_9852_genomic","AT1G70560","OX461165.1",29481111,29483906,2795,3497.5,1
"28122","GCA_949796385.1_9852_genomic","AT3G10985","OX461167.1",3515001,3516388,1387,1805,1
"29122","GCA_949796385.1_9852_genomic","AT4G36390","OX461168.1",22799734,22802406,2672,3343.75,1
"30122","GCA_949796385.1_9852_genomic","AT4G34270","OX461168.1",22006778,22009223,2445,3075,1
"31161","GCA_949796385.1_9852_genomic","AT5G50000","OX461169.1",24678234,24681031,2797,3497.5,1
"32138","GCA_949796385.1_9852_genomic","AT1G30580","OX461165.1",10694583,10698543,3960,4953.75,1
"33124","GCA_949796385.1_9852_genomic","AT1G20070","OX461165.1",6977330,6978486,1156,1446.25,1
"34121","GCA_949796385.1_9852_genomic","AT3G25440","OX461167.1",9260123,9261939,1816,2273.75,1
"35122","GCA_949796385.1_9852_genomic","AT5G43680","OX461169.1",21862212,21863879,1667,2321.25,1
"36122","GCA_949796385.1_9852_genomic","AT1G67320","OX461165.1",28086564,28090386,3822,4778.75,1
"37122","GCA_949796385.1_9852_genomic","AT2G44950","OX461166.1",22230998,22237477,6479,8097.5,1
"38122","GCA_949796385.1_9852_genomic","AT5G24520","OX461169.1",8402211,8404741,2530,3163.75,1
"39122","GCA_949796385.1_9852_genomic","AT5G56890","OX461169.1",27316640,27322230,5590,6991.25,1
"40122","GCA_949796385.1_9852_genomic","AT1G24460","OX461165.1",8654594,8661369,6775,8472.5,1
"41159","GCA_949796385.1_9852_genomic","AT2G28800","OX461166.1",16038490,16041737,3247,4060,1
"42134","GCA_949796385.1_9852_genomic","AT5G13940","OX461169.1",4527692,4533184,5492,6863.75,1
"47121","GCA_949796385.1_9852_genomic","AT1G19220","OX461165.1",6637259,6642697,5438,6813.75,1
"48121","GCA_949796385.1_9852_genomic","AT5G01220","OX461169.1",83869,87447,3578,4468.75,1
"49122","GCA_949796385.1_9852_genomic","AT1G02460","OX461165.1",522819,525631,2812,3507.5,1
"50109","GCA_949796385.1_9852_genomic","AT1G04110","OX461165.1",1085645,1088157,2512,3141.25,1
"51100","GCA_949796385.1_9852_genomic","AT4G01880","OX461168.1",819308,821580,2272,2842.5,1
"5231","GCA_949796385.1_9852_genomic","AT2G24430","OX461166.1",14063259,14066387,3128,3911.25,1
"5317","GCA_949796385.1_9852_genomic","AT5G47870","OX461169.1",23704565,23706070,1505,1877.5,1
"1605","GCA_949796415.1_9762_genomic","AT2G27810","OX461196.1",15060992,15065215,4223,5322.5,1
"2605","GCA_949796415.1_9762_genomic","AT5G40530","OX461199.1",20772195,20774062,1867,2313.75,1
"3605","GCA_949796415.1_9762_genomic","AT3G26115","OX461197.1",9624938,9627167,2229,2787.5,1
"4368","GCA_949796415.1_9762_genomic","AT1G26750","OX461195.1",9126850,9128267,1417,1772.5,1
"5202","GCA_949796415.1_9762_genomic","AT4G17540","OX461198.1",14437484,14439478,1994,2493.75,1
"6123","GCA_949796415.1_9762_genomic","AT4G23950","OX461198.1",17115607,17118107,2500,3126.25,1
"7123","GCA_949796415.1_9762_genomic","AT2G38360","OX461196.1",19339359,19340637,1278,1598.75,1
"8123","GCA_949796415.1_9762_genomic","AT3G11090","OX461197.1",3549001,3549927,926,1158.75,1
"9123","GCA_949796415.1_9762_genomic","AT5G24890","OX461199.1",8732323,8734073,1750,2190,1
"10123","GCA_949796415.1_9762_genomic","AT5G27970","OX461199.1",10167766,10179100,11334,14170,1
"11162","GCA_949796415.1_9762_genomic","AT1G49590","OX461195.1",22675952,22677941,1989,2487.5,1
"12139","GCA_949796415.1_9762_genomic","AT5G46910","OX461199.1",23506115,23511186,5071,6301.25,1
"13126","GCA_949796415.1_9762_genomic","AT1G77300","OX461195.1",33450956,33460486,9530,11916.25,1
"14123","GCA_949796415.1_9762_genomic","AT2G15560","OX461196.1",9861582,9863903,2321,2937.5,1
"15123","GCA_949796415.1_9762_genomic","AT3G27310","OX461197.1",10186108,10188262,2154,2693.75,1
"16123","GCA_949796415.1_9762_genomic","AT5G42950","OX461199.1",21757427,21764532,7105,8893.75,1
"17123","GCA_949796415.1_9762_genomic","AT5G47380","OX461199.1",23680534,23683912,3378,4223.75,1
"18123","GCA_949796415.1_9762_genomic","AT3G06035","OX461197.1",1849500,1850905,1405,1757.5,1
"19123","GCA_949796415.1_9762_genomic","AT2G38310","OX461196.1",19319909,19321347,1438,1798.75,1
"20123","GCA_949796415.1_9762_genomic","AT1G27460","OX461195.1",9418101,9421264,3163,3908.75,1
"21162","GCA_949796415.1_9762_genomic","AT2G45320","OX461196.1",21962939,21965020,2081,2602.5,1
"22139","GCA_949796415.1_9762_genomic","AT1G30480","OX461195.1",10794156,10796852,2696,3380,1
"23126","GCA_949796415.1_9762_genomic","AT3G13840","OX461197.1",4631660,4633408,1748,2186.25,1
"24123","GCA_949796415.1_9762_genomic","AT5G38520","OX461199.1",19874668,19876810,2142,2678.75,1
"25123","GCA_949796415.1_9762_genomic","AT2G22260","OX461196.1",12587276,12589918,2642,3305,1
"26123","GCA_949796415.1_9762_genomic","AT1G49470","OX461195.1",22628810,22630096,1286,1608.75,1
"27123","GCA_949796415.1_9762_genomic","AT1G70560","OX461195.1",31007311,31010109,2798,3497.5,1
"28123","GCA_949796415.1_9762_genomic","AT3G10985","OX461197.1",3516702,3518088,1386,1805,1
"29123","GCA_949796415.1_9762_genomic","AT4G36390","OX461198.1",22086913,22089600,2687,3343.75,1
"30123","GCA_949796415.1_9762_genomic","AT4G34270","OX461198.1",21291386,21293831,2445,3075,1
"31162","GCA_949796415.1_9762_genomic","AT5G50000","OX461199.1",24762173,24764970,2797,3497.5,1
"32139","GCA_949796415.1_9762_genomic","AT1G30580","OX461195.1",10834591,10838551,3960,4953.75,1
"33125","GCA_949796415.1_9762_genomic","AT1G20070","OX461195.1",6966041,6967197,1156,1446.25,1
"34122","GCA_949796415.1_9762_genomic","AT3G25440","OX461197.1",9313511,9315326,1815,2273.75,1
"35123","GCA_949796415.1_9762_genomic","AT5G43680","OX461199.1",22071619,22073286,1667,2321.25,1
"36123","GCA_949796415.1_9762_genomic","AT1G67320","OX461195.1",29583734,29587556,3822,4778.75,1
"37123","GCA_949796415.1_9762_genomic","AT2G44950","OX461196.1",21821121,21827582,6461,8097.5,1
"38123","GCA_949796415.1_9762_genomic","AT5G24520","OX461199.1",8527545,8530075,2530,3163.75,1
"39123","GCA_949796415.1_9762_genomic","AT5G56890","OX461199.1",27406257,27411847,5590,6991.25,1
"40123","GCA_949796415.1_9762_genomic","AT1G24460","OX461195.1",8627180,8633955,6775,8472.5,1
"41160","GCA_949796415.1_9762_genomic","AT2G28800","OX461196.1",15574483,15577730,3247,4060,1
"42135","GCA_949796415.1_9762_genomic","AT5G13940","OX461199.1",4531216,4536672,5456,6863.75,1
"4599","GCA_949796415.1_9762_genomic","AT1G19220","OX461195.1",6628671,6634111,5440,6813.75,1
"46115","GCA_949796415.1_9762_genomic","AT5G01220","OX461199.1",81961,85510,3549,4468.75,1
"47122","GCA_949796415.1_9762_genomic","AT1G02460","OX461195.1",505942,508754,2812,3507.5,1
"48122","GCA_949796415.1_9762_genomic","AT1G04110","OX461195.1",1063508,1066020,2512,3141.25,1
"49123","GCA_949796415.1_9762_genomic","AT4G01880","OX461198.1",887621,889900,2279,2842.5,1
"50110","GCA_949796415.1_9762_genomic","AT2G24430","OX461196.1",13532752,13535878,3126,3911.25,1
"51101","GCA_949796415.1_9762_genomic","AT5G47870","OX461199.1",23836200,23837706,1506,1877.5,1
"1606","GCA_949796455.1_7143_genomic","AT2G27810","OX461156.1",13196089,13200359,4270,5322.5,1
"2606","GCA_949796455.1_7143_genomic","AT5G40530","OX461159.1",20194446,20196313,1867,2313.75,1
"3606","GCA_949796455.1_7143_genomic","AT3G26115","OX461157.1",9520307,9522536,2229,2787.5,1
"4369","GCA_949796455.1_7143_genomic","AT1G26750","OX461155.1",9145733,9147150,1417,1772.5,1
"5203","GCA_949796455.1_7143_genomic","AT4G17540","OX461158.1",12546420,12548414,1994,2493.75,1
"6124","GCA_949796455.1_7143_genomic","AT4G23950","OX461158.1",15207423,15209923,2500,3126.25,1
"7124","GCA_949796455.1_7143_genomic","AT2G38360","OX461156.1",17398373,17399651,1278,1598.75,1
"8124","GCA_949796455.1_7143_genomic","AT3G11090","OX461157.1",3485107,3486033,926,1158.75,1
"9124","GCA_949796455.1_7143_genomic","AT5G24890","OX461159.1",8590028,8591775,1747,2190,1
"10124","GCA_949796455.1_7143_genomic","AT5G27970","OX461159.1",10019619,10030956,11337,14170,1
"11163","GCA_949796455.1_7143_genomic","AT1G49590","OX461155.1",21566961,21568950,1989,2487.5,1
"12140","GCA_949796455.1_7143_genomic","AT5G46910","OX461159.1",22962829,22967866,5037,6301.25,1
"13127","GCA_949796455.1_7143_genomic","AT1G77300","OX461155.1",32269135,32278659,9524,11916.25,1
"14124","GCA_949796455.1_7143_genomic","AT2G15560","OX461156.1",8071141,8073462,2321,2937.5,1
"15124","GCA_949796455.1_7143_genomic","AT3G27310","OX461157.1",10076458,10078611,2153,2693.75,1
"16124","GCA_949796455.1_7143_genomic","AT5G42950","OX461159.1",21200341,21207447,7106,8893.75,1
"17124","GCA_949796455.1_7143_genomic","AT5G47380","OX461159.1",23135891,23139269,3378,4223.75,1
"18124","GCA_949796455.1_7143_genomic","AT3G06035","OX461157.1",1827837,1829239,1402,1757.5,1
"19124","GCA_949796455.1_7143_genomic","AT2G38310","OX461156.1",17378915,17380353,1438,1798.75,1
"20124","GCA_949796455.1_7143_genomic","AT1G27460","OX461155.1",9426127,9429304,3177,3908.75,1
"21163","GCA_949796455.1_7143_genomic","AT2G45320","OX461156.1",20006445,20008525,2080,2602.5,1
"22140","GCA_949796455.1_7143_genomic","AT1G30480","OX461155.1",10651737,10654439,2702,3380,1
"23127","GCA_949796455.1_7143_genomic","AT3G13840","OX461157.1",4559157,4560905,1748,2186.25,1
"24124","GCA_949796455.1_7143_genomic","AT5G38520","OX461159.1",19393944,19396086,2142,2678.75,1
"25124","GCA_949796455.1_7143_genomic","AT2G22260","OX461156.1",10806411,10809054,2643,3305,1
"26124","GCA_949796455.1_7143_genomic","AT1G49470","OX461155.1",21518745,21520031,1286,1608.75,1
"27124","GCA_949796455.1_7143_genomic","AT1G70560","OX461155.1",29792342,29795139,2797,3497.5,1
"28124","GCA_949796455.1_7143_genomic","AT3G10985","OX461157.1",3452045,3453485,1440,1805,1
"29124","GCA_949796455.1_7143_genomic","AT4G36390","OX461158.1",20025789,20028463,2674,3343.75,1
"30124","GCA_949796455.1_7143_genomic","AT4G34270","OX461158.1",19204834,19207293,2459,3075,1
"31163","GCA_949796455.1_7143_genomic","AT5G50000","OX461159.1",24264418,24267215,2797,3497.5,1
"32140","GCA_949796455.1_7143_genomic","AT1G30580","OX461155.1",10693386,10697346,3960,4953.75,1
"33126","GCA_949796455.1_7143_genomic","AT1G20070","OX461155.1",6938656,6939812,1156,1446.25,1
"34123","GCA_949796455.1_7143_genomic","AT3G25440","OX461157.1",9206715,9208533,1818,2273.75,1
"35124","GCA_949796455.1_7143_genomic","AT5G43680","OX461159.1",21494691,21496358,1667,2321.25,1
"36124","GCA_949796455.1_7143_genomic","AT1G67320","OX461155.1",28377738,28381560,3822,4778.75,1
"37124","GCA_949796455.1_7143_genomic","AT2G44950","OX461156.1",19868560,19875037,6477,8097.5,1
"38124","GCA_949796455.1_7143_genomic","AT5G24520","OX461159.1",8400105,8402635,2530,3163.75,1
"39124","GCA_949796455.1_7143_genomic","AT5G56890","OX461159.1",26899730,26905320,5590,6991.25,1
"40124","GCA_949796455.1_7143_genomic","AT1G24460","OX461155.1",8636283,8643058,6775,8472.5,1
"41161","GCA_949796455.1_7143_genomic","AT2G28800","OX461156.1",13701444,13704691,3247,4060,1
"42136","GCA_949796455.1_7143_genomic","AT5G13940","OX461159.1",4510874,4516371,5497,6863.75,1
"4447","GCA_949796455.1_7143_genomic","AT1G19220","OX461155.1",6610507,6615955,5448,6813.75,1
"45100","GCA_949796455.1_7143_genomic","AT5G01220","OX461159.1",82226,85801,3575,4468.75,1
"46116","GCA_949796455.1_7143_genomic","AT1G02460","OX461155.1",507211,510000,2789,3507.5,1
"47123","GCA_949796455.1_7143_genomic","AT1G04110","OX461155.1",1076510,1079022,2512,3141.25,1
"48123","GCA_949796455.1_7143_genomic","AT4G01880","OX461158.1",950274,952547,2273,2842.5,1
"49124","GCA_949796455.1_7143_genomic","AT2G24430","OX461156.1",11719053,11722163,3110,3911.25,1
"50111","GCA_949796455.1_7143_genomic","AT5G47870","OX461159.1",23300312,23301813,1501,1877.5,1
"1607","GCA_949796475.1_9883_genomic","AT2G27810","OX461201.1",15393503,15397735,4232,5322.5,1
"2607","GCA_949796475.1_9883_genomic","AT5G40530","OX461204.1",18806356,18808223,1867,2313.75,1
"3607","GCA_949796475.1_9883_genomic","AT3G26115","OX461202.1",9862008,9864236,2228,2787.5,1
"4370","GCA_949796475.1_9883_genomic","AT1G26750","OX461200.1",9073107,9074524,1417,1772.5,1
"5204","GCA_949796475.1_9883_genomic","AT4G17540","OX461203.1",15082791,15084784,1993,2493.75,1
"6125","GCA_949796475.1_9883_genomic","AT4G23950","OX461203.1",17718529,17721029,2500,3126.25,1
"7125","GCA_949796475.1_9883_genomic","AT2G38360","OX461201.1",19634357,19635635,1278,1598.75,1
"8125","GCA_949796475.1_9883_genomic","AT3G11090","OX461202.1",3810753,3811679,926,1158.75,1
"9125","GCA_949796475.1_9883_genomic","AT5G24890","OX461204.1",8582379,8584129,1750,2190,1
"10125","GCA_949796475.1_9883_genomic","AT5G27970","OX461204.1",9993038,10004373,11335,14170,1
"11164","GCA_949796475.1_9883_genomic","AT1G49590","OX461200.1",21743568,21745557,1989,2487.5,1
"12141","GCA_949796475.1_9883_genomic","AT5G46910","OX461204.1",21558648,21563709,5061,6301.25,1
"13128","GCA_949796475.1_9883_genomic","AT1G77300","OX461200.1",32321668,32331188,9520,11916.25,1
"14125","GCA_949796475.1_9883_genomic","AT2G15560","OX461201.1",10306261,10308582,2321,2937.5,1
"15125","GCA_949796475.1_9883_genomic","AT3G27310","OX461202.1",10402095,10404249,2154,2693.75,1
"16125","GCA_949796475.1_9883_genomic","AT5G42950","OX461204.1",19827579,19834694,7115,8893.75,1
"17125","GCA_949796475.1_9883_genomic","AT5G47380","OX461204.1",21743450,21746828,3378,4223.75,1
"18125","GCA_949796475.1_9883_genomic","AT3G06035","OX461202.1",1825640,1827045,1405,1757.5,1
"19125","GCA_949796475.1_9883_genomic","AT2G38310","OX461201.1",19614898,19616336,1438,1798.75,1
"20125","GCA_949796475.1_9883_genomic","AT2G21100","OX461201.1",12562249,12563523,1274,1592.5,1
"21164","GCA_949796475.1_9883_genomic","AT1G27460","OX461200.1",9362024,9365150,3126,3908.75,1
"22141","GCA_949796475.1_9883_genomic","AT2G45320","OX461201.1",22252888,22254968,2080,2602.5,1
"23128","GCA_949796475.1_9883_genomic","AT1G30480","OX461200.1",10622655,10625358,2703,3380,1
"24125","GCA_949796475.1_9883_genomic","AT3G13840","OX461202.1",4871660,4873408,1748,2186.25,1
"25125","GCA_949796475.1_9883_genomic","AT5G38520","OX461204.1",17987188,17989330,2142,2678.75,1
"26125","GCA_949796475.1_9883_genomic","AT2G22260","OX461201.1",12997740,13000383,2643,3305,1
"27125","GCA_949796475.1_9883_genomic","AT1G49470","OX461200.1",21700427,21701713,1286,1608.75,1
"28125","GCA_949796475.1_9883_genomic","AT1G70560","OX461200.1",29883460,29886255,2795,3497.5,1
"29125","GCA_949796475.1_9883_genomic","AT3G10985","OX461202.1",3777653,3779043,1390,1805,1
"30125","GCA_949796475.1_9883_genomic","AT4G36390","OX461203.1",22543885,22546559,2674,3343.75,1
"31164","GCA_949796475.1_9883_genomic","AT4G34270","OX461203.1",21753644,21756089,2445,3075,1
"32141","GCA_949796475.1_9883_genomic","AT5G50000","OX461204.1",22857117,22859914,2797,3497.5,1
"33127","GCA_949796475.1_9883_genomic","AT1G30580","OX461200.1",10663285,10667234,3949,4953.75,1
"34124","GCA_949796475.1_9883_genomic","AT1G20070","OX461200.1",6935256,6936412,1156,1446.25,1
"35125","GCA_949796475.1_9883_genomic","AT3G25440","OX461202.1",9554329,9556145,1816,2273.75,1
"36125","GCA_949796475.1_9883_genomic","AT5G43680","OX461204.1",20130059,20131914,1855,2321.25,1
"37125","GCA_949796475.1_9883_genomic","AT1G67320","OX461200.1",28492468,28496290,3822,4778.75,1
"38125","GCA_949796475.1_9883_genomic","AT2G44950","OX461201.1",22114299,22120776,6477,8097.5,1
"39125","GCA_949796475.1_9883_genomic","AT5G24520","OX461204.1",8392430,8394960,2530,3163.75,1
"40125","GCA_949796475.1_9883_genomic","AT5G56890","OX461204.1",25512731,25518321,5590,6991.25,1
"41162","GCA_949796475.1_9883_genomic","AT1G24460","OX461200.1",8579681,8586456,6775,8472.5,1
"42137","GCA_949796475.1_9883_genomic","AT2G28800","OX461201.1",15896702,15899950,3248,4060,1
"4371","GCA_949796475.1_9883_genomic","AT5G13940","OX461204.1",4491512,4497023,5511,6863.75,1
"45101","GCA_949796475.1_9883_genomic","AT1G19220","OX461200.1",6608154,6613602,5448,6813.75,1
"46117","GCA_949796475.1_9883_genomic","AT5G01220","OX461204.1",80410,83985,3575,4468.75,1
"47124","GCA_949796475.1_9883_genomic","AT1G02460","OX461200.1",508828,511619,2791,3507.5,1
"48124","GCA_949796475.1_9883_genomic","AT1G04110","OX461200.1",1083649,1086161,2512,3141.25,1
"49125","GCA_949796475.1_9883_genomic","AT4G01880","OX461203.1",1043485,1045756,2271,2842.5,1
"50112","GCA_949796475.1_9883_genomic","AT2G24430","OX461201.1",13934476,13937593,3117,3911.25,1
"51102","GCA_949796475.1_9883_genomic","AT5G47870","OX461204.1",21906501,21908003,1502,1877.5,1
"1608","GCA_949796485.1_9900_genomic","AT2G27810","OX461171.1",14287902,14292172,4270,5322.5,1
"2608","GCA_949796485.1_9900_genomic","AT5G40530","OX461174.1",19346828,19348695,1867,2313.75,1
"3608","GCA_949796485.1_9900_genomic","AT3G26115","OX461172.1",9571565,9573792,2227,2787.5,1
"4372","GCA_949796485.1_9900_genomic","AT1G26750","OX461170.1",9117284,9118701,1417,1772.5,1
"5205","GCA_949796485.1_9900_genomic","AT4G17540","OX461173.1",12605415,12607409,1994,2493.75,1
"6126","GCA_949796485.1_9900_genomic","AT4G23950","OX461173.1",15302083,15304583,2500,3126.25,1
"7126","GCA_949796485.1_9900_genomic","AT2G38360","OX461171.1",18538459,18539737,1278,1598.75,1
"8126","GCA_949796485.1_9900_genomic","AT3G11090","OX461172.1",3493735,3494661,926,1158.75,1
"9126","GCA_949796485.1_9900_genomic","AT5G24890","OX461174.1",8637839,8639587,1748,2190,1
"10126","GCA_949796485.1_9900_genomic","AT5G27970","OX461174.1",10061646,10072980,11334,14170,1
"11165","GCA_949796485.1_9900_genomic","AT1G49590","OX461170.1",21318214,21320215,2001,2487.5,1
"12142","GCA_949796485.1_9900_genomic","AT5G46910","OX461174.1",22085827,22090867,5040,6301.25,1
"13129","GCA_949796485.1_9900_genomic","AT1G77300","OX461170.1",31989623,31999147,9524,11916.25,1
"14126","GCA_949796485.1_9900_genomic","AT2G15560","OX461171.1",9198051,9200372,2321,2937.5,1
"15126","GCA_949796485.1_9900_genomic","AT3G27310","OX461172.1",10096817,10098971,2154,2693.75,1
"16126","GCA_949796485.1_9900_genomic","AT5G42950","OX461174.1",20369832,20377289,7457,8893.75,1
"17126","GCA_949796485.1_9900_genomic","AT5G47380","OX461174.1",22265545,22268922,3377,4223.75,1
"18126","GCA_949796485.1_9900_genomic","AT3G06035","OX461172.1",1845682,1847088,1406,1757.5,1
"19126","GCA_949796485.1_9900_genomic","AT2G38310","OX461171.1",18518971,18520411,1440,1798.75,1
"20126","GCA_949796485.1_9900_genomic","AT2G21100","OX461171.1",11464367,11465641,1274,1592.5,1
"21165","GCA_949796485.1_9900_genomic","AT1G27460","OX461170.1",9406068,9409193,3125,3908.75,1
"22142","GCA_949796485.1_9900_genomic","AT2G45320","OX461171.1",21149959,21152041,2082,2602.5,1
"23129","GCA_949796485.1_9900_genomic","AT1G30480","OX461170.1",10646482,10649178,2696,3380,1
"24126","GCA_949796485.1_9900_genomic","AT3G13840","OX461172.1",4552764,4554512,1748,2186.25,1
"25126","GCA_949796485.1_9900_genomic","AT5G38520","OX461174.1",18546196,18548339,2143,2678.75,1
"26126","GCA_949796485.1_9900_genomic","AT2G22260","OX461171.1",11882306,11884949,2643,3305,1
"27126","GCA_949796485.1_9900_genomic","AT1G49470","OX461170.1",21273917,21275203,1286,1608.75,1
"28126","GCA_949796485.1_9900_genomic","AT1G70560","OX461170.1",29537253,29540050,2797,3497.5,1
"29126","GCA_949796485.1_9900_genomic","AT3G10985","OX461172.1",3461099,3462539,1440,1805,1
"30126","GCA_949796485.1_9900_genomic","AT4G36390","OX461173.1",20075116,20077790,2674,3343.75,1
"31165","GCA_949796485.1_9900_genomic","AT4G34270","OX461173.1",19284871,19287330,2459,3075,1
"32142","GCA_949796485.1_9900_genomic","AT5G50000","OX461174.1",23368469,23371266,2797,3497.5,1
"33128","GCA_949796485.1_9900_genomic","AT1G30580","OX461170.1",10687255,10691215,3960,4953.75,1
"34125","GCA_949796485.1_9900_genomic","AT1G20070","OX461170.1",6965074,6966220,1146,1446.25,1
"35126","GCA_949796485.1_9900_genomic","AT3G25440","OX461172.1",9262352,9264170,1818,2273.75,1
"36126","GCA_949796485.1_9900_genomic","AT5G43680","OX461174.1",20674354,20676001,1647,2321.25,1
"37126","GCA_949796485.1_9900_genomic","AT1G67320","OX461170.1",28126156,28129978,3822,4778.75,1
"38126","GCA_949796485.1_9900_genomic","AT2G44950","OX461171.1",21010837,21017314,6477,8097.5,1
"39126","GCA_949796485.1_9900_genomic","AT5G24520","OX461174.1",8442130,8444660,2530,3163.75,1
"40126","GCA_949796485.1_9900_genomic","AT5G56890","OX461174.1",26035264,26040854,5590,6991.25,1
"41163","GCA_949796485.1_9900_genomic","AT1G24460","OX461170.1",8619452,8626227,6775,8472.5,1
"42138","GCA_949796485.1_9900_genomic","AT2G28800","OX461171.1",14800662,14803909,3247,4060,1
"4373","GCA_949796485.1_9900_genomic","AT5G13940","OX461174.1",4509963,4515474,5511,6863.75,1
"45102","GCA_949796485.1_9900_genomic","AT1G19220","OX461170.1",6646578,6652038,5460,6813.75,1
"46118","GCA_949796485.1_9900_genomic","AT5G01220","OX461174.1",85028,88601,3573,4468.75,1
"47125","GCA_949796485.1_9900_genomic","AT1G02460","OX461170.1",503928,506727,2799,3507.5,1
"48125","GCA_949796485.1_9900_genomic","AT1G04110","OX461170.1",1064834,1067346,2512,3141.25,1
"49126","GCA_949796485.1_9900_genomic","AT4G01880","OX461173.1",866613,868885,2272,2842.5,1
"50113","GCA_949796485.1_9900_genomic","AT2G24430","OX461171.1",12821552,12824677,3125,3911.25,1
"51103","GCA_949796485.1_9900_genomic","AT5G47870","OX461174.1",22422795,22424296,1501,1877.5,1
"1609","GCA_949796525.1_6923_genomic","AT2G27810","OX461206.1",14140874,14145144,4270,5322.5,1
"2609","GCA_949796525.1_6923_genomic","AT5G40530","OX461209.1",19634499,19636366,1867,2313.75,1
"3609","GCA_949796525.1_6923_genomic","AT3G26115","OX461207.1",9532218,9534421,2203,2787.5,1
"4374","GCA_949796525.1_6923_genomic","AT1G26750","OX461205.1",9096650,9098067,1417,1772.5,1
"5206","GCA_949796525.1_6923_genomic","AT4G17540","OX461208.1",12471460,12473454,1994,2493.75,1
"6127","GCA_949796525.1_6923_genomic","AT4G23950","OX461208.1",15066427,15068928,2501,3126.25,1
"7127","GCA_949796525.1_6923_genomic","AT2G38360","OX461206.1",18351750,18353029,1279,1598.75,1
"8127","GCA_949796525.1_6923_genomic","AT3G11090","OX461207.1",3499964,3500890,926,1158.75,1
"9127","GCA_949796525.1_6923_genomic","AT5G24890","OX461209.1",8659602,8661353,1751,2190,1
"10127","GCA_949796525.1_6923_genomic","AT5G27970","OX461209.1",10089619,10100952,11333,14170,1
"11166","GCA_949796525.1_6923_genomic","AT1G49590","OX461205.1",19615467,19617456,1989,2487.5,1
"12143","GCA_949796525.1_6923_genomic","AT5G46910","OX461209.1",22483663,22488705,5042,6301.25,1
"13130","GCA_949796525.1_6923_genomic","AT1G77300","OX461205.1",30359950,30369474,9524,11916.25,1
"14127","GCA_949796525.1_6923_genomic","AT2G15560","OX461206.1",9063927,9066248,2321,2937.5,1
"15127","GCA_949796525.1_6923_genomic","AT3G27310","OX461207.1",10073135,10075289,2154,2693.75,1
"16127","GCA_949796525.1_6923_genomic","AT5G42950","OX461209.1",20642157,20649273,7116,8893.75,1
"17127","GCA_949796525.1_6923_genomic","AT5G47380","OX461209.1",22662328,22665706,3378,4223.75,1
"18127","GCA_949796525.1_6923_genomic","AT3G06035","OX461207.1",1829900,1831302,1402,1757.5,1
"19127","GCA_949796525.1_6923_genomic","AT2G38310","OX461206.1",18332290,18333725,1435,1798.75,1
"20127","GCA_949796525.1_6923_genomic","AT1G27460","OX461205.1",9381531,9384657,3126,3908.75,1
"21166","GCA_949796525.1_6923_genomic","AT2G45320","OX461206.1",20963680,20965761,2081,2602.5,1
"22143","GCA_949796525.1_6923_genomic","AT1G30480","OX461205.1",10626656,10629324,2668,3380,1
"23130","GCA_949796525.1_6923_genomic","AT3G13840","OX461207.1",4559495,4561243,1748,2186.25,1
"24127","GCA_949796525.1_6923_genomic","AT5G38520","OX461209.1",18808886,18811028,2142,2678.75,1
"25127","GCA_949796525.1_6923_genomic","AT2G22260","OX461206.1",11770642,11773285,2643,3305,1
"26127","GCA_949796525.1_6923_genomic","AT1G49470","OX461205.1",19571164,19572450,1286,1608.75,1
"27127","GCA_949796525.1_6923_genomic","AT1G70560","OX461205.1",27908064,27910863,2799,3497.5,1
"28127","GCA_949796525.1_6923_genomic","AT3G10985","OX461207.1",3462563,3464003,1440,1805,1
"29127","GCA_949796525.1_6923_genomic","AT4G36390","OX461208.1",19832490,19835178,2688,3343.75,1
"30127","GCA_949796525.1_6923_genomic","AT4G34270","OX461208.1",19033760,19036205,2445,3075,1
"31166","GCA_949796525.1_6923_genomic","AT5G50000","OX461209.1",23791380,23794179,2799,3497.5,1
"32143","GCA_949796525.1_6923_genomic","AT1G30580","OX461205.1",10667427,10671387,3960,4953.75,1
"33129","GCA_949796525.1_6923_genomic","AT1G20070","OX461205.1",6927836,6928992,1156,1446.25,1
"34126","GCA_949796525.1_6923_genomic","AT3G25440","OX461207.1",9223579,9225384,1805,2273.75,1
"35127","GCA_949796525.1_6923_genomic","AT5G43680","OX461209.1",20946783,20948629,1846,2321.25,1
"36127","GCA_949796525.1_6923_genomic","AT1G67320","OX461205.1",26499865,26503688,3823,4778.75,1
"37127","GCA_949796525.1_6923_genomic","AT2G44950","OX461206.1",20824605,20831082,6477,8097.5,1
"38127","GCA_949796525.1_6923_genomic","AT5G24520","OX461209.1",8473745,8476275,2530,3163.75,1
"39127","GCA_949796525.1_6923_genomic","AT5G56890","OX461209.1",26444105,26449694,5589,6991.25,1
"40127","GCA_949796525.1_6923_genomic","AT1G24460","OX461205.1",8596497,8603272,6775,8472.5,1
"41164","GCA_949796525.1_6923_genomic","AT2G28800","OX461206.1",14650070,14653317,3247,4060,1
"42139","GCA_949796525.1_6923_genomic","AT5G13940","OX461209.1",4571345,4576835,5490,6863.75,1
"4448","GCA_949796525.1_6923_genomic","AT1G19220","OX461205.1",6600912,6606354,5442,6813.75,1
"45103","GCA_949796525.1_6923_genomic","AT5G01220","OX461209.1",85286,88862,3576,4468.75,1
"46119","GCA_949796525.1_6923_genomic","AT1G02460","OX461205.1",506674,509463,2789,3507.5,1
"47126","GCA_949796525.1_6923_genomic","AT1G04110","OX461205.1",1071104,1073616,2512,3141.25,1
"48126","GCA_949796525.1_6923_genomic","AT4G01880","OX461208.1",882004,884275,2271,2842.5,1
"49127","GCA_949796525.1_6923_genomic","AT2G24430","OX461206.1",12710863,12713981,3118,3911.25,1
"50114","GCA_949796525.1_6923_genomic","AT5G47870","OX461209.1",22819886,22821395,1509,1877.5,1
"1700","GCA_949796605.1_9806_genomic","AT2G27810","OX461146.1",14346273,14350544,4271,5322.5,1
"2700","GCA_949796605.1_9806_genomic","AT5G40530","OX461149.1",18313345,18315212,1867,2313.75,1
"3700","GCA_949796605.1_9806_genomic","AT3G26115","OX461147.1",9517811,9520040,2229,2787.5,1
"4375","GCA_949796605.1_9806_genomic","AT1G26750","OX461145.1",9107432,9108849,1417,1772.5,1
"5207","GCA_949796605.1_9806_genomic","AT4G17540","OX461148.1",14201278,14203272,1994,2493.75,1
"6128","GCA_949796605.1_9806_genomic","AT4G23950","OX461148.1",16825345,16827845,2500,3126.25,1
"7128","GCA_949796605.1_9806_genomic","AT2G38360","OX461146.1",18564683,18565961,1278,1598.75,1
"8128","GCA_949796605.1_9806_genomic","AT3G11090","OX461147.1",3489144,3490070,926,1158.75,1
"9128","GCA_949796605.1_9806_genomic","AT5G24890","OX461149.1",8580625,8582373,1748,2190,1
"10128","GCA_949796605.1_9806_genomic","AT5G27970","OX461149.1",10001430,10012768,11338,14170,1
"11167","GCA_949796605.1_9806_genomic","AT1G49590","OX461145.1",22605615,22607604,1989,2487.5,1
"12144","GCA_949796605.1_9806_genomic","AT5G46910","OX461149.1",21084766,21089798,5032,6301.25,1
"13131","GCA_949796605.1_9806_genomic","AT1G77300","OX461145.1",33285242,33294767,9525,11916.25,1
"14128","GCA_949796605.1_9806_genomic","AT2G15560","OX461146.1",9274447,9276768,2321,2937.5,1
"15128","GCA_949796605.1_9806_genomic","AT3G27310","OX461147.1",10059316,10061469,2153,2693.75,1
"16128","GCA_949796605.1_9806_genomic","AT5G42950","OX461149.1",19324143,19331254,7111,8893.75,1
"17128","GCA_949796605.1_9806_genomic","AT5G47380","OX461149.1",21260134,21263513,3379,4223.75,1
"18128","GCA_949796605.1_9806_genomic","AT3G06035","OX461147.1",1826803,1828205,1402,1757.5,1
"19128","GCA_949796605.1_9806_genomic","AT2G38310","OX461146.1",18545263,18546701,1438,1798.75,1
"20128","GCA_949796605.1_9806_genomic","AT1G27460","OX461145.1",9389934,9393060,3126,3908.75,1
"21167","GCA_949796605.1_9806_genomic","AT2G45320","OX461146.1",21183714,21185794,2080,2602.5,1
"22144","GCA_949796605.1_9806_genomic","AT1G30480","OX461145.1",10631883,10634584,2701,3380,1
"23131","GCA_949796605.1_9806_genomic","AT3G13840","OX461147.1",4547013,4548761,1748,2186.25,1
"24128","GCA_949796605.1_9806_genomic","AT5G38520","OX461149.1",17473795,17475938,2143,2678.75,1
"25128","GCA_949796605.1_9806_genomic","AT2G22260","OX461146.1",11963177,11965820,2643,3305,1
"26128","GCA_949796605.1_9806_genomic","AT1G49470","OX461145.1",22561279,22562565,1286,1608.75,1
"27128","GCA_949796605.1_9806_genomic","AT1G70560","OX461145.1",30848159,30850956,2797,3497.5,1
"28128","GCA_949796605.1_9806_genomic","AT3G10985","OX461147.1",3456077,3457468,1391,1805,1
"29128","GCA_949796605.1_9806_genomic","AT4G36390","OX461148.1",21570903,21573577,2674,3343.75,1
"30128","GCA_949796605.1_9806_genomic","AT4G34270","OX461148.1",20780765,20783224,2459,3075,1
"31167","GCA_949796605.1_9806_genomic","AT5G50000","OX461149.1",22373102,22375899,2797,3497.5,1
"32144","GCA_949796605.1_9806_genomic","AT1G30580","OX461145.1",10672657,10676617,3960,4953.75,1
"33130","GCA_949796605.1_9806_genomic","AT1G20070","OX461145.1",6935314,6936469,1155,1446.25,1
"34127","GCA_949796605.1_9806_genomic","AT3G25440","OX461147.1",9213723,9215539,1816,2273.75,1
"35128","GCA_949796605.1_9806_genomic","AT5G43680","OX461149.1",19624880,19626736,1856,2321.25,1
"36128","GCA_949796605.1_9806_genomic","AT1G67320","OX461145.1",29439078,29442901,3823,4778.75,1
"37128","GCA_949796605.1_9806_genomic","AT2G44950","OX461146.1",21044670,21051147,6477,8097.5,1
"38128","GCA_949796605.1_9806_genomic","AT5G24520","OX461149.1",8394322,8396852,2530,3163.75,1
"39128","GCA_949796605.1_9806_genomic","AT5G56890","OX461149.1",24991770,24997359,5589,6991.25,1
"40128","GCA_949796605.1_9806_genomic","AT1G24460","OX461145.1",8611935,8618710,6775,8472.5,1
"41165","GCA_949796605.1_9806_genomic","AT2G28800","OX461146.1",14856006,14859240,3234,4060,1
"42140","GCA_949796605.1_9806_genomic","AT5G13940","OX461149.1",4473680,4479137,5457,6863.75,1
"4449","GCA_949796605.1_9806_genomic","AT1G19220","OX461145.1",6605117,6610559,5442,6813.75,1
"45104","GCA_949796605.1_9806_genomic","AT5G01220","OX461149.1",82949,86524,3575,4468.75,1
"46120","GCA_949796605.1_9806_genomic","AT1G02460","OX461145.1",507177,509988,2811,3507.5,1
"47127","GCA_949796605.1_9806_genomic","AT1G04110","OX461145.1",1064658,1067170,2512,3141.25,1
"48127","GCA_949796605.1_9806_genomic","AT4G01880","OX461148.1",854683,856954,2271,2842.5,1
"49128","GCA_949796605.1_9806_genomic","AT2G24430","OX461146.1",12872482,12875614,3132,3911.25,1
"50115","GCA_949796605.1_9806_genomic","AT5G47870","OX461149.1",21419151,21420657,1506,1877.5,1
"1701","GCA_949796635.1_8285_genomic","AT2G27810","OX461161.1",15184744,15189001,4257,5322.5,1
"2701","GCA_949796635.1_8285_genomic","AT5G40530","OX461164.1",19816926,19818793,1867,2313.75,1
"3701","GCA_949796635.1_8285_genomic","AT3G26115","OX461162.1",9548780,9551009,2229,2787.5,1
"4376","GCA_949796635.1_8285_genomic","AT1G26750","OX461160.1",9098885,9100302,1417,1772.5,1
"5208","GCA_949796635.1_8285_genomic","AT4G17540","OX461163.1",14066135,14068129,1994,2493.75,1
"6129","GCA_949796635.1_8285_genomic","AT4G23950","OX461163.1",16602420,16604920,2500,3126.25,1
"7129","GCA_949796635.1_8285_genomic","AT2G38360","OX461161.1",19401380,19402658,1278,1598.75,1
"8129","GCA_949796635.1_8285_genomic","AT3G11090","OX461162.1",3486028,3486954,926,1158.75,1
"9129","GCA_949796635.1_8285_genomic","AT5G24890","OX461164.1",8555865,8557616,1751,2190,1
"10129","GCA_949796635.1_8285_genomic","AT5G27970","OX461164.1",9958479,9969817,11338,14170,1
"11168","GCA_949796635.1_8285_genomic","AT1G49590","OX461160.1",22612558,22614547,1989,2487.5,1
"12145","GCA_949796635.1_8285_genomic","AT5G46910","OX461164.1",22605915,22610953,5038,6301.25,1
"13132","GCA_949796635.1_8285_genomic","AT1G77300","OX461160.1",33264265,33273797,9532,11916.25,1
"14129","GCA_949796635.1_8285_genomic","AT2G15560","OX461161.1",10082669,10084990,2321,2937.5,1
"15129","GCA_949796635.1_8285_genomic","AT3G27310","OX461162.1",10083628,10085782,2154,2693.75,1
"16129","GCA_949796635.1_8285_genomic","AT5G42950","OX461164.1",20812814,20819925,7111,8893.75,1
"17129","GCA_949796635.1_8285_genomic","AT5G47380","OX461164.1",22780064,22783442,3378,4223.75,1
"18129","GCA_949796635.1_8285_genomic","AT3G06035","OX461162.1",1827289,1828694,1405,1757.5,1
"19129","GCA_949796635.1_8285_genomic","AT2G38310","OX461161.1",19381927,19383365,1438,1798.75,1
"20129","GCA_949796635.1_8285_genomic","AT2G21100","OX461161.1",12404481,12405755,1274,1592.5,1
"21168","GCA_949796635.1_8285_genomic","AT1G27460","OX461160.1",9385614,9388776,3162,3908.75,1
"22145","GCA_949796635.1_8285_genomic","AT2G45320","OX461161.1",22019749,22021830,2081,2602.5,1
"23132","GCA_949796635.1_8285_genomic","AT1G30480","OX461160.1",10622474,10625175,2701,3380,1
"24129","GCA_949796635.1_8285_genomic","AT3G13840","OX461162.1",4544835,4546583,1748,2186.25,1
"25129","GCA_949796635.1_8285_genomic","AT5G38520","OX461164.1",18888582,18890719,2137,2678.75,1
"26129","GCA_949796635.1_8285_genomic","AT2G22260","OX461161.1",12798211,12800854,2643,3305,1
"27129","GCA_949796635.1_8285_genomic","AT1G49470","OX461160.1",22568240,22569526,1286,1608.75,1
"28129","GCA_949796635.1_8285_genomic","AT1G70560","OX461160.1",30834774,30837571,2797,3497.5,1
"29129","GCA_949796635.1_8285_genomic","AT3G10985","OX461162.1",3452961,3454352,1391,1805,1
"30129","GCA_949796635.1_8285_genomic","AT4G36390","OX461163.1",21486417,21489091,2674,3343.75,1
"31168","GCA_949796635.1_8285_genomic","AT4G34270","OX461163.1",20691516,20693973,2457,3075,1
"32145","GCA_949796635.1_8285_genomic","AT5G50000","OX461164.1",23898349,23901145,2796,3497.5,1
"33131","GCA_949796635.1_8285_genomic","AT1G30580","OX461160.1",10664195,10668151,3956,4953.75,1
"34128","GCA_949796635.1_8285_genomic","AT1G20070","OX461160.1",6929537,6930693,1156,1446.25,1
"35129","GCA_949796635.1_8285_genomic","AT3G25440","OX461162.1",9238242,9240060,1818,2273.75,1
"36129","GCA_949796635.1_8285_genomic","AT5G43680","OX461164.1",21127748,21129593,1845,2321.25,1
"37129","GCA_949796635.1_8285_genomic","AT1G67320","OX461160.1",29418872,29422693,3821,4778.75,1
"38129","GCA_949796635.1_8285_genomic","AT2G44950","OX461161.1",21877187,21883664,6477,8097.5,1
"39129","GCA_949796635.1_8285_genomic","AT5G24520","OX461164.1",8375849,8378379,2530,3163.75,1
"40129","GCA_949796635.1_8285_genomic","AT5G56890","OX461164.1",26522899,26528489,5590,6991.25,1
"41166","GCA_949796635.1_8285_genomic","AT1G24460","OX461160.1",8600819,8607594,6775,8472.5,1
"42141","GCA_949796635.1_8285_genomic","AT2G28800","OX461161.1",15691752,15694999,3247,4060,1
"4377","GCA_949796635.1_8285_genomic","AT5G13940","OX461164.1",4504306,4509796,5490,6863.75,1
"46121","GCA_949796635.1_8285_genomic","AT1G19220","OX461160.1",6600986,6606429,5443,6813.75,1
"47128","GCA_949796635.1_8285_genomic","AT5G01220","OX461164.1",88024,91598,3574,4468.75,1
"48128","GCA_949796635.1_8285_genomic","AT1G02460","OX461160.1",510999,513814,2815,3507.5,1
"49129","GCA_949796635.1_8285_genomic","AT1G04110","OX461160.1",1067222,1069734,2512,3141.25,1
"50116","GCA_949796635.1_8285_genomic","AT4G01880","OX461163.1",1102241,1104513,2272,2842.5,1
"51104","GCA_949796635.1_8285_genomic","AT2G24430","OX461161.1",13741154,13744287,3133,3911.25,1
"5232","GCA_949796635.1_8285_genomic","AT5G47870","OX461164.1",22936668,22938174,1506,1877.5,1
"1702","GCA_949796645.1_6137_genomic","AT2G27810","OX461136.1",14960782,14965039,4257,5322.5,1
"2702","GCA_949796645.1_6137_genomic","AT5G40530","OX461139.1",20253429,20255296,1867,2313.75,1
"3702","GCA_949796645.1_6137_genomic","AT3G26115","OX461137.1",9564519,9566748,2229,2787.5,1
"4378","GCA_949796645.1_6137_genomic","AT1G26750","OX461135.1",9113585,9115002,1417,1772.5,1
"5209","GCA_949796645.1_6137_genomic","AT4G17540","OX461138.1",13900353,13902347,1994,2493.75,1
"6130","GCA_949796645.1_6137_genomic","AT4G23950","OX461138.1",16508581,16511081,2500,3126.25,1
"7130","GCA_949796645.1_6137_genomic","AT2G38360","OX461136.1",19174509,19175787,1278,1598.75,1
"8130","GCA_949796645.1_6137_genomic","AT3G11090","OX461137.1",3516859,3517785,926,1158.75,1
"9130","GCA_949796645.1_6137_genomic","AT5G24890","OX461139.1",8659672,8661419,1747,2190,1
"10130","GCA_949796645.1_6137_genomic","AT5G27970","OX461139.1",10069136,10080470,11334,14170,1
"11169","GCA_949796645.1_6137_genomic","AT1G49590","OX461135.1",21602587,21604576,1989,2487.5,1
"12146","GCA_949796645.1_6137_genomic","AT5G46910","OX461139.1",23049450,23054490,5040,6301.25,1
"13133","GCA_949796645.1_6137_genomic","AT1G77300","OX461135.1",32299586,32309106,9520,11916.25,1
"14130","GCA_949796645.1_6137_genomic","AT2G15560","OX461136.1",9773810,9776159,2349,2937.5,1
"15130","GCA_949796645.1_6137_genomic","AT3G27310","OX461137.1",10103256,10105410,2154,2693.75,1
"16130","GCA_949796645.1_6137_genomic","AT5G42950","OX461139.1",21251630,21258744,7114,8893.75,1
"17130","GCA_949796645.1_6137_genomic","AT5G47380","OX461139.1",23222429,23225807,3378,4223.75,1
"18130","GCA_949796645.1_6137_genomic","AT3G06035","OX461137.1",1830037,1831443,1406,1757.5,1
"19130","GCA_949796645.1_6137_genomic","AT2G38310","OX461136.1",19155050,19156487,1437,1798.75,1
"20130","GCA_949796645.1_6137_genomic","AT1G27460","OX461135.1",9396858,9399984,3126,3908.75,1
"21169","GCA_949796645.1_6137_genomic","AT2G45320","OX461136.1",21782566,21784646,2080,2602.5,1
"22146","GCA_949796645.1_6137_genomic","AT1G30480","OX461135.1",10642548,10645251,2703,3380,1
"23133","GCA_949796645.1_6137_genomic","AT3G13840","OX461137.1",4580576,4582324,1748,2186.25,1
"24130","GCA_949796645.1_6137_genomic","AT5G38520","OX461139.1",19409364,19411501,2137,2678.75,1
"25130","GCA_949796645.1_6137_genomic","AT2G22260","OX461136.1",12530154,12532797,2643,3305,1
"26130","GCA_949796645.1_6137_genomic","AT1G49470","OX461135.1",21558335,21559621,1286,1608.75,1
"27130","GCA_949796645.1_6137_genomic","AT1G70560","OX461135.1",29814602,29817399,2797,3497.5,1
"28130","GCA_949796645.1_6137_genomic","AT3G10985","OX461137.1",3484324,3485764,1440,1805,1
"29130","GCA_949796645.1_6137_genomic","AT4G36390","OX461138.1",21358086,21360760,2674,3343.75,1
"30130","GCA_949796645.1_6137_genomic","AT4G34270","OX461138.1",20560632,20563077,2445,3075,1
"31169","GCA_949796645.1_6137_genomic","AT5G50000","OX461139.1",24340320,24343117,2797,3497.5,1
"32146","GCA_949796645.1_6137_genomic","AT1G30580","OX461135.1",10683179,10687128,3949,4953.75,1
"33132","GCA_949796645.1_6137_genomic","AT1G20070","OX461135.1",6933904,6935059,1155,1446.25,1
"34129","GCA_949796645.1_6137_genomic","AT3G25440","OX461137.1",9255153,9256970,1817,2273.75,1
"35130","GCA_949796645.1_6137_genomic","AT5G43680","OX461139.1",21542589,21544256,1667,2321.25,1
"36130","GCA_949796645.1_6137_genomic","AT1G67320","OX461135.1",28402277,28406099,3822,4778.75,1
"37130","GCA_949796645.1_6137_genomic","AT2G44950","OX461136.1",21643769,21650246,6477,8097.5,1
"38130","GCA_949796645.1_6137_genomic","AT5G24520","OX461139.1",8467553,8470083,2530,3163.75,1
"39130","GCA_949796645.1_6137_genomic","AT5G56890","OX461139.1",26964676,26970265,5589,6991.25,1
"40130","GCA_949796645.1_6137_genomic","AT1G24460","OX461135.1",8605122,8611897,6775,8472.5,1
"41167","GCA_949796645.1_6137_genomic","AT2G28800","OX461136.1",15464211,15467445,3234,4060,1
"42142","GCA_949796645.1_6137_genomic","AT5G13940","OX461139.1",4526582,4532093,5511,6863.75,1
"4450","GCA_949796645.1_6137_genomic","AT1G19220","OX461135.1",6600410,6605862,5452,6813.75,1
"45105","GCA_949796645.1_6137_genomic","AT5G01220","OX461139.1",84281,87854,3573,4468.75,1
"46122","GCA_949796645.1_6137_genomic","AT1G02460","OX461135.1",507961,510750,2789,3507.5,1
"47129","GCA_949796645.1_6137_genomic","AT1G04110","OX461135.1",1066945,1069457,2512,3141.25,1
"48129","GCA_949796645.1_6137_genomic","AT4G01880","OX461138.1",935271,937543,2272,2842.5,1
"49130","GCA_949796645.1_6137_genomic","AT2G24430","OX461136.1",13471741,13474853,3112,3911.25,1
"50117","GCA_949796645.1_6137_genomic","AT5G47870","OX461139.1",23388043,23389545,1502,1877.5,1
"1703","GCA_949796655.1_9744_genomic","AT2G27810","OX461141.1",12957733,12961990,4257,5322.5,1
"2703","GCA_949796655.1_9744_genomic","AT5G40530","OX461144.1",20618422,20620289,1867,2313.75,1
"3703","GCA_949796655.1_9744_genomic","AT3G26115","OX461142.1",9581299,9583501,2202,2787.5,1
"4379","GCA_949796655.1_9744_genomic","AT1G26750","OX461140.1",9118429,9119846,1417,1772.5,1
"5233","GCA_949796655.1_9744_genomic","AT4G17540","OX461143.1",14686663,14688657,1994,2493.75,1
"6131","GCA_949796655.1_9744_genomic","AT4G23950","OX461143.1",17311532,17314032,2500,3126.25,1
"7131","GCA_949796655.1_9744_genomic","AT2G38360","OX461141.1",17156016,17157294,1278,1598.75,1
"8131","GCA_949796655.1_9744_genomic","AT3G11090","OX461142.1",3512361,3513287,926,1158.75,1
"9131","GCA_949796655.1_9744_genomic","AT5G24890","OX461144.1",8583760,8585511,1751,2190,1
"10131","GCA_949796655.1_9744_genomic","AT5G27970","OX461144.1",10005548,10016882,11334,14170,1
"11170","GCA_949796655.1_9744_genomic","AT1G49590","OX461140.1",20676453,20678454,2001,2487.5,1
"12147","GCA_949796655.1_9744_genomic","AT5G46910","OX461144.1",23441170,23446210,5040,6301.25,1
"13134","GCA_949796655.1_9744_genomic","AT1G77300","OX461140.1",31617945,31627439,9494,11916.25,1
"14131","GCA_949796655.1_9744_genomic","AT2G15560","OX461141.1",7858722,7861073,2351,2937.5,1
"15131","GCA_949796655.1_9744_genomic","AT3G27310","OX461142.1",10138127,10140280,2153,2693.75,1
"16131","GCA_949796655.1_9744_genomic","AT5G42950","OX461144.1",21624701,21631815,7114,8893.75,1
"17131","GCA_949796655.1_9744_genomic","AT5G47380","OX461144.1",23621567,23624945,3378,4223.75,1
"18131","GCA_949796655.1_9744_genomic","AT3G06035","OX461142.1",1839021,1840426,1405,1757.5,1
"19131","GCA_949796655.1_9744_genomic","AT2G38310","OX461141.1",17136227,17137667,1440,1798.75,1
"20131","GCA_949796655.1_9744_genomic","AT2G21100","OX461141.1",10140098,10141372,1274,1592.5,1
"21170","GCA_949796655.1_9744_genomic","AT1G27460","OX461140.1",9395165,9398291,3126,3908.75,1
"22147","GCA_949796655.1_9744_genomic","AT2G45320","OX461141.1",19765648,19767728,2080,2602.5,1
"23134","GCA_949796655.1_9744_genomic","AT1G30480","OX461140.1",10612051,10614754,2703,3380,1
"24131","GCA_949796655.1_9744_genomic","AT3G13840","OX461142.1",4572710,4574458,1748,2186.25,1
"25131","GCA_949796655.1_9744_genomic","AT5G38520","OX461144.1",19452412,19454558,2146,2678.75,1
"26131","GCA_949796655.1_9744_genomic","AT2G22260","OX461141.1",10574918,10577560,2642,3305,1
"27131","GCA_949796655.1_9744_genomic","AT1G49470","OX461140.1",20631830,20633116,1286,1608.75,1
"28131","GCA_949796655.1_9744_genomic","AT1G70560","OX461140.1",29180226,29183023,2797,3497.5,1
"29131","GCA_949796655.1_9744_genomic","AT3G10985","OX461142.1",3478516,3479956,1440,1805,1
"30131","GCA_949796655.1_9744_genomic","AT4G36390","OX461143.1",22083590,22086262,2672,3343.75,1
"31170","GCA_949796655.1_9744_genomic","AT4G34270","OX461143.1",21282107,21284564,2457,3075,1
"32147","GCA_949796655.1_9744_genomic","AT5G50000","OX461144.1",24737118,24739915,2797,3497.5,1
"33133","GCA_949796655.1_9744_genomic","AT1G30580","OX461140.1",10653697,10657657,3960,4953.75,1
"34130","GCA_949796655.1_9744_genomic","AT1G20070","OX461140.1",6944962,6946118,1156,1446.25,1
"35131","GCA_949796655.1_9744_genomic","AT3G25440","OX461142.1",9265259,9267077,1818,2273.75,1
"36131","GCA_949796655.1_9744_genomic","AT5G43680","OX461144.1",21938812,21940657,1845,2321.25,1
"37131","GCA_949796655.1_9744_genomic","AT1G67320","OX461140.1",27765518,27769335,3817,4778.75,1
"38131","GCA_949796655.1_9744_genomic","AT2G44950","OX461141.1",19626910,19633387,6477,8097.5,1
"39131","GCA_949796655.1_9744_genomic","AT5G24520","OX461144.1",8403766,8406296,2530,3163.75,1
"40131","GCA_949796655.1_9744_genomic","AT5G56890","OX461144.1",27374033,27379622,5589,6991.25,1
"41168","GCA_949796655.1_9744_genomic","AT1G24460","OX461140.1",8614593,8621374,6781,8472.5,1
"42143","GCA_949796655.1_9744_genomic","AT2G28800","OX461141.1",13459364,13462610,3246,4060,1
"4380","GCA_949796655.1_9744_genomic","AT5G13940","OX461144.1",4526298,4531748,5450,6863.75,1
"4451","GCA_949796655.1_9744_genomic","AT1G19220","OX461140.1",6604919,6610366,5447,6813.75,1
"45106","GCA_949796655.1_9744_genomic","AT5G01220","OX461144.1",82027,85597,3570,4468.75,1
"46123","GCA_949796655.1_9744_genomic","AT1G02460","OX461140.1",506323,509124,2801,3507.5,1
"47130","GCA_949796655.1_9744_genomic","AT1G04110","OX461140.1",1064289,1066801,2512,3141.25,1
"48130","GCA_949796655.1_9744_genomic","AT4G01880","OX461143.1",1164619,1166891,2272,2842.5,1
"49131","GCA_949796655.1_9744_genomic","AT2G24430","OX461141.1",11501613,11504729,3116,3911.25,1
"50118","GCA_949796655.1_9744_genomic","AT5G47870","OX461144.1",23777343,23778848,1505,1877.5,1
"1704","GCA_949796665.1_9879_genomic","AT2G27810","OX461181.1",16791768,16796018,4250,5322.5,1
"2704","GCA_949796665.1_9879_genomic","AT5G40530","OX461184.1",20612240,20614107,1867,2313.75,1
"3704","GCA_949796665.1_9879_genomic","AT3G26115","OX461182.1",9636443,9638646,2203,2787.5,1
"4381","GCA_949796665.1_9879_genomic","AT1G26750","OX461180.1",9208862,9210279,1417,1772.5,1
"5234","GCA_949796665.1_9879_genomic","AT4G17540","OX461183.1",14479983,14481977,1994,2493.75,1
"6132","GCA_949796665.1_9879_genomic","AT4G23950","OX461183.1",17104417,17106917,2500,3126.25,1
"7132","GCA_949796665.1_9879_genomic","AT2G38360","OX461181.1",21029501,21030779,1278,1598.75,1
"8132","GCA_949796665.1_9879_genomic","AT3G11090","OX461182.1",3598946,3599872,926,1158.75,1
"9132","GCA_949796665.1_9879_genomic","AT5G24890","OX461184.1",8677922,8679678,1756,2190,1
"10132","GCA_949796665.1_9879_genomic","AT5G27970","OX461184.1",10151720,10163054,11334,14170,1
"11171","GCA_949796665.1_9879_genomic","AT1G49590","OX461180.1",21812510,21814499,1989,2487.5,1
"12148","GCA_949796665.1_9879_genomic","AT5G46910","OX461184.1",23435650,23440689,5039,6301.25,1
"13135","GCA_949796665.1_9879_genomic","AT1G77300","OX461180.1",32735480,32744999,9519,11916.25,1
"14132","GCA_949796665.1_9879_genomic","AT2G15560","OX461181.1",11699219,11701567,2348,2937.5,1
"15132","GCA_949796665.1_9879_genomic","AT3G27310","OX461182.1",10183635,10185789,2154,2693.75,1
"16132","GCA_949796665.1_9879_genomic","AT5G42950","OX461184.1",21648994,21656108,7114,8893.75,1
"17132","GCA_949796665.1_9879_genomic","AT5G47380","OX461184.1",23613415,23616788,3373,4223.75,1
"18132","GCA_949796665.1_9879_genomic","AT3G06035","OX461182.1",1831326,1832731,1405,1757.5,1
"19132","GCA_949796665.1_9879_genomic","AT2G38310","OX461181.1",21010068,21011505,1437,1798.75,1
"20132","GCA_949796665.1_9879_genomic","AT1G27460","OX461180.1",9493619,9496782,3163,3908.75,1
"21171","GCA_949796665.1_9879_genomic","AT2G45320","OX461181.1",23743736,23745817,2081,2602.5,1
"22148","GCA_949796665.1_9879_genomic","AT1G30480","OX461180.1",10715263,10717959,2696,3380,1
"23135","GCA_949796665.1_9879_genomic","AT3G13840","OX461182.1",4663888,4665636,1748,2186.25,1
"24132","GCA_949796665.1_9879_genomic","AT5G38520","OX461184.1",19830752,19832894,2142,2678.75,1
"25132","GCA_949796665.1_9879_genomic","AT2G22260","OX461181.1",14402975,14405703,2728,3305,1
"26132","GCA_949796665.1_9879_genomic","AT1G49470","OX461180.1",21770458,21771744,1286,1608.75,1
"27132","GCA_949796665.1_9879_genomic","AT1G70560","OX461180.1",30282964,30285762,2798,3497.5,1
"28132","GCA_949796665.1_9879_genomic","AT3G10985","OX461182.1",3561401,3562788,1387,1805,1
"29132","GCA_949796665.1_9879_genomic","AT4G36390","OX461183.1",21853295,21855980,2685,3343.75,1
"30132","GCA_949796665.1_9879_genomic","AT4G34270","OX461183.1",21070531,21072976,2445,3075,1
"31171","GCA_949796665.1_9879_genomic","AT5G50000","OX461184.1",24747331,24750128,2797,3497.5,1
"32148","GCA_949796665.1_9879_genomic","AT1G30580","OX461180.1",10756040,10760000,3960,4953.75,1
"33134","GCA_949796665.1_9879_genomic","AT1G20070","OX461180.1",6988237,6989393,1156,1446.25,1
"34131","GCA_949796665.1_9879_genomic","AT3G25440","OX461182.1",9324025,9325842,1817,2273.75,1
"35132","GCA_949796665.1_9879_genomic","AT5G43680","OX461184.1",21958925,21960572,1647,2321.25,1
"36132","GCA_949796665.1_9879_genomic","AT1G67320","OX461180.1",28862503,28866324,3821,4778.75,1
"37132","GCA_949796665.1_9879_genomic","AT2G44950","OX461181.1",23607029,23613504,6475,8097.5,1
"38132","GCA_949796665.1_9879_genomic","AT5G24520","OX461184.1",8481054,8483584,2530,3163.75,1
"39132","GCA_949796665.1_9879_genomic","AT5G56890","OX461184.1",27410578,27416159,5581,6991.25,1
"40132","GCA_949796665.1_9879_genomic","AT1G24460","OX461180.1",8684712,8691484,6772,8472.5,1
"41169","GCA_949796665.1_9879_genomic","AT2G28800","OX461181.1",17314193,17317453,3260,4060,1
"42144","GCA_949796665.1_9879_genomic","AT5G13940","OX461184.1",4527097,4532607,5510,6863.75,1
"4452","GCA_949796665.1_9879_genomic","AT1G19220","OX461180.1",6659313,6664767,5454,6813.75,1
"45107","GCA_949796665.1_9879_genomic","AT5G01220","OX461184.1",84254,87847,3593,4468.75,1
"46124","GCA_949796665.1_9879_genomic","AT1G02460","OX461180.1",521851,524643,2792,3507.5,1
"47131","GCA_949796665.1_9879_genomic","AT1G04110","OX461180.1",1082856,1085368,2512,3141.25,1
"48131","GCA_949796665.1_9879_genomic","AT4G01880","OX461183.1",1046828,1049101,2273,2842.5,1
"49132","GCA_949796665.1_9879_genomic","AT2G24430","OX461181.1",15333602,15336719,3117,3911.25,1
"50119","GCA_949796665.1_9879_genomic","AT5G47870","OX461184.1",23770747,23772250,1503,1877.5,1
"1705","GCA_949796705.1_9503_genomic","AT2G27810","OX461186.1",14425221,14429478,4257,5322.5,1
"2705","GCA_949796705.1_9503_genomic","AT5G40530","OX461189.1",19929957,19931818,1861,2313.75,1
"3705","GCA_949796705.1_9503_genomic","AT3G26115","OX461187.1",9567503,9569732,2229,2787.5,1
"4382","GCA_949796705.1_9503_genomic","AT1G26750","OX461185.1",9104918,9106335,1417,1772.5,1
"5235","GCA_949796705.1_9503_genomic","AT4G17540","OX461188.1",14019902,14021896,1994,2493.75,1
"6133","GCA_949796705.1_9503_genomic","AT4G23950","OX461188.1",16646647,16649147,2500,3126.25,1
"7133","GCA_949796705.1_9503_genomic","AT2G38360","OX461186.1",18679629,18680907,1278,1598.75,1
"8133","GCA_949796705.1_9503_genomic","AT3G11090","OX461187.1",3505659,3506585,926,1158.75,1
"9133","GCA_949796705.1_9503_genomic","AT5G24890","OX461189.1",8600016,8601764,1748,2190,1
"10133","GCA_949796705.1_9503_genomic","AT5G27970","OX461189.1",9990125,10001460,11335,14170,1
"11172","GCA_949796705.1_9503_genomic","AT1G49590","OX461185.1",20100867,20102868,2001,2487.5,1
"12149","GCA_949796705.1_9503_genomic","AT5G46910","OX461189.1",22718296,22723332,5036,6301.25,1
"13136","GCA_949796705.1_9503_genomic","AT1G77300","OX461185.1",30798319,30807843,9524,11916.25,1
"14133","GCA_949796705.1_9503_genomic","AT2G15560","OX461186.1",9302868,9305189,2321,2937.5,1
"15133","GCA_949796705.1_9503_genomic","AT3G27310","OX461187.1",10119077,10121231,2154,2693.75,1
"16133","GCA_949796705.1_9503_genomic","AT5G42950","OX461189.1",20939914,20947021,7107,8893.75,1
"17133","GCA_949796705.1_9503_genomic","AT5G47380","OX461189.1",22899659,22903036,3377,4223.75,1
"18133","GCA_949796705.1_9503_genomic","AT3G06035","OX461187.1",1838442,1839848,1406,1757.5,1
"19133","GCA_949796705.1_9503_genomic","AT2G38310","OX461186.1",18660161,18661599,1438,1798.75,1
"20133","GCA_949796705.1_9503_genomic","AT1G27460","OX461185.1",9385110,9388235,3125,3908.75,1
"21172","GCA_949796705.1_9503_genomic","AT2G45320","OX461186.1",21282462,21284544,2082,2602.5,1
"22149","GCA_949796705.1_9503_genomic","AT1G30480","OX461185.1",10639629,10642297,2668,3380,1
"23136","GCA_949796705.1_9503_genomic","AT3G13840","OX461187.1",4577875,4579623,1748,2186.25,1
"24133","GCA_949796705.1_9503_genomic","AT5G38520","OX461189.1",19117445,19119582,2137,2678.75,1
"25133","GCA_949796705.1_9503_genomic","AT2G22260","OX461186.1",12049734,12052377,2643,3305,1
"26133","GCA_949796705.1_9503_genomic","AT1G49470","OX461185.1",20056570,20057856,1286,1608.75,1
"27133","GCA_949796705.1_9503_genomic","AT1G70560","OX461185.1",28349593,28352391,2798,3497.5,1
"28133","GCA_949796705.1_9503_genomic","AT3G10985","OX461187.1",3472375,3473765,1390,1805,1
"29133","GCA_949796705.1_9503_genomic","AT4G36390","OX461188.1",21453624,21456298,2674,3343.75,1
"30133","GCA_949796705.1_9503_genomic","AT4G34270","OX461188.1",20663965,20666403,2438,3075,1
"31172","GCA_949796705.1_9503_genomic","AT5G50000","OX461189.1",24036148,24038946,2798,3497.5,1
"32149","GCA_949796705.1_9503_genomic","AT1G30580","OX461185.1",10680385,10684345,3960,4953.75,1
"33135","GCA_949796705.1_9503_genomic","AT1G20070","OX461185.1",6914224,6915380,1156,1446.25,1
"34132","GCA_949796705.1_9503_genomic","AT3G25440","OX461187.1",9253697,9255512,1815,2273.75,1
"35133","GCA_949796705.1_9503_genomic","AT5G43680","OX461189.1",21240724,21242391,1667,2321.25,1
"36133","GCA_949796705.1_9503_genomic","AT1G67320","OX461185.1",26939894,26943717,3823,4778.75,1
"37133","GCA_949796705.1_9503_genomic","AT2G44950","OX461186.1",21143228,21149705,6477,8097.5,1
"38133","GCA_949796705.1_9503_genomic","AT5G24520","OX461189.1",8413551,8416081,2530,3163.75,1
"39133","GCA_949796705.1_9503_genomic","AT5G56890","OX461189.1",26678790,26684381,5591,6991.25,1
"40133","GCA_949796705.1_9503_genomic","AT1G24460","OX461185.1",8606599,8613374,6775,8472.5,1
"41170","GCA_949796705.1_9503_genomic","AT2G28800","OX461186.1",14929780,14933027,3247,4060,1
"42145","GCA_949796705.1_9503_genomic","AT5G13940","OX461189.1",4502990,4508440,5450,6863.75,1
"46125","GCA_949796705.1_9503_genomic","AT1G19220","OX461185.1",6587276,6592715,5439,6813.75,1
"47132","GCA_949796705.1_9503_genomic","AT5G01220","OX461189.1",89852,93428,3576,4468.75,1
"48132","GCA_949796705.1_9503_genomic","AT1G02460","OX461185.1",511619,514407,2788,3507.5,1
"49133","GCA_949796705.1_9503_genomic","AT1G04110","OX461185.1",1077878,1080390,2512,3141.25,1
"50120","GCA_949796705.1_9503_genomic","AT4G01880","OX461188.1",1107013,1109291,2278,2842.5,1
"51105","GCA_949796705.1_9503_genomic","AT2G24430","OX461186.1",12997707,13000828,3121,3911.25,1
"5236","GCA_949796705.1_9503_genomic","AT5G47870","OX461189.1",23061129,23062630,1501,1877.5,1
"1706","GCA_949796715.1_9830_genomic","AT2G27810","OX461191.1",13889971,13894242,4271,5322.5,1
"2706","GCA_949796715.1_9830_genomic","AT5G40530","OX461194.1",18837903,18839770,1867,2313.75,1
"3706","GCA_949796715.1_9830_genomic","AT3G26115","OX461192.1",9533867,9536028,2161,2787.5,1
"4383","GCA_949796715.1_9830_genomic","AT1G26750","OX461190.1",9141693,9143108,1415,1772.5,1
"5237","GCA_949796715.1_9830_genomic","AT4G17540","OX461193.1",12589138,12591132,1994,2493.75,1
"6134","GCA_949796715.1_9830_genomic","AT4G23950","OX461193.1",15222096,15224596,2500,3126.25,1
"7134","GCA_949796715.1_9830_genomic","AT2G38360","OX461191.1",18106567,18107845,1278,1598.75,1
"8134","GCA_949796715.1_9830_genomic","AT3G11090","OX461192.1",3506798,3507724,926,1158.75,1
"9134","GCA_949796715.1_9830_genomic","AT5G24890","OX461194.1",8590201,8591957,1756,2190,1
"10134","GCA_949796715.1_9830_genomic","AT5G27970","OX461194.1",10026903,10038240,11337,14170,1
"11173","GCA_949796715.1_9830_genomic","AT1G49590","OX461190.1",20917113,20919102,1989,2487.5,1
"12150","GCA_949796715.1_9830_genomic","AT5G46910","OX461194.1",21611892,21616931,5039,6301.25,1
"13137","GCA_949796715.1_9830_genomic","AT1G77300","OX461190.1",31712500,31722021,9521,11916.25,1
"14134","GCA_949796715.1_9830_genomic","AT2G15560","OX461191.1",8801267,8803615,2348,2937.5,1
"15134","GCA_949796715.1_9830_genomic","AT3G27310","OX461192.1",10068346,10070500,2154,2693.75,1
"16134","GCA_949796715.1_9830_genomic","AT5G42950","OX461194.1",19865733,19872839,7106,8893.75,1
"17134","GCA_949796715.1_9830_genomic","AT5G47380","OX461194.1",21787380,21790758,3378,4223.75,1
"18134","GCA_949796715.1_9830_genomic","AT3G06035","OX461192.1",1851275,1852677,1402,1757.5,1
"19134","GCA_949796715.1_9830_genomic","AT2G38310","OX461191.1",18087111,18088549,1438,1798.75,1
"20134","GCA_949796715.1_9830_genomic","AT2G21100","OX461191.1",11069896,11071170,1274,1592.5,1
"21173","GCA_949796715.1_9830_genomic","AT1G27460","OX461190.1",9431552,9434692,3140,3908.75,1
"22150","GCA_949796715.1_9830_genomic","AT2G45320","OX461191.1",20710118,20712199,2081,2602.5,1
"23137","GCA_949796715.1_9830_genomic","AT1G30480","OX461190.1",10701315,10703983,2668,3380,1
"24134","GCA_949796715.1_9830_genomic","AT3G13840","OX461192.1",4563730,4565478,1748,2186.25,1
"25134","GCA_949796715.1_9830_genomic","AT5G38520","OX461194.1",18054279,18056412,2133,2678.75,1
"26134","GCA_949796715.1_9830_genomic","AT2G22260","OX461191.1",11489023,11491655,2632,3305,1
"27134","GCA_949796715.1_9830_genomic","AT1G49470","OX461190.1",20875295,20876581,1286,1608.75,1
"28134","GCA_949796715.1_9830_genomic","AT1G70560","OX461190.1",29240500,29243298,2798,3497.5,1
"29134","GCA_949796715.1_9830_genomic","AT3G10985","OX461192.1",3473738,3475178,1440,1805,1
"30134","GCA_949796715.1_9830_genomic","AT4G36390","OX461193.1",19985237,19987911,2674,3343.75,1
"31173","GCA_949796715.1_9830_genomic","AT4G34270","OX461193.1",19193381,19195841,2460,3075,1
"32150","GCA_949796715.1_9830_genomic","AT5G50000","OX461194.1",22921949,22924746,2797,3497.5,1
"33136","GCA_949796715.1_9830_genomic","AT1G30580","OX461190.1",10742087,10746047,3960,4953.75,1
"34133","GCA_949796715.1_9830_genomic","AT1G20070","OX461190.1",6965090,6966246,1156,1446.25,1
"35134","GCA_949796715.1_9830_genomic","AT3G25440","OX461192.1",9220443,9222263,1820,2273.75,1
"36134","GCA_949796715.1_9830_genomic","AT5G43680","OX461194.1",20162331,20164186,1855,2321.25,1
"37134","GCA_949796715.1_9830_genomic","AT1G67320","OX461190.1",27831823,27835645,3822,4778.75,1
"38134","GCA_949796715.1_9830_genomic","AT2G44950","OX461191.1",20571868,20578345,6477,8097.5,1
"39134","GCA_949796715.1_9830_genomic","AT5G24520","OX461194.1",8405133,8407663,2530,3163.75,1
"40134","GCA_949796715.1_9830_genomic","AT5G56890","OX461194.1",25563918,25569512,5594,6991.25,1
"41171","GCA_949796715.1_9830_genomic","AT1G24460","OX461190.1",8646905,8653680,6775,8472.5,1
"42146","GCA_949796715.1_9830_genomic","AT2G28800","OX461191.1",14395429,14398676,3247,4060,1
"4384","GCA_949796715.1_9830_genomic","AT5G13940","OX461194.1",4496456,4501966,5510,6863.75,1
"46126","GCA_949796715.1_9830_genomic","AT1G19220","OX461190.1",6636859,6642305,5446,6813.75,1
"47133","GCA_949796715.1_9830_genomic","AT5G01220","OX461194.1",87424,90998,3574,4468.75,1
"48133","GCA_949796715.1_9830_genomic","AT1G02460","OX461190.1",510934,513739,2805,3507.5,1
"49134","GCA_949796715.1_9830_genomic","AT1G04110","OX461190.1",1078338,1080850,2512,3141.25,1
"50121","GCA_949796715.1_9830_genomic","AT4G01880","OX461193.1",1093736,1096007,2271,2842.5,1
"51106","GCA_949796715.1_9830_genomic","AT2G24430","OX461191.1",12435697,12438831,3134,3911.25,1
"5238","GCA_949796715.1_9830_genomic","AT5G47870","OX461194.1",21952162,21953664,1502,1877.5,1
"1707","GCA_949796755.1_9847_genomic","AT2G27810","OX461176.1",14958827,14963097,4270,5322.5,1
"2707","GCA_949796755.1_9847_genomic","AT5G40530","OX461179.1",19227817,19229684,1867,2313.75,1
"3707","GCA_949796755.1_9847_genomic","AT3G26115","OX461177.1",9638547,9640776,2229,2787.5,1
"4385","GCA_949796755.1_9847_genomic","AT1G26750","OX461175.1",9109453,9110870,1417,1772.5,1
"5239","GCA_949796755.1_9847_genomic","AT4G17540","OX461178.1",13139345,13141339,1994,2493.75,1
"6135","GCA_949796755.1_9847_genomic","AT4G23950","OX461178.1",15979079,15981579,2500,3126.25,1
"7135","GCA_949796755.1_9847_genomic","AT2G38360","OX461176.1",19201008,19202286,1278,1598.75,1
"8135","GCA_949796755.1_9847_genomic","AT3G11090","OX461177.1",3524940,3525866,926,1158.75,1
"9135","GCA_949796755.1_9847_genomic","AT5G24890","OX461179.1",8590551,8592299,1748,2190,1
"10135","GCA_949796755.1_9847_genomic","AT5G27970","OX461179.1",9984497,9995832,11335,14170,1
"11174","GCA_949796755.1_9847_genomic","AT1G49590","OX461175.1",19668724,19670713,1989,2487.5,1
"12151","GCA_949796755.1_9847_genomic","AT5G46910","OX461179.1",22030918,22035979,5061,6301.25,1
"13138","GCA_949796755.1_9847_genomic","AT1G77300","OX461175.1",30355866,30365386,9520,11916.25,1
"14135","GCA_949796755.1_9847_genomic","AT2G15560","OX461176.1",9841999,9844320,2321,2937.5,1
"15135","GCA_949796755.1_9847_genomic","AT3G27310","OX461177.1",10175278,10177432,2154,2693.75,1
"16135","GCA_949796755.1_9847_genomic","AT5G42950","OX461179.1",20253906,20261020,7114,8893.75,1
"17135","GCA_949796755.1_9847_genomic","AT5G47380","OX461179.1",22205516,22208894,3378,4223.75,1
"18135","GCA_949796755.1_9847_genomic","AT3G06035","OX461177.1",1847797,1849199,1402,1757.5,1
"19135","GCA_949796755.1_9847_genomic","AT2G38310","OX461176.1",19181543,19182981,1438,1798.75,1
"20135","GCA_949796755.1_9847_genomic","AT1G27460","OX461175.1",9397690,9400816,3126,3908.75,1
"21174","GCA_949796755.1_9847_genomic","AT2G45320","OX461176.1",21819176,21821256,2080,2602.5,1
"22151","GCA_949796755.1_9847_genomic","AT1G30480","OX461175.1",10648283,10650979,2696,3380,1
"23138","GCA_949796755.1_9847_genomic","AT3G13840","OX461177.1",4594678,4596426,1748,2186.25,1
"24135","GCA_949796755.1_9847_genomic","AT5G38520","OX461179.1",18396705,18398847,2142,2678.75,1
"25135","GCA_949796755.1_9847_genomic","AT2G22260","OX461176.1",12573700,12576343,2643,3305,1
"26135","GCA_949796755.1_9847_genomic","AT1G49470","OX461175.1",19624508,19625794,1286,1608.75,1
"27135","GCA_949796755.1_9847_genomic","AT1G70560","OX461175.1",27898843,27901640,2797,3497.5,1
"28135","GCA_949796755.1_9847_genomic","AT3G10985","OX461177.1",3491884,3493323,1439,1805,1
"29135","GCA_949796755.1_9847_genomic","AT4G36390","OX461178.1",20755937,20758611,2674,3343.75,1
"30135","GCA_949796755.1_9847_genomic","AT4G34270","OX461178.1",19965428,19967873,2445,3075,1
"31174","GCA_949796755.1_9847_genomic","AT5G50000","OX461179.1",23329003,23331800,2797,3497.5,1
"32151","GCA_949796755.1_9847_genomic","AT1G30580","OX461175.1",10689026,10692953,3927,4953.75,1
"33137","GCA_949796755.1_9847_genomic","AT1G20070","OX461175.1",6920320,6921476,1156,1446.25,1
"34134","GCA_949796755.1_9847_genomic","AT3G25440","OX461177.1",9327446,9329264,1818,2273.75,1
"35135","GCA_949796755.1_9847_genomic","AT5G43680","OX461179.1",20553392,20555238,1846,2321.25,1
"36135","GCA_949796755.1_9847_genomic","AT1G67320","OX461175.1",26488500,26492315,3815,4778.75,1
"37135","GCA_949796755.1_9847_genomic","AT2G44950","OX461176.1",21680351,21686828,6477,8097.5,1
"38135","GCA_949796755.1_9847_genomic","AT5G24520","OX461179.1",8403755,8406285,2530,3163.75,1
"39135","GCA_949796755.1_9847_genomic","AT5G56890","OX461179.1",25983979,25989568,5589,6991.25,1
"40135","GCA_949796755.1_9847_genomic","AT1G24460","OX461175.1",8607251,8614026,6775,8472.5,1
"41172","GCA_949796755.1_9847_genomic","AT2G28800","OX461176.1",15466369,15469617,3248,4060,1
"42147","GCA_949796755.1_9847_genomic","AT5G13940","OX461179.1",4503367,4508857,5490,6863.75,1
"45108","GCA_949796755.1_9847_genomic","AT1G19220","OX461175.1",6593368,6598810,5442,6813.75,1
"46127","GCA_949796755.1_9847_genomic","AT5G01220","OX461179.1",92136,95710,3574,4468.75,1
"47134","GCA_949796755.1_9847_genomic","AT1G02460","OX461175.1",514479,517276,2797,3507.5,1
"48134","GCA_949796755.1_9847_genomic","AT1G04110","OX461175.1",1073000,1075512,2512,3141.25,1
"49135","GCA_949796755.1_9847_genomic","AT4G01880","OX461178.1",1000154,1002432,2278,2842.5,1
"50122","GCA_949796755.1_9847_genomic","AT2G24430","OX461176.1",13486117,13489229,3112,3911.25,1
"51107","GCA_949796755.1_9847_genomic","AT5G47870","OX461179.1",22368568,22370070,1502,1877.5,1
