qseqid	sseqid	pident	length	mismatch	gapopen	qstart	qend	sstart	send	evalue	bitscore	stitle
AL5G13330	scaffold_5_RagTag	98.469	1241	16	2	1	1238	1328881	1330121	0	2183	73_3a_fixed_genome_15_1_24
AL5G13330	scaffold_5_RagTag	81.338	1211	180	31	20	1216	1322795	1323973	0	942	73_3a_fixed_genome_15_1_24
AL5G13330	scaffold_5_RagTag	79.803	1114	169	35	60	1157	1347471	1348544	0	760	73_3a_fixed_genome_15_1_24
AL5G13330	scaffold_5_RagTag	79.573	1077	167	32	21	1075	1326350	1327395	0	721	73_3a_fixed_genome_15_1_24
AL5G13330	scaffold_5_RagTag	83.009	771	95	20	475	1224	1340149	1340904	0	665	73_3a_fixed_genome_15_1_24
AL5G13330	scaffold_5_RagTag	76.087	644	113	26	530	1163	1353818	1354430	3.62e-79	298	73_3a_fixed_genome_15_1_24
AL5G13330	scaffold_7_RagTag	79.44	1250	207	40	21	1238	22112815	22114046	0	839	73_3a_fixed_genome_15_1_24
AL5G13330	scaffold_7_RagTag	79.282	1226	207	34	21	1224	22107106	22108306	0	813	73_3a_fixed_genome_15_1_24
AL5G13330	scaffold_7_RagTag	79.282	1226	204	38	21	1224	22095405	22096602	0	811	73_3a_fixed_genome_15_1_24
AL5G13330	scaffold_7_RagTag	79.795	1168	195	36	21	1163	22117164	22118315	0	811	73_3a_fixed_genome_15_1_24
AL5G13330	scaffold_7_RagTag	77.61	728	124	26	458	1160	22096983	22097696	2.07e-111	405	73_3a_fixed_genome_15_1_24
AL5G13330	scaffold_7_RagTag	82.996	247	31	8	912	1151	22109653	22109895	1.35e-53	213	73_3a_fixed_genome_15_1_24
AL5G13330	scaffold_7_RagTag	81.89	254	35	8	921	1167	22110709	22110958	8.12e-51	204	73_3a_fixed_genome_15_1_24
AL5G13330	scaffold_6_RagTag	79.342	1215	197	34	21	1223	5036726	5035554	0	804	73_3a_fixed_genome_15_1_24
AL5G13330	scaffold_1_RagTag	78.547	1170	200	38	21	1166	8631959	8630817	0	723	73_3a_fixed_genome_15_1_24
AL5G13330	scaffold_3_RagTag	72.874	1235	239	62	21	1216	13362519	13363696	7.67e-91	337	73_3a_fixed_genome_15_1_24
AL5G13330	scaffold_3_RagTag	73.988	815	156	40	293	1079	13371990	13372776	1.31e-73	279	73_3a_fixed_genome_15_1_24
AL5G13330	scaffold_3_RagTag	71.996	1057	210	54	53	1081	13369025	13370023	1.04e-59	233	73_3a_fixed_genome_15_1_24
AL5G13340	scaffold_5_RagTag	98.925	744	8	0	532	1275	1336791	1337534	0	1330	73_3a_fixed_genome_15_1_24
AL5G13340	scaffold_5_RagTag	98.885	538	2	2	1	538	1331528	1332061	0	957	73_3a_fixed_genome_15_1_24
AL5G13340	scaffold_5_RagTag	82.202	545	86	6	250	792	1347471	1348006	1.62e-127	459	73_3a_fixed_genome_15_1_24
AL5G13340	scaffold_5_RagTag	75.647	1043	182	46	235	1254	1322820	1323813	7.53e-126	453	73_3a_fixed_genome_15_1_24
AL5G13340	scaffold_5_RagTag	77.506	449	72	19	838	1269	1326946	1327382	1.77e-62	243	73_3a_fixed_genome_15_1_24
AL5G13340	scaffold_5_RagTag	78.316	392	57	16	902	1269	1340358	1340745	4.97e-58	228	73_3a_fixed_genome_15_1_24
AL5G13340	scaffold_7_RagTag	76.565	559	95	25	231	782	22095425	22095954	6.29e-72	274	73_3a_fixed_genome_15_1_24
AL5G13340	scaffold_7_RagTag	77.44	461	72	23	838	1269	22113402	22113859	1.37e-63	246	73_3a_fixed_genome_15_1_24
AL5G13340	scaffold_7_RagTag	77.252	444	70	19	838	1254	22107693	22108132	3.84e-59	231	73_3a_fixed_genome_15_1_24
AL5G13340	scaffold_7_RagTag	76.688	459	76	22	838	1269	22095980	22096434	1.79e-57	226	73_3a_fixed_genome_15_1_24
AL5G13350	scaffold_5_RagTag	96.022	1483	50	5	1	1474	1339525	1341007	0	2403	73_3a_fixed_genome_15_1_24
AL5G13350	scaffold_5_RagTag	82.197	865	114	24	599	1455	1323218	1324050	0	708	73_3a_fixed_genome_15_1_24
AL5G13350	scaffold_5_RagTag	83.088	816	98	28	625	1418	1329358	1330155	0	706	73_3a_fixed_genome_15_1_24
AL5G13350	scaffold_5_RagTag	80.636	692	88	23	627	1313	1347894	1348544	5.14e-138	494	73_3a_fixed_genome_15_1_24
AL5G13350	scaffold_5_RagTag	80.736	571	76	17	670	1238	1326861	1327399	4.12e-114	414	73_3a_fixed_genome_15_1_24
AL5G13350	scaffold_5_RagTag	77.228	707	110	33	670	1364	1353811	1354478	1.17e-99	366	73_3a_fixed_genome_15_1_24
AL5G13350	scaffold_6_RagTag	79.832	833	114	36	632	1450	5036274	5035482	1.8e-157	558	73_3a_fixed_genome_15_1_24
AL5G13350	scaffold_7_RagTag	80.265	755	105	30	667	1392	22113314	22114053	1.41e-148	529	73_3a_fixed_genome_15_1_24
AL5G13350	scaffold_7_RagTag	80.244	739	112	24	667	1390	22107605	22108324	1.82e-147	525	73_3a_fixed_genome_15_1_24
AL5G13350	scaffold_7_RagTag	81.636	648	93	21	667	1301	22117663	22118297	3.95e-144	514	73_3a_fixed_genome_15_1_24
AL5G13350	scaffold_7_RagTag	78.659	820	127	32	603	1395	22095828	22096626	3.07e-140	501	73_3a_fixed_genome_15_1_24
AL5G13350	scaffold_7_RagTag	78.834	652	103	21	670	1301	22097045	22097681	6.89e-112	407	73_3a_fixed_genome_15_1_24
AL5G13350	scaffold_7_RagTag	80.909	440	76	7	56	489	22107059	22107496	7.09e-92	340	73_3a_fixed_genome_15_1_24
AL5G13350	scaffold_1_RagTag	78.852	662	106	32	671	1318	8631462	8630821	1.14e-114	416	73_3a_fixed_genome_15_1_24
AL5G13350	scaffold_3_RagTag	73.516	657	129	28	677	1318	13363016	13363642	7.5e-52	207	73_3a_fixed_genome_15_1_24
AL5G13350	scaffold_3_RagTag	73.731	670	114	41	677	1318	13372233	13372868	2.7e-51	206	73_3a_fixed_genome_15_1_24
AL5G13350	scaffold_3_RagTag	73.016	567	114	27	674	1234	13369484	13370017	1.65e-38	163	73_3a_fixed_genome_15_1_24
AL6G22950	scaffold_6_RagTag	98.234	1416	17	3	1	1410	5035375	5036788	0	2470	73_3a_fixed_genome_15_1_24
AL6G22950	scaffold_5_RagTag	80.216	1294	186	43	101	1357	1324051	1322791	0	907	73_3a_fixed_genome_15_1_24
AL6G22950	scaffold_5_RagTag	81.438	1099	159	26	238	1315	1348545	1347471	0	857	73_3a_fixed_genome_15_1_24
AL6G22950	scaffold_5_RagTag	78.783	1216	203	35	182	1352	1330106	1328901	0	765	73_3a_fixed_genome_15_1_24
AL6G22950	scaffold_5_RagTag	77.5	1080	193	36	310	1357	1327406	1326345	7.83e-171	603	73_3a_fixed_genome_15_1_24
AL6G22950	scaffold_5_RagTag	79.157	830	125	32	118	905	1340976	1340153	3.75e-149	531	73_3a_fixed_genome_15_1_24
AL6G22950	scaffold_5_RagTag	78.457	687	123	18	188	866	1354478	1353809	1.82e-117	425	73_3a_fixed_genome_15_1_24
AL6G22950	scaffold_5_RagTag	83.38	355	53	4	978	1332	1353784	1353436	6.82e-87	324	73_3a_fixed_genome_15_1_24
AL6G22950	scaffold_7_RagTag	80.56	1214	189	32	182	1357	22108305	22107101	0	891	73_3a_fixed_genome_15_1_24
AL6G22950	scaffold_7_RagTag	80.687	1165	184	28	229	1357	22113969	22112810	0	867	73_3a_fixed_genome_15_1_24
AL6G22950	scaffold_7_RagTag	80.763	1154	180	27	241	1357	22118307	22117159	0	863	73_3a_fixed_genome_15_1_24
AL6G22950	scaffold_7_RagTag	79.793	1158	203	24	229	1365	22096538	22095391	0	813	73_3a_fixed_genome_15_1_24
AL6G22950	scaffold_7_RagTag	80.122	654	93	19	241	864	22097691	22097045	8.34e-126	453	73_3a_fixed_genome_15_1_24
AL6G22950	scaffold_7_RagTag	85.317	252	26	6	246	490	22109894	22109647	1.17e-64	250	73_3a_fixed_genome_15_1_24
AL6G22950	scaffold_7_RagTag	84.836	244	27	5	239	475	22110949	22110709	9.14e-61	237	73_3a_fixed_genome_15_1_24
AL6G22950	scaffold_1_RagTag	78.235	1167	209	30	223	1357	8630811	8631964	0	706	73_3a_fixed_genome_15_1_24
AL7G52550	scaffold_7_RagTag	95.309	1471	50	5	1	1455	22118573	22117106	0	2316	73_3a_fixed_genome_15_1_24
AL7G52550	scaffold_7_RagTag	96.695	1301	33	3	162	1455	22114054	22112757	0	2156	73_3a_fixed_genome_15_1_24
AL7G52550	scaffold_7_RagTag	91.388	1463	95	15	1	1455	22096791	22095352	0	1975	73_3a_fixed_genome_15_1_24
AL7G52550	scaffold_7_RagTag	90.935	1423	92	17	38	1455	22108438	22107048	0	1879	73_3a_fixed_genome_15_1_24
AL7G52550	scaffold_7_RagTag	85.616	730	91	8	253	971	22097696	22096970	0	754	73_3a_fixed_genome_15_1_24
AL7G52550	scaffold_7_RagTag	86.012	336	32	11	165	495	22111034	22110709	1.51e-93	346	73_3a_fixed_genome_15_1_24
AL7G52550	scaffold_7_RagTag	90.763	249	20	3	263	509	22109894	22109647	1.52e-88	329	73_3a_fixed_genome_15_1_24
AL7G52550	scaffold_7_RagTag	95.57	158	0	5	1	153	22116116	22115961	1.57e-63	246	73_3a_fixed_genome_15_1_24
AL7G52550	scaffold_7_RagTag	92.857	42	2	1	167	207	22097824	22097783	2.2e-07	60.2	73_3a_fixed_genome_15_1_24
AL7G52550	scaffold_1_RagTag	88.88	1286	128	9	168	1450	8630738	8632011	0	1568	73_3a_fixed_genome_15_1_24
AL7G52550	scaffold_5_RagTag	81.497	1189	187	23	250	1428	1323929	1322764	0	946	73_3a_fixed_genome_15_1_24
AL7G52550	scaffold_5_RagTag	79.554	1257	203	42	165	1398	1330126	1328901	0	848	73_3a_fixed_genome_15_1_24
AL7G52550	scaffold_5_RagTag	79.494	1107	171	39	267	1360	1348533	1347470	0	736	73_3a_fixed_genome_15_1_24
AL7G52550	scaffold_5_RagTag	79.373	766	105	34	159	899	1340928	1340191	6.59e-137	490	73_3a_fixed_genome_15_1_24
AL7G52550	scaffold_5_RagTag	79.885	348	56	10	250	593	1354430	1354093	2.04e-62	243	73_3a_fixed_genome_15_1_24
AL7G52550	scaffold_6_RagTag	80.342	1170	188	28	241	1402	5035595	5036730	0	848	73_3a_fixed_genome_15_1_24
AL7G52550	scaffold_3_RagTag	74.176	728	121	42	191	889	13372922	13372233	7.32e-62	241	73_3a_fixed_genome_15_1_24
AL7G52550	scaffold_3_RagTag	76.316	418	69	16	191	593	13363696	13363294	1.61e-48	196	73_3a_fixed_genome_15_1_24
AL7G52550	scaffold_3_RagTag	71.683	731	140	44	191	892	13370176	13369484	7.64e-32	141	73_3a_fixed_genome_15_1_24
AL7G52570	scaffold_7_RagTag	97.867	1313	28	0	45	1357	22108348	22107036	0	2270	73_3a_fixed_genome_15_1_24
AL7G52570	scaffold_7_RagTag	91.54	1312	83	15	69	1357	22114051	22112745	0	1783	73_3a_fixed_genome_15_1_24
AL7G52570	scaffold_7_RagTag	90.765	1321	96	13	59	1357	22118410	22117094	0	1740	73_3a_fixed_genome_15_1_24
AL7G52570	scaffold_7_RagTag	88.636	1320	108	22	57	1359	22096632	22095338	0	1568	73_3a_fixed_genome_15_1_24
AL7G52570	scaffold_7_RagTag	84.815	731	97	7	142	861	22097696	22096969	0	723	73_3a_fixed_genome_15_1_24
AL7G52570	scaffold_7_RagTag	87.234	329	26	12	69	384	22111034	22110709	5.01e-98	361	73_3a_fixed_genome_15_1_24
AL7G52570	scaffold_7_RagTag	91.566	249	19	2	152	399	22109894	22109647	1.81e-92	342	73_3a_fixed_genome_15_1_24
AL7G52570	scaffold_7_RagTag	100	30	0	0	82	111	22097812	22097783	2.65e-06	56.5	73_3a_fixed_genome_15_1_24
AL7G52570	scaffold_1_RagTag	86.692	1300	139	12	72	1351	8630738	8632023	0	1411	73_3a_fixed_genome_15_1_24
AL7G52570	scaffold_5_RagTag	81.068	1236	194	27	95	1317	1323973	1322765	0	950	73_3a_fixed_genome_15_1_24
AL7G52570	scaffold_5_RagTag	78.766	1248	214	35	69	1287	1330126	1328901	0	789	73_3a_fixed_genome_15_1_24
AL7G52570	scaffold_5_RagTag	79.161	739	118	22	74	788	1340917	1340191	1.33e-133	479	73_3a_fixed_genome_15_1_24
AL7G52570	scaffold_6_RagTag	80.263	1216	191	34	88	1292	5035554	5036731	0	870	73_3a_fixed_genome_15_1_24
AL5G13330	scaffold_5_RagTag	98.388	1241	17	2	1	1238	1439917	1441157	0	2178	AL08_v2_f
AL5G13330	scaffold_5_RagTag	81.42	1211	179	31	20	1216	1430899	1432077	0	948	AL08_v2_f
AL5G13330	scaffold_5_RagTag	79.874	1108	167	35	60	1151	1449398	1450465	0	760	AL08_v2_f
AL5G13330	scaffold_5_RagTag	79.592	1078	165	37	21	1075	1436999	1438044	0	721	AL08_v2_f
AL5G13330	scaffold_5_RagTag	82.552	768	94	22	477	1224	1445629	1446376	0	640	AL08_v2_f
AL5G13330	scaffold_5_RagTag	76.361	698	124	24	535	1222	1462359	1463025	7.04e-91	337	AL08_v2_f
AL5G13330	scaffold_7_RagTag	79.76	1250	203	40	21	1238	22706566	22707797	0	861	AL08_v2_f
AL5G13330	scaffold_7_RagTag	79.347	1225	205	36	21	1224	22702118	22703315	0	817	AL08_v2_f
AL5G13330	scaffold_7_RagTag	79.692	1167	198	34	21	1163	22710910	22712061	0	806	AL08_v2_f
AL5G13330	scaffold_7_RagTag	77.366	729	124	28	458	1160	22703699	22704412	4.12e-108	394	AL08_v2_f
AL5G13330	scaffold_6_RagTag	79.242	1214	200	32	21	1223	4908139	4906967	0	798	AL08_v2_f
AL5G13330	scaffold_1_RagTag	78.596	1168	203	37	21	1166	8627873	8626731	0	728	AL08_v2_f
AL5G13330	scaffold_3_RagTag	72.713	1235	241	61	21	1216	13255395	13256572	1.52e-87	326	AL08_v2_f
AL5G13330	scaffold_3_RagTag	73.988	815	156	40	293	1079	13262328	13263114	1.2e-73	279	AL08_v2_f
AL5G13340	scaffold_5_RagTag	75.589	1061	184	48	235	1269	1430924	1431935	1.92e-126	455	AL08_v2_f
AL5G13340	scaffold_5_RagTag	82.018	545	87	6	250	792	1449398	1449933	6.9e-126	453	AL08_v2_f
AL5G13340	scaffold_5_RagTag	79.845	387	54	16	902	1269	1445836	1446217	4.49e-68	261	AL08_v2_f
AL5G13340	scaffold_7_RagTag	76.744	559	94	25	231	782	22702138	22702667	1.24e-73	279	AL08_v2_f
AL5G13340	scaffold_7_RagTag	77.44	461	72	23	838	1269	22707153	22707610	1.26e-63	246	AL08_v2_f
AL5G13350	scaffold_5_RagTag	95.145	1483	57	6	1	1474	1445003	1446479	0	2326	AL08_v2_f
AL5G13350	scaffold_5_RagTag	83.088	816	98	28	625	1418	1440394	1441191	0	706	AL08_v2_f
AL5G13350	scaffold_5_RagTag	82.081	865	115	24	599	1455	1431322	1432154	0	702	AL08_v2_f
AL5G13350	scaffold_5_RagTag	80.114	704	94	23	603	1301	1449797	1450459	1.02e-134	483	AL08_v2_f
AL5G13350	scaffold_5_RagTag	80.877	570	77	16	670	1238	1437510	1438048	8.12e-116	420	AL08_v2_f
AL5G13350	scaffold_6_RagTag	80.549	802	102	36	663	1450	4907656	4906895	2.74e-160	568	AL08_v2_f
AL5G13350	scaffold_7_RagTag	80.106	754	108	28	667	1392	22707065	22707804	6.02e-147	523	AL08_v2_f
AL5G13350	scaffold_7_RagTag	81.636	648	93	21	667	1301	22711409	22712043	3.62e-144	514	AL08_v2_f
AL5G13350	scaffold_7_RagTag	78.659	820	127	32	603	1395	22702541	22703339	2.82e-140	501	AL08_v2_f
AL5G13350	scaffold_7_RagTag	78.56	653	103	21	670	1301	22703761	22704397	1.37e-108	396	AL08_v2_f
AL5G13350	scaffold_7_RagTag	81.364	440	74	7	56	489	22706519	22706956	3e-95	351	AL08_v2_f
AL5G13350	scaffold_1_RagTag	78.852	662	106	32	671	1318	8627376	8626735	1.05e-114	416	AL08_v2_f
AL5G13350	scaffold_3_RagTag	73.842	669	115	38	677	1318	13262571	13263206	5.32e-53	211	AL08_v2_f
AL5G13350	scaffold_3_RagTag	73.516	657	129	28	677	1318	13255892	13256518	6.88e-52	207	AL08_v2_f
AL6G22950	scaffold_6_RagTag	98.654	1412	15	2	1	1410	4906788	4908197	0	2499	AL08_v2_f
AL6G22950	scaffold_5_RagTag	80.139	1294	188	42	101	1357	1432156	1430895	0	902	AL08_v2_f
AL6G22950	scaffold_5_RagTag	81.434	1088	157	26	249	1315	1450461	1449398	0	848	AL08_v2_f
AL6G22950	scaffold_5_RagTag	78.701	1216	204	35	182	1352	1441142	1439937	0	760	AL08_v2_f
AL6G22950	scaffold_5_RagTag	77.18	1078	200	32	310	1357	1438055	1436994	7.23e-166	586	AL08_v2_f
AL6G22950	scaffold_5_RagTag	79.131	829	121	35	118	905	1446448	1445631	1.6e-147	525	AL08_v2_f
AL6G22950	scaffold_5_RagTag	78.438	640	108	22	230	860	1462969	1462351	6.08e-107	390	AL08_v2_f
AL6G22950	scaffold_5_RagTag	80.84	381	65	4	982	1357	1462292	1461915	1.76e-77	292	AL08_v2_f
AL6G22950	scaffold_7_RagTag	80.589	1154	182	28	241	1357	22712053	22710905	0	852	AL08_v2_f
AL6G22950	scaffold_7_RagTag	80.244	1149	197	23	229	1357	22703251	22702113	0	837	AL08_v2_f
AL6G22950	scaffold_7_RagTag	79.695	655	94	22	241	864	22704407	22703761	7.7e-121	436	AL08_v2_f
AL6G22950	scaffold_1_RagTag	78.235	1167	209	30	223	1357	8626725	8627878	0	706	AL08_v2_f
AL7G52550	scaffold_7_RagTag	95.28	1462	49	6	10	1455	22712309	22710852	0	2300	AL08_v2_f
AL7G52550	scaffold_7_RagTag	95.926	1301	43	3	162	1455	22707805	22706508	0	2100	AL08_v2_f
AL7G52550	scaffold_7_RagTag	91.746	1466	91	13	1	1455	22703506	22702060	0	2010	AL08_v2_f
AL7G52550	scaffold_7_RagTag	85.089	731	93	9	253	971	22704412	22703686	0	732	AL08_v2_f
AL7G52550	scaffold_7_RagTag	95.541	157	0	4	1	153	22709861	22709708	5.19e-63	244	AL08_v2_f
AL7G52550	scaffold_7_RagTag	92.857	42	2	1	167	207	22704540	22704499	2.02e-07	60.2	AL08_v2_f
AL7G52550	scaffold_1_RagTag	88.725	1286	130	9	168	1450	8626652	8627925	0	1557	AL08_v2_f
AL7G52550	scaffold_5_RagTag	81.581	1189	186	23	250	1428	1432033	1430868	0	952	AL08_v2_f
AL7G52550	scaffold_5_RagTag	79.475	1257	204	42	165	1398	1441162	1439937	0	843	AL08_v2_f
AL7G52550	scaffold_5_RagTag	79.584	1107	170	39	267	1360	1450460	1449397	0	741	AL08_v2_f
AL7G52550	scaffold_5_RagTag	77.021	1101	188	43	345	1420	1438037	1436977	2.1e-161	571	AL08_v2_f
AL7G52550	scaffold_5_RagTag	79.106	761	110	32	159	899	1446400	1445669	1.31e-133	479	AL08_v2_f
AL7G52550	scaffold_5_RagTag	77.778	747	119	31	153	892	1463057	1462351	1.04e-114	416	AL08_v2_f
AL7G52550	scaffold_6_RagTag	80.513	1170	186	28	241	1402	4907008	4908143	0	859	AL08_v2_f
AL7G52550	scaffold_3_RagTag	74.313	728	120	42	191	889	13263260	13262571	1.44e-63	246	AL08_v2_f
AL7G52550	scaffold_3_RagTag	76.555	418	68	16	191	593	13256572	13256170	3.17e-50	202	AL08_v2_f
AL7G52570	scaffold_7_RagTag	91.394	1313	84	16	69	1357	22707802	22706495	0	1772	AL08_v2_f
AL7G52570	scaffold_7_RagTag	90.689	1321	97	13	59	1357	22712156	22710840	0	1735	AL08_v2_f
AL7G52570	scaffold_7_RagTag	89.394	1320	103	19	57	1359	22703345	22702046	0	1628	AL08_v2_f
AL7G52570	scaffold_7_RagTag	84.153	732	100	8	142	861	22704412	22703685	0	695	AL08_v2_f
AL7G52570	scaffold_7_RagTag	100	30	0	0	82	111	22704528	22704499	2.43e-06	56.5	AL08_v2_f
AL7G52570	scaffold_1_RagTag	87.379	1236	137	10	121	1351	8626716	8627937	0	1400	AL08_v2_f
AL7G52570	scaffold_5_RagTag	81.149	1236	193	27	95	1317	1432077	1430869	0	955	AL08_v2_f
AL7G52570	scaffold_5_RagTag	78.686	1248	215	35	69	1287	1441162	1439937	0	784	AL08_v2_f
AL7G52570	scaffold_5_RagTag	79.184	735	119	22	74	788	1446389	1445669	1.22e-133	479	AL08_v2_f
AL7G52570	scaffold_5_RagTag	77.042	710	111	33	89	781	1463025	1462351	4.59e-98	361	AL08_v2_f
AL7G52570	scaffold_5_RagTag	80.587	443	72	12	897	1334	1445491	1445058	1.29e-88	329	AL08_v2_f
AL7G52570	scaffold_5_RagTag	80.986	426	70	9	915	1334	1462292	1461872	4.66e-88	327	AL08_v2_f
AL7G52570	scaffold_6_RagTag	80.428	1216	189	34	88	1292	4906967	4908144	0	881	AL08_v2_f
AL5G13330	scaffold_5_RagTag	97.491	1076	23	3	1	1072	1359922	1360997	0	1834	al1_v2_s
AL5G13330	scaffold_5_RagTag	81.42	1211	179	31	20	1216	1337019	1338197	0	948	al1_v2_s
AL5G13330	scaffold_5_RagTag	79.383	1135	171	36	39	1158	1361985	1363071	0	741	al1_v2_s
AL5G13330	scaffold_5_RagTag	79.387	1077	169	33	21	1075	1357399	1358444	0	710	al1_v2_s
AL5G13330	scaffold_5_RagTag	76.672	643	111	22	530	1163	1385583	1386195	7.89e-86	320	al1_v2_s
AL5G13330	scaffold_7_RagTag	79.211	1116	180	40	141	1224	24551449	24552544	0	728	al1_v2_s
AL5G13330	scaffold_7_RagTag	81.795	390	48	14	845	1224	24540951	24541327	2.21e-81	305	al1_v2_s
AL5G13330	scaffold_7_RagTag	80.058	346	53	13	832	1167	24549613	24549952	1.76e-62	243	al1_v2_s
AL5G13330	scaffold_7_RagTag	82.186	247	33	8	912	1151	24548628	24548870	2.98e-50	202	al1_v2_s
AL5G13330	scaffold_6_RagTag	78.768	1088	179	32	147	1223	5501892	5500846	0	682	al1_v2_s
AL5G13330	scaffold_3_RagTag	72.794	1235	240	62	21	1216	14529642	14530819	3.65e-89	331	al1_v2_s
AL5G13330	scaffold_3_RagTag	75.972	566	98	25	530	1079	14539557	14540100	6.28e-67	257	al1_v2_s
AL5G13330	scaffold_3_RagTag	71.321	1060	220	59	53	1081	14533212	14534218	1.39e-48	196	al1_v2_s
AL5G13330	scaffold_4_RagTag	87.755	98	11	1	532	629	16363098	16363194	1.44e-23	113	al1_v2_s
AL5G13340	scaffold_5_RagTag	83.363	565	72	7	230	792	1361985	1362529	7.52e-141	503	al1_v2_s
AL5G13340	scaffold_5_RagTag	75.589	1061	184	48	235	1269	1337044	1338055	2.14e-126	455	al1_v2_s
AL5G13340	scaffold_5_RagTag	82.127	442	64	10	838	1269	1362545	1362981	3.7e-99	364	al1_v2_s
AL5G13340	scaffold_5_RagTag	100	39	0	0	801	839	5945456	5945418	2.51e-11	73.1	al1_v2_s
AL5G13340	scaffold_7_RagTag	77.477	444	69	22	838	1254	24551916	24552355	8.43e-61	237	al1_v2_s
AL5G13340	scaffold_6_RagTag	100	39	0	0	801	839	21517779	21517741	2.51e-11	73.1	al1_v2_s
AL5G13340	scaffold_6_RagTag	100	39	0	0	801	839	21634442	21634404	2.51e-11	73.1	al1_v2_s
AL5G13340	scaffold_6_RagTag	100	39	0	0	801	839	21738072	21738110	2.51e-11	73.1	al1_v2_s
AL5G13350	scaffold_5_RagTag	88.092	865	73	18	625	1475	1360399	1361247	0	1000	al1_v2_s
AL5G13350	scaffold_5_RagTag	82.312	865	113	24	599	1455	1337442	1338274	0	713	al1_v2_s
AL5G13350	scaffold_5_RagTag	80.12	669	90	25	670	1333	1362460	1363090	1.92e-127	459	al1_v2_s
AL5G13350	scaffold_5_RagTag	80.351	570	80	17	670	1238	1357910	1358448	9.1e-111	403	al1_v2_s
AL5G13350	scaffold_5_RagTag	77.62	706	109	32	670	1364	1385576	1386243	1.19e-104	383	al1_v2_s
AL5G13350	scaffold_6_RagTag	79.952	833	113	36	632	1450	5501566	5500774	3.95e-159	564	al1_v2_s
AL5G13350	scaffold_7_RagTag	80.423	756	106	27	667	1395	24551828	24552568	2.39e-151	538	al1_v2_s
AL5G13350	scaffold_7_RagTag	82.878	403	51	11	998	1390	24540951	24541345	1.56e-93	346	al1_v2_s
AL5G13350	scaffold_3_RagTag	73.668	657	128	28	677	1318	14530139	14530765	1.65e-53	213	al1_v2_s
AL5G13350	scaffold_3_RagTag	73.433	670	116	41	677	1318	14539557	14540192	5.96e-48	195	al1_v2_s
AL5G13350	scaffold_3_RagTag	72.968	566	116	25	674	1234	14533679	14534212	1.68e-38	163	al1_v2_s
AL5G13350	scaffold_4_RagTag	84	100	16	0	677	776	16363095	16363194	1.73e-18	97.1	al1_v2_s
AL6G22950	scaffold_6_RagTag	98.697	1228	14	1	1	1228	5500667	5501892	0	2178	al1_v2_s
AL6G22950	scaffold_6_RagTag	91.489	188	0	2	1226	1409	5504944	5505119	5.58e-63	244	al1_v2_s
AL6G22950	scaffold_5_RagTag	80.294	1294	185	43	101	1357	1338275	1337015	0	913	al1_v2_s
AL6G22950	scaffold_5_RagTag	80.14	1143	169	33	239	1357	1363070	1361962	0	800	al1_v2_s
AL6G22950	scaffold_5_RagTag	77.365	1078	198	36	310	1357	1358455	1357394	3.72e-169	597	al1_v2_s
AL6G22950	scaffold_5_RagTag	79.052	654	115	17	230	878	1386198	1385562	1.43e-118	429	al1_v2_s
AL6G22950	scaffold_5_RagTag	83.662	355	52	4	978	1332	1385549	1385201	1.5e-88	329	al1_v2_s
AL6G22950	scaffold_7_RagTag	82.955	440	56	14	182	610	24541326	24540895	1.47e-103	379	al1_v2_s
AL6G22950	scaffold_7_RagTag	81.871	342	48	7	239	573	24549943	24549609	1.98e-72	276	al1_v2_s
AL6G22950	scaffold_7_RagTag	84.524	252	28	6	246	490	24548869	24548622	2.59e-61	239	al1_v2_s
AL7G52550	scaffold_7_RagTag	98.214	1288	16	5	1	1283	24552729	24551444	0	2244	al1_v2_s
AL7G52550	scaffold_7_RagTag	92.857	462	32	1	995	1455	24540866	24540405	0	669	al1_v2_s
AL7G52550	scaffold_7_RagTag	86.593	634	48	16	1	630	24541495	24540895	0	665	al1_v2_s
AL7G52550	scaffold_7_RagTag	84.105	497	46	17	165	654	24550028	24549558	1.14e-124	449	al1_v2_s
AL7G52550	scaffold_7_RagTag	89.96	249	22	3	263	509	24548869	24548622	3.36e-85	318	al1_v2_s
AL7G52550	scaffold_7_RagTag	98.621	145	1	1	1312	1455	24551448	24551304	2.67e-66	255	al1_v2_s
AL7G52550	scaffold_7_RagTag	100	34	0	0	1022	1055	24540897	24540864	1.74e-08	63.9	al1_v2_s
AL7G52550	scaffold_5_RagTag	81.581	1189	186	23	250	1428	1338153	1336988	0	952	al1_v2_s
AL7G52550	scaffold_5_RagTag	78.83	1299	204	47	133	1398	1361202	1359942	0	809	al1_v2_s
AL7G52550	scaffold_5_RagTag	78.723	1175	175	51	267	1423	1363059	1361942	0	715	al1_v2_s
AL7G52550	scaffold_5_RagTag	76.636	1100	194	42	345	1420	1358437	1357377	1.09e-154	549	al1_v2_s
AL7G52550	scaffold_5_RagTag	74.848	656	118	28	250	895	1386195	1385577	9.61e-66	254	al1_v2_s
AL7G52550	scaffold_6_RagTag	79.615	1040	170	28	241	1272	5500887	5501892	0	708	al1_v2_s
AL7G52550	scaffold_3_RagTag	73.901	728	123	42	191	889	14540246	14539557	1.62e-58	230	al1_v2_s
AL7G52550	scaffold_3_RagTag	75.962	416	74	15	191	593	14530819	14530417	7.64e-47	191	al1_v2_s
AL7G52550	scaffold_3_RagTag	71.683	731	140	43	191	892	14534371	14533679	7.8e-32	141	al1_v2_s
AL7G52570	scaffold_7_RagTag	90.7	1129	79	17	60	1167	24552572	24551449	0	1480	al1_v2_s
AL7G52570	scaffold_7_RagTag	99.579	475	2	0	45	519	24541369	24540895	0	867	al1_v2_s
AL7G52570	scaffold_7_RagTag	97.899	476	10	0	884	1359	24540866	24540391	0	824	al1_v2_s
AL7G52570	scaffold_7_RagTag	84.049	489	46	17	69	543	24550028	24549558	1.78e-122	442	al1_v2_s
AL7G52570	scaffold_7_RagTag	91.165	249	20	2	152	399	24548869	24548622	8.62e-91	337	al1_v2_s
AL7G52570	scaffold_7_RagTag	94.268	157	9	0	1201	1357	24551448	24551292	6.95e-62	241	al1_v2_s
AL7G52570	scaffold_7_RagTag	100	34	0	0	911	944	24540897	24540864	1.62e-08	63.9	al1_v2_s
AL7G52570	scaffold_5_RagTag	81.149	1236	193	27	95	1317	1338197	1336989	0	955	al1_v2_s
AL7G52570	scaffold_5_RagTag	78.837	1238	223	29	71	1287	1361161	1359942	0	798	al1_v2_s
AL7G52570	scaffold_6_RagTag	79.631	1085	172	34	88	1161	5500846	5501892	0	734	al1_v2_s
AL5G13330	scaffold_5_RagTag	98.469	1241	16	2	1	1238	1420157	1421397	0	2183	AL27_v1
AL5G13330	scaffold_5_RagTag	81.42	1211	179	31	20	1216	1411158	1412336	0	948	AL27_v1
AL5G13330	scaffold_5_RagTag	79.713	1114	170	35	60	1157	1431591	1432664	0	754	AL27_v1
AL5G13330	scaffold_5_RagTag	79.833	1076	166	27	21	1075	1417624	1418669	0	737	AL27_v1
AL5G13330	scaffold_5_RagTag	81.127	763	112	22	475	1224	1428523	1429266	8.22e-165	582	AL27_v1
AL5G13330	scaffold_5_RagTag	75.932	644	116	23	530	1163	1438570	1439184	4.32e-78	294	AL27_v1
AL5G13330	scaffold_5_RagTag	78.647	473	68	19	608	1075	1424882	1425326	9.34e-75	283	AL27_v1
AL5G13330	scaffold_7_RagTag	79.119	1226	209	34	21	1224	23321202	23322402	0	802	AL27_v1
AL5G13330	scaffold_7_RagTag	79.397	1160	198	36	21	1155	23326437	23327580	0	780	AL27_v1
AL5G13330	scaffold_7_RagTag	80.685	321	48	11	855	1167	23324719	23325033	7.38e-61	237	AL27_v1
AL5G13330	scaffold_6_RagTag	78.995	1214	203	32	21	1223	4835343	4834171	0	782	AL27_v1
AL5G13330	scaffold_1_RagTag	78.376	1170	202	38	21	1166	8673443	8672301	0	712	AL27_v1
AL5G13330	scaffold_3_RagTag	72.551	1235	243	61	21	1216	13357956	13359133	3.31e-84	315	AL27_v1
AL5G13330	scaffold_3_RagTag	73.865	815	157	40	293	1079	13380956	13381742	5.62e-72	274	AL27_v1
AL5G13340	scaffold_5_RagTag	99.529	1275	5	1	1	1275	1424046	1425319	0	2320	AL27_v1
AL5G13340	scaffold_5_RagTag	75.589	1061	184	48	235	1269	1411183	1412194	1.93e-126	455	AL27_v1
AL5G13340	scaffold_5_RagTag	82.018	545	87	6	250	792	1431591	1432126	6.93e-126	453	AL27_v1
AL5G13350	scaffold_5_RagTag	94.441	1475	76	5	1	1474	1427899	1429368	0	2265	AL27_v1
AL5G13350	scaffold_5_RagTag	82.312	865	113	24	599	1455	1411581	1412413	0	713	AL27_v1
AL5G13350	scaffold_5_RagTag	83.088	816	98	28	625	1418	1420634	1421431	0	706	AL27_v1
AL5G13350	scaffold_5_RagTag	80.056	717	95	25	603	1313	1431990	1432664	2.21e-136	488	AL27_v1
AL5G13350	scaffold_5_RagTag	80.877	570	77	17	670	1238	1418135	1418673	8.16e-116	420	AL27_v1
AL5G13350	scaffold_5_RagTag	76.803	707	115	31	670	1364	1438563	1439232	3.02e-95	351	AL27_v1
AL5G13350	scaffold_5_RagTag	79.475	419	58	15	833	1247	1424945	1425339	2.42e-71	272	AL27_v1
AL5G13350	scaffold_6_RagTag	79.712	833	115	36	632	1450	4834891	4834099	7.71e-156	553	AL27_v1
AL5G13350	scaffold_7_RagTag	80.244	739	112	24	667	1390	23321701	23322420	1.68e-147	525	AL27_v1
AL5G13350	scaffold_7_RagTag	81.481	648	94	21	667	1301	23326936	23327570	1.69e-142	508	AL27_v1
AL5G13350	scaffold_1_RagTag	78.55	662	108	32	671	1318	8672946	8672305	2.28e-111	405	AL27_v1
AL5G13350	scaffold_3_RagTag	73.516	657	129	28	677	1318	13358453	13359079	6.92e-52	207	AL27_v1
AL5G13350	scaffold_3_RagTag	74.386	570	98	32	677	1231	13381199	13381735	1.16e-49	200	AL27_v1
AL6G22950	scaffold_6_RagTag	98.376	1416	15	3	1	1410	4833992	4835405	0	2481	AL27_v1
AL6G22950	scaffold_5_RagTag	80.294	1294	186	42	101	1357	1412415	1411154	0	913	AL27_v1
AL6G22950	scaffold_5_RagTag	81.256	1099	161	26	238	1315	1432665	1431591	0	846	AL27_v1
AL6G22950	scaffold_5_RagTag	78.783	1216	203	35	182	1352	1421382	1420177	0	765	AL27_v1
AL6G22950	scaffold_5_RagTag	77.222	1080	196	36	310	1357	1418680	1417619	7.26e-166	586	AL27_v1
AL6G22950	scaffold_5_RagTag	78.788	825	124	35	118	905	1429337	1428527	5.82e-142	507	AL27_v1
AL6G22950	scaffold_5_RagTag	81.232	357	50	9	978	1332	1438536	1438195	2.31e-71	272	AL27_v1
AL6G22950	scaffold_7_RagTag	80.51	1216	186	34	182	1357	23322401	23321197	0	885	AL27_v1
AL6G22950	scaffold_7_RagTag	80.433	1155	182	29	241	1357	23327580	23326432	0	841	AL27_v1
AL6G22950	scaffold_7_RagTag	80.618	356	50	11	239	587	23325024	23324681	6.47e-67	257	AL27_v1
AL6G22950	scaffold_1_RagTag	78.186	1169	206	34	223	1357	8672295	8673448	0	701	AL27_v1
AL7G52550	scaffold_7_RagTag	94.697	1471	57	6	1	1455	23327844	23326379	0	2265	AL27_v1
AL7G52550	scaffold_7_RagTag	90.834	1462	96	17	1	1455	23322574	23321144	0	1923	AL27_v1
AL7G52550	scaffold_7_RagTag	83.669	496	45	16	165	654	23325109	23324644	2.89e-120	435	AL27_v1
AL7G52550	scaffold_7_RagTag	90.361	249	21	3	263	509	23323955	23323708	6.52e-87	324	AL27_v1
AL7G52550	scaffold_1_RagTag	88.725	1286	130	9	168	1450	8672222	8673495	0	1557	AL27_v1
AL7G52550	scaffold_5_RagTag	81.581	1189	186	23	250	1428	1412292	1411127	0	952	AL27_v1
AL7G52550	scaffold_5_RagTag	79.554	1257	203	42	165	1398	1421402	1420177	0	848	AL27_v1
AL7G52550	scaffold_5_RagTag	79.494	1107	171	39	267	1360	1432653	1431590	0	736	AL27_v1
AL7G52550	scaffold_5_RagTag	76.909	1100	191	41	345	1420	1418662	1417602	9.81e-160	566	AL27_v1
AL7G52550	scaffold_5_RagTag	79.095	751	121	24	159	899	1429289	1428565	2.83e-135	484	AL27_v1
AL7G52550	scaffold_5_RagTag	75.076	658	115	28	250	895	1439184	1438564	5.18e-68	261	AL27_v1
AL7G52550	scaffold_5_RagTag	77.652	443	70	20	372	811	1425298	1424882	1.88e-62	243	AL27_v1
AL7G52550	scaffold_6_RagTag	80.171	1170	190	27	241	1402	4834212	4835347	0	837	AL27_v1
AL7G52550	scaffold_3_RagTag	74.003	727	124	43	191	889	13381888	13381199	3.14e-60	235	AL27_v1
AL7G52550	scaffold_3_RagTag	76.683	416	71	15	191	593	13359133	13358731	6.85e-52	207	AL27_v1
AL7G52550	scaffold_3_RagTag	78.808	151	29	3	1212	1359	13375961	13375811	4.3e-19	99	AL27_v1
AL7G52570	scaffold_7_RagTag	98.403	1315	21	0	45	1359	23322444	23321130	0	2313	AL27_v1
AL7G52570	scaffold_7_RagTag	90.537	1321	99	13	59	1357	23327683	23326367	0	1724	AL27_v1
AL7G52570	scaffold_7_RagTag	83.607	488	45	19	69	543	23325109	23324644	1.61e-117	425	AL27_v1
AL7G52570	scaffold_7_RagTag	91.165	249	20	2	152	399	23323955	23323708	7.78e-91	337	AL27_v1
AL7G52570	scaffold_1_RagTag	86.538	1300	141	12	72	1351	8672222	8673507	0	1400	AL27_v1
AL7G52570	scaffold_5_RagTag	81.149	1236	193	27	95	1317	1412336	1411128	0	955	AL27_v1
AL7G52570	scaffold_5_RagTag	78.766	1248	214	35	69	1287	1421402	1420177	0	789	AL27_v1
AL7G52570	scaffold_5_RagTag	78.63	730	136	16	69	788	1429284	1428565	9.51e-130	466	AL27_v1
AL7G52570	scaffold_5_RagTag	81.163	430	73	7	907	1334	1428377	1427954	2.16e-91	339	AL27_v1
AL7G52570	scaffold_5_RagTag	76.23	488	79	21	217	700	1425336	1424882	6.32e-57	224	AL27_v1
AL7G52570	scaffold_6_RagTag	80.263	1216	191	33	88	1292	4834171	4835348	0	870	AL27_v1
AL5G13330	scaffold_5	96.432	1205	35	3	37	1238	1363491	1364690	0	1980	ALR.ragtag.scaffold_chr_15_1_24.masked
AL5G13330	scaffold_5	81.255	1211	181	31	20	1216	1357962	1359140	0	937	ALR.ragtag.scaffold_chr_15_1_24.masked
AL5G13330	scaffold_5	79.36	1250	208	40	21	1238	10472412	10471181	0	833	ALR.ragtag.scaffold_chr_15_1_24.masked
AL5G13330	scaffold_5	79.364	1226	206	34	21	1224	10478171	10476971	0	819	ALR.ragtag.scaffold_chr_15_1_24.masked
AL5G13330	scaffold_5	79.59	1171	198	36	21	1166	10468074	10466920	0	800	ALR.ragtag.scaffold_chr_15_1_24.masked
AL5G13330	scaffold_5	79.907	1075	151	38	21	1073	1368589	1367558	0	728	ALR.ragtag.scaffold_chr_15_1_24.masked
AL5G13330	scaffold_5	79.406	1078	167	31	21	1075	1361581	1362626	0	710	ALR.ragtag.scaffold_chr_15_1_24.masked
AL5G13330	scaffold_5	78.905	1114	168	40	60	1157	1374324	1375386	0	693	ALR.ragtag.scaffold_chr_15_1_24.masked
AL5G13330	scaffold_5	78.597	1112	190	36	134	1224	10498466	10497382	0	691	ALR.ragtag.scaffold_chr_15_1_24.masked
AL5G13330	scaffold_5	83.139	771	94	20	475	1224	1372638	1373393	0	671	ALR.ragtag.scaffold_chr_15_1_24.masked
AL5G13330	scaffold_5	77.868	741	123	28	458	1173	10497002	10496278	2.04e-116	422	ALR.ragtag.scaffold_chr_15_1_24.masked
AL5G13330	scaffold_5	82.996	247	31	8	912	1151	10475571	10475329	1.34e-53	213	ALR.ragtag.scaffold_chr_15_1_24.masked
AL5G13330	scaffold_5	82.283	254	34	8	921	1167	10474515	10474266	1.73e-52	209	ALR.ragtag.scaffold_chr_15_1_24.masked
AL5G13330	scaffold_6	78.913	1214	204	32	21	1223	6464911	6463739	0	776	ALR.ragtag.scaffold_chr_15_1_24.masked
AL5G13330	scaffold_1	78.32	1167	202	38	21	1163	10844786	10845925	0	706	ALR.ragtag.scaffold_chr_15_1_24.masked
AL5G13330	scaffold_3	72.551	1235	243	61	21	1216	8081506	8082683	3.57e-84	315	ALR.ragtag.scaffold_chr_15_1_24.masked
AL5G13330	scaffold_3	73.988	815	156	40	293	1079	8087707	8088493	1.3e-73	279	ALR.ragtag.scaffold_chr_15_1_24.masked
AL5G13340	scaffold_5	82.202	545	86	6	250	792	1374324	1374859	1.61e-127	459	ALR.ragtag.scaffold_chr_15_1_24.masked
AL5G13340	scaffold_5	75.495	1061	185	50	235	1269	1357987	1358998	9.66e-125	449	ALR.ragtag.scaffold_chr_15_1_24.masked
AL5G13340	scaffold_5	78.492	451	64	20	838	1269	1368005	1367569	3.76e-69	265	ALR.ragtag.scaffold_chr_15_1_24.masked
AL5G13340	scaffold_5	77.007	461	74	23	838	1269	10471825	10471368	2.95e-60	235	ALR.ragtag.scaffold_chr_15_1_24.masked
AL5G13340	scaffold_5	77.252	444	70	19	838	1254	10477584	10477145	3.81e-59	231	ALR.ragtag.scaffold_chr_15_1_24.masked
AL5G13340	scaffold_5	78.316	392	57	16	902	1269	1372847	1373234	4.93e-58	228	ALR.ragtag.scaffold_chr_15_1_24.masked
AL5G13340	scaffold_5	75.817	459	76	24	330	782	10498459	10498030	1.07e-49	200	ALR.ragtag.scaffold_chr_15_1_24.masked
AL5G13340	scaffold_4	100	39	0	0	801	839	26027848	26027810	2.44e-11	73.1	ALR.ragtag.scaffold_chr_15_1_24.masked
AL5G13350	scaffold_5	95.55	1483	57	5	1	1474	1372014	1373496	0	2364	ALR.ragtag.scaffold_chr_15_1_24.masked
AL5G13350	scaffold_5	82.197	865	114	24	599	1455	1358385	1359217	0	708	ALR.ragtag.scaffold_chr_15_1_24.masked
AL5G13350	scaffold_5	83.206	786	95	24	625	1390	1363927	1364695	0	686	ALR.ragtag.scaffold_chr_15_1_24.masked
AL5G13350	scaffold_5	80.244	739	112	24	667	1390	10477672	10476953	1.81e-147	525	ALR.ragtag.scaffold_chr_15_1_24.masked
AL5G13350	scaffold_5	80.132	755	106	30	667	1392	10471913	10471174	6.51e-147	523	ALR.ragtag.scaffold_chr_15_1_24.masked
AL5G13350	scaffold_5	81.51	649	92	22	667	1301	10467575	10466941	1.82e-142	508	ALR.ragtag.scaffold_chr_15_1_24.masked
AL5G13350	scaffold_5	78.441	821	127	33	603	1395	10498156	10497358	6.6e-137	490	ALR.ragtag.scaffold_chr_15_1_24.masked
AL5G13350	scaffold_5	79.191	692	87	28	627	1313	1374747	1375386	5.25e-118	427	ALR.ragtag.scaffold_chr_15_1_24.masked
AL5G13350	scaffold_5	80.877	570	77	16	670	1238	1362092	1362630	8.78e-116	420	ALR.ragtag.scaffold_chr_15_1_24.masked
AL5G13350	scaffold_5	78.507	670	107	23	670	1318	10496940	10496287	2.46e-111	405	ALR.ragtag.scaffold_chr_15_1_24.masked
AL5G13350	scaffold_5	79.795	584	83	18	664	1244	1368097	1367546	1.91e-107	392	ALR.ragtag.scaffold_chr_15_1_24.masked
AL5G13350	scaffold_5	76.945	707	110	35	670	1364	1380276	1380941	9.04e-96	353	ALR.ragtag.scaffold_chr_15_1_24.masked
AL5G13350	scaffold_5	80.909	440	76	7	56	489	10478218	10477781	7.03e-92	340	ALR.ragtag.scaffold_chr_15_1_24.masked
AL5G13350	scaffold_6	80.424	802	103	36	663	1450	6464428	6463667	1.38e-158	562	ALR.ragtag.scaffold_chr_15_1_24.masked
AL5G13350	scaffold_1	78.55	662	108	32	671	1318	10845283	10845924	2.46e-111	405	ALR.ragtag.scaffold_chr_15_1_24.masked
AL5G13350	scaffold_3	73.881	670	113	41	677	1318	8087950	8088585	5.75e-53	211	ALR.ragtag.scaffold_chr_15_1_24.masked
AL5G13350	scaffold_3	73.516	657	129	28	677	1318	8082003	8082629	7.44e-52	207	ALR.ragtag.scaffold_chr_15_1_24.masked
AL6G22950	scaffold_6	98.164	1416	18	3	1	1410	6463560	6464973	0	2464	ALR.ragtag.scaffold_chr_15_1_24.masked
AL6G22950	scaffold_5	80.108	1292	192	38	101	1357	1359219	1357958	0	902	ALR.ragtag.scaffold_chr_15_1_24.masked
AL6G22950	scaffold_5	80.725	1214	187	32	182	1357	10476972	10478176	0	902	ALR.ragtag.scaffold_chr_15_1_24.masked
AL6G22950	scaffold_5	80.444	1171	188	28	223	1357	10471252	10472417	0	856	ALR.ragtag.scaffold_chr_15_1_24.masked
AL6G22950	scaffold_5	80.589	1154	182	27	241	1357	10466931	10468079	0	852	ALR.ragtag.scaffold_chr_15_1_24.masked
AL6G22950	scaffold_5	80.437	1099	159	32	238	1315	1375387	1374324	0	787	ALR.ragtag.scaffold_chr_15_1_24.masked
AL6G22950	scaffold_5	79.519	1040	181	25	223	1241	10497440	10498468	0	712	ALR.ragtag.scaffold_chr_15_1_24.masked
AL6G22950	scaffold_5	78.399	1074	188	30	307	1357	1367542	1368594	0	658	ALR.ragtag.scaffold_chr_15_1_24.masked
AL6G22950	scaffold_5	77.273	1078	199	32	310	1357	1362637	1361576	1.68e-167	592	ALR.ragtag.scaffold_chr_15_1_24.masked
AL6G22950	scaffold_5	79.157	830	125	33	118	905	1373465	1372642	3.72e-149	531	ALR.ragtag.scaffold_chr_15_1_24.masked
AL6G22950	scaffold_5	79.789	663	97	20	232	864	10496285	10496940	3.85e-124	448	ALR.ragtag.scaffold_chr_15_1_24.masked
AL6G22950	scaffold_5	78.02	687	124	19	188	866	1380941	1380274	6.54e-112	407	ALR.ragtag.scaffold_chr_15_1_24.masked
AL6G22950	scaffold_5	82.913	357	52	7	978	1332	1380249	1379900	1.47e-83	313	ALR.ragtag.scaffold_chr_15_1_24.masked
AL6G22950	scaffold_5	85.317	252	26	6	246	490	10475330	10475577	1.17e-64	250	ALR.ragtag.scaffold_chr_15_1_24.masked
AL6G22950	scaffold_5	85.246	244	26	5	239	475	10474275	10474515	1.95e-62	243	ALR.ragtag.scaffold_chr_15_1_24.masked
AL6G22950	scaffold_1	78.16	1163	205	35	229	1357	10845928	10844781	0	695	ALR.ragtag.scaffold_chr_15_1_24.masked
AL7G52550	scaffold_5	94.874	1463	49	6	1	1455	10466688	10468132	0	2263	ALR.ragtag.scaffold_chr_15_1_24.masked
AL7G52550	scaffold_5	96.541	1301	35	3	162	1455	10471173	10472470	0	2145	ALR.ragtag.scaffold_chr_15_1_24.masked
AL7G52550	scaffold_5	90.941	1424	91	18	38	1455	10476838	10478229	0	1881	ALR.ragtag.scaffold_chr_15_1_24.masked
AL7G52550	scaffold_5	91.95	1292	78	12	1	1285	10497194	10498466	0	1786	ALR.ragtag.scaffold_chr_15_1_24.masked
AL7G52550	scaffold_5	81.413	1189	188	23	250	1428	1359096	1357931	0	941	ALR.ragtag.scaffold_chr_15_1_24.masked
AL7G52550	scaffold_5	78.577	1237	206	42	165	1378	1364695	1363495	0	761	ALR.ragtag.scaffold_chr_15_1_24.masked
AL7G52550	scaffold_5	85.092	758	97	10	223	968	10496259	10497012	0	760	ALR.ragtag.scaffold_chr_15_1_24.masked
AL7G52550	scaffold_5	78.843	1106	169	43	267	1360	1375375	1374323	0	686	ALR.ragtag.scaffold_chr_15_1_24.masked
AL7G52550	scaffold_5	77.128	1128	192	43	345	1445	1362619	1361531	4.84e-168	593	ALR.ragtag.scaffold_chr_15_1_24.masked
AL7G52550	scaffold_5	76.424	1141	199	43	328	1446	1367546	1368638	8.22e-156	553	ALR.ragtag.scaffold_chr_15_1_24.masked
AL7G52550	scaffold_5	79.373	766	105	34	159	899	1373417	1372680	6.54e-137	490	ALR.ragtag.scaffold_chr_15_1_24.masked
AL7G52550	scaffold_5	86.31	336	31	11	165	495	10474190	10474515	3.22e-95	351	ALR.ragtag.scaffold_chr_15_1_24.masked
AL7G52550	scaffold_5	90.763	249	20	3	263	509	10475330	10475577	1.51e-88	329	ALR.ragtag.scaffold_chr_15_1_24.masked
AL7G52550	scaffold_5	89.247	186	15	3	1271	1455	10503733	10503914	5.66e-58	228	ALR.ragtag.scaffold_chr_15_1_24.masked
AL7G52550	scaffold_5	92.357	157	2	6	1	153	10469122	10469272	4.41e-54	215	ALR.ragtag.scaffold_chr_15_1_24.masked
AL7G52550	scaffold_5	80	160	28	4	1241	1398	1367344	1367187	4.6e-24	115	ALR.ragtag.scaffold_chr_15_1_24.masked
AL7G52550	scaffold_5	92.857	42	2	1	167	207	10496161	10496202	2.18e-07	60.2	ALR.ragtag.scaffold_chr_15_1_24.masked
AL7G52550	scaffold_1	88.647	1286	131	9	168	1450	10846007	10844734	0	1552	ALR.ragtag.scaffold_chr_15_1_24.masked
AL7G52550	scaffold_6	80.085	1170	191	27	241	1402	6463780	6464915	0	832	ALR.ragtag.scaffold_chr_15_1_24.masked
AL7G52550	scaffold_3	74.038	728	122	42	191	889	8088639	8087950	3.38e-60	235	ALR.ragtag.scaffold_chr_15_1_24.masked
AL7G52550	scaffold_3	76.683	416	71	15	191	593	8082683	8082281	7.37e-52	207	ALR.ragtag.scaffold_chr_15_1_24.masked
AL7G52570	scaffold_5	97.944	1313	27	0	45	1357	10476929	10478241	0	2276	ALR.ragtag.scaffold_chr_15_1_24.masked
AL7G52570	scaffold_5	91.331	1315	86	15	66	1357	10471173	10472482	0	1772	ALR.ragtag.scaffold_chr_15_1_24.masked
AL7G52570	scaffold_5	90.487	1335	100	14	45	1357	10466815	10468144	0	1736	ALR.ragtag.scaffold_chr_15_1_24.masked
AL7G52570	scaffold_5	88.526	1133	97	12	57	1174	10497352	10498466	0	1341	ALR.ragtag.scaffold_chr_15_1_24.masked
AL7G52570	scaffold_5	80.987	1236	195	27	95	1317	1359140	1357932	0	944	ALR.ragtag.scaffold_chr_15_1_24.masked
AL7G52570	scaffold_5	84.441	752	103	7	121	861	10496268	10497016	0	728	ALR.ragtag.scaffold_chr_15_1_24.masked
AL7G52570	scaffold_5	78.084	1232	206	43	69	1267	1364695	1363495	0	721	ALR.ragtag.scaffold_chr_15_1_24.masked
AL7G52570	scaffold_5	79.133	738	120	24	74	788	1373406	1372680	1.32e-133	479	ALR.ragtag.scaffold_chr_15_1_24.masked
AL7G52570	scaffold_5	87.538	329	25	12	69	384	10474190	10474515	1.07e-99	366	ALR.ragtag.scaffold_chr_15_1_24.masked
AL7G52570	scaffold_5	92.181	243	17	2	152	393	10475330	10475571	1.8e-92	342	ALR.ragtag.scaffold_chr_15_1_24.masked
AL7G52570	scaffold_5	80.543	442	74	10	897	1334	1372502	1372069	1.4e-88	329	ALR.ragtag.scaffold_chr_15_1_24.masked
AL7G52570	scaffold_5	100	30	0	0	82	111	10496173	10496202	2.63e-06	56.5	ALR.ragtag.scaffold_chr_15_1_24.masked
AL7G52570	scaffold_1	86.371	1306	144	12	72	1357	10846007	10844716	0	1395	ALR.ragtag.scaffold_chr_15_1_24.masked
AL7G52570	scaffold_6	80.263	1216	191	33	88	1292	6463739	6464916	0	870	ALR.ragtag.scaffold_chr_15_1_24.masked
AL5G13330	scaffold_5_RagTag	98.227	1241	19	2	1	1238	1532894	1534134	0	2167	BAM12_v2
AL5G13330	scaffold_5_RagTag	81.503	1211	178	31	20	1216	1498805	1499983	0	953	BAM12_v2
AL5G13330	scaffold_5_RagTag	79.963	1078	144	41	21	1073	1537478	1536448	0	728	BAM12_v2
AL5G13330	scaffold_5_RagTag	83.203	768	95	18	477	1224	1539782	1540535	0	673	BAM12_v2
AL5G13330	scaffold_5_RagTag	77.904	706	107	30	459	1146	1544816	1545490	4.57e-108	394	BAM12_v2
AL5G13330	scaffold_5_RagTag	75.975	641	112	27	533	1163	1565716	1566324	1.71e-77	292	BAM12_v2
AL5G13330	scaffold_7_RagTag	78.647	1227	213	36	21	1224	25203246	25204446	0	769	BAM12_v2
AL5G13330	scaffold_7_RagTag	78.363	1234	198	47	21	1224	25212274	25213468	0	736	BAM12_v2
AL5G13330	scaffold_7_RagTag	80.058	346	53	13	832	1167	25210518	25210857	1.75e-62	243	BAM12_v2
AL5G13330	scaffold_7_RagTag	82.591	247	32	8	912	1151	25209534	25209776	6.39e-52	207	BAM12_v2
AL5G13330	scaffold_1_RagTag	78.547	1170	200	38	21	1166	9266364	9265222	0	723	BAM12_v2
AL5G13330	scaffold_6_RagTag	79.372	732	112	24	501	1223	5192175	5191474	1.23e-133	479	BAM12_v2
AL5G13330	scaffold_3_RagTag	73.09	1178	229	56	21	1163	14343899	14345023	2.17e-91	339	BAM12_v2
AL5G13330	scaffold_3_RagTag	74.02	816	154	42	293	1079	14351777	14352563	1.33e-73	279	BAM12_v2
AL5G13330	scaffold_3_RagTag	72.332	1059	203	58	53	1081	14348788	14349786	1.05e-64	250	BAM12_v2
AL5G13340	scaffold_5_RagTag	75.589	1061	184	48	235	1269	1498830	1499841	2.13e-126	455	BAM12_v2
AL5G13340	scaffold_5_RagTag	78.626	393	54	17	902	1269	1539989	1540376	1.09e-59	233	BAM12_v2
AL5G13340	scaffold_5_RagTag	88.966	145	15	1	658	802	1544812	1544955	5.16e-43	178	BAM12_v2
AL5G13350	scaffold_5_RagTag	95.889	1484	51	6	1	1475	1539156	1540638	0	2394	BAM12_v2
AL5G13350	scaffold_5_RagTag	82.312	865	113	24	599	1455	1499228	1500060	0	713	BAM12_v2
AL5G13350	scaffold_5_RagTag	83.211	816	97	28	625	1418	1533371	1534168	0	712	BAM12_v2
AL5G13350	scaffold_5_RagTag	79.649	683	98	24	643	1314	1544850	1545502	8.88e-126	453	BAM12_v2
AL5G13350	scaffold_5_RagTag	79.322	590	74	24	664	1244	1536986	1536436	9.2e-101	370	BAM12_v2
AL5G13350	scaffold_5_RagTag	77.228	707	109	34	670	1364	1565706	1566372	1.19e-99	366	BAM12_v2
AL5G13350	scaffold_5_RagTag	90.826	109	10	0	670	778	1520245	1520353	1.69e-33	147	BAM12_v2
AL5G13350	scaffold_6_RagTag	80.299	802	104	36	663	1450	5192163	5191402	6.58e-157	556	BAM12_v2
AL5G13350	scaffold_7_RagTag	80.291	756	107	27	667	1395	25212752	25213492	1.11e-149	532	BAM12_v2
AL5G13350	scaffold_7_RagTag	79.838	739	115	24	667	1390	25203745	25204464	1.87e-142	508	BAM12_v2
AL5G13350	scaffold_1_RagTag	78.852	662	106	32	671	1318	9265867	9265226	1.16e-114	416	BAM12_v2
AL5G13350	scaffold_3_RagTag	73.86	658	125	31	677	1318	14344396	14345022	3.52e-55	219	BAM12_v2
AL5G13350	scaffold_3_RagTag	73.621	671	113	43	677	1318	14352020	14352655	1.28e-49	200	BAM12_v2
AL5G13350	scaffold_3_RagTag	73.274	565	116	24	674	1234	14349247	14349780	7.74e-42	174	BAM12_v2
AL6G22950	scaffold_6_RagTag	98.531	885	11	1	1	885	5191295	5192177	0	1561	BAM12_v2
AL6G22950	scaffold_6_RagTag	98.687	533	3	1	881	1409	5197090	5197622	0	942	BAM12_v2
AL6G22950	scaffold_5_RagTag	80.371	1294	184	43	101	1357	1500061	1498801	0	918	BAM12_v2
AL6G22950	scaffold_5_RagTag	78.818	1218	199	38	182	1352	1534119	1532914	0	765	BAM12_v2
AL6G22950	scaffold_5_RagTag	78.346	1076	184	37	307	1357	1536432	1537483	0	651	BAM12_v2
AL6G22950	scaffold_5_RagTag	79.499	839	122	34	108	905	1540613	1539784	2.92e-155	551	BAM12_v2
AL6G22950	scaffold_5_RagTag	81.25	704	97	22	239	925	1545501	1544816	8.18e-151	536	BAM12_v2
AL6G22950	scaffold_5_RagTag	83.553	304	47	1	960	1260	1544811	1544508	4.23e-74	281	BAM12_v2
AL6G22950	scaffold_5_RagTag	78.643	398	77	5	310	706	1528851	1528461	7.13e-67	257	BAM12_v2
AL6G22950	scaffold_5_RagTag	76.559	465	90	14	691	1144	1520415	1519959	9.29e-61	237	BAM12_v2
AL6G22950	scaffold_5_RagTag	88.824	170	15	4	1166	1332	1555806	1555638	2.62e-51	206	BAM12_v2
AL6G22950	scaffold_7_RagTag	80.099	1216	191	34	182	1357	25204445	25203241	0	857	BAM12_v2
AL6G22950	scaffold_7_RagTag	78.952	1164	182	34	229	1357	25213404	25212269	0	734	BAM12_v2
AL6G22950	scaffold_7_RagTag	81.871	342	48	7	239	573	25210848	25210514	1.97e-72	276	BAM12_v2
AL6G22950	scaffold_7_RagTag	84.921	252	27	6	246	490	25209775	25209528	5.55e-63	244	BAM12_v2
AL6G22950	scaffold_1_RagTag	78.235	1167	209	32	223	1357	9265216	9266369	0	706	BAM12_v2
AL7G52550	scaffold_7_RagTag	96.783	1461	18	7	1	1455	25213653	25212216	0	2410	BAM12_v2
AL7G52550	scaffold_7_RagTag	90.76	1461	97	18	1	1455	25204616	25203188	0	1916	BAM12_v2
AL7G52550	scaffold_7_RagTag	84.274	496	46	16	165	654	25210933	25210464	2.44e-126	455	BAM12_v2
AL7G52550	scaffold_7_RagTag	90.361	249	21	3	263	509	25209775	25209528	7.19e-87	324	BAM12_v2
AL7G52550	scaffold_1_RagTag	88.717	1294	131	9	160	1450	9265135	9266416	0	1567	BAM12_v2
AL7G52550	scaffold_5_RagTag	81.481	1188	189	21	250	1428	1499939	1498774	0	946	BAM12_v2
AL7G52550	scaffold_5_RagTag	79.236	1257	207	42	165	1398	1534139	1532914	0	826	BAM12_v2
AL7G52550	scaffold_5_RagTag	76.62	1142	192	42	328	1445	1536436	1537526	5.03e-158	560	BAM12_v2
AL7G52550	scaffold_5_RagTag	78.734	837	122	36	133	939	1540592	1539782	1.85e-142	508	BAM12_v2
AL7G52550	scaffold_5_RagTag	78.333	720	106	32	255	957	1545502	1544816	8.92e-116	420	BAM12_v2
AL7G52550	scaffold_5_RagTag	79.31	348	58	10	250	593	1566324	1565987	4.48e-59	231	BAM12_v2
AL7G52550	scaffold_5_RagTag	88.235	68	7	1	1244	1311	1536231	1536165	1.72e-13	80.5	BAM12_v2
AL7G52550	scaffold_6_RagTag	81.846	661	94	17	241	895	5191515	5192155	1.1e-149	532	BAM12_v2
AL7G52550	scaffold_3_RagTag	73.901	728	123	42	191	889	14352709	14352020	1.61e-58	230	BAM12_v2
AL7G52550	scaffold_3_RagTag	76.796	362	63	11	245	593	14345027	14344674	1.27e-44	183	BAM12_v2
AL7G52550	scaffold_3_RagTag	71.956	731	138	44	191	892	14349939	14349247	3.59e-35	152	BAM12_v2
AL7G52570	scaffold_7_RagTag	98.859	1315	15	0	45	1359	25204488	25203174	0	2346	BAM12_v2
AL7G52570	scaffold_7_RagTag	89.53	1318	93	21	60	1357	25213496	25212204	0	1628	BAM12_v2
AL7G52570	scaffold_7_RagTag	84.221	488	46	16	69	543	25210933	25210464	1.37e-123	446	BAM12_v2
AL7G52570	scaffold_7_RagTag	91.566	249	19	2	152	399	25209775	25209528	1.85e-92	342	BAM12_v2
AL7G52570	scaffold_1_RagTag	86.636	1302	140	12	70	1351	9265141	9266428	0	1410	BAM12_v2
AL7G52570	scaffold_5_RagTag	81.134	1235	195	25	95	1317	1499983	1498775	0	955	BAM12_v2
AL7G52570	scaffold_5_RagTag	78.446	1248	218	35	69	1287	1534139	1532914	0	767	BAM12_v2
AL7G52570	scaffold_5_RagTag	79.167	744	119	22	69	788	1540553	1539822	1.04e-134	483	BAM12_v2
AL7G52570	scaffold_5_RagTag	76.88	718	120	28	144	846	1545502	1544816	3.94e-99	364	BAM12_v2
AL7G52570	scaffold_6_RagTag	81.418	705	100	21	88	784	5191474	5192155	3.64e-154	547	BAM12_v2
AL5G13330	scaffold_5_RagTag:0-21731985	81.338	1211	180	31	20	1216	1290064	1291242	0	942	BOR_v1
AL5G13330	scaffold_5_RagTag:0-21731985	79.623	1114	171	35	60	1157	1304514	1305587	0	749	BOR_v1
AL5G13330	scaffold_5_RagTag:0-21731985	79.907	1075	150	38	21	1073	1298773	1297743	0	728	BOR_v1
AL5G13330	scaffold_5_RagTag:0-21731985	79.573	1077	167	31	21	1075	1293682	1294727	0	721	BOR_v1
AL5G13330	scaffold_5_RagTag:0-21731985	83.009	771	95	20	475	1224	1302809	1303564	0	665	BOR_v1
AL5G13330	scaffold_5_RagTag:0-21731985	75.776	644	116	25	530	1163	1310863	1311476	2.03e-76	289	BOR_v1
AL5G13330	scaffold_7_RagTag:0-26551907	79.44	1250	207	40	21	1238	23440623	23441854	0	839	BOR_v1
AL5G13330	scaffold_7_RagTag:0-26551907	79.282	1226	207	34	21	1224	23434914	23436114	0	813	BOR_v1
AL5G13330	scaffold_7_RagTag:0-26551907	79.709	1168	196	36	21	1163	23444970	23446121	0	806	BOR_v1
AL5G13330	scaffold_7_RagTag:0-26551907	79.02	1225	209	36	21	1224	23423217	23424414	0	795	BOR_v1
AL5G13330	scaffold_7_RagTag:0-26551907	77.747	728	123	26	458	1160	23424794	23425507	4.16e-113	411	BOR_v1
AL5G13330	scaffold_7_RagTag:0-26551907	82.996	247	31	8	912	1151	23437461	23437703	1.26e-53	213	BOR_v1
AL5G13330	scaffold_7_RagTag:0-26551907	81.89	254	35	8	921	1167	23438517	23438766	7.57e-51	204	BOR_v1
AL5G13330	scaffold_6_RagTag:0-24760478	79.325	1214	199	32	21	1223	5021462	5020290	0	804	BOR_v1
AL5G13330	scaffold_1_RagTag:0-28294041	78.547	1170	200	38	21	1166	8730862	8729720	0	723	BOR_v1
AL5G13330	scaffold_3_RagTag:0-24937921	72.609	1234	244	60	21	1216	13055467	13056644	7.21e-86	320	BOR_v1
AL5G13340	scaffold_5_RagTag:0-21731985	82.018	545	87	6	250	792	1304514	1305049	7.02e-126	453	BOR_v1
AL5G13340	scaffold_5_RagTag:0-21731985	75.495	1061	185	48	235	1269	1290089	1291100	9.08e-125	449	BOR_v1
AL5G13340	scaffold_5_RagTag:0-21731985	78.271	451	65	20	838	1269	1298190	1297754	1.64e-67	259	BOR_v1
AL5G13340	scaffold_5_RagTag:0-21731985	78.316	392	57	16	902	1269	1303018	1303405	4.63e-58	228	BOR_v1
AL5G13340	scaffold_7_RagTag:0-26551907	76.923	559	93	25	231	782	23423237	23423766	2.71e-75	285	BOR_v1
AL5G13340	scaffold_7_RagTag:0-26551907	77.44	461	72	23	838	1269	23441210	23441667	1.28e-63	246	BOR_v1
AL5G13340	scaffold_7_RagTag:0-26551907	77.252	444	70	19	838	1254	23435501	23435940	3.58e-59	231	BOR_v1
AL5G13350	scaffold_5_RagTag:0-21731985	95.617	1483	56	5	1	1474	1302185	1303667	0	2370	BOR_v1
AL5G13350	scaffold_5_RagTag:0-21731985	82.197	865	114	24	599	1455	1290487	1291319	0	708	BOR_v1
AL5G13350	scaffold_5_RagTag:0-21731985	79.916	717	96	25	603	1313	1304913	1305587	1.04e-134	483	BOR_v1
AL5G13350	scaffold_5_RagTag:0-21731985	80.877	570	77	16	670	1238	1294193	1294731	8.26e-116	420	BOR_v1
AL5G13350	scaffold_5_RagTag:0-21731985	79.452	584	85	18	664	1244	1298282	1297731	3.9e-104	381	BOR_v1
AL5G13350	scaffold_5_RagTag:0-21731985	76.803	707	114	32	670	1364	1310856	1311524	3.06e-95	351	BOR_v1
AL5G13350	scaffold_6_RagTag:0-24760478	79.952	833	113	36	632	1450	5021010	5020218	3.61e-159	564	BOR_v1
AL5G13350	scaffold_7_RagTag:0-26551907	80.265	755	105	30	667	1392	23441122	23441861	1.32e-148	529	BOR_v1
AL5G13350	scaffold_7_RagTag:0-26551907	80.244	739	112	24	667	1390	23435413	23436132	1.7e-147	525	BOR_v1
AL5G13350	scaffold_7_RagTag:0-26551907	81.636	648	93	21	667	1301	23445469	23446103	3.68e-144	514	BOR_v1
AL5G13350	scaffold_7_RagTag:0-26551907	78.441	821	127	34	603	1395	23423640	23424438	6.21e-137	490	BOR_v1
AL5G13350	scaffold_7_RagTag:0-26551907	78.681	652	104	21	670	1301	23424856	23425492	2.99e-110	401	BOR_v1
AL5G13350	scaffold_7_RagTag:0-26551907	80.909	440	76	7	56	489	23434867	23435304	6.62e-92	340	BOR_v1
AL5G13350	scaffold_1_RagTag:0-28294041	78.701	662	107	32	671	1318	8730365	8729724	4.97e-113	411	BOR_v1
AL5G13350	scaffold_3_RagTag:0-24937921	73.435	655	129	28	677	1316	13055964	13056588	9.06e-51	204	BOR_v1
AL6G22950	scaffold_6_RagTag:0-24760478	98.654	1412	15	2	1	1410	5020111	5021520	0	2499	BOR_v1
AL6G22950	scaffold_5_RagTag:0-21731985	80.216	1294	186	43	101	1357	1291320	1290060	0	907	BOR_v1
AL6G22950	scaffold_5_RagTag:0-21731985	81.165	1099	162	26	238	1315	1305588	1304514	0	841	BOR_v1
AL6G22950	scaffold_5_RagTag:0-21731985	77.458	1078	197	31	310	1357	1294738	1293677	7.3e-171	603	BOR_v1
AL6G22950	scaffold_5_RagTag:0-21731985	79.157	830	125	32	118	905	1303636	1302813	3.49e-149	531	BOR_v1
AL6G22950	scaffold_5_RagTag:0-21731985	78.166	687	126	18	188	866	1311524	1310854	1.02e-114	416	BOR_v1
AL6G22950	scaffold_5_RagTag:0-21731985	83.099	355	54	4	978	1332	1310829	1310481	2.96e-85	318	BOR_v1
AL6G22950	scaffold_7_RagTag:0-26551907	80.56	1214	189	32	182	1357	23436113	23434909	0	891	BOR_v1
AL6G22950	scaffold_7_RagTag:0-26551907	80.687	1165	184	28	229	1357	23441777	23440618	0	867	BOR_v1
AL6G22950	scaffold_7_RagTag:0-26551907	80.763	1154	180	27	241	1357	23446113	23444965	0	863	BOR_v1
AL6G22950	scaffold_7_RagTag:0-26551907	80	1160	197	27	229	1365	23424350	23423203	0	824	BOR_v1
AL6G22950	scaffold_7_RagTag:0-26551907	79.969	654	94	19	241	864	23425502	23424856	3.62e-124	448	BOR_v1
AL6G22950	scaffold_7_RagTag:0-26551907	85.317	252	26	6	246	490	23437702	23437455	1.1e-64	250	BOR_v1
AL6G22950	scaffold_7_RagTag:0-26551907	84.836	244	27	5	239	475	23438757	23438517	8.53e-61	237	BOR_v1
AL6G22950	scaffold_1_RagTag:0-28294041	78.235	1167	209	30	223	1357	8729714	8730867	0	706	BOR_v1
AL7G52550	scaffold_7_RagTag:0-26551907	95.241	1471	51	5	1	1455	23446379	23444912	0	2311	BOR_v1
AL7G52550	scaffold_7_RagTag:0-26551907	96.618	1301	34	3	162	1455	23441862	23440565	0	2150	BOR_v1
AL7G52550	scaffold_7_RagTag:0-26551907	91.388	1463	95	15	1	1455	23424602	23423163	0	1975	BOR_v1
AL7G52550	scaffold_7_RagTag:0-26551907	90.935	1423	92	17	38	1455	23436246	23434856	0	1879	BOR_v1
AL7G52550	scaffold_7_RagTag:0-26551907	85.479	730	92	8	253	971	23425507	23424781	0	749	BOR_v1
AL7G52550	scaffold_7_RagTag:0-26551907	86.012	336	32	11	165	495	23438842	23438517	1.41e-93	346	BOR_v1
AL7G52550	scaffold_7_RagTag:0-26551907	90.763	249	20	3	263	509	23437702	23437455	1.42e-88	329	BOR_v1
AL7G52550	scaffold_7_RagTag:0-26551907	95.57	158	0	5	1	153	23443922	23443767	1.47e-63	246	BOR_v1
AL7G52550	scaffold_7_RagTag:0-26551907	92.857	42	2	1	167	207	23425635	23425594	2.05e-07	60.2	BOR_v1
AL7G52550	scaffold_1_RagTag:0-28294041	88.88	1286	128	9	168	1450	8729641	8730914	0	1568	BOR_v1
AL7G52550	scaffold_5_RagTag:0-21731985	81.497	1189	187	23	250	1428	1291198	1290033	0	946	BOR_v1
AL7G52550	scaffold_5_RagTag:0-21731985	79.494	1107	171	39	267	1360	1305576	1304513	0	736	BOR_v1
AL7G52550	scaffold_5_RagTag:0-21731985	77.216	1128	191	42	345	1445	1294720	1293632	9.79e-170	599	BOR_v1
AL7G52550	scaffold_5_RagTag:0-21731985	76.337	1141	199	43	328	1446	1297731	1298822	1.29e-153	545	BOR_v1
AL7G52550	scaffold_5_RagTag:0-21731985	79.373	766	105	34	159	899	1303588	1302851	6.15e-137	490	BOR_v1
AL7G52550	scaffold_5_RagTag:0-21731985	74.164	658	120	30	250	895	1311476	1310857	5.32e-58	228	BOR_v1
AL7G52550	scaffold_6_RagTag:0-24760478	80.342	1170	188	28	241	1402	5020331	5021466	0	848	BOR_v1
AL7G52550	scaffold_3_RagTag:0-24937921	76.077	418	70	16	191	593	13056644	13056242	6.98e-47	191	BOR_v1
AL7G52570	scaffold_7_RagTag:0-26551907	97.867	1313	28	0	45	1357	23436156	23434844	0	2270	BOR_v1
AL7G52570	scaffold_7_RagTag:0-26551907	91.54	1312	83	15	69	1357	23441859	23440553	0	1783	BOR_v1
AL7G52570	scaffold_7_RagTag:0-26551907	90.689	1321	97	13	59	1357	23446216	23444900	0	1735	BOR_v1
AL7G52570	scaffold_7_RagTag:0-26551907	88.485	1320	111	21	57	1359	23424444	23423149	0	1557	BOR_v1
AL7G52570	scaffold_7_RagTag:0-26551907	84.679	731	98	7	142	861	23425507	23424780	0	717	BOR_v1
AL7G52570	scaffold_7_RagTag:0-26551907	87.234	329	26	12	69	384	23438842	23438517	4.67e-98	361	BOR_v1
AL7G52570	scaffold_7_RagTag:0-26551907	91.566	249	19	2	152	399	23437702	23437455	1.69e-92	342	BOR_v1
AL7G52570	scaffold_7_RagTag:0-26551907	100	30	0	0	82	111	23425623	23425594	2.47e-06	56.5	BOR_v1
AL7G52570	scaffold_1_RagTag:0-28294041	86.692	1300	139	12	72	1351	8729641	8730926	0	1411	BOR_v1
AL7G52570	scaffold_5_RagTag:0-21731985	81.068	1236	194	27	95	1317	1291242	1290034	0	950	BOR_v1
AL7G52570	scaffold_5_RagTag:0-21731985	79.161	739	118	22	74	788	1303577	1302851	1.24e-133	479	BOR_v1
AL7G52570	scaffold_5_RagTag:0-21731985	80.543	442	74	10	897	1334	1302673	1302240	1.32e-88	329	BOR_v1
AL7G52570	scaffold_6_RagTag:0-24760478	80.345	1216	190	34	88	1292	5020290	5021467	0	876	BOR_v1
AL5G13330	scaffold_5_RagTag	98.388	1241	17	2	1	1238	1890542	1891782	0	2178	F1-14.ragtag.scaffold_chr
AL5G13330	scaffold_5_RagTag	81.42	1211	179	31	20	1216	1880986	1882164	0	948	F1-14.ragtag.scaffold_chr
AL5G13330	scaffold_5_RagTag	79.912	1135	172	35	39	1157	1907588	1908682	0	782	F1-14.ragtag.scaffold_chr
AL5G13330	scaffold_5_RagTag	80.241	1078	145	38	21	1073	1900484	1899450	0	749	F1-14.ragtag.scaffold_chr
AL5G13330	scaffold_5_RagTag	79.592	1078	165	37	21	1075	1887994	1889039	0	721	F1-14.ragtag.scaffold_chr
AL5G13330	scaffold_5_RagTag	81.316	760	112	20	477	1224	1904847	1905588	5.21e-167	590	F1-14.ragtag.scaffold_chr
AL5G13330	scaffold_5_RagTag	76.648	698	122	24	535	1222	1925265	1925931	3.46e-94	348	F1-14.ragtag.scaffold_chr
AL5G13330	scaffold_7_RagTag	79.44	1250	207	40	21	1238	25241053	25242284	0	839	F1-14.ragtag.scaffold_chr
AL5G13330	scaffold_7_RagTag	79.282	1226	207	34	21	1224	25235821	25237021	0	813	F1-14.ragtag.scaffold_chr
AL5G13330	scaffold_7_RagTag	79.265	1225	206	36	21	1224	25223438	25224635	0	811	F1-14.ragtag.scaffold_chr
AL5G13330	scaffold_7_RagTag	79.795	1168	195	36	21	1163	25250056	25251207	0	811	F1-14.ragtag.scaffold_chr
AL5G13330	scaffold_7_RagTag	77.747	728	123	26	458	1160	25225016	25225729	4.35e-113	411	F1-14.ragtag.scaffold_chr
AL5G13330	scaffold_7_RagTag	82.283	254	34	8	921	1167	25239425	25239674	1.7e-52	209	F1-14.ragtag.scaffold_chr
AL5G13330	scaffold_7_RagTag	82.591	247	32	8	912	1151	25238368	25238610	6.13e-52	207	F1-14.ragtag.scaffold_chr
AL5G13330	scaffold_6_RagTag	79.325	1214	199	32	21	1223	3296806	3295634	0	804	F1-14.ragtag.scaffold_chr
AL5G13330	scaffold_1_RagTag	80.503	636	108	11	21	651	10018184	10017560	5.47e-132	473	F1-14.ragtag.scaffold_chr
AL5G13330	scaffold_1_RagTag	77.12	507	86	25	677	1166	10017506	10017013	9.97e-70	267	F1-14.ragtag.scaffold_chr
AL5G13330	scaffold_3_RagTag	72.528	1234	245	59	21	1216	14145292	14146469	3.51e-84	315	F1-14.ragtag.scaffold_chr
AL5G13330	scaffold_3_RagTag	73.865	815	157	40	293	1079	14152152	14152938	5.96e-72	274	F1-14.ragtag.scaffold_chr
AL5G13330	scaffold_4_RagTag	87.755	98	11	1	532	629	16339891	16339987	1.37e-23	113	F1-14.ragtag.scaffold_chr
AL5G13340	scaffold_5_RagTag	82.478	565	89	5	230	792	1907588	1908144	7.25e-136	486	F1-14.ragtag.scaffold_chr
AL5G13340	scaffold_5_RagTag	75.589	1061	184	48	235	1269	1881011	1882022	2.04e-126	455	F1-14.ragtag.scaffold_chr
AL5G13340	scaffold_5_RagTag	78.271	451	65	20	838	1269	1899897	1899461	1.72e-67	259	F1-14.ragtag.scaffold_chr
AL5G13340	scaffold_7_RagTag	76.923	559	93	25	231	782	25223458	25223987	2.84e-75	285	F1-14.ragtag.scaffold_chr
AL5G13340	scaffold_7_RagTag	77.44	461	72	23	838	1269	25241640	25242097	1.34e-63	246	F1-14.ragtag.scaffold_chr
AL5G13340	scaffold_7_RagTag	77.252	444	70	19	838	1254	25236408	25236847	3.75e-59	231	F1-14.ragtag.scaffold_chr
AL5G13350	scaffold_5_RagTag	94.854	1477	69	6	2	1475	1904220	1905692	0	2300	F1-14.ragtag.scaffold_chr
AL5G13350	scaffold_5_RagTag	82.225	872	115	24	599	1462	1881409	1882248	0	715	F1-14.ragtag.scaffold_chr
AL5G13350	scaffold_5_RagTag	82.966	816	99	28	625	1418	1891019	1891816	0	701	F1-14.ragtag.scaffold_chr
AL5G13350	scaffold_5_RagTag	80.491	692	89	23	627	1313	1908032	1908682	2.34e-136	488	F1-14.ragtag.scaffold_chr
AL5G13350	scaffold_5_RagTag	80.877	570	77	16	670	1238	1888505	1889043	8.64e-116	420	F1-14.ragtag.scaffold_chr
AL5G13350	scaffold_5_RagTag	79.623	584	84	18	664	1244	1899989	1899438	8.77e-106	387	F1-14.ragtag.scaffold_chr
AL5G13350	scaffold_5_RagTag	76.808	733	104	47	674	1384	1925257	1925945	3.2e-95	351	F1-14.ragtag.scaffold_chr
AL5G13350	scaffold_6_RagTag	79.952	833	113	36	632	1450	3296354	3295562	3.77e-159	564	F1-14.ragtag.scaffold_chr
AL5G13350	scaffold_7_RagTag	80.397	755	104	30	667	1392	25241552	25242291	2.96e-150	534	F1-14.ragtag.scaffold_chr
AL5G13350	scaffold_7_RagTag	80.108	739	113	24	667	1390	25236320	25237039	8.28e-146	520	F1-14.ragtag.scaffold_chr
AL5G13350	scaffold_7_RagTag	81.636	648	93	21	667	1301	25250555	25251189	3.85e-144	514	F1-14.ragtag.scaffold_chr
AL5G13350	scaffold_7_RagTag	78.537	820	128	32	603	1395	25223861	25224659	1.4e-138	496	F1-14.ragtag.scaffold_chr
AL5G13350	scaffold_7_RagTag	78.681	652	104	21	670	1301	25225078	25225714	3.13e-110	401	F1-14.ragtag.scaffold_chr
AL5G13350	scaffold_7_RagTag	81.136	440	75	7	56	489	25235774	25236211	1.49e-93	346	F1-14.ragtag.scaffold_chr
AL5G13350	scaffold_1_RagTag	76.496	685	110	36	671	1318	10017687	10017017	1.94e-87	326	F1-14.ragtag.scaffold_chr
AL5G13350	scaffold_3_RagTag	73.82	657	127	28	677	1318	14145789	14146415	3.38e-55	219	F1-14.ragtag.scaffold_chr
AL5G13350	scaffold_3_RagTag	73.582	670	115	41	677	1318	14152395	14153030	1.23e-49	200	F1-14.ragtag.scaffold_chr
AL5G13350	scaffold_4_RagTag	84	100	16	0	677	776	16339888	16339987	1.65e-18	97.1	F1-14.ragtag.scaffold_chr
AL6G22950	scaffold_6_RagTag	98.376	1416	15	3	1	1410	3295455	3296868	0	2481	F1-14.ragtag.scaffold_chr
AL6G22950	scaffold_5_RagTag	80.342	1287	184	42	108	1357	1882236	1880982	0	911	F1-14.ragtag.scaffold_chr
AL6G22950	scaffold_5_RagTag	81.015	1143	170	28	238	1357	1908683	1907565	0	865	F1-14.ragtag.scaffold_chr
AL6G22950	scaffold_5_RagTag	78.701	1216	204	35	182	1352	1891767	1890562	0	760	F1-14.ragtag.scaffold_chr
AL6G22950	scaffold_5_RagTag	78.399	1074	191	31	307	1357	1899434	1900489	0	660	F1-14.ragtag.scaffold_chr
AL6G22950	scaffold_5_RagTag	77.18	1078	200	32	310	1357	1889050	1887989	7.7e-166	586	F1-14.ragtag.scaffold_chr
AL6G22950	scaffold_5_RagTag	78.657	834	127	35	108	905	1905667	1904849	6.16e-142	507	F1-14.ragtag.scaffold_chr
AL6G22950	scaffold_5_RagTag	78.594	640	107	22	230	860	1925875	1925257	1.39e-108	396	F1-14.ragtag.scaffold_chr
AL6G22950	scaffold_5_RagTag	80.84	381	65	4	982	1357	1925198	1924821	1.88e-77	292	F1-14.ragtag.scaffold_chr
AL6G22950	scaffold_7_RagTag	80.643	1214	188	32	182	1357	25237020	25235816	0	896	F1-14.ragtag.scaffold_chr
AL6G22950	scaffold_7_RagTag	80.687	1165	184	28	229	1357	25242207	25241048	0	867	F1-14.ragtag.scaffold_chr
AL6G22950	scaffold_7_RagTag	80.676	1154	181	27	241	1357	25251199	25250051	0	857	F1-14.ragtag.scaffold_chr
AL6G22950	scaffold_7_RagTag	80.242	1159	196	26	229	1365	25224571	25223424	0	841	F1-14.ragtag.scaffold_chr
AL6G22950	scaffold_7_RagTag	79.969	654	94	19	241	864	25225724	25225078	3.79e-124	448	F1-14.ragtag.scaffold_chr
AL6G22950	scaffold_7_RagTag	84.921	252	27	6	246	490	25238609	25238362	5.34e-63	244	F1-14.ragtag.scaffold_chr
AL6G22950	scaffold_7_RagTag	85.246	244	26	5	239	475	25239665	25239425	1.92e-62	243	F1-14.ragtag.scaffold_chr
AL6G22950	scaffold_1_RagTag	79.256	511	90	14	223	725	10017007	10017509	1.84e-92	342	F1-14.ragtag.scaffold_chr
AL7G52550	scaffold_7_RagTag	95.241	1471	50	6	1	1455	25251464	25249998	0	2311	F1-14.ragtag.scaffold_chr
AL7G52550	scaffold_7_RagTag	96.695	1301	33	3	162	1455	25242292	25240995	0	2156	F1-14.ragtag.scaffold_chr
AL7G52550	scaffold_7_RagTag	91.598	1464	91	15	1	1455	25224824	25223384	0	1993	F1-14.ragtag.scaffold_chr
AL7G52550	scaffold_7_RagTag	91.005	1423	91	17	38	1455	25237153	25235763	0	1884	F1-14.ragtag.scaffold_chr
AL7G52550	scaffold_7_RagTag	85.479	730	92	8	253	971	25225729	25225003	0	749	F1-14.ragtag.scaffold_chr
AL7G52550	scaffold_7_RagTag	86.31	336	31	11	165	495	25239750	25239425	3.17e-95	351	F1-14.ragtag.scaffold_chr
AL7G52550	scaffold_7_RagTag	90.361	249	21	3	263	509	25238609	25238362	6.9e-87	324	F1-14.ragtag.scaffold_chr
AL7G52550	scaffold_7_RagTag	95.57	158	0	5	1	153	25249008	25248853	1.54e-63	246	F1-14.ragtag.scaffold_chr
AL7G52550	scaffold_7_RagTag	92.857	42	2	1	167	207	25225857	25225816	2.15e-07	60.2	F1-14.ragtag.scaffold_chr
AL7G52550	scaffold_5_RagTag	81.581	1189	186	23	250	1428	1882120	1880955	0	952	F1-14.ragtag.scaffold_chr
AL7G52550	scaffold_5_RagTag	79.475	1257	204	42	165	1398	1891787	1890562	0	843	F1-14.ragtag.scaffold_chr
AL7G52550	scaffold_5_RagTag	79.266	1172	183	42	267	1423	1908671	1907545	0	763	F1-14.ragtag.scaffold_chr
AL7G52550	scaffold_5_RagTag	77.021	1101	188	43	345	1420	1889032	1887972	2.23e-161	571	F1-14.ragtag.scaffold_chr
AL7G52550	scaffold_5_RagTag	76.661	1144	194	42	328	1446	1899438	1900533	1.04e-159	566	F1-14.ragtag.scaffold_chr
AL7G52550	scaffold_5_RagTag	79.073	755	115	27	159	899	1905612	1904887	1.39e-133	479	F1-14.ragtag.scaffold_chr
AL7G52550	scaffold_5_RagTag	78.046	747	117	31	153	892	1925963	1925257	5.11e-118	427	F1-14.ragtag.scaffold_chr
AL7G52550	scaffold_5_RagTag	79.375	160	29	4	1241	1398	1899236	1899079	2.1e-22	110	F1-14.ragtag.scaffold_chr
AL7G52550	scaffold_6_RagTag	80.342	1170	188	28	241	1402	3295675	3296810	0	848	F1-14.ragtag.scaffold_chr
AL7G52550	scaffold_1_RagTag	88.953	688	69	3	764	1450	10017555	10018236	0	843	F1-14.ragtag.scaffold_chr
AL7G52550	scaffold_1_RagTag	88.285	589	60	7	168	753	10016934	10017516	0	697	F1-14.ragtag.scaffold_chr
AL7G52550	scaffold_3_RagTag	74.038	728	122	42	191	889	14153084	14152395	3.33e-60	235	F1-14.ragtag.scaffold_chr
AL7G52550	scaffold_3_RagTag	76.683	416	71	15	191	593	14146469	14146067	7.25e-52	207	F1-14.ragtag.scaffold_chr
AL7G52550	scaffold_3_RagTag	78.808	151	29	3	1212	1359	14148835	14148685	4.56e-19	99	F1-14.ragtag.scaffold_chr
AL7G52550	scaffold_3_RagTag	81.667	120	19	3	1243	1359	14149056	14148937	1.64e-18	97.1	F1-14.ragtag.scaffold_chr
AL7G52570	scaffold_7_RagTag	97.944	1313	27	0	45	1357	25237063	25235751	0	2276	F1-14.ragtag.scaffold_chr
AL7G52570	scaffold_7_RagTag	91.54	1312	83	15	69	1357	25242289	25240983	0	1783	F1-14.ragtag.scaffold_chr
AL7G52570	scaffold_7_RagTag	90.765	1321	96	13	59	1357	25251302	25249986	0	1740	F1-14.ragtag.scaffold_chr
AL7G52570	scaffold_7_RagTag	88.788	1320	107	21	57	1359	25224665	25223370	0	1580	F1-14.ragtag.scaffold_chr
AL7G52570	scaffold_7_RagTag	84.679	731	98	7	142	861	25225729	25225002	0	717	F1-14.ragtag.scaffold_chr
AL7G52570	scaffold_7_RagTag	87.538	329	25	12	69	384	25239750	25239425	1.05e-99	366	F1-14.ragtag.scaffold_chr
AL7G52570	scaffold_7_RagTag	91.165	249	20	2	152	399	25238609	25238362	8.24e-91	337	F1-14.ragtag.scaffold_chr
AL7G52570	scaffold_7_RagTag	100	30	0	0	82	111	25225845	25225816	2.58e-06	56.5	F1-14.ragtag.scaffold_chr
AL7G52570	scaffold_5_RagTag	81.149	1236	193	27	95	1317	1882164	1880956	0	955	F1-14.ragtag.scaffold_chr
AL7G52570	scaffold_5_RagTag	78.686	1248	215	35	69	1287	1891787	1890562	0	784	F1-14.ragtag.scaffold_chr
AL7G52570	scaffold_5_RagTag	78.659	731	135	12	69	788	1905607	1904887	1.01e-129	466	F1-14.ragtag.scaffold_chr
AL7G52570	scaffold_5_RagTag	77.324	710	109	33	89	781	1925931	1925257	2.26e-101	372	F1-14.ragtag.scaffold_chr
AL7G52570	scaffold_5_RagTag	80.769	442	73	10	897	1334	1904709	1904276	2.96e-90	335	F1-14.ragtag.scaffold_chr
AL7G52570	scaffold_5_RagTag	80.986	426	70	9	915	1334	1925198	1924778	4.96e-88	327	F1-14.ragtag.scaffold_chr
AL7G52570	scaffold_6_RagTag	80.345	1216	190	34	88	1292	3295634	3296811	0	876	F1-14.ragtag.scaffold_chr
AL7G52570	scaffold_1_RagTag	89.353	695	68	2	657	1351	10017560	10018248	0	869	F1-14.ragtag.scaffold_chr
AL7G52570	scaffold_1_RagTag	83.051	590	74	9	72	642	10016934	10017516	1.28e-143	512	F1-14.ragtag.scaffold_chr
AL5G13330	scaffold_5_RagTag	100	1238	0	0	1	1238	1766715	1767952	0	2287	KN003hexa_v0
AL5G13330	scaffold_5_RagTag	82.682	768	99	18	477	1224	1773266	1774019	0	651	KN003hexa_v0
AL5G13330	scaffold_5_RagTag	77.163	705	112	28	459	1146	1775001	1775673	3.39e-99	364	KN003hexa_v0
AL5G13330	scaffold_7_RagTag	80.465	1075	174	29	21	1074	23529178	23530237	0	789	KN003hexa_v0
AL5G13330	scaffold_7_RagTag	78.81	1227	211	35	21	1224	23515820	23517020	0	780	KN003hexa_v0
AL5G13330	scaffold_7_RagTag	88.079	151	13	3	916	1062	23520481	23520630	6.14e-42	174	KN003hexa_v0
AL5G13330	scaffold_6_RagTag	79.185	1153	197	27	21	1163	4847184	4846065	0	760	KN003hexa_v0
AL5G13330	scaffold_1_RagTag	78.547	1170	200	38	21	1166	8767813	8766671	0	723	KN003hexa_v0
AL5G13330	scaffold_3_RagTag	72.366	1234	247	59	21	1216	13605891	13607068	7.5e-81	303	KN003hexa_v0
AL5G13330	scaffold_3_RagTag	74.11	815	155	40	293	1079	13612181	13612967	2.72e-75	285	KN003hexa_v0
AL5G13340	scaffold_5_RagTag	99.715	701	2	0	575	1275	1771134	1771834	0	1284	KN003hexa_v0
AL5G13340	scaffold_5_RagTag	100	588	0	0	1	588	1769520	1770107	0	1086	KN003hexa_v0
AL5G13340	scaffold_5_RagTag	78.372	393	55	17	902	1269	1773473	1773860	4.79e-58	228	KN003hexa_v0
AL5G13340	scaffold_5_RagTag	88.276	145	16	1	658	802	1774997	1775140	2.27e-41	172	KN003hexa_v0
AL5G13340	scaffold_7_RagTag	76.298	443	76	19	838	1254	23516407	23516846	1.73e-52	209	KN003hexa_v0
AL5G13340	scaffold_2_RagTag	100	39	0	0	801	839	6085306	6085344	2.37e-11	73.1	KN003hexa_v0
AL5G13350	scaffold_5_RagTag	95.954	1483	51	5	1	1474	1772640	1774122	0	2398	KN003hexa_v0
AL5G13350	scaffold_5_RagTag	83.211	816	97	28	625	1418	1767189	1767986	0	712	KN003hexa_v0
AL5G13350	scaffold_5_RagTag	79.472	682	99	23	643	1314	1775035	1775685	1.41e-123	446	KN003hexa_v0
AL5G13350	scaffold_5_RagTag	80.736	571	76	17	670	1238	1764838	1765376	3.97e-114	414	KN003hexa_v0
AL5G13350	scaffold_5_RagTag	76.629	706	116	31	670	1364	1787355	1788022	5.28e-93	344	KN003hexa_v0
AL5G13350	scaffold_6_RagTag	80.275	801	106	34	663	1450	4846703	4845942	6.23e-157	556	KN003hexa_v0
AL5G13350	scaffold_7_RagTag	79.567	739	117	24	667	1390	23516319	23517038	3.83e-139	497	KN003hexa_v0
AL5G13350	scaffold_7_RagTag	82.051	585	85	16	667	1244	23529677	23530248	3.86e-134	481	KN003hexa_v0
AL5G13350	scaffold_7_RagTag	78.638	323	36	14	1020	1316	23520428	23520743	1.22e-44	183	KN003hexa_v0
AL5G13350	scaffold_1_RagTag	78.852	662	106	32	671	1318	8767316	8766675	1.1e-114	416	KN003hexa_v0
AL5G13350	scaffold_3_RagTag	74.561	570	97	32	677	1231	13612424	13612960	2.6e-51	206	KN003hexa_v0
AL5G13350	scaffold_3_RagTag	73.364	657	130	28	677	1318	13606388	13607014	3.36e-50	202	KN003hexa_v0
AL6G22950	scaffold_6_RagTag	98.444	1414	16	2	1	1410	4845835	4847246	0	2484	KN003hexa_v0
AL6G22950	scaffold_7_RagTag	80.016	1216	192	34	182	1357	23517019	23515815	0	852	KN003hexa_v0
AL6G22950	scaffold_7_RagTag	80.666	1081	170	26	311	1357	23530248	23529173	0	802	KN003hexa_v0
AL6G22950	scaffold_7_RagTag	87.019	208	20	5	331	532	23520634	23520428	5.3e-58	228	KN003hexa_v0
AL6G22950	scaffold_5_RagTag	78.83	1214	203	34	182	1352	1767937	1766735	0	769	KN003hexa_v0
AL6G22950	scaffold_5_RagTag	76.59	1085	199	38	310	1357	1765383	1764317	1.29e-153	545	KN003hexa_v0
AL6G22950	scaffold_5_RagTag	80.132	755	115	24	182	905	1774018	1773268	3.61e-149	531	KN003hexa_v0
AL6G22950	scaffold_5_RagTag	80.912	702	101	22	239	925	1775684	1775001	6.04e-147	523	KN003hexa_v0
AL6G22950	scaffold_5_RagTag	82.451	359	60	1	960	1315	1774996	1774638	5.12e-83	311	KN003hexa_v0
AL6G22950	scaffold_5_RagTag	81.058	359	48	12	978	1332	1787328	1786986	3.13e-70	268	KN003hexa_v0
AL6G22950	scaffold_1_RagTag	78.235	1167	209	30	223	1357	8766665	8767818	0	706	KN003hexa_v0
AL7G52550	scaffold_7_RagTag	99.476	1145	6	0	317	1461	23530259	23529115	0	2082	KN003hexa_v0
AL7G52550	scaffold_7_RagTag	90.41	1366	96	15	94	1455	23517096	23515762	0	1764	KN003hexa_v0
AL7G52550	scaffold_7_RagTag	97.853	326	4	2	1	325	23536146	23535823	4.77e-158	560	KN003hexa_v0
AL7G52550	scaffold_7_RagTag	83.09	343	36	11	229	552	23520767	23520428	1.92e-77	292	KN003hexa_v0
AL7G52550	scaffold_7_RagTag	94.872	78	2	2	1	78	23519872	23519797	9.6e-26	121	KN003hexa_v0
AL7G52550	scaffold_1_RagTag	88.88	1286	128	9	168	1450	8766592	8767865	0	1568	KN003hexa_v0
AL7G52550	scaffold_6_RagTag	80.342	1170	186	29	241	1402	4846055	4847188	0	846	KN003hexa_v0
AL7G52550	scaffold_5_RagTag	79.283	1255	207	40	165	1398	1767957	1766735	0	828	KN003hexa_v0
AL7G52550	scaffold_5_RagTag	79.319	764	109	31	159	899	1774043	1773306	6.35e-137	490	KN003hexa_v0
AL7G52550	scaffold_5_RagTag	77.778	720	108	29	255	957	1775685	1775001	1.42e-108	396	KN003hexa_v0
AL7G52550	scaffold_3_RagTag	74.401	668	112	37	250	889	13613060	13612424	4.25e-59	231	KN003hexa_v0
AL7G52550	scaffold_3_RagTag	76.316	418	69	16	191	593	13607068	13606666	1.55e-48	196	KN003hexa_v0
AL7G52570	scaffold_7_RagTag	99.62	1315	5	0	45	1359	23517062	23515748	0	2401	KN003hexa_v0
AL7G52570	scaffold_7_RagTag	92.294	1142	81	6	207	1345	23530258	23529121	0	1615	KN003hexa_v0
AL7G52570	scaffold_7_RagTag	82.891	339	38	6	121	441	23520764	23520428	8.31e-76	287	KN003hexa_v0
AL7G52570	scaffold_7_RagTag	82.143	168	15	5	59	211	23535993	23535826	1.48e-28	130	KN003hexa_v0
AL7G52570	scaffold_1_RagTag	86.692	1300	139	12	72	1351	8766592	8767877	0	1411	KN003hexa_v0
AL7G52570	scaffold_6_RagTag	80.082	1215	193	34	88	1292	4846014	4847189	0	857	KN003hexa_v0
AL7G52570	scaffold_5_RagTag	78.589	1247	215	37	69	1287	1767957	1766735	0	776	KN003hexa_v0
AL7G52570	scaffold_5_RagTag	78.763	744	123	21	69	788	1774038	1773306	9.95e-130	466	KN003hexa_v0
AL7G52570	scaffold_5_RagTag	76.462	718	121	27	144	846	1775685	1775001	1.35e-93	346	KN003hexa_v0
AL7G52570	scaffold_5_RagTag	75.82	488	81	21	217	700	1771851	1771397	1.43e-53	213	KN003hexa_v0
AL5G13330	scaffold_5_RagTag	100	1238	0	0	1	1238	1786256	1787493	0	2287	KN005_v1
AL5G13330	scaffold_5_RagTag	82.812	768	98	18	477	1224	1792806	1793559	0	656	KN005_v1
AL5G13330	scaffold_5_RagTag	77.163	705	112	28	459	1146	1794541	1795213	3.34e-99	364	KN005_v1
AL5G13330	scaffold_7_RagTag	80.465	1075	174	29	21	1074	23956410	23957469	0	789	KN005_v1
AL5G13330	scaffold_7_RagTag	78.729	1227	212	35	21	1224	23942992	23944192	0	774	KN005_v1
AL5G13330	scaffold_7_RagTag	88.079	151	13	3	916	1062	23947712	23947861	6.04e-42	174	KN005_v1
AL5G13330	scaffold_6_RagTag	79.549	1154	191	29	21	1163	4820824	4819705	0	782	KN005_v1
AL5G13330	scaffold_1_RagTag	78.547	1170	200	38	21	1166	8763771	8762629	0	723	KN005_v1
AL5G13330	scaffold_3_RagTag	72.366	1234	247	59	21	1216	13393000	13394177	7.39e-81	303	KN005_v1
AL5G13330	scaffold_3_RagTag	73.865	815	157	40	293	1079	13399290	13400076	5.79e-72	274	KN005_v1
AL5G13340	scaffold_5_RagTag	99.715	701	2	0	575	1275	1790674	1791374	0	1284	KN005_v1
AL5G13340	scaffold_5_RagTag	100	588	0	0	1	588	1789061	1789648	0	1086	KN005_v1
AL5G13340	scaffold_5_RagTag	78.626	393	54	17	902	1269	1793013	1793400	1.01e-59	233	KN005_v1
AL5G13340	scaffold_5_RagTag	88.276	145	16	1	658	802	1794537	1794680	2.24e-41	172	KN005_v1
AL5G13340	scaffold_7_RagTag	76.298	443	76	19	838	1254	23943579	23944018	1.71e-52	209	KN005_v1
AL5G13350	scaffold_5_RagTag	96.022	1483	50	5	1	1474	1792180	1793662	0	2403	KN005_v1
AL5G13350	scaffold_5_RagTag	83.211	816	97	28	625	1418	1786730	1787527	0	712	KN005_v1
AL5G13350	scaffold_5_RagTag	79.472	682	99	23	643	1314	1794575	1795225	1.39e-123	446	KN005_v1
AL5G13350	scaffold_5_RagTag	80.736	571	76	17	670	1238	1784379	1784917	3.91e-114	414	KN005_v1
AL5G13350	scaffold_5_RagTag	76.629	706	116	31	670	1364	1806895	1807562	5.2e-93	344	KN005_v1
AL5G13350	scaffold_6_RagTag	79.832	833	114	35	632	1450	4820374	4819582	1.71e-157	558	KN005_v1
AL5G13350	scaffold_7_RagTag	79.702	739	116	24	667	1390	23943491	23944210	8.11e-141	503	KN005_v1
AL5G13350	scaffold_7_RagTag	82.051	585	85	16	667	1244	23956909	23957480	3.8e-134	481	KN005_v1
AL5G13350	scaffold_7_RagTag	78.328	323	37	14	1020	1316	23947659	23947974	5.59e-43	178	KN005_v1
AL5G13350	scaffold_1_RagTag	78.852	662	106	32	671	1318	8763274	8762633	1.09e-114	416	KN005_v1
AL5G13350	scaffold_3_RagTag	73.364	657	130	28	677	1318	13393497	13394123	3.31e-50	202	KN005_v1
AL6G22950	scaffold_6_RagTag	98.444	1414	16	2	1	1410	4819475	4820886	0	2484	KN005_v1
AL6G22950	scaffold_7_RagTag	80.263	1216	189	34	182	1357	23944191	23942987	0	869	KN005_v1
AL6G22950	scaffold_7_RagTag	80.666	1081	170	26	311	1357	23957480	23956405	0	802	KN005_v1
AL6G22950	scaffold_7_RagTag	87.019	208	20	5	331	532	23947865	23947659	5.22e-58	228	KN005_v1
AL6G22950	scaffold_5_RagTag	78.83	1214	203	34	182	1352	1787478	1786276	0	769	KN005_v1
AL6G22950	scaffold_5_RagTag	76.59	1085	199	38	310	1357	1784924	1783858	1.27e-153	545	KN005_v1
AL6G22950	scaffold_5_RagTag	80.265	755	114	24	182	905	1793558	1792808	7.64e-151	536	KN005_v1
AL6G22950	scaffold_5_RagTag	80.912	702	101	22	239	925	1795224	1794541	5.95e-147	523	KN005_v1
AL6G22950	scaffold_5_RagTag	82.451	359	60	1	960	1315	1794536	1794178	5.04e-83	311	KN005_v1
AL6G22950	scaffold_5_RagTag	81.058	359	48	12	978	1332	1806868	1806526	3.08e-70	268	KN005_v1
AL6G22950	scaffold_1_RagTag	78.235	1167	209	30	223	1357	8762623	8763776	0	706	KN005_v1
AL7G52550	scaffold_7_RagTag	99.476	1145	6	0	317	1461	23957491	23956347	0	2082	KN005_v1
AL7G52550	scaffold_7_RagTag	90.556	1366	94	15	94	1455	23944268	23942934	0	1775	KN005_v1
AL7G52550	scaffold_7_RagTag	97.853	326	4	2	1	325	23963378	23963055	4.7e-158	560	KN005_v1
AL7G52550	scaffold_7_RagTag	82.799	343	37	11	229	552	23947998	23947659	8.81e-76	287	KN005_v1
AL7G52550	scaffold_7_RagTag	94.872	78	2	2	1	78	23947103	23947028	9.45e-26	121	KN005_v1
AL7G52550	scaffold_1_RagTag	88.88	1286	128	9	168	1450	8762550	8763823	0	1568	KN005_v1
AL7G52550	scaffold_6_RagTag	80.256	1170	187	29	241	1402	4819695	4820828	0	841	KN005_v1
AL7G52550	scaffold_5_RagTag	79.283	1255	207	40	165	1398	1787498	1786276	0	828	KN005_v1
AL7G52550	scaffold_5_RagTag	79.45	764	108	31	159	899	1793583	1792846	1.34e-138	496	KN005_v1
AL7G52550	scaffold_5_RagTag	77.778	720	108	29	255	957	1795225	1794541	1.4e-108	396	KN005_v1
AL7G52550	scaffold_3_RagTag	74.251	668	113	37	250	889	13400169	13399533	1.95e-57	226	KN005_v1
AL7G52550	scaffold_3_RagTag	76.316	418	69	16	191	593	13394177	13393775	1.53e-48	196	KN005_v1
AL7G52570	scaffold_7_RagTag	99.62	1315	5	0	45	1359	23944234	23942920	0	2401	KN005_v1
AL7G52570	scaffold_7_RagTag	92.294	1142	81	6	207	1345	23957490	23956353	0	1615	KN005_v1
AL7G52570	scaffold_7_RagTag	82.596	339	39	6	121	441	23947995	23947659	3.81e-74	281	KN005_v1
AL7G52570	scaffold_7_RagTag	82.143	168	15	5	59	211	23963225	23963058	1.46e-28	130	KN005_v1
AL7G52570	scaffold_1_RagTag	86.692	1300	139	12	72	1351	8762550	8763835	0	1411	KN005_v1
AL7G52570	scaffold_6_RagTag	80.263	1216	189	36	88	1292	4819654	4820829	0	869	KN005_v1
AL7G52570	scaffold_5_RagTag	78.589	1247	215	37	69	1287	1787498	1786276	0	776	KN005_v1
AL7G52570	scaffold_5_RagTag	78.898	744	122	21	69	788	1793578	1792846	2.1e-131	472	KN005_v1
AL7G52570	scaffold_5_RagTag	76.462	718	121	27	144	846	1795225	1794541	1.33e-93	346	KN005_v1
AL7G52570	scaffold_5_RagTag	75.82	488	81	21	217	700	1791391	1790937	1.41e-53	213	KN005_v1
AL5G13330	scaffold_5_RagTag	100	1238	0	0	1	1238	2159603	2160840	0	2287	KN006_v1
AL5G13330	scaffold_5_RagTag	82.812	768	98	18	477	1224	2170935	2171688	0	656	KN006_v1
AL5G13330	scaffold_5_RagTag	77.73	705	108	28	459	1146	2172670	2173342	7.54e-106	387	KN006_v1
AL5G13330	scaffold_7_RagTag	79.45	1236	202	39	21	1224	24932662	24933877	0	828	KN006_v1
AL5G13330	scaffold_7_RagTag	78.827	1228	209	37	21	1224	24925444	24926644	0	780	KN006_v1
AL5G13330	scaffold_7_RagTag	88.079	151	13	3	916	1062	24930141	24930290	6.39e-42	174	KN006_v1
AL5G13330	scaffold_6_RagTag	78.83	1214	203	34	21	1223	5028708	5027538	0	769	KN006_v1
AL5G13330	scaffold_1_RagTag	78.376	1170	202	38	21	1166	9018799	9017657	0	712	KN006_v1
AL5G13330	scaffold_3_RagTag	72.366	1234	247	59	21	1216	14691168	14692345	7.81e-81	303	KN006_v1
AL5G13330	scaffold_3_RagTag	73.865	815	157	40	293	1079	14697453	14698239	6.12e-72	274	KN006_v1
AL5G13330	scaffold_3_RagTag	72.064	1056	213	52	53	1081	14694500	14695500	6.21e-62	241	KN006_v1
AL5G13340	scaffold_5_RagTag	99.572	701	3	0	575	1275	2168803	2169503	0	1279	KN006_v1
AL5G13340	scaffold_5_RagTag	100	588	0	0	1	588	2167190	2167777	0	1086	KN006_v1
AL5G13340	scaffold_5_RagTag	78.626	393	54	17	902	1269	2171142	2171529	1.07e-59	233	KN006_v1
AL5G13340	scaffold_5_RagTag	88.966	145	15	1	658	802	2172666	2172809	5.09e-43	178	KN006_v1
AL5G13340	scaffold_7_RagTag	76.072	443	77	19	838	1254	24926031	24926470	8.4e-51	204	KN006_v1
AL5G13350	scaffold_5_RagTag	96.022	1483	50	5	1	1474	2170309	2171791	0	2403	KN006_v1
AL5G13350	scaffold_5_RagTag	83.211	816	97	28	625	1418	2160077	2160874	0	712	KN006_v1
AL5G13350	scaffold_5_RagTag	79.765	682	97	23	643	1314	2172704	2173354	6.77e-127	457	KN006_v1
AL5G13350	scaffold_5_RagTag	80.736	571	76	17	670	1238	2157726	2158264	4.13e-114	414	KN006_v1
AL5G13350	scaffold_5_RagTag	76.629	706	116	31	670	1364	2178375	2179042	5.5e-93	344	KN006_v1
AL5G13350	scaffold_6_RagTag	80.8	750	104	27	632	1370	5028258	5027538	3.02e-155	551	KN006_v1
AL5G13350	scaffold_7_RagTag	80.556	756	105	27	667	1395	24933161	24933901	5.05e-153	544	KN006_v1
AL5G13350	scaffold_7_RagTag	79.432	739	118	24	667	1390	24925943	24926662	1.86e-137	492	KN006_v1
AL5G13350	scaffold_7_RagTag	78.193	321	38	12	1020	1316	24930091	24930403	2.12e-42	176	KN006_v1
AL5G13350	scaffold_1_RagTag	78.55	662	108	32	671	1318	9018302	9017661	2.49e-111	405	KN006_v1
AL5G13350	scaffold_3_RagTag	73.364	657	130	28	677	1318	14691665	14692291	3.5e-50	202	KN006_v1
AL5G13350	scaffold_3_RagTag	73.016	567	117	27	674	1234	14694958	14695494	1.28e-39	167	KN006_v1
AL6G22950	scaffold_6_RagTag	100	1410	0	0	1	1410	5027357	5028766	0	2604	KN006_v1
AL6G22950	scaffold_7_RagTag	80.515	1165	183	29	229	1357	24933813	24932657	0	854	KN006_v1
AL6G22950	scaffold_7_RagTag	80.016	1216	192	34	182	1357	24926643	24925439	0	852	KN006_v1
AL6G22950	scaffold_7_RagTag	86.957	207	19	6	331	532	24930294	24930091	1.99e-57	226	KN006_v1
AL6G22950	scaffold_5_RagTag	78.83	1214	203	34	182	1352	2160825	2159623	0	769	KN006_v1
AL6G22950	scaffold_5_RagTag	76.59	1085	199	38	310	1357	2158271	2157205	1.34e-153	545	KN006_v1
AL6G22950	scaffold_5_RagTag	81.339	702	98	22	239	925	2173353	2172670	6.25e-152	540	KN006_v1
AL6G22950	scaffold_5_RagTag	80.265	755	114	24	182	905	2171687	2170937	8.08e-151	536	KN006_v1
AL6G22950	scaffold_5_RagTag	83.099	355	54	4	978	1332	2178348	2178000	3.19e-85	318	KN006_v1
AL6G22950	scaffold_5_RagTag	82.73	359	59	1	960	1315	2172665	2172307	1.15e-84	316	KN006_v1
AL6G22950	scaffold_1_RagTag	78.235	1167	209	30	223	1357	9017651	9018804	0	706	KN006_v1
AL7G52550	scaffold_7_RagTag	99.59	1462	4	2	1	1461	24934059	24932599	0	2665	KN006_v1
AL7G52550	scaffold_7_RagTag	90.205	1368	95	19	94	1455	24926720	24925386	0	1748	KN006_v1
AL7G52550	scaffold_7_RagTag	82.405	341	39	10	229	552	24930427	24930091	5.6e-73	278	KN006_v1
AL7G52550	scaffold_1_RagTag	88.516	1280	132	9	174	1450	9017584	9018851	0	1535	KN006_v1
AL7G52550	scaffold_6_RagTag	80.342	1170	186	29	241	1402	5027579	5028712	0	846	KN006_v1
AL7G52550	scaffold_5_RagTag	79.283	1255	207	40	165	1398	2160845	2159623	0	828	KN006_v1
AL7G52550	scaffold_5_RagTag	79.45	764	108	31	159	899	2171712	2170975	1.42e-138	496	KN006_v1
AL7G52550	scaffold_5_RagTag	78.333	720	104	29	255	957	2173354	2172670	3.16e-115	418	KN006_v1
AL7G52550	scaffold_3_RagTag	74.251	668	113	37	250	889	14698332	14697696	2.06e-57	226	KN006_v1
AL7G52550	scaffold_3_RagTag	76.316	418	69	16	191	593	14692345	14691943	1.61e-48	196	KN006_v1
AL7G52550	scaffold_3_RagTag	71.546	731	144	43	191	892	14695653	14694958	2.76e-31	139	KN006_v1
AL7G52570	scaffold_7_RagTag	99.087	1315	12	0	45	1359	24926686	24925372	0	2362	KN006_v1
AL7G52570	scaffold_7_RagTag	91.341	1305	91	13	59	1345	24933905	24932605	0	1764	KN006_v1
AL7G52570	scaffold_7_RagTag	82.249	338	39	6	121	441	24930424	24930091	2.42e-71	272	KN006_v1
AL7G52570	scaffold_1_RagTag	87.217	1236	139	10	121	1351	9017642	9018863	0	1389	KN006_v1
AL7G52570	scaffold_6_RagTag	80.263	1216	189	34	88	1292	5027538	5028713	0	869	KN006_v1
AL7G52570	scaffold_5_RagTag	78.589	1247	215	37	69	1287	2160845	2159623	0	776	KN006_v1
AL7G52570	scaffold_5_RagTag	78.898	744	122	21	69	788	2171707	2170975	2.23e-131	472	KN006_v1
AL7G52570	scaffold_5_RagTag	77.019	718	117	27	144	846	2173354	2172670	3e-100	368	KN006_v1
AL7G52570	scaffold_5_RagTag	75.82	488	81	21	217	700	2169520	2169066	1.49e-53	213	KN006_v1
AL5G13330	scaffold_5_RagTag	100	1238	0	0	1	1238	1533422	1534659	0	2287	MN47_mabs_v3
AL5G13330	scaffold_5_RagTag	80.759	1107	150	39	60	1146	1540982	1542045	0	806	MN47_mabs_v3
AL5G13330	scaffold_5_RagTag	83.791	765	91	21	475	1224	1539467	1540213	0	695	MN47_mabs_v3
AL5G13330	scaffold_5_RagTag	79.223	1030	163	33	67	1075	1531075	1532074	0	669	MN47_mabs_v3
AL5G13330	scaffold_7_RagTag	79.45	1236	202	39	21	1224	25066568	25067783	0	828	MN47_mabs_v3
AL5G13330	scaffold_7_RagTag	78.729	1227	212	35	21	1224	25058807	25060007	0	774	MN47_mabs_v3
AL5G13330	scaffold_7_RagTag	88.079	151	13	3	916	1062	25063194	25063343	6.39e-42	174	MN47_mabs_v3
AL5G13330	scaffold_6_RagTag	78.83	1214	203	34	21	1223	4979756	4978586	0	769	MN47_mabs_v3
AL5G13330	scaffold_1_RagTag	78.376	1170	202	38	21	1166	8820935	8819793	0	712	MN47_mabs_v3
AL5G13330	scaffold_3_RagTag	72.366	1234	247	59	21	1216	14028023	14029200	7.81e-81	303	MN47_mabs_v3
AL5G13330	scaffold_3_RagTag	73.62	815	159	39	293	1079	14034307	14035093	1.33e-68	263	MN47_mabs_v3
AL5G13330	scaffold_3_RagTag	71.97	1056	214	52	53	1081	14031355	14032355	2.89e-60	235	MN47_mabs_v3
AL5G13340	scaffold_5_RagTag	100	1275	0	0	1	1275	1536763	1538037	0	2355	MN47_mabs_v3
AL5G13340	scaffold_5_RagTag	82.353	442	61	10	838	1269	1541533	1541967	2.81e-100	368	MN47_mabs_v3
AL5G13340	scaffold_7_RagTag	76.524	443	75	19	838	1254	25059394	25059833	3.88e-54	215	MN47_mabs_v3
AL5G13340	scaffold_1_RagTag	100	39	0	0	801	839	21281595	21281557	2.47e-11	73.1	MN47_mabs_v3
AL5G13340	scaffold_1_RagTag	100	39	0	0	801	839	21466411	21466449	2.47e-11	73.1	MN47_mabs_v3
AL5G13350	scaffold_5_RagTag	100	1475	0	0	1	1475	1538843	1540317	0	2724	MN47_mabs_v3
AL5G13350	scaffold_5_RagTag	83.211	816	97	28	625	1418	1533896	1534693	0	712	MN47_mabs_v3
AL5G13350	scaffold_5_RagTag	80.556	720	87	29	603	1313	1541381	1542056	2.38e-141	505	MN47_mabs_v3
AL5G13350	scaffold_5_RagTag	80.526	570	79	17	670	1238	1531540	1532078	1.92e-112	409	MN47_mabs_v3
AL5G13350	scaffold_5_RagTag	76.629	706	116	31	670	1364	1557560	1558227	5.5e-93	344	MN47_mabs_v3
AL5G13350	scaffold_6_RagTag	80.8	750	104	27	632	1370	4979306	4978586	3.02e-155	551	MN47_mabs_v3
AL5G13350	scaffold_7_RagTag	80.556	756	105	27	667	1395	25067067	25067807	5.05e-153	544	MN47_mabs_v3
AL5G13350	scaffold_7_RagTag	79.567	739	117	24	667	1390	25059306	25060025	3.99e-139	497	MN47_mabs_v3
AL5G13350	scaffold_7_RagTag	78.328	323	37	14	1020	1316	25063141	25063456	5.9e-43	178	MN47_mabs_v3
AL5G13350	scaffold_1_RagTag	79.035	663	103	34	671	1318	8820438	8819797	2.47e-116	422	MN47_mabs_v3
AL5G13350	scaffold_3_RagTag	73.364	657	130	28	677	1318	14028520	14029146	3.5e-50	202	MN47_mabs_v3
AL5G13350	scaffold_3_RagTag	73.951	572	97	38	677	1231	14034550	14035086	1.27e-44	183	MN47_mabs_v3
AL5G13350	scaffold_3_RagTag	72.84	567	118	27	674	1234	14031813	14032349	5.94e-38	161	MN47_mabs_v3
AL6G22950	scaffold_6_RagTag	100	1410	0	0	1	1410	4978405	4979814	0	2604	MN47_mabs_v3
AL6G22950	scaffold_7_RagTag	80.263	1216	189	34	182	1357	25060006	25058802	0	869	MN47_mabs_v3
AL6G22950	scaffold_7_RagTag	80.515	1165	181	30	229	1356	25067719	25066564	0	852	MN47_mabs_v3
AL6G22950	scaffold_7_RagTag	87.019	208	20	5	331	532	25063347	25063141	5.52e-58	228	MN47_mabs_v3
AL6G22950	scaffold_5_RagTag	81.052	1103	164	29	235	1315	1542061	1540982	0	837	MN47_mabs_v3
AL6G22950	scaffold_5_RagTag	78.83	1214	203	34	182	1352	1534644	1533442	0	769	MN47_mabs_v3
AL6G22950	scaffold_5_RagTag	80.744	753	105	27	182	905	1540212	1539471	2.89e-155	551	MN47_mabs_v3
AL6G22950	scaffold_5_RagTag	76.923	1027	193	33	310	1308	1532085	1531075	4.83e-153	544	MN47_mabs_v3
AL6G22950	scaffold_5_RagTag	81.058	359	48	12	978	1332	1557533	1557191	3.25e-70	268	MN47_mabs_v3
AL6G22950	scaffold_1_RagTag	78.149	1167	210	30	223	1357	8819787	8820940	0	701	MN47_mabs_v3
AL7G52550	scaffold_7_RagTag	99.932	1461	1	0	1	1461	25067965	25066505	0	2693	MN47_mabs_v3
AL7G52550	scaffold_7_RagTag	91.188	1305	93	13	155	1455	25060035	25058749	0	1753	MN47_mabs_v3
AL7G52550	scaffold_7_RagTag	82.799	343	37	11	229	552	25063480	25063141	9.31e-76	287	MN47_mabs_v3
AL7G52550	scaffold_7_RagTag	92.157	102	5	3	1	99	25062586	25062485	7.67e-32	141	MN47_mabs_v3
AL7G52550	scaffold_1_RagTag	88.34	1295	134	11	157	1448	8819705	8820985	0	1539	MN47_mabs_v3
AL7G52550	scaffold_6_RagTag	80.342	1170	186	29	241	1402	4978627	4979760	0	846	MN47_mabs_v3
AL7G52550	scaffold_5_RagTag	79.283	1255	207	40	165	1398	1534664	1533442	0	828	MN47_mabs_v3
AL7G52550	scaffold_5_RagTag	79.64	1110	165	43	267	1360	1542045	1540981	0	741	MN47_mabs_v3
AL7G52550	scaffold_5_RagTag	80.449	757	104	29	159	899	1540237	1539509	2.33e-151	538	MN47_mabs_v3
AL7G52550	scaffold_5_RagTag	75.946	1031	187	40	345	1352	1532067	1531075	6.66e-132	473	MN47_mabs_v3
AL7G52550	scaffold_3_RagTag	73.874	666	119	36	250	889	14035186	14034550	4.45e-54	215	MN47_mabs_v3
AL7G52550	scaffold_3_RagTag	76.316	418	69	16	191	593	14029200	14028798	1.61e-48	196	MN47_mabs_v3
AL7G52550	scaffold_3_RagTag	71.409	731	145	43	191	892	14032508	14031813	1.28e-29	134	MN47_mabs_v3
AL7G52570	scaffold_7_RagTag	100	1359	0	0	1	1359	25060093	25058735	0	2510	MN47_mabs_v3
AL7G52570	scaffold_7_RagTag	91.264	1305	92	13	59	1345	25067811	25066511	0	1759	MN47_mabs_v3
AL7G52570	scaffold_7_RagTag	82.596	339	39	6	121	441	25063477	25063141	4.03e-74	281	MN47_mabs_v3
AL7G52570	scaffold_1_RagTag	86.231	1300	145	12	72	1351	8819714	8820999	0	1378	MN47_mabs_v3
AL7G52570	scaffold_6_RagTag	80.263	1216	189	34	88	1292	4978586	4979761	0	869	MN47_mabs_v3
AL7G52570	scaffold_5_RagTag	78.589	1247	215	37	69	1287	1534664	1533442	0	776	MN47_mabs_v3
AL7G52570	scaffold_5_RagTag	79.567	739	117	24	69	788	1540232	1539509	3.67e-139	497	MN47_mabs_v3
AL7G52570	scaffold_5_RagTag	76.181	487	81	20	217	700	1538054	1537600	6.88e-57	224	MN47_mabs_v3
AL5G13330	scaffold_5_RagTag	100	1238	0	0	1	1238	1533422	1534659	0	2287	MN47_v4
AL5G13330	scaffold_5_RagTag	80.759	1107	150	39	60	1146	1540982	1542045	0	806	MN47_v4
AL5G13330	scaffold_5_RagTag	83.791	765	91	21	475	1224	1539467	1540213	0	695	MN47_v4
AL5G13330	scaffold_5_RagTag	79.223	1030	163	33	67	1075	1531075	1532074	0	669	MN47_v4
AL5G13330	scaffold_7_RagTag	79.45	1236	202	39	21	1224	25066568	25067783	0	828	MN47_v4
AL5G13330	scaffold_7_RagTag	78.729	1227	212	35	21	1224	25058807	25060007	0	774	MN47_v4
AL5G13330	scaffold_7_RagTag	88.079	151	13	3	916	1062	25063194	25063343	6.39e-42	174	MN47_v4
AL5G13330	scaffold_6_RagTag	78.83	1214	203	34	21	1223	4979756	4978586	0	769	MN47_v4
AL5G13330	scaffold_1_RagTag	78.376	1170	202	38	21	1166	8820935	8819793	0	712	MN47_v4
AL5G13330	scaffold_3_RagTag	72.366	1234	247	59	21	1216	14028023	14029200	7.81e-81	303	MN47_v4
AL5G13330	scaffold_3_RagTag	73.62	815	159	39	293	1079	14034307	14035093	1.33e-68	263	MN47_v4
AL5G13330	scaffold_3_RagTag	71.97	1056	214	52	53	1081	14031355	14032355	2.89e-60	235	MN47_v4
AL5G13340	scaffold_5_RagTag	100	1275	0	0	1	1275	1536763	1538037	0	2355	MN47_v4
AL5G13340	scaffold_5_RagTag	82.353	442	61	10	838	1269	1541533	1541967	2.81e-100	368	MN47_v4
AL5G13340	scaffold_7_RagTag	76.524	443	75	19	838	1254	25059394	25059833	3.88e-54	215	MN47_v4
AL5G13340	scaffold_1_RagTag	100	39	0	0	801	839	21249833	21249795	2.47e-11	73.1	MN47_v4
AL5G13340	scaffold_1_RagTag	100	39	0	0	801	839	21434649	21434687	2.47e-11	73.1	MN47_v4
AL5G13350	scaffold_5_RagTag	100	1475	0	0	1	1475	1538843	1540317	0	2724	MN47_v4
AL5G13350	scaffold_5_RagTag	83.211	816	97	28	625	1418	1533896	1534693	0	712	MN47_v4
AL5G13350	scaffold_5_RagTag	80.556	720	87	29	603	1313	1541381	1542056	2.38e-141	505	MN47_v4
AL5G13350	scaffold_5_RagTag	80.526	570	79	17	670	1238	1531540	1532078	1.92e-112	409	MN47_v4
AL5G13350	scaffold_5_RagTag	76.629	706	116	31	670	1364	1557560	1558227	5.5e-93	344	MN47_v4
AL5G13350	scaffold_6_RagTag	80.8	750	104	27	632	1370	4979306	4978586	3.02e-155	551	MN47_v4
AL5G13350	scaffold_7_RagTag	80.556	756	105	27	667	1395	25067067	25067807	5.05e-153	544	MN47_v4
AL5G13350	scaffold_7_RagTag	79.567	739	117	24	667	1390	25059306	25060025	3.99e-139	497	MN47_v4
AL5G13350	scaffold_7_RagTag	78.328	323	37	14	1020	1316	25063141	25063456	5.9e-43	178	MN47_v4
AL5G13350	scaffold_1_RagTag	79.035	663	103	34	671	1318	8820438	8819797	2.47e-116	422	MN47_v4
AL5G13350	scaffold_3_RagTag	73.364	657	130	28	677	1318	14028520	14029146	3.5e-50	202	MN47_v4
AL5G13350	scaffold_3_RagTag	73.951	572	97	38	677	1231	14034550	14035086	1.27e-44	183	MN47_v4
AL5G13350	scaffold_3_RagTag	72.84	567	118	27	674	1234	14031813	14032349	5.94e-38	161	MN47_v4
AL6G22950	scaffold_6_RagTag	100	1410	0	0	1	1410	4978405	4979814	0	2604	MN47_v4
AL6G22950	scaffold_7_RagTag	80.263	1216	189	34	182	1357	25060006	25058802	0	869	MN47_v4
AL6G22950	scaffold_7_RagTag	80.515	1165	181	30	229	1356	25067719	25066564	0	852	MN47_v4
AL6G22950	scaffold_7_RagTag	87.019	208	20	5	331	532	25063347	25063141	5.52e-58	228	MN47_v4
AL6G22950	scaffold_5_RagTag	81.052	1103	164	29	235	1315	1542061	1540982	0	837	MN47_v4
AL6G22950	scaffold_5_RagTag	78.83	1214	203	34	182	1352	1534644	1533442	0	769	MN47_v4
AL6G22950	scaffold_5_RagTag	80.744	753	105	27	182	905	1540212	1539471	2.88e-155	551	MN47_v4
AL6G22950	scaffold_5_RagTag	76.923	1027	193	33	310	1308	1532085	1531075	4.83e-153	544	MN47_v4
AL6G22950	scaffold_5_RagTag	81.058	359	48	12	978	1332	1557533	1557191	3.25e-70	268	MN47_v4
AL6G22950	scaffold_1_RagTag	78.149	1167	210	30	223	1357	8819787	8820940	0	701	MN47_v4
AL7G52550	scaffold_7_RagTag	99.932	1461	1	0	1	1461	25067965	25066505	0	2693	MN47_v4
AL7G52550	scaffold_7_RagTag	91.188	1305	93	13	155	1455	25060035	25058749	0	1753	MN47_v4
AL7G52550	scaffold_7_RagTag	82.799	343	37	11	229	552	25063480	25063141	9.31e-76	287	MN47_v4
AL7G52550	scaffold_7_RagTag	92.157	102	5	3	1	99	25062586	25062485	7.67e-32	141	MN47_v4
AL7G52550	scaffold_1_RagTag	88.34	1295	134	11	157	1448	8819705	8820985	0	1539	MN47_v4
AL7G52550	scaffold_6_RagTag	80.342	1170	186	29	241	1402	4978627	4979760	0	846	MN47_v4
AL7G52550	scaffold_5_RagTag	79.283	1255	207	40	165	1398	1534664	1533442	0	828	MN47_v4
AL7G52550	scaffold_5_RagTag	79.64	1110	165	43	267	1360	1542045	1540981	0	741	MN47_v4
AL7G52550	scaffold_5_RagTag	80.449	757	104	29	159	899	1540237	1539509	2.33e-151	538	MN47_v4
AL7G52550	scaffold_5_RagTag	75.946	1031	187	40	345	1352	1532067	1531075	6.66e-132	473	MN47_v4
AL7G52550	scaffold_3_RagTag	73.874	666	119	36	250	889	14035186	14034550	4.45e-54	215	MN47_v4
AL7G52550	scaffold_3_RagTag	76.316	418	69	16	191	593	14029200	14028798	1.61e-48	196	MN47_v4
AL7G52550	scaffold_3_RagTag	71.409	731	145	43	191	892	14032508	14031813	1.28e-29	134	MN47_v4
AL7G52570	scaffold_7_RagTag	100	1359	0	0	1	1359	25060093	25058735	0	2510	MN47_v4
AL7G52570	scaffold_7_RagTag	91.264	1305	92	13	59	1345	25067811	25066511	0	1759	MN47_v4
AL7G52570	scaffold_7_RagTag	82.596	339	39	6	121	441	25063477	25063141	4.02e-74	281	MN47_v4
AL7G52570	scaffold_1_RagTag	86.231	1300	145	12	72	1351	8819714	8820999	0	1378	MN47_v4
AL7G52570	scaffold_6_RagTag	80.263	1216	189	34	88	1292	4978586	4979761	0	869	MN47_v4
AL7G52570	scaffold_5_RagTag	78.589	1247	215	37	69	1287	1534664	1533442	0	776	MN47_v4
AL7G52570	scaffold_5_RagTag	79.567	739	117	24	69	788	1540232	1539509	3.67e-139	497	MN47_v4
AL7G52570	scaffold_5_RagTag	76.181	487	81	20	217	700	1538054	1537600	6.88e-57	224	MN47_v4
AL5G13330	scaffold_5_RagTag	98.335	841	14	0	398	1238	1428262	1429102	0	1476	Nla.ragtag.scaffold_chr
AL5G13330	scaffold_5_RagTag	81.42	1211	179	31	20	1216	1416201	1417379	0	948	Nla.ragtag.scaffold_chr
AL5G13330	scaffold_5_RagTag	80.093	1075	149	37	21	1073	1436498	1435467	0	739	Nla.ragtag.scaffold_chr
AL5G13330	scaffold_5_RagTag	95.533	403	15	2	1	400	1425853	1426255	0	641	Nla.ragtag.scaffold_chr
AL5G13330	scaffold_5_RagTag	79.144	935	145	31	60	978	1439695	1440595	2.39e-170	601	Nla.ragtag.scaffold_chr
AL5G13330	scaffold_5_RagTag	81.127	763	112	22	475	1224	1438003	1438746	8.64e-165	582	Nla.ragtag.scaffold_chr
AL5G13330	scaffold_5_RagTag	76.006	646	110	29	530	1163	1451199	1451811	1.63e-77	292	Nla.ragtag.scaffold_chr
AL5G13330	scaffold_5_RagTag	82.979	188	26	6	970	1157	1445890	1446071	3.71e-39	165	Nla.ragtag.scaffold_chr
AL5G13330	scaffold_7_RagTag	79.44	1250	207	40	21	1238	24362367	24363598	0	839	Nla.ragtag.scaffold_chr
AL5G13330	scaffold_7_RagTag	79.282	1226	207	34	21	1224	24356660	24357860	0	813	Nla.ragtag.scaffold_chr
AL5G13330	scaffold_7_RagTag	79.282	1226	204	38	21	1224	24344959	24346156	0	811	Nla.ragtag.scaffold_chr
AL5G13330	scaffold_7_RagTag	79.795	1168	195	36	21	1163	24366716	24367867	0	811	Nla.ragtag.scaffold_chr
AL5G13330	scaffold_7_RagTag	79.795	1168	195	36	21	1163	24871329	24872480	0	811	Nla.ragtag.scaffold_chr
AL5G13330	scaffold_7_RagTag	77.61	728	124	26	458	1160	24346537	24347250	2.01e-111	405	Nla.ragtag.scaffold_chr
AL5G13330	scaffold_7_RagTag	82.996	247	31	8	912	1151	24359207	24359449	1.31e-53	213	Nla.ragtag.scaffold_chr
AL5G13330	scaffold_7_RagTag	81.89	254	35	8	921	1167	24360261	24360510	7.86e-51	204	Nla.ragtag.scaffold_chr
AL5G13330	scaffold_6_RagTag	79.077	1214	202	32	21	1223	5090433	5089261	0	787	Nla.ragtag.scaffold_chr
AL5G13330	scaffold_1_RagTag	78.547	1170	200	38	21	1166	8814742	8813600	0	723	Nla.ragtag.scaffold_chr
AL5G13330	scaffold_3_RagTag	72.551	1235	243	61	21	1216	13282079	13283256	3.48e-84	315	Nla.ragtag.scaffold_chr
AL5G13330	scaffold_3_RagTag	73.555	813	163	36	293	1079	13294468	13295254	1.28e-68	263	Nla.ragtag.scaffold_chr
AL5G13340	scaffold_5_RagTag	75.589	1061	184	48	235	1269	1416226	1417237	2.03e-126	455	Nla.ragtag.scaffold_chr
AL5G13340	scaffold_5_RagTag	82.018	545	87	6	250	792	1439695	1440230	7.29e-126	453	Nla.ragtag.scaffold_chr
AL5G13340	scaffold_5_RagTag	78.492	451	64	20	838	1269	1435914	1435478	3.66e-69	265	Nla.ragtag.scaffold_chr
AL5G13340	scaffold_7_RagTag	76.565	559	95	25	231	782	24344979	24345508	6.09e-72	274	Nla.ragtag.scaffold_chr
AL5G13340	scaffold_7_RagTag	77.44	461	72	23	838	1269	24362954	24363411	1.33e-63	246	Nla.ragtag.scaffold_chr
AL5G13340	scaffold_7_RagTag	77.252	444	70	19	838	1254	24357247	24357686	3.72e-59	231	Nla.ragtag.scaffold_chr
AL5G13340	scaffold_7_RagTag	76.688	459	76	22	838	1269	24345534	24345988	1.73e-57	226	Nla.ragtag.scaffold_chr
AL5G13350	scaffold_5_RagTag	94.847	1475	71	4	1	1474	1437379	1438849	0	2298	Nla.ragtag.scaffold_chr
AL5G13350	scaffold_5_RagTag	83.824	816	92	28	625	1418	1428339	1429136	0	739	Nla.ragtag.scaffold_chr
AL5G13350	scaffold_5_RagTag	82.225	872	115	24	599	1462	1416624	1417463	0	715	Nla.ragtag.scaffold_chr
AL5G13350	scaffold_5_RagTag	80.911	571	75	15	670	1238	1423832	1424370	8.57e-116	420	Nla.ragtag.scaffold_chr
AL5G13350	scaffold_5_RagTag	79.795	584	83	18	664	1244	1436006	1435455	1.87e-107	392	Nla.ragtag.scaffold_chr
AL5G13350	scaffold_5_RagTag	76.803	707	113	33	670	1364	1451192	1451859	1.14e-94	350	Nla.ragtag.scaffold_chr
AL5G13350	scaffold_5_RagTag	77.273	528	77	20	603	1125	1440094	1440583	9.13e-71	270	Nla.ragtag.scaffold_chr
AL5G13350	scaffold_5_RagTag	89.617	183	14	5	1132	1313	1445893	1446071	5.57e-58	228	Nla.ragtag.scaffold_chr
AL5G13350	scaffold_6_RagTag	80.933	750	103	27	632	1370	5089981	5089261	6.26e-157	556	Nla.ragtag.scaffold_chr
AL5G13350	scaffold_7_RagTag	80.265	755	105	30	667	1392	24362866	24363605	1.36e-148	529	Nla.ragtag.scaffold_chr
AL5G13350	scaffold_7_RagTag	80.244	739	112	24	667	1390	24357159	24357878	1.76e-147	525	Nla.ragtag.scaffold_chr
AL5G13350	scaffold_7_RagTag	81.636	648	93	21	667	1301	24367215	24367849	3.82e-144	514	Nla.ragtag.scaffold_chr
AL5G13350	scaffold_7_RagTag	81.636	648	93	21	667	1301	24871828	24872462	3.82e-144	514	Nla.ragtag.scaffold_chr
AL5G13350	scaffold_7_RagTag	78.659	820	127	32	603	1395	24345382	24346180	2.97e-140	501	Nla.ragtag.scaffold_chr
AL5G13350	scaffold_7_RagTag	78.834	652	103	21	670	1301	24346599	24347235	6.67e-112	407	Nla.ragtag.scaffold_chr
AL5G13350	scaffold_7_RagTag	80.909	440	76	7	56	489	24356613	24357050	6.86e-92	340	Nla.ragtag.scaffold_chr
AL5G13350	scaffold_7_RagTag	79.476	229	22	13	1188	1392	24867991	24868218	2.69e-31	139	Nla.ragtag.scaffold_chr
AL5G13350	scaffold_1_RagTag	78.971	661	107	30	671	1318	8814245	8813604	2.38e-116	422	Nla.ragtag.scaffold_chr
AL5G13350	scaffold_3_RagTag	73.668	657	128	28	677	1318	13282576	13283202	1.56e-53	213	Nla.ragtag.scaffold_chr
AL5G13350	scaffold_3_RagTag	73.204	668	121	37	677	1318	13294711	13295346	2.63e-46	189	Nla.ragtag.scaffold_chr
AL6G22950	scaffold_6_RagTag	98.938	1412	13	1	1	1410	5089080	5090491	0	2523	Nla.ragtag.scaffold_chr
AL6G22950	scaffold_5_RagTag	80.342	1287	184	42	108	1357	1417451	1416197	0	911	Nla.ragtag.scaffold_chr
AL6G22950	scaffold_5_RagTag	80.507	908	138	22	429	1315	1440584	1439695	0	660	Nla.ragtag.scaffold_chr
AL6G22950	scaffold_5_RagTag	78.338	1071	194	30	307	1357	1435451	1436503	0	658	Nla.ragtag.scaffold_chr
AL6G22950	scaffold_5_RagTag	77.037	1080	198	36	310	1357	1424377	1423316	1.65e-162	575	Nla.ragtag.scaffold_chr
AL6G22950	scaffold_5_RagTag	78.692	826	124	35	118	905	1438818	1438007	7.9e-141	503	Nla.ragtag.scaffold_chr
AL6G22950	scaffold_5_RagTag	78.311	687	124	18	188	866	1451859	1451190	8.19e-116	420	Nla.ragtag.scaffold_chr
AL6G22950	scaffold_5_RagTag	83.099	355	54	4	978	1332	1451165	1450817	3.07e-85	318	Nla.ragtag.scaffold_chr
AL6G22950	scaffold_7_RagTag	80.56	1214	189	32	182	1357	24357859	24356655	0	891	Nla.ragtag.scaffold_chr
AL6G22950	scaffold_7_RagTag	80.687	1165	184	28	229	1357	24363521	24362362	0	867	Nla.ragtag.scaffold_chr
AL6G22950	scaffold_7_RagTag	80.763	1154	180	27	241	1357	24367859	24366711	0	863	Nla.ragtag.scaffold_chr
AL6G22950	scaffold_7_RagTag	80.763	1154	180	27	241	1357	24872472	24871324	0	863	Nla.ragtag.scaffold_chr
AL6G22950	scaffold_7_RagTag	79.793	1158	203	24	229	1365	24346092	24344945	0	813	Nla.ragtag.scaffold_chr
AL6G22950	scaffold_7_RagTag	80.122	654	93	19	241	864	24347245	24346599	8.07e-126	453	Nla.ragtag.scaffold_chr
AL6G22950	scaffold_7_RagTag	85.317	252	26	6	246	490	24359448	24359201	1.14e-64	250	Nla.ragtag.scaffold_chr
AL6G22950	scaffold_7_RagTag	84.836	244	27	5	239	475	24360501	24360261	8.85e-61	237	Nla.ragtag.scaffold_chr
AL6G22950	scaffold_7_RagTag	80.69	145	21	5	229	367	24868134	24867991	2.6e-21	106	Nla.ragtag.scaffold_chr
AL6G22950	scaffold_1_RagTag	78.216	1166	211	28	223	1357	8813594	8814747	0	706	Nla.ragtag.scaffold_chr
AL7G52550	scaffold_7_RagTag	95.309	1471	50	5	1	1455	24368125	24366658	0	2316	Nla.ragtag.scaffold_chr
AL7G52550	scaffold_7_RagTag	95.309	1471	50	5	1	1455	24872738	24871271	0	2316	Nla.ragtag.scaffold_chr
AL7G52550	scaffold_7_RagTag	96.695	1301	33	3	162	1455	24363606	24362309	0	2156	Nla.ragtag.scaffold_chr
AL7G52550	scaffold_7_RagTag	91.388	1463	95	15	1	1455	24346345	24344906	0	1975	Nla.ragtag.scaffold_chr
AL7G52550	scaffold_7_RagTag	90.935	1423	92	17	38	1455	24357992	24356602	0	1879	Nla.ragtag.scaffold_chr
AL7G52550	scaffold_7_RagTag	85.616	730	91	8	253	971	24347250	24346524	0	754	Nla.ragtag.scaffold_chr
AL7G52550	scaffold_7_RagTag	86.012	336	32	11	165	495	24360586	24360261	1.46e-93	346	Nla.ragtag.scaffold_chr
AL7G52550	scaffold_7_RagTag	93.103	232	7	3	162	387	24868219	24867991	4.09e-89	331	Nla.ragtag.scaffold_chr
AL7G52550	scaffold_7_RagTag	90.763	249	20	3	263	509	24359448	24359201	1.47e-88	329	Nla.ragtag.scaffold_chr
AL7G52550	scaffold_7_RagTag	95.57	158	0	5	1	153	24365668	24365513	1.52e-63	246	Nla.ragtag.scaffold_chr
AL7G52550	scaffold_7_RagTag	95.57	158	0	5	1	153	24870281	24870126	1.52e-63	246	Nla.ragtag.scaffold_chr
AL7G52550	scaffold_7_RagTag	92.857	42	2	1	167	207	24347378	24347337	2.13e-07	60.2	Nla.ragtag.scaffold_chr
AL7G52550	scaffold_1_RagTag	88.717	1294	131	9	160	1450	8813513	8814794	0	1567	Nla.ragtag.scaffold_chr
AL7G52550	scaffold_5_RagTag	81.581	1189	186	23	250	1428	1417335	1416170	0	952	Nla.ragtag.scaffold_chr
AL7G52550	scaffold_5_RagTag	76.512	1141	198	42	328	1446	1435455	1436547	1.72e-157	558	Nla.ragtag.scaffold_chr
AL7G52550	scaffold_5_RagTag	78.171	875	142	35	165	1020	1429107	1428263	1.36e-143	512	Nla.ragtag.scaffold_chr
AL7G52550	scaffold_5_RagTag	78.856	752	122	25	159	899	1438770	1438045	6.43e-132	473	Nla.ragtag.scaffold_chr
AL7G52550	scaffold_5_RagTag	74.164	658	119	30	250	895	1451811	1451193	1.99e-57	226	Nla.ragtag.scaffold_chr
AL7G52550	scaffold_5_RagTag	87.293	181	12	9	267	446	1446060	1445890	1.56e-48	196	Nla.ragtag.scaffold_chr
AL7G52550	scaffold_6_RagTag	80.342	1170	188	28	241	1402	5089302	5090437	0	848	Nla.ragtag.scaffold_chr
AL7G52550	scaffold_3_RagTag	73.859	723	132	34	191	889	13295400	13294711	3.3e-60	235	Nla.ragtag.scaffold_chr
AL7G52550	scaffold_3_RagTag	76.316	418	69	16	191	593	13283256	13282854	1.56e-48	196	Nla.ragtag.scaffold_chr
AL7G52570	scaffold_7_RagTag	97.867	1313	28	0	45	1357	24357902	24356590	0	2270	Nla.ragtag.scaffold_chr
AL7G52570	scaffold_7_RagTag	91.54	1312	83	15	69	1357	24363603	24362297	0	1783	Nla.ragtag.scaffold_chr
AL7G52570	scaffold_7_RagTag	90.765	1321	96	13	59	1357	24367962	24366646	0	1740	Nla.ragtag.scaffold_chr
AL7G52570	scaffold_7_RagTag	90.765	1321	96	13	59	1357	24872575	24871259	0	1740	Nla.ragtag.scaffold_chr
AL7G52570	scaffold_7_RagTag	88.636	1320	108	22	57	1359	24346186	24344892	0	1568	Nla.ragtag.scaffold_chr
AL7G52570	scaffold_7_RagTag	84.815	731	97	7	142	861	24347250	24346523	0	723	Nla.ragtag.scaffold_chr
AL7G52570	scaffold_7_RagTag	87.234	329	26	12	69	384	24360586	24360261	4.85e-98	361	Nla.ragtag.scaffold_chr
AL7G52570	scaffold_7_RagTag	91.566	249	19	2	152	399	24359448	24359201	1.76e-92	342	Nla.ragtag.scaffold_chr
AL7G52570	scaffold_7_RagTag	81.659	229	18	8	69	276	24868216	24867991	3.15e-40	169	Nla.ragtag.scaffold_chr
AL7G52570	scaffold_7_RagTag	100	30	0	0	82	111	24347366	24347337	2.56e-06	56.5	Nla.ragtag.scaffold_chr
AL7G52570	scaffold_1_RagTag	86.636	1302	140	12	70	1351	8813519	8814806	0	1410	Nla.ragtag.scaffold_chr
AL7G52570	scaffold_5_RagTag	81.149	1236	193	27	95	1317	1417379	1416171	0	955	Nla.ragtag.scaffold_chr
AL7G52570	scaffold_5_RagTag	78.483	725	136	16	74	788	1438759	1438045	6.01e-127	457	Nla.ragtag.scaffold_chr
AL7G52570	scaffold_5_RagTag	77.187	846	150	30	87	909	1429088	1428263	7.78e-126	453	Nla.ragtag.scaffold_chr
AL7G52570	scaffold_5_RagTag	81.633	441	71	9	897	1334	1437867	1437434	6.27e-97	357	Nla.ragtag.scaffold_chr
AL7G52570	scaffold_6_RagTag	80.345	1216	190	34	88	1292	5089261	5090438	0	876	Nla.ragtag.scaffold_chr
AL5G13330	scaffold_5	97.9	1238	25	1	1	1238	1351982	1353218	0	2141	NT1_v2
AL5G13330	scaffold_5	80.505	1108	151	39	60	1146	1360361	1361424	0	789	NT1_v2
AL5G13330	scaffold_5	79.571	1072	154	37	24	1073	1357022	1355994	0	706	NT1_v2
AL5G13330	scaffold_5	83.791	765	91	21	475	1224	1358846	1359592	0	695	NT1_v2
AL5G13330	scaffold_6	79.259	1215	197	35	21	1223	4719204	4718033	0	797	NT1_v2
AL5G13330	scaffold_7	79.145	1170	200	38	21	1163	23285185	23286337	0	769	NT1_v2
AL5G13330	scaffold_7	78.257	1090	193	34	163	1224	23278150	23279223	0	660	NT1_v2
AL5G13330	scaffold_7	79.191	346	56	13	832	1167	23281520	23281859	1.68e-57	226	NT1_v2
AL5G13330	scaffold_7	89.881	168	12	3	912	1075	23280536	23280702	4.7e-53	211	NT1_v2
AL5G13330	scaffold_7	78.814	118	21	3	768	883	23287028	23287143	1.79e-12	76.8	NT1_v2
AL5G13330	scaffold_1	78.462	1170	201	38	21	1166	8686435	8685293	0	717	NT1_v2
AL5G13330	scaffold_3	72.712	1180	230	56	21	1163	13616174	13617298	4.5e-83	311	NT1_v2
AL5G13330	scaffold_3	71.834	1058	210	56	53	1081	13618813	13619811	2.17e-56	222	NT1_v2
AL5G13340	scaffold_5	81.9	442	63	10	838	1269	1360912	1361346	5.88e-97	357	NT1_v2
AL5G13340	scaffold_5	78.049	451	66	20	838	1269	1356441	1356005	7.93e-66	254	NT1_v2
AL5G13340	scaffold_7	77.027	444	71	19	838	1254	23278595	23279034	1.73e-57	226	NT1_v2
AL5G13340	scaffold_3	100	39	0	0	801	839	14831347	14831309	2.38e-11	73.1	NT1_v2
AL5G13350	scaffold_5	99.724	1448	4	0	28	1475	1358249	1359696	0	2652	NT1_v2
AL5G13350	scaffold_5	82.703	873	101	34	625	1475	1352455	1353299	0	730	NT1_v2
AL5G13350	scaffold_5	80.139	720	90	29	603	1313	1360760	1361435	2.32e-136	488	NT1_v2
AL5G13350	scaffold_5	80.911	571	75	16	670	1238	1349965	1350503	8.57e-116	420	NT1_v2
AL5G13350	scaffold_5	79.452	584	85	18	664	1244	1356533	1355982	4.04e-104	381	NT1_v2
AL5G13350	scaffold_5	77.228	707	110	34	670	1364	1367687	1368354	1.13e-99	366	NT1_v2
AL5G13350	scaffold_6	79.376	834	117	37	632	1450	4718754	4717961	8.16e-151	536	NT1_v2
AL5G13350	scaffold_7	79.211	760	112	32	667	1395	23285684	23286428	8.33e-136	486	NT1_v2
AL5G13350	scaffold_7	79.045	754	109	30	667	1390	23278507	23279241	2.33e-131	472	NT1_v2
AL5G13350	scaffold_7	78.448	116	25	0	921	1036	23287028	23287143	2.14e-12	76.8	NT1_v2
AL5G13350	scaffold_1	78.701	662	107	32	671	1318	8685938	8685297	5.16e-113	411	NT1_v2
AL5G13350	scaffold_3	73.82	657	127	28	677	1318	13616671	13617297	3.36e-55	219	NT1_v2
AL5G13350	scaffold_3	72.663	567	116	27	674	1234	13619272	13619805	3.45e-35	152	NT1_v2
AL6G22950	scaffold_6	98.233	1415	18	3	1	1410	4717854	4719266	0	2468	NT1_v2
AL6G22950	scaffold_5	80.689	1103	168	29	235	1315	1361440	1360361	0	815	NT1_v2
AL6G22950	scaffold_5	78.058	1071	197	30	307	1357	1355978	1357030	0	641	NT1_v2
AL6G22950	scaffold_5	80.744	753	105	27	182	905	1359591	1358850	2.78e-155	551	NT1_v2
AL6G22950	scaffold_5	81.004	558	91	10	310	864	1350510	1349965	1.36e-118	429	NT1_v2
AL6G22950	scaffold_5	78.198	688	123	20	188	866	1368354	1367685	3.81e-114	414	NT1_v2
AL6G22950	scaffold_5	83.754	357	49	7	978	1332	1367660	1367311	1.42e-88	329	NT1_v2
AL6G22950	scaffold_7	79.706	1158	190	30	239	1357	23286331	23285180	0	795	NT1_v2
AL6G22950	scaffold_7	79.592	1029	164	30	229	1221	23279159	23278141	0	695	NT1_v2
AL6G22950	scaffold_7	80.899	356	53	9	239	587	23281850	23281503	1.13e-69	267	NT1_v2
AL6G22950	scaffold_7	84.921	252	27	6	246	490	23280777	23280530	5.29e-63	244	NT1_v2
AL6G22950	scaffold_1	78.082	1168	209	32	223	1357	8685287	8686440	0	695	NT1_v2
AL7G52550	scaffold_7	95.776	1373	46	5	92	1455	23286496	23285127	0	2204	NT1_v2
AL7G52550	scaffold_7	91.174	1269	95	11	1	1265	23279396	23278141	0	1707	NT1_v2
AL7G52550	scaffold_7	84.073	496	47	16	165	654	23281935	23281466	1.08e-124	449	NT1_v2
AL7G52550	scaffold_7	90.361	249	21	3	263	509	23280777	23280530	6.85e-87	324	NT1_v2
AL7G52550	scaffold_7	92.593	108	5	3	2	108	23286679	23286574	3.42e-35	152	NT1_v2
AL7G52550	scaffold_1	88.408	1294	135	9	160	1450	8685206	8686487	0	1544	NT1_v2
AL7G52550	scaffold_6	80.273	1171	186	30	241	1402	4718074	4719208	0	841	NT1_v2
AL7G52550	scaffold_5	78.742	1256	211	41	165	1398	1353223	1352002	0	789	NT1_v2
AL7G52550	scaffold_5	79.279	1110	169	43	267	1360	1361424	1360360	0	719	NT1_v2
AL7G52550	scaffold_5	80.449	757	104	29	159	899	1359616	1358888	2.25e-151	538	NT1_v2
AL7G52550	scaffold_5	76.157	1145	202	43	328	1450	1355982	1357077	8.08e-151	536	NT1_v2
AL7G52550	scaffold_5	76.647	167	28	5	1241	1398	1355780	1355616	4.55e-14	82.4	NT1_v2
AL7G52550	scaffold_3	77.437	359	62	10	245	591	13617302	13616951	1.56e-48	196	NT1_v2
AL7G52550	scaffold_3	71.683	731	140	44	191	892	13619964	13619272	7.4e-32	141	NT1_v2
AL7G52570	scaffold_7	96.809	1128	18	2	45	1154	23279268	23278141	0	1868	NT1_v2
AL7G52570	scaffold_7	90.181	1324	99	18	59	1357	23286432	23285115	0	1696	NT1_v2
AL7G52570	scaffold_7	83.402	488	50	16	69	543	23281935	23281466	6.1e-117	424	NT1_v2
AL7G52570	scaffold_7	91.165	249	20	2	152	399	23280777	23280530	8.17e-91	337	NT1_v2
AL7G52570	scaffold_7	96.552	145	5	0	1215	1359	23278143	23277999	6.59e-62	241	NT1_v2
AL7G52570	scaffold_1	87.217	1236	139	10	121	1351	8685278	8686499	0	1389	NT1_v2
AL7G52570	scaffold_6	80.279	1217	188	36	88	1292	4718033	4719209	0	870	NT1_v2
AL7G52570	scaffold_5	78.143	1249	216	40	69	1287	1353223	1352002	0	741	NT1_v2
AL7G52570	scaffold_5	81.038	443	70	12	897	1334	1358710	1358277	6.32e-92	340	NT1_v2
AL5G13330	scaffold_5_RagTag	98.227	1241	19	2	1	1238	1456308	1457548	0	2167	NT12_v2
AL5G13330	scaffold_5_RagTag	81.255	1211	181	31	20	1216	1430472	1431650	0	937	NT12_v2
AL5G13330	scaffold_5_RagTag	79.963	1078	146	40	21	1073	1468074	1467042	0	730	NT12_v2
AL5G13330	scaffold_5_RagTag	83.073	768	96	18	477	1224	1470370	1471123	0	667	NT12_v2
AL5G13330	scaffold_5_RagTag	77.904	706	107	30	459	1146	1476902	1477576	4.68e-108	394	NT12_v2
AL5G13330	scaffold_5_RagTag	75.981	637	113	24	537	1163	1487667	1488273	1.76e-77	292	NT12_v2
AL5G13330	scaffold_7_RagTag	79.369	1236	203	40	21	1224	25143930	25145145	0	822	NT12_v2
AL5G13330	scaffold_7_RagTag	78.331	743	123	26	498	1224	25135937	25136657	1.27e-123	446	NT12_v2
AL5G13330	scaffold_7_RagTag	80.058	346	53	13	832	1167	25138948	25139287	1.79e-62	243	NT12_v2
AL5G13330	scaffold_7_RagTag	82.996	247	31	8	912	1151	25137964	25138206	1.41e-53	213	NT12_v2
AL5G13330	scaffold_6_RagTag	79.407	1214	196	34	21	1223	5412034	5410864	0	808	NT12_v2
AL5G13330	scaffold_3_RagTag	72.632	1235	242	62	21	1216	14838803	14839980	8.06e-86	320	NT12_v2
AL5G13330	scaffold_3_RagTag	74.142	816	153	42	293	1079	14845436	14846222	2.94e-75	285	NT12_v2
AL5G13330	scaffold_3_RagTag	72.212	1058	206	56	53	1081	14842443	14843441	4.99e-63	244	NT12_v2
AL5G13330	scaffold_4_RagTag	88.776	98	10	1	532	629	16614642	16614738	3.15e-25	119	NT12_v2
AL5G13340	scaffold_5_RagTag	75.401	1061	186	48	235	1269	1430497	1431508	4.72e-123	444	NT12_v2
AL5G13340	scaffold_5_RagTag	78.626	393	54	17	902	1269	1470577	1470964	1.11e-59	233	NT12_v2
AL5G13340	scaffold_5_RagTag	88.966	145	15	1	658	802	1476898	1477041	5.29e-43	178	NT12_v2
AL5G13340	scaffold_7_RagTag	76.802	444	72	19	838	1254	25136044	25136483	8.66e-56	220	NT12_v2
AL5G13340	scaffold_8_RagTag	100	39	0	0	801	839	20960937	20960975	2.57e-11	73.1	NT12_v2
AL5G13350	scaffold_5_RagTag	95.418	1484	55	7	1	1475	1469747	1471226	0	2351	NT12_v2
AL5G13350	scaffold_5_RagTag	83.211	816	97	28	625	1418	1456785	1457582	0	712	NT12_v2
AL5G13350	scaffold_5_RagTag	82.197	865	114	24	599	1455	1430895	1431727	0	708	NT12_v2
AL5G13350	scaffold_5_RagTag	79.649	683	98	24	643	1314	1476936	1477588	9.1e-126	453	NT12_v2
AL5G13350	scaffold_5_RagTag	79.287	589	78	21	664	1244	1467582	1467030	2.62e-101	372	NT12_v2
AL5G13350	scaffold_5_RagTag	78.52	554	87	25	823	1364	1487788	1488321	3.44e-90	335	NT12_v2
AL5G13350	scaffold_6_RagTag	80.072	833	112	36	632	1450	5411584	5410792	8.66e-161	569	NT12_v2
AL5G13350	scaffold_7_RagTag	80.291	756	107	27	667	1395	25144429	25145169	1.14e-149	532	NT12_v2
AL5G13350	scaffold_7_RagTag	80.108	739	113	24	667	1390	25135956	25136675	8.84e-146	520	NT12_v2
AL5G13350	scaffold_3_RagTag	73.973	657	126	28	677	1318	14839300	14839926	7.76e-57	224	NT12_v2
AL5G13350	scaffold_3_RagTag	73.77	671	112	43	677	1318	14845679	14846314	2.81e-51	206	NT12_v2
AL5G13350	scaffold_3_RagTag	73.274	565	116	24	674	1234	14842902	14843435	7.93e-42	174	NT12_v2
AL5G13350	scaffold_4_RagTag	85	100	15	0	677	776	16614639	16614738	3.8e-20	102	NT12_v2
AL6G22950	scaffold_6_RagTag	98.444	1414	16	2	1	1410	5410685	5412096	0	2484	NT12_v2
AL6G22950	scaffold_5_RagTag	80.139	1294	187	42	101	1357	1431728	1430468	0	902	NT12_v2
AL6G22950	scaffold_5_RagTag	78.818	1218	199	38	182	1352	1457533	1456328	0	765	NT12_v2
AL6G22950	scaffold_5_RagTag	79.38	839	123	34	108	905	1471201	1470372	1.39e-153	545	NT12_v2
AL6G22950	scaffold_5_RagTag	81.25	704	97	22	239	925	1477587	1476902	8.39e-151	536	NT12_v2
AL6G22950	scaffold_5_RagTag	82.817	355	55	4	978	1332	1487631	1487283	1.54e-83	313	NT12_v2
AL6G22950	scaffold_5_RagTag	83.224	304	48	1	960	1260	1476897	1476594	2.02e-72	276	NT12_v2
AL6G22950	scaffold_7_RagTag	81.56	705	99	21	182	863	25136656	25135960	8.33e-156	553	NT12_v2
AL6G22950	scaffold_7_RagTag	81.871	342	48	7	239	573	25139278	25138944	2.02e-72	276	NT12_v2
AL6G22950	scaffold_7_RagTag	85.317	252	26	7	246	490	25138205	25137958	1.22e-64	250	NT12_v2
AL7G52550	scaffold_7_RagTag	98.084	1461	19	6	1	1455	25145329	25143872	0	2534	NT12_v2
AL7G52550	scaffold_7_RagTag	89.01	919	64	16	1	915	25136825	25135940	0	1103	NT12_v2
AL7G52550	scaffold_7_RagTag	93.358	542	35	1	915	1455	25133503	25132962	0	800	NT12_v2
AL7G52550	scaffold_7_RagTag	84.274	496	46	16	165	654	25139363	25138894	2.5e-126	455	NT12_v2
AL7G52550	scaffold_7_RagTag	90.361	249	21	3	263	509	25138205	25137958	7.37e-87	324	NT12_v2
AL7G52550	scaffold_5_RagTag	81.413	1189	188	23	250	1428	1431606	1430441	0	941	NT12_v2
AL7G52550	scaffold_5_RagTag	79.236	1257	207	42	165	1398	1457553	1456328	0	826	NT12_v2
AL7G52550	scaffold_5_RagTag	76.62	1142	194	41	328	1445	1467030	1468122	1.43e-158	562	NT12_v2
AL7G52550	scaffold_5_RagTag	79.271	796	111	34	133	899	1471180	1470410	6.82e-142	507	NT12_v2
AL7G52550	scaffold_5_RagTag	78.333	720	106	32	255	957	1477588	1476902	9.14e-116	420	NT12_v2
AL7G52550	scaffold_5_RagTag	74.455	642	114	30	250	879	1488273	1487670	4.6e-59	231	NT12_v2
AL7G52550	scaffold_5_RagTag	88.235	68	7	1	1244	1311	1466825	1466759	1.76e-13	80.5	NT12_v2
AL7G52550	scaffold_6_RagTag	80.342	1170	186	29	241	1402	5410905	5412038	0	846	NT12_v2
AL7G52550	scaffold_3_RagTag	74.038	728	122	42	191	889	14846368	14845679	3.55e-60	235	NT12_v2
AL7G52550	scaffold_3_RagTag	75.962	416	74	15	191	593	14839980	14839578	7.8e-47	191	NT12_v2
AL7G52550	scaffold_3_RagTag	71.956	731	138	44	191	892	14843594	14842902	3.68e-35	152	NT12_v2
AL7G52570	scaffold_7_RagTag	90.978	1319	93	17	60	1357	25145173	25143860	0	1753	NT12_v2
AL7G52570	scaffold_7_RagTag	99.474	760	4	0	45	804	25136699	25135940	0	1382	NT12_v2
AL7G52570	scaffold_7_RagTag	98.022	556	11	0	804	1359	25133503	25132948	0	966	NT12_v2
AL7G52570	scaffold_7_RagTag	84.221	488	46	16	69	543	25139363	25138894	1.4e-123	446	NT12_v2
AL7G52570	scaffold_7_RagTag	91.165	249	20	2	152	399	25138205	25137958	8.8e-91	337	NT12_v2
AL7G52570	scaffold_5_RagTag	80.987	1236	195	27	95	1317	1431650	1430442	0	944	NT12_v2
AL7G52570	scaffold_5_RagTag	78.446	1248	218	35	69	1287	1457553	1456328	0	767	NT12_v2
AL7G52570	scaffold_5_RagTag	79.167	744	119	22	69	788	1471141	1470410	1.07e-134	483	NT12_v2
AL7G52570	scaffold_5_RagTag	76.88	718	120	28	144	846	1477588	1476902	4.04e-99	364	NT12_v2
AL7G52570	scaffold_6_RagTag	80.428	1216	187	35	88	1292	5410864	5412039	0	880	NT12_v2
AL5G13330	scaffold_5_RagTag	96.938	1241	35	2	1	1238	1572641	1573881	0	2078	NT8_v2_fix
AL5G13330	scaffold_5_RagTag	81.413	1189	173	31	45	1216	1561693	1562850	0	928	NT8_v2_fix
AL5G13330	scaffold_5_RagTag	79.982	1114	167	35	60	1157	1599484	1600557	0	771	NT8_v2_fix
AL5G13330	scaffold_5_RagTag	80.074	1074	150	36	21	1073	1581994	1580964	0	739	NT8_v2_fix
AL5G13330	scaffold_5_RagTag	82.812	768	92	21	477	1224	1584488	1585235	0	651	NT8_v2_fix
AL5G13330	scaffold_5_RagTag	75.776	644	115	27	530	1163	1607225	1607837	8.1e-76	287	NT8_v2_fix
AL5G13330	scaffold_7_RagTag	79.369	1236	200	41	21	1224	23996134	23997346	0	819	NT8_v2_fix
AL5G13330	scaffold_7_RagTag	78.892	1227	210	35	21	1224	23987672	23988872	0	785	NT8_v2_fix
AL5G13330	scaffold_7_RagTag	80.058	346	53	13	832	1167	23991162	23991501	1.78e-62	243	NT8_v2_fix
AL5G13330	scaffold_7_RagTag	82.996	247	31	8	912	1151	23990178	23990420	1.39e-53	213	NT8_v2_fix
AL5G13330	scaffold_6_RagTag	78.748	1214	192	39	21	1223	5106786	5105628	0	752	NT8_v2_fix
AL5G13330	scaffold_1_RagTag	78.547	1170	200	38	21	1166	9549311	9548169	0	723	NT8_v2_fix
AL5G13330	scaffold_3_RagTag	73.074	1233	240	60	21	1216	14450042	14451219	7.87e-96	353	NT8_v2_fix
AL5G13330	scaffold_3_RagTag	74.11	815	155	40	293	1079	14457756	14458542	2.91e-75	285	NT8_v2_fix
AL5G13340	scaffold_5_RagTag	82.018	545	87	6	250	792	1599484	1600019	7.78e-126	453	NT8_v2_fix
AL5G13340	scaffold_5_RagTag	75.305	1065	184	50	235	1269	1561693	1562708	7.83e-121	436	NT8_v2_fix
AL5G13340	scaffold_5_RagTag	79.793	386	56	13	902	1269	1584695	1585076	5.06e-68	261	NT8_v2_fix
AL5G13340	scaffold_7_RagTag	77.252	444	70	22	838	1254	23996718	23997157	3.97e-59	231	NT8_v2_fix
AL5G13340	scaffold_7_RagTag	76.351	444	74	19	838	1254	23988259	23988698	1.86e-52	209	NT8_v2_fix
AL5G13350	scaffold_5_RagTag	95.482	1483	52	6	1	1474	1583862	1585338	0	2353	NT8_v2_fix
AL5G13350	scaffold_5_RagTag	82.818	873	100	34	625	1475	1573118	1573962	0	736	NT8_v2_fix
AL5G13350	scaffold_5_RagTag	81.933	869	113	26	599	1455	1562091	1562927	0	695	NT8_v2_fix
AL5G13350	scaffold_5_RagTag	80.491	692	89	23	627	1313	1599907	1600557	2.47e-136	488	NT8_v2_fix
AL5G13350	scaffold_5_RagTag	80.56	571	77	17	670	1238	1567379	1567917	1.98e-112	409	NT8_v2_fix
AL5G13350	scaffold_5_RagTag	79.966	584	81	19	664	1244	1581502	1580952	4.29e-109	398	NT8_v2_fix
AL5G13350	scaffold_5_RagTag	76.346	706	118	33	670	1364	1607218	1607885	1.23e-89	333	NT8_v2_fix
AL5G13350	scaffold_6_RagTag	80.072	833	112	36	632	1450	5106348	5105556	8.58e-161	569	NT8_v2_fix
AL5G13350	scaffold_7_RagTag	80.291	756	107	27	667	1395	23996630	23997370	1.13e-149	532	NT8_v2_fix
AL5G13350	scaffold_7_RagTag	79.838	739	115	24	667	1390	23988171	23988890	1.9e-142	508	NT8_v2_fix
AL5G13350	scaffold_1_RagTag	78.82	661	108	30	671	1318	9548814	9548173	1.18e-114	416	NT8_v2_fix
AL5G13350	scaffold_3_RagTag	73.86	658	125	31	677	1318	14450539	14451165	3.58e-55	219	NT8_v2_fix
AL5G13350	scaffold_3_RagTag	73.731	670	114	41	677	1318	14457999	14458634	2.79e-51	206	NT8_v2_fix
AL6G22950	scaffold_6_RagTag	97.806	1413	13	3	1	1409	5105449	5106847	0	2422	NT8_v2_fix
AL6G22950	scaffold_5_RagTag	79.969	1298	186	45	101	1357	1562928	1561664	0	889	NT8_v2_fix
AL6G22950	scaffold_5_RagTag	81.438	1099	159	26	238	1315	1600558	1599484	0	857	NT8_v2_fix
AL6G22950	scaffold_5_RagTag	78.338	1071	193	31	307	1357	1580948	1581999	0	656	NT8_v2_fix
AL6G22950	scaffold_5_RagTag	76.944	1080	199	37	310	1357	1567924	1566863	8.2e-161	569	NT8_v2_fix
AL6G22950	scaffold_5_RagTag	80.08	753	113	24	182	905	1585234	1584490	1.8e-147	525	NT8_v2_fix
AL6G22950	scaffold_5_RagTag	82.303	356	57	4	977	1332	1607192	1606843	9.18e-81	303	NT8_v2_fix
AL6G22950	scaffold_7_RagTag	80.016	1216	192	34	182	1357	23988871	23987667	0	852	NT8_v2_fix
AL6G22950	scaffold_7_RagTag	81.871	342	48	7	239	573	23991492	23991158	2e-72	276	NT8_v2_fix
AL6G22950	scaffold_7_RagTag	85.317	252	26	7	246	490	23990419	23990172	1.21e-64	250	NT8_v2_fix
AL6G22950	scaffold_1_RagTag	78.235	1167	209	30	223	1357	9548163	9549316	0	706	NT8_v2_fix
AL7G52550	scaffold_7_RagTag	97.947	1461	18	7	1	1455	23997530	23996076	0	2521	NT8_v2_fix
AL7G52550	scaffold_7_RagTag	90.349	1461	100	20	1	1455	23989039	23987614	0	1879	NT8_v2_fix
AL7G52550	scaffold_7_RagTag	84.274	496	46	16	165	654	23991577	23991108	2.48e-126	455	NT8_v2_fix
AL7G52550	scaffold_7_RagTag	90.361	249	21	3	263	509	23990419	23990172	7.3e-87	324	NT8_v2_fix
AL7G52550	scaffold_1_RagTag	88.794	1294	130	9	160	1450	9548082	9549363	0	1572	NT8_v2_fix
AL7G52550	scaffold_5_RagTag	81.224	1193	187	25	250	1428	1562806	1561637	0	928	NT8_v2_fix
AL7G52550	scaffold_5_RagTag	78.793	1259	209	42	165	1398	1573886	1572661	0	793	NT8_v2_fix
AL7G52550	scaffold_5_RagTag	78.62	1174	187	46	267	1423	1600546	1599420	0	719	NT8_v2_fix
AL7G52550	scaffold_5_RagTag	76.599	1141	196	43	328	1446	1580952	1582043	1.42e-158	562	NT8_v2_fix
AL7G52550	scaffold_5_RagTag	79.238	761	109	32	159	899	1585259	1584528	3.17e-135	484	NT8_v2_fix
AL7G52550	scaffold_5_RagTag	74.924	658	114	31	250	895	1607837	1607219	9.72e-66	254	NT8_v2_fix
AL7G52550	scaffold_5_RagTag	85.714	77	10	1	1241	1317	1580750	1580675	1.75e-13	80.5	NT8_v2_fix
AL7G52550	scaffold_6_RagTag	79.744	1170	181	34	241	1402	5105669	5106790	0	797	NT8_v2_fix
AL7G52550	scaffold_3_RagTag	74.176	728	121	42	191	889	14458688	14457999	7.57e-62	241	NT8_v2_fix
AL7G52550	scaffold_3_RagTag	75.895	419	69	17	191	593	14451219	14450817	3.6e-45	185	NT8_v2_fix
AL7G52550	scaffold_3_RagTag	80.263	152	25	5	1212	1359	14454903	14454753	2.23e-22	110	NT8_v2_fix
AL7G52570	scaffold_7_RagTag	99.087	1315	12	0	45	1359	23988914	23987600	0	2362	NT8_v2_fix
AL7G52570	scaffold_7_RagTag	91.054	1319	89	19	60	1357	23997374	23996064	0	1755	NT8_v2_fix
AL7G52570	scaffold_7_RagTag	84.221	488	46	16	69	543	23991577	23991108	1.39e-123	446	NT8_v2_fix
AL7G52570	scaffold_7_RagTag	91.165	249	20	2	152	399	23990419	23990172	8.72e-91	337	NT8_v2_fix
AL7G52570	scaffold_1_RagTag	86.713	1302	139	12	70	1351	9548088	9549375	0	1415	NT8_v2_fix
AL7G52570	scaffold_5_RagTag	80.806	1240	194	29	95	1317	1562850	1561638	0	931	NT8_v2_fix
AL7G52570	scaffold_5_RagTag	78.177	1251	216	40	69	1287	1573886	1572661	0	745	NT8_v2_fix
AL7G52570	scaffold_5_RagTag	78.919	740	123	20	69	788	1585254	1584528	2.29e-131	472	NT8_v2_fix
AL7G52570	scaffold_5_RagTag	81.439	431	68	10	908	1334	1584339	1583917	1.87e-92	342	NT8_v2_fix
AL7G52570	scaffold_6_RagTag	79.77	1216	183	36	88	1292	5105628	5106791	0	824	NT8_v2_fix
AL5G13330	scaffold_5_RagTag	98.066	1241	21	2	1	1238	1473825	1475065	0	2156	NT9_v2
AL5G13330	scaffold_5_RagTag	81.688	1185	173	29	45	1216	1462880	1464033	0	946	NT9_v2
AL5G13330	scaffold_5_RagTag	80.236	1103	162	35	60	1146	1481527	1482589	0	778	NT9_v2
AL5G13330	scaffold_5_RagTag	80.558	1075	140	39	21	1073	1477843	1476816	0	763	NT9_v2
AL5G13330	scaffold_5_RagTag	83.073	768	96	18	477	1224	1480144	1480897	0	667	NT9_v2
AL5G13330	scaffold_5_RagTag	76.287	641	110	27	533	1163	1497881	1498489	8.06e-81	303	NT9_v2
AL5G13330	scaffold_6_RagTag	79.407	1214	196	34	21	1223	5577571	5576401	0	808	NT9_v2
AL5G13330	scaffold_7_RagTag	79.126	1236	206	40	21	1224	24742492	24743707	0	806	NT9_v2
AL5G13330	scaffold_7_RagTag	78.99	1228	207	37	21	1224	24733457	24734657	0	791	NT9_v2
AL5G13330	scaffold_7_RagTag	80.058	346	53	13	832	1167	24740743	24741082	1.78e-62	243	NT9_v2
AL5G13330	scaffold_7_RagTag	82.186	247	33	8	912	1151	24739759	24740001	3.02e-50	202	NT9_v2
AL5G13330	scaffold_3_RagTag	72.771	1234	242	60	21	1216	14236907	14238084	3.7e-89	331	NT9_v2
AL5G13330	scaffold_3_RagTag	73.801	813	161	36	293	1079	14243028	14243814	6.32e-72	274	NT9_v2
AL5G13340	scaffold_5_RagTag	82.202	545	86	6	250	792	1481527	1482062	1.67e-127	459	NT9_v2
AL5G13340	scaffold_5_RagTag	75.589	1061	184	48	235	1269	1462880	1463891	2.17e-126	455	NT9_v2
AL5G13340	scaffold_5_RagTag	79.955	449	58	21	838	1269	1477260	1476827	2.99e-80	302	NT9_v2
AL5G13340	scaffold_5_RagTag	78.626	393	54	17	902	1269	1480351	1480738	1.1e-59	233	NT9_v2
AL5G13340	scaffold_7_RagTag	76.802	444	72	22	838	1254	24743079	24743518	8.6e-56	220	NT9_v2
AL5G13340	scaffold_7_RagTag	76.577	444	73	19	838	1254	24734044	24734483	4e-54	215	NT9_v2
AL5G13350	scaffold_5_RagTag	95.954	1483	51	5	1	1474	1479518	1481000	0	2398	NT9_v2
AL5G13350	scaffold_5_RagTag	82.312	865	113	24	599	1455	1463278	1464110	0	713	NT9_v2
AL5G13350	scaffold_5_RagTag	82.966	816	99	28	625	1418	1474302	1475099	0	701	NT9_v2
AL5G13350	scaffold_5_RagTag	79.74	691	96	21	627	1313	1481950	1482600	5.4e-128	460	NT9_v2
AL5G13350	scaffold_5_RagTag	80.56	571	77	17	670	1238	1468563	1469101	1.98e-112	409	NT9_v2
AL5G13350	scaffold_5_RagTag	80.205	586	74	21	664	1244	1477352	1476804	3.32e-110	401	NT9_v2
AL5G13350	scaffold_5_RagTag	77.369	707	108	34	670	1364	1497871	1498537	2.6e-101	372	NT9_v2
AL5G13350	scaffold_6_RagTag	80.072	833	112	36	632	1450	5577121	5576329	8.6e-161	569	NT9_v2
AL5G13350	scaffold_7_RagTag	79.894	756	110	27	667	1395	24742991	24743731	1.14e-144	516	NT9_v2
AL5G13350	scaffold_7_RagTag	79.973	739	114	24	667	1390	24733956	24734675	4.09e-144	514	NT9_v2
AL5G13350	scaffold_3_RagTag	73.82	657	127	28	677	1318	14237404	14238030	3.59e-55	219	NT9_v2
AL5G13350	scaffold_3_RagTag	73.353	668	120	37	677	1318	14243271	14243906	6.05e-48	195	NT9_v2
AL6G22950	scaffold_6_RagTag	98.515	1414	15	2	1	1410	5576222	5577633	0	2490	NT9_v2
AL6G22950	scaffold_5_RagTag	80.216	1294	186	43	101	1357	1464111	1462851	0	907	NT9_v2
AL6G22950	scaffold_5_RagTag	81.141	1087	160	26	250	1315	1482589	1481527	0	830	NT9_v2
AL6G22950	scaffold_5_RagTag	78.654	1218	201	38	182	1352	1475050	1473845	0	754	NT9_v2
AL6G22950	scaffold_5_RagTag	76.944	1080	199	37	310	1357	1469108	1468047	8.21e-161	569	NT9_v2
AL6G22950	scaffold_5_RagTag	79.286	840	123	34	108	905	1480976	1480146	6.44e-152	540	NT9_v2
AL6G22950	scaffold_5_RagTag	88.235	170	16	4	1166	1332	1487968	1487800	1.24e-49	200	NT9_v2
AL6G22950	scaffold_7_RagTag	80.016	1216	192	34	182	1357	24734656	24733452	0	852	NT9_v2
AL6G22950	scaffold_7_RagTag	81.871	342	48	7	239	573	24741073	24740739	2e-72	276	NT9_v2
AL6G22950	scaffold_7_RagTag	84.524	252	28	6	246	490	24740000	24739753	2.63e-61	239	NT9_v2
AL7G52550	scaffold_7_RagTag	97.947	1461	22	6	1	1455	24743892	24742434	0	2525	NT9_v2
AL7G52550	scaffold_7_RagTag	90.486	1461	99	19	1	1455	24734825	24733399	0	1892	NT9_v2
AL7G52550	scaffold_7_RagTag	84.274	496	46	16	165	654	24741158	24740689	2.49e-126	455	NT9_v2
AL7G52550	scaffold_7_RagTag	89.96	249	22	3	263	509	24740000	24739753	3.4e-85	318	NT9_v2
AL7G52550	scaffold_5_RagTag	81.497	1189	187	23	250	1428	1463989	1462824	0	946	NT9_v2
AL7G52550	scaffold_5_RagTag	79.077	1257	209	42	165	1398	1475070	1473845	0	815	NT9_v2
AL7G52550	scaffold_5_RagTag	78.723	1175	184	48	267	1423	1482589	1481463	0	725	NT9_v2
AL7G52550	scaffold_5_RagTag	77.193	1140	188	42	328	1446	1476804	1477892	1.09e-169	599	NT9_v2
AL7G52550	scaffold_5_RagTag	79.581	764	107	31	159	899	1480921	1480184	3.15e-140	501	NT9_v2
AL7G52550	scaffold_5_RagTag	79.885	348	56	10	250	593	1498489	1498152	2.11e-62	243	NT9_v2
AL7G52550	scaffold_5_RagTag	88.235	68	7	1	1244	1311	1476599	1476533	1.75e-13	80.5	NT9_v2
AL7G52550	scaffold_6_RagTag	80.342	1170	186	29	241	1402	5576442	5577575	0	846	NT9_v2
AL7G52550	scaffold_3_RagTag	73.967	726	126	38	191	889	14243960	14243271	3.53e-60	235	NT9_v2
AL7G52550	scaffold_3_RagTag	75.962	416	74	15	191	593	14238084	14237682	7.74e-47	191	NT9_v2
AL7G52570	scaffold_7_RagTag	98.783	1315	16	0	45	1359	24734699	24733385	0	2340	NT9_v2
AL7G52570	scaffold_7_RagTag	90.902	1319	94	17	60	1357	24743735	24742422	0	1748	NT9_v2
AL7G52570	scaffold_7_RagTag	84.221	488	46	16	69	543	24741158	24740689	1.39e-123	446	NT9_v2
AL7G52570	scaffold_7_RagTag	91.165	249	20	2	152	399	24740000	24739753	8.74e-91	337	NT9_v2
AL7G52570	scaffold_5_RagTag	81.068	1236	194	27	95	1317	1464033	1462825	0	950	NT9_v2
AL7G52570	scaffold_5_RagTag	78.285	1248	220	35	69	1287	1475070	1473845	0	756	NT9_v2
AL7G52570	scaffold_5_RagTag	79.06	745	119	23	69	788	1480916	1480184	4.93e-133	477	NT9_v2
AL7G52570	scaffold_5_RagTag	81.439	431	68	10	908	1334	1479995	1479573	1.88e-92	342	NT9_v2
AL7G52570	scaffold_6_RagTag	80.428	1216	187	35	88	1292	5576401	5577576	0	880	NT9_v2
AL5G13330	scaffold_5	98.227	1241	19	2	1	1238	1783227	1784467	0	2167	PU6_v3_fin
AL5G13330	scaffold_5	81.42	1211	179	31	20	1216	1774758	1775936	0	948	PU6_v3_fin
AL5G13330	scaffold_5	79.835	1091	164	35	72	1146	1800127	1801177	0	745	PU6_v3_fin
AL5G13330	scaffold_5	80.148	1078	144	40	21	1073	1787250	1786218	0	741	PU6_v3_fin
AL5G13330	scaffold_5	82.987	770	97	18	475	1224	1789548	1790303	0	665	PU6_v3_fin
AL5G13330	scaffold_5	75.621	644	108	31	530	1163	1811878	1812482	6.28e-72	274	PU6_v3_fin
AL5G13330	scaffold_7	79.109	1235	210	39	21	1224	25965546	25966763	0	808	PU6_v3_fin
AL5G13330	scaffold_7	78.973	1227	209	36	21	1224	25961174	25962374	0	791	PU6_v3_fin
AL5G13330	scaffold_7	88.742	151	12	3	916	1062	25963152	25963301	1.41e-43	180	PU6_v3_fin
AL5G13330	scaffold_6	79.225	1213	202	31	21	1223	4724526	4723354	0	798	PU6_v3_fin
AL5G13330	scaffold_1	78.462	1170	201	38	21	1166	9525115	9523973	0	717	PU6_v3_fin
AL5G13330	scaffold_3	72.632	1235	242	61	21	1216	14567328	14568505	7.95e-86	320	PU6_v3_fin
AL5G13330	scaffold_3	73.624	963	185	48	293	1216	14573653	14574585	6.19e-82	307	PU6_v3_fin
AL5G13340	scaffold_5	75.589	1061	184	48	235	1269	1774783	1775794	2.15e-126	455	PU6_v3_fin
AL5G13340	scaffold_5	82.056	535	85	6	260	792	1800125	1800650	1.3e-123	446	PU6_v3_fin
AL5G13340	scaffold_5	78.372	393	55	17	902	1269	1789757	1790144	5.11e-58	228	PU6_v3_fin
AL5G13340	scaffold_7	77.027	444	71	19	838	1254	25961761	25962200	1.84e-57	226	PU6_v3_fin
AL5G13350	scaffold_5	95.078	1483	64	5	1	1474	1788924	1790406	0	2326	PU6_v3_fin
AL5G13350	scaffold_5	82.312	865	113	24	599	1455	1775181	1776013	0	713	PU6_v3_fin
AL5G13350	scaffold_5	83.211	816	97	28	625	1418	1783704	1784501	0	712	PU6_v3_fin
AL5G13350	scaffold_5	81.069	655	80	21	663	1313	1800574	1801188	1.15e-134	483	PU6_v3_fin
AL5G13350	scaffold_5	80.488	574	72	20	670	1238	1778903	1779441	9.17e-111	403	PU6_v3_fin
AL5G13350	scaffold_5	79.661	590	74	23	664	1244	1786758	1786206	1.2e-104	383	PU6_v3_fin
AL5G13350	scaffold_5	76.901	697	106	35	670	1356	1811871	1812522	5.64e-93	344	PU6_v3_fin
AL5G13350	scaffold_7	80.108	739	113	24	667	1390	25961673	25962392	8.73e-146	520	PU6_v3_fin
AL5G13350	scaffold_7	79.895	761	103	33	667	1395	25966045	25966787	1.46e-143	512	PU6_v3_fin
AL5G13350	scaffold_7	78.638	323	36	14	1020	1316	25963099	25963414	1.3e-44	183	PU6_v3_fin
AL5G13350	scaffold_1	78.852	662	106	32	671	1318	9524618	9523977	1.18e-114	416	PU6_v3_fin
AL5G13350	scaffold_3	74.737	665	112	34	677	1316	14573896	14574529	1.64e-63	246	PU6_v3_fin
AL5G13350	scaffold_3	73.516	657	129	28	677	1318	14567825	14568451	7.72e-52	207	PU6_v3_fin
AL6G22950	scaffold_6	97.167	1412	35	3	1	1410	4723175	4724583	0	2381	PU6_v3_fin
AL6G22950	scaffold_5	80.294	1294	185	43	101	1357	1776014	1774754	0	913	PU6_v3_fin
AL6G22950	scaffold_5	81.827	1051	148	24	250	1280	1801177	1800150	0	843	PU6_v3_fin
AL6G22950	scaffold_5	78.818	1218	199	38	182	1352	1784452	1783247	0	765	PU6_v3_fin
AL6G22950	scaffold_5	78.346	1076	186	36	307	1357	1786202	1787255	0	652	PU6_v3_fin
AL6G22950	scaffold_5	77.294	1079	197	33	310	1357	1779448	1778387	1.74e-167	592	PU6_v3_fin
AL6G22950	scaffold_5	79.398	830	123	32	118	905	1790375	1789552	1.78e-152	542	PU6_v3_fin
AL6G22950	scaffold_5	78.783	641	108	16	230	866	1812485	1811869	2.44e-111	405	PU6_v3_fin
AL6G22950	scaffold_7	80.016	1216	192	34	182	1357	25962373	25961169	0	852	PU6_v3_fin
AL6G22950	scaffold_7	80.172	1165	189	29	229	1357	25966699	25965541	0	833	PU6_v3_fin
AL6G22950	scaffold_7	87.5	208	19	5	331	532	25963305	25963099	1.22e-59	233	PU6_v3_fin
AL6G22950	scaffold_1	78.32	1167	208	30	223	1357	9523967	9525120	0	712	PU6_v3_fin
AL7G52550	scaffold_7	96.805	1377	33	4	92	1461	25966855	25965483	0	2289	PU6_v3_fin
AL7G52550	scaffold_7	90.418	1461	101	19	1	1455	25962543	25961116	0	1886	PU6_v3_fin
AL7G52550	scaffold_7	83.09	343	36	11	229	552	25963438	25963099	2.05e-77	292	PU6_v3_fin
AL7G52550	scaffold_7	91.667	108	6	3	2	108	25967036	25966931	1.69e-33	147	PU6_v3_fin
AL7G52550	scaffold_1	88.872	1294	129	9	160	1450	9523886	9525167	0	1578	PU6_v3_fin
AL7G52550	scaffold_5	81.581	1189	186	23	250	1428	1775892	1774727	0	952	PU6_v3_fin
AL7G52550	scaffold_5	79.236	1257	207	42	165	1398	1784472	1783247	0	826	PU6_v3_fin
AL7G52550	scaffold_5	79.569	1067	160	40	267	1319	1801177	1800155	0	710	PU6_v3_fin
AL7G52550	scaffold_5	76.795	1142	192	41	328	1445	1786206	1787298	6.54e-162	573	PU6_v3_fin
AL7G52550	scaffold_5	78.528	829	125	35	159	962	1790327	1789527	1.46e-138	496	PU6_v3_fin
AL7G52550	scaffold_5	79.48	346	57	10	250	591	1812482	1812147	1.26e-59	233	PU6_v3_fin
AL7G52550	scaffold_5	88.235	68	7	1	1244	1311	1786001	1785935	1.74e-13	80.5	PU6_v3_fin
AL7G52550	scaffold_6	80.753	1169	183	28	241	1401	4723395	4724529	0	874	PU6_v3_fin
AL7G52550	scaffold_3	75	728	115	41	191	889	14574585	14573896	7.43e-72	274	PU6_v3_fin
AL7G52550	scaffold_3	76.555	418	68	16	191	593	14568505	14568103	3.56e-50	202	PU6_v3_fin
AL7G52570	scaffold_7	98.631	1315	18	0	45	1359	25962416	25961102	0	2329	PU6_v3_fin
AL7G52570	scaffold_7	90.374	1309	98	15	59	1345	25966791	25965489	0	1694	PU6_v3_fin
AL7G52570	scaffold_7	82.891	339	38	6	121	441	25963435	25963099	8.87e-76	287	PU6_v3_fin
AL7G52570	scaffold_1	86.79	1302	138	12	70	1351	9523892	9525179	0	1421	PU6_v3_fin
AL7G52570	scaffold_5	81.149	1236	193	27	95	1317	1775936	1774728	0	955	PU6_v3_fin
AL7G52570	scaffold_5	78.446	1248	218	35	69	1287	1784472	1783247	0	767	PU6_v3_fin
AL7G52570	scaffold_5	79.026	739	119	22	74	788	1790316	1789590	6.35e-132	473	PU6_v3_fin
AL7G52570	scaffold_6	80.658	1215	184	34	88	1290	4723354	4724529	0	894	PU6_v3_fin
AL5G13330	scaffold_5_RagTag	98.066	1241	21	2	1	1238	1496557	1497797	0	2156	TE11_v2
AL5G13330	scaffold_5_RagTag	81.42	1211	179	31	20	1216	1475730	1476908	0	948	TE11_v2
AL5G13330	scaffold_5_RagTag	80.476	799	104	26	285	1073	1500850	1500094	3.29e-159	564	TE11_v2
AL5G13330	scaffold_5_RagTag	84.798	421	47	9	475	888	1490207	1489797	5.87e-112	407	TE11_v2
AL5G13330	scaffold_5_RagTag	79.383	616	88	20	21	618	1482587	1483181	3.53e-109	398	TE11_v2
AL5G13330	scaffold_5_RagTag	77.511	707	108	29	459	1146	1513506	1514180	4.6e-103	377	TE11_v2
AL5G13330	scaffold_5_RagTag	86.022	279	27	10	893	1162	1484358	1484083	2.22e-76	289	TE11_v2
AL5G13330	scaffold_5_RagTag	75.776	644	114	25	530	1163	1524293	1524904	7.98e-76	287	TE11_v2
AL5G13330	scaffold_5_RagTag	85.882	170	19	3	475	643	1509899	1510064	1.8e-42	176	TE11_v2
AL5G13330	scaffold_7_RagTag	79.531	1236	201	40	21	1224	24040984	24042199	0	833	TE11_v2
AL5G13330	scaffold_7_RagTag	78.445	1183	206	36	65	1224	24032559	24033715	0	726	TE11_v2
AL5G13330	scaffold_7_RagTag	80.058	346	53	13	832	1167	24036009	24036348	1.75e-62	243	TE11_v2
AL5G13330	scaffold_7_RagTag	82.996	247	31	8	912	1151	24035025	24035267	1.37e-53	213	TE11_v2
AL5G13330	scaffold_6_RagTag	79.242	1214	197	35	21	1223	5244067	5242898	0	795	TE11_v2
AL5G13330	scaffold_3_RagTag	72.794	1235	240	60	21	1216	13814263	13815440	3.63e-89	331	TE11_v2
AL5G13330	scaffold_3_RagTag	72.77	1054	206	50	59	1079	13819968	13820973	3.71e-74	281	TE11_v2
AL5G13330	scaffold_4_RagTag	87.5	104	12	1	532	635	16219182	16219284	3.08e-25	119	TE11_v2
AL5G13340	scaffold_5_RagTag	75.589	1061	184	48	235	1269	1475755	1476766	2.13e-126	455	TE11_v2
AL5G13340	scaffold_5_RagTag	89.189	148	11	3	1126	1269	1484335	1484189	1.44e-43	180	TE11_v2
AL5G13340	scaffold_5_RagTag	88.966	145	15	1	658	802	1513502	1513645	5.16e-43	178	TE11_v2
AL5G13340	scaffold_7_RagTag	77.477	444	69	22	838	1254	24041571	24042010	8.4e-61	237	TE11_v2
AL5G13350	scaffold_5_RagTag	97.028	1043	25	1	1	1043	1490831	1489795	0	1749	TE11_v2
AL5G13350	scaffold_5_RagTag	96.81	815	23	1	1	815	1509278	1510089	0	1358	TE11_v2
AL5G13350	scaffold_5_RagTag	83.333	816	96	28	625	1418	1497034	1497831	0	717	TE11_v2
AL5G13350	scaffold_5_RagTag	82.312	865	113	24	599	1455	1476153	1476985	0	713	TE11_v2
AL5G13350	scaffold_5_RagTag	91.169	385	25	4	1038	1413	1484372	1483988	4.02e-144	514	TE11_v2
AL5G13350	scaffold_5_RagTag	79.209	683	101	24	643	1314	1513540	1514192	8.95e-121	436	TE11_v2
AL5G13350	scaffold_5_RagTag	80.314	574	73	18	670	1238	1492214	1492752	4.22e-109	398	TE11_v2
AL5G13350	scaffold_5_RagTag	79.661	590	74	23	664	1244	1500634	1500082	1.18e-104	383	TE11_v2
AL5G13350	scaffold_5_RagTag	77.286	700	105	35	670	1356	1524286	1524944	1.54e-98	363	TE11_v2
AL5G13350	scaffold_5_RagTag	85.437	103	14	1	664	765	1483079	1483181	2.87e-21	106	TE11_v2
AL5G13350	scaffold_6_RagTag	81.729	717	90	28	665	1370	5243584	5242898	5.09e-158	560	TE11_v2
AL5G13350	scaffold_7_RagTag	80.423	756	106	27	667	1395	24041483	24042223	2.38e-151	538	TE11_v2
AL5G13350	scaffold_7_RagTag	79.946	738	116	22	667	1390	24033014	24033733	4.02e-144	514	TE11_v2
AL5G13350	scaffold_3_RagTag	73.731	670	114	41	677	1318	13820430	13821065	2.75e-51	206	TE11_v2
AL5G13350	scaffold_3_RagTag	73.476	656	127	30	677	1316	13814760	13815384	9.88e-51	204	TE11_v2
AL5G13350	scaffold_4_RagTag	83.036	112	18	1	677	787	16219179	16219290	1.33e-19	100	TE11_v2
AL6G22950	scaffold_6_RagTag	98.373	1414	16	3	1	1410	5242719	5244129	0	2477	TE11_v2
AL6G22950	scaffold_5_RagTag	80.294	1294	185	43	101	1357	1476986	1475726	0	913	TE11_v2
AL6G22950	scaffold_5_RagTag	78.9	1218	198	38	182	1352	1497782	1496577	0	771	TE11_v2
AL6G22950	scaffold_5_RagTag	77.252	1077	201	34	310	1357	1492759	1491698	1.72e-167	592	TE11_v2
AL6G22950	scaffold_5_RagTag	80.824	704	100	25	239	925	1514191	1513506	8.25e-146	520	TE11_v2
AL6G22950	scaffold_5_RagTag	77.43	607	112	17	769	1357	1483181	1482582	2.48e-91	339	TE11_v2
AL6G22950	scaffold_5_RagTag	82.535	355	56	4	978	1332	1524259	1523911	6.99e-82	307	TE11_v2
AL6G22950	scaffold_5_RagTag	84.314	306	38	9	182	479	1484031	1484334	7.04e-77	291	TE11_v2
AL6G22950	scaffold_5_RagTag	83.402	241	37	1	1078	1315	1483180	1483420	9.37e-56	220	TE11_v2
AL6G22950	scaffold_5_RagTag	82.609	253	41	1	960	1209	1513501	1513249	9.37e-56	220	TE11_v2
AL6G22950	scaffold_5_RagTag	76.513	413	71	15	509	902	1489795	1490200	3.39e-50	202	TE11_v2
AL6G22950	scaffold_7_RagTag	79.52	1167	190	33	182	1310	24033714	24032559	0	785	TE11_v2
AL6G22950	scaffold_7_RagTag	81.871	342	48	7	239	573	24036339	24036005	1.97e-72	276	TE11_v2
AL6G22950	scaffold_7_RagTag	84.921	252	27	7	246	490	24035266	24035019	5.56e-63	244	TE11_v2
AL7G52550	scaffold_7_RagTag	98.22	1461	17	6	1	1455	24042383	24040926	0	2545	TE11_v2
AL7G52550	scaffold_7_RagTag	90.287	1359	93	18	1	1354	24033883	24032559	0	1742	TE11_v2
AL7G52550	scaffold_7_RagTag	84.274	496	46	16	165	654	24036424	24035955	2.45e-126	455	TE11_v2
AL7G52550	scaffold_7_RagTag	89.96	249	22	3	263	509	24035266	24035019	3.35e-85	318	TE11_v2
AL7G52550	scaffold_5_RagTag	81.581	1189	186	23	250	1428	1476864	1475699	0	952	TE11_v2
AL7G52550	scaffold_5_RagTag	79.173	1258	206	43	165	1398	1497802	1496577	0	821	TE11_v2
AL7G52550	scaffold_5_RagTag	77.947	721	107	34	255	957	1514192	1513506	8.99e-111	403	TE11_v2
AL7G52550	scaffold_5_RagTag	75.744	874	155	33	328	1193	1500082	1500906	9.05e-106	387	TE11_v2
AL7G52550	scaffold_5_RagTag	81.667	360	38	14	159	510	1484006	1484345	7.35e-72	274	TE11_v2
AL7G52550	scaffold_5_RagTag	74.39	656	120	28	250	895	1524904	1524287	9.65e-61	237	TE11_v2
AL7G52550	scaffold_5_RagTag	88.235	68	7	1	1244	1311	1499877	1499811	1.72e-13	80.5	TE11_v2
AL7G52550	scaffold_6_RagTag	80.325	1169	187	28	241	1402	5242939	5244071	0	845	TE11_v2
AL7G52550	scaffold_3_RagTag	74.176	728	121	42	191	889	13821119	13820430	7.46e-62	241	TE11_v2
AL7G52550	scaffold_3_RagTag	75.895	419	69	17	191	593	13815440	13815038	3.54e-45	185	TE11_v2
AL7G52570	scaffold_7_RagTag	98.582	1199	17	0	45	1243	24033757	24032559	0	2121	TE11_v2
AL7G52570	scaffold_7_RagTag	91.281	1319	89	17	60	1357	24042227	24040914	0	1775	TE11_v2
AL7G52570	scaffold_7_RagTag	84.221	488	46	16	69	543	24036424	24035955	1.37e-123	446	TE11_v2
AL7G52570	scaffold_7_RagTag	90.763	249	21	2	152	399	24035266	24035019	4e-89	331	TE11_v2
AL7G52570	scaffold_7_RagTag	99.174	121	1	0	1239	1359	24024842	24024722	3.25e-55	219	TE11_v2
AL7G52570	scaffold_5_RagTag	81.149	1236	193	27	95	1317	1476908	1475700	0	955	TE11_v2
AL7G52570	scaffold_5_RagTag	78.463	1249	216	36	69	1287	1497802	1496577	0	767	TE11_v2
AL7G52570	scaffold_5_RagTag	76.634	719	120	30	144	846	1514192	1513506	8.53e-96	353	TE11_v2
AL7G52570	scaffold_5_RagTag	80.543	442	74	10	897	1334	1490343	1490776	1.44e-88	329	TE11_v2
AL7G52570	scaffold_5_RagTag	82.883	333	47	5	69	394	1484011	1484340	6.79e-77	291	TE11_v2
AL7G52570	scaffold_6_RagTag	80.46	1218	182	40	88	1292	5242898	5244072	0	880	TE11_v2
AL5G13330	scaffold_5_RagTag:29852-15762170	98.147	1241	20	2	1	1238	1379355	1380595	0	2161	TE4_v1
AL5G13330	scaffold_5_RagTag:29852-15762170	97.491	1076	23	3	1	1072	1391889	1392964	0	1834	TE4_v1
AL5G13330	scaffold_5_RagTag:29852-15762170	81.42	1211	179	31	20	1216	1370141	1371319	0	948	TE4_v1
AL5G13330	scaffold_5_RagTag:29852-15762170	79.697	1123	165	36	39	1146	1393952	1395026	0	752	TE4_v1
AL5G13330	scaffold_5_RagTag:29852-15762170	79.425	1079	153	39	21	1073	1384501	1383466	0	699	TE4_v1
AL5G13330	scaffold_5_RagTag:29852-15762170	75.387	646	109	30	530	1163	1400692	1401299	1.05e-69	267	TE4_v1
AL5G13330	scaffold_7_RagTag:1-29301300	79.45	1236	202	40	21	1224	24638978	24640193	0	828	TE4_v1
AL5G13330	scaffold_7_RagTag:1-29301300	78.956	1226	210	35	21	1224	24621957	24623156	0	791	TE4_v1
AL5G13330	scaffold_7_RagTag:1-29301300	80.058	346	53	13	832	1167	24625450	24625789	1.77e-62	243	TE4_v1
AL5G13330	scaffold_7_RagTag:1-29301300	82.996	247	31	8	912	1151	24624466	24624708	1.39e-53	213	TE4_v1
AL5G13330	scaffold_6_RagTag:0-26949342	79.16	1214	199	34	21	1223	5264649	5263479	0	791	TE4_v1
AL5G13330	scaffold_1_RagTag:94989-32092331	78.547	1170	200	38	21	1166	9518060	9516918	0	723	TE4_v1
AL5G13330	scaffold_3_RagTag:1-25320414	73.624	963	185	48	293	1216	14014100	14015032	6.2e-82	307	TE4_v1
AL5G13330	scaffold_3_RagTag:1-25320414	72.212	1058	206	56	53	1081	14011107	14012105	4.93e-63	244	TE4_v1
AL5G13330	scaffold_4_RagTag:329527-26177039	87.5	104	12	1	532	635	17665295	17665397	3.12e-25	119	TE4_v1
AL5G13340	scaffold_5_RagTag:29852-15762170	83.54	565	71	7	230	792	1393952	1394496	1.63e-142	508	TE4_v1
AL5G13340	scaffold_5_RagTag:29852-15762170	75.589	1061	184	48	235	1269	1370166	1371177	2.16e-126	455	TE4_v1
AL5G13340	scaffold_5_RagTag:29852-15762170	81.9	442	65	10	838	1269	1394512	1394948	1.74e-97	359	TE4_v1
AL5G13340	scaffold_5_RagTag:29852-15762170	77.143	455	67	21	838	1269	1383917	1383477	1.42e-58	230	TE4_v1
AL5G13340	scaffold_7_RagTag:1-29301300	77.477	444	69	22	838	1254	24639565	24640004	8.51e-61	237	TE4_v1
AL5G13350	scaffold_5_RagTag:29852-15762170	88.208	865	72	18	625	1475	1392366	1393214	0	1005	TE4_v1
AL5G13350	scaffold_5_RagTag:29852-15762170	98.221	562	7	1	1	562	1385400	1385958	0	979	TE4_v1
AL5G13350	scaffold_5_RagTag:29852-15762170	82.474	873	103	35	625	1475	1379832	1380676	0	719	TE4_v1
AL5G13350	scaffold_5_RagTag:29852-15762170	82.312	865	113	24	599	1455	1370564	1371396	0	713	TE4_v1
AL5G13350	scaffold_5_RagTag:29852-15762170	80.277	649	85	25	670	1313	1394427	1395037	1.16e-124	449	TE4_v1
AL5G13350	scaffold_5_RagTag:29852-15762170	78.912	588	85	20	664	1244	1384009	1383454	1.56e-98	363	TE4_v1
AL5G13350	scaffold_5_RagTag:29852-15762170	76.803	707	108	36	670	1364	1400685	1401347	1.57e-93	346	TE4_v1
AL5G13350	scaffold_6_RagTag:0-26949342	79.952	833	113	36	632	1450	5264199	5263407	3.98e-159	564	TE4_v1
AL5G13350	scaffold_7_RagTag:1-29301300	80.291	756	107	27	667	1395	24639477	24640217	1.12e-149	532	TE4_v1
AL5G13350	scaffold_7_RagTag:1-29301300	80.217	738	113	23	667	1390	24622456	24623174	6.76e-147	523	TE4_v1
AL5G13350	scaffold_1_RagTag:94989-32092331	78.852	662	106	32	671	1318	9517563	9516922	1.18e-114	416	TE4_v1
AL5G13350	scaffold_3_RagTag:1-25320414	74.737	665	112	34	677	1316	14014343	14014976	1.64e-63	246	TE4_v1
AL5G13350	scaffold_3_RagTag:1-25320414	73.097	565	117	24	674	1234	14011566	14012099	3.65e-40	169	TE4_v1
AL5G13350	scaffold_4_RagTag:329527-26177039	83.036	112	18	1	677	787	17665292	17665403	1.35e-19	100	TE4_v1
AL6G22950	scaffold_6_RagTag:0-26949342	98.372	1413	17	2	1	1409	5263300	5264710	0	2477	TE4_v1
AL6G22950	scaffold_5_RagTag:29852-15762170	80.294	1294	185	43	101	1357	1371397	1370137	0	913	TE4_v1
AL6G22950	scaffold_5_RagTag:29852-15762170	80.088	1130	171	30	250	1357	1395026	1393929	0	791	TE4_v1
AL6G22950	scaffold_5_RagTag:29852-15762170	78.736	1218	200	38	182	1352	1380580	1379375	0	760	TE4_v1
AL6G22950	scaffold_5_RagTag:29852-15762170	78.047	1075	194	31	307	1357	1383450	1384506	0	640	TE4_v1
AL6G22950	scaffold_5_RagTag:29852-15762170	77.18	1078	200	30	310	1357	1375617	1374556	8.12e-166	586	TE4_v1
AL6G22950	scaffold_5_RagTag:29852-15762170	77.18	1078	200	35	310	1357	1389947	1388886	8.12e-166	586	TE4_v1
AL6G22950	scaffold_5_RagTag:29852-15762170	77.875	687	122	20	188	866	1401347	1400683	1.14e-109	399	TE4_v1
AL6G22950	scaffold_5_RagTag:29852-15762170	82.817	355	55	4	978	1332	1400658	1400310	1.52e-83	313	TE4_v1
AL6G22950	scaffold_7_RagTag:1-29301300	80.099	1216	190	35	182	1357	24623155	24621952	0	857	TE4_v1
AL6G22950	scaffold_7_RagTag:1-29301300	81.871	342	48	7	239	573	24625780	24625446	2e-72	276	TE4_v1
AL6G22950	scaffold_7_RagTag:1-29301300	84.921	252	27	7	246	490	24624707	24624460	5.63e-63	244	TE4_v1
AL6G22950	scaffold_1_RagTag:94989-32092331	78.235	1167	209	30	223	1357	9516912	9518065	0	706	TE4_v1
AL7G52550	scaffold_7_RagTag:1-29301300	98.085	1462	18	6	1	1455	24640378	24638920	0	2536	TE4_v1
AL7G52550	scaffold_7_RagTag:1-29301300	90.437	1464	100	19	1	1459	24623324	24621896	0	1892	TE4_v1
AL7G52550	scaffold_7_RagTag:1-29301300	84.274	496	46	16	165	654	24625865	24625396	2.48e-126	455	TE4_v1
AL7G52550	scaffold_7_RagTag:1-29301300	89.96	249	22	3	263	509	24624707	24624460	3.39e-85	318	TE4_v1
AL7G52550	scaffold_1_RagTag:94989-32092331	88.794	1294	130	9	160	1450	9516831	9518112	0	1572	TE4_v1
AL7G52550	scaffold_5_RagTag:29852-15762170	81.581	1189	186	23	250	1428	1371275	1370110	0	952	TE4_v1
AL7G52550	scaffold_5_RagTag:29852-15762170	79.157	1257	208	42	165	1398	1380600	1379375	0	821	TE4_v1
AL7G52550	scaffold_5_RagTag:29852-15762170	78.753	1299	205	47	133	1398	1393169	1391909	0	804	TE4_v1
AL7G52550	scaffold_5_RagTag:29852-15762170	76.332	1145	197	44	328	1446	1383454	1384550	1.43e-153	545	TE4_v1
AL7G52550	scaffold_5_RagTag:29852-15762170	73.86	658	116	34	250	895	1401299	1400686	5.92e-53	211	TE4_v1
AL7G52550	scaffold_6_RagTag:0-26949342	80.256	1170	187	29	241	1402	5263520	5264653	0	841	TE4_v1
AL7G52550	scaffold_3_RagTag:1-25320414	75	728	115	41	191	889	14015032	14014343	7.45e-72	274	TE4_v1
AL7G52550	scaffold_3_RagTag:1-25320414	71.819	731	139	44	191	892	14012258	14011566	1.69e-33	147	TE4_v1
AL7G52570	scaffold_7_RagTag:1-29301300	98.768	1299	15	1	45	1343	24623198	24621901	0	2309	TE4_v1
AL7G52570	scaffold_7_RagTag:1-29301300	91.205	1319	90	17	60	1357	24640221	24638908	0	1770	TE4_v1
AL7G52570	scaffold_7_RagTag:1-29301300	84.221	488	46	16	69	543	24625865	24625396	1.39e-123	446	TE4_v1
AL7G52570	scaffold_7_RagTag:1-29301300	90.763	249	21	2	152	399	24624707	24624460	4.05e-89	331	TE4_v1
AL7G52570	scaffold_1_RagTag:94989-32092331	86.713	1302	139	12	70	1351	9516837	9518124	0	1415	TE4_v1
AL7G52570	scaffold_5_RagTag:29852-15762170	81.149	1236	193	27	95	1317	1371319	1370111	0	955	TE4_v1
AL7G52570	scaffold_5_RagTag:29852-15762170	78.773	1239	226	27	69	1287	1393130	1391909	0	797	TE4_v1
AL7G52570	scaffold_5_RagTag:29852-15762170	78.365	1248	219	35	69	1287	1380600	1379375	0	761	TE4_v1
AL7G52570	scaffold_5_RagTag:29852-15762170	78.194	1174	183	46	156	1312	1395026	1393909	0	682	TE4_v1
AL7G52570	scaffold_5_RagTag:29852-15762170	80.909	440	76	7	897	1334	1385888	1385455	6.73e-92	340	TE4_v1
AL7G52570	scaffold_6_RagTag:0-26949342	80.345	1216	188	35	88	1292	5263479	5264654	0	874	TE4_v1
AL5G13330	scaffold_5_RagTag:609893-23791649	98.55	1241	15	2	1	1238	1441299	1442539	0	2189	TE8_v1
AL5G13330	scaffold_5_RagTag:609893-23791649	81.42	1211	179	31	20	1216	1422388	1423566	0	948	TE8_v1
AL5G13330	scaffold_5_RagTag:609893-23791649	79.892	1114	168	35	60	1157	1449911	1450984	0	765	TE8_v1
AL5G13330	scaffold_5_RagTag:609893-23791649	79.963	1078	142	42	21	1073	1445983	1444955	0	726	TE8_v1
AL5G13330	scaffold_5_RagTag:609893-23791649	82.552	768	94	22	477	1224	1448538	1449285	0	640	TE8_v1
AL5G13330	scaffold_5_RagTag:609893-23791649	75.272	643	111	29	530	1163	1456282	1456885	1.35e-68	263	TE8_v1
AL5G13330	scaffold_7_RagTag:0-28571223	79.369	1236	206	40	21	1224	24426601	24427819	0	824	TE8_v1
AL5G13330	scaffold_7_RagTag:0-28571223	79.347	1225	205	36	21	1224	24416632	24417829	0	817	TE8_v1
AL5G13330	scaffold_7_RagTag:0-28571223	80.357	336	52	11	840	1167	24420154	24420483	1.77e-62	243	TE8_v1
AL5G13330	scaffold_7_RagTag:0-28571223	82.996	247	31	9	912	1151	24419160	24419402	1.38e-53	213	TE8_v1
AL5G13330	scaffold_6_RagTag:0-26335035	79.143	1213	203	31	21	1223	5190024	5188852	0	793	TE8_v1
AL5G13330	scaffold_1_RagTag:13975-33400674	78.547	1170	200	38	21	1166	9454003	9452861	0	723	TE8_v1
AL5G13330	scaffold_3_RagTag:1-26654334	72.794	1235	240	60	21	1216	14167438	14168615	3.66e-89	331	TE8_v1
AL5G13330	scaffold_3_RagTag:1-26654334	72.77	1054	206	50	59	1079	14173143	14174148	3.74e-74	281	TE8_v1
AL5G13340	scaffold_5_RagTag:609893-23791649	82.202	545	86	6	250	792	1449911	1450446	1.66e-127	459	TE8_v1
AL5G13340	scaffold_5_RagTag:609893-23791649	75.589	1061	184	48	235	1269	1422413	1423424	2.15e-126	455	TE8_v1
AL5G13340	scaffold_5_RagTag:609893-23791649	79.845	387	54	16	902	1269	1448745	1449126	5.02e-68	261	TE8_v1
AL5G13340	scaffold_7_RagTag:0-28571223	76.744	559	94	25	231	782	24416652	24417181	1.39e-73	279	TE8_v1
AL5G13340	scaffold_7_RagTag:0-28571223	76.906	459	75	23	838	1269	24417207	24417661	3.94e-59	231	TE8_v1
AL5G13340	scaffold_8_RagTag:0-24591694	100	39	0	0	801	839	2246241	2246203	2.53e-11	73.1	TE8_v1
AL5G13350	scaffold_5_RagTag:609893-23791649	95.347	1483	54	6	1	1474	1447912	1449388	0	2342	TE8_v1
AL5G13350	scaffold_5_RagTag:609893-23791649	82.312	865	113	24	599	1455	1422811	1423643	0	713	TE8_v1
AL5G13350	scaffold_5_RagTag:609893-23791649	83.211	816	97	28	625	1418	1441776	1442573	0	712	TE8_v1
AL5G13350	scaffold_5_RagTag:609893-23791649	80.491	692	89	23	627	1313	1450334	1450984	2.45e-136	488	TE8_v1
AL5G13350	scaffold_5_RagTag:609893-23791649	80.662	574	71	20	670	1238	1438811	1439349	1.97e-112	409	TE8_v1
AL5G13350	scaffold_5_RagTag:609893-23791649	79.322	590	72	25	664	1244	1445491	1444943	3.34e-100	368	TE8_v1
AL5G13350	scaffold_5_RagTag:609893-23791649	76.758	697	106	36	670	1356	1456275	1456925	2.61e-91	339	TE8_v1
AL5G13350	scaffold_7_RagTag:0-28571223	79.947	758	109	28	667	1395	24427100	24427843	3.13e-145	518	TE8_v1
AL5G13350	scaffold_7_RagTag:0-28571223	78.659	820	127	32	603	1395	24417055	24417853	3.15e-140	501	TE8_v1
AL5G13350	scaffold_1_RagTag:13975-33400674	78.852	662	106	32	671	1318	9453506	9452865	1.17e-114	416	TE8_v1
AL5G13350	scaffold_3_RagTag:1-26654334	73.731	670	114	41	677	1318	14173605	14174240	2.77e-51	206	TE8_v1
AL5G13350	scaffold_3_RagTag:1-26654334	73.476	656	127	30	677	1316	14167935	14168559	9.95e-51	204	TE8_v1
AL6G22950	scaffold_6_RagTag:0-26335035	97.096	1412	36	3	1	1410	5188673	5190081	0	2375	TE8_v1
AL6G22950	scaffold_5_RagTag:609893-23791649	80.294	1294	185	43	101	1357	1423644	1422384	0	913	TE8_v1
AL6G22950	scaffold_5_RagTag:609893-23791649	81.347	1099	160	26	238	1315	1450985	1449911	0	852	TE8_v1
AL6G22950	scaffold_5_RagTag:609893-23791649	78.783	1216	203	35	182	1352	1442524	1441319	0	765	TE8_v1
AL6G22950	scaffold_5_RagTag:609893-23791649	78.253	1076	183	40	307	1357	1444939	1445988	0	643	TE8_v1
AL6G22950	scaffold_5_RagTag:609893-23791649	79.261	839	119	37	108	905	1449364	1448540	2.97e-150	534	TE8_v1
AL6G22950	scaffold_5_RagTag:609893-23791649	77.882	850	155	25	310	1144	1439356	1438525	3.89e-139	497	TE8_v1
AL6G22950	scaffold_7_RagTag:0-28571223	80.866	1155	177	29	241	1357	24427744	24426596	0	869	TE8_v1
AL6G22950	scaffold_7_RagTag:0-28571223	80.157	1149	198	23	229	1357	24417765	24416627	0	832	TE8_v1
AL6G22950	scaffold_7_RagTag:0-28571223	81.579	342	49	7	239	573	24420474	24420140	9.24e-71	270	TE8_v1
AL6G22950	scaffold_7_RagTag:0-28571223	85.714	252	25	6	246	490	24419401	24419154	2.59e-66	255	TE8_v1
AL6G22950	scaffold_1_RagTag:13975-33400674	78.235	1167	209	30	223	1357	9452855	9454008	0	706	TE8_v1
AL7G52550	scaffold_7_RagTag:0-28571223	94.765	1471	56	7	1	1455	24428008	24426543	0	2270	TE8_v1
AL7G52550	scaffold_7_RagTag:0-28571223	91.888	1467	88	14	1	1455	24418021	24416574	0	2021	TE8_v1
AL7G52550	scaffold_7_RagTag:0-28571223	84.274	496	46	17	165	654	24420559	24420090	2.46e-126	455	TE8_v1
AL7G52550	scaffold_7_RagTag:0-28571223	90.361	249	21	3	263	509	24419401	24419154	7.25e-87	324	TE8_v1
AL7G52550	scaffold_1_RagTag:13975-33400674	88.794	1294	130	9	160	1450	9452774	9454055	0	1572	TE8_v1
AL7G52550	scaffold_5_RagTag:609893-23791649	81.581	1189	186	23	250	1428	1423522	1422357	0	952	TE8_v1
AL7G52550	scaffold_5_RagTag:609893-23791649	79.554	1257	203	42	165	1398	1442544	1441319	0	848	TE8_v1
AL7G52550	scaffold_5_RagTag:609893-23791649	78.894	1175	182	48	267	1423	1450973	1449847	0	736	TE8_v1
AL7G52550	scaffold_5_RagTag:609893-23791649	76.862	1141	189	43	328	1445	1444943	1446031	1.81e-162	575	TE8_v1
AL7G52550	scaffold_5_RagTag:609893-23791649	79.369	761	108	32	159	899	1449309	1448578	6.76e-137	490	TE8_v1
AL7G52550	scaffold_5_RagTag:609893-23791649	79.48	346	57	10	250	591	1456885	1456550	1.26e-59	233	TE8_v1
AL7G52550	scaffold_5_RagTag:609893-23791649	88.235	68	7	1	1244	1311	1444738	1444672	1.73e-13	80.5	TE8_v1
AL7G52550	scaffold_6_RagTag:0-26335035	80.667	1169	184	28	241	1401	5188893	5190027	0	869	TE8_v1
AL7G52550	scaffold_3_RagTag:1-26654334	74.176	728	121	42	191	889	14174294	14173605	7.51e-62	241	TE8_v1
AL7G52550	scaffold_3_RagTag:1-26654334	75.895	419	69	17	191	593	14168615	14168213	3.57e-45	185	TE8_v1
AL7G52570	scaffold_7_RagTag:0-28571223	90.84	1321	95	13	59	1357	24427847	24426531	0	1746	TE8_v1
AL7G52570	scaffold_7_RagTag:0-28571223	89.545	1320	101	19	57	1359	24417859	24416560	0	1639	TE8_v1
AL7G52570	scaffold_7_RagTag:0-28571223	83.811	488	48	18	69	543	24420559	24420090	2.98e-120	435	TE8_v1
AL7G52570	scaffold_7_RagTag:0-28571223	91.165	249	20	2	152	399	24419401	24419154	8.66e-91	337	TE8_v1
AL7G52570	scaffold_1_RagTag:13975-33400674	86.713	1302	139	12	70	1351	9452780	9454067	0	1415	TE8_v1
AL7G52570	scaffold_5_RagTag:609893-23791649	81.149	1236	193	27	95	1317	1423566	1422358	0	955	TE8_v1
AL7G52570	scaffold_5_RagTag:609893-23791649	78.766	1248	214	35	69	1287	1442544	1441319	0	789	TE8_v1
AL7G52570	scaffold_5_RagTag:609893-23791649	79.324	740	120	21	69	788	1449304	1448578	2.26e-136	488	TE8_v1
AL7G52570	scaffold_5_RagTag:609893-23791649	80.769	442	73	10	897	1334	1448400	1447967	3.11e-90	335	TE8_v1
AL7G52570	scaffold_6_RagTag:0-26335035	80.576	1215	185	34	88	1290	5188852	5190027	0	889	TE8_v1
AL5G13330	scaffold_5_RagTag	98.227	1241	19	2	1	1238	1640269	1641509	0	2167	WS1_v2_s
AL5G13330	scaffold_5_RagTag	81.09	1211	183	31	20	1216	1631238	1632416	0	926	WS1_v2_s
AL5G13330	scaffold_5_RagTag	83.966	711	85	15	533	1224	1659046	1659746	0	654	WS1_v2_s
AL5G13330	scaffold_5_RagTag	80.601	799	103	26	285	1073	1655494	1654738	6.91e-161	569	WS1_v2_s
AL5G13330	scaffold_5_RagTag	77.904	706	107	30	459	1146	1664064	1664738	4.46e-108	394	WS1_v2_s
AL5G13330	scaffold_5_RagTag	75.814	645	113	26	530	1163	1675347	1675959	7.79e-76	287	WS1_v2_s
AL5G13330	scaffold_5_RagTag	88.961	154	17	0	922	1075	1626116	1626269	6.28e-47	191	WS1_v2_s
AL5G13330	scaffold_7_RagTag	79.531	1236	201	40	21	1224	25436322	25437537	0	833	WS1_v2_s
AL5G13330	scaffold_7_RagTag	78.13	1198	210	37	50	1224	25429559	25430727	0	713	WS1_v2_s
AL5G13330	scaffold_7_RagTag	80.938	320	47	11	856	1167	25434611	25434924	6.15e-62	241	WS1_v2_s
AL5G13330	scaffold_7_RagTag	82.591	247	32	8	912	1151	25431944	25432186	6.24e-52	207	WS1_v2_s
AL5G13330	scaffold_6_RagTag	79.325	1214	197	34	21	1223	5292938	5291768	0	802	WS1_v2_s
AL5G13330	scaffold_1_RagTag	78.462	1170	201	38	21	1166	9165306	9164164	0	717	WS1_v2_s
AL5G13330	scaffold_3_RagTag	72.713	1235	241	61	21	1216	14412412	14413589	1.65e-87	326	WS1_v2_s
AL5G13330	scaffold_3_RagTag	73.728	963	184	48	293	1216	14418157	14419089	1.29e-83	313	WS1_v2_s
AL5G13340	scaffold_5_RagTag	75.33	1062	185	50	235	1269	1631263	1632274	2.09e-121	438	WS1_v2_s
AL5G13340	scaffold_5_RagTag	78.626	393	54	17	902	1269	1659200	1659587	1.06e-59	233	WS1_v2_s
AL5G13340	scaffold_5_RagTag	88.966	145	15	1	658	802	1664060	1664203	5.04e-43	178	WS1_v2_s
AL5G13340	scaffold_7_RagTag	77.477	444	69	22	838	1254	25436909	25437348	8.2e-61	237	WS1_v2_s
AL5G13350	scaffold_5_RagTag	94.052	807	38	6	678	1475	1659044	1659849	0	1216	WS1_v2_s
AL5G13350	scaffold_5_RagTag	96.86	605	16	1	1	605	1658444	1659045	0	1009	WS1_v2_s
AL5G13350	scaffold_5_RagTag	82.197	865	114	24	599	1455	1631661	1632493	0	708	WS1_v2_s
AL5G13350	scaffold_5_RagTag	83.551	766	91	23	625	1371	1640746	1641495	0	684	WS1_v2_s
AL5G13350	scaffold_5_RagTag	79.649	683	98	24	643	1314	1664098	1664750	8.67e-126	453	WS1_v2_s
AL5G13350	scaffold_5_RagTag	79.831	590	73	23	664	1244	1655278	1654726	2.48e-106	388	WS1_v2_s
AL5G13350	scaffold_5_RagTag	77.286	700	106	34	670	1356	1675340	1675999	1.5e-98	363	WS1_v2_s
AL5G13350	scaffold_5_RagTag	88.199	161	17	2	1081	1240	1626116	1626275	7.51e-47	191	WS1_v2_s
AL5G13350	scaffold_6_RagTag	80.5	800	102	36	665	1450	5292455	5291696	3.84e-159	564	WS1_v2_s
AL5G13350	scaffold_7_RagTag	80.423	756	106	27	667	1395	25436821	25437561	2.33e-151	538	WS1_v2_s
AL5G13350	scaffold_7_RagTag	79.133	738	119	24	667	1390	25430029	25430745	5.15e-133	477	WS1_v2_s
AL5G13350	scaffold_1_RagTag	78.852	662	106	32	671	1318	9164809	9164168	1.14e-114	416	WS1_v2_s
AL5G13350	scaffold_3_RagTag	74.887	665	111	34	677	1316	14418400	14419033	3.4e-65	252	WS1_v2_s
AL5G13350	scaffold_3_RagTag	73.973	657	126	28	677	1318	14412909	14413535	7.4e-57	224	WS1_v2_s
AL6G22950	scaffold_6_RagTag	98.515	1414	15	2	1	1410	5291589	5293000	0	2490	WS1_v2_s
AL6G22950	scaffold_5_RagTag	80.139	1294	187	42	101	1357	1632494	1631234	0	902	WS1_v2_s
AL6G22950	scaffold_5_RagTag	78.818	1218	199	38	182	1352	1641494	1640289	0	765	WS1_v2_s
AL6G22950	scaffold_5_RagTag	76.716	1078	205	35	310	1357	1636490	1635429	1.71e-157	558	WS1_v2_s
AL6G22950	scaffold_5_RagTag	79.234	809	141	21	307	1107	1654722	1655511	2.22e-151	538	WS1_v2_s
AL6G22950	scaffold_5_RagTag	81.25	704	97	22	239	925	1664749	1664064	8e-151	536	WS1_v2_s
AL6G22950	scaffold_5_RagTag	78.849	643	112	17	230	866	1675962	1675338	1.41e-113	412	WS1_v2_s
AL6G22950	scaffold_5_RagTag	82.817	355	55	4	978	1332	1675313	1674965	1.47e-83	313	WS1_v2_s
AL6G22950	scaffold_5_RagTag	83.553	304	47	1	960	1260	1664059	1663756	4.14e-74	281	WS1_v2_s
AL6G22950	scaffold_5_RagTag	90.625	160	15	0	315	474	1626275	1626116	1.53e-53	213	WS1_v2_s
AL6G22950	scaffold_7_RagTag	79.388	1242	198	40	182	1385	25430726	25429505	0	822	WS1_v2_s
AL6G22950	scaffold_7_RagTag	81.579	342	49	7	239	573	25434915	25434581	8.96e-71	270	WS1_v2_s
AL6G22950	scaffold_7_RagTag	84.921	252	27	6	246	490	25432185	25431938	5.43e-63	244	WS1_v2_s
AL6G22950	scaffold_1_RagTag	78.32	1167	208	30	223	1357	9164158	9165311	0	712	WS1_v2_s
AL7G52550	scaffold_7_RagTag	98.153	1462	19	6	1	1455	25437724	25436264	0	2543	WS1_v2_s
AL7G52550	scaffold_7_RagTag	89.951	1423	94	25	1	1417	25430899	25429520	0	1790	WS1_v2_s
AL7G52550	scaffold_7_RagTag	84.105	497	46	18	165	654	25435000	25434530	1.11e-124	449	WS1_v2_s
AL7G52550	scaffold_7_RagTag	90.361	249	21	3	263	509	25432185	25431938	7.03e-87	324	WS1_v2_s
AL7G52550	scaffold_1_RagTag	88.872	1294	129	9	160	1450	9164077	9165358	0	1578	WS1_v2_s
AL7G52550	scaffold_5_RagTag	81.292	1192	184	25	250	1428	1632372	1631207	0	929	WS1_v2_s
AL7G52550	scaffold_5_RagTag	79.321	1238	203	41	183	1398	1641495	1640289	0	819	WS1_v2_s
AL7G52550	scaffold_5_RagTag	79.108	785	110	34	133	888	1659803	1659044	1.82e-137	492	WS1_v2_s
AL7G52550	scaffold_5_RagTag	78.333	720	106	32	255	957	1664750	1664064	8.71e-116	420	WS1_v2_s
AL7G52550	scaffold_5_RagTag	75.754	862	152	33	328	1181	1654726	1655538	4.11e-104	381	WS1_v2_s
AL7G52550	scaffold_5_RagTag	79.31	348	58	10	250	593	1675959	1675622	4.38e-59	231	WS1_v2_s
AL7G52550	scaffold_5_RagTag	90.385	156	12	1	339	494	1626268	1626116	3.43e-50	202	WS1_v2_s
AL7G52550	scaffold_5_RagTag	90	60	5	1	1244	1303	1643076	1643018	2.17e-12	76.8	WS1_v2_s
AL7G52550	scaffold_6_RagTag	80.325	1169	188	27	241	1402	5291809	5292942	0	846	WS1_v2_s
AL7G52550	scaffold_3_RagTag	75	728	115	41	191	889	14419089	14418400	7.18e-72	274	WS1_v2_s
AL7G52550	scaffold_3_RagTag	76.077	418	70	16	191	593	14413589	14413187	7.43e-47	191	WS1_v2_s
AL7G52570	scaffold_7_RagTag	96.651	1314	18	6	45	1358	25430769	25429482	0	2159	WS1_v2_s
AL7G52570	scaffold_7_RagTag	91.205	1319	90	17	60	1357	25437565	25436252	0	1770	WS1_v2_s
AL7G52570	scaffold_7_RagTag	83.64	489	48	19	69	543	25435000	25434530	3.74e-119	431	WS1_v2_s
AL7G52570	scaffold_7_RagTag	91.165	249	20	2	152	399	25432185	25431938	8.39e-91	337	WS1_v2_s
AL7G52570	scaffold_1_RagTag	86.79	1302	138	12	70	1351	9164083	9165370	0	1421	WS1_v2_s
AL7G52570	scaffold_5_RagTag	80.825	1236	197	27	95	1317	1632416	1631208	0	933	WS1_v2_s
AL7G52570	scaffold_5_RagTag	78.583	1228	215	33	87	1287	1641495	1640289	0	767	WS1_v2_s
AL7G52570	scaffold_5_RagTag	78.99	733	118	22	69	777	1659764	1659044	2.85e-130	468	WS1_v2_s
AL7G52570	scaffold_5_RagTag	76.88	718	120	28	144	846	1664750	1664064	3.85e-99	364	WS1_v2_s
AL7G52570	scaffold_5_RagTag	85.106	188	21	5	225	412	1626271	1626091	3.22e-45	185	WS1_v2_s
AL7G52570	scaffold_6_RagTag	80.46	1218	183	39	88	1292	5291768	5292943	0	880	WS1_v2_s
