qseqid	sseqid	pident	length	mismatch	gapopen	qstart	qend	sstart	send	evalue	bitscore	stitle
AL2G17690	scaffold_2_RagTag	98.654	817	1	3	1359	2168	4436861	4437674	0	1439	73_3a_fixed_genome_15_1_24
AL2G17690	scaffold_2_RagTag	95.673	624	23	4	743	1362	4435970	4436593	0	1000	73_3a_fixed_genome_15_1_24
AL2G17690	scaffold_2_RagTag	90.428	397	14	7	356	732	4435371	4435763	4.54e-140	501	73_3a_fixed_genome_15_1_24
AL2G17690	scaffold_2_RagTag	75.5	1151	205	56	938	2056	4438248	4439353	2.74e-137	492	73_3a_fixed_genome_15_1_24
AL2G17690	scaffold_7_RagTag	73.877	957	210	30	929	1858	668764	669707	2.25e-93	346	73_3a_fixed_genome_15_1_24
AL2G17690	scaffold_7_RagTag	71.044	929	213	47	958	1860	666646	667544	1.13e-41	174	73_3a_fixed_genome_15_1_24
AL2G17710	scaffold_2_RagTag	95.038	524	15	3	1	521	4438233	4438748	0	813	73_3a_fixed_genome_15_1_24
AL2G17710	scaffold_2_RagTag	93.737	479	22	5	709	1186	4438740	4439211	0	712	73_3a_fixed_genome_15_1_24
AL2G17710	scaffold_2_RagTag	81.776	428	70	4	709	1131	4444926	4445350	2.62e-95	351	73_3a_fixed_genome_15_1_24
AL2G17710	scaffold_2_RagTag	80.186	429	65	14	16	431	4436167	4436588	7.45e-81	303	73_3a_fixed_genome_15_1_24
AL2G17710	scaffold_6_RagTag	80.094	427	81	3	709	1132	13600915	13601340	3.44e-84	315	73_3a_fixed_genome_15_1_24
AL2G17710	scaffold_6_RagTag	79.535	430	78	7	709	1132	13652714	13653139	3.47e-79	298	73_3a_fixed_genome_15_1_24
AL2G17710	scaffold_6_RagTag	78.541	466	72	17	43	495	13596639	13597089	3.49e-74	281	73_3a_fixed_genome_15_1_24
AL2G17710	scaffold_6_RagTag	78.186	463	79	10	43	495	13652246	13652696	1.62e-72	276	73_3a_fixed_genome_15_1_24
AL2G17710	scaffold_6_RagTag	83.854	192	31	0	43	234	13662986	13663177	1.01e-44	183	73_3a_fixed_genome_15_1_24
AL2G17710	scaffold_6_RagTag	75.686	255	35	17	258	500	13663169	13663408	2.92e-20	102	73_3a_fixed_genome_15_1_24
AL2G17710	scaffold_7_RagTag	85.088	114	14	2	709	819	383668	383781	1.35e-23	113	73_3a_fixed_genome_15_1_24
AL2G17710	scaffold_7_RagTag	91.379	58	5	0	761	818	10293695	10293638	1.37e-13	80.5	73_3a_fixed_genome_15_1_24
AL2G17710	scaffold_7_RagTag	95.745	47	2	0	762	808	695985	695939	1.77e-12	76.8	73_3a_fixed_genome_15_1_24
AL2G17720	scaffold_2_RagTag	98.039	1377	27	0	1	1377	4444300	4445676	0	2394	73_3a_fixed_genome_15_1_24
AL2G17720	scaffold_2_RagTag	81.306	1332	199	29	10	1310	4438112	4439424	0	1035	73_3a_fixed_genome_15_1_24
AL2G17720	scaffold_6_RagTag	76.253	1217	257	25	158	1361	13652245	13653442	2.73e-175	617	73_3a_fixed_genome_15_1_24
AL2G17720	scaffold_6_RagTag	76.376	745	151	16	622	1361	13600910	13601634	5.04e-103	377	73_3a_fixed_genome_15_1_24
AL2G17720	scaffold_6_RagTag	73.321	551	100	28	158	701	13662985	13663495	1.99e-37	159	73_3a_fixed_genome_15_1_24
AL2G17720	scaffold_7_RagTag	76.923	299	62	6	558	851	667040	667336	1.54e-38	163	73_3a_fixed_genome_15_1_24
AL2G17720	scaffold_7_RagTag	79.592	147	27	3	625	770	383666	383810	3.4e-20	102	73_3a_fixed_genome_15_1_24
AL2G17720	scaffold_7_RagTag	86.207	87	11	1	684	770	10293693	10293608	2.04e-17	93.5	73_3a_fixed_genome_15_1_24
AL2G17720	scaffold_7_RagTag	93.75	48	3	0	680	727	1322315	1322362	2.66e-11	73.1	73_3a_fixed_genome_15_1_24
AL2G17720	scaffold_7_RagTag	93.75	48	3	0	680	727	1336944	1336991	2.66e-11	73.1	73_3a_fixed_genome_15_1_24
AL2G17720	scaffold_7_RagTag	93.75	48	3	0	680	727	1347200	1347247	2.66e-11	73.1	73_3a_fixed_genome_15_1_24
AL6G40420	scaffold_6_RagTag	85.772	984	123	11	1	982	13652387	13653355	0	1026	73_3a_fixed_genome_15_1_24
AL6G40420	scaffold_6_RagTag	82.882	1034	142	22	1	1006	13654915	13655941	0	896	73_3a_fixed_genome_15_1_24
AL6G40420	scaffold_6_RagTag	82.54	693	92	17	327	1009	13600914	13601587	7.69e-165	582	73_3a_fixed_genome_15_1_24
AL6G40420	scaffold_6_RagTag	84.258	559	71	11	410	960	13602203	13602752	1.02e-148	529	73_3a_fixed_genome_15_1_24
AL6G40420	scaffold_6_RagTag	92.754	345	22	3	722	1063	13590950	13591294	1.03e-138	496	73_3a_fixed_genome_15_1_24
AL6G40420	scaffold_6_RagTag	88.438	320	35	2	1	319	13596780	13597098	2.33e-105	385	73_3a_fixed_genome_15_1_24
AL6G40420	scaffold_2_RagTag	77.859	962	173	28	1	945	4438416	4439354	3.6e-158	560	73_3a_fixed_genome_15_1_24
AL6G40420	scaffold_2_RagTag	75.926	972	187	31	63	1007	4444661	4445612	1.75e-126	455	73_3a_fixed_genome_15_1_24
AL6G40420	scaffold_7_RagTag	73.081	899	194	31	20	897	668966	669837	1.46e-72	276	73_3a_fixed_genome_15_1_24
AL6G40420	scaffold_7_RagTag	94.595	37	1	1	785	820	590670	590634	2.07e-06	56.5	73_3a_fixed_genome_15_1_24
AL6G40420	scaffold_7_RagTag	96.875	32	1	0	790	821	594595	594564	7.45e-06	54.7	73_3a_fixed_genome_15_1_24
AL6G40420	scaffold_3_RagTag	85.333	75	8	3	790	864	31360347	31360276	5.72e-12	75	73_3a_fixed_genome_15_1_24
AL6G40430	scaffold_6_RagTag	89.385	1366	131	5	104	1457	13652078	13653441	0	1707	73_3a_fixed_genome_15_1_24
AL6G40430	scaffold_6_RagTag	96.643	715	24	0	16	730	13596386	13597100	0	1188	73_3a_fixed_genome_15_1_24
AL6G40430	scaffold_6_RagTag	94.925	729	35	2	729	1457	13600907	13601633	0	1140	73_3a_fixed_genome_15_1_24
AL6G40430	scaffold_6_RagTag	84.559	1088	149	14	267	1339	13654772	13655855	0	1061	73_3a_fixed_genome_15_1_24
AL6G40430	scaffold_6_RagTag	83.425	543	66	12	817	1341	13602201	13602737	1.1e-134	483	73_3a_fixed_genome_15_1_24
AL6G40430	scaffold_6_RagTag	86.464	362	47	2	104	464	13662821	13663181	1.47e-108	396	73_3a_fixed_genome_15_1_24
AL6G40430	scaffold_6_RagTag	83.537	328	53	1	484	811	13663169	13663495	2.55e-81	305	73_3a_fixed_genome_15_1_24
AL6G40430	scaffold_2_RagTag	78.962	1098	191	26	269	1343	4438275	4439355	0	712	73_3a_fixed_genome_15_1_24
AL6G40430	scaffold_2_RagTag	76.307	1224	235	41	268	1457	4444457	4445659	8.09e-171	603	73_3a_fixed_genome_15_1_24
AL6G40430	scaffold_7_RagTag	73.962	1060	224	35	267	1297	668804	669840	4.12e-104	381	73_3a_fixed_genome_15_1_24
AL6G40430	scaffold_7_RagTag	92.857	42	2	1	1177	1217	590675	590634	2.2e-07	60.2	73_3a_fixed_genome_15_1_24
AL6G40430	scaffold_7_RagTag	96.875	32	1	0	1187	1218	594595	594564	1.02e-05	54.7	73_3a_fixed_genome_15_1_24
AL6G40430	scaffold_3_RagTag	84.286	70	8	3	1187	1256	31360347	31360281	4.72e-09	65.8	73_3a_fixed_genome_15_1_24
AL6G40440	scaffold_6_RagTag	86.604	1284	142	20	315	1591	13652095	13653355	0	1391	73_3a_fixed_genome_15_1_24
AL6G40440	scaffold_6_RagTag	84.826	1094	150	9	461	1548	13654772	13655855	0	1086	73_3a_fixed_genome_15_1_24
AL6G40440	scaffold_6_RagTag	85.393	623	77	9	933	1554	13600914	13601523	3.27e-180	634	73_3a_fixed_genome_15_1_24
AL6G40440	scaffold_6_RagTag	97.977	346	4	1	315	660	13662838	13663180	4.29e-169	597	73_3a_fixed_genome_15_1_24
AL6G40440	scaffold_6_RagTag	84.211	608	93	2	317	924	13596493	13597097	2.58e-166	588	73_3a_fixed_genome_15_1_24
AL6G40440	scaffold_6_RagTag	85.664	565	56	14	1000	1550	13602184	13602737	2.6e-161	571	73_3a_fixed_genome_15_1_24
AL6G40440	scaffold_6_RagTag	97.289	332	8	1	681	1012	13663169	13663499	1.56e-158	562	73_3a_fixed_genome_15_1_24
AL6G40440	scaffold_6_RagTag	84.328	268	35	5	1328	1593	13590950	13591212	2.97e-66	255	73_3a_fixed_genome_15_1_24
AL6G40440	scaffold_2_RagTag	79.452	1095	185	25	475	1552	4438284	4439355	0	739	73_3a_fixed_genome_15_1_24
AL6G40440	scaffold_2_RagTag	77.127	1093	215	30	475	1554	4444467	4445537	3.31e-170	601	73_3a_fixed_genome_15_1_24
AL6G40440	scaffold_2_RagTag	91.558	308	18	4	11	314	14844834	14844531	3.58e-115	418	73_3a_fixed_genome_15_1_24
AL6G40440	scaffold_2_RagTag	91.234	308	19	4	11	314	14566276	14565973	1.67e-113	412	73_3a_fixed_genome_15_1_24
AL6G40440	scaffold_2_RagTag	82.178	303	53	1	465	767	4436194	4436495	2.3e-67	259	73_3a_fixed_genome_15_1_24
AL6G40440	scaffold_2_RagTag	92.593	135	7	3	180	314	13600892	13600761	8.5e-47	191	73_3a_fixed_genome_15_1_24
AL6G40440	scaffold_3_RagTag	96.04	303	10	1	12	314	13175620	13175920	2.08e-137	492	73_3a_fixed_genome_15_1_24
AL6G40440	scaffold_4_RagTag	91.558	308	18	4	11	314	22836369	22836672	3.58e-115	418	73_3a_fixed_genome_15_1_24
AL6G40440	scaffold_7_RagTag	74.294	1062	224	34	461	1502	668804	669836	1e-110	403	73_3a_fixed_genome_15_1_24
AL6G40440	scaffold_7_RagTag	78.788	363	68	7	802	1158	666977	667336	3.87e-60	235	73_3a_fixed_genome_15_1_24
AL6G40440	scaffold_1_RagTag	90.821	207	17	2	13	217	24898631	24898425	2.28e-72	276	73_3a_fixed_genome_15_1_24
AL2G17690	scaffold_2_RagTag	96.803	1439	33	6	743	2168	4330462	4331900	0	2390	AL08_v2_f
AL2G17690	scaffold_2_RagTag	90.226	399	13	7	356	732	4329861	4330255	5.39e-139	497	AL08_v2_f
AL2G17690	scaffold_7_RagTag	73.877	957	210	30	929	1858	713838	714781	2.07e-93	346	AL08_v2_f
AL2G17690	scaffold_7_RagTag	70.86	930	210	45	958	1860	711725	712620	2.89e-37	159	AL08_v2_f
AL2G17690	scaffold_4_RagTag	100	29	0	0	1438	1466	816686	816714	1.4e-05	54.7	AL08_v2_f
AL2G17710	scaffold_2_RagTag	98.081	521	2	1	1	521	4332466	4332978	0	900	AL08_v2_f
AL2G17710	scaffold_2_RagTag	96.444	478	11	3	709	1186	4332970	4333441	0	784	AL08_v2_f
AL2G17710	scaffold_2_RagTag	82.653	490	61	12	36	518	4334971	4335443	1.09e-113	412	AL08_v2_f
AL2G17710	scaffold_2_RagTag	81.585	429	69	6	709	1131	4335438	4335862	1.12e-93	346	AL08_v2_f
AL2G17710	scaffold_2_RagTag	79.719	498	73	18	16	500	4330659	4331141	2.42e-90	335	AL08_v2_f
AL2G17710	scaffold_6_RagTag	82.025	484	72	9	709	1186	13344397	13344871	3.05e-109	398	AL08_v2_f
AL2G17710	scaffold_6_RagTag	79.254	429	81	6	709	1132	13337000	13337425	1.48e-77	292	AL08_v2_f
AL2G17710	scaffold_6_RagTag	78.351	485	80	20	709	1181	13222280	13222751	5.32e-77	291	AL08_v2_f
AL2G17710	scaffold_6_RagTag	78.402	463	78	10	43	495	13336532	13336982	3.2e-74	281	AL08_v2_f
AL2G17710	scaffold_6_RagTag	77.778	468	82	12	43	500	13343929	13344384	2.49e-70	268	AL08_v2_f
AL2G17710	scaffold_6_RagTag	79.726	365	57	14	709	1062	13231779	13231421	3.25e-64	248	AL08_v2_f
AL2G17710	scaffold_3_RagTag	98.429	191	3	0	519	709	11583890	11583700	6.73e-91	337	AL08_v2_f
AL2G17710	scaffold_8_RagTag	94.149	188	11	0	522	709	388113	387926	6.88e-76	287	AL08_v2_f
AL2G17710	scaffold_7_RagTag	85.088	114	14	2	709	819	401649	401762	1.24e-23	113	AL08_v2_f
AL2G17710	scaffold_7_RagTag	91.379	58	5	0	761	818	10201526	10201469	1.25e-13	80.5	AL08_v2_f
AL2G17710	scaffold_7_RagTag	95.745	47	2	0	762	808	743377	743331	1.62e-12	76.8	AL08_v2_f
AL2G17720	scaffold_2_RagTag	97.04	1385	25	2	1	1377	4334812	4336188	0	2316	AL08_v2_f
AL2G17720	scaffold_2_RagTag	81.292	1347	196	28	1	1310	4332327	4333654	0	1040	AL08_v2_f
AL2G17720	scaffold_6_RagTag	77.727	1100	213	27	158	1238	13343928	13345014	0	645	AL08_v2_f
AL2G17720	scaffold_6_RagTag	76.171	1217	258	25	158	1361	13336531	13337728	1.16e-173	612	AL08_v2_f
AL2G17720	scaffold_6_RagTag	75.719	1112	229	34	152	1238	13221805	13222900	7.26e-146	520	AL08_v2_f
AL2G17720	scaffold_7_RagTag	76.333	300	62	8	558	851	712116	712412	3.05e-35	152	AL08_v2_f
AL2G17720	scaffold_7_RagTag	80.272	147	26	3	625	770	401647	401791	6.69e-22	108	AL08_v2_f
AL2G17720	scaffold_7_RagTag	86.207	87	11	1	684	770	10201524	10201439	1.87e-17	93.5	AL08_v2_f
AL2G17720	scaffold_7_RagTag	93.75	48	3	0	680	727	1425251	1425298	2.44e-11	73.1	AL08_v2_f
AL2G17720	scaffold_7_RagTag	93.75	48	3	0	680	727	1438603	1438650	2.44e-11	73.1	AL08_v2_f
AL2G17720	scaffold_7_RagTag	93.75	48	3	0	680	727	1452660	1452707	2.44e-11	73.1	AL08_v2_f
AL6G40420	scaffold_6_RagTag	95.31	1066	46	4	1	1063	13221953	13223017	0	1688	AL08_v2_f
AL6G40420	scaffold_6_RagTag	96.403	695	25	0	1	695	13232106	13231412	0	1146	AL08_v2_f
AL6G40420	scaffold_6_RagTag	86.203	993	125	8	1	987	13344070	13345056	0	1064	AL08_v2_f
AL6G40420	scaffold_6_RagTag	85.569	984	125	11	1	982	13336673	13337641	0	1014	AL08_v2_f
AL6G40420	scaffold_6_RagTag	82.381	1033	151	19	1	1006	13340069	13341097	0	870	AL08_v2_f
AL6G40420	scaffold_2_RagTag	77.154	1033	189	31	1	1009	4332649	4333658	4.27e-157	556	AL08_v2_f
AL6G40420	scaffold_2_RagTag	75.386	971	194	29	63	1007	4335173	4336124	3.5e-118	427	AL08_v2_f
AL6G40420	scaffold_7_RagTag	73.081	899	194	31	20	897	714040	714911	1.34e-72	276	AL08_v2_f
AL6G40420	scaffold_7_RagTag	94.595	37	1	1	785	820	626237	626201	1.9e-06	56.5	AL08_v2_f
AL6G40430	scaffold_6_RagTag	89.239	1366	133	5	104	1457	13336364	13337727	0	1696	AL08_v2_f
AL6G40430	scaffold_6_RagTag	85.144	1252	175	8	104	1345	13343764	13345014	0	1271	AL08_v2_f
AL6G40430	scaffold_6_RagTag	84.282	1177	147	27	267	1420	13221810	13222971	0	1114	AL08_v2_f
AL6G40430	scaffold_6_RagTag	84.467	1088	152	13	267	1339	13339926	13341011	0	1057	AL08_v2_f
AL6G40430	scaffold_6_RagTag	85.936	839	109	9	267	1099	13232249	13231414	0	887	AL08_v2_f
AL6G40430	scaffold_2_RagTag	78.799	1099	192	26	269	1345	4332508	4333587	0	701	AL08_v2_f
AL6G40430	scaffold_2_RagTag	75.676	1221	240	37	268	1457	4334977	4336171	5.86e-157	556	AL08_v2_f
AL6G40430	scaffold_7_RagTag	73.962	1060	224	35	267	1297	713878	714914	3.78e-104	381	AL08_v2_f
AL6G40430	scaffold_7_RagTag	92.857	42	2	1	1177	1217	626242	626201	2.01e-07	60.2	AL08_v2_f
AL6G40440	scaffold_6_RagTag	98.51	1342	14	2	315	1656	13343781	13345116	0	2362	AL08_v2_f
AL6G40440	scaffold_6_RagTag	86.526	1284	143	20	315	1591	13336381	13337641	0	1386	AL08_v2_f
AL6G40440	scaffold_6_RagTag	84.825	1140	152	14	461	1593	13221810	13222935	0	1127	AL08_v2_f
AL6G40440	scaffold_6_RagTag	84.461	1094	156	8	461	1548	13339926	13341011	0	1066	AL08_v2_f
AL6G40440	scaffold_6_RagTag	85.172	843	115	7	461	1298	13232249	13231412	0	856	AL08_v2_f
AL6G40440	scaffold_2_RagTag	79.389	1145	189	30	475	1596	4332517	4333637	0	763	AL08_v2_f
AL6G40440	scaffold_2_RagTag	77.834	1182	214	33	465	1612	4330686	4331853	0	688	AL08_v2_f
AL6G40440	scaffold_2_RagTag	76.761	1093	211	31	475	1554	4334987	4336049	2.38e-161	571	AL08_v2_f
AL6G40440	scaffold_2_RagTag	91.234	308	19	4	11	314	11077575	11077272	1.53e-113	412	AL08_v2_f
AL6G40440	scaffold_3_RagTag	91.558	308	18	4	11	314	8506366	8506669	3.28e-115	418	AL08_v2_f
AL6G40440	scaffold_7_RagTag	74.294	1062	224	34	461	1502	713878	714910	9.19e-111	403	AL08_v2_f
AL2G17690	scaffold_2_RagTag	94.726	1403	51	10	784	2168	5107743	5109140	0	2159	al1_v2_s
AL2G17690	scaffold_2_RagTag	91.587	416	15	11	333	735	5107341	5107749	9.76e-157	556	al1_v2_s
AL2G17690	scaffold_7_RagTag	73.365	1055	215	52	1037	2058	734946	735967	6.44e-89	331	al1_v2_s
AL2G17690	scaffold_7_RagTag	73.278	958	202	39	929	1858	738404	739335	5.05e-80	302	al1_v2_s
AL2G17690	scaffold_7_RagTag	71.044	929	213	47	958	1860	736271	737169	1.15e-41	174	al1_v2_s
AL2G17710	scaffold_2_RagTag	95.38	368	11	3	819	1186	5136526	5136887	3.14e-164	580	al1_v2_s
AL2G17710	scaffold_2_RagTag	94.708	359	8	3	166	521	5122193	5122543	3.18e-154	547	al1_v2_s
AL2G17710	scaffold_2_RagTag	81.967	427	70	4	709	1131	5145433	5145856	2.07e-96	355	al1_v2_s
AL2G17710	scaffold_2_RagTag	80.16	499	69	21	16	500	5107895	5108377	1.25e-93	346	al1_v2_s
AL2G17710	scaffold_2_RagTag	98.404	188	3	0	522	709	1818710	1818897	3.49e-89	331	al1_v2_s
AL2G17710	scaffold_2_RagTag	96.364	165	6	0	1	165	5117069	5117233	2.15e-71	272	al1_v2_s
AL2G17710	scaffold_2_RagTag	100	115	0	0	709	823	5122535	5122649	1.32e-53	213	al1_v2_s
AL2G17710	scaffold_8_RagTag	98.404	188	3	0	522	709	15888529	15888342	3.49e-89	331	al1_v2_s
AL2G17710	scaffold_8_RagTag	95.745	188	8	0	522	709	19334581	19334768	7.61e-81	303	al1_v2_s
AL2G17710	scaffold_6_RagTag	79.859	427	82	3	709	1132	15164955	15165380	1.64e-82	309	al1_v2_s
AL2G17710	scaffold_6_RagTag	78.992	476	76	14	36	500	15132229	15132691	7.61e-81	303	al1_v2_s
AL2G17710	scaffold_6_RagTag	79.079	478	72	15	36	500	15141338	15141800	7.61e-81	303	al1_v2_s
AL2G17710	scaffold_6_RagTag	77.755	490	85	14	43	521	15201412	15201888	1.28e-73	279	al1_v2_s
AL2G17710	scaffold_6_RagTag	83.566	286	43	2	709	991	15132704	15132988	3.59e-69	265	al1_v2_s
AL2G17710	scaffold_6_RagTag	77.723	404	68	17	43	432	15164231	15164626	4.71e-58	228	al1_v2_s
AL2G17710	scaffold_1_RagTag	85.185	108	12	3	569	672	126657	126764	6.4e-22	108	al1_v2_s
AL2G17710	scaffold_7_RagTag	91.379	58	5	0	761	818	11306724	11306667	1.4e-13	80.5	al1_v2_s
AL2G17710	scaffold_7_RagTag	95.745	47	2	0	762	808	764259	764213	1.81e-12	76.8	al1_v2_s
AL2G17720	scaffold_2_RagTag	97.879	1226	25	1	152	1377	5144958	5146182	0	2119	al1_v2_s
AL2G17720	scaffold_2_RagTag	81.132	583	88	10	741	1310	5136527	5137100	3.87e-124	448	al1_v2_s
AL2G17720	scaffold_2_RagTag	74.288	1159	222	58	127	1238	5107890	5109019	8.43e-116	420	al1_v2_s
AL2G17720	scaffold_2_RagTag	83.153	463	69	6	278	739	5122190	5122644	3.92e-114	414	al1_v2_s
AL2G17720	scaffold_2_RagTag	96.471	85	3	0	1	85	5144865	5144949	7.35e-32	141	al1_v2_s
AL2G17720	scaffold_6_RagTag	76.854	782	161	14	152	923	15132229	15133000	6.52e-117	424	al1_v2_s
AL2G17720	scaffold_6_RagTag	77.571	700	143	11	158	850	15201411	15202103	5.08e-113	411	al1_v2_s
AL2G17720	scaffold_6_RagTag	78.477	604	123	4	588	1189	15164916	15165514	2.38e-106	388	al1_v2_s
AL2G17720	scaffold_7_RagTag	76.736	288	59	7	558	839	736665	736950	9.44e-36	154	al1_v2_s
AL2G17720	scaffold_7_RagTag	86.207	87	11	1	684	770	11306722	11306637	2.09e-17	93.5	al1_v2_s
AL2G17720	scaffold_7_RagTag	93.75	48	3	0	680	727	1447255	1447302	2.72e-11	73.1	al1_v2_s
AL6G40420	scaffold_6_RagTag	83.735	996	140	14	1	989	15141486	15142466	0	922	al1_v2_s
AL6G40420	scaffold_6_RagTag	84.372	947	139	5	1	942	15189476	15190418	0	920	al1_v2_s
AL6G40420	scaffold_6_RagTag	85.895	631	78	10	1	627	15132377	15133000	0	662	al1_v2_s
AL6G40420	scaffold_6_RagTag	83.626	684	94	12	253	933	15164880	15165548	3.58e-178	627	al1_v2_s
AL6G40420	scaffold_6_RagTag	86.388	551	73	2	1	550	15201553	15202102	2.17e-170	601	al1_v2_s
AL6G40420	scaffold_6_RagTag	88.158	304	34	2	589	891	15205051	15205353	4.01e-98	361	al1_v2_s
AL6G40420	scaffold_6_RagTag	90.805	261	22	2	1	260	15164372	15164631	3.12e-94	348	al1_v2_s
AL6G40420	scaffold_6_RagTag	97.674	43	1	0	964	1006	15190462	15190504	5.84e-12	75	al1_v2_s
AL6G40420	scaffold_2_RagTag	77.513	965	184	22	1	944	5108063	5109015	7.96e-155	549	al1_v2_s
AL6G40420	scaffold_2_RagTag	75.798	971	189	30	63	1007	5145168	5146118	8.31e-125	449	al1_v2_s
AL6G40420	scaffold_2_RagTag	77.352	574	104	16	454	1009	5136539	5137104	8.79e-85	316	al1_v2_s
AL6G40420	scaffold_2_RagTag	78.174	449	76	13	1	441	5122211	5122645	8.98e-70	267	al1_v2_s
AL6G40420	scaffold_7_RagTag	74.009	681	137	27	234	897	738808	739465	5.44e-62	241	al1_v2_s
AL6G40420	scaffold_7_RagTag	97.059	34	0	1	785	817	651174	651141	2.12e-06	56.5	al1_v2_s
AL6G40420	scaffold_3_RagTag	85.714	84	7	5	782	864	18842516	18842437	9.71e-15	84.2	al1_v2_s
AL6G40420	scaffold_8_RagTag	97.059	34	0	1	785	817	12938526	12938493	2.12e-06	56.5	al1_v2_s
AL6G40430	scaffold_6_RagTag	99.103	669	6	0	662	1330	15164880	15165548	0	1203	al1_v2_s
AL6G40430	scaffold_6_RagTag	86.71	1076	138	5	267	1339	15141343	15142416	0	1190	al1_v2_s
AL6G40430	scaffold_6_RagTag	84.743	1088	149	13	267	1339	15189333	15190418	0	1074	al1_v2_s
AL6G40430	scaffold_6_RagTag	95.536	672	22	4	2	670	15163966	15164632	0	1068	al1_v2_s
AL6G40430	scaffold_6_RagTag	85.198	858	125	2	104	960	15201247	15202103	0	880	al1_v2_s
AL6G40430	scaffold_6_RagTag	87.24	768	96	2	267	1033	15132234	15133000	0	874	al1_v2_s
AL6G40430	scaffold_6_RagTag	91.344	439	26	2	1031	1457	15133414	15133852	6.43e-167	590	al1_v2_s
AL6G40430	scaffold_6_RagTag	98.54	137	1	1	1322	1457	15187862	15187998	7.46e-62	241	al1_v2_s
AL6G40430	scaffold_2_RagTag	78.332	1103	190	33	278	1345	5107931	5109019	0	667	al1_v2_s
AL6G40430	scaffold_2_RagTag	76.288	1223	236	41	268	1457	5144964	5146165	8.26e-171	603	al1_v2_s
AL6G40430	scaffold_2_RagTag	79.637	496	87	7	861	1343	5136537	5137031	5.53e-93	344	al1_v2_s
AL6G40430	scaffold_7_RagTag	72.968	1058	226	41	267	1297	738444	739468	4.33e-84	315	al1_v2_s
AL6G40430	scaffold_7_RagTag	94.872	39	1	1	1177	1214	651179	651141	2.24e-07	60.2	al1_v2_s
AL6G40430	scaffold_3_RagTag	84.146	82	8	5	1177	1256	18842520	18842442	8.01e-12	75	al1_v2_s
AL6G40430	scaffold_8_RagTag	97.059	34	0	1	1182	1214	12938526	12938493	2.9e-06	56.5	al1_v2_s
AL6G40440	scaffold_6_RagTag	97.746	843	16	1	315	1157	15201264	15202103	0	1448	al1_v2_s
AL6G40440	scaffold_6_RagTag	84.957	1150	148	18	461	1604	15141343	15142473	0	1142	al1_v2_s
AL6G40440	scaffold_6_RagTag	85.192	1094	148	8	461	1548	15189333	15190418	0	1110	al1_v2_s
AL6G40440	scaffold_6_RagTag	91.44	771	61	3	461	1230	15132234	15133000	0	1053	al1_v2_s
AL6G40440	scaffold_6_RagTag	85.022	681	90	7	859	1539	15164880	15165548	0	682	al1_v2_s
AL6G40440	scaffold_6_RagTag	96.491	342	9	1	1155	1496	15205014	15205352	1.6e-158	562	al1_v2_s
AL6G40440	scaffold_6_RagTag	83.063	555	91	2	317	871	15164085	15164636	3.53e-140	501	al1_v2_s
AL6G40440	scaffold_6_RagTag	100	162	0	0	1495	1656	15205613	15205774	1.38e-79	300	al1_v2_s
AL6G40440	scaffold_2_RagTag	77.443	1095	207	35	475	1554	5144974	5146043	3.36e-175	617	al1_v2_s
AL6G40440	scaffold_2_RagTag	78.966	561	94	15	1058	1602	5136537	5137089	6.25e-98	361	al1_v2_s
AL6G40440	scaffold_2_RagTag	79.87	462	71	12	596	1049	5122200	5122647	3.82e-85	318	al1_v2_s
AL6G40440	scaffold_3_RagTag	91.558	308	18	4	11	314	1972006	1971703	3.66e-115	418	al1_v2_s
AL6G40440	scaffold_5_RagTag	91.234	308	19	4	11	314	16872841	16873144	1.7e-113	412	al1_v2_s
AL6G40440	scaffold_7_RagTag	73.674	1056	223	36	465	1502	738446	739464	2.25e-97	359	al1_v2_s
AL6G40440	scaffold_7_RagTag	73.563	696	153	23	461	1146	736276	736950	1.1e-60	237	al1_v2_s
AL2G17690	scaffold_2_RagTag	96.574	2189	51	10	1	2168	4136319	4138504	0	3605	AL27_v1
AL2G17690	scaffold_7_RagTag	73.563	957	213	30	929	1858	686655	687598	2.09e-88	329	AL27_v1
AL2G17690	scaffold_7_RagTag	70.954	933	204	52	958	1860	684538	685433	2.9e-37	159	AL27_v1
AL2G17690	scaffold_4_RagTag	100	29	0	0	1438	1466	643199	643227	1.41e-05	54.7	AL27_v1
AL2G17710	scaffold_2_RagTag	92.516	481	27	5	709	1186	4143945	4144419	0	680	AL27_v1
AL2G17710	scaffold_2_RagTag	80.361	499	68	18	16	500	4137259	4137741	2.42e-95	351	AL27_v1
AL2G17710	scaffold_2_RagTag	81.776	428	70	4	709	1131	4155565	4155989	2.42e-95	351	AL27_v1
AL2G17710	scaffold_2_RagTag	88.538	253	12	3	278	521	4143709	4143953	5.34e-77	291	AL27_v1
AL2G17710	scaffold_2_RagTag	93.333	105	5	2	1	104	4139152	4139255	7.31e-36	154	AL27_v1
AL2G17710	scaffold_2_RagTag	94.366	71	4	0	212	282	4139251	4139321	1.61e-22	110	AL27_v1
AL2G17710	scaffold_4_RagTag	98.413	189	3	0	522	710	20756335	20756147	8.75e-90	333	AL27_v1
AL2G17710	scaffold_6_RagTag	79.487	429	80	6	709	1132	13589516	13589941	3.19e-79	298	AL27_v1
AL2G17710	scaffold_6_RagTag	78.205	468	80	14	43	500	13600380	13600835	1.16e-73	279	AL27_v1
AL2G17710	scaffold_6_RagTag	78.186	463	79	10	43	495	13589048	13589498	1.5e-72	276	AL27_v1
AL2G17710	scaffold_6_RagTag	93.617	47	3	0	904	950	13601503	13601549	7.58e-11	71.3	AL27_v1
AL2G17710	scaffold_7_RagTag	84.211	114	15	2	709	819	397971	398084	5.78e-22	108	AL27_v1
AL2G17710	scaffold_7_RagTag	81.132	106	17	3	716	818	10226764	10226659	3.5e-14	82.4	AL27_v1
AL2G17710	scaffold_7_RagTag	95.745	47	2	0	762	808	724379	724333	1.63e-12	76.8	AL27_v1
AL2G17720	scaffold_2_RagTag	97.598	1374	28	4	6	1377	4154945	4156315	0	2350	AL27_v1
AL2G17720	scaffold_2_RagTag	82.903	930	137	14	394	1310	4143709	4144629	0	817	AL27_v1
AL2G17720	scaffold_2_RagTag	74.767	967	194	41	118	1053	4137243	4138190	2.15e-106	388	AL27_v1
AL2G17720	scaffold_2_RagTag	77.215	237	30	16	1	213	4139013	4139249	1.12e-24	117	AL27_v1
AL2G17720	scaffold_6_RagTag	76.253	1217	257	25	158	1361	13589047	13590244	2.51e-175	617	AL27_v1
AL2G17720	scaffold_6_RagTag	77.632	684	139	11	158	834	13600379	13601055	7.66e-111	403	AL27_v1
AL2G17720	scaffold_6_RagTag	94	50	3	0	823	872	13601502	13601551	1.9e-12	76.8	AL27_v1
AL2G17720	scaffold_7_RagTag	76.589	299	63	6	558	851	684929	685225	6.59e-37	158	AL27_v1
AL2G17720	scaffold_7_RagTag	79.592	147	27	3	625	770	397969	398113	3.13e-20	102	AL27_v1
AL2G17720	scaffold_7_RagTag	79.861	144	22	7	630	770	10226768	10226629	4.05e-19	99	AL27_v1
AL2G17720	scaffold_7_RagTag	93.75	48	3	0	680	727	1359667	1359714	2.45e-11	73.1	AL27_v1
AL6G40420	scaffold_6_RagTag	85.671	984	124	11	1	982	13589189	13590157	0	1020	AL27_v1
AL6G40420	scaffold_6_RagTag	84.494	948	136	7	1	942	13591724	13592666	0	926	AL27_v1
AL6G40420	scaffold_6_RagTag	97.674	43	1	0	964	1006	13592710	13592752	5.27e-12	75	AL27_v1
AL6G40420	scaffold_2_RagTag	79.793	871	143	26	95	949	4143709	4144562	5.44e-171	603	AL27_v1
AL6G40420	scaffold_2_RagTag	76.004	971	188	30	63	1007	4155300	4156251	3.46e-128	460	AL27_v1
AL6G40420	scaffold_2_RagTag	94.595	37	2	0	63	99	4139285	4139321	5.31e-07	58.4	AL27_v1
AL6G40420	scaffold_7_RagTag	72.889	900	196	31	19	897	686856	687728	8.1e-70	267	AL27_v1
AL6G40420	scaffold_7_RagTag	97.059	34	0	1	785	817	606389	606356	1.91e-06	56.5	AL27_v1
AL6G40420	scaffold_3_RagTag	83.75	80	10	3	790	869	19731510	19731434	1.9e-11	73.1	AL27_v1
AL6G40430	scaffold_6_RagTag	89.385	1366	131	5	104	1457	13588880	13590243	0	1707	AL27_v1
AL6G40430	scaffold_6_RagTag	84.835	1088	148	13	267	1339	13591581	13592666	0	1079	AL27_v1
AL6G40430	scaffold_6_RagTag	85.036	842	124	2	104	944	13600215	13601055	0	856	AL27_v1
AL6G40430	scaffold_6_RagTag	95.455	44	2	0	933	976	13601502	13601545	9.35e-11	71.3	AL27_v1
AL6G40430	scaffold_2_RagTag	77.768	1129	181	49	267	1345	4137284	4138392	3.42e-179	630	AL27_v1
AL6G40430	scaffold_2_RagTag	76.35	1222	238	38	268	1457	4155096	4156298	1.6e-172	608	AL27_v1
AL6G40430	scaffold_2_RagTag	79.532	855	151	15	509	1345	4143714	4144562	2.09e-166	588	AL27_v1
AL6G40430	scaffold_7_RagTag	73.585	1060	228	37	267	1297	686695	687731	1.78e-97	359	AL27_v1
AL6G40430	scaffold_7_RagTag	94.872	39	1	1	1177	1214	606394	606356	2.02e-07	60.2	AL27_v1
AL6G40430	scaffold_3_RagTag	83.824	68	8	3	1187	1254	19731510	19731446	5.63e-08	62.1	AL27_v1
AL6G40440	scaffold_6_RagTag	98.791	827	7	1	315	1141	13600232	13601055	0	1469	AL27_v1
AL6G40440	scaffold_6_RagTag	86.604	1284	142	20	315	1591	13588897	13590157	0	1391	AL27_v1
AL6G40440	scaffold_6_RagTag	85.283	1094	147	8	461	1548	13591581	13592666	0	1116	AL27_v1
AL6G40440	scaffold_6_RagTag	91.558	308	18	4	11	314	8651369	8651672	3.3e-115	418	AL27_v1
AL6G40440	scaffold_6_RagTag	91.234	308	19	4	11	314	7983083	7983386	1.54e-113	412	AL27_v1
AL6G40440	scaffold_6_RagTag	100	44	0	0	1130	1173	13601502	13601545	4.92e-14	82.4	AL27_v1
AL6G40440	scaffold_2_RagTag	81.062	866	140	19	701	1554	4143709	4144562	0	669	AL27_v1
AL6G40440	scaffold_2_RagTag	77.402	1093	212	30	475	1554	4155106	4156176	3.03e-175	617	AL27_v1
AL6G40440	scaffold_7_RagTag	74.102	1058	227	33	465	1502	686697	687727	2e-107	392	AL27_v1
AL6G40440	scaffold_7_RagTag	79.006	362	67	7	803	1158	684867	685225	2.76e-61	239	AL27_v1
AL2G17690	scaffold_2	95.776	1444	43	8	743	2168	4168099	4169542	0	2313	ALR.ragtag.scaffold_chr_15_1_24.masked
AL2G17690	scaffold_2	88.782	312	10	4	446	732	4167581	4167892	2.87e-97	359	ALR.ragtag.scaffold_chr_15_1_24.masked
AL2G17690	scaffold_7	73.486	958	212	32	929	1858	669528	670471	1.05e-86	324	ALR.ragtag.scaffold_chr_15_1_24.masked
AL2G17690	scaffold_7	70.968	930	209	45	958	1860	667434	668329	6.72e-39	165	ALR.ragtag.scaffold_chr_15_1_24.masked
AL2G17690	scaffold_7	86.047	86	11	1	104	189	13439353	13439269	1.16e-16	91.6	ALR.ragtag.scaffold_chr_15_1_24.masked
AL2G17710	scaffold_2	91.079	482	32	7	709	1186	4170591	4171065	0	641	ALR.ragtag.scaffold_chr_15_1_24.masked
AL2G17710	scaffold_2	83.468	496	63	8	33	518	4174608	4175094	4.17e-123	444	ALR.ragtag.scaffold_chr_15_1_24.masked
AL2G17710	scaffold_2	89.342	319	17	3	212	521	4170289	4170599	2.57e-105	385	ALR.ragtag.scaffold_chr_15_1_24.masked
AL2G17710	scaffold_2	80.741	270	51	1	862	1131	4188955	4189223	1.66e-52	209	ALR.ragtag.scaffold_chr_15_1_24.masked
AL2G17710	scaffold_2	86.301	146	16	2	709	851	4175089	4175233	2.19e-36	156	ALR.ragtag.scaffold_chr_15_1_24.masked
AL2G17710	scaffold_2	93.333	105	5	2	1	104	4170190	4170293	7.88e-36	154	ALR.ragtag.scaffold_chr_15_1_24.masked
AL2G17710	scaffold_6	79.535	430	78	7	709	1132	15343316	15343741	3.44e-79	298	ALR.ragtag.scaffold_chr_15_1_24.masked
AL2G17710	scaffold_6	78.936	470	73	17	43	500	15349342	15349797	1.24e-78	296	ALR.ragtag.scaffold_chr_15_1_24.masked
AL2G17710	scaffold_6	78.402	463	78	10	43	495	15342848	15343298	3.46e-74	281	ALR.ragtag.scaffold_chr_15_1_24.masked
AL2G17710	scaffold_7	95.833	48	2	0	761	808	10279559	10279512	4.88e-13	78.7	ALR.ragtag.scaffold_chr_15_1_24.masked
AL2G17710	scaffold_7	93.617	47	3	0	762	808	697952	697906	8.16e-11	71.3	ALR.ragtag.scaffold_chr_15_1_24.masked
AL2G17720	scaffold_2	95.495	777	27	5	6	777	4174465	4175238	0	1234	ALR.ragtag.scaffold_chr_15_1_24.masked
AL2G17720	scaffold_2	97.89	616	12	1	763	1377	4188935	4189550	0	1064	ALR.ragtag.scaffold_chr_15_1_24.masked
AL2G17720	scaffold_2	82.731	996	150	15	328	1310	4170289	4171275	0	867	ALR.ragtag.scaffold_chr_15_1_24.masked
AL2G17720	scaffold_2	77.637	237	29	16	1	213	4170051	4170287	2.59e-26	122	ALR.ragtag.scaffold_chr_15_1_24.masked
AL2G17720	scaffold_6	76.335	1217	256	25	158	1361	15342847	15344044	5.82e-177	623	ALR.ragtag.scaffold_chr_15_1_24.masked
AL2G17720	scaffold_7	76.589	299	63	6	558	851	667825	668121	7.09e-37	158	ALR.ragtag.scaffold_chr_15_1_24.masked
AL2G17720	scaffold_7	85.057	87	12	1	684	770	10279557	10279472	9.44e-16	87.9	ALR.ragtag.scaffold_chr_15_1_24.masked
AL2G17720	scaffold_7	93.75	48	3	0	680	727	1338254	1338301	2.64e-11	73.1	ALR.ragtag.scaffold_chr_15_1_24.masked
AL2G17720	scaffold_7	93.75	48	3	0	680	727	1355561	1355608	2.64e-11	73.1	ALR.ragtag.scaffold_chr_15_1_24.masked
AL2G17720	scaffold_7	93.75	48	3	0	680	727	1376069	1376116	2.64e-11	73.1	ALR.ragtag.scaffold_chr_15_1_24.masked
AL2G17720	scaffold_7	93.75	48	3	0	680	727	1387262	1387309	2.64e-11	73.1	ALR.ragtag.scaffold_chr_15_1_24.masked
AL6G40420	scaffold_6	85.772	984	123	11	1	982	15342989	15343957	0	1026	ALR.ragtag.scaffold_chr_15_1_24.masked
AL6G40420	scaffold_6	85.359	1004	122	15	1	987	15349483	15350478	0	1016	ALR.ragtag.scaffold_chr_15_1_24.masked
AL6G40420	scaffold_6	83.156	1033	143	19	1	1006	15345536	15346564	0	915	ALR.ragtag.scaffold_chr_15_1_24.masked
AL6G40420	scaffold_2	79.734	903	150	25	63	949	4170323	4171208	4.5e-177	623	ALR.ragtag.scaffold_chr_15_1_24.masked
AL6G40420	scaffold_2	74.955	555	107	19	484	1018	4188956	4189498	1.48e-57	226	ALR.ragtag.scaffold_chr_15_1_24.masked
AL6G40420	scaffold_7	73	900	195	31	19	897	669729	670601	1.88e-71	272	ALR.ragtag.scaffold_chr_15_1_24.masked
AL6G40420	scaffold_7	94.595	37	1	1	785	820	595950	595914	2.06e-06	56.5	ALR.ragtag.scaffold_chr_15_1_24.masked
AL6G40420	scaffold_3	84.524	84	8	5	782	864	17208399	17208320	4.39e-13	78.7	ALR.ragtag.scaffold_chr_15_1_24.masked
AL6G40430	scaffold_6	89.458	1366	130	5	104	1457	15342680	15344043	0	1712	ALR.ragtag.scaffold_chr_15_1_24.masked
AL6G40430	scaffold_6	83.743	1261	185	9	104	1345	15349177	15350436	0	1175	ALR.ragtag.scaffold_chr_15_1_24.masked
AL6G40430	scaffold_6	84.559	1088	151	13	267	1339	15345393	15346478	0	1062	ALR.ragtag.scaffold_chr_15_1_24.masked
AL6G40430	scaffold_2	79.36	906	163	15	458	1345	4170309	4171208	1.03e-174	616	ALR.ragtag.scaffold_chr_15_1_24.masked
AL6G40430	scaffold_2	76.325	604	119	13	873	1457	4188935	4189533	3.28e-80	302	ALR.ragtag.scaffold_chr_15_1_24.masked
AL6G40430	scaffold_7	73.56	1059	230	33	267	1297	669568	670604	1.92e-97	359	ALR.ragtag.scaffold_chr_15_1_24.masked
AL6G40430	scaffold_7	92.857	42	2	1	1177	1217	595955	595914	2.18e-07	60.2	ALR.ragtag.scaffold_chr_15_1_24.masked
AL6G40430	scaffold_3	81.522	92	11	6	1168	1256	17208413	17208325	1.01e-10	71.3	ALR.ragtag.scaffold_chr_15_1_24.masked
AL6G40440	scaffold_6	95.411	1351	47	5	315	1656	15349194	15350538	0	2137	ALR.ragtag.scaffold_chr_15_1_24.masked
AL6G40440	scaffold_6	86.682	1284	141	20	315	1591	15342697	15343957	0	1397	ALR.ragtag.scaffold_chr_15_1_24.masked
AL6G40440	scaffold_6	85.101	1094	149	8	461	1548	15345393	15346478	0	1105	ALR.ragtag.scaffold_chr_15_1_24.masked
AL6G40440	scaffold_2	80.942	892	146	19	675	1554	4170329	4171208	0	684	ALR.ragtag.scaffold_chr_15_1_24.masked
AL6G40440	scaffold_2	77.869	610	124	10	475	1077	4174627	4175232	3.63e-100	368	ALR.ragtag.scaffold_chr_15_1_24.masked
AL6G40440	scaffold_2	76.939	490	94	15	1070	1554	4188935	4189410	6.34e-68	261	ALR.ragtag.scaffold_chr_15_1_24.masked
AL6G40440	scaffold_7	73.913	1058	229	34	465	1502	669570	670600	4.66e-104	381	ALR.ragtag.scaffold_chr_15_1_24.masked
AL6G40440	scaffold_7	79.063	363	67	7	802	1158	667762	668121	8.26e-62	241	ALR.ragtag.scaffold_chr_15_1_24.masked
AL6G40440	scaffold_4	90.099	303	12	4	12	314	22468976	22469260	6.03e-103	377	ALR.ragtag.scaffold_chr_15_1_24.masked
AL6G40440	scaffold_3	95.322	171	6	1	144	314	7861911	7862079	1.05e-70	270	ALR.ragtag.scaffold_chr_15_1_24.masked
AL6G40440	scaffold_3	97.98	99	2	0	12	110	7861817	7861915	3.06e-41	172	ALR.ragtag.scaffold_chr_15_1_24.masked
AL2G17690	scaffold_2_RagTag	94.608	1391	62	7	784	2168	1082254	1080871	0	2141	BAM12_v2
AL2G17690	scaffold_2_RagTag	90.67	418	17	12	333	735	1082658	1082248	1.27e-150	536	BAM12_v2
AL2G17690	scaffold_2_RagTag	75.979	1149	211	50	938	2056	1060561	1059448	1.64e-149	532	BAM12_v2
AL2G17690	scaffold_6_RagTag	76.944	1119	208	34	958	2054	14590184	14591274	2.67e-167	592	BAM12_v2
AL2G17690	scaffold_7_RagTag	73.382	958	213	32	929	1858	764287	765230	5e-85	318	BAM12_v2
AL2G17690	scaffold_7_RagTag	70.892	931	208	47	958	1860	762158	763053	3.2e-37	159	BAM12_v2
AL2G17710	scaffold_2_RagTag	94.34	530	13	3	1	521	1060576	1060055	0	797	BAM12_v2
AL2G17710	scaffold_2_RagTag	92.531	482	24	7	709	1186	1060063	1059590	0	680	BAM12_v2
AL2G17710	scaffold_2_RagTag	82.353	493	66	11	36	517	1054200	1053718	1.56e-112	409	BAM12_v2
AL2G17710	scaffold_2_RagTag	79.92	498	72	19	16	500	1082103	1081621	5.77e-92	340	BAM12_v2
AL2G17710	scaffold_2_RagTag	81.075	428	73	4	709	1131	1053722	1053298	2.69e-90	335	BAM12_v2
AL2G17710	scaffold_6_RagTag	80.841	428	76	5	709	1132	14520573	14520998	3.48e-89	331	BAM12_v2
AL2G17710	scaffold_6_RagTag	78.969	485	78	18	709	1181	14503259	14503731	1.63e-82	309	BAM12_v2
AL2G17710	scaffold_6_RagTag	79.487	429	80	6	709	1132	14588094	14588519	3.53e-79	298	BAM12_v2
AL2G17710	scaffold_6_RagTag	78.499	493	76	18	43	521	14509503	14509979	1.27e-78	296	BAM12_v2
AL2G17710	scaffold_6_RagTag	78.481	474	72	18	36	495	14502784	14503241	9.87e-75	283	BAM12_v2
AL2G17710	scaffold_6_RagTag	78.402	463	78	10	43	495	14587626	14588076	3.55e-74	281	BAM12_v2
AL2G17710	scaffold_6_RagTag	76.861	497	91	12	36	521	14520098	14520581	1.66e-67	259	BAM12_v2
AL2G17710	scaffold_6_RagTag	76.972	469	86	11	36	494	14512360	14512816	3.6e-64	248	BAM12_v2
AL2G17710	scaffold_6_RagTag	77.033	492	76	23	43	521	14602381	14602848	3.6e-64	248	BAM12_v2
AL2G17710	scaffold_6_RagTag	75.106	470	88	19	67	521	14522970	14523425	1.71e-47	193	BAM12_v2
AL2G17710	scaffold_6_RagTag	77.682	233	50	2	904	1135	14513239	14513470	6.29e-32	141	BAM12_v2
AL2G17710	scaffold_7_RagTag	81.132	106	17	3	716	818	11090850	11090745	3.86e-14	82.4	BAM12_v2
AL2G17710	scaffold_7_RagTag	95.745	47	2	0	762	808	790074	790028	1.8e-12	76.8	BAM12_v2
AL2G17720	scaffold_2_RagTag	97.899	1380	25	2	1	1377	1054351	1052973	0	2385	BAM12_v2
AL2G17720	scaffold_2_RagTag	82.896	1181	170	18	152	1313	1060541	1059374	0	1033	BAM12_v2
AL2G17720	scaffold_2_RagTag	75.079	951	189	39	127	1050	1082108	1081179	1.09e-109	399	BAM12_v2
AL2G17720	scaffold_6_RagTag	76.016	1230	243	43	152	1361	14520098	14521295	6.05e-167	590	BAM12_v2
AL2G17720	scaffold_6_RagTag	75.905	1216	255	27	158	1361	14587625	14588814	2.18e-166	588	BAM12_v2
AL2G17720	scaffold_6_RagTag	75.902	1220	253	31	158	1361	14509502	14510696	7.83e-166	586	BAM12_v2
AL2G17720	scaffold_6_RagTag	76.598	1111	222	28	152	1238	14502784	14503880	4.71e-163	577	BAM12_v2
AL2G17720	scaffold_6_RagTag	74.513	565	131	10	183	739	14522970	14523529	1.17e-59	233	BAM12_v2
AL2G17720	scaffold_6_RagTag	74.341	569	108	25	819	1374	14513234	14513777	7.12e-52	207	BAM12_v2
AL2G17720	scaffold_7_RagTag	76.254	299	64	6	558	851	762549	762845	3.38e-35	152	BAM12_v2
AL2G17720	scaffold_7_RagTag	78.363	171	30	7	603	770	11090881	11090715	9.61e-21	104	BAM12_v2
AL6G40420	scaffold_6_RagTag	98.505	1070	11	1	1	1070	14502932	14503996	0	1882	BAM12_v2
AL6G40420	scaffold_6_RagTag	86.529	1017	114	16	1	1009	14520246	14521247	0	1098	BAM12_v2
AL6G40420	scaffold_6_RagTag	85.671	984	124	11	1	982	14587767	14588735	0	1020	BAM12_v2
AL6G40420	scaffold_6_RagTag	85.113	1021	123	19	1	1009	14509644	14510647	0	1016	BAM12_v2
AL6G40420	scaffold_6_RagTag	86.073	876	115	6	10	883	14602522	14603392	0	935	BAM12_v2
AL6G40420	scaffold_6_RagTag	84.477	947	138	5	1	942	14590332	14591274	0	926	BAM12_v2
AL6G40420	scaffold_6_RagTag	87.109	543	59	8	483	1020	14528111	14528647	1.67e-171	604	BAM12_v2
AL6G40420	scaffold_6_RagTag	87.311	528	66	1	1	527	14512508	14513035	6e-171	603	BAM12_v2
AL6G40420	scaffold_6_RagTag	86.667	495	61	4	515	1008	14513229	14513719	3.69e-153	544	BAM12_v2
AL6G40420	scaffold_6_RagTag	83.218	435	67	6	11	441	14523098	14523530	3.93e-108	394	BAM12_v2
AL6G40420	scaffold_6_RagTag	97.674	43	1	0	964	1006	14591318	14591360	5.82e-12	75	BAM12_v2
AL6G40420	scaffold_2_RagTag	77.864	1030	180	33	10	1009	1060384	1059373	1e-168	595	BAM12_v2
AL6G40420	scaffold_2_RagTag	77.963	962	176	28	4	944	1081932	1080986	6.09e-161	569	BAM12_v2
AL6G40420	scaffold_2_RagTag	76.76	895	178	20	66	949	1053987	1053112	4.91e-132	473	BAM12_v2
AL6G40420	scaffold_7_RagTag	72.778	900	197	31	19	897	764488	765360	4.16e-68	261	BAM12_v2
AL6G40420	scaffold_3_RagTag	85.333	75	8	3	790	864	21686178	21686107	5.82e-12	75	BAM12_v2
AL6G40420	scaffold_3_RagTag	85.333	75	8	3	790	864	21705166	21705095	5.82e-12	75	BAM12_v2
AL6G40430	scaffold_6_RagTag	92.476	1462	100	8	2	1457	14509238	14510695	0	2082	BAM12_v2
AL6G40430	scaffold_6_RagTag	88.726	1366	132	7	104	1457	14587458	14588813	0	1650	BAM12_v2
AL6G40430	scaffold_6_RagTag	90.067	1198	106	6	267	1457	14520103	14521294	0	1541	BAM12_v2
AL6G40430	scaffold_6_RagTag	85.613	1133	133	23	267	1376	14502789	14503914	0	1162	BAM12_v2
AL6G40430	scaffold_6_RagTag	84.304	1185	166	11	104	1278	14602216	14603390	0	1140	BAM12_v2
AL6G40430	scaffold_6_RagTag	84.559	1088	151	13	267	1339	14590189	14591274	0	1062	BAM12_v2
AL6G40430	scaffold_6_RagTag	83.432	676	101	11	267	936	14512365	14513035	2.94e-175	617	BAM12_v2
AL6G40430	scaffold_6_RagTag	85.128	585	61	17	887	1455	14528105	14528679	1.79e-162	575	BAM12_v2
AL6G40430	scaffold_6_RagTag	83.922	566	85	6	293	853	14522970	14523534	8.46e-151	536	BAM12_v2
AL6G40430	scaffold_6_RagTag	81.614	533	70	16	926	1443	14513231	14513750	1.15e-114	416	BAM12_v2
AL6G40430	scaffold_2_RagTag	79.527	1099	195	18	267	1343	1060536	1059446	0	756	BAM12_v2
AL6G40430	scaffold_2_RagTag	78.782	1117	183	41	267	1347	1082078	1080980	0	701	BAM12_v2
AL6G40430	scaffold_2_RagTag	76.432	1222	239	38	268	1457	1054194	1052990	1.06e-174	616	BAM12_v2
AL6G40430	scaffold_7_RagTag	73.466	1059	231	35	267	1297	764327	765363	9.15e-96	353	BAM12_v2
AL6G40430	scaffold_3_RagTag	84.286	70	8	3	1187	1256	21686178	21686112	4.8e-09	65.8	BAM12_v2
AL6G40430	scaffold_3_RagTag	84.286	70	8	3	1187	1256	21705166	21705100	4.8e-09	65.8	BAM12_v2
AL6G40440	scaffold_6_RagTag	95.922	1177	33	6	315	1491	14602233	14603394	0	1893	BAM12_v2
AL6G40440	scaffold_6_RagTag	86.682	1284	141	20	315	1591	14587475	14588735	0	1397	BAM12_v2
AL6G40440	scaffold_6_RagTag	84.424	1284	174	15	317	1594	14509360	14510623	0	1240	BAM12_v2
AL6G40440	scaffold_6_RagTag	86.24	1141	141	9	461	1596	14502789	14503918	0	1223	BAM12_v2
AL6G40440	scaffold_6_RagTag	85.075	1139	151	12	461	1596	14520103	14521225	0	1144	BAM12_v2
AL6G40440	scaffold_6_RagTag	84.918	1094	151	8	461	1548	14590189	14591274	0	1094	BAM12_v2
AL6G40440	scaffold_6_RagTag	84.593	675	98	4	461	1133	14512365	14513035	0	665	BAM12_v2
AL6G40440	scaffold_6_RagTag	88.975	517	47	6	1083	1596	14528104	14528613	4.3e-179	630	BAM12_v2
AL6G40440	scaffold_6_RagTag	87.414	437	52	1	1120	1556	14513228	14513661	1.26e-139	499	BAM12_v2
AL6G40440	scaffold_6_RagTag	80.208	576	109	5	491	1062	14522971	14523545	6.05e-118	427	BAM12_v2
AL6G40440	scaffold_6_RagTag	90.909	308	20	4	11	314	23951125	23950822	7.89e-112	407	BAM12_v2
AL6G40440	scaffold_6_RagTag	88.205	195	20	2	1434	1628	14529568	14529759	1.83e-58	230	BAM12_v2
AL6G40440	scaffold_2_RagTag	79.296	1164	204	25	461	1602	1060536	1059388	0	780	BAM12_v2
AL6G40440	scaffold_2_RagTag	77.339	1090	214	28	478	1554	1054181	1053112	4.33e-174	614	BAM12_v2
AL6G40440	scaffold_5_RagTag	98.026	304	6	0	11	314	5631332	5631029	1.61e-148	529	BAM12_v2
AL6G40440	scaffold_5_RagTag	94.536	183	7	1	135	314	5632657	5632475	1.79e-73	279	BAM12_v2
AL6G40440	scaffold_5_RagTag	96.46	113	4	0	12	124	5633557	5633445	1.12e-45	187	BAM12_v2
AL6G40440	scaffold_7_RagTag	73.913	1058	229	33	465	1502	764329	765359	4.78e-104	381	BAM12_v2
AL2G17690	scaffold_2_RagTag:0-21425966	96.808	1441	28	9	743	2168	4404182	4405619	0	2390	BOR_v1
AL2G17690	scaffold_2_RagTag:0-21425966	77.429	957	167	43	938	1870	4406190	4407121	2.52e-147	525	BOR_v1
AL2G17690	scaffold_2_RagTag:0-21425966	90.452	398	13	7	356	732	4403533	4403926	4.24e-140	501	BOR_v1
AL2G17690	scaffold_7_RagTag:0-26551907	73.781	923	206	28	958	1858	675918	676826	5.88e-89	331	BOR_v1
AL2G17690	scaffold_7_RagTag:0-26551907	70.86	930	210	45	958	1860	673770	674665	2.94e-37	159	BOR_v1
AL2G17690	scaffold_7_RagTag:0-26551907	84.884	86	13	0	104	189	13609575	13609490	1.41e-15	87.9	BOR_v1
AL2G17690	scaffold_4_RagTag:18000-22695972	79.775	89	12	3	1438	1526	801635	801717	3.07e-07	60.2	BOR_v1
AL2G17710	scaffold_2_RagTag:0-21425966	94.528	530	12	3	1	521	4406175	4406696	0	802	BOR_v1
AL2G17710	scaffold_2_RagTag:0-21425966	91.701	482	29	5	709	1186	4406688	4407162	0	658	BOR_v1
AL2G17710	scaffold_2_RagTag:0-21425966	79.559	499	72	19	16	500	4404379	4404861	1.15e-88	329	BOR_v1
AL2G17710	scaffold_2_RagTag:0-21425966	85.425	247	28	4	709	950	4411253	4411496	9.18e-65	250	BOR_v1
AL2G17710	scaffold_6_RagTag:0-24760478	79.487	429	80	6	709	1132	13394932	13395357	3.23e-79	298	BOR_v1
AL2G17710	scaffold_6_RagTag:0-24760478	78.618	463	77	10	43	495	13394464	13394914	7e-76	287	BOR_v1
AL2G17710	scaffold_6_RagTag:0-24760478	77.732	485	83	20	709	1181	13321925	13322396	5.45e-72	274	BOR_v1
AL2G17710	scaffold_6_RagTag:0-24760478	78.308	461	74	13	43	491	13401227	13401673	5.45e-72	274	BOR_v1
AL2G17710	scaffold_6_RagTag:0-24760478	80	365	56	14	709	1062	13359774	13359416	7.1e-66	254	BOR_v1
AL2G17710	scaffold_7_RagTag:0-26551907	93.651	189	12	0	521	709	8033221	8033033	9.05e-75	283	BOR_v1
AL2G17710	scaffold_7_RagTag:0-26551907	81.132	106	17	3	716	818	10404629	10404524	3.54e-14	82.4	BOR_v1
AL2G17710	scaffold_7_RagTag:0-26551907	95.745	47	2	0	762	808	710342	710296	1.65e-12	76.8	BOR_v1
AL2G17720	scaffold_2_RagTag:0-21425966	94.496	1399	45	10	6	1377	4410632	4412025	0	2128	BOR_v1
AL2G17720	scaffold_2_RagTag:0-21425966	82.239	1340	196	28	1	1310	4406045	4407372	0	1118	BOR_v1
AL2G17720	scaffold_6_RagTag:0-24760478	76.417	1217	255	25	158	1361	13394463	13395660	1.18e-178	628	BOR_v1
AL2G17720	scaffold_6_RagTag:0-24760478	75.899	1112	227	34	152	1238	13321450	13322545	3.41e-149	531	BOR_v1
AL2G17720	scaffold_6_RagTag:0-24760478	76.651	848	167	25	152	982	13360249	13359416	5.91e-122	440	BOR_v1
AL2G17720	scaffold_6_RagTag:0-24760478	75.165	455	99	11	158	605	13401226	13401673	3.04e-50	202	BOR_v1
AL2G17720	scaffold_7_RagTag:0-26551907	76.254	299	64	6	558	851	674161	674457	3.1e-35	152	BOR_v1
AL2G17720	scaffold_7_RagTag:0-26551907	79.861	144	22	7	630	770	10404633	10404494	4.1e-19	99	BOR_v1
AL2G17720	scaffold_7_RagTag:0-26551907	93.75	48	3	0	680	727	1339803	1339850	2.48e-11	73.1	BOR_v1
AL2G17720	scaffold_7_RagTag:0-26551907	93.75	48	3	0	680	727	1352746	1352793	2.48e-11	73.1	BOR_v1
AL2G17720	scaffold_7_RagTag:0-26551907	93.75	48	3	0	680	727	1369621	1369668	2.48e-11	73.1	BOR_v1
AL6G40420	scaffold_6_RagTag:0-24760478	95.122	1066	48	4	1	1063	13321598	13322662	0	1677	BOR_v1
AL6G40420	scaffold_6_RagTag:0-24760478	96.403	695	25	0	1	695	13360101	13359407	0	1146	BOR_v1
AL6G40420	scaffold_6_RagTag:0-24760478	85.772	984	123	11	1	982	13394605	13395573	0	1026	BOR_v1
AL6G40420	scaffold_6_RagTag:0-24760478	84.177	948	139	7	1	942	13397148	13398090	0	909	BOR_v1
AL6G40420	scaffold_6_RagTag:0-24760478	97.619	42	1	0	964	1005	13398134	13398175	1.92e-11	73.1	BOR_v1
AL6G40420	scaffold_2_RagTag:0-21425966	78.986	966	168	28	1	949	4406358	4407305	3.27e-178	627	BOR_v1
AL6G40420	scaffold_2_RagTag:0-21425966	74.701	1004	188	42	63	1018	4410988	4411973	6.04e-106	387	BOR_v1
AL6G40420	scaffold_7_RagTag:0-26551907	72.889	900	196	31	19	897	676084	676956	8.2e-70	267	BOR_v1
AL6G40420	scaffold_7_RagTag:0-26551907	94.595	37	1	1	785	820	592024	591988	1.93e-06	56.5	BOR_v1
AL6G40420	scaffold_3_RagTag:0-24937921	85.714	84	7	5	782	864	19586858	19586779	8.87e-15	84.2	BOR_v1
AL6G40430	scaffold_6_RagTag:0-24760478	89.531	1366	129	5	104	1457	13394296	13395659	0	1718	BOR_v1
AL6G40430	scaffold_6_RagTag:0-24760478	84.282	1177	147	27	267	1420	13321455	13322616	0	1114	BOR_v1
AL6G40430	scaffold_6_RagTag:0-24760478	84.559	1088	151	13	267	1339	13397005	13398090	0	1062	BOR_v1
AL6G40430	scaffold_6_RagTag:0-24760478	85.936	839	109	9	267	1099	13360244	13359409	0	887	BOR_v1
AL6G40430	scaffold_6_RagTag:0-24760478	84.013	613	96	2	104	715	13401062	13401673	2.11e-166	588	BOR_v1
AL6G40430	scaffold_6_RagTag:0-24760478	88.119	101	12	0	711	811	13409041	13409141	9.27e-26	121	BOR_v1
AL6G40430	scaffold_2_RagTag:0-21425966	79.655	1101	192	21	267	1345	4406215	4407305	0	763	BOR_v1
AL6G40430	scaffold_2_RagTag:0-21425966	74.859	1245	238	55	268	1457	4410784	4412008	1.32e-138	496	BOR_v1
AL6G40430	scaffold_7_RagTag:0-26551907	73.774	1060	226	37	267	1297	675923	676959	8.33e-101	370	BOR_v1
AL6G40430	scaffold_7_RagTag:0-26551907	92.857	42	2	1	1177	1217	592029	591988	2.05e-07	60.2	BOR_v1
AL6G40430	scaffold_3_RagTag:0-24937921	84.146	82	8	5	1177	1256	19586862	19586784	7.32e-12	75	BOR_v1
AL6G40440	scaffold_6_RagTag:0-24760478	86.76	1284	140	20	315	1591	13394313	13395573	0	1402	BOR_v1
AL6G40440	scaffold_6_RagTag:0-24760478	84.764	1142	149	17	461	1593	13321455	13322580	0	1122	BOR_v1
AL6G40440	scaffold_6_RagTag:0-24760478	85.009	1094	150	8	461	1548	13397005	13398090	0	1099	BOR_v1
AL6G40440	scaffold_6_RagTag:0-24760478	96.99	598	15	1	315	912	13401079	13401673	0	1002	BOR_v1
AL6G40440	scaffold_6_RagTag:0-24760478	85.172	843	115	7	461	1298	13360244	13359407	0	856	BOR_v1
AL6G40440	scaffold_6_RagTag:0-24760478	97.143	105	3	0	908	1012	13409041	13409145	6.17e-43	178	BOR_v1
AL6G40440	scaffold_2_RagTag:0-21425966	80.397	1107	188	22	461	1554	4406215	4407305	0	815	BOR_v1
AL6G40440	scaffold_2_RagTag:0-21425966	76.988	1182	223	31	465	1612	4404406	4405572	3.94e-179	630	BOR_v1
AL6G40440	scaffold_2_RagTag:0-21425966	78.156	705	138	15	480	1176	4410799	4411495	3.32e-120	435	BOR_v1
AL6G40440	scaffold_1_RagTag:0-28294041	91.558	308	18	4	11	314	4074101	4073798	3.34e-115	418	BOR_v1
AL6G40440	scaffold_1_RagTag:0-28294041	91.558	308	18	4	11	314	27774625	27774322	3.34e-115	418	BOR_v1
AL6G40440	scaffold_7_RagTag:0-26551907	74.2	1062	225	33	461	1502	675923	676955	4.35e-109	398	BOR_v1
AL6G40440	scaffold_4_RagTag:18000-22695972	86.975	238	6	4	77	314	17066206	17066418	6e-63	244	BOR_v1
AL6G40440	scaffold_4_RagTag:18000-22695972	91.304	46	4	0	9	54	17066164	17066209	1.8e-08	63.9	BOR_v1
AL2G17690	scaffold_2_RagTag	98.654	817	1	3	1359	2168	5767872	5768685	0	1439	F1-14.ragtag.scaffold_chr
AL2G17690	scaffold_2_RagTag	95.673	624	23	4	743	1362	5766981	5767604	0	1000	F1-14.ragtag.scaffold_chr
AL2G17690	scaffold_2_RagTag	90.428	397	14	7	356	732	5766382	5766774	4.44e-140	501	F1-14.ragtag.scaffold_chr
AL2G17690	scaffold_2_RagTag	75.5	1151	205	56	938	2056	5769259	5770364	2.67e-137	492	F1-14.ragtag.scaffold_chr
AL2G17690	scaffold_7_RagTag	73.382	958	213	32	929	1858	738401	739344	4.8e-85	318	F1-14.ragtag.scaffold_chr
AL2G17690	scaffold_7_RagTag	71.688	717	156	35	958	1654	736300	736989	3.98e-36	156	F1-14.ragtag.scaffold_chr
AL2G17710	scaffold_2_RagTag	95.038	524	15	3	1	521	5769244	5769759	0	813	F1-14.ragtag.scaffold_chr
AL2G17710	scaffold_2_RagTag	93.737	479	22	5	709	1186	5769751	5770222	0	712	F1-14.ragtag.scaffold_chr
AL2G17710	scaffold_2_RagTag	81.776	428	70	4	709	1131	5774451	5774875	2.56e-95	351	F1-14.ragtag.scaffold_chr
AL2G17710	scaffold_2_RagTag	80.186	429	65	14	16	431	5767178	5767599	7.27e-81	303	F1-14.ragtag.scaffold_chr
AL2G17710	scaffold_6_RagTag	79.254	429	81	6	709	1132	12204330	12204755	1.57e-77	292	F1-14.ragtag.scaffold_chr
AL2G17710	scaffold_6_RagTag	78.351	485	80	20	709	1181	12113320	12113791	5.66e-77	291	F1-14.ragtag.scaffold_chr
AL2G17710	scaffold_6_RagTag	78.511	470	75	13	43	500	12215047	12215502	2.63e-75	285	F1-14.ragtag.scaffold_chr
AL2G17710	scaffold_6_RagTag	78.186	463	79	10	43	495	12203862	12204312	1.59e-72	276	F1-14.ragtag.scaffold_chr
AL2G17710	scaffold_7_RagTag	85.088	114	14	2	709	819	384338	384451	1.32e-23	113	F1-14.ragtag.scaffold_chr
AL2G17710	scaffold_7_RagTag	80.374	107	17	4	716	818	11251501	11251395	4.8e-13	78.7	F1-14.ragtag.scaffold_chr
AL2G17710	scaffold_7_RagTag	95.745	47	2	0	762	808	763883	763837	1.73e-12	76.8	F1-14.ragtag.scaffold_chr
AL2G17720	scaffold_2_RagTag	98.039	1377	27	0	1	1377	5773825	5775201	0	2394	F1-14.ragtag.scaffold_chr
AL2G17720	scaffold_2_RagTag	81.306	1332	199	29	10	1310	5769123	5770435	0	1035	F1-14.ragtag.scaffold_chr
AL2G17720	scaffold_6_RagTag	76.007	1217	260	25	158	1361	12203861	12205058	2.68e-170	601	F1-14.ragtag.scaffold_chr
AL2G17720	scaffold_6_RagTag	75.808	1021	211	30	152	1150	12112845	12113851	2.82e-135	484	F1-14.ragtag.scaffold_chr
AL2G17720	scaffold_6_RagTag	76.951	551	113	11	158	701	12215046	12215589	3.05e-80	302	F1-14.ragtag.scaffold_chr
AL2G17720	scaffold_7_RagTag	76.582	316	66	7	558	868	736691	737003	1.16e-39	167	F1-14.ragtag.scaffold_chr
AL2G17720	scaffold_7_RagTag	80.272	147	26	3	625	770	384336	384480	7.13e-22	108	F1-14.ragtag.scaffold_chr
AL2G17720	scaffold_7_RagTag	79.31	145	22	8	630	770	11251505	11251365	5.55e-18	95.3	F1-14.ragtag.scaffold_chr
AL6G40420	scaffold_6_RagTag	96.279	860	31	1	1	860	12112993	12113851	0	1410	F1-14.ragtag.scaffold_chr
AL6G40420	scaffold_6_RagTag	85.467	984	126	11	1	982	12204003	12204971	0	1009	F1-14.ragtag.scaffold_chr
AL6G40420	scaffold_6_RagTag	83.156	1033	143	19	1	1006	12206551	12207579	0	915	F1-14.ragtag.scaffold_chr
AL6G40420	scaffold_2_RagTag	77.859	962	173	28	1	945	5769427	5770365	3.52e-158	560	F1-14.ragtag.scaffold_chr
AL6G40420	scaffold_2_RagTag	75.926	972	187	31	63	1007	5774186	5775137	1.71e-126	455	F1-14.ragtag.scaffold_chr
AL6G40420	scaffold_7_RagTag	72.889	900	196	31	19	897	738602	739474	8.59e-70	267	F1-14.ragtag.scaffold_chr
AL6G40420	scaffold_7_RagTag	97.059	34	0	1	785	817	650953	650920	2.02e-06	56.5	F1-14.ragtag.scaffold_chr
AL6G40420	scaffold_3_RagTag	85.333	75	8	3	790	864	20594866	20594795	5.59e-12	75	F1-14.ragtag.scaffold_chr
AL6G40430	scaffold_6_RagTag	89.239	1366	133	5	104	1457	12203694	12205057	0	1696	F1-14.ragtag.scaffold_chr
AL6G40430	scaffold_6_RagTag	84.743	1088	149	13	267	1339	12206408	12207493	0	1074	F1-14.ragtag.scaffold_chr
AL6G40430	scaffold_6_RagTag	85.785	1006	124	14	267	1257	12112850	12113851	0	1048	F1-14.ragtag.scaffold_chr
AL6G40430	scaffold_6_RagTag	84.767	709	106	2	104	811	12214882	12215589	0	710	F1-14.ragtag.scaffold_chr
AL6G40430	scaffold_2_RagTag	78.962	1098	191	26	269	1343	5769286	5770366	0	712	F1-14.ragtag.scaffold_chr
AL6G40430	scaffold_2_RagTag	76.307	1224	235	41	268	1457	5773982	5775184	7.9e-171	603	F1-14.ragtag.scaffold_chr
AL6G40430	scaffold_7_RagTag	73.466	1059	231	35	267	1297	738441	739477	8.78e-96	353	F1-14.ragtag.scaffold_chr
AL6G40430	scaffold_7_RagTag	94.872	39	1	1	1177	1214	650958	650920	2.14e-07	60.2	F1-14.ragtag.scaffold_chr
AL6G40430	scaffold_3_RagTag	84.286	70	8	3	1187	1256	20594866	20594800	4.61e-09	65.8	F1-14.ragtag.scaffold_chr
AL6G40440	scaffold_6_RagTag	86.449	1284	144	20	315	1591	12203711	12204971	0	1380	F1-14.ragtag.scaffold_chr
AL6G40440	scaffold_6_RagTag	97.278	698	16	1	315	1012	12214899	12215593	0	1181	F1-14.ragtag.scaffold_chr
AL6G40440	scaffold_6_RagTag	85.101	1094	149	8	461	1548	12206408	12207493	0	1105	F1-14.ragtag.scaffold_chr
AL6G40440	scaffold_6_RagTag	85.856	1011	129	9	461	1466	12112850	12113851	0	1062	F1-14.ragtag.scaffold_chr
AL6G40440	scaffold_2_RagTag	79.452	1095	185	25	475	1552	5769295	5770366	0	739	F1-14.ragtag.scaffold_chr
AL6G40440	scaffold_2_RagTag	77.127	1093	215	30	475	1554	5773992	5775062	3.24e-170	601	F1-14.ragtag.scaffold_chr
AL6G40440	scaffold_2_RagTag	82.178	303	53	1	465	767	5767205	5767506	2.24e-67	259	F1-14.ragtag.scaffold_chr
AL6G40440	scaffold_2_RagTag	92.593	135	7	3	180	314	16247254	16247123	8.3e-47	191	F1-14.ragtag.scaffold_chr
AL6G40440	scaffold_4_RagTag	91.558	308	18	4	11	314	23774036	23774339	3.5e-115	418	F1-14.ragtag.scaffold_chr
AL6G40440	scaffold_7_RagTag	73.913	1058	229	33	465	1502	738443	739473	4.59e-104	381	F1-14.ragtag.scaffold_chr
AL6G40440	scaffold_7_RagTag	78.571	378	72	7	802	1173	736628	737002	8.13e-62	241	F1-14.ragtag.scaffold_chr
AL6G40440	scaffold_5_RagTag	90.099	303	12	4	12	314	12250363	12250647	5.94e-103	377	F1-14.ragtag.scaffold_chr
AL2G17690	scaffold_2_RagTag	100	2168	0	0	1	2168	4338811	4340978	0	4004	KN003hexa_v0
AL2G17690	scaffold_7_RagTag	73.536	922	210	26	958	1858	652681	653589	1.32e-85	320	KN003hexa_v0
AL2G17690	scaffold_7_RagTag	70.968	930	209	45	958	1860	650299	651194	6.53e-39	165	KN003hexa_v0
AL2G17690	scaffold_7_RagTag	86.047	86	11	1	104	189	13250305	13250221	1.12e-16	91.6	KN003hexa_v0
AL2G17710	scaffold_2_RagTag	98.54	822	11	1	1	822	4343565	4344385	0	1450	KN003hexa_v0
AL2G17710	scaffold_2_RagTag	100	372	0	0	815	1186	4344635	4345006	0	688	KN003hexa_v0
AL2G17710	scaffold_2_RagTag	82.724	492	66	9	36	517	4349472	4349954	6.83e-116	420	KN003hexa_v0
AL2G17710	scaffold_2_RagTag	81.308	428	72	4	709	1131	4349950	4350374	5.47e-92	340	KN003hexa_v0
AL2G17710	scaffold_7_RagTag	97.34	188	5	0	522	709	12707336	12707149	7.13e-86	320	KN003hexa_v0
AL2G17710	scaffold_7_RagTag	97.778	90	2	0	522	611	22738168	22738257	2.13e-36	156	KN003hexa_v0
AL2G17710	scaffold_7_RagTag	81.132	106	17	3	716	818	10175135	10175030	3.66e-14	82.4	KN003hexa_v0
AL2G17710	scaffold_5_RagTag	97.34	188	5	0	522	709	11761002	11760815	7.13e-86	320	KN003hexa_v0
AL2G17710	scaffold_6_RagTag	80.094	427	81	3	709	1132	13668369	13668794	3.32e-84	315	KN003hexa_v0
AL2G17710	scaffold_6_RagTag	79.281	473	70	16	36	495	13636853	13637310	2e-81	305	KN003hexa_v0
AL2G17710	scaffold_6_RagTag	78.419	468	79	14	43	500	13671054	13671509	2.6e-75	285	KN003hexa_v0
AL2G17710	scaffold_6_RagTag	84.188	234	31	5	709	938	13637328	13637559	2.07e-56	222	KN003hexa_v0
AL2G17720	scaffold_2_RagTag	99.058	1380	10	1	1	1377	4349321	4350700	0	2473	KN003hexa_v0
AL2G17720	scaffold_2_RagTag	79.669	664	94	25	1	631	4343426	4344081	6.11e-122	440	KN003hexa_v0
AL2G17720	scaffold_2_RagTag	80.168	595	87	13	736	1313	4344635	4345215	1.03e-114	416	KN003hexa_v0
AL2G17720	scaffold_2_RagTag	83.186	113	15	2	627	739	4344273	4344381	1.18e-19	100	KN003hexa_v0
AL2G17720	scaffold_6_RagTag	75.879	1223	244	37	158	1361	13667900	13669090	4.46e-163	577	KN003hexa_v0
AL2G17720	scaffold_6_RagTag	76.428	1103	216	35	158	1238	13671053	13672133	5.81e-157	556	KN003hexa_v0
AL2G17720	scaffold_6_RagTag	77.933	716	138	16	152	857	13636853	13637558	1.32e-118	429	KN003hexa_v0
AL2G17720	scaffold_7_RagTag	76.254	299	64	6	558	851	650690	650986	3.21e-35	152	KN003hexa_v0
AL2G17720	scaffold_7_RagTag	79.861	144	22	7	630	770	10175139	10175000	4.24e-19	99	KN003hexa_v0
AL2G17720	scaffold_7_RagTag	93.75	48	3	0	680	727	1356005	1356052	2.57e-11	73.1	KN003hexa_v0
AL6G40420	scaffold_6_RagTag	99.288	562	4	0	1	562	13637001	13637562	0	1016	KN003hexa_v0
AL6G40420	scaffold_6_RagTag	85.044	1023	116	24	1	1009	13668042	13669041	0	1007	KN003hexa_v0
AL6G40420	scaffold_6_RagTag	84.94	996	126	15	1	987	13671195	13672175	0	987	KN003hexa_v0
AL6G40420	scaffold_6_RagTag	99.022	511	5	0	560	1070	13638838	13639348	0	917	KN003hexa_v0
AL6G40420	scaffold_2_RagTag	75.823	972	191	31	63	1007	4349682	4350636	6.06e-126	453	KN003hexa_v0
AL6G40420	scaffold_2_RagTag	75.862	580	100	25	454	1008	4344652	4345216	1.42e-67	259	KN003hexa_v0
AL6G40420	scaffold_2_RagTag	74.691	324	56	18	1	310	4343748	4344059	6.98e-26	121	KN003hexa_v0
AL6G40420	scaffold_7_RagTag	72.747	899	197	31	20	897	652848	653719	1.42e-67	259	KN003hexa_v0
AL6G40420	scaffold_7_RagTag	97.059	34	0	1	785	817	573439	573406	2e-06	56.5	KN003hexa_v0
AL6G40420	scaffold_3_RagTag	85.333	75	8	3	790	864	19294695	19294624	5.51e-12	75	KN003hexa_v0
AL6G40430	scaffold_6_RagTag	99.725	1457	3	1	2	1457	13667633	13669089	0	2667	KN003hexa_v0
AL6G40430	scaffold_6_RagTag	84.064	1255	177	12	104	1345	13670889	13672133	0	1188	KN003hexa_v0
AL6G40430	scaffold_6_RagTag	87.216	704	86	4	267	968	13636858	13637559	0	798	KN003hexa_v0
AL6G40430	scaffold_6_RagTag	83.151	457	48	14	972	1409	13638841	13639287	6.61e-107	390	KN003hexa_v0
AL6G40430	scaffold_2_RagTag	75.755	1225	243	37	268	1457	4349478	4350683	2.85e-160	568	KN003hexa_v0
AL6G40430	scaffold_2_RagTag	77.027	518	94	11	846	1345	4344635	4345145	6.95e-72	274	KN003hexa_v0
AL6G40430	scaffold_7_RagTag	73.798	1061	224	38	267	1297	652686	653722	8.61e-101	370	KN003hexa_v0
AL6G40430	scaffold_7_RagTag	94.872	39	1	1	1177	1214	573444	573406	2.12e-07	60.2	KN003hexa_v0
AL6G40430	scaffold_3_RagTag	84.286	70	8	3	1187	1256	19294695	19294629	4.55e-09	65.8	KN003hexa_v0
AL6G40440	scaffold_6_RagTag	98.957	1342	2	2	315	1656	13670906	13672235	0	2390	KN003hexa_v0
AL6G40440	scaffold_6_RagTag	84.584	1239	174	10	317	1554	13667755	13668977	0	1214	KN003hexa_v0
AL6G40440	scaffold_6_RagTag	88.116	690	82	0	475	1164	13636869	13637558	0	821	KN003hexa_v0
AL6G40440	scaffold_6_RagTag	99.344	305	2	0	11	315	24416058	24416362	9.07e-156	553	KN003hexa_v0
AL6G40440	scaffold_6_RagTag	99.342	304	2	0	11	314	2302146	2302449	3.26e-155	551	KN003hexa_v0
AL6G40440	scaffold_6_RagTag	99.34	303	2	0	12	314	2300702	2301004	1.17e-154	549	KN003hexa_v0
AL6G40440	scaffold_6_RagTag	99.34	303	2	0	12	314	24414614	24414916	1.17e-154	549	KN003hexa_v0
AL6G40440	scaffold_6_RagTag	87.224	407	42	6	1192	1596	13638867	13639265	2.63e-126	455	KN003hexa_v0
AL6G40440	scaffold_2_RagTag	76.965	1094	218	28	475	1554	4349488	4350561	5.34e-168	593	KN003hexa_v0
AL6G40440	scaffold_2_RagTag	79.954	439	70	10	1043	1469	4344635	4345067	7.8e-82	307	KN003hexa_v0
AL6G40440	scaffold_2_RagTag	78.261	460	76	16	475	921	4343616	4344064	7.91e-72	274	KN003hexa_v0
AL6G40440	scaffold_7_RagTag	98.68	303	4	0	12	314	25168126	25168428	2.54e-151	538	KN003hexa_v0
AL6G40440	scaffold_7_RagTag	97.386	306	5	3	11	316	25169570	25169872	3.31e-145	518	KN003hexa_v0
AL6G40440	scaffold_7_RagTag	74.27	1061	226	32	461	1502	652686	653718	9.67e-111	403	KN003hexa_v0
AL6G40440	scaffold_4_RagTag	85.892	241	6	5	77	314	18936905	18937120	4.83e-59	231	KN003hexa_v0
AL6G40440	scaffold_4_RagTag	85.892	241	6	5	77	314	18939576	18939361	4.83e-59	231	KN003hexa_v0
AL6G40440	scaffold_4_RagTag	91.304	46	4	0	9	54	18936863	18936908	1.86e-08	63.9	KN003hexa_v0
AL6G40440	scaffold_4_RagTag	93.023	43	3	0	12	54	18939615	18939573	1.86e-08	63.9	KN003hexa_v0
AL2G17690	scaffold_2_RagTag	99.295	1561	6	4	611	2168	4454291	4455849	0	2817	KN005_v1
AL2G17690	scaffold_2_RagTag	97.28	625	10	3	1	619	4453481	4454104	0	1053	KN005_v1
AL2G17690	scaffold_7_RagTag	73.591	958	211	32	929	1858	676773	677716	2.15e-88	329	KN005_v1
AL2G17690	scaffold_7_RagTag	71.075	930	208	45	958	1860	674641	675536	1.38e-40	171	KN005_v1
AL2G17710	scaffold_2_RagTag	100	476	0	0	711	1186	4466825	4467300	0	880	KN005_v1
AL2G17710	scaffold_2_RagTag	98.621	290	2	1	1	290	4456421	4456708	1.08e-143	512	KN005_v1
AL2G17710	scaffold_2_RagTag	81.308	428	72	4	709	1131	4470285	4470709	5.39e-92	340	KN005_v1
AL2G17710	scaffold_2_RagTag	100	182	0	0	284	465	4461827	4461646	6.97e-91	337	KN005_v1
AL2G17710	scaffold_2_RagTag	79.559	499	72	21	16	500	4454617	4455099	1.17e-88	329	KN005_v1
AL2G17710	scaffold_2_RagTag	100	58	0	0	461	518	4466765	4466822	5.95e-22	108	KN005_v1
AL2G17710	scaffold_6_RagTag	81.109	487	74	10	709	1186	13521189	13521666	5.31e-102	374	KN005_v1
AL2G17710	scaffold_6_RagTag	98.404	188	3	0	522	709	2911327	2911140	3.24e-89	331	KN005_v1
AL2G17710	scaffold_6_RagTag	80.374	428	78	5	709	1132	13518046	13518471	7.02e-86	320	KN005_v1
AL2G17710	scaffold_6_RagTag	78.969	485	78	18	709	1181	13488509	13488981	1.52e-82	309	KN005_v1
AL2G17710	scaffold_6_RagTag	79.281	473	70	16	36	495	13488034	13488491	1.97e-81	305	KN005_v1
AL2G17710	scaffold_6_RagTag	78.419	468	79	14	43	500	13520721	13521176	2.56e-75	285	KN005_v1
AL2G17710	scaffold_1_RagTag	97.884	189	4	0	521	709	23677680	23677492	4.19e-88	327	KN005_v1
AL2G17710	scaffold_1_RagTag	98.256	172	3	0	538	709	18156435	18156606	2.54e-80	302	KN005_v1
AL2G17710	scaffold_3_RagTag	98.148	108	2	0	602	709	885299	885406	2.07e-46	189	KN005_v1
AL2G17710	scaffold_7_RagTag	81.132	106	17	3	716	818	10196701	10196596	3.61e-14	82.4	KN005_v1
AL2G17720	scaffold_2_RagTag	98.986	1380	11	1	1	1377	4469656	4471035	0	2468	KN005_v1
AL2G17720	scaffold_2_RagTag	80.446	762	109	15	575	1313	4466765	4467509	1.24e-153	545	KN005_v1
AL2G17720	scaffold_2_RagTag	80	440	59	18	1	415	4456282	4456717	3.83e-79	298	KN005_v1
AL2G17720	scaffold_6_RagTag	77.425	1103	214	29	158	1238	13520720	13521809	1.55e-177	625	KN005_v1
AL2G17720	scaffold_6_RagTag	75.98	1224	241	39	158	1361	13517577	13518767	9.44e-165	582	KN005_v1
AL2G17720	scaffold_6_RagTag	76.098	1184	232	34	152	1313	13488034	13489188	2.04e-161	571	KN005_v1
AL2G17720	scaffold_7_RagTag	76.254	299	64	6	558	851	675032	675328	3.16e-35	152	KN005_v1
AL2G17720	scaffold_7_RagTag	79.861	144	22	7	630	770	10196705	10196566	4.17e-19	99	KN005_v1
AL2G17720	scaffold_7_RagTag	93.75	48	3	0	680	727	1366535	1366582	2.53e-11	73.1	KN005_v1
AL6G40420	scaffold_6_RagTag	99.159	1070	9	0	1	1070	13488182	13489251	0	1927	KN005_v1
AL6G40420	scaffold_6_RagTag	85.843	996	126	10	1	987	13520862	13521851	0	1044	KN005_v1
AL6G40420	scaffold_6_RagTag	84.946	1023	117	24	1	1009	13517719	13518718	0	1002	KN005_v1
AL6G40420	scaffold_2_RagTag	75.72	972	192	31	63	1007	4470017	4470971	2.78e-124	448	KN005_v1
AL6G40420	scaffold_2_RagTag	77.225	764	123	34	277	1008	4466766	4467510	7.89e-110	399	KN005_v1
AL6G40420	scaffold_2_RagTag	81.197	117	18	4	7	121	4456608	4456722	5.39e-17	91.6	KN005_v1
AL6G40420	scaffold_7_RagTag	72.889	900	196	31	19	897	676974	677846	8.35e-70	267	KN005_v1
AL6G40420	scaffold_7_RagTag	97.059	34	0	1	785	817	604003	603970	1.97e-06	56.5	KN005_v1
AL6G40420	scaffold_3_RagTag	85	80	8	4	786	864	19148273	19148197	4.2e-13	78.7	KN005_v1
AL6G40430	scaffold_6_RagTag	99.863	1457	1	1	2	1457	13517310	13518766	0	2678	KN005_v1
AL6G40430	scaffold_6_RagTag	84.861	1255	176	9	104	1345	13520556	13521809	0	1253	KN005_v1
AL6G40430	scaffold_6_RagTag	85.223	1164	139	21	267	1409	13488039	13489190	0	1166	KN005_v1
AL6G40430	scaffold_2_RagTag	75.755	1225	243	37	268	1457	4469813	4471018	2.8e-160	568	KN005_v1
AL6G40430	scaffold_2_RagTag	77.632	684	119	15	686	1345	4466766	4467439	3.03e-105	385	KN005_v1
AL6G40430	scaffold_7_RagTag	73.585	1060	228	37	267	1297	676813	677849	1.84e-97	359	KN005_v1
AL6G40430	scaffold_7_RagTag	94.872	39	1	1	1177	1214	604008	603970	2.08e-07	60.2	KN005_v1
AL6G40430	scaffold_3_RagTag	84	75	8	4	1183	1256	19148273	19148202	3.46e-10	69.4	KN005_v1
AL6G40440	scaffold_6_RagTag	99.776	1342	0	1	315	1656	13520573	13521911	0	2459	KN005_v1
AL6G40440	scaffold_6_RagTag	86.328	1141	140	9	461	1596	13488039	13489168	0	1229	KN005_v1
AL6G40440	scaffold_6_RagTag	84.584	1239	174	10	317	1554	13517432	13518654	0	1214	KN005_v1
AL6G40440	scaffold_2_RagTag	77.513	1174	223	29	465	1612	4454644	4455802	0	667	KN005_v1
AL6G40440	scaffold_2_RagTag	76.965	1094	218	28	475	1554	4469823	4470896	5.26e-168	593	KN005_v1
AL6G40440	scaffold_2_RagTag	81.322	605	86	14	883	1469	4466766	4467361	1.2e-129	466	KN005_v1
AL6G40440	scaffold_2_RagTag	81.496	254	43	4	475	727	4456472	4456722	2.88e-51	206	KN005_v1
AL6G40440	scaffold_7_RagTag	98.68	303	4	0	12	314	25612001	25612303	2.5e-151	538	KN005_v1
AL6G40440	scaffold_7_RagTag	97.386	306	5	3	11	316	25613445	25613747	3.26e-145	518	KN005_v1
AL6G40440	scaffold_7_RagTag	74.102	1058	227	33	465	1502	676815	677845	2.06e-107	392	KN005_v1
AL6G40440	scaffold_4_RagTag	96.835	316	8	2	7	321	5593691	5593377	5.41e-148	527	KN005_v1
AL6G40440	scaffold_4_RagTag	85.892	241	6	5	77	314	17563181	17563396	4.75e-59	231	KN005_v1
AL6G40440	scaffold_4_RagTag	85.892	241	6	5	77	314	17565851	17565636	4.75e-59	231	KN005_v1
AL6G40440	scaffold_4_RagTag	91.304	46	4	0	9	54	17563139	17563184	1.83e-08	63.9	KN005_v1
AL6G40440	scaffold_4_RagTag	93.023	43	3	0	12	54	17565890	17565848	1.83e-08	63.9	KN005_v1
AL2G17690	scaffold_2_RagTag	99.769	2169	3	2	1	2168	4578782	4580949	0	3976	KN006_v1
AL2G17690	scaffold_7_RagTag	73.695	958	210	32	929	1858	660364	661307	4.89e-90	335	KN006_v1
AL2G17690	scaffold_7_RagTag	70.968	930	209	45	958	1860	658247	659142	6.8e-39	165	KN006_v1
AL2G17710	scaffold_2_RagTag	99.294	708	5	0	1	708	4583511	4584218	0	1280	KN006_v1
AL2G17710	scaffold_2_RagTag	99.793	482	1	0	705	1186	4591675	4592156	0	885	KN006_v1
AL2G17710	scaffold_2_RagTag	81.308	428	72	4	709	1131	4595156	4595580	5.7e-92	340	KN006_v1
AL2G17710	scaffold_6_RagTag	81.109	487	74	10	709	1186	13785829	13786306	5.62e-102	374	KN006_v1
AL2G17710	scaffold_6_RagTag	80.094	427	81	3	709	1132	13782683	13783108	3.45e-84	315	KN006_v1
AL2G17710	scaffold_6_RagTag	78.969	485	78	18	709	1181	13753144	13753616	1.61e-82	309	KN006_v1
AL2G17710	scaffold_6_RagTag	79.281	473	70	16	36	495	13752669	13753126	2.08e-81	305	KN006_v1
AL2G17710	scaffold_6_RagTag	78.205	468	80	13	43	500	13785361	13785816	1.26e-73	279	KN006_v1
AL2G17710	scaffold_1_RagTag	97.674	172	4	0	538	709	19209712	19209883	1.25e-78	296	KN006_v1
AL2G17710	scaffold_7_RagTag	98.889	90	1	0	522	611	24169471	24169560	4.76e-38	161	KN006_v1
AL2G17710	scaffold_7_RagTag	81.132	106	17	3	716	818	11003974	11003869	3.81e-14	82.4	KN006_v1
AL2G17720	scaffold_2_RagTag	99.637	1377	5	0	1	1377	4594530	4595906	0	2516	KN006_v1
AL2G17720	scaffold_2_RagTag	80.682	704	102	13	627	1313	4591679	4592365	1.03e-144	516	KN006_v1
AL2G17720	scaffold_2_RagTag	80.12	664	91	24	1	631	4583372	4584027	6.32e-127	457	KN006_v1
AL2G17720	scaffold_6_RagTag	77.335	1103	215	29	158	1238	13785360	13786449	7.61e-176	619	KN006_v1
AL2G17720	scaffold_6_RagTag	75.961	1223	244	36	158	1361	13782214	13783405	2.78e-165	584	KN006_v1
AL2G17720	scaffold_6_RagTag	76.014	1184	233	34	152	1313	13752669	13753823	1.01e-159	566	KN006_v1
AL2G17720	scaffold_7_RagTag	76.254	299	64	6	558	851	658638	658934	3.34e-35	152	KN006_v1
AL2G17720	scaffold_7_RagTag	79.861	144	22	7	630	770	11003978	11003839	4.41e-19	99	KN006_v1
AL2G17720	scaffold_7_RagTag	93.75	48	3	0	680	727	1370378	1370425	2.67e-11	73.1	KN006_v1
AL6G40420	scaffold_6_RagTag	99.065	1070	10	0	1	1070	13752817	13753886	0	1921	KN006_v1
AL6G40420	scaffold_6_RagTag	85.843	996	126	10	1	987	13785502	13786491	0	1044	KN006_v1
AL6G40420	scaffold_6_RagTag	84.961	1024	116	24	1	1009	13782356	13783356	0	1003	KN006_v1
AL6G40420	scaffold_2_RagTag	75.823	972	188	32	63	1007	4594891	4595842	8.17e-125	449	KN006_v1
AL6G40420	scaffold_2_RagTag	77.228	707	116	29	328	1008	4591679	4592366	1.82e-101	372	KN006_v1
AL6G40420	scaffold_2_RagTag	75.309	324	54	14	1	310	4583694	4584005	3.36e-29	132	KN006_v1
AL6G40420	scaffold_7_RagTag	73	900	195	31	19	897	660565	661437	1.9e-71	272	KN006_v1
AL6G40420	scaffold_7_RagTag	97.059	34	0	1	785	817	578910	578877	2.08e-06	56.5	KN006_v1
AL6G40420	scaffold_3_RagTag	85.333	75	8	3	790	864	21587249	21587178	5.74e-12	75	KN006_v1
AL6G40430	scaffold_6_RagTag	99.863	1458	0	2	2	1457	13781947	13783404	0	2680	KN006_v1
AL6G40430	scaffold_6_RagTag	84.781	1255	177	9	104	1345	13785196	13786449	0	1247	KN006_v1
AL6G40430	scaffold_6_RagTag	85.137	1164	140	21	267	1409	13752674	13753825	0	1160	KN006_v1
AL6G40430	scaffold_2_RagTag	75.879	1223	242	39	268	1457	4594687	4595889	1.77e-162	575	KN006_v1
AL6G40430	scaffold_2_RagTag	78.268	635	109	14	729	1345	4591672	4592295	4.14e-104	381	KN006_v1
AL6G40430	scaffold_7_RagTag	73.679	1060	227	37	267	1297	660404	661440	4.17e-99	364	KN006_v1
AL6G40430	scaffold_7_RagTag	94.872	39	1	1	1177	1214	578915	578877	2.2e-07	60.2	KN006_v1
AL6G40430	scaffold_3_RagTag	84.286	70	8	3	1187	1256	21587249	21587183	4.73e-09	65.8	KN006_v1
AL6G40440	scaffold_6_RagTag	99.702	1342	1	1	315	1656	13785213	13786551	0	2453	KN006_v1
AL6G40440	scaffold_6_RagTag	86.24	1141	141	9	461	1596	13752674	13753803	0	1223	KN006_v1
AL6G40440	scaffold_6_RagTag	84.665	1239	173	10	317	1554	13782069	13783291	0	1219	KN006_v1
AL6G40440	scaffold_2_RagTag	77.148	1094	213	31	475	1554	4594697	4595767	3.33e-170	601	KN006_v1
AL6G40440	scaffold_2_RagTag	81.081	555	83	12	927	1469	4591673	4592217	7.73e-117	424	KN006_v1
AL6G40440	scaffold_2_RagTag	78.337	457	81	10	475	921	4583562	4584010	1.77e-73	279	KN006_v1
AL6G40440	scaffold_7_RagTag	98.68	303	4	0	12	314	27288263	27288565	2.64e-151	538	KN006_v1
AL6G40440	scaffold_7_RagTag	74.197	1058	226	33	465	1502	660406	661436	4.68e-109	398	KN006_v1
AL6G40440	scaffold_4_RagTag	85.892	241	6	5	77	314	18835484	18835699	5.03e-59	231	KN006_v1
AL6G40440	scaffold_4_RagTag	85.892	241	6	5	77	314	18838154	18837939	5.03e-59	231	KN006_v1
AL6G40440	scaffold_4_RagTag	91.304	46	4	0	9	54	18835442	18835487	1.94e-08	63.9	KN006_v1
AL6G40440	scaffold_4_RagTag	93.023	43	3	0	12	54	18838193	18838151	1.94e-08	63.9	KN006_v1
AL2G17690	scaffold_2_RagTag	100	2168	0	0	1	2168	4221932	4224099	0	4004	MN47_mabs_v3
AL2G17690	scaffold_7_RagTag	73.695	958	210	32	929	1858	742327	743270	4.89e-90	335	MN47_mabs_v3
AL2G17690	scaffold_7_RagTag	70.968	930	209	45	958	1860	740208	741103	6.8e-39	165	MN47_mabs_v3
AL2G17710	scaffold_2_RagTag	100	1186	0	0	1	1186	4226684	4227869	0	2191	MN47_mabs_v3
AL2G17710	scaffold_2_RagTag	83.436	489	65	10	36	517	4230373	4230852	5.46e-122	440	MN47_mabs_v3
AL2G17710	scaffold_2_RagTag	81.308	428	72	4	709	1131	4230848	4231272	5.7e-92	340	MN47_mabs_v3
AL2G17710	scaffold_6_RagTag	81.109	487	74	10	709	1186	13907728	13908205	5.62e-102	374	MN47_mabs_v3
AL2G17710	scaffold_6_RagTag	80.094	427	81	3	709	1132	13902826	13903251	3.45e-84	315	MN47_mabs_v3
AL2G17710	scaffold_6_RagTag	79.281	473	70	16	36	495	13884322	13884779	2.08e-81	305	MN47_mabs_v3
AL2G17710	scaffold_6_RagTag	78.214	459	78	14	52	500	13907269	13907715	5.86e-72	274	MN47_mabs_v3
AL2G17710	scaffold_5_RagTag	97.872	188	4	0	522	709	14569696	14569509	1.6e-87	326	MN47_mabs_v3
AL2G17710	scaffold_4_RagTag	97.872	188	4	0	522	709	14048544	14048357	1.6e-87	326	MN47_mabs_v3
AL2G17710	scaffold_1_RagTag	98.256	172	3	0	538	709	18440762	18440933	2.69e-80	302	MN47_mabs_v3
AL2G17710	scaffold_7_RagTag	97.778	90	2	0	522	611	24494025	24494114	2.22e-36	156	MN47_mabs_v3
AL2G17710	scaffold_7_RagTag	81.132	106	17	3	716	818	10487533	10487428	3.81e-14	82.4	MN47_mabs_v3
AL2G17720	scaffold_2_RagTag	100	1377	0	0	1	1377	4230222	4231598	0	2543	MN47_mabs_v3
AL2G17720	scaffold_2_RagTag	80.682	704	102	14	627	1313	4227392	4228078	1.03e-144	516	MN47_mabs_v3
AL2G17720	scaffold_2_RagTag	80.12	664	91	24	1	631	4226545	4227200	6.32e-127	457	MN47_mabs_v3
AL2G17720	scaffold_6_RagTag	77.31	1093	213	29	168	1238	13907269	13908348	1.27e-173	612	MN47_mabs_v3
AL2G17720	scaffold_6_RagTag	75.961	1223	243	37	158	1361	13902357	13903547	9.99e-165	582	MN47_mabs_v3
AL2G17720	scaffold_6_RagTag	76.182	1184	231	34	152	1313	13884322	13885476	4.65e-163	577	MN47_mabs_v3
AL2G17720	scaffold_7_RagTag	76.254	299	64	6	558	851	740599	740895	3.34e-35	152	MN47_mabs_v3
AL2G17720	scaffold_7_RagTag	79.861	144	22	7	630	770	10487537	10487398	4.41e-19	99	MN47_mabs_v3
AL2G17720	scaffold_7_RagTag	93.75	48	3	0	680	727	1467122	1467169	2.67e-11	73.1	MN47_mabs_v3
AL6G40420	scaffold_6_RagTag	100	1070	0	0	1	1070	13884470	13885539	0	1977	MN47_mabs_v3
AL6G40420	scaffold_6_RagTag	85.843	996	126	10	1	987	13907401	13908390	0	1044	MN47_mabs_v3
AL6G40420	scaffold_6_RagTag	85.044	1023	116	24	1	1009	13902499	13903498	0	1007	MN47_mabs_v3
AL6G40420	scaffold_2_RagTag	75.926	972	187	32	63	1007	4230583	4231534	1.75e-126	455	MN47_mabs_v3
AL6G40420	scaffold_2_RagTag	77.086	707	117	30	328	1008	4227392	4228079	8.46e-100	366	MN47_mabs_v3
AL6G40420	scaffold_2_RagTag	75.617	324	53	14	1	310	4226867	4227178	7.22e-31	137	MN47_mabs_v3
AL6G40420	scaffold_7_RagTag	73	900	195	31	19	897	742528	743400	1.9e-71	272	MN47_mabs_v3
AL6G40420	scaffold_7_RagTag	97.059	34	0	1	785	817	623293	623260	2.08e-06	56.5	MN47_mabs_v3
AL6G40420	scaffold_3_RagTag	85.333	75	8	3	790	864	19896924	19896853	5.74e-12	75	MN47_mabs_v3
AL6G40430	scaffold_6_RagTag	100	1457	0	0	1	1457	13902090	13903546	0	2691	MN47_mabs_v3
AL6G40430	scaffold_6_RagTag	84.665	1239	173	10	123	1345	13907111	13908348	0	1219	MN47_mabs_v3
AL6G40430	scaffold_6_RagTag	84.991	1166	138	24	267	1409	13884327	13885478	0	1149	MN47_mabs_v3
AL6G40430	scaffold_2_RagTag	75.961	1223	241	39	268	1457	4230379	4231581	3.8e-164	580	MN47_mabs_v3
AL6G40430	scaffold_2_RagTag	78.15	627	109	14	737	1345	4227392	4228008	6.93e-102	374	MN47_mabs_v3
AL6G40430	scaffold_7_RagTag	73.679	1060	227	37	267	1297	742367	743403	4.17e-99	364	MN47_mabs_v3
AL6G40430	scaffold_7_RagTag	94.872	39	1	1	1177	1214	623298	623260	2.2e-07	60.2	MN47_mabs_v3
AL6G40430	scaffold_3_RagTag	84.286	70	8	3	1187	1256	19896924	19896858	4.73e-09	65.8	MN47_mabs_v3
AL6G40440	scaffold_6_RagTag	100	1646	0	0	11	1656	13906805	13908450	0	3040	MN47_mabs_v3
AL6G40440	scaffold_6_RagTag	86.252	1142	139	11	461	1596	13884327	13885456	0	1223	MN47_mabs_v3
AL6G40440	scaffold_6_RagTag	84.665	1239	173	10	317	1554	13902212	13903434	0	1219	MN47_mabs_v3
AL6G40440	scaffold_6_RagTag	100	314	0	0	1	314	13905350	13905663	4.33e-164	580	MN47_mabs_v3
AL6G40440	scaffold_6_RagTag	99.671	304	1	0	11	314	722380	722077	7.3e-157	556	MN47_mabs_v3
AL6G40440	scaffold_6_RagTag	99.67	303	1	0	12	314	723824	723522	2.63e-156	555	MN47_mabs_v3
AL6G40440	scaffold_2_RagTag	77.31	1093	213	29	475	1554	4230389	4231459	1.54e-173	612	MN47_mabs_v3
AL6G40440	scaffold_2_RagTag	81.204	548	82	11	934	1469	4227392	4227930	2.78e-116	422	MN47_mabs_v3
AL6G40440	scaffold_2_RagTag	78.118	457	82	10	475	921	4226735	4227183	8.23e-72	274	MN47_mabs_v3
AL6G40440	scaffold_7_RagTag	99.67	303	1	0	12	314	27061812	27062114	2.63e-156	555	MN47_mabs_v3
AL6G40440	scaffold_7_RagTag	97.059	306	6	3	11	316	27063256	27063558	1.6e-143	512	MN47_mabs_v3
AL6G40440	scaffold_7_RagTag	74.197	1058	226	33	465	1502	742369	743399	4.68e-109	398	MN47_mabs_v3
AL6G40440	scaffold_3_RagTag	98.065	310	2	1	11	316	10786558	10786867	9.51e-151	536	MN47_mabs_v3
AL6G40440	scaffold_3_RagTag	98.046	307	2	1	12	314	10785110	10785416	4.42e-149	531	MN47_mabs_v3
AL6G40440	scaffold_4_RagTag	86.975	238	6	4	77	314	18570152	18569940	6.46e-63	244	MN47_mabs_v3
AL6G40440	scaffold_4_RagTag	93.023	43	3	0	12	54	18570191	18570149	1.94e-08	63.9	MN47_mabs_v3
AL2G17690	scaffold_2_RagTag	100	2168	0	0	1	2168	4221932	4224099	0	4004	MN47_v4
AL2G17690	scaffold_7_RagTag	73.695	958	210	32	929	1858	742327	743270	4.89e-90	335	MN47_v4
AL2G17690	scaffold_7_RagTag	70.968	930	209	45	958	1860	740208	741103	6.79e-39	165	MN47_v4
AL2G17710	scaffold_2_RagTag	100	1186	0	0	1	1186	4226684	4227869	0	2191	MN47_v4
AL2G17710	scaffold_2_RagTag	83.436	489	65	10	36	517	4230373	4230852	5.46e-122	440	MN47_v4
AL2G17710	scaffold_2_RagTag	81.308	428	72	4	709	1131	4230848	4231272	5.7e-92	340	MN47_v4
AL2G17710	scaffold_6_RagTag	81.109	487	74	10	709	1186	13907728	13908205	5.62e-102	374	MN47_v4
AL2G17710	scaffold_6_RagTag	80.094	427	81	3	709	1132	13902826	13903251	3.45e-84	315	MN47_v4
AL2G17710	scaffold_6_RagTag	79.281	473	70	16	36	495	13884322	13884779	2.08e-81	305	MN47_v4
AL2G17710	scaffold_6_RagTag	78.214	459	78	14	52	500	13907269	13907715	5.86e-72	274	MN47_v4
AL2G17710	scaffold_5_RagTag	97.872	188	4	0	522	709	14569696	14569509	1.6e-87	326	MN47_v4
AL2G17710	scaffold_4_RagTag	97.872	188	4	0	522	709	14048544	14048357	1.6e-87	326	MN47_v4
AL2G17710	scaffold_1_RagTag	98.256	172	3	0	538	709	18409000	18409171	2.69e-80	302	MN47_v4
AL2G17710	scaffold_7_RagTag	97.778	90	2	0	522	611	24494025	24494114	2.21e-36	156	MN47_v4
AL2G17710	scaffold_7_RagTag	81.132	106	17	3	716	818	10487533	10487428	3.81e-14	82.4	MN47_v4
AL2G17720	scaffold_2_RagTag	100	1377	0	0	1	1377	4230222	4231598	0	2543	MN47_v4
AL2G17720	scaffold_2_RagTag	80.682	704	102	14	627	1313	4227392	4228078	1.03e-144	516	MN47_v4
AL2G17720	scaffold_2_RagTag	80.12	664	91	24	1	631	4226545	4227200	6.31e-127	457	MN47_v4
AL2G17720	scaffold_6_RagTag	77.31	1093	213	29	168	1238	13907269	13908348	1.27e-173	612	MN47_v4
AL2G17720	scaffold_6_RagTag	75.961	1223	243	37	158	1361	13902357	13903547	9.99e-165	582	MN47_v4
AL2G17720	scaffold_6_RagTag	76.182	1184	231	34	152	1313	13884322	13885476	4.65e-163	577	MN47_v4
AL2G17720	scaffold_7_RagTag	76.254	299	64	6	558	851	740599	740895	3.34e-35	152	MN47_v4
AL2G17720	scaffold_7_RagTag	79.861	144	22	7	630	770	10487537	10487398	4.41e-19	99	MN47_v4
AL2G17720	scaffold_7_RagTag	93.75	48	3	0	680	727	1467122	1467169	2.67e-11	73.1	MN47_v4
AL6G40420	scaffold_6_RagTag	100	1070	0	0	1	1070	13884470	13885539	0	1977	MN47_v4
AL6G40420	scaffold_6_RagTag	85.843	996	126	10	1	987	13907401	13908390	0	1044	MN47_v4
AL6G40420	scaffold_6_RagTag	85.044	1023	116	24	1	1009	13902499	13903498	0	1007	MN47_v4
AL6G40420	scaffold_2_RagTag	75.926	972	187	32	63	1007	4230583	4231534	1.75e-126	455	MN47_v4
AL6G40420	scaffold_2_RagTag	77.086	707	117	30	328	1008	4227392	4228079	8.46e-100	366	MN47_v4
AL6G40420	scaffold_2_RagTag	75.617	324	53	14	1	310	4226867	4227178	7.22e-31	137	MN47_v4
AL6G40420	scaffold_7_RagTag	73	900	195	31	19	897	742528	743400	1.9e-71	272	MN47_v4
AL6G40420	scaffold_7_RagTag	97.059	34	0	1	785	817	623293	623260	2.08e-06	56.5	MN47_v4
AL6G40420	scaffold_3_RagTag	85.333	75	8	3	790	864	19896924	19896853	5.74e-12	75	MN47_v4
AL6G40430	scaffold_6_RagTag	100	1457	0	0	1	1457	13902090	13903546	0	2691	MN47_v4
AL6G40430	scaffold_6_RagTag	84.665	1239	173	10	123	1345	13907111	13908348	0	1219	MN47_v4
AL6G40430	scaffold_6_RagTag	84.991	1166	138	24	267	1409	13884327	13885478	0	1149	MN47_v4
AL6G40430	scaffold_2_RagTag	75.961	1223	241	39	268	1457	4230379	4231581	3.8e-164	580	MN47_v4
AL6G40430	scaffold_2_RagTag	78.15	627	109	14	737	1345	4227392	4228008	6.93e-102	374	MN47_v4
AL6G40430	scaffold_7_RagTag	73.679	1060	227	37	267	1297	742367	743403	4.17e-99	364	MN47_v4
AL6G40430	scaffold_7_RagTag	94.872	39	1	1	1177	1214	623298	623260	2.2e-07	60.2	MN47_v4
AL6G40430	scaffold_3_RagTag	84.286	70	8	3	1187	1256	19896924	19896858	4.73e-09	65.8	MN47_v4
AL6G40440	scaffold_6_RagTag	100	1646	0	0	11	1656	13906805	13908450	0	3040	MN47_v4
AL6G40440	scaffold_6_RagTag	86.252	1142	139	11	461	1596	13884327	13885456	0	1223	MN47_v4
AL6G40440	scaffold_6_RagTag	84.665	1239	173	10	317	1554	13902212	13903434	0	1219	MN47_v4
AL6G40440	scaffold_6_RagTag	100	314	0	0	1	314	13905350	13905663	4.33e-164	580	MN47_v4
AL6G40440	scaffold_6_RagTag	99.671	304	1	0	11	314	722380	722077	7.3e-157	556	MN47_v4
AL6G40440	scaffold_6_RagTag	99.67	303	1	0	12	314	723824	723522	2.63e-156	555	MN47_v4
AL6G40440	scaffold_2_RagTag	77.31	1093	213	29	475	1554	4230389	4231459	1.54e-173	612	MN47_v4
AL6G40440	scaffold_2_RagTag	81.204	548	82	11	934	1469	4227392	4227930	2.78e-116	422	MN47_v4
AL6G40440	scaffold_2_RagTag	78.118	457	82	10	475	921	4226735	4227183	8.23e-72	274	MN47_v4
AL6G40440	scaffold_7_RagTag	99.67	303	1	0	12	314	27061812	27062114	2.63e-156	555	MN47_v4
AL6G40440	scaffold_7_RagTag	97.059	306	6	3	11	316	27063256	27063558	1.6e-143	512	MN47_v4
AL6G40440	scaffold_7_RagTag	74.197	1058	226	33	465	1502	742369	743399	4.68e-109	398	MN47_v4
AL6G40440	scaffold_3_RagTag	98.065	310	2	1	11	316	10786558	10786867	9.51e-151	536	MN47_v4
AL6G40440	scaffold_3_RagTag	98.046	307	2	1	12	314	10785110	10785416	4.42e-149	531	MN47_v4
AL6G40440	scaffold_4_RagTag	86.975	238	6	4	77	314	18570152	18569940	6.45e-63	244	MN47_v4
AL6G40440	scaffold_4_RagTag	93.023	43	3	0	12	54	18570191	18570149	1.94e-08	63.9	MN47_v4
AL2G17690	scaffold_2_RagTag	96.19	2205	45	14	1	2168	3896254	3898456	0	3570	Nla.ragtag.scaffold_chr
AL2G17690	scaffold_2_RagTag	95.853	1447	38	10	743	2168	4852662	4854107	0	2320	Nla.ragtag.scaffold_chr
AL2G17690	scaffold_2_RagTag	90.196	306	11	4	446	732	4852150	4852455	5.98e-104	381	Nla.ragtag.scaffold_chr
AL2G17690	scaffold_6_RagTag	78.383	643	127	12	964	1599	14168185	14168822	9.86e-112	407	Nla.ragtag.scaffold_chr
AL2G17690	scaffold_7_RagTag	73.145	957	217	30	929	1858	677156	678099	1.03e-81	307	Nla.ragtag.scaffold_chr
AL2G17690	scaffold_7_RagTag	70.936	929	214	47	958	1860	675086	675984	5.07e-40	169	Nla.ragtag.scaffold_chr
AL2G17710	scaffold_2_RagTag	91.909	482	28	5	709	1186	4855165	4855639	0	664	Nla.ragtag.scaffold_chr
AL2G17710	scaffold_2_RagTag	91.494	482	30	7	709	1186	3899547	3900021	0	652	Nla.ragtag.scaffold_chr
AL2G17710	scaffold_2_RagTag	83.669	496	62	9	33	518	4861187	4861673	8.75e-125	449	Nla.ragtag.scaffold_chr
AL2G17710	scaffold_2_RagTag	89.969	319	15	3	212	521	4854863	4855173	1.16e-108	396	Nla.ragtag.scaffold_chr
AL2G17710	scaffold_2_RagTag	89.342	319	17	3	212	521	3899245	3899555	2.5e-105	385	Nla.ragtag.scaffold_chr
AL2G17710	scaffold_2_RagTag	81.776	428	70	4	709	1131	3912367	3912791	2.54e-95	351	Nla.ragtag.scaffold_chr
AL2G17710	scaffold_2_RagTag	81.776	428	70	4	709	1131	4861668	4862092	2.54e-95	351	Nla.ragtag.scaffold_chr
AL2G17710	scaffold_2_RagTag	79.719	498	73	18	16	500	3897206	3897688	2.56e-90	335	Nla.ragtag.scaffold_chr
AL2G17710	scaffold_2_RagTag	79.359	499	73	19	16	500	4852858	4853340	5.53e-87	324	Nla.ragtag.scaffold_chr
AL2G17710	scaffold_2_RagTag	93.333	105	5	2	1	104	3899146	3899249	7.68e-36	154	Nla.ragtag.scaffold_chr
AL2G17710	scaffold_2_RagTag	93.333	105	5	2	1	104	4854764	4854867	7.68e-36	154	Nla.ragtag.scaffold_chr
AL2G17710	scaffold_6_RagTag	79.535	430	78	7	709	1132	14094423	14094848	3.35e-79	298	Nla.ragtag.scaffold_chr
AL2G17710	scaffold_6_RagTag	78.34	494	81	17	40	521	14103417	14103896	1.21e-78	296	Nla.ragtag.scaffold_chr
AL2G17710	scaffold_6_RagTag	78.618	463	77	10	43	495	14093955	14094405	7.26e-76	287	Nla.ragtag.scaffold_chr
AL2G17710	scaffold_6_RagTag	80.519	308	48	7	877	1181	14172565	14172863	1.61e-57	226	Nla.ragtag.scaffold_chr
AL2G17710	scaffold_3_RagTag	94.149	188	11	0	522	709	340774	340587	7.26e-76	287	Nla.ragtag.scaffold_chr
AL2G17710	scaffold_7_RagTag	85.088	114	14	2	709	819	378508	378621	1.3e-23	113	Nla.ragtag.scaffold_chr
AL2G17710	scaffold_7_RagTag	91.379	58	5	0	761	818	10274955	10274898	1.32e-13	80.5	Nla.ragtag.scaffold_chr
AL2G17710	scaffold_7_RagTag	95.745	47	2	0	762	808	705820	705774	1.71e-12	76.8	Nla.ragtag.scaffold_chr
AL2G17720	scaffold_2_RagTag	97.307	1374	33	3	6	1377	3911746	3913117	0	2329	Nla.ragtag.scaffold_chr
AL2G17720	scaffold_2_RagTag	97.24	1377	31	4	6	1377	4861044	4862418	0	2326	Nla.ragtag.scaffold_chr
AL2G17720	scaffold_2_RagTag	82.831	996	149	15	328	1310	3899245	3900231	0	872	Nla.ragtag.scaffold_chr
AL2G17720	scaffold_2_RagTag	82.866	998	145	18	328	1310	4854863	4855849	0	872	Nla.ragtag.scaffold_chr
AL2G17720	scaffold_2_RagTag	74.354	967	198	41	118	1053	3897190	3898137	1.06e-99	366	Nla.ragtag.scaffold_chr
AL2G17720	scaffold_2_RagTag	74.214	954	198	40	129	1053	4852855	4853789	2.29e-96	355	Nla.ragtag.scaffold_chr
AL2G17720	scaffold_2_RagTag	77.637	237	29	16	1	213	3899007	3899243	2.52e-26	122	Nla.ragtag.scaffold_chr
AL2G17720	scaffold_2_RagTag	77.637	237	29	16	1	213	4854625	4854861	2.52e-26	122	Nla.ragtag.scaffold_chr
AL2G17720	scaffold_6_RagTag	76.417	1217	255	25	158	1361	14093954	14095151	1.22e-178	628	Nla.ragtag.scaffold_chr
AL2G17720	scaffold_7_RagTag	75.92	299	65	6	558	851	675480	675776	1.5e-33	147	Nla.ragtag.scaffold_chr
AL2G17720	scaffold_7_RagTag	80.272	147	26	3	625	770	378506	378650	7.07e-22	108	Nla.ragtag.scaffold_chr
AL2G17720	scaffold_7_RagTag	86.207	87	11	1	684	770	10274953	10274868	1.98e-17	93.5	Nla.ragtag.scaffold_chr
AL2G17720	scaffold_7_RagTag	93.75	48	3	0	680	727	1360804	1360851	2.58e-11	73.1	Nla.ragtag.scaffold_chr
AL6G40420	scaffold_6_RagTag	85.019	1028	141	11	1	1020	14103561	14104583	0	1033	Nla.ragtag.scaffold_chr
AL6G40420	scaffold_6_RagTag	85.772	984	123	11	1	982	14094096	14095064	0	1026	Nla.ragtag.scaffold_chr
AL6G40420	scaffold_6_RagTag	84.055	947	142	5	1	942	14096641	14097583	0	904	Nla.ragtag.scaffold_chr
AL6G40420	scaffold_6_RagTag	88.158	532	56	4	490	1020	14172556	14173081	3.39e-178	627	Nla.ragtag.scaffold_chr
AL6G40420	scaffold_6_RagTag	87.123	497	62	2	1	496	14168327	14168822	9.7e-159	562	Nla.ragtag.scaffold_chr
AL6G40420	scaffold_6_RagTag	86.036	222	27	2	776	994	14173313	14173533	2.4e-60	235	Nla.ragtag.scaffold_chr
AL6G40420	scaffold_6_RagTag	97.619	42	1	0	964	1005	14097627	14097668	1.99e-11	73.1	Nla.ragtag.scaffold_chr
AL6G40420	scaffold_2_RagTag	79.911	901	152	24	63	949	4854897	4855782	2.03e-180	634	Nla.ragtag.scaffold_chr
AL6G40420	scaffold_2_RagTag	79.89	905	145	33	63	949	3899279	3900164	9.43e-179	628	Nla.ragtag.scaffold_chr
AL6G40420	scaffold_2_RagTag	76.029	972	186	32	63	1007	3912102	3913053	3.64e-128	460	Nla.ragtag.scaffold_chr
AL6G40420	scaffold_2_RagTag	75.54	973	192	33	63	1007	4861400	4862354	6.13e-121	436	Nla.ragtag.scaffold_chr
AL6G40420	scaffold_7_RagTag	72.747	899	197	31	20	897	677358	678229	1.42e-67	259	Nla.ragtag.scaffold_chr
AL6G40420	scaffold_7_RagTag	97.059	34	0	1	785	817	604183	604150	2.01e-06	56.5	Nla.ragtag.scaffold_chr
AL6G40420	scaffold_3_RagTag	85.333	75	8	3	790	864	20484336	20484265	5.54e-12	75	Nla.ragtag.scaffold_chr
AL6G40430	scaffold_6_RagTag	89.458	1366	130	5	104	1457	14093787	14095150	0	1712	Nla.ragtag.scaffold_chr
AL6G40430	scaffold_6_RagTag	82.893	1210	181	19	264	1455	14103415	14104616	0	1064	Nla.ragtag.scaffold_chr
AL6G40430	scaffold_6_RagTag	84.559	1088	151	13	267	1339	14096498	14097583	0	1062	Nla.ragtag.scaffold_chr
AL6G40430	scaffold_6_RagTag	87.818	747	91	0	159	905	14168076	14168822	0	876	Nla.ragtag.scaffold_chr
AL6G40430	scaffold_2_RagTag	79.691	906	160	16	458	1345	4854883	4855782	9.99e-180	632	Nla.ragtag.scaffold_chr
AL6G40430	scaffold_2_RagTag	79.249	906	164	14	458	1345	3899265	3900164	4.68e-173	610	Nla.ragtag.scaffold_chr
AL6G40430	scaffold_2_RagTag	76.307	1224	235	41	268	1457	3911898	3913100	7.83e-171	603	Nla.ragtag.scaffold_chr
AL6G40430	scaffold_2_RagTag	76	1225	240	37	268	1457	4861196	4862401	2.84e-165	584	Nla.ragtag.scaffold_chr
AL6G40430	scaffold_7_RagTag	73.421	1061	228	38	267	1297	677196	678232	4.05e-94	348	Nla.ragtag.scaffold_chr
AL6G40430	scaffold_7_RagTag	94.872	39	1	1	1177	1214	604188	604150	2.13e-07	60.2	Nla.ragtag.scaffold_chr
AL6G40430	scaffold_3_RagTag	84.286	70	8	3	1187	1256	20484336	20484270	4.57e-09	65.8	Nla.ragtag.scaffold_chr
AL6G40440	scaffold_6_RagTag	92.515	1189	71	11	452	1630	14103409	14104589	0	1687	Nla.ragtag.scaffold_chr
AL6G40440	scaffold_6_RagTag	86.76	1284	140	20	315	1591	14093804	14095064	0	1402	Nla.ragtag.scaffold_chr
AL6G40440	scaffold_6_RagTag	84.918	1094	151	8	461	1548	14096498	14097583	0	1094	Nla.ragtag.scaffold_chr
AL6G40440	scaffold_6_RagTag	87.333	750	92	1	353	1102	14168076	14168822	0	856	Nla.ragtag.scaffold_chr
AL6G40440	scaffold_6_RagTag	84.53	543	67	11	1096	1631	14172556	14173088	2.57e-146	521	Nla.ragtag.scaffold_chr
AL6G40440	scaffold_6_RagTag	87.5	280	27	7	1382	1656	14173313	14173589	1.3e-84	316	Nla.ragtag.scaffold_chr
AL6G40440	scaffold_2_RagTag	81.096	894	141	23	675	1554	4854903	4855782	0	689	Nla.ragtag.scaffold_chr
AL6G40440	scaffold_2_RagTag	80.942	892	146	19	675	1554	3899285	3900164	0	684	Nla.ragtag.scaffold_chr
AL6G40440	scaffold_2_RagTag	78.234	1121	201	29	465	1555	3897233	3898340	0	678	Nla.ragtag.scaffold_chr
AL6G40440	scaffold_2_RagTag	78.145	1121	202	29	465	1555	4852885	4853992	0	673	Nla.ragtag.scaffold_chr
AL6G40440	scaffold_2_RagTag	77.127	1093	215	30	475	1554	3911908	3912978	3.21e-170	601	Nla.ragtag.scaffold_chr
AL6G40440	scaffold_2_RagTag	77.036	1093	219	26	475	1554	4861206	4862279	1.15e-169	599	Nla.ragtag.scaffold_chr
AL6G40440	scaffold_2_RagTag	92.593	135	7	3	180	314	15004148	15004017	8.23e-47	191	Nla.ragtag.scaffold_chr
AL6G40440	scaffold_3_RagTag	91.558	308	18	4	11	314	14385407	14385710	3.47e-115	418	Nla.ragtag.scaffold_chr
AL6G40440	scaffold_7_RagTag	73.843	1059	228	35	465	1502	677198	678228	2.12e-102	375	Nla.ragtag.scaffold_chr
AL6G40440	scaffold_8_RagTag	85.809	303	11	5	12	314	9793464	9793734	2.19e-77	292	Nla.ragtag.scaffold_chr
AL6G40440	scaffold_4_RagTag	86.975	238	6	4	77	314	16455287	16455499	6.23e-63	244	Nla.ragtag.scaffold_chr
AL6G40440	scaffold_4_RagTag	91.304	46	4	0	9	54	16455245	16455290	1.87e-08	63.9	Nla.ragtag.scaffold_chr
AL2G17690	scaffold_2	92.913	1397	59	13	784	2168	4135893	4137261	0	1995	NT1_v2
AL2G17690	scaffold_2	76.178	1146	212	49	938	2056	4137936	4139047	5.57e-154	547	NT1_v2
AL2G17690	scaffold_2	91.554	296	12	7	449	735	4135608	4135899	2.14e-108	396	NT1_v2
AL2G17690	scaffold_7	70.968	930	209	45	958	1860	709041	709936	6.56e-39	165	NT1_v2
AL2G17690	scaffold_4	100	29	0	0	1438	1466	751022	751050	1.48e-05	54.7	NT1_v2
AL2G17710	scaffold_2	94.151	530	14	3	1	521	4137921	4138442	0	791	NT1_v2
AL2G17710	scaffold_2	91.494	482	30	5	709	1186	4138434	4138908	0	652	NT1_v2
AL2G17710	scaffold_2	80.98	510	62	15	36	518	4140423	4140924	1.95e-101	372	NT1_v2
AL2G17710	scaffold_2	82.45	302	45	7	709	1005	4140919	4141217	5.7e-67	257	NT1_v2
AL2G17710	scaffold_6	80.873	481	73	12	709	1181	13067779	13068248	4.22e-98	361	NT1_v2
AL2G17710	scaffold_6	78.163	490	83	16	43	521	13007432	13007908	5.62e-77	291	NT1_v2
AL2G17710	scaffold_6	78.144	485	81	20	709	1181	12958926	12959397	2.61e-75	285	NT1_v2
AL2G17710	scaffold_1	89.041	146	16	0	564	709	131903	132048	3.53e-44	182	NT1_v2
AL2G17720	scaffold_2	94.503	946	31	2	1	925	4140272	4141217	0	1439	NT1_v2
AL2G17720	scaffold_2	82.595	1287	182	29	54	1310	4137844	4139118	0	1098	NT1_v2
AL2G17720	scaffold_2	95.949	469	16	2	909	1377	4141231	4141696	0	758	NT1_v2
AL2G17720	scaffold_6	75.766	1110	232	31	152	1238	12958451	12959546	1.65e-147	525	NT1_v2
AL2G17720	scaffold_7	76.254	299	64	6	558	851	709432	709728	3.22e-35	152	NT1_v2
AL2G17720	scaffold_7	93.75	48	3	0	680	727	1422007	1422054	2.58e-11	73.1	NT1_v2
AL6G40420	scaffold_6	95.497	1066	44	4	1	1063	12958599	12959663	0	1700	NT1_v2
AL6G40420	scaffold_6	87.177	889	107	4	133	1020	13067584	13068466	0	1003	NT1_v2
AL6G40420	scaffold_6	82.977	1028	140	17	1	1020	13007573	13008573	0	896	NT1_v2
AL6G40420	scaffold_6	83.133	996	148	12	1	989	12998860	12999842	0	891	NT1_v2
AL6G40420	scaffold_6	86.957	253	29	2	745	994	13068635	13068886	3.04e-74	281	NT1_v2
AL6G40420	scaffold_2	78.324	1038	177	36	1	1009	4138104	4139122	3.39e-178	627	NT1_v2
AL6G40420	scaffold_2	78.311	521	84	17	63	558	4140633	4141149	1.4e-82	309	NT1_v2
AL6G40420	scaffold_7	72.636	899	198	31	20	897	711603	712474	6.63e-66	254	NT1_v2
AL6G40420	scaffold_7	94.595	37	1	1	785	820	622019	621983	2.01e-06	56.5	NT1_v2
AL6G40430	scaffold_6	86.469	1079	137	7	267	1339	12998717	12999792	0	1175	NT1_v2
AL6G40430	scaffold_6	84.439	1176	147	25	267	1420	12958456	12959617	0	1125	NT1_v2
AL6G40430	scaffold_6	81.832	1365	208	14	104	1455	13007267	13008604	0	1110	NT1_v2
AL6G40430	scaffold_6	96	50	2	0	501	550	13057895	13057944	4.54e-14	82.4	NT1_v2
AL6G40430	scaffold_2	79.746	1101	191	21	267	1345	4137961	4139051	0	769	NT1_v2
AL6G40430	scaffold_2	77.01	796	146	26	268	1034	4140429	4141216	2.35e-116	422	NT1_v2
AL6G40430	scaffold_7	73.704	1061	225	38	267	1297	711441	712477	4.02e-99	364	NT1_v2
AL6G40430	scaffold_7	93.023	43	2	1	1176	1217	622025	621983	5.91e-08	62.1	NT1_v2
AL6G40440	scaffold_6	93.811	1325	44	10	315	1630	13007284	13008579	0	1958	NT1_v2
AL6G40440	scaffold_6	85	1140	150	14	461	1593	12958456	12959581	0	1138	NT1_v2
AL6G40440	scaffold_6	84.448	1151	154	17	461	1604	12998717	12999849	0	1110	NT1_v2
AL6G40440	scaffold_6	85.111	900	117	11	739	1631	13067584	13068473	0	904	NT1_v2
AL6G40440	scaffold_6	97.059	306	7	2	11	315	12414046	12413742	4.3e-144	514	NT1_v2
AL6G40440	scaffold_6	88.424	311	28	7	1351	1656	13068635	13068942	3.54e-100	368	NT1_v2
AL6G40440	scaffold_6	95.918	49	2	0	699	747	13057896	13057944	1.86e-13	80.5	NT1_v2
AL6G40440	scaffold_2	80.017	1161	187	33	461	1596	4137961	4139101	0	817	NT1_v2
AL6G40440	scaffold_2	77.168	784	146	23	475	1231	4140439	4141216	2.07e-117	425	NT1_v2
AL6G40440	scaffold_7	74.175	1061	227	32	461	1502	711441	712473	4.52e-109	398	NT1_v2
AL2G17690	scaffold_2_RagTag	94.608	1391	62	7	784	2168	5046252	5047635	0	2141	NT12_v2
AL2G17690	scaffold_2_RagTag	90.67	418	17	12	333	735	5045848	5046258	1.3e-150	536	NT12_v2
AL2G17690	scaffold_2_RagTag	75.805	1149	214	50	938	2056	5048312	5049426	1.01e-146	523	NT12_v2
AL2G17690	scaffold_6_RagTag	77.305	1128	194	47	963	2070	15133703	15134788	2.71e-172	608	NT12_v2
AL2G17690	scaffold_6_RagTag	76.944	1119	208	34	958	2054	15223731	15224821	2.73e-167	592	NT12_v2
AL2G17690	scaffold_7_RagTag	73.456	923	209	28	958	1858	791457	792365	6.62e-84	315	NT12_v2
AL2G17690	scaffold_7_RagTag	70.784	931	209	49	958	1860	789068	789963	1.53e-35	154	NT12_v2
AL2G17710	scaffold_2_RagTag	94.151	530	14	3	1	521	5048297	5048818	0	791	NT12_v2
AL2G17710	scaffold_2_RagTag	91.134	485	29	7	709	1186	5048810	5049287	0	645	NT12_v2
AL2G17710	scaffold_2_RagTag	80.12	498	71	19	16	500	5046403	5046885	1.27e-93	346	NT12_v2
AL2G17710	scaffold_2_RagTag	81.308	428	72	4	709	1131	5051443	5051867	5.92e-92	340	NT12_v2
AL2G17710	scaffold_6_RagTag	80.841	428	76	5	709	1132	15143790	15144215	3.56e-89	331	NT12_v2
AL2G17710	scaffold_6_RagTag	79.175	485	77	17	709	1181	15128782	15129254	3.59e-84	315	NT12_v2
AL2G17710	scaffold_6_RagTag	78.702	493	75	18	43	521	15133705	15134181	2.79e-80	302	NT12_v2
AL2G17710	scaffold_6_RagTag	79.487	429	80	6	709	1132	15221636	15222061	3.61e-79	298	NT12_v2
AL2G17710	scaffold_6_RagTag	78.737	475	69	19	36	495	15128307	15128764	2.17e-76	289	NT12_v2
AL2G17710	scaffold_6_RagTag	78.402	463	78	10	43	495	15221168	15221618	3.64e-74	281	NT12_v2
AL2G17710	scaffold_6_RagTag	76.861	497	91	12	36	521	15143315	15143798	1.7e-67	259	NT12_v2
AL2G17710	scaffold_6_RagTag	76.972	469	86	11	36	494	15135572	15136028	3.69e-64	248	NT12_v2
AL2G17710	scaffold_6_RagTag	77.033	492	76	23	43	521	15235938	15236405	3.69e-64	248	NT12_v2
AL2G17710	scaffold_6_RagTag	75.106	470	88	19	67	521	15146187	15146642	1.75e-47	193	NT12_v2
AL2G17710	scaffold_6_RagTag	78.112	233	49	2	904	1135	15136466	15136697	1.38e-33	147	NT12_v2
AL2G17710	scaffold_1_RagTag	84.956	113	13	3	564	672	113723	113835	5.05e-23	111	NT12_v2
AL2G17710	scaffold_7_RagTag	81.132	106	17	3	716	818	11647205	11647100	3.96e-14	82.4	NT12_v2
AL2G17710	scaffold_7_RagTag	95.745	47	2	0	762	808	815702	815656	1.84e-12	76.8	NT12_v2
AL2G17720	scaffold_2_RagTag	97.87	1080	23	0	1	1080	5050817	5051896	0	1868	NT12_v2
AL2G17720	scaffold_2_RagTag	82.326	1290	183	31	54	1310	5048220	5049497	0	1077	NT12_v2
AL2G17720	scaffold_2_RagTag	99.6	250	1	0	1128	1377	5054498	5054747	6.56e-127	457	NT12_v2
AL2G17720	scaffold_2_RagTag	75.158	950	190	35	127	1050	5046398	5047327	2.41e-111	405	NT12_v2
AL2G17720	scaffold_6_RagTag	76.046	1219	253	31	158	1361	15133704	15134898	3.7e-169	597	NT12_v2
AL2G17720	scaffold_6_RagTag	76.016	1230	243	43	152	1361	15143315	15144512	6.2e-167	590	NT12_v2
AL2G17720	scaffold_6_RagTag	75.905	1216	255	27	158	1361	15221167	15222356	2.23e-166	588	NT12_v2
AL2G17720	scaffold_6_RagTag	76.203	1185	229	35	152	1313	15128307	15129461	4.82e-163	577	NT12_v2
AL2G17720	scaffold_6_RagTag	74.69	565	130	10	183	739	15146187	15146746	2.59e-61	239	NT12_v2
AL2G17720	scaffold_6_RagTag	74.341	569	108	25	819	1374	15136461	15137004	7.29e-52	207	NT12_v2
AL2G17720	scaffold_7_RagTag	76.254	299	64	6	558	851	789459	789755	3.46e-35	152	NT12_v2
AL2G17720	scaffold_7_RagTag	78.363	171	30	7	603	770	11647236	11647070	9.84e-21	104	NT12_v2
AL6G40420	scaffold_6_RagTag	98.879	1070	12	0	1	1070	15128455	15129524	0	1910	NT12_v2
AL6G40420	scaffold_6_RagTag	86.529	1017	114	16	1	1009	15143463	15144464	0	1098	NT12_v2
AL6G40420	scaffold_6_RagTag	85.671	984	124	11	1	982	15221309	15222277	0	1020	NT12_v2
AL6G40420	scaffold_6_RagTag	85.113	1021	123	17	1	1009	15133846	15134849	0	1016	NT12_v2
AL6G40420	scaffold_6_RagTag	86.199	884	115	6	10	891	15236079	15236957	0	950	NT12_v2
AL6G40420	scaffold_6_RagTag	84.372	947	139	5	1	942	15223879	15224821	0	920	NT12_v2
AL6G40420	scaffold_6_RagTag	87.311	528	66	1	1	527	15135720	15136247	6.15e-171	603	NT12_v2
AL6G40420	scaffold_6_RagTag	86.869	495	60	4	515	1008	15136456	15136946	8.13e-155	549	NT12_v2
AL6G40420	scaffold_6_RagTag	83.448	435	66	6	11	441	15146315	15146747	8.66e-110	399	NT12_v2
AL6G40420	scaffold_6_RagTag	88.365	318	33	3	706	1020	15158884	15159200	1.13e-103	379	NT12_v2
AL6G40420	scaffold_6_RagTag	97.674	43	1	0	964	1006	15224865	15224907	5.96e-12	75	NT12_v2
AL6G40420	scaffold_2_RagTag	78.014	1037	185	33	1	1009	5048480	5049501	1.02e-173	612	NT12_v2
AL6G40420	scaffold_2_RagTag	77.927	965	177	29	1	944	5046571	5047520	6.24e-161	569	NT12_v2
AL6G40420	scaffold_2_RagTag	76.879	705	136	21	63	755	5051178	5051867	5.25e-102	374	NT12_v2
AL6G40420	scaffold_7_RagTag	73.111	900	194	31	19	897	791623	792495	4.24e-73	278	NT12_v2
AL6G40420	scaffold_7_RagTag	97.059	34	0	1	785	817	699885	699852	2.16e-06	56.5	NT12_v2
AL6G40420	scaffold_3_RagTag	85.333	75	8	3	790	864	23800493	23800564	5.96e-12	75	NT12_v2
AL6G40430	scaffold_6_RagTag	92.886	1462	97	6	2	1457	15133437	15134897	0	2117	NT12_v2
AL6G40430	scaffold_6_RagTag	88.726	1366	132	7	104	1457	15221000	15222355	0	1650	NT12_v2
AL6G40430	scaffold_6_RagTag	90.067	1198	106	6	267	1457	15143320	15144511	0	1541	NT12_v2
AL6G40430	scaffold_6_RagTag	85.322	1165	136	23	267	1409	15128312	15129463	0	1171	NT12_v2
AL6G40430	scaffold_6_RagTag	84.184	1195	169	11	104	1288	15235773	15236957	0	1142	NT12_v2
AL6G40430	scaffold_6_RagTag	84.651	1088	150	12	267	1339	15223736	15224821	0	1068	NT12_v2
AL6G40430	scaffold_6_RagTag	83.432	676	101	11	267	936	15135577	15136247	3.01e-175	617	NT12_v2
AL6G40430	scaffold_6_RagTag	84.099	566	84	6	293	853	15146187	15146751	1.86e-152	542	NT12_v2
AL6G40430	scaffold_6_RagTag	81.955	532	70	15	926	1443	15136458	15136977	5.45e-118	427	NT12_v2
AL6G40430	scaffold_6_RagTag	90.179	224	21	1	887	1109	15151298	15151521	7.45e-77	291	NT12_v2
AL6G40430	scaffold_6_RagTag	82.622	328	33	15	1112	1425	15158884	15159201	3.49e-70	268	NT12_v2
AL6G40430	scaffold_2_RagTag	79.51	1103	193	21	267	1345	5048337	5049430	0	754	NT12_v2
AL6G40430	scaffold_2_RagTag	78.872	1117	182	40	267	1347	5046428	5047526	0	706	NT12_v2
AL6G40430	scaffold_2_RagTag	76.484	910	182	28	268	1161	5050974	5051867	1.15e-129	466	NT12_v2
AL6G40430	scaffold_7_RagTag	73.396	1060	230	37	267	1297	791462	792498	4.36e-94	348	NT12_v2
AL6G40430	scaffold_7_RagTag	94.872	39	1	1	1177	1214	699890	699852	2.29e-07	60.2	NT12_v2
AL6G40430	scaffold_3_RagTag	84.286	70	8	3	1187	1256	23800493	23800559	4.92e-09	65.8	NT12_v2
AL6G40440	scaffold_6_RagTag	95.939	1182	33	6	315	1496	15235790	15236956	0	1903	NT12_v2
AL6G40440	scaffold_6_RagTag	86.682	1284	141	20	315	1591	15221017	15222277	0	1397	NT12_v2
AL6G40440	scaffold_6_RagTag	85.188	1249	167	12	317	1564	15133559	15134790	0	1266	NT12_v2
AL6G40440	scaffold_6_RagTag	86.24	1141	141	9	461	1596	15128312	15129441	0	1223	NT12_v2
AL6G40440	scaffold_6_RagTag	85.075	1139	151	12	461	1596	15143320	15144442	0	1144	NT12_v2
AL6G40440	scaffold_6_RagTag	84.735	1094	153	8	461	1548	15223736	15224821	0	1083	NT12_v2
AL6G40440	scaffold_6_RagTag	84.593	675	98	4	461	1133	15135577	15136247	0	665	NT12_v2
AL6G40440	scaffold_6_RagTag	87.643	437	51	1	1120	1556	15136455	15136888	2.79e-141	505	NT12_v2
AL6G40440	scaffold_6_RagTag	80.382	576	108	5	491	1062	15146188	15146762	1.33e-119	433	NT12_v2
AL6G40440	scaffold_6_RagTag	86.517	356	33	10	1310	1654	15158882	15159233	6.34e-103	377	NT12_v2
AL6G40440	scaffold_6_RagTag	100	162	0	0	1495	1656	15237217	15237378	1.41e-79	300	NT12_v2
AL6G40440	scaffold_6_RagTag	89.333	225	23	1	1083	1306	15151297	15151521	5.11e-74	281	NT12_v2
AL6G40440	scaffold_6_RagTag	88.205	195	20	2	1434	1628	15160106	15160297	1.88e-58	230	NT12_v2
AL6G40440	scaffold_2_RagTag	79.708	1163	190	31	461	1596	5048337	5049480	0	798	NT12_v2
AL6G40440	scaffold_2_RagTag	77.592	897	178	20	475	1361	5050984	5051867	2.77e-146	521	NT12_v2
AL6G40440	scaffold_3_RagTag	91.558	308	18	4	11	314	21184955	21184652	3.73e-115	418	NT12_v2
AL6G40440	scaffold_1_RagTag	91.234	308	19	4	11	314	9644130	9644433	1.74e-113	412	NT12_v2
AL6G40440	scaffold_7_RagTag	73.913	1058	229	33	465	1502	791464	792494	4.9e-104	381	NT12_v2
AL2G17690	scaffold_2_RagTag	95.605	1388	51	5	784	2168	5018857	5020237	0	2217	NT8_v2_fix
AL2G17690	scaffold_2_RagTag	76.939	941	170	40	938	1855	5020796	5021712	2.83e-137	492	NT8_v2_fix
AL2G17690	scaffold_2_RagTag	90.397	302	11	9	448	735	5018566	5018863	6.38e-104	381	NT8_v2_fix
AL2G17690	scaffold_2_RagTag	93.277	119	5	1	333	451	5018102	5018217	4.18e-41	172	NT8_v2_fix
AL2G17690	scaffold_6_RagTag	77.305	1128	194	47	963	2070	15183384	15184469	2.69e-172	608	NT8_v2_fix
AL2G17690	scaffold_6_RagTag	76.964	1120	206	36	958	2054	15275513	15276603	2.71e-167	592	NT8_v2_fix
AL2G17690	scaffold_7_RagTag	73.365	1055	215	52	1037	2058	766720	767741	6.52e-89	331	NT8_v2_fix
AL2G17690	scaffold_7_RagTag	73.456	923	209	28	958	1858	770434	771342	6.57e-84	315	NT8_v2_fix
AL2G17690	scaffold_7_RagTag	70.784	931	209	47	958	1860	768045	768940	1.51e-35	154	NT8_v2_fix
AL2G17690	scaffold_7_RagTag	84.884	86	13	0	104	189	14376302	14376217	1.56e-15	87.9	NT8_v2_fix
AL2G17710	scaffold_2_RagTag	94.151	530	14	3	1	521	5020781	5021302	0	791	NT8_v2_fix
AL2G17710	scaffold_2_RagTag	93.75	416	20	4	709	1120	5021294	5021707	6.73e-176	619	NT8_v2_fix
AL2G17710	scaffold_2_RagTag	80.12	498	71	19	16	500	5019008	5019490	1.26e-93	346	NT8_v2_fix
AL2G17710	scaffold_2_RagTag	82.254	355	55	4	721	1070	5023970	5024321	9.96e-80	300	NT8_v2_fix
AL2G17710	scaffold_2_RagTag	93.878	49	3	0	1138	1186	5021974	5022022	6.57e-12	75	NT8_v2_fix
AL2G17710	scaffold_4_RagTag	98.413	189	3	0	521	709	15158701	15158889	9.82e-90	333	NT8_v2_fix
AL2G17710	scaffold_6_RagTag	80.841	428	76	5	709	1132	15193471	15193896	3.53e-89	331	NT8_v2_fix
AL2G17710	scaffold_6_RagTag	78.969	485	78	18	709	1181	15178463	15178935	1.65e-82	309	NT8_v2_fix
AL2G17710	scaffold_6_RagTag	78.702	493	75	18	43	521	15183386	15183862	2.77e-80	302	NT8_v2_fix
AL2G17710	scaffold_6_RagTag	79.487	429	80	6	709	1132	15273418	15273843	3.58e-79	298	NT8_v2_fix
AL2G17710	scaffold_6_RagTag	78.737	475	69	19	36	495	15177988	15178445	2.16e-76	289	NT8_v2_fix
AL2G17710	scaffold_6_RagTag	78.402	463	78	10	43	495	15272950	15273400	3.61e-74	281	NT8_v2_fix
AL2G17710	scaffold_6_RagTag	77.959	490	74	21	43	521	15280005	15280471	1.68e-72	276	NT8_v2_fix
AL2G17710	scaffold_6_RagTag	76.861	497	91	12	36	521	15192996	15193479	1.69e-67	259	NT8_v2_fix
AL2G17710	scaffold_6_RagTag	76.972	469	86	11	36	494	15185253	15185709	3.66e-64	248	NT8_v2_fix
AL2G17710	scaffold_6_RagTag	75.106	470	88	19	67	521	15195868	15196323	1.74e-47	193	NT8_v2_fix
AL2G17710	scaffold_6_RagTag	78.112	233	49	2	904	1135	15186144	15186375	1.37e-33	147	NT8_v2_fix
AL2G17710	scaffold_1_RagTag	84.956	113	13	3	564	672	118112	118224	5.01e-23	111	NT8_v2_fix
AL2G17710	scaffold_7_RagTag	81.132	106	17	3	716	818	11353513	11353408	3.93e-14	82.4	NT8_v2_fix
AL2G17710	scaffold_7_RagTag	95.745	47	2	0	762	808	799510	799464	1.83e-12	76.8	NT8_v2_fix
AL2G17720	scaffold_2_RagTag	96.123	1006	31	4	1	1006	5023340	5024337	0	1635	NT8_v2_fix
AL2G17720	scaffold_2_RagTag	81.576	1053	165	21	16	1045	5020666	5021712	0	843	NT8_v2_fix
AL2G17720	scaffold_2_RagTag	99.198	374	3	0	1004	1377	5028332	5028705	0	675	NT8_v2_fix
AL2G17720	scaffold_2_RagTag	74.685	952	191	40	127	1050	5019003	5019932	5.2e-103	377	NT8_v2_fix
AL2G17720	scaffold_6_RagTag	76.046	1219	253	31	158	1361	15183385	15184579	3.67e-169	597	NT8_v2_fix
AL2G17720	scaffold_6_RagTag	77.091	1100	210	31	158	1238	15280004	15281080	3.67e-169	597	NT8_v2_fix
AL2G17720	scaffold_6_RagTag	76.016	1230	243	43	152	1361	15192996	15194193	6.14e-167	590	NT8_v2_fix
AL2G17720	scaffold_6_RagTag	75.905	1216	255	27	158	1361	15272949	15274138	2.21e-166	588	NT8_v2_fix
AL2G17720	scaffold_6_RagTag	76.118	1185	230	35	152	1313	15177988	15179142	2.22e-161	571	NT8_v2_fix
AL2G17720	scaffold_6_RagTag	74.69	565	130	10	183	739	15195868	15196427	2.56e-61	239	NT8_v2_fix
AL2G17720	scaffold_6_RagTag	74.517	569	107	25	819	1374	15186139	15186682	1.55e-53	213	NT8_v2_fix
AL2G17720	scaffold_7_RagTag	76.389	288	60	7	558	839	768436	768721	4.44e-34	148	NT8_v2_fix
AL2G17720	scaffold_7_RagTag	78.363	171	30	7	603	770	11353544	11353378	9.75e-21	104	NT8_v2_fix
AL6G40420	scaffold_6_RagTag	98.879	1070	12	0	1	1070	15178136	15179205	0	1910	NT8_v2_fix
AL6G40420	scaffold_6_RagTag	86.529	1017	114	16	1	1009	15193144	15194145	0	1098	NT8_v2_fix
AL6G40420	scaffold_6_RagTag	85.599	993	121	14	1	987	15280146	15281122	0	1022	NT8_v2_fix
AL6G40420	scaffold_6_RagTag	85.671	984	124	11	1	982	15273091	15274059	0	1020	NT8_v2_fix
AL6G40420	scaffold_6_RagTag	85.113	1021	123	17	1	1009	15183527	15184530	0	1016	NT8_v2_fix
AL6G40420	scaffold_6_RagTag	84.266	947	140	5	1	942	15275661	15276603	0	915	NT8_v2_fix
AL6G40420	scaffold_6_RagTag	87.311	528	66	1	1	527	15185401	15185928	6.1e-171	603	NT8_v2_fix
AL6G40420	scaffold_6_RagTag	86.924	543	60	8	483	1020	15207489	15208025	7.89e-170	599	NT8_v2_fix
AL6G40420	scaffold_6_RagTag	86.869	495	60	4	515	1008	15186134	15186624	8.06e-155	549	NT8_v2_fix
AL6G40420	scaffold_6_RagTag	83.448	435	66	6	11	441	15195996	15196428	8.59e-110	399	NT8_v2_fix
AL6G40420	scaffold_6_RagTag	89.474	57	6	0	964	1020	15276647	15276703	2.13e-11	73.1	NT8_v2_fix
AL6G40420	scaffold_2_RagTag	77.075	964	187	24	1	944	5019176	5020125	1.36e-147	525	NT8_v2_fix
AL6G40420	scaffold_2_RagTag	77.398	761	148	19	1	749	5020964	5021712	3.05e-119	431	NT8_v2_fix
AL6G40420	scaffold_2_RagTag	75.145	692	137	26	4	683	5023642	5024310	1.5e-77	292	NT8_v2_fix
AL6G40420	scaffold_2_RagTag	79.225	284	40	12	742	1009	5021959	5022239	1.22e-43	180	NT8_v2_fix
AL6G40420	scaffold_7_RagTag	73.111	900	194	31	19	897	770600	771472	4.2e-73	278	NT8_v2_fix
AL6G40420	scaffold_7_RagTag	97.059	34	0	1	785	817	686675	686642	2.14e-06	56.5	NT8_v2_fix
AL6G40430	scaffold_6_RagTag	92.886	1462	97	6	2	1457	15183118	15184578	0	2117	NT8_v2_fix
AL6G40430	scaffold_6_RagTag	88.726	1366	132	7	104	1457	15272782	15274137	0	1650	NT8_v2_fix
AL6G40430	scaffold_6_RagTag	90.067	1198	106	6	267	1457	15193001	15194192	0	1541	NT8_v2_fix
AL6G40430	scaffold_6_RagTag	84.345	1252	175	12	104	1345	15279840	15281080	0	1206	NT8_v2_fix
AL6G40430	scaffold_6_RagTag	85.236	1165	137	23	267	1409	15177993	15179144	0	1166	NT8_v2_fix
AL6G40430	scaffold_6_RagTag	84.559	1088	151	13	267	1339	15275518	15276603	0	1062	NT8_v2_fix
AL6G40430	scaffold_6_RagTag	83.432	676	101	11	267	936	15185258	15185928	2.98e-175	617	NT8_v2_fix
AL6G40430	scaffold_6_RagTag	85.199	554	57	16	887	1425	15207483	15208026	1.43e-153	545	NT8_v2_fix
AL6G40430	scaffold_6_RagTag	84.099	566	84	6	293	853	15195868	15196432	1.85e-152	542	NT8_v2_fix
AL6G40430	scaffold_6_RagTag	81.801	533	69	16	926	1443	15186136	15186655	2.51e-116	422	NT8_v2_fix
AL6G40430	scaffold_2_RagTag	78.327	1112	185	40	267	1341	5019033	5020125	0	667	NT8_v2_fix
AL6G40430	scaffold_2_RagTag	79.199	899	170	12	267	1155	5020821	5021712	1.8e-172	608	NT8_v2_fix
AL6G40430	scaffold_2_RagTag	76.506	830	157	31	268	1082	5023497	5024303	3.25e-115	418	NT8_v2_fix
AL6G40430	scaffold_2_RagTag	83.333	180	27	1	1167	1343	5021987	5022166	1.68e-38	163	NT8_v2_fix
AL6G40430	scaffold_7_RagTag	73.396	1060	230	37	267	1297	770439	771475	4.32e-94	348	NT8_v2_fix
AL6G40430	scaffold_7_RagTag	94.872	39	1	1	1177	1214	686680	686642	2.27e-07	60.2	NT8_v2_fix
AL6G40440	scaffold_6_RagTag	97.392	1342	19	3	315	1656	15279857	15281182	0	2270	NT8_v2_fix
AL6G40440	scaffold_6_RagTag	86.682	1284	141	20	315	1591	15272799	15274059	0	1397	NT8_v2_fix
AL6G40440	scaffold_6_RagTag	85.188	1249	167	12	317	1564	15183240	15184471	0	1266	NT8_v2_fix
AL6G40440	scaffold_6_RagTag	86.152	1141	142	9	461	1596	15177993	15179122	0	1218	NT8_v2_fix
AL6G40440	scaffold_6_RagTag	85.075	1139	151	12	461	1596	15193001	15194123	0	1144	NT8_v2_fix
AL6G40440	scaffold_6_RagTag	84.552	1094	155	8	461	1548	15275518	15276603	0	1072	NT8_v2_fix
AL6G40440	scaffold_6_RagTag	84.593	675	98	4	461	1133	15185258	15185928	0	665	NT8_v2_fix
AL6G40440	scaffold_6_RagTag	86.986	584	57	12	1083	1654	15207482	15208058	0	640	NT8_v2_fix
AL6G40440	scaffold_6_RagTag	97.059	306	7	2	11	315	14377185	14376881	4.59e-144	514	NT8_v2_fix
AL6G40440	scaffold_6_RagTag	87.643	437	51	1	1120	1556	15186133	15186566	2.76e-141	505	NT8_v2_fix
AL6G40440	scaffold_6_RagTag	80.382	576	108	5	491	1062	15195869	15196443	1.32e-119	433	NT8_v2_fix
AL6G40440	scaffold_6_RagTag	88.205	195	20	2	1434	1628	15208931	15209122	1.86e-58	230	NT8_v2_fix
AL6G40440	scaffold_2_RagTag	79.89	905	159	16	461	1355	5020821	5021712	0	641	NT8_v2_fix
AL6G40440	scaffold_2_RagTag	77.007	822	161	24	475	1286	5023507	5024310	1.7e-123	446	NT8_v2_fix
AL6G40440	scaffold_2_RagTag	91.234	308	19	4	11	314	20683163	20683466	1.72e-113	412	NT8_v2_fix
AL6G40440	scaffold_7_RagTag	73.913	1058	229	33	465	1502	770441	771471	4.86e-104	381	NT8_v2_fix
AL2G17690	scaffold_2_RagTag	94.608	1391	62	7	784	2168	5322601	5323984	0	2141	NT9_v2
AL2G17690	scaffold_2_RagTag	90.418	407	16	12	345	735	5322208	5322607	6.04e-144	514	NT9_v2
AL2G17690	scaffold_2_RagTag	77.046	941	169	40	938	1855	5324661	5325577	6.09e-139	497	NT9_v2
AL2G17690	scaffold_7_RagTag	73.365	1055	215	52	1037	2058	765269	766290	6.53e-89	331	NT9_v2
AL2G17690	scaffold_7_RagTag	73.928	863	188	29	929	1764	768723	769575	2.37e-83	313	NT9_v2
AL2G17690	scaffold_7_RagTag	70.86	930	210	45	958	1860	766594	767489	3.26e-37	159	NT9_v2
AL2G17690	scaffold_7_RagTag	84.884	86	13	0	104	189	14585588	14585503	1.56e-15	87.9	NT9_v2
AL2G17710	scaffold_2_RagTag	94.151	530	14	3	1	521	5324646	5325167	0	791	NT9_v2
AL2G17710	scaffold_2_RagTag	93.99	416	19	4	709	1120	5325159	5325572	1.45e-177	625	NT9_v2
AL2G17710	scaffold_2_RagTag	80.12	498	71	19	16	500	5322752	5323234	1.26e-93	346	NT9_v2
AL2G17710	scaffold_2_RagTag	82.535	355	54	4	721	1070	5327609	5327960	2.14e-81	305	NT9_v2
AL2G17710	scaffold_2_RagTag	93.878	49	3	0	1138	1186	5325839	5325887	6.58e-12	75	NT9_v2
AL2G17710	scaffold_6_RagTag	81.557	488	74	10	705	1186	15181702	15182179	2.07e-106	388	NT9_v2
AL2G17710	scaffold_6_RagTag	80.796	427	78	2	709	1132	15131321	15131746	3.54e-89	331	NT9_v2
AL2G17710	scaffold_6_RagTag	79.412	476	74	14	36	500	15130846	15131308	3.56e-84	315	NT9_v2
AL2G17710	scaffold_6_RagTag	79.859	427	82	3	709	1132	15157755	15158180	1.66e-82	309	NT9_v2
AL2G17710	scaffold_6_RagTag	79.07	473	71	15	36	495	15139547	15140004	9.98e-80	300	NT9_v2
AL2G17710	scaffold_6_RagTag	77.236	492	75	23	43	521	15181246	15181713	7.88e-66	254	NT9_v2
AL2G17710	scaffold_6_RagTag	77.475	404	69	17	43	432	15157031	15157426	2.22e-56	222	NT9_v2
AL2G17710	scaffold_4_RagTag	97.884	189	4	0	521	709	13934628	13934816	4.58e-88	327	NT9_v2
AL2G17710	scaffold_1_RagTag	89.726	146	15	0	564	709	113895	114040	8.1e-46	187	NT9_v2
AL2G17710	scaffold_7_RagTag	81.132	106	17	3	716	818	11397958	11397853	3.93e-14	82.4	NT9_v2
AL2G17710	scaffold_7_RagTag	95.745	47	2	0	762	808	804992	804946	1.83e-12	76.8	NT9_v2
AL2G17720	scaffold_2_RagTag	96.322	1006	29	4	1	1006	5326979	5327976	0	1646	NT9_v2
AL2G17720	scaffold_2_RagTag	81.379	1015	160	21	54	1045	5324569	5325577	0	800	NT9_v2
AL2G17720	scaffold_2_RagTag	99.465	374	2	0	1004	1377	5331976	5332349	0	680	NT9_v2
AL2G17720	scaffold_2_RagTag	75.053	950	191	36	127	1050	5322747	5323676	1.11e-109	399	NT9_v2
AL2G17720	scaffold_6_RagTag	76.466	1228	252	29	152	1361	15130846	15132054	1.01e-179	632	NT9_v2
AL2G17720	scaffold_6_RagTag	77.049	1098	215	30	158	1238	15181245	15182322	3.68e-169	597	NT9_v2
AL2G17720	scaffold_6_RagTag	78.477	604	123	4	588	1189	15157716	15158314	2.41e-106	388	NT9_v2
AL2G17720	scaffold_7_RagTag	76.389	288	60	7	558	839	766985	767270	4.45e-34	148	NT9_v2
AL2G17720	scaffold_7_RagTag	78.363	171	30	7	603	770	11397989	11397823	9.77e-21	104	NT9_v2
AL2G17720	scaffold_7_RagTag	93.75	48	3	0	680	727	1494569	1494616	2.76e-11	73.1	NT9_v2
AL6G40420	scaffold_6_RagTag	86.077	984	125	9	10	987	15181387	15182364	0	1048	NT9_v2
AL6G40420	scaffold_6_RagTag	85.743	989	117	18	1	982	15130994	15131965	0	1024	NT9_v2
AL6G40420	scaffold_6_RagTag	84.388	948	137	7	1	942	15177663	15178605	0	920	NT9_v2
AL6G40420	scaffold_6_RagTag	83.602	994	145	11	1	989	15139695	15140675	0	917	NT9_v2
AL6G40420	scaffold_6_RagTag	83.626	684	94	12	253	933	15157680	15158348	3.63e-178	627	NT9_v2
AL6G40420	scaffold_6_RagTag	90.805	261	22	2	1	260	15157172	15157431	3.16e-94	348	NT9_v2
AL6G40420	scaffold_2_RagTag	77.927	965	177	28	1	944	5322920	5323869	6.2e-161	569	NT9_v2
AL6G40420	scaffold_2_RagTag	77.53	761	147	19	1	749	5324829	5325577	6.56e-121	436	NT9_v2
AL6G40420	scaffold_2_RagTag	75.911	631	121	22	63	683	5327340	5327949	4.18e-78	294	NT9_v2
AL6G40420	scaffold_2_RagTag	78.873	284	41	12	742	1009	5325824	5326104	5.68e-42	174	NT9_v2
AL6G40420	scaffold_7_RagTag	72.667	900	198	31	19	897	768924	769796	1.97e-66	255	NT9_v2
AL6G40420	scaffold_7_RagTag	97.059	34	0	1	785	817	693281	693248	2.15e-06	56.5	NT9_v2
AL6G40420	scaffold_3_RagTag	85.333	75	8	3	790	864	20357738	20357667	5.92e-12	75	NT9_v2
AL6G40430	scaffold_6_RagTag	88.953	1204	119	4	267	1457	15130851	15132053	0	1474	NT9_v2
AL6G40430	scaffold_6_RagTag	84.585	1252	173	11	104	1345	15181081	15182322	0	1225	NT9_v2
AL6G40430	scaffold_6_RagTag	99.103	669	6	0	662	1330	15157680	15158348	0	1203	NT9_v2
AL6G40430	scaffold_6_RagTag	86.815	1077	135	6	267	1339	15139552	15140625	0	1195	NT9_v2
AL6G40430	scaffold_6_RagTag	95.387	672	23	4	2	670	15156766	15157432	0	1062	NT9_v2
AL6G40430	scaffold_6_RagTag	84.559	1088	151	13	267	1339	15177520	15178605	0	1062	NT9_v2
AL6G40430	scaffold_6_RagTag	98.54	137	1	1	1322	1457	15176048	15176184	7.56e-62	241	NT9_v2
AL6G40430	scaffold_2_RagTag	78.872	1117	182	41	267	1347	5322777	5323875	0	706	NT9_v2
AL6G40430	scaffold_2_RagTag	79.31	899	169	12	267	1155	5324686	5325577	3.87e-174	614	NT9_v2
AL6G40430	scaffold_2_RagTag	76.506	830	157	31	268	1082	5327136	5327942	3.25e-115	418	NT9_v2
AL6G40430	scaffold_2_RagTag	82.778	180	28	1	1167	1343	5325852	5326031	7.83e-37	158	NT9_v2
AL6G40430	scaffold_7_RagTag	73.371	1059	232	35	267	1297	768763	769799	4.33e-94	348	NT9_v2
AL6G40430	scaffold_7_RagTag	94.872	39	1	1	1177	1214	693286	693248	2.27e-07	60.2	NT9_v2
AL6G40430	scaffold_3_RagTag	84.286	70	8	3	1187	1256	20357738	20357672	4.88e-09	65.8	NT9_v2
AL6G40440	scaffold_6_RagTag	97.096	1343	23	7	315	1656	15181098	15182425	0	2250	NT9_v2
AL6G40440	scaffold_6_RagTag	88.722	1135	104	16	461	1591	15130851	15131965	0	1365	NT9_v2
AL6G40440	scaffold_6_RagTag	84.769	1149	152	16	461	1604	15139552	15140682	0	1131	NT9_v2
AL6G40440	scaffold_6_RagTag	85.009	1094	150	8	461	1548	15177520	15178605	0	1099	NT9_v2
AL6G40440	scaffold_6_RagTag	85.022	681	90	7	859	1539	15157680	15158348	0	682	NT9_v2
AL6G40440	scaffold_6_RagTag	82.883	555	92	2	317	871	15156885	15157436	1.67e-138	496	NT9_v2
AL6G40440	scaffold_2_RagTag	80	905	158	16	461	1355	5324686	5325577	0	647	NT9_v2
AL6G40440	scaffold_2_RagTag	77.129	822	160	24	475	1286	5327146	5327949	3.66e-125	451	NT9_v2
AL6G40440	scaffold_7_RagTag	91.558	308	18	4	11	314	14215367	14215670	3.71e-115	418	NT9_v2
AL6G40440	scaffold_7_RagTag	73.819	1058	230	33	465	1502	768765	769795	2.26e-102	375	NT9_v2
AL6G40440	scaffold_8_RagTag	91.031	223	18	2	14	234	19417855	19418077	1.4e-79	300	NT9_v2
AL2G17690	scaffold_2	98.894	995	8	3	478	1469	5428917	5429911	0	1773	PU6_v3_fin
AL2G17690	scaffold_2	99.434	707	4	0	1462	2168	5430476	5431182	0	1284	PU6_v3_fin
AL2G17690	scaffold_2	97.531	486	6	2	1	480	5419038	5419523	0	826	PU6_v3_fin
AL2G17690	scaffold_2	75.832	1142	223	43	938	2056	5431741	5432852	5.96e-149	531	PU6_v3_fin
AL2G17690	scaffold_6	77.128	1128	196	46	963	2070	14075545	14076630	5.8e-169	597	PU6_v3_fin
AL2G17690	scaffold_7	73.673	923	207	28	958	1858	783771	784679	3.02e-87	326	PU6_v3_fin
AL2G17690	scaffold_7	70.936	929	214	47	958	1860	781616	782514	5.39e-40	169	PU6_v3_fin
AL2G17690	scaffold_7	86.047	86	11	1	104	189	14752302	14752218	1.2e-16	91.6	PU6_v3_fin
AL2G17710	scaffold_2	93.774	530	16	3	1	521	5431726	5432247	0	780	PU6_v3_fin
AL2G17710	scaffold_2	91.494	482	30	5	709	1186	5432239	5432713	0	652	PU6_v3_fin
AL2G17710	scaffold_2	81.628	430	67	9	709	1131	5434715	5435139	1.26e-93	346	PU6_v3_fin
AL2G17710	scaffold_2	97.525	202	3	2	516	716	25388710	25388510	4.52e-93	344	PU6_v3_fin
AL2G17710	scaffold_2	97.917	192	4	0	518	709	23477087	23477278	9.78e-90	333	PU6_v3_fin
AL2G17710	scaffold_2	79.2	500	72	21	16	500	5429378	5429860	2.74e-85	318	PU6_v3_fin
AL2G17710	scaffold_6	81.595	489	74	10	705	1186	14214926	14215405	5.72e-107	390	PU6_v3_fin
AL2G17710	scaffold_6	80.841	428	76	5	709	1132	14090745	14091170	3.52e-89	331	PU6_v3_fin
AL2G17710	scaffold_6	79.439	428	82	5	709	1132	14206286	14206711	3.57e-79	298	PU6_v3_fin
AL2G17710	scaffold_6	78.499	493	76	18	43	521	14075547	14076023	1.28e-78	296	PU6_v3_fin
AL2G17710	scaffold_6	78.367	490	82	16	43	521	14214463	14214939	1.28e-78	296	PU6_v3_fin
AL2G17710	scaffold_6	78.186	463	79	10	43	495	14205818	14206268	1.67e-72	276	PU6_v3_fin
AL2G17710	scaffold_6	80.769	286	44	7	904	1186	14215659	14215936	1.33e-53	213	PU6_v3_fin
AL2G17710	scaffold_6	75.589	467	88	14	67	521	14090301	14090753	6.18e-52	207	PU6_v3_fin
AL2G17710	scaffold_6	80.42	286	45	7	904	1186	14216190	14216467	6.18e-52	207	PU6_v3_fin
AL2G17710	scaffold_6	80.42	286	45	7	904	1186	14216721	14216998	6.18e-52	207	PU6_v3_fin
AL2G17710	scaffold_6	80.42	286	45	7	904	1186	14217252	14217529	6.18e-52	207	PU6_v3_fin
AL2G17710	scaffold_6	74.681	470	90	19	67	521	14093083	14093538	3.75e-44	182	PU6_v3_fin
AL2G17710	scaffold_6	74.352	347	72	11	843	1181	14070502	14070839	3.83e-29	132	PU6_v3_fin
AL2G17710	scaffold_6	84.615	78	5	5	709	780	14070422	14070498	8.46e-11	71.3	PU6_v3_fin
AL2G17710	scaffold_8	97.059	102	3	0	521	622	13721861	13721962	2.26e-41	172	PU6_v3_fin
AL2G17710	scaffold_7	81.132	106	17	3	716	818	11348099	11347994	3.91e-14	82.4	PU6_v3_fin
AL2G17710	scaffold_7	95.745	47	2	0	762	808	813317	813271	1.82e-12	76.8	PU6_v3_fin
AL2G17720	scaffold_2	97.967	1377	28	0	1	1377	5434089	5435465	0	2388	PU6_v3_fin
AL2G17720	scaffold_2	82.566	1325	189	29	16	1310	5431611	5432923	0	1129	PU6_v3_fin
AL2G17720	scaffold_6	76.993	1204	240	28	158	1345	14214462	14215644	0	654	PU6_v3_fin
AL2G17720	scaffold_6	75.882	1219	255	31	158	1361	14075546	14076740	7.92e-166	586	PU6_v3_fin
AL2G17720	scaffold_6	75.74	1216	257	27	158	1361	14205817	14207006	4.77e-163	577	PU6_v3_fin
AL2G17720	scaffold_6	75.626	1198	242	41	183	1361	14090301	14091467	1.04e-154	549	PU6_v3_fin
AL2G17720	scaffold_6	76.866	536	101	16	819	1345	14216185	14216706	4.18e-74	281	PU6_v3_fin
AL2G17720	scaffold_6	76.866	536	101	16	819	1345	14216716	14217237	4.18e-74	281	PU6_v3_fin
AL2G17720	scaffold_6	76.866	536	101	16	819	1345	14217247	14217768	4.18e-74	281	PU6_v3_fin
AL2G17720	scaffold_6	76.679	536	102	16	819	1345	14215654	14216175	1.95e-72	276	PU6_v3_fin
AL2G17720	scaffold_6	74.159	565	133	10	183	739	14093083	14093642	2.57e-56	222	PU6_v3_fin
AL2G17720	scaffold_6	74.946	463	94	15	793	1238	14070531	14070988	2.02e-47	193	PU6_v3_fin
AL2G17720	scaffold_7	76.254	299	64	6	558	851	782010	782306	3.42e-35	152	PU6_v3_fin
AL2G17720	scaffold_7	79.861	144	22	7	630	770	11348103	11347964	4.52e-19	99	PU6_v3_fin
AL6G40420	scaffold_6	86.234	1017	117	16	1	1009	14090418	14091419	0	1081	PU6_v3_fin
AL6G40420	scaffold_6	85.214	1028	139	11	1	1020	14214604	14215626	0	1044	PU6_v3_fin
AL6G40420	scaffold_6	85.569	984	125	11	1	982	14205959	14206927	0	1014	PU6_v3_fin
AL6G40420	scaffold_6	84.917	1021	125	17	1	1009	14075688	14076691	0	1005	PU6_v3_fin
AL6G40420	scaffold_6	82.575	1033	149	19	1	1006	14208461	14209489	0	881	PU6_v3_fin
AL6G40420	scaffold_6	92.562	605	29	6	465	1060	14070502	14071099	0	854	PU6_v3_fin
AL6G40420	scaffold_6	86.556	543	59	9	483	1020	14098209	14098742	6.12e-166	586	PU6_v3_fin
AL6G40420	scaffold_6	85.895	475	57	8	518	987	14217776	14218245	2.95e-139	497	PU6_v3_fin
AL6G40420	scaffold_6	84.118	510	70	10	518	1020	14216183	14216688	8.26e-135	483	PU6_v3_fin
AL6G40420	scaffold_6	84.118	510	70	10	518	1020	14216714	14217219	8.26e-135	483	PU6_v3_fin
AL6G40420	scaffold_6	84.118	510	70	10	518	1020	14217245	14217750	8.26e-135	483	PU6_v3_fin
AL6G40420	scaffold_6	83.922	510	71	10	518	1020	14215652	14216157	3.84e-133	477	PU6_v3_fin
AL6G40420	scaffold_6	95.984	249	8	1	159	405	14070253	14070501	6.61e-111	403	PU6_v3_fin
AL6G40420	scaffold_6	83.448	435	66	6	11	441	14093211	14093643	8.55e-110	399	PU6_v3_fin
AL6G40420	scaffold_2	77.971	1035	186	33	1	1009	5431909	5432927	3.63e-173	610	PU6_v3_fin
AL6G40420	scaffold_2	75.592	971	192	30	63	1007	5434450	5435401	1.81e-121	438	PU6_v3_fin
AL6G40420	scaffold_7	73	900	195	31	19	897	783937	784809	1.95e-71	272	PU6_v3_fin
AL6G40420	scaffold_7	97.059	34	0	1	785	817	683063	683030	2.13e-06	56.5	PU6_v3_fin
AL6G40420	scaffold_3	85.333	75	8	3	790	864	20588816	20588745	5.89e-12	75	PU6_v3_fin
AL6G40420	scaffold_8	97.059	34	0	1	785	817	13726521	13726488	2.13e-06	56.5	PU6_v3_fin
AL6G40430	scaffold_6	92.75	1462	99	6	2	1457	14075279	14076739	0	2106	PU6_v3_fin
AL6G40430	scaffold_6	88.58	1366	134	7	104	1457	14205650	14207005	0	1639	PU6_v3_fin
AL6G40430	scaffold_6	89.59	1172	109	6	293	1457	14090301	14091466	0	1476	PU6_v3_fin
AL6G40430	scaffold_6	83.654	1352	203	13	104	1442	14214298	14215644	0	1256	PU6_v3_fin
AL6G40430	scaffold_6	84.283	1088	154	13	267	1339	14208318	14209403	0	1046	PU6_v3_fin
AL6G40430	scaffold_6	85.249	583	61	17	887	1455	14098203	14098774	5.04e-163	577	PU6_v3_fin
AL6G40430	scaffold_6	82.321	560	61	29	882	1418	14070510	14071054	3.19e-125	451	PU6_v3_fin
AL6G40430	scaffold_6	81.818	528	80	11	927	1442	14215652	14216175	1.49e-118	429	PU6_v3_fin
AL6G40430	scaffold_6	81.629	528	81	11	927	1442	14216183	14216706	6.95e-117	424	PU6_v3_fin
AL6G40430	scaffold_6	81.629	528	81	11	927	1442	14216714	14217237	6.95e-117	424	PU6_v3_fin
AL6G40430	scaffold_6	81.629	528	81	11	927	1442	14217245	14217768	6.95e-117	424	PU6_v3_fin
AL6G40430	scaffold_6	85.772	246	31	3	569	811	14070254	14070498	7.46e-67	257	PU6_v3_fin
AL6G40430	scaffold_6	100	29	0	0	269	297	14082597	14082625	1.05e-05	54.7	PU6_v3_fin
AL6G40430	scaffold_2	79.564	1101	193	21	267	1345	5431766	5432856	0	758	PU6_v3_fin
AL6G40430	scaffold_2	76.105	1222	241	38	268	1457	5434246	5435448	1.8e-167	592	PU6_v3_fin
AL6G40430	scaffold_7	73.585	1060	228	37	267	1297	783776	784812	1.99e-97	359	PU6_v3_fin
AL6G40430	scaffold_7	94.872	39	1	1	1177	1214	683068	683030	2.26e-07	60.2	PU6_v3_fin
AL6G40430	scaffold_3	84.286	70	8	3	1187	1256	20588816	20588750	4.86e-09	65.8	PU6_v3_fin
AL6G40430	scaffold_8	97.059	34	0	1	1182	1214	13726521	13726488	2.92e-06	56.5	PU6_v3_fin
AL6G40440	scaffold_6	95.623	1325	42	9	315	1630	14214315	14215632	0	2111	PU6_v3_fin
AL6G40440	scaffold_6	86.526	1284	143	20	315	1591	14205667	14206927	0	1386	PU6_v3_fin
AL6G40440	scaffold_6	85.108	1249	168	12	317	1564	14075401	14076632	0	1260	PU6_v3_fin
AL6G40440	scaffold_6	85.135	1110	147	13	491	1596	14090302	14091397	0	1120	PU6_v3_fin
AL6G40440	scaffold_6	84.461	1094	156	8	461	1548	14208318	14209403	0	1066	PU6_v3_fin
AL6G40440	scaffold_6	98.687	533	4	1	1124	1656	14217776	14218305	0	942	PU6_v3_fin
AL6G40440	scaffold_6	91.667	516	30	8	1124	1630	14216183	14216694	0	702	PU6_v3_fin
AL6G40440	scaffold_6	91.667	516	30	8	1124	1630	14216714	14217225	0	702	PU6_v3_fin
AL6G40440	scaffold_6	91.667	516	30	8	1124	1630	14217245	14217756	0	702	PU6_v3_fin
AL6G40440	scaffold_6	91.473	516	31	8	1124	1630	14215652	14216163	0	697	PU6_v3_fin
AL6G40440	scaffold_6	88.395	517	47	8	1083	1596	14098202	14098708	5.67e-173	610	PU6_v3_fin
AL6G40440	scaffold_6	84.328	536	61	12	1071	1596	14070502	14071024	9.89e-141	503	PU6_v3_fin
AL6G40440	scaffold_6	80.208	576	109	5	491	1062	14093084	14093658	6.12e-118	427	PU6_v3_fin
AL6G40440	scaffold_6	91.111	225	18	2	14	236	5549059	5548835	1.08e-80	303	PU6_v3_fin
AL6G40440	scaffold_6	88.205	195	20	2	1434	1628	14099660	14099851	1.85e-58	230	PU6_v3_fin
AL6G40440	scaffold_2	79.845	1161	189	33	461	1596	5431766	5432906	0	806	PU6_v3_fin
AL6G40440	scaffold_2	77.169	1095	211	33	475	1554	5434256	5435326	3.41e-170	601	PU6_v3_fin
AL6G40440	scaffold_2	79.371	509	98	6	465	970	5429405	5429909	3.79e-95	351	PU6_v3_fin
AL6G40440	scaffold_7	74.102	1058	227	33	465	1502	783778	784808	2.23e-107	392	PU6_v3_fin
AL2G17690	scaffold_2_RagTag	97.839	1388	23	4	784	2168	5156004	5157387	0	2390	TE11_v2
AL2G17690	scaffold_2_RagTag	90.67	418	17	12	333	735	5155600	5156010	1.27e-150	536	TE11_v2
AL2G17690	scaffold_2_RagTag	76.939	941	170	40	938	1855	5157946	5158862	2.78e-137	492	TE11_v2
AL2G17690	scaffold_7_RagTag	73.456	923	209	28	958	1858	765868	766776	6.47e-84	315	TE11_v2
AL2G17690	scaffold_7_RagTag	70.954	933	204	52	958	1860	763479	764374	3.21e-37	159	TE11_v2
AL2G17690	scaffold_7_RagTag	84.884	86	13	0	104	189	14573743	14573658	1.54e-15	87.9	TE11_v2
AL2G17710	scaffold_2_RagTag	93.962	530	15	3	1	521	5157931	5158452	0	785	TE11_v2
AL2G17710	scaffold_2_RagTag	93.99	416	19	4	709	1120	5158444	5158857	1.42e-177	625	TE11_v2
AL2G17710	scaffold_2_RagTag	82.009	428	69	4	709	1131	5161139	5161563	5.74e-97	357	TE11_v2
AL2G17710	scaffold_2_RagTag	93.878	49	3	0	1138	1186	5159124	5159172	6.47e-12	75	TE11_v2
AL2G17710	scaffold_7_RagTag	97.917	192	4	0	518	709	23621036	23621227	9.67e-90	333	TE11_v2
AL2G17710	scaffold_7_RagTag	81.132	106	17	3	716	818	11273901	11273796	3.87e-14	82.4	TE11_v2
AL2G17710	scaffold_7_RagTag	95.745	47	2	0	762	808	798060	798014	1.8e-12	76.8	TE11_v2
AL2G17710	scaffold_1_RagTag	98.413	189	3	0	521	709	10123388	10123576	9.67e-90	333	TE11_v2
AL2G17710	scaffold_6_RagTag	80.841	428	76	5	709	1132	14474150	14474575	3.48e-89	331	TE11_v2
AL2G17710	scaffold_6_RagTag	80.233	430	72	10	709	1132	14470013	14470435	4.53e-83	311	TE11_v2
AL2G17710	scaffold_6_RagTag	78.969	485	78	18	709	1181	14462752	14463224	1.63e-82	309	TE11_v2
AL2G17710	scaffold_6_RagTag	79.281	473	70	16	36	495	14473675	14474132	2.11e-81	305	TE11_v2
AL2G17710	scaffold_6_RagTag	78.858	473	72	15	36	495	14483009	14483466	4.56e-78	294	TE11_v2
AL2G17710	scaffold_6_RagTag	78.163	490	83	16	43	521	14543932	14544408	5.9e-77	291	TE11_v2
AL2G17710	scaffold_6_RagTag	78.692	474	71	18	36	495	14462277	14462734	2.12e-76	289	TE11_v2
AL2G17710	scaffold_6_RagTag	78.093	493	78	18	43	521	14467672	14468148	2.75e-75	285	TE11_v2
AL2G17710	scaffold_6_RagTag	76.972	469	86	11	36	494	14469538	14469994	3.6e-64	248	TE11_v2
AL2G17710	scaffold_6_RagTag	76.609	466	81	17	43	495	14535082	14535532	3.63e-59	231	TE11_v2
AL2G17720	scaffold_2_RagTag	97.828	1243	27	0	135	1377	5160647	5161889	0	2146	TE11_v2
AL2G17720	scaffold_2_RagTag	81.481	1053	166	21	16	1045	5157816	5158862	0	837	TE11_v2
AL2G17720	scaffold_2_RagTag	95.283	106	5	0	1	106	5160543	5160648	3.36e-40	169	TE11_v2
AL2G17720	scaffold_6_RagTag	77.061	1225	239	29	152	1361	14473675	14474872	0	667	TE11_v2
AL2G17720	scaffold_6_RagTag	77	1100	221	26	158	1238	14543931	14545017	2.8e-170	601	TE11_v2
AL2G17720	scaffold_6_RagTag	76.688	1111	221	28	152	1238	14462277	14463373	1.01e-164	582	TE11_v2
AL2G17720	scaffold_6_RagTag	75.8	1219	256	31	158	1361	14467671	14468865	3.64e-164	580	TE11_v2
AL2G17720	scaffold_6_RagTag	76.277	1096	227	27	152	1234	14469538	14470613	7.94e-156	553	TE11_v2
AL2G17720	scaffold_7_RagTag	76.254	299	64	6	558	851	763870	764166	3.39e-35	152	TE11_v2
AL2G17720	scaffold_7_RagTag	79.861	144	22	7	630	770	11273905	11273766	4.47e-19	99	TE11_v2
AL6G40420	scaffold_6_RagTag	98.598	1070	10	1	1	1070	14462425	14463489	0	1888	TE11_v2
AL6G40420	scaffold_6_RagTag	91.043	1016	71	11	1	1009	14473823	14474825	0	1354	TE11_v2
AL6G40420	scaffold_6_RagTag	87.412	993	108	11	1	992	14469686	14470662	0	1125	TE11_v2
AL6G40420	scaffold_6_RagTag	86.002	993	127	9	1	987	14544073	14545059	0	1053	TE11_v2
AL6G40420	scaffold_6_RagTag	85.113	1021	123	17	1	1009	14467813	14468816	0	1016	TE11_v2
AL6G40420	scaffold_6_RagTag	84.302	1032	126	25	1	1017	14535223	14536233	0	976	TE11_v2
AL6G40420	scaffold_6_RagTag	83.501	994	146	11	1	989	14483157	14484137	0	911	TE11_v2
AL6G40420	scaffold_6_RagTag	83.738	947	141	6	1	942	14537713	14538651	0	883	TE11_v2
AL6G40420	scaffold_6_RagTag	87.719	57	7	0	964	1020	14538695	14538751	9.75e-10	67.6	TE11_v2
AL6G40420	scaffold_2_RagTag	77.53	761	147	19	1	749	5158114	5158862	6.45e-121	436	TE11_v2
AL6G40420	scaffold_2_RagTag	75.386	971	194	29	63	1007	5160874	5161825	3.88e-118	427	TE11_v2
AL6G40420	scaffold_2_RagTag	79.225	284	40	12	742	1009	5159109	5159389	1.2e-43	180	TE11_v2
AL6G40420	scaffold_7_RagTag	73.111	900	194	31	19	897	766034	766906	4.14e-73	278	TE11_v2
AL6G40420	scaffold_7_RagTag	80.519	77	13	2	742	817	675839	675764	5.87e-07	58.4	TE11_v2
AL6G40420	scaffold_3_RagTag	85.333	75	8	3	790	864	20447767	20447696	5.82e-12	75	TE11_v2
AL6G40430	scaffold_6_RagTag	96.924	1463	31	8	2	1457	14534817	14536272	0	2440	TE11_v2
AL6G40430	scaffold_6_RagTag	92.681	1462	100	6	2	1457	14467404	14468864	0	2100	TE11_v2
AL6G40430	scaffold_6_RagTag	89.741	1199	108	8	267	1457	14473680	14474871	0	1519	TE11_v2
AL6G40430	scaffold_6_RagTag	84.984	1252	177	8	104	1345	14543767	14545017	0	1260	TE11_v2
AL6G40430	scaffold_6_RagTag	86.71	1076	138	5	267	1339	14483014	14484087	0	1190	TE11_v2
AL6G40430	scaffold_6_RagTag	85.702	1133	132	23	267	1376	14462282	14463407	0	1168	TE11_v2
AL6G40430	scaffold_6_RagTag	84.375	1120	154	19	267	1375	14469543	14470652	0	1079	TE11_v2
AL6G40430	scaffold_2_RagTag	79.199	899	170	12	267	1155	5157971	5158862	1.77e-172	608	TE11_v2
AL6G40430	scaffold_2_RagTag	76.268	1222	239	38	268	1457	5160670	5161872	8.23e-171	603	TE11_v2
AL6G40430	scaffold_2_RagTag	83.333	180	27	1	1167	1343	5159137	5159316	1.66e-38	163	TE11_v2
AL6G40430	scaffold_7_RagTag	73.396	1060	230	37	267	1297	765873	766909	4.26e-94	348	TE11_v2
AL6G40430	scaffold_7_RagTag	94.872	39	1	1	1177	1214	675802	675764	2.23e-07	60.2	TE11_v2
AL6G40430	scaffold_3_RagTag	84.286	70	8	3	1187	1256	20447767	20447701	4.8e-09	65.8	TE11_v2
AL6G40440	scaffold_6_RagTag	98.137	1342	19	2	315	1656	14543784	14545119	0	2335	TE11_v2
AL6G40440	scaffold_6_RagTag	85.028	1249	169	12	317	1564	14467526	14468757	0	1254	TE11_v2
AL6G40440	scaffold_6_RagTag	86.328	1141	140	9	461	1596	14462282	14463411	0	1229	TE11_v2
AL6G40440	scaffold_6_RagTag	85.903	1135	135	17	461	1592	14473680	14474792	0	1186	TE11_v2
AL6G40440	scaffold_6_RagTag	83.926	1238	183	9	317	1554	14534936	14536157	0	1170	TE11_v2
AL6G40440	scaffold_6_RagTag	86.053	1097	133	12	461	1556	14469543	14470620	0	1160	TE11_v2
AL6G40440	scaffold_6_RagTag	84.682	1149	153	16	461	1604	14483014	14484144	0	1125	TE11_v2
AL6G40440	scaffold_6_RagTag	84.644	1094	150	11	461	1548	14537570	14538651	0	1074	TE11_v2
AL6G40440	scaffold_6_RagTag	91.558	308	18	4	11	314	6531721	6532024	3.65e-115	418	TE11_v2
AL6G40440	scaffold_2_RagTag	79.89	905	159	16	461	1355	5157971	5158862	0	641	TE11_v2
AL6G40440	scaffold_2_RagTag	77.331	1094	211	32	475	1554	5160680	5161750	1.56e-173	612	TE11_v2
AL6G40440	scaffold_5_RagTag	91.234	308	19	4	11	314	15499524	15499827	1.7e-113	412	TE11_v2
AL6G40440	scaffold_5_RagTag	97.222	180	5	0	135	314	5348928	5348749	2.96e-81	305	TE11_v2
AL6G40440	scaffold_5_RagTag	97.345	113	3	0	12	124	5349274	5349162	2.41e-47	193	TE11_v2
AL6G40440	scaffold_7_RagTag	73.913	1058	229	33	465	1502	765875	766905	4.78e-104	381	TE11_v2
AL6G40440	scaffold_8_RagTag	91.031	223	18	2	14	234	20954589	20954811	1.38e-79	300	TE11_v2
AL2G17690	scaffold_2_RagTag:113346-24308598	98.943	2176	14	5	1	2168	4956190	4958364	0	3882	TE4_v1
AL2G17690	scaffold_7_RagTag:1-29301300	73.456	923	209	28	958	1858	746633	747541	6.55e-84	315	TE4_v1
AL2G17690	scaffold_7_RagTag:1-29301300	70.954	933	204	52	958	1860	744244	745139	3.25e-37	159	TE4_v1
AL2G17690	scaffold_7_RagTag:1-29301300	84.884	86	12	1	104	189	14376895	14376811	5.59e-15	86.1	TE4_v1
AL2G17710	scaffold_2_RagTag:113346-24308598	99.615	520	2	0	1	520	4960955	4961474	0	950	TE4_v1
AL2G17710	scaffold_2_RagTag:113346-24308598	100	476	0	0	711	1186	4961476	4961951	0	880	TE4_v1
AL2G17710	scaffold_2_RagTag:113346-24308598	83.469	490	65	10	36	518	4964463	4964943	1.56e-122	442	TE4_v1
AL2G17710	scaffold_2_RagTag:113346-24308598	81.25	432	71	6	709	1131	4964938	4965368	5.85e-92	340	TE4_v1
AL2G17710	scaffold_2_RagTag:113346-24308598	97.906	191	4	0	519	709	18857349	18857159	3.52e-89	331	TE4_v1
AL2G17710	scaffold_2_RagTag:113346-24308598	79.559	499	72	21	16	500	4957132	4957614	1.27e-88	329	TE4_v1
AL2G17710	scaffold_5_RagTag:29852-15762170	97.938	194	4	0	518	711	19583009	19583202	7.57e-91	337	TE4_v1
AL2G17710	scaffold_6_RagTag:0-26949342	80.841	428	76	5	709	1132	14702957	14703382	3.52e-89	331	TE4_v1
AL2G17710	scaffold_6_RagTag:0-26949342	80.233	430	72	10	709	1132	14698820	14699242	4.59e-83	311	TE4_v1
AL2G17710	scaffold_6_RagTag:0-26949342	78.969	485	78	18	709	1181	14691559	14692031	1.65e-82	309	TE4_v1
AL2G17710	scaffold_6_RagTag:0-26949342	79.281	473	70	16	36	495	14702482	14702939	2.14e-81	305	TE4_v1
AL2G17710	scaffold_6_RagTag:0-26949342	78.858	473	72	15	36	495	14711816	14712273	4.62e-78	294	TE4_v1
AL2G17710	scaffold_6_RagTag:0-26949342	78.163	490	83	16	43	521	14771517	14771993	5.98e-77	291	TE4_v1
AL2G17710	scaffold_6_RagTag:0-26949342	78.692	474	71	18	36	495	14691084	14691541	2.15e-76	289	TE4_v1
AL2G17710	scaffold_6_RagTag:0-26949342	78.093	493	78	18	43	521	14696479	14696955	2.78e-75	285	TE4_v1
AL2G17710	scaffold_6_RagTag:0-26949342	76.972	469	86	11	36	494	14698345	14698801	3.65e-64	248	TE4_v1
AL2G17710	scaffold_6_RagTag:0-26949342	76.609	466	81	17	43	495	14763879	14764329	3.68e-59	231	TE4_v1
AL2G17710	scaffold_4_RagTag:329527-26177039	97.917	192	3	1	522	713	21504632	21504442	3.52e-89	331	TE4_v1
AL2G17710	scaffold_7_RagTag:1-29301300	81.132	106	17	3	716	818	11206891	11206786	3.92e-14	82.4	TE4_v1
AL2G17710	scaffold_7_RagTag:1-29301300	95.745	47	2	0	762	808	778812	778766	1.82e-12	76.8	TE4_v1
AL2G17720	scaffold_2_RagTag:113346-24308598	98.048	1383	21	1	1	1377	4964312	4965694	0	2399	TE4_v1
AL2G17720	scaffold_2_RagTag:113346-24308598	80.365	1370	194	38	1	1313	4960816	4962167	0	970	TE4_v1
AL2G17720	scaffold_6_RagTag:0-26949342	77.061	1225	239	29	152	1361	14702482	14703679	0	667	TE4_v1
AL2G17720	scaffold_6_RagTag:0-26949342	77	1100	221	26	158	1238	14771516	14772602	2.83e-170	601	TE4_v1
AL2G17720	scaffold_6_RagTag:0-26949342	76.688	1111	221	28	152	1238	14691084	14692180	1.03e-164	582	TE4_v1
AL2G17720	scaffold_6_RagTag:0-26949342	75.8	1219	256	31	158	1361	14696478	14697672	3.69e-164	580	TE4_v1
AL2G17720	scaffold_6_RagTag:0-26949342	76.277	1096	227	27	152	1234	14698345	14699420	8.04e-156	553	TE4_v1
AL2G17720	scaffold_7_RagTag:1-29301300	76.254	299	64	6	558	851	744635	744931	3.43e-35	152	TE4_v1
AL2G17720	scaffold_7_RagTag:1-29301300	79.861	144	22	7	630	770	11206895	11206756	4.53e-19	99	TE4_v1
AL2G17720	scaffold_7_RagTag:1-29301300	93.75	48	3	0	680	727	1442384	1442431	2.74e-11	73.1	TE4_v1
AL6G40420	scaffold_6_RagTag:0-26949342	98.598	1070	10	1	1	1070	14691232	14692296	0	1888	TE4_v1
AL6G40420	scaffold_6_RagTag:0-26949342	91.043	1016	71	11	1	1009	14702630	14703632	0	1354	TE4_v1
AL6G40420	scaffold_6_RagTag:0-26949342	87.412	993	108	11	1	992	14698493	14699469	0	1125	TE4_v1
AL6G40420	scaffold_6_RagTag:0-26949342	86.002	993	127	9	1	987	14771658	14772644	0	1053	TE4_v1
AL6G40420	scaffold_6_RagTag:0-26949342	85.113	1021	123	17	1	1009	14696620	14697623	0	1016	TE4_v1
AL6G40420	scaffold_6_RagTag:0-26949342	84.302	1032	126	25	1	1017	14764020	14765030	0	976	TE4_v1
AL6G40420	scaffold_6_RagTag:0-26949342	83.501	994	146	11	1	989	14711964	14712944	0	911	TE4_v1
AL6G40420	scaffold_6_RagTag:0-26949342	83.738	947	141	6	1	942	14766510	14767448	0	883	TE4_v1
AL6G40420	scaffold_6_RagTag:0-26949342	87.719	57	7	0	964	1020	14767492	14767548	9.87e-10	67.6	TE4_v1
AL6G40420	scaffold_2_RagTag:113346-24308598	76.728	984	170	36	1	949	4961138	4962097	3.82e-138	494	TE4_v1
AL6G40420	scaffold_2_RagTag:113346-24308598	75.942	902	183	25	63	949	4964673	4965555	8.45e-120	433	TE4_v1
AL6G40420	scaffold_7_RagTag:1-29301300	73.111	900	194	31	19	897	746799	747671	4.19e-73	278	TE4_v1
AL6G40420	scaffold_7_RagTag:1-29301300	80.519	77	13	2	742	817	656634	656559	5.94e-07	58.4	TE4_v1
AL6G40420	scaffold_3_RagTag:1-25320414	85.366	82	7	5	782	862	20243250	20243173	1.27e-13	80.5	TE4_v1
AL6G40430	scaffold_6_RagTag:0-26949342	96.924	1463	31	8	2	1457	14763614	14765069	0	2440	TE4_v1
AL6G40430	scaffold_6_RagTag:0-26949342	92.681	1462	100	6	2	1457	14696211	14697671	0	2100	TE4_v1
AL6G40430	scaffold_6_RagTag:0-26949342	89.741	1199	108	8	267	1457	14702487	14703678	0	1519	TE4_v1
AL6G40430	scaffold_6_RagTag:0-26949342	84.984	1252	177	8	104	1345	14771352	14772602	0	1260	TE4_v1
AL6G40430	scaffold_6_RagTag:0-26949342	86.71	1076	138	5	267	1339	14711821	14712894	0	1190	TE4_v1
AL6G40430	scaffold_6_RagTag:0-26949342	85.702	1133	132	23	267	1376	14691089	14692214	0	1168	TE4_v1
AL6G40430	scaffold_6_RagTag:0-26949342	84.375	1120	154	19	267	1375	14698350	14699459	0	1079	TE4_v1
AL6G40430	scaffold_2_RagTag:113346-24308598	77.798	1117	192	30	269	1345	4960997	4962097	0	638	TE4_v1
AL6G40430	scaffold_2_RagTag:113346-24308598	76.121	1227	238	39	268	1457	4964469	4965677	1.8e-167	592	TE4_v1
AL6G40430	scaffold_7_RagTag:1-29301300	73.396	1060	230	37	267	1297	746638	747674	4.31e-94	348	TE4_v1
AL6G40430	scaffold_7_RagTag:1-29301300	94.872	39	1	1	1177	1214	656597	656559	2.26e-07	60.2	TE4_v1
AL6G40430	scaffold_3_RagTag:1-25320414	84.146	82	8	5	1177	1256	20243254	20243176	8.08e-12	75	TE4_v1
AL6G40440	scaffold_6_RagTag:0-26949342	98.137	1342	19	2	315	1656	14771369	14772704	0	2335	TE4_v1
AL6G40440	scaffold_6_RagTag:0-26949342	85.028	1249	169	12	317	1564	14696333	14697564	0	1254	TE4_v1
AL6G40440	scaffold_6_RagTag:0-26949342	86.328	1141	140	9	461	1596	14691089	14692218	0	1229	TE4_v1
AL6G40440	scaffold_6_RagTag:0-26949342	85.903	1135	135	17	461	1592	14702487	14703599	0	1186	TE4_v1
AL6G40440	scaffold_6_RagTag:0-26949342	83.926	1238	183	9	317	1554	14763733	14764954	0	1170	TE4_v1
AL6G40440	scaffold_6_RagTag:0-26949342	86.053	1097	133	12	461	1556	14698350	14699427	0	1160	TE4_v1
AL6G40440	scaffold_6_RagTag:0-26949342	84.682	1149	153	16	461	1604	14711821	14712951	0	1125	TE4_v1
AL6G40440	scaffold_6_RagTag:0-26949342	84.644	1094	150	11	461	1548	14766367	14767448	0	1074	TE4_v1
AL6G40440	scaffold_2_RagTag:113346-24308598	78.905	1114	179	31	475	1554	4961006	4962097	0	704	TE4_v1
AL6G40440	scaffold_2_RagTag:113346-24308598	77.617	1175	220	31	465	1612	4957159	4958317	0	673	TE4_v1
AL6G40440	scaffold_2_RagTag:113346-24308598	77.161	1099	210	31	475	1554	4964479	4965555	3.42e-170	601	TE4_v1
AL6G40440	scaffold_8_RagTag:237858-24797477	91.558	308	18	4	11	314	16699148	16699451	3.69e-115	418	TE4_v1
AL6G40440	scaffold_7_RagTag:1-29301300	73.913	1058	229	33	465	1502	746640	747670	4.84e-104	381	TE4_v1
AL6G40440	scaffold_1_RagTag:94989-32092331	91.031	223	18	2	14	234	25981601	25981823	1.4e-79	300	TE4_v1
AL2G17690	scaffold_2_RagTag:0-23605790	97.839	1388	23	4	784	2168	4930926	4932309	0	2390	TE8_v1
AL2G17690	scaffold_2_RagTag:0-23605790	76.939	941	170	40	938	1855	4932868	4933784	2.81e-137	492	TE8_v1
AL2G17690	scaffold_2_RagTag:0-23605790	90.759	303	11	9	446	735	4930634	4930932	3.79e-106	388	TE8_v1
AL2G17690	scaffold_2_RagTag:0-23605790	93.162	117	5	1	333	449	4930170	4930283	5.37e-40	169	TE8_v1
AL2G17690	scaffold_6_RagTag:0-26335035	77.033	1119	207	34	958	2054	14330566	14331656	5.78e-169	597	TE8_v1
AL2G17690	scaffold_7_RagTag:0-28571223	73.456	923	209	28	958	1858	747282	748190	6.52e-84	315	TE8_v1
AL2G17690	scaffold_7_RagTag:0-28571223	70.954	933	204	52	958	1860	744893	745788	3.23e-37	159	TE8_v1
AL2G17710	scaffold_2_RagTag:0-23605790	93.962	530	15	3	1	521	4932853	4933374	0	785	TE8_v1
AL2G17710	scaffold_2_RagTag:0-23605790	93.99	416	19	4	709	1120	4933366	4933779	1.44e-177	625	TE8_v1
AL2G17710	scaffold_2_RagTag:0-23605790	81.542	428	71	5	709	1131	4936062	4936486	1.25e-93	346	TE8_v1
AL2G17710	scaffold_2_RagTag:0-23605790	97.906	191	4	0	519	709	18073528	18073338	3.5e-89	331	TE8_v1
AL2G17710	scaffold_2_RagTag:0-23605790	93.878	49	3	0	1138	1186	4934046	4934094	6.52e-12	75	TE8_v1
AL2G17710	scaffold_6_RagTag:0-26335035	79.487	429	80	6	709	1132	14328545	14328970	3.55e-79	298	TE8_v1
AL2G17710	scaffold_6_RagTag:0-26335035	77.959	490	83	17	43	521	14342028	14342503	9.95e-75	283	TE8_v1
AL2G17710	scaffold_6_RagTag:0-26335035	78.186	463	79	10	43	495	14328077	14328527	1.67e-72	276	TE8_v1
AL2G17710	scaffold_6_RagTag:0-26335035	76.972	469	86	11	36	494	14322383	14322839	3.63e-64	248	TE8_v1
AL2G17710	scaffold_6_RagTag:0-26335035	76.531	490	91	13	43	521	14320516	14320992	1.31e-63	246	TE8_v1
AL2G17710	scaffold_6_RagTag:0-26335035	83.5	200	32	1	736	935	14322889	14323087	2.89e-45	185	TE8_v1
AL2G17710	scaffold_6_RagTag:0-26335035	78.214	280	58	3	854	1132	14285578	14285855	1.74e-42	176	TE8_v1
AL2G17710	scaffold_6_RagTag:0-26335035	73.487	347	77	10	843	1181	14278229	14278568	1.07e-24	117	TE8_v1
AL2G17710	scaffold_6_RagTag:0-26335035	84.615	78	5	5	709	780	14278149	14278225	8.44e-11	71.3	TE8_v1
AL2G17710	scaffold_7_RagTag:0-28571223	91.379	58	5	0	761	818	11003370	11003313	1.4e-13	80.5	TE8_v1
AL2G17710	scaffold_7_RagTag:0-28571223	95.745	47	2	0	762	808	779459	779413	1.81e-12	76.8	TE8_v1
AL2G17720	scaffold_2_RagTag:0-23605790	97.667	1243	29	0	135	1377	4935570	4936812	0	2135	TE8_v1
AL2G17720	scaffold_2_RagTag:0-23605790	81.481	1053	166	21	16	1045	4932738	4933784	0	837	TE8_v1
AL2G17720	scaffold_2_RagTag:0-23605790	95.283	106	5	0	1	106	4935466	4935571	3.39e-40	169	TE8_v1
AL2G17720	scaffold_6_RagTag:0-26335035	77.07	1099	221	25	158	1238	14342027	14343112	2.18e-171	604	TE8_v1
AL2G17720	scaffold_6_RagTag:0-26335035	75.822	1216	257	26	158	1361	14328076	14329266	1.02e-164	582	TE8_v1
AL2G17720	scaffold_6_RagTag:0-26335035	77.063	715	143	17	152	855	14322383	14323087	1.85e-107	392	TE8_v1
AL2G17720	scaffold_6_RagTag:0-26335035	76.289	582	116	13	783	1361	14285586	14286148	6.93e-77	291	TE8_v1
AL2G17720	scaffold_6_RagTag:0-26335035	73.953	549	106	22	793	1325	14278258	14278785	9.35e-46	187	TE8_v1
AL2G17720	scaffold_7_RagTag:0-28571223	76.254	299	64	6	558	851	745284	745580	3.41e-35	152	TE8_v1
AL2G17720	scaffold_7_RagTag:0-28571223	86.207	87	11	1	684	770	11003368	11003283	2.1e-17	93.5	TE8_v1
AL6G40420	scaffold_6_RagTag:0-26335035	85.801	993	128	10	1	987	14342169	14343154	0	1040	TE8_v1
AL6G40420	scaffold_6_RagTag:0-26335035	85.671	984	125	10	1	982	14328218	14329187	0	1022	TE8_v1
AL6G40420	scaffold_6_RagTag:0-26335035	84.118	1020	135	15	1	1009	14320657	14321660	0	961	TE8_v1
AL6G40420	scaffold_6_RagTag:0-26335035	84.372	947	139	5	1	942	14330714	14331656	0	920	TE8_v1
AL6G40420	scaffold_6_RagTag:0-26335035	91.857	614	37	5	465	1070	14278229	14278837	0	845	TE8_v1
AL6G40420	scaffold_6_RagTag:0-26335035	87.792	557	67	1	1	556	14322531	14323087	0	651	TE8_v1
AL6G40420	scaffold_6_RagTag:0-26335035	82.873	543	67	12	475	1009	14285577	14286101	2.98e-129	464	TE8_v1
AL6G40420	scaffold_6_RagTag:0-26335035	82.472	542	72	10	410	948	14307848	14308369	6.45e-126	453	TE8_v1
AL6G40420	scaffold_6_RagTag:0-26335035	95.192	208	8	1	200	405	14278021	14278228	4.08e-88	327	TE8_v1
AL6G40420	scaffold_6_RagTag:0-26335035	100	46	0	0	159	204	14274588	14274633	2.71e-15	86.1	TE8_v1
AL6G40420	scaffold_2_RagTag:0-23605790	77.53	761	147	19	1	749	4933036	4933784	6.5e-121	436	TE8_v1
AL6G40420	scaffold_2_RagTag:0-23605790	75.18	971	196	29	63	1007	4935797	4936748	8.46e-115	416	TE8_v1
AL6G40420	scaffold_2_RagTag:0-23605790	79.225	284	40	12	742	1009	4934031	4934311	1.21e-43	180	TE8_v1
AL6G40420	scaffold_7_RagTag:0-28571223	73.111	900	194	31	19	897	747448	748320	4.17e-73	278	TE8_v1
AL6G40420	scaffold_7_RagTag:0-28571223	80.519	77	13	2	742	817	661201	661126	5.91e-07	58.4	TE8_v1
AL6G40420	scaffold_3_RagTag:1-26654334	85.333	75	8	3	790	864	20189948	20189877	5.87e-12	75	TE8_v1
AL6G40430	scaffold_6_RagTag:0-26335035	88.588	1367	133	7	104	1457	14327909	14329265	0	1639	TE8_v1
AL6G40430	scaffold_6_RagTag:0-26335035	88.915	1272	135	5	191	1457	14320438	14321708	0	1563	TE8_v1
AL6G40430	scaffold_6_RagTag:0-26335035	94.659	880	35	1	7	886	14282299	14283166	0	1354	TE8_v1
AL6G40430	scaffold_6_RagTag:0-26335035	84.824	1252	178	9	104	1345	14341863	14343112	0	1249	TE8_v1
AL6G40430	scaffold_6_RagTag:0-26335035	84.651	1088	150	13	267	1339	14330571	14331656	0	1068	TE8_v1
AL6G40430	scaffold_6_RagTag:0-26335035	95.645	574	22	3	884	1457	14285577	14286147	0	918	TE8_v1
AL6G40430	scaffold_6_RagTag:0-26335035	84.091	704	103	9	267	965	14322388	14323087	0	671	TE8_v1
AL6G40430	scaffold_6_RagTag:0-26335035	82.868	537	64	9	817	1341	14307846	14308366	6.83e-127	457	TE8_v1
AL6G40430	scaffold_6_RagTag:0-26335035	81.964	560	66	26	882	1418	14278237	14278784	1.91e-122	442	TE8_v1
AL6G40430	scaffold_6_RagTag:0-26335035	90.722	97	5	1	9	105	14320328	14320420	2.19e-27	126	TE8_v1
AL6G40430	scaffold_2_RagTag:0-23605790	79.199	899	170	12	267	1155	4932893	4933784	1.78e-172	608	TE8_v1
AL6G40430	scaffold_2_RagTag:0-23605790	76.105	1222	241	38	268	1457	4935593	4936795	1.8e-167	592	TE8_v1
AL6G40430	scaffold_2_RagTag:0-23605790	83.333	180	27	1	1167	1343	4934059	4934238	1.67e-38	163	TE8_v1
AL6G40430	scaffold_7_RagTag:0-28571223	73.396	1060	230	37	267	1297	747287	748323	4.29e-94	348	TE8_v1
AL6G40430	scaffold_7_RagTag:0-28571223	94.872	39	1	1	1177	1214	661164	661126	2.25e-07	60.2	TE8_v1
AL6G40430	scaffold_3_RagTag:1-26654334	84.286	70	8	3	1187	1256	20189948	20189882	4.84e-09	65.8	TE8_v1
AL6G40440	scaffold_6_RagTag:0-26335035	98.137	1342	18	3	315	1656	14341880	14343214	0	2333	TE8_v1
AL6G40440	scaffold_6_RagTag:0-26335035	86.682	1284	142	19	315	1591	14327926	14329187	0	1397	TE8_v1
AL6G40440	scaffold_6_RagTag:0-26335035	85.013	1181	159	11	385	1564	14320438	14321601	0	1184	TE8_v1
AL6G40440	scaffold_6_RagTag:0-26335035	84.735	1094	153	8	461	1548	14330571	14331656	0	1083	TE8_v1
AL6G40440	scaffold_6_RagTag:0-26335035	85.206	703	100	2	461	1162	14322388	14323087	0	719	TE8_v1
AL6G40440	scaffold_6_RagTag:0-26335035	83.42	766	124	1	317	1082	14282403	14283165	0	708	TE8_v1
AL6G40440	scaffold_6_RagTag:0-26335035	84.007	544	59	15	1013	1550	14307845	14308366	4.59e-139	497	TE8_v1
AL6G40440	scaffold_6_RagTag:0-26335035	83.769	536	67	10	1071	1596	14278229	14278754	7.68e-137	490	TE8_v1
AL6G40440	scaffold_6_RagTag:0-26335035	85.161	465	55	11	1091	1554	14285587	14286038	4.65e-129	464	TE8_v1
AL6G40440	scaffold_2_RagTag:0-23605790	79.89	905	159	16	461	1355	4932893	4933784	0	641	TE8_v1
AL6G40440	scaffold_2_RagTag:0-23605790	77.148	1094	213	32	475	1554	4935603	4936673	3.4e-170	601	TE8_v1
AL6G40440	scaffold_3_RagTag:1-26654334	97.36	303	8	0	12	314	20073207	20072905	1.27e-144	516	TE8_v1
AL6G40440	scaffold_3_RagTag:1-26654334	91.234	308	19	4	11	314	2124982	2124679	1.71e-113	412	TE8_v1
AL6G40440	scaffold_7_RagTag:0-28571223	73.913	1058	229	33	465	1502	747289	748319	4.82e-104	381	TE8_v1
AL6G40440	scaffold_8_RagTag:0-24591694	91.031	223	18	2	14	234	21224471	21224693	1.39e-79	300	TE8_v1
AL2G17690	scaffold_2_RagTag	95.533	1388	52	5	784	2168	4716519	4717899	0	2211	WS1_v2_s
AL2G17690	scaffold_2_RagTag	90.67	418	17	12	333	735	4716115	4716525	1.24e-150	536	WS1_v2_s
AL2G17690	scaffold_2_RagTag	77.046	941	169	40	938	1855	4718458	4719374	5.84e-139	497	WS1_v2_s
AL2G17690	scaffold_7_RagTag	75.717	593	133	11	958	1542	793310	793899	1.38e-75	287	WS1_v2_s
AL2G17690	scaffold_7_RagTag	70.878	934	203	54	958	1860	790924	791819	1.46e-35	154	WS1_v2_s
AL2G17710	scaffold_2_RagTag	94.151	530	14	3	1	521	4718443	4718964	0	791	WS1_v2_s
AL2G17710	scaffold_2_RagTag	93.51	416	21	4	709	1120	4718956	4719369	3.01e-174	614	WS1_v2_s
AL2G17710	scaffold_2_RagTag	80.12	498	71	19	16	500	4716670	4717152	1.21e-93	346	WS1_v2_s
AL2G17710	scaffold_2_RagTag	81.647	425	70	4	709	1128	4721684	4722105	1.21e-93	346	WS1_v2_s
AL2G17710	scaffold_2_RagTag	97.917	192	4	0	518	709	20556763	20556954	9.44e-90	333	WS1_v2_s
AL2G17710	scaffold_6_RagTag	82.172	488	71	10	705	1186	15413906	15414383	1.97e-111	405	WS1_v2_s
AL2G17710	scaffold_6_RagTag	80.841	428	76	5	709	1132	15348605	15349030	3.4e-89	331	WS1_v2_s
AL2G17710	scaffold_6_RagTag	80.615	423	78	4	713	1132	15404458	15404879	5.68e-87	324	WS1_v2_s
AL2G17710	scaffold_6_RagTag	80.233	430	72	10	709	1132	15344481	15344903	4.42e-83	311	WS1_v2_s
AL2G17710	scaffold_6_RagTag	79.281	473	70	16	36	495	15348130	15348587	2.06e-81	305	WS1_v2_s
AL2G17710	scaffold_6_RagTag	79.439	428	82	5	709	1132	15298599	15299024	3.44e-79	298	WS1_v2_s
AL2G17710	scaffold_6_RagTag	78.367	490	82	15	43	521	15413441	15413917	1.24e-78	296	WS1_v2_s
AL2G17710	scaffold_6_RagTag	78.858	473	72	15	36	495	15358842	15359299	4.46e-78	294	WS1_v2_s
AL2G17710	scaffold_6_RagTag	77.186	469	85	11	36	494	15344006	15344462	7.56e-66	254	WS1_v2_s
AL2G17710	scaffold_6_RagTag	76.531	490	91	13	43	521	15342140	15342616	1.27e-63	246	WS1_v2_s
AL2G17710	scaffold_6_RagTag	76.395	466	82	17	43	495	15403986	15404436	1.65e-57	226	WS1_v2_s
AL2G17710	scaffold_6_RagTag	81.731	104	15	3	843	946	15267962	15268061	1.05e-14	84.2	WS1_v2_s
AL2G17710	scaffold_6_RagTag	84.615	78	5	5	709	780	15267882	15267958	8.17e-11	71.3	WS1_v2_s
AL2G17710	scaffold_5_RagTag	97.5	200	5	0	516	715	18299777	18299578	1.57e-92	342	WS1_v2_s
AL2G17710	scaffold_7_RagTag	98.404	188	3	0	522	709	10137161	10136974	3.4e-89	331	WS1_v2_s
AL2G17710	scaffold_7_RagTag	81.132	106	17	3	716	818	11275927	11275822	3.78e-14	82.4	WS1_v2_s
AL2G17710	scaffold_7_RagTag	95.745	47	2	0	762	808	825054	825008	1.76e-12	76.8	WS1_v2_s
AL2G17720	scaffold_2_RagTag	97.967	1377	28	0	1	1377	4721058	4722434	0	2388	WS1_v2_s
AL2G17720	scaffold_2_RagTag	81.671	1053	164	21	16	1045	4718328	4719374	0	848	WS1_v2_s
AL2G17720	scaffold_2_RagTag	74.58	952	192	41	127	1050	4716665	4717594	2.33e-101	372	WS1_v2_s
AL2G17720	scaffold_6_RagTag	77.143	1225	238	29	152	1361	15348130	15349327	0	673	WS1_v2_s
AL2G17720	scaffold_6_RagTag	77.434	1099	218	25	158	1238	15413440	15414526	1.25e-178	628	WS1_v2_s
AL2G17720	scaffold_6_RagTag	76.046	1219	247	33	158	1361	15298130	15299318	1.64e-167	592	WS1_v2_s
AL2G17720	scaffold_6_RagTag	76.369	1096	226	27	152	1234	15344006	15345081	1.67e-157	558	WS1_v2_s
AL2G17720	scaffold_6_RagTag	75.55	1227	244	42	158	1361	15403985	15405178	7.75e-156	553	WS1_v2_s
AL2G17720	scaffold_6_RagTag	77.333	150	26	6	793	939	15267991	15268135	4.4e-14	82.4	WS1_v2_s
AL2G17720	scaffold_7_RagTag	76.254	299	64	6	558	851	791315	791611	3.3e-35	152	WS1_v2_s
AL2G17720	scaffold_7_RagTag	78.363	171	30	7	603	770	11275958	11275792	9.39e-21	104	WS1_v2_s
AL6G40420	scaffold_6_RagTag	90.945	1016	72	11	1	1009	15348278	15349280	0	1349	WS1_v2_s
AL6G40420	scaffold_6_RagTag	87.311	993	109	11	1	992	15344154	15345130	0	1120	WS1_v2_s
AL6G40420	scaffold_6_RagTag	86.405	993	123	9	1	987	15413582	15414568	0	1075	WS1_v2_s
AL6G40420	scaffold_6_RagTag	84.902	1020	123	16	1	1009	15298272	15299271	0	1002	WS1_v2_s
AL6G40420	scaffold_6_RagTag	84.399	1032	126	24	1	1017	15404127	15405138	0	981	WS1_v2_s
AL6G40420	scaffold_6_RagTag	84.216	1020	134	15	1	1009	15342281	15343284	0	966	WS1_v2_s
AL6G40420	scaffold_6_RagTag	83.602	994	145	11	1	989	15358990	15359970	0	917	WS1_v2_s
AL6G40420	scaffold_6_RagTag	84.161	947	141	5	1	942	15406642	15407584	0	909	WS1_v2_s
AL6G40420	scaffold_6_RagTag	93.103	319	20	1	744	1060	15268859	15269177	8.03e-130	466	WS1_v2_s
AL6G40420	scaffold_6_RagTag	82.472	542	72	10	410	948	15321090	15321611	6.25e-126	453	WS1_v2_s
AL6G40420	scaffold_6_RagTag	95.984	249	8	1	159	405	15267713	15267961	6.38e-111	403	WS1_v2_s
AL6G40420	scaffold_6_RagTag	87.85	214	14	4	465	671	15267962	15268170	5.3e-62	241	WS1_v2_s
AL6G40420	scaffold_2_RagTag	76.971	964	188	25	1	944	4716838	4717787	6.08e-146	520	WS1_v2_s
AL6G40420	scaffold_2_RagTag	75.72	972	189	32	63	1007	4721419	4722370	3.76e-123	444	WS1_v2_s
AL6G40420	scaffold_2_RagTag	77.368	760	150	17	1	749	4718626	4719374	2.93e-119	431	WS1_v2_s
AL6G40420	scaffold_2_RagTag	78.873	284	41	12	742	1009	4719621	4719901	5.45e-42	174	WS1_v2_s
AL6G40420	scaffold_7_RagTag	74.229	551	123	12	19	558	793476	794018	1.15e-53	213	WS1_v2_s
AL6G40420	scaffold_7_RagTag	94.595	37	1	1	785	820	685850	685814	2.06e-06	56.5	WS1_v2_s
AL6G40430	scaffold_6_RagTag	96.924	1463	32	7	2	1457	15403721	15405177	0	2440	WS1_v2_s
AL6G40430	scaffold_6_RagTag	94.831	1451	61	3	7	1457	15297881	15299317	0	2252	WS1_v2_s
AL6G40430	scaffold_6_RagTag	88.836	1272	136	5	191	1457	15342062	15343332	0	1557	WS1_v2_s
AL6G40430	scaffold_6_RagTag	89.816	1198	109	6	267	1457	15348135	15349326	0	1524	WS1_v2_s
AL6G40430	scaffold_6_RagTag	84.984	1252	177	8	104	1345	15413276	15414526	0	1260	WS1_v2_s
AL6G40430	scaffold_6_RagTag	86.803	1076	137	5	267	1339	15358847	15359920	0	1195	WS1_v2_s
AL6G40430	scaffold_6_RagTag	84.567	1121	150	21	267	1375	15344011	15345120	0	1090	WS1_v2_s
AL6G40430	scaffold_6_RagTag	82.868	537	64	9	817	1341	15321088	15321608	6.62e-127	457	WS1_v2_s
AL6G40430	scaffold_6_RagTag	85.772	246	31	3	569	811	15267714	15267958	7.21e-67	257	WS1_v2_s
AL6G40430	scaffold_6_RagTag	83.077	260	28	13	1165	1418	15268883	15269132	2.63e-56	222	WS1_v2_s
AL6G40430	scaffold_6_RagTag	81.373	204	27	9	882	1077	15267970	15268170	2.7e-36	156	WS1_v2_s
AL6G40430	scaffold_6_RagTag	90.722	97	5	1	9	105	15341952	15342044	2.12e-27	126	WS1_v2_s
AL6G40430	scaffold_2_RagTag	78.237	1112	186	40	267	1341	4716695	4717787	0	662	WS1_v2_s
AL6G40430	scaffold_2_RagTag	79.31	899	169	12	267	1155	4718483	4719374	3.71e-174	614	WS1_v2_s
AL6G40430	scaffold_2_RagTag	76.35	1222	238	38	268	1457	4721215	4722417	1.73e-172	608	WS1_v2_s
AL6G40430	scaffold_2_RagTag	82.778	180	28	1	1167	1343	4719649	4719828	7.52e-37	158	WS1_v2_s
AL6G40430	scaffold_7_RagTag	77.536	276	52	9	1024	1297	797166	797433	7.52e-37	158	WS1_v2_s
AL6G40430	scaffold_7_RagTag	93.023	43	2	1	1176	1217	685856	685814	6.06e-08	62.1	WS1_v2_s
AL6G40440	scaffold_6_RagTag	98.138	1343	18	3	315	1656	15413293	15414629	0	2335	WS1_v2_s
AL6G40440	scaffold_6_RagTag	85.991	1135	134	17	461	1592	15348135	15349247	0	1192	WS1_v2_s
AL6G40440	scaffold_6_RagTag	85.013	1181	159	11	385	1564	15342062	15343225	0	1184	WS1_v2_s
AL6G40440	scaffold_6_RagTag	83.926	1238	184	8	317	1554	15403840	15405062	0	1170	WS1_v2_s
AL6G40440	scaffold_6_RagTag	83.858	1239	183	12	317	1554	15297985	15299207	0	1164	WS1_v2_s
AL6G40440	scaffold_6_RagTag	86.053	1097	133	12	461	1556	15344011	15345088	0	1160	WS1_v2_s
AL6G40440	scaffold_6_RagTag	84.769	1149	152	16	461	1604	15358847	15359977	0	1131	WS1_v2_s
AL6G40440	scaffold_6_RagTag	85.009	1094	150	8	461	1548	15406499	15407584	0	1099	WS1_v2_s
AL6G40440	scaffold_6_RagTag	84.007	544	59	15	1013	1550	15321087	15321608	4.44e-139	497	WS1_v2_s
AL6G40440	scaffold_6_RagTag	86.124	209	27	2	1350	1557	15268859	15269066	8.33e-57	224	WS1_v2_s
AL6G40440	scaffold_6_RagTag	82.547	212	26	6	1071	1274	15267962	15268170	2.36e-42	176	WS1_v2_s
AL6G40440	scaffold_2_RagTag	80	905	158	16	461	1355	4718483	4719374	0	647	WS1_v2_s
AL6G40440	scaffold_2_RagTag	77.413	1098	203	36	475	1554	4721225	4722295	1.52e-173	612	WS1_v2_s
AL6G40440	scaffold_3_RagTag	97.368	304	8	0	11	314	19520734	19520431	3.41e-145	518	WS1_v2_s
AL6G40440	scaffold_3_RagTag	97.36	303	8	0	12	314	19522174	19521872	1.23e-144	516	WS1_v2_s
AL6G40440	scaffold_7_RagTag	75.702	712	153	15	465	1165	793317	794019	2.85e-91	339	WS1_v2_s
AL6G40440	scaffold_7_RagTag	78.571	364	67	9	802	1158	791252	791611	1.79e-58	230	WS1_v2_s
AL6G40440	scaffold_4_RagTag	90.526	190	8	2	125	314	15474484	15474663	2.3e-62	243	WS1_v2_s
AL6G40440	scaffold_4_RagTag	91.304	46	4	0	9	54	15474409	15474454	1.92e-08	63.9	WS1_v2_s
AL6G40440	scaffold_5_RagTag	97.753	89	2	0	226	314	21364336	21364248	1.11e-35	154	WS1_v2_s
AL6G40440	scaffold_5_RagTag	100	44	0	0	11	54	21364343	21364386	5.3e-14	82.4	WS1_v2_s
