qseqid	sseqid	pident	length	mismatch	gapopen	qstart	qend	sstart	send	evalue	bitscore	stitle
AL4G31290	scaffold_4_RagTag	98.291	2692	31	7	1	2681	17055262	17057949	0	4702	73_3a_fixed_genome_15_1_24
AL4G31290	scaffold_4_RagTag	85.575	1747	211	29	1	1722	17030336	17032066	0	1792	73_3a_fixed_genome_15_1_24
AL4G31290	scaffold_4_RagTag	94.753	953	33	10	2672	3623	6432213	6431277	0	1467	73_3a_fixed_genome_15_1_24
AL4G31290	scaffold_4_RagTag	84.554	1010	118	12	2681	3657	4906390	4905386	0	966	73_3a_fixed_genome_15_1_24
AL4G31290	scaffold_4_RagTag	96.455	536	13	5	3768	4301	6431278	6430747	0	880	73_3a_fixed_genome_15_1_24
AL4G31290	scaffold_4_RagTag	86.216	370	40	7	1790	2156	17032071	17032432	3.3e-106	390	73_3a_fixed_genome_15_1_24
AL4G31290	scaffold_4_RagTag	77.137	468	86	17	13	468	18593268	18593726	1.62e-64	252	73_3a_fixed_genome_15_1_24
AL4G31290	scaffold_4_RagTag	76.809	470	84	20	13	468	18602594	18603052	3.51e-61	241	73_3a_fixed_genome_15_1_24
AL4G31290	scaffold_4_RagTag	96.104	77	3	0	4323	4399	6430562	6430486	1.03e-26	126	73_3a_fixed_genome_15_1_24
AL4G31290	scaffold_4_RagTag	89.286	84	9	0	1880	1963	18653529	18653612	1.34e-20	106	73_3a_fixed_genome_15_1_24
AL4G31290	scaffold_5_RagTag	91.429	1680	96	14	2682	4322	3175700	3177370	0	2261	73_3a_fixed_genome_15_1_24
AL4G31290	scaffold_5_RagTag	91.379	1682	93	18	2680	4322	13071467	13069799	0	2255	73_3a_fixed_genome_15_1_24
AL4G31290	scaffold_5_RagTag	94.737	95	5	0	4401	4495	12459788	12459694	2.19e-33	148	73_3a_fixed_genome_15_1_24
AL4G31290	scaffold_5_RagTag	93.684	95	6	0	4401	4495	12675118	12675024	1.02e-31	143	73_3a_fixed_genome_15_1_24
AL4G31290	scaffold_5_RagTag	93.684	95	6	0	4401	4495	12728324	12728230	1.02e-31	143	73_3a_fixed_genome_15_1_24
AL4G31290	scaffold_5_RagTag	97.403	77	2	0	4323	4399	22287830	22287754	2.21e-28	132	73_3a_fixed_genome_15_1_24
AL4G31290	scaffold_5_RagTag	92.188	64	5	0	4484	4547	12674973	12674910	3.75e-16	91.6	73_3a_fixed_genome_15_1_24
AL4G31290	scaffold_5_RagTag	97.872	47	1	0	4648	4694	12459145	12459099	2.25e-13	82.4	73_3a_fixed_genome_15_1_24
AL4G31290	scaffold_5_RagTag	97.872	47	1	0	4648	4694	12674479	12674433	2.25e-13	82.4	73_3a_fixed_genome_15_1_24
AL4G31290	scaffold_5_RagTag	97.872	47	1	0	4648	4694	12727729	12727683	2.25e-13	82.4	73_3a_fixed_genome_15_1_24
AL4G31290	scaffold_7_RagTag	91.037	1640	113	16	2680	4301	24488071	24489694	0	2183	73_3a_fixed_genome_15_1_24
AL4G31290	scaffold_7_RagTag	80.952	189	25	5	3983	4161	1130981	1130794	1.32e-30	139	73_3a_fixed_genome_15_1_24
AL4G31290	scaffold_7_RagTag	96.104	77	3	0	4323	4399	24489877	24489953	1.03e-26	126	73_3a_fixed_genome_15_1_24
AL4G31290	scaffold_7_RagTag	98.305	59	1	0	5100	5158	5812623	5812565	4.81e-20	104	73_3a_fixed_genome_15_1_24
AL4G31290	scaffold_2_RagTag	86.098	1230	129	31	2682	3893	5108187	5106982	0	1286	73_3a_fixed_genome_15_1_24
AL4G31290	scaffold_1_RagTag	85.842	1229	134	28	2680	3893	17201745	17202948	0	1269	73_3a_fixed_genome_15_1_24
AL4G31290	scaffold_1_RagTag	85.303	1007	116	13	2677	3657	14253393	14252393	0	1011	73_3a_fixed_genome_15_1_24
AL4G31290	scaffold_1_RagTag	85.215	1001	119	10	2681	3657	12958874	12957879	0	1002	73_3a_fixed_genome_15_1_24
AL4G31290	scaffold_3_RagTag	85.159	1004	120	10	2678	3657	12478138	12477140	0	1002	73_3a_fixed_genome_15_1_24
AL4G31290	scaffold_3_RagTag	85.06	1004	121	11	2678	3657	13738570	13739568	0	996	73_3a_fixed_genome_15_1_24
AL4G31290	scaffold_3_RagTag	85.015	1001	121	10	2681	3657	18802700	18801705	0	990	73_3a_fixed_genome_15_1_24
AL4G31290	scaffold_3_RagTag	85.294	170	22	3	4539	4706	32152019	32151851	1.3e-40	172	73_3a_fixed_genome_15_1_24
AL4G31290	scaffold_6_RagTag	77.143	245	34	16	4868	5100	3788289	3788523	1.33e-25	122	73_3a_fixed_genome_15_1_24
AL4G35260	scaffold_4_RagTag	98.908	2746	22	5	1	2739	18593328	18596072	0	4898	73_3a_fixed_genome_15_1_24
AL4G35260	scaffold_4_RagTag	96.801	1657	47	6	1	1653	18602654	18604308	0	2761	73_3a_fixed_genome_15_1_24
AL4G35260	scaffold_4_RagTag	95.847	602	16	7	2133	2733	18601032	18601625	0	965	73_3a_fixed_genome_15_1_24
AL4G35260	scaffold_4_RagTag	94.728	607	16	4	2133	2739	18604299	18604889	0	929	73_3a_fixed_genome_15_1_24
AL4G35260	scaffold_4_RagTag	86.481	503	43	14	1651	2135	5742147	5741652	2.64e-148	529	73_3a_fixed_genome_15_1_24
AL4G35260	scaffold_4_RagTag	87.5	480	29	12	1658	2109	873616	874092	3.42e-147	525	73_3a_fixed_genome_15_1_24
AL4G35260	scaffold_4_RagTag	86.907	443	29	12	1694	2109	16444013	16443573	1.62e-130	470	73_3a_fixed_genome_15_1_24
AL4G35260	scaffold_4_RagTag	84.512	297	28	10	1830	2109	16154641	16154936	1.06e-72	278	73_3a_fixed_genome_15_1_24
AL4G35260	scaffold_4_RagTag	77.284	405	78	10	1	399	17055332	17055728	3.88e-57	226	73_3a_fixed_genome_15_1_24
AL4G35260	scaffold_4_RagTag	93.919	148	6	2	1509	1653	18600894	18601041	1.81e-55	220	73_3a_fixed_genome_15_1_24
AL4G35260	scaffold_4_RagTag	91.781	73	6	0	2037	2109	16116423	16116351	6.82e-20	102	73_3a_fixed_genome_15_1_24
AL4G35260	scaffold_4_RagTag	89.855	69	7	0	2041	2109	15893290	15893358	5.31e-16	89.8	73_3a_fixed_genome_15_1_24
AL4G35260	scaffold_8_RagTag	92.045	440	27	6	1694	2126	4761192	4760754	2.55e-173	612	73_3a_fixed_genome_15_1_24
AL4G35260	scaffold_8_RagTag	84.874	476	43	16	1648	2109	1834861	1834401	1.63e-125	453	73_3a_fixed_genome_15_1_24
AL4G35260	scaffold_8_RagTag	85.911	291	29	7	1830	2109	3376050	3376339	2.25e-79	300	73_3a_fixed_genome_15_1_24
AL4G35260	scaffold_8_RagTag	84.564	298	26	12	1830	2109	22059397	22059102	1.06e-72	278	73_3a_fixed_genome_15_1_24
AL4G35260	scaffold_8_RagTag	84.333	300	23	16	1830	2109	3307002	3306707	4.91e-71	272	73_3a_fixed_genome_15_1_24
AL4G35260	scaffold_8_RagTag	91.765	85	7	0	2048	2132	14522318	14522402	6.77e-25	119	73_3a_fixed_genome_15_1_24
AL4G35260	scaffold_3_RagTag	91.935	434	33	2	1695	2126	6153496	6153929	1.19e-171	606	73_3a_fixed_genome_15_1_24
AL4G35260	scaffold_3_RagTag	89.815	432	28	6	1694	2109	11871574	11872005	1.22e-151	540	73_3a_fixed_genome_15_1_24
AL4G35260	scaffold_3_RagTag	88.063	444	25	10	1694	2109	9145217	9145660	5.76e-140	501	73_3a_fixed_genome_15_1_24
AL4G35260	scaffold_3_RagTag	85.897	390	27	11	1752	2132	25600706	25601076	1.3e-106	390	73_3a_fixed_genome_15_1_24
AL4G35260	scaffold_3_RagTag	81.466	491	44	24	1658	2135	1332355	1331899	3.67e-97	359	73_3a_fixed_genome_15_1_24
AL4G35260	scaffold_3_RagTag	84.564	298	26	12	1830	2109	2508252	2507957	1.06e-72	278	73_3a_fixed_genome_15_1_24
AL4G35260	scaffold_3_RagTag	83.893	298	28	12	1830	2109	18970972	18971267	2.29e-69	267	73_3a_fixed_genome_15_1_24
AL4G35260	scaffold_3_RagTag	88.889	99	5	1	2011	2109	25353617	25353709	2.44e-24	117	73_3a_fixed_genome_15_1_24
AL4G35260	scaffold_3_RagTag	86.869	99	13	0	2011	2109	19498171	19498269	1.13e-22	111	73_3a_fixed_genome_15_1_24
AL4G35260	scaffold_3_RagTag	91.781	73	6	0	2037	2109	24163818	24163746	6.82e-20	102	73_3a_fixed_genome_15_1_24
AL4G35260	scaffold_3_RagTag	91.781	73	6	0	2037	2109	24394899	24394827	6.82e-20	102	73_3a_fixed_genome_15_1_24
AL4G35260	scaffold_3_RagTag	91.781	73	6	0	2037	2109	35078358	35078430	6.82e-20	102	73_3a_fixed_genome_15_1_24
AL4G35260	scaffold_6_RagTag	89.177	462	31	8	1652	2108	12703245	12703692	3.37e-157	558	73_3a_fixed_genome_15_1_24
AL4G35260	scaffold_6_RagTag	88.688	442	24	10	1694	2109	21666586	21666145	2.06e-144	516	73_3a_fixed_genome_15_1_24
AL4G35260	scaffold_6_RagTag	88.063	444	25	10	1694	2109	9008931	9009374	5.76e-140	501	73_3a_fixed_genome_15_1_24
AL4G35260	scaffold_6_RagTag	83.925	479	46	16	1658	2108	11690077	11690552	2.76e-118	429	73_3a_fixed_genome_15_1_24
AL4G35260	scaffold_6_RagTag	84.175	297	29	10	1830	2109	9859241	9859536	4.91e-71	272	73_3a_fixed_genome_15_1_24
AL4G35260	scaffold_6_RagTag	84	100	14	2	2011	2109	9502159	9502257	1.14e-17	95.3	73_3a_fixed_genome_15_1_24
AL4G35260	scaffold_6_RagTag	88	75	9	0	2035	2109	23672430	23672504	5.31e-16	89.8	73_3a_fixed_genome_15_1_24
AL4G35260	scaffold_1_RagTag	88.223	467	30	12	1668	2132	17489465	17489908	5.68e-150	534	73_3a_fixed_genome_15_1_24
AL4G35260	scaffold_1_RagTag	88.462	442	25	10	1694	2109	10968312	10967871	9.57e-143	510	73_3a_fixed_genome_15_1_24
AL4G35260	scaffold_1_RagTag	85.811	444	32	15	1694	2109	24775885	24776325	3.54e-122	442	73_3a_fixed_genome_15_1_24
AL4G35260	scaffold_1_RagTag	84.228	298	27	12	1830	2109	15828729	15828434	4.91e-71	272	73_3a_fixed_genome_15_1_24
AL4G35260	scaffold_1_RagTag	84	100	14	2	2011	2109	17636623	17636525	1.14e-17	95.3	73_3a_fixed_genome_15_1_24
AL4G35260	scaffold_7_RagTag	88.739	444	22	12	1694	2109	14544008	14543565	5.72e-145	518	73_3a_fixed_genome_15_1_24
AL4G35260	scaffold_7_RagTag	88.688	442	24	10	1694	2109	14493921	14494362	2.06e-144	516	73_3a_fixed_genome_15_1_24
AL4G35260	scaffold_7_RagTag	87.359	443	28	12	1694	2109	9317405	9316964	2.09e-134	483	73_3a_fixed_genome_15_1_24
AL4G35260	scaffold_7_RagTag	85.983	478	30	17	1694	2146	21389850	21390315	9.7e-133	477	73_3a_fixed_genome_15_1_24
AL4G35260	scaffold_7_RagTag	86.593	455	23	13	1693	2109	9137677	9138131	5.84e-130	468	73_3a_fixed_genome_15_1_24
AL4G35260	scaffold_7_RagTag	82.927	410	22	21	1646	2021	28315776	28316171	3.72e-87	326	73_3a_fixed_genome_15_1_24
AL4G35260	scaffold_7_RagTag	88.053	226	15	7	1833	2055	14265619	14265403	1.38e-66	257	73_3a_fixed_genome_15_1_24
AL4G35260	scaffold_7_RagTag	89.447	199	20	1	1642	1840	14269108	14268911	2.3e-64	250	73_3a_fixed_genome_15_1_24
AL4G35260	scaffold_2_RagTag	91.501	353	25	2	1780	2132	3708802	3708455	7.5e-134	481	73_3a_fixed_genome_15_1_24
AL4G35260	scaffold_2_RagTag	90.789	304	22	6	1657	1958	5544050	5544349	6.01e-110	401	73_3a_fixed_genome_15_1_24
AL4G35260	scaffold_2_RagTag	85.897	390	27	11	1752	2132	20508548	20508918	1.3e-106	390	73_3a_fixed_genome_15_1_24
AL4G35260	scaffold_2_RagTag	84.564	298	27	11	1830	2109	15073486	15073190	1.06e-72	278	73_3a_fixed_genome_15_1_24
AL4G35260	scaffold_2_RagTag	88.889	99	5	1	2011	2109	20261459	20261551	2.44e-24	117	73_3a_fixed_genome_15_1_24
AL4G35260	scaffold_2_RagTag	85.859	99	14	0	2011	2109	4355994	4355896	5.27e-21	106	73_3a_fixed_genome_15_1_24
AL4G35260	scaffold_2_RagTag	91.781	73	6	0	2037	2109	19071660	19071588	6.82e-20	102	73_3a_fixed_genome_15_1_24
AL4G35260	scaffold_2_RagTag	91.781	73	6	0	2037	2109	19302741	19302669	6.82e-20	102	73_3a_fixed_genome_15_1_24
AL4G35260	scaffold_5_RagTag	82.869	502	32	11	1650	2107	12576011	12575520	6.01e-110	401	73_3a_fixed_genome_15_1_24
AL4G35260	scaffold_5_RagTag	85.567	291	30	7	1830	2109	22404830	22404541	1.05e-77	294	73_3a_fixed_genome_15_1_24
AL4G35260	scaffold_5_RagTag	84.333	300	23	16	1830	2109	3508390	3508685	4.91e-71	272	73_3a_fixed_genome_15_1_24
AL4G35260	scaffold_5_RagTag	78.756	193	18	15	1961	2132	5349939	5349749	1.47e-21	108	73_3a_fixed_genome_15_1_24
AL4G35260	scaffold_5_RagTag	89.855	69	7	0	2041	2109	6796620	6796552	5.31e-16	89.8	73_3a_fixed_genome_15_1_24
AL4G35260	scaffold_5_RagTag	87.838	74	7	2	2037	2109	17290643	17290715	6.87e-15	86.1	73_3a_fixed_genome_15_1_24
AL4G35290	scaffold_4_RagTag	94.56	2206	73	23	1	2180	18602654	18604838	0	3365	73_3a_fixed_genome_15_1_24
AL4G35290	scaffold_4_RagTag	96.739	1656	29	11	1	1633	18593328	18594981	0	2736	73_3a_fixed_genome_15_1_24
AL4G35290	scaffold_4_RagTag	93.286	700	34	5	1484	2180	18600891	18601580	0	1020	73_3a_fixed_genome_15_1_24
AL4G35290	scaffold_4_RagTag	93.739	559	29	3	1624	2180	18595467	18596021	0	833	73_3a_fixed_genome_15_1_24
AL4G35290	scaffold_4_RagTag	77.284	405	78	10	1	399	17055332	17055728	3.08e-57	226	73_3a_fixed_genome_15_1_24
AL4G35450	scaffold_4_RagTag	94.89	1585	58	12	829	2403	18652195	18653766	0	2457	73_3a_fixed_genome_15_1_24
AL4G35450	scaffold_4_RagTag	98.432	829	11	2	1	829	18649596	18650422	0	1458	73_3a_fixed_genome_15_1_24
AL4G35480	scaffold_4_RagTag	93.75	1584	58	11	829	2383	18652195	18653766	0	2338	73_3a_fixed_genome_15_1_24
AL4G35480	scaffold_4_RagTag	98.432	829	11	2	1	829	18649596	18650422	0	1458	73_3a_fixed_genome_15_1_24
AL4G31290	scaffold_4_RagTag	98.621	2683	32	5	1	2681	16038452	16041131	0	4745	AL08_v2_f
AL4G31290	scaffold_4_RagTag	84.682	2670	304	70	1	2607	16035221	16037848	0	2567	AL08_v2_f
AL4G31290	scaffold_4_RagTag	96.436	954	29	5	2672	3623	5908874	5907924	0	1568	AL08_v2_f
AL4G31290	scaffold_4_RagTag	95.514	535	20	4	3768	4300	5907925	5907393	0	852	AL08_v2_f
AL4G31290	scaffold_4_RagTag	76.709	468	88	17	13	468	17638069	17638527	3.22e-61	241	AL08_v2_f
AL4G31290	scaffold_4_RagTag	76.596	470	85	20	13	468	17644959	17645417	1.5e-59	235	AL08_v2_f
AL4G31290	scaffold_4_RagTag	94.805	77	4	0	4323	4399	5907208	5907132	4.38e-25	121	AL08_v2_f
AL4G31290	scaffold_2_RagTag	91.867	1660	92	15	2683	4303	14320581	14318926	0	2278	AL08_v2_f
AL4G31290	scaffold_2_RagTag	89.982	1667	122	23	2678	4306	15046313	15047972	0	2111	AL08_v2_f
AL4G31290	scaffold_2_RagTag	85.542	996	118	9	2686	3657	4767030	4766037	0	1018	AL08_v2_f
AL4G31290	scaffold_2_RagTag	85.2	1000	121	10	2682	3657	6316716	6317712	0	1002	AL08_v2_f
AL4G31290	scaffold_2_RagTag	85.141	996	119	10	2686	3657	483210	482220	0	992	AL08_v2_f
AL4G31290	scaffold_2_RagTag	84.109	1032	125	28	2682	3697	4809921	4808913	0	961	AL08_v2_f
AL4G31290	scaffold_2_RagTag	97.248	109	1	1	3787	3893	4808916	4808808	5.51e-44	183	AL08_v2_f
AL4G31290	scaffold_2_RagTag	97.333	75	2	0	4325	4399	15048160	15048234	2.62e-27	128	AL08_v2_f
AL4G31290	scaffold_7_RagTag	91.692	1661	95	15	2678	4299	20621041	20619385	0	2263	AL08_v2_f
AL4G31290	scaffold_7_RagTag	91.511	1661	99	14	2681	4302	13073544	13075201	0	2248	AL08_v2_f
AL4G31290	scaffold_7_RagTag	85.149	1010	121	10	2672	3657	13609101	13610105	0	1007	AL08_v2_f
AL4G31290	scaffold_7_RagTag	80.952	189	25	5	3983	4161	1218692	1218505	1.21e-30	139	AL08_v2_f
AL4G31290	scaffold_7_RagTag	98.305	59	1	0	5100	5158	5754996	5754938	4.41e-20	104	AL08_v2_f
AL4G31290	scaffold_5_RagTag	91.677	1658	99	20	2681	4302	5104686	5106340	0	2261	AL08_v2_f
AL4G31290	scaffold_5_RagTag	96.104	77	3	0	4323	4399	21140534	21140458	9.41e-27	126	AL08_v2_f
AL4G31290	scaffold_3_RagTag	91.27	1638	120	17	2678	4297	12565707	12564075	0	2211	AL08_v2_f
AL4G31290	scaffold_3_RagTag	87.574	169	19	2	4539	4706	19603391	19603224	2.54e-47	195	AL08_v2_f
AL4G31290	scaffold_3_RagTag	97.403	77	2	0	4323	4399	12563890	12563814	2.02e-28	132	AL08_v2_f
AL4G31290	scaffold_8_RagTag	88.264	1653	125	35	2685	4296	1488326	1489950	0	1914	AL08_v2_f
AL4G31290	scaffold_8_RagTag	94.064	1213	45	5	2715	3901	3578230	3577019	0	1816	AL08_v2_f
AL4G31290	scaffold_8_RagTag	86.187	1238	133	27	2671	3893	774911	773697	0	1304	AL08_v2_f
AL4G31290	scaffold_8_RagTag	96.104	77	3	0	4323	4399	1490138	1490214	9.41e-27	126	AL08_v2_f
AL4G31290	scaffold_8_RagTag	95.161	62	3	0	4239	4300	3577020	3576959	2.05e-18	99	AL08_v2_f
AL4G31290	scaffold_6_RagTag	90.819	1318	76	17	3013	4296	7664200	7662894	0	1722	AL08_v2_f
AL4G31290	scaffold_6_RagTag	96.104	77	3	0	4323	4399	7662706	7662630	9.41e-27	126	AL08_v2_f
AL4G31290	scaffold_1_RagTag	85.729	1002	117	11	2680	3657	14702633	14703632	0	1035	AL08_v2_f
AL4G31290	scaffold_1_RagTag	85.174	1005	120	10	2677	3657	13832039	13833038	0	1003	AL08_v2_f
AL4G35260	scaffold_4_RagTag	99.406	1683	5	3	1	1679	17638129	17639810	0	3048	AL08_v2_f
AL4G35260	scaffold_4_RagTag	96.862	1657	46	6	1	1653	17645019	17646673	0	2767	AL08_v2_f
AL4G35260	scaffold_4_RagTag	98.737	1029	12	1	1712	2739	17639804	17640832	0	1827	AL08_v2_f
AL4G35260	scaffold_4_RagTag	95.847	602	16	7	2133	2733	17643397	17643990	0	965	AL08_v2_f
AL4G35260	scaffold_4_RagTag	94.728	607	16	4	2133	2739	17646664	17647254	0	929	AL08_v2_f
AL4G35260	scaffold_4_RagTag	86.282	503	45	13	1651	2135	5097830	5097334	3.13e-147	525	AL08_v2_f
AL4G35260	scaffold_4_RagTag	88.688	442	24	8	1694	2109	6068750	6068309	1.88e-144	516	AL08_v2_f
AL4G35260	scaffold_4_RagTag	91.576	368	25	5	1657	2021	2227871	2228235	1.47e-140	503	AL08_v2_f
AL4G35260	scaffold_4_RagTag	77.284	405	78	10	1	399	16038522	16038918	3.56e-57	226	AL08_v2_f
AL4G35260	scaffold_4_RagTag	93.525	139	6	2	1518	1653	17643268	17643406	1.67e-50	204	AL08_v2_f
AL4G35260	scaffold_4_RagTag	81.046	153	15	8	1971	2109	14661125	14660973	3.74e-22	110	AL08_v2_f
AL4G35260	scaffold_1_RagTag	90.15	467	32	6	1657	2109	21347082	21346616	2.35e-168	595	AL08_v2_f
AL4G35260	scaffold_1_RagTag	89.485	466	26	11	1668	2132	17252653	17253096	5.13e-160	568	AL08_v2_f
AL4G35260	scaffold_1_RagTag	88.662	441	38	7	1694	2126	22088274	22087838	8.71e-148	527	AL08_v2_f
AL4G35260	scaffold_1_RagTag	87.239	431	36	9	1694	2109	13284915	13285341	1.15e-131	473	AL08_v2_f
AL4G35260	scaffold_1_RagTag	84.082	534	38	17	1646	2141	17670829	17670305	4.14e-131	472	AL08_v2_f
AL4G35260	scaffold_1_RagTag	86.806	288	22	13	1830	2109	9017124	9016845	1.23e-81	307	AL08_v2_f
AL4G35260	scaffold_1_RagTag	84.512	297	28	10	1830	2109	27241771	27242066	9.68e-73	278	AL08_v2_f
AL4G35260	scaffold_1_RagTag	90	130	7	3	2002	2126	23568384	23568256	2.83e-38	163	AL08_v2_f
AL4G35260	scaffold_1_RagTag	92.857	98	7	0	2011	2108	11297498	11297401	3.69e-32	143	AL08_v2_f
AL4G35260	scaffold_1_RagTag	86.869	99	13	0	2011	2109	16730356	16730454	1.04e-22	111	AL08_v2_f
AL4G35260	scaffold_1_RagTag	80	165	16	12	1961	2109	14342978	14342815	4.83e-21	106	AL08_v2_f
AL4G35260	scaffold_1_RagTag	80	165	16	12	1961	2109	21323318	21323155	4.83e-21	106	AL08_v2_f
AL4G35260	scaffold_1_RagTag	80	165	16	12	1961	2109	22891542	22891379	4.83e-21	106	AL08_v2_f
AL4G35260	scaffold_2_RagTag	89.322	487	30	10	1657	2132	5187897	5188372	3.04e-167	592	AL08_v2_f
AL4G35260	scaffold_2_RagTag	87.5	488	37	8	1655	2132	3637734	3637261	3.11e-152	542	AL08_v2_f
AL4G35260	scaffold_2_RagTag	86.469	473	30	18	1658	2109	20665786	20666245	4.11e-136	488	AL08_v2_f
AL4G35260	scaffold_2_RagTag	86.154	455	21	21	1694	2109	485049	484598	1.5e-125	453	AL08_v2_f
AL4G35260	scaffold_2_RagTag	83.298	467	36	18	1657	2108	15120934	15120495	3.31e-107	392	AL08_v2_f
AL4G35260	scaffold_2_RagTag	91.781	219	16	2	1657	1874	1019844	1019627	1.6e-80	303	AL08_v2_f
AL4G35260	scaffold_2_RagTag	84.667	300	22	16	1830	2109	4197302	4197007	9.68e-73	278	AL08_v2_f
AL4G35260	scaffold_2_RagTag	91.781	73	6	0	2037	2109	4555849	4555777	6.25e-20	102	AL08_v2_f
AL4G35260	scaffold_6_RagTag	88.446	502	26	12	1657	2126	21131758	21131257	8.52e-163	577	AL08_v2_f
AL4G35260	scaffold_6_RagTag	88.462	442	25	9	1694	2109	23315877	23315436	8.77e-143	510	AL08_v2_f
AL4G35260	scaffold_6_RagTag	91.317	334	17	7	1776	2104	4145651	4145325	2.51e-123	446	AL08_v2_f
AL4G35260	scaffold_6_RagTag	86.788	386	18	13	1770	2126	13141248	13141629	1.98e-109	399	AL08_v2_f
AL4G35260	scaffold_6_RagTag	82.708	480	46	17	1658	2109	11520645	11521115	3.31e-107	392	AL08_v2_f
AL4G35260	scaffold_6_RagTag	84.512	297	28	10	1830	2109	4422839	4423134	9.68e-73	278	AL08_v2_f
AL4G35260	scaffold_6_RagTag	91.781	73	6	0	2037	2109	5882995	5883067	6.25e-20	102	AL08_v2_f
AL4G35260	scaffold_6_RagTag	100	35	0	0	1693	1727	10240476	10240442	8.21e-09	65.8	AL08_v2_f
AL4G35260	scaffold_8_RagTag	89.978	449	29	7	1694	2126	9500466	9500018	1.85e-159	566	AL08_v2_f
AL4G35260	scaffold_8_RagTag	90.233	430	28	5	1694	2109	2617055	2617484	1.86e-154	549	AL08_v2_f
AL4G35260	scaffold_8_RagTag	84.965	286	31	9	1830	2109	17535709	17535988	2.69e-73	279	AL08_v2_f
AL4G35260	scaffold_8_RagTag	90.588	85	8	0	2048	2132	13058534	13058618	2.89e-23	113	AL08_v2_f
AL4G35260	scaffold_8_RagTag	81.944	144	15	5	1975	2109	86943	87084	1.04e-22	111	AL08_v2_f
AL4G35260	scaffold_8_RagTag	80	165	16	12	1961	2109	15613799	15613962	4.83e-21	106	AL08_v2_f
AL4G35260	scaffold_8_RagTag	91.781	73	6	0	2037	2109	14944788	14944716	6.25e-20	102	AL08_v2_f
AL4G35260	scaffold_8_RagTag	83	100	7	3	1655	1744	12209580	12209481	8.15e-14	82.4	AL08_v2_f
AL4G35260	scaffold_7_RagTag	89.14	442	22	10	1694	2109	20661612	20661171	8.71e-148	527	AL08_v2_f
AL4G35260	scaffold_7_RagTag	88.262	443	25	11	1694	2109	11747194	11747636	4.08e-141	505	AL08_v2_f
AL4G35260	scaffold_7_RagTag	88.009	442	22	11	1694	2104	4106172	4106613	8.83e-138	494	AL08_v2_f
AL4G35260	scaffold_7_RagTag	87.723	448	23	11	1694	2109	7364266	7364713	8.83e-138	494	AL08_v2_f
AL4G35260	scaffold_7_RagTag	90	230	15	4	1833	2055	13973147	13972919	1.24e-76	291	AL08_v2_f
AL4G35260	scaffold_7_RagTag	88.442	199	21	2	1642	1840	13978944	13978748	4.57e-61	239	AL08_v2_f
AL4G35260	scaffold_7_RagTag	86.869	99	13	0	2011	2109	6655471	6655569	1.04e-22	111	AL08_v2_f
AL4G35260	scaffold_7_RagTag	84.848	99	15	0	2011	2109	10296117	10296215	2.25e-19	100	AL08_v2_f
AL4G35260	scaffold_7_RagTag	90.566	53	5	0	1694	1746	21825541	21825489	1.76e-10	71.3	AL08_v2_f
AL4G35260	scaffold_3_RagTag	88.605	430	25	7	1694	2109	12878560	12878141	5.28e-140	501	AL08_v2_f
AL4G35260	scaffold_3_RagTag	85.859	99	14	0	2011	2109	23305011	23304913	4.83e-21	106	AL08_v2_f
AL4G35260	scaffold_5_RagTag	90.026	381	31	4	1734	2109	1595470	1595092	1.48e-135	486	AL08_v2_f
AL4G35290	scaffold_4_RagTag	94.606	2206	72	23	1	2180	17645019	17647203	0	3371	AL08_v2_f
AL4G35290	scaffold_4_RagTag	96.622	1658	29	12	1	1633	17638129	17639784	0	2726	AL08_v2_f
AL4G35290	scaffold_4_RagTag	93.304	687	34	4	1497	2180	17643268	17643945	0	1003	AL08_v2_f
AL4G35290	scaffold_4_RagTag	93.393	560	30	4	1624	2180	17640226	17640781	0	822	AL08_v2_f
AL4G35290	scaffold_4_RagTag	77.284	405	78	10	1	399	16038522	16038918	2.82e-57	226	AL08_v2_f
AL4G35450	scaffold_4_RagTag	88.66	97	10	1	2167	2263	16040330	16040425	1.96e-24	117	AL08_v2_f
AL4G35480	scaffold_4_RagTag	88.66	97	10	1	2145	2241	16040330	16040425	1.94e-24	117	AL08_v2_f
AL4G31290	scaffold_4_RagTag	98.363	2688	35	4	1	2681	17565683	17568368	0	4711	al1_v2_s
AL4G31290	scaffold_4_RagTag	84.305	2676	302	80	1	2607	17562389	17565015	0	2507	al1_v2_s
AL4G31290	scaffold_4_RagTag	76.471	476	86	21	13	474	19605290	19605753	1.67e-59	235	al1_v2_s
AL4G31290	scaffold_4_RagTag	87.805	123	13	2	348	468	19613493	19613615	1.04e-31	143	al1_v2_s
AL4G31290	scaffold_1_RagTag	91.302	1644	123	15	2678	4304	11069121	11067481	0	2226	al1_v2_s
AL4G31290	scaffold_1_RagTag	88.515	1219	95	26	2682	3893	11814589	11813409	0	1434	al1_v2_s
AL4G31290	scaffold_1_RagTag	85.483	1233	138	29	2678	3893	17030161	17031369	0	1247	al1_v2_s
AL4G31290	scaffold_1_RagTag	97.403	77	2	0	4323	4399	11067296	11067220	2.25e-28	132	al1_v2_s
AL4G31290	scaffold_6_RagTag	89.371	1590	95	29	2745	4302	24420653	24422200	0	1932	al1_v2_s
AL4G31290	scaffold_6_RagTag	85.946	1231	135	27	2678	3893	19617927	19619134	0	1280	al1_v2_s
AL4G31290	scaffold_6_RagTag	85.23	1002	122	9	2680	3657	9655193	9656192	0	1007	al1_v2_s
AL4G31290	scaffold_8_RagTag	93.419	1246	53	7	2682	3901	4136498	4135256	0	1820	al1_v2_s
AL4G31290	scaffold_8_RagTag	93.098	1246	49	9	2682	3901	4168723	4167489	0	1790	al1_v2_s
AL4G31290	scaffold_8_RagTag	95.312	64	3	0	4239	4302	4135257	4135194	1.77e-19	102	al1_v2_s
AL4G31290	scaffold_8_RagTag	95.161	62	3	0	4239	4300	4167490	4167429	2.29e-18	99	al1_v2_s
AL4G31290	scaffold_3_RagTag	84.933	1261	129	29	2680	3901	18687624	18686386	0	1219	al1_v2_s
AL4G31290	scaffold_3_RagTag	86.391	169	21	2	4539	4706	19849079	19848912	6.13e-44	183	al1_v2_s
AL4G31290	scaffold_3_RagTag	96.429	56	2	0	4239	4294	18686387	18686332	1.06e-16	93.5	al1_v2_s
AL4G31290	scaffold_2_RagTag	85.614	1001	118	9	2681	3657	15931388	15932386	0	1027	al1_v2_s
AL4G31290	scaffold_7_RagTag	85.458	1004	120	9	2678	3657	17918600	17919601	0	1022	al1_v2_s
AL4G31290	scaffold_7_RagTag	81.383	188	25	4	3983	4161	1237414	1237228	2.89e-32	145	al1_v2_s
AL4G31290	scaffold_7_RagTag	98.305	59	1	0	5100	5158	6472296	6472238	4.91e-20	104	al1_v2_s
AL4G31290	scaffold_5_RagTag	94.737	95	5	0	4401	4495	13168824	13168730	2.24e-33	148	al1_v2_s
AL4G31290	scaffold_5_RagTag	94.737	95	5	0	4401	4495	13193429	13193335	2.24e-33	148	al1_v2_s
AL4G31290	scaffold_5_RagTag	97.403	77	2	0	4323	4399	23877351	23877275	2.25e-28	132	al1_v2_s
AL4G31290	scaffold_5_RagTag	97.872	47	1	0	4648	4694	13168181	13168135	2.3e-13	82.4	al1_v2_s
AL4G31290	scaffold_5_RagTag	97.872	47	1	0	4648	4694	13192786	13192740	2.3e-13	82.4	al1_v2_s
AL4G35260	scaffold_4_RagTag	97.043	1657	43	6	1	1653	19605350	19607004	0	2784	al1_v2_s
AL4G35260	scaffold_4_RagTag	95.025	1387	43	13	271	1653	19613487	19614851	0	2156	al1_v2_s
AL4G35260	scaffold_4_RagTag	97.199	607	6	1	2133	2739	19606995	19607590	0	1016	al1_v2_s
AL4G35260	scaffold_4_RagTag	95.681	602	16	6	2133	2733	19611563	19612155	0	959	al1_v2_s
AL4G35260	scaffold_4_RagTag	93.528	618	26	7	2133	2739	19614842	19615456	0	907	al1_v2_s
AL4G35260	scaffold_4_RagTag	87.935	489	23	13	1657	2109	10461908	10461420	9.63e-153	544	al1_v2_s
AL4G35260	scaffold_4_RagTag	89.342	441	22	9	1694	2109	12286265	12285825	7.5e-149	531	al1_v2_s
AL4G35260	scaffold_4_RagTag	89.245	437	21	10	1694	2104	16443406	16443842	1.25e-146	523	al1_v2_s
AL4G35260	scaffold_4_RagTag	98.973	292	3	0	1	292	19613184	19613475	1.25e-146	523	al1_v2_s
AL4G35260	scaffold_4_RagTag	88.914	442	23	10	1694	2109	13931754	13932195	4.51e-146	521	al1_v2_s
AL4G35260	scaffold_4_RagTag	88.662	441	25	8	1694	2109	21568303	21567863	7.55e-144	514	al1_v2_s
AL4G35260	scaffold_4_RagTag	86.186	485	31	17	1658	2109	10815520	10815039	3.54e-137	492	al1_v2_s
AL4G35260	scaffold_4_RagTag	87.907	430	34	8	1694	2109	4029892	4030317	1.27e-136	490	al1_v2_s
AL4G35260	scaffold_4_RagTag	77.284	405	78	10	1	399	17565754	17566150	3.96e-57	226	al1_v2_s
AL4G35260	scaffold_4_RagTag	93.919	148	6	2	1509	1653	19611425	19611572	1.84e-55	220	al1_v2_s
AL4G35260	scaffold_4_RagTag	91.781	73	6	0	2037	2109	16704807	16704879	6.97e-20	102	al1_v2_s
AL4G35260	scaffold_3_RagTag	90.204	490	27	8	1657	2126	22955038	22955526	1.56e-175	619	al1_v2_s
AL4G35260	scaffold_3_RagTag	89.54	478	25	8	1657	2109	2242656	2242179	2.04e-164	582	al1_v2_s
AL4G35260	scaffold_3_RagTag	90.951	431	24	6	1694	2109	9383510	9383080	2.06e-159	566	al1_v2_s
AL4G35260	scaffold_3_RagTag	90.909	429	22	6	1694	2109	20461654	20462078	9.56e-158	560	al1_v2_s
AL4G35260	scaffold_3_RagTag	89.14	442	22	9	1694	2109	22646617	22646176	9.7e-148	527	al1_v2_s
AL4G35260	scaffold_3_RagTag	88.939	443	22	10	1694	2109	4891748	4891306	4.51e-146	521	al1_v2_s
AL4G35260	scaffold_3_RagTag	89.327	431	21	7	1694	2109	12621987	12622407	5.84e-145	518	al1_v2_s
AL4G35260	scaffold_3_RagTag	91.391	302	14	3	1810	2109	5770653	5770944	1.71e-110	403	al1_v2_s
AL4G35260	scaffold_3_RagTag	89.13	138	15	0	1958	2095	6059495	6059632	5.24e-41	172	al1_v2_s
AL4G35260	scaffold_3_RagTag	80.822	146	19	6	1972	2109	21393607	21393751	5.39e-21	106	al1_v2_s
AL4G35260	scaffold_3_RagTag	84.848	99	15	0	2011	2109	8947118	8947020	2.51e-19	100	al1_v2_s
AL4G35260	scaffold_3_RagTag	83.838	99	16	0	2011	2109	11047116	11047018	1.17e-17	95.3	al1_v2_s
AL4G35260	scaffold_3_RagTag	90.164	61	5	1	2025	2085	22955083	22955142	1.17e-12	78.7	al1_v2_s
AL4G35260	scaffold_7_RagTag	89.463	484	25	10	1651	2109	21197311	21197793	4.39e-166	588	al1_v2_s
AL4G35260	scaffold_7_RagTag	90.698	430	21	8	1694	2109	8765643	8766067	4.45e-156	555	al1_v2_s
AL4G35260	scaffold_7_RagTag	89.367	442	21	10	1694	2109	6641364	6641805	2.08e-149	532	al1_v2_s
AL4G35260	scaffold_7_RagTag	89.14	442	22	10	1694	2109	11913859	11914300	9.7e-148	527	al1_v2_s
AL4G35260	scaffold_7_RagTag	89.14	442	22	10	1694	2109	17970290	17969849	9.7e-148	527	al1_v2_s
AL4G35260	scaffold_7_RagTag	89.14	442	22	10	1694	2109	26793133	26792692	9.7e-148	527	al1_v2_s
AL4G35260	scaffold_7_RagTag	89.14	442	21	10	1694	2109	4962284	4962724	3.49e-147	525	al1_v2_s
AL4G35260	scaffold_7_RagTag	88.914	442	23	10	1694	2109	7730982	7730541	4.51e-146	521	al1_v2_s
AL4G35260	scaffold_7_RagTag	88.914	442	22	11	1694	2109	21271422	21270982	1.62e-145	520	al1_v2_s
AL4G35260	scaffold_7_RagTag	88.713	443	23	11	1694	2109	11641413	11640971	2.1e-144	516	al1_v2_s
AL4G35260	scaffold_7_RagTag	82.243	214	14	13	1694	1905	23623417	23623226	3.15e-38	163	al1_v2_s
AL4G35260	scaffold_7_RagTag	80.606	165	15	11	1961	2109	24454240	24454403	1.16e-22	111	al1_v2_s
AL4G35260	scaffold_7_RagTag	81.081	148	18	6	1971	2109	25465034	25465180	4.16e-22	110	al1_v2_s
AL4G35260	scaffold_7_RagTag	81.343	134	24	1	1977	2109	17936601	17936734	1.5e-21	108	al1_v2_s
AL4G35260	scaffold_7_RagTag	87.671	73	9	0	2037	2109	11540036	11539964	7.02e-15	86.1	al1_v2_s
AL4G35260	scaffold_6_RagTag	90.414	459	27	6	1657	2109	21236718	21236271	4.39e-166	588	al1_v2_s
AL4G35260	scaffold_6_RagTag	89.367	442	21	10	1694	2109	20472296	20471855	2.08e-149	532	al1_v2_s
AL4G35260	scaffold_6_RagTag	89.342	441	22	9	1694	2109	5260199	5260639	7.5e-149	531	al1_v2_s
AL4G35260	scaffold_6_RagTag	89.342	441	22	9	1694	2109	8104800	8105240	7.5e-149	531	al1_v2_s
AL4G35260	scaffold_6_RagTag	89.14	442	22	10	1694	2109	19543110	19542669	9.7e-148	527	al1_v2_s
AL4G35260	scaffold_6_RagTag	89.14	442	22	10	1694	2109	23943547	23943106	9.7e-148	527	al1_v2_s
AL4G35260	scaffold_6_RagTag	89.14	442	22	10	1694	2109	26609862	26609421	9.7e-148	527	al1_v2_s
AL4G35260	scaffold_6_RagTag	88.939	443	22	11	1694	2109	5063089	5062647	4.51e-146	521	al1_v2_s
AL4G35260	scaffold_6_RagTag	88.939	443	22	11	1694	2109	12772099	12772541	4.51e-146	521	al1_v2_s
AL4G35260	scaffold_6_RagTag	88.688	442	24	11	1694	2109	21044723	21045164	2.1e-144	516	al1_v2_s
AL4G35260	scaffold_6_RagTag	86.939	490	24	19	1645	2109	4336334	4336808	7.55e-144	514	al1_v2_s
AL4G35260	scaffold_6_RagTag	88.462	442	25	10	1694	2109	4594811	4594370	9.77e-143	510	al1_v2_s
AL4G35260	scaffold_6_RagTag	85.968	506	33	13	1657	2132	26910462	26910959	1.26e-141	507	al1_v2_s
AL4G35260	scaffold_6_RagTag	88.453	433	31	10	1694	2109	9481932	9481502	4.54e-141	505	al1_v2_s
AL4G35260	scaffold_6_RagTag	87.471	431	34	10	1694	2109	14754271	14754696	2.75e-133	479	al1_v2_s
AL4G35260	scaffold_6_RagTag	85.714	364	28	17	1652	2013	13311032	13311373	2.89e-98	363	al1_v2_s
AL4G35260	scaffold_6_RagTag	88.119	101	7	2	2037	2132	4322041	4322141	8.95e-24	115	al1_v2_s
AL4G35260	scaffold_6_RagTag	91.781	73	6	0	2037	2109	11015564	11015636	6.97e-20	102	al1_v2_s
AL4G35260	scaffold_6_RagTag	91.781	73	6	0	2037	2109	11016580	11016652	6.97e-20	102	al1_v2_s
AL4G35260	scaffold_5_RagTag	89.54	478	24	10	1657	2109	15466325	15465849	2.04e-164	582	al1_v2_s
AL4G35260	scaffold_5_RagTag	88.296	487	23	13	1657	2109	17383342	17382856	1.6e-155	553	al1_v2_s
AL4G35260	scaffold_5_RagTag	89.14	442	22	10	1694	2109	8511402	8511843	9.7e-148	527	al1_v2_s
AL4G35260	scaffold_5_RagTag	89.116	441	23	10	1694	2109	10610861	10611301	3.49e-147	525	al1_v2_s
AL4G35260	scaffold_5_RagTag	89.14	442	21	11	1694	2109	17482556	17482116	3.49e-147	525	al1_v2_s
AL4G35260	scaffold_5_RagTag	88.914	442	23	10	1694	2109	14813379	14813820	4.51e-146	521	al1_v2_s
AL4G35260	scaffold_5_RagTag	91.2	375	28	2	1762	2132	5906865	5907238	4.54e-141	505	al1_v2_s
AL4G35260	scaffold_5_RagTag	88.235	442	25	10	1694	2109	23013771	23013331	1.63e-140	503	al1_v2_s
AL4G35260	scaffold_5_RagTag	86.141	469	40	12	1657	2109	10532413	10532872	2.13e-134	483	al1_v2_s
AL4G35260	scaffold_5_RagTag	91.781	73	6	0	2037	2109	21245662	21245590	6.97e-20	102	al1_v2_s
AL4G35260	scaffold_1_RagTag	91.059	425	29	4	1694	2109	495039	495463	2.06e-159	566	al1_v2_s
AL4G35260	scaffold_1_RagTag	90.951	431	24	6	1694	2109	28691880	28692310	2.06e-159	566	al1_v2_s
AL4G35260	scaffold_1_RagTag	89.278	457	25	7	1694	2126	23014100	23013644	5.76e-155	551	al1_v2_s
AL4G35260	scaffold_1_RagTag	89.342	441	22	9	1694	2109	11922468	11922028	7.5e-149	531	al1_v2_s
AL4G35260	scaffold_1_RagTag	89.14	442	22	10	1694	2109	7038864	7038423	9.7e-148	527	al1_v2_s
AL4G35260	scaffold_1_RagTag	89.14	442	22	10	1694	2109	16975314	16975755	9.7e-148	527	al1_v2_s
AL4G35260	scaffold_1_RagTag	89.14	442	22	10	1694	2109	17469109	17468668	9.7e-148	527	al1_v2_s
AL4G35260	scaffold_1_RagTag	89.14	442	22	10	1694	2109	27264821	27264380	9.7e-148	527	al1_v2_s
AL4G35260	scaffold_1_RagTag	88.914	442	23	10	1694	2109	6484118	6484559	4.51e-146	521	al1_v2_s
AL4G35260	scaffold_1_RagTag	88.914	442	23	9	1694	2109	19915708	19916149	4.51e-146	521	al1_v2_s
AL4G35260	scaffold_1_RagTag	88.864	440	25	8	1694	2109	19615930	19616369	1.62e-145	520	al1_v2_s
AL4G35260	scaffold_1_RagTag	86.8	500	24	17	1655	2136	28005519	28005044	1.62e-145	520	al1_v2_s
AL4G35260	scaffold_1_RagTag	86.458	480	32	15	1657	2109	18689469	18688996	2.74e-138	496	al1_v2_s
AL4G35260	scaffold_1_RagTag	85.65	446	33	13	1694	2127	3914126	3913700	1.3e-121	440	al1_v2_s
AL4G35260	scaffold_1_RagTag	83.838	297	30	10	1830	2109	8844520	8844815	2.33e-69	267	al1_v2_s
AL4G35260	scaffold_1_RagTag	83.502	297	30	11	1830	2109	24195728	24195434	3.91e-67	259	al1_v2_s
AL4G35260	scaffold_1_RagTag	78.571	140	23	4	1977	2109	17568509	17568370	7.02e-15	86.1	al1_v2_s
AL4G35260	scaffold_1_RagTag	87.671	73	9	0	2037	2109	29503931	29504003	7.02e-15	86.1	al1_v2_s
AL4G35260	scaffold_1_RagTag	85.714	63	8	1	1694	1755	495377	495439	9.14e-09	65.8	al1_v2_s
AL4G35260	scaffold_8_RagTag	90	430	25	7	1694	2109	1356617	1356192	1.25e-151	540	al1_v2_s
AL4G35260	scaffold_8_RagTag	89.14	442	22	10	1694	2109	16146471	16146030	9.7e-148	527	al1_v2_s
AL4G35260	scaffold_8_RagTag	89.14	442	22	10	1694	2109	19004499	19004940	9.7e-148	527	al1_v2_s
AL4G35260	scaffold_8_RagTag	88.864	440	25	8	1694	2109	3178657	3179096	1.62e-145	520	al1_v2_s
AL4G35260	scaffold_8_RagTag	88.688	442	24	10	1694	2109	2075355	2075796	2.1e-144	516	al1_v2_s
AL4G35260	scaffold_8_RagTag	88.662	441	25	8	1694	2109	3191845	3192285	7.55e-144	514	al1_v2_s
AL4G35260	scaffold_8_RagTag	86.184	456	23	13	1694	2109	1220831	1220376	1.29e-126	457	al1_v2_s
AL4G35260	scaffold_8_RagTag	90.544	349	18	7	1776	2109	12667142	12666794	7.77e-124	448	al1_v2_s
AL4G35260	scaffold_8_RagTag	90.411	73	7	0	2037	2109	13657476	13657404	3.24e-18	97.1	al1_v2_s
AL4G35260	scaffold_8_RagTag	87.671	73	9	0	2037	2109	19330161	19330089	7.02e-15	86.1	al1_v2_s
AL4G35260	scaffold_8_RagTag	82	100	8	3	1655	1744	11390829	11390730	4.22e-12	76.8	al1_v2_s
AL4G35260	scaffold_2_RagTag	89.14	442	22	10	1694	2109	7346981	7346540	9.7e-148	527	al1_v2_s
AL4G35260	scaffold_2_RagTag	88.914	442	23	10	1694	2109	3319406	3319847	4.51e-146	521	al1_v2_s
AL4G35260	scaffold_2_RagTag	88.939	443	22	11	1694	2109	14969499	14969057	4.51e-146	521	al1_v2_s
AL4G35260	scaffold_2_RagTag	88.939	443	22	10	1694	2109	24144623	24145065	4.51e-146	521	al1_v2_s
AL4G35260	scaffold_2_RagTag	88.914	442	22	11	1694	2109	17990468	17990028	1.62e-145	520	al1_v2_s
AL4G35260	scaffold_2_RagTag	86.593	455	22	16	1694	2109	19505186	19505640	2.14e-129	466	al1_v2_s
AL4G35260	scaffold_2_RagTag	91.919	99	8	0	2011	2109	22710357	22710455	5.31e-31	139	al1_v2_s
AL4G35260	scaffold_2_RagTag	91.781	73	6	0	2037	2109	3422064	3421992	6.97e-20	102	al1_v2_s
AL4G35260	scaffold_2_RagTag	90.411	73	7	0	2037	2109	4035449	4035377	3.24e-18	97.1	al1_v2_s
AL4G35260	scaffold_2_RagTag	82.828	99	17	0	2011	2109	1791686	1791784	5.42e-16	89.8	al1_v2_s
AL4G35290	scaffold_4_RagTag	94.923	2206	70	24	1	2180	19605350	19607539	0	3415	al1_v2_s
AL4G35290	scaffold_4_RagTag	98.177	1920	24	4	271	2180	19613487	19615405	0	3341	al1_v2_s
AL4G35290	scaffold_4_RagTag	93.286	700	33	6	1484	2180	19611422	19612110	0	1020	al1_v2_s
AL4G35290	scaffold_4_RagTag	98.973	292	3	0	1	292	19613184	19613475	9.96e-147	523	al1_v2_s
AL4G35290	scaffold_4_RagTag	77.284	405	78	10	1	399	17565754	17566150	3.15e-57	226	al1_v2_s
AL4G35450	scaffold_4_RagTag	88.66	97	10	1	2167	2263	17567566	17567661	2.18e-24	117	al1_v2_s
AL4G35480	scaffold_4_RagTag	88.66	97	10	1	2145	2241	17567566	17567661	2.16e-24	117	al1_v2_s
AL4G31290	scaffold_4_RagTag	98.398	2684	37	6	1	2681	15914443	15917123	0	4713	AL27_v1
AL4G31290	scaffold_4_RagTag	84.268	2676	309	77	1	2607	15911152	15913784	0	2507	AL27_v1
AL4G31290	scaffold_4_RagTag	92.831	1353	82	11	2975	4322	10196514	10197856	0	1947	AL27_v1
AL4G31290	scaffold_4_RagTag	86.574	1229	125	29	2682	3893	3208527	3207322	0	1319	AL27_v1
AL4G31290	scaffold_4_RagTag	77.137	468	86	17	13	468	17498280	17498738	1.5e-64	252	AL27_v1
AL4G31290	scaffold_4_RagTag	76.596	470	85	20	13	468	17507630	17508088	1.51e-59	235	AL27_v1
AL4G31290	scaffold_4_RagTag	97.403	77	2	0	4323	4399	10198031	10198107	2.03e-28	132	AL27_v1
AL4G31290	scaffold_5_RagTag	91.526	1664	94	13	2678	4302	18297004	18295349	0	2248	AL27_v1
AL4G31290	scaffold_5_RagTag	94.737	95	5	0	4401	4495	11020593	11020499	2.02e-33	148	AL27_v1
AL4G31290	scaffold_5_RagTag	97.403	77	2	0	4323	4399	20798324	20798248	2.03e-28	132	AL27_v1
AL4G31290	scaffold_2_RagTag	91.607	977	75	6	2683	3657	10337795	10336824	0	1343	AL27_v1
AL4G31290	scaffold_2_RagTag	86.515	1231	124	31	2682	3893	4709364	4708157	0	1315	AL27_v1
AL4G31290	scaffold_2_RagTag	81.275	251	36	4	2695	2934	20124649	20124399	9.2e-47	193	AL27_v1
AL4G31290	scaffold_1_RagTag	86.391	992	119	7	2680	3657	14771846	14772835	0	1070	AL27_v1
AL4G31290	scaffold_1_RagTag	85.13	1002	118	12	2681	3657	23808555	23807560	0	996	AL27_v1
AL4G31290	scaffold_3_RagTag	85.816	987	123	14	2681	3657	21749044	21750023	0	1031	AL27_v1
AL4G31290	scaffold_3_RagTag	85.215	1001	119	10	2681	3657	20089765	20088770	0	1002	AL27_v1
AL4G31290	scaffold_3_RagTag	85.882	170	21	3	4539	4706	20595137	20594969	2.57e-42	178	AL27_v1
AL4G31290	scaffold_7_RagTag	85.115	1001	120	10	2681	3657	14024542	14023547	0	996	AL27_v1
AL4G31290	scaffold_7_RagTag	85.1	1000	120	10	2682	3657	10163459	10164453	0	994	AL27_v1
AL4G31290	scaffold_7_RagTag	85.015	1001	121	10	2681	3657	14010318	14009323	0	990	AL27_v1
AL4G31290	scaffold_7_RagTag	80.423	189	26	5	3983	4161	1176492	1176305	5.65e-29	134	AL27_v1
AL4G31290	scaffold_7_RagTag	98.305	59	1	0	5100	5158	5832053	5831995	4.43e-20	104	AL27_v1
AL4G35260	scaffold_4_RagTag	98.98	2746	21	4	1	2739	17498340	17501085	0	4909	AL27_v1
AL4G35260	scaffold_4_RagTag	96.862	1657	46	6	1	1653	17507690	17509344	0	2767	AL27_v1
AL4G35260	scaffold_4_RagTag	95.847	602	16	7	2133	2733	17506068	17506661	0	965	AL27_v1
AL4G35260	scaffold_4_RagTag	94.728	607	16	4	2133	2739	17509335	17509925	0	929	AL27_v1
AL4G35260	scaffold_4_RagTag	91.266	458	32	6	1657	2109	2082694	2083148	5.05e-175	617	AL27_v1
AL4G35260	scaffold_4_RagTag	86.68	503	43	15	1651	2135	5023157	5022661	1.45e-150	536	AL27_v1
AL4G35260	scaffold_4_RagTag	84.667	300	22	16	1830	2109	19087729	19087434	9.73e-73	278	AL27_v1
AL4G35260	scaffold_4_RagTag	93.919	148	6	2	1509	1653	17505930	17506077	1.66e-55	220	AL27_v1
AL4G35260	scaffold_6_RagTag	89.177	462	31	8	1652	2108	12648763	12649210	3.1e-157	558	AL27_v1
AL4G35260	scaffold_6_RagTag	81.731	312	21	20	1830	2109	22469480	22469787	9.94e-58	228	AL27_v1
AL4G35260	scaffold_6_RagTag	85.377	212	17	3	1939	2147	557792	557592	1.29e-51	207	AL27_v1
AL4G35260	scaffold_6_RagTag	94.286	105	4	2	1776	1879	557901	557798	3.68e-37	159	AL27_v1
AL4G35260	scaffold_6_RagTag	89.855	69	7	0	2041	2109	19262862	19262794	4.89e-16	89.8	AL27_v1
AL4G35260	scaffold_2_RagTag	87.91	488	33	10	1655	2132	3525499	3525028	5.19e-155	551	AL27_v1
AL4G35260	scaffold_2_RagTag	88.889	441	24	9	1694	2109	4229562	4230002	1.46e-145	520	AL27_v1
AL4G35260	scaffold_2_RagTag	89.286	420	28	6	1693	2109	5023073	5023478	8.81e-143	510	AL27_v1
AL4G35260	scaffold_2_RagTag	88.209	441	27	9	1694	2109	17680745	17681185	1.47e-140	503	AL27_v1
AL4G35260	scaffold_2_RagTag	84.188	468	37	17	1651	2108	14731960	14731520	1.53e-115	420	AL27_v1
AL4G35260	scaffold_2_RagTag	86.944	360	19	14	1777	2109	455589	455231	2.59e-103	379	AL27_v1
AL4G35260	scaffold_2_RagTag	80.952	483	26	26	1658	2109	20273715	20274162	4.43e-86	322	AL27_v1
AL4G35260	scaffold_2_RagTag	85.959	292	27	9	1830	2109	264278	264567	2.08e-79	300	AL27_v1
AL4G35260	scaffold_2_RagTag	84.512	297	28	10	1830	2109	19429333	19429038	9.73e-73	278	AL27_v1
AL4G35260	scaffold_2_RagTag	81.469	286	26	11	1830	2109	1800146	1800410	3.6e-52	209	AL27_v1
AL4G35260	scaffold_2_RagTag	88.525	183	7	6	1940	2109	12687772	12687591	3.6e-52	209	AL27_v1
AL4G35260	scaffold_2_RagTag	94.737	76	4	0	1652	1727	5023005	5023080	6.24e-25	119	AL27_v1
AL4G35260	scaffold_2_RagTag	83.838	99	16	0	2011	2109	3147686	3147784	1.05e-17	95.3	AL27_v1
AL4G35260	scaffold_7_RagTag	88.914	442	23	10	1694	2109	12230167	12230608	4.07e-146	521	AL27_v1
AL4G35260	scaffold_7_RagTag	91.328	369	26	5	1657	2022	24715025	24714660	1.91e-139	499	AL27_v1
AL4G35260	scaffold_7_RagTag	87.955	440	27	10	1694	2109	19646407	19646844	2.47e-138	496	AL27_v1
AL4G35260	scaffold_7_RagTag	84.762	315	23	8	1833	2138	14181277	14180979	3.47e-77	292	AL27_v1
AL4G35260	scaffold_7_RagTag	83.721	301	23	18	1830	2109	11222949	11222654	9.8e-68	261	AL27_v1
AL4G35260	scaffold_7_RagTag	89.447	199	20	1	1642	1840	14184766	14184569	2.12e-64	250	AL27_v1
AL4G35260	scaffold_7_RagTag	87.611	226	10	13	1833	2055	14160780	14160570	2.74e-63	246	AL27_v1
AL4G35260	scaffold_7_RagTag	84.071	113	14	1	1997	2109	14490886	14490778	4.86e-21	106	AL27_v1
AL4G35260	scaffold_7_RagTag	83.838	99	16	0	2011	2109	9934333	9934235	1.05e-17	95.3	AL27_v1
AL4G35260	scaffold_7_RagTag	83.838	99	16	0	2011	2109	24754054	24753956	1.05e-17	95.3	AL27_v1
AL4G35260	scaffold_7_RagTag	87.671	73	9	0	2037	2109	2179636	2179708	6.33e-15	86.1	AL27_v1
AL4G35260	scaffold_7_RagTag	94.231	52	3	0	1651	1702	22529122	22529071	2.94e-13	80.5	AL27_v1
AL4G35260	scaffold_1_RagTag	86.875	480	31	15	1658	2109	23088561	23089036	3.17e-142	508	AL27_v1
AL4G35260	scaffold_1_RagTag	87.688	398	24	10	1646	2021	20421744	20422138	1.17e-121	440	AL27_v1
AL4G35260	scaffold_1_RagTag	93.684	95	5	1	2033	2126	10452907	10452813	1.33e-31	141	AL27_v1
AL4G35260	scaffold_8_RagTag	85.084	476	42	16	1648	2109	1908247	1907787	3.24e-127	459	AL27_v1
AL4G35260	scaffold_8_RagTag	90.588	85	8	0	2048	2132	12429091	12429175	2.9e-23	113	AL27_v1
AL4G35260	scaffold_8_RagTag	94.118	51	3	0	1694	1744	11559886	11559836	1.06e-12	78.7	AL27_v1
AL4G35260	scaffold_5_RagTag	85.079	315	27	12	1830	2126	18784366	18784054	1.61e-80	303	AL27_v1
AL4G35260	scaffold_3_RagTag	84.667	300	22	16	1830	2109	22539457	22539162	9.73e-73	278	AL27_v1
AL4G35260	scaffold_3_RagTag	89.583	96	10	0	2037	2132	9527045	9527140	4.82e-26	122	AL27_v1
AL4G35260	scaffold_3_RagTag	91.781	73	6	0	2037	2109	3033645	3033573	6.29e-20	102	AL27_v1
AL4G35290	scaffold_4_RagTag	94.606	2206	72	23	1	2180	17507690	17509874	0	3371	AL27_v1
AL4G35290	scaffold_4_RagTag	96.679	1656	30	11	1	1633	17498340	17499993	0	2730	AL27_v1
AL4G35290	scaffold_4_RagTag	93.286	700	34	5	1484	2180	17505927	17506616	0	1020	AL27_v1
AL4G35290	scaffold_4_RagTag	93.75	560	28	4	1624	2180	17500479	17501034	0	833	AL27_v1
AL4G31290	scaffold_3	97.849	2696	36	11	1	2681	5095202	5092514	0	4638	ALR.ragtag.scaffold_chr_15_1_24.masked
AL4G31290	scaffold_3	84.212	2692	297	84	1	2607	5098454	5095806	0	2499	ALR.ragtag.scaffold_chr_15_1_24.masked
AL4G31290	scaffold_3	91.024	1660	118	21	2679	4322	2730482	2732126	0	2211	ALR.ragtag.scaffold_chr_15_1_24.masked
AL4G31290	scaffold_3	90.975	1662	117	22	2679	4322	2764975	2766621	0	2207	ALR.ragtag.scaffold_chr_15_1_24.masked
AL4G31290	scaffold_3	86.628	172	18	3	4539	4706	18073365	18073195	1.66e-44	185	ALR.ragtag.scaffold_chr_15_1_24.masked
AL4G31290	scaffold_3	97.403	77	2	0	4323	4399	2732300	2732376	2.19e-28	132	ALR.ragtag.scaffold_chr_15_1_24.masked
AL4G31290	scaffold_3	97.403	77	2	0	4323	4399	2766795	2766871	2.19e-28	132	ALR.ragtag.scaffold_chr_15_1_24.masked
AL4G31290	scaffold_4	98.349	1938	19	5	753	2681	12821009	12822942	0	3389	ALR.ragtag.scaffold_chr_15_1_24.masked
AL4G31290	scaffold_4	84.913	2479	291	55	1	2424	12815882	12818332	0	2429	ALR.ragtag.scaffold_chr_15_1_24.masked
AL4G31290	scaffold_4	88.026	1662	132	37	2681	4301	12007211	12005576	0	1905	ALR.ragtag.scaffold_chr_15_1_24.masked
AL4G31290	scaffold_4	96.122	954	32	5	2672	3623	6399686	6398736	0	1552	ALR.ragtag.scaffold_chr_15_1_24.masked
AL4G31290	scaffold_4	98.545	756	10	1	1	756	12819205	12819959	0	1334	ALR.ragtag.scaffold_chr_15_1_24.masked
AL4G31290	scaffold_4	84.584	986	140	11	2680	3657	9441099	9440118	0	968	ALR.ragtag.scaffold_chr_15_1_24.masked
AL4G31290	scaffold_4	96.654	538	14	4	3768	4303	6398737	6398202	0	891	ALR.ragtag.scaffold_chr_15_1_24.masked
AL4G31290	scaffold_4	77.137	468	86	17	13	468	21019593	21020051	1.61e-64	252	ALR.ragtag.scaffold_chr_15_1_24.masked
AL4G31290	scaffold_4	76.596	470	85	20	13	468	21040602	21041060	1.62e-59	235	ALR.ragtag.scaffold_chr_15_1_24.masked
AL4G31290	scaffold_4	96.104	77	3	0	4323	4399	6398017	6397941	1.02e-26	126	ALR.ragtag.scaffold_chr_15_1_24.masked
AL4G31290	scaffold_4	96.104	77	3	0	4323	4399	12005388	12005312	1.02e-26	126	ALR.ragtag.scaffold_chr_15_1_24.masked
AL4G31290	scaffold_2	86.075	1228	133	27	2682	3893	4782222	4781017	0	1286	ALR.ragtag.scaffold_chr_15_1_24.masked
AL4G31290	scaffold_2	85.06	1004	120	11	2679	3657	11471875	11470877	0	996	ALR.ragtag.scaffold_chr_15_1_24.masked
AL4G31290	scaffold_2	85.1	1000	120	10	2682	3657	6370745	6371739	0	994	ALR.ragtag.scaffold_chr_15_1_24.masked
AL4G31290	scaffold_1	85.828	1002	116	11	2680	3657	15349422	15350421	0	1040	ALR.ragtag.scaffold_chr_15_1_24.masked
AL4G31290	scaffold_5	84.96	1004	122	10	2678	3657	4392703	4393701	0	990	ALR.ragtag.scaffold_chr_15_1_24.masked
AL4G31290	scaffold_5	94.737	95	5	0	4401	4495	16043211	16043117	2.17e-33	148	ALR.ragtag.scaffold_chr_15_1_24.masked
AL4G31290	scaffold_5	94.737	95	5	0	4401	4495	16109692	16109598	2.17e-33	148	ALR.ragtag.scaffold_chr_15_1_24.masked
AL4G31290	scaffold_5	93.684	95	6	0	4401	4495	16010078	16009984	1.01e-31	143	ALR.ragtag.scaffold_chr_15_1_24.masked
AL4G31290	scaffold_5	97.403	77	2	0	4323	4399	25886347	25886271	2.19e-28	132	ALR.ragtag.scaffold_chr_15_1_24.masked
AL4G31290	scaffold_5	97.872	47	1	0	4648	4694	15973034	15972988	2.24e-13	82.4	ALR.ragtag.scaffold_chr_15_1_24.masked
AL4G31290	scaffold_5	97.872	47	1	0	4648	4694	16009435	16009389	2.24e-13	82.4	ALR.ragtag.scaffold_chr_15_1_24.masked
AL4G31290	scaffold_5	97.872	47	1	0	4648	4694	16040219	16040173	2.24e-13	82.4	ALR.ragtag.scaffold_chr_15_1_24.masked
AL4G31290	scaffold_5	97.872	47	1	0	4648	4694	16106699	16106653	2.24e-13	82.4	ALR.ragtag.scaffold_chr_15_1_24.masked
AL4G31290	scaffold_7	80.952	189	25	5	3983	4161	1144825	1144638	1.31e-30	139	ALR.ragtag.scaffold_chr_15_1_24.masked
AL4G31290	scaffold_7	98.305	59	1	0	5100	5158	5863314	5863256	4.77e-20	104	ALR.ragtag.scaffold_chr_15_1_24.masked
AL4G35260	scaffold_4	98.543	2746	21	5	1	2739	21019653	21022386	0	4831	ALR.ragtag.scaffold_chr_15_1_24.masked
AL4G35260	scaffold_4	96.862	1657	46	6	1	1653	21040662	21042316	0	2767	ALR.ragtag.scaffold_chr_15_1_24.masked
AL4G35260	scaffold_4	95.847	602	16	5	2133	2733	21039040	21039633	0	965	ALR.ragtag.scaffold_chr_15_1_24.masked
AL4G35260	scaffold_4	94.563	607	16	4	2133	2739	21042307	21042896	0	922	ALR.ragtag.scaffold_chr_15_1_24.masked
AL4G35260	scaffold_4	92.644	435	30	2	1694	2126	18391132	18390698	3.25e-177	625	ALR.ragtag.scaffold_chr_15_1_24.masked
AL4G35260	scaffold_4	85.185	297	26	9	1830	2109	14443565	14443270	4.84e-76	289	ALR.ragtag.scaffold_chr_15_1_24.masked
AL4G35260	scaffold_4	77.531	405	77	10	1	399	12819275	12819671	8.28e-59	231	ALR.ragtag.scaffold_chr_15_1_24.masked
AL4G35260	scaffold_4	93.919	148	6	2	1509	1653	21038902	21039049	1.79e-55	220	ALR.ragtag.scaffold_chr_15_1_24.masked
AL4G35260	scaffold_7	90.909	429	26	5	1694	2109	16272576	16272148	7.18e-159	564	ALR.ragtag.scaffold_chr_15_1_24.masked
AL4G35260	scaffold_7	89.14	442	22	10	1694	2109	17442212	17442653	9.43e-148	527	ALR.ragtag.scaffold_chr_15_1_24.masked
AL4G35260	scaffold_7	88.426	432	24	7	1694	2109	1841514	1841093	7.39e-139	497	ALR.ragtag.scaffold_chr_15_1_24.masked
AL4G35260	scaffold_7	85.115	477	41	15	1654	2115	8183619	8184080	9.7e-128	460	ALR.ragtag.scaffold_chr_15_1_24.masked
AL4G35260	scaffold_7	82.869	467	27	24	1694	2109	4624341	4623877	1.68e-100	370	ALR.ragtag.scaffold_chr_15_1_24.masked
AL4G35260	scaffold_7	85.669	314	27	9	1830	2126	13189275	13188963	7.99e-84	315	ALR.ragtag.scaffold_chr_15_1_24.masked
AL4G35260	scaffold_7	85.079	315	22	9	1833	2138	14363815	14363517	8.05e-79	298	ALR.ragtag.scaffold_chr_15_1_24.masked
AL4G35260	scaffold_7	84.512	297	28	10	1830	2109	5751450	5751745	1.05e-72	278	ALR.ragtag.scaffold_chr_15_1_24.masked
AL4G35260	scaffold_7	84.512	297	28	10	1830	2109	14553184	14552889	1.05e-72	278	ALR.ragtag.scaffold_chr_15_1_24.masked
AL4G35260	scaffold_7	83.893	298	28	12	1830	2109	11569530	11569235	2.27e-69	267	ALR.ragtag.scaffold_chr_15_1_24.masked
AL4G35260	scaffold_7	88.442	199	22	1	1642	1840	14367309	14367112	4.95e-61	239	ALR.ragtag.scaffold_chr_15_1_24.masked
AL4G35260	scaffold_7	80.597	134	25	1	1977	2109	16412551	16412684	6.77e-20	102	ALR.ragtag.scaffold_chr_15_1_24.masked
AL4G35260	scaffold_7	90.566	53	5	0	1694	1746	24557277	24557225	1.91e-10	71.3	ALR.ragtag.scaffold_chr_15_1_24.masked
AL4G35260	scaffold_2	87.5	488	37	8	1655	2132	3725074	3724601	3.37e-152	542	ALR.ragtag.scaffold_chr_15_1_24.masked
AL4G35260	scaffold_2	84.564	298	26	12	1830	2109	9376457	9376162	1.05e-72	278	ALR.ragtag.scaffold_chr_15_1_24.masked
AL4G35260	scaffold_2	84.512	297	28	10	1830	2109	16628806	16628511	1.05e-72	278	ALR.ragtag.scaffold_chr_15_1_24.masked
AL4G35260	scaffold_2	95.294	85	4	0	2025	2109	14773881	14773797	6.68e-30	135	ALR.ragtag.scaffold_chr_15_1_24.masked
AL4G35260	scaffold_2	90.476	84	8	0	2026	2109	530601	530518	1.12e-22	111	ALR.ragtag.scaffold_chr_15_1_24.masked
AL4G35260	scaffold_2	91.781	73	6	0	2037	2109	21448891	21448819	6.77e-20	102	ALR.ragtag.scaffold_chr_15_1_24.masked
AL4G35260	scaffold_5	89.14	442	22	10	1694	2109	1354095	1354536	9.43e-148	527	ALR.ragtag.scaffold_chr_15_1_24.masked
AL4G35260	scaffold_5	91.328	369	26	5	1657	2022	8840240	8840605	2.05e-139	499	ALR.ragtag.scaffold_chr_15_1_24.masked
AL4G35260	scaffold_5	86.76	287	30	7	1830	2109	794400	794115	2.87e-83	313	ALR.ragtag.scaffold_chr_15_1_24.masked
AL4G35260	scaffold_5	84.512	297	28	10	1830	2109	9751639	9751934	1.05e-72	278	ALR.ragtag.scaffold_chr_15_1_24.masked
AL4G35260	scaffold_1	88.462	442	25	9	1694	2109	13154001	13153560	9.49e-143	510	ALR.ragtag.scaffold_chr_15_1_24.masked
AL4G35260	scaffold_1	87.871	404	22	12	1646	2024	18229014	18228613	2.1e-124	449	ALR.ragtag.scaffold_chr_15_1_24.masked
AL4G35260	scaffold_1	76.94	464	68	24	1655	2109	23584928	23584495	1.07e-57	228	ALR.ragtag.scaffold_chr_15_1_24.masked
AL4G35260	scaffold_1	87.705	122	10	2	2010	2126	17382213	17382334	1.86e-30	137	ALR.ragtag.scaffold_chr_15_1_24.masked
AL4G35260	scaffold_1	91.304	69	4	2	2042	2109	20312190	20312123	4.07e-17	93.5	ALR.ragtag.scaffold_chr_15_1_24.masked
AL4G35260	scaffold_6	87.133	443	28	12	1694	2109	595304	595744	3.46e-132	475	ALR.ragtag.scaffold_chr_15_1_24.masked
AL4G35260	scaffold_6	85.52	442	25	19	1694	2109	28008586	28008158	3.54e-117	425	ALR.ragtag.scaffold_chr_15_1_24.masked
AL4G35260	scaffold_6	87.063	286	29	8	1830	2109	25803047	25803330	2.22e-84	316	ALR.ragtag.scaffold_chr_15_1_24.masked
AL4G35260	scaffold_6	84.424	321	23	18	1809	2109	4170436	4170123	1.35e-76	291	ALR.ragtag.scaffold_chr_15_1_24.masked
AL4G35260	scaffold_6	84.667	300	22	16	1830	2109	7960980	7960685	1.05e-72	278	ALR.ragtag.scaffold_chr_15_1_24.masked
AL4G35260	scaffold_6	85.609	271	21	10	1856	2109	27175337	27175068	6.31e-70	268	ALR.ragtag.scaffold_chr_15_1_24.masked
AL4G35260	scaffold_8	83.475	472	43	17	1648	2109	1807303	1806857	1.28e-111	407	ALR.ragtag.scaffold_chr_15_1_24.masked
AL4G35260	scaffold_8	78.629	496	44	30	1652	2132	13114889	13115337	4.88e-71	272	ALR.ragtag.scaffold_chr_15_1_24.masked
AL4G35260	scaffold_3	84.667	300	22	16	1830	2109	16990831	16990536	1.05e-72	278	ALR.ragtag.scaffold_chr_15_1_24.masked
AL4G35260	scaffold_3	76.79	405	80	10	1	399	5095132	5094736	8.34e-54	215	ALR.ragtag.scaffold_chr_15_1_24.masked
AL4G35260	scaffold_3	81.119	143	26	1	1968	2109	9250323	9250465	3.13e-23	113	ALR.ragtag.scaffold_chr_15_1_24.masked
AL4G35260	scaffold_3	87.671	73	9	0	2037	2109	4583861	4583933	6.82e-15	86.1	ALR.ragtag.scaffold_chr_15_1_24.masked
AL4G35290	scaffold_4	94.56	2206	72	23	1	2180	21040662	21042845	0	3365	ALR.ragtag.scaffold_chr_15_1_24.masked
AL4G35290	scaffold_4	96.679	1656	30	11	1	1633	21019653	21021306	0	2730	ALR.ragtag.scaffold_chr_15_1_24.masked
AL4G35290	scaffold_4	93.143	700	35	5	1484	2180	21038899	21039588	0	1014	ALR.ragtag.scaffold_chr_15_1_24.masked
AL4G35290	scaffold_4	93.75	560	28	4	1624	2180	21021780	21022335	0	833	ALR.ragtag.scaffold_chr_15_1_24.masked
AL4G35290	scaffold_4	77.531	405	77	10	1	399	12819275	12819671	6.57e-59	231	ALR.ragtag.scaffold_chr_15_1_24.masked
AL4G35290	scaffold_3	76.79	405	80	10	1	399	5095132	5094736	6.62e-54	215	ALR.ragtag.scaffold_chr_15_1_24.masked
AL4G35450	scaffold_4	88.66	97	10	1	2167	2263	12822135	12822230	2.12e-24	117	ALR.ragtag.scaffold_chr_15_1_24.masked
AL4G35480	scaffold_4	88.66	97	10	1	2145	2241	12822135	12822230	2.1e-24	117	ALR.ragtag.scaffold_chr_15_1_24.masked
AL4G31290	scaffold_4_RagTag	95.548	2718	73	15	1	2681	16669417	16672123	0	4305	BAM12_v2
AL4G31290	scaffold_4_RagTag	84.457	2670	302	74	1	2607	16666130	16668749	0	2527	BAM12_v2
AL4G31290	scaffold_4_RagTag	89.245	1655	101	30	2681	4302	6699759	6701369	0	1999	BAM12_v2
AL4G31290	scaffold_4_RagTag	85.6	1000	118	11	2682	3657	9809998	9810995	0	1026	BAM12_v2
AL4G31290	scaffold_4_RagTag	76.471	476	86	21	13	474	18443335	18443798	1.66e-59	235	BAM12_v2
AL4G31290	scaffold_4_RagTag	89.286	84	9	0	1880	1963	18480454	18480537	1.36e-20	106	BAM12_v2
AL4G31290	scaffold_8_RagTag	92.49	2197	59	36	4739	6851	3360042	3362216	0	3046	BAM12_v2
AL4G31290	scaffold_8_RagTag	92.598	689	23	6	3239	3901	4356960	4356274	0	965	BAM12_v2
AL4G31290	scaffold_8_RagTag	96	300	7	2	4401	4695	3359749	3360048	5.38e-134	483	BAM12_v2
AL4G31290	scaffold_8_RagTag	95.238	63	3	0	4239	4301	4356275	4356213	6.33e-19	100	BAM12_v2
AL4G31290	scaffold_8_RagTag	95.122	41	1	1	6851	6890	3362230	3362270	8.3e-08	63.9	BAM12_v2
AL4G31290	scaffold_2_RagTag	91.537	1666	96	16	2679	4302	2366802	2368464	0	2254	BAM12_v2
AL4G31290	scaffold_2_RagTag	89.9	901	75	13	3003	3893	3090818	3091712	0	1146	BAM12_v2
AL4G31290	scaffold_2_RagTag	86.19	992	121	9	2680	3657	15158400	15157411	0	1059	BAM12_v2
AL4G31290	scaffold_2_RagTag	85.473	1005	119	10	2678	3657	2101202	2100200	0	1022	BAM12_v2
AL4G31290	scaffold_7_RagTag	88.051	1657	130	35	2682	4297	26318650	26317021	0	1901	BAM12_v2
AL4G31290	scaffold_7_RagTag	87.151	1004	110	12	2669	3657	21675174	21674175	0	1122	BAM12_v2
AL4G31290	scaffold_7_RagTag	84.631	989	134	16	2680	3657	27305100	27304119	0	968	BAM12_v2
AL4G31290	scaffold_7_RagTag	80.851	188	26	4	3983	4161	1294196	1294010	1.34e-30	139	BAM12_v2
AL4G31290	scaffold_7_RagTag	94.805	77	4	0	4323	4399	26316833	26316757	4.86e-25	121	BAM12_v2
AL4G31290	scaffold_7_RagTag	98.305	59	1	0	5100	5158	6319356	6319298	4.89e-20	104	BAM12_v2
AL4G31290	scaffold_5_RagTag	86.249	1229	131	25	2680	3893	1615123	1613918	0	1299	BAM12_v2
AL4G31290	scaffold_5_RagTag	85.657	997	117	9	2685	3657	2875450	2874456	0	1026	BAM12_v2
AL4G31290	scaffold_5_RagTag	94.737	95	5	0	4401	4495	13194615	13194521	2.23e-33	148	BAM12_v2
AL4G31290	scaffold_5_RagTag	94.737	95	5	0	4401	4495	13370203	13370109	2.23e-33	148	BAM12_v2
AL4G31290	scaffold_5_RagTag	97.403	77	2	0	4323	4399	24049064	24048988	2.24e-28	132	BAM12_v2
AL4G31290	scaffold_5_RagTag	97.872	47	1	0	4648	4694	13193972	13193926	2.29e-13	82.4	BAM12_v2
AL4G31290	scaffold_5_RagTag	97.872	47	1	0	4648	4694	13369560	13369514	2.29e-13	82.4	BAM12_v2
AL4G31290	scaffold_3_RagTag	84.536	1261	127	32	2680	3901	21487887	21486656	0	1186	BAM12_v2
AL4G31290	scaffold_3_RagTag	85.743	1003	117	9	2679	3657	13114603	13115603	0	1037	BAM12_v2
AL4G31290	scaffold_3_RagTag	86.982	169	20	2	4539	4706	22863104	22862937	1.31e-45	189	BAM12_v2
AL4G31290	scaffold_3_RagTag	96.429	56	2	0	4239	4294	21486657	21486602	1.06e-16	93.5	BAM12_v2
AL4G31290	scaffold_6_RagTag	85.757	1004	115	11	2680	3657	9267507	9268508	0	1037	BAM12_v2
AL4G31290	scaffold_6_RagTag	77.236	246	33	18	4868	5100	3963347	3963582	1.35e-25	122	BAM12_v2
AL4G31290	scaffold_1_RagTag	85.444	1003	120	9	2679	3657	19770144	19771144	0	1020	BAM12_v2
AL4G31290	scaffold_1_RagTag	81.608	821	116	25	2679	3487	1208934	1209731	0	647	BAM12_v2
AL4G31290	scaffold_1_RagTag	94.417	412	20	3	3485	3893	1210081	1210492	1.82e-178	630	BAM12_v2
AL4G35260	scaffold_4_RagTag	96.982	1657	44	6	1	1653	18443395	18445049	0	2778	BAM12_v2
AL4G35260	scaffold_4_RagTag	94.728	607	16	4	2133	2739	18445040	18445630	0	929	BAM12_v2
AL4G35260	scaffold_4_RagTag	87.984	491	39	10	1651	2126	20066329	20066814	2.65e-158	562	BAM12_v2
AL4G35260	scaffold_4_RagTag	88.477	486	23	12	1657	2109	1711411	1710926	1.23e-156	556	BAM12_v2
AL4G35260	scaffold_4_RagTag	89.342	441	22	9	1694	2109	17363087	17363527	7.47e-149	531	BAM12_v2
AL4G35260	scaffold_4_RagTag	89.14	442	22	10	1694	2109	14854466	14854907	9.66e-148	527	BAM12_v2
AL4G35260	scaffold_4_RagTag	89.14	442	22	9	1694	2109	16909347	16909788	9.66e-148	527	BAM12_v2
AL4G35260	scaffold_4_RagTag	87.579	475	31	16	1658	2109	10125954	10125485	3.47e-147	525	BAM12_v2
AL4G35260	scaffold_4_RagTag	88.939	443	22	11	1694	2109	22630385	22630827	4.49e-146	521	BAM12_v2
AL4G35260	scaffold_4_RagTag	88.914	442	23	10	1694	2109	23610359	23609918	4.49e-146	521	BAM12_v2
AL4G35260	scaffold_4_RagTag	86.43	479	34	13	1657	2109	14148320	14147847	2.72e-138	496	BAM12_v2
AL4G35260	scaffold_4_RagTag	86.136	440	21	13	1694	2109	11952546	11952123	4.66e-121	438	BAM12_v2
AL4G35260	scaffold_4_RagTag	77.531	405	77	10	1	399	16669488	16669884	8.48e-59	231	BAM12_v2
AL4G35260	scaffold_4_RagTag	81.752	137	20	4	1977	2109	22873889	22873754	4.15e-22	110	BAM12_v2
AL4G35260	scaffold_3_RagTag	90	490	28	8	1657	2126	25723907	25724395	7.21e-174	614	BAM12_v2
AL4G35260	scaffold_3_RagTag	90.295	474	25	8	1657	2109	10984563	10984090	5.61e-170	601	BAM12_v2
AL4G35260	scaffold_3_RagTag	89.342	441	22	9	1694	2109	7305601	7306041	7.47e-149	531	BAM12_v2
AL4G35260	scaffold_3_RagTag	89.14	442	22	10	1694	2109	10181093	10181534	9.66e-148	527	BAM12_v2
AL4G35260	scaffold_3_RagTag	89.14	442	21	11	1694	2109	2229149	2228709	3.47e-147	525	BAM12_v2
AL4G35260	scaffold_3_RagTag	88.914	442	23	10	1694	2109	27037556	27037115	4.49e-146	521	BAM12_v2
AL4G35260	scaffold_3_RagTag	90.544	349	18	7	1776	2109	13288154	13288502	7.74e-124	448	BAM12_v2
AL4G35260	scaffold_3_RagTag	90.164	61	5	1	2025	2085	25723952	25724011	1.17e-12	78.7	BAM12_v2
AL4G35260	scaffold_3_RagTag	100	33	0	0	1694	1726	13288136	13288168	1.18e-07	62.1	BAM12_v2
AL4G35260	scaffold_1_RagTag	91.031	446	27	4	1694	2126	23616770	23616325	1.21e-166	590	BAM12_v2
AL4G35260	scaffold_1_RagTag	89.27	466	26	11	1668	2132	19867311	19867753	2.65e-158	562	BAM12_v2
AL4G35260	scaffold_1_RagTag	88.745	462	23	10	1694	2126	19630468	19630007	4.46e-151	538	BAM12_v2
AL4G35260	scaffold_1_RagTag	89.367	442	21	10	1694	2109	11892911	11893352	2.08e-149	532	BAM12_v2
AL4G35260	scaffold_1_RagTag	86.318	402	25	14	1646	2024	20292525	20292131	1.02e-112	411	BAM12_v2
AL4G35260	scaffold_1_RagTag	89.888	267	13	6	1857	2109	9925640	9925906	8.13e-89	331	BAM12_v2
AL4G35260	scaffold_1_RagTag	88.587	184	9	4	1694	1865	9924487	9924670	3.07e-53	213	BAM12_v2
AL4G35260	scaffold_1_RagTag	86.139	101	9	2	2037	2132	17056958	17056858	1.93e-20	104	BAM12_v2
AL4G35260	scaffold_2_RagTag	89.562	479	24	9	1657	2109	20557781	20558259	5.65e-165	584	BAM12_v2
AL4G35260	scaffold_2_RagTag	89.54	478	25	8	1657	2109	17440833	17440356	2.03e-164	582	BAM12_v2
AL4G35260	scaffold_2_RagTag	89.167	480	27	13	1658	2137	5700378	5699924	3.4e-162	575	BAM12_v2
AL4G35260	scaffold_2_RagTag	89.189	481	25	15	1658	2137	5705497	5705043	3.4e-162	575	BAM12_v2
AL4G35260	scaffold_2_RagTag	91.163	430	23	7	1694	2109	13144361	13144789	1.58e-160	569	BAM12_v2
AL4G35260	scaffold_2_RagTag	90.719	431	23	8	1694	2109	17191491	17191919	3.43e-157	558	BAM12_v2
AL4G35260	scaffold_2_RagTag	87.602	492	24	12	1658	2137	5697825	5697359	1.61e-150	536	BAM12_v2
AL4G35260	scaffold_2_RagTag	87.602	492	24	12	1658	2137	5702944	5702478	1.61e-150	536	BAM12_v2
AL4G35260	scaffold_2_RagTag	88.713	443	23	11	1694	2109	1798061	1797619	2.09e-144	516	BAM12_v2
AL4G35260	scaffold_2_RagTag	85.979	485	36	15	1657	2109	21387337	21387821	1.27e-136	490	BAM12_v2
AL4G35260	scaffold_2_RagTag	83.502	297	31	10	1830	2109	13294499	13294794	1.08e-67	261	BAM12_v2
AL4G35260	scaffold_2_RagTag	80.606	165	15	11	1961	2109	12872521	12872358	1.15e-22	111	BAM12_v2
AL4G35260	scaffold_8_RagTag	91.408	419	23	4	1694	2109	11230906	11231314	2.65e-158	562	BAM12_v2
AL4G35260	scaffold_8_RagTag	87.751	498	24	14	1649	2109	6294108	6294605	7.42e-154	547	BAM12_v2
AL4G35260	scaffold_8_RagTag	89.855	69	7	0	2041	2109	19452312	19452244	5.4e-16	89.8	BAM12_v2
AL4G35260	scaffold_8_RagTag	82.828	99	7	3	1655	1743	10821328	10821230	3.25e-13	80.5	BAM12_v2
AL4G35260	scaffold_6_RagTag	90.741	432	24	6	1694	2109	11555436	11555867	2.65e-158	562	BAM12_v2
AL4G35260	scaffold_6_RagTag	89.177	462	31	8	1652	2108	13614751	13615198	3.43e-157	558	BAM12_v2
AL4G35260	scaffold_6_RagTag	87.349	498	27	12	1648	2109	9511234	9511731	4.46e-151	538	BAM12_v2
AL4G35260	scaffold_6_RagTag	89.14	442	22	10	1694	2109	24710601	24710160	9.66e-148	527	BAM12_v2
AL4G35260	scaffold_6_RagTag	89.074	421	42	3	1712	2130	22725423	22725005	1.62e-145	520	BAM12_v2
AL4G35260	scaffold_6_RagTag	88.61	439	27	7	1694	2109	4715026	4714588	2.7e-143	512	BAM12_v2
AL4G35260	scaffold_6_RagTag	86.574	432	22	13	1694	2109	22018968	22019379	1e-122	444	BAM12_v2
AL4G35260	scaffold_6_RagTag	87.619	105	8	2	2037	2136	6331233	6331337	2.48e-24	117	BAM12_v2
AL4G35260	scaffold_6_RagTag	93.151	73	5	0	2037	2109	14424455	14424527	1.49e-21	108	BAM12_v2
AL4G35260	scaffold_6_RagTag	91.781	73	6	0	2037	2109	25289610	25289538	6.94e-20	102	BAM12_v2
AL4G35260	scaffold_6_RagTag	89.855	69	7	0	2041	2109	13497986	13497918	5.4e-16	89.8	BAM12_v2
AL4G35260	scaffold_5_RagTag	89.107	459	23	11	1694	2126	1107677	1107220	2.67e-153	545	BAM12_v2
AL4G35260	scaffold_5_RagTag	88.937	461	23	10	1694	2126	22622174	22622634	9.59e-153	544	BAM12_v2
AL4G35260	scaffold_5_RagTag	89.14	442	22	10	1694	2109	15061175	15060734	9.66e-148	527	BAM12_v2
AL4G35260	scaffold_5_RagTag	88.939	443	22	11	1694	2109	4249686	4250128	4.49e-146	521	BAM12_v2
AL4G35260	scaffold_5_RagTag	90.073	413	24	7	1713	2109	1063032	1062621	1.62e-145	520	BAM12_v2
AL4G35260	scaffold_5_RagTag	88.298	376	24	12	1762	2132	5904227	5904587	2.17e-119	433	BAM12_v2
AL4G35260	scaffold_5_RagTag	79.317	498	50	31	1657	2135	21234498	21234035	2.29e-79	300	BAM12_v2
AL4G35260	scaffold_5_RagTag	84.848	99	15	0	2011	2109	16547171	16547073	2.5e-19	100	BAM12_v2
AL4G35260	scaffold_5_RagTag	84.848	99	15	0	2011	2109	19847884	19847786	2.5e-19	100	BAM12_v2
AL4G35260	scaffold_7_RagTag	89.14	442	22	10	1694	2109	11005124	11004683	9.66e-148	527	BAM12_v2
AL4G35260	scaffold_7_RagTag	87.117	489	25	10	1646	2109	17376771	17377246	1.62e-145	520	BAM12_v2
AL4G35260	scaffold_7_RagTag	88.739	444	22	10	1694	2109	9739258	9738815	5.81e-145	518	BAM12_v2
AL4G35260	scaffold_7_RagTag	88.688	442	24	11	1694	2109	11855504	11855063	2.09e-144	516	BAM12_v2
AL4G35260	scaffold_7_RagTag	88.662	441	25	9	1694	2109	16442984	16442544	7.52e-144	514	BAM12_v2
AL4G35260	scaffold_7_RagTag	86.848	479	30	13	1657	2132	9167449	9167897	4.53e-141	505	BAM12_v2
AL4G35260	scaffold_7_RagTag	87.872	437	32	11	1694	2109	17163716	17163280	9.8e-138	494	BAM12_v2
AL4G35260	scaffold_7_RagTag	86.071	481	25	13	1651	2109	16211972	16212432	2.74e-133	479	BAM12_v2
AL4G35260	scaffold_7_RagTag	90.313	351	16	9	1776	2109	16464615	16464266	1e-122	444	BAM12_v2
AL4G35260	scaffold_7_RagTag	85.779	443	22	18	1694	2109	8369806	8369378	7.79e-119	431	BAM12_v2
AL4G35260	scaffold_7_RagTag	93.59	78	5	0	1694	1771	16464728	16464651	2.48e-24	117	BAM12_v2
AL4G35260	scaffold_7_RagTag	84.694	98	10	2	2040	2132	17411170	17411267	4.18e-17	93.5	BAM12_v2
AL4G35260	scaffold_7_RagTag	95.122	41	2	0	1694	1734	24203947	24203907	9.1e-09	65.8	BAM12_v2
AL4G35290	scaffold_4_RagTag	94.515	2206	74	20	1	2180	18443395	18445579	0	3360	BAM12_v2
AL4G35290	scaffold_4_RagTag	77.531	405	77	10	1	399	16669488	16669884	6.73e-59	231	BAM12_v2
AL4G35450	scaffold_4_RagTag	94.575	2083	61	23	338	2403	18478644	18480691	0	3173	BAM12_v2
AL4G35450	scaffold_4_RagTag	99.422	346	2	0	1	346	18471170	18471515	2.26e-178	628	BAM12_v2
AL4G35480	scaffold_4_RagTag	95.87	2058	63	16	338	2383	18478644	18480691	0	3310	BAM12_v2
AL4G35480	scaffold_4_RagTag	99.422	346	2	0	1	346	18471170	18471515	2.24e-178	628	BAM12_v2
AL4G31290	scaffold_4_RagTag:18000-22695972	98.21	2682	34	7	1	2681	16142543	16145211	0	4674	BOR_v1
AL4G31290	scaffold_4_RagTag:18000-22695972	84.264	2669	317	66	1	2607	16139312	16141939	0	2507	BOR_v1
AL4G31290	scaffold_4_RagTag:18000-22695972	76.923	468	87	17	13	468	17783975	17784433	7.05e-63	246	BOR_v1
AL4G31290	scaffold_4_RagTag:18000-22695972	76.709	468	88	17	13	468	17774112	17774570	3.28e-61	241	BOR_v1
AL4G31290	scaffold_1_RagTag:0-28294041	89.701	1670	110	20	2682	4306	10917559	10919211	0	2074	BOR_v1
AL4G31290	scaffold_1_RagTag:0-28294041	96.104	77	3	0	4323	4399	10919394	10919470	9.58e-27	126	BOR_v1
AL4G31290	scaffold_3_RagTag:0-24937921	88.246	1659	127	35	2680	4297	19725215	19726846	0	1921	BOR_v1
AL4G31290	scaffold_3_RagTag:0-24937921	86.471	170	20	3	4539	4706	20349091	20348923	5.6e-44	183	BOR_v1
AL4G31290	scaffold_3_RagTag:0-24937921	94.805	77	4	0	4323	4399	19727034	19727110	4.46e-25	121	BOR_v1
AL4G31290	scaffold_2_RagTag:0-21425966	90.891	1021	77	10	2682	3688	20326157	20325139	0	1356	BOR_v1
AL4G31290	scaffold_2_RagTag:0-21425966	95.591	635	20	3	3669	4302	20313476	20312849	0	1011	BOR_v1
AL4G31290	scaffold_8_RagTag:0-21093757	86.028	1231	133	28	2678	3893	4341636	4342842	0	1284	BOR_v1
AL4G31290	scaffold_7_RagTag:0-26551907	85.7	993	122	13	2681	3657	16581458	16580470	0	1029	BOR_v1
AL4G31290	scaffold_7_RagTag:0-26551907	80.952	189	25	5	3983	4161	1151966	1151779	1.23e-30	139	BOR_v1
AL4G31290	scaffold_7_RagTag:0-26551907	98.305	59	1	0	5100	5158	5880983	5880925	4.49e-20	104	BOR_v1
AL4G31290	scaffold_5_RagTag:0-21731985	94.737	95	5	0	4401	4495	11845476	11845382	2.04e-33	148	BOR_v1
AL4G31290	scaffold_5_RagTag:0-21731985	94.737	95	5	0	4401	4495	11961558	11961464	2.04e-33	148	BOR_v1
AL4G31290	scaffold_5_RagTag:0-21731985	96.104	77	3	0	4323	4399	21335717	21335641	9.58e-27	126	BOR_v1
AL4G31290	scaffold_5_RagTag:0-21731985	97.872	47	1	0	4648	4694	11833673	11833627	2.1e-13	82.4	BOR_v1
AL4G31290	scaffold_5_RagTag:0-21731985	97.872	47	1	0	4648	4694	11949766	11949720	2.1e-13	82.4	BOR_v1
AL4G35260	scaffold_4_RagTag:18000-22695972	99.346	1683	6	3	1	1679	17774172	17775853	0	3042	BOR_v1
AL4G35260	scaffold_4_RagTag:18000-22695972	95.909	1589	40	12	1	1586	17784035	17785601	0	2551	BOR_v1
AL4G35260	scaffold_4_RagTag:18000-22695972	98.737	1029	11	2	1712	2739	17775847	17776874	0	1827	BOR_v1
AL4G35260	scaffold_4_RagTag:18000-22695972	96.128	594	16	3	2140	2733	17782405	17782991	0	963	BOR_v1
AL4G35260	scaffold_4_RagTag:18000-22695972	86.083	503	46	13	1651	2135	5805585	5805089	1.48e-145	520	BOR_v1
AL4G35260	scaffold_4_RagTag:18000-22695972	95.89	146	5	1	1509	1653	17781697	17781842	6.01e-60	235	BOR_v1
AL4G35260	scaffold_4_RagTag:18000-22695972	86.957	69	9	0	2041	2109	16449577	16449509	1.07e-12	78.7	BOR_v1
AL4G35260	scaffold_4_RagTag:18000-22695972	87.143	70	7	2	2041	2109	21550675	21550743	1.07e-12	78.7	BOR_v1
AL4G35260	scaffold_2_RagTag:0-21425966	90.196	459	35	8	1657	2109	5430969	5431423	1.11e-166	590	BOR_v1
AL4G35260	scaffold_2_RagTag:0-21425966	88.115	488	34	8	1655	2132	3728221	3727748	3.14e-157	558	BOR_v1
AL4G35260	scaffold_2_RagTag:0-21425966	89.815	432	27	8	1694	2109	5723606	5723176	4.09e-151	538	BOR_v1
AL4G35260	scaffold_2_RagTag:0-21425966	89.245	437	26	8	1694	2109	20164958	20164522	8.86e-148	527	BOR_v1
AL4G35260	scaffold_2_RagTag:0-21425966	81.41	468	28	27	1694	2104	14102614	14103079	9.64e-88	327	BOR_v1
AL4G35260	scaffold_2_RagTag:0-21425966	85.809	303	25	10	1830	2126	17737378	17737088	4.52e-81	305	BOR_v1
AL4G35260	scaffold_2_RagTag:0-21425966	85.911	291	29	7	1830	2109	14432524	14432235	2.1e-79	300	BOR_v1
AL4G35260	scaffold_2_RagTag:0-21425966	84.512	297	28	10	1830	2109	20141737	20142032	9.85e-73	278	BOR_v1
AL4G35260	scaffold_1_RagTag:0-28294041	88.912	478	30	10	1657	2132	17555431	17555887	5.22e-160	568	BOR_v1
AL4G35260	scaffold_1_RagTag:0-28294041	87.5	448	25	11	1693	2109	27141233	27140786	4.18e-136	488	BOR_v1
AL4G35260	scaffold_1_RagTag:0-28294041	87.811	402	24	10	1646	2024	18093611	18093212	7.09e-124	448	BOR_v1
AL4G35260	scaffold_1_RagTag:0-28294041	86.348	293	24	11	1830	2109	14388813	14388524	4.52e-81	305	BOR_v1
AL4G35260	scaffold_1_RagTag:0-28294041	83.557	298	29	12	1830	2109	2276299	2276594	9.92e-68	261	BOR_v1
AL4G35260	scaffold_1_RagTag:0-28294041	83.168	303	27	12	1830	2109	13408936	13408635	4.62e-66	255	BOR_v1
AL4G35260	scaffold_1_RagTag:0-28294041	79.394	165	17	12	1961	2109	13939223	13939060	2.29e-19	100	BOR_v1
AL4G35260	scaffold_6_RagTag:0-24760478	89.177	462	31	8	1652	2108	12476420	12476867	3.14e-157	558	BOR_v1
AL4G35260	scaffold_6_RagTag:0-24760478	87.654	486	27	13	1657	2109	21577222	21577707	5.29e-150	534	BOR_v1
AL4G35260	scaffold_6_RagTag:0-24760478	89.549	421	31	7	1694	2109	3514040	3513628	4.12e-146	521	BOR_v1
AL4G35260	scaffold_6_RagTag:0-24760478	88.235	442	26	10	1694	2109	19318227	19317786	4.15e-141	505	BOR_v1
AL4G35260	scaffold_6_RagTag:0-24760478	85.983	478	33	13	1657	2109	4636049	4636517	7e-134	481	BOR_v1
AL4G35260	scaffold_6_RagTag:0-24760478	87.5	360	19	12	1752	2109	10132776	10133111	3.37e-107	392	BOR_v1
AL4G35260	scaffold_6_RagTag:0-24760478	84.899	298	25	12	1830	2109	1231868	1231573	2.12e-74	283	BOR_v1
AL4G35260	scaffold_6_RagTag:0-24760478	85.609	271	21	10	1856	2109	23252211	23251942	5.93e-70	268	BOR_v1
AL4G35260	scaffold_6_RagTag:0-24760478	97.436	39	1	0	1698	1736	10132737	10132775	2.32e-09	67.6	BOR_v1
AL4G35260	scaffold_3_RagTag:0-24937921	88.914	442	23	10	1694	2109	3869052	3868611	4.12e-146	521	BOR_v1
AL4G35260	scaffold_3_RagTag:0-24937921	88.488	443	24	11	1694	2109	12883178	12882736	8.92e-143	510	BOR_v1
AL4G35260	scaffold_3_RagTag:0-24937921	86.486	444	29	14	1694	2109	10457629	10457189	3.28e-127	459	BOR_v1
AL4G35260	scaffold_3_RagTag:0-24937921	84.722	288	22	14	1830	2109	12265975	12265702	5.93e-70	268	BOR_v1
AL4G35260	scaffold_3_RagTag:0-24937921	91.667	96	8	0	2037	2132	14150281	14150376	2.26e-29	134	BOR_v1
AL4G35260	scaffold_3_RagTag:0-24937921	91.667	72	6	0	2037	2108	8957523	8957594	2.29e-19	100	BOR_v1
AL4G35260	scaffold_7_RagTag:0-26551907	88.657	432	30	9	1694	2109	8238669	8239097	3.21e-142	508	BOR_v1
AL4G35260	scaffold_7_RagTag:0-26551907	86.032	315	19	8	1833	2138	14551981	14551683	7.51e-84	315	BOR_v1
AL4G35260	scaffold_7_RagTag:0-26551907	86.316	285	29	7	1830	2109	24668407	24668686	5.85e-80	302	BOR_v1
AL4G35260	scaffold_7_RagTag:0-26551907	84.512	297	28	10	1830	2109	4549186	4548891	9.85e-73	278	BOR_v1
AL4G35260	scaffold_7_RagTag:0-26551907	84.512	297	28	10	1830	2109	4550096	4549801	9.85e-73	278	BOR_v1
AL4G35260	scaffold_7_RagTag:0-26551907	84.667	300	22	16	1830	2109	23948299	23948594	9.85e-73	278	BOR_v1
AL4G35260	scaffold_7_RagTag:0-26551907	87.85	107	5	3	2034	2132	22694162	22694056	6.32e-25	119	BOR_v1
AL4G35260	scaffold_7_RagTag:0-26551907	88.571	70	7	1	2034	2103	16513491	16513559	2.3e-14	84.2	BOR_v1
AL4G35260	scaffold_8_RagTag:0-21093757	85.682	447	29	19	1694	2109	13375198	13374756	4.27e-121	438	BOR_v1
AL4G35260	scaffold_8_RagTag:0-21093757	91.111	90	8	0	1655	1744	12030207	12030118	4.88e-26	122	BOR_v1
AL4G35260	scaffold_8_RagTag:0-21093757	91.765	85	7	0	2048	2132	12960234	12960318	6.32e-25	119	BOR_v1
AL4G35260	scaffold_8_RagTag:0-21093757	84	100	14	2	2011	2109	156178	156080	1.06e-17	95.3	BOR_v1
AL4G35290	scaffold_4_RagTag:18000-22695972	98.533	1568	19	3	1	1565	17784035	17785601	0	2765	BOR_v1
AL4G35290	scaffold_4_RagTag:18000-22695972	96.562	1658	30	12	1	1633	17774172	17775827	0	2721	BOR_v1
AL4G35290	scaffold_4_RagTag:18000-22695972	93.56	559	30	3	1624	2180	17776269	17776823	0	828	BOR_v1
AL4G35290	scaffold_4_RagTag:18000-22695972	93.103	551	28	4	1631	2180	17782405	17782946	0	798	BOR_v1
AL4G35290	scaffold_4_RagTag:18000-22695972	95.333	150	6	1	1484	1633	17781694	17781842	1.33e-60	237	BOR_v1
AL4G31290	scaffold_4_RagTag	98.291	2692	31	7	1	2681	18423060	18425747	0	4702	F1-14.ragtag.scaffold_chr
AL4G31290	scaffold_4_RagTag	85.575	1747	211	29	1	1722	18399387	18401117	0	1792	F1-14.ragtag.scaffold_chr
AL4G31290	scaffold_4_RagTag	86.216	370	40	7	1790	2156	18401122	18401483	3.22e-106	390	F1-14.ragtag.scaffold_chr
AL4G31290	scaffold_4_RagTag	77.137	468	86	17	13	468	17323764	17323306	1.59e-64	252	F1-14.ragtag.scaffold_chr
AL4G31290	scaffold_4_RagTag	76.596	470	85	20	13	468	17314415	17313957	1.6e-59	235	F1-14.ragtag.scaffold_chr
AL4G31290	scaffold_1_RagTag	91.331	1661	122	16	2678	4322	3483088	3484742	0	2250	F1-14.ragtag.scaffold_chr
AL4G31290	scaffold_1_RagTag	97.403	77	2	0	4323	4399	3484916	3484992	2.15e-28	132	F1-14.ragtag.scaffold_chr
AL4G31290	scaffold_8_RagTag	93.74	1246	51	5	2682	3901	4192708	4191464	0	1844	F1-14.ragtag.scaffold_chr
AL4G31290	scaffold_8_RagTag	95.082	61	3	0	4239	4299	4191465	4191405	7.86e-18	97.1	F1-14.ragtag.scaffold_chr
AL4G31290	scaffold_2_RagTag	91.233	981	78	7	2680	3657	12369911	12368936	0	1328	F1-14.ragtag.scaffold_chr
AL4G31290	scaffold_2_RagTag	86.271	1231	131	27	2678	3893	1149414	1150621	0	1303	F1-14.ragtag.scaffold_chr
AL4G31290	scaffold_2_RagTag	86.156	1228	132	27	2681	3893	3177906	3176702	0	1291	F1-14.ragtag.scaffold_chr
AL4G31290	scaffold_3_RagTag	85.3	1000	118	10	2682	3657	22373910	22372916	0	1005	F1-14.ragtag.scaffold_chr
AL4G31290	scaffold_3_RagTag	86.628	172	18	3	4539	4706	21612315	21612145	1.63e-44	185	F1-14.ragtag.scaffold_chr
AL4G31290	scaffold_3_RagTag	85.294	170	22	3	4539	4706	20896827	20896995	1.27e-40	172	F1-14.ragtag.scaffold_chr
AL4G31290	scaffold_5_RagTag	94.737	95	5	0	4401	4495	9697008	9696914	2.14e-33	148	F1-14.ragtag.scaffold_chr
AL4G31290	scaffold_5_RagTag	94.737	95	5	0	4401	4495	9987202	9987108	2.14e-33	148	F1-14.ragtag.scaffold_chr
AL4G31290	scaffold_5_RagTag	97.403	77	2	0	4323	4399	20142660	20142584	2.15e-28	132	F1-14.ragtag.scaffold_chr
AL4G31290	scaffold_5_RagTag	97.872	47	1	0	4648	4694	9696365	9696319	2.2e-13	82.4	F1-14.ragtag.scaffold_chr
AL4G31290	scaffold_5_RagTag	97.872	47	1	0	4648	4694	9986577	9986531	2.2e-13	82.4	F1-14.ragtag.scaffold_chr
AL4G31290	scaffold_7_RagTag	80.423	189	26	5	3983	4161	1428672	1428485	5.99e-29	134	F1-14.ragtag.scaffold_chr
AL4G31290	scaffold_7_RagTag	98.305	59	1	0	5100	5158	6464145	6464087	4.7e-20	104	F1-14.ragtag.scaffold_chr
AL4G31290	scaffold_7_RagTag	98.305	59	1	0	5100	5158	6585411	6585353	4.7e-20	104	F1-14.ragtag.scaffold_chr
AL4G31290	scaffold_6_RagTag	77.143	245	34	16	4868	5100	2197321	2197555	1.3e-25	122	F1-14.ragtag.scaffold_chr
AL4G35260	scaffold_4_RagTag	98.944	2746	21	5	1	2739	17323704	17320960	0	4903	F1-14.ragtag.scaffold_chr
AL4G35260	scaffold_4_RagTag	96.862	1657	46	6	1	1653	17314355	17312701	0	2767	F1-14.ragtag.scaffold_chr
AL4G35260	scaffold_4_RagTag	95.847	602	16	7	2133	2733	17315975	17315382	0	965	F1-14.ragtag.scaffold_chr
AL4G35260	scaffold_4_RagTag	94.728	607	16	4	2133	2739	17312710	17312120	0	929	F1-14.ragtag.scaffold_chr
AL4G35260	scaffold_4_RagTag	88.421	475	30	10	1658	2109	3122269	3121797	1.98e-154	549	F1-14.ragtag.scaffold_chr
AL4G35260	scaffold_4_RagTag	86.481	503	44	13	1651	2135	5444432	5443936	7.17e-149	531	F1-14.ragtag.scaffold_chr
AL4G35260	scaffold_4_RagTag	89.14	442	22	10	1694	2109	22224860	22224419	9.27e-148	527	F1-14.ragtag.scaffold_chr
AL4G35260	scaffold_4_RagTag	87.5	480	29	12	1658	2109	308125	307649	3.34e-147	525	F1-14.ragtag.scaffold_chr
AL4G35260	scaffold_4_RagTag	89.07	430	21	10	1694	2109	3964577	3964160	9.34e-143	510	F1-14.ragtag.scaffold_chr
AL4G35260	scaffold_4_RagTag	83.836	464	23	26	1694	2109	11241405	11240946	9.81e-108	394	F1-14.ragtag.scaffold_chr
AL4G35260	scaffold_4_RagTag	83.838	297	29	11	1830	2109	3887895	3888189	8.03e-69	265	F1-14.ragtag.scaffold_chr
AL4G35260	scaffold_4_RagTag	77.284	405	78	10	1	399	18423130	18423526	3.79e-57	226	F1-14.ragtag.scaffold_chr
AL4G35260	scaffold_4_RagTag	93.919	148	6	2	1509	1653	17316113	17315966	1.76e-55	220	F1-14.ragtag.scaffold_chr
AL4G35260	scaffold_4_RagTag	80	165	16	12	1961	2109	858346	858183	5.15e-21	106	F1-14.ragtag.scaffold_chr
AL4G35260	scaffold_4_RagTag	84	100	14	2	2011	2109	12451165	12451263	1.11e-17	95.3	F1-14.ragtag.scaffold_chr
AL4G35260	scaffold_3_RagTag	92.874	435	29	2	1694	2126	6693584	6694018	6.87e-179	630	F1-14.ragtag.scaffold_chr
AL4G35260	scaffold_3_RagTag	87.557	442	29	10	1694	2109	7644922	7645363	4.38e-136	488	F1-14.ragtag.scaffold_chr
AL4G35260	scaffold_3_RagTag	91.781	73	6	0	2037	2109	6208105	6208033	6.66e-20	102	F1-14.ragtag.scaffold_chr
AL4G35260	scaffold_2_RagTag	90.351	456	33	7	1657	2109	6613474	6613921	4.19e-166	588	F1-14.ragtag.scaffold_chr
AL4G35260	scaffold_2_RagTag	87.705	488	35	9	1655	2132	5218785	5218313	2.56e-153	545	F1-14.ragtag.scaffold_chr
AL4G35260	scaffold_2_RagTag	91.304	391	19	7	1752	2137	6456221	6455841	1.55e-145	520	F1-14.ragtag.scaffold_chr
AL4G35260	scaffold_2_RagTag	91.304	391	19	7	1752	2137	6458785	6458405	1.55e-145	520	F1-14.ragtag.scaffold_chr
AL4G35260	scaffold_2_RagTag	87.692	455	27	13	1670	2109	1508269	1507829	1.56e-140	503	F1-14.ragtag.scaffold_chr
AL4G35260	scaffold_2_RagTag	85.857	502	22	17	1658	2137	6451174	6450700	4.38e-136	488	F1-14.ragtag.scaffold_chr
AL4G35260	scaffold_2_RagTag	89.698	398	19	8	1752	2137	6453657	6453270	4.38e-136	488	F1-14.ragtag.scaffold_chr
AL4G35260	scaffold_2_RagTag	89.698	398	19	8	1752	2137	6461356	6460969	4.38e-136	488	F1-14.ragtag.scaffold_chr
AL4G35260	scaffold_2_RagTag	86.967	422	36	9	1694	2109	24372865	24373273	1.23e-126	457	F1-14.ragtag.scaffold_chr
AL4G35260	scaffold_2_RagTag	84.028	144	17	6	1971	2109	22982905	22982763	2.36e-29	134	F1-14.ragtag.scaffold_chr
AL4G35260	scaffold_2_RagTag	90.411	73	7	0	2037	2109	2444393	2444321	3.1e-18	97.1	F1-14.ragtag.scaffold_chr
AL4G35260	scaffold_2_RagTag	88.235	68	8	0	2042	2109	356506	356439	8.68e-14	82.4	F1-14.ragtag.scaffold_chr
AL4G35260	scaffold_1_RagTag	88.889	477	30	10	1657	2132	19587039	19587493	1.97e-159	566	F1-14.ragtag.scaffold_chr
AL4G35260	scaffold_1_RagTag	88.462	442	25	10	1694	2109	12507334	12506893	9.34e-143	510	F1-14.ragtag.scaffold_chr
AL4G35260	scaffold_1_RagTag	84.175	297	29	10	1830	2109	1008789	1009084	4.8e-71	272	F1-14.ragtag.scaffold_chr
AL4G35260	scaffold_1_RagTag	90.816	98	8	1	2041	2137	7616976	7617073	3.06e-28	130	F1-14.ragtag.scaffold_chr
AL4G35260	scaffold_6_RagTag	89.177	462	31	8	1652	2108	11052782	11053229	3.29e-157	558	F1-14.ragtag.scaffold_chr
AL4G35260	scaffold_6_RagTag	88.688	442	24	10	1694	2109	255449	255890	2.01e-144	516	F1-14.ragtag.scaffold_chr
AL4G35260	scaffold_6_RagTag	87.063	286	29	8	1830	2109	20697513	20697796	2.19e-84	316	F1-14.ragtag.scaffold_chr
AL4G35260	scaffold_6_RagTag	87.437	199	12	5	1693	1879	573851	573654	2.28e-54	217	F1-14.ragtag.scaffold_chr
AL4G35260	scaffold_6_RagTag	87.437	199	12	5	1693	1879	590575	590378	2.28e-54	217	F1-14.ragtag.scaffold_chr
AL4G35260	scaffold_6_RagTag	87.709	179	11	2	1969	2147	573615	573448	8.26e-49	198	F1-14.ragtag.scaffold_chr
AL4G35260	scaffold_6_RagTag	87.709	179	11	2	1969	2147	590339	590172	8.26e-49	198	F1-14.ragtag.scaffold_chr
AL4G35260	scaffold_6_RagTag	92.157	102	8	0	2008	2109	20723059	20723160	1.09e-32	145	F1-14.ragtag.scaffold_chr
AL4G35260	scaffold_6_RagTag	91.781	73	6	0	2037	2109	10935292	10935220	6.66e-20	102	F1-14.ragtag.scaffold_chr
AL4G35260	scaffold_5_RagTag	87.474	479	27	13	1658	2109	880437	880909	4.31e-146	521	F1-14.ragtag.scaffold_chr
AL4G35260	scaffold_5_RagTag	90.06	332	16	8	1776	2103	586525	586843	7.53e-114	414	F1-14.ragtag.scaffold_chr
AL4G35260	scaffold_5_RagTag	85.068	442	21	19	1694	2109	13808491	13808069	3.51e-112	409	F1-14.ragtag.scaffold_chr
AL4G35260	scaffold_5_RagTag	82.869	502	32	11	1650	2107	9813234	9812743	5.87e-110	401	F1-14.ragtag.scaffold_chr
AL4G35260	scaffold_5_RagTag	85.567	291	30	7	1830	2109	20264012	20263723	1.02e-77	294	F1-14.ragtag.scaffold_chr
AL4G35260	scaffold_5_RagTag	84.333	300	23	16	1830	2109	4442257	4442552	4.8e-71	272	F1-14.ragtag.scaffold_chr
AL4G35260	scaffold_5_RagTag	82.237	304	29	12	1830	2109	3930530	3930832	4.87e-61	239	F1-14.ragtag.scaffold_chr
AL4G35260	scaffold_5_RagTag	80.645	310	29	15	1830	2109	4059781	4060089	1.06e-52	211	F1-14.ragtag.scaffold_chr
AL4G35260	scaffold_8_RagTag	85.386	479	29	16	1658	2109	15341561	15341097	3.43e-127	459	F1-14.ragtag.scaffold_chr
AL4G35260	scaffold_8_RagTag	84.874	476	43	16	1648	2109	1798453	1797993	1.6e-125	453	F1-14.ragtag.scaffold_chr
AL4G35260	scaffold_8_RagTag	84.848	297	27	10	1830	2109	14983468	14983763	2.22e-74	283	F1-14.ragtag.scaffold_chr
AL4G35260	scaffold_8_RagTag	84.564	298	26	12	1830	2109	21854619	21854324	1.03e-72	278	F1-14.ragtag.scaffold_chr
AL4G35260	scaffold_8_RagTag	84.175	297	29	10	1830	2109	1058048	1058343	4.8e-71	272	F1-14.ragtag.scaffold_chr
AL4G35260	scaffold_8_RagTag	77.642	492	46	32	1652	2127	14130901	14131344	1.35e-61	241	F1-14.ragtag.scaffold_chr
AL4G35260	scaffold_8_RagTag	91.781	73	6	0	2037	2109	11686583	11686655	6.66e-20	102	F1-14.ragtag.scaffold_chr
AL4G35260	scaffold_7_RagTag	82.03	473	26	24	1694	2109	27660500	27660030	7.75e-94	348	F1-14.ragtag.scaffold_chr
AL4G35260	scaffold_7_RagTag	84.512	297	28	10	1830	2109	16201769	16201474	1.03e-72	278	F1-14.ragtag.scaffold_chr
AL4G35260	scaffold_7_RagTag	88.053	226	15	7	1833	2055	15208964	15208748	1.34e-66	257	F1-14.ragtag.scaffold_chr
AL4G35260	scaffold_7_RagTag	89.447	199	20	1	1642	1840	15212453	15212256	2.25e-64	250	F1-14.ragtag.scaffold_chr
AL4G35260	scaffold_7_RagTag	86.066	122	17	0	2011	2132	17804718	17804839	8.5e-29	132	F1-14.ragtag.scaffold_chr
AL4G35260	scaffold_7_RagTag	85.246	122	18	0	2011	2132	17806393	17806514	3.95e-27	126	F1-14.ragtag.scaffold_chr
AL4G35260	scaffold_7_RagTag	85.246	122	18	0	2011	2132	17811478	17811599	3.95e-27	126	F1-14.ragtag.scaffold_chr
AL4G35260	scaffold_7_RagTag	80.982	163	24	5	1977	2132	17814837	17814999	5.11e-26	122	F1-14.ragtag.scaffold_chr
AL4G35260	scaffold_7_RagTag	84.848	99	15	0	2011	2109	17719990	17720088	2.4e-19	100	F1-14.ragtag.scaffold_chr
AL4G35260	scaffold_7_RagTag	83.838	99	16	0	2011	2109	17808080	17808178	1.11e-17	95.3	F1-14.ragtag.scaffold_chr
AL4G35260	scaffold_7_RagTag	83.838	99	16	0	2011	2109	17809779	17809877	1.11e-17	95.3	F1-14.ragtag.scaffold_chr
AL4G35260	scaffold_7_RagTag	83.838	99	16	0	2011	2109	17813165	17813263	1.11e-17	95.3	F1-14.ragtag.scaffold_chr
AL4G35260	scaffold_7_RagTag	87.5	64	7	1	2041	2104	17816530	17816592	5.22e-11	73.1	F1-14.ragtag.scaffold_chr
AL4G35290	scaffold_4_RagTag	94.606	2206	72	23	1	2180	17314355	17312171	0	3371	F1-14.ragtag.scaffold_chr
AL4G35290	scaffold_4_RagTag	96.739	1656	29	11	1	1633	17323704	17322051	0	2736	F1-14.ragtag.scaffold_chr
AL4G35290	scaffold_4_RagTag	93.286	700	34	5	1484	2180	17316116	17315427	0	1020	F1-14.ragtag.scaffold_chr
AL4G35290	scaffold_4_RagTag	93.739	559	29	3	1624	2180	17321565	17321011	0	833	F1-14.ragtag.scaffold_chr
AL4G35290	scaffold_4_RagTag	77.284	405	78	10	1	399	18423130	18423526	3.01e-57	226	F1-14.ragtag.scaffold_chr
AL4G31290	scaffold_4_RagTag	99.291	3528	20	5	1	3526	18016249	18019773	0	6372	KN003hexa_v0
AL4G31290	scaffold_4_RagTag	98.092	2096	9	7	4837	6905	18021218	18023309	0	3620	KN003hexa_v0
AL4G31290	scaffold_4_RagTag	84.449	2675	308	74	1	2607	18012956	18015590	0	2536	KN003hexa_v0
AL4G31290	scaffold_4_RagTag	98.786	1318	9	3	3529	4844	18019878	18021190	0	2338	KN003hexa_v0
AL4G31290	scaffold_4_RagTag	87.035	995	112	10	2678	3657	10800978	10801970	0	1107	KN003hexa_v0
AL4G31290	scaffold_4_RagTag	76.923	468	87	17	13	468	19617212	19617670	7.28e-63	246	KN003hexa_v0
AL4G31290	scaffold_4_RagTag	76.445	467	90	16	13	468	19625436	19625893	1.58e-59	235	KN003hexa_v0
AL4G31290	scaffold_4_RagTag	88.66	97	10	1	1880	1975	19677160	19677256	5.96e-24	117	KN003hexa_v0
AL4G31290	scaffold_4_RagTag	88.66	97	10	1	1880	1975	19680147	19680243	5.96e-24	117	KN003hexa_v0
AL4G31290	scaffold_4_RagTag	88.66	97	10	1	1880	1975	19684848	19684944	5.96e-24	117	KN003hexa_v0
AL4G31290	scaffold_4_RagTag	88.66	97	10	1	1880	1975	19689549	19689645	5.96e-24	117	KN003hexa_v0
AL4G31290	scaffold_4_RagTag	78.723	188	26	10	1880	2063	19673039	19673216	7.7e-23	113	KN003hexa_v0
AL4G31290	scaffold_4_RagTag	88.172	93	10	1	1880	1971	19691911	19692003	9.97e-22	110	KN003hexa_v0
AL4G31290	scaffold_1_RagTag	95.272	2136	30	18	4837	6905	26954754	26956885	0	3319	KN003hexa_v0
AL4G31290	scaffold_1_RagTag	97.943	1556	24	4	2681	4232	26952602	26954153	0	2689	KN003hexa_v0
AL4G31290	scaffold_1_RagTag	98.282	582	5	1	4263	4844	26954150	26954726	0	1014	KN003hexa_v0
AL4G31290	scaffold_1_RagTag	96.341	164	3	1	2681	2844	26946036	26946196	5.59e-69	267	KN003hexa_v0
AL4G31290	scaffold_6_RagTag	97.813	1189	22	2	2686	3873	3981758	3980573	0	2049	KN003hexa_v0
AL4G31290	scaffold_6_RagTag	97.645	1189	24	2	2686	3873	3995433	3994248	0	2037	KN003hexa_v0
AL4G31290	scaffold_6_RagTag	86.88	968	111	9	2703	3657	11373569	11374533	0	1070	KN003hexa_v0
AL4G31290	scaffold_2_RagTag	88.597	1219	95	25	2682	3893	2308136	2306955	0	1441	KN003hexa_v0
AL4G31290	scaffold_2_RagTag	88.597	1219	95	25	2682	3893	2343680	2342499	0	1441	KN003hexa_v0
AL4G31290	scaffold_2_RagTag	88.597	1219	95	25	2682	3893	2378909	2377728	0	1441	KN003hexa_v0
AL4G31290	scaffold_2_RagTag	86.839	1003	113	10	2672	3657	6325808	6326808	0	1103	KN003hexa_v0
AL4G31290	scaffold_3_RagTag	83.529	170	25	3	4539	4706	20404393	20404225	1.26e-35	156	KN003hexa_v0
AL4G31290	scaffold_5_RagTag	94.737	95	5	0	4401	4495	10849475	10849381	2.11e-33	148	KN003hexa_v0
AL4G31290	scaffold_5_RagTag	94.737	95	5	0	4401	4495	10948745	10948651	2.11e-33	148	KN003hexa_v0
AL4G31290	scaffold_5_RagTag	93.684	95	6	0	4401	4495	10882169	10882075	9.83e-32	143	KN003hexa_v0
AL4G31290	scaffold_5_RagTag	93.684	95	6	0	4401	4495	10981439	10981345	9.83e-32	143	KN003hexa_v0
AL4G31290	scaffold_5_RagTag	97.403	77	2	0	4323	4399	21006970	21006894	2.13e-28	132	KN003hexa_v0
AL4G31290	scaffold_5_RagTag	97.872	47	1	0	4648	4694	10848832	10848786	2.17e-13	82.4	KN003hexa_v0
AL4G31290	scaffold_5_RagTag	97.872	47	1	0	4648	4694	10881526	10881480	2.17e-13	82.4	KN003hexa_v0
AL4G31290	scaffold_5_RagTag	97.872	47	1	0	4648	4694	10948102	10948056	2.17e-13	82.4	KN003hexa_v0
AL4G31290	scaffold_5_RagTag	97.872	47	1	0	4648	4694	10980796	10980750	2.17e-13	82.4	KN003hexa_v0
AL4G31290	scaffold_7_RagTag	81.383	188	25	4	3983	4161	1130434	1130248	2.73e-32	145	KN003hexa_v0
AL4G31290	scaffold_7_RagTag	98.305	59	1	0	5100	5158	5759719	5759661	4.64e-20	104	KN003hexa_v0
AL4G35260	scaffold_4_RagTag	99.416	2741	13	3	1	2739	19617272	19620011	0	4970	KN003hexa_v0
AL4G35260	scaffold_4_RagTag	96.622	1332	21	11	1	1331	19625496	19626804	0	2189	KN003hexa_v0
AL4G35260	scaffold_4_RagTag	95.349	602	18	8	2133	2733	19623865	19624457	0	948	KN003hexa_v0
AL4G35260	scaffold_4_RagTag	93.821	615	26	6	2133	2739	19627063	19627673	0	915	KN003hexa_v0
AL4G35260	scaffold_4_RagTag	90.15	467	31	6	1657	2109	6271168	6271633	8.9e-168	593	KN003hexa_v0
AL4G35260	scaffold_4_RagTag	87.605	476	28	8	1642	2109	23001727	23002179	1.18e-146	523	KN003hexa_v0
AL4G35260	scaffold_4_RagTag	93.284	268	9	3	1395	1653	19626805	19627072	1.62e-105	387	KN003hexa_v0
AL4G35260	scaffold_4_RagTag	95.205	146	6	1	1509	1653	19623729	19623874	2.89e-58	230	KN003hexa_v0
AL4G35260	scaffold_4_RagTag	76.923	403	79	10	1	397	18016320	18016714	2.25e-54	217	KN003hexa_v0
AL4G35260	scaffold_3_RagTag	90.269	483	33	8	1657	2132	19264161	19264636	1.47e-175	619	KN003hexa_v0
AL4G35260	scaffold_3_RagTag	91.553	438	30	5	1694	2126	10573660	10573225	6.88e-169	597	KN003hexa_v0
AL4G35260	scaffold_3_RagTag	90.345	435	31	5	1694	2126	10265815	10266240	9.03e-158	560	KN003hexa_v0
AL4G35260	scaffold_3_RagTag	86.818	440	28	11	1694	2115	484011	484438	7.28e-129	464	KN003hexa_v0
AL4G35260	scaffold_3_RagTag	83.702	362	19	13	1776	2109	24806038	24806387	4.67e-81	305	KN003hexa_v0
AL4G35260	scaffold_3_RagTag	84.459	296	28	9	1831	2109	12381233	12381527	3.66e-72	276	KN003hexa_v0
AL4G35260	scaffold_2_RagTag	91.247	457	33	6	1657	2109	5127260	5127713	1.9e-174	616	KN003hexa_v0
AL4G35260	scaffold_2_RagTag	88.235	476	32	9	1658	2109	8265183	8264708	7.03e-154	547	KN003hexa_v0
AL4G35260	scaffold_1_RagTag	87.627	493	23	12	1657	2126	11392212	11391735	4.23e-151	538	KN003hexa_v0
AL4G35260	scaffold_1_RagTag	88.834	403	33	10	1659	2055	3287613	3287217	5.59e-135	484	KN003hexa_v0
AL4G35260	scaffold_1_RagTag	83.57	493	34	18	1658	2133	13833490	13833028	5.75e-115	418	KN003hexa_v0
AL4G35260	scaffold_1_RagTag	88.338	343	24	8	1694	2024	18082670	18082332	7.49e-109	398	KN003hexa_v0
AL4G35260	scaffold_1_RagTag	84.099	283	19	11	1646	1905	18803138	18802859	2.22e-64	250	KN003hexa_v0
AL4G35260	scaffold_1_RagTag	90.164	61	5	1	2025	2085	17863885	17863944	1.11e-12	78.7	KN003hexa_v0
AL4G35260	scaffold_7_RagTag	89.145	433	28	7	1694	2108	24265666	24265235	4.26e-146	521	KN003hexa_v0
AL4G35260	scaffold_7_RagTag	83.667	300	26	15	1830	2109	25359885	25359589	1.03e-67	261	KN003hexa_v0
AL4G35260	scaffold_7_RagTag	95	100	4	1	2034	2132	22509714	22509615	4.98e-36	156	KN003hexa_v0
AL4G35260	scaffold_5_RagTag	87.202	461	41	10	1658	2108	1962398	1961946	3.32e-142	508	KN003hexa_v0
AL4G35260	scaffold_5_RagTag	87.097	124	7	3	2011	2132	13614258	13614142	8.39e-29	132	KN003hexa_v0
AL4G35260	scaffold_5_RagTag	93.023	86	5	1	2025	2109	9669512	9669597	1.4e-26	124	KN003hexa_v0
AL4G35260	scaffold_8_RagTag	82.027	523	27	18	1658	2126	16058735	16058226	2.1e-104	383	KN003hexa_v0
AL4G35260	scaffold_8_RagTag	81.633	490	39	27	1652	2127	13016734	13017186	3.53e-97	359	KN003hexa_v0
AL4G35260	scaffold_8_RagTag	84.615	286	27	9	1830	2109	13446882	13446608	6.13e-70	268	KN003hexa_v0
AL4G35260	scaffold_8_RagTag	88.356	146	10	4	1994	2132	391150	391005	6.39e-40	169	KN003hexa_v0
AL4G35260	scaffold_8_RagTag	88.356	146	10	4	1994	2132	396921	397066	6.39e-40	169	KN003hexa_v0
AL4G35260	scaffold_6_RagTag	85.165	364	29	15	1652	2013	11816601	11816941	2.13e-94	350	KN003hexa_v0
AL4G35290	scaffold_4_RagTag	96.379	1657	33	12	1	1633	19617272	19618925	0	2702	KN003hexa_v0
AL4G35290	scaffold_4_RagTag	99.314	1311	7	2	1	1310	19625496	19626805	0	2370	KN003hexa_v0
AL4G35290	scaffold_4_RagTag	97.922	818	6	2	1374	2180	19626805	19627622	0	1406	KN003hexa_v0
AL4G35290	scaffold_4_RagTag	93.123	698	36	7	1484	2180	19623726	19624412	0	1013	KN003hexa_v0
AL4G35290	scaffold_4_RagTag	93.739	559	29	3	1624	2180	19619406	19619960	0	833	KN003hexa_v0
AL4G35290	scaffold_4_RagTag	76.923	403	79	10	1	397	18016320	18016714	1.79e-54	217	KN003hexa_v0
AL4G35450	scaffold_4_RagTag	97.631	2406	30	6	1	2403	19675015	19677396	0	4102	KN003hexa_v0
AL4G35450	scaffold_4_RagTag	96.189	2414	50	18	1	2403	19687405	19689787	0	3910	KN003hexa_v0
AL4G35450	scaffold_4_RagTag	95.861	2416	54	27	1	2403	19682704	19685086	0	3866	KN003hexa_v0
AL4G35450	scaffold_4_RagTag	94.565	1564	51	13	844	2403	19690615	19692148	0	2386	KN003hexa_v0
AL4G35450	scaffold_4_RagTag	94.422	1506	38	25	912	2403	19678912	19680385	0	2274	KN003hexa_v0
AL4G35450	scaffold_4_RagTag	93.15	1270	56	17	1142	2403	19672030	19673276	0	1834	KN003hexa_v0
AL4G35450	scaffold_4_RagTag	91.957	1119	62	18	1	1108	19670836	19671937	0	1543	KN003hexa_v0
AL4G35450	scaffold_4_RagTag	88.66	97	10	1	2167	2263	18018127	18018222	2.06e-24	117	KN003hexa_v0
AL4G35480	scaffold_4_RagTag	99.035	2384	21	2	1	2383	19687405	19689787	0	4274	KN003hexa_v0
AL4G35480	scaffold_4_RagTag	98.617	2386	27	5	1	2383	19682704	19685086	0	4218	KN003hexa_v0
AL4G35480	scaffold_4_RagTag	96.784	2394	54	14	1	2383	19675015	19677396	0	3973	KN003hexa_v0
AL4G35480	scaffold_4_RagTag	98.848	1476	11	3	912	2383	19678912	19680385	0	2627	KN003hexa_v0
AL4G35480	scaffold_4_RagTag	95.663	1545	51	10	844	2383	19690615	19692148	0	2468	KN003hexa_v0
AL4G35480	scaffold_4_RagTag	93.625	1255	59	8	1142	2383	19672030	19673276	0	1855	KN003hexa_v0
AL4G35480	scaffold_4_RagTag	91.868	1119	63	18	1	1108	19670836	19671937	0	1537	KN003hexa_v0
AL4G35480	scaffold_4_RagTag	88.66	97	10	1	2145	2241	18018127	18018222	2.04e-24	117	KN003hexa_v0
AL4G31290	scaffold_4_RagTag	98.447	6953	40	15	1	6905	16637954	16644886	0	12179	KN005_v1
AL4G31290	scaffold_4_RagTag	84.424	2125	237	62	541	2607	16635207	16637295	0	2004	KN005_v1
AL4G31290	scaffold_4_RagTag	85.949	548	69	8	1	546	16634631	16635172	6.22e-163	579	KN005_v1
AL4G31290	scaffold_4_RagTag	91.667	84	7	0	1880	1963	18323849	18323932	5.86e-24	117	KN005_v1
AL4G31290	scaffold_4_RagTag	78.723	188	26	10	1880	2063	18319715	18319892	7.59e-23	113	KN005_v1
AL4G31290	scaffold_4_RagTag	89.286	84	9	0	1880	1963	18330863	18330946	1.27e-20	106	KN005_v1
AL4G31290	scaffold_1_RagTag	98.016	2167	32	5	2681	4844	26478092	26480250	0	3753	KN005_v1
AL4G31290	scaffold_1_RagTag	93.877	2123	23	18	4837	6905	26480278	26482347	0	3101	KN005_v1
AL4G31290	scaffold_1_RagTag	81.307	979	158	19	2678	3644	23539559	23538594	0	771	KN005_v1
AL4G31290	scaffold_6_RagTag	97.645	1189	24	2	2686	3873	3948405	3947220	0	2037	KN005_v1
AL4G31290	scaffold_6_RagTag	86.97	990	113	9	2681	3657	11211652	11212638	0	1099	KN005_v1
AL4G31290	scaffold_2_RagTag	88.515	1219	96	25	2682	3893	2259641	2258460	0	1435	KN005_v1
AL4G31290	scaffold_2_RagTag	88.433	1219	95	26	2682	3893	4397500	4398679	0	1428	KN005_v1
AL4G31290	scaffold_3_RagTag	83.529	170	25	3	4539	4706	20013168	20013000	1.24e-35	156	KN005_v1
AL4G31290	scaffold_5_RagTag	94.737	95	5	0	4401	4495	11549375	11549281	2.08e-33	148	KN005_v1
AL4G31290	scaffold_5_RagTag	97.403	77	2	0	4323	4399	21135255	21135179	2.09e-28	132	KN005_v1
AL4G31290	scaffold_5_RagTag	97.872	47	1	0	4648	4694	11548732	11548686	2.14e-13	82.4	KN005_v1
AL4G31290	scaffold_7_RagTag	91.429	105	9	0	3983	4087	1161708	1161604	2.69e-32	145	KN005_v1
AL4G31290	scaffold_7_RagTag	98.305	59	1	0	5100	5158	5744627	5744569	4.57e-20	104	KN005_v1
AL4G35260	scaffold_3_RagTag	91.762	437	30	4	1694	2126	10480418	10479984	1.46e-170	603	KN005_v1
AL4G35260	scaffold_3_RagTag	85.121	289	24	9	1856	2126	12223376	12223663	1e-72	278	KN005_v1
AL4G35260	scaffold_2_RagTag	90.175	458	37	6	1657	2109	5261374	5261828	1.13e-166	590	KN005_v1
AL4G35260	scaffold_2_RagTag	90.3	433	22	6	1694	2108	2819148	2819578	1.92e-154	549	KN005_v1
AL4G35260	scaffold_2_RagTag	88.235	476	32	9	1658	2109	8467147	8466672	6.92e-154	547	KN005_v1
AL4G35260	scaffold_5_RagTag	89.05	484	32	8	1657	2132	5180478	5180948	6.82e-164	580	KN005_v1
AL4G35260	scaffold_5_RagTag	86.985	461	43	9	1658	2108	2045082	2044629	1.52e-140	503	KN005_v1
AL4G35260	scaffold_5_RagTag	76.531	294	45	14	1830	2100	10306655	10306947	4.93e-31	139	KN005_v1
AL4G35260	scaffold_5_RagTag	87.097	124	7	3	2011	2132	13971859	13971743	8.26e-29	132	KN005_v1
AL4G35260	scaffold_4_RagTag	90.909	429	26	4	1694	2109	14695686	14696114	6.87e-159	564	KN005_v1
AL4G35260	scaffold_4_RagTag	90.805	348	17	7	1777	2109	9636591	9636244	5.58e-125	451	KN005_v1
AL4G35260	scaffold_7_RagTag	87.613	444	25	9	1694	2108	24606942	24606500	4.25e-136	488	KN005_v1
AL4G35260	scaffold_7_RagTag	89.744	117	10	2	1994	2108	24000356	24000240	8.2e-34	148	KN005_v1
AL4G35260	scaffold_1_RagTag	87.065	402	26	11	1646	2024	18318235	18317837	7.27e-119	431	KN005_v1
AL4G35260	scaffold_1_RagTag	88.63	343	24	7	1694	2024	17536556	17536217	1.58e-110	403	KN005_v1
AL4G35260	scaffold_1_RagTag	81.874	491	31	24	1658	2133	13570253	13569806	9.67e-98	361	KN005_v1
AL4G35260	scaffold_1_RagTag	97.826	46	1	0	1657	1702	11200776	11200731	3.03e-13	80.5	KN005_v1
AL4G35260	scaffold_1_RagTag	100	30	0	0	1694	1723	11200717	11200688	5.11e-06	56.5	KN005_v1
AL4G35260	scaffold_8_RagTag	84.257	451	31	20	1694	2109	13393876	13393431	1.58e-110	403	KN005_v1
AL4G35260	scaffold_8_RagTag	81.633	490	39	27	1652	2127	13006407	13006859	3.48e-97	359	KN005_v1
AL4G35260	scaffold_8_RagTag	88.356	146	10	4	1994	2132	429144	429289	6.29e-40	169	KN005_v1
AL4G35260	scaffold_8_RagTag	82	100	7	4	1655	1744	12039070	12038972	1.41e-11	75	KN005_v1
AL4G35450	scaffold_4_RagTag	97.589	2406	35	6	1	2403	18321700	18324085	0	4100	KN005_v1
AL4G35450	scaffold_4_RagTag	95.942	2415	58	18	1	2403	18326339	18328725	0	3880	KN005_v1
AL4G35450	scaffold_4_RagTag	95.003	1461	47	18	844	2296	18329550	18330992	0	2270	KN005_v1
AL4G35450	scaffold_4_RagTag	94.313	1266	57	11	1142	2403	18318698	18319952	0	1925	KN005_v1
AL4G35450	scaffold_4_RagTag	91.25	1120	60	18	1	1108	18317512	18318605	0	1491	KN005_v1
AL4G35450	scaffold_4_RagTag	95.495	111	4	1	2294	2403	18333909	18334019	3.29e-42	176	KN005_v1
AL4G35450	scaffold_4_RagTag	88.66	97	10	1	2167	2263	16639833	16639928	2.03e-24	117	KN005_v1
AL4G35480	scaffold_4_RagTag	98.16	2391	32	6	1	2383	18326339	18328725	0	4161	KN005_v1
AL4G35480	scaffold_4_RagTag	96.414	2398	59	14	1	2383	18321700	18324085	0	3927	KN005_v1
AL4G35480	scaffold_4_RagTag	95.376	1449	43	11	844	2274	18329550	18330992	0	2283	KN005_v1
AL4G35480	scaffold_4_RagTag	92.733	1266	57	8	1142	2383	18318698	18319952	0	1796	KN005_v1
AL4G35480	scaffold_4_RagTag	91.161	1120	61	18	1	1108	18317512	18318605	0	1485	KN005_v1
AL4G35480	scaffold_4_RagTag	93.75	112	6	1	2272	2383	18333909	18334019	1.97e-39	167	KN005_v1
AL4G35480	scaffold_4_RagTag	88.66	97	10	1	2145	2241	16639833	16639928	2.01e-24	117	KN005_v1
AL4G31290	scaffold_4_RagTag	99.073	4854	32	7	1	4844	17859242	17864092	0	8702	KN006_v1
AL4G31290	scaffold_4_RagTag	96.235	2125	12	11	4837	6905	17864120	17866232	0	3419	KN006_v1
AL4G31290	scaffold_4_RagTag	83.828	2696	306	86	1	2607	17855928	17858582	0	2444	KN006_v1
AL4G31290	scaffold_4_RagTag	86.255	1004	112	13	2678	3657	6081230	6080229	0	1066	KN006_v1
AL4G31290	scaffold_4_RagTag	88.66	97	10	1	1880	1975	19727750	19727846	6.2e-24	117	KN006_v1
AL4G31290	scaffold_4_RagTag	78.723	188	26	10	1880	2063	19723621	19723798	8.02e-23	113	KN006_v1
AL4G31290	scaffold_4_RagTag	89.286	84	9	0	1880	1963	19734784	19734867	1.34e-20	106	KN006_v1
AL4G31290	scaffold_1_RagTag	95.316	2135	30	17	4837	6905	27888450	27890580	0	3325	KN006_v1
AL4G31290	scaffold_1_RagTag	98.136	1556	24	3	2681	4232	27886297	27887851	0	2708	KN006_v1
AL4G31290	scaffold_1_RagTag	97.766	582	6	2	4263	4844	27887848	27888422	0	996	KN006_v1
AL4G31290	scaffold_6_RagTag	97.897	1189	21	2	2686	3873	4185687	4184502	0	2054	KN006_v1
AL4G31290	scaffold_6_RagTag	97.813	1189	21	3	2686	3873	4172675	4171491	0	2047	KN006_v1
AL4G31290	scaffold_6_RagTag	86.869	990	114	9	2681	3657	11656173	11657159	0	1094	KN006_v1
AL4G31290	scaffold_2_RagTag	88.679	1219	94	25	2682	3893	2445993	2444812	0	1447	KN006_v1
AL4G31290	scaffold_2_RagTag	88.679	1219	93	26	2682	3893	2367647	2366467	0	1445	KN006_v1
AL4G31290	scaffold_2_RagTag	88.525	1220	94	27	2682	3893	2327406	2326225	0	1435	KN006_v1
AL4G31290	scaffold_3_RagTag	87.361	989	110	8	2682	3657	24940468	24941454	0	1120	KN006_v1
AL4G31290	scaffold_3_RagTag	84.118	170	24	3	4539	4706	22459046	22458878	2.82e-37	161	KN006_v1
AL4G31290	scaffold_5_RagTag	94.737	95	5	0	4401	4495	11713632	11713538	2.2e-33	148	KN006_v1
AL4G31290	scaffold_5_RagTag	97.403	77	2	0	4323	4399	22383780	22383704	2.21e-28	132	KN006_v1
AL4G31290	scaffold_5_RagTag	97.872	47	1	0	4648	4694	11712989	11712943	2.26e-13	82.4	KN006_v1
AL4G31290	scaffold_7_RagTag	91.429	105	9	0	3983	4087	1149458	1149354	2.84e-32	145	KN006_v1
AL4G31290	scaffold_7_RagTag	98.305	59	1	0	5100	5158	6063727	6063669	4.83e-20	104	KN006_v1
AL4G35260	scaffold_3_RagTag	90.833	480	32	6	1657	2126	11105863	11105386	1.96e-179	632	KN006_v1
AL4G35260	scaffold_3_RagTag	88.913	469	27	7	1651	2108	12757955	12758409	4.37e-156	555	KN006_v1
AL4G35260	scaffold_3_RagTag	84.175	297	28	10	1831	2109	13439581	13439876	1.77e-70	270	KN006_v1
AL4G35260	scaffold_3_RagTag	87.671	146	11	4	1994	2132	16348019	16347874	3.1e-38	163	KN006_v1
AL4G35260	scaffold_3_RagTag	87.671	146	11	4	1994	2132	16444031	16443886	3.1e-38	163	KN006_v1
AL4G35260	scaffold_3_RagTag	93.59	78	4	1	2033	2109	26801727	26801804	8.79e-24	115	KN006_v1
AL4G35260	scaffold_4_RagTag	92.566	417	26	2	1694	2109	15811564	15811976	9.27e-168	593	KN006_v1
AL4G35260	scaffold_4_RagTag	77.037	405	79	10	1	399	17859313	17859709	1.81e-55	220	KN006_v1
AL4G35260	scaffold_2_RagTag	92.18	422	27	1	1694	2109	2988685	2989106	3.33e-167	592	KN006_v1
AL4G35260	scaffold_2_RagTag	89.371	461	34	7	1694	2139	8390100	8389640	2.02e-159	566	KN006_v1
AL4G35260	scaffold_2_RagTag	89.035	456	34	6	1657	2109	5348273	5348715	5.66e-155	551	KN006_v1
AL4G35260	scaffold_2_RagTag	83	100	7	3	1655	1744	3980797	3980698	8.92e-14	82.4	KN006_v1
AL4G35260	scaffold_7_RagTag	92.781	374	26	1	1650	2022	8918361	8918734	1.22e-151	540	KN006_v1
AL4G35260	scaffold_7_RagTag	87.967	482	27	12	1657	2108	25801317	25800837	1.22e-151	540	KN006_v1
AL4G35260	scaffold_7_RagTag	85.479	303	27	9	1830	2126	27503165	27502874	2.26e-79	300	KN006_v1
AL4G35260	scaffold_7_RagTag	93.103	58	4	0	2052	2109	8918733	8918790	6.89e-15	86.1	KN006_v1
AL4G35260	scaffold_1_RagTag	87.627	493	23	12	1657	2126	11540018	11539541	4.4e-151	538	KN006_v1
AL4G35260	scaffold_1_RagTag	84.146	492	32	21	1658	2133	14039822	14039361	5.94e-120	435	KN006_v1
AL4G35260	scaffold_1_RagTag	85.821	402	29	12	1646	2024	19373306	19372910	6.03e-110	401	KN006_v1
AL4G35260	scaffold_5_RagTag	81.569	510	33	30	1650	2109	11726577	11726079	7.91e-99	364	KN006_v1
AL4G35260	scaffold_5_RagTag	85.315	286	31	9	1830	2109	2351795	2352075	6.33e-75	285	KN006_v1
AL4G35260	scaffold_5_RagTag	77.778	495	65	33	1657	2135	19544072	19543607	2.97e-68	263	KN006_v1
AL4G35260	scaffold_5_RagTag	89.565	115	10	2	1996	2108	14562981	14563095	1.12e-32	145	KN006_v1
AL4G35260	scaffold_5_RagTag	87.5	120	8	3	1997	2109	10462893	10463012	8.73e-29	132	KN006_v1
AL4G35260	scaffold_8_RagTag	81.633	490	39	27	1652	2127	13742475	13742927	3.68e-97	359	KN006_v1
AL4G35260	scaffold_8_RagTag	81.369	263	28	16	1854	2108	16750149	16749900	1.1e-47	195	KN006_v1
AL4G35260	scaffold_8_RagTag	82.278	79	4	5	1655	1723	12800145	12800067	4.18e-07	60.2	KN006_v1
AL4G35260	scaffold_6_RagTag	85.44	364	28	15	1652	2013	12169559	12169899	4.76e-96	355	KN006_v1
AL4G35260	scaffold_6_RagTag	88.608	237	15	5	1657	1882	5173243	5173008	1.06e-72	278	KN006_v1
AL4G35290	scaffold_4_RagTag	77.037	405	79	10	1	399	17859313	17859709	1.44e-55	220	KN006_v1
AL4G35450	scaffold_4_RagTag	97.506	2406	32	7	1	2403	19725606	19727986	0	4085	KN006_v1
AL4G35450	scaffold_4_RagTag	96.737	2421	59	17	1	2403	19730241	19732659	0	4015	KN006_v1
AL4G35450	scaffold_4_RagTag	93.852	1464	45	15	844	2296	19733484	19734913	0	2163	KN006_v1
AL4G35450	scaffold_4_RagTag	93.06	1268	55	19	1142	2403	19722618	19723858	0	1823	KN006_v1
AL4G35450	scaffold_4_RagTag	92.046	1119	61	18	1	1108	19721424	19722525	0	1548	KN006_v1
AL4G35450	scaffold_4_RagTag	95.495	111	4	1	2294	2403	19737828	19737938	3.48e-42	176	KN006_v1
AL4G35450	scaffold_4_RagTag	88.66	97	10	1	2167	2263	17861121	17861216	2.14e-24	117	KN006_v1
AL4G35480	scaffold_4_RagTag	96.658	2394	56	15	1	2383	19725606	19727986	0	3956	KN006_v1
AL4G35480	scaffold_4_RagTag	97.813	1463	28	4	1	1461	19730241	19731701	0	2521	KN006_v1
AL4G35480	scaffold_4_RagTag	96.17	1436	44	8	844	2274	19733484	19734913	0	2337	KN006_v1
AL4G35480	scaffold_4_RagTag	93.92	1250	59	8	1142	2383	19722618	19723858	0	1871	KN006_v1
AL4G35480	scaffold_4_RagTag	99.68	937	3	0	1447	2383	19731723	19732659	0	1714	KN006_v1
AL4G35480	scaffold_4_RagTag	91.957	1119	62	18	1	1108	19721424	19722525	0	1543	KN006_v1
AL4G35480	scaffold_4_RagTag	93.75	112	6	1	2272	2383	19737828	19737938	2.08e-39	167	KN006_v1
AL4G35480	scaffold_4_RagTag	88.66	97	10	1	2145	2241	17861121	17861216	2.12e-24	117	KN006_v1
AL4G31290	scaffold_4_RagTag	99.408	6927	18	4	1	6905	17743518	17750443	0	12543	MN47_mabs_v3
AL4G31290	scaffold_4_RagTag	85.07	1862	224	43	1	1825	17738596	17740440	0	1849	MN47_mabs_v3
AL4G31290	scaffold_4_RagTag	86.241	1003	113	12	2678	3657	6120566	6119566	0	1064	MN47_mabs_v3
AL4G31290	scaffold_4_RagTag	83.829	773	76	32	1868	2607	17742103	17742859	0	689	MN47_mabs_v3
AL4G31290	scaffold_4_RagTag	76.923	468	87	17	13	468	19465887	19466345	7.58e-63	246	MN47_mabs_v3
AL4G31290	scaffold_4_RagTag	76.923	468	87	17	13	468	19474171	19474629	7.58e-63	246	MN47_mabs_v3
AL4G31290	scaffold_4_RagTag	88.66	97	10	1	1880	1975	19523799	19523895	6.2e-24	117	MN47_mabs_v3
AL4G31290	scaffold_4_RagTag	88.66	97	10	1	1880	1975	19528491	19528587	6.2e-24	117	MN47_mabs_v3
AL4G31290	scaffold_4_RagTag	88.66	97	10	1	1880	1975	19533186	19533282	6.2e-24	117	MN47_mabs_v3
AL4G31290	scaffold_4_RagTag	88.66	97	10	1	1880	1975	19537881	19537977	6.2e-24	117	MN47_mabs_v3
AL4G31290	scaffold_4_RagTag	91.463	82	7	0	1880	1961	19519106	19519187	8.02e-23	113	MN47_mabs_v3
AL4G31290	scaffold_1_RagTag	97.643	1103	24	2	2681	3783	26854916	26856016	0	1892	MN47_mabs_v3
AL4G31290	scaffold_1_RagTag	96.73	948	7	3	4837	5772	26857020	26857955	0	1557	MN47_mabs_v3
AL4G31290	scaffold_1_RagTag	92.619	989	13	10	5766	6706	26857910	26858886	0	1367	MN47_mabs_v3
AL4G31290	scaffold_1_RagTag	98.454	582	5	1	4263	4844	26856415	26856992	0	1022	MN47_mabs_v3
AL4G31290	scaffold_1_RagTag	98.762	404	3	2	3830	4232	26856016	26856418	0	717	MN47_mabs_v3
AL4G31290	scaffold_1_RagTag	96.429	56	2	0	6850	6905	26858897	26858952	1.05e-16	93.5	MN47_mabs_v3
AL4G31290	scaffold_6_RagTag	86.97	990	113	9	2681	3657	11706283	11707269	0	1099	MN47_mabs_v3
AL4G31290	scaffold_3_RagTag	84.118	170	24	3	4539	4706	20711260	20711092	2.82e-37	161	MN47_mabs_v3
AL4G31290	scaffold_7_RagTag	91.429	105	9	0	3983	4087	1236720	1236616	2.84e-32	145	MN47_mabs_v3
AL4G31290	scaffold_7_RagTag	98.305	59	1	0	5100	5158	5966850	5966792	4.83e-20	104	MN47_mabs_v3
AL4G31290	scaffold_5_RagTag	97.403	77	2	0	4323	4399	23825458	23825382	2.21e-28	132	MN47_mabs_v3
AL4G35260	scaffold_4_RagTag	99.167	2762	0	2	1	2739	19465947	19468708	0	4951	MN47_mabs_v3
AL4G35260	scaffold_4_RagTag	96.498	1656	32	12	1	1653	19474231	19475863	0	2713	MN47_mabs_v3
AL4G35260	scaffold_4_RagTag	94.599	611	26	4	2133	2739	19475854	19476461	0	939	MN47_mabs_v3
AL4G35260	scaffold_4_RagTag	91.405	605	36	10	2133	2733	19472605	19473197	0	815	MN47_mabs_v3
AL4G35260	scaffold_4_RagTag	89.773	352	19	5	1777	2126	10841026	10840690	5.94e-120	435	MN47_mabs_v3
AL4G35260	scaffold_4_RagTag	82.594	293	30	13	1830	2103	12790764	12790474	5e-61	239	MN47_mabs_v3
AL4G35260	scaffold_4_RagTag	95.89	146	5	1	1509	1653	19472469	19472614	6.47e-60	235	MN47_mabs_v3
AL4G35260	scaffold_6_RagTag	90.644	481	33	5	1657	2126	5147344	5147823	2.54e-178	628	MN47_mabs_v3
AL4G35260	scaffold_6_RagTag	85.44	364	28	15	1652	2013	12193471	12193811	4.76e-96	355	MN47_mabs_v3
AL4G35260	scaffold_6_RagTag	88.608	237	15	5	1657	1882	5122507	5122272	1.06e-72	278	MN47_mabs_v3
AL4G35260	scaffold_3_RagTag	90.437	481	33	7	1657	2126	10520210	10519732	4.25e-176	621	MN47_mabs_v3
AL4G35260	scaffold_3_RagTag	88.539	445	30	9	1694	2126	10227785	10228220	1.59e-145	520	MN47_mabs_v3
AL4G35260	scaffold_3_RagTag	85.121	289	24	9	1856	2126	12672404	12672691	1.06e-72	278	MN47_mabs_v3
AL4G35260	scaffold_2_RagTag	90.175	458	37	6	1657	2109	17315504	17315050	1.2e-166	590	MN47_mabs_v3
AL4G35260	scaffold_2_RagTag	89.083	458	37	6	1657	2109	5055681	5056130	1.22e-156	556	MN47_mabs_v3
AL4G35260	scaffold_2_RagTag	87.047	386	35	9	1657	2031	8225998	8225617	4.63e-116	422	MN47_mabs_v3
AL4G35260	scaffold_7_RagTag	89.607	433	26	7	1694	2108	25932103	25931672	2.05e-149	532	MN47_mabs_v3
AL4G35260	scaffold_7_RagTag	86.43	479	26	9	1657	2109	13029759	13030224	4.5e-136	488	MN47_mabs_v3
AL4G35260	scaffold_7_RagTag	91	100	8	1	2034	2132	24258677	24258578	2.43e-29	134	MN47_mabs_v3
AL4G35260	scaffold_5_RagTag	88.889	441	24	9	1694	2109	1535645	1536085	1.59e-145	520	MN47_mabs_v3
AL4G35260	scaffold_5_RagTag	86.032	494	30	13	1657	2126	15140132	15139654	9.67e-138	494	MN47_mabs_v3
AL4G35260	scaffold_5_RagTag	85.912	433	25	17	1693	2108	21179920	21180333	2.76e-118	429	MN47_mabs_v3
AL4G35260	scaffold_5_RagTag	77.778	495	65	33	1657	2135	21242970	21242505	2.97e-68	263	MN47_mabs_v3
AL4G35260	scaffold_5_RagTag	81.23	309	28	17	1830	2109	1742160	1742467	5.04e-56	222	MN47_mabs_v3
AL4G35260	scaffold_5_RagTag	76.238	303	48	14	1830	2109	12766153	12766454	5.22e-31	139	MN47_mabs_v3
AL4G35260	scaffold_1_RagTag	85.572	402	30	12	1646	2024	18590007	18589611	2.8e-108	396	MN47_mabs_v3
AL4G35260	scaffold_8_RagTag	81.818	495	39	27	1652	2132	15760576	15761033	6.11e-100	368	MN47_mabs_v3
AL4G35260	scaffold_8_RagTag	82.278	79	4	5	1655	1723	14765134	14765056	4.18e-07	60.2	MN47_mabs_v3
AL4G35290	scaffold_4_RagTag	100	2180	0	0	1	2180	19474231	19476410	0	4026	MN47_mabs_v3
AL4G35290	scaffold_4_RagTag	96.558	1656	32	11	1	1633	19465947	19467600	0	2719	MN47_mabs_v3
AL4G35290	scaffold_4_RagTag	90.014	701	52	12	1484	2180	19472466	19473152	0	891	MN47_mabs_v3
AL4G35290	scaffold_4_RagTag	94.107	560	26	4	1624	2180	19468102	19468657	0	845	MN47_mabs_v3
AL4G35450	scaffold_4_RagTag	98.754	2408	25	4	1	2403	19516935	19519342	0	4276	MN47_mabs_v3
AL4G35450	scaffold_4_RagTag	98.087	2404	21	9	1	2403	19521656	19524035	0	4161	MN47_mabs_v3
AL4G35450	scaffold_4_RagTag	98.087	2404	21	9	1	2403	19531043	19533422	0	4161	MN47_mabs_v3
AL4G35450	scaffold_4_RagTag	97.962	2404	22	9	1	2403	19526350	19528727	0	4143	MN47_mabs_v3
AL4G35450	scaffold_4_RagTag	96.726	2413	39	16	1	2403	19535737	19538119	0	3982	MN47_mabs_v3
AL4G35450	scaffold_4_RagTag	88.66	97	10	1	2167	2263	17745396	17745491	2.14e-24	117	MN47_mabs_v3
AL4G35480	scaffold_4_RagTag	100	2383	0	0	1	2383	19535737	19538119	0	4401	MN47_mabs_v3
AL4G35480	scaffold_4_RagTag	97.863	2387	38	8	1	2383	19526350	19528727	0	4113	MN47_mabs_v3
AL4G35480	scaffold_4_RagTag	97.823	2389	37	8	1	2383	19521656	19524035	0	4109	MN47_mabs_v3
AL4G35480	scaffold_4_RagTag	97.823	2389	37	8	1	2383	19531043	19533422	0	4109	MN47_mabs_v3
AL4G35480	scaffold_4_RagTag	97.099	2413	35	12	1	2383	19516935	19519342	0	4036	MN47_mabs_v3
AL4G35480	scaffold_4_RagTag	88.66	97	10	1	2145	2241	17745396	17745491	2.12e-24	117	MN47_mabs_v3
AL4G31290	scaffold_4_RagTag	99.408	6927	18	4	1	6905	17743518	17750443	0	12543	MN47_v4
AL4G31290	scaffold_4_RagTag	85.07	1862	224	43	1	1825	17738596	17740440	0	1849	MN47_v4
AL4G31290	scaffold_4_RagTag	86.241	1003	113	12	2678	3657	6120566	6119566	0	1064	MN47_v4
AL4G31290	scaffold_4_RagTag	83.829	773	76	32	1868	2607	17742103	17742859	0	689	MN47_v4
AL4G31290	scaffold_4_RagTag	76.923	468	87	17	13	468	19465887	19466345	7.58e-63	246	MN47_v4
AL4G31290	scaffold_4_RagTag	76.923	468	87	17	13	468	19474171	19474629	7.58e-63	246	MN47_v4
AL4G31290	scaffold_4_RagTag	88.66	97	10	1	1880	1975	19523799	19523895	6.2e-24	117	MN47_v4
AL4G31290	scaffold_4_RagTag	88.66	97	10	1	1880	1975	19528491	19528587	6.2e-24	117	MN47_v4
AL4G31290	scaffold_4_RagTag	88.66	97	10	1	1880	1975	19533186	19533282	6.2e-24	117	MN47_v4
AL4G31290	scaffold_4_RagTag	88.66	97	10	1	1880	1975	19537881	19537977	6.2e-24	117	MN47_v4
AL4G31290	scaffold_4_RagTag	91.463	82	7	0	1880	1961	19519106	19519187	8.02e-23	113	MN47_v4
AL4G31290	scaffold_1_RagTag	97.643	1103	24	2	2681	3783	26823154	26824254	0	1892	MN47_v4
AL4G31290	scaffold_1_RagTag	96.73	948	7	3	4837	5772	26825258	26826193	0	1557	MN47_v4
AL4G31290	scaffold_1_RagTag	92.619	989	13	10	5766	6706	26826148	26827124	0	1367	MN47_v4
AL4G31290	scaffold_1_RagTag	98.454	582	5	1	4263	4844	26824653	26825230	0	1022	MN47_v4
AL4G31290	scaffold_1_RagTag	98.762	404	3	2	3830	4232	26824254	26824656	0	717	MN47_v4
AL4G31290	scaffold_1_RagTag	96.429	56	2	0	6850	6905	26827135	26827190	1.04e-16	93.5	MN47_v4
AL4G31290	scaffold_6_RagTag	86.97	990	113	9	2681	3657	11706283	11707269	0	1099	MN47_v4
AL4G31290	scaffold_3_RagTag	84.118	170	24	3	4539	4706	20711260	20711092	2.82e-37	161	MN47_v4
AL4G31290	scaffold_7_RagTag	91.429	105	9	0	3983	4087	1236720	1236616	2.84e-32	145	MN47_v4
AL4G31290	scaffold_7_RagTag	98.305	59	1	0	5100	5158	5966850	5966792	4.83e-20	104	MN47_v4
AL4G31290	scaffold_5_RagTag	97.403	77	2	0	4323	4399	23825458	23825382	2.21e-28	132	MN47_v4
AL4G35260	scaffold_4_RagTag	99.167	2762	0	2	1	2739	19465947	19468708	0	4951	MN47_v4
AL4G35260	scaffold_4_RagTag	96.498	1656	32	12	1	1653	19474231	19475863	0	2713	MN47_v4
AL4G35260	scaffold_4_RagTag	94.599	611	26	4	2133	2739	19475854	19476461	0	939	MN47_v4
AL4G35260	scaffold_4_RagTag	91.405	605	36	10	2133	2733	19472605	19473197	0	815	MN47_v4
AL4G35260	scaffold_4_RagTag	89.773	352	19	5	1777	2126	10841026	10840690	5.94e-120	435	MN47_v4
AL4G35260	scaffold_4_RagTag	82.594	293	30	13	1830	2103	12790764	12790474	5e-61	239	MN47_v4
AL4G35260	scaffold_4_RagTag	95.89	146	5	1	1509	1653	19472469	19472614	6.47e-60	235	MN47_v4
AL4G35260	scaffold_6_RagTag	90.644	481	33	5	1657	2126	5147344	5147823	2.54e-178	628	MN47_v4
AL4G35260	scaffold_6_RagTag	85.44	364	28	15	1652	2013	12193471	12193811	4.76e-96	355	MN47_v4
AL4G35260	scaffold_6_RagTag	88.608	237	15	5	1657	1882	5122507	5122272	1.06e-72	278	MN47_v4
AL4G35260	scaffold_3_RagTag	90.437	481	33	7	1657	2126	10520210	10519732	4.25e-176	621	MN47_v4
AL4G35260	scaffold_3_RagTag	88.539	445	30	9	1694	2126	10227785	10228220	1.59e-145	520	MN47_v4
AL4G35260	scaffold_3_RagTag	85.121	289	24	9	1856	2126	12672404	12672691	1.06e-72	278	MN47_v4
AL4G35260	scaffold_2_RagTag	90.175	458	37	6	1657	2109	17315504	17315050	1.2e-166	590	MN47_v4
AL4G35260	scaffold_2_RagTag	89.083	458	37	6	1657	2109	5055681	5056130	1.22e-156	556	MN47_v4
AL4G35260	scaffold_2_RagTag	87.047	386	35	9	1657	2031	8225998	8225617	4.63e-116	422	MN47_v4
AL4G35260	scaffold_7_RagTag	89.607	433	26	7	1694	2108	25932103	25931672	2.05e-149	532	MN47_v4
AL4G35260	scaffold_7_RagTag	86.43	479	26	9	1657	2109	13029759	13030224	4.5e-136	488	MN47_v4
AL4G35260	scaffold_7_RagTag	91	100	8	1	2034	2132	24258677	24258578	2.43e-29	134	MN47_v4
AL4G35260	scaffold_5_RagTag	88.889	441	24	9	1694	2109	1535645	1536085	1.59e-145	520	MN47_v4
AL4G35260	scaffold_5_RagTag	86.032	494	30	13	1657	2126	15140132	15139654	9.67e-138	494	MN47_v4
AL4G35260	scaffold_5_RagTag	85.912	433	25	17	1693	2108	21179920	21180333	2.76e-118	429	MN47_v4
AL4G35260	scaffold_5_RagTag	77.778	495	65	33	1657	2135	21242970	21242505	2.97e-68	263	MN47_v4
AL4G35260	scaffold_5_RagTag	81.23	309	28	17	1830	2109	1742160	1742467	5.04e-56	222	MN47_v4
AL4G35260	scaffold_5_RagTag	76.238	303	48	14	1830	2109	12766153	12766454	5.22e-31	139	MN47_v4
AL4G35260	scaffold_1_RagTag	85.572	402	30	12	1646	2024	18558245	18557849	2.8e-108	396	MN47_v4
AL4G35260	scaffold_8_RagTag	81.818	495	39	27	1652	2132	15760576	15761033	6.11e-100	368	MN47_v4
AL4G35260	scaffold_8_RagTag	82.278	79	4	5	1655	1723	14765134	14765056	4.18e-07	60.2	MN47_v4
AL4G35290	scaffold_4_RagTag	100	2180	0	0	1	2180	19474231	19476410	0	4026	MN47_v4
AL4G35290	scaffold_4_RagTag	96.558	1656	32	11	1	1633	19465947	19467600	0	2719	MN47_v4
AL4G35290	scaffold_4_RagTag	90.014	701	52	12	1484	2180	19472466	19473152	0	891	MN47_v4
AL4G35290	scaffold_4_RagTag	94.107	560	26	4	1624	2180	19468102	19468657	0	845	MN47_v4
AL4G35450	scaffold_4_RagTag	98.754	2408	25	4	1	2403	19516935	19519342	0	4276	MN47_v4
AL4G35450	scaffold_4_RagTag	98.087	2404	21	9	1	2403	19521656	19524035	0	4161	MN47_v4
AL4G35450	scaffold_4_RagTag	98.087	2404	21	9	1	2403	19531043	19533422	0	4161	MN47_v4
AL4G35450	scaffold_4_RagTag	97.962	2404	22	9	1	2403	19526350	19528727	0	4143	MN47_v4
AL4G35450	scaffold_4_RagTag	96.726	2413	39	16	1	2403	19535737	19538119	0	3982	MN47_v4
AL4G35450	scaffold_4_RagTag	88.66	97	10	1	2167	2263	17745396	17745491	2.14e-24	117	MN47_v4
AL4G35480	scaffold_4_RagTag	100	2383	0	0	1	2383	19535737	19538119	0	4401	MN47_v4
AL4G35480	scaffold_4_RagTag	97.863	2387	38	8	1	2383	19526350	19528727	0	4113	MN47_v4
AL4G35480	scaffold_4_RagTag	97.823	2389	37	8	1	2383	19521656	19524035	0	4109	MN47_v4
AL4G35480	scaffold_4_RagTag	97.823	2389	37	8	1	2383	19531043	19533422	0	4109	MN47_v4
AL4G35480	scaffold_4_RagTag	97.099	2413	35	12	1	2383	19516935	19519342	0	4036	MN47_v4
AL4G35480	scaffold_4_RagTag	88.66	97	10	1	2145	2241	17745396	17745491	2.12e-24	117	MN47_v4
AL4G31290	scaffold_4_RagTag	98.063	2684	42	9	1	2681	15547555	15550231	0	4660	Nla.ragtag.scaffold_chr
AL4G31290	scaffold_4_RagTag	84.158	2689	304	81	1	2607	15544303	15546951	0	2494	Nla.ragtag.scaffold_chr
AL4G31290	scaffold_4_RagTag	89.833	1672	110	20	2681	4309	10921219	10922873	0	2091	Nla.ragtag.scaffold_chr
AL4G31290	scaffold_4_RagTag	96.432	953	30	4	2672	3623	5967632	5966683	0	1568	Nla.ragtag.scaffold_chr
AL4G31290	scaffold_4_RagTag	85.514	1001	118	10	2681	3657	3910892	3911889	0	1020	Nla.ragtag.scaffold_chr
AL4G31290	scaffold_4_RagTag	95.709	536	18	4	3768	4300	5966684	5966151	0	857	Nla.ragtag.scaffold_chr
AL4G31290	scaffold_4_RagTag	77.137	468	86	17	13	468	17173637	17174095	1.57e-64	252	Nla.ragtag.scaffold_chr
AL4G31290	scaffold_4_RagTag	76.596	470	85	20	13	468	17182966	17183424	1.58e-59	235	Nla.ragtag.scaffold_chr
AL4G31290	scaffold_4_RagTag	96.104	77	3	0	4323	4399	5965966	5965890	9.94e-27	126	Nla.ragtag.scaffold_chr
AL4G31290	scaffold_4_RagTag	96.104	77	3	0	4323	4399	10923055	10923131	9.94e-27	126	Nla.ragtag.scaffold_chr
AL4G31290	scaffold_5_RagTag	91.636	1638	119	13	2682	4304	3088771	3087137	0	2250	Nla.ragtag.scaffold_chr
AL4G31290	scaffold_5_RagTag	94.737	95	5	0	4401	4495	9616136	9616042	2.12e-33	148	Nla.ragtag.scaffold_chr
AL4G31290	scaffold_5_RagTag	97.403	77	2	0	4323	4399	3086952	3086876	2.14e-28	132	Nla.ragtag.scaffold_chr
AL4G31290	scaffold_5_RagTag	97.403	77	2	0	4323	4399	19909588	19909512	2.14e-28	132	Nla.ragtag.scaffold_chr
AL4G31290	scaffold_1_RagTag	91.135	1647	121	17	2678	4307	26079087	26080725	0	2209	Nla.ragtag.scaffold_chr
AL4G31290	scaffold_1_RagTag	97.403	77	2	0	4323	4399	26080911	26080987	2.14e-28	132	Nla.ragtag.scaffold_chr
AL4G31290	scaffold_1_RagTag	96.104	77	3	0	4323	4399	18544398	18544322	9.94e-27	126	Nla.ragtag.scaffold_chr
AL4G31290	scaffold_7_RagTag	90.242	1691	121	16	2672	4322	8892474	8894160	0	2169	Nla.ragtag.scaffold_chr
AL4G31290	scaffold_7_RagTag	80.952	189	25	5	3983	4161	1174611	1174424	1.28e-30	139	Nla.ragtag.scaffold_chr
AL4G31290	scaffold_7_RagTag	97.403	77	2	0	4323	4399	8894334	8894410	2.14e-28	132	Nla.ragtag.scaffold_chr
AL4G31290	scaffold_7_RagTag	98.305	59	1	0	5100	5158	5866400	5866342	4.66e-20	104	Nla.ragtag.scaffold_chr
AL4G31290	scaffold_2_RagTag	88.094	1663	132	33	2679	4300	21417877	21416240	0	1914	Nla.ragtag.scaffold_chr
AL4G31290	scaffold_2_RagTag	96.104	77	3	0	4323	4399	21416052	21415976	9.94e-27	126	Nla.ragtag.scaffold_chr
AL4G31290	scaffold_3_RagTag	88.166	169	18	2	4539	4706	21308891	21308724	5.77e-49	200	Nla.ragtag.scaffold_chr
AL4G31290	scaffold_3_RagTag	98.305	59	1	0	5100	5158	7621551	7621609	4.66e-20	104	Nla.ragtag.scaffold_chr
AL4G31290	scaffold_6_RagTag	80.11	181	20	14	4926	5100	3942195	3942365	4.62e-25	121	Nla.ragtag.scaffold_chr
AL4G35260	scaffold_4_RagTag	98.98	2746	21	4	1	2739	17173697	17176442	0	4909	Nla.ragtag.scaffold_chr
AL4G35260	scaffold_4_RagTag	96.862	1657	46	6	1	1653	17183026	17184680	0	2767	Nla.ragtag.scaffold_chr
AL4G35260	scaffold_4_RagTag	95.847	602	16	7	2133	2733	17181402	17181995	0	965	Nla.ragtag.scaffold_chr
AL4G35260	scaffold_4_RagTag	94.728	607	16	4	2133	2739	17184671	17185261	0	929	Nla.ragtag.scaffold_chr
AL4G35260	scaffold_4_RagTag	87.5	480	29	12	1658	2109	854105	853629	3.31e-147	525	Nla.ragtag.scaffold_chr
AL4G35260	scaffold_4_RagTag	88.889	432	30	8	1694	2109	3841658	3841229	1.99e-144	516	Nla.ragtag.scaffold_chr
AL4G35260	scaffold_4_RagTag	86.742	445	28	14	1694	2109	9913687	9913245	2.03e-129	466	Nla.ragtag.scaffold_chr
AL4G35260	scaffold_4_RagTag	83.836	464	23	26	1694	2109	10213665	10213206	9.73e-108	394	Nla.ragtag.scaffold_chr
AL4G35260	scaffold_4_RagTag	75.186	806	165	29	1	789	18364591	18363804	7.68e-94	348	Nla.ragtag.scaffold_chr
AL4G35260	scaffold_4_RagTag	84.512	297	28	10	1830	2109	14675260	14675555	1.02e-72	278	Nla.ragtag.scaffold_chr
AL4G35260	scaffold_4_RagTag	93.919	148	6	2	1509	1653	17181264	17181411	1.75e-55	220	Nla.ragtag.scaffold_chr
AL4G35260	scaffold_4_RagTag	76.886	411	80	11	1	404	15547625	15548027	6.28e-55	219	Nla.ragtag.scaffold_chr
AL4G35260	scaffold_4_RagTag	94.048	84	5	0	2026	2109	523308	523225	1.09e-27	128	Nla.ragtag.scaffold_chr
AL4G35260	scaffold_4_RagTag	91.781	73	6	0	2037	2109	14636417	14636345	6.6e-20	102	Nla.ragtag.scaffold_chr
AL4G35260	scaffold_3_RagTag	92.431	436	31	2	1693	2126	5896656	5897091	4.1e-176	621	Nla.ragtag.scaffold_chr
AL4G35260	scaffold_3_RagTag	87.018	285	31	6	1830	2109	6607581	6607298	2.17e-84	316	Nla.ragtag.scaffold_chr
AL4G35260	scaffold_3_RagTag	84.175	297	29	10	1830	2109	1867638	1867343	4.76e-71	272	Nla.ragtag.scaffold_chr
AL4G35260	scaffold_3_RagTag	86.869	99	13	0	2011	2109	4971072	4970974	1.1e-22	111	Nla.ragtag.scaffold_chr
AL4G35260	scaffold_3_RagTag	91.781	73	6	0	2037	2109	25667699	25667771	6.6e-20	102	Nla.ragtag.scaffold_chr
AL4G35260	scaffold_3_RagTag	87.013	77	7	3	2034	2109	21731996	21731922	2.39e-14	84.2	Nla.ragtag.scaffold_chr
AL4G35260	scaffold_5_RagTag	88.985	463	38	6	1658	2109	1600846	1600386	9.06e-158	560	Nla.ragtag.scaffold_chr
AL4G35260	scaffold_5_RagTag	87.171	304	18	12	1809	2109	10096786	10096501	3.6e-87	326	Nla.ragtag.scaffold_chr
AL4G35260	scaffold_5_RagTag	79.604	505	50	32	1657	2136	17443819	17443343	2.8e-83	313	Nla.ragtag.scaffold_chr
AL4G35260	scaffold_5_RagTag	84.333	300	23	16	1830	2109	3652994	3653289	4.76e-71	272	Nla.ragtag.scaffold_chr
AL4G35260	scaffold_5_RagTag	84.228	298	27	11	1830	2109	14965468	14965763	4.76e-71	272	Nla.ragtag.scaffold_chr
AL4G35260	scaffold_5_RagTag	81.333	150	11	10	1975	2109	10777350	10777203	5.1e-21	106	Nla.ragtag.scaffold_chr
AL4G35260	scaffold_5_RagTag	87.013	77	7	3	2034	2109	9225352	9225426	2.39e-14	84.2	Nla.ragtag.scaffold_chr
AL4G35260	scaffold_6_RagTag	88.961	462	31	9	1652	2108	13256728	13257174	1.52e-155	553	Nla.ragtag.scaffold_chr
AL4G35260	scaffold_6_RagTag	83.507	479	48	16	1658	2108	12012201	12012676	5.77e-115	418	Nla.ragtag.scaffold_chr
AL4G35260	scaffold_2_RagTag	87.5	488	36	9	1655	2132	3408669	3408197	1.18e-151	540	Nla.ragtag.scaffold_chr
AL4G35260	scaffold_2_RagTag	84.188	468	37	17	1651	2108	16135293	16134853	1.61e-115	420	Nla.ragtag.scaffold_chr
AL4G35260	scaffold_2_RagTag	85.385	390	28	12	1752	2132	21950197	21950566	9.8e-103	377	Nla.ragtag.scaffold_chr
AL4G35260	scaffold_2_RagTag	88.889	99	5	1	2011	2109	21706697	21706789	2.36e-24	117	Nla.ragtag.scaffold_chr
AL4G35260	scaffold_2_RagTag	87.013	77	7	3	2034	2109	18357548	18357474	2.39e-14	84.2	Nla.ragtag.scaffold_chr
AL4G35260	scaffold_7_RagTag	88.117	446	23	14	1694	2109	23615160	23615605	1.55e-140	503	Nla.ragtag.scaffold_chr
AL4G35260	scaffold_7_RagTag	85.573	506	32	20	1639	2109	23232712	23233211	3.35e-137	492	Nla.ragtag.scaffold_chr
AL4G35260	scaffold_7_RagTag	87.298	433	40	9	1694	2115	8132282	8132710	7.26e-134	481	Nla.ragtag.scaffold_chr
AL4G35260	scaffold_7_RagTag	85.983	478	30	17	1694	2146	23476908	23477373	9.39e-133	477	Nla.ragtag.scaffold_chr
AL4G35260	scaffold_7_RagTag	86.806	288	22	13	1830	2109	15172995	15173274	1.3e-81	307	Nla.ragtag.scaffold_chr
AL4G35260	scaffold_7_RagTag	91.15	226	16	3	1833	2055	14209689	14209465	1.69e-80	303	Nla.ragtag.scaffold_chr
AL4G35260	scaffold_7_RagTag	83.557	298	29	12	1830	2109	2704169	2703874	1.03e-67	261	Nla.ragtag.scaffold_chr
AL4G35260	scaffold_7_RagTag	89.95	199	19	1	1642	1840	14213179	14212982	4.79e-66	255	Nla.ragtag.scaffold_chr
AL4G35260	scaffold_7_RagTag	86.066	122	17	0	2011	2132	16759954	16760075	8.42e-29	132	Nla.ragtag.scaffold_chr
AL4G35260	scaffold_7_RagTag	85.246	122	18	0	2011	2132	16766714	16766835	3.92e-27	126	Nla.ragtag.scaffold_chr
AL4G35260	scaffold_7_RagTag	80.982	163	24	5	1977	2132	16770073	16770235	5.07e-26	122	Nla.ragtag.scaffold_chr
AL4G35260	scaffold_7_RagTag	84.426	122	19	0	2011	2132	16761629	16761750	1.82e-25	121	Nla.ragtag.scaffold_chr
AL4G35260	scaffold_7_RagTag	83.838	99	16	0	2011	2109	16763316	16763414	1.11e-17	95.3	Nla.ragtag.scaffold_chr
AL4G35260	scaffold_7_RagTag	83.838	99	16	0	2011	2109	16765015	16765113	1.11e-17	95.3	Nla.ragtag.scaffold_chr
AL4G35260	scaffold_7_RagTag	83.838	99	16	0	2011	2109	16768401	16768499	1.11e-17	95.3	Nla.ragtag.scaffold_chr
AL4G35260	scaffold_7_RagTag	87.013	77	7	3	2034	2109	13210273	13210199	2.39e-14	84.2	Nla.ragtag.scaffold_chr
AL4G35260	scaffold_7_RagTag	89.062	64	7	0	2041	2104	16771771	16771834	3.09e-13	80.5	Nla.ragtag.scaffold_chr
AL4G35260	scaffold_7_RagTag	86.765	68	9	0	2042	2109	16756463	16756530	4e-12	76.8	Nla.ragtag.scaffold_chr
AL4G35260	scaffold_8_RagTag	88.063	444	25	10	1694	2109	1057619	1058062	5.57e-140	501	Nla.ragtag.scaffold_chr
AL4G35260	scaffold_8_RagTag	85.386	479	29	16	1658	2109	16180732	16180268	3.4e-127	459	Nla.ragtag.scaffold_chr
AL4G35260	scaffold_8_RagTag	87.654	405	22	13	1646	2024	10639235	10638833	2.65e-123	446	Nla.ragtag.scaffold_chr
AL4G35260	scaffold_8_RagTag	84.228	298	27	12	1830	2109	1385545	1385840	4.76e-71	272	Nla.ragtag.scaffold_chr
AL4G35260	scaffold_8_RagTag	78.049	492	44	32	1652	2127	14932111	14932554	6.2e-65	252	Nla.ragtag.scaffold_chr
AL4G35260	scaffold_8_RagTag	87.611	113	10	4	1638	1746	2044846	2044958	1.09e-27	128	Nla.ragtag.scaffold_chr
AL4G35260	scaffold_8_RagTag	90	90	9	0	1655	1744	13705486	13705397	2.36e-24	117	Nla.ragtag.scaffold_chr
AL4G35260	scaffold_1_RagTag	86.928	459	26	13	1694	2132	19060716	19061160	5.61e-135	484	Nla.ragtag.scaffold_chr
AL4G35260	scaffold_1_RagTag	84.615	299	24	15	1830	2109	8846228	8846523	1.02e-72	278	Nla.ragtag.scaffold_chr
AL4G35290	scaffold_4_RagTag	94.606	2206	72	23	1	2180	17183026	17185210	0	3371	Nla.ragtag.scaffold_chr
AL4G35290	scaffold_4_RagTag	96.679	1656	30	11	1	1633	17173697	17175350	0	2730	Nla.ragtag.scaffold_chr
AL4G35290	scaffold_4_RagTag	93.286	700	34	5	1484	2180	17181261	17181950	0	1020	Nla.ragtag.scaffold_chr
AL4G35290	scaffold_4_RagTag	93.75	560	28	4	1624	2180	17175836	17176391	0	833	Nla.ragtag.scaffold_chr
AL4G35290	scaffold_4_RagTag	75.217	807	164	30	1	790	18364591	18363804	1.7e-94	350	Nla.ragtag.scaffold_chr
AL4G35290	scaffold_4_RagTag	85.771	253	29	5	1258	1507	18363436	18363188	8.17e-68	261	Nla.ragtag.scaffold_chr
AL4G35290	scaffold_4_RagTag	76.886	411	80	11	1	404	15547625	15548027	4.99e-55	219	Nla.ragtag.scaffold_chr
AL4G35450	scaffold_4_RagTag	77.614	813	134	31	3	785	18364589	18363795	1.79e-124	449	Nla.ragtag.scaffold_chr
AL4G35480	scaffold_4_RagTag	77.614	813	134	31	3	785	18364589	18363795	1.78e-124	449	Nla.ragtag.scaffold_chr
AL4G31290	scaffold_4	96.593	2407	64	7	1	2394	18206857	18209258	0	3975	NT1_v2
AL4G31290	scaffold_4	94.253	1653	55	9	2679	4305	727168	728806	0	2490	NT1_v2
AL4G31290	scaffold_4	83.825	2677	306	85	1	2601	18203632	18206257	0	2427	NT1_v2
AL4G31290	scaffold_4	94.771	1549	36	8	2681	4202	4133472	4131942	0	2370	NT1_v2
AL4G31290	scaffold_4	88.553	1686	126	27	2681	4322	13789988	13791650	0	1982	NT1_v2
AL4G31290	scaffold_4	87.022	994	111	11	2678	3657	13029208	13028219	0	1105	NT1_v2
AL4G31290	scaffold_4	94.909	275	9	4	2410	2681	18211555	18211827	8.75e-117	425	NT1_v2
AL4G31290	scaffold_4	96.104	77	3	0	4323	4399	728991	729067	9.94e-27	126	NT1_v2
AL4G31290	scaffold_4	96.104	77	3	0	4323	4399	4131621	4131545	9.94e-27	126	NT1_v2
AL4G31290	scaffold_4	96.104	77	3	0	4323	4399	13791824	13791900	9.94e-27	126	NT1_v2
AL4G31290	scaffold_7	94.6	1648	54	8	2678	4295	12937579	12935937	0	2518	NT1_v2
AL4G31290	scaffold_7	80.851	188	26	4	3983	4161	1220491	1220305	1.28e-30	139	NT1_v2
AL4G31290	scaffold_7	96.104	77	3	0	4323	4399	12935750	12935674	9.94e-27	126	NT1_v2
AL4G31290	scaffold_7	98.305	59	1	0	5100	5158	5802983	5802925	4.66e-20	104	NT1_v2
AL4G31290	scaffold_6	91.112	1654	119	16	2679	4307	23149434	23151084	0	2215	NT1_v2
AL4G31290	scaffold_6	98.148	1188	20	1	2686	3873	3920310	3919125	0	2071	NT1_v2
AL4G31290	scaffold_6	86.768	990	114	10	2681	3657	11189707	11190692	0	1086	NT1_v2
AL4G31290	scaffold_6	96.104	77	3	0	4323	4399	23151269	23151345	9.94e-27	126	NT1_v2
AL4G31290	scaffold_6	76.735	245	35	17	4868	5100	3608353	3608587	5.98e-24	117	NT1_v2
AL4G31290	scaffold_1	90.92	1663	126	17	2681	4322	6196404	6194746	0	2211	NT1_v2
AL4G31290	scaffold_1	87.411	985	108	9	2686	3657	18069327	18070308	0	1118	NT1_v2
AL4G31290	scaffold_1	87.273	990	110	9	2681	3657	4523669	4524655	0	1116	NT1_v2
AL4G31290	scaffold_1	95.789	95	4	0	4401	4495	23576702	23576796	4.56e-35	154	NT1_v2
AL4G31290	scaffold_1	97.403	77	2	0	4323	4399	6194572	6194496	2.14e-28	132	NT1_v2
AL4G31290	scaffold_1	88.406	69	2	3	4484	4547	23576840	23576907	2.82e-12	78.7	NT1_v2
AL4G31290	scaffold_5	86.168	1229	131	29	2681	3893	2568993	2567788	0	1291	NT1_v2
AL4G31290	scaffold_5	87.045	988	112	9	2683	3657	3989762	3988778	0	1101	NT1_v2
AL4G31290	scaffold_5	93.684	95	6	0	4401	4495	13673732	13673638	9.87e-32	143	NT1_v2
AL4G31290	scaffold_5	97.403	77	2	0	4323	4399	23228133	23228057	2.14e-28	132	NT1_v2
AL4G31290	scaffold_5	92.188	64	5	0	4484	4547	13673587	13673524	3.63e-16	91.6	NT1_v2
AL4G31290	scaffold_5	97.872	47	1	0	4648	4694	13673066	13673020	2.18e-13	82.4	NT1_v2
AL4G31290	scaffold_8	86.421	1193	117	35	2720	3893	10352378	10353544	0	1264	NT1_v2
AL4G31290	scaffold_3	86.882	991	113	10	2681	3657	24622439	24623426	0	1094	NT1_v2
AL4G31290	scaffold_3	82.941	170	26	3	4539	4706	22805754	22805922	5.9e-34	150	NT1_v2
AL4G35260	scaffold_4	89.047	493	39	8	1642	2126	23172083	23172568	6.91e-169	597	NT1_v2
AL4G35260	scaffold_4	86.481	503	44	13	1651	2135	6075903	6075407	7.11e-149	531	NT1_v2
AL4G35260	scaffold_4	77.284	405	79	9	1	399	18206928	18207325	3.76e-57	226	NT1_v2
AL4G35260	scaffold_5	89.121	478	27	9	1657	2109	13263760	13263283	4.19e-161	571	NT1_v2
AL4G35260	scaffold_5	90.323	434	23	6	1694	2109	2441317	2440885	5.46e-155	551	NT1_v2
AL4G35260	scaffold_5	91.071	336	19	4	1650	1974	3817572	3817237	9.53e-123	444	NT1_v2
AL4G35260	scaffold_5	86.07	402	39	7	1713	2109	12837380	12837769	2.08e-114	416	NT1_v2
AL4G35260	scaffold_2	87.657	478	32	15	1657	2109	5006388	5006863	7.11e-149	531	NT1_v2
AL4G35260	scaffold_2	86.255	502	23	14	1658	2137	4817984	4817507	1.55e-140	503	NT1_v2
AL4G35260	scaffold_2	84.583	480	40	13	1657	2132	19965677	19966126	2.65e-123	446	NT1_v2
AL4G35260	scaffold_2	87.632	380	31	7	1657	2021	9909933	9909555	9.6e-118	427	NT1_v2
AL4G35260	scaffold_2	91.111	90	3	2	2048	2132	9909565	9909476	2.36e-24	117	NT1_v2
AL4G35260	scaffold_3	87.579	475	34	11	1658	2109	25513650	25514122	9.2e-148	527	NT1_v2
AL4G35260	scaffold_3	86.722	482	26	12	1651	2108	12089301	12089768	5.57e-140	501	NT1_v2
AL4G35260	scaffold_3	84.065	433	39	16	1694	2109	26879371	26879790	1.26e-106	390	NT1_v2
AL4G35260	scaffold_1	88.235	442	28	11	1668	2108	18352194	18352612	1.2e-141	507	NT1_v2
AL4G35260	scaffold_1	87.097	465	33	9	1657	2109	24977114	24977563	5.57e-140	501	NT1_v2
AL4G35260	scaffold_1	87.234	376	28	8	1776	2143	15458466	15458829	9.66e-113	411	NT1_v2
AL4G35260	scaffold_8	87.14	451	37	10	1694	2132	3075028	3074587	3.35e-137	492	NT1_v2
AL4G35260	scaffold_8	84.177	474	49	13	1648	2109	1826000	1825541	1.59e-120	436	NT1_v2
AL4G35260	scaffold_8	78.933	356	54	14	1663	2005	748053	748400	4.86e-56	222	NT1_v2
AL4G35260	scaffold_8	85.135	74	10	1	2036	2108	5066486	5066559	1.44e-11	75	NT1_v2
AL4G35260	scaffold_6	86.538	364	25	16	1652	2013	11667812	11668153	2.72e-103	379	NT1_v2
AL4G35260	scaffold_7	82.791	215	12	14	1694	1905	22569876	22569684	6.42e-40	169	NT1_v2
AL4G35290	scaffold_4	77.284	405	79	9	1	399	18206928	18207325	2.98e-57	226	NT1_v2
AL4G31290	scaffold_4_RagTag	95.516	2721	70	15	1	2681	17768486	17771194	0	4301	NT12_v2
AL4G31290	scaffold_4_RagTag	83.408	2682	293	92	1	2607	17765214	17767818	0	2348	NT12_v2
AL4G31290	scaffold_4_RagTag	86.465	990	118	7	2682	3657	11083428	11084415	0	1072	NT12_v2
AL4G31290	scaffold_7_RagTag	88.955	1675	105	32	2681	4322	5869176	5867549	0	1995	NT12_v2
AL4G31290	scaffold_7_RagTag	86.215	1226	132	29	2682	3893	9605345	9604143	0	1293	NT12_v2
AL4G31290	scaffold_7_RagTag	80.851	188	26	4	3983	4161	1278670	1278484	1.37e-30	139	NT12_v2
AL4G31290	scaffold_7_RagTag	98.305	59	1	0	5100	5158	6384312	6384254	5.02e-20	104	NT12_v2
AL4G31290	scaffold_8_RagTag	88.193	1660	129	34	2682	4300	2369067	2370700	0	1917	NT12_v2
AL4G31290	scaffold_8_RagTag	96.104	77	3	0	4323	4399	2370888	2370964	1.07e-26	126	NT12_v2
AL4G31290	scaffold_1_RagTag	88.588	1218	95	25	2682	3893	11297339	11296160	0	1439	NT12_v2
AL4G31290	scaffold_1_RagTag	88.303	1214	98	26	2686	3893	30553273	30552098	0	1415	NT12_v2
AL4G31290	scaffold_6_RagTag	90.17	1119	68	14	2683	3762	7069369	7068254	0	1419	NT12_v2
AL4G31290	scaffold_6_RagTag	94.164	377	15	4	3760	4130	7067392	7067017	1.48e-159	568	NT12_v2
AL4G31290	scaffold_6_RagTag	97.931	145	3	0	4157	4301	7067022	7066878	1.69e-64	252	NT12_v2
AL4G31290	scaffold_6_RagTag	77.236	246	33	18	4868	5100	4242209	4242444	1.38e-25	122	NT12_v2
AL4G31290	scaffold_2_RagTag	85.988	992	120	12	2680	3657	16210916	16209930	0	1044	NT12_v2
AL4G31290	scaffold_2_RagTag	85.388	1006	119	11	2678	3657	3840085	3841088	0	1018	NT12_v2
AL4G31290	scaffold_3_RagTag	85.757	1004	116	10	2679	3657	13328125	13329126	0	1037	NT12_v2
AL4G31290	scaffold_3_RagTag	87.574	169	19	2	4539	4706	22941412	22941579	2.89e-47	195	NT12_v2
AL4G31290	scaffold_5_RagTag	97.403	77	2	0	4323	4399	25917327	25917251	2.3e-28	132	NT12_v2
AL4G35260	scaffold_3_RagTag	90	490	28	8	1657	2126	25037154	25037642	7.39e-174	614	NT12_v2
AL4G35260	scaffold_3_RagTag	89.14	442	21	11	1694	2109	20355502	20355062	3.56e-147	525	NT12_v2
AL4G35260	scaffold_3_RagTag	88.889	441	24	9	1694	2109	13698142	13698582	1.66e-145	520	NT12_v2
AL4G35260	scaffold_3_RagTag	87.919	447	23	10	1694	2109	12271576	12271130	7.76e-139	497	NT12_v2
AL4G35260	scaffold_3_RagTag	91.092	348	17	6	1776	2109	22328218	22327871	3.66e-127	459	NT12_v2
AL4G35260	scaffold_3_RagTag	85.328	259	23	5	1876	2132	6160783	6161028	1.86e-65	254	NT12_v2
AL4G35260	scaffold_3_RagTag	82.828	99	17	0	2011	2109	16210385	16210483	5.54e-16	89.8	NT12_v2
AL4G35260	scaffold_3_RagTag	90.164	61	5	1	2025	2085	25037199	25037258	1.2e-12	78.7	NT12_v2
AL4G35260	scaffold_1_RagTag	89.834	482	35	8	1657	2132	8773130	8772657	1.24e-171	606	NT12_v2
AL4G35260	scaffold_1_RagTag	89.727	477	25	9	1657	2109	23784643	23784167	4.48e-166	588	NT12_v2
AL4G35260	scaffold_1_RagTag	88.66	485	23	12	1657	2109	9229068	9228584	2.71e-158	562	NT12_v2
AL4G35260	scaffold_1_RagTag	88.913	460	24	9	1694	2126	9188574	9189033	3.54e-152	542	NT12_v2
AL4G35260	scaffold_1_RagTag	88.789	446	32	8	1694	2126	23392908	23392468	7.65e-149	531	NT12_v2
AL4G35260	scaffold_1_RagTag	89.318	440	22	9	1694	2109	15211489	15211051	2.75e-148	529	NT12_v2
AL4G35260	scaffold_1_RagTag	89.14	442	22	10	1694	2109	13947527	13947968	9.9e-148	527	NT12_v2
AL4G35260	scaffold_1_RagTag	89.14	442	21	11	1694	2109	13059331	13058891	3.56e-147	525	NT12_v2
AL4G35260	scaffold_1_RagTag	88.914	442	23	10	1694	2109	9743837	9743396	4.61e-146	521	NT12_v2
AL4G35260	scaffold_1_RagTag	88.693	398	19	10	1738	2109	9231940	9232337	2.83e-128	462	NT12_v2
AL4G35260	scaffold_1_RagTag	86.667	435	35	9	1694	2109	7512868	7512438	1.02e-127	460	NT12_v2
AL4G35260	scaffold_1_RagTag	86.701	391	34	9	1646	2024	19862239	19861855	6.22e-115	418	NT12_v2
AL4G35260	scaffold_1_RagTag	83.164	493	29	23	1658	2133	14581592	14581137	6.26e-110	401	NT12_v2
AL4G35260	scaffold_1_RagTag	86	300	21	13	1655	1946	28215248	28214962	6.53e-80	302	NT12_v2
AL4G35260	scaffold_1_RagTag	85.714	224	8	6	1925	2136	28213604	28213393	8.76e-54	215	NT12_v2
AL4G35260	scaffold_1_RagTag	94.118	68	4	0	1694	1761	9231866	9231933	1.98e-20	104	NT12_v2
AL4G35260	scaffold_8_RagTag	90.93	430	25	6	1694	2109	2765197	2765626	2.1e-159	566	NT12_v2
AL4G35260	scaffold_8_RagTag	89.342	441	22	9	1694	2109	19296061	19295621	7.65e-149	531	NT12_v2
AL4G35260	scaffold_8_RagTag	89.14	442	22	10	1694	2109	21955670	21956111	9.9e-148	527	NT12_v2
AL4G35260	scaffold_8_RagTag	87.703	431	34	9	1694	2109	8939944	8939518	6.04e-135	484	NT12_v2
AL4G35260	scaffold_8_RagTag	86.848	441	20	12	1694	2109	2780007	2780434	3.66e-127	459	NT12_v2
AL4G35260	scaffold_8_RagTag	77.914	489	35	34	1652	2127	13681975	13682403	1.87e-60	237	NT12_v2
AL4G35260	scaffold_8_RagTag	90.411	73	7	0	2037	2109	3357567	3357495	3.31e-18	97.1	NT12_v2
AL4G35260	scaffold_8_RagTag	87.671	73	9	0	2037	2109	1545374	1545302	7.16e-15	86.1	NT12_v2
AL4G35260	scaffold_7_RagTag	88.843	484	23	11	1657	2109	1730081	1730564	2.1e-159	566	NT12_v2
AL4G35260	scaffold_7_RagTag	89.154	461	22	10	1694	2126	17714656	17715116	2.11e-154	549	NT12_v2
AL4G35260	scaffold_7_RagTag	88.399	431	26	9	1694	2109	27270709	27270288	7.76e-139	497	NT12_v2
AL4G35260	scaffold_7_RagTag	87.5	344	22	11	1694	2032	8979125	8979452	1.06e-102	377	NT12_v2
AL4G35260	scaffold_7_RagTag	94.048	84	5	0	1651	1734	24279181	24279098	1.17e-27	128	NT12_v2
AL4G35260	scaffold_6_RagTag	89.14	442	22	10	1694	2109	1779402	1779843	9.9e-148	527	NT12_v2
AL4G35260	scaffold_6_RagTag	89.14	442	22	10	1694	2109	2083357	2082916	9.9e-148	527	NT12_v2
AL4G35260	scaffold_6_RagTag	89.07	430	22	8	1694	2109	20629861	20629443	9.97e-143	510	NT12_v2
AL4G35260	scaffold_6_RagTag	80.335	478	29	21	1694	2147	634697	634261	6.53e-80	302	NT12_v2
AL4G35260	scaffold_4_RagTag	89.14	442	22	10	1694	2109	11480226	11479785	9.9e-148	527	NT12_v2
AL4G35260	scaffold_4_RagTag	89.116	441	23	9	1694	2109	15774423	15774863	3.56e-147	525	NT12_v2
AL4G35260	scaffold_4_RagTag	86.214	486	31	15	1658	2109	11348410	11347927	1e-137	494	NT12_v2
AL4G35260	scaffold_4_RagTag	77.284	405	78	10	1	399	17768557	17768953	4.04e-57	226	NT12_v2
AL4G35260	scaffold_4_RagTag	91.781	73	6	0	2037	2109	20231317	20231389	7.11e-20	102	NT12_v2
AL4G35260	scaffold_4_RagTag	89.855	69	7	0	2041	2109	3368529	3368461	5.54e-16	89.8	NT12_v2
AL4G35260	scaffold_4_RagTag	86.765	68	9	0	2042	2109	24727197	24727130	4.31e-12	76.8	NT12_v2
AL4G35260	scaffold_2_RagTag	89.14	442	22	10	1694	2109	3561660	3561219	9.9e-148	527	NT12_v2
AL4G35260	scaffold_2_RagTag	88.939	443	22	10	1694	2109	4858689	4859131	4.61e-146	521	NT12_v2
AL4G35260	scaffold_2_RagTag	88.286	461	20	13	1694	2126	22097572	22097118	4.61e-146	521	NT12_v2
AL4G35260	scaffold_2_RagTag	87.892	446	24	10	1694	2109	16822351	16822796	7.76e-139	497	NT12_v2
AL4G35260	scaffold_2_RagTag	90.816	294	13	5	1830	2109	18630908	18631201	8.16e-104	381	NT12_v2
AL4G35260	scaffold_5_RagTag	88.939	443	22	10	1694	2109	15751370	15750928	4.61e-146	521	NT12_v2
AL4G35260	scaffold_5_RagTag	91.711	374	27	3	1762	2132	6087334	6087706	2.14e-144	516	NT12_v2
AL4G35260	scaffold_5_RagTag	88.713	443	23	11	1694	2109	20664056	20664498	2.14e-144	516	NT12_v2
AL4G35260	scaffold_5_RagTag	88.713	443	23	10	1694	2109	23762259	23761817	2.14e-144	516	NT12_v2
AL4G35260	scaffold_5_RagTag	85.771	506	34	14	1657	2132	6535900	6535403	6e-140	501	NT12_v2
AL4G35260	scaffold_5_RagTag	89.067	375	27	8	1766	2133	594113	594480	1.7e-125	453	NT12_v2
AL4G35260	scaffold_5_RagTag	82.2	500	34	28	1658	2104	19211351	19210854	2.93e-103	379	NT12_v2
AL4G35260	scaffold_5_RagTag	89.726	292	15	7	1694	1970	805826	806117	3.82e-97	359	NT12_v2
AL4G35260	scaffold_5_RagTag	79.116	498	51	34	1657	2135	23049524	23049061	1.09e-77	294	NT12_v2
AL4G35260	scaffold_5_RagTag	82.131	291	40	11	1830	2109	5697715	5697426	5.2e-61	239	NT12_v2
AL4G35260	scaffold_5_RagTag	85.795	176	12	5	1947	2109	806906	807081	1.49e-41	174	NT12_v2
AL4G35260	scaffold_5_RagTag	90.411	73	7	0	2037	2109	339510	339438	3.31e-18	97.1	NT12_v2
AL4G35260	scaffold_5_RagTag	86.957	69	7	2	2041	2109	18481924	18481858	4.31e-12	76.8	NT12_v2
AL4G35290	scaffold_4_RagTag	77.284	405	78	10	1	399	17768557	17768953	3.21e-57	226	NT12_v2
AL4G31290	scaffold_4_RagTag	95.657	2717	70	14	1	2681	19639328	19642032	0	4320	NT8_v2_fix
AL4G31290	scaffold_4_RagTag	83.532	2678	293	90	1	2607	19636060	19638660	0	2366	NT8_v2_fix
AL4G31290	scaffold_4_RagTag	77.093	454	86	14	26	468	21567895	21568341	7.81e-63	246	NT8_v2_fix
AL4G31290	scaffold_4_RagTag	76.471	476	86	21	13	474	21545426	21545889	1.69e-59	235	NT8_v2_fix
AL4G31290	scaffold_4_RagTag	87.5	80	8	2	391	468	21576320	21576399	3.87e-16	91.6	NT8_v2_fix
AL4G31290	scaffold_8_RagTag	88.026	1662	128	37	2682	4298	2657953	2659588	0	1901	NT8_v2_fix
AL4G31290	scaffold_8_RagTag	96.104	77	3	0	4323	4399	2659776	2659852	1.06e-26	126	NT8_v2_fix
AL4G31290	scaffold_1_RagTag	88.588	1218	95	25	2682	3893	11498307	11497128	0	1439	NT8_v2_fix
AL4G31290	scaffold_1_RagTag	88.313	1215	97	27	2686	3893	30946328	30947504	0	1415	NT8_v2_fix
AL4G31290	scaffold_1_RagTag	84.284	649	83	7	2715	3350	16161632	16160990	5.16e-174	616	NT8_v2_fix
AL4G31290	scaffold_1_RagTag	87.805	328	28	4	3342	3657	16160513	16160186	3.43e-101	374	NT8_v2_fix
AL4G31290	scaffold_6_RagTag	90.17	1119	69	13	2683	3762	7754933	7753817	0	1419	NT8_v2_fix
AL4G31290	scaffold_6_RagTag	85.828	1002	116	9	2680	3657	13941683	13942682	0	1040	NT8_v2_fix
AL4G31290	scaffold_6_RagTag	94.415	376	15	4	3760	4130	7752956	7752582	3.15e-161	573	NT8_v2_fix
AL4G31290	scaffold_6_RagTag	97.931	145	3	0	4157	4301	7752587	7752443	1.68e-64	252	NT8_v2_fix
AL4G31290	scaffold_6_RagTag	80.11	181	20	15	4926	5100	3956461	3956631	4.94e-25	121	NT8_v2_fix
AL4G31290	scaffold_2_RagTag	86.423	1230	129	27	2680	3893	2847174	2845967	0	1312	NT8_v2_fix
AL4G31290	scaffold_7_RagTag	87.052	1004	111	12	2669	3657	20693727	20692728	0	1116	NT8_v2_fix
AL4G31290	scaffold_7_RagTag	84.631	989	134	16	2680	3657	25835580	25834599	0	968	NT8_v2_fix
AL4G31290	scaffold_7_RagTag	80.851	188	26	4	3983	4161	1262834	1262648	1.36e-30	139	NT8_v2_fix
AL4G31290	scaffold_7_RagTag	98.305	59	1	0	5100	5158	6312858	6312800	4.97e-20	104	NT8_v2_fix
AL4G31290	scaffold_3_RagTag	86.391	169	21	2	4539	4706	21030190	21030023	6.21e-44	183	NT8_v2_fix
AL4G31290	scaffold_5_RagTag	93.684	95	6	0	4401	4495	11764999	11764905	1.05e-31	143	NT8_v2_fix
AL4G31290	scaffold_5_RagTag	97.403	77	2	0	4323	4399	22057088	22057012	2.28e-28	132	NT8_v2_fix
AL4G31290	scaffold_5_RagTag	97.872	47	1	0	4648	4694	11764378	11764332	2.33e-13	82.4	NT8_v2_fix
AL4G35260	scaffold_4_RagTag	99.033	1655	13	3	1	1653	21567943	21569596	0	2964	NT8_v2_fix
AL4G35260	scaffold_4_RagTag	97.164	1657	41	6	1	1653	21545486	21547140	0	2795	NT8_v2_fix
AL4G35260	scaffold_4_RagTag	93.28	1369	53	27	320	1653	21576320	21577684	0	1982	NT8_v2_fix
AL4G35260	scaffold_4_RagTag	97.199	607	6	1	2133	2739	21569587	21570182	0	1016	NT8_v2_fix
AL4G35260	scaffold_4_RagTag	95.515	602	17	6	2133	2733	21574322	21574914	0	953	NT8_v2_fix
AL4G35260	scaffold_4_RagTag	94.281	612	30	2	2133	2739	21577675	21578286	0	931	NT8_v2_fix
AL4G35260	scaffold_4_RagTag	94.563	607	17	4	2133	2739	21547131	21547721	0	924	NT8_v2_fix
AL4G35260	scaffold_4_RagTag	98.88	357	4	0	1	357	21575972	21576328	0	638	NT8_v2_fix
AL4G35260	scaffold_4_RagTag	89.14	442	22	10	1694	2109	18277470	18277029	9.81e-148	527	NT8_v2_fix
AL4G35260	scaffold_4_RagTag	89.14	442	21	11	1694	2109	1421121	1421561	3.53e-147	525	NT8_v2_fix
AL4G35260	scaffold_4_RagTag	88.914	442	23	10	1694	2109	5699096	5699537	4.57e-146	521	NT8_v2_fix
AL4G35260	scaffold_4_RagTag	86.598	485	29	17	1658	2109	12527828	12527347	1.65e-140	503	NT8_v2_fix
AL4G35260	scaffold_4_RagTag	95.89	146	5	1	1509	1653	21574186	21574331	6.66e-60	235	NT8_v2_fix
AL4G35260	scaffold_7_RagTag	90.93	430	25	6	1694	2109	12798291	12797862	2.08e-159	566	NT8_v2_fix
AL4G35260	scaffold_7_RagTag	88.11	471	35	10	1654	2109	8983152	8983616	1.26e-151	540	NT8_v2_fix
AL4G35260	scaffold_7_RagTag	88.914	442	23	10	1694	2109	6690580	6691021	4.57e-146	521	NT8_v2_fix
AL4G35260	scaffold_7_RagTag	81.95	482	47	22	1658	2109	2860821	2860350	4.87e-101	372	NT8_v2_fix
AL4G35260	scaffold_7_RagTag	82.243	214	14	13	1694	1905	23191555	23191364	3.19e-38	163	NT8_v2_fix
AL4G35260	scaffold_7_RagTag	84.694	98	10	2	2040	2132	17424752	17424849	4.24e-17	93.5	NT8_v2_fix
AL4G35260	scaffold_6_RagTag	90.719	431	25	6	1694	2109	27204167	27203737	9.68e-158	560	NT8_v2_fix
AL4G35260	scaffold_6_RagTag	88.372	473	24	10	1657	2109	21741756	21741295	1.26e-151	540	NT8_v2_fix
AL4G35260	scaffold_6_RagTag	89.14	442	22	10	1694	2109	2299417	2299858	9.81e-148	527	NT8_v2_fix
AL4G35260	scaffold_6_RagTag	89.14	442	22	10	1694	2109	7002180	7001739	9.81e-148	527	NT8_v2_fix
AL4G35260	scaffold_6_RagTag	88.756	418	44	2	1715	2130	24225324	24224908	3.55e-142	508	NT8_v2_fix
AL4G35260	scaffold_6_RagTag	88.399	431	22	10	1694	2109	25604813	25604396	9.95e-138	494	NT8_v2_fix
AL4G35260	scaffold_6_RagTag	85.745	470	36	15	1657	2109	1580507	1580962	6.03e-130	468	NT8_v2_fix
AL4G35260	scaffold_6_RagTag	83.838	99	16	0	2011	2109	20794175	20794273	1.18e-17	95.3	NT8_v2_fix
AL4G35260	scaffold_6_RagTag	87.671	73	9	0	2037	2109	13045684	13045756	7.1e-15	86.1	NT8_v2_fix
AL4G35260	scaffold_1_RagTag	88.841	466	27	12	1668	2132	19515534	19515975	2.09e-154	549	NT8_v2_fix
AL4G35260	scaffold_1_RagTag	89.342	441	22	9	1694	2109	17373546	17373986	7.59e-149	531	NT8_v2_fix
AL4G35260	scaffold_1_RagTag	89.14	442	22	10	1694	2109	3993380	3992939	9.81e-148	527	NT8_v2_fix
AL4G35260	scaffold_1_RagTag	89.14	442	22	10	1694	2109	6941353	6940912	9.81e-148	527	NT8_v2_fix
AL4G35260	scaffold_1_RagTag	89.116	441	23	9	1694	2109	15398452	15398012	3.53e-147	525	NT8_v2_fix
AL4G35260	scaffold_1_RagTag	88.488	443	23	11	1694	2109	23275109	23274668	9.88e-143	510	NT8_v2_fix
AL4G35260	scaffold_1_RagTag	86.318	402	25	14	1646	2024	19932052	19931658	1.03e-112	411	NT8_v2_fix
AL4G35260	scaffold_1_RagTag	84.971	346	21	13	1805	2133	14974856	14974525	4.97e-86	322	NT8_v2_fix
AL4G35260	scaffold_3_RagTag	87.935	489	22	14	1657	2109	25706453	25705966	3.5e-152	542	NT8_v2_fix
AL4G35260	scaffold_3_RagTag	88.939	443	22	10	1694	2109	2012552	2012110	4.57e-146	521	NT8_v2_fix
AL4G35260	scaffold_3_RagTag	88.914	442	23	10	1694	2109	14679797	14679356	4.57e-146	521	NT8_v2_fix
AL4G35260	scaffold_3_RagTag	88.262	443	25	9	1694	2109	1533348	1532906	4.6e-141	505	NT8_v2_fix
AL4G35260	scaffold_3_RagTag	85.714	497	36	15	1657	2126	13261887	13261399	3.58e-137	492	NT8_v2_fix
AL4G35260	scaffold_3_RagTag	89.916	238	11	5	1885	2109	23440925	23441162	1.08e-77	294	NT8_v2_fix
AL4G35260	scaffold_2_RagTag	87.576	491	23	12	1657	2109	16665110	16664620	5.86e-150	534	NT8_v2_fix
AL4G35260	scaffold_2_RagTag	87.576	491	23	12	1657	2109	16843764	16843274	5.86e-150	534	NT8_v2_fix
AL4G35260	scaffold_2_RagTag	88.914	442	23	10	1694	2109	1981122	1981563	4.57e-146	521	NT8_v2_fix
AL4G35260	scaffold_2_RagTag	88.914	442	23	10	1694	2109	2103715	2103274	4.57e-146	521	NT8_v2_fix
AL4G35260	scaffold_2_RagTag	88.462	442	25	10	1694	2109	3287616	3288057	9.88e-143	510	NT8_v2_fix
AL4G35260	scaffold_2_RagTag	85.857	502	23	15	1658	2137	5768291	5767816	1.29e-136	490	NT8_v2_fix
AL4G35260	scaffold_2_RagTag	88.012	342	17	10	1694	2031	22297189	22296868	2.25e-104	383	NT8_v2_fix
AL4G35260	scaffold_2_RagTag	91.2	125	11	0	1657	1781	6183411	6183535	1.91e-40	171	NT8_v2_fix
AL4G35260	scaffold_2_RagTag	91.667	108	8	1	2002	2109	22296777	22296671	8.93e-34	148	NT8_v2_fix
AL4G35260	scaffold_2_RagTag	84.848	99	15	0	2011	2109	1209123	1209221	2.54e-19	100	NT8_v2_fix
AL4G35260	scaffold_8_RagTag	89.14	442	22	10	1694	2109	23457781	23458222	9.81e-148	527	NT8_v2_fix
AL4G35260	scaffold_8_RagTag	89.302	430	22	7	1694	2109	13097174	13097593	5.91e-145	518	NT8_v2_fix
AL4G35260	scaffold_8_RagTag	88.262	443	25	10	1694	2109	3710266	3709824	4.6e-141	505	NT8_v2_fix
AL4G35260	scaffold_8_RagTag	89.855	69	7	0	2041	2109	6737881	6737949	5.49e-16	89.8	NT8_v2_fix
AL4G35260	scaffold_5_RagTag	89.14	442	22	10	1694	2109	4580479	4580920	9.81e-148	527	NT8_v2_fix
AL4G35260	scaffold_5_RagTag	91.711	374	27	2	1762	2132	5597018	5597390	2.12e-144	516	NT8_v2_fix
AL4G35260	scaffold_5_RagTag	85.968	506	33	14	1657	2132	5887530	5887033	1.28e-141	507	NT8_v2_fix
AL4G35260	scaffold_5_RagTag	81.798	456	30	21	1658	2109	21451288	21450882	2.3e-89	333	NT8_v2_fix
AL4G35260	scaffold_5_RagTag	86.316	285	33	6	1830	2109	15259304	15259587	5.01e-81	305	NT8_v2_fix
AL4G35260	scaffold_5_RagTag	74.596	433	70	31	1713	2109	16199157	16199585	1.92e-35	154	NT8_v2_fix
AL4G35260	scaffold_5_RagTag	87.671	73	9	0	2037	2109	13294661	13294589	7.1e-15	86.1	NT8_v2_fix
AL4G35260	scaffold_5_RagTag	86.957	69	7	2	2041	2109	14957471	14957405	4.27e-12	76.8	NT8_v2_fix
AL4G35290	scaffold_4_RagTag	95.871	2204	52	20	1	2180	21567943	21570131	0	3530	NT8_v2_fix
AL4G35290	scaffold_4_RagTag	94.424	2206	76	20	1	2180	21545486	21547670	0	3349	NT8_v2_fix
AL4G35290	scaffold_4_RagTag	99.223	1158	5	1	1027	2180	21577078	21578235	0	2085	NT8_v2_fix
AL4G35290	scaffold_4_RagTag	97.521	726	13	5	320	1042	21576320	21577043	0	1236	NT8_v2_fix
AL4G35290	scaffold_4_RagTag	93.696	698	32	5	1484	2180	21574183	21574869	0	1035	NT8_v2_fix
AL4G35290	scaffold_4_RagTag	98.88	357	4	0	1	357	21575972	21576328	0	638	NT8_v2_fix
AL4G31290	scaffold_4_RagTag	96.686	2203	55	7	1	2195	18454885	18457077	0	3648	NT9_v2
AL4G31290	scaffold_4_RagTag	83.645	2672	295	85	1	2607	18451623	18454217	0	2383	NT9_v2
AL4G31290	scaffold_4_RagTag	91.188	522	15	8	2190	2682	18458979	18459498	0	680	NT9_v2
AL4G31290	scaffold_3_RagTag	91.993	1661	91	14	2680	4301	12839385	12837728	0	2292	NT9_v2
AL4G31290	scaffold_3_RagTag	86.982	169	20	2	4539	4706	21286348	21286181	1.34e-45	189	NT9_v2
AL4G31290	scaffold_1_RagTag	90.942	1656	121	16	2680	4309	17979777	17978125	0	2200	NT9_v2
AL4G31290	scaffold_1_RagTag	97.403	77	2	0	4323	4399	17977943	17977867	2.28e-28	132	NT9_v2
AL4G31290	scaffold_6_RagTag	89.553	1589	90	27	2745	4300	22889432	22887887	0	1945	NT9_v2
AL4G31290	scaffold_6_RagTag	85.215	1001	122	9	2681	3657	20712331	20713329	0	1005	NT9_v2
AL4G31290	scaffold_8_RagTag	93.675	1249	49	6	2682	3901	3913373	3912126	0	1842	NT9_v2
AL4G31290	scaffold_8_RagTag	95.161	62	3	0	4239	4300	3912127	3912066	2.32e-18	99	NT9_v2
AL4G31290	scaffold_7_RagTag	85.842	1003	108	18	2669	3657	21142348	21141366	0	1035	NT9_v2
AL4G31290	scaffold_7_RagTag	84.732	989	133	16	2680	3657	26684471	26683490	0	974	NT9_v2
AL4G31290	scaffold_7_RagTag	81.383	188	25	4	3983	4161	1286601	1286415	2.93e-32	145	NT9_v2
AL4G31290	scaffold_7_RagTag	98.305	59	1	0	5100	5158	6410432	6410374	4.98e-20	104	NT9_v2
AL4G31290	scaffold_2_RagTag	95.597	636	21	3	3669	4303	9563101	9563730	0	1013	NT9_v2
AL4G31290	scaffold_2_RagTag	85.765	850	76	23	2679	3521	9562222	9563033	0	857	NT9_v2
AL4G31290	scaffold_5_RagTag	85.3	1000	121	12	2682	3657	3396700	3395703	0	1009	NT9_v2
AL4G31290	scaffold_5_RagTag	94.737	95	5	0	4401	4495	12317802	12317708	2.27e-33	148	NT9_v2
AL4G31290	scaffold_5_RagTag	94.737	95	5	0	4401	4495	12428305	12428211	2.27e-33	148	NT9_v2
AL4G31290	scaffold_5_RagTag	93.684	95	6	0	4401	4495	12362146	12362052	1.06e-31	143	NT9_v2
AL4G31290	scaffold_5_RagTag	97.403	77	2	0	4323	4399	24011675	24011599	2.28e-28	132	NT9_v2
AL4G31290	scaffold_5_RagTag	97.872	47	1	0	4648	4694	12315635	12315589	2.33e-13	82.4	NT9_v2
AL4G31290	scaffold_5_RagTag	97.872	47	1	0	4648	4694	12361503	12361457	2.33e-13	82.4	NT9_v2
AL4G35260	scaffold_1_RagTag	89.3	486	26	9	1650	2109	9797628	9797143	1.6e-165	586	NT9_v2
AL4G35260	scaffold_1_RagTag	89.89	455	24	8	1694	2126	10493389	10492935	2.08e-159	566	NT9_v2
AL4G35260	scaffold_1_RagTag	89.545	440	21	9	1695	2109	26523235	26522796	5.88e-150	534	NT9_v2
AL4G35260	scaffold_1_RagTag	89.14	442	22	10	1694	2109	3588722	3589163	9.83e-148	527	NT9_v2
AL4G35260	scaffold_1_RagTag	89.14	442	22	10	1694	2109	8645480	8645039	9.83e-148	527	NT9_v2
AL4G35260	scaffold_1_RagTag	89.14	442	22	10	1694	2109	22633368	22632927	9.83e-148	527	NT9_v2
AL4G35260	scaffold_1_RagTag	88.939	443	22	10	1694	2109	15069927	15070369	4.57e-146	521	NT9_v2
AL4G35260	scaffold_1_RagTag	88.914	442	23	9	1694	2109	29780766	29781207	4.57e-146	521	NT9_v2
AL4G35260	scaffold_1_RagTag	85.874	446	32	13	1694	2127	3560037	3559611	2.83e-123	446	NT9_v2
AL4G35260	scaffold_1_RagTag	85.075	469	34	18	1657	2109	11034542	11034990	2.83e-123	446	NT9_v2
AL4G35260	scaffold_1_RagTag	86.816	402	24	13	1646	2024	19865355	19864960	4.77e-116	422	NT9_v2
AL4G35260	scaffold_1_RagTag	83.838	297	29	11	1830	2109	5564586	5564292	8.51e-69	265	NT9_v2
AL4G35260	scaffold_1_RagTag	77.53	494	44	35	1658	2133	14317649	14317205	6.67e-60	235	NT9_v2
AL4G35260	scaffold_1_RagTag	91.781	73	6	0	2037	2109	6144092	6144020	7.06e-20	102	NT9_v2
AL4G35260	scaffold_1_RagTag	91.781	73	6	0	2037	2109	9245501	9245573	7.06e-20	102	NT9_v2
AL4G35260	scaffold_1_RagTag	93.103	58	4	0	1694	1751	11034601	11034658	7.11e-15	86.1	NT9_v2
AL4G35260	scaffold_2_RagTag	91.745	424	27	3	1694	2109	24158566	24158143	2.07e-164	582	NT9_v2
AL4G35260	scaffold_2_RagTag	89.342	441	22	9	1694	2109	14515547	14515107	7.6e-149	531	NT9_v2
AL4G35260	scaffold_2_RagTag	89.14	442	22	10	1694	2109	1592621	1593062	9.83e-148	527	NT9_v2
AL4G35260	scaffold_2_RagTag	89.14	442	22	10	1694	2109	17090888	17090447	9.83e-148	527	NT9_v2
AL4G35260	scaffold_2_RagTag	89.14	442	22	10	1694	2109	22786317	22785876	9.83e-148	527	NT9_v2
AL4G35260	scaffold_2_RagTag	88.914	442	23	10	1694	2109	10098973	10098532	4.57e-146	521	NT9_v2
AL4G35260	scaffold_2_RagTag	88.914	442	23	10	1694	2109	20758882	20759323	4.57e-146	521	NT9_v2
AL4G35260	scaffold_2_RagTag	83.838	297	30	10	1830	2109	8534742	8535037	2.37e-69	267	NT9_v2
AL4G35260	scaffold_4_RagTag	88.844	493	27	11	1644	2109	24440597	24440106	7.44e-164	580	NT9_v2
AL4G35260	scaffold_4_RagTag	90.972	432	23	7	1694	2109	24181152	24180721	5.79e-160	568	NT9_v2
AL4G35260	scaffold_4_RagTag	88.406	483	32	11	1657	2133	24270526	24270062	9.69e-158	560	NT9_v2
AL4G35260	scaffold_4_RagTag	89.14	442	22	10	1694	2109	2290990	2290549	9.83e-148	527	NT9_v2
AL4G35260	scaffold_4_RagTag	89.14	442	22	10	1694	2109	20546166	20546607	9.83e-148	527	NT9_v2
AL4G35260	scaffold_4_RagTag	86.848	479	30	13	1657	2132	12866660	12867108	4.61e-141	505	NT9_v2
AL4G35260	scaffold_4_RagTag	77.284	405	78	10	1	399	18454956	18455352	4.02e-57	226	NT9_v2
AL4G35260	scaffold_4_RagTag	76.797	487	42	37	1658	2109	11617406	11616956	1.45e-51	207	NT9_v2
AL4G35260	scaffold_4_RagTag	86.869	99	13	0	2011	2109	2370406	2370308	1.17e-22	111	NT9_v2
AL4G35260	scaffold_6_RagTag	91.163	430	24	5	1694	2109	5531003	5531432	4.48e-161	571	NT9_v2
AL4G35260	scaffold_6_RagTag	89.177	462	31	8	1652	2108	14247919	14248366	3.49e-157	558	NT9_v2
AL4G35260	scaffold_6_RagTag	89.14	442	22	10	1694	2109	1054701	1054260	9.83e-148	527	NT9_v2
AL4G35260	scaffold_6_RagTag	89.14	442	22	10	1694	2109	1593249	1593690	9.83e-148	527	NT9_v2
AL4G35260	scaffold_6_RagTag	88.914	442	23	10	1694	2109	15381027	15380586	4.57e-146	521	NT9_v2
AL4G35260	scaffold_6_RagTag	89.07	430	22	8	1694	2109	21337135	21336717	9.9e-143	510	NT9_v2
AL4G35260	scaffold_6_RagTag	87.943	423	44	6	1712	2130	23498504	23498085	3.59e-137	492	NT9_v2
AL4G35260	scaffold_6_RagTag	87.224	407	29	12	1734	2132	22916051	22915660	3.66e-122	442	NT9_v2
AL4G35260	scaffold_6_RagTag	83.838	297	30	10	1830	2109	2971199	2971494	2.37e-69	267	NT9_v2
AL4G35260	scaffold_6_RagTag	86.869	99	13	0	2011	2109	15379154	15379252	1.17e-22	111	NT9_v2
AL4G35260	scaffold_6_RagTag	84.848	99	15	0	2011	2109	11423595	11423497	2.54e-19	100	NT9_v2
AL4G35260	scaffold_3_RagTag	88.024	501	29	11	1640	2109	230105	229605	7.49e-159	564	NT9_v2
AL4G35260	scaffold_3_RagTag	89.14	442	22	10	1694	2109	1247250	1246809	9.83e-148	527	NT9_v2
AL4G35260	scaffold_3_RagTag	89.14	442	22	10	1694	2109	7930830	7931271	9.83e-148	527	NT9_v2
AL4G35260	scaffold_3_RagTag	88.914	442	23	10	1694	2109	25413922	25413481	4.57e-146	521	NT9_v2
AL4G35260	scaffold_3_RagTag	87.209	430	22	10	1694	2109	22071324	22070914	3.64e-127	459	NT9_v2
AL4G35260	scaffold_3_RagTag	89.496	238	12	4	1885	2109	23451943	23452180	5.05e-76	289	NT9_v2
AL4G35260	scaffold_3_RagTag	92.157	102	5	3	1776	1877	5663324	5663226	1.5e-31	141	NT9_v2
AL4G35260	scaffold_5_RagTag	89.542	459	21	11	1694	2126	12240806	12240349	1.25e-156	556	NT9_v2
AL4G35260	scaffold_5_RagTag	90.676	429	23	6	1694	2109	11265189	11265613	4.51e-156	555	NT9_v2
AL4G35260	scaffold_5_RagTag	89.14	442	22	10	1694	2109	19966467	19966908	9.83e-148	527	NT9_v2
AL4G35260	scaffold_5_RagTag	89.14	442	21	11	1694	2109	19472522	19472082	3.54e-147	525	NT9_v2
AL4G35260	scaffold_5_RagTag	88.914	442	23	13	1694	2109	21477063	21476622	4.57e-146	521	NT9_v2
AL4G35260	scaffold_5_RagTag	88.914	442	23	9	1694	2109	22677795	22678236	4.57e-146	521	NT9_v2
AL4G35260	scaffold_5_RagTag	91.467	375	27	2	1762	2132	6191963	6192336	9.9e-143	510	NT9_v2
AL4G35260	scaffold_5_RagTag	85.968	506	33	14	1657	2132	6600030	6599533	1.28e-141	507	NT9_v2
AL4G35260	scaffold_5_RagTag	91.781	73	6	0	2037	2109	425419	425491	7.06e-20	102	NT9_v2
AL4G35260	scaffold_5_RagTag	91.781	73	6	0	2037	2109	12566352	12566280	7.06e-20	102	NT9_v2
AL4G35260	scaffold_5_RagTag	84.848	99	15	0	2011	2109	2669234	2669332	2.54e-19	100	NT9_v2
AL4G35260	scaffold_5_RagTag	84.848	99	15	0	2011	2109	24055905	24055807	2.54e-19	100	NT9_v2
AL4G35260	scaffold_5_RagTag	83.838	99	16	0	2011	2109	14321235	14321137	1.18e-17	95.3	NT9_v2
AL4G35260	scaffold_8_RagTag	87.174	499	26	12	1649	2109	10143643	10143145	2.11e-149	532	NT9_v2
AL4G35260	scaffold_8_RagTag	88.914	442	23	10	1694	2109	3429003	3428562	4.57e-146	521	NT9_v2
AL4G35260	scaffold_8_RagTag	88.662	441	25	8	1694	2109	19703807	19703367	7.65e-144	514	NT9_v2
AL4G35260	scaffold_8_RagTag	87.703	431	33	10	1694	2109	2906527	2906952	6e-135	484	NT9_v2
AL4G35260	scaffold_8_RagTag	91.071	336	16	5	1776	2108	13090400	13090076	3.66e-122	442	NT9_v2
AL4G35260	scaffold_8_RagTag	83.673	441	21	17	1694	2109	2932004	2932418	6.31e-100	368	NT9_v2
AL4G35260	scaffold_8_RagTag	87.179	312	14	6	1811	2109	16136616	16136914	8.27e-89	331	NT9_v2
AL4G35260	scaffold_8_RagTag	87.736	106	7	3	2037	2137	14181421	14181317	7.01e-25	119	NT9_v2
AL4G35260	scaffold_8_RagTag	91.781	73	6	0	2037	2109	10606576	10606504	7.06e-20	102	NT9_v2
AL4G35260	scaffold_8_RagTag	92.647	68	5	0	1694	1761	13090462	13090395	9.14e-19	99	NT9_v2
AL4G35260	scaffold_8_RagTag	92.982	57	4	0	1694	1750	16136562	16136618	2.56e-14	84.2	NT9_v2
AL4G35260	scaffold_8_RagTag	82.828	99	7	3	1655	1743	11980124	11980026	3.31e-13	80.5	NT9_v2
AL4G35260	scaffold_7_RagTag	89.116	441	23	8	1694	2109	23735002	23735442	3.54e-147	525	NT9_v2
AL4G35260	scaffold_7_RagTag	88.939	443	22	11	1694	2109	23783230	23782788	4.57e-146	521	NT9_v2
AL4G35260	scaffold_7_RagTag	87.5	432	34	10	1694	2109	5710995	5711422	7.76e-134	481	NT9_v2
AL4G35260	scaffold_7_RagTag	91.304	345	19	4	1776	2115	26961412	26961750	1.01e-127	460	NT9_v2
AL4G35260	scaffold_7_RagTag	88.919	370	26	9	1657	2022	9317035	9317393	3.66e-122	442	NT9_v2
AL4G35260	scaffold_7_RagTag	81.548	504	30	28	1658	2109	2892477	2891985	1.37e-96	357	NT9_v2
AL4G35260	scaffold_7_RagTag	81.86	215	13	15	1694	1905	23869581	23869390	1.49e-36	158	NT9_v2
AL4G35260	scaffold_7_RagTag	85.294	102	10	2	2037	2133	2797650	2797751	2.54e-19	100	NT9_v2
AL4G35260	scaffold_7_RagTag	84.694	98	10	2	2040	2132	17778832	17778929	4.25e-17	93.5	NT9_v2
AL4G35290	scaffold_4_RagTag	77.284	405	78	10	1	399	18454956	18455352	3.19e-57	226	NT9_v2
AL4G31290	scaffold_4	97.598	1707	27	5	977	2681	16858324	16860018	0	2913	PU6_v3_fin
AL4G31290	scaffold_4	84.766	2560	282	63	1	2508	16852123	16854626	0	2468	PU6_v3_fin
AL4G31290	scaffold_4	89.271	1659	106	21	2680	4297	13989268	13990895	0	2012	PU6_v3_fin
AL4G31290	scaffold_4	91.232	1437	81	20	2680	4073	13859088	13857654	0	1914	PU6_v3_fin
AL4G31290	scaffold_4	94.505	1001	34	4	1	980	16857084	16858084	0	1524	PU6_v3_fin
AL4G31290	scaffold_4	85.514	1001	118	13	2680	3657	15763504	15762508	0	1020	PU6_v3_fin
AL4G31290	scaffold_4	98.182	220	4	0	4083	4302	13857681	13857462	1.58e-104	385	PU6_v3_fin
AL4G31290	scaffold_4	76.923	468	87	17	13	468	18809497	18809955	7.77e-63	246	PU6_v3_fin
AL4G31290	scaffold_4	76.872	454	87	14	26	468	18806252	18806698	3.62e-61	241	PU6_v3_fin
AL4G31290	scaffold_4	76.471	476	86	21	13	474	18782430	18782893	1.68e-59	235	PU6_v3_fin
AL4G31290	scaffold_4	96.104	77	3	0	4323	4399	13991613	13991689	1.06e-26	126	PU6_v3_fin
AL4G31290	scaffold_4	90.741	54	2	1	2518	2568	16855620	16855673	1.81e-09	69.4	PU6_v3_fin
AL4G31290	scaffold_3	91.626	1648	116	15	2679	4308	22051891	22053534	0	2259	PU6_v3_fin
AL4G31290	scaffold_3	85.771	1005	116	10	2678	3657	13371122	13370120	0	1038	PU6_v3_fin
AL4G31290	scaffold_3	85.7	993	115	10	2678	3645	13415571	13414581	0	1022	PU6_v3_fin
AL4G31290	scaffold_3	84.394	1006	122	25	2680	3672	20407523	20406540	0	955	PU6_v3_fin
AL4G31290	scaffold_3	86.982	169	20	2	4539	4706	21414843	21414676	1.33e-45	189	PU6_v3_fin
AL4G31290	scaffold_3	97.403	77	2	0	4323	4399	22053723	22053799	2.27e-28	132	PU6_v3_fin
AL4G31290	scaffold_8	91.033	1684	85	17	2681	4301	4370278	4371958	0	2213	PU6_v3_fin
AL4G31290	scaffold_8	93.644	1243	52	5	2685	3901	4291754	4290513	0	1832	PU6_v3_fin
AL4G31290	scaffold_8	85.344	1003	120	10	2680	3657	3072945	3073945	0	1013	PU6_v3_fin
AL4G31290	scaffold_8	95.238	63	3	0	4239	4301	4290514	4290452	6.4e-19	100	PU6_v3_fin
AL4G31290	scaffold_7	88.171	1657	129	34	2682	4297	27483902	27485532	0	1912	PU6_v3_fin
AL4G31290	scaffold_7	85.459	1231	132	31	2680	3893	11809171	11807971	0	1238	PU6_v3_fin
AL4G31290	scaffold_7	86.424	987	118	7	2685	3657	28898429	28897445	0	1066	PU6_v3_fin
AL4G31290	scaffold_7	84.53	989	135	16	2680	3657	28159143	28158162	0	963	PU6_v3_fin
AL4G31290	scaffold_7	90.566	106	10	0	3982	4087	1322194	1322089	3.77e-31	141	PU6_v3_fin
AL4G31290	scaffold_7	94.805	77	4	0	4323	4399	27485720	27485796	4.92e-25	121	PU6_v3_fin
AL4G31290	scaffold_7	98.305	59	1	0	5100	5158	6438882	6438824	4.95e-20	104	PU6_v3_fin
AL4G31290	scaffold_2	86.174	1678	143	38	2678	4304	1304344	1302705	0	1731	PU6_v3_fin
AL4G31290	scaffold_2	97.403	77	2	0	4323	4399	1302518	1302442	2.27e-28	132	PU6_v3_fin
AL4G31290	scaffold_2	97.403	77	2	0	4323	4399	21506163	21506239	2.27e-28	132	PU6_v3_fin
AL4G31290	scaffold_6	86.039	1232	133	28	2678	3893	5229732	5230940	0	1286	PU6_v3_fin
AL4G31290	scaffold_6	78.488	172	20	15	4926	5091	3452155	3452315	8.29e-18	97.1	PU6_v3_fin
AL4G31290	scaffold_5	86.263	990	120	7	2682	3657	16545634	16544647	0	1061	PU6_v3_fin
AL4G31290	scaffold_5	85.41	987	126	16	2682	3657	9764844	9765823	0	1009	PU6_v3_fin
AL4G31290	scaffold_5	94.737	95	5	0	4401	4495	11938957	11938863	2.26e-33	148	PU6_v3_fin
AL4G31290	scaffold_5	94.737	95	5	0	4401	4495	12288323	12288229	2.26e-33	148	PU6_v3_fin
AL4G31290	scaffold_5	93.684	95	6	0	4401	4495	12032321	12032227	1.05e-31	143	PU6_v3_fin
AL4G31290	scaffold_5	97.403	77	2	0	4323	4399	22922143	22922067	2.27e-28	132	PU6_v3_fin
AL4G31290	scaffold_5	97.872	47	1	0	4648	4694	11938297	11938251	2.32e-13	82.4	PU6_v3_fin
AL4G31290	scaffold_5	97.872	47	1	0	4648	4694	12031678	12031632	2.32e-13	82.4	PU6_v3_fin
AL4G31290	scaffold_5	97.872	47	1	0	4648	4694	12287680	12287634	2.32e-13	82.4	PU6_v3_fin
AL4G31290	scaffold_1	85.629	1002	118	9	2680	3657	15031702	15030703	0	1029	PU6_v3_fin
AL4G31290	scaffold_1	85.015	1001	123	10	2681	3657	13330194	13329197	0	992	PU6_v3_fin
AL4G31290	scaffold_1	95.789	95	4	0	4401	4495	25072878	25072784	4.85e-35	154	PU6_v3_fin
AL4G31290	scaffold_1	95.789	95	4	0	4401	4495	27174665	27174571	4.85e-35	154	PU6_v3_fin
AL4G31290	scaffold_1	93.75	64	3	1	4484	4547	25072740	25072678	2.98e-17	95.3	PU6_v3_fin
AL4G31290	scaffold_1	86.957	69	2	4	4484	4547	27174527	27174461	5.02e-10	71.3	PU6_v3_fin
AL4G35260	scaffold_4	98.973	1655	14	3	1	1653	18806300	18807953	0	2959	PU6_v3_fin
AL4G35260	scaffold_4	96.982	1657	44	6	1	1653	18782490	18784144	0	2778	PU6_v3_fin
AL4G35260	scaffold_4	95.836	1657	43	13	1	1653	18809557	18811191	0	2654	PU6_v3_fin
AL4G35260	scaffold_4	94.435	611	27	4	2133	2739	18811182	18811789	0	933	PU6_v3_fin
AL4G35260	scaffold_4	94.563	607	16	4	2133	2739	18784135	18784724	0	922	PU6_v3_fin
AL4G35260	scaffold_4	94.684	602	15	5	2133	2733	18807944	18808529	0	918	PU6_v3_fin
AL4G35260	scaffold_4	89.342	441	22	9	1694	2109	18909269	18909709	7.56e-149	531	PU6_v3_fin
AL4G35260	scaffold_4	88.914	442	22	11	1694	2109	972992	972552	1.64e-145	520	PU6_v3_fin
AL4G35260	scaffold_4	88.488	443	24	11	1694	2109	3823303	3822861	9.84e-143	510	PU6_v3_fin
AL4G35260	scaffold_4	88.009	442	27	10	1694	2109	15302244	15301803	2.13e-139	499	PU6_v3_fin
AL4G35260	scaffold_4	85.714	63	8	1	1694	1755	15301889	15301827	9.21e-09	65.8	PU6_v3_fin
AL4G35260	scaffold_3	90.084	474	26	8	1657	2109	12704096	12703623	2.64e-168	595	PU6_v3_fin
AL4G35260	scaffold_3	88.688	442	23	10	1694	2109	5430477	5430917	7.61e-144	514	PU6_v3_fin
AL4G35260	scaffold_3	86.613	493	33	14	1637	2109	7943516	7943037	7.61e-144	514	PU6_v3_fin
AL4G35260	scaffold_3	85.328	259	23	6	1876	2132	6212164	6212409	1.83e-65	254	PU6_v3_fin
AL4G35260	scaffold_3	89.855	69	7	0	2041	2109	455244	455176	5.47e-16	89.8	PU6_v3_fin
AL4G35260	scaffold_8	89.852	473	28	8	1657	2109	11669313	11669785	1.23e-166	590	PU6_v3_fin
AL4G35260	scaffold_8	89.569	441	21	9	1694	2109	15618365	15618805	1.62e-150	536	PU6_v3_fin
AL4G35260	scaffold_8	89.14	442	21	11	1694	2109	3837904	3838344	3.52e-147	525	PU6_v3_fin
AL4G35260	scaffold_8	84.848	462	32	18	1644	2092	4376701	4377137	7.88e-119	431	PU6_v3_fin
AL4G35260	scaffold_8	89.855	69	7	0	2041	2109	11001868	11001800	5.47e-16	89.8	PU6_v3_fin
AL4G35260	scaffold_7	89.027	483	38	8	1657	2132	26621496	26621022	5.72e-165	584	PU6_v3_fin
AL4G35260	scaffold_7	89.709	447	21	8	1694	2126	25037262	25036827	7.5e-154	547	PU6_v3_fin
AL4G35260	scaffold_7	88.889	432	28	9	1694	2109	9038577	9039004	7.61e-144	514	PU6_v3_fin
AL4G35260	scaffold_7	88.462	442	25	10	1694	2109	1276406	1276847	9.84e-143	510	PU6_v3_fin
AL4G35260	scaffold_7	82.828	99	17	0	2011	2109	18750262	18750360	5.47e-16	89.8	PU6_v3_fin
AL4G35260	scaffold_7	85.714	63	8	1	1694	1755	1276761	1276823	9.21e-09	65.8	PU6_v3_fin
AL4G35260	scaffold_7	95.122	41	2	0	1694	1734	25090581	25090541	9.21e-09	65.8	PU6_v3_fin
AL4G35260	scaffold_7	91.111	45	4	0	2065	2109	12666498	12666542	1.19e-07	62.1	PU6_v3_fin
AL4G35260	scaffold_2	90.698	430	26	5	1694	2109	3509647	3510076	9.64e-158	560	PU6_v3_fin
AL4G35260	scaffold_2	88.511	470	33	12	1657	2109	6538577	6539042	2.09e-154	549	PU6_v3_fin
AL4G35260	scaffold_2	81.081	148	18	6	1971	2109	21662169	21662023	4.2e-22	110	PU6_v3_fin
AL4G35260	scaffold_1	89.056	466	28	10	1668	2132	20093331	20093774	1.25e-156	556	PU6_v3_fin
AL4G35260	scaffold_1	88.84	457	27	7	1694	2126	23136730	23136274	1.26e-151	540	PU6_v3_fin
AL4G35260	scaffold_1	90.141	355	19	8	1770	2109	6163858	6164211	7.83e-124	448	PU6_v3_fin
AL4G35260	scaffold_1	90.909	88	8	0	1694	1781	6163749	6163836	6.97e-25	119	PU6_v3_fin
AL4G35260	scaffold_1	86.869	99	13	0	2011	2109	28019077	28018979	1.17e-22	111	PU6_v3_fin
AL4G35260	scaffold_6	88.025	476	28	8	1651	2108	13591545	13592009	1.62e-150	536	PU6_v3_fin
AL4G35260	scaffold_6	89.342	441	21	10	1694	2109	13543906	13544345	7.56e-149	531	PU6_v3_fin
AL4G35260	scaffold_6	90.351	342	19	6	1694	2021	23700522	23700863	1.69e-120	436	PU6_v3_fin
AL4G35260	scaffold_6	85.033	461	29	16	1652	2108	13102147	13102571	2.19e-119	433	PU6_v3_fin
AL4G35260	scaffold_6	84.228	298	28	11	1830	2109	1196486	1196782	5.06e-71	272	PU6_v3_fin
AL4G35260	scaffold_6	90.816	98	8	1	1657	1754	12040927	12041023	3.22e-28	130	PU6_v3_fin
AL4G35260	scaffold_6	93.103	58	4	0	2052	2109	23700857	23700914	7.07e-15	86.1	PU6_v3_fin
AL4G35260	scaffold_5	88.939	443	22	10	1694	2109	4226547	4226989	4.55e-146	521	PU6_v3_fin
AL4G35260	scaffold_5	88.713	443	23	10	1694	2109	5073380	5072938	2.12e-144	516	PU6_v3_fin
AL4G35260	scaffold_5	89.971	339	19	7	1786	2109	4708566	4708904	1.32e-116	424	PU6_v3_fin
AL4G35260	scaffold_5	82.02	495	45	28	1657	2135	20237001	20236535	8.05e-104	381	PU6_v3_fin
AL4G35260	scaffold_5	84.252	127	15	2	2011	2132	392889	393015	6.97e-25	119	PU6_v3_fin
AL4G35260	scaffold_5	91.781	73	6	0	2037	2109	9794917	9794845	7.02e-20	102	PU6_v3_fin
AL4G35260	scaffold_5	86.957	69	9	0	2041	2109	3825189	3825257	1.18e-12	78.7	PU6_v3_fin
AL4G35260	scaffold_5	100	34	0	0	1694	1727	4708818	4708851	3.31e-08	63.9	PU6_v3_fin
AL4G35290	scaffold_4	98.717	2183	24	4	1	2180	18809557	18811738	0	3873	PU6_v3_fin
AL4G35290	scaffold_4	95.51	2205	54	24	1	2180	18806300	18808484	0	3482	PU6_v3_fin
AL4G35290	scaffold_4	94.47	2206	74	20	1	2180	18782490	18784673	0	3354	PU6_v3_fin
AL4G35450	scaffold_4	88.66	97	10	1	2167	2263	16859217	16859312	2.2e-24	117	PU6_v3_fin
AL4G35480	scaffold_4	88.66	97	10	1	2145	2241	16859217	16859312	2.18e-24	117	PU6_v3_fin
AL4G31290	scaffold_4_RagTag	95.915	2717	69	13	1	2681	17297717	17300427	0	4364	TE11_v2
AL4G31290	scaffold_4_RagTag	83.191	2689	295	94	1	2607	17294436	17297049	0	2316	TE11_v2
AL4G31290	scaffold_4_RagTag	85.329	1002	121	9	2680	3657	14243413	14242414	0	1013	TE11_v2
AL4G31290	scaffold_4_RagTag	77.093	454	86	14	26	468	19114916	19115362	7.69e-63	246	TE11_v2
AL4G31290	scaffold_4_RagTag	76.471	476	86	21	13	474	19077965	19078428	1.66e-59	235	TE11_v2
AL4G31290	scaffold_4_RagTag	87.5	80	8	2	391	468	19123200	19123279	3.81e-16	91.6	TE11_v2
AL4G31290	scaffold_2_RagTag	92.202	1667	86	15	2678	4302	4502234	4503898	0	2318	TE11_v2
AL4G31290	scaffold_2_RagTag	90.706	1657	107	19	2682	4297	1204744	1206394	0	2163	TE11_v2
AL4G31290	scaffold_2_RagTag	88.307	1642	140	31	2679	4304	1810908	1812513	0	1921	TE11_v2
AL4G31290	scaffold_2_RagTag	85.23	1002	122	9	2680	3657	3341960	3340961	0	1007	TE11_v2
AL4G31290	scaffold_2_RagTag	97.403	77	2	0	4323	4399	1812702	1812778	2.25e-28	132	TE11_v2
AL4G31290	scaffold_2_RagTag	94.805	77	4	0	4323	4399	1207112	1207188	4.86e-25	121	TE11_v2
AL4G31290	scaffold_5_RagTag	91.812	1661	93	15	2681	4302	4856088	4857744	0	2274	TE11_v2
AL4G31290	scaffold_5_RagTag	94.737	95	5	0	4401	4495	11496248	11496154	2.23e-33	148	TE11_v2
AL4G31290	scaffold_5_RagTag	94.737	95	5	0	4401	4495	11537021	11536927	2.23e-33	148	TE11_v2
AL4G31290	scaffold_5_RagTag	94.737	95	5	0	4401	4495	11585943	11585849	2.23e-33	148	TE11_v2
AL4G31290	scaffold_5_RagTag	94.737	95	5	0	4401	4495	11736005	11735911	2.23e-33	148	TE11_v2
AL4G31290	scaffold_5_RagTag	94.737	95	5	0	4401	4495	11738285	11738191	2.23e-33	148	TE11_v2
AL4G31290	scaffold_5_RagTag	94.737	95	5	0	4401	4495	11815673	11815579	2.23e-33	148	TE11_v2
AL4G31290	scaffold_5_RagTag	93.684	95	6	0	4401	4495	11664736	11664642	1.04e-31	143	TE11_v2
AL4G31290	scaffold_5_RagTag	93.684	95	6	0	4401	4495	11739153	11739059	1.04e-31	143	TE11_v2
AL4G31290	scaffold_5_RagTag	97.403	77	2	0	4323	4399	22230682	22230606	2.25e-28	132	TE11_v2
AL4G31290	scaffold_5_RagTag	97.872	47	1	0	4648	4694	11495602	11495556	2.29e-13	82.4	TE11_v2
AL4G31290	scaffold_5_RagTag	97.872	47	1	0	4648	4694	11536378	11536332	2.29e-13	82.4	TE11_v2
AL4G31290	scaffold_5_RagTag	97.872	47	1	0	4648	4694	11585300	11585254	2.29e-13	82.4	TE11_v2
AL4G31290	scaffold_5_RagTag	97.872	47	1	0	4648	4694	11733585	11733539	2.29e-13	82.4	TE11_v2
AL4G31290	scaffold_5_RagTag	97.872	47	1	0	4648	4694	11815030	11814984	2.29e-13	82.4	TE11_v2
AL4G31290	scaffold_6_RagTag	86.044	1691	145	43	2681	4322	22002922	22001274	0	1731	TE11_v2
AL4G31290	scaffold_6_RagTag	96.104	77	3	0	4323	4399	22001100	22001024	1.05e-26	126	TE11_v2
AL4G31290	scaffold_6_RagTag	80.11	181	20	15	4926	5100	4029645	4029815	4.86e-25	121	TE11_v2
AL4G31290	scaffold_8_RagTag	86.134	1226	134	25	2682	3893	13931918	13933121	0	1290	TE11_v2
AL4G31290	scaffold_8_RagTag	93.121	785	25	6	3143	3901	4197438	4196657	0	1123	TE11_v2
AL4G31290	scaffold_8_RagTag	91.447	304	23	1	2682	2982	4202253	4201950	1.99e-113	414	TE11_v2
AL4G31290	scaffold_8_RagTag	95.385	65	3	0	4239	4303	4196658	4196594	4.9e-20	104	TE11_v2
AL4G31290	scaffold_8_RagTag	98	50	1	0	2980	3029	4197480	4197431	4.93e-15	87.9	TE11_v2
AL4G31290	scaffold_7_RagTag	86.454	1004	117	12	2669	3657	20570639	20569640	0	1083	TE11_v2
AL4G31290	scaffold_7_RagTag	80.851	188	26	4	3983	4161	1249537	1249351	1.34e-30	139	TE11_v2
AL4G31290	scaffold_7_RagTag	98.305	59	1	0	5100	5158	6287165	6287107	4.9e-20	104	TE11_v2
AL4G31290	scaffold_3_RagTag	86.982	169	20	2	4539	4706	21427167	21427000	1.31e-45	189	TE11_v2
AL4G35260	scaffold_4_RagTag	98.912	1655	15	3	1	1653	19114964	19116617	0	2953	TE11_v2
AL4G35260	scaffold_4_RagTag	97.043	1657	43	6	1	1653	19078025	19079679	0	2784	TE11_v2
AL4G35260	scaffold_4_RagTag	97.305	742	17	3	320	1059	19123200	19123940	0	1256	TE11_v2
AL4G35260	scaffold_4_RagTag	97.199	607	6	1	2133	2739	19116608	19117203	0	1016	TE11_v2
AL4G35260	scaffold_4_RagTag	94.893	607	15	4	2133	2739	19079670	19080260	0	935	TE11_v2
AL4G35260	scaffold_4_RagTag	95.017	602	13	5	2133	2733	19121156	19121741	0	929	TE11_v2
AL4G35260	scaffold_4_RagTag	92.144	611	26	9	2133	2739	19124982	19125574	0	843	TE11_v2
AL4G35260	scaffold_4_RagTag	95.028	362	16	2	1294	1653	19124630	19124991	5.7e-160	568	TE11_v2
AL4G35260	scaffold_4_RagTag	89.427	454	22	13	1694	2132	20160842	20160400	2.06e-154	549	TE11_v2
AL4G35260	scaffold_4_RagTag	89.342	441	22	9	1694	2109	22994309	22994749	7.47e-149	531	TE11_v2
AL4G35260	scaffold_4_RagTag	85.979	485	31	18	1658	2109	10943099	10942619	5.9e-135	484	TE11_v2
AL4G35260	scaffold_4_RagTag	98.174	219	4	0	139	357	19122990	19123208	2.21e-104	383	TE11_v2
AL4G35260	scaffold_4_RagTag	75.186	806	165	29	1	789	20469020	20468233	8.08e-94	348	TE11_v2
AL4G35260	scaffold_4_RagTag	88.321	274	11	8	1028	1301	19123971	19124223	3.81e-82	309	TE11_v2
AL4G35260	scaffold_4_RagTag	98.718	156	2	0	1	156	19122787	19122942	1.08e-72	278	TE11_v2
AL4G35260	scaffold_4_RagTag	84.536	291	33	7	1830	2109	21303123	21303412	1.08e-72	278	TE11_v2
AL4G35260	scaffold_4_RagTag	95.862	145	6	0	1509	1653	19121021	19121165	6.56e-60	235	TE11_v2
AL4G35260	scaffold_4_RagTag	77.284	405	78	10	1	399	17297788	17298184	3.95e-57	226	TE11_v2
AL4G35260	scaffold_4_RagTag	84.848	99	15	0	2011	2109	19713769	19713867	2.5e-19	100	TE11_v2
AL4G35260	scaffold_6_RagTag	89.506	486	26	8	1649	2109	24124996	24124511	3.38e-167	592	TE11_v2
AL4G35260	scaffold_6_RagTag	90.951	431	24	6	1694	2109	19641023	19641453	2.05e-159	566	TE11_v2
AL4G35260	scaffold_6_RagTag	89.14	442	22	10	1694	2109	10110020	10109579	9.67e-148	527	TE11_v2
AL4G35260	scaffold_6_RagTag	89.14	442	22	10	1694	2109	23976203	23976644	9.67e-148	527	TE11_v2
AL4G35260	scaffold_6_RagTag	88.443	424	24	6	1694	2092	4730023	4729600	4.56e-136	488	TE11_v2
AL4G35260	scaffold_6_RagTag	85.149	505	38	9	1657	2132	11220425	11219929	2.12e-134	483	TE11_v2
AL4G35260	scaffold_6_RagTag	84.94	498	38	19	1657	2138	671858	671382	1.65e-130	470	TE11_v2
AL4G35260	scaffold_6_RagTag	86.848	441	23	13	1694	2109	21482545	21482975	9.95e-128	460	TE11_v2
AL4G35260	scaffold_6_RagTag	86.062	452	31	12	1657	2102	19081819	19081394	1.29e-126	457	TE11_v2
AL4G35260	scaffold_6_RagTag	91.781	73	6	0	2037	2109	9976754	9976826	6.94e-20	102	TE11_v2
AL4G35260	scaffold_2_RagTag	90.741	432	24	7	1694	2109	13439292	13438861	2.65e-158	562	TE11_v2
AL4G35260	scaffold_2_RagTag	89.14	442	22	10	1694	2109	3999870	4000311	9.67e-148	527	TE11_v2
AL4G35260	scaffold_2_RagTag	86.922	497	31	12	1657	2132	5954505	5954988	9.67e-148	527	TE11_v2
AL4G35260	scaffold_2_RagTag	88.914	442	22	11	1694	2109	15234313	15234753	1.62e-145	520	TE11_v2
AL4G35260	scaffold_2_RagTag	87.973	449	21	12	1693	2109	5012968	5013415	2.11e-139	499	TE11_v2
AL4G35260	scaffold_2_RagTag	90.544	349	17	8	1776	2109	14298175	14297828	7.74e-124	448	TE11_v2
AL4G35260	scaffold_2_RagTag	81.646	474	27	29	1694	2109	12440547	12440076	4.86e-91	339	TE11_v2
AL4G35260	scaffold_2_RagTag	94.595	74	4	0	1694	1767	14298293	14298220	8.92e-24	115	TE11_v2
AL4G35260	scaffold_2_RagTag	92.857	42	3	0	1650	1691	5012886	5012927	1.18e-07	62.1	TE11_v2
AL4G35260	scaffold_7_RagTag	90.138	436	23	6	1694	2109	21849999	21849564	2.06e-154	549	TE11_v2
AL4G35260	scaffold_7_RagTag	89.14	442	22	10	1694	2109	25629204	25628763	9.67e-148	527	TE11_v2
AL4G35260	scaffold_7_RagTag	89.091	440	23	8	1694	2108	2037165	2036726	1.25e-146	523	TE11_v2
AL4G35260	scaffold_7_RagTag	92.083	240	15	4	1694	1931	8776167	8776404	6.29e-90	335	TE11_v2
AL4G35260	scaffold_7_RagTag	81.395	215	25	12	1694	1905	23171877	23171675	1.13e-37	161	TE11_v2
AL4G35260	scaffold_7_RagTag	86.066	122	17	0	2011	2132	17751997	17752118	8.86e-29	132	TE11_v2
AL4G35260	scaffold_8_RagTag	87.935	489	23	13	1657	2109	15778754	15779242	9.6e-153	544	TE11_v2
AL4G35260	scaffold_8_RagTag	88.914	451	28	8	1694	2122	21589712	21590162	1.61e-150	536	TE11_v2
AL4G35260	scaffold_8_RagTag	89.14	442	22	10	1694	2109	5524419	5523978	9.67e-148	527	TE11_v2
AL4G35260	scaffold_8_RagTag	78.831	496	41	32	1652	2132	15027849	15028295	3.87e-72	276	TE11_v2
AL4G35260	scaffold_8_RagTag	89.855	69	7	0	2041	2109	17674763	17674695	5.41e-16	89.8	TE11_v2
AL4G35260	scaffold_8_RagTag	83	100	7	3	1655	1744	13187703	13187604	9.05e-14	82.4	TE11_v2
AL4G35260	scaffold_8_RagTag	83.784	74	9	2	2036	2108	6091032	6091103	2.53e-09	67.6	TE11_v2
AL4G35260	scaffold_1_RagTag	88.437	467	31	10	1668	2132	19676433	19676878	3.45e-152	542	TE11_v2
AL4G35260	scaffold_1_RagTag	92.978	356	20	4	1776	2126	29839524	29839169	7.53e-144	514	TE11_v2
AL4G35260	scaffold_1_RagTag	88.462	442	25	10	1694	2109	10117604	10117163	9.74e-143	510	TE11_v2
AL4G35260	scaffold_1_RagTag	84.35	492	30	20	1658	2133	14769699	14769239	4.66e-121	438	TE11_v2
AL4G35260	scaffold_1_RagTag	85.572	402	29	13	1646	2024	20186629	20186234	1.02e-107	394	TE11_v2
AL4G35260	scaffold_1_RagTag	82.94	381	38	13	1694	2059	18371932	18371564	6.33e-85	318	TE11_v2
AL4G35260	scaffold_1_RagTag	89.453	256	19	6	1804	2055	3728372	3728121	2.28e-84	316	TE11_v2
AL4G35260	scaffold_1_RagTag	91.781	73	6	0	2037	2109	3424932	3425004	6.94e-20	102	TE11_v2
AL4G35260	scaffold_1_RagTag	92.647	68	5	0	1694	1761	29839586	29839519	8.98e-19	99	TE11_v2
AL4G35260	scaffold_5_RagTag	89.737	419	36	5	1694	2109	16354230	16354644	2.69e-148	529	TE11_v2
AL4G35260	scaffold_5_RagTag	89.14	442	22	11	1694	2109	11115337	11115778	9.67e-148	527	TE11_v2
AL4G35260	scaffold_5_RagTag	88.914	442	23	10	1694	2109	3977853	3978294	4.5e-146	521	TE11_v2
AL4G35260	scaffold_5_RagTag	88.462	442	25	10	1694	2109	12170484	12170925	9.74e-143	510	TE11_v2
AL4G35260	scaffold_5_RagTag	88.303	436	23	11	1694	2102	17687716	17688150	7.58e-139	497	TE11_v2
AL4G35260	scaffold_5_RagTag	88.432	389	27	9	1759	2133	571562	571946	1.66e-125	453	TE11_v2
AL4G35260	scaffold_5_RagTag	81.855	496	45	29	1657	2135	19571384	19570917	3.71e-102	375	TE11_v2
AL4G35260	scaffold_5_RagTag	86.799	303	33	7	1830	2126	22183664	22183363	8.14e-89	331	TE11_v2
AL4G35260	scaffold_5_RagTag	91.781	73	6	0	2037	2109	13611571	13611499	6.94e-20	102	TE11_v2
AL4G35260	scaffold_5_RagTag	84.848	99	15	0	2011	2109	1971387	1971289	2.5e-19	100	TE11_v2
AL4G35260	scaffold_3_RagTag	89.116	441	21	11	1694	2109	11499198	11498760	1.25e-146	523	TE11_v2
AL4G35260	scaffold_3_RagTag	88.435	441	25	10	1694	2109	2042635	2043074	3.5e-142	508	TE11_v2
AL4G35260	scaffold_3_RagTag	91.781	73	6	0	2037	2109	20810022	20809950	6.94e-20	102	TE11_v2
AL4G35260	scaffold_3_RagTag	91.781	73	6	0	2037	2109	20834497	20834569	6.94e-20	102	TE11_v2
AL4G35290	scaffold_4_RagTag	95.871	2204	52	20	1	2180	19114964	19117152	0	3530	TE11_v2
AL4G35290	scaffold_4_RagTag	94.515	2206	74	20	1	2180	19078025	19080209	0	3360	TE11_v2
AL4G35290	scaffold_4_RagTag	97.91	909	4	4	1272	2180	19124630	19125523	0	1559	TE11_v2
AL4G35290	scaffold_4_RagTag	97.17	742	17	4	320	1058	19123200	19123940	0	1251	TE11_v2
AL4G35290	scaffold_4_RagTag	92.98	698	29	14	1484	2180	19121018	19121696	0	1000	TE11_v2
AL4G35290	scaffold_4_RagTag	99.605	253	1	0	1027	1279	19123971	19124223	2.2e-128	462	TE11_v2
AL4G35290	scaffold_4_RagTag	98.174	219	4	0	139	357	19122990	19123208	1.76e-104	383	TE11_v2
AL4G35290	scaffold_4_RagTag	75.217	807	164	30	1	790	20469020	20468233	1.78e-94	350	TE11_v2
AL4G35290	scaffold_4_RagTag	98.718	156	2	0	1	156	19122787	19122942	8.53e-73	278	TE11_v2
AL4G35290	scaffold_4_RagTag	85.375	253	30	5	1258	1507	20467854	20467606	4e-66	255	TE11_v2
AL4G35290	scaffold_4_RagTag	77.284	405	78	10	1	399	17297788	17298184	3.14e-57	226	TE11_v2
AL4G35450	scaffold_4_RagTag	77.737	813	133	30	3	785	20469018	20468224	4.05e-126	455	TE11_v2
AL4G35480	scaffold_4_RagTag	77.737	813	133	30	3	785	20469018	20468224	4.02e-126	455	TE11_v2
AL4G31290	scaffold_4_RagTag:329527-26177039	95.694	2717	69	14	1	2681	18776443	18779147	0	4325	TE4_v1
AL4G31290	scaffold_4_RagTag:329527-26177039	84.656	2672	302	72	1	2607	18773147	18775775	0	2564	TE4_v1
AL4G31290	scaffold_4_RagTag:329527-26177039	90.12	1670	114	26	2682	4306	13902743	13904406	0	2122	TE4_v1
AL4G31290	scaffold_4_RagTag:329527-26177039	85.359	1004	120	10	2678	3657	16418880	16417880	0	1014	TE4_v1
AL4G31290	scaffold_4_RagTag:329527-26177039	77.093	454	86	14	26	468	20564924	20565370	7.79e-63	246	TE4_v1
AL4G31290	scaffold_4_RagTag:329527-26177039	76.471	476	86	21	13	474	20527973	20528436	1.69e-59	235	TE4_v1
AL4G31290	scaffold_4_RagTag:329527-26177039	97.403	77	2	0	4323	4399	13904591	13904667	2.28e-28	132	TE4_v1
AL4G31290	scaffold_4_RagTag:329527-26177039	87.5	80	8	2	391	468	20573219	20573298	3.86e-16	91.6	TE4_v1
AL4G31290	scaffold_5_RagTag:29852-15762170	91.812	1661	93	15	2681	4302	4903629	4905285	0	2274	TE4_v1
AL4G31290	scaffold_5_RagTag:29852-15762170	93.684	95	6	0	4401	4495	11665766	11665672	1.05e-31	143	TE4_v1
AL4G31290	scaffold_5_RagTag:29852-15762170	93.684	95	6	0	4401	4495	11695361	11695267	1.05e-31	143	TE4_v1
AL4G31290	scaffold_5_RagTag:29852-15762170	92.632	95	7	0	4401	4495	11548938	11548844	4.89e-30	137	TE4_v1
AL4G31290	scaffold_5_RagTag:29852-15762170	97.403	77	2	0	4323	4399	22230498	22230422	2.28e-28	132	TE4_v1
AL4G31290	scaffold_5_RagTag:29852-15762170	97.872	47	1	0	4648	4694	11665123	11665077	2.32e-13	82.4	TE4_v1
AL4G31290	scaffold_5_RagTag:29852-15762170	97.872	47	1	0	4648	4694	11694718	11694672	2.32e-13	82.4	TE4_v1
AL4G31290	scaffold_7_RagTag:1-29301300	90.964	1649	102	23	2678	4301	23618532	23616906	0	2176	TE4_v1
AL4G31290	scaffold_7_RagTag:1-29301300	85.672	1005	117	10	2678	3657	15918795	15917793	0	1033	TE4_v1
AL4G31290	scaffold_7_RagTag:1-29301300	80.851	188	25	5	3983	4161	1229012	1228827	4.89e-30	137	TE4_v1
AL4G31290	scaffold_7_RagTag:1-29301300	98.305	59	1	0	5100	5158	6156180	6156122	4.96e-20	104	TE4_v1
AL4G31290	scaffold_8_RagTag:237858-24797477	89.701	1670	114	24	2681	4307	1498780	1500434	0	2078	TE4_v1
AL4G31290	scaffold_8_RagTag:237858-24797477	93.499	1246	54	5	2682	3901	4015780	4014536	0	1827	TE4_v1
AL4G31290	scaffold_8_RagTag:237858-24797477	86.134	1226	134	25	2682	3893	14188621	14189824	0	1290	TE4_v1
AL4G31290	scaffold_8_RagTag:237858-24797477	96.104	77	3	0	4323	4399	1500617	1500693	1.06e-26	126	TE4_v1
AL4G31290	scaffold_8_RagTag:237858-24797477	95.455	66	3	0	4239	4304	4014537	4014472	1.38e-20	106	TE4_v1
AL4G31290	scaffold_6_RagTag:0-26949342	85.942	1693	145	43	2681	4322	22493457	22491807	0	1722	TE4_v1
AL4G31290	scaffold_6_RagTag:0-26949342	96.104	77	3	0	4323	4399	22491633	22491557	1.06e-26	126	TE4_v1
AL4G31290	scaffold_6_RagTag:0-26949342	78.488	172	20	15	4926	5091	4069931	4070091	8.3e-18	97.1	TE4_v1
AL4G31290	scaffold_2_RagTag:113346-24308598	86.423	1230	129	27	2680	3893	2749193	2747986	0	1312	TE4_v1
AL4G31290	scaffold_2_RagTag:113346-24308598	85.988	992	120	12	2680	3657	15511467	15510481	0	1044	TE4_v1
AL4G31290	scaffold_2_RagTag:113346-24308598	85.23	1002	122	9	2680	3657	3152759	3151760	0	1007	TE4_v1
AL4G31290	scaffold_1_RagTag:94989-32092331	85.743	1003	117	9	2679	3657	19375261	19376261	0	1037	TE4_v1
AL4G31290	scaffold_1_RagTag:94989-32092331	94.737	95	5	0	4401	4495	27407858	27407764	2.26e-33	148	TE4_v1
AL4G31290	scaffold_1_RagTag:94989-32092331	88.525	61	2	2	4492	4547	27406883	27406823	1.81e-09	69.4	TE4_v1
AL4G31290	scaffold_3_RagTag:1-25320414	86.982	169	20	2	4539	4706	21237613	21237446	1.33e-45	189	TE4_v1
AL4G31290	scaffold_3_RagTag:1-25320414	91.579	95	8	0	4401	4495	14428323	14428229	2.28e-28	132	TE4_v1
AL4G31290	scaffold_3_RagTag:1-25320414	93.75	64	4	0	4484	4547	14428178	14428115	8.3e-18	97.1	TE4_v1
AL4G35260	scaffold_4_RagTag:329527-26177039	98.912	1655	15	3	1	1653	20564972	20566625	0	2953	TE4_v1
AL4G35260	scaffold_4_RagTag:329527-26177039	97.043	1657	43	6	1	1653	20528033	20529687	0	2784	TE4_v1
AL4G35260	scaffold_4_RagTag:329527-26177039	97.305	742	17	3	320	1059	20573219	20573959	0	1256	TE4_v1
AL4G35260	scaffold_4_RagTag:329527-26177039	97.199	607	6	1	2133	2739	20566616	20567211	0	1016	TE4_v1
AL4G35260	scaffold_4_RagTag:329527-26177039	95.681	602	16	6	2133	2733	20571165	20571757	0	959	TE4_v1
AL4G35260	scaffold_4_RagTag:329527-26177039	94.893	607	15	4	2133	2739	20529678	20530268	0	935	TE4_v1
AL4G35260	scaffold_4_RagTag:329527-26177039	92.144	611	26	9	2133	2739	20575009	20575601	0	843	TE4_v1
AL4G35260	scaffold_4_RagTag:329527-26177039	95.028	362	16	2	1294	1653	20574657	20575018	5.77e-160	568	TE4_v1
AL4G35260	scaffold_4_RagTag:329527-26177039	89.14	442	22	10	1694	2109	6114893	6114452	9.79e-148	527	TE4_v1
AL4G35260	scaffold_4_RagTag:329527-26177039	88.939	443	22	11	1694	2109	8076584	8077026	4.56e-146	521	TE4_v1
AL4G35260	scaffold_4_RagTag:329527-26177039	86.186	485	30	18	1658	2109	12458770	12458290	1.28e-136	490	TE4_v1
AL4G35260	scaffold_4_RagTag:329527-26177039	98.174	219	4	0	139	357	20573009	20573227	2.24e-104	383	TE4_v1
AL4G35260	scaffold_4_RagTag:329527-26177039	75.186	806	165	29	1	789	21849817	21849030	8.18e-94	348	TE4_v1
AL4G35260	scaffold_4_RagTag:329527-26177039	88.321	274	11	8	1028	1301	20573998	20574250	3.86e-82	309	TE4_v1
AL4G35260	scaffold_4_RagTag:329527-26177039	98.718	156	2	0	1	156	20572803	20572958	1.09e-72	278	TE4_v1
AL4G35260	scaffold_4_RagTag:329527-26177039	95.89	146	5	1	1509	1653	20571029	20571174	6.65e-60	235	TE4_v1
AL4G35260	scaffold_4_RagTag:329527-26177039	77.284	405	78	10	1	399	18776514	18776910	4e-57	226	TE4_v1
AL4G35260	scaffold_4_RagTag:329527-26177039	84.848	99	15	0	2011	2109	21156792	21156890	2.53e-19	100	TE4_v1
AL4G35260	scaffold_3_RagTag:1-25320414	89.648	483	34	9	1657	2132	6262699	6262226	5.69e-170	601	TE4_v1
AL4G35260	scaffold_3_RagTag:1-25320414	89.116	441	21	11	1694	2109	11634549	11634111	1.27e-146	523	TE4_v1
AL4G35260	scaffold_3_RagTag:1-25320414	84.615	260	25	6	1876	2132	5978915	5979162	1.1e-62	244	TE4_v1
AL4G35260	scaffold_3_RagTag:1-25320414	91.781	73	6	0	2037	2109	20553474	20553546	7.03e-20	102	TE4_v1
AL4G35260	scaffold_3_RagTag:1-25320414	91.667	72	6	0	2037	2108	21906957	21907028	2.53e-19	100	TE4_v1
AL4G35260	scaffold_3_RagTag:1-25320414	86.957	69	9	0	2041	2109	7781074	7781142	1.19e-12	78.7	TE4_v1
AL4G35260	scaffold_1_RagTag:94989-32092331	90.414	459	34	7	1657	2109	17831260	17831714	2.65e-168	595	TE4_v1
AL4G35260	scaffold_1_RagTag:94989-32092331	90.972	432	24	7	1693	2109	10133242	10133673	5.77e-160	568	TE4_v1
AL4G35260	scaffold_1_RagTag:94989-32092331	89.013	446	31	8	1694	2126	23769964	23769524	1.63e-150	536	TE4_v1
AL4G35260	scaffold_1_RagTag:94989-32092331	89.767	430	26	7	1694	2109	8764411	8763986	5.85e-150	534	TE4_v1
AL4G35260	scaffold_1_RagTag:94989-32092331	88.914	442	23	9	1694	2109	17370447	17370888	4.56e-146	521	TE4_v1
AL4G35260	scaffold_1_RagTag:94989-32092331	88.914	442	23	10	1694	2109	28185662	28185221	4.56e-146	521	TE4_v1
AL4G35260	scaffold_1_RagTag:94989-32092331	85.396	493	36	17	1658	2133	14804769	14804296	2.78e-133	479	TE4_v1
AL4G35260	scaffold_1_RagTag:94989-32092331	90.141	355	19	6	1668	2022	19457971	19458309	7.84e-124	448	TE4_v1
AL4G35260	scaffold_1_RagTag:94989-32092331	85.466	461	25	14	1657	2109	24033548	24033974	3.65e-122	442	TE4_v1
AL4G35260	scaffold_1_RagTag:94989-32092331	85.572	402	29	13	1646	2024	19861365	19860970	1.04e-107	394	TE4_v1
AL4G35260	scaffold_1_RagTag:94989-32092331	90.234	256	18	5	1804	2055	3744414	3744162	1.07e-87	327	TE4_v1
AL4G35260	scaffold_1_RagTag:94989-32092331	91.781	73	6	0	2037	2109	3420216	3420288	7.03e-20	102	TE4_v1
AL4G35260	scaffold_8_RagTag:237858-24797477	88.935	479	26	11	1657	2109	2859221	2858744	2.08e-159	566	TE4_v1
AL4G35260	scaffold_8_RagTag:237858-24797477	88.26	477	22	10	1657	2109	16308423	16308889	1.26e-151	540	TE4_v1
AL4G35260	scaffold_8_RagTag:237858-24797477	89.14	442	22	10	1694	2109	16224331	16223890	9.79e-148	527	TE4_v1
AL4G35260	scaffold_8_RagTag:237858-24797477	78.831	496	41	32	1652	2132	15391039	15391485	3.92e-72	276	TE4_v1
AL4G35260	scaffold_8_RagTag:237858-24797477	84.848	99	15	0	2011	2109	5000351	5000449	2.53e-19	100	TE4_v1
AL4G35260	scaffold_8_RagTag:237858-24797477	83.784	74	9	2	2036	2108	6039661	6039732	2.57e-09	67.6	TE4_v1
AL4G35260	scaffold_7_RagTag:1-29301300	88.66	485	22	13	1657	2109	22280323	22280806	9.66e-158	560	TE4_v1
AL4G35260	scaffold_7_RagTag:1-29301300	90.487	431	26	6	1694	2109	5489294	5488864	4.49e-156	555	TE4_v1
AL4G35260	scaffold_7_RagTag:1-29301300	89.116	441	22	10	1694	2109	16833483	16833044	3.52e-147	525	TE4_v1
AL4G35260	scaffold_7_RagTag:1-29301300	81.395	215	25	12	1694	1905	23850733	23850531	1.14e-37	161	TE4_v1
AL4G35260	scaffold_7_RagTag:1-29301300	82.828	99	17	0	2011	2109	25223933	25224031	5.48e-16	89.8	TE4_v1
AL4G35260	scaffold_6_RagTag:0-26949342	88.454	485	24	12	1657	2109	21224457	21223973	1.25e-156	556	TE4_v1
AL4G35260	scaffold_6_RagTag:0-26949342	88.985	463	21	11	1694	2126	21141016	21140554	2.7e-153	545	TE4_v1
AL4G35260	scaffold_6_RagTag:0-26949342	88.72	461	24	10	1694	2126	4147527	4147987	4.52e-151	538	TE4_v1
AL4G35260	scaffold_6_RagTag:0-26949342	89.342	441	22	9	1694	2109	24494831	24494391	7.57e-149	531	TE4_v1
AL4G35260	scaffold_6_RagTag:0-26949342	89.14	442	22	10	1694	2109	5409779	5409338	9.79e-148	527	TE4_v1
AL4G35260	scaffold_6_RagTag:0-26949342	89.14	442	22	10	1694	2109	9931562	9931121	9.79e-148	527	TE4_v1
AL4G35260	scaffold_6_RagTag:0-26949342	89.016	437	23	7	1688	2109	21233533	21233959	5.89e-145	518	TE4_v1
AL4G35260	scaffold_6_RagTag:0-26949342	88.688	442	24	10	1694	2109	8443232	8442791	2.12e-144	516	TE4_v1
AL4G35260	scaffold_6_RagTag:0-26949342	88.235	442	26	10	1694	2109	23661243	23660802	4.59e-141	505	TE4_v1
AL4G35260	scaffold_6_RagTag:0-26949342	88.235	425	24	6	1694	2092	4782634	4782210	5.98e-135	484	TE4_v1
AL4G35260	scaffold_6_RagTag:0-26949342	84.94	498	38	19	1657	2138	659764	659288	1.67e-130	470	TE4_v1
AL4G35260	scaffold_6_RagTag:0-26949342	91.781	73	6	0	2037	2109	10903617	10903545	7.03e-20	102	TE4_v1
AL4G35260	scaffold_5_RagTag:29852-15762170	88.914	442	23	10	1694	2109	3716814	3717255	4.56e-146	521	TE4_v1
AL4G35260	scaffold_5_RagTag:29852-15762170	88.688	442	24	10	1694	2109	7077978	7078419	2.12e-144	516	TE4_v1
AL4G35260	scaffold_5_RagTag:29852-15762170	88.262	443	24	12	1694	2109	17822484	17822925	4.59e-141	505	TE4_v1
AL4G35260	scaffold_5_RagTag:29852-15762170	88.443	424	33	10	1694	2109	20922150	20922565	7.68e-139	497	TE4_v1
AL4G35260	scaffold_5_RagTag:29852-15762170	88.432	389	27	9	1759	2133	572497	572881	1.69e-125	453	TE4_v1
AL4G35260	scaffold_5_RagTag:29852-15762170	85.057	435	38	13	1712	2132	10246097	10246518	6.15e-115	418	TE4_v1
AL4G35260	scaffold_5_RagTag:29852-15762170	91.781	73	6	0	2037	2109	13435822	13435750	7.03e-20	102	TE4_v1
AL4G35260	scaffold_2_RagTag:113346-24308598	88.914	442	23	10	1694	2109	22904267	22903826	4.56e-146	521	TE4_v1
AL4G35260	scaffold_2_RagTag:113346-24308598	88.713	443	23	11	1694	2109	1564075	1563633	2.12e-144	516	TE4_v1
AL4G35260	scaffold_2_RagTag:113346-24308598	87.946	448	21	12	1694	2109	4818640	4819086	7.68e-139	497	TE4_v1
AL4G35260	scaffold_2_RagTag:113346-24308598	84.99	493	24	25	1658	2137	5680350	5679895	4.69e-126	455	TE4_v1
AL4G35260	scaffold_2_RagTag:113346-24308598	91.333	150	13	0	1977	2126	19063676	19063825	5.21e-51	206	TE4_v1
AL4G35290	scaffold_4_RagTag:329527-26177039	95.871	2204	52	20	1	2180	20564972	20567160	0	3530	TE4_v1
AL4G35290	scaffold_4_RagTag:329527-26177039	94.515	2206	74	20	1	2180	20528033	20530217	0	3360	TE4_v1
AL4G35290	scaffold_4_RagTag:329527-26177039	97.91	909	4	4	1272	2180	20574657	20575550	0	1559	TE4_v1
AL4G35290	scaffold_4_RagTag:329527-26177039	97.17	742	17	4	320	1058	20573219	20573959	0	1251	TE4_v1
AL4G35290	scaffold_4_RagTag:329527-26177039	93.696	698	32	5	1484	2180	20571026	20571712	0	1035	TE4_v1
AL4G35290	scaffold_4_RagTag:329527-26177039	99.605	253	1	0	1027	1279	20573998	20574250	2.22e-128	462	TE4_v1
AL4G35290	scaffold_4_RagTag:329527-26177039	98.174	219	4	0	139	357	20573009	20573227	1.78e-104	383	TE4_v1
AL4G35290	scaffold_4_RagTag:329527-26177039	75.217	807	164	30	1	790	21849817	21849030	1.81e-94	350	TE4_v1
AL4G35290	scaffold_4_RagTag:329527-26177039	98.718	156	2	0	1	156	20572803	20572958	8.64e-73	278	TE4_v1
AL4G35290	scaffold_4_RagTag:329527-26177039	85.375	253	30	5	1258	1507	21848648	21848400	4.05e-66	255	TE4_v1
AL4G35290	scaffold_4_RagTag:329527-26177039	77.284	405	78	10	1	399	18776514	18776910	3.18e-57	226	TE4_v1
AL4G35450	scaffold_4_RagTag:329527-26177039	77.737	813	133	30	3	785	21849815	21849021	4.11e-126	455	TE4_v1
AL4G35480	scaffold_4_RagTag:329527-26177039	77.737	813	133	30	3	785	21849815	21849021	4.07e-126	455	TE4_v1
AL4G31290	scaffold_4_RagTag:825599-25061996	96.307	2708	62	13	1	2681	17213643	17216339	0	4412	TE8_v1
AL4G31290	scaffold_4_RagTag:825599-25061996	83.004	2530	285	88	148	2607	17210521	17212975	0	2156	TE8_v1
AL4G31290	scaffold_4_RagTag:825599-25061996	77.093	454	86	14	26	468	19006609	19007055	7.75e-63	246	TE8_v1
AL4G31290	scaffold_4_RagTag:825599-25061996	76.471	476	86	21	13	474	18969657	18970120	1.68e-59	235	TE8_v1
AL4G31290	scaffold_4_RagTag:825599-25061996	90.385	156	14	1	1	155	17206079	17206234	4.73e-50	204	TE8_v1
AL4G31290	scaffold_4_RagTag:825599-25061996	87.5	80	8	2	391	468	19014909	19014988	3.84e-16	91.6	TE8_v1
AL4G31290	scaffold_2_RagTag:0-23605790	87.21	1681	137	37	2679	4316	1829939	1831584	0	1842	TE8_v1
AL4G31290	scaffold_2_RagTag:0-23605790	85.672	1005	117	10	2678	3657	2809054	2810056	0	1033	TE8_v1
AL4G31290	scaffold_2_RagTag:0-23605790	85.315	1001	121	9	2681	3657	17891369	17890371	0	1011	TE8_v1
AL4G31290	scaffold_2_RagTag:0-23605790	96.104	77	3	0	4323	4399	1831765	1831841	1.05e-26	126	TE8_v1
AL4G31290	scaffold_8_RagTag:0-24591694	93.429	1248	53	7	2682	3901	4470729	4469483	0	1823	TE8_v1
AL4G31290	scaffold_8_RagTag:0-24591694	93.8	1129	41	6	2801	3901	4457801	4456674	0	1670	TE8_v1
AL4G31290	scaffold_8_RagTag:0-24591694	86.134	1226	134	25	2682	3893	14355000	14356203	0	1290	TE8_v1
AL4G31290	scaffold_8_RagTag:0-24591694	95.522	67	3	0	4239	4305	4456675	4456609	3.81e-21	108	TE8_v1
AL4G31290	scaffold_8_RagTag:0-24591694	95.385	65	3	0	4239	4303	4469484	4469420	4.93e-20	104	TE8_v1
AL4G31290	scaffold_3_RagTag:1-26654334	86.109	1231	132	29	2680	3893	10872754	10871546	0	1290	TE8_v1
AL4G31290	scaffold_3_RagTag:1-26654334	86.982	169	20	2	4539	4706	21146996	21146829	1.32e-45	189	TE8_v1
AL4G31290	scaffold_1_RagTag:13975-33400674	85.842	1003	116	9	2679	3657	19604081	19605081	0	1042	TE8_v1
AL4G31290	scaffold_7_RagTag:0-28571223	85.672	1005	117	10	2678	3657	15844276	15843274	0	1033	TE8_v1
AL4G31290	scaffold_7_RagTag:0-28571223	81.383	188	25	4	3983	4161	1257621	1257435	2.91e-32	145	TE8_v1
AL4G31290	scaffold_7_RagTag:0-28571223	98.305	59	1	0	5100	5158	6156330	6156272	4.93e-20	104	TE8_v1
AL4G31290	scaffold_5_RagTag:609893-23791649	85.41	987	126	16	2682	3657	10462019	10462998	0	1009	TE8_v1
AL4G31290	scaffold_5_RagTag:609893-23791649	94.737	95	5	0	4401	4495	12006579	12006485	2.25e-33	148	TE8_v1
AL4G31290	scaffold_5_RagTag:609893-23791649	94.737	95	5	0	4401	4495	12101654	12101560	2.25e-33	148	TE8_v1
AL4G31290	scaffold_5_RagTag:609893-23791649	94.737	95	5	0	4401	4495	12219750	12219656	2.25e-33	148	TE8_v1
AL4G31290	scaffold_5_RagTag:609893-23791649	94.737	95	5	0	4401	4495	12247000	12246906	2.25e-33	148	TE8_v1
AL4G31290	scaffold_5_RagTag:609893-23791649	93.684	95	6	0	4401	4495	12075689	12075595	1.05e-31	143	TE8_v1
AL4G31290	scaffold_5_RagTag:609893-23791649	94.444	90	5	0	4401	4490	11992613	11992524	1.35e-30	139	TE8_v1
AL4G31290	scaffold_5_RagTag:609893-23791649	92.632	95	7	0	4401	4495	12047588	12047494	4.87e-30	137	TE8_v1
AL4G31290	scaffold_5_RagTag:609893-23791649	97.403	77	2	0	4323	4399	22705258	22705182	2.26e-28	132	TE8_v1
AL4G31290	scaffold_5_RagTag:609893-23791649	97.872	47	1	0	4648	4694	11989266	11989220	2.31e-13	82.4	TE8_v1
AL4G31290	scaffold_5_RagTag:609893-23791649	97.872	47	1	0	4648	4694	12005936	12005890	2.31e-13	82.4	TE8_v1
AL4G31290	scaffold_5_RagTag:609893-23791649	97.872	47	1	0	4648	4694	12046945	12046899	2.31e-13	82.4	TE8_v1
AL4G31290	scaffold_5_RagTag:609893-23791649	97.872	47	1	0	4648	4694	12075046	12075000	2.31e-13	82.4	TE8_v1
AL4G31290	scaffold_5_RagTag:609893-23791649	97.872	47	1	0	4648	4694	12101011	12100965	2.31e-13	82.4	TE8_v1
AL4G31290	scaffold_5_RagTag:609893-23791649	97.872	47	1	0	4648	4694	12219107	12219061	2.31e-13	82.4	TE8_v1
AL4G31290	scaffold_5_RagTag:609893-23791649	97.872	47	1	0	4648	4694	12246357	12246311	2.31e-13	82.4	TE8_v1
AL4G31290	scaffold_6_RagTag:0-26335035	78.488	172	20	15	4926	5091	4024728	4024888	8.26e-18	97.1	TE8_v1
AL4G35260	scaffold_4_RagTag:825599-25061996	98.912	1655	15	3	1	1653	19006657	19008310	0	2953	TE8_v1
AL4G35260	scaffold_4_RagTag:825599-25061996	97.043	1657	43	6	1	1653	18969717	18971371	0	2784	TE8_v1
AL4G35260	scaffold_4_RagTag:825599-25061996	92.451	1020	37	27	320	1301	19014909	19015926	0	1421	TE8_v1
AL4G35260	scaffold_4_RagTag:825599-25061996	97.199	607	6	1	2133	2739	19008301	19008896	0	1016	TE8_v1
AL4G35260	scaffold_4_RagTag:825599-25061996	95.681	602	16	6	2133	2733	19012849	19013441	0	959	TE8_v1
AL4G35260	scaffold_4_RagTag:825599-25061996	94.728	607	16	4	2133	2739	18971362	18971952	0	929	TE8_v1
AL4G35260	scaffold_4_RagTag:825599-25061996	92.144	611	26	9	2133	2739	19016685	19017277	0	843	TE8_v1
AL4G35260	scaffold_4_RagTag:825599-25061996	95.028	362	16	2	1294	1653	19016333	19016694	5.74e-160	568	TE8_v1
AL4G35260	scaffold_4_RagTag:825599-25061996	89.427	454	22	13	1694	2132	19988906	19988464	2.08e-154	549	TE8_v1
AL4G35260	scaffold_4_RagTag:825599-25061996	89.14	442	22	10	1694	2109	13109897	13110338	9.74e-148	527	TE8_v1
AL4G35260	scaffold_4_RagTag:825599-25061996	85.773	485	32	16	1658	2109	11003344	11002864	2.77e-133	479	TE8_v1
AL4G35260	scaffold_4_RagTag:825599-25061996	98.174	219	4	0	139	357	19014699	19014917	2.23e-104	383	TE8_v1
AL4G35260	scaffold_4_RagTag:825599-25061996	98.718	156	2	0	1	156	19014487	19014642	1.08e-72	278	TE8_v1
AL4G35260	scaffold_4_RagTag:825599-25061996	84.536	291	33	7	1830	2109	21085038	21085327	1.08e-72	278	TE8_v1
AL4G35260	scaffold_4_RagTag:825599-25061996	95.89	146	5	1	1509	1653	19012713	19012858	6.61e-60	235	TE8_v1
AL4G35260	scaffold_4_RagTag:825599-25061996	77.284	405	78	10	1	399	17213714	17214110	3.98e-57	226	TE8_v1
AL4G35260	scaffold_4_RagTag:825599-25061996	87.671	73	9	0	2037	2109	21141302	21141374	7.05e-15	86.1	TE8_v1
AL4G35260	scaffold_1_RagTag:13975-33400674	90.414	459	34	7	1657	2109	17893223	17893677	2.63e-168	595	TE8_v1
AL4G35260	scaffold_1_RagTag:13975-33400674	89.013	446	31	8	1694	2126	24648903	24648463	1.62e-150	536	TE8_v1
AL4G35260	scaffold_1_RagTag:13975-33400674	88.914	442	23	10	1694	2109	15033705	15033264	4.53e-146	521	TE8_v1
AL4G35260	scaffold_1_RagTag:13975-33400674	89.646	367	29	7	1694	2055	3671426	3671064	3.6e-127	459	TE8_v1
AL4G35260	scaffold_1_RagTag:13975-33400674	85.466	461	25	14	1657	2109	24816278	24816704	3.63e-122	442	TE8_v1
AL4G35260	scaffold_1_RagTag:13975-33400674	82.94	381	38	13	1694	2059	18340706	18340338	6.38e-85	318	TE8_v1
AL4G35260	scaffold_8_RagTag:0-24591694	88.935	479	26	11	1657	2109	3113817	3113340	2.06e-159	566	TE8_v1
AL4G35260	scaffold_8_RagTag:0-24591694	90.753	292	14	5	1694	1972	24235661	24235952	1.04e-102	377	TE8_v1
AL4G35260	scaffold_8_RagTag:0-24591694	81.857	474	25	31	1694	2109	15426969	15426499	3.79e-92	342	TE8_v1
AL4G35260	scaffold_8_RagTag:0-24591694	78.873	497	39	31	1652	2132	15515565	15516011	3.9e-72	276	TE8_v1
AL4G35260	scaffold_6_RagTag:0-26335035	88.454	485	24	12	1657	2109	20317114	20316630	1.24e-156	556	TE8_v1
AL4G35260	scaffold_6_RagTag:0-26335035	89.342	441	22	9	1694	2109	18977343	18977783	7.53e-149	531	TE8_v1
AL4G35260	scaffold_6_RagTag:0-26335035	89.342	441	22	9	1694	2109	23853699	23853259	7.53e-149	531	TE8_v1
AL4G35260	scaffold_6_RagTag:0-26335035	89.14	442	22	10	1694	2109	12963928	12963487	9.74e-148	527	TE8_v1
AL4G35260	scaffold_6_RagTag:0-26335035	89.14	442	22	10	1694	2109	23704419	23704860	9.74e-148	527	TE8_v1
AL4G35260	scaffold_6_RagTag:0-26335035	89.016	437	23	7	1688	2109	20326190	20326616	5.86e-145	518	TE8_v1
AL4G35260	scaffold_6_RagTag:0-26335035	88.688	442	24	10	1694	2109	8417825	8417384	2.11e-144	516	TE8_v1
AL4G35260	scaffold_6_RagTag:0-26335035	89.277	429	22	7	1694	2109	20409096	20408679	2.11e-144	516	TE8_v1
AL4G35260	scaffold_6_RagTag:0-26335035	88.462	442	25	10	1694	2109	23047630	23047189	9.81e-143	510	TE8_v1
AL4G35260	scaffold_6_RagTag:0-26335035	82.39	159	21	4	1976	2132	24141526	24141373	8.92e-29	132	TE8_v1
AL4G35260	scaffold_6_RagTag:0-26335035	94.286	35	2	0	1693	1727	10960373	10960339	1.99e-05	54.7	TE8_v1
AL4G35260	scaffold_5_RagTag:609893-23791649	89.325	459	23	10	1694	2126	14570127	14569669	1.61e-155	553	TE8_v1
AL4G35260	scaffold_5_RagTag:609893-23791649	87.677	495	25	13	1651	2109	2789294	2789788	9.67e-153	544	TE8_v1
AL4G35260	scaffold_5_RagTag:609893-23791649	89.583	384	28	8	1759	2133	581428	581808	9.95e-133	477	TE8_v1
AL4G35260	scaffold_5_RagTag:609893-23791649	84.909	497	31	14	1650	2126	12582602	12582130	2.79e-128	462	TE8_v1
AL4G35260	scaffold_5_RagTag:609893-23791649	79.323	532	29	38	1658	2109	2297504	2296974	8.31e-79	298	TE8_v1
AL4G35260	scaffold_5_RagTag:609893-23791649	91.781	73	6	0	2037	2109	14162731	14162659	7e-20	102	TE8_v1
AL4G35260	scaffold_3_RagTag:1-26654334	87.375	499	24	13	1650	2109	7083781	7084279	1.62e-150	536	TE8_v1
AL4G35260	scaffold_3_RagTag:1-26654334	89.14	442	21	11	1694	2109	12551964	12552404	3.5e-147	525	TE8_v1
AL4G35260	scaffold_3_RagTag:1-26654334	88.914	442	22	11	1694	2109	1589772	1589332	1.63e-145	520	TE8_v1
AL4G35260	scaffold_3_RagTag:1-26654334	91.781	73	6	0	2037	2109	20561650	20561722	7e-20	102	TE8_v1
AL4G35260	scaffold_3_RagTag:1-26654334	84.848	99	15	0	2011	2109	24503917	24504015	2.52e-19	100	TE8_v1
AL4G35260	scaffold_3_RagTag:1-26654334	86.957	69	9	0	2041	2109	7726827	7726895	1.18e-12	78.7	TE8_v1
AL4G35260	scaffold_7_RagTag:0-28571223	89.14	442	22	10	1694	2109	15350859	15351300	9.74e-148	527	TE8_v1
AL4G35260	scaffold_7_RagTag:0-28571223	89.14	442	22	10	1694	2109	20924472	20924031	9.74e-148	527	TE8_v1
AL4G35260	scaffold_7_RagTag:0-28571223	89.327	431	29	8	1694	2109	8642715	8643143	3.5e-147	525	TE8_v1
AL4G35260	scaffold_7_RagTag:0-28571223	89.116	441	23	8	1694	2109	11193738	11193298	3.5e-147	525	TE8_v1
AL4G35260	scaffold_7_RagTag:0-28571223	89.116	441	22	10	1694	2109	17363357	17362918	3.5e-147	525	TE8_v1
AL4G35260	scaffold_7_RagTag:0-28571223	80.734	218	20	11	1694	1905	23476517	23476316	2.46e-34	150	TE8_v1
AL4G35260	scaffold_7_RagTag:0-28571223	83.838	99	16	0	2011	2109	18073126	18073224	1.17e-17	95.3	TE8_v1
AL4G35260	scaffold_7_RagTag:0-28571223	82.828	99	17	0	2011	2109	24875229	24875327	5.45e-16	89.8	TE8_v1
AL4G35260	scaffold_2_RagTag:0-23605790	89.14	442	22	10	1694	2109	4058488	4058929	9.74e-148	527	TE8_v1
AL4G35260	scaffold_2_RagTag:0-23605790	88.914	442	22	11	1694	2109	13936156	13935716	1.63e-145	520	TE8_v1
AL4G35260	scaffold_2_RagTag:0-23605790	88.462	442	23	11	1694	2109	17976522	17976961	3.53e-142	508	TE8_v1
AL4G35260	scaffold_2_RagTag:0-23605790	88.235	442	26	10	1694	2109	21138822	21139263	4.56e-141	505	TE8_v1
AL4G35260	scaffold_2_RagTag:0-23605790	85.714	63	8	1	1694	1755	21139177	21139239	9.18e-09	65.8	TE8_v1
AL4G35290	scaffold_4_RagTag:825599-25061996	95.871	2204	52	20	1	2180	19006657	19008845	0	3530	TE8_v1
AL4G35290	scaffold_4_RagTag:825599-25061996	94.47	2206	75	20	1	2180	18969717	18971901	0	3354	TE8_v1
AL4G35290	scaffold_4_RagTag:825599-25061996	97.91	909	4	4	1272	2180	19016333	19017226	0	1559	TE8_v1
AL4G35290	scaffold_4_RagTag:825599-25061996	97.17	742	17	4	320	1058	19014909	19015649	0	1251	TE8_v1
AL4G35290	scaffold_4_RagTag:825599-25061996	93.696	698	32	5	1484	2180	19012710	19013396	0	1035	TE8_v1
AL4G35290	scaffold_4_RagTag:825599-25061996	99.605	253	1	0	1027	1279	19015674	19015926	2.21e-128	462	TE8_v1
AL4G35290	scaffold_4_RagTag:825599-25061996	98.174	219	4	0	139	357	19014699	19014917	1.77e-104	383	TE8_v1
AL4G35290	scaffold_4_RagTag:825599-25061996	98.718	156	2	0	1	156	19014487	19014642	8.6e-73	278	TE8_v1
AL4G35290	scaffold_4_RagTag:825599-25061996	77.284	405	78	10	1	399	17213714	17214110	3.16e-57	226	TE8_v1
AL4G31290	scaffold_4_RagTag	97.886	2696	37	8	1	2681	14546253	14548943	0	4645	WS1_v2_s
AL4G31290	scaffold_4_RagTag	84.884	2666	296	66	1	2607	14543032	14545649	0	2591	WS1_v2_s
AL4G31290	scaffold_4_RagTag	85.936	1678	144	38	2682	4305	13134345	13135984	0	1707	WS1_v2_s
AL4G31290	scaffold_4_RagTag	86.97	990	112	10	2682	3657	7837561	7836575	0	1098	WS1_v2_s
AL4G31290	scaffold_4_RagTag	85.4	1000	120	9	2682	3657	2902054	2903051	0	1014	WS1_v2_s
AL4G31290	scaffold_4_RagTag	76.709	468	88	17	13	468	16240079	16240537	3.49e-61	241	WS1_v2_s
AL4G31290	scaffold_4_RagTag	76.596	470	85	20	13	468	16249368	16249826	1.62e-59	235	WS1_v2_s
AL4G31290	scaffold_4_RagTag	97.403	77	2	0	4323	4399	13136171	13136247	2.19e-28	132	WS1_v2_s
AL4G31290	scaffold_3_RagTag	91.632	1661	97	13	2682	4302	12346906	12348564	0	2259	WS1_v2_s
AL4G31290	scaffold_3_RagTag	84.118	170	24	3	4539	4706	20513241	20513073	2.8e-37	161	WS1_v2_s
AL4G31290	scaffold_1_RagTag	91.102	1652	118	17	2681	4307	28739721	28738074	0	2209	WS1_v2_s
AL4G31290	scaffold_1_RagTag	85.942	1003	115	9	2679	3657	19289227	19290227	0	1048	WS1_v2_s
AL4G31290	scaffold_1_RagTag	97.403	77	2	0	4323	4399	28737889	28737813	2.19e-28	132	WS1_v2_s
AL4G31290	scaffold_7_RagTag	91.125	1645	118	16	2680	4300	6150392	6148752	0	2204	WS1_v2_s
AL4G31290	scaffold_7_RagTag	88.104	1656	130	34	2682	4296	26856543	26858172	0	1905	WS1_v2_s
AL4G31290	scaffold_7_RagTag	80.952	189	26	4	3982	4161	1275758	1275571	3.64e-31	141	WS1_v2_s
AL4G31290	scaffold_7_RagTag	97.403	77	2	0	4323	4399	6148567	6148491	2.19e-28	132	WS1_v2_s
AL4G31290	scaffold_7_RagTag	96.104	77	3	0	4323	4399	26858360	26858436	1.02e-26	126	WS1_v2_s
AL4G31290	scaffold_7_RagTag	98.305	59	1	0	5100	5158	6367701	6367643	4.78e-20	104	WS1_v2_s
AL4G31290	scaffold_5_RagTag	89.893	1682	121	17	2681	4322	2216167	2214495	0	2119	WS1_v2_s
AL4G31290	scaffold_5_RagTag	86	1000	114	9	2682	3657	2843001	2842004	0	1048	WS1_v2_s
AL4G31290	scaffold_5_RagTag	94.737	95	5	0	4401	4495	12495203	12495109	2.18e-33	148	WS1_v2_s
AL4G31290	scaffold_5_RagTag	97.403	77	2	0	4323	4399	2214321	2214245	2.19e-28	132	WS1_v2_s
AL4G31290	scaffold_5_RagTag	97.403	77	2	0	4323	4399	22792597	22792521	2.19e-28	132	WS1_v2_s
AL4G31290	scaffold_5_RagTag	97.872	47	1	0	4648	4694	12490456	12490410	2.24e-13	82.4	WS1_v2_s
AL4G31290	scaffold_2_RagTag	89.277	1660	99	28	2681	4304	6024714	6023098	0	2006	WS1_v2_s
AL4G31290	scaffold_2_RagTag	88.618	1643	138	29	2679	4304	1811258	1812868	0	1953	WS1_v2_s
AL4G31290	scaffold_2_RagTag	87.11	993	112	9	2678	3657	11931200	11932189	0	1110	WS1_v2_s
AL4G31290	scaffold_2_RagTag	85.558	1004	118	10	2678	3657	12144935	12145935	0	1026	WS1_v2_s
AL4G31290	scaffold_2_RagTag	97.403	77	2	0	4323	4399	1813057	1813133	2.19e-28	132	WS1_v2_s
AL4G31290	scaffold_6_RagTag	85.903	1213	134	26	2696	3893	20019910	20021100	0	1258	WS1_v2_s
AL4G31290	scaffold_6_RagTag	79.558	181	20	15	4926	5100	4080935	4081104	7.94e-23	113	WS1_v2_s
AL4G31290	scaffold_8_RagTag	85.714	1001	117	9	2681	3657	1929269	1928271	0	1033	WS1_v2_s
AL4G35260	scaffold_4_RagTag	99.406	1683	5	3	1	1679	16240139	16241820	0	3048	WS1_v2_s
AL4G35260	scaffold_4_RagTag	96.922	1657	45	6	1	1653	16249428	16251082	0	2772	WS1_v2_s
AL4G35260	scaffold_4_RagTag	98.834	1029	11	1	1712	2739	16241814	16242842	0	1832	WS1_v2_s
AL4G35260	scaffold_4_RagTag	95.847	602	16	7	2133	2733	16247806	16248399	0	965	WS1_v2_s
AL4G35260	scaffold_4_RagTag	94.563	607	16	4	2133	2739	16251073	16251662	0	922	WS1_v2_s
AL4G35260	scaffold_4_RagTag	86.056	502	47	12	1651	2135	3453664	3453169	5.68e-145	518	WS1_v2_s
AL4G35260	scaffold_4_RagTag	86.392	485	30	17	1658	2109	8066137	8065656	7.4e-139	497	WS1_v2_s
AL4G35260	scaffold_4_RagTag	85.68	419	22	15	1694	2109	9509606	9509989	1.28e-111	407	WS1_v2_s
AL4G35260	scaffold_4_RagTag	81.857	474	26	30	1694	2109	21126591	21126120	1.02e-92	344	WS1_v2_s
AL4G35260	scaffold_4_RagTag	77.284	405	78	10	1	399	14546323	14546719	3.86e-57	226	WS1_v2_s
AL4G35260	scaffold_4_RagTag	93.919	148	6	2	1509	1653	16247668	16247815	1.79e-55	220	WS1_v2_s
AL4G35260	scaffold_5_RagTag	89.293	467	29	9	1657	2109	20221123	20220664	2e-159	566	WS1_v2_s
AL4G35260	scaffold_5_RagTag	89.342	441	22	9	1694	2109	12261031	12261471	7.3e-149	531	WS1_v2_s
AL4G35260	scaffold_5_RagTag	89.116	441	23	9	1694	2109	13879241	13878801	3.39e-147	525	WS1_v2_s
AL4G35260	scaffold_5_RagTag	86.621	441	21	10	1694	2109	712337	711910	1.62e-125	453	WS1_v2_s
AL4G35260	scaffold_5_RagTag	81.452	496	46	31	1657	2135	20110577	20110111	7.83e-99	364	WS1_v2_s
AL4G35260	scaffold_5_RagTag	89.85	266	11	4	1752	2017	3143366	3143615	1.03e-87	327	WS1_v2_s
AL4G35260	scaffold_5_RagTag	89.583	96	10	0	2037	2132	13891235	13891140	5.2e-26	122	WS1_v2_s
AL4G35260	scaffold_5_RagTag	85.714	63	8	1	1694	1755	15276380	15276442	8.89e-09	65.8	WS1_v2_s
AL4G35260	scaffold_6_RagTag	89.177	462	31	8	1652	2108	14281861	14282308	3.35e-157	558	WS1_v2_s
AL4G35260	scaffold_6_RagTag	89.311	421	41	3	1712	2130	23472779	23472361	3.39e-147	525	WS1_v2_s
AL4G35260	scaffold_6_RagTag	88.235	442	25	11	1694	2109	497382	496942	1.59e-140	503	WS1_v2_s
AL4G35260	scaffold_6_RagTag	84.742	485	37	18	1658	2109	13696602	13696122	5.84e-125	451	WS1_v2_s
AL4G35260	scaffold_6_RagTag	89.583	96	10	0	2037	2132	6610014	6609919	5.2e-26	122	WS1_v2_s
AL4G35260	scaffold_6_RagTag	84.694	98	15	0	2011	2108	7269505	7269408	8.77e-19	99	WS1_v2_s
AL4G35260	scaffold_6_RagTag	85.714	63	8	1	1694	1755	497028	496966	8.89e-09	65.8	WS1_v2_s
AL4G35260	scaffold_8_RagTag	90.676	429	25	7	1695	2108	17103276	17102848	1.2e-156	556	WS1_v2_s
AL4G35260	scaffold_8_RagTag	80.847	496	43	28	1652	2132	14730918	14731376	3.67e-92	342	WS1_v2_s
AL4G35260	scaffold_8_RagTag	83.562	292	28	12	1830	2103	19862653	19862942	4.92e-66	255	WS1_v2_s
AL4G35260	scaffold_8_RagTag	77.899	457	45	26	1648	2092	11536423	11536835	2.3e-59	233	WS1_v2_s
AL4G35260	scaffold_2_RagTag	89.474	437	25	8	1694	2109	15142405	15142841	2.03e-149	532	WS1_v2_s
AL4G35260	scaffold_2_RagTag	89.14	442	21	11	1694	2109	14752466	14752026	3.39e-147	525	WS1_v2_s
AL4G35260	scaffold_2_RagTag	88.713	443	23	10	1694	2109	4689517	4689959	2.04e-144	516	WS1_v2_s
AL4G35260	scaffold_2_RagTag	88.462	442	25	10	1694	2109	18637443	18637884	9.51e-143	510	WS1_v2_s
AL4G35260	scaffold_2_RagTag	91.2	125	11	0	1657	1781	5778216	5778340	1.83e-40	171	WS1_v2_s
AL4G35260	scaffold_2_RagTag	85.714	63	8	1	1694	1755	18637798	18637860	8.89e-09	65.8	WS1_v2_s
AL4G35260	scaffold_1_RagTag	87.037	486	34	15	1658	2133	14503907	14503441	4.39e-146	521	WS1_v2_s
AL4G35260	scaffold_1_RagTag	86.504	452	25	11	1694	2109	5772878	5772427	7.51e-129	464	WS1_v2_s
AL4G35260	scaffold_1_RagTag	86.567	402	26	12	1646	2024	19826325	19825929	5.93e-115	418	WS1_v2_s
AL4G35260	scaffold_1_RagTag	81.818	462	25	28	1694	2109	29709086	29708638	2.21e-89	333	WS1_v2_s
AL4G35260	scaffold_1_RagTag	83.612	299	29	13	1830	2109	11688255	11688552	2.94e-68	263	WS1_v2_s
AL4G35260	scaffold_1_RagTag	84.211	76	11	1	2034	2109	11784053	11783979	5.32e-11	73.1	WS1_v2_s
AL4G35260	scaffold_1_RagTag	85.714	63	8	1	1694	1755	5772513	5772451	8.89e-09	65.8	WS1_v2_s
AL4G35260	scaffold_7_RagTag	81.78	472	29	28	1694	2109	17468769	17469239	3.67e-92	342	WS1_v2_s
AL4G35260	scaffold_7_RagTag	90.164	122	7	5	1694	1814	8936117	8936234	1.85e-35	154	WS1_v2_s
AL4G35260	scaffold_7_RagTag	95.122	41	2	0	1694	1734	24586746	24586706	8.89e-09	65.8	WS1_v2_s
AL4G35260	scaffold_3_RagTag	84.848	99	15	0	2011	2109	5793518	5793420	2.44e-19	100	WS1_v2_s
AL4G35290	scaffold_4_RagTag	94.515	2206	73	23	1	2180	16249428	16251611	0	3360	WS1_v2_s
AL4G35290	scaffold_4_RagTag	96.622	1658	29	12	1	1633	16240139	16241794	0	2726	WS1_v2_s
AL4G35290	scaffold_4_RagTag	93.286	700	34	5	1484	2180	16247665	16248354	0	1020	WS1_v2_s
AL4G35290	scaffold_4_RagTag	93.571	560	29	4	1624	2180	16242236	16242791	0	828	WS1_v2_s
AL4G35290	scaffold_4_RagTag	77.284	405	78	10	1	399	14546323	14546719	3.06e-57	226	WS1_v2_s
AL4G35450	scaffold_4_RagTag	91.667	84	7	0	2167	2250	14548135	14548218	2.12e-24	117	WS1_v2_s
AL4G35480	scaffold_4_RagTag	91.667	84	7	0	2145	2228	14548135	14548218	2.1e-24	117	WS1_v2_s
