qseqid	sseqid	pident	length	mismatch	gapopen	qstart	qend	sstart	send	evalue	bitscore	stitle
AL2G20010	scaffold_3_RagTag	96.651	1941	40	5	1	1934	18885277	18883355	0	3201	73_3a_fixed_genome_15_1_24
AL2G20010	scaffold_3_RagTag	96.252	1494	31	5	1	1492	19012280	19010810	0	2425	73_3a_fixed_genome_15_1_24
AL2G20010	scaffold_3_RagTag	90.026	1133	95	6	599	1714	18737483	18738614	0	1450	73_3a_fixed_genome_15_1_24
AL2G20010	scaffold_3_RagTag	86.082	1128	113	19	599	1714	18880756	18879661	0	1173	73_3a_fixed_genome_15_1_24
AL2G20010	scaffold_3_RagTag	87.291	1015	88	19	538	1526	18764571	18765570	0	1122	73_3a_fixed_genome_15_1_24
AL2G20010	scaffold_3_RagTag	87.472	878	89	15	599	1459	19007860	19006987	0	992	73_3a_fixed_genome_15_1_24
AL2G20010	scaffold_3_RagTag	87.196	781	71	19	1180	1934	18765564	18766341	0	861	73_3a_fixed_genome_15_1_24
AL2G20010	scaffold_3_RagTag	95.532	470	10	4	1474	1934	19010872	19010405	0	741	73_3a_fixed_genome_15_1_24
AL2G20010	scaffold_3_RagTag	93.403	288	19	0	1427	1714	19006934	19006647	6.97e-118	427	73_3a_fixed_genome_15_1_24
AL2G20010	scaffold_3_RagTag	83.086	337	33	12	190	517	18737068	18737389	4.44e-75	285	73_3a_fixed_genome_15_1_24
AL2G20010	scaffold_3_RagTag	83.562	292	43	3	225	516	19008187	19007901	4.47e-70	268	73_3a_fixed_genome_15_1_24
AL2G20010	scaffold_3_RagTag	81.25	336	41	9	190	517	18881180	18880859	4.5e-65	252	73_3a_fixed_genome_15_1_24
AL2G20010	scaffold_3_RagTag	92.683	123	8	1	118	240	18736877	18736998	2.79e-42	176	73_3a_fixed_genome_15_1_24
AL2G20010	scaffold_3_RagTag	91.765	85	7	0	1452	1536	19006953	19006869	4.76e-25	119	73_3a_fixed_genome_15_1_24
AL2G20010	scaffold_3_RagTag	100	53	0	0	1393	1445	19006990	19006938	6.2e-19	99	73_3a_fixed_genome_15_1_24
AL2G20010	scaffold_3_RagTag	91.111	45	4	0	1492	1536	18879921	18879877	8.14e-08	62.1	73_3a_fixed_genome_15_1_24
AL2G20010	scaffold_6_RagTag	87.527	922	78	21	611	1516	13285906	13285006	0	1031	73_3a_fixed_genome_15_1_24
AL2G20010	scaffold_6_RagTag	82.04	451	37	21	82	516	13286444	13286022	7.22e-93	344	73_3a_fixed_genome_15_1_24
AL2G20020	scaffold_3_RagTag	92.792	1526	73	16	73	1590	18764074	18765570	0	2174	73_3a_fixed_genome_15_1_24
AL2G20020	scaffold_3_RagTag	89.186	1646	100	30	1	1616	19008496	19006899	0	1982	73_3a_fixed_genome_15_1_24
AL2G20020	scaffold_3_RagTag	90.756	1190	81	16	600	1776	18737441	18738614	0	1561	73_3a_fixed_genome_15_1_24
AL2G20020	scaffold_3_RagTag	89.72	1177	76	18	603	1776	18880795	18879661	0	1461	73_3a_fixed_genome_15_1_24
AL2G20020	scaffold_3_RagTag	85.537	1452	132	33	559	1975	18884765	18883357	0	1447	73_3a_fixed_genome_15_1_24
AL2G20020	scaffold_3_RagTag	83.573	1321	130	38	277	1549	19012091	19010810	0	1157	73_3a_fixed_genome_15_1_24
AL2G20020	scaffold_3_RagTag	90.436	596	41	8	1239	1827	18765564	18766150	0	771	73_3a_fixed_genome_15_1_24
AL2G20020	scaffold_3_RagTag	87.041	517	34	21	40	550	18881395	18880906	1.13e-155	553	73_3a_fixed_genome_15_1_24
AL2G20020	scaffold_3_RagTag	87.168	452	28	14	1553	1975	19010857	19010407	1.16e-135	486	73_3a_fixed_genome_15_1_24
AL2G20020	scaffold_3_RagTag	88.953	344	19	5	1451	1776	19006989	19006647	9.27e-112	407	73_3a_fixed_genome_15_1_24
AL2G20020	scaffold_3_RagTag	90.645	310	22	6	242	547	18737033	18737339	3.33e-111	405	73_3a_fixed_genome_15_1_24
AL2G20020	scaffold_3_RagTag	81.818	286	33	6	277	550	18885087	18884809	3.6e-56	222	73_3a_fixed_genome_15_1_24
AL2G20020	scaffold_3_RagTag	89.024	82	2	2	1528	1609	18765471	18765545	8.2e-18	95.3	73_3a_fixed_genome_15_1_24
AL2G20020	scaffold_3_RagTag	87.805	82	3	2	1528	1609	18738327	18738401	3.81e-16	89.8	73_3a_fixed_genome_15_1_24
AL2G20020	scaffold_3_RagTag	90.323	62	5	1	1549	1609	18765801	18765862	2.3e-13	80.5	73_3a_fixed_genome_15_1_24
AL2G20020	scaffold_3_RagTag	92.453	53	4	0	1557	1609	18738327	18738379	2.97e-12	76.8	73_3a_fixed_genome_15_1_24
AL2G20020	scaffold_3_RagTag	92.453	53	4	0	1557	1609	18765471	18765523	2.97e-12	76.8	73_3a_fixed_genome_15_1_24
AL2G20020	scaffold_3_RagTag	95.122	41	2	0	1487	1527	19006865	19006825	6.43e-09	65.8	73_3a_fixed_genome_15_1_24
AL2G20020	scaffold_3_RagTag	100	32	0	0	1484	1515	18765537	18765568	2.99e-07	60.2	73_3a_fixed_genome_15_1_24
AL2G20020	scaffold_6_RagTag	91.641	981	50	14	603	1580	13285957	13285006	0	1328	73_3a_fixed_genome_15_1_24
AL2G20020	scaffold_6_RagTag	85.714	315	38	6	241	550	13286380	13286068	2.67e-87	326	73_3a_fixed_genome_15_1_24
AL2G20020	scaffold_6_RagTag	82.418	182	14	12	63	233	13286466	13286292	2.89e-32	143	73_3a_fixed_genome_15_1_24
AL2G20030	scaffold_6_RagTag	98.21	1173	16	4	2605	3773	13418365	13417194	0	2045	73_3a_fixed_genome_15_1_24
AL2G20030	scaffold_6_RagTag	96.215	1189	23	1	1	1189	13286496	13285330	0	1927	73_3a_fixed_genome_15_1_24
AL2G20030	scaffold_6_RagTag	87.56	418	29	13	1208	1620	13285441	13285042	4.48e-128	462	73_3a_fixed_genome_15_1_24
AL2G20030	scaffold_6_RagTag	88.953	344	27	6	2753	3085	5208592	5208249	1.27e-113	414	73_3a_fixed_genome_15_1_24
AL2G20030	scaffold_6_RagTag	88.856	341	27	6	2753	3082	11856655	11856995	5.92e-112	409	73_3a_fixed_genome_15_1_24
AL2G20030	scaffold_6_RagTag	88.63	343	28	8	2758	3089	18703832	18704174	2.13e-111	407	73_3a_fixed_genome_15_1_24
AL2G20030	scaffold_6_RagTag	87.791	344	31	6	2753	3085	21218784	21218441	5.96e-107	392	73_3a_fixed_genome_15_1_24
AL2G20030	scaffold_6_RagTag	88.095	336	28	9	2753	3076	17694491	17694156	7.71e-106	388	73_3a_fixed_genome_15_1_24
AL2G20030	scaffold_6_RagTag	87.135	342	31	8	2753	3082	6315364	6315704	6e-102	375	73_3a_fixed_genome_15_1_24
AL2G20030	scaffold_6_RagTag	85.673	342	33	9	2753	3078	7640645	7640986	4.71e-93	346	73_3a_fixed_genome_15_1_24
AL2G20030	scaffold_6_RagTag	79.259	405	69	8	3869	4261	20544124	20543723	1.05e-69	268	73_3a_fixed_genome_15_1_24
AL2G20030	scaffold_6_RagTag	79.048	420	60	15	3866	4261	20844158	20843743	4.88e-68	263	73_3a_fixed_genome_15_1_24
AL2G20030	scaffold_6_RagTag	92.105	114	9	0	2976	3089	4779829	4779716	1.83e-37	161	73_3a_fixed_genome_15_1_24
AL2G20030	scaffold_3_RagTag	89.834	1023	79	18	165	1181	18737056	18738059	0	1290	73_3a_fixed_genome_15_1_24
AL2G20030	scaffold_3_RagTag	89.258	1024	96	10	161	1181	18881196	18880184	0	1269	73_3a_fixed_genome_15_1_24
AL2G20030	scaffold_3_RagTag	93.168	644	32	3	3869	4500	6768798	6769441	0	935	73_3a_fixed_genome_15_1_24
AL2G20030	scaffold_3_RagTag	93.002	643	34	2	3869	4500	10869271	10869913	0	928	73_3a_fixed_genome_15_1_24
AL2G20030	scaffold_3_RagTag	92.407	619	36	4	562	1176	19007899	19007288	0	872	73_3a_fixed_genome_15_1_24
AL2G20030	scaffold_3_RagTag	91.493	623	36	4	559	1181	18764604	18765209	0	841	73_3a_fixed_genome_15_1_24
AL2G20030	scaffold_3_RagTag	94.937	474	24	0	4027	4500	14803064	14802591	0	743	73_3a_fixed_genome_15_1_24
AL2G20030	scaffold_3_RagTag	85.552	616	56	15	613	1211	19011693	19011094	1.17e-173	614	73_3a_fixed_genome_15_1_24
AL2G20030	scaffold_3_RagTag	84.228	615	63	20	613	1211	18884681	18884085	9.23e-160	568	73_3a_fixed_genome_15_1_24
AL2G20030	scaffold_3_RagTag	88.498	426	28	10	1208	1620	19011239	19010822	4.42e-138	496	73_3a_fixed_genome_15_1_24
AL2G20030	scaffold_3_RagTag	88.18	423	29	11	1208	1617	18765107	18765521	9.56e-135	484	73_3a_fixed_genome_15_1_24
AL2G20030	scaffold_3_RagTag	87.413	429	27	15	1208	1617	18737957	18738377	9.63e-130	468	73_3a_fixed_genome_15_1_24
AL2G20030	scaffold_3_RagTag	87.324	426	33	11	1208	1620	18884230	18883813	9.63e-130	468	73_3a_fixed_genome_15_1_24
AL2G20030	scaffold_3_RagTag	87.179	429	31	14	1208	1620	18880287	18879867	3.46e-129	466	73_3a_fixed_genome_15_1_24
AL2G20030	scaffold_3_RagTag	87.469	407	27	14	1208	1598	19007386	19006988	1.25e-123	448	73_3a_fixed_genome_15_1_24
AL2G20030	scaffold_3_RagTag	88.218	348	30	6	2753	3089	25835753	25835406	7.66e-111	405	73_3a_fixed_genome_15_1_24
AL2G20030	scaffold_3_RagTag	87.977	341	30	8	2753	3082	2669676	2669336	5.96e-107	392	73_3a_fixed_genome_15_1_24
AL2G20030	scaffold_3_RagTag	86.704	361	37	7	2753	3102	7323251	7323611	2.14e-106	390	73_3a_fixed_genome_15_1_24
AL2G20030	scaffold_3_RagTag	87.143	350	34	6	2753	3091	10994730	10994381	2.77e-105	387	73_3a_fixed_genome_15_1_24
AL2G20030	scaffold_3_RagTag	87.683	341	31	6	2753	3082	31412815	31412475	2.77e-105	387	73_3a_fixed_genome_15_1_24
AL2G20030	scaffold_3_RagTag	87.427	342	30	9	2756	3085	33700358	33700018	1.29e-103	381	73_3a_fixed_genome_15_1_24
AL2G20030	scaffold_3_RagTag	90.033	301	18	6	2753	3043	12958670	12958968	4.64e-103	379	73_3a_fixed_genome_15_1_24
AL2G20030	scaffold_3_RagTag	92.593	270	9	2	3869	4127	14803342	14803073	1.67e-102	377	73_3a_fixed_genome_15_1_24
AL2G20030	scaffold_3_RagTag	89.542	306	21	5	1314	1617	18765564	18765860	1.67e-102	377	73_3a_fixed_genome_15_1_24
AL2G20030	scaffold_3_RagTag	87.463	335	30	6	2753	3076	5369372	5369705	6e-102	375	73_3a_fixed_genome_15_1_24
AL2G20030	scaffold_3_RagTag	87.097	341	33	6	2753	3082	7284854	7285194	6e-102	375	73_3a_fixed_genome_15_1_24
AL2G20030	scaffold_3_RagTag	86.494	348	36	6	2753	3089	31107663	31107316	7.77e-101	372	73_3a_fixed_genome_15_1_24
AL2G20030	scaffold_3_RagTag	86.034	358	36	9	2746	3091	31945095	31945450	7.77e-101	372	73_3a_fixed_genome_15_1_24
AL2G20030	scaffold_3_RagTag	85.345	348	42	8	4158	4500	10869652	10869995	1.01e-94	351	73_3a_fixed_genome_15_1_24
AL2G20030	scaffold_3_RagTag	84.973	366	33	12	177	527	19012092	19011734	1.01e-94	351	73_3a_fixed_genome_15_1_24
AL2G20030	scaffold_3_RagTag	88.119	303	24	8	2753	3044	25054542	25054241	3.64e-94	350	73_3a_fixed_genome_15_1_24
AL2G20030	scaffold_3_RagTag	87.379	309	32	6	4195	4500	14802813	14802509	1.31e-93	348	73_3a_fixed_genome_15_1_24
AL2G20030	scaffold_3_RagTag	81.169	462	43	25	53	497	18885196	18884762	1.32e-88	331	73_3a_fixed_genome_15_1_24
AL2G20030	scaffold_3_RagTag	90.234	256	19	5	3319	3568	18870912	18870657	4.74e-88	329	73_3a_fixed_genome_15_1_24
AL2G20030	scaffold_3_RagTag	84.566	311	39	8	4195	4500	6769443	6769137	3.72e-79	300	73_3a_fixed_genome_15_1_24
AL2G20030	scaffold_3_RagTag	82.571	350	49	11	4158	4500	10869954	10869610	1.34e-78	298	73_3a_fixed_genome_15_1_24
AL2G20030	scaffold_3_RagTag	82.336	351	48	12	4158	4500	14802550	14802894	6.22e-77	292	73_3a_fixed_genome_15_1_24
AL2G20030	scaffold_3_RagTag	84.192	291	40	6	165	452	18764268	18764555	1.74e-72	278	73_3a_fixed_genome_15_1_24
AL2G20030	scaffold_3_RagTag	88.938	226	20	5	4278	4500	6769135	6769358	2.25e-71	274	73_3a_fixed_genome_15_1_24
AL2G20030	scaffold_3_RagTag	88.938	226	20	5	4278	4500	14802896	14802673	2.25e-71	274	73_3a_fixed_genome_15_1_24
AL2G20030	scaffold_3_RagTag	84.083	289	38	1	222	502	19008184	19007896	8.1e-71	272	73_3a_fixed_genome_15_1_24
AL2G20030	scaffold_3_RagTag	83.007	306	44	8	4158	4459	10869872	10869571	2.91e-70	270	73_3a_fixed_genome_15_1_24
AL2G20030	scaffold_3_RagTag	88.496	226	21	5	4278	4500	10869608	10869831	1.05e-69	268	73_3a_fixed_genome_15_1_24
AL2G20030	scaffold_3_RagTag	82.68	306	45	8	4158	4459	6769399	6769098	1.36e-68	265	73_3a_fixed_genome_15_1_24
AL2G20030	scaffold_3_RagTag	82.736	307	43	9	4158	4459	14802632	14802933	1.36e-68	265	73_3a_fixed_genome_15_1_24
AL2G20030	scaffold_3_RagTag	78.554	415	65	11	3869	4261	4678115	4678527	1.06e-64	252	73_3a_fixed_genome_15_1_24
AL2G20030	scaffold_3_RagTag	83.026	271	37	8	4158	4423	10869734	10870000	2.96e-60	237	73_3a_fixed_genome_15_1_24
AL2G20030	scaffold_3_RagTag	84.914	232	28	6	4195	4423	14802731	14802504	1.78e-57	228	73_3a_fixed_genome_15_1_24
AL2G20030	scaffold_3_RagTag	89.944	179	15	3	2904	3082	17612029	17612204	1.78e-57	228	73_3a_fixed_genome_15_1_24
AL2G20030	scaffold_3_RagTag	80.511	313	46	14	4195	4500	10869997	10869693	6.4e-57	226	73_3a_fixed_genome_15_1_24
AL2G20030	scaffold_3_RagTag	84.549	233	28	7	4195	4423	6769218	6769446	2.3e-56	224	73_3a_fixed_genome_15_1_24
AL2G20030	scaffold_3_RagTag	79.56	318	46	16	4192	4500	14802504	14802811	6.44e-52	209	73_3a_fixed_genome_15_1_24
AL2G20030	scaffold_3_RagTag	84.783	184	24	4	4158	4338	10869790	10869608	1.4e-43	182	73_3a_fixed_genome_15_1_24
AL2G20030	scaffold_3_RagTag	84.239	184	25	4	4158	4338	6769317	6769135	6.54e-42	176	73_3a_fixed_genome_15_1_24
AL2G20030	scaffold_3_RagTag	98.02	101	0	2	3774	3872	33273659	33273759	2.35e-41	174	73_3a_fixed_genome_15_1_24
AL2G20030	scaffold_3_RagTag	84.932	146	13	7	4360	4500	10869608	10869749	8.58e-31	139	73_3a_fixed_genome_15_1_24
AL2G20030	scaffold_3_RagTag	84.138	145	16	6	4360	4500	6769135	6769276	3.99e-29	134	73_3a_fixed_genome_15_1_24
AL2G20030	scaffold_3_RagTag	86.992	123	6	8	31	149	18881374	18881258	5.16e-28	130	73_3a_fixed_genome_15_1_24
AL2G20030	scaffold_3_RagTag	79.787	188	29	8	4158	4340	10869816	10869999	1.86e-27	128	73_3a_fixed_genome_15_1_24
AL2G20030	scaffold_3_RagTag	79.255	188	30	8	4158	4340	14802688	14802505	8.64e-26	122	73_3a_fixed_genome_15_1_24
AL2G20030	scaffold_3_RagTag	98.113	53	1	0	1568	1620	19006911	19006859	6.77e-17	93.5	73_3a_fixed_genome_15_1_24
AL2G20030	scaffold_3_RagTag	81.579	114	11	6	41	147	18764074	18764184	1.13e-14	86.1	73_3a_fixed_genome_15_1_24
AL2G20030	scaffold_3_RagTag	95.918	49	2	0	1568	1616	18883821	18883773	5.27e-13	80.5	73_3a_fixed_genome_15_1_24
AL2G20030	scaffold_3_RagTag	94.118	51	3	0	1570	1620	19006887	19006837	1.9e-12	78.7	73_3a_fixed_genome_15_1_24
AL2G20030	scaffold_8_RagTag	91.746	739	18	9	1820	2554	148098	147399	0	987	73_3a_fixed_genome_15_1_24
AL2G20030	scaffold_8_RagTag	88.27	341	29	6	2753	3082	14743060	14743400	1.28e-108	398	73_3a_fixed_genome_15_1_24
AL2G20030	scaffold_8_RagTag	87.977	341	30	7	2753	3082	20770901	20771241	5.96e-107	392	73_3a_fixed_genome_15_1_24
AL2G20030	scaffold_8_RagTag	87.5	344	31	7	2747	3079	13218118	13217776	2.77e-105	387	73_3a_fixed_genome_15_1_24
AL2G20030	scaffold_8_RagTag	86.932	352	34	7	2758	3098	13217776	13217426	9.98e-105	385	73_3a_fixed_genome_15_1_24
AL2G20030	scaffold_8_RagTag	85.714	350	39	8	2753	3091	5118602	5118951	6.05e-97	359	73_3a_fixed_genome_15_1_24
AL2G20030	scaffold_8_RagTag	85.673	342	33	9	2753	3079	1999949	2000289	4.71e-93	346	73_3a_fixed_genome_15_1_24
AL2G20030	scaffold_8_RagTag	95.261	211	6	2	3563	3773	147082	146876	1.32e-88	331	73_3a_fixed_genome_15_1_24
AL2G20030	scaffold_8_RagTag	84.194	310	40	5	2756	3056	2298870	2298561	6.22e-77	292	73_3a_fixed_genome_15_1_24
AL2G20030	scaffold_8_RagTag	84.052	232	15	5	3087	3318	147284	147075	3e-50	204	73_3a_fixed_genome_15_1_24
AL2G20030	scaffold_8_RagTag	96.078	102	3	1	2652	2752	147385	147284	1.41e-38	165	73_3a_fixed_genome_15_1_24
AL2G20030	scaffold_8_RagTag	82.222	180	28	3	2901	3079	793104	793280	1.1e-34	152	73_3a_fixed_genome_15_1_24
AL2G20030	scaffold_8_RagTag	83.766	154	11	6	2754	2904	20422282	20422424	3.99e-29	134	73_3a_fixed_genome_15_1_24
AL2G20030	scaffold_8_RagTag	91.071	56	4	1	3023	3077	4963092	4963037	2.45e-11	75	73_3a_fixed_genome_15_1_24
AL2G20030	scaffold_7_RagTag	93.313	643	32	2	3869	4500	9433182	9433824	0	939	73_3a_fixed_genome_15_1_24
AL2G20030	scaffold_7_RagTag	87.966	349	31	6	2753	3090	12269604	12269256	9.91e-110	401	73_3a_fixed_genome_15_1_24
AL2G20030	scaffold_7_RagTag	88.081	344	30	6	2753	3085	10491011	10490668	1.28e-108	398	73_3a_fixed_genome_15_1_24
AL2G20030	scaffold_7_RagTag	88.201	339	28	7	2753	3080	16442797	16443134	1.66e-107	394	73_3a_fixed_genome_15_1_24
AL2G20030	scaffold_7_RagTag	87.059	340	33	6	2753	3081	16328504	16328165	2.16e-101	374	73_3a_fixed_genome_15_1_24
AL2G20030	scaffold_7_RagTag	87.584	298	26	6	2753	3039	20297999	20297702	1.02e-89	335	73_3a_fixed_genome_15_1_24
AL2G20030	scaffold_7_RagTag	86.306	314	30	7	2754	3055	13137787	13138099	4.74e-88	329	73_3a_fixed_genome_15_1_24
AL2G20030	scaffold_7_RagTag	89.764	254	20	5	3315	3562	13131185	13131438	2.85e-85	320	73_3a_fixed_genome_15_1_24
AL2G20030	scaffold_7_RagTag	84.548	343	27	9	2753	3082	10820817	10821146	3.69e-84	316	73_3a_fixed_genome_15_1_24
AL2G20030	scaffold_7_RagTag	84.566	311	38	9	4195	4500	9433826	9433521	3.72e-79	300	73_3a_fixed_genome_15_1_24
AL2G20030	scaffold_7_RagTag	83.007	306	44	8	4158	4459	9433783	9433482	2.91e-70	270	73_3a_fixed_genome_15_1_24
AL2G20030	scaffold_7_RagTag	88.496	226	21	5	4278	4500	9433519	9433742	1.05e-69	268	73_3a_fixed_genome_15_1_24
AL2G20030	scaffold_7_RagTag	78.897	417	60	15	3869	4261	5548193	5547781	2.27e-66	257	73_3a_fixed_genome_15_1_24
AL2G20030	scaffold_7_RagTag	83.026	271	37	8	4158	4423	9433563	9433829	2.96e-60	237	73_3a_fixed_genome_15_1_24
AL2G20030	scaffold_7_RagTag	77.007	461	63	22	3865	4296	1353740	1353294	2.3e-56	224	73_3a_fixed_genome_15_1_24
AL2G20030	scaffold_7_RagTag	76.805	457	63	22	3869	4296	2792360	2792802	3.85e-54	217	73_3a_fixed_genome_15_1_24
AL2G20030	scaffold_7_RagTag	84.255	235	23	9	3334	3561	13141831	13141604	3.85e-54	217	73_3a_fixed_genome_15_1_24
AL2G20030	scaffold_7_RagTag	76.57	414	73	10	3869	4260	11045643	11045232	8.34e-51	206	73_3a_fixed_genome_15_1_24
AL2G20030	scaffold_7_RagTag	88.82	161	16	1	3319	3477	6441709	6441549	5.02e-48	196	73_3a_fixed_genome_15_1_24
AL2G20030	scaffold_7_RagTag	86.982	169	16	3	2899	3064	361808	361643	1.09e-44	185	73_3a_fixed_genome_15_1_24
AL2G20030	scaffold_7_RagTag	84.783	184	24	4	4158	4338	9433701	9433519	1.4e-43	182	73_3a_fixed_genome_15_1_24
AL2G20030	scaffold_7_RagTag	84.932	146	13	7	4360	4500	9433519	9433660	8.58e-31	139	73_3a_fixed_genome_15_1_24
AL2G20030	scaffold_7_RagTag	79.787	188	29	8	4158	4340	9433645	9433828	1.86e-27	128	73_3a_fixed_genome_15_1_24
AL2G20030	scaffold_7_RagTag	93.846	65	4	0	2945	3009	8490379	8490443	1.46e-18	99	73_3a_fixed_genome_15_1_24
AL2G20030	scaffold_7_RagTag	93.75	64	4	0	2945	3008	8453700	8453637	5.23e-18	97.1	73_3a_fixed_genome_15_1_24
AL2G20030	scaffold_1_RagTag	93.313	643	32	2	3869	4500	20834779	20835421	0	939	73_3a_fixed_genome_15_1_24
AL2G20030	scaffold_1_RagTag	92.089	632	37	6	3869	4500	19087964	19088582	0	878	73_3a_fixed_genome_15_1_24
AL2G20030	scaffold_1_RagTag	88.218	348	30	6	2753	3089	3526148	3526495	7.66e-111	405	73_3a_fixed_genome_15_1_24
AL2G20030	scaffold_1_RagTag	87.39	341	32	7	2753	3082	6257343	6257003	1.29e-103	381	73_3a_fixed_genome_15_1_24
AL2G20030	scaffold_1_RagTag	87.278	338	32	9	2755	3089	3030922	3030593	6e-102	375	73_3a_fixed_genome_15_1_24
AL2G20030	scaffold_1_RagTag	86.61	351	33	7	2753	3092	8138231	8137884	6e-102	375	73_3a_fixed_genome_15_1_24
AL2G20030	scaffold_1_RagTag	87.097	341	33	6	2753	3082	14935332	14935672	6e-102	375	73_3a_fixed_genome_15_1_24
AL2G20030	scaffold_1_RagTag	86.88	343	32	8	2753	3082	5765244	5765586	7.77e-101	372	73_3a_fixed_genome_15_1_24
AL2G20030	scaffold_1_RagTag	86.628	344	32	8	2753	3082	5790500	5790843	1e-99	368	73_3a_fixed_genome_15_1_24
AL2G20030	scaffold_1_RagTag	86.905	336	33	6	2765	3089	15036198	15036533	3.61e-99	366	73_3a_fixed_genome_15_1_24
AL2G20030	scaffold_1_RagTag	87.702	309	31	6	4195	4500	20835199	20835503	2.81e-95	353	73_3a_fixed_genome_15_1_24
AL2G20030	scaffold_1_RagTag	91.77	243	9	2	3869	4100	13785707	13785949	1.71e-87	327	73_3a_fixed_genome_15_1_24
AL2G20030	scaffold_1_RagTag	87.591	274	26	8	4230	4500	19088396	19088664	1.72e-82	311	73_3a_fixed_genome_15_1_24
AL2G20030	scaffold_1_RagTag	90.83	229	18	2	3333	3558	11849504	11849276	2.87e-80	303	73_3a_fixed_genome_15_1_24
AL2G20030	scaffold_1_RagTag	82.521	349	51	10	4158	4500	20835462	20835118	1.34e-78	298	73_3a_fixed_genome_15_1_24
AL2G20030	scaffold_1_RagTag	88.938	226	20	5	4278	4500	20835116	20835339	2.25e-71	274	73_3a_fixed_genome_15_1_24
AL2G20030	scaffold_1_RagTag	82.68	306	45	8	4158	4459	20835380	20835079	1.36e-68	265	73_3a_fixed_genome_15_1_24
AL2G20030	scaffold_1_RagTag	78.52	419	62	15	3867	4261	556155	555741	3.8e-64	250	73_3a_fixed_genome_15_1_24
AL2G20030	scaffold_1_RagTag	91.379	174	9	6	4330	4500	19088332	19088502	3.82e-59	233	73_3a_fixed_genome_15_1_24
AL2G20030	scaffold_1_RagTag	82.353	272	37	9	4158	4423	20835242	20835508	6.4e-57	226	73_3a_fixed_genome_15_1_24
AL2G20030	scaffold_1_RagTag	80.769	312	35	16	4195	4500	19088584	19088292	2.98e-55	220	73_3a_fixed_genome_15_1_24
AL2G20030	scaffold_1_RagTag	81.985	272	36	11	4158	4423	19088405	19088669	1.07e-54	219	73_3a_fixed_genome_15_1_24
AL2G20030	scaffold_1_RagTag	79.683	315	45	16	4195	4500	20835505	20835201	6.44e-52	209	73_3a_fixed_genome_15_1_24
AL2G20030	scaffold_1_RagTag	79.87	308	37	15	4158	4459	19088541	19088253	1.08e-49	202	73_3a_fixed_genome_15_1_24
AL2G20030	scaffold_1_RagTag	80.427	281	38	15	4195	4468	19088666	19088396	1.39e-48	198	73_3a_fixed_genome_15_1_24
AL2G20030	scaffold_1_RagTag	95.05	101	2	3	3774	3872	10051234	10051333	8.52e-36	156	73_3a_fixed_genome_15_1_24
AL2G20030	scaffold_1_RagTag	79.787	188	27	9	4158	4340	19088487	19088668	6.68e-27	126	73_3a_fixed_genome_15_1_24
AL2G20030	scaffold_1_RagTag	79.365	189	28	9	4158	4340	20835324	20835507	8.64e-26	122	73_3a_fixed_genome_15_1_24
AL2G20030	scaffold_1_RagTag	85.542	83	12	0	3776	3858	25322921	25323003	3.15e-15	87.9	73_3a_fixed_genome_15_1_24
AL2G20030	scaffold_1_RagTag	75.789	190	23	13	4277	4461	19088667	19088496	2.45e-11	75	73_3a_fixed_genome_15_1_24
AL2G20030	scaffold_5_RagTag	93.157	643	33	1	3869	4500	10444698	10444056	0	933	73_3a_fixed_genome_15_1_24
AL2G20030	scaffold_5_RagTag	89.489	333	29	4	2749	3078	13954469	13954140	3.54e-114	416	73_3a_fixed_genome_15_1_24
AL2G20030	scaffold_5_RagTag	87.887	355	31	9	2753	3095	16353278	16353632	2.13e-111	407	73_3a_fixed_genome_15_1_24
AL2G20030	scaffold_5_RagTag	87.791	344	31	5	2753	3085	4452237	4451894	5.96e-107	392	73_3a_fixed_genome_15_1_24
AL2G20030	scaffold_5_RagTag	87.393	349	33	6	2753	3090	12562087	12561739	2.14e-106	390	73_3a_fixed_genome_15_1_24
AL2G20030	scaffold_5_RagTag	87.202	336	31	6	2758	3082	507177	507511	7.77e-101	372	73_3a_fixed_genome_15_1_24
AL2G20030	scaffold_5_RagTag	87.423	326	29	7	2766	3079	14553496	14553821	1.3e-98	364	73_3a_fixed_genome_15_1_24
AL2G20030	scaffold_5_RagTag	83.439	314	42	9	4192	4500	10444051	10444359	3.74e-74	283	73_3a_fixed_genome_15_1_24
AL2G20030	scaffold_5_RagTag	82.68	306	45	8	4158	4459	10444097	10444398	1.36e-68	265	73_3a_fixed_genome_15_1_24
AL2G20030	scaffold_5_RagTag	89.151	212	22	1	2881	3092	16130262	16130052	4.88e-68	263	73_3a_fixed_genome_15_1_24
AL2G20030	scaffold_5_RagTag	85.776	232	26	5	4195	4423	10444278	10444051	8.22e-61	239	73_3a_fixed_genome_15_1_24
AL2G20030	scaffold_5_RagTag	83.083	266	36	8	4239	4500	10444398	10444138	3.82e-59	233	73_3a_fixed_genome_15_1_24
AL2G20030	scaffold_5_RagTag	77.644	416	67	12	3869	4261	2410370	2410782	4.95e-58	230	73_3a_fixed_genome_15_1_24
AL2G20030	scaffold_5_RagTag	76.906	446	71	17	3869	4296	19360804	19361235	2.3e-56	224	73_3a_fixed_genome_15_1_24
AL2G20030	scaffold_5_RagTag	76.149	457	66	22	3869	4296	11431201	11430759	3.88e-49	200	73_3a_fixed_genome_15_1_24
AL2G20030	scaffold_5_RagTag	76.739	417	59	20	3869	4261	2561424	2561022	1.39e-48	198	73_3a_fixed_genome_15_1_24
AL2G20030	scaffold_5_RagTag	81.25	224	34	6	4158	4377	10444179	10444398	2.35e-41	174	73_3a_fixed_genome_15_1_24
AL2G20030	scaffold_5_RagTag	77.66	188	33	8	4158	4340	10444235	10444052	8.7e-21	106	73_3a_fixed_genome_15_1_24
AL2G20030	scaffold_4_RagTag	92.32	625	36	3	3888	4500	2197617	2196993	0	878	73_3a_fixed_genome_15_1_24
AL2G20030	scaffold_4_RagTag	88.596	342	28	6	2752	3082	3231592	3231933	7.66e-111	405	73_3a_fixed_genome_15_1_24
AL2G20030	scaffold_4_RagTag	88.563	341	28	6	2753	3082	17260112	17259772	2.75e-110	403	73_3a_fixed_genome_15_1_24
AL2G20030	scaffold_4_RagTag	88.081	344	30	6	2753	3085	10446339	10445996	1.28e-108	398	73_3a_fixed_genome_15_1_24
AL2G20030	scaffold_4_RagTag	86.932	352	35	6	2753	3093	15510307	15509956	9.98e-105	385	73_3a_fixed_genome_15_1_24
AL2G20030	scaffold_4_RagTag	86.897	290	27	7	2811	3089	3231938	3232227	1.33e-83	315	73_3a_fixed_genome_15_1_24
AL2G20030	scaffold_4_RagTag	88.938	226	20	5	4278	4500	2197299	2197076	2.25e-71	274	73_3a_fixed_genome_15_1_24
AL2G20030	scaffold_4_RagTag	82.222	315	45	10	4192	4500	2196988	2197297	1.75e-67	261	73_3a_fixed_genome_15_1_24
AL2G20030	scaffold_4_RagTag	83.571	280	38	7	4183	4459	2197062	2197336	8.16e-66	255	73_3a_fixed_genome_15_1_24
AL2G20030	scaffold_4_RagTag	82.833	233	32	6	4195	4423	2197216	2196988	1.08e-49	202	73_3a_fixed_genome_15_1_24
AL2G20030	scaffold_4_RagTag	89.362	47	5	0	3045	3091	1960432	1960386	6.87e-07	60.2	73_3a_fixed_genome_15_1_24
AL2G20030	scaffold_2_RagTag	88.218	348	30	6	2753	3089	20743595	20743248	7.66e-111	405	73_3a_fixed_genome_15_1_24
AL2G20030	scaffold_2_RagTag	88.563	341	28	7	2753	3082	7583726	7583386	2.75e-110	403	73_3a_fixed_genome_15_1_24
AL2G20030	scaffold_2_RagTag	88.27	341	29	6	2753	3082	528011	528351	1.28e-108	398	73_3a_fixed_genome_15_1_24
AL2G20030	scaffold_2_RagTag	88.119	303	24	8	2753	3044	19962384	19962083	3.64e-94	350	73_3a_fixed_genome_15_1_24
AL2G20030	scaffold_2_RagTag	88.333	180	18	3	3306	3484	13742100	13741923	4.98e-53	213	73_3a_fixed_genome_15_1_24
AL2G20030	scaffold_2_RagTag	89.333	75	8	0	2958	3032	1216136	1216210	1.88e-17	95.3	73_3a_fixed_genome_15_1_24
AL2G20070	scaffold_3_RagTag	94.351	1133	41	9	197	1317	18881196	18880075	0	1716	73_3a_fixed_genome_15_1_24
AL2G20070	scaffold_3_RagTag	92.082	1124	69	14	201	1314	18737056	18738169	0	1565	73_3a_fixed_genome_15_1_24
AL2G20070	scaffold_3_RagTag	93.278	729	40	5	589	1314	19007899	19007177	0	1066	73_3a_fixed_genome_15_1_24
AL2G20070	scaffold_3_RagTag	92.318	729	37	8	586	1314	18764604	18765313	0	1018	73_3a_fixed_genome_15_1_24
AL2G20070	scaffold_3_RagTag	87.428	692	69	14	628	1317	19011705	19011030	0	780	73_3a_fixed_genome_15_1_24
AL2G20070	scaffold_3_RagTag	86.561	692	72	15	628	1317	18884693	18884021	0	743	73_3a_fixed_genome_15_1_24
AL2G20070	scaffold_3_RagTag	92.784	291	15	6	201	488	18764268	18764555	1.05e-114	416	73_3a_fixed_genome_15_1_24
AL2G20070	scaffold_3_RagTag	90.141	284	20	1	258	533	19008184	19007901	1.39e-98	363	73_3a_fixed_genome_15_1_24
AL2G20070	scaffold_3_RagTag	79.719	498	54	26	89	566	19012200	19011730	1.1e-84	316	73_3a_fixed_genome_15_1_24
AL2G20070	scaffold_3_RagTag	79.482	463	51	23	89	534	18885196	18884761	2.39e-76	289	73_3a_fixed_genome_15_1_24
AL2G20070	scaffold_3_RagTag	89.143	175	6	9	15	185	18881423	18881258	2.48e-51	206	73_3a_fixed_genome_15_1_24
AL2G20070	scaffold_3_RagTag	87.701	187	9	8	4	183	19008493	19008314	2.48e-51	206	73_3a_fixed_genome_15_1_24
AL2G20070	scaffold_3_RagTag	94.444	90	5	0	1225	1314	18765564	18765653	2.55e-31	139	73_3a_fixed_genome_15_1_24
AL2G20070	scaffold_3_RagTag	83.495	103	7	6	88	183	18764085	18764184	9.36e-16	87.9	73_3a_fixed_genome_15_1_24
AL2G20070	scaffold_6_RagTag	89.39	1263	79	14	64	1317	13286466	13285250	0	1539	73_3a_fixed_genome_15_1_24
AL2G20200	scaffold_3_RagTag	97.129	1672	37	7	239	1905	18738614	18736949	0	2811	73_3a_fixed_genome_15_1_24
AL2G20200	scaffold_3_RagTag	89.829	1583	97	31	239	1804	18879661	18881196	0	1973	73_3a_fixed_genome_15_1_24
AL2G20200	scaffold_3_RagTag	86.033	1346	136	30	16	1356	18883380	18884678	0	1397	73_3a_fixed_genome_15_1_24
AL2G20200	scaffold_3_RagTag	92.339	992	47	10	426	1413	18765570	18764604	0	1384	73_3a_fixed_genome_15_1_24
AL2G20200	scaffold_3_RagTag	98.067	776	10	4	1	771	18766339	18765564	0	1345	73_3a_fixed_genome_15_1_24
AL2G20200	scaffold_3_RagTag	84.25	1346	122	41	16	1356	19010430	19011690	0	1229	73_3a_fixed_genome_15_1_24
AL2G20200	scaffold_3_RagTag	88.368	1023	77	19	416	1410	19006891	19007899	0	1192	73_3a_fixed_genome_15_1_24
AL2G20200	scaffold_3_RagTag	93.75	288	17	1	239	525	19006647	19006934	5.3e-119	431	73_3a_fixed_genome_15_1_24
AL2G20200	scaffold_3_RagTag	90.764	314	25	4	1511	1821	18764555	18764243	1.49e-114	416	73_3a_fixed_genome_15_1_24
AL2G20200	scaffold_3_RagTag	85.46	337	33	3	1466	1786	19007901	19008237	1.19e-90	337	73_3a_fixed_genome_15_1_24
AL2G20200	scaffold_3_RagTag	84.097	371	34	13	1433	1786	19011730	19012092	4.28e-90	335	73_3a_fixed_genome_15_1_24
AL2G20200	scaffold_3_RagTag	82.058	379	35	16	1433	1786	18884718	18885088	2.61e-77	292	73_3a_fixed_genome_15_1_24
AL2G20200	scaffold_3_RagTag	82.474	97	13	4	69	163	19006549	19006643	6.15e-14	82.4	73_3a_fixed_genome_15_1_24
AL2G20200	scaffold_3_RagTag	93.878	49	2	1	482	530	19006825	19006872	3.7e-11	73.1	73_3a_fixed_genome_15_1_24
AL2G20200	scaffold_3_RagTag	97.297	37	0	1	494	530	18765568	18765533	8.02e-08	62.1	73_3a_fixed_genome_15_1_24
AL2G20200	scaffold_6_RagTag	88.21	1408	110	34	436	1821	13285006	13286379	0	1629	73_3a_fixed_genome_15_1_24
AL2G20200	scaffold_6_RagTag	93.651	63	4	0	416	478	13285030	13285092	7.9e-18	95.3	73_3a_fixed_genome_15_1_24
AL6G40220	scaffold_6_RagTag	99.062	1493	12	2	21	1513	13285006	13286496	0	2678	73_3a_fixed_genome_15_1_24
AL6G40220	scaffold_6_RagTag	100	32	0	0	1	32	13285008	13285039	2.28e-07	60.2	73_3a_fixed_genome_15_1_24
AL6G40220	scaffold_3_RagTag	87.849	1432	116	31	1	1399	18738436	18737030	0	1628	73_3a_fixed_genome_15_1_24
AL6G40220	scaffold_3_RagTag	87.436	1377	136	19	23	1375	18879833	18881196	0	1550	73_3a_fixed_genome_15_1_24
AL6G40220	scaffold_3_RagTag	89.655	986	64	13	11	977	18765570	18764604	0	1221	73_3a_fixed_genome_15_1_24
AL6G40220	scaffold_3_RagTag	88.8	1000	73	15	1	974	19006913	19007899	0	1190	73_3a_fixed_genome_15_1_24
AL6G40220	scaffold_3_RagTag	87.208	899	73	23	46	920	19010810	19011690	0	985	73_3a_fixed_genome_15_1_24
AL6G40220	scaffold_3_RagTag	85.866	941	90	24	1	920	18883760	18884678	0	961	73_3a_fixed_genome_15_1_24
AL6G40220	scaffold_3_RagTag	91.573	356	26	4	1	355	18765920	18765568	2.46e-136	488	73_3a_fixed_genome_15_1_24
AL6G40220	scaffold_3_RagTag	81.573	483	43	24	1009	1461	19011734	19012200	7.22e-97	357	73_3a_fixed_genome_15_1_24
AL6G40220	scaffold_3_RagTag	82.262	451	36	22	1039	1461	18884762	18885196	1.21e-94	350	73_3a_fixed_genome_15_1_24
AL6G40220	scaffold_3_RagTag	84.083	289	38	2	1034	1314	19007896	19008184	2.69e-71	272	73_3a_fixed_genome_15_1_24
AL6G40220	scaffold_3_RagTag	82.967	182	11	13	1309	1483	19008265	19008433	1.7e-33	147	73_3a_fixed_genome_15_1_24
AL6G40220	scaffold_3_RagTag	81.188	202	11	15	1286	1483	18881196	18881374	1.02e-30	137	73_3a_fixed_genome_15_1_24
AL6G40220	scaffold_3_RagTag	82.558	172	12	11	1309	1473	18764234	18764074	3.68e-30	135	73_3a_fixed_genome_15_1_24
AL6G40220	scaffold_3_RagTag	92.135	89	6	1	23	111	19006825	19006912	7.98e-27	124	73_3a_fixed_genome_15_1_24
AL6G40220	scaffold_3_RagTag	95.522	67	2	1	1	67	18738392	18738327	2.89e-21	106	73_3a_fixed_genome_15_1_24
AL6G40220	scaffold_3_RagTag	95.522	67	2	1	1	67	18765536	18765471	2.89e-21	106	73_3a_fixed_genome_15_1_24
AL6G40220	scaffold_3_RagTag	90.909	66	3	2	46	111	18883760	18883822	3.76e-15	86.1	73_3a_fixed_genome_15_1_24
AL2G20010	scaffold_2_RagTag	95.827	1941	36	7	1	1934	11391870	11393772	0	3094	AL08_v2_f
AL2G20010	scaffold_2_RagTag	90.299	938	74	10	614	1536	11574212	11573277	0	1212	AL08_v2_f
AL2G20010	scaffold_2_RagTag	87.739	889	91	13	599	1470	11429716	11430603	0	1022	AL08_v2_f
AL2G20010	scaffold_2_RagTag	89.213	445	29	10	1063	1499	11403885	11404318	2.83e-151	538	AL08_v2_f
AL2G20010	scaffold_2_RagTag	84.499	529	53	19	1430	1934	11573317	11572794	1.73e-138	496	AL08_v2_f
AL2G20010	scaffold_2_RagTag	83.249	394	39	5	261	652	11402167	11402535	1.11e-90	337	AL08_v2_f
AL2G20010	scaffold_2_RagTag	83.333	336	34	10	190	517	11574642	11574321	8.74e-77	291	AL08_v2_f
AL2G20010	scaffold_2_RagTag	78.647	473	55	25	73	517	11429168	11429622	3.17e-71	272	AL08_v2_f
AL2G20010	scaffold_2_RagTag	87.892	223	21	2	1492	1714	11430559	11430775	8.87e-67	257	AL08_v2_f
AL2G20010	scaffold_2_RagTag	93.496	123	7	1	118	240	11574833	11574712	5.49e-44	182	AL08_v2_f
AL2G20010	scaffold_2_RagTag	97.368	38	1	0	1496	1533	11404249	11404286	5.77e-09	65.8	AL08_v2_f
AL2G20010	scaffold_6_RagTag	87.514	921	78	20	611	1515	12978549	12977650	0	1029	AL08_v2_f
AL2G20010	scaffold_6_RagTag	82.262	451	39	20	82	516	12979090	12978665	3.95e-95	351	AL08_v2_f
AL2G20010	scaffold_6_RagTag	92.063	63	5	0	1474	1536	12977735	12977673	3.42e-16	89.8	AL08_v2_f
AL2G20020	scaffold_2_RagTag	93.763	930	56	1	600	1527	11429674	11430603	0	1395	AL08_v2_f
AL2G20020	scaffold_2_RagTag	84.99	1439	125	37	567	1975	11392393	11393770	0	1376	AL08_v2_f
AL2G20020	scaffold_2_RagTag	90.695	1021	71	13	603	1616	11574266	11573263	0	1338	AL08_v2_f
AL2G20020	scaffold_2_RagTag	91.021	568	28	4	600	1164	11402626	11403173	0	745	AL08_v2_f
AL2G20020	scaffold_2_RagTag	85.779	443	39	12	1119	1551	11403885	11404313	5.01e-124	448	AL08_v2_f
AL2G20020	scaffold_2_RagTag	90.705	312	24	4	242	550	11574677	11574368	6.57e-113	411	AL08_v2_f
AL2G20020	scaffold_2_RagTag	86.316	380	36	8	1487	1860	11573317	11572948	1.42e-109	399	AL08_v2_f
AL2G20020	scaffold_2_RagTag	90.444	293	23	5	261	550	11429285	11429575	5.15e-104	381	AL08_v2_f
AL2G20020	scaffold_2_RagTag	92.308	247	17	2	305	550	11402127	11402372	1.45e-94	350	AL08_v2_f
AL2G20020	scaffold_2_RagTag	82.105	285	33	6	277	550	11392061	11392338	7.1e-58	228	AL08_v2_f
AL2G20020	scaffold_2_RagTag	79.668	241	22	13	1	233	11401877	11402098	5.69e-34	148	AL08_v2_f
AL2G20020	scaffold_2_RagTag	81.287	171	22	7	1	165	11429089	11429255	2.06e-28	130	AL08_v2_f
AL2G20020	scaffold_2_RagTag	94.444	72	4	0	1151	1222	11403787	11403858	7.46e-23	111	AL08_v2_f
AL2G20020	scaffold_2_RagTag	93.056	72	2	3	1869	1937	11430828	11430899	4.49e-20	102	AL08_v2_f
AL2G20020	scaffold_2_RagTag	89.394	66	4	3	1552	1616	11573392	11573329	2.1e-13	80.5	AL08_v2_f
AL2G20020	scaffold_6_RagTag	91.429	980	52	14	603	1579	12978600	12977650	0	1315	AL08_v2_f
AL2G20020	scaffold_6_RagTag	84.591	318	39	7	241	550	12979026	12978711	8.87e-82	307	AL08_v2_f
AL2G20020	scaffold_6_RagTag	81.868	182	15	12	63	233	12979112	12978938	1.23e-30	137	AL08_v2_f
AL2G20030	scaffold_2_RagTag	97.213	2691	39	10	1112	3773	11403789	11406472	0	4521	AL08_v2_f
AL2G20030	scaffold_2_RagTag	92.341	1149	76	6	31	1176	11429152	11430291	0	1624	AL08_v2_f
AL2G20030	scaffold_2_RagTag	89.608	1020	85	15	165	1181	11574654	11573653	0	1277	AL08_v2_f
AL2G20030	scaffold_2_RagTag	89.474	665	47	3	463	1124	11402530	11403174	0	819	AL08_v2_f
AL2G20030	scaffold_2_RagTag	85.052	582	70	10	601	1181	11392454	11393019	1.41e-162	577	AL08_v2_f
AL2G20030	scaffold_2_RagTag	87.589	419	28	14	1208	1610	11430193	11430603	1.14e-128	464	AL08_v2_f
AL2G20030	scaffold_2_RagTag	86.713	429	30	15	1208	1617	11392917	11393337	8.89e-125	451	AL08_v2_f
AL2G20030	scaffold_2_RagTag	86.574	432	30	13	1208	1620	11573755	11573333	8.89e-125	451	AL08_v2_f
AL2G20030	scaffold_2_RagTag	89.15	341	26	6	2753	3082	13121525	13121865	1.17e-113	414	AL08_v2_f
AL2G20030	scaffold_2_RagTag	87.429	350	33	6	2753	3091	1741643	1741992	5.47e-107	392	AL08_v2_f
AL2G20030	scaffold_2_RagTag	87.069	348	34	6	2753	3089	1683951	1683604	3.29e-104	383	AL08_v2_f
AL2G20030	scaffold_2_RagTag	87.39	341	32	6	2753	3082	14694982	14695322	1.18e-103	381	AL08_v2_f
AL2G20030	scaffold_2_RagTag	87.311	331	31	6	2763	3082	17610003	17610333	9.21e-100	368	AL08_v2_f
AL2G20030	scaffold_2_RagTag	81.758	455	40	25	53	491	11391952	11392379	2.01e-91	340	AL08_v2_f
AL2G20030	scaffold_2_RagTag	78.817	524	73	25	31	527	11401940	11402452	9.41e-85	318	AL08_v2_f
AL2G20030	scaffold_2_RagTag	77.857	420	66	13	3866	4261	2235894	2236310	9.75e-60	235	AL08_v2_f
AL2G20030	scaffold_2_RagTag	89.247	186	17	3	2904	3089	12828842	12828660	4.53e-58	230	AL08_v2_f
AL2G20030	scaffold_2_RagTag	77.23	426	62	14	3869	4261	15275967	15275544	3.53e-54	217	AL08_v2_f
AL2G20030	scaffold_2_RagTag	76.017	467	70	18	3869	4296	21113218	21112755	2.75e-50	204	AL08_v2_f
AL2G20030	scaffold_2_RagTag	90.909	121	9	2	2973	3091	7487975	7487855	1.68e-37	161	AL08_v2_f
AL2G20030	scaffold_2_RagTag	82.857	140	15	8	1078	1211	11403885	11404021	3.68e-24	117	AL08_v2_f
AL2G20030	scaffold_2_RagTag	100	43	0	0	1568	1610	11393332	11393374	4.83e-13	80.5	AL08_v2_f
AL2G20030	scaffold_2_RagTag	95.745	47	2	0	1208	1254	11403128	11403174	6.25e-12	76.8	AL08_v2_f
AL2G20030	scaffold_6_RagTag	97.785	1174	20	5	2605	3773	13106446	13105274	0	2019	AL08_v2_f
AL2G20030	scaffold_6_RagTag	95.805	1192	25	2	1	1189	12979142	12977973	0	1901	AL08_v2_f
AL2G20030	scaffold_6_RagTag	87.321	418	30	13	1208	1620	12978084	12977685	1.91e-126	457	AL08_v2_f
AL2G20030	scaffold_6_RagTag	88.92	352	28	6	2753	3093	1109343	1108992	1.94e-116	424	AL08_v2_f
AL2G20030	scaffold_6_RagTag	87.714	350	32	6	2753	3091	19289686	19290035	1.17e-108	398	AL08_v2_f
AL2G20030	scaffold_6_RagTag	87.683	341	31	6	2753	3082	2085534	2085874	2.54e-105	387	AL08_v2_f
AL2G20030	scaffold_6_RagTag	85.96	349	35	8	2753	3090	10067820	10067475	1.54e-97	361	AL08_v2_f
AL2G20030	scaffold_6_RagTag	78.313	415	66	11	3869	4261	8980759	8981171	4.5e-63	246	AL08_v2_f
AL2G20030	scaffold_6_RagTag	77.024	457	73	15	3869	4296	1790104	1790557	3.51e-59	233	AL08_v2_f
AL2G20030	scaffold_8_RagTag	91.746	739	18	9	1820	2554	159647	158948	0	987	AL08_v2_f
AL2G20030	scaffold_8_RagTag	93.154	482	25	2	4027	4500	11074706	11075187	0	701	AL08_v2_f
AL2G20030	scaffold_8_RagTag	87.429	350	32	7	2753	3090	14233726	14233377	5.47e-107	392	AL08_v2_f
AL2G20030	scaffold_8_RagTag	87.719	342	30	7	2753	3082	13678277	13677936	7.07e-106	388	AL08_v2_f
AL2G20030	scaffold_8_RagTag	87.246	345	33	6	2758	3091	4686908	4686564	3.29e-104	383	AL08_v2_f
AL2G20030	scaffold_8_RagTag	92.593	270	9	2	3869	4127	11074428	11074697	1.53e-102	377	AL08_v2_f
AL2G20030	scaffold_8_RagTag	86.246	349	37	6	2753	3090	1722747	1723095	9.21e-100	368	AL08_v2_f
AL2G20030	scaffold_8_RagTag	86.377	345	36	7	2757	3090	11287290	11287634	3.31e-99	366	AL08_v2_f
AL2G20030	scaffold_8_RagTag	84.9	351	35	9	2754	3093	16184739	16185082	7.22e-91	339	AL08_v2_f
AL2G20030	scaffold_8_RagTag	85.417	336	35	7	2756	3077	4888759	4888424	2.6e-90	337	AL08_v2_f
AL2G20030	scaffold_8_RagTag	95.261	211	6	2	3563	3773	158630	158424	1.21e-88	331	AL08_v2_f
AL2G20030	scaffold_8_RagTag	83.871	310	42	8	4195	4500	11075189	11074884	7.38e-76	289	AL08_v2_f
AL2G20030	scaffold_8_RagTag	89.381	226	19	5	4278	4500	11074882	11075105	4.44e-73	279	AL08_v2_f
AL2G20030	scaffold_8_RagTag	83.062	307	42	9	4158	4459	11075146	11074845	2.67e-70	270	AL08_v2_f
AL2G20030	scaffold_8_RagTag	89.34	197	21	0	2894	3090	1260063	1259867	1.25e-63	248	AL08_v2_f
AL2G20030	scaffold_8_RagTag	84.914	232	28	6	4195	4423	11074965	11075192	1.63e-57	228	AL08_v2_f
AL2G20030	scaffold_8_RagTag	83.621	232	16	5	3087	3318	158832	158623	1.28e-48	198	AL08_v2_f
AL2G20030	scaffold_8_RagTag	94.118	102	5	1	2652	2752	158933	158832	2.81e-35	154	AL08_v2_f
AL2G20030	scaffold_8_RagTag	84.416	154	10	4	2754	2904	18883061	18883203	7.86e-31	139	AL08_v2_f
AL2G20030	scaffold_8_RagTag	79.365	189	28	9	4158	4340	11075008	11075191	7.92e-26	122	AL08_v2_f
AL2G20030	scaffold_7_RagTag	93.935	643	27	3	3869	4500	244289	244930	0	961	AL08_v2_f
AL2G20030	scaffold_7_RagTag	92.144	611	24	8	3901	4500	14821949	14822546	0	841	AL08_v2_f
AL2G20030	scaffold_7_RagTag	89.596	644	34	9	3869	4500	19695852	19696474	0	787	AL08_v2_f
AL2G20030	scaffold_7_RagTag	87.209	344	30	9	2753	3082	4871670	4872013	4.26e-103	379	AL08_v2_f
AL2G20030	scaffold_7_RagTag	85.552	353	39	7	2753	3093	15964517	15964165	5.54e-97	359	AL08_v2_f
AL2G20030	scaffold_7_RagTag	85.632	348	39	7	2753	3089	8311723	8311376	7.17e-96	355	AL08_v2_f
AL2G20030	scaffold_7_RagTag	83.965	343	29	9	2753	3082	10771946	10772275	7.32e-81	305	AL08_v2_f
AL2G20030	scaffold_7_RagTag	84.566	311	37	10	4195	4500	244932	244628	1.23e-78	298	AL08_v2_f
AL2G20030	scaffold_7_RagTag	83.766	308	38	10	4195	4497	14822548	14822248	1.23e-73	281	AL08_v2_f
AL2G20030	scaffold_7_RagTag	83.66	306	41	9	4158	4459	244889	244589	4.44e-73	279	AL08_v2_f
AL2G20030	scaffold_7_RagTag	89.381	226	18	6	4278	4500	244626	244848	4.44e-73	279	AL08_v2_f
AL2G20030	scaffold_7_RagTag	85.714	231	27	5	4195	4423	244709	244935	7.53e-61	239	AL08_v2_f
AL2G20030	scaffold_7_RagTag	83.525	261	37	6	4158	4415	14822505	14822248	7.53e-61	239	AL08_v2_f
AL2G20030	scaffold_7_RagTag	85.776	232	25	7	4195	4423	14822325	14822551	7.53e-61	239	AL08_v2_f
AL2G20030	scaffold_7_RagTag	91.379	174	9	6	4330	4500	19696221	19696391	3.51e-59	233	AL08_v2_f
AL2G20030	scaffold_7_RagTag	85	220	28	5	4283	4500	14822248	14822464	9.82e-55	219	AL08_v2_f
AL2G20030	scaffold_7_RagTag	86.224	196	24	3	4230	4423	19696285	19696479	5.91e-52	209	AL08_v2_f
AL2G20030	scaffold_7_RagTag	79.872	313	39	15	4195	4500	19696476	19696181	2.12e-51	207	AL08_v2_f
AL2G20030	scaffold_7_RagTag	76.368	457	65	22	3869	4296	11156527	11156085	7.64e-51	206	AL08_v2_f
AL2G20030	scaffold_7_RagTag	82.213	253	28	9	4183	4432	19696405	19696167	9.89e-50	202	AL08_v2_f
AL2G20030	scaffold_7_RagTag	87.952	166	17	1	2899	3064	378345	378183	5.95e-47	193	AL08_v2_f
AL2G20030	scaffold_7_RagTag	84.239	184	24	5	4158	4338	244807	244626	2.16e-41	174	AL08_v2_f
AL2G20030	scaffold_7_RagTag	84.138	145	16	6	4360	4500	244626	244767	3.66e-29	134	AL08_v2_f
AL2G20030	scaffold_7_RagTag	79.787	188	28	9	4158	4340	244752	244934	1.7e-27	128	AL08_v2_f
AL2G20030	scaffold_7_RagTag	82.55	149	19	6	4195	4340	14822406	14822550	2.2e-26	124	AL08_v2_f
AL2G20030	scaffold_7_RagTag	78.421	190	29	10	4158	4340	19696294	19696478	4.77e-23	113	AL08_v2_f
AL2G20030	scaffold_7_RagTag	94.872	39	1	1	4426	4464	244965	245002	6.3e-07	60.2	AL08_v2_f
AL2G20030	scaffold_7_RagTag	96.875	32	1	0	3868	3899	14821929	14821960	2.93e-05	54.7	AL08_v2_f
AL2G20030	scaffold_4_RagTag	93.427	639	30	3	3874	4500	2154317	2153679	0	937	AL08_v2_f
AL2G20030	scaffold_4_RagTag	84.838	554	37	23	3888	4423	10596353	10596877	1.12e-143	514	AL08_v2_f
AL2G20030	scaffold_4_RagTag	88.081	344	34	4	2753	3092	18409105	18408765	9.08e-110	401	AL08_v2_f
AL2G20030	scaffold_4_RagTag	87.644	348	32	8	2753	3089	21105325	21104978	1.52e-107	394	AL08_v2_f
AL2G20030	scaffold_4_RagTag	87.429	350	33	8	2753	3091	16909799	16909450	5.47e-107	392	AL08_v2_f
AL2G20030	scaffold_4_RagTag	86.761	355	36	8	2753	3096	14380567	14380213	9.15e-105	385	AL08_v2_f
AL2G20030	scaffold_4_RagTag	86.427	361	36	8	2753	3101	19002912	19003271	3.29e-104	383	AL08_v2_f
AL2G20030	scaffold_4_RagTag	86.494	348	35	7	2753	3089	1080291	1079945	7.12e-101	372	AL08_v2_f
AL2G20030	scaffold_4_RagTag	79.803	406	65	10	3869	4261	582619	582218	4.44e-73	279	AL08_v2_f
AL2G20030	scaffold_4_RagTag	89.381	226	19	5	4278	4500	2153985	2153762	4.44e-73	279	AL08_v2_f
AL2G20030	scaffold_4_RagTag	83.228	316	40	10	4192	4500	2153674	2153983	1.6e-72	278	AL08_v2_f
AL2G20030	scaffold_4_RagTag	82.792	308	42	10	4158	4459	2153720	2154022	1.24e-68	265	AL08_v2_f
AL2G20030	scaffold_4_RagTag	89.604	202	21	0	2881	3082	19002777	19002576	2.08e-66	257	AL08_v2_f
AL2G20030	scaffold_4_RagTag	83.729	295	22	10	3307	3595	22494373	22494647	7.48e-66	255	AL08_v2_f
AL2G20030	scaffold_4_RagTag	89.005	191	21	0	2892	3082	1793535	1793725	2.71e-60	237	AL08_v2_f
AL2G20030	scaffold_4_RagTag	84.549	233	28	6	4195	4423	2153902	2153674	2.11e-56	224	AL08_v2_f
AL2G20030	scaffold_4_RagTag	77.404	416	68	12	3869	4261	12826690	12826278	2.11e-56	224	AL08_v2_f
AL2G20030	scaffold_4_RagTag	85.455	220	23	2	2881	3091	14443215	14442996	2.73e-55	220	AL08_v2_f
AL2G20030	scaffold_4_RagTag	83.696	184	26	4	4158	4338	2153803	2153985	2.79e-40	171	AL08_v2_f
AL2G20030	scaffold_4_RagTag	96.04	101	1	3	3774	3872	10240195	10240096	1.68e-37	161	AL08_v2_f
AL2G20030	scaffold_4_RagTag	84.507	142	17	5	4195	4333	10596805	10596666	1.02e-29	135	AL08_v2_f
AL2G20030	scaffold_4_RagTag	78.836	189	30	9	4158	4340	2153859	2153675	1.02e-24	119	AL08_v2_f
AL2G20030	scaffold_4_RagTag	87.671	73	7	2	4189	4261	10596809	10596879	3.74e-14	84.2	AL08_v2_f
AL2G20030	scaffold_3_RagTag	92.093	645	28	5	3866	4498	20157816	20158449	0	887	AL08_v2_f
AL2G20030	scaffold_3_RagTag	88.379	327	32	4	2754	3077	19563330	19563653	7.07e-106	388	AL08_v2_f
AL2G20030	scaffold_3_RagTag	86.313	358	37	6	2743	3089	17950698	17951054	4.26e-103	379	AL08_v2_f
AL2G20030	scaffold_3_RagTag	86.402	353	37	7	2753	3094	11002272	11002624	5.5e-102	375	AL08_v2_f
AL2G20030	scaffold_3_RagTag	89.701	301	19	6	2753	3043	12906526	12906824	1.98e-101	374	AL08_v2_f
AL2G20030	scaffold_3_RagTag	87.202	336	30	6	2753	3076	5023085	5023419	2.56e-100	370	AL08_v2_f
AL2G20030	scaffold_3_RagTag	86.85	327	32	5	2770	3085	18812766	18812440	7.17e-96	355	AL08_v2_f
AL2G20030	scaffold_3_RagTag	86.095	338	28	9	2754	3080	3535953	3535624	4.32e-93	346	AL08_v2_f
AL2G20030	scaffold_3_RagTag	83.146	356	39	11	2744	3079	12787228	12787582	7.32e-81	305	AL08_v2_f
AL2G20030	scaffold_3_RagTag	89.823	226	18	5	4278	4500	20158145	20158368	9.54e-75	285	AL08_v2_f
AL2G20030	scaffold_3_RagTag	83.388	307	42	9	4158	4459	20158410	20158108	5.74e-72	276	AL08_v2_f
AL2G20030	scaffold_3_RagTag	83.007	306	42	9	4201	4500	20158448	20158147	9.61e-70	268	AL08_v2_f
AL2G20030	scaffold_3_RagTag	84.188	234	27	9	4195	4423	20158228	20158456	9.82e-55	219	AL08_v2_f
AL2G20030	scaffold_3_RagTag	84.239	184	25	4	4158	4338	20158327	20158145	5.99e-42	176	AL08_v2_f
AL2G20030	scaffold_3_RagTag	84.138	145	16	6	4360	4500	20158145	20158286	3.66e-29	134	AL08_v2_f
AL2G20030	scaffold_1_RagTag	88.986	345	32	4	2753	3093	3538391	3538733	6.97e-116	422	AL08_v2_f
AL2G20030	scaffold_1_RagTag	87.679	349	32	7	2753	3090	17352861	17352513	4.23e-108	396	AL08_v2_f
AL2G20030	scaffold_1_RagTag	87.683	341	31	7	2753	3082	6323842	6323502	2.54e-105	387	AL08_v2_f
AL2G20030	scaffold_1_RagTag	87.574	338	31	9	2755	3089	3155210	3154881	1.18e-103	381	AL08_v2_f
AL2G20030	scaffold_1_RagTag	86.61	351	35	7	2753	3091	1350188	1349838	1.53e-102	377	AL08_v2_f
AL2G20030	scaffold_1_RagTag	86.919	344	34	6	2753	3085	1365139	1364796	5.5e-102	375	AL08_v2_f
AL2G20030	scaffold_1_RagTag	87.387	333	31	6	2753	3074	3155555	3155223	7.12e-101	372	AL08_v2_f
AL2G20030	scaffold_1_RagTag	86.589	343	33	8	2753	3082	5902052	5902394	3.31e-99	366	AL08_v2_f
AL2G20030	scaffold_1_RagTag	90.435	230	18	2	3333	3558	11885534	11885305	3.41e-79	300	AL08_v2_f
AL2G20030	scaffold_1_RagTag	78.554	415	65	11	3869	4261	8453558	8453970	9.68e-65	252	AL08_v2_f
AL2G20030	scaffold_1_RagTag	78.125	416	65	13	3869	4261	8557769	8558181	2.09e-61	241	AL08_v2_f
AL2G20030	scaffold_1_RagTag	91.262	103	7	2	3773	3873	26811289	26811391	7.86e-31	139	AL08_v2_f
AL2G20030	scaffold_1_RagTag	87.963	108	10	3	2977	3082	3155609	3155715	2.2e-26	124	AL08_v2_f
AL2G20030	scaffold_5_RagTag	87.39	341	32	6	2753	3082	12828405	12828745	1.18e-103	381	AL08_v2_f
AL2G20030	scaffold_5_RagTag	76.754	456	65	20	3869	4296	2619940	2620382	3.53e-54	217	AL08_v2_f
AL2G20030	scaffold_5_RagTag	97.03	101	1	2	3774	3872	16753662	16753562	1e-39	169	AL08_v2_f
AL2G20030	scaffold_5_RagTag	92.157	102	7	1	2978	3079	13417419	13417519	6.08e-32	143	AL08_v2_f
AL2G20070	scaffold_2_RagTag	98.402	1314	21	0	1	1314	11429089	11430402	0	2311	AL08_v2_f
AL2G20070	scaffold_2_RagTag	91.764	1117	80	10	201	1314	11574654	11573547	0	1543	AL08_v2_f
AL2G20070	scaffold_2_RagTag	91.88	665	22	5	499	1151	11402530	11403174	0	900	AL08_v2_f
AL2G20070	scaffold_2_RagTag	86.58	693	70	15	628	1314	11392454	11393129	0	743	AL08_v2_f
AL2G20070	scaffold_2_RagTag	85.787	591	48	26	1	566	11401877	11402456	4.15e-168	593	AL08_v2_f
AL2G20070	scaffold_2_RagTag	79.237	472	53	25	80	534	11391943	11392386	7.89e-76	287	AL08_v2_f
AL2G20070	scaffold_2_RagTag	88.095	210	13	8	1105	1314	11403885	11404082	2.24e-61	239	AL08_v2_f
AL2G20070	scaffold_2_RagTag	98.507	67	1	0	1137	1203	11403787	11403853	3.04e-25	119	AL08_v2_f
AL2G20070	scaffold_6_RagTag	88.863	1266	83	15	64	1317	12979112	12977893	0	1504	AL08_v2_f
AL2G20200	scaffold_2_RagTag	97.724	1494	21	3	416	1905	11573277	11574761	0	2558	AL08_v2_f
AL2G20200	scaffold_2_RagTag	90.806	1327	100	13	482	1798	11430603	11429289	0	1755	AL08_v2_f
AL2G20200	scaffold_2_RagTag	85.102	1376	141	34	1	1371	11393770	11392454	0	1347	AL08_v2_f
AL2G20200	scaffold_2_RagTag	97.925	530	10	1	1	530	11572796	11573324	0	917	AL08_v2_f
AL2G20200	scaffold_2_RagTag	89.313	655	40	14	859	1500	11403167	11402530	0	795	AL08_v2_f
AL2G20200	scaffold_2_RagTag	86.374	455	32	15	453	898	11404318	11403885	1.03e-130	470	AL08_v2_f
AL2G20200	scaffold_2_RagTag	90.332	331	25	6	1433	1757	11402456	11402127	6.29e-118	427	AL08_v2_f
AL2G20200	scaffold_2_RagTag	82.275	378	35	13	1433	1786	11392429	11392060	5.15e-79	298	AL08_v2_f
AL2G20200	scaffold_2_RagTag	88.789	223	18	2	239	460	11430775	11430559	1.45e-69	267	AL08_v2_f
AL2G20200	scaffold_2_RagTag	95.238	63	3	0	416	478	11404311	11404249	1.56e-19	100	AL08_v2_f
AL2G20200	scaffold_2_RagTag	100	31	0	0	1732	1762	11402134	11402104	9.51e-07	58.4	AL08_v2_f
AL2G20200	scaffold_6_RagTag	87.872	1410	112	35	437	1821	12977650	12979025	0	1602	AL08_v2_f
AL6G40220	scaffold_6_RagTag	98.528	1495	17	3	22	1513	12977650	12979142	0	2634	AL08_v2_f
AL6G40220	scaffold_6_RagTag	93.75	64	3	1	1	64	12977673	12977735	5.74e-18	95.3	AL08_v2_f
AL6G40220	scaffold_6_RagTag	100	32	0	0	1	32	12977651	12977682	2.09e-07	60.2	AL08_v2_f
AL6G40220	scaffold_2_RagTag	89.124	1462	103	14	68	1483	11430603	11429152	0	1768	AL08_v2_f
AL6G40220	scaffold_2_RagTag	87.868	1426	118	30	1	1396	11573277	11574677	0	1624	AL08_v2_f
AL6G40220	scaffold_2_RagTag	85.181	938	97	23	23	935	11393374	11392454	0	924	AL08_v2_f
AL6G40220	scaffold_2_RagTag	88.12	665	56	3	412	1073	11403174	11402530	0	769	AL08_v2_f
AL6G40220	scaffold_2_RagTag	85	440	40	17	39	458	11404318	11403885	6.44e-117	424	AL08_v2_f
AL6G40220	scaffold_2_RagTag	82.667	450	35	22	1039	1461	11392385	11391952	1.84e-97	359	AL08_v2_f
AL6G40220	scaffold_2_RagTag	93.458	107	6	1	1	107	11573233	11573338	7.21e-37	158	AL08_v2_f
AL6G40220	scaffold_2_RagTag	95.294	85	3	1	342	426	11403870	11403787	1.22e-29	134	AL08_v2_f
AL6G40220	scaffold_2_RagTag	92.941	85	5	1	23	107	11573211	11573294	2.63e-26	122	AL08_v2_f
AL6G40220	scaffold_2_RagTag	85.47	117	3	4	1375	1483	11402050	11401940	2.05e-22	110	AL08_v2_f
AL6G40220	scaffold_2_RagTag	93.548	62	4	0	46	107	11573211	11573272	2.06e-17	93.5	AL08_v2_f
AL6G40220	scaffold_2_RagTag	95.455	44	2	0	68	111	11393374	11393331	9.67e-11	71.3	AL08_v2_f
AL2G20010	scaffold_2_RagTag	95.87	1937	36	11	1	1918	12470553	12472464	0	3094	al1_v2_s
AL2G20010	scaffold_2_RagTag	95.771	1537	31	6	2	1536	12263310	12264814	0	2447	al1_v2_s
AL2G20010	scaffold_2_RagTag	85.884	1431	117	28	538	1932	12475236	12476617	0	1445	al1_v2_s
AL2G20010	scaffold_2_RagTag	85.435	1380	136	40	614	1934	12347621	12346248	0	1375	al1_v2_s
AL2G20010	scaffold_2_RagTag	87.13	1150	113	22	599	1714	12536797	12537945	0	1271	al1_v2_s
AL2G20010	scaffold_2_RagTag	89.744	936	81	10	614	1536	12827554	12826621	0	1182	al1_v2_s
AL2G20010	scaffold_2_RagTag	89.507	934	85	10	614	1536	12641614	12640683	0	1170	al1_v2_s
AL2G20010	scaffold_2_RagTag	86.914	917	96	15	598	1492	12267947	12268861	0	1007	al1_v2_s
AL2G20010	scaffold_2_RagTag	95.152	495	20	3	1427	1918	12264859	12265352	0	778	al1_v2_s
AL2G20010	scaffold_2_RagTag	96.034	353	11	3	1460	1812	12644010	12643661	3.11e-161	571	al1_v2_s
AL2G20010	scaffold_2_RagTag	83.743	529	58	18	1430	1934	12640723	12640199	2.51e-132	475	al1_v2_s
AL2G20010	scaffold_2_RagTag	83.582	536	43	16	1430	1934	12826617	12826096	7.01e-128	460	al1_v2_s
AL2G20010	scaffold_2_RagTag	88.846	260	23	2	1455	1714	12268780	12269033	5.78e-84	315	al1_v2_s
AL2G20010	scaffold_2_RagTag	83.333	336	34	10	190	517	12827984	12827663	9.74e-77	291	al1_v2_s
AL2G20010	scaffold_2_RagTag	83.036	336	35	10	190	517	12348051	12347730	4.53e-75	285	al1_v2_s
AL2G20010	scaffold_2_RagTag	79.07	473	53	25	73	517	12536249	12536703	1.63e-74	283	al1_v2_s
AL2G20010	scaffold_2_RagTag	82.335	334	41	8	190	517	12267533	12267854	9.81e-72	274	al1_v2_s
AL2G20010	scaffold_2_RagTag	81.982	333	44	13	190	517	12642044	12641723	4.56e-70	268	al1_v2_s
AL2G20010	scaffold_2_RagTag	81.469	286	34	6	191	469	12474946	12475219	1.68e-54	217	al1_v2_s
AL2G20010	scaffold_2_RagTag	92.683	123	8	1	118	240	12644416	12644295	2.85e-42	176	al1_v2_s
AL2G20010	scaffold_2_RagTag	92.683	123	8	1	118	240	12828206	12828085	2.85e-42	176	al1_v2_s
AL2G20010	scaffold_2_RagTag	94.545	110	6	0	1427	1536	12264771	12264880	1.32e-40	171	al1_v2_s
AL2G20010	scaffold_2_RagTag	91.87	123	9	1	118	240	12348242	12348121	1.32e-40	171	al1_v2_s
AL2G20010	scaffold_2_RagTag	82.915	199	18	6	190	381	12644225	12644036	6.16e-39	165	al1_v2_s
AL2G20010	scaffold_2_RagTag	89.062	64	6	1	203	265	12642115	12642052	8.25e-13	78.7	al1_v2_s
AL2G20010	scaffold_2_RagTag	87.879	66	5	1	1427	1492	12472021	12472083	1.07e-11	75	al1_v2_s
AL2G20010	scaffold_2_RagTag	97.561	41	1	0	1430	1470	12640657	12640617	1.38e-10	71.3	al1_v2_s
AL2G20010	scaffold_2_RagTag	91.111	45	4	0	1492	1536	12537641	12537685	8.31e-08	62.1	al1_v2_s
AL2G20010	scaffold_2_RagTag	92.105	38	3	0	1499	1536	12268780	12268817	1.39e-05	54.7	al1_v2_s
AL2G20010	scaffold_1_RagTag	94.473	1936	40	24	1	1934	24708503	24710373	0	2920	al1_v2_s
AL2G20010	scaffold_1_RagTag	85.714	1428	113	30	538	1932	24712826	24714195	0	1423	al1_v2_s
AL2G20010	scaffold_1_RagTag	88.261	1133	109	14	599	1714	24773351	24774476	0	1334	al1_v2_s
AL2G20010	scaffold_1_RagTag	86.925	696	61	14	650	1318	24864758	24865450	0	754	al1_v2_s
AL2G20010	scaffold_1_RagTag	86.202	645	61	18	1313	1934	24869583	24870222	0	673	al1_v2_s
AL2G20010	scaffold_1_RagTag	79.281	473	52	25	73	517	24772803	24773257	3.5e-76	289	al1_v2_s
AL2G20010	scaffold_1_RagTag	94.079	152	3	6	95	243	24862716	24862864	2.79e-57	226	al1_v2_s
AL2G20010	scaffold_1_RagTag	80.18	333	36	8	144	469	24712500	24712809	3.6e-56	222	al1_v2_s
AL2G20010	scaffold_1_RagTag	91.045	67	6	0	1470	1536	24774194	24774260	1.06e-16	91.6	al1_v2_s
AL2G20010	scaffold_1_RagTag	91.111	45	4	0	1492	1536	24774194	24774238	8.31e-08	62.1	al1_v2_s
AL2G20010	scaffold_6_RagTag	87.367	942	82	20	611	1536	14882228	14881308	0	1046	al1_v2_s
AL2G20010	scaffold_6_RagTag	82.04	451	37	21	82	516	14882808	14882386	7.37e-93	344	al1_v2_s
AL2G20020	scaffold_1_RagTag	96.463	1979	24	12	1	1975	24712259	24714195	0	3225	al1_v2_s
AL2G20020	scaffold_1_RagTag	92.203	1180	77	8	600	1776	24773309	24774476	0	1655	al1_v2_s
AL2G20020	scaffold_1_RagTag	82.849	1446	131	49	559	1975	24709014	24710371	0	1188	al1_v2_s
AL2G20020	scaffold_1_RagTag	93.447	702	31	5	688	1377	24864752	24865450	0	1027	al1_v2_s
AL2G20020	scaffold_1_RagTag	88.961	462	36	7	1372	1827	24869583	24870035	8.88e-157	556	al1_v2_s
AL2G20020	scaffold_1_RagTag	83.216	566	56	22	40	603	24864169	24864697	1.53e-134	483	al1_v2_s
AL2G20020	scaffold_1_RagTag	91.126	293	21	5	261	550	24772920	24773210	2.65e-107	392	al1_v2_s
AL2G20020	scaffold_1_RagTag	84.983	293	39	5	261	550	24719123	24719413	2.77e-77	292	al1_v2_s
AL2G20020	scaffold_1_RagTag	91.566	166	14	0	600	765	24719521	24719686	2.2e-58	230	al1_v2_s
AL2G20020	scaffold_1_RagTag	81.754	285	34	6	277	550	24708693	24708970	3.68e-56	222	al1_v2_s
AL2G20020	scaffold_1_RagTag	80.702	171	23	7	1	165	24772724	24772890	1.07e-26	124	al1_v2_s
AL2G20020	scaffold_1_RagTag	81.579	152	16	8	40	183	24718962	24719109	6.43e-24	115	al1_v2_s
AL2G20020	scaffold_1_RagTag	94.737	57	3	0	1553	1609	24774213	24774269	3.9e-16	89.8	al1_v2_s
AL2G20020	scaffold_1_RagTag	90.323	62	5	1	1549	1609	24869687	24869748	2.34e-13	80.5	al1_v2_s
AL2G20020	scaffold_2_RagTag	95.654	1979	33	9	1	1975	12474688	12476617	0	3129	al1_v2_s
AL2G20020	scaffold_2_RagTag	91.304	1196	80	9	600	1776	12536755	12537945	0	1611	al1_v2_s
AL2G20020	scaffold_2_RagTag	88.467	1292	97	20	603	1860	12347675	12346402	0	1513	al1_v2_s
AL2G20020	scaffold_2_RagTag	85.178	1464	128	43	559	1975	12471064	12472485	0	1419	al1_v2_s
AL2G20020	scaffold_2_RagTag	92.79	957	61	5	600	1549	12267906	12268861	0	1378	al1_v2_s
AL2G20020	scaffold_2_RagTag	91.266	1019	67	14	603	1616	12827608	12826607	0	1369	al1_v2_s
AL2G20020	scaffold_2_RagTag	90.56	1017	76	14	603	1616	12641668	12640669	0	1328	al1_v2_s
AL2G20020	scaffold_2_RagTag	82.464	1380	141	46	277	1609	12263498	12264823	0	1114	al1_v2_s
AL2G20020	scaffold_2_RagTag	83.422	561	54	21	1	550	12642302	12641770	4.25e-135	484	al1_v2_s
AL2G20020	scaffold_2_RagTag	84.542	524	40	18	1484	1975	12264859	12265373	5.5e-134	481	al1_v2_s
AL2G20020	scaffold_2_RagTag	88.714	381	29	9	1487	1863	12826617	12826247	1.2e-125	453	al1_v2_s
AL2G20020	scaffold_2_RagTag	86.842	380	34	9	1487	1860	12640723	12640354	7.32e-113	411	al1_v2_s
AL2G20020	scaffold_2_RagTag	90.385	312	25	4	242	550	12348086	12347777	3.41e-111	405	al1_v2_s
AL2G20020	scaffold_2_RagTag	91.126	293	21	5	261	550	12267517	12267807	2.65e-107	392	al1_v2_s
AL2G20020	scaffold_2_RagTag	91.126	293	21	5	261	550	12536366	12536656	2.65e-107	392	al1_v2_s
AL2G20020	scaffold_2_RagTag	90.753	292	24	2	262	550	12828001	12827710	1.23e-105	387	al1_v2_s
AL2G20020	scaffold_2_RagTag	88.073	327	26	8	1517	1840	12644010	12643694	2.67e-102	375	al1_v2_s
AL2G20020	scaffold_2_RagTag	94.538	238	8	4	242	476	12644260	12644025	2.08e-98	363	al1_v2_s
AL2G20020	scaffold_2_RagTag	84.642	293	40	5	261	550	12482153	12482443	1.29e-75	287	al1_v2_s
AL2G20020	scaffold_2_RagTag	91.566	166	14	0	600	765	12482551	12482716	2.2e-58	230	al1_v2_s
AL2G20020	scaffold_2_RagTag	82.105	285	33	6	277	550	12470743	12471020	7.91e-58	228	al1_v2_s
AL2G20020	scaffold_2_RagTag	84.774	243	17	7	1553	1776	12268792	12269033	2.85e-57	226	al1_v2_s
AL2G20020	scaffold_2_RagTag	88.462	130	6	3	1487	1616	12826683	12826563	6.34e-34	148	al1_v2_s
AL2G20020	scaffold_2_RagTag	86.923	130	8	4	1487	1616	12826661	12826541	1.37e-30	137	al1_v2_s
AL2G20020	scaffold_2_RagTag	81.287	171	22	7	1	165	12536170	12536336	2.3e-28	130	al1_v2_s
AL2G20020	scaffold_2_RagTag	92.982	57	4	0	1553	1609	12537660	12537716	1.81e-14	84.2	al1_v2_s
AL2G20020	scaffold_2_RagTag	89.552	67	4	3	1552	1617	12640798	12640734	6.52e-14	82.4	al1_v2_s
AL2G20020	scaffold_2_RagTag	89.394	66	4	3	1552	1616	12346780	12346717	2.34e-13	80.5	al1_v2_s
AL2G20020	scaffold_2_RagTag	81.132	106	13	5	83	183	12482036	12482139	8.43e-13	78.7	al1_v2_s
AL2G20020	scaffold_2_RagTag	97.561	41	1	0	1487	1527	12826551	12826511	1.41e-10	71.3	al1_v2_s
AL2G20020	scaffold_6_RagTag	91.426	1003	54	14	603	1602	14882279	14881306	0	1347	al1_v2_s
AL2G20020	scaffold_6_RagTag	85.714	315	38	6	241	550	14882744	14882432	2.73e-87	326	al1_v2_s
AL2G20020	scaffold_6_RagTag	82.418	182	14	12	63	233	14882830	14882656	2.95e-32	143	al1_v2_s
AL2G20030	scaffold_1_RagTag	98.606	1363	14	4	2415	3773	24731424	24732785	0	2407	al1_v2_s
AL2G20030	scaffold_1_RagTag	92.288	1154	77	6	31	1181	24772787	24773931	0	1628	al1_v2_s
AL2G20030	scaffold_1_RagTag	96.023	704	18	2	31	724	24718983	24719686	0	1136	al1_v2_s
AL2G20030	scaffold_1_RagTag	93.74	623	33	2	559	1181	24712859	24713475	0	929	al1_v2_s
AL2G20030	scaffold_1_RagTag	92.806	556	30	5	626	1181	24864738	24865283	0	797	al1_v2_s
AL2G20030	scaffold_1_RagTag	95.158	475	21	2	4027	4500	28484856	28484383	0	749	al1_v2_s
AL2G20030	scaffold_1_RagTag	98.953	382	4	0	2039	2420	24719703	24720084	0	684	al1_v2_s
AL2G20030	scaffold_1_RagTag	92.827	474	21	4	4027	4500	4320284	4319824	0	675	al1_v2_s
AL2G20030	scaffold_1_RagTag	84.051	627	66	21	601	1211	24709086	24709694	2.03e-161	573	al1_v2_s
AL2G20030	scaffold_1_RagTag	88.028	426	27	14	1208	1617	24773828	24774245	3.51e-134	483	al1_v2_s
AL2G20030	scaffold_1_RagTag	86.998	423	34	11	1208	1617	24709549	24709963	2.13e-126	457	al1_v2_s
AL2G20030	scaffold_1_RagTag	86.085	424	32	15	1208	1617	24713372	24713782	1.29e-118	431	al1_v2_s
AL2G20030	scaffold_1_RagTag	88.506	348	29	8	2753	3089	29577760	29578107	1.68e-112	411	al1_v2_s
AL2G20030	scaffold_1_RagTag	88.506	348	29	8	2753	3089	29590037	29590384	1.68e-112	411	al1_v2_s
AL2G20030	scaffold_1_RagTag	88.889	342	25	10	2753	3082	10179130	10179470	6.05e-112	409	al1_v2_s
AL2G20030	scaffold_1_RagTag	87.644	348	28	9	2756	3088	29371943	29371596	2.19e-106	390	al1_v2_s
AL2G20030	scaffold_1_RagTag	87.611	339	37	4	2754	3089	3756169	3755833	7.88e-106	388	al1_v2_s
AL2G20030	scaffold_1_RagTag	87.143	350	34	6	2753	3091	25147628	25147279	2.83e-105	387	al1_v2_s
AL2G20030	scaffold_1_RagTag	87.5	344	32	6	2753	3085	28518270	28517927	2.83e-105	387	al1_v2_s
AL2G20030	scaffold_1_RagTag	87.209	344	33	6	2753	3085	2998809	2998466	1.32e-103	381	al1_v2_s
AL2G20030	scaffold_1_RagTag	87.651	332	30	7	2762	3082	7170547	7170216	6.13e-102	375	al1_v2_s
AL2G20030	scaffold_1_RagTag	90.741	270	14	1	3869	4127	28485134	28484865	3.72e-94	350	al1_v2_s
AL2G20030	scaffold_1_RagTag	90.706	269	13	3	3869	4125	4320562	4320294	1.34e-93	348	al1_v2_s
AL2G20030	scaffold_1_RagTag	81.319	455	42	25	53	491	24708584	24709011	4.84e-88	329	al1_v2_s
AL2G20030	scaffold_1_RagTag	85.897	312	37	7	161	472	24864364	24864668	6.26e-87	326	al1_v2_s
AL2G20030	scaffold_1_RagTag	86.348	293	35	5	161	451	24712520	24712809	1.36e-83	315	al1_v2_s
AL2G20030	scaffold_1_RagTag	83.861	316	37	11	4192	4500	28484378	28484686	8.22e-76	289	al1_v2_s
AL2G20030	scaffold_1_RagTag	88.938	226	20	5	4278	4500	28484688	28484465	2.3e-71	274	al1_v2_s
AL2G20030	scaffold_1_RagTag	86.8	250	24	4	2842	3082	18038656	18038905	2.98e-70	270	al1_v2_s
AL2G20030	scaffold_1_RagTag	83.117	308	40	11	4158	4459	28484424	28484725	2.98e-70	270	al1_v2_s
AL2G20030	scaffold_1_RagTag	85.13	269	16	13	1208	1452	24865182	24865450	3e-65	254	al1_v2_s
AL2G20030	scaffold_1_RagTag	82.109	313	35	12	4192	4500	4319819	4320114	1.39e-63	248	al1_v2_s
AL2G20030	scaffold_1_RagTag	85.345	232	27	6	4195	4423	28484605	28484378	3.91e-59	233	al1_v2_s
AL2G20030	scaffold_1_RagTag	87.692	195	21	3	4230	4423	4320011	4319819	2.35e-56	224	al1_v2_s
AL2G20030	scaffold_1_RagTag	80.656	305	40	13	4158	4459	4319865	4320153	1.09e-54	219	al1_v2_s
AL2G20030	scaffold_1_RagTag	88.372	172	13	7	4332	4500	4320072	4319905	3.96e-49	200	al1_v2_s
AL2G20030	scaffold_1_RagTag	86.127	173	13	5	1447	1617	24869583	24869746	6.67e-42	176	al1_v2_s
AL2G20030	scaffold_1_RagTag	98.02	101	0	2	3774	3872	6242064	6242164	2.4e-41	174	al1_v2_s
AL2G20030	scaffold_1_RagTag	98.02	101	0	2	3774	3872	10405033	10405133	2.4e-41	174	al1_v2_s
AL2G20030	scaffold_1_RagTag	97.03	101	1	2	3774	3872	11817955	11817855	1.12e-39	169	al1_v2_s
AL2G20030	scaffold_1_RagTag	96.04	101	2	2	3774	3872	3436929	3436829	5.2e-38	163	al1_v2_s
AL2G20030	scaffold_1_RagTag	90.678	118	11	0	2979	3096	18418852	18418735	2.42e-36	158	al1_v2_s
AL2G20030	scaffold_1_RagTag	79.144	187	31	7	4158	4340	4320002	4319820	8.82e-26	122	al1_v2_s
AL2G20030	scaffold_1_RagTag	79.255	188	30	8	4158	4340	28484562	28484379	8.82e-26	122	al1_v2_s
AL2G20030	scaffold_1_RagTag	87.387	111	6	2	31	139	24864190	24864294	3.17e-25	121	al1_v2_s
AL2G20030	scaffold_1_RagTag	85.577	104	11	3	31	131	24712322	24712424	8.88e-21	106	al1_v2_s
AL2G20030	scaffold_1_RagTag	93.056	72	4	1	2753	2823	18419092	18419021	3.19e-20	104	al1_v2_s
AL2G20030	scaffold_1_RagTag	88.372	86	9	1	3773	3857	30297357	30297442	1.15e-19	102	al1_v2_s
AL2G20030	scaffold_1_RagTag	95.918	49	2	0	1568	1616	24709958	24710006	5.38e-13	80.5	al1_v2_s
AL2G20030	scaffold_1_RagTag	97.778	45	1	0	1568	1612	24713777	24713821	1.94e-12	78.7	al1_v2_s
AL2G20030	scaffold_6_RagTag	96.334	1173	12	6	2605	3773	15034419	15033274	0	1899	al1_v2_s
AL2G20030	scaffold_6_RagTag	97.647	680	16	0	510	1189	14882331	14881652	0	1168	al1_v2_s
AL2G20030	scaffold_6_RagTag	94.004	517	9	1	1	517	14882860	14882366	0	763	al1_v2_s
AL2G20030	scaffold_6_RagTag	87.321	418	30	13	1208	1620	14881763	14881364	2.13e-126	457	al1_v2_s
AL2G20030	scaffold_6_RagTag	88.857	350	28	8	2752	3090	15742504	15742853	2.79e-115	420	al1_v2_s
AL2G20030	scaffold_6_RagTag	88.473	347	29	6	2757	3092	1785443	1785097	6.05e-112	409	al1_v2_s
AL2G20030	scaffold_6_RagTag	88.856	341	27	7	2753	3082	11867907	11867567	6.05e-112	409	al1_v2_s
AL2G20030	scaffold_6_RagTag	87.966	349	31	6	2753	3090	8784700	8785048	1.01e-109	401	al1_v2_s
AL2G20030	scaffold_6_RagTag	88.657	335	27	8	2753	3076	8785124	8785458	1.31e-108	398	al1_v2_s
AL2G20030	scaffold_6_RagTag	87.683	341	31	6	2753	3082	26422737	26423077	2.83e-105	387	al1_v2_s
AL2G20030	scaffold_6_RagTag	86.895	351	35	7	2754	3093	11665970	11665620	3.66e-104	383	al1_v2_s
AL2G20030	scaffold_6_RagTag	87.952	332	29	8	2770	3090	8720495	8720826	1.32e-103	381	al1_v2_s
AL2G20030	scaffold_6_RagTag	86.723	354	34	7	2753	3093	21841577	21841224	1.32e-103	381	al1_v2_s
AL2G20030	scaffold_6_RagTag	86.236	356	38	6	2753	3097	20464882	20464527	6.13e-102	375	al1_v2_s
AL2G20030	scaffold_6_RagTag	86.364	352	36	7	2753	3092	20147122	20146771	2.21e-101	374	al1_v2_s
AL2G20030	scaffold_6_RagTag	86.842	342	33	6	2754	3083	14168092	14167751	7.93e-101	372	al1_v2_s
AL2G20030	scaffold_6_RagTag	86.51	341	35	6	2753	3082	26422367	26422707	1.33e-98	364	al1_v2_s
AL2G20030	scaffold_6_RagTag	86.747	332	32	9	2756	3076	20397948	20397618	6.17e-97	359	al1_v2_s
AL2G20030	scaffold_6_RagTag	84.703	353	42	8	2753	3093	26252741	26253093	6.22e-92	342	al1_v2_s
AL2G20030	scaffold_6_RagTag	89.529	191	20	0	2899	3089	26421829	26421639	6.49e-62	243	al1_v2_s
AL2G20030	scaffold_6_RagTag	77.295	414	70	10	3869	4260	4929301	4928890	8.45e-56	222	al1_v2_s
AL2G20030	scaffold_2_RagTag	92.261	1150	77	6	31	1177	12536233	12537373	0	1620	al1_v2_s
AL2G20030	scaffold_2_RagTag	92.147	1146	80	6	31	1176	12267388	12268523	0	1609	al1_v2_s
AL2G20030	scaffold_2_RagTag	98.681	910	6	4	2415	3318	12494460	12495369	0	1609	al1_v2_s
AL2G20030	scaffold_2_RagTag	90.196	1020	79	15	165	1181	12827996	12826995	0	1310	al1_v2_s
AL2G20030	scaffold_2_RagTag	89.706	1020	85	14	165	1181	12348063	12347061	0	1284	al1_v2_s
AL2G20030	scaffold_2_RagTag	89.355	1024	88	15	161	1181	12642060	12641055	0	1267	al1_v2_s
AL2G20030	scaffold_2_RagTag	95.402	696	22	2	39	724	12482021	12482716	0	1099	al1_v2_s
AL2G20030	scaffold_2_RagTag	94.246	643	26	1	3869	4500	15319472	15320114	0	972	al1_v2_s
AL2G20030	scaffold_2_RagTag	93.9	623	37	1	559	1181	12475269	12475890	0	939	al1_v2_s
AL2G20030	scaffold_2_RagTag	93.008	615	31	3	3888	4490	13208659	13208045	0	887	al1_v2_s
AL2G20030	scaffold_2_RagTag	99.215	382	3	0	2039	2420	12482733	12483114	0	689	al1_v2_s
AL2G20030	scaffold_2_RagTag	83.601	622	72	20	601	1211	12263884	12264486	2.04e-156	556	al1_v2_s
AL2G20030	scaffold_2_RagTag	83.36	619	77	18	601	1211	12471136	12471736	3.41e-154	549	al1_v2_s
AL2G20030	scaffold_2_RagTag	89.26	419	26	11	1208	1617	12264347	12264755	2.08e-141	507	al1_v2_s
AL2G20030	scaffold_2_RagTag	88.462	416	33	9	1208	1617	12471599	12472005	7.55e-136	488	al1_v2_s
AL2G20030	scaffold_2_RagTag	87.907	430	26	13	1208	1620	12827097	12826677	3.51e-134	483	al1_v2_s
AL2G20030	scaffold_2_RagTag	87.588	427	28	14	1208	1617	12537274	12537692	7.6e-131	472	al1_v2_s
AL2G20030	scaffold_2_RagTag	87.15	428	31	12	1208	1620	12641157	12640739	1.27e-128	464	al1_v2_s
AL2G20030	scaffold_2_RagTag	86.854	426	32	14	1208	1617	12475787	12476204	7.66e-126	455	al1_v2_s
AL2G20030	scaffold_2_RagTag	86.111	432	28	18	1208	1617	12268425	12268846	2.77e-120	436	al1_v2_s
AL2G20030	scaffold_2_RagTag	89.254	335	20	11	2758	3080	14040803	14040473	7.82e-111	405	al1_v2_s
AL2G20030	scaffold_2_RagTag	89.744	312	21	5	1311	1620	12347023	12346721	7.88e-106	388	al1_v2_s
AL2G20030	scaffold_2_RagTag	99.526	211	1	0	3563	3773	12495362	12495572	1.02e-104	385	al1_v2_s
AL2G20030	scaffold_2_RagTag	86.628	344	35	6	2753	3085	18944871	18944528	2.85e-100	370	al1_v2_s
AL2G20030	scaffold_2_RagTag	87.5	328	30	5	2754	3070	1321841	1321514	1.03e-99	368	al1_v2_s
AL2G20030	scaffold_2_RagTag	81.174	494	47	27	53	527	12263389	12263855	7.99e-96	355	al1_v2_s
AL2G20030	scaffold_2_RagTag	86.728	324	32	6	2753	3065	7525423	7525746	3.72e-94	350	al1_v2_s
AL2G20030	scaffold_2_RagTag	81.538	455	41	25	53	491	12470634	12471061	1.04e-89	335	al1_v2_s
AL2G20030	scaffold_2_RagTag	86.799	303	27	9	2753	3044	22768162	22767862	6.26e-87	326	al1_v2_s
AL2G20030	scaffold_2_RagTag	86.007	293	36	5	161	451	12474930	12475219	6.31e-82	309	al1_v2_s
AL2G20030	scaffold_2_RagTag	83.548	310	41	9	4196	4500	15320115	15319811	1.38e-73	281	al1_v2_s
AL2G20030	scaffold_2_RagTag	89.381	226	19	5	4278	4500	13208341	13208118	4.95e-73	279	al1_v2_s
AL2G20030	scaffold_2_RagTag	82.637	311	45	9	4153	4459	15320077	15319772	3.85e-69	267	al1_v2_s
AL2G20030	scaffold_2_RagTag	90.196	204	16	4	165	366	12644237	12644036	4.98e-68	263	al1_v2_s
AL2G20030	scaffold_2_RagTag	83.929	280	37	7	4183	4459	13208104	13208378	1.79e-67	261	al1_v2_s
AL2G20030	scaffold_2_RagTag	82.566	304	41	10	4204	4500	13208041	13208339	2.32e-66	257	al1_v2_s
AL2G20030	scaffold_2_RagTag	85.837	233	24	7	4195	4423	15319892	15320119	8.39e-61	239	al1_v2_s
AL2G20030	scaffold_2_RagTag	83.083	266	36	8	4239	4500	15319772	15320032	3.91e-59	233	al1_v2_s
AL2G20030	scaffold_2_RagTag	82.432	222	31	7	4195	4412	13208258	13208041	3.08e-45	187	al1_v2_s
AL2G20030	scaffold_2_RagTag	80.357	224	36	6	4158	4377	15319991	15319772	5.2e-38	163	al1_v2_s
AL2G20030	scaffold_2_RagTag	78.495	186	29	10	4158	4337	15319935	15320115	1.91e-22	111	al1_v2_s
AL2G20030	scaffold_2_RagTag	96.364	55	2	0	31	85	12474748	12474802	2.49e-16	91.6	al1_v2_s
AL2G20030	scaffold_2_RagTag	96.226	53	2	0	1568	1620	12826575	12826523	3.22e-15	87.9	al1_v2_s
AL2G20030	scaffold_2_RagTag	91.803	61	5	0	3022	3082	8302787	8302847	1.16e-14	86.1	al1_v2_s
AL2G20030	scaffold_2_RagTag	100	44	0	0	3869	3912	13208691	13208648	1.5e-13	82.4	al1_v2_s
AL2G20030	scaffold_2_RagTag	95.918	49	2	0	1568	1616	12472000	12472048	5.38e-13	80.5	al1_v2_s
AL2G20030	scaffold_2_RagTag	95.833	48	2	0	1570	1617	12264752	12264799	1.94e-12	78.7	al1_v2_s
AL2G20030	scaffold_2_RagTag	95.833	48	2	0	1570	1617	12264796	12264843	1.94e-12	78.7	al1_v2_s
AL2G20030	scaffold_2_RagTag	95.833	48	2	0	1570	1617	12264884	12264931	1.94e-12	78.7	al1_v2_s
AL2G20030	scaffold_2_RagTag	97.778	45	1	0	1568	1612	12476199	12476243	1.94e-12	78.7	al1_v2_s
AL2G20030	scaffold_2_RagTag	100	38	0	0	1573	1610	12472046	12472083	3.24e-10	71.3	al1_v2_s
AL2G20030	scaffold_2_RagTag	88.136	59	2	5	190	248	12642115	12642062	1.51e-08	65.8	al1_v2_s
AL2G20030	scaffold_2_RagTag	100	28	0	0	137	164	12642062	12642035	0.000117	52.8	al1_v2_s
AL2G20030	scaffold_3_RagTag	94.574	645	24	1	3867	4500	10522970	10523614	0	987	al1_v2_s
AL2G20030	scaffold_3_RagTag	88.286	350	30	6	2753	3091	9971445	9971794	6.05e-112	409	al1_v2_s
AL2G20030	scaffold_3_RagTag	88.663	344	28	6	2753	3085	22475583	22475240	6.05e-112	409	al1_v2_s
AL2G20030	scaffold_3_RagTag	88.184	347	30	7	2753	3088	13624638	13624292	2.81e-110	403	al1_v2_s
AL2G20030	scaffold_3_RagTag	87.798	336	28	6	2753	3076	5511401	5511735	1.32e-103	381	al1_v2_s
AL2G20030	scaffold_3_RagTag	90.066	302	17	7	2753	3043	14051482	14051781	4.74e-103	379	al1_v2_s
AL2G20030	scaffold_3_RagTag	87.346	324	29	8	2753	3065	4780919	4781241	1.72e-97	361	al1_v2_s
AL2G20030	scaffold_3_RagTag	85.714	350	36	8	2744	3082	13868199	13868545	2.22e-96	357	al1_v2_s
AL2G20030	scaffold_3_RagTag	87.291	299	27	6	2805	3092	21270914	21270616	1.35e-88	331	al1_v2_s
AL2G20030	scaffold_3_RagTag	84.691	307	38	8	4195	4497	10523616	10523315	1.37e-78	298	al1_v2_s
AL2G20030	scaffold_3_RagTag	87.931	232	21	6	4195	4423	10523392	10523619	3.85e-69	267	al1_v2_s
AL2G20030	scaffold_3_RagTag	82.68	306	45	8	4158	4459	10523573	10523272	1.38e-68	265	al1_v2_s
AL2G20030	scaffold_3_RagTag	86.818	220	25	4	4283	4500	10523315	10523532	6.49e-62	243	al1_v2_s
AL2G20030	scaffold_3_RagTag	98.02	101	0	2	3774	3872	14944626	14944526	2.4e-41	174	al1_v2_s
AL2G20030	scaffold_3_RagTag	83.708	178	26	2	4158	4333	10523491	10523315	1.44e-38	165	al1_v2_s
AL2G20030	scaffold_3_RagTag	78.226	248	39	9	4024	4260	20991268	20991511	1.88e-32	145	al1_v2_s
AL2G20030	scaffold_3_RagTag	79.255	188	30	8	4158	4340	10523435	10523618	8.82e-26	122	al1_v2_s
AL2G20030	scaffold_8_RagTag	94.216	657	15	6	1902	2554	251070	250433	0	981	al1_v2_s
AL2G20030	scaffold_8_RagTag	90.93	430	14	5	3866	4284	13497786	13497371	7.34e-156	555	al1_v2_s
AL2G20030	scaffold_8_RagTag	89.15	341	26	6	2753	3082	4872457	4872797	1.3e-113	414	al1_v2_s
AL2G20030	scaffold_8_RagTag	88.304	342	28	9	2753	3082	20155394	20155053	3.64e-109	399	al1_v2_s
AL2G20030	scaffold_8_RagTag	87.977	341	30	6	2753	3082	10393059	10393399	6.09e-107	392	al1_v2_s
AL2G20030	scaffold_8_RagTag	87.393	349	33	6	2753	3090	16638340	16637992	2.19e-106	390	al1_v2_s
AL2G20030	scaffold_8_RagTag	86.994	346	34	6	2754	3088	18361783	18361438	4.74e-103	379	al1_v2_s
AL2G20030	scaffold_8_RagTag	86.494	348	31	8	2753	3089	17208727	17209069	1.03e-99	368	al1_v2_s
AL2G20030	scaffold_8_RagTag	86.471	340	36	6	2753	3082	4639353	4639014	1.33e-98	364	al1_v2_s
AL2G20030	scaffold_8_RagTag	87.346	324	30	5	2770	3082	9429788	9429465	1.72e-97	361	al1_v2_s
AL2G20030	scaffold_8_RagTag	85.417	336	35	7	2756	3077	5663862	5663527	2.89e-90	337	al1_v2_s
AL2G20030	scaffold_8_RagTag	95.261	211	6	2	3563	3773	250110	249904	1.35e-88	331	al1_v2_s
AL2G20030	scaffold_8_RagTag	89.804	255	18	7	3315	3562	9253504	9253757	2.91e-85	320	al1_v2_s
AL2G20030	scaffold_8_RagTag	77.108	415	69	12	3869	4260	1623311	1622900	3.93e-54	217	al1_v2_s
AL2G20030	scaffold_8_RagTag	84.483	232	19	5	3087	3318	250317	250103	5.09e-53	213	al1_v2_s
AL2G20030	scaffold_8_RagTag	97.03	101	0	3	3774	3872	12966138	12966039	4.02e-39	167	al1_v2_s
AL2G20030	scaffold_8_RagTag	95.098	102	4	1	2652	2752	250418	250317	6.72e-37	159	al1_v2_s
AL2G20030	scaffold_8_RagTag	82.857	175	28	2	4086	4260	11692379	11692551	8.7e-36	156	al1_v2_s
AL2G20030	scaffold_8_RagTag	84.416	154	10	4	2754	2904	20199211	20199353	8.76e-31	139	al1_v2_s
AL2G20030	scaffold_8_RagTag	82.946	129	18	4	4332	4459	13497371	13497496	5.31e-23	113	al1_v2_s
AL2G20030	scaffold_8_RagTag	93.056	72	5	0	4414	4485	13497371	13497442	8.88e-21	106	al1_v2_s
AL2G20030	scaffold_8_RagTag	88.571	70	6	2	4195	4263	10345010	10345078	4.16e-14	84.2	al1_v2_s
AL2G20030	scaffold_8_RagTag	97.872	47	1	0	1845	1891	251107	251061	1.5e-13	82.4	al1_v2_s
AL2G20030	scaffold_7_RagTag	93.012	644	33	3	3869	4500	7393862	7394505	0	929	al1_v2_s
AL2G20030	scaffold_7_RagTag	88.856	341	27	6	2753	3082	13353044	13353384	6.05e-112	409	al1_v2_s
AL2G20030	scaffold_7_RagTag	88.563	341	28	7	2753	3082	12644694	12645034	2.81e-110	403	al1_v2_s
AL2G20030	scaffold_7_RagTag	87.606	355	33	6	2753	3096	2893192	2892838	1.01e-109	401	al1_v2_s
AL2G20030	scaffold_7_RagTag	88.529	340	28	7	2753	3081	7025789	7025450	1.01e-109	401	al1_v2_s
AL2G20030	scaffold_7_RagTag	87.43	358	33	7	2753	3098	24998504	24998147	1.01e-109	401	al1_v2_s
AL2G20030	scaffold_7_RagTag	87.535	353	32	7	2753	3093	16409410	16409762	1.31e-108	398	al1_v2_s
AL2G20030	scaffold_7_RagTag	87.5	352	32	6	2753	3092	14041097	14040746	4.71e-108	396	al1_v2_s
AL2G20030	scaffold_7_RagTag	87.216	352	32	9	2753	3092	557377	557027	7.88e-106	388	al1_v2_s
AL2G20030	scaffold_7_RagTag	87.356	348	33	6	2753	3089	20915416	20915763	7.88e-106	388	al1_v2_s
AL2G20030	scaffold_7_RagTag	87.683	341	31	6	2753	3082	22983378	22983038	2.83e-105	387	al1_v2_s
AL2G20030	scaffold_7_RagTag	86.686	353	32	8	2754	3091	17590537	17590889	1.7e-102	377	al1_v2_s
AL2G20030	scaffold_7_RagTag	87.059	340	34	5	2753	3082	11777720	11778059	6.13e-102	375	al1_v2_s
AL2G20030	scaffold_7_RagTag	86.571	350	36	7	2753	3091	25575674	25576023	6.13e-102	375	al1_v2_s
AL2G20030	scaffold_7_RagTag	88.818	313	24	8	2753	3054	20855396	20855708	2.21e-101	374	al1_v2_s
AL2G20030	scaffold_7_RagTag	87.774	319	27	8	2752	3059	6744048	6743731	4.77e-98	363	al1_v2_s
AL2G20030	scaffold_7_RagTag	88.85	287	22	7	2753	3032	25563486	25563769	1.73e-92	344	al1_v2_s
AL2G20030	scaffold_7_RagTag	86.913	298	28	6	2753	3039	22544073	22543776	2.25e-86	324	al1_v2_s
AL2G20030	scaffold_7_RagTag	84.164	341	30	7	2754	3082	11897842	11898170	6.31e-82	309	al1_v2_s
AL2G20030	scaffold_7_RagTag	90.83	229	10	2	3869	4086	5194429	5194657	4.91e-78	296	al1_v2_s
AL2G20030	scaffold_7_RagTag	90.83	229	10	2	3869	4086	5249460	5249688	4.91e-78	296	al1_v2_s
AL2G20030	scaffold_7_RagTag	89.381	226	19	5	4278	4500	7394199	7394422	4.95e-73	279	al1_v2_s
AL2G20030	scaffold_7_RagTag	87.449	247	22	5	3318	3562	14481614	14481375	6.4e-72	276	al1_v2_s
AL2G20030	scaffold_7_RagTag	82.637	311	45	9	4195	4500	7394507	7394201	3.85e-69	267	al1_v2_s
AL2G20030	scaffold_7_RagTag	84.644	267	35	6	4195	4459	7394424	7394162	1.79e-67	261	al1_v2_s
AL2G20030	scaffold_7_RagTag	89.529	191	20	0	2900	3090	15148526	15148716	6.49e-62	243	al1_v2_s
AL2G20030	scaffold_7_RagTag	83.691	233	30	7	4195	4423	7394282	7394510	5.09e-53	213	al1_v2_s
AL2G20030	scaffold_7_RagTag	76.627	415	71	13	3869	4260	17645833	17645422	8.51e-51	206	al1_v2_s
AL2G20030	scaffold_7_RagTag	76.739	417	68	17	3869	4260	25731617	25732029	8.51e-51	206	al1_v2_s
AL2G20030	scaffold_7_RagTag	76.499	417	71	11	3869	4260	12116205	12115791	1.1e-49	202	al1_v2_s
AL2G20030	scaffold_7_RagTag	78.421	190	29	10	4158	4340	7394325	7394509	5.31e-23	113	al1_v2_s
AL2G20030	scaffold_4_RagTag	84.838	554	37	23	3888	4423	11260607	11261131	1.25e-143	514	al1_v2_s
AL2G20030	scaffold_4_RagTag	87.228	368	33	11	2753	3107	24649811	24649445	2.17e-111	407	al1_v2_s
AL2G20030	scaffold_4_RagTag	87.675	357	32	7	2753	3097	15403045	15402689	7.82e-111	405	al1_v2_s
AL2G20030	scaffold_4_RagTag	88.081	344	34	4	2753	3092	20442757	20442417	1.01e-109	401	al1_v2_s
AL2G20030	scaffold_4_RagTag	87.977	341	30	6	2753	3082	21022956	21023296	6.09e-107	392	al1_v2_s
AL2G20030	scaffold_4_RagTag	86.628	344	35	6	2753	3085	19475573	19475230	2.85e-100	370	al1_v2_s
AL2G20030	scaffold_4_RagTag	89.109	202	22	0	2882	3083	2294640	2294841	1.08e-64	252	al1_v2_s
AL2G20030	scaffold_4_RagTag	77.003	387	70	8	3888	4260	11690018	11689637	3.06e-50	204	al1_v2_s
AL2G20030	scaffold_4_RagTag	94.595	111	1	5	3766	3872	19886332	19886441	4.02e-39	167	al1_v2_s
AL2G20030	scaffold_4_RagTag	84.507	142	17	5	4195	4333	11261059	11260920	1.13e-29	135	al1_v2_s
AL2G20030	scaffold_4_RagTag	87.671	73	7	2	4189	4261	11261063	11261133	4.16e-14	84.2	al1_v2_s
AL2G20030	scaffold_5_RagTag	88.889	351	28	8	2753	3092	4232954	4233304	7.76e-116	422	al1_v2_s
AL2G20030	scaffold_5_RagTag	88.636	352	28	9	2753	3092	268133	267782	1e-114	418	al1_v2_s
AL2G20030	scaffold_5_RagTag	89.15	341	26	8	2753	3082	14213435	14213775	1.3e-113	414	al1_v2_s
AL2G20030	scaffold_5_RagTag	88.563	341	28	6	2749	3078	14533474	14533134	2.81e-110	403	al1_v2_s
AL2G20030	scaffold_5_RagTag	86.686	353	35	6	2753	3093	1076693	1076341	1.32e-103	381	al1_v2_s
AL2G20030	scaffold_5_RagTag	87.172	343	33	6	2753	3084	11128760	11128418	4.74e-103	379	al1_v2_s
AL2G20030	scaffold_5_RagTag	85.994	357	37	9	2753	3097	10410573	10410928	2.85e-100	370	al1_v2_s
AL2G20030	scaffold_5_RagTag	76.754	456	65	20	3869	4296	16145917	16145475	3.93e-54	217	al1_v2_s
AL2G20030	scaffold_5_RagTag	89.08	174	18	1	2920	3092	11512875	11512702	1.41e-53	215	al1_v2_s
AL2G20030	scaffold_5_RagTag	76.329	414	74	10	3869	4260	594381	594792	3.96e-49	200	al1_v2_s
AL2G20030	scaffold_5_RagTag	75.904	415	63	15	3869	4260	13607145	13607545	1.86e-42	178	al1_v2_s
AL2G20030	scaffold_5_RagTag	98.02	101	0	2	3774	3872	6660309	6660209	2.4e-41	174	al1_v2_s
AL2G20070	scaffold_2_RagTag	98.403	1315	20	1	1	1314	12536170	12537484	0	2311	al1_v2_s
AL2G20070	scaffold_2_RagTag	97.72	1316	24	3	1	1314	12267325	12268636	0	2259	al1_v2_s
AL2G20070	scaffold_2_RagTag	92.404	1119	71	11	201	1314	12827996	12826887	0	1583	al1_v2_s
AL2G20070	scaffold_2_RagTag	92.15	1121	76	10	197	1314	12642060	12640949	0	1572	al1_v2_s
AL2G20070	scaffold_2_RagTag	90.009	1141	79	10	201	1314	12348063	12346931	0	1443	al1_v2_s
AL2G20070	scaffold_2_RagTag	93.964	729	43	1	586	1314	12475269	12475996	0	1101	al1_v2_s
AL2G20070	scaffold_2_RagTag	88.218	696	66	6	72	751	12482021	12482716	0	817	al1_v2_s
AL2G20070	scaffold_2_RagTag	86.067	689	67	21	628	1314	12471136	12471797	0	713	al1_v2_s
AL2G20070	scaffold_2_RagTag	85.962	691	66	23	628	1314	12263884	12264547	0	710	al1_v2_s
AL2G20070	scaffold_2_RagTag	91.126	293	21	5	197	487	12474930	12475219	1.81e-107	392	al1_v2_s
AL2G20070	scaffold_2_RagTag	79.724	508	54	28	80	566	12263380	12263859	2.41e-86	322	al1_v2_s
AL2G20070	scaffold_2_RagTag	91.928	223	13	5	201	420	12644237	12644017	6.74e-82	307	al1_v2_s
AL2G20070	scaffold_2_RagTag	79.449	472	52	25	80	534	12470625	12471068	1.89e-77	292	al1_v2_s
AL2G20070	scaffold_2_RagTag	88.235	187	8	6	4	185	12642299	12642122	5.44e-53	211	al1_v2_s
AL2G20070	scaffold_2_RagTag	98.701	77	1	0	1	77	12481148	12481224	9.36e-31	137	al1_v2_s
AL2G20070	scaffold_2_RagTag	84.167	120	13	3	1	120	12474688	12474801	5.67e-23	111	al1_v2_s
AL2G20070	scaffold_2_RagTag	88.136	59	2	5	226	284	12642115	12642062	4.48e-09	65.8	al1_v2_s
AL2G20070	scaffold_2_RagTag	100	28	0	0	173	200	12642062	12642035	3.49e-05	52.8	al1_v2_s
AL2G20070	scaffold_1_RagTag	98.402	1314	21	0	1	1314	24772724	24774037	0	2311	al1_v2_s
AL2G20070	scaffold_1_RagTag	94.102	729	37	2	586	1314	24712859	24713581	0	1103	al1_v2_s
AL2G20070	scaffold_1_RagTag	94.487	653	21	4	674	1314	24864752	24865401	0	992	al1_v2_s
AL2G20070	scaffold_1_RagTag	89.57	767	64	6	1	751	24718920	24719686	0	959	al1_v2_s
AL2G20070	scaffold_1_RagTag	86.647	689	71	15	628	1314	24709086	24709755	0	743	al1_v2_s
AL2G20070	scaffold_1_RagTag	91.468	293	20	5	197	487	24712520	24712809	3.89e-109	398	al1_v2_s
AL2G20070	scaffold_1_RagTag	88.782	312	28	7	197	508	24864364	24864668	1.82e-102	375	al1_v2_s
AL2G20070	scaffold_1_RagTag	79.237	472	53	25	80	534	24708575	24709018	8.78e-76	287	al1_v2_s
AL2G20070	scaffold_1_RagTag	88.028	142	6	3	36	175	24864162	24864294	7.19e-37	158	al1_v2_s
AL2G20070	scaffold_1_RagTag	80.814	172	22	8	1	167	24712259	24712424	7.29e-27	124	al1_v2_s
AL2G20070	scaffold_1_RagTag	92.537	67	4	1	533	599	24864664	24864729	5.71e-18	95.3	al1_v2_s
AL2G20070	scaffold_6_RagTag	91.333	750	44	7	568	1317	14882300	14881572	0	1005	al1_v2_s
AL2G20070	scaffold_6_RagTag	87.967	482	33	2	64	545	14882830	14882374	1.31e-153	545	al1_v2_s
AL2G20200	scaffold_2_RagTag	98.075	1922	19	3	1	1905	12346250	12348170	0	3328	al1_v2_s
AL2G20200	scaffold_2_RagTag	97.622	1388	26	2	416	1803	12826621	12828001	0	2374	al1_v2_s
AL2G20200	scaffold_2_RagTag	97.557	1392	21	5	416	1806	12640683	12642062	0	2370	al1_v2_s
AL2G20200	scaffold_2_RagTag	90.113	1588	117	28	239	1798	12537945	12536370	0	2026	al1_v2_s
AL2G20200	scaffold_2_RagTag	90.385	1352	106	16	460	1798	12268861	12267521	0	1755	al1_v2_s
AL2G20200	scaffold_2_RagTag	89.661	1238	80	20	186	1413	12476468	12475269	0	1533	al1_v2_s
AL2G20200	scaffold_2_RagTag	84.515	1382	137	34	14	1371	12472464	12471136	0	1295	al1_v2_s
AL2G20200	scaffold_2_RagTag	86.771	960	94	17	416	1371	12264814	12263884	0	1038	al1_v2_s
AL2G20200	scaffold_2_RagTag	97.175	531	13	2	1	530	12640201	12640730	0	896	al1_v2_s
AL2G20200	scaffold_2_RagTag	94.162	531	26	4	1	530	12826098	12826624	0	804	al1_v2_s
AL2G20200	scaffold_2_RagTag	86.833	562	61	9	1248	1798	12482716	12482157	1.39e-174	616	al1_v2_s
AL2G20200	scaffold_2_RagTag	99.029	309	3	0	1597	1905	12644036	12644344	3.08e-156	555	al1_v2_s
AL2G20200	scaffold_2_RagTag	85.598	493	37	12	23	492	12643529	12644010	1.14e-135	486	al1_v2_s
AL2G20200	scaffold_2_RagTag	83.619	525	51	24	14	530	12265352	12264855	6.91e-128	460	al1_v2_s
AL2G20200	scaffold_2_RagTag	90.615	309	24	4	1515	1821	12475216	12474911	3.28e-111	405	al1_v2_s
AL2G20200	scaffold_2_RagTag	84.097	371	34	13	1433	1786	12263859	12263497	4.37e-90	335	al1_v2_s
AL2G20200	scaffold_2_RagTag	89.615	260	20	2	239	497	12269033	12268780	9.46e-87	324	al1_v2_s
AL2G20200	scaffold_2_RagTag	82.275	378	35	16	1433	1786	12471111	12470742	5.73e-79	298	al1_v2_s
AL2G20200	scaffold_2_RagTag	100	121	0	0	1785	1905	12828014	12828134	9.87e-57	224	al1_v2_s
AL2G20200	scaffold_2_RagTag	92.174	115	8	1	416	530	12264902	12264789	7.85e-38	161	al1_v2_s
AL2G20200	scaffold_2_RagTag	91.304	115	9	1	416	530	12264858	12264745	3.65e-36	156	al1_v2_s
AL2G20200	scaffold_2_RagTag	91.304	115	9	1	416	530	12264924	12264811	3.65e-36	156	al1_v2_s
AL2G20200	scaffold_2_RagTag	92.523	107	8	0	416	522	12826577	12826683	1.31e-35	154	al1_v2_s
AL2G20200	scaffold_2_RagTag	85.714	112	4	7	14	124	12476600	12476500	1.04e-21	108	al1_v2_s
AL2G20200	scaffold_2_RagTag	92.958	71	4	1	460	530	12264968	12264899	4.82e-20	102	al1_v2_s
AL2G20200	scaffold_2_RagTag	92.424	66	5	0	416	481	12264770	12264705	8.07e-18	95.3	al1_v2_s
AL2G20200	scaffold_2_RagTag	83.505	97	12	4	69	163	12538043	12537949	1.35e-15	87.9	al1_v2_s
AL2G20200	scaffold_2_RagTag	82.474	97	13	4	69	163	12269131	12269037	6.28e-14	82.4	al1_v2_s
AL2G20200	scaffold_2_RagTag	95.918	49	1	1	482	530	12826511	12826558	8.13e-13	78.7	al1_v2_s
AL2G20200	scaffold_1_RagTag	90.579	1571	119	17	239	1798	24774476	24772924	0	2054	al1_v2_s
AL2G20200	scaffold_1_RagTag	89.15	1235	80	19	186	1413	24714046	24712859	0	1489	al1_v2_s
AL2G20200	scaffold_1_RagTag	99.53	638	3	0	1	638	24870220	24869583	0	1162	al1_v2_s
AL2G20200	scaffold_1_RagTag	94.993	699	21	9	633	1321	24865450	24864756	0	1085	al1_v2_s
AL2G20200	scaffold_1_RagTag	87.161	958	97	14	416	1371	24710019	24709086	0	1064	al1_v2_s
AL2G20200	scaffold_1_RagTag	87.189	562	59	9	1248	1798	24719686	24719127	6.44e-178	627	al1_v2_s
AL2G20200	scaffold_1_RagTag	92.492	333	14	4	1491	1821	24864668	24864345	1.48e-129	466	al1_v2_s
AL2G20200	scaffold_1_RagTag	90.939	309	23	4	1515	1821	24712806	24712501	7.06e-113	411	al1_v2_s
AL2G20200	scaffold_1_RagTag	82.011	378	36	16	1433	1786	24709061	24708692	2.67e-77	292	al1_v2_s
AL2G20200	scaffold_1_RagTag	85.714	112	4	7	14	124	24714178	24714078	1.04e-21	108	al1_v2_s
AL2G20200	scaffold_1_RagTag	95.522	67	2	1	1400	1466	24864729	24864664	3.73e-21	106	al1_v2_s
AL2G20200	scaffold_1_RagTag	79.114	158	11	7	23	167	24863006	24862858	3.76e-16	89.8	al1_v2_s
AL2G20200	scaffold_1_RagTag	82.474	97	13	4	69	163	24774574	24774480	6.28e-14	82.4	al1_v2_s
AL2G20200	scaffold_6_RagTag	89.247	1023	73	21	416	1431	14881308	14882300	0	1245	al1_v2_s
AL2G20200	scaffold_6_RagTag	86.649	382	41	8	1446	1821	14882366	14882743	5.45e-114	414	al1_v2_s
AL2G20200	scaffold_6_RagTag	93.651	63	4	0	416	478	14881352	14881414	8.07e-18	95.3	al1_v2_s
AL6G40220	scaffold_2_RagTag	89.346	1530	105	15	1	1483	12537751	12536233	0	1869	al1_v2_s
AL6G40220	scaffold_2_RagTag	88.627	1486	109	17	46	1483	12268861	12267388	0	1753	al1_v2_s
AL6G40220	scaffold_2_RagTag	88.588	1402	111	26	1	1374	12826621	12828001	0	1657	al1_v2_s
AL6G40220	scaffold_2_RagTag	87.723	1401	127	25	1	1377	12640683	12642062	0	1592	al1_v2_s
AL6G40220	scaffold_2_RagTag	91.168	985	63	4	14	977	12476250	12475269	0	1315	al1_v2_s
AL6G40220	scaffold_2_RagTag	88.443	1047	95	18	355	1396	12347061	12348086	0	1240	al1_v2_s
AL6G40220	scaffold_2_RagTag	86.632	950	93	20	1	935	12264814	12263884	0	1020	al1_v2_s
AL6G40220	scaffold_2_RagTag	86.181	948	96	22	1	935	12472061	12471136	0	992	al1_v2_s
AL6G40220	scaffold_2_RagTag	92.96	696	17	3	812	1475	12482716	12482021	0	985	al1_v2_s
AL6G40220	scaffold_2_RagTag	91.268	355	28	3	1	355	12346665	12347016	4.2e-134	481	al1_v2_s
AL6G40220	scaffold_2_RagTag	81.781	483	42	24	1009	1461	12263855	12263389	1.59e-98	363	al1_v2_s
AL6G40220	scaffold_2_RagTag	82.444	450	36	22	1039	1461	12471067	12470634	9.54e-96	353	al1_v2_s
AL6G40220	scaffold_2_RagTag	85.358	321	40	6	1085	1403	12475219	12474904	2.08e-87	326	al1_v2_s
AL6G40220	scaffold_2_RagTag	87.446	231	19	8	1170	1396	12644036	12644260	7.7e-67	257	al1_v2_s
AL6G40220	scaffold_2_RagTag	95.327	107	4	1	1	107	12264858	12264753	3.71e-40	169	al1_v2_s
AL6G40220	scaffold_2_RagTag	95.327	107	4	1	1	107	12264902	12264797	3.71e-40	169	al1_v2_s
AL6G40220	scaffold_2_RagTag	95.327	107	4	1	1	107	12826577	12826682	3.71e-40	169	al1_v2_s
AL6G40220	scaffold_2_RagTag	92.793	111	7	1	1	111	12826533	12826642	2.23e-37	159	al1_v2_s
AL6G40220	scaffold_2_RagTag	93.458	107	6	1	1	107	12264946	12264841	8.03e-37	158	al1_v2_s
AL6G40220	scaffold_2_RagTag	97.647	85	1	1	23	107	12264968	12264885	6.25e-33	145	al1_v2_s
AL6G40220	scaffold_2_RagTag	90.654	107	9	1	1	107	12640617	12640722	8.09e-32	141	al1_v2_s
AL6G40220	scaffold_2_RagTag	91.765	85	6	1	23	107	12640617	12640700	1.36e-24	117	al1_v2_s
AL6G40220	scaffold_2_RagTag	79.412	204	8	13	1288	1483	12642062	12642239	1.76e-23	113	al1_v2_s
AL6G40220	scaffold_2_RagTag	89.888	89	5	2	23	111	12472083	12471999	6.34e-23	111	al1_v2_s
AL6G40220	scaffold_2_RagTag	80.114	176	13	13	1309	1483	12474902	12474748	6.34e-23	111	al1_v2_s
AL6G40220	scaffold_2_RagTag	93.939	66	4	0	46	111	12826511	12826576	1.37e-19	100	al1_v2_s
AL6G40220	scaffold_2_RagTag	94.34	53	3	0	59	111	12476250	12476198	4.97e-14	82.4	al1_v2_s
AL6G40220	scaffold_2_RagTag	95.556	45	1	1	1	45	12826687	12826730	1.08e-10	71.3	al1_v2_s
AL6G40220	scaffold_2_RagTag	97.368	38	1	0	68	105	12472083	12472046	5.01e-09	65.8	al1_v2_s
AL6G40220	scaffold_1_RagTag	89.209	1529	108	14	1	1483	24774304	24772787	0	1857	al1_v2_s
AL6G40220	scaffold_1_RagTag	90.457	985	58	9	14	977	24713828	24712859	0	1266	al1_v2_s
AL6G40220	scaffold_1_RagTag	93.608	704	13	3	812	1483	24719686	24718983	0	1022	al1_v2_s
AL6G40220	scaffold_1_RagTag	85.774	956	93	24	1	935	24710019	24709086	0	972	al1_v2_s
AL6G40220	scaffold_1_RagTag	87.933	721	48	22	221	910	24865450	24864738	0	813	al1_v2_s
AL6G40220	scaffold_1_RagTag	82.222	450	37	22	1039	1461	24709017	24708584	4.44e-94	348	al1_v2_s
AL6G40220	scaffold_1_RagTag	85.358	321	40	6	1085	1403	24712809	24712494	2.08e-87	326	al1_v2_s
AL6G40220	scaffold_1_RagTag	82.514	183	12	13	1309	1483	24712492	24712322	2.25e-32	143	al1_v2_s
AL6G40220	scaffold_1_RagTag	88.288	111	5	2	1375	1483	24864294	24864190	2.26e-27	126	al1_v2_s
AL6G40220	scaffold_1_RagTag	91.566	83	3	2	29	111	24710035	24709957	6.34e-23	111	al1_v2_s
AL6G40220	scaffold_1_RagTag	93.548	62	4	0	46	107	24869805	24869744	2.3e-17	93.5	al1_v2_s
AL6G40220	scaffold_1_RagTag	91.935	62	5	0	46	107	24774304	24774243	1.07e-15	87.9	al1_v2_s
AL6G40220	scaffold_1_RagTag	94.34	53	3	0	59	111	24713828	24713776	4.97e-14	82.4	al1_v2_s
AL6G40220	scaffold_6_RagTag	98.635	1026	12	2	1	1026	14881308	14882331	0	1816	al1_v2_s
AL6G40220	scaffold_6_RagTag	99.192	495	4	0	1019	1513	14882366	14882860	0	893	al1_v2_s
AL2G20010	scaffold_2_RagTag	96.094	1536	41	4	1	1536	11024968	11026484	0	2486	AL27_v1
AL2G20010	scaffold_2_RagTag	94.932	1539	55	11	1	1536	10857051	10858569	0	2388	AL27_v1
AL2G20010	scaffold_2_RagTag	91.016	1102	97	2	614	1714	11149241	11148141	0	1485	AL27_v1
AL2G20010	scaffold_2_RagTag	87.241	1207	114	19	538	1714	10862149	10863345	0	1339	AL27_v1
AL2G20010	scaffold_2_RagTag	85.149	1138	129	27	599	1714	10884419	10885538	0	1129	AL27_v1
AL2G20010	scaffold_2_RagTag	85.062	1138	130	27	599	1714	10904681	10905800	0	1123	AL27_v1
AL2G20010	scaffold_2_RagTag	87.828	953	97	13	599	1536	11029553	11030501	0	1099	AL27_v1
AL2G20010	scaffold_2_RagTag	96.296	513	10	2	1431	1934	11026445	11026957	0	833	AL27_v1
AL2G20010	scaffold_2_RagTag	95.238	504	24	0	1431	1934	10858574	10859077	0	798	AL27_v1
AL2G20010	scaffold_2_RagTag	84.488	664	74	12	538	1174	11139026	11138365	1.64e-178	628	AL27_v1
AL2G20010	scaffold_2_RagTag	93.373	332	21	1	1161	1492	11135183	11134853	8.07e-137	490	AL27_v1
AL2G20010	scaffold_2_RagTag	83.13	492	55	18	1467	1934	11134923	11134436	8.3e-117	424	AL27_v1
AL2G20010	scaffold_2_RagTag	80.615	423	47	14	98	517	10883935	10884325	6.79e-78	294	AL27_v1
AL2G20010	scaffold_2_RagTag	80.615	423	47	14	98	517	10904197	10904587	6.79e-78	294	AL27_v1
AL2G20010	scaffold_2_RagTag	83.333	336	34	10	190	517	11149671	11149350	8.79e-77	291	AL27_v1
AL2G20010	scaffold_2_RagTag	89.474	228	18	2	1487	1714	11031188	11031409	1.47e-74	283	AL27_v1
AL2G20010	scaffold_2_RagTag	82.877	292	45	3	225	516	11029226	11029512	8.91e-67	257	AL27_v1
AL2G20010	scaffold_2_RagTag	94.079	152	3	6	95	243	10882397	10882545	2.51e-57	226	AL27_v1
AL2G20010	scaffold_2_RagTag	94.079	152	3	6	95	243	10902659	10902807	2.51e-57	226	AL27_v1
AL2G20010	scaffold_2_RagTag	92.683	123	8	1	118	240	11149862	11149741	2.57e-42	176	AL27_v1
AL2G20010	scaffold_2_RagTag	93.396	106	7	0	1431	1536	11030462	11030567	9.3e-37	158	AL27_v1
AL2G20010	scaffold_2_RagTag	87.5	112	10	3	1427	1536	11030436	11030545	2.62e-27	126	AL27_v1
AL2G20010	scaffold_2_RagTag	95.161	62	3	0	1431	1492	11026489	11026550	5.72e-19	99	AL27_v1
AL2G20010	scaffold_2_RagTag	91.111	45	4	0	1492	1536	10863065	10863109	7.5e-08	62.1	AL27_v1
AL2G20010	scaffold_6_RagTag	86.018	565	63	10	616	1165	13292493	13291930	2.15e-167	592	AL27_v1
AL2G20010	scaffold_6_RagTag	94.269	349	20	0	1188	1536	13281683	13281335	3.68e-150	534	AL27_v1
AL2G20010	scaffold_6_RagTag	82.262	451	36	21	82	516	13293036	13292614	1.43e-94	350	AL27_v1
AL2G20020	scaffold_2_RagTag	94.663	1780	66	11	1	1776	10861591	10863345	0	2734	AL27_v1
AL2G20020	scaffold_2_RagTag	89.126	1637	111	36	1	1609	11028913	11030510	0	1975	AL27_v1
AL2G20020	scaffold_2_RagTag	93.895	1163	57	12	73	1228	11139523	11138368	0	1742	AL27_v1
AL2G20020	scaffold_2_RagTag	91.525	1180	79	14	600	1776	10884377	10885538	0	1605	AL27_v1
AL2G20020	scaffold_2_RagTag	91.441	1180	80	14	600	1776	10904639	10905800	0	1600	AL27_v1
AL2G20020	scaffold_2_RagTag	90.932	1180	76	18	603	1776	11149295	11148141	0	1557	AL27_v1
AL2G20020	scaffold_2_RagTag	85.43	1057	108	20	559	1609	11025477	11026493	0	1057	AL27_v1
AL2G20020	scaffold_2_RagTag	84.432	1047	106	23	567	1609	10857585	10858578	0	977	AL27_v1
AL2G20020	scaffold_2_RagTag	86.745	513	32	15	1488	1975	10858574	10859075	2.9e-151	538	AL27_v1
AL2G20020	scaffold_2_RagTag	86.32	519	32	16	1488	1975	11026445	11026955	1.75e-148	529	AL27_v1
AL2G20020	scaffold_2_RagTag	85.685	496	37	17	57	550	10883815	10884278	2.29e-137	492	AL27_v1
AL2G20020	scaffold_2_RagTag	85.685	496	37	17	57	550	10904077	10904540	2.29e-137	492	AL27_v1
AL2G20020	scaffold_2_RagTag	92.145	331	25	1	1220	1549	11135183	11134853	1.39e-129	466	AL27_v1
AL2G20020	scaffold_2_RagTag	90.705	312	24	4	242	550	11149706	11149397	6.6e-113	411	AL27_v1
AL2G20020	scaffold_2_RagTag	87.54	313	32	5	1553	1860	11134900	11134590	3.14e-96	355	AL27_v1
AL2G20020	scaffold_2_RagTag	82.332	283	34	5	277	550	10857241	10857516	5.52e-59	231	AL27_v1
AL2G20020	scaffold_2_RagTag	88.889	126	7	3	1484	1609	10858504	10858622	5.72e-34	148	AL27_v1
AL2G20020	scaffold_2_RagTag	88.095	126	8	2	1484	1609	10858526	10858644	2.66e-32	143	AL27_v1
AL2G20020	scaffold_2_RagTag	85.246	122	11	3	1488	1609	11030462	11030576	4.48e-25	119	AL27_v1
AL2G20020	scaffold_2_RagTag	82.836	134	14	5	1484	1617	11030480	11030604	7.5e-23	111	AL27_v1
AL2G20020	scaffold_2_RagTag	92.982	57	4	0	1553	1609	10863084	10863140	1.64e-14	84.2	AL27_v1
AL2G20020	scaffold_2_RagTag	85.393	89	4	4	1528	1616	11148427	11148348	1.64e-14	84.2	AL27_v1
AL2G20020	scaffold_2_RagTag	94	50	3	0	1560	1609	11148424	11148375	2.74e-12	76.8	AL27_v1
AL2G20020	scaffold_2_RagTag	92.308	52	4	0	1484	1535	10863132	10863183	9.84e-12	75	AL27_v1
AL2G20020	scaffold_2_RagTag	95.455	44	2	0	1484	1527	10885323	10885366	1.27e-10	71.3	AL27_v1
AL2G20020	scaffold_2_RagTag	95.455	44	2	0	1484	1527	10905585	10905628	1.27e-10	71.3	AL27_v1
AL2G20020	scaffold_6_RagTag	93.881	621	36	2	603	1222	13292549	13291930	0	935	AL27_v1
AL2G20020	scaffold_6_RagTag	92.179	358	19	3	1247	1602	13281683	13281333	4.93e-139	497	AL27_v1
AL2G20020	scaffold_6_RagTag	86.032	315	37	6	241	550	13292972	13292660	5.29e-89	331	AL27_v1
AL2G20020	scaffold_6_RagTag	82.418	182	14	12	63	233	13293058	13292884	2.66e-32	143	AL27_v1
AL2G20030	scaffold_6_RagTag	96.215	1189	23	1	1	1189	13293088	13291922	0	1927	AL27_v1
AL2G20030	scaffold_6_RagTag	98.316	891	11	3	2605	3491	13356545	13355655	0	1559	AL27_v1
AL2G20030	scaffold_6_RagTag	98.8	250	3	0	3524	3773	13355659	13355410	4.16e-123	446	AL27_v1
AL2G20030	scaffold_6_RagTag	91.362	301	16	5	1322	1620	13281683	13281391	2.54e-110	403	AL27_v1
AL2G20030	scaffold_6_RagTag	86.804	341	34	6	2762	3091	7040945	7040605	2.57e-100	370	AL27_v1
AL2G20030	scaffold_6_RagTag	88.462	234	22	5	3329	3557	5456735	5456968	1.6e-72	278	AL27_v1
AL2G20030	scaffold_6_RagTag	92.935	184	11	2	3869	4052	17927599	17927418	3.47e-69	267	AL27_v1
AL2G20030	scaffold_6_RagTag	87.978	183	21	1	2915	3096	11380247	11380065	1.28e-53	215	AL27_v1
AL2G20030	scaffold_6_RagTag	75.93	457	67	22	3869	4296	1567071	1567513	1.66e-47	195	AL27_v1
AL2G20030	scaffold_6_RagTag	94.286	70	2	2	1208	1276	13292033	13291965	8.01e-21	106	AL27_v1
AL2G20030	scaffold_2_RagTag	89.834	1023	85	15	161	1181	10883995	10885000	0	1295	AL27_v1
AL2G20030	scaffold_2_RagTag	89.834	1023	85	15	161	1181	10904257	10905262	0	1295	AL27_v1
AL2G20030	scaffold_2_RagTag	89.216	1020	82	17	165	1181	11149683	11148689	0	1249	AL27_v1
AL2G20030	scaffold_2_RagTag	93.468	643	31	2	3869	4500	1705636	1706278	0	944	AL27_v1
AL2G20030	scaffold_2_RagTag	93.9	623	38	0	559	1181	10862182	10862804	0	941	AL27_v1
AL2G20030	scaffold_2_RagTag	93.182	616	37	4	562	1176	11138990	11138379	0	900	AL27_v1
AL2G20030	scaffold_2_RagTag	91.935	620	43	2	562	1181	11029514	11030126	0	861	AL27_v1
AL2G20030	scaffold_2_RagTag	83.892	627	67	16	601	1211	11025549	11026157	8.5e-160	568	AL27_v1
AL2G20030	scaffold_2_RagTag	88.222	433	28	13	1208	1617	10884897	10885329	4.07e-138	496	AL27_v1
AL2G20030	scaffold_2_RagTag	87.991	433	29	13	1208	1617	10905159	10905591	1.89e-136	490	AL27_v1
AL2G20030	scaffold_2_RagTag	88.416	423	27	12	1208	1617	11026012	11026425	1.89e-136	490	AL27_v1
AL2G20030	scaffold_2_RagTag	87.85	428	28	14	1208	1620	11148792	11148374	1.14e-133	481	AL27_v1
AL2G20030	scaffold_2_RagTag	87.765	425	28	14	1208	1617	10862701	10863116	5.3e-132	475	AL27_v1
AL2G20030	scaffold_2_RagTag	87.588	427	28	13	1208	1617	11030024	11030442	6.86e-131	472	AL27_v1
AL2G20030	scaffold_2_RagTag	85.851	417	42	10	1208	1617	10858104	10858510	1.51e-117	427	AL27_v1
AL2G20030	scaffold_2_RagTag	89.412	340	25	6	2754	3082	12583397	12583736	9.06e-115	418	AL27_v1
AL2G20030	scaffold_2_RagTag	87.353	340	33	4	2753	3082	2087074	2087413	1.19e-103	381	AL27_v1
AL2G20030	scaffold_2_RagTag	89.103	312	23	5	1311	1620	11135167	11134865	1.54e-102	377	AL27_v1
AL2G20030	scaffold_2_RagTag	86.337	344	36	6	2753	3085	2547703	2547360	1.2e-98	364	AL27_v1
AL2G20030	scaffold_2_RagTag	87.702	309	31	6	4195	4500	1706056	1706360	2.59e-95	353	AL27_v1
AL2G20030	scaffold_2_RagTag	86.728	324	32	6	2753	3065	6018517	6018840	3.35e-94	350	AL27_v1
AL2G20030	scaffold_2_RagTag	87.789	303	25	8	2753	3044	19952953	19952652	1.56e-92	344	AL27_v1
AL2G20030	scaffold_2_RagTag	81.457	453	43	24	53	491	10857132	10857557	3.38e-89	333	AL27_v1
AL2G20030	scaffold_2_RagTag	81.015	453	45	24	53	491	11025049	11025474	7.31e-86	322	AL27_v1
AL2G20030	scaffold_2_RagTag	86.007	293	36	5	161	451	10861843	10862132	5.69e-82	309	AL27_v1
AL2G20030	scaffold_2_RagTag	89.113	248	17	7	3319	3558	18254083	18254328	3.42e-79	300	AL27_v1
AL2G20030	scaffold_2_RagTag	82.521	349	51	10	4158	4500	1706319	1705975	1.23e-78	298	AL27_v1
AL2G20030	scaffold_2_RagTag	84.192	291	40	6	165	452	11139329	11139042	1.6e-72	278	AL27_v1
AL2G20030	scaffold_2_RagTag	88.938	226	20	5	4278	4500	1705973	1706196	2.08e-71	274	AL27_v1
AL2G20030	scaffold_2_RagTag	83.737	289	39	1	222	502	11029229	11029517	3.47e-69	267	AL27_v1
AL2G20030	scaffold_2_RagTag	82.68	306	45	8	4158	4459	1706237	1705936	1.25e-68	265	AL27_v1
AL2G20030	scaffold_2_RagTag	91.62	179	13	2	2904	3082	12494912	12494736	4.53e-63	246	AL27_v1
AL2G20030	scaffold_2_RagTag	82.353	272	37	9	4158	4423	1706099	1706365	5.9e-57	226	AL27_v1
AL2G20030	scaffold_2_RagTag	79.683	315	45	16	4195	4500	1706362	1706058	5.94e-52	209	AL27_v1
AL2G20030	scaffold_2_RagTag	76.739	417	59	20	3869	4261	10289664	10289262	1.29e-48	198	AL27_v1
AL2G20030	scaffold_2_RagTag	79.365	189	28	9	4158	4340	1706181	1706364	7.96e-26	122	AL27_v1
AL2G20030	scaffold_2_RagTag	87.387	111	6	2	31	139	10883821	10883925	2.86e-25	121	AL27_v1
AL2G20030	scaffold_2_RagTag	87.387	111	6	2	31	139	10904083	10904187	2.86e-25	121	AL27_v1
AL2G20030	scaffold_2_RagTag	81.982	111	10	6	44	147	11139520	11139413	1.04e-14	86.1	AL27_v1
AL2G20030	scaffold_2_RagTag	97.917	48	1	0	1570	1617	11030505	11030552	3.75e-14	84.2	AL27_v1
AL2G20030	scaffold_2_RagTag	97.917	48	1	0	1570	1617	11030527	11030574	3.75e-14	84.2	AL27_v1
AL2G20030	scaffold_2_RagTag	96	50	2	0	1568	1617	10858505	10858554	1.35e-13	82.4	AL27_v1
AL2G20030	scaffold_2_RagTag	95.833	48	2	0	1570	1617	11030483	11030530	1.75e-12	78.7	AL27_v1
AL2G20030	scaffold_2_RagTag	100	41	0	0	1570	1610	11026510	11026550	6.28e-12	76.8	AL27_v1
AL2G20030	scaffold_2_RagTag	83.133	83	10	3	52	131	10861667	10861748	8.13e-11	73.1	AL27_v1
AL2G20030	scaffold_2_RagTag	93.75	48	3	0	1570	1617	10863113	10863160	8.13e-11	73.1	AL27_v1
AL2G20030	scaffold_2_RagTag	88.525	61	4	2	105	164	10883962	10884020	2.92e-10	71.3	AL27_v1
AL2G20030	scaffold_2_RagTag	88.525	61	4	2	105	164	10904224	10904282	2.92e-10	71.3	AL27_v1
AL2G20030	scaffold_2_RagTag	95	40	2	0	1570	1609	11030593	11030632	4.89e-08	63.9	AL27_v1
AL2G20030	scaffold_8_RagTag	91.881	739	17	9	1820	2554	146981	146282	0	992	AL27_v1
AL2G20030	scaffold_8_RagTag	88.563	341	28	8	2753	3082	15982677	15983017	2.54e-110	403	AL27_v1
AL2G20030	scaffold_8_RagTag	87.714	350	32	5	2753	3091	11004496	11004147	1.18e-108	398	AL27_v1
AL2G20030	scaffold_8_RagTag	87.464	351	33	7	2750	3089	15176948	15177298	1.53e-107	394	AL27_v1
AL2G20030	scaffold_8_RagTag	86.04	351	38	6	2754	3093	15428446	15428796	3.33e-99	366	AL27_v1
AL2G20030	scaffold_8_RagTag	85.337	341	28	8	2753	3082	3922629	3922958	3.38e-89	333	AL27_v1
AL2G20030	scaffold_8_RagTag	95.261	211	6	2	3563	3773	145987	145781	1.21e-88	331	AL27_v1
AL2G20030	scaffold_8_RagTag	86.218	312	28	9	2780	3077	4732902	4732592	2.03e-86	324	AL27_v1
AL2G20030	scaffold_8_RagTag	89.03	237	17	6	2854	3082	10039202	10039437	9.59e-75	285	AL27_v1
AL2G20030	scaffold_8_RagTag	75	448	75	20	3869	4296	18654413	18654843	7.79e-41	172	AL27_v1
AL2G20030	scaffold_8_RagTag	96.04	101	3	1	2652	2751	146268	146168	4.69e-38	163	AL27_v1
AL2G20030	scaffold_8_RagTag	84.416	154	10	4	2754	2904	18087783	18087925	7.9e-31	139	AL27_v1
AL2G20030	scaffold_5_RagTag	93.468	643	31	1	3869	4500	9137877	9137235	0	944	AL27_v1
AL2G20030	scaffold_5_RagTag	87.977	341	30	6	2749	3078	12290128	12289788	5.49e-107	392	AL27_v1
AL2G20030	scaffold_5_RagTag	87.87	338	30	6	2756	3082	10766670	10767007	2.56e-105	387	AL27_v1
AL2G20030	scaffold_5_RagTag	86.628	344	35	6	2753	3085	4187507	4187164	2.57e-100	370	AL27_v1
AL2G20030	scaffold_5_RagTag	83.439	314	42	9	4192	4500	9137230	9137538	3.45e-74	283	AL27_v1
AL2G20030	scaffold_5_RagTag	82.68	306	45	8	4158	4459	9137276	9137577	1.25e-68	265	AL27_v1
AL2G20030	scaffold_5_RagTag	85.776	232	26	5	4195	4423	9137457	9137230	7.57e-61	239	AL27_v1
AL2G20030	scaffold_5_RagTag	84.956	226	29	5	4278	4500	9137540	9137317	2.12e-56	224	AL27_v1
AL2G20030	scaffold_5_RagTag	80.357	224	36	6	4158	4377	9137358	9137577	4.69e-38	163	AL27_v1
AL2G20030	scaffold_5_RagTag	93.137	102	7	0	2978	3079	12903931	12904032	3.65e-34	150	AL27_v1
AL2G20030	scaffold_5_RagTag	78.191	188	32	8	4158	4340	9137414	9137231	1.72e-22	111	AL27_v1
AL2G20030	scaffold_3_RagTag	93.468	643	31	2	3869	4500	8526015	8525373	0	944	AL27_v1
AL2G20030	scaffold_3_RagTag	92.083	581	34	3	3930	4498	21319016	21319596	0	808	AL27_v1
AL2G20030	scaffold_3_RagTag	88.825	349	28	8	2753	3090	3211907	3212255	9.06e-115	418	AL27_v1
AL2G20030	scaffold_3_RagTag	88.27	341	29	6	2756	3085	22223485	22223145	1.18e-108	398	AL27_v1
AL2G20030	scaffold_3_RagTag	87.644	348	32	8	2753	3089	24447096	24446749	1.53e-107	394	AL27_v1
AL2G20030	scaffold_3_RagTag	90.698	301	16	5	2753	3043	12919374	12919672	1.98e-106	390	AL27_v1
AL2G20030	scaffold_3_RagTag	87.5	344	32	6	2753	3085	19785641	19785298	2.56e-105	387	AL27_v1
AL2G20030	scaffold_3_RagTag	87.761	335	29	6	2753	3076	5114304	5114637	1.19e-103	381	AL27_v1
AL2G20030	scaffold_3_RagTag	86.111	360	38	7	2753	3100	1407098	1407457	1.54e-102	377	AL27_v1
AL2G20030	scaffold_3_RagTag	84.77	348	40	9	2744	3079	12791657	12792003	2.61e-90	337	AL27_v1
AL2G20030	scaffold_3_RagTag	83.81	315	39	10	4192	4500	8525368	8525676	7.41e-76	289	AL27_v1
AL2G20030	scaffold_3_RagTag	89.823	226	18	5	4278	4500	21319292	21319515	9.59e-75	285	AL27_v1
AL2G20030	scaffold_3_RagTag	89.381	226	19	5	4278	4500	8525678	8525455	4.46e-73	279	AL27_v1
AL2G20030	scaffold_3_RagTag	83.388	307	42	9	4158	4459	21319557	21319255	5.77e-72	276	AL27_v1
AL2G20030	scaffold_3_RagTag	83.062	307	42	9	4158	4459	8525414	8525715	2.69e-70	270	AL27_v1
AL2G20030	scaffold_3_RagTag	83.007	306	42	9	4201	4500	21319595	21319294	9.66e-70	268	AL27_v1
AL2G20030	scaffold_3_RagTag	88.208	212	21	3	3319	3526	13376468	13376257	3.5e-64	250	AL27_v1
AL2G20030	scaffold_3_RagTag	84.914	232	28	6	4195	4423	8525595	8525368	1.64e-57	228	AL27_v1
AL2G20030	scaffold_3_RagTag	84.188	234	27	9	4195	4423	21319375	21319603	9.86e-55	219	AL27_v1
AL2G20030	scaffold_3_RagTag	76.805	457	63	22	3869	4296	11443017	11442575	3.55e-54	217	AL27_v1
AL2G20030	scaffold_3_RagTag	76.586	457	64	22	3869	4296	24325794	24325352	1.65e-52	211	AL27_v1
AL2G20030	scaffold_3_RagTag	84.239	184	25	4	4158	4338	21319474	21319292	6.02e-42	176	AL27_v1
AL2G20030	scaffold_3_RagTag	84.138	145	16	6	4360	4500	21319292	21319433	3.68e-29	134	AL27_v1
AL2G20030	scaffold_3_RagTag	79.255	188	30	8	4158	4340	8525552	8525369	7.96e-26	122	AL27_v1
AL2G20030	scaffold_3_RagTag	98.039	51	1	0	3866	3916	21318979	21319029	8.07e-16	89.8	AL27_v1
AL2G20030	scaffold_4_RagTag	88.38	611	26	11	3901	4500	2002989	2002413	0	693	AL27_v1
AL2G20030	scaffold_4_RagTag	86.141	469	33	16	3888	4340	10403183	10403635	1.47e-132	477	AL27_v1
AL2G20030	scaffold_4_RagTag	88.92	352	28	6	2753	3093	10790030	10790381	1.95e-116	424	AL27_v1
AL2G20030	scaffold_4_RagTag	87.328	363	32	10	2753	3104	1721190	1721549	2.54e-110	403	AL27_v1
AL2G20030	scaffold_4_RagTag	87.278	338	32	6	2756	3082	12075902	12076239	5.53e-102	375	AL27_v1
AL2G20030	scaffold_4_RagTag	89.434	265	22	5	3311	3569	14814860	14814596	4.37e-88	329	AL27_v1
AL2G20030	scaffold_4_RagTag	78.571	420	62	15	3866	4261	20641101	20641516	9.73e-65	252	AL27_v1
AL2G20030	scaffold_4_RagTag	78.365	416	64	13	3869	4261	15484552	15484964	4.53e-63	246	AL27_v1
AL2G20030	scaffold_4_RagTag	88.482	191	22	0	2892	3082	18109977	18110167	1.27e-58	231	AL27_v1
AL2G20030	scaffold_4_RagTag	91.195	159	14	0	2925	3083	1718521	1718679	3.55e-54	217	AL27_v1
AL2G20030	scaffold_4_RagTag	82.061	262	32	10	4200	4459	2002473	2002721	5.94e-52	209	AL27_v1
AL2G20030	scaffold_4_RagTag	84.259	216	18	6	4278	4490	2002684	2002482	4.62e-48	196	AL27_v1
AL2G20030	scaffold_4_RagTag	86.076	158	19	3	4184	4338	2002527	2002684	3.62e-39	167	AL27_v1
AL2G20030	scaffold_4_RagTag	78.025	314	25	19	4192	4500	2002408	2002682	2.18e-36	158	AL27_v1
AL2G20030	scaffold_4_RagTag	83.704	135	15	6	4360	4490	2002684	2002553	2.86e-25	121	AL27_v1
AL2G20030	scaffold_4_RagTag	90.123	81	7	1	4344	4423	2002488	2002408	2.88e-20	104	AL27_v1
AL2G20030	scaffold_4_RagTag	92.188	64	5	0	4277	4340	2002472	2002409	2.24e-16	91.6	AL27_v1
AL2G20030	scaffold_4_RagTag	83.495	103	12	4	4195	4295	10403564	10403465	2.24e-16	91.6	AL27_v1
AL2G20030	scaffold_4_RagTag	87.671	73	7	2	4189	4261	10403568	10403638	3.75e-14	84.2	AL27_v1
AL2G20030	scaffold_4_RagTag	89.362	47	5	0	3045	3091	1731490	1731444	6.33e-07	60.2	AL27_v1
AL2G20030	scaffold_1_RagTag	88.506	348	29	6	2753	3089	13863175	13863522	1.52e-112	411	AL27_v1
AL2G20030	scaffold_1_RagTag	87.679	349	32	7	2753	3090	20751803	20752151	4.25e-108	396	AL27_v1
AL2G20030	scaffold_1_RagTag	87.429	350	31	9	2745	3082	6331819	6331471	1.98e-106	390	AL27_v1
AL2G20030	scaffold_1_RagTag	87.536	345	31	6	2749	3082	7986051	7986394	7.11e-106	388	AL27_v1
AL2G20030	scaffold_1_RagTag	87.316	339	32	6	2758	3085	8185610	8185272	1.54e-102	377	AL27_v1
AL2G20030	scaffold_1_RagTag	86.88	343	32	8	2753	3082	5905150	5905492	7.16e-101	372	AL27_v1
AL2G20030	scaffold_1_RagTag	87.202	336	32	6	2765	3089	14851980	14852315	7.16e-101	372	AL27_v1
AL2G20030	scaffold_1_RagTag	87.5	312	28	6	2753	3053	21333146	21332835	3.35e-94	350	AL27_v1
AL2G20030	scaffold_1_RagTag	90.476	252	22	2	3319	3568	4246256	4246005	1.21e-88	331	AL27_v1
AL2G20030	scaffold_1_RagTag	87.732	269	25	4	2822	3082	8529965	8530233	2.05e-81	307	AL27_v1
AL2G20030	scaffold_1_RagTag	91.441	222	19	0	3337	3558	11858515	11858294	7.36e-81	305	AL27_v1
AL2G20030	scaffold_1_RagTag	88.492	252	22	6	3318	3563	13769495	13769745	1.23e-78	298	AL27_v1
AL2G20030	scaffold_1_RagTag	76.149	457	66	22	3869	4296	13528649	13528207	3.57e-49	200	AL27_v1
AL2G20030	scaffold_1_RagTag	75.492	457	69	24	3869	4296	21908577	21908135	3.6e-44	183	AL27_v1
AL2G20030	scaffold_1_RagTag	76.897	290	45	13	4024	4296	21898819	21898535	1.7e-32	145	AL27_v1
AL2G20030	scaffold_1_RagTag	88.372	86	9	1	3773	3857	27712830	27712915	1.04e-19	102	AL27_v1
AL2G20030	scaffold_1_RagTag	88.679	53	6	0	3004	3056	15577770	15577822	1.36e-08	65.8	AL27_v1
AL2G20030	scaffold_7_RagTag	88.589	333	32	3	2753	3082	4971555	4971884	3.28e-109	399	AL27_v1
AL2G20030	scaffold_7_RagTag	87.977	341	30	6	2753	3082	14302412	14302752	5.49e-107	392	AL27_v1
AL2G20030	scaffold_7_RagTag	86.402	353	36	7	2753	3093	15951477	15951125	5.53e-102	375	AL27_v1
AL2G20030	scaffold_7_RagTag	86.306	314	30	7	2754	3055	12812427	12812739	4.37e-88	329	AL27_v1
AL2G20030	scaffold_7_RagTag	85.276	326	36	7	2753	3066	16396182	16395857	5.65e-87	326	AL27_v1
AL2G20030	scaffold_7_RagTag	84.211	342	29	7	2753	3082	10781688	10782016	5.69e-82	309	AL27_v1
AL2G20030	scaffold_7_RagTag	85.6	250	21	10	3318	3562	12816114	12815875	1.26e-63	248	AL27_v1
AL2G20030	scaffold_7_RagTag	87.952	166	17	1	2899	3064	376130	375968	5.98e-47	193	AL27_v1
AL2G20070	scaffold_2_RagTag	95.179	1120	44	10	197	1314	10883995	10885106	0	1760	AL27_v1
AL2G20070	scaffold_2_RagTag	95.242	1114	43	10	197	1308	10904257	10905362	0	1755	AL27_v1
AL2G20070	scaffold_2_RagTag	90.242	1117	88	14	201	1314	11149683	11148585	0	1439	AL27_v1
AL2G20070	scaffold_2_RagTag	94.513	729	38	1	586	1314	10862182	10862908	0	1123	AL27_v1
AL2G20070	scaffold_2_RagTag	92.995	728	42	4	589	1314	11029514	11030234	0	1053	AL27_v1
AL2G20070	scaffold_2_RagTag	92.405	632	41	5	589	1219	11138990	11138365	0	894	AL27_v1
AL2G20070	scaffold_2_RagTag	86.357	689	73	15	628	1314	11025549	11026218	0	732	AL27_v1
AL2G20070	scaffold_2_RagTag	83.043	690	81	21	628	1314	10857646	10858302	4.17e-168	593	AL27_v1
AL2G20070	scaffold_2_RagTag	92.784	291	15	6	201	488	11139329	11139042	9.69e-115	416	AL27_v1
AL2G20070	scaffold_2_RagTag	91.126	293	21	5	197	487	10861843	10862132	1.63e-107	392	AL27_v1
AL2G20070	scaffold_2_RagTag	89.789	284	21	1	258	533	11029229	11029512	5.96e-97	357	AL27_v1
AL2G20070	scaffold_2_RagTag	79.574	470	53	24	80	534	10857123	10857564	1.32e-78	296	AL27_v1
AL2G20070	scaffold_2_RagTag	79.149	470	55	24	80	534	11025040	11025481	2.85e-75	285	AL27_v1
AL2G20070	scaffold_2_RagTag	87.368	190	10	8	1	183	11028913	11029095	2.28e-51	206	AL27_v1
AL2G20070	scaffold_2_RagTag	98.165	109	2	0	1206	1314	11135183	11135075	6.39e-47	191	AL27_v1
AL2G20070	scaffold_2_RagTag	87.402	127	5	3	51	175	10883808	10883925	3.04e-30	135	AL27_v1
AL2G20070	scaffold_2_RagTag	87.402	127	5	3	51	175	10904070	10904187	3.04e-30	135	AL27_v1
AL2G20070	scaffold_2_RagTag	83.495	103	7	6	88	183	11139512	11139413	8.63e-16	87.9	AL27_v1
AL2G20070	scaffold_2_RagTag	77.326	172	20	10	1	167	10861591	10861748	1.12e-14	84.2	AL27_v1
AL2G20070	scaffold_2_RagTag	88.525	61	4	2	141	200	10883962	10884020	8.69e-11	71.3	AL27_v1
AL2G20070	scaffold_2_RagTag	88.525	61	4	2	141	200	10904224	10904282	8.69e-11	71.3	AL27_v1
AL2G20070	scaffold_6_RagTag	90.513	1149	75	7	64	1203	13293058	13291935	0	1487	AL27_v1
AL2G20070	scaffold_6_RagTag	95.294	85	4	0	1233	1317	13281683	13281599	3.04e-30	135	AL27_v1
AL2G20200	scaffold_2_RagTag	94.368	1669	73	12	239	1905	11148141	11149790	0	2542	AL27_v1
AL2G20200	scaffold_2_RagTag	88.736	1598	130	28	239	1821	10885538	10883976	0	1908	AL27_v1
AL2G20200	scaffold_2_RagTag	88.673	1598	131	28	239	1821	10905800	10904238	0	1903	AL27_v1
AL2G20200	scaffold_2_RagTag	91.385	1184	73	17	239	1413	10863345	10862182	0	1594	AL27_v1
AL2G20200	scaffold_2_RagTag	92.3	1000	60	11	416	1410	11030501	11029514	0	1404	AL27_v1
AL2G20200	scaffold_2_RagTag	93.962	795	4	2	1	795	11134438	11135188	0	1162	AL27_v1
AL2G20200	scaffold_2_RagTag	87.683	958	94	13	416	1371	11026484	11025549	0	1094	AL27_v1
AL2G20200	scaffold_2_RagTag	85.908	958	99	18	416	1371	10858569	10857646	0	989	AL27_v1
AL2G20200	scaffold_2_RagTag	93.153	628	37	5	787	1410	11138365	11138990	0	917	AL27_v1
AL2G20200	scaffold_2_RagTag	84.344	511	52	17	16	521	11026932	11026445	2.23e-132	475	AL27_v1
AL2G20200	scaffold_2_RagTag	83.779	524	60	15	1	521	10859075	10858574	8.01e-132	473	AL27_v1
AL2G20200	scaffold_2_RagTag	90.764	314	25	4	1511	1821	11139042	11139354	1.37e-114	416	AL27_v1
AL2G20200	scaffold_2_RagTag	90.196	306	25	4	1518	1821	10862126	10861824	6.41e-108	394	AL27_v1
AL2G20200	scaffold_2_RagTag	84.866	337	35	3	1466	1786	11029512	11029176	2.37e-87	326	AL27_v1
AL2G20200	scaffold_2_RagTag	83.784	333	35	9	1465	1786	10857564	10857240	5.17e-79	298	AL27_v1
AL2G20200	scaffold_2_RagTag	90.351	228	15	2	239	465	11031409	11031188	2.41e-77	292	AL27_v1
AL2G20200	scaffold_2_RagTag	81.915	376	38	15	1433	1786	11025524	11025157	8.65e-77	291	AL27_v1
AL2G20200	scaffold_2_RagTag	92.174	115	8	1	416	530	10858635	10858522	7.08e-38	161	AL27_v1
AL2G20200	scaffold_2_RagTag	94.366	71	3	1	460	530	10858679	10858610	9.35e-22	108	AL27_v1
AL2G20200	scaffold_2_RagTag	81.013	158	10	5	23	167	10882689	10882539	9.35e-22	108	AL27_v1
AL2G20200	scaffold_2_RagTag	81.013	158	10	5	23	167	10902951	10902801	9.35e-22	108	AL27_v1
AL2G20200	scaffold_2_RagTag	92.537	67	5	0	416	482	11030457	11030391	2.02e-18	97.1	AL27_v1
AL2G20200	scaffold_2_RagTag	92.424	66	5	0	416	481	11026440	11026375	7.28e-18	95.3	AL27_v1
AL2G20200	scaffold_2_RagTag	83.673	98	12	4	69	164	10885635	10885540	3.39e-16	89.8	AL27_v1
AL2G20200	scaffold_2_RagTag	83.673	98	12	4	69	164	10905897	10905802	3.39e-16	89.8	AL27_v1
AL2G20200	scaffold_2_RagTag	82.474	97	13	4	69	163	10863443	10863349	5.67e-14	82.4	AL27_v1
AL2G20200	scaffold_2_RagTag	82.474	97	12	5	69	163	11031506	11031413	2.04e-13	80.5	AL27_v1
AL2G20200	scaffold_2_RagTag	95.918	49	1	1	482	530	10885366	10885319	7.33e-13	78.7	AL27_v1
AL2G20200	scaffold_2_RagTag	95.918	49	1	1	482	530	10905628	10905581	7.33e-13	78.7	AL27_v1
AL2G20200	scaffold_2_RagTag	89.474	57	5	1	474	530	10863183	10863128	1.23e-10	71.3	AL27_v1
AL2G20200	scaffold_2_RagTag	89.655	29	2	1	502	530	11026442	11026415	4.5	36.2	AL27_v1
AL2G20200	scaffold_6_RagTag	88.931	1048	88	20	796	1821	13291930	13292971	0	1267	AL27_v1
AL2G20200	scaffold_6_RagTag	92.55	349	25	1	416	763	13281335	13281683	1.32e-139	499	AL27_v1
AL2G20200	scaffold_6_RagTag	93.651	63	4	0	416	478	13281379	13281441	7.28e-18	95.3	AL27_v1
AL6G40220	scaffold_6_RagTag	99.144	1168	10	0	346	1513	13291921	13293088	0	2102	AL27_v1
AL6G40220	scaffold_6_RagTag	98.86	351	2	2	1	351	13281335	13281683	1.65e-177	625	AL27_v1
AL6G40220	scaffold_2_RagTag	88.239	1420	112	25	1	1396	11148318	11149706	0	1646	AL27_v1
AL6G40220	scaffold_2_RagTag	87.307	1426	121	30	23	1409	10885366	10883962	0	1576	AL27_v1
AL6G40220	scaffold_2_RagTag	87.237	1426	122	30	23	1409	10905628	10904224	0	1570	AL27_v1
AL6G40220	scaffold_2_RagTag	90.937	993	69	6	4	977	10863172	10862182	0	1315	AL27_v1
AL6G40220	scaffold_2_RagTag	82.979	1504	147	63	1	1461	10858569	10857132	0	1258	AL27_v1
AL6G40220	scaffold_2_RagTag	89.067	997	77	11	1	974	11030501	11029514	0	1208	AL27_v1
AL6G40220	scaffold_2_RagTag	86.178	955	93	22	1	935	11026484	11025549	0	996	AL27_v1
AL6G40220	scaffold_2_RagTag	92.045	616	44	4	360	974	11138379	11138990	0	861	AL27_v1
AL6G40220	scaffold_2_RagTag	91.935	310	23	2	46	355	11134853	11135160	1.08e-119	433	AL27_v1
AL6G40220	scaffold_2_RagTag	85.047	321	41	6	1085	1403	10862132	10861817	8.74e-86	320	AL27_v1
AL6G40220	scaffold_2_RagTag	92.793	111	7	1	1	111	10858613	10858504	2.02e-37	159	AL27_v1
AL6G40220	scaffold_2_RagTag	92.523	107	7	1	1	107	11026528	11026423	3.37e-35	152	AL27_v1
AL6G40220	scaffold_2_RagTag	82.967	182	11	13	1309	1483	11029144	11028976	1.57e-33	147	AL27_v1
AL6G40220	scaffold_2_RagTag	82.84	169	11	11	1309	1470	11139363	11139520	3.4e-30	135	AL27_v1
AL6G40220	scaffold_2_RagTag	94.118	85	4	1	23	107	11026550	11026467	5.68e-28	128	AL27_v1
AL6G40220	scaffold_2_RagTag	88.288	111	5	2	1375	1483	10883925	10883821	2.04e-27	126	AL27_v1
AL6G40220	scaffold_2_RagTag	88.288	111	5	2	1375	1483	10904187	10904083	2.04e-27	126	AL27_v1
AL6G40220	scaffold_2_RagTag	81.366	161	11	12	1309	1462	10861815	10861667	1.59e-23	113	AL27_v1
AL6G40220	scaffold_2_RagTag	95.312	64	2	1	1	64	11148362	11148424	1.24e-19	100	AL27_v1
AL6G40220	scaffold_2_RagTag	92.157	51	4	0	46	96	11031237	11031187	2.7e-11	73.1	AL27_v1
AL6G40220	scaffold_2_RagTag	95.556	45	1	1	1	45	10885322	10885279	9.72e-11	71.3	AL27_v1
AL6G40220	scaffold_2_RagTag	95.556	45	1	1	1	45	10905584	10905541	9.72e-11	71.3	AL27_v1
AL6G40220	scaffold_2_RagTag	97.5	40	1	0	68	107	11026550	11026511	3.49e-10	69.4	AL27_v1
AL2G20010	scaffold_2	95.343	1954	38	12	1	1934	14334715	14336635	0	3055	ALR.ragtag.scaffold_chr_15_1_24.masked
AL2G20010	scaffold_2	87.033	1365	129	27	614	1934	14474352	14472992	0	1496	ALR.ragtag.scaffold_chr_15_1_24.masked
AL2G20010	scaffold_2	87.054	981	97	15	538	1492	14339723	14340699	0	1081	ALR.ragtag.scaffold_chr_15_1_24.masked
AL2G20010	scaffold_2	83.036	336	35	10	190	517	14474782	14474461	4.4e-75	285	ALR.ragtag.scaffold_chr_15_1_24.masked
AL2G20010	scaffold_2	87.845	181	16	2	1470	1650	14340633	14340807	9.81e-52	207	ALR.ragtag.scaffold_chr_15_1_24.masked
AL2G20010	scaffold_2	92.683	123	8	1	118	240	14474973	14474852	2.77e-42	176	ALR.ragtag.scaffold_chr_15_1_24.masked
AL2G20010	scaffold_2	87.879	66	5	1	1427	1492	14336191	14336253	1.04e-11	75	ALR.ragtag.scaffold_chr_15_1_24.masked
AL2G20010	scaffold_6	86.739	920	81	20	611	1516	15062035	15061143	0	985	ALR.ragtag.scaffold_chr_15_1_24.masked
AL2G20010	scaffold_6	82.262	451	36	21	82	516	15062573	15062151	1.54e-94	350	ALR.ragtag.scaffold_chr_15_1_24.masked
AL2G20020	scaffold_2	91.182	1599	77	22	1	1549	14339115	14340699	0	2113	ALR.ragtag.scaffold_chr_15_1_24.masked
AL2G20020	scaffold_2	89.325	1274	103	19	603	1860	14474406	14473150	0	1568	ALR.ragtag.scaffold_chr_15_1_24.masked
AL2G20020	scaffold_2	85.481	1350	131	31	559	1876	14335226	14336542	0	1347	ALR.ragtag.scaffold_chr_15_1_24.masked
AL2G20020	scaffold_2	90.385	312	25	4	242	550	14474817	14474508	3.31e-111	405	ALR.ragtag.scaffold_chr_15_1_24.masked
AL2G20020	scaffold_2	82.105	285	33	6	277	550	14334905	14335182	7.69e-58	228	ALR.ragtag.scaffold_chr_15_1_24.masked
AL2G20020	scaffold_2	88.05	159	13	5	1553	1710	14340652	14340805	1.69e-44	183	ALR.ragtag.scaffold_chr_15_1_24.masked
AL2G20020	scaffold_2	91.667	72	3	3	1869	1937	14344193	14344264	2.26e-18	97.1	ALR.ragtag.scaffold_chr_15_1_24.masked
AL2G20020	scaffold_2	89.394	66	4	3	1552	1616	14473528	14473465	2.28e-13	80.5	ALR.ragtag.scaffold_chr_15_1_24.masked
AL2G20020	scaffold_6	91.282	952	50	17	603	1551	15062086	15061165	0	1267	ALR.ragtag.scaffold_chr_15_1_24.masked
AL2G20020	scaffold_6	88.024	334	16	9	1243	1552	15061475	15061142	9.33e-102	374	ALR.ragtag.scaffold_chr_15_1_24.masked
AL2G20020	scaffold_6	86.032	315	37	6	241	550	15062509	15062197	5.7e-89	331	ALR.ragtag.scaffold_chr_15_1_24.masked
AL2G20020	scaffold_6	82.418	182	14	12	63	233	15062595	15062421	2.87e-32	143	ALR.ragtag.scaffold_chr_15_1_24.masked
AL2G20030	scaffold_6	97.871	1174	19	5	2605	3773	15162039	15160867	0	2025	ALR.ragtag.scaffold_chr_15_1_24.masked
AL2G20030	scaffold_6	95.795	1189	20	6	1	1189	15062625	15061467	0	1892	ALR.ragtag.scaffold_chr_15_1_24.masked
AL2G20030	scaffold_6	92.638	489	34	2	4013	4500	14004997	14005484	0	702	ALR.ragtag.scaffold_chr_15_1_24.masked
AL2G20030	scaffold_6	87.5	416	25	12	1208	1620	15061570	15061179	7.44e-126	455	ALR.ragtag.scaffold_chr_15_1_24.masked
AL2G20030	scaffold_6	89.15	341	26	6	2753	3082	13610307	13610647	1.26e-113	414	ALR.ragtag.scaffold_chr_15_1_24.masked
AL2G20030	scaffold_6	88.372	344	29	8	2753	3085	8318424	8318081	2.73e-110	403	ALR.ragtag.scaffold_chr_15_1_24.masked
AL2G20030	scaffold_6	87.143	350	33	7	2753	3091	12751544	12751196	2.75e-105	387	ALR.ragtag.scaffold_chr_15_1_24.masked
AL2G20030	scaffold_6	87.683	341	31	6	2753	3082	27091773	27092113	2.75e-105	387	ALR.ragtag.scaffold_chr_15_1_24.masked
AL2G20030	scaffold_6	86.857	350	35	6	2753	3091	26826400	26826749	1.28e-103	381	ALR.ragtag.scaffold_chr_15_1_24.masked
AL2G20030	scaffold_6	86.257	342	34	7	2754	3082	14312680	14312339	6e-97	359	ALR.ragtag.scaffold_chr_15_1_24.masked
AL2G20030	scaffold_6	92.825	223	5	2	3869	4080	14004792	14005014	4.74e-83	313	ALR.ragtag.scaffold_chr_15_1_24.masked
AL2G20030	scaffold_6	88.462	234	22	5	3329	3557	7198670	7198903	1.73e-72	278	ALR.ragtag.scaffold_chr_15_1_24.masked
AL2G20030	scaffold_6	88.938	226	20	5	4278	4500	14005178	14005401	2.24e-71	274	ALR.ragtag.scaffold_chr_15_1_24.masked
AL2G20030	scaffold_6	82.132	319	48	9	4187	4500	14005494	14005180	1.35e-68	265	ALR.ragtag.scaffold_chr_15_1_24.masked
AL2G20030	scaffold_6	79.218	409	62	13	3869	4261	28827902	28828303	4.84e-68	263	ALR.ragtag.scaffold_chr_15_1_24.masked
AL2G20030	scaffold_6	84.27	267	36	6	4195	4459	14005403	14005141	8.1e-66	255	ALR.ragtag.scaffold_chr_15_1_24.masked
AL2G20030	scaffold_6	78.261	437	65	17	3851	4261	7542559	7542991	2.91e-65	254	ALR.ragtag.scaffold_chr_15_1_24.masked
AL2G20030	scaffold_6	76.586	457	64	22	3869	4296	13447466	13447024	1.78e-52	211	ALR.ragtag.scaffold_chr_15_1_24.masked
AL2G20030	scaffold_6	83.262	233	31	7	4195	4423	14005261	14005489	2.3e-51	207	ALR.ragtag.scaffold_chr_15_1_24.masked
AL2G20030	scaffold_6	76.368	457	65	22	3869	4296	14521903	14521461	8.27e-51	206	ALR.ragtag.scaffold_chr_15_1_24.masked
AL2G20030	scaffold_6	89.831	118	12	0	2978	3095	23151488	23151605	1.09e-34	152	ALR.ragtag.scaffold_chr_15_1_24.masked
AL2G20030	scaffold_6	80.392	153	22	7	4192	4340	14005340	14005488	6.67e-22	110	ALR.ragtag.scaffold_chr_15_1_24.masked
AL2G20030	scaffold_2	89.608	1020	85	15	165	1181	14474794	14473793	0	1277	ALR.ragtag.scaffold_chr_15_1_24.masked
AL2G20030	scaffold_2	92.407	619	39	3	564	1181	14339761	14340372	0	876	ALR.ragtag.scaffold_chr_15_1_24.masked
AL2G20030	scaffold_2	84.76	584	68	13	601	1181	14335298	14335863	3.29e-159	566	ALR.ragtag.scaffold_chr_15_1_24.masked
AL2G20030	scaffold_2	84.838	554	37	23	3888	4423	10098834	10098310	1.21e-143	514	ALR.ragtag.scaffold_chr_15_1_24.masked
AL2G20030	scaffold_2	88.208	424	28	13	1208	1617	14340269	14340684	2.64e-135	486	ALR.ragtag.scaffold_chr_15_1_24.masked
AL2G20030	scaffold_2	87.234	423	33	11	1208	1617	14335761	14336175	4.45e-128	462	ALR.ragtag.scaffold_chr_15_1_24.masked
AL2G20030	scaffold_2	85.55	436	31	16	1208	1620	14473895	14473469	1.62e-117	427	ALR.ragtag.scaffold_chr_15_1_24.masked
AL2G20030	scaffold_2	89.412	340	25	6	2754	3082	15831780	15832119	9.76e-115	418	ALR.ragtag.scaffold_chr_15_1_24.masked
AL2G20030	scaffold_2	88.034	351	31	6	2753	3092	16905771	16906121	7.6e-111	405	ALR.ragtag.scaffold_chr_15_1_24.masked
AL2G20030	scaffold_2	88.081	344	30	6	2753	3085	1721448	1721105	1.27e-108	398	ALR.ragtag.scaffold_chr_15_1_24.masked
AL2G20030	scaffold_2	88.27	341	29	6	2753	3082	17976505	17976845	1.27e-108	398	ALR.ragtag.scaffold_chr_15_1_24.masked
AL2G20030	scaffold_2	86.494	348	36	6	2753	3089	10398296	10398643	7.71e-101	372	ALR.ragtag.scaffold_chr_15_1_24.masked
AL2G20030	scaffold_2	87.037	324	31	6	2753	3065	5988294	5988617	7.76e-96	355	ALR.ragtag.scaffold_chr_15_1_24.masked
AL2G20030	scaffold_2	88.119	303	24	8	2753	3044	23638076	23637775	3.61e-94	350	ALR.ragtag.scaffold_chr_15_1_24.masked
AL2G20030	scaffold_2	81.538	455	41	25	53	491	14334796	14335223	1.01e-89	335	ALR.ragtag.scaffold_chr_15_1_24.masked
AL2G20030	scaffold_2	82.078	385	49	7	161	527	14339373	14339755	1.7e-82	311	ALR.ragtag.scaffold_chr_15_1_24.masked
AL2G20030	scaffold_2	79.455	404	70	6	3869	4261	16954450	16954851	2.24e-71	274	ALR.ragtag.scaffold_chr_15_1_24.masked
AL2G20030	scaffold_2	78.554	415	65	11	3869	4261	2449204	2449616	1.05e-64	252	ALR.ragtag.scaffold_chr_15_1_24.masked
AL2G20030	scaffold_2	90.503	179	15	2	2904	3082	15767345	15767169	1.06e-59	235	ALR.ragtag.scaffold_chr_15_1_24.masked
AL2G20030	scaffold_2	76.471	408	70	12	3871	4255	4890011	4890415	1.38e-48	198	ALR.ragtag.scaffold_chr_15_1_24.masked
AL2G20030	scaffold_2	84.507	142	17	5	4195	4333	10098382	10098521	1.1e-29	135	ALR.ragtag.scaffold_chr_15_1_24.masked
AL2G20030	scaffold_2	95.918	49	2	0	1568	1616	14336170	14336218	5.23e-13	80.5	ALR.ragtag.scaffold_chr_15_1_24.masked
AL2G20030	scaffold_2	86.301	73	8	2	4189	4261	10098378	10098308	1.88e-12	78.7	ALR.ragtag.scaffold_chr_15_1_24.masked
AL2G20030	scaffold_2	100	38	0	0	1573	1610	14336216	14336253	3.15e-10	71.3	ALR.ragtag.scaffold_chr_15_1_24.masked
AL2G20030	scaffold_2	90.741	54	3	1	111	164	14339347	14339398	3.15e-10	71.3	ALR.ragtag.scaffold_chr_15_1_24.masked
AL2G20030	scaffold_8	93.343	661	17	10	1902	2554	190725	190084	0	952	ALR.ragtag.scaffold_chr_15_1_24.masked
AL2G20030	scaffold_8	88.856	341	27	6	2753	3082	9480318	9480658	5.87e-112	409	ALR.ragtag.scaffold_chr_15_1_24.masked
AL2G20030	scaffold_8	87.675	357	33	7	2753	3098	11804324	11803968	7.6e-111	405	ALR.ragtag.scaffold_chr_15_1_24.masked
AL2G20030	scaffold_8	87.571	354	32	9	2753	3094	12198938	12198585	3.54e-109	399	ALR.ragtag.scaffold_chr_15_1_24.masked
AL2G20030	scaffold_8	87.32	347	33	7	2753	3088	18976238	18975892	2.75e-105	387	ALR.ragtag.scaffold_chr_15_1_24.masked
AL2G20030	scaffold_8	87.761	335	30	7	2759	3082	10605139	10605473	1.28e-103	381	ALR.ragtag.scaffold_chr_15_1_24.masked
AL2G20030	scaffold_8	86.804	341	34	5	2753	3082	12325746	12325406	2.77e-100	370	ALR.ragtag.scaffold_chr_15_1_24.masked
AL2G20030	scaffold_8	86.804	341	34	6	2753	3082	19229688	19230028	2.77e-100	370	ALR.ragtag.scaffold_chr_15_1_24.masked
AL2G20030	scaffold_8	86.04	351	36	8	2754	3093	16230753	16231101	1.29e-98	364	ALR.ragtag.scaffold_chr_15_1_24.masked
AL2G20030	scaffold_8	85.632	348	39	8	2753	3089	18403676	18404023	7.76e-96	355	ALR.ragtag.scaffold_chr_15_1_24.masked
AL2G20030	scaffold_8	94.787	211	7	2	3563	3773	188894	188688	6.09e-87	326	ALR.ragtag.scaffold_chr_15_1_24.masked
AL2G20030	scaffold_8	88.186	237	20	4	2854	3082	10561483	10561719	6.22e-72	276	ALR.ragtag.scaffold_chr_15_1_24.masked
AL2G20030	scaffold_8	76.867	415	70	13	3869	4260	2710028	2709617	1.78e-52	211	ALR.ragtag.scaffold_chr_15_1_24.masked
AL2G20030	scaffold_8	84.052	232	15	5	3087	3318	189096	188887	2.98e-50	204	ALR.ragtag.scaffold_chr_15_1_24.masked
AL2G20030	scaffold_8	78.552	359	39	15	2754	3082	19332402	19332052	1.07e-49	202	ALR.ragtag.scaffold_chr_15_1_24.masked
AL2G20030	scaffold_8	83.886	211	19	8	2752	2947	1925726	1925936	3e-45	187	ALR.ragtag.scaffold_chr_15_1_24.masked
AL2G20030	scaffold_8	96.078	102	3	1	2652	2752	189197	189096	1.4e-38	165	ALR.ragtag.scaffold_chr_15_1_24.masked
AL2G20030	scaffold_8	82.778	180	28	3	2901	3079	805575	805752	2.35e-36	158	ALR.ragtag.scaffold_chr_15_1_24.masked
AL2G20030	scaffold_8	91.071	56	4	1	3023	3077	4979284	4979229	2.43e-11	75	ALR.ragtag.scaffold_chr_15_1_24.masked
AL2G20030	scaffold_5	93.354	647	28	4	3869	4500	14168160	14167514	0	942	ALR.ragtag.scaffold_chr_15_1_24.masked
AL2G20030	scaffold_5	90.217	644	27	6	3869	4500	2071273	2070654	0	808	ALR.ragtag.scaffold_chr_15_1_24.masked
AL2G20030	scaffold_5	88.732	355	28	7	2753	3095	4272728	4273082	2.1e-116	424	ALR.ragtag.scaffold_chr_15_1_24.masked
AL2G20030	scaffold_5	89.443	341	25	8	2753	3082	22744692	22745032	2.71e-115	420	ALR.ragtag.scaffold_chr_15_1_24.masked
AL2G20030	scaffold_5	87.931	348	31	5	2753	3089	9493243	9493590	3.54e-109	399	ALR.ragtag.scaffold_chr_15_1_24.masked
AL2G20030	scaffold_5	87.791	344	31	6	2753	3085	15252274	15251931	5.92e-107	392	ALR.ragtag.scaffold_chr_15_1_24.masked
AL2G20030	scaffold_5	87.39	341	30	9	2753	3082	7614345	7614683	4.61e-103	379	ALR.ragtag.scaffold_chr_15_1_24.masked
AL2G20030	scaffold_5	87.135	342	26	10	2753	3078	17197237	17196898	7.71e-101	372	ALR.ragtag.scaffold_chr_15_1_24.masked
AL2G20030	scaffold_5	88.562	306	30	3	2753	3053	17812416	17812721	3.59e-99	366	ALR.ragtag.scaffold_chr_15_1_24.masked
AL2G20030	scaffold_5	85.92	348	37	8	2753	3088	4902669	4903016	1.67e-97	361	ALR.ragtag.scaffold_chr_15_1_24.masked
AL2G20030	scaffold_5	83.498	303	37	10	4192	4486	14167509	14167806	2.89e-70	270	ALR.ragtag.scaffold_chr_15_1_24.masked
AL2G20030	scaffold_5	82.258	310	43	12	4158	4459	14167555	14167860	2.25e-66	257	ALR.ragtag.scaffold_chr_15_1_24.masked
AL2G20030	scaffold_5	85.169	236	24	7	4195	4423	14167740	14167509	1.36e-58	231	ALR.ragtag.scaffold_chr_15_1_24.masked
AL2G20030	scaffold_5	80.831	313	40	9	4192	4500	2070649	2070945	1.77e-57	228	ALR.ragtag.scaffold_chr_15_1_24.masked
AL2G20030	scaffold_5	82.707	266	37	8	4239	4500	14167860	14167600	1.77e-57	228	ALR.ragtag.scaffold_chr_15_1_24.masked
AL2G20030	scaffold_5	82.374	278	32	12	4183	4459	2070723	2070984	6.35e-57	226	ALR.ragtag.scaffold_chr_15_1_24.masked
AL2G20030	scaffold_5	84.513	226	17	8	4278	4500	2070947	2070737	2.3e-51	207	ALR.ragtag.scaffold_chr_15_1_24.masked
AL2G20030	scaffold_5	86.034	179	22	3	4246	4423	2070825	2070649	8.33e-46	189	ALR.ragtag.scaffold_chr_15_1_24.masked
AL2G20030	scaffold_5	97.03	101	1	2	3774	3872	15971368	15971268	1.09e-39	169	ALR.ragtag.scaffold_chr_15_1_24.masked
AL2G20030	scaffold_5	79.911	224	37	6	4158	4377	14167641	14167860	2.35e-36	158	ALR.ragtag.scaffold_chr_15_1_24.masked
AL2G20030	scaffold_5	79.058	191	29	10	4158	4340	14167697	14167510	3.08e-25	121	ALR.ragtag.scaffold_chr_15_1_24.masked
AL2G20030	scaffold_5	79.618	157	24	7	4188	4340	2070802	2070650	8.63e-21	106	ALR.ragtag.scaffold_chr_15_1_24.masked
AL2G20030	scaffold_5	83.607	61	9	1	4200	4260	2693944	2693885	8.82e-06	56.5	ALR.ragtag.scaffold_chr_15_1_24.masked
AL2G20030	scaffold_4	92.16	625	37	3	3888	4500	2206526	2205902	0	872	ALR.ragtag.scaffold_chr_15_1_24.masked
AL2G20030	scaffold_4	89.118	340	26	6	2754	3082	9574302	9574641	4.54e-113	412	ALR.ragtag.scaffold_chr_15_1_24.masked
AL2G20030	scaffold_4	87.784	352	32	8	2753	3093	6315929	6316280	9.83e-110	401	ALR.ragtag.scaffold_chr_15_1_24.masked
AL2G20030	scaffold_4	87.977	341	30	6	2753	3082	15845038	15844698	5.92e-107	392	ALR.ragtag.scaffold_chr_15_1_24.masked
AL2G20030	scaffold_4	87.393	349	33	6	2753	3090	18633522	18633174	2.13e-106	390	ALR.ragtag.scaffold_chr_15_1_24.masked
AL2G20030	scaffold_4	87.216	352	34	6	2753	3093	24533594	24533945	2.13e-106	390	ALR.ragtag.scaffold_chr_15_1_24.masked
AL2G20030	scaffold_4	87.143	350	34	6	2753	3091	25476618	25476269	2.75e-105	387	ALR.ragtag.scaffold_chr_15_1_24.masked
AL2G20030	scaffold_4	87.647	340	31	6	2753	3081	2242589	2242250	9.9e-105	385	ALR.ragtag.scaffold_chr_15_1_24.masked
AL2G20030	scaffold_4	86.782	348	35	6	2753	3089	1029557	1029210	1.66e-102	377	ALR.ragtag.scaffold_chr_15_1_24.masked
AL2G20030	scaffold_4	87.574	338	27	8	2753	3076	19128776	19128440	1.66e-102	377	ALR.ragtag.scaffold_chr_15_1_24.masked
AL2G20030	scaffold_4	85.634	355	39	8	2753	3096	9574229	9573876	4.64e-98	363	ALR.ragtag.scaffold_chr_15_1_24.masked
AL2G20030	scaffold_4	79.756	410	65	11	3866	4261	15170504	15170099	1.34e-73	281	ALR.ragtag.scaffold_chr_15_1_24.masked
AL2G20030	scaffold_4	88.938	226	20	5	4278	4500	2206208	2205985	2.24e-71	274	ALR.ragtag.scaffold_chr_15_1_24.masked
AL2G20030	scaffold_4	82.222	315	45	10	4192	4500	2205897	2206206	1.74e-67	261	ALR.ragtag.scaffold_chr_15_1_24.masked
AL2G20030	scaffold_4	83.571	280	38	7	4183	4459	2205971	2206245	8.1e-66	255	ALR.ragtag.scaffold_chr_15_1_24.masked
AL2G20030	scaffold_4	82.833	233	32	6	4195	4423	2206125	2205897	1.07e-49	202	ALR.ragtag.scaffold_chr_15_1_24.masked
AL2G20030	scaffold_4	75.93	457	67	22	3869	4296	1699411	1698969	1.79e-47	195	ALR.ragtag.scaffold_chr_15_1_24.masked
AL2G20030	scaffold_3	91.628	645	30	4	3866	4498	18721801	18722433	0	870	ALR.ragtag.scaffold_chr_15_1_24.masked
AL2G20030	scaffold_3	87.714	350	32	6	2753	3091	2094881	2094532	1.27e-108	398	ALR.ragtag.scaffold_chr_15_1_24.masked
AL2G20030	scaffold_3	88.081	344	30	6	2753	3085	19202805	19202462	1.27e-108	398	ALR.ragtag.scaffold_chr_15_1_24.masked
AL2G20030	scaffold_3	88.685	327	32	4	2754	3077	18057557	18057881	1.65e-107	394	ALR.ragtag.scaffold_chr_15_1_24.masked
AL2G20030	scaffold_3	87.977	341	29	7	2753	3082	21154504	21154843	5.92e-107	392	ALR.ragtag.scaffold_chr_15_1_24.masked
AL2G20030	scaffold_3	90.033	301	18	6	2753	3043	7643224	7643522	4.61e-103	379	ALR.ragtag.scaffold_chr_15_1_24.masked
AL2G20030	scaffold_3	86.782	348	35	6	2753	3089	20144788	20144441	1.66e-102	377	ALR.ragtag.scaffold_chr_15_1_24.masked
AL2G20030	scaffold_3	85.879	347	38	6	2756	3091	17541632	17541978	6e-97	359	ALR.ragtag.scaffold_chr_15_1_24.masked
AL2G20030	scaffold_3	89.381	226	19	5	4278	4500	18722129	18722352	4.81e-73	279	ALR.ragtag.scaffold_chr_15_1_24.masked
AL2G20030	scaffold_3	82.736	307	44	9	4158	4459	18722394	18722092	1.35e-68	265	ALR.ragtag.scaffold_chr_15_1_24.masked
AL2G20030	scaffold_3	82.68	306	43	9	4201	4500	18722432	18722131	4.84e-68	263	ALR.ragtag.scaffold_chr_15_1_24.masked
AL2G20030	scaffold_3	83.691	233	30	7	4195	4423	18722212	18722440	4.94e-53	213	ALR.ragtag.scaffold_chr_15_1_24.masked
AL2G20030	scaffold_3	84.324	185	23	6	4158	4338	18722311	18722129	6.49e-42	176	ALR.ragtag.scaffold_chr_15_1_24.masked
AL2G20030	scaffold_3	84.138	145	16	6	4360	4500	18722129	18722270	3.96e-29	134	ALR.ragtag.scaffold_chr_15_1_24.masked
AL2G20030	scaffold_3	97.561	41	1	0	2753	2793	18566808	18566848	3.15e-10	71.3	ALR.ragtag.scaffold_chr_15_1_24.masked
AL2G20030	scaffold_1	88.252	349	30	6	2753	3090	3564002	3564350	2.11e-111	407	ALR.ragtag.scaffold_chr_15_1_24.masked
AL2G20030	scaffold_1	88.081	344	35	4	2753	3093	17711427	17711087	2.73e-110	403	ALR.ragtag.scaffold_chr_15_1_24.masked
AL2G20030	scaffold_1	88.201	339	29	7	2754	3081	25094926	25094588	1.65e-107	394	ALR.ragtag.scaffold_chr_15_1_24.masked
AL2G20030	scaffold_1	87.683	341	31	7	2753	3082	6679935	6679595	2.75e-105	387	ALR.ragtag.scaffold_chr_15_1_24.masked
AL2G20030	scaffold_1	87.39	341	32	6	2753	3082	11332391	11332731	1.28e-103	381	ALR.ragtag.scaffold_chr_15_1_24.masked
AL2G20030	scaffold_1	87.278	338	33	8	2755	3089	3375854	3375524	1.66e-102	377	ALR.ragtag.scaffold_chr_15_1_24.masked
AL2G20030	scaffold_1	86.744	347	34	7	2758	3093	17575083	17574738	5.96e-102	375	ALR.ragtag.scaffold_chr_15_1_24.masked
AL2G20030	scaffold_1	86.88	343	32	8	2753	3082	6215644	6215986	7.71e-101	372	ALR.ragtag.scaffold_chr_15_1_24.masked
AL2G20030	scaffold_1	86.804	341	34	6	2753	3082	12707450	12707790	2.77e-100	370	ALR.ragtag.scaffold_chr_15_1_24.masked
AL2G20030	scaffold_1	86.31	336	35	6	2765	3089	15420612	15420947	7.76e-96	355	ALR.ragtag.scaffold_chr_15_1_24.masked
AL2G20030	scaffold_1	87.342	316	28	8	2753	3056	20904812	20904497	1e-94	351	ALR.ragtag.scaffold_chr_15_1_24.masked
AL2G20030	scaffold_1	89.912	228	21	1	3333	3558	7517990	7518217	6.17e-77	292	ALR.ragtag.scaffold_chr_15_1_24.masked
AL2G20030	scaffold_7	86.919	344	34	6	2753	3085	3530438	3530095	5.96e-102	375	ALR.ragtag.scaffold_chr_15_1_24.masked
AL2G20030	scaffold_7	86.441	354	35	8	2753	3093	16354811	16354458	5.96e-102	375	ALR.ragtag.scaffold_chr_15_1_24.masked
AL2G20030	scaffold_7	86.919	344	31	9	2753	3082	4958665	4959008	2.14e-101	374	ALR.ragtag.scaffold_chr_15_1_24.masked
AL2G20030	scaffold_7	86.047	344	37	7	2753	3085	2289436	2289093	6e-97	359	ALR.ragtag.scaffold_chr_15_1_24.masked
AL2G20030	scaffold_7	86.306	314	30	7	2754	3055	13199052	13199364	4.71e-88	329	ALR.ragtag.scaffold_chr_15_1_24.masked
AL2G20030	scaffold_7	84.257	343	28	9	2753	3082	10786351	10786680	1.7e-82	311	ALR.ragtag.scaffold_chr_15_1_24.masked
AL2G20030	scaffold_7	85.043	234	21	9	3334	3561	13203102	13202877	6.35e-57	226	ALR.ragtag.scaffold_chr_15_1_24.masked
AL2G20030	scaffold_7	89.024	164	16	2	2919	3082	8510570	8510731	1.07e-49	202	ALR.ragtag.scaffold_chr_15_1_24.masked
AL2G20030	scaffold_7	76.136	440	67	18	3857	4261	9522105	9522541	4.98e-48	196	ALR.ragtag.scaffold_chr_15_1_24.masked
AL2G20030	scaffold_7	87.952	166	17	1	2899	3064	355766	355604	6.44e-47	193	ALR.ragtag.scaffold_chr_15_1_24.masked
AL2G20070	scaffold_2	91.644	1125	74	11	201	1314	14474794	14473679	0	1539	ALR.ragtag.scaffold_chr_15_1_24.masked
AL2G20070	scaffold_2	88.908	1136	76	21	197	1314	14339373	14340476	0	1354	ALR.ragtag.scaffold_chr_15_1_24.masked
AL2G20070	scaffold_2	86.502	689	72	15	628	1314	14335298	14335967	0	737	ALR.ragtag.scaffold_chr_15_1_24.masked
AL2G20070	scaffold_2	79.449	472	52	25	80	534	14334787	14335230	1.83e-77	292	ALR.ragtag.scaffold_chr_15_1_24.masked
AL2G20070	scaffold_2	86.842	190	11	9	1	183	14339115	14339297	1.14e-49	200	ALR.ragtag.scaffold_chr_15_1_24.masked
AL2G20070	scaffold_2	90.741	54	3	1	147	200	14339347	14339398	9.36e-11	71.3	ALR.ragtag.scaffold_chr_15_1_24.masked
AL2G20070	scaffold_6	88.757	1263	79	19	64	1317	15062595	15061387	0	1487	ALR.ragtag.scaffold_chr_15_1_24.masked
AL2G20200	scaffold_2	98.376	1909	26	4	1	1905	14472994	14474901	0	3349	ALR.ragtag.scaffold_chr_15_1_24.masked
AL2G20200	scaffold_2	87.879	1386	104	25	460	1821	14340699	14339354	0	1570	ALR.ragtag.scaffold_chr_15_1_24.masked
AL2G20200	scaffold_2	86.777	1210	115	16	184	1371	14336484	14335298	0	1306	ALR.ragtag.scaffold_chr_15_1_24.masked
AL2G20200	scaffold_2	82.275	378	35	16	1433	1786	14335273	14334904	5.57e-79	298	ALR.ragtag.scaffold_chr_15_1_24.masked
AL2G20200	scaffold_2	96.825	63	1	1	239	300	14344140	14344078	1.3e-20	104	ALR.ragtag.scaffold_chr_15_1_24.masked
AL2G20200	scaffold_2	91.837	49	3	1	482	530	14473413	14473460	1.71e-09	67.6	ALR.ragtag.scaffold_chr_15_1_24.masked
AL2G20200	scaffold_6	89.324	1021	81	20	823	1821	15061494	15062508	0	1256	ALR.ragtag.scaffold_chr_15_1_24.masked
AL2G20200	scaffold_6	92.492	333	24	1	436	767	15061143	15061475	2.4e-132	475	ALR.ragtag.scaffold_chr_15_1_24.masked
AL2G20200	scaffold_6	93.651	63	4	0	416	478	15061167	15061229	7.84e-18	95.3	ALR.ragtag.scaffold_chr_15_1_24.masked
AL6G40220	scaffold_6	98.526	1493	12	3	21	1513	15061143	15062625	0	2627	ALR.ragtag.scaffold_chr_15_1_24.masked
AL6G40220	scaffold_6	100	31	0	0	2	32	15061146	15061176	8.14e-07	58.4	ALR.ragtag.scaffold_chr_15_1_24.masked
AL6G40220	scaffold_2	87.194	1429	126	35	1	1396	14473413	14474817	0	1572	ALR.ragtag.scaffold_chr_15_1_24.masked
AL6G40220	scaffold_2	90.18	947	65	9	46	972	14340699	14339761	0	1208	ALR.ragtag.scaffold_chr_15_1_24.masked
AL6G40220	scaffold_2	85.774	956	93	25	1	935	14336231	14335298	0	972	ALR.ragtag.scaffold_chr_15_1_24.masked
AL6G40220	scaffold_2	82.444	450	36	22	1039	1461	14335229	14334796	9.27e-96	353	ALR.ragtag.scaffold_chr_15_1_24.masked
AL6G40220	scaffold_2	81.868	182	12	14	1309	1483	14339345	14339178	1.32e-29	134	ALR.ragtag.scaffold_chr_15_1_24.masked
AL6G40220	scaffold_2	89.888	89	5	2	23	111	14336253	14336169	6.16e-23	111	ALR.ragtag.scaffold_chr_15_1_24.masked
AL6G40220	scaffold_2	97.368	38	1	0	68	105	14336253	14336216	4.87e-09	65.8	ALR.ragtag.scaffold_chr_15_1_24.masked
AL2G20010	scaffold_2_RagTag	96.17	1958	36	10	1	1934	12437427	12439369	0	3164	BAM12_v2
AL2G20010	scaffold_2_RagTag	86.079	1451	140	35	538	1934	13227310	13228752	0	1504	BAM12_v2
AL2G20010	scaffold_2_RagTag	86.224	1430	115	25	538	1932	12448335	12449717	0	1474	BAM12_v2
AL2G20010	scaffold_2_RagTag	87.831	1134	114	14	598	1714	12542792	12543918	0	1308	BAM12_v2
AL2G20010	scaffold_2_RagTag	93.548	527	33	1	1188	1714	13215109	13215634	0	784	BAM12_v2
AL2G20010	scaffold_2_RagTag	89.421	501	52	1	694	1193	13209020	13209520	5.03e-179	630	BAM12_v2
AL2G20010	scaffold_2_RagTag	80.882	476	44	27	73	516	12457751	12458211	5.72e-89	331	BAM12_v2
AL2G20010	scaffold_2_RagTag	83.284	335	34	10	191	517	13208157	13208477	3.49e-76	289	BAM12_v2
AL2G20010	scaffold_2_RagTag	78.647	473	48	29	73	517	12542252	12542699	5.88e-69	265	BAM12_v2
AL2G20010	scaffold_2_RagTag	80.769	286	36	7	191	469	12448045	12448318	3.61e-51	206	BAM12_v2
AL2G20010	scaffold_2_RagTag	91.935	124	8	2	118	240	13207446	13207568	3.67e-41	172	BAM12_v2
AL2G20010	scaffold_2_RagTag	91.045	67	6	0	1470	1536	12543636	12543702	1.06e-16	91.6	BAM12_v2
AL2G20010	scaffold_2_RagTag	87.879	66	5	1	1427	1492	12438908	12438970	1.06e-11	75	BAM12_v2
AL2G20010	scaffold_2_RagTag	91.111	45	4	0	1492	1536	12543636	12543680	8.28e-08	62.1	BAM12_v2
AL2G20020	scaffold_2_RagTag	96.947	1965	27	5	15	1975	12447782	12449717	0	3265	BAM12_v2
AL2G20020	scaffold_2_RagTag	92.881	1770	94	22	73	1827	13226813	13228565	0	2542	BAM12_v2
AL2G20020	scaffold_2_RagTag	91.949	1180	80	8	600	1776	12542751	12543918	0	1639	BAM12_v2
AL2G20020	scaffold_2_RagTag	85.411	1460	136	36	559	1975	12437942	12439367	0	1445	BAM12_v2
AL2G20020	scaffold_2_RagTag	95.803	548	22	1	1	547	13207880	13208427	0	883	BAM12_v2
AL2G20020	scaffold_2_RagTag	91.215	535	33	6	1247	1776	13215109	13215634	0	715	BAM12_v2
AL2G20020	scaffold_2_RagTag	91.456	515	27	12	739	1252	13209022	13209520	0	691	BAM12_v2
AL2G20020	scaffold_2_RagTag	88.737	293	21	6	261	550	12542369	12542652	5.8e-94	348	BAM12_v2
AL2G20020	scaffold_2_RagTag	86.007	293	36	5	261	550	12457875	12458165	2.74e-82	309	BAM12_v2
AL2G20020	scaffold_2_RagTag	90.964	166	15	0	600	765	12458273	12458438	1.02e-56	224	BAM12_v2
AL2G20020	scaffold_2_RagTag	81.287	171	22	7	1	165	12542173	12542339	2.29e-28	130	BAM12_v2
AL2G20020	scaffold_2_RagTag	78.866	194	26	10	1	183	12457672	12457861	1.78e-24	117	BAM12_v2
AL2G20020	scaffold_2_RagTag	94.737	57	3	0	1553	1609	12543655	12543711	3.88e-16	89.8	BAM12_v2
AL2G20020	scaffold_2_RagTag	87.805	82	3	2	1528	1609	13215348	13215422	3.88e-16	89.8	BAM12_v2
AL2G20020	scaffold_2_RagTag	90.323	62	5	1	1549	1609	13228217	13228278	2.33e-13	80.5	BAM12_v2
AL2G20020	scaffold_2_RagTag	92.453	53	4	0	1557	1609	13215348	13215400	3.02e-12	76.8	BAM12_v2
AL2G20030	scaffold_2_RagTag	98.683	1367	9	6	2415	3773	12470188	12471553	0	2416	BAM12_v2
AL2G20030	scaffold_2_RagTag	91.768	1154	76	10	31	1181	12542236	12543373	0	1587	BAM12_v2
AL2G20030	scaffold_2_RagTag	96.307	704	16	2	31	724	12457735	12458438	0	1147	BAM12_v2
AL2G20030	scaffold_2_RagTag	94.543	623	34	0	559	1181	12448368	12448990	0	963	BAM12_v2
AL2G20030	scaffold_2_RagTag	93.419	623	37	3	559	1181	13227343	13227961	0	920	BAM12_v2
AL2G20030	scaffold_2_RagTag	95.158	475	21	2	4027	4500	11738994	11738521	0	749	BAM12_v2
AL2G20030	scaffold_2_RagTag	98.953	382	4	0	2039	2420	12458455	12458836	0	684	BAM12_v2
AL2G20030	scaffold_2_RagTag	91.376	487	27	8	696	1181	13209020	13209492	0	652	BAM12_v2
AL2G20030	scaffold_2_RagTag	87.085	542	56	11	161	700	13208141	13208670	9.26e-170	601	BAM12_v2
AL2G20030	scaffold_2_RagTag	84.211	627	66	20	601	1211	12438014	12438623	4.34e-163	579	BAM12_v2
AL2G20030	scaffold_2_RagTag	87.264	424	31	9	1208	1617	12438478	12438892	4.56e-128	462	BAM12_v2
AL2G20030	scaffold_2_RagTag	87.089	426	31	14	1208	1617	12448887	12449304	1.64e-127	460	BAM12_v2
AL2G20030	scaffold_2_RagTag	87.089	426	31	14	1208	1617	12543270	12543687	1.64e-127	460	BAM12_v2
AL2G20030	scaffold_2_RagTag	86.651	427	31	13	1208	1617	13227859	13228276	3.55e-124	449	BAM12_v2
AL2G20030	scaffold_2_RagTag	89.535	344	20	11	2758	3089	14063930	14063591	7.73e-116	422	BAM12_v2
AL2G20030	scaffold_2_RagTag	89.08	348	27	8	2753	3089	20889063	20889410	7.73e-116	422	BAM12_v2
AL2G20030	scaffold_2_RagTag	87.941	340	30	6	2753	3081	613112	612773	2.18e-106	390	BAM12_v2
AL2G20030	scaffold_2_RagTag	85.873	361	37	9	2753	3101	2154156	2154514	7.9e-101	372	BAM12_v2
AL2G20030	scaffold_2_RagTag	89.597	298	21	5	1322	1617	13215109	13215398	2.84e-100	370	BAM12_v2
AL2G20030	scaffold_2_RagTag	91.852	270	11	2	3869	4127	11739272	11739003	3.68e-99	366	BAM12_v2
AL2G20030	scaffold_2_RagTag	87.789	303	25	8	2753	3044	22648014	22647713	1.72e-92	344	BAM12_v2
AL2G20030	scaffold_2_RagTag	81.36	456	44	23	53	491	12437508	12437939	3.73e-89	333	BAM12_v2
AL2G20030	scaffold_2_RagTag	86.689	293	34	5	161	451	12448029	12448318	2.9e-85	320	BAM12_v2
AL2G20030	scaffold_2_RagTag	83.861	316	37	11	4192	4500	11738516	11738824	8.18e-76	289	BAM12_v2
AL2G20030	scaffold_2_RagTag	88.938	226	20	5	4278	4500	11738826	11738603	2.29e-71	274	BAM12_v2
AL2G20030	scaffold_2_RagTag	83.849	291	41	6	165	452	13227007	13227294	8.24e-71	272	BAM12_v2
AL2G20030	scaffold_2_RagTag	83.117	308	40	11	4158	4459	11738562	11738863	2.96e-70	270	BAM12_v2
AL2G20030	scaffold_2_RagTag	87.273	220	25	2	2883	3101	2154538	2154755	1.39e-63	248	BAM12_v2
AL2G20030	scaffold_2_RagTag	85.345	232	27	6	4195	4423	11738743	11738516	3.89e-59	233	BAM12_v2
AL2G20030	scaffold_2_RagTag	77.723	404	74	8	3869	4260	18866413	18866014	3.89e-59	233	BAM12_v2
AL2G20030	scaffold_2_RagTag	76.66	467	64	23	3861	4296	1453719	1454171	3.92e-54	217	BAM12_v2
AL2G20030	scaffold_2_RagTag	76.867	415	70	12	3869	4260	17749754	17750165	1.82e-52	211	BAM12_v2
AL2G20030	scaffold_2_RagTag	79.255	188	30	8	4158	4340	11738700	11738517	8.78e-26	122	BAM12_v2
AL2G20030	scaffold_2_RagTag	84.211	133	7	9	1208	1327	13209389	13209520	4.09e-24	117	BAM12_v2
AL2G20030	scaffold_2_RagTag	86.538	104	10	3	31	131	12447831	12447933	1.9e-22	111	BAM12_v2
AL2G20030	scaffold_2_RagTag	85.577	104	11	3	31	131	13207943	13208045	8.85e-21	106	BAM12_v2
AL2G20030	scaffold_2_RagTag	81.579	114	11	6	41	147	13226813	13226923	1.15e-14	86.1	BAM12_v2
AL2G20030	scaffold_2_RagTag	95.918	49	2	0	1568	1616	12438887	12438935	5.36e-13	80.5	BAM12_v2
AL2G20030	scaffold_2_RagTag	97.778	45	1	0	1568	1612	12449299	12449343	1.93e-12	78.7	BAM12_v2
AL2G20030	scaffold_2_RagTag	100	38	0	0	1573	1610	12438933	12438970	3.23e-10	71.3	BAM12_v2
AL2G20030	scaffold_2_RagTag	100	32	0	0	183	214	8247616	8247585	6.99e-07	60.2	BAM12_v2
AL2G20030	scaffold_6_RagTag	97.956	1174	18	5	2605	3773	14297415	14296243	0	2030	BAM12_v2
AL2G20030	scaffold_6_RagTag	88.385	353	30	6	2753	3094	6463815	6463463	1.29e-113	414	BAM12_v2
AL2G20030	scaffold_6_RagTag	87.966	349	31	6	2753	3090	8381570	8381918	1.01e-109	401	BAM12_v2
AL2G20030	scaffold_6_RagTag	87.966	349	31	7	2753	3090	12302137	12302485	1.01e-109	401	BAM12_v2
AL2G20030	scaffold_6_RagTag	88.393	336	27	9	2753	3076	8381994	8382329	1.69e-107	394	BAM12_v2
AL2G20030	scaffold_6_RagTag	88.554	332	27	8	2770	3090	8293080	8293411	6.06e-107	392	BAM12_v2
AL2G20030	scaffold_6_RagTag	87.683	341	31	6	2753	3082	25228105	25228445	2.82e-105	387	BAM12_v2
AL2G20030	scaffold_6_RagTag	86.932	352	35	6	2753	3093	7357523	7357172	1.01e-104	385	BAM12_v2
AL2G20030	scaffold_6_RagTag	87.647	340	31	6	2752	3080	14533920	14534259	1.01e-104	385	BAM12_v2
AL2G20030	scaffold_6_RagTag	86.761	355	34	5	2753	3094	20583627	20583273	3.65e-104	383	BAM12_v2
AL2G20030	scaffold_6_RagTag	86.236	356	38	6	2753	3097	19829927	19829572	6.11e-102	375	BAM12_v2
AL2G20030	scaffold_6_RagTag	86.842	342	33	6	2754	3083	13546701	13546360	7.9e-101	372	BAM12_v2
AL2G20030	scaffold_6_RagTag	86.804	341	34	6	2753	3082	25227735	25228075	2.84e-100	370	BAM12_v2
AL2G20030	scaffold_6_RagTag	87.048	332	31	9	2756	3076	19779764	19779434	1.32e-98	364	BAM12_v2
AL2G20030	scaffold_6_RagTag	89.529	191	20	0	2899	3089	25227197	25227007	6.46e-62	243	BAM12_v2
AL2G20030	scaffold_6_RagTag	77.295	414	70	10	3869	4260	6231525	6231936	8.42e-56	222	BAM12_v2
AL2G20030	scaffold_6_RagTag	95.05	101	2	3	3774	3872	15297830	15297731	8.66e-36	156	BAM12_v2
AL2G20030	scaffold_8_RagTag	92.194	743	21	10	1820	2554	159907	159194	0	1016	BAM12_v2
AL2G20030	scaffold_8_RagTag	88.539	349	29	6	2753	3090	2524823	2524475	4.65e-113	412	BAM12_v2
AL2G20030	scaffold_8_RagTag	87.931	348	31	6	2753	3089	16480288	16480635	3.62e-109	399	BAM12_v2
AL2G20030	scaffold_8_RagTag	85.417	336	35	7	2756	3077	5957372	5957037	2.88e-90	337	BAM12_v2
AL2G20030	scaffold_8_RagTag	86.25	320	32	8	2789	3096	14057515	14057196	2.88e-90	337	BAM12_v2
AL2G20030	scaffold_8_RagTag	95.261	211	6	2	3563	3773	158597	158391	1.34e-88	331	BAM12_v2
AL2G20030	scaffold_8_RagTag	88	250	24	5	3319	3562	14085939	14086188	2.28e-76	291	BAM12_v2
AL2G20030	scaffold_8_RagTag	97.872	94	2	0	2658	2751	158870	158777	5.18e-38	163	BAM12_v2
AL2G20030	scaffold_8_RagTag	84.416	154	10	4	2754	2904	19354575	19354717	8.72e-31	139	BAM12_v2
AL2G20030	scaffold_8_RagTag	80.571	175	32	2	4086	4260	11631600	11631428	4.06e-29	134	BAM12_v2
AL2G20030	scaffold_3_RagTag	94.729	645	23	1	3867	4500	10598658	10599302	0	992	BAM12_v2
AL2G20030	scaffold_3_RagTag	93.249	474	19	4	4027	4500	20544721	20544261	0	686	BAM12_v2
AL2G20030	scaffold_3_RagTag	88.856	341	26	7	2753	3082	586521	586860	6.02e-112	409	BAM12_v2
AL2G20030	scaffold_3_RagTag	88.218	348	30	8	2753	3089	6476615	6476268	7.79e-111	405	BAM12_v2
AL2G20030	scaffold_3_RagTag	88	350	31	7	2753	3091	21295918	21296267	2.8e-110	403	BAM12_v2
AL2G20030	scaffold_3_RagTag	88.288	333	34	3	2753	3082	12325839	12325509	1.69e-107	394	BAM12_v2
AL2G20030	scaffold_3_RagTag	87.115	357	34	7	2753	3098	25337533	25337888	1.69e-107	394	BAM12_v2
AL2G20030	scaffold_3_RagTag	88.06	335	28	7	2753	3076	5594957	5595290	2.82e-105	387	BAM12_v2
AL2G20030	scaffold_3_RagTag	86.61	351	35	6	2753	3091	3317682	3317332	1.7e-102	377	BAM12_v2
AL2G20030	scaffold_3_RagTag	89.701	301	19	6	2753	3043	13966758	13967056	2.2e-101	374	BAM12_v2
AL2G20030	scaffold_3_RagTag	86.533	349	36	5	2753	3090	25533158	25532810	2.2e-101	374	BAM12_v2
AL2G20030	scaffold_3_RagTag	87.346	324	29	8	2753	3065	4817511	4817833	1.71e-97	361	BAM12_v2
AL2G20030	scaffold_3_RagTag	86.35	337	35	6	2757	3082	23762426	23762762	2.21e-96	357	BAM12_v2
AL2G20030	scaffold_3_RagTag	90.706	269	13	3	3869	4125	20544999	20544731	1.33e-93	348	BAM12_v2
AL2G20030	scaffold_3_RagTag	87.291	299	27	6	2805	3092	24110036	24109738	1.34e-88	331	BAM12_v2
AL2G20030	scaffold_3_RagTag	85.016	307	37	8	4195	4497	10599304	10599003	2.92e-80	303	BAM12_v2
AL2G20030	scaffold_3_RagTag	83.007	306	44	8	4158	4459	10599261	10598960	2.96e-70	270	BAM12_v2
AL2G20030	scaffold_3_RagTag	87.5	232	22	6	4195	4423	10599080	10599307	1.78e-67	261	BAM12_v2
AL2G20030	scaffold_3_RagTag	88.532	218	20	3	2752	2966	11731560	11731775	6.42e-67	259	BAM12_v2
AL2G20030	scaffold_3_RagTag	82.428	313	34	12	4192	4500	20544256	20544551	2.99e-65	254	BAM12_v2
AL2G20030	scaffold_3_RagTag	86.818	220	25	4	4283	4500	10599003	10599220	6.46e-62	243	BAM12_v2
AL2G20030	scaffold_3_RagTag	87.692	195	21	3	4230	4423	20544448	20544256	2.34e-56	224	BAM12_v2
AL2G20030	scaffold_3_RagTag	80.984	305	39	13	4158	4459	20544302	20544590	2.34e-56	224	BAM12_v2
AL2G20030	scaffold_3_RagTag	88.506	174	13	7	4330	4500	20544511	20544342	3.05e-50	204	BAM12_v2
AL2G20030	scaffold_3_RagTag	83.708	178	26	2	4158	4333	10599179	10599003	1.44e-38	165	BAM12_v2
AL2G20030	scaffold_3_RagTag	96.04	101	2	2	3774	3872	6253369	6253469	5.18e-38	163	BAM12_v2
AL2G20030	scaffold_3_RagTag	79.787	188	29	8	4158	4340	10599123	10599306	1.89e-27	128	BAM12_v2
AL2G20030	scaffold_3_RagTag	79.144	187	31	7	4158	4340	20544439	20544257	8.78e-26	122	BAM12_v2
AL2G20030	scaffold_1_RagTag	94.316	475	24	3	4027	4500	4294029	4294501	0	725	BAM12_v2
AL2G20030	scaffold_1_RagTag	92.211	475	22	4	4027	4500	14314153	14314613	0	658	BAM12_v2
AL2G20030	scaffold_1_RagTag	94.307	404	12	1	3869	4261	19068208	19067805	5.53e-172	608	BAM12_v2
AL2G20030	scaffold_1_RagTag	94.986	359	18	0	4142	4500	19067803	19067445	1.21e-158	564	BAM12_v2
AL2G20030	scaffold_1_RagTag	88.473	347	29	6	2756	3091	1220532	1220186	6.02e-112	409	BAM12_v2
AL2G20030	scaffold_1_RagTag	88.889	342	25	10	2753	3082	9752152	9752492	6.02e-112	409	BAM12_v2
AL2G20030	scaffold_1_RagTag	88.068	352	31	5	2753	3093	16636249	16636600	2.17e-111	407	BAM12_v2
AL2G20030	scaffold_1_RagTag	88	350	31	7	2753	3091	1210076	1209727	2.8e-110	403	BAM12_v2
AL2G20030	scaffold_1_RagTag	87.571	354	33	8	2754	3096	26906713	26906360	3.62e-109	399	BAM12_v2
AL2G20030	scaffold_1_RagTag	87.647	340	35	6	2755	3089	3291641	3291304	7.84e-106	388	BAM12_v2
AL2G20030	scaffold_1_RagTag	87.5	344	32	6	2753	3085	14612776	14612433	2.82e-105	387	BAM12_v2
AL2G20030	scaffold_1_RagTag	87.464	343	32	6	2754	3085	14296552	14296210	1.01e-104	385	BAM12_v2
AL2G20030	scaffold_1_RagTag	87.427	342	31	6	2753	3082	6746858	6746517	3.65e-104	383	BAM12_v2
AL2G20030	scaffold_1_RagTag	87.39	341	32	6	2753	3082	13103131	13103471	1.31e-103	381	BAM12_v2
AL2G20030	scaffold_1_RagTag	87.692	325	29	6	2753	3066	15268053	15268377	1.02e-99	368	BAM12_v2
AL2G20030	scaffold_1_RagTag	90.706	269	13	3	3869	4125	14313875	14314143	1.33e-93	348	BAM12_v2
AL2G20030	scaffold_1_RagTag	91.633	251	20	1	3319	3568	4423358	4423108	4.79e-93	346	BAM12_v2
AL2G20030	scaffold_1_RagTag	92.952	227	15	1	3333	3558	13169315	13169089	4.82e-88	329	BAM12_v2
AL2G20030	scaffold_1_RagTag	88.104	269	9	8	3869	4125	4293762	4294019	1.36e-78	298	BAM12_v2
AL2G20030	scaffold_1_RagTag	83.923	311	40	10	4195	4500	4294503	4294198	8.18e-76	289	BAM12_v2
AL2G20030	scaffold_1_RagTag	84.039	307	40	9	4195	4497	14314615	14314314	2.94e-75	287	BAM12_v2
AL2G20030	scaffold_1_RagTag	83.492	315	40	10	4192	4500	19067440	19067748	3.81e-74	283	BAM12_v2
AL2G20030	scaffold_1_RagTag	88.938	226	21	4	4278	4500	4294196	4294420	6.37e-72	276	BAM12_v2
AL2G20030	scaffold_1_RagTag	86.486	259	23	7	2788	3035	10933575	10933318	2.29e-71	274	BAM12_v2
AL2G20030	scaffold_1_RagTag	89.091	220	21	3	4283	4500	14314314	14314532	2.96e-70	270	BAM12_v2
AL2G20030	scaffold_1_RagTag	83.007	306	44	8	4158	4459	19067486	19067787	2.96e-70	270	BAM12_v2
AL2G20030	scaffold_1_RagTag	89.202	213	23	0	2884	3096	18511830	18511618	3.83e-69	267	BAM12_v2
AL2G20030	scaffold_1_RagTag	82.41	307	44	10	4158	4459	4294460	4294159	6.42e-67	259	BAM12_v2
AL2G20030	scaffold_1_RagTag	86.752	234	20	8	4195	4423	19067667	19067440	3.86e-64	250	BAM12_v2
AL2G20030	scaffold_1_RagTag	83.969	262	35	7	4158	4415	14314572	14314314	1.8e-62	244	BAM12_v2
AL2G20030	scaffold_1_RagTag	80.682	352	32	16	2753	3093	3610817	3611143	2.32e-61	241	BAM12_v2
AL2G20030	scaffold_1_RagTag	83.083	266	36	8	4239	4500	19067787	19067527	3.89e-59	233	BAM12_v2
AL2G20030	scaffold_1_RagTag	84.914	232	27	6	4195	4423	4294280	4294506	1.81e-57	228	BAM12_v2
AL2G20030	scaffold_1_RagTag	84.914	232	27	6	4195	4423	14314392	14314618	1.81e-57	228	BAM12_v2
AL2G20030	scaffold_1_RagTag	98.02	101	0	2	3774	3872	5983817	5983917	2.39e-41	174	BAM12_v2
AL2G20030	scaffold_1_RagTag	98.02	101	0	2	3774	3872	6006423	6006523	2.39e-41	174	BAM12_v2
AL2G20030	scaffold_1_RagTag	98.02	101	0	2	3774	3872	29063805	29063905	2.39e-41	174	BAM12_v2
AL2G20030	scaffold_1_RagTag	80.357	224	36	6	4158	4377	19067568	19067787	5.18e-38	163	BAM12_v2
AL2G20030	scaffold_1_RagTag	79.817	218	35	6	4086	4297	4270186	4270400	4.03e-34	150	BAM12_v2
AL2G20030	scaffold_1_RagTag	92.233	103	6	2	3773	3873	30274160	30274262	1.87e-32	145	BAM12_v2
AL2G20030	scaffold_1_RagTag	80	190	25	12	4158	4340	19067624	19067441	1.89e-27	128	BAM12_v2
AL2G20030	scaffold_1_RagTag	79.255	188	29	8	4158	4340	4294323	4294505	8.78e-26	122	BAM12_v2
AL2G20030	scaffold_1_RagTag	79.255	188	29	8	4158	4340	14314435	14314617	8.78e-26	122	BAM12_v2
AL2G20030	scaffold_1_RagTag	86.667	105	11	3	4356	4459	19067806	19067908	5.29e-23	113	BAM12_v2
AL2G20030	scaffold_1_RagTag	92.537	67	4	1	4435	4500	19067803	19067869	1.91e-17	95.3	BAM12_v2
AL2G20030	scaffold_1_RagTag	96.154	52	2	0	2753	2804	10934066	10934015	1.15e-14	86.1	BAM12_v2
AL2G20030	scaffold_4_RagTag	84.296	554	40	26	3888	4423	10533722	10534246	1.25e-138	497	BAM12_v2
AL2G20030	scaffold_4_RagTag	88.728	346	28	6	2755	3089	11773016	11773361	4.65e-113	412	BAM12_v2
AL2G20030	scaffold_4_RagTag	88.252	349	30	7	2753	3090	6003582	6003930	2.17e-111	407	BAM12_v2
AL2G20030	scaffold_4_RagTag	87.966	349	31	6	2753	3090	17123610	17123262	1.01e-109	401	BAM12_v2
AL2G20030	scaffold_4_RagTag	86.957	368	34	11	2753	3107	23168966	23168600	1.01e-109	401	BAM12_v2
AL2G20030	scaffold_4_RagTag	87.749	351	29	8	2753	3090	469858	470207	1.3e-108	398	BAM12_v2
AL2G20030	scaffold_4_RagTag	87.5	344	34	5	2753	3092	19262087	19261749	7.84e-106	388	BAM12_v2
AL2G20030	scaffold_4_RagTag	87.5	344	32	6	2753	3085	2164186	2163843	2.82e-105	387	BAM12_v2
AL2G20030	scaffold_4_RagTag	87.39	341	32	5	2753	3082	12516824	12517164	1.31e-103	381	BAM12_v2
AL2G20030	scaffold_4_RagTag	86.919	344	34	6	2753	3085	18231350	18231007	6.11e-102	375	BAM12_v2
AL2G20030	scaffold_4_RagTag	77.003	387	69	9	3888	4260	10966737	10966357	3.05e-50	204	BAM12_v2
AL2G20030	scaffold_4_RagTag	98.02	101	0	2	3774	3872	13186709	13186809	2.39e-41	174	BAM12_v2
AL2G20030	scaffold_4_RagTag	98.02	101	0	2	3774	3872	21564797	21564697	2.39e-41	174	BAM12_v2
AL2G20030	scaffold_4_RagTag	75.604	414	64	17	3869	4260	15908371	15907973	3.09e-40	171	BAM12_v2
AL2G20030	scaffold_4_RagTag	83.333	150	17	6	4190	4333	10534182	10534035	1.46e-28	132	BAM12_v2
AL2G20030	scaffold_4_RagTag	86.301	73	8	2	4189	4261	10534178	10534248	1.93e-12	78.7	BAM12_v2
AL2G20030	scaffold_7_RagTag	88.663	344	28	6	2753	3085	13247204	13246861	6.02e-112	409	BAM12_v2
AL2G20030	scaffold_7_RagTag	86.559	372	37	8	2734	3093	17871771	17872141	1.3e-108	398	BAM12_v2
AL2G20030	scaffold_7_RagTag	87.429	350	33	7	2753	3091	17703845	17704194	6.06e-107	392	BAM12_v2
AL2G20030	scaffold_7_RagTag	87.143	350	34	6	2753	3091	10029948	10029599	2.82e-105	387	BAM12_v2
AL2G20030	scaffold_7_RagTag	87.683	341	31	6	2753	3082	12950419	12950759	2.82e-105	387	BAM12_v2
AL2G20030	scaffold_7_RagTag	86.895	351	33	6	2754	3091	17124667	17125017	1.31e-103	381	BAM12_v2
AL2G20030	scaffold_7_RagTag	87.613	331	36	3	2754	3081	10345682	10345354	4.72e-103	379	BAM12_v2
AL2G20030	scaffold_7_RagTag	87.353	340	30	7	2753	3080	17520247	17520585	1.7e-102	377	BAM12_v2
AL2G20030	scaffold_7_RagTag	88.217	314	26	7	2780	3082	6285426	6285739	1.32e-98	364	BAM12_v2
AL2G20030	scaffold_7_RagTag	86.217	341	36	7	2753	3082	11134987	11135327	6.15e-97	359	BAM12_v2
AL2G20030	scaffold_7_RagTag	84.969	326	37	7	2753	3066	17703784	17703459	2.9e-85	320	BAM12_v2
AL2G20030	scaffold_7_RagTag	89.641	251	18	7	3319	3562	17087791	17088040	4.86e-83	313	BAM12_v2
AL2G20030	scaffold_7_RagTag	83.871	341	31	7	2754	3082	11687302	11687630	2.92e-80	303	BAM12_v2
AL2G20030	scaffold_7_RagTag	86.747	249	21	8	3318	3562	14048540	14048300	3.83e-69	267	BAM12_v2
AL2G20030	scaffold_7_RagTag	76.304	460	67	20	3866	4296	16202497	16202051	2.36e-51	207	BAM12_v2
AL2G20030	scaffold_7_RagTag	98.02	101	0	2	3774	3872	4958091	4957991	2.39e-41	174	BAM12_v2
AL2G20030	scaffold_7_RagTag	98.02	101	0	2	3774	3872	11991696	11991796	2.39e-41	174	BAM12_v2
AL2G20030	scaffold_5_RagTag	88.563	341	28	6	2749	3078	14820327	14819987	2.8e-110	403	BAM12_v2
AL2G20030	scaffold_5_RagTag	87.791	344	31	8	2753	3085	2569929	2569586	6.06e-107	392	BAM12_v2
AL2G20030	scaffold_5_RagTag	87.252	353	33	8	2753	3093	19777351	19776999	6.06e-107	392	BAM12_v2
AL2G20030	scaffold_5_RagTag	86.207	348	36	8	2757	3092	19822803	19822456	3.68e-99	366	BAM12_v2
AL2G20030	scaffold_5_RagTag	86.51	341	35	7	2753	3082	14919093	14918753	1.32e-98	364	BAM12_v2
AL2G20030	scaffold_5_RagTag	88.136	295	24	6	2754	3037	15506095	15506389	2.23e-91	340	BAM12_v2
AL2G20030	scaffold_5_RagTag	90.4	250	17	7	3319	3562	486584	486832	8.07e-86	322	BAM12_v2
AL2G20030	scaffold_5_RagTag	76.57	414	71	12	3869	4260	11725563	11725154	3.05e-50	204	BAM12_v2
AL2G20030	scaffold_5_RagTag	76.329	414	74	10	3869	4260	651416	651827	3.94e-49	200	BAM12_v2
AL2G20030	scaffold_5_RagTag	98.246	114	2	0	2357	2470	17543207	17543320	3.94e-49	200	BAM12_v2
AL2G20070	scaffold_2_RagTag	97.489	1314	26	1	1	1314	12542173	12543479	0	2237	BAM12_v2
AL2G20070	scaffold_2_RagTag	94.787	729	38	0	586	1314	12448368	12449096	0	1136	BAM12_v2
AL2G20070	scaffold_2_RagTag	93.57	731	41	4	586	1314	13227343	13228069	0	1085	BAM12_v2
AL2G20070	scaffold_2_RagTag	90.222	767	59	6	1	751	12457672	12458438	0	987	BAM12_v2
AL2G20070	scaffold_2_RagTag	86.938	689	70	15	628	1314	12438014	12438684	0	756	BAM12_v2
AL2G20070	scaffold_2_RagTag	90.038	522	47	5	197	716	13208141	13208659	0	671	BAM12_v2
AL2G20070	scaffold_2_RagTag	90.68	515	31	10	725	1238	13209022	13209520	0	669	BAM12_v2
AL2G20070	scaffold_2_RagTag	92.44	291	16	6	201	488	13227007	13227294	4.98e-113	411	BAM12_v2
AL2G20070	scaffold_2_RagTag	91.809	293	19	5	197	487	12448029	12448318	8.33e-111	403	BAM12_v2
AL2G20070	scaffold_2_RagTag	79.281	473	55	25	80	534	12437499	12437946	6.76e-77	291	BAM12_v2
AL2G20070	scaffold_2_RagTag	81.395	172	21	7	1	167	13207880	13208045	1.56e-28	130	BAM12_v2
AL2G20070	scaffold_2_RagTag	85.385	130	10	6	43	167	12447808	12447933	2.02e-27	126	BAM12_v2
AL2G20070	scaffold_2_RagTag	83.495	103	7	6	88	183	13226824	13226923	9.52e-16	87.9	BAM12_v2
AL2G20070	scaffold_2_RagTag	100	32	0	0	219	250	8247616	8247585	2.08e-07	60.2	BAM12_v2
AL2G20200	scaffold_2_RagTag	96.045	1416	45	5	1	1413	13228750	13227343	0	2294	BAM12_v2
AL2G20200	scaffold_2_RagTag	90.134	1571	119	23	239	1798	12543918	12542373	0	2010	BAM12_v2
AL2G20200	scaffold_2_RagTag	89.499	1238	83	25	186	1413	12449568	12448368	0	1522	BAM12_v2
AL2G20200	scaffold_2_RagTag	84.968	1397	141	31	1	1371	12439367	12438014	0	1352	BAM12_v2
AL2G20200	scaffold_2_RagTag	98.739	555	2	4	1269	1821	13208673	13208122	0	981	BAM12_v2
AL2G20200	scaffold_2_RagTag	92.966	526	36	1	239	763	13215634	13215109	0	765	BAM12_v2
AL2G20200	scaffold_2_RagTag	89.615	520	34	11	758	1276	13209520	13209020	0	643	BAM12_v2
AL2G20200	scaffold_2_RagTag	87.544	562	57	9	1248	1798	12458438	12457879	0	638	BAM12_v2
AL2G20200	scaffold_2_RagTag	90.446	314	26	4	1511	1821	13227294	13226982	7.03e-113	411	BAM12_v2
AL2G20200	scaffold_2_RagTag	89.968	309	26	4	1515	1821	12448315	12448010	7.08e-108	394	BAM12_v2
AL2G20200	scaffold_2_RagTag	82.011	378	36	16	1433	1786	12437989	12437620	2.66e-77	292	BAM12_v2
AL2G20200	scaffold_2_RagTag	100	121	0	0	1785	1905	13207639	13207519	9.83e-57	224	BAM12_v2
AL2G20200	scaffold_2_RagTag	85.714	112	4	7	14	124	12449700	12449600	1.03e-21	108	BAM12_v2
AL2G20200	scaffold_2_RagTag	82.474	97	13	4	69	163	12544016	12543922	6.26e-14	82.4	BAM12_v2
AL6G40220	scaffold_2_RagTag	88.816	1529	107	19	1	1483	12543746	12542236	0	1818	BAM12_v2
AL6G40220	scaffold_2_RagTag	91.574	985	60	4	14	977	12449350	12448368	0	1338	BAM12_v2
AL6G40220	scaffold_2_RagTag	90.2	1000	68	9	1	977	13228335	13227343	0	1277	BAM12_v2
AL6G40220	scaffold_2_RagTag	93.466	704	14	3	812	1483	12458438	12457735	0	1016	BAM12_v2
AL6G40220	scaffold_2_RagTag	85.879	956	93	24	1	935	12438948	12438014	0	979	BAM12_v2
AL6G40220	scaffold_2_RagTag	90.965	487	29	8	355	840	13209492	13209020	0	641	BAM12_v2
AL6G40220	scaffold_2_RagTag	86.14	570	63	11	836	1403	13208670	13208115	3.07e-170	601	BAM12_v2
AL6G40220	scaffold_2_RagTag	92.308	351	25	2	1	351	13215457	13215109	4.15e-139	497	BAM12_v2
AL6G40220	scaffold_2_RagTag	85.67	321	39	6	1085	1403	12448318	12448003	4.45e-89	331	BAM12_v2
AL6G40220	scaffold_2_RagTag	83.06	183	11	13	1309	1483	12448001	12447831	4.81e-34	148	BAM12_v2
AL6G40220	scaffold_2_RagTag	82.514	183	12	13	1309	1483	13208113	13207943	2.24e-32	143	BAM12_v2
AL6G40220	scaffold_2_RagTag	82.558	172	12	11	1309	1473	13226973	13226813	3.75e-30	135	BAM12_v2
AL6G40220	scaffold_2_RagTag	89.888	89	5	2	23	111	12438970	12438886	6.32e-23	111	BAM12_v2
AL6G40220	scaffold_2_RagTag	95.522	67	2	1	1	67	13215413	13215348	2.94e-21	106	BAM12_v2
AL6G40220	scaffold_2_RagTag	93.548	62	4	0	46	107	13228335	13228274	2.29e-17	93.5	BAM12_v2
AL6G40220	scaffold_2_RagTag	91.935	62	5	0	46	107	12543746	12543685	1.06e-15	87.9	BAM12_v2
AL6G40220	scaffold_2_RagTag	94.34	53	3	0	59	111	12449350	12449298	4.95e-14	82.4	BAM12_v2
AL6G40220	scaffold_2_RagTag	97.368	38	1	0	68	105	12438970	12438933	4.99e-09	65.8	BAM12_v2
AL6G40220	scaffold_2_RagTag	100	32	0	0	1322	1353	8247585	8247616	2.32e-07	60.2	BAM12_v2
AL2G20010	scaffold_2_RagTag:0-21425966	91.107	1102	96	2	614	1714	11699427	11698327	0	1491	BOR_v1
AL2G20010	scaffold_2_RagTag:0-21425966	97.813	823	10	3	1	819	11619190	11620008	0	1413	BOR_v1
AL2G20010	scaffold_2_RagTag:0-21425966	87.873	1006	85	15	538	1509	11685811	11684809	0	1147	BOR_v1
AL2G20010	scaffold_2_RagTag:0-21425966	92.021	752	35	9	1208	1934	11620032	11620783	0	1033	BOR_v1
AL2G20010	scaffold_2_RagTag:0-21425966	87.585	886	92	14	599	1470	11623643	11624524	0	1011	BOR_v1
AL2G20010	scaffold_2_RagTag:0-21425966	84.016	488	52	16	1453	1916	11684810	11684325	1.79e-123	446	BOR_v1
AL2G20010	scaffold_2_RagTag:0-21425966	83.036	336	35	10	190	517	11699857	11699536	4.14e-75	285	BOR_v1
AL2G20010	scaffold_2_RagTag:0-21425966	88.341	223	20	2	1492	1714	11624480	11624696	1.94e-68	263	BOR_v1
AL2G20010	scaffold_2_RagTag:0-21425966	78.923	427	49	15	97	516	11623210	11623602	4.2e-65	252	BOR_v1
AL2G20010	scaffold_2_RagTag:0-21425966	91.935	124	8	2	118	240	11700642	11700520	3.36e-41	172	BOR_v1
AL2G20010	scaffold_6_RagTag:0-24760478	87.405	921	79	20	611	1515	13046238	13045339	0	1024	BOR_v1
AL2G20010	scaffold_6_RagTag:0-24760478	82.262	451	36	21	82	516	13046776	13046354	1.45e-94	350	BOR_v1
AL2G20020	scaffold_2_RagTag:0-21425966	92.633	1561	89	20	73	1616	11686308	11684757	0	2222	BOR_v1
AL2G20020	scaffold_2_RagTag:0-21425966	92.899	1535	83	16	1	1527	11623008	11624524	0	2207	BOR_v1
AL2G20020	scaffold_2_RagTag:0-21425966	91.017	1180	75	18	603	1776	11699481	11698327	0	1563	BOR_v1
AL2G20020	scaffold_2_RagTag:0-21425966	85.847	756	54	23	1267	1975	11620032	11620781	0	754	BOR_v1
AL2G20020	scaffold_2_RagTag:0-21425966	90.572	297	25	2	257	550	11699879	11699583	8.71e-107	390	BOR_v1
AL2G20020	scaffold_2_RagTag:0-21425966	85.994	357	35	8	1510	1860	11684810	11684463	4.08e-100	368	BOR_v1
AL2G20020	scaffold_2_RagTag:0-21425966	90.11	91	4	5	1865	1950	11621730	11621820	2.11e-23	113	BOR_v1
AL2G20020	scaffold_2_RagTag:0-21425966	86.517	89	3	4	1528	1616	11698613	11698534	3.56e-16	89.8	BOR_v1
AL2G20020	scaffold_2_RagTag:0-21425966	91.228	57	3	2	1560	1616	11698610	11698556	2.77e-12	76.8	BOR_v1
AL2G20020	scaffold_6_RagTag:0-24760478	91.429	980	52	14	603	1579	13046289	13045339	0	1315	BOR_v1
AL2G20020	scaffold_6_RagTag:0-24760478	86.032	315	37	6	241	550	13046712	13046400	5.35e-89	331	BOR_v1
AL2G20020	scaffold_6_RagTag:0-24760478	82.418	182	14	12	63	233	13046798	13046624	2.69e-32	143	BOR_v1
AL2G20030	scaffold_6_RagTag:0-24760478	98.124	1173	17	4	2605	3773	13189461	13188290	0	2039	BOR_v1
AL2G20030	scaffold_6_RagTag:0-24760478	96.215	1189	23	1	1	1189	13046828	13045662	0	1927	BOR_v1
AL2G20030	scaffold_6_RagTag:0-24760478	93.157	643	32	4	3869	4500	17328944	17328303	0	933	BOR_v1
AL2G20030	scaffold_6_RagTag:0-24760478	87.56	418	29	13	1208	1620	13045773	13045374	4.18e-128	462	BOR_v1
AL2G20030	scaffold_6_RagTag:0-24760478	88.563	341	28	8	2753	3082	998409	998749	2.57e-110	403	BOR_v1
AL2G20030	scaffold_6_RagTag:0-24760478	86.391	338	35	7	2753	3079	6094303	6094640	5.64e-97	359	BOR_v1
AL2G20030	scaffold_6_RagTag:0-24760478	88.026	309	29	7	4195	4500	17328524	17328221	5.64e-97	359	BOR_v1
AL2G20030	scaffold_6_RagTag:0-24760478	82.906	351	45	13	4158	4500	17328262	17328605	9.64e-80	302	BOR_v1
AL2G20030	scaffold_6_RagTag:0-24760478	88.938	226	20	5	4278	4500	17328607	17328384	2.1e-71	274	BOR_v1
AL2G20030	scaffold_6_RagTag:0-24760478	82.736	307	42	10	4158	4459	17328344	17328644	4.55e-68	263	BOR_v1
AL2G20030	scaffold_6_RagTag:0-24760478	85.281	231	28	5	4195	4423	17328442	17328216	3.57e-59	233	BOR_v1
AL2G20030	scaffold_6_RagTag:0-24760478	80.189	318	43	17	4192	4500	17328216	17328522	2.78e-55	220	BOR_v1
AL2G20030	scaffold_6_RagTag:0-24760478	77.143	420	58	20	3866	4261	23714142	23714547	6.01e-52	209	BOR_v1
AL2G20030	scaffold_6_RagTag:0-24760478	75.492	457	58	24	3869	4296	6638852	6638421	2.19e-41	174	BOR_v1
AL2G20030	scaffold_6_RagTag:0-24760478	97.98	99	0	2	3776	3872	1172780	1172682	2.84e-40	171	BOR_v1
AL2G20030	scaffold_6_RagTag:0-24760478	79.787	188	28	9	4158	4340	17328399	17328217	1.73e-27	128	BOR_v1
AL2G20030	scaffold_2_RagTag:0-21425966	89.02	1020	84	17	165	1181	11699869	11698875	0	1238	BOR_v1
AL2G20030	scaffold_2_RagTag:0-21425966	93.548	620	36	3	562	1181	11685775	11685160	0	920	BOR_v1
AL2G20030	scaffold_2_RagTag:0-21425966	92.593	621	38	3	562	1181	11623604	11624217	0	885	BOR_v1
AL2G20030	scaffold_2_RagTag:0-21425966	87.85	428	28	14	1208	1620	11698978	11698560	1.15e-133	481	BOR_v1
AL2G20030	scaffold_2_RagTag:0-21425966	87.112	419	30	14	1208	1610	11624114	11624524	2.51e-125	453	BOR_v1
AL2G20030	scaffold_2_RagTag:0-21425966	85.945	434	31	16	1208	1620	11685262	11684838	2.53e-120	436	BOR_v1
AL2G20030	scaffold_2_RagTag:0-21425966	88.529	340	25	8	2754	3082	12947760	12948096	3.32e-109	399	BOR_v1
AL2G20030	scaffold_2_RagTag:0-21425966	87.679	349	32	7	2753	3090	17588050	17587702	4.3e-108	396	BOR_v1
AL2G20030	scaffold_2_RagTag:0-21425966	87.87	338	30	7	2756	3082	7801194	7801531	2.59e-105	387	BOR_v1
AL2G20030	scaffold_2_RagTag:0-21425966	86.51	341	35	7	2753	3082	13446877	13447217	1.21e-98	364	BOR_v1
AL2G20030	scaffold_2_RagTag:0-21425966	87.048	332	30	8	2763	3082	17495718	17496048	4.36e-98	363	BOR_v1
AL2G20030	scaffold_2_RagTag:0-21425966	85.38	342	46	4	163	502	11623268	11623607	9.44e-95	351	BOR_v1
AL2G20030	scaffold_2_RagTag:0-21425966	89.68	281	18	5	1342	1620	11620032	11620303	1.22e-93	348	BOR_v1
AL2G20030	scaffold_2_RagTag:0-21425966	88.618	246	22	5	3319	3558	18474258	18474503	1.61e-77	294	BOR_v1
AL2G20030	scaffold_2_RagTag:0-21425966	84.192	291	40	6	165	452	11686114	11685827	1.62e-72	278	BOR_v1
AL2G20030	scaffold_2_RagTag:0-21425966	91.62	179	13	2	2904	3082	12883954	12883778	4.58e-63	246	BOR_v1
AL2G20030	scaffold_2_RagTag:0-21425966	89.947	189	18	1	2914	3101	7638534	7638346	5.93e-62	243	BOR_v1
AL2G20030	scaffold_2_RagTag:0-21425966	81.982	111	10	6	44	147	11686305	11686198	1.06e-14	86.1	BOR_v1
AL2G20030	scaffold_2_RagTag:0-21425966	96	50	2	0	1571	1620	11684810	11684761	1.37e-13	82.4	BOR_v1
AL2G20030	scaffold_2_RagTag:0-21425966	93.478	46	3	0	1650	1695	19854250	19854205	1.06e-09	69.4	BOR_v1
AL2G20030	scaffold_8_RagTag:0-21093757	91.881	739	17	9	1820	2554	202389	201690	0	992	BOR_v1
AL2G20030	scaffold_8_RagTag:0-21093757	88.218	348	30	8	2753	3089	13729408	13729755	7.14e-111	405	BOR_v1
AL2G20030	scaffold_8_RagTag:0-21093757	87.784	352	31	7	2753	3092	18120258	18119907	9.24e-110	401	BOR_v1
AL2G20030	scaffold_8_RagTag:0-21093757	88.201	339	34	4	2748	3082	5588552	5588888	3.32e-109	399	BOR_v1
AL2G20030	scaffold_8_RagTag:0-21093757	87.395	357	33	8	2753	3097	13453043	13452687	3.32e-109	399	BOR_v1
AL2G20030	scaffold_8_RagTag:0-21093757	88.012	342	30	6	2752	3082	14323686	14324027	1.55e-107	394	BOR_v1
AL2G20030	scaffold_8_RagTag:0-21093757	87.179	351	33	7	2753	3092	630278	630627	7.19e-106	388	BOR_v1
AL2G20030	scaffold_8_RagTag:0-21093757	87.683	341	31	7	2753	3082	15003374	15003714	2.59e-105	387	BOR_v1
AL2G20030	scaffold_8_RagTag:0-21093757	87.427	342	31	7	2753	3082	13579261	13578920	3.35e-104	383	BOR_v1
AL2G20030	scaffold_8_RagTag:0-21093757	87.427	342	30	11	2753	3082	3625005	3625345	1.2e-103	381	BOR_v1
AL2G20030	scaffold_8_RagTag:0-21093757	86.919	344	34	6	2753	3085	1788006	1787663	5.6e-102	375	BOR_v1
AL2G20030	scaffold_8_RagTag:0-21093757	86.842	342	33	6	2753	3082	12115983	12115642	7.24e-101	372	BOR_v1
AL2G20030	scaffold_8_RagTag:0-21093757	95.261	211	6	2	3563	3773	201395	201189	1.23e-88	331	BOR_v1
AL2G20030	scaffold_8_RagTag:0-21093757	97.03	101	0	3	3774	3872	3742489	3742588	3.67e-39	167	BOR_v1
AL2G20030	scaffold_8_RagTag:0-21093757	95.05	101	4	1	2652	2751	201675	201575	2.21e-36	158	BOR_v1
AL2G20030	scaffold_8_RagTag:0-21093757	82.468	154	11	5	2754	2904	18829815	18829955	2.9e-25	121	BOR_v1
AL2G20030	scaffold_8_RagTag:0-21093757	91.071	56	4	1	3023	3077	4901987	4901932	2.29e-11	75	BOR_v1
AL2G20030	scaffold_8_RagTag:0-21093757	95.238	42	2	0	1650	1691	13721662	13721703	3.83e-09	67.6	BOR_v1
AL2G20030	scaffold_1_RagTag:0-28294041	93.468	643	30	3	3869	4500	13267927	13267286	0	944	BOR_v1
AL2G20030	scaffold_1_RagTag:0-28294041	88.385	353	29	7	2753	3093	14386208	14386560	1.19e-113	414	BOR_v1
AL2G20030	scaffold_1_RagTag:0-28294041	88.563	341	28	8	2753	3082	15132516	15132176	2.57e-110	403	BOR_v1
AL2G20030	scaffold_1_RagTag:0-28294041	87.931	348	30	8	2753	3088	11322648	11322301	3.32e-109	399	BOR_v1
AL2G20030	scaffold_1_RagTag:0-28294041	87.977	341	30	5	2753	3082	12771853	12772193	5.56e-107	392	BOR_v1
AL2G20030	scaffold_1_RagTag:0-28294041	87.106	349	34	6	2753	3090	16564772	16564424	9.3e-105	385	BOR_v1
AL2G20030	scaffold_1_RagTag:0-28294041	87.39	341	32	6	2753	3082	8775144	8775484	1.2e-103	381	BOR_v1
AL2G20030	scaffold_1_RagTag:0-28294041	87.39	341	29	7	2753	3082	8273384	8273047	4.33e-103	379	BOR_v1
AL2G20030	scaffold_1_RagTag:0-28294041	87.097	341	33	6	2753	3082	15023318	15023658	5.6e-102	375	BOR_v1
AL2G20030	scaffold_1_RagTag:0-28294041	87.425	334	31	6	2753	3075	17116560	17116893	2.01e-101	374	BOR_v1
AL2G20030	scaffold_1_RagTag:0-28294041	86.804	341	34	7	2753	3082	6405401	6405061	2.61e-100	370	BOR_v1
AL2G20030	scaffold_1_RagTag:0-28294041	86.628	344	32	8	2753	3082	5977937	5978280	9.37e-100	368	BOR_v1
AL2G20030	scaffold_1_RagTag:0-28294041	86.589	343	33	8	2753	3082	5953434	5953776	3.37e-99	366	BOR_v1
AL2G20030	scaffold_1_RagTag:0-28294041	86.905	336	33	6	2765	3089	15132766	15133101	3.37e-99	366	BOR_v1
AL2G20030	scaffold_1_RagTag:0-28294041	88.026	309	29	7	4195	4500	13267507	13267204	5.64e-97	359	BOR_v1
AL2G20030	scaffold_1_RagTag:0-28294041	87.748	302	24	9	2753	3041	21982411	21982110	2.04e-91	340	BOR_v1
AL2G20030	scaffold_1_RagTag:0-28294041	90.438	251	17	7	3319	3563	23236325	23236076	2.06e-86	324	BOR_v1
AL2G20030	scaffold_1_RagTag:0-28294041	91.304	230	16	2	3333	3558	12011539	12011310	1.6e-82	311	BOR_v1
AL2G20030	scaffold_1_RagTag:0-28294041	82.906	351	45	13	4158	4500	13267245	13267588	9.64e-80	302	BOR_v1
AL2G20030	scaffold_1_RagTag:0-28294041	89.381	226	19	5	4278	4500	13267590	13267367	4.52e-73	279	BOR_v1
AL2G20030	scaffold_1_RagTag:0-28294041	86.486	259	23	7	2788	3035	10191771	10191514	2.1e-71	274	BOR_v1
AL2G20030	scaffold_1_RagTag:0-28294041	83.062	307	41	10	4158	4459	13267327	13267627	9.78e-70	268	BOR_v1
AL2G20030	scaffold_1_RagTag:0-28294041	88.732	213	24	0	2884	3096	16449019	16448807	1.64e-67	261	BOR_v1
AL2G20030	scaffold_1_RagTag:0-28294041	82.963	270	38	7	4158	4423	13267464	13267199	2.76e-60	237	BOR_v1
AL2G20030	scaffold_1_RagTag:0-28294041	77.295	414	70	10	3869	4260	10408715	10409126	7.72e-56	222	BOR_v1
AL2G20030	scaffold_1_RagTag:0-28294041	80.189	318	43	17	4192	4500	13267199	13267505	2.78e-55	220	BOR_v1
AL2G20030	scaffold_1_RagTag:0-28294041	76.316	456	67	20	3869	4296	24099995	24099553	7.78e-51	206	BOR_v1
AL2G20030	scaffold_1_RagTag:0-28294041	79.787	188	28	9	4158	4340	13267382	13267200	1.73e-27	128	BOR_v1
AL2G20030	scaffold_1_RagTag:0-28294041	94.231	52	3	0	2753	2804	10192263	10192212	4.92e-13	80.5	BOR_v1
AL2G20030	scaffold_5_RagTag:0-21731985	93.313	643	32	1	3869	4500	9950136	9949494	0	939	BOR_v1
AL2G20030	scaffold_5_RagTag:0-21731985	88.385	353	29	7	2753	3093	19104034	19103682	1.19e-113	414	BOR_v1
AL2G20030	scaffold_5_RagTag:0-21731985	87.644	348	32	6	2753	3089	5992971	5993318	1.55e-107	394	BOR_v1
AL2G20030	scaffold_5_RagTag:0-21731985	87.977	341	30	6	2749	3078	13111833	13111493	5.56e-107	392	BOR_v1
AL2G20030	scaffold_5_RagTag:0-21731985	87.356	348	33	6	2753	3089	5993326	5993673	7.19e-106	388	BOR_v1
AL2G20030	scaffold_5_RagTag:0-21731985	83.758	314	41	9	4192	4500	9949489	9949797	7.5e-76	289	BOR_v1
AL2G20030	scaffold_5_RagTag:0-21731985	83.007	306	44	8	4158	4459	9949535	9949836	2.72e-70	270	BOR_v1
AL2G20030	scaffold_5_RagTag:0-21731985	85.345	232	27	5	4195	4423	9949716	9949489	3.57e-59	233	BOR_v1
AL2G20030	scaffold_5_RagTag:0-21731985	83.083	266	36	8	4239	4500	9949836	9949576	3.57e-59	233	BOR_v1
AL2G20030	scaffold_5_RagTag:0-21731985	81.25	224	34	6	4158	4377	9949617	9949836	2.19e-41	174	BOR_v1
AL2G20030	scaffold_5_RagTag:0-21731985	87.129	101	13	0	2993	3093	16003690	16003790	1.35e-23	115	BOR_v1
AL2G20030	scaffold_5_RagTag:0-21731985	78.191	188	32	8	4158	4340	9949673	9949490	1.74e-22	111	BOR_v1
AL2G20030	scaffold_4_RagTag:18000-22695972	93.427	639	30	3	3874	4500	2104244	2103606	0	937	BOR_v1
AL2G20030	scaffold_4_RagTag:18000-22695972	86.004	543	40	22	3888	4423	10916972	10917485	3.12e-154	549	BOR_v1
AL2G20030	scaffold_4_RagTag:18000-22695972	88.856	341	27	6	2753	3082	1209778	1210118	5.52e-112	409	BOR_v1
AL2G20030	scaffold_4_RagTag:18000-22695972	88.563	341	28	6	2753	3082	6543517	6543857	2.57e-110	403	BOR_v1
AL2G20030	scaffold_4_RagTag:18000-22695972	88.372	344	29	6	2753	3085	6587098	6586755	2.57e-110	403	BOR_v1
AL2G20030	scaffold_4_RagTag:18000-22695972	87.749	351	31	9	2753	3093	6543880	6544228	3.32e-109	399	BOR_v1
AL2G20030	scaffold_4_RagTag:18000-22695972	89.381	226	19	5	4278	4500	2103912	2103689	4.52e-73	279	BOR_v1
AL2G20030	scaffold_4_RagTag:18000-22695972	82.857	315	43	10	4192	4500	2103601	2103910	7.56e-71	272	BOR_v1
AL2G20030	scaffold_4_RagTag:18000-22695972	82.736	307	42	10	4159	4459	2103648	2103949	4.55e-68	263	BOR_v1
AL2G20030	scaffold_4_RagTag:18000-22695972	84.12	233	29	6	4195	4423	2103829	2103601	9.99e-55	219	BOR_v1
AL2G20030	scaffold_4_RagTag:18000-22695972	90.566	159	15	0	2925	3083	1866887	1867045	1.67e-52	211	BOR_v1
AL2G20030	scaffold_4_RagTag:18000-22695972	76.368	457	65	22	3869	4296	21852782	21852340	7.78e-51	206	BOR_v1
AL2G20030	scaffold_4_RagTag:18000-22695972	83.696	184	26	4	4158	4338	2103730	2103912	2.84e-40	171	BOR_v1
AL2G20030	scaffold_4_RagTag:18000-22695972	84.507	142	17	5	4195	4333	10917413	10917274	1.03e-29	135	BOR_v1
AL2G20030	scaffold_4_RagTag:18000-22695972	78.307	189	31	9	4158	4340	2103786	2103602	4.85e-23	113	BOR_v1
AL2G20030	scaffold_4_RagTag:18000-22695972	87.671	73	7	2	4189	4261	10917417	10917487	3.8e-14	84.2	BOR_v1
AL2G20030	scaffold_3_RagTag:0-24937921	92.068	643	28	3	3869	4500	20140145	20140775	0	883	BOR_v1
AL2G20030	scaffold_3_RagTag:0-24937921	88.27	341	27	10	2753	3081	11463806	11464145	4.3e-108	396	BOR_v1
AL2G20030	scaffold_3_RagTag:0-24937921	88.685	327	32	3	2754	3077	20334512	20334836	1.55e-107	394	BOR_v1
AL2G20030	scaffold_3_RagTag:0-24937921	90.365	301	17	6	2753	3043	12606353	12606651	9.3e-105	385	BOR_v1
AL2G20030	scaffold_3_RagTag:0-24937921	86.533	349	36	6	2753	3090	5927134	5927482	2.01e-101	374	BOR_v1
AL2G20030	scaffold_3_RagTag:0-24937921	86.08	352	36	8	2756	3094	19655425	19655776	3.37e-99	366	BOR_v1
AL2G20030	scaffold_3_RagTag:0-24937921	86.567	335	33	6	2753	3076	5226189	5226522	5.64e-97	359	BOR_v1
AL2G20030	scaffold_3_RagTag:0-24937921	87.419	310	28	6	2784	3082	19655767	19656076	4.39e-93	346	BOR_v1
AL2G20030	scaffold_3_RagTag:0-24937921	89.2	250	21	5	3319	3562	9999207	9999456	2.07e-81	307	BOR_v1
AL2G20030	scaffold_3_RagTag:0-24937921	83.987	306	42	7	4195	4497	20140777	20140476	2.7e-75	287	BOR_v1
AL2G20030	scaffold_3_RagTag:0-24937921	89.545	220	19	4	4283	4500	20140476	20140693	5.84e-72	276	BOR_v1
AL2G20030	scaffold_3_RagTag:0-24937921	84.674	261	35	5	4158	4415	20140734	20140476	7.61e-66	255	BOR_v1
AL2G20030	scaffold_3_RagTag:0-24937921	77.475	404	76	8	3869	4260	19676361	19675961	1.66e-57	228	BOR_v1
AL2G20030	scaffold_3_RagTag:0-24937921	84.914	232	28	6	4195	4423	20140553	20140780	1.66e-57	228	BOR_v1
AL2G20030	scaffold_3_RagTag:0-24937921	76.586	457	64	22	3869	4296	9679084	9679526	1.67e-52	211	BOR_v1
AL2G20030	scaffold_3_RagTag:0-24937921	79.365	189	28	9	4158	4340	20140596	20140779	8.06e-26	122	BOR_v1
AL2G20030	scaffold_7_RagTag:0-26551907	94.18	567	21	3	3868	4423	15495243	15495808	0	854	BOR_v1
AL2G20030	scaffold_7_RagTag:0-26551907	87.921	356	32	6	2753	3097	26134676	26134321	5.52e-112	409	BOR_v1
AL2G20030	scaffold_7_RagTag:0-26551907	87.43	358	33	7	2753	3098	23611107	23610750	9.24e-110	401	BOR_v1
AL2G20030	scaffold_7_RagTag:0-26551907	87.135	342	32	8	2756	3085	5898232	5897891	1.56e-102	377	BOR_v1
AL2G20030	scaffold_7_RagTag:0-26551907	86.628	344	32	9	2753	3082	5003853	5004196	9.37e-100	368	BOR_v1
AL2G20030	scaffold_7_RagTag:0-26551907	86.306	314	30	7	2754	3055	13263333	13263645	4.42e-88	329	BOR_v1
AL2G20030	scaffold_7_RagTag:0-26551907	83.965	343	29	9	2753	3082	10994593	10994922	7.45e-81	305	BOR_v1
AL2G20030	scaffold_7_RagTag:0-26551907	83.895	267	36	7	4195	4459	15495805	15495544	1.27e-63	248	BOR_v1
AL2G20030	scaffold_7_RagTag:0-26551907	85.463	227	27	6	4277	4500	15495580	15495803	1.28e-58	231	BOR_v1
AL2G20030	scaffold_7_RagTag:0-26551907	84.615	234	22	9	3334	3561	13267425	13267200	2.78e-55	220	BOR_v1
AL2G20030	scaffold_7_RagTag:0-26551907	76.586	457	64	22	3869	4296	11335463	11335905	1.67e-52	211	BOR_v1
AL2G20030	scaffold_7_RagTag:0-26551907	82.609	230	28	10	4277	4500	15495806	15495583	6.05e-47	193	BOR_v1
AL2G20030	scaffold_7_RagTag:0-26551907	84.564	149	15	7	4195	4340	15495664	15495807	2.22e-31	141	BOR_v1
AL2G20070	scaffold_6_RagTag:0-24760478	89.311	1263	80	14	64	1317	13046798	13045582	0	1533	BOR_v1
AL2G20070	scaffold_2_RagTag:0-21425966	90.063	1117	90	14	201	1314	11699869	11698771	0	1428	BOR_v1
AL2G20070	scaffold_2_RagTag:0-21425966	93.306	732	39	4	589	1314	11685775	11685048	0	1072	BOR_v1
AL2G20070	scaffold_2_RagTag:0-21425966	92.975	726	45	4	589	1314	11623604	11624323	0	1053	BOR_v1
AL2G20070	scaffold_2_RagTag:0-21425966	90.504	337	28	4	199	533	11623268	11623602	1.62e-122	442	BOR_v1
AL2G20070	scaffold_2_RagTag:0-21425966	92.784	291	15	6	201	488	11686114	11685827	9.81e-115	416	BOR_v1
AL2G20070	scaffold_2_RagTag:0-21425966	80	470	55	22	80	534	11619262	11619707	4.76e-83	311	BOR_v1
AL2G20070	scaffold_2_RagTag:0-21425966	98.438	64	1	0	1251	1314	11620030	11620093	1.44e-23	113	BOR_v1
AL2G20070	scaffold_2_RagTag:0-21425966	83.495	103	7	6	88	183	11686297	11686198	8.73e-16	87.9	BOR_v1
AL2G20200	scaffold_2_RagTag:0-21425966	94.084	1572	72	12	239	1808	11698327	11699879	0	2368	BOR_v1
AL2G20200	scaffold_2_RagTag:0-21425966	92.715	1455	42	12	16	1410	11684325	11685775	0	2041	BOR_v1
AL2G20200	scaffold_2_RagTag:0-21425966	90.374	935	70	12	482	1410	11624524	11623604	0	1210	BOR_v1
AL2G20200	scaffold_2_RagTag:0-21425966	84.021	776	69	28	1	745	11620781	11620030	0	695	BOR_v1
AL2G20200	scaffold_2_RagTag:0-21425966	89.106	358	35	3	1466	1821	11623602	11623247	2.29e-122	442	BOR_v1
AL2G20200	scaffold_2_RagTag:0-21425966	90.764	314	25	4	1511	1821	11685827	11686139	1.39e-114	416	BOR_v1
AL2G20200	scaffold_2_RagTag:0-21425966	83.183	333	37	9	1465	1786	11619707	11619383	1.13e-75	287	BOR_v1
AL2G20200	scaffold_2_RagTag:0-21425966	89.238	223	17	2	239	460	11624696	11624480	3.17e-71	272	BOR_v1
AL2G20200	scaffold_2_RagTag:0-21425966	100	101	0	0	1805	1905	11700469	11700569	1.18e-45	187	BOR_v1
AL2G20200	scaffold_2_RagTag:0-21425966	89.744	78	5	2	460	535	11620382	11620306	2.05e-18	97.1	BOR_v1
AL2G20200	scaffold_2_RagTag:0-21425966	83.673	98	12	4	69	163	11624796	11624700	3.43e-16	89.8	BOR_v1
AL2G20200	scaffold_2_RagTag:0-21425966	89.394	66	7	0	416	481	11620316	11620251	1.6e-14	84.2	BOR_v1
AL2G20200	scaffold_2_RagTag:0-21425966	93.333	45	3	0	438	482	11624524	11624480	1.61e-09	67.6	BOR_v1
AL2G20200	scaffold_2_RagTag:0-21425966	96.97	33	0	1	1433	1464	11619764	11619732	1.25e-05	54.7	BOR_v1
AL2G20200	scaffold_6_RagTag:0-24760478	88.131	1407	111	34	437	1821	13045339	13046711	0	1622	BOR_v1
AL2G20200	scaffold_6_RagTag:0-24760478	93.651	63	4	0	416	478	13045362	13045424	7.37e-18	95.3	BOR_v1
AL6G40220	scaffold_6_RagTag:0-24760478	99.062	1492	12	2	22	1513	13045339	13046828	0	2676	BOR_v1
AL6G40220	scaffold_6_RagTag:0-24760478	100	32	0	0	1	32	13045340	13045371	2.13e-07	60.2	BOR_v1
AL6G40220	scaffold_2_RagTag:0-21425966	88.294	1401	113	22	1	1377	11698504	11699877	0	1631	BOR_v1
AL6G40220	scaffold_2_RagTag:0-21425966	90.42	929	59	9	68	974	11624524	11623604	0	1195	BOR_v1
AL6G40220	scaffold_2_RagTag:0-21425966	88.724	1011	71	13	1	974	11684771	11685775	0	1195	BOR_v1
AL6G40220	scaffold_2_RagTag:0-21425966	94.26	331	17	2	1	331	11620360	11620032	2.28e-141	505	BOR_v1
AL6G40220	scaffold_2_RagTag:0-21425966	84.946	372	50	5	1034	1403	11623607	11623240	2.41e-101	372	BOR_v1
AL6G40220	scaffold_2_RagTag:0-21425966	82.84	169	11	11	1309	1470	11686148	11686305	3.44e-30	135	BOR_v1
AL6G40220	scaffold_2_RagTag:0-21425966	93.103	87	4	2	23	108	11684726	11684811	2.07e-27	126	BOR_v1
AL6G40220	scaffold_2_RagTag:0-21425966	96.875	64	1	1	1	64	11698548	11698610	2.7e-21	106	BOR_v1
AL6G40220	scaffold_2_RagTag:0-21425966	91.935	62	5	0	46	107	11620382	11620321	9.77e-16	87.9	BOR_v1
AL2G20010	scaffold_2_RagTag	95.455	1496	30	11	1	1492	13289849	13291310	0	2351	F1-14.ragtag.scaffold_chr
AL2G20010	scaffold_2_RagTag	84.764	1142	127	31	599	1714	13294263	13295383	0	1101	F1-14.ragtag.scaffold_chr
AL2G20010	scaffold_2_RagTag	95.56	473	10	4	1471	1934	13291245	13291715	0	747	F1-14.ragtag.scaffold_chr
AL2G20010	scaffold_6_RagTag	89.562	479	28	11	1040	1516	11639451	11638993	2.95e-166	588	F1-14.ragtag.scaffold_chr
AL2G20010	scaffold_6_RagTag	85.339	457	52	9	611	1053	11641520	11641065	2.41e-127	459	F1-14.ragtag.scaffold_chr
AL2G20010	scaffold_6_RagTag	82.262	451	36	21	82	516	11642058	11641636	1.51e-94	350	F1-14.ragtag.scaffold_chr
AL2G20020	scaffold_2_RagTag	88.122	1810	128	35	1	1776	13293627	13295383	0	2071	F1-14.ragtag.scaffold_chr
AL2G20020	scaffold_2_RagTag	82.79	1319	134	40	277	1549	13290039	13291310	0	1092	F1-14.ragtag.scaffold_chr
AL2G20020	scaffold_2_RagTag	87.389	452	27	14	1553	1975	13291263	13291713	2.43e-137	492	F1-14.ragtag.scaffold_chr
AL2G20020	scaffold_2_RagTag	95.455	44	2	0	1484	1527	13295168	13295211	1.35e-10	71.3	F1-14.ragtag.scaffold_chr
AL2G20020	scaffold_6_RagTag	94.094	508	28	2	603	1109	11641571	11641065	0	771	F1-14.ragtag.scaffold_chr
AL2G20020	scaffold_6_RagTag	88.706	487	25	6	1096	1580	11639451	11638993	3.92e-160	568	F1-14.ragtag.scaffold_chr
AL2G20020	scaffold_6_RagTag	86.032	315	37	6	241	550	11641994	11641682	5.61e-89	331	F1-14.ragtag.scaffold_chr
AL2G20020	scaffold_6_RagTag	81.657	169	13	12	76	233	11642067	11641906	1.02e-26	124	F1-14.ragtag.scaffold_chr
AL2G20030	scaffold_6_RagTag	96.199	1026	17	1	43	1068	11642068	11641065	0	1659	F1-14.ragtag.scaffold_chr
AL2G20030	scaffold_6_RagTag	92.547	644	36	3	3869	4500	17654530	17655173	0	913	F1-14.ragtag.scaffold_chr
AL2G20030	scaffold_6_RagTag	87.321	418	30	13	1208	1620	11639428	11639029	2.04e-126	457	F1-14.ragtag.scaffold_chr
AL2G20030	scaffold_6_RagTag	89.15	341	26	6	2753	3082	16787380	16787720	1.24e-113	414	F1-14.ragtag.scaffold_chr
AL2G20030	scaffold_6_RagTag	87.006	354	34	7	2750	3091	19178971	19178618	7.53e-106	388	F1-14.ragtag.scaffold_chr
AL2G20030	scaffold_6_RagTag	86.257	342	34	7	2754	3082	10979745	10979404	5.9e-97	359	F1-14.ragtag.scaffold_chr
AL2G20030	scaffold_6_RagTag	88.462	234	22	5	3329	3557	3958950	3959183	1.7e-72	278	F1-14.ragtag.scaffold_chr
AL2G20030	scaffold_6_RagTag	88.938	226	20	5	4278	4500	17654867	17655090	2.2e-71	274	F1-14.ragtag.scaffold_chr
AL2G20030	scaffold_6_RagTag	82.315	311	46	9	4195	4500	17655175	17654869	1.71e-67	261	F1-14.ragtag.scaffold_chr
AL2G20030	scaffold_6_RagTag	84.27	267	36	6	4195	4459	17655092	17654830	7.97e-66	255	F1-14.ragtag.scaffold_chr
AL2G20030	scaffold_6_RagTag	96.296	135	5	0	1055	1189	11639451	11639317	8.08e-56	222	F1-14.ragtag.scaffold_chr
AL2G20030	scaffold_6_RagTag	76.586	457	64	22	3869	4296	18471212	18471654	1.75e-52	211	F1-14.ragtag.scaffold_chr
AL2G20030	scaffold_6_RagTag	83.262	233	31	7	4195	4423	17654950	17655178	2.26e-51	207	F1-14.ragtag.scaffold_chr
AL2G20030	scaffold_6_RagTag	92.105	114	9	0	2976	3089	3046638	3046525	1.79e-37	161	F1-14.ragtag.scaffold_chr
AL2G20030	scaffold_6_RagTag	77.895	190	30	10	4158	4340	17654993	17655177	2.36e-21	108	F1-14.ragtag.scaffold_chr
AL2G20030	scaffold_6_RagTag	97.778	45	1	0	1	45	11643763	11643719	1.85e-12	78.7	F1-14.ragtag.scaffold_chr
AL2G20030	scaffold_8_RagTag	91.881	739	17	9	1820	2554	132942	132243	0	992	F1-14.ragtag.scaffold_chr
AL2G20030	scaffold_8_RagTag	88.856	341	27	6	2753	3082	10768467	10768807	5.78e-112	409	F1-14.ragtag.scaffold_chr
AL2G20030	scaffold_8_RagTag	88.27	341	29	6	2753	3082	3342215	3342555	1.25e-108	398	F1-14.ragtag.scaffold_chr
AL2G20030	scaffold_8_RagTag	87.644	348	31	9	2753	3089	7675447	7675793	1.62e-107	394	F1-14.ragtag.scaffold_chr
AL2G20030	scaffold_8_RagTag	86.494	348	36	7	2753	3089	6443263	6443610	7.58e-101	372	F1-14.ragtag.scaffold_chr
AL2G20030	scaffold_8_RagTag	85.47	351	38	9	2744	3082	2225098	2225447	2.75e-95	353	F1-14.ragtag.scaffold_chr
AL2G20030	scaffold_8_RagTag	85.965	342	32	9	2753	3079	1974518	1974858	9.88e-95	351	F1-14.ragtag.scaffold_chr
AL2G20030	scaffold_8_RagTag	87.179	312	29	6	2753	3053	16443489	16443178	1.65e-92	344	F1-14.ragtag.scaffold_chr
AL2G20030	scaffold_8_RagTag	95.261	211	6	2	3563	3773	131925	131719	1.29e-88	331	F1-14.ragtag.scaffold_chr
AL2G20030	scaffold_8_RagTag	88.312	231	19	5	2860	3082	11638820	11639050	2.85e-70	270	F1-14.ragtag.scaffold_chr
AL2G20030	scaffold_8_RagTag	89.13	184	10	5	2756	2929	5670667	5670484	2.91e-55	220	F1-14.ragtag.scaffold_chr
AL2G20030	scaffold_8_RagTag	84.483	232	15	5	3087	3318	132128	131918	6.29e-52	209	F1-14.ragtag.scaffold_chr
AL2G20030	scaffold_8_RagTag	90.604	149	14	0	2934	3082	7879	8027	1.36e-48	198	F1-14.ragtag.scaffold_chr
AL2G20030	scaffold_8_RagTag	90.226	133	13	0	2958	3090	22291898	22292030	2.3e-41	174	F1-14.ragtag.scaffold_chr
AL2G20030	scaffold_8_RagTag	96.078	102	3	1	2652	2752	132229	132128	1.38e-38	165	F1-14.ragtag.scaffold_chr
AL2G20030	scaffold_8_RagTag	79.612	206	35	6	2880	3082	16205432	16205633	2.33e-31	141	F1-14.ragtag.scaffold_chr
AL2G20030	scaffold_8_RagTag	84.416	154	10	4	2754	2904	20237517	20237659	8.37e-31	139	F1-14.ragtag.scaffold_chr
AL2G20030	scaffold_1_RagTag	94.557	643	24	2	3869	4500	29261216	29261858	0	983	F1-14.ragtag.scaffold_chr
AL2G20030	scaffold_1_RagTag	93.624	643	30	1	3869	4500	1220156	1219514	0	950	F1-14.ragtag.scaffold_chr
AL2G20030	scaffold_1_RagTag	87.966	349	30	9	2753	3089	13878811	13879159	9.67e-110	401	F1-14.ragtag.scaffold_chr
AL2G20030	scaffold_1_RagTag	87.5	344	32	6	2760	3092	5713373	5713716	2.71e-105	387	F1-14.ragtag.scaffold_chr
AL2G20030	scaffold_1_RagTag	87.683	341	31	7	2753	3082	7542919	7542579	2.71e-105	387	F1-14.ragtag.scaffold_chr
AL2G20030	scaffold_1_RagTag	88.182	330	29	8	2755	3081	3947351	3947029	9.74e-105	385	F1-14.ragtag.scaffold_chr
AL2G20030	scaffold_1_RagTag	87.202	336	32	6	2765	3089	16969602	16969937	7.58e-101	372	F1-14.ragtag.scaffold_chr
AL2G20030	scaffold_1_RagTag	86.589	343	33	8	2753	3082	24187947	24188289	3.53e-99	366	F1-14.ragtag.scaffold_chr
AL2G20030	scaffold_1_RagTag	87.658	316	27	8	2753	3056	22573124	22572809	2.12e-96	357	F1-14.ragtag.scaffold_chr
AL2G20030	scaffold_1_RagTag	88.026	309	26	6	2753	3050	9498021	9497713	7.64e-96	355	F1-14.ragtag.scaffold_chr
AL2G20030	scaffold_1_RagTag	85.756	344	36	8	2753	3084	22414927	22415269	9.88e-95	351	F1-14.ragtag.scaffold_chr
AL2G20030	scaffold_1_RagTag	92.511	227	16	1	3333	3558	13368960	13368734	2.15e-86	324	F1-14.ragtag.scaffold_chr
AL2G20030	scaffold_1_RagTag	90.04	251	21	3	3319	3568	5178511	5178264	7.75e-86	322	F1-14.ragtag.scaffold_chr
AL2G20030	scaffold_1_RagTag	83.758	314	41	9	4192	4500	1219509	1219817	7.86e-76	289	F1-14.ragtag.scaffold_chr
AL2G20030	scaffold_1_RagTag	83.596	317	40	10	4190	4500	29261865	29261555	2.83e-75	287	F1-14.ragtag.scaffold_chr
AL2G20030	scaffold_1_RagTag	83.007	306	44	8	4158	4459	1219555	1219856	2.85e-70	270	F1-14.ragtag.scaffold_chr
AL2G20030	scaffold_1_RagTag	82.085	307	45	9	4158	4459	29261817	29261516	2.87e-65	254	F1-14.ragtag.scaffold_chr
AL2G20030	scaffold_1_RagTag	87.168	226	24	5	4278	4500	29261553	29261776	1.03e-64	252	F1-14.ragtag.scaffold_chr
AL2G20030	scaffold_1_RagTag	86.207	232	25	5	4195	4423	1219736	1219509	1.73e-62	244	F1-14.ragtag.scaffold_chr
AL2G20030	scaffold_1_RagTag	86.207	232	25	6	4195	4423	29261636	29261863	1.73e-62	244	F1-14.ragtag.scaffold_chr
AL2G20030	scaffold_1_RagTag	88.293	205	19	4	2885	3089	4022884	4022685	2.23e-61	241	F1-14.ragtag.scaffold_chr
AL2G20030	scaffold_1_RagTag	85.398	226	28	5	4278	4500	1219819	1219596	4.83e-58	230	F1-14.ragtag.scaffold_chr
AL2G20030	scaffold_1_RagTag	83.152	184	27	3	4158	4338	29261735	29261553	1.38e-38	165	F1-14.ragtag.scaffold_chr
AL2G20030	scaffold_1_RagTag	80.357	224	36	6	4158	4377	1219637	1219856	4.97e-38	163	F1-14.ragtag.scaffold_chr
AL2G20030	scaffold_1_RagTag	84.247	146	14	8	4360	4500	29261553	29261694	3.9e-29	134	F1-14.ragtag.scaffold_chr
AL2G20030	scaffold_1_RagTag	79.255	188	30	8	4158	4340	29261679	29261862	8.43e-26	122	F1-14.ragtag.scaffold_chr
AL2G20030	scaffold_1_RagTag	78.191	188	32	8	4158	4340	1219693	1219510	1.83e-22	111	F1-14.ragtag.scaffold_chr
AL2G20030	scaffold_1_RagTag	85.542	83	12	0	3776	3858	28221009	28221091	3.08e-15	87.9	F1-14.ragtag.scaffold_chr
AL2G20030	scaffold_1_RagTag	100	28	0	0	3055	3082	9496217	9496190	0.000112	52.8	F1-14.ragtag.scaffold_chr
AL2G20030	scaffold_4_RagTag	93.584	639	29	3	3874	4500	2067948	2067310	0	942	F1-14.ragtag.scaffold_chr
AL2G20030	scaffold_4_RagTag	87.003	377	36	7	2733	3097	18790588	18790213	4.47e-113	412	F1-14.ragtag.scaffold_chr
AL2G20030	scaffold_4_RagTag	87.941	340	30	6	2753	3081	2100343	2100004	2.09e-106	390	F1-14.ragtag.scaffold_chr
AL2G20030	scaffold_4_RagTag	88.938	226	20	5	4278	4500	2067616	2067393	2.2e-71	274	F1-14.ragtag.scaffold_chr
AL2G20030	scaffold_4_RagTag	82.911	316	41	10	4192	4500	2067305	2067614	7.91e-71	272	F1-14.ragtag.scaffold_chr
AL2G20030	scaffold_4_RagTag	82.468	308	43	10	4158	4459	2067351	2067653	6.16e-67	259	F1-14.ragtag.scaffold_chr
AL2G20030	scaffold_4_RagTag	78.313	415	66	11	3869	4261	22798478	22798890	4.8e-63	246	F1-14.ragtag.scaffold_chr
AL2G20030	scaffold_4_RagTag	84.12	233	29	6	4195	4423	2067533	2067305	1.05e-54	219	F1-14.ragtag.scaffold_chr
AL2G20030	scaffold_4_RagTag	76.623	462	65	22	3864	4296	20004190	20004637	1.35e-53	215	F1-14.ragtag.scaffold_chr
AL2G20030	scaffold_4_RagTag	83.696	184	26	4	4158	4338	2067434	2067616	2.97e-40	171	F1-14.ragtag.scaffold_chr
AL2G20030	scaffold_4_RagTag	74.588	425	64	26	3900	4297	12670343	12669936	5e-33	147	F1-14.ragtag.scaffold_chr
AL2G20030	scaffold_4_RagTag	78.307	189	31	9	4158	4340	2067490	2067306	5.08e-23	113	F1-14.ragtag.scaffold_chr
AL2G20030	scaffold_4_RagTag	89.583	48	5	0	3045	3092	1803874	1803827	1.86e-07	62.1	F1-14.ragtag.scaffold_chr
AL2G20030	scaffold_3_RagTag	93.178	645	32	3	3866	4498	22304999	22305643	0	937	F1-14.ragtag.scaffold_chr
AL2G20030	scaffold_3_RagTag	93.168	644	32	3	3869	4500	7299844	7300487	0	935	F1-14.ragtag.scaffold_chr
AL2G20030	scaffold_3_RagTag	88.563	341	28	6	2753	3082	22043474	22043814	2.69e-110	403	F1-14.ragtag.scaffold_chr
AL2G20030	scaffold_3_RagTag	88.685	327	32	3	2754	3077	21590564	21590888	1.62e-107	394	F1-14.ragtag.scaffold_chr
AL2G20030	scaffold_3_RagTag	86.704	361	37	7	2753	3102	7831363	7831723	2.09e-106	390	F1-14.ragtag.scaffold_chr
AL2G20030	scaffold_3_RagTag	87.427	342	30	9	2756	3085	23357000	23356660	1.26e-103	381	F1-14.ragtag.scaffold_chr
AL2G20030	scaffold_3_RagTag	87.202	336	30	8	2753	3076	5916569	5916903	2.73e-100	370	F1-14.ragtag.scaffold_chr
AL2G20030	scaffold_3_RagTag	89.369	301	20	6	2753	3043	13650948	13651246	9.81e-100	368	F1-14.ragtag.scaffold_chr
AL2G20030	scaffold_3_RagTag	86.982	338	29	9	2753	3076	5957632	5957968	3.53e-99	366	F1-14.ragtag.scaffold_chr
AL2G20030	scaffold_3_RagTag	86.577	298	30	5	2803	3090	13186834	13186537	2.79e-85	320	F1-14.ragtag.scaffold_chr
AL2G20030	scaffold_3_RagTag	86.577	298	30	5	2803	3090	13245968	13245671	2.79e-85	320	F1-14.ragtag.scaffold_chr
AL2G20030	scaffold_3_RagTag	86.532	297	31	7	2803	3090	13373716	13374012	1e-84	318	F1-14.ragtag.scaffold_chr
AL2G20030	scaffold_3_RagTag	85.953	299	37	3	2795	3090	13286357	13286061	1.3e-83	315	F1-14.ragtag.scaffold_chr
AL2G20030	scaffold_3_RagTag	86.195	297	32	7	2803	3090	13157121	13156825	4.66e-83	313	F1-14.ragtag.scaffold_chr
AL2G20030	scaffold_3_RagTag	88.8	250	22	5	3319	3562	14149610	14149361	1.01e-79	302	F1-14.ragtag.scaffold_chr
AL2G20030	scaffold_3_RagTag	84.566	311	39	8	4195	4500	7300489	7300183	3.63e-79	300	F1-14.ragtag.scaffold_chr
AL2G20030	scaffold_3_RagTag	89.823	226	18	5	4278	4500	22305339	22305562	1.02e-74	285	F1-14.ragtag.scaffold_chr
AL2G20030	scaffold_3_RagTag	83.388	307	42	9	4158	4459	22305604	22305302	6.12e-72	276	F1-14.ragtag.scaffold_chr
AL2G20030	scaffold_3_RagTag	88.938	226	20	5	4278	4500	7300181	7300404	2.2e-71	274	F1-14.ragtag.scaffold_chr
AL2G20030	scaffold_3_RagTag	82.68	306	45	8	4158	4459	7300445	7300144	1.32e-68	265	F1-14.ragtag.scaffold_chr
AL2G20030	scaffold_3_RagTag	82.68	306	43	9	4201	4500	22305642	22305341	4.76e-68	263	F1-14.ragtag.scaffold_chr
AL2G20030	scaffold_3_RagTag	84.549	233	28	7	4195	4423	7300264	7300492	2.25e-56	224	F1-14.ragtag.scaffold_chr
AL2G20030	scaffold_3_RagTag	83.761	234	28	9	4195	4423	22305422	22305650	4.86e-53	213	F1-14.ragtag.scaffold_chr
AL2G20030	scaffold_3_RagTag	84.239	184	25	4	4158	4338	7300363	7300181	6.38e-42	176	F1-14.ragtag.scaffold_chr
AL2G20030	scaffold_3_RagTag	84.239	184	25	4	4158	4338	22305521	22305339	6.38e-42	176	F1-14.ragtag.scaffold_chr
AL2G20030	scaffold_3_RagTag	84.138	145	16	6	4360	4500	7300181	7300322	3.9e-29	134	F1-14.ragtag.scaffold_chr
AL2G20030	scaffold_3_RagTag	84.138	145	16	6	4360	4500	22305339	22305480	3.9e-29	134	F1-14.ragtag.scaffold_chr
AL2G20030	scaffold_3_RagTag	97.561	41	1	0	2753	2793	22065226	22065266	3.1e-10	71.3	F1-14.ragtag.scaffold_chr
AL2G20030	scaffold_2_RagTag	92.11	621	41	3	562	1181	13294224	13294837	0	869	F1-14.ragtag.scaffold_chr
AL2G20030	scaffold_2_RagTag	93.463	566	26	2	3869	4423	6338564	6337999	0	830	F1-14.ragtag.scaffold_chr
AL2G20030	scaffold_2_RagTag	83.2	625	71	23	601	1211	13290422	13291026	5.46e-152	542	F1-14.ragtag.scaffold_chr
AL2G20030	scaffold_2_RagTag	89.524	420	25	10	1208	1617	13290885	13291295	1.19e-143	514	F1-14.ragtag.scaffold_chr
AL2G20030	scaffold_2_RagTag	87.075	441	26	17	1208	1617	13294734	13295174	2.61e-130	470	F1-14.ragtag.scaffold_chr
AL2G20030	scaffold_2_RagTag	88.218	348	30	6	2753	3089	7935254	7934907	7.48e-111	405	F1-14.ragtag.scaffold_chr
AL2G20030	scaffold_2_RagTag	87.429	350	33	6	2753	3091	19118155	19117806	5.82e-107	392	F1-14.ragtag.scaffold_chr
AL2G20030	scaffold_2_RagTag	87.037	324	31	6	2753	3065	7692224	7692547	7.64e-96	355	F1-14.ragtag.scaffold_chr
AL2G20030	scaffold_2_RagTag	88.158	304	22	10	2753	3044	24084456	24084155	3.55e-94	350	F1-14.ragtag.scaffold_chr
AL2G20030	scaffold_2_RagTag	86.239	327	33	7	2754	3079	67008	66693	1.65e-92	344	F1-14.ragtag.scaffold_chr
AL2G20030	scaffold_2_RagTag	88.112	286	23	7	2756	3030	13814792	13814507	4.63e-88	329	F1-14.ragtag.scaffold_chr
AL2G20030	scaffold_2_RagTag	80.815	417	38	24	53	454	13289930	13290319	7.86e-76	289	F1-14.ragtag.scaffold_chr
AL2G20030	scaffold_2_RagTag	86.466	266	27	9	4239	4500	6338264	6338004	3.66e-74	283	F1-14.ragtag.scaffold_chr
AL2G20030	scaffold_2_RagTag	83.737	289	39	1	222	502	13293939	13294227	3.68e-69	267	F1-14.ragtag.scaffold_chr
AL2G20030	scaffold_2_RagTag	84.133	271	35	7	4192	4459	6337999	6338264	7.97e-66	255	F1-14.ragtag.scaffold_chr
AL2G20030	scaffold_2_RagTag	90.503	179	15	2	2904	3082	14524930	14524754	1.04e-59	235	F1-14.ragtag.scaffold_chr
AL2G20030	scaffold_2_RagTag	77.885	416	66	12	3869	4261	16840391	16840803	1.04e-59	235	F1-14.ragtag.scaffold_chr
AL2G20030	scaffold_2_RagTag	88.889	180	17	3	3306	3484	16415584	16415407	1.05e-54	219	F1-14.ragtag.scaffold_chr
AL2G20030	scaffold_2_RagTag	82.328	232	32	8	4274	4500	6337998	6338225	6.34e-47	193	F1-14.ragtag.scaffold_chr
AL2G20030	scaffold_2_RagTag	98.02	101	0	2	3774	3872	5491693	5491793	2.3e-41	174	F1-14.ragtag.scaffold_chr
AL2G20030	scaffold_2_RagTag	83.696	184	26	4	4158	4338	6338045	6338227	2.97e-40	171	F1-14.ragtag.scaffold_chr
AL2G20030	scaffold_2_RagTag	91.597	119	10	0	2973	3091	9367276	9367158	1.38e-38	165	F1-14.ragtag.scaffold_chr
AL2G20030	scaffold_2_RagTag	83.448	145	17	6	4360	4500	6338227	6338086	1.81e-27	128	F1-14.ragtag.scaffold_chr
AL2G20030	scaffold_2_RagTag	82.55	149	19	6	4195	4340	6338144	6338000	2.34e-26	124	F1-14.ragtag.scaffold_chr
AL2G20030	scaffold_5_RagTag	88.856	341	27	6	2749	3078	11206388	11206048	5.78e-112	409	F1-14.ragtag.scaffold_chr
AL2G20030	scaffold_5_RagTag	88.855	332	31	4	2753	3079	12065632	12065962	2.69e-110	403	F1-14.ragtag.scaffold_chr
AL2G20030	scaffold_5_RagTag	87.535	353	30	9	2753	3092	6354443	6354794	4.5e-108	396	F1-14.ragtag.scaffold_chr
AL2G20030	scaffold_5_RagTag	87.393	349	33	6	2753	3090	9799310	9798962	2.09e-106	390	F1-14.ragtag.scaffold_chr
AL2G20030	scaffold_5_RagTag	85.924	341	37	7	2753	3082	6069812	6070152	2.75e-95	353	F1-14.ragtag.scaffold_chr
AL2G20030	scaffold_5_RagTag	77.13	446	70	17	3869	4296	17078355	17078786	4.83e-58	230	F1-14.ragtag.scaffold_chr
AL2G20030	scaffold_5_RagTag	76.837	449	65	19	3869	4296	12378635	12378205	3.76e-54	217	F1-14.ragtag.scaffold_chr
AL2G20030	scaffold_7_RagTag	87.931	348	31	5	2753	3089	10117606	10117259	3.48e-109	399	F1-14.ragtag.scaffold_chr
AL2G20030	scaffold_7_RagTag	86.441	354	35	8	2753	3093	17657314	17656961	5.86e-102	375	F1-14.ragtag.scaffold_chr
AL2G20030	scaffold_7_RagTag	85.96	349	38	6	2758	3095	11635691	11635343	4.56e-98	363	F1-14.ragtag.scaffold_chr
AL2G20030	scaffold_7_RagTag	86.624	314	29	7	2754	3055	13917705	13918017	9.95e-90	335	F1-14.ragtag.scaffold_chr
AL2G20030	scaffold_7_RagTag	86.306	314	30	7	2754	3055	13845039	13845351	4.63e-88	329	F1-14.ragtag.scaffold_chr
AL2G20030	scaffold_7_RagTag	84.969	326	35	9	2753	3066	18165676	18165353	1e-84	318	F1-14.ragtag.scaffold_chr
AL2G20030	scaffold_7_RagTag	89.37	254	21	5	3315	3562	13842683	13842936	1.3e-83	315	F1-14.ragtag.scaffold_chr
AL2G20030	scaffold_7_RagTag	85.531	311	31	9	2788	3085	24344882	24344573	4.66e-83	313	F1-14.ragtag.scaffold_chr
AL2G20030	scaffold_7_RagTag	83.965	343	29	9	2753	3082	11746832	11747161	7.8e-81	305	F1-14.ragtag.scaffold_chr
AL2G20030	scaffold_7_RagTag	85.043	234	21	9	3334	3561	13921747	13921522	6.25e-57	226	F1-14.ragtag.scaffold_chr
AL2G20030	scaffold_7_RagTag	84.615	234	22	9	3334	3561	13849056	13848831	2.91e-55	220	F1-14.ragtag.scaffold_chr
AL2G20030	scaffold_7_RagTag	76.233	446	82	19	3869	4297	16754410	16754848	1.35e-53	215	F1-14.ragtag.scaffold_chr
AL2G20030	scaffold_7_RagTag	76.368	457	63	21	3869	4296	23307858	23307418	2.93e-50	204	F1-14.ragtag.scaffold_chr
AL2G20030	scaffold_7_RagTag	75.771	454	81	15	3869	4297	16618607	16619056	1.05e-49	202	F1-14.ragtag.scaffold_chr
AL2G20030	scaffold_7_RagTag	76.149	457	66	22	3869	4296	9619079	9619521	3.79e-49	200	F1-14.ragtag.scaffold_chr
AL2G20030	scaffold_7_RagTag	90.667	150	13	1	2934	3082	5534220	5534369	1.36e-48	198	F1-14.ragtag.scaffold_chr
AL2G20030	scaffold_7_RagTag	86.932	176	18	2	2899	3072	359947	359775	6.34e-47	193	F1-14.ragtag.scaffold_chr
AL2G20070	scaffold_6_RagTag	89.864	1026	72	7	80	1095	11642068	11641065	0	1290	F1-14.ragtag.scaffold_chr
AL2G20070	scaffold_6_RagTag	86.864	236	10	7	1082	1317	11639451	11639237	5.13e-63	244	F1-14.ragtag.scaffold_chr
AL2G20070	scaffold_2_RagTag	91.689	734	47	5	589	1314	13294224	13294951	0	1005	F1-14.ragtag.scaffold_chr
AL2G20070	scaffold_2_RagTag	85.426	693	68	23	628	1314	13290422	13291087	0	689	F1-14.ragtag.scaffold_chr
AL2G20070	scaffold_2_RagTag	89.789	284	21	1	258	533	13293939	13294222	6.31e-97	357	F1-14.ragtag.scaffold_chr
AL2G20070	scaffold_2_RagTag	77.986	427	50	24	80	490	13289921	13290319	5.16e-58	228	F1-14.ragtag.scaffold_chr
AL2G20070	scaffold_2_RagTag	87.368	190	10	8	1	183	13293627	13293809	2.42e-51	206	F1-14.ragtag.scaffold_chr
AL2G20200	scaffold_2_RagTag	87.892	1181	113	19	239	1410	13295383	13294224	0	1362	F1-14.ragtag.scaffold_chr
AL2G20200	scaffold_2_RagTag	83.174	1361	132	48	16	1371	13291690	13290422	0	1155	F1-14.ragtag.scaffold_chr
AL2G20200	scaffold_2_RagTag	85.46	337	33	3	1466	1786	13294222	13293886	1.16e-90	337	F1-14.ragtag.scaffold_chr
AL2G20200	scaffold_2_RagTag	83.673	98	12	4	69	164	13295480	13295385	3.59e-16	89.8	F1-14.ragtag.scaffold_chr
AL2G20200	scaffold_2_RagTag	95.918	49	1	1	482	530	13295211	13295164	7.77e-13	78.7	F1-14.ragtag.scaffold_chr
AL2G20200	scaffold_6_RagTag	89.198	935	74	19	908	1821	11641065	11641993	0	1142	F1-14.ragtag.scaffold_chr
AL2G20200	scaffold_6_RagTag	86.037	487	39	15	436	921	11638993	11639451	1.81e-138	496	F1-14.ragtag.scaffold_chr
AL2G20200	scaffold_6_RagTag	93.651	63	4	0	416	478	11639017	11639079	7.72e-18	95.3	F1-14.ragtag.scaffold_chr
AL6G40220	scaffold_6_RagTag	99.203	1004	8	0	468	1471	11641065	11642068	0	1810	F1-14.ragtag.scaffold_chr
AL6G40220	scaffold_6_RagTag	98.698	461	4	2	21	481	11638993	11639451	0	817	F1-14.ragtag.scaffold_chr
AL6G40220	scaffold_6_RagTag	97.778	45	1	0	1469	1513	11643719	11643763	6.15e-13	78.7	F1-14.ragtag.scaffold_chr
AL6G40220	scaffold_6_RagTag	100	32	0	0	1	32	11638995	11639026	2.23e-07	60.2	F1-14.ragtag.scaffold_chr
AL6G40220	scaffold_2_RagTag	87.964	997	66	24	23	974	13295211	13294224	0	1127	F1-14.ragtag.scaffold_chr
AL6G40220	scaffold_2_RagTag	85.888	907	93	19	46	935	13291310	13290422	0	933	F1-14.ragtag.scaffold_chr
AL6G40220	scaffold_2_RagTag	82.967	182	11	13	1309	1483	13293858	13293690	1.66e-33	147	F1-14.ragtag.scaffold_chr
AL6G40220	scaffold_2_RagTag	95.556	45	1	1	1	45	13295167	13295124	1.03e-10	71.3	F1-14.ragtag.scaffold_chr
AL2G20010	scaffold_2_RagTag	98.552	1934	6	1	1	1934	11600919	11602830	0	3397	KN003hexa_v0
AL2G20010	scaffold_2_RagTag	86.105	1353	127	31	599	1932	11605410	11606720	0	1400	KN003hexa_v0
AL2G20010	scaffold_2_RagTag	86.684	1134	111	20	599	1714	11661435	11662546	0	1221	KN003hexa_v0
AL2G20010	scaffold_2_RagTag	87.816	911	93	12	599	1492	10915531	10916440	0	1051	KN003hexa_v0
AL2G20010	scaffold_2_RagTag	87.043	957	88	22	614	1536	11757475	11756521	0	1048	KN003hexa_v0
AL2G20010	scaffold_2_RagTag	83.743	529	56	20	1430	1934	11756517	11755995	8.5e-132	473	KN003hexa_v0
AL2G20010	scaffold_2_RagTag	83.333	336	34	10	190	517	11757905	11757584	9.19e-77	291	KN003hexa_v0
AL2G20010	scaffold_2_RagTag	79.05	463	53	23	82	517	10914992	10915437	7.16e-73	278	KN003hexa_v0
AL2G20010	scaffold_2_RagTag	79.05	463	53	23	82	517	11660957	11661402	7.16e-73	278	KN003hexa_v0
AL2G20010	scaffold_2_RagTag	80.294	340	41	12	190	517	11604982	11605307	1.57e-59	233	KN003hexa_v0
AL2G20010	scaffold_2_RagTag	92.562	121	8	1	118	238	11758099	11757980	3.47e-41	172	KN003hexa_v0
AL2G20010	scaffold_2_RagTag	92.523	107	8	0	1430	1536	11756561	11756455	1.26e-35	154	KN003hexa_v0
AL2G20010	scaffold_2_RagTag	86.154	65	7	2	203	265	11604910	11604974	4.69e-10	69.4	KN003hexa_v0
AL2G20010	scaffold_2_RagTag	91.111	45	4	0	1492	1536	11662278	11662322	7.85e-08	62.1	KN003hexa_v0
AL2G20010	scaffold_6_RagTag	86.744	943	87	21	611	1536	13307133	13306212	0	1014	KN003hexa_v0
AL2G20020	scaffold_2_RagTag	94.989	1377	44	6	600	1975	11605368	11606720	0	2137	KN003hexa_v0
AL2G20020	scaffold_2_RagTag	89.129	1527	110	33	261	1776	11661065	11662546	0	1849	KN003hexa_v0
AL2G20020	scaffold_2_RagTag	93.803	952	57	1	600	1549	10915489	10916440	0	1430	KN003hexa_v0
AL2G20020	scaffold_2_RagTag	85.366	1435	122	35	567	1975	11601456	11602828	0	1406	KN003hexa_v0
AL2G20020	scaffold_2_RagTag	88.75	1040	74	15	603	1616	11757529	11756507	0	1232	KN003hexa_v0
AL2G20020	scaffold_2_RagTag	85.357	560	43	21	1	550	11604728	11605258	6.53e-153	544	KN003hexa_v0
AL2G20020	scaffold_2_RagTag	90.705	312	24	4	242	550	11757940	11757631	6.91e-113	411	KN003hexa_v0
AL2G20020	scaffold_2_RagTag	86.579	380	35	8	1487	1860	11756517	11756148	3.21e-111	405	KN003hexa_v0
AL2G20020	scaffold_2_RagTag	91.126	293	21	5	261	550	10915100	10915390	2.5e-107	392	KN003hexa_v0
AL2G20020	scaffold_2_RagTag	82.168	286	32	6	277	550	11601109	11601387	7.47e-58	228	KN003hexa_v0
AL2G20020	scaffold_2_RagTag	85.437	103	13	2	63	165	10914970	10915070	3.65e-21	106	KN003hexa_v0
AL2G20020	scaffold_2_RagTag	85.437	103	13	2	63	165	11660935	11661035	3.65e-21	106	KN003hexa_v0
AL2G20020	scaffold_2_RagTag	89.394	66	4	3	1552	1616	11756636	11756573	2.21e-13	80.5	KN003hexa_v0
AL2G20020	scaffold_2_RagTag	92.453	53	4	0	1557	1609	11606229	11606281	2.86e-12	76.8	KN003hexa_v0
AL2G20020	scaffold_2_RagTag	100	31	0	0	1484	1514	11606324	11606354	1.04e-06	58.4	KN003hexa_v0
AL2G20020	scaffold_2_RagTag	100	29	0	0	321	349	11604938	11604966	1.34e-05	54.7	KN003hexa_v0
AL2G20020	scaffold_6_RagTag	90.936	1004	58	16	603	1602	13307184	13306210	0	1319	KN003hexa_v0
AL2G20020	scaffold_6_RagTag	82.54	315	38	7	241	550	13307597	13307295	7.36e-68	261	KN003hexa_v0
AL2G20020	scaffold_6_RagTag	81.868	182	15	12	63	233	13307683	13307509	1.29e-30	137	KN003hexa_v0
AL2G20030	scaffold_2_RagTag	96.74	2607	36	18	1890	4487	11608055	11610621	0	4298	KN003hexa_v0
AL2G20030	scaffold_2_RagTag	92.942	1176	74	5	1	1176	10914940	10916106	0	1703	KN003hexa_v0
AL2G20030	scaffold_2_RagTag	89.716	1021	83	16	165	1181	11757917	11756915	0	1284	KN003hexa_v0
AL2G20030	scaffold_2_RagTag	87.16	1028	99	11	161	1181	11604966	11605967	0	1136	KN003hexa_v0
AL2G20030	scaffold_2_RagTag	93.012	644	33	3	3869	4500	7849132	7848489	0	929	KN003hexa_v0
AL2G20030	scaffold_2_RagTag	94.426	592	33	0	590	1181	11661424	11662015	0	911	KN003hexa_v0
AL2G20030	scaffold_2_RagTag	92.563	632	43	4	3869	4500	1386392	1385765	0	904	KN003hexa_v0
AL2G20030	scaffold_2_RagTag	91.808	647	39	5	3865	4500	1626791	1627434	0	889	KN003hexa_v0
AL2G20030	scaffold_2_RagTag	91.757	643	40	3	3869	4500	10733737	10734377	0	881	KN003hexa_v0
AL2G20030	scaffold_2_RagTag	93.09	521	36	0	1	521	11660905	11661425	0	763	KN003hexa_v0
AL2G20030	scaffold_2_RagTag	84.48	625	68	13	601	1211	11601517	11602126	1.9e-166	590	KN003hexa_v0
AL2G20030	scaffold_2_RagTag	89.598	423	23	11	1208	1617	11601981	11602395	9.09e-145	518	KN003hexa_v0
AL2G20030	scaffold_2_RagTag	88.263	426	26	14	1208	1617	11661912	11662329	7.12e-136	488	KN003hexa_v0
AL2G20030	scaffold_2_RagTag	87.793	426	28	14	1208	1617	10916008	10916425	1.54e-132	477	KN003hexa_v0
AL2G20030	scaffold_2_RagTag	86.62	426	31	11	1208	1617	11605864	11606279	1.21e-123	448	KN003hexa_v0
AL2G20030	scaffold_2_RagTag	87.977	341	30	6	2753	3082	885122	885462	5.75e-107	392	KN003hexa_v0
AL2G20030	scaffold_2_RagTag	87.791	344	31	6	2753	3085	13144054	13143711	5.75e-107	392	KN003hexa_v0
AL2G20030	scaffold_2_RagTag	88.06	335	34	4	2752	3082	18602047	18601715	5.75e-107	392	KN003hexa_v0
AL2G20030	scaffold_2_RagTag	87.5	344	32	6	2753	3085	13900750	13900407	2.67e-105	387	KN003hexa_v0
AL2G20030	scaffold_2_RagTag	87.143	350	34	6	2753	3091	17949709	17949360	2.67e-105	387	KN003hexa_v0
AL2G20030	scaffold_2_RagTag	89.423	312	22	5	1311	1620	11756879	11756577	3.46e-104	383	KN003hexa_v0
AL2G20030	scaffold_2_RagTag	86.919	344	34	6	2753	3085	14781233	14780890	5.79e-102	375	KN003hexa_v0
AL2G20030	scaffold_2_RagTag	85.879	347	39	9	4158	4500	1386024	1385684	1.62e-97	361	KN003hexa_v0
AL2G20030	scaffold_2_RagTag	86.527	334	32	6	2763	3083	18193480	18193813	7.54e-96	355	KN003hexa_v0
AL2G20030	scaffold_2_RagTag	87.459	303	26	8	2753	3044	20989759	20989458	7.59e-91	339	KN003hexa_v0
AL2G20030	scaffold_2_RagTag	81.579	456	40	25	53	491	11601000	11601428	2.73e-90	337	KN003hexa_v0
AL2G20030	scaffold_2_RagTag	83.929	336	40	12	4158	4487	1385725	1386052	5.95e-82	309	KN003hexa_v0
AL2G20030	scaffold_2_RagTag	84.424	321	40	8	4184	4500	1627448	1627134	2.14e-81	307	KN003hexa_v0
AL2G20030	scaffold_2_RagTag	88.845	251	21	6	3319	3562	733735	733485	9.96e-80	302	KN003hexa_v0
AL2G20030	scaffold_2_RagTag	84.281	299	38	8	4195	4490	10734379	10734087	3.61e-74	283	KN003hexa_v0
AL2G20030	scaffold_2_RagTag	83.228	316	40	11	4192	4500	7848484	7848793	1.68e-72	278	KN003hexa_v0
AL2G20030	scaffold_2_RagTag	88.496	226	21	5	4278	4500	7848795	7848572	1.01e-69	268	KN003hexa_v0
AL2G20030	scaffold_2_RagTag	82.792	308	39	13	4158	4459	1385806	1386105	4.7e-68	263	KN003hexa_v0
AL2G20030	scaffold_2_RagTag	82.68	306	42	10	4158	4459	1627393	1627095	1.69e-67	261	KN003hexa_v0
AL2G20030	scaffold_2_RagTag	83.929	280	37	7	4183	4459	7848558	7848832	1.69e-67	261	KN003hexa_v0
AL2G20030	scaffold_2_RagTag	80.98	347	44	8	4158	4500	1627175	1627503	7.87e-66	255	KN003hexa_v0
AL2G20030	scaffold_2_RagTag	82.019	317	37	17	4192	4500	1385679	1385983	1.02e-64	252	KN003hexa_v0
AL2G20030	scaffold_2_RagTag	84.015	269	35	7	4158	4423	1385942	1385679	1.02e-64	252	KN003hexa_v0
AL2G20030	scaffold_2_RagTag	80.663	362	36	13	4154	4500	1627254	1627596	3.66e-64	250	KN003hexa_v0
AL2G20030	scaffold_2_RagTag	81.759	307	44	12	4158	4459	10734336	10734037	4.73e-63	246	KN003hexa_v0
AL2G20030	scaffold_2_RagTag	85.897	234	29	4	4184	4415	11610579	11610348	4.73e-63	246	KN003hexa_v0
AL2G20030	scaffold_2_RagTag	83.521	267	32	12	4239	4500	1386105	1385846	7.92e-61	239	KN003hexa_v0
AL2G20030	scaffold_2_RagTag	82.313	294	33	13	4207	4497	11610625	11610348	2.85e-60	237	KN003hexa_v0
AL2G20030	scaffold_2_RagTag	89.944	179	16	2	2904	3082	13343106	13342930	4.77e-58	230	KN003hexa_v0
AL2G20030	scaffold_2_RagTag	82.222	270	39	6	4158	4423	10734118	10734382	2.22e-56	224	KN003hexa_v0
AL2G20030	scaffold_2_RagTag	84.12	233	29	7	4195	4423	7848712	7848484	1.03e-54	219	KN003hexa_v0
AL2G20030	scaffold_2_RagTag	77.108	415	69	12	3869	4260	19953626	19953215	3.71e-54	217	KN003hexa_v0
AL2G20030	scaffold_2_RagTag	88.333	180	18	3	3306	3484	14763537	14763360	4.8e-53	213	KN003hexa_v0
AL2G20030	scaffold_2_RagTag	83.77	191	29	2	2873	3061	11916642	11916832	4.87e-43	180	KN003hexa_v0
AL2G20030	scaffold_2_RagTag	77.603	317	46	21	4195	4500	1627598	1627296	1.05e-39	169	KN003hexa_v0
AL2G20030	scaffold_2_RagTag	83.598	189	18	5	4246	4423	1627415	1627601	1.36e-38	165	KN003hexa_v0
AL2G20030	scaffold_2_RagTag	81.193	218	21	9	4195	4409	11610425	11610625	2.28e-36	158	KN003hexa_v0
AL2G20030	scaffold_2_RagTag	81.72	186	25	8	4158	4338	1385887	1386068	4.94e-33	147	KN003hexa_v0
AL2G20030	scaffold_2_RagTag	80.749	187	27	8	4158	4340	1385861	1385680	2.97e-30	137	KN003hexa_v0
AL2G20030	scaffold_2_RagTag	97.222	72	2	0	31	102	11604791	11604862	8.32e-26	122	KN003hexa_v0
AL2G20030	scaffold_2_RagTag	78.836	189	30	9	4158	4340	7848669	7848485	1.08e-24	119	KN003hexa_v0
AL2G20030	scaffold_2_RagTag	82.313	147	15	10	4360	4500	1386068	1385927	3.87e-24	117	KN003hexa_v0
AL2G20030	scaffold_2_RagTag	86.667	105	12	2	4237	4340	1627497	1627600	1.39e-23	115	KN003hexa_v0
AL2G20030	scaffold_2_RagTag	98.387	62	1	0	4426	4487	10854790	10854851	6.48e-22	110	KN003hexa_v0
AL2G20030	scaffold_2_RagTag	91.549	71	5	1	4207	4277	10854855	10854786	5.05e-18	97.1	KN003hexa_v0
AL2G20030	scaffold_2_RagTag	90.909	66	6	0	4344	4409	10854790	10854855	8.44e-16	89.8	KN003hexa_v0
AL2G20030	scaffold_2_RagTag	92.188	64	1	4	3504	3563	14330036	14329973	3.04e-15	87.9	KN003hexa_v0
AL2G20030	scaffold_2_RagTag	96.154	52	2	0	1569	1620	11756540	11756489	1.09e-14	86.1	KN003hexa_v0
AL2G20030	scaffold_2_RagTag	88.525	61	3	3	190	250	11604910	11604966	3.06e-10	71.3	KN003hexa_v0
AL2G20030	scaffold_2_RagTag	95.455	44	2	0	3523	3566	14472494	14472537	3.06e-10	71.3	KN003hexa_v0
AL2G20030	scaffold_2_RagTag	95.349	43	2	0	800	842	10854773	10854731	1.1e-09	69.4	KN003hexa_v0
AL2G20030	scaffold_2_RagTag	92.683	41	3	0	1570	1610	11602392	11602432	6.62e-07	60.2	KN003hexa_v0
AL2G20030	scaffold_6_RagTag	97.956	1174	18	5	2605	3773	13411748	13410576	0	2030	KN003hexa_v0
AL2G20030	scaffold_6_RagTag	94.954	1189	28	2	1	1189	13307713	13306557	0	1834	KN003hexa_v0
AL2G20030	scaffold_6_RagTag	93.196	632	41	2	3869	4500	23262387	23261758	0	928	KN003hexa_v0
AL2G20030	scaffold_6_RagTag	91.654	647	40	4	3865	4500	19284842	19284199	0	883	KN003hexa_v0
AL2G20030	scaffold_6_RagTag	91.446	643	42	4	3869	4500	25006414	25005774	0	870	KN003hexa_v0
AL2G20030	scaffold_6_RagTag	93.497	569	20	7	3869	4423	14139591	14140156	0	830	KN003hexa_v0
AL2G20030	scaffold_6_RagTag	87.081	418	31	13	1208	1620	13306668	13306269	9.35e-125	451	KN003hexa_v0
AL2G20030	scaffold_6_RagTag	87.328	363	34	7	2753	3103	24025048	24024686	7.38e-111	405	KN003hexa_v0
AL2G20030	scaffold_6_RagTag	88	350	31	7	2753	3091	5756897	5757246	2.65e-110	403	KN003hexa_v0
AL2G20030	scaffold_6_RagTag	88.27	341	29	7	2753	3082	11040341	11040681	1.24e-108	398	KN003hexa_v0
AL2G20030	scaffold_6_RagTag	87.791	344	31	6	2753	3085	9653775	9653432	5.75e-107	392	KN003hexa_v0
AL2G20030	scaffold_6_RagTag	87.977	341	28	10	2754	3082	4728715	4728376	2.07e-106	390	KN003hexa_v0
AL2G20030	scaffold_6_RagTag	87.106	349	34	6	2753	3090	19716380	19716032	9.62e-105	385	KN003hexa_v0
AL2G20030	scaffold_6_RagTag	86.517	356	36	7	2753	3096	8159954	8159599	1.24e-103	381	KN003hexa_v0
AL2G20030	scaffold_6_RagTag	86.648	352	36	6	2753	3093	11184925	11184574	4.47e-103	379	KN003hexa_v0
AL2G20030	scaffold_6_RagTag	86.441	354	37	6	2753	3095	8189564	8189917	1.61e-102	377	KN003hexa_v0
AL2G20030	scaffold_6_RagTag	86.61	351	36	6	2753	3092	10317374	10317724	1.61e-102	377	KN003hexa_v0
AL2G20030	scaffold_6_RagTag	86.628	344	35	6	2753	3085	1095154	1094811	2.69e-100	370	KN003hexa_v0
AL2G20030	scaffold_6_RagTag	86.765	340	34	8	2762	3090	14593176	14593515	9.68e-100	368	KN003hexa_v0
AL2G20030	scaffold_6_RagTag	86.726	339	34	6	2763	3090	18978575	18978913	3.48e-99	366	KN003hexa_v0
AL2G20030	scaffold_6_RagTag	85.965	342	34	8	2754	3082	12670965	12670625	2.71e-95	353	KN003hexa_v0
AL2G20030	scaffold_6_RagTag	85.97	335	35	9	2753	3076	18975355	18975022	1.26e-93	348	KN003hexa_v0
AL2G20030	scaffold_6_RagTag	83.429	350	42	14	4158	4500	23262017	23261677	1.66e-82	311	KN003hexa_v0
AL2G20030	scaffold_6_RagTag	83.824	340	39	14	4155	4487	23261715	23262045	5.95e-82	309	KN003hexa_v0
AL2G20030	scaffold_6_RagTag	84.718	301	33	11	4192	4487	25005769	25006061	7.76e-76	289	KN003hexa_v0
AL2G20030	scaffold_6_RagTag	89.778	225	17	5	3319	3537	4413013	4412789	3.61e-74	283	KN003hexa_v0
AL2G20030	scaffold_6_RagTag	84.333	300	35	10	4192	4487	19284194	19284485	3.61e-74	283	KN003hexa_v0
AL2G20030	scaffold_6_RagTag	82.736	307	41	11	4158	4459	23261799	23262098	4.7e-68	263	KN003hexa_v0
AL2G20030	scaffold_6_RagTag	83.643	269	34	9	4195	4459	14140153	14139891	1.7e-62	244	KN003hexa_v0
AL2G20030	scaffold_6_RagTag	86.147	231	25	6	4195	4423	25005994	25005769	6.12e-62	243	KN003hexa_v0
AL2G20030	scaffold_6_RagTag	82.796	279	38	9	4158	4431	25005815	25006088	2.2e-61	241	KN003hexa_v0
AL2G20030	scaffold_6_RagTag	86.344	227	23	8	4278	4500	25006077	25005855	2.2e-61	241	KN003hexa_v0
AL2G20030	scaffold_6_RagTag	81.433	307	44	12	4158	4459	19284240	19284538	7.92e-61	239	KN003hexa_v0
AL2G20030	scaffold_6_RagTag	85.965	228	23	7	4278	4500	14139928	14140151	1.02e-59	235	KN003hexa_v0
AL2G20030	scaffold_6_RagTag	82.963	270	36	9	4158	4423	19284457	19284194	1.02e-59	235	KN003hexa_v0
AL2G20030	scaffold_6_RagTag	85.903	227	24	8	4278	4500	23262061	23261839	1.02e-59	235	KN003hexa_v0
AL2G20030	scaffold_6_RagTag	88.542	192	22	0	2891	3082	5756892	5756701	3.69e-59	233	KN003hexa_v0
AL2G20030	scaffold_6_RagTag	85.526	228	22	10	4278	4500	19284501	19284280	1.71e-57	228	KN003hexa_v0
AL2G20030	scaffold_6_RagTag	82.609	230	29	9	4277	4500	14140154	14139930	6.26e-47	193	KN003hexa_v0
AL2G20030	scaffold_6_RagTag	87.417	151	17	2	4189	4338	14140077	14139928	8.15e-41	172	KN003hexa_v0
AL2G20030	scaffold_6_RagTag	82.065	184	28	5	4158	4338	23261880	23262061	1.06e-34	152	KN003hexa_v0
AL2G20030	scaffold_6_RagTag	81.152	191	26	9	4154	4340	25005954	25005770	1.78e-32	145	KN003hexa_v0
AL2G20030	scaffold_6_RagTag	83.333	162	17	9	4344	4500	23261658	23261814	2.3e-31	141	KN003hexa_v0
AL2G20030	scaffold_6_RagTag	80.526	190	28	8	4154	4340	19284378	19284195	2.97e-30	137	KN003hexa_v0
AL2G20030	scaffold_6_RagTag	84.138	145	16	6	4360	4500	14139928	14140069	3.85e-29	134	KN003hexa_v0
AL2G20030	scaffold_6_RagTag	82	150	18	7	4195	4340	14140011	14140155	1.08e-24	119	KN003hexa_v0
AL2G20030	scaffold_6_RagTag	82.192	146	17	8	4360	4500	23262061	23261920	3.87e-24	117	KN003hexa_v0
AL2G20030	scaffold_6_RagTag	85.849	106	11	4	4158	4261	23261773	23261670	6.48e-22	110	KN003hexa_v0
AL2G20030	scaffold_6_RagTag	90.244	82	6	2	4421	4500	23261652	23261733	8.38e-21	106	KN003hexa_v0
AL2G20030	scaffold_7_RagTag	94.099	644	27	2	3868	4500	15253716	15254359	0	968	KN003hexa_v0
AL2G20030	scaffold_7_RagTag	92.068	643	38	3	3869	4500	4625563	4624923	0	893	KN003hexa_v0
AL2G20030	scaffold_7_RagTag	89.922	645	48	7	3869	4500	7933490	7934130	0	815	KN003hexa_v0
AL2G20030	scaffold_7_RagTag	92.933	566	29	2	3869	4423	15834877	15834312	0	813	KN003hexa_v0
AL2G20030	scaffold_7_RagTag	88.352	352	30	8	2753	3093	11914210	11913859	4.41e-113	412	KN003hexa_v0
AL2G20030	scaffold_7_RagTag	88.506	348	29	8	2753	3089	23140091	23139744	1.59e-112	411	KN003hexa_v0
AL2G20030	scaffold_7_RagTag	88.012	342	30	6	2752	3082	11030221	11030562	1.6e-107	394	KN003hexa_v0
AL2G20030	scaffold_7_RagTag	87.179	351	34	6	2753	3092	11764484	11764134	7.43e-106	388	KN003hexa_v0
AL2G20030	scaffold_7_RagTag	87.356	348	33	5	2753	3089	21823479	21823132	7.43e-106	388	KN003hexa_v0
AL2G20030	scaffold_7_RagTag	86.723	354	36	6	2753	3095	15383595	15383242	3.46e-104	383	KN003hexa_v0
AL2G20030	scaffold_7_RagTag	87.097	341	33	6	2753	3082	1440149	1439809	5.79e-102	375	KN003hexa_v0
AL2G20030	scaffold_7_RagTag	86.628	344	35	5	2753	3085	2036925	2036582	2.69e-100	370	KN003hexa_v0
AL2G20030	scaffold_7_RagTag	86.628	344	35	6	2753	3085	22743506	22743163	2.69e-100	370	KN003hexa_v0
AL2G20030	scaffold_7_RagTag	86.08	352	37	7	2753	3092	21974996	21974645	9.68e-100	368	KN003hexa_v0
AL2G20030	scaffold_7_RagTag	86.51	341	34	9	2753	3082	15710557	15710896	1.25e-98	364	KN003hexa_v0
AL2G20030	scaffold_7_RagTag	93.522	247	13	2	3319	3562	23670347	23670101	1.25e-98	364	KN003hexa_v0
AL2G20030	scaffold_7_RagTag	85.303	347	42	7	4158	4500	4625182	4624841	3.51e-94	350	KN003hexa_v0
AL2G20030	scaffold_7_RagTag	86.306	314	30	7	2754	3055	13046632	13046944	4.57e-88	329	KN003hexa_v0
AL2G20030	scaffold_7_RagTag	85.276	326	36	7	2753	3066	16738730	16738405	5.91e-87	326	KN003hexa_v0
AL2G20030	scaffold_7_RagTag	87.153	288	26	6	2753	3029	7832097	7831810	3.56e-84	316	KN003hexa_v0
AL2G20030	scaffold_7_RagTag	85.256	312	34	10	4195	4500	15254361	15254056	1.66e-82	311	KN003hexa_v0
AL2G20030	scaffold_7_RagTag	83.881	335	42	9	2754	3082	10741523	10741851	5.95e-82	309	KN003hexa_v0
AL2G20030	scaffold_7_RagTag	82.985	335	45	11	4158	4487	4624882	4625209	6e-77	292	KN003hexa_v0
AL2G20030	scaffold_7_RagTag	89.381	226	19	5	4278	4500	15834540	15834317	4.67e-73	279	KN003hexa_v0
AL2G20030	scaffold_7_RagTag	85.24	271	32	7	4192	4459	15834312	15834577	7.81e-71	272	KN003hexa_v0
AL2G20030	scaffold_7_RagTag	85.66	265	24	8	2802	3055	13047001	13047262	3.63e-69	267	KN003hexa_v0
AL2G20030	scaffold_7_RagTag	82.68	306	45	8	4158	4459	15254318	15254017	1.31e-68	265	KN003hexa_v0
AL2G20030	scaffold_7_RagTag	87.069	232	23	6	4195	4423	15254137	15254364	7.87e-66	255	KN003hexa_v0
AL2G20030	scaffold_7_RagTag	83.333	270	36	8	4158	4423	4625100	4624836	2.2e-61	241	KN003hexa_v0
AL2G20030	scaffold_7_RagTag	86.283	226	26	5	4278	4500	15254054	15254277	2.2e-61	241	KN003hexa_v0
AL2G20030	scaffold_7_RagTag	89.474	190	17	3	4312	4500	7933862	7934049	2.85e-60	237	KN003hexa_v0
AL2G20030	scaffold_7_RagTag	81.107	307	46	12	4158	4459	4624964	4625263	1.02e-59	235	KN003hexa_v0
AL2G20030	scaffold_7_RagTag	81.107	307	46	11	4158	4459	7934089	7933790	1.02e-59	235	KN003hexa_v0
AL2G20030	scaffold_7_RagTag	80.635	315	46	12	4192	4500	4624836	4625141	4.77e-58	230	KN003hexa_v0
AL2G20030	scaffold_7_RagTag	84.549	233	25	5	3334	3561	13050151	13049925	2.87e-55	220	KN003hexa_v0
AL2G20030	scaffold_7_RagTag	83.19	232	30	8	4274	4500	15834311	15834538	2.89e-50	204	KN003hexa_v0
AL2G20030	scaffold_7_RagTag	87.952	166	17	2	2899	3064	343827	343665	6.26e-47	193	KN003hexa_v0
AL2G20030	scaffold_7_RagTag	84.239	184	25	4	4158	4338	15834358	15834540	6.3e-42	176	KN003hexa_v0
AL2G20030	scaffold_7_RagTag	83.152	184	27	3	4158	4338	15254236	15254054	1.36e-38	165	KN003hexa_v0
AL2G20030	scaffold_7_RagTag	81.461	178	29	4	4158	4333	7934008	7933833	6.39e-32	143	KN003hexa_v0
AL2G20030	scaffold_7_RagTag	80.319	188	28	8	4158	4340	4625020	4624837	3.85e-29	134	KN003hexa_v0
AL2G20030	scaffold_7_RagTag	84.138	145	16	6	4360	4500	15834540	15834399	3.85e-29	134	KN003hexa_v0
AL2G20030	scaffold_7_RagTag	83.221	149	18	6	4195	4340	15834457	15834313	4.97e-28	130	KN003hexa_v0
AL2G20030	scaffold_7_RagTag	83.448	145	17	6	4359	4500	7934133	7933993	1.79e-27	128	KN003hexa_v0
AL2G20030	scaffold_7_RagTag	87.879	99	9	1	2996	3091	16128348	16128446	5.01e-23	113	KN003hexa_v0
AL2G20030	scaffold_7_RagTag	81.295	139	20	6	4365	4500	7933833	7933968	2.33e-21	108	KN003hexa_v0
AL2G20030	scaffold_7_RagTag	84.906	106	12	4	4158	4261	7934034	7934137	3.02e-20	104	KN003hexa_v0
AL2G20030	scaffold_7_RagTag	91.026	78	5	2	4425	4500	7934151	7934074	3.02e-20	104	KN003hexa_v0
AL2G20030	scaffold_7_RagTag	100	28	0	0	2752	2779	339336	339309	0.000111	52.8	KN003hexa_v0
AL2G20030	scaffold_3_RagTag	93.478	644	29	4	3869	4500	22165870	22165228	0	944	KN003hexa_v0
AL2G20030	scaffold_3_RagTag	93.323	644	30	4	3869	4500	17637416	17636774	0	939	KN003hexa_v0
AL2G20030	scaffold_3_RagTag	90.555	667	28	7	3869	4500	19507341	19506675	0	850	KN003hexa_v0
AL2G20030	scaffold_3_RagTag	88.529	340	28	8	2754	3082	19361660	19361999	9.55e-110	401	KN003hexa_v0
AL2G20030	scaffold_3_RagTag	87.608	347	32	6	2755	3090	17809167	17808821	5.75e-107	392	KN003hexa_v0
AL2G20030	scaffold_3_RagTag	87.5	344	32	6	2753	3085	5486935	5486592	2.67e-105	387	KN003hexa_v0
AL2G20030	scaffold_3_RagTag	86.782	348	35	6	2753	3089	21870552	21870205	1.61e-102	377	KN003hexa_v0
AL2G20030	scaffold_3_RagTag	87.463	335	30	6	2753	3076	5443357	5443690	5.79e-102	375	KN003hexa_v0
AL2G20030	scaffold_3_RagTag	89.701	301	19	6	2753	3043	13294113	13294411	2.08e-101	374	KN003hexa_v0
AL2G20030	scaffold_3_RagTag	86.628	344	35	6	2753	3085	4123640	4123297	2.69e-100	370	KN003hexa_v0
AL2G20030	scaffold_3_RagTag	86	350	38	6	2753	3091	9850650	9850301	1.25e-98	364	KN003hexa_v0
AL2G20030	scaffold_3_RagTag	86.337	344	36	6	2753	3085	23741647	23741304	1.25e-98	364	KN003hexa_v0
AL2G20030	scaffold_3_RagTag	86.364	330	32	8	2765	3082	22414312	22414640	1.26e-93	348	KN003hexa_v0
AL2G20030	scaffold_3_RagTag	86.42	324	32	8	2753	3065	4794177	4794499	1.63e-92	344	KN003hexa_v0
AL2G20030	scaffold_3_RagTag	84.884	344	40	7	2753	3085	6961688	6961346	2.73e-90	337	KN003hexa_v0
AL2G20030	scaffold_3_RagTag	84.81	316	34	11	4192	4500	22165223	22165531	7.7e-81	305	KN003hexa_v0
AL2G20030	scaffold_3_RagTag	85.959	292	31	5	2809	3090	12946069	12945778	2.77e-80	303	KN003hexa_v0
AL2G20030	scaffold_3_RagTag	84.444	315	37	10	4192	4500	17636769	17637077	3.58e-79	300	KN003hexa_v0
AL2G20030	scaffold_3_RagTag	88.538	253	20	8	3319	3563	23929845	23929594	1.29e-78	298	KN003hexa_v0
AL2G20030	scaffold_3_RagTag	83.766	308	38	11	4158	4459	22165269	22165570	1.3e-73	281	KN003hexa_v0
AL2G20030	scaffold_3_RagTag	89.381	226	19	5	4278	4500	17637079	17636856	4.67e-73	279	KN003hexa_v0
AL2G20030	scaffold_3_RagTag	83.388	307	41	9	4158	4459	17636815	17637116	6.04e-72	276	KN003hexa_v0
AL2G20030	scaffold_3_RagTag	88.938	226	20	5	4278	4500	22165533	22165310	2.17e-71	274	KN003hexa_v0
AL2G20030	scaffold_3_RagTag	86.207	232	25	6	4195	4423	22165450	22165223	1.7e-62	244	KN003hexa_v0
AL2G20030	scaffold_3_RagTag	90.217	184	18	0	2899	3082	13126174	13126357	2.2e-61	241	KN003hexa_v0
AL2G20030	scaffold_3_RagTag	85.345	232	27	6	4195	4423	17636996	17636769	3.69e-59	233	KN003hexa_v0
AL2G20030	scaffold_3_RagTag	89.362	188	16	4	4238	4423	19506855	19506670	3.69e-59	233	KN003hexa_v0
AL2G20030	scaffold_3_RagTag	77.108	415	69	12	3869	4260	22014545	22014134	3.71e-54	217	KN003hexa_v0
AL2G20030	scaffold_3_RagTag	79.586	338	35	18	4192	4500	19506670	19507002	1.73e-52	211	KN003hexa_v0
AL2G20030	scaffold_3_RagTag	78.485	330	39	18	4158	4459	19506716	19507041	2.91e-45	187	KN003hexa_v0
AL2G20030	scaffold_3_RagTag	84.783	184	24	4	4158	4338	17636897	17637079	1.35e-43	182	KN003hexa_v0
AL2G20030	scaffold_3_RagTag	84.783	184	24	4	4158	4338	22165351	22165533	1.35e-43	182	KN003hexa_v0
AL2G20030	scaffold_3_RagTag	81.553	206	28	9	4239	4440	19507041	19506842	1.76e-37	161	KN003hexa_v0
AL2G20030	scaffold_3_RagTag	82.703	185	26	5	4195	4377	19506861	19507041	6.34e-37	159	KN003hexa_v0
AL2G20030	scaffold_3_RagTag	94.118	102	4	2	3773	3872	10344502	10344603	2.95e-35	154	KN003hexa_v0
AL2G20030	scaffold_3_RagTag	80.851	188	27	8	4158	4340	22165407	22165224	8.27e-31	139	KN003hexa_v0
AL2G20030	scaffold_3_RagTag	84.138	145	16	6	4360	4500	22165533	22165392	3.85e-29	134	KN003hexa_v0
AL2G20030	scaffold_3_RagTag	83.448	145	17	6	4360	4500	17637079	17636938	1.79e-27	128	KN003hexa_v0
AL2G20030	scaffold_3_RagTag	89.899	99	10	0	4402	4500	19506855	19506757	1.79e-27	128	KN003hexa_v0
AL2G20030	scaffold_3_RagTag	79.255	188	30	8	4158	4340	17636953	17636770	8.32e-26	122	KN003hexa_v0
AL2G20030	scaffold_8_RagTag	93.168	644	32	3	3869	4500	13143093	13143736	0	935	KN003hexa_v0
AL2G20030	scaffold_8_RagTag	91.42	641	42	4	3869	4498	17051425	17050787	0	867	KN003hexa_v0
AL2G20030	scaffold_8_RagTag	91.446	643	32	3	3869	4500	3477072	3477702	0	861	KN003hexa_v0
AL2G20030	scaffold_8_RagTag	95.725	538	12	4	2021	2554	226705	226175	0	856	KN003hexa_v0
AL2G20030	scaffold_8_RagTag	92.945	567	28	4	3869	4423	4387060	4386494	0	815	KN003hexa_v0
AL2G20030	scaffold_8_RagTag	92.769	567	28	4	3869	4423	13266400	13266965	0	808	KN003hexa_v0
AL2G20030	scaffold_8_RagTag	87.179	351	33	8	2753	3091	5349258	5348908	7.43e-106	388	KN003hexa_v0
AL2G20030	scaffold_8_RagTag	86.686	353	35	7	2753	3093	5349322	5349674	1.24e-103	381	KN003hexa_v0
AL2G20030	scaffold_8_RagTag	87.537	337	31	6	2755	3080	10790043	10789707	4.47e-103	379	KN003hexa_v0
AL2G20030	scaffold_8_RagTag	86.744	347	35	6	2753	3088	2450546	2450200	5.79e-102	375	KN003hexa_v0
AL2G20030	scaffold_8_RagTag	86.571	350	36	6	2753	3091	3276591	3276940	5.79e-102	375	KN003hexa_v0
AL2G20030	scaffold_8_RagTag	89.888	267	19	7	3312	3571	15322144	15321879	2.73e-90	337	KN003hexa_v0
AL2G20030	scaffold_8_RagTag	84.438	347	44	9	4158	4500	17051044	17050704	3.53e-89	333	KN003hexa_v0
AL2G20030	scaffold_8_RagTag	94.787	211	7	2	3563	3773	225858	225652	5.91e-87	326	KN003hexa_v0
AL2G20030	scaffold_8_RagTag	90.4	250	18	5	3319	3562	19701582	19701333	2.13e-86	324	KN003hexa_v0
AL2G20030	scaffold_8_RagTag	83.228	316	41	10	4191	4500	3477708	3477399	4.67e-73	279	KN003hexa_v0
AL2G20030	scaffold_8_RagTag	84.694	294	29	7	2800	3077	5177774	5177481	4.67e-73	279	KN003hexa_v0
AL2G20030	scaffold_8_RagTag	85.609	271	29	9	4235	4500	13143388	13143653	6.04e-72	276	KN003hexa_v0
AL2G20030	scaffold_8_RagTag	82.958	311	44	9	4195	4500	13143738	13143432	7.81e-71	272	KN003hexa_v0
AL2G20030	scaffold_8_RagTag	81.845	336	47	12	4158	4487	17050745	17051072	2.81e-70	270	KN003hexa_v0
AL2G20030	scaffold_8_RagTag	88.496	226	21	5	4278	4500	3477397	3477620	1.01e-69	268	KN003hexa_v0
AL2G20030	scaffold_8_RagTag	84.926	272	34	7	4195	4463	13143655	13143388	1.01e-69	268	KN003hexa_v0
AL2G20030	scaffold_8_RagTag	87.19	242	23	5	2852	3085	18637382	18637141	1.01e-69	268	KN003hexa_v0
AL2G20030	scaffold_8_RagTag	84.387	269	32	9	4195	4459	13266962	13266700	7.87e-66	255	KN003hexa_v0
AL2G20030	scaffold_8_RagTag	82.026	306	47	8	4158	4459	3477661	3477360	2.83e-65	254	KN003hexa_v0
AL2G20030	scaffold_8_RagTag	87.225	227	23	6	4278	4500	4386723	4386499	2.83e-65	254	KN003hexa_v0
AL2G20030	scaffold_8_RagTag	87.168	226	24	5	4278	4500	13266737	13266960	1.02e-64	252	KN003hexa_v0
AL2G20030	scaffold_8_RagTag	81.388	317	39	17	4192	4500	17050699	17051003	2.2e-61	241	KN003hexa_v0
AL2G20030	scaffold_8_RagTag	81.494	308	43	13	4158	4459	17050826	17051125	2.2e-61	241	KN003hexa_v0
AL2G20030	scaffold_8_RagTag	84.861	251	22	7	3318	3562	4139163	4139403	7.92e-61	239	KN003hexa_v0
AL2G20030	scaffold_8_RagTag	82.9	269	38	7	4158	4423	17050962	17050699	1.02e-59	235	KN003hexa_v0
AL2G20030	scaffold_8_RagTag	84.082	245	32	6	4192	4432	4386494	4386735	4.77e-58	230	KN003hexa_v0
AL2G20030	scaffold_8_RagTag	82.353	272	37	9	4158	4423	3477441	3477707	6.17e-57	226	KN003hexa_v0
AL2G20030	scaffold_8_RagTag	84.12	233	29	7	4195	4423	13143513	13143741	1.03e-54	219	KN003hexa_v0
AL2G20030	scaffold_8_RagTag	84.141	227	28	8	4278	4500	17051088	17050866	4.8e-53	213	KN003hexa_v0
AL2G20030	scaffold_8_RagTag	83.621	232	15	5	3087	3318	226059	225851	4.84e-48	196	KN003hexa_v0
AL2G20030	scaffold_8_RagTag	82.648	219	28	9	4277	4490	13266963	13266750	1.05e-44	185	KN003hexa_v0
AL2G20030	scaffold_8_RagTag	81.545	233	33	9	4274	4500	4386493	4386721	3.76e-44	183	KN003hexa_v0
AL2G20030	scaffold_8_RagTag	83.696	184	26	4	4158	4338	13266919	13266737	2.93e-40	171	KN003hexa_v0
AL2G20030	scaffold_8_RagTag	87.586	145	16	2	4195	4338	3477540	3477397	3.79e-39	167	KN003hexa_v0
AL2G20030	scaffold_8_RagTag	95.098	102	4	1	2652	2752	226160	226059	6.34e-37	159	KN003hexa_v0
AL2G20030	scaffold_8_RagTag	84.713	157	22	2	4183	4338	4386568	4386723	8.21e-36	156	KN003hexa_v0
AL2G20030	scaffold_8_RagTag	81.081	185	28	7	4158	4338	17050907	17051088	2.3e-31	141	KN003hexa_v0
AL2G20030	scaffold_8_RagTag	84.828	145	15	6	4360	4500	3477397	3477538	8.27e-31	139	KN003hexa_v0
AL2G20030	scaffold_8_RagTag	87.395	119	3	2	1903	2021	228284	228178	6.43e-27	126	KN003hexa_v0
AL2G20030	scaffold_8_RagTag	82.051	156	20	7	4189	4340	13266813	13266964	6.43e-27	126	KN003hexa_v0
AL2G20030	scaffold_8_RagTag	82.55	149	18	7	4195	4340	17050843	17050700	2.31e-26	124	KN003hexa_v0
AL2G20030	scaffold_8_RagTag	82.581	155	13	5	2753	2904	19279029	19279172	2.31e-26	124	KN003hexa_v0
AL2G20030	scaffold_8_RagTag	82.759	145	18	6	4360	4500	4386723	4386582	8.32e-26	122	KN003hexa_v0
AL2G20030	scaffold_8_RagTag	82.759	145	18	6	4360	4500	13266737	13266878	8.32e-26	122	KN003hexa_v0
AL2G20030	scaffold_8_RagTag	82.517	143	19	5	4201	4340	3477567	3477706	2.99e-25	121	KN003hexa_v0
AL2G20030	scaffold_8_RagTag	78.947	190	28	10	4158	4340	13143556	13143740	1.08e-24	119	KN003hexa_v0
AL2G20030	scaffold_8_RagTag	81.25	144	20	6	4201	4340	4386635	4386495	6.48e-22	110	KN003hexa_v0
AL2G20030	scaffold_8_RagTag	80.952	147	17	10	4360	4500	17051088	17050947	8.38e-21	106	KN003hexa_v0
AL2G20030	scaffold_8_RagTag	97.872	47	1	0	1845	1891	229539	229493	1.41e-13	82.4	KN003hexa_v0
AL2G20030	scaffold_5_RagTag	92.068	643	37	4	3869	4500	2619981	2619342	0	893	KN003hexa_v0
AL2G20030	scaffold_5_RagTag	91.757	643	40	4	3869	4500	20006788	20006148	0	881	KN003hexa_v0
AL2G20030	scaffold_5_RagTag	90.543	645	44	7	3869	4500	17579567	17578927	0	837	KN003hexa_v0
AL2G20030	scaffold_5_RagTag	84.615	650	51	21	3869	4500	16376112	16376730	8.77e-170	601	KN003hexa_v0
AL2G20030	scaffold_5_RagTag	89.895	475	25	5	3949	4423	9865319	9864868	1.9e-166	590	KN003hexa_v0
AL2G20030	scaffold_5_RagTag	84.655	580	50	22	3863	4423	5139819	5140378	5.39e-152	542	KN003hexa_v0
AL2G20030	scaffold_5_RagTag	88.63	343	28	6	2754	3085	12312315	12311973	2.05e-111	407	KN003hexa_v0
AL2G20030	scaffold_5_RagTag	88.563	341	28	6	2749	3078	12113035	12112695	2.65e-110	403	KN003hexa_v0
AL2G20030	scaffold_5_RagTag	86.757	370	33	10	2727	3082	13364185	13364552	1.24e-108	398	KN003hexa_v0
AL2G20030	scaffold_5_RagTag	87.5	352	33	8	2753	3093	6518536	6518185	4.44e-108	396	KN003hexa_v0
AL2G20030	scaffold_5_RagTag	88.166	338	29	7	2753	3079	12814868	12815205	5.75e-107	392	KN003hexa_v0
AL2G20030	scaffold_5_RagTag	87.393	349	33	6	2753	3090	9719271	9718923	2.07e-106	390	KN003hexa_v0
AL2G20030	scaffold_5_RagTag	87.941	340	30	7	2753	3081	16247762	16248101	2.07e-106	390	KN003hexa_v0
AL2G20030	scaffold_5_RagTag	87.941	340	30	7	2753	3081	16253431	16253770	2.07e-106	390	KN003hexa_v0
AL2G20030	scaffold_5_RagTag	87.941	340	30	7	2753	3081	16259100	16259439	2.07e-106	390	KN003hexa_v0
AL2G20030	scaffold_5_RagTag	87.683	341	31	6	2753	3082	20169207	20169547	2.67e-105	387	KN003hexa_v0
AL2G20030	scaffold_5_RagTag	86.782	348	35	6	2753	3089	9525707	9525360	1.61e-102	377	KN003hexa_v0
AL2G20030	scaffold_5_RagTag	87.135	342	33	6	2758	3088	18196878	18196537	1.61e-102	377	KN003hexa_v0
AL2G20030	scaffold_5_RagTag	86.919	344	34	6	2753	3085	16895608	16895265	5.79e-102	375	KN003hexa_v0
AL2G20030	scaffold_5_RagTag	86.533	349	36	6	2753	3090	1242686	1242338	2.08e-101	374	KN003hexa_v0
AL2G20030	scaffold_5_RagTag	86.88	343	34	6	2754	3085	16415756	16415414	2.08e-101	374	KN003hexa_v0
AL2G20030	scaffold_5_RagTag	88.217	314	32	4	4188	4500	5140064	5140373	2.69e-100	370	KN003hexa_v0
AL2G20030	scaffold_5_RagTag	86.804	341	34	7	2753	3082	19751831	19752171	2.69e-100	370	KN003hexa_v0
AL2G20030	scaffold_5_RagTag	86.257	342	34	8	2753	3091	13364175	13363844	5.83e-97	359	KN003hexa_v0
AL2G20030	scaffold_5_RagTag	85.591	347	40	9	4158	4500	20006407	20006067	7.54e-96	355	KN003hexa_v0
AL2G20030	scaffold_5_RagTag	87.22	313	26	6	4188	4500	16376351	16376649	1.63e-92	344	KN003hexa_v0
AL2G20030	scaffold_5_RagTag	84.911	338	40	10	4158	4490	2619600	2619269	1.27e-88	331	KN003hexa_v0
AL2G20030	scaffold_5_RagTag	83.036	336	43	12	4158	4487	20006108	20006435	6e-77	292	KN003hexa_v0
AL2G20030	scaffold_5_RagTag	84.142	309	37	10	4183	4487	2619328	2619628	7.76e-76	289	KN003hexa_v0
AL2G20030	scaffold_5_RagTag	83.974	312	36	12	4195	4500	5140375	5140072	2.79e-75	287	KN003hexa_v0
AL2G20030	scaffold_5_RagTag	89.545	220	19	4	4283	4500	9865090	9864873	6.04e-72	276	KN003hexa_v0
AL2G20030	scaffold_5_RagTag	86.42	243	26	6	4184	4422	16376594	16376355	6.08e-67	259	KN003hexa_v0
AL2G20030	scaffold_5_RagTag	84.444	270	32	9	4158	4422	5140332	5140068	2.19e-66	257	KN003hexa_v0
AL2G20030	scaffold_5_RagTag	87.611	226	23	4	4192	4415	9864868	9865090	2.19e-66	257	KN003hexa_v0
AL2G20030	scaffold_5_RagTag	80.747	348	45	18	4158	4500	16376689	16376359	1.02e-64	252	KN003hexa_v0
AL2G20030	scaffold_5_RagTag	87.225	227	21	8	4278	4500	17579230	17579008	1.02e-64	252	KN003hexa_v0
AL2G20030	scaffold_5_RagTag	82.019	317	37	17	4192	4500	20006062	20006366	1.02e-64	252	KN003hexa_v0
AL2G20030	scaffold_5_RagTag	84.015	269	35	7	4158	4423	20006325	20006062	1.02e-64	252	KN003hexa_v0
AL2G20030	scaffold_5_RagTag	82.143	308	41	13	4158	4459	20006189	20006488	1.02e-64	252	KN003hexa_v0
AL2G20030	scaffold_5_RagTag	82.085	307	42	12	4158	4459	2619383	2619681	3.66e-64	250	KN003hexa_v0
AL2G20030	scaffold_5_RagTag	77.578	446	78	12	3869	4296	2692408	2691967	3.66e-64	250	KN003hexa_v0
AL2G20030	scaffold_5_RagTag	82.45	302	38	13	4192	4487	17578922	17579214	3.66e-64	250	KN003hexa_v0
AL2G20030	scaffold_5_RagTag	81.759	307	44	11	4158	4459	17578968	17579267	4.73e-63	246	KN003hexa_v0
AL2G20030	scaffold_5_RagTag	85.965	228	24	8	4277	4500	5140069	5140292	2.85e-60	237	KN003hexa_v0
AL2G20030	scaffold_5_RagTag	85.59	229	24	9	4277	4500	16376356	16376580	1.33e-58	231	KN003hexa_v0
AL2G20030	scaffold_5_RagTag	85.022	227	26	8	4278	4500	20006451	20006229	2.22e-56	224	KN003hexa_v0
AL2G20030	scaffold_5_RagTag	85.022	227	25	8	4278	4500	2619644	2619423	7.98e-56	222	KN003hexa_v0
AL2G20030	scaffold_5_RagTag	81.618	272	37	11	4158	4423	17579186	17578922	4.8e-53	213	KN003hexa_v0
AL2G20030	scaffold_5_RagTag	81.749	263	38	9	4154	4412	2619521	2619265	1.73e-52	211	KN003hexa_v0
AL2G20030	scaffold_5_RagTag	80.255	314	31	20	4195	4500	16376732	16376442	2.23e-51	207	KN003hexa_v0
AL2G20030	scaffold_5_RagTag	83.333	228	30	7	4274	4497	9864867	9865090	2.89e-50	204	KN003hexa_v0
AL2G20030	scaffold_5_RagTag	87.5	176	20	2	4248	4423	16376562	16376735	1.04e-49	202	KN003hexa_v0
AL2G20030	scaffold_5_RagTag	79.344	305	45	15	4204	4500	2619265	2619559	1.34e-48	198	KN003hexa_v0
AL2G20030	scaffold_5_RagTag	84.27	178	25	3	4158	4333	9864914	9865090	2.93e-40	171	KN003hexa_v0
AL2G20030	scaffold_5_RagTag	83.333	186	26	5	4158	4340	16376538	16376355	3.79e-39	167	KN003hexa_v0
AL2G20030	scaffold_5_RagTag	82.796	186	27	5	4158	4340	5140251	5140068	1.76e-37	161	KN003hexa_v0
AL2G20030	scaffold_5_RagTag	98.837	86	1	0	3869	3954	9871255	9871170	2.95e-35	154	KN003hexa_v0
AL2G20030	scaffold_5_RagTag	82.065	184	28	5	4158	4338	17579049	17579230	1.06e-34	152	KN003hexa_v0
AL2G20030	scaffold_5_RagTag	81.622	185	27	7	4158	4338	20006270	20006451	4.94e-33	147	KN003hexa_v0
AL2G20030	scaffold_5_RagTag	80.749	187	27	8	4158	4340	20006244	20006063	2.97e-30	137	KN003hexa_v0
AL2G20030	scaffold_5_RagTag	83.221	149	18	6	4195	4340	9865013	9864869	4.97e-28	130	KN003hexa_v0
AL2G20030	scaffold_5_RagTag	81.988	161	21	7	4344	4500	17578908	17579064	4.97e-28	130	KN003hexa_v0
AL2G20030	scaffold_5_RagTag	82.993	147	16	8	4359	4500	5140069	5140211	2.31e-26	124	KN003hexa_v0
AL2G20030	scaffold_5_RagTag	83.453	139	17	5	4365	4500	9865090	9864955	2.31e-26	124	KN003hexa_v0
AL2G20030	scaffold_5_RagTag	82.993	147	16	8	4359	4500	16376356	16376498	2.31e-26	124	KN003hexa_v0
AL2G20030	scaffold_5_RagTag	86.792	106	10	4	4158	4261	17579023	17578920	1.39e-23	115	KN003hexa_v0
AL2G20030	scaffold_5_RagTag	81.507	146	18	8	4360	4500	17579230	17579089	1.8e-22	111	KN003hexa_v0
AL2G20030	scaffold_5_RagTag	81.633	147	16	10	4360	4500	20006451	20006310	1.8e-22	111	KN003hexa_v0
AL2G20030	scaffold_5_RagTag	89.744	78	6	2	4425	4500	17578906	17578983	1.4e-18	99	KN003hexa_v0
AL2G20030	scaffold_4_RagTag	91.757	643	40	4	3869	4500	10022733	10022093	0	881	KN003hexa_v0
AL2G20030	scaffold_4_RagTag	90.824	643	34	6	3869	4500	12868785	12868157	0	837	KN003hexa_v0
AL2G20030	scaffold_4_RagTag	85.49	572	48	18	3869	4423	15405471	15406024	1.15e-158	564	KN003hexa_v0
AL2G20030	scaffold_4_RagTag	87.5	352	33	7	2753	3093	9551122	9551473	4.44e-108	396	KN003hexa_v0
AL2G20030	scaffold_4_RagTag	90.164	305	28	2	4196	4500	15405717	15406019	4.44e-108	396	KN003hexa_v0
AL2G20030	scaffold_4_RagTag	87.393	349	33	6	2753	3090	14587814	14587466	2.07e-106	390	KN003hexa_v0
AL2G20030	scaffold_4_RagTag	87.647	340	31	6	2754	3082	13583275	13582936	9.62e-105	385	KN003hexa_v0
AL2G20030	scaffold_4_RagTag	86.857	350	35	6	2753	3091	12478474	12478823	1.24e-103	381	KN003hexa_v0
AL2G20030	scaffold_4_RagTag	87.209	344	33	6	2753	3085	23540984	23540641	1.24e-103	381	KN003hexa_v0
AL2G20030	scaffold_4_RagTag	86.479	355	36	7	2753	3096	16996902	16996549	4.47e-103	379	KN003hexa_v0
AL2G20030	scaffold_4_RagTag	86.782	348	35	6	2753	3089	508818	509165	1.61e-102	377	KN003hexa_v0
AL2G20030	scaffold_4_RagTag	86.782	348	35	6	2753	3089	943981	943634	1.61e-102	377	KN003hexa_v0
AL2G20030	scaffold_4_RagTag	86.782	348	35	6	2753	3089	1044081	1043734	1.61e-102	377	KN003hexa_v0
AL2G20030	scaffold_4_RagTag	86.628	344	40	4	2753	3092	16453805	16454146	5.79e-102	375	KN003hexa_v0
AL2G20030	scaffold_4_RagTag	86.533	349	36	6	2753	3090	19958932	19959280	2.08e-101	374	KN003hexa_v0
AL2G20030	scaffold_4_RagTag	85.083	362	34	8	2750	3091	16464570	16464209	9.75e-95	351	KN003hexa_v0
AL2G20030	scaffold_4_RagTag	89.723	253	18	7	3313	3558	16536171	16536422	3.56e-84	316	KN003hexa_v0
AL2G20030	scaffold_4_RagTag	84.887	311	35	10	4195	4500	15406021	15405718	2.77e-80	303	KN003hexa_v0
AL2G20030	scaffold_4_RagTag	84.918	305	33	11	4188	4487	10022084	10022380	4.63e-78	296	KN003hexa_v0
AL2G20030	scaffold_4_RagTag	84.667	300	34	10	4192	4487	12868152	12868443	7.76e-76	289	KN003hexa_v0
AL2G20030	scaffold_4_RagTag	84.247	292	36	9	4158	4445	10022352	10022067	6.04e-72	276	KN003hexa_v0
AL2G20030	scaffold_4_RagTag	82.41	307	42	11	4158	4459	10022134	10022433	2.19e-66	257	KN003hexa_v0
AL2G20030	scaffold_4_RagTag	83.764	271	33	10	4158	4423	15405978	15405714	4.73e-63	246	KN003hexa_v0
AL2G20030	scaffold_4_RagTag	81.759	307	43	12	4158	4459	12868198	12868496	1.7e-62	244	KN003hexa_v0
AL2G20030	scaffold_4_RagTag	86.283	226	23	8	4279	4500	15405717	15405938	7.92e-61	239	KN003hexa_v0
AL2G20030	scaffold_4_RagTag	85.965	228	22	10	4278	4500	10022396	10022174	1.02e-59	235	KN003hexa_v0
AL2G20030	scaffold_4_RagTag	82.963	270	36	9	4158	4423	12868415	12868152	1.02e-59	235	KN003hexa_v0
AL2G20030	scaffold_4_RagTag	85.022	227	25	8	4278	4500	12868459	12868238	7.98e-56	222	KN003hexa_v0
AL2G20030	scaffold_4_RagTag	82.474	194	27	7	4158	4348	15405897	15405708	4.9e-38	163	KN003hexa_v0
AL2G20030	scaffold_4_RagTag	82.162	185	26	7	4158	4338	10022215	10022396	1.06e-34	152	KN003hexa_v0
AL2G20030	scaffold_4_RagTag	95.789	95	2	2	3780	3872	21973426	21973332	1.06e-34	152	KN003hexa_v0
AL2G20030	scaffold_4_RagTag	80.526	190	28	8	4154	4340	12868336	12868153	2.97e-30	137	KN003hexa_v0
AL2G20030	scaffold_4_RagTag	82.759	145	16	8	4361	4500	15405717	15405857	2.99e-25	121	KN003hexa_v0
AL2G20030	scaffold_4_RagTag	82.069	145	19	7	4360	4500	10022396	10022255	3.87e-24	117	KN003hexa_v0
AL2G20030	scaffold_1_RagTag	91.446	643	42	4	3869	4500	2664167	2664807	0	870	KN003hexa_v0
AL2G20030	scaffold_1_RagTag	93.038	474	31	1	4027	4500	25213433	25212962	0	691	KN003hexa_v0
AL2G20030	scaffold_1_RagTag	93.197	441	19	2	3869	4298	25987847	25987407	0	638	KN003hexa_v0
AL2G20030	scaffold_1_RagTag	88.856	341	33	3	2753	3090	26102207	26102545	1.23e-113	414	KN003hexa_v0
AL2G20030	scaffold_1_RagTag	87.819	353	31	7	2753	3093	10443176	10442824	2.65e-110	403	KN003hexa_v0
AL2G20030	scaffold_1_RagTag	87.644	348	32	6	2753	3089	3819267	3819614	1.6e-107	394	KN003hexa_v0
AL2G20030	scaffold_1_RagTag	87.977	341	30	7	2753	3082	6345408	6345068	5.75e-107	392	KN003hexa_v0
AL2G20030	scaffold_1_RagTag	87.988	333	35	3	2753	3082	13553163	13553493	7.43e-106	388	KN003hexa_v0
AL2G20030	scaffold_1_RagTag	86.969	353	35	6	2756	3097	23662041	23661689	2.67e-105	387	KN003hexa_v0
AL2G20030	scaffold_1_RagTag	87.5	344	32	6	2753	3085	25931822	25931479	2.67e-105	387	KN003hexa_v0
AL2G20030	scaffold_1_RagTag	86.376	367	33	15	2750	3100	5713972	5714337	9.62e-105	385	KN003hexa_v0
AL2G20030	scaffold_1_RagTag	86.648	352	36	6	2753	3093	17264176	17263825	4.47e-103	379	KN003hexa_v0
AL2G20030	scaffold_1_RagTag	86.325	351	37	6	2754	3093	1136547	1136897	7.49e-101	372	KN003hexa_v0
AL2G20030	scaffold_1_RagTag	86.167	347	38	9	4158	4500	2664548	2664888	3.48e-99	366	KN003hexa_v0
AL2G20030	scaffold_1_RagTag	85.92	348	37	7	2762	3097	16498298	16497951	1.62e-97	361	KN003hexa_v0
AL2G20030	scaffold_1_RagTag	85.838	346	38	6	2755	3089	1668434	1668779	2.1e-96	357	KN003hexa_v0
AL2G20030	scaffold_1_RagTag	86.527	334	32	9	2759	3080	15924922	15925254	7.54e-96	355	KN003hexa_v0
AL2G20030	scaffold_1_RagTag	87.018	285	26	6	2753	3026	5961774	5962058	1.66e-82	311	KN003hexa_v0
AL2G20030	scaffold_1_RagTag	88.015	267	24	4	2835	3093	18914392	18914658	5.95e-82	309	KN003hexa_v0
AL2G20030	scaffold_1_RagTag	83.529	340	40	14	4158	4490	2664847	2664517	2.77e-80	303	KN003hexa_v0
AL2G20030	scaffold_1_RagTag	91.111	225	17	1	3337	3558	12396055	12395831	9.96e-80	302	KN003hexa_v0
AL2G20030	scaffold_1_RagTag	83.946	299	39	7	4192	4487	25212957	25213249	1.68e-72	278	KN003hexa_v0
AL2G20030	scaffold_1_RagTag	82.41	307	42	11	4158	4459	2664766	2664467	2.19e-66	257	KN003hexa_v0
AL2G20030	scaffold_1_RagTag	82.54	315	33	19	4195	4500	2664890	2664589	2.19e-66	257	KN003hexa_v0
AL2G20030	scaffold_1_RagTag	84.074	270	33	9	4158	4423	2664630	2664893	1.02e-64	252	KN003hexa_v0
AL2G20030	scaffold_1_RagTag	85.903	227	24	8	4278	4500	2664504	2664726	1.02e-59	235	KN003hexa_v0
AL2G20030	scaffold_1_RagTag	81.23	309	42	16	4158	4459	25213003	25213302	1.02e-59	235	KN003hexa_v0
AL2G20030	scaffold_1_RagTag	82.288	271	37	9	4158	4423	25213221	25212957	2.22e-56	224	KN003hexa_v0
AL2G20030	scaffold_1_RagTag	93.382	136	9	0	3869	4004	25213553	25213418	1.04e-49	202	KN003hexa_v0
AL2G20030	scaffold_1_RagTag	98.02	101	0	2	3774	3872	22223417	22223317	2.27e-41	174	KN003hexa_v0
AL2G20030	scaffold_1_RagTag	81.522	184	29	5	4158	4338	2664685	2664504	4.94e-33	147	KN003hexa_v0
AL2G20030	scaffold_1_RagTag	92.079	101	8	0	2992	3092	6146964	6147064	6.39e-32	143	KN003hexa_v0
AL2G20030	scaffold_1_RagTag	80.628	191	27	9	4154	4340	25213142	25212958	8.27e-31	139	KN003hexa_v0
AL2G20030	scaffold_1_RagTag	93.103	87	6	0	4401	4487	25987408	25987494	1.79e-27	128	KN003hexa_v0
AL2G20030	scaffold_1_RagTag	83.099	142	21	3	4319	4459	25987408	25987547	6.43e-27	126	KN003hexa_v0
AL2G20030	scaffold_1_RagTag	82.192	146	17	8	4360	4500	2664504	2664645	3.87e-24	117	KN003hexa_v0
AL2G20030	scaffold_1_RagTag	90.805	87	8	0	2999	3085	28743080	28742994	3.87e-24	117	KN003hexa_v0
AL2G20070	scaffold_2_RagTag	98.082	1251	21	1	64	1314	10914970	10916217	0	2174	KN003hexa_v0
AL2G20070	scaffold_2_RagTag	92.063	1134	48	13	197	1314	11604966	11606073	0	1557	KN003hexa_v0
AL2G20070	scaffold_2_RagTag	90.702	1140	71	12	201	1314	11757917	11756787	0	1485	KN003hexa_v0
AL2G20070	scaffold_2_RagTag	97	700	21	0	615	1314	11661422	11662121	0	1177	KN003hexa_v0
AL2G20070	scaffold_2_RagTag	99.19	494	1	1	64	557	11660935	11661425	0	887	KN003hexa_v0
AL2G20070	scaffold_2_RagTag	86.938	689	70	15	628	1314	11601517	11602187	0	756	KN003hexa_v0
AL2G20070	scaffold_2_RagTag	79.493	473	51	25	80	534	11600991	11601435	4.95e-78	294	KN003hexa_v0
AL2G20070	scaffold_2_RagTag	95.652	138	3	1	1	138	11604728	11604862	3.07e-55	219	KN003hexa_v0
AL2G20070	scaffold_2_RagTag	88.525	61	3	3	226	286	11604910	11604966	9.09e-11	71.3	KN003hexa_v0
AL2G20070	scaffold_6_RagTag	88.003	1267	86	16	64	1321	13307683	13306474	0	1437	KN003hexa_v0
AL2G20200	scaffold_2_RagTag	98.341	1507	8	2	416	1905	11756521	11758027	0	2628	KN003hexa_v0
AL2G20200	scaffold_2_RagTag	89.586	1642	112	30	186	1804	11606571	11604966	0	2030	KN003hexa_v0
AL2G20200	scaffold_2_RagTag	90.437	1349	107	13	460	1798	10916440	10915104	0	1757	KN003hexa_v0
AL2G20200	scaffold_2_RagTag	89.208	1149	84	18	239	1377	11662546	11661428	0	1399	KN003hexa_v0
AL2G20200	scaffold_2_RagTag	85.403	1377	130	33	1	1371	11602828	11601517	0	1363	KN003hexa_v0
AL2G20200	scaffold_2_RagTag	97.925	530	9	2	1	530	11755997	11756524	0	917	KN003hexa_v0
AL2G20200	scaffold_2_RagTag	89.694	359	33	4	1442	1798	11661425	11661069	3.03e-126	455	KN003hexa_v0
AL2G20200	scaffold_2_RagTag	89.879	247	22	3	239	482	10916620	10916374	5.37e-84	315	KN003hexa_v0
AL2G20200	scaffold_2_RagTag	83.631	336	33	10	1465	1786	11601435	11601108	1.95e-78	296	KN003hexa_v0
AL2G20200	scaffold_2_RagTag	93.913	115	6	1	416	530	11756455	11756568	3.42e-41	172	KN003hexa_v0
AL2G20200	scaffold_2_RagTag	88.696	115	12	1	416	530	11756477	11756590	3.47e-31	139	KN003hexa_v0
AL2G20200	scaffold_2_RagTag	84.821	112	5	7	14	124	11606703	11606603	4.55e-20	102	KN003hexa_v0
AL2G20200	scaffold_2_RagTag	83.505	97	12	4	69	163	10916718	10916624	1.27e-15	87.9	KN003hexa_v0
AL2G20200	scaffold_2_RagTag	83.505	97	12	4	69	163	11662644	11662550	1.27e-15	87.9	KN003hexa_v0
AL2G20200	scaffold_2_RagTag	97.143	35	1	0	495	529	11606354	11606320	2.78e-07	60.2	KN003hexa_v0
AL2G20200	scaffold_2_RagTag	96.97	33	0	1	1433	1464	11601492	11601460	1.29e-05	54.7	KN003hexa_v0
AL2G20200	scaffold_6_RagTag	86.984	1429	119	39	416	1821	13306212	13307596	0	1546	KN003hexa_v0
AL2G20200	scaffold_6_RagTag	93.651	63	4	0	416	478	13306257	13306319	7.62e-18	95.3	KN003hexa_v0
AL6G40220	scaffold_6_RagTag	98.546	1513	11	2	1	1513	13306212	13307713	0	2662	KN003hexa_v0
AL6G40220	scaffold_2_RagTag	89.61	1511	104	13	46	1513	10916440	10914940	0	1871	KN003hexa_v0
AL6G40220	scaffold_2_RagTag	86.241	1410	129	22	1	1375	11606345	11604966	0	1469	KN003hexa_v0
AL6G40220	scaffold_2_RagTag	91.217	945	60	7	23	946	11662366	11661424	0	1264	KN003hexa_v0
AL6G40220	scaffold_2_RagTag	88.454	1048	93	20	355	1396	11756915	11757940	0	1240	KN003hexa_v0
AL6G40220	scaffold_2_RagTag	86.296	934	89	22	23	935	11602432	11601517	0	979	KN003hexa_v0
AL6G40220	scaffold_2_RagTag	88.802	509	35	1	1027	1513	11661413	11660905	2.25e-171	604	KN003hexa_v0
AL6G40220	scaffold_2_RagTag	90.704	355	30	3	1	355	11756521	11756872	8.57e-131	470	KN003hexa_v0
AL6G40220	scaffold_2_RagTag	82.483	451	35	22	1039	1461	11601434	11601000	2.5e-96	355	KN003hexa_v0
AL6G40220	scaffold_2_RagTag	95.327	107	4	1	1	107	11756433	11756538	3.5e-40	169	KN003hexa_v0
AL6G40220	scaffold_2_RagTag	93.458	107	6	1	1	107	11756411	11756516	7.58e-37	158	KN003hexa_v0
AL6G40220	scaffold_2_RagTag	81	200	12	12	1286	1483	11604966	11604791	3.55e-30	135	KN003hexa_v0
AL6G40220	scaffold_2_RagTag	93.548	62	4	0	46	107	11756411	11756472	2.17e-17	93.5	KN003hexa_v0
AL6G40220	scaffold_2_RagTag	95.349	43	2	0	694	736	10854731	10854773	3.65e-10	69.4	KN003hexa_v0
AL2G20010	scaffold_2_RagTag	99.069	1934	8	2	1	1934	12272066	12273989	0	3463	KN005_v1
AL2G20010	scaffold_2_RagTag	86.62	1420	123	26	538	1918	12277109	12278500	0	1507	KN005_v1
AL2G20010	scaffold_2_RagTag	87.907	951	85	11	614	1536	12470724	12469776	0	1092	KN005_v1
AL2G20010	scaffold_2_RagTag	87.816	911	93	12	599	1492	11423353	11424262	0	1051	KN005_v1
AL2G20010	scaffold_2_RagTag	84.026	626	68	16	599	1208	12288267	12288876	8.03e-162	573	KN005_v1
AL2G20010	scaffold_2_RagTag	87.841	477	45	10	805	1269	12367260	12367735	4.86e-154	547	KN005_v1
AL2G20010	scaffold_2_RagTag	89.362	423	24	11	1063	1477	12288873	12289282	1.77e-143	512	KN005_v1
AL2G20010	scaffold_2_RagTag	83.743	529	56	20	1430	1934	12469772	12469250	8.37e-132	473	KN005_v1
AL2G20010	scaffold_2_RagTag	81.4	457	39	26	82	510	12287719	12288157	5.33e-89	331	KN005_v1
AL2G20010	scaffold_2_RagTag	83.631	336	33	10	190	517	12471154	12470833	1.95e-78	296	KN005_v1
AL2G20010	scaffold_2_RagTag	79.05	463	53	23	82	517	11422814	11423259	7.05e-73	278	KN005_v1
AL2G20010	scaffold_2_RagTag	78.224	473	55	24	73	517	12354683	12355135	2.55e-67	259	KN005_v1
AL2G20010	scaffold_2_RagTag	81.469	286	34	7	191	469	12276819	12277092	1.56e-54	217	KN005_v1
AL2G20010	scaffold_2_RagTag	92.683	123	8	1	118	240	12471348	12471227	2.64e-42	176	KN005_v1
AL2G20010	scaffold_2_RagTag	92.523	107	8	0	1430	1536	12469816	12469710	1.24e-35	154	KN005_v1
AL2G20010	scaffold_2_RagTag	97.561	41	1	0	1496	1536	12289235	12289275	1.28e-10	71.3	KN005_v1
AL2G20010	scaffold_6_RagTag	86.744	943	87	21	611	1536	13180042	13179121	0	1014	KN005_v1
AL2G20020	scaffold_2_RagTag	99.19	1975	14	2	1	1974	12276543	12278516	0	3557	KN005_v1
AL2G20020	scaffold_2_RagTag	86.43	1437	125	28	567	1975	12272593	12273987	0	1509	KN005_v1
AL2G20020	scaffold_2_RagTag	93.803	952	57	1	600	1549	11423311	11424262	0	1430	KN005_v1
AL2G20020	scaffold_2_RagTag	89.265	1034	74	15	603	1616	12470778	12469762	0	1260	KN005_v1
AL2G20020	scaffold_2_RagTag	93.75	624	36	3	600	1222	12288225	12288846	0	933	KN005_v1
AL2G20020	scaffold_2_RagTag	94.583	480	22	3	850	1328	12367259	12367735	0	739	KN005_v1
AL2G20020	scaffold_2_RagTag	86.15	426	33	12	1119	1534	12288873	12289282	1.12e-120	436	KN005_v1
AL2G20020	scaffold_2_RagTag	91.026	312	23	4	242	550	12471189	12470880	1.46e-114	416	KN005_v1
AL2G20020	scaffold_2_RagTag	86.579	380	35	8	1487	1860	12469772	12469403	3.16e-111	405	KN005_v1
AL2G20020	scaffold_2_RagTag	94.186	258	15	0	600	857	12355187	12355444	6.85e-108	394	KN005_v1
AL2G20020	scaffold_2_RagTag	91.126	293	21	5	261	550	11422922	11423212	2.46e-107	392	KN005_v1
AL2G20020	scaffold_2_RagTag	90.785	293	22	5	261	550	12354800	12355090	1.15e-105	387	KN005_v1
AL2G20020	scaffold_2_RagTag	87.031	293	33	5	261	550	12287827	12288117	2.53e-87	326	KN005_v1
AL2G20020	scaffold_2_RagTag	81.979	283	35	5	277	550	12272256	12272531	2.64e-57	226	KN005_v1
AL2G20020	scaffold_2_RagTag	85.437	103	13	2	63	165	11422792	11422892	3.59e-21	106	KN005_v1
AL2G20020	scaffold_2_RagTag	85.437	103	13	2	63	165	12287697	12287797	3.59e-21	106	KN005_v1
AL2G20020	scaffold_2_RagTag	89.394	66	4	3	1552	1616	12469891	12469828	2.18e-13	80.5	KN005_v1
AL2G20020	scaffold_2_RagTag	92.453	53	4	0	1557	1609	12278026	12278078	2.82e-12	76.8	KN005_v1
AL2G20020	scaffold_2_RagTag	96.97	33	1	0	1553	1585	12289250	12289282	3.67e-06	56.5	KN005_v1
AL2G20020	scaffold_2_RagTag	92.308	39	2	1	661	699	13639876	13639839	1.32e-05	54.7	KN005_v1
AL2G20020	scaffold_6_RagTag	90.936	1004	58	16	603	1602	13180093	13179119	0	1319	KN005_v1
AL2G20020	scaffold_6_RagTag	82.54	315	38	7	241	550	13180506	13180204	7.25e-68	261	KN005_v1
AL2G20020	scaffold_6_RagTag	81.868	182	15	12	63	233	13180592	13180418	1.27e-30	137	KN005_v1
AL2G20030	scaffold_2_RagTag	99.184	2329	16	3	1	2327	12287667	12289994	0	4193	KN005_v1
AL2G20030	scaffold_2_RagTag	96.454	1664	27	13	2829	4487	12289994	12291630	0	2717	KN005_v1
AL2G20030	scaffold_2_RagTag	92.942	1176	74	5	1	1176	11422762	11423928	0	1703	KN005_v1
AL2G20030	scaffold_2_RagTag	89.814	1021	82	16	165	1181	12471166	12470164	0	1290	KN005_v1
AL2G20030	scaffold_2_RagTag	90.331	786	62	8	31	813	12354667	12355441	0	1018	KN005_v1
AL2G20030	scaffold_2_RagTag	94.391	624	33	2	559	1181	12277142	12277764	0	957	KN005_v1
AL2G20030	scaffold_2_RagTag	91.757	643	40	3	3869	4500	11238182	11238822	0	881	KN005_v1
AL2G20030	scaffold_2_RagTag	91.615	644	31	5	3869	4500	8027358	8026726	0	869	KN005_v1
AL2G20030	scaffold_2_RagTag	84.32	625	69	13	601	1211	12272654	12273263	8.7e-165	584	KN005_v1
AL2G20030	scaffold_2_RagTag	96.067	356	14	0	821	1176	12367269	12367624	1.12e-163	580	KN005_v1
AL2G20030	scaffold_2_RagTag	89.835	423	22	11	1208	1617	12273118	12273532	1.92e-146	523	KN005_v1
AL2G20030	scaffold_2_RagTag	87.793	426	28	14	1208	1617	11423830	11424247	1.52e-132	477	KN005_v1
AL2G20030	scaffold_2_RagTag	86.385	426	32	12	1208	1617	12277661	12278076	5.54e-122	442	KN005_v1
AL2G20030	scaffold_2_RagTag	84.234	444	30	19	1208	1620	12470266	12469832	4.37e-108	396	KN005_v1
AL2G20030	scaffold_2_RagTag	87.5	352	33	6	2753	3093	14020525	14020174	4.37e-108	396	KN005_v1
AL2G20030	scaffold_2_RagTag	87.216	352	34	6	2753	3093	12281389	12281038	2.03e-106	390	KN005_v1
AL2G20030	scaffold_2_RagTag	87.39	341	32	6	2753	3082	14930214	14930554	1.22e-103	381	KN005_v1
AL2G20030	scaffold_2_RagTag	87.097	341	33	6	2753	3082	5207647	5207987	5.7e-102	375	KN005_v1
AL2G20030	scaffold_2_RagTag	86.919	344	34	6	2753	3085	19533194	19532851	5.7e-102	375	KN005_v1
AL2G20030	scaffold_2_RagTag	86.494	348	36	6	2753	3089	11667018	11667365	7.37e-101	372	KN005_v1
AL2G20030	scaffold_2_RagTag	85.928	334	34	6	2763	3083	18689292	18689625	1.61e-92	344	KN005_v1
AL2G20030	scaffold_2_RagTag	87.789	303	25	8	2753	3044	21550593	21550292	1.61e-92	344	KN005_v1
AL2G20030	scaffold_2_RagTag	85.629	334	31	4	2752	3082	19118369	19118050	9.67e-90	335	KN005_v1
AL2G20030	scaffold_2_RagTag	81.236	453	44	24	53	491	12272147	12272572	1.62e-87	327	KN005_v1
AL2G20030	scaffold_2_RagTag	86.348	293	35	5	161	451	12276803	12277092	1.26e-83	315	KN005_v1
AL2G20030	scaffold_2_RagTag	88.845	251	21	6	3319	3562	778461	778211	9.81e-80	302	KN005_v1
AL2G20030	scaffold_2_RagTag	87.952	249	24	4	3320	3562	18828231	18828479	7.64e-76	289	KN005_v1
AL2G20030	scaffold_2_RagTag	84.281	299	38	8	4195	4490	11238824	11238532	3.55e-74	283	KN005_v1
AL2G20030	scaffold_2_RagTag	83.228	316	40	11	4192	4500	8026721	8027030	1.65e-72	278	KN005_v1
AL2G20030	scaffold_2_RagTag	88.496	226	21	5	4278	4500	8027032	8026809	9.95e-70	268	KN005_v1
AL2G20030	scaffold_2_RagTag	83.929	280	37	7	4183	4459	8026795	8027069	1.66e-67	261	KN005_v1
AL2G20030	scaffold_2_RagTag	83.276	293	39	9	4171	4459	12291600	12291314	1.66e-67	261	KN005_v1
AL2G20030	scaffold_2_RagTag	81.759	307	44	12	4158	4459	11238781	11238482	4.66e-63	246	KN005_v1
AL2G20030	scaffold_2_RagTag	82.653	294	32	13	4207	4497	12291634	12291357	6.03e-62	243	KN005_v1
AL2G20030	scaffold_2_RagTag	78.109	402	73	7	3871	4260	20538357	20537959	2.17e-61	241	KN005_v1
AL2G20030	scaffold_2_RagTag	83.459	266	35	8	4239	4500	12291314	12291574	7.8e-61	239	KN005_v1
AL2G20030	scaffold_2_RagTag	90.503	179	15	2	2904	3082	13676452	13676276	1.01e-59	235	KN005_v1
AL2G20030	scaffold_2_RagTag	87.143	210	13	9	1208	1403	12367526	12367735	6.07e-57	226	KN005_v1
AL2G20030	scaffold_2_RagTag	82.222	270	39	6	4158	4423	11238563	11238827	2.18e-56	224	KN005_v1
AL2G20030	scaffold_2_RagTag	84.12	233	29	7	4195	4423	8026949	8026721	1.02e-54	219	KN005_v1
AL2G20030	scaffold_2_RagTag	82.11	218	19	8	4195	4409	12291434	12291634	1.04e-39	169	KN005_v1
AL2G20030	scaffold_2_RagTag	97.03	101	0	3	3774	3872	5469191	5469092	3.73e-39	167	KN005_v1
AL2G20030	scaffold_2_RagTag	80.357	224	36	6	4158	4377	12291533	12291314	4.83e-38	163	KN005_v1
AL2G20030	scaffold_2_RagTag	83.916	143	6	8	1078	1211	12288873	12289007	2.95e-25	121	KN005_v1
AL2G20030	scaffold_2_RagTag	78.836	189	30	9	4158	4340	8026906	8026722	1.06e-24	119	KN005_v1
AL2G20030	scaffold_2_RagTag	83.217	143	7	8	1208	1342	12288743	12288876	1.37e-23	115	KN005_v1
AL2G20030	scaffold_2_RagTag	98.387	62	1	0	4426	4487	11359990	11360051	6.38e-22	110	KN005_v1
AL2G20030	scaffold_2_RagTag	85.577	104	11	3	31	131	12276605	12276707	8.25e-21	106	KN005_v1
AL2G20030	scaffold_2_RagTag	91.549	71	5	1	4207	4277	11360055	11359986	4.97e-18	97.1	KN005_v1
AL2G20030	scaffold_2_RagTag	90.909	66	6	0	4344	4409	11359990	11360055	8.31e-16	89.8	KN005_v1
AL2G20030	scaffold_2_RagTag	92.188	64	1	4	3504	3563	14720136	14720199	2.99e-15	87.9	KN005_v1
AL2G20030	scaffold_2_RagTag	96.154	52	2	0	1569	1620	12469795	12469744	1.08e-14	86.1	KN005_v1
AL2G20030	scaffold_2_RagTag	97.561	41	1	0	1570	1610	12273551	12273591	3.01e-10	71.3	KN005_v1
AL2G20030	scaffold_2_RagTag	95.349	43	2	0	800	842	11359973	11359931	1.08e-09	69.4	KN005_v1
AL2G20030	scaffold_2_RagTag	95.349	43	2	0	3523	3565	14894576	14894618	1.08e-09	69.4	KN005_v1
AL2G20030	scaffold_6_RagTag	97.871	1174	19	5	2605	3773	13284637	13283465	0	2025	KN005_v1
AL2G20030	scaffold_6_RagTag	94.954	1189	28	2	1	1189	13180622	13179466	0	1834	KN005_v1
AL2G20030	scaffold_6_RagTag	93.497	569	20	7	3869	4423	14013344	14013909	0	830	KN005_v1
AL2G20030	scaffold_6_RagTag	86.189	572	44	18	3869	4423	5942611	5942058	2.42e-165	586	KN005_v1
AL2G20030	scaffold_6_RagTag	87.081	418	31	13	1208	1620	13179577	13179178	9.2e-125	451	KN005_v1
AL2G20030	scaffold_6_RagTag	91.693	313	23	3	4188	4500	5942372	5942063	1.2e-118	431	KN005_v1
AL2G20030	scaffold_6_RagTag	88.793	348	28	6	2753	3089	20451788	20451441	3.36e-114	416	KN005_v1
AL2G20030	scaffold_6_RagTag	88.506	348	29	8	2753	3089	10175655	10175308	1.56e-112	411	KN005_v1
AL2G20030	scaffold_6_RagTag	87.328	363	34	7	2753	3103	23271166	23270804	7.27e-111	405	KN005_v1
AL2G20030	scaffold_6_RagTag	88	350	31	8	2753	3091	5722207	5722556	2.61e-110	403	KN005_v1
AL2G20030	scaffold_6_RagTag	87.977	341	30	7	2753	3082	12935200	12934860	5.66e-107	392	KN005_v1
AL2G20030	scaffold_6_RagTag	86.517	356	36	7	2753	3096	8024934	8024579	1.22e-103	381	KN005_v1
AL2G20030	scaffold_6_RagTag	86.819	349	35	6	2753	3090	843461	843113	4.4e-103	379	KN005_v1
AL2G20030	scaffold_6_RagTag	86.364	352	37	6	2753	3093	10022174	10022525	2.05e-101	374	KN005_v1
AL2G20030	scaffold_6_RagTag	86.364	352	37	6	2753	3093	18213523	18213874	2.05e-101	374	KN005_v1
AL2G20030	scaffold_6_RagTag	86.55	342	33	7	2754	3082	12538464	12538123	1.23e-98	364	KN005_v1
AL2G20030	scaffold_6_RagTag	86.916	321	30	7	2749	3057	20046406	20046086	3.45e-94	350	KN005_v1
AL2G20030	scaffold_6_RagTag	85.079	315	33	12	4192	4500	5942058	5942364	5.86e-82	309	KN005_v1
AL2G20030	scaffold_6_RagTag	87.097	279	27	8	3291	3562	19806862	19807138	2.11e-81	307	KN005_v1
AL2G20030	scaffold_6_RagTag	87.259	259	24	6	2826	3076	18213506	18213249	2.75e-75	287	KN005_v1
AL2G20030	scaffold_6_RagTag	84.444	270	32	9	4158	4422	5942104	5942368	2.15e-66	257	KN005_v1
AL2G20030	scaffold_6_RagTag	87.281	228	21	8	4277	4500	5942367	5942144	2.79e-65	254	KN005_v1
AL2G20030	scaffold_6_RagTag	83.643	269	34	9	4195	4459	14013906	14013644	1.68e-62	244	KN005_v1
AL2G20030	scaffold_6_RagTag	85.965	228	23	7	4278	4500	14013681	14013904	1.01e-59	235	KN005_v1
AL2G20030	scaffold_6_RagTag	87.958	191	23	0	2892	3082	5722202	5722012	6.07e-57	226	KN005_v1
AL2G20030	scaffold_6_RagTag	82.609	230	29	9	4277	4500	14013907	14013683	6.16e-47	193	KN005_v1
AL2G20030	scaffold_6_RagTag	87.417	151	17	2	4189	4338	14013830	14013681	8.02e-41	172	KN005_v1
AL2G20030	scaffold_6_RagTag	82.258	186	28	5	4158	4340	5942185	5942368	8.08e-36	156	KN005_v1
AL2G20030	scaffold_6_RagTag	81.152	191	26	9	4154	4340	5942243	5942059	1.75e-32	145	KN005_v1
AL2G20030	scaffold_6_RagTag	84.138	145	16	6	4360	4500	14013681	14013822	3.79e-29	134	KN005_v1
AL2G20030	scaffold_6_RagTag	82.313	147	17	8	4359	4500	5942367	5942225	1.06e-24	119	KN005_v1
AL2G20030	scaffold_6_RagTag	82	150	18	7	4195	4340	14013764	14013908	1.06e-24	119	KN005_v1
AL2G20030	scaffold_8_RagTag	94.207	656	15	6	1903	2554	239545	238909	0	979	KN005_v1
AL2G20030	scaffold_8_RagTag	91.602	643	41	4	3869	4500	16885353	16884713	0	876	KN005_v1
AL2G20030	scaffold_8_RagTag	91.77	644	30	7	3869	4500	13112193	13112825	0	874	KN005_v1
AL2G20030	scaffold_8_RagTag	92.416	567	30	4	3869	4423	13233181	13233746	0	797	KN005_v1
AL2G20030	scaffold_8_RagTag	86.399	647	56	18	3869	4500	5059649	5059020	0	678	KN005_v1
AL2G20030	scaffold_8_RagTag	90.735	313	26	3	4188	4500	5059410	5059101	1.21e-113	414	KN005_v1
AL2G20030	scaffold_8_RagTag	87.464	351	32	8	2753	3091	3371758	3371408	1.57e-107	394	KN005_v1
AL2G20030	scaffold_8_RagTag	87.216	352	33	7	2755	3094	10829449	10829098	2.03e-106	390	KN005_v1
AL2G20030	scaffold_8_RagTag	87.683	341	31	6	2753	3082	4148057	4148397	2.63e-105	387	KN005_v1
AL2G20030	scaffold_8_RagTag	86.761	355	36	6	2753	3096	2144998	2145352	9.47e-105	385	KN005_v1
AL2G20030	scaffold_8_RagTag	86.571	350	36	6	2753	3091	3371822	3372171	5.7e-102	375	KN005_v1
AL2G20030	scaffold_8_RagTag	87.692	325	29	8	2753	3066	1716708	1717032	9.53e-100	368	KN005_v1
AL2G20030	scaffold_8_RagTag	85.014	347	42	9	4158	4500	16884972	16884632	1.61e-92	344	KN005_v1
AL2G20030	scaffold_8_RagTag	94.787	211	7	2	3563	3773	238591	238385	5.82e-87	326	KN005_v1
AL2G20030	scaffold_8_RagTag	83.191	351	42	15	4158	4500	5059061	5059402	7.58e-81	305	KN005_v1
AL2G20030	scaffold_8_RagTag	82.44	336	45	12	4158	4487	16884673	16885000	1.28e-73	281	KN005_v1
AL2G20030	scaffold_8_RagTag	84.694	294	29	7	2800	3077	5212388	5212095	4.6e-73	279	KN005_v1
AL2G20030	scaffold_8_RagTag	84.758	269	31	9	4195	4459	13233743	13233481	1.66e-67	261	KN005_v1
AL2G20030	scaffold_8_RagTag	84.307	274	32	10	4154	4423	5059281	5059015	2.15e-66	257	KN005_v1
AL2G20030	scaffold_8_RagTag	87.611	226	23	5	4278	4500	13233518	13233741	2.15e-66	257	KN005_v1
AL2G20030	scaffold_8_RagTag	87.281	228	21	8	4277	4500	5059405	5059182	2.79e-65	254	KN005_v1
AL2G20030	scaffold_8_RagTag	84.074	270	33	9	4158	4422	5059142	5059406	1e-64	252	KN005_v1
AL2G20030	scaffold_8_RagTag	81.646	316	40	15	4192	4500	5059015	5059319	4.66e-63	246	KN005_v1
AL2G20030	scaffold_8_RagTag	83.643	269	36	7	4158	4423	16884890	16884627	4.66e-63	246	KN005_v1
AL2G20030	scaffold_8_RagTag	81.388	317	39	17	4192	4500	16884627	16884931	2.17e-61	241	KN005_v1
AL2G20030	scaffold_8_RagTag	81.494	308	43	13	4158	4459	16884754	16885053	2.17e-61	241	KN005_v1
AL2G20030	scaffold_8_RagTag	90.805	174	10	6	4330	4500	13112572	13112742	1.69e-57	228	KN005_v1
AL2G20030	scaffold_8_RagTag	80.449	312	39	14	4195	4500	13112827	13112532	1.02e-54	219	KN005_v1
AL2G20030	scaffold_8_RagTag	84.581	227	27	8	4278	4500	16885016	16884794	1.02e-54	219	KN005_v1
AL2G20030	scaffold_8_RagTag	82.051	273	29	12	4195	4463	13112744	13112488	1.31e-53	215	KN005_v1
AL2G20030	scaffold_8_RagTag	86.735	196	23	3	4230	4423	13112636	13112830	1.31e-53	215	KN005_v1
AL2G20030	scaffold_8_RagTag	84.052	232	15	5	3087	3318	238793	238584	2.85e-50	204	KN005_v1
AL2G20030	scaffold_8_RagTag	82.192	219	29	9	4277	4490	13233744	13233531	4.79e-43	180	KN005_v1
AL2G20030	scaffold_8_RagTag	83.696	184	26	4	4158	4338	13233700	13233518	2.89e-40	171	KN005_v1
AL2G20030	scaffold_8_RagTag	94.118	102	5	1	2652	2752	238894	238793	2.91e-35	154	KN005_v1
AL2G20030	scaffold_8_RagTag	81.72	186	29	5	4158	4340	5059223	5059406	3.76e-34	150	KN005_v1
AL2G20030	scaffold_8_RagTag	81.081	185	28	7	4158	4338	16884835	16885016	2.26e-31	141	KN005_v1
AL2G20030	scaffold_8_RagTag	80.214	187	28	8	4158	4340	16884809	16884628	1.36e-28	132	KN005_v1
AL2G20030	scaffold_8_RagTag	82.759	145	18	6	4360	4500	13233518	13233659	8.2e-26	122	KN005_v1
AL2G20030	scaffold_8_RagTag	82.432	148	15	8	4359	4500	5059405	5059263	1.06e-24	119	KN005_v1
AL2G20030	scaffold_8_RagTag	78.947	190	28	10	4158	4340	13112645	13112829	1.06e-24	119	KN005_v1
AL2G20030	scaffold_8_RagTag	80.952	147	17	10	4360	4500	16885016	16884875	8.25e-21	106	KN005_v1
AL2G20030	scaffold_8_RagTag	97.872	47	1	0	1845	1891	240801	240755	1.39e-13	82.4	KN005_v1
AL2G20030	scaffold_7_RagTag	94.099	644	27	2	3868	4500	15650051	15650694	0	968	KN005_v1
AL2G20030	scaffold_7_RagTag	92.547	644	25	3	3868	4500	15445588	15446219	0	902	KN005_v1
AL2G20030	scaffold_7_RagTag	91.768	656	40	4	3857	4500	12687566	12688219	0	900	KN005_v1
AL2G20030	scaffold_7_RagTag	91.602	643	41	4	3869	4500	22200852	22201492	0	876	KN005_v1
AL2G20030	scaffold_7_RagTag	88.506	348	29	8	2753	3089	23641310	23640963	1.56e-112	411	KN005_v1
AL2G20030	scaffold_7_RagTag	87.931	348	31	6	2753	3089	3395825	3396172	3.38e-109	399	KN005_v1
AL2G20030	scaffold_7_RagTag	88.304	342	29	6	2752	3082	11102633	11102974	3.38e-109	399	KN005_v1
AL2G20030	scaffold_7_RagTag	88.116	345	28	8	2753	3085	2020766	2020423	1.22e-108	398	KN005_v1
AL2G20030	scaffold_7_RagTag	87.216	352	33	9	2753	3092	8213616	8213265	2.03e-106	390	KN005_v1
AL2G20030	scaffold_7_RagTag	86.555	357	36	7	2753	3097	12585584	12585940	3.4e-104	383	KN005_v1
AL2G20030	scaffold_7_RagTag	86.895	351	34	6	2753	3092	14205274	14205623	3.4e-104	383	KN005_v1
AL2G20030	scaffold_7_RagTag	86.804	341	34	6	2753	3082	12667978	12668318	2.65e-100	370	KN005_v1
AL2G20030	scaffold_7_RagTag	86.804	341	34	6	2753	3082	13668679	13669019	2.65e-100	370	KN005_v1
AL2G20030	scaffold_7_RagTag	86	350	38	6	2753	3091	9817354	9817005	1.23e-98	364	KN005_v1
AL2G20030	scaffold_7_RagTag	86.51	341	34	9	2753	3082	16090949	16091288	1.23e-98	364	KN005_v1
AL2G20030	scaffold_7_RagTag	86.306	314	30	7	2754	3055	12965524	12965836	4.5e-88	329	KN005_v1
AL2G20030	scaffold_7_RagTag	85.276	326	36	7	2753	3066	17175581	17175256	5.82e-87	326	KN005_v1
AL2G20030	scaffold_7_RagTag	85.256	312	34	10	4195	4500	15650696	15650391	1.63e-82	311	KN005_v1
AL2G20030	scaffold_7_RagTag	84.691	307	38	8	4195	4497	15446221	15445920	1.27e-78	298	KN005_v1
AL2G20030	scaffold_7_RagTag	85.05	301	32	11	4195	4490	22201494	22201202	1.64e-77	294	KN005_v1
AL2G20030	scaffold_7_RagTag	84.615	299	37	7	4195	4490	12688221	12687929	7.64e-76	289	KN005_v1
AL2G20030	scaffold_7_RagTag	85.66	265	24	8	2802	3055	12965893	12966154	3.58e-69	267	KN005_v1
AL2G20030	scaffold_7_RagTag	82.68	306	45	8	4158	4459	15650653	15650352	1.29e-68	265	KN005_v1
AL2G20030	scaffold_7_RagTag	87.069	232	23	6	4195	4423	15650472	15650699	7.74e-66	255	KN005_v1
AL2G20030	scaffold_7_RagTag	81.759	307	44	12	4158	4459	12688178	12687879	4.66e-63	246	KN005_v1
AL2G20030	scaffold_7_RagTag	81.759	307	44	11	4158	4459	22201451	22201152	4.66e-63	246	KN005_v1
AL2G20030	scaffold_7_RagTag	86.784	227	22	8	4278	4500	22201189	22201411	4.66e-63	246	KN005_v1
AL2G20030	scaffold_7_RagTag	83.704	270	35	8	4158	4423	22201233	22201497	4.66e-63	246	KN005_v1
AL2G20030	scaffold_7_RagTag	83.908	261	37	5	4158	4415	15446178	15445920	1.68e-62	244	KN005_v1
AL2G20030	scaffold_7_RagTag	86.207	232	25	6	4195	4423	15445997	15446224	1.68e-62	244	KN005_v1
AL2G20030	scaffold_7_RagTag	86.283	226	26	5	4278	4500	15650389	15650612	2.17e-61	241	KN005_v1
AL2G20030	scaffold_7_RagTag	85.909	220	27	4	4283	4500	15445920	15446137	1.31e-58	231	KN005_v1
AL2G20030	scaffold_7_RagTag	82.593	270	38	6	4158	4423	12687960	12688224	4.69e-58	230	KN005_v1
AL2G20030	scaffold_7_RagTag	83.761	234	26	6	3334	3561	12969049	12968822	1.7e-52	211	KN005_v1
AL2G20030	scaffold_7_RagTag	76.867	415	70	13	3869	4260	24027300	24027711	1.7e-52	211	KN005_v1
AL2G20030	scaffold_7_RagTag	91.946	149	12	0	2934	3082	4881843	4881991	6.12e-52	209	KN005_v1
AL2G20030	scaffold_7_RagTag	87.952	166	17	2	2899	3064	368820	368658	6.16e-47	193	KN005_v1
AL2G20030	scaffold_7_RagTag	83.152	184	27	3	4158	4338	15650571	15650389	1.34e-38	165	KN005_v1
AL2G20030	scaffold_7_RagTag	82.857	175	27	2	4161	4333	15446093	15445920	2.91e-35	154	KN005_v1
AL2G20030	scaffold_7_RagTag	81.152	191	26	9	4154	4340	22201312	22201496	1.75e-32	145	KN005_v1
AL2G20030	scaffold_7_RagTag	80.628	191	27	9	4154	4340	12688039	12688223	8.14e-31	139	KN005_v1
AL2G20030	scaffold_7_RagTag	87.879	99	9	1	2996	3091	16542683	16542781	4.93e-23	113	KN005_v1
AL2G20030	scaffold_7_RagTag	100	28	0	0	2752	2779	364331	364304	0.000109	52.8	KN005_v1
AL2G20030	scaffold_1_RagTag	93.935	643	28	2	3869	4500	15235692	15235050	0	961	KN005_v1
AL2G20030	scaffold_1_RagTag	92.188	640	35	5	3869	4497	24141076	24141711	0	891	KN005_v1
AL2G20030	scaffold_1_RagTag	91.913	643	39	4	3869	4500	2693077	2693717	0	887	KN005_v1
AL2G20030	scaffold_1_RagTag	91.77	644	39	4	3869	4500	14348137	14347496	0	883	KN005_v1
AL2G20030	scaffold_1_RagTag	90.853	645	41	7	3869	4500	22473206	22473845	0	848	KN005_v1
AL2G20030	scaffold_1_RagTag	89.603	529	30	6	3869	4385	13094804	13094289	0	649	KN005_v1
AL2G20030	scaffold_1_RagTag	93.197	441	19	2	3869	4298	25554352	25553912	0	638	KN005_v1
AL2G20030	scaffold_1_RagTag	86.014	572	45	19	3869	4423	21593783	21594336	1.12e-163	580	KN005_v1
AL2G20030	scaffold_1_RagTag	91.054	313	25	3	4188	4500	21594022	21594331	2.6e-115	420	KN005_v1
AL2G20030	scaffold_1_RagTag	88.102	353	30	7	2753	3093	10285829	10285477	5.62e-112	409	KN005_v1
AL2G20030	scaffold_1_RagTag	88.286	350	30	5	2753	3091	24928707	24928358	5.62e-112	409	KN005_v1
AL2G20030	scaffold_1_RagTag	88.27	341	35	3	2753	3090	25656005	25656343	2.61e-110	403	KN005_v1
AL2G20030	scaffold_1_RagTag	87.749	351	31	7	2753	3091	29156044	29155694	3.38e-109	399	KN005_v1
AL2G20030	scaffold_1_RagTag	87.941	340	36	3	2753	3089	1781758	1782095	4.37e-108	396	KN005_v1
AL2G20030	scaffold_1_RagTag	87.464	351	32	7	2753	3091	5187105	5186755	1.57e-107	394	KN005_v1
AL2G20030	scaffold_1_RagTag	87.977	341	30	7	2753	3082	6437041	6436701	5.66e-107	392	KN005_v1
AL2G20030	scaffold_1_RagTag	87.216	352	34	8	2753	3093	17597517	17597166	2.03e-106	390	KN005_v1
AL2G20030	scaffold_1_RagTag	86.74	362	33	12	2753	3100	5757616	5757976	7.32e-106	388	KN005_v1
AL2G20030	scaffold_1_RagTag	87.5	344	32	6	2753	3085	16623541	16623198	2.63e-105	387	KN005_v1
AL2G20030	scaffold_1_RagTag	86.969	353	35	6	2756	3097	23268402	23268050	2.63e-105	387	KN005_v1
AL2G20030	scaffold_1_RagTag	87.719	342	29	8	2753	3082	26558878	26559218	2.63e-105	387	KN005_v1
AL2G20030	scaffold_1_RagTag	92.143	280	11	2	3869	4137	25364134	25363855	9.47e-105	385	KN005_v1
AL2G20030	scaffold_1_RagTag	86.857	350	35	6	2753	3091	8079601	8079252	1.22e-103	381	KN005_v1
AL2G20030	scaffold_1_RagTag	87.059	340	39	4	2753	3089	14662455	14662118	4.4e-103	379	KN005_v1
AL2G20030	scaffold_1_RagTag	86.275	357	38	5	2756	3101	13183428	13183072	1.58e-102	377	KN005_v1
AL2G20030	scaffold_1_RagTag	86.919	344	34	6	2753	3085	3487281	3486938	5.7e-102	375	KN005_v1
AL2G20030	scaffold_1_RagTag	86.364	352	37	6	2753	3093	1183870	1184221	2.05e-101	374	KN005_v1
AL2G20030	scaffold_1_RagTag	85.675	363	40	7	2753	3104	13278505	13278144	7.37e-101	372	KN005_v1
AL2G20030	scaffold_1_RagTag	86.628	344	35	6	2753	3085	1781712	1781369	2.65e-100	370	KN005_v1
AL2G20030	scaffold_1_RagTag	85.92	348	37	7	2762	3097	16174305	16173958	1.6e-97	361	KN005_v1
AL2G20030	scaffold_1_RagTag	85.632	348	38	10	4158	4500	2693458	2693798	7.42e-96	355	KN005_v1
AL2G20030	scaffold_1_RagTag	84.412	340	37	13	4158	4490	2693757	2693427	2.71e-85	320	KN005_v1
AL2G20030	scaffold_1_RagTag	85.623	313	29	13	4195	4500	21594333	21594030	1.26e-83	315	KN005_v1
AL2G20030	scaffold_1_RagTag	88.015	267	24	4	2835	3093	18390395	18390661	5.86e-82	309	KN005_v1
AL2G20030	scaffold_1_RagTag	84.762	315	36	10	4192	4500	15235045	15235353	7.58e-81	305	KN005_v1
AL2G20030	scaffold_1_RagTag	85.57	298	35	6	4195	4490	22473847	22473556	7.58e-81	305	KN005_v1
AL2G20030	scaffold_1_RagTag	90.351	228	20	1	3333	3558	12180703	12180476	1.27e-78	298	KN005_v1
AL2G20030	scaffold_1_RagTag	84.333	300	35	10	4195	4490	24141716	24141425	3.55e-74	283	KN005_v1
AL2G20030	scaffold_1_RagTag	83.713	307	40	9	4158	4459	15235091	15235392	1.28e-73	281	KN005_v1
AL2G20030	scaffold_1_RagTag	89.381	226	19	5	4278	4500	15235355	15235132	4.6e-73	279	KN005_v1
AL2G20030	scaffold_1_RagTag	82.736	307	41	11	4158	4459	2693676	2693377	4.63e-68	263	KN005_v1
AL2G20030	scaffold_1_RagTag	83.056	301	39	10	4192	4487	14347491	14347784	4.63e-68	263	KN005_v1
AL2G20030	scaffold_1_RagTag	88.208	212	25	0	2884	3095	16636865	16636654	2.79e-65	254	KN005_v1
AL2G20030	scaffold_1_RagTag	82.222	315	34	19	4195	4500	2693800	2693499	1e-64	252	KN005_v1
AL2G20030	scaffold_1_RagTag	83.704	270	34	9	4158	4423	2693540	2693803	4.66e-63	246	KN005_v1
AL2G20030	scaffold_1_RagTag	83.704	270	34	9	4158	4422	21594290	21594026	4.66e-63	246	KN005_v1
AL2G20030	scaffold_1_RagTag	86.207	232	25	6	4195	4423	15235272	15235045	1.68e-62	244	KN005_v1
AL2G20030	scaffold_1_RagTag	86.404	228	23	8	4277	4500	21594027	21594250	6.03e-62	243	KN005_v1
AL2G20030	scaffold_1_RagTag	81.433	307	44	12	4158	4459	24141673	24141375	7.8e-61	239	KN005_v1
AL2G20030	scaffold_1_RagTag	85.903	227	24	8	4278	4500	2693414	2693636	1.01e-59	235	KN005_v1
AL2G20030	scaffold_1_RagTag	89.674	184	19	0	2899	3082	14747043	14747226	1.01e-59	235	KN005_v1
AL2G20030	scaffold_1_RagTag	85.903	227	23	8	4278	4500	14347800	14347579	3.63e-59	233	KN005_v1
AL2G20030	scaffold_1_RagTag	82.079	279	42	8	4183	4459	14347565	14347837	1.31e-58	231	KN005_v1
AL2G20030	scaffold_1_RagTag	85.022	227	25	8	4278	4500	24141412	24141633	7.85e-56	222	KN005_v1
AL2G20030	scaffold_1_RagTag	83.983	231	29	6	4195	4423	24141495	24141719	1.31e-53	215	KN005_v1
AL2G20030	scaffold_1_RagTag	81.181	271	41	9	4158	4423	14347756	14347491	6.12e-52	209	KN005_v1
AL2G20030	scaffold_1_RagTag	83.621	232	29	6	4195	4423	22473625	22473850	6.12e-52	209	KN005_v1
AL2G20030	scaffold_1_RagTag	81.034	232	36	8	4231	4459	13094289	13094515	1.72e-42	178	KN005_v1
AL2G20030	scaffold_1_RagTag	84.127	189	24	6	4154	4340	22473665	22473849	1.72e-42	178	KN005_v1
AL2G20030	scaffold_1_RagTag	84.239	184	25	4	4158	4338	15235173	15235355	6.2e-42	176	KN005_v1
AL2G20030	scaffold_1_RagTag	98.02	101	0	2	3774	3872	21735341	21735241	2.23e-41	174	KN005_v1
AL2G20030	scaffold_1_RagTag	81.14	228	33	8	4277	4500	22473848	22473627	2.23e-41	174	KN005_v1
AL2G20030	scaffold_1_RagTag	82.353	187	26	5	4158	4340	21594209	21594026	8.08e-36	156	KN005_v1
AL2G20030	scaffold_1_RagTag	82.065	184	28	5	4158	4338	2693595	2693414	1.05e-34	152	KN005_v1
AL2G20030	scaffold_1_RagTag	82.84	169	25	4	4320	4487	13094297	13094462	1.35e-33	148	KN005_v1
AL2G20030	scaffold_1_RagTag	81.152	191	26	9	4154	4340	21594151	21594335	1.75e-32	145	KN005_v1
AL2G20030	scaffold_1_RagTag	81.522	184	27	7	4158	4338	22473722	22473543	1.75e-32	145	KN005_v1
AL2G20030	scaffold_1_RagTag	81.053	190	27	8	4155	4340	2693618	2693802	6.29e-32	143	KN005_v1
AL2G20030	scaffold_1_RagTag	80.319	188	28	8	4158	4340	15235229	15235046	3.79e-29	134	KN005_v1
AL2G20030	scaffold_1_RagTag	83.448	145	17	6	4360	4500	15235355	15235214	1.76e-27	128	KN005_v1
AL2G20030	scaffold_1_RagTag	93.103	87	6	0	4401	4487	25553913	25553999	1.76e-27	128	KN005_v1
AL2G20030	scaffold_1_RagTag	83.099	142	21	3	4319	4459	25553913	25554052	6.34e-27	126	KN005_v1
AL2G20030	scaffold_1_RagTag	79.255	188	29	9	4158	4340	14347674	14347492	8.2e-26	122	KN005_v1
AL2G20030	scaffold_1_RagTag	82.192	146	17	8	4360	4500	2693414	2693555	3.81e-24	117	KN005_v1
AL2G20030	scaffold_1_RagTag	90.805	87	8	0	2999	3085	28206294	28206208	3.81e-24	117	KN005_v1
AL2G20030	scaffold_1_RagTag	81.633	147	18	8	4359	4500	21594027	21594169	4.93e-23	113	KN005_v1
AL2G20030	scaffold_5_RagTag	92.236	644	37	4	3869	4500	13210555	13211197	0	900	KN005_v1
AL2G20030	scaffold_5_RagTag	91.913	643	39	4	3869	4500	20171351	20170711	0	887	KN005_v1
AL2G20030	scaffold_5_RagTag	86.565	655	33	14	3870	4490	4174654	4174021	0	671	KN005_v1
AL2G20030	scaffold_5_RagTag	89.895	475	25	5	3949	4423	10492712	10492261	1.87e-166	590	KN005_v1
AL2G20030	scaffold_5_RagTag	88.856	341	27	6	2749	3078	12609822	12609482	5.62e-112	409	KN005_v1
AL2G20030	scaffold_5_RagTag	87.784	352	32	8	2753	3093	6550283	6549932	9.4e-110	401	KN005_v1
AL2G20030	scaffold_5_RagTag	86.921	367	32	10	2729	3082	13747443	13747806	1.22e-108	398	KN005_v1
AL2G20030	scaffold_5_RagTag	87.941	340	30	7	2753	3081	16517094	16517433	2.03e-106	390	KN005_v1
AL2G20030	scaffold_5_RagTag	87.683	341	31	6	2753	3082	14880967	14881307	2.63e-105	387	KN005_v1
AL2G20030	scaffold_5_RagTag	87.683	341	31	6	2753	3082	20318624	20318964	2.63e-105	387	KN005_v1
AL2G20030	scaffold_5_RagTag	87.574	338	31	6	2753	3079	13167019	13167356	1.22e-103	381	KN005_v1
AL2G20030	scaffold_5_RagTag	86.88	343	34	6	2754	3085	16640868	16640526	2.05e-101	374	KN005_v1
AL2G20030	scaffold_5_RagTag	86.494	348	36	6	2753	3089	10172515	10172168	7.37e-101	372	KN005_v1
AL2G20030	scaffold_5_RagTag	87.195	328	31	7	2753	3069	1541201	1541528	4.44e-98	363	KN005_v1
AL2G20030	scaffold_5_RagTag	85.591	347	40	9	4158	4500	20170970	20170630	7.42e-96	355	KN005_v1
AL2G20030	scaffold_5_RagTag	85.387	349	39	8	2753	3090	3977988	3978335	9.6e-95	351	KN005_v1
AL2G20030	scaffold_5_RagTag	85.387	349	39	8	2753	3090	3987501	3987848	9.6e-95	351	KN005_v1
AL2G20030	scaffold_5_RagTag	88.519	270	22	6	3308	3570	13176484	13176751	9.74e-85	318	KN005_v1
AL2G20030	scaffold_5_RagTag	83.036	336	43	12	4158	4487	20170671	20170998	5.9e-77	292	KN005_v1
AL2G20030	scaffold_5_RagTag	89.545	220	19	4	4283	4500	10492483	10492266	5.94e-72	276	KN005_v1
AL2G20030	scaffold_5_RagTag	83.389	301	39	10	4195	4490	13211199	13210905	9.95e-70	268	KN005_v1
AL2G20030	scaffold_5_RagTag	87.611	226	23	4	4192	4415	10492261	10492483	2.15e-66	257	KN005_v1
AL2G20030	scaffold_5_RagTag	87.665	227	20	8	4278	4500	13210892	13211114	2.15e-66	257	KN005_v1
AL2G20030	scaffold_5_RagTag	82.019	317	37	17	4192	4500	20170625	20170929	1e-64	252	KN005_v1
AL2G20030	scaffold_5_RagTag	84.015	269	35	7	4158	4423	20170888	20170625	1e-64	252	KN005_v1
AL2G20030	scaffold_5_RagTag	82.143	308	41	13	4158	4459	20170752	20171051	1e-64	252	KN005_v1
AL2G20030	scaffold_5_RagTag	77.578	446	78	12	3869	4296	2788336	2787895	3.6e-64	250	KN005_v1
AL2G20030	scaffold_5_RagTag	83.955	268	34	8	4195	4459	13211116	13210855	1.3e-63	248	KN005_v1
AL2G20030	scaffold_5_RagTag	82.657	271	38	8	4158	4423	13210936	13211202	1.31e-58	231	KN005_v1
AL2G20030	scaffold_5_RagTag	85.022	227	26	8	4278	4500	20171014	20170792	2.18e-56	224	KN005_v1
AL2G20030	scaffold_5_RagTag	82.353	272	29	10	4204	4472	4174017	4174272	1.02e-54	219	KN005_v1
AL2G20030	scaffold_5_RagTag	80.936	299	38	11	2753	3050	4727698	4727978	1.02e-54	219	KN005_v1
AL2G20030	scaffold_5_RagTag	83.333	228	30	7	4274	4497	10492260	10492483	2.85e-50	204	KN005_v1
AL2G20030	scaffold_5_RagTag	90.441	136	13	0	4277	4412	4174152	4174017	4.79e-43	180	KN005_v1
AL2G20030	scaffold_5_RagTag	84.27	178	25	3	4158	4333	10492307	10492483	2.89e-40	171	KN005_v1
AL2G20030	scaffold_5_RagTag	83.158	190	17	3	4312	4500	4174268	4174093	6.25e-37	159	KN005_v1
AL2G20030	scaffold_5_RagTag	98.837	86	1	0	3869	3954	10498648	10498563	2.91e-35	154	KN005_v1
AL2G20030	scaffold_5_RagTag	81.522	184	29	5	4158	4338	13211073	13210892	4.86e-33	147	KN005_v1
AL2G20030	scaffold_5_RagTag	81.622	185	27	7	4158	4338	20170833	20171014	4.86e-33	147	KN005_v1
AL2G20030	scaffold_5_RagTag	80.749	187	27	8	4158	4340	20170807	20170626	2.93e-30	137	KN005_v1
AL2G20030	scaffold_5_RagTag	75.851	323	46	23	4158	4459	4174052	4174363	1.05e-29	135	KN005_v1
AL2G20030	scaffold_5_RagTag	83.221	149	18	6	4195	4340	10492406	10492262	4.9e-28	130	KN005_v1
AL2G20030	scaffold_5_RagTag	85.484	124	14	4	4184	4305	4174148	4174269	6.34e-27	126	KN005_v1
AL2G20030	scaffold_5_RagTag	83.453	139	17	5	4365	4500	10492483	10492348	2.28e-26	124	KN005_v1
AL2G20030	scaffold_5_RagTag	78.756	193	29	11	4154	4340	13211015	13211201	1.06e-24	119	KN005_v1
AL2G20030	scaffold_5_RagTag	81.507	146	18	8	4360	4500	13210892	13211033	1.77e-22	111	KN005_v1
AL2G20030	scaffold_5_RagTag	81.633	147	16	10	4360	4500	20171014	20170873	1.77e-22	111	KN005_v1
AL2G20030	scaffold_5_RagTag	84.404	109	13	4	4394	4500	4174268	4174162	2.97e-20	104	KN005_v1
AL2G20030	scaffold_5_RagTag	97.368	38	1	0	4450	4487	4174273	4174310	1.4e-08	65.8	KN005_v1
AL2G20030	scaffold_4_RagTag	91.913	643	39	4	3869	4500	9659643	9659003	0	887	KN005_v1
AL2G20030	scaffold_4_RagTag	91.757	643	40	4	3869	4500	6515473	6514833	0	881	KN005_v1
AL2G20030	scaffold_4_RagTag	91.469	633	31	3	3869	4478	3928622	3927990	0	848	KN005_v1
AL2G20030	scaffold_4_RagTag	90.586	648	44	7	3866	4500	6328940	6329583	0	843	KN005_v1
AL2G20030	scaffold_4_RagTag	91.343	566	37	3	3869	4423	13892859	13893423	0	763	KN005_v1
AL2G20030	scaffold_4_RagTag	85.49	572	48	18	3869	4423	14046517	14047070	1.13e-158	564	KN005_v1
AL2G20030	scaffold_4_RagTag	83.532	504	36	23	3938	4423	11147594	11148068	1.55e-117	427	KN005_v1
AL2G20030	scaffold_4_RagTag	88.252	349	30	5	2753	3090	5865262	5865610	2.02e-111	407	KN005_v1
AL2G20030	scaffold_4_RagTag	87.784	352	32	6	2753	3093	1908995	1908644	9.4e-110	401	KN005_v1
AL2G20030	scaffold_4_RagTag	87.395	357	31	9	2753	3096	15073088	15072733	1.22e-108	398	KN005_v1
AL2G20030	scaffold_4_RagTag	90.164	305	28	2	4196	4500	14046763	14047065	4.37e-108	396	KN005_v1
AL2G20030	scaffold_4_RagTag	87.647	340	31	6	2754	3082	12270370	12270031	9.47e-105	385	KN005_v1
AL2G20030	scaffold_4_RagTag	85.87	368	39	8	2753	3107	18936019	18935652	4.4e-103	379	KN005_v1
AL2G20030	scaffold_4_RagTag	86.804	341	34	6	2753	3082	19199623	19199283	2.65e-100	370	KN005_v1
AL2G20030	scaffold_4_RagTag	85.014	347	42	9	4158	4500	9659262	9658922	1.61e-92	344	KN005_v1
AL2G20030	scaffold_4_RagTag	89.764	254	18	7	3319	3565	14135892	14135640	9.74e-85	318	KN005_v1
AL2G20030	scaffold_4_RagTag	83.429	350	42	14	4158	4500	6515092	6514752	1.63e-82	311	KN005_v1
AL2G20030	scaffold_4_RagTag	83.824	340	39	14	4155	4487	6514790	6515120	5.86e-82	309	KN005_v1
AL2G20030	scaffold_4_RagTag	84.887	311	35	10	4195	4500	14047067	14046764	2.73e-80	303	KN005_v1
AL2G20030	scaffold_4_RagTag	82.738	336	44	12	4158	4487	9658963	9659290	2.75e-75	287	KN005_v1
AL2G20030	scaffold_4_RagTag	88.496	226	21	5	4278	4500	3928274	3928051	9.95e-70	268	KN005_v1
AL2G20030	scaffold_4_RagTag	82.736	307	41	11	4158	4459	6514874	6515173	4.63e-68	263	KN005_v1
AL2G20030	scaffold_4_RagTag	83.929	280	37	7	4183	4459	3928037	3928311	1.66e-67	261	KN005_v1
AL2G20030	scaffold_4_RagTag	82.781	302	37	13	4195	4490	6329585	6329293	7.74e-66	255	KN005_v1
AL2G20030	scaffold_4_RagTag	82.085	307	43	11	4158	4459	6329542	6329243	1e-64	252	KN005_v1
AL2G20030	scaffold_4_RagTag	87.225	227	21	8	4278	4500	6329280	6329502	1e-64	252	KN005_v1
AL2G20030	scaffold_4_RagTag	83.955	268	34	8	4195	4459	13893420	13893159	1.3e-63	248	KN005_v1
AL2G20030	scaffold_4_RagTag	83.643	269	36	7	4158	4423	9659180	9658917	4.66e-63	246	KN005_v1
AL2G20030	scaffold_4_RagTag	81.759	307	44	11	4158	4459	9659044	9659343	4.66e-63	246	KN005_v1
AL2G20030	scaffold_4_RagTag	83.764	271	33	10	4158	4423	14047024	14046760	4.66e-63	246	KN005_v1
AL2G20030	scaffold_4_RagTag	86.344	227	23	8	4278	4500	9659306	9659084	2.17e-61	241	KN005_v1
AL2G20030	scaffold_4_RagTag	82.168	286	43	8	4220	4500	3927990	3928272	7.8e-61	239	KN005_v1
AL2G20030	scaffold_4_RagTag	86.283	226	23	8	4279	4500	14046763	14046984	7.8e-61	239	KN005_v1
AL2G20030	scaffold_4_RagTag	85.903	227	24	8	4278	4500	6515136	6514914	1.01e-59	235	KN005_v1
AL2G20030	scaffold_4_RagTag	81.073	317	40	17	4192	4500	9658917	9659221	1.01e-59	235	KN005_v1
AL2G20030	scaffold_4_RagTag	86.301	219	22	1	2881	3091	15072539	15072321	1.31e-58	231	KN005_v1
AL2G20030	scaffold_4_RagTag	85.463	227	25	8	4278	4500	13893196	13893418	4.69e-58	230	KN005_v1
AL2G20030	scaffold_4_RagTag	81.618	272	37	11	4158	4423	6329324	6329588	4.73e-53	213	KN005_v1
AL2G20030	scaffold_4_RagTag	76.812	414	71	11	3869	4260	5743655	5744065	6.12e-52	209	KN005_v1
AL2G20030	scaffold_4_RagTag	84.186	215	25	8	4277	4487	13893421	13893212	3.68e-49	200	KN005_v1
AL2G20030	scaffold_4_RagTag	84.615	169	23	3	4230	4396	3928157	3927990	1.34e-38	165	KN005_v1
AL2G20030	scaffold_4_RagTag	82.474	194	27	7	4158	4348	14046943	14046754	4.83e-38	163	KN005_v1
AL2G20030	scaffold_4_RagTag	95.96	99	2	2	3776	3872	20615823	20615725	6.25e-37	159	KN005_v1
AL2G20030	scaffold_4_RagTag	82.065	184	28	5	4158	4338	6329461	6329280	1.05e-34	152	KN005_v1
AL2G20030	scaffold_4_RagTag	82.065	184	28	5	4158	4338	6514955	6515136	1.05e-34	152	KN005_v1
AL2G20030	scaffold_4_RagTag	81.522	184	29	5	4158	4338	13893377	13893196	4.86e-33	147	KN005_v1
AL2G20030	scaffold_4_RagTag	81.818	176	28	4	4086	4260	19628231	19628403	1.75e-32	145	KN005_v1
AL2G20030	scaffold_4_RagTag	83.333	162	17	9	4344	4500	6514733	6514889	2.26e-31	141	KN005_v1
AL2G20030	scaffold_4_RagTag	80.978	184	30	5	4158	4338	9659125	9659306	2.26e-31	141	KN005_v1
AL2G20030	scaffold_4_RagTag	82.609	161	20	7	4344	4500	6329602	6329446	1.05e-29	135	KN005_v1
AL2G20030	scaffold_4_RagTag	84.507	142	17	5	4195	4333	11147996	11147857	1.05e-29	135	KN005_v1
AL2G20030	scaffold_4_RagTag	80.214	187	28	8	4158	4340	9659099	9658918	1.36e-28	132	KN005_v1
AL2G20030	scaffold_4_RagTag	82.759	145	16	8	4361	4500	14046763	14046903	2.95e-25	121	KN005_v1
AL2G20030	scaffold_4_RagTag	82.192	146	17	8	4360	4500	6515136	6514995	3.81e-24	117	KN005_v1
AL2G20030	scaffold_4_RagTag	81.507	146	18	8	4360	4500	6329280	6329421	1.77e-22	111	KN005_v1
AL2G20030	scaffold_4_RagTag	81.507	146	18	8	4360	4500	13893196	13893337	1.77e-22	111	KN005_v1
AL2G20030	scaffold_4_RagTag	85.849	106	11	4	4158	4261	6329487	6329590	6.38e-22	110	KN005_v1
AL2G20030	scaffold_4_RagTag	85.849	106	11	4	4158	4261	6514848	6514745	6.38e-22	110	KN005_v1
AL2G20030	scaffold_4_RagTag	90.244	82	6	2	4421	4500	6514727	6514808	8.25e-21	106	KN005_v1
AL2G20030	scaffold_4_RagTag	80.822	146	19	8	4360	4500	9659306	9659165	8.25e-21	106	KN005_v1
AL2G20030	scaffold_4_RagTag	91.026	78	5	2	4425	4500	6329604	6329527	2.97e-20	104	KN005_v1
AL2G20030	scaffold_4_RagTag	87.671	73	7	2	4189	4261	11148000	11148070	3.87e-14	84.2	KN005_v1
AL2G20030	scaffold_4_RagTag	96.875	32	1	0	3869	3900	6337014	6336983	3.03e-05	54.7	KN005_v1
AL2G20030	scaffold_3_RagTag	91.304	644	42	5	3869	4500	19841093	19841734	0	867	KN005_v1
AL2G20030	scaffold_3_RagTag	84.877	648	63	21	3869	4500	23384808	23384180	6.63e-176	621	KN005_v1
AL2G20030	scaffold_3_RagTag	89.157	332	30	3	2753	3080	10768000	10768329	5.62e-112	409	KN005_v1
AL2G20030	scaffold_3_RagTag	88.889	333	32	3	2753	3082	5482556	5482886	7.27e-111	405	KN005_v1
AL2G20030	scaffold_3_RagTag	88.184	347	30	8	2754	3089	19229119	19228773	2.61e-110	403	KN005_v1
AL2G20030	scaffold_3_RagTag	87.5	352	33	6	2753	3093	14803246	14803597	4.37e-108	396	KN005_v1
AL2G20030	scaffold_3_RagTag	87.429	350	33	6	2753	3091	10464388	10464737	5.66e-107	392	KN005_v1
AL2G20030	scaffold_3_RagTag	87.006	354	35	6	2753	3095	3497272	3497625	7.32e-106	388	KN005_v1
AL2G20030	scaffold_3_RagTag	87.246	345	38	4	2753	3093	22091005	22091347	7.32e-106	388	KN005_v1
AL2G20030	scaffold_3_RagTag	86.648	352	36	6	2753	3093	1181334	1180983	4.4e-103	379	KN005_v1
AL2G20030	scaffold_3_RagTag	87.463	335	30	6	2753	3076	5365169	5365502	5.7e-102	375	KN005_v1
AL2G20030	scaffold_3_RagTag	86.571	350	36	6	2753	3091	19341081	19340732	5.7e-102	375	KN005_v1
AL2G20030	scaffold_3_RagTag	86.919	344	34	6	2753	3085	21776861	21776518	5.7e-102	375	KN005_v1
AL2G20030	scaffold_3_RagTag	87.097	341	33	6	2753	3082	21777586	21777926	5.7e-102	375	KN005_v1
AL2G20030	scaffold_3_RagTag	89.701	301	19	6	2753	3043	13084522	13084820	2.05e-101	374	KN005_v1
AL2G20030	scaffold_3_RagTag	85.873	361	38	10	2740	3087	3755827	3756187	7.37e-101	372	KN005_v1
AL2G20030	scaffold_3_RagTag	86.325	351	36	7	2753	3091	7575548	7575198	7.37e-101	372	KN005_v1
AL2G20030	scaffold_3_RagTag	86.325	351	36	7	2753	3091	7579746	7579396	7.37e-101	372	KN005_v1
AL2G20030	scaffold_3_RagTag	86.325	351	37	6	2753	3092	12275399	12275749	7.37e-101	372	KN005_v1
AL2G20030	scaffold_3_RagTag	86.726	339	34	7	2753	3081	7125993	7125656	3.43e-99	366	KN005_v1
AL2G20030	scaffold_3_RagTag	85.96	349	38	5	2753	3090	2949427	2949079	4.44e-98	363	KN005_v1
AL2G20030	scaffold_3_RagTag	86.047	344	36	7	2753	3085	6847989	6847647	5.74e-97	359	KN005_v1
AL2G20030	scaffold_3_RagTag	87.302	315	32	7	4188	4500	23384569	23384261	2.67e-95	353	KN005_v1
AL2G20030	scaffold_3_RagTag	85.014	347	42	9	4158	4500	19841475	19841815	1.61e-92	344	KN005_v1
AL2G20030	scaffold_3_RagTag	86.111	324	33	8	2753	3065	4722922	4723244	7.48e-91	339	KN005_v1
AL2G20030	scaffold_3_RagTag	85.044	341	39	8	2753	3082	906491	906830	2.69e-90	337	KN005_v1
AL2G20030	scaffold_3_RagTag	89.062	256	19	8	3319	3567	14417813	14418066	5.86e-82	309	KN005_v1
AL2G20030	scaffold_3_RagTag	85.959	292	31	5	2809	3090	12711790	12711499	2.73e-80	303	KN005_v1
AL2G20030	scaffold_3_RagTag	87.109	256	27	5	3319	3568	4749944	4749689	9.88e-75	285	KN005_v1
AL2G20030	scaffold_3_RagTag	81.534	352	45	17	4158	4500	23384221	23384561	7.69e-71	272	KN005_v1
AL2G20030	scaffold_3_RagTag	77.803	446	77	12	3869	4296	11050794	11050353	7.74e-66	255	KN005_v1
AL2G20030	scaffold_3_RagTag	81.759	307	45	10	4158	4459	19841693	19841393	4.66e-63	246	KN005_v1
AL2G20030	scaffold_3_RagTag	81.905	315	35	19	4195	4500	19841817	19841516	4.66e-63	246	KN005_v1
AL2G20030	scaffold_3_RagTag	83.271	269	37	7	4158	4423	19841557	19841820	2.17e-61	241	KN005_v1
AL2G20030	scaffold_3_RagTag	83.026	271	33	12	4158	4422	23384302	23384565	3.63e-59	233	KN005_v1
AL2G20030	scaffold_3_RagTag	87.192	203	26	0	2892	3094	10464383	10464181	1.31e-58	231	KN005_v1
AL2G20030	scaffold_3_RagTag	85.526	228	24	9	4277	4500	23384564	23384342	4.69e-58	230	KN005_v1
AL2G20030	scaffold_3_RagTag	82.772	267	35	11	4239	4500	19841393	19841653	1.69e-57	228	KN005_v1
AL2G20030	scaffold_3_RagTag	80.126	317	43	17	4192	4500	23384175	23384479	1.02e-54	219	KN005_v1
AL2G20030	scaffold_3_RagTag	77.108	415	69	12	3869	4260	21467533	21467122	3.65e-54	217	KN005_v1
AL2G20030	scaffold_3_RagTag	81.455	275	38	11	4154	4423	23384441	23384175	4.73e-53	213	KN005_v1
AL2G20030	scaffold_3_RagTag	84.409	186	23	6	4158	4340	23384383	23384565	1.72e-42	178	KN005_v1
AL2G20030	scaffold_3_RagTag	83.696	184	21	5	2899	3082	12896271	12896445	1.34e-38	165	KN005_v1
AL2G20030	scaffold_3_RagTag	96.04	101	1	3	3774	3872	677053	677152	1.74e-37	161	KN005_v1
AL2G20030	scaffold_3_RagTag	95.05	101	3	2	3774	3872	10248779	10248879	2.25e-36	158	KN005_v1
AL2G20030	scaffold_3_RagTag	86.986	146	11	7	4359	4500	23384564	23384423	2.25e-36	158	KN005_v1
AL2G20030	scaffold_3_RagTag	80.851	188	25	10	4158	4340	19841638	19841819	2.93e-30	137	KN005_v1
AL2G20030	scaffold_3_RagTag	80.435	184	31	5	4158	4338	19841612	19841431	1.05e-29	135	KN005_v1
AL2G20030	scaffold_3_RagTag	80.822	146	19	8	4360	4500	19841431	19841572	8.25e-21	106	KN005_v1
AL2G20070	scaffold_2_RagTag	98.082	1251	21	1	64	1314	11422792	11424039	0	2174	KN005_v1
AL2G20070	scaffold_2_RagTag	92.08	1149	78	7	64	1203	12287697	12288841	0	1605	KN005_v1
AL2G20070	scaffold_2_RagTag	99.407	843	3	2	1	843	12354604	12355444	0	1528	KN005_v1
AL2G20070	scaffold_2_RagTag	91.27	1134	70	12	201	1314	12471166	12470042	0	1519	KN005_v1
AL2G20070	scaffold_2_RagTag	94.658	730	37	2	586	1314	12277142	12277870	0	1131	KN005_v1
AL2G20070	scaffold_2_RagTag	99.04	521	3	1	836	1356	12367259	12367777	0	933	KN005_v1
AL2G20070	scaffold_2_RagTag	86.938	689	70	15	628	1314	12272654	12273324	0	756	KN005_v1
AL2G20070	scaffold_2_RagTag	91.468	293	20	5	197	487	12276803	12277092	3.61e-109	398	KN005_v1
AL2G20070	scaffold_2_RagTag	79.362	470	54	24	80	534	12272138	12272579	6.31e-77	291	KN005_v1
AL2G20070	scaffold_2_RagTag	87.143	210	13	9	1105	1314	12288873	12289068	1.8e-57	226	KN005_v1
AL2G20070	scaffold_2_RagTag	81.395	172	20	8	1	167	12276543	12276707	1.46e-28	130	KN005_v1
AL2G20070	scaffold_2_RagTag	100	28	0	0	647	674	13639876	13639849	3.24e-05	52.8	KN005_v1
AL2G20070	scaffold_6_RagTag	88.003	1267	86	16	64	1321	13180592	13179383	0	1437	KN005_v1
AL2G20200	scaffold_2_RagTag	98.668	1501	9	2	416	1905	12469776	12471276	0	2651	KN005_v1
AL2G20200	scaffold_2_RagTag	90.437	1349	107	13	460	1798	11424262	11422926	0	1757	KN005_v1
AL2G20200	scaffold_2_RagTag	90.354	1244	87	19	186	1413	12278368	12277142	0	1602	KN005_v1
AL2G20200	scaffold_2_RagTag	86.638	1377	135	28	1	1371	12273987	12272654	0	1478	KN005_v1
AL2G20200	scaffold_2_RagTag	89.618	1021	83	17	796	1798	12288846	12287831	0	1277	KN005_v1
AL2G20200	scaffold_2_RagTag	97.925	530	9	2	1	530	12469252	12469779	0	917	KN005_v1
AL2G20200	scaffold_2_RagTag	88.717	647	61	10	1158	1798	12355444	12354804	0	780	KN005_v1
AL2G20200	scaffold_2_RagTag	95.67	485	12	2	682	1165	12367735	12367259	0	771	KN005_v1
AL2G20200	scaffold_2_RagTag	86.143	433	28	16	475	898	12289282	12288873	3.01e-121	438	KN005_v1
AL2G20200	scaffold_2_RagTag	90.939	309	23	4	1515	1821	12277089	12276784	6.56e-113	411	KN005_v1
AL2G20200	scaffold_2_RagTag	89.879	247	22	3	239	482	11424442	11424196	5.29e-84	315	KN005_v1
AL2G20200	scaffold_2_RagTag	83.483	333	36	9	1465	1786	12272579	12272255	2.48e-77	292	KN005_v1
AL2G20200	scaffold_2_RagTag	93.913	115	6	1	416	530	12469710	12469823	3.37e-41	172	KN005_v1
AL2G20200	scaffold_2_RagTag	88.696	115	12	1	416	530	12469732	12469845	3.42e-31	139	KN005_v1
AL2G20200	scaffold_2_RagTag	84.821	112	5	7	14	124	12278500	12278400	4.48e-20	102	KN005_v1
AL2G20200	scaffold_2_RagTag	83.505	97	12	4	69	163	11424540	11424446	1.26e-15	87.9	KN005_v1
AL2G20200	scaffold_2_RagTag	96.97	33	0	1	1433	1464	12272629	12272597	1.27e-05	54.7	KN005_v1
AL2G20200	scaffold_6_RagTag	86.984	1429	119	39	416	1821	13179121	13180505	0	1546	KN005_v1
AL2G20200	scaffold_6_RagTag	93.651	63	4	0	416	478	13179166	13179228	7.5e-18	95.3	KN005_v1
AL6G40220	scaffold_6_RagTag	98.546	1513	11	2	1	1513	13179121	13180622	0	2662	KN005_v1
AL6G40220	scaffold_2_RagTag	95.458	1189	31	2	347	1513	12288854	12287667	0	1875	KN005_v1
AL6G40220	scaffold_2_RagTag	89.61	1511	104	13	46	1513	11424262	11422762	0	1871	KN005_v1
AL6G40220	scaffold_2_RagTag	90.557	1006	61	17	1	977	12278142	12277142	0	1301	KN005_v1
AL6G40220	scaffold_2_RagTag	88.55	1048	92	20	355	1396	12470164	12471189	0	1245	KN005_v1
AL6G40220	scaffold_2_RagTag	86.402	956	91	22	1	935	12273591	12272654	0	1009	KN005_v1
AL6G40220	scaffold_2_RagTag	86.768	786	68	8	723	1483	12355441	12354667	0	843	KN005_v1
AL6G40220	scaffold_2_RagTag	91.221	467	20	7	270	715	12367735	12367269	1.02e-174	616	KN005_v1
AL6G40220	scaffold_2_RagTag	90.704	355	30	3	1	355	12469776	12470127	8.44e-131	470	KN005_v1
AL6G40220	scaffold_2_RagTag	86.779	416	31	14	61	458	12289282	12288873	1.84e-122	442	KN005_v1
AL6G40220	scaffold_2_RagTag	82.366	448	38	21	1039	1461	12272578	12272147	3.19e-95	351	KN005_v1
AL6G40220	scaffold_2_RagTag	85.358	321	40	6	1085	1403	12277092	12276777	1.93e-87	326	KN005_v1
AL6G40220	scaffold_2_RagTag	95.327	107	4	1	1	107	12469688	12469793	3.45e-40	169	KN005_v1
AL6G40220	scaffold_2_RagTag	93.458	107	6	1	1	107	12469666	12469771	7.46e-37	158	KN005_v1
AL6G40220	scaffold_2_RagTag	82.514	183	12	13	1309	1483	12276775	12276605	2.09e-32	143	KN005_v1
AL6G40220	scaffold_2_RagTag	93.548	62	4	0	46	107	12469666	12469727	2.13e-17	93.5	KN005_v1
AL6G40220	scaffold_2_RagTag	95.349	43	2	0	694	736	11359931	11359973	3.6e-10	69.4	KN005_v1
AL2G20010	scaffold_2_RagTag	99.323	1921	6	1	1	1921	13118942	13120855	0	3469	KN006_v1
AL2G20010	scaffold_2_RagTag	86.338	1442	121	30	538	1932	13127710	13129122	0	1502	KN006_v1
AL2G20010	scaffold_2_RagTag	86.42	1134	114	20	599	1714	12429904	12431015	0	1205	KN006_v1
AL2G20010	scaffold_2_RagTag	89.4	934	86	10	614	1536	13431437	13430506	0	1164	KN006_v1
AL2G20010	scaffold_2_RagTag	86.272	692	73	13	599	1269	13271873	13272563	0	732	KN006_v1
AL2G20010	scaffold_2_RagTag	84.48	625	70	14	599	1208	13191516	13192128	2.34e-167	592	KN006_v1
AL2G20010	scaffold_2_RagTag	84.16	625	70	13	599	1208	13138607	13139217	1.82e-163	579	KN006_v1
AL2G20010	scaffold_2_RagTag	84.688	529	52	19	1430	1934	13430458	13429935	4.06e-140	501	KN006_v1
AL2G20010	scaffold_2_RagTag	87.943	423	23	13	1063	1477	13139214	13139616	8.85e-132	473	KN006_v1
AL2G20010	scaffold_2_RagTag	90.11	364	17	10	1063	1418	13192125	13192477	3.21e-126	455	KN006_v1
AL2G20010	scaffold_2_RagTag	81.4	457	39	26	82	510	13138059	13138497	5.64e-89	331	KN006_v1
AL2G20010	scaffold_2_RagTag	83.333	336	34	10	190	517	13431867	13431546	9.57e-77	291	KN006_v1
AL2G20010	scaffold_2_RagTag	79.07	473	53	25	73	517	13271325	13271779	1.6e-74	283	KN006_v1
AL2G20010	scaffold_2_RagTag	79.085	459	52	24	73	517	13190994	13191422	2.68e-72	276	KN006_v1
AL2G20010	scaffold_2_RagTag	78.834	463	54	23	82	517	12429365	12429810	3.47e-71	272	KN006_v1
AL2G20010	scaffold_2_RagTag	81.469	286	34	6	191	469	13127420	13127693	1.65e-54	217	KN006_v1
AL2G20010	scaffold_2_RagTag	92.683	123	8	1	118	240	13432058	13431937	2.8e-42	176	KN006_v1
AL2G20010	scaffold_2_RagTag	91.589	107	9	0	1430	1536	13430546	13430440	6.1e-34	148	KN006_v1
AL2G20010	scaffold_2_RagTag	91.379	58	3	1	1444	1499	13139559	13139616	8.11e-13	78.7	KN006_v1
AL2G20010	scaffold_2_RagTag	95.833	48	2	0	1452	1499	13192881	13192928	8.11e-13	78.7	KN006_v1
AL2G20010	scaffold_2_RagTag	92.157	51	2	1	1488	1536	13139559	13139609	1.36e-10	71.3	KN006_v1
AL2G20010	scaffold_2_RagTag	97.561	41	1	0	1496	1536	13192881	13192921	1.36e-10	71.3	KN006_v1
AL2G20010	scaffold_2_RagTag	93.333	45	3	0	1492	1536	12430747	12430791	1.76e-09	67.6	KN006_v1
AL2G20010	scaffold_6_RagTag	86.929	941	84	22	614	1536	13521116	13520197	0	1020	KN006_v1
AL2G20010	scaffold_6_RagTag	82.04	451	37	21	82	516	13521657	13521235	7.24e-93	344	KN006_v1
AL2G20020	scaffold_2_RagTag	98.688	1981	19	4	1	1975	13127143	13129122	0	3507	KN006_v1
AL2G20020	scaffold_2_RagTag	91.025	1181	75	15	600	1776	12429862	12431015	0	1565	KN006_v1
AL2G20020	scaffold_2_RagTag	86.479	1420	125	26	567	1958	13119472	13120852	0	1496	KN006_v1
AL2G20020	scaffold_2_RagTag	90.855	1017	73	12	603	1616	13431491	13430492	0	1345	KN006_v1
AL2G20020	scaffold_2_RagTag	94.278	734	36	3	600	1328	13271831	13272563	0	1118	KN006_v1
AL2G20020	scaffold_2_RagTag	94.071	624	35	2	600	1222	13138565	13139187	0	946	KN006_v1
AL2G20020	scaffold_2_RagTag	93.269	624	40	2	600	1222	13191474	13192096	0	918	KN006_v1
AL2G20020	scaffold_2_RagTag	87.105	380	33	9	1487	1860	13430458	13430089	1.55e-114	416	KN006_v1
AL2G20020	scaffold_2_RagTag	90.705	312	24	4	242	550	13431902	13431593	7.19e-113	411	KN006_v1
AL2G20020	scaffold_2_RagTag	84.977	426	31	14	1119	1534	13139214	13139616	4.33e-110	401	KN006_v1
AL2G20020	scaffold_2_RagTag	89.688	320	24	7	235	550	13191061	13191375	1.56e-109	399	KN006_v1
AL2G20020	scaffold_2_RagTag	89.329	328	21	10	1119	1446	13192125	13192438	1.56e-109	399	KN006_v1
AL2G20020	scaffold_2_RagTag	91.126	293	21	5	261	550	12429473	12429763	2.61e-107	392	KN006_v1
AL2G20020	scaffold_2_RagTag	91.126	293	21	5	261	550	13271442	13271732	2.61e-107	392	KN006_v1
AL2G20020	scaffold_2_RagTag	87.031	293	33	5	261	550	13138167	13138457	2.68e-87	326	KN006_v1
AL2G20020	scaffold_2_RagTag	82.168	286	32	6	277	550	13119132	13119410	7.78e-58	228	KN006_v1
AL2G20020	scaffold_2_RagTag	80.894	246	25	15	1	233	13190915	13191151	1.03e-41	174	KN006_v1
AL2G20020	scaffold_2_RagTag	96	100	4	0	778	877	12383065	12382966	2.22e-38	163	KN006_v1
AL2G20020	scaffold_2_RagTag	81.287	171	22	7	1	165	13271246	13271412	2.26e-28	130	KN006_v1
AL2G20020	scaffold_2_RagTag	85.437	103	13	2	63	165	12429343	12429443	3.8e-21	106	KN006_v1
AL2G20020	scaffold_2_RagTag	85.437	103	13	2	63	165	13138037	13138137	3.8e-21	106	KN006_v1
AL2G20020	scaffold_2_RagTag	89.394	66	4	3	1552	1616	13430621	13430558	2.3e-13	80.5	KN006_v1
AL2G20020	scaffold_2_RagTag	92.453	53	4	0	1557	1609	13128631	13128683	2.98e-12	76.8	KN006_v1
AL2G20020	scaffold_2_RagTag	96.97	33	1	0	1553	1585	13139584	13139616	3.88e-06	56.5	KN006_v1
AL2G20020	scaffold_2_RagTag	96.97	33	1	0	1553	1585	13192896	13192928	3.88e-06	56.5	KN006_v1
AL2G20020	scaffold_6_RagTag	90.846	1005	58	17	603	1602	13521170	13520195	0	1315	KN006_v1
AL2G20020	scaffold_6_RagTag	85.714	315	38	6	241	550	13521593	13521281	2.68e-87	326	KN006_v1
AL2G20020	scaffold_6_RagTag	82.418	182	14	12	63	233	13521679	13521505	2.9e-32	143	KN006_v1
AL2G20030	scaffold_2_RagTag	98.088	4497	41	16	1	4487	13138007	13142468	0	7786	KN006_v1
AL2G20030	scaffold_2_RagTag	98.936	1785	9	5	1554	3328	13192865	13194649	0	3182	KN006_v1
AL2G20030	scaffold_2_RagTag	93.099	1536	66	8	31	1561	13190978	13192478	0	2213	KN006_v1
AL2G20030	scaffold_2_RagTag	94.43	1185	28	10	3319	4487	13201054	13202216	0	1788	KN006_v1
AL2G20030	scaffold_2_RagTag	92.718	1181	77	5	1	1181	12429313	12430484	0	1696	KN006_v1
AL2G20030	scaffold_2_RagTag	92.602	1149	73	6	31	1176	13271309	13272448	0	1640	KN006_v1
AL2G20030	scaffold_2_RagTag	89.706	1020	84	15	165	1181	13431879	13430878	0	1282	KN006_v1
AL2G20030	scaffold_2_RagTag	94.184	619	34	2	559	1176	13127743	13128360	0	942	KN006_v1
AL2G20030	scaffold_2_RagTag	93.146	642	32	3	3869	4498	8122448	8121807	0	931	KN006_v1
AL2G20030	scaffold_2_RagTag	92.702	644	35	3	3869	4500	3749630	3748987	0	918	KN006_v1
AL2G20030	scaffold_2_RagTag	92.224	643	37	4	3869	4500	12866045	12865405	0	898	KN006_v1
AL2G20030	scaffold_2_RagTag	90.673	654	37	6	3858	4500	17731555	17732195	0	848	KN006_v1
AL2G20030	scaffold_2_RagTag	90.202	643	38	5	3869	4500	4591673	4591045	0	815	KN006_v1
AL2G20030	scaffold_2_RagTag	86.189	572	44	18	3869	4423	268695	269248	2.56e-165	586	KN006_v1
AL2G20030	scaffold_2_RagTag	84.32	625	69	13	601	1211	13119533	13120142	9.2e-165	584	KN006_v1
AL2G20030	scaffold_2_RagTag	85.49	572	48	18	3869	4423	5015188	5014635	1.2e-158	564	KN006_v1
AL2G20030	scaffold_2_RagTag	89.835	423	22	11	1208	1617	13119997	13120411	2.03e-146	523	KN006_v1
AL2G20030	scaffold_2_RagTag	87.559	426	29	14	1208	1617	12430381	12430798	7.47e-131	472	KN006_v1
AL2G20030	scaffold_2_RagTag	87.383	428	30	12	1208	1620	13430980	13430562	2.69e-130	470	KN006_v1
AL2G20030	scaffold_2_RagTag	85.814	430	31	13	1208	1617	13128262	13128681	4.56e-118	429	KN006_v1
AL2G20030	scaffold_2_RagTag	90.096	313	28	3	4188	4500	268934	269243	2.76e-110	403	KN006_v1
AL2G20030	scaffold_2_RagTag	89.776	313	29	3	4188	4500	5014949	5014640	1.29e-108	398	KN006_v1
AL2G20030	scaffold_2_RagTag	88.323	334	34	3	2752	3082	20448143	20447812	4.63e-108	396	KN006_v1
AL2G20030	scaffold_2_RagTag	87.644	348	32	6	2753	3089	17689594	17689941	1.66e-107	394	KN006_v1
AL2G20030	scaffold_2_RagTag	87.977	341	30	6	2753	3082	14980638	14980978	5.98e-107	392	KN006_v1
AL2G20030	scaffold_2_RagTag	87.977	341	30	7	2753	3082	17433242	17433582	5.98e-107	392	KN006_v1
AL2G20030	scaffold_2_RagTag	87.5	344	32	6	2753	3085	19421953	19421610	2.78e-105	387	KN006_v1
AL2G20030	scaffold_2_RagTag	87.647	340	31	8	2754	3082	21004647	21004308	1e-104	385	KN006_v1
AL2G20030	scaffold_2_RagTag	86.723	354	34	8	2756	3096	3388917	3388564	1.3e-103	381	KN006_v1
AL2G20030	scaffold_2_RagTag	86.857	350	35	6	2753	3091	8186634	8186983	1.3e-103	381	KN006_v1
AL2G20030	scaffold_2_RagTag	86.648	352	36	6	2753	3093	12883967	12884318	4.66e-103	379	KN006_v1
AL2G20030	scaffold_2_RagTag	86.648	352	36	6	2753	3093	23856199	23856550	4.66e-103	379	KN006_v1
AL2G20030	scaffold_2_RagTag	86.61	351	36	6	2753	3092	18063124	18062774	1.68e-102	377	KN006_v1
AL2G20030	scaffold_2_RagTag	87.097	341	33	6	2753	3082	4442802	4443142	6.03e-102	375	KN006_v1
AL2G20030	scaffold_2_RagTag	87.021	339	33	6	2753	3080	8748935	8749273	7.79e-101	372	KN006_v1
AL2G20030	scaffold_2_RagTag	86.455	347	36	6	2753	3088	17993912	17993566	2.8e-100	370	KN006_v1
AL2G20030	scaffold_2_RagTag	86.527	334	32	6	2763	3083	20027431	20027764	7.85e-96	355	KN006_v1
AL2G20030	scaffold_2_RagTag	87.459	303	26	8	2753	3044	22774742	22774441	7.91e-91	339	KN006_v1
AL2G20030	scaffold_2_RagTag	81.579	456	40	25	53	491	13119023	13119451	2.84e-90	337	KN006_v1
AL2G20030	scaffold_2_RagTag	84.527	349	43	10	4158	4500	17731936	17732279	1.02e-89	335	KN006_v1
AL2G20030	scaffold_2_RagTag	91.556	225	17	2	4277	4500	4591185	4590962	6.2e-82	309	KN006_v1
AL2G20030	scaffold_2_RagTag	86.007	293	36	5	161	451	13127404	13127693	6.2e-82	309	KN006_v1
AL2G20030	scaffold_2_RagTag	84.887	311	35	10	4195	4500	269245	268942	2.88e-80	303	KN006_v1
AL2G20030	scaffold_2_RagTag	84.713	314	36	10	4192	4500	5014635	5014941	2.88e-80	303	KN006_v1
AL2G20030	scaffold_2_RagTag	85	300	34	9	4192	4487	12865400	12865692	1.74e-77	294	KN006_v1
AL2G20030	scaffold_2_RagTag	85.05	301	32	11	4195	4490	17732197	17731905	1.74e-77	294	KN006_v1
AL2G20030	scaffold_2_RagTag	88.353	249	23	4	3320	3562	20163892	20164140	1.74e-77	294	KN006_v1
AL2G20030	scaffold_2_RagTag	88.938	226	20	5	4278	4500	3749293	3749070	2.26e-71	274	KN006_v1
AL2G20030	scaffold_2_RagTag	88.938	226	20	5	4278	4500	8122111	8121888	2.26e-71	274	KN006_v1
AL2G20030	scaffold_2_RagTag	83.062	307	40	10	4201	4500	8121808	8122109	1.05e-69	268	KN006_v1
AL2G20030	scaffold_2_RagTag	84.286	280	36	7	4183	4459	3749056	3749330	3.78e-69	267	KN006_v1
AL2G20030	scaffold_2_RagTag	84.286	280	36	7	4183	4459	8121874	8122148	3.78e-69	267	KN006_v1
AL2G20030	scaffold_2_RagTag	83.618	293	38	9	4171	4459	13202186	13201900	3.78e-69	267	KN006_v1
AL2G20030	scaffold_2_RagTag	82.166	314	47	9	4192	4500	3748982	3749291	1.76e-67	261	KN006_v1
AL2G20030	scaffold_2_RagTag	83.276	293	39	9	4171	4459	13142438	13142152	1.76e-67	261	KN006_v1
AL2G20030	scaffold_2_RagTag	84.074	270	33	8	4158	4422	269202	268938	1.06e-64	252	KN006_v1
AL2G20030	scaffold_2_RagTag	84.074	270	33	9	4158	4422	5014681	5014945	1.06e-64	252	KN006_v1
AL2G20030	scaffold_2_RagTag	82.085	307	43	11	4158	4459	12865446	12865745	1.06e-64	252	KN006_v1
AL2G20030	scaffold_2_RagTag	82.524	309	31	13	4183	4487	4591031	4591320	3.81e-64	250	KN006_v1
AL2G20030	scaffold_2_RagTag	83.154	279	39	8	4158	4432	17732154	17731880	1.37e-63	248	KN006_v1
AL2G20030	scaffold_2_RagTag	83.704	270	35	8	4158	4423	12865664	12865400	4.93e-63	246	KN006_v1
AL2G20030	scaffold_2_RagTag	82.55	298	32	14	4207	4500	13202220	13201939	1.77e-62	244	KN006_v1
AL2G20030	scaffold_2_RagTag	86.404	228	23	8	4277	4500	5014944	5014721	6.38e-62	243	KN006_v1
AL2G20030	scaffold_2_RagTag	82.653	294	32	13	4207	4497	13142472	13142195	6.38e-62	243	KN006_v1
AL2G20030	scaffold_2_RagTag	83.459	266	35	8	4239	4500	13201900	13202160	8.25e-61	239	KN006_v1
AL2G20030	scaffold_2_RagTag	85.965	228	24	8	4277	4500	268939	269162	2.97e-60	237	KN006_v1
AL2G20030	scaffold_2_RagTag	90.503	179	15	2	2904	3082	15159750	15159574	1.07e-59	235	KN006_v1
AL2G20030	scaffold_2_RagTag	77.861	402	74	7	3871	4260	21802244	21801846	1.07e-59	235	KN006_v1
AL2G20030	scaffold_2_RagTag	83.083	266	36	8	4239	4500	13142152	13142412	3.84e-59	233	KN006_v1
AL2G20030	scaffold_2_RagTag	85.463	227	25	8	4278	4500	12865708	12865486	4.96e-58	230	KN006_v1
AL2G20030	scaffold_2_RagTag	82.246	276	37	11	4154	4423	17732015	17732284	1.79e-57	228	KN006_v1
AL2G20030	scaffold_2_RagTag	86.916	214	10	10	1208	1403	13272350	13272563	2.31e-56	224	KN006_v1
AL2G20030	scaffold_2_RagTag	84.052	232	30	6	4195	4423	4591184	4590957	3.86e-54	217	KN006_v1
AL2G20030	scaffold_2_RagTag	83.691	233	30	7	4195	4423	8122028	8121800	5e-53	213	KN006_v1
AL2G20030	scaffold_2_RagTag	83.262	233	31	7	4195	4423	3749210	3748982	2.33e-51	207	KN006_v1
AL2G20030	scaffold_2_RagTag	79.672	305	42	17	4158	4459	4591086	4591373	1.08e-49	202	KN006_v1
AL2G20030	scaffold_2_RagTag	98.113	106	2	0	737	842	12383065	12382960	1.09e-44	185	KN006_v1
AL2G20030	scaffold_2_RagTag	81.013	237	34	10	4192	4423	4590957	4591187	1.82e-42	178	KN006_v1
AL2G20030	scaffold_2_RagTag	82.569	218	18	8	4195	4409	13142272	13142472	2.36e-41	174	KN006_v1
AL2G20030	scaffold_2_RagTag	80.233	258	27	12	4158	4409	13201981	13202220	8.48e-41	172	KN006_v1
AL2G20030	scaffold_2_RagTag	83.333	186	26	4	4158	4340	269121	268938	3.95e-39	167	KN006_v1
AL2G20030	scaffold_2_RagTag	83.333	186	26	5	4158	4340	5014762	5014945	3.95e-39	167	KN006_v1
AL2G20030	scaffold_2_RagTag	81.057	227	23	11	4278	4500	4591336	4591126	5.11e-38	163	KN006_v1
AL2G20030	scaffold_2_RagTag	80.357	224	36	6	4158	4377	13202119	13201900	5.11e-38	163	KN006_v1
AL2G20030	scaffold_2_RagTag	79.911	224	37	6	4158	4377	13142371	13142152	2.38e-36	158	KN006_v1
AL2G20030	scaffold_2_RagTag	80.978	184	30	5	4158	4338	12865527	12865708	2.39e-31	141	KN006_v1
AL2G20030	scaffold_2_RagTag	80.645	186	29	6	4158	4340	12865582	12865401	3.1e-30	137	KN006_v1
AL2G20030	scaffold_2_RagTag	86.4	125	17	0	2873	2997	13654185	13654309	3.1e-30	137	KN006_v1
AL2G20030	scaffold_2_RagTag	82.993	147	16	8	4359	4500	268939	269081	2.41e-26	124	KN006_v1
AL2G20030	scaffold_2_RagTag	82.993	147	16	8	4359	4500	5014944	5014802	2.41e-26	124	KN006_v1
AL2G20030	scaffold_2_RagTag	79.381	194	27	12	4154	4340	17732096	17732283	2.41e-26	124	KN006_v1
AL2G20030	scaffold_2_RagTag	83.916	143	8	8	1208	1342	13191993	13192128	8.67e-26	122	KN006_v1
AL2G20030	scaffold_2_RagTag	83.916	143	6	8	1078	1211	13192125	13192259	3.12e-25	121	KN006_v1
AL2G20030	scaffold_2_RagTag	78.756	193	29	11	4154	4340	4591144	4590958	1.12e-24	119	KN006_v1
AL2G20030	scaffold_2_RagTag	82.517	143	8	8	1208	1342	13139084	13139217	6.75e-22	110	KN006_v1
AL2G20030	scaffold_2_RagTag	80.822	146	19	8	4360	4500	12865708	12865567	8.73e-21	106	KN006_v1
AL2G20030	scaffold_2_RagTag	85.577	104	11	3	31	131	13127206	13127308	8.73e-21	106	KN006_v1
AL2G20030	scaffold_2_RagTag	94.34	53	3	0	1568	1620	13430438	13430386	1.47e-13	82.4	KN006_v1
AL2G20030	scaffold_2_RagTag	94.231	52	3	0	1569	1620	13430525	13430474	5.29e-13	80.5	KN006_v1
AL2G20030	scaffold_2_RagTag	97.561	41	1	0	1570	1610	13120430	13120470	3.18e-10	71.3	KN006_v1
AL2G20030	scaffold_2_RagTag	95.122	41	2	0	1570	1610	13430392	13430352	1.48e-08	65.8	KN006_v1
AL2G20030	scaffold_2_RagTag	93.023	43	3	0	3523	3565	16276921	16276963	5.33e-08	63.9	KN006_v1
AL2G20030	scaffold_6_RagTag	97.871	1174	19	5	2605	3773	13610966	13609794	0	2025	KN006_v1
AL2G20030	scaffold_6_RagTag	95.879	1189	27	1	1	1189	13521709	13520543	0	1905	KN006_v1
AL2G20030	scaffold_6_RagTag	92.379	643	36	4	3869	4500	11205432	11204792	0	904	KN006_v1
AL2G20030	scaffold_6_RagTag	92.224	643	37	4	3869	4500	9767166	9766526	0	898	KN006_v1
AL2G20030	scaffold_6_RagTag	92.068	643	38	4	3869	4500	23114778	23114138	0	893	KN006_v1
AL2G20030	scaffold_6_RagTag	91.446	643	42	4	3869	4500	24209158	24208518	0	870	KN006_v1
AL2G20030	scaffold_6_RagTag	93.497	569	20	7	3869	4423	14221473	14222038	0	830	KN006_v1
AL2G20030	scaffold_6_RagTag	86.189	572	44	18	3869	4423	6219965	6219412	2.56e-165	586	KN006_v1
AL2G20030	scaffold_6_RagTag	86.874	419	31	14	1208	1620	13520654	13520254	1.26e-123	448	KN006_v1
AL2G20030	scaffold_6_RagTag	91.693	313	23	3	4188	4500	6219726	6219417	1.27e-118	431	KN006_v1
AL2G20030	scaffold_6_RagTag	87.714	350	32	6	2753	3091	8454837	8454488	1.29e-108	398	KN006_v1
AL2G20030	scaffold_6_RagTag	87.714	350	32	6	2753	3091	14597341	14597690	1.29e-108	398	KN006_v1
AL2G20030	scaffold_6_RagTag	87.5	344	32	6	2753	3085	2664034	2663691	2.78e-105	387	KN006_v1
AL2G20030	scaffold_6_RagTag	87.683	341	29	10	2754	3082	4928537	4928198	1e-104	385	KN006_v1
AL2G20030	scaffold_6_RagTag	87.106	349	34	6	2753	3090	5984505	5984853	1e-104	385	KN006_v1
AL2G20030	scaffold_6_RagTag	86.555	357	36	7	2753	3097	22245750	22245394	3.6e-104	383	KN006_v1
AL2G20030	scaffold_6_RagTag	87.39	341	32	6	2753	3082	4416664	4417004	1.3e-103	381	KN006_v1
AL2G20030	scaffold_6_RagTag	86.517	356	36	7	2753	3096	8354952	8354597	1.3e-103	381	KN006_v1
AL2G20030	scaffold_6_RagTag	86.648	352	36	6	2753	3093	5082859	5082508	4.66e-103	379	KN006_v1
AL2G20030	scaffold_6_RagTag	87.463	335	31	8	2753	3076	18678433	18678099	6.03e-102	375	KN006_v1
AL2G20030	scaffold_6_RagTag	86.158	354	38	6	2753	3095	5515680	5516033	7.79e-101	372	KN006_v1
AL2G20030	scaffold_6_RagTag	86.494	348	36	6	2753	3089	20300469	20300816	7.79e-101	372	KN006_v1
AL2G20030	scaffold_6_RagTag	86.55	342	33	7	2754	3082	12904868	12904527	1.3e-98	364	KN006_v1
AL2G20030	scaffold_6_RagTag	86.607	336	34	6	2753	3077	6062805	6062470	1.69e-97	361	KN006_v1
AL2G20030	scaffold_6_RagTag	85.879	347	39	9	4158	4500	11205051	11204711	1.69e-97	361	KN006_v1
AL2G20030	scaffold_6_RagTag	85.079	315	33	12	4192	4500	6219412	6219718	6.2e-82	309	KN006_v1
AL2G20030	scaffold_6_RagTag	83.383	337	40	14	4158	4487	11204752	11205079	1.34e-78	298	KN006_v1
AL2G20030	scaffold_6_RagTag	85	300	34	9	4192	4487	9766521	9766813	1.74e-77	294	KN006_v1
AL2G20030	scaffold_6_RagTag	84.667	300	35	9	4192	4487	23114133	23114425	8.08e-76	289	KN006_v1
AL2G20030	scaffold_6_RagTag	84.718	301	33	11	4192	4487	24208513	24208805	8.08e-76	289	KN006_v1
AL2G20030	scaffold_6_RagTag	89.778	225	17	5	3319	3537	4610542	4610318	3.76e-74	283	KN006_v1
AL2G20030	scaffold_6_RagTag	84.444	270	32	9	4158	4422	6219458	6219722	2.28e-66	257	KN006_v1
AL2G20030	scaffold_6_RagTag	87.281	228	21	8	4277	4500	6219721	6219498	2.95e-65	254	KN006_v1
AL2G20030	scaffold_6_RagTag	82.085	307	43	11	4158	4459	9766567	9766866	1.06e-64	252	KN006_v1
AL2G20030	scaffold_6_RagTag	82.132	319	33	21	4192	4500	11204706	11205010	1.06e-64	252	KN006_v1
AL2G20030	scaffold_6_RagTag	84.074	270	33	9	4158	4423	11204969	11204706	1.06e-64	252	KN006_v1
AL2G20030	scaffold_6_RagTag	82.085	307	43	11	4158	4459	11204833	11205132	1.06e-64	252	KN006_v1
AL2G20030	scaffold_6_RagTag	77.578	446	78	12	3869	4296	5575077	5575518	3.81e-64	250	KN006_v1
AL2G20030	scaffold_6_RagTag	83.704	270	35	8	4158	4423	9766785	9766521	4.93e-63	246	KN006_v1
AL2G20030	scaffold_6_RagTag	81.759	307	44	11	4158	4459	23114179	23114478	4.93e-63	246	KN006_v1
AL2G20030	scaffold_6_RagTag	83.643	269	34	9	4195	4459	14222035	14221773	1.77e-62	244	KN006_v1
AL2G20030	scaffold_6_RagTag	86.147	231	25	6	4195	4423	24208738	24208513	6.38e-62	243	KN006_v1
AL2G20030	scaffold_6_RagTag	83.333	270	36	8	4158	4423	23114397	23114133	2.29e-61	241	KN006_v1
AL2G20030	scaffold_6_RagTag	82.796	279	38	9	4158	4431	24208559	24208832	2.29e-61	241	KN006_v1
AL2G20030	scaffold_6_RagTag	86.344	227	23	8	4278	4500	24208821	24208599	2.29e-61	241	KN006_v1
AL2G20030	scaffold_6_RagTag	89.005	191	21	0	2892	3082	5984304	5984114	2.97e-60	237	KN006_v1
AL2G20030	scaffold_6_RagTag	85.903	227	24	8	4278	4500	11205095	11204873	1.07e-59	235	KN006_v1
AL2G20030	scaffold_6_RagTag	85.965	228	23	7	4278	4500	14221810	14222033	1.07e-59	235	KN006_v1
AL2G20030	scaffold_6_RagTag	85.463	227	25	8	4278	4500	9766829	9766607	4.96e-58	230	KN006_v1
AL2G20030	scaffold_6_RagTag	85.022	227	26	8	4278	4500	23114441	23114219	2.31e-56	224	KN006_v1
AL2G20030	scaffold_6_RagTag	91.139	158	14	0	2934	3091	5984851	5985008	1.39e-53	215	KN006_v1
AL2G20030	scaffold_6_RagTag	82.609	230	29	9	4277	4500	14222036	14221812	6.51e-47	193	KN006_v1
AL2G20030	scaffold_6_RagTag	87.417	151	17	2	4189	4338	14221959	14221810	8.48e-41	172	KN006_v1
AL2G20030	scaffold_6_RagTag	82.258	186	28	5	4158	4340	6219539	6219722	8.55e-36	156	KN006_v1
AL2G20030	scaffold_6_RagTag	81.152	191	26	9	4154	4340	6219597	6219413	1.85e-32	145	KN006_v1
AL2G20030	scaffold_6_RagTag	81.152	191	26	9	4154	4340	24208698	24208514	1.85e-32	145	KN006_v1
AL2G20030	scaffold_6_RagTag	81.383	188	24	10	4158	4340	11204888	11204707	6.65e-32	143	KN006_v1
AL2G20030	scaffold_6_RagTag	80.978	184	30	5	4158	4338	9766648	9766829	2.39e-31	141	KN006_v1
AL2G20030	scaffold_6_RagTag	80.978	184	30	5	4158	4338	11204914	11205095	2.39e-31	141	KN006_v1
AL2G20030	scaffold_6_RagTag	80.645	186	29	6	4158	4340	9766703	9766522	3.1e-30	137	KN006_v1
AL2G20030	scaffold_6_RagTag	80.645	186	29	6	4158	4340	23114315	23114134	3.1e-30	137	KN006_v1
AL2G20030	scaffold_6_RagTag	80.435	184	31	5	4158	4338	23114260	23114441	1.11e-29	135	KN006_v1
AL2G20030	scaffold_6_RagTag	84.138	145	16	6	4360	4500	14221810	14221951	4e-29	134	KN006_v1
AL2G20030	scaffold_6_RagTag	82.313	147	17	8	4359	4500	6219721	6219579	1.12e-24	119	KN006_v1
AL2G20030	scaffold_6_RagTag	82	150	18	7	4195	4340	14221893	14222037	1.12e-24	119	KN006_v1
AL2G20030	scaffold_6_RagTag	80.822	146	19	8	4360	4500	9766829	9766688	8.73e-21	106	KN006_v1
AL2G20030	scaffold_6_RagTag	80.822	146	19	8	4360	4500	11205095	11204954	8.73e-21	106	KN006_v1
AL2G20030	scaffold_6_RagTag	80.137	146	20	8	4360	4500	23114441	23114300	4.06e-19	100	KN006_v1
AL2G20030	scaffold_6_RagTag	96.97	33	1	0	3530	3562	4609732	4609700	8.92e-06	56.5	KN006_v1
AL2G20030	scaffold_8_RagTag	94.207	656	15	6	1903	2554	272044	271408	0	979	KN006_v1
AL2G20030	scaffold_8_RagTag	91.757	643	40	4	3869	4500	16627499	16626859	0	881	KN006_v1
AL2G20030	scaffold_8_RagTag	90.543	645	44	7	3869	4500	18916048	18916688	0	837	KN006_v1
AL2G20030	scaffold_8_RagTag	93.122	567	26	4	3869	4423	13989275	13989840	0	819	KN006_v1
AL2G20030	scaffold_8_RagTag	91.304	483	31	2	3869	4340	3343350	3342868	0	649	KN006_v1
AL2G20030	scaffold_8_RagTag	86.988	561	49	16	3869	4423	719146	718604	1.52e-172	610	KN006_v1
AL2G20030	scaffold_8_RagTag	89.776	313	29	3	4188	4500	718918	718609	1.29e-108	398	KN006_v1
AL2G20030	scaffold_8_RagTag	87.608	347	32	6	2755	3090	5220326	5219980	5.98e-107	392	KN006_v1
AL2G20030	scaffold_8_RagTag	88.554	332	27	6	2771	3091	16587116	16586785	5.98e-107	392	KN006_v1
AL2G20030	scaffold_8_RagTag	87.216	352	34	6	2753	3093	150110	149759	2.15e-106	390	KN006_v1
AL2G20030	scaffold_8_RagTag	87.216	352	33	7	2755	3094	11201643	11201292	2.15e-106	390	KN006_v1
AL2G20030	scaffold_8_RagTag	87.39	341	31	7	2761	3089	9218872	9219212	1.3e-103	381	KN006_v1
AL2G20030	scaffold_8_RagTag	86.857	350	35	6	2753	3091	12465936	12465587	1.3e-103	381	KN006_v1
AL2G20030	scaffold_8_RagTag	86.571	350	36	6	2753	3091	3587935	3588284	6.03e-102	375	KN006_v1
AL2G20030	scaffold_8_RagTag	86.08	352	38	6	2753	3093	2854696	2855047	1.01e-99	368	KN006_v1
AL2G20030	scaffold_8_RagTag	86.726	339	33	7	2770	3096	18255228	18254890	3.63e-99	366	KN006_v1
AL2G20030	scaffold_8_RagTag	94.787	211	7	2	3563	3773	271090	270884	6.15e-87	326	KN006_v1
AL2G20030	scaffold_8_RagTag	84.713	314	36	10	4192	4500	718604	718910	2.88e-80	303	KN006_v1
AL2G20030	scaffold_8_RagTag	85.382	301	31	11	4192	4487	16626854	16627146	3.73e-79	300	KN006_v1
AL2G20030	scaffold_8_RagTag	84.014	294	31	7	2800	3077	5407804	5407511	1.05e-69	268	KN006_v1
AL2G20030	scaffold_8_RagTag	87.19	242	23	5	2852	3085	19367858	19367617	1.05e-69	268	KN006_v1
AL2G20030	scaffold_8_RagTag	88.053	226	22	5	4278	4500	13989612	13989835	4.89e-68	263	KN006_v1
AL2G20030	scaffold_8_RagTag	82.736	307	41	11	4158	4459	16626900	16627199	4.89e-68	263	KN006_v1
AL2G20030	scaffold_8_RagTag	84.758	269	31	9	4195	4459	13989837	13989575	1.76e-67	261	KN006_v1
AL2G20030	scaffold_8_RagTag	82.781	302	37	13	4195	4490	18916690	18916398	8.19e-66	255	KN006_v1
AL2G20030	scaffold_8_RagTag	84.074	270	33	9	4158	4422	718650	718914	1.06e-64	252	KN006_v1
AL2G20030	scaffold_8_RagTag	84.074	270	34	8	4158	4423	16627118	16626854	1.06e-64	252	KN006_v1
AL2G20030	scaffold_8_RagTag	82.085	307	43	11	4158	4459	18916647	18916348	1.06e-64	252	KN006_v1
AL2G20030	scaffold_8_RagTag	87.225	227	21	8	4278	4500	18916385	18916607	1.06e-64	252	KN006_v1
AL2G20030	scaffold_8_RagTag	86.404	228	23	8	4277	4500	718913	718690	6.38e-62	243	KN006_v1
AL2G20030	scaffold_8_RagTag	85.903	227	24	8	4278	4500	16627162	16626940	1.07e-59	235	KN006_v1
AL2G20030	scaffold_8_RagTag	81.618	272	37	11	4158	4423	18916429	18916693	5e-53	213	KN006_v1
AL2G20030	scaffold_8_RagTag	84.052	232	15	5	3087	3318	271292	271083	3.01e-50	204	KN006_v1
AL2G20030	scaffold_8_RagTag	83.562	219	26	8	4277	4490	13989838	13989625	5.03e-48	196	KN006_v1
AL2G20030	scaffold_8_RagTag	84.783	184	24	4	4158	4338	13989794	13989612	1.41e-43	182	KN006_v1
AL2G20030	scaffold_8_RagTag	83.333	186	26	5	4158	4340	718731	718914	3.95e-39	167	KN006_v1
AL2G20030	scaffold_8_RagTag	94.118	102	5	1	2652	2752	271393	271292	3.07e-35	154	KN006_v1
AL2G20030	scaffold_8_RagTag	82.065	184	28	5	4158	4338	16626981	16627162	1.11e-34	152	KN006_v1
AL2G20030	scaffold_8_RagTag	82.065	184	28	5	4158	4338	18916566	18916385	1.11e-34	152	KN006_v1
AL2G20030	scaffold_8_RagTag	82.609	161	20	7	4344	4500	18916707	18916551	1.11e-29	135	KN006_v1
AL2G20030	scaffold_8_RagTag	84.247	146	14	7	4360	4500	13989612	13989753	4e-29	134	KN006_v1
AL2G20030	scaffold_8_RagTag	80.319	188	28	8	4158	4340	13989656	13989839	4e-29	134	KN006_v1
AL2G20030	scaffold_8_RagTag	82.993	147	16	8	4359	4500	718913	718771	2.41e-26	124	KN006_v1
AL2G20030	scaffold_8_RagTag	82.192	146	17	8	4360	4500	16627162	16627021	4.03e-24	117	KN006_v1
AL2G20030	scaffold_8_RagTag	81.507	146	18	8	4360	4500	18916385	18916526	1.88e-22	111	KN006_v1
AL2G20030	scaffold_8_RagTag	85.849	106	11	4	4158	4261	18916592	18916695	6.75e-22	110	KN006_v1
AL2G20030	scaffold_8_RagTag	91.026	78	5	2	4425	4500	18916709	18916632	3.14e-20	104	KN006_v1
AL2G20030	scaffold_8_RagTag	97.872	47	1	0	1845	1891	273300	273254	1.47e-13	82.4	KN006_v1
AL2G20030	scaffold_7_RagTag	93.944	644	28	2	3868	4500	17003277	17003920	0	963	KN006_v1
AL2G20030	scaffold_7_RagTag	93.634	644	29	3	3869	4500	22298900	22298257	0	952	KN006_v1
AL2G20030	scaffold_7_RagTag	93.624	643	30	2	3869	4500	10871736	10872378	0	950	KN006_v1
AL2G20030	scaffold_7_RagTag	92.857	644	23	3	3868	4500	16243790	16244421	0	913	KN006_v1
AL2G20030	scaffold_7_RagTag	92.857	644	23	3	3868	4500	16779203	16779834	0	913	KN006_v1
AL2G20030	scaffold_7_RagTag	92.236	644	37	4	3869	4500	18381821	18382463	0	900	KN006_v1
AL2G20030	scaffold_7_RagTag	92.224	643	37	4	3869	4500	1256682	1257322	0	898	KN006_v1
AL2G20030	scaffold_7_RagTag	92.224	643	28	3	3869	4500	10429617	10428986	0	891	KN006_v1
AL2G20030	scaffold_7_RagTag	91.615	644	39	6	3869	4500	23133477	23134117	0	876	KN006_v1
AL2G20030	scaffold_7_RagTag	90.698	645	43	7	3869	4500	25392890	25392250	0	843	KN006_v1
AL2G20030	scaffold_7_RagTag	90.462	650	45	7	3864	4500	10731152	10731797	0	841	KN006_v1
AL2G20030	scaffold_7_RagTag	85.664	572	47	18	3869	4423	6875249	6874696	2.58e-160	569	KN006_v1
AL2G20030	scaffold_7_RagTag	88.506	348	29	8	2753	3089	24611285	24610938	1.65e-112	411	KN006_v1
AL2G20030	scaffold_7_RagTag	90.096	313	28	3	4188	4500	6875010	6874701	2.76e-110	403	KN006_v1
AL2G20030	scaffold_7_RagTag	87.683	341	31	6	2753	3082	11956446	11956786	2.78e-105	387	KN006_v1
AL2G20030	scaffold_7_RagTag	86.819	349	35	6	2756	3093	3630764	3630416	4.66e-103	379	KN006_v1
AL2G20030	scaffold_7_RagTag	86.919	344	34	5	2753	3085	2069689	2069346	6.03e-102	375	KN006_v1
AL2G20030	scaffold_7_RagTag	87.097	341	33	6	2753	3082	15158150	15158490	6.03e-102	375	KN006_v1
AL2G20030	scaffold_7_RagTag	87.097	341	33	6	2753	3082	18159129	18159469	6.03e-102	375	KN006_v1
AL2G20030	scaffold_7_RagTag	86.744	347	35	7	2753	3088	25150269	25149923	6.03e-102	375	KN006_v1
AL2G20030	scaffold_7_RagTag	86.628	344	35	6	2753	3085	3333797	3333454	2.8e-100	370	KN006_v1
AL2G20030	scaffold_7_RagTag	86.804	341	34	6	2753	3082	8389362	8389702	2.8e-100	370	KN006_v1
AL2G20030	scaffold_7_RagTag	86.217	341	36	7	2753	3082	22703526	22703866	6.07e-97	359	KN006_v1
AL2G20030	scaffold_7_RagTag	91.935	248	16	2	3319	3562	25101472	25101225	1.7e-92	344	KN006_v1
AL2G20030	scaffold_7_RagTag	85.546	339	33	9	2753	3082	17402564	17402895	2.2e-91	340	KN006_v1
AL2G20030	scaffold_7_RagTag	84.241	349	41	12	4158	4500	23133858	23134198	1.71e-87	327	KN006_v1
AL2G20030	scaffold_7_RagTag	85.276	326	36	7	2753	3066	18411563	18411238	6.15e-87	326	KN006_v1
AL2G20030	scaffold_7_RagTag	85.987	314	31	7	2754	3055	13900462	13900774	2.21e-86	324	KN006_v1
AL2G20030	scaffold_7_RagTag	85.987	314	31	7	2754	3055	13900942	13901254	2.21e-86	324	KN006_v1
AL2G20030	scaffold_7_RagTag	85.256	312	34	10	4195	4500	17003922	17003617	1.72e-82	311	KN006_v1
AL2G20030	scaffold_7_RagTag	85.39	308	34	9	4195	4497	16244423	16244122	6.2e-82	309	KN006_v1
AL2G20030	scaffold_7_RagTag	85.39	308	34	9	4195	4497	16779836	16779535	6.2e-82	309	KN006_v1
AL2G20030	scaffold_7_RagTag	84.984	313	33	12	4195	4500	10872380	10872075	8.02e-81	305	KN006_v1
AL2G20030	scaffold_7_RagTag	84.713	314	36	10	4192	4500	6874696	6875002	2.88e-80	303	KN006_v1
AL2G20030	scaffold_7_RagTag	84.762	315	35	11	4192	4500	10428982	10429289	2.88e-80	303	KN006_v1
AL2G20030	scaffold_7_RagTag	83.284	335	44	9	2754	3082	11548869	11549197	1.34e-78	298	KN006_v1
AL2G20030	scaffold_7_RagTag	85	300	34	9	4195	4490	1257324	1257032	1.74e-77	294	KN006_v1
AL2G20030	scaffold_7_RagTag	83.713	307	40	9	4158	4459	10429027	10429328	1.35e-73	281	KN006_v1
AL2G20030	scaffold_7_RagTag	89.381	226	19	5	4278	4500	10429291	10429068	4.86e-73	279	KN006_v1
AL2G20030	scaffold_7_RagTag	89.381	226	19	5	4278	4500	10872073	10872296	4.86e-73	279	KN006_v1
AL2G20030	scaffold_7_RagTag	82.164	342	41	18	4158	4490	23134157	23133827	6.29e-72	276	KN006_v1
AL2G20030	scaffold_7_RagTag	88.938	226	20	5	4278	4500	22298563	22298340	2.26e-71	274	KN006_v1
AL2G20030	scaffold_7_RagTag	82.911	316	41	11	4192	4500	22298252	22298561	8.13e-71	272	KN006_v1
AL2G20030	scaffold_7_RagTag	84.643	280	35	7	4183	4459	22298326	22298600	8.13e-71	272	KN006_v1
AL2G20030	scaffold_7_RagTag	83.062	307	42	9	4158	4459	10872337	10872036	2.92e-70	270	KN006_v1
AL2G20030	scaffold_7_RagTag	82.68	306	45	8	4158	4459	17003879	17003578	1.36e-68	265	KN006_v1
AL2G20030	scaffold_7_RagTag	83.113	302	38	11	4195	4490	18382465	18382171	4.89e-68	263	KN006_v1
AL2G20030	scaffold_7_RagTag	82.781	302	37	13	4195	4490	10731799	10731507	8.19e-66	255	KN006_v1
AL2G20030	scaffold_7_RagTag	84.674	261	35	5	4158	4415	16244380	16244122	8.19e-66	255	KN006_v1
AL2G20030	scaffold_7_RagTag	87.069	232	23	6	4195	4423	16244199	16244426	8.19e-66	255	KN006_v1
AL2G20030	scaffold_7_RagTag	84.674	261	35	5	4158	4415	16779793	16779535	8.19e-66	255	KN006_v1
AL2G20030	scaffold_7_RagTag	87.069	232	23	6	4195	4423	16779612	16779839	8.19e-66	255	KN006_v1
AL2G20030	scaffold_7_RagTag	87.069	232	23	6	4195	4423	17003698	17003925	8.19e-66	255	KN006_v1
AL2G20030	scaffold_7_RagTag	82.781	302	37	13	4192	4487	25392245	25392537	8.19e-66	255	KN006_v1
AL2G20030	scaffold_7_RagTag	82.085	307	43	11	4158	4459	1257281	1256982	1.06e-64	252	KN006_v1
AL2G20030	scaffold_7_RagTag	82.085	307	43	11	4158	4459	10731756	10731457	1.06e-64	252	KN006_v1
AL2G20030	scaffold_7_RagTag	87.225	227	21	8	4278	4500	10731494	10731716	1.06e-64	252	KN006_v1
AL2G20030	scaffold_7_RagTag	82.085	307	43	11	4158	4459	25392291	25392590	1.06e-64	252	KN006_v1
AL2G20030	scaffold_7_RagTag	87.225	227	21	8	4278	4500	25392553	25392331	1.06e-64	252	KN006_v1
AL2G20030	scaffold_7_RagTag	83.955	268	34	8	4195	4459	18382382	18382121	1.37e-63	248	KN006_v1
AL2G20030	scaffold_7_RagTag	83.704	270	35	8	4158	4423	1257063	1257327	4.93e-63	246	KN006_v1
AL2G20030	scaffold_7_RagTag	86.784	227	22	8	4278	4500	18382158	18382380	4.93e-63	246	KN006_v1
AL2G20030	scaffold_7_RagTag	83.271	269	37	7	4158	4422	6874742	6875006	2.29e-61	241	KN006_v1
AL2G20030	scaffold_7_RagTag	86.283	226	26	5	4278	4500	17003615	17003838	2.29e-61	241	KN006_v1
AL2G20030	scaffold_7_RagTag	85.776	232	26	6	4195	4423	10429208	10428981	8.25e-61	239	KN006_v1
AL2G20030	scaffold_7_RagTag	85.776	232	26	6	4195	4423	10872156	10872383	8.25e-61	239	KN006_v1
AL2G20030	scaffold_7_RagTag	86.364	220	26	4	4283	4500	16244122	16244339	2.97e-60	237	KN006_v1
AL2G20030	scaffold_7_RagTag	86.364	220	26	4	4283	4500	16779535	16779752	2.97e-60	237	KN006_v1
AL2G20030	scaffold_7_RagTag	85.532	235	25	8	4192	4423	23133975	23134203	2.97e-60	237	KN006_v1
AL2G20030	scaffold_7_RagTag	81.23	309	42	15	4158	4459	23134076	23133777	1.07e-59	235	KN006_v1
AL2G20030	scaffold_7_RagTag	85.463	227	25	8	4278	4500	1257019	1257241	4.96e-58	230	KN006_v1
AL2G20030	scaffold_7_RagTag	77.59	415	67	12	3869	4260	17037510	17037921	1.79e-57	228	KN006_v1
AL2G20030	scaffold_7_RagTag	85.088	228	26	8	4277	4500	6875005	6874782	6.42e-57	226	KN006_v1
AL2G20030	scaffold_7_RagTag	84.914	232	25	5	3334	3561	13905131	13904906	6.42e-57	226	KN006_v1
AL2G20030	scaffold_7_RagTag	81.919	271	40	8	4158	4423	18382202	18382468	2.99e-55	220	KN006_v1
AL2G20030	scaffold_7_RagTag	87.958	191	18	4	4312	4500	23133849	23134036	2.99e-55	220	KN006_v1
AL2G20030	scaffold_7_RagTag	80.442	317	36	23	4195	4500	23134200	23133899	1.07e-54	219	KN006_v1
AL2G20030	scaffold_7_RagTag	81.618	272	37	11	4158	4423	10731538	10731802	5e-53	213	KN006_v1
AL2G20030	scaffold_7_RagTag	83.691	233	30	7	4195	4423	22298480	22298252	5e-53	213	KN006_v1
AL2G20030	scaffold_7_RagTag	81.618	272	37	11	4158	4423	25392509	25392245	5e-53	213	KN006_v1
AL2G20030	scaffold_7_RagTag	87.952	166	17	1	2899	3064	348627	348465	6.51e-47	193	KN006_v1
AL2G20030	scaffold_7_RagTag	84.239	184	25	4	4158	4338	10429109	10429291	6.56e-42	176	KN006_v1
AL2G20030	scaffold_7_RagTag	84.239	184	25	4	4158	4338	10872255	10872073	6.56e-42	176	KN006_v1
AL2G20030	scaffold_7_RagTag	83.152	184	27	3	4158	4338	17003797	17003615	1.42e-38	165	KN006_v1
AL2G20030	scaffold_7_RagTag	82.796	186	27	4	4158	4340	6874823	6875006	1.84e-37	161	KN006_v1
AL2G20030	scaffold_7_RagTag	83.146	178	27	2	4158	4333	16244298	16244122	6.61e-37	159	KN006_v1
AL2G20030	scaffold_7_RagTag	83.146	178	27	2	4158	4333	16779711	16779535	6.61e-37	159	KN006_v1
AL2G20030	scaffold_7_RagTag	83.051	177	28	2	4158	4333	23133995	23133820	6.61e-37	159	KN006_v1
AL2G20030	scaffold_7_RagTag	82.065	184	28	5	4158	4338	10731675	10731494	1.11e-34	152	KN006_v1
AL2G20030	scaffold_7_RagTag	82.065	184	28	5	4158	4338	25392372	25392553	1.11e-34	152	KN006_v1
AL2G20030	scaffold_7_RagTag	80.978	184	30	5	4158	4338	1257200	1257019	2.39e-31	141	KN006_v1
AL2G20030	scaffold_7_RagTag	80.645	186	29	6	4158	4340	1257145	1257326	3.1e-30	137	KN006_v1
AL2G20030	scaffold_7_RagTag	82.609	161	20	7	4344	4500	10731816	10731660	1.11e-29	135	KN006_v1
AL2G20030	scaffold_7_RagTag	82.609	161	20	7	4344	4500	25392231	25392387	1.11e-29	135	KN006_v1
AL2G20030	scaffold_7_RagTag	84.138	145	16	6	4360	4500	10429291	10429150	4e-29	134	KN006_v1
AL2G20030	scaffold_7_RagTag	84.138	145	16	6	4360	4500	10872073	10872214	4e-29	134	KN006_v1
AL2G20030	scaffold_7_RagTag	80.423	189	26	9	4158	4340	10872199	10872382	4e-29	134	KN006_v1
AL2G20030	scaffold_7_RagTag	80.105	191	27	10	4155	4340	23134018	23134202	1.44e-28	132	KN006_v1
AL2G20030	scaffold_7_RagTag	79.787	188	29	8	4158	4340	10429165	10428982	1.86e-27	128	KN006_v1
AL2G20030	scaffold_7_RagTag	82.313	147	17	8	4359	4500	6875005	6874863	1.12e-24	119	KN006_v1
AL2G20030	scaffold_7_RagTag	78.756	193	29	11	4154	4340	18382281	18382467	1.12e-24	119	KN006_v1
AL2G20030	scaffold_7_RagTag	78.836	189	30	8	4158	4340	22298437	22298253	1.12e-24	119	KN006_v1
AL2G20030	scaffold_7_RagTag	87.879	99	9	1	2996	3091	17811433	17811531	5.22e-23	113	KN006_v1
AL2G20030	scaffold_7_RagTag	81.507	146	18	8	4360	4500	10731494	10731635	1.88e-22	111	KN006_v1
AL2G20030	scaffold_7_RagTag	81.507	146	18	8	4360	4500	25392553	25392412	1.88e-22	111	KN006_v1
AL2G20030	scaffold_7_RagTag	85.849	106	11	4	4158	4261	10731701	10731804	6.75e-22	110	KN006_v1
AL2G20030	scaffold_7_RagTag	85.849	106	11	4	4158	4261	25392346	25392243	6.75e-22	110	KN006_v1
AL2G20030	scaffold_7_RagTag	80.822	146	19	8	4360	4500	1257019	1257160	8.73e-21	106	KN006_v1
AL2G20030	scaffold_7_RagTag	91.026	78	5	2	4425	4500	10731818	10731741	3.14e-20	104	KN006_v1
AL2G20030	scaffold_7_RagTag	91.026	78	5	2	4425	4500	25392229	25392306	3.14e-20	104	KN006_v1
AL2G20030	scaffold_7_RagTag	81.102	127	16	7	4365	4487	23133820	23133942	1.89e-17	95.3	KN006_v1
AL2G20030	scaffold_7_RagTag	100	28	0	0	2752	2779	344135	344108	0.000115	52.8	KN006_v1
AL2G20030	scaffold_5_RagTag	92.236	644	37	4	3869	4500	6802235	6801593	0	900	KN006_v1
AL2G20030	scaffold_5_RagTag	92.224	643	37	4	3869	4500	20074091	20074731	0	898	KN006_v1
AL2G20030	scaffold_5_RagTag	92.068	643	38	3	3869	4500	21591870	21591230	0	893	KN006_v1
AL2G20030	scaffold_5_RagTag	91.913	643	39	4	3869	4500	21311598	21310958	0	887	KN006_v1
AL2G20030	scaffold_5_RagTag	90.867	646	31	11	3869	4500	3583923	3583292	0	841	KN006_v1
AL2G20030	scaffold_5_RagTag	88.857	350	28	8	2753	3091	14270199	14269850	2.74e-115	420	KN006_v1
AL2G20030	scaffold_5_RagTag	88.856	341	27	5	2749	3078	12882372	12882032	5.94e-112	409	KN006_v1
AL2G20030	scaffold_5_RagTag	87.784	352	32	8	2753	3093	7224951	7224600	9.94e-110	401	KN006_v1
AL2G20030	scaffold_5_RagTag	88.27	341	29	6	2753	3082	5463016	5463356	1.29e-108	398	KN006_v1
AL2G20030	scaffold_5_RagTag	88.27	341	29	6	2753	3082	21024662	21025002	1.29e-108	398	KN006_v1
AL2G20030	scaffold_5_RagTag	87.679	349	32	6	2753	3090	14706853	14706505	4.63e-108	396	KN006_v1
AL2G20030	scaffold_5_RagTag	85.33	409	29	15	3869	4261	20918859	20919252	1.66e-107	394	KN006_v1
AL2G20030	scaffold_5_RagTag	87.977	341	30	6	2753	3082	12254484	12254824	5.98e-107	392	KN006_v1
AL2G20030	scaffold_5_RagTag	87.941	340	30	7	2753	3081	17444617	17444956	2.15e-106	390	KN006_v1
AL2G20030	scaffold_5_RagTag	87.5	344	32	6	2753	3085	18331454	18331111	2.78e-105	387	KN006_v1
AL2G20030	scaffold_5_RagTag	87.683	341	31	7	2753	3082	22037031	22037371	2.78e-105	387	KN006_v1
AL2G20030	scaffold_5_RagTag	87.574	338	31	6	2753	3079	13694078	13694415	1.3e-103	381	KN006_v1
AL2G20030	scaffold_5_RagTag	87.135	342	33	6	2758	3088	19299795	19299454	1.68e-102	377	KN006_v1
AL2G20030	scaffold_5_RagTag	86	350	37	7	2753	3091	1414569	1414917	1.3e-98	364	KN006_v1
AL2G20030	scaffold_5_RagTag	85.591	347	40	9	4158	4500	21311217	21310877	7.85e-96	355	KN006_v1
AL2G20030	scaffold_5_RagTag	85.667	300	34	8	4192	4487	3583287	3583581	2.23e-81	307	KN006_v1
AL2G20030	scaffold_5_RagTag	85	300	34	9	4195	4490	20074733	20074441	1.74e-77	294	KN006_v1
AL2G20030	scaffold_5_RagTag	85	300	34	8	4192	4487	21591225	21591517	1.74e-77	294	KN006_v1
AL2G20030	scaffold_5_RagTag	83.036	336	43	12	4158	4487	21310918	21311245	6.24e-77	292	KN006_v1
AL2G20030	scaffold_5_RagTag	84.532	278	38	5	4183	4459	3583361	3583634	2.92e-70	270	KN006_v1
AL2G20030	scaffold_5_RagTag	83.389	301	39	10	4192	4487	6801588	6801882	1.05e-69	268	KN006_v1
AL2G20030	scaffold_5_RagTag	84.758	269	36	5	4158	4423	3583553	3583287	1.36e-68	265	KN006_v1
AL2G20030	scaffold_5_RagTag	82.736	307	41	11	4158	4459	21591271	21591570	4.89e-68	263	KN006_v1
AL2G20030	scaffold_5_RagTag	87.665	227	20	8	4278	4500	6801898	6801676	2.28e-66	257	KN006_v1
AL2G20030	scaffold_5_RagTag	82.085	307	43	11	4158	4459	20074690	20074391	1.06e-64	252	KN006_v1
AL2G20030	scaffold_5_RagTag	82.019	317	37	17	4192	4500	21310872	21311176	1.06e-64	252	KN006_v1
AL2G20030	scaffold_5_RagTag	84.015	269	35	7	4158	4423	21311135	21310872	1.06e-64	252	KN006_v1
AL2G20030	scaffold_5_RagTag	82.143	308	41	13	4158	4459	21310999	21311298	1.06e-64	252	KN006_v1
AL2G20030	scaffold_5_RagTag	77.578	446	78	12	3869	4296	3107813	3107372	3.81e-64	250	KN006_v1
AL2G20030	scaffold_5_RagTag	83.214	280	38	8	4183	4459	6801662	6801935	1.37e-63	248	KN006_v1
AL2G20030	scaffold_5_RagTag	83.704	270	35	8	4158	4423	20074472	20074736	4.93e-63	246	KN006_v1
AL2G20030	scaffold_5_RagTag	83.026	271	35	8	4158	4423	21591489	21591225	1.07e-59	235	KN006_v1
AL2G20030	scaffold_5_RagTag	82.657	271	38	8	4158	4423	6801854	6801588	1.38e-58	231	KN006_v1
AL2G20030	scaffold_5_RagTag	85.463	227	25	8	4278	4500	20074428	20074650	4.96e-58	230	KN006_v1
AL2G20030	scaffold_5_RagTag	85.022	227	26	8	4278	4500	21311261	21311039	2.31e-56	224	KN006_v1
AL2G20030	scaffold_5_RagTag	83.913	230	23	13	4278	4500	3583597	3583375	2.33e-51	207	KN006_v1
AL2G20030	scaffold_5_RagTag	90.196	153	14	1	4188	4340	20919098	20919249	1.4e-48	198	KN006_v1
AL2G20030	scaffold_5_RagTag	85.093	161	18	5	4344	4500	20919264	20919106	6.61e-37	159	KN006_v1
AL2G20030	scaffold_5_RagTag	85.811	148	18	3	4277	4422	20919248	20919102	3.07e-35	154	KN006_v1
AL2G20030	scaffold_5_RagTag	85.714	147	19	2	4195	4340	20919247	20919102	3.07e-35	154	KN006_v1
AL2G20030	scaffold_5_RagTag	81.522	184	29	5	4158	4338	6801717	6801898	5.14e-33	147	KN006_v1
AL2G20030	scaffold_5_RagTag	81.622	185	27	7	4158	4338	21311080	21311261	5.14e-33	147	KN006_v1
AL2G20030	scaffold_5_RagTag	80.978	184	30	5	4158	4338	20074609	20074428	2.39e-31	141	KN006_v1
AL2G20030	scaffold_5_RagTag	84.106	151	17	7	4277	4423	20919103	20919250	8.61e-31	139	KN006_v1
AL2G20030	scaffold_5_RagTag	80.645	186	29	6	4158	4340	20074554	20074735	3.1e-30	137	KN006_v1
AL2G20030	scaffold_5_RagTag	80.749	187	27	8	4158	4340	21311054	21310873	3.1e-30	137	KN006_v1
AL2G20030	scaffold_5_RagTag	80.749	187	27	8	4158	4340	21591407	21591226	3.1e-30	137	KN006_v1
AL2G20030	scaffold_5_RagTag	79.793	193	27	11	4154	4340	3583474	3583288	5.18e-28	130	KN006_v1
AL2G20030	scaffold_5_RagTag	82.993	147	16	8	4359	4500	20919103	20919245	2.41e-26	124	KN006_v1
AL2G20030	scaffold_5_RagTag	78.756	193	29	11	4154	4340	6801775	6801589	1.12e-24	119	KN006_v1
AL2G20030	scaffold_5_RagTag	81.507	146	18	8	4360	4500	6801898	6801757	1.88e-22	111	KN006_v1
AL2G20030	scaffold_5_RagTag	81.633	147	16	10	4360	4500	21311261	21311120	1.88e-22	111	KN006_v1
AL2G20030	scaffold_5_RagTag	80.822	146	19	8	4360	4500	20074428	20074569	8.73e-21	106	KN006_v1
AL2G20030	scaffold_4_RagTag	92.224	643	37	4	3869	4500	22829861	22829221	0	898	KN006_v1
AL2G20030	scaffold_4_RagTag	90.824	643	35	6	3869	4500	13921459	13920830	0	839	KN006_v1
AL2G20030	scaffold_4_RagTag	90.543	645	44	7	3869	4500	3869404	3868764	0	837	KN006_v1
AL2G20030	scaffold_4_RagTag	90.543	645	44	7	3869	4500	18217487	18218127	0	837	KN006_v1
AL2G20030	scaffold_4_RagTag	93.463	566	26	2	3869	4423	10667388	10667953	0	830	KN006_v1
AL2G20030	scaffold_4_RagTag	93.659	552	24	2	3869	4409	1228753	1229304	0	815	KN006_v1
AL2G20030	scaffold_4_RagTag	91.519	566	36	3	3869	4423	14947429	14947993	0	769	KN006_v1
AL2G20030	scaffold_4_RagTag	85.913	575	46	18	3866	4423	24513150	24513706	1.19e-163	580	KN006_v1
AL2G20030	scaffold_4_RagTag	87.675	357	30	9	2753	3096	16215971	16215616	2.76e-110	403	KN006_v1
AL2G20030	scaffold_4_RagTag	90.096	313	28	3	4188	4500	24513392	24513701	2.76e-110	403	KN006_v1
AL2G20030	scaffold_4_RagTag	87.5	344	32	6	2753	3085	5595446	5595103	2.78e-105	387	KN006_v1
AL2G20030	scaffold_4_RagTag	87.5	344	32	6	2753	3085	18245061	18244718	2.78e-105	387	KN006_v1
AL2G20030	scaffold_4_RagTag	87.39	341	32	6	2756	3085	4487436	4487096	1.3e-103	381	KN006_v1
AL2G20030	scaffold_4_RagTag	87.39	341	32	6	2753	3082	20249890	20250230	1.3e-103	381	KN006_v1
AL2G20030	scaffold_4_RagTag	87.209	344	33	6	2753	3085	23639147	23638804	1.3e-103	381	KN006_v1
AL2G20030	scaffold_4_RagTag	86.819	349	35	6	2753	3090	501007	500659	4.66e-103	379	KN006_v1
AL2G20030	scaffold_4_RagTag	86.479	355	36	7	2753	3096	16797969	16797616	4.66e-103	379	KN006_v1
AL2G20030	scaffold_4_RagTag	86.782	348	35	6	2753	3089	850316	849969	1.68e-102	377	KN006_v1
AL2G20030	scaffold_4_RagTag	86.61	351	36	6	2753	3092	19530226	19529876	1.68e-102	377	KN006_v1
AL2G20030	scaffold_4_RagTag	86.919	344	34	6	2753	3085	20831287	20830944	6.03e-102	375	KN006_v1
AL2G20030	scaffold_4_RagTag	86.533	349	36	6	2753	3090	19983548	19983896	2.17e-101	374	KN006_v1
AL2G20030	scaffold_4_RagTag	89.723	253	17	8	3319	3563	15187889	15187638	1.33e-83	315	KN006_v1
AL2G20030	scaffold_4_RagTag	84.887	311	35	10	4195	4500	24513703	24513400	2.88e-80	303	KN006_v1
AL2G20030	scaffold_4_RagTag	85	300	34	9	4192	4487	22829216	22829508	1.74e-77	294	KN006_v1
AL2G20030	scaffold_4_RagTag	84.667	300	35	9	4192	4487	13920825	13921117	8.08e-76	289	KN006_v1
AL2G20030	scaffold_4_RagTag	88.938	226	20	5	4278	4500	10667725	10667948	2.26e-71	274	KN006_v1
AL2G20030	scaffold_4_RagTag	89.671	213	17	5	4278	4487	1229090	1229300	3.78e-69	267	KN006_v1
AL2G20030	scaffold_4_RagTag	85.075	268	32	7	4195	4459	10667950	10667688	3.78e-69	267	KN006_v1
AL2G20030	scaffold_4_RagTag	85.547	256	30	6	4207	4459	1229304	1229053	1.76e-67	261	KN006_v1
AL2G20030	scaffold_4_RagTag	82.781	302	37	13	4192	4487	3868759	3869051	8.19e-66	255	KN006_v1
AL2G20030	scaffold_4_RagTag	82.781	302	37	13	4195	4490	18218129	18217837	8.19e-66	255	KN006_v1
AL2G20030	scaffold_4_RagTag	84.328	268	33	8	4195	4459	14947990	14947729	2.95e-65	254	KN006_v1
AL2G20030	scaffold_4_RagTag	82.085	307	43	11	4158	4459	3868805	3869104	1.06e-64	252	KN006_v1
AL2G20030	scaffold_4_RagTag	87.225	227	21	8	4278	4500	3869067	3868845	1.06e-64	252	KN006_v1
AL2G20030	scaffold_4_RagTag	82.085	307	43	11	4158	4459	18218086	18217787	1.06e-64	252	KN006_v1
AL2G20030	scaffold_4_RagTag	87.225	227	21	8	4278	4500	18217824	18218046	1.06e-64	252	KN006_v1
AL2G20030	scaffold_4_RagTag	82.085	307	43	11	4158	4459	22829262	22829561	1.06e-64	252	KN006_v1
AL2G20030	scaffold_4_RagTag	84.074	270	33	8	4158	4422	24513660	24513396	1.06e-64	252	KN006_v1
AL2G20030	scaffold_4_RagTag	81.759	307	44	11	4158	4459	13920871	13921170	4.93e-63	246	KN006_v1
AL2G20030	scaffold_4_RagTag	83.704	270	35	8	4158	4423	22829480	22829216	4.93e-63	246	KN006_v1
AL2G20030	scaffold_4_RagTag	85.965	228	24	8	4277	4500	24513397	24513620	2.97e-60	237	KN006_v1
AL2G20030	scaffold_4_RagTag	82.963	270	37	8	4158	4423	13921089	13920825	1.07e-59	235	KN006_v1
AL2G20030	scaffold_4_RagTag	85.903	227	24	8	4278	4500	14947766	14947988	1.07e-59	235	KN006_v1
AL2G20030	scaffold_4_RagTag	86.364	220	20	3	2881	3091	16215422	16215204	1.38e-58	231	KN006_v1
AL2G20030	scaffold_4_RagTag	85.463	227	25	8	4278	4500	13921133	13920911	4.96e-58	230	KN006_v1
AL2G20030	scaffold_4_RagTag	85.463	227	25	8	4278	4500	22829524	22829302	4.96e-58	230	KN006_v1
AL2G20030	scaffold_4_RagTag	81.618	272	37	11	4158	4423	3869023	3868759	5e-53	213	KN006_v1
AL2G20030	scaffold_4_RagTag	81.618	272	37	11	4158	4423	18217868	18218132	5e-53	213	KN006_v1
AL2G20030	scaffold_4_RagTag	76.812	414	72	10	3869	4260	5935484	5935895	1.8e-52	211	KN006_v1
AL2G20030	scaffold_4_RagTag	83.945	218	26	8	4277	4490	14947991	14947779	3.89e-49	200	KN006_v1
AL2G20030	scaffold_4_RagTag	82.969	229	30	8	4277	4500	10667951	10667727	1.4e-48	198	KN006_v1
AL2G20030	scaffold_4_RagTag	82.488	217	29	8	4289	4500	1229304	1229092	1.41e-43	182	KN006_v1
AL2G20030	scaffold_4_RagTag	84.783	184	24	4	4158	4338	10667907	10667725	1.41e-43	182	KN006_v1
AL2G20030	scaffold_4_RagTag	84.239	184	25	4	4158	4338	1229272	1229090	6.56e-42	176	KN006_v1
AL2G20030	scaffold_4_RagTag	83.333	186	26	4	4158	4340	24513579	24513396	3.95e-39	167	KN006_v1
AL2G20030	scaffold_4_RagTag	82.065	184	28	5	4158	4338	3868886	3869067	1.11e-34	152	KN006_v1
AL2G20030	scaffold_4_RagTag	82.065	184	28	5	4158	4338	14947947	14947766	1.11e-34	152	KN006_v1
AL2G20030	scaffold_4_RagTag	82.065	184	28	5	4158	4338	18218005	18217824	1.11e-34	152	KN006_v1
AL2G20030	scaffold_4_RagTag	94	100	4	2	3775	3872	18155918	18156017	3.98e-34	150	KN006_v1
AL2G20030	scaffold_4_RagTag	95.745	94	3	1	3776	3868	22006118	22006025	3.98e-34	150	KN006_v1
AL2G20030	scaffold_4_RagTag	81.818	176	28	4	4086	4260	21048739	21048911	1.85e-32	145	KN006_v1
AL2G20030	scaffold_4_RagTag	80.978	184	30	5	4158	4338	22829343	22829524	2.39e-31	141	KN006_v1
AL2G20030	scaffold_4_RagTag	84.828	145	15	6	4360	4500	10667725	10667866	8.61e-31	139	KN006_v1
AL2G20030	scaffold_4_RagTag	80.645	186	29	6	4158	4340	13921007	13920826	3.1e-30	137	KN006_v1
AL2G20030	scaffold_4_RagTag	80.645	186	29	6	4158	4340	22829398	22829217	3.1e-30	137	KN006_v1
AL2G20030	scaffold_4_RagTag	82.609	161	20	7	4344	4500	3868745	3868901	1.11e-29	135	KN006_v1
AL2G20030	scaffold_4_RagTag	82.609	161	20	7	4344	4500	18218146	18217990	1.11e-29	135	KN006_v1
AL2G20030	scaffold_4_RagTag	84.138	145	16	6	4360	4500	1229090	1229231	4e-29	134	KN006_v1
AL2G20030	scaffold_4_RagTag	82.55	149	19	6	4195	4340	10667808	10667952	2.41e-26	124	KN006_v1
AL2G20030	scaffold_4_RagTag	82.993	147	16	8	4359	4500	24513397	24513539	2.41e-26	124	KN006_v1
AL2G20030	scaffold_4_RagTag	82.192	146	17	8	4360	4500	14947766	14947907	4.03e-24	117	KN006_v1
AL2G20030	scaffold_4_RagTag	81.507	146	18	8	4360	4500	3869067	3868926	1.88e-22	111	KN006_v1
AL2G20030	scaffold_4_RagTag	81.507	146	18	8	4360	4500	18217824	18217965	1.88e-22	111	KN006_v1
AL2G20030	scaffold_4_RagTag	85.849	106	11	4	4158	4261	3868860	3868757	6.75e-22	110	KN006_v1
AL2G20030	scaffold_4_RagTag	85.849	106	11	4	4158	4261	18218031	18218134	6.75e-22	110	KN006_v1
AL2G20030	scaffold_4_RagTag	80.822	146	19	8	4360	4500	22829524	22829383	8.73e-21	106	KN006_v1
AL2G20030	scaffold_4_RagTag	91.026	78	5	2	4425	4500	3868743	3868820	3.14e-20	104	KN006_v1
AL2G20030	scaffold_4_RagTag	91.026	78	5	2	4425	4500	18218148	18218071	3.14e-20	104	KN006_v1
AL2G20030	scaffold_3_RagTag	92.224	643	37	4	3869	4500	11863458	11862818	0	898	KN006_v1
AL2G20030	scaffold_3_RagTag	92.224	643	37	4	3869	4500	22336844	22336204	0	898	KN006_v1
AL2G20030	scaffold_3_RagTag	92.224	643	37	4	3869	4500	27257344	27256704	0	898	KN006_v1
AL2G20030	scaffold_3_RagTag	90.078	645	47	7	3869	4500	5549434	5548794	0	821	KN006_v1
AL2G20030	scaffold_3_RagTag	85.481	489	37	17	3869	4340	7953464	7952993	4.46e-133	479	KN006_v1
AL2G20030	scaffold_3_RagTag	89.157	332	30	3	2753	3080	11440209	11440538	5.94e-112	409	KN006_v1
AL2G20030	scaffold_3_RagTag	87.5	352	32	7	2753	3092	15780804	15781155	4.63e-108	396	KN006_v1
AL2G20030	scaffold_3_RagTag	86.413	368	37	8	2753	3107	25041953	25042320	2.15e-106	390	KN006_v1
AL2G20030	scaffold_3_RagTag	87.683	341	31	6	2753	3082	5669642	5669982	2.78e-105	387	KN006_v1
AL2G20030	scaffold_3_RagTag	86.216	370	34	11	2727	3082	24239622	24239988	1e-104	385	KN006_v1
AL2G20030	scaffold_3_RagTag	86.895	351	35	6	2753	3092	2296912	2297262	3.6e-104	383	KN006_v1
AL2G20030	scaffold_3_RagTag	86.895	351	35	6	2753	3092	14436309	14436659	3.6e-104	383	KN006_v1
AL2G20030	scaffold_3_RagTag	86.932	352	31	10	2753	3093	10401016	10401363	1.3e-103	381	KN006_v1
AL2G20030	scaffold_3_RagTag	87.39	341	32	6	2753	3082	12587018	12587358	1.3e-103	381	KN006_v1
AL2G20030	scaffold_3_RagTag	86.819	349	35	6	2753	3090	1299558	1299906	4.66e-103	379	KN006_v1
AL2G20030	scaffold_3_RagTag	86.027	365	38	8	2753	3106	20198059	20197697	4.66e-103	379	KN006_v1
AL2G20030	scaffold_3_RagTag	86.517	356	35	8	2753	3095	22088661	22089016	4.66e-103	379	KN006_v1
AL2G20030	scaffold_3_RagTag	87.021	339	33	7	2753	3081	7515528	7515191	7.79e-101	372	KN006_v1
AL2G20030	scaffold_3_RagTag	86.494	348	36	6	2753	3089	26959395	26959048	7.79e-101	372	KN006_v1
AL2G20030	scaffold_3_RagTag	86.08	352	37	7	2753	3093	1091561	1091911	1.01e-99	368	KN006_v1
AL2G20030	scaffold_3_RagTag	89.369	301	19	7	2753	3043	14383268	14383565	3.63e-99	366	KN006_v1
AL2G20030	scaffold_3_RagTag	86.111	324	33	8	2753	3065	4849365	4849687	7.91e-91	339	KN006_v1
AL2G20030	scaffold_3_RagTag	84.241	349	44	10	4158	4500	11863077	11862734	4.76e-88	329	KN006_v1
AL2G20030	scaffold_3_RagTag	86.301	292	30	5	2809	3090	14049976	14049685	6.2e-82	309	KN006_v1
AL2G20030	scaffold_3_RagTag	90.254	236	21	2	4188	4423	7953225	7952992	2.23e-81	307	KN006_v1
AL2G20030	scaffold_3_RagTag	85	300	34	9	4192	4487	22336199	22336491	1.74e-77	294	KN006_v1
AL2G20030	scaffold_3_RagTag	85	300	34	9	4192	4487	27256699	27256991	1.74e-77	294	KN006_v1
AL2G20030	scaffold_3_RagTag	84.194	310	36	11	4183	4487	11862804	11863105	8.08e-76	289	KN006_v1
AL2G20030	scaffold_3_RagTag	77.803	446	77	12	3869	4296	11727917	11727476	8.19e-66	255	KN006_v1
AL2G20030	scaffold_3_RagTag	87.225	227	21	8	4278	4500	5549097	5548875	1.06e-64	252	KN006_v1
AL2G20030	scaffold_3_RagTag	82.085	307	43	11	4158	4459	22336245	22336544	1.06e-64	252	KN006_v1
AL2G20030	scaffold_3_RagTag	82.085	307	43	11	4158	4459	27256745	27257044	1.06e-64	252	KN006_v1
AL2G20030	scaffold_3_RagTag	86.325	234	25	6	4192	4422	7952992	7953221	1.37e-63	248	KN006_v1
AL2G20030	scaffold_3_RagTag	81.699	306	46	10	4158	4459	11862859	11863158	4.93e-63	246	KN006_v1
AL2G20030	scaffold_3_RagTag	83.704	270	35	8	4158	4423	22336463	22336199	4.93e-63	246	KN006_v1
AL2G20030	scaffold_3_RagTag	83.704	270	35	8	4158	4423	27256963	27256699	4.93e-63	246	KN006_v1
AL2G20030	scaffold_3_RagTag	76.837	449	83	11	3866	4296	1993068	1993513	3.84e-59	233	KN006_v1
AL2G20030	scaffold_3_RagTag	85.526	228	25	8	4277	4500	7953220	7952997	1.38e-58	231	KN006_v1
AL2G20030	scaffold_3_RagTag	80.782	307	47	11	4158	4459	5548835	5549134	4.96e-58	230	KN006_v1
AL2G20030	scaffold_3_RagTag	89.13	184	20	0	2899	3082	14236742	14236925	4.96e-58	230	KN006_v1
AL2G20030	scaffold_3_RagTag	85.463	227	25	8	4278	4500	22336507	22336285	4.96e-58	230	KN006_v1
AL2G20030	scaffold_3_RagTag	85.463	227	25	8	4278	4500	27257007	27256785	4.96e-58	230	KN006_v1
AL2G20030	scaffold_3_RagTag	82.246	276	37	11	4154	4423	11862998	11862729	1.79e-57	228	KN006_v1
AL2G20030	scaffold_3_RagTag	86.7	203	26	1	2883	3085	7205455	7205254	2.31e-56	224	KN006_v1
AL2G20030	scaffold_3_RagTag	81.618	272	37	11	4158	4423	5549053	5548789	5e-53	213	KN006_v1
AL2G20030	scaffold_3_RagTag	76.159	453	80	12	3869	4296	15981668	15981219	5e-53	213	KN006_v1
AL2G20030	scaffold_3_RagTag	83.55	231	30	7	4274	4500	7952991	7953217	6.47e-52	209	KN006_v1
AL2G20030	scaffold_3_RagTag	75.877	456	68	19	3869	4296	22149343	22148902	1.81e-47	195	KN006_v1
AL2G20030	scaffold_3_RagTag	97.03	101	0	3	3774	3872	661737	661836	3.95e-39	167	KN006_v1
AL2G20030	scaffold_3_RagTag	95.05	101	3	2	3774	3872	10878015	10878115	2.38e-36	158	KN006_v1
AL2G20030	scaffold_3_RagTag	82.258	186	28	4	4158	4340	7953038	7953221	8.55e-36	156	KN006_v1
AL2G20030	scaffold_3_RagTag	80.978	184	30	5	4158	4338	22336326	22336507	2.39e-31	141	KN006_v1
AL2G20030	scaffold_3_RagTag	80.978	184	30	5	4158	4338	27256826	27257007	2.39e-31	141	KN006_v1
AL2G20030	scaffold_3_RagTag	80.645	186	29	6	4158	4340	22336381	22336200	3.1e-30	137	KN006_v1
AL2G20030	scaffold_3_RagTag	80.645	186	29	6	4158	4340	27256881	27256700	3.1e-30	137	KN006_v1
AL2G20030	scaffold_3_RagTag	82.609	161	20	7	4344	4500	5548775	5548931	1.11e-29	135	KN006_v1
AL2G20030	scaffold_3_RagTag	80.541	185	29	7	4158	4338	5548916	5549097	1.11e-29	135	KN006_v1
AL2G20030	scaffold_3_RagTag	83.448	145	17	7	4360	4500	5549097	5548956	1.86e-27	128	KN006_v1
AL2G20030	scaffold_3_RagTag	82.993	147	16	8	4359	4500	7953220	7953078	2.41e-26	124	KN006_v1
AL2G20030	scaffold_3_RagTag	79.381	194	27	12	4154	4340	11862917	11862730	2.41e-26	124	KN006_v1
AL2G20030	scaffold_3_RagTag	85.849	106	11	4	4158	4261	5548890	5548787	6.75e-22	110	KN006_v1
AL2G20030	scaffold_3_RagTag	80.822	146	19	8	4360	4500	22336507	22336366	8.73e-21	106	KN006_v1
AL2G20030	scaffold_3_RagTag	80.822	146	19	8	4360	4500	27257007	27256866	8.73e-21	106	KN006_v1
AL2G20030	scaffold_3_RagTag	91.026	78	5	2	4425	4500	5548773	5548850	3.14e-20	104	KN006_v1
AL2G20030	scaffold_1_RagTag	92.224	643	37	4	3869	4500	24726673	24726033	0	898	KN006_v1
AL2G20030	scaffold_1_RagTag	91.757	643	40	4	3869	4500	2747713	2748353	0	881	KN006_v1
AL2G20030	scaffold_1_RagTag	90.447	649	44	8	3866	4500	25932981	25933625	0	839	KN006_v1
AL2G20030	scaffold_1_RagTag	89.736	643	30	7	3869	4500	16011647	16011030	0	789	KN006_v1
AL2G20030	scaffold_1_RagTag	90.18	611	35	5	3901	4500	4047221	4047817	0	773	KN006_v1
AL2G20030	scaffold_1_RagTag	84.946	651	58	22	3869	4500	17977725	17977096	1.95e-176	623	KN006_v1
AL2G20030	scaffold_1_RagTag	85.59	576	47	19	3866	4423	12401344	12400787	7.16e-161	571	KN006_v1
AL2G20030	scaffold_1_RagTag	89.776	313	29	3	4188	4500	12401101	12400792	1.29e-108	398	KN006_v1
AL2G20030	scaffold_1_RagTag	87.36	356	33	7	2753	3097	30258232	30257878	1.29e-108	398	KN006_v1
AL2G20030	scaffold_1_RagTag	87.977	341	30	6	2753	3082	11725227	11725567	5.98e-107	392	KN006_v1
AL2G20030	scaffold_1_RagTag	87.216	352	34	6	2753	3093	2827501	2827852	2.15e-106	390	KN006_v1
AL2G20030	scaffold_1_RagTag	87.216	352	34	6	2753	3093	26188558	26188207	2.15e-106	390	KN006_v1
AL2G20030	scaffold_1_RagTag	87.683	341	30	8	2753	3082	6496154	6495815	2.78e-105	387	KN006_v1
AL2G20030	scaffold_1_RagTag	86.969	353	35	6	2756	3097	24514946	24514594	2.78e-105	387	KN006_v1
AL2G20030	scaffold_1_RagTag	89.164	323	11	5	3929	4240	4847625	4847934	1.3e-103	381	KN006_v1
AL2G20030	scaffold_1_RagTag	88.854	314	30	5	4188	4500	17977486	17977177	1.3e-103	381	KN006_v1
AL2G20030	scaffold_1_RagTag	86.479	355	36	7	2753	3096	27738343	27737990	4.66e-103	379	KN006_v1
AL2G20030	scaffold_1_RagTag	86.441	354	36	7	2753	3094	29703514	29703867	1.68e-102	377	KN006_v1
AL2G20030	scaffold_1_RagTag	86.919	344	34	6	2753	3085	25352105	25351762	6.03e-102	375	KN006_v1
AL2G20030	scaffold_1_RagTag	87.097	341	33	6	2753	3082	25352205	25352545	6.03e-102	375	KN006_v1
AL2G20030	scaffold_1_RagTag	86.804	341	34	6	2753	3082	8878315	8878655	2.8e-100	370	KN006_v1
AL2G20030	scaffold_1_RagTag	86.167	347	38	9	4158	4500	2748094	2748434	3.63e-99	366	KN006_v1
AL2G20030	scaffold_1_RagTag	87.654	324	29	6	2770	3082	6496209	6496532	3.63e-99	366	KN006_v1
AL2G20030	scaffold_1_RagTag	89.641	251	20	5	3318	3562	24087940	24087690	1.33e-83	315	KN006_v1
AL2G20030	scaffold_1_RagTag	91.63	227	17	2	4274	4500	4047674	4047898	4.79e-83	313	KN006_v1
AL2G20030	scaffold_1_RagTag	83.824	340	39	14	4158	4490	2748393	2748063	6.2e-82	309	KN006_v1
AL2G20030	scaffold_1_RagTag	88.015	267	24	4	2835	3093	19502281	19502547	6.2e-82	309	KN006_v1
AL2G20030	scaffold_1_RagTag	84.713	314	36	10	4192	4500	12400787	12401093	2.88e-80	303	KN006_v1
AL2G20030	scaffold_1_RagTag	82.67	352	42	17	4158	4500	17977137	17977478	1.74e-77	294	KN006_v1
AL2G20030	scaffold_1_RagTag	85	300	34	9	4192	4487	24726028	24726320	1.74e-77	294	KN006_v1
AL2G20030	scaffold_1_RagTag	89.956	229	20	2	3333	3558	12638189	12637961	6.24e-77	292	KN006_v1
AL2G20030	scaffold_1_RagTag	82.736	307	41	11	4158	4459	2748312	2748013	4.89e-68	263	KN006_v1
AL2G20030	scaffold_1_RagTag	82.54	315	33	19	4195	4500	2748436	2748135	2.28e-66	257	KN006_v1
AL2G20030	scaffold_1_RagTag	83.278	299	30	10	4192	4487	16011025	16011306	2.28e-66	257	KN006_v1
AL2G20030	scaffold_1_RagTag	82.781	302	37	13	4195	4490	25933627	25933335	8.19e-66	255	KN006_v1
AL2G20030	scaffold_1_RagTag	81.416	339	37	16	4158	4490	4047857	4047539	2.95e-65	254	KN006_v1
AL2G20030	scaffold_1_RagTag	88.208	212	25	0	2884	3095	17400494	17400283	2.95e-65	254	KN006_v1
AL2G20030	scaffold_1_RagTag	84.074	270	33	9	4158	4423	2748176	2748439	1.06e-64	252	KN006_v1
AL2G20030	scaffold_1_RagTag	84.074	270	33	9	4158	4422	12400833	12401097	1.06e-64	252	KN006_v1
AL2G20030	scaffold_1_RagTag	84.133	271	31	11	4158	4422	17977218	17977482	1.06e-64	252	KN006_v1
AL2G20030	scaffold_1_RagTag	82.085	307	43	11	4158	4459	24726074	24726373	1.06e-64	252	KN006_v1
AL2G20030	scaffold_1_RagTag	82.085	307	43	11	4158	4459	25933584	25933285	1.06e-64	252	KN006_v1
AL2G20030	scaffold_1_RagTag	87.225	227	21	8	4278	4500	25933322	25933544	1.06e-64	252	KN006_v1
AL2G20030	scaffold_1_RagTag	86.325	234	25	6	4192	4423	4047675	4047903	1.37e-63	248	KN006_v1
AL2G20030	scaffold_1_RagTag	83.704	270	35	8	4158	4423	24726292	24726028	4.93e-63	246	KN006_v1
AL2G20030	scaffold_1_RagTag	86.404	228	23	8	4277	4500	12401096	12400873	6.38e-62	243	KN006_v1
AL2G20030	scaffold_1_RagTag	86.404	228	23	8	4277	4500	17977481	17977258	6.38e-62	243	KN006_v1
AL2G20030	scaffold_1_RagTag	85.903	227	24	8	4278	4500	2748050	2748272	1.07e-59	235	KN006_v1
AL2G20030	scaffold_1_RagTag	80.938	320	35	22	4192	4500	17977091	17977395	4.96e-58	230	KN006_v1
AL2G20030	scaffold_1_RagTag	85.463	227	25	8	4278	4500	24726336	24726114	4.96e-58	230	KN006_v1
AL2G20030	scaffold_1_RagTag	84.188	234	24	11	4195	4423	4047900	4047675	1.39e-53	215	KN006_v1
AL2G20030	scaffold_1_RagTag	81.618	272	37	11	4158	4423	25933366	25933630	5e-53	213	KN006_v1
AL2G20030	scaffold_1_RagTag	81.111	270	41	8	4158	4423	17977354	17977091	2.33e-51	207	KN006_v1
AL2G20030	scaffold_1_RagTag	91.837	147	12	0	4277	4423	16011171	16011025	8.37e-51	206	KN006_v1
AL2G20030	scaffold_1_RagTag	79.672	305	43	15	4158	4459	16011071	16011359	1.08e-49	202	KN006_v1
AL2G20030	scaffold_1_RagTag	79.545	308	37	14	4158	4459	4047776	4047489	5.03e-48	196	KN006_v1
AL2G20030	scaffold_1_RagTag	83.333	186	26	5	4158	4340	12400914	12401097	3.95e-39	167	KN006_v1
AL2G20030	scaffold_1_RagTag	83.333	186	26	5	4158	4340	17977299	17977482	3.95e-39	167	KN006_v1
AL2G20030	scaffold_1_RagTag	80.617	227	24	11	4278	4500	4047526	4047736	2.38e-36	158	KN006_v1
AL2G20030	scaffold_1_RagTag	82.065	184	28	5	4158	4338	2748231	2748050	1.11e-34	152	KN006_v1
AL2G20030	scaffold_1_RagTag	82.065	184	28	5	4158	4338	25933503	25933322	1.11e-34	152	KN006_v1
AL2G20030	scaffold_1_RagTag	83.544	158	21	5	4184	4338	4047681	4047526	6.65e-32	143	KN006_v1
AL2G20030	scaffold_1_RagTag	80.978	184	30	5	4158	4338	24726155	24726336	2.39e-31	141	KN006_v1
AL2G20030	scaffold_1_RagTag	80.749	187	27	8	4158	4340	4047721	4047902	3.1e-30	137	KN006_v1
AL2G20030	scaffold_1_RagTag	80.645	186	29	6	4158	4340	24726210	24726029	3.1e-30	137	KN006_v1
AL2G20030	scaffold_1_RagTag	82.609	161	20	7	4344	4500	25933644	25933488	1.11e-29	135	KN006_v1
AL2G20030	scaffold_1_RagTag	83.221	149	18	6	4195	4340	16011170	16011026	5.18e-28	130	KN006_v1
AL2G20030	scaffold_1_RagTag	82.993	147	16	8	4359	4500	12401096	12400954	2.41e-26	124	KN006_v1
AL2G20030	scaffold_1_RagTag	82.993	147	16	8	4359	4500	17977481	17977339	2.41e-26	124	KN006_v1
AL2G20030	scaffold_1_RagTag	82.192	146	17	8	4360	4500	2748050	2748191	4.03e-24	117	KN006_v1
AL2G20030	scaffold_1_RagTag	90.805	87	8	0	2999	3085	29540075	29539989	4.03e-24	117	KN006_v1
AL2G20030	scaffold_1_RagTag	81.633	147	16	10	4360	4500	4047526	4047667	1.88e-22	111	KN006_v1
AL2G20030	scaffold_1_RagTag	81.507	146	18	8	4360	4500	25933322	25933463	1.88e-22	111	KN006_v1
AL2G20030	scaffold_1_RagTag	85.849	106	11	4	4158	4261	25933529	25933632	6.75e-22	110	KN006_v1
AL2G20030	scaffold_1_RagTag	80.822	146	19	8	4360	4500	24726336	24726195	8.73e-21	106	KN006_v1
AL2G20030	scaffold_1_RagTag	91.026	78	5	2	4425	4500	25933646	25933569	3.14e-20	104	KN006_v1
AL2G20030	scaffold_1_RagTag	85.882	85	8	4	4376	4459	4847934	4847853	3.16e-15	87.9	KN006_v1
AL2G20030	scaffold_1_RagTag	100	31	0	0	3869	3899	4047202	4047232	2.48e-06	58.4	KN006_v1
AL2G20070	scaffold_2_RagTag	98.897	1360	11	1	1	1356	13271246	13272605	0	2425	KN006_v1
AL2G20070	scaffold_2_RagTag	97.762	1251	25	1	64	1314	12429343	12430590	0	2152	KN006_v1
AL2G20070	scaffold_2_RagTag	95.761	1203	25	1	1	1203	13190915	13192091	0	1916	KN006_v1
AL2G20070	scaffold_2_RagTag	92.341	1149	76	6	64	1203	13138037	13139182	0	1624	KN006_v1
AL2G20070	scaffold_2_RagTag	92.301	1117	74	10	201	1314	13431879	13430772	0	1576	KN006_v1
AL2G20070	scaffold_2_RagTag	94.55	734	34	3	586	1314	13127743	13128475	0	1129	KN006_v1
AL2G20070	scaffold_2_RagTag	86.938	689	70	15	628	1314	13119533	13120203	0	756	KN006_v1
AL2G20070	scaffold_2_RagTag	91.126	293	21	5	197	487	13127404	13127693	1.78e-107	392	KN006_v1
AL2G20070	scaffold_2_RagTag	79.493	473	51	25	80	534	13119014	13119458	5.16e-78	294	KN006_v1
AL2G20070	scaffold_2_RagTag	88.095	210	11	9	1105	1314	13192125	13192320	8.82e-61	237	KN006_v1
AL2G20070	scaffold_2_RagTag	87.143	210	13	9	1105	1314	13139214	13139409	1.91e-57	226	KN006_v1
AL2G20070	scaffold_2_RagTag	97.98	99	2	0	764	862	12383065	12382967	2.52e-41	172	KN006_v1
AL2G20070	scaffold_2_RagTag	81.395	172	21	8	1	167	13127143	13127308	1.54e-28	130	KN006_v1
AL2G20070	scaffold_6_RagTag	88.915	1263	85	14	64	1317	13521679	13520463	0	1506	KN006_v1
AL2G20200	scaffold_2_RagTag	98.389	1490	15	2	416	1905	13430506	13431986	0	2610	KN006_v1
AL2G20200	scaffold_2_RagTag	89.243	1571	126	23	239	1798	12431015	12429477	0	1925	KN006_v1
AL2G20200	scaffold_2_RagTag	90.916	1244	84	18	186	1413	13128973	13127743	0	1644	KN006_v1
AL2G20200	scaffold_2_RagTag	91.563	1126	78	12	682	1798	13272563	13271446	0	1537	KN006_v1
AL2G20200	scaffold_2_RagTag	86.804	1364	132	27	13	1371	13120853	13119533	0	1478	KN006_v1
AL2G20200	scaffold_2_RagTag	90.307	1042	78	16	796	1824	13192096	13191065	0	1343	KN006_v1
AL2G20200	scaffold_2_RagTag	89.814	1021	82	16	796	1798	13139187	13138171	0	1290	KN006_v1
AL2G20200	scaffold_2_RagTag	98.113	530	9	1	1	530	13429937	13430465	0	922	KN006_v1
AL2G20200	scaffold_2_RagTag	85.047	428	35	17	475	898	13139616	13139214	2.49e-112	409	KN006_v1
AL2G20200	scaffold_2_RagTag	90.615	309	24	4	1515	1821	13127690	13127385	3.23e-111	405	KN006_v1
AL2G20200	scaffold_2_RagTag	88.427	337	18	11	562	898	13192440	13192125	1.17e-105	387	KN006_v1
AL2G20200	scaffold_2_RagTag	83.631	336	33	10	1465	1786	13119458	13119131	2.03e-78	296	KN006_v1
AL2G20200	scaffold_2_RagTag	93.043	115	7	1	416	530	13430440	13430553	1.66e-39	167	KN006_v1
AL2G20200	scaffold_2_RagTag	92.174	115	8	1	416	530	13430418	13430531	7.71e-38	161	KN006_v1
AL2G20200	scaffold_2_RagTag	90.435	115	10	1	416	530	13430396	13430509	1.67e-34	150	KN006_v1
AL2G20200	scaffold_2_RagTag	89.565	115	11	1	416	530	13430462	13430575	7.77e-33	145	KN006_v1
AL2G20200	scaffold_2_RagTag	86.735	98	7	4	1140	1232	12382966	12383062	1.32e-20	104	KN006_v1
AL2G20200	scaffold_2_RagTag	84.821	112	5	7	14	124	13129105	13129005	4.74e-20	102	KN006_v1
AL2G20200	scaffold_2_RagTag	83.505	97	12	4	69	163	12431113	12431019	1.33e-15	87.9	KN006_v1
AL2G20200	scaffold_6_RagTag	87.622	1430	119	36	416	1821	13520197	13521592	0	1607	KN006_v1
AL2G20200	scaffold_6_RagTag	93.548	62	4	0	416	477	13520242	13520303	2.85e-17	93.5	KN006_v1
AL6G40220	scaffold_6_RagTag	99.868	1513	2	0	1	1513	13520197	13521709	0	2784	KN006_v1
AL6G40220	scaffold_2_RagTag	95.711	1189	29	1	347	1513	13139195	13138007	0	1893	KN006_v1
AL6G40220	scaffold_2_RagTag	89.374	1534	109	13	23	1513	12430835	12429313	0	1881	KN006_v1
AL6G40220	scaffold_2_RagTag	87.834	1422	122	29	1	1396	13430506	13431902	0	1620	KN006_v1
AL6G40220	scaffold_2_RagTag	92.281	1140	72	7	347	1483	13192104	13190978	0	1604	KN006_v1
AL6G40220	scaffold_2_RagTag	88.766	1264	83	14	270	1483	13272563	13271309	0	1493	KN006_v1
AL6G40220	scaffold_2_RagTag	89.703	1010	66	15	1	977	13128747	13127743	0	1254	KN006_v1
AL6G40220	scaffold_2_RagTag	86.402	956	91	22	1	935	13120470	13119533	0	1009	KN006_v1
AL6G40220	scaffold_2_RagTag	85.577	416	29	16	61	458	13139616	13139214	7.1e-112	407	KN006_v1
AL6G40220	scaffold_2_RagTag	88.328	317	27	9	150	458	13192439	13192125	2.59e-101	372	KN006_v1
AL6G40220	scaffold_2_RagTag	82.483	451	35	22	1039	1461	13119457	13119023	2.61e-96	355	KN006_v1
AL6G40220	scaffold_2_RagTag	85.047	321	41	6	1085	1403	13127693	13127378	9.51e-86	320	KN006_v1
AL6G40220	scaffold_2_RagTag	97.17	106	3	0	694	799	12382960	12383065	1.68e-43	180	KN006_v1
AL6G40220	scaffold_2_RagTag	95.327	107	4	1	1	107	13430418	13430523	3.65e-40	169	KN006_v1
AL6G40220	scaffold_2_RagTag	92.523	107	7	1	1	107	13430396	13430501	3.67e-35	152	KN006_v1
AL6G40220	scaffold_2_RagTag	82.514	183	12	13	1309	1483	13127376	13127206	2.21e-32	143	KN006_v1
AL6G40220	scaffold_2_RagTag	94.382	89	4	1	23	111	13430352	13430439	3.7e-30	135	KN006_v1
AL6G40220	scaffold_2_RagTag	87.879	66	6	1	61	126	13192928	13192865	2.27e-12	76.8	KN006_v1
AL2G20010	scaffold_2_RagTag	100	1934	0	0	1	1934	11222093	11220160	0	3572	MN47_mabs_v3
AL2G20010	scaffold_2_RagTag	86.43	1437	125	27	538	1932	11217408	11216000	0	1509	MN47_mabs_v3
AL2G20010	scaffold_2_RagTag	87.023	1364	128	28	614	1934	12594896	12593539	0	1493	MN47_mabs_v3
AL2G20010	scaffold_2_RagTag	86.994	692	70	15	599	1272	11145645	11144956	0	761	MN47_mabs_v3
AL2G20010	scaffold_2_RagTag	87.083	689	69	15	599	1269	12483009	12483695	0	761	MN47_mabs_v3
AL2G20010	scaffold_2_RagTag	84.829	613	64	13	611	1208	11206547	11205949	8.43e-167	590	MN47_mabs_v3
AL2G20010	scaffold_2_RagTag	89.671	426	23	11	1063	1480	11205952	11205540	8.67e-147	523	MN47_mabs_v3
AL2G20010	scaffold_2_RagTag	80.994	463	42	25	82	516	11207107	11206663	2.62e-87	326	MN47_mabs_v3
AL2G20010	scaffold_2_RagTag	83.036	336	35	10	190	517	12595326	12595005	4.45e-75	285	MN47_mabs_v3
AL2G20010	scaffold_2_RagTag	79.266	463	52	23	82	517	11146184	11145739	1.6e-74	283	MN47_mabs_v3
AL2G20010	scaffold_2_RagTag	79.07	473	53	25	73	517	12482461	12482915	1.6e-74	283	MN47_mabs_v3
AL2G20010	scaffold_2_RagTag	81.469	286	34	6	191	469	11217698	11217425	1.65e-54	217	MN47_mabs_v3
AL2G20010	scaffold_2_RagTag	92.683	123	8	1	118	240	12595517	12595396	2.8e-42	176	MN47_mabs_v3
AL2G20010	scaffold_2_RagTag	97.561	41	1	0	1496	1536	11205590	11205550	1.36e-10	71.3	MN47_mabs_v3
AL2G20010	scaffold_6_RagTag	86.823	941	85	22	614	1536	13605595	13604676	0	1014	MN47_mabs_v3
AL2G20010	scaffold_6_RagTag	82.04	451	37	22	82	516	13606136	13605714	7.24e-93	344	MN47_mabs_v3
AL2G20020	scaffold_2_RagTag	100	1975	0	0	1	1975	11217974	11216000	0	3648	MN47_mabs_v3
AL2G20020	scaffold_2_RagTag	89.804	1275	96	18	603	1860	12594950	12593693	0	1604	MN47_mabs_v3
AL2G20020	scaffold_2_RagTag	86.43	1437	125	27	567	1975	11221556	11220162	0	1509	MN47_mabs_v3
AL2G20020	scaffold_2_RagTag	94.635	727	37	2	603	1328	11145684	11144959	0	1125	MN47_mabs_v3
AL2G20020	scaffold_2_RagTag	94.521	730	38	2	600	1328	12482967	12483695	0	1125	MN47_mabs_v3
AL2G20020	scaffold_2_RagTag	94.525	621	32	2	603	1222	11206598	11205979	0	957	MN47_mabs_v3
AL2G20020	scaffold_2_RagTag	86.014	429	34	12	1119	1537	11205952	11205540	1.19e-120	436	MN47_mabs_v3
AL2G20020	scaffold_2_RagTag	90.385	312	25	4	242	550	12595361	12595052	3.35e-111	405	MN47_mabs_v3
AL2G20020	scaffold_2_RagTag	91.126	293	21	5	261	550	11146076	11145786	2.61e-107	392	MN47_mabs_v3
AL2G20020	scaffold_2_RagTag	91.126	293	21	5	261	550	12482578	12482868	2.61e-107	392	MN47_mabs_v3
AL2G20020	scaffold_2_RagTag	86.007	293	36	5	261	550	11206999	11206709	2.7e-82	309	MN47_mabs_v3
AL2G20020	scaffold_2_RagTag	81.469	286	34	6	277	550	11221903	11221625	1.68e-54	217	MN47_mabs_v3
AL2G20020	scaffold_2_RagTag	81.548	168	21	7	4	165	11146269	11146106	2.26e-28	130	MN47_mabs_v3
AL2G20020	scaffold_2_RagTag	81.287	171	22	7	1	165	12482382	12482548	2.26e-28	130	MN47_mabs_v3
AL2G20020	scaffold_2_RagTag	85.437	103	13	2	63	165	11207129	11207029	3.8e-21	106	MN47_mabs_v3
AL2G20020	scaffold_2_RagTag	89.394	66	4	3	1552	1616	12594071	12594008	2.3e-13	80.5	MN47_mabs_v3
AL2G20020	scaffold_2_RagTag	91.228	57	3	2	1487	1541	11216415	11216359	2.98e-12	76.8	MN47_mabs_v3
AL2G20020	scaffold_2_RagTag	91.228	57	3	2	1560	1616	11216488	11216434	2.98e-12	76.8	MN47_mabs_v3
AL2G20020	scaffold_2_RagTag	94.444	36	2	0	1553	1588	11205575	11205540	3.88e-06	56.5	MN47_mabs_v3
AL2G20020	scaffold_6_RagTag	90.746	1005	59	17	603	1602	13605649	13604674	0	1310	MN47_mabs_v3
AL2G20020	scaffold_6_RagTag	85.397	315	39	6	241	550	13606072	13605760	1.25e-85	320	MN47_mabs_v3
AL2G20020	scaffold_6_RagTag	82.418	182	14	12	63	233	13606158	13605984	2.9e-32	143	MN47_mabs_v3
AL2G20030	scaffold_2_RagTag	99.956	4500	2	0	1	4500	11207159	11202660	0	8299	MN47_mabs_v3
AL2G20030	scaffold_2_RagTag	92.341	1149	76	6	31	1176	11146209	11145070	0	1624	MN47_mabs_v3
AL2G20030	scaffold_2_RagTag	92.341	1149	76	6	31	1176	12482445	12483584	0	1624	MN47_mabs_v3
AL2G20030	scaffold_2_RagTag	89.716	1021	83	16	165	1181	12595338	12594336	0	1284	MN47_mabs_v3
AL2G20030	scaffold_2_RagTag	94.525	621	32	2	562	1181	11217372	11216753	0	957	MN47_mabs_v3
AL2G20030	scaffold_2_RagTag	93.012	644	33	3	3869	4500	7751887	7751244	0	929	MN47_mabs_v3
AL2G20030	scaffold_2_RagTag	91.757	643	40	4	3869	4500	1449010	1448370	0	881	MN47_mabs_v3
AL2G20030	scaffold_2_RagTag	91.602	643	41	4	3869	4500	22225635	22226275	0	876	MN47_mabs_v3
AL2G20030	scaffold_2_RagTag	91.817	611	37	3	3901	4500	22161847	22161239	0	839	MN47_mabs_v3
AL2G20030	scaffold_2_RagTag	90.64	641	36	9	3869	4498	8252059	8252686	0	830	MN47_mabs_v3
AL2G20030	scaffold_2_RagTag	92.028	577	23	7	3869	4423	3066369	3065794	0	789	MN47_mabs_v3
AL2G20030	scaffold_2_RagTag	90.989	566	28	7	3869	4423	5401387	5400834	0	741	MN47_mabs_v3
AL2G20030	scaffold_2_RagTag	84.829	613	64	13	613	1211	11221483	11220886	1.98e-166	590	MN47_mabs_v3
AL2G20030	scaffold_2_RagTag	89.671	426	23	11	1208	1620	11221031	11220614	2.03e-146	523	MN47_mabs_v3
AL2G20030	scaffold_2_RagTag	86.009	436	29	16	1208	1620	12594438	12594012	7.58e-121	438	MN47_mabs_v3
AL2G20030	scaffold_2_RagTag	86.014	429	34	12	1208	1620	11216856	11216438	2.72e-120	436	MN47_mabs_v3
AL2G20030	scaffold_2_RagTag	88.604	351	28	9	2753	3091	312998	313348	3.55e-114	416	MN47_mabs_v3
AL2G20030	scaffold_2_RagTag	88.604	351	29	8	2753	3092	5082287	5081937	3.55e-114	416	MN47_mabs_v3
AL2G20030	scaffold_2_RagTag	87.714	350	32	6	2753	3091	6095269	6095618	1.29e-108	398	MN47_mabs_v3
AL2G20030	scaffold_2_RagTag	87.644	348	32	6	2753	3089	15559134	15559481	1.66e-107	394	MN47_mabs_v3
AL2G20030	scaffold_2_RagTag	87.941	340	30	6	2762	3090	12103220	12103559	2.15e-106	390	MN47_mabs_v3
AL2G20030	scaffold_2_RagTag	87.725	334	36	3	2752	3082	19819329	19818998	1e-104	385	MN47_mabs_v3
AL2G20030	scaffold_2_RagTag	87.688	333	36	3	2753	3082	19691977	19692307	3.6e-104	383	MN47_mabs_v3
AL2G20030	scaffold_2_RagTag	86.857	350	35	6	2753	3091	18917671	18917322	1.3e-103	381	MN47_mabs_v3
AL2G20030	scaffold_2_RagTag	87.39	341	32	6	2753	3082	21601759	21602099	1.3e-103	381	MN47_mabs_v3
AL2G20030	scaffold_2_RagTag	86.782	348	35	6	2753	3089	2283792	2283445	1.68e-102	377	MN47_mabs_v3
AL2G20030	scaffold_2_RagTag	86.364	352	37	6	2753	3093	1602378	1602027	2.17e-101	374	MN47_mabs_v3
AL2G20030	scaffold_2_RagTag	87.021	339	33	6	2755	3082	14900650	14900988	7.79e-101	372	MN47_mabs_v3
AL2G20030	scaffold_2_RagTag	86.765	340	34	6	2757	3085	20235039	20234700	1.01e-99	368	MN47_mabs_v3
AL2G20030	scaffold_2_RagTag	86.51	341	35	6	2753	3082	634739	635079	1.3e-98	364	MN47_mabs_v3
AL2G20030	scaffold_2_RagTag	86.337	344	36	6	2753	3085	2092488	2092145	1.3e-98	364	MN47_mabs_v3
AL2G20030	scaffold_2_RagTag	87.048	332	32	6	2770	3090	13231738	13232069	1.3e-98	364	MN47_mabs_v3
AL2G20030	scaffold_2_RagTag	85.879	347	39	9	4158	4500	1448629	1448289	1.69e-97	361	MN47_mabs_v3
AL2G20030	scaffold_2_RagTag	86.527	334	32	6	2763	3083	19371768	19372101	7.85e-96	355	MN47_mabs_v3
AL2G20030	scaffold_2_RagTag	85.591	347	40	9	4158	4500	22226016	22226356	7.85e-96	355	MN47_mabs_v3
AL2G20030	scaffold_2_RagTag	87.789	303	25	8	2753	3044	22102487	22102186	1.7e-92	344	MN47_mabs_v3
AL2G20030	scaffold_2_RagTag	84.956	339	36	10	2784	3108	13231753	13231416	4.76e-88	329	MN47_mabs_v3
AL2G20030	scaffold_2_RagTag	80.952	462	44	25	53	497	11222012	11221578	6.15e-87	326	MN47_mabs_v3
AL2G20030	scaffold_2_RagTag	83.929	336	40	12	4158	4487	1448330	1448657	6.2e-82	309	MN47_mabs_v3
AL2G20030	scaffold_2_RagTag	86.007	293	36	5	161	451	11217714	11217425	6.2e-82	309	MN47_mabs_v3
AL2G20030	scaffold_2_RagTag	83.824	340	39	14	4158	4490	22226315	22225985	6.2e-82	309	MN47_mabs_v3
AL2G20030	scaffold_2_RagTag	89.286	252	18	8	3319	3562	15251118	15250868	2.23e-81	307	MN47_mabs_v3
AL2G20030	scaffold_2_RagTag	84.127	315	38	10	4192	4500	11202655	11202963	1.74e-77	294	MN47_mabs_v3
AL2G20030	scaffold_2_RagTag	88.353	249	23	4	3320	3562	19521989	19522237	1.74e-77	294	MN47_mabs_v3
AL2G20030	scaffold_2_RagTag	84.667	300	35	8	4192	4487	22161234	22161526	8.07e-76	289	MN47_mabs_v3
AL2G20030	scaffold_2_RagTag	83.228	316	40	11	4192	4500	7751239	7751548	1.75e-72	278	MN47_mabs_v3
AL2G20030	scaffold_2_RagTag	90.865	208	16	3	2883	3090	14080560	14080356	6.29e-72	276	MN47_mabs_v3
AL2G20030	scaffold_2_RagTag	88.496	226	21	5	4278	4500	7751550	7751327	1.05e-69	268	MN47_mabs_v3
AL2G20030	scaffold_2_RagTag	82.792	308	39	13	4158	4459	1448411	1448710	4.89e-68	263	MN47_mabs_v3
AL2G20030	scaffold_2_RagTag	88.158	228	17	9	4278	4500	5401061	5400839	4.89e-68	263	MN47_mabs_v3
AL2G20030	scaffold_2_RagTag	82.736	307	41	11	4158	4459	22226234	22225935	4.89e-68	263	MN47_mabs_v3
AL2G20030	scaffold_2_RagTag	83.929	280	37	7	4183	4459	7751313	7751587	1.76e-67	261	MN47_mabs_v3
AL2G20030	scaffold_2_RagTag	82.468	308	42	12	4158	4459	11202701	11203002	6.33e-67	259	MN47_mabs_v3
AL2G20030	scaffold_2_RagTag	82.019	317	37	17	4192	4500	1448284	1448588	1.06e-64	252	MN47_mabs_v3
AL2G20030	scaffold_2_RagTag	84.015	269	35	7	4158	4423	1448547	1448284	1.06e-64	252	MN47_mabs_v3
AL2G20030	scaffold_2_RagTag	82.085	307	43	11	4158	4459	22161280	22161579	1.06e-64	252	MN47_mabs_v3
AL2G20030	scaffold_2_RagTag	84.074	270	33	9	4158	4423	22226098	22226361	1.06e-64	252	MN47_mabs_v3
AL2G20030	scaffold_2_RagTag	83.764	271	35	8	4192	4459	5400834	5401098	1.37e-63	248	MN47_mabs_v3
AL2G20030	scaffold_2_RagTag	81.905	315	35	19	4195	4500	22226358	22226057	4.93e-63	246	MN47_mabs_v3
AL2G20030	scaffold_2_RagTag	83.456	272	34	9	4158	4423	11202921	11202655	6.38e-62	243	MN47_mabs_v3
AL2G20030	scaffold_2_RagTag	83.521	267	32	12	4239	4500	1448710	1448451	8.25e-61	239	MN47_mabs_v3
AL2G20030	scaffold_2_RagTag	84.836	244	29	7	4184	4423	8252454	8252693	8.25e-61	239	MN47_mabs_v3
AL2G20030	scaffold_2_RagTag	83.459	266	35	8	4239	4500	11203002	11202742	8.25e-61	239	MN47_mabs_v3
AL2G20030	scaffold_2_RagTag	85.903	227	24	8	4278	4500	22225972	22226194	1.07e-59	235	MN47_mabs_v3
AL2G20030	scaffold_2_RagTag	87.619	210	12	9	1208	1403	11145168	11144959	1.38e-58	231	MN47_mabs_v3
AL2G20030	scaffold_2_RagTag	87.619	210	12	9	1208	1403	12483486	12483695	1.38e-58	231	MN47_mabs_v3
AL2G20030	scaffold_2_RagTag	82.657	271	36	8	4158	4423	22161498	22161234	4.96e-58	230	MN47_mabs_v3
AL2G20030	scaffold_2_RagTag	85.169	236	20	5	4278	4500	3066032	3065799	1.79e-57	228	MN47_mabs_v3
AL2G20030	scaffold_2_RagTag	82.206	281	32	12	4192	4459	3065794	3066069	6.42e-57	226	MN47_mabs_v3
AL2G20030	scaffold_2_RagTag	81.695	295	31	13	4201	4490	8252685	8252409	2.31e-56	224	MN47_mabs_v3
AL2G20030	scaffold_2_RagTag	84.12	233	29	7	4195	4423	7751467	7751239	1.07e-54	219	MN47_mabs_v3
AL2G20030	scaffold_2_RagTag	88.506	174	13	7	4330	4500	8252438	8252607	3.01e-50	204	MN47_mabs_v3
AL2G20030	scaffold_2_RagTag	80.142	282	31	13	4158	4432	8252647	8252384	3.03e-45	187	MN47_mabs_v3
AL2G20030	scaffold_2_RagTag	83.784	185	23	7	4158	4338	5400880	5401061	1.1e-39	169	MN47_mabs_v3
AL2G20030	scaffold_2_RagTag	80.889	225	33	8	4158	4377	11202783	11203002	1.1e-39	169	MN47_mabs_v3
AL2G20030	scaffold_2_RagTag	81.223	229	23	11	4274	4487	3065793	3066016	3.95e-39	167	MN47_mabs_v3
AL2G20030	scaffold_2_RagTag	86.842	152	15	4	4189	4338	3065884	3066032	1.42e-38	165	MN47_mabs_v3
AL2G20030	scaffold_2_RagTag	82.065	184	28	5	4158	4338	22226153	22225972	1.11e-34	152	MN47_mabs_v3
AL2G20030	scaffold_2_RagTag	81.72	186	25	8	4158	4338	1448492	1448673	5.14e-33	147	MN47_mabs_v3
AL2G20030	scaffold_2_RagTag	80.628	191	27	9	4154	4340	22161419	22161235	8.61e-31	139	MN47_mabs_v3
AL2G20030	scaffold_2_RagTag	80.749	187	27	8	4158	4340	1448466	1448285	3.1e-30	137	MN47_mabs_v3
AL2G20030	scaffold_2_RagTag	84.138	145	15	7	4360	4500	3066032	3065892	4e-29	134	MN47_mabs_v3
AL2G20030	scaffold_2_RagTag	82.639	144	20	5	4360	4500	5401061	5400920	8.67e-26	122	MN47_mabs_v3
AL2G20030	scaffold_2_RagTag	87.619	105	11	2	4237	4340	3065898	3065795	3.12e-25	121	MN47_mabs_v3
AL2G20030	scaffold_2_RagTag	83.916	143	6	8	1078	1211	11205952	11205818	3.12e-25	121	MN47_mabs_v3
AL2G20030	scaffold_2_RagTag	83.916	143	6	8	1208	1342	11206082	11205949	3.12e-25	121	MN47_mabs_v3
AL2G20030	scaffold_2_RagTag	78.836	189	30	9	4158	4340	7751424	7751240	1.12e-24	119	MN47_mabs_v3
AL2G20030	scaffold_2_RagTag	82.313	147	15	10	4360	4500	1448673	1448532	4.03e-24	117	MN47_mabs_v3
AL2G20030	scaffold_2_RagTag	82.192	146	17	8	4360	4500	22225972	22226113	4.03e-24	117	MN47_mabs_v3
AL2G20030	scaffold_2_RagTag	85.577	104	11	3	31	131	11217912	11217810	8.73e-21	106	MN47_mabs_v3
AL2G20030	scaffold_2_RagTag	77.957	186	21	11	4158	4338	8252566	8252396	1.46e-18	99	MN47_mabs_v3
AL2G20030	scaffold_2_RagTag	90.625	64	2	4	3504	3563	15640431	15640494	1.47e-13	82.4	MN47_mabs_v3
AL2G20030	scaffold_2_RagTag	82.418	91	12	3	4412	4500	8252438	8252526	6.84e-12	76.8	MN47_mabs_v3
AL2G20030	scaffold_2_RagTag	97.561	41	1	0	1570	1610	11220598	11220558	3.18e-10	71.3	MN47_mabs_v3
AL2G20030	scaffold_2_RagTag	95.349	43	2	0	3523	3565	15774989	15775031	1.15e-09	69.4	MN47_mabs_v3
AL2G20030	scaffold_2_RagTag	100	31	0	0	3869	3899	22161866	22161836	2.48e-06	58.4	MN47_mabs_v3
AL2G20030	scaffold_2_RagTag	94.444	36	2	0	1585	1620	11216422	11216387	8.92e-06	56.5	MN47_mabs_v3
AL2G20030	scaffold_6_RagTag	98.041	1174	15	6	2605	3773	13739308	13738138	0	2034	MN47_mabs_v3
AL2G20030	scaffold_6_RagTag	95.711	1189	29	1	1	1189	13606188	13605022	0	1893	MN47_mabs_v3
AL2G20030	scaffold_6_RagTag	86.189	572	44	18	3869	4423	6200201	6199648	2.56e-165	586	MN47_mabs_v3
AL2G20030	scaffold_6_RagTag	86.635	419	32	14	1208	1620	13605133	13604733	5.86e-122	442	MN47_mabs_v3
AL2G20030	scaffold_6_RagTag	91.693	313	23	3	4188	4500	6199962	6199653	1.27e-118	431	MN47_mabs_v3
AL2G20030	scaffold_6_RagTag	87.644	348	32	6	2753	3089	23864502	23864155	1.66e-107	394	MN47_mabs_v3
AL2G20030	scaffold_6_RagTag	87.977	341	28	10	2754	3082	4887183	4886844	2.15e-106	390	MN47_mabs_v3
AL2G20030	scaffold_6_RagTag	87.683	341	31	6	2753	3082	11593572	11593912	2.78e-105	387	MN47_mabs_v3
AL2G20030	scaffold_6_RagTag	87.683	341	31	6	2753	3082	20475671	20476011	2.78e-105	387	MN47_mabs_v3
AL2G20030	scaffold_6_RagTag	86.932	352	35	6	2753	3093	24093082	24093433	1e-104	385	MN47_mabs_v3
AL2G20030	scaffold_6_RagTag	86.857	350	35	6	2753	3091	11428424	11428075	1.3e-103	381	MN47_mabs_v3
AL2G20030	scaffold_6_RagTag	86.857	350	32	8	2753	3091	5944593	5944939	4.66e-103	379	MN47_mabs_v3
AL2G20030	scaffold_6_RagTag	86.819	349	35	6	2753	3090	12414967	12414619	4.66e-103	379	MN47_mabs_v3
AL2G20030	scaffold_6_RagTag	86.313	358	38	6	2753	3099	20326638	20326281	4.66e-103	379	MN47_mabs_v3
AL2G20030	scaffold_6_RagTag	86.782	348	35	6	2753	3089	1823693	1823346	1.68e-102	377	MN47_mabs_v3
AL2G20030	scaffold_6_RagTag	87.135	342	32	5	2753	3082	23830721	23831062	1.68e-102	377	MN47_mabs_v3
AL2G20030	scaffold_6_RagTag	86.782	348	35	6	2753	3089	23918791	23918444	1.68e-102	377	MN47_mabs_v3
AL2G20030	scaffold_6_RagTag	86.275	357	35	9	2753	3096	8398512	8398157	6.03e-102	375	MN47_mabs_v3
AL2G20030	scaffold_6_RagTag	86.494	348	36	7	2753	3089	10488123	10488470	7.79e-101	372	MN47_mabs_v3
AL2G20030	scaffold_6_RagTag	87.387	333	31	9	2755	3076	17821670	17822002	7.79e-101	372	MN47_mabs_v3
AL2G20030	scaffold_6_RagTag	86.494	348	36	6	2753	3089	23781954	23781607	7.79e-101	372	MN47_mabs_v3
AL2G20030	scaffold_6_RagTag	86.628	344	35	6	2753	3085	19805775	19805432	2.8e-100	370	MN47_mabs_v3
AL2G20030	scaffold_6_RagTag	86.765	340	34	8	2762	3090	14870569	14870908	1.01e-99	368	MN47_mabs_v3
AL2G20030	scaffold_6_RagTag	86.51	341	35	6	2753	3082	6377703	6378043	1.3e-98	364	MN47_mabs_v3
AL2G20030	scaffold_6_RagTag	86.257	342	33	8	2754	3082	12909823	12909483	6.07e-97	359	MN47_mabs_v3
AL2G20030	scaffold_6_RagTag	87.379	309	28	6	2753	3050	11572980	11573288	1.7e-92	344	MN47_mabs_v3
AL2G20030	scaffold_6_RagTag	87.379	309	28	6	2753	3050	11583276	11583584	1.7e-92	344	MN47_mabs_v3
AL2G20030	scaffold_6_RagTag	85.079	315	33	12	4192	4500	6199648	6199954	6.2e-82	309	MN47_mabs_v3
AL2G20030	scaffold_6_RagTag	89.243	251	19	7	3319	3562	8739694	8739445	2.23e-81	307	MN47_mabs_v3
AL2G20030	scaffold_6_RagTag	84.444	270	32	9	4158	4422	6199694	6199958	2.28e-66	257	MN47_mabs_v3
AL2G20030	scaffold_6_RagTag	87.281	228	21	8	4277	4500	6199957	6199734	2.95e-65	254	MN47_mabs_v3
AL2G20030	scaffold_6_RagTag	89.005	191	21	0	2892	3082	5944588	5944398	2.97e-60	237	MN47_mabs_v3
AL2G20030	scaffold_6_RagTag	82.258	186	28	5	4158	4340	6199775	6199958	8.54e-36	156	MN47_mabs_v3
AL2G20030	scaffold_6_RagTag	81.152	191	26	9	4154	4340	6199833	6199649	1.85e-32	145	MN47_mabs_v3
AL2G20030	scaffold_6_RagTag	82.313	147	17	8	4359	4500	6199957	6199815	1.12e-24	119	MN47_mabs_v3
AL2G20030	scaffold_8_RagTag	94.207	656	15	6	1903	2554	223257	222621	0	979	MN47_mabs_v3
AL2G20030	scaffold_8_RagTag	91.757	643	40	4	3869	4500	23521963	23522603	0	881	MN47_mabs_v3
AL2G20030	scaffold_8_RagTag	93.122	567	27	4	3869	4423	4677890	4677324	0	821	MN47_mabs_v3
AL2G20030	scaffold_8_RagTag	92.769	567	28	4	3869	4423	16003688	16004253	0	808	MN47_mabs_v3
AL2G20030	scaffold_8_RagTag	87.464	351	32	8	2753	3091	5586195	5585845	1.66e-107	394	MN47_mabs_v3
AL2G20030	scaffold_8_RagTag	87.143	350	34	6	2753	3091	736555	736206	2.78e-105	387	MN47_mabs_v3
AL2G20030	scaffold_8_RagTag	87.39	341	32	6	2753	3082	1622320	1622660	1.3e-103	381	MN47_mabs_v3
AL2G20030	scaffold_8_RagTag	87.725	334	30	6	2753	3075	12562626	12562959	4.66e-103	379	MN47_mabs_v3
AL2G20030	scaffold_8_RagTag	86.648	352	35	7	2753	3092	20981437	20981788	4.66e-103	379	MN47_mabs_v3
AL2G20030	scaffold_8_RagTag	86.919	344	34	6	2753	3085	2023678	2023335	6.03e-102	375	MN47_mabs_v3
AL2G20030	scaffold_8_RagTag	86.944	337	33	6	2755	3080	13415309	13414973	1.01e-99	368	MN47_mabs_v3
AL2G20030	scaffold_8_RagTag	85.303	347	41	9	4158	4500	23522344	23522684	3.65e-94	350	MN47_mabs_v3
AL2G20030	scaffold_8_RagTag	94.787	211	7	2	3563	3773	222304	222098	6.15e-87	326	MN47_mabs_v3
AL2G20030	scaffold_8_RagTag	90.4	250	18	5	3319	3562	22293445	22293196	2.21e-86	324	MN47_mabs_v3
AL2G20030	scaffold_8_RagTag	82.544	338	47	11	4158	4490	23522643	23522313	2.9e-75	287	MN47_mabs_v3
AL2G20030	scaffold_8_RagTag	88.053	226	22	5	4278	4500	16004025	16004248	4.89e-68	263	MN47_mabs_v3
AL2G20030	scaffold_8_RagTag	84.758	269	31	9	4195	4459	16004250	16003988	1.76e-67	261	MN47_mabs_v3
AL2G20030	scaffold_8_RagTag	87.665	227	22	6	4278	4500	4677553	4677329	6.33e-67	259	MN47_mabs_v3
AL2G20030	scaffold_8_RagTag	81.818	308	42	13	4158	4459	23522562	23522263	4.93e-63	246	MN47_mabs_v3
AL2G20030	scaffold_8_RagTag	81.847	314	37	17	4195	4500	23522686	23522385	4.93e-63	246	MN47_mabs_v3
AL2G20030	scaffold_8_RagTag	83.643	269	36	7	4158	4423	23522426	23522689	4.93e-63	246	MN47_mabs_v3
AL2G20030	scaffold_8_RagTag	83.088	272	37	8	4192	4459	4677324	4677590	8.25e-61	239	MN47_mabs_v3
AL2G20030	scaffold_8_RagTag	85.022	227	26	8	4278	4500	23522300	23522522	2.31e-56	224	MN47_mabs_v3
AL2G20030	scaffold_8_RagTag	83.621	232	15	5	3087	3318	222505	222297	5.03e-48	196	MN47_mabs_v3
AL2G20030	scaffold_8_RagTag	83.562	219	26	8	4277	4490	16004251	16004038	5.03e-48	196	MN47_mabs_v3
AL2G20030	scaffold_8_RagTag	92.366	131	10	0	2952	3082	13119621	13119751	3.03e-45	187	MN47_mabs_v3
AL2G20030	scaffold_8_RagTag	84.783	184	24	4	4158	4338	16004207	16004025	1.41e-43	182	MN47_mabs_v3
AL2G20030	scaffold_8_RagTag	81.116	233	34	9	4274	4500	4677323	4677551	1.82e-42	178	MN47_mabs_v3
AL2G20030	scaffold_8_RagTag	85.35	157	21	2	4183	4338	4677398	4677553	1.84e-37	161	MN47_mabs_v3
AL2G20030	scaffold_8_RagTag	94.118	102	5	1	2652	2752	222606	222505	3.07e-35	154	MN47_mabs_v3
AL2G20030	scaffold_8_RagTag	81.622	185	27	7	4158	4338	23522481	23522300	5.14e-33	147	MN47_mabs_v3
AL2G20030	scaffold_8_RagTag	84.247	146	14	7	4360	4500	16004025	16004166	4e-29	134	MN47_mabs_v3
AL2G20030	scaffold_8_RagTag	80.319	188	28	8	4158	4340	16004069	16004252	4e-29	134	MN47_mabs_v3
AL2G20030	scaffold_8_RagTag	80.214	187	28	8	4158	4340	23522507	23522688	1.44e-28	132	MN47_mabs_v3
AL2G20030	scaffold_8_RagTag	83.448	145	17	6	4360	4500	4677553	4677412	1.86e-27	128	MN47_mabs_v3
AL2G20030	scaffold_8_RagTag	81.633	147	16	10	4360	4500	23522300	23522441	1.88e-22	111	MN47_mabs_v3
AL2G20030	scaffold_8_RagTag	81.25	144	20	6	4201	4340	4677465	4677325	6.75e-22	110	MN47_mabs_v3
AL2G20030	scaffold_8_RagTag	97.872	47	1	0	1845	1891	224512	224466	1.47e-13	82.4	MN47_mabs_v3
AL2G20030	scaffold_7_RagTag	94.255	644	26	2	3868	4500	16197583	16198226	0	974	MN47_mabs_v3
AL2G20030	scaffold_7_RagTag	93.196	632	41	1	3869	4500	25636759	25637388	0	928	MN47_mabs_v3
AL2G20030	scaffold_7_RagTag	92.857	644	24	6	3868	4500	15764141	15764773	0	915	MN47_mabs_v3
AL2G20030	scaffold_7_RagTag	92.857	644	23	3	3868	4500	15958164	15958795	0	913	MN47_mabs_v3
AL2G20030	scaffold_7_RagTag	92.236	644	37	4	3869	4500	10117041	10116399	0	900	MN47_mabs_v3
AL2G20030	scaffold_7_RagTag	92.068	643	38	4	3869	4500	16727389	16726749	0	893	MN47_mabs_v3
AL2G20030	scaffold_7_RagTag	91.913	643	39	4	3869	4500	25983484	25984124	0	887	MN47_mabs_v3
AL2G20030	scaffold_7_RagTag	91.135	643	35	3	3869	4500	24859165	24858534	0	852	MN47_mabs_v3
AL2G20030	scaffold_7_RagTag	88.199	644	29	11	3869	4500	16814363	16813755	0	725	MN47_mabs_v3
AL2G20030	scaffold_7_RagTag	87.966	349	31	6	2753	3090	27004777	27005125	9.94e-110	401	MN47_mabs_v3
AL2G20030	scaffold_7_RagTag	87.179	351	33	7	2753	3092	14498439	14498788	7.74e-106	388	MN47_mabs_v3
AL2G20030	scaffold_7_RagTag	87.576	330	36	3	2753	3079	14944868	14944541	1.68e-102	377	MN47_mabs_v3
AL2G20030	scaffold_7_RagTag	86.919	344	34	5	2753	3085	2149728	2149385	6.03e-102	375	MN47_mabs_v3
AL2G20030	scaffold_7_RagTag	86.765	340	34	6	2762	3090	4478949	4478610	1.01e-99	368	MN47_mabs_v3
AL2G20030	scaffold_7_RagTag	86.51	341	35	7	2753	3082	23055430	23055770	1.3e-98	364	MN47_mabs_v3
AL2G20030	scaffold_7_RagTag	84.438	347	44	9	4158	4500	25983865	25984205	3.68e-89	333	MN47_mabs_v3
AL2G20030	scaffold_7_RagTag	86.306	314	30	7	2754	3055	13315494	13315806	4.76e-88	329	MN47_mabs_v3
AL2G20030	scaffold_7_RagTag	85.276	326	36	7	2753	3066	17675319	17674994	6.15e-87	326	MN47_mabs_v3
AL2G20030	scaffold_7_RagTag	85.256	312	34	10	4195	4500	16198228	16197923	1.72e-82	311	MN47_mabs_v3
AL2G20030	scaffold_7_RagTag	85.39	308	34	9	4195	4497	15958797	15958496	6.2e-82	309	MN47_mabs_v3
AL2G20030	scaffold_7_RagTag	85.209	311	35	9	4192	4497	24858529	24858833	6.2e-82	309	MN47_mabs_v3
AL2G20030	scaffold_7_RagTag	83.631	336	41	11	2754	3082	11072687	11073015	2.88e-80	303	MN47_mabs_v3
AL2G20030	scaffold_7_RagTag	83.186	339	43	11	4158	4490	25984164	25983834	1.34e-78	298	MN47_mabs_v3
AL2G20030	scaffold_7_RagTag	85	300	34	9	4192	4487	16726744	16727036	1.74e-77	294	MN47_mabs_v3
AL2G20030	scaffold_7_RagTag	84.718	301	33	10	4195	4490	25637390	25637098	8.07e-76	289	MN47_mabs_v3
AL2G20030	scaffold_7_RagTag	83.444	302	37	11	4192	4487	10116394	10116688	1.05e-69	268	MN47_mabs_v3
AL2G20030	scaffold_7_RagTag	85.66	265	24	8	2802	3055	13315863	13316124	3.78e-69	267	MN47_mabs_v3
AL2G20030	scaffold_7_RagTag	82.68	306	45	8	4158	4459	16198185	16197884	1.36e-68	265	MN47_mabs_v3
AL2G20030	scaffold_7_RagTag	82.353	306	46	8	4158	4459	24858575	24858876	6.33e-67	259	MN47_mabs_v3
AL2G20030	scaffold_7_RagTag	86.122	245	26	7	4184	4423	15764537	15764778	2.28e-66	257	MN47_mabs_v3
AL2G20030	scaffold_7_RagTag	84.674	261	35	5	4158	4415	15958754	15958496	8.19e-66	255	MN47_mabs_v3
AL2G20030	scaffold_7_RagTag	87.069	232	23	6	4195	4423	15958573	15958800	8.19e-66	255	MN47_mabs_v3
AL2G20030	scaffold_7_RagTag	87.069	232	23	6	4195	4423	16198004	16198231	8.19e-66	255	MN47_mabs_v3
AL2G20030	scaffold_7_RagTag	83.571	280	37	8	4183	4459	10116468	10116741	2.95e-65	254	MN47_mabs_v3
AL2G20030	scaffold_7_RagTag	87.225	227	21	8	4278	4500	10116704	10116482	1.06e-64	252	MN47_mabs_v3
AL2G20030	scaffold_7_RagTag	82.085	307	43	11	4158	4459	16726790	16727089	1.06e-64	252	MN47_mabs_v3
AL2G20030	scaffold_7_RagTag	82.085	307	43	11	4158	4459	25984083	25983784	1.06e-64	252	MN47_mabs_v3
AL2G20030	scaffold_7_RagTag	82.372	312	32	14	4195	4500	15764775	15764481	3.81e-64	250	MN47_mabs_v3
AL2G20030	scaffold_7_RagTag	87.273	220	24	4	4283	4500	24858833	24858616	1.37e-63	248	MN47_mabs_v3
AL2G20030	scaffold_7_RagTag	81.759	307	44	11	4158	4459	25637347	25637048	4.93e-63	246	MN47_mabs_v3
AL2G20030	scaffold_7_RagTag	86.283	226	26	5	4278	4500	16197921	16198144	2.29e-61	241	MN47_mabs_v3
AL2G20030	scaffold_7_RagTag	83.333	270	36	8	4158	4423	16727008	16726744	2.29e-61	241	MN47_mabs_v3
AL2G20030	scaffold_7_RagTag	86.364	220	26	4	4283	4500	15958496	15958713	2.97e-60	237	MN47_mabs_v3
AL2G20030	scaffold_7_RagTag	85.903	227	24	8	4278	4500	16727052	16726830	1.07e-59	235	MN47_mabs_v3
AL2G20030	scaffold_7_RagTag	81.21	314	39	17	4195	4500	25984207	25983906	1.07e-59	235	MN47_mabs_v3
AL2G20030	scaffold_7_RagTag	85.463	227	25	8	4278	4500	25983821	25984043	4.96e-58	230	MN47_mabs_v3
AL2G20030	scaffold_7_RagTag	77.59	415	67	12	3869	4260	16257622	16258033	1.79e-57	228	MN47_mabs_v3
AL2G20030	scaffold_7_RagTag	84.914	232	28	6	4195	4423	24858756	24858529	1.79e-57	228	MN47_mabs_v3
AL2G20030	scaffold_7_RagTag	82.288	271	39	8	4158	4423	10116660	10116394	6.42e-57	226	MN47_mabs_v3
AL2G20030	scaffold_7_RagTag	82.288	271	37	7	4158	4423	25637129	25637393	2.31e-56	224	MN47_mabs_v3
AL2G20030	scaffold_7_RagTag	81.784	269	41	7	4158	4423	25983947	25984210	1.07e-54	219	MN47_mabs_v3
AL2G20030	scaffold_7_RagTag	84.279	229	28	7	4200	4423	16813975	16813750	3.86e-54	217	MN47_mabs_v3
AL2G20030	scaffold_7_RagTag	84.12	233	26	5	3334	3561	13319013	13318787	1.39e-53	215	MN47_mabs_v3
AL2G20030	scaffold_7_RagTag	80.392	306	41	13	4158	4459	15764732	15764442	1.39e-53	215	MN47_mabs_v3
AL2G20030	scaffold_7_RagTag	93.431	137	8	1	4365	4500	16813974	16813838	1.08e-49	202	MN47_mabs_v3
AL2G20030	scaffold_7_RagTag	87.931	174	15	6	4330	4500	15764521	15764691	3.89e-49	200	MN47_mabs_v3
AL2G20030	scaffold_7_RagTag	87.952	166	17	1	2899	3064	372964	372802	6.51e-47	193	MN47_mabs_v3
AL2G20030	scaffold_7_RagTag	83.152	184	27	3	4158	4338	16198103	16197921	1.42e-38	165	MN47_mabs_v3
AL2G20030	scaffold_7_RagTag	87.324	142	17	1	4192	4333	24858693	24858833	1.84e-37	161	MN47_mabs_v3
AL2G20030	scaffold_7_RagTag	83.146	178	27	2	4158	4333	15958672	15958496	6.61e-37	159	MN47_mabs_v3
AL2G20030	scaffold_7_RagTag	81.313	198	31	6	4192	4386	16813750	16813944	8.54e-36	156	MN47_mabs_v3
AL2G20030	scaffold_7_RagTag	81.522	184	29	5	4158	4338	16726871	16727052	5.14e-33	147	MN47_mabs_v3
AL2G20030	scaffold_7_RagTag	81.383	188	24	9	4158	4340	25984028	25984209	6.65e-32	143	MN47_mabs_v3
AL2G20030	scaffold_7_RagTag	83.766	154	19	5	4183	4333	16813824	16813974	2.39e-31	141	MN47_mabs_v3
AL2G20030	scaffold_7_RagTag	80.978	184	30	5	4158	4338	25984002	25983821	2.39e-31	141	MN47_mabs_v3
AL2G20030	scaffold_7_RagTag	80.729	192	25	11	4154	4340	25637208	25637392	8.61e-31	139	MN47_mabs_v3
AL2G20030	scaffold_7_RagTag	80.645	186	29	6	4158	4340	16726926	16726745	3.1e-30	137	MN47_mabs_v3
AL2G20030	scaffold_7_RagTag	80.423	189	26	10	4158	4340	24858713	24858530	4e-29	134	MN47_mabs_v3
AL2G20030	scaffold_7_RagTag	79.793	193	27	11	4154	4340	10116581	10116395	5.18e-28	130	MN47_mabs_v3
AL2G20030	scaffold_7_RagTag	79.787	188	29	8	4158	4340	15764594	15764777	1.86e-27	128	MN47_mabs_v3
AL2G20030	scaffold_7_RagTag	83.453	139	17	5	4365	4500	24858833	24858698	2.41e-26	124	MN47_mabs_v3
AL2G20030	scaffold_7_RagTag	78.836	189	30	9	4158	4340	16813935	16813751	1.12e-24	119	MN47_mabs_v3
AL2G20030	scaffold_7_RagTag	81.507	146	18	8	4360	4500	16727052	16726911	1.88e-22	111	MN47_mabs_v3
AL2G20030	scaffold_7_RagTag	80.822	146	19	8	4360	4500	25983821	25983962	8.73e-21	106	MN47_mabs_v3
AL2G20030	scaffold_7_RagTag	95.082	61	2	1	4427	4486	16813960	16814020	1.89e-17	95.3	MN47_mabs_v3
AL2G20030	scaffold_7_RagTag	90.278	72	6	1	4361	4431	16813977	16814048	6.8e-17	93.5	MN47_mabs_v3
AL2G20030	scaffold_7_RagTag	92.857	42	3	0	3055	3096	23645107	23645066	1.92e-07	62.1	MN47_mabs_v3
AL2G20030	scaffold_7_RagTag	100	28	0	0	2752	2779	368471	368444	0.000115	52.8	MN47_mabs_v3
AL2G20030	scaffold_3_RagTag	92.391	644	35	5	3869	4500	10523268	10523909	0	905	MN47_mabs_v3
AL2G20030	scaffold_3_RagTag	92.379	643	36	4	3869	4500	11237188	11236548	0	904	MN47_mabs_v3
AL2G20030	scaffold_3_RagTag	86.09	647	58	17	3869	4500	13378639	13379268	0	667	MN47_mabs_v3
AL2G20030	scaffold_3_RagTag	89.458	332	29	3	2753	3080	10894575	10894904	1.28e-113	414	MN47_mabs_v3
AL2G20030	scaffold_3_RagTag	90.415	313	27	3	4188	4500	13378878	13379187	5.94e-112	409	MN47_mabs_v3
AL2G20030	scaffold_3_RagTag	88.235	340	29	8	2754	3082	19979279	19979618	4.62e-108	396	MN47_mabs_v3
AL2G20030	scaffold_3_RagTag	87.427	342	31	9	2753	3082	22578361	22578702	3.6e-104	383	MN47_mabs_v3
AL2G20030	scaffold_3_RagTag	86.782	348	35	7	2753	3089	835276	835623	1.68e-102	377	MN47_mabs_v3
AL2G20030	scaffold_3_RagTag	86.441	354	37	6	2753	3095	4098399	4098046	1.68e-102	377	MN47_mabs_v3
AL2G20030	scaffold_3_RagTag	87.463	335	30	6	2753	3076	5350297	5350630	6.03e-102	375	MN47_mabs_v3
AL2G20030	scaffold_3_RagTag	86.919	344	34	6	2753	3085	23256771	23256428	6.03e-102	375	MN47_mabs_v3
AL2G20030	scaffold_3_RagTag	87.059	340	33	6	2754	3082	7567823	7568162	2.17e-101	374	MN47_mabs_v3
AL2G20030	scaffold_3_RagTag	89.701	301	19	6	2753	3043	13727621	13727919	2.17e-101	374	MN47_mabs_v3
AL2G20030	scaffold_3_RagTag	87.021	339	33	7	2753	3081	7226097	7225760	7.79e-101	372	MN47_mabs_v3
AL2G20030	scaffold_3_RagTag	85.756	344	37	7	2753	3085	6915752	6915410	2.82e-95	353	MN47_mabs_v3
AL2G20030	scaffold_3_RagTag	92.063	252	9	2	3869	4109	23898099	23898350	1.7e-92	344	MN47_mabs_v3
AL2G20030	scaffold_3_RagTag	85.802	324	34	8	2753	3065	4656657	4656979	3.68e-89	333	MN47_mabs_v3
AL2G20030	scaffold_3_RagTag	90.588	255	18	5	3319	3567	23029245	23028991	3.68e-89	333	MN47_mabs_v3
AL2G20030	scaffold_3_RagTag	84.241	349	44	10	4158	4500	11236807	11236464	4.76e-88	329	MN47_mabs_v3
AL2G20030	scaffold_3_RagTag	86.301	292	30	5	2809	3090	13363424	13363133	6.2e-82	309	MN47_mabs_v3
AL2G20030	scaffold_3_RagTag	88.538	253	20	8	3319	3563	24039542	24039291	1.34e-78	298	MN47_mabs_v3
AL2G20030	scaffold_3_RagTag	85.099	302	31	12	4195	4490	10523911	10523618	4.83e-78	296	MN47_mabs_v3
AL2G20030	scaffold_3_RagTag	82.621	351	44	15	4158	4500	13379227	13378886	1.74e-77	294	MN47_mabs_v3
AL2G20030	scaffold_3_RagTag	84.194	310	36	11	4183	4487	11236534	11236835	8.07e-76	289	MN47_mabs_v3
AL2G20030	scaffold_3_RagTag	77.978	445	78	10	3869	4296	11181530	11181089	1.76e-67	261	MN47_mabs_v3
AL2G20030	scaffold_3_RagTag	82.41	307	42	11	4158	4459	10523867	10523568	2.28e-66	257	MN47_mabs_v3
AL2G20030	scaffold_3_RagTag	84.307	274	32	10	4154	4423	13379007	13379273	2.28e-66	257	MN47_mabs_v3
AL2G20030	scaffold_3_RagTag	87.281	228	21	8	4277	4500	13378883	13379106	2.95e-65	254	MN47_mabs_v3
AL2G20030	scaffold_3_RagTag	84.074	270	33	9	4158	4422	13379146	13378882	1.06e-64	252	MN47_mabs_v3
AL2G20030	scaffold_3_RagTag	83.764	271	34	9	4158	4423	10523649	10523914	1.37e-63	248	MN47_mabs_v3
AL2G20030	scaffold_3_RagTag	81.699	306	46	10	4158	4459	11236589	11236888	4.93e-63	246	MN47_mabs_v3
AL2G20030	scaffold_3_RagTag	81.789	313	39	15	4195	4500	13379270	13378969	4.93e-63	246	MN47_mabs_v3
AL2G20030	scaffold_3_RagTag	86.344	227	23	8	4278	4500	10523605	10523827	2.29e-61	241	MN47_mabs_v3
AL2G20030	scaffold_3_RagTag	89.13	184	20	0	2899	3082	13574860	13575043	4.96e-58	230	MN47_mabs_v3
AL2G20030	scaffold_3_RagTag	82.246	276	37	11	4154	4423	11236728	11236459	1.79e-57	228	MN47_mabs_v3
AL2G20030	scaffold_3_RagTag	97.03	101	0	3	3774	3872	704753	704852	3.95e-39	167	MN47_mabs_v3
AL2G20030	scaffold_3_RagTag	81.72	186	29	5	4158	4340	13379065	13378882	3.98e-34	150	MN47_mabs_v3
AL2G20030	scaffold_3_RagTag	81.522	184	29	5	4158	4338	10523786	10523605	5.14e-33	147	MN47_mabs_v3
AL2G20030	scaffold_3_RagTag	80.319	188	27	9	4158	4340	10523731	10523913	4e-29	134	MN47_mabs_v3
AL2G20030	scaffold_3_RagTag	79.381	194	27	12	4154	4340	11236647	11236460	2.41e-26	124	MN47_mabs_v3
AL2G20030	scaffold_3_RagTag	82.432	148	15	8	4359	4500	13378883	13379025	1.12e-24	119	MN47_mabs_v3
AL2G20030	scaffold_3_RagTag	81.507	146	18	8	4360	4500	10523605	10523746	1.88e-22	111	MN47_mabs_v3
AL2G20030	scaffold_4_RagTag	92.224	643	37	4	3869	4500	18160727	18160087	0	898	MN47_mabs_v3
AL2G20030	scaffold_4_RagTag	91.913	643	39	4	3869	4500	15366014	15366654	0	887	MN47_mabs_v3
AL2G20030	scaffold_4_RagTag	91.848	552	23	4	3869	4409	1364160	1364700	0	750	MN47_mabs_v3
AL2G20030	scaffold_4_RagTag	87.395	357	30	10	2753	3096	16223616	16223262	4.62e-108	396	MN47_mabs_v3
AL2G20030	scaffold_4_RagTag	88.201	339	29	8	2753	3080	19401435	19401097	1.66e-107	394	MN47_mabs_v3
AL2G20030	scaffold_4_RagTag	87.791	344	31	7	2753	3085	19037250	19036907	5.98e-107	392	MN47_mabs_v3
AL2G20030	scaffold_4_RagTag	86.479	355	37	6	2753	3096	7316943	7316589	4.66e-103	379	MN47_mabs_v3
AL2G20030	scaffold_4_RagTag	86.648	352	36	6	2753	3093	18635168	18635519	4.66e-103	379	MN47_mabs_v3
AL2G20030	scaffold_4_RagTag	86.364	352	37	6	2753	3093	4570060	4569709	2.17e-101	374	MN47_mabs_v3
AL2G20030	scaffold_4_RagTag	86.533	349	36	6	2753	3090	19815033	19815381	2.17e-101	374	MN47_mabs_v3
AL2G20030	scaffold_4_RagTag	86.628	344	35	6	2753	3085	16142527	16142184	2.8e-100	370	MN47_mabs_v3
AL2G20030	scaffold_4_RagTag	85.591	347	40	9	4158	4500	15366395	15366735	7.85e-96	355	MN47_mabs_v3
AL2G20030	scaffold_4_RagTag	88.976	254	20	7	3319	3565	15232470	15232218	2.23e-81	307	MN47_mabs_v3
AL2G20030	scaffold_4_RagTag	83.186	339	43	12	4158	4490	15366694	15366364	1.34e-78	298	MN47_mabs_v3
AL2G20030	scaffold_4_RagTag	85.099	302	30	13	4192	4487	18160082	18160374	1.74e-77	294	MN47_mabs_v3
AL2G20030	scaffold_4_RagTag	90.338	207	16	4	4283	4487	1364492	1364696	1.05e-69	268	MN47_mabs_v3
AL2G20030	scaffold_4_RagTag	85.156	256	31	6	4207	4459	1364700	1364449	8.19e-66	255	MN47_mabs_v3
AL2G20030	scaffold_4_RagTag	82.085	307	43	11	4158	4459	15366613	15366314	1.06e-64	252	MN47_mabs_v3
AL2G20030	scaffold_4_RagTag	82.166	314	36	17	4195	4500	15366737	15366436	1.06e-64	252	MN47_mabs_v3
AL2G20030	scaffold_4_RagTag	84.015	269	35	7	4158	4423	15366477	15366740	1.06e-64	252	MN47_mabs_v3
AL2G20030	scaffold_4_RagTag	81.759	307	44	11	4158	4459	18160128	18160427	4.93e-63	246	MN47_mabs_v3
AL2G20030	scaffold_4_RagTag	86.344	227	23	8	4278	4500	18160390	18160168	2.29e-61	241	MN47_mabs_v3
AL2G20030	scaffold_4_RagTag	82.963	270	37	8	4158	4423	18160346	18160082	1.07e-59	235	MN47_mabs_v3
AL2G20030	scaffold_4_RagTag	85.463	227	25	8	4278	4500	15366351	15366573	4.96e-58	230	MN47_mabs_v3
AL2G20030	scaffold_4_RagTag	76.812	414	72	10	3869	4260	6018378	6018789	1.8e-52	211	MN47_mabs_v3
AL2G20030	scaffold_4_RagTag	82.71	214	27	7	4289	4497	1364700	1364492	1.41e-43	182	MN47_mabs_v3
AL2G20030	scaffold_4_RagTag	84.831	178	24	3	4158	4333	1364668	1364492	6.56e-42	176	MN47_mabs_v3
AL2G20030	scaffold_4_RagTag	94	100	4	2	3775	3872	18021137	18021236	3.98e-34	150	MN47_mabs_v3
AL2G20030	scaffold_4_RagTag	92.929	99	5	2	3776	3872	21877655	21877557	6.65e-32	143	MN47_mabs_v3
AL2G20030	scaffold_4_RagTag	80.978	184	30	5	4158	4338	15366532	15366351	2.39e-31	141	MN47_mabs_v3
AL2G20030	scaffold_4_RagTag	80.749	187	27	8	4158	4340	15366558	15366739	3.1e-30	137	MN47_mabs_v3
AL2G20030	scaffold_4_RagTag	80.105	191	28	9	4154	4340	18160267	18160083	4e-29	134	MN47_mabs_v3
AL2G20030	scaffold_4_RagTag	84.173	139	16	5	4365	4500	1364492	1364627	5.18e-28	130	MN47_mabs_v3
AL2G20030	scaffold_4_RagTag	80.822	146	19	8	4360	4500	15366351	15366492	8.73e-21	106	MN47_mabs_v3
AL2G20030	scaffold_1_RagTag	91.913	643	39	4	3869	4500	2582876	2583516	0	887	MN47_mabs_v3
AL2G20030	scaffold_1_RagTag	91.602	643	41	4	3869	4500	23262489	23263129	0	876	MN47_mabs_v3
AL2G20030	scaffold_1_RagTag	90.669	643	33	7	3869	4500	28430189	28429563	0	830	MN47_mabs_v3
AL2G20030	scaffold_1_RagTag	85.49	572	48	18	3869	4423	14509868	14510421	1.2e-158	564	MN47_mabs_v3
AL2G20030	scaffold_1_RagTag	91.374	313	24	3	4188	4500	14510107	14510416	5.9e-117	425	MN47_mabs_v3
AL2G20030	scaffold_1_RagTag	88.338	343	35	4	2753	3092	15960829	15961169	2.14e-111	407	MN47_mabs_v3
AL2G20030	scaffold_1_RagTag	87.784	352	32	6	2753	3093	16107435	16107786	9.94e-110	401	MN47_mabs_v3
AL2G20030	scaffold_1_RagTag	87.5	352	32	7	2753	3092	1157935	1158286	4.62e-108	396	MN47_mabs_v3
AL2G20030	scaffold_1_RagTag	86.969	353	35	6	2756	3097	23552325	23551973	2.78e-105	387	MN47_mabs_v3
AL2G20030	scaffold_1_RagTag	87.683	341	31	6	2753	3082	24915156	24915496	2.78e-105	387	MN47_mabs_v3
AL2G20030	scaffold_1_RagTag	87.032	347	39	4	2753	3096	26693706	26693363	2.78e-105	387	MN47_mabs_v3
AL2G20030	scaffold_1_RagTag	86.932	352	35	6	2753	3093	2259513	2259864	1e-104	385	MN47_mabs_v3
AL2G20030	scaffold_1_RagTag	89.164	323	11	5	3929	4240	4745879	4746188	1.3e-103	381	MN47_mabs_v3
AL2G20030	scaffold_1_RagTag	87.39	341	32	7	2753	3082	6385429	6385089	1.3e-103	381	MN47_mabs_v3
AL2G20030	scaffold_1_RagTag	86.782	348	35	6	2753	3089	5914539	5914192	1.68e-102	377	MN47_mabs_v3
AL2G20030	scaffold_1_RagTag	86.919	344	34	5	2753	3085	30033540	30033197	6.03e-102	375	MN47_mabs_v3
AL2G20030	scaffold_1_RagTag	87.021	339	33	6	2753	3080	26350457	26350795	7.79e-101	372	MN47_mabs_v3
AL2G20030	scaffold_1_RagTag	86.804	341	34	6	2753	3082	26894619	26894959	2.8e-100	370	MN47_mabs_v3
AL2G20030	scaffold_1_RagTag	86.628	344	35	7	2753	3085	28670857	28670514	2.8e-100	370	MN47_mabs_v3
AL2G20030	scaffold_1_RagTag	86.167	347	38	9	4158	4500	2583257	2583597	3.63e-99	366	MN47_mabs_v3
AL2G20030	scaffold_1_RagTag	86.51	341	35	6	2753	3082	18100734	18101074	1.3e-98	364	MN47_mabs_v3
AL2G20030	scaffold_1_RagTag	86.127	346	36	7	2755	3089	24915109	24914765	4.69e-98	363	MN47_mabs_v3
AL2G20030	scaffold_1_RagTag	87.662	308	30	7	4195	4500	23262909	23263210	1.02e-94	351	MN47_mabs_v3
AL2G20030	scaffold_1_RagTag	91.593	226	17	2	4275	4500	28429705	28429482	1.72e-82	311	MN47_mabs_v3
AL2G20030	scaffold_1_RagTag	83.824	340	39	14	4158	4490	2583556	2583226	6.2e-82	309	MN47_mabs_v3
AL2G20030	scaffold_1_RagTag	88.015	267	24	4	2835	3093	18718965	18719231	6.2e-82	309	MN47_mabs_v3
AL2G20030	scaffold_1_RagTag	84.615	312	34	12	4195	4500	14510418	14510115	1.34e-78	298	MN47_mabs_v3
AL2G20030	scaffold_1_RagTag	82.596	339	45	12	4158	4490	23263169	23262839	2.9e-75	287	MN47_mabs_v3
AL2G20030	scaffold_1_RagTag	82.736	307	41	11	4158	4459	2583475	2583176	4.89e-68	263	MN47_mabs_v3
AL2G20030	scaffold_1_RagTag	82.54	315	33	19	4195	4500	2583599	2583298	2.28e-66	257	MN47_mabs_v3
AL2G20030	scaffold_1_RagTag	84.444	270	32	9	4158	4422	14510375	14510111	2.28e-66	257	MN47_mabs_v3
AL2G20030	scaffold_1_RagTag	87.281	228	21	8	4277	4500	14510112	14510335	2.95e-65	254	MN47_mabs_v3
AL2G20030	scaffold_1_RagTag	84.074	270	33	9	4158	4423	2583339	2583602	1.06e-64	252	MN47_mabs_v3
AL2G20030	scaffold_1_RagTag	82.166	314	36	17	4195	4500	23263212	23262911	1.06e-64	252	MN47_mabs_v3
AL2G20030	scaffold_1_RagTag	84.015	269	35	7	4158	4423	23262952	23263215	1.06e-64	252	MN47_mabs_v3
AL2G20030	scaffold_1_RagTag	81.25	336	36	14	4158	4487	28429523	28429837	4.93e-63	246	MN47_mabs_v3
AL2G20030	scaffold_1_RagTag	87.037	216	28	0	2881	3096	15044360	15044575	1.77e-62	244	MN47_mabs_v3
AL2G20030	scaffold_1_RagTag	81.494	308	43	13	4158	4459	23263088	23262789	2.29e-61	241	MN47_mabs_v3
AL2G20030	scaffold_1_RagTag	85.903	227	24	8	4278	4500	2583213	2583435	1.07e-59	235	MN47_mabs_v3
AL2G20030	scaffold_1_RagTag	84.581	227	27	8	4278	4500	23262826	23263048	1.07e-54	219	MN47_mabs_v3
AL2G20030	scaffold_1_RagTag	83.404	235	26	11	4192	4421	28429477	28429703	8.37e-51	206	MN47_mabs_v3
AL2G20030	scaffold_1_RagTag	78.827	307	39	15	4158	4459	28429604	28429889	3.92e-44	183	MN47_mabs_v3
AL2G20030	scaffold_1_RagTag	98.02	101	0	2	3774	3872	22193576	22193476	2.36e-41	174	MN47_mabs_v3
AL2G20030	scaffold_1_RagTag	82.258	186	28	5	4158	4340	14510294	14510111	8.54e-36	156	MN47_mabs_v3
AL2G20030	scaffold_1_RagTag	82.065	184	28	5	4158	4338	2583394	2583213	1.11e-34	152	MN47_mabs_v3
AL2G20030	scaffold_1_RagTag	80.176	227	24	10	4278	4500	28429853	28429644	3.98e-34	150	MN47_mabs_v3
AL2G20030	scaffold_1_RagTag	81.081	185	28	7	4158	4338	23263007	23262826	2.39e-31	141	MN47_mabs_v3
AL2G20030	scaffold_1_RagTag	80.749	187	27	8	4158	4340	23263033	23263214	3.1e-30	137	MN47_mabs_v3
AL2G20030	scaffold_1_RagTag	83.108	148	23	2	4192	4338	28429707	28429853	4e-29	134	MN47_mabs_v3
AL2G20030	scaffold_1_RagTag	82.313	147	17	8	4359	4500	14510112	14510254	1.12e-24	119	MN47_mabs_v3
AL2G20030	scaffold_1_RagTag	82.192	146	17	8	4360	4500	2583213	2583354	4.03e-24	117	MN47_mabs_v3
AL2G20030	scaffold_1_RagTag	80.952	147	17	10	4360	4500	23262826	23262967	8.73e-21	106	MN47_mabs_v3
AL2G20030	scaffold_1_RagTag	80.822	146	19	8	4360	4500	28429853	28429712	8.73e-21	106	MN47_mabs_v3
AL2G20030	scaffold_1_RagTag	85.882	85	8	4	4376	4459	4746188	4746107	3.16e-15	87.9	MN47_mabs_v3
AL2G20030	scaffold_5_RagTag	91.602	643	41	4	3869	4500	1786274	1786914	0	876	MN47_mabs_v3
AL2G20030	scaffold_5_RagTag	90.382	655	38	7	3869	4500	4600663	4601315	0	837	MN47_mabs_v3
AL2G20030	scaffold_5_RagTag	88.506	348	29	6	2753	3089	14840625	14840972	1.65e-112	411	MN47_mabs_v3
AL2G20030	scaffold_5_RagTag	88.856	341	27	6	2749	3078	14925275	14924935	5.94e-112	409	MN47_mabs_v3
AL2G20030	scaffold_5_RagTag	87.784	352	32	8	2753	3093	6595741	6595390	9.94e-110	401	MN47_mabs_v3
AL2G20030	scaffold_5_RagTag	86.921	367	32	10	2729	3082	16053349	16053712	1.29e-108	398	MN47_mabs_v3
AL2G20030	scaffold_5_RagTag	87.87	338	30	6	2753	3079	15645877	15646214	2.78e-105	387	MN47_mabs_v3
AL2G20030	scaffold_5_RagTag	86.782	348	35	6	2753	3089	12637408	12637061	1.68e-102	377	MN47_mabs_v3
AL2G20030	scaffold_5_RagTag	86.571	350	36	6	2753	3091	14274181	14274530	6.03e-102	375	MN47_mabs_v3
AL2G20030	scaffold_5_RagTag	86.533	349	36	6	2753	3090	1000453	1000105	2.17e-101	374	MN47_mabs_v3
AL2G20030	scaffold_5_RagTag	85.92	348	38	6	2753	3089	2161382	2161035	1.69e-97	361	MN47_mabs_v3
AL2G20030	scaffold_5_RagTag	84.27	356	38	10	4158	4500	1786655	1787005	1.32e-88	331	MN47_mabs_v3
AL2G20030	scaffold_5_RagTag	85.43	302	29	13	4195	4490	1786916	1786624	3.73e-79	300	MN47_mabs_v3
AL2G20030	scaffold_5_RagTag	83.946	299	39	8	4195	4490	4601317	4601025	1.75e-72	278	MN47_mabs_v3
AL2G20030	scaffold_5_RagTag	77.578	446	78	12	3869	4296	2478862	2478421	3.81e-64	250	MN47_mabs_v3
AL2G20030	scaffold_5_RagTag	81.759	307	41	14	4158	4457	4601274	4600976	6.38e-62	243	MN47_mabs_v3
AL2G20030	scaffold_5_RagTag	81.433	307	45	11	4158	4459	1786873	1786574	2.29e-61	241	MN47_mabs_v3
AL2G20030	scaffold_5_RagTag	86.344	227	23	8	4278	4500	1786611	1786833	2.29e-61	241	MN47_mabs_v3
AL2G20030	scaffold_5_RagTag	82.332	283	31	11	4154	4423	1786734	1787010	1.79e-57	228	MN47_mabs_v3
AL2G20030	scaffold_5_RagTag	81.852	270	40	6	4158	4423	4601056	4601320	1.07e-54	219	MN47_mabs_v3
AL2G20030	scaffold_5_RagTag	80.936	299	38	11	2753	3050	4650726	4651006	1.07e-54	219	MN47_mabs_v3
AL2G20030	scaffold_5_RagTag	79.876	323	37	21	4195	4500	1787007	1786696	1.8e-52	211	MN47_mabs_v3
AL2G20030	scaffold_5_RagTag	79	200	24	12	4154	4340	1786815	1787009	3.12e-25	121	MN47_mabs_v3
AL2G20070	scaffold_2_RagTag	100	1356	0	0	1	1356	11146272	11144917	0	2505	MN47_mabs_v3
AL2G20070	scaffold_2_RagTag	100	1356	0	0	1	1356	12482382	12483737	0	2505	MN47_mabs_v3
AL2G20070	scaffold_2_RagTag	92.341	1149	76	6	64	1203	11207129	11205984	0	1624	MN47_mabs_v3
AL2G20070	scaffold_2_RagTag	91.829	1126	71	12	201	1314	12595338	12594222	0	1550	MN47_mabs_v3
AL2G20070	scaffold_2_RagTag	94.635	727	37	2	589	1314	11217372	11216647	0	1125	MN47_mabs_v3
AL2G20070	scaffold_2_RagTag	86.994	692	70	15	628	1317	11221495	11220822	0	761	MN47_mabs_v3
AL2G20070	scaffold_2_RagTag	91.126	293	21	5	197	487	11217714	11217425	1.78e-107	392	MN47_mabs_v3
AL2G20070	scaffold_2_RagTag	79.266	463	52	23	89	534	11222012	11221577	1.12e-74	283	MN47_mabs_v3
AL2G20070	scaffold_2_RagTag	87.619	210	12	9	1105	1314	11205952	11205757	4.1e-59	231	MN47_mabs_v3
AL2G20070	scaffold_2_RagTag	81.657	169	19	8	4	167	11217971	11217810	1.54e-28	130	MN47_mabs_v3
AL2G20070	scaffold_6_RagTag	88.757	1263	87	14	64	1317	13606158	13604942	0	1495	MN47_mabs_v3
AL2G20200	scaffold_2_RagTag	100	1905	0	0	1	1905	12593541	12595445	0	3518	MN47_mabs_v3
AL2G20200	scaffold_2_RagTag	89.804	1275	96	18	153	1410	11216115	11217372	0	1604	MN47_mabs_v3
AL2G20200	scaffold_2_RagTag	91.829	1126	71	12	682	1798	11144959	11146072	0	1550	MN47_mabs_v3
AL2G20200	scaffold_2_RagTag	91.829	1126	71	12	682	1798	12483695	12482582	0	1550	MN47_mabs_v3
AL2G20200	scaffold_2_RagTag	87.004	1362	128	28	1	1356	11220162	11221480	0	1489	MN47_mabs_v3
AL2G20200	scaffold_2_RagTag	89.716	1021	83	16	796	1798	11205979	11206995	0	1284	MN47_mabs_v3
AL2G20200	scaffold_2_RagTag	86.009	436	29	16	472	898	11205540	11205952	3.18e-121	438	MN47_mabs_v3
AL2G20200	scaffold_2_RagTag	90.385	312	25	4	1512	1821	11217425	11217733	3.23e-111	405	MN47_mabs_v3
AL2G20200	scaffold_2_RagTag	83.036	336	35	10	1465	1786	11221577	11221904	4.39e-75	285	MN47_mabs_v3
AL2G20200	scaffold_2_RagTag	89.394	66	4	3	468	531	11216359	11216423	2.22e-13	80.5	MN47_mabs_v3
AL2G20200	scaffold_2_RagTag	89.583	48	1	3	1433	1476	11221520	11221567	1.04e-06	58.4	MN47_mabs_v3
AL2G20200	scaffold_6_RagTag	87.483	1430	121	36	416	1821	13604676	13606071	0	1596	MN47_mabs_v3
AL2G20200	scaffold_6_RagTag	93.548	62	4	0	416	477	13604721	13604782	2.85e-17	93.5	MN47_mabs_v3
AL6G40220	scaffold_6_RagTag	100	1513	0	0	1	1513	13604676	13606188	0	2795	MN47_mabs_v3
AL6G40220	scaffold_2_RagTag	95.711	1189	29	1	347	1513	11205971	11207159	0	1893	MN47_mabs_v3
AL6G40220	scaffold_2_RagTag	87.483	1430	121	36	1	1396	12593956	12595361	0	1596	MN47_mabs_v3
AL6G40220	scaffold_2_RagTag	88.757	1263	87	14	267	1483	11144956	11146209	0	1495	MN47_mabs_v3
AL6G40220	scaffold_2_RagTag	88.81	1260	86	14	270	1483	12483695	12482445	0	1495	MN47_mabs_v3
AL6G40220	scaffold_2_RagTag	90.728	1003	59	17	1	974	11216375	11217372	0	1306	MN47_mabs_v3
AL6G40220	scaffold_2_RagTag	86.823	941	85	22	1	920	11220558	11221480	0	1014	MN47_mabs_v3
AL6G40220	scaffold_2_RagTag	86.635	419	32	14	58	458	11205540	11205952	1.95e-122	442	MN47_mabs_v3
AL6G40220	scaffold_2_RagTag	82.04	451	37	22	1039	1461	11221578	11222012	5.64e-93	344	MN47_mabs_v3
AL6G40220	scaffold_2_RagTag	85.397	315	39	6	1085	1397	11217425	11217734	9.51e-86	320	MN47_mabs_v3
AL6G40220	scaffold_2_RagTag	82.514	183	12	13	1309	1483	11217742	11217912	2.21e-32	143	MN47_mabs_v3
AL6G40220	scaffold_2_RagTag	93.548	62	4	0	46	107	12593956	12594017	2.26e-17	93.5	MN47_mabs_v3
AL2G20010	scaffold_2_RagTag	100	1934	0	0	1	1934	11222093	11220160	0	3572	MN47_v4
AL2G20010	scaffold_2_RagTag	86.43	1437	125	27	538	1932	11217408	11216000	0	1509	MN47_v4
AL2G20010	scaffold_2_RagTag	87.023	1364	128	28	614	1934	12594896	12593539	0	1493	MN47_v4
AL2G20010	scaffold_2_RagTag	86.994	692	70	15	599	1272	11145645	11144956	0	761	MN47_v4
AL2G20010	scaffold_2_RagTag	87.083	689	69	15	599	1269	12483009	12483695	0	761	MN47_v4
AL2G20010	scaffold_2_RagTag	84.829	613	64	13	611	1208	11206547	11205949	8.43e-167	590	MN47_v4
AL2G20010	scaffold_2_RagTag	89.671	426	23	11	1063	1480	11205952	11205540	8.67e-147	523	MN47_v4
AL2G20010	scaffold_2_RagTag	80.994	463	42	25	82	516	11207107	11206663	2.62e-87	326	MN47_v4
AL2G20010	scaffold_2_RagTag	83.036	336	35	10	190	517	12595326	12595005	4.45e-75	285	MN47_v4
AL2G20010	scaffold_2_RagTag	79.266	463	52	23	82	517	11146184	11145739	1.6e-74	283	MN47_v4
AL2G20010	scaffold_2_RagTag	79.07	473	53	25	73	517	12482461	12482915	1.6e-74	283	MN47_v4
AL2G20010	scaffold_2_RagTag	81.469	286	34	6	191	469	11217698	11217425	1.65e-54	217	MN47_v4
AL2G20010	scaffold_2_RagTag	92.683	123	8	1	118	240	12595517	12595396	2.8e-42	176	MN47_v4
AL2G20010	scaffold_2_RagTag	97.561	41	1	0	1496	1536	11205590	11205550	1.36e-10	71.3	MN47_v4
AL2G20010	scaffold_6_RagTag	86.823	941	85	22	614	1536	13605595	13604676	0	1014	MN47_v4
AL2G20010	scaffold_6_RagTag	82.04	451	37	22	82	516	13606136	13605714	7.24e-93	344	MN47_v4
AL2G20020	scaffold_2_RagTag	100	1975	0	0	1	1975	11217974	11216000	0	3648	MN47_v4
AL2G20020	scaffold_2_RagTag	89.804	1275	96	18	603	1860	12594950	12593693	0	1604	MN47_v4
AL2G20020	scaffold_2_RagTag	86.43	1437	125	27	567	1975	11221556	11220162	0	1509	MN47_v4
AL2G20020	scaffold_2_RagTag	94.635	727	37	2	603	1328	11145684	11144959	0	1125	MN47_v4
AL2G20020	scaffold_2_RagTag	94.521	730	38	2	600	1328	12482967	12483695	0	1125	MN47_v4
AL2G20020	scaffold_2_RagTag	94.525	621	32	2	603	1222	11206598	11205979	0	957	MN47_v4
AL2G20020	scaffold_2_RagTag	86.014	429	34	12	1119	1537	11205952	11205540	1.19e-120	436	MN47_v4
AL2G20020	scaffold_2_RagTag	90.385	312	25	4	242	550	12595361	12595052	3.35e-111	405	MN47_v4
AL2G20020	scaffold_2_RagTag	91.126	293	21	5	261	550	11146076	11145786	2.6e-107	392	MN47_v4
AL2G20020	scaffold_2_RagTag	91.126	293	21	5	261	550	12482578	12482868	2.6e-107	392	MN47_v4
AL2G20020	scaffold_2_RagTag	86.007	293	36	5	261	550	11206999	11206709	2.7e-82	309	MN47_v4
AL2G20020	scaffold_2_RagTag	81.469	286	34	6	277	550	11221903	11221625	1.68e-54	217	MN47_v4
AL2G20020	scaffold_2_RagTag	81.548	168	21	7	4	165	11146269	11146106	2.26e-28	130	MN47_v4
AL2G20020	scaffold_2_RagTag	81.287	171	22	7	1	165	12482382	12482548	2.26e-28	130	MN47_v4
AL2G20020	scaffold_2_RagTag	85.437	103	13	2	63	165	11207129	11207029	3.8e-21	106	MN47_v4
AL2G20020	scaffold_2_RagTag	89.394	66	4	3	1552	1616	12594071	12594008	2.3e-13	80.5	MN47_v4
AL2G20020	scaffold_2_RagTag	91.228	57	3	2	1487	1541	11216415	11216359	2.98e-12	76.8	MN47_v4
AL2G20020	scaffold_2_RagTag	91.228	57	3	2	1560	1616	11216488	11216434	2.98e-12	76.8	MN47_v4
AL2G20020	scaffold_2_RagTag	94.444	36	2	0	1553	1588	11205575	11205540	3.88e-06	56.5	MN47_v4
AL2G20020	scaffold_6_RagTag	90.746	1005	59	17	603	1602	13605649	13604674	0	1310	MN47_v4
AL2G20020	scaffold_6_RagTag	85.397	315	39	6	241	550	13606072	13605760	1.25e-85	320	MN47_v4
AL2G20020	scaffold_6_RagTag	82.418	182	14	12	63	233	13606158	13605984	2.9e-32	143	MN47_v4
AL2G20030	scaffold_2_RagTag	99.956	4500	2	0	1	4500	11207159	11202660	0	8299	MN47_v4
AL2G20030	scaffold_2_RagTag	92.341	1149	76	6	31	1176	11146209	11145070	0	1624	MN47_v4
AL2G20030	scaffold_2_RagTag	92.341	1149	76	6	31	1176	12482445	12483584	0	1624	MN47_v4
AL2G20030	scaffold_2_RagTag	89.716	1021	83	16	165	1181	12595338	12594336	0	1284	MN47_v4
AL2G20030	scaffold_2_RagTag	94.525	621	32	2	562	1181	11217372	11216753	0	957	MN47_v4
AL2G20030	scaffold_2_RagTag	93.012	644	33	3	3869	4500	7751887	7751244	0	929	MN47_v4
AL2G20030	scaffold_2_RagTag	91.757	643	40	4	3869	4500	1449010	1448370	0	881	MN47_v4
AL2G20030	scaffold_2_RagTag	91.602	643	41	4	3869	4500	22225635	22226275	0	876	MN47_v4
AL2G20030	scaffold_2_RagTag	91.817	611	37	3	3901	4500	22161847	22161239	0	839	MN47_v4
AL2G20030	scaffold_2_RagTag	90.64	641	36	9	3869	4498	8252059	8252686	0	830	MN47_v4
AL2G20030	scaffold_2_RagTag	92.028	577	23	7	3869	4423	3066369	3065794	0	789	MN47_v4
AL2G20030	scaffold_2_RagTag	90.989	566	28	7	3869	4423	5401387	5400834	0	741	MN47_v4
AL2G20030	scaffold_2_RagTag	84.829	613	64	13	613	1211	11221483	11220886	1.98e-166	590	MN47_v4
AL2G20030	scaffold_2_RagTag	89.671	426	23	11	1208	1620	11221031	11220614	2.03e-146	523	MN47_v4
AL2G20030	scaffold_2_RagTag	86.009	436	29	16	1208	1620	12594438	12594012	7.58e-121	438	MN47_v4
AL2G20030	scaffold_2_RagTag	86.014	429	34	12	1208	1620	11216856	11216438	2.72e-120	436	MN47_v4
AL2G20030	scaffold_2_RagTag	88.604	351	28	9	2753	3091	312998	313348	3.55e-114	416	MN47_v4
AL2G20030	scaffold_2_RagTag	88.604	351	29	8	2753	3092	5082287	5081937	3.55e-114	416	MN47_v4
AL2G20030	scaffold_2_RagTag	87.714	350	32	6	2753	3091	6095269	6095618	1.29e-108	398	MN47_v4
AL2G20030	scaffold_2_RagTag	87.644	348	32	6	2753	3089	15559134	15559481	1.66e-107	394	MN47_v4
AL2G20030	scaffold_2_RagTag	87.941	340	30	6	2762	3090	12103220	12103559	2.15e-106	390	MN47_v4
AL2G20030	scaffold_2_RagTag	87.725	334	36	3	2752	3082	19819329	19818998	1e-104	385	MN47_v4
AL2G20030	scaffold_2_RagTag	87.688	333	36	3	2753	3082	19691977	19692307	3.6e-104	383	MN47_v4
AL2G20030	scaffold_2_RagTag	86.857	350	35	6	2753	3091	18917671	18917322	1.29e-103	381	MN47_v4
AL2G20030	scaffold_2_RagTag	87.39	341	32	6	2753	3082	21601759	21602099	1.29e-103	381	MN47_v4
AL2G20030	scaffold_2_RagTag	86.782	348	35	6	2753	3089	2283792	2283445	1.67e-102	377	MN47_v4
AL2G20030	scaffold_2_RagTag	86.364	352	37	6	2753	3093	1602378	1602027	2.17e-101	374	MN47_v4
AL2G20030	scaffold_2_RagTag	87.021	339	33	6	2755	3082	14900650	14900988	7.79e-101	372	MN47_v4
AL2G20030	scaffold_2_RagTag	86.765	340	34	6	2757	3085	20235039	20234700	1.01e-99	368	MN47_v4
AL2G20030	scaffold_2_RagTag	86.51	341	35	6	2753	3082	634739	635079	1.3e-98	364	MN47_v4
AL2G20030	scaffold_2_RagTag	86.337	344	36	6	2753	3085	2092488	2092145	1.3e-98	364	MN47_v4
AL2G20030	scaffold_2_RagTag	87.048	332	32	6	2770	3090	13231738	13232069	1.3e-98	364	MN47_v4
AL2G20030	scaffold_2_RagTag	85.879	347	39	9	4158	4500	1448629	1448289	1.69e-97	361	MN47_v4
AL2G20030	scaffold_2_RagTag	86.527	334	32	6	2763	3083	19371768	19372101	7.85e-96	355	MN47_v4
AL2G20030	scaffold_2_RagTag	85.591	347	40	9	4158	4500	22226016	22226356	7.85e-96	355	MN47_v4
AL2G20030	scaffold_2_RagTag	87.789	303	25	8	2753	3044	22102487	22102186	1.7e-92	344	MN47_v4
AL2G20030	scaffold_2_RagTag	84.956	339	36	10	2784	3108	13231753	13231416	4.76e-88	329	MN47_v4
AL2G20030	scaffold_2_RagTag	80.952	462	44	25	53	497	11222012	11221578	6.15e-87	326	MN47_v4
AL2G20030	scaffold_2_RagTag	83.929	336	40	12	4158	4487	1448330	1448657	6.2e-82	309	MN47_v4
AL2G20030	scaffold_2_RagTag	86.007	293	36	5	161	451	11217714	11217425	6.2e-82	309	MN47_v4
AL2G20030	scaffold_2_RagTag	83.824	340	39	14	4158	4490	22226315	22225985	6.2e-82	309	MN47_v4
AL2G20030	scaffold_2_RagTag	89.286	252	18	8	3319	3562	15251118	15250868	2.23e-81	307	MN47_v4
AL2G20030	scaffold_2_RagTag	84.127	315	38	10	4192	4500	11202655	11202963	1.74e-77	294	MN47_v4
AL2G20030	scaffold_2_RagTag	88.353	249	23	4	3320	3562	19521989	19522237	1.74e-77	294	MN47_v4
AL2G20030	scaffold_2_RagTag	84.667	300	35	8	4192	4487	22161234	22161526	8.07e-76	289	MN47_v4
AL2G20030	scaffold_2_RagTag	83.228	316	40	11	4192	4500	7751239	7751548	1.75e-72	278	MN47_v4
AL2G20030	scaffold_2_RagTag	90.865	208	16	3	2883	3090	14080560	14080356	6.29e-72	276	MN47_v4
AL2G20030	scaffold_2_RagTag	88.496	226	21	5	4278	4500	7751550	7751327	1.05e-69	268	MN47_v4
AL2G20030	scaffold_2_RagTag	82.792	308	39	13	4158	4459	1448411	1448710	4.89e-68	263	MN47_v4
AL2G20030	scaffold_2_RagTag	88.158	228	17	9	4278	4500	5401061	5400839	4.89e-68	263	MN47_v4
AL2G20030	scaffold_2_RagTag	82.736	307	41	11	4158	4459	22226234	22225935	4.89e-68	263	MN47_v4
AL2G20030	scaffold_2_RagTag	83.929	280	37	7	4183	4459	7751313	7751587	1.76e-67	261	MN47_v4
AL2G20030	scaffold_2_RagTag	82.468	308	42	12	4158	4459	11202701	11203002	6.33e-67	259	MN47_v4
AL2G20030	scaffold_2_RagTag	82.019	317	37	17	4192	4500	1448284	1448588	1.06e-64	252	MN47_v4
AL2G20030	scaffold_2_RagTag	84.015	269	35	7	4158	4423	1448547	1448284	1.06e-64	252	MN47_v4
AL2G20030	scaffold_2_RagTag	82.085	307	43	11	4158	4459	22161280	22161579	1.06e-64	252	MN47_v4
AL2G20030	scaffold_2_RagTag	84.074	270	33	9	4158	4423	22226098	22226361	1.06e-64	252	MN47_v4
AL2G20030	scaffold_2_RagTag	83.764	271	35	8	4192	4459	5400834	5401098	1.37e-63	248	MN47_v4
AL2G20030	scaffold_2_RagTag	81.905	315	35	19	4195	4500	22226358	22226057	4.93e-63	246	MN47_v4
AL2G20030	scaffold_2_RagTag	83.456	272	34	9	4158	4423	11202921	11202655	6.37e-62	243	MN47_v4
AL2G20030	scaffold_2_RagTag	83.521	267	32	12	4239	4500	1448710	1448451	8.25e-61	239	MN47_v4
AL2G20030	scaffold_2_RagTag	84.836	244	29	7	4184	4423	8252454	8252693	8.25e-61	239	MN47_v4
AL2G20030	scaffold_2_RagTag	83.459	266	35	8	4239	4500	11203002	11202742	8.25e-61	239	MN47_v4
AL2G20030	scaffold_2_RagTag	85.903	227	24	8	4278	4500	22225972	22226194	1.07e-59	235	MN47_v4
AL2G20030	scaffold_2_RagTag	87.619	210	12	9	1208	1403	11145168	11144959	1.38e-58	231	MN47_v4
AL2G20030	scaffold_2_RagTag	87.619	210	12	9	1208	1403	12483486	12483695	1.38e-58	231	MN47_v4
AL2G20030	scaffold_2_RagTag	82.657	271	36	8	4158	4423	22161498	22161234	4.96e-58	230	MN47_v4
AL2G20030	scaffold_2_RagTag	85.169	236	20	5	4278	4500	3066032	3065799	1.79e-57	228	MN47_v4
AL2G20030	scaffold_2_RagTag	82.206	281	32	12	4192	4459	3065794	3066069	6.42e-57	226	MN47_v4
AL2G20030	scaffold_2_RagTag	81.695	295	31	13	4201	4490	8252685	8252409	2.31e-56	224	MN47_v4
AL2G20030	scaffold_2_RagTag	84.12	233	29	7	4195	4423	7751467	7751239	1.07e-54	219	MN47_v4
AL2G20030	scaffold_2_RagTag	88.506	174	13	7	4330	4500	8252438	8252607	3.01e-50	204	MN47_v4
AL2G20030	scaffold_2_RagTag	80.142	282	31	13	4158	4432	8252647	8252384	3.03e-45	187	MN47_v4
AL2G20030	scaffold_2_RagTag	83.784	185	23	7	4158	4338	5400880	5401061	1.1e-39	169	MN47_v4
AL2G20030	scaffold_2_RagTag	80.889	225	33	8	4158	4377	11202783	11203002	1.1e-39	169	MN47_v4
AL2G20030	scaffold_2_RagTag	81.223	229	23	11	4274	4487	3065793	3066016	3.95e-39	167	MN47_v4
AL2G20030	scaffold_2_RagTag	86.842	152	15	4	4189	4338	3065884	3066032	1.42e-38	165	MN47_v4
AL2G20030	scaffold_2_RagTag	82.065	184	28	5	4158	4338	22226153	22225972	1.11e-34	152	MN47_v4
AL2G20030	scaffold_2_RagTag	81.72	186	25	8	4158	4338	1448492	1448673	5.14e-33	147	MN47_v4
AL2G20030	scaffold_2_RagTag	80.628	191	27	9	4154	4340	22161419	22161235	8.6e-31	139	MN47_v4
AL2G20030	scaffold_2_RagTag	80.749	187	27	8	4158	4340	1448466	1448285	3.09e-30	137	MN47_v4
AL2G20030	scaffold_2_RagTag	84.138	145	15	7	4360	4500	3066032	3065892	4e-29	134	MN47_v4
AL2G20030	scaffold_2_RagTag	82.639	144	20	5	4360	4500	5401061	5400920	8.67e-26	122	MN47_v4
AL2G20030	scaffold_2_RagTag	87.619	105	11	2	4237	4340	3065898	3065795	3.12e-25	121	MN47_v4
AL2G20030	scaffold_2_RagTag	83.916	143	6	8	1078	1211	11205952	11205818	3.12e-25	121	MN47_v4
AL2G20030	scaffold_2_RagTag	83.916	143	6	8	1208	1342	11206082	11205949	3.12e-25	121	MN47_v4
AL2G20030	scaffold_2_RagTag	78.836	189	30	9	4158	4340	7751424	7751240	1.12e-24	119	MN47_v4
AL2G20030	scaffold_2_RagTag	82.313	147	15	10	4360	4500	1448673	1448532	4.03e-24	117	MN47_v4
AL2G20030	scaffold_2_RagTag	82.192	146	17	8	4360	4500	22225972	22226113	4.03e-24	117	MN47_v4
AL2G20030	scaffold_2_RagTag	85.577	104	11	3	31	131	11217912	11217810	8.73e-21	106	MN47_v4
AL2G20030	scaffold_2_RagTag	77.957	186	21	11	4158	4338	8252566	8252396	1.46e-18	99	MN47_v4
AL2G20030	scaffold_2_RagTag	90.625	64	2	4	3504	3563	15640431	15640494	1.47e-13	82.4	MN47_v4
AL2G20030	scaffold_2_RagTag	82.418	91	12	3	4412	4500	8252438	8252526	6.84e-12	76.8	MN47_v4
AL2G20030	scaffold_2_RagTag	97.561	41	1	0	1570	1610	11220598	11220558	3.18e-10	71.3	MN47_v4
AL2G20030	scaffold_2_RagTag	95.349	43	2	0	3523	3565	15774989	15775031	1.14e-09	69.4	MN47_v4
AL2G20030	scaffold_2_RagTag	100	31	0	0	3869	3899	22161866	22161836	2.48e-06	58.4	MN47_v4
AL2G20030	scaffold_2_RagTag	94.444	36	2	0	1585	1620	11216422	11216387	8.91e-06	56.5	MN47_v4
AL2G20030	scaffold_6_RagTag	98.041	1174	15	6	2605	3773	13739308	13738138	0	2034	MN47_v4
AL2G20030	scaffold_6_RagTag	95.711	1189	29	1	1	1189	13606188	13605022	0	1893	MN47_v4
AL2G20030	scaffold_6_RagTag	86.189	572	44	18	3869	4423	6200201	6199648	2.56e-165	586	MN47_v4
AL2G20030	scaffold_6_RagTag	86.635	419	32	14	1208	1620	13605133	13604733	5.86e-122	442	MN47_v4
AL2G20030	scaffold_6_RagTag	91.693	313	23	3	4188	4500	6199962	6199653	1.27e-118	431	MN47_v4
AL2G20030	scaffold_6_RagTag	87.644	348	32	6	2753	3089	23864502	23864155	1.66e-107	394	MN47_v4
AL2G20030	scaffold_6_RagTag	87.977	341	28	10	2754	3082	4887183	4886844	2.15e-106	390	MN47_v4
AL2G20030	scaffold_6_RagTag	87.683	341	31	6	2753	3082	11593572	11593912	2.78e-105	387	MN47_v4
AL2G20030	scaffold_6_RagTag	87.683	341	31	6	2753	3082	20475671	20476011	2.78e-105	387	MN47_v4
AL2G20030	scaffold_6_RagTag	86.932	352	35	6	2753	3093	24093082	24093433	1e-104	385	MN47_v4
AL2G20030	scaffold_6_RagTag	86.857	350	35	6	2753	3091	11428424	11428075	1.29e-103	381	MN47_v4
AL2G20030	scaffold_6_RagTag	86.857	350	32	8	2753	3091	5944593	5944939	4.66e-103	379	MN47_v4
AL2G20030	scaffold_6_RagTag	86.819	349	35	6	2753	3090	12414967	12414619	4.66e-103	379	MN47_v4
AL2G20030	scaffold_6_RagTag	86.313	358	38	6	2753	3099	20326638	20326281	4.66e-103	379	MN47_v4
AL2G20030	scaffold_6_RagTag	86.782	348	35	6	2753	3089	1823693	1823346	1.67e-102	377	MN47_v4
AL2G20030	scaffold_6_RagTag	87.135	342	32	5	2753	3082	23830721	23831062	1.67e-102	377	MN47_v4
AL2G20030	scaffold_6_RagTag	86.782	348	35	6	2753	3089	23918791	23918444	1.67e-102	377	MN47_v4
AL2G20030	scaffold_6_RagTag	86.275	357	35	9	2753	3096	8398512	8398157	6.02e-102	375	MN47_v4
AL2G20030	scaffold_6_RagTag	86.494	348	36	7	2753	3089	10488123	10488470	7.79e-101	372	MN47_v4
AL2G20030	scaffold_6_RagTag	87.387	333	31	9	2755	3076	17821670	17822002	7.79e-101	372	MN47_v4
AL2G20030	scaffold_6_RagTag	86.494	348	36	6	2753	3089	23781954	23781607	7.79e-101	372	MN47_v4
AL2G20030	scaffold_6_RagTag	86.628	344	35	6	2753	3085	19805775	19805432	2.8e-100	370	MN47_v4
AL2G20030	scaffold_6_RagTag	86.765	340	34	8	2762	3090	14870569	14870908	1.01e-99	368	MN47_v4
AL2G20030	scaffold_6_RagTag	86.51	341	35	6	2753	3082	6377703	6378043	1.3e-98	364	MN47_v4
AL2G20030	scaffold_6_RagTag	86.257	342	33	8	2754	3082	12909823	12909483	6.07e-97	359	MN47_v4
AL2G20030	scaffold_6_RagTag	87.379	309	28	6	2753	3050	11572980	11573288	1.7e-92	344	MN47_v4
AL2G20030	scaffold_6_RagTag	87.379	309	28	6	2753	3050	11583276	11583584	1.7e-92	344	MN47_v4
AL2G20030	scaffold_6_RagTag	85.079	315	33	12	4192	4500	6199648	6199954	6.2e-82	309	MN47_v4
AL2G20030	scaffold_6_RagTag	89.243	251	19	7	3319	3562	8739694	8739445	2.23e-81	307	MN47_v4
AL2G20030	scaffold_6_RagTag	84.444	270	32	9	4158	4422	6199694	6199958	2.28e-66	257	MN47_v4
AL2G20030	scaffold_6_RagTag	87.281	228	21	8	4277	4500	6199957	6199734	2.95e-65	254	MN47_v4
AL2G20030	scaffold_6_RagTag	89.005	191	21	0	2892	3082	5944588	5944398	2.97e-60	237	MN47_v4
AL2G20030	scaffold_6_RagTag	82.258	186	28	5	4158	4340	6199775	6199958	8.54e-36	156	MN47_v4
AL2G20030	scaffold_6_RagTag	81.152	191	26	9	4154	4340	6199833	6199649	1.85e-32	145	MN47_v4
AL2G20030	scaffold_6_RagTag	82.313	147	17	8	4359	4500	6199957	6199815	1.12e-24	119	MN47_v4
AL2G20030	scaffold_8_RagTag	94.207	656	15	6	1903	2554	223257	222621	0	979	MN47_v4
AL2G20030	scaffold_8_RagTag	91.757	643	40	4	3869	4500	23521963	23522603	0	881	MN47_v4
AL2G20030	scaffold_8_RagTag	93.122	567	27	4	3869	4423	4677890	4677324	0	821	MN47_v4
AL2G20030	scaffold_8_RagTag	92.769	567	28	4	3869	4423	16003688	16004253	0	808	MN47_v4
AL2G20030	scaffold_8_RagTag	87.464	351	32	8	2753	3091	5586195	5585845	1.66e-107	394	MN47_v4
AL2G20030	scaffold_8_RagTag	87.143	350	34	6	2753	3091	736555	736206	2.78e-105	387	MN47_v4
AL2G20030	scaffold_8_RagTag	87.39	341	32	6	2753	3082	1622320	1622660	1.29e-103	381	MN47_v4
AL2G20030	scaffold_8_RagTag	87.725	334	30	6	2753	3075	12562626	12562959	4.66e-103	379	MN47_v4
AL2G20030	scaffold_8_RagTag	86.648	352	35	7	2753	3092	20981437	20981788	4.66e-103	379	MN47_v4
AL2G20030	scaffold_8_RagTag	86.919	344	34	6	2753	3085	2023678	2023335	6.02e-102	375	MN47_v4
AL2G20030	scaffold_8_RagTag	86.944	337	33	6	2755	3080	13415309	13414973	1.01e-99	368	MN47_v4
AL2G20030	scaffold_8_RagTag	85.303	347	41	9	4158	4500	23522344	23522684	3.65e-94	350	MN47_v4
AL2G20030	scaffold_8_RagTag	94.787	211	7	2	3563	3773	222304	222098	6.15e-87	326	MN47_v4
AL2G20030	scaffold_8_RagTag	90.4	250	18	5	3319	3562	22293445	22293196	2.21e-86	324	MN47_v4
AL2G20030	scaffold_8_RagTag	82.544	338	47	11	4158	4490	23522643	23522313	2.9e-75	287	MN47_v4
AL2G20030	scaffold_8_RagTag	88.053	226	22	5	4278	4500	16004025	16004248	4.89e-68	263	MN47_v4
AL2G20030	scaffold_8_RagTag	84.758	269	31	9	4195	4459	16004250	16003988	1.76e-67	261	MN47_v4
AL2G20030	scaffold_8_RagTag	87.665	227	22	6	4278	4500	4677553	4677329	6.33e-67	259	MN47_v4
AL2G20030	scaffold_8_RagTag	81.818	308	42	13	4158	4459	23522562	23522263	4.93e-63	246	MN47_v4
AL2G20030	scaffold_8_RagTag	81.847	314	37	17	4195	4500	23522686	23522385	4.93e-63	246	MN47_v4
AL2G20030	scaffold_8_RagTag	83.643	269	36	7	4158	4423	23522426	23522689	4.93e-63	246	MN47_v4
AL2G20030	scaffold_8_RagTag	83.088	272	37	8	4192	4459	4677324	4677590	8.25e-61	239	MN47_v4
AL2G20030	scaffold_8_RagTag	85.022	227	26	8	4278	4500	23522300	23522522	2.31e-56	224	MN47_v4
AL2G20030	scaffold_8_RagTag	83.621	232	15	5	3087	3318	222505	222297	5.03e-48	196	MN47_v4
AL2G20030	scaffold_8_RagTag	83.562	219	26	8	4277	4490	16004251	16004038	5.03e-48	196	MN47_v4
AL2G20030	scaffold_8_RagTag	92.366	131	10	0	2952	3082	13119621	13119751	3.03e-45	187	MN47_v4
AL2G20030	scaffold_8_RagTag	84.783	184	24	4	4158	4338	16004207	16004025	1.41e-43	182	MN47_v4
AL2G20030	scaffold_8_RagTag	81.116	233	34	9	4274	4500	4677323	4677551	1.82e-42	178	MN47_v4
AL2G20030	scaffold_8_RagTag	85.35	157	21	2	4183	4338	4677398	4677553	1.84e-37	161	MN47_v4
AL2G20030	scaffold_8_RagTag	94.118	102	5	1	2652	2752	222606	222505	3.07e-35	154	MN47_v4
AL2G20030	scaffold_8_RagTag	81.622	185	27	7	4158	4338	23522481	23522300	5.14e-33	147	MN47_v4
AL2G20030	scaffold_8_RagTag	84.247	146	14	7	4360	4500	16004025	16004166	4e-29	134	MN47_v4
AL2G20030	scaffold_8_RagTag	80.319	188	28	8	4158	4340	16004069	16004252	4e-29	134	MN47_v4
AL2G20030	scaffold_8_RagTag	80.214	187	28	8	4158	4340	23522507	23522688	1.44e-28	132	MN47_v4
AL2G20030	scaffold_8_RagTag	83.448	145	17	6	4360	4500	4677553	4677412	1.86e-27	128	MN47_v4
AL2G20030	scaffold_8_RagTag	81.633	147	16	10	4360	4500	23522300	23522441	1.88e-22	111	MN47_v4
AL2G20030	scaffold_8_RagTag	81.25	144	20	6	4201	4340	4677465	4677325	6.75e-22	110	MN47_v4
AL2G20030	scaffold_8_RagTag	97.872	47	1	0	1845	1891	224512	224466	1.47e-13	82.4	MN47_v4
AL2G20030	scaffold_7_RagTag	94.255	644	26	2	3868	4500	16197583	16198226	0	974	MN47_v4
AL2G20030	scaffold_7_RagTag	93.196	632	41	1	3869	4500	25636759	25637388	0	928	MN47_v4
AL2G20030	scaffold_7_RagTag	92.857	644	24	6	3868	4500	15764141	15764773	0	915	MN47_v4
AL2G20030	scaffold_7_RagTag	92.857	644	23	3	3868	4500	15958164	15958795	0	913	MN47_v4
AL2G20030	scaffold_7_RagTag	92.236	644	37	4	3869	4500	10117041	10116399	0	900	MN47_v4
AL2G20030	scaffold_7_RagTag	92.068	643	38	4	3869	4500	16727389	16726749	0	893	MN47_v4
AL2G20030	scaffold_7_RagTag	91.913	643	39	4	3869	4500	25983484	25984124	0	887	MN47_v4
AL2G20030	scaffold_7_RagTag	91.135	643	35	3	3869	4500	24859165	24858534	0	852	MN47_v4
AL2G20030	scaffold_7_RagTag	88.199	644	29	11	3869	4500	16814363	16813755	0	725	MN47_v4
AL2G20030	scaffold_7_RagTag	87.966	349	31	6	2753	3090	27004777	27005125	9.94e-110	401	MN47_v4
AL2G20030	scaffold_7_RagTag	87.179	351	33	7	2753	3092	14498439	14498788	7.74e-106	388	MN47_v4
AL2G20030	scaffold_7_RagTag	87.576	330	36	3	2753	3079	14944868	14944541	1.67e-102	377	MN47_v4
AL2G20030	scaffold_7_RagTag	86.919	344	34	5	2753	3085	2149728	2149385	6.02e-102	375	MN47_v4
AL2G20030	scaffold_7_RagTag	86.765	340	34	6	2762	3090	4478949	4478610	1.01e-99	368	MN47_v4
AL2G20030	scaffold_7_RagTag	86.51	341	35	7	2753	3082	23055430	23055770	1.3e-98	364	MN47_v4
AL2G20030	scaffold_7_RagTag	84.438	347	44	9	4158	4500	25983865	25984205	3.68e-89	333	MN47_v4
AL2G20030	scaffold_7_RagTag	86.306	314	30	7	2754	3055	13315494	13315806	4.76e-88	329	MN47_v4
AL2G20030	scaffold_7_RagTag	85.276	326	36	7	2753	3066	17675319	17674994	6.15e-87	326	MN47_v4
AL2G20030	scaffold_7_RagTag	85.256	312	34	10	4195	4500	16198228	16197923	1.72e-82	311	MN47_v4
AL2G20030	scaffold_7_RagTag	85.39	308	34	9	4195	4497	15958797	15958496	6.2e-82	309	MN47_v4
AL2G20030	scaffold_7_RagTag	85.209	311	35	9	4192	4497	24858529	24858833	6.2e-82	309	MN47_v4
AL2G20030	scaffold_7_RagTag	83.631	336	41	11	2754	3082	11072687	11073015	2.88e-80	303	MN47_v4
AL2G20030	scaffold_7_RagTag	83.186	339	43	11	4158	4490	25984164	25983834	1.34e-78	298	MN47_v4
AL2G20030	scaffold_7_RagTag	85	300	34	9	4192	4487	16726744	16727036	1.74e-77	294	MN47_v4
AL2G20030	scaffold_7_RagTag	84.718	301	33	10	4195	4490	25637390	25637098	8.07e-76	289	MN47_v4
AL2G20030	scaffold_7_RagTag	83.444	302	37	11	4192	4487	10116394	10116688	1.05e-69	268	MN47_v4
AL2G20030	scaffold_7_RagTag	85.66	265	24	8	2802	3055	13315863	13316124	3.78e-69	267	MN47_v4
AL2G20030	scaffold_7_RagTag	82.68	306	45	8	4158	4459	16198185	16197884	1.36e-68	265	MN47_v4
AL2G20030	scaffold_7_RagTag	82.353	306	46	8	4158	4459	24858575	24858876	6.33e-67	259	MN47_v4
AL2G20030	scaffold_7_RagTag	86.122	245	26	7	4184	4423	15764537	15764778	2.28e-66	257	MN47_v4
AL2G20030	scaffold_7_RagTag	84.674	261	35	5	4158	4415	15958754	15958496	8.19e-66	255	MN47_v4
AL2G20030	scaffold_7_RagTag	87.069	232	23	6	4195	4423	15958573	15958800	8.19e-66	255	MN47_v4
AL2G20030	scaffold_7_RagTag	87.069	232	23	6	4195	4423	16198004	16198231	8.19e-66	255	MN47_v4
AL2G20030	scaffold_7_RagTag	83.571	280	37	8	4183	4459	10116468	10116741	2.95e-65	254	MN47_v4
AL2G20030	scaffold_7_RagTag	87.225	227	21	8	4278	4500	10116704	10116482	1.06e-64	252	MN47_v4
AL2G20030	scaffold_7_RagTag	82.085	307	43	11	4158	4459	16726790	16727089	1.06e-64	252	MN47_v4
AL2G20030	scaffold_7_RagTag	82.085	307	43	11	4158	4459	25984083	25983784	1.06e-64	252	MN47_v4
AL2G20030	scaffold_7_RagTag	82.372	312	32	14	4195	4500	15764775	15764481	3.81e-64	250	MN47_v4
AL2G20030	scaffold_7_RagTag	87.273	220	24	4	4283	4500	24858833	24858616	1.37e-63	248	MN47_v4
AL2G20030	scaffold_7_RagTag	81.759	307	44	11	4158	4459	25637347	25637048	4.93e-63	246	MN47_v4
AL2G20030	scaffold_7_RagTag	86.283	226	26	5	4278	4500	16197921	16198144	2.29e-61	241	MN47_v4
AL2G20030	scaffold_7_RagTag	83.333	270	36	8	4158	4423	16727008	16726744	2.29e-61	241	MN47_v4
AL2G20030	scaffold_7_RagTag	86.364	220	26	4	4283	4500	15958496	15958713	2.97e-60	237	MN47_v4
AL2G20030	scaffold_7_RagTag	85.903	227	24	8	4278	4500	16727052	16726830	1.07e-59	235	MN47_v4
AL2G20030	scaffold_7_RagTag	81.21	314	39	17	4195	4500	25984207	25983906	1.07e-59	235	MN47_v4
AL2G20030	scaffold_7_RagTag	85.463	227	25	8	4278	4500	25983821	25984043	4.96e-58	230	MN47_v4
AL2G20030	scaffold_7_RagTag	77.59	415	67	12	3869	4260	16257622	16258033	1.79e-57	228	MN47_v4
AL2G20030	scaffold_7_RagTag	84.914	232	28	6	4195	4423	24858756	24858529	1.79e-57	228	MN47_v4
AL2G20030	scaffold_7_RagTag	82.288	271	39	8	4158	4423	10116660	10116394	6.42e-57	226	MN47_v4
AL2G20030	scaffold_7_RagTag	82.288	271	37	7	4158	4423	25637129	25637393	2.31e-56	224	MN47_v4
AL2G20030	scaffold_7_RagTag	81.784	269	41	7	4158	4423	25983947	25984210	1.07e-54	219	MN47_v4
AL2G20030	scaffold_7_RagTag	84.279	229	28	7	4200	4423	16813975	16813750	3.86e-54	217	MN47_v4
AL2G20030	scaffold_7_RagTag	84.12	233	26	5	3334	3561	13319013	13318787	1.39e-53	215	MN47_v4
AL2G20030	scaffold_7_RagTag	80.392	306	41	13	4158	4459	15764732	15764442	1.39e-53	215	MN47_v4
AL2G20030	scaffold_7_RagTag	93.431	137	8	1	4365	4500	16813974	16813838	1.08e-49	202	MN47_v4
AL2G20030	scaffold_7_RagTag	87.931	174	15	6	4330	4500	15764521	15764691	3.89e-49	200	MN47_v4
AL2G20030	scaffold_7_RagTag	87.952	166	17	1	2899	3064	372964	372802	6.51e-47	193	MN47_v4
AL2G20030	scaffold_7_RagTag	83.152	184	27	3	4158	4338	16198103	16197921	1.42e-38	165	MN47_v4
AL2G20030	scaffold_7_RagTag	87.324	142	17	1	4192	4333	24858693	24858833	1.84e-37	161	MN47_v4
AL2G20030	scaffold_7_RagTag	83.146	178	27	2	4158	4333	15958672	15958496	6.6e-37	159	MN47_v4
AL2G20030	scaffold_7_RagTag	81.313	198	31	6	4192	4386	16813750	16813944	8.54e-36	156	MN47_v4
AL2G20030	scaffold_7_RagTag	81.522	184	29	5	4158	4338	16726871	16727052	5.14e-33	147	MN47_v4
AL2G20030	scaffold_7_RagTag	81.383	188	24	9	4158	4340	25984028	25984209	6.65e-32	143	MN47_v4
AL2G20030	scaffold_7_RagTag	83.766	154	19	5	4183	4333	16813824	16813974	2.39e-31	141	MN47_v4
AL2G20030	scaffold_7_RagTag	80.978	184	30	5	4158	4338	25984002	25983821	2.39e-31	141	MN47_v4
AL2G20030	scaffold_7_RagTag	80.729	192	25	11	4154	4340	25637208	25637392	8.6e-31	139	MN47_v4
AL2G20030	scaffold_7_RagTag	80.645	186	29	6	4158	4340	16726926	16726745	3.09e-30	137	MN47_v4
AL2G20030	scaffold_7_RagTag	80.423	189	26	10	4158	4340	24858713	24858530	4e-29	134	MN47_v4
AL2G20030	scaffold_7_RagTag	79.793	193	27	11	4154	4340	10116581	10116395	5.18e-28	130	MN47_v4
AL2G20030	scaffold_7_RagTag	79.787	188	29	8	4158	4340	15764594	15764777	1.86e-27	128	MN47_v4
AL2G20030	scaffold_7_RagTag	83.453	139	17	5	4365	4500	24858833	24858698	2.41e-26	124	MN47_v4
AL2G20030	scaffold_7_RagTag	78.836	189	30	9	4158	4340	16813935	16813751	1.12e-24	119	MN47_v4
AL2G20030	scaffold_7_RagTag	81.507	146	18	8	4360	4500	16727052	16726911	1.88e-22	111	MN47_v4
AL2G20030	scaffold_7_RagTag	80.822	146	19	8	4360	4500	25983821	25983962	8.73e-21	106	MN47_v4
AL2G20030	scaffold_7_RagTag	95.082	61	2	1	4427	4486	16813960	16814020	1.89e-17	95.3	MN47_v4
AL2G20030	scaffold_7_RagTag	90.278	72	6	1	4361	4431	16813977	16814048	6.79e-17	93.5	MN47_v4
AL2G20030	scaffold_7_RagTag	92.857	42	3	0	3055	3096	23645107	23645066	1.92e-07	62.1	MN47_v4
AL2G20030	scaffold_7_RagTag	100	28	0	0	2752	2779	368471	368444	0.000115	52.8	MN47_v4
AL2G20030	scaffold_3_RagTag	92.391	644	35	5	3869	4500	10523268	10523909	0	905	MN47_v4
AL2G20030	scaffold_3_RagTag	92.379	643	36	4	3869	4500	11237188	11236548	0	904	MN47_v4
AL2G20030	scaffold_3_RagTag	86.09	647	58	17	3869	4500	13378639	13379268	0	667	MN47_v4
AL2G20030	scaffold_3_RagTag	89.458	332	29	3	2753	3080	10894575	10894904	1.28e-113	414	MN47_v4
AL2G20030	scaffold_3_RagTag	90.415	313	27	3	4188	4500	13378878	13379187	5.94e-112	409	MN47_v4
AL2G20030	scaffold_3_RagTag	88.235	340	29	8	2754	3082	19979279	19979618	4.62e-108	396	MN47_v4
AL2G20030	scaffold_3_RagTag	87.427	342	31	9	2753	3082	22578361	22578702	3.6e-104	383	MN47_v4
AL2G20030	scaffold_3_RagTag	86.782	348	35	7	2753	3089	835276	835623	1.67e-102	377	MN47_v4
AL2G20030	scaffold_3_RagTag	86.441	354	37	6	2753	3095	4098399	4098046	1.67e-102	377	MN47_v4
AL2G20030	scaffold_3_RagTag	87.463	335	30	6	2753	3076	5350297	5350630	6.02e-102	375	MN47_v4
AL2G20030	scaffold_3_RagTag	86.919	344	34	6	2753	3085	23256771	23256428	6.02e-102	375	MN47_v4
AL2G20030	scaffold_3_RagTag	87.059	340	33	6	2754	3082	7567823	7568162	2.17e-101	374	MN47_v4
AL2G20030	scaffold_3_RagTag	89.701	301	19	6	2753	3043	13727621	13727919	2.17e-101	374	MN47_v4
AL2G20030	scaffold_3_RagTag	87.021	339	33	7	2753	3081	7226097	7225760	7.79e-101	372	MN47_v4
AL2G20030	scaffold_3_RagTag	85.756	344	37	7	2753	3085	6915752	6915410	2.82e-95	353	MN47_v4
AL2G20030	scaffold_3_RagTag	92.063	252	9	2	3869	4109	23898099	23898350	1.7e-92	344	MN47_v4
AL2G20030	scaffold_3_RagTag	85.802	324	34	8	2753	3065	4656657	4656979	3.68e-89	333	MN47_v4
AL2G20030	scaffold_3_RagTag	90.588	255	18	5	3319	3567	23029245	23028991	3.68e-89	333	MN47_v4
AL2G20030	scaffold_3_RagTag	84.241	349	44	10	4158	4500	11236807	11236464	4.76e-88	329	MN47_v4
AL2G20030	scaffold_3_RagTag	86.301	292	30	5	2809	3090	13363424	13363133	6.2e-82	309	MN47_v4
AL2G20030	scaffold_3_RagTag	88.538	253	20	8	3319	3563	24039542	24039291	1.34e-78	298	MN47_v4
AL2G20030	scaffold_3_RagTag	85.099	302	31	12	4195	4490	10523911	10523618	4.82e-78	296	MN47_v4
AL2G20030	scaffold_3_RagTag	82.621	351	44	15	4158	4500	13379227	13378886	1.74e-77	294	MN47_v4
AL2G20030	scaffold_3_RagTag	84.194	310	36	11	4183	4487	11236534	11236835	8.07e-76	289	MN47_v4
AL2G20030	scaffold_3_RagTag	77.978	445	78	10	3869	4296	11181530	11181089	1.76e-67	261	MN47_v4
AL2G20030	scaffold_3_RagTag	82.41	307	42	11	4158	4459	10523867	10523568	2.28e-66	257	MN47_v4
AL2G20030	scaffold_3_RagTag	84.307	274	32	10	4154	4423	13379007	13379273	2.28e-66	257	MN47_v4
AL2G20030	scaffold_3_RagTag	87.281	228	21	8	4277	4500	13378883	13379106	2.95e-65	254	MN47_v4
AL2G20030	scaffold_3_RagTag	84.074	270	33	9	4158	4422	13379146	13378882	1.06e-64	252	MN47_v4
AL2G20030	scaffold_3_RagTag	83.764	271	34	9	4158	4423	10523649	10523914	1.37e-63	248	MN47_v4
AL2G20030	scaffold_3_RagTag	81.699	306	46	10	4158	4459	11236589	11236888	4.93e-63	246	MN47_v4
AL2G20030	scaffold_3_RagTag	81.789	313	39	15	4195	4500	13379270	13378969	4.93e-63	246	MN47_v4
AL2G20030	scaffold_3_RagTag	86.344	227	23	8	4278	4500	10523605	10523827	2.29e-61	241	MN47_v4
AL2G20030	scaffold_3_RagTag	89.13	184	20	0	2899	3082	13574860	13575043	4.96e-58	230	MN47_v4
AL2G20030	scaffold_3_RagTag	82.246	276	37	11	4154	4423	11236728	11236459	1.79e-57	228	MN47_v4
AL2G20030	scaffold_3_RagTag	97.03	101	0	3	3774	3872	704753	704852	3.95e-39	167	MN47_v4
AL2G20030	scaffold_3_RagTag	81.72	186	29	5	4158	4340	13379065	13378882	3.97e-34	150	MN47_v4
AL2G20030	scaffold_3_RagTag	81.522	184	29	5	4158	4338	10523786	10523605	5.14e-33	147	MN47_v4
AL2G20030	scaffold_3_RagTag	80.319	188	27	9	4158	4340	10523731	10523913	4e-29	134	MN47_v4
AL2G20030	scaffold_3_RagTag	79.381	194	27	12	4154	4340	11236647	11236460	2.41e-26	124	MN47_v4
AL2G20030	scaffold_3_RagTag	82.432	148	15	8	4359	4500	13378883	13379025	1.12e-24	119	MN47_v4
AL2G20030	scaffold_3_RagTag	81.507	146	18	8	4360	4500	10523605	10523746	1.88e-22	111	MN47_v4
AL2G20030	scaffold_4_RagTag	92.224	643	37	4	3869	4500	18160727	18160087	0	898	MN47_v4
AL2G20030	scaffold_4_RagTag	91.913	643	39	4	3869	4500	15366014	15366654	0	887	MN47_v4
AL2G20030	scaffold_4_RagTag	91.848	552	23	4	3869	4409	1364160	1364700	0	750	MN47_v4
AL2G20030	scaffold_4_RagTag	87.395	357	30	10	2753	3096	16223616	16223262	4.62e-108	396	MN47_v4
AL2G20030	scaffold_4_RagTag	88.201	339	29	8	2753	3080	19401435	19401097	1.66e-107	394	MN47_v4
AL2G20030	scaffold_4_RagTag	87.791	344	31	7	2753	3085	19037250	19036907	5.98e-107	392	MN47_v4
AL2G20030	scaffold_4_RagTag	86.479	355	37	6	2753	3096	7316943	7316589	4.66e-103	379	MN47_v4
AL2G20030	scaffold_4_RagTag	86.648	352	36	6	2753	3093	18635168	18635519	4.66e-103	379	MN47_v4
AL2G20030	scaffold_4_RagTag	86.364	352	37	6	2753	3093	4570060	4569709	2.17e-101	374	MN47_v4
AL2G20030	scaffold_4_RagTag	86.533	349	36	6	2753	3090	19815033	19815381	2.17e-101	374	MN47_v4
AL2G20030	scaffold_4_RagTag	86.628	344	35	6	2753	3085	16142527	16142184	2.8e-100	370	MN47_v4
AL2G20030	scaffold_4_RagTag	85.591	347	40	9	4158	4500	15366395	15366735	7.85e-96	355	MN47_v4
AL2G20030	scaffold_4_RagTag	88.976	254	20	7	3319	3565	15232470	15232218	2.23e-81	307	MN47_v4
AL2G20030	scaffold_4_RagTag	83.186	339	43	12	4158	4490	15366694	15366364	1.34e-78	298	MN47_v4
AL2G20030	scaffold_4_RagTag	85.099	302	30	13	4192	4487	18160082	18160374	1.74e-77	294	MN47_v4
AL2G20030	scaffold_4_RagTag	90.338	207	16	4	4283	4487	1364492	1364696	1.05e-69	268	MN47_v4
AL2G20030	scaffold_4_RagTag	85.156	256	31	6	4207	4459	1364700	1364449	8.19e-66	255	MN47_v4
AL2G20030	scaffold_4_RagTag	82.085	307	43	11	4158	4459	15366613	15366314	1.06e-64	252	MN47_v4
AL2G20030	scaffold_4_RagTag	82.166	314	36	17	4195	4500	15366737	15366436	1.06e-64	252	MN47_v4
AL2G20030	scaffold_4_RagTag	84.015	269	35	7	4158	4423	15366477	15366740	1.06e-64	252	MN47_v4
AL2G20030	scaffold_4_RagTag	81.759	307	44	11	4158	4459	18160128	18160427	4.93e-63	246	MN47_v4
AL2G20030	scaffold_4_RagTag	86.344	227	23	8	4278	4500	18160390	18160168	2.29e-61	241	MN47_v4
AL2G20030	scaffold_4_RagTag	82.963	270	37	8	4158	4423	18160346	18160082	1.07e-59	235	MN47_v4
AL2G20030	scaffold_4_RagTag	85.463	227	25	8	4278	4500	15366351	15366573	4.96e-58	230	MN47_v4
AL2G20030	scaffold_4_RagTag	76.812	414	72	10	3869	4260	6018378	6018789	1.8e-52	211	MN47_v4
AL2G20030	scaffold_4_RagTag	82.71	214	27	7	4289	4497	1364700	1364492	1.41e-43	182	MN47_v4
AL2G20030	scaffold_4_RagTag	84.831	178	24	3	4158	4333	1364668	1364492	6.56e-42	176	MN47_v4
AL2G20030	scaffold_4_RagTag	94	100	4	2	3775	3872	18021137	18021236	3.97e-34	150	MN47_v4
AL2G20030	scaffold_4_RagTag	92.929	99	5	2	3776	3872	21877655	21877557	6.65e-32	143	MN47_v4
AL2G20030	scaffold_4_RagTag	80.978	184	30	5	4158	4338	15366532	15366351	2.39e-31	141	MN47_v4
AL2G20030	scaffold_4_RagTag	80.749	187	27	8	4158	4340	15366558	15366739	3.09e-30	137	MN47_v4
AL2G20030	scaffold_4_RagTag	80.105	191	28	9	4154	4340	18160267	18160083	4e-29	134	MN47_v4
AL2G20030	scaffold_4_RagTag	84.173	139	16	5	4365	4500	1364492	1364627	5.18e-28	130	MN47_v4
AL2G20030	scaffold_4_RagTag	80.822	146	19	8	4360	4500	15366351	15366492	8.73e-21	106	MN47_v4
AL2G20030	scaffold_1_RagTag	91.913	643	39	4	3869	4500	2582876	2583516	0	887	MN47_v4
AL2G20030	scaffold_1_RagTag	91.602	643	41	4	3869	4500	23230727	23231367	0	876	MN47_v4
AL2G20030	scaffold_1_RagTag	90.669	643	33	7	3869	4500	28398427	28397801	0	830	MN47_v4
AL2G20030	scaffold_1_RagTag	85.49	572	48	18	3869	4423	14509868	14510421	1.2e-158	564	MN47_v4
AL2G20030	scaffold_1_RagTag	91.374	313	24	3	4188	4500	14510107	14510416	5.9e-117	425	MN47_v4
AL2G20030	scaffold_1_RagTag	88.338	343	35	4	2753	3092	15960829	15961169	2.14e-111	407	MN47_v4
AL2G20030	scaffold_1_RagTag	87.784	352	32	6	2753	3093	16107435	16107786	9.94e-110	401	MN47_v4
AL2G20030	scaffold_1_RagTag	87.5	352	32	7	2753	3092	1157935	1158286	4.62e-108	396	MN47_v4
AL2G20030	scaffold_1_RagTag	86.969	353	35	6	2756	3097	23520563	23520211	2.78e-105	387	MN47_v4
AL2G20030	scaffold_1_RagTag	87.683	341	31	6	2753	3082	24883394	24883734	2.78e-105	387	MN47_v4
AL2G20030	scaffold_1_RagTag	87.032	347	39	4	2753	3096	26661944	26661601	2.78e-105	387	MN47_v4
AL2G20030	scaffold_1_RagTag	86.932	352	35	6	2753	3093	2259513	2259864	1e-104	385	MN47_v4
AL2G20030	scaffold_1_RagTag	89.164	323	11	5	3929	4240	4745879	4746188	1.29e-103	381	MN47_v4
AL2G20030	scaffold_1_RagTag	87.39	341	32	7	2753	3082	6385429	6385089	1.29e-103	381	MN47_v4
AL2G20030	scaffold_1_RagTag	86.782	348	35	6	2753	3089	5914539	5914192	1.67e-102	377	MN47_v4
AL2G20030	scaffold_1_RagTag	86.919	344	34	5	2753	3085	30001778	30001435	6.02e-102	375	MN47_v4
AL2G20030	scaffold_1_RagTag	87.021	339	33	6	2753	3080	26318695	26319033	7.79e-101	372	MN47_v4
AL2G20030	scaffold_1_RagTag	86.804	341	34	6	2753	3082	26862857	26863197	2.8e-100	370	MN47_v4
AL2G20030	scaffold_1_RagTag	86.628	344	35	7	2753	3085	28639095	28638752	2.8e-100	370	MN47_v4
AL2G20030	scaffold_1_RagTag	86.167	347	38	9	4158	4500	2583257	2583597	3.63e-99	366	MN47_v4
AL2G20030	scaffold_1_RagTag	86.51	341	35	6	2753	3082	18068972	18069312	1.3e-98	364	MN47_v4
AL2G20030	scaffold_1_RagTag	86.127	346	36	7	2755	3089	24883347	24883003	4.69e-98	363	MN47_v4
AL2G20030	scaffold_1_RagTag	87.662	308	30	7	4195	4500	23231147	23231448	1.02e-94	351	MN47_v4
AL2G20030	scaffold_1_RagTag	91.593	226	17	2	4275	4500	28397943	28397720	1.72e-82	311	MN47_v4
AL2G20030	scaffold_1_RagTag	83.824	340	39	14	4158	4490	2583556	2583226	6.2e-82	309	MN47_v4
AL2G20030	scaffold_1_RagTag	88.015	267	24	4	2835	3093	18687203	18687469	6.2e-82	309	MN47_v4
AL2G20030	scaffold_1_RagTag	84.615	312	34	12	4195	4500	14510418	14510115	1.34e-78	298	MN47_v4
AL2G20030	scaffold_1_RagTag	82.596	339	45	12	4158	4490	23231407	23231077	2.9e-75	287	MN47_v4
AL2G20030	scaffold_1_RagTag	82.736	307	41	11	4158	4459	2583475	2583176	4.89e-68	263	MN47_v4
AL2G20030	scaffold_1_RagTag	82.54	315	33	19	4195	4500	2583599	2583298	2.28e-66	257	MN47_v4
AL2G20030	scaffold_1_RagTag	84.444	270	32	9	4158	4422	14510375	14510111	2.28e-66	257	MN47_v4
AL2G20030	scaffold_1_RagTag	87.281	228	21	8	4277	4500	14510112	14510335	2.95e-65	254	MN47_v4
AL2G20030	scaffold_1_RagTag	84.074	270	33	9	4158	4423	2583339	2583602	1.06e-64	252	MN47_v4
AL2G20030	scaffold_1_RagTag	82.166	314	36	17	4195	4500	23231450	23231149	1.06e-64	252	MN47_v4
AL2G20030	scaffold_1_RagTag	84.015	269	35	7	4158	4423	23231190	23231453	1.06e-64	252	MN47_v4
AL2G20030	scaffold_1_RagTag	81.25	336	36	14	4158	4487	28397761	28398075	4.93e-63	246	MN47_v4
AL2G20030	scaffold_1_RagTag	87.037	216	28	0	2881	3096	15044360	15044575	1.77e-62	244	MN47_v4
AL2G20030	scaffold_1_RagTag	81.494	308	43	13	4158	4459	23231326	23231027	2.29e-61	241	MN47_v4
AL2G20030	scaffold_1_RagTag	85.903	227	24	8	4278	4500	2583213	2583435	1.07e-59	235	MN47_v4
AL2G20030	scaffold_1_RagTag	84.581	227	27	8	4278	4500	23231064	23231286	1.07e-54	219	MN47_v4
AL2G20030	scaffold_1_RagTag	83.404	235	26	11	4192	4421	28397715	28397941	8.36e-51	206	MN47_v4
AL2G20030	scaffold_1_RagTag	78.827	307	39	15	4158	4459	28397842	28398127	3.92e-44	183	MN47_v4
AL2G20030	scaffold_1_RagTag	98.02	101	0	2	3774	3872	22161814	22161714	2.36e-41	174	MN47_v4
AL2G20030	scaffold_1_RagTag	82.258	186	28	5	4158	4340	14510294	14510111	8.54e-36	156	MN47_v4
AL2G20030	scaffold_1_RagTag	82.065	184	28	5	4158	4338	2583394	2583213	1.11e-34	152	MN47_v4
AL2G20030	scaffold_1_RagTag	80.176	227	24	10	4278	4500	28398091	28397882	3.97e-34	150	MN47_v4
AL2G20030	scaffold_1_RagTag	81.081	185	28	7	4158	4338	23231245	23231064	2.39e-31	141	MN47_v4
AL2G20030	scaffold_1_RagTag	80.749	187	27	8	4158	4340	23231271	23231452	3.09e-30	137	MN47_v4
AL2G20030	scaffold_1_RagTag	83.108	148	23	2	4192	4338	28397945	28398091	4e-29	134	MN47_v4
AL2G20030	scaffold_1_RagTag	82.313	147	17	8	4359	4500	14510112	14510254	1.12e-24	119	MN47_v4
AL2G20030	scaffold_1_RagTag	82.192	146	17	8	4360	4500	2583213	2583354	4.03e-24	117	MN47_v4
AL2G20030	scaffold_1_RagTag	80.952	147	17	10	4360	4500	23231064	23231205	8.73e-21	106	MN47_v4
AL2G20030	scaffold_1_RagTag	80.822	146	19	8	4360	4500	28398091	28397950	8.73e-21	106	MN47_v4
AL2G20030	scaffold_1_RagTag	85.882	85	8	4	4376	4459	4746188	4746107	3.16e-15	87.9	MN47_v4
AL2G20030	scaffold_5_RagTag	91.602	643	41	4	3869	4500	1786274	1786914	0	876	MN47_v4
AL2G20030	scaffold_5_RagTag	90.382	655	38	7	3869	4500	4600663	4601315	0	837	MN47_v4
AL2G20030	scaffold_5_RagTag	88.506	348	29	6	2753	3089	14840625	14840972	1.65e-112	411	MN47_v4
AL2G20030	scaffold_5_RagTag	88.856	341	27	6	2749	3078	14925275	14924935	5.94e-112	409	MN47_v4
AL2G20030	scaffold_5_RagTag	87.784	352	32	8	2753	3093	6595741	6595390	9.94e-110	401	MN47_v4
AL2G20030	scaffold_5_RagTag	86.921	367	32	10	2729	3082	16053349	16053712	1.29e-108	398	MN47_v4
AL2G20030	scaffold_5_RagTag	87.87	338	30	6	2753	3079	15645877	15646214	2.78e-105	387	MN47_v4
AL2G20030	scaffold_5_RagTag	86.782	348	35	6	2753	3089	12637408	12637061	1.67e-102	377	MN47_v4
AL2G20030	scaffold_5_RagTag	86.571	350	36	6	2753	3091	14274181	14274530	6.02e-102	375	MN47_v4
AL2G20030	scaffold_5_RagTag	86.533	349	36	6	2753	3090	1000453	1000105	2.17e-101	374	MN47_v4
AL2G20030	scaffold_5_RagTag	85.92	348	38	6	2753	3089	2161382	2161035	1.69e-97	361	MN47_v4
AL2G20030	scaffold_5_RagTag	84.27	356	38	10	4158	4500	1786655	1787005	1.32e-88	331	MN47_v4
AL2G20030	scaffold_5_RagTag	85.43	302	29	13	4195	4490	1786916	1786624	3.73e-79	300	MN47_v4
AL2G20030	scaffold_5_RagTag	83.946	299	39	8	4195	4490	4601317	4601025	1.75e-72	278	MN47_v4
AL2G20030	scaffold_5_RagTag	77.578	446	78	12	3869	4296	2478862	2478421	3.81e-64	250	MN47_v4
AL2G20030	scaffold_5_RagTag	81.759	307	41	14	4158	4457	4601274	4600976	6.37e-62	243	MN47_v4
AL2G20030	scaffold_5_RagTag	81.433	307	45	11	4158	4459	1786873	1786574	2.29e-61	241	MN47_v4
AL2G20030	scaffold_5_RagTag	86.344	227	23	8	4278	4500	1786611	1786833	2.29e-61	241	MN47_v4
AL2G20030	scaffold_5_RagTag	82.332	283	31	11	4154	4423	1786734	1787010	1.79e-57	228	MN47_v4
AL2G20030	scaffold_5_RagTag	81.852	270	40	6	4158	4423	4601056	4601320	1.07e-54	219	MN47_v4
AL2G20030	scaffold_5_RagTag	80.936	299	38	11	2753	3050	4650726	4651006	1.07e-54	219	MN47_v4
AL2G20030	scaffold_5_RagTag	79.876	323	37	21	4195	4500	1787007	1786696	1.8e-52	211	MN47_v4
AL2G20030	scaffold_5_RagTag	79	200	24	12	4154	4340	1786815	1787009	3.12e-25	121	MN47_v4
AL2G20070	scaffold_2_RagTag	100	1356	0	0	1	1356	11146272	11144917	0	2505	MN47_v4
AL2G20070	scaffold_2_RagTag	100	1356	0	0	1	1356	12482382	12483737	0	2505	MN47_v4
AL2G20070	scaffold_2_RagTag	92.341	1149	76	6	64	1203	11207129	11205984	0	1624	MN47_v4
AL2G20070	scaffold_2_RagTag	91.829	1126	71	12	201	1314	12595338	12594222	0	1550	MN47_v4
AL2G20070	scaffold_2_RagTag	94.635	727	37	2	589	1314	11217372	11216647	0	1125	MN47_v4
AL2G20070	scaffold_2_RagTag	86.994	692	70	15	628	1317	11221495	11220822	0	761	MN47_v4
AL2G20070	scaffold_2_RagTag	91.126	293	21	5	197	487	11217714	11217425	1.78e-107	392	MN47_v4
AL2G20070	scaffold_2_RagTag	79.266	463	52	23	89	534	11222012	11221577	1.12e-74	283	MN47_v4
AL2G20070	scaffold_2_RagTag	87.619	210	12	9	1105	1314	11205952	11205757	4.1e-59	231	MN47_v4
AL2G20070	scaffold_2_RagTag	81.657	169	19	8	4	167	11217971	11217810	1.54e-28	130	MN47_v4
AL2G20070	scaffold_6_RagTag	88.757	1263	87	14	64	1317	13606158	13604942	0	1495	MN47_v4
AL2G20200	scaffold_2_RagTag	100	1905	0	0	1	1905	12593541	12595445	0	3518	MN47_v4
AL2G20200	scaffold_2_RagTag	89.804	1275	96	18	153	1410	11216115	11217372	0	1604	MN47_v4
AL2G20200	scaffold_2_RagTag	91.829	1126	71	12	682	1798	11144959	11146072	0	1550	MN47_v4
AL2G20200	scaffold_2_RagTag	91.829	1126	71	12	682	1798	12483695	12482582	0	1550	MN47_v4
AL2G20200	scaffold_2_RagTag	87.004	1362	128	28	1	1356	11220162	11221480	0	1489	MN47_v4
AL2G20200	scaffold_2_RagTag	89.716	1021	83	16	796	1798	11205979	11206995	0	1284	MN47_v4
AL2G20200	scaffold_2_RagTag	86.009	436	29	16	472	898	11205540	11205952	3.18e-121	438	MN47_v4
AL2G20200	scaffold_2_RagTag	90.385	312	25	4	1512	1821	11217425	11217733	3.23e-111	405	MN47_v4
AL2G20200	scaffold_2_RagTag	83.036	336	35	10	1465	1786	11221577	11221904	4.38e-75	285	MN47_v4
AL2G20200	scaffold_2_RagTag	89.394	66	4	3	468	531	11216359	11216423	2.22e-13	80.5	MN47_v4
AL2G20200	scaffold_2_RagTag	89.583	48	1	3	1433	1476	11221520	11221567	1.04e-06	58.4	MN47_v4
AL2G20200	scaffold_6_RagTag	87.483	1430	121	36	416	1821	13604676	13606071	0	1596	MN47_v4
AL2G20200	scaffold_6_RagTag	93.548	62	4	0	416	477	13604721	13604782	2.85e-17	93.5	MN47_v4
AL6G40220	scaffold_6_RagTag	100	1513	0	0	1	1513	13604676	13606188	0	2795	MN47_v4
AL6G40220	scaffold_2_RagTag	95.711	1189	29	1	347	1513	11205971	11207159	0	1893	MN47_v4
AL6G40220	scaffold_2_RagTag	87.483	1430	121	36	1	1396	12593956	12595361	0	1596	MN47_v4
AL6G40220	scaffold_2_RagTag	88.757	1263	87	14	267	1483	11144956	11146209	0	1495	MN47_v4
AL6G40220	scaffold_2_RagTag	88.81	1260	86	14	270	1483	12483695	12482445	0	1495	MN47_v4
AL6G40220	scaffold_2_RagTag	90.728	1003	59	17	1	974	11216375	11217372	0	1306	MN47_v4
AL6G40220	scaffold_2_RagTag	86.823	941	85	22	1	920	11220558	11221480	0	1014	MN47_v4
AL6G40220	scaffold_2_RagTag	86.635	419	32	14	58	458	11205540	11205952	1.95e-122	442	MN47_v4
AL6G40220	scaffold_2_RagTag	82.04	451	37	22	1039	1461	11221578	11222012	5.64e-93	344	MN47_v4
AL6G40220	scaffold_2_RagTag	85.397	315	39	6	1085	1397	11217425	11217734	9.51e-86	320	MN47_v4
AL6G40220	scaffold_2_RagTag	82.514	183	12	13	1309	1483	11217742	11217912	2.21e-32	143	MN47_v4
AL6G40220	scaffold_2_RagTag	93.548	62	4	0	46	107	12593956	12594017	2.26e-17	93.5	MN47_v4
AL2G20010	scaffold_2_RagTag	96.006	1953	43	9	1	1934	11966587	11968523	0	3142	Nla.ragtag.scaffold_chr
AL2G20010	scaffold_2_RagTag	87.728	1206	110	17	538	1714	11971955	11973151	0	1373	Nla.ragtag.scaffold_chr
AL2G20010	scaffold_2_RagTag	84.794	1381	152	30	190	1536	12063906	12062550	0	1334	Nla.ragtag.scaffold_chr
AL2G20010	scaffold_2_RagTag	86.476	525	46	18	1430	1934	12062502	12061983	1.07e-155	553	Nla.ragtag.scaffold_chr
AL2G20010	scaffold_2_RagTag	92.683	123	8	1	118	240	12064097	12063976	2.7e-42	176	Nla.ragtag.scaffold_chr
AL2G20010	scaffold_2_RagTag	87.879	66	5	1	1427	1492	11968063	11968125	1.01e-11	75	Nla.ragtag.scaffold_chr
AL2G20010	scaffold_2_RagTag	91.111	45	4	0	1492	1536	11972871	11972915	7.88e-08	62.1	Nla.ragtag.scaffold_chr
AL2G20010	scaffold_6_RagTag	89.353	479	29	11	1040	1516	13861003	13860545	1.36e-164	582	Nla.ragtag.scaffold_chr
AL2G20010	scaffold_6_RagTag	85.558	457	51	9	611	1053	13863072	13862617	5.14e-129	464	Nla.ragtag.scaffold_chr
AL2G20010	scaffold_6_RagTag	82.04	451	37	21	82	516	13863610	13863188	6.99e-93	344	Nla.ragtag.scaffold_chr
AL2G20020	scaffold_2_RagTag	94.888	1780	62	11	1	1776	11971397	11973151	0	2756	Nla.ragtag.scaffold_chr
AL2G20020	scaffold_2_RagTag	85.411	1460	134	35	559	1975	11967098	11968521	0	1443	Nla.ragtag.scaffold_chr
AL2G20020	scaffold_2_RagTag	92.186	1011	61	10	603	1609	12063537	12062541	0	1413	Nla.ragtag.scaffold_chr
AL2G20020	scaffold_2_RagTag	88.127	379	33	7	1487	1863	12062502	12062134	8.85e-122	440	Nla.ragtag.scaffold_chr
AL2G20020	scaffold_2_RagTag	90.705	312	24	4	242	550	12063941	12063632	6.94e-113	411	Nla.ragtag.scaffold_chr
AL2G20020	scaffold_2_RagTag	82.105	285	33	6	277	550	11966777	11967054	7.5e-58	228	Nla.ragtag.scaffold_chr
AL2G20020	scaffold_2_RagTag	92.982	57	4	0	1553	1609	11972890	11972946	1.72e-14	84.2	Nla.ragtag.scaffold_chr
AL2G20020	scaffold_2_RagTag	94.231	52	3	0	1484	1535	11972938	11972989	2.22e-13	80.5	Nla.ragtag.scaffold_chr
AL2G20020	scaffold_2_RagTag	92.308	39	2	1	661	699	13531555	13531518	1.35e-05	54.7	Nla.ragtag.scaffold_chr
AL2G20020	scaffold_6_RagTag	94.28	507	29	0	603	1109	13863123	13862617	0	776	Nla.ragtag.scaffold_chr
AL2G20020	scaffold_6_RagTag	89.738	458	24	4	1096	1551	13861003	13860567	5.03e-159	564	Nla.ragtag.scaffold_chr
AL2G20020	scaffold_6_RagTag	86.349	315	36	6	241	550	13863546	13863234	1.19e-90	337	Nla.ragtag.scaffold_chr
AL2G20020	scaffold_6_RagTag	82.418	182	14	11	63	233	13863632	13863458	2.79e-32	143	Nla.ragtag.scaffold_chr
AL2G20020	scaffold_6_RagTag	95.455	44	2	0	1509	1552	13860587	13860544	1.34e-10	71.3	Nla.ragtag.scaffold_chr
AL2G20030	scaffold_6_RagTag	96.76	1173	20	6	2605	3773	13937559	13936401	0	1940	Nla.ragtag.scaffold_chr
AL2G20030	scaffold_6_RagTag	96.255	1068	18	1	1	1068	13863662	13862617	0	1731	Nla.ragtag.scaffold_chr
AL2G20030	scaffold_6_RagTag	93.313	643	32	2	3869	4500	9576529	9575887	0	939	Nla.ragtag.scaffold_chr
AL2G20030	scaffold_6_RagTag	87.321	418	30	13	1208	1620	13860980	13860581	2.02e-126	457	Nla.ragtag.scaffold_chr
AL2G20030	scaffold_6_RagTag	88.27	341	29	6	2753	3082	21126027	21126367	1.24e-108	398	Nla.ragtag.scaffold_chr
AL2G20030	scaffold_6_RagTag	87.39	341	38	3	2753	3090	25997520	25997858	2.68e-105	387	Nla.ragtag.scaffold_chr
AL2G20030	scaffold_6_RagTag	87.135	342	31	8	2753	3082	6304504	6304844	5.81e-102	375	Nla.ragtag.scaffold_chr
AL2G20030	scaffold_6_RagTag	86.55	342	33	7	2754	3082	12931823	12931482	1.26e-98	364	Nla.ragtag.scaffold_chr
AL2G20030	scaffold_6_RagTag	85.673	342	33	9	2753	3078	7639682	7640023	4.56e-93	346	Nla.ragtag.scaffold_chr
AL2G20030	scaffold_6_RagTag	84.395	314	39	9	4192	4500	9575882	9576190	3.6e-79	300	Nla.ragtag.scaffold_chr
AL2G20030	scaffold_6_RagTag	83.007	306	44	8	4158	4459	9575928	9576229	2.82e-70	270	Nla.ragtag.scaffold_chr
AL2G20030	scaffold_6_RagTag	88.496	226	21	5	4278	4500	9576192	9575969	1.01e-69	268	Nla.ragtag.scaffold_chr
AL2G20030	scaffold_6_RagTag	90.155	193	19	0	2894	3086	18534250	18534058	1.02e-64	252	Nla.ragtag.scaffold_chr
AL2G20030	scaffold_6_RagTag	83.026	271	37	8	4158	4423	9576148	9575882	2.86e-60	237	Nla.ragtag.scaffold_chr
AL2G20030	scaffold_6_RagTag	96.296	135	5	0	1055	1189	13861003	13860869	8.01e-56	222	Nla.ragtag.scaffold_chr
AL2G20030	scaffold_6_RagTag	76.586	457	64	22	3869	4296	21525653	21526095	1.73e-52	211	Nla.ragtag.scaffold_chr
AL2G20030	scaffold_6_RagTag	76.368	457	65	22	3869	4296	25618809	25618367	8.07e-51	206	Nla.ragtag.scaffold_chr
AL2G20030	scaffold_6_RagTag	84.783	184	24	4	4158	4338	9576010	9576192	1.36e-43	182	Nla.ragtag.scaffold_chr
AL2G20030	scaffold_6_RagTag	84.828	145	15	6	4360	4500	9576192	9576051	8.3e-31	139	Nla.ragtag.scaffold_chr
AL2G20030	scaffold_6_RagTag	79.679	187	31	7	4158	4340	9576066	9575883	1.8e-27	128	Nla.ragtag.scaffold_chr
AL2G20030	scaffold_2_RagTag	90	1020	75	16	165	1181	12063918	12062923	0	1293	Nla.ragtag.scaffold_chr
AL2G20030	scaffold_2_RagTag	94.061	623	37	0	559	1181	11971988	11972610	0	946	Nla.ragtag.scaffold_chr
AL2G20030	scaffold_2_RagTag	93.468	643	31	2	3869	4500	4974426	4973784	0	944	Nla.ragtag.scaffold_chr
AL2G20030	scaffold_2_RagTag	84.932	584	67	13	601	1181	11967170	11967735	6.91e-161	571	Nla.ragtag.scaffold_chr
AL2G20030	scaffold_2_RagTag	88	425	27	14	1208	1617	11972507	11972922	1.2e-133	481	Nla.ragtag.scaffold_chr
AL2G20030	scaffold_2_RagTag	87.234	423	33	11	1208	1617	11967633	11968047	4.34e-128	462	Nla.ragtag.scaffold_chr
AL2G20030	scaffold_2_RagTag	86.713	429	33	14	1208	1620	12063026	12062606	7.26e-126	455	Nla.ragtag.scaffold_chr
AL2G20030	scaffold_2_RagTag	88.27	341	29	6	2753	3082	489915	490255	1.24e-108	398	Nla.ragtag.scaffold_chr
AL2G20030	scaffold_2_RagTag	87.977	341	30	9	2753	3082	2665921	2666261	5.77e-107	392	Nla.ragtag.scaffold_chr
AL2G20030	scaffold_2_RagTag	87.106	349	34	6	2753	3090	17775681	17775333	9.66e-105	385	Nla.ragtag.scaffold_chr
AL2G20030	scaffold_2_RagTag	87.702	309	31	6	4195	4500	4974006	4973702	2.72e-95	353	Nla.ragtag.scaffold_chr
AL2G20030	scaffold_2_RagTag	87.459	303	26	8	2753	3044	21399042	21398741	7.63e-91	339	Nla.ragtag.scaffold_chr
AL2G20030	scaffold_2_RagTag	81.514	449	41	24	53	486	11966668	11967089	1.28e-88	331	Nla.ragtag.scaffold_chr
AL2G20030	scaffold_2_RagTag	86.007	293	36	5	161	451	11971649	11971938	5.98e-82	309	Nla.ragtag.scaffold_chr
AL2G20030	scaffold_2_RagTag	89.2	250	21	5	3319	3562	19703489	19703738	2.15e-81	307	Nla.ragtag.scaffold_chr
AL2G20030	scaffold_2_RagTag	82.571	350	49	11	4158	4500	4973743	4974087	1.29e-78	298	Nla.ragtag.scaffold_chr
AL2G20030	scaffold_2_RagTag	88.938	226	20	5	4278	4500	4974089	4973866	2.18e-71	274	Nla.ragtag.scaffold_chr
AL2G20030	scaffold_2_RagTag	82.68	306	45	8	4158	4459	4973825	4974126	1.31e-68	265	Nla.ragtag.scaffold_chr
AL2G20030	scaffold_2_RagTag	89.944	179	15	3	2904	3082	13560833	13560658	1.72e-57	228	Nla.ragtag.scaffold_chr
AL2G20030	scaffold_2_RagTag	82.288	271	39	8	4158	4423	4973963	4973697	6.19e-57	226	Nla.ragtag.scaffold_chr
AL2G20030	scaffold_2_RagTag	88.889	180	17	3	3306	3484	15177262	15177085	1.04e-54	219	Nla.ragtag.scaffold_chr
AL2G20030	scaffold_2_RagTag	77.458	417	56	20	3869	4261	16651729	16652131	1.34e-53	215	Nla.ragtag.scaffold_chr
AL2G20030	scaffold_2_RagTag	79.56	318	46	16	4192	4500	4973697	4974004	6.24e-52	209	Nla.ragtag.scaffold_chr
AL2G20030	scaffold_2_RagTag	79.255	188	30	8	4158	4340	4973881	4973698	8.36e-26	122	Nla.ragtag.scaffold_chr
AL2G20030	scaffold_2_RagTag	89.333	75	8	0	2958	3032	1126542	1126616	1.82e-17	95.3	Nla.ragtag.scaffold_chr
AL2G20030	scaffold_2_RagTag	94.34	53	3	0	1568	1620	12062482	12062430	1.42e-13	82.4	Nla.ragtag.scaffold_chr
AL2G20030	scaffold_2_RagTag	95.918	49	2	0	1568	1616	11968042	11968090	5.1e-13	80.5	Nla.ragtag.scaffold_chr
AL2G20030	scaffold_2_RagTag	83.133	83	10	3	52	131	11971473	11971554	8.54e-11	73.1	Nla.ragtag.scaffold_chr
AL2G20030	scaffold_2_RagTag	93.75	48	3	0	1570	1617	11972919	11972966	8.54e-11	73.1	Nla.ragtag.scaffold_chr
AL2G20030	scaffold_2_RagTag	100	38	0	0	1573	1610	11968088	11968125	3.07e-10	71.3	Nla.ragtag.scaffold_chr
AL2G20030	scaffold_4_RagTag	93.002	643	32	4	3871	4500	2103105	2102463	0	926	Nla.ragtag.scaffold_chr
AL2G20030	scaffold_4_RagTag	86.399	647	35	18	3871	4500	2120458	2119848	0	658	Nla.ragtag.scaffold_chr
AL2G20030	scaffold_4_RagTag	88.589	333	33	3	2753	3082	19211478	19211808	3.45e-109	399	Nla.ragtag.scaffold_chr
AL2G20030	scaffold_4_RagTag	87.5	344	32	8	2753	3085	21127626	21127283	2.68e-105	387	Nla.ragtag.scaffold_chr
AL2G20030	scaffold_4_RagTag	88.938	226	20	5	4278	4500	2102769	2102546	2.18e-71	274	Nla.ragtag.scaffold_chr
AL2G20030	scaffold_4_RagTag	82.54	315	44	10	4192	4500	2102458	2102767	3.65e-69	267	Nla.ragtag.scaffold_chr
AL2G20030	scaffold_4_RagTag	82.41	307	45	9	4158	4459	2102504	2102806	6.11e-67	259	Nla.ragtag.scaffold_chr
AL2G20030	scaffold_4_RagTag	93.125	160	7	4	4344	4500	2120089	2119931	1.33e-58	231	Nla.ragtag.scaffold_chr
AL2G20030	scaffold_4_RagTag	84.12	233	29	7	4195	4423	2102686	2102458	1.04e-54	219	Nla.ragtag.scaffold_chr
AL2G20030	scaffold_4_RagTag	82.996	247	32	9	4184	4423	2120085	2119842	1.34e-53	215	Nla.ragtag.scaffold_chr
AL2G20030	scaffold_4_RagTag	83.152	184	27	4	4158	4338	2102587	2102769	1.37e-38	165	Nla.ragtag.scaffold_chr
AL2G20030	scaffold_4_RagTag	80.169	237	33	12	4192	4420	2119843	2120073	1.37e-38	165	Nla.ragtag.scaffold_chr
AL2G20030	scaffold_4_RagTag	96.04	101	2	2	3774	3872	3734399	3734299	4.93e-38	163	Nla.ragtag.scaffold_chr
AL2G20030	scaffold_4_RagTag	77.742	310	33	23	4158	4459	2119889	2120170	2.29e-36	158	Nla.ragtag.scaffold_chr
AL2G20030	scaffold_4_RagTag	95	100	2	3	3776	3872	19531951	19531852	2.96e-35	154	Nla.ragtag.scaffold_chr
AL2G20030	scaffold_4_RagTag	83.562	146	15	8	4360	4500	2102769	2102628	1.8e-27	128	Nla.ragtag.scaffold_chr
AL2G20030	scaffold_4_RagTag	78.836	189	30	9	4158	4340	2102643	2102459	1.08e-24	119	Nla.ragtag.scaffold_chr
AL2G20030	scaffold_4_RagTag	78.61	187	30	9	4158	4338	2120028	2119846	1.4e-23	115	Nla.ragtag.scaffold_chr
AL2G20030	scaffold_4_RagTag	83.495	103	12	5	4158	4256	2119972	2120073	2.36e-16	91.6	Nla.ragtag.scaffold_chr
AL2G20030	scaffold_4_RagTag	88.312	77	7	2	4426	4500	2120089	2120013	2.36e-16	91.6	Nla.ragtag.scaffold_chr
AL2G20030	scaffold_4_RagTag	91.837	49	3	1	4453	4500	2120082	2120130	3.97e-09	67.6	Nla.ragtag.scaffold_chr
AL2G20030	scaffold_4_RagTag	89.362	47	5	0	3045	3091	1838365	1838319	6.65e-07	60.2	Nla.ragtag.scaffold_chr
AL2G20030	scaffold_4_RagTag	89.362	47	5	0	3045	3091	1849388	1849342	6.65e-07	60.2	Nla.ragtag.scaffold_chr
AL2G20030	scaffold_1_RagTag	92.089	632	37	6	3869	4500	21548236	21548854	0	878	Nla.ragtag.scaffold_chr
AL2G20030	scaffold_1_RagTag	88.663	344	28	6	2756	3088	26816276	26815933	5.73e-112	409	Nla.ragtag.scaffold_chr
AL2G20030	scaffold_1_RagTag	87.977	341	30	7	2753	3082	6508165	6507825	5.77e-107	392	Nla.ragtag.scaffold_chr
AL2G20030	scaffold_1_RagTag	87.755	343	30	8	2753	3083	7994605	7994947	2.08e-106	390	Nla.ragtag.scaffold_chr
AL2G20030	scaffold_1_RagTag	87.536	345	31	6	2749	3082	8113742	8114085	7.47e-106	388	Nla.ragtag.scaffold_chr
AL2G20030	scaffold_1_RagTag	86.819	349	35	6	2753	3090	23769663	23770011	4.49e-103	379	Nla.ragtag.scaffold_chr
AL2G20030	scaffold_1_RagTag	87.463	335	29	10	2755	3084	3199704	3199378	2.09e-101	374	Nla.ragtag.scaffold_chr
AL2G20030	scaffold_1_RagTag	86.607	336	34	6	2765	3089	15646465	15646800	1.63e-97	361	Nla.ragtag.scaffold_chr
AL2G20030	scaffold_1_RagTag	87.658	316	27	8	2753	3056	22337443	22337128	2.11e-96	357	Nla.ragtag.scaffold_chr
AL2G20030	scaffold_1_RagTag	86.269	335	33	7	2770	3091	21945374	21945708	9.79e-95	351	Nla.ragtag.scaffold_chr
AL2G20030	scaffold_1_RagTag	90.079	252	23	2	3319	3568	4308684	4308433	5.94e-87	326	Nla.ragtag.scaffold_chr
AL2G20030	scaffold_1_RagTag	92.035	226	18	0	3333	3558	12383301	12383076	9.93e-85	318	Nla.ragtag.scaffold_chr
AL2G20030	scaffold_1_RagTag	87.591	274	26	8	4230	4500	21548668	21548936	1.66e-82	311	Nla.ragtag.scaffold_chr
AL2G20030	scaffold_1_RagTag	88.732	213	24	0	2884	3096	17137559	17137347	1.7e-67	261	Nla.ragtag.scaffold_chr
AL2G20030	scaffold_1_RagTag	78.043	419	64	15	3867	4261	625514	625100	7.96e-61	239	Nla.ragtag.scaffold_chr
AL2G20030	scaffold_1_RagTag	91.379	174	9	6	4330	4500	21548604	21548774	3.7e-59	233	Nla.ragtag.scaffold_chr
AL2G20030	scaffold_1_RagTag	89.503	181	18	1	2914	3093	15910683	15910863	1.72e-57	228	Nla.ragtag.scaffold_chr
AL2G20030	scaffold_1_RagTag	85.909	220	19	7	2750	2957	14993620	14993401	2.23e-56	224	Nla.ragtag.scaffold_chr
AL2G20030	scaffold_1_RagTag	80.769	312	35	16	4195	4500	21548856	21548564	2.88e-55	220	Nla.ragtag.scaffold_chr
AL2G20030	scaffold_1_RagTag	81.985	272	36	11	4158	4423	21548677	21548941	1.04e-54	219	Nla.ragtag.scaffold_chr
AL2G20030	scaffold_1_RagTag	76.586	457	64	22	3869	4296	16325275	16324833	1.73e-52	211	Nla.ragtag.scaffold_chr
AL2G20030	scaffold_1_RagTag	76.368	457	64	21	3869	4296	5540988	5540547	8.07e-51	206	Nla.ragtag.scaffold_chr
AL2G20030	scaffold_1_RagTag	76.368	457	65	22	3869	4296	15915822	15915380	8.07e-51	206	Nla.ragtag.scaffold_chr
AL2G20030	scaffold_1_RagTag	79.87	308	37	15	4158	4459	21548813	21548525	1.04e-49	202	Nla.ragtag.scaffold_chr
AL2G20030	scaffold_1_RagTag	80.427	281	38	15	4195	4468	21548938	21548668	1.35e-48	198	Nla.ragtag.scaffold_chr
AL2G20030	scaffold_1_RagTag	93.069	101	7	0	2992	3092	6333186	6333286	1.38e-33	148	Nla.ragtag.scaffold_chr
AL2G20030	scaffold_1_RagTag	79.787	188	27	9	4158	4340	21548759	21548940	6.46e-27	126	Nla.ragtag.scaffold_chr
AL2G20030	scaffold_1_RagTag	75.789	190	23	13	4277	4461	21548939	21548768	2.37e-11	75	Nla.ragtag.scaffold_chr
AL2G20030	scaffold_5_RagTag	91.163	645	38	9	3871	4500	1490808	1491448	0	857	Nla.ragtag.scaffold_chr
AL2G20030	scaffold_5_RagTag	91.291	643	30	6	3869	4500	8483375	8482748	0	854	Nla.ragtag.scaffold_chr
AL2G20030	scaffold_5_RagTag	87.921	356	30	10	2753	3095	9303905	9304260	2.06e-111	407	Nla.ragtag.scaffold_chr
AL2G20030	scaffold_5_RagTag	88.554	332	32	4	2753	3079	11839843	11840173	1.24e-108	398	Nla.ragtag.scaffold_chr
AL2G20030	scaffold_5_RagTag	87.464	351	32	9	2753	3091	4652781	4652431	1.6e-107	394	Nla.ragtag.scaffold_chr
AL2G20030	scaffold_5_RagTag	87.24	337	32	6	2753	3078	12043567	12043231	2.09e-101	374	Nla.ragtag.scaffold_chr
AL2G20030	scaffold_5_RagTag	87.202	336	31	6	2758	3082	572634	572968	7.52e-101	372	Nla.ragtag.scaffold_chr
AL2G20030	scaffold_5_RagTag	87.021	339	33	8	2753	3080	884324	884662	7.52e-101	372	Nla.ragtag.scaffold_chr
AL2G20030	scaffold_5_RagTag	86.982	338	33	6	2753	3079	324263	323926	2.7e-100	370	Nla.ragtag.scaffold_chr
AL2G20030	scaffold_5_RagTag	85.755	351	37	7	2754	3093	16162525	16162873	5.85e-97	359	Nla.ragtag.scaffold_chr
AL2G20030	scaffold_5_RagTag	86.364	330	32	8	2753	3069	1190582	1190911	1.27e-93	348	Nla.ragtag.scaffold_chr
AL2G20030	scaffold_5_RagTag	87.459	303	27	6	2804	3095	4652786	4653088	7.63e-91	339	Nla.ragtag.scaffold_chr
AL2G20030	scaffold_5_RagTag	89.381	226	19	5	4278	4500	1491143	1491366	4.69e-73	279	Nla.ragtag.scaffold_chr
AL2G20030	scaffold_5_RagTag	82.748	313	40	12	4195	4500	1491226	1491531	3.65e-69	267	Nla.ragtag.scaffold_chr
AL2G20030	scaffold_5_RagTag	82.68	306	45	8	4158	4459	1491407	1491106	1.31e-68	265	Nla.ragtag.scaffold_chr
AL2G20030	scaffold_5_RagTag	82.109	313	42	12	4195	4500	1491533	1491228	7.9e-66	255	Nla.ragtag.scaffold_chr
AL2G20030	scaffold_5_RagTag	86.207	232	25	5	4195	4423	8482970	8482743	1.71e-62	244	Nla.ragtag.scaffold_chr
AL2G20030	scaffold_5_RagTag	80.255	314	46	14	4195	4500	1491450	1491145	8.01e-56	222	Nla.ragtag.scaffold_chr
AL2G20030	scaffold_5_RagTag	77.053	414	71	12	3869	4260	2818071	2817660	3.73e-54	217	Nla.ragtag.scaffold_chr
AL2G20030	scaffold_5_RagTag	87.368	190	22	2	4312	4500	8483018	8482830	3.73e-54	217	Nla.ragtag.scaffold_chr
AL2G20030	scaffold_5_RagTag	81.319	273	39	10	4158	4423	1491269	1491536	1.73e-52	211	Nla.ragtag.scaffold_chr
AL2G20030	scaffold_5_RagTag	82.906	234	35	5	4158	4388	8482789	8483020	8.07e-51	206	Nla.ragtag.scaffold_chr
AL2G20030	scaffold_5_RagTag	83.406	229	29	8	4277	4500	1491534	1491310	2.9e-50	204	Nla.ragtag.scaffold_chr
AL2G20030	scaffold_5_RagTag	83.957	187	24	6	4158	4340	1491351	1491535	2.28e-41	174	Nla.ragtag.scaffold_chr
AL2G20030	scaffold_5_RagTag	97.03	101	1	2	3774	3872	17384194	17384294	1.06e-39	169	Nla.ragtag.scaffold_chr
AL2G20030	scaffold_5_RagTag	90	100	9	1	2994	3093	5491813	5491911	1.8e-27	128	Nla.ragtag.scaffold_chr
AL2G20030	scaffold_5_RagTag	81.481	162	22	7	4344	4500	1491550	1491392	6.46e-27	126	Nla.ragtag.scaffold_chr
AL2G20030	scaffold_5_RagTag	81.333	150	25	2	4158	4305	8482871	8483019	1.08e-24	119	Nla.ragtag.scaffold_chr
AL2G20030	scaffold_5_RagTag	78.191	188	32	8	4158	4340	8482927	8482744	1.81e-22	111	Nla.ragtag.scaffold_chr
AL2G20030	scaffold_8_RagTag	97.303	445	12	0	2110	2554	176687	176243	0	756	Nla.ragtag.scaffold_chr
AL2G20030	scaffold_8_RagTag	89.15	341	26	6	2753	3082	4227893	4228233	1.23e-113	414	Nla.ragtag.scaffold_chr
AL2G20030	scaffold_8_RagTag	88.034	351	31	8	2753	3092	13416743	13417093	7.41e-111	405	Nla.ragtag.scaffold_chr
AL2G20030	scaffold_8_RagTag	87.644	348	31	9	2753	3089	10329871	10330217	1.6e-107	394	Nla.ragtag.scaffold_chr
AL2G20030	scaffold_8_RagTag	87.216	352	34	6	2758	3098	13305617	13305266	2.08e-106	390	Nla.ragtag.scaffold_chr
AL2G20030	scaffold_8_RagTag	87.683	341	31	6	2753	3082	15264718	15265058	2.68e-105	387	Nla.ragtag.scaffold_chr
AL2G20030	scaffold_8_RagTag	87.683	341	31	6	2753	3082	21139989	21140329	2.68e-105	387	Nla.ragtag.scaffold_chr
AL2G20030	scaffold_8_RagTag	86.919	344	33	7	2747	3079	13305959	13305617	5.81e-102	375	Nla.ragtag.scaffold_chr
AL2G20030	scaffold_8_RagTag	86.012	336	33	7	2756	3077	4873363	4873028	1.27e-93	348	Nla.ragtag.scaffold_chr
AL2G20030	scaffold_8_RagTag	95.261	211	6	2	3563	3773	172880	172674	1.28e-88	331	Nla.ragtag.scaffold_chr
AL2G20030	scaffold_8_RagTag	90.638	235	8	5	1902	2131	177108	176883	3.6e-79	300	Nla.ragtag.scaffold_chr
AL2G20030	scaffold_8_RagTag	77.252	444	69	24	3866	4296	16378292	16377868	1.33e-58	231	Nla.ragtag.scaffold_chr
AL2G20030	scaffold_8_RagTag	86.7	203	18	5	2752	2947	2055203	2055403	3.73e-54	217	Nla.ragtag.scaffold_chr
AL2G20030	scaffold_8_RagTag	95.05	101	4	1	2652	2751	176229	176129	2.29e-36	158	Nla.ragtag.scaffold_chr
AL2G20030	scaffold_8_RagTag	83.766	154	11	4	2754	2904	20806999	20807141	3.86e-29	134	Nla.ragtag.scaffold_chr
AL2G20030	scaffold_7_RagTag	88.218	348	30	8	2753	3089	21259814	21259467	7.41e-111	405	Nla.ragtag.scaffold_chr
AL2G20030	scaffold_7_RagTag	88.855	332	31	4	2753	3080	10494224	10494553	2.67e-110	403	Nla.ragtag.scaffold_chr
AL2G20030	scaffold_7_RagTag	87.966	349	31	6	2753	3090	12277963	12277615	9.59e-110	401	Nla.ragtag.scaffold_chr
AL2G20030	scaffold_7_RagTag	87.941	340	30	6	2754	3082	12939071	12939410	2.08e-106	390	Nla.ragtag.scaffold_chr
AL2G20030	scaffold_7_RagTag	86.441	354	35	8	2753	3093	16702646	16702293	5.81e-102	375	Nla.ragtag.scaffold_chr
AL2G20030	scaffold_7_RagTag	86.624	314	29	7	2754	3055	13068490	13068802	9.86e-90	335	Nla.ragtag.scaffold_chr
AL2G20030	scaffold_7_RagTag	87.248	298	27	6	2753	3039	22472132	22471835	4.59e-88	329	Nla.ragtag.scaffold_chr
AL2G20030	scaffold_7_RagTag	84.211	342	29	7	2753	3082	10805520	10805848	5.98e-82	309	Nla.ragtag.scaffold_chr
AL2G20030	scaffold_7_RagTag	85.043	234	21	9	3334	3561	13072532	13072307	6.19e-57	226	Nla.ragtag.scaffold_chr
AL2G20030	scaffold_7_RagTag	90.667	150	13	1	2934	3082	5002950	5003099	1.35e-48	198	Nla.ragtag.scaffold_chr
AL2G20030	scaffold_7_RagTag	86.932	176	18	2	2899	3072	354116	353944	6.28e-47	193	Nla.ragtag.scaffold_chr
AL2G20030	scaffold_3_RagTag	88.623	334	33	3	2753	3083	10778840	10779171	9.59e-110	401	Nla.ragtag.scaffold_chr
AL2G20030	scaffold_3_RagTag	88.27	341	29	6	2753	3082	62391	62731	1.24e-108	398	Nla.ragtag.scaffold_chr
AL2G20030	scaffold_3_RagTag	88.462	338	28	8	2753	3079	9261891	9262228	1.24e-108	398	Nla.ragtag.scaffold_chr
AL2G20030	scaffold_3_RagTag	87.429	350	33	6	2753	3091	299811	299462	5.77e-107	392	Nla.ragtag.scaffold_chr
AL2G20030	scaffold_3_RagTag	87.977	341	30	8	2753	3082	2489493	2489153	5.77e-107	392	Nla.ragtag.scaffold_chr
AL2G20030	scaffold_3_RagTag	90.033	301	18	7	2753	3043	12901878	12902176	4.49e-103	379	Nla.ragtag.scaffold_chr
AL2G20030	scaffold_3_RagTag	86.533	349	36	6	2753	3090	6377719	6377371	2.09e-101	374	Nla.ragtag.scaffold_chr
AL2G20030	scaffold_3_RagTag	87.202	336	30	8	2753	3076	5140260	5140594	2.7e-100	370	Nla.ragtag.scaffold_chr
AL2G20030	scaffold_3_RagTag	85.92	348	38	8	2753	3089	8590860	8591207	1.63e-97	361	Nla.ragtag.scaffold_chr
AL2G20030	scaffold_3_RagTag	84.483	348	41	9	2744	3079	12752970	12753316	1.28e-88	331	Nla.ragtag.scaffold_chr
AL2G20030	scaffold_3_RagTag	88.325	197	23	0	2899	3095	62386	62190	2.86e-60	237	Nla.ragtag.scaffold_chr
AL2G20030	scaffold_3_RagTag	97.561	41	1	0	2753	2793	22189935	22189975	3.07e-10	71.3	Nla.ragtag.scaffold_chr
AL2G20070	scaffold_2_RagTag	92.211	1117	69	10	201	1314	12063918	12062817	0	1565	Nla.ragtag.scaffold_chr
AL2G20070	scaffold_2_RagTag	94.925	729	35	1	586	1314	11971988	11972714	0	1140	Nla.ragtag.scaffold_chr
AL2G20070	scaffold_2_RagTag	86.647	689	71	15	628	1314	11967170	11967839	0	743	Nla.ragtag.scaffold_chr
AL2G20070	scaffold_2_RagTag	91.126	293	21	5	197	487	11971649	11971938	1.72e-107	392	Nla.ragtag.scaffold_chr
AL2G20070	scaffold_2_RagTag	79.237	472	53	25	80	534	11966659	11967102	8.33e-76	287	Nla.ragtag.scaffold_chr
AL2G20070	scaffold_2_RagTag	77.326	172	20	10	1	167	11971397	11971554	1.17e-14	84.2	Nla.ragtag.scaffold_chr
AL2G20070	scaffold_2_RagTag	100	28	0	0	647	674	13531555	13531528	3.31e-05	52.8	Nla.ragtag.scaffold_chr
AL2G20070	scaffold_6_RagTag	89.817	1041	72	7	64	1095	13863632	13862617	0	1304	Nla.ragtag.scaffold_chr
AL2G20070	scaffold_6_RagTag	86.864	236	10	7	1082	1317	13861003	13860789	5.08e-63	244	Nla.ragtag.scaffold_chr
AL2G20200	scaffold_2_RagTag	95.509	1492	49	6	416	1905	12062550	12064025	0	2368	Nla.ragtag.scaffold_chr
AL2G20200	scaffold_2_RagTag	92.145	1184	64	17	239	1413	11973151	11971988	0	1644	Nla.ragtag.scaffold_chr
AL2G20200	scaffold_2_RagTag	84.814	1396	143	31	1	1371	11968521	11967170	0	1339	Nla.ragtag.scaffold_chr
AL2G20200	scaffold_2_RagTag	94.061	522	27	2	1	522	12061985	12062502	0	789	Nla.ragtag.scaffold_chr
AL2G20200	scaffold_2_RagTag	90.291	309	25	4	1515	1821	11971935	11971630	1.45e-109	399	Nla.ragtag.scaffold_chr
AL2G20200	scaffold_2_RagTag	82.011	378	36	16	1433	1786	11967145	11966776	2.53e-77	292	Nla.ragtag.scaffold_chr
AL2G20200	scaffold_2_RagTag	93.151	73	4	1	458	530	12062394	12062465	3.53e-21	106	Nla.ragtag.scaffold_chr
AL2G20200	scaffold_2_RagTag	82.474	97	13	4	69	163	11973249	11973155	5.96e-14	82.4	Nla.ragtag.scaffold_chr
AL2G20200	scaffold_2_RagTag	91.228	57	4	1	474	530	11972989	11972934	2.77e-12	76.8	Nla.ragtag.scaffold_chr
AL2G20200	scaffold_6_RagTag	89.091	935	75	19	908	1821	13862617	13863545	0	1136	Nla.ragtag.scaffold_chr
AL2G20200	scaffold_6_RagTag	85.832	487	40	15	436	921	13860545	13861003	8.35e-137	490	Nla.ragtag.scaffold_chr
AL2G20200	scaffold_6_RagTag	92.063	63	5	0	416	478	13860569	13860631	3.56e-16	89.8	Nla.ragtag.scaffold_chr
AL6G40220	scaffold_6_RagTag	99.14	1046	9	0	468	1513	13862617	13863662	0	1882	Nla.ragtag.scaffold_chr
AL6G40220	scaffold_6_RagTag	98.482	461	5	2	21	481	13860545	13861003	0	811	Nla.ragtag.scaffold_chr
AL6G40220	scaffold_6_RagTag	100	31	0	0	2	32	13860548	13860578	7.94e-07	58.4	Nla.ragtag.scaffold_chr
AL6G40220	scaffold_2_RagTag	88.819	1422	103	27	1	1396	12062550	12063941	0	1694	Nla.ragtag.scaffold_chr
AL6G40220	scaffold_2_RagTag	91.466	996	64	6	1	977	11972981	11971988	0	1349	Nla.ragtag.scaffold_chr
AL6G40220	scaffold_2_RagTag	85.879	956	92	24	1	935	11968103	11967170	0	977	Nla.ragtag.scaffold_chr
AL6G40220	scaffold_2_RagTag	82.222	450	37	22	1039	1461	11967101	11966668	4.21e-94	348	Nla.ragtag.scaffold_chr
AL6G40220	scaffold_2_RagTag	85.047	321	41	6	1085	1403	11971938	11971623	9.17e-86	320	Nla.ragtag.scaffold_chr
AL6G40220	scaffold_2_RagTag	90.991	111	9	1	1	111	12062506	12062615	4.58e-34	148	Nla.ragtag.scaffold_chr
AL6G40220	scaffold_2_RagTag	91.509	106	4	3	9	111	12062380	12062483	7.67e-32	141	Nla.ragtag.scaffold_chr
AL6G40220	scaffold_2_RagTag	81.366	161	11	12	1309	1462	11971621	11971473	1.67e-23	113	Nla.ragtag.scaffold_chr
AL6G40220	scaffold_2_RagTag	89.888	89	5	2	23	111	11968125	11968041	6.01e-23	111	Nla.ragtag.scaffold_chr
AL6G40220	scaffold_2_RagTag	97.368	38	1	0	68	105	11968125	11968088	4.75e-09	65.8	Nla.ragtag.scaffold_chr
AL2G20010	scaffold_2	92.76	1989	56	23	2	1934	10497584	10499540	0	2795	NT1_v2
AL2G20010	scaffold_2	87.869	1187	102	26	614	1762	10639313	10638131	0	1356	NT1_v2
AL2G20010	scaffold_2	87.586	1160	98	18	599	1714	10595181	10596338	0	1303	NT1_v2
AL2G20010	scaffold_2	88.462	468	32	12	1063	1521	10511903	10512357	1.78e-153	545	NT1_v2
AL2G20010	scaffold_2	82.818	582	72	19	599	1165	10511308	10511876	1.82e-138	496	NT1_v2
AL2G20010	scaffold_2	83.333	336	34	10	190	517	10639743	10639422	9.23e-77	291	NT1_v2
AL2G20010	scaffold_2	82.175	331	36	14	190	517	10510895	10511205	2.01e-68	263	NT1_v2
AL2G20010	scaffold_2	91.713	181	14	1	1227	1407	10507450	10507629	1.57e-64	250	NT1_v2
AL2G20010	scaffold_2	83.796	216	31	2	302	517	10594876	10595087	4.45e-50	202	NT1_v2
AL2G20010	scaffold_2	91.87	123	9	1	118	240	10639934	10639813	1.26e-40	171	NT1_v2
AL2G20010	scaffold_2	87.5	64	4	2	203	265	10510827	10510887	1.31e-10	71.3	NT1_v2
AL2G20020	scaffold_2	92.679	1202	61	8	600	1776	10595139	10596338	0	1707	NT1_v2
AL2G20020	scaffold_2	88.768	1291	94	19	603	1860	10639367	10638095	0	1533	NT1_v2
AL2G20020	scaffold_2	82.505	1389	130	48	277	1609	10497773	10499104	0	1114	NT1_v2
AL2G20020	scaffold_2	90.174	631	34	6	600	1222	10511266	10511876	0	797	NT1_v2
AL2G20020	scaffold_2	84.615	520	41	16	1484	1975	10499030	10499538	5.22e-134	481	NT1_v2
AL2G20020	scaffold_2	84.937	478	38	17	1119	1585	10511903	10512357	1.14e-125	453	NT1_v2
AL2G20020	scaffold_2	90.705	312	24	4	242	550	10639778	10639469	6.94e-113	411	NT1_v2
AL2G20020	scaffold_2	82.463	479	37	21	76	550	10510723	10511158	2.53e-102	375	NT1_v2
AL2G20020	scaffold_2	94.545	165	9	0	386	550	10594876	10595040	3.44e-66	255	NT1_v2
AL2G20020	scaffold_2	87.556	225	17	7	1286	1508	10507450	10507665	1.6e-64	250	NT1_v2
AL2G20020	scaffold_2	91.209	91	3	5	1865	1950	10507760	10507850	4.71e-25	119	NT1_v2
AL2G20020	scaffold_2	89.394	66	4	3	1552	1616	10638473	10638410	2.22e-13	80.5	NT1_v2
AL2G20020	scaffold_2	93.182	44	3	0	1484	1527	10596118	10596161	6.22e-09	65.8	NT1_v2
AL2G20020	scaffold_2	100	29	0	0	321	349	10510851	10510879	1.35e-05	54.7	NT1_v2
AL2G20030	scaffold_2	98.373	1352	15	4	2425	3773	10520009	10521356	0	2368	NT1_v2
AL2G20030	scaffold_2	90.402	1469	95	16	161	1617	10510879	10512313	0	1890	NT1_v2
AL2G20030	scaffold_2	89.706	1020	84	15	165	1181	10639755	10638754	0	1282	NT1_v2
AL2G20030	scaffold_2	98.315	712	10	2	1718	2429	10514303	10515012	0	1247	NT1_v2
AL2G20030	scaffold_2	90.449	890	76	5	287	1176	10594876	10595756	0	1164	NT1_v2
AL2G20030	scaffold_2	94.155	633	36	1	3869	4500	10506182	10505550	0	963	NT1_v2
AL2G20030	scaffold_2	92.077	568	29	6	3869	4423	15407499	15408063	0	785	NT1_v2
AL2G20030	scaffold_2	83.845	619	74	19	601	1211	10498159	10498759	3.21e-159	566	NT1_v2
AL2G20030	scaffold_2	86.916	428	33	16	1208	1617	10595658	10596080	5.61e-127	459	NT1_v2
AL2G20030	scaffold_2	87.028	424	30	13	1208	1617	10498624	10499036	7.26e-126	455	NT1_v2
AL2G20030	scaffold_2	87.356	348	33	6	2753	3089	3620447	3620794	7.47e-106	388	NT1_v2
AL2G20030	scaffold_2	87.683	341	31	8	2753	3082	17241682	17242022	2.69e-105	387	NT1_v2
AL2G20030	scaffold_2	89.423	312	22	5	1311	1620	10638716	10638414	3.47e-104	383	NT1_v2
AL2G20030	scaffold_2	86.648	352	35	7	2745	3085	15663199	15662849	4.49e-103	379	NT1_v2
AL2G20030	scaffold_2	86.533	349	36	6	2753	3090	2658656	2658308	2.09e-101	374	NT1_v2
AL2G20030	scaffold_2	86.217	341	36	6	2753	3082	14665092	14665432	5.85e-97	359	NT1_v2
AL2G20030	scaffold_2	81.098	492	47	27	55	527	10497666	10498130	9.8e-95	351	NT1_v2
AL2G20030	scaffold_2	87.789	303	25	8	2753	3044	19390025	19389724	1.64e-92	344	NT1_v2
AL2G20030	scaffold_2	89.412	255	20	6	3314	3562	9910072	9910325	1.29e-83	315	NT1_v2
AL2G20030	scaffold_2	87.5	280	24	6	2753	3021	6713441	6713720	4.62e-83	313	NT1_v2
AL2G20030	scaffold_2	89.381	226	19	5	4278	4500	10505856	10505633	4.69e-73	279	NT1_v2
AL2G20030	scaffold_2	88.987	227	17	8	4278	4500	15407836	15408058	2.18e-71	274	NT1_v2
AL2G20030	scaffold_2	82.222	315	45	10	4192	4500	10505545	10505854	1.7e-67	261	NT1_v2
AL2G20030	scaffold_2	83.929	280	37	7	4183	4459	10505619	10505893	1.7e-67	261	NT1_v2
AL2G20030	scaffold_2	90.503	179	15	2	2904	3082	11956830	11956654	1.03e-59	235	NT1_v2
AL2G20030	scaffold_2	93.506	154	6	1	1568	1721	10512308	10512457	6.2e-57	226	NT1_v2
AL2G20030	scaffold_2	91.463	164	13	1	1361	1523	10507450	10507613	2.23e-56	224	NT1_v2
AL2G20030	scaffold_2	77.295	414	70	10	3869	4260	16037262	16036851	8.01e-56	222	NT1_v2
AL2G20030	scaffold_2	83.262	233	31	7	4195	4423	10505773	10505545	2.24e-51	207	NT1_v2
AL2G20030	scaffold_2	86.022	186	17	9	4158	4338	15408017	15407836	2.26e-46	191	NT1_v2
AL2G20030	scaffold_2	88.811	143	13	3	4360	4500	15407836	15407977	8.19e-41	172	NT1_v2
AL2G20030	scaffold_2	80.749	187	28	7	4158	4340	15407880	15408062	8.3e-31	139	NT1_v2
AL2G20030	scaffold_2	90.196	102	8	2	3773	3872	5516916	5517017	1.39e-28	132	NT1_v2
AL2G20030	scaffold_2	84.397	141	7	9	1078	1211	10511903	10512035	2.32e-26	124	NT1_v2
AL2G20030	scaffold_2	82.517	143	8	10	1208	1342	10511773	10511906	6.51e-22	110	NT1_v2
AL2G20030	scaffold_2	77.778	189	32	9	4158	4340	10505730	10505546	2.34e-21	108	NT1_v2
AL2G20030	scaffold_2	100	50	0	0	1568	1617	10596075	10596124	6.56e-17	93.5	NT1_v2
AL2G20030	scaffold_2	95.833	48	2	0	1570	1617	10499033	10499080	1.84e-12	78.7	NT1_v2
AL2G20030	scaffold_2	95.833	48	2	0	1570	1617	10596099	10596146	1.84e-12	78.7	NT1_v2
AL2G20030	scaffold_2	93.023	43	3	0	3523	3565	12944005	12944047	5.14e-08	63.9	NT1_v2
AL2G20030	scaffold_2	100	33	0	0	218	250	10510847	10510879	1.85e-07	62.1	NT1_v2
AL2G20030	scaffold_8	90.431	951	30	19	1820	2752	194923	194016	0	1195	NT1_v2
AL2G20030	scaffold_8	87.714	350	31	9	2753	3090	5037674	5037325	1.24e-108	398	NT1_v2
AL2G20030	scaffold_8	87.714	350	32	6	2753	3091	5616449	5616798	1.24e-108	398	NT1_v2
AL2G20030	scaffold_8	88.116	345	26	10	2753	3082	19172544	19172200	4.46e-108	396	NT1_v2
AL2G20030	scaffold_8	88.012	342	29	7	2760	3089	9485826	9486167	1.6e-107	394	NT1_v2
AL2G20030	scaffold_8	87.464	351	33	6	2753	3092	16619026	16618676	1.6e-107	394	NT1_v2
AL2G20030	scaffold_8	87.216	352	33	7	2755	3094	10920548	10920197	2.08e-106	390	NT1_v2
AL2G20030	scaffold_8	87.143	350	34	5	2753	3091	10578092	10577743	2.69e-105	387	NT1_v2
AL2G20030	scaffold_8	87.097	341	31	9	2753	3082	14317093	14317431	2.09e-101	374	NT1_v2
AL2G20030	scaffold_8	86.533	349	34	8	2753	3088	21243494	21243842	7.52e-101	372	NT1_v2
AL2G20030	scaffold_8	86.628	344	35	6	2753	3085	9865899	9865556	2.7e-100	370	NT1_v2
AL2G20030	scaffold_8	86.628	344	35	5	2753	3085	20496192	20495849	2.7e-100	370	NT1_v2
AL2G20030	scaffold_8	86.08	352	38	8	2753	3093	16431944	16432295	9.73e-100	368	NT1_v2
AL2G20030	scaffold_8	88.38	284	23	6	2809	3082	10578099	10578382	3.55e-89	333	NT1_v2
AL2G20030	scaffold_8	95.261	211	6	2	3563	3773	193814	193608	1.28e-88	331	NT1_v2
AL2G20030	scaffold_8	84.615	338	33	8	2756	3077	4860663	4860329	9.94e-85	318	NT1_v2
AL2G20030	scaffold_8	83.621	232	16	5	3087	3318	194016	193807	1.35e-48	198	NT1_v2
AL2G20030	scaffold_8	90.84	131	12	0	2952	3082	10646131	10646261	6.33e-42	176	NT1_v2
AL2G20030	scaffold_8	81.143	175	31	2	4086	4260	17545471	17545643	8.3e-31	139	NT1_v2
AL2G20030	scaffold_4	87.658	632	43	13	3869	4500	23924930	23924334	0	702	NT1_v2
AL2G20030	scaffold_4	88.627	466	30	14	3888	4346	12785726	12786175	4.19e-153	545	NT1_v2
AL2G20030	scaffold_4	87.784	352	32	6	2753	3093	18069246	18068895	9.59e-110	401	NT1_v2
AL2G20030	scaffold_4	87.679	349	32	6	2753	3090	16312391	16312739	4.46e-108	396	NT1_v2
AL2G20030	scaffold_4	87.464	351	32	9	2753	3092	12113599	12113250	1.6e-107	394	NT1_v2
AL2G20030	scaffold_4	87.356	348	33	6	2753	3089	16582064	16581717	7.47e-106	388	NT1_v2
AL2G20030	scaffold_4	87.097	341	33	6	2753	3082	22749402	22749742	5.81e-102	375	NT1_v2
AL2G20030	scaffold_4	86.919	344	34	6	2753	3085	24369222	24368879	5.81e-102	375	NT1_v2
AL2G20030	scaffold_4	85.63	341	38	8	2756	3085	5914917	5914577	1.27e-93	348	NT1_v2
AL2G20030	scaffold_4	88.8	250	21	6	3319	3562	23143687	23143935	3.6e-79	300	NT1_v2
AL2G20030	scaffold_4	83.226	310	43	8	4192	4497	23924329	23924633	6.07e-72	276	NT1_v2
AL2G20030	scaffold_4	86.695	233	22	7	4195	4423	23924556	23924329	3.68e-64	250	NT1_v2
AL2G20030	scaffold_4	84.351	262	34	6	4158	4415	23924375	23924633	3.68e-64	250	NT1_v2
AL2G20030	scaffold_4	88.5	200	23	0	2884	3083	1920651	1920850	6.15e-62	243	NT1_v2
AL2G20030	scaffold_4	85.455	220	28	4	4283	4500	23924633	23924416	6.2e-57	226	NT1_v2
AL2G20030	scaffold_4	77.053	414	71	10	3869	4260	11748266	11748677	3.73e-54	217	NT1_v2
AL2G20030	scaffold_4	84.932	219	25	1	2881	3091	16612459	16612241	1.34e-53	215	NT1_v2
AL2G20030	scaffold_4	82.022	178	29	2	4158	4333	23924457	23924633	1.38e-33	148	NT1_v2
AL2G20030	scaffold_4	79.365	189	28	10	4158	4340	23924513	23924330	8.36e-26	122	NT1_v2
AL2G20030	scaffold_5	91.753	485	25	5	3869	4340	21971510	21971028	0	660	NT1_v2
AL2G20030	scaffold_5	89.15	341	24	10	2753	3081	1409864	1409525	4.43e-113	412	NT1_v2
AL2G20030	scaffold_5	88.184	347	30	8	2756	3091	1637389	1637043	2.67e-110	403	NT1_v2
AL2G20030	scaffold_5	88.563	341	28	6	2749	3078	14688035	14687695	2.67e-110	403	NT1_v2
AL2G20030	scaffold_5	88.724	337	26	7	2754	3079	15332055	15332390	9.59e-110	401	NT1_v2
AL2G20030	scaffold_5	88.116	345	30	8	2756	3089	14863853	14863509	3.45e-109	399	NT1_v2
AL2G20030	scaffold_5	87.106	349	34	6	2753	3090	12665929	12665581	9.66e-105	385	NT1_v2
AL2G20030	scaffold_5	86.932	352	34	7	2753	3093	17001482	17001132	9.66e-105	385	NT1_v2
AL2G20030	scaffold_5	86.55	342	34	5	2756	3085	21698422	21698081	3.5e-99	366	NT1_v2
AL2G20030	scaffold_5	89.243	251	21	5	3319	3563	1771516	1771766	5.98e-82	309	NT1_v2
AL2G20030	scaffold_5	88.672	256	22	4	3315	3563	2756677	2756932	7.74e-81	305	NT1_v2
AL2G20030	scaffold_5	89.474	152	10	6	4192	4340	21971027	21971175	2.92e-45	187	NT1_v2
AL2G20030	scaffold_5	88.889	144	13	3	4359	4500	21971174	21971032	2.28e-41	174	NT1_v2
AL2G20030	scaffold_5	87.417	151	12	7	4277	4423	21971174	21971027	3.81e-39	167	NT1_v2
AL2G20030	scaffold_1	87.701	374	30	13	2735	3092	14859481	14859854	7.36e-116	422	NT1_v2
AL2G20030	scaffold_1	87.744	359	32	9	2753	3100	8713425	8713782	5.73e-112	409	NT1_v2
AL2G20030	scaffold_1	87.744	359	32	9	2753	3100	8714947	8715304	5.73e-112	409	NT1_v2
AL2G20030	scaffold_1	87.744	359	32	9	2753	3100	8716469	8716826	5.73e-112	409	NT1_v2
AL2G20030	scaffold_1	88.663	344	28	7	2753	3085	22395161	22394818	5.73e-112	409	NT1_v2
AL2G20030	scaffold_1	88.252	349	30	8	2753	3090	8382845	8383193	2.06e-111	407	NT1_v2
AL2G20030	scaffold_1	88.372	344	32	6	2753	3091	24757173	24757513	2.06e-111	407	NT1_v2
AL2G20030	scaffold_1	88.563	341	26	10	2753	3081	22456676	22456337	9.59e-110	401	NT1_v2
AL2G20030	scaffold_1	88.081	344	30	7	2753	3085	22436875	22436532	1.24e-108	398	NT1_v2
AL2G20030	scaffold_1	87.644	348	32	8	2753	3089	24287364	24287711	1.6e-107	394	NT1_v2
AL2G20030	scaffold_1	87.791	344	31	7	2753	3085	22446869	22446526	5.77e-107	392	NT1_v2
AL2G20030	scaffold_1	88.047	343	26	11	2753	3081	22466266	22465925	5.77e-107	392	NT1_v2
AL2G20030	scaffold_1	87.393	349	33	6	2753	3090	946598	946250	2.08e-106	390	NT1_v2
AL2G20030	scaffold_1	87.755	343	27	11	2753	3081	22427035	22426694	2.69e-105	387	NT1_v2
AL2G20030	scaffold_1	86.555	357	36	6	2756	3101	13266001	13265646	3.47e-104	383	NT1_v2
AL2G20030	scaffold_1	87.097	341	29	8	2753	3082	27408620	27408956	7.52e-101	372	NT1_v2
AL2G20030	scaffold_1	86.337	344	36	6	2753	3085	9023547	9023204	1.26e-98	364	NT1_v2
AL2G20030	scaffold_1	91.235	251	21	1	3319	3568	4261244	4260994	2.12e-91	340	NT1_v2
AL2G20030	scaffold_1	85	340	29	11	2754	3082	6377968	6377640	5.94e-87	326	NT1_v2
AL2G20030	scaffold_1	87.324	213	27	0	2884	3096	17130808	17130596	1.71e-62	244	NT1_v2
AL2G20030	scaffold_1	89.84	187	18	1	2895	3081	22436527	22436342	7.96e-61	239	NT1_v2
AL2G20030	scaffold_1	89.474	190	19	1	2892	3081	22446524	22446336	7.96e-61	239	NT1_v2
AL2G20030	scaffold_1	89.674	184	19	0	2899	3082	946800	946983	1.03e-59	235	NT1_v2
AL2G20030	scaffold_1	98.02	101	0	2	3774	3872	21320427	21320327	2.28e-41	174	NT1_v2
AL2G20030	scaffold_1	87.356	87	9	2	3773	3857	27435085	27435171	1.41e-18	99	NT1_v2
AL2G20030	scaffold_7	88.252	349	30	7	2753	3090	8268601	8268949	2.06e-111	407	NT1_v2
AL2G20030	scaffold_7	87.675	357	32	8	2753	3098	3878695	3879050	7.41e-111	405	NT1_v2
AL2G20030	scaffold_7	88.372	344	29	6	2753	3085	12134635	12134292	2.67e-110	403	NT1_v2
AL2G20030	scaffold_7	87.679	349	32	7	2753	3090	10253945	10253597	4.46e-108	396	NT1_v2
AL2G20030	scaffold_7	87.941	340	30	6	2754	3082	22308748	22308409	2.08e-106	390	NT1_v2
AL2G20030	scaffold_7	87.356	348	33	7	2754	3090	2904728	2904381	7.47e-106	388	NT1_v2
AL2G20030	scaffold_7	85.044	341	27	7	2754	3082	10699413	10699741	5.94e-87	326	NT1_v2
AL2G20030	scaffold_7	85.669	314	32	7	2754	3055	12881061	12881373	9.94e-85	318	NT1_v2
AL2G20030	scaffold_7	85.906	298	31	6	2753	3039	21690716	21690419	2.15e-81	307	NT1_v2
AL2G20030	scaffold_7	86.891	267	22	8	2788	3044	24510074	24510337	2.8e-75	287	NT1_v2
AL2G20030	scaffold_7	85.169	236	20	7	3334	3561	12884263	12884035	1.72e-57	228	NT1_v2
AL2G20030	scaffold_7	89.375	160	17	0	2934	3093	4933433	4933592	1.04e-49	202	NT1_v2
AL2G20030	scaffold_7	87.952	166	17	2	2899	3064	375991	375829	6.28e-47	193	NT1_v2
AL2G20030	scaffold_3	88.372	344	29	5	2753	3085	26436443	26436100	2.67e-110	403	NT1_v2
AL2G20030	scaffold_3	87.288	354	32	8	2753	3093	21154872	21154519	5.77e-107	392	NT1_v2
AL2G20030	scaffold_3	87.042	355	34	7	2753	3096	703075	703428	2.08e-106	390	NT1_v2
AL2G20030	scaffold_3	87.427	342	32	6	2755	3085	12654258	12653917	3.47e-104	383	NT1_v2
AL2G20030	scaffold_3	87.069	348	33	7	2753	3088	22393335	22392988	3.47e-104	383	NT1_v2
AL2G20030	scaffold_3	87.463	335	30	7	2753	3076	5206462	5206795	5.81e-102	375	NT1_v2
AL2G20030	scaffold_3	86.197	355	38	7	2753	3096	10488851	10488497	2.09e-101	374	NT1_v2
AL2G20030	scaffold_3	86.804	341	34	8	2753	3082	3599633	3599973	2.7e-100	370	NT1_v2
AL2G20030	scaffold_3	86.628	344	35	6	2753	3085	9109292	9108949	2.7e-100	370	NT1_v2
AL2G20030	scaffold_3	89.333	300	19	6	2754	3043	13287614	13287910	1.26e-98	364	NT1_v2
AL2G20030	scaffold_3	87.346	324	29	8	2753	3065	4517899	4518221	1.63e-97	361	NT1_v2
AL2G20030	scaffold_3	85.345	348	40	8	2744	3080	13151721	13152068	3.52e-94	350	NT1_v2
AL2G20030	scaffold_3	77.295	414	70	10	3869	4260	1656772	1656361	8.01e-56	222	NT1_v2
AL2G20030	scaffold_3	88.268	179	20	1	2920	3098	25851645	25851468	4.82e-53	213	NT1_v2
AL2G20030	scaffold_3	76.316	418	73	13	3866	4260	10758186	10758600	3.76e-49	200	NT1_v2
AL2G20030	scaffold_3	96.04	101	2	2	3774	3872	10369407	10369507	4.93e-38	163	NT1_v2
AL2G20030	scaffold_6	87.966	349	30	7	2756	3092	22674543	22674891	9.59e-110	401	NT1_v2
AL2G20030	scaffold_6	87.356	348	34	6	2753	3090	22490194	22490541	2.08e-106	390	NT1_v2
AL2G20030	scaffold_6	86.895	351	35	6	2753	3092	18938803	18938453	3.47e-104	383	NT1_v2
AL2G20030	scaffold_6	87.353	340	33	5	2753	3082	10855097	10855436	1.25e-103	381	NT1_v2
AL2G20030	scaffold_6	87.135	342	32	7	2753	3082	1215981	1216322	1.62e-102	377	NT1_v2
AL2G20030	scaffold_6	86.782	348	35	6	2753	3089	22535544	22535197	1.62e-102	377	NT1_v2
AL2G20030	scaffold_6	87.097	341	33	6	2753	3082	12484229	12484569	5.81e-102	375	NT1_v2
AL2G20030	scaffold_6	86.61	351	32	11	2754	3092	11906684	11906337	2.09e-101	374	NT1_v2
AL2G20030	scaffold_6	87.164	335	31	9	2753	3076	7683091	7683424	2.7e-100	370	NT1_v2
AL2G20030	scaffold_6	86.391	338	35	8	2753	3079	166828	167165	5.85e-97	359	NT1_v2
AL2G20030	scaffold_6	86.337	344	29	7	2753	3085	12330281	12329945	5.85e-97	359	NT1_v2
AL2G20030	scaffold_6	85.97	335	35	9	2753	3076	19475026	19474693	1.27e-93	348	NT1_v2
AL2G20030	scaffold_6	83.616	354	37	9	2753	3085	41089	40736	4.62e-83	313	NT1_v2
AL2G20030	scaffold_6	88.66	194	21	1	2899	3092	19586089	19586281	1.03e-59	235	NT1_v2
AL2G20070	scaffold_2	97.883	992	21	0	323	1314	10594876	10595867	0	1716	NT1_v2
AL2G20070	scaffold_2	89.833	1141	80	19	201	1314	10639755	10638624	0	1432	NT1_v2
AL2G20070	scaffold_2	90.146	1025	51	21	197	1203	10510879	10511871	0	1288	NT1_v2
AL2G20070	scaffold_2	85.286	700	60	24	628	1314	10498159	10498828	0	682	NT1_v2
AL2G20070	scaffold_2	79.839	496	53	26	91	566	10497666	10498134	2.95e-85	318	NT1_v2
AL2G20070	scaffold_2	87.619	210	10	11	1105	1314	10511903	10512096	1.42e-58	230	NT1_v2
AL2G20070	scaffold_2	88.889	54	3	2	16	69	10509797	10509847	1.53e-08	63.9	NT1_v2
AL2G20070	scaffold_2	100	33	0	0	254	286	10510847	10510879	5.5e-08	62.1	NT1_v2
AL2G20200	scaffold_2	97.314	1936	20	8	1	1905	10637928	10639862	0	3258	NT1_v2
AL2G20200	scaffold_2	90.143	1471	100	16	239	1674	10596338	10594878	0	1871	NT1_v2
AL2G20200	scaffold_2	90.53	982	54	18	796	1757	10511876	10510914	0	1262	NT1_v2
AL2G20200	scaffold_2	87.1	969	80	17	416	1371	10499095	10498159	0	1055	NT1_v2
AL2G20200	scaffold_2	85.804	479	33	19	431	898	10512357	10511903	2.34e-132	475	NT1_v2
AL2G20200	scaffold_2	83.302	539	55	24	1	530	10499538	10499026	5.06e-129	464	NT1_v2
AL2G20200	scaffold_2	84.097	371	34	13	1433	1786	10498134	10497772	4.14e-90	335	NT1_v2
AL2G20200	scaffold_2	88.444	225	16	5	501	724	10507665	10507450	1.98e-68	263	NT1_v2
AL2G20200	scaffold_2	91.549	71	5	1	460	530	10499139	10499070	2.13e-18	97.1	NT1_v2
AL2G20200	scaffold_2	92.424	66	5	0	416	481	10499051	10498986	7.65e-18	95.3	NT1_v2
AL2G20200	scaffold_2	82.653	98	13	4	69	164	10596435	10596340	1.66e-14	84.2	NT1_v2
AL2G20200	scaffold_2	93.878	49	2	1	482	530	10596161	10596114	3.59e-11	73.1	NT1_v2
AL6G40220	scaffold_2	89.098	1275	102	16	1	1249	10596139	10594876	0	1550	NT1_v2
AL6G40220	scaffold_2	88.443	1047	94	19	355	1396	10638754	10639778	0	1238	NT1_v2
AL6G40220	scaffold_2	87.187	1038	90	18	348	1375	10511883	10510879	0	1140	NT1_v2
AL6G40220	scaffold_2	86.702	955	89	22	1	935	10499095	10498159	0	1026	NT1_v2
AL6G40220	scaffold_2	92.394	355	24	3	1	355	10638358	10638709	8.49e-141	503	NT1_v2
AL6G40220	scaffold_2	84.565	460	49	16	16	458	10512357	10511903	8.73e-121	436	NT1_v2
AL6G40220	scaffold_2	81.705	481	42	24	1009	1459	10498130	10497666	1.94e-97	359	NT1_v2
AL6G40220	scaffold_2	96.262	107	3	1	1	107	10499139	10499034	7.56e-42	174	NT1_v2
AL6G40220	scaffold_2	92.135	89	6	1	23	111	10596161	10596074	7.72e-27	124	NT1_v2
AL6G40220	scaffold_2	96.774	62	2	0	46	107	10499139	10499078	1.01e-20	104	NT1_v2
AL6G40220	scaffold_2	93.548	62	4	0	46	107	10638358	10638419	2.18e-17	93.5	NT1_v2
AL6G40220	scaffold_2	82.075	106	7	10	1368	1471	10510817	10510722	1.7e-13	80.5	NT1_v2
AL2G20010	scaffold_2_RagTag	96.099	1538	32	5	1	1536	13530051	13531562	0	2483	NT12_v2
AL2G20010	scaffold_2_RagTag	85.675	1459	141	34	538	1934	13707965	13706513	0	1474	NT12_v2
AL2G20010	scaffold_2_RagTag	87.638	995	91	13	538	1501	13534429	13535422	0	1127	NT12_v2
AL2G20010	scaffold_2_RagTag	85.934	974	100	22	599	1536	13605478	13606450	0	1005	NT12_v2
AL2G20010	scaffold_2_RagTag	96.464	509	11	3	1427	1934	13531500	13532002	0	833	NT12_v2
AL2G20010	scaffold_2_RagTag	93.702	524	32	1	1191	1714	13721016	13720494	0	784	NT12_v2
AL2G20010	scaffold_2_RagTag	89.421	501	52	1	694	1193	13727108	13726608	5.16e-179	630	NT12_v2
AL2G20010	scaffold_2_RagTag	87.983	466	28	10	1471	1932	13535348	13535789	2.5e-147	525	NT12_v2
AL2G20010	scaffold_2_RagTag	93.403	288	18	1	1427	1714	13606407	13606693	2.61e-117	425	NT12_v2
AL2G20010	scaffold_2_RagTag	83.284	335	34	10	191	517	13727954	13727634	3.58e-76	289	NT12_v2
AL2G20010	scaffold_2_RagTag	78.858	473	54	25	73	517	13604930	13605384	7.74e-73	278	NT12_v2
AL2G20010	scaffold_2_RagTag	78.796	382	39	15	95	469	13534066	13534412	4.76e-55	219	NT12_v2
AL2G20010	scaffold_2_RagTag	91.935	124	8	2	118	240	13728669	13728547	3.76e-41	172	NT12_v2
AL2G20010	scaffold_2_RagTag	90.909	88	8	0	1449	1536	13606385	13606472	4.96e-25	119	NT12_v2
AL2G20010	scaffold_2_RagTag	100	53	0	0	1393	1445	13606351	13606403	6.47e-19	99	NT12_v2
AL2G20010	scaffold_2_RagTag	87.879	66	5	1	1427	1492	13531541	13531603	1.09e-11	75	NT12_v2
AL2G20010	scaffold_2_RagTag	93.878	49	1	1	1665	1713	13695240	13695286	3.92e-11	73.1	NT12_v2
AL2G20010	scaffold_6_RagTag	87.202	922	80	21	611	1516	14848149	14847250	0	1014	NT12_v2
AL2G20010	scaffold_6_RagTag	81.818	451	38	21	82	516	14848687	14848265	3.5e-91	339	NT12_v2
AL2G20020	scaffold_2_RagTag	98.391	1554	20	3	1	1551	13533864	13535415	0	2726	NT12_v2
AL2G20020	scaffold_2_RagTag	92.15	1809	104	22	73	1860	13708462	13706671	0	2519	NT12_v2
AL2G20020	scaffold_2_RagTag	82.841	1795	173	58	278	1975	13530244	13532000	0	1483	NT12_v2
AL2G20020	scaffold_2_RagTag	91.905	1013	68	7	600	1609	13605436	13606437	0	1404	NT12_v2
AL2G20020	scaffold_2_RagTag	95.644	551	23	1	1	550	13728231	13727681	0	883	NT12_v2
AL2G20020	scaffold_2_RagTag	96.437	449	8	3	1528	1975	13535348	13535789	0	734	NT12_v2
AL2G20020	scaffold_2_RagTag	91.353	532	32	6	1250	1776	13721016	13720494	0	715	NT12_v2
AL2G20020	scaffold_2_RagTag	91.456	515	27	12	739	1252	13727106	13726608	0	691	NT12_v2
AL2G20020	scaffold_2_RagTag	88.953	344	18	6	1451	1776	13606352	13606693	9.67e-112	407	NT12_v2
AL2G20020	scaffold_2_RagTag	90.785	293	22	5	261	550	13605047	13605337	1.26e-105	387	NT12_v2
AL2G20020	scaffold_2_RagTag	84.983	293	39	5	261	550	13540570	13540860	2.82e-77	292	NT12_v2
AL2G20020	scaffold_2_RagTag	91.566	166	14	0	600	765	13540968	13541133	2.25e-58	230	NT12_v2
AL2G20020	scaffold_2_RagTag	81.287	171	22	7	1	165	13604851	13605017	2.34e-28	130	NT12_v2
AL2G20020	scaffold_2_RagTag	78.866	194	26	10	1	183	13540367	13540556	1.82e-24	117	NT12_v2
AL2G20020	scaffold_2_RagTag	86.517	89	3	4	1528	1616	13720780	13720701	3.98e-16	89.8	NT12_v2
AL2G20020	scaffold_2_RagTag	89.394	66	4	3	1552	1616	13707049	13706986	2.39e-13	80.5	NT12_v2
AL2G20020	scaffold_2_RagTag	92.453	53	4	0	1557	1609	13531456	13531508	3.1e-12	76.8	NT12_v2
AL2G20020	scaffold_2_RagTag	91.228	57	3	2	1560	1616	13720777	13720723	3.1e-12	76.8	NT12_v2
AL2G20020	scaffold_2_RagTag	93.182	44	3	0	1484	1527	13606473	13606516	6.7e-09	65.8	NT12_v2
AL2G20020	scaffold_6_RagTag	91.131	981	54	15	603	1580	14848200	14847250	0	1299	NT12_v2
AL2G20020	scaffold_6_RagTag	85.397	315	39	6	241	550	14848623	14848311	1.3e-85	320	NT12_v2
AL2G20020	scaffold_6_RagTag	82.418	182	14	12	63	233	14848709	14848535	3.01e-32	143	NT12_v2
AL2G20030	scaffold_2_RagTag	99.12	1363	7	4	2415	3773	13552826	13554187	0	2446	NT12_v2
AL2G20030	scaffold_2_RagTag	92.167	1149	78	6	31	1176	13604914	13606053	0	1613	NT12_v2
AL2G20030	scaffold_2_RagTag	96.023	704	18	2	31	724	13540430	13541133	0	1136	NT12_v2
AL2G20030	scaffold_2_RagTag	95.103	633	29	2	3869	4500	16525372	16526003	0	996	NT12_v2
AL2G20030	scaffold_2_RagTag	94.382	623	35	0	559	1181	13534462	13535084	0	957	NT12_v2
AL2G20030	scaffold_2_RagTag	93.71	620	35	3	562	1181	13707929	13707314	0	926	NT12_v2
AL2G20030	scaffold_2_RagTag	86.758	657	48	20	3869	4500	1982785	1982143	0	695	NT12_v2
AL2G20030	scaffold_2_RagTag	99.476	382	2	0	2039	2420	13541150	13541531	0	695	NT12_v2
AL2G20030	scaffold_2_RagTag	91.376	487	27	8	696	1181	13727108	13726636	0	652	NT12_v2
AL2G20030	scaffold_2_RagTag	84.32	625	68	17	601	1211	13530629	13531237	9.55e-165	584	NT12_v2
AL2G20030	scaffold_2_RagTag	86.973	522	53	12	161	679	13727970	13727461	2.07e-161	573	NT12_v2
AL2G20030	scaffold_2_RagTag	87.559	426	29	14	1208	1617	13534981	13535398	7.76e-131	472	NT12_v2
AL2G20030	scaffold_2_RagTag	86.998	423	34	11	1208	1617	13531092	13531506	2.17e-126	457	NT12_v2
AL2G20030	scaffold_2_RagTag	87.469	399	26	14	1208	1590	13605955	13606345	7.87e-121	438	NT12_v2
AL2G20030	scaffold_2_RagTag	85.55	436	31	16	1208	1620	13707416	13706990	1.7e-117	427	NT12_v2
AL2G20030	scaffold_2_RagTag	89.826	344	19	11	2758	3089	15192413	15192074	1.7e-117	427	NT12_v2
AL2G20030	scaffold_2_RagTag	88.953	344	27	6	2753	3085	653008	652665	1.33e-113	414	NT12_v2
AL2G20030	scaffold_2_RagTag	88.856	341	27	8	2753	3082	22055164	22055504	6.17e-112	409	NT12_v2
AL2G20030	scaffold_2_RagTag	89.597	298	21	5	1325	1620	13721016	13720727	2.91e-100	370	NT12_v2
AL2G20030	scaffold_2_RagTag	86.804	341	34	7	2753	3082	24411219	24411559	2.91e-100	370	NT12_v2
AL2G20030	scaffold_2_RagTag	86.707	331	33	6	2763	3082	21869883	21870213	2.27e-96	357	NT12_v2
AL2G20030	scaffold_2_RagTag	80.769	494	51	28	53	527	13530132	13530600	4.91e-93	346	NT12_v2
AL2G20030	scaffold_2_RagTag	87.129	303	25	10	2753	3044	23835719	23835420	1.37e-88	331	NT12_v2
AL2G20030	scaffold_2_RagTag	86.007	293	36	5	161	451	13534123	13534412	6.44e-82	309	NT12_v2
AL2G20030	scaffold_2_RagTag	83.548	310	41	9	4196	4500	16526004	16525700	1.4e-73	281	NT12_v2
AL2G20030	scaffold_2_RagTag	83.849	291	41	6	165	452	13708268	13707981	8.45e-71	272	NT12_v2
AL2G20030	scaffold_2_RagTag	82.372	312	45	10	4153	4459	16525966	16525660	5.08e-68	263	NT12_v2
AL2G20030	scaffold_2_RagTag	82.428	313	34	12	4192	4500	1982138	1982433	3.06e-65	254	NT12_v2
AL2G20030	scaffold_2_RagTag	86.266	233	23	7	4195	4423	16525781	16526008	1.84e-62	244	NT12_v2
AL2G20030	scaffold_2_RagTag	82.707	266	38	8	4239	4500	16525660	16525921	5.16e-58	230	NT12_v2
AL2G20030	scaffold_2_RagTag	87.692	195	21	3	4230	4423	1982330	1982138	2.4e-56	224	NT12_v2
AL2G20030	scaffold_2_RagTag	82.014	278	33	11	4158	4432	1982184	1982447	3.1e-55	220	NT12_v2
AL2G20030	scaffold_2_RagTag	76.627	415	71	13	3869	4260	18350996	18351407	8.69e-51	206	NT12_v2
AL2G20030	scaffold_2_RagTag	88.506	174	13	7	4330	4500	1982393	1982224	3.13e-50	204	NT12_v2
AL2G20030	scaffold_2_RagTag	96.154	104	2	2	3771	3872	772507	772610	1.14e-39	169	NT12_v2
AL2G20030	scaffold_2_RagTag	96.078	102	1	3	3774	3872	17003439	17003540	5.3e-38	163	NT12_v2
AL2G20030	scaffold_2_RagTag	82.065	184	29	3	4158	4338	16525880	16525698	3.19e-35	154	NT12_v2
AL2G20030	scaffold_2_RagTag	75.071	353	64	10	3930	4260	8890934	8890584	6.91e-32	143	NT12_v2
AL2G20030	scaffold_2_RagTag	79.144	187	31	7	4158	4340	1982321	1982139	9e-26	122	NT12_v2
AL2G20030	scaffold_2_RagTag	84.211	133	7	9	1208	1327	13726739	13726608	4.19e-24	117	NT12_v2
AL2G20030	scaffold_2_RagTag	79.032	186	28	10	4158	4337	16525824	16526004	4.19e-24	117	NT12_v2
AL2G20030	scaffold_2_RagTag	85.577	104	11	3	31	131	13728168	13728066	9.07e-21	106	NT12_v2
AL2G20030	scaffold_2_RagTag	84.615	104	12	3	31	131	13533925	13534027	4.22e-19	100	NT12_v2
AL2G20030	scaffold_2_RagTag	100	50	0	0	1568	1617	13606430	13606479	7.06e-17	93.5	NT12_v2
AL2G20030	scaffold_2_RagTag	81.982	111	10	6	44	147	13708459	13708352	1.18e-14	86.1	NT12_v2
AL2G20030	scaffold_2_RagTag	95.833	48	2	0	1570	1617	13606454	13606501	1.98e-12	78.7	NT12_v2
AL2G20030	scaffold_2_RagTag	95.455	44	2	0	1573	1616	13531525	13531568	3.31e-10	71.3	NT12_v2
AL2G20030	scaffold_2_RagTag	100	38	0	0	1573	1610	13531566	13531603	3.31e-10	71.3	NT12_v2
AL2G20030	scaffold_6_RagTag	96.675	1173	14	5	2605	3773	14973245	14972094	0	1927	NT12_v2
AL2G20030	scaffold_6_RagTag	95.879	1189	27	1	1	1189	14848739	14847573	0	1905	NT12_v2
AL2G20030	scaffold_6_RagTag	86.758	657	48	20	3869	4500	10525159	10524517	0	695	NT12_v2
AL2G20030	scaffold_6_RagTag	87.081	418	31	13	1208	1620	14847684	14847285	1.01e-124	451	NT12_v2
AL2G20030	scaffold_6_RagTag	88.856	341	27	7	2753	3082	11841818	11841478	6.17e-112	409	NT12_v2
AL2G20030	scaffold_6_RagTag	87.966	349	31	6	2753	3090	8659037	8659385	1.03e-109	401	NT12_v2
AL2G20030	scaffold_6_RagTag	88.657	335	27	8	2753	3076	8659461	8659795	1.34e-108	398	NT12_v2
AL2G20030	scaffold_6_RagTag	87.988	333	35	3	2753	3082	25600511	25600841	8.04e-106	388	NT12_v2
AL2G20030	scaffold_6_RagTag	87.106	349	34	6	2753	3090	7115833	7116181	1.04e-104	385	NT12_v2
AL2G20030	scaffold_6_RagTag	87.39	341	32	6	2753	3082	25600871	25601211	1.35e-103	381	NT12_v2
AL2G20030	scaffold_6_RagTag	86.782	348	35	6	2753	3089	5473245	5473592	1.74e-102	377	NT12_v2
AL2G20030	scaffold_6_RagTag	87.097	341	33	5	2753	3082	6514634	6514974	6.26e-102	375	NT12_v2
AL2G20030	scaffold_6_RagTag	87.202	336	32	6	2753	3077	24713743	24714078	8.1e-101	372	NT12_v2
AL2G20030	scaffold_6_RagTag	86.842	342	32	7	2754	3082	14122118	14121777	2.91e-100	370	NT12_v2
AL2G20030	scaffold_6_RagTag	87.164	335	31	9	2753	3076	19937795	19937462	2.91e-100	370	NT12_v2
AL2G20030	scaffold_6_RagTag	84.986	353	41	8	2753	3093	25394097	25394449	1.36e-93	348	NT12_v2
AL2G20030	scaffold_6_RagTag	85.542	332	31	8	2752	3080	15163177	15163494	1.37e-88	331	NT12_v2
AL2G20030	scaffold_6_RagTag	82.428	313	34	12	4192	4500	10524512	10524807	3.06e-65	254	NT12_v2
AL2G20030	scaffold_6_RagTag	89.529	191	20	0	2899	3089	25599973	25599783	6.62e-62	243	NT12_v2
AL2G20030	scaffold_6_RagTag	87.692	195	21	3	4230	4423	10524704	10524512	2.4e-56	224	NT12_v2
AL2G20030	scaffold_6_RagTag	82.014	278	33	11	4158	4432	10524558	10524821	3.1e-55	220	NT12_v2
AL2G20030	scaffold_6_RagTag	88.506	174	13	7	4330	4500	10524767	10524598	3.13e-50	204	NT12_v2
AL2G20030	scaffold_6_RagTag	79.144	187	31	7	4158	4340	10524695	10524513	9e-26	122	NT12_v2
AL2G20030	scaffold_8_RagTag	92.732	743	17	10	1820	2554	187050	186337	0	1038	NT12_v2
AL2G20030	scaffold_8_RagTag	87.931	348	32	7	2754	3096	1756682	1756340	1.03e-109	401	NT12_v2
AL2G20030	scaffold_8_RagTag	87.931	348	31	6	2753	3089	17570725	17571072	3.71e-109	399	NT12_v2
AL2G20030	scaffold_8_RagTag	87.977	341	30	6	2753	3082	10706539	10706879	6.21e-107	392	NT12_v2
AL2G20030	scaffold_8_RagTag	86.494	348	36	6	2753	3089	1647547	1647894	8.1e-101	372	NT12_v2
AL2G20030	scaffold_8_RagTag	86.51	341	35	7	2753	3082	4314602	4314262	1.35e-98	364	NT12_v2
AL2G20030	scaffold_8_RagTag	85.417	336	35	7	2756	3077	5404553	5404218	2.95e-90	337	NT12_v2
AL2G20030	scaffold_8_RagTag	95.261	211	6	2	3563	3773	185756	185550	1.37e-88	331	NT12_v2
AL2G20030	scaffold_8_RagTag	88	250	24	5	3319	3562	15266736	15266985	2.33e-76	291	NT12_v2
AL2G20030	scaffold_8_RagTag	96.078	102	3	1	2652	2752	186323	186222	1.47e-38	165	NT12_v2
AL2G20030	scaffold_8_RagTag	84.483	174	13	2	3087	3260	186222	186063	6.86e-37	159	NT12_v2
AL2G20030	scaffold_8_RagTag	90.083	121	12	0	2962	3082	20624383	20624503	2.47e-36	158	NT12_v2
AL2G20030	scaffold_8_RagTag	83.766	154	10	5	2754	2904	20462519	20462660	1.5e-28	132	NT12_v2
AL2G20030	scaffold_3_RagTag	94.419	645	25	6	3867	4500	10724951	10725595	0	981	NT12_v2
AL2G20030	scaffold_3_RagTag	93.249	474	19	4	4027	4500	19814170	19813710	0	686	NT12_v2
AL2G20030	scaffold_3_RagTag	92.732	399	24	4	4027	4423	23914592	23914197	7.44e-161	571	NT12_v2
AL2G20030	scaffold_3_RagTag	88.286	350	30	6	2753	3091	10196847	10197196	6.17e-112	409	NT12_v2
AL2G20030	scaffold_3_RagTag	89.157	332	31	3	2752	3080	11912966	11913295	6.17e-112	409	NT12_v2
AL2G20030	scaffold_3_RagTag	88.252	349	30	7	2753	3090	13805228	13805576	2.22e-111	407	NT12_v2
AL2G20030	scaffold_3_RagTag	87.644	348	32	8	2753	3089	6508483	6508136	1.73e-107	394	NT12_v2
AL2G20030	scaffold_3_RagTag	87.115	357	34	7	2753	3098	24432584	24432939	1.73e-107	394	NT12_v2
AL2G20030	scaffold_3_RagTag	87.977	341	29	8	2753	3081	14703603	14703943	6.21e-107	392	NT12_v2
AL2G20030	scaffold_3_RagTag	87.977	341	30	5	2753	3082	23742328	23742668	6.21e-107	392	NT12_v2
AL2G20030	scaffold_3_RagTag	87.069	348	34	6	2753	3089	5651935	5651588	3.74e-104	383	NT12_v2
AL2G20030	scaffold_3_RagTag	86.819	349	35	6	2753	3090	24621720	24621372	4.84e-103	379	NT12_v2
AL2G20030	scaffold_3_RagTag	87.097	341	33	6	2753	3082	13804730	13805070	6.26e-102	375	NT12_v2
AL2G20030	scaffold_3_RagTag	89.701	301	19	6	2753	3043	14440939	14441237	2.25e-101	374	NT12_v2
AL2G20030	scaffold_3_RagTag	90.706	269	13	3	3869	4125	19814448	19814180	1.36e-93	348	NT12_v2
AL2G20030	scaffold_3_RagTag	87.324	284	25	5	2803	3076	5651940	5652222	1.38e-83	315	NT12_v2
AL2G20030	scaffold_3_RagTag	88.889	270	8	5	3869	4127	23914859	23914601	4.98e-83	313	NT12_v2
AL2G20030	scaffold_3_RagTag	84.691	307	38	8	4195	4497	10725597	10725296	1.39e-78	298	NT12_v2
AL2G20030	scaffold_3_RagTag	89.778	225	19	4	4278	4500	23914424	23914202	1.09e-74	285	NT12_v2
AL2G20030	scaffold_3_RagTag	82.68	306	45	8	4158	4459	10725554	10725253	1.41e-68	265	NT12_v2
AL2G20030	scaffold_3_RagTag	87.069	232	23	6	4195	4423	10725373	10725600	8.51e-66	255	NT12_v2
AL2G20030	scaffold_3_RagTag	82.428	313	34	12	4192	4500	19813705	19814000	3.06e-65	254	NT12_v2
AL2G20030	scaffold_3_RagTag	83.764	271	35	9	4192	4459	23914197	23914461	1.42e-63	248	NT12_v2
AL2G20030	scaffold_3_RagTag	86.784	227	22	5	2847	3065	4895940	4896166	5.12e-63	246	NT12_v2
AL2G20030	scaffold_3_RagTag	86.697	218	25	4	4283	4498	10725296	10725511	8.57e-61	239	NT12_v2
AL2G20030	scaffold_3_RagTag	87.692	195	21	3	4230	4423	19813897	19813705	2.4e-56	224	NT12_v2
AL2G20030	scaffold_3_RagTag	80.984	305	39	13	4158	4459	19813751	19814039	2.4e-56	224	NT12_v2
AL2G20030	scaffold_3_RagTag	88.506	174	13	7	4330	4500	19813960	19813791	3.13e-50	204	NT12_v2
AL2G20030	scaffold_3_RagTag	90.972	144	8	4	4360	4500	23914424	23914283	8.75e-46	189	NT12_v2
AL2G20030	scaffold_3_RagTag	85.326	184	22	5	4158	4338	23914243	23914424	1.13e-44	185	NT12_v2
AL2G20030	scaffold_3_RagTag	80.769	234	31	12	4274	4500	23914196	23914422	3.17e-40	171	NT12_v2
AL2G20030	scaffold_3_RagTag	83.708	178	26	2	4158	4333	10725472	10725296	1.47e-38	165	NT12_v2
AL2G20030	scaffold_3_RagTag	79.255	188	30	8	4158	4340	10725416	10725599	9e-26	122	NT12_v2
AL2G20030	scaffold_3_RagTag	79.144	187	31	7	4158	4340	19813888	19813706	9e-26	122	NT12_v2
AL2G20030	scaffold_3_RagTag	79.144	187	31	7	4158	4340	23914380	23914198	9e-26	122	NT12_v2
AL2G20030	scaffold_3_RagTag	92.593	54	3	1	2753	2805	5651537	5651590	7.11e-12	76.8	NT12_v2
AL2G20030	scaffold_5_RagTag	91.291	643	32	8	3869	4500	17842597	17843226	0	856	NT12_v2
AL2G20030	scaffold_5_RagTag	89.15	341	26	8	2753	3082	16184231	16184571	1.33e-113	414	NT12_v2
AL2G20030	scaffold_5_RagTag	88.563	341	28	6	2749	3078	16520859	16520519	2.87e-110	403	NT12_v2
AL2G20030	scaffold_5_RagTag	87.324	355	34	6	2750	3093	15000242	15000596	4.8e-108	396	NT12_v2
AL2G20030	scaffold_5_RagTag	86.571	350	35	7	2753	3091	14557654	14557306	6.26e-102	375	NT12_v2
AL2G20030	scaffold_5_RagTag	86.765	340	34	7	2754	3082	16613184	16612845	1.05e-99	368	NT12_v2
AL2G20030	scaffold_5_RagTag	86.207	348	36	10	4158	4500	17843048	17843388	3.77e-99	366	NT12_v2
AL2G20030	scaffold_5_RagTag	89.706	272	24	4	4230	4500	17843039	17843307	1.77e-92	344	NT12_v2
AL2G20030	scaffold_5_RagTag	81.948	349	39	15	4158	4500	17843266	17842936	2.35e-71	274	NT12_v2
AL2G20030	scaffold_5_RagTag	81.505	319	41	16	4158	4468	17843347	17843039	5.12e-63	246	NT12_v2
AL2G20030	scaffold_5_RagTag	81.47	313	40	15	4195	4500	17843390	17843089	2.38e-61	241	NT12_v2
AL2G20030	scaffold_5_RagTag	83.395	271	33	9	4158	4423	17843130	17843393	2.38e-61	241	NT12_v2
AL2G20030	scaffold_5_RagTag	81.639	305	37	13	4158	4459	17843185	17842897	1.11e-59	235	NT12_v2
AL2G20030	scaffold_5_RagTag	87.958	191	23	0	2892	3082	14557659	14557849	6.67e-57	226	NT12_v2
AL2G20030	scaffold_5_RagTag	87.356	174	15	7	4330	4500	17842976	17843145	6.77e-47	193	NT12_v2
AL2G20030	scaffold_5_RagTag	79.325	237	45	4	4024	4260	7149840	7150072	5.3e-38	163	NT12_v2
AL2G20030	scaffold_5_RagTag	79.787	188	27	8	4158	4340	17843211	17843392	6.96e-27	126	NT12_v2
AL2G20030	scaffold_1_RagTag	94.105	475	25	3	4027	4500	4383404	4383876	0	719	NT12_v2
AL2G20030	scaffold_1_RagTag	86.606	657	49	20	3869	4500	9614433	9615075	0	689	NT12_v2
AL2G20030	scaffold_1_RagTag	94.059	404	13	1	3869	4261	18838893	18838490	2.64e-170	603	NT12_v2
AL2G20030	scaffold_1_RagTag	94.708	359	19	0	4142	4500	18838488	18838130	5.79e-157	558	NT12_v2
AL2G20030	scaffold_1_RagTag	88.889	342	25	10	2753	3082	9719567	9719907	6.17e-112	409	NT12_v2
AL2G20030	scaffold_1_RagTag	88.068	352	31	5	2753	3093	16493710	16494061	2.22e-111	407	NT12_v2
AL2G20030	scaffold_1_RagTag	88.563	341	26	10	2753	3081	24759165	24758826	1.03e-109	401	NT12_v2
AL2G20030	scaffold_1_RagTag	88.166	338	35	4	2755	3089	3345028	3344693	1.34e-108	398	NT12_v2
AL2G20030	scaffold_1_RagTag	87.714	350	32	6	2753	3091	16909929	16909580	1.34e-108	398	NT12_v2
AL2G20030	scaffold_1_RagTag	88.081	344	30	7	2753	3085	24724303	24723960	1.34e-108	398	NT12_v2
AL2G20030	scaffold_1_RagTag	88.081	344	30	7	2753	3085	24734288	24733945	1.34e-108	398	NT12_v2
AL2G20030	scaffold_1_RagTag	88.235	340	29	7	2754	3082	26249084	26249423	4.8e-108	396	NT12_v2
AL2G20030	scaffold_1_RagTag	87.429	350	33	6	2753	3091	5176488	5176139	6.21e-107	392	NT12_v2
AL2G20030	scaffold_1_RagTag	93.798	258	15	1	3869	4125	4383137	4383394	2.89e-105	387	NT12_v2
AL2G20030	scaffold_1_RagTag	87.5	344	32	6	2753	3085	28856887	28856544	2.89e-105	387	NT12_v2
AL2G20030	scaffold_1_RagTag	87.651	332	30	7	2762	3082	6848527	6848196	6.26e-102	375	NT12_v2
AL2G20030	scaffold_1_RagTag	86.628	344	35	6	2753	3085	2581563	2581220	2.91e-100	370	NT12_v2
AL2G20030	scaffold_1_RagTag	86.905	336	34	7	2753	3081	24744091	24743759	1.05e-99	368	NT12_v2
AL2G20030	scaffold_1_RagTag	86.567	335	32	6	2753	3076	7559334	7559002	2.27e-96	357	NT12_v2
AL2G20030	scaffold_1_RagTag	91.228	228	18	1	3333	3558	13083557	13083330	6.44e-82	309	NT12_v2
AL2G20030	scaffold_1_RagTag	83.923	311	40	10	4195	4500	4383878	4383573	8.39e-76	289	NT12_v2
AL2G20030	scaffold_1_RagTag	88.938	226	21	4	4278	4500	4383571	4383795	6.53e-72	276	NT12_v2
AL2G20030	scaffold_1_RagTag	82.803	314	44	9	4192	4500	18838125	18838433	8.45e-71	272	NT12_v2
AL2G20030	scaffold_1_RagTag	83.007	306	44	8	4158	4459	18838171	18838472	3.04e-70	270	NT12_v2
AL2G20030	scaffold_1_RagTag	82.41	307	44	10	4158	4459	4383835	4383534	6.58e-67	259	NT12_v2
AL2G20030	scaffold_1_RagTag	88.263	213	25	0	2884	3096	18296498	18296286	8.51e-66	255	NT12_v2
AL2G20030	scaffold_1_RagTag	82.581	310	33	12	4195	4500	9615077	9614785	3.06e-65	254	NT12_v2
AL2G20030	scaffold_1_RagTag	86.266	233	23	7	4195	4423	18838352	18838125	1.84e-62	244	NT12_v2
AL2G20030	scaffold_1_RagTag	90	190	18	1	2892	3081	24723958	24723770	1.84e-62	244	NT12_v2
AL2G20030	scaffold_1_RagTag	82.955	264	36	8	4239	4498	18838472	18838214	5.16e-58	230	NT12_v2
AL2G20030	scaffold_1_RagTag	84.914	232	27	6	4195	4423	4383655	4383881	1.85e-57	228	NT12_v2
AL2G20030	scaffold_1_RagTag	87.692	195	21	3	4230	4423	9614888	9615080	2.4e-56	224	NT12_v2
AL2G20030	scaffold_1_RagTag	77.295	414	70	10	3869	4260	25653082	25653493	8.63e-56	222	NT12_v2
AL2G20030	scaffold_1_RagTag	82.014	278	33	11	4158	4432	9615034	9614771	3.1e-55	220	NT12_v2
AL2G20030	scaffold_1_RagTag	88.506	174	13	7	4330	4500	9614825	9614994	3.13e-50	204	NT12_v2
AL2G20030	scaffold_1_RagTag	98.02	101	0	2	3774	3872	10327677	10327777	2.45e-41	174	NT12_v2
AL2G20030	scaffold_1_RagTag	79.255	188	29	8	4158	4340	4383698	4383880	9e-26	122	NT12_v2
AL2G20030	scaffold_1_RagTag	79.255	188	29	8	4158	4340	9614897	9615079	9e-26	122	NT12_v2
AL2G20030	scaffold_1_RagTag	78.836	189	29	10	4158	4340	18838309	18838126	4.19e-24	117	NT12_v2
AL2G20030	scaffold_1_RagTag	84.762	105	13	3	4356	4459	18838491	18838593	1.17e-19	102	NT12_v2
AL2G20030	scaffold_1_RagTag	91.045	67	5	1	4435	4500	18838488	18838554	9.13e-16	89.8	NT12_v2
AL2G20030	scaffold_4_RagTag	84.296	554	40	26	3888	4423	11797799	11798323	1.28e-138	497	NT12_v2
AL2G20030	scaffold_4_RagTag	89.15	341	26	8	2753	3082	15451271	15451611	1.33e-113	414	NT12_v2
AL2G20030	scaffold_4_RagTag	88.286	350	30	8	2753	3091	21115507	21115158	6.17e-112	409	NT12_v2
AL2G20030	scaffold_4_RagTag	88.663	344	28	8	2753	3085	24641040	24640697	6.17e-112	409	NT12_v2
AL2G20030	scaffold_4_RagTag	88.406	345	29	6	2755	3088	2064957	2064613	7.98e-111	405	NT12_v2
AL2G20030	scaffold_4_RagTag	88.034	351	28	9	2753	3090	457056	457405	2.87e-110	403	NT12_v2
AL2G20030	scaffold_4_RagTag	88.081	344	34	4	2753	3092	20520707	20520367	1.03e-109	401	NT12_v2
AL2G20030	scaffold_4_RagTag	87.714	350	32	7	2753	3092	17837741	17838089	1.34e-108	398	NT12_v2
AL2G20030	scaffold_4_RagTag	87.683	341	31	7	2753	3082	20715477	20715817	2.89e-105	387	NT12_v2
AL2G20030	scaffold_4_RagTag	87.209	344	33	6	2753	3085	2095570	2095227	1.35e-103	381	NT12_v2
AL2G20030	scaffold_4_RagTag	85.763	295	30	8	2753	3036	23956624	23956917	1.08e-79	302	NT12_v2
AL2G20030	scaffold_4_RagTag	89.933	149	14	1	2934	3082	21115161	21115014	2.43e-46	191	NT12_v2
AL2G20030	scaffold_4_RagTag	83.333	150	17	6	4190	4333	11798259	11798112	1.5e-28	132	NT12_v2
AL2G20030	scaffold_4_RagTag	87.671	73	7	2	4189	4261	11798255	11798325	4.25e-14	84.2	NT12_v2
AL2G20030	scaffold_7_RagTag	89.275	345	26	6	2749	3082	6357605	6357949	7.93e-116	422	NT12_v2
AL2G20030	scaffold_7_RagTag	88.663	344	28	6	2753	3085	13965122	13964779	6.17e-112	409	NT12_v2
AL2G20030	scaffold_7_RagTag	88.856	341	27	7	2753	3082	26042690	26043030	6.17e-112	409	NT12_v2
AL2G20030	scaffold_7_RagTag	88.856	341	27	8	2753	3082	26188370	26188710	6.17e-112	409	NT12_v2
AL2G20030	scaffold_7_RagTag	87.143	350	34	6	2753	3091	5821891	5821542	2.89e-105	387	NT12_v2
AL2G20030	scaffold_7_RagTag	87.683	341	31	6	2753	3082	13631241	13631581	2.89e-105	387	NT12_v2
AL2G20030	scaffold_7_RagTag	87.316	339	38	3	2754	3089	1443046	1443382	3.74e-104	383	NT12_v2
AL2G20030	scaffold_7_RagTag	87.39	341	32	6	2753	3082	15951089	15951429	1.35e-103	381	NT12_v2
AL2G20030	scaffold_7_RagTag	87.209	344	33	7	2753	3085	23361787	23361444	1.35e-103	381	NT12_v2
AL2G20030	scaffold_7_RagTag	87.24	337	32	6	2753	3078	10997733	10997397	2.25e-101	374	NT12_v2
AL2G20030	scaffold_7_RagTag	87.926	323	28	7	2771	3082	25600312	25600634	2.91e-100	370	NT12_v2
AL2G20030	scaffold_7_RagTag	86.51	341	35	7	2753	3082	11684590	11684930	1.35e-98	364	NT12_v2
AL2G20030	scaffold_7_RagTag	88.502	287	23	7	2753	3032	25814663	25814946	8.21e-91	339	NT12_v2
AL2G20030	scaffold_7_RagTag	87.671	292	25	7	2780	3060	6357573	6357282	4.94e-88	329	NT12_v2
AL2G20030	scaffold_7_RagTag	85.671	328	30	9	2756	3074	11241583	11241264	4.94e-88	329	NT12_v2
AL2G20030	scaffold_7_RagTag	85.276	326	36	7	2753	3066	18557858	18557533	6.39e-87	326	NT12_v2
AL2G20030	scaffold_7_RagTag	77.34	406	74	12	3869	4260	26006104	26006505	2.4e-56	224	NT12_v2
AL2G20030	scaffold_7_RagTag	76.566	431	74	14	3854	4260	17126824	17127251	1.87e-52	211	NT12_v2
AL2G20030	scaffold_7_RagTag	76.867	415	69	13	3869	4260	10511473	10511063	6.72e-52	209	NT12_v2
AL2G20030	scaffold_7_RagTag	86.842	190	15	5	2753	2932	11241066	11241255	3.13e-50	204	NT12_v2
AL2G20030	scaffold_7_RagTag	89.375	160	15	2	2934	3093	11241593	11241750	4.04e-49	200	NT12_v2
AL2G20030	scaffold_7_RagTag	85.279	197	19	5	2851	3039	23182315	23182121	1.88e-47	195	NT12_v2
AL2G20030	scaffold_7_RagTag	88.356	146	12	3	2753	2895	23182474	23182331	3.17e-40	171	NT12_v2
AL2G20030	scaffold_7_RagTag	75	356	62	11	3930	4260	12401489	12401136	8.94e-31	139	NT12_v2
AL2G20070	scaffold_2_RagTag	98.326	1314	22	0	1	1314	13604851	13606164	0	2305	NT12_v2
AL2G20070	scaffold_2_RagTag	94.65	729	39	0	586	1314	13534462	13535190	0	1131	NT12_v2
AL2G20070	scaffold_2_RagTag	92.779	734	41	4	589	1314	13707929	13707200	0	1051	NT12_v2
AL2G20070	scaffold_2_RagTag	89.7	767	63	6	1	751	13540367	13541133	0	965	NT12_v2
AL2G20070	scaffold_2_RagTag	86.938	689	69	15	628	1314	13530629	13531298	0	754	NT12_v2
AL2G20070	scaffold_2_RagTag	90.68	515	31	10	725	1238	13727106	13726608	0	669	NT12_v2
AL2G20070	scaffold_2_RagTag	89.669	513	47	6	197	706	13727970	13727461	0	649	NT12_v2
AL2G20070	scaffold_2_RagTag	92.44	291	16	6	201	488	13708268	13707981	5.1e-113	411	NT12_v2
AL2G20070	scaffold_2_RagTag	91.126	293	21	5	197	487	13534123	13534412	1.85e-107	392	NT12_v2
AL2G20070	scaffold_2_RagTag	79.331	508	58	29	80	566	13530123	13530604	1.48e-83	313	NT12_v2
AL2G20070	scaffold_2_RagTag	81.765	170	22	6	1	167	13533864	13534027	1.24e-29	134	NT12_v2
AL2G20070	scaffold_2_RagTag	81.657	169	20	7	4	167	13728228	13728066	1.6e-28	130	NT12_v2
AL2G20070	scaffold_2_RagTag	83.495	103	7	6	88	183	13708451	13708352	9.76e-16	87.9	NT12_v2
AL2G20070	scaffold_6_RagTag	88.915	1263	85	14	64	1317	14848709	14847493	0	1506	NT12_v2
AL2G20200	scaffold_2_RagTag	96.26	1417	44	7	1	1410	13706515	13707929	0	2314	NT12_v2
AL2G20200	scaffold_2_RagTag	89.164	1412	112	25	416	1798	13606450	13605051	0	1722	NT12_v2
AL2G20200	scaffold_2_RagTag	88.126	1238	78	24	186	1413	13535640	13534462	0	1408	NT12_v2
AL2G20200	scaffold_2_RagTag	84.11	1416	136	40	1	1371	13532000	13530629	0	1286	NT12_v2
AL2G20200	scaffold_2_RagTag	98.496	532	2	5	1293	1821	13727461	13727989	0	933	NT12_v2
AL2G20200	scaffold_2_RagTag	93.117	523	35	1	239	760	13720494	13721016	0	765	NT12_v2
AL2G20200	scaffold_2_RagTag	89.615	520	34	11	758	1276	13726608	13727108	0	643	NT12_v2
AL2G20200	scaffold_2_RagTag	87.189	562	59	9	1248	1798	13541133	13540574	6.57e-178	627	NT12_v2
AL2G20200	scaffold_2_RagTag	94.077	287	17	0	239	525	13606693	13606407	1.19e-120	436	NT12_v2
AL2G20200	scaffold_2_RagTag	90.446	314	26	4	1511	1821	13707981	13708293	7.2e-113	411	NT12_v2
AL2G20200	scaffold_2_RagTag	90.615	309	24	4	1515	1821	13534409	13534104	3.35e-111	405	NT12_v2
AL2G20200	scaffold_2_RagTag	83.469	369	36	10	1433	1784	13530604	13530244	1.25e-85	320	NT12_v2
AL2G20200	scaffold_2_RagTag	100	121	0	0	1785	1905	13728476	13728596	1.01e-56	224	NT12_v2
AL2G20200	scaffold_2_RagTag	85.714	112	4	7	14	124	13535772	13535672	1.06e-21	108	NT12_v2
AL2G20200	scaffold_2_RagTag	83.673	98	12	4	69	164	13606790	13606695	3.83e-16	89.8	NT12_v2
AL2G20200	scaffold_2_RagTag	97.959	49	0	1	1856	1903	13530292	13530244	1.78e-14	84.2	NT12_v2
AL2G20200	scaffold_2_RagTag	93.878	49	2	1	482	530	13606516	13606469	3.86e-11	73.1	NT12_v2
AL2G20200	scaffold_6_RagTag	87.713	1408	116	35	436	1821	14847250	14848622	0	1589	NT12_v2
AL2G20200	scaffold_6_RagTag	93.651	63	3	1	416	478	14847274	14847335	2.96e-17	93.5	NT12_v2
AL6G40220	scaffold_6_RagTag	98.593	1493	18	3	21	1513	14847250	14848739	0	2638	NT12_v2
AL6G40220	scaffold_6_RagTag	100	28	0	0	1	28	14847252	14847279	3.98e-05	52.8	NT12_v2
AL6G40220	scaffold_2_RagTag	88.17	1530	119	18	1	1483	13606428	13604914	0	1766	NT12_v2
AL6G40220	scaffold_2_RagTag	91.58	962	59	3	37	977	13535422	13534462	0	1308	NT12_v2
AL6G40220	scaffold_2_RagTag	89.82	1002	68	19	1	974	13706934	13707929	0	1254	NT12_v2
AL6G40220	scaffold_2_RagTag	93.608	704	13	3	812	1483	13541133	13540430	0	1022	NT12_v2
AL6G40220	scaffold_2_RagTag	86.073	955	92	17	1	935	13531562	13530629	0	989	NT12_v2
AL6G40220	scaffold_2_RagTag	90.965	487	29	8	355	840	13726636	13727108	0	641	NT12_v2
AL6G40220	scaffold_2_RagTag	86.397	544	57	12	857	1397	13727461	13727990	1.48e-163	579	NT12_v2
AL6G40220	scaffold_2_RagTag	92.529	348	24	2	1	348	13720671	13721016	4.25e-139	497	NT12_v2
AL6G40220	scaffold_2_RagTag	85.047	321	41	6	1085	1403	13534412	13534097	9.88e-86	320	NT12_v2
AL6G40220	scaffold_2_RagTag	82.514	183	12	13	1309	1483	13727998	13728168	2.3e-32	143	NT12_v2
AL6G40220	scaffold_2_RagTag	81.967	183	13	13	1309	1483	13534095	13533925	1.07e-30	137	NT12_v2
AL6G40220	scaffold_2_RagTag	82.84	169	11	11	1309	1470	13708302	13708459	3.84e-30	135	NT12_v2
AL6G40220	scaffold_2_RagTag	92.135	89	6	1	23	111	13606516	13606429	8.31e-27	124	NT12_v2
AL6G40220	scaffold_2_RagTag	90.361	83	4	2	23	105	13531603	13531525	3.01e-21	106	NT12_v2
AL6G40220	scaffold_2_RagTag	96.875	64	1	1	1	64	13720715	13720777	3.01e-21	106	NT12_v2
AL6G40220	scaffold_2_RagTag	93.548	62	4	0	46	107	13706934	13706995	2.34e-17	93.5	NT12_v2
AL6G40220	scaffold_2_RagTag	97.368	38	1	0	68	105	13531603	13531566	5.11e-09	65.8	NT12_v2
AL2G20010	scaffold_2_RagTag	96.008	1954	40	11	1	1934	12876384	12878319	0	3142	NT8_v2_fix
AL2G20010	scaffold_2_RagTag	85.861	1457	140	34	538	1934	13149211	13147761	0	1489	NT8_v2_fix
AL2G20010	scaffold_2_RagTag	86.224	1430	115	25	538	1932	12881159	12882541	0	1474	NT8_v2_fix
AL2G20010	scaffold_2_RagTag	86.549	1130	106	24	599	1714	12966885	12967982	0	1203	NT8_v2_fix
AL2G20010	scaffold_2_RagTag	93.702	524	32	1	1191	1714	13169616	13169094	0	784	NT8_v2_fix
AL2G20010	scaffold_2_RagTag	90.135	446	43	1	694	1138	13175627	13175182	1.88e-163	579	NT8_v2_fix
AL2G20010	scaffold_2_RagTag	83.333	336	34	10	190	517	13176492	13176171	9.85e-77	291	NT8_v2_fix
AL2G20010	scaffold_2_RagTag	81.737	334	43	8	190	517	12965176	12965497	2.15e-68	263	NT8_v2_fix
AL2G20010	scaffold_2_RagTag	78.454	427	51	15	97	516	12966452	12966844	1.01e-61	241	NT8_v2_fix
AL2G20010	scaffold_2_RagTag	81.119	286	35	6	191	469	12880869	12881142	7.89e-53	211	NT8_v2_fix
AL2G20010	scaffold_2_RagTag	91.935	124	8	2	118	240	13176684	13176562	3.72e-41	172	NT8_v2_fix
AL2G20010	scaffold_2_RagTag	87.879	66	5	1	1427	1492	12877860	12877922	1.08e-11	75	NT8_v2_fix
AL2G20010	scaffold_2_RagTag	91.111	45	4	0	1492	1536	12967722	12967766	8.41e-08	62.1	NT8_v2_fix
AL2G20010	scaffold_6_RagTag	87.419	922	78	21	611	1516	14899772	14898873	0	1026	NT8_v2_fix
AL2G20010	scaffold_6_RagTag	81.818	451	38	21	82	516	14900310	14899888	3.47e-91	339	NT8_v2_fix
AL2G20020	scaffold_2_RagTag	97.019	1979	26	5	1	1975	12880592	12882541	0	3297	NT8_v2_fix
AL2G20020	scaffold_2_RagTag	92.197	1807	105	22	73	1860	13149708	13147919	0	2523	NT8_v2_fix
AL2G20020	scaffold_2_RagTag	90.7	1785	105	27	1	1776	12966250	12967982	0	2320	NT8_v2_fix
AL2G20020	scaffold_2_RagTag	85.332	1459	136	34	559	1975	12876895	12878317	0	1437	NT8_v2_fix
AL2G20020	scaffold_2_RagTag	91.353	532	32	6	1250	1776	13169616	13169094	0	715	NT8_v2_fix
AL2G20020	scaffold_2_RagTag	91.558	462	22	12	739	1199	13175625	13175180	3.14e-176	621	NT8_v2_fix
AL2G20020	scaffold_2_RagTag	90.705	312	24	4	242	550	13176527	13176218	7.41e-113	411	NT8_v2_fix
AL2G20020	scaffold_2_RagTag	91.126	293	21	5	261	550	12965160	12965450	2.68e-107	392	NT8_v2_fix
AL2G20020	scaffold_2_RagTag	84.642	293	39	6	261	550	12887349	12887638	1.3e-75	287	NT8_v2_fix
AL2G20020	scaffold_2_RagTag	81.754	285	34	6	277	550	12876574	12876851	3.72e-56	222	NT8_v2_fix
AL2G20020	scaffold_2_RagTag	78.866	194	26	10	1	183	12887146	12887335	1.81e-24	117	NT8_v2_fix
AL2G20020	scaffold_2_RagTag	83.607	122	12	4	1	116	12964658	12964777	1.09e-21	108	NT8_v2_fix
AL2G20020	scaffold_2_RagTag	86.517	89	3	4	1528	1616	13169380	13169301	3.94e-16	89.8	NT8_v2_fix
AL2G20020	scaffold_2_RagTag	89.394	66	4	3	1552	1616	13148297	13148234	2.37e-13	80.5	NT8_v2_fix
AL2G20020	scaffold_2_RagTag	91.228	57	3	2	1560	1616	13169377	13169323	3.07e-12	76.8	NT8_v2_fix
AL2G20020	scaffold_6_RagTag	91.335	981	52	15	603	1580	14899823	14898873	0	1310	NT8_v2_fix
AL2G20020	scaffold_6_RagTag	85.397	315	39	6	241	550	14900246	14899934	1.28e-85	320	NT8_v2_fix
AL2G20020	scaffold_6_RagTag	82.418	182	14	12	63	233	14900332	14900158	2.98e-32	143	NT8_v2_fix
AL2G20030	scaffold_2_RagTag	98.785	1152	9	4	2415	3562	12899600	12900750	0	2045	NT8_v2_fix
AL2G20030	scaffold_2_RagTag	95.312	704	22	3	31	724	12887209	12887911	0	1107	NT8_v2_fix
AL2G20030	scaffold_2_RagTag	94.543	623	34	0	559	1181	12881192	12881814	0	963	NT8_v2_fix
AL2G20030	scaffold_2_RagTag	93.935	643	27	2	3869	4500	16825063	16825704	0	961	NT8_v2_fix
AL2G20030	scaffold_2_RagTag	93.829	632	28	1	3869	4500	16743855	16744475	0	941	NT8_v2_fix
AL2G20030	scaffold_2_RagTag	93.548	620	36	3	562	1181	13149175	13148560	0	920	NT8_v2_fix
AL2G20030	scaffold_2_RagTag	92.271	621	40	4	562	1181	12966846	12967459	0	874	NT8_v2_fix
AL2G20030	scaffold_2_RagTag	86.606	657	49	20	3869	4500	22960001	22959359	0	689	NT8_v2_fix
AL2G20030	scaffold_2_RagTag	98.691	382	5	0	2039	2420	12887928	12888309	0	678	NT8_v2_fix
AL2G20030	scaffold_2_RagTag	87.792	557	59	6	77	633	12965076	12965623	0	643	NT8_v2_fix
AL2G20030	scaffold_2_RagTag	91.379	464	23	10	696	1158	13175627	13175180	2.6e-175	619	NT8_v2_fix
AL2G20030	scaffold_2_RagTag	87.246	541	56	10	165	703	13176504	13175975	7.27e-171	604	NT8_v2_fix
AL2G20030	scaffold_2_RagTag	85.103	584	66	13	601	1181	12876967	12877532	1.58e-162	577	NT8_v2_fix
AL2G20030	scaffold_2_RagTag	87.793	426	28	14	1208	1617	12967356	12967773	1.65e-132	477	NT8_v2_fix
AL2G20030	scaffold_2_RagTag	87.234	423	33	11	1208	1617	12877430	12877844	4.63e-128	462	NT8_v2_fix
AL2G20030	scaffold_2_RagTag	86.62	426	33	14	1208	1617	12881711	12882128	3.6e-124	449	NT8_v2_fix
AL2G20030	scaffold_2_RagTag	85.714	434	32	16	1208	1620	13148662	13148238	1.31e-118	431	NT8_v2_fix
AL2G20030	scaffold_2_RagTag	88.793	348	28	8	2753	3089	22087397	22087744	3.66e-114	416	NT8_v2_fix
AL2G20030	scaffold_2_RagTag	88.252	349	30	8	2753	3090	23376684	23377032	2.2e-111	407	NT8_v2_fix
AL2G20030	scaffold_2_RagTag	89.254	335	20	11	2758	3080	15288466	15288136	7.91e-111	405	NT8_v2_fix
AL2G20030	scaffold_2_RagTag	99.083	218	2	0	3556	3773	12918657	12918874	6.16e-107	392	NT8_v2_fix
AL2G20030	scaffold_2_RagTag	89.597	298	21	5	1325	1620	13169616	13169327	2.89e-100	370	NT8_v2_fix
AL2G20030	scaffold_2_RagTag	86.85	327	31	7	2754	3079	84949	84634	8.08e-96	355	NT8_v2_fix
AL2G20030	scaffold_2_RagTag	86.728	324	32	6	2753	3065	7254258	7254581	3.76e-94	350	NT8_v2_fix
AL2G20030	scaffold_2_RagTag	84.795	342	48	4	163	502	12966510	12966849	2.26e-91	340	NT8_v2_fix
AL2G20030	scaffold_2_RagTag	87.459	303	24	10	2753	3044	23837292	23836993	2.93e-90	337	NT8_v2_fix
AL2G20030	scaffold_2_RagTag	81.236	453	42	25	55	491	12876467	12876892	6.34e-87	326	NT8_v2_fix
AL2G20030	scaffold_2_RagTag	85.666	293	37	5	161	451	12880853	12881142	2.97e-80	303	NT8_v2_fix
AL2G20030	scaffold_2_RagTag	85.085	295	33	7	2753	3036	20779076	20778782	2.31e-76	291	NT8_v2_fix
AL2G20030	scaffold_2_RagTag	83.871	310	40	9	4196	4500	16744476	16744172	2.99e-75	287	NT8_v2_fix
AL2G20030	scaffold_2_RagTag	83.548	310	41	9	4196	4500	16825705	16825401	1.39e-73	281	NT8_v2_fix
AL2G20030	scaffold_2_RagTag	83.849	291	41	6	165	452	13149514	13149227	8.37e-71	272	NT8_v2_fix
AL2G20030	scaffold_2_RagTag	82.958	311	44	9	4153	4459	16744438	16744133	8.37e-71	272	NT8_v2_fix
AL2G20030	scaffold_2_RagTag	82.637	311	45	9	4153	4459	16825667	16825362	3.9e-69	267	NT8_v2_fix
AL2G20030	scaffold_2_RagTag	82.428	313	34	12	4192	4500	22959354	22959649	3.03e-65	254	NT8_v2_fix
AL2G20030	scaffold_2_RagTag	86.266	233	23	7	4195	4423	16744253	16744480	1.83e-62	244	NT8_v2_fix
AL2G20030	scaffold_2_RagTag	86.266	233	23	7	4195	4423	16825482	16825709	1.83e-62	244	NT8_v2_fix
AL2G20030	scaffold_2_RagTag	83.083	266	36	8	4239	4500	16744133	16744393	3.95e-59	233	NT8_v2_fix
AL2G20030	scaffold_2_RagTag	82.707	266	37	8	4239	4500	16825362	16825622	1.84e-57	228	NT8_v2_fix
AL2G20030	scaffold_2_RagTag	87.692	195	21	3	4230	4423	22959546	22959354	2.38e-56	224	NT8_v2_fix
AL2G20030	scaffold_2_RagTag	82.014	278	33	11	4158	4432	22959400	22959663	3.08e-55	220	NT8_v2_fix
AL2G20030	scaffold_2_RagTag	88.506	174	13	7	4330	4500	22959609	22959440	3.1e-50	204	NT8_v2_fix
AL2G20030	scaffold_2_RagTag	76.238	404	70	10	3869	4260	20054838	20054449	2.41e-46	191	NT8_v2_fix
AL2G20030	scaffold_2_RagTag	80.357	224	36	6	4158	4377	16744352	16744133	5.26e-38	163	NT8_v2_fix
AL2G20030	scaffold_2_RagTag	79.911	224	37	6	4158	4377	16825581	16825362	2.45e-36	158	NT8_v2_fix
AL2G20030	scaffold_2_RagTag	79.144	187	31	7	4158	4340	22959537	22959355	8.92e-26	122	NT8_v2_fix
AL2G20030	scaffold_2_RagTag	79.032	186	28	10	4158	4337	16744296	16744476	4.15e-24	117	NT8_v2_fix
AL2G20030	scaffold_2_RagTag	79.032	186	28	10	4158	4337	16825525	16825705	4.15e-24	117	NT8_v2_fix
AL2G20030	scaffold_2_RagTag	85.577	104	11	3	31	131	12880655	12880757	8.99e-21	106	NT8_v2_fix
AL2G20030	scaffold_2_RagTag	94.286	70	2	2	1208	1276	13175258	13175190	8.99e-21	106	NT8_v2_fix
AL2G20030	scaffold_2_RagTag	94.737	57	0	1	31	84	12964721	12964777	1.17e-14	86.1	NT8_v2_fix
AL2G20030	scaffold_2_RagTag	81.982	111	10	6	44	147	13149705	13149598	1.17e-14	86.1	NT8_v2_fix
AL2G20030	scaffold_2_RagTag	95.918	49	2	0	1568	1616	12877839	12877887	5.45e-13	80.5	NT8_v2_fix
AL2G20030	scaffold_2_RagTag	97.778	45	1	0	1568	1612	12882123	12882167	1.96e-12	78.7	NT8_v2_fix
AL2G20030	scaffold_2_RagTag	100	38	0	0	1573	1610	12877885	12877922	3.28e-10	71.3	NT8_v2_fix
AL2G20030	scaffold_6_RagTag	96.675	1173	15	5	2605	3773	15027252	15026100	0	1929	NT8_v2_fix
AL2G20030	scaffold_6_RagTag	96.047	1189	25	1	1	1189	14900362	14899196	0	1916	NT8_v2_fix
AL2G20030	scaffold_6_RagTag	93.908	476	25	4	4027	4500	6288906	6288433	0	715	NT8_v2_fix
AL2G20030	scaffold_6_RagTag	92.405	474	23	4	4027	4500	15375135	15375595	0	664	NT8_v2_fix
AL2G20030	scaffold_6_RagTag	87.321	418	30	13	1208	1620	14899307	14898908	2.15e-126	457	NT8_v2_fix
AL2G20030	scaffold_6_RagTag	88.793	348	28	6	2753	3089	4474422	4474075	3.66e-114	416	NT8_v2_fix
AL2G20030	scaffold_6_RagTag	87.006	354	34	5	2753	3094	21961198	21960845	7.97e-106	388	NT8_v2_fix
AL2G20030	scaffold_6_RagTag	87.683	341	31	6	2753	3082	26585807	26586147	2.87e-105	387	NT8_v2_fix
AL2G20030	scaffold_6_RagTag	87.647	340	31	6	2752	3080	15211989	15212328	1.03e-104	385	NT8_v2_fix
AL2G20030	scaffold_6_RagTag	87.097	341	33	6	2753	3082	26585437	26585777	6.2e-102	375	NT8_v2_fix
AL2G20030	scaffold_6_RagTag	86.842	342	33	6	2754	3083	14194677	14194336	8.03e-101	372	NT8_v2_fix
AL2G20030	scaffold_6_RagTag	86.269	335	33	10	2753	3076	20752132	20751800	1.05e-94	351	NT8_v2_fix
AL2G20030	scaffold_6_RagTag	90.909	264	13	2	3869	4121	6289184	6288921	1.75e-92	344	NT8_v2_fix
AL2G20030	scaffold_6_RagTag	86.462	325	31	8	2769	3082	9245910	9245588	1.75e-92	344	NT8_v2_fix
AL2G20030	scaffold_6_RagTag	89.963	269	15	4	3869	4125	15374857	15375125	2.93e-90	337	NT8_v2_fix
AL2G20030	scaffold_6_RagTag	83.281	317	38	12	4192	4500	6288428	6288737	1.8e-72	278	NT8_v2_fix
AL2G20030	scaffold_6_RagTag	88.938	226	21	4	4278	4500	6288739	6288515	6.47e-72	276	NT8_v2_fix
AL2G20030	scaffold_6_RagTag	82.468	308	42	11	4158	4459	6288475	6288776	6.52e-67	259	NT8_v2_fix
AL2G20030	scaffold_6_RagTag	82.258	310	34	12	4195	4500	15375597	15375305	1.41e-63	248	NT8_v2_fix
AL2G20030	scaffold_6_RagTag	89.529	191	20	0	2899	3089	26584898	26584708	6.57e-62	243	NT8_v2_fix
AL2G20030	scaffold_6_RagTag	87.179	195	22	3	4230	4423	15375408	15375600	1.11e-54	219	NT8_v2_fix
AL2G20030	scaffold_6_RagTag	77.108	415	70	11	3869	4260	3310531	3310943	3.98e-54	217	NT8_v2_fix
AL2G20030	scaffold_6_RagTag	84.12	233	28	7	4195	4423	6288655	6288428	3.98e-54	217	NT8_v2_fix
AL2G20030	scaffold_6_RagTag	81.655	278	34	11	4158	4432	15375554	15375291	1.43e-53	215	NT8_v2_fix
AL2G20030	scaffold_6_RagTag	87.931	174	14	7	4330	4500	15375345	15375514	1.44e-48	198	NT8_v2_fix
AL2G20030	scaffold_6_RagTag	78.723	188	30	8	4158	4340	15375417	15375599	4.15e-24	117	NT8_v2_fix
AL2G20030	scaffold_8_RagTag	92.732	743	17	10	1820	2554	237522	236809	0	1038	NT8_v2_fix
AL2G20030	scaffold_8_RagTag	81.493	643	71	36	3884	4500	11437510	11438130	9.88e-135	484	NT8_v2_fix
AL2G20030	scaffold_8_RagTag	89.15	341	26	6	2753	3082	4506200	4506540	1.31e-113	414	NT8_v2_fix
AL2G20030	scaffold_8_RagTag	88.252	349	30	7	2754	3091	19715172	19714824	2.2e-111	407	NT8_v2_fix
AL2G20030	scaffold_8_RagTag	87.931	348	32	7	2754	3096	1892158	1891816	1.02e-109	401	NT8_v2_fix
AL2G20030	scaffold_8_RagTag	87.931	348	31	6	2753	3089	18237115	18237462	3.68e-109	399	NT8_v2_fix
AL2G20030	scaffold_8_RagTag	87.143	350	34	6	2753	3091	1855664	1855315	2.87e-105	387	NT8_v2_fix
AL2G20030	scaffold_8_RagTag	87.87	338	28	9	2757	3082	17694952	17695288	1.03e-104	385	NT8_v2_fix
AL2G20030	scaffold_8_RagTag	86.804	341	34	7	2753	3082	4251256	4250916	2.89e-100	370	NT8_v2_fix
AL2G20030	scaffold_8_RagTag	95.261	211	6	2	3563	3773	236490	236284	1.36e-88	331	NT8_v2_fix
AL2G20030	scaffold_8_RagTag	89.412	255	19	7	3315	3562	10542705	10542958	1.37e-83	315	NT8_v2_fix
AL2G20030	scaffold_8_RagTag	84.914	232	15	5	3087	3318	236694	236483	3.98e-54	217	NT8_v2_fix
AL2G20030	scaffold_8_RagTag	96.078	102	3	1	2652	2752	236795	236694	1.46e-38	165	NT8_v2_fix
AL2G20030	scaffold_8_RagTag	84.416	154	10	4	2754	2904	21210770	21210912	8.86e-31	139	NT8_v2_fix
AL2G20030	scaffold_8_RagTag	91.304	69	5	1	4195	4263	11438072	11438139	7e-17	93.5	NT8_v2_fix
AL2G20030	scaffold_8_RagTag	91.379	58	5	0	3020	3077	5366597	5366540	5.45e-13	80.5	NT8_v2_fix
AL2G20030	scaffold_3_RagTag	94.729	645	23	6	3867	4500	10663168	10663812	0	992	NT8_v2_fix
AL2G20030	scaffold_3_RagTag	93.323	644	30	4	3869	4500	22209452	22208810	0	939	NT8_v2_fix
AL2G20030	scaffold_3_RagTag	94.947	475	22	2	4027	4500	21953361	21953834	0	743	NT8_v2_fix
AL2G20030	scaffold_3_RagTag	89.157	332	31	3	2752	3080	11875693	11876022	6.12e-112	409	NT8_v2_fix
AL2G20030	scaffold_3_RagTag	88.473	347	29	7	2753	3088	13592893	13592547	6.12e-112	409	NT8_v2_fix
AL2G20030	scaffold_3_RagTag	88.824	340	27	8	2754	3082	9480086	9480425	2.2e-111	407	NT8_v2_fix
AL2G20030	scaffold_3_RagTag	87.791	344	31	6	2753	3085	20131172	20130829	6.16e-107	392	NT8_v2_fix
AL2G20030	scaffold_3_RagTag	87.798	336	28	6	2753	3076	5718529	5718863	1.33e-103	381	NT8_v2_fix
AL2G20030	scaffold_3_RagTag	89.701	301	19	6	2753	3043	14065740	14066038	2.23e-101	374	NT8_v2_fix
AL2G20030	scaffold_3_RagTag	91.852	270	11	2	3869	4127	21953083	21953352	3.73e-99	366	NT8_v2_fix
AL2G20030	scaffold_3_RagTag	87.346	324	29	8	2753	3065	5005079	5005401	1.74e-97	361	NT8_v2_fix
AL2G20030	scaffold_3_RagTag	85.352	355	35	11	2744	3082	13884642	13884995	1.05e-94	351	NT8_v2_fix
AL2G20030	scaffold_3_RagTag	87.291	299	27	6	2805	3092	22365605	22365307	1.36e-88	331	NT8_v2_fix
AL2G20030	scaffold_3_RagTag	85.016	307	37	8	4195	4497	10663814	10663513	2.97e-80	303	NT8_v2_fix
AL2G20030	scaffold_3_RagTag	83.923	311	40	10	4195	4500	21953836	21953531	8.31e-76	289	NT8_v2_fix
AL2G20030	scaffold_3_RagTag	83.544	316	38	11	4192	4500	22208805	22209113	3.87e-74	283	NT8_v2_fix
AL2G20030	scaffold_3_RagTag	88.938	226	20	5	4278	4500	21953529	21953752	2.33e-71	274	NT8_v2_fix
AL2G20030	scaffold_3_RagTag	83.007	306	44	8	4158	4459	10663771	10663470	3.01e-70	270	NT8_v2_fix
AL2G20030	scaffold_3_RagTag	83.062	307	42	10	4158	4459	21953793	21953492	3.01e-70	270	NT8_v2_fix
AL2G20030	scaffold_3_RagTag	83.117	308	40	11	4158	4459	22208851	22209152	3.01e-70	270	NT8_v2_fix
AL2G20030	scaffold_3_RagTag	88.496	226	21	5	4278	4500	22209115	22208892	1.08e-69	268	NT8_v2_fix
AL2G20030	scaffold_3_RagTag	87.137	241	22	8	2763	2997	24523306	24523069	1.4e-68	265	NT8_v2_fix
AL2G20030	scaffold_3_RagTag	87.5	232	22	6	4195	4423	10663590	10663817	1.81e-67	261	NT8_v2_fix
AL2G20030	scaffold_3_RagTag	86.818	220	25	4	4283	4500	10663513	10663730	6.57e-62	243	NT8_v2_fix
AL2G20030	scaffold_3_RagTag	84.914	232	28	6	4195	4423	21953612	21953839	1.84e-57	228	NT8_v2_fix
AL2G20030	scaffold_3_RagTag	84.914	232	28	6	4195	4423	22209032	22208805	1.84e-57	228	NT8_v2_fix
AL2G20030	scaffold_3_RagTag	76.627	415	71	13	3869	4260	7203727	7204138	8.61e-51	206	NT8_v2_fix
AL2G20030	scaffold_3_RagTag	83.708	178	26	2	4158	4333	10663689	10663513	1.46e-38	165	NT8_v2_fix
AL2G20030	scaffold_3_RagTag	79.787	188	29	8	4158	4340	10663633	10663816	1.92e-27	128	NT8_v2_fix
AL2G20030	scaffold_3_RagTag	78.723	188	31	8	4158	4340	22208989	22208806	4.15e-24	117	NT8_v2_fix
AL2G20030	scaffold_7_RagTag	89.985	659	30	10	3866	4500	10361090	10361736	0	819	NT8_v2_fix
AL2G20030	scaffold_7_RagTag	85.997	657	51	20	3869	4500	24462747	24462107	0	665	NT8_v2_fix
AL2G20030	scaffold_7_RagTag	88.663	344	28	6	2753	3085	13437025	13436682	6.12e-112	409	NT8_v2_fix
AL2G20030	scaffold_7_RagTag	88.372	344	29	7	2753	3085	12341072	12340729	2.85e-110	403	NT8_v2_fix
AL2G20030	scaffold_7_RagTag	88.757	338	27	8	2753	3079	16803563	16803900	2.85e-110	403	NT8_v2_fix
AL2G20030	scaffold_7_RagTag	87.353	340	38	3	2753	3089	1425317	1425654	1.03e-104	385	NT8_v2_fix
AL2G20030	scaffold_7_RagTag	87.209	344	33	7	2753	3085	22275138	22274795	1.33e-103	381	NT8_v2_fix
AL2G20030	scaffold_7_RagTag	87.39	341	32	6	2753	3082	23319152	23319492	1.33e-103	381	NT8_v2_fix
AL2G20030	scaffold_7_RagTag	87.24	337	32	6	2753	3078	10700808	10700472	2.23e-101	374	NT8_v2_fix
AL2G20030	scaffold_7_RagTag	88.217	314	26	7	2780	3082	6288271	6288584	1.34e-98	364	NT8_v2_fix
AL2G20030	scaffold_7_RagTag	86.51	341	35	7	2753	3082	11380446	11380786	1.34e-98	364	NT8_v2_fix
AL2G20030	scaffold_7_RagTag	87.195	328	31	6	2766	3082	23960160	23960487	4.83e-98	363	NT8_v2_fix
AL2G20030	scaffold_7_RagTag	88.85	287	22	7	2753	3032	24559945	24560228	1.75e-92	344	NT8_v2_fix
AL2G20030	scaffold_7_RagTag	86.624	314	29	9	2754	3055	14159253	14159565	1.05e-89	335	NT8_v2_fix
AL2G20030	scaffold_7_RagTag	85.671	328	30	9	2756	3074	10920276	10919957	4.9e-88	329	NT8_v2_fix
AL2G20030	scaffold_7_RagTag	86.306	314	30	7	2754	3055	14158779	14159091	4.9e-88	329	NT8_v2_fix
AL2G20030	scaffold_7_RagTag	87.324	284	21	6	4230	4500	10361536	10361817	1.77e-82	311	NT8_v2_fix
AL2G20030	scaffold_7_RagTag	83.871	341	31	7	2754	3082	11929201	11929529	2.97e-80	303	NT8_v2_fix
AL2G20030	scaffold_7_RagTag	90.83	229	10	2	3869	4086	5160770	5160998	4.97e-78	296	NT8_v2_fix
AL2G20030	scaffold_7_RagTag	86.792	265	21	9	2802	3055	14160257	14160518	3.87e-74	283	NT8_v2_fix
AL2G20030	scaffold_7_RagTag	85.985	264	24	8	2802	3055	14159622	14159882	3.01e-70	270	NT8_v2_fix
AL2G20030	scaffold_7_RagTag	85.66	265	24	8	2802	3055	14159939	14160200	3.9e-69	267	NT8_v2_fix
AL2G20030	scaffold_7_RagTag	82.428	313	34	12	4192	4500	24462102	24462397	3.03e-65	254	NT8_v2_fix
AL2G20030	scaffold_7_RagTag	83.083	266	29	10	4195	4459	10361644	10361394	1.84e-57	228	NT8_v2_fix
AL2G20030	scaffold_7_RagTag	85.281	231	20	7	3334	3557	14163423	14163200	6.61e-57	226	NT8_v2_fix
AL2G20030	scaffold_7_RagTag	79.444	360	41	18	4158	4500	10361776	10361433	2.38e-56	224	NT8_v2_fix
AL2G20030	scaffold_7_RagTag	87.692	195	21	3	4230	4423	24462294	24462102	2.38e-56	224	NT8_v2_fix
AL2G20030	scaffold_7_RagTag	77.053	414	71	10	3869	4260	9835517	9835106	3.98e-54	217	NT8_v2_fix
AL2G20030	scaffold_7_RagTag	81.469	286	33	14	4158	4440	24462148	24462416	3.98e-54	217	NT8_v2_fix
AL2G20030	scaffold_7_RagTag	87.302	189	20	4	4237	4423	10361636	10361822	5.15e-53	213	NT8_v2_fix
AL2G20030	scaffold_7_RagTag	83.333	246	21	14	4258	4500	24462416	24462188	6.66e-52	209	NT8_v2_fix
AL2G20030	scaffold_7_RagTag	86.842	190	15	5	2753	2932	10919759	10919948	3.1e-50	204	NT8_v2_fix
AL2G20030	scaffold_7_RagTag	76.499	417	71	11	3869	4260	12120669	12120255	1.11e-49	202	NT8_v2_fix
AL2G20030	scaffold_7_RagTag	89.375	160	15	2	2934	3093	10920286	10920443	4.01e-49	200	NT8_v2_fix
AL2G20030	scaffold_7_RagTag	88.554	166	16	1	2899	3064	422774	422612	1.44e-48	198	NT8_v2_fix
AL2G20030	scaffold_7_RagTag	87.931	174	14	7	4330	4500	10361473	10361642	1.44e-48	198	NT8_v2_fix
AL2G20030	scaffold_7_RagTag	80.205	293	30	17	4195	4468	10361819	10361536	1.86e-47	195	NT8_v2_fix
AL2G20030	scaffold_7_RagTag	89.933	149	15	0	2934	3082	5439790	5439938	6.71e-47	193	NT8_v2_fix
AL2G20030	scaffold_7_RagTag	82.119	151	21	5	4192	4340	10361675	10361821	2.48e-26	124	NT8_v2_fix
AL2G20030	scaffold_7_RagTag	79.144	187	31	7	4158	4340	24462285	24462103	8.92e-26	122	NT8_v2_fix
AL2G20030	scaffold_4_RagTag	94.915	472	24	0	4029	4500	25758231	25758702	0	739	NT8_v2_fix
AL2G20030	scaffold_4_RagTag	88.491	643	28	15	3869	4500	1195848	1195241	0	736	NT8_v2_fix
AL2G20030	scaffold_4_RagTag	84.477	554	39	23	3888	4423	13014604	13015128	2.73e-140	503	NT8_v2_fix
AL2G20030	scaffold_4_RagTag	96.715	274	9	0	4027	4300	25757972	25758245	2.15e-126	457	NT8_v2_fix
AL2G20030	scaffold_4_RagTag	87.193	367	33	11	2754	3107	26314171	26313806	7.91e-111	405	NT8_v2_fix
AL2G20030	scaffold_4_RagTag	88.034	351	28	9	2753	3090	525445	525794	2.85e-110	403	NT8_v2_fix
AL2G20030	scaffold_4_RagTag	87.43	358	34	6	2753	3099	18748504	18748147	1.02e-109	401	NT8_v2_fix
AL2G20030	scaffold_4_RagTag	87.791	344	31	6	2753	3085	26646245	26645902	6.16e-107	392	NT8_v2_fix
AL2G20030	scaffold_4_RagTag	87.683	341	31	5	2753	3082	26551569	26551909	2.87e-105	387	NT8_v2_fix
AL2G20030	scaffold_4_RagTag	92.963	270	8	2	3869	4127	25757694	25757963	3.71e-104	383	NT8_v2_fix
AL2G20030	scaffold_4_RagTag	87.39	341	32	5	2753	3082	15353287	15353627	1.33e-103	381	NT8_v2_fix
AL2G20030	scaffold_4_RagTag	90.441	272	22	4	4230	4500	1195428	1195160	8.08e-96	355	NT8_v2_fix
AL2G20030	scaffold_4_RagTag	87.54	313	32	4	2784	3092	22346550	22346241	8.08e-96	355	NT8_v2_fix
AL2G20030	scaffold_4_RagTag	83.871	310	42	8	4195	4500	25758704	25758399	8.31e-76	289	NT8_v2_fix
AL2G20030	scaffold_4_RagTag	89.381	226	19	5	4278	4500	25758397	25758620	5e-73	279	NT8_v2_fix
AL2G20030	scaffold_4_RagTag	83.007	306	44	8	4158	4459	25758661	25758360	3.01e-70	270	NT8_v2_fix
AL2G20030	scaffold_4_RagTag	83.333	270	36	8	4158	4423	1195419	1195155	2.36e-61	241	NT8_v2_fix
AL2G20030	scaffold_4_RagTag	82.332	283	35	13	4192	4468	1195155	1195428	1.42e-58	231	NT8_v2_fix
AL2G20030	scaffold_4_RagTag	84.914	232	28	6	4195	4423	25758480	25758707	1.84e-57	228	NT8_v2_fix
AL2G20030	scaffold_4_RagTag	80.769	312	37	14	4158	4464	1195201	1195494	8.55e-56	222	NT8_v2_fix
AL2G20030	scaffold_4_RagTag	87.931	174	14	7	4330	4500	1195491	1195322	1.44e-48	198	NT8_v2_fix
AL2G20030	scaffold_4_RagTag	80.617	227	28	10	4158	4382	1195282	1195494	1.89e-37	161	NT8_v2_fix
AL2G20030	scaffold_4_RagTag	74.879	414	69	14	3869	4260	16346472	16346072	8.8e-36	156	NT8_v2_fix
AL2G20030	scaffold_4_RagTag	85.211	142	18	3	4319	4459	25758242	25758103	6.85e-32	143	NT8_v2_fix
AL2G20030	scaffold_4_RagTag	84.507	142	17	5	4195	4333	13015056	13014917	1.15e-29	135	NT8_v2_fix
AL2G20030	scaffold_4_RagTag	91.089	101	8	1	4401	4500	25758242	25758142	1.15e-29	135	NT8_v2_fix
AL2G20030	scaffold_4_RagTag	79.787	188	27	8	4158	4340	1195337	1195156	6.9e-27	126	NT8_v2_fix
AL2G20030	scaffold_4_RagTag	79.365	189	28	9	4158	4340	25758523	25758706	8.92e-26	122	NT8_v2_fix
AL2G20030	scaffold_4_RagTag	87.671	73	7	2	4189	4261	13015060	13015130	4.21e-14	84.2	NT8_v2_fix
AL2G20030	scaffold_5_RagTag	90.829	567	27	5	3869	4423	13563418	13563971	0	736	NT8_v2_fix
AL2G20030	scaffold_5_RagTag	89.15	341	26	8	2753	3082	12819749	12820089	1.31e-113	414	NT8_v2_fix
AL2G20030	scaffold_5_RagTag	88.372	344	29	8	2753	3085	2434801	2434458	2.85e-110	403	NT8_v2_fix
AL2G20030	scaffold_5_RagTag	88.563	341	28	6	2749	3078	13164450	13164110	2.85e-110	403	NT8_v2_fix
AL2G20030	scaffold_5_RagTag	88.855	332	31	4	2753	3079	13826245	13826575	2.85e-110	403	NT8_v2_fix
AL2G20030	scaffold_5_RagTag	87.941	340	30	7	2754	3082	11250071	11250410	2.22e-106	390	NT8_v2_fix
AL2G20030	scaffold_5_RagTag	85.714	357	38	9	2753	3097	9692318	9691963	1.34e-98	364	NT8_v2_fix
AL2G20030	scaffold_5_RagTag	86.747	332	33	6	2753	3073	11707513	11707844	6.25e-97	359	NT8_v2_fix
AL2G20030	scaffold_5_RagTag	90	250	18	7	3319	3562	512799	513047	3.81e-84	316	NT8_v2_fix
AL2G20030	scaffold_5_RagTag	88.636	220	21	4	4283	4500	13563749	13563966	1.4e-68	265	NT8_v2_fix
AL2G20030	scaffold_5_RagTag	86.036	222	28	3	4195	4415	13563968	13563749	1.1e-59	235	NT8_v2_fix
AL2G20030	scaffold_5_RagTag	83.556	225	29	7	4277	4497	13563969	13563749	3.1e-50	204	NT8_v2_fix
AL2G20030	scaffold_5_RagTag	84.27	178	25	3	4158	4333	13563925	13563749	3.14e-40	171	NT8_v2_fix
AL2G20030	scaffold_5_RagTag	84.173	139	16	5	4365	4500	13563749	13563884	5.33e-28	130	NT8_v2_fix
AL2G20030	scaffold_5_RagTag	82	150	18	8	4195	4340	13563826	13563970	1.15e-24	119	NT8_v2_fix
AL2G20030	scaffold_1_RagTag	86.301	657	51	20	3869	4500	14246757	14247399	0	678	NT8_v2_fix
AL2G20030	scaffold_1_RagTag	88.793	348	28	8	2753	3089	30275145	30275492	3.66e-114	416	NT8_v2_fix
AL2G20030	scaffold_1_RagTag	88.068	352	31	5	2753	3093	16679410	16679761	2.2e-111	407	NT8_v2_fix
AL2G20030	scaffold_1_RagTag	88.034	351	31	7	2753	3092	17846965	17846615	7.91e-111	405	NT8_v2_fix
AL2G20030	scaffold_1_RagTag	88.563	341	26	10	2753	3081	24597128	24596789	1.02e-109	401	NT8_v2_fix
AL2G20030	scaffold_1_RagTag	88.563	341	26	10	2753	3081	24653233	24652894	1.02e-109	401	NT8_v2_fix
AL2G20030	scaffold_1_RagTag	88.166	338	35	4	2755	3089	3486271	3485936	1.32e-108	398	NT8_v2_fix
AL2G20030	scaffold_1_RagTag	88.081	344	30	7	2753	3085	24562263	24561920	1.32e-108	398	NT8_v2_fix
AL2G20030	scaffold_1_RagTag	88.081	344	30	7	2753	3085	24572252	24571909	1.32e-108	398	NT8_v2_fix
AL2G20030	scaffold_1_RagTag	87.429	350	33	6	2753	3091	5450390	5450041	6.16e-107	392	NT8_v2_fix
AL2G20030	scaffold_1_RagTag	87.216	352	34	6	2753	3093	19581489	19581138	2.22e-106	390	NT8_v2_fix
AL2G20030	scaffold_1_RagTag	87.069	348	34	6	2753	3089	25734797	25734450	3.71e-104	383	NT8_v2_fix
AL2G20030	scaffold_1_RagTag	87.39	341	32	6	2753	3082	13324111	13324451	1.33e-103	381	NT8_v2_fix
AL2G20030	scaffold_1_RagTag	86.919	344	34	6	2753	3085	2750032	2749689	6.2e-102	375	NT8_v2_fix
AL2G20030	scaffold_1_RagTag	87.164	335	32	6	2753	3076	7842039	7841705	2.89e-100	370	NT8_v2_fix
AL2G20030	scaffold_1_RagTag	86.905	336	34	7	2753	3081	24582055	24581723	1.04e-99	368	NT8_v2_fix
AL2G20030	scaffold_1_RagTag	86.905	336	34	7	2753	3081	24638173	24637841	1.04e-99	368	NT8_v2_fix
AL2G20030	scaffold_1_RagTag	91.27	252	20	2	3319	3568	4746076	4745825	6.29e-92	342	NT8_v2_fix
AL2G20030	scaffold_1_RagTag	85.269	353	29	10	2753	3082	7161703	7161351	6.29e-92	342	NT8_v2_fix
AL2G20030	scaffold_1_RagTag	91.63	227	18	1	3333	3558	13384372	13384146	4.93e-83	313	NT8_v2_fix
AL2G20030	scaffold_1_RagTag	89.202	213	23	0	2884	3096	18264563	18264351	3.9e-69	267	NT8_v2_fix
AL2G20030	scaffold_1_RagTag	82.201	309	36	13	4195	4500	14247401	14247109	1.41e-63	248	NT8_v2_fix
AL2G20030	scaffold_1_RagTag	77.44	461	70	18	3866	4296	10950180	10950636	1.83e-62	244	NT8_v2_fix
AL2G20030	scaffold_1_RagTag	90	190	18	1	2892	3081	24561918	24561730	1.83e-62	244	NT8_v2_fix
AL2G20030	scaffold_1_RagTag	77.295	414	70	10	3869	4260	25835076	25834665	8.55e-56	222	NT8_v2_fix
AL2G20030	scaffold_1_RagTag	82.014	278	33	11	4158	4432	14247358	14247095	3.08e-55	220	NT8_v2_fix
AL2G20030	scaffold_1_RagTag	87.179	195	22	3	4230	4423	14247212	14247404	1.11e-54	219	NT8_v2_fix
AL2G20030	scaffold_1_RagTag	88.506	174	13	7	4330	4500	14247149	14247318	3.1e-50	204	NT8_v2_fix
AL2G20030	scaffold_1_RagTag	95.05	101	3	2	3774	3872	19243635	19243735	2.45e-36	158	NT8_v2_fix
AL2G20030	scaffold_1_RagTag	78.723	188	30	8	4158	4340	14247221	14247403	4.15e-24	117	NT8_v2_fix
AL2G20030	scaffold_1_RagTag	88.372	86	9	1	3773	3857	31051736	31051821	1.16e-19	102	NT8_v2_fix
AL2G20070	scaffold_6_RagTag	89.074	1263	83	14	64	1317	14900332	14899116	0	1517	NT8_v2_fix
AL2G20070	scaffold_2_RagTag	94.513	729	40	0	586	1314	12881192	12881920	0	1125	NT8_v2_fix
AL2G20070	scaffold_2_RagTag	93.033	732	41	4	589	1314	13149175	13148448	0	1061	NT8_v2_fix
AL2G20070	scaffold_2_RagTag	92.837	726	46	4	589	1314	12966846	12967565	0	1048	NT8_v2_fix
AL2G20070	scaffold_2_RagTag	98.54	548	8	0	113	660	12965076	12965623	0	968	NT8_v2_fix
AL2G20070	scaffold_2_RagTag	89.048	767	67	7	1	751	12887146	12887911	0	935	NT8_v2_fix
AL2G20070	scaffold_2_RagTag	86.792	689	70	15	628	1314	12876967	12877636	0	749	NT8_v2_fix
AL2G20070	scaffold_2_RagTag	90.347	518	46	4	201	716	13176504	13175989	0	676	NT8_v2_fix
AL2G20070	scaffold_2_RagTag	90.909	462	25	10	725	1185	13175625	13175180	2.16e-171	604	NT8_v2_fix
AL2G20070	scaffold_2_RagTag	89.911	337	30	4	199	533	12966510	12966844	3.88e-119	431	NT8_v2_fix
AL2G20070	scaffold_2_RagTag	92.44	291	16	6	201	488	13149514	13149227	5.06e-113	411	NT8_v2_fix
AL2G20070	scaffold_2_RagTag	90.785	293	22	5	197	487	12880853	12881142	8.52e-106	387	NT8_v2_fix
AL2G20070	scaffold_2_RagTag	79.348	460	52	23	91	534	12876467	12876899	1.15e-74	283	NT8_v2_fix
AL2G20070	scaffold_2_RagTag	100	120	0	0	1	120	12964658	12964777	2.54e-56	222	NT8_v2_fix
AL2G20070	scaffold_2_RagTag	81.395	172	21	7	1	167	12880592	12880757	1.59e-28	130	NT8_v2_fix
AL2G20070	scaffold_2_RagTag	83.495	103	7	6	88	183	13149697	13149598	9.68e-16	87.9	NT8_v2_fix
AL2G20200	scaffold_2_RagTag	96.119	1417	44	8	1	1410	13147763	13149175	0	2302	NT8_v2_fix
AL2G20200	scaffold_2_RagTag	89.499	1238	83	17	186	1413	12882392	12881192	0	1522	NT8_v2_fix
AL2G20200	scaffold_2_RagTag	88.55	1179	86	23	239	1410	12967982	12966846	0	1384	NT8_v2_fix
AL2G20200	scaffold_2_RagTag	84.753	1397	141	33	1	1371	12878317	12876967	0	1334	NT8_v2_fix
AL2G20200	scaffold_2_RagTag	99.843	637	1	0	1269	1905	13175975	13176611	0	1171	NT8_v2_fix
AL2G20200	scaffold_2_RagTag	93.117	523	35	1	239	760	13169094	13169616	0	765	NT8_v2_fix
AL2G20200	scaffold_2_RagTag	91.009	456	30	6	822	1276	13175182	13175627	3.05e-171	604	NT8_v2_fix
AL2G20200	scaffold_2_RagTag	86.299	562	63	10	1248	1798	12887911	12887353	1.42e-169	599	NT8_v2_fix
AL2G20200	scaffold_2_RagTag	88.745	462	48	4	1339	1798	12965623	12965164	1.86e-158	562	NT8_v2_fix
AL2G20200	scaffold_2_RagTag	88.547	358	37	3	1466	1821	12966844	12966489	5.48e-119	431	NT8_v2_fix
AL2G20200	scaffold_2_RagTag	90.446	314	26	4	1511	1821	13149227	13149539	7.14e-113	411	NT8_v2_fix
AL2G20200	scaffold_2_RagTag	90.523	306	24	4	1518	1821	12881136	12880834	1.55e-109	399	NT8_v2_fix
AL2G20200	scaffold_2_RagTag	82.011	378	36	16	1433	1786	12876942	12876573	2.7e-77	292	NT8_v2_fix
AL2G20200	scaffold_2_RagTag	85.714	112	4	7	14	124	12882524	12882424	1.05e-21	108	NT8_v2_fix
AL2G20200	scaffold_2_RagTag	83.505	97	12	4	69	163	12968080	12967986	1.37e-15	87.9	NT8_v2_fix
AL2G20200	scaffold_6_RagTag	87.926	1408	113	35	436	1821	14898873	14900245	0	1605	NT8_v2_fix
AL2G20200	scaffold_6_RagTag	93.651	63	3	1	416	478	14898897	14898958	2.94e-17	93.5	NT8_v2_fix
AL6G40220	scaffold_6_RagTag	98.794	1493	15	3	21	1513	14898873	14900362	0	2654	NT8_v2_fix
AL6G40220	scaffold_6_RagTag	100	28	0	0	1	28	14898875	14898902	3.94e-05	52.8	NT8_v2_fix
AL6G40220	scaffold_2_RagTag	91.371	985	62	4	14	977	12882174	12881192	0	1327	NT8_v2_fix
AL6G40220	scaffold_2_RagTag	89.91	1001	67	9	1	974	13148182	13149175	0	1258	NT8_v2_fix
AL6G40220	scaffold_2_RagTag	89.938	974	67	11	23	974	12967810	12966846	0	1227	NT8_v2_fix
AL6G40220	scaffold_2_RagTag	92.898	704	17	4	812	1483	12887911	12887209	0	992	NT8_v2_fix
AL6G40220	scaffold_2_RagTag	85.983	956	91	24	1	935	12877900	12876967	0	983	NT8_v2_fix
AL6G40220	scaffold_2_RagTag	90.948	464	25	10	378	840	13175180	13175627	1.87e-172	608	NT8_v2_fix
AL6G40220	scaffold_2_RagTag	86.268	568	59	13	833	1396	13175975	13176527	1.12e-169	599	NT8_v2_fix
AL6G40220	scaffold_2_RagTag	92.529	348	24	2	1	348	13169271	13169616	4.21e-139	497	NT8_v2_fix
AL6G40220	scaffold_2_RagTag	83.303	557	62	6	903	1437	12965623	12965076	3.28e-135	484	NT8_v2_fix
AL6G40220	scaffold_2_RagTag	84.409	372	52	5	1034	1403	12966849	12966482	5.77e-98	361	NT8_v2_fix
AL6G40220	scaffold_2_RagTag	82.143	448	37	22	1039	1459	12876898	12876467	5.81e-93	344	NT8_v2_fix
AL6G40220	scaffold_2_RagTag	84.735	321	42	6	1085	1403	12881142	12880827	4.56e-84	315	NT8_v2_fix
AL6G40220	scaffold_2_RagTag	82.514	183	12	13	1309	1483	12880825	12880655	2.28e-32	143	NT8_v2_fix
AL6G40220	scaffold_2_RagTag	82.84	169	11	11	1309	1470	13149548	13149705	3.81e-30	135	NT8_v2_fix
AL6G40220	scaffold_2_RagTag	89.888	89	5	2	23	111	12877922	12877838	6.42e-23	111	NT8_v2_fix
AL6G40220	scaffold_2_RagTag	96.875	64	1	1	1	64	13169315	13169377	2.98e-21	106	NT8_v2_fix
AL6G40220	scaffold_2_RagTag	93.548	62	4	0	46	107	13148182	13148243	2.32e-17	93.5	NT8_v2_fix
AL6G40220	scaffold_2_RagTag	94.737	57	0	1	1430	1483	12964777	12964721	3.89e-15	86.1	NT8_v2_fix
AL6G40220	scaffold_2_RagTag	94.34	53	3	0	59	111	12882174	12882122	5.03e-14	82.4	NT8_v2_fix
AL6G40220	scaffold_2_RagTag	97.368	38	1	0	68	105	12877922	12877885	5.07e-09	65.8	NT8_v2_fix
AL6G40220	scaffold_2_RagTag	95	40	2	0	68	107	12967810	12967771	1.82e-08	63.9	NT8_v2_fix
AL2G20010	scaffold_2_RagTag	96.796	1935	36	6	1	1934	9106970	9105061	0	3206	NT9_v2
AL2G20010	scaffold_2_RagTag	86.313	1432	116	27	538	1932	9094515	9093127	0	1485	NT9_v2
AL2G20010	scaffold_2_RagTag	86.604	1381	130	26	190	1536	8808602	8809961	0	1474	NT9_v2
AL2G20010	scaffold_2_RagTag	86.432	1135	106	21	599	1714	9037254	9036149	0	1199	NT9_v2
AL2G20010	scaffold_2_RagTag	85.864	856	73	20	696	1536	8985824	8985002	0	867	NT9_v2
AL2G20010	scaffold_2_RagTag	93.333	540	36	0	997	1536	8984892	8984353	0	798	NT9_v2
AL2G20010	scaffold_2_RagTag	84.962	532	51	19	1427	1934	8984374	8983848	1.94e-143	512	NT9_v2
AL2G20010	scaffold_2_RagTag	84.211	532	55	19	1427	1934	8809918	8810444	9.07e-137	490	NT9_v2
AL2G20010	scaffold_2_RagTag	82.071	396	37	13	98	490	8996832	8996468	9.8e-82	307	NT9_v2
AL2G20010	scaffold_2_RagTag	79.05	463	53	23	82	517	9037793	9037348	7.69e-73	278	NT9_v2
AL2G20010	scaffold_2_RagTag	94.079	152	3	6	95	243	8998416	8998268	2.82e-57	226	NT9_v2
AL2G20010	scaffold_2_RagTag	81.469	286	34	6	191	469	9094805	9094532	1.7e-54	217	NT9_v2
AL2G20010	scaffold_2_RagTag	91.935	124	8	2	118	240	8808410	8808532	3.73e-41	172	NT9_v2
AL2G20010	scaffold_2_RagTag	94.393	107	6	0	1430	1536	8985020	8984914	6.24e-39	165	NT9_v2
AL2G20010	scaffold_2_RagTag	93.458	107	7	0	1430	1536	8985064	8984958	2.9e-37	159	NT9_v2
AL2G20010	scaffold_2_RagTag	91.111	45	4	0	1492	1536	9036409	9036365	8.43e-08	62.1	NT9_v2
AL2G20020	scaffold_2_RagTag	97.677	1980	18	6	1	1975	9095083	9093127	0	3376	NT9_v2
AL2G20020	scaffold_2_RagTag	90.925	1179	68	13	603	1776	9037293	9036149	0	1548	NT9_v2
AL2G20020	scaffold_2_RagTag	85.892	1446	128	33	559	1975	9106461	9105063	0	1471	NT9_v2
AL2G20020	scaffold_2_RagTag	89.774	1017	70	16	600	1609	8808981	8809970	0	1271	NT9_v2
AL2G20020	scaffold_2_RagTag	89.909	882	44	11	737	1616	8985826	8984988	0	1094	NT9_v2
AL2G20020	scaffold_2_RagTag	90.459	566	40	6	1053	1616	8984892	8984339	0	734	NT9_v2
AL2G20020	scaffold_2_RagTag	83.711	706	70	27	40	737	8996967	8996299	2.43e-177	625	NT9_v2
AL2G20020	scaffold_2_RagTag	91.693	313	19	6	242	550	8808567	8808876	7.37e-118	427	NT9_v2
AL2G20020	scaffold_2_RagTag	88	350	26	9	1484	1827	8809918	8810257	1.61e-109	399	NT9_v2
AL2G20020	scaffold_2_RagTag	90.785	293	22	5	261	550	9037685	9037395	1.25e-105	387	NT9_v2
AL2G20020	scaffold_2_RagTag	84.642	293	39	6	261	550	9088338	9088049	1.3e-75	287	NT9_v2
AL2G20020	scaffold_2_RagTag	90.184	163	16	0	603	765	9087938	9087776	2.25e-53	213	NT9_v2
AL2G20020	scaffold_2_RagTag	81.548	168	21	7	4	165	9037878	9037715	2.33e-28	130	NT9_v2
AL2G20020	scaffold_2_RagTag	79.058	191	25	10	4	183	9088538	9088352	1.81e-24	117	NT9_v2
AL2G20020	scaffold_2_RagTag	90.323	62	5	1	1549	1609	8809843	8809904	2.38e-13	80.5	NT9_v2
AL2G20020	scaffold_2_RagTag	91.228	57	3	2	1560	1616	9093594	9093540	3.07e-12	76.8	NT9_v2
AL2G20030	scaffold_2_RagTag	98.958	1152	7	4	2415	3562	9086510	9085360	0	2056	NT9_v2
AL2G20030	scaffold_2_RagTag	92.288	1154	77	6	31	1181	9037818	9036674	0	1628	NT9_v2
AL2G20030	scaffold_2_RagTag	87.23	1065	89	32	165	1209	8808590	8809627	0	1170	NT9_v2
AL2G20030	scaffold_2_RagTag	95.455	704	21	3	31	724	9088478	9087776	0	1112	NT9_v2
AL2G20030	scaffold_2_RagTag	94.677	620	32	1	562	1181	9094479	9093861	0	961	NT9_v2
AL2G20030	scaffold_2_RagTag	93.779	643	29	2	3869	4500	15083215	15083857	0	955	NT9_v2
AL2G20030	scaffold_2_RagTag	92.054	516	26	10	704	1206	8985818	8985305	0	712	NT9_v2
AL2G20030	scaffold_2_RagTag	98.953	382	4	0	2039	2420	9087759	9087378	0	684	NT9_v2
AL2G20030	scaffold_2_RagTag	84.502	613	65	13	613	1211	9106377	9105781	4.41e-163	579	NT9_v2
AL2G20030	scaffold_2_RagTag	89.202	426	25	11	1208	1620	9105926	9105509	4.54e-143	512	NT9_v2
AL2G20030	scaffold_2_RagTag	87.935	431	26	16	1208	1620	9036777	9036355	9.9e-135	484	NT9_v2
AL2G20030	scaffold_2_RagTag	80.841	642	77	19	3878	4500	3627323	3626709	4.64e-128	462	NT9_v2
AL2G20030	scaffold_2_RagTag	86.62	426	36	11	1208	1620	8984826	8984409	1e-124	451	NT9_v2
AL2G20030	scaffold_2_RagTag	86.543	431	30	13	1208	1620	9093964	9093544	3.61e-124	449	NT9_v2
AL2G20030	scaffold_2_RagTag	86.385	426	33	11	1208	1617	8809486	8809902	6.04e-122	442	NT9_v2
AL2G20030	scaffold_2_RagTag	88.793	348	28	8	2753	3089	22562291	22562638	3.66e-114	416	NT9_v2
AL2G20030	scaffold_2_RagTag	88.319	351	29	9	2753	3091	3352834	3352484	1.7e-112	411	NT9_v2
AL2G20030	scaffold_2_RagTag	88.953	344	21	12	2758	3089	15818765	15818427	6.13e-112	409	NT9_v2
AL2G20030	scaffold_2_RagTag	87.977	341	30	6	2753	3082	17201114	17201454	6.17e-107	392	NT9_v2
AL2G20030	scaffold_2_RagTag	87.683	341	31	7	2753	3082	14353793	14354133	2.87e-105	387	NT9_v2
AL2G20030	scaffold_2_RagTag	87.156	327	31	5	2755	3070	1212611	1212285	1.74e-97	361	NT9_v2
AL2G20030	scaffold_2_RagTag	87.179	312	33	7	161	472	8996772	8996468	1.35e-93	348	NT9_v2
AL2G20030	scaffold_2_RagTag	81.046	459	46	24	53	497	9106889	9106458	1.77e-87	327	NT9_v2
AL2G20030	scaffold_2_RagTag	86.799	303	27	9	2753	3044	24349775	24349475	6.35e-87	326	NT9_v2
AL2G20030	scaffold_2_RagTag	89.179	268	18	5	1355	1620	8985316	8985058	2.28e-86	324	NT9_v2
AL2G20030	scaffold_2_RagTag	86.007	293	36	5	161	451	9094821	9094532	6.39e-82	309	NT9_v2
AL2G20030	scaffold_2_RagTag	89.823	226	18	5	4278	4500	15083552	15083775	1.08e-74	285	NT9_v2
AL2G20030	scaffold_2_RagTag	83.601	311	41	10	4195	4500	15083859	15083554	3.88e-74	283	NT9_v2
AL2G20030	scaffold_2_RagTag	82.68	306	45	8	4158	4459	15083816	15083515	1.4e-68	265	NT9_v2
AL2G20030	scaffold_2_RagTag	92.353	170	12	1	1012	1181	8984892	8984724	2.37e-61	241	NT9_v2
AL2G20030	scaffold_2_RagTag	82.784	273	34	11	4158	4423	15083596	15083862	1.42e-58	231	NT9_v2
AL2G20030	scaffold_2_RagTag	76.867	415	70	12	3869	4260	19428264	19428675	1.85e-52	211	NT9_v2
AL2G20030	scaffold_2_RagTag	79.562	274	40	14	4158	4423	3626969	3626704	1.45e-43	182	NT9_v2
AL2G20030	scaffold_2_RagTag	96.154	104	2	2	3771	3872	808902	809005	1.13e-39	169	NT9_v2
AL2G20030	scaffold_2_RagTag	97.03	101	1	2	3774	3872	17567350	17567450	1.13e-39	169	NT9_v2
AL2G20030	scaffold_2_RagTag	95.192	104	3	2	3771	3872	15658869	15658972	5.27e-38	163	NT9_v2
AL2G20030	scaffold_2_RagTag	80.617	227	25	12	4189	4409	3626781	3626994	2.45e-36	158	NT9_v2
AL2G20030	scaffold_2_RagTag	79.894	189	27	9	4158	4340	15083678	15083861	1.92e-27	128	NT9_v2
AL2G20030	scaffold_2_RagTag	86.441	118	6	3	34	149	8996943	8996834	3.22e-25	121	NT9_v2
AL2G20030	scaffold_2_RagTag	81.208	149	23	4	4158	4303	3626831	3626977	1.5e-23	115	NT9_v2
AL2G20030	scaffold_2_RagTag	85.577	104	11	3	31	131	9095019	9094917	9e-21	106	NT9_v2
AL2G20030	scaffold_2_RagTag	96.226	53	2	0	1568	1620	8984373	8984321	3.26e-15	87.9	NT9_v2
AL2G20030	scaffold_2_RagTag	96.226	53	2	0	1568	1620	8985000	8984948	3.26e-15	87.9	NT9_v2
AL2G20030	scaffold_2_RagTag	78.231	147	23	6	4320	4460	18650495	18650352	1.17e-14	86.1	NT9_v2
AL2G20030	scaffold_6_RagTag	96.675	1173	15	5	2605	3773	14954161	14953009	0	1929	NT9_v2
AL2G20030	scaffold_6_RagTag	87.749	351	31	7	2753	3091	14793504	14793154	3.69e-109	399	NT9_v2
AL2G20030	scaffold_6_RagTag	85.185	405	39	14	2718	3107	8962326	8961928	4.77e-108	396	NT9_v2
AL2G20030	scaffold_6_RagTag	88.253	332	28	8	2770	3090	8898169	8898500	2.87e-105	387	NT9_v2
AL2G20030	scaffold_6_RagTag	87.683	341	31	6	2753	3082	26206131	26206471	2.87e-105	387	NT9_v2
AL2G20030	scaffold_6_RagTag	87.097	341	33	5	2753	3082	6798204	6798544	6.22e-102	375	NT9_v2
AL2G20030	scaffold_6_RagTag	87.097	341	33	5	2753	3082	6801794	6802134	6.22e-102	375	NT9_v2
AL2G20030	scaffold_6_RagTag	87.097	341	33	5	2753	3082	6807529	6807869	6.22e-102	375	NT9_v2
AL2G20030	scaffold_6_RagTag	87.097	341	33	5	2753	3082	6811119	6811459	6.22e-102	375	NT9_v2
AL2G20030	scaffold_6_RagTag	87.097	341	33	5	2753	3082	6814709	6815049	6.22e-102	375	NT9_v2
AL2G20030	scaffold_6_RagTag	86.236	356	38	6	2753	3097	20677027	20676672	6.22e-102	375	NT9_v2
AL2G20030	scaffold_6_RagTag	86.842	342	33	6	2754	3083	14177843	14177502	8.04e-101	372	NT9_v2
AL2G20030	scaffold_6_RagTag	87.202	336	32	6	2753	3077	25246095	25246430	8.04e-101	372	NT9_v2
AL2G20030	scaffold_6_RagTag	87.048	332	31	9	2756	3076	20625379	20625049	1.35e-98	364	NT9_v2
AL2G20030	scaffold_6_RagTag	86.51	341	35	6	2753	3082	26205761	26206101	1.35e-98	364	NT9_v2
AL2G20030	scaffold_6_RagTag	86.04	351	34	11	2754	3092	13671500	13671153	4.84e-98	363	NT9_v2
AL2G20030	scaffold_6_RagTag	89.529	191	20	0	2899	3089	26205223	26205033	6.58e-62	243	NT9_v2
AL2G20030	scaffold_6_RagTag	77.295	414	70	10	3869	4260	8550183	8550594	8.57e-56	222	NT9_v2
AL2G20030	scaffold_6_RagTag	77.024	457	62	22	3869	4296	26229110	26228668	8.57e-56	222	NT9_v2
AL2G20030	scaffold_6_RagTag	76.754	456	65	20	3869	4296	21961334	21961776	3.99e-54	217	NT9_v2
AL2G20030	scaffold_6_RagTag	98.02	101	0	2	3774	3872	480807	480707	2.43e-41	174	NT9_v2
AL2G20030	scaffold_8_RagTag	93.243	740	20	11	1820	2554	197344	196630	0	1062	NT9_v2
AL2G20030	scaffold_8_RagTag	91.77	644	28	10	3869	4500	11237485	11236855	0	872	NT9_v2
AL2G20030	scaffold_8_RagTag	89.15	341	26	6	2753	3082	4793605	4793945	1.32e-113	414	NT9_v2
AL2G20030	scaffold_8_RagTag	88.372	344	28	9	2747	3079	20423790	20423448	2.85e-110	403	NT9_v2
AL2G20030	scaffold_8_RagTag	87.143	350	34	6	2753	3091	18925632	18925283	2.87e-105	387	NT9_v2
AL2G20030	scaffold_8_RagTag	87.87	338	28	9	2757	3082	16959156	16959492	1.03e-104	385	NT9_v2
AL2G20030	scaffold_8_RagTag	86.686	353	35	9	2753	3093	14771923	14771571	1.34e-103	381	NT9_v2
AL2G20030	scaffold_8_RagTag	86.686	353	34	9	2753	3093	19107697	19108048	4.8e-103	379	NT9_v2
AL2G20030	scaffold_8_RagTag	87.097	341	33	6	2753	3082	20611783	20612123	6.22e-102	375	NT9_v2
AL2G20030	scaffold_8_RagTag	95.261	211	6	2	3563	3773	196312	196106	1.36e-88	331	NT9_v2
AL2G20030	scaffold_8_RagTag	87.681	276	25	5	2826	3092	19108045	19108320	4.94e-83	313	NT9_v2
AL2G20030	scaffold_8_RagTag	84.076	314	39	10	4192	4500	11236850	11237157	6.44e-77	292	NT9_v2
AL2G20030	scaffold_8_RagTag	89.427	227	17	6	4278	4500	11237159	11236936	5.01e-73	279	NT9_v2
AL2G20030	scaffold_8_RagTag	91.371	197	17	0	2881	3077	5571293	5571097	3.02e-70	270	NT9_v2
AL2G20030	scaffold_8_RagTag	87.013	231	22	5	2860	3082	4515453	4515223	3.04e-65	254	NT9_v2
AL2G20030	scaffold_8_RagTag	81.818	308	43	12	4158	4459	11236896	11237196	5.08e-63	246	NT9_v2
AL2G20030	scaffold_8_RagTag	83.088	272	34	9	4158	4423	11237115	11236850	3.06e-60	237	NT9_v2
AL2G20030	scaffold_8_RagTag	84.052	232	15	5	3087	3318	196514	196305	3.1e-50	204	NT9_v2
AL2G20030	scaffold_8_RagTag	95.098	102	4	1	2652	2752	196615	196514	6.81e-37	159	NT9_v2
AL2G20030	scaffold_8_RagTag	79.679	187	30	7	4158	4340	11237033	11236851	1.92e-27	128	NT9_v2
AL2G20030	scaffold_3_RagTag	94.729	645	23	1	3867	4500	10537587	10538231	0	992	NT9_v2
AL2G20030	scaffold_3_RagTag	89.939	656	33	10	3866	4500	25380509	25381152	0	815	NT9_v2
AL2G20030	scaffold_3_RagTag	95.148	474	23	0	4027	4500	23480772	23481245	0	749	NT9_v2
AL2G20030	scaffold_3_RagTag	88.286	350	30	6	2753	3091	10064685	10065034	6.13e-112	409	NT9_v2
AL2G20030	scaffold_3_RagTag	88.824	340	27	8	2754	3082	9395033	9395372	2.2e-111	407	NT9_v2
AL2G20030	scaffold_3_RagTag	87.791	344	31	5	2753	3085	20399881	20399538	6.17e-107	392	NT9_v2
AL2G20030	scaffold_3_RagTag	86.835	357	35	7	2753	3098	23583952	23584307	7.98e-106	388	NT9_v2
AL2G20030	scaffold_3_RagTag	92.963	270	8	2	3869	4127	23480494	23480763	3.71e-104	383	NT9_v2
AL2G20030	scaffold_3_RagTag	87.761	335	29	7	2753	3076	5622821	5623154	1.34e-103	381	NT9_v2
AL2G20030	scaffold_3_RagTag	87.39	341	32	6	2753	3082	12271086	12270746	1.34e-103	381	NT9_v2
AL2G20030	scaffold_3_RagTag	86.819	349	35	6	2753	3090	23768828	23768480	4.8e-103	379	NT9_v2
AL2G20030	scaffold_3_RagTag	89.369	301	20	7	2753	3043	13826069	13826367	1.04e-99	368	NT9_v2
AL2G20030	scaffold_3_RagTag	87.346	324	29	8	2753	3065	4872819	4873141	1.74e-97	361	NT9_v2
AL2G20030	scaffold_3_RagTag	87.234	282	23	6	4230	4500	25380954	25381233	6.39e-82	309	NT9_v2
AL2G20030	scaffold_3_RagTag	85.016	307	37	8	4195	4497	10538233	10537932	2.97e-80	303	NT9_v2
AL2G20030	scaffold_3_RagTag	83.548	310	43	8	4195	4500	23481247	23480942	3.88e-74	283	NT9_v2
AL2G20030	scaffold_3_RagTag	89.381	226	19	5	4278	4500	23480940	23481163	5.01e-73	279	NT9_v2
AL2G20030	scaffold_3_RagTag	83.007	306	44	8	4158	4459	10538190	10537889	3.02e-70	270	NT9_v2
AL2G20030	scaffold_3_RagTag	83.007	306	44	8	4158	4459	23481204	23480903	3.02e-70	270	NT9_v2
AL2G20030	scaffold_3_RagTag	87.5	232	22	6	4195	4423	10538009	10538236	1.82e-67	261	NT9_v2
AL2G20030	scaffold_3_RagTag	86.818	220	25	4	4283	4500	10537932	10538149	6.58e-62	243	NT9_v2
AL2G20030	scaffold_3_RagTag	84.914	232	28	6	4195	4423	23481023	23481250	1.84e-57	228	NT9_v2
AL2G20030	scaffold_3_RagTag	82.721	272	31	10	4189	4459	25381068	25380812	1.84e-57	228	NT9_v2
AL2G20030	scaffold_3_RagTag	88.77	187	19	2	4237	4423	25381054	25381238	1.84e-57	228	NT9_v2
AL2G20030	scaffold_3_RagTag	79.444	360	39	18	4158	4500	25381192	25380851	8.57e-56	222	NT9_v2
AL2G20030	scaffold_3_RagTag	76.805	457	63	22	3869	4296	7373757	7373315	3.99e-54	217	NT9_v2
AL2G20030	scaffold_3_RagTag	77.108	415	69	12	3869	4260	9072531	9072942	3.99e-54	217	NT9_v2
AL2G20030	scaffold_3_RagTag	76.627	415	71	12	3869	4260	8560752	8560341	8.63e-51	206	NT9_v2
AL2G20030	scaffold_3_RagTag	80.479	292	29	18	4195	4468	25381235	25380954	1.44e-48	198	NT9_v2
AL2G20030	scaffold_3_RagTag	87.356	174	15	7	4330	4500	25380891	25381060	6.72e-47	193	NT9_v2
AL2G20030	scaffold_3_RagTag	83.708	178	26	2	4158	4333	10538108	10537932	1.46e-38	165	NT9_v2
AL2G20030	scaffold_3_RagTag	79.787	188	29	8	4158	4340	10538052	10538235	1.92e-27	128	NT9_v2
AL2G20030	scaffold_3_RagTag	79.787	188	27	8	4158	4340	25381056	25381237	6.91e-27	126	NT9_v2
AL2G20030	scaffold_3_RagTag	79.365	189	28	9	4158	4340	23481066	23481249	8.94e-26	122	NT9_v2
AL2G20030	scaffold_5_RagTag	89.924	655	31	9	3869	4500	17139214	17139856	0	811	NT9_v2
AL2G20030	scaffold_5_RagTag	88.856	341	27	6	2749	3078	13887576	13887236	6.13e-112	409	NT9_v2
AL2G20030	scaffold_5_RagTag	88.372	344	29	8	2753	3085	2451284	2450941	2.85e-110	403	NT9_v2
AL2G20030	scaffold_5_RagTag	87.714	350	32	6	2753	3091	21104590	21104939	1.33e-108	398	NT9_v2
AL2G20030	scaffold_5_RagTag	86.523	371	38	10	2732	3093	21199676	21200043	1.33e-108	398	NT9_v2
AL2G20030	scaffold_5_RagTag	87.288	354	33	7	2755	3096	16278933	16278580	1.72e-107	394	NT9_v2
AL2G20030	scaffold_5_RagTag	87.755	343	31	6	2753	3084	10480613	10480271	2.22e-106	390	NT9_v2
AL2G20030	scaffold_5_RagTag	87.683	341	31	6	2753	3082	14152592	14152932	2.87e-105	387	NT9_v2
AL2G20030	scaffold_5_RagTag	86.765	340	34	7	2754	3082	13973056	13972717	1.04e-99	368	NT9_v2
AL2G20030	scaffold_5_RagTag	86.04	351	38	7	2754	3093	19771175	19771525	3.74e-99	366	NT9_v2
AL2G20030	scaffold_5_RagTag	86.972	284	22	6	4230	4500	17139656	17139937	8.27e-81	305	NT9_v2
AL2G20030	scaffold_5_RagTag	89.362	188	20	0	2894	3081	4835296	4835483	3.06e-60	237	NT9_v2
AL2G20030	scaffold_5_RagTag	79.444	360	41	18	4158	4500	17139896	17139553	2.38e-56	224	NT9_v2
AL2G20030	scaffold_5_RagTag	82.707	266	30	10	4195	4459	17139764	17139514	8.57e-56	222	NT9_v2
AL2G20030	scaffold_5_RagTag	86.772	189	21	4	4237	4423	17139756	17139942	2.4e-51	207	NT9_v2
AL2G20030	scaffold_5_RagTag	76.57	414	71	12	3869	4260	10658193	10657784	3.1e-50	204	NT9_v2
AL2G20030	scaffold_5_RagTag	81.579	266	28	14	4239	4500	17139514	17139762	4.01e-49	200	NT9_v2
AL2G20030	scaffold_5_RagTag	81.457	151	22	5	4192	4340	17139795	17139941	1.16e-24	119	NT9_v2
AL2G20030	scaffold_4_RagTag	84.601	552	42	22	3888	4423	12080263	12080787	5.87e-142	508	NT9_v2
AL2G20030	scaffold_4_RagTag	88.252	349	30	7	2753	3090	6237128	6237476	2.2e-111	407	NT9_v2
AL2G20030	scaffold_4_RagTag	88.034	351	28	9	2753	3090	510020	510369	2.85e-110	403	NT9_v2
AL2G20030	scaffold_4_RagTag	88.563	341	28	6	2753	3082	21704087	21704427	2.85e-110	403	NT9_v2
AL2G20030	scaffold_4_RagTag	88.081	344	34	4	2753	3092	21147997	21147657	1.03e-109	401	NT9_v2
AL2G20030	scaffold_4_RagTag	88.116	345	30	6	2755	3088	1960465	1960121	3.69e-109	399	NT9_v2
AL2G20030	scaffold_4_RagTag	88.116	345	30	8	2753	3086	25087220	25086876	3.69e-109	399	NT9_v2
AL2G20030	scaffold_4_RagTag	87.941	340	30	6	2753	3081	6464029	6464368	2.22e-106	390	NT9_v2
AL2G20030	scaffold_4_RagTag	87.683	341	31	6	2753	3082	6534116	6534456	2.87e-105	387	NT9_v2
AL2G20030	scaffold_4_RagTag	78.218	404	73	7	3869	4260	15171998	15172398	1.83e-62	244	NT9_v2
AL2G20030	scaffold_4_RagTag	76.754	456	65	20	3869	4296	21956010	21956452	3.99e-54	217	NT9_v2
AL2G20030	scaffold_4_RagTag	75.604	414	64	17	3869	4260	17719689	17719291	3.15e-40	171	NT9_v2
AL2G20030	scaffold_4_RagTag	84.615	143	15	7	4195	4333	12080715	12080576	1.15e-29	135	NT9_v2
AL2G20030	scaffold_4_RagTag	87.671	73	7	2	4189	4261	12080719	12080789	4.22e-14	84.2	NT9_v2
AL2G20030	scaffold_1_RagTag	89.08	348	27	8	2753	3089	29029868	29030215	7.87e-116	422	NT9_v2
AL2G20030	scaffold_1_RagTag	88.473	347	29	6	2756	3091	1318254	1317908	6.13e-112	409	NT9_v2
AL2G20030	scaffold_1_RagTag	88.563	341	25	11	2753	3081	24340046	24339708	1.03e-109	401	NT9_v2
AL2G20030	scaffold_1_RagTag	87.606	355	33	8	2753	3096	26120076	26119722	1.03e-109	401	NT9_v2
AL2G20030	scaffold_1_RagTag	88.081	344	30	7	2753	3085	24330229	24329886	1.33e-108	398	NT9_v2
AL2G20030	scaffold_1_RagTag	87.216	352	34	6	2753	3093	19463484	19463133	2.22e-106	390	NT9_v2
AL2G20030	scaffold_1_RagTag	86.969	353	35	6	2753	3094	8235629	8235981	2.87e-105	387	NT9_v2
AL2G20030	scaffold_1_RagTag	87.755	343	27	11	2753	3081	24361698	24361357	2.87e-105	387	NT9_v2
AL2G20030	scaffold_1_RagTag	87.143	350	34	6	2753	3091	24972888	24972539	2.87e-105	387	NT9_v2
AL2G20030	scaffold_1_RagTag	86.919	344	34	6	2753	3085	2630303	2629960	6.22e-102	375	NT9_v2
AL2G20030	scaffold_1_RagTag	87.097	341	31	8	2753	3082	6802101	6801763	2.24e-101	374	NT9_v2
AL2G20030	scaffold_1_RagTag	91.63	227	18	1	3333	3558	12961225	12960999	4.94e-83	313	NT9_v2
AL2G20030	scaffold_1_RagTag	90	190	18	1	2892	3081	24329884	24329696	1.83e-62	244	NT9_v2
AL2G20030	scaffold_1_RagTag	77.273	462	61	25	3869	4300	15320117	15319670	1.42e-58	231	NT9_v2
AL2G20030	scaffold_1_RagTag	88.542	192	20	2	2890	3081	24302958	24302769	1.42e-58	231	NT9_v2
AL2G20030	scaffold_1_RagTag	88.482	191	22	0	2899	3089	29301434	29301244	1.42e-58	231	NT9_v2
AL2G20030	scaffold_1_RagTag	76.699	412	70	12	3869	4260	29056311	29056716	8.63e-51	206	NT9_v2
AL2G20030	scaffold_7_RagTag	89.086	339	26	8	2755	3082	10266534	10266872	1.7e-112	411	NT9_v2
AL2G20030	scaffold_7_RagTag	88.663	344	28	6	2753	3085	13571387	13571044	6.13e-112	409	NT9_v2
AL2G20030	scaffold_7_RagTag	88.856	341	27	8	2753	3082	25807526	25807866	6.13e-112	409	NT9_v2
AL2G20030	scaffold_7_RagTag	88.372	344	29	7	2753	3085	12434170	12433827	2.85e-110	403	NT9_v2
AL2G20030	scaffold_7_RagTag	87.252	353	33	7	2753	3093	16139364	16139716	6.17e-107	392	NT9_v2
AL2G20030	scaffold_7_RagTag	88.166	338	29	7	2753	3079	16499619	16499956	6.17e-107	392	NT9_v2
AL2G20030	scaffold_7_RagTag	87.683	341	31	6	2753	3082	15460269	15460609	2.87e-105	387	NT9_v2
AL2G20030	scaffold_7_RagTag	87.353	340	38	3	2753	3089	1432867	1433204	1.03e-104	385	NT9_v2
AL2G20030	scaffold_7_RagTag	87.283	346	33	6	2756	3090	13688142	13687797	1.03e-104	385	NT9_v2
AL2G20030	scaffold_7_RagTag	87.097	341	33	6	2753	3082	15144180	15144520	6.22e-102	375	NT9_v2
AL2G20030	scaffold_7_RagTag	87.24	337	32	6	2753	3078	10717364	10717028	2.24e-101	374	NT9_v2
AL2G20030	scaffold_7_RagTag	88.217	314	26	7	2780	3082	6393673	6393986	1.35e-98	364	NT9_v2
AL2G20030	scaffold_7_RagTag	88.85	287	22	7	2753	3032	25422396	25422679	1.75e-92	344	NT9_v2
AL2G20030	scaffold_7_RagTag	85.671	328	30	9	2756	3074	10968595	10968276	4.91e-88	329	NT9_v2
AL2G20030	scaffold_7_RagTag	84.164	341	30	7	2754	3082	11958619	11958947	6.39e-82	309	NT9_v2
AL2G20030	scaffold_7_RagTag	84.746	295	31	8	2785	3065	17962461	17962167	3.88e-74	283	NT9_v2
AL2G20030	scaffold_7_RagTag	87.55	249	20	7	3318	3562	14378425	14378184	1.8e-72	278	NT9_v2
AL2G20030	scaffold_7_RagTag	76.586	457	64	22	3869	4296	5853053	5852611	1.85e-52	211	NT9_v2
AL2G20030	scaffold_7_RagTag	86.294	197	19	4	2851	3039	22613807	22613611	2.4e-51	207	NT9_v2
AL2G20030	scaffold_7_RagTag	84.737	190	14	7	2753	2932	10968083	10968267	6.77e-42	176	NT9_v2
AL2G20030	scaffold_7_RagTag	89.041	146	11	3	2753	2895	22613966	22613823	6.77e-42	176	NT9_v2
AL2G20030	scaffold_7_RagTag	82.857	175	28	2	4086	4260	27412049	27412221	8.81e-36	156	NT9_v2
AL2G20030	scaffold_7_RagTag	75.637	353	62	10	3930	4260	5830557	5830907	3.17e-35	154	NT9_v2
AL2G20030	scaffold_7_RagTag	75	356	62	11	3930	4260	12149414	12149061	8.88e-31	139	NT9_v2
AL2G20070	scaffold_2_RagTag	98.404	1316	19	1	1	1314	9037881	9036566	0	2313	NT9_v2
AL2G20070	scaffold_2_RagTag	89.086	1127	84	26	201	1314	8808590	8809690	0	1363	NT9_v2
AL2G20070	scaffold_2_RagTag	94.78	728	35	2	589	1314	9094479	9093753	0	1131	NT9_v2
AL2G20070	scaffold_2_RagTag	89.179	767	66	7	1	751	9088541	9087776	0	941	NT9_v2
AL2G20070	scaffold_2_RagTag	86.85	692	70	15	628	1317	9106389	9105717	0	754	NT9_v2
AL2G20070	scaffold_2_RagTag	92.628	529	29	5	723	1248	8985826	8985305	0	752	NT9_v2
AL2G20070	scaffold_2_RagTag	94.7	283	12	2	1032	1314	8984899	8984620	8.36e-121	436	NT9_v2
AL2G20070	scaffold_2_RagTag	91.126	293	21	5	197	487	9094821	9094532	1.83e-107	392	NT9_v2
AL2G20070	scaffold_2_RagTag	89.423	312	26	7	197	508	8996772	8996468	8.54e-106	387	NT9_v2
AL2G20070	scaffold_2_RagTag	79.565	460	53	22	89	534	9106889	9106457	6.88e-77	291	NT9_v2
AL2G20070	scaffold_2_RagTag	90.052	191	2	3	533	723	8996472	8996299	4.23e-59	231	NT9_v2
AL2G20070	scaffold_2_RagTag	86.842	152	7	4	36	185	8996974	8996834	7.28e-37	158	NT9_v2
AL2G20070	scaffold_2_RagTag	81.657	169	21	7	4	167	9095080	9094917	4.42e-29	132	NT9_v2
AL2G20070	scaffold_2_RagTag	100	49	0	0	1266	1314	8985316	8985268	7.49e-17	91.6	NT9_v2
AL2G20200	scaffold_2_RagTag	93.953	1505	50	17	416	1905	8809961	8808483	0	2237	NT9_v2
AL2G20200	scaffold_2_RagTag	89.561	1571	115	26	239	1798	9036149	9037681	0	1947	NT9_v2
AL2G20200	scaffold_2_RagTag	89.661	1267	92	19	153	1410	9093243	9094479	0	1578	NT9_v2
AL2G20200	scaffold_2_RagTag	86.04	1361	132	33	1	1354	9105063	9106372	0	1408	NT9_v2
AL2G20200	scaffold_2_RagTag	97.925	530	10	1	1	530	8810442	8809914	0	917	NT9_v2
AL2G20200	scaffold_2_RagTag	96.05	557	11	2	416	971	8984353	8984899	0	896	NT9_v2
AL2G20200	scaffold_2_RagTag	97.175	531	12	3	1	530	8983850	8984378	0	894	NT9_v2
AL2G20200	scaffold_2_RagTag	93.634	487	22	7	795	1274	8985340	8985824	0	719	NT9_v2
AL2G20200	scaffold_2_RagTag	86.477	562	62	10	1248	1798	9087776	9088334	3.06e-171	604	NT9_v2
AL2G20200	scaffold_2_RagTag	94.603	315	17	0	416	730	8985002	8985316	3.21e-136	488	NT9_v2
AL2G20200	scaffold_2_RagTag	94.427	323	9	2	1491	1813	8996468	8996781	3.21e-136	488	NT9_v2
AL2G20200	scaffold_2_RagTag	90.385	312	25	4	1512	1821	9094532	9094840	3.33e-111	405	NT9_v2
AL2G20200	scaffold_2_RagTag	82.181	376	37	15	1433	1786	9106414	9106781	2.09e-78	296	NT9_v2
AL2G20200	scaffold_2_RagTag	94.737	114	5	1	417	530	8984893	8985005	2.84e-42	176	NT9_v2
AL2G20200	scaffold_2_RagTag	93.913	115	6	1	416	530	8984914	8985027	3.67e-41	172	NT9_v2
AL2G20200	scaffold_2_RagTag	84.783	184	11	9	1283	1466	8996306	8996472	4.75e-40	169	NT9_v2
AL2G20200	scaffold_2_RagTag	89.565	115	11	1	416	530	8984309	8984422	8.01e-33	145	NT9_v2
AL2G20200	scaffold_2_RagTag	89.565	115	11	1	416	530	8984936	8985049	8.01e-33	145	NT9_v2
AL2G20200	scaffold_2_RagTag	96.825	63	2	0	416	478	8985046	8985108	3.78e-21	106	NT9_v2
AL2G20200	scaffold_2_RagTag	83.74	123	4	10	1	118	9093127	9093238	4.89e-20	102	NT9_v2
AL2G20200	scaffold_2_RagTag	93.651	63	4	0	416	478	9105497	9105559	8.18e-18	95.3	NT9_v2
AL2G20200	scaffold_2_RagTag	79.114	158	11	10	23	167	8998126	8998274	3.81e-16	89.8	NT9_v2
AL2G20200	scaffold_2_RagTag	79.851	134	15	10	33	163	9036021	9036145	1.37e-15	87.9	NT9_v2
AL6G40220	scaffold_2_RagTag	89.264	1509	103	14	23	1483	9036321	9037818	0	1834	NT9_v2
AL6G40220	scaffold_2_RagTag	86.853	1430	125	37	1	1399	8809961	8808564	0	1541	NT9_v2
AL6G40220	scaffold_2_RagTag	91.509	954	54	8	44	974	9093530	9094479	0	1288	NT9_v2
AL6G40220	scaffold_2_RagTag	88.179	939	71	22	1	918	9105453	9106372	0	1083	NT9_v2
AL6G40220	scaffold_2_RagTag	90.442	837	55	17	1	832	8985002	8985818	0	1079	NT9_v2
AL6G40220	scaffold_2_RagTag	93.04	704	16	4	812	1483	9087776	9088478	0	998	NT9_v2
AL6G40220	scaffold_2_RagTag	87.477	543	46	12	1	524	8984353	8984892	6.72e-172	606	NT9_v2
AL6G40220	scaffold_2_RagTag	86.167	347	38	9	1064	1409	8996468	8996805	1.24e-99	366	NT9_v2
AL6G40220	scaffold_2_RagTag	85.397	315	39	6	1085	1397	9094532	9094841	9.81e-86	320	NT9_v2
AL6G40220	scaffold_2_RagTag	93.694	111	6	1	1	111	8984265	8984374	4.86e-39	165	NT9_v2
AL6G40220	scaffold_2_RagTag	93.636	110	6	1	2	111	8984893	8985001	1.75e-38	163	NT9_v2
AL6G40220	scaffold_2_RagTag	93.458	107	6	1	1	107	8810005	8809900	8.14e-37	158	NT9_v2
AL6G40220	scaffold_2_RagTag	82.514	183	12	13	1309	1483	9094849	9095019	2.28e-32	143	NT9_v2
AL6G40220	scaffold_2_RagTag	87.288	118	5	3	1365	1480	8996834	8996943	2.3e-27	126	NT9_v2
AL6G40220	scaffold_2_RagTag	91.765	85	6	1	23	107	8810027	8809944	1.38e-24	117	NT9_v2
AL6G40220	scaffold_2_RagTag	91.765	85	6	1	23	107	8984265	8984348	1.38e-24	117	NT9_v2
AL6G40220	scaffold_2_RagTag	91.667	84	6	1	24	107	8984893	8984975	4.97e-24	115	NT9_v2
AL6G40220	scaffold_2_RagTag	93.548	62	4	0	46	107	8984265	8984326	2.33e-17	93.5	NT9_v2
AL6G40220	scaffold_2_RagTag	93.443	61	4	0	47	107	8984893	8984953	8.37e-17	91.6	NT9_v2
AL6G40220	scaffold_2_RagTag	91.935	62	5	0	46	107	8810027	8809966	1.08e-15	87.9	NT9_v2
AL6G40220	scaffold_2_RagTag	95.556	45	1	1	1	45	8985068	8985111	1.09e-10	71.3	NT9_v2
AL6G40220	scaffold_2_RagTag	97.5	40	1	0	68	107	9036321	9036360	3.92e-10	69.4	NT9_v2
AL6G40220	scaffold_2_RagTag	93.182	44	2	1	21	64	9093530	9093572	1.83e-08	63.9	NT9_v2
AL2G20010	scaffold_2	96.231	1539	46	8	1	1536	13805656	13807185	0	2510	PU6_v3_fin
AL2G20010	scaffold_2	86.234	1293	106	35	538	1762	13889167	13887879	0	1336	PU6_v3_fin
AL2G20010	scaffold_2	91.441	923	76	2	614	1536	13909894	13908975	0	1264	PU6_v3_fin
AL2G20010	scaffold_2	87.444	892	92	14	598	1470	13808851	13809741	0	1009	PU6_v3_fin
AL2G20010	scaffold_2	98.428	509	6	2	1427	1934	13807120	13807627	0	894	PU6_v3_fin
AL2G20010	scaffold_2	87.762	286	27	3	1430	1714	13909037	13908759	7.48e-88	327	PU6_v3_fin
AL2G20010	scaffold_2	84.478	335	34	8	190	516	13910355	13910031	5.82e-84	315	PU6_v3_fin
AL2G20010	scaffold_2	78.869	336	38	11	190	517	13808448	13808758	2.2e-48	196	PU6_v3_fin
AL2G20010	scaffold_2	92	125	7	3	118	240	13910548	13910425	3.71e-41	172	PU6_v3_fin
AL2G20010	scaffold_2	89.516	124	13	0	1591	1714	13811348	13811471	1.04e-36	158	PU6_v3_fin
AL2G20010	scaffold_2	93.651	63	4	0	1474	1536	13909081	13909019	8.26e-18	95.3	PU6_v3_fin
AL2G20010	scaffold_2	90.909	66	6	0	1471	1536	13807076	13807141	3.84e-16	89.8	PU6_v3_fin
AL2G20010	scaffold_2	86.154	65	7	2	203	265	13808376	13808440	5.01e-10	69.4	PU6_v3_fin
AL2G20020	scaffold_2	90.944	1833	110	26	73	1860	13889664	13887843	0	2414	PU6_v3_fin
AL2G20020	scaffold_2	88.531	1212	79	26	603	1776	13909948	13908759	0	1413	PU6_v3_fin
AL2G20020	scaffold_2	93.991	932	52	2	600	1527	13808810	13809741	0	1408	PU6_v3_fin
AL2G20020	scaffold_2	84.465	1487	119	46	559	1975	13806181	13807625	0	1363	PU6_v3_fin
AL2G20020	scaffold_2	83.779	561	40	23	1	550	13808191	13808711	4.29e-135	484	PU6_v3_fin
AL2G20020	scaffold_2	91.111	315	20	5	242	550	13910390	13910078	1.23e-115	420	PU6_v3_fin
AL2G20020	scaffold_2	82.105	285	33	6	277	550	13805846	13806123	7.97e-58	228	PU6_v3_fin
AL2G20020	scaffold_2	96.226	53	2	0	1487	1539	13908993	13908941	1.41e-15	87.9	PU6_v3_fin
AL2G20020	scaffold_2	100	34	0	0	1484	1517	13908974	13908941	2.38e-08	63.9	PU6_v3_fin
AL2G20020	scaffold_2	100	29	0	0	321	349	13808404	13808432	1.43e-05	54.7	PU6_v3_fin
AL2G20030	scaffold_6	98.296	1174	14	5	2605	3773	13844895	13843723	0	2052	PU6_v3_fin
AL2G20030	scaffold_6	88.825	349	28	8	2753	3090	5763952	5763604	1.01e-114	418	PU6_v3_fin
AL2G20030	scaffold_6	88.596	342	27	7	2753	3082	25036290	25036631	7.88e-111	405	PU6_v3_fin
AL2G20030	scaffold_6	87.977	341	30	6	2753	3082	1201558	1201898	6.14e-107	392	PU6_v3_fin
AL2G20030	scaffold_6	88.554	332	27	8	2770	3090	8024842	8025173	6.14e-107	392	PU6_v3_fin
AL2G20030	scaffold_6	87.87	338	30	6	2754	3080	14100228	14100565	2.85e-105	387	PU6_v3_fin
AL2G20030	scaffold_6	86.464	362	36	8	2753	3101	12947095	12947456	1.03e-104	385	PU6_v3_fin
AL2G20030	scaffold_6	87.834	337	28	9	2753	3076	8077040	8077376	3.69e-104	383	PU6_v3_fin
AL2G20030	scaffold_6	86.957	345	34	6	2756	3089	1201508	1201164	1.72e-102	377	PU6_v3_fin
AL2G20030	scaffold_6	86.236	356	38	6	2753	3097	19192702	19192347	6.18e-102	375	PU6_v3_fin
AL2G20030	scaffold_6	86.842	342	33	6	2754	3083	13014236	13013895	7.99e-101	372	PU6_v3_fin
AL2G20030	scaffold_6	86.804	341	34	7	2753	3082	12791855	12792195	2.87e-100	370	PU6_v3_fin
AL2G20030	scaffold_6	87.048	332	31	9	2756	3076	19139602	19139272	1.34e-98	364	PU6_v3_fin
AL2G20030	scaffold_6	89.286	196	21	0	2894	3089	18339495	18339300	5.05e-63	246	PU6_v3_fin
AL2G20030	scaffold_6	77.885	416	73	8	3859	4260	1831060	1831470	2.35e-61	241	PU6_v3_fin
AL2G20030	scaffold_6	75.758	462	78	17	3869	4300	19211888	19211431	1.11e-49	202	PU6_v3_fin
AL2G20030	scaffold_6	98.649	74	1	0	3869	3942	13528695	13528622	1.48e-28	132	PU6_v3_fin
AL2G20030	scaffold_2	88.714	1019	89	12	161	1176	13808432	13809427	0	1221	PU6_v3_fin
AL2G20030	scaffold_2	87.548	1044	84	25	165	1181	13910367	13909343	0	1166	PU6_v3_fin
AL2G20030	scaffold_2	93.478	644	29	4	3869	4500	5498287	5497645	0	944	PU6_v3_fin
AL2G20030	scaffold_2	93.871	620	32	5	562	1181	13889131	13888518	0	929	PU6_v3_fin
AL2G20030	scaffold_2	91.446	643	21	5	3869	4500	16686368	16686987	0	852	PU6_v3_fin
AL2G20030	scaffold_2	94.737	475	23	2	4027	4500	7999214	7998741	0	737	PU6_v3_fin
AL2G20030	scaffold_2	83.788	623	71	21	601	1211	13806253	13806857	1.23e-158	564	PU6_v3_fin
AL2G20030	scaffold_2	88.783	419	28	11	1208	1617	13806718	13807126	4.55e-138	496	PU6_v3_fin
AL2G20030	scaffold_2	87.648	421	26	15	1208	1610	13809329	13809741	3.56e-129	466	PU6_v3_fin
AL2G20030	scaffold_2	86.885	427	30	13	1208	1620	13909445	13909031	7.72e-126	455	PU6_v3_fin
AL2G20030	scaffold_2	86.175	434	30	16	1208	1620	13888620	13888196	6.01e-122	442	PU6_v3_fin
AL2G20030	scaffold_2	89.535	344	20	11	2758	3089	15403280	15402941	7.83e-116	422	PU6_v3_fin
AL2G20030	scaffold_2	88.793	348	28	8	2753	3089	22419278	22419625	3.64e-114	416	PU6_v3_fin
AL2G20030	scaffold_2	87.571	354	31	9	2753	3093	6511897	6511544	1.32e-108	398	PU6_v3_fin
AL2G20030	scaffold_2	87.393	349	33	8	2753	3090	24898712	24898364	2.21e-106	390	PU6_v3_fin
AL2G20030	scaffold_2	87.87	338	29	6	2757	3082	302074	301737	2.85e-105	387	PU6_v3_fin
AL2G20030	scaffold_2	87.5	344	32	6	2753	3085	18097234	18096891	2.85e-105	387	PU6_v3_fin
AL2G20030	scaffold_2	87.5	336	31	6	2758	3082	18829563	18829898	1.72e-102	377	PU6_v3_fin
AL2G20030	scaffold_2	87.278	338	32	5	2753	3079	18185273	18184936	6.18e-102	375	PU6_v3_fin
AL2G20030	scaffold_2	87.349	332	31	6	2770	3090	17562270	17562601	2.87e-100	370	PU6_v3_fin
AL2G20030	scaffold_2	91.606	274	12	2	3865	4127	7999496	7999223	1.03e-99	368	PU6_v3_fin
AL2G20030	scaffold_2	85.915	355	36	10	2753	3094	16454984	16454631	3.72e-99	366	PU6_v3_fin
AL2G20030	scaffold_2	87.789	303	25	8	2753	3044	24219275	24218974	1.74e-92	344	PU6_v3_fin
AL2G20030	scaffold_2	81.538	455	41	25	53	491	13805737	13806164	1.05e-89	335	PU6_v3_fin
AL2G20030	scaffold_2	85.671	328	34	8	2754	3079	66219	65903	3.77e-89	333	PU6_v3_fin
AL2G20030	scaffold_2	88.476	269	23	4	2825	3085	21622912	21622644	1.06e-84	318	PU6_v3_fin
AL2G20030	scaffold_2	85.22	318	34	8	2761	3065	7750517	7750834	1.37e-83	315	PU6_v3_fin
AL2G20030	scaffold_2	83.987	306	40	8	4196	4497	16686988	16686688	1.07e-74	285	PU6_v3_fin
AL2G20030	scaffold_2	83.544	316	38	11	4192	4500	7998736	7999044	3.85e-74	283	PU6_v3_fin
AL2G20030	scaffold_2	87.008	254	24	6	2840	3085	15523308	15523056	1.79e-72	278	PU6_v3_fin
AL2G20030	scaffold_2	88.938	226	19	6	4278	4500	5497950	5497728	2.32e-71	274	PU6_v3_fin
AL2G20030	scaffold_2	82.911	316	40	12	4192	4500	5497640	5497948	8.34e-71	272	PU6_v3_fin
AL2G20030	scaffold_2	83.849	291	41	6	165	452	13889470	13889183	8.34e-71	272	PU6_v3_fin
AL2G20030	scaffold_2	88.496	226	21	5	4278	4500	7999046	7998823	1.08e-69	268	PU6_v3_fin
AL2G20030	scaffold_2	84.286	280	35	8	4183	4459	5497714	5497987	1.4e-68	265	PU6_v3_fin
AL2G20030	scaffold_2	82.792	308	41	11	4158	4459	7998782	7999083	1.4e-68	265	PU6_v3_fin
AL2G20030	scaffold_2	84.211	266	36	6	4153	4415	16686950	16686688	3.02e-65	254	PU6_v3_fin
AL2G20030	scaffold_2	86.266	233	23	7	4195	4423	16686765	16686992	1.82e-62	244	PU6_v3_fin
AL2G20030	scaffold_2	85.345	232	27	6	4195	4423	7998963	7998736	3.94e-59	233	PU6_v3_fin
AL2G20030	scaffold_2	85.455	220	28	4	4283	4500	16686688	16686905	6.59e-57	226	PU6_v3_fin
AL2G20030	scaffold_2	84.052	232	30	6	4195	4423	5497867	5497640	3.96e-54	217	PU6_v3_fin
AL2G20030	scaffold_2	76.134	419	70	13	3869	4260	19820603	19821018	6.68e-47	193	PU6_v3_fin
AL2G20030	scaffold_2	97.143	105	1	2	3770	3872	18786844	18786948	6.73e-42	176	PU6_v3_fin
AL2G20030	scaffold_2	98.02	101	0	2	3774	3872	3232425	3232525	2.42e-41	174	PU6_v3_fin
AL2G20030	scaffold_2	91.597	119	10	0	2973	3091	9074599	9074481	1.46e-38	165	PU6_v3_fin
AL2G20030	scaffold_2	80.556	216	35	4	4086	4296	24724140	24724353	6.77e-37	159	PU6_v3_fin
AL2G20030	scaffold_2	82.584	178	28	2	4158	4333	16686864	16686688	3.15e-35	154	PU6_v3_fin
AL2G20030	scaffold_2	79.255	188	30	8	4158	4340	7998920	7998737	8.89e-26	122	PU6_v3_fin
AL2G20030	scaffold_2	78.836	189	29	10	4158	4340	5497824	5497641	4.14e-24	117	PU6_v3_fin
AL2G20030	scaffold_2	79.032	186	28	10	4158	4337	16686808	16686988	4.14e-24	117	PU6_v3_fin
AL2G20030	scaffold_2	94.667	75	1	1	31	102	13808254	13808328	5.35e-23	113	PU6_v3_fin
AL2G20030	scaffold_2	81.982	111	10	6	44	147	13889661	13889554	1.17e-14	86.1	PU6_v3_fin
AL2G20030	scaffold_2	96	50	2	0	1571	1620	13888190	13888141	1.51e-13	82.4	PU6_v3_fin
AL2G20030	scaffold_2	94.34	53	3	0	1568	1620	13909017	13908965	1.51e-13	82.4	PU6_v3_fin
AL2G20030	scaffold_2	95.833	48	2	0	1570	1617	13807145	13807192	1.95e-12	78.7	PU6_v3_fin
AL2G20030	scaffold_2	97.561	41	1	0	1570	1610	13807189	13807229	3.27e-10	71.3	PU6_v3_fin
AL2G20030	scaffold_2	88.525	61	3	3	190	250	13808376	13808432	3.27e-10	71.3	PU6_v3_fin
AL2G20030	scaffold_8	92.703	740	20	9	1820	2554	214383	213673	0	1037	PU6_v3_fin
AL2G20030	scaffold_8	89.15	341	26	6	2753	3082	5135857	5136197	1.31e-113	414	PU6_v3_fin
AL2G20030	scaffold_8	88.663	344	28	8	2753	3085	20976851	20976508	6.09e-112	409	PU6_v3_fin
AL2G20030	scaffold_8	88.034	351	31	8	2753	3092	1607644	1607294	7.88e-111	405	PU6_v3_fin
AL2G20030	scaffold_8	87.64	356	32	8	2753	3096	5787702	5787347	2.83e-110	403	PU6_v3_fin
AL2G20030	scaffold_8	87.679	349	32	6	2753	3090	17129947	17129599	4.74e-108	396	PU6_v3_fin
AL2G20030	scaffold_8	87.5	352	33	6	2753	3093	20011235	20011586	4.74e-108	396	PU6_v3_fin
AL2G20030	scaffold_8	87.39	341	32	7	2753	3082	516555	516895	1.33e-103	381	PU6_v3_fin
AL2G20030	scaffold_8	87.179	312	29	6	2753	3053	16502383	16502072	1.74e-92	344	PU6_v3_fin
AL2G20030	scaffold_8	95.261	211	6	2	3563	3773	213355	213149	1.36e-88	331	PU6_v3_fin
AL2G20030	scaffold_8	76.57	414	73	10	3869	4260	13268886	13268475	8.58e-51	206	PU6_v3_fin
AL2G20030	scaffold_8	83.621	232	16	5	3087	3318	213557	213348	1.44e-48	198	PU6_v3_fin
AL2G20030	scaffold_8	90.84	131	12	0	2952	3082	11393167	11393297	6.73e-42	176	PU6_v3_fin
AL2G20030	scaffold_8	98.02	101	0	2	3774	3872	17757536	17757436	2.42e-41	174	PU6_v3_fin
AL2G20030	scaffold_8	94.118	102	5	1	2652	2752	213658	213557	3.15e-35	154	PU6_v3_fin
AL2G20030	scaffold_8	84.416	154	10	4	2754	2904	20876621	20876763	8.83e-31	139	PU6_v3_fin
AL2G20030	scaffold_8	93.478	46	3	0	3032	3077	5787357	5787312	1.17e-09	69.4	PU6_v3_fin
AL2G20030	scaffold_4	94.313	633	35	1	3869	4500	10161633	10161001	0	968	PU6_v3_fin
AL2G20030	scaffold_4	94.726	474	24	1	4027	4500	12303391	12302919	0	736	PU6_v3_fin
AL2G20030	scaffold_4	84.087	553	42	22	3888	4423	10581574	10582097	5.88e-137	492	PU6_v3_fin
AL2G20030	scaffold_4	88.352	352	30	6	2753	3093	23119366	23119015	4.71e-113	412	PU6_v3_fin
AL2G20030	scaffold_4	88.663	344	28	8	2753	3085	23495866	23495523	6.09e-112	409	PU6_v3_fin
AL2G20030	scaffold_4	88.563	341	28	6	2753	3082	23171085	23171425	2.83e-110	403	PU6_v3_fin
AL2G20030	scaffold_4	88.27	341	29	6	2753	3082	18622559	18622899	1.32e-108	398	PU6_v3_fin
AL2G20030	scaffold_4	87.39	341	32	5	2753	3082	12610274	12610614	1.33e-103	381	PU6_v3_fin
AL2G20030	scaffold_4	87.39	341	32	6	2756	3085	19446700	19446360	1.33e-103	381	PU6_v3_fin
AL2G20030	scaffold_4	86.286	350	37	7	2753	3091	4023250	4022901	2.87e-100	370	PU6_v3_fin
AL2G20030	scaffold_4	86.377	345	36	6	2752	3085	19757828	19757484	3.72e-99	366	PU6_v3_fin
AL2G20030	scaffold_4	90.706	269	13	3	3869	4125	12303669	12303401	1.35e-93	348	PU6_v3_fin
AL2G20030	scaffold_4	87.681	276	29	2	2809	3082	19657689	19657417	3.8e-84	316	PU6_v3_fin
AL2G20030	scaffold_4	84.127	315	37	10	4192	4500	12302914	12303221	6.4e-77	292	PU6_v3_fin
AL2G20030	scaffold_4	88.938	226	20	5	4278	4500	12303223	12303000	2.32e-71	274	PU6_v3_fin
AL2G20030	scaffold_4	88.496	226	21	5	4278	4500	10161307	10161084	1.08e-69	268	PU6_v3_fin
AL2G20030	scaffold_4	82.595	316	42	11	4192	4500	10160996	10161305	3.88e-69	267	PU6_v3_fin
AL2G20030	scaffold_4	83.871	279	39	6	4183	4459	10161070	10161344	1.81e-67	261	PU6_v3_fin
AL2G20030	scaffold_4	82.41	307	43	10	4158	4459	12302960	12303260	2.34e-66	257	PU6_v3_fin
AL2G20030	scaffold_4	84.914	232	27	6	4195	4423	12303140	12302914	1.83e-57	228	PU6_v3_fin
AL2G20030	scaffold_4	81.25	272	41	9	4158	4423	10161263	10160996	1.84e-52	211	PU6_v3_fin
AL2G20030	scaffold_4	97.143	105	1	2	3770	3872	3587040	3586936	6.73e-42	176	PU6_v3_fin
AL2G20030	scaffold_4	84.507	142	17	5	4195	4333	10582026	10581887	1.14e-29	135	PU6_v3_fin
AL2G20030	scaffold_4	79.144	187	31	7	4158	4340	12303097	12302915	8.89e-26	122	PU6_v3_fin
AL2G20030	scaffold_4	77.778	189	32	9	4158	4340	10161181	10160997	2.49e-21	108	PU6_v3_fin
AL2G20030	scaffold_4	87.5	72	7	2	4190	4261	10582030	10582099	1.51e-13	82.4	PU6_v3_fin
AL2G20030	scaffold_3	93.333	645	21	2	3867	4500	10681725	10682358	0	933	PU6_v3_fin
AL2G20030	scaffold_3	88.352	352	30	7	2753	3093	6214036	6213685	4.71e-113	412	PU6_v3_fin
AL2G20030	scaffold_3	88	350	31	6	2753	3091	10143503	10143852	2.83e-110	403	PU6_v3_fin
AL2G20030	scaffold_3	87.571	354	32	8	2753	3094	14448316	14448669	3.67e-109	399	PU6_v3_fin
AL2G20030	scaffold_3	87.896	347	31	7	2753	3088	13790010	13789664	1.32e-108	398	PU6_v3_fin
AL2G20030	scaffold_3	87.791	344	31	6	2753	3085	24112890	24112547	6.14e-107	392	PU6_v3_fin
AL2G20030	scaffold_3	87.216	352	34	5	2753	3093	7672723	7672372	2.21e-106	390	PU6_v3_fin
AL2G20030	scaffold_3	87.798	336	28	6	2753	3076	5657910	5658244	1.33e-103	381	PU6_v3_fin
AL2G20030	scaffold_3	89.701	301	19	6	2753	3043	14207121	14207419	2.22e-101	374	PU6_v3_fin
AL2G20030	scaffold_3	86.804	341	34	7	2753	3082	14046988	14047328	2.87e-100	370	PU6_v3_fin
AL2G20030	scaffold_3	87.346	324	29	8	2753	3065	4940023	4940345	1.73e-97	361	PU6_v3_fin
AL2G20030	scaffold_3	87.5	240	23	6	2763	2997	25134534	25134297	3e-70	270	PU6_v3_fin
AL2G20030	scaffold_3	83.442	308	29	10	4195	4497	10682360	10682070	3.88e-69	267	PU6_v3_fin
AL2G20030	scaffold_3	89.944	179	16	2	4246	4423	10682186	10682363	5.09e-58	230	PU6_v3_fin
AL2G20030	scaffold_3	80.656	305	42	11	4158	4459	10682317	10682027	3.06e-55	220	PU6_v3_fin
AL2G20030	scaffold_3	82.727	220	23	8	4283	4500	10682070	10682276	1.45e-43	182	PU6_v3_fin
AL2G20030	scaffold_3	98.02	101	0	2	3774	3872	7297373	7297473	2.42e-41	174	PU6_v3_fin
AL2G20030	scaffold_3	86.429	140	18	1	4195	4333	10682209	10682070	1.13e-34	152	PU6_v3_fin
AL2G20030	scaffold_3	82.55	149	19	6	4195	4340	10682218	10682362	2.47e-26	124	PU6_v3_fin
AL2G20030	scaffold_1	95.368	475	20	2	4027	4500	16042268	16041795	0	754	PU6_v3_fin
AL2G20030	scaffold_1	94.726	474	24	1	4027	4500	27109686	27109214	0	736	PU6_v3_fin
AL2G20030	scaffold_1	88.352	352	30	6	2753	3093	30848900	30848549	4.71e-113	412	PU6_v3_fin
AL2G20030	scaffold_1	88.081	344	30	8	2753	3085	28959074	28958731	1.32e-108	398	PU6_v3_fin
AL2G20030	scaffold_1	87.5	352	33	7	2753	3093	1692031	1692382	4.74e-108	396	PU6_v3_fin
AL2G20030	scaffold_1	87.464	351	33	6	2753	3092	24729158	24729508	1.71e-107	394	PU6_v3_fin
AL2G20030	scaffold_1	87.87	338	36	4	2755	3089	3581637	3581302	6.14e-107	392	PU6_v3_fin
AL2G20030	scaffold_1	87.977	341	30	7	2753	3082	7021413	7021073	6.14e-107	392	PU6_v3_fin
AL2G20030	scaffold_1	87.977	341	30	6	2753	3082	12485694	12486034	6.14e-107	392	PU6_v3_fin
AL2G20030	scaffold_1	87.216	352	34	6	2753	3093	25297417	25297066	2.21e-106	390	PU6_v3_fin
AL2G20030	scaffold_1	87.252	353	30	7	2753	3090	17679322	17679674	7.94e-106	388	PU6_v3_fin
AL2G20030	scaffold_1	86.932	352	34	7	2753	3092	4724782	4724431	1.03e-104	385	PU6_v3_fin
AL2G20030	scaffold_1	87.39	341	32	6	2753	3082	4622348	4622688	1.33e-103	381	PU6_v3_fin
AL2G20030	scaffold_1	87.097	341	33	6	2753	3082	2958737	2959077	6.18e-102	375	PU6_v3_fin
AL2G20030	scaffold_1	91.241	274	12	3	3866	4127	27109968	27109695	4.81e-98	363	PU6_v3_fin
AL2G20030	scaffold_1	91.481	270	12	2	3869	4127	16042546	16042277	1.73e-97	361	PU6_v3_fin
AL2G20030	scaffold_1	87.013	308	28	7	2753	3049	17648842	17648536	2.92e-90	337	PU6_v3_fin
AL2G20030	scaffold_1	92.05	239	18	1	3319	3557	4856671	4856434	1.05e-89	335	PU6_v3_fin
AL2G20030	scaffold_1	88.172	279	25	5	2826	3096	26787660	26787382	6.31e-87	326	PU6_v3_fin
AL2G20030	scaffold_1	90.83	229	18	1	3333	3558	13516235	13516007	2.96e-80	303	PU6_v3_fin
AL2G20030	scaffold_1	83.861	316	37	11	4192	4500	16041790	16042098	8.28e-76	289	PU6_v3_fin
AL2G20030	scaffold_1	83.81	315	39	10	4192	4500	27109209	27109517	8.28e-76	289	PU6_v3_fin
AL2G20030	scaffold_1	89.381	226	19	5	4278	4500	27109519	27109296	4.98e-73	279	PU6_v3_fin
AL2G20030	scaffold_1	83.442	308	39	11	4158	4459	16041836	16042137	6.45e-72	276	PU6_v3_fin
AL2G20030	scaffold_1	88.938	226	20	5	4278	4500	16042100	16041877	2.32e-71	274	PU6_v3_fin
AL2G20030	scaffold_1	83.062	307	42	9	4158	4459	27109255	27109556	3e-70	270	PU6_v3_fin
AL2G20030	scaffold_1	88.732	213	24	0	2884	3096	18972634	18972422	1.81e-67	261	PU6_v3_fin
AL2G20030	scaffold_1	85.345	232	27	6	4195	4423	27109436	27109209	3.94e-59	233	PU6_v3_fin
AL2G20030	scaffold_1	84.914	232	28	6	4195	4423	16042017	16041790	1.83e-57	228	PU6_v3_fin
AL2G20030	scaffold_1	75.845	414	68	13	3869	4260	17833291	17833694	1.45e-43	182	PU6_v3_fin
AL2G20030	scaffold_1	83.696	184	26	4	4158	4338	27109337	27109519	3.13e-40	171	PU6_v3_fin
AL2G20030	scaffold_1	97.917	96	0	2	3774	3868	7906131	7906037	1.46e-38	165	PU6_v3_fin
AL2G20030	scaffold_1	96	100	1	3	3776	3872	29714657	29714558	6.77e-37	159	PU6_v3_fin
AL2G20030	scaffold_1	79.817	218	35	6	4086	4297	4689089	4689303	4.08e-34	150	PU6_v3_fin
AL2G20030	scaffold_1	92.233	103	6	2	3773	3873	30462817	30462919	1.9e-32	145	PU6_v3_fin
AL2G20030	scaffold_1	83.448	145	17	6	4360	4500	27109519	27109378	1.91e-27	128	PU6_v3_fin
AL2G20030	scaffold_1	79.255	188	30	8	4158	4340	16041974	16041791	8.89e-26	122	PU6_v3_fin
AL2G20030	scaffold_1	79.255	188	30	8	4158	4340	27109393	27109210	8.89e-26	122	PU6_v3_fin
AL2G20030	scaffold_1	88.776	98	10	1	2992	3089	26498821	26498917	1.15e-24	119	PU6_v3_fin
AL2G20030	scaffold_1	75.949	237	34	11	4024	4260	26586225	26586438	4.16e-19	100	PU6_v3_fin
AL2G20030	scaffold_5	91.005	567	26	5	3869	4423	14079385	14079938	0	741	PU6_v3_fin
AL2G20030	scaffold_5	88.857	350	28	8	2753	3091	13054812	13054463	2.81e-115	420	PU6_v3_fin
AL2G20030	scaffold_5	88.563	341	28	6	2749	3078	13635708	13635368	2.83e-110	403	PU6_v3_fin
AL2G20030	scaffold_5	87.977	341	30	6	2753	3082	19031797	19032137	6.14e-107	392	PU6_v3_fin
AL2G20030	scaffold_5	87.143	350	34	6	2753	3091	20255898	20255549	2.85e-105	387	PU6_v3_fin
AL2G20030	scaffold_5	86.932	352	35	6	2753	3093	17088842	17089193	1.03e-104	385	PU6_v3_fin
AL2G20030	scaffold_5	87.574	338	31	6	2753	3079	14283802	14284139	1.33e-103	381	PU6_v3_fin
AL2G20030	scaffold_5	87.209	344	33	6	2753	3085	17004381	17004038	1.33e-103	381	PU6_v3_fin
AL2G20030	scaffold_5	89.091	220	20	4	4283	4500	14079716	14079933	3e-70	270	PU6_v3_fin
AL2G20030	scaffold_5	86.486	222	27	3	4195	4415	14079935	14079716	2.35e-61	241	PU6_v3_fin
AL2G20030	scaffold_5	89.831	177	14	3	2920	3093	18037381	18037556	2.37e-56	224	PU6_v3_fin
AL2G20030	scaffold_5	84	225	28	7	4277	4497	14079936	14079716	6.63e-52	209	PU6_v3_fin
AL2G20030	scaffold_5	90.141	142	11	2	2942	3082	17015595	17015734	1.45e-43	182	PU6_v3_fin
AL2G20030	scaffold_5	84.831	178	24	3	4158	4333	14079892	14079716	6.73e-42	176	PU6_v3_fin
AL2G20030	scaffold_5	94.059	101	3	3	3774	3872	17771190	17771289	4.08e-34	150	PU6_v3_fin
AL2G20030	scaffold_5	84.173	139	16	5	4365	4500	14079716	14079851	5.31e-28	130	PU6_v3_fin
AL2G20030	scaffold_5	82.667	150	17	8	4195	4340	14079793	14079937	2.47e-26	124	PU6_v3_fin
AL2G20030	scaffold_5	87.129	101	13	0	2993	3093	17170895	17170995	1.49e-23	115	PU6_v3_fin
AL2G20030	scaffold_7	93.882	474	29	0	4027	4500	27609165	27609638	0	715	PU6_v3_fin
AL2G20030	scaffold_7	81.552	683	60	37	3866	4500	27608892	27609556	2.72e-140	503	PU6_v3_fin
AL2G20030	scaffold_7	89.286	336	31	3	2753	3085	15168877	15168544	3.64e-114	416	PU6_v3_fin
AL2G20030	scaffold_7	88.571	350	29	8	2753	3091	13090244	13090593	1.31e-113	414	PU6_v3_fin
AL2G20030	scaffold_7	88.081	344	30	6	2753	3085	13703702	13703359	1.32e-108	398	PU6_v3_fin
AL2G20030	scaffold_7	87.535	353	33	6	2753	3094	28962683	28963035	1.32e-108	398	PU6_v3_fin
AL2G20030	scaffold_7	87.679	349	32	6	2753	3090	10744602	10744254	4.74e-108	396	PU6_v3_fin
AL2G20030	scaffold_7	86.835	357	33	9	2753	3096	306893	306538	2.85e-105	387	PU6_v3_fin
AL2G20030	scaffold_7	87.683	341	31	6	2753	3082	9114199	9114539	2.85e-105	387	PU6_v3_fin
AL2G20030	scaffold_7	87.353	340	38	3	2753	3089	1481571	1481908	1.03e-104	385	PU6_v3_fin
AL2G20030	scaffold_7	87.069	348	34	5	2753	3089	22612523	22612176	3.69e-104	383	PU6_v3_fin
AL2G20030	scaffold_7	87.069	348	34	6	2753	3089	27229839	27230186	3.69e-104	383	PU6_v3_fin
AL2G20030	scaffold_7	86.895	351	33	6	2754	3091	18422720	18423070	1.33e-103	381	PU6_v3_fin
AL2G20030	scaffold_7	86.804	341	34	6	2753	3082	4337920	4337580	2.87e-100	370	PU6_v3_fin
AL2G20030	scaffold_7	86.286	350	37	7	2753	3091	22870186	22869837	2.87e-100	370	PU6_v3_fin
AL2G20030	scaffold_7	88.217	314	26	7	2780	3082	6414696	6415009	1.34e-98	364	PU6_v3_fin
AL2G20030	scaffold_7	86.51	341	35	7	2753	3082	11385585	11385925	1.34e-98	364	PU6_v3_fin
AL2G20030	scaffold_7	87.919	298	25	6	2753	3039	23960263	23959966	2.25e-91	340	PU6_v3_fin
AL2G20030	scaffold_7	85.583	326	35	7	2753	3066	18954279	18953954	1.36e-88	331	PU6_v3_fin
AL2G20030	scaffold_7	87.162	296	27	8	2755	3039	15272592	15272887	6.31e-87	326	PU6_v3_fin
AL2G20030	scaffold_7	87.546	273	31	3	4230	4500	27609450	27609721	4.91e-83	313	PU6_v3_fin
AL2G20030	scaffold_7	82.903	310	45	8	4195	4500	27609640	27609335	8.34e-71	272	PU6_v3_fin
AL2G20030	scaffold_7	82.41	307	44	8	4158	4459	27609597	27609296	6.49e-67	259	PU6_v3_fin
AL2G20030	scaffold_7	81.387	274	37	12	4158	4423	27609459	27609726	1.84e-52	211	PU6_v3_fin
AL2G20030	scaffold_7	90.604	149	14	0	2934	3082	5450661	5450809	1.44e-48	198	PU6_v3_fin
AL2G20030	scaffold_7	87.952	166	17	1	2899	3064	427396	427234	6.68e-47	193	PU6_v3_fin
AL2G20030	scaffold_7	78.413	315	46	18	4195	4498	27609723	27609420	1.12e-44	185	PU6_v3_fin
AL2G20030	scaffold_7	98.02	101	0	2	3774	3872	9532508	9532408	2.42e-41	174	PU6_v3_fin
AL2G20030	scaffold_7	78.421	190	29	10	4158	4340	27609541	27609725	5.35e-23	113	PU6_v3_fin
AL2G20070	scaffold_2	95.37	1123	33	8	197	1314	13808432	13809540	0	1768	PU6_v3_fin
AL2G20070	scaffold_2	86.934	1148	97	26	201	1314	13910367	13909239	0	1240	PU6_v3_fin
AL2G20070	scaffold_2	93.443	732	36	6	589	1314	13889131	13888406	0	1075	PU6_v3_fin
AL2G20070	scaffold_2	86.416	692	63	19	628	1314	13806253	13806918	0	728	PU6_v3_fin
AL2G20070	scaffold_2	92.44	291	16	6	201	488	13889470	13889183	5.04e-113	411	PU6_v3_fin
AL2G20070	scaffold_2	79.449	472	52	25	80	534	13805728	13806171	1.9e-77	292	PU6_v3_fin
AL2G20070	scaffold_2	98.551	138	2	0	1	138	13808191	13808328	5.4e-63	244	PU6_v3_fin
AL2G20070	scaffold_2	83.495	103	7	6	88	183	13889653	13889554	9.64e-16	87.9	PU6_v3_fin
AL2G20070	scaffold_2	88.525	61	3	3	226	286	13808376	13808432	9.71e-11	71.3	PU6_v3_fin
AL2G20200	scaffold_2	91.732	1524	68	22	416	1905	13908975	13910474	0	2063	PU6_v3_fin
AL2G20200	scaffold_2	94.281	1329	37	10	117	1410	13887807	13889131	0	1997	PU6_v3_fin
AL2G20200	scaffold_2	90.616	1332	94	13	482	1804	13809741	13808432	0	1738	PU6_v3_fin
AL2G20200	scaffold_2	88.241	961	80	12	416	1371	13807185	13806253	0	1118	PU6_v3_fin
AL2G20200	scaffold_2	84.299	535	54	20	1	530	13807625	13807116	1.91e-138	496	PU6_v3_fin
AL2G20200	scaffold_2	90.446	314	26	4	1511	1821	13889183	13889495	7.11e-113	411	PU6_v3_fin
AL2G20200	scaffold_2	89.42	293	23	3	239	530	13908759	13909044	2.02e-98	363	PU6_v3_fin
AL2G20200	scaffold_2	83.582	335	34	10	1465	1786	13806171	13805845	7.47e-78	294	PU6_v3_fin
AL2G20200	scaffold_2	97.345	113	2	1	16	127	13882646	13882758	1.01e-46	191	PU6_v3_fin
AL2G20200	scaffold_2	90.323	124	11	1	239	361	13811471	13811348	7.91e-38	161	PU6_v3_fin
AL2G20200	scaffold_2	83.673	98	12	4	69	164	13908662	13908757	3.78e-16	89.8	PU6_v3_fin
AL2G20200	scaffold_2	83.505	97	12	4	69	163	13811569	13811475	1.36e-15	87.9	PU6_v3_fin
AL2G20200	scaffold_2	93.22	59	3	1	472	530	13908943	13909000	4.9e-15	86.1	PU6_v3_fin
AL2G20200	scaffold_2	92	50	2	2	482	530	13908930	13908978	4.93e-10	69.4	PU6_v3_fin
AL2G20200	scaffold_2	95.122	41	2	0	438	478	13809741	13809701	6.38e-09	65.8	PU6_v3_fin
AL6G40220	scaffold_2	87.258	1444	108	41	1	1396	13908975	13910390	0	1578	PU6_v3_fin
AL6G40220	scaffold_2	87.481	1334	117	20	68	1375	13809741	13808432	0	1493	PU6_v3_fin
AL6G40220	scaffold_2	88.648	1013	67	19	1	974	13888128	13889131	0	1190	PU6_v3_fin
AL6G40220	scaffold_2	86.646	951	93	23	1	935	13807185	13806253	0	1022	PU6_v3_fin
AL6G40220	scaffold_2	82.444	450	36	22	1039	1461	13806170	13805737	9.62e-96	353	PU6_v3_fin
AL6G40220	scaffold_2	82.84	169	11	11	1309	1470	13889504	13889661	3.79e-30	135	PU6_v3_fin
AL6G40220	scaffold_2	80.788	203	10	13	1286	1483	13808432	13808254	4.91e-29	132	PU6_v3_fin
AL6G40220	scaffold_2	94.118	85	4	1	23	107	13807229	13807146	6.35e-28	128	PU6_v3_fin
AL6G40220	scaffold_2	93.103	87	4	2	23	108	13888106	13888191	2.28e-27	126	PU6_v3_fin
AL2G20010	scaffold_2_RagTag	94.249	1965	55	17	1	1934	12393989	12395926	0	2950	TE11_v2
AL2G20010	scaffold_2_RagTag	86.144	1364	139	31	614	1934	12545198	12543842	0	1426	TE11_v2
AL2G20010	scaffold_2_RagTag	89.036	1131	99	20	599	1714	12398507	12399627	0	1378	TE11_v2
AL2G20010	scaffold_2_RagTag	83.333	336	34	10	190	517	12545628	12545307	9.71e-77	291	TE11_v2
AL2G20010	scaffold_2_RagTag	92.683	123	8	1	118	240	12545819	12545698	2.84e-42	176	TE11_v2
AL2G20010	scaffold_2_RagTag	91.111	45	4	0	1492	1536	12399343	12399387	8.29e-08	62.1	TE11_v2
AL2G20020	scaffold_2_RagTag	90.144	1806	102	30	1	1776	12397868	12399627	0	2279	TE11_v2
AL2G20020	scaffold_2_RagTag	89.758	1279	96	17	603	1860	12545252	12543988	0	1604	TE11_v2
AL2G20020	scaffold_2_RagTag	85.205	1460	121	40	567	1975	12394509	12395924	0	1411	TE11_v2
AL2G20020	scaffold_2_RagTag	90.705	312	24	4	242	550	12545663	12545354	7.3e-113	411	TE11_v2
AL2G20020	scaffold_2_RagTag	81.979	283	35	5	277	550	12394179	12394454	2.84e-57	226	TE11_v2
AL2G20020	scaffold_2_RagTag	92.982	57	4	0	1553	1609	12399362	12399418	1.81e-14	84.2	TE11_v2
AL2G20020	scaffold_2_RagTag	89.394	66	4	3	1552	1616	12544366	12544303	2.34e-13	80.5	TE11_v2
AL2G20030	scaffold_6_RagTag	98.295	1173	14	5	2605	3773	14346059	14344889	0	2050	TE11_v2
AL2G20030	scaffold_6_RagTag	94.444	468	25	1	4027	4494	23549113	23549579	0	719	TE11_v2
AL2G20030	scaffold_6_RagTag	87.784	352	32	6	2753	3093	7605394	7605043	1.01e-109	401	TE11_v2
AL2G20030	scaffold_6_RagTag	88.27	341	29	8	2753	3082	10033730	10034070	1.3e-108	398	TE11_v2
AL2G20030	scaffold_6_RagTag	87.143	350	34	6	2753	3091	24682015	24682364	2.82e-105	387	TE11_v2
AL2G20030	scaffold_6_RagTag	86.932	352	34	7	2757	3096	7605819	7606170	1.02e-104	385	TE11_v2
AL2G20030	scaffold_6_RagTag	86.842	342	33	6	2754	3083	13599288	13598947	7.91e-101	372	TE11_v2
AL2G20030	scaffold_6_RagTag	87.048	332	31	9	2756	3076	19783330	19783000	1.32e-98	364	TE11_v2
AL2G20030	scaffold_6_RagTag	85.632	348	37	7	2756	3092	8071836	8071491	2.86e-95	353	TE11_v2
AL2G20030	scaffold_6_RagTag	90.11	273	15	3	3865	4125	23548831	23549103	1.72e-92	344	TE11_v2
AL2G20030	scaffold_6_RagTag	84.228	298	39	8	4207	4500	23549576	23549283	3.81e-74	283	TE11_v2
AL2G20030	scaffold_6_RagTag	88.938	226	20	5	4278	4500	23549281	23549504	2.29e-71	274	TE11_v2
AL2G20030	scaffold_6_RagTag	82.353	306	45	9	4158	4459	23549544	23549244	2.31e-66	257	TE11_v2
AL2G20030	scaffold_6_RagTag	84.052	232	29	6	4195	4423	23549364	23549590	3.92e-54	217	TE11_v2
AL2G20030	scaffold_6_RagTag	76.978	417	67	15	3869	4260	6707888	6708300	1.82e-52	211	TE11_v2
AL2G20030	scaffold_6_RagTag	98.02	101	0	2	3774	3872	10122300	10122200	2.39e-41	174	TE11_v2
AL2G20030	scaffold_6_RagTag	100	29	0	0	4231	4259	23563707	23563679	3.25e-05	54.7	TE11_v2
AL2G20030	scaffold_2_RagTag	89.951	1025	80	14	165	1181	12545640	12544631	0	1301	TE11_v2
AL2G20030	scaffold_2_RagTag	92.432	621	38	4	562	1181	12398468	12399080	0	878	TE11_v2
AL2G20030	scaffold_2_RagTag	83.871	620	73	20	601	1211	12394570	12395171	3.38e-159	566	TE11_v2
AL2G20030	scaffold_2_RagTag	88.756	418	31	9	1208	1620	12395036	12395442	1.25e-138	497	TE11_v2
AL2G20030	scaffold_2_RagTag	88.028	426	27	14	1208	1617	12398977	12399394	3.5e-134	483	TE11_v2
AL2G20030	scaffold_2_RagTag	85.55	436	31	16	1208	1620	12544733	12544307	1.66e-117	427	TE11_v2
AL2G20030	scaffold_2_RagTag	87.966	349	31	8	2753	3090	14121736	14122084	1.01e-109	401	TE11_v2
AL2G20030	scaffold_2_RagTag	88.955	335	21	11	2758	3080	14078925	14078595	3.63e-109	399	TE11_v2
AL2G20030	scaffold_2_RagTag	87.714	350	32	6	2753	3091	11604887	11604538	1.3e-108	398	TE11_v2
AL2G20030	scaffold_2_RagTag	87.644	348	32	7	2753	3089	7320175	7319828	1.69e-107	394	TE11_v2
AL2G20030	scaffold_2_RagTag	87.941	340	30	6	2753	3081	5499366	5499705	2.18e-106	390	TE11_v2
AL2G20030	scaffold_2_RagTag	87.647	340	30	8	2753	3080	20009406	20009745	1.02e-104	385	TE11_v2
AL2G20030	scaffold_2_RagTag	86.15	361	36	9	2753	3101	3835209	3834851	1.7e-102	377	TE11_v2
AL2G20030	scaffold_2_RagTag	81.236	453	44	25	53	491	12394070	12394495	1.74e-87	327	TE11_v2
AL2G20030	scaffold_2_RagTag	90	240	22	1	2840	3079	78166	77929	6.29e-82	309	TE11_v2
AL2G20030	scaffold_2_RagTag	83.219	292	38	4	222	502	12398180	12398471	2.31e-66	257	TE11_v2
AL2G20030	scaffold_2_RagTag	76.442	416	71	13	3869	4260	11491724	11492136	3.95e-49	200	TE11_v2
AL2G20030	scaffold_2_RagTag	75.181	415	65	16	3869	4260	2887938	2888337	1.86e-37	161	TE11_v2
AL2G20030	scaffold_2_RagTag	75.354	353	63	10	3930	4260	9186915	9186565	1.45e-33	148	TE11_v2
AL2G20030	scaffold_2_RagTag	91.011	89	8	0	3003	3091	8749196	8749108	3.16e-25	121	TE11_v2
AL2G20030	scaffold_3_RagTag	94.729	645	23	1	3867	4500	10089361	10090005	0	992	TE11_v2
AL2G20030	scaffold_3_RagTag	94.947	475	22	2	4027	4500	22416078	22416551	0	743	TE11_v2
AL2G20030	scaffold_3_RagTag	88.252	349	30	7	2753	3090	12913140	12913488	2.17e-111	407	TE11_v2
AL2G20030	scaffold_3_RagTag	86.685	368	36	8	2735	3090	19624575	19624941	4.69e-108	396	TE11_v2
AL2G20030	scaffold_3_RagTag	86.969	353	36	6	2753	3095	22595360	22595712	7.85e-106	388	TE11_v2
AL2G20030	scaffold_3_RagTag	90.033	301	18	6	2753	3043	13460893	13461191	4.73e-103	379	TE11_v2
AL2G20030	scaffold_3_RagTag	87.463	335	30	7	2753	3076	5436642	5436975	6.11e-102	375	TE11_v2
AL2G20030	scaffold_3_RagTag	87.097	341	33	6	2753	3082	14051794	14052134	6.11e-102	375	TE11_v2
AL2G20030	scaffold_3_RagTag	92.222	270	10	2	3869	4127	22415800	22416069	7.91e-101	372	TE11_v2
AL2G20030	scaffold_3_RagTag	86.804	341	34	6	2753	3082	12912642	12912982	2.84e-100	370	TE11_v2
AL2G20030	scaffold_3_RagTag	88.214	280	24	5	2822	3092	22762199	22761920	6.24e-87	326	TE11_v2
AL2G20030	scaffold_3_RagTag	84.691	307	38	8	4195	4497	10090007	10089706	1.36e-78	298	TE11_v2
AL2G20030	scaffold_3_RagTag	83.601	311	41	10	4195	4500	22416553	22416248	3.81e-74	283	TE11_v2
AL2G20030	scaffold_3_RagTag	88.496	226	21	5	4278	4500	22416246	22416469	1.07e-69	268	TE11_v2
AL2G20030	scaffold_3_RagTag	82.68	306	45	8	4158	4459	10089964	10089663	1.38e-68	265	TE11_v2
AL2G20030	scaffold_3_RagTag	82.736	307	43	10	4158	4459	22416510	22416209	1.38e-68	265	TE11_v2
AL2G20030	scaffold_3_RagTag	87.5	232	22	6	4195	4423	10089783	10090010	1.79e-67	261	TE11_v2
AL2G20030	scaffold_3_RagTag	86.364	220	26	4	4283	4500	10089706	10089923	3.01e-60	237	TE11_v2
AL2G20030	scaffold_3_RagTag	84.914	232	28	6	4195	4423	22416329	22416556	1.81e-57	228	TE11_v2
AL2G20030	scaffold_3_RagTag	98.02	101	0	2	3774	3872	1279746	1279646	2.39e-41	174	TE11_v2
AL2G20030	scaffold_3_RagTag	98.02	101	0	2	3774	3872	21418882	21418982	2.39e-41	174	TE11_v2
AL2G20030	scaffold_3_RagTag	97.03	101	1	2	3774	3872	6980824	6980924	1.11e-39	169	TE11_v2
AL2G20030	scaffold_3_RagTag	83.146	178	27	2	4158	4333	10089882	10089706	6.7e-37	159	TE11_v2
AL2G20030	scaffold_3_RagTag	79.787	188	29	8	4158	4340	10089826	10090009	1.89e-27	128	TE11_v2
AL2G20030	scaffold_3_RagTag	81.579	152	21	6	4192	4340	22416408	22416555	1.14e-24	119	TE11_v2
AL2G20030	scaffold_8_RagTag	94.216	657	15	6	1902	2554	206300	205663	0	981	TE11_v2
AL2G20030	scaffold_8_RagTag	94.726	474	24	1	4027	4500	4329778	4330250	0	736	TE11_v2
AL2G20030	scaffold_8_RagTag	89.181	342	24	8	2753	3082	4989595	4989935	1.3e-113	414	TE11_v2
AL2G20030	scaffold_8_RagTag	88.63	343	27	8	2752	3082	21925818	21925476	2.17e-111	407	TE11_v2
AL2G20030	scaffold_8_RagTag	88.372	344	29	6	2753	3085	4634290	4633947	2.8e-110	403	TE11_v2
AL2G20030	scaffold_8_RagTag	86.944	337	33	5	2753	3078	3297110	3296774	1.02e-99	368	TE11_v2
AL2G20030	scaffold_8_RagTag	87.654	324	29	5	2770	3082	11264605	11264282	3.68e-99	366	TE11_v2
AL2G20030	scaffold_8_RagTag	86.51	341	35	7	2753	3082	4786366	4786026	1.32e-98	364	TE11_v2
AL2G20030	scaffold_8_RagTag	86.176	340	37	5	2753	3082	21925841	21926180	6.16e-97	359	TE11_v2
AL2G20030	scaffold_8_RagTag	90.706	269	12	4	3869	4125	4329501	4329768	4.79e-93	346	TE11_v2
AL2G20030	scaffold_8_RagTag	85.417	336	35	7	2756	3077	5840535	5840200	2.88e-90	337	TE11_v2
AL2G20030	scaffold_8_RagTag	95.261	211	6	2	3563	3773	205345	205139	1.34e-88	331	TE11_v2
AL2G20030	scaffold_8_RagTag	84.194	310	40	9	4195	4500	4330252	4329948	6.33e-77	292	TE11_v2
AL2G20030	scaffold_8_RagTag	88	250	24	5	3319	3562	16453361	16453610	2.28e-76	291	TE11_v2
AL2G20030	scaffold_8_RagTag	88.496	226	21	5	4278	4500	4329946	4330169	1.07e-69	268	TE11_v2
AL2G20030	scaffold_8_RagTag	82.353	306	45	9	4158	4459	4330209	4329909	2.31e-66	257	TE11_v2
AL2G20030	scaffold_8_RagTag	84.914	232	27	6	4195	4423	4330029	4330255	1.81e-57	228	TE11_v2
AL2G20030	scaffold_8_RagTag	75.93	457	79	15	3869	4297	15876659	15877112	8.49e-51	206	TE11_v2
AL2G20030	scaffold_8_RagTag	83.621	232	16	5	3087	3318	205547	205338	1.42e-48	198	TE11_v2
AL2G20030	scaffold_8_RagTag	78.187	353	41	17	2754	3082	21982699	21983039	6.61e-47	193	TE11_v2
AL2G20030	scaffold_8_RagTag	95.098	102	4	1	2652	2752	205648	205547	6.7e-37	159	TE11_v2
AL2G20030	scaffold_8_RagTag	79.144	187	31	7	4158	4340	4330072	4330254	8.79e-26	122	TE11_v2
AL2G20030	scaffold_8_RagTag	97.872	47	1	0	1845	1891	206337	206291	1.49e-13	82.4	TE11_v2
AL2G20030	scaffold_1_RagTag	93.012	644	32	4	3869	4500	31037182	31037824	0	928	TE11_v2
AL2G20030	scaffold_1_RagTag	92.702	644	35	3	3869	4500	18608388	18607745	0	918	TE11_v2
AL2G20030	scaffold_1_RagTag	94.726	474	25	0	4027	4500	8220800	8220327	0	737	TE11_v2
AL2G20030	scaffold_1_RagTag	88.636	352	29	8	2753	3093	19664612	19664261	1e-114	418	TE11_v2
AL2G20030	scaffold_1_RagTag	88.385	353	29	7	2753	3093	9985877	9986229	1.3e-113	414	TE11_v2
AL2G20030	scaffold_1_RagTag	88.539	349	29	6	2753	3090	31634893	31635241	4.66e-113	412	TE11_v2
AL2G20030	scaffold_1_RagTag	88.319	351	29	7	2753	3091	197504	197854	1.68e-112	411	TE11_v2
AL2G20030	scaffold_1_RagTag	88.068	352	31	5	2753	3093	16775588	16775939	2.17e-111	407	TE11_v2
AL2G20030	scaffold_1_RagTag	88.563	341	26	10	2753	3081	25432447	25432108	1.01e-109	401	TE11_v2
AL2G20030	scaffold_1_RagTag	87.931	348	30	8	2753	3088	16667324	16666977	3.63e-109	399	TE11_v2
AL2G20030	scaffold_1_RagTag	88.081	344	30	7	2753	3085	25407506	25407163	1.3e-108	398	TE11_v2
AL2G20030	scaffold_1_RagTag	88.081	344	30	7	2753	3085	25417510	25417167	1.3e-108	398	TE11_v2
AL2G20030	scaffold_1_RagTag	87.115	357	32	9	2754	3099	14373361	14373008	6.07e-107	392	TE11_v2
AL2G20030	scaffold_1_RagTag	87.791	344	31	7	2753	3085	25397517	25397174	6.07e-107	392	TE11_v2
AL2G20030	scaffold_1_RagTag	87.647	340	31	7	2754	3082	26867654	26867993	1.02e-104	385	TE11_v2
AL2G20030	scaffold_1_RagTag	87.316	339	38	4	2754	3089	3574460	3574124	3.65e-104	383	TE11_v2
AL2G20030	scaffold_1_RagTag	87.427	342	31	8	2753	3082	6521016	6521357	3.65e-104	383	TE11_v2
AL2G20030	scaffold_1_RagTag	87.427	342	31	8	2753	3082	6547043	6547384	3.65e-104	383	TE11_v2
AL2G20030	scaffold_1_RagTag	87.021	339	34	5	2753	3081	8671038	8670700	2.2e-101	374	TE11_v2
AL2G20030	scaffold_1_RagTag	92.222	270	10	2	3869	4127	8221078	8220809	7.91e-101	372	TE11_v2
AL2G20030	scaffold_1_RagTag	90.476	252	17	6	3319	3564	7964803	7964553	6.24e-87	326	TE11_v2
AL2G20030	scaffold_1_RagTag	90.749	227	20	1	3333	3558	13262492	13262266	1.05e-79	302	TE11_v2
AL2G20030	scaffold_1_RagTag	83.81	315	39	10	4192	4500	8220322	8220630	8.19e-76	289	TE11_v2
AL2G20030	scaffold_1_RagTag	89.381	226	19	5	4278	4500	8220632	8220409	4.93e-73	279	TE11_v2
AL2G20030	scaffold_1_RagTag	89.333	225	21	3	4278	4500	31037518	31037741	4.93e-73	279	TE11_v2
AL2G20030	scaffold_1_RagTag	88.938	226	20	5	4278	4500	18608051	18607828	2.29e-71	274	TE11_v2
AL2G20030	scaffold_1_RagTag	82.736	307	43	9	4158	4459	8220368	8220669	1.38e-68	265	TE11_v2
AL2G20030	scaffold_1_RagTag	88.732	213	24	0	2884	3096	18438758	18438546	1.79e-67	261	TE11_v2
AL2G20030	scaffold_1_RagTag	82.278	316	43	11	4192	4500	18607740	18608049	1.79e-67	261	TE11_v2
AL2G20030	scaffold_1_RagTag	82.315	311	46	9	4195	4500	31037826	31037520	1.79e-67	261	TE11_v2
AL2G20030	scaffold_1_RagTag	83.571	280	38	7	4183	4459	18607814	18608088	8.31e-66	255	TE11_v2
AL2G20030	scaffold_1_RagTag	85.833	240	30	4	4195	4432	31037743	31037506	1.07e-64	252	TE11_v2
AL2G20030	scaffold_1_RagTag	90	190	18	1	2892	3081	25397172	25396984	1.8e-62	244	TE11_v2
AL2G20030	scaffold_1_RagTag	88.947	190	20	1	2892	3081	25417165	25416977	3.89e-59	233	TE11_v2
AL2G20030	scaffold_1_RagTag	84.914	232	28	6	4195	4423	8220549	8220322	1.81e-57	228	TE11_v2
AL2G20030	scaffold_1_RagTag	77.053	414	71	10	3869	4260	26561452	26561041	3.92e-54	217	TE11_v2
AL2G20030	scaffold_1_RagTag	83.691	233	30	7	4195	4423	31037601	31037829	5.07e-53	213	TE11_v2
AL2G20030	scaffold_1_RagTag	76.867	415	70	12	3869	4260	14731686	14732097	1.82e-52	211	TE11_v2
AL2G20030	scaffold_1_RagTag	83.262	233	31	7	4195	4423	18607968	18607740	2.36e-51	207	TE11_v2
AL2G20030	scaffold_1_RagTag	97.03	101	1	2	3774	3872	27459776	27459876	1.11e-39	169	TE11_v2
AL2G20030	scaffold_1_RagTag	97.03	101	1	2	3774	3872	27496755	27496855	1.11e-39	169	TE11_v2
AL2G20030	scaffold_1_RagTag	97.03	101	1	2	3774	3872	27533724	27533824	1.11e-39	169	TE11_v2
AL2G20030	scaffold_1_RagTag	97.917	96	0	2	3774	3868	8027457	8027363	1.44e-38	165	TE11_v2
AL2G20030	scaffold_1_RagTag	92.233	103	6	2	3773	3873	30863348	30863450	1.88e-32	145	TE11_v2
AL2G20030	scaffold_1_RagTag	95.506	89	3	1	3319	3406	4705108	4705020	2.43e-31	141	TE11_v2
AL2G20030	scaffold_1_RagTag	79.255	188	30	8	4158	4340	8220506	8220323	8.79e-26	122	TE11_v2
AL2G20030	scaffold_1_RagTag	78.421	190	29	10	4158	4340	31037644	31037828	5.29e-23	113	TE11_v2
AL2G20030	scaffold_1_RagTag	95.556	45	1	1	3774	3818	13864680	13864723	3.23e-10	71.3	TE11_v2
AL2G20030	scaffold_7_RagTag	92.547	644	36	3	3869	4500	7222185	7222828	0	913	TE11_v2
AL2G20030	scaffold_7_RagTag	92.711	439	19	5	4027	4465	12379051	12378626	7.11e-176	621	TE11_v2
AL2G20030	scaffold_7_RagTag	88.571	350	27	10	2753	3090	8013506	8013854	4.66e-113	412	TE11_v2
AL2G20030	scaffold_7_RagTag	88.372	344	29	7	2753	3085	12365707	12365364	2.8e-110	403	TE11_v2
AL2G20030	scaffold_7_RagTag	87.36	356	34	7	2753	3097	7527598	7527243	1.3e-108	398	TE11_v2
AL2G20030	scaffold_7_RagTag	88.081	344	30	6	2753	3085	13561339	13560996	1.3e-108	398	TE11_v2
AL2G20030	scaffold_7_RagTag	87.535	353	32	7	2753	3093	16202642	16202994	1.3e-108	398	TE11_v2
AL2G20030	scaffold_7_RagTag	87.5	352	32	6	2753	3092	12849254	12849605	4.69e-108	396	TE11_v2
AL2G20030	scaffold_7_RagTag	88.012	342	29	7	2753	3082	24144251	24143910	1.69e-107	394	TE11_v2
AL2G20030	scaffold_7_RagTag	87.283	346	33	6	2756	3090	13718132	13717787	1.02e-104	385	TE11_v2
AL2G20030	scaffold_7_RagTag	86.969	353	31	6	2754	3091	17453454	17453806	3.65e-104	383	TE11_v2
AL2G20030	scaffold_7_RagTag	85.912	362	39	7	2753	3102	8168910	8168549	6.11e-102	375	TE11_v2
AL2G20030	scaffold_7_RagTag	86.337	344	36	6	2753	3085	21986424	21986081	1.32e-98	364	TE11_v2
AL2G20030	scaffold_7_RagTag	87.898	314	27	7	2780	3082	6264982	6265295	6.16e-97	359	TE11_v2
AL2G20030	scaffold_7_RagTag	90.335	269	14	3	3869	4125	12379329	12379061	6.2e-92	342	TE11_v2
AL2G20030	scaffold_7_RagTag	88.502	287	23	7	2753	3032	24696745	24697028	8.02e-91	339	TE11_v2
AL2G20030	scaffold_7_RagTag	86.624	314	29	7	2754	3055	14373576	14373888	1.04e-89	335	TE11_v2
AL2G20030	scaffold_7_RagTag	87.584	298	26	6	2753	3039	21987121	21986824	1.04e-89	335	TE11_v2
AL2G20030	scaffold_7_RagTag	85.671	328	30	9	2756	3074	10839912	10839593	4.83e-88	329	TE11_v2
AL2G20030	scaffold_7_RagTag	83.918	342	31	7	2753	3082	11895471	11895800	8.13e-81	305	TE11_v2
AL2G20030	scaffold_7_RagTag	84.713	314	30	11	2754	3055	14373107	14373414	1.36e-78	298	TE11_v2
AL2G20030	scaffold_7_RagTag	88.496	226	21	5	4278	4500	7222522	7222745	1.07e-69	268	TE11_v2
AL2G20030	scaffold_7_RagTag	81.994	311	47	9	4195	4500	7222830	7222524	8.31e-66	255	TE11_v2
AL2G20030	scaffold_7_RagTag	83.582	268	36	8	4195	4459	7222747	7222485	1.8e-62	244	TE11_v2
AL2G20030	scaffold_7_RagTag	86.325	234	19	7	3334	3561	14376079	14375853	6.47e-62	243	TE11_v2
AL2G20030	scaffold_7_RagTag	80.984	305	39	12	4158	4459	12378632	12378920	2.34e-56	224	TE11_v2
AL2G20030	scaffold_7_RagTag	90	160	15	1	2934	3093	10839922	10840080	8.49e-51	206	TE11_v2
AL2G20030	scaffold_7_RagTag	85.714	196	25	3	4230	4423	7222639	7222833	3.05e-50	204	TE11_v2
AL2G20030	scaffold_7_RagTag	86.842	190	15	5	2753	2932	10839395	10839584	3.05e-50	204	TE11_v2
AL2G20030	scaffold_7_RagTag	84.071	226	19	10	4278	4500	12378883	12378672	1.1e-49	202	TE11_v2
AL2G20030	scaffold_7_RagTag	80.812	271	34	11	4233	4500	12378626	12378881	5.11e-48	196	TE11_v2
AL2G20030	scaffold_7_RagTag	87.349	166	18	1	2899	3064	415442	415280	3.07e-45	187	TE11_v2
AL2G20030	scaffold_7_RagTag	78.01	191	28	10	4158	4340	7222648	7222832	2.46e-21	108	TE11_v2
AL2G20030	scaffold_7_RagTag	93.846	65	4	0	2945	3009	9221771	9221835	1.48e-18	99	TE11_v2
AL2G20030	scaffold_7_RagTag	93.75	64	4	0	2945	3008	9185415	9185352	5.33e-18	97.1	TE11_v2
AL2G20030	scaffold_4_RagTag	93.12	625	30	4	3888	4500	2546908	2546285	0	904	TE11_v2
AL2G20030	scaffold_4_RagTag	85.82	543	41	22	3888	4423	11410809	11411322	1.58e-152	544	TE11_v2
AL2G20030	scaffold_4_RagTag	88.252	349	30	7	2753	3090	6138904	6139252	2.17e-111	407	TE11_v2
AL2G20030	scaffold_4_RagTag	86.957	368	36	8	2753	3108	15416131	15415764	2.8e-110	403	TE11_v2
AL2G20030	scaffold_4_RagTag	88.563	341	28	6	2753	3082	20578714	20579054	2.8e-110	403	TE11_v2
AL2G20030	scaffold_4_RagTag	87.683	341	30	7	2753	3082	20637209	20637548	2.82e-105	387	TE11_v2
AL2G20030	scaffold_4_RagTag	87.032	347	34	6	2756	3091	15282293	15281947	1.31e-103	381	TE11_v2
AL2G20030	scaffold_4_RagTag	86.919	344	34	6	2753	3085	18832720	18832377	6.11e-102	375	TE11_v2
AL2G20030	scaffold_4_RagTag	86.51	341	35	7	2753	3082	5951494	5951154	1.32e-98	364	TE11_v2
AL2G20030	scaffold_4_RagTag	88.938	226	19	6	4278	4500	2546590	2546368	2.29e-71	274	TE11_v2
AL2G20030	scaffold_4_RagTag	82.911	316	40	12	4192	4500	2546280	2546588	8.25e-71	272	TE11_v2
AL2G20030	scaffold_4_RagTag	84.286	280	35	8	4183	4459	2546354	2546627	1.38e-68	265	TE11_v2
AL2G20030	scaffold_4_RagTag	90.099	202	20	0	2881	3082	20637074	20636873	4.96e-68	263	TE11_v2
AL2G20030	scaffold_4_RagTag	93.421	152	10	0	3869	4020	7065595	7065746	6.51e-57	226	TE11_v2
AL2G20030	scaffold_4_RagTag	84.052	232	30	6	4195	4423	2546507	2546280	3.92e-54	217	TE11_v2
AL2G20030	scaffold_4_RagTag	90.299	134	13	0	2949	3082	19991273	19991140	6.65e-42	176	TE11_v2
AL2G20030	scaffold_4_RagTag	98.02	101	0	2	3774	3872	3361528	3361628	2.39e-41	174	TE11_v2
AL2G20030	scaffold_4_RagTag	95.05	101	3	2	3774	3872	24125443	24125543	2.41e-36	158	TE11_v2
AL2G20030	scaffold_4_RagTag	83.803	142	18	5	4195	4333	11411250	11411111	5.25e-28	130	TE11_v2
AL2G20030	scaffold_4_RagTag	78.836	189	29	10	4158	4340	2546464	2546281	4.09e-24	117	TE11_v2
AL2G20030	scaffold_4_RagTag	87.671	73	7	2	4189	4261	11411254	11411324	4.15e-14	84.2	TE11_v2
AL2G20030	scaffold_5_RagTag	94.458	397	21	1	4027	4423	21677257	21676862	1.54e-172	610	TE11_v2
AL2G20030	scaffold_5_RagTag	88.022	359	31	9	2753	3100	18048705	18049062	1.3e-113	414	TE11_v2
AL2G20030	scaffold_5_RagTag	88.563	341	28	8	2753	3082	2509190	2509530	2.8e-110	403	TE11_v2
AL2G20030	scaffold_5_RagTag	88.563	341	28	6	2749	3078	13252424	13252084	2.8e-110	403	TE11_v2
AL2G20030	scaffold_5_RagTag	87.36	356	37	6	2739	3089	19595192	19595544	1.01e-109	401	TE11_v2
AL2G20030	scaffold_5_RagTag	87.683	341	31	7	2753	3082	18222966	18223306	2.82e-105	387	TE11_v2
AL2G20030	scaffold_5_RagTag	87.988	333	29	6	2765	3086	17589400	17589732	3.65e-104	383	TE11_v2
AL2G20030	scaffold_5_RagTag	87.39	341	32	8	2753	3082	11812400	11812740	1.31e-103	381	TE11_v2
AL2G20030	scaffold_5_RagTag	87.097	341	33	6	2753	3082	19151030	19151370	6.11e-102	375	TE11_v2
AL2G20030	scaffold_5_RagTag	86.648	352	28	9	2753	3085	1651918	1651567	7.91e-101	372	TE11_v2
AL2G20030	scaffold_5_RagTag	91.111	270	13	2	3869	4127	21677535	21677266	7.96e-96	355	TE11_v2
AL2G20030	scaffold_5_RagTag	88.136	295	24	6	2754	3037	13916252	13916546	2.23e-91	340	TE11_v2
AL2G20030	scaffold_5_RagTag	89.2	250	16	9	3319	3562	458411	458655	1.05e-79	302	TE11_v2
AL2G20030	scaffold_5_RagTag	89.823	226	18	5	4278	4500	21677090	21676867	1.06e-74	285	TE11_v2
AL2G20030	scaffold_5_RagTag	85.24	271	32	7	4192	4459	21676862	21677127	8.25e-71	272	TE11_v2
AL2G20030	scaffold_5_RagTag	81.897	232	33	8	4274	4500	21676861	21677088	3.07e-45	187	TE11_v2
AL2G20030	scaffold_5_RagTag	84.783	184	24	4	4158	4338	21676908	21677090	1.43e-43	182	TE11_v2
AL2G20030	scaffold_5_RagTag	84.932	146	13	8	4360	4500	21677090	21676949	8.73e-31	139	TE11_v2
AL2G20070	scaffold_2_RagTag	92.035	1130	68	11	201	1314	12545640	12544517	0	1568	TE11_v2
AL2G20070	scaffold_2_RagTag	93.113	726	43	5	589	1314	12398468	12399186	0	1057	TE11_v2
AL2G20070	scaffold_2_RagTag	86.147	693	60	21	628	1314	12394570	12395232	0	715	TE11_v2
AL2G20070	scaffold_2_RagTag	89.199	287	20	4	258	533	12398180	12398466	3.96e-94	348	TE11_v2
AL2G20070	scaffold_2_RagTag	79.362	470	54	24	80	534	12394061	12394502	6.77e-77	291	TE11_v2
AL2G20070	scaffold_2_RagTag	87.368	190	10	8	1	183	12397868	12398050	2.52e-51	206	TE11_v2
AL2G20200	scaffold_2_RagTag	98.222	1912	19	6	1	1905	12543844	12545747	0	3328	TE11_v2
AL2G20200	scaffold_2_RagTag	91.002	1178	82	14	239	1410	12399627	12398468	0	1567	TE11_v2
AL2G20200	scaffold_2_RagTag	84.787	1387	125	35	16	1371	12395901	12394570	0	1314	TE11_v2
AL2G20200	scaffold_2_RagTag	85	340	32	5	1466	1786	12398466	12398127	7.29e-88	327	TE11_v2
AL2G20200	scaffold_2_RagTag	82.447	376	36	11	1433	1786	12394545	12394178	4.42e-80	302	TE11_v2
AL2G20200	scaffold_2_RagTag	83.673	98	12	4	69	164	12399724	12399629	3.74e-16	89.8	TE11_v2
AL2G20200	scaffold_2_RagTag	89.394	66	7	0	416	481	12395455	12395390	1.74e-14	84.2	TE11_v2
AL2G20200	scaffold_2_RagTag	91.837	49	3	1	482	530	12544251	12544298	1.75e-09	67.6	TE11_v2
AL6G40220	scaffold_2_RagTag	87.456	1435	119	36	1	1396	12544251	12545663	0	1596	TE11_v2
AL6G40220	scaffold_2_RagTag	90.261	996	65	11	1	974	12399453	12398468	0	1273	TE11_v2
AL6G40220	scaffold_2_RagTag	86.196	949	98	24	1	935	12395499	12394570	0	996	TE11_v2
AL6G40220	scaffold_2_RagTag	82.589	448	37	21	1039	1461	12394501	12394070	7.35e-97	357	TE11_v2
AL6G40220	scaffold_2_RagTag	82.967	182	11	13	1309	1483	12398099	12397931	1.73e-33	147	TE11_v2
AL6G40220	scaffold_2_RagTag	92.105	76	5	1	33	107	12399467	12399392	2.94e-21	106	TE11_v2
AL6G40220	scaffold_2_RagTag	93.617	47	3	0	61	107	12399460	12399414	1.07e-10	71.3	TE11_v2
AL2G20010	scaffold_2_RagTag:113346-24308598	94.995	1938	48	19	1	1934	12814119	12816011	0	2996	TE4_v1
AL2G20010	scaffold_2_RagTag:113346-24308598	86.683	1224	115	23	538	1714	12824287	12825509	0	1314	TE4_v1
AL2G20010	scaffold_2_RagTag:113346-24308598	87.354	941	91	18	614	1536	12938525	12937595	0	1053	TE4_v1
AL2G20010	scaffold_2_RagTag:113346-24308598	83.902	528	58	17	1430	1934	12937635	12937112	1.96e-133	479	TE4_v1
AL2G20010	scaffold_2_RagTag:113346-24308598	83.631	336	33	10	190	517	12938955	12938634	2.11e-78	296	TE4_v1
AL2G20010	scaffold_2_RagTag:113346-24308598	81.469	286	34	6	191	469	12823997	12824270	1.69e-54	217	TE4_v1
AL2G20010	scaffold_2_RagTag:113346-24308598	92.683	123	8	1	118	240	12939146	12939025	2.87e-42	176	TE4_v1
AL2G20010	scaffold_2_RagTag:113346-24308598	91.045	67	6	0	1470	1536	12825205	12825271	1.07e-16	91.6	TE4_v1
AL2G20010	scaffold_2_RagTag:113346-24308598	91.111	45	4	0	1492	1536	12825205	12825249	8.39e-08	62.1	TE4_v1
AL2G20010	scaffold_6_RagTag:0-26949342	87.354	941	82	20	611	1535	14448613	14447694	0	1044	TE4_v1
AL2G20010	scaffold_6_RagTag:0-26949342	82.262	451	36	21	82	516	14449151	14448729	1.6e-94	350	TE4_v1
AL2G20020	scaffold_2_RagTag:113346-24308598	95.32	1795	60	9	1	1776	12823720	12825509	0	2828	TE4_v1
AL2G20020	scaffold_2_RagTag:113346-24308598	83.258	1768	160	65	277	1975	12814309	12816009	0	1500	TE4_v1
AL2G20020	scaffold_2_RagTag:113346-24308598	91.773	1021	55	11	603	1616	12938579	12937581	0	1393	TE4_v1
AL2G20020	scaffold_2_RagTag:113346-24308598	91.026	312	23	4	242	550	12938990	12938681	1.59e-114	416	TE4_v1
AL2G20020	scaffold_2_RagTag:113346-24308598	86.544	379	37	7	1487	1860	12937635	12937266	3.44e-111	405	TE4_v1
AL2G20020	scaffold_2_RagTag:113346-24308598	94.737	57	3	0	1553	1609	12825224	12825280	3.93e-16	89.8	TE4_v1
AL2G20020	scaffold_2_RagTag:113346-24308598	89.394	66	4	3	1552	1616	12937710	12937647	2.37e-13	80.5	TE4_v1
AL2G20020	scaffold_2_RagTag:113346-24308598	92.308	39	2	1	661	699	14384731	14384694	1.43e-05	54.7	TE4_v1
AL2G20020	scaffold_6_RagTag:0-26949342	91.326	1003	55	14	603	1602	14448664	14447691	0	1341	TE4_v1
AL2G20020	scaffold_6_RagTag:0-26949342	86.032	315	37	6	241	550	14449087	14448775	5.92e-89	331	TE4_v1
AL2G20020	scaffold_6_RagTag:0-26949342	82.418	182	14	12	63	233	14449173	14448999	2.98e-32	143	TE4_v1
AL2G20030	scaffold_6_RagTag:0-26949342	96.299	1189	22	1	1	1189	14449203	14448037	0	1932	TE4_v1
AL2G20030	scaffold_6_RagTag:0-26949342	96.76	1173	13	6	2605	3773	14581687	14580536	0	1932	TE4_v1
AL2G20030	scaffold_6_RagTag:0-26949342	87.56	418	29	12	1208	1620	14448148	14447749	4.62e-128	462	TE4_v1
AL2G20030	scaffold_6_RagTag:0-26949342	88.352	352	30	8	2753	3093	13087582	13087231	4.72e-113	412	TE4_v1
AL2G20030	scaffold_6_RagTag:0-26949342	87.784	352	32	6	2753	3093	7542423	7542072	1.02e-109	401	TE4_v1
AL2G20030	scaffold_6_RagTag:0-26949342	87.749	351	31	7	2753	3091	14408930	14408580	3.67e-109	399	TE4_v1
AL2G20030	scaffold_6_RagTag:0-26949342	88.657	335	27	8	2753	3076	8466567	8466901	1.32e-108	398	TE4_v1
AL2G20030	scaffold_6_RagTag:0-26949342	88.27	341	29	8	2753	3082	9878579	9878919	1.32e-108	398	TE4_v1
AL2G20030	scaffold_6_RagTag:0-26949342	87.714	350	32	8	2753	3091	26428906	26428557	1.32e-108	398	TE4_v1
AL2G20030	scaffold_6_RagTag:0-26949342	87.644	348	32	6	2753	3089	24914752	24914405	1.71e-107	394	TE4_v1
AL2G20030	scaffold_6_RagTag:0-26949342	87.006	354	34	5	2753	3094	21349173	21348820	7.95e-106	388	TE4_v1
AL2G20030	scaffold_6_RagTag:0-26949342	87.143	350	34	6	2753	3091	25089498	25089847	2.86e-105	387	TE4_v1
AL2G20030	scaffold_6_RagTag:0-26949342	86.932	352	34	7	2757	3096	7542848	7543199	1.03e-104	385	TE4_v1
AL2G20030	scaffold_6_RagTag:0-26949342	87.39	341	32	5	2753	3082	6351372	6351712	1.33e-103	381	TE4_v1
AL2G20030	scaffold_6_RagTag:0-26949342	86.55	342	34	6	2754	3083	13843606	13843265	3.73e-99	366	TE4_v1
AL2G20030	scaffold_6_RagTag:0-26949342	85.552	353	39	8	2753	3093	25787211	25787563	6.23e-97	359	TE4_v1
AL2G20030	scaffold_6_RagTag:0-26949342	86.486	333	32	8	2756	3076	20599356	20599025	2.9e-95	353	TE4_v1
AL2G20030	scaffold_6_RagTag:0-26949342	87.879	297	26	6	2803	3089	23837928	23837632	2.26e-91	340	TE4_v1
AL2G20030	scaffold_6_RagTag:0-26949342	89.796	196	20	0	2894	3089	19840106	19839911	1.09e-64	252	TE4_v1
AL2G20030	scaffold_6_RagTag:0-26949342	90.052	191	19	0	2899	3089	25996211	25996021	1.41e-63	248	TE4_v1
AL2G20030	scaffold_6_RagTag:0-26949342	77.108	415	69	12	3869	4260	9132011	9132422	3.97e-54	217	TE4_v1
AL2G20030	scaffold_6_RagTag:0-26949342	98.02	101	0	2	3774	3872	9943841	9943741	2.42e-41	174	TE4_v1
AL2G20030	scaffold_2_RagTag:113346-24308598	89.366	1025	77	15	165	1181	12938967	12937967	0	1260	TE4_v1
AL2G20030	scaffold_2_RagTag:113346-24308598	94.984	618	31	0	559	1176	12824320	12824937	0	970	TE4_v1
AL2G20030	scaffold_2_RagTag:113346-24308598	83.683	619	74	21	601	1211	12814693	12815292	5.73e-157	558	TE4_v1
AL2G20030	scaffold_2_RagTag:113346-24308598	88.263	426	26	14	1208	1617	12824839	12825256	7.62e-136	488	TE4_v1
AL2G20030	scaffold_2_RagTag:113346-24308598	87.981	416	29	11	1208	1620	12815157	12815554	7.68e-131	472	TE4_v1
AL2G20030	scaffold_2_RagTag:113346-24308598	87.264	424	33	13	1208	1620	12938064	12937651	1.28e-128	464	TE4_v1
AL2G20030	scaffold_2_RagTag:113346-24308598	88.793	348	28	8	2753	3089	21111234	21111581	3.65e-114	416	TE4_v1
AL2G20030	scaffold_2_RagTag:113346-24308598	88.953	344	27	6	2753	3085	566615	566272	1.31e-113	414	TE4_v1
AL2G20030	scaffold_2_RagTag:113346-24308598	88.955	335	21	11	2758	3080	14434370	14434040	3.67e-109	399	TE4_v1
AL2G20030	scaffold_2_RagTag:113346-24308598	86.15	361	36	9	2753	3101	3657324	3656966	1.72e-102	377	TE4_v1
AL2G20030	scaffold_2_RagTag:113346-24308598	86.728	324	32	6	2753	3065	7217729	7218052	3.75e-94	350	TE4_v1
AL2G20030	scaffold_2_RagTag:113346-24308598	80.894	492	50	26	53	527	12814200	12814664	1.35e-93	348	TE4_v1
AL2G20030	scaffold_2_RagTag:113346-24308598	86.799	303	27	9	2753	3044	22866526	22866226	6.32e-87	326	TE4_v1
AL2G20030	scaffold_2_RagTag:113346-24308598	90	240	22	1	2840	3079	77345	77108	6.37e-82	309	TE4_v1
AL2G20030	scaffold_2_RagTag:113346-24308598	86.007	293	36	5	161	451	12823981	12824270	6.37e-82	309	TE4_v1
AL2G20030	scaffold_2_RagTag:113346-24308598	77.349	415	68	12	3869	4260	7415695	7416106	8.53e-56	222	TE4_v1
AL2G20030	scaffold_2_RagTag:113346-24308598	92.174	115	9	0	2962	3076	6849584	6849470	5.25e-38	163	TE4_v1
AL2G20030	scaffold_2_RagTag:113346-24308598	75.071	353	64	10	3930	4260	8992330	8991980	6.84e-32	143	TE4_v1
AL2G20030	scaffold_2_RagTag:113346-24308598	85.577	104	11	3	31	131	12823783	12823885	8.97e-21	106	TE4_v1
AL2G20030	scaffold_2_RagTag:113346-24308598	97.917	48	1	0	1570	1617	12825253	12825300	4.2e-14	84.2	TE4_v1
AL2G20030	scaffold_2_RagTag:113346-24308598	94.34	53	3	0	1568	1620	12937615	12937563	1.51e-13	82.4	TE4_v1
AL2G20030	scaffold_2_RagTag:113346-24308598	93.023	43	3	0	3523	3565	15831638	15831680	5.47e-08	63.9	TE4_v1
AL2G20030	scaffold_3_RagTag:1-25320414	96.215	634	24	0	3867	4500	10207479	10208112	0	1038	TE4_v1
AL2G20030	scaffold_3_RagTag:1-25320414	91.615	644	28	4	3869	4498	20639345	20639976	0	867	TE4_v1
AL2G20030	scaffold_3_RagTag:1-25320414	91.46	644	29	4	3869	4498	20617420	20618051	0	861	TE4_v1
AL2G20030	scaffold_3_RagTag:1-25320414	89.157	332	31	3	2752	3080	11343222	11343551	6.1e-112	409	TE4_v1
AL2G20030	scaffold_3_RagTag:1-25320414	88.824	340	27	8	2754	3082	9143549	9143888	2.2e-111	407	TE4_v1
AL2G20030	scaffold_3_RagTag:1-25320414	88.372	344	29	6	2753	3085	23645729	23645386	2.84e-110	403	TE4_v1
AL2G20030	scaffold_3_RagTag:1-25320414	88.27	341	29	8	2753	3082	21586230	21586570	1.32e-108	398	TE4_v1
AL2G20030	scaffold_3_RagTag:1-25320414	87.5	352	33	8	2753	3093	10683068	10683419	4.75e-108	396	TE4_v1
AL2G20030	scaffold_3_RagTag:1-25320414	90.698	301	16	5	2753	3043	13623592	13623890	2.21e-106	390	TE4_v1
AL2G20030	scaffold_3_RagTag:1-25320414	87.356	348	33	6	2753	3089	23382975	23382628	7.95e-106	388	TE4_v1
AL2G20030	scaffold_3_RagTag:1-25320414	86.782	348	35	6	2753	3089	14979564	14979217	1.72e-102	377	TE4_v1
AL2G20030	scaffold_3_RagTag:1-25320414	86.744	347	35	6	2754	3089	14976453	14976107	6.19e-102	375	TE4_v1
AL2G20030	scaffold_3_RagTag:1-25320414	87.164	335	31	7	2753	3076	5490554	5490887	2.88e-100	370	TE4_v1
AL2G20030	scaffold_3_RagTag:1-25320414	86.544	327	30	9	2753	3065	4789779	4790105	1.35e-93	348	TE4_v1
AL2G20030	scaffold_3_RagTag:1-25320414	88.214	280	24	5	2822	3092	22452781	22452502	6.32e-87	326	TE4_v1
AL2G20030	scaffold_3_RagTag:1-25320414	85.016	307	37	8	4195	4497	10208114	10207813	2.96e-80	303	TE4_v1
AL2G20030	scaffold_3_RagTag:1-25320414	83.667	300	43	5	4201	4497	20618050	20617754	1.8e-72	278	TE4_v1
AL2G20030	scaffold_3_RagTag:1-25320414	83.721	301	41	7	4201	4497	20639975	20639679	1.8e-72	278	TE4_v1
AL2G20030	scaffold_3_RagTag:1-25320414	83.007	306	44	8	4158	4459	10208071	10207770	3.01e-70	270	TE4_v1
AL2G20030	scaffold_3_RagTag:1-25320414	87.5	232	22	6	4195	4423	10207890	10208117	1.81e-67	261	TE4_v1
AL2G20030	scaffold_3_RagTag:1-25320414	85.057	261	34	5	4158	4415	20618012	20617754	1.81e-67	261	TE4_v1
AL2G20030	scaffold_3_RagTag:1-25320414	84.559	272	31	9	4158	4423	20639717	20639983	6.5e-67	259	TE4_v1
AL2G20030	scaffold_3_RagTag:1-25320414	84.733	262	33	7	4158	4415	20639937	20639679	8.41e-66	255	TE4_v1
AL2G20030	scaffold_3_RagTag:1-25320414	84.133	271	34	7	4158	4423	20617792	20618058	3.03e-65	254	TE4_v1
AL2G20030	scaffold_3_RagTag:1-25320414	86.818	220	25	4	4283	4500	10207813	10208030	6.55e-62	243	TE4_v1
AL2G20030	scaffold_3_RagTag:1-25320414	85.909	220	27	4	4283	4500	20617754	20617971	1.42e-58	231	TE4_v1
AL2G20030	scaffold_3_RagTag:1-25320414	85.909	220	27	4	4283	4500	20639679	20639896	1.42e-58	231	TE4_v1
AL2G20030	scaffold_3_RagTag:1-25320414	83.708	178	26	2	4158	4333	10207989	10207813	1.46e-38	165	TE4_v1
AL2G20030	scaffold_3_RagTag:1-25320414	82.222	180	25	6	4158	4333	20617930	20617754	1.47e-33	148	TE4_v1
AL2G20030	scaffold_3_RagTag:1-25320414	82.222	180	25	6	4158	4333	20639855	20639679	1.47e-33	148	TE4_v1
AL2G20030	scaffold_3_RagTag:1-25320414	91.262	103	9	0	3866	3968	14863577	14863679	2.46e-31	141	TE4_v1
AL2G20030	scaffold_3_RagTag:1-25320414	79.787	188	29	8	4158	4340	10207933	10208116	1.91e-27	128	TE4_v1
AL2G20030	scaffold_8_RagTag:237858-24797477	94.064	657	16	6	1902	2554	193308	192671	0	976	TE4_v1
AL2G20030	scaffold_8_RagTag:237858-24797477	90.663	332	21	5	2756	3077	5739903	5739572	3.62e-119	433	TE4_v1
AL2G20030	scaffold_8_RagTag:237858-24797477	89.15	341	26	6	2753	3082	4852003	4852343	1.31e-113	414	TE4_v1
AL2G20030	scaffold_8_RagTag:237858-24797477	87.784	352	32	7	2753	3093	1561929	1561578	1.02e-109	401	TE4_v1
AL2G20030	scaffold_8_RagTag:237858-24797477	87.393	349	33	6	2753	3090	19510490	19510838	2.21e-106	390	TE4_v1
AL2G20030	scaffold_8_RagTag:237858-24797477	87.683	341	31	5	2753	3082	2551528	2551868	2.86e-105	387	TE4_v1
AL2G20030	scaffold_8_RagTag:237858-24797477	87.683	341	31	5	2753	3082	2570135	2570475	2.86e-105	387	TE4_v1
AL2G20030	scaffold_8_RagTag:237858-24797477	86.819	349	35	8	2753	3090	12503009	12502661	4.79e-103	379	TE4_v1
AL2G20030	scaffold_8_RagTag:237858-24797477	87.654	324	29	5	2770	3082	11799293	11798970	3.73e-99	366	TE4_v1
AL2G20030	scaffold_8_RagTag:237858-24797477	86.51	341	35	7	2753	3082	4645743	4645403	1.34e-98	364	TE4_v1
AL2G20030	scaffold_8_RagTag:237858-24797477	95.261	211	6	2	3563	3773	192354	192148	1.36e-88	331	TE4_v1
AL2G20030	scaffold_8_RagTag:237858-24797477	88	250	24	5	3319	3562	16953707	16953956	2.31e-76	291	TE4_v1
AL2G20030	scaffold_8_RagTag:237858-24797477	77.108	415	69	12	3869	4260	2294188	2293777	3.97e-54	217	TE4_v1
AL2G20030	scaffold_8_RagTag:237858-24797477	75.93	457	79	15	3869	4297	16413578	16414031	8.59e-51	206	TE4_v1
AL2G20030	scaffold_8_RagTag:237858-24797477	84.052	232	15	5	3087	3318	192556	192347	3.09e-50	204	TE4_v1
AL2G20030	scaffold_8_RagTag:237858-24797477	77.966	354	41	18	2754	3082	22151708	22152049	3.11e-45	187	TE4_v1
AL2G20030	scaffold_8_RagTag:237858-24797477	96.078	102	3	1	2652	2752	192657	192556	1.46e-38	165	TE4_v1
AL2G20030	scaffold_8_RagTag:237858-24797477	88.43	121	14	0	2976	3096	15743305	15743185	5.28e-33	147	TE4_v1
AL2G20030	scaffold_8_RagTag:237858-24797477	97.872	47	1	0	1845	1891	193345	193299	1.51e-13	82.4	TE4_v1
AL2G20030	scaffold_1_RagTag:94989-32092331	93.168	644	31	4	3869	4500	30811616	30812258	0	933	TE4_v1
AL2G20030	scaffold_1_RagTag:94989-32092331	88.352	352	29	8	2752	3092	17806502	17806152	4.72e-113	412	TE4_v1
AL2G20030	scaffold_1_RagTag:94989-32092331	88.319	351	29	7	2753	3091	182524	182874	1.7e-112	411	TE4_v1
AL2G20030	scaffold_1_RagTag:94989-32092331	88.068	352	31	5	2753	3093	16684965	16685316	2.2e-111	407	TE4_v1
AL2G20030	scaffold_1_RagTag:94989-32092331	87.966	349	31	8	2753	3090	14054107	14054455	1.02e-109	401	TE4_v1
AL2G20030	scaffold_1_RagTag:94989-32092331	88.166	338	35	4	2755	3089	3576400	3576065	1.32e-108	398	TE4_v1
AL2G20030	scaffold_1_RagTag:94989-32092331	87.714	350	31	7	2753	3090	8422297	8422646	1.32e-108	398	TE4_v1
AL2G20030	scaffold_1_RagTag:94989-32092331	88.27	341	29	8	2753	3082	14195124	14195464	1.32e-108	398	TE4_v1
AL2G20030	scaffold_1_RagTag:94989-32092331	87.791	344	31	6	2753	3085	24115002	24114659	6.15e-107	392	TE4_v1
AL2G20030	scaffold_1_RagTag:94989-32092331	87.356	348	33	6	2753	3089	10763454	10763801	7.95e-106	388	TE4_v1
AL2G20030	scaffold_1_RagTag:94989-32092331	87.834	337	30	6	2754	3079	14431321	14430985	1.03e-104	385	TE4_v1
AL2G20030	scaffold_1_RagTag:94989-32092331	90.04	251	24	1	3319	3568	4750422	4750172	2.27e-86	324	TE4_v1
AL2G20030	scaffold_1_RagTag:94989-32092331	91.63	227	18	1	3333	3558	13242471	13242245	4.92e-83	313	TE4_v1
AL2G20030	scaffold_1_RagTag:94989-32092331	88.214	280	10	8	3869	4125	24581348	24581627	4.92e-83	313	TE4_v1
AL2G20030	scaffold_1_RagTag:94989-32092331	88.889	225	22	3	4278	4500	30811952	30812175	2.32e-71	274	TE4_v1
AL2G20030	scaffold_1_RagTag:94989-32092331	88.263	213	25	0	2884	3096	18195809	18195597	8.41e-66	255	TE4_v1
AL2G20030	scaffold_1_RagTag:94989-32092331	81.994	311	47	9	4195	4500	30812260	30811954	8.41e-66	255	TE4_v1
AL2G20030	scaffold_1_RagTag:94989-32092331	85.417	240	31	4	4195	4432	30812177	30811940	5.06e-63	246	TE4_v1
AL2G20030	scaffold_1_RagTag:94989-32092331	98.438	128	2	0	4027	4154	24581637	24581764	6.6e-57	226	TE4_v1
AL2G20030	scaffold_1_RagTag:94989-32092331	77.295	414	70	10	3869	4260	26436745	26436334	8.53e-56	222	TE4_v1
AL2G20030	scaffold_1_RagTag:94989-32092331	76.867	415	70	12	3869	4260	14763915	14764326	1.85e-52	211	TE4_v1
AL2G20030	scaffold_1_RagTag:94989-32092331	83.262	233	31	7	4195	4423	30812035	30812263	2.39e-51	207	TE4_v1
AL2G20030	scaffold_1_RagTag:94989-32092331	97.917	96	0	2	3774	3868	7987657	7987563	1.46e-38	165	TE4_v1
AL2G20030	scaffold_1_RagTag:94989-32092331	96.04	101	2	2	3774	3872	13506044	13506144	5.25e-38	163	TE4_v1
AL2G20030	scaffold_1_RagTag:94989-32092331	94.059	101	3	3	3774	3872	7142235	7142334	4.08e-34	150	TE4_v1
AL2G20030	scaffold_1_RagTag:94989-32092331	78.421	190	29	10	4158	4340	30812078	30812262	5.36e-23	113	TE4_v1
AL2G20030	scaffold_1_RagTag:94989-32092331	95.556	45	1	1	3774	3818	13847361	13847404	3.27e-10	71.3	TE4_v1
AL2G20030	scaffold_5_RagTag:29852-15762170	93.002	643	32	4	3869	4500	7400832	7401472	0	926	TE4_v1
AL2G20030	scaffold_5_RagTag:29852-15762170	88.563	341	28	8	2753	3082	2366625	2366965	2.84e-110	403	TE4_v1
AL2G20030	scaffold_5_RagTag:29852-15762170	88.563	341	28	6	2749	3078	13026455	13026115	2.84e-110	403	TE4_v1
AL2G20030	scaffold_5_RagTag:29852-15762170	88.27	341	29	6	2753	3082	3120739	3121079	1.32e-108	398	TE4_v1
AL2G20030	scaffold_5_RagTag:29852-15762170	88.235	340	29	6	2753	3081	13331512	13331851	4.75e-108	396	TE4_v1
AL2G20030	scaffold_5_RagTag:29852-15762170	87.977	341	30	5	2753	3082	5102668	5103008	6.15e-107	392	TE4_v1
AL2G20030	scaffold_5_RagTag:29852-15762170	86.798	356	39	6	2739	3089	19654947	19655299	2.21e-106	390	TE4_v1
AL2G20030	scaffold_5_RagTag:29852-15762170	87.683	341	31	7	2753	3082	18302291	18302631	2.86e-105	387	TE4_v1
AL2G20030	scaffold_5_RagTag:29852-15762170	87.097	341	32	6	2753	3082	847590	847251	6.19e-102	375	TE4_v1
AL2G20030	scaffold_5_RagTag:29852-15762170	86.364	352	29	9	2753	3085	1525924	1525573	3.73e-99	366	TE4_v1
AL2G20030	scaffold_5_RagTag:29852-15762170	85.26	346	40	7	2759	3093	2750079	2750424	4.85e-93	346	TE4_v1
AL2G20030	scaffold_5_RagTag:29852-15762170	88.136	295	24	6	2754	3037	13737525	13737819	2.26e-91	340	TE4_v1
AL2G20030	scaffold_5_RagTag:29852-15762170	86.452	310	34	7	4195	4500	7401250	7401555	3.78e-89	333	TE4_v1
AL2G20030	scaffold_5_RagTag:29852-15762170	83.654	312	38	11	4195	4500	7401474	7401170	1.39e-73	281	TE4_v1
AL2G20030	scaffold_5_RagTag:29852-15762170	88.938	226	19	6	4278	4500	7401168	7401390	2.32e-71	274	TE4_v1
AL2G20030	scaffold_5_RagTag:29852-15762170	83.929	280	36	8	4158	4432	7401431	7401156	6.5e-67	259	TE4_v1
AL2G20030	scaffold_5_RagTag:29852-15762170	77.427	443	82	10	3869	4297	12487098	12487536	1.41e-63	248	TE4_v1
AL2G20030	scaffold_5_RagTag:29852-15762170	81.685	273	38	10	4158	4423	7401293	7401560	3.97e-54	217	TE4_v1
AL2G20030	scaffold_5_RagTag:29852-15762170	78.797	316	47	17	4195	4500	7401557	7401252	1.86e-47	195	TE4_v1
AL2G20030	scaffold_5_RagTag:29852-15762170	97.03	101	1	2	3774	3872	12142238	12142338	1.13e-39	169	TE4_v1
AL2G20030	scaffold_5_RagTag:29852-15762170	94.059	101	3	3	3774	3872	13661795	13661894	4.08e-34	150	TE4_v1
AL2G20030	scaffold_5_RagTag:29852-15762170	78.421	190	29	10	4158	4340	7401375	7401559	5.36e-23	113	TE4_v1
AL2G20030	scaffold_7_RagTag:1-29301300	93.882	474	29	0	4027	4500	26161619	26162092	0	715	TE4_v1
AL2G20030	scaffold_7_RagTag:1-29301300	88.663	344	28	6	2753	3085	13396611	13396268	6.1e-112	409	TE4_v1
AL2G20030	scaffold_7_RagTag:1-29301300	88.286	350	28	10	2753	3090	7900869	7901217	2.2e-111	407	TE4_v1
AL2G20030	scaffold_7_RagTag:1-29301300	88.372	344	29	7	2753	3085	12238957	12238614	2.84e-110	403	TE4_v1
AL2G20030	scaffold_7_RagTag:1-29301300	88.012	342	29	7	2753	3082	24883911	24883570	1.71e-107	394	TE4_v1
AL2G20030	scaffold_7_RagTag:1-29301300	87.429	350	33	6	2753	3091	17926157	17926506	6.15e-107	392	TE4_v1
AL2G20030	scaffold_7_RagTag:1-29301300	87.356	348	33	6	2753	3089	20956635	20956982	7.95e-106	388	TE4_v1
AL2G20030	scaffold_7_RagTag:1-29301300	87.353	340	38	3	2753	3089	1394783	1395120	1.03e-104	385	TE4_v1
AL2G20030	scaffold_7_RagTag:1-29301300	92.279	272	10	2	3866	4126	26161338	26161609	6.19e-102	375	TE4_v1
AL2G20030	scaffold_7_RagTag:1-29301300	86.765	340	34	7	2754	3082	15428529	15428868	1.04e-99	368	TE4_v1
AL2G20030	scaffold_7_RagTag:1-29301300	88.502	287	23	7	2753	3032	25398127	25398410	8.12e-91	339	TE4_v1
AL2G20030	scaffold_7_RagTag:1-29301300	86.624	314	29	7	2754	3055	14157845	14158157	1.05e-89	335	TE4_v1
AL2G20030	scaffold_7_RagTag:1-29301300	85.671	328	30	9	2756	3074	10771531	10771212	4.89e-88	329	TE4_v1
AL2G20030	scaffold_7_RagTag:1-29301300	84.969	326	37	7	2753	3066	17926096	17925771	2.94e-85	320	TE4_v1
AL2G20030	scaffold_7_RagTag:1-29301300	87.912	273	30	3	4230	4500	26161904	26162175	1.06e-84	318	TE4_v1
AL2G20030	scaffold_7_RagTag:1-29301300	85.906	298	32	6	2804	3091	25412850	25413147	6.37e-82	309	TE4_v1
AL2G20030	scaffold_7_RagTag:1-29301300	83.871	341	31	7	2754	3082	11799841	11800169	2.96e-80	303	TE4_v1
AL2G20030	scaffold_7_RagTag:1-29301300	84.713	314	30	11	2754	3055	14157376	14157683	1.38e-78	298	TE4_v1
AL2G20030	scaffold_7_RagTag:1-29301300	82.903	310	45	8	4195	4500	26162094	26161789	8.36e-71	272	TE4_v1
AL2G20030	scaffold_7_RagTag:1-29301300	87.611	226	23	5	4278	4500	26161787	26162010	2.34e-66	257	TE4_v1
AL2G20030	scaffold_7_RagTag:1-29301300	81.818	308	44	9	4158	4459	26162051	26161750	1.41e-63	248	TE4_v1
AL2G20030	scaffold_7_RagTag:1-29301300	86.325	234	19	7	3334	3561	14160348	14160122	6.55e-62	243	TE4_v1
AL2G20030	scaffold_7_RagTag:1-29301300	88.384	198	23	0	2885	3082	24455487	24455684	8.47e-61	239	TE4_v1
AL2G20030	scaffold_7_RagTag:1-29301300	77.108	415	69	12	3869	4260	5588889	5589300	3.97e-54	217	TE4_v1
AL2G20030	scaffold_7_RagTag:1-29301300	81.752	274	36	12	4158	4423	26161913	26162180	3.97e-54	217	TE4_v1
AL2G20030	scaffold_7_RagTag:1-29301300	76.739	417	70	11	3869	4260	11998858	11998444	2.39e-51	207	TE4_v1
AL2G20030	scaffold_7_RagTag:1-29301300	90	160	15	1	2934	3093	10771541	10771699	8.59e-51	206	TE4_v1
AL2G20030	scaffold_7_RagTag:1-29301300	91.275	149	13	0	2934	3082	5191010	5191158	3.09e-50	204	TE4_v1
AL2G20030	scaffold_7_RagTag:1-29301300	86.842	190	15	5	2753	2932	10771014	10771203	3.09e-50	204	TE4_v1
AL2G20030	scaffold_7_RagTag:1-29301300	78.73	315	45	18	4195	4498	26162177	26161874	2.41e-46	191	TE4_v1
AL2G20030	scaffold_7_RagTag:1-29301300	87.349	166	18	1	2899	3064	400305	400143	3.11e-45	187	TE4_v1
AL2G20030	scaffold_7_RagTag:1-29301300	95.918	98	1	3	3777	3872	8268661	8268565	8.78e-36	156	TE4_v1
AL2G20030	scaffold_7_RagTag:1-29301300	78.947	190	28	10	4158	4340	26161995	26162179	1.15e-24	119	TE4_v1
AL2G20030	scaffold_7_RagTag:1-29301300	93.846	65	4	0	2945	3009	9177818	9177882	1.5e-18	99	TE4_v1
AL2G20030	scaffold_7_RagTag:1-29301300	93.75	64	4	0	2945	3008	9140707	9140644	5.4e-18	97.1	TE4_v1
AL2G20030	scaffold_4_RagTag:329527-26177039	84.477	554	38	24	3888	4423	12835677	12836200	2.72e-140	503	TE4_v1
AL2G20030	scaffold_4_RagTag:329527-26177039	87.977	341	29	7	2753	3082	22007593	22007932	6.15e-107	392	TE4_v1
AL2G20030	scaffold_4_RagTag:329527-26177039	87.941	340	30	7	2753	3081	17279111	17278772	2.21e-106	390	TE4_v1
AL2G20030	scaffold_4_RagTag:329527-26177039	87.179	351	34	6	2753	3092	1515039	1514689	7.95e-106	388	TE4_v1
AL2G20030	scaffold_4_RagTag:329527-26177039	87.032	347	34	6	2753	3088	13316501	13316155	1.33e-103	381	TE4_v1
AL2G20030	scaffold_4_RagTag:329527-26177039	87.097	341	33	6	2753	3082	21823408	21823748	6.19e-102	375	TE4_v1
AL2G20030	scaffold_4_RagTag:329527-26177039	90.099	202	20	0	2881	3082	22007458	22007257	5.03e-68	263	TE4_v1
AL2G20030	scaffold_4_RagTag:329527-26177039	98.02	101	0	2	3774	3872	3877213	3877313	2.42e-41	174	TE4_v1
AL2G20030	scaffold_4_RagTag:329527-26177039	84.507	142	17	5	4195	4333	12836128	12835989	1.14e-29	135	TE4_v1
AL2G20030	scaffold_4_RagTag:329527-26177039	87.671	73	7	2	4189	4261	12836132	12836202	4.2e-14	84.2	TE4_v1
AL2G20070	scaffold_2_RagTag:113346-24308598	92.157	1122	65	10	201	1314	12938967	12937861	0	1563	TE4_v1
AL2G20070	scaffold_2_RagTag:113346-24308598	94.787	729	38	0	586	1314	12824320	12825048	0	1136	TE4_v1
AL2G20070	scaffold_2_RagTag:113346-24308598	85.942	690	65	24	628	1314	12814693	12815353	0	708	TE4_v1
AL2G20070	scaffold_2_RagTag:113346-24308598	91.126	293	21	5	197	487	12823981	12824270	1.83e-107	392	TE4_v1
AL2G20070	scaffold_2_RagTag:113346-24308598	79.644	506	56	27	80	566	12814191	12814668	8.74e-86	320	TE4_v1
AL2G20070	scaffold_2_RagTag:113346-24308598	81.395	172	21	7	1	167	12823720	12823885	1.58e-28	130	TE4_v1
AL2G20070	scaffold_2_RagTag:113346-24308598	100	28	0	0	647	674	14384731	14384704	3.52e-05	52.8	TE4_v1
AL2G20070	scaffold_6_RagTag:0-26949342	89.311	1263	80	14	64	1317	14449173	14447957	0	1533	TE4_v1
AL2G20200	scaffold_2_RagTag:113346-24308598	94.797	1499	50	16	416	1905	12937595	12939074	0	2311	TE4_v1
AL2G20200	scaffold_2_RagTag:113346-24308598	89.833	1200	87	19	239	1413	12825509	12824320	0	1507	TE4_v1
AL2G20200	scaffold_2_RagTag:113346-24308598	85.435	1380	129	37	1	1371	12816009	12814693	0	1369	TE4_v1
AL2G20200	scaffold_2_RagTag:113346-24308598	97.175	531	12	3	1	530	12937114	12937642	0	894	TE4_v1
AL2G20200	scaffold_2_RagTag:113346-24308598	90.615	309	24	4	1515	1821	12824267	12823962	3.31e-111	405	TE4_v1
AL2G20200	scaffold_2_RagTag:113346-24308598	84.011	369	36	12	1433	1786	12814668	12814308	1.59e-89	333	TE4_v1
AL2G20200	scaffold_2_RagTag:113346-24308598	94.624	93	4	1	438	530	12825337	12825246	2.87e-32	143	TE4_v1
AL2G20200	scaffold_2_RagTag:113346-24308598	90.769	65	6	0	414	478	12815569	12815505	1.36e-15	87.9	TE4_v1
AL2G20200	scaffold_2_RagTag:113346-24308598	83.505	97	12	4	69	163	12825607	12825513	1.36e-15	87.9	TE4_v1
AL2G20200	scaffold_2_RagTag:113346-24308598	87.5	72	7	2	460	530	12815612	12815542	6.34e-14	82.4	TE4_v1
AL2G20200	scaffold_6_RagTag:0-26949342	88.017	1427	115	34	417	1821	14447694	14449086	0	1637	TE4_v1
AL2G20200	scaffold_6_RagTag:0-26949342	93.651	63	4	0	416	478	14447737	14447799	8.15e-18	95.3	TE4_v1
AL6G40220	scaffold_6_RagTag:0-26949342	99.14	1512	11	2	2	1513	14447694	14449203	0	2719	TE4_v1
AL6G40220	scaffold_6_RagTag:0-26949342	100	32	0	0	1	32	14447715	14447746	2.35e-07	60.2	TE4_v1
AL6G40220	scaffold_2_RagTag:113346-24308598	88.087	1427	108	27	1	1396	12937595	12938990	0	1637	TE4_v1
AL6G40220	scaffold_2_RagTag:113346-24308598	91.483	998	62	8	1	977	12825315	12824320	0	1351	TE4_v1
AL6G40220	scaffold_2_RagTag:113346-24308598	85.97	948	92	28	1	935	12815612	12814693	0	976	TE4_v1
AL6G40220	scaffold_2_RagTag:113346-24308598	85.047	321	41	6	1085	1403	12824270	12823955	9.77e-86	320	TE4_v1
AL6G40220	scaffold_2_RagTag:113346-24308598	82.514	183	12	13	1309	1483	12823953	12823783	2.27e-32	143	TE4_v1
AL6G40220	scaffold_2_RagTag:113346-24308598	93.258	89	5	1	23	111	12937529	12937616	1.77e-28	130	TE4_v1
AL6G40220	scaffold_2_RagTag:113346-24308598	95.161	62	3	0	46	107	12825337	12825276	4.98e-19	99	TE4_v1
AL6G40220	scaffold_2_RagTag:113346-24308598	95.082	61	2	1	46	105	12815612	12815552	6.45e-18	95.3	TE4_v1
AL6G40220	scaffold_2_RagTag:113346-24308598	95	40	2	0	68	107	12825337	12825298	1.82e-08	63.9	TE4_v1
AL2G20010	scaffold_2_RagTag:0-23605790	97.158	1935	32	6	1	1934	12029673	12031585	0	3247	TE8_v1
AL2G20010	scaffold_2_RagTag:0-23605790	86.524	1447	138	32	538	1934	12240074	12238635	0	1539	TE8_v1
AL2G20010	scaffold_2_RagTag:0-23605790	91.107	1102	97	1	614	1714	12249878	12248777	0	1491	TE8_v1
AL2G20010	scaffold_2_RagTag:0-23605790	85.874	1430	114	24	538	1932	12033957	12035333	0	1441	TE8_v1
AL2G20010	scaffold_2_RagTag:0-23605790	87.996	1133	112	14	599	1714	12105227	12106352	0	1317	TE8_v1
AL2G20010	scaffold_2_RagTag:0-23605790	78.858	473	54	24	73	517	12104679	12105133	7.62e-73	278	TE8_v1
AL2G20010	scaffold_2_RagTag:0-23605790	85.271	258	32	4	261	517	12250239	12249987	7.67e-68	261	TE8_v1
AL2G20010	scaffold_2_RagTag:0-23605790	81.818	286	33	6	191	469	12033667	12033940	3.62e-56	222	TE8_v1
AL2G20010	scaffold_2_RagTag:0-23605790	91.045	67	6	0	1470	1536	12106070	12106136	1.06e-16	91.6	TE8_v1
AL2G20010	scaffold_2_RagTag:0-23605790	87.879	66	5	1	1427	1492	12031124	12031186	1.07e-11	75	TE8_v1
AL2G20010	scaffold_2_RagTag:0-23605790	91.111	45	4	0	1492	1536	12106070	12106114	8.35e-08	62.1	TE8_v1
AL2G20020	scaffold_2_RagTag:0-23605790	96.716	1979	26	6	1	1975	12033390	12035333	0	3258	TE8_v1
AL2G20020	scaffold_2_RagTag:0-23605790	92.227	1801	109	20	73	1860	12240571	12238789	0	2521	TE8_v1
AL2G20020	scaffold_2_RagTag:0-23605790	92.119	1180	78	7	600	1776	12105185	12106352	0	1650	TE8_v1
AL2G20020	scaffold_2_RagTag:0-23605790	90.847	1180	78	17	603	1776	12249932	12248777	0	1554	TE8_v1
AL2G20020	scaffold_2_RagTag:0-23605790	86.152	1437	126	32	567	1975	12030192	12031583	0	1483	TE8_v1
AL2G20020	scaffold_2_RagTag:0-23605790	90.785	293	22	5	261	550	12104796	12105086	1.24e-105	387	TE8_v1
AL2G20020	scaffold_2_RagTag:0-23605790	84.642	293	40	5	261	550	12042463	12042753	1.29e-75	287	TE8_v1
AL2G20020	scaffold_2_RagTag:0-23605790	90.61	213	20	0	338	550	12250246	12250034	1.67e-74	283	TE8_v1
AL2G20020	scaffold_2_RagTag:0-23605790	91.566	166	14	0	600	765	12042861	12043026	2.21e-58	230	TE8_v1
AL2G20020	scaffold_2_RagTag:0-23605790	80.702	171	23	7	1	165	12104600	12104766	1.07e-26	124	TE8_v1
AL2G20020	scaffold_2_RagTag:0-23605790	78.866	194	26	10	1	183	12042260	12042449	1.79e-24	117	TE8_v1
AL2G20020	scaffold_2_RagTag:0-23605790	94.737	57	3	0	1553	1609	12106089	12106145	3.91e-16	89.8	TE8_v1
AL2G20020	scaffold_2_RagTag:0-23605790	85.393	89	4	4	1528	1616	12249064	12248985	1.82e-14	84.2	TE8_v1
AL2G20020	scaffold_2_RagTag:0-23605790	89.394	66	4	3	1552	1616	12239168	12239105	2.35e-13	80.5	TE8_v1
AL2G20020	scaffold_2_RagTag:0-23605790	91.228	57	3	2	1560	1616	12249061	12249007	3.05e-12	76.8	TE8_v1
AL2G20030	scaffold_2_RagTag:0-23605790	99.12	1363	7	4	2415	3773	12061117	12062478	0	2446	TE8_v1
AL2G20030	scaffold_2_RagTag:0-23605790	92.08	1149	79	2	31	1176	12104663	12105802	0	1607	TE8_v1
AL2G20030	scaffold_2_RagTag:0-23605790	89.301	944	77	13	239	1181	12250246	12249326	0	1162	TE8_v1
AL2G20030	scaffold_2_RagTag:0-23605790	95.881	704	19	2	31	724	12042323	12043026	0	1131	TE8_v1
AL2G20030	scaffold_2_RagTag:0-23605790	94.222	623	36	0	559	1181	12033990	12034612	0	952	TE8_v1
AL2G20030	scaffold_2_RagTag:0-23605790	93.71	620	35	3	562	1181	12240038	12239423	0	926	TE8_v1
AL2G20030	scaffold_2_RagTag:0-23605790	98.953	382	4	0	2039	2420	12043043	12043424	0	684	TE8_v1
AL2G20030	scaffold_2_RagTag:0-23605790	84.211	627	65	20	601	1211	12030253	12030861	4.37e-163	579	TE8_v1
AL2G20030	scaffold_2_RagTag:0-23605790	88.263	426	26	14	1208	1617	12105704	12106121	7.58e-136	488	TE8_v1
AL2G20030	scaffold_2_RagTag:0-23605790	88.084	428	27	14	1208	1620	12249429	12249011	2.73e-135	486	TE8_v1
AL2G20030	scaffold_2_RagTag:0-23605790	87.943	423	30	11	1208	1617	12030716	12031130	4.56e-133	479	TE8_v1
AL2G20030	scaffold_2_RagTag:0-23605790	87.324	426	32	11	1208	1620	12239525	12239109	9.88e-130	468	TE8_v1
AL2G20030	scaffold_2_RagTag:0-23605790	86.052	423	35	16	1208	1617	12034509	12034920	3.6e-119	433	TE8_v1
AL2G20030	scaffold_2_RagTag:0-23605790	87.853	354	31	9	2753	3095	19818515	19818867	7.85e-111	405	TE8_v1
AL2G20030	scaffold_2_RagTag:0-23605790	87.784	352	32	8	2753	3093	19169737	19169386	1.02e-109	401	TE8_v1
AL2G20030	scaffold_2_RagTag:0-23605790	88.955	335	21	11	2758	3080	13675211	13674881	3.65e-109	399	TE8_v1
AL2G20030	scaffold_2_RagTag:0-23605790	87.5	344	32	6	2753	3085	3214581	3214238	2.85e-105	387	TE8_v1
AL2G20030	scaffold_2_RagTag:0-23605790	87.171	304	25	10	2753	3044	22243572	22243271	3.76e-89	333	TE8_v1
AL2G20030	scaffold_2_RagTag:0-23605790	85.321	327	29	10	177	491	12029845	12030164	2.93e-85	320	TE8_v1
AL2G20030	scaffold_2_RagTag:0-23605790	86.348	293	35	5	161	451	12033651	12033940	1.36e-83	315	TE8_v1
AL2G20030	scaffold_2_RagTag:0-23605790	83.849	291	41	6	165	452	12240377	12240090	8.31e-71	272	TE8_v1
AL2G20030	scaffold_2_RagTag:0-23605790	76.667	450	62	22	3876	4296	4867518	4867953	6.61e-52	209	TE8_v1
AL2G20030	scaffold_2_RagTag:0-23605790	76.442	416	71	13	3869	4260	11122253	11122665	3.98e-49	200	TE8_v1
AL2G20030	scaffold_2_RagTag:0-23605790	95.05	101	2	3	3774	3872	12299873	12299972	8.73e-36	156	TE8_v1
AL2G20030	scaffold_2_RagTag:0-23605790	75.071	353	64	10	3930	4260	8310340	8309990	6.8e-32	143	TE8_v1
AL2G20030	scaffold_2_RagTag:0-23605790	85.577	104	11	3	31	131	12033453	12033555	8.92e-21	106	TE8_v1
AL2G20030	scaffold_2_RagTag:0-23605790	81.982	111	10	6	44	147	12240568	12240461	1.16e-14	86.1	TE8_v1
AL2G20030	scaffold_2_RagTag:0-23605790	97.778	45	1	0	1568	1612	12034915	12034959	1.94e-12	78.7	TE8_v1
AL2G20030	scaffold_2_RagTag:0-23605790	100	38	0	0	1573	1610	12031149	12031186	3.25e-10	71.3	TE8_v1
AL2G20030	scaffold_6_RagTag:0-26335035	98.38	1173	12	4	2605	3773	14166451	14165282	0	2054	TE8_v1
AL2G20030	scaffold_6_RagTag:0-26335035	88.352	352	30	8	2753	3093	2338842	2338491	4.69e-113	412	TE8_v1
AL2G20030	scaffold_6_RagTag:0-26335035	87.784	352	32	6	2753	3093	7535207	7534856	1.02e-109	401	TE8_v1
AL2G20030	scaffold_6_RagTag:0-26335035	88.657	335	27	8	2753	3076	8443107	8443441	1.31e-108	398	TE8_v1
AL2G20030	scaffold_6_RagTag:0-26335035	87.143	350	33	6	2753	3091	24096271	24095923	2.85e-105	387	TE8_v1
AL2G20030	scaffold_6_RagTag:0-26335035	86.932	352	34	7	2757	3096	7535632	7535983	1.02e-104	385	TE8_v1
AL2G20030	scaffold_6_RagTag:0-26335035	87.611	339	31	6	2753	3080	2338861	2339199	3.68e-104	383	TE8_v1
AL2G20030	scaffold_6_RagTag:0-26335035	86.723	354	36	7	2753	3095	5014103	5013750	3.68e-104	383	TE8_v1
AL2G20030	scaffold_6_RagTag:0-26335035	87.651	332	30	8	2770	3090	8383664	8383995	6.16e-102	375	TE8_v1
AL2G20030	scaffold_6_RagTag:0-26335035	86.842	342	32	7	2754	3082	13454986	13454645	2.87e-100	370	TE8_v1
AL2G20030	scaffold_6_RagTag:0-26335035	86.246	349	37	8	2753	3090	8451924	8452272	1.03e-99	368	TE8_v1
AL2G20030	scaffold_6_RagTag:0-26335035	86.207	348	37	8	2753	3089	21503936	21504283	3.71e-99	366	TE8_v1
AL2G20030	scaffold_6_RagTag:0-26335035	86.567	335	33	9	2753	3076	19732247	19731914	6.2e-97	359	TE8_v1
AL2G20030	scaffold_6_RagTag:0-26335035	85.632	348	37	7	2756	3092	7948685	7948340	2.89e-95	353	TE8_v1
AL2G20030	scaffold_6_RagTag:0-26335035	85.755	351	29	10	2753	3082	25307386	25307036	1.04e-94	351	TE8_v1
AL2G20030	scaffold_6_RagTag:0-26335035	77.108	415	69	12	3869	4260	9148563	9148974	3.95e-54	217	TE8_v1
AL2G20030	scaffold_8_RagTag:0-24591694	92.973	740	18	9	1820	2554	212238	211528	0	1048	TE8_v1
AL2G20030	scaffold_8_RagTag:0-24591694	94.726	474	24	1	4027	4500	4599494	4599966	0	736	TE8_v1
AL2G20030	scaffold_8_RagTag:0-24591694	88.953	344	27	6	2753	3085	5382616	5382273	1.31e-113	414	TE8_v1
AL2G20030	scaffold_8_RagTag:0-24591694	89.15	341	26	6	2753	3082	5575137	5575477	1.31e-113	414	TE8_v1
AL2G20030	scaffold_8_RagTag:0-24591694	88.012	342	28	10	2753	3082	22229050	22228710	6.11e-107	392	TE8_v1
AL2G20030	scaffold_8_RagTag:0-24591694	86.538	364	36	9	2753	3103	1129271	1129634	7.91e-106	388	TE8_v1
AL2G20030	scaffold_8_RagTag:0-24591694	87.39	341	32	6	2753	3082	13374759	13375099	1.32e-103	381	TE8_v1
AL2G20030	scaffold_8_RagTag:0-24591694	86.51	341	35	7	2753	3082	5112857	5112517	1.33e-98	364	TE8_v1
AL2G20030	scaffold_8_RagTag:0-24591694	90.706	269	12	4	3869	4125	4599217	4599484	4.83e-93	346	TE8_v1
AL2G20030	scaffold_8_RagTag:0-24591694	95.261	211	6	2	3563	3773	211210	211004	1.35e-88	331	TE8_v1
AL2G20030	scaffold_8_RagTag:0-24591694	84.661	339	35	8	2756	3077	6453315	6452977	8.14e-86	322	TE8_v1
AL2G20030	scaffold_8_RagTag:0-24591694	84.194	310	40	9	4195	4500	4599968	4599664	6.38e-77	292	TE8_v1
AL2G20030	scaffold_8_RagTag:0-24591694	88.496	226	21	5	4278	4500	4599662	4599885	1.08e-69	268	TE8_v1
AL2G20030	scaffold_8_RagTag:0-24591694	82.353	306	45	9	4158	4459	4599925	4599625	2.33e-66	257	TE8_v1
AL2G20030	scaffold_8_RagTag:0-24591694	84.914	232	27	6	4195	4423	4599745	4599971	1.82e-57	228	TE8_v1
AL2G20030	scaffold_8_RagTag:0-24591694	83.621	232	16	5	3087	3318	211412	211203	1.43e-48	198	TE8_v1
AL2G20030	scaffold_8_RagTag:0-24591694	78.125	352	42	17	2754	3082	22270468	22270807	2.39e-46	191	TE8_v1
AL2G20030	scaffold_8_RagTag:0-24591694	95.098	102	4	1	2652	2752	211513	211412	6.75e-37	159	TE8_v1
AL2G20030	scaffold_8_RagTag:0-24591694	79.144	187	31	7	4158	4340	4599788	4599970	8.86e-26	122	TE8_v1
AL2G20030	scaffold_3_RagTag:1-26654334	94.72	644	23	6	3867	4499	10242403	10243046	0	990	TE8_v1
AL2G20030	scaffold_3_RagTag:1-26654334	93.313	643	32	2	3869	4500	14290599	14289957	0	939	TE8_v1
AL2G20030	scaffold_3_RagTag:1-26654334	91.615	644	28	4	3869	4498	20645741	20646372	0	867	TE8_v1
AL2G20030	scaffold_3_RagTag:1-26654334	91.46	644	29	4	3869	4498	20623816	20624447	0	861	TE8_v1
AL2G20030	scaffold_3_RagTag:1-26654334	91.234	616	31	8	3908	4500	20304765	20305380	0	817	TE8_v1
AL2G20030	scaffold_3_RagTag:1-26654334	94.093	474	28	0	4027	4500	10466047	10466520	0	721	TE8_v1
AL2G20030	scaffold_3_RagTag:1-26654334	88.824	340	27	8	2754	3082	9157063	9157402	2.18e-111	407	TE8_v1
AL2G20030	scaffold_3_RagTag:1-26654334	88.184	347	30	7	2753	3088	13244632	13244286	2.82e-110	403	TE8_v1
AL2G20030	scaffold_3_RagTag:1-26654334	87.429	350	33	6	2753	3091	9753766	9754115	6.11e-107	392	TE8_v1
AL2G20030	scaffold_3_RagTag:1-26654334	90.365	301	17	5	2753	3043	13723826	13724124	1.02e-104	385	TE8_v1
AL2G20030	scaffold_3_RagTag:1-26654334	87.761	335	29	7	2753	3076	5450990	5451323	1.32e-103	381	TE8_v1
AL2G20030	scaffold_3_RagTag:1-26654334	87.097	341	33	6	2753	3082	14384132	14384472	6.16e-102	375	TE8_v1
AL2G20030	scaffold_3_RagTag:1-26654334	92.537	268	9	2	3871	4127	10465771	10466038	2.21e-101	374	TE8_v1
AL2G20030	scaffold_3_RagTag:1-26654334	88.214	280	24	5	2822	3092	22328971	22328692	6.29e-87	326	TE8_v1
AL2G20030	scaffold_3_RagTag:1-26654334	85.05	301	37	7	4201	4497	10243044	10242748	3.81e-79	300	TE8_v1
AL2G20030	scaffold_3_RagTag:1-26654334	83.492	315	40	12	4192	4500	14289952	14290260	3.84e-74	283	TE8_v1
AL2G20030	scaffold_3_RagTag:1-26654334	83.667	300	43	5	4201	4497	20624446	20624150	1.79e-72	278	TE8_v1
AL2G20030	scaffold_3_RagTag:1-26654334	83.721	301	41	7	4201	4497	20646371	20646075	1.79e-72	278	TE8_v1
AL2G20030	scaffold_3_RagTag:1-26654334	88.938	226	20	5	4278	4500	14290262	14290039	2.31e-71	274	TE8_v1
AL2G20030	scaffold_3_RagTag:1-26654334	83.013	312	41	10	4195	4500	10466522	10466217	8.31e-71	272	TE8_v1
AL2G20030	scaffold_3_RagTag:1-26654334	83.007	306	44	8	4158	4459	10243006	10242705	2.99e-70	270	TE8_v1
AL2G20030	scaffold_3_RagTag:1-26654334	88.496	226	21	5	4278	4500	10466215	10466438	1.08e-69	268	TE8_v1
AL2G20030	scaffold_3_RagTag:1-26654334	85.057	261	34	5	4158	4415	20624408	20624150	1.8e-67	261	TE8_v1
AL2G20030	scaffold_3_RagTag:1-26654334	82.41	307	44	9	4158	4459	14289998	14290299	6.47e-67	259	TE8_v1
AL2G20030	scaffold_3_RagTag:1-26654334	84.559	272	31	9	4158	4423	20646113	20646379	6.47e-67	259	TE8_v1
AL2G20030	scaffold_3_RagTag:1-26654334	87.069	232	23	6	4195	4423	10242825	10243052	8.37e-66	255	TE8_v1
AL2G20030	scaffold_3_RagTag:1-26654334	84.733	262	33	7	4158	4415	20646333	20646075	8.37e-66	255	TE8_v1
AL2G20030	scaffold_3_RagTag:1-26654334	82.085	307	45	9	4158	4459	10466479	10466178	3.01e-65	254	TE8_v1
AL2G20030	scaffold_3_RagTag:1-26654334	84.133	271	34	7	4158	4423	20624188	20624454	3.01e-65	254	TE8_v1
AL2G20030	scaffold_3_RagTag:1-26654334	81.677	322	39	15	4195	4500	20305382	20305065	3.89e-64	250	TE8_v1
AL2G20030	scaffold_3_RagTag:1-26654334	86.818	220	25	4	4283	4500	10242748	10242965	6.52e-62	243	TE8_v1
AL2G20030	scaffold_3_RagTag:1-26654334	83.394	277	31	11	4195	4459	20305299	20305026	6.52e-62	243	TE8_v1
AL2G20030	scaffold_3_RagTag:1-26654334	95.302	149	6	1	4352	4500	20305150	20305297	1.09e-59	235	TE8_v1
AL2G20030	scaffold_3_RagTag:1-26654334	85.909	220	27	4	4283	4500	20624150	20624367	1.41e-58	231	TE8_v1
AL2G20030	scaffold_3_RagTag:1-26654334	85.909	220	27	4	4283	4500	20646075	20646292	1.41e-58	231	TE8_v1
AL2G20030	scaffold_3_RagTag:1-26654334	84.914	232	28	6	4195	4423	10466298	10466525	1.82e-57	228	TE8_v1
AL2G20030	scaffold_3_RagTag:1-26654334	83.682	239	31	7	4189	4423	20305151	20305385	1.1e-54	219	TE8_v1
AL2G20030	scaffold_3_RagTag:1-26654334	97.03	101	1	2	3774	3872	7011694	7011794	1.12e-39	169	TE8_v1
AL2G20030	scaffold_3_RagTag:1-26654334	83.708	178	26	2	4158	4333	10242924	10242748	1.45e-38	165	TE8_v1
AL2G20030	scaffold_3_RagTag:1-26654334	82.222	180	25	6	4158	4333	20624326	20624150	1.46e-33	148	TE8_v1
AL2G20030	scaffold_3_RagTag:1-26654334	82.222	180	25	6	4158	4333	20646251	20646075	1.46e-33	148	TE8_v1
AL2G20030	scaffold_3_RagTag:1-26654334	79.255	188	30	8	4158	4340	10242868	10243051	8.86e-26	122	TE8_v1
AL2G20030	scaffold_3_RagTag:1-26654334	79.365	189	28	9	4158	4340	10466341	10466524	8.86e-26	122	TE8_v1
AL2G20030	scaffold_3_RagTag:1-26654334	78.421	190	29	10	4158	4340	20305200	20305384	5.33e-23	113	TE8_v1
AL2G20030	scaffold_1_RagTag:13975-33400674	93.012	644	32	4	3869	4500	32294247	32294889	0	928	TE8_v1
AL2G20030	scaffold_1_RagTag:13975-33400674	88.669	353	28	7	2753	3093	9859975	9860327	2.81e-115	420	TE8_v1
AL2G20030	scaffold_1_RagTag:13975-33400674	88.352	352	29	8	2752	3092	17868465	17868115	4.69e-113	412	TE8_v1
AL2G20030	scaffold_1_RagTag:13975-33400674	88.319	351	29	7	2753	3091	174003	174353	1.69e-112	411	TE8_v1
AL2G20030	scaffold_1_RagTag:13975-33400674	88.068	352	31	5	2753	3093	16634351	16634702	2.18e-111	407	TE8_v1
AL2G20030	scaffold_1_RagTag:13975-33400674	88.563	341	26	10	2753	3081	26193902	26193563	1.02e-109	401	TE8_v1
AL2G20030	scaffold_1_RagTag:13975-33400674	87.931	348	30	8	2753	3088	16506483	16506136	3.65e-109	399	TE8_v1
AL2G20030	scaffold_1_RagTag:13975-33400674	87.896	347	31	5	2756	3091	1360475	1360129	1.31e-108	398	TE8_v1
AL2G20030	scaffold_1_RagTag:13975-33400674	88.081	344	30	7	2753	3085	26168960	26168617	1.31e-108	398	TE8_v1
AL2G20030	scaffold_1_RagTag:13975-33400674	88.081	344	30	7	2753	3085	26178964	26178621	1.31e-108	398	TE8_v1
AL2G20030	scaffold_1_RagTag:13975-33400674	87.791	344	31	7	2753	3085	26158971	26158628	6.11e-107	392	TE8_v1
AL2G20030	scaffold_1_RagTag:13975-33400674	87.356	348	33	6	2753	3089	10713551	10713898	7.91e-106	388	TE8_v1
AL2G20030	scaffold_1_RagTag:13975-33400674	87.834	337	30	6	2754	3079	14466619	14466283	1.02e-104	385	TE8_v1
AL2G20030	scaffold_1_RagTag:13975-33400674	87.059	340	34	5	2753	3082	8496993	8496654	6.16e-102	375	TE8_v1
AL2G20030	scaffold_1_RagTag:13975-33400674	87.059	340	34	5	2753	3082	8520037	8519698	6.16e-102	375	TE8_v1
AL2G20030	scaffold_1_RagTag:13975-33400674	85.294	340	27	12	2753	3082	6928269	6927943	4.86e-88	329	TE8_v1
AL2G20030	scaffold_1_RagTag:13975-33400674	90.476	252	17	6	3319	3564	7778364	7778114	6.29e-87	326	TE8_v1
AL2G20030	scaffold_1_RagTag:13975-33400674	88.172	279	25	5	2826	3096	27863879	27863601	6.29e-87	326	TE8_v1
AL2G20030	scaffold_1_RagTag:13975-33400674	89.333	225	21	3	4278	4500	32294583	32294806	4.97e-73	279	TE8_v1
AL2G20030	scaffold_1_RagTag:13975-33400674	88.732	213	24	0	2884	3096	18408323	18408111	1.8e-67	261	TE8_v1
AL2G20030	scaffold_1_RagTag:13975-33400674	82.315	311	46	9	4195	4500	32294891	32294585	1.8e-67	261	TE8_v1
AL2G20030	scaffold_1_RagTag:13975-33400674	85.833	240	30	4	4195	4432	32294808	32294571	1.08e-64	252	TE8_v1
AL2G20030	scaffold_1_RagTag:13975-33400674	90	190	18	1	2892	3081	26158626	26158438	1.81e-62	244	TE8_v1
AL2G20030	scaffold_1_RagTag:13975-33400674	88.947	190	20	1	2892	3081	26178619	26178431	3.92e-59	233	TE8_v1
AL2G20030	scaffold_1_RagTag:13975-33400674	77.053	414	71	10	3869	4260	27243452	27243041	3.95e-54	217	TE8_v1
AL2G20030	scaffold_1_RagTag:13975-33400674	83.691	233	30	7	4195	4423	32294666	32294894	5.11e-53	213	TE8_v1
AL2G20030	scaffold_1_RagTag:13975-33400674	76.867	415	70	12	3869	4260	14837800	14838211	1.84e-52	211	TE8_v1
AL2G20030	scaffold_1_RagTag:13975-33400674	98.02	101	0	2	3774	3872	15951081	15951181	2.41e-41	174	TE8_v1
AL2G20030	scaffold_1_RagTag:13975-33400674	97.917	96	0	2	3774	3868	7842282	7842188	1.45e-38	165	TE8_v1
AL2G20030	scaffold_1_RagTag:13975-33400674	96.078	102	1	3	3774	3872	29632621	29632520	5.22e-38	163	TE8_v1
AL2G20030	scaffold_1_RagTag:13975-33400674	94.898	98	2	3	3777	3872	6989201	6989105	4.06e-34	150	TE8_v1
AL2G20030	scaffold_1_RagTag:13975-33400674	94.382	89	4	1	3319	3406	4637284	4637196	1.14e-29	135	TE8_v1
AL2G20030	scaffold_1_RagTag:13975-33400674	78.421	190	29	10	4158	4340	32294709	32294893	5.33e-23	113	TE8_v1
AL2G20030	scaffold_1_RagTag:13975-33400674	89.412	85	8	1	3774	3857	32114852	32114936	8.92e-21	106	TE8_v1
AL2G20030	scaffold_1_RagTag:13975-33400674	95.556	45	1	1	3774	3818	13948340	13948383	3.25e-10	71.3	TE8_v1
AL2G20030	scaffold_4_RagTag:825599-25061996	93.12	625	30	4	3888	4500	2851511	2850888	0	904	TE8_v1
AL2G20030	scaffold_4_RagTag:825599-25061996	84.657	554	38	23	3888	4423	11411658	11412182	5.82e-142	508	TE8_v1
AL2G20030	scaffold_4_RagTag:825599-25061996	88.252	349	30	7	2753	3090	6567744	6568092	2.18e-111	407	TE8_v1
AL2G20030	scaffold_4_RagTag:825599-25061996	88.081	344	34	4	2753	3092	19817123	19816783	1.02e-109	401	TE8_v1
AL2G20030	scaffold_4_RagTag:825599-25061996	87.429	350	33	7	2753	3092	17269268	17269616	6.11e-107	392	TE8_v1
AL2G20030	scaffold_4_RagTag:825599-25061996	87.647	340	31	6	2753	3081	6810824	6811163	1.02e-104	385	TE8_v1
AL2G20030	scaffold_4_RagTag:825599-25061996	88.938	226	19	6	4278	4500	2851193	2850971	2.31e-71	274	TE8_v1
AL2G20030	scaffold_4_RagTag:825599-25061996	82.911	316	40	12	4192	4500	2850883	2851191	8.31e-71	272	TE8_v1
AL2G20030	scaffold_4_RagTag:825599-25061996	84.286	280	35	8	4183	4459	2850957	2851230	1.39e-68	265	TE8_v1
AL2G20030	scaffold_4_RagTag:825599-25061996	84.052	232	30	6	4195	4423	2851110	2850883	3.95e-54	217	TE8_v1
AL2G20030	scaffold_4_RagTag:825599-25061996	84.507	142	17	5	4195	4333	11412110	11411971	1.14e-29	135	TE8_v1
AL2G20030	scaffold_4_RagTag:825599-25061996	78.836	189	29	10	4158	4340	2851067	2850884	4.12e-24	117	TE8_v1
AL2G20030	scaffold_4_RagTag:825599-25061996	87.671	73	7	2	4189	4261	11412114	11412184	4.18e-14	84.2	TE8_v1
AL2G20030	scaffold_7_RagTag:0-28571223	88.663	344	28	6	2753	3085	13140681	13140338	6.07e-112	409	TE8_v1
AL2G20030	scaffold_7_RagTag:0-28571223	88.563	341	28	8	2753	3082	523676	524016	2.82e-110	403	TE8_v1
AL2G20030	scaffold_7_RagTag:0-28571223	88.372	344	29	7	2753	3085	12014460	12014117	2.82e-110	403	TE8_v1
AL2G20030	scaffold_7_RagTag:0-28571223	87.784	352	31	7	2753	3092	12495123	12495474	1.02e-109	401	TE8_v1
AL2G20030	scaffold_7_RagTag:0-28571223	88.012	342	29	7	2753	3082	24519153	24518812	1.7e-107	394	TE8_v1
AL2G20030	scaffold_7_RagTag:0-28571223	87.464	351	31	6	2754	3091	17654840	17655190	6.11e-107	392	TE8_v1
AL2G20030	scaffold_7_RagTag:0-28571223	87.283	346	33	6	2756	3090	13304951	13304606	1.02e-104	385	TE8_v1
AL2G20030	scaffold_7_RagTag:0-28571223	86.994	346	34	7	2753	3087	14513923	14513578	4.76e-103	379	TE8_v1
AL2G20030	scaffold_7_RagTag:0-28571223	85.912	362	39	7	2753	3102	8044603	8044242	6.16e-102	375	TE8_v1
AL2G20030	scaffold_7_RagTag:0-28571223	86.337	344	36	6	2753	3085	22326328	22325985	1.33e-98	364	TE8_v1
AL2G20030	scaffold_7_RagTag:0-28571223	88.502	287	23	7	2753	3032	25054132	25054415	8.08e-91	339	TE8_v1
AL2G20030	scaffold_7_RagTag:0-28571223	87.584	298	26	6	2753	3039	22327025	22326728	1.05e-89	335	TE8_v1
AL2G20030	scaffold_7_RagTag:0-28571223	84.164	341	30	7	2754	3082	11606330	11606658	6.34e-82	309	TE8_v1
AL2G20030	scaffold_7_RagTag:0-28571223	85.906	298	32	6	2804	3091	25068856	25069153	6.34e-82	309	TE8_v1
AL2G20030	scaffold_7_RagTag:0-28571223	87.266	267	26	4	2827	3085	14453214	14452948	1.37e-78	298	TE8_v1
AL2G20030	scaffold_7_RagTag:0-28571223	77.007	461	63	22	3865	4296	2527432	2526986	2.36e-56	224	TE8_v1
AL2G20030	scaffold_7_RagTag:0-28571223	77.088	419	70	12	3865	4260	5080415	5080830	1.1e-54	219	TE8_v1
AL2G20030	scaffold_7_RagTag:0-28571223	89.933	149	15	0	2934	3082	5192392	5192540	6.66e-47	193	TE8_v1
AL2G20030	scaffold_7_RagTag:0-28571223	76.077	418	70	14	3869	4260	11805777	11805364	2.39e-46	191	TE8_v1
AL2G20030	scaffold_7_RagTag:0-28571223	87.349	166	18	1	2899	3064	409508	409346	3.1e-45	187	TE8_v1
AL2G20030	scaffold_5_RagTag:609893-23791649	88.563	341	28	8	2753	3082	2524924	2525264	2.82e-110	403	TE8_v1
AL2G20030	scaffold_5_RagTag:609893-23791649	88.563	341	28	6	2749	3078	13812123	13811783	2.82e-110	403	TE8_v1
AL2G20030	scaffold_5_RagTag:609893-23791649	88.27	341	29	6	2753	3082	3259465	3259805	1.31e-108	398	TE8_v1
AL2G20030	scaffold_5_RagTag:609893-23791649	87.097	341	33	6	2753	3082	14680882	14681222	6.16e-102	375	TE8_v1
AL2G20030	scaffold_5_RagTag:609893-23791649	86.364	352	29	9	2753	3085	1586593	1586242	3.71e-99	366	TE8_v1
AL2G20030	scaffold_5_RagTag:609893-23791649	86.207	348	36	8	2757	3092	18739266	18738919	3.71e-99	366	TE8_v1
AL2G20030	scaffold_5_RagTag:609893-23791649	86.647	337	33	7	2753	3079	16979552	16979886	4.79e-98	363	TE8_v1
AL2G20030	scaffold_5_RagTag:609893-23791649	85.241	332	37	8	2796	3116	18808226	18808556	1.35e-88	331	TE8_v1
AL2G20030	scaffold_5_RagTag:609893-23791649	94.059	101	3	3	3774	3872	14365083	14365182	4.06e-34	150	TE8_v1
AL2G20070	scaffold_2_RagTag:0-23605790	98.174	1314	24	0	1	1314	12104600	12105913	0	2294	TE8_v1
AL2G20070	scaffold_2_RagTag:0-23605790	90.682	1041	80	10	275	1314	12250246	12249222	0	1369	TE8_v1
AL2G20070	scaffold_2_RagTag:0-23605790	94.215	726	36	4	589	1314	12240038	12239319	0	1103	TE8_v1
AL2G20070	scaffold_2_RagTag:0-23605790	93.827	729	39	3	586	1314	12033990	12034712	0	1092	TE8_v1
AL2G20070	scaffold_2_RagTag:0-23605790	89.57	767	64	6	1	751	12042260	12043026	0	959	TE8_v1
AL2G20070	scaffold_2_RagTag:0-23605790	86.938	689	69	15	628	1314	12030253	12030922	0	754	TE8_v1
AL2G20070	scaffold_2_RagTag:0-23605790	92.44	291	16	6	201	488	12240377	12240090	5.02e-113	411	TE8_v1
AL2G20070	scaffold_2_RagTag:0-23605790	91.468	293	20	5	197	487	12033651	12033940	3.91e-109	398	TE8_v1
AL2G20070	scaffold_2_RagTag:0-23605790	82.282	333	42	8	213	534	12029845	12030171	2.47e-71	272	TE8_v1
AL2G20070	scaffold_2_RagTag:0-23605790	81.395	172	21	7	1	167	12033390	12033555	1.57e-28	130	TE8_v1
AL2G20070	scaffold_2_RagTag:0-23605790	83.495	103	7	6	88	183	12240560	12240461	9.61e-16	87.9	TE8_v1
AL2G20200	scaffold_2_RagTag:0-23605790	96.042	1415	38	8	1	1410	12238637	12240038	0	2287	TE8_v1
AL2G20200	scaffold_2_RagTag:0-23605790	92.656	1566	75	15	239	1801	12248777	12250305	0	2218	TE8_v1
AL2G20200	scaffold_2_RagTag:0-23605790	90.197	1571	125	16	239	1798	12106352	12104800	0	2021	TE8_v1
AL2G20200	scaffold_2_RagTag:0-23605790	89.095	1238	82	21	186	1413	12035184	12033990	0	1489	TE8_v1
AL2G20200	scaffold_2_RagTag:0-23605790	86.067	1378	138	32	1	1371	12031583	12030253	0	1432	TE8_v1
AL2G20200	scaffold_2_RagTag:0-23605790	87.011	562	60	9	1248	1798	12043026	12042467	3.01e-176	621	TE8_v1
AL2G20200	scaffold_2_RagTag:0-23605790	90.939	309	23	4	1515	1821	12033937	12033632	7.09e-113	411	TE8_v1
AL2G20200	scaffold_2_RagTag:0-23605790	90.446	314	26	4	1511	1821	12240090	12240402	7.09e-113	411	TE8_v1
AL2G20200	scaffold_2_RagTag:0-23605790	82.687	335	37	7	1465	1786	12030171	12029845	7.5e-73	278	TE8_v1
AL2G20200	scaffold_2_RagTag:0-23605790	98.039	51	0	1	1856	1905	12029895	12029845	1.36e-15	87.9	TE8_v1
AL2G20200	scaffold_2_RagTag:0-23605790	82.474	97	13	4	69	163	12106450	12106356	6.31e-14	82.4	TE8_v1
AL2G20200	scaffold_2_RagTag:0-23605790	96.97	33	0	1	1433	1464	12030228	12030196	1.38e-05	54.7	TE8_v1
AL6G40220	scaffold_2_RagTag:0-23605790	89.209	1529	108	14	1	1483	12106180	12104663	0	1857	TE8_v1
AL6G40220	scaffold_2_RagTag:0-23605790	88.459	1317	107	19	1	1297	12248955	12250246	0	1548	TE8_v1
AL6G40220	scaffold_2_RagTag:0-23605790	91.624	979	65	10	14	977	12034966	12033990	0	1338	TE8_v1
AL6G40220	scaffold_2_RagTag:0-23605790	90.342	994	69	14	1	974	12239052	12240038	0	1279	TE8_v1
AL6G40220	scaffold_2_RagTag:0-23605790	93.466	704	14	3	812	1483	12043026	12042323	0	1016	TE8_v1
AL6G40220	scaffold_2_RagTag:0-23605790	85.879	956	92	23	1	935	12031186	12030253	0	977	TE8_v1
AL6G40220	scaffold_2_RagTag:0-23605790	85.358	321	40	6	1085	1403	12033940	12033625	2.09e-87	326	TE8_v1
AL6G40220	scaffold_2_RagTag:0-23605790	82.514	183	12	13	1309	1483	12033623	12033453	2.26e-32	143	TE8_v1
AL6G40220	scaffold_2_RagTag:0-23605790	82.84	169	11	11	1309	1470	12240411	12240568	3.78e-30	135	TE8_v1
AL6G40220	scaffold_2_RagTag:0-23605790	95.312	64	2	1	1	64	12248999	12249061	1.38e-19	100	TE8_v1
AL6G40220	scaffold_2_RagTag:0-23605790	91.935	62	5	0	46	107	12106180	12106119	1.07e-15	87.9	TE8_v1
AL6G40220	scaffold_2_RagTag:0-23605790	94.34	53	3	0	59	111	12034966	12034914	4.99e-14	82.4	TE8_v1
AL6G40220	scaffold_2_RagTag:0-23605790	97.368	38	1	0	68	105	12031186	12031149	5.03e-09	65.8	TE8_v1
AL2G20030	scaffold_6_RagTag	98.124	1173	16	4	2605	3773	15167927	15166757	0	2039	WS1_v2_s
AL2G20030	scaffold_6_RagTag	88.856	341	27	7	2753	3082	11871317	11870977	5.88e-112	409	WS1_v2_s
AL2G20030	scaffold_6_RagTag	88.068	352	30	9	2753	3092	9495189	9495540	2.12e-111	407	WS1_v2_s
AL2G20030	scaffold_6_RagTag	87.39	341	32	6	2753	3082	2227696	2228036	1.28e-103	381	WS1_v2_s
AL2G20030	scaffold_6_RagTag	87.021	339	35	5	2753	3082	25910575	25910913	2.15e-101	374	WS1_v2_s
AL2G20030	scaffold_6_RagTag	86.842	342	33	6	2754	3083	14194935	14194594	7.72e-101	372	WS1_v2_s
AL2G20030	scaffold_6_RagTag	86.55	342	34	6	2754	3083	14317997	14317656	3.59e-99	366	WS1_v2_s
AL2G20030	scaffold_6_RagTag	86.747	332	32	9	2756	3076	20114657	20114327	6.01e-97	359	WS1_v2_s
AL2G20030	scaffold_6_RagTag	90.052	191	19	0	2899	3089	26102604	26102414	1.36e-63	248	WS1_v2_s
AL2G20030	scaffold_6_RagTag	77.295	414	70	10	3869	4260	23257620	23258031	8.23e-56	222	WS1_v2_s
AL2G20030	scaffold_6_RagTag	98.02	101	0	2	3774	3872	14582224	14582324	2.34e-41	174	WS1_v2_s
AL2G20030	scaffold_8_RagTag	92.973	740	18	9	1820	2554	217165	216455	0	1048	WS1_v2_s
AL2G20030	scaffold_8_RagTag	89.15	341	26	6	2753	3082	4979043	4979383	1.26e-113	414	WS1_v2_s
AL2G20030	scaffold_8_RagTag	88.728	346	28	6	2753	3087	12249408	12249063	4.55e-113	412	WS1_v2_s
AL2G20030	scaffold_8_RagTag	87.791	344	31	7	2753	3085	16149725	16149382	5.92e-107	392	WS1_v2_s
AL2G20030	scaffold_8_RagTag	88.012	342	28	10	2753	3082	21362335	21361995	5.92e-107	392	WS1_v2_s
AL2G20030	scaffold_8_RagTag	87.683	341	31	6	2753	3082	12673323	12673663	2.76e-105	387	WS1_v2_s
AL2G20030	scaffold_8_RagTag	86.239	327	34	7	2753	3068	6023452	6023778	1.68e-92	344	WS1_v2_s
AL2G20030	scaffold_8_RagTag	95.261	211	6	2	3563	3773	216137	215931	1.31e-88	331	WS1_v2_s
AL2G20030	scaffold_8_RagTag	91.878	197	16	0	2881	3077	5754420	5754224	6.23e-72	276	WS1_v2_s
AL2G20030	scaffold_8_RagTag	84.052	232	15	5	3087	3318	216339	216130	2.98e-50	204	WS1_v2_s
AL2G20030	scaffold_8_RagTag	98.02	101	0	2	3774	3872	6385761	6385861	2.34e-41	174	WS1_v2_s
AL2G20030	scaffold_8_RagTag	94.118	102	5	1	2652	2752	216440	216339	3.04e-35	154	WS1_v2_s
AL2G20030	scaffold_8_RagTag	94.059	101	3	3	3774	3872	16771368	16771467	3.94e-34	150	WS1_v2_s
AL2G20030	scaffold_8_RagTag	84.416	154	10	4	2754	2904	21408840	21408982	8.52e-31	139	WS1_v2_s
AL2G20030	scaffold_3_RagTag	95.095	632	20	1	3867	4487	10438666	10439297	0	985	WS1_v2_s
AL2G20030	scaffold_3_RagTag	88.252	349	30	7	2753	3090	13528461	13528809	2.12e-111	407	WS1_v2_s
AL2G20030	scaffold_3_RagTag	88.252	349	30	7	2753	3090	13553572	13553920	2.12e-111	407	WS1_v2_s
AL2G20030	scaffold_3_RagTag	88.184	347	30	7	2753	3088	13606664	13606318	2.74e-110	403	WS1_v2_s
AL2G20030	scaffold_3_RagTag	90.365	301	17	6	2753	3043	14061051	14061349	9.91e-105	385	WS1_v2_s
AL2G20030	scaffold_3_RagTag	86.919	344	34	6	2753	3085	20457726	20457383	5.97e-102	375	WS1_v2_s
AL2G20030	scaffold_3_RagTag	86.494	348	36	6	2753	3089	23863315	23863662	7.72e-101	372	WS1_v2_s
AL2G20030	scaffold_3_RagTag	86.804	341	34	6	2753	3082	13527963	13528303	2.78e-100	370	WS1_v2_s
AL2G20030	scaffold_3_RagTag	86.804	341	34	6	2753	3082	13553074	13553414	2.78e-100	370	WS1_v2_s
AL2G20030	scaffold_3_RagTag	86.325	351	35	9	2744	3082	13878839	13879188	2.78e-100	370	WS1_v2_s
AL2G20030	scaffold_3_RagTag	87.037	324	30	8	2753	3065	4815393	4815715	7.77e-96	355	WS1_v2_s
AL2G20030	scaffold_3_RagTag	89.804	255	19	6	3316	3563	6852858	6853112	2.84e-85	320	WS1_v2_s
AL2G20030	scaffold_3_RagTag	87.833	263	23	4	2822	3076	5565311	5565572	3.69e-79	300	WS1_v2_s
AL2G20030	scaffold_3_RagTag	85.424	295	35	7	4207	4497	10439301	10439011	3.69e-79	300	WS1_v2_s
AL2G20030	scaffold_3_RagTag	83.333	306	43	8	4158	4459	10439269	10438968	6.23e-72	276	WS1_v2_s
AL2G20030	scaffold_3_RagTag	92.391	184	12	2	3869	4052	13731738	13731919	1.74e-67	261	WS1_v2_s
AL2G20030	scaffold_3_RagTag	87.273	220	24	4	4283	4500	10439011	10439228	1.36e-63	248	WS1_v2_s
AL2G20030	scaffold_3_RagTag	86.239	218	23	6	4195	4409	10439088	10439301	4.92e-58	230	WS1_v2_s
AL2G20030	scaffold_3_RagTag	98.02	101	0	2	3774	3872	11157867	11157767	2.34e-41	174	WS1_v2_s
AL2G20030	scaffold_3_RagTag	83.708	178	26	2	4158	4333	10439187	10439011	1.41e-38	165	WS1_v2_s
AL2G20030	scaffold_3_RagTag	92.754	69	4	1	2753	2820	5563284	5563352	1.45e-18	99	WS1_v2_s
AL2G20030	scaffold_2_RagTag	93.604	641	28	4	3872	4500	4794055	4793416	0	944	WS1_v2_s
AL2G20030	scaffold_2_RagTag	93.46	367	21	3	4027	4392	14115818	14115454	5.56e-152	542	WS1_v2_s
AL2G20030	scaffold_2_RagTag	88.856	341	27	8	2753	3082	20052491	20052831	5.88e-112	409	WS1_v2_s
AL2G20030	scaffold_2_RagTag	87.966	349	31	8	2753	3090	13475280	13475628	9.84e-110	401	WS1_v2_s
AL2G20030	scaffold_2_RagTag	87.941	340	30	6	2753	3081	5236032	5236371	2.13e-106	390	WS1_v2_s
AL2G20030	scaffold_2_RagTag	86.932	352	34	7	2753	3092	3565018	3565369	9.91e-105	385	WS1_v2_s
AL2G20030	scaffold_2_RagTag	86.919	344	34	6	2753	3085	17930911	17930568	5.97e-102	375	WS1_v2_s
AL2G20030	scaffold_2_RagTag	86.982	338	33	7	2756	3082	8883260	8883597	2.78e-100	370	WS1_v2_s
AL2G20030	scaffold_2_RagTag	86.747	332	33	5	2762	3082	7557701	7557370	6.01e-97	359	WS1_v2_s
AL2G20030	scaffold_2_RagTag	86.707	331	33	6	2763	3082	19837469	19837799	2.16e-96	357	WS1_v2_s
AL2G20030	scaffold_2_RagTag	91.111	270	13	2	3869	4127	14116096	14115827	7.77e-96	355	WS1_v2_s
AL2G20030	scaffold_2_RagTag	86.462	325	32	7	2753	3065	7297477	7297801	4.68e-93	346	WS1_v2_s
AL2G20030	scaffold_2_RagTag	85.976	328	33	8	2754	3079	66188	65872	7.83e-91	339	WS1_v2_s
AL2G20030	scaffold_2_RagTag	89.388	245	13	8	2758	2990	13431468	13431225	4.78e-78	296	WS1_v2_s
AL2G20030	scaffold_2_RagTag	83.228	316	39	12	4192	4500	4793411	4793719	1.73e-72	278	WS1_v2_s
AL2G20030	scaffold_2_RagTag	84.643	280	34	8	4183	4459	4793485	4793758	2.9e-70	270	WS1_v2_s
AL2G20030	scaffold_2_RagTag	88.496	226	20	6	4278	4500	4793721	4793499	1.04e-69	268	WS1_v2_s
AL2G20030	scaffold_2_RagTag	84.874	238	31	5	4224	4459	14115454	14115688	1.06e-59	235	WS1_v2_s
AL2G20030	scaffold_2_RagTag	84.483	232	29	6	4195	4423	4793638	4793411	8.23e-56	222	WS1_v2_s
AL2G20030	scaffold_2_RagTag	86.458	192	21	4	4312	4500	14115460	14115649	8.28e-51	206	WS1_v2_s
AL2G20030	scaffold_2_RagTag	84.653	202	22	9	4278	4474	14115651	14115454	6.45e-47	193	WS1_v2_s
AL2G20030	scaffold_2_RagTag	90.152	132	13	0	2962	3093	748607	748738	8.4e-41	172	WS1_v2_s
AL2G20030	scaffold_2_RagTag	83.784	185	24	5	4158	4338	14115469	14115651	3.02e-40	171	WS1_v2_s
AL2G20030	scaffold_2_RagTag	83.562	146	15	8	4360	4500	14115651	14115510	1.84e-27	128	WS1_v2_s
AL2G20030	scaffold_2_RagTag	86.179	123	10	6	4195	4315	14115568	14115451	6.63e-27	126	WS1_v2_s
AL2G20030	scaffold_2_RagTag	94.937	79	4	0	4422	4500	14115457	14115379	2.39e-26	124	WS1_v2_s
AL2G20030	scaffold_2_RagTag	79.365	189	28	10	4158	4340	4793595	4793412	8.58e-26	122	WS1_v2_s
AL2G20030	scaffold_2_RagTag	90.588	85	7	1	4339	4423	14115457	14115374	1.86e-22	111	WS1_v2_s
AL2G20030	scaffold_2_RagTag	92.105	76	5	1	4192	4267	14115374	14115448	8.64e-21	106	WS1_v2_s
AL2G20030	scaffold_5_RagTag	93.157	643	31	4	3869	4500	7802664	7803304	0	931	WS1_v2_s
AL2G20030	scaffold_5_RagTag	92.691	643	25	4	3869	4500	11292053	11292684	0	907	WS1_v2_s
AL2G20030	scaffold_5_RagTag	88.857	350	28	6	2753	3091	1439116	1439465	2.72e-115	420	WS1_v2_s
AL2G20030	scaffold_5_RagTag	87.887	355	31	7	2735	3078	13796900	13796547	2.12e-111	407	WS1_v2_s
AL2G20030	scaffold_5_RagTag	88.27	341	29	8	2753	3082	5454191	5454531	1.27e-108	398	WS1_v2_s
AL2G20030	scaffold_5_RagTag	88.27	341	29	8	2753	3082	22702607	22702947	1.27e-108	398	WS1_v2_s
AL2G20030	scaffold_5_RagTag	87.644	348	32	6	2753	3089	4555020	4555367	1.65e-107	394	WS1_v2_s
AL2G20030	scaffold_5_RagTag	87.977	341	30	6	2753	3082	13999945	14000285	5.92e-107	392	WS1_v2_s
AL2G20030	scaffold_5_RagTag	87.216	352	33	7	2753	3092	2158071	2158422	2.13e-106	390	WS1_v2_s
AL2G20030	scaffold_5_RagTag	87.536	345	30	10	2753	3085	1439057	1438714	2.76e-105	387	WS1_v2_s
AL2G20030	scaffold_5_RagTag	87.574	338	31	6	2756	3082	13796971	13797308	1.28e-103	381	WS1_v2_s
AL2G20030	scaffold_5_RagTag	88.966	290	27	3	2753	3037	14381485	14381774	2.8e-95	353	WS1_v2_s
AL2G20030	scaffold_5_RagTag	86.452	310	34	7	4195	4500	7803082	7803387	3.64e-89	333	WS1_v2_s
AL2G20030	scaffold_5_RagTag	83.654	312	38	11	4195	4500	7803306	7803002	1.34e-73	281	WS1_v2_s
AL2G20030	scaffold_5_RagTag	83.548	310	41	9	4196	4500	11292685	11292381	1.34e-73	281	WS1_v2_s
AL2G20030	scaffold_5_RagTag	88.987	227	19	6	4277	4500	7802999	7803222	6.23e-72	276	WS1_v2_s
AL2G20030	scaffold_5_RagTag	82.637	311	45	9	4153	4459	11292647	11292342	3.75e-69	267	WS1_v2_s
AL2G20030	scaffold_5_RagTag	84.286	280	35	8	4158	4432	7803263	7802988	1.35e-68	265	WS1_v2_s
AL2G20030	scaffold_5_RagTag	83.516	273	32	11	4158	4423	11292423	11292689	6.31e-62	243	WS1_v2_s
AL2G20030	scaffold_5_RagTag	82.707	266	37	8	4239	4500	11292342	11292602	1.77e-57	228	WS1_v2_s
AL2G20030	scaffold_5_RagTag	81.685	273	38	10	4158	4423	7803125	7803392	3.83e-54	217	WS1_v2_s
AL2G20030	scaffold_5_RagTag	77.053	414	71	10	3869	4260	21351012	21351423	3.83e-54	217	WS1_v2_s
AL2G20030	scaffold_5_RagTag	78.797	316	47	17	4195	4500	7803389	7803084	1.79e-47	195	WS1_v2_s
AL2G20030	scaffold_5_RagTag	76.329	414	66	13	3869	4260	13578617	13578214	6.45e-47	193	WS1_v2_s
AL2G20030	scaffold_5_RagTag	98.02	101	0	2	3774	3872	5675769	5675669	2.34e-41	174	WS1_v2_s
AL2G20030	scaffold_5_RagTag	98.02	101	0	2	3774	3872	19256813	19256713	2.34e-41	174	WS1_v2_s
AL2G20030	scaffold_5_RagTag	79.911	224	37	6	4158	4377	11292561	11292342	2.35e-36	158	WS1_v2_s
AL2G20030	scaffold_5_RagTag	79.032	186	28	10	4158	4337	11292505	11292685	3.99e-24	117	WS1_v2_s
AL2G20030	scaffold_5_RagTag	78.421	190	29	10	4158	4340	7803207	7803391	5.17e-23	113	WS1_v2_s
AL2G20030	scaffold_1_RagTag	92.58	566	19	6	3869	4423	18673311	18672758	0	791	WS1_v2_s
AL2G20030	scaffold_1_RagTag	89.443	341	25	8	2753	3082	27632313	27632653	2.72e-115	420	WS1_v2_s
AL2G20030	scaffold_1_RagTag	87.071	379	35	8	2727	3092	5348797	5348420	3.52e-114	416	WS1_v2_s
AL2G20030	scaffold_1_RagTag	88.604	351	29	8	2753	3092	14603739	14604089	3.52e-114	416	WS1_v2_s
AL2G20030	scaffold_1_RagTag	88.319	351	30	7	2753	3092	17697855	17697505	1.64e-112	411	WS1_v2_s
AL2G20030	scaffold_1_RagTag	88.372	344	29	6	2753	3085	3842251	3841908	2.74e-110	403	WS1_v2_s
AL2G20030	scaffold_1_RagTag	88.081	344	30	6	2753	3085	3874384	3874041	1.27e-108	398	WS1_v2_s
AL2G20030	scaffold_1_RagTag	87.5	344	32	6	2753	3085	28094632	28094289	2.76e-105	387	WS1_v2_s
AL2G20030	scaffold_1_RagTag	87.39	341	32	6	2753	3082	4171395	4171735	1.28e-103	381	WS1_v2_s
AL2G20030	scaffold_1_RagTag	87.097	341	31	8	2753	3082	6739242	6738904	2.15e-101	374	WS1_v2_s
AL2G20030	scaffold_1_RagTag	87.059	340	33	6	2753	3081	27868145	27868484	2.15e-101	374	WS1_v2_s
AL2G20030	scaffold_1_RagTag	86.55	342	37	7	2755	3089	3446661	3446322	9.98e-100	368	WS1_v2_s
AL2G20030	scaffold_1_RagTag	87.662	308	27	6	2753	3049	25963516	25963209	1.3e-93	348	WS1_v2_s
AL2G20030	scaffold_1_RagTag	91.667	228	17	1	3333	3558	12988693	12988466	1.32e-83	315	WS1_v2_s
AL2G20030	scaffold_1_RagTag	88.263	213	25	0	2884	3096	18173985	18173773	8.11e-66	255	WS1_v2_s
AL2G20030	scaffold_1_RagTag	80.682	352	32	16	2753	3093	3774428	3774754	2.27e-61	241	WS1_v2_s
AL2G20030	scaffold_1_RagTag	81.784	269	34	10	4192	4459	18672758	18673012	1.78e-52	211	WS1_v2_s
AL2G20030	scaffold_1_RagTag	81.858	226	25	9	4278	4500	18672975	18672763	6.49e-42	176	WS1_v2_s
AL2G20030	scaffold_1_RagTag	98.02	101	0	2	3774	3872	24565443	24565343	2.34e-41	174	WS1_v2_s
AL2G20030	scaffold_1_RagTag	97.03	101	0	3	3774	3872	15679647	15679548	3.91e-39	167	WS1_v2_s
AL2G20030	scaffold_1_RagTag	84.746	177	16	10	4330	4500	18672802	18672973	3.91e-39	167	WS1_v2_s
AL2G20030	scaffold_1_RagTag	84.868	152	21	2	4189	4338	18672824	18672975	1.09e-34	152	WS1_v2_s
AL2G20030	scaffold_1_RagTag	93.069	101	4	3	3774	3872	6797297	6797396	1.83e-32	145	WS1_v2_s
AL2G20030	scaffold_1_RagTag	95.506	89	3	1	3319	3406	4632015	4631927	2.37e-31	141	WS1_v2_s
AL2G20030	scaffold_1_RagTag	88.542	96	9	2	4246	4340	18672853	18672759	1.44e-23	115	WS1_v2_s
AL2G20030	scaffold_7_RagTag	94.937	474	23	1	4027	4500	22130615	22131087	0	741	WS1_v2_s
AL2G20030	scaffold_7_RagTag	94.093	474	27	1	4027	4500	13223142	13223614	0	719	WS1_v2_s
AL2G20030	scaffold_7_RagTag	87.931	348	31	6	2753	3089	25263526	25263179	3.54e-109	399	WS1_v2_s
AL2G20030	scaffold_7_RagTag	88.081	344	30	6	2753	3085	13481870	13481527	1.27e-108	398	WS1_v2_s
AL2G20030	scaffold_7_RagTag	87.464	351	31	6	2754	3091	17710297	17710647	5.92e-107	392	WS1_v2_s
AL2G20030	scaffold_7_RagTag	87.647	340	31	8	2753	3081	25037736	25038075	9.91e-105	385	WS1_v2_s
AL2G20030	scaffold_7_RagTag	85.673	349	37	9	2746	3082	16188703	16189050	7.77e-96	355	WS1_v2_s
AL2G20030	scaffold_7_RagTag	85.583	326	35	7	2753	3066	18251484	18251159	1.31e-88	331	WS1_v2_s
AL2G20030	scaffold_7_RagTag	87.455	279	27	5	2822	3092	11238919	11239197	1.32e-83	315	WS1_v2_s
AL2G20030	scaffold_7_RagTag	86.851	289	27	6	2773	3050	21794612	21794900	4.74e-83	313	WS1_v2_s
AL2G20030	scaffold_7_RagTag	84.164	341	30	7	2754	3082	11882252	11882580	6.14e-82	309	WS1_v2_s
AL2G20030	scaffold_7_RagTag	87.546	273	11	8	3865	4125	13222871	13223132	1.72e-77	294	WS1_v2_s
AL2G20030	scaffold_7_RagTag	89.831	236	13	2	3903	4127	22130371	22130606	6.18e-77	292	WS1_v2_s
AL2G20030	scaffold_7_RagTag	84.194	310	37	9	4195	4499	13223616	13223314	2.22e-76	291	WS1_v2_s
AL2G20030	scaffold_7_RagTag	90.265	226	17	5	4278	4500	22130782	22131005	2.22e-76	291	WS1_v2_s
AL2G20030	scaffold_7_RagTag	83.923	311	40	9	4195	4500	22131089	22130784	8e-76	289	WS1_v2_s
AL2G20030	scaffold_7_RagTag	83.66	306	42	8	4158	4459	22131046	22130745	1.34e-73	281	WS1_v2_s
AL2G20030	scaffold_7_RagTag	87.55	249	20	7	3318	3562	14388946	14388705	1.73e-72	278	WS1_v2_s
AL2G20030	scaffold_7_RagTag	88.496	226	21	5	4278	4500	13223310	13223533	1.04e-69	268	WS1_v2_s
AL2G20030	scaffold_7_RagTag	82.026	306	46	9	4158	4459	13223573	13223273	1.05e-64	252	WS1_v2_s
AL2G20030	scaffold_7_RagTag	89.394	198	21	0	2885	3082	25263627	25263824	3.77e-64	250	WS1_v2_s
AL2G20030	scaffold_7_RagTag	88.5	200	23	0	2892	3091	11232559	11232360	6.31e-62	243	WS1_v2_s
AL2G20030	scaffold_7_RagTag	85.345	232	27	6	4195	4423	22130865	22131092	3.8e-59	233	WS1_v2_s
AL2G20030	scaffold_7_RagTag	84.914	232	27	6	4195	4423	13223393	13223619	1.77e-57	228	WS1_v2_s
AL2G20030	scaffold_7_RagTag	88.554	166	16	1	2899	3064	434643	434481	1.39e-48	198	WS1_v2_s
AL2G20030	scaffold_7_RagTag	84.783	184	24	4	4158	4338	22130964	22130782	1.4e-43	182	WS1_v2_s
AL2G20030	scaffold_7_RagTag	94.059	101	3	3	3774	3872	3017731	3017830	3.94e-34	150	WS1_v2_s
AL2G20030	scaffold_7_RagTag	93.069	101	4	3	3774	3872	4033193	4033292	1.83e-32	145	WS1_v2_s
AL2G20030	scaffold_7_RagTag	84.932	146	13	8	4360	4500	22130782	22130923	8.52e-31	139	WS1_v2_s
AL2G20030	scaffold_7_RagTag	79.255	188	29	8	4158	4340	13223436	13223618	8.58e-26	122	WS1_v2_s
AL2G20030	scaffold_7_RagTag	79.365	189	28	9	4158	4340	22130908	22131091	8.58e-26	122	WS1_v2_s
AL2G20030	scaffold_7_RagTag	94.286	35	2	0	3055	3089	21834199	21834233	3.18e-05	54.7	WS1_v2_s
AL2G20030	scaffold_4_RagTag	94.304	474	26	1	4027	4500	21633391	21632919	0	725	WS1_v2_s
AL2G20030	scaffold_4_RagTag	84.657	554	38	23	3888	4423	8503193	8503717	5.64e-142	508	WS1_v2_s
AL2G20030	scaffold_4_RagTag	87.228	368	33	11	2753	3107	21024502	21024136	2.12e-111	407	WS1_v2_s
AL2G20030	scaffold_4_RagTag	87.709	358	32	8	2753	3098	21505675	21506032	2.12e-111	407	WS1_v2_s
AL2G20030	scaffold_4_RagTag	87.356	348	33	6	2755	3091	1680547	1680200	7.66e-106	388	WS1_v2_s
AL2G20030	scaffold_4_RagTag	87.647	340	31	6	2754	3082	3264110	3264449	9.91e-105	385	WS1_v2_s
AL2G20030	scaffold_4_RagTag	87.097	341	33	6	2753	3082	10288045	10288385	5.97e-102	375	WS1_v2_s
AL2G20030	scaffold_4_RagTag	86.628	344	35	6	2753	3085	16066922	16066579	2.78e-100	370	WS1_v2_s
AL2G20030	scaffold_4_RagTag	86.607	336	33	7	2758	3082	3505481	3505815	1.67e-97	361	WS1_v2_s
AL2G20030	scaffold_4_RagTag	87.147	319	30	6	2753	3060	3658702	3659020	1.01e-94	351	WS1_v2_s
AL2G20030	scaffold_4_RagTag	88.104	269	9	8	3869	4125	21633658	21633401	1.33e-78	298	WS1_v2_s
AL2G20030	scaffold_4_RagTag	83.81	315	38	10	4192	4500	21632914	21633221	2.88e-75	287	WS1_v2_s
AL2G20030	scaffold_4_RagTag	88.444	225	21	5	4279	4500	21633222	21633000	3.75e-69	267	WS1_v2_s
AL2G20030	scaffold_4_RagTag	88.614	202	23	0	2882	3083	2549685	2549886	4.88e-63	246	WS1_v2_s
AL2G20030	scaffold_4_RagTag	81.759	307	45	10	4158	4459	21632960	21633260	4.88e-63	246	WS1_v2_s
AL2G20030	scaffold_4_RagTag	84.848	231	27	6	4196	4423	21633139	21632914	6.36e-57	226	WS1_v2_s
AL2G20030	scaffold_4_RagTag	76.867	415	69	13	3869	4260	18873559	18873969	6.4e-52	209	WS1_v2_s
AL2G20030	scaffold_4_RagTag	94	100	4	2	3775	3872	14757093	14757192	3.94e-34	150	WS1_v2_s
AL2G20030	scaffold_4_RagTag	84.507	142	17	5	4195	4333	8503645	8503506	1.1e-29	135	WS1_v2_s
AL2G20030	scaffold_4_RagTag	79.144	187	31	7	4158	4340	21633097	21632915	8.58e-26	122	WS1_v2_s
AL2G20030	scaffold_4_RagTag	87.671	73	7	2	4189	4261	8503649	8503719	4.05e-14	84.2	WS1_v2_s
