qseqid	sseqid	pident	length	mismatch	gapopen	qstart	qend	sstart	send	evalue	bitscore	stitle
AL1G60840	scaffold_1_RagTag	90.7	1129	47	26	700	1794	24682508	24683612	0	1450	73_3a_fixed_genome_15_1_24
AL1G60840	scaffold_1_RagTag	86.416	346	24	15	162	487	10604591	10604933	8.59e-97	357	73_3a_fixed_genome_15_1_24
AL1G60840	scaffold_7_RagTag	77.707	942	142	36	862	1794	8468756	8467874	4.82e-144	514	73_3a_fixed_genome_15_1_24
AL1G60840	scaffold_7_RagTag	79.351	678	85	25	700	1370	8806181	8805552	2.32e-117	425	73_3a_fixed_genome_15_1_24
AL1G60840	scaffold_7_RagTag	76.225	694	113	30	1132	1789	8789846	8789169	1.13e-85	320	73_3a_fixed_genome_15_1_24
AL1G60840	scaffold_7_RagTag	78.707	526	69	29	862	1370	8803426	8802927	6.78e-83	311	73_3a_fixed_genome_15_1_24
AL1G60840	scaffold_7_RagTag	80.267	375	60	7	1419	1783	8805482	8805112	1.15e-70	270	73_3a_fixed_genome_15_1_24
AL1G60840	scaffold_7_RagTag	85.714	238	30	2	1132	1368	8801846	8801612	5.39e-64	248	73_3a_fixed_genome_15_1_24
AL1G60840	scaffold_7_RagTag	85.837	233	29	3	1132	1363	8490998	8491227	6.98e-63	244	73_3a_fixed_genome_15_1_24
AL1G60840	scaffold_7_RagTag	82.639	288	23	6	701	988	8788797	8788537	1.95e-58	230	73_3a_fixed_genome_15_1_24
AL1G60840	scaffold_7_RagTag	82.27	282	20	11	701	982	8559266	8559517	1.52e-54	217	73_3a_fixed_genome_15_1_24
AL1G60840	scaffold_7_RagTag	81.59	239	35	8	1140	1370	8559696	8559933	3.32e-46	189	73_3a_fixed_genome_15_1_24
AL1G60840	scaffold_7_RagTag	79.615	260	47	6	1125	1379	8773014	8772756	5.55e-44	182	73_3a_fixed_genome_15_1_24
AL1G60840	scaffold_7_RagTag	92.5	120	9	0	863	982	8800560	8800441	3.34e-41	172	73_3a_fixed_genome_15_1_24
AL1G60840	scaffold_7_RagTag	90.083	121	12	0	862	982	8781163	8781043	9.35e-37	158	73_3a_fixed_genome_15_1_24
AL1G60840	scaffold_7_RagTag	90.179	112	11	0	700	811	8468882	8468771	2.02e-33	147	73_3a_fixed_genome_15_1_24
AL1G60840	scaffold_5_RagTag	82.317	164	10	10	178	326	5840424	5840583	9.48e-27	124	73_3a_fixed_genome_15_1_24
AL1G60840	scaffold_5_RagTag	82.209	163	11	9	178	326	5850793	5850635	9.48e-27	124	73_3a_fixed_genome_15_1_24
AL1G60840	scaffold_5_RagTag	81.707	164	11	10	178	326	6072018	6072177	4.41e-25	119	73_3a_fixed_genome_15_1_24
AL1G60840	scaffold_5_RagTag	81.988	161	10	10	181	326	6075414	6075258	4.41e-25	119	73_3a_fixed_genome_15_1_24
AL1G60840	scaffold_4_RagTag	80.233	172	11	10	178	326	3941532	3941703	9.55e-22	108	73_3a_fixed_genome_15_1_24
AL6G37030	scaffold_6_RagTag	97.448	431	8	1	2	432	11252456	11252883	0	732	73_3a_fixed_genome_15_1_24
AL7G30780	scaffold_7_RagTag	98.67	1353	18	0	83	1435	8469147	8467795	0	2399	73_3a_fixed_genome_15_1_24
AL7G30780	scaffold_7_RagTag	82.759	696	105	11	291	972	8806239	8805545	6.16e-172	606	73_3a_fixed_genome_15_1_24
AL7G30780	scaffold_7_RagTag	78.179	747	129	22	244	966	8800788	8800052	1.42e-123	446	73_3a_fixed_genome_15_1_24
AL7G30780	scaffold_7_RagTag	78.818	694	114	21	291	966	8803604	8802926	8.55e-121	436	73_3a_fixed_genome_15_1_24
AL7G30780	scaffold_7_RagTag	85.258	407	49	9	259	661	8783612	8783213	1.86e-112	409	73_3a_fixed_genome_15_1_24
AL7G30780	scaffold_7_RagTag	94.715	246	13	0	721	966	8490990	8491235	1.13e-104	383	73_3a_fixed_genome_15_1_24
AL7G30780	scaffold_7_RagTag	85.286	367	44	5	291	647	8788856	8788490	8.79e-101	370	73_3a_fixed_genome_15_1_24
AL7G30780	scaffold_7_RagTag	82.927	410	52	6	259	653	8773516	8773110	8.85e-96	353	73_3a_fixed_genome_15_1_24
AL7G30780	scaffold_7_RagTag	83.014	365	53	5	291	647	8559207	8559570	2.5e-86	322	73_3a_fixed_genome_15_1_24
AL7G30780	scaffold_7_RagTag	87.843	255	31	0	721	975	8801854	8801600	1.17e-79	300	73_3a_fixed_genome_15_1_24
AL7G30780	scaffold_7_RagTag	83.54	322	44	6	244	559	8795340	8795022	1.96e-77	292	73_3a_fixed_genome_15_1_24
AL7G30780	scaffold_7_RagTag	80.932	236	40	5	735	968	8789840	8789608	4.42e-44	182	73_3a_fixed_genome_15_1_24
AL7G30780	scaffold_7_RagTag	79.681	251	38	7	729	968	8559688	8559936	3.44e-40	169	73_3a_fixed_genome_15_1_24
AL7G30780	scaffold_7_RagTag	98.361	61	1	0	1375	1435	8490471	8490531	7.61e-22	108	73_3a_fixed_genome_15_1_24
AL7G30780	scaffold_1_RagTag	82.322	758	83	22	240	958	24682406	24683151	4.76e-173	610	73_3a_fixed_genome_15_1_24
AL7G31470	scaffold_7_RagTag	97.755	1247	16	1	1	1235	8772288	8773534	0	2137	73_3a_fixed_genome_15_1_24
AL7G31470	scaffold_7_RagTag	86.401	1228	141	12	21	1235	8782416	8783630	0	1319	73_3a_fixed_genome_15_1_24
AL7G31470	scaffold_7_RagTag	78.047	1198	191	51	37	1185	8560381	8559207	0	689	73_3a_fixed_genome_15_1_24
AL7G31470	scaffold_7_RagTag	77.796	1189	202	42	23	1189	8787711	8788859	0	676	73_3a_fixed_genome_15_1_24
AL7G31470	scaffold_7_RagTag	76.277	1214	204	61	4	1185	8802443	8803604	6.93e-161	569	73_3a_fixed_genome_15_1_24
AL7G31470	scaffold_7_RagTag	85.678	398	51	2	823	1217	8468577	8468971	3.44e-114	414	73_3a_fixed_genome_15_1_24
AL7G31470	scaffold_7_RagTag	84.921	378	45	8	821	1189	8805868	8806242	2.1e-101	372	73_3a_fixed_genome_15_1_24
AL7G31470	scaffold_7_RagTag	83.117	308	41	7	917	1217	8795022	8795325	7.87e-71	270	73_3a_fixed_genome_15_1_24
AL7G31470	scaffold_7_RagTag	73.504	702	143	34	35	719	8805112	8805787	1.73e-57	226	73_3a_fixed_genome_15_1_24
AL7G31470	scaffold_7_RagTag	71.974	917	195	49	28	914	8789168	8790052	1.35e-53	213	73_3a_fixed_genome_15_1_24
AL7G31470	scaffold_7_RagTag	80.165	242	38	9	480	719	8801612	8801845	2.28e-41	172	73_3a_fixed_genome_15_1_24
AL7G31480	scaffold_7_RagTag	99.399	1332	3	2	1	1329	8782382	8783711	0	2410	73_3a_fixed_genome_15_1_24
AL7G31480	scaffold_7_RagTag	85.649	1310	148	17	35	1318	8772308	8773603	0	1341	73_3a_fixed_genome_15_1_24
AL7G31480	scaffold_7_RagTag	76.948	1245	210	57	6	1196	8560428	8559207	0	638	73_3a_fixed_genome_15_1_24
AL7G31480	scaffold_7_RagTag	76.544	1198	196	53	33	1196	8802458	8803604	4.47e-163	577	73_3a_fixed_genome_15_1_24
AL7G31480	scaffold_7_RagTag	79.277	719	117	29	556	1265	8800116	8800811	6.03e-132	473	73_3a_fixed_genome_15_1_24
AL7G31480	scaffold_7_RagTag	83.444	453	57	13	829	1267	8468569	8469017	2.23e-111	405	73_3a_fixed_genome_15_1_24
AL7G31480	scaffold_7_RagTag	83.024	377	49	11	836	1200	8805869	8806242	4.97e-88	327	73_3a_fixed_genome_15_1_24
AL7G31480	scaffold_7_RagTag	81.579	342	50	9	931	1262	8795022	8795360	8.49e-71	270	73_3a_fixed_genome_15_1_24
AL7G31480	scaffold_7_RagTag	83.275	287	41	3	7	286	8787674	8787960	6.61e-67	257	73_3a_fixed_genome_15_1_24
AL7G31480	scaffold_7_RagTag	80.176	227	33	10	493	716	8491227	8491010	1.92e-37	159	73_3a_fixed_genome_15_1_24
AL7G31480	scaffold_7_RagTag	82.873	181	28	2	875	1055	8781022	8781199	1.92e-37	159	73_3a_fixed_genome_15_1_24
AL7G31490	scaffold_7_RagTag	96.614	2481	41	11	1	2463	8787600	8790055	0	4076	73_3a_fixed_genome_15_1_24
AL7G31490	scaffold_7_RagTag	98.417	379	6	0	2458	2836	8795017	8795395	0	667	73_3a_fixed_genome_15_1_24
AL7G31490	scaffold_7_RagTag	76.775	1296	215	44	42	1284	8560460	8559198	0	647	73_3a_fixed_genome_15_1_24
AL7G31490	scaffold_7_RagTag	76.917	1187	192	42	1570	2727	8802466	8803599	2.06e-169	599	73_3a_fixed_genome_15_1_24
AL7G31490	scaffold_7_RagTag	80.813	787	115	18	2017	2799	8800052	8800806	5.76e-165	584	73_3a_fixed_genome_15_1_24
AL7G31490	scaffold_7_RagTag	80.791	708	111	15	1555	2250	8805090	8805784	7.62e-149	531	73_3a_fixed_genome_15_1_24
AL7G31490	scaffold_7_RagTag	75.272	1193	222	50	1561	2727	8787706	8788851	5.97e-140	501	73_3a_fixed_genome_15_1_24
AL7G31490	scaffold_7_RagTag	75.145	1211	216	54	1565	2722	8560395	8559217	1.29e-136	490	73_3a_fixed_genome_15_1_24
AL7G31490	scaffold_7_RagTag	75.892	1037	200	30	77	1078	8799554	8800575	6.01e-135	484	73_3a_fixed_genome_15_1_24
AL7G31490	scaffold_7_RagTag	73.668	1276	251	60	1571	2801	8772315	8773550	2.23e-114	416	73_3a_fixed_genome_15_1_24
AL7G31490	scaffold_7_RagTag	74.928	1037	196	40	77	1074	8802425	8803436	2.23e-114	416	73_3a_fixed_genome_15_1_24
AL7G31490	scaffold_7_RagTag	80	545	94	11	545	1074	8782866	8783410	4.85e-106	388	73_3a_fixed_genome_15_1_24
AL7G31490	scaffold_7_RagTag	74.821	699	134	28	107	779	8789158	8789840	1.1e-72	278	73_3a_fixed_genome_15_1_24
AL7G31490	scaffold_7_RagTag	82.154	325	46	6	42	361	8782350	8782667	6.59e-70	268	73_3a_fixed_genome_15_1_24
AL7G31490	scaffold_7_RagTag	79.231	390	64	13	1558	1941	8799585	8799963	5.13e-66	255	73_3a_fixed_genome_15_1_24
AL7G31490	scaffold_7_RagTag	93.452	168	8	1	38	205	8781966	8782130	3.09e-63	246	73_3a_fixed_genome_15_1_24
AL7G31490	scaffold_7_RagTag	88.298	188	20	2	1092	1278	8468757	8468943	1.45e-56	224	73_3a_fixed_genome_15_1_24
AL7G31490	scaffold_7_RagTag	86.705	173	23	0	1098	1270	8795114	8795286	4.08e-47	193	73_3a_fixed_genome_15_1_24
AL7G31490	scaffold_7_RagTag	84.516	155	24	0	923	1077	8781022	8781176	1.93e-35	154	73_3a_fixed_genome_15_1_24
AL7G31490	scaffold_1_RagTag	81.752	411	56	9	877	1275	24682854	24682451	3.86e-87	326	73_3a_fixed_genome_15_1_24
AL7G31500	scaffold_7_RagTag	90.95	1105	93	6	107	1208	8467829	8468929	0	1480	73_3a_fixed_genome_15_1_24
AL7G31500	scaffold_7_RagTag	81.331	691	113	10	537	1213	8805545	8806233	3.39e-154	547	73_3a_fixed_genome_15_1_24
AL7G31500	scaffold_7_RagTag	78.198	688	112	23	546	1213	8802929	8803598	2.16e-111	405	73_3a_fixed_genome_15_1_24
AL7G31500	scaffold_7_RagTag	77.826	690	120	22	546	1213	8800055	8800733	1.3e-108	396	73_3a_fixed_genome_15_1_24
AL7G31500	scaffold_7_RagTag	85.124	363	41	8	862	1213	8788490	8788850	1.7e-97	359	73_3a_fixed_genome_15_1_24
AL7G31500	scaffold_7_RagTag	91.837	245	20	0	544	788	8491234	8490990	1.71e-92	342	73_3a_fixed_genome_15_1_24
AL7G31500	scaffold_7_RagTag	83.286	353	53	2	862	1208	8559570	8559218	8.03e-86	320	73_3a_fixed_genome_15_1_24
AL7G31500	scaffold_7_RagTag	85.49	255	37	0	534	788	8801600	8801854	1.06e-69	267	73_3a_fixed_genome_15_1_24
AL7G31500	scaffold_7_RagTag	80.952	231	39	5	546	774	8789613	8789840	5.12e-43	178	73_3a_fixed_genome_15_1_24
AL7G31500	scaffold_7_RagTag	82.178	202	32	3	894	1095	8781022	8781219	8.56e-41	171	73_3a_fixed_genome_15_1_24
AL7G31500	scaffold_7_RagTag	77.143	245	45	5	546	780	8559931	8559688	4.04e-29	132	73_3a_fixed_genome_15_1_24
AL7G31500	scaffold_7_RagTag	81.325	166	27	3	603	764	8804620	8804785	4.04e-29	132	73_3a_fixed_genome_15_1_24
AL7G31500	scaffold_1_RagTag	82.26	699	81	20	551	1211	24683151	24682458	3.36e-159	564	73_3a_fixed_genome_15_1_24
AL7G31510	scaffold_7_RagTag	91.644	730	48	4	66	793	8802988	8803706	0	998	73_3a_fixed_genome_15_1_24
AL7G31510	scaffold_7_RagTag	93.871	620	38	0	66	685	8800114	8800733	0	935	73_3a_fixed_genome_15_1_24
AL7G31510	scaffold_7_RagTag	82.116	671	84	21	71	708	8559857	8559190	9.61e-153	542	73_3a_fixed_genome_15_1_24
AL7G31510	scaffold_7_RagTag	80.282	639	102	19	68	685	8782940	8783575	2.77e-128	460	73_3a_fixed_genome_15_1_24
AL7G31510	scaffold_7_RagTag	79.745	627	101	16	64	683	8468325	8468932	2.17e-119	431	73_3a_fixed_genome_15_1_24
AL7G31510	scaffold_7_RagTag	84.559	408	45	9	345	738	8805881	8806284	1.32e-106	388	73_3a_fixed_genome_15_1_24
AL7G31510	scaffold_7_RagTag	78.154	650	105	19	68	685	8772835	8773479	7.97e-104	379	73_3a_fixed_genome_15_1_24
AL7G31510	scaffold_7_RagTag	78.643	398	54	17	53	425	8789661	8790052	1.83e-60	235	73_3a_fixed_genome_15_1_24
AL7G31510	scaffold_7_RagTag	86.458	192	26	0	372	563	8781022	8781213	3.08e-53	211	73_3a_fixed_genome_15_1_24
AL7G31510	scaffold_7_RagTag	81.579	266	39	5	428	685	8795022	8795285	3.08e-53	211	73_3a_fixed_genome_15_1_24
AL7G31510	scaffold_7_RagTag	80.874	183	35	0	64	246	8491174	8490992	3.17e-33	145	73_3a_fixed_genome_15_1_24
AL7G31510	scaffold_7_RagTag	100	68	0	0	1	68	7281498	7281431	1.15e-27	126	73_3a_fixed_genome_15_1_24
AL7G31510	scaffold_7_RagTag	98.571	70	1	0	1	70	25000725	25000794	4.12e-27	124	73_3a_fixed_genome_15_1_24
AL7G31510	scaffold_7_RagTag	100	66	0	0	1	66	9924822	9924757	1.48e-26	122	73_3a_fixed_genome_15_1_24
AL7G31510	scaffold_7_RagTag	98.551	69	1	0	1	69	15668661	15668593	1.48e-26	122	73_3a_fixed_genome_15_1_24
AL7G31510	scaffold_7_RagTag	98.529	68	1	0	3	70	11595105	11595038	5.34e-26	121	73_3a_fixed_genome_15_1_24
AL7G31510	scaffold_7_RagTag	98.529	68	1	0	1	68	15725987	15725920	5.34e-26	121	73_3a_fixed_genome_15_1_24
AL7G31510	scaffold_7_RagTag	91.765	85	5	2	1	84	3013268	3013351	6.9e-25	117	73_3a_fixed_genome_15_1_24
AL7G31510	scaffold_7_RagTag	97.101	69	2	0	1	69	16230070	16230002	6.9e-25	117	73_3a_fixed_genome_15_1_24
AL7G31510	scaffold_7_RagTag	95.89	73	2	1	1	73	19333798	19333869	6.9e-25	117	73_3a_fixed_genome_15_1_24
AL7G31510	scaffold_7_RagTag	95.714	70	3	0	2	71	16027121	16027052	8.93e-24	113	73_3a_fixed_genome_15_1_24
AL7G31510	scaffold_7_RagTag	98.438	64	1	0	1	64	19284450	19284513	8.93e-24	113	73_3a_fixed_genome_15_1_24
AL7G31510	scaffold_7_RagTag	98.438	64	1	0	1	64	19951548	19951485	8.93e-24	113	73_3a_fixed_genome_15_1_24
AL7G31510	scaffold_7_RagTag	96.97	66	2	0	1	66	23885294	23885229	3.21e-23	111	73_3a_fixed_genome_15_1_24
AL7G31510	scaffold_7_RagTag	100	31	0	0	1	31	23885314	23885284	4.24e-07	58.4	73_3a_fixed_genome_15_1_24
AL7G31510	scaffold_5_RagTag	100	76	0	0	1	76	747053	746978	4.1e-32	141	73_3a_fixed_genome_15_1_24
AL7G31510	scaffold_5_RagTag	98.571	70	1	0	1	70	3697666	3697735	4.12e-27	124	73_3a_fixed_genome_15_1_24
AL7G31510	scaffold_5_RagTag	98.551	69	1	0	1	69	4734837	4734769	1.48e-26	122	73_3a_fixed_genome_15_1_24
AL7G31510	scaffold_5_RagTag	100	66	0	0	1	66	17843315	17843380	1.48e-26	122	73_3a_fixed_genome_15_1_24
AL7G31510	scaffold_5_RagTag	97.101	69	2	0	1	69	15569327	15569259	6.9e-25	117	73_3a_fixed_genome_15_1_24
AL7G31510	scaffold_5_RagTag	97.059	68	2	0	1	68	1223222	1223155	2.48e-24	115	73_3a_fixed_genome_15_1_24
AL7G31510	scaffold_5_RagTag	96.97	66	2	0	1	66	4566368	4566433	3.21e-23	111	73_3a_fixed_genome_15_1_24
AL7G31510	scaffold_5_RagTag	96.97	66	2	0	5	70	16573718	16573653	3.21e-23	111	73_3a_fixed_genome_15_1_24
AL7G31510	scaffold_5_RagTag	93.939	66	3	1	1	66	6425684	6425620	2.5e-19	99	73_3a_fixed_genome_15_1_24
AL7G31510	scaffold_3_RagTag	98.649	74	0	1	1	73	7035248	7035175	8.87e-29	130	73_3a_fixed_genome_15_1_24
AL7G31510	scaffold_3_RagTag	100	69	0	0	1	69	31278300	31278232	3.19e-28	128	73_3a_fixed_genome_15_1_24
AL7G31510	scaffold_3_RagTag	97.333	75	2	0	1	75	33534374	33534448	3.19e-28	128	73_3a_fixed_genome_15_1_24
AL7G31510	scaffold_3_RagTag	100	68	0	0	1	68	842851	842918	1.15e-27	126	73_3a_fixed_genome_15_1_24
AL7G31510	scaffold_3_RagTag	100	68	0	0	1	68	5988366	5988299	1.15e-27	126	73_3a_fixed_genome_15_1_24
AL7G31510	scaffold_3_RagTag	100	68	0	0	1	68	9267507	9267440	1.15e-27	126	73_3a_fixed_genome_15_1_24
AL7G31510	scaffold_3_RagTag	100	68	0	0	1	68	21186954	21187021	1.15e-27	126	73_3a_fixed_genome_15_1_24
AL7G31510	scaffold_3_RagTag	97.26	73	2	0	1	73	35270920	35270848	4.12e-27	124	73_3a_fixed_genome_15_1_24
AL7G31510	scaffold_3_RagTag	100	66	0	0	1	66	3340201	3340266	1.48e-26	122	73_3a_fixed_genome_15_1_24
AL7G31510	scaffold_3_RagTag	98.551	69	1	0	1	69	19971099	19971031	1.48e-26	122	73_3a_fixed_genome_15_1_24
AL7G31510	scaffold_3_RagTag	97.183	71	2	0	1	71	22359310	22359240	5.34e-26	121	73_3a_fixed_genome_15_1_24
AL7G31510	scaffold_3_RagTag	98.529	68	1	0	1	68	24430153	24430086	5.34e-26	121	73_3a_fixed_genome_15_1_24
AL7G31510	scaffold_3_RagTag	94.805	77	3	1	1	77	6408836	6408761	1.92e-25	119	73_3a_fixed_genome_15_1_24
AL7G31510	scaffold_3_RagTag	95.89	73	3	0	1	73	13796570	13796498	1.92e-25	119	73_3a_fixed_genome_15_1_24
AL7G31510	scaffold_3_RagTag	97.143	70	2	0	1	70	16620929	16620998	1.92e-25	119	73_3a_fixed_genome_15_1_24
AL7G31510	scaffold_3_RagTag	98.485	66	1	0	1	66	18888953	18889018	6.9e-25	117	73_3a_fixed_genome_15_1_24
AL7G31510	scaffold_3_RagTag	97.101	69	2	0	1	69	35274066	35273998	6.9e-25	117	73_3a_fixed_genome_15_1_24
AL7G31510	scaffold_3_RagTag	97.059	68	2	0	1	68	6634891	6634824	2.48e-24	115	73_3a_fixed_genome_15_1_24
AL7G31510	scaffold_3_RagTag	95.714	70	3	0	1	70	25718595	25718664	8.93e-24	113	73_3a_fixed_genome_15_1_24
AL7G31510	scaffold_3_RagTag	96.97	66	2	0	1	66	7360340	7360405	3.21e-23	111	73_3a_fixed_genome_15_1_24
AL7G31510	scaffold_3_RagTag	95.652	69	3	0	1	69	30539080	30539148	3.21e-23	111	73_3a_fixed_genome_15_1_24
AL7G31510	scaffold_3_RagTag	96.97	66	2	0	1	66	35178841	35178776	3.21e-23	111	73_3a_fixed_genome_15_1_24
AL7G31510	scaffold_3_RagTag	94.521	73	3	1	1	73	35959159	35959088	3.21e-23	111	73_3a_fixed_genome_15_1_24
AL7G31510	scaffold_3_RagTag	94.118	68	4	0	1	68	10136636	10136569	5.37e-21	104	73_3a_fixed_genome_15_1_24
AL7G31510	scaffold_3_RagTag	95.455	66	2	1	1	66	35275238	35275302	5.37e-21	104	73_3a_fixed_genome_15_1_24
AL7G31510	scaffold_3_RagTag	91.667	72	6	0	1	72	16596634	16596705	6.95e-20	100	73_3a_fixed_genome_15_1_24
AL7G31510	scaffold_3_RagTag	93.939	66	4	0	1	66	30538117	30538052	6.95e-20	100	73_3a_fixed_genome_15_1_24
AL7G31510	scaffold_3_RagTag	90.411	73	0	1	1	66	3276148	3276076	1.5e-16	89.8	73_3a_fixed_genome_15_1_24
AL7G31510	scaffold_2_RagTag	100	70	0	0	1	70	3920093	3920162	8.87e-29	130	73_3a_fixed_genome_15_1_24
AL7G31510	scaffold_2_RagTag	98.592	71	1	0	1	71	185442	185372	1.15e-27	126	73_3a_fixed_genome_15_1_24
AL7G31510	scaffold_2_RagTag	100	68	0	0	1	68	16094796	16094863	1.15e-27	126	73_3a_fixed_genome_15_1_24
AL7G31510	scaffold_2_RagTag	100	66	0	0	1	66	1162367	1162302	1.48e-26	122	73_3a_fixed_genome_15_1_24
AL7G31510	scaffold_2_RagTag	100	66	0	0	1	66	7233321	7233256	1.48e-26	122	73_3a_fixed_genome_15_1_24
AL7G31510	scaffold_2_RagTag	97.183	71	2	0	1	71	17267152	17267082	5.34e-26	121	73_3a_fixed_genome_15_1_24
AL7G31510	scaffold_2_RagTag	98.529	68	1	0	1	68	19337995	19337928	5.34e-26	121	73_3a_fixed_genome_15_1_24
AL7G31510	scaffold_2_RagTag	97.101	69	2	0	1	69	1057641	1057573	6.9e-25	117	73_3a_fixed_genome_15_1_24
AL7G31510	scaffold_2_RagTag	97.101	69	1	1	1	68	6953185	6953253	2.48e-24	115	73_3a_fixed_genome_15_1_24
AL7G31510	scaffold_2_RagTag	95.714	70	3	0	1	70	20626437	20626506	8.93e-24	113	73_3a_fixed_genome_15_1_24
AL7G31510	scaffold_2_RagTag	95.455	66	3	0	1	66	1748951	1749016	1.49e-21	106	73_3a_fixed_genome_15_1_24
AL7G31510	scaffold_2_RagTag	94.118	68	4	0	1	68	3516098	3516031	5.37e-21	104	73_3a_fixed_genome_15_1_24
AL7G31510	scaffold_2_RagTag	94.203	69	3	1	1	68	14940936	14940868	5.37e-21	104	73_3a_fixed_genome_15_1_24
AL7G31510	scaffold_6_RagTag	100	69	0	0	1	69	18983177	18983109	3.19e-28	128	73_3a_fixed_genome_15_1_24
AL7G31510	scaffold_6_RagTag	100	66	0	0	1	66	1847810	1847875	1.48e-26	122	73_3a_fixed_genome_15_1_24
AL7G31510	scaffold_6_RagTag	98.529	68	1	0	1	68	22950240	22950307	5.34e-26	121	73_3a_fixed_genome_15_1_24
AL7G31510	scaffold_6_RagTag	98.485	66	1	0	1	66	11040608	11040673	6.9e-25	117	73_3a_fixed_genome_15_1_24
AL7G31510	scaffold_6_RagTag	97.059	68	2	0	1	68	19989969	19989902	2.48e-24	115	73_3a_fixed_genome_15_1_24
AL7G31510	scaffold_6_RagTag	97.015	67	2	0	1	67	7343403	7343337	8.93e-24	113	73_3a_fixed_genome_15_1_24
AL7G31510	scaffold_6_RagTag	95.714	70	3	0	1	70	18330976	18330907	8.93e-24	113	73_3a_fixed_genome_15_1_24
AL7G31510	scaffold_6_RagTag	95.714	70	2	1	1	69	13118797	13118728	3.21e-23	111	73_3a_fixed_genome_15_1_24
AL7G31510	scaffold_6_RagTag	98.413	63	1	0	1	63	18144247	18144185	3.21e-23	111	73_3a_fixed_genome_15_1_24
AL7G31510	scaffold_6_RagTag	95.588	68	3	0	1	68	2420893	2420826	1.15e-22	110	73_3a_fixed_genome_15_1_24
AL7G31510	scaffold_6_RagTag	95.455	66	3	0	1	66	21432620	21432555	1.49e-21	106	73_3a_fixed_genome_15_1_24
AL7G31510	scaffold_6_RagTag	91.176	68	6	0	1	68	9678234	9678301	1.16e-17	93.5	73_3a_fixed_genome_15_1_24
AL7G31510	scaffold_6_RagTag	90.769	65	6	0	2	66	10671973	10672037	5.41e-16	87.9	73_3a_fixed_genome_15_1_24
AL7G31510	scaffold_6_RagTag	88.06	67	8	0	2	68	1926017	1926083	9.06e-14	80.5	73_3a_fixed_genome_15_1_24
AL7G31510	scaffold_4_RagTag	100	68	0	0	1	68	1708051	1708118	1.15e-27	126	73_3a_fixed_genome_15_1_24
AL7G31510	scaffold_4_RagTag	100	68	0	0	1	68	10272100	10272167	1.15e-27	126	73_3a_fixed_genome_15_1_24
AL7G31510	scaffold_4_RagTag	97.297	74	2	0	1	74	18354222	18354295	1.15e-27	126	73_3a_fixed_genome_15_1_24
AL7G31510	scaffold_4_RagTag	98.551	69	1	0	1	69	5460072	5460004	1.48e-26	122	73_3a_fixed_genome_15_1_24
AL7G31510	scaffold_4_RagTag	98.529	68	1	0	1	68	6137099	6137166	5.34e-26	121	73_3a_fixed_genome_15_1_24
AL7G31510	scaffold_4_RagTag	94.737	76	3	1	1	75	3329969	3329894	6.9e-25	117	73_3a_fixed_genome_15_1_24
AL7G31510	scaffold_4_RagTag	98.485	66	1	0	1	66	5261417	5261482	6.9e-25	117	73_3a_fixed_genome_15_1_24
AL7G31510	scaffold_4_RagTag	98.485	66	1	0	1	66	14300434	14300369	6.9e-25	117	73_3a_fixed_genome_15_1_24
AL7G31510	scaffold_4_RagTag	94.118	68	4	0	1	68	12219352	12219419	5.37e-21	104	73_3a_fixed_genome_15_1_24
AL7G31510	scaffold_4_RagTag	90.909	55	5	0	13	67	11106808	11106754	4.21e-12	75	73_3a_fixed_genome_15_1_24
AL7G31510	scaffold_4_RagTag	100	29	0	0	1	29	6531864	6531836	5.49e-06	54.7	73_3a_fixed_genome_15_1_24
AL7G31510	scaffold_8_RagTag	97.26	73	1	1	1	73	362375	362446	1.48e-26	122	73_3a_fixed_genome_15_1_24
AL7G31510	scaffold_8_RagTag	100	66	0	0	1	66	20199892	20199827	1.48e-26	122	73_3a_fixed_genome_15_1_24
AL7G31510	scaffold_8_RagTag	98.507	67	1	0	1	67	6105090	6105156	1.92e-25	119	73_3a_fixed_genome_15_1_24
AL7G31510	scaffold_8_RagTag	95.833	72	2	1	1	72	3991093	3991163	2.48e-24	115	73_3a_fixed_genome_15_1_24
AL7G31510	scaffold_8_RagTag	95.588	68	3	0	1	68	12928567	12928634	1.15e-22	110	73_3a_fixed_genome_15_1_24
AL7G31510	scaffold_8_RagTag	93.056	72	5	0	1	72	13603341	13603270	1.49e-21	106	73_3a_fixed_genome_15_1_24
AL7G31510	scaffold_8_RagTag	95.455	66	3	0	2	67	17556969	17557034	1.49e-21	106	73_3a_fixed_genome_15_1_24
AL7G31510	scaffold_8_RagTag	93.939	66	4	0	1	66	14972235	14972300	6.95e-20	100	73_3a_fixed_genome_15_1_24
AL7G31510	scaffold_8_RagTag	91.667	60	5	0	7	66	11254570	11254629	7e-15	84.2	73_3a_fixed_genome_15_1_24
AL7G31510	scaffold_8_RagTag	90.385	52	5	0	13	64	10640735	10640786	1.96e-10	69.4	73_3a_fixed_genome_15_1_24
AL7G31510	scaffold_1_RagTag	100	66	0	0	1	66	6676757	6676822	1.48e-26	122	73_3a_fixed_genome_15_1_24
AL7G31510	scaffold_1_RagTag	98.551	69	1	0	1	69	6814759	6814691	1.48e-26	122	73_3a_fixed_genome_15_1_24
AL7G31510	scaffold_1_RagTag	98.551	69	1	0	1	69	7606738	7606670	1.48e-26	122	73_3a_fixed_genome_15_1_24
AL7G31510	scaffold_1_RagTag	100	66	0	0	1	66	24135658	24135593	1.48e-26	122	73_3a_fixed_genome_15_1_24
AL7G31510	scaffold_1_RagTag	100	65	0	0	1	65	9440890	9440826	5.34e-26	121	73_3a_fixed_genome_15_1_24
AL7G31510	scaffold_1_RagTag	98.485	66	1	0	1	66	8587740	8587805	6.9e-25	117	73_3a_fixed_genome_15_1_24
AL7G31510	scaffold_1_RagTag	98.485	66	1	0	1	66	10467650	10467715	6.9e-25	117	73_3a_fixed_genome_15_1_24
AL7G31510	scaffold_1_RagTag	94.667	75	4	0	1	75	10709991	10709917	6.9e-25	117	73_3a_fixed_genome_15_1_24
AL7G31510	scaffold_1_RagTag	97.101	69	2	0	1	69	20831877	20831945	6.9e-25	117	73_3a_fixed_genome_15_1_24
AL7G31510	scaffold_1_RagTag	95.775	71	3	0	1	71	6886646	6886716	2.48e-24	115	73_3a_fixed_genome_15_1_24
AL7G31510	scaffold_1_RagTag	97.059	68	2	0	1	68	17593704	17593637	2.48e-24	115	73_3a_fixed_genome_15_1_24
AL7G31510	scaffold_1_RagTag	93.939	66	4	0	1	66	19162473	19162408	6.95e-20	100	73_3a_fixed_genome_15_1_24
AL7G31510	scaffold_1_RagTag	92.424	66	5	0	1	66	14068025	14067960	3.23e-18	95.3	73_3a_fixed_genome_15_1_24
AL7G31510	scaffold_1_RagTag	90.323	62	6	0	5	66	10285080	10285019	2.52e-14	82.4	73_3a_fixed_genome_15_1_24
AL7G31520	scaffold_7_RagTag	96.979	1291	18	5	1007	2282	8805028	8806312	0	2148	73_3a_fixed_genome_15_1_24
AL7G31520	scaffold_7_RagTag	92.079	909	48	15	123	1015	8804021	8804921	0	1258	73_3a_fixed_genome_15_1_24
AL7G31520	scaffold_7_RagTag	82.277	694	106	11	1523	2212	8468263	8468943	4.62e-165	584	73_3a_fixed_genome_15_1_24
AL7G31520	scaffold_7_RagTag	79.325	711	104	27	1070	1757	8789152	8789842	2.92e-127	459	73_3a_fixed_genome_15_1_24
AL7G31520	scaffold_7_RagTag	81.703	552	81	6	1298	1834	8801379	8801925	2.94e-122	442	73_3a_fixed_genome_15_1_24
AL7G31520	scaffold_7_RagTag	82.464	422	49	14	1846	2258	8803250	8803655	2.37e-93	346	73_3a_fixed_genome_15_1_24
AL7G31520	scaffold_7_RagTag	83.117	385	48	12	1841	2212	8773108	8773488	5.14e-90	335	73_3a_fixed_genome_15_1_24
AL7G31520	scaffold_7_RagTag	82.181	376	51	10	1842	2212	8783220	8783584	3.11e-82	309	73_3a_fixed_genome_15_1_24
AL7G31520	scaffold_7_RagTag	75.171	733	126	37	1061	1756	8802444	8803157	8.72e-78	294	73_3a_fixed_genome_15_1_24
AL7G31520	scaffold_7_RagTag	86.585	246	27	6	1959	2204	8795047	8795286	1.9e-69	267	73_3a_fixed_genome_15_1_24
AL7G31520	scaffold_7_RagTag	84.116	277	39	5	1517	1791	8491241	8490968	2.46e-68	263	73_3a_fixed_genome_15_1_24
AL7G31520	scaffold_7_RagTag	82.449	245	33	9	1524	1760	8772764	8773006	4.2e-51	206	73_3a_fixed_genome_15_1_24
AL7G31520	scaffold_7_RagTag	82.305	243	28	10	1523	1753	8559935	8559696	2.53e-48	196	73_3a_fixed_genome_15_1_24
AL7G31520	scaffold_7_RagTag	84.677	124	5	6	1	124	8803960	8804069	9.42e-23	111	73_3a_fixed_genome_15_1_24
AL7G31520	scaffold_7_RagTag	86.905	84	7	4	1053	1135	8801276	8801356	1.23e-16	91.6	73_3a_fixed_genome_15_1_24
AL7G31520	scaffold_7_RagTag	97.917	48	1	0	568	615	8804548	8804595	2.05e-14	84.2	73_3a_fixed_genome_15_1_24
AL7G31520	scaffold_7_RagTag	92.308	39	3	0	639	677	8804487	8804525	4.48e-06	56.5	73_3a_fixed_genome_15_1_24
AL7G31520	scaffold_1_RagTag	78.257	1228	174	54	1044	2209	24683647	24682451	0	702	73_3a_fixed_genome_15_1_24
AL8G44570	scaffold_8_RagTag	96.644	447	10	2	1	445	22323548	22323991	0	737	73_3a_fixed_genome_15_1_24
AL8G44570	scaffold_8_RagTag	99.242	132	1	0	443	574	22324029	22324160	1.01e-61	239	73_3a_fixed_genome_15_1_24
AL1G60840	scaffold_1_RagTag	93.185	719	26	10	700	1416	26169515	26170212	0	1035	AL08_v2_f
AL1G60840	scaffold_1_RagTag	94.723	379	17	2	1419	1794	26170241	26170619	9.23e-166	586	AL08_v2_f
AL1G60840	scaffold_7_RagTag	78.45	942	135	32	862	1794	8719491	8718609	9.36e-156	553	AL08_v2_f
AL1G60840	scaffold_7_RagTag	77.707	942	142	36	862	1794	8400901	8401783	4.42e-144	514	AL08_v2_f
AL1G60840	scaffold_7_RagTag	79.321	677	85	25	701	1370	8734735	8734107	7.66e-117	424	AL08_v2_f
AL1G60840	scaffold_7_RagTag	78.571	532	77	24	862	1370	8721416	8720899	1.34e-84	316	AL08_v2_f
AL1G60840	scaffold_7_RagTag	81.183	372	59	6	1419	1783	8734037	8733670	2.91e-76	289	AL08_v2_f
AL1G60840	scaffold_7_RagTag	81.551	374	46	13	1013	1368	8724650	8724282	1.05e-75	287	AL08_v2_f
AL1G60840	scaffold_7_RagTag	80.481	374	52	11	1425	1783	8724204	8723837	1.37e-69	267	AL08_v2_f
AL1G60840	scaffold_7_RagTag	84.388	237	28	7	1137	1370	8731832	8731602	8.33e-57	224	AL08_v2_f
AL1G60840	scaffold_7_RagTag	81.979	283	20	12	701	982	8463079	8463331	6.49e-53	211	AL08_v2_f
AL1G60840	scaffold_7_RagTag	80.986	284	27	12	700	983	8730158	8729902	1.4e-49	200	AL08_v2_f
AL1G60840	scaffold_7_RagTag	80.672	238	38	7	1140	1370	8463516	8463752	6.58e-43	178	AL08_v2_f
AL1G60840	scaffold_7_RagTag	94.017	117	7	0	866	982	8732106	8731990	6.58e-43	178	AL08_v2_f
AL1G60840	scaffold_7_RagTag	82.5	200	23	3	862	1061	8714608	8714421	5.12e-39	165	AL08_v2_f
AL1G60840	scaffold_7_RagTag	90.323	124	12	0	700	823	8719617	8719494	1.84e-38	163	AL08_v2_f
AL1G60840	scaffold_7_RagTag	89.286	112	12	0	700	811	8400775	8400886	8.63e-32	141	AL08_v2_f
AL1G60840	scaffold_2_RagTag	91.27	378	15	7	170	534	6076163	6075791	1.24e-139	499	AL08_v2_f
AL1G60840	scaffold_6_RagTag	86.842	380	18	6	169	534	12916967	12917328	1.67e-108	396	AL08_v2_f
AL1G60840	scaffold_5_RagTag	82.317	164	10	7	178	326	5604172	5604013	8.7e-27	124	AL08_v2_f
AL1G60840	scaffold_5_RagTag	81.098	164	12	10	178	326	5591326	5591485	1.88e-23	113	AL08_v2_f
AL1G60840	scaffold_4_RagTag	81.395	172	9	10	178	326	3839092	3839263	4.05e-25	119	AL08_v2_f
AL6G37030	scaffold_6_RagTag	97.912	431	6	1	2	432	11107021	11107448	0	743	AL08_v2_f
AL7G30780	scaffold_7_RagTag	98.408	1445	13	3	1	1435	8400426	8401870	0	2532	AL08_v2_f
AL7G30780	scaffold_7_RagTag	91.312	1105	89	6	301	1401	8719664	8718563	0	1502	AL08_v2_f
AL7G30780	scaffold_7_RagTag	82.665	698	102	14	291	972	8734794	8734100	2.63e-170	601	AL08_v2_f
AL7G30780	scaffold_7_RagTag	78.307	756	117	30	246	966	8721641	8720898	4.69e-123	444	AL08_v2_f
AL7G30780	scaffold_7_RagTag	78.261	690	110	22	298	966	8732271	8731601	6.15e-112	407	AL08_v2_f
AL7G30780	scaffold_7_RagTag	85.012	407	50	8	259	661	8712957	8712558	7.95e-111	403	AL08_v2_f
AL7G30780	scaffold_7_RagTag	90.879	307	19	6	298	595	8730208	8729902	7.95e-111	403	AL08_v2_f
AL7G30780	scaffold_7_RagTag	86.15	361	46	3	291	647	8714795	8714435	8.01e-106	387	AL08_v2_f
AL7G30780	scaffold_7_RagTag	82.787	366	53	6	291	647	8463020	8463384	2.96e-85	318	AL08_v2_f
AL7G30780	scaffold_7_RagTag	82.262	389	49	12	606	975	8724657	8724270	2.96e-85	318	AL08_v2_f
AL7G30780	scaffold_7_RagTag	78.8	250	41	6	729	968	8463508	8463755	6.84e-37	158	AL08_v2_f
AL7G30780	scaffold_7_RagTag	82.5	160	25	1	244	400	8716662	8716503	8.9e-31	137	AL08_v2_f
AL7G30780	scaffold_7_RagTag	98.148	54	0	1	915	967	8403110	8403163	1.95e-17	93.5	AL08_v2_f
AL7G30780	scaffold_1_RagTag	82.322	758	83	22	240	958	26169413	26170158	4.37e-173	610	AL08_v2_f
AL7G31470	scaffold_7_RagTag	86.238	1228	143	13	21	1235	8711761	8712975	0	1308	AL08_v2_f
AL7G31470	scaffold_7_RagTag	77.937	1183	205	37	23	1189	8713656	8714798	0	688	AL08_v2_f
AL7G31470	scaffold_7_RagTag	76.705	1232	217	47	18	1217	8720435	8721628	1.73e-176	621	AL08_v2_f
AL7G31470	scaffold_7_RagTag	76.51	1209	199	59	37	1185	8464203	8463020	2.94e-164	580	AL08_v2_f
AL7G31470	scaffold_7_RagTag	79.812	639	93	21	548	1180	8731665	8732273	8.7e-120	433	AL08_v2_f
AL7G31470	scaffold_7_RagTag	85.678	398	51	2	823	1217	8401080	8400686	3.15e-114	414	AL08_v2_f
AL7G31470	scaffold_7_RagTag	85.411	377	45	8	821	1189	8734423	8734797	8.89e-105	383	AL08_v2_f
AL7G31470	scaffold_7_RagTag	84.932	365	48	6	823	1184	8719312	8719672	1.16e-98	363	AL08_v2_f
AL7G31470	scaffold_7_RagTag	72.961	1091	226	55	28	1082	8715091	8716148	9.14e-85	316	AL08_v2_f
AL7G31470	scaffold_7_RagTag	82.748	313	44	6	881	1184	8729902	8730213	7.22e-71	270	AL08_v2_f
AL7G31470	scaffold_7_RagTag	73.286	700	145	33	35	719	8733670	8734342	2.65e-55	219	AL08_v2_f
AL7G31470	scaffold_7_RagTag	86.014	143	17	1	1078	1217	8716505	8716647	9.81e-35	150	AL08_v2_f
AL7G31470	scaffold_1_RagTag	72.802	728	168	21	19	733	26170623	26169913	7.37e-56	220	AL08_v2_f
AL7G31480	scaffold_7_RagTag	99.474	1331	2	2	2	1329	8711728	8713056	0	2414	AL08_v2_f
AL7G31480	scaffold_7_RagTag	76.861	1236	203	55	33	1228	8720436	8721628	1.86e-176	621	AL08_v2_f
AL7G31480	scaffold_7_RagTag	75.618	1255	226	54	2	1196	8464254	8463020	8.92e-155	549	AL08_v2_f
AL7G31480	scaffold_7_RagTag	80.781	640	88	23	556	1191	8731665	8732273	2.57e-130	468	AL08_v2_f
AL7G31480	scaffold_7_RagTag	84.106	453	54	13	829	1267	8401088	8400640	2.03e-116	422	AL08_v2_f
AL7G31480	scaffold_7_RagTag	83.554	377	47	11	836	1200	8734424	8734797	2.1e-91	339	AL08_v2_f
AL7G31480	scaffold_7_RagTag	82.682	179	25	4	1089	1262	8716505	8716682	8.18e-36	154	AL08_v2_f
AL7G31490	scaffold_7_RagTag	98.442	1540	24	0	1089	2628	8714609	8716148	0	2712	AL08_v2_f
AL7G31490	scaffold_7_RagTag	98.8	1083	13	0	1	1083	8713545	8714627	0	1929	AL08_v2_f
AL7G31490	scaffold_7_RagTag	78.554	1245	207	41	1558	2779	8720434	8721641	0	765	AL08_v2_f
AL7G31490	scaffold_7_RagTag	80.851	705	113	13	1555	2250	8733648	8734339	5.4e-150	534	AL08_v2_f
AL7G31490	scaffold_7_RagTag	80.886	722	89	28	2011	2726	8731595	8732273	1.17e-146	523	AL08_v2_f
AL7G31490	scaffold_7_RagTag	75.168	1188	226	47	1561	2727	8713651	8714790	2.55e-138	496	AL08_v2_f
AL7G31490	scaffold_7_RagTag	75.347	1010	186	41	109	1074	8720436	8721426	9.42e-118	427	AL08_v2_f
AL7G31490	scaffold_7_RagTag	73.888	1214	235	52	1565	2722	8464217	8463030	9.49e-113	411	AL08_v2_f
AL7G31490	scaffold_7_RagTag	79.817	545	95	11	545	1074	8712211	8712755	2.07e-104	383	AL08_v2_f
AL7G31490	scaffold_7_RagTag	98.174	219	4	0	2622	2840	8716503	8716721	2.07e-104	383	AL08_v2_f
AL7G31490	scaffold_7_RagTag	73.581	1022	206	45	107	1081	8715081	8716085	2.11e-89	333	AL08_v2_f
AL7G31490	scaffold_7_RagTag	82.014	417	49	10	871	1284	8463404	8463011	7.6e-89	331	AL08_v2_f
AL7G31490	scaffold_7_RagTag	82.099	324	47	5	42	361	8711696	8712012	2.17e-69	267	AL08_v2_f
AL7G31490	scaffold_7_RagTag	81.731	312	48	4	2428	2730	8729903	8730214	6.09e-65	252	AL08_v2_f
AL7G31490	scaffold_7_RagTag	89.831	177	18	0	1093	1269	8719493	8719669	1.03e-57	228	AL08_v2_f
AL7G31490	scaffold_7_RagTag	88.827	179	18	2	1101	1278	8400891	8400714	6.17e-55	219	AL08_v2_f
AL7G31490	scaffold_7_RagTag	80.669	269	39	8	109	364	8731097	8731365	2.89e-48	196	AL08_v2_f
AL7G31490	scaffold_7_RagTag	86.792	106	14	0	1165	1270	8716503	8716608	6.44e-25	119	AL08_v2_f
AL7G31490	scaffold_1_RagTag	81.509	411	57	9	877	1275	26169861	26169458	1.65e-85	320	AL08_v2_f
AL7G31500	scaffold_7_RagTag	98.529	1292	11	3	1	1286	8718459	8719748	0	2274	AL08_v2_f
AL7G31500	scaffold_7_RagTag	91.065	1108	92	6	107	1211	8401828	8400725	0	1491	AL08_v2_f
AL7G31500	scaffold_7_RagTag	80.952	693	112	13	537	1213	8734100	8734788	3.13e-149	531	AL08_v2_f
AL7G31500	scaffold_7_RagTag	77.322	829	103	40	159	904	8723832	8724658	4.25e-113	411	AL08_v2_f
AL7G31500	scaffold_7_RagTag	77.825	699	113	30	546	1213	8720901	8721588	4.28e-108	394	AL08_v2_f
AL7G31500	scaffold_7_RagTag	77.536	690	113	20	546	1213	8731604	8732273	4.31e-103	377	AL08_v2_f
AL7G31500	scaffold_7_RagTag	85.714	357	44	5	862	1213	8714435	8714789	7.21e-101	370	AL08_v2_f
AL7G31500	scaffold_7_RagTag	83.29	383	53	8	914	1285	8729902	8730284	1.57e-92	342	AL08_v2_f
AL7G31500	scaffold_7_RagTag	83.051	354	53	5	862	1208	8463384	8463031	3.43e-84	315	AL08_v2_f
AL7G31500	scaffold_7_RagTag	98	50	1	0	545	594	8403159	8403110	8.13e-16	87.9	AL08_v2_f
AL7G31500	scaffold_1_RagTag	82.403	699	80	20	551	1211	26170158	26169465	6.62e-161	569	AL08_v2_f
AL7G31510	scaffold_7_RagTag	93.033	732	38	6	66	795	8731663	8732383	0	1057	AL08_v2_f
AL7G31510	scaffold_7_RagTag	92.528	629	38	2	66	685	8720960	8721588	0	893	AL08_v2_f
AL7G31510	scaffold_7_RagTag	80.769	676	90	20	71	708	8463676	8463003	9e-138	492	AL08_v2_f
AL7G31510	scaffold_7_RagTag	80.125	639	103	19	68	685	8712285	8712920	1.18e-126	455	AL08_v2_f
AL7G31510	scaffold_7_RagTag	79.426	627	103	16	64	683	8401332	8400725	4.31e-116	420	AL08_v2_f
AL7G31510	scaffold_7_RagTag	85.049	408	43	9	345	738	8734436	8734839	5.61e-110	399	AL08_v2_f
AL7G31510	scaffold_7_RagTag	78.639	632	103	22	64	685	8719060	8719669	3.38e-107	390	AL08_v2_f
AL7G31510	scaffold_7_RagTag	79.406	539	78	19	53	563	8715588	8716121	5.73e-95	350	AL08_v2_f
AL7G31510	scaffold_7_RagTag	81.553	309	40	9	393	685	8729903	8730210	1.29e-61	239	AL08_v2_f
AL7G31510	scaffold_7_RagTag	100	69	0	0	1	69	23108355	23108423	2.92e-28	128	AL08_v2_f
AL7G31510	scaffold_7_RagTag	100	68	0	0	1	68	7769981	7770048	1.05e-27	126	AL08_v2_f
AL7G31510	scaffold_7_RagTag	87.736	106	13	0	580	685	8716502	8716607	3.78e-27	124	AL08_v2_f
AL7G31510	scaffold_7_RagTag	97.297	74	1	1	1	74	23618574	23618502	3.78e-27	124	AL08_v2_f
AL7G31510	scaffold_7_RagTag	100	66	0	0	1	66	897474	897539	1.36e-26	122	AL08_v2_f
AL7G31510	scaffold_7_RagTag	98.551	69	1	0	1	69	24538934	24538866	1.36e-26	122	AL08_v2_f
AL7G31510	scaffold_7_RagTag	98.529	68	1	0	1	68	15250220	15250153	4.89e-26	121	AL08_v2_f
AL7G31510	scaffold_7_RagTag	97.143	70	2	0	1	70	10800840	10800909	1.76e-25	119	AL08_v2_f
AL7G31510	scaffold_7_RagTag	97.143	70	2	0	1	70	15522319	15522250	1.76e-25	119	AL08_v2_f
AL7G31510	scaffold_7_RagTag	98.485	66	1	0	1	66	11058805	11058740	6.33e-25	117	AL08_v2_f
AL7G31510	scaffold_7_RagTag	98.485	66	1	0	1	66	21961749	21961684	6.33e-25	117	AL08_v2_f
AL7G31510	scaffold_7_RagTag	98.485	66	1	0	1	66	24133615	24133550	6.33e-25	117	AL08_v2_f
AL7G31510	scaffold_7_RagTag	97.015	67	2	0	2	68	20059318	20059384	8.19e-24	113	AL08_v2_f
AL7G31510	scaffold_7_RagTag	96.97	66	2	0	1	66	20586285	20586350	2.94e-23	111	AL08_v2_f
AL7G31510	scaffold_7_RagTag	95.455	66	3	0	1	66	5479452	5479517	1.37e-21	106	AL08_v2_f
AL7G31510	scaffold_7_RagTag	88.406	69	7	1	2	69	24185318	24185386	2.31e-14	82.4	AL08_v2_f
AL7G31510	scaffold_7_RagTag	100	31	0	0	1	31	24133635	24133605	3.89e-07	58.4	AL08_v2_f
AL7G31510	scaffold_8_RagTag	98.649	74	0	1	1	73	12550265	12550192	8.13e-29	130	AL08_v2_f
AL7G31510	scaffold_8_RagTag	100	69	0	0	1	69	323158	323090	2.92e-28	128	AL08_v2_f
AL7G31510	scaffold_8_RagTag	100	69	0	0	1	69	10369335	10369403	2.92e-28	128	AL08_v2_f
AL7G31510	scaffold_8_RagTag	100	67	0	0	1	67	6189108	6189174	3.78e-27	124	AL08_v2_f
AL7G31510	scaffold_8_RagTag	100	66	0	0	1	66	14700329	14700264	1.36e-26	122	AL08_v2_f
AL7G31510	scaffold_8_RagTag	98.529	68	1	0	1	68	1573103	1573170	4.89e-26	121	AL08_v2_f
AL7G31510	scaffold_8_RagTag	98.485	66	1	0	1	66	18638866	18638801	6.33e-25	117	AL08_v2_f
AL7G31510	scaffold_8_RagTag	95.775	71	3	0	1	71	1039862	1039932	2.28e-24	115	AL08_v2_f
AL7G31510	scaffold_8_RagTag	97.015	67	2	0	1	67	16105154	16105220	8.19e-24	113	AL08_v2_f
AL7G31510	scaffold_8_RagTag	96.97	66	2	0	1	66	4287191	4287126	2.94e-23	111	AL08_v2_f
AL7G31510	scaffold_8_RagTag	95.588	68	3	0	1	68	11503022	11503089	1.06e-22	110	AL08_v2_f
AL7G31510	scaffold_8_RagTag	96.923	65	1	1	1	64	359230	359166	3.81e-22	108	AL08_v2_f
AL7G31510	scaffold_6_RagTag	100	69	0	0	1	69	5092610	5092678	2.92e-28	128	AL08_v2_f
AL7G31510	scaffold_6_RagTag	98.611	72	0	1	1	72	18942912	18942982	1.05e-27	126	AL08_v2_f
AL7G31510	scaffold_6_RagTag	100	66	0	0	1	66	6071359	6071424	1.36e-26	122	AL08_v2_f
AL7G31510	scaffold_6_RagTag	98.551	69	1	0	1	69	18941969	18941901	1.36e-26	122	AL08_v2_f
AL7G31510	scaffold_6_RagTag	98.529	68	1	0	1	68	11621715	11621782	4.89e-26	121	AL08_v2_f
AL7G31510	scaffold_6_RagTag	98.529	68	1	0	1	68	12612482	12612415	4.89e-26	121	AL08_v2_f
AL7G31510	scaffold_6_RagTag	100	65	0	0	1	65	20362779	20362843	4.89e-26	121	AL08_v2_f
AL7G31510	scaffold_6_RagTag	98.529	68	1	0	1	68	21970272	21970205	4.89e-26	121	AL08_v2_f
AL7G31510	scaffold_6_RagTag	95.588	68	3	0	1	68	8901413	8901346	1.06e-22	110	AL08_v2_f
AL7G31510	scaffold_6_RagTag	95.588	68	3	0	1	68	22046913	22046980	1.06e-22	110	AL08_v2_f
AL7G31510	scaffold_6_RagTag	95.455	66	3	0	1	66	22086164	22086099	1.37e-21	106	AL08_v2_f
AL7G31510	scaffold_6_RagTag	94.118	68	4	0	1	68	9531276	9531343	4.93e-21	104	AL08_v2_f
AL7G31510	scaffold_6_RagTag	88.06	67	8	0	2	68	2015774	2015840	8.3e-14	80.5	AL08_v2_f
AL7G31510	scaffold_4_RagTag	98.611	72	1	0	1	72	17017496	17017425	2.92e-28	128	AL08_v2_f
AL7G31510	scaffold_4_RagTag	100	69	0	0	1	69	17142815	17142747	2.92e-28	128	AL08_v2_f
AL7G31510	scaffold_4_RagTag	100	68	0	0	1	68	12775079	12775146	1.05e-27	126	AL08_v2_f
AL7G31510	scaffold_4_RagTag	96.053	76	3	0	1	76	19947386	19947461	3.78e-27	124	AL08_v2_f
AL7G31510	scaffold_4_RagTag	98.529	68	1	0	1	68	1673352	1673419	4.89e-26	121	AL08_v2_f
AL7G31510	scaffold_4_RagTag	97.143	70	2	0	1	70	430897	430966	1.76e-25	119	AL08_v2_f
AL7G31510	scaffold_4_RagTag	98.507	67	1	0	1	67	13859053	13858987	1.76e-25	119	AL08_v2_f
AL7G31510	scaffold_4_RagTag	98.485	66	1	0	1	66	10253991	10254056	6.33e-25	117	AL08_v2_f
AL7G31510	scaffold_4_RagTag	97.101	69	2	0	1	69	10258774	10258706	6.33e-25	117	AL08_v2_f
AL7G31510	scaffold_4_RagTag	94.545	55	3	0	13	67	10253069	10253015	1.78e-15	86.1	AL08_v2_f
AL7G31510	scaffold_4_RagTag	100	29	0	0	1	29	6009196	6009168	5.03e-06	54.7	AL08_v2_f
AL7G31510	scaffold_3_RagTag	100	69	0	0	1	69	17768999	17769067	2.92e-28	128	AL08_v2_f
AL7G31510	scaffold_3_RagTag	100	68	0	0	2	69	4999403	4999336	1.05e-27	126	AL08_v2_f
AL7G31510	scaffold_3_RagTag	100	68	0	0	1	68	21109461	21109528	1.05e-27	126	AL08_v2_f
AL7G31510	scaffold_3_RagTag	100	66	0	0	1	66	19747554	19747619	1.36e-26	122	AL08_v2_f
AL7G31510	scaffold_3_RagTag	97.101	69	2	0	1	69	6265708	6265640	6.33e-25	117	AL08_v2_f
AL7G31510	scaffold_3_RagTag	95.89	73	2	1	1	72	14140562	14140490	6.33e-25	117	AL08_v2_f
AL7G31510	scaffold_3_RagTag	98.485	66	1	0	1	66	19169122	19169187	6.33e-25	117	AL08_v2_f
AL7G31510	scaffold_3_RagTag	97.059	68	2	0	1	68	13668081	13668148	2.28e-24	115	AL08_v2_f
AL7G31510	scaffold_3_RagTag	97.059	68	1	1	1	68	4629380	4629446	8.19e-24	113	AL08_v2_f
AL7G31510	scaffold_3_RagTag	96.97	66	2	0	1	66	8062818	8062883	2.94e-23	111	AL08_v2_f
AL7G31510	scaffold_3_RagTag	95.652	69	3	0	1	69	19805344	19805412	2.94e-23	111	AL08_v2_f
AL7G31510	scaffold_3_RagTag	95.652	69	3	0	1	69	21976596	21976664	2.94e-23	111	AL08_v2_f
AL7G31510	scaffold_3_RagTag	96.97	66	2	0	1	66	22725880	22725945	2.94e-23	111	AL08_v2_f
AL7G31510	scaffold_3_RagTag	94.521	73	3	1	1	73	23307203	23307132	2.94e-23	111	AL08_v2_f
AL7G31510	scaffold_3_RagTag	95.588	68	2	1	1	67	23212376	23212443	3.81e-22	108	AL08_v2_f
AL7G31510	scaffold_3_RagTag	94.118	68	4	0	1	68	14141787	14141720	4.93e-21	104	AL08_v2_f
AL7G31510	scaffold_3_RagTag	89.706	68	7	0	2	69	9169943	9170010	4.96e-16	87.9	AL08_v2_f
AL7G31510	scaffold_3_RagTag	90.323	62	6	0	5	66	18310116	18310055	2.31e-14	82.4	AL08_v2_f
AL7G31510	scaffold_3_RagTag	100	43	0	0	1	43	19468621	19468579	8.3e-14	80.5	AL08_v2_f
AL7G31510	scaffold_1_RagTag	100	69	0	0	1	69	16654145	16654077	2.92e-28	128	AL08_v2_f
AL7G31510	scaffold_1_RagTag	100	66	0	0	1	66	4377599	4377534	1.36e-26	122	AL08_v2_f
AL7G31510	scaffold_1_RagTag	100	66	0	0	1	66	9729701	9729766	1.36e-26	122	AL08_v2_f
AL7G31510	scaffold_1_RagTag	100	66	0	0	1	66	25716690	25716625	1.36e-26	122	AL08_v2_f
AL7G31510	scaffold_1_RagTag	98.529	68	1	0	1	68	2603920	2603853	4.89e-26	121	AL08_v2_f
AL7G31510	scaffold_1_RagTag	98.529	68	1	0	1	68	14017032	14016965	4.89e-26	121	AL08_v2_f
AL7G31510	scaffold_1_RagTag	98.507	67	1	0	1	67	4818661	4818727	1.76e-25	119	AL08_v2_f
AL7G31510	scaffold_1_RagTag	98.485	66	1	0	1	66	23747450	23747385	6.33e-25	117	AL08_v2_f
AL7G31510	scaffold_1_RagTag	97.059	68	2	0	1	68	23851863	23851930	2.28e-24	115	AL08_v2_f
AL7G31510	scaffold_1_RagTag	96.97	66	2	0	1	66	12500428	12500363	2.94e-23	111	AL08_v2_f
AL7G31510	scaffold_1_RagTag	95.455	66	3	0	1	66	22796554	22796619	1.37e-21	106	AL08_v2_f
AL7G31510	scaffold_1_RagTag	93.939	66	4	0	1	66	20949742	20949677	6.37e-20	100	AL08_v2_f
AL7G31510	scaffold_5_RagTag	100	68	0	0	1	68	3412971	3413038	1.05e-27	126	AL08_v2_f
AL7G31510	scaffold_5_RagTag	94.937	79	2	2	1	79	10049188	10049112	1.36e-26	122	AL08_v2_f
AL7G31510	scaffold_5_RagTag	92.135	89	3	4	1	86	10810753	10810666	1.36e-26	122	AL08_v2_f
AL7G31510	scaffold_2_RagTag	100	68	0	0	1	68	5837255	5837188	1.05e-27	126	AL08_v2_f
AL7G31510	scaffold_2_RagTag	100	68	0	0	1	68	19142643	19142710	1.05e-27	126	AL08_v2_f
AL7G31510	scaffold_2_RagTag	100	66	0	0	1	66	6414110	6414045	1.36e-26	122	AL08_v2_f
AL7G31510	scaffold_2_RagTag	100	66	0	0	1	66	12637196	12637261	1.36e-26	122	AL08_v2_f
AL7G31510	scaffold_2_RagTag	97.222	72	2	0	1	72	13719407	13719478	1.36e-26	122	AL08_v2_f
AL7G31510	scaffold_2_RagTag	100	66	0	0	1	66	13848033	13847968	1.36e-26	122	AL08_v2_f
AL7G31510	scaffold_2_RagTag	100	66	0	0	1	66	19528168	19528233	1.36e-26	122	AL08_v2_f
AL7G31510	scaffold_2_RagTag	100	65	0	0	2	66	16715931	16715867	4.89e-26	121	AL08_v2_f
AL7G31510	scaffold_2_RagTag	97.101	69	2	0	1	69	1011728	1011660	6.33e-25	117	AL08_v2_f
AL7G31510	scaffold_2_RagTag	98.485	66	1	0	1	66	13981408	13981343	6.33e-25	117	AL08_v2_f
AL7G31510	scaffold_2_RagTag	98.485	66	1	0	1	66	15460875	15460940	6.33e-25	117	AL08_v2_f
AL7G31510	scaffold_2_RagTag	95.455	66	3	0	1	66	1730315	1730380	1.37e-21	106	AL08_v2_f
AL7G31520	scaffold_7_RagTag	97.813	1646	19	3	649	2282	8733227	8734867	0	2824	AL08_v2_f
AL7G31520	scaffold_7_RagTag	97.746	621	9	3	1	620	8732662	8733278	0	1064	AL08_v2_f
AL7G31520	scaffold_7_RagTag	84.36	844	98	9	1078	1893	8723823	8724660	0	797	AL08_v2_f
AL7G31520	scaffold_7_RagTag	82.421	694	105	10	1523	2212	8401394	8400714	9.1e-167	590	AL08_v2_f
AL7G31520	scaffold_7_RagTag	81.085	682	110	12	1527	2203	8719002	8719669	7.24e-148	527	AL08_v2_f
AL7G31520	scaffold_7_RagTag	88.715	319	28	4	1892	2203	8729893	8730210	1.66e-104	383	AL08_v2_f
AL7G31520	scaffold_7_RagTag	83.938	386	50	8	1849	2226	8463384	8463003	2.79e-97	359	AL08_v2_f
AL7G31520	scaffold_7_RagTag	76.06	731	115	37	1061	1755	8720422	8721128	2.83e-87	326	AL08_v2_f
AL7G31520	scaffold_7_RagTag	81.915	376	52	12	1842	2212	8712565	8712929	1.33e-80	303	AL08_v2_f
AL7G31520	scaffold_7_RagTag	80.976	410	52	9	1854	2258	8731942	8732330	4.78e-80	302	AL08_v2_f
AL7G31520	scaffold_7_RagTag	83.66	306	35	8	1902	2204	8721296	8721589	1.04e-71	274	AL08_v2_f
AL7G31520	scaffold_7_RagTag	87.124	233	29	1	1524	1756	8731601	8731832	2.25e-68	263	AL08_v2_f
AL7G31520	scaffold_7_RagTag	81.405	242	31	9	1523	1753	8463754	8463516	5.02e-45	185	AL08_v2_f
AL7G31520	scaffold_7_RagTag	89.623	106	11	0	2099	2204	8716503	8716608	5.13e-30	135	AL08_v2_f
AL7G31520	scaffold_1_RagTag	78.296	1221	180	50	1048	2209	26170652	26169458	0	708	AL08_v2_f
AL8G44570	scaffold_8_RagTag	91.376	603	22	16	1	574	20697955	20698556	0	798	AL08_v2_f
AL8G44570	scaffold_8_RagTag	98.148	54	1	0	201	254	20702078	20702131	2.12e-18	95.3	AL08_v2_f
AL1G60840	scaffold_1_RagTag	93.88	719	24	10	700	1416	29559518	29560218	0	1066	al1_v2_s
AL1G60840	scaffold_1_RagTag	94.723	379	17	2	1419	1794	29560247	29560625	1.03e-165	586	al1_v2_s
AL1G60840	scaffold_1_RagTag	83.947	380	31	11	169	533	17813921	17813557	1.14e-90	337	al1_v2_s
AL1G60840	scaffold_7_RagTag	77.768	1120	158	45	701	1783	11086257	11087322	2.84e-171	604	al1_v2_s
AL1G60840	scaffold_7_RagTag	78.238	942	137	34	862	1794	11100219	11101101	2.26e-152	542	al1_v2_s
AL1G60840	scaffold_7_RagTag	77.813	942	141	37	862	1794	9423619	9424501	1.06e-145	520	al1_v2_s
AL1G60840	scaffold_7_RagTag	79.33	687	80	30	700	1368	11095721	11096363	2.37e-117	425	al1_v2_s
AL1G60840	scaffold_7_RagTag	82.54	315	46	4	1419	1727	11096435	11096746	4.23e-70	268	al1_v2_s
AL1G60840	scaffold_7_RagTag	84.028	288	22	6	701	988	11104456	11104719	3.29e-66	255	al1_v2_s
AL1G60840	scaffold_7_RagTag	85.408	233	30	3	1132	1363	9425024	9425253	3.32e-61	239	al1_v2_s
AL1G60840	scaffold_7_RagTag	85.169	236	28	7	1137	1370	11089256	11089486	4.29e-60	235	al1_v2_s
AL1G60840	scaffold_7_RagTag	81.915	282	21	11	701	982	9504971	9505222	7.23e-53	211	al1_v2_s
AL1G60840	scaffold_7_RagTag	82.427	239	33	7	1140	1370	9505401	9505638	1.56e-49	200	al1_v2_s
AL1G60840	scaffold_7_RagTag	80.08	251	44	6	1125	1370	11121947	11122196	5.67e-44	182	al1_v2_s
AL1G60840	scaffold_7_RagTag	93.388	121	8	0	862	982	11088978	11089098	2.04e-43	180	al1_v2_s
AL1G60840	scaffold_7_RagTag	92.857	112	8	0	700	811	11100093	11100204	2.05e-38	163	al1_v2_s
AL1G60840	scaffold_7_RagTag	90.083	121	12	0	862	982	11119083	11119203	9.55e-37	158	al1_v2_s
AL1G60840	scaffold_7_RagTag	90.179	112	11	0	700	811	9423493	9423604	2.07e-33	147	al1_v2_s
AL1G60840	scaffold_6_RagTag	87.455	279	13	5	260	534	14788639	14788899	4.17e-80	302	al1_v2_s
AL1G60840	scaffold_5_RagTag	83.537	164	8	10	178	326	6513076	6513235	4.47e-30	135	al1_v2_s
AL1G60840	scaffold_5_RagTag	82.317	164	10	10	178	326	6515896	6515737	9.69e-27	124	al1_v2_s
AL1G60840	scaffold_4_RagTag	79.769	173	11	11	178	326	4522443	4522615	1.26e-20	104	al1_v2_s
AL6G37030	scaffold_6_RagTag	96.52	431	12	1	2	432	12539258	12539685	0	710	al1_v2_s
AL7G30780	scaffold_7_RagTag	98.469	1437	17	2	1	1435	9423147	9424580	0	2527	al1_v2_s
AL7G30780	scaffold_7_RagTag	91.065	1108	92	6	298	1401	11100043	11101147	0	1491	al1_v2_s
AL7G30780	scaffold_7_RagTag	85.248	705	77	15	298	975	11095671	11096375	0	701	al1_v2_s
AL7G30780	scaffold_7_RagTag	82.659	692	103	13	291	967	11086198	11086887	3.78e-169	597	al1_v2_s
AL7G30780	scaffold_7_RagTag	79.13	690	107	22	298	963	11088808	11089484	1.88e-122	442	al1_v2_s
AL7G30780	scaffold_7_RagTag	77.524	743	131	25	246	963	11098062	11098793	4.09e-114	414	al1_v2_s
AL7G30780	scaffold_7_RagTag	85.294	408	47	11	259	661	11115927	11116326	1.9e-112	409	al1_v2_s
AL7G30780	scaffold_7_RagTag	95.122	246	12	0	721	966	9425016	9425261	2.48e-106	388	al1_v2_s
AL7G30780	scaffold_7_RagTag	82.798	436	57	11	241	661	11102869	11103301	6.94e-102	374	al1_v2_s
AL7G30780	scaffold_7_RagTag	84.89	364	42	4	291	641	11104397	11104760	2.51e-96	355	al1_v2_s
AL7G30780	scaffold_7_RagTag	83.014	365	53	5	291	647	9504912	9505275	2.55e-86	322	al1_v2_s
AL7G30780	scaffold_7_RagTag	85.437	206	27	1	259	464	11121435	11121637	5.76e-53	211	al1_v2_s
AL7G30780	scaffold_7_RagTag	80.08	251	37	7	729	968	9505393	9505641	7.55e-42	174	al1_v2_s
AL7G30780	scaffold_1_RagTag	81.34	761	88	22	240	958	29559416	29560164	8.25e-161	569	al1_v2_s
AL7G31470	scaffold_7_RagTag	96.582	1258	19	6	1	1235	11122673	11121417	0	2063	al1_v2_s
AL7G31470	scaffold_7_RagTag	86.367	1225	144	11	21	1235	11117120	11115909	0	1315	al1_v2_s
AL7G31470	scaffold_7_RagTag	77.685	1192	201	41	23	1189	11105545	11104394	0	667	al1_v2_s
AL7G31470	scaffold_7_RagTag	77.019	1201	201	49	37	1185	9506089	9504912	6.93e-176	619	al1_v2_s
AL7G31470	scaffold_7_RagTag	74.795	1222	235	60	34	1217	11104073	11102887	9.49e-135	483	al1_v2_s
AL7G31470	scaffold_7_RagTag	80.751	639	96	22	548	1180	11089423	11088806	5.71e-132	473	al1_v2_s
AL7G31470	scaffold_7_RagTag	85.93	398	50	2	823	1217	9423798	9423404	7.55e-116	420	al1_v2_s
AL7G31470	scaffold_7_RagTag	85.411	377	45	8	821	1189	11086569	11086195	9.9e-105	383	al1_v2_s
AL7G31470	scaffold_7_RagTag	84.384	365	50	5	823	1184	11100398	11100038	2.79e-95	351	al1_v2_s
AL7G31470	scaffold_7_RagTag	83.11	373	53	6	821	1184	11096037	11095666	3.64e-89	331	al1_v2_s
AL7G31470	scaffold_7_RagTag	73.647	702	139	35	35	719	11087322	11086650	1.36e-58	230	al1_v2_s
AL7G31470	scaffold_1_RagTag	72.816	721	168	21	19	727	29560629	29559925	8.21e-56	220	al1_v2_s
AL7G31480	scaffold_7_RagTag	99.323	1329	7	1	1	1329	11117154	11115828	0	2403	al1_v2_s
AL7G31480	scaffold_7_RagTag	85.076	1320	147	20	35	1318	11122653	11121348	0	1301	al1_v2_s
AL7G31480	scaffold_7_RagTag	76.042	1248	227	54	2	1196	9506140	9504912	9.8e-165	582	al1_v2_s
AL7G31480	scaffold_7_RagTag	78.3	894	159	27	173	1055	11119916	11119047	4.63e-153	544	al1_v2_s
AL7G31480	scaffold_7_RagTag	75.358	1258	231	61	48	1262	11104073	11102852	1e-149	532	al1_v2_s
AL7G31480	scaffold_7_RagTag	80	715	108	22	482	1191	11089490	11088806	1.31e-138	496	al1_v2_s
AL7G31480	scaffold_7_RagTag	78.971	680	114	24	556	1228	11098732	11098075	8.08e-121	436	al1_v2_s
AL7G31480	scaffold_7_RagTag	84.106	453	54	13	829	1267	9423806	9423358	2.26e-116	422	al1_v2_s
AL7G31480	scaffold_7_RagTag	82.812	384	50	12	829	1200	11086574	11086195	1.41e-88	329	al1_v2_s
AL7G31480	scaffold_7_RagTag	82.038	373	52	8	836	1195	11096036	11095666	8.55e-81	303	al1_v2_s
AL7G31490	scaffold_7_RagTag	96.915	2788	46	7	75	2840	11105582	11102813	0	4636	al1_v2_s
AL7G31490	scaffold_7_RagTag	77.648	1284	213	48	38	1278	11122715	11121463	0	713	al1_v2_s
AL7G31490	scaffold_7_RagTag	76.231	1300	218	44	42	1284	9506168	9504903	4.52e-171	604	al1_v2_s
AL7G31490	scaffold_7_RagTag	78.228	937	162	22	172	1077	11119995	11119070	2.76e-158	562	al1_v2_s
AL7G31490	scaffold_7_RagTag	81.389	720	98	25	2011	2726	11089493	11088806	4.61e-156	555	al1_v2_s
AL7G31490	scaffold_7_RagTag	80.959	709	111	15	1555	2253	11087344	11086650	1.29e-151	540	al1_v2_s
AL7G31490	scaffold_7_RagTag	79.874	795	111	29	2017	2799	11098796	11098039	1.67e-150	536	al1_v2_s
AL7G31490	scaffold_7_RagTag	74.77	1197	224	51	1561	2727	11105550	11104402	2.22e-129	466	al1_v2_s
AL7G31490	scaffold_7_RagTag	75.483	983	203	19	123	1077	11099246	11098274	2.9e-123	446	al1_v2_s
AL7G31490	scaffold_7_RagTag	74.175	1212	229	55	1565	2722	9506103	9504922	1.05e-117	427	al1_v2_s
AL7G31490	scaffold_7_RagTag	73.417	1279	247	55	1577	2801	11122640	11121401	3.83e-107	392	al1_v2_s
AL7G31490	scaffold_7_RagTag	79.745	548	96	12	548	1080	11116670	11116123	2.3e-104	383	al1_v2_s
AL7G31490	scaffold_7_RagTag	74.311	1016	206	38	107	1081	11104089	11103088	2.98e-103	379	al1_v2_s
AL7G31490	scaffold_7_RagTag	81.763	329	48	6	41	364	11117187	11116866	8.71e-69	265	al1_v2_s
AL7G31490	scaffold_7_RagTag	79.688	384	60	11	2359	2733	11096036	11095662	1.13e-67	261	al1_v2_s
AL7G31490	scaffold_7_RagTag	89.385	179	17	2	1101	1278	9423609	9423432	1.48e-56	224	al1_v2_s
AL7G31490	scaffold_7_RagTag	79.538	303	46	9	77	364	11094947	11094646	6.93e-50	202	al1_v2_s
AL7G31490	scaffold_7_RagTag	86.705	173	23	0	1098	1270	11103098	11102926	4.17e-47	193	al1_v2_s
AL7G31490	scaffold_7_RagTag	92.308	130	7	1	76	205	11117534	11117408	9.02e-44	182	al1_v2_s
AL7G31490	scaffold_7_RagTag	97.849	93	1	1	1	92	11115352	11115260	4.23e-37	159	al1_v2_s
AL7G31490	scaffold_1_RagTag	84.457	341	43	5	938	1275	29559794	29559461	1.1e-87	327	al1_v2_s
AL7G31500	scaffold_7_RagTag	98.134	1286	22	1	1	1286	11101251	11099968	0	2241	al1_v2_s
AL7G31500	scaffold_7_RagTag	91.434	1109	86	8	107	1211	9424546	9423443	0	1513	al1_v2_s
AL7G31500	scaffold_7_RagTag	78.598	1369	188	50	18	1286	11096957	11095594	0	808	al1_v2_s
AL7G31500	scaffold_7_RagTag	81.259	683	110	12	546	1213	11086883	11086204	7.48e-151	536	al1_v2_s
AL7G31500	scaffold_7_RagTag	78.499	693	110	21	546	1213	11089484	11088806	2.83e-115	418	al1_v2_s
AL7G31500	scaffold_7_RagTag	77.312	692	120	27	546	1213	11098793	11098115	6.21e-102	374	al1_v2_s
AL7G31500	scaffold_7_RagTag	93.061	245	17	0	544	788	9425260	9425016	1.74e-97	359	al1_v2_s
AL7G31500	scaffold_7_RagTag	84.722	360	39	8	868	1213	11104760	11104403	1.35e-93	346	al1_v2_s
AL7G31500	scaffold_7_RagTag	83.286	353	53	2	862	1208	9505275	9504923	8.21e-86	320	al1_v2_s
AL7G31500	scaffold_7_RagTag	80.362	387	47	9	856	1216	11121851	11121468	1.08e-69	267	al1_v2_s
AL7G31500	scaffold_7_RagTag	80.687	233	41	3	863	1095	11119255	11119027	5.23e-43	178	al1_v2_s
AL7G31500	scaffold_7_RagTag	77.551	245	44	5	546	780	9505636	9505393	8.87e-31	137	al1_v2_s
AL7G31500	scaffold_7_RagTag	81.875	160	25	2	609	764	11087693	11087534	4.13e-29	132	al1_v2_s
AL7G31500	scaffold_1_RagTag	81.481	702	84	20	551	1211	29560164	29559468	2.69e-150	534	al1_v2_s
AL7G31510	scaffold_7_RagTag	93.716	732	42	3	66	795	11089425	11088696	0	1094	al1_v2_s
AL7G31510	scaffold_7_RagTag	96.452	620	22	0	66	685	11098734	11098115	0	1024	al1_v2_s
AL7G31510	scaffold_7_RagTag	81.669	671	87	22	71	708	9505562	9504895	9.88e-148	525	al1_v2_s
AL7G31510	scaffold_7_RagTag	80.438	639	101	19	68	685	11116599	11115964	6.08e-130	466	al1_v2_s
AL7G31510	scaffold_7_RagTag	79.787	658	97	23	59	685	11103579	11102927	7.91e-124	446	al1_v2_s
AL7G31510	scaffold_7_RagTag	79.491	629	99	19	64	683	9424050	9423443	4.8e-116	420	al1_v2_s
AL7G31510	scaffold_7_RagTag	84.466	412	46	9	345	742	11086556	11086149	3.76e-107	390	al1_v2_s
AL7G31510	scaffold_7_RagTag	78.481	632	104	21	64	685	11100650	11100041	1.75e-105	385	al1_v2_s
AL7G31510	scaffold_7_RagTag	80.539	519	74	21	65	563	11119544	11119033	3.79e-102	374	al1_v2_s
AL7G31510	scaffold_7_RagTag	79.957	469	83	9	68	526	11122126	11121659	1.79e-90	335	al1_v2_s
AL7G31510	scaffold_7_RagTag	80.952	357	51	9	345	685	11096024	11095669	6.61e-70	267	al1_v2_s
AL7G31510	scaffold_7_RagTag	82.941	170	21	6	520	685	11121637	11121472	8.99e-34	147	al1_v2_s
AL7G31510	scaffold_7_RagTag	98.667	75	1	0	1	75	17646866	17646940	7e-30	134	al1_v2_s
AL7G31510	scaffold_7_RagTag	100	69	0	0	1	69	10269816	10269884	3.26e-28	128	al1_v2_s
AL7G31510	scaffold_7_RagTag	98.551	69	1	0	1	69	24930536	24930604	1.51e-26	122	al1_v2_s
AL7G31510	scaffold_7_RagTag	98.529	68	1	0	1	68	17065472	17065405	5.45e-26	121	al1_v2_s
AL7G31510	scaffold_7_RagTag	97.059	68	2	0	2	69	15695454	15695521	2.54e-24	115	al1_v2_s
AL7G31510	scaffold_7_RagTag	93.333	75	4	1	1	75	28099908	28099835	1.18e-22	110	al1_v2_s
AL7G31510	scaffold_7_RagTag	98.361	61	1	0	1	61	14051516	14051456	4.24e-22	108	al1_v2_s
AL7G31510	scaffold_7_RagTag	95.455	66	3	0	1	66	15690643	15690578	1.53e-21	106	al1_v2_s
AL7G31510	scaffold_7_RagTag	95.455	66	3	0	1	66	27989721	27989786	1.53e-21	106	al1_v2_s
AL7G31510	scaffold_7_RagTag	94.118	68	4	0	1	68	15995535	15995468	5.49e-21	104	al1_v2_s
AL7G31510	scaffold_7_RagTag	93.939	66	4	0	1	66	25628411	25628346	7.1e-20	100	al1_v2_s
AL7G31510	scaffold_7_RagTag	92.958	71	0	2	1	66	13531309	13531239	2.55e-19	99	al1_v2_s
AL7G31510	scaffold_7_RagTag	93.75	64	4	0	5	68	9604226	9604163	9.18e-19	97.1	al1_v2_s
AL7G31510	scaffold_7_RagTag	93.75	64	4	0	3	66	21963402	21963465	9.18e-19	97.1	al1_v2_s
AL7G31510	scaffold_7_RagTag	98.148	54	1	0	13	66	14566681	14566628	3.3e-18	95.3	al1_v2_s
AL7G31510	scaffold_7_RagTag	92.424	66	5	0	1	66	25649848	25649783	3.3e-18	95.3	al1_v2_s
AL7G31510	scaffold_8_RagTag	100	70	0	0	1	70	16322045	16322114	9.05e-29	130	al1_v2_s
AL7G31510	scaffold_8_RagTag	100	68	0	0	1	68	2325180	2325247	1.17e-27	126	al1_v2_s
AL7G31510	scaffold_8_RagTag	95.775	71	3	0	1	71	20242815	20242745	2.54e-24	115	al1_v2_s
AL7G31510	scaffold_8_RagTag	92.105	76	6	0	1	76	3544815	3544740	4.24e-22	108	al1_v2_s
AL7G31510	scaffold_8_RagTag	95.522	67	3	0	1	67	16929818	16929884	4.24e-22	108	al1_v2_s
AL7G31510	scaffold_8_RagTag	90.541	74	1	4	1	72	5937987	5937918	1.19e-17	93.5	al1_v2_s
AL7G31510	scaffold_5_RagTag	100	69	0	0	1	69	13996631	13996699	3.26e-28	128	al1_v2_s
AL7G31510	scaffold_5_RagTag	100	69	0	0	1	69	17638832	17638764	3.26e-28	128	al1_v2_s
AL7G31510	scaffold_5_RagTag	100	68	0	0	1	68	4386942	4386875	1.17e-27	126	al1_v2_s
AL7G31510	scaffold_5_RagTag	98.529	68	1	0	1	68	3446373	3446306	5.45e-26	121	al1_v2_s
AL7G31510	scaffold_5_RagTag	98.529	68	1	0	1	68	20293904	20293837	5.45e-26	121	al1_v2_s
AL7G31510	scaffold_5_RagTag	94.805	77	3	1	1	76	11131507	11131431	1.96e-25	119	al1_v2_s
AL7G31510	scaffold_5_RagTag	97.143	70	2	0	1	70	21997359	21997428	1.96e-25	119	al1_v2_s
AL7G31510	scaffold_5_RagTag	98.485	66	1	0	1	66	14363877	14363942	7.05e-25	117	al1_v2_s
AL7G31510	scaffold_5_RagTag	97.059	68	2	0	1	68	19071633	19071566	2.54e-24	115	al1_v2_s
AL7G31510	scaffold_5_RagTag	95.455	66	3	0	1	66	6951629	6951564	1.53e-21	106	al1_v2_s
AL7G31510	scaffold_5_RagTag	96.825	63	2	0	6	68	21739036	21738974	1.53e-21	106	al1_v2_s
AL7G31510	scaffold_5_RagTag	90.411	73	5	2	1	72	4630518	4630447	3.3e-18	95.3	al1_v2_s
AL7G31510	scaffold_5_RagTag	96.491	57	2	0	13	69	13625552	13625496	3.3e-18	95.3	al1_v2_s
AL7G31510	scaffold_6_RagTag	97.333	75	1	1	1	75	9682829	9682756	1.17e-27	126	al1_v2_s
AL7G31510	scaffold_6_RagTag	100	66	0	0	1	66	4789093	4789158	1.51e-26	122	al1_v2_s
AL7G31510	scaffold_6_RagTag	98.551	69	1	0	1	69	14967768	14967700	1.51e-26	122	al1_v2_s
AL7G31510	scaffold_6_RagTag	98.485	66	1	0	1	66	22950360	22950295	7.05e-25	117	al1_v2_s
AL7G31510	scaffold_6_RagTag	98.485	66	1	0	1	66	24801244	24801309	7.05e-25	117	al1_v2_s
AL7G31510	scaffold_6_RagTag	97.059	68	2	0	1	68	1254861	1254928	2.54e-24	115	al1_v2_s
AL7G31510	scaffold_6_RagTag	97.101	69	1	1	1	68	22888203	22888271	2.54e-24	115	al1_v2_s
AL7G31510	scaffold_6_RagTag	97.059	68	2	0	1	68	23145470	23145403	2.54e-24	115	al1_v2_s
AL7G31510	scaffold_6_RagTag	95.652	69	3	0	1	69	21109793	21109861	3.28e-23	111	al1_v2_s
AL7G31510	scaffold_6_RagTag	94.118	68	4	0	1	68	10719077	10719144	5.49e-21	104	al1_v2_s
AL7G31510	scaffold_2_RagTag	98.592	71	1	0	1	71	4231712	4231782	1.17e-27	126	al1_v2_s
AL7G31510	scaffold_2_RagTag	100	68	0	0	1	68	8651831	8651764	1.17e-27	126	al1_v2_s
AL7G31510	scaffold_2_RagTag	98.592	71	1	0	1	71	15766180	15766110	1.17e-27	126	al1_v2_s
AL7G31510	scaffold_2_RagTag	100	67	0	0	1	67	17884732	17884798	4.21e-27	124	al1_v2_s
AL7G31510	scaffold_2_RagTag	100	66	0	0	1	66	4960209	4960274	1.51e-26	122	al1_v2_s
AL7G31510	scaffold_2_RagTag	100	66	0	0	1	66	15451249	15451314	1.51e-26	122	al1_v2_s
AL7G31510	scaffold_2_RagTag	96.053	76	1	2	1	76	17133256	17133329	1.51e-26	122	al1_v2_s
AL7G31510	scaffold_2_RagTag	98.529	68	1	0	1	68	1618170	1618237	5.45e-26	121	al1_v2_s
AL7G31510	scaffold_2_RagTag	97.143	70	2	0	1	70	2685238	2685169	1.96e-25	119	al1_v2_s
AL7G31510	scaffold_2_RagTag	98.485	66	1	0	1	66	1512329	1512264	7.05e-25	117	al1_v2_s
AL7G31510	scaffold_2_RagTag	98.485	66	1	0	1	66	3252492	3252557	7.05e-25	117	al1_v2_s
AL7G31510	scaffold_2_RagTag	95.652	69	3	0	1	69	326211	326143	3.28e-23	111	al1_v2_s
AL7G31510	scaffold_2_RagTag	96.97	66	2	0	1	66	11745811	11745876	3.28e-23	111	al1_v2_s
AL7G31510	scaffold_2_RagTag	92.405	79	4	2	1	78	15836734	15836657	3.28e-23	111	al1_v2_s
AL7G31510	scaffold_2_RagTag	96.774	62	2	0	5	66	1513407	1513346	5.49e-21	104	al1_v2_s
AL7G31510	scaffold_2_RagTag	93.939	66	4	0	1	66	13180353	13180418	7.1e-20	100	al1_v2_s
AL7G31510	scaffold_1_RagTag	100	68	0	0	1	68	26994744	26994811	1.17e-27	126	al1_v2_s
AL7G31510	scaffold_1_RagTag	100	67	0	0	1	67	25387293	25387227	4.21e-27	124	al1_v2_s
AL7G31510	scaffold_1_RagTag	98.529	68	1	0	1	68	5696193	5696260	5.45e-26	121	al1_v2_s
AL7G31510	scaffold_1_RagTag	98.529	68	1	0	1	68	13132996	13132929	5.45e-26	121	al1_v2_s
AL7G31510	scaffold_1_RagTag	97.143	70	2	0	1	70	17880475	17880406	1.96e-25	119	al1_v2_s
AL7G31510	scaffold_1_RagTag	98.485	66	1	0	1	66	15725626	15725691	7.05e-25	117	al1_v2_s
AL7G31510	scaffold_1_RagTag	97.059	68	2	0	1	68	16362274	16362341	2.54e-24	115	al1_v2_s
AL7G31510	scaffold_1_RagTag	96.97	66	2	0	1	66	25390199	25390134	3.28e-23	111	al1_v2_s
AL7G31510	scaffold_1_RagTag	96.97	66	2	0	1	66	25391190	25391125	3.28e-23	111	al1_v2_s
AL7G31510	scaffold_1_RagTag	96.97	66	2	0	1	66	25393102	25393037	3.28e-23	111	al1_v2_s
AL7G31510	scaffold_1_RagTag	96.97	66	2	0	1	66	25394063	25393998	3.28e-23	111	al1_v2_s
AL7G31510	scaffold_1_RagTag	96.97	66	2	0	1	66	25395023	25394958	3.28e-23	111	al1_v2_s
AL7G31510	scaffold_1_RagTag	96.97	66	2	0	1	66	25396934	25396869	3.28e-23	111	al1_v2_s
AL7G31510	scaffold_1_RagTag	96.97	66	2	0	1	66	25398850	25398785	3.28e-23	111	al1_v2_s
AL7G31510	scaffold_1_RagTag	96.97	66	2	0	1	66	25399817	25399752	3.28e-23	111	al1_v2_s
AL7G31510	scaffold_1_RagTag	96.97	66	2	0	1	66	25400773	25400708	3.28e-23	111	al1_v2_s
AL7G31510	scaffold_1_RagTag	96.97	66	2	0	1	66	25401740	25401675	3.28e-23	111	al1_v2_s
AL7G31510	scaffold_1_RagTag	96.97	66	2	0	1	66	25402697	25402632	3.28e-23	111	al1_v2_s
AL7G31510	scaffold_1_RagTag	96.97	66	2	0	1	66	25403654	25403589	3.28e-23	111	al1_v2_s
AL7G31510	scaffold_1_RagTag	96.97	66	2	0	1	66	25404607	25404542	3.28e-23	111	al1_v2_s
AL7G31510	scaffold_1_RagTag	96.97	66	2	0	1	66	25405569	25405504	3.28e-23	111	al1_v2_s
AL7G31510	scaffold_1_RagTag	96.97	66	2	0	1	66	25406532	25406467	3.28e-23	111	al1_v2_s
AL7G31510	scaffold_1_RagTag	96.97	66	2	0	1	66	25407505	25407440	3.28e-23	111	al1_v2_s
AL7G31510	scaffold_1_RagTag	96.97	66	2	0	1	66	25408467	25408402	3.28e-23	111	al1_v2_s
AL7G31510	scaffold_1_RagTag	96.97	66	2	0	1	66	25409429	25409364	3.28e-23	111	al1_v2_s
AL7G31510	scaffold_1_RagTag	96.97	66	2	0	1	66	25410391	25410326	3.28e-23	111	al1_v2_s
AL7G31510	scaffold_1_RagTag	96.97	66	2	0	1	66	25411351	25411286	3.28e-23	111	al1_v2_s
AL7G31510	scaffold_1_RagTag	95.522	67	3	0	1	67	23515720	23515654	4.24e-22	108	al1_v2_s
AL7G31510	scaffold_1_RagTag	94.444	72	0	3	1	68	25386800	25386871	4.24e-22	108	al1_v2_s
AL7G31510	scaffold_1_RagTag	95.588	68	2	1	1	68	25388274	25388208	4.24e-22	108	al1_v2_s
AL7G31510	scaffold_1_RagTag	94.286	70	3	1	1	69	25385906	25385975	1.53e-21	106	al1_v2_s
AL7G31510	scaffold_1_RagTag	95.122	41	2	0	1	41	25389226	25389186	2.59e-09	65.8	al1_v2_s
AL7G31510	scaffold_1_RagTag	89.583	48	5	0	17	64	15201342	15201295	3.35e-08	62.1	al1_v2_s
AL7G31510	scaffold_4_RagTag	96.104	77	1	2	1	75	4257679	4257755	4.21e-27	124	al1_v2_s
AL7G31510	scaffold_4_RagTag	97.297	74	1	1	1	74	14211816	14211744	4.21e-27	124	al1_v2_s
AL7G31510	scaffold_4_RagTag	97.183	71	2	0	1	71	12545717	12545647	5.45e-26	121	al1_v2_s
AL7G31510	scaffold_4_RagTag	94.805	77	4	0	1	77	22772454	22772378	5.45e-26	121	al1_v2_s
AL7G31510	scaffold_4_RagTag	98.507	67	1	0	2	68	10517793	10517727	1.96e-25	119	al1_v2_s
AL7G31510	scaffold_4_RagTag	97.101	69	2	0	1	69	3473477	3473409	7.05e-25	117	al1_v2_s
AL7G31510	scaffold_4_RagTag	97.101	69	2	0	1	69	16255044	16255112	7.05e-25	117	al1_v2_s
AL7G31510	scaffold_4_RagTag	97.015	67	2	0	5	71	24630703	24630769	9.12e-24	113	al1_v2_s
AL7G31510	scaffold_4_RagTag	94.118	68	4	0	1	68	12097427	12097494	5.49e-21	104	al1_v2_s
AL7G31510	scaffold_4_RagTag	94.545	55	3	0	13	67	10919991	10919937	1.99e-15	86.1	al1_v2_s
AL7G31510	scaffold_3_RagTag	100	66	0	0	1	66	24182252	24182187	1.51e-26	122	al1_v2_s
AL7G31510	scaffold_3_RagTag	98.529	68	1	0	1	68	5085861	5085928	5.45e-26	121	al1_v2_s
AL7G31510	scaffold_3_RagTag	98.485	66	1	0	1	66	10623000	10623065	7.05e-25	117	al1_v2_s
AL7G31510	scaffold_3_RagTag	98.485	66	1	0	1	66	12821076	12821011	7.05e-25	117	al1_v2_s
AL7G31510	scaffold_3_RagTag	92.5	80	6	0	1	80	19050218	19050139	2.54e-24	115	al1_v2_s
AL7G31510	scaffold_3_RagTag	95.652	69	3	0	1	69	14725055	14724987	3.28e-23	111	al1_v2_s
AL7G31510	scaffold_3_RagTag	96.97	66	1	1	1	66	24793050	24792986	1.18e-22	110	al1_v2_s
AL7G31510	scaffold_3_RagTag	98.361	61	1	0	1	61	24688678	24688738	4.24e-22	108	al1_v2_s
AL7G31510	scaffold_3_RagTag	94.118	68	4	0	1	68	1240153	1240220	5.49e-21	104	al1_v2_s
AL7G31510	scaffold_3_RagTag	93.939	66	4	0	1	66	24689277	24689342	7.1e-20	100	al1_v2_s
AL7G31510	scaffold_3_RagTag	92.857	56	4	0	13	68	22571729	22571674	2.57e-14	82.4	al1_v2_s
AL7G31520	scaffold_7_RagTag	97.87	2301	22	8	1	2282	11088417	11086125	0	3952	al1_v2_s
AL7G31520	scaffold_7_RagTag	85.702	1182	128	14	1056	2203	11096843	11095669	0	1208	al1_v2_s
AL7G31520	scaffold_7_RagTag	82.277	694	106	11	1523	2212	9424112	9423432	4.72e-165	584	al1_v2_s
AL7G31520	scaffold_7_RagTag	81.113	683	108	14	1527	2203	11100708	11100041	8.06e-148	527	al1_v2_s
AL7G31520	scaffold_7_RagTag	82.651	415	55	8	1849	2258	11089151	11088749	5.21e-95	351	al1_v2_s
AL7G31520	scaffold_7_RagTag	82.447	376	50	10	1842	2212	11116319	11115955	6.83e-84	315	al1_v2_s
AL7G31520	scaffold_7_RagTag	81.867	375	50	13	1842	2204	11103294	11102926	1.91e-79	300	al1_v2_s
AL7G31520	scaffold_7_RagTag	81.519	395	46	13	1841	2212	11121853	11121463	1.91e-79	300	al1_v2_s
AL7G31520	scaffold_7_RagTag	84.116	277	39	5	1517	1791	9425267	9424994	2.51e-68	263	al1_v2_s
AL7G31520	scaffold_7_RagTag	85.408	233	33	1	1524	1756	11089487	11089256	1.18e-61	241	al1_v2_s
AL7G31520	scaffold_7_RagTag	82.449	245	33	9	1524	1760	11122197	11121955	4.29e-51	206	al1_v2_s
AL7G31520	scaffold_7_RagTag	81.893	243	29	10	1523	1753	9505640	9505401	1.2e-46	191	al1_v2_s
AL7G31520	scaffold_7_RagTag	92.308	52	0	1	568	615	11087771	11087720	1.63e-10	71.3	al1_v2_s
AL7G31520	scaffold_7_RagTag	95.349	43	2	0	588	630	11087781	11087739	5.87e-10	69.4	al1_v2_s
AL7G31520	scaffold_7_RagTag	94.872	39	2	0	639	677	11087832	11087794	9.83e-08	62.1	al1_v2_s
AL7G31520	scaffold_1_RagTag	77.959	1225	181	51	1048	2209	29560659	29559461	0	684	al1_v2_s
AL8G44570	scaffold_8_RagTag	95.122	451	10	7	5	445	22279893	22280341	0	701	al1_v2_s
AL8G44570	scaffold_8_RagTag	100	132	0	0	443	574	22280379	22280510	2.21e-63	244	al1_v2_s
AL1G60840	scaffold_1_RagTag	93.324	719	25	10	700	1416	27108356	27109053	0	1040	AL27_v1
AL1G60840	scaffold_1_RagTag	94.987	379	16	2	1419	1794	27109082	27109460	1.99e-167	592	AL27_v1
AL1G60840	scaffold_1_RagTag	86.127	346	25	15	162	487	10700562	10700904	3.68e-95	351	AL27_v1
AL1G60840	scaffold_7_RagTag	77.569	1119	162	43	701	1783	8735914	8734849	5.54e-168	593	AL27_v1
AL1G60840	scaffold_7_RagTag	83.399	506	59	11	862	1363	8405300	8405784	1.64e-123	446	AL27_v1
AL1G60840	scaffold_7_RagTag	76.836	531	77	22	863	1370	8727542	8727035	8.26e-67	257	AL27_v1
AL1G60840	scaffold_7_RagTag	85.294	238	31	2	1132	1368	8728828	8728594	2.31e-62	243	AL27_v1
AL1G60840	scaffold_7_RagTag	85.408	233	30	3	1132	1363	8406707	8406936	2.99e-61	239	AL27_v1
AL1G60840	scaffold_7_RagTag	85.169	236	28	7	1137	1370	8732850	8732620	3.87e-60	235	AL27_v1
AL1G60840	scaffold_7_RagTag	82.456	285	23	9	701	985	8708519	8708262	8.37e-57	224	AL27_v1
AL1G60840	scaffold_7_RagTag	81.979	283	20	12	701	982	8474878	8475130	6.52e-53	211	AL27_v1
AL1G60840	scaffold_7_RagTag	78.67	361	35	7	701	1061	8718586	8718268	3.92e-50	202	AL27_v1
AL1G60840	scaffold_7_RagTag	79.615	260	47	6	1125	1379	8710383	8710125	5.11e-44	182	AL27_v1
AL1G60840	scaffold_7_RagTag	91.129	124	11	0	700	823	8723284	8723161	3.98e-40	169	AL27_v1
AL1G60840	scaffold_7_RagTag	90.083	121	12	0	862	982	8713922	8713802	8.62e-37	158	AL27_v1
AL1G60840	scaffold_7_RagTag	80.519	154	24	5	1223	1370	8475356	8475509	1.89e-23	113	AL27_v1
AL1G60840	scaffold_7_RagTag	95.455	44	2	0	1140	1183	8475306	8475349	1.15e-10	71.3	AL27_v1
AL1G60840	scaffold_6_RagTag	86.387	382	18	7	169	534	13215306	13215669	1.01e-105	387	AL27_v1
AL1G60840	scaffold_5_RagTag	82.317	164	10	10	178	326	5524344	5524503	8.74e-27	124	AL27_v1
AL1G60840	scaffold_5_RagTag	82.317	164	10	10	178	326	5780226	5780067	8.74e-27	124	AL27_v1
AL1G60840	scaffold_5_RagTag	81.098	164	12	10	178	326	5776645	5776804	1.89e-23	113	AL27_v1
AL1G60840	scaffold_4_RagTag	80.925	173	9	12	178	326	3566431	3566603	5.26e-24	115	AL27_v1
AL6G37030	scaffold_6_RagTag	96.133	362	11	1	71	432	11044490	11044848	5.93e-167	588	AL27_v1
AL7G30780	scaffold_7_RagTag	96.573	1138	39	0	298	1435	8405124	8406261	0	1886	AL27_v1
AL7G30780	scaffold_7_RagTag	95.463	1102	49	1	301	1401	8723331	8722230	0	1757	AL27_v1
AL7G30780	scaffold_7_RagTag	98.918	647	5	1	1	645	8401658	8402304	0	1155	AL27_v1
AL7G30780	scaffold_7_RagTag	82.69	699	106	11	291	975	8735973	8735276	5.67e-172	606	AL27_v1
AL7G30780	scaffold_7_RagTag	78.313	747	128	22	244	966	8727770	8727034	2.81e-125	451	AL27_v1
AL7G30780	scaffold_7_RagTag	78.857	700	112	20	291	966	8733306	8732619	6.09e-122	440	AL27_v1
AL7G30780	scaffold_7_RagTag	77.51	747	134	22	241	963	8403096	8403832	2.85e-115	418	AL27_v1
AL7G30780	scaffold_7_RagTag	85.176	398	53	2	259	653	8710873	8710479	7.99e-111	403	AL27_v1
AL7G30780	scaffold_7_RagTag	84.767	407	51	8	259	661	8716812	8716413	3.72e-109	398	AL27_v1
AL7G30780	scaffold_7_RagTag	93.798	258	15	1	721	977	8406699	8406956	8.05e-106	387	AL27_v1
AL7G30780	scaffold_7_RagTag	83.532	419	60	2	244	653	8708624	8708206	1.04e-104	383	AL27_v1
AL7G30780	scaffold_7_RagTag	82.91	433	56	10	244	661	8721265	8720836	6.27e-102	374	AL27_v1
AL7G30780	scaffold_7_RagTag	84.89	364	48	5	291	647	8718645	8718282	4.88e-98	361	AL27_v1
AL7G30780	scaffold_7_RagTag	83.06	366	52	7	291	647	8474819	8475183	6.4e-87	324	AL27_v1
AL7G30780	scaffold_7_RagTag	87.451	255	32	0	721	975	8728836	8728582	5.02e-78	294	AL27_v1
AL7G30780	scaffold_7_RagTag	76.582	158	26	5	821	968	8475356	8475512	1.98e-12	76.8	AL27_v1
AL7G30780	scaffold_7_RagTag	90.385	52	5	0	729	780	8475298	8475349	3.31e-10	69.4	AL27_v1
AL7G30780	scaffold_1_RagTag	82.322	758	83	22	240	958	27108254	27108999	4.39e-173	610	AL27_v1
AL7G31470	scaffold_7_RagTag	98.683	1215	15	1	21	1235	8709678	8710891	0	2154	AL27_v1
AL7G31470	scaffold_7_RagTag	86.156	1228	144	13	21	1235	8715616	8716830	0	1303	AL27_v1
AL7G31470	scaffold_7_RagTag	77.74	1186	205	39	23	1189	8717503	8718648	0	673	AL27_v1
AL7G31470	scaffold_7_RagTag	77.018	1214	204	57	4	1185	8732136	8733306	3.74e-178	627	AL27_v1
AL7G31470	scaffold_7_RagTag	74.288	1229	244	57	28	1217	8720055	8721250	6.71e-126	453	AL27_v1
AL7G31470	scaffold_7_RagTag	79.31	667	106	27	548	1204	8403771	8403127	1.88e-121	438	AL27_v1
AL7G31470	scaffold_7_RagTag	85.641	390	50	2	831	1217	8402304	8401918	1.91e-111	405	AL27_v1
AL7G31470	scaffold_7_RagTag	80.556	540	85	13	663	1185	8475355	8474819	3.19e-109	398	AL27_v1
AL7G31470	scaffold_7_RagTag	85.676	377	44	8	821	1189	8735602	8735976	1.92e-106	388	AL27_v1
AL7G31470	scaffold_7_RagTag	85.479	365	46	5	823	1184	8722979	8723339	5.38e-102	374	AL27_v1
AL7G31470	scaffold_7_RagTag	74.679	624	104	39	37	628	8475957	8475356	4.43e-58	228	AL27_v1
AL7G31470	scaffold_7_RagTag	82.52	246	31	11	477	719	8735285	8735521	2.08e-51	206	AL27_v1
AL7G31470	scaffold_7_RagTag	79.752	242	39	9	480	719	8728594	8728827	9.79e-40	167	AL27_v1
AL7G31470	scaffold_1_RagTag	72.527	728	172	21	19	733	27109466	27108754	4.46e-53	211	AL27_v1
AL7G31480	scaffold_7_RagTag	99.399	1332	3	2	1	1329	8715582	8716911	0	2410	AL27_v1
AL7G31480	scaffold_7_RagTag	86.251	1331	151	20	5	1318	8709645	8710960	0	1415	AL27_v1
AL7G31480	scaffold_7_RagTag	77.212	1198	197	48	33	1196	8732151	8733306	3.11e-179	630	AL27_v1
AL7G31480	scaffold_7_RagTag	75.095	1313	234	73	19	1281	8720030	8721299	4.2e-148	527	AL27_v1
AL7G31480	scaffold_7_RagTag	76.027	1047	196	34	33	1055	8729442	8730457	1.53e-137	492	AL27_v1
AL7G31480	scaffold_7_RagTag	79.277	719	117	28	556	1265	8727098	8727793	5.55e-132	473	AL27_v1
AL7G31480	scaffold_7_RagTag	78.333	720	122	27	556	1265	8403771	8403076	2.62e-120	435	AL27_v1
AL7G31480	scaffold_7_RagTag	83.753	437	53	15	845	1267	8402304	8401872	3.44e-109	398	AL27_v1
AL7G31480	scaffold_7_RagTag	80.488	492	76	11	814	1286	8708183	8708673	1.62e-97	359	AL27_v1
AL7G31480	scaffold_7_RagTag	83.82	377	46	11	836	1200	8735603	8735976	4.54e-93	344	AL27_v1
AL7G31480	scaffold_7_RagTag	78.467	548	85	20	671	1196	8475355	8474819	4.57e-88	327	AL27_v1
AL7G31480	scaffold_7_RagTag	83.275	287	41	3	7	286	8717466	8717752	6.09e-67	257	AL27_v1
AL7G31480	scaffold_7_RagTag	74.51	663	123	35	6	636	8476004	8475356	1.32e-63	246	AL27_v1
AL7G31480	scaffold_7_RagTag	82.873	181	28	2	875	1055	8713781	8713958	1.77e-37	159	AL27_v1
AL7G31490	scaffold_7_RagTag	98.011	1408	7	1	50	1457	8717441	8718827	0	2425	AL27_v1
AL7G31490	scaffold_7_RagTag	97.917	1392	29	0	1449	2840	8719933	8721324	0	2410	AL27_v1
AL7G31490	scaffold_7_RagTag	80.94	787	114	17	2017	2799	8727034	8727788	1.14e-166	590	AL27_v1
AL7G31490	scaffold_7_RagTag	76.894	1043	189	31	75	1080	8709647	8710674	9.01e-153	544	AL27_v1
AL7G31490	scaffold_7_RagTag	76.108	1038	191	37	77	1074	8732118	8733138	1.19e-136	490	AL27_v1
AL7G31490	scaffold_7_RagTag	74.937	1189	230	47	1561	2727	8717498	8718640	1.99e-134	483	AL27_v1
AL7G31490	scaffold_7_RagTag	75.796	1037	201	31	77	1078	8726536	8727557	2.58e-133	479	AL27_v1
AL7G31490	scaffold_7_RagTag	75.699	1037	202	34	77	1078	8404333	8403312	1.2e-131	473	AL27_v1
AL7G31490	scaffold_7_RagTag	75.109	1149	209	47	1485	2601	8729369	8730472	2.01e-129	466	AL27_v1
AL7G31490	scaffold_7_RagTag	75.229	981	198	30	109	1054	8729442	8730412	1.23e-116	424	AL27_v1
AL7G31490	scaffold_7_RagTag	80	545	94	11	545	1074	8716066	8716610	4.47e-106	388	AL27_v1
AL7G31490	scaffold_7_RagTag	83.791	401	47	4	869	1269	8708190	8708572	7.53e-99	364	AL27_v1
AL7G31490	scaffold_7_RagTag	82.963	405	48	10	2329	2722	8475223	8474829	2.73e-93	346	AL27_v1
AL7G31490	scaffold_7_RagTag	82.169	415	52	8	871	1284	8475203	8474810	1.64e-90	337	AL27_v1
AL7G31490	scaffold_7_RagTag	73.457	1021	209	43	107	1081	8720045	8721049	9.88e-88	327	AL27_v1
AL7G31490	scaffold_7_RagTag	81.846	325	47	6	42	361	8715550	8715867	2.83e-68	263	AL27_v1
AL7G31490	scaffold_7_RagTag	79.231	390	64	13	1558	1941	8726567	8726945	4.73e-66	255	AL27_v1
AL7G31490	scaffold_7_RagTag	93.452	168	8	1	38	205	8715169	8715333	2.85e-63	246	AL27_v1
AL7G31490	scaffold_7_RagTag	78.663	389	68	12	1558	1941	8404302	8403924	1.02e-62	244	AL27_v1
AL7G31490	scaffold_7_RagTag	90.395	177	17	0	1093	1269	8723160	8723336	2.22e-59	233	AL27_v1
AL7G31490	scaffold_7_RagTag	89.831	177	18	0	1093	1269	8405298	8405122	1.03e-57	228	AL27_v1
AL7G31490	scaffold_7_RagTag	88.827	179	18	2	1101	1278	8402123	8401946	6.2e-55	219	AL27_v1
AL7G31490	scaffold_7_RagTag	87.283	173	22	0	1098	1270	8721039	8721211	8.08e-49	198	AL27_v1
AL7G31490	scaffold_7_RagTag	84.516	155	24	0	923	1077	8713781	8713935	1.77e-35	154	AL27_v1
AL7G31490	scaffold_1_RagTag	81.752	411	56	9	877	1275	27108702	27108299	3.55e-87	326	AL27_v1
AL7G31500	scaffold_7_RagTag	93.251	1289	80	6	1	1286	8722125	8723409	0	1892	AL27_v1
AL7G31500	scaffold_7_RagTag	93.103	1189	69	8	107	1286	8406227	8405043	0	1729	AL27_v1
AL7G31500	scaffold_7_RagTag	81.378	682	111	10	546	1213	8735288	8735967	1.45e-152	542	AL27_v1
AL7G31500	scaffold_7_RagTag	89.943	348	35	0	864	1211	8402304	8401957	9.05e-125	449	AL27_v1
AL7G31500	scaffold_7_RagTag	78.53	694	108	24	546	1213	8732622	8733300	2.55e-115	418	AL27_v1
AL7G31500	scaffold_7_RagTag	77.971	690	119	22	546	1213	8727037	8727715	2.57e-110	401	AL27_v1
AL7G31500	scaffold_7_RagTag	77.279	691	122	24	546	1213	8403832	8403154	5.6e-102	374	AL27_v1
AL7G31500	scaffold_7_RagTag	93.033	244	17	0	545	788	8406942	8406699	5.64e-97	357	AL27_v1
AL7G31500	scaffold_7_RagTag	84.384	365	50	6	856	1216	8710479	8710840	2.62e-95	351	AL27_v1
AL7G31500	scaffold_7_RagTag	84.722	360	45	8	862	1213	8718282	8718639	2.62e-95	351	AL27_v1
AL7G31500	scaffold_7_RagTag	83.558	371	50	6	856	1216	8708206	8708575	7.35e-91	337	AL27_v1
AL7G31500	scaffold_7_RagTag	82.768	354	54	5	862	1208	8475183	8474830	1.6e-82	309	AL27_v1
AL7G31500	scaffold_7_RagTag	85.098	255	38	0	534	788	8728582	8728836	4.55e-68	261	AL27_v1
AL7G31500	scaffold_7_RagTag	82.178	202	32	3	894	1095	8713781	8713978	7.89e-41	171	AL27_v1
AL7G31500	scaffold_7_RagTag	81.437	167	29	1	600	764	8734357	8734523	2.88e-30	135	AL27_v1
AL7G31500	scaffold_7_RagTag	92.308	52	4	0	729	780	8475349	8475298	6.36e-12	75	AL27_v1
AL7G31500	scaffold_1_RagTag	82.403	699	80	20	551	1211	27108999	27108306	6.66e-161	569	AL27_v1
AL7G31510	scaffold_7_RagTag	92.877	730	48	3	66	793	8732681	8733408	0	1057	AL27_v1
AL7G31510	scaffold_7_RagTag	94.516	620	34	0	66	685	8403773	8403154	0	957	AL27_v1
AL7G31510	scaffold_7_RagTag	94.032	620	37	0	66	685	8727096	8727715	0	941	AL27_v1
AL7G31510	scaffold_7_RagTag	87.549	506	57	3	66	565	8729969	8730474	1.88e-164	580	AL27_v1
AL7G31510	scaffold_7_RagTag	79.819	664	98	20	53	685	8720552	8721210	1.53e-125	451	AL27_v1
AL7G31510	scaffold_7_RagTag	79.969	639	104	19	68	685	8716140	8716775	5.52e-125	449	AL27_v1
AL7G31510	scaffold_7_RagTag	85.261	441	49	7	284	708	8475242	8474802	3.32e-122	440	AL27_v1
AL7G31510	scaffold_7_RagTag	79.624	638	105	16	68	685	8710204	8710836	1.55e-120	435	AL27_v1
AL7G31510	scaffold_7_RagTag	79.398	631	100	19	64	685	8722727	8723336	1.56e-115	418	AL27_v1
AL7G31510	scaffold_7_RagTag	79.081	631	102	19	64	685	8405731	8405122	3.37e-112	407	AL27_v1
AL7G31510	scaffold_7_RagTag	84.951	412	44	9	345	742	8735615	8736022	1.57e-110	401	AL27_v1
AL7G31510	scaffold_7_RagTag	83.768	345	50	3	345	683	8402301	8401957	1.26e-86	322	AL27_v1
AL7G31510	scaffold_7_RagTag	86.458	192	26	0	372	563	8713781	8713972	2.84e-53	211	AL27_v1
AL7G31510	scaffold_7_RagTag	100	69	0	0	1	69	25771619	25771687	2.94e-28	128	AL27_v1
AL7G31510	scaffold_7_RagTag	98.571	70	1	0	1	70	7355664	7355733	3.8e-27	124	AL27_v1
AL7G31510	scaffold_7_RagTag	98.571	70	1	0	1	70	22520515	22520584	3.8e-27	124	AL27_v1
AL7G31510	scaffold_7_RagTag	98.551	69	1	0	1	69	4523425	4523357	1.37e-26	122	AL27_v1
AL7G31510	scaffold_7_RagTag	98.551	69	1	0	1	69	5261953	5261885	1.37e-26	122	AL27_v1
AL7G31510	scaffold_7_RagTag	96	75	3	0	1	75	10043018	10042944	1.37e-26	122	AL27_v1
AL7G31510	scaffold_7_RagTag	100	66	0	0	1	66	13631357	13631292	1.37e-26	122	AL27_v1
AL7G31510	scaffold_7_RagTag	100	66	0	0	1	66	24781707	24781642	1.37e-26	122	AL27_v1
AL7G31510	scaffold_7_RagTag	98.529	68	1	0	1	68	2687315	2687248	4.92e-26	121	AL27_v1
AL7G31510	scaffold_7_RagTag	98.529	68	1	0	1	68	15337430	15337363	4.92e-26	121	AL27_v1
AL7G31510	scaffold_7_RagTag	97.101	69	2	0	1	69	20313743	20313811	6.36e-25	117	AL27_v1
AL7G31510	scaffold_7_RagTag	98.485	66	1	0	1	66	22759583	22759648	6.36e-25	117	AL27_v1
AL7G31510	scaffold_7_RagTag	98.485	66	1	0	1	66	22766939	22767004	6.36e-25	117	AL27_v1
AL7G31510	scaffold_7_RagTag	98.485	66	1	0	1	66	25780450	25780385	6.36e-25	117	AL27_v1
AL7G31510	scaffold_7_RagTag	97.059	68	2	0	1	68	9843753	9843686	2.29e-24	115	AL27_v1
AL7G31510	scaffold_7_RagTag	97.059	68	2	0	1	68	23008525	23008592	2.29e-24	115	AL27_v1
AL7G31510	scaffold_7_RagTag	93.333	75	5	0	1	75	7066847	7066773	2.96e-23	111	AL27_v1
AL7G31510	scaffold_7_RagTag	95.455	66	3	0	1	66	5576038	5576103	1.38e-21	106	AL27_v1
AL7G31510	scaffold_7_RagTag	95.455	66	3	0	1	66	14050739	14050674	1.38e-21	106	AL27_v1
AL7G31510	scaffold_7_RagTag	100	33	0	0	1	33	22520485	22520517	3.02e-08	62.1	AL27_v1
AL7G31510	scaffold_6_RagTag	100	69	0	0	1	69	19433508	19433440	2.94e-28	128	AL27_v1
AL7G31510	scaffold_6_RagTag	100	68	0	0	1	68	10599643	10599576	1.06e-27	126	AL27_v1
AL7G31510	scaffold_6_RagTag	98.571	70	1	0	1	70	11787768	11787699	3.8e-27	124	AL27_v1
AL7G31510	scaffold_6_RagTag	100	66	0	0	1	66	6342665	6342730	1.37e-26	122	AL27_v1
AL7G31510	scaffold_6_RagTag	100	66	0	0	1	66	11765433	11765498	1.37e-26	122	AL27_v1
AL7G31510	scaffold_6_RagTag	98.551	69	1	0	1	69	18843127	18843059	1.37e-26	122	AL27_v1
AL7G31510	scaffold_6_RagTag	98.529	68	1	0	1	68	11464232	11464299	4.92e-26	121	AL27_v1
AL7G31510	scaffold_6_RagTag	94.737	76	4	0	1	76	11955689	11955614	1.77e-25	119	AL27_v1
AL7G31510	scaffold_6_RagTag	98.485	66	1	0	1	66	5307974	5308039	6.36e-25	117	AL27_v1
AL7G31510	scaffold_6_RagTag	98.485	66	1	0	1	66	18976628	18976693	6.36e-25	117	AL27_v1
AL7G31510	scaffold_6_RagTag	95.714	70	3	0	1	70	23218630	23218699	8.23e-24	113	AL27_v1
AL7G31510	scaffold_6_RagTag	95.522	67	3	0	1	67	20488362	20488428	3.83e-22	108	AL27_v1
AL7G31510	scaffold_6_RagTag	95.455	66	3	0	1	66	21835355	21835290	1.38e-21	106	AL27_v1
AL7G31510	scaffold_6_RagTag	93.939	66	4	0	2	67	6006426	6006491	6.4e-20	100	AL27_v1
AL7G31510	scaffold_6_RagTag	92.647	68	5	0	1	68	9389448	9389515	2.3e-19	99	AL27_v1
AL7G31510	scaffold_6_RagTag	86.567	67	9	0	2	68	1972534	1972600	3.88e-12	75	AL27_v1
AL7G31510	scaffold_5_RagTag	98.611	72	1	0	1	72	1453121	1453192	2.94e-28	128	AL27_v1
AL7G31510	scaffold_5_RagTag	98.551	69	1	0	1	69	3845989	3845921	1.37e-26	122	AL27_v1
AL7G31510	scaffold_5_RagTag	97.222	72	2	0	1	72	16363015	16362944	1.37e-26	122	AL27_v1
AL7G31510	scaffold_5_RagTag	97.101	69	2	0	1	69	4102847	4102915	6.36e-25	117	AL27_v1
AL7G31510	scaffold_5_RagTag	98.485	66	1	0	1	66	14085605	14085670	6.36e-25	117	AL27_v1
AL7G31510	scaffold_5_RagTag	98.485	66	1	0	1	66	16564769	16564834	6.36e-25	117	AL27_v1
AL7G31510	scaffold_5_RagTag	95.455	66	3	0	1	66	6190992	6190927	1.38e-21	106	AL27_v1
AL7G31510	scaffold_5_RagTag	92.308	52	4	0	13	64	2298530	2298581	3.88e-12	75	AL27_v1
AL7G31510	scaffold_3_RagTag	100	69	0	0	1	69	19122907	19122975	2.94e-28	128	AL27_v1
AL7G31510	scaffold_3_RagTag	97.333	75	2	0	1	75	22058080	22058154	2.94e-28	128	AL27_v1
AL7G31510	scaffold_3_RagTag	100	68	0	0	1	68	4748844	4748911	1.06e-27	126	AL27_v1
AL7G31510	scaffold_3_RagTag	98.551	69	1	0	1	69	3473177	3473109	1.37e-26	122	AL27_v1
AL7G31510	scaffold_3_RagTag	100	66	0	0	1	66	7084070	7084135	1.37e-26	122	AL27_v1
AL7G31510	scaffold_3_RagTag	98.551	69	1	0	1	69	18589894	18589962	1.37e-26	122	AL27_v1
AL7G31510	scaffold_3_RagTag	100	66	0	0	1	66	19246071	19246136	1.37e-26	122	AL27_v1
AL7G31510	scaffold_3_RagTag	98.529	68	1	0	1	68	4735839	4735906	4.92e-26	121	AL27_v1
AL7G31510	scaffold_3_RagTag	98.529	68	1	0	1	68	13703620	13703553	4.92e-26	121	AL27_v1
AL7G31510	scaffold_3_RagTag	94.737	76	4	0	1	76	20859532	20859457	1.77e-25	119	AL27_v1
AL7G31510	scaffold_3_RagTag	95.89	73	2	1	1	73	24436303	24436232	6.36e-25	117	AL27_v1
AL7G31510	scaffold_3_RagTag	98.485	66	1	0	1	66	24446684	24446749	6.36e-25	117	AL27_v1
AL7G31510	scaffold_3_RagTag	96.97	66	2	0	1	66	19488024	19488089	2.96e-23	111	AL27_v1
AL7G31510	scaffold_3_RagTag	95.588	68	2	1	1	67	24340345	24340412	3.83e-22	108	AL27_v1
AL7G31510	scaffold_3_RagTag	94.203	69	4	0	1	69	845600	845668	1.38e-21	106	AL27_v1
AL7G31510	scaffold_3_RagTag	95.455	66	3	0	1	66	22013718	22013783	1.38e-21	106	AL27_v1
AL7G31510	scaffold_3_RagTag	93.939	66	3	1	1	66	23814934	23814998	2.3e-19	99	AL27_v1
AL7G31510	scaffold_8_RagTag	100	68	0	0	1	68	3681454	3681387	1.06e-27	126	AL27_v1
AL7G31510	scaffold_8_RagTag	100	67	0	0	1	67	5916786	5916852	3.8e-27	124	AL27_v1
AL7G31510	scaffold_8_RagTag	100	66	0	0	1	66	19934946	19935011	1.37e-26	122	AL27_v1
AL7G31510	scaffold_8_RagTag	98.529	68	1	0	1	68	9587676	9587743	4.92e-26	121	AL27_v1
AL7G31510	scaffold_8_RagTag	98.529	68	1	0	1	68	11455093	11455160	4.92e-26	121	AL27_v1
AL7G31510	scaffold_8_RagTag	98.485	66	1	0	1	66	14729767	14729702	6.36e-25	117	AL27_v1
AL7G31510	scaffold_8_RagTag	96.97	66	2	0	1	66	11007699	11007634	2.96e-23	111	AL27_v1
AL7G31510	scaffold_8_RagTag	95.652	69	3	0	1	69	12072121	12072053	2.96e-23	111	AL27_v1
AL7G31510	scaffold_8_RagTag	96.97	66	2	0	1	66	19912852	19912917	2.96e-23	111	AL27_v1
AL7G31510	scaffold_8_RagTag	95.588	68	3	0	1	68	10897378	10897445	1.06e-22	110	AL27_v1
AL7G31510	scaffold_8_RagTag	93.846	65	4	0	2	66	2455284	2455348	2.3e-19	99	AL27_v1
AL7G31510	scaffold_2_RagTag	100	68	0	0	2	69	4689508	4689575	1.06e-27	126	AL27_v1
AL7G31510	scaffold_2_RagTag	98.571	70	1	0	1	70	1018546	1018615	3.8e-27	124	AL27_v1
AL7G31510	scaffold_2_RagTag	98.551	69	1	0	1	69	11020902	11020834	1.37e-26	122	AL27_v1
AL7G31510	scaffold_2_RagTag	98.551	69	1	0	1	69	17155805	17155737	1.37e-26	122	AL27_v1
AL7G31510	scaffold_2_RagTag	98.485	66	1	0	1	66	1595078	1595143	6.36e-25	117	AL27_v1
AL7G31510	scaffold_2_RagTag	98.485	66	1	0	1	66	14964538	14964603	6.36e-25	117	AL27_v1
AL7G31510	scaffold_2_RagTag	96.97	66	2	0	1	66	3616104	3616169	2.96e-23	111	AL27_v1
AL7G31510	scaffold_2_RagTag	96.97	66	2	0	1	66	20667849	20667784	2.96e-23	111	AL27_v1
AL7G31510	scaffold_2_RagTag	94.366	71	4	0	1	71	15531005	15530935	1.06e-22	110	AL27_v1
AL7G31510	scaffold_2_RagTag	94.366	71	4	0	1	71	17268547	17268477	1.06e-22	110	AL27_v1
AL7G31510	scaffold_2_RagTag	95.455	66	3	0	1	66	12044454	12044519	1.38e-21	106	AL27_v1
AL7G31510	scaffold_2_RagTag	95.455	66	3	0	1	66	16100101	16100036	1.38e-21	106	AL27_v1
AL7G31510	scaffold_1_RagTag	100	68	0	0	1	68	24685971	24686038	1.06e-27	126	AL27_v1
AL7G31510	scaffold_1_RagTag	98.571	70	1	0	1	70	6354413	6354344	3.8e-27	124	AL27_v1
AL7G31510	scaffold_1_RagTag	98.571	70	1	0	1	70	10973116	10973047	3.8e-27	124	AL27_v1
AL7G31510	scaffold_1_RagTag	100	66	0	0	1	66	4621158	4621223	1.37e-26	122	AL27_v1
AL7G31510	scaffold_1_RagTag	98.551	69	1	0	1	69	11082764	11082696	1.37e-26	122	AL27_v1
AL7G31510	scaffold_1_RagTag	100	66	0	0	1	66	14007221	14007286	1.37e-26	122	AL27_v1
AL7G31510	scaffold_1_RagTag	98.551	69	1	0	1	69	15599072	15599004	1.37e-26	122	AL27_v1
AL7G31510	scaffold_1_RagTag	97.101	69	2	0	1	69	12205971	12205903	6.36e-25	117	AL27_v1
AL7G31510	scaffold_1_RagTag	94.595	74	4	0	1	74	27899911	27899984	2.29e-24	115	AL27_v1
AL7G31510	scaffold_1_RagTag	95.652	69	3	0	1	69	5973930	5973862	2.96e-23	111	AL27_v1
AL7G31510	scaffold_1_RagTag	93.333	75	5	0	1	75	22190106	22190032	2.96e-23	111	AL27_v1
AL7G31510	scaffold_1_RagTag	95.455	66	3	0	1	66	10364262	10364197	1.38e-21	106	AL27_v1
AL7G31510	scaffold_1_RagTag	93.939	66	4	0	1	66	16249440	16249505	6.4e-20	100	AL27_v1
AL7G31510	scaffold_1_RagTag	100	31	0	0	1	31	27411621	27411651	3.91e-07	58.4	AL27_v1
AL7G31510	scaffold_4_RagTag	100	66	0	0	1	66	11669271	11669336	1.37e-26	122	AL27_v1
AL7G31510	scaffold_4_RagTag	98.529	68	1	0	1	68	1240850	1240783	4.92e-26	121	AL27_v1
AL7G31510	scaffold_4_RagTag	98.529	68	1	0	1	68	1497336	1497403	4.92e-26	121	AL27_v1
AL7G31510	scaffold_4_RagTag	98.529	68	1	0	1	68	16622865	16622932	4.92e-26	121	AL27_v1
AL7G31510	scaffold_4_RagTag	98.507	67	1	0	1	67	13709069	13709003	1.77e-25	119	AL27_v1
AL7G31510	scaffold_4_RagTag	98.485	66	1	0	1	66	13696404	13696469	6.36e-25	117	AL27_v1
AL7G31510	scaffold_4_RagTag	97.059	68	2	0	1	68	12618548	12618481	2.29e-24	115	AL27_v1
AL7G31510	scaffold_4_RagTag	95.588	68	3	0	1	68	14240025	14239958	1.06e-22	110	AL27_v1
AL7G31510	scaffold_4_RagTag	96.875	64	2	0	1	64	12292829	12292892	3.83e-22	108	AL27_v1
AL7G31510	scaffold_4_RagTag	94.118	68	4	0	1	68	11065506	11065573	4.95e-21	104	AL27_v1
AL7G31510	scaffold_4_RagTag	94.545	55	3	0	13	67	10045844	10045790	1.79e-15	86.1	AL27_v1
AL7G31520	scaffold_7_RagTag	96.972	1288	21	4	1007	2282	8734765	8736046	0	2146	AL27_v1
AL7G31520	scaffold_7_RagTag	93.085	911	37	15	122	1015	8733758	8734659	0	1310	AL27_v1
AL7G31520	scaffold_7_RagTag	81.487	686	108	10	1523	2203	8405793	8405122	2.01e-153	545	AL27_v1
AL7G31520	scaffold_7_RagTag	80.876	685	114	9	1523	2203	8722665	8723336	9.41e-147	523	AL27_v1
AL7G31520	scaffold_7_RagTag	81.72	558	82	6	1298	1840	8728361	8728913	5.83e-124	448	AL27_v1
AL7G31520	scaffold_7_RagTag	84.699	366	45	7	1851	2212	8402304	8401946	3.63e-96	355	AL27_v1
AL7G31520	scaffold_7_RagTag	83.777	376	50	7	1841	2212	8710477	8710845	2.19e-93	346	AL27_v1
AL7G31520	scaffold_7_RagTag	82.464	422	49	14	1846	2258	8732952	8733357	2.19e-93	346	AL27_v1
AL7G31520	scaffold_7_RagTag	82.086	374	49	13	1843	2204	8720844	8721211	1.33e-80	303	AL27_v1
AL7G31520	scaffold_7_RagTag	81.649	376	53	12	1842	2212	8716420	8716784	6.21e-79	298	AL27_v1
AL7G31520	scaffold_7_RagTag	74.761	733	129	37	1061	1756	8732137	8732850	8.09e-73	278	AL27_v1
AL7G31520	scaffold_7_RagTag	81.408	355	49	14	1854	2204	8403494	8403153	1.05e-71	274	AL27_v1
AL7G31520	scaffold_7_RagTag	84.249	273	38	5	1522	1791	8406947	8406677	8.15e-68	261	AL27_v1
AL7G31520	scaffold_7_RagTag	82.041	245	34	9	1524	1760	8710133	8710375	1.8e-49	200	AL27_v1
AL7G31520	scaffold_7_RagTag	83.019	159	23	3	723	880	8405726	8405571	1.11e-31	141	AL27_v1
AL7G31520	scaffold_7_RagTag	81.548	168	27	3	714	880	8722723	8722887	5.15e-30	135	AL27_v1
AL7G31520	scaffold_7_RagTag	86.29	124	7	6	1	124	8733696	8733809	3.1e-27	126	AL27_v1
AL7G31520	scaffold_7_RagTag	78.344	157	23	6	1523	1669	8475511	8475356	1.13e-16	91.6	AL27_v1
AL7G31520	scaffold_7_RagTag	86.905	84	7	4	1053	1135	8728258	8728338	1.13e-16	91.6	AL27_v1
AL7G31520	scaffold_7_RagTag	97.917	48	1	0	568	615	8734292	8734339	1.89e-14	84.2	AL27_v1
AL7G31520	scaffold_7_RagTag	95.455	44	2	0	1710	1753	8475349	8475306	1.47e-10	71.3	AL27_v1
AL7G31520	scaffold_7_RagTag	92.308	39	3	0	639	677	8734231	8734269	4.13e-06	56.5	AL27_v1
AL7G31520	scaffold_1_RagTag	78.082	1241	177	58	1035	2209	27109510	27108299	0	697	AL27_v1
AL8G44570	scaffold_8_RagTag	96.868	447	12	1	1	445	19865148	19865594	0	747	AL27_v1
AL8G44570	scaffold_8_RagTag	98.485	132	2	0	443	574	19867121	19867252	4.32e-60	233	AL27_v1
AL1G60840	scaffold_1	89.251	1135	68	24	700	1794	25551746	25552866	0	1371	ALR.ragtag.scaffold_chr_15_1_24.masked
AL1G60840	scaffold_1	89.014	1156	57	27	700	1794	25594228	25595374	0	1367	ALR.ragtag.scaffold_chr_15_1_24.masked
AL1G60840	scaffold_1	89.014	1156	57	27	700	1794	25703298	25704444	0	1367	ALR.ragtag.scaffold_chr_15_1_24.masked
AL1G60840	scaffold_1	89.014	1156	57	27	700	1794	25729646	25730792	0	1367	ALR.ragtag.scaffold_chr_15_1_24.masked
AL1G60840	scaffold_1	89.014	1156	57	27	700	1794	25759089	25760235	0	1367	ALR.ragtag.scaffold_chr_15_1_24.masked
AL1G60840	scaffold_1	90.148	1015	56	18	816	1794	25631051	25632057	0	1280	ALR.ragtag.scaffold_chr_15_1_24.masked
AL1G60840	scaffold_1	89.774	1017	56	22	816	1794	25659117	25660123	0	1258	ALR.ragtag.scaffold_chr_15_1_24.masked
AL1G60840	scaffold_1	87.092	612	46	21	1213	1794	25553792	25554400	0	662	ALR.ragtag.scaffold_chr_15_1_24.masked
AL1G60840	scaffold_1	89.362	188	8	11	1	179	25551346	25551530	2.51e-57	226	ALR.ragtag.scaffold_chr_15_1_24.masked
AL1G60840	scaffold_1	91.503	153	10	2	700	849	25630905	25631057	9.09e-52	207	ALR.ragtag.scaffold_chr_15_1_24.masked
AL1G60840	scaffold_1	91.503	153	10	2	700	849	25658971	25659123	9.09e-52	207	ALR.ragtag.scaffold_chr_15_1_24.masked
AL1G60840	scaffold_7	77.867	1125	156	41	700	1783	8816021	8814949	1.65e-173	612	ALR.ragtag.scaffold_chr_15_1_24.masked
AL1G60840	scaffold_7	77.389	942	145	36	862	1794	8513440	8514322	4.81e-139	497	ALR.ragtag.scaffold_chr_15_1_24.masked
AL1G60840	scaffold_7	77.024	531	76	22	863	1370	8807540	8807033	1.91e-68	263	ALR.ragtag.scaffold_chr_15_1_24.masked
AL1G60840	scaffold_7	85.714	238	30	2	1132	1368	8808828	8808594	5.35e-64	248	ALR.ragtag.scaffold_chr_15_1_24.masked
AL1G60840	scaffold_7	85.837	233	29	3	1132	1363	8514844	8515073	6.92e-63	244	ALR.ragtag.scaffold_chr_15_1_24.masked
AL1G60840	scaffold_7	85.169	236	28	7	1137	1370	8812991	8812761	4.17e-60	235	ALR.ragtag.scaffold_chr_15_1_24.masked
AL1G60840	scaffold_7	82.639	288	23	6	701	988	8798677	8798417	1.94e-58	230	ALR.ragtag.scaffold_chr_15_1_24.masked
AL1G60840	scaffold_7	80.851	282	23	12	701	982	8575648	8575898	2.54e-47	193	ALR.ragtag.scaffold_chr_15_1_24.masked
AL1G60840	scaffold_7	80.385	260	45	6	1125	1379	8792964	8792706	2.54e-47	193	ALR.ragtag.scaffold_chr_15_1_24.masked
AL1G60840	scaffold_7	81.092	238	37	7	1140	1370	8576083	8576319	1.53e-44	183	ALR.ragtag.scaffold_chr_15_1_24.masked
AL1G60840	scaffold_7	93.388	121	8	0	862	982	8813269	8813149	1.98e-43	180	ALR.ragtag.scaffold_chr_15_1_24.masked
AL1G60840	scaffold_7	91.129	124	11	0	700	823	8803286	8803163	4.29e-40	169	ALR.ragtag.scaffold_chr_15_1_24.masked
AL1G60840	scaffold_7	90.083	121	12	0	862	982	8794451	8794331	9.28e-37	158	ALR.ragtag.scaffold_chr_15_1_24.masked
AL1G60840	scaffold_7	89.286	112	12	0	700	811	8513314	8513425	9.35e-32	141	ALR.ragtag.scaffold_chr_15_1_24.masked
AL1G60840	scaffold_6	86.911	382	16	7	169	534	14947017	14947380	5.02e-109	398	ALR.ragtag.scaffold_chr_15_1_24.masked
AL1G60840	scaffold_8	88.095	336	23	10	169	491	13265838	13265507	1.41e-104	383	ALR.ragtag.scaffold_chr_15_1_24.masked
AL1G60840	scaffold_5	82.317	164	10	10	178	326	5533155	5533314	9.41e-27	124	ALR.ragtag.scaffold_chr_15_1_24.masked
AL1G60840	scaffold_5	82.209	163	11	9	178	326	5543526	5543368	9.41e-27	124	ALR.ragtag.scaffold_chr_15_1_24.masked
AL1G60840	scaffold_5	82.317	164	10	10	178	326	5775102	5774943	9.41e-27	124	ALR.ragtag.scaffold_chr_15_1_24.masked
AL1G60840	scaffold_5	81.579	152	19	8	178	326	5770518	5770663	1.58e-24	117	ALR.ragtag.scaffold_chr_15_1_24.masked
AL1G60840	scaffold_4	80.814	172	10	10	178	326	3961262	3961433	2.04e-23	113	ALR.ragtag.scaffold_chr_15_1_24.masked
AL6G37030	scaffold_6	97.912	431	6	1	2	432	13068547	13068974	0	743	ALR.ragtag.scaffold_chr_15_1_24.masked
AL7G30780	scaffold_7	98.385	1362	22	0	74	1435	8513040	8514401	0	2394	ALR.ragtag.scaffold_chr_15_1_24.masked
AL7G30780	scaffold_7	95.372	1102	50	1	301	1401	8803333	8802232	0	1751	ALR.ragtag.scaffold_chr_15_1_24.masked
AL7G30780	scaffold_7	84.255	705	90	13	291	975	8816079	8815376	0	667	ALR.ragtag.scaffold_chr_15_1_24.masked
AL7G30780	scaffold_7	78.581	747	126	22	244	966	8807768	8807032	1.4e-128	462	ALR.ragtag.scaffold_chr_15_1_24.masked
AL7G30780	scaffold_7	78.902	692	111	19	298	966	8813439	8812760	8.48e-121	436	ALR.ragtag.scaffold_chr_15_1_24.masked
AL7G30780	scaffold_7	84.767	407	51	9	259	661	8796899	8796500	4e-109	398	ALR.ragtag.scaffold_chr_15_1_24.masked
AL7G30780	scaffold_7	94.262	244	13	1	725	967	8514840	8515083	2.43e-101	372	ALR.ragtag.scaffold_chr_15_1_24.masked
AL7G30780	scaffold_7	85.286	367	44	5	291	647	8798736	8798370	8.72e-101	370	ALR.ragtag.scaffold_chr_15_1_24.masked
AL7G30780	scaffold_7	82.679	433	57	10	244	661	8800264	8799835	3.14e-100	368	ALR.ragtag.scaffold_chr_15_1_24.masked
AL7G30780	scaffold_7	82.927	410	52	6	259	653	8793466	8793060	8.79e-96	353	ALR.ragtag.scaffold_chr_15_1_24.masked
AL7G30780	scaffold_7	82.466	365	54	6	291	647	8575589	8575951	5.36e-83	311	ALR.ragtag.scaffold_chr_15_1_24.masked
AL7G30780	scaffold_7	87.451	255	32	0	721	975	8808836	8808582	5.4e-78	294	ALR.ragtag.scaffold_chr_15_1_24.masked
AL7G30780	scaffold_7	79.2	250	40	6	729	968	8576075	8576322	1.59e-38	163	ALR.ragtag.scaffold_chr_15_1_24.masked
AL7G30780	scaffold_1	84.4	500	56	11	476	958	25551907	25552401	2.32e-131	472	ALR.ragtag.scaffold_chr_15_1_24.masked
AL7G30780	scaffold_1	84.369	499	58	11	476	958	25594419	25594913	2.32e-131	472	ALR.ragtag.scaffold_chr_15_1_24.masked
AL7G30780	scaffold_1	84.369	499	58	11	476	958	25631102	25631596	2.32e-131	472	ALR.ragtag.scaffold_chr_15_1_24.masked
AL7G30780	scaffold_1	84.369	499	58	11	476	958	25659168	25659662	2.32e-131	472	ALR.ragtag.scaffold_chr_15_1_24.masked
AL7G30780	scaffold_1	84.369	499	58	11	476	958	25703489	25703983	2.32e-131	472	ALR.ragtag.scaffold_chr_15_1_24.masked
AL7G30780	scaffold_1	84.369	499	58	11	476	958	25729837	25730331	2.32e-131	472	ALR.ragtag.scaffold_chr_15_1_24.masked
AL7G30780	scaffold_1	84.369	499	58	11	476	958	25759280	25759774	2.32e-131	472	ALR.ragtag.scaffold_chr_15_1_24.masked
AL7G30780	scaffold_1	85.253	217	24	4	240	455	25594126	25594335	1.2e-54	217	ALR.ragtag.scaffold_chr_15_1_24.masked
AL7G30780	scaffold_1	85.253	217	24	4	240	455	25630803	25631012	1.2e-54	217	ALR.ragtag.scaffold_chr_15_1_24.masked
AL7G30780	scaffold_1	85.253	217	24	4	240	455	25658869	25659078	1.2e-54	217	ALR.ragtag.scaffold_chr_15_1_24.masked
AL7G30780	scaffold_1	85.253	217	24	4	240	455	25703196	25703405	1.2e-54	217	ALR.ragtag.scaffold_chr_15_1_24.masked
AL7G30780	scaffold_1	85.253	217	24	4	240	455	25729544	25729753	1.2e-54	217	ALR.ragtag.scaffold_chr_15_1_24.masked
AL7G30780	scaffold_1	85.253	217	24	4	240	455	25758987	25759196	1.2e-54	217	ALR.ragtag.scaffold_chr_15_1_24.masked
AL7G30780	scaffold_1	82.877	146	19	3	816	958	25553797	25553939	2.09e-27	126	ALR.ragtag.scaffold_chr_15_1_24.masked
AL7G31470	scaffold_7	97.835	1247	15	1	1	1235	8792238	8793484	0	2143	ALR.ragtag.scaffold_chr_15_1_24.masked
AL7G31470	scaffold_7	86.075	1228	145	13	21	1235	8795703	8796917	0	1297	ALR.ragtag.scaffold_chr_15_1_24.masked
AL7G31470	scaffold_7	77.796	1189	202	41	23	1189	8797591	8798739	0	676	ALR.ragtag.scaffold_chr_15_1_24.masked
AL7G31470	scaffold_7	76.656	1208	208	57	4	1180	8812277	8813441	2.44e-170	601	ALR.ragtag.scaffold_chr_15_1_24.masked
AL7G31470	scaffold_7	76.694	1210	193	61	37	1185	8576770	8575589	5.28e-167	590	ALR.ragtag.scaffold_chr_15_1_24.masked
AL7G31470	scaffold_7	74.674	1228	239	56	28	1217	8799056	8800249	1.19e-133	479	ALR.ragtag.scaffold_chr_15_1_24.masked
AL7G31470	scaffold_7	85.678	398	51	2	823	1217	8513619	8513225	3.41e-114	414	ALR.ragtag.scaffold_chr_15_1_24.masked
AL7G31470	scaffold_7	85.479	365	46	5	823	1184	8802981	8803341	5.79e-102	374	ALR.ragtag.scaffold_chr_15_1_24.masked
AL7G31470	scaffold_7	84.073	383	45	11	821	1189	8815702	8816082	2.1e-96	355	ALR.ragtag.scaffold_chr_15_1_24.masked
AL7G31470	scaffold_7	79.752	242	39	9	480	719	8808594	8808827	1.05e-39	167	ALR.ragtag.scaffold_chr_15_1_24.masked
AL7G31470	scaffold_1	78.313	166	28	7	469	633	25553955	25553797	1.09e-19	100	ALR.ragtag.scaffold_chr_15_1_24.masked
AL7G31480	scaffold_7	99.324	1332	4	2	1	1329	8795669	8796998	0	2405	ALR.ragtag.scaffold_chr_15_1_24.masked
AL7G31480	scaffold_7	85.802	1310	146	17	35	1318	8792258	8793553	0	1352	ALR.ragtag.scaffold_chr_15_1_24.masked
AL7G31480	scaffold_7	77.097	1192	198	47	33	1191	8812292	8813441	7.26e-176	619	ALR.ragtag.scaffold_chr_15_1_24.masked
AL7G31480	scaffold_7	76.121	1227	228	43	33	1228	8809441	8810633	9.53e-165	582	ALR.ragtag.scaffold_chr_15_1_24.masked
AL7G31480	scaffold_7	75.799	1252	227	58	2	1196	8576821	8575589	3.45e-159	564	ALR.ragtag.scaffold_chr_15_1_24.masked
AL7G31480	scaffold_7	74.903	1291	240	66	19	1262	8799031	8800284	1.27e-143	512	ALR.ragtag.scaffold_chr_15_1_24.masked
AL7G31480	scaffold_7	79.138	719	118	27	556	1265	8807096	8807791	2.78e-130	468	ALR.ragtag.scaffold_chr_15_1_24.masked
AL7G31480	scaffold_7	83.664	453	56	13	829	1267	8513627	8513179	4.76e-113	411	ALR.ragtag.scaffold_chr_15_1_24.masked
AL7G31480	scaffold_7	82.031	384	46	14	836	1200	8815703	8816082	2.31e-81	305	ALR.ragtag.scaffold_chr_15_1_24.masked
AL7G31480	scaffold_7	83.275	287	41	3	7	286	8797554	8797840	6.56e-67	257	ALR.ragtag.scaffold_chr_15_1_24.masked
AL7G31480	scaffold_7	82.873	181	28	2	875	1055	8794310	8794487	1.9e-37	159	ALR.ragtag.scaffold_chr_15_1_24.masked
AL7G31490	scaffold_7	96.942	2812	40	9	50	2836	8797529	8800319	0	4674	ALR.ragtag.scaffold_chr_15_1_24.masked
AL7G31490	scaffold_7	76.953	1280	219	41	38	1278	8792196	8793438	0	660	ALR.ragtag.scaffold_chr_15_1_24.masked
AL7G31490	scaffold_7	77.74	1186	191	46	1570	2726	8812300	8813441	0	660	ALR.ragtag.scaffold_chr_15_1_24.masked
AL7G31490	scaffold_7	76.24	1351	241	49	1485	2803	8809368	8810670	0	643	ALR.ragtag.scaffold_chr_15_1_24.masked
AL7G31490	scaffold_7	80.686	787	116	18	2017	2799	8807032	8807786	2.66e-163	579	ALR.ragtag.scaffold_chr_15_1_24.masked
AL7G31490	scaffold_7	75.189	1193	223	50	1561	2727	8797586	8798731	2.76e-138	496	ALR.ragtag.scaffold_chr_15_1_24.masked
AL7G31490	scaffold_7	79.433	705	119	16	1555	2248	8814927	8815616	3.59e-132	475	ALR.ragtag.scaffold_chr_15_1_24.masked
AL7G31490	scaffold_7	75.676	1036	202	31	77	1077	8806534	8807554	4.65e-131	472	ALR.ragtag.scaffold_chr_15_1_24.masked
AL7G31490	scaffold_7	75.506	1037	199	35	77	1074	8812259	8813279	1.3e-126	457	ALR.ragtag.scaffold_chr_15_1_24.masked
AL7G31490	scaffold_7	73.998	1273	246	60	1574	2801	8792268	8793500	4.71e-121	438	ALR.ragtag.scaffold_chr_15_1_24.masked
AL7G31490	scaffold_7	75.331	981	197	30	109	1054	8809441	8810411	2.84e-118	429	ALR.ragtag.scaffold_chr_15_1_24.masked
AL7G31490	scaffold_7	73.949	1213	234	52	1565	2722	8576784	8575599	7.94e-114	414	ALR.ragtag.scaffold_chr_15_1_24.masked
AL7G31490	scaffold_7	79.45	545	97	11	545	1074	8796153	8796697	4.85e-101	372	ALR.ragtag.scaffold_chr_15_1_24.masked
AL7G31490	scaffold_7	73.943	1017	209	41	107	1081	8799046	8800048	3.77e-97	359	ALR.ragtag.scaffold_chr_15_1_24.masked
AL7G31490	scaffold_7	81.884	414	53	8	871	1284	8575971	8575580	2.96e-88	329	ALR.ragtag.scaffold_chr_15_1_24.masked
AL7G31490	scaffold_7	81.414	382	48	15	2359	2727	8815703	8816074	1.4e-76	291	ALR.ragtag.scaffold_chr_15_1_24.masked
AL7G31490	scaffold_7	81.538	325	48	6	42	361	8795637	8795954	1.42e-66	257	ALR.ragtag.scaffold_chr_15_1_24.masked
AL7G31490	scaffold_7	79.231	390	64	13	1558	1941	8806565	8806943	5.09e-66	255	ALR.ragtag.scaffold_chr_15_1_24.masked
AL7G31490	scaffold_7	92.857	168	9	1	38	205	8795254	8795418	1.43e-61	241	ALR.ragtag.scaffold_chr_15_1_24.masked
AL7G31490	scaffold_7	90.395	177	17	0	1093	1269	8803162	8803338	2.39e-59	233	ALR.ragtag.scaffold_chr_15_1_24.masked
AL7G31490	scaffold_7	73.517	691	139	28	119	781	8814944	8815618	5.17e-56	222	ALR.ragtag.scaffold_chr_15_1_24.masked
AL7G31490	scaffold_7	88.827	179	18	2	1101	1278	8513430	8513253	6.68e-55	219	ALR.ragtag.scaffold_chr_15_1_24.masked
AL7G31490	scaffold_7	86.705	173	23	0	1098	1270	8800038	8800210	4.05e-47	193	ALR.ragtag.scaffold_chr_15_1_24.masked
AL7G31490	scaffold_7	84.516	155	24	0	923	1077	8794310	8794464	1.91e-35	154	ALR.ragtag.scaffold_chr_15_1_24.masked
AL7G31490	scaffold_1	82.494	417	54	10	877	1275	25552104	25551689	8.17e-94	348	ALR.ragtag.scaffold_chr_15_1_24.masked
AL7G31490	scaffold_1	87.791	172	15	3	942	1107	25594539	25594368	3.13e-48	196	ALR.ragtag.scaffold_chr_15_1_24.masked
AL7G31490	scaffold_1	87.791	172	15	3	942	1107	25631222	25631051	3.13e-48	196	ALR.ragtag.scaffold_chr_15_1_24.masked
AL7G31490	scaffold_1	87.791	172	15	3	942	1107	25659288	25659117	3.13e-48	196	ALR.ragtag.scaffold_chr_15_1_24.masked
AL7G31490	scaffold_1	87.791	172	15	3	942	1107	25703609	25703438	3.13e-48	196	ALR.ragtag.scaffold_chr_15_1_24.masked
AL7G31490	scaffold_1	87.791	172	15	3	942	1107	25729957	25729786	3.13e-48	196	ALR.ragtag.scaffold_chr_15_1_24.masked
AL7G31490	scaffold_1	87.791	172	15	3	942	1107	25759400	25759229	3.13e-48	196	ALR.ragtag.scaffold_chr_15_1_24.masked
AL7G31490	scaffold_1	82.915	199	25	5	2352	2544	25594616	25594421	1.9e-40	171	ALR.ragtag.scaffold_chr_15_1_24.masked
AL7G31490	scaffold_1	82.915	199	25	5	2352	2544	25631299	25631104	1.9e-40	171	ALR.ragtag.scaffold_chr_15_1_24.masked
AL7G31490	scaffold_1	82.915	199	25	5	2352	2544	25659365	25659170	1.9e-40	171	ALR.ragtag.scaffold_chr_15_1_24.masked
AL7G31490	scaffold_1	82.915	199	25	5	2352	2544	25703686	25703491	1.9e-40	171	ALR.ragtag.scaffold_chr_15_1_24.masked
AL7G31490	scaffold_1	82.915	199	25	5	2352	2544	25730034	25729839	1.9e-40	171	ALR.ragtag.scaffold_chr_15_1_24.masked
AL7G31490	scaffold_1	82.915	199	25	5	2352	2544	25759477	25759282	1.9e-40	171	ALR.ragtag.scaffold_chr_15_1_24.masked
AL7G31500	scaffold_7	92.587	1295	84	7	1	1286	8802120	8803411	0	1849	ALR.ragtag.scaffold_chr_15_1_24.masked
AL7G31500	scaffold_7	90.884	1108	94	6	107	1211	8514367	8513264	0	1480	ALR.ragtag.scaffold_chr_15_1_24.masked
AL7G31500	scaffold_7	79.551	1159	156	36	133	1213	8814918	8816073	0	752	ALR.ragtag.scaffold_chr_15_1_24.masked
AL7G31500	scaffold_7	78.261	690	117	22	546	1213	8807035	8807713	1.28e-113	412	ALR.ragtag.scaffold_chr_15_1_24.masked
AL7G31500	scaffold_7	78.179	692	114	21	546	1213	8812763	8813441	5.95e-112	407	ALR.ragtag.scaffold_chr_15_1_24.masked
AL7G31500	scaffold_7	85.124	363	41	8	862	1213	8798370	8798730	1.69e-97	359	ALR.ragtag.scaffold_chr_15_1_24.masked
AL7G31500	scaffold_7	92.5	240	18	0	545	784	8515079	8514840	4.73e-93	344	ALR.ragtag.scaffold_chr_15_1_24.masked
AL7G31500	scaffold_7	82.72	353	54	5	862	1208	8575951	8575600	6.21e-82	307	ALR.ragtag.scaffold_chr_15_1_24.masked
AL7G31500	scaffold_7	85.098	255	38	0	534	788	8808582	8808836	4.9e-68	261	ALR.ragtag.scaffold_chr_15_1_24.masked
AL7G31500	scaffold_7	82.178	202	32	3	894	1095	8794310	8794507	8.5e-41	171	ALR.ragtag.scaffold_chr_15_1_24.masked
AL7G31500	scaffold_7	81.437	167	29	1	600	764	8814460	8814626	3.1e-30	135	ALR.ragtag.scaffold_chr_15_1_24.masked
AL7G31500	scaffold_1	82.8	500	64	12	551	1033	25552401	25551907	4.57e-118	427	ALR.ragtag.scaffold_chr_15_1_24.masked
AL7G31500	scaffold_1	81.923	520	71	14	551	1051	25594913	25594398	2.75e-115	418	ALR.ragtag.scaffold_chr_15_1_24.masked
AL7G31500	scaffold_1	81.923	520	71	14	551	1051	25631596	25631081	2.75e-115	418	ALR.ragtag.scaffold_chr_15_1_24.masked
AL7G31500	scaffold_1	81.923	520	71	14	551	1051	25659662	25659147	2.75e-115	418	ALR.ragtag.scaffold_chr_15_1_24.masked
AL7G31500	scaffold_1	81.923	520	71	14	551	1051	25703983	25703468	2.75e-115	418	ALR.ragtag.scaffold_chr_15_1_24.masked
AL7G31500	scaffold_1	81.923	520	71	14	551	1051	25730331	25729816	2.75e-115	418	ALR.ragtag.scaffold_chr_15_1_24.masked
AL7G31500	scaffold_1	81.923	520	71	14	551	1051	25759774	25759259	2.75e-115	418	ALR.ragtag.scaffold_chr_15_1_24.masked
AL7G31500	scaffold_1	87.571	177	19	2	1038	1211	25594354	25594178	3.01e-50	202	ALR.ragtag.scaffold_chr_15_1_24.masked
AL7G31500	scaffold_1	87.571	177	19	2	1038	1211	25631031	25630855	3.01e-50	202	ALR.ragtag.scaffold_chr_15_1_24.masked
AL7G31500	scaffold_1	87.571	177	19	2	1038	1211	25659097	25658921	3.01e-50	202	ALR.ragtag.scaffold_chr_15_1_24.masked
AL7G31500	scaffold_1	87.571	177	19	2	1038	1211	25703424	25703248	3.01e-50	202	ALR.ragtag.scaffold_chr_15_1_24.masked
AL7G31500	scaffold_1	87.571	177	19	2	1038	1211	25729772	25729596	3.01e-50	202	ALR.ragtag.scaffold_chr_15_1_24.masked
AL7G31500	scaffold_1	87.571	177	19	2	1038	1211	25759215	25759039	3.01e-50	202	ALR.ragtag.scaffold_chr_15_1_24.masked
AL7G31510	scaffold_7	93.852	732	41	3	66	795	8812822	8813551	0	1099	ALR.ragtag.scaffold_chr_15_1_24.masked
AL7G31510	scaffold_7	94.032	620	37	0	66	685	8807094	8807713	0	941	ALR.ragtag.scaffold_chr_15_1_24.masked
AL7G31510	scaffold_7	88.498	626	66	3	66	685	8809968	8810593	0	752	ALR.ragtag.scaffold_chr_15_1_24.masked
AL7G31510	scaffold_7	80.593	675	91	20	71	708	8576243	8575572	1.63e-135	484	ALR.ragtag.scaffold_chr_15_1_24.masked
AL7G31510	scaffold_7	79.969	639	104	19	68	685	8796227	8796862	5.95e-125	449	ALR.ragtag.scaffold_chr_15_1_24.masked
AL7G31510	scaffold_7	79.367	664	101	20	53	685	8799551	8800209	1.66e-120	435	ALR.ragtag.scaffold_chr_15_1_24.masked
AL7G31510	scaffold_7	79.398	631	100	19	64	685	8802729	8803338	1.68e-115	418	ALR.ragtag.scaffold_chr_15_1_24.masked
AL7G31510	scaffold_7	79.299	628	102	18	64	683	8513871	8513264	2.17e-114	414	ALR.ragtag.scaffold_chr_15_1_24.masked
AL7G31510	scaffold_7	78.154	650	105	19	68	685	8792785	8793429	7.91e-104	379	ALR.ragtag.scaffold_chr_15_1_24.masked
AL7G31510	scaffold_7	82.933	416	51	8	345	742	8815715	8816128	3.71e-97	357	ALR.ragtag.scaffold_chr_15_1_24.masked
AL7G31510	scaffold_7	86.458	192	26	0	372	563	8794310	8794501	3.05e-53	211	ALR.ragtag.scaffold_chr_15_1_24.masked
AL7G31510	scaffold_7	100	69	0	0	1	69	9310520	9310588	3.16e-28	128	ALR.ragtag.scaffold_chr_15_1_24.masked
AL7G31510	scaffold_7	97.26	73	2	0	1	73	12248821	12248749	4.09e-27	124	ALR.ragtag.scaffold_chr_15_1_24.masked
AL7G31510	scaffold_7	100	66	0	0	1	66	3076089	3076154	1.47e-26	122	ALR.ragtag.scaffold_chr_15_1_24.masked
AL7G31510	scaffold_7	100	66	0	0	1	66	9579303	9579368	1.47e-26	122	ALR.ragtag.scaffold_chr_15_1_24.masked
AL7G31510	scaffold_7	98.529	68	1	0	1	68	8406031	8406098	5.3e-26	121	ALR.ragtag.scaffold_chr_15_1_24.masked
AL7G31510	scaffold_7	98.529	68	1	0	1	68	10044270	10044337	5.3e-26	121	ALR.ragtag.scaffold_chr_15_1_24.masked
AL7G31510	scaffold_7	98.438	64	1	0	5	68	4158924	4158861	8.86e-24	113	ALR.ragtag.scaffold_chr_15_1_24.masked
AL7G31510	scaffold_7	92.857	70	5	0	1	70	22749124	22749055	1.92e-20	102	ALR.ragtag.scaffold_chr_15_1_24.masked
AL7G31510	scaffold_3	100	70	0	0	1	70	6972444	6972513	8.8e-29	130	ALR.ragtag.scaffold_chr_15_1_24.masked
AL7G31510	scaffold_3	98.551	69	1	0	1	69	16050089	16050157	1.47e-26	122	ALR.ragtag.scaffold_chr_15_1_24.masked
AL7G31510	scaffold_3	98.529	68	1	0	1	68	4916586	4916653	5.3e-26	121	ALR.ragtag.scaffold_chr_15_1_24.masked
AL7G31510	scaffold_3	94.737	76	4	0	1	76	5662841	5662766	1.9e-25	119	ALR.ragtag.scaffold_chr_15_1_24.masked
AL7G31510	scaffold_3	97.101	69	2	0	1	69	4031213	4031145	6.85e-25	117	ALR.ragtag.scaffold_chr_15_1_24.masked
AL7G31510	scaffold_3	98.485	66	1	0	1	66	8013202	8013267	6.85e-25	117	ALR.ragtag.scaffold_chr_15_1_24.masked
AL7G31510	scaffold_3	97.101	69	2	0	1	69	18950498	18950430	6.85e-25	117	ALR.ragtag.scaffold_chr_15_1_24.masked
AL7G31510	scaffold_3	97.101	69	2	0	1	69	20739991	20740059	6.85e-25	117	ALR.ragtag.scaffold_chr_15_1_24.masked
AL7G31510	scaffold_3	95.714	70	3	0	1	70	9190113	9190044	8.86e-24	113	ALR.ragtag.scaffold_chr_15_1_24.masked
AL7G31510	scaffold_3	95.652	69	3	0	1	69	22178241	22178309	3.19e-23	111	ALR.ragtag.scaffold_chr_15_1_24.masked
AL7G31510	scaffold_3	94.521	73	3	1	1	73	22430310	22430239	3.19e-23	111	ALR.ragtag.scaffold_chr_15_1_24.masked
AL7G31510	scaffold_3	96.923	65	2	0	1	65	19081673	19081737	1.15e-22	110	ALR.ragtag.scaffold_chr_15_1_24.masked
AL7G31510	scaffold_3	91.176	68	6	0	1	68	9191309	9191242	1.15e-17	93.5	ALR.ragtag.scaffold_chr_15_1_24.masked
AL7G31510	scaffold_2	100	70	0	0	1	70	11346250	11346181	8.8e-29	130	ALR.ragtag.scaffold_chr_15_1_24.masked
AL7G31510	scaffold_2	97.368	76	2	0	1	76	14933512	14933587	8.8e-29	130	ALR.ragtag.scaffold_chr_15_1_24.masked
AL7G31510	scaffold_2	97.368	76	2	0	1	76	14944920	14944995	8.8e-29	130	ALR.ragtag.scaffold_chr_15_1_24.masked
AL7G31510	scaffold_2	100	68	0	0	2	69	4754216	4754283	1.14e-27	126	ALR.ragtag.scaffold_chr_15_1_24.masked
AL7G31510	scaffold_2	100	68	0	0	1	68	19399161	19399228	1.14e-27	126	ALR.ragtag.scaffold_chr_15_1_24.masked
AL7G31510	scaffold_2	100	67	0	0	1	67	2260467	2260533	4.09e-27	124	ALR.ragtag.scaffold_chr_15_1_24.masked
AL7G31510	scaffold_2	100	66	0	0	1	66	1858085	1858150	1.47e-26	122	ALR.ragtag.scaffold_chr_15_1_24.masked
AL7G31510	scaffold_2	98.551	69	1	0	1	69	19263574	19263642	1.47e-26	122	ALR.ragtag.scaffold_chr_15_1_24.masked
AL7G31510	scaffold_2	98.551	69	1	0	1	69	22774875	22774807	1.47e-26	122	ALR.ragtag.scaffold_chr_15_1_24.masked
AL7G31510	scaffold_2	98.485	66	1	0	1	66	6403238	6403173	6.85e-25	117	ALR.ragtag.scaffold_chr_15_1_24.masked
AL7G31510	scaffold_2	97.059	68	2	0	1	68	3244843	3244910	2.46e-24	115	ALR.ragtag.scaffold_chr_15_1_24.masked
AL7G31510	scaffold_2	100	62	0	0	5	66	15023279	15023218	2.46e-24	115	ALR.ragtag.scaffold_chr_15_1_24.masked
AL7G31510	scaffold_2	95.714	70	2	1	1	69	4607770	4607701	3.19e-23	111	ALR.ragtag.scaffold_chr_15_1_24.masked
AL7G31510	scaffold_2	95.588	68	3	0	1	68	23529830	23529897	1.15e-22	110	ALR.ragtag.scaffold_chr_15_1_24.masked
AL7G31510	scaffold_2	94.118	68	4	0	1	68	9335636	9335569	5.33e-21	104	ALR.ragtag.scaffold_chr_15_1_24.masked
AL7G31510	scaffold_2	94.203	69	3	1	1	68	18379771	18379703	5.33e-21	104	ALR.ragtag.scaffold_chr_15_1_24.masked
AL7G31510	scaffold_2	94.545	55	3	0	13	67	10452399	10452453	1.93e-15	86.1	ALR.ragtag.scaffold_chr_15_1_24.masked
AL7G31510	scaffold_6	100	69	0	0	1	69	23692218	23692150	3.16e-28	128	ALR.ragtag.scaffold_chr_15_1_24.masked
AL7G31510	scaffold_6	100	69	0	0	1	69	27621579	27621647	3.16e-28	128	ALR.ragtag.scaffold_chr_15_1_24.masked
AL7G31510	scaffold_6	98.529	68	1	0	1	68	3147010	3146943	5.3e-26	121	ALR.ragtag.scaffold_chr_15_1_24.masked
AL7G31510	scaffold_6	98.485	66	1	0	1	66	1314196	1314261	6.85e-25	117	ALR.ragtag.scaffold_chr_15_1_24.masked
AL7G31510	scaffold_6	98.485	66	1	0	1	66	7780418	7780483	6.85e-25	117	ALR.ragtag.scaffold_chr_15_1_24.masked
AL7G31510	scaffold_6	97.059	68	2	0	1	68	26566927	26566994	2.46e-24	115	ALR.ragtag.scaffold_chr_15_1_24.masked
AL7G31510	scaffold_6	93.506	77	4	1	1	77	5894737	5894812	8.86e-24	113	ALR.ragtag.scaffold_chr_15_1_24.masked
AL7G31510	scaffold_6	97.015	67	2	0	1	67	8949844	8949778	8.86e-24	113	ALR.ragtag.scaffold_chr_15_1_24.masked
AL7G31510	scaffold_6	94.118	68	4	0	1	68	11377655	11377722	5.33e-21	104	ALR.ragtag.scaffold_chr_15_1_24.masked
AL7G31510	scaffold_4	98.63	73	0	1	1	72	6259094	6259022	3.16e-28	128	ALR.ragtag.scaffold_chr_15_1_24.masked
AL7G31510	scaffold_4	100	67	0	0	1	67	10465128	10465062	4.09e-27	124	ALR.ragtag.scaffold_chr_15_1_24.masked
AL7G31510	scaffold_4	100	66	0	0	1	66	2504007	2503942	1.47e-26	122	ALR.ragtag.scaffold_chr_15_1_24.masked
AL7G31510	scaffold_4	98.571	70	0	1	1	69	3514798	3514729	1.47e-26	122	ALR.ragtag.scaffold_chr_15_1_24.masked
AL7G31510	scaffold_4	98.529	68	1	0	1	68	11958342	11958275	5.3e-26	121	ALR.ragtag.scaffold_chr_15_1_24.masked
AL7G31510	scaffold_4	98.485	66	1	0	1	66	1526909	1526844	6.85e-25	117	ALR.ragtag.scaffold_chr_15_1_24.masked
AL7G31510	scaffold_4	94.595	74	4	0	1	74	13788519	13788446	2.46e-24	115	ALR.ragtag.scaffold_chr_15_1_24.masked
AL7G31510	scaffold_4	88.06	67	8	0	2	68	15606431	15606497	8.99e-14	80.5	ALR.ragtag.scaffold_chr_15_1_24.masked
AL7G31510	scaffold_1	100	69	0	0	1	69	24578852	24578784	3.16e-28	128	ALR.ragtag.scaffold_chr_15_1_24.masked
AL7G31510	scaffold_1	98.551	69	1	0	1	69	6730474	6730406	1.47e-26	122	ALR.ragtag.scaffold_chr_15_1_24.masked
AL7G31510	scaffold_1	100	66	0	0	1	66	9883203	9883268	1.47e-26	122	ALR.ragtag.scaffold_chr_15_1_24.masked
AL7G31510	scaffold_1	98.551	69	1	0	1	69	11310547	11310479	1.47e-26	122	ALR.ragtag.scaffold_chr_15_1_24.masked
AL7G31510	scaffold_1	98.551	69	1	0	1	69	11312904	11312836	1.47e-26	122	ALR.ragtag.scaffold_chr_15_1_24.masked
AL7G31510	scaffold_1	100	65	0	0	1	65	11431944	11432008	5.3e-26	121	ALR.ragtag.scaffold_chr_15_1_24.masked
AL7G31510	scaffold_1	100	65	0	0	2	66	11648105	11648169	5.3e-26	121	ALR.ragtag.scaffold_chr_15_1_24.masked
AL7G31510	scaffold_1	98.529	68	1	0	1	68	20938789	20938722	5.3e-26	121	ALR.ragtag.scaffold_chr_15_1_24.masked
AL7G31510	scaffold_1	95.946	74	3	0	1	74	22304140	22304067	5.3e-26	121	ALR.ragtag.scaffold_chr_15_1_24.masked
AL7G31510	scaffold_1	100	65	0	0	2	66	24986609	24986545	5.3e-26	121	ALR.ragtag.scaffold_chr_15_1_24.masked
AL7G31510	scaffold_1	97.143	70	2	0	1	70	17758644	17758713	1.9e-25	119	ALR.ragtag.scaffold_chr_15_1_24.masked
AL7G31510	scaffold_1	97.101	69	2	0	1	69	12013230	12013162	6.85e-25	117	ALR.ragtag.scaffold_chr_15_1_24.masked
AL7G31510	scaffold_1	98.485	66	1	0	1	66	22966915	22966850	6.85e-25	117	ALR.ragtag.scaffold_chr_15_1_24.masked
AL7G31510	scaffold_1	98.485	66	1	0	1	66	23103603	23103538	6.85e-25	117	ALR.ragtag.scaffold_chr_15_1_24.masked
AL7G31510	scaffold_1	97.059	68	2	0	1	68	20302840	20302773	2.46e-24	115	ALR.ragtag.scaffold_chr_15_1_24.masked
AL7G31510	scaffold_1	93.151	73	4	1	1	72	8170662	8170734	1.48e-21	106	ALR.ragtag.scaffold_chr_15_1_24.masked
AL7G31510	scaffold_1	93.939	66	4	0	1	66	20248979	20248914	6.9e-20	100	ALR.ragtag.scaffold_chr_15_1_24.masked
AL7G31510	scaffold_1	92.424	66	5	0	1	66	14472737	14472672	3.21e-18	95.3	ALR.ragtag.scaffold_chr_15_1_24.masked
AL7G31510	scaffold_8	100	68	0	0	1	68	14370152	14370219	1.14e-27	126	ALR.ragtag.scaffold_chr_15_1_24.masked
AL7G31510	scaffold_8	97.26	73	1	1	1	73	398627	398698	1.47e-26	122	ALR.ragtag.scaffold_chr_15_1_24.masked
AL7G31510	scaffold_8	94.805	77	1	2	1	76	15402206	15402280	6.85e-25	117	ALR.ragtag.scaffold_chr_15_1_24.masked
AL7G31510	scaffold_8	98.462	65	1	0	1	65	11244174	11244110	2.46e-24	115	ALR.ragtag.scaffold_chr_15_1_24.masked
AL7G31510	scaffold_8	95.652	69	3	0	1	69	11494617	11494685	3.19e-23	111	ALR.ragtag.scaffold_chr_15_1_24.masked
AL7G31510	scaffold_8	94.444	72	4	0	1	72	12197890	12197819	3.19e-23	111	ALR.ragtag.scaffold_chr_15_1_24.masked
AL7G31510	scaffold_8	94.203	69	4	0	1	69	2482015	2481947	1.48e-21	106	ALR.ragtag.scaffold_chr_15_1_24.masked
AL7G31510	scaffold_8	89.231	65	7	0	2	66	21384718	21384782	2.5e-14	82.4	ALR.ragtag.scaffold_chr_15_1_24.masked
AL7G31510	scaffold_5	98.551	69	1	0	1	69	18876966	18876898	1.47e-26	122	ALR.ragtag.scaffold_chr_15_1_24.masked
AL7G31510	scaffold_5	98.529	68	1	0	1	68	1462311	1462378	5.3e-26	121	ALR.ragtag.scaffold_chr_15_1_24.masked
AL7G31510	scaffold_5	98.529	68	1	0	1	68	14890719	14890786	5.3e-26	121	ALR.ragtag.scaffold_chr_15_1_24.masked
AL7G31510	scaffold_5	98.529	68	1	0	2	69	18671427	18671494	5.3e-26	121	ALR.ragtag.scaffold_chr_15_1_24.masked
AL7G31510	scaffold_5	97.143	70	2	0	1	70	7567426	7567495	1.9e-25	119	ALR.ragtag.scaffold_chr_15_1_24.masked
AL7G31510	scaffold_5	98.485	66	1	0	1	66	8773295	8773360	6.85e-25	117	ALR.ragtag.scaffold_chr_15_1_24.masked
AL7G31510	scaffold_5	97.101	69	2	0	1	69	9042954	9042886	6.85e-25	117	ALR.ragtag.scaffold_chr_15_1_24.masked
AL7G31510	scaffold_5	95.455	66	3	0	1	66	6062678	6062613	1.48e-21	106	ALR.ragtag.scaffold_chr_15_1_24.masked
AL7G31510	scaffold_5	92.308	52	4	0	13	64	17480351	17480402	4.18e-12	75	ALR.ragtag.scaffold_chr_15_1_24.masked
AL7G31510	scaffold_5	100	31	0	0	1	31	8773275	8773305	4.21e-07	58.4	ALR.ragtag.scaffold_chr_15_1_24.masked
AL7G31520	scaffold_7	92.736	1294	68	9	1007	2282	8814867	8816152	0	1845	ALR.ragtag.scaffold_chr_15_1_24.masked
AL7G31520	scaffold_7	98.377	616	6	2	1	615	8813830	8814442	0	1079	ALR.ragtag.scaffold_chr_15_1_24.masked
AL7G31520	scaffold_7	98.619	362	4	1	649	1009	8814395	8814756	0	640	ALR.ragtag.scaffold_chr_15_1_24.masked
AL7G31520	scaffold_7	82.133	694	107	10	1523	2212	8513933	8513253	2.13e-163	579	ALR.ragtag.scaffold_chr_15_1_24.masked
AL7G31520	scaffold_7	80.876	685	114	9	1523	2203	8802667	8803338	1.01e-146	523	ALR.ragtag.scaffold_chr_15_1_24.masked
AL7G31520	scaffold_7	81.588	554	79	9	1303	1840	8808367	8808913	1.36e-120	436	ALR.ragtag.scaffold_chr_15_1_24.masked
AL7G31520	scaffold_7	82.339	419	55	8	1846	2258	8813093	8813498	2.36e-93	346	ALR.ragtag.scaffold_chr_15_1_24.masked
AL7G31520	scaffold_7	83.117	385	48	12	1841	2212	8793058	8793438	5.1e-90	335	ALR.ragtag.scaffold_chr_15_1_24.masked
AL7G31520	scaffold_7	81.649	376	53	10	1842	2212	8796507	8796871	6.69e-79	298	ALR.ragtag.scaffold_chr_15_1_24.masked
AL7G31520	scaffold_7	81.818	374	50	13	1843	2204	8799843	8800210	6.69e-79	298	ALR.ragtag.scaffold_chr_15_1_24.masked
AL7G31520	scaffold_7	74.898	733	128	37	1061	1756	8812278	8812991	1.87e-74	283	ALR.ragtag.scaffold_chr_15_1_24.masked
AL7G31520	scaffold_7	83.516	273	40	5	1522	1791	8515084	8514814	1.9e-64	250	ALR.ragtag.scaffold_chr_15_1_24.masked
AL7G31520	scaffold_7	82.857	245	32	9	1524	1760	8792714	8792956	8.96e-53	211	ALR.ragtag.scaffold_chr_15_1_24.masked
AL7G31520	scaffold_7	81.818	242	30	9	1523	1753	8576321	8576083	1.17e-46	191	ALR.ragtag.scaffold_chr_15_1_24.masked
AL7G31520	scaffold_7	81.548	168	27	3	714	880	8802725	8802889	5.55e-30	135	ALR.ragtag.scaffold_chr_15_1_24.masked
AL7G31520	scaffold_7	83.721	86	8	5	1053	1135	8808253	8808335	3.41e-12	76.8	ALR.ragtag.scaffold_chr_15_1_24.masked
AL7G31520	scaffold_1	76.637	1237	181	56	1052	2209	25552896	25551689	4.59e-165	584	ALR.ragtag.scaffold_chr_15_1_24.masked
AL7G31520	scaffold_1	77.398	1053	159	50	1044	2047	25595409	25594387	1.29e-155	553	ALR.ragtag.scaffold_chr_15_1_24.masked
AL7G31520	scaffold_1	77.303	1053	160	50	1044	2047	25660158	25659136	6.02e-154	547	ALR.ragtag.scaffold_chr_15_1_24.masked
AL7G31520	scaffold_1	77.303	1053	160	50	1044	2047	25704479	25703457	6.02e-154	547	ALR.ragtag.scaffold_chr_15_1_24.masked
AL7G31520	scaffold_1	77.303	1053	160	50	1044	2047	25730827	25729805	6.02e-154	547	ALR.ragtag.scaffold_chr_15_1_24.masked
AL7G31520	scaffold_1	77.303	1053	160	50	1044	2047	25760270	25759248	6.02e-154	547	ALR.ragtag.scaffold_chr_15_1_24.masked
AL7G31520	scaffold_1	77.208	1053	161	50	1044	2047	25632092	25631070	2.8e-152	542	ALR.ragtag.scaffold_chr_15_1_24.masked
AL7G31520	scaffold_1	75.73	651	103	35	1056	1674	25554424	25553797	3.13e-72	276	ALR.ragtag.scaffold_chr_15_1_24.masked
AL7G31520	scaffold_1	85.484	186	24	3	2025	2209	25594354	25594171	1.17e-46	191	ALR.ragtag.scaffold_chr_15_1_24.masked
AL7G31520	scaffold_1	85.484	186	24	3	2025	2209	25631031	25630848	1.17e-46	191	ALR.ragtag.scaffold_chr_15_1_24.masked
AL7G31520	scaffold_1	85.484	186	24	3	2025	2209	25659097	25658914	1.17e-46	191	ALR.ragtag.scaffold_chr_15_1_24.masked
AL7G31520	scaffold_1	85.484	186	24	3	2025	2209	25703424	25703241	1.17e-46	191	ALR.ragtag.scaffold_chr_15_1_24.masked
AL7G31520	scaffold_1	85.484	186	24	3	2025	2209	25729772	25729589	1.17e-46	191	ALR.ragtag.scaffold_chr_15_1_24.masked
AL7G31520	scaffold_1	85.484	186	24	3	2025	2209	25759215	25759032	1.17e-46	191	ALR.ragtag.scaffold_chr_15_1_24.masked
AL8G44570	scaffold_8	96.421	447	14	1	1	445	21337079	21337525	0	736	ALR.ragtag.scaffold_chr_15_1_24.masked
AL8G44570	scaffold_8	98.485	132	2	0	443	574	21337563	21337694	4.65e-60	233	ALR.ragtag.scaffold_chr_15_1_24.masked
AL1G60840	scaffold_7_RagTag	77.867	1125	159	41	700	1783	9541977	9540902	1.31e-174	616	BAM12_v2
AL1G60840	scaffold_7_RagTag	78.132	942	138	34	862	1794	9532861	9531979	1.05e-150	536	BAM12_v2
AL1G60840	scaffold_7_RagTag	77.707	942	142	37	862	1794	9226868	9227750	4.9e-144	514	BAM12_v2
AL1G60840	scaffold_7_RagTag	79.476	687	79	30	700	1368	9537353	9536711	5.08e-119	431	BAM12_v2
AL1G60840	scaffold_7_RagTag	83.29	383	38	14	162	524	14423247	14423623	1.9e-88	329	BAM12_v2
AL1G60840	scaffold_7_RagTag	82.524	309	45	4	1425	1727	9536633	9536328	1.96e-68	263	BAM12_v2
AL1G60840	scaffold_7_RagTag	87.917	240	7	4	260	495	22367734	22367955	1.96e-68	263	BAM12_v2
AL1G60840	scaffold_7_RagTag	84.375	288	21	6	701	988	9526908	9526645	7.05e-68	261	BAM12_v2
AL1G60840	scaffold_7_RagTag	85.408	233	30	3	1132	1363	9228273	9228502	3.3e-61	239	BAM12_v2
AL1G60840	scaffold_7_RagTag	85.169	236	28	7	1137	1370	9538859	9538629	4.27e-60	235	BAM12_v2
AL1G60840	scaffold_7_RagTag	94.215	121	7	0	862	982	9539137	9539017	4.36e-45	185	BAM12_v2
AL1G60840	scaffold_7_RagTag	79.615	260	47	6	1125	1379	9520189	9519931	5.64e-44	182	BAM12_v2
AL1G60840	scaffold_7_RagTag	79.528	254	40	10	1132	1380	9529519	9529273	1.22e-40	171	BAM12_v2
AL1G60840	scaffold_7_RagTag	90.909	121	11	0	862	982	9522506	9522386	2.04e-38	163	BAM12_v2
AL1G60840	scaffold_7_RagTag	90.323	124	12	0	700	823	9532987	9532864	2.04e-38	163	BAM12_v2
AL1G60840	scaffold_7_RagTag	90.179	112	11	0	700	811	9226742	9226853	2.06e-33	147	BAM12_v2
AL1G60840	scaffold_1_RagTag	94.723	379	16	3	1419	1794	29442222	29442599	1.02e-165	586	BAM12_v2
AL1G60840	scaffold_1_RagTag	84.211	380	31	10	169	534	17846258	17845894	2.45e-92	342	BAM12_v2
AL1G60840	scaffold_4_RagTag	86.126	382	32	13	169	534	11026376	11026000	2.4e-107	392	BAM12_v2
AL1G60840	scaffold_4_RagTag	80.925	173	9	11	178	326	4487682	4487854	5.81e-24	115	BAM12_v2
AL1G60840	scaffold_6_RagTag	87.143	280	13	5	260	534	14155702	14155963	1.93e-78	296	BAM12_v2
AL1G60840	scaffold_5_RagTag	83.537	164	8	10	178	326	6397655	6397814	4.46e-30	135	BAM12_v2
AL1G60840	scaffold_5_RagTag	82.317	164	10	10	178	326	6400469	6400310	9.65e-27	124	BAM12_v2
AL6G37030	scaffold_6_RagTag	96.288	431	13	1	2	432	12022013	12022440	0	704	BAM12_v2
AL7G30780	scaffold_7_RagTag	97.992	1444	17	8	1	1435	9226389	9227829	0	2495	BAM12_v2
AL7G30780	scaffold_7_RagTag	91.139	1106	89	8	301	1401	9533034	9531933	0	1491	BAM12_v2
AL7G30780	scaffold_7_RagTag	85.39	705	76	15	298	975	9537403	9536699	0	706	BAM12_v2
AL7G30780	scaffold_7_RagTag	83.616	708	92	13	291	975	9542035	9541329	0	643	BAM12_v2
AL7G30780	scaffold_7_RagTag	79.076	693	108	22	298	966	9539307	9538628	1.87e-122	442	BAM12_v2
AL7G30780	scaffold_7_RagTag	77.54	748	132	25	244	966	9535021	9534285	3.15e-115	418	BAM12_v2
AL7G30780	scaffold_7_RagTag	85.258	407	49	9	259	661	9525189	9524790	1.89e-112	409	BAM12_v2
AL7G30780	scaffold_7_RagTag	95.122	246	12	0	721	966	9228265	9228510	2.47e-106	388	BAM12_v2
AL7G30780	scaffold_7_RagTag	82.448	433	58	10	244	661	9530039	9529610	1.5e-98	363	BAM12_v2
AL7G30780	scaffold_7_RagTag	82.885	409	53	8	258	653	9520689	9520285	3.24e-95	351	BAM12_v2
AL7G30780	scaffold_7_RagTag	84.324	370	45	5	291	647	9526967	9526598	1.16e-94	350	BAM12_v2
AL7G30780	scaffold_7_RagTag	83.836	365	49	7	291	647	9290130	9290492	2.52e-91	339	BAM12_v2
AL7G30780	scaffold_7_RagTag	82.661	248	39	3	414	661	9522562	9522319	1.23e-54	217	BAM12_v2
AL7G30780	scaffold_7_RagTag	82.7	237	34	4	244	476	9519142	9518909	9.6e-51	204	BAM12_v2
AL7G30780	scaffold_7_RagTag	94.737	38	1	1	291	327	9527073	9527036	7.91e-07	58.4	BAM12_v2
AL7G31470	scaffold_7_RagTag	97.39	1226	23	1	1	1217	9519463	9520688	0	2078	BAM12_v2
AL7G31470	scaffold_7_RagTag	86.449	1225	143	11	21	1235	9523996	9525207	0	1321	BAM12_v2
AL7G31470	scaffold_7_RagTag	77.685	1192	201	41	23	1189	9525819	9526970	0	667	BAM12_v2
AL7G31470	scaffold_7_RagTag	76.904	1208	205	56	4	1180	9538145	9539309	2.48e-175	617	BAM12_v2
AL7G31470	scaffold_7_RagTag	78.647	946	166	26	83	1015	9521597	9522519	1.16e-168	595	BAM12_v2
AL7G31470	scaffold_7_RagTag	74.711	1210	233	59	39	1217	9528857	9530024	2.05e-131	472	BAM12_v2
AL7G31470	scaffold_7_RagTag	85.678	398	51	3	823	1217	9227047	9226653	3.5e-114	414	BAM12_v2
AL7G31470	scaffold_7_RagTag	84.658	365	49	6	823	1184	9532682	9533042	5.98e-97	357	BAM12_v2
AL7G31470	scaffold_7_RagTag	83.161	386	46	12	821	1189	9541655	9542038	2.8e-90	335	BAM12_v2
AL7G31470	scaffold_7_RagTag	83.11	373	53	6	821	1184	9537037	9537408	3.62e-89	331	BAM12_v2
AL7G31470	scaffold_7_RagTag	74.154	650	112	37	37	654	9291227	9290602	2.94e-55	219	BAM12_v2
AL7G31470	scaffold_7_RagTag	81.416	226	32	4	1006	1224	9518912	9519134	1.8e-42	176	BAM12_v2
AL7G31470	scaffold_7_RagTag	95.238	42	0	2	1149	1189	9527036	9527076	4.06e-09	65.8	BAM12_v2
AL7G31480	scaffold_7_RagTag	99.248	1329	8	1	1	1329	9523962	9525288	0	2398	BAM12_v2
AL7G31480	scaffold_7_RagTag	84.685	1319	165	17	35	1329	9519483	9520788	0	1282	BAM12_v2
AL7G31480	scaffold_7_RagTag	77.349	1192	195	47	33	1191	9538160	9539309	0	636	BAM12_v2
AL7G31480	scaffold_7_RagTag	78.301	977	163	40	97	1055	9521597	9522542	2.71e-165	584	BAM12_v2
AL7G31480	scaffold_7_RagTag	75.139	1255	231	64	53	1270	9528857	9530067	3.61e-144	514	BAM12_v2
AL7G31480	scaffold_7_RagTag	78.472	720	124	26	556	1267	9534349	9535045	1.73e-122	442	BAM12_v2
AL7G31480	scaffold_7_RagTag	83.885	453	55	14	829	1267	9227055	9226607	1.05e-114	416	BAM12_v2
AL7G31480	scaffold_7_RagTag	82.038	373	52	8	836	1195	9537038	9537408	8.51e-81	303	BAM12_v2
AL7G31480	scaffold_7_RagTag	81.137	387	47	16	836	1200	9541656	9542038	8.57e-76	287	BAM12_v2
AL7G31480	scaffold_7_RagTag	73.538	684	131	36	6	656	9291274	9290608	4.1e-54	215	BAM12_v2
AL7G31480	scaffold_7_RagTag	95.238	42	0	2	1160	1200	9527036	9527076	4.37e-09	65.8	BAM12_v2
AL7G31490	scaffold_7_RagTag	96.426	1259	28	3	1582	2840	9528857	9530098	0	2060	BAM12_v2
AL7G31490	scaffold_7_RagTag	97.044	1218	21	1	98	1315	9525805	9527007	0	2036	BAM12_v2
AL7G31490	scaffold_7_RagTag	77.713	1198	192	48	1558	2726	9538158	9539309	0	664	BAM12_v2
AL7G31490	scaffold_7_RagTag	76.989	1282	211	46	38	1278	9519422	9520660	0	656	BAM12_v2
AL7G31490	scaffold_7_RagTag	78.801	934	159	20	172	1077	9521597	9522519	3.5e-167	592	BAM12_v2
AL7G31490	scaffold_7_RagTag	80.177	792	111	28	2017	2799	9534285	9535039	5.95e-155	551	BAM12_v2
AL7G31490	scaffold_7_RagTag	79.433	705	119	16	1555	2248	9540880	9541569	3.68e-132	475	BAM12_v2
AL7G31490	scaffold_7_RagTag	74.77	1197	224	51	1561	2727	9525814	9526962	2.22e-129	466	BAM12_v2
AL7G31490	scaffold_7_RagTag	74.214	1272	248	58	1571	2801	9519490	9520722	3.71e-127	459	BAM12_v2
AL7G31490	scaffold_7_RagTag	75.506	1037	199	35	77	1074	9538127	9539147	1.33e-126	457	BAM12_v2
AL7G31490	scaffold_7_RagTag	75.15	998	209	18	109	1077	9533820	9534807	2.25e-119	433	BAM12_v2
AL7G31490	scaffold_7_RagTag	98.684	228	2	1	1363	1590	9527909	9528135	1.76e-110	403	BAM12_v2
AL7G31490	scaffold_7_RagTag	79.779	544	95	11	545	1073	9524443	9524986	8.26e-104	381	BAM12_v2
AL7G31490	scaffold_7_RagTag	83.168	404	47	11	2329	2722	9290532	9290140	2.33e-94	350	BAM12_v2
AL7G31490	scaffold_7_RagTag	73.636	990	202	44	128	1081	9528857	9529823	1.09e-87	327	BAM12_v2
AL7G31490	scaffold_7_RagTag	81.401	414	55	8	871	1284	9290512	9290121	6.56e-85	318	BAM12_v2
AL7G31490	scaffold_7_RagTag	80.519	385	49	15	2359	2727	9541656	9542030	5.18e-71	272	BAM12_v2
AL7G31490	scaffold_7_RagTag	79.79	381	59	11	2359	2730	9537038	9537409	1.12e-67	261	BAM12_v2
AL7G31490	scaffold_7_RagTag	81.481	324	49	5	42	361	9523931	9524247	5.22e-66	255	BAM12_v2
AL7G31490	scaffold_7_RagTag	90.395	177	15	1	1095	1269	9518912	9519088	8.8e-59	231	BAM12_v2
AL7G31490	scaffold_7_RagTag	99.219	128	1	0	1238	1365	9527036	9527163	8.8e-59	231	BAM12_v2
AL7G31490	scaffold_7_RagTag	89.831	177	18	0	1093	1269	9532863	9533039	1.14e-57	228	BAM12_v2
AL7G31490	scaffold_7_RagTag	89.385	179	17	2	1101	1278	9226858	9226681	1.47e-56	224	BAM12_v2
AL7G31490	scaffold_7_RagTag	73.517	691	139	28	119	781	9540897	9541571	5.3e-56	222	BAM12_v2
AL7G31490	scaffold_7_RagTag	83.544	237	36	2	2555	2789	9518915	9519150	6.85e-55	219	BAM12_v2
AL7G31490	scaffold_7_RagTag	81.513	238	40	4	546	781	9227362	9227127	4.15e-47	193	BAM12_v2
AL7G31490	scaffold_7_RagTag	86.705	173	23	0	1098	1270	9529813	9529985	4.15e-47	193	BAM12_v2
AL7G31490	scaffold_7_RagTag	91.538	130	8	1	76	205	9523584	9523710	4.18e-42	176	BAM12_v2
AL7G31490	scaffold_7_RagTag	100	78	0	0	1238	1315	9526983	9527060	1.18e-32	145	BAM12_v2
AL7G31500	scaffold_7_RagTag	98.289	1286	20	1	1	1286	9531829	9533112	0	2252	BAM12_v2
AL7G31500	scaffold_7_RagTag	91.344	1109	87	8	107	1211	9227795	9226692	0	1507	BAM12_v2
AL7G31500	scaffold_7_RagTag	78.655	1368	188	50	18	1286	9536118	9537480	0	813	BAM12_v2
AL7G31500	scaffold_7_RagTag	79.26	1162	157	37	133	1213	9540871	9542029	0	734	BAM12_v2
AL7G31500	scaffold_7_RagTag	78.499	693	110	21	546	1213	9538631	9539309	2.82e-115	418	BAM12_v2
AL7G31500	scaffold_7_RagTag	77.312	692	120	27	546	1213	9534288	9534966	6.18e-102	374	BAM12_v2
AL7G31500	scaffold_7_RagTag	93.061	245	17	0	544	788	9228509	9228265	1.73e-97	359	BAM12_v2
AL7G31500	scaffold_7_RagTag	84.699	366	40	8	862	1213	9526598	9526961	2.9e-95	351	BAM12_v2
AL7G31500	scaffold_7_RagTag	83.155	374	47	9	856	1216	9520285	9520655	4.88e-88	327	BAM12_v2
AL7G31500	scaffold_7_RagTag	82.48	371	59	6	848	1216	9524790	9525156	8.17e-86	320	BAM12_v2
AL7G31500	scaffold_7_RagTag	83.003	353	53	5	862	1208	9290492	9290141	1.37e-83	313	BAM12_v2
AL7G31500	scaffold_7_RagTag	81.048	248	43	3	848	1095	9522319	9522562	5.17e-48	195	BAM12_v2
AL7G31500	scaffold_7_RagTag	85.083	181	25	1	1039	1217	9518912	9519092	1.12e-44	183	BAM12_v2
AL7G31500	scaffold_7_RagTag	82.036	167	28	1	600	764	9540409	9540575	6.83e-32	141	BAM12_v2
AL7G31510	scaffold_7_RagTag	93.989	732	40	3	66	795	9538690	9539419	0	1105	BAM12_v2
AL7G31510	scaffold_7_RagTag	96.452	620	22	0	66	685	9534347	9534966	0	1024	BAM12_v2
AL7G31510	scaffold_7_RagTag	80.438	639	101	19	68	685	9524517	9525152	6.05e-130	466	BAM12_v2
AL7G31510	scaffold_7_RagTag	80	660	97	21	53	685	9529333	9529984	1.31e-126	455	BAM12_v2
AL7G31510	scaffold_7_RagTag	85.682	440	47	7	284	708	9290551	9290113	6.09e-125	449	BAM12_v2
AL7G31510	scaffold_7_RagTag	79.65	629	98	19	64	683	9227299	9226692	1.03e-117	425	BAM12_v2
AL7G31510	scaffold_7_RagTag	78.947	646	104	17	68	685	9520010	9520651	2.88e-113	411	BAM12_v2
AL7G31510	scaffold_7_RagTag	81.044	517	75	17	65	563	9522045	9522556	3.75e-107	390	BAM12_v2
AL7G31510	scaffold_7_RagTag	78.481	632	104	21	64	685	9532430	9533039	1.74e-105	385	BAM12_v2
AL7G31510	scaffold_7_RagTag	81.862	419	53	8	345	742	9541668	9542084	2.3e-89	331	BAM12_v2
AL7G31510	scaffold_7_RagTag	80.952	357	51	9	345	685	9537050	9537405	6.59e-70	267	BAM12_v2
AL7G31510	scaffold_7_RagTag	98.551	69	1	0	1	69	8730609	8730541	1.51e-26	122	BAM12_v2
AL7G31510	scaffold_7_RagTag	100	66	0	0	1	66	17012055	17012120	1.51e-26	122	BAM12_v2
AL7G31510	scaffold_7_RagTag	98.529	68	1	0	2	69	24089080	24089013	5.43e-26	121	BAM12_v2
AL7G31510	scaffold_7_RagTag	98.529	68	1	0	1	68	26426400	26426467	5.43e-26	121	BAM12_v2
AL7G31510	scaffold_7_RagTag	98.507	67	1	0	1	67	26470818	26470752	1.95e-25	119	BAM12_v2
AL7G31510	scaffold_7_RagTag	96.97	66	1	1	1	66	24430136	24430200	1.17e-22	110	BAM12_v2
AL7G31510	scaffold_7_RagTag	93.939	66	4	0	1	66	25970148	25970083	7.07e-20	100	BAM12_v2
AL7G31510	scaffold_7_RagTag	91.176	68	6	0	1	68	16584546	16584479	1.18e-17	93.5	BAM12_v2
AL7G31510	scaffold_7_RagTag	91.525	59	2	1	654	712	9527036	9527091	3.31e-13	78.7	BAM12_v2
AL7G31510	scaffold_6_RagTag	100	68	0	0	1	68	22368552	22368485	1.17e-27	126	BAM12_v2
AL7G31510	scaffold_6_RagTag	100	66	0	0	1	66	2004759	2004824	1.51e-26	122	BAM12_v2
AL7G31510	scaffold_6_RagTag	97.222	72	2	0	1	72	10950814	10950743	1.51e-26	122	BAM12_v2
AL7G31510	scaffold_6_RagTag	100	66	0	0	1	66	20872968	20873033	1.51e-26	122	BAM12_v2
AL7G31510	scaffold_6_RagTag	100	65	0	0	1	65	19647669	19647733	5.43e-26	121	BAM12_v2
AL7G31510	scaffold_6_RagTag	100	65	0	0	1	65	19680919	19680983	5.43e-26	121	BAM12_v2
AL7G31510	scaffold_6_RagTag	100	65	0	0	1	65	19718277	19718341	5.43e-26	121	BAM12_v2
AL7G31510	scaffold_6_RagTag	98.485	66	1	0	1	66	23676582	23676647	7.02e-25	117	BAM12_v2
AL7G31510	scaffold_6_RagTag	94.118	68	4	0	1	68	10259300	10259367	5.47e-21	104	BAM12_v2
AL7G31510	scaffold_6_RagTag	94.118	68	4	0	1	68	22246819	22246752	5.47e-21	104	BAM12_v2
AL7G31510	scaffold_4_RagTag	100	68	0	0	1	68	1449010	1449077	1.17e-27	126	BAM12_v2
AL7G31510	scaffold_4_RagTag	96.104	77	1	2	1	76	19400862	19400787	4.2e-27	124	BAM12_v2
AL7G31510	scaffold_4_RagTag	100	67	0	0	1	67	19598476	19598542	4.2e-27	124	BAM12_v2
AL7G31510	scaffold_4_RagTag	100	66	0	0	1	66	12137255	12137320	1.51e-26	122	BAM12_v2
AL7G31510	scaffold_4_RagTag	98.529	68	1	0	1	68	1293016	1293083	5.43e-26	121	BAM12_v2
AL7G31510	scaffold_4_RagTag	98.485	66	1	0	1	66	1401210	1401275	7.02e-25	117	BAM12_v2
AL7G31510	scaffold_4_RagTag	98.485	66	1	0	1	66	21987689	21987754	7.02e-25	117	BAM12_v2
AL7G31510	scaffold_4_RagTag	96.97	66	2	0	1	66	3978380	3978445	3.27e-23	111	BAM12_v2
AL7G31510	scaffold_4_RagTag	96.97	66	2	0	1	66	3991844	3991909	3.27e-23	111	BAM12_v2
AL7G31510	scaffold_4_RagTag	95.161	62	3	0	1	62	12063164	12063103	2.54e-19	99	BAM12_v2
AL7G31510	scaffold_4_RagTag	96.61	59	1	1	17	75	4493726	4493669	9.15e-19	97.1	BAM12_v2
AL7G31510	scaffold_4_RagTag	95.833	48	2	0	1	48	15106948	15106901	3.31e-13	78.7	BAM12_v2
AL7G31510	scaffold_4_RagTag	89.831	59	4	2	13	69	15491753	15491811	4.29e-12	75	BAM12_v2
AL7G31510	scaffold_2_RagTag	98.592	71	1	0	1	71	1955204	1955134	1.17e-27	126	BAM12_v2
AL7G31510	scaffold_2_RagTag	97.297	74	2	0	1	74	11954863	11954790	1.17e-27	126	BAM12_v2
AL7G31510	scaffold_2_RagTag	100	67	0	0	1	67	17825896	17825962	4.2e-27	124	BAM12_v2
AL7G31510	scaffold_2_RagTag	96.053	76	1	2	1	76	17145557	17145630	1.51e-26	122	BAM12_v2
AL7G31510	scaffold_2_RagTag	98.529	68	1	0	1	68	4513997	4513930	5.43e-26	121	BAM12_v2
AL7G31510	scaffold_2_RagTag	98.485	66	1	0	1	66	1286324	1286389	7.02e-25	117	BAM12_v2
AL7G31510	scaffold_2_RagTag	97.101	69	2	0	1	69	3844969	3844901	7.02e-25	117	BAM12_v2
AL7G31510	scaffold_2_RagTag	98.485	66	1	0	1	66	6415059	6414994	7.02e-25	117	BAM12_v2
AL7G31510	scaffold_2_RagTag	89.231	65	7	0	5	69	1248449	1248385	2.56e-14	82.4	BAM12_v2
AL7G31510	scaffold_2_RagTag	95.556	45	2	0	27	71	19807507	19807463	1.54e-11	73.1	BAM12_v2
AL7G31510	scaffold_1_RagTag	100	68	0	0	1	68	27332988	27333055	1.17e-27	126	BAM12_v2
AL7G31510	scaffold_1_RagTag	100	66	0	0	1	66	30996430	30996495	1.51e-26	122	BAM12_v2
AL7G31510	scaffold_1_RagTag	98.485	66	1	0	1	66	13513294	13513229	7.02e-25	117	BAM12_v2
AL7G31510	scaffold_1_RagTag	98.485	66	1	0	1	66	23471227	23471162	7.02e-25	117	BAM12_v2
AL7G31510	scaffold_1_RagTag	97.101	69	2	0	1	69	25636367	25636299	7.02e-25	117	BAM12_v2
AL7G31510	scaffold_1_RagTag	98.485	66	1	0	1	66	29008232	29008167	7.02e-25	117	BAM12_v2
AL7G31510	scaffold_1_RagTag	98.485	66	1	0	1	66	30997351	30997416	7.02e-25	117	BAM12_v2
AL7G31510	scaffold_1_RagTag	98.462	65	1	0	1	65	6130053	6129989	2.52e-24	115	BAM12_v2
AL7G31510	scaffold_1_RagTag	97.059	68	2	0	1	68	27039478	27039411	2.52e-24	115	BAM12_v2
AL7G31510	scaffold_1_RagTag	93.151	73	4	1	2	74	3181703	3181774	1.52e-21	106	BAM12_v2
AL7G31510	scaffold_1_RagTag	94.118	68	4	0	1	68	24030032	24030099	5.47e-21	104	BAM12_v2
AL7G31510	scaffold_1_RagTag	91.667	48	4	0	17	64	14813206	14813159	7.17e-10	67.6	BAM12_v2
AL7G31510	scaffold_5_RagTag	97.26	73	1	1	1	72	5696439	5696511	1.51e-26	122	BAM12_v2
AL7G31510	scaffold_5_RagTag	97.101	69	2	0	1	69	13934112	13934044	7.02e-25	117	BAM12_v2
AL7G31510	scaffold_5_RagTag	97.059	68	2	0	1	68	15564032	15563965	2.52e-24	115	BAM12_v2
AL7G31510	scaffold_5_RagTag	93.506	77	4	1	1	76	11561364	11561288	9.08e-24	113	BAM12_v2
AL7G31510	scaffold_5_RagTag	95.455	66	3	0	1	66	6777278	6777213	1.52e-21	106	BAM12_v2
AL7G31510	scaffold_5_RagTag	95.238	63	3	0	6	68	21960077	21960015	7.07e-20	100	BAM12_v2
AL7G31510	scaffold_5_RagTag	90.411	73	5	2	1	72	4596547	4596476	3.29e-18	95.3	BAM12_v2
AL7G31510	scaffold_3_RagTag	100	66	0	0	1	66	5304512	5304447	1.51e-26	122	BAM12_v2
AL7G31510	scaffold_3_RagTag	98.485	66	1	0	1	66	9291398	9291463	7.02e-25	117	BAM12_v2
AL7G31510	scaffold_3_RagTag	98.485	66	1	0	1	66	10707290	10707355	7.02e-25	117	BAM12_v2
AL7G31510	scaffold_3_RagTag	98.485	66	1	0	1	66	27524074	27524139	7.02e-25	117	BAM12_v2
AL7G31510	scaffold_3_RagTag	97.101	69	1	1	1	68	14184767	14184699	2.52e-24	115	BAM12_v2
AL7G31510	scaffold_3_RagTag	95.652	69	3	0	1	69	14509506	14509438	3.27e-23	111	BAM12_v2
AL7G31510	scaffold_3_RagTag	93.151	73	4	1	1	73	27442428	27442357	1.52e-21	106	BAM12_v2
AL7G31510	scaffold_3_RagTag	94.118	68	4	0	1	68	1240083	1240150	5.47e-21	104	BAM12_v2
AL7G31510	scaffold_3_RagTag	92.857	56	4	0	13	68	25435124	25435069	2.56e-14	82.4	BAM12_v2
AL7G31510	scaffold_3_RagTag	100	34	0	0	1	34	26687945	26687978	9.28e-09	63.9	BAM12_v2
AL7G31510	scaffold_8_RagTag	100	65	0	0	2	66	6920354	6920418	5.43e-26	121	BAM12_v2
AL7G31510	scaffold_8_RagTag	94.667	75	2	2	1	75	1348307	1348235	2.52e-24	115	BAM12_v2
AL7G31510	scaffold_8_RagTag	95.775	71	3	0	1	71	19384445	19384375	2.52e-24	115	BAM12_v2
AL7G31510	scaffold_8_RagTag	97.015	67	2	0	1	67	16114580	16114646	9.08e-24	113	BAM12_v2
AL7G31510	scaffold_8_RagTag	92.105	76	6	0	1	76	3755891	3755816	4.22e-22	108	BAM12_v2
AL7G31520	scaffold_7_RagTag	92.367	1297	70	11	1007	2282	9540820	9542108	0	1820	BAM12_v2
AL7G31520	scaffold_7_RagTag	98.318	1011	12	3	1	1009	9539698	9540705	0	1768	BAM12_v2
AL7G31520	scaffold_7_RagTag	85.57	1185	130	14	1053	2203	9536228	9537405	0	1203	BAM12_v2
AL7G31520	scaffold_7_RagTag	82.133	694	107	11	1523	2212	9227361	9226681	2.19e-163	579	BAM12_v2
AL7G31520	scaffold_7_RagTag	81.085	682	110	12	1527	2203	9532372	9533039	8.03e-148	527	BAM12_v2
AL7G31520	scaffold_7_RagTag	80.032	631	101	15	1143	1757	9528894	9529515	8.32e-123	444	BAM12_v2
AL7G31520	scaffold_7_RagTag	82.816	419	53	8	1846	2258	9538961	9539366	1.12e-96	357	BAM12_v2
AL7G31520	scaffold_7_RagTag	84.031	382	47	9	1841	2212	9520283	9520660	4.01e-96	355	BAM12_v2
AL7G31520	scaffold_7_RagTag	82.447	376	50	10	1842	2212	9524797	9525161	6.81e-84	315	BAM12_v2
AL7G31520	scaffold_7_RagTag	81.769	373	50	13	1844	2204	9529619	9529985	2.47e-78	296	BAM12_v2
AL7G31520	scaffold_7_RagTag	74.898	733	128	37	1061	1756	9538146	9538859	1.92e-74	283	BAM12_v2
AL7G31520	scaffold_7_RagTag	84.116	277	39	5	1517	1791	9228516	9228243	2.5e-68	263	BAM12_v2
AL7G31520	scaffold_7_RagTag	82.449	245	33	9	1524	1760	9519939	9520181	4.27e-51	206	BAM12_v2
AL7G31520	scaffold_7_RagTag	87.222	180	18	5	2026	2203	9518912	9519088	1.99e-49	200	BAM12_v2
AL7G31520	scaffold_7_RagTag	100	48	0	0	568	615	9540344	9540391	4.49e-16	89.8	BAM12_v2
AL7G31520	scaffold_7_RagTag	97.872	47	1	0	2172	2218	9527036	9527082	7.52e-14	82.4	BAM12_v2
AL7G31520	scaffold_7_RagTag	97.436	39	1	0	588	626	9540334	9540372	2.1e-09	67.6	BAM12_v2
AL7G31520	scaffold_7_RagTag	94.872	39	2	0	639	677	9540283	9540321	9.79e-08	62.1	BAM12_v2
AL7G31520	scaffold_1_RagTag	78.427	445	70	16	1048	1475	29442632	29442197	1.93e-69	267	BAM12_v2
AL8G44570	scaffold_8_RagTag	95.312	448	13	4	5	445	21388211	21388657	0	704	BAM12_v2
AL8G44570	scaffold_8_RagTag	100	132	0	0	443	574	21388695	21388826	2.2e-63	244	BAM12_v2
AL1G60840	scaffold_1_RagTag:0-28294041	93.185	719	26	10	700	1416	26424148	26424845	0	1035	BOR_v1
AL1G60840	scaffold_1_RagTag:0-28294041	94.987	379	16	2	1419	1794	26424874	26425252	2.02e-167	592	BOR_v1
AL1G60840	scaffold_1_RagTag:0-28294041	86.047	344	26	14	162	487	10713971	10714310	1.34e-94	350	BOR_v1
AL1G60840	scaffold_7_RagTag:0-26551907	77.56	1123	160	44	700	1783	8921116	8920047	5.61e-168	593	BOR_v1
AL1G60840	scaffold_7_RagTag:0-26551907	83.992	506	56	11	862	1363	8597573	8598057	1.65e-128	462	BOR_v1
AL1G60840	scaffold_7_RagTag:0-26551907	83.202	506	60	11	862	1363	8911102	8910618	7.73e-122	440	BOR_v1
AL1G60840	scaffold_7_RagTag:0-26551907	78.707	526	69	29	862	1370	8918343	8917844	6.33e-83	311	BOR_v1
AL1G60840	scaffold_7_RagTag:0-26551907	81.163	361	35	10	701	1061	8907640	8907313	2.32e-67	259	BOR_v1
AL1G60840	scaffold_7_RagTag:0-26551907	85.714	238	30	2	1132	1368	8916762	8916528	5.03e-64	248	BOR_v1
AL1G60840	scaffold_7_RagTag:0-26551907	85.408	233	30	3	1132	1363	8598979	8599208	3.03e-61	239	BOR_v1
AL1G60840	scaffold_7_RagTag:0-26551907	81.915	282	21	11	701	982	8668365	8668616	6.6e-53	211	BOR_v1
AL1G60840	scaffold_7_RagTag:0-26551907	80.385	260	45	6	1125	1379	8900045	8899787	2.39e-47	193	BOR_v1
AL1G60840	scaffold_7_RagTag:0-26551907	81.25	240	36	8	1140	1370	8668795	8669034	4e-45	185	BOR_v1
AL1G60840	scaffold_7_RagTag:0-26551907	92.5	120	9	0	863	982	8915476	8915357	3.11e-41	172	BOR_v1
AL1G60840	scaffold_7_RagTag:0-26551907	91.129	124	11	0	700	823	8911228	8911105	4.03e-40	169	BOR_v1
AL1G60840	scaffold_7_RagTag:0-26551907	90.083	121	12	0	862	982	8901542	8901422	8.72e-37	158	BOR_v1
AL1G60840	scaffold_7_RagTag:0-26551907	89.286	112	12	0	700	811	8597447	8597558	8.78e-32	141	BOR_v1
AL1G60840	scaffold_6_RagTag:0-24760478	86.945	383	14	9	169	534	12979311	12979674	4.72e-109	398	BOR_v1
AL1G60840	scaffold_8_RagTag:0-21093757	85.552	353	26	15	160	491	13125449	13125101	1.73e-93	346	BOR_v1
AL1G60840	scaffold_5_RagTag:0-21731985	82.209	163	11	9	178	326	5451285	5451443	8.85e-27	124	BOR_v1
AL1G60840	scaffold_5_RagTag:0-21731985	82.317	164	10	10	178	326	5454680	5454521	8.85e-27	124	BOR_v1
AL1G60840	scaffold_5_RagTag:0-21731985	81.707	164	11	10	178	326	6026477	6026636	4.12e-25	119	BOR_v1
AL1G60840	scaffold_5_RagTag:0-21731985	81.212	165	11	10	178	326	6029873	6029713	5.32e-24	115	BOR_v1
AL6G37030	scaffold_6_RagTag:0-24760478	94.286	420	17	4	2	421	11180031	11180443	0	636	BOR_v1
AL7G30780	scaffold_7_RagTag:0-26551907	98.458	1362	21	0	74	1435	8597173	8598534	0	2399	BOR_v1
AL7G30780	scaffold_7_RagTag:0-26551907	95.917	1102	44	1	301	1401	8911275	8910174	0	1784	BOR_v1
AL7G30780	scaffold_7_RagTag:0-26551907	82.454	701	104	14	291	975	8921174	8920477	1.24e-168	595	BOR_v1
AL7G30780	scaffold_7_RagTag:0-26551907	78.179	747	129	22	244	966	8915704	8914968	1.33e-123	446	BOR_v1
AL7G30780	scaffold_7_RagTag:0-26551907	78.818	694	114	21	291	966	8918521	8917843	7.98e-121	436	BOR_v1
AL7G30780	scaffold_7_RagTag:0-26551907	85.012	407	50	9	259	661	8905091	8904692	8.09e-111	403	BOR_v1
AL7G30780	scaffold_7_RagTag:0-26551907	93.798	258	15	1	721	977	8598971	8599228	8.15e-106	387	BOR_v1
AL7G30780	scaffold_7_RagTag:0-26551907	83.372	433	54	11	244	661	8909205	8908776	2.93e-105	385	BOR_v1
AL7G30780	scaffold_7_RagTag:0-26551907	83.784	407	51	6	259	653	8900544	8900141	2.28e-101	372	BOR_v1
AL7G30780	scaffold_7_RagTag:0-26551907	83.378	373	46	5	291	647	8907699	8907327	3.87e-89	331	BOR_v1
AL7G30780	scaffold_7_RagTag:0-26551907	82.466	365	55	5	291	647	8668306	8668669	5.04e-83	311	BOR_v1
AL7G30780	scaffold_7_RagTag:0-26551907	87.843	255	31	0	721	975	8916770	8916516	1.09e-79	300	BOR_v1
AL7G30780	scaffold_7_RagTag:0-26551907	79.447	253	37	8	729	968	8668787	8669037	4.16e-39	165	BOR_v1
AL7G30780	scaffold_1_RagTag:0-28294041	82.19	758	84	22	240	958	26424046	26424791	2.07e-171	604	BOR_v1
AL7G31470	scaffold_7_RagTag:0-26551907	98.072	1245	13	3	1	1235	8899319	8900562	0	2156	BOR_v1
AL7G31470	scaffold_7_RagTag:0-26551907	86.401	1228	141	12	21	1235	8903895	8905109	0	1319	BOR_v1
AL7G31470	scaffold_7_RagTag:0-26551907	77.322	1195	203	41	23	1189	8906548	8907702	0	643	BOR_v1
AL7G31470	scaffold_7_RagTag:0-26551907	76.277	1214	204	61	4	1185	8917360	8918521	6.47e-161	569	BOR_v1
AL7G31470	scaffold_7_RagTag:0-26551907	80.894	738	112	22	473	1185	8669039	8668306	1.81e-156	555	BOR_v1
AL7G31470	scaffold_7_RagTag:0-26551907	74.472	1230	240	59	28	1217	8907995	8909190	3.14e-129	464	BOR_v1
AL7G31470	scaffold_7_RagTag:0-26551907	85.678	398	51	2	823	1217	8597752	8597358	3.21e-114	414	BOR_v1
AL7G31470	scaffold_7_RagTag:0-26551907	85.479	365	46	5	823	1184	8910923	8911283	5.44e-102	374	BOR_v1
AL7G31470	scaffold_7_RagTag:0-26551907	84.921	378	45	8	821	1189	8920803	8921177	1.96e-101	372	BOR_v1
AL7G31470	scaffold_7_RagTag:0-26551907	73.617	705	137	37	35	719	8920047	8920722	1.61e-57	226	BOR_v1
AL7G31470	scaffold_7_RagTag:0-26551907	80.165	242	38	9	480	719	8916528	8916761	2.13e-41	172	BOR_v1
AL7G31470	scaffold_1_RagTag:0-28294041	72.527	728	172	21	19	733	26425258	26424546	4.52e-53	211	BOR_v1
AL7G31480	scaffold_7_RagTag:0-26551907	99.174	1332	6	2	1	1329	8903861	8905190	0	2394	BOR_v1
AL7G31480	scaffold_7_RagTag:0-26551907	86.228	1307	143	17	35	1318	8899339	8900631	0	1382	BOR_v1
AL7G31480	scaffold_7_RagTag:0-26551907	76.544	1198	196	53	33	1196	8917375	8918521	4.17e-163	577	BOR_v1
AL7G31480	scaffold_7_RagTag:0-26551907	75.171	1317	226	80	19	1281	8907970	8909239	4.25e-148	527	BOR_v1
AL7G31480	scaffold_7_RagTag:0-26551907	79.138	719	118	28	556	1265	8915032	8915727	2.62e-130	468	BOR_v1
AL7G31480	scaffold_7_RagTag:0-26551907	83.664	453	56	13	829	1267	8597760	8597312	4.47e-113	411	BOR_v1
AL7G31480	scaffold_7_RagTag:0-26551907	83.024	377	49	11	836	1200	8920804	8921177	4.63e-88	327	BOR_v1
AL7G31480	scaffold_7_RagTag:0-26551907	83.275	287	41	3	7	286	8906511	8906797	6.16e-67	257	BOR_v1
AL7G31480	scaffold_7_RagTag:0-26551907	82.873	181	28	2	875	1055	8901401	8901578	1.79e-37	159	BOR_v1
AL7G31490	scaffold_7_RagTag:0-26551907	98.46	2792	29	3	50	2840	8906486	8909264	0	4905	BOR_v1
AL7G31490	scaffold_7_RagTag:0-26551907	77.266	1280	212	42	38	1278	8899277	8900516	0	678	BOR_v1
AL7G31490	scaffold_7_RagTag:0-26551907	76.917	1187	192	42	1570	2727	8917383	8918516	1.92e-169	599	BOR_v1
AL7G31490	scaffold_7_RagTag:0-26551907	80.813	787	115	17	2017	2799	8914968	8915722	5.38e-165	584	BOR_v1
AL7G31490	scaffold_7_RagTag:0-26551907	80.932	708	110	15	1555	2250	8920025	8920719	1.53e-150	536	BOR_v1
AL7G31490	scaffold_7_RagTag:0-26551907	74.548	1273	242	60	1571	2801	8899346	8900578	7.26e-134	481	BOR_v1
AL7G31490	scaffold_7_RagTag:0-26551907	75.699	1037	202	31	77	1078	8914470	8915491	1.21e-131	473	BOR_v1
AL7G31490	scaffold_7_RagTag:0-26551907	74.729	1199	224	50	1561	2727	8906543	8907694	2.63e-128	462	BOR_v1
AL7G31490	scaffold_7_RagTag:0-26551907	77.705	767	119	26	545	1284	8669038	8668297	4.46e-116	422	BOR_v1
AL7G31490	scaffold_7_RagTag:0-26551907	79.091	660	99	26	2085	2722	8668958	8668316	5.77e-115	418	BOR_v1
AL7G31490	scaffold_7_RagTag:0-26551907	74.928	1037	196	40	77	1074	8917342	8918353	2.08e-114	416	BOR_v1
AL7G31490	scaffold_7_RagTag:0-26551907	79.45	545	97	11	545	1074	8904345	8904889	4.56e-101	372	BOR_v1
AL7G31490	scaffold_7_RagTag:0-26551907	73.679	1022	205	45	107	1081	8907985	8908989	4.62e-91	339	BOR_v1
AL7G31490	scaffold_7_RagTag:0-26551907	82.154	325	46	6	42	361	8903829	8904146	6.15e-70	268	BOR_v1
AL7G31490	scaffold_7_RagTag:0-26551907	79.231	390	64	13	1558	1941	8914501	8914879	4.79e-66	255	BOR_v1
AL7G31490	scaffold_7_RagTag:0-26551907	93.452	168	8	1	38	205	8903445	8903609	2.88e-63	246	BOR_v1
AL7G31490	scaffold_7_RagTag:0-26551907	90.395	177	17	0	1093	1269	8911104	8911280	2.24e-59	233	BOR_v1
AL7G31490	scaffold_7_RagTag:0-26551907	88.827	179	18	2	1101	1278	8597563	8597386	6.28e-55	219	BOR_v1
AL7G31490	scaffold_7_RagTag:0-26551907	87.283	173	22	0	1098	1270	8908979	8909151	8.18e-49	198	BOR_v1
AL7G31490	scaffold_7_RagTag:0-26551907	84.516	155	24	0	923	1077	8901401	8901555	1.8e-35	154	BOR_v1
AL7G31490	scaffold_1_RagTag:0-28294041	81.509	411	57	9	877	1275	26424494	26424091	1.67e-85	320	BOR_v1
AL7G31500	scaffold_7_RagTag:0-26551907	93.406	1289	78	6	1	1286	8910069	8911353	0	1903	BOR_v1
AL7G31500	scaffold_7_RagTag:0-26551907	90.614	1108	97	6	107	1211	8598500	8597397	0	1463	BOR_v1
AL7G31500	scaffold_7_RagTag:0-26551907	81.14	684	109	13	546	1213	8920489	8921168	3.18e-149	531	BOR_v1
AL7G31500	scaffold_7_RagTag:0-26551907	78.198	688	112	23	546	1213	8917846	8918515	2.01e-111	405	BOR_v1
AL7G31500	scaffold_7_RagTag:0-26551907	77.826	690	120	22	546	1213	8914971	8915649	1.21e-108	396	BOR_v1
AL7G31500	scaffold_7_RagTag:0-26551907	93.033	244	17	0	545	788	8599214	8598971	5.71e-97	357	BOR_v1
AL7G31500	scaffold_7_RagTag:0-26551907	83.155	374	47	8	856	1216	8900141	8900511	4.48e-88	327	BOR_v1
AL7G31500	scaffold_7_RagTag:0-26551907	83.286	353	53	2	862	1208	8668669	8668317	7.49e-86	320	BOR_v1
AL7G31500	scaffold_7_RagTag:0-26551907	83.198	369	43	8	862	1213	8907327	8907693	7.49e-86	320	BOR_v1
AL7G31500	scaffold_7_RagTag:0-26551907	82.21	371	60	6	848	1216	8904692	8905058	3.49e-84	315	BOR_v1
AL7G31500	scaffold_7_RagTag:0-26551907	85.49	255	37	0	534	788	8916516	8916770	9.9e-70	267	BOR_v1
AL7G31500	scaffold_7_RagTag:0-26551907	82.178	202	32	3	894	1095	8901401	8901598	7.99e-41	171	BOR_v1
AL7G31500	scaffold_7_RagTag:0-26551907	81.325	166	27	3	603	764	8919555	8919720	3.77e-29	132	BOR_v1
AL7G31500	scaffold_7_RagTag:0-26551907	76.923	247	44	6	546	780	8669032	8668787	4.88e-28	128	BOR_v1
AL7G31500	scaffold_1_RagTag:0-28294041	82.26	699	81	20	551	1211	26424791	26424098	3.14e-159	564	BOR_v1
AL7G31510	scaffold_7_RagTag:0-26551907	91.644	730	48	4	66	793	8917905	8918623	0	998	BOR_v1
AL7G31510	scaffold_7_RagTag:0-26551907	93.871	620	38	0	66	685	8915030	8915649	0	935	BOR_v1
AL7G31510	scaffold_7_RagTag:0-26551907	81.845	672	86	21	71	708	8668958	8668289	5.39e-150	532	BOR_v1
AL7G31510	scaffold_7_RagTag:0-26551907	80.12	664	96	20	53	685	8908492	8909150	7.18e-129	462	BOR_v1
AL7G31510	scaffold_7_RagTag:0-26551907	80.125	639	103	19	68	685	8904419	8905054	1.2e-126	455	BOR_v1
AL7G31510	scaffold_7_RagTag:0-26551907	79.426	627	103	16	64	683	8598004	8597397	4.38e-116	420	BOR_v1
AL7G31510	scaffold_7_RagTag:0-26551907	79.398	631	100	19	64	685	8910671	8911280	1.58e-115	418	BOR_v1
AL7G31510	scaffold_7_RagTag:0-26551907	78.98	647	102	19	68	685	8899866	8900507	2.64e-113	411	BOR_v1
AL7G31510	scaffold_7_RagTag:0-26551907	84.559	408	45	9	345	738	8920816	8921219	1.24e-106	388	BOR_v1
AL7G31510	scaffold_7_RagTag:0-26551907	86.458	192	26	0	372	563	8901401	8901592	2.87e-53	211	BOR_v1
AL7G31510	scaffold_7_RagTag:0-26551907	100	73	0	0	1	73	23718853	23718781	1.78e-30	135	BOR_v1
AL7G31510	scaffold_7_RagTag:0-26551907	100	70	0	0	1	70	14237037	14236968	8.27e-29	130	BOR_v1
AL7G31510	scaffold_7_RagTag:0-26551907	100	68	0	0	1	68	6962077	6962144	1.07e-27	126	BOR_v1
AL7G31510	scaffold_7_RagTag:0-26551907	100	68	0	0	1	68	10905347	10905414	1.07e-27	126	BOR_v1
AL7G31510	scaffold_7_RagTag:0-26551907	98.551	69	1	0	1	69	3599869	3599801	1.38e-26	122	BOR_v1
AL7G31510	scaffold_7_RagTag:0-26551907	98.551	69	1	0	1	69	4647341	4647273	1.38e-26	122	BOR_v1
AL7G31510	scaffold_7_RagTag:0-26551907	98.551	69	1	0	1	69	6582553	6582485	1.38e-26	122	BOR_v1
AL7G31510	scaffold_7_RagTag:0-26551907	100	66	0	0	1	66	24462631	24462696	1.38e-26	122	BOR_v1
AL7G31510	scaffold_7_RagTag:0-26551907	94.805	77	4	0	1	77	3210721	3210797	4.98e-26	121	BOR_v1
AL7G31510	scaffold_7_RagTag:0-26551907	98.529	68	1	0	1	68	4839837	4839770	4.98e-26	121	BOR_v1
AL7G31510	scaffold_7_RagTag:0-26551907	100	64	0	0	1	64	7381295	7381232	1.79e-25	119	BOR_v1
AL7G31510	scaffold_7_RagTag:0-26551907	98.485	66	1	0	1	66	566226	566291	6.44e-25	117	BOR_v1
AL7G31510	scaffold_7_RagTag:0-26551907	98.485	66	1	0	1	66	15751010	15750945	6.44e-25	117	BOR_v1
AL7G31510	scaffold_7_RagTag:0-26551907	100	62	0	0	1	62	7496595	7496656	2.32e-24	115	BOR_v1
AL7G31510	scaffold_7_RagTag:0-26551907	97.015	67	2	0	1	67	26019783	26019717	8.33e-24	113	BOR_v1
AL7G31510	scaffold_7_RagTag:0-26551907	95.652	69	3	0	1	69	24554107	24554039	3e-23	111	BOR_v1
AL7G31510	scaffold_7_RagTag:0-26551907	94.203	69	4	0	1	69	24552950	24552882	1.39e-21	106	BOR_v1
AL7G31510	scaffold_7_RagTag:0-26551907	100	44	0	0	24	67	10148274	10148317	2.35e-14	82.4	BOR_v1
AL7G31510	scaffold_4_RagTag:18000-22695972	100	70	0	0	1	70	6457409	6457340	8.27e-29	130	BOR_v1
AL7G31510	scaffold_4_RagTag:18000-22695972	100	69	0	0	1	69	1144990	1145058	2.97e-28	128	BOR_v1
AL7G31510	scaffold_4_RagTag:18000-22695972	100	67	0	0	1	67	14008375	14008309	3.85e-27	124	BOR_v1
AL7G31510	scaffold_4_RagTag:18000-22695972	100	66	0	0	1	66	13990601	13990666	1.38e-26	122	BOR_v1
AL7G31510	scaffold_4_RagTag:18000-22695972	98.529	68	1	0	1	68	16855353	16855420	4.98e-26	121	BOR_v1
AL7G31510	scaffold_4_RagTag:18000-22695972	95.455	66	3	0	1	66	1095041	1094976	1.39e-21	106	BOR_v1
AL7G31510	scaffold_4_RagTag:18000-22695972	94.545	55	3	0	13	67	10607448	10607394	1.82e-15	86.1	BOR_v1
AL7G31510	scaffold_4_RagTag:18000-22695972	100	45	0	0	17	61	21789841	21789797	6.53e-15	84.2	BOR_v1
AL7G31510	scaffold_6_RagTag:0-24760478	100	69	0	0	1	69	19942253	19942185	2.97e-28	128	BOR_v1
AL7G31510	scaffold_6_RagTag:0-24760478	100	68	0	0	1	68	10781548	10781481	1.07e-27	126	BOR_v1
AL7G31510	scaffold_6_RagTag:0-24760478	98.571	70	1	0	1	70	2878776	2878707	3.85e-27	124	BOR_v1
AL7G31510	scaffold_6_RagTag:0-24760478	100	67	0	0	1	67	23032460	23032394	3.85e-27	124	BOR_v1
AL7G31510	scaffold_6_RagTag:0-24760478	100	66	0	0	1	66	1247576	1247511	1.38e-26	122	BOR_v1
AL7G31510	scaffold_6_RagTag:0-24760478	98.529	68	1	0	1	68	8934871	8934804	4.98e-26	121	BOR_v1
AL7G31510	scaffold_6_RagTag:0-24760478	97.143	70	1	1	1	69	12889143	12889074	6.44e-25	117	BOR_v1
AL7G31510	scaffold_6_RagTag:0-24760478	95.455	66	3	0	1	66	10974247	10974312	1.39e-21	106	BOR_v1
AL7G31510	scaffold_6_RagTag:0-24760478	95.455	66	3	0	1	66	20995998	20996063	1.39e-21	106	BOR_v1
AL7G31510	scaffold_6_RagTag:0-24760478	94.118	68	4	0	1	68	9582512	9582579	5.01e-21	104	BOR_v1
AL7G31510	scaffold_6_RagTag:0-24760478	98.148	54	1	0	13	66	22328877	22328930	3.02e-18	95.3	BOR_v1
AL7G31510	scaffold_6_RagTag:0-24760478	100	45	0	0	25	69	19256411	19256367	6.53e-15	84.2	BOR_v1
AL7G31510	scaffold_5_RagTag:0-21731985	98.611	72	1	0	1	72	20071942	20072013	2.97e-28	128	BOR_v1
AL7G31510	scaffold_5_RagTag:0-21731985	97.297	74	1	1	1	74	6209722	6209794	3.85e-27	124	BOR_v1
AL7G31510	scaffold_5_RagTag:0-21731985	98.551	69	1	0	1	69	4009475	4009543	1.38e-26	122	BOR_v1
AL7G31510	scaffold_5_RagTag:0-21731985	100	66	0	0	1	66	4335516	4335581	1.38e-26	122	BOR_v1
AL7G31510	scaffold_5_RagTag:0-21731985	98.551	69	1	0	1	69	10270792	10270860	1.38e-26	122	BOR_v1
AL7G31510	scaffold_5_RagTag:0-21731985	100	64	0	0	1	64	16202057	16202120	1.79e-25	119	BOR_v1
AL7G31510	scaffold_5_RagTag:0-21731985	98.485	66	1	0	1	66	14527936	14527871	6.44e-25	117	BOR_v1
AL7G31510	scaffold_5_RagTag:0-21731985	100	61	0	0	2	62	239344	239404	8.33e-24	113	BOR_v1
AL7G31510	scaffold_5_RagTag:0-21731985	95.652	69	3	0	2	70	4342898	4342966	3e-23	111	BOR_v1
AL7G31510	scaffold_5_RagTag:0-21731985	95.455	66	3	0	1	66	6362500	6362435	1.39e-21	106	BOR_v1
AL7G31510	scaffold_5_RagTag:0-21731985	96.825	63	2	0	6	68	19384567	19384505	1.39e-21	106	BOR_v1
AL7G31510	scaffold_5_RagTag:0-21731985	94.34	53	3	0	17	69	4948053	4948001	2.35e-14	82.4	BOR_v1
AL7G31510	scaffold_2_RagTag:0-21425966	100	69	0	0	1	69	11410839	11410907	2.97e-28	128	BOR_v1
AL7G31510	scaffold_2_RagTag:0-21425966	100	68	0	0	1	68	1229817	1229750	1.07e-27	126	BOR_v1
AL7G31510	scaffold_2_RagTag:0-21425966	100	68	0	0	1	68	6256145	6256078	1.07e-27	126	BOR_v1
AL7G31510	scaffold_2_RagTag:0-21425966	97.222	72	2	0	1	72	1723978	1723907	1.38e-26	122	BOR_v1
AL7G31510	scaffold_2_RagTag:0-21425966	100	66	0	0	1	66	6755749	6755684	1.38e-26	122	BOR_v1
AL7G31510	scaffold_2_RagTag:0-21425966	96.053	76	2	1	1	76	12677977	12678051	1.38e-26	122	BOR_v1
AL7G31510	scaffold_2_RagTag:0-21425966	100	66	0	0	1	66	15641083	15641148	1.38e-26	122	BOR_v1
AL7G31510	scaffold_2_RagTag:0-21425966	98.551	69	0	1	1	68	12944409	12944341	4.98e-26	121	BOR_v1
AL7G31510	scaffold_2_RagTag:0-21425966	97.183	71	2	0	1	71	15197569	15197499	4.98e-26	121	BOR_v1
AL7G31510	scaffold_2_RagTag:0-21425966	94.737	76	4	0	1	76	1918231	1918306	1.79e-25	119	BOR_v1
AL7G31510	scaffold_2_RagTag:0-21425966	97.143	70	2	0	1	70	16193751	16193682	1.79e-25	119	BOR_v1
AL7G31510	scaffold_2_RagTag:0-21425966	97.101	69	2	0	1	69	2904828	2904760	6.44e-25	117	BOR_v1
AL7G31510	scaffold_2_RagTag:0-21425966	97.143	70	1	1	1	69	4698688	4698619	6.44e-25	117	BOR_v1
AL7G31510	scaffold_2_RagTag:0-21425966	98.485	66	1	0	1	66	12054559	12054624	6.44e-25	117	BOR_v1
AL7G31510	scaffold_2_RagTag:0-21425966	98.462	65	1	0	2	66	11449540	11449476	2.32e-24	115	BOR_v1
AL7G31510	scaffold_2_RagTag:0-21425966	100	61	0	0	1	61	2767901	2767961	8.33e-24	113	BOR_v1
AL7G31510	scaffold_2_RagTag:0-21425966	96.97	66	2	0	1	66	17565179	17565114	3e-23	111	BOR_v1
AL7G31510	scaffold_2_RagTag:0-21425966	95.455	66	3	0	1	66	6260020	6260085	1.39e-21	106	BOR_v1
AL7G31510	scaffold_2_RagTag:0-21425966	95.455	66	3	0	1	66	6413034	6413099	1.39e-21	106	BOR_v1
AL7G31510	scaffold_2_RagTag:0-21425966	95.455	66	3	0	1	66	20878090	20878025	1.39e-21	106	BOR_v1
AL7G31510	scaffold_2_RagTag:0-21425966	95.385	65	3	0	1	65	11544795	11544731	5.01e-21	104	BOR_v1
AL7G31510	scaffold_2_RagTag:0-21425966	90.789	76	6	1	1	76	3940612	3940686	6.48e-20	100	BOR_v1
AL7G31510	scaffold_2_RagTag:0-21425966	92.424	66	5	0	1	66	13985008	13984943	3.02e-18	95.3	BOR_v1
AL7G31510	scaffold_2_RagTag:0-21425966	88.732	71	7	1	5	75	5661519	5661450	1.82e-15	86.1	BOR_v1
AL7G31510	scaffold_1_RagTag:0-28294041	100	69	0	0	1	69	13320922	13320990	2.97e-28	128	BOR_v1
AL7G31510	scaffold_1_RagTag:0-28294041	100	68	0	0	1	68	4193741	4193674	1.07e-27	126	BOR_v1
AL7G31510	scaffold_1_RagTag:0-28294041	98.571	70	1	0	1	70	6272225	6272294	3.85e-27	124	BOR_v1
AL7G31510	scaffold_1_RagTag:0-28294041	98.571	70	1	0	1	70	11770518	11770449	3.85e-27	124	BOR_v1
AL7G31510	scaffold_1_RagTag:0-28294041	100	66	0	0	1	66	7995966	7996031	1.38e-26	122	BOR_v1
AL7G31510	scaffold_1_RagTag:0-28294041	100	66	0	0	1	66	23216322	23216387	1.38e-26	122	BOR_v1
AL7G31510	scaffold_1_RagTag:0-28294041	98.551	69	1	0	1	69	26941923	26941855	1.38e-26	122	BOR_v1
AL7G31510	scaffold_1_RagTag:0-28294041	97.101	69	2	0	1	69	844007	844075	6.44e-25	117	BOR_v1
AL7G31510	scaffold_1_RagTag:0-28294041	98.485	66	1	0	2	67	23400402	23400337	6.44e-25	117	BOR_v1
AL7G31510	scaffold_1_RagTag:0-28294041	97.059	68	2	0	1	68	6972396	6972329	2.32e-24	115	BOR_v1
AL7G31510	scaffold_1_RagTag:0-28294041	95.588	68	3	0	1	68	2025387	2025320	1.08e-22	110	BOR_v1
AL7G31510	scaffold_1_RagTag:0-28294041	100	55	0	0	5	59	7513383	7513329	1.8e-20	102	BOR_v1
AL7G31510	scaffold_1_RagTag:0-28294041	92.754	69	5	0	1	69	4333304	4333236	6.48e-20	100	BOR_v1
AL7G31510	scaffold_1_RagTag:0-28294041	92.754	69	5	0	1	69	9031626	9031558	6.48e-20	100	BOR_v1
AL7G31510	scaffold_1_RagTag:0-28294041	93.939	66	4	0	1	66	21038436	21038371	6.48e-20	100	BOR_v1
AL7G31510	scaffold_1_RagTag:0-28294041	88.71	62	7	0	5	66	13491511	13491450	1.09e-12	76.8	BOR_v1
AL7G31510	scaffold_3_RagTag:0-24937921	100	68	0	0	1	68	7173888	7173821	1.07e-27	126	BOR_v1
AL7G31510	scaffold_3_RagTag:0-24937921	100	67	0	0	1	67	24512013	24512079	3.85e-27	124	BOR_v1
AL7G31510	scaffold_3_RagTag:0-24937921	98.529	68	1	0	1	68	1835374	1835441	4.98e-26	121	BOR_v1
AL7G31510	scaffold_3_RagTag:0-24937921	98.529	68	1	0	1	68	10747470	10747403	4.98e-26	121	BOR_v1
AL7G31510	scaffold_3_RagTag:0-24937921	100	65	0	0	1	65	21244657	21244721	4.98e-26	121	BOR_v1
AL7G31510	scaffold_3_RagTag:0-24937921	98.485	66	1	0	1	66	19443156	19443221	6.44e-25	117	BOR_v1
AL7G31510	scaffold_3_RagTag:0-24937921	97.059	68	2	0	1	68	22647601	22647534	2.32e-24	115	BOR_v1
AL7G31510	scaffold_3_RagTag:0-24937921	95.652	69	3	0	1	69	10208490	10208422	3e-23	111	BOR_v1
AL7G31510	scaffold_3_RagTag:0-24937921	95.455	66	3	0	1	66	20543665	20543730	1.39e-21	106	BOR_v1
AL7G31510	scaffold_3_RagTag:0-24937921	92.647	68	5	0	1	68	14080982	14080915	2.33e-19	99	BOR_v1
AL7G31510	scaffold_8_RagTag:0-21093757	97.26	73	1	1	1	73	428525	428596	1.38e-26	122	BOR_v1
AL7G31510	scaffold_8_RagTag:0-21093757	97.143	70	2	0	1	70	10502638	10502569	1.79e-25	119	BOR_v1
AL7G31510	scaffold_8_RagTag:0-21093757	98.507	67	1	0	2	68	13492491	13492557	1.79e-25	119	BOR_v1
AL7G31510	scaffold_8_RagTag:0-21093757	97.101	69	2	0	1	69	2681510	2681578	6.44e-25	117	BOR_v1
AL7G31510	scaffold_8_RagTag:0-21093757	100	62	0	0	1	62	6058981	6059042	2.32e-24	115	BOR_v1
AL7G31510	scaffold_8_RagTag:0-21093757	98.438	64	1	0	2	65	9973744	9973807	8.33e-24	113	BOR_v1
AL7G31510	scaffold_8_RagTag:0-21093757	97.015	67	2	0	1	67	16040477	16040543	8.33e-24	113	BOR_v1
AL7G31510	scaffold_8_RagTag:0-21093757	92.754	69	5	0	1	69	10299094	10299026	6.48e-20	100	BOR_v1
AL7G31520	scaffold_7_RagTag:0-26551907	96.824	1291	20	5	1007	2282	8919963	8921247	0	2137	BOR_v1
AL7G31520	scaffold_7_RagTag:0-26551907	93.275	922	30	11	123	1015	8918938	8919856	0	1330	BOR_v1
AL7G31520	scaffold_7_RagTag:0-26551907	82.19	685	105	10	1532	2212	8598057	8597386	9.33e-162	573	BOR_v1
AL7G31520	scaffold_7_RagTag:0-26551907	81.314	685	111	8	1523	2203	8910609	8911280	9.46e-152	540	BOR_v1
AL7G31520	scaffold_7_RagTag:0-26551907	81.703	552	81	6	1298	1834	8916295	8916841	2.74e-122	442	BOR_v1
AL7G31520	scaffold_7_RagTag:0-26551907	84.031	382	47	10	1841	2212	8900139	8900516	3.68e-96	355	BOR_v1
AL7G31520	scaffold_7_RagTag:0-26551907	82.464	422	49	14	1846	2258	8918167	8918572	2.21e-93	346	BOR_v1
AL7G31520	scaffold_7_RagTag:0-26551907	82.4	375	48	13	1842	2204	8908783	8909151	8.07e-83	311	BOR_v1
AL7G31520	scaffold_7_RagTag:0-26551907	82.181	376	51	10	1842	2212	8904699	8905063	2.9e-82	309	BOR_v1
AL7G31520	scaffold_7_RagTag:0-26551907	75.171	733	126	37	1061	1756	8917361	8918074	8.13e-78	294	BOR_v1
AL7G31520	scaffold_7_RagTag:0-26551907	84.249	273	38	5	1522	1791	8599219	8598949	8.25e-68	261	BOR_v1
AL7G31520	scaffold_7_RagTag:0-26551907	82.857	245	32	9	1524	1760	8899795	8900037	8.43e-53	211	BOR_v1
AL7G31520	scaffold_7_RagTag:0-26551907	82.377	244	28	9	1523	1753	8669036	8668795	6.56e-49	198	BOR_v1
AL7G31520	scaffold_7_RagTag:0-26551907	82.143	168	26	3	714	880	8910667	8910831	1.12e-31	141	BOR_v1
AL7G31520	scaffold_7_RagTag:0-26551907	84.677	124	5	7	1	124	8918877	8918986	8.79e-23	111	BOR_v1
AL7G31520	scaffold_7_RagTag:0-26551907	86.905	84	7	4	1053	1135	8916192	8916272	1.15e-16	91.6	BOR_v1
AL7G31520	scaffold_7_RagTag:0-26551907	97.917	48	1	0	568	615	8919483	8919530	1.92e-14	84.2	BOR_v1
AL7G31520	scaffold_7_RagTag:0-26551907	92.308	39	3	0	639	677	8919422	8919460	4.18e-06	56.5	BOR_v1
AL7G31520	scaffold_1_RagTag:0-28294041	78.128	1239	180	55	1035	2209	26425302	26424091	0	702	BOR_v1
AL8G44570	scaffold_8_RagTag:0-21093757	96.421	447	11	2	1	445	20704761	20705204	0	732	BOR_v1
AL8G44570	scaffold_8_RagTag:0-21093757	99.242	132	1	0	443	574	20705242	20705373	9.4e-62	239	BOR_v1
AL1G60840	scaffold_1_RagTag	90.7	1129	50	25	700	1794	27569491	27570598	0	1452	F1-14.ragtag.scaffold_chr
AL1G60840	scaffold_7_RagTag	77.649	1123	157	46	701	1783	9854711	9853643	4.54e-169	597	F1-14.ragtag.scaffold_chr
AL1G60840	scaffold_7_RagTag	77.707	942	142	36	862	1794	9308310	9309192	4.7e-144	514	F1-14.ragtag.scaffold_chr
AL1G60840	scaffold_7_RagTag	77.79	932	137	38	862	1783	9629627	9628756	6.08e-143	510	F1-14.ragtag.scaffold_chr
AL1G60840	scaffold_7_RagTag	77.79	932	137	38	862	1783	9841786	9840915	6.08e-143	510	F1-14.ragtag.scaffold_chr
AL1G60840	scaffold_7_RagTag	79.351	678	85	25	700	1370	9654744	9654115	2.27e-117	425	F1-14.ragtag.scaffold_chr
AL1G60840	scaffold_7_RagTag	77.188	697	105	32	1132	1789	9838406	9837725	8.39e-97	357	F1-14.ragtag.scaffold_chr
AL1G60840	scaffold_7_RagTag	76.724	696	108	31	1132	1789	9626397	9625718	3.04e-91	339	F1-14.ragtag.scaffold_chr
AL1G60840	scaffold_7_RagTag	80.645	372	61	6	1419	1783	9654045	9653678	6.72e-73	278	F1-14.ragtag.scaffold_chr
AL1G60840	scaffold_7_RagTag	81.163	361	35	10	701	1061	9837369	9837042	2.43e-67	259	F1-14.ragtag.scaffold_chr
AL1G60840	scaffold_7_RagTag	76.836	531	77	22	863	1370	9846207	9845700	8.75e-67	257	F1-14.ragtag.scaffold_chr
AL1G60840	scaffold_7_RagTag	85.714	238	30	2	1132	1368	9847495	9847261	5.27e-64	248	F1-14.ragtag.scaffold_chr
AL1G60840	scaffold_7_RagTag	85.294	238	31	2	1132	1368	9635293	9635059	2.45e-62	243	F1-14.ragtag.scaffold_chr
AL1G60840	scaffold_7_RagTag	85.169	236	28	7	1137	1370	9651672	9651442	4.1e-60	235	F1-14.ragtag.scaffold_chr
AL1G60840	scaffold_7_RagTag	85.169	236	28	7	1137	1370	9851642	9851412	4.1e-60	235	F1-14.ragtag.scaffold_chr
AL1G60840	scaffold_7_RagTag	82.639	288	23	6	701	988	9625339	9625079	1.91e-58	230	F1-14.ragtag.scaffold_chr
AL1G60840	scaffold_7_RagTag	84.549	233	32	3	1132	1363	9309714	9309943	6.86e-58	228	F1-14.ragtag.scaffold_chr
AL1G60840	scaffold_7_RagTag	81.915	282	21	5	701	982	9616864	9616613	6.91e-53	211	F1-14.ragtag.scaffold_chr
AL1G60840	scaffold_7_RagTag	81.092	238	37	7	1140	1370	9367504	9367740	1.51e-44	183	F1-14.ragtag.scaffold_chr
AL1G60840	scaffold_7_RagTag	79.615	260	47	6	1125	1379	9618171	9617913	5.42e-44	182	F1-14.ragtag.scaffold_chr
AL1G60840	scaffold_7_RagTag	83.889	180	28	1	1125	1303	9825888	9825709	1.17e-40	171	F1-14.ragtag.scaffold_chr
AL1G60840	scaffold_7_RagTag	91.129	124	11	0	700	823	9629753	9629630	4.22e-40	169	F1-14.ragtag.scaffold_chr
AL1G60840	scaffold_7_RagTag	91.129	124	11	0	700	823	9841912	9841789	4.22e-40	169	F1-14.ragtag.scaffold_chr
AL1G60840	scaffold_7_RagTag	90.083	121	12	0	862	982	9832819	9832699	9.13e-37	158	F1-14.ragtag.scaffold_chr
AL1G60840	scaffold_7_RagTag	89.256	121	13	0	862	982	9621131	9621011	4.25e-35	152	F1-14.ragtag.scaffold_chr
AL1G60840	scaffold_7_RagTag	89.286	112	12	0	700	811	9308184	9308295	9.2e-32	141	F1-14.ragtag.scaffold_chr
AL1G60840	scaffold_6_RagTag	85.942	377	23	10	169	533	11569259	11569617	2.32e-102	375	F1-14.ragtag.scaffold_chr
AL1G60840	scaffold_8_RagTag	87.24	337	24	11	169	491	14281259	14280928	1.39e-99	366	F1-14.ragtag.scaffold_chr
AL1G60840	scaffold_5_RagTag	82.209	163	11	9	178	326	6643408	6643250	9.26e-27	124	F1-14.ragtag.scaffold_chr
AL1G60840	scaffold_5_RagTag	81.098	164	12	9	178	326	6633066	6633225	2e-23	113	F1-14.ragtag.scaffold_chr
AL1G60840	scaffold_4_RagTag	80.814	172	10	10	178	326	3676363	3676534	2e-23	113	F1-14.ragtag.scaffold_chr
AL1G60840	scaffold_4_RagTag	80.347	173	10	11	178	326	3733975	3734147	2.59e-22	110	F1-14.ragtag.scaffold_chr
AL6G37030	scaffold_6_RagTag	97.68	431	7	1	2	432	9776254	9776681	0	737	F1-14.ragtag.scaffold_chr
AL7G30780	scaffold_7_RagTag	98.605	1362	19	0	74	1435	9307910	9309271	0	2410	F1-14.ragtag.scaffold_chr
AL7G30780	scaffold_7_RagTag	95.463	1102	49	1	301	1401	9629800	9628699	0	1757	F1-14.ragtag.scaffold_chr
AL7G30780	scaffold_7_RagTag	95.463	1102	49	1	301	1401	9841959	9840858	0	1757	F1-14.ragtag.scaffold_chr
AL7G30780	scaffold_7_RagTag	83.143	700	101	13	291	975	9854770	9854073	5.97e-177	623	F1-14.ragtag.scaffold_chr
AL7G30780	scaffold_7_RagTag	82.759	696	105	11	291	972	9654802	9654108	6.01e-172	606	F1-14.ragtag.scaffold_chr
AL7G30780	scaffold_7_RagTag	78.313	747	128	22	244	966	9846435	9845699	2.98e-125	451	F1-14.ragtag.scaffold_chr
AL7G30780	scaffold_7_RagTag	78.857	700	112	20	291	966	9652128	9651441	6.46e-122	440	F1-14.ragtag.scaffold_chr
AL7G30780	scaffold_7_RagTag	78.857	700	112	20	291	966	9852098	9851411	6.46e-122	440	F1-14.ragtag.scaffold_chr
AL7G30780	scaffold_7_RagTag	77.54	748	132	25	244	966	9634236	9633500	3.02e-115	418	F1-14.ragtag.scaffold_chr
AL7G30780	scaffold_7_RagTag	85.012	407	50	9	259	661	9835592	9835193	8.47e-111	403	F1-14.ragtag.scaffold_chr
AL7G30780	scaffold_7_RagTag	84.135	416	60	3	244	653	9616969	9616554	3.94e-109	398	F1-14.ragtag.scaffold_chr
AL7G30780	scaffold_7_RagTag	84.521	407	52	9	259	661	9623578	9623179	1.83e-107	392	F1-14.ragtag.scaffold_chr
AL7G30780	scaffold_7_RagTag	84.406	404	51	6	259	653	9618667	9618267	8.53e-106	387	F1-14.ragtag.scaffold_chr
AL7G30780	scaffold_7_RagTag	84.158	404	52	6	259	653	9826384	9825984	3.97e-104	381	F1-14.ragtag.scaffold_chr
AL7G30780	scaffold_7_RagTag	93.902	246	15	0	721	966	9309706	9309951	2.39e-101	372	F1-14.ragtag.scaffold_chr
AL7G30780	scaffold_7_RagTag	85.286	367	44	5	291	647	9625398	9625032	8.59e-101	370	F1-14.ragtag.scaffold_chr
AL7G30780	scaffold_7_RagTag	82.679	433	57	10	244	661	9838933	9838504	3.09e-100	368	F1-14.ragtag.scaffold_chr
AL7G30780	scaffold_7_RagTag	82.448	433	58	10	244	661	9626924	9626495	1.44e-98	363	F1-14.ragtag.scaffold_chr
AL7G30780	scaffold_7_RagTag	83.378	373	46	5	291	647	9837428	9837056	4.05e-89	331	F1-14.ragtag.scaffold_chr
AL7G30780	scaffold_7_RagTag	82.74	365	53	6	291	647	9367003	9367365	1.14e-84	316	F1-14.ragtag.scaffold_chr
AL7G30780	scaffold_7_RagTag	87.843	255	31	0	721	975	9847503	9847249	1.14e-79	300	F1-14.ragtag.scaffold_chr
AL7G30780	scaffold_7_RagTag	87.451	255	32	0	721	975	9635301	9635047	5.32e-78	294	F1-14.ragtag.scaffold_chr
AL7G30780	scaffold_7_RagTag	82.627	236	36	5	735	968	9838400	9838168	9.22e-51	204	F1-14.ragtag.scaffold_chr
AL7G30780	scaffold_7_RagTag	82.203	236	38	4	735	968	9626391	9626158	1.19e-49	200	F1-14.ragtag.scaffold_chr
AL7G30780	scaffold_7_RagTag	79.2	250	40	6	729	968	9367496	9367743	1.56e-38	163	F1-14.ragtag.scaffold_chr
AL7G30780	scaffold_1_RagTag	81.472	761	87	23	240	958	27569389	27570137	1.7e-162	575	F1-14.ragtag.scaffold_chr
AL7G31470	scaffold_7_RagTag	97.952	1221	18	2	21	1235	9617466	9618685	0	2109	F1-14.ragtag.scaffold_chr
AL7G31470	scaffold_7_RagTag	86.075	1228	145	13	21	1235	9622382	9623596	0	1297	F1-14.ragtag.scaffold_chr
AL7G31470	scaffold_7_RagTag	98.25	743	7	1	499	1235	9825660	9826402	0	1295	F1-14.ragtag.scaffold_chr
AL7G31470	scaffold_7_RagTag	85.676	1124	135	12	125	1235	9834500	9835610	0	1160	F1-14.ragtag.scaffold_chr
AL7G31470	scaffold_7_RagTag	98.211	503	9	0	1	503	9815480	9815982	0	880	F1-14.ragtag.scaffold_chr
AL7G31470	scaffold_7_RagTag	77.628	1189	198	43	23	1189	9624259	9625401	0	660	F1-14.ragtag.scaffold_chr
AL7G31470	scaffold_7_RagTag	77.238	1195	204	41	23	1189	9836277	9837431	0	638	F1-14.ragtag.scaffold_chr
AL7G31470	scaffold_7_RagTag	77.1	1214	203	57	4	1185	9650958	9652128	8.51e-180	632	F1-14.ragtag.scaffold_chr
AL7G31470	scaffold_7_RagTag	77.1	1214	203	57	4	1185	9850928	9852098	8.51e-180	632	F1-14.ragtag.scaffold_chr
AL7G31470	scaffold_7_RagTag	77.202	1215	185	62	37	1185	9368191	9367003	1.42e-177	625	F1-14.ragtag.scaffold_chr
AL7G31470	scaffold_7_RagTag	74.695	1229	238	55	28	1217	9837724	9838918	1.17e-133	479	F1-14.ragtag.scaffold_chr
AL7G31470	scaffold_7_RagTag	74.674	1228	238	57	28	1217	9625717	9626909	4.22e-133	477	F1-14.ragtag.scaffold_chr
AL7G31470	scaffold_7_RagTag	85.427	398	52	2	823	1217	9308489	9308095	1.56e-112	409	F1-14.ragtag.scaffold_chr
AL7G31470	scaffold_7_RagTag	85.676	377	44	8	821	1189	9854399	9854773	2.03e-106	388	F1-14.ragtag.scaffold_chr
AL7G31470	scaffold_7_RagTag	85.479	365	46	5	823	1184	9629448	9629808	5.7e-102	374	F1-14.ragtag.scaffold_chr
AL7G31470	scaffold_7_RagTag	85.479	365	46	5	823	1184	9841607	9841967	5.7e-102	374	F1-14.ragtag.scaffold_chr
AL7G31470	scaffold_7_RagTag	84.921	378	45	8	821	1189	9654431	9654805	2.05e-101	372	F1-14.ragtag.scaffold_chr
AL7G31470	scaffold_7_RagTag	73.617	705	137	37	35	719	9853643	9854318	1.69e-57	226	F1-14.ragtag.scaffold_chr
AL7G31470	scaffold_7_RagTag	73.286	700	145	33	35	719	9653678	9654350	2.82e-55	219	F1-14.ragtag.scaffold_chr
AL7G31470	scaffold_7_RagTag	80.165	242	38	9	480	719	9847261	9847494	2.23e-41	172	F1-14.ragtag.scaffold_chr
AL7G31470	scaffold_7_RagTag	79.752	242	39	9	480	719	9635059	9635292	1.04e-39	167	F1-14.ragtag.scaffold_chr
AL7G31480	scaffold_7_RagTag	99.324	1331	4	2	2	1329	9622349	9623677	0	2403	F1-14.ragtag.scaffold_chr
AL7G31480	scaffold_7_RagTag	99.416	1198	2	2	135	1329	9834496	9835691	0	2169	F1-14.ragtag.scaffold_chr
AL7G31480	scaffold_7_RagTag	85.939	1337	150	21	5	1318	9617433	9618754	0	1393	F1-14.ragtag.scaffold_chr
AL7G31480	scaffold_7_RagTag	85.697	825	92	13	507	1318	9825660	9826471	0	846	F1-14.ragtag.scaffold_chr
AL7G31480	scaffold_7_RagTag	77.295	1198	196	48	33	1196	9650973	9652128	0	636	F1-14.ragtag.scaffold_chr
AL7G31480	scaffold_7_RagTag	77.295	1198	196	48	33	1196	9850943	9852098	0	636	F1-14.ragtag.scaffold_chr
AL7G31480	scaffold_7_RagTag	76.039	1227	229	43	33	1228	9848107	9849299	4.36e-163	577	F1-14.ragtag.scaffold_chr
AL7G31480	scaffold_7_RagTag	75.997	1254	220	56	6	1196	9368238	9367003	5.64e-162	573	F1-14.ragtag.scaffold_chr
AL7G31480	scaffold_7_RagTag	86.983	484	55	5	35	511	9815500	9815982	2.06e-151	538	F1-14.ragtag.scaffold_chr
AL7G31480	scaffold_7_RagTag	75.328	1297	225	74	19	1262	9837699	9838953	2.66e-150	534	F1-14.ragtag.scaffold_chr
AL7G31480	scaffold_7_RagTag	74.922	1288	244	64	19	1262	9625692	9626944	9.64e-145	516	F1-14.ragtag.scaffold_chr
AL7G31480	scaffold_7_RagTag	79.277	719	117	28	556	1265	9845763	9846458	5.89e-132	473	F1-14.ragtag.scaffold_chr
AL7G31480	scaffold_7_RagTag	78.672	708	119	28	556	1254	9633564	9634248	1.66e-122	442	F1-14.ragtag.scaffold_chr
AL7G31480	scaffold_7_RagTag	83.885	453	55	13	829	1267	9308497	9308049	1.01e-114	416	F1-14.ragtag.scaffold_chr
AL7G31480	scaffold_7_RagTag	80.982	489	76	10	814	1286	9616531	9617018	2.21e-101	372	F1-14.ragtag.scaffold_chr
AL7G31480	scaffold_7_RagTag	83.594	384	47	12	829	1200	9854394	9854773	1.34e-93	346	F1-14.ragtag.scaffold_chr
AL7G31480	scaffold_7_RagTag	83.024	377	49	11	836	1200	9654432	9654805	4.85e-88	327	F1-14.ragtag.scaffold_chr
AL7G31480	scaffold_7_RagTag	75.565	708	131	23	33	716	9635923	9636612	4.88e-83	311	F1-14.ragtag.scaffold_chr
AL7G31480	scaffold_7_RagTag	82.873	181	28	2	875	1055	9832678	9832855	1.87e-37	159	F1-14.ragtag.scaffold_chr
AL7G31480	scaffold_7_RagTag	82.32	181	29	2	875	1055	9620990	9621167	8.71e-36	154	F1-14.ragtag.scaffold_chr
AL7G31480	scaffold_7_RagTag	79.31	232	36	10	488	716	9309948	9309726	3.13e-35	152	F1-14.ragtag.scaffold_chr
AL7G31490	scaffold_7_RagTag	98.272	2836	36	2	1	2836	9836166	9838988	0	4953	F1-14.ragtag.scaffold_chr
AL7G31490	scaffold_7_RagTag	96.362	2859	54	9	1	2836	9624148	9626979	0	4658	F1-14.ragtag.scaffold_chr
AL7G31490	scaffold_7_RagTag	76.965	1285	209	44	42	1278	9617394	9618639	0	652	F1-14.ragtag.scaffold_chr
AL7G31490	scaffold_7_RagTag	76.166	1351	242	49	1485	2803	9848034	9849336	0	638	F1-14.ragtag.scaffold_chr
AL7G31490	scaffold_7_RagTag	80.94	787	114	17	2017	2799	9845699	9846453	1.21e-166	590	F1-14.ragtag.scaffold_chr
AL7G31490	scaffold_7_RagTag	80.932	708	110	15	1555	2250	9853621	9854315	1.6e-150	536	F1-14.ragtag.scaffold_chr
AL7G31490	scaffold_7_RagTag	80.851	705	113	13	1555	2250	9653656	9654347	5.75e-150	534	F1-14.ragtag.scaffold_chr
AL7G31490	scaffold_7_RagTag	76.085	1037	193	35	77	1074	9650940	9651960	1.26e-136	490	F1-14.ragtag.scaffold_chr
AL7G31490	scaffold_7_RagTag	79.64	722	115	16	567	1278	9825657	9826356	1.26e-136	490	F1-14.ragtag.scaffold_chr
AL7G31490	scaffold_7_RagTag	76.085	1037	193	35	77	1074	9850910	9851930	1.26e-136	490	F1-14.ragtag.scaffold_chr
AL7G31490	scaffold_7_RagTag	75.796	1037	201	31	77	1078	9845201	9846222	2.73e-133	479	F1-14.ragtag.scaffold_chr
AL7G31490	scaffold_7_RagTag	74.31	1269	249	56	1571	2801	9617472	9618701	2.13e-129	466	F1-14.ragtag.scaffold_chr
AL7G31490	scaffold_7_RagTag	74.707	1194	221	54	1561	2727	9624254	9625393	1.28e-126	457	F1-14.ragtag.scaffold_chr
AL7G31490	scaffold_7_RagTag	74.477	1195	234	47	1561	2727	9836272	9837423	5.96e-125	451	F1-14.ragtag.scaffold_chr
AL7G31490	scaffold_7_RagTag	75.123	1013	202	31	77	1054	9633002	9633999	2.79e-118	429	F1-14.ragtag.scaffold_chr
AL7G31490	scaffold_7_RagTag	75.331	981	197	30	109	1054	9848107	9849077	2.79e-118	429	F1-14.ragtag.scaffold_chr
AL7G31490	scaffold_7_RagTag	77.717	736	120	29	2083	2801	9825710	9826418	1.01e-112	411	F1-14.ragtag.scaffold_chr
AL7G31490	scaffold_7_RagTag	79.817	545	95	11	545	1074	9622832	9623376	2.2e-104	383	F1-14.ragtag.scaffold_chr
AL7G31490	scaffold_7_RagTag	79.633	545	96	11	545	1074	9834846	9835390	1.03e-102	377	F1-14.ragtag.scaffold_chr
AL7G31490	scaffold_7_RagTag	74.067	1018	205	41	107	1081	9625707	9626708	2.87e-98	363	F1-14.ragtag.scaffold_chr
AL7G31490	scaffold_7_RagTag	83.541	401	45	8	869	1269	9616538	9616917	4.8e-96	355	F1-14.ragtag.scaffold_chr
AL7G31490	scaffold_7_RagTag	73.875	1022	202	46	107	1081	9837714	9838717	8.04e-94	348	F1-14.ragtag.scaffold_chr
AL7G31490	scaffold_7_RagTag	82.921	404	48	10	2329	2722	9367405	9367013	1.04e-92	344	F1-14.ragtag.scaffold_chr
AL7G31490	scaffold_7_RagTag	82.126	414	52	8	871	1284	9367385	9366994	6.26e-90	335	F1-14.ragtag.scaffold_chr
AL7G31490	scaffold_7_RagTag	75.356	702	134	24	109	778	9635923	9636617	6.35e-80	302	F1-14.ragtag.scaffold_chr
AL7G31490	scaffold_7_RagTag	82.154	325	46	6	42	361	9622316	9622633	6.44e-70	268	F1-14.ragtag.scaffold_chr
AL7G31490	scaffold_7_RagTag	79.231	390	64	13	1558	1941	9633033	9633411	5.01e-66	255	F1-14.ragtag.scaffold_chr
AL7G31490	scaffold_7_RagTag	79.231	390	64	13	1558	1941	9845232	9845610	5.01e-66	255	F1-14.ragtag.scaffold_chr
AL7G31490	scaffold_7_RagTag	93.452	168	8	1	38	205	9621934	9622098	3.02e-63	246	F1-14.ragtag.scaffold_chr
AL7G31490	scaffold_7_RagTag	93.452	168	8	1	38	205	9834065	9834229	3.02e-63	246	F1-14.ragtag.scaffold_chr
AL7G31490	scaffold_7_RagTag	90.395	177	17	0	1093	1269	9629629	9629805	2.35e-59	233	F1-14.ragtag.scaffold_chr
AL7G31490	scaffold_7_RagTag	90.395	177	17	0	1093	1269	9841788	9841964	2.35e-59	233	F1-14.ragtag.scaffold_chr
AL7G31490	scaffold_7_RagTag	88.827	179	18	2	1101	1278	9308300	9308123	6.58e-55	219	F1-14.ragtag.scaffold_chr
AL7G31490	scaffold_7_RagTag	86.705	173	23	0	1098	1270	9838707	9838879	3.99e-47	193	F1-14.ragtag.scaffold_chr
AL7G31490	scaffold_7_RagTag	86.905	168	22	0	1098	1265	9626698	9626865	5.16e-46	189	F1-14.ragtag.scaffold_chr
AL7G31490	scaffold_7_RagTag	92.623	122	9	0	240	361	9834526	9834647	4.01e-42	176	F1-14.ragtag.scaffold_chr
AL7G31490	scaffold_7_RagTag	84.516	155	24	0	923	1077	9832678	9832832	1.88e-35	154	F1-14.ragtag.scaffold_chr
AL7G31490	scaffold_7_RagTag	83.871	155	25	0	923	1077	9620990	9621144	8.75e-34	148	F1-14.ragtag.scaffold_chr
AL7G31490	scaffold_1_RagTag	84.57	337	42	5	942	1275	27569763	27569434	3.77e-87	326	F1-14.ragtag.scaffold_chr
AL7G31490	scaffold_1_RagTag	77.696	408	58	14	2352	2729	27569840	27569436	6.58e-55	219	F1-14.ragtag.scaffold_chr
AL7G31500	scaffold_7_RagTag	92.868	1290	84	7	1	1286	9628593	9629878	0	1866	F1-14.ragtag.scaffold_chr
AL7G31500	scaffold_7_RagTag	92.664	1295	83	7	1	1286	9840746	9842037	0	1855	F1-14.ragtag.scaffold_chr
AL7G31500	scaffold_7_RagTag	90.884	1108	94	6	107	1211	9309237	9308134	0	1480	F1-14.ragtag.scaffold_chr
AL7G31500	scaffold_7_RagTag	81.439	695	111	12	534	1213	9854073	9854764	7.11e-156	553	F1-14.ragtag.scaffold_chr
AL7G31500	scaffold_7_RagTag	81.331	691	113	10	537	1213	9654108	9654796	3.31e-154	547	F1-14.ragtag.scaffold_chr
AL7G31500	scaffold_7_RagTag	78.53	694	108	24	546	1213	9651444	9652122	2.7e-115	418	F1-14.ragtag.scaffold_chr
AL7G31500	scaffold_7_RagTag	78.53	694	108	24	546	1213	9851414	9852092	2.7e-115	418	F1-14.ragtag.scaffold_chr
AL7G31500	scaffold_7_RagTag	77.971	690	119	22	546	1213	9845702	9846380	2.72e-110	401	F1-14.ragtag.scaffold_chr
AL7G31500	scaffold_7_RagTag	85.124	363	41	8	862	1213	9625032	9625392	1.66e-97	359	F1-14.ragtag.scaffold_chr
AL7G31500	scaffold_7_RagTag	91.837	245	20	0	544	788	9309950	9309706	1.67e-92	342	F1-14.ragtag.scaffold_chr
AL7G31500	scaffold_7_RagTag	83.469	369	51	8	856	1216	9616554	9616920	2.8e-90	335	F1-14.ragtag.scaffold_chr
AL7G31500	scaffold_7_RagTag	83.198	369	43	8	862	1213	9837056	9837422	7.85e-86	320	F1-14.ragtag.scaffold_chr
AL7G31500	scaffold_7_RagTag	83.003	353	53	5	862	1208	9367365	9367014	1.31e-83	313	F1-14.ragtag.scaffold_chr
AL7G31500	scaffold_7_RagTag	85.49	255	37	0	534	788	9847249	9847503	1.04e-69	267	F1-14.ragtag.scaffold_chr
AL7G31500	scaffold_7_RagTag	85.098	255	38	0	534	788	9635047	9635301	4.82e-68	261	F1-14.ragtag.scaffold_chr
AL7G31500	scaffold_7_RagTag	82.684	231	35	5	546	774	9838173	9838400	1.07e-49	200	F1-14.ragtag.scaffold_chr
AL7G31500	scaffold_7_RagTag	80.952	231	40	4	546	774	9626163	9626391	1.39e-43	180	F1-14.ragtag.scaffold_chr
AL7G31500	scaffold_7_RagTag	82.178	202	32	3	894	1095	9832678	9832875	8.36e-41	171	F1-14.ragtag.scaffold_chr
AL7G31500	scaffold_7_RagTag	81.683	202	33	3	894	1095	9620990	9621187	3.89e-39	165	F1-14.ragtag.scaffold_chr
AL7G31500	scaffold_7_RagTag	82.036	167	28	1	600	764	9853150	9853316	6.56e-32	141	F1-14.ragtag.scaffold_chr
AL7G31500	scaffold_1_RagTag	81.598	701	85	19	551	1211	27570137	27569441	5.53e-152	540	F1-14.ragtag.scaffold_chr
AL7G31510	scaffold_7_RagTag	92.877	730	48	3	66	793	9651503	9652230	0	1057	F1-14.ragtag.scaffold_chr
AL7G31510	scaffold_7_RagTag	92.877	730	48	3	66	793	9851473	9852200	0	1057	F1-14.ragtag.scaffold_chr
AL7G31510	scaffold_7_RagTag	94.032	620	37	0	66	685	9845761	9846380	0	941	F1-14.ragtag.scaffold_chr
AL7G31510	scaffold_7_RagTag	92.903	620	44	0	66	685	9633562	9634181	0	902	F1-14.ragtag.scaffold_chr
AL7G31510	scaffold_7_RagTag	88.339	626	67	3	66	685	9848634	9849259	0	747	F1-14.ragtag.scaffold_chr
AL7G31510	scaffold_7_RagTag	91.283	413	36	0	273	685	9646108	9646520	2e-159	564	F1-14.ragtag.scaffold_chr
AL7G31510	scaffold_7_RagTag	80.33	666	90	22	53	685	9838221	9838878	5.81e-130	466	F1-14.ragtag.scaffold_chr
AL7G31510	scaffold_7_RagTag	80.125	639	103	19	68	685	9834920	9835555	1.26e-126	455	F1-14.ragtag.scaffold_chr
AL7G31510	scaffold_7_RagTag	79.969	639	104	19	68	685	9622906	9623541	5.85e-125	449	F1-14.ragtag.scaffold_chr
AL7G31510	scaffold_7_RagTag	79.697	660	98	20	53	681	9626211	9626865	2.72e-123	444	F1-14.ragtag.scaffold_chr
AL7G31510	scaffold_7_RagTag	85	440	50	7	284	708	9367424	9366986	5.89e-120	433	F1-14.ragtag.scaffold_chr
AL7G31510	scaffold_7_RagTag	79.426	627	103	16	64	683	9308741	9308134	4.59e-116	420	F1-14.ragtag.scaffold_chr
AL7G31510	scaffold_7_RagTag	79.398	631	100	19	64	685	9629196	9629805	1.65e-115	418	F1-14.ragtag.scaffold_chr
AL7G31510	scaffold_7_RagTag	79.398	631	100	19	64	685	9841355	9841964	1.65e-115	418	F1-14.ragtag.scaffold_chr
AL7G31510	scaffold_7_RagTag	79.037	644	104	19	68	685	9617992	9618630	7.68e-114	412	F1-14.ragtag.scaffold_chr
AL7G31510	scaffold_7_RagTag	85.194	412	43	9	345	742	9854412	9854819	3.57e-112	407	F1-14.ragtag.scaffold_chr
AL7G31510	scaffold_7_RagTag	78.727	644	106	19	68	685	9825709	9826347	1.66e-110	401	F1-14.ragtag.scaffold_chr
AL7G31510	scaffold_7_RagTag	84.559	408	45	9	345	738	9654444	9654847	1.29e-106	388	F1-14.ragtag.scaffold_chr
AL7G31510	scaffold_7_RagTag	87.568	185	23	0	66	250	9636450	9636634	2.32e-54	215	F1-14.ragtag.scaffold_chr
AL7G31510	scaffold_7_RagTag	86.458	192	26	0	372	563	9832678	9832869	3.01e-53	211	F1-14.ragtag.scaffold_chr
AL7G31510	scaffold_7_RagTag	85.938	192	27	0	372	563	9620990	9621181	1.4e-51	206	F1-14.ragtag.scaffold_chr
AL7G31510	scaffold_7_RagTag	98.63	73	0	1	1	72	9726253	9726181	3.11e-28	128	F1-14.ragtag.scaffold_chr
AL7G31510	scaffold_7_RagTag	100	68	0	0	1	68	10802183	10802116	1.12e-27	126	F1-14.ragtag.scaffold_chr
AL7G31510	scaffold_7_RagTag	100	68	0	0	1	68	27903486	27903553	1.12e-27	126	F1-14.ragtag.scaffold_chr
AL7G31510	scaffold_7_RagTag	98.551	69	1	0	1	69	8750692	8750624	1.45e-26	122	F1-14.ragtag.scaffold_chr
AL7G31510	scaffold_7_RagTag	100	66	0	0	1	66	16483533	16483468	1.45e-26	122	F1-14.ragtag.scaffold_chr
AL7G31510	scaffold_7_RagTag	100	66	0	0	1	66	26716309	26716244	1.45e-26	122	F1-14.ragtag.scaffold_chr
AL7G31510	scaffold_7_RagTag	97.183	71	2	0	2	72	12337121	12337191	5.21e-26	121	F1-14.ragtag.scaffold_chr
AL7G31510	scaffold_7_RagTag	98.529	68	1	0	1	68	16869973	16869906	5.21e-26	121	F1-14.ragtag.scaffold_chr
AL7G31510	scaffold_7_RagTag	97.143	70	2	0	1	70	8183126	8183195	1.87e-25	119	F1-14.ragtag.scaffold_chr
AL7G31510	scaffold_7_RagTag	91.765	85	5	2	1	84	3218701	3218784	6.74e-25	117	F1-14.ragtag.scaffold_chr
AL7G31510	scaffold_7_RagTag	98.485	66	1	0	1	66	14607183	14607248	6.74e-25	117	F1-14.ragtag.scaffold_chr
AL7G31510	scaffold_7_RagTag	95.89	73	2	1	1	73	21641091	21641162	6.74e-25	117	F1-14.ragtag.scaffold_chr
AL7G31510	scaffold_7_RagTag	96.774	62	2	0	1	62	12336214	12336275	5.25e-21	104	F1-14.ragtag.scaffold_chr
AL7G31510	scaffold_5_RagTag	100	71	0	0	1	71	18025302	18025232	2.41e-29	132	F1-14.ragtag.scaffold_chr
AL7G31510	scaffold_5_RagTag	100	69	0	0	1	69	4086690	4086758	3.11e-28	128	F1-14.ragtag.scaffold_chr
AL7G31510	scaffold_5_RagTag	98.592	71	1	0	1	71	10893983	10893913	1.12e-27	126	F1-14.ragtag.scaffold_chr
AL7G31510	scaffold_5_RagTag	98.571	70	1	0	1	70	4625326	4625395	4.03e-27	124	F1-14.ragtag.scaffold_chr
AL7G31510	scaffold_5_RagTag	100	66	0	0	1	66	15352772	15352837	1.45e-26	122	F1-14.ragtag.scaffold_chr
AL7G31510	scaffold_5_RagTag	97.015	67	2	0	1	67	19820258	19820192	8.72e-24	113	F1-14.ragtag.scaffold_chr
AL7G31510	scaffold_5_RagTag	95.455	66	3	0	1	66	6985818	6985753	1.46e-21	106	F1-14.ragtag.scaffold_chr
AL7G31510	scaffold_5_RagTag	96.825	63	2	0	6	68	18137546	18137484	1.46e-21	106	F1-14.ragtag.scaffold_chr
AL7G31510	scaffold_5_RagTag	93.548	62	2	1	11	70	11545657	11545718	4.09e-17	91.6	F1-14.ragtag.scaffold_chr
AL7G31510	scaffold_6_RagTag	100	69	0	0	1	69	3415301	3415233	3.11e-28	128	F1-14.ragtag.scaffold_chr
AL7G31510	scaffold_6_RagTag	100	67	0	0	1	67	21953481	21953415	4.03e-27	124	F1-14.ragtag.scaffold_chr
AL7G31510	scaffold_6_RagTag	98.551	69	1	0	1	69	2732787	2732855	1.45e-26	122	F1-14.ragtag.scaffold_chr
AL7G31510	scaffold_6_RagTag	100	66	0	0	1	66	3936810	3936875	1.45e-26	122	F1-14.ragtag.scaffold_chr
AL7G31510	scaffold_6_RagTag	100	66	0	0	1	66	5382918	5382983	1.45e-26	122	F1-14.ragtag.scaffold_chr
AL7G31510	scaffold_6_RagTag	98.485	66	1	0	1	66	7033940	7034005	6.74e-25	117	F1-14.ragtag.scaffold_chr
AL7G31510	scaffold_6_RagTag	97.059	68	2	0	1	68	19444528	19444461	2.42e-24	115	F1-14.ragtag.scaffold_chr
AL7G31510	scaffold_6_RagTag	97.015	67	2	0	1	67	5627988	5627922	8.72e-24	113	F1-14.ragtag.scaffold_chr
AL7G31510	scaffold_6_RagTag	91.176	68	6	0	1	68	8034339	8034406	1.14e-17	93.5	F1-14.ragtag.scaffold_chr
AL7G31510	scaffold_2_RagTag	98.611	72	1	0	1	72	16063973	16064044	3.11e-28	128	F1-14.ragtag.scaffold_chr
AL7G31510	scaffold_2_RagTag	100	66	0	0	1	66	662412	662477	1.45e-26	122	F1-14.ragtag.scaffold_chr
AL7G31510	scaffold_2_RagTag	97.183	71	2	0	1	71	5720090	5720020	5.21e-26	121	F1-14.ragtag.scaffold_chr
AL7G31510	scaffold_2_RagTag	98.551	69	0	1	1	68	9627021	9627089	5.21e-26	121	F1-14.ragtag.scaffold_chr
AL7G31510	scaffold_2_RagTag	97.101	69	2	0	1	69	2024254	2024186	6.74e-25	117	F1-14.ragtag.scaffold_chr
AL7G31510	scaffold_2_RagTag	98.485	66	1	0	1	66	17616175	17616240	6.74e-25	117	F1-14.ragtag.scaffold_chr
AL7G31510	scaffold_2_RagTag	98.485	66	1	0	1	66	18159126	18159061	6.74e-25	117	F1-14.ragtag.scaffold_chr
AL7G31510	scaffold_2_RagTag	95.775	71	3	0	1	71	18237449	18237379	2.42e-24	115	F1-14.ragtag.scaffold_chr
AL7G31510	scaffold_2_RagTag	95.588	68	3	0	1	68	1225332	1225265	1.13e-22	110	F1-14.ragtag.scaffold_chr
AL7G31510	scaffold_2_RagTag	96.923	65	2	0	1	65	13217549	13217485	1.13e-22	110	F1-14.ragtag.scaffold_chr
AL7G31510	scaffold_2_RagTag	94.366	71	4	0	1	71	19951648	19951578	1.13e-22	110	F1-14.ragtag.scaffold_chr
AL7G31510	scaffold_2_RagTag	98.361	61	1	0	1	61	22820372	22820432	4.06e-22	108	F1-14.ragtag.scaffold_chr
AL7G31510	scaffold_2_RagTag	88.06	67	8	0	2	68	742334	742400	8.84e-14	80.5	F1-14.ragtag.scaffold_chr
AL7G31510	scaffold_8_RagTag	100	67	0	0	1	67	7492016	7492082	4.03e-27	124	F1-14.ragtag.scaffold_chr
AL7G31510	scaffold_8_RagTag	100	66	0	0	1	66	6210653	6210718	1.45e-26	122	F1-14.ragtag.scaffold_chr
AL7G31510	scaffold_8_RagTag	100	66	0	0	1	66	16287452	16287517	1.45e-26	122	F1-14.ragtag.scaffold_chr
AL7G31510	scaffold_8_RagTag	100	66	0	0	1	66	19973057	19972992	1.45e-26	122	F1-14.ragtag.scaffold_chr
AL7G31510	scaffold_8_RagTag	98.529	68	1	0	1	68	6045161	6045228	5.21e-26	121	F1-14.ragtag.scaffold_chr
AL7G31510	scaffold_8_RagTag	95.89	73	2	1	1	73	339452	339523	6.74e-25	117	F1-14.ragtag.scaffold_chr
AL7G31510	scaffold_8_RagTag	97.015	67	2	0	1	67	17295601	17295667	8.72e-24	113	F1-14.ragtag.scaffold_chr
AL7G31510	scaffold_8_RagTag	93.056	72	5	0	1	72	13248415	13248344	1.46e-21	106	F1-14.ragtag.scaffold_chr
AL7G31510	scaffold_4_RagTag	100	67	0	0	1	67	14548869	14548803	4.03e-27	124	F1-14.ragtag.scaffold_chr
AL7G31510	scaffold_4_RagTag	100	66	0	0	1	66	13972848	13972783	1.45e-26	122	F1-14.ragtag.scaffold_chr
AL7G31510	scaffold_4_RagTag	98.529	68	1	0	1	68	21814760	21814693	5.21e-26	121	F1-14.ragtag.scaffold_chr
AL7G31510	scaffold_4_RagTag	97.143	70	2	0	1	70	2552267	2552198	1.87e-25	119	F1-14.ragtag.scaffold_chr
AL7G31510	scaffold_4_RagTag	98.485	66	1	0	1	66	16254630	16254695	6.74e-25	117	F1-14.ragtag.scaffold_chr
AL7G31510	scaffold_4_RagTag	98.438	64	1	0	3	66	12573863	12573926	8.72e-24	113	F1-14.ragtag.scaffold_chr
AL7G31510	scaffold_4_RagTag	94.118	68	4	0	1	68	11844141	11844208	5.25e-21	104	F1-14.ragtag.scaffold_chr
AL7G31510	scaffold_4_RagTag	92.727	55	4	0	13	67	10560664	10560610	8.84e-14	80.5	F1-14.ragtag.scaffold_chr
AL7G31510	scaffold_4_RagTag	92.308	52	4	0	17	68	9948096	9948045	4.11e-12	75	F1-14.ragtag.scaffold_chr
AL7G31510	scaffold_4_RagTag	90.909	55	5	0	13	67	10640350	10640296	4.11e-12	75	F1-14.ragtag.scaffold_chr
AL7G31510	scaffold_4_RagTag	93.617	47	3	0	20	66	10738333	10738379	5.32e-11	71.3	F1-14.ragtag.scaffold_chr
AL7G31510	scaffold_3_RagTag	100	67	0	0	1	67	22742662	22742596	4.03e-27	124	F1-14.ragtag.scaffold_chr
AL7G31510	scaffold_3_RagTag	97.26	73	2	0	1	73	25263112	25263040	4.03e-27	124	F1-14.ragtag.scaffold_chr
AL7G31510	scaffold_3_RagTag	100	66	0	0	1	66	4130897	4130962	1.45e-26	122	F1-14.ragtag.scaffold_chr
AL7G31510	scaffold_3_RagTag	100	66	0	0	1	66	23000849	23000914	1.45e-26	122	F1-14.ragtag.scaffold_chr
AL7G31510	scaffold_3_RagTag	98.485	66	1	0	1	66	5376837	5376902	6.74e-25	117	F1-14.ragtag.scaffold_chr
AL7G31510	scaffold_3_RagTag	97.101	69	2	0	1	69	25266258	25266190	6.74e-25	117	F1-14.ragtag.scaffold_chr
AL7G31510	scaffold_3_RagTag	97.059	68	2	0	1	68	7175223	7175156	2.42e-24	115	F1-14.ragtag.scaffold_chr
AL7G31510	scaffold_3_RagTag	95.714	70	3	0	1	70	15114776	15114707	8.72e-24	113	F1-14.ragtag.scaffold_chr
AL7G31510	scaffold_3_RagTag	94.521	73	3	1	1	73	25659677	25659606	3.14e-23	111	F1-14.ragtag.scaffold_chr
AL7G31510	scaffold_3_RagTag	95.588	68	3	0	1	68	15116002	15115935	1.13e-22	110	F1-14.ragtag.scaffold_chr
AL7G31510	scaffold_3_RagTag	94.118	68	4	0	1	68	10964221	10964154	5.25e-21	104	F1-14.ragtag.scaffold_chr
AL7G31510	scaffold_3_RagTag	95.455	66	2	1	1	66	25267432	25267496	5.25e-21	104	F1-14.ragtag.scaffold_chr
AL7G31510	scaffold_1_RagTag	98.551	69	1	0	1	69	8123114	8123046	1.45e-26	122	F1-14.ragtag.scaffold_chr
AL7G31510	scaffold_1_RagTag	100	66	0	0	1	66	25052685	25052750	1.45e-26	122	F1-14.ragtag.scaffold_chr
AL7G31510	scaffold_1_RagTag	100	65	0	0	2	66	26814052	26813988	5.21e-26	121	F1-14.ragtag.scaffold_chr
AL7G31510	scaffold_1_RagTag	100	65	0	0	2	66	27028026	27027962	5.21e-26	121	F1-14.ragtag.scaffold_chr
AL7G31510	scaffold_1_RagTag	98.485	66	1	0	1	66	7538506	7538571	6.74e-25	117	F1-14.ragtag.scaffold_chr
AL7G31510	scaffold_1_RagTag	98.485	66	1	0	1	66	13510388	13510323	6.74e-25	117	F1-14.ragtag.scaffold_chr
AL7G31510	scaffold_1_RagTag	98.485	66	1	0	1	66	18917202	18917137	6.74e-25	117	F1-14.ragtag.scaffold_chr
AL7G31510	scaffold_1_RagTag	95.775	71	3	0	1	71	8195003	8195073	2.42e-24	115	F1-14.ragtag.scaffold_chr
AL7G31510	scaffold_1_RagTag	94.595	74	4	0	1	74	24149562	24149489	2.42e-24	115	F1-14.ragtag.scaffold_chr
AL7G31510	scaffold_1_RagTag	95.714	70	1	1	1	70	15077900	15077833	3.14e-23	111	F1-14.ragtag.scaffold_chr
AL7G31510	scaffold_1_RagTag	95.455	66	3	0	1	66	16506023	16506088	1.46e-21	106	F1-14.ragtag.scaffold_chr
AL7G31510	scaffold_1_RagTag	95.455	66	3	0	1	66	23856636	23856701	1.46e-21	106	F1-14.ragtag.scaffold_chr
AL7G31510	scaffold_1_RagTag	95.455	66	0	1	6	68	22438878	22438813	1.89e-20	102	F1-14.ragtag.scaffold_chr
AL7G31510	scaffold_1_RagTag	92.593	54	4	0	13	66	11586396	11586343	3.18e-13	78.7	F1-14.ragtag.scaffold_chr
AL7G31510	scaffold_1_RagTag	92.593	54	4	0	13	66	11594780	11594727	3.18e-13	78.7	F1-14.ragtag.scaffold_chr
AL7G31520	scaffold_7_RagTag	97.366	1291	13	5	1007	2282	9853559	9854843	0	2176	F1-14.ragtag.scaffold_chr
AL7G31520	scaffold_7_RagTag	97.127	1288	19	4	1007	2282	9653594	9654875	0	2158	F1-14.ragtag.scaffold_chr
AL7G31520	scaffold_7_RagTag	93.062	908	37	15	124	1015	9652586	9653483	0	1304	F1-14.ragtag.scaffold_chr
AL7G31520	scaffold_7_RagTag	92.982	912	37	16	122	1015	9852550	9853452	0	1304	F1-14.ragtag.scaffold_chr
AL7G31520	scaffold_7_RagTag	81.988	694	108	10	1523	2212	9308803	9308123	9.77e-162	573	F1-14.ragtag.scaffold_chr
AL7G31520	scaffold_7_RagTag	81.022	685	113	8	1523	2203	9629134	9629805	2.14e-148	529	F1-14.ragtag.scaffold_chr
AL7G31520	scaffold_7_RagTag	81.022	685	113	8	1523	2203	9841293	9841964	2.14e-148	529	F1-14.ragtag.scaffold_chr
AL7G31520	scaffold_7_RagTag	79.887	711	102	25	1070	1757	9625701	9626393	1.69e-134	483	F1-14.ragtag.scaffold_chr
AL7G31520	scaffold_7_RagTag	79.804	713	101	26	1070	1757	9837708	9838402	2.19e-133	479	F1-14.ragtag.scaffold_chr
AL7G31520	scaffold_7_RagTag	81.72	558	82	6	1298	1840	9634826	9635378	6.18e-124	448	F1-14.ragtag.scaffold_chr
AL7G31520	scaffold_7_RagTag	81.703	552	81	6	1298	1834	9847028	9847574	2.87e-122	442	F1-14.ragtag.scaffold_chr
AL7G31520	scaffold_7_RagTag	84.169	379	49	8	1841	2212	9618265	9618639	1.07e-96	357	F1-14.ragtag.scaffold_chr
AL7G31520	scaffold_7_RagTag	83.947	380	48	8	1841	2212	9825982	9826356	4.98e-95	351	F1-14.ragtag.scaffold_chr
AL7G31520	scaffold_7_RagTag	82.464	422	49	14	1846	2258	9651774	9652179	2.32e-93	346	F1-14.ragtag.scaffold_chr
AL7G31520	scaffold_7_RagTag	82.464	422	49	14	1846	2258	9851744	9852149	2.32e-93	346	F1-14.ragtag.scaffold_chr
AL7G31520	scaffold_7_RagTag	82.181	376	47	15	1842	2204	9838511	9838879	3.93e-81	305	F1-14.ragtag.scaffold_chr
AL7G31520	scaffold_7_RagTag	81.915	376	52	10	1842	2212	9623186	9623550	1.41e-80	303	F1-14.ragtag.scaffold_chr
AL7G31520	scaffold_7_RagTag	81.915	376	52	10	1842	2212	9835200	9835564	1.41e-80	303	F1-14.ragtag.scaffold_chr
AL7G31520	scaffold_7_RagTag	81.843	369	49	13	1843	2199	9626503	9626865	8.51e-78	294	F1-14.ragtag.scaffold_chr
AL7G31520	scaffold_7_RagTag	74.898	733	128	37	1061	1756	9650959	9651672	1.84e-74	283	F1-14.ragtag.scaffold_chr
AL7G31520	scaffold_7_RagTag	74.898	733	128	37	1061	1756	9850929	9851642	1.84e-74	283	F1-14.ragtag.scaffold_chr
AL7G31520	scaffold_7_RagTag	83.755	277	40	5	1517	1791	9309957	9309684	1.12e-66	257	F1-14.ragtag.scaffold_chr
AL7G31520	scaffold_7_RagTag	82.449	245	33	9	1524	1760	9617921	9618163	4.1e-51	206	F1-14.ragtag.scaffold_chr
AL7G31520	scaffold_7_RagTag	81.818	242	30	9	1523	1753	9367742	9367504	1.15e-46	191	F1-14.ragtag.scaffold_chr
AL7G31520	scaffold_7_RagTag	86.047	172	22	2	1590	1760	9825710	9825880	1.92e-44	183	F1-14.ragtag.scaffold_chr
AL7G31520	scaffold_7_RagTag	83.648	159	22	3	723	880	9308736	9308581	2.52e-33	147	F1-14.ragtag.scaffold_chr
AL7G31520	scaffold_7_RagTag	82.143	168	26	3	714	880	9629192	9629356	1.17e-31	141	F1-14.ragtag.scaffold_chr
AL7G31520	scaffold_7_RagTag	82.143	168	26	3	714	880	9841351	9841515	1.17e-31	141	F1-14.ragtag.scaffold_chr
AL7G31520	scaffold_7_RagTag	86.4	125	7	6	1	124	9652518	9652633	9.14e-28	128	F1-14.ragtag.scaffold_chr
AL7G31520	scaffold_7_RagTag	86.905	84	7	4	1053	1135	9634723	9634803	1.2e-16	91.6	F1-14.ragtag.scaffold_chr
AL7G31520	scaffold_7_RagTag	86.905	84	7	4	1053	1135	9846925	9847005	1.2e-16	91.6	F1-14.ragtag.scaffold_chr
AL7G31520	scaffold_7_RagTag	97.917	48	1	0	568	615	9653116	9653163	2.01e-14	84.2	F1-14.ragtag.scaffold_chr
AL7G31520	scaffold_7_RagTag	97.917	48	1	0	568	615	9853085	9853132	2.01e-14	84.2	F1-14.ragtag.scaffold_chr
AL7G31520	scaffold_7_RagTag	92.308	39	3	0	639	677	9653055	9653093	4.37e-06	56.5	F1-14.ragtag.scaffold_chr
AL7G31520	scaffold_7_RagTag	92.308	39	3	0	639	677	9853024	9853062	4.37e-06	56.5	F1-14.ragtag.scaffold_chr
AL7G31520	scaffold_1_RagTag	77.642	1230	181	56	1044	2209	27570633	27569434	0	662	F1-14.ragtag.scaffold_chr
AL8G44570	scaffold_8_RagTag	96.197	447	15	1	1	445	22109651	22110097	0	730	F1-14.ragtag.scaffold_chr
AL8G44570	scaffold_8_RagTag	99.242	132	1	0	443	574	22110135	22110266	9.84e-62	239	F1-14.ragtag.scaffold_chr
AL1G60840	scaffold_1_RagTag	99.889	1794	2	0	1	1794	28362334	28364127	0	3302	KN003hexa_v0
AL1G60840	scaffold_7_RagTag	78.344	942	136	34	862	1794	8721296	8720414	4.58e-154	547	KN003hexa_v0
AL1G60840	scaffold_7_RagTag	77.813	942	141	37	862	1794	8409984	8410866	9.98e-146	520	KN003hexa_v0
AL1G60840	scaffold_7_RagTag	77.299	696	107	31	1132	1789	8717667	8716985	1.78e-98	363	KN003hexa_v0
AL1G60840	scaffold_7_RagTag	77.452	683	103	29	1133	1783	8726880	8726217	6.4e-98	361	KN003hexa_v0
AL1G60840	scaffold_7_RagTag	82.697	393	41	15	162	534	13450438	13450823	8.4e-87	324	KN003hexa_v0
AL1G60840	scaffold_7_RagTag	82.825	361	41	8	701	1061	8716629	8716290	1.09e-80	303	KN003hexa_v0
AL1G60840	scaffold_7_RagTag	84.979	233	31	3	1132	1363	8411587	8411816	1.46e-59	233	KN003hexa_v0
AL1G60840	scaffold_7_RagTag	83.193	238	29	10	1130	1363	8708315	8708085	8.82e-52	207	KN003hexa_v0
AL1G60840	scaffold_7_RagTag	80.851	282	23	12	701	982	8482165	8482415	2.47e-47	193	KN003hexa_v0
AL1G60840	scaffold_7_RagTag	81.509	265	22	9	718	982	8708716	8708479	2.47e-47	193	KN003hexa_v0
AL1G60840	scaffold_7_RagTag	79.615	260	47	6	1125	1379	8709574	8709316	5.35e-44	182	KN003hexa_v0
AL1G60840	scaffold_7_RagTag	80.508	236	37	8	1140	1370	8518780	8518549	3.22e-41	172	KN003hexa_v0
AL1G60840	scaffold_7_RagTag	90.909	121	11	0	862	982	8712159	8712039	1.94e-38	163	KN003hexa_v0
AL1G60840	scaffold_7_RagTag	90.323	124	12	0	700	823	8721422	8721299	1.94e-38	163	KN003hexa_v0
AL1G60840	scaffold_7_RagTag	82.759	174	29	1	1140	1312	8482591	8482764	1.17e-35	154	KN003hexa_v0
AL1G60840	scaffold_7_RagTag	86.777	121	16	0	862	982	8519076	8518956	4.22e-30	135	KN003hexa_v0
AL1G60840	scaffold_7_RagTag	100	30	0	0	1013	1042	8726975	8726946	3.38e-06	56.5	KN003hexa_v0
AL1G60840	scaffold_4_RagTag	86.957	161	9	8	178	326	4365300	4365460	1.16e-40	171	KN003hexa_v0
AL6G37030	scaffold_6_RagTag	99.769	432	1	0	1	432	11140333	11140764	0	793	KN003hexa_v0
AL7G30780	scaffold_7_RagTag	99.512	1435	7	0	1	1435	8409511	8410945	0	2612	KN003hexa_v0
AL7G30780	scaffold_7_RagTag	91.222	1105	90	6	301	1401	8721469	8720368	0	1496	KN003hexa_v0
AL7G30780	scaffold_7_RagTag	77.406	748	133	25	244	966	8723474	8722738	1.39e-113	412	KN003hexa_v0
AL7G30780	scaffold_7_RagTag	85.258	407	49	9	259	661	8714835	8714436	1.8e-112	409	KN003hexa_v0
AL7G30780	scaffold_7_RagTag	94.309	246	14	0	721	966	8411579	8411824	5.07e-103	377	KN003hexa_v0
AL7G30780	scaffold_7_RagTag	83.333	402	52	6	259	648	8710073	8709675	6.6e-97	357	KN003hexa_v0
AL7G30780	scaffold_7_RagTag	82.74	365	53	5	291	647	8482106	8482468	1.12e-84	316	KN003hexa_v0
AL7G30780	scaffold_7_RagTag	82.173	359	58	5	291	647	8519257	8518903	8.72e-81	303	KN003hexa_v0
AL7G30780	scaffold_7_RagTag	86.122	245	34	0	731	975	8726879	8726635	4.12e-69	265	KN003hexa_v0
AL7G30780	scaffold_7_RagTag	82.927	287	40	3	367	644	8708715	8708429	1.15e-64	250	KN003hexa_v0
AL7G30780	scaffold_7_RagTag	83.404	235	38	1	734	968	8708308	8708075	1.17e-54	217	KN003hexa_v0
AL7G30780	scaffold_7_RagTag	82.661	248	39	3	414	661	8712215	8711972	1.17e-54	217	KN003hexa_v0
AL7G30780	scaffold_7_RagTag	88.043	184	21	1	291	473	8716688	8716505	1.17e-54	217	KN003hexa_v0
AL7G30780	scaffold_7_RagTag	83.516	182	28	2	729	909	8482583	8482763	3.32e-40	169	KN003hexa_v0
AL7G30780	scaffold_7_RagTag	80.172	232	41	3	739	966	8518778	8518548	3.32e-40	169	KN003hexa_v0
AL7G30780	scaffold_7_RagTag	79.821	223	38	5	298	520	8724790	8724575	2.58e-36	156	KN003hexa_v0
AL7G30780	scaffold_7_RagTag	84.615	91	14	0	298	388	8727095	8727005	7.39e-17	91.6	KN003hexa_v0
AL7G30780	scaffold_1_RagTag	77.87	967	143	40	474	1378	28363195	28364152	2.84e-150	534	KN003hexa_v0
AL7G31470	scaffold_7_RagTag	98.473	1244	10	1	1	1235	8708848	8710091	0	2183	KN003hexa_v0
AL7G31470	scaffold_7_RagTag	86.557	1220	141	11	21	1230	8713642	8714848	0	1323	KN003hexa_v0
AL7G31470	scaffold_7_RagTag	78.753	946	166	25	83	1015	8711249	8712172	2.37e-170	601	KN003hexa_v0
AL7G31470	scaffold_7_RagTag	76.413	1132	207	44	83	1185	8518157	8519257	5.2e-157	556	KN003hexa_v0
AL7G31470	scaffold_7_RagTag	81.72	651	97	16	552	1185	8482751	8482106	5.28e-147	523	KN003hexa_v0
AL7G31470	scaffold_7_RagTag	76.786	1008	183	33	23	1018	8715525	8716493	2.46e-145	518	KN003hexa_v0
AL7G31470	scaffold_7_RagTag	85.93	398	50	2	823	1217	8410163	8409769	7.12e-116	420	KN003hexa_v0
AL7G31470	scaffold_7_RagTag	80.311	579	94	14	548	1110	8708142	8708716	7.12e-116	420	KN003hexa_v0
AL7G31470	scaffold_7_RagTag	84.658	365	49	6	823	1184	8721117	8721477	5.66e-97	357	KN003hexa_v0
AL7G31470	scaffold_7_RagTag	73.275	1029	210	51	28	1022	8716984	8717981	9.61e-85	316	KN003hexa_v0
AL7G31470	scaffold_7_RagTag	82.927	246	30	11	477	719	8726644	8726880	4.67e-53	211	KN003hexa_v0
AL7G31470	scaffold_7_RagTag	80.645	217	28	9	968	1180	8724586	8724792	2.22e-36	156	KN003hexa_v0
AL7G31470	scaffold_7_RagTag	93.684	95	4	2	1088	1181	8727005	8727098	6.21e-32	141	KN003hexa_v0
AL7G31470	scaffold_1_RagTag	80.478	251	43	6	478	727	28363703	28363458	7.86e-46	187	KN003hexa_v0
AL7G31480	scaffold_7_RagTag	99.398	1329	5	2	1	1329	8713609	8714934	0	2407	KN003hexa_v0
AL7G31480	scaffold_7_RagTag	85.692	1307	150	17	35	1318	8708868	8710160	0	1343	KN003hexa_v0
AL7G31480	scaffold_7_RagTag	76.301	1211	221	44	21	1196	8518078	8519257	7.15e-166	586	KN003hexa_v0
AL7G31480	scaffold_7_RagTag	78.176	976	167	36	97	1055	8711249	8712195	3.33e-164	580	KN003hexa_v0
AL7G31480	scaffold_7_RagTag	78.333	720	125	26	556	1267	8722802	8723498	7.62e-121	436	KN003hexa_v0
AL7G31480	scaffold_7_RagTag	84.106	453	54	15	829	1267	8410171	8409723	2.13e-116	422	KN003hexa_v0
AL7G31480	scaffold_7_RagTag	83.275	287	41	3	7	286	8715488	8715774	6.37e-67	257	KN003hexa_v0
AL7G31480	scaffold_7_RagTag	75.598	418	74	19	6	407	8483257	8482852	3.94e-44	182	KN003hexa_v0
AL7G31480	scaffold_7_RagTag	79.31	232	36	10	488	716	8411821	8411599	3.09e-35	152	KN003hexa_v0
AL7G31480	scaffold_7_RagTag	78.222	225	39	8	970	1191	8724575	8724792	3.11e-30	135	KN003hexa_v0
AL7G31480	scaffold_7_RagTag	93.478	92	4	2	1102	1192	8727008	8727098	3.11e-30	135	KN003hexa_v0
AL7G31490	scaffold_7_RagTag	99.534	2574	8	1	1	2570	8715410	8717983	0	4684	KN003hexa_v0
AL7G31490	scaffold_7_RagTag	77.351	1276	209	55	1554	2799	8722267	8723492	0	682	KN003hexa_v0
AL7G31490	scaffold_7_RagTag	76.866	1206	210	38	112	1278	8708870	8710045	5.48e-175	617	KN003hexa_v0
AL7G31490	scaffold_7_RagTag	78.801	934	160	19	172	1077	8711249	8712172	9.23e-168	593	KN003hexa_v0
AL7G31490	scaffold_7_RagTag	75.189	1189	230	43	1565	2722	8518093	8519247	5.76e-140	501	KN003hexa_v0
AL7G31490	scaffold_7_RagTag	79.887	706	109	19	1555	2250	8726195	8726877	1.61e-135	486	KN003hexa_v0
AL7G31490	scaffold_7_RagTag	75.451	998	206	21	109	1077	8722273	8723260	2.11e-124	449	KN003hexa_v0
AL7G31490	scaffold_7_RagTag	79.452	657	96	25	2085	2722	8482752	8482116	2.75e-118	429	KN003hexa_v0
AL7G31490	scaffold_7_RagTag	78.092	671	111	23	541	1199	8708070	8708716	3.61e-107	392	KN003hexa_v0
AL7G31490	scaffold_7_RagTag	80	545	94	11	545	1074	8714089	8714633	4.68e-106	388	KN003hexa_v0
AL7G31490	scaffold_7_RagTag	77.632	684	110	22	616	1284	8482752	8482097	3.64e-102	375	KN003hexa_v0
AL7G31490	scaffold_7_RagTag	73.746	1017	213	38	1561	2565	8715520	8716494	2.21e-94	350	KN003hexa_v0
AL7G31490	scaffold_7_RagTag	73.746	1017	213	38	107	1081	8716974	8717978	2.21e-94	350	KN003hexa_v0
AL7G31490	scaffold_7_RagTag	81.846	325	46	10	42	361	8713577	8713893	1.06e-67	261	KN003hexa_v0
AL7G31490	scaffold_7_RagTag	93.452	168	8	1	38	205	8713193	8713357	2.98e-63	246	KN003hexa_v0
AL7G31490	scaffold_7_RagTag	89.474	190	20	0	1095	1284	8519077	8519266	1.39e-61	241	KN003hexa_v0
AL7G31490	scaffold_7_RagTag	100	127	0	0	2563	2689	8718292	8718418	6.45e-60	235	KN003hexa_v0
AL7G31490	scaffold_7_RagTag	89.831	177	18	0	1093	1269	8721298	8721474	1.08e-57	228	KN003hexa_v0
AL7G31490	scaffold_7_RagTag	88.827	179	18	2	1101	1278	8409974	8409797	6.49e-55	219	KN003hexa_v0
AL7G31490	scaffold_7_RagTag	100	114	0	0	2727	2840	8718423	8718536	1.09e-52	211	KN003hexa_v0
AL7G31490	scaffold_1_RagTag	77.203	715	110	30	1555	2254	28364141	28363465	6.09e-100	368	KN003hexa_v0
AL7G31490	scaffold_1_RagTag	86.111	288	31	5	938	1216	28363321	28363034	6.27e-80	302	KN003hexa_v0
AL7G31500	scaffold_7_RagTag	98.834	1286	13	1	1	1286	8720264	8721547	0	2290	KN003hexa_v0
AL7G31500	scaffold_7_RagTag	91.245	1108	90	6	107	1211	8410911	8409808	0	1502	KN003hexa_v0
AL7G31500	scaffold_7_RagTag	77.857	700	95	30	133	778	8726186	8726879	1.26e-103	379	KN003hexa_v0
AL7G31500	scaffold_7_RagTag	77.312	692	120	27	546	1213	8722741	8723419	5.86e-102	374	KN003hexa_v0
AL7G31500	scaffold_7_RagTag	92.245	245	19	0	544	788	8411823	8411579	3.55e-94	348	KN003hexa_v0
AL7G31500	scaffold_7_RagTag	82.656	369	48	9	861	1216	8709675	8710040	1.3e-83	313	KN003hexa_v0
AL7G31500	scaffold_7_RagTag	82.72	353	54	6	862	1208	8482468	8482117	6.03e-82	307	KN003hexa_v0
AL7G31500	scaffold_7_RagTag	81.556	347	61	2	862	1208	8518903	8519246	1.02e-74	283	KN003hexa_v0
AL7G31500	scaffold_7_RagTag	89.831	177	18	0	1037	1213	8716506	8716682	4.83e-58	228	KN003hexa_v0
AL7G31500	scaffold_7_RagTag	80.556	288	47	4	865	1143	8708429	8708716	1.35e-53	213	KN003hexa_v0
AL7G31500	scaffold_7_RagTag	83.117	231	34	5	547	775	8708081	8708308	2.26e-51	206	KN003hexa_v0
AL7G31500	scaffold_7_RagTag	81.048	248	43	3	848	1095	8711972	8712215	4.9e-48	195	KN003hexa_v0
AL7G31500	scaffold_7_RagTag	78.261	230	43	4	546	770	8518551	8518778	6.47e-32	141	KN003hexa_v0
AL7G31500	scaffold_7_RagTag	80.588	170	33	0	611	780	8482752	8482583	3.89e-29	132	KN003hexa_v0
AL7G31500	scaffold_7_RagTag	80.838	167	30	1	600	764	8725839	8726005	1.4e-28	130	KN003hexa_v0
AL7G31500	scaffold_7_RagTag	88.172	93	11	0	1121	1213	8727005	8727097	5.07e-23	111	KN003hexa_v0
AL7G31500	scaffold_1_RagTag	78.683	957	134	33	140	1035	28364142	28363195	5.38e-162	573	KN003hexa_v0
AL7G31500	scaffold_1_RagTag	92.857	112	8	0	1050	1161	28363144	28363033	1.38e-38	163	KN003hexa_v0
AL7G31510	scaffold_7_RagTag	96.452	620	22	0	66	685	8722800	8723419	0	1024	KN003hexa_v0
AL7G31510	scaffold_7_RagTag	81.997	661	94	13	71	708	8518616	8519274	1.2e-151	538	KN003hexa_v0
AL7G31510	scaffold_7_RagTag	95.745	329	13	1	467	795	8724575	8724902	7.21e-149	529	KN003hexa_v0
AL7G31510	scaffold_7_RagTag	81.381	666	94	17	71	708	8482752	8482089	5.61e-145	516	KN003hexa_v0
AL7G31510	scaffold_7_RagTag	82.069	580	71	14	66	615	8708140	8708716	2.06e-129	464	KN003hexa_v0
AL7G31510	scaffold_7_RagTag	80.282	639	102	19	68	685	8714163	8714798	2.67e-128	460	KN003hexa_v0
AL7G31510	scaffold_7_RagTag	79.65	629	98	19	64	683	8410415	8409808	9.73e-118	425	KN003hexa_v0
AL7G31510	scaffold_7_RagTag	81.238	517	74	17	65	563	8711698	8712209	7.63e-109	396	KN003hexa_v0
AL7G31510	scaffold_7_RagTag	78.481	632	104	21	64	685	8720865	8721474	1.65e-105	385	KN003hexa_v0
AL7G31510	scaffold_7_RagTag	78.12	649	104	23	68	685	8709395	8710036	2.76e-103	377	KN003hexa_v0
AL7G31510	scaffold_7_RagTag	81.663	469	57	15	66	509	8717493	8717957	7.74e-99	363	KN003hexa_v0
AL7G31510	scaffold_7_RagTag	91.724	145	10	1	598	742	8727010	8727152	6.42e-50	200	KN003hexa_v0
AL7G31510	scaffold_7_RagTag	100	68	0	0	1	68	12337408	12337475	1.11e-27	126	KN003hexa_v0
AL7G31510	scaffold_7_RagTag	98.592	71	1	0	1	71	14373938	14373868	1.11e-27	126	KN003hexa_v0
AL7G31510	scaffold_7_RagTag	100	67	0	0	1	67	11837047	11837113	3.98e-27	124	KN003hexa_v0
AL7G31510	scaffold_7_RagTag	96.104	77	2	1	1	76	16516384	16516308	3.98e-27	124	KN003hexa_v0
AL7G31510	scaffold_7_RagTag	95.946	74	1	2	1	72	6066465	6066538	1.85e-25	119	KN003hexa_v0
AL7G31510	scaffold_7_RagTag	97.143	70	2	0	1	70	13880529	13880460	1.85e-25	119	KN003hexa_v0
AL7G31510	scaffold_7_RagTag	98.485	66	1	0	1	66	20693891	20693826	6.65e-25	117	KN003hexa_v0
AL7G31510	scaffold_7_RagTag	98.462	65	1	0	1	65	6003696	6003760	2.39e-24	115	KN003hexa_v0
AL7G31510	scaffold_7_RagTag	98.462	65	1	0	5	69	15504765	15504701	2.39e-24	115	KN003hexa_v0
AL7G31510	scaffold_7_RagTag	97.059	68	2	0	1	68	22634009	22634076	2.39e-24	115	KN003hexa_v0
AL7G31510	scaffold_7_RagTag	94.521	73	4	0	1	73	14817097	14817025	8.61e-24	113	KN003hexa_v0
AL7G31510	scaffold_7_RagTag	96.97	66	2	0	1	66	290710	290645	3.1e-23	111	KN003hexa_v0
AL7G31510	scaffold_7_RagTag	95.652	69	3	0	1	69	10727420	10727488	3.1e-23	111	KN003hexa_v0
AL7G31510	scaffold_7_RagTag	95.652	69	3	0	1	69	14242525	14242457	3.1e-23	111	KN003hexa_v0
AL7G31510	scaffold_7_RagTag	93.333	75	4	1	1	74	7376302	7376228	1.11e-22	110	KN003hexa_v0
AL7G31510	scaffold_7_RagTag	95.455	66	3	0	1	66	10134589	10134654	1.44e-21	106	KN003hexa_v0
AL7G31510	scaffold_7_RagTag	91.892	74	5	1	1	73	4576541	4576468	1.86e-20	102	KN003hexa_v0
AL7G31510	scaffold_7_RagTag	93.939	66	4	0	1	66	14164993	14164928	6.7e-20	100	KN003hexa_v0
AL7G31510	scaffold_7_RagTag	100	32	0	0	36	67	15058299	15058268	1.14e-07	60.2	KN003hexa_v0
AL7G31510	scaffold_5_RagTag	100	69	0	0	1	69	19002133	19002201	3.07e-28	128	KN003hexa_v0
AL7G31510	scaffold_5_RagTag	100	66	0	0	1	66	15559890	15559825	1.43e-26	122	KN003hexa_v0
AL7G31510	scaffold_5_RagTag	100	66	0	0	1	66	19717703	19717768	1.43e-26	122	KN003hexa_v0
AL7G31510	scaffold_5_RagTag	100	66	0	0	1	66	20153326	20153391	1.43e-26	122	KN003hexa_v0
AL7G31510	scaffold_5_RagTag	90.426	94	5	4	1	93	2116279	2116189	5.14e-26	121	KN003hexa_v0
AL7G31510	scaffold_5_RagTag	100	63	0	0	1	63	12431039	12431101	6.65e-25	117	KN003hexa_v0
AL7G31510	scaffold_5_RagTag	98.485	66	1	0	1	66	19152609	19152544	6.65e-25	117	KN003hexa_v0
AL7G31510	scaffold_5_RagTag	98.485	66	1	0	1	66	19997170	19997235	6.65e-25	117	KN003hexa_v0
AL7G31510	scaffold_5_RagTag	97.059	68	2	0	1	68	12433952	12434019	2.39e-24	115	KN003hexa_v0
AL7G31510	scaffold_5_RagTag	95.652	69	3	0	1	69	13640094	13640162	3.1e-23	111	KN003hexa_v0
AL7G31510	scaffold_5_RagTag	96.97	66	2	0	1	66	18021570	18021635	3.1e-23	111	KN003hexa_v0
AL7G31510	scaffold_5_RagTag	95.455	66	3	0	1	66	6063950	6063885	1.44e-21	106	KN003hexa_v0
AL7G31510	scaffold_5_RagTag	95.455	66	3	0	1	66	11769758	11769823	1.44e-21	106	KN003hexa_v0
AL7G31510	scaffold_5_RagTag	94.203	69	4	0	1	69	12685766	12685834	1.44e-21	106	KN003hexa_v0
AL7G31510	scaffold_3_RagTag	98.611	72	1	0	1	72	21898680	21898751	3.07e-28	128	KN003hexa_v0
AL7G31510	scaffold_3_RagTag	100	68	0	0	1	68	7313221	7313154	1.11e-27	126	KN003hexa_v0
AL7G31510	scaffold_3_RagTag	96.154	78	2	1	1	77	18321764	18321687	1.11e-27	126	KN003hexa_v0
AL7G31510	scaffold_3_RagTag	100	66	0	0	1	66	4711011	4711076	1.43e-26	122	KN003hexa_v0
AL7G31510	scaffold_3_RagTag	100	65	0	0	1	65	6537568	6537632	5.14e-26	121	KN003hexa_v0
AL7G31510	scaffold_3_RagTag	98.529	68	1	0	1	68	14868272	14868205	5.14e-26	121	KN003hexa_v0
AL7G31510	scaffold_3_RagTag	98.529	68	1	0	1	68	19671948	19671881	5.14e-26	121	KN003hexa_v0
AL7G31510	scaffold_3_RagTag	97.101	69	2	0	1	69	17882522	17882590	6.65e-25	117	KN003hexa_v0
AL7G31510	scaffold_3_RagTag	100	63	0	0	1	63	24502618	24502680	6.65e-25	117	KN003hexa_v0
AL7G31510	scaffold_3_RagTag	97.101	69	2	0	1	69	24742972	24742904	6.65e-25	117	KN003hexa_v0
AL7G31510	scaffold_3_RagTag	95.89	73	2	1	1	73	25098911	25098840	6.65e-25	117	KN003hexa_v0
AL7G31510	scaffold_3_RagTag	97.059	68	2	0	1	68	19222600	19222533	2.39e-24	115	KN003hexa_v0
AL7G31510	scaffold_3_RagTag	97.015	67	2	0	1	67	13598619	13598685	8.61e-24	113	KN003hexa_v0
AL7G31510	scaffold_3_RagTag	94.286	70	4	0	1	70	12944055	12943986	4e-22	108	KN003hexa_v0
AL7G31510	scaffold_3_RagTag	94.118	68	4	0	1	68	855309	855376	5.18e-21	104	KN003hexa_v0
AL7G31510	scaffold_3_RagTag	93.939	66	4	0	1	66	21272312	21272377	6.7e-20	100	KN003hexa_v0
AL7G31510	scaffold_8_RagTag	100	68	0	0	1	68	4812535	4812602	1.11e-27	126	KN003hexa_v0
AL7G31510	scaffold_8_RagTag	100	68	0	0	1	68	20571075	20571008	1.11e-27	126	KN003hexa_v0
AL7G31510	scaffold_8_RagTag	98.551	69	1	0	1	69	14271004	14270936	1.43e-26	122	KN003hexa_v0
AL7G31510	scaffold_8_RagTag	98.529	68	1	0	1	68	16953322	16953255	5.14e-26	121	KN003hexa_v0
AL7G31510	scaffold_8_RagTag	98.507	67	1	0	1	67	11006676	11006610	1.85e-25	119	KN003hexa_v0
AL7G31510	scaffold_8_RagTag	98.507	67	1	0	1	67	16240816	16240882	1.85e-25	119	KN003hexa_v0
AL7G31510	scaffold_8_RagTag	98.485	66	1	0	1	66	17014738	17014673	6.65e-25	117	KN003hexa_v0
AL7G31510	scaffold_8_RagTag	98.485	66	1	0	1	66	19077308	19077373	6.65e-25	117	KN003hexa_v0
AL7G31510	scaffold_8_RagTag	98.485	66	1	0	1	66	20486150	20486215	6.65e-25	117	KN003hexa_v0
AL7G31510	scaffold_8_RagTag	97.059	68	2	0	1	68	11005720	11005653	2.39e-24	115	KN003hexa_v0
AL7G31510	scaffold_8_RagTag	95.714	70	3	0	1	70	14275190	14275121	8.61e-24	113	KN003hexa_v0
AL7G31510	scaffold_8_RagTag	95.588	68	3	0	1	68	11398670	11398737	1.11e-22	110	KN003hexa_v0
AL7G31510	scaffold_8_RagTag	98.387	62	1	0	6	67	13039525	13039464	1.11e-22	110	KN003hexa_v0
AL7G31510	scaffold_8_RagTag	95.588	68	2	1	1	68	3221143	3221077	4e-22	108	KN003hexa_v0
AL7G31510	scaffold_8_RagTag	95.455	66	3	0	1	66	21371307	21371242	1.44e-21	106	KN003hexa_v0
AL7G31510	scaffold_8_RagTag	92.754	69	5	0	1	69	3222488	3222556	6.7e-20	100	KN003hexa_v0
AL7G31510	scaffold_2_RagTag	100	68	0	0	1	68	11152689	11152622	1.11e-27	126	KN003hexa_v0
AL7G31510	scaffold_2_RagTag	100	68	0	0	1	68	11951064	11951131	1.11e-27	126	KN003hexa_v0
AL7G31510	scaffold_2_RagTag	100	66	0	0	1	66	1259586	1259521	1.43e-26	122	KN003hexa_v0
AL7G31510	scaffold_2_RagTag	98.551	69	1	0	1	69	2314995	2314927	1.43e-26	122	KN003hexa_v0
AL7G31510	scaffold_2_RagTag	98.551	69	1	0	1	69	2350539	2350471	1.43e-26	122	KN003hexa_v0
AL7G31510	scaffold_2_RagTag	98.551	69	1	0	1	69	2385768	2385700	1.43e-26	122	KN003hexa_v0
AL7G31510	scaffold_2_RagTag	100	66	0	0	1	66	14047489	14047554	1.43e-26	122	KN003hexa_v0
AL7G31510	scaffold_2_RagTag	97.222	72	2	0	1	72	14249699	14249770	1.43e-26	122	KN003hexa_v0
AL7G31510	scaffold_2_RagTag	100	66	0	0	1	66	22184513	22184578	1.43e-26	122	KN003hexa_v0
AL7G31510	scaffold_2_RagTag	98.529	68	1	0	1	68	872008	872075	5.14e-26	121	KN003hexa_v0
AL7G31510	scaffold_2_RagTag	98.529	68	1	0	1	68	14725466	14725533	5.14e-26	121	KN003hexa_v0
AL7G31510	scaffold_2_RagTag	98.485	66	1	0	1	66	3379211	3379276	6.65e-25	117	KN003hexa_v0
AL7G31510	scaffold_2_RagTag	97.059	68	2	0	1	68	6672474	6672407	2.39e-24	115	KN003hexa_v0
AL7G31510	scaffold_2_RagTag	95.652	69	3	0	1	69	4778655	4778587	3.1e-23	111	KN003hexa_v0
AL7G31510	scaffold_2_RagTag	95.385	65	3	0	5	69	4005894	4005830	5.18e-21	104	KN003hexa_v0
AL7G31510	scaffold_2_RagTag	95.161	62	3	0	1	62	1979863	1979802	2.41e-19	99	KN003hexa_v0
AL7G31510	scaffold_1_RagTag	96.104	77	3	0	1	77	18392771	18392847	1.11e-27	126	KN003hexa_v0
AL7G31510	scaffold_1_RagTag	98.551	69	1	0	1	69	7927851	7927783	1.43e-26	122	KN003hexa_v0
AL7G31510	scaffold_1_RagTag	98.551	69	1	0	1	69	11020850	11020782	1.43e-26	122	KN003hexa_v0
AL7G31510	scaffold_1_RagTag	98.551	69	1	0	1	69	14613880	14613812	1.43e-26	122	KN003hexa_v0
AL7G31510	scaffold_1_RagTag	100	66	0	0	1	66	17498304	17498369	1.43e-26	122	KN003hexa_v0
AL7G31510	scaffold_1_RagTag	100	66	0	0	1	66	23117159	23117224	1.43e-26	122	KN003hexa_v0
AL7G31510	scaffold_1_RagTag	98.529	68	1	0	1	68	1451142	1451209	5.14e-26	121	KN003hexa_v0
AL7G31510	scaffold_1_RagTag	98.529	68	1	0	1	68	8351703	8351636	5.14e-26	121	KN003hexa_v0
AL7G31510	scaffold_1_RagTag	98.529	68	1	0	2	69	9146862	9146929	5.14e-26	121	KN003hexa_v0
AL7G31510	scaffold_1_RagTag	98.529	68	1	0	1	68	13029935	13030002	5.14e-26	121	KN003hexa_v0
AL7G31510	scaffold_1_RagTag	100	65	0	0	1	65	15703138	15703074	5.14e-26	121	KN003hexa_v0
AL7G31510	scaffold_1_RagTag	95.946	74	2	1	1	73	25867708	25867781	1.85e-25	119	KN003hexa_v0
AL7G31510	scaffold_1_RagTag	98.485	66	1	0	1	66	8158233	8158298	6.65e-25	117	KN003hexa_v0
AL7G31510	scaffold_1_RagTag	98.485	66	1	0	1	66	14335581	14335646	6.65e-25	117	KN003hexa_v0
AL7G31510	scaffold_1_RagTag	97.059	68	2	0	1	68	6306496	6306563	2.39e-24	115	KN003hexa_v0
AL7G31510	scaffold_1_RagTag	96.97	66	2	0	1	66	9654714	9654779	3.1e-23	111	KN003hexa_v0
AL7G31510	scaffold_1_RagTag	96.97	66	2	0	1	66	9719262	9719327	3.1e-23	111	KN003hexa_v0
AL7G31510	scaffold_1_RagTag	95.652	69	3	0	1	69	11648347	11648279	3.1e-23	111	KN003hexa_v0
AL7G31510	scaffold_1_RagTag	95.652	69	3	0	1	69	23690423	23690355	3.1e-23	111	KN003hexa_v0
AL7G31510	scaffold_1_RagTag	94.203	69	4	0	1	69	6443924	6443856	1.44e-21	106	KN003hexa_v0
AL7G31510	scaffold_1_RagTag	95.455	66	3	0	1	66	23137291	23137226	1.44e-21	106	KN003hexa_v0
AL7G31510	scaffold_1_RagTag	92.754	69	5	0	6	74	24645195	24645127	6.7e-20	100	KN003hexa_v0
AL7G31510	scaffold_1_RagTag	89.706	68	5	2	1	67	22714928	22714862	1.88e-15	86.1	KN003hexa_v0
AL7G31510	scaffold_6_RagTag	100	67	0	0	1	67	8080718	8080652	3.98e-27	124	KN003hexa_v0
AL7G31510	scaffold_6_RagTag	98.571	70	1	0	1	70	11983201	11983132	3.98e-27	124	KN003hexa_v0
AL7G31510	scaffold_6_RagTag	96.053	76	2	1	1	76	7164264	7164338	1.43e-26	122	KN003hexa_v0
AL7G31510	scaffold_6_RagTag	100	66	0	0	1	66	18864063	18864128	1.43e-26	122	KN003hexa_v0
AL7G31510	scaffold_6_RagTag	100	66	0	0	1	66	20834293	20834228	1.43e-26	122	KN003hexa_v0
AL7G31510	scaffold_6_RagTag	98.551	69	1	0	2	70	24339900	24339968	1.43e-26	122	KN003hexa_v0
AL7G31510	scaffold_6_RagTag	95.652	69	3	0	1	69	8361524	8361456	3.1e-23	111	KN003hexa_v0
AL7G31510	scaffold_6_RagTag	96.97	66	2	0	1	66	18330263	18330328	3.1e-23	111	KN003hexa_v0
AL7G31510	scaffold_6_RagTag	95.652	69	3	0	1	69	19652180	19652248	3.1e-23	111	KN003hexa_v0
AL7G31510	scaffold_6_RagTag	100	60	0	0	5	64	22580692	22580633	3.1e-23	111	KN003hexa_v0
AL7G31510	scaffold_6_RagTag	95.588	68	3	0	1	68	21390913	21390846	1.11e-22	110	KN003hexa_v0
AL7G31510	scaffold_6_RagTag	95.522	67	3	0	1	67	17193123	17193189	4e-22	108	KN003hexa_v0
AL7G31510	scaffold_6_RagTag	95.455	66	3	0	1	66	22777409	22777474	1.44e-21	106	KN003hexa_v0
AL7G31510	scaffold_6_RagTag	94.118	68	4	0	1	68	9469697	9469764	5.18e-21	104	KN003hexa_v0
AL7G31510	scaffold_6_RagTag	95.312	64	3	0	1	64	931307	931370	1.86e-20	102	KN003hexa_v0
AL7G31510	scaffold_6_RagTag	94.03	67	4	0	1	67	17174288	17174354	1.86e-20	102	KN003hexa_v0
AL7G31510	scaffold_6_RagTag	96.296	54	2	0	17	70	22581762	22581709	1.45e-16	89.8	KN003hexa_v0
AL7G31510	scaffold_4_RagTag	98.551	69	1	0	1	69	17241594	17241526	1.43e-26	122	KN003hexa_v0
AL7G31510	scaffold_4_RagTag	98.551	69	1	0	1	69	19178343	19178411	1.43e-26	122	KN003hexa_v0
AL7G31510	scaffold_4_RagTag	98.551	69	1	0	1	69	22490866	22490798	1.43e-26	122	KN003hexa_v0
AL7G31510	scaffold_4_RagTag	97.101	69	2	0	1	69	20157994	20157926	6.65e-25	117	KN003hexa_v0
AL7G31510	scaffold_4_RagTag	97.101	69	2	0	1	69	24255669	24255737	6.65e-25	117	KN003hexa_v0
AL7G31510	scaffold_4_RagTag	97.101	69	2	0	1	69	24292931	24292999	6.65e-25	117	KN003hexa_v0
AL7G31510	scaffold_4_RagTag	98.485	66	1	0	1	66	24375220	24375155	6.65e-25	117	KN003hexa_v0
AL7G31510	scaffold_4_RagTag	97.059	68	2	0	1	68	17315066	17314999	2.39e-24	115	KN003hexa_v0
AL7G31510	scaffold_4_RagTag	97.059	68	2	0	1	68	18706954	18707021	2.39e-24	115	KN003hexa_v0
AL7G31510	scaffold_4_RagTag	97.015	67	2	0	2	68	11581822	11581756	8.61e-24	113	KN003hexa_v0
AL7G31510	scaffold_4_RagTag	96.97	66	2	0	1	66	3862110	3862175	3.1e-23	111	KN003hexa_v0
AL7G31510	scaffold_4_RagTag	96.97	66	2	0	1	66	11955888	11955823	3.1e-23	111	KN003hexa_v0
AL7G31510	scaffold_4_RagTag	95.652	69	3	0	1	69	13647357	13647289	3.1e-23	111	KN003hexa_v0
AL7G31510	scaffold_4_RagTag	95.238	63	3	0	1	63	15664082	15664020	6.7e-20	100	KN003hexa_v0
AL7G31520	scaffold_7_RagTag	98.74	1825	15	2	1	1825	8725129	8726945	0	3236	KN003hexa_v0
AL7G31520	scaffold_7_RagTag	82.133	694	107	11	1523	2212	8410477	8409797	2.07e-163	579	KN003hexa_v0
AL7G31520	scaffold_7_RagTag	80.938	682	111	12	1527	2203	8720807	8721474	3.54e-146	521	KN003hexa_v0
AL7G31520	scaffold_7_RagTag	80.532	714	101	23	1070	1760	8716968	8717666	5.93e-144	514	KN003hexa_v0
AL7G31520	scaffold_7_RagTag	83.551	383	47	10	1841	2212	8709668	8710045	8.23e-93	344	KN003hexa_v0
AL7G31520	scaffold_7_RagTag	82.181	376	51	10	1842	2212	8714443	8714807	3e-82	309	KN003hexa_v0
AL7G31520	scaffold_7_RagTag	98.256	172	3	0	2111	2282	8727005	8727176	5.02e-80	302	KN003hexa_v0
AL7G31520	scaffold_7_RagTag	81.299	385	58	10	1846	2226	8518900	8519274	1.81e-79	300	KN003hexa_v0
AL7G31520	scaffold_7_RagTag	89.655	232	22	2	1524	1755	8708078	8708307	8.4e-78	294	KN003hexa_v0
AL7G31520	scaffold_7_RagTag	74.457	736	142	36	1047	1753	8518062	8518780	3.04e-72	276	KN003hexa_v0
AL7G31520	scaffold_7_RagTag	84.116	277	39	5	1517	1791	8411830	8411557	2.37e-68	263	KN003hexa_v0
AL7G31520	scaffold_7_RagTag	83.737	289	30	9	1973	2258	8724575	8724849	1.1e-66	257	KN003hexa_v0
AL7G31520	scaffold_7_RagTag	82.927	246	30	11	1524	1760	8709324	8709566	8.71e-53	211	KN003hexa_v0
AL7G31520	scaffold_7_RagTag	85.366	164	20	4	1592	1753	8482752	8482591	1.91e-39	167	KN003hexa_v0
AL7G31520	scaffold_7_RagTag	83.648	159	22	3	723	880	8410410	8410255	2.49e-33	147	KN003hexa_v0
AL7G31520	scaffold_7_RagTag	100	48	0	0	568	615	8725774	8725821	4.26e-16	89.8	KN003hexa_v0
AL7G31520	scaffold_7_RagTag	97.436	39	1	0	588	626	8725764	8725802	1.99e-09	67.6	KN003hexa_v0
AL7G31520	scaffold_7_RagTag	100	35	0	0	1852	1886	8726944	8726978	7.17e-09	65.8	KN003hexa_v0
AL7G31520	scaffold_7_RagTag	94.872	39	2	0	639	677	8725713	8725751	9.28e-08	62.1	KN003hexa_v0
AL7G31520	scaffold_7_RagTag	100	32	0	0	1911	1942	8726978	8727009	3.34e-07	60.2	KN003hexa_v0
AL7G31520	scaffold_1_RagTag	78.434	677	88	27	1525	2150	28363703	28363034	3.75e-106	388	KN003hexa_v0
AL7G31520	scaffold_1_RagTag	78.846	416	63	12	1052	1450	28364159	28363752	1.1e-66	257	KN003hexa_v0
AL8G44570	scaffold_8_RagTag	99.652	574	2	0	1	574	21189697	21190270	0	1050	KN003hexa_v0
AL1G60840	scaffold_1_RagTag	99.889	1794	2	0	1	1794	27839196	27840989	0	3302	KN005_v1
AL1G60840	scaffold_7_RagTag	76.951	1115	152	49	703	1794	8673832	8672800	2.71e-151	538	KN005_v1
AL1G60840	scaffold_7_RagTag	77.707	942	142	36	862	1794	8380456	8381338	4.57e-144	514	KN005_v1
AL1G60840	scaffold_7_RagTag	77.475	808	124	37	1013	1783	8678039	8677253	4.74e-119	431	KN005_v1
AL1G60840	scaffold_7_RagTag	77.443	696	106	29	1132	1789	8670330	8669648	3.77e-100	368	KN005_v1
AL1G60840	scaffold_7_RagTag	83.206	393	38	16	162	534	13419547	13419931	3.82e-90	335	KN005_v1
AL1G60840	scaffold_7_RagTag	83.681	288	23	6	701	988	8669360	8669097	1.42e-64	250	KN005_v1
AL1G60840	scaffold_7_RagTag	84.979	233	31	3	1132	1363	8382062	8382291	1.43e-59	233	KN005_v1
AL1G60840	scaffold_7_RagTag	83.193	238	29	10	1130	1363	8649528	8649298	8.69e-52	207	KN005_v1
AL1G60840	scaffold_7_RagTag	80.851	282	23	12	701	982	8443406	8443656	2.43e-47	193	KN005_v1
AL1G60840	scaffold_7_RagTag	80	260	46	6	1125	1379	8650572	8650314	1.13e-45	187	KN005_v1
AL1G60840	scaffold_7_RagTag	80.508	236	37	8	1140	1370	8472979	8472748	3.17e-41	172	KN005_v1
AL1G60840	scaffold_7_RagTag	90.083	121	12	0	862	982	8649812	8649692	8.87e-37	158	KN005_v1
AL1G60840	scaffold_7_RagTag	90.083	121	12	0	862	982	8652306	8652186	8.87e-37	158	KN005_v1
AL1G60840	scaffold_7_RagTag	82.759	174	29	1	1140	1312	8443832	8444005	1.15e-35	154	KN005_v1
AL1G60840	scaffold_7_RagTag	86.777	121	16	0	862	982	8473275	8473155	4.16e-30	135	KN005_v1
AL1G60840	scaffold_6_RagTag	91.557	379	19	9	169	535	8526892	8526515	5.91e-143	510	KN005_v1
AL1G60840	scaffold_8_RagTag	89.516	248	19	5	280	525	12126322	12126564	8.33e-82	307	KN005_v1
AL6G37030	scaffold_6_RagTag	95.824	431	9	1	2	432	10991060	10991481	0	688	KN005_v1
AL7G30780	scaffold_7_RagTag	99.861	1435	2	0	1	1435	8379983	8381417	0	2639	KN005_v1
AL7G30780	scaffold_7_RagTag	87.088	1123	103	23	298	1389	8673878	8672767	0	1232	KN005_v1
AL7G30780	scaffold_7_RagTag	78.292	691	117	22	298	966	8675771	8675092	3.8e-114	414	KN005_v1
AL7G30780	scaffold_7_RagTag	85.258	407	49	9	259	661	8654727	8654328	1.77e-112	409	KN005_v1
AL7G30780	scaffold_7_RagTag	94.309	246	14	0	721	966	8382054	8382299	4.99e-103	377	KN005_v1
AL7G30780	scaffold_7_RagTag	84.324	370	45	5	291	647	8669419	8669050	1.09e-94	350	KN005_v1
AL7G30780	scaffold_7_RagTag	82.74	365	53	5	291	647	8443347	8443709	1.1e-84	316	KN005_v1
AL7G30780	scaffold_7_RagTag	81.616	359	60	5	291	647	8473456	8473102	1.86e-77	292	KN005_v1
AL7G30780	scaffold_7_RagTag	80.488	369	66	3	613	975	8678039	8677671	5.21e-73	278	KN005_v1
AL7G30780	scaffold_7_RagTag	78.886	431	52	8	259	653	8651095	8650668	2.44e-66	255	KN005_v1
AL7G30780	scaffold_7_RagTag	83.404	235	38	1	734	968	8649521	8649288	1.15e-54	217	KN005_v1
AL7G30780	scaffold_7_RagTag	83.516	182	28	2	729	909	8443824	8444004	3.27e-40	169	KN005_v1
AL7G30780	scaffold_7_RagTag	79.741	232	42	3	739	966	8472977	8472747	1.52e-38	163	KN005_v1
AL7G30780	scaffold_7_RagTag	84.615	91	14	0	298	388	8678159	8678069	7.28e-17	91.6	KN005_v1
AL7G30780	scaffold_1_RagTag	77.87	967	143	40	474	1378	27840057	27841014	2.8e-150	534	KN005_v1
AL7G31470	scaffold_7_RagTag	86.531	1225	142	11	21	1235	8653534	8654745	0	1327	KN005_v1
AL7G31470	scaffold_7_RagTag	95.39	846	6	3	423	1235	8650268	8651113	0	1315	KN005_v1
AL7G31470	scaffold_7_RagTag	99.66	294	1	0	1	294	8649977	8650270	1.86e-151	538	KN005_v1
AL7G31470	scaffold_7_RagTag	75.993	1133	210	46	83	1185	8472356	8473456	1.12e-148	529	KN005_v1
AL7G31470	scaffold_7_RagTag	81.72	651	97	16	552	1185	8443992	8443347	5.2e-147	523	KN005_v1
AL7G31470	scaffold_7_RagTag	74.511	1228	243	52	28	1217	8669647	8670842	6.86e-131	470	KN005_v1
AL7G31470	scaffold_7_RagTag	79.781	638	104	19	548	1180	8675156	8675773	5.38e-122	440	KN005_v1
AL7G31470	scaffold_7_RagTag	85.678	398	51	2	823	1217	8380635	8380241	3.26e-114	414	KN005_v1
AL7G31470	scaffold_7_RagTag	80.695	518	83	12	548	1052	8649355	8649868	7.11e-106	387	KN005_v1
AL7G31470	scaffold_7_RagTag	84.656	378	42	10	826	1189	8669047	8669422	1.2e-98	363	KN005_v1
AL7G31470	scaffold_7_RagTag	82.038	373	50	9	821	1184	8673519	8673883	2.65e-80	302	KN005_v1
AL7G31470	scaffold_7_RagTag	82.927	246	30	11	477	719	8677680	8677916	4.59e-53	211	KN005_v1
AL7G31470	scaffold_7_RagTag	93.684	95	4	2	1088	1181	8678069	8678162	6.11e-32	141	KN005_v1
AL7G31470	scaffold_1_RagTag	80.478	251	43	6	478	727	27840565	27840320	7.74e-46	187	KN005_v1
AL7G31480	scaffold_7_RagTag	99.398	1329	6	1	1	1329	8653500	8654826	0	2409	KN005_v1
AL7G31480	scaffold_7_RagTag	84.035	927	95	20	432	1318	8650269	8651182	0	843	KN005_v1
AL7G31480	scaffold_7_RagTag	75.95	1210	227	43	21	1196	8472277	8473456	3.3e-159	564	KN005_v1
AL7G31480	scaffold_7_RagTag	80.125	639	103	19	556	1191	8675156	8675773	2.07e-126	455	KN005_v1
AL7G31480	scaffold_7_RagTag	83.885	453	55	15	829	1267	8380643	8380195	9.78e-115	416	KN005_v1
AL7G31480	scaffold_7_RagTag	87.454	271	28	3	35	299	8649997	8650267	6.14e-82	307	KN005_v1
AL7G31480	scaffold_7_RagTag	82.927	287	42	3	7	286	8657552	8657838	2.92e-65	252	KN005_v1
AL7G31480	scaffold_7_RagTag	75.598	418	74	19	6	407	8444498	8444093	3.88e-44	182	KN005_v1
AL7G31480	scaffold_7_RagTag	79.377	257	50	2	59	312	8648807	8649063	5.02e-43	178	KN005_v1
AL7G31480	scaffold_7_RagTag	82.873	181	28	2	875	1055	8652165	8652342	1.82e-37	159	KN005_v1
AL7G31480	scaffold_7_RagTag	79.31	232	36	10	488	716	8382296	8382074	3.04e-35	152	KN005_v1
AL7G31480	scaffold_7_RagTag	93.478	92	4	2	1102	1192	8678072	8678162	3.07e-30	135	KN005_v1
AL7G31490	scaffold_7_RagTag	99.462	1486	8	0	1355	2840	8669431	8670916	0	2700	KN005_v1
AL7G31490	scaffold_7_RagTag	99.034	414	3	1	1	413	8657477	8657890	0	741	KN005_v1
AL7G31490	scaffold_7_RagTag	98.341	422	7	0	407	828	8668621	8669042	0	741	KN005_v1
AL7G31490	scaffold_7_RagTag	95.577	407	3	1	884	1290	8669043	8669434	0	638	KN005_v1
AL7G31490	scaffold_7_RagTag	79.815	758	126	20	542	1278	8650316	8651067	9.35e-148	527	KN005_v1
AL7G31490	scaffold_7_RagTag	80.17	706	107	19	1555	2250	8677231	8677913	7.33e-139	497	KN005_v1
AL7G31490	scaffold_7_RagTag	74.916	1192	228	46	1565	2722	8472292	8473446	2.66e-133	479	KN005_v1
AL7G31490	scaffold_7_RagTag	79.668	723	101	28	2013	2726	8675088	8675773	2.66e-133	479	KN005_v1
AL7G31490	scaffold_7_RagTag	79.452	657	96	25	2085	2722	8443993	8443357	2.71e-118	429	KN005_v1
AL7G31490	scaffold_7_RagTag	80	545	94	11	545	1074	8653981	8654525	4.6e-106	388	KN005_v1
AL7G31490	scaffold_7_RagTag	77.632	684	110	22	616	1284	8443993	8443338	3.58e-102	375	KN005_v1
AL7G31490	scaffold_7_RagTag	73.943	1017	211	38	107	1081	8669637	8670641	1e-97	361	KN005_v1
AL7G31490	scaffold_7_RagTag	81.538	325	48	6	42	361	8653468	8653785	1.35e-66	257	KN005_v1
AL7G31490	scaffold_7_RagTag	93.452	168	8	1	38	205	8653084	8653248	2.93e-63	246	KN005_v1
AL7G31490	scaffold_7_RagTag	79.003	381	55	12	2359	2730	8673520	8673884	1.76e-60	237	KN005_v1
AL7G31490	scaffold_7_RagTag	88.421	190	22	0	1095	1284	8473276	8473465	2.95e-58	230	KN005_v1
AL7G31490	scaffold_7_RagTag	88.827	179	18	2	1101	1278	8380446	8380269	6.39e-55	219	KN005_v1
AL7G31490	scaffold_7_RagTag	76	350	74	7	1907	2248	8668646	8668993	5.05e-41	172	KN005_v1
AL7G31490	scaffold_7_RagTag	78.909	275	42	10	77	336	8674591	8674864	5.05e-41	172	KN005_v1
AL7G31490	scaffold_7_RagTag	84.516	155	24	0	923	1077	8652165	8652319	1.83e-35	154	KN005_v1
AL7G31490	scaffold_1_RagTag	77.203	715	110	30	1555	2254	27841003	27840327	6e-100	368	KN005_v1
AL7G31490	scaffold_1_RagTag	86.111	288	31	5	938	1216	27840183	27839896	6.17e-80	302	KN005_v1
AL7G31500	scaffold_7_RagTag	89.818	1316	94	20	1	1286	8672650	8673955	0	1652	KN005_v1
AL7G31500	scaffold_7_RagTag	90.975	1108	93	6	107	1211	8381383	8380280	0	1485	KN005_v1
AL7G31500	scaffold_7_RagTag	77.713	691	119	24	546	1213	8675095	8675773	5.73e-107	390	KN005_v1
AL7G31500	scaffold_7_RagTag	92.245	245	19	0	544	788	8382298	8382054	3.5e-94	348	KN005_v1
AL7G31500	scaffold_7_RagTag	84.153	366	42	8	862	1213	8669050	8669413	5.85e-92	340	KN005_v1
AL7G31500	scaffold_7_RagTag	82.72	353	54	6	862	1208	8443709	8443358	5.94e-82	307	KN005_v1
AL7G31500	scaffold_7_RagTag	79.109	359	65	7	546	896	8677683	8678039	2.2e-61	239	KN005_v1
AL7G31500	scaffold_7_RagTag	78.141	398	47	18	856	1216	8650668	8651062	1.03e-54	217	KN005_v1
AL7G31500	scaffold_7_RagTag	83.117	231	34	5	547	775	8649294	8649521	2.23e-51	206	KN005_v1
AL7G31500	scaffold_7_RagTag	82.474	194	31	2	894	1087	8652165	8652355	1.05e-39	167	KN005_v1
AL7G31500	scaffold_7_RagTag	77.826	230	44	4	546	770	8472750	8472977	2.96e-30	135	KN005_v1
AL7G31500	scaffold_7_RagTag	80.588	170	33	0	611	780	8443993	8443824	3.83e-29	132	KN005_v1
AL7G31500	scaffold_7_RagTag	80.838	167	30	1	600	764	8676875	8677041	1.38e-28	130	KN005_v1
AL7G31500	scaffold_7_RagTag	88.172	93	11	0	1121	1213	8678069	8678161	5e-23	111	KN005_v1
AL7G31500	scaffold_1_RagTag	78.683	957	134	33	140	1035	27841004	27840057	5.3e-162	573	KN005_v1
AL7G31500	scaffold_1_RagTag	92.857	112	8	0	1050	1161	27840006	27839895	1.36e-38	163	KN005_v1
AL7G31510	scaffold_7_RagTag	100	730	0	0	66	795	8675154	8675883	0	1349	KN005_v1
AL7G31510	scaffold_7_RagTag	81.997	661	94	13	71	708	8472815	8473473	1.18e-151	538	KN005_v1
AL7G31510	scaffold_7_RagTag	81.381	666	94	17	71	708	8443993	8443330	5.53e-145	516	KN005_v1
AL7G31510	scaffold_7_RagTag	80.492	651	92	19	66	685	8670156	8670802	5.65e-130	466	KN005_v1
AL7G31510	scaffold_7_RagTag	80.282	639	102	21	68	685	8654055	8654690	2.63e-128	460	KN005_v1
AL7G31510	scaffold_7_RagTag	84.534	472	57	9	66	523	8649353	8649822	4.4e-126	453	KN005_v1
AL7G31510	scaffold_7_RagTag	79.332	629	100	19	64	683	8380887	8380280	2.07e-114	414	KN005_v1
AL7G31510	scaffold_7_RagTag	79.832	357	48	12	345	685	8673532	8673880	1.34e-61	239	KN005_v1
AL7G31510	scaffold_7_RagTag	86.243	189	26	0	372	560	8652165	8652353	1.36e-51	206	KN005_v1
AL7G31510	scaffold_7_RagTag	91.724	145	10	1	598	742	8678074	8678216	6.32e-50	200	KN005_v1
AL7G31510	scaffold_7_RagTag	82.857	175	22	6	515	685	8650888	8651058	6.46e-35	150	KN005_v1
AL7G31510	scaffold_7_RagTag	100	69	0	0	1	69	22116881	22116813	3.03e-28	128	KN005_v1
AL7G31510	scaffold_7_RagTag	100	68	0	0	1	68	2018294	2018227	1.09e-27	126	KN005_v1
AL7G31510	scaffold_7_RagTag	100	67	0	0	1	67	11831445	11831511	3.91e-27	124	KN005_v1
AL7G31510	scaffold_7_RagTag	96.104	77	2	1	1	76	16991822	16991746	3.91e-27	124	KN005_v1
AL7G31510	scaffold_7_RagTag	100	65	0	0	1	65	9399954	9399890	5.06e-26	121	KN005_v1
AL7G31510	scaffold_7_RagTag	95.946	74	1	2	1	72	6042116	6042189	1.82e-25	119	KN005_v1
AL7G31510	scaffold_7_RagTag	97.143	70	2	0	1	70	13870008	13869939	1.82e-25	119	KN005_v1
AL7G31510	scaffold_7_RagTag	95.89	73	3	0	1	73	14778337	14778265	1.82e-25	119	KN005_v1
AL7G31510	scaffold_7_RagTag	97.101	69	2	0	1	69	14250694	14250626	6.55e-25	117	KN005_v1
AL7G31510	scaffold_7_RagTag	98.485	66	1	0	1	66	21217268	21217203	6.55e-25	117	KN005_v1
AL7G31510	scaffold_7_RagTag	98.485	66	1	0	1	66	23277242	23277307	6.55e-25	117	KN005_v1
AL7G31510	scaffold_7_RagTag	97.059	68	2	0	1	68	23107430	23107497	2.36e-24	115	KN005_v1
AL7G31510	scaffold_7_RagTag	95.652	69	3	0	1	69	10808013	10808081	3.05e-23	111	KN005_v1
AL7G31510	scaffold_7_RagTag	93.333	75	4	1	1	74	7350996	7350922	1.1e-22	110	KN005_v1
AL7G31510	scaffold_7_RagTag	93.243	74	4	1	1	73	4554640	4554567	3.94e-22	108	KN005_v1
AL7G31510	scaffold_7_RagTag	95.522	67	3	0	1	67	15275525	15275459	3.94e-22	108	KN005_v1
AL7G31510	scaffold_7_RagTag	95.385	65	3	0	5	69	15892583	15892519	5.1e-21	104	KN005_v1
AL7G31510	scaffold_7_RagTag	98.305	59	1	0	1	59	25315570	25315628	5.1e-21	104	KN005_v1
AL7G31510	scaffold_7_RagTag	92.424	66	5	0	1	66	14202179	14202114	3.07e-18	95.3	KN005_v1
AL7G31510	scaffold_7_RagTag	90.625	64	6	0	5	68	24797268	24797205	1.85e-15	86.1	KN005_v1
AL7G31510	scaffold_6_RagTag	100	69	0	0	1	69	5444101	5444033	3.03e-28	128	KN005_v1
AL7G31510	scaffold_6_RagTag	100	69	0	0	1	69	11208504	11208572	3.03e-28	128	KN005_v1
AL7G31510	scaffold_6_RagTag	98.592	71	1	0	1	71	2334421	2334351	1.09e-27	126	KN005_v1
AL7G31510	scaffold_6_RagTag	100	68	0	0	1	68	4650462	4650395	1.09e-27	126	KN005_v1
AL7G31510	scaffold_6_RagTag	100	68	0	0	1	68	5725005	5724938	1.09e-27	126	KN005_v1
AL7G31510	scaffold_6_RagTag	98.571	70	1	0	1	70	11811571	11811502	3.91e-27	124	KN005_v1
AL7G31510	scaffold_6_RagTag	96.053	76	2	1	1	76	7035249	7035323	1.41e-26	122	KN005_v1
AL7G31510	scaffold_6_RagTag	100	66	0	0	1	66	20358390	20358325	1.41e-26	122	KN005_v1
AL7G31510	scaffold_6_RagTag	98.551	69	1	0	2	70	23642155	23642223	1.41e-26	122	KN005_v1
AL7G31510	scaffold_6_RagTag	98.507	67	1	0	1	67	5524170	5524236	1.82e-25	119	KN005_v1
AL7G31510	scaffold_6_RagTag	100	64	0	0	1	64	21743287	21743224	1.82e-25	119	KN005_v1
AL7G31510	scaffold_6_RagTag	97.101	69	2	0	1	69	5800368	5800300	6.55e-25	117	KN005_v1
AL7G31510	scaffold_6_RagTag	98.485	66	1	0	1	66	17682211	17682146	6.55e-25	117	KN005_v1
AL7G31510	scaffold_6_RagTag	98.485	66	1	0	1	66	23999430	23999365	6.55e-25	117	KN005_v1
AL7G31510	scaffold_6_RagTag	95.652	69	3	0	1	69	18866105	18866173	3.05e-23	111	KN005_v1
AL7G31510	scaffold_6_RagTag	95.522	67	3	0	1	67	16405940	16406006	3.94e-22	108	KN005_v1
AL7G31510	scaffold_6_RagTag	94.03	67	4	0	1	67	16387113	16387179	1.83e-20	102	KN005_v1
AL7G31510	scaffold_6_RagTag	93.939	66	4	0	1	66	21963592	21963657	6.6e-20	100	KN005_v1
AL7G31510	scaffold_6_RagTag	92.647	68	5	0	1	68	9400804	9400871	2.37e-19	99	KN005_v1
AL7G31510	scaffold_6_RagTag	93.651	63	4	0	7	69	7944915	7944853	3.07e-18	95.3	KN005_v1
AL7G31510	scaffold_6_RagTag	96.154	52	2	0	19	70	21744348	21744297	1.85e-15	86.1	KN005_v1
AL7G31510	scaffold_6_RagTag	100	34	0	0	1	34	7944931	7944898	8.65e-09	63.9	KN005_v1
AL7G31510	scaffold_5_RagTag	100	69	0	0	1	69	20245028	20245096	3.03e-28	128	KN005_v1
AL7G31510	scaffold_5_RagTag	100	66	0	0	1	66	20302733	20302798	1.41e-26	122	KN005_v1
AL7G31510	scaffold_5_RagTag	90.426	94	5	4	1	93	2194327	2194237	5.06e-26	121	KN005_v1
AL7G31510	scaffold_5_RagTag	97.101	69	2	0	1	69	527427	527495	6.55e-25	117	KN005_v1
AL7G31510	scaffold_5_RagTag	98.485	66	1	0	1	66	11206158	11206093	6.55e-25	117	KN005_v1
AL7G31510	scaffold_5_RagTag	98.485	66	1	0	1	66	18194948	18195013	6.55e-25	117	KN005_v1
AL7G31510	scaffold_5_RagTag	98.485	66	1	0	1	66	20161744	20161809	6.55e-25	117	KN005_v1
AL7G31510	scaffold_5_RagTag	95.652	69	3	0	1	69	13997655	13997723	3.05e-23	111	KN005_v1
AL7G31510	scaffold_5_RagTag	95.455	66	3	0	1	66	6141692	6141627	1.42e-21	106	KN005_v1
AL7G31510	scaffold_3_RagTag	98.611	72	1	0	1	72	21356936	21357007	3.03e-28	128	KN005_v1
AL7G31510	scaffold_3_RagTag	100	68	0	0	1	68	7164120	7164053	1.09e-27	126	KN005_v1
AL7G31510	scaffold_3_RagTag	98.571	70	1	0	1	70	6020510	6020441	3.91e-27	124	KN005_v1
AL7G31510	scaffold_3_RagTag	100	66	0	0	1	66	4638447	4638512	1.41e-26	122	KN005_v1
AL7G31510	scaffold_3_RagTag	98.529	68	1	0	1	68	14687181	14687114	5.06e-26	121	KN005_v1
AL7G31510	scaffold_3_RagTag	97.101	69	2	0	1	69	24108659	24108591	6.55e-25	117	KN005_v1
AL7G31510	scaffold_3_RagTag	95.89	73	2	1	1	73	24464278	24464207	6.55e-25	117	KN005_v1
AL7G31510	scaffold_3_RagTag	97.059	68	2	0	1	68	19070055	19069988	2.36e-24	115	KN005_v1
AL7G31510	scaffold_3_RagTag	96.97	66	2	0	1	66	4218015	4217950	3.05e-23	111	KN005_v1
AL7G31510	scaffold_3_RagTag	96.97	66	2	0	1	66	19806840	19806905	3.05e-23	111	KN005_v1
AL7G31510	scaffold_3_RagTag	94.286	70	4	0	1	70	12709775	12709706	3.94e-22	108	KN005_v1
AL7G31510	scaffold_3_RagTag	96.825	63	2	0	1	63	23875423	23875485	1.42e-21	106	KN005_v1
AL7G31510	scaffold_3_RagTag	100	55	0	0	1	55	495141	495195	1.83e-20	102	KN005_v1
AL7G31510	scaffold_3_RagTag	93.939	66	4	0	1	66	20798029	20798094	6.6e-20	100	KN005_v1
AL7G31510	scaffold_3_RagTag	92.537	67	5	0	2	68	800300	800366	8.53e-19	97.1	KN005_v1
AL7G31510	scaffold_3_RagTag	83.562	73	6	5	1	70	5932366	5932435	8.65e-09	63.9	KN005_v1
AL7G31510	scaffold_1_RagTag	100	69	0	0	1	69	10416287	10416355	3.03e-28	128	KN005_v1
AL7G31510	scaffold_1_RagTag	100	68	0	0	1	68	965208	965141	1.09e-27	126	KN005_v1
AL7G31510	scaffold_1_RagTag	96.104	77	3	0	1	77	17796829	17796905	1.09e-27	126	KN005_v1
AL7G31510	scaffold_1_RagTag	100	68	0	0	1	68	22567744	22567677	1.09e-27	126	KN005_v1
AL7G31510	scaffold_1_RagTag	100	66	0	0	1	66	1715159	1715094	1.41e-26	122	KN005_v1
AL7G31510	scaffold_1_RagTag	98.551	69	1	0	1	69	7947557	7947489	1.41e-26	122	KN005_v1
AL7G31510	scaffold_1_RagTag	98.551	69	1	0	1	69	10880401	10880333	1.41e-26	122	KN005_v1
AL7G31510	scaffold_1_RagTag	100	66	0	0	1	66	12137461	12137526	1.41e-26	122	KN005_v1
AL7G31510	scaffold_1_RagTag	98.551	69	1	0	1	69	14292819	14292751	1.41e-26	122	KN005_v1
AL7G31510	scaffold_1_RagTag	96.053	76	2	1	1	76	26808666	26808592	1.41e-26	122	KN005_v1
AL7G31510	scaffold_1_RagTag	96	75	3	0	1	75	28033873	28033799	1.41e-26	122	KN005_v1
AL7G31510	scaffold_1_RagTag	98.529	68	1	0	1	68	8361527	8361460	5.06e-26	121	KN005_v1
AL7G31510	scaffold_1_RagTag	98.529	68	1	0	1	68	23448014	23448081	5.06e-26	121	KN005_v1
AL7G31510	scaffold_1_RagTag	98.485	66	1	0	1	66	7713047	7712982	6.55e-25	117	KN005_v1
AL7G31510	scaffold_1_RagTag	98.485	66	1	0	1	66	8167317	8167382	6.55e-25	117	KN005_v1
AL7G31510	scaffold_1_RagTag	98.485	66	1	0	1	66	14004756	14004821	6.55e-25	117	KN005_v1
AL7G31510	scaffold_1_RagTag	97.101	69	2	0	1	69	24752400	24752332	6.55e-25	117	KN005_v1
AL7G31510	scaffold_1_RagTag	97.059	68	2	0	1	68	6404608	6404675	2.36e-24	115	KN005_v1
AL7G31510	scaffold_1_RagTag	94.595	74	4	0	1	74	24229379	24229306	2.36e-24	115	KN005_v1
AL7G31510	scaffold_1_RagTag	98.438	64	1	0	1	64	9150697	9150760	8.47e-24	113	KN005_v1
AL7G31510	scaffold_1_RagTag	96.97	66	2	0	1	66	9674241	9674306	3.05e-23	111	KN005_v1
AL7G31510	scaffold_1_RagTag	96.97	66	2	0	1	66	9754563	9754628	3.05e-23	111	KN005_v1
AL7G31510	scaffold_1_RagTag	95.652	69	3	0	1	69	10775438	10775506	3.05e-23	111	KN005_v1
AL7G31510	scaffold_1_RagTag	95.652	69	3	0	1	69	23296781	23296713	3.05e-23	111	KN005_v1
AL7G31510	scaffold_1_RagTag	95.522	67	3	0	1	67	22168165	22168099	3.94e-22	108	KN005_v1
AL7G31510	scaffold_1_RagTag	94.203	69	4	0	1	69	5421460	5421392	1.42e-21	106	KN005_v1
AL7G31510	scaffold_1_RagTag	93.056	72	5	0	1	72	6094324	6094253	1.42e-21	106	KN005_v1
AL7G31510	scaffold_1_RagTag	94.203	69	4	0	1	69	6535574	6535506	1.42e-21	106	KN005_v1
AL7G31510	scaffold_1_RagTag	95.455	66	3	0	1	66	22924444	22924509	1.42e-21	106	KN005_v1
AL7G31510	scaffold_1_RagTag	95.455	66	3	0	1	66	23932549	23932614	1.42e-21	106	KN005_v1
AL7G31510	scaffold_1_RagTag	94.118	68	4	0	1	68	4644574	4644507	5.1e-21	104	KN005_v1
AL7G31510	scaffold_1_RagTag	93.846	65	4	0	1	65	338562	338626	2.37e-19	99	KN005_v1
AL7G31510	scaffold_1_RagTag	100	33	0	0	1	33	10880431	10880399	3.11e-08	62.1	KN005_v1
AL7G31510	scaffold_8_RagTag	100	68	0	0	1	68	4959140	4959207	1.09e-27	126	KN005_v1
AL7G31510	scaffold_8_RagTag	100	68	0	0	1	68	16787395	16787328	1.09e-27	126	KN005_v1
AL7G31510	scaffold_8_RagTag	100	66	0	0	1	66	16848637	16848572	1.41e-26	122	KN005_v1
AL7G31510	scaffold_8_RagTag	98.529	68	1	0	1	68	3307099	3307032	5.06e-26	121	KN005_v1
AL7G31510	scaffold_8_RagTag	98.529	68	1	0	1	68	11064013	11063946	5.06e-26	121	KN005_v1
AL7G31510	scaffold_8_RagTag	98.529	68	1	0	1	68	18059524	18059457	5.06e-26	121	KN005_v1
AL7G31510	scaffold_8_RagTag	98.485	66	1	0	1	66	3675635	3675570	6.55e-25	117	KN005_v1
AL7G31510	scaffold_8_RagTag	98.485	66	1	0	1	66	18840284	18840349	6.55e-25	117	KN005_v1
AL7G31510	scaffold_8_RagTag	94.737	76	3	1	1	75	19532788	19532713	6.55e-25	117	KN005_v1
AL7G31510	scaffold_8_RagTag	97.015	67	2	0	1	67	11064970	11064904	8.47e-24	113	KN005_v1
AL7G31510	scaffold_8_RagTag	95.714	70	3	0	1	70	14181682	14181613	8.47e-24	113	KN005_v1
AL7G31510	scaffold_8_RagTag	95.588	68	3	0	1	68	11445377	11445444	1.1e-22	110	KN005_v1
AL7G31510	scaffold_8_RagTag	98.387	62	1	0	6	67	13029209	13029148	1.1e-22	110	KN005_v1
AL7G31510	scaffold_8_RagTag	95.588	68	3	0	1	68	14774855	14774788	1.1e-22	110	KN005_v1
AL7G31510	scaffold_8_RagTag	95.455	66	3	0	1	66	696245	696310	1.42e-21	106	KN005_v1
AL7G31510	scaffold_8_RagTag	92.958	71	5	0	1	71	13938385	13938315	5.1e-21	104	KN005_v1
AL7G31510	scaffold_8_RagTag	91.304	69	6	0	1	69	3308443	3308511	3.07e-18	95.3	KN005_v1
AL7G31510	scaffold_4_RagTag	100	68	0	0	1	68	13787610	13787677	1.09e-27	126	KN005_v1
AL7G31510	scaffold_4_RagTag	98.571	70	1	0	1	70	9695253	9695322	3.91e-27	124	KN005_v1
AL7G31510	scaffold_4_RagTag	97.26	73	1	1	1	72	6790953	6790881	1.41e-26	122	KN005_v1
AL7G31510	scaffold_4_RagTag	100	66	0	0	1	66	10652777	10652712	1.41e-26	122	KN005_v1
AL7G31510	scaffold_4_RagTag	96.053	76	2	1	1	76	17631623	17631697	1.41e-26	122	KN005_v1
AL7G31510	scaffold_4_RagTag	98.551	69	1	0	1	69	17803115	17803183	1.41e-26	122	KN005_v1
AL7G31510	scaffold_4_RagTag	98.551	69	1	0	1	69	21166324	21166256	1.41e-26	122	KN005_v1
AL7G31510	scaffold_4_RagTag	97.183	71	2	0	1	71	1240753	1240823	5.06e-26	121	KN005_v1
AL7G31510	scaffold_4_RagTag	98.485	66	1	0	1	66	13743331	13743266	6.55e-25	117	KN005_v1
AL7G31510	scaffold_4_RagTag	97.101	69	2	0	1	69	22918709	22918777	6.55e-25	117	KN005_v1
AL7G31510	scaffold_4_RagTag	97.101	69	2	0	1	69	22955919	22955987	6.55e-25	117	KN005_v1
AL7G31510	scaffold_4_RagTag	98.485	66	1	0	1	66	23034355	23034290	6.55e-25	117	KN005_v1
AL7G31510	scaffold_4_RagTag	97.015	67	2	0	2	68	10261839	10261773	8.47e-24	113	KN005_v1
AL7G31510	scaffold_4_RagTag	96.97	66	2	0	1	66	3540646	3540711	3.05e-23	111	KN005_v1
AL7G31510	scaffold_4_RagTag	95.588	68	3	0	1	68	16310723	16310790	1.1e-22	110	KN005_v1
AL7G31510	scaffold_4_RagTag	95.588	68	3	0	1	68	17359119	17359186	1.1e-22	110	KN005_v1
AL7G31510	scaffold_4_RagTag	95.238	63	3	0	1	63	14281645	14281583	6.6e-20	100	KN005_v1
AL7G31510	scaffold_4_RagTag	92.424	66	5	0	1	66	14450387	14450452	3.07e-18	95.3	KN005_v1
AL7G31510	scaffold_4_RagTag	94	50	3	0	1	50	15268576	15268527	1.11e-12	76.8	KN005_v1
AL7G31510	scaffold_4_RagTag	83.784	74	6	5	1	71	15533779	15533849	2.41e-09	65.8	KN005_v1
AL7G31510	scaffold_2_RagTag	98.551	69	1	0	1	69	2266500	2266432	1.41e-26	122	KN005_v1
AL7G31510	scaffold_2_RagTag	98.529	68	1	0	1	68	15130372	15130439	5.06e-26	121	KN005_v1
AL7G31510	scaffold_2_RagTag	98.485	66	1	0	1	66	1287240	1287175	6.55e-25	117	KN005_v1
AL7G31510	scaffold_2_RagTag	95.833	72	3	0	1	72	14634334	14634405	6.55e-25	117	KN005_v1
AL7G31510	scaffold_2_RagTag	96.97	66	2	0	1	66	1876363	1876428	3.05e-23	111	KN005_v1
AL7G31510	scaffold_2_RagTag	95.652	69	3	0	1	69	4919911	4919843	3.05e-23	111	KN005_v1
AL7G31510	scaffold_2_RagTag	91.379	58	5	0	5	62	1977323	1977266	8.59e-14	80.5	KN005_v1
AL7G31520	scaffold_7_RagTag	99.311	1886	8	1	1	1886	8676162	8678042	0	3406	KN005_v1
AL7G31520	scaffold_7_RagTag	85.057	696	77	11	1527	2203	8673193	8673880	0	684	KN005_v1
AL7G31520	scaffold_7_RagTag	82.133	694	107	11	1523	2212	8380949	8380269	2.04e-163	579	KN005_v1
AL7G31520	scaffold_7_RagTag	80.112	714	104	22	1070	1760	8669631	8670329	5.88e-139	497	KN005_v1
AL7G31520	scaffold_7_RagTag	83.495	412	47	10	1854	2258	8675433	8675830	6.22e-99	364	KN005_v1
AL7G31520	scaffold_7_RagTag	82.181	376	51	10	1842	2212	8654335	8654699	2.95e-82	309	KN005_v1
AL7G31520	scaffold_7_RagTag	98.256	172	3	0	2111	2282	8678069	8678240	4.94e-80	302	KN005_v1
AL7G31520	scaffold_7_RagTag	89.655	232	22	2	1524	1755	8649291	8649520	8.27e-78	294	KN005_v1
AL7G31520	scaffold_7_RagTag	80.779	385	60	10	1846	2226	8473099	8473473	3.85e-76	289	KN005_v1
AL7G31520	scaffold_7_RagTag	84.116	277	39	5	1517	1791	8382305	8382032	2.33e-68	263	KN005_v1
AL7G31520	scaffold_7_RagTag	74.049	736	145	36	1047	1753	8472261	8472979	3.02e-67	259	KN005_v1
AL7G31520	scaffold_7_RagTag	79.31	406	46	18	1841	2212	8650666	8651067	1.82e-64	250	KN005_v1
AL7G31520	scaffold_7_RagTag	82.927	246	30	11	1524	1760	8650322	8650564	8.57e-53	211	KN005_v1
AL7G31520	scaffold_7_RagTag	85.366	164	20	4	1592	1753	8443993	8443832	1.88e-39	167	KN005_v1
AL7G31520	scaffold_7_RagTag	100	48	0	0	568	615	8676810	8676857	4.19e-16	89.8	KN005_v1
AL7G31520	scaffold_7_RagTag	97.436	39	1	0	588	626	8676800	8676838	1.96e-09	67.6	KN005_v1
AL7G31520	scaffold_7_RagTag	94.872	39	2	0	639	677	8676749	8676787	9.14e-08	62.1	KN005_v1
AL7G31520	scaffold_7_RagTag	100	32	0	0	1911	1942	8678042	8678073	3.29e-07	60.2	KN005_v1
AL7G31520	scaffold_1_RagTag	78.434	677	88	27	1525	2150	27840565	27839896	3.69e-106	388	KN005_v1
AL7G31520	scaffold_1_RagTag	78.846	416	63	12	1052	1450	27841021	27840614	1.09e-66	257	KN005_v1
AL8G44570	scaffold_8_RagTag	99.652	574	2	0	1	574	20906127	20906700	0	1050	KN005_v1
AL1G60840	scaffold_1_RagTag	99.721	1794	4	1	1	1794	29177540	29179332	0	3284	KN006_v1
AL1G60840	scaffold_7_RagTag	78.049	943	132	37	862	1794	9105852	9104975	2.23e-147	525	KN006_v1
AL1G60840	scaffold_7_RagTag	77.601	942	143	36	862	1794	8787497	8788379	2.25e-142	508	KN006_v1
AL1G60840	scaffold_7_RagTag	77.155	696	108	29	1132	1789	9102505	9101823	8.62e-97	357	KN006_v1
AL1G60840	scaffold_7_RagTag	82.952	393	38	17	162	534	14355545	14355928	6.76e-88	327	KN006_v1
AL1G60840	scaffold_7_RagTag	81.421	366	53	13	1013	1370	9110244	9109886	4.13e-75	285	KN006_v1
AL1G60840	scaffold_7_RagTag	79.301	372	57	7	1419	1783	9109811	9109453	2.52e-62	243	KN006_v1
AL1G60840	scaffold_7_RagTag	84.979	233	31	3	1132	1363	8789101	8789330	1.52e-59	233	KN006_v1
AL1G60840	scaffold_7_RagTag	83.019	265	24	10	718	982	9093125	9092882	1.18e-55	220	KN006_v1
AL1G60840	scaffold_7_RagTag	83.193	238	29	10	1130	1363	9092718	9092488	9.19e-52	207	KN006_v1
AL1G60840	scaffold_7_RagTag	80.851	282	23	12	701	982	8857203	8857453	2.57e-47	193	KN006_v1
AL1G60840	scaffold_7_RagTag	80	260	46	6	1125	1379	9093983	9093725	1.2e-45	187	KN006_v1
AL1G60840	scaffold_7_RagTag	80.508	236	37	8	1140	1370	8891387	8891156	3.35e-41	172	KN006_v1
AL1G60840	scaffold_7_RagTag	82.5	200	23	3	862	1061	9101342	9101155	5.61e-39	165	KN006_v1
AL1G60840	scaffold_7_RagTag	90.083	121	12	0	862	982	9097283	9097163	9.38e-37	158	KN006_v1
AL1G60840	scaffold_7_RagTag	89.516	124	13	0	700	823	9105978	9105855	9.38e-37	158	KN006_v1
AL1G60840	scaffold_7_RagTag	82.759	174	29	1	1140	1312	8857629	8857802	1.21e-35	154	KN006_v1
AL1G60840	scaffold_7_RagTag	86.777	121	16	0	862	982	8891683	8891563	4.4e-30	135	KN006_v1
AL1G60840	scaffold_6_RagTag	91.557	379	19	9	169	535	8911625	8911248	6.25e-143	510	KN006_v1
AL1G60840	scaffold_8_RagTag	89.919	248	19	4	280	525	12891352	12891595	5.26e-84	315	KN006_v1
AL1G60840	scaffold_5_RagTag	82.317	164	10	10	178	326	6487996	6488155	9.52e-27	124	KN006_v1
AL6G37030	scaffold_6_RagTag	95.824	431	9	1	2	432	11456536	11456957	0	688	KN006_v1
AL7G30780	scaffold_7_RagTag	99.513	1437	5	1	1	1435	8787022	8788458	0	2614	KN006_v1
AL7G30780	scaffold_7_RagTag	90.506	1106	91	9	301	1401	9106025	9104929	0	1448	KN006_v1
AL7G30780	scaffold_7_RagTag	85.427	398	52	2	259	653	9094473	9094079	1.87e-112	409	KN006_v1
AL7G30780	scaffold_7_RagTag	85.258	407	49	9	259	661	9099704	9099305	1.87e-112	409	KN006_v1
AL7G30780	scaffold_7_RagTag	78.084	689	120	21	298	966	9107971	9107294	6.72e-112	407	KN006_v1
AL7G30780	scaffold_7_RagTag	86.592	358	47	1	291	647	9101526	9101169	5.23e-108	394	KN006_v1
AL7G30780	scaffold_7_RagTag	83.372	433	54	10	244	661	9103032	9102603	3.15e-105	385	KN006_v1
AL7G30780	scaffold_7_RagTag	94.309	246	14	0	721	966	8789093	8789338	5.27e-103	377	KN006_v1
AL7G30780	scaffold_7_RagTag	82.466	365	53	6	291	647	8857145	8857506	1.95e-82	309	KN006_v1
AL7G30780	scaffold_7_RagTag	82.173	359	58	5	291	647	8891864	8891510	9.08e-81	303	KN006_v1
AL7G30780	scaffold_7_RagTag	80.609	361	64	3	613	967	9110244	9109884	7.12e-72	274	KN006_v1
AL7G30780	scaffold_7_RagTag	81.57	293	39	3	367	644	9093124	9092832	5.62e-58	228	KN006_v1
AL7G30780	scaffold_7_RagTag	83.404	235	38	1	734	968	9092711	9092478	1.22e-54	217	KN006_v1
AL7G30780	scaffold_7_RagTag	83.516	182	28	2	729	909	8857621	8857801	3.45e-40	169	KN006_v1
AL7G30780	scaffold_7_RagTag	80.172	232	41	3	739	966	8891385	8891155	3.45e-40	169	KN006_v1
AL7G30780	scaffold_7_RagTag	84.615	91	14	0	298	388	9110364	9110274	7.69e-17	91.6	KN006_v1
AL7G30780	scaffold_1_RagTag	77.87	967	143	40	474	1378	29178400	29179357	2.96e-150	534	KN006_v1
AL7G31470	scaffold_7_RagTag	100	1235	0	0	1	1235	9093257	9094491	0	2281	KN006_v1
AL7G31470	scaffold_7_RagTag	86.531	1225	142	11	21	1235	9098511	9099722	0	1327	KN006_v1
AL7G31470	scaffold_7_RagTag	77.768	1183	204	38	23	1189	9100390	9101529	0	673	KN006_v1
AL7G31470	scaffold_7_RagTag	76.842	1045	194	34	167	1185	8890842	8891864	1.17e-153	545	KN006_v1
AL7G31470	scaffold_7_RagTag	81.567	651	97	17	552	1185	8857789	8857145	9.19e-145	516	KN006_v1
AL7G31470	scaffold_7_RagTag	74.614	1229	240	54	28	1217	9101822	9103017	1.56e-132	475	KN006_v1
AL7G31470	scaffold_7_RagTag	80.312	640	95	23	548	1180	9107358	9107973	2.03e-126	455	KN006_v1
AL7G31470	scaffold_7_RagTag	85.678	398	51	2	823	1217	8787676	8787282	3.45e-114	414	KN006_v1
AL7G31470	scaffold_7_RagTag	79.487	585	94	14	548	1110	9092545	9093125	1.62e-107	392	KN006_v1
AL7G31470	scaffold_7_RagTag	82.927	246	30	11	477	719	9109885	9110121	4.86e-53	211	KN006_v1
AL7G31470	scaffold_7_RagTag	93.684	95	4	2	1088	1181	9110274	9110367	6.46e-32	141	KN006_v1
AL7G31470	scaffold_1_RagTag	80.478	251	43	6	478	727	29178908	29178663	8.19e-46	187	KN006_v1
AL7G31480	scaffold_7_RagTag	99.699	1329	2	1	1	1329	9098477	9099803	0	2431	KN006_v1
AL7G31480	scaffold_7_RagTag	86.595	1298	146	18	35	1318	9093277	9094560	0	1408	KN006_v1
AL7G31480	scaffold_7_RagTag	75.888	1211	226	45	21	1196	8890685	8891864	1.62e-157	558	KN006_v1
AL7G31480	scaffold_7_RagTag	75.193	1298	226	75	19	1262	9101797	9103052	1.65e-147	525	KN006_v1
AL7G31480	scaffold_7_RagTag	80.625	640	96	18	556	1191	9107358	9107973	7.82e-131	470	KN006_v1
AL7G31480	scaffold_7_RagTag	83.885	453	55	15	829	1267	8787684	8787236	1.03e-114	416	KN006_v1
AL7G31480	scaffold_7_RagTag	83.275	287	41	3	7	286	9100353	9100639	6.63e-67	257	KN006_v1
AL7G31480	scaffold_7_RagTag	75.598	418	74	19	6	407	8858295	8857890	4.11e-44	182	KN006_v1
AL7G31480	scaffold_7_RagTag	78.988	257	51	2	59	312	9091996	9092252	2.47e-41	172	KN006_v1
AL7G31480	scaffold_7_RagTag	82.873	181	28	2	875	1055	9097142	9097319	1.92e-37	159	KN006_v1
AL7G31480	scaffold_7_RagTag	79.31	232	36	10	488	716	8789335	8789113	3.22e-35	152	KN006_v1
AL7G31480	scaffold_7_RagTag	93.478	92	4	2	1102	1192	9110277	9110367	3.24e-30	135	KN006_v1
AL7G31490	scaffold_7_RagTag	99.657	1749	6	0	1092	2840	9101343	9103091	0	3197	KN006_v1
AL7G31490	scaffold_7_RagTag	99.722	1080	3	0	1	1080	9100279	9101358	0	1978	KN006_v1
AL7G31490	scaffold_7_RagTag	76.808	1203	197	56	1554	2726	9106823	9107973	5.74e-170	601	KN006_v1
AL7G31490	scaffold_7_RagTag	76.74	1006	187	28	112	1080	9093279	9094274	5.95e-145	518	KN006_v1
AL7G31490	scaffold_7_RagTag	75.233	1179	238	38	1561	2727	9100385	9101521	9.96e-143	510	KN006_v1
AL7G31490	scaffold_7_RagTag	75.291	1117	221	39	1632	2722	8890767	8891854	2.17e-134	483	KN006_v1
AL7G31490	scaffold_7_RagTag	79.747	711	106	22	1555	2250	9109431	9110118	7.81e-134	481	KN006_v1
AL7G31490	scaffold_7_RagTag	74.329	1266	251	56	1571	2803	9093284	9094508	1.69e-130	470	KN006_v1
AL7G31490	scaffold_7_RagTag	75.852	998	194	27	109	1074	9106829	9107811	7.86e-129	464	KN006_v1
AL7G31490	scaffold_7_RagTag	79.136	671	110	16	541	1199	9092473	9093125	1.71e-120	436	KN006_v1
AL7G31490	scaffold_7_RagTag	79.3	657	96	26	2085	2722	8857790	8857155	1.33e-116	424	KN006_v1
AL7G31490	scaffold_7_RagTag	79.817	545	95	11	545	1074	9098958	9099502	2.26e-104	383	KN006_v1
AL7G31490	scaffold_7_RagTag	77.485	684	110	23	616	1284	8857790	8857136	1.76e-100	370	KN006_v1
AL7G31490	scaffold_7_RagTag	73.845	1017	212	38	107	1081	9101812	9102816	4.94e-96	355	KN006_v1
AL7G31490	scaffold_7_RagTag	81.538	325	48	6	42	361	9098445	9098762	1.43e-66	257	KN006_v1
AL7G31490	scaffold_7_RagTag	93.452	168	8	1	38	205	9098061	9098225	3.1e-63	246	KN006_v1
AL7G31490	scaffold_7_RagTag	89.474	190	20	0	1095	1284	8891684	8891873	1.44e-61	241	KN006_v1
AL7G31490	scaffold_7_RagTag	89.266	177	19	0	1093	1269	9105854	9106030	5.22e-56	222	KN006_v1
AL7G31490	scaffold_7_RagTag	88.827	179	18	2	1101	1278	8787487	8787310	6.76e-55	219	KN006_v1
AL7G31490	scaffold_7_RagTag	87.283	173	22	0	1098	1270	9102806	9102978	8.8e-49	198	KN006_v1
AL7G31490	scaffold_7_RagTag	84.516	155	24	0	923	1077	9097142	9097296	1.93e-35	154	KN006_v1
AL7G31490	scaffold_1_RagTag	77.203	715	110	30	1555	2254	29179346	29178670	6.34e-100	368	KN006_v1
AL7G31490	scaffold_1_RagTag	86.111	288	31	5	938	1216	29178526	29178239	6.52e-80	302	KN006_v1
AL7G31500	scaffold_7_RagTag	97.98	1287	17	4	1	1286	9104825	9106103	0	2224	KN006_v1
AL7G31500	scaffold_7_RagTag	90.975	1108	93	6	107	1211	8788424	8787321	0	1485	KN006_v1
AL7G31500	scaffold_7_RagTag	77.504	689	122	23	546	1213	9107297	9107973	1.01e-104	383	KN006_v1
AL7G31500	scaffold_7_RagTag	86.158	354	45	3	862	1213	9101169	9101520	1.31e-103	379	KN006_v1
AL7G31500	scaffold_7_RagTag	84.658	365	49	6	856	1216	9094079	9094440	6.15e-97	357	KN006_v1
AL7G31500	scaffold_7_RagTag	92.245	245	19	0	544	788	8789337	8789093	3.7e-94	348	KN006_v1
AL7G31500	scaffold_7_RagTag	82.72	353	53	7	862	1208	8857506	8857156	6.28e-82	307	KN006_v1
AL7G31500	scaffold_7_RagTag	81.556	347	61	2	862	1208	8891510	8891853	1.06e-74	283	KN006_v1
AL7G31500	scaffold_7_RagTag	79.109	359	65	7	546	896	9109888	9110244	2.32e-61	239	KN006_v1
AL7G31500	scaffold_7_RagTag	83.117	231	34	5	547	775	9092484	9092711	2.36e-51	206	KN006_v1
AL7G31500	scaffold_7_RagTag	78.912	294	47	4	865	1143	9092832	9093125	3.07e-45	185	KN006_v1
AL7G31500	scaffold_7_RagTag	82.474	194	31	2	894	1087	9097142	9097332	1.11e-39	167	KN006_v1
AL7G31500	scaffold_7_RagTag	78.261	230	43	4	546	770	8891158	8891385	6.74e-32	141	KN006_v1
AL7G31500	scaffold_7_RagTag	80.588	170	33	0	611	780	8857790	8857621	4.06e-29	132	KN006_v1
AL7G31500	scaffold_7_RagTag	80.838	167	30	1	600	764	9109075	9109241	1.46e-28	130	KN006_v1
AL7G31500	scaffold_7_RagTag	88.172	93	11	0	1121	1213	9110274	9110366	5.28e-23	111	KN006_v1
AL7G31500	scaffold_1_RagTag	78.683	957	134	33	140	1035	29179347	29178400	5.61e-162	573	KN006_v1
AL7G31500	scaffold_1_RagTag	92.857	112	8	0	1050	1161	29178349	29178238	1.44e-38	163	KN006_v1
AL7G31510	scaffold_7_RagTag	97.131	732	15	4	66	795	9107356	9108083	0	1230	KN006_v1
AL7G31510	scaffold_7_RagTag	81.997	661	94	13	71	708	8891223	8891881	1.25e-151	538	KN006_v1
AL7G31510	scaffold_7_RagTag	81.231	666	94	18	71	708	8857790	8857128	9.78e-143	508	KN006_v1
AL7G31510	scaffold_7_RagTag	80.645	651	91	19	66	685	9102331	9102977	1.28e-131	472	KN006_v1
AL7G31510	scaffold_7_RagTag	80.282	639	102	19	68	685	9099032	9099667	2.78e-128	460	KN006_v1
AL7G31510	scaffold_7_RagTag	84.746	472	56	9	66	523	9092543	9093012	9.99e-128	459	KN006_v1
AL7G31510	scaffold_7_RagTag	79.781	638	104	19	68	685	9093804	9094436	3.62e-122	440	KN006_v1
AL7G31510	scaffold_7_RagTag	79.332	629	100	19	64	683	8787928	8787321	2.19e-114	414	KN006_v1
AL7G31510	scaffold_7_RagTag	78.006	632	102	25	64	685	9105426	9106030	8.06e-99	363	KN006_v1
AL7G31510	scaffold_7_RagTag	86.243	189	26	0	372	560	9097142	9097330	1.44e-51	206	KN006_v1
AL7G31510	scaffold_7_RagTag	91.724	145	10	1	598	742	9110279	9110421	6.69e-50	200	KN006_v1
AL7G31510	scaffold_7_RagTag	100	69	0	0	1	69	9926783	9926715	3.2e-28	128	KN006_v1
AL7G31510	scaffold_7_RagTag	95.946	74	1	2	1	72	6367976	6368049	1.93e-25	119	KN006_v1
AL7G31510	scaffold_7_RagTag	97.101	69	2	0	1	69	1484021	1483953	6.93e-25	117	KN006_v1
AL7G31510	scaffold_7_RagTag	98.485	66	1	0	1	66	1618236	1618171	6.93e-25	117	KN006_v1
AL7G31510	scaffold_7_RagTag	98.485	66	1	0	1	66	2405136	2405201	6.93e-25	117	KN006_v1
AL7G31510	scaffold_7_RagTag	97.101	69	2	0	1	69	8199121	8199053	6.93e-25	117	KN006_v1
AL7G31510	scaffold_7_RagTag	98.485	66	1	0	1	66	10092784	10092719	6.93e-25	117	KN006_v1
AL7G31510	scaffold_7_RagTag	97.101	69	2	0	1	69	14848722	14848790	6.93e-25	117	KN006_v1
AL7G31510	scaffold_7_RagTag	97.101	69	2	0	1	69	15085064	15084996	6.93e-25	117	KN006_v1
AL7G31510	scaffold_7_RagTag	98.485	66	1	0	1	66	22184463	22184398	6.93e-25	117	KN006_v1
AL7G31510	scaffold_7_RagTag	98.462	65	1	0	1	65	6311832	6311896	2.49e-24	115	KN006_v1
AL7G31510	scaffold_7_RagTag	97.059	68	2	0	1	68	24061587	24061654	2.49e-24	115	KN006_v1
AL7G31510	scaffold_7_RagTag	98.438	64	1	0	1	64	22399415	22399352	8.96e-24	113	KN006_v1
AL7G31510	scaffold_7_RagTag	96.97	66	2	0	1	66	24217412	24217477	3.22e-23	111	KN006_v1
AL7G31510	scaffold_7_RagTag	96.923	65	2	0	5	69	17244126	17244062	1.16e-22	110	KN006_v1
AL7G31510	scaffold_7_RagTag	95.522	67	3	0	1	67	16058586	16058520	4.17e-22	108	KN006_v1
AL7G31510	scaffold_7_RagTag	95.455	66	3	0	1	66	15013933	15013868	1.5e-21	106	KN006_v1
AL7G31510	scaffold_7_RagTag	98.305	59	1	0	1	59	26522629	26522687	5.39e-21	104	KN006_v1
AL7G31510	scaffold_7_RagTag	98.305	59	1	0	1	59	26603417	26603475	5.39e-21	104	KN006_v1
AL7G31510	scaffold_7_RagTag	98.305	59	1	0	1	59	26688359	26688417	5.39e-21	104	KN006_v1
AL7G31510	scaffold_7_RagTag	98.305	59	1	0	1	59	26771790	26771848	5.39e-21	104	KN006_v1
AL7G31510	scaffold_7_RagTag	98.305	59	1	0	1	59	26856773	26856831	5.39e-21	104	KN006_v1
AL7G31510	scaffold_7_RagTag	94.643	56	3	0	13	68	8951604	8951549	5.43e-16	87.9	KN006_v1
AL7G31510	scaffold_7_RagTag	100	32	0	0	36	67	16591279	16591248	1.18e-07	60.2	KN006_v1
AL7G31510	scaffold_7_RagTag	100	32	0	0	36	67	16820889	16820858	1.18e-07	60.2	KN006_v1
AL7G31510	scaffold_4_RagTag	100	71	0	0	1	71	17802029	17801959	2.47e-29	132	KN006_v1
AL7G31510	scaffold_4_RagTag	100	69	0	0	1	69	11155418	11155486	3.2e-28	128	KN006_v1
AL7G31510	scaffold_4_RagTag	100	68	0	0	1	68	2686697	2686764	1.15e-27	126	KN006_v1
AL7G31510	scaffold_4_RagTag	94.937	79	2	2	1	77	441196	441118	1.49e-26	122	KN006_v1
AL7G31510	scaffold_4_RagTag	100	66	0	0	1	66	11489528	11489463	1.49e-26	122	KN006_v1
AL7G31510	scaffold_4_RagTag	98.551	69	1	0	1	69	19060535	19060603	1.49e-26	122	KN006_v1
AL7G31510	scaffold_4_RagTag	98.551	69	1	0	1	69	24369898	24369966	1.49e-26	122	KN006_v1
AL7G31510	scaffold_4_RagTag	97.183	71	2	0	1	71	1281084	1281154	5.35e-26	121	KN006_v1
AL7G31510	scaffold_4_RagTag	97.101	69	2	0	1	69	24251966	24251898	6.93e-25	117	KN006_v1
AL7G31510	scaffold_4_RagTag	97.059	68	2	0	1	68	17128681	17128614	2.49e-24	115	KN006_v1
AL7G31510	scaffold_4_RagTag	97.059	68	2	0	1	68	18615655	18615722	2.49e-24	115	KN006_v1
AL7G31510	scaffold_4_RagTag	96.97	66	2	0	1	66	3707940	3708005	3.22e-23	111	KN006_v1
AL7G31510	scaffold_4_RagTag	94.286	70	4	0	1	70	3177093	3177024	4.17e-22	108	KN006_v1
AL7G31510	scaffold_4_RagTag	95.588	68	2	1	1	68	22417038	22417104	4.17e-22	108	KN006_v1
AL7G31510	scaffold_4_RagTag	95.455	66	3	0	1	66	1703079	1703014	1.5e-21	106	KN006_v1
AL7G31510	scaffold_4_RagTag	95.455	66	3	0	1	66	21598965	21599030	1.5e-21	106	KN006_v1
AL7G31510	scaffold_1_RagTag	100	71	0	0	1	71	29091161	29091231	2.47e-29	132	KN006_v1
AL7G31510	scaffold_1_RagTag	100	69	0	0	1	69	10680287	10680355	3.2e-28	128	KN006_v1
AL7G31510	scaffold_1_RagTag	100	69	0	0	1	69	17824499	17824431	3.2e-28	128	KN006_v1
AL7G31510	scaffold_1_RagTag	96.104	77	3	0	1	77	4253691	4253615	1.15e-27	126	KN006_v1
AL7G31510	scaffold_1_RagTag	100	68	0	0	1	68	24964842	24964775	1.15e-27	126	KN006_v1
AL7G31510	scaffold_1_RagTag	98.571	70	1	0	1	70	3325640	3325709	4.14e-27	124	KN006_v1
AL7G31510	scaffold_1_RagTag	97.26	73	2	0	1	73	14058775	14058703	4.14e-27	124	KN006_v1
AL7G31510	scaffold_1_RagTag	100	66	0	0	1	66	4845587	4845522	1.49e-26	122	KN006_v1
AL7G31510	scaffold_1_RagTag	98.551	69	1	0	1	69	9400731	9400799	1.49e-26	122	KN006_v1
AL7G31510	scaffold_1_RagTag	100	66	0	0	1	66	10448651	10448716	1.49e-26	122	KN006_v1
AL7G31510	scaffold_1_RagTag	98.551	69	1	0	1	69	11184574	11184506	1.49e-26	122	KN006_v1
AL7G31510	scaffold_1_RagTag	100	66	0	0	1	66	13932787	13932852	1.49e-26	122	KN006_v1
AL7G31510	scaffold_1_RagTag	98.551	69	1	0	1	69	14899444	14899376	1.49e-26	122	KN006_v1
AL7G31510	scaffold_1_RagTag	100	66	0	0	1	66	17961458	17961523	1.49e-26	122	KN006_v1
AL7G31510	scaffold_1_RagTag	96	75	3	0	1	75	29353857	29353783	1.49e-26	122	KN006_v1
AL7G31510	scaffold_1_RagTag	95.946	74	3	0	1	74	25440288	25440215	5.35e-26	121	KN006_v1
AL7G31510	scaffold_1_RagTag	97.101	69	2	0	1	69	8089929	8089861	6.93e-25	117	KN006_v1
AL7G31510	scaffold_1_RagTag	96.97	66	2	0	1	66	9902119	9902184	3.22e-23	111	KN006_v1
AL7G31510	scaffold_1_RagTag	95.652	69	3	0	1	69	10680927	10680995	3.22e-23	111	KN006_v1
AL7G31510	scaffold_1_RagTag	95.652	69	3	0	1	69	24543310	24543242	3.22e-23	111	KN006_v1
AL7G31510	scaffold_1_RagTag	95.522	67	3	0	1	67	12977211	12977145	4.17e-22	108	KN006_v1
AL7G31510	scaffold_1_RagTag	95.455	66	3	0	1	66	4624296	4624231	1.5e-21	106	KN006_v1
AL7G31510	scaffold_1_RagTag	93.056	72	5	0	1	72	6176985	6176914	1.5e-21	106	KN006_v1
AL7G31510	scaffold_1_RagTag	94.203	69	4	0	1	69	6601397	6601329	1.5e-21	106	KN006_v1
AL7G31510	scaffold_1_RagTag	95.455	66	3	0	1	66	25154172	25154237	1.5e-21	106	KN006_v1
AL7G31510	scaffold_1_RagTag	94.118	68	4	0	1	68	5524436	5524503	5.39e-21	104	KN006_v1
AL7G31510	scaffold_1_RagTag	97.872	47	0	1	24	69	14223739	14223693	9.09e-14	80.5	KN006_v1
AL7G31510	scaffold_1_RagTag	92.157	51	4	0	17	67	18127137	18127087	1.52e-11	73.1	KN006_v1
AL7G31510	scaffold_1_RagTag	100	33	0	0	1	33	11184604	11184572	3.29e-08	62.1	KN006_v1
AL7G31510	scaffold_6_RagTag	97.368	76	2	0	1	76	1949369	1949294	8.9e-29	130	KN006_v1
AL7G31510	scaffold_6_RagTag	98.649	74	0	1	1	74	12311306	12311234	8.9e-29	130	KN006_v1
AL7G31510	scaffold_6_RagTag	97.368	76	1	1	1	76	7338537	7338611	3.2e-28	128	KN006_v1
AL7G31510	scaffold_6_RagTag	100	68	0	0	1	68	4864433	4864366	1.15e-27	126	KN006_v1
AL7G31510	scaffold_6_RagTag	98.571	70	1	0	1	70	11642815	11642746	4.14e-27	124	KN006_v1
AL7G31510	scaffold_6_RagTag	98.571	70	1	0	1	70	23450009	23450078	4.14e-27	124	KN006_v1
AL7G31510	scaffold_6_RagTag	97.143	70	2	0	1	70	7363574	7363505	1.93e-25	119	KN006_v1
AL7G31510	scaffold_6_RagTag	97.143	70	2	0	1	70	12356347	12356278	1.93e-25	119	KN006_v1
AL7G31510	scaffold_6_RagTag	100	64	0	0	1	64	21658554	21658491	1.93e-25	119	KN006_v1
AL7G31510	scaffold_6_RagTag	98.485	66	1	0	1	66	7307901	7307836	6.93e-25	117	KN006_v1
AL7G31510	scaffold_6_RagTag	97.101	69	2	0	1	69	7982512	7982444	6.93e-25	117	KN006_v1
AL7G31510	scaffold_6_RagTag	96.97	66	2	0	1	66	1929973	1930038	3.22e-23	111	KN006_v1
AL7G31510	scaffold_6_RagTag	95.652	69	3	0	1	69	8573077	8573009	3.22e-23	111	KN006_v1
AL7G31510	scaffold_6_RagTag	95.652	69	3	0	1	69	19330372	19330440	3.22e-23	111	KN006_v1
AL7G31510	scaffold_6_RagTag	95.588	68	3	0	1	68	6569051	6569118	1.16e-22	110	KN006_v1
AL7G31510	scaffold_6_RagTag	95.455	66	3	0	1	66	20017149	20017214	1.5e-21	106	KN006_v1
AL7G31510	scaffold_6_RagTag	95.455	66	3	0	1	66	21855505	21855570	1.5e-21	106	KN006_v1
AL7G31510	scaffold_6_RagTag	94.118	68	4	0	1	68	9852112	9852179	5.39e-21	104	KN006_v1
AL7G31510	scaffold_6_RagTag	94.444	54	3	0	17	70	21659636	21659583	7.03e-15	84.2	KN006_v1
AL7G31510	scaffold_5_RagTag	98.611	72	1	0	1	72	10259665	10259736	3.2e-28	128	KN006_v1
AL7G31510	scaffold_5_RagTag	100	69	0	0	1	69	20157603	20157671	3.2e-28	128	KN006_v1
AL7G31510	scaffold_5_RagTag	100	67	0	0	1	67	16796189	16796123	4.14e-27	124	KN006_v1
AL7G31510	scaffold_5_RagTag	100	66	0	0	1	66	21012725	21012790	1.49e-26	122	KN006_v1
AL7G31510	scaffold_5_RagTag	98.551	69	1	0	1	69	21400285	21400353	1.49e-26	122	KN006_v1
AL7G31510	scaffold_5_RagTag	90.426	94	5	4	1	93	2505097	2505007	5.35e-26	121	KN006_v1
AL7G31510	scaffold_5_RagTag	97.183	71	2	0	1	71	4973793	4973863	5.35e-26	121	KN006_v1
AL7G31510	scaffold_5_RagTag	97.143	70	2	0	1	70	17507093	17507024	1.93e-25	119	KN006_v1
AL7G31510	scaffold_5_RagTag	98.485	66	1	0	1	66	3585034	3585099	6.93e-25	117	KN006_v1
AL7G31510	scaffold_5_RagTag	98.485	66	1	0	1	66	19125873	19125938	6.93e-25	117	KN006_v1
AL7G31510	scaffold_5_RagTag	97.101	69	2	0	1	69	20320895	20320827	6.93e-25	117	KN006_v1
AL7G31510	scaffold_5_RagTag	98.485	66	1	0	1	66	20393508	20393443	6.93e-25	117	KN006_v1
AL7G31510	scaffold_5_RagTag	97.101	69	1	1	1	68	14256999	14256931	2.49e-24	115	KN006_v1
AL7G31510	scaffold_5_RagTag	96.97	66	2	0	1	66	6623218	6623153	3.22e-23	111	KN006_v1
AL7G31510	scaffold_5_RagTag	95.652	69	3	0	1	69	14558456	14558524	3.22e-23	111	KN006_v1
AL7G31510	scaffold_5_RagTag	96.97	66	2	0	1	66	21296393	21296458	3.22e-23	111	KN006_v1
AL7G31510	scaffold_5_RagTag	95.588	68	3	0	1	68	22291776	22291709	1.16e-22	110	KN006_v1
AL7G31510	scaffold_5_RagTag	95.455	66	3	0	1	66	6764656	6764591	1.5e-21	106	KN006_v1
AL7G31510	scaffold_5_RagTag	94.203	69	4	0	1	69	17354782	17354714	1.5e-21	106	KN006_v1
AL7G31510	scaffold_3_RagTag	98.611	72	1	0	1	72	14594872	14594943	3.2e-28	128	KN006_v1
AL7G31510	scaffold_3_RagTag	100	68	0	0	1	68	21371716	21371783	1.15e-27	126	KN006_v1
AL7G31510	scaffold_3_RagTag	98.571	70	1	0	1	70	6233506	6233437	4.14e-27	124	KN006_v1
AL7G31510	scaffold_3_RagTag	100	66	0	0	1	66	23016882	23016817	1.49e-26	122	KN006_v1
AL7G31510	scaffold_3_RagTag	97.183	71	2	0	1	71	2185987	2185917	5.35e-26	121	KN006_v1
AL7G31510	scaffold_3_RagTag	98.529	68	1	0	1	68	15853815	15853748	5.35e-26	121	KN006_v1
AL7G31510	scaffold_3_RagTag	98.507	67	1	0	1	67	23283531	23283465	1.93e-25	119	KN006_v1
AL7G31510	scaffold_3_RagTag	97.101	69	2	0	1	69	15632614	15632546	6.93e-25	117	KN006_v1
AL7G31510	scaffold_3_RagTag	97.101	69	2	0	1	69	20511708	20511776	6.93e-25	117	KN006_v1
AL7G31510	scaffold_3_RagTag	100	63	0	0	1	63	26485446	26485508	6.93e-25	117	KN006_v1
AL7G31510	scaffold_3_RagTag	95.89	73	2	1	1	73	27099573	27099502	6.93e-25	117	KN006_v1
AL7G31510	scaffold_3_RagTag	97.059	68	2	0	1	68	21463447	21463380	2.49e-24	115	KN006_v1
AL7G31510	scaffold_3_RagTag	97.015	67	2	0	1	67	14683442	14683508	8.96e-24	113	KN006_v1
AL7G31510	scaffold_3_RagTag	96.97	66	2	0	1	66	2450317	2450382	3.22e-23	111	KN006_v1
AL7G31510	scaffold_3_RagTag	95.652	69	3	0	1	69	2454747	2454679	3.22e-23	111	KN006_v1
AL7G31510	scaffold_3_RagTag	96.97	66	2	0	1	66	3945021	3945086	3.22e-23	111	KN006_v1
AL7G31510	scaffold_3_RagTag	95.588	68	3	0	1	68	15633842	15633775	1.16e-22	110	KN006_v1
AL7G31510	scaffold_3_RagTag	95.455	66	3	0	1	66	4755132	4755197	1.5e-21	106	KN006_v1
AL7G31510	scaffold_2_RagTag	98.611	72	1	0	1	72	16075824	16075895	3.2e-28	128	KN006_v1
AL7G31510	scaffold_2_RagTag	100	66	0	0	1	66	1614331	1614266	1.49e-26	122	KN006_v1
AL7G31510	scaffold_2_RagTag	98.485	66	1	0	1	66	1963942	1964007	6.93e-25	117	KN006_v1
AL7G31510	scaffold_2_RagTag	98.485	66	1	0	1	66	15957120	15957185	6.93e-25	117	KN006_v1
AL7G31510	scaffold_2_RagTag	97.101	69	2	0	1	69	21726424	21726356	6.93e-25	117	KN006_v1
AL7G31510	scaffold_2_RagTag	95.89	73	2	1	1	72	22408324	22408396	6.93e-25	117	KN006_v1
AL7G31510	scaffold_2_RagTag	97.059	68	2	0	1	68	21005118	21005051	2.49e-24	115	KN006_v1
AL7G31510	scaffold_2_RagTag	98.413	63	1	0	1	63	21759852	21759914	3.22e-23	111	KN006_v1
AL7G31510	scaffold_2_RagTag	95.522	67	3	0	1	67	17390228	17390294	4.17e-22	108	KN006_v1
AL7G31510	scaffold_8_RagTag	100	68	0	0	1	68	5168856	5168923	1.15e-27	126	KN006_v1
AL7G31510	scaffold_8_RagTag	100	66	0	0	1	66	17887217	17887282	1.49e-26	122	KN006_v1
AL7G31510	scaffold_8_RagTag	98.529	68	1	0	1	68	329289	329222	5.35e-26	121	KN006_v1
AL7G31510	scaffold_8_RagTag	98.529	68	1	0	1	68	3525483	3525416	5.35e-26	121	KN006_v1
AL7G31510	scaffold_8_RagTag	100	65	0	0	1	65	4640478	4640542	5.35e-26	121	KN006_v1
AL7G31510	scaffold_8_RagTag	98.529	68	1	0	1	68	11705307	11705240	5.35e-26	121	KN006_v1
AL7G31510	scaffold_8_RagTag	98.485	66	1	0	1	66	16228185	16228120	6.93e-25	117	KN006_v1
AL7G31510	scaffold_8_RagTag	98.485	66	1	0	1	66	17746625	17746560	6.93e-25	117	KN006_v1
AL7G31510	scaffold_8_RagTag	98.462	65	1	0	1	65	2740022	2739958	2.49e-24	115	KN006_v1
AL7G31510	scaffold_8_RagTag	97.015	67	2	0	1	67	11706265	11706199	8.96e-24	113	KN006_v1
AL7G31510	scaffold_8_RagTag	95.714	70	3	0	1	70	14981604	14981535	8.96e-24	113	KN006_v1
AL7G31510	scaffold_8_RagTag	98.438	64	1	0	1	64	21250960	21251023	8.96e-24	113	KN006_v1
AL7G31510	scaffold_8_RagTag	95.588	68	3	0	1	68	12150472	12150539	1.16e-22	110	KN006_v1
AL7G31510	scaffold_8_RagTag	98.387	62	1	0	6	67	13765275	13765214	1.16e-22	110	KN006_v1
AL7G31510	scaffold_8_RagTag	92.754	69	5	0	1	69	3526796	3526864	6.98e-20	100	KN006_v1
AL7G31510	scaffold_8_RagTag	91.549	71	6	0	1	71	14687601	14687531	2.51e-19	99	KN006_v1
AL7G31520	scaffold_7_RagTag	99.576	1886	8	0	1	1886	9108362	9110247	0	3439	KN006_v1
AL7G31520	scaffold_7_RagTag	82.133	694	107	11	1523	2212	8787990	8787310	2.16e-163	579	KN006_v1
AL7G31520	scaffold_7_RagTag	80.323	681	112	12	1527	2203	9105368	9106030	2.23e-138	496	KN006_v1
AL7G31520	scaffold_7_RagTag	79.887	711	105	22	1070	1757	9101806	9102501	1.34e-135	486	KN006_v1
AL7G31520	scaffold_7_RagTag	83.495	412	47	10	1854	2258	9107633	9108030	6.58e-99	364	KN006_v1
AL7G31520	scaffold_7_RagTag	84.043	376	49	7	1841	2212	9094077	9094445	5.12e-95	351	KN006_v1
AL7G31520	scaffold_7_RagTag	82.4	375	48	13	1842	2204	9102610	9102978	8.69e-83	311	KN006_v1
AL7G31520	scaffold_7_RagTag	82.181	376	51	10	1842	2212	9099312	9099676	3.12e-82	309	KN006_v1
AL7G31520	scaffold_7_RagTag	98.256	172	3	0	2111	2282	9110274	9110445	5.23e-80	302	KN006_v1
AL7G31520	scaffold_7_RagTag	81.299	385	58	10	1846	2226	8891507	8891881	1.88e-79	300	KN006_v1
AL7G31520	scaffold_7_RagTag	89.655	232	22	2	1524	1755	9092481	9092710	8.75e-78	294	KN006_v1
AL7G31520	scaffold_7_RagTag	74.15	735	146	35	1047	1753	8890669	8891387	6.86e-69	265	KN006_v1
AL7G31520	scaffold_7_RagTag	84.116	277	39	5	1517	1791	8789344	8789071	2.47e-68	263	KN006_v1
AL7G31520	scaffold_7_RagTag	82.927	246	30	11	1524	1760	9093733	9093975	9.06e-53	211	KN006_v1
AL7G31520	scaffold_7_RagTag	85.366	164	20	4	1592	1753	8857790	8857629	1.99e-39	167	KN006_v1
AL7G31520	scaffold_7_RagTag	80.357	168	24	7	714	880	9105422	9105581	5.65e-25	119	KN006_v1
AL7G31520	scaffold_7_RagTag	100	48	0	0	568	615	9109010	9109057	4.43e-16	89.8	KN006_v1
AL7G31520	scaffold_7_RagTag	97.436	39	1	0	588	626	9109000	9109038	2.08e-09	67.6	KN006_v1
AL7G31520	scaffold_7_RagTag	94.872	39	2	0	639	677	9108949	9108987	9.66e-08	62.1	KN006_v1
AL7G31520	scaffold_7_RagTag	100	32	0	0	1911	1942	9110247	9110278	3.47e-07	60.2	KN006_v1
AL7G31520	scaffold_1_RagTag	78.434	677	88	27	1525	2150	29178908	29178239	3.9e-106	388	KN006_v1
AL7G31520	scaffold_1_RagTag	78.846	416	62	13	1052	1450	29179363	29178957	1.15e-66	257	KN006_v1
AL8G44570	scaffold_8_RagTag	99.652	574	2	0	1	574	21921557	21922130	0	1050	KN006_v1
AL1G60840	scaffold_1_RagTag	100	1794	0	0	1	1794	28270981	28272774	0	3314	MN47_mabs_v3
AL1G60840	scaffold_7_RagTag	78.556	942	134	32	862	1794	8955602	8954720	2.2e-157	558	MN47_mabs_v3
AL1G60840	scaffold_7_RagTag	77.707	942	142	36	862	1794	8662419	8663301	4.83e-144	514	MN47_mabs_v3
AL1G60840	scaffold_7_RagTag	78.466	678	86	28	701	1370	8961201	8960576	3.06e-106	388	MN47_mabs_v3
AL1G60840	scaffold_7_RagTag	84.656	378	43	10	162	534	13745538	13745905	1.85e-98	363	MN47_mabs_v3
AL1G60840	scaffold_7_RagTag	77.155	696	108	29	1132	1789	8952227	8951545	8.62e-97	357	MN47_mabs_v3
AL1G60840	scaffold_7_RagTag	82.825	361	41	8	701	1061	8951189	8950850	1.14e-80	303	MN47_mabs_v3
AL1G60840	scaffold_7_RagTag	79.301	372	57	7	1419	1783	8960501	8960143	2.52e-62	243	MN47_mabs_v3
AL1G60840	scaffold_7_RagTag	84.979	233	31	3	1132	1363	8664025	8664254	1.52e-59	233	MN47_mabs_v3
AL1G60840	scaffold_7_RagTag	83.396	265	23	10	718	982	8944414	8944171	2.54e-57	226	MN47_mabs_v3
AL1G60840	scaffold_7_RagTag	83.193	238	29	10	1130	1363	8944007	8943777	9.19e-52	207	MN47_mabs_v3
AL1G60840	scaffold_7_RagTag	80.851	282	23	12	701	982	8732252	8732502	2.57e-47	193	MN47_mabs_v3
AL1G60840	scaffold_7_RagTag	80	260	46	6	1125	1379	8945272	8945014	1.2e-45	187	MN47_mabs_v3
AL1G60840	scaffold_7_RagTag	80.169	237	36	10	1140	1370	8761267	8761036	1.56e-39	167	MN47_mabs_v3
AL1G60840	scaffold_7_RagTag	90.323	124	12	0	700	823	8955728	8955605	2.02e-38	163	MN47_mabs_v3
AL1G60840	scaffold_7_RagTag	90.083	121	12	0	862	982	8946971	8946851	9.38e-37	158	MN47_mabs_v3
AL1G60840	scaffold_7_RagTag	82.759	174	29	1	1140	1312	8732678	8732851	1.21e-35	154	MN47_mabs_v3
AL1G60840	scaffold_7_RagTag	86.777	121	16	0	862	982	8761563	8761443	4.4e-30	135	MN47_mabs_v3
AL1G60840	scaffold_6_RagTag	93.548	279	15	3	259	535	8984123	8983846	1.81e-113	412	MN47_mabs_v3
AL1G60840	scaffold_8_RagTag	89.919	248	19	3	280	525	14846580	14846823	5.26e-84	315	MN47_mabs_v3
AL6G37030	scaffold_6_RagTag	100	432	0	0	1	432	11479572	11480003	0	798	MN47_mabs_v3
AL7G30780	scaffold_7_RagTag	99.93	1435	1	0	1	1435	8661946	8663380	0	2645	MN47_mabs_v3
AL7G30780	scaffold_7_RagTag	91.041	1105	92	6	301	1401	8955775	8954674	0	1485	MN47_mabs_v3
AL7G30780	scaffold_7_RagTag	82.2	691	105	12	291	967	8961260	8960574	1.35e-163	579	MN47_mabs_v3
AL7G30780	scaffold_7_RagTag	79.332	629	100	19	298	905	8958661	8958042	4.02e-114	414	MN47_mabs_v3
AL7G30780	scaffold_7_RagTag	83.664	453	56	15	213	661	8949431	8948993	5.2e-113	411	MN47_mabs_v3
AL7G30780	scaffold_7_RagTag	85.427	398	52	2	259	653	8945762	8945368	1.87e-112	409	MN47_mabs_v3
AL7G30780	scaffold_7_RagTag	94.309	246	14	0	721	966	8664017	8664262	5.27e-103	377	MN47_mabs_v3
AL7G30780	scaffold_7_RagTag	82.74	365	53	5	291	647	8732193	8732555	1.17e-84	316	MN47_mabs_v3
AL7G30780	scaffold_7_RagTag	82.173	359	58	5	291	647	8761744	8761390	9.07e-81	303	MN47_mabs_v3
AL7G30780	scaffold_7_RagTag	81.57	293	39	3	367	644	8944413	8944121	5.62e-58	228	MN47_mabs_v3
AL7G30780	scaffold_7_RagTag	83.404	235	38	1	734	968	8944000	8943767	1.22e-54	217	MN47_mabs_v3
AL7G30780	scaffold_7_RagTag	88.043	184	21	1	291	473	8951248	8951065	1.22e-54	217	MN47_mabs_v3
AL7G30780	scaffold_7_RagTag	83.516	182	28	2	729	909	8732670	8732850	3.45e-40	169	MN47_mabs_v3
AL7G30780	scaffold_7_RagTag	79.31	232	43	3	739	966	8761265	8761035	7.48e-37	158	MN47_mabs_v3
AL7G30780	scaffold_1_RagTag	77.927	965	144	37	474	1378	28271842	28272797	2.29e-151	538	MN47_mabs_v3
AL7G31470	scaffold_7_RagTag	100	1235	0	0	1	1235	8944546	8945780	0	2281	MN47_mabs_v3
AL7G31470	scaffold_7_RagTag	86.367	1225	144	11	21	1235	8948199	8949410	0	1315	MN47_mabs_v3
AL7G31470	scaffold_7_RagTag	81.72	651	97	16	552	1185	8732838	8732193	5.49e-147	523	MN47_mabs_v3
AL7G31470	scaffold_7_RagTag	76.786	1008	183	33	23	1018	8950085	8951053	2.56e-145	518	MN47_mabs_v3
AL7G31470	scaffold_7_RagTag	76.316	1026	195	35	186	1185	8760741	8761744	1.99e-141	505	MN47_mabs_v3
AL7G31470	scaffold_7_RagTag	74.43	1228	244	51	28	1217	8951544	8952739	3.38e-129	464	MN47_mabs_v3
AL7G31470	scaffold_7_RagTag	79.781	638	104	19	548	1180	8958046	8958663	5.69e-122	440	MN47_mabs_v3
AL7G31470	scaffold_7_RagTag	85.427	398	52	2	823	1217	8662598	8662204	1.61e-112	409	MN47_mabs_v3
AL7G31470	scaffold_7_RagTag	79.658	585	93	14	548	1110	8943834	8944414	3.47e-109	398	MN47_mabs_v3
AL7G31470	scaffold_7_RagTag	84.658	365	49	6	823	1184	8955423	8955783	5.9e-97	357	MN47_mabs_v3
AL7G31470	scaffold_7_RagTag	84.043	376	49	7	821	1189	8960892	8961263	2.74e-95	351	MN47_mabs_v3
AL7G31470	scaffold_7_RagTag	82.927	246	30	11	477	719	8960575	8960811	4.86e-53	211	MN47_mabs_v3
AL7G31470	scaffold_1_RagTag	80.478	251	43	6	478	727	28272350	28272105	8.19e-46	187	MN47_mabs_v3
AL7G31480	scaffold_7_RagTag	100	1329	0	0	1	1329	8948165	8949493	0	2455	MN47_mabs_v3
AL7G31480	scaffold_7_RagTag	86.595	1298	146	17	35	1318	8944566	8945849	0	1408	MN47_mabs_v3
AL7G31480	scaffold_7_RagTag	76.408	1030	190	37	194	1196	8760741	8761744	5.96e-142	507	MN47_mabs_v3
AL7G31480	scaffold_7_RagTag	80.125	639	103	19	556	1191	8958046	8958663	2.19e-126	455	MN47_mabs_v3
AL7G31480	scaffold_7_RagTag	83.664	453	56	15	829	1267	8662606	8662158	4.81e-113	411	MN47_mabs_v3
AL7G31480	scaffold_7_RagTag	82.181	376	51	10	836	1200	8960893	8961263	1.8e-82	309	MN47_mabs_v3
AL7G31480	scaffold_7_RagTag	83.275	287	41	3	7	286	8950048	8950334	6.63e-67	257	MN47_mabs_v3
AL7G31480	scaffold_7_RagTag	75.598	418	74	19	6	407	8733344	8732939	4.11e-44	182	MN47_mabs_v3
AL7G31480	scaffold_7_RagTag	78.988	257	51	2	59	312	8943285	8943541	2.47e-41	172	MN47_mabs_v3
AL7G31480	scaffold_7_RagTag	82.873	181	28	2	875	1055	8946830	8947007	1.92e-37	159	MN47_mabs_v3
AL7G31480	scaffold_7_RagTag	79.31	232	36	10	488	716	8664259	8664037	3.22e-35	152	MN47_mabs_v3
AL7G31490	scaffold_7_RagTag	100	2840	0	0	1	2840	8949974	8952813	0	5245	MN47_mabs_v3
AL7G31490	scaffold_7_RagTag	76.74	1006	187	28	112	1080	8944568	8945563	5.95e-145	518	MN47_mabs_v3
AL7G31490	scaffold_7_RagTag	79.747	711	106	22	1555	2250	8960121	8960808	7.81e-134	481	MN47_mabs_v3
AL7G31490	scaffold_7_RagTag	74.367	1264	251	55	1571	2801	8944573	8945796	4.7e-131	472	MN47_mabs_v3
AL7G31490	scaffold_7_RagTag	80.398	653	89	23	2080	2726	8958044	8958663	1.02e-127	460	MN47_mabs_v3
AL7G31490	scaffold_7_RagTag	79.285	671	109	16	541	1199	8943762	8944414	3.68e-122	442	MN47_mabs_v3
AL7G31490	scaffold_7_RagTag	75.245	1022	197	39	1729	2722	8760741	8761734	6.16e-120	435	MN47_mabs_v3
AL7G31490	scaffold_7_RagTag	79.452	657	96	25	2085	2722	8732839	8732203	2.87e-118	429	MN47_mabs_v3
AL7G31490	scaffold_7_RagTag	77.632	684	110	22	616	1284	8732839	8732184	3.79e-102	375	MN47_mabs_v3
AL7G31490	scaffold_7_RagTag	73.845	1017	212	38	1561	2565	8950080	8951054	4.94e-96	355	MN47_mabs_v3
AL7G31490	scaffold_7_RagTag	73.845	1017	212	38	107	1081	8951534	8952538	4.94e-96	355	MN47_mabs_v3
AL7G31490	scaffold_7_RagTag	81.846	325	47	6	42	361	8948133	8948450	3.08e-68	263	MN47_mabs_v3
AL7G31490	scaffold_7_RagTag	93.452	168	8	1	38	205	8947749	8947913	3.1e-63	246	MN47_mabs_v3
AL7G31490	scaffold_7_RagTag	89.474	190	20	0	1095	1284	8761564	8761753	1.44e-61	241	MN47_mabs_v3
AL7G31490	scaffold_7_RagTag	89.831	177	18	0	1093	1269	8955604	8955780	1.12e-57	228	MN47_mabs_v3
AL7G31490	scaffold_7_RagTag	82.692	260	41	3	109	364	8956580	8956839	1.12e-57	228	MN47_mabs_v3
AL7G31490	scaffold_7_RagTag	89.143	175	18	1	1101	1275	8662409	8662236	2.43e-54	217	MN47_mabs_v3
AL7G31490	scaffold_7_RagTag	84.516	155	24	0	923	1077	8946830	8946984	1.93e-35	154	MN47_mabs_v3
AL7G31490	scaffold_7_RagTag	84.81	79	10	2	415	492	8956905	8956982	1.2e-12	78.7	MN47_mabs_v3
AL7G31490	scaffold_1_RagTag	77.419	713	110	29	1555	2254	28272786	28272112	1.05e-102	377	MN47_mabs_v3
AL7G31490	scaffold_1_RagTag	82.825	361	41	8	877	1216	28272041	28271681	1.81e-80	303	MN47_mabs_v3
AL7G31500	scaffold_7_RagTag	100	1286	0	0	1	1286	8954568	8955853	0	2375	MN47_mabs_v3
AL7G31500	scaffold_7_RagTag	90.975	1108	93	6	107	1211	8663346	8662243	0	1485	MN47_mabs_v3
AL7G31500	scaffold_7_RagTag	80.938	682	111	12	546	1213	8960578	8961254	2.06e-146	521	MN47_mabs_v3
AL7G31500	scaffold_7_RagTag	78.639	632	103	21	604	1213	8958042	8958663	6.06e-107	390	MN47_mabs_v3
AL7G31500	scaffold_7_RagTag	84.658	365	49	6	856	1216	8945368	8945729	6.15e-97	357	MN47_mabs_v3
AL7G31500	scaffold_7_RagTag	92.245	245	19	0	544	788	8664261	8664017	3.7e-94	348	MN47_mabs_v3
AL7G31500	scaffold_7_RagTag	82.72	353	54	6	862	1208	8732555	8732204	6.28e-82	307	MN47_mabs_v3
AL7G31500	scaffold_7_RagTag	81.556	347	61	2	862	1208	8761390	8761733	1.06e-74	283	MN47_mabs_v3
AL7G31500	scaffold_7_RagTag	89.831	177	18	0	1037	1213	8951066	8951242	5.03e-58	228	MN47_mabs_v3
AL7G31500	scaffold_7_RagTag	83.117	231	34	5	547	775	8943773	8944000	2.36e-51	206	MN47_mabs_v3
AL7G31500	scaffold_7_RagTag	79.252	294	46	4	865	1143	8944121	8944414	6.6e-47	191	MN47_mabs_v3
AL7G31500	scaffold_7_RagTag	82.474	194	31	2	894	1087	8946830	8947020	1.11e-39	167	MN47_mabs_v3
AL7G31500	scaffold_7_RagTag	80.588	170	33	0	611	780	8732839	8732670	4.05e-29	132	MN47_mabs_v3
AL7G31500	scaffold_7_RagTag	77.391	230	45	4	546	770	8761038	8761265	1.46e-28	130	MN47_mabs_v3
AL7G31500	scaffold_7_RagTag	80.838	167	30	1	600	764	8959765	8959931	1.46e-28	130	MN47_mabs_v3
AL7G31500	scaffold_1_RagTag	78.848	955	134	32	140	1035	28272787	28271842	9.31e-165	582	MN47_mabs_v3
AL7G31500	scaffold_1_RagTag	92.857	112	8	0	1050	1161	28271791	28271680	1.44e-38	163	MN47_mabs_v3
AL7G31510	scaffold_7_RagTag	100	795	0	0	1	795	8957979	8958773	0	1469	MN47_mabs_v3
AL7G31510	scaffold_7_RagTag	81.694	661	96	13	71	708	8761103	8761761	2.7e-148	527	MN47_mabs_v3
AL7G31510	scaffold_7_RagTag	81.381	666	94	17	71	708	8732839	8732176	5.84e-145	516	MN47_mabs_v3
AL7G31510	scaffold_7_RagTag	80.368	652	91	21	66	685	8952053	8952699	2.78e-128	460	MN47_mabs_v3
AL7G31510	scaffold_7_RagTag	84.746	472	56	9	66	523	8943832	8944301	9.99e-128	459	MN47_mabs_v3
AL7G31510	scaffold_7_RagTag	80.125	639	103	19	68	685	8948720	8949355	1.29e-126	455	MN47_mabs_v3
AL7G31510	scaffold_7_RagTag	79.781	638	104	19	68	685	8945093	8945725	3.62e-122	440	MN47_mabs_v3
AL7G31510	scaffold_7_RagTag	79.332	629	100	19	64	683	8662850	8662243	2.19e-114	414	MN47_mabs_v3
AL7G31510	scaffold_7_RagTag	78.639	632	103	21	64	685	8955171	8955780	3.7e-107	390	MN47_mabs_v3
AL7G31510	scaffold_7_RagTag	83.495	412	47	10	345	742	8960905	8961309	2.24e-99	364	MN47_mabs_v3
AL7G31510	scaffold_7_RagTag	86.243	189	26	0	372	560	8946830	8947018	1.44e-51	206	MN47_mabs_v3
AL7G31510	scaffold_7_RagTag	100	69	0	0	1	69	11943267	11943199	3.2e-28	128	MN47_mabs_v3
AL7G31510	scaffold_7_RagTag	98.551	69	1	0	1	69	27364054	27364122	1.49e-26	122	MN47_mabs_v3
AL7G31510	scaffold_7_RagTag	98.529	68	1	0	1	68	14721106	14721173	5.35e-26	121	MN47_mabs_v3
AL7G31510	scaffold_7_RagTag	97.143	70	2	0	1	70	14169993	14170062	1.93e-25	119	MN47_mabs_v3
AL7G31510	scaffold_7_RagTag	97.101	69	2	0	1	69	9633774	9633706	6.93e-25	117	MN47_mabs_v3
AL7G31510	scaffold_7_RagTag	94.667	75	4	0	1	75	12019249	12019175	6.93e-25	117	MN47_mabs_v3
AL7G31510	scaffold_7_RagTag	98.485	66	1	0	1	66	22324010	22323945	6.93e-25	117	MN47_mabs_v3
AL7G31510	scaffold_7_RagTag	98.485	66	1	0	1	66	24575335	24575400	6.93e-25	117	MN47_mabs_v3
AL7G31510	scaffold_7_RagTag	98.462	65	1	0	1	65	6261012	6261076	2.49e-24	115	MN47_mabs_v3
AL7G31510	scaffold_7_RagTag	98.462	65	1	0	5	69	16502450	16502386	2.49e-24	115	MN47_mabs_v3
AL7G31510	scaffold_7_RagTag	97.059	68	2	0	1	68	16715538	16715471	2.49e-24	115	MN47_mabs_v3
AL7G31510	scaffold_7_RagTag	95.833	72	2	1	1	71	23737042	23736971	2.49e-24	115	MN47_mabs_v3
AL7G31510	scaffold_7_RagTag	100	61	0	0	1	61	2555020	2555080	8.96e-24	113	MN47_mabs_v3
AL7G31510	scaffold_7_RagTag	94.595	74	3	1	1	73	4830492	4830419	8.96e-24	113	MN47_mabs_v3
AL7G31510	scaffold_7_RagTag	94.595	74	2	2	1	72	6317448	6317521	8.96e-24	113	MN47_mabs_v3
AL7G31510	scaffold_7_RagTag	96.97	66	2	0	1	66	1712974	1712909	3.22e-23	111	MN47_mabs_v3
AL7G31510	scaffold_7_RagTag	93.333	75	4	1	1	74	7618842	7618768	1.16e-22	110	MN47_mabs_v3
AL7G31510	scaffold_7_RagTag	95.522	67	3	0	1	67	15993974	15993908	4.17e-22	108	MN47_mabs_v3
AL7G31510	scaffold_7_RagTag	96.875	64	2	0	1	64	22505010	22504947	4.17e-22	108	MN47_mabs_v3
AL7G31510	scaffold_7_RagTag	95.455	66	3	0	1	66	8672259	8672194	1.5e-21	106	MN47_mabs_v3
AL7G31510	scaffold_7_RagTag	95.455	66	3	0	1	66	26674034	26673969	1.5e-21	106	MN47_mabs_v3
AL7G31510	scaffold_7_RagTag	98.305	59	1	0	1	59	26691604	26691662	5.39e-21	104	MN47_mabs_v3
AL7G31510	scaffold_7_RagTag	98.305	59	1	0	8	66	27286267	27286325	5.39e-21	104	MN47_mabs_v3
AL7G31510	scaffold_7_RagTag	93.939	66	4	0	1	66	14495342	14495277	6.98e-20	100	MN47_mabs_v3
AL7G31510	scaffold_4_RagTag	100	71	0	0	1	71	17685731	17685661	2.47e-29	132	MN47_mabs_v3
AL7G31510	scaffold_4_RagTag	100	69	0	0	1	69	11495359	11495427	3.2e-28	128	MN47_mabs_v3
AL7G31510	scaffold_4_RagTag	100	69	0	0	1	69	18990751	18990819	3.2e-28	128	MN47_mabs_v3
AL7G31510	scaffold_4_RagTag	98.571	70	1	0	1	70	14352675	14352744	4.14e-27	124	MN47_mabs_v3
AL7G31510	scaffold_4_RagTag	100	66	0	0	1	66	15699537	15699602	1.49e-26	122	MN47_mabs_v3
AL7G31510	scaffold_4_RagTag	96.053	76	2	1	1	76	18796126	18796200	1.49e-26	122	MN47_mabs_v3
AL7G31510	scaffold_4_RagTag	98.529	68	1	0	1	68	24255388	24255455	5.35e-26	121	MN47_mabs_v3
AL7G31510	scaffold_4_RagTag	98.485	66	1	0	1	66	11826916	11826851	6.93e-25	117	MN47_mabs_v3
AL7G31510	scaffold_4_RagTag	98.485	66	1	0	1	66	21463582	21463647	6.93e-25	117	MN47_mabs_v3
AL7G31510	scaffold_4_RagTag	97.101	69	2	0	1	69	24195894	24195962	6.93e-25	117	MN47_mabs_v3
AL7G31510	scaffold_4_RagTag	98.485	66	1	0	1	66	24319458	24319393	6.93e-25	117	MN47_mabs_v3
AL7G31510	scaffold_4_RagTag	95.775	71	3	0	1	71	1417468	1417538	2.49e-24	115	MN47_mabs_v3
AL7G31510	scaffold_4_RagTag	96.97	66	2	0	1	66	3768110	3768175	3.22e-23	111	MN47_mabs_v3
AL7G31510	scaffold_4_RagTag	96.97	66	2	0	1	66	22133960	22134025	3.22e-23	111	MN47_mabs_v3
AL7G31510	scaffold_4_RagTag	94.286	70	4	0	1	70	3287453	3287384	4.17e-22	108	MN47_mabs_v3
AL7G31510	scaffold_4_RagTag	95.588	68	2	1	1	68	22281901	22281967	4.17e-22	108	MN47_mabs_v3
AL7G31510	scaffold_4_RagTag	95.455	66	3	0	1	66	1799292	1799227	1.5e-21	106	MN47_mabs_v3
AL7G31510	scaffold_4_RagTag	94.118	68	4	0	1	68	1342585	1342652	5.39e-21	104	MN47_mabs_v3
AL7G31510	scaffold_4_RagTag	95.312	64	3	0	1	64	3169209	3169272	1.94e-20	102	MN47_mabs_v3
AL7G31510	scaffold_6_RagTag	98.649	74	0	1	1	74	12359676	12359604	8.9e-29	130	MN47_mabs_v3
AL7G31510	scaffold_6_RagTag	100	70	0	0	1	70	20768299	20768230	8.9e-29	130	MN47_mabs_v3
AL7G31510	scaffold_6_RagTag	97.368	76	1	1	1	76	7404448	7404522	3.2e-28	128	MN47_mabs_v3
AL7G31510	scaffold_6_RagTag	100	69	0	0	1	69	11703132	11703200	3.2e-28	128	MN47_mabs_v3
AL7G31510	scaffold_6_RagTag	98.571	70	1	0	1	70	24384244	24384313	4.14e-27	124	MN47_mabs_v3
AL7G31510	scaffold_6_RagTag	98.551	69	1	0	1	69	3932678	3932610	1.49e-26	122	MN47_mabs_v3
AL7G31510	scaffold_6_RagTag	98.551	69	1	0	1	69	8035523	8035455	1.49e-26	122	MN47_mabs_v3
AL7G31510	scaffold_6_RagTag	100	66	0	0	1	66	17818359	17818424	1.49e-26	122	MN47_mabs_v3
AL7G31510	scaffold_6_RagTag	98.551	69	1	0	1	69	23824280	23824212	1.49e-26	122	MN47_mabs_v3
AL7G31510	scaffold_6_RagTag	97.143	70	2	0	1	70	7427360	7427291	1.93e-25	119	MN47_mabs_v3
AL7G31510	scaffold_6_RagTag	100	64	0	0	1	64	22564075	22564012	1.93e-25	119	MN47_mabs_v3
AL7G31510	scaffold_6_RagTag	97.143	70	1	1	1	69	1777225	1777156	6.93e-25	117	MN47_mabs_v3
AL7G31510	scaffold_6_RagTag	97.101	69	2	0	1	69	17964490	17964422	6.93e-25	117	MN47_mabs_v3
AL7G31510	scaffold_6_RagTag	95.775	71	3	0	1	71	11002976	11003046	2.49e-24	115	MN47_mabs_v3
AL7G31510	scaffold_6_RagTag	96.97	66	2	0	1	66	8855827	8855892	3.22e-23	111	MN47_mabs_v3
AL7G31510	scaffold_6_RagTag	95.652	69	3	0	1	69	19677842	19677910	3.22e-23	111	MN47_mabs_v3
AL7G31510	scaffold_6_RagTag	95.588	68	3	0	1	68	6107087	6107154	1.16e-22	110	MN47_mabs_v3
AL7G31510	scaffold_6_RagTag	95.522	67	3	0	1	67	17233801	17233867	4.17e-22	108	MN47_mabs_v3
AL7G31510	scaffold_6_RagTag	95.455	66	3	0	1	66	1735735	1735800	1.5e-21	106	MN47_mabs_v3
AL7G31510	scaffold_6_RagTag	94.118	68	4	0	1	68	9799741	9799808	5.39e-21	104	MN47_mabs_v3
AL7G31510	scaffold_6_RagTag	94.03	67	4	0	1	67	17214964	17215030	1.94e-20	102	MN47_mabs_v3
AL7G31510	scaffold_6_RagTag	92.647	68	5	0	1	68	12595497	12595564	2.51e-19	99	MN47_mabs_v3
AL7G31510	scaffold_6_RagTag	92.424	66	5	0	5	70	12381114	12381049	3.25e-18	95.3	MN47_mabs_v3
AL7G31510	scaffold_6_RagTag	94.444	54	3	0	17	70	22565157	22565104	7.02e-15	84.2	MN47_mabs_v3
AL7G31510	scaffold_8_RagTag	100	69	0	0	1	69	14903412	14903344	3.2e-28	128	MN47_mabs_v3
AL7G31510	scaffold_8_RagTag	97.222	72	2	0	1	72	5036331	5036260	1.49e-26	122	MN47_mabs_v3
AL7G31510	scaffold_8_RagTag	98.529	68	1	0	1	68	5106792	5106859	5.35e-26	121	MN47_mabs_v3
AL7G31510	scaffold_8_RagTag	98.507	67	1	0	1	67	13636567	13636501	1.93e-25	119	MN47_mabs_v3
AL7G31510	scaffold_8_RagTag	98.507	67	1	0	1	67	18872696	18872762	1.93e-25	119	MN47_mabs_v3
AL7G31510	scaffold_8_RagTag	97.059	68	1	1	1	68	3503828	3503762	8.96e-24	113	MN47_mabs_v3
AL7G31510	scaffold_8_RagTag	96.97	66	2	0	1	66	18202719	18202654	3.22e-23	111	MN47_mabs_v3
AL7G31510	scaffold_8_RagTag	95.588	68	3	0	1	68	14088545	14088612	1.16e-22	110	MN47_mabs_v3
AL7G31510	scaffold_8_RagTag	95.455	66	3	0	1	66	22979221	22979156	1.5e-21	106	MN47_mabs_v3
AL7G31510	scaffold_8_RagTag	92.958	71	3	1	1	69	23075177	23075107	1.94e-20	102	MN47_mabs_v3
AL7G31510	scaffold_5_RagTag	100	69	0	0	1	69	21815163	21815231	3.2e-28	128	MN47_mabs_v3
AL7G31510	scaffold_5_RagTag	90.426	94	5	4	1	93	1944595	1944505	5.35e-26	121	MN47_mabs_v3
AL7G31510	scaffold_5_RagTag	97.183	71	1	1	1	70	4118337	4118267	1.93e-25	119	MN47_mabs_v3
AL7G31510	scaffold_5_RagTag	100	64	0	0	1	64	16352702	16352765	1.93e-25	119	MN47_mabs_v3
AL7G31510	scaffold_5_RagTag	97.183	71	1	1	1	71	23267738	23267669	1.93e-25	119	MN47_mabs_v3
AL7G31510	scaffold_5_RagTag	98.485	66	1	0	1	66	20800929	20800994	6.93e-25	117	MN47_mabs_v3
AL7G31510	scaffold_5_RagTag	98.485	66	1	0	1	66	21970815	21970750	6.93e-25	117	MN47_mabs_v3
AL7G31510	scaffold_5_RagTag	97.101	69	2	0	1	69	22935793	22935861	6.93e-25	117	MN47_mabs_v3
AL7G31510	scaffold_5_RagTag	96.97	66	2	0	1	66	14578458	14578523	3.22e-23	111	MN47_mabs_v3
AL7G31510	scaffold_5_RagTag	96.825	63	2	0	1	63	225019	225081	1.5e-21	106	MN47_mabs_v3
AL7G31510	scaffold_5_RagTag	95.455	66	3	0	1	66	6061163	6061098	1.5e-21	106	MN47_mabs_v3
AL7G31510	scaffold_5_RagTag	94.118	68	4	0	1	68	23725835	23725768	5.39e-21	104	MN47_mabs_v3
AL7G31510	scaffold_5_RagTag	97.674	43	1	0	24	66	14575588	14575630	4.23e-12	75	MN47_mabs_v3
AL7G31510	scaffold_1_RagTag	100	68	0	0	1	68	439876	439943	1.15e-27	126	MN47_mabs_v3
AL7G31510	scaffold_1_RagTag	98.592	71	1	0	1	71	2125048	2124978	1.15e-27	126	MN47_mabs_v3
AL7G31510	scaffold_1_RagTag	96.104	77	3	0	1	77	4162914	4162838	1.15e-27	126	MN47_mabs_v3
AL7G31510	scaffold_1_RagTag	100	68	0	0	1	68	23971906	23971839	1.15e-27	126	MN47_mabs_v3
AL7G31510	scaffold_1_RagTag	98.551	69	1	0	1	69	9215693	9215761	1.49e-26	122	MN47_mabs_v3
AL7G31510	scaffold_1_RagTag	98.551	69	1	0	1	69	22992246	22992178	1.49e-26	122	MN47_mabs_v3
AL7G31510	scaffold_1_RagTag	98.551	69	1	0	1	69	26935562	26935494	1.49e-26	122	MN47_mabs_v3
AL7G31510	scaffold_1_RagTag	96	75	3	0	1	75	28463955	28463881	1.49e-26	122	MN47_mabs_v3
AL7G31510	scaffold_1_RagTag	97.183	71	2	0	1	71	13572337	13572267	5.35e-26	121	MN47_mabs_v3
AL7G31510	scaffold_1_RagTag	97.143	70	1	1	1	69	16445999	16445930	6.93e-25	117	MN47_mabs_v3
AL7G31510	scaffold_1_RagTag	97.059	68	2	0	1	68	11806696	11806629	2.49e-24	115	MN47_mabs_v3
AL7G31510	scaffold_1_RagTag	98.462	65	1	0	1	65	27097950	27098014	2.49e-24	115	MN47_mabs_v3
AL7G31510	scaffold_1_RagTag	95.652	69	3	0	1	69	7924552	7924484	3.22e-23	111	MN47_mabs_v3
AL7G31510	scaffold_1_RagTag	96.97	66	2	0	1	66	9727469	9727534	3.22e-23	111	MN47_mabs_v3
AL7G31510	scaffold_1_RagTag	96.97	66	2	0	1	66	10133718	10133783	3.22e-23	111	MN47_mabs_v3
AL7G31510	scaffold_1_RagTag	95.652	69	3	0	1	69	10929512	10929444	3.22e-23	111	MN47_mabs_v3
AL7G31510	scaffold_1_RagTag	95.522	67	3	0	1	67	12599646	12599580	4.17e-22	108	MN47_mabs_v3
AL7G31510	scaffold_1_RagTag	95.522	67	3	0	1	67	13539224	13539290	4.17e-22	108	MN47_mabs_v3
AL7G31510	scaffold_1_RagTag	95.522	67	3	0	1	67	22544957	22544891	4.17e-22	108	MN47_mabs_v3
AL7G31510	scaffold_1_RagTag	95.455	66	3	0	1	66	4527164	4527099	1.5e-21	106	MN47_mabs_v3
AL7G31510	scaffold_1_RagTag	94.203	69	4	0	1	69	6485922	6485854	1.5e-21	106	MN47_mabs_v3
AL7G31510	scaffold_1_RagTag	94.203	69	4	0	1	69	18015445	18015377	1.5e-21	106	MN47_mabs_v3
AL7G31510	scaffold_1_RagTag	95.455	66	3	0	1	66	24172350	24172415	1.5e-21	106	MN47_mabs_v3
AL7G31510	scaffold_1_RagTag	92.647	68	5	0	1	68	28640164	28640097	2.51e-19	99	MN47_mabs_v3
AL7G31510	scaffold_1_RagTag	91.304	69	6	0	1	69	14398150	14398082	3.25e-18	95.3	MN47_mabs_v3
AL7G31510	scaffold_1_RagTag	100	33	0	0	1	33	10929542	10929510	3.29e-08	62.1	MN47_mabs_v3
AL7G31510	scaffold_3_RagTag	98.571	70	1	0	1	70	6007698	6007629	4.14e-27	124	MN47_mabs_v3
AL7G31510	scaffold_3_RagTag	100	66	0	0	1	66	19223796	19223731	1.49e-26	122	MN47_mabs_v3
AL7G31510	scaffold_3_RagTag	97.183	71	2	0	1	71	2202069	2201999	5.35e-26	121	MN47_mabs_v3
AL7G31510	scaffold_3_RagTag	98.529	68	1	0	1	68	10505349	10505416	5.35e-26	121	MN47_mabs_v3
AL7G31510	scaffold_3_RagTag	98.529	68	1	0	1	68	15158513	15158446	5.35e-26	121	MN47_mabs_v3
AL7G31510	scaffold_3_RagTag	97.183	71	2	0	1	71	22406088	22406018	5.35e-26	121	MN47_mabs_v3
AL7G31510	scaffold_3_RagTag	97.101	69	2	0	1	69	24704874	24704806	6.93e-25	117	MN47_mabs_v3
AL7G31510	scaffold_3_RagTag	95.89	73	2	1	1	73	25033620	25033549	6.93e-25	117	MN47_mabs_v3
AL7G31510	scaffold_3_RagTag	97.059	68	2	0	1	68	19802715	19802648	2.49e-24	115	MN47_mabs_v3
AL7G31510	scaffold_3_RagTag	93.421	76	5	0	1	76	2521997	2521922	8.96e-24	113	MN47_mabs_v3
AL7G31510	scaffold_3_RagTag	97.015	67	2	0	1	67	14021018	14021084	8.96e-24	113	MN47_mabs_v3
AL7G31510	scaffold_3_RagTag	95.714	70	3	0	1	70	23445535	23445466	8.96e-24	113	MN47_mabs_v3
AL7G31510	scaffold_3_RagTag	96.97	66	2	0	1	66	3785023	3785088	3.22e-23	111	MN47_mabs_v3
AL7G31510	scaffold_3_RagTag	95.588	68	3	0	1	68	832920	832987	1.16e-22	110	MN47_mabs_v3
AL7G31510	scaffold_3_RagTag	93.939	66	4	0	1	66	4559997	4560062	6.98e-20	100	MN47_mabs_v3
AL7G31510	scaffold_3_RagTag	93.939	66	4	0	1	66	21543934	21543999	6.98e-20	100	MN47_mabs_v3
AL7G31510	scaffold_2_RagTag	98.571	70	1	0	1	70	6947468	6947537	4.14e-27	124	MN47_mabs_v3
AL7G31510	scaffold_2_RagTag	97.222	72	2	0	1	72	15523627	15523698	1.49e-26	122	MN47_mabs_v3
AL7G31510	scaffold_2_RagTag	98.529	68	1	0	1	68	910484	910551	5.35e-26	121	MN47_mabs_v3
AL7G31510	scaffold_2_RagTag	98.529	68	1	0	1	68	14894072	14894139	5.35e-26	121	MN47_mabs_v3
AL7G31510	scaffold_2_RagTag	98.529	68	1	0	1	68	21861803	21861736	5.35e-26	121	MN47_mabs_v3
AL7G31510	scaffold_2_RagTag	98.485	66	1	0	1	66	1567285	1567220	6.93e-25	117	MN47_mabs_v3
AL7G31510	scaffold_2_RagTag	98.485	66	1	0	1	66	1903093	1903158	6.93e-25	117	MN47_mabs_v3
AL7G31510	scaffold_2_RagTag	95.833	72	3	0	1	72	17510765	17510836	6.93e-25	117	MN47_mabs_v3
AL7G31510	scaffold_2_RagTag	97.101	69	2	0	1	69	22017153	22017085	6.93e-25	117	MN47_mabs_v3
AL7G31510	scaffold_2_RagTag	95.652	69	3	0	1	69	22051237	22051305	3.22e-23	111	MN47_mabs_v3
AL7G31510	scaffold_2_RagTag	92.754	69	5	0	1	69	4701936	4702004	6.98e-20	100	MN47_mabs_v3
AL7G31520	scaffold_7_RagTag	100	2282	0	0	1	2282	8959052	8961333	0	4215	MN47_mabs_v3
AL7G31520	scaffold_7_RagTag	82.174	690	107	10	1523	2209	8662912	8662236	2.16e-163	579	MN47_mabs_v3
AL7G31520	scaffold_7_RagTag	80.938	682	111	12	1527	2203	8955113	8955780	3.69e-146	521	MN47_mabs_v3
AL7G31520	scaffold_7_RagTag	79.747	711	106	22	1070	1757	8951528	8952223	6.26e-134	481	MN47_mabs_v3
AL7G31520	scaffold_7_RagTag	83.495	412	47	10	1854	2258	8958323	8958720	6.58e-99	364	MN47_mabs_v3
AL7G31520	scaffold_7_RagTag	84.043	376	49	7	1841	2212	8945366	8945734	5.12e-95	351	MN47_mabs_v3
AL7G31520	scaffold_7_RagTag	82.181	376	51	10	1842	2212	8949000	8949364	3.12e-82	309	MN47_mabs_v3
AL7G31520	scaffold_7_RagTag	81.299	385	58	10	1846	2226	8761387	8761761	1.88e-79	300	MN47_mabs_v3
AL7G31520	scaffold_7_RagTag	89.655	232	22	2	1524	1755	8943770	8943999	8.75e-78	294	MN47_mabs_v3
AL7G31520	scaffold_7_RagTag	84.116	277	39	5	1517	1791	8664268	8663995	2.47e-68	263	MN47_mabs_v3
AL7G31520	scaffold_7_RagTag	82.927	246	30	11	1524	1760	8945022	8945264	9.06e-53	211	MN47_mabs_v3
AL7G31520	scaffold_7_RagTag	74.302	537	102	28	1243	1753	8760741	8761267	9.13e-48	195	MN47_mabs_v3
AL7G31520	scaffold_7_RagTag	85.366	164	20	4	1592	1753	8732839	8732678	1.99e-39	167	MN47_mabs_v3
AL7G31520	scaffold_7_RagTag	80.838	167	30	1	714	880	8955167	8955331	2.61e-28	130	MN47_mabs_v3
AL7G31520	scaffold_7_RagTag	94.872	39	2	0	639	677	8959639	8959677	9.66e-08	62.1	MN47_mabs_v3
AL7G31520	scaffold_7_RagTag	94.872	39	2	0	588	626	8959690	8959728	9.66e-08	62.1	MN47_mabs_v3
AL7G31520	scaffold_1_RagTag	78.434	677	88	26	1525	2150	28272350	28271681	3.9e-106	388	MN47_mabs_v3
AL7G31520	scaffold_1_RagTag	78.986	414	63	11	1052	1450	28272803	28272399	8.87e-68	261	MN47_mabs_v3
AL8G44570	scaffold_8_RagTag	99.826	574	1	0	1	574	23754299	23754872	0	1055	MN47_mabs_v3
AL1G60840	scaffold_1_RagTag	100	1794	0	0	1	1794	28239219	28241012	0	3314	MN47_v4
AL1G60840	scaffold_7_RagTag	78.556	942	134	32	862	1794	8955602	8954720	2.2e-157	558	MN47_v4
AL1G60840	scaffold_7_RagTag	77.707	942	142	36	862	1794	8662419	8663301	4.83e-144	514	MN47_v4
AL1G60840	scaffold_7_RagTag	78.466	678	86	28	701	1370	8961201	8960576	3.06e-106	388	MN47_v4
AL1G60840	scaffold_7_RagTag	84.656	378	43	10	162	534	13745538	13745905	1.85e-98	363	MN47_v4
AL1G60840	scaffold_7_RagTag	77.155	696	108	29	1132	1789	8952227	8951545	8.62e-97	357	MN47_v4
AL1G60840	scaffold_7_RagTag	82.825	361	41	8	701	1061	8951189	8950850	1.14e-80	303	MN47_v4
AL1G60840	scaffold_7_RagTag	79.301	372	57	7	1419	1783	8960501	8960143	2.52e-62	243	MN47_v4
AL1G60840	scaffold_7_RagTag	84.979	233	31	3	1132	1363	8664025	8664254	1.52e-59	233	MN47_v4
AL1G60840	scaffold_7_RagTag	83.396	265	23	10	718	982	8944414	8944171	2.54e-57	226	MN47_v4
AL1G60840	scaffold_7_RagTag	83.193	238	29	10	1130	1363	8944007	8943777	9.19e-52	207	MN47_v4
AL1G60840	scaffold_7_RagTag	80.851	282	23	12	701	982	8732252	8732502	2.57e-47	193	MN47_v4
AL1G60840	scaffold_7_RagTag	80	260	46	6	1125	1379	8945272	8945014	1.2e-45	187	MN47_v4
AL1G60840	scaffold_7_RagTag	80.169	237	36	10	1140	1370	8761267	8761036	1.56e-39	167	MN47_v4
AL1G60840	scaffold_7_RagTag	90.323	124	12	0	700	823	8955728	8955605	2.02e-38	163	MN47_v4
AL1G60840	scaffold_7_RagTag	90.083	121	12	0	862	982	8946971	8946851	9.38e-37	158	MN47_v4
AL1G60840	scaffold_7_RagTag	82.759	174	29	1	1140	1312	8732678	8732851	1.21e-35	154	MN47_v4
AL1G60840	scaffold_7_RagTag	86.777	121	16	0	862	982	8761563	8761443	4.4e-30	135	MN47_v4
AL1G60840	scaffold_6_RagTag	93.548	279	15	3	259	535	8984123	8983846	1.81e-113	412	MN47_v4
AL1G60840	scaffold_8_RagTag	89.919	248	19	3	280	525	14846580	14846823	5.26e-84	315	MN47_v4
AL6G37030	scaffold_6_RagTag	100	432	0	0	1	432	11479572	11480003	0	798	MN47_v4
AL7G30780	scaffold_7_RagTag	99.93	1435	1	0	1	1435	8661946	8663380	0	2645	MN47_v4
AL7G30780	scaffold_7_RagTag	91.041	1105	92	6	301	1401	8955775	8954674	0	1485	MN47_v4
AL7G30780	scaffold_7_RagTag	82.2	691	105	12	291	967	8961260	8960574	1.35e-163	579	MN47_v4
AL7G30780	scaffold_7_RagTag	79.332	629	100	19	298	905	8958661	8958042	4.02e-114	414	MN47_v4
AL7G30780	scaffold_7_RagTag	83.664	453	56	15	213	661	8949431	8948993	5.2e-113	411	MN47_v4
AL7G30780	scaffold_7_RagTag	85.427	398	52	2	259	653	8945762	8945368	1.87e-112	409	MN47_v4
AL7G30780	scaffold_7_RagTag	94.309	246	14	0	721	966	8664017	8664262	5.27e-103	377	MN47_v4
AL7G30780	scaffold_7_RagTag	82.74	365	53	5	291	647	8732193	8732555	1.17e-84	316	MN47_v4
AL7G30780	scaffold_7_RagTag	82.173	359	58	5	291	647	8761744	8761390	9.07e-81	303	MN47_v4
AL7G30780	scaffold_7_RagTag	81.57	293	39	3	367	644	8944413	8944121	5.62e-58	228	MN47_v4
AL7G30780	scaffold_7_RagTag	83.404	235	38	1	734	968	8944000	8943767	1.22e-54	217	MN47_v4
AL7G30780	scaffold_7_RagTag	88.043	184	21	1	291	473	8951248	8951065	1.22e-54	217	MN47_v4
AL7G30780	scaffold_7_RagTag	83.516	182	28	2	729	909	8732670	8732850	3.45e-40	169	MN47_v4
AL7G30780	scaffold_7_RagTag	79.31	232	43	3	739	966	8761265	8761035	7.48e-37	158	MN47_v4
AL7G30780	scaffold_1_RagTag	77.927	965	144	37	474	1378	28240080	28241035	2.28e-151	538	MN47_v4
AL7G31470	scaffold_7_RagTag	100	1235	0	0	1	1235	8944546	8945780	0	2281	MN47_v4
AL7G31470	scaffold_7_RagTag	86.367	1225	144	11	21	1235	8948199	8949410	0	1315	MN47_v4
AL7G31470	scaffold_7_RagTag	81.72	651	97	16	552	1185	8732838	8732193	5.49e-147	523	MN47_v4
AL7G31470	scaffold_7_RagTag	76.786	1008	183	33	23	1018	8950085	8951053	2.56e-145	518	MN47_v4
AL7G31470	scaffold_7_RagTag	76.316	1026	195	35	186	1185	8760741	8761744	1.99e-141	505	MN47_v4
AL7G31470	scaffold_7_RagTag	74.43	1228	244	51	28	1217	8951544	8952739	3.38e-129	464	MN47_v4
AL7G31470	scaffold_7_RagTag	79.781	638	104	19	548	1180	8958046	8958663	5.69e-122	440	MN47_v4
AL7G31470	scaffold_7_RagTag	85.427	398	52	2	823	1217	8662598	8662204	1.6e-112	409	MN47_v4
AL7G31470	scaffold_7_RagTag	79.658	585	93	14	548	1110	8943834	8944414	3.47e-109	398	MN47_v4
AL7G31470	scaffold_7_RagTag	84.658	365	49	6	823	1184	8955423	8955783	5.9e-97	357	MN47_v4
AL7G31470	scaffold_7_RagTag	84.043	376	49	7	821	1189	8960892	8961263	2.74e-95	351	MN47_v4
AL7G31470	scaffold_7_RagTag	82.927	246	30	11	477	719	8960575	8960811	4.86e-53	211	MN47_v4
AL7G31470	scaffold_1_RagTag	80.478	251	43	6	478	727	28240588	28240343	8.19e-46	187	MN47_v4
AL7G31480	scaffold_7_RagTag	100	1329	0	0	1	1329	8948165	8949493	0	2455	MN47_v4
AL7G31480	scaffold_7_RagTag	86.595	1298	146	17	35	1318	8944566	8945849	0	1408	MN47_v4
AL7G31480	scaffold_7_RagTag	76.408	1030	190	37	194	1196	8760741	8761744	5.96e-142	507	MN47_v4
AL7G31480	scaffold_7_RagTag	80.125	639	103	19	556	1191	8958046	8958663	2.19e-126	455	MN47_v4
AL7G31480	scaffold_7_RagTag	83.664	453	56	15	829	1267	8662606	8662158	4.81e-113	411	MN47_v4
AL7G31480	scaffold_7_RagTag	82.181	376	51	10	836	1200	8960893	8961263	1.8e-82	309	MN47_v4
AL7G31480	scaffold_7_RagTag	83.275	287	41	3	7	286	8950048	8950334	6.63e-67	257	MN47_v4
AL7G31480	scaffold_7_RagTag	75.598	418	74	19	6	407	8733344	8732939	4.1e-44	182	MN47_v4
AL7G31480	scaffold_7_RagTag	78.988	257	51	2	59	312	8943285	8943541	2.47e-41	172	MN47_v4
AL7G31480	scaffold_7_RagTag	82.873	181	28	2	875	1055	8946830	8947007	1.92e-37	159	MN47_v4
AL7G31480	scaffold_7_RagTag	79.31	232	36	10	488	716	8664259	8664037	3.22e-35	152	MN47_v4
AL7G31490	scaffold_7_RagTag	100	2840	0	0	1	2840	8949974	8952813	0	5245	MN47_v4
AL7G31490	scaffold_7_RagTag	76.74	1006	187	28	112	1080	8944568	8945563	5.95e-145	518	MN47_v4
AL7G31490	scaffold_7_RagTag	79.747	711	106	22	1555	2250	8960121	8960808	7.81e-134	481	MN47_v4
AL7G31490	scaffold_7_RagTag	74.367	1264	251	55	1571	2801	8944573	8945796	4.7e-131	472	MN47_v4
AL7G31490	scaffold_7_RagTag	80.398	653	89	23	2080	2726	8958044	8958663	1.02e-127	460	MN47_v4
AL7G31490	scaffold_7_RagTag	79.285	671	109	16	541	1199	8943762	8944414	3.68e-122	442	MN47_v4
AL7G31490	scaffold_7_RagTag	75.245	1022	197	39	1729	2722	8760741	8761734	6.16e-120	435	MN47_v4
AL7G31490	scaffold_7_RagTag	79.452	657	96	25	2085	2722	8732839	8732203	2.87e-118	429	MN47_v4
AL7G31490	scaffold_7_RagTag	77.632	684	110	22	616	1284	8732839	8732184	3.79e-102	375	MN47_v4
AL7G31490	scaffold_7_RagTag	73.845	1017	212	38	1561	2565	8950080	8951054	4.94e-96	355	MN47_v4
AL7G31490	scaffold_7_RagTag	73.845	1017	212	38	107	1081	8951534	8952538	4.94e-96	355	MN47_v4
AL7G31490	scaffold_7_RagTag	81.846	325	47	6	42	361	8948133	8948450	3.08e-68	263	MN47_v4
AL7G31490	scaffold_7_RagTag	93.452	168	8	1	38	205	8947749	8947913	3.1e-63	246	MN47_v4
AL7G31490	scaffold_7_RagTag	89.474	190	20	0	1095	1284	8761564	8761753	1.44e-61	241	MN47_v4
AL7G31490	scaffold_7_RagTag	89.831	177	18	0	1093	1269	8955604	8955780	1.12e-57	228	MN47_v4
AL7G31490	scaffold_7_RagTag	82.692	260	41	3	109	364	8956580	8956839	1.12e-57	228	MN47_v4
AL7G31490	scaffold_7_RagTag	89.143	175	18	1	1101	1275	8662409	8662236	2.43e-54	217	MN47_v4
AL7G31490	scaffold_7_RagTag	84.516	155	24	0	923	1077	8946830	8946984	1.93e-35	154	MN47_v4
AL7G31490	scaffold_7_RagTag	84.81	79	10	2	415	492	8956905	8956982	1.2e-12	78.7	MN47_v4
AL7G31490	scaffold_1_RagTag	77.419	713	110	29	1555	2254	28241024	28240350	1.05e-102	377	MN47_v4
AL7G31490	scaffold_1_RagTag	82.825	361	41	8	877	1216	28240279	28239919	1.81e-80	303	MN47_v4
AL7G31500	scaffold_7_RagTag	100	1286	0	0	1	1286	8954568	8955853	0	2375	MN47_v4
AL7G31500	scaffold_7_RagTag	90.975	1108	93	6	107	1211	8663346	8662243	0	1485	MN47_v4
AL7G31500	scaffold_7_RagTag	80.938	682	111	12	546	1213	8960578	8961254	2.06e-146	521	MN47_v4
AL7G31500	scaffold_7_RagTag	78.639	632	103	21	604	1213	8958042	8958663	6.06e-107	390	MN47_v4
AL7G31500	scaffold_7_RagTag	84.658	365	49	6	856	1216	8945368	8945729	6.14e-97	357	MN47_v4
AL7G31500	scaffold_7_RagTag	92.245	245	19	0	544	788	8664261	8664017	3.7e-94	348	MN47_v4
AL7G31500	scaffold_7_RagTag	82.72	353	54	6	862	1208	8732555	8732204	6.28e-82	307	MN47_v4
AL7G31500	scaffold_7_RagTag	81.556	347	61	2	862	1208	8761390	8761733	1.06e-74	283	MN47_v4
AL7G31500	scaffold_7_RagTag	89.831	177	18	0	1037	1213	8951066	8951242	5.03e-58	228	MN47_v4
AL7G31500	scaffold_7_RagTag	83.117	231	34	5	547	775	8943773	8944000	2.36e-51	206	MN47_v4
AL7G31500	scaffold_7_RagTag	79.252	294	46	4	865	1143	8944121	8944414	6.59e-47	191	MN47_v4
AL7G31500	scaffold_7_RagTag	82.474	194	31	2	894	1087	8946830	8947020	1.11e-39	167	MN47_v4
AL7G31500	scaffold_7_RagTag	80.588	170	33	0	611	780	8732839	8732670	4.05e-29	132	MN47_v4
AL7G31500	scaffold_7_RagTag	77.391	230	45	4	546	770	8761038	8761265	1.46e-28	130	MN47_v4
AL7G31500	scaffold_7_RagTag	80.838	167	30	1	600	764	8959765	8959931	1.46e-28	130	MN47_v4
AL7G31500	scaffold_1_RagTag	78.848	955	134	32	140	1035	28241025	28240080	9.31e-165	582	MN47_v4
AL7G31500	scaffold_1_RagTag	92.857	112	8	0	1050	1161	28240029	28239918	1.44e-38	163	MN47_v4
AL7G31510	scaffold_7_RagTag	100	795	0	0	1	795	8957979	8958773	0	1469	MN47_v4
AL7G31510	scaffold_7_RagTag	81.694	661	96	13	71	708	8761103	8761761	2.7e-148	527	MN47_v4
AL7G31510	scaffold_7_RagTag	81.381	666	94	17	71	708	8732839	8732176	5.84e-145	516	MN47_v4
AL7G31510	scaffold_7_RagTag	80.368	652	91	21	66	685	8952053	8952699	2.78e-128	460	MN47_v4
AL7G31510	scaffold_7_RagTag	84.746	472	56	9	66	523	8943832	8944301	9.99e-128	459	MN47_v4
AL7G31510	scaffold_7_RagTag	80.125	639	103	19	68	685	8948720	8949355	1.29e-126	455	MN47_v4
AL7G31510	scaffold_7_RagTag	79.781	638	104	19	68	685	8945093	8945725	3.62e-122	440	MN47_v4
AL7G31510	scaffold_7_RagTag	79.332	629	100	19	64	683	8662850	8662243	2.19e-114	414	MN47_v4
AL7G31510	scaffold_7_RagTag	78.639	632	103	21	64	685	8955171	8955780	3.7e-107	390	MN47_v4
AL7G31510	scaffold_7_RagTag	83.495	412	47	10	345	742	8960905	8961309	2.24e-99	364	MN47_v4
AL7G31510	scaffold_7_RagTag	86.243	189	26	0	372	560	8946830	8947018	1.44e-51	206	MN47_v4
AL7G31510	scaffold_7_RagTag	100	69	0	0	1	69	11943267	11943199	3.2e-28	128	MN47_v4
AL7G31510	scaffold_7_RagTag	98.551	69	1	0	1	69	27364054	27364122	1.49e-26	122	MN47_v4
AL7G31510	scaffold_7_RagTag	98.529	68	1	0	1	68	14721106	14721173	5.35e-26	121	MN47_v4
AL7G31510	scaffold_7_RagTag	97.143	70	2	0	1	70	14169993	14170062	1.93e-25	119	MN47_v4
AL7G31510	scaffold_7_RagTag	97.101	69	2	0	1	69	9633774	9633706	6.93e-25	117	MN47_v4
AL7G31510	scaffold_7_RagTag	94.667	75	4	0	1	75	12019249	12019175	6.93e-25	117	MN47_v4
AL7G31510	scaffold_7_RagTag	98.485	66	1	0	1	66	22324010	22323945	6.93e-25	117	MN47_v4
AL7G31510	scaffold_7_RagTag	98.485	66	1	0	1	66	24575335	24575400	6.93e-25	117	MN47_v4
AL7G31510	scaffold_7_RagTag	98.462	65	1	0	1	65	6261012	6261076	2.49e-24	115	MN47_v4
AL7G31510	scaffold_7_RagTag	98.462	65	1	0	5	69	16502450	16502386	2.49e-24	115	MN47_v4
AL7G31510	scaffold_7_RagTag	97.059	68	2	0	1	68	16715538	16715471	2.49e-24	115	MN47_v4
AL7G31510	scaffold_7_RagTag	95.833	72	2	1	1	71	23737042	23736971	2.49e-24	115	MN47_v4
AL7G31510	scaffold_7_RagTag	100	61	0	0	1	61	2555020	2555080	8.96e-24	113	MN47_v4
AL7G31510	scaffold_7_RagTag	94.595	74	3	1	1	73	4830492	4830419	8.96e-24	113	MN47_v4
AL7G31510	scaffold_7_RagTag	94.595	74	2	2	1	72	6317448	6317521	8.96e-24	113	MN47_v4
AL7G31510	scaffold_7_RagTag	96.97	66	2	0	1	66	1712974	1712909	3.22e-23	111	MN47_v4
AL7G31510	scaffold_7_RagTag	93.333	75	4	1	1	74	7618842	7618768	1.16e-22	110	MN47_v4
AL7G31510	scaffold_7_RagTag	95.522	67	3	0	1	67	15993974	15993908	4.17e-22	108	MN47_v4
AL7G31510	scaffold_7_RagTag	96.875	64	2	0	1	64	22505010	22504947	4.17e-22	108	MN47_v4
AL7G31510	scaffold_7_RagTag	95.455	66	3	0	1	66	8672259	8672194	1.5e-21	106	MN47_v4
AL7G31510	scaffold_7_RagTag	95.455	66	3	0	1	66	26674034	26673969	1.5e-21	106	MN47_v4
AL7G31510	scaffold_7_RagTag	98.305	59	1	0	1	59	26691604	26691662	5.39e-21	104	MN47_v4
AL7G31510	scaffold_7_RagTag	98.305	59	1	0	8	66	27286267	27286325	5.39e-21	104	MN47_v4
AL7G31510	scaffold_7_RagTag	93.939	66	4	0	1	66	14495342	14495277	6.97e-20	100	MN47_v4
AL7G31510	scaffold_4_RagTag	100	71	0	0	1	71	17685731	17685661	2.47e-29	132	MN47_v4
AL7G31510	scaffold_4_RagTag	100	69	0	0	1	69	11495359	11495427	3.2e-28	128	MN47_v4
AL7G31510	scaffold_4_RagTag	100	69	0	0	1	69	18990751	18990819	3.2e-28	128	MN47_v4
AL7G31510	scaffold_4_RagTag	98.571	70	1	0	1	70	14352675	14352744	4.14e-27	124	MN47_v4
AL7G31510	scaffold_4_RagTag	100	66	0	0	1	66	15699537	15699602	1.49e-26	122	MN47_v4
AL7G31510	scaffold_4_RagTag	96.053	76	2	1	1	76	18796126	18796200	1.49e-26	122	MN47_v4
AL7G31510	scaffold_4_RagTag	98.529	68	1	0	1	68	24255388	24255455	5.35e-26	121	MN47_v4
AL7G31510	scaffold_4_RagTag	98.485	66	1	0	1	66	11826916	11826851	6.93e-25	117	MN47_v4
AL7G31510	scaffold_4_RagTag	98.485	66	1	0	1	66	21463582	21463647	6.93e-25	117	MN47_v4
AL7G31510	scaffold_4_RagTag	97.101	69	2	0	1	69	24195894	24195962	6.93e-25	117	MN47_v4
AL7G31510	scaffold_4_RagTag	98.485	66	1	0	1	66	24319458	24319393	6.93e-25	117	MN47_v4
AL7G31510	scaffold_4_RagTag	95.775	71	3	0	1	71	1417468	1417538	2.49e-24	115	MN47_v4
AL7G31510	scaffold_4_RagTag	96.97	66	2	0	1	66	3768110	3768175	3.22e-23	111	MN47_v4
AL7G31510	scaffold_4_RagTag	96.97	66	2	0	1	66	22133960	22134025	3.22e-23	111	MN47_v4
AL7G31510	scaffold_4_RagTag	94.286	70	4	0	1	70	3287453	3287384	4.17e-22	108	MN47_v4
AL7G31510	scaffold_4_RagTag	95.588	68	2	1	1	68	22281901	22281967	4.17e-22	108	MN47_v4
AL7G31510	scaffold_4_RagTag	95.455	66	3	0	1	66	1799292	1799227	1.5e-21	106	MN47_v4
AL7G31510	scaffold_4_RagTag	94.118	68	4	0	1	68	1342585	1342652	5.39e-21	104	MN47_v4
AL7G31510	scaffold_4_RagTag	95.312	64	3	0	1	64	3169209	3169272	1.94e-20	102	MN47_v4
AL7G31510	scaffold_6_RagTag	98.649	74	0	1	1	74	12359676	12359604	8.9e-29	130	MN47_v4
AL7G31510	scaffold_6_RagTag	100	70	0	0	1	70	20768299	20768230	8.9e-29	130	MN47_v4
AL7G31510	scaffold_6_RagTag	97.368	76	1	1	1	76	7404448	7404522	3.2e-28	128	MN47_v4
AL7G31510	scaffold_6_RagTag	100	69	0	0	1	69	11703132	11703200	3.2e-28	128	MN47_v4
AL7G31510	scaffold_6_RagTag	98.571	70	1	0	1	70	24384244	24384313	4.14e-27	124	MN47_v4
AL7G31510	scaffold_6_RagTag	98.551	69	1	0	1	69	3932678	3932610	1.49e-26	122	MN47_v4
AL7G31510	scaffold_6_RagTag	98.551	69	1	0	1	69	8035523	8035455	1.49e-26	122	MN47_v4
AL7G31510	scaffold_6_RagTag	100	66	0	0	1	66	17818359	17818424	1.49e-26	122	MN47_v4
AL7G31510	scaffold_6_RagTag	98.551	69	1	0	1	69	23824280	23824212	1.49e-26	122	MN47_v4
AL7G31510	scaffold_6_RagTag	97.143	70	2	0	1	70	7427360	7427291	1.93e-25	119	MN47_v4
AL7G31510	scaffold_6_RagTag	100	64	0	0	1	64	22564075	22564012	1.93e-25	119	MN47_v4
AL7G31510	scaffold_6_RagTag	97.143	70	1	1	1	69	1777225	1777156	6.93e-25	117	MN47_v4
AL7G31510	scaffold_6_RagTag	97.101	69	2	0	1	69	17964490	17964422	6.93e-25	117	MN47_v4
AL7G31510	scaffold_6_RagTag	95.775	71	3	0	1	71	11002976	11003046	2.49e-24	115	MN47_v4
AL7G31510	scaffold_6_RagTag	96.97	66	2	0	1	66	8855827	8855892	3.22e-23	111	MN47_v4
AL7G31510	scaffold_6_RagTag	95.652	69	3	0	1	69	19677842	19677910	3.22e-23	111	MN47_v4
AL7G31510	scaffold_6_RagTag	95.588	68	3	0	1	68	6107087	6107154	1.16e-22	110	MN47_v4
AL7G31510	scaffold_6_RagTag	95.522	67	3	0	1	67	17233801	17233867	4.17e-22	108	MN47_v4
AL7G31510	scaffold_6_RagTag	95.455	66	3	0	1	66	1735735	1735800	1.5e-21	106	MN47_v4
AL7G31510	scaffold_6_RagTag	94.118	68	4	0	1	68	9799741	9799808	5.39e-21	104	MN47_v4
AL7G31510	scaffold_6_RagTag	94.03	67	4	0	1	67	17214964	17215030	1.94e-20	102	MN47_v4
AL7G31510	scaffold_6_RagTag	92.647	68	5	0	1	68	12595497	12595564	2.51e-19	99	MN47_v4
AL7G31510	scaffold_6_RagTag	92.424	66	5	0	5	70	12381114	12381049	3.24e-18	95.3	MN47_v4
AL7G31510	scaffold_6_RagTag	94.444	54	3	0	17	70	22565157	22565104	7.02e-15	84.2	MN47_v4
AL7G31510	scaffold_8_RagTag	100	69	0	0	1	69	14903412	14903344	3.2e-28	128	MN47_v4
AL7G31510	scaffold_8_RagTag	97.222	72	2	0	1	72	5036331	5036260	1.49e-26	122	MN47_v4
AL7G31510	scaffold_8_RagTag	98.529	68	1	0	1	68	5106792	5106859	5.35e-26	121	MN47_v4
AL7G31510	scaffold_8_RagTag	98.507	67	1	0	1	67	13636567	13636501	1.93e-25	119	MN47_v4
AL7G31510	scaffold_8_RagTag	98.507	67	1	0	1	67	18872696	18872762	1.93e-25	119	MN47_v4
AL7G31510	scaffold_8_RagTag	97.059	68	1	1	1	68	3503828	3503762	8.96e-24	113	MN47_v4
AL7G31510	scaffold_8_RagTag	96.97	66	2	0	1	66	18202719	18202654	3.22e-23	111	MN47_v4
AL7G31510	scaffold_8_RagTag	95.588	68	3	0	1	68	14088545	14088612	1.16e-22	110	MN47_v4
AL7G31510	scaffold_8_RagTag	95.455	66	3	0	1	66	22979221	22979156	1.5e-21	106	MN47_v4
AL7G31510	scaffold_8_RagTag	92.958	71	3	1	1	69	23075177	23075107	1.94e-20	102	MN47_v4
AL7G31510	scaffold_5_RagTag	100	69	0	0	1	69	21815163	21815231	3.2e-28	128	MN47_v4
AL7G31510	scaffold_5_RagTag	90.426	94	5	4	1	93	1944595	1944505	5.35e-26	121	MN47_v4
AL7G31510	scaffold_5_RagTag	97.183	71	1	1	1	70	4118337	4118267	1.93e-25	119	MN47_v4
AL7G31510	scaffold_5_RagTag	100	64	0	0	1	64	16352702	16352765	1.93e-25	119	MN47_v4
AL7G31510	scaffold_5_RagTag	97.183	71	1	1	1	71	23267738	23267669	1.93e-25	119	MN47_v4
AL7G31510	scaffold_5_RagTag	98.485	66	1	0	1	66	20800929	20800994	6.93e-25	117	MN47_v4
AL7G31510	scaffold_5_RagTag	98.485	66	1	0	1	66	21970815	21970750	6.93e-25	117	MN47_v4
AL7G31510	scaffold_5_RagTag	97.101	69	2	0	1	69	22935793	22935861	6.93e-25	117	MN47_v4
AL7G31510	scaffold_5_RagTag	96.97	66	2	0	1	66	14578458	14578523	3.22e-23	111	MN47_v4
AL7G31510	scaffold_5_RagTag	96.825	63	2	0	1	63	225019	225081	1.5e-21	106	MN47_v4
AL7G31510	scaffold_5_RagTag	95.455	66	3	0	1	66	6061163	6061098	1.5e-21	106	MN47_v4
AL7G31510	scaffold_5_RagTag	94.118	68	4	0	1	68	23725835	23725768	5.39e-21	104	MN47_v4
AL7G31510	scaffold_5_RagTag	97.674	43	1	0	24	66	14575588	14575630	4.23e-12	75	MN47_v4
AL7G31510	scaffold_1_RagTag	100	68	0	0	1	68	439876	439943	1.15e-27	126	MN47_v4
AL7G31510	scaffold_1_RagTag	98.592	71	1	0	1	71	2125048	2124978	1.15e-27	126	MN47_v4
AL7G31510	scaffold_1_RagTag	96.104	77	3	0	1	77	4162914	4162838	1.15e-27	126	MN47_v4
AL7G31510	scaffold_1_RagTag	100	68	0	0	1	68	23940144	23940077	1.15e-27	126	MN47_v4
AL7G31510	scaffold_1_RagTag	98.551	69	1	0	1	69	9215693	9215761	1.49e-26	122	MN47_v4
AL7G31510	scaffold_1_RagTag	98.551	69	1	0	1	69	22960484	22960416	1.49e-26	122	MN47_v4
AL7G31510	scaffold_1_RagTag	98.551	69	1	0	1	69	26903800	26903732	1.49e-26	122	MN47_v4
AL7G31510	scaffold_1_RagTag	96	75	3	0	1	75	28432193	28432119	1.49e-26	122	MN47_v4
AL7G31510	scaffold_1_RagTag	97.183	71	2	0	1	71	13572337	13572267	5.35e-26	121	MN47_v4
AL7G31510	scaffold_1_RagTag	97.143	70	1	1	1	69	16445999	16445930	6.93e-25	117	MN47_v4
AL7G31510	scaffold_1_RagTag	97.059	68	2	0	1	68	11806696	11806629	2.49e-24	115	MN47_v4
AL7G31510	scaffold_1_RagTag	98.462	65	1	0	1	65	27066188	27066252	2.49e-24	115	MN47_v4
AL7G31510	scaffold_1_RagTag	95.652	69	3	0	1	69	7924552	7924484	3.22e-23	111	MN47_v4
AL7G31510	scaffold_1_RagTag	96.97	66	2	0	1	66	9727469	9727534	3.22e-23	111	MN47_v4
AL7G31510	scaffold_1_RagTag	96.97	66	2	0	1	66	10133718	10133783	3.22e-23	111	MN47_v4
AL7G31510	scaffold_1_RagTag	95.652	69	3	0	1	69	10929512	10929444	3.22e-23	111	MN47_v4
AL7G31510	scaffold_1_RagTag	95.522	67	3	0	1	67	12599646	12599580	4.17e-22	108	MN47_v4
AL7G31510	scaffold_1_RagTag	95.522	67	3	0	1	67	13539224	13539290	4.17e-22	108	MN47_v4
AL7G31510	scaffold_1_RagTag	95.522	67	3	0	1	67	22513195	22513129	4.17e-22	108	MN47_v4
AL7G31510	scaffold_1_RagTag	95.455	66	3	0	1	66	4527164	4527099	1.5e-21	106	MN47_v4
AL7G31510	scaffold_1_RagTag	94.203	69	4	0	1	69	6485922	6485854	1.5e-21	106	MN47_v4
AL7G31510	scaffold_1_RagTag	94.203	69	4	0	1	69	17983683	17983615	1.5e-21	106	MN47_v4
AL7G31510	scaffold_1_RagTag	95.455	66	3	0	1	66	24140588	24140653	1.5e-21	106	MN47_v4
AL7G31510	scaffold_1_RagTag	92.647	68	5	0	1	68	28608402	28608335	2.51e-19	99	MN47_v4
AL7G31510	scaffold_1_RagTag	91.304	69	6	0	1	69	14398150	14398082	3.24e-18	95.3	MN47_v4
AL7G31510	scaffold_1_RagTag	100	33	0	0	1	33	10929542	10929510	3.29e-08	62.1	MN47_v4
AL7G31510	scaffold_3_RagTag	98.571	70	1	0	1	70	6007698	6007629	4.14e-27	124	MN47_v4
AL7G31510	scaffold_3_RagTag	100	66	0	0	1	66	19223796	19223731	1.49e-26	122	MN47_v4
AL7G31510	scaffold_3_RagTag	97.183	71	2	0	1	71	2202069	2201999	5.35e-26	121	MN47_v4
AL7G31510	scaffold_3_RagTag	98.529	68	1	0	1	68	10505349	10505416	5.35e-26	121	MN47_v4
AL7G31510	scaffold_3_RagTag	98.529	68	1	0	1	68	15158513	15158446	5.35e-26	121	MN47_v4
AL7G31510	scaffold_3_RagTag	97.183	71	2	0	1	71	22406088	22406018	5.35e-26	121	MN47_v4
AL7G31510	scaffold_3_RagTag	97.101	69	2	0	1	69	24704874	24704806	6.93e-25	117	MN47_v4
AL7G31510	scaffold_3_RagTag	95.89	73	2	1	1	73	25033620	25033549	6.93e-25	117	MN47_v4
AL7G31510	scaffold_3_RagTag	97.059	68	2	0	1	68	19802715	19802648	2.49e-24	115	MN47_v4
AL7G31510	scaffold_3_RagTag	93.421	76	5	0	1	76	2521997	2521922	8.96e-24	113	MN47_v4
AL7G31510	scaffold_3_RagTag	97.015	67	2	0	1	67	14021018	14021084	8.96e-24	113	MN47_v4
AL7G31510	scaffold_3_RagTag	95.714	70	3	0	1	70	23445535	23445466	8.96e-24	113	MN47_v4
AL7G31510	scaffold_3_RagTag	96.97	66	2	0	1	66	3785023	3785088	3.22e-23	111	MN47_v4
AL7G31510	scaffold_3_RagTag	95.588	68	3	0	1	68	832920	832987	1.16e-22	110	MN47_v4
AL7G31510	scaffold_3_RagTag	93.939	66	4	0	1	66	4559997	4560062	6.97e-20	100	MN47_v4
AL7G31510	scaffold_3_RagTag	93.939	66	4	0	1	66	21543934	21543999	6.97e-20	100	MN47_v4
AL7G31510	scaffold_2_RagTag	98.571	70	1	0	1	70	6947468	6947537	4.14e-27	124	MN47_v4
AL7G31510	scaffold_2_RagTag	97.222	72	2	0	1	72	15523627	15523698	1.49e-26	122	MN47_v4
AL7G31510	scaffold_2_RagTag	98.529	68	1	0	1	68	910484	910551	5.35e-26	121	MN47_v4
AL7G31510	scaffold_2_RagTag	98.529	68	1	0	1	68	14894072	14894139	5.35e-26	121	MN47_v4
AL7G31510	scaffold_2_RagTag	98.529	68	1	0	1	68	21861803	21861736	5.35e-26	121	MN47_v4
AL7G31510	scaffold_2_RagTag	98.485	66	1	0	1	66	1567285	1567220	6.93e-25	117	MN47_v4
AL7G31510	scaffold_2_RagTag	98.485	66	1	0	1	66	1903093	1903158	6.93e-25	117	MN47_v4
AL7G31510	scaffold_2_RagTag	95.833	72	3	0	1	72	17510765	17510836	6.93e-25	117	MN47_v4
AL7G31510	scaffold_2_RagTag	97.101	69	2	0	1	69	22017153	22017085	6.93e-25	117	MN47_v4
AL7G31510	scaffold_2_RagTag	95.652	69	3	0	1	69	22051237	22051305	3.22e-23	111	MN47_v4
AL7G31510	scaffold_2_RagTag	92.754	69	5	0	1	69	4701936	4702004	6.97e-20	100	MN47_v4
AL7G31520	scaffold_7_RagTag	100	2282	0	0	1	2282	8959052	8961333	0	4215	MN47_v4
AL7G31520	scaffold_7_RagTag	82.174	690	107	10	1523	2209	8662912	8662236	2.16e-163	579	MN47_v4
AL7G31520	scaffold_7_RagTag	80.938	682	111	12	1527	2203	8955113	8955780	3.69e-146	521	MN47_v4
AL7G31520	scaffold_7_RagTag	79.747	711	106	22	1070	1757	8951528	8952223	6.26e-134	481	MN47_v4
AL7G31520	scaffold_7_RagTag	83.495	412	47	10	1854	2258	8958323	8958720	6.57e-99	364	MN47_v4
AL7G31520	scaffold_7_RagTag	84.043	376	49	7	1841	2212	8945366	8945734	5.12e-95	351	MN47_v4
AL7G31520	scaffold_7_RagTag	82.181	376	51	10	1842	2212	8949000	8949364	3.12e-82	309	MN47_v4
AL7G31520	scaffold_7_RagTag	81.299	385	58	10	1846	2226	8761387	8761761	1.88e-79	300	MN47_v4
AL7G31520	scaffold_7_RagTag	89.655	232	22	2	1524	1755	8943770	8943999	8.75e-78	294	MN47_v4
AL7G31520	scaffold_7_RagTag	84.116	277	39	5	1517	1791	8664268	8663995	2.47e-68	263	MN47_v4
AL7G31520	scaffold_7_RagTag	82.927	246	30	11	1524	1760	8945022	8945264	9.06e-53	211	MN47_v4
AL7G31520	scaffold_7_RagTag	74.302	537	102	28	1243	1753	8760741	8761267	9.13e-48	195	MN47_v4
AL7G31520	scaffold_7_RagTag	85.366	164	20	4	1592	1753	8732839	8732678	1.99e-39	167	MN47_v4
AL7G31520	scaffold_7_RagTag	80.838	167	30	1	714	880	8955167	8955331	2.61e-28	130	MN47_v4
AL7G31520	scaffold_7_RagTag	94.872	39	2	0	639	677	8959639	8959677	9.66e-08	62.1	MN47_v4
AL7G31520	scaffold_7_RagTag	94.872	39	2	0	588	626	8959690	8959728	9.66e-08	62.1	MN47_v4
AL7G31520	scaffold_1_RagTag	78.434	677	88	26	1525	2150	28240588	28239919	3.9e-106	388	MN47_v4
AL7G31520	scaffold_1_RagTag	78.986	414	63	11	1052	1450	28241041	28240637	8.87e-68	261	MN47_v4
AL8G44570	scaffold_8_RagTag	99.826	574	1	0	1	574	23754299	23754872	0	1055	MN47_v4
AL1G60840	scaffold_1_RagTag	89.427	1135	67	23	700	1794	26947453	26948574	0	1382	Nla.ragtag.scaffold_chr
AL1G60840	scaffold_1_RagTag	89.014	1156	57	27	700	1794	26989950	26991096	0	1367	Nla.ragtag.scaffold_chr
AL1G60840	scaffold_1_RagTag	88.927	1156	58	27	700	1794	27044908	27046054	0	1362	Nla.ragtag.scaffold_chr
AL1G60840	scaffold_1_RagTag	88.841	1156	59	27	700	1794	27018027	27019173	0	1356	Nla.ragtag.scaffold_chr
AL1G60840	scaffold_1_RagTag	87.092	612	46	21	1213	1794	26949500	26950108	0	662	Nla.ragtag.scaffold_chr
AL1G60840	scaffold_1_RagTag	86.127	346	25	14	162	487	10992095	10992437	3.87e-95	351	Nla.ragtag.scaffold_chr
AL1G60840	scaffold_1_RagTag	89.84	187	8	10	1	179	26947054	26947237	1.89e-58	230	Nla.ragtag.scaffold_chr
AL1G60840	scaffold_7_RagTag	77.707	942	142	36	862	1794	8447457	8448339	4.66e-144	514	Nla.ragtag.scaffold_chr
AL1G60840	scaffold_7_RagTag	77.837	934	133	42	862	1783	8739120	8738249	6.03e-143	510	Nla.ragtag.scaffold_chr
AL1G60840	scaffold_7_RagTag	79.351	678	83	27	701	1370	8760995	8760367	8.08e-117	424	Nla.ragtag.scaffold_chr
AL1G60840	scaffold_7_RagTag	83.418	392	39	15	162	534	13464865	13465249	8.37e-92	340	Nla.ragtag.scaffold_chr
AL1G60840	scaffold_7_RagTag	76.614	697	109	32	1132	1789	8735770	8735089	3.9e-90	335	Nla.ragtag.scaffold_chr
AL1G60840	scaffold_7_RagTag	80.376	372	62	6	1419	1783	8760297	8759930	3.1e-71	272	Nla.ragtag.scaffold_chr
AL1G60840	scaffold_7_RagTag	76.836	531	77	22	863	1370	8755329	8754822	8.68e-67	257	Nla.ragtag.scaffold_chr
AL1G60840	scaffold_7_RagTag	85.294	238	31	2	1132	1368	8756615	8756381	2.43e-62	243	Nla.ragtag.scaffold_chr
AL1G60840	scaffold_7_RagTag	85.169	236	28	7	1137	1370	8757930	8757700	4.07e-60	235	Nla.ragtag.scaffold_chr
AL1G60840	scaffold_7_RagTag	82.639	288	23	6	701	988	8734740	8734480	1.89e-58	230	Nla.ragtag.scaffold_chr
AL1G60840	scaffold_7_RagTag	84.549	233	31	4	1132	1363	8448860	8449088	2.45e-57	226	Nla.ragtag.scaffold_chr
AL1G60840	scaffold_7_RagTag	81.56	282	22	11	701	982	8505447	8505698	3.19e-51	206	Nla.ragtag.scaffold_chr
AL1G60840	scaffold_7_RagTag	81.25	240	36	8	1140	1370	8505877	8506116	4.15e-45	185	Nla.ragtag.scaffold_chr
AL1G60840	scaffold_7_RagTag	79.615	260	47	6	1125	1379	8728692	8728434	5.37e-44	182	Nla.ragtag.scaffold_chr
AL1G60840	scaffold_7_RagTag	91.129	124	11	0	700	823	8739246	8739123	4.18e-40	169	Nla.ragtag.scaffold_chr
AL1G60840	scaffold_7_RagTag	90.083	121	12	0	862	982	8730192	8730072	9.05e-37	158	Nla.ragtag.scaffold_chr
AL1G60840	scaffold_7_RagTag	90.179	112	11	0	700	811	8447331	8447442	1.96e-33	147	Nla.ragtag.scaffold_chr
AL1G60840	scaffold_6_RagTag	86.579	380	20	12	169	534	13781517	13781879	8.2e-107	390	Nla.ragtag.scaffold_chr
AL1G60840	scaffold_5_RagTag	82.317	164	10	10	178	326	5949808	5949649	9.18e-27	124	Nla.ragtag.scaffold_chr
AL1G60840	scaffold_5_RagTag	81.595	163	12	9	178	326	5890260	5890102	4.27e-25	119	Nla.ragtag.scaffold_chr
AL1G60840	scaffold_5_RagTag	81.707	164	11	10	178	326	5946407	5946566	4.27e-25	119	Nla.ragtag.scaffold_chr
AL1G60840	scaffold_4_RagTag	80.347	173	10	11	178	326	3964798	3964970	2.57e-22	110	Nla.ragtag.scaffold_chr
AL6G37030	scaffold_6_RagTag	96.288	431	10	3	2	432	11637876	11638300	0	702	Nla.ragtag.scaffold_chr
AL7G30780	scaffold_7_RagTag	98.678	1437	13	3	1	1435	8446986	8448418	0	2543	Nla.ragtag.scaffold_chr
AL7G30780	scaffold_7_RagTag	95.372	1102	50	1	301	1401	8739293	8738192	0	1751	Nla.ragtag.scaffold_chr
AL7G30780	scaffold_7_RagTag	83.07	697	101	13	291	972	8761054	8760360	2.75e-175	617	Nla.ragtag.scaffold_chr
AL7G30780	scaffold_7_RagTag	78.313	747	128	22	244	966	8755557	8754821	2.96e-125	451	Nla.ragtag.scaffold_chr
AL7G30780	scaffold_7_RagTag	78.714	700	113	20	291	966	8758386	8757699	2.98e-120	435	Nla.ragtag.scaffold_chr
AL7G30780	scaffold_7_RagTag	85.258	407	49	9	259	661	8732609	8732210	1.8e-112	409	Nla.ragtag.scaffold_chr
AL7G30780	scaffold_7_RagTag	93.952	248	13	2	721	967	8448852	8449098	6.58e-102	374	Nla.ragtag.scaffold_chr
AL7G30780	scaffold_7_RagTag	85.286	367	44	5	291	647	8734799	8734433	8.52e-101	370	Nla.ragtag.scaffold_chr
AL7G30780	scaffold_7_RagTag	82.679	433	57	10	244	661	8736297	8735868	3.06e-100	368	Nla.ragtag.scaffold_chr
AL7G30780	scaffold_7_RagTag	83.171	410	51	6	259	653	8729194	8728788	1.84e-97	359	Nla.ragtag.scaffold_chr
AL7G30780	scaffold_7_RagTag	82.74	365	54	5	291	647	8505388	8505751	1.13e-84	316	Nla.ragtag.scaffold_chr
AL7G30780	scaffold_7_RagTag	87.451	255	32	0	721	975	8756623	8756369	5.27e-78	294	Nla.ragtag.scaffold_chr
AL7G30780	scaffold_7_RagTag	80.932	236	40	5	735	968	8735764	8735532	4.28e-44	182	Nla.ragtag.scaffold_chr
AL7G30780	scaffold_7_RagTag	79.447	253	37	8	729	968	8505869	8506119	4.31e-39	165	Nla.ragtag.scaffold_chr
AL7G30780	scaffold_1_RagTag	84.4	500	56	11	476	958	26947614	26948108	2.27e-131	472	Nla.ragtag.scaffold_chr
AL7G30780	scaffold_1_RagTag	84.369	499	58	11	476	958	26990141	26990635	2.27e-131	472	Nla.ragtag.scaffold_chr
AL7G30780	scaffold_1_RagTag	84.168	499	59	11	476	958	27018218	27018712	1.06e-129	466	Nla.ragtag.scaffold_chr
AL7G30780	scaffold_1_RagTag	84.168	499	59	11	476	958	27045099	27045593	1.06e-129	466	Nla.ragtag.scaffold_chr
AL7G30780	scaffold_1_RagTag	85.253	217	24	4	240	455	26989848	26990057	1.17e-54	217	Nla.ragtag.scaffold_chr
AL7G30780	scaffold_1_RagTag	85.253	217	24	4	240	455	27017925	27018134	1.17e-54	217	Nla.ragtag.scaffold_chr
AL7G30780	scaffold_1_RagTag	85.253	217	24	4	240	455	27044806	27045015	1.17e-54	217	Nla.ragtag.scaffold_chr
AL7G30780	scaffold_1_RagTag	82.877	146	19	3	816	958	26949505	26949647	2.04e-27	126	Nla.ragtag.scaffold_chr
AL7G31470	scaffold_7_RagTag	97.516	1248	17	3	1	1235	8727966	8729212	0	2121	Nla.ragtag.scaffold_chr
AL7G31470	scaffold_7_RagTag	86.075	1228	145	13	21	1235	8731413	8732627	0	1297	Nla.ragtag.scaffold_chr
AL7G31470	scaffold_7_RagTag	77.471	1194	199	44	23	1185	8733645	8734799	0	651	Nla.ragtag.scaffold_chr
AL7G31470	scaffold_7_RagTag	77.037	1215	202	58	4	1185	8757216	8758386	3.93e-178	627	Nla.ragtag.scaffold_chr
AL7G31470	scaffold_7_RagTag	80.759	738	113	22	473	1185	8506121	8505388	8.74e-155	549	Nla.ragtag.scaffold_chr
AL7G31470	scaffold_7_RagTag	74.207	1229	244	58	28	1217	8735088	8736282	1.18e-123	446	Nla.ragtag.scaffold_chr
AL7G31470	scaffold_7_RagTag	85.93	398	50	2	823	1217	8447636	8447242	7.15e-116	420	Nla.ragtag.scaffold_chr
AL7G31470	scaffold_7_RagTag	85.411	377	45	8	821	1189	8760683	8761057	9.38e-105	383	Nla.ragtag.scaffold_chr
AL7G31470	scaffold_7_RagTag	85.479	365	46	5	823	1184	8738941	8739301	5.65e-102	374	Nla.ragtag.scaffold_chr
AL7G31470	scaffold_7_RagTag	73.429	700	144	33	35	719	8759930	8760602	6.02e-57	224	Nla.ragtag.scaffold_chr
AL7G31470	scaffold_7_RagTag	79.752	242	39	9	480	719	8756381	8756614	1.03e-39	167	Nla.ragtag.scaffold_chr
AL7G31470	scaffold_1_RagTag	78.313	166	28	7	469	633	26949663	26949505	1.06e-19	100	Nla.ragtag.scaffold_chr
AL7G31480	scaffold_7_RagTag	98.948	1331	8	3	2	1329	8731380	8732707	0	2375	Nla.ragtag.scaffold_chr
AL7G31480	scaffold_7_RagTag	85.954	1310	144	17	35	1318	8727986	8729281	0	1363	Nla.ragtag.scaffold_chr
AL7G31480	scaffold_7_RagTag	77.212	1198	197	48	33	1196	8757231	8758386	3.27e-179	630	Nla.ragtag.scaffold_chr
AL7G31480	scaffold_7_RagTag	75.173	1297	227	76	19	1262	8735063	8736317	5.71e-147	523	Nla.ragtag.scaffold_chr
AL7G31480	scaffold_7_RagTag	79.277	719	117	28	556	1265	8754885	8755580	5.83e-132	473	Nla.ragtag.scaffold_chr
AL7G31480	scaffold_7_RagTag	83.885	453	55	13	829	1267	8447644	8447196	9.97e-115	416	Nla.ragtag.scaffold_chr
AL7G31480	scaffold_7_RagTag	83.333	384	48	12	829	1200	8760678	8761057	6.17e-92	340	Nla.ragtag.scaffold_chr
AL7G31480	scaffold_7_RagTag	82.873	181	28	2	875	1055	8730051	8730228	1.86e-37	159	Nla.ragtag.scaffold_chr
AL7G31490	scaffold_7_RagTag	97.013	2812	42	9	38	2836	8733570	8736352	0	4689	Nla.ragtag.scaffold_chr
AL7G31490	scaffold_7_RagTag	77.726	1284	202	49	38	1278	8727924	8729166	0	710	Nla.ragtag.scaffold_chr
AL7G31490	scaffold_7_RagTag	80.94	787	114	17	2017	2799	8754821	8755575	1.2e-166	590	Nla.ragtag.scaffold_chr
AL7G31490	scaffold_7_RagTag	80.709	705	114	13	1555	2250	8759908	8760599	2.65e-148	529	Nla.ragtag.scaffold_chr
AL7G31490	scaffold_7_RagTag	75.796	1037	201	31	77	1078	8754323	8755344	2.71e-133	479	Nla.ragtag.scaffold_chr
AL7G31490	scaffold_7_RagTag	75.892	1037	195	35	77	1074	8757198	8758218	2.71e-133	479	Nla.ragtag.scaffold_chr
AL7G31490	scaffold_7_RagTag	74.373	1276	242	60	1571	2801	8727993	8729228	2.11e-129	466	Nla.ragtag.scaffold_chr
AL7G31490	scaffold_7_RagTag	74.729	1199	219	55	1565	2727	8733644	8734794	3.53e-127	459	Nla.ragtag.scaffold_chr
AL7G31490	scaffold_7_RagTag	77.503	769	119	27	545	1284	8506120	8505377	2.79e-113	412	Nla.ragtag.scaffold_chr
AL7G31490	scaffold_7_RagTag	78.939	660	100	26	2085	2722	8506040	8505398	2.79e-113	412	Nla.ragtag.scaffold_chr
AL7G31490	scaffold_7_RagTag	79.817	545	95	11	545	1074	8731863	8732407	2.18e-104	383	Nla.ragtag.scaffold_chr
AL7G31490	scaffold_7_RagTag	73.359	1021	209	44	107	1081	8735078	8736081	1.74e-85	320	Nla.ragtag.scaffold_chr
AL7G31490	scaffold_7_RagTag	81.846	325	47	6	42	361	8731347	8731664	2.97e-68	263	Nla.ragtag.scaffold_chr
AL7G31490	scaffold_7_RagTag	79.231	390	64	13	1558	1941	8754354	8754732	4.97e-66	255	Nla.ragtag.scaffold_chr
AL7G31490	scaffold_7_RagTag	92.857	168	9	1	38	205	8730958	8731122	1.39e-61	241	Nla.ragtag.scaffold_chr
AL7G31490	scaffold_7_RagTag	90.395	177	17	0	1093	1269	8739122	8739298	2.33e-59	233	Nla.ragtag.scaffold_chr
AL7G31490	scaffold_7_RagTag	89.385	179	17	2	1101	1278	8447447	8447270	1.4e-56	224	Nla.ragtag.scaffold_chr
AL7G31490	scaffold_7_RagTag	86.705	173	23	0	1098	1270	8736071	8736243	3.95e-47	193	Nla.ragtag.scaffold_chr
AL7G31490	scaffold_7_RagTag	84.516	155	24	0	923	1077	8730051	8730205	1.86e-35	154	Nla.ragtag.scaffold_chr
AL7G31490	scaffold_1_RagTag	82.494	417	54	10	877	1275	26947811	26947396	7.97e-94	348	Nla.ragtag.scaffold_chr
AL7G31490	scaffold_1_RagTag	87.791	172	15	3	942	1107	26990261	26990090	3.05e-48	196	Nla.ragtag.scaffold_chr
AL7G31490	scaffold_1_RagTag	87.791	172	15	3	942	1107	27018338	27018167	3.05e-48	196	Nla.ragtag.scaffold_chr
AL7G31490	scaffold_1_RagTag	87.791	172	15	3	942	1107	27045219	27045048	3.05e-48	196	Nla.ragtag.scaffold_chr
AL7G31490	scaffold_1_RagTag	82.915	199	25	5	2352	2544	26990338	26990143	1.85e-40	171	Nla.ragtag.scaffold_chr
AL7G31490	scaffold_1_RagTag	82.915	199	25	5	2352	2544	27018415	27018220	1.85e-40	171	Nla.ragtag.scaffold_chr
AL7G31490	scaffold_1_RagTag	82.915	199	25	5	2352	2544	27045296	27045101	1.85e-40	171	Nla.ragtag.scaffold_chr
AL7G31500	scaffold_7_RagTag	92.946	1290	84	6	1	1286	8738085	8739371	0	1871	Nla.ragtag.scaffold_chr
AL7G31500	scaffold_7_RagTag	90.884	1108	94	6	107	1211	8448384	8447281	0	1480	Nla.ragtag.scaffold_chr
AL7G31500	scaffold_7_RagTag	81.358	692	111	12	537	1213	8760360	8761048	3.28e-154	547	Nla.ragtag.scaffold_chr
AL7G31500	scaffold_7_RagTag	78.53	694	108	24	546	1213	8757702	8758380	2.68e-115	418	Nla.ragtag.scaffold_chr
AL7G31500	scaffold_7_RagTag	77.971	690	119	22	546	1213	8754824	8755502	2.7e-110	401	Nla.ragtag.scaffold_chr
AL7G31500	scaffold_7_RagTag	85.124	363	41	8	862	1213	8734433	8734793	1.65e-97	359	Nla.ragtag.scaffold_chr
AL7G31500	scaffold_7_RagTag	92.213	244	18	1	545	788	8449094	8448852	4.62e-93	344	Nla.ragtag.scaffold_chr
AL7G31500	scaffold_7_RagTag	83.003	353	54	2	862	1208	8505751	8505399	3.62e-84	315	Nla.ragtag.scaffold_chr
AL7G31500	scaffold_7_RagTag	82.493	377	47	9	856	1216	8728788	8729161	1.3e-83	313	Nla.ragtag.scaffold_chr
AL7G31500	scaffold_7_RagTag	85.098	255	38	0	534	788	8756369	8756623	4.78e-68	261	Nla.ragtag.scaffold_chr
AL7G31500	scaffold_7_RagTag	80.952	231	39	5	546	774	8735537	8735764	4.95e-43	178	Nla.ragtag.scaffold_chr
AL7G31500	scaffold_7_RagTag	82.178	202	32	3	894	1095	8730051	8730248	8.29e-41	171	Nla.ragtag.scaffold_chr
AL7G31500	scaffold_7_RagTag	82.036	167	28	1	600	764	8759437	8759603	6.5e-32	141	Nla.ragtag.scaffold_chr
AL7G31500	scaffold_7_RagTag	76.923	247	44	6	546	780	8506114	8505869	5.06e-28	128	Nla.ragtag.scaffold_chr
AL7G31500	scaffold_1_RagTag	82.8	500	64	12	551	1033	26948108	26947614	4.45e-118	427	Nla.ragtag.scaffold_chr
AL7G31500	scaffold_1_RagTag	81.923	520	71	14	551	1051	26990635	26990120	2.68e-115	418	Nla.ragtag.scaffold_chr
AL7G31500	scaffold_1_RagTag	81.731	520	72	14	551	1051	27018712	27018197	1.25e-113	412	Nla.ragtag.scaffold_chr
AL7G31500	scaffold_1_RagTag	81.731	520	72	14	551	1051	27045593	27045078	1.25e-113	412	Nla.ragtag.scaffold_chr
AL7G31500	scaffold_1_RagTag	87.571	177	19	2	1038	1211	26990076	26989900	2.94e-50	202	Nla.ragtag.scaffold_chr
AL7G31500	scaffold_1_RagTag	87.571	177	19	2	1038	1211	27018153	27017977	2.94e-50	202	Nla.ragtag.scaffold_chr
AL7G31500	scaffold_1_RagTag	87.571	177	19	2	1038	1211	27045034	27044858	2.94e-50	202	Nla.ragtag.scaffold_chr
AL7G31510	scaffold_7_RagTag	92.877	730	48	3	66	793	8757761	8758488	0	1057	Nla.ragtag.scaffold_chr
AL7G31510	scaffold_7_RagTag	94.032	620	37	0	66	685	8754883	8755502	0	941	Nla.ragtag.scaffold_chr
AL7G31510	scaffold_7_RagTag	81.602	674	86	22	71	708	8506040	8505369	3.37e-147	523	Nla.ragtag.scaffold_chr
AL7G31510	scaffold_7_RagTag	80.282	639	102	20	68	685	8731937	8732572	2.68e-128	460	Nla.ragtag.scaffold_chr
AL7G31510	scaffold_7_RagTag	79.518	664	99	21	53	685	8735585	8736242	1.26e-121	438	Nla.ragtag.scaffold_chr
AL7G31510	scaffold_7_RagTag	79.585	627	102	16	64	683	8447888	8447281	9.77e-118	425	Nla.ragtag.scaffold_chr
AL7G31510	scaffold_7_RagTag	79.239	631	101	19	64	685	8738689	8739298	7.61e-114	412	Nla.ragtag.scaffold_chr
AL7G31510	scaffold_7_RagTag	85.049	408	43	9	345	738	8760696	8761099	5.92e-110	399	Nla.ragtag.scaffold_chr
AL7G31510	scaffold_7_RagTag	78.462	650	103	19	68	685	8728513	8729157	3.57e-107	390	Nla.ragtag.scaffold_chr
AL7G31510	scaffold_7_RagTag	86.458	192	26	0	372	563	8730051	8730242	2.98e-53	211	Nla.ragtag.scaffold_chr
AL7G31510	scaffold_7_RagTag	100	68	0	0	1	68	3676810	3676743	1.11e-27	126	Nla.ragtag.scaffold_chr
AL7G31510	scaffold_7_RagTag	97.297	74	1	1	1	74	7150138	7150210	3.99e-27	124	Nla.ragtag.scaffold_chr
AL7G31510	scaffold_7_RagTag	98.551	69	1	0	1	69	4684385	4684317	1.44e-26	122	Nla.ragtag.scaffold_chr
AL7G31510	scaffold_7_RagTag	100	66	0	0	1	66	22524540	22524475	1.44e-26	122	Nla.ragtag.scaffold_chr
AL7G31510	scaffold_7_RagTag	98.529	68	1	0	1	68	3656718	3656785	5.16e-26	121	Nla.ragtag.scaffold_chr
AL7G31510	scaffold_7_RagTag	98.529	68	1	0	1	68	16161235	16161168	5.16e-26	121	Nla.ragtag.scaffold_chr
AL7G31510	scaffold_7_RagTag	97.143	70	2	0	1	70	7396960	7397029	1.86e-25	119	Nla.ragtag.scaffold_chr
AL7G31510	scaffold_7_RagTag	95.89	73	2	1	1	73	21363092	21363163	6.68e-25	117	Nla.ragtag.scaffold_chr
AL7G31510	scaffold_7_RagTag	97.101	69	2	0	1	69	25171522	25171454	6.68e-25	117	Nla.ragtag.scaffold_chr
AL7G31510	scaffold_7_RagTag	98.485	66	1	0	1	66	27493126	27493191	6.68e-25	117	Nla.ragtag.scaffold_chr
AL7G31510	scaffold_7_RagTag	98.438	64	1	0	1	64	21848130	21848067	8.64e-24	113	Nla.ragtag.scaffold_chr
AL7G31510	scaffold_7_RagTag	93.939	66	4	0	1	66	4944976	4945041	6.73e-20	100	Nla.ragtag.scaffold_chr
AL7G31510	scaffold_7_RagTag	92.424	66	5	0	1	66	25548321	25548256	3.13e-18	95.3	Nla.ragtag.scaffold_chr
AL7G31510	scaffold_7_RagTag	89.855	69	7	0	1	69	16176305	16176237	1.46e-16	89.8	Nla.ragtag.scaffold_chr
AL7G31510	scaffold_7_RagTag	90.323	62	6	0	5	66	26408881	26408820	2.44e-14	82.4	Nla.ragtag.scaffold_chr
AL7G31510	scaffold_8_RagTag	100	72	0	0	1	72	17261083	17261154	6.63e-30	134	Nla.ragtag.scaffold_chr
AL7G31510	scaffold_8_RagTag	100	68	0	0	1	68	3752262	3752329	1.11e-27	126	Nla.ragtag.scaffold_chr
AL7G31510	scaffold_8_RagTag	98.611	72	0	1	1	71	4681640	4681711	1.11e-27	126	Nla.ragtag.scaffold_chr
AL7G31510	scaffold_8_RagTag	97.333	75	0	2	1	73	13755195	13755269	1.11e-27	126	Nla.ragtag.scaffold_chr
AL7G31510	scaffold_8_RagTag	98.571	70	1	0	1	70	1125102	1125171	3.99e-27	124	Nla.ragtag.scaffold_chr
AL7G31510	scaffold_8_RagTag	100	67	0	0	1	67	6008170	6008236	3.99e-27	124	Nla.ragtag.scaffold_chr
AL7G31510	scaffold_8_RagTag	95	80	3	1	1	80	22113955	22113877	3.99e-27	124	Nla.ragtag.scaffold_chr
AL7G31510	scaffold_8_RagTag	97.26	73	1	1	1	73	366886	366957	1.44e-26	122	Nla.ragtag.scaffold_chr
AL7G31510	scaffold_8_RagTag	98.551	69	1	0	1	69	5197538	5197470	1.44e-26	122	Nla.ragtag.scaffold_chr
AL7G31510	scaffold_8_RagTag	98.551	69	1	0	1	69	16598245	16598313	1.44e-26	122	Nla.ragtag.scaffold_chr
AL7G31510	scaffold_8_RagTag	100	66	0	0	1	66	17071679	17071744	1.44e-26	122	Nla.ragtag.scaffold_chr
AL7G31510	scaffold_8_RagTag	100	66	0	0	1	66	20586369	20586304	1.44e-26	122	Nla.ragtag.scaffold_chr
AL7G31510	scaffold_8_RagTag	98.529	68	1	0	1	68	5065574	5065641	5.16e-26	121	Nla.ragtag.scaffold_chr
AL7G31510	scaffold_8_RagTag	97.183	71	2	0	1	71	14376048	14376118	5.16e-26	121	Nla.ragtag.scaffold_chr
AL7G31510	scaffold_8_RagTag	95.588	68	3	0	1	68	12976728	12976795	1.12e-22	110	Nla.ragtag.scaffold_chr
AL7G31510	scaffold_8_RagTag	93.846	65	4	0	2	66	2455000	2455064	2.42e-19	99	Nla.ragtag.scaffold_chr
AL7G31510	scaffold_6_RagTag	100	69	0	0	1	69	21368135	21368067	3.09e-28	128	Nla.ragtag.scaffold_chr
AL7G31510	scaffold_6_RagTag	100	66	0	0	1	66	4107574	4107639	1.44e-26	122	Nla.ragtag.scaffold_chr
AL7G31510	scaffold_6_RagTag	100	66	0	0	1	66	9173944	9174009	1.44e-26	122	Nla.ragtag.scaffold_chr
AL7G31510	scaffold_6_RagTag	100	66	0	0	1	66	11852507	11852572	1.44e-26	122	Nla.ragtag.scaffold_chr
AL7G31510	scaffold_6_RagTag	94.595	74	4	0	1	74	212280	212207	2.4e-24	115	Nla.ragtag.scaffold_chr
AL7G31510	scaffold_6_RagTag	96.97	66	2	0	1	66	11351489	11351554	3.11e-23	111	Nla.ragtag.scaffold_chr
AL7G31510	scaffold_6_RagTag	95.522	67	3	0	1	67	7355831	7355765	4.02e-22	108	Nla.ragtag.scaffold_chr
AL7G31510	scaffold_6_RagTag	94.203	69	4	0	1	69	11442502	11442434	1.45e-21	106	Nla.ragtag.scaffold_chr
AL7G31510	scaffold_6_RagTag	91.176	68	6	0	1	68	9923817	9923884	1.13e-17	93.5	Nla.ragtag.scaffold_chr
AL7G31510	scaffold_4_RagTag	98.611	72	1	0	1	72	3712926	3712997	3.09e-28	128	Nla.ragtag.scaffold_chr
AL7G31510	scaffold_4_RagTag	98.592	71	1	0	1	71	9459295	9459365	1.11e-27	126	Nla.ragtag.scaffold_chr
AL7G31510	scaffold_4_RagTag	100	68	0	0	2	69	11718564	11718631	1.11e-27	126	Nla.ragtag.scaffold_chr
AL7G31510	scaffold_4_RagTag	98.592	71	1	0	1	71	13164039	13163969	1.11e-27	126	Nla.ragtag.scaffold_chr
AL7G31510	scaffold_4_RagTag	98.571	70	1	0	1	70	12084471	12084402	3.99e-27	124	Nla.ragtag.scaffold_chr
AL7G31510	scaffold_4_RagTag	100	67	0	0	1	67	13360782	13360716	3.99e-27	124	Nla.ragtag.scaffold_chr
AL7G31510	scaffold_4_RagTag	100	67	0	0	1	67	13361720	13361654	3.99e-27	124	Nla.ragtag.scaffold_chr
AL7G31510	scaffold_4_RagTag	98.551	69	1	0	1	69	187175	187243	1.44e-26	122	Nla.ragtag.scaffold_chr
AL7G31510	scaffold_4_RagTag	97.26	73	1	1	1	72	5852856	5852784	1.44e-26	122	Nla.ragtag.scaffold_chr
AL7G31510	scaffold_4_RagTag	98.529	68	1	0	1	68	10364654	10364587	5.16e-26	121	Nla.ragtag.scaffold_chr
AL7G31510	scaffold_4_RagTag	95.89	73	2	1	1	72	5712472	5712400	6.68e-25	117	Nla.ragtag.scaffold_chr
AL7G31510	scaffold_4_RagTag	98.485	66	1	0	1	66	17008712	17008777	6.68e-25	117	Nla.ragtag.scaffold_chr
AL7G31510	scaffold_4_RagTag	96.923	65	2	0	5	69	13957242	13957178	1.12e-22	110	Nla.ragtag.scaffold_chr
AL7G31510	scaffold_4_RagTag	95.588	68	3	0	1	68	20456811	20456878	1.12e-22	110	Nla.ragtag.scaffold_chr
AL7G31510	scaffold_4_RagTag	95.522	67	3	0	1	67	9727823	9727757	4.02e-22	108	Nla.ragtag.scaffold_chr
AL7G31510	scaffold_4_RagTag	94.118	68	4	0	1	68	10699770	10699837	5.2e-21	104	Nla.ragtag.scaffold_chr
AL7G31510	scaffold_1_RagTag	100	69	0	0	1	69	15751263	15751331	3.09e-28	128	Nla.ragtag.scaffold_chr
AL7G31510	scaffold_1_RagTag	98.571	70	1	0	1	70	17077440	17077371	3.99e-27	124	Nla.ragtag.scaffold_chr
AL7G31510	scaffold_1_RagTag	98.551	69	1	0	1	69	22305700	22305768	1.44e-26	122	Nla.ragtag.scaffold_chr
AL7G31510	scaffold_1_RagTag	100	66	0	0	1	66	26449312	26449247	1.44e-26	122	Nla.ragtag.scaffold_chr
AL7G31510	scaffold_1_RagTag	100	65	0	0	1	65	9733997	9733933	5.16e-26	121	Nla.ragtag.scaffold_chr
AL7G31510	scaffold_1_RagTag	98.529	68	1	0	1	68	19096911	19096844	5.16e-26	121	Nla.ragtag.scaffold_chr
AL7G31510	scaffold_1_RagTag	100	65	0	0	1	65	27281605	27281669	5.16e-26	121	Nla.ragtag.scaffold_chr
AL7G31510	scaffold_1_RagTag	98.485	66	1	0	1	66	10859612	10859677	6.68e-25	117	Nla.ragtag.scaffold_chr
AL7G31510	scaffold_1_RagTag	97.059	68	2	0	1	68	18208791	18208724	2.4e-24	115	Nla.ragtag.scaffold_chr
AL7G31510	scaffold_1_RagTag	97.059	68	2	0	1	68	23447739	23447806	2.4e-24	115	Nla.ragtag.scaffold_chr
AL7G31510	scaffold_1_RagTag	94.595	74	4	0	1	74	23731281	23731208	2.4e-24	115	Nla.ragtag.scaffold_chr
AL7G31510	scaffold_1_RagTag	95.588	68	3	0	1	68	2028452	2028385	1.12e-22	110	Nla.ragtag.scaffold_chr
AL7G31510	scaffold_1_RagTag	95.455	66	3	0	1	66	23485114	23485179	1.45e-21	106	Nla.ragtag.scaffold_chr
AL7G31510	scaffold_1_RagTag	93.939	66	4	0	1	66	21644129	21644064	6.73e-20	100	Nla.ragtag.scaffold_chr
AL7G31510	scaffold_1_RagTag	85.484	62	8	1	5	66	13890723	13890663	8.83e-09	63.9	Nla.ragtag.scaffold_chr
AL7G31510	scaffold_1_RagTag	100	31	0	0	1	31	27361672	27361702	4.11e-07	58.4	Nla.ragtag.scaffold_chr
AL7G31510	scaffold_3_RagTag	98.592	71	1	0	1	71	1277621	1277691	1.11e-27	126	Nla.ragtag.scaffold_chr
AL7G31510	scaffold_3_RagTag	100	66	0	0	1	66	3832926	3832861	1.44e-26	122	Nla.ragtag.scaffold_chr
AL7G31510	scaffold_3_RagTag	98.551	69	1	0	1	69	11867187	11867119	1.44e-26	122	Nla.ragtag.scaffold_chr
AL7G31510	scaffold_3_RagTag	98.551	69	1	0	1	69	19267257	19267325	1.44e-26	122	Nla.ragtag.scaffold_chr
AL7G31510	scaffold_3_RagTag	98.551	69	1	0	1	69	20794666	20794598	1.44e-26	122	Nla.ragtag.scaffold_chr
AL7G31510	scaffold_3_RagTag	97.101	69	2	0	1	69	24991619	24991687	6.68e-25	117	Nla.ragtag.scaffold_chr
AL7G31510	scaffold_3_RagTag	95.89	73	2	1	1	73	26858952	26858881	6.68e-25	117	Nla.ragtag.scaffold_chr
AL7G31510	scaffold_3_RagTag	100	62	0	0	1	62	13006900	13006839	2.4e-24	115	Nla.ragtag.scaffold_chr
AL7G31510	scaffold_3_RagTag	97.059	68	2	0	1	68	23717762	23717695	2.4e-24	115	Nla.ragtag.scaffold_chr
AL7G31510	scaffold_3_RagTag	94.444	72	4	0	1	72	12650813	12650742	3.11e-23	111	Nla.ragtag.scaffold_chr
AL7G31510	scaffold_3_RagTag	93.421	76	4	1	1	76	22661329	22661403	3.11e-23	111	Nla.ragtag.scaffold_chr
AL7G31510	scaffold_3_RagTag	93.333	75	5	0	2	76	26850039	26850113	3.11e-23	111	Nla.ragtag.scaffold_chr
AL7G31510	scaffold_3_RagTag	95.588	68	2	1	1	67	26769382	26769449	4.02e-22	108	Nla.ragtag.scaffold_chr
AL7G31510	scaffold_3_RagTag	96.825	63	2	0	1	63	19597358	19597420	1.45e-21	106	Nla.ragtag.scaffold_chr
AL7G31510	scaffold_3_RagTag	96.825	63	2	0	1	63	19603565	19603627	1.45e-21	106	Nla.ragtag.scaffold_chr
AL7G31510	scaffold_3_RagTag	94.118	68	4	0	1	68	10116202	10116135	5.2e-21	104	Nla.ragtag.scaffold_chr
AL7G31510	scaffold_3_RagTag	93.939	66	4	0	1	66	19596056	19595991	6.73e-20	100	Nla.ragtag.scaffold_chr
AL7G31510	scaffold_2_RagTag	98.592	71	1	0	1	71	182999	182929	1.11e-27	126	Nla.ragtag.scaffold_chr
AL7G31510	scaffold_2_RagTag	100	68	0	0	2	69	4368815	4368882	1.11e-27	126	Nla.ragtag.scaffold_chr
AL7G31510	scaffold_2_RagTag	100	67	0	0	1	67	1725774	1725708	3.99e-27	124	Nla.ragtag.scaffold_chr
AL7G31510	scaffold_2_RagTag	100	66	0	0	1	66	1072773	1072708	1.44e-26	122	Nla.ragtag.scaffold_chr
AL7G31510	scaffold_2_RagTag	98.551	69	1	0	1	69	4369671	4369739	1.44e-26	122	Nla.ragtag.scaffold_chr
AL7G31510	scaffold_2_RagTag	98.551	69	1	0	1	69	12969800	12969868	1.44e-26	122	Nla.ragtag.scaffold_chr
AL7G31510	scaffold_2_RagTag	100	66	0	0	1	66	18740662	18740597	1.44e-26	122	Nla.ragtag.scaffold_chr
AL7G31510	scaffold_2_RagTag	97.183	71	2	0	1	71	18765334	18765264	5.16e-26	121	Nla.ragtag.scaffold_chr
AL7G31510	scaffold_2_RagTag	97.101	69	2	0	1	69	968044	967976	6.68e-25	117	Nla.ragtag.scaffold_chr
AL7G31510	scaffold_2_RagTag	98.485	66	1	0	1	66	4218926	4218861	6.68e-25	117	Nla.ragtag.scaffold_chr
AL7G31510	scaffold_2_RagTag	97.059	68	2	0	1	68	6840030	6839963	2.4e-24	115	Nla.ragtag.scaffold_chr
AL7G31510	scaffold_2_RagTag	97.059	68	2	0	1	68	13573984	13574051	2.4e-24	115	Nla.ragtag.scaffold_chr
AL7G31510	scaffold_2_RagTag	98.462	65	1	0	1	65	21383494	21383558	2.4e-24	115	Nla.ragtag.scaffold_chr
AL7G31510	scaffold_2_RagTag	96.97	66	2	0	1	66	22086603	22086538	3.11e-23	111	Nla.ragtag.scaffold_chr
AL7G31510	scaffold_2_RagTag	96.923	65	2	0	1	65	11896800	11896736	1.12e-22	110	Nla.ragtag.scaffold_chr
AL7G31510	scaffold_2_RagTag	95.455	66	3	0	1	66	6694734	6694799	1.45e-21	106	Nla.ragtag.scaffold_chr
AL7G31510	scaffold_2_RagTag	94.118	68	4	0	1	68	3201104	3201037	5.2e-21	104	Nla.ragtag.scaffold_chr
AL7G31510	scaffold_2_RagTag	94.203	69	3	1	1	68	16387813	16387745	5.2e-21	104	Nla.ragtag.scaffold_chr
AL7G31510	scaffold_2_RagTag	93.056	72	2	1	1	72	14748003	14748071	1.87e-20	102	Nla.ragtag.scaffold_chr
AL7G31510	scaffold_2_RagTag	95.745	47	2	0	24	70	2877762	2877716	1.13e-12	76.8	Nla.ragtag.scaffold_chr
AL7G31510	scaffold_5_RagTag	97.101	69	2	0	1	69	814617	814549	6.68e-25	117	Nla.ragtag.scaffold_chr
AL7G31510	scaffold_5_RagTag	97.101	69	2	0	1	69	3115854	3115786	6.68e-25	117	Nla.ragtag.scaffold_chr
AL7G31510	scaffold_5_RagTag	97.101	69	2	0	1	69	11624464	11624396	6.68e-25	117	Nla.ragtag.scaffold_chr
AL7G31510	scaffold_5_RagTag	98.485	66	1	0	1	66	17495812	17495877	6.68e-25	117	Nla.ragtag.scaffold_chr
AL7G31510	scaffold_5_RagTag	95.652	69	3	0	1	69	4232098	4232166	3.11e-23	111	Nla.ragtag.scaffold_chr
AL7G31510	scaffold_5_RagTag	96.97	66	2	0	1	66	6028496	6028431	3.11e-23	111	Nla.ragtag.scaffold_chr
AL7G31510	scaffold_5_RagTag	93.939	66	3	1	1	66	6341944	6341880	2.42e-19	99	Nla.ragtag.scaffold_chr
AL7G31520	scaffold_7_RagTag	97.283	1288	17	4	1007	2282	8759846	8761127	0	2169	Nla.ragtag.scaffold_chr
AL7G31520	scaffold_7_RagTag	93.085	911	37	15	122	1015	8758838	8759739	0	1310	Nla.ragtag.scaffold_chr
AL7G31520	scaffold_7_RagTag	82.421	694	105	11	1523	2212	8447950	8447270	9.61e-167	590	Nla.ragtag.scaffold_chr
AL7G31520	scaffold_7_RagTag	81.05	686	111	10	1523	2203	8738627	8739298	2.13e-148	529	Nla.ragtag.scaffold_chr
AL7G31520	scaffold_7_RagTag	79.383	713	104	26	1070	1757	8735072	8735766	2.19e-128	462	Nla.ragtag.scaffold_chr
AL7G31520	scaffold_7_RagTag	81.72	558	82	6	1298	1840	8756148	8756700	6.12e-124	448	Nla.ragtag.scaffold_chr
AL7G31520	scaffold_7_RagTag	83.636	385	46	12	1841	2212	8728786	8729166	2.3e-93	346	Nla.ragtag.scaffold_chr
AL7G31520	scaffold_7_RagTag	82.464	422	49	14	1846	2258	8758032	8758437	2.3e-93	346	Nla.ragtag.scaffold_chr
AL7G31520	scaffold_7_RagTag	82.181	376	51	10	1842	2212	8732217	8732581	3.01e-82	309	Nla.ragtag.scaffold_chr
AL7G31520	scaffold_7_RagTag	81.818	374	50	13	1843	2204	8735876	8736243	6.52e-79	298	Nla.ragtag.scaffold_chr
AL7G31520	scaffold_7_RagTag	85.662	272	30	6	1060	1329	8448361	8448097	8.5e-73	278	Nla.ragtag.scaffold_chr
AL7G31520	scaffold_7_RagTag	74.625	733	130	37	1061	1756	8757217	8757930	3.95e-71	272	Nla.ragtag.scaffold_chr
AL7G31520	scaffold_7_RagTag	82.909	275	39	7	1522	1791	8449099	8448828	1.12e-61	241	Nla.ragtag.scaffold_chr
AL7G31520	scaffold_7_RagTag	73.766	709	122	45	1092	1760	8728000	8728684	1.45e-55	220	Nla.ragtag.scaffold_chr
AL7G31520	scaffold_7_RagTag	82.377	244	28	9	1523	1753	8506118	8505877	6.81e-49	198	Nla.ragtag.scaffold_chr
AL7G31520	scaffold_7_RagTag	81.548	168	27	3	714	880	8738685	8738849	5.41e-30	135	Nla.ragtag.scaffold_chr
AL7G31520	scaffold_7_RagTag	86.29	124	7	6	1	124	8758776	8758889	3.26e-27	126	Nla.ragtag.scaffold_chr
AL7G31520	scaffold_7_RagTag	97.917	48	1	0	568	615	8759372	8759419	1.99e-14	84.2	Nla.ragtag.scaffold_chr
AL7G31520	scaffold_7_RagTag	92.308	39	3	0	639	677	8759311	8759349	4.34e-06	56.5	Nla.ragtag.scaffold_chr
AL7G31520	scaffold_1_RagTag	76.799	1237	180	55	1052	2209	26948604	26947396	2.07e-168	595	Nla.ragtag.scaffold_chr
AL7G31520	scaffold_1_RagTag	77.303	1053	160	50	1044	2047	26991131	26990109	5.87e-154	547	Nla.ragtag.scaffold_chr
AL7G31520	scaffold_1_RagTag	77.208	1053	161	50	1044	2047	27046089	27045067	2.73e-152	542	Nla.ragtag.scaffold_chr
AL7G31520	scaffold_1_RagTag	77.129	1045	163	47	1052	2047	27019203	27018186	1.27e-150	536	Nla.ragtag.scaffold_chr
AL7G31520	scaffold_1_RagTag	75.73	651	103	35	1056	1674	26950132	26949505	3.06e-72	276	Nla.ragtag.scaffold_chr
AL7G31520	scaffold_1_RagTag	85.484	186	24	3	2025	2209	26990076	26989893	1.14e-46	191	Nla.ragtag.scaffold_chr
AL7G31520	scaffold_1_RagTag	85.484	186	24	3	2025	2209	27018153	27017970	1.14e-46	191	Nla.ragtag.scaffold_chr
AL7G31520	scaffold_1_RagTag	85.484	186	24	3	2025	2209	27045034	27044851	1.14e-46	191	Nla.ragtag.scaffold_chr
AL8G44570	scaffold_8_RagTag	94.855	447	12	5	1	445	22613352	22613789	0	688	Nla.ragtag.scaffold_chr
AL8G44570	scaffold_8_RagTag	100	132	0	0	443	574	22613827	22613958	2.1e-63	244	Nla.ragtag.scaffold_chr
AL1G60840	scaffold_1	94.631	1099	37	10	700	1794	26756298	26757378	0	1683	NT1_v2
AL1G60840	scaffold_1	84.211	380	30	11	169	533	16237017	16236653	2.33e-92	342	NT1_v2
AL1G60840	scaffold_7	78.556	942	134	32	862	1794	8777865	8776983	2.12e-157	558	NT1_v2
AL1G60840	scaffold_7	77.731	943	140	41	862	1794	8482460	8483342	4.66e-144	514	NT1_v2
AL1G60840	scaffold_7	77.379	809	123	38	1013	1783	8786467	8785681	2.25e-117	425	NT1_v2
AL1G60840	scaffold_7	81.143	525	64	19	862	1368	8782194	8781687	2.95e-106	388	NT1_v2
AL1G60840	scaffold_7	77.011	696	109	30	1132	1789	8774524	8773842	3.87e-95	351	NT1_v2
AL1G60840	scaffold_7	82.952	393	40	15	162	534	13236317	13236702	1.81e-88	329	NT1_v2
AL1G60840	scaffold_7	82.524	309	45	4	1425	1727	8781609	8781304	1.87e-68	263	NT1_v2
AL1G60840	scaffold_7	84.979	233	31	3	1132	1363	8483866	8484095	1.46e-59	233	NT1_v2
AL1G60840	scaffold_7	84.388	237	28	7	1137	1370	8783833	8783603	8.8e-57	224	NT1_v2
AL1G60840	scaffold_7	80	260	46	6	1125	1379	8764327	8764069	1.15e-45	187	NT1_v2
AL1G60840	scaffold_7	80.142	282	20	14	701	982	8539798	8540043	6.95e-43	178	NT1_v2
AL1G60840	scaffold_7	91.339	127	11	0	862	988	8773358	8773232	8.99e-42	174	NT1_v2
AL1G60840	scaffold_7	92.793	111	8	0	700	810	8777994	8777884	7e-38	161	NT1_v2
AL1G60840	scaffold_7	90.164	122	11	1	862	982	8766912	8766791	9.05e-37	158	NT1_v2
AL1G60840	scaffold_7	82.759	174	29	1	1140	1312	8540219	8540392	1.17e-35	154	NT1_v2
AL1G60840	scaffold_7	90.179	112	11	0	700	811	8482334	8482445	1.96e-33	147	NT1_v2
AL1G60840	scaffold_7	89.062	64	6	1	745	807	8782284	8782221	7.25e-13	78.7	NT1_v2
AL1G60840	scaffold_6	91.821	379	19	8	169	535	8478814	8478436	3.61e-145	518	NT1_v2
AL1G60840	scaffold_5	82.317	164	10	10	178	326	5499971	5499812	9.18e-27	124	NT1_v2
AL6G37030	scaffold_6	94.808	443	8	4	2	432	11001526	11001965	0	676	NT1_v2
AL7G30780	scaffold_7	98.399	1437	21	1	1	1435	8481985	8483421	0	2525	NT1_v2
AL7G30780	scaffold_7	90.884	1108	91	8	301	1401	8778041	8776937	0	1478	NT1_v2
AL7G30780	scaffold_7	82.837	705	76	15	298	975	8782361	8781675	6.01e-167	590	NT1_v2
AL7G30780	scaffold_7	79.13	690	113	19	298	966	8784281	8783602	3.83e-124	448	NT1_v2
AL7G30780	scaffold_7	77.54	748	132	25	244	966	8779999	8779263	3e-115	418	NT1_v2
AL7G30780	scaffold_7	85.012	407	50	10	259	661	8769617	8769218	8.4e-111	403	NT1_v2
AL7G30780	scaffold_7	86.704	361	44	3	291	647	8773545	8773185	3.91e-109	398	NT1_v2
AL7G30780	scaffold_7	94.309	246	14	0	721	966	8483858	8484103	5.09e-103	377	NT1_v2
AL7G30780	scaffold_7	83.784	407	51	6	259	653	8764826	8764423	2.37e-101	372	NT1_v2
AL7G30780	scaffold_7	82.679	433	57	10	244	661	8775051	8774622	3.06e-100	368	NT1_v2
AL7G30780	scaffold_7	81.03	369	64	3	613	975	8786467	8786099	2.45e-76	289	NT1_v2
AL7G30780	scaffold_7	81.37	365	53	9	291	647	8539739	8540096	1.14e-74	283	NT1_v2
AL7G30780	scaffold_7	82.329	249	39	4	414	661	8766968	8766724	5.46e-53	211	NT1_v2
AL7G30780	scaffold_7	83.516	182	28	2	729	909	8540211	8540391	3.33e-40	169	NT1_v2
AL7G30780	scaffold_7	84.615	91	14	0	298	388	8786587	8786497	7.43e-17	91.6	NT1_v2
AL7G30780	scaffold_1	81.866	761	84	23	240	958	26756196	26756944	1.67e-167	592	NT1_v2
AL7G31470	scaffold_7	97.91	1244	16	2	1	1235	8763602	8764844	0	2145	NT1_v2
AL7G31470	scaffold_7	86.286	1225	145	11	21	1235	8768424	8769635	0	1310	NT1_v2
AL7G31470	scaffold_7	78.669	947	166	26	83	1015	8766001	8766925	3.08e-169	597	NT1_v2
AL7G31470	scaffold_7	81.317	653	91	23	552	1185	8540379	8539739	2.48e-140	501	NT1_v2
AL7G31470	scaffold_7	81.221	639	93	20	548	1180	8783666	8784283	5.38e-137	490	NT1_v2
AL7G31470	scaffold_7	74.675	1232	234	60	28	1217	8773841	8775036	1.51e-132	475	NT1_v2
AL7G31470	scaffold_7	86.432	398	48	2	823	1217	8482639	8482245	3.31e-119	431	NT1_v2
AL7G31470	scaffold_7	86.721	369	42	6	826	1189	8773182	8773548	7.21e-111	403	NT1_v2
AL7G31470	scaffold_7	84.658	365	52	3	823	1184	8777686	8778049	4.4e-98	361	NT1_v2
AL7G31470	scaffold_7	79.893	373	47	15	821	1184	8782013	8782366	3.57e-64	248	NT1_v2
AL7G31470	scaffold_7	82.927	246	30	11	477	719	8786108	8786344	4.69e-53	211	NT1_v2
AL7G31470	scaffold_7	93.684	95	4	2	1088	1181	8786497	8786590	6.24e-32	141	NT1_v2
AL7G31470	scaffold_1	77.047	745	100	39	478	1185	26756951	26756241	1.22e-98	363	NT1_v2
AL7G31480	scaffold_7	99.172	1329	9	1	1	1329	8768390	8769716	0	2392	NT1_v2
AL7G31480	scaffold_7	85.463	1307	153	17	35	1318	8763621	8764913	0	1327	NT1_v2
AL7G31480	scaffold_7	78.096	977	167	37	97	1055	8766001	8766948	1.56e-162	575	NT1_v2
AL7G31480	scaffold_7	75.116	1298	227	74	19	1262	8773816	8775071	7.39e-146	520	NT1_v2
AL7G31480	scaffold_7	81.25	640	94	18	556	1191	8783666	8784283	4.48e-138	494	NT1_v2
AL7G31480	scaffold_7	78.472	720	124	26	556	1267	8779327	8780023	1.65e-122	442	NT1_v2
AL7G31480	scaffold_7	83.885	453	55	13	829	1267	8482647	8482199	9.97e-115	416	NT1_v2
AL7G31480	scaffold_7	78.571	658	105	24	559	1196	8540380	8539739	2.79e-110	401	NT1_v2
AL7G31480	scaffold_7	82.927	287	42	3	7	286	8772424	8772710	2.98e-65	252	NT1_v2
AL7G31480	scaffold_7	75.598	418	74	19	6	407	8540885	8540480	3.96e-44	182	NT1_v2
AL7G31480	scaffold_7	79.31	232	36	10	488	716	8484100	8483878	3.11e-35	152	NT1_v2
AL7G31480	scaffold_7	93.478	92	4	2	1102	1192	8786500	8786590	3.13e-30	135	NT1_v2
AL7G31490	scaffold_7	99.258	1752	13	0	1089	2840	8773359	8775110	0	3164	NT1_v2
AL7G31490	scaffold_7	98.673	829	10	1	1	828	8772349	8773177	0	1469	NT1_v2
AL7G31490	scaffold_7	77.291	1277	208	57	1554	2799	8778792	8780017	0	676	NT1_v2
AL7G31490	scaffold_7	76.755	1282	213	46	38	1278	8763561	8764798	0	638	NT1_v2
AL7G31490	scaffold_7	78.61	935	161	20	172	1077	8766001	8766925	2.01e-164	582	NT1_v2
AL7G31490	scaffold_7	80.694	720	99	22	2013	2726	8783598	8784283	1.23e-146	523	NT1_v2
AL7G31490	scaffold_7	80.17	706	107	19	1555	2250	8785659	8786341	7.48e-139	497	NT1_v2
AL7G31490	scaffold_7	75.451	998	206	20	109	1077	8778798	8779785	2.12e-124	449	NT1_v2
AL7G31490	scaffold_7	79.633	545	96	11	545	1074	8768871	8769415	1.02e-102	377	NT1_v2
AL7G31490	scaffold_7	78.049	656	102	26	2085	2722	8540380	8539749	3.66e-102	375	NT1_v2
AL7G31490	scaffold_7	99	200	2	0	884	1083	8773178	8773377	3.68e-97	359	NT1_v2
AL7G31490	scaffold_7	73.772	1018	211	40	107	1081	8773831	8774835	2.22e-94	350	NT1_v2
AL7G31490	scaffold_7	76.833	682	114	21	616	1284	8540380	8539730	1.03e-92	344	NT1_v2
AL7G31490	scaffold_7	74.785	698	141	23	1561	2248	8772456	8773128	8.2e-74	281	NT1_v2
AL7G31490	scaffold_7	81.003	379	48	6	891	1269	8777692	8778046	2.95e-73	279	NT1_v2
AL7G31490	scaffold_7	81.538	325	48	6	42	361	8768358	8768675	1.38e-66	257	NT1_v2
AL7G31490	scaffold_7	93.452	168	8	1	38	205	8767973	8768137	2.99e-63	246	NT1_v2
AL7G31490	scaffold_7	89.385	179	17	2	1101	1278	8482450	8482273	1.4e-56	224	NT1_v2
AL7G31490	scaffold_7	86.813	182	24	0	897	1078	8482627	8482446	1.83e-50	204	NT1_v2
AL7G31490	scaffold_7	82.353	238	38	4	546	781	8482954	8482719	1.83e-50	204	NT1_v2
AL7G31490	scaffold_7	79.538	303	46	10	77	364	8783074	8783375	6.57e-50	202	NT1_v2
AL7G31490	scaffold_7	80.576	278	36	10	2359	2627	8782014	8782282	8.49e-49	198	NT1_v2
AL7G31490	scaffold_7	86.705	173	23	0	1098	1270	8774825	8774997	3.95e-47	193	NT1_v2
AL7G31490	scaffold_1	81.995	411	58	9	877	1275	26756647	26756241	6.21e-90	335	NT1_v2
AL7G31500	scaffold_7	97.601	1292	20	5	1	1283	8776833	8778122	0	2204	NT1_v2
AL7G31500	scaffold_7	90.975	1108	93	6	107	1211	8483387	8482284	0	1485	NT1_v2
AL7G31500	scaffold_7	77.339	1368	188	56	18	1286	8781094	8782438	0	697	NT1_v2
AL7G31500	scaffold_7	78.229	689	119	19	546	1213	8783605	8784283	1.25e-113	412	NT1_v2
AL7G31500	scaffold_7	76.942	824	124	33	133	896	8785650	8786467	1.61e-112	409	NT1_v2
AL7G31500	scaffold_7	86.275	357	42	5	862	1213	8773185	8773539	3.52e-104	381	NT1_v2
AL7G31500	scaffold_7	77.312	692	120	27	546	1213	8779266	8779944	5.89e-102	374	NT1_v2
AL7G31500	scaffold_7	92.245	245	19	0	544	788	8484102	8483858	3.57e-94	348	NT1_v2
AL7G31500	scaffold_7	83.155	374	47	9	856	1216	8764423	8764793	4.65e-88	327	NT1_v2
AL7G31500	scaffold_7	80.723	249	43	4	848	1095	8766724	8766968	2.29e-46	189	NT1_v2
AL7G31500	scaffold_7	81.437	167	29	1	600	764	8785303	8785469	3.02e-30	135	NT1_v2
AL7G31500	scaffold_7	80.588	170	33	0	611	780	8540380	8540211	3.91e-29	132	NT1_v2
AL7G31500	scaffold_7	88.172	93	11	0	1121	1213	8786497	8786589	5.1e-23	111	NT1_v2
AL7G31510	scaffold_7	96.175	732	24	3	66	795	8783664	8784393	0	1194	NT1_v2
AL7G31510	scaffold_7	96.452	620	22	0	66	685	8779325	8779944	0	1024	NT1_v2
AL7G31510	scaffold_7	80.995	663	97	18	71	708	8540380	8539722	5.68e-140	499	NT1_v2
AL7G31510	scaffold_7	80.645	651	91	19	66	685	8774350	8774996	1.24e-131	472	NT1_v2
AL7G31510	scaffold_7	79.969	639	104	19	68	685	8768945	8769580	5.8e-125	449	NT1_v2
AL7G31510	scaffold_7	79.968	629	96	19	64	683	8482891	8482284	4.52e-121	436	NT1_v2
AL7G31510	scaffold_7	78.516	647	105	19	68	685	8764148	8764789	2.76e-108	394	NT1_v2
AL7G31510	scaffold_7	81.081	518	74	18	65	563	8766450	8766962	9.92e-108	392	NT1_v2
AL7G31510	scaffold_7	78.425	635	102	22	64	685	8777434	8778046	2.15e-104	381	NT1_v2
AL7G31510	scaffold_7	91.724	145	10	1	598	742	8786502	8786644	6.45e-50	200	NT1_v2
AL7G31510	scaffold_7	81.323	257	31	9	345	585	8782026	8782281	1.08e-47	193	NT1_v2
AL7G31510	scaffold_7	80.435	184	34	2	64	246	8484042	8483860	1.43e-31	139	NT1_v2
AL7G31510	scaffold_7	100	65	0	0	1	65	14183730	14183794	5.17e-26	121	NT1_v2
AL7G31510	scaffold_7	98.529	68	1	0	1	68	14305831	14305764	5.17e-26	121	NT1_v2
AL7G31510	scaffold_7	98.529	68	1	0	1	68	15185439	15185372	5.17e-26	121	NT1_v2
AL7G31510	scaffold_7	94.805	77	3	1	1	77	9249077	9249002	1.86e-25	119	NT1_v2
AL7G31510	scaffold_7	97.101	69	2	0	1	69	2730576	2730508	6.68e-25	117	NT1_v2
AL7G31510	scaffold_7	100	62	0	0	1	62	2490659	2490720	2.4e-24	115	NT1_v2
AL7G31510	scaffold_7	97.059	68	2	0	1	68	15696468	15696535	2.4e-24	115	NT1_v2
AL7G31510	scaffold_7	93.333	75	5	0	1	75	10217784	10217710	3.11e-23	111	NT1_v2
AL7G31510	scaffold_7	95.312	64	3	0	5	68	8608706	8608643	1.87e-20	102	NT1_v2
AL7G31510	scaffold_1	100	70	0	0	1	70	5026829	5026760	8.58e-29	130	NT1_v2
AL7G31510	scaffold_1	100	69	0	0	1	69	5043664	5043732	3.09e-28	128	NT1_v2
AL7G31510	scaffold_1	97.222	72	2	0	1	72	14225732	14225661	1.44e-26	122	NT1_v2
AL7G31510	scaffold_1	100	66	0	0	1	66	17365171	17365236	1.44e-26	122	NT1_v2
AL7G31510	scaffold_1	100	66	0	0	1	66	22985619	22985554	1.44e-26	122	NT1_v2
AL7G31510	scaffold_1	97.143	70	2	0	1	70	22562203	22562134	1.86e-25	119	NT1_v2
AL7G31510	scaffold_1	98.485	66	1	0	1	66	7654028	7654093	6.68e-25	117	NT1_v2
AL7G31510	scaffold_1	95.833	72	2	1	2	72	14918501	14918572	2.4e-24	115	NT1_v2
AL7G31510	scaffold_1	96.97	66	2	0	1	66	9562086	9562151	3.11e-23	111	NT1_v2
AL7G31510	scaffold_1	95.522	67	3	0	1	67	21575229	21575163	4.02e-22	108	NT1_v2
AL7G31510	scaffold_1	95.455	66	3	0	1	66	23192926	23192991	1.45e-21	106	NT1_v2
AL7G31510	scaffold_1	95.238	63	2	1	1	63	2120435	2120374	2.42e-19	99	NT1_v2
AL7G31510	scaffold_1	88.71	62	7	0	5	66	13668815	13668754	1.13e-12	76.8	NT1_v2
AL7G31510	scaffold_6	100	69	0	0	1	69	1147435	1147503	3.09e-28	128	NT1_v2
AL7G31510	scaffold_6	100	66	0	0	1	66	24411760	24411825	1.44e-26	122	NT1_v2
AL7G31510	scaffold_6	98.485	66	1	0	1	66	8531380	8531445	6.68e-25	117	NT1_v2
AL7G31510	scaffold_6	97.101	69	2	0	1	69	11413528	11413596	6.68e-25	117	NT1_v2
AL7G31510	scaffold_6	95.652	69	3	0	1	69	20204488	20204556	3.11e-23	111	NT1_v2
AL7G31510	scaffold_6	96.97	66	2	0	1	66	23438585	23438650	3.11e-23	111	NT1_v2
AL7G31510	scaffold_6	95.588	68	3	0	1	68	22004354	22004287	1.12e-22	110	NT1_v2
AL7G31510	scaffold_6	95.455	66	3	0	1	66	7348131	7348196	1.45e-21	106	NT1_v2
AL7G31510	scaffold_6	95.455	66	3	0	1	66	21052822	21052887	1.45e-21	106	NT1_v2
AL7G31510	scaffold_6	95.455	66	3	0	1	66	21074816	21074751	1.45e-21	106	NT1_v2
AL7G31510	scaffold_6	95.455	66	3	0	1	66	23582651	23582586	1.45e-21	106	NT1_v2
AL7G31510	scaffold_6	94.118	68	4	0	1	68	9441272	9441205	5.2e-21	104	NT1_v2
AL7G31510	scaffold_5	98.611	72	1	0	1	72	21401313	21401242	3.09e-28	128	NT1_v2
AL7G31510	scaffold_5	100	67	0	0	1	67	612623	612689	3.99e-27	124	NT1_v2
AL7G31510	scaffold_5	97.101	69	2	0	1	69	428211	428143	6.68e-25	117	NT1_v2
AL7G31510	scaffold_5	97.101	69	2	0	1	69	2390035	2389967	6.68e-25	117	NT1_v2
AL7G31510	scaffold_5	95.652	69	3	0	1	69	15178393	15178325	3.11e-23	111	NT1_v2
AL7G31510	scaffold_5	95.652	69	3	0	1	69	17568226	17568158	3.11e-23	111	NT1_v2
AL7G31510	scaffold_5	95.455	66	3	0	1	66	1724810	1724875	1.45e-21	106	NT1_v2
AL7G31510	scaffold_5	95.455	66	3	0	1	66	5894726	5894661	1.45e-21	106	NT1_v2
AL7G31510	scaffold_5	92.424	66	5	0	1	66	17682135	17682200	3.13e-18	95.3	NT1_v2
AL7G31510	scaffold_4	100	69	0	0	1	69	19846141	19846209	3.09e-28	128	NT1_v2
AL7G31510	scaffold_4	100	68	0	0	1	68	1165326	1165393	1.11e-27	126	NT1_v2
AL7G31510	scaffold_4	100	68	0	0	1	68	14431511	14431444	1.11e-27	126	NT1_v2
AL7G31510	scaffold_4	96.104	77	1	2	1	77	19885406	19885480	3.99e-27	124	NT1_v2
AL7G31510	scaffold_4	97.222	72	1	1	1	71	7133029	7132958	5.17e-26	121	NT1_v2
AL7G31510	scaffold_4	98.529	68	1	0	1	68	18891999	18892066	5.17e-26	121	NT1_v2
AL7G31510	scaffold_4	98.485	66	1	0	1	66	19620895	19620960	6.68e-25	117	NT1_v2
AL7G31510	scaffold_4	96.97	66	2	0	1	66	1239891	1239956	3.11e-23	111	NT1_v2
AL7G31510	scaffold_4	95.652	69	2	1	1	68	15800104	15800036	1.12e-22	110	NT1_v2
AL7G31510	scaffold_4	94.03	67	4	0	1	67	12419297	12419231	1.87e-20	102	NT1_v2
AL7G31510	scaffold_8	100	68	0	0	1	68	2102959	2103026	1.11e-27	126	NT1_v2
AL7G31510	scaffold_8	98.529	68	1	0	1	68	11165403	11165336	5.17e-26	121	NT1_v2
AL7G31510	scaffold_8	98.529	68	1	0	1	68	18595264	18595331	5.17e-26	121	NT1_v2
AL7G31510	scaffold_8	98.529	68	1	0	1	68	18912229	18912162	5.17e-26	121	NT1_v2
AL7G31510	scaffold_8	95.89	73	3	0	1	73	17206345	17206273	1.86e-25	119	NT1_v2
AL7G31510	scaffold_8	97.101	69	2	0	1	69	3001153	3001085	6.68e-25	117	NT1_v2
AL7G31510	scaffold_8	97.015	67	2	0	1	67	11166359	11166293	8.64e-24	113	NT1_v2
AL7G31510	scaffold_8	95.588	68	3	0	1	68	11532228	11532295	1.12e-22	110	NT1_v2
AL7G31510	scaffold_8	96.154	52	2	0	17	68	20576286	20576235	1.88e-15	86.1	NT1_v2
AL7G31510	scaffold_3	100	66	0	0	1	66	9687307	9687372	1.44e-26	122	NT1_v2
AL7G31510	scaffold_3	100	66	0	0	1	66	22450379	22450444	1.44e-26	122	NT1_v2
AL7G31510	scaffold_3	98.529	68	1	0	1	68	13781574	13781641	5.17e-26	121	NT1_v2
AL7G31510	scaffold_3	97.101	69	2	0	1	69	5967088	5967156	6.68e-25	117	NT1_v2
AL7G31510	scaffold_3	97.143	70	1	1	1	69	7125306	7125375	6.68e-25	117	NT1_v2
AL7G31510	scaffold_3	95.89	73	2	1	1	73	27126749	27126678	6.68e-25	117	NT1_v2
AL7G31510	scaffold_3	96.97	66	2	0	1	66	9903889	9903954	3.11e-23	111	NT1_v2
AL7G31510	scaffold_3	87.5	64	8	0	5	68	14558648	14558585	4.08e-12	75	NT1_v2
AL7G31510	scaffold_2	98.529	68	1	0	1	68	11056485	11056552	5.17e-26	121	NT1_v2
AL7G31510	scaffold_2	97.183	71	2	0	1	71	16760855	16760785	5.17e-26	121	NT1_v2
AL7G31510	scaffold_2	97.101	69	2	0	1	69	4652248	4652180	6.68e-25	117	NT1_v2
AL7G31510	scaffold_2	96.97	66	2	0	1	66	1782764	1782829	3.11e-23	111	NT1_v2
AL7G31510	scaffold_2	94.203	69	2	2	5	71	1226709	1226641	5.2e-21	104	NT1_v2
AL7G31510	scaffold_2	94.03	67	4	0	2	68	12393139	12393073	1.87e-20	102	NT1_v2
AL7G31510	scaffold_2	89.394	66	0	1	1	66	3881428	3881486	1.13e-12	76.8	NT1_v2
AL7G31510	scaffold_2	97.674	43	1	0	24	66	18848527	18848569	4.08e-12	75	NT1_v2
AL7G31520	scaffold_7	99.111	1238	6	1	649	1886	8785238	8786470	0	2220	NT1_v2
AL7G31520	scaffold_7	99.675	615	1	1	1	615	8784672	8785285	0	1123	NT1_v2
AL7G31520	scaffold_7	85.649	1087	117	12	1053	2106	8781204	8782284	0	1107	NT1_v2
AL7G31520	scaffold_7	81.844	694	109	11	1523	2212	8482953	8482273	4.51e-160	568	NT1_v2
AL7G31520	scaffold_7	81.672	682	109	13	1527	2203	8777376	8778046	1.26e-155	553	NT1_v2
AL7G31520	scaffold_7	80.169	711	103	23	1070	1757	8773825	8774520	5.99e-139	497	NT1_v2
AL7G31520	scaffold_7	83.495	412	47	10	1854	2258	8783943	8784340	6.34e-99	364	NT1_v2
AL7G31520	scaffold_7	84.031	382	47	9	1841	2212	8764421	8764798	3.82e-96	355	NT1_v2
AL7G31520	scaffold_7	82.447	376	50	11	1842	2212	8769225	8769589	6.48e-84	315	NT1_v2
AL7G31520	scaffold_7	98.256	172	3	0	2111	2282	8786497	8786668	5.05e-80	302	NT1_v2
AL7G31520	scaffold_7	81.867	375	50	13	1842	2204	8774629	8774997	1.81e-79	300	NT1_v2
AL7G31520	scaffold_7	84.477	277	38	5	1517	1791	8484109	8483836	5.12e-70	268	NT1_v2
AL7G31520	scaffold_7	87.124	233	29	1	1524	1756	8783602	8783833	2.38e-68	263	NT1_v2
AL7G31520	scaffold_7	82.449	245	33	9	1524	1760	8764077	8764319	4.07e-51	206	NT1_v2
AL7G31520	scaffold_7	85.366	164	20	4	1592	1753	8540380	8540219	1.92e-39	167	NT1_v2
AL7G31520	scaffold_7	83.019	159	23	3	723	880	8482886	8482731	1.16e-31	141	NT1_v2
AL7G31520	scaffold_7	80.838	167	30	1	714	880	8777430	8777594	2.52e-28	130	NT1_v2
AL7G31520	scaffold_7	100	32	0	0	1911	1942	8786470	8786501	3.35e-07	60.2	NT1_v2
AL7G31520	scaffold_1	79.253	723	100	30	1525	2209	26756951	26756241	2.83e-127	459	NT1_v2
AL8G44570	scaffold_8	97.105	449	8	2	1	445	21045525	21045972	0	752	NT1_v2
AL8G44570	scaffold_8	99.242	132	1	0	443	574	21046010	21046141	9.75e-62	239	NT1_v2
AL8G44570	scaffold_8	98.148	54	1	0	201	254	21049487	21049540	2.23e-18	95.3	NT1_v2
AL1G60840	scaffold_1_RagTag	89.014	1156	57	27	700	1794	29933715	29934861	0	1367	NT12_v2
AL1G60840	scaffold_1_RagTag	94.723	379	16	3	1419	1794	29909428	29909805	1.05e-165	586	NT12_v2
AL1G60840	scaffold_1_RagTag	84.252	381	30	11	169	534	17716441	17716076	6.97e-93	344	NT12_v2
AL1G60840	scaffold_7_RagTag	77.589	1120	160	45	701	1783	9685745	9684680	6.27e-168	593	NT12_v2
AL1G60840	scaffold_7_RagTag	78.238	942	137	34	862	1794	9676690	9675808	2.3e-152	542	NT12_v2
AL1G60840	scaffold_7_RagTag	77.389	942	145	37	862	1794	9332451	9333333	5.06e-139	497	NT12_v2
AL1G60840	scaffold_7_RagTag	79.476	687	79	30	700	1368	9681210	9680568	5.2e-119	431	NT12_v2
AL1G60840	scaffold_7_RagTag	84.314	357	30	14	162	498	15202889	15203239	2.53e-87	326	NT12_v2
AL1G60840	scaffold_7_RagTag	82.524	309	45	4	1425	1727	9680490	9680185	2.01e-68	263	NT12_v2
AL1G60840	scaffold_7_RagTag	84.979	233	31	3	1132	1363	9333864	9334093	1.57e-59	233	NT12_v2
AL1G60840	scaffold_7_RagTag	82.639	288	23	6	701	988	9672295	9672035	2.04e-58	230	NT12_v2
AL1G60840	scaffold_7_RagTag	81.915	282	21	11	701	982	9404496	9404747	7.38e-53	211	NT12_v2
AL1G60840	scaffold_7_RagTag	81.59	239	35	7	1140	1370	9404926	9405163	3.46e-46	189	NT12_v2
AL1G60840	scaffold_7_RagTag	94.215	121	7	0	862	982	9683028	9682908	4.47e-45	185	NT12_v2
AL1G60840	scaffold_7_RagTag	79.231	260	48	6	1125	1379	9665562	9665304	2.69e-42	176	NT12_v2
AL1G60840	scaffold_7_RagTag	79.528	254	40	10	1132	1380	9673353	9673107	1.25e-40	171	NT12_v2
AL1G60840	scaffold_7_RagTag	90.323	124	12	0	700	823	9676816	9676693	2.1e-38	163	NT12_v2
AL1G60840	scaffold_7_RagTag	90.083	121	12	0	862	982	9667032	9666912	9.75e-37	158	NT12_v2
AL1G60840	scaffold_7_RagTag	90.179	112	11	0	700	811	9332325	9332436	2.11e-33	147	NT12_v2
AL1G60840	scaffold_6_RagTag	87.097	279	14	4	260	534	14747857	14748117	1.98e-78	296	NT12_v2
AL1G60840	scaffold_6_RagTag	87.917	240	7	4	260	495	14743400	14743621	2.01e-68	263	NT12_v2
AL1G60840	scaffold_5_RagTag	82.822	163	10	7	178	326	6772888	6773046	2.13e-28	130	NT12_v2
AL1G60840	scaffold_5_RagTag	82.317	164	10	10	178	326	6775708	6775549	9.89e-27	124	NT12_v2
AL1G60840	scaffold_4_RagTag	80.925	173	9	11	178	326	4533642	4533814	5.95e-24	115	NT12_v2
AL6G37030	scaffold_6_RagTag	96.288	431	13	1	2	432	12648737	12649164	0	704	NT12_v2
AL7G30780	scaffold_7_RagTag	98.817	1437	15	1	1	1435	9331976	9333412	0	2558	NT12_v2
AL7G30780	scaffold_7_RagTag	91.131	1105	91	6	301	1401	9676863	9675762	0	1491	NT12_v2
AL7G30780	scaffold_7_RagTag	85.39	705	76	15	298	975	9681260	9680556	0	706	NT12_v2
AL7G30780	scaffold_7_RagTag	82.286	700	107	13	291	975	9685804	9685107	6.46e-167	590	NT12_v2
AL7G30780	scaffold_7_RagTag	78.986	690	114	19	298	966	9683198	9682519	1.91e-122	442	NT12_v2
AL7G30780	scaffold_7_RagTag	77.54	748	132	26	244	966	9678868	9678132	3.23e-115	418	NT12_v2
AL7G30780	scaffold_7_RagTag	86.234	385	47	2	272	653	9666039	9665658	1.5e-113	412	NT12_v2
AL7G30780	scaffold_7_RagTag	85.258	407	49	8	259	661	9670502	9670103	1.94e-112	409	NT12_v2
AL7G30780	scaffold_7_RagTag	94.715	246	13	0	721	966	9333856	9334101	1.18e-104	383	NT12_v2
AL7G30780	scaffold_7_RagTag	85.286	367	44	5	291	647	9672354	9671988	9.16e-101	370	NT12_v2
AL7G30780	scaffold_7_RagTag	82.448	433	58	10	244	661	9673873	9673444	1.53e-98	363	NT12_v2
AL7G30780	scaffold_7_RagTag	83.014	365	53	5	291	647	9404437	9404800	2.6e-86	322	NT12_v2
AL7G30780	scaffold_7_RagTag	82.7	237	34	4	244	476	9664516	9664283	9.84e-51	204	NT12_v2
AL7G30780	scaffold_7_RagTag	79.283	251	39	7	729	968	9404918	9405166	1.67e-38	163	NT12_v2
AL7G30780	scaffold_1_RagTag	84.369	499	58	11	476	958	29933906	29934400	2.44e-131	472	NT12_v2
AL7G30780	scaffold_1_RagTag	84.793	217	25	4	240	455	29933613	29933822	5.88e-53	211	NT12_v2
AL7G31470	scaffold_7_RagTag	98.623	1235	14	1	1	1235	9664836	9666067	0	2183	NT12_v2
AL7G31470	scaffold_7_RagTag	86.612	1225	141	11	21	1235	9669309	9670520	0	1332	NT12_v2
AL7G31470	scaffold_7_RagTag	77.303	1194	204	43	23	1189	9671204	9672357	0	641	NT12_v2
AL7G31470	scaffold_7_RagTag	76.789	1202	203	50	37	1185	9405615	9404437	1.98e-171	604	NT12_v2
AL7G31470	scaffold_7_RagTag	74.918	1224	235	57	28	1217	9672673	9673858	4.47e-138	494	NT12_v2
AL7G31470	scaffold_7_RagTag	80.908	639	95	20	548	1180	9682583	9683200	1.25e-133	479	NT12_v2
AL7G31470	scaffold_7_RagTag	85.93	398	50	2	823	1217	9332630	9332236	7.7e-116	420	NT12_v2
AL7G31470	scaffold_7_RagTag	85.411	377	45	8	821	1189	9685433	9685807	1.01e-104	383	NT12_v2
AL7G31470	scaffold_7_RagTag	84.658	365	49	6	823	1184	9676511	9676871	6.13e-97	357	NT12_v2
AL7G31470	scaffold_7_RagTag	83.11	373	53	6	821	1184	9680894	9681265	3.71e-89	331	NT12_v2
AL7G31470	scaffold_7_RagTag	73.219	702	142	34	35	719	9684680	9685352	1.4e-53	213	NT12_v2
AL7G31470	scaffold_7_RagTag	81.416	226	32	4	1006	1224	9664286	9664508	1.84e-42	176	NT12_v2
AL7G31480	scaffold_7_RagTag	99.398	1329	6	1	1	1329	9669275	9670601	0	2409	NT12_v2
AL7G31480	scaffold_7_RagTag	86.133	1298	149	18	35	1318	9664856	9666136	0	1371	NT12_v2
AL7G31480	scaffold_7_RagTag	75.821	1249	229	55	2	1196	9405666	9404437	1.01e-159	566	NT12_v2
AL7G31480	scaffold_7_RagTag	75.135	1295	238	66	19	1270	9672648	9673901	3.68e-149	531	NT12_v2
AL7G31480	scaffold_7_RagTag	81.094	640	95	18	556	1191	9682583	9683200	2.24e-136	488	NT12_v2
AL7G31480	scaffold_7_RagTag	78.333	720	125	26	556	1267	9678196	9678892	8.24e-121	436	NT12_v2
AL7G31480	scaffold_7_RagTag	84.106	453	54	13	829	1267	9332638	9332190	2.31e-116	422	NT12_v2
AL7G31480	scaffold_7_RagTag	82.812	384	50	12	829	1200	9685428	9685807	1.44e-88	329	NT12_v2
AL7G31480	scaffold_7_RagTag	82.038	373	52	8	836	1195	9680895	9681265	8.72e-81	303	NT12_v2
AL7G31480	scaffold_7_RagTag	82.873	181	28	2	875	1055	9666891	9667068	2e-37	159	NT12_v2
AL7G31490	scaffold_7_RagTag	96.27	2869	49	15	1	2840	9671093	9673932	0	4652	NT12_v2
AL7G31490	scaffold_7_RagTag	77.237	1274	214	52	1554	2799	9677661	9678886	0	676	NT12_v2
AL7G31490	scaffold_7_RagTag	76.172	1301	218	45	42	1284	9405694	9404428	5.97e-170	601	NT12_v2
AL7G31490	scaffold_7_RagTag	80.972	720	97	27	2013	2726	9682515	9683200	6.14e-150	534	NT12_v2
AL7G31490	scaffold_7_RagTag	76.384	1084	190	40	38	1080	9664795	9665853	1.33e-146	523	NT12_v2
AL7G31490	scaffold_7_RagTag	74.367	1264	248	54	1571	2801	9664863	9666083	1.76e-130	470	NT12_v2
AL7G31490	scaffold_7_RagTag	74.812	1199	222	56	1561	2727	9671199	9672349	6.31e-130	468	NT12_v2
AL7G31490	scaffold_7_RagTag	75.351	998	207	18	109	1077	9677667	9678654	1.06e-122	444	NT12_v2
AL7G31490	scaffold_7_RagTag	79.179	658	100	25	2085	2722	9405087	9404447	4.99e-116	422	NT12_v2
AL7G31490	scaffold_7_RagTag	79.817	545	95	11	545	1074	9669756	9670300	2.35e-104	383	NT12_v2
AL7G31490	scaffold_7_RagTag	81.79	324	48	5	42	361	9669244	9669560	1.15e-67	261	NT12_v2
AL7G31490	scaffold_7_RagTag	79.79	381	59	11	2359	2730	9680895	9681266	1.15e-67	261	NT12_v2
AL7G31490	scaffold_7_RagTag	90.395	177	15	1	1095	1269	9664286	9664462	9.02e-59	231	NT12_v2
AL7G31490	scaffold_7_RagTag	89.831	177	18	0	1093	1269	9676692	9676868	1.17e-57	228	NT12_v2
AL7G31490	scaffold_7_RagTag	89.385	179	17	2	1101	1278	9332441	9332264	1.51e-56	224	NT12_v2
AL7G31490	scaffold_7_RagTag	83.544	237	36	2	2555	2789	9664289	9664524	7.02e-55	219	NT12_v2
AL7G31490	scaffold_7_RagTag	80.198	303	44	9	77	364	9681982	9682283	3.27e-53	213	NT12_v2
AL7G31490	scaffold_7_RagTag	86.705	173	23	0	1098	1270	9673647	9673819	4.26e-47	193	NT12_v2
AL7G31490	scaffold_7_RagTag	81.092	238	41	4	546	781	9332945	9332710	1.98e-45	187	NT12_v2
AL7G31490	scaffold_7_RagTag	84.516	155	24	0	923	1077	9666891	9667045	2.01e-35	154	NT12_v2
AL7G31490	scaffold_7_RagTag	93.827	81	2	1	76	156	9668638	9668715	7.32e-25	119	NT12_v2
AL7G31490	scaffold_1_RagTag	87.791	172	15	3	942	1107	29934026	29933855	3.29e-48	196	NT12_v2
AL7G31490	scaffold_1_RagTag	82.915	199	25	5	2352	2544	29934103	29933908	1.99e-40	171	NT12_v2
AL7G31500	scaffold_7_RagTag	98.756	1286	14	1	1	1286	9675658	9676941	0	2285	NT12_v2
AL7G31500	scaffold_7_RagTag	91.065	1108	92	6	107	1211	9333378	9332275	0	1491	NT12_v2
AL7G31500	scaffold_7_RagTag	78.582	1368	189	50	18	1286	9679975	9681337	0	808	NT12_v2
AL7G31500	scaffold_7_RagTag	80.966	683	112	12	546	1213	9685119	9685798	1.65e-147	525	NT12_v2
AL7G31500	scaffold_7_RagTag	78.084	689	120	19	546	1213	9682522	9683200	6.25e-112	407	NT12_v2
AL7G31500	scaffold_7_RagTag	77.312	692	120	28	546	1213	9678135	9678813	6.34e-102	374	NT12_v2
AL7G31500	scaffold_7_RagTag	85.205	365	47	6	856	1216	9665658	9666019	2.95e-100	368	NT12_v2
AL7G31500	scaffold_7_RagTag	85.124	363	41	8	862	1213	9671988	9672348	1.77e-97	359	NT12_v2
AL7G31500	scaffold_7_RagTag	92.653	245	18	0	544	788	9334100	9333856	8.26e-96	353	NT12_v2
AL7G31500	scaffold_7_RagTag	83.286	353	53	2	862	1208	9404800	9404448	8.38e-86	320	NT12_v2
AL7G31500	scaffold_7_RagTag	82.48	371	59	6	848	1216	9670103	9670469	8.38e-86	320	NT12_v2
AL7G31500	scaffold_7_RagTag	85.083	181	25	1	1039	1217	9664286	9664466	1.15e-44	183	NT12_v2
AL7G31500	scaffold_7_RagTag	82.178	202	32	3	894	1095	9666891	9667088	8.93e-41	171	NT12_v2
AL7G31500	scaffold_7_RagTag	81.437	167	29	1	600	764	9684302	9684468	3.26e-30	135	NT12_v2
AL7G31500	scaffold_7_RagTag	80.925	173	27	5	611	780	9405087	9404918	4.21e-29	132	NT12_v2
AL7G31500	scaffold_1_RagTag	81.923	520	71	14	551	1051	29934400	29933885	2.89e-115	418	NT12_v2
AL7G31500	scaffold_1_RagTag	87.006	177	20	2	1038	1211	29933841	29933665	1.47e-48	196	NT12_v2
AL7G31510	scaffold_7_RagTag	94.945	732	33	3	66	795	9682581	9683310	0	1144	NT12_v2
AL7G31510	scaffold_7_RagTag	96.29	620	23	0	66	685	9678194	9678813	0	1018	NT12_v2
AL7G31510	scaffold_7_RagTag	81.52	671	88	22	71	708	9405087	9404420	4.69e-146	520	NT12_v2
AL7G31510	scaffold_7_RagTag	80.438	639	101	19	68	685	9669830	9670465	6.2e-130	466	NT12_v2
AL7G31510	scaffold_7_RagTag	80	660	97	21	53	685	9673167	9673818	1.34e-126	455	NT12_v2
AL7G31510	scaffold_7_RagTag	79.781	638	104	19	68	685	9665383	9666015	3.76e-122	440	NT12_v2
AL7G31510	scaffold_7_RagTag	79.809	629	97	20	64	683	9332882	9332275	2.26e-119	431	NT12_v2
AL7G31510	scaffold_7_RagTag	84.466	412	46	9	345	742	9685446	9685853	3.84e-107	390	NT12_v2
AL7G31510	scaffold_7_RagTag	78.481	632	104	21	64	685	9676259	9676868	1.79e-105	385	NT12_v2
AL7G31510	scaffold_7_RagTag	80.952	357	51	9	345	685	9680907	9681262	6.75e-70	267	NT12_v2
AL7G31510	scaffold_7_RagTag	86.458	192	26	0	372	563	9666891	9667082	3.21e-53	211	NT12_v2
AL7G31510	scaffold_7_RagTag	100	69	0	0	1	69	23826660	23826592	3.32e-28	128	NT12_v2
AL7G31510	scaffold_7_RagTag	100	66	0	0	1	66	6363086	6363021	1.55e-26	122	NT12_v2
AL7G31510	scaffold_7_RagTag	98.507	67	1	0	1	67	26275067	26275133	2e-25	119	NT12_v2
AL7G31510	scaffold_7_RagTag	97.143	70	2	0	1	70	28047273	28047342	2e-25	119	NT12_v2
AL7G31510	scaffold_7_RagTag	98.485	66	1	0	1	66	14721437	14721372	7.19e-25	117	NT12_v2
AL7G31510	scaffold_7_RagTag	94.521	73	4	0	1	73	25165020	25164948	9.31e-24	113	NT12_v2
AL7G31510	scaffold_7_RagTag	96.97	66	1	1	1	66	24519031	24519095	1.2e-22	110	NT12_v2
AL7G31510	scaffold_7_RagTag	95.522	67	3	0	1	67	24918940	24918874	4.33e-22	108	NT12_v2
AL7G31510	scaffold_7_RagTag	93.939	66	4	0	1	66	25889081	25889016	7.25e-20	100	NT12_v2
AL7G31510	scaffold_7_RagTag	98.148	54	1	0	13	66	14777741	14777688	3.37e-18	95.3	NT12_v2
AL7G31510	scaffold_5_RagTag	100	70	0	0	1	70	13874783	13874852	9.24e-29	130	NT12_v2
AL7G31510	scaffold_5_RagTag	100	69	0	0	1	69	2900665	2900733	3.32e-28	128	NT12_v2
AL7G31510	scaffold_5_RagTag	100	68	0	0	1	68	4534139	4534072	1.2e-27	126	NT12_v2
AL7G31510	scaffold_5_RagTag	100	66	0	0	1	66	1988536	1988601	1.55e-26	122	NT12_v2
AL7G31510	scaffold_5_RagTag	98.551	69	1	0	1	69	15674950	15674882	1.55e-26	122	NT12_v2
AL7G31510	scaffold_5_RagTag	100	66	0	0	1	66	16727835	16727900	1.55e-26	122	NT12_v2
AL7G31510	scaffold_5_RagTag	98.485	66	1	0	1	66	15934869	15934934	7.19e-25	117	NT12_v2
AL7G31510	scaffold_5_RagTag	97.101	69	2	0	1	69	16910148	16910080	7.19e-25	117	NT12_v2
AL7G31510	scaffold_5_RagTag	98.462	65	1	0	1	65	18921768	18921704	2.59e-24	115	NT12_v2
AL7G31510	scaffold_5_RagTag	95.652	69	3	0	1	69	7129641	7129573	3.35e-23	111	NT12_v2
AL7G31510	scaffold_5_RagTag	93.421	76	4	1	1	75	14702121	14702196	3.35e-23	111	NT12_v2
AL7G31510	scaffold_5_RagTag	93.421	76	4	1	1	75	14702426	14702501	3.35e-23	111	NT12_v2
AL7G31510	scaffold_5_RagTag	95.455	66	3	0	1	66	2254714	2254779	1.56e-21	106	NT12_v2
AL7G31510	scaffold_5_RagTag	95.455	66	3	0	1	66	7129007	7128942	1.56e-21	106	NT12_v2
AL7G31510	scaffold_5_RagTag	90	70	6	1	7	75	14702663	14702732	1.57e-16	89.8	NT12_v2
AL7G31510	scaffold_5_RagTag	97.059	34	1	0	1	34	14702647	14702680	4.42e-07	58.4	NT12_v2
AL7G31510	scaffold_4_RagTag	97.403	77	0	2	1	77	19681013	19681087	9.24e-29	130	NT12_v2
AL7G31510	scaffold_4_RagTag	98.592	71	1	0	1	71	18588610	18588540	1.2e-27	126	NT12_v2
AL7G31510	scaffold_4_RagTag	100	66	0	0	1	66	2558149	2558084	1.55e-26	122	NT12_v2
AL7G31510	scaffold_4_RagTag	98.529	68	1	0	1	68	1234445	1234512	5.56e-26	121	NT12_v2
AL7G31510	scaffold_4_RagTag	97.183	71	2	0	1	71	13068647	13068577	5.56e-26	121	NT12_v2
AL7G31510	scaffold_4_RagTag	97.183	71	2	0	1	71	24799891	24799821	5.56e-26	121	NT12_v2
AL7G31510	scaffold_4_RagTag	98.507	67	1	0	1	67	20827366	20827432	2e-25	119	NT12_v2
AL7G31510	scaffold_4_RagTag	96.97	66	2	0	1	66	22135804	22135869	3.35e-23	111	NT12_v2
AL7G31510	scaffold_4_RagTag	95.161	62	3	0	1	62	13357259	13357198	2.61e-19	99	NT12_v2
AL7G31510	scaffold_4_RagTag	96.61	59	1	1	17	75	4541756	4541699	9.37e-19	97.1	NT12_v2
AL7G31510	scaffold_4_RagTag	92.063	63	5	0	5	67	11455016	11454954	1.57e-16	89.8	NT12_v2
AL7G31510	scaffold_1_RagTag	100	69	0	0	1	69	12089846	12089778	3.32e-28	128	NT12_v2
AL7G31510	scaffold_1_RagTag	100	67	0	0	1	67	25529058	25528992	4.3e-27	124	NT12_v2
AL7G31510	scaffold_1_RagTag	98.551	69	1	0	1	69	25265716	25265648	1.55e-26	122	NT12_v2
AL7G31510	scaffold_1_RagTag	98.485	66	1	0	1	66	11397496	11397431	7.19e-25	117	NT12_v2
AL7G31510	scaffold_1_RagTag	98.485	66	1	0	1	66	13426310	13426245	7.19e-25	117	NT12_v2
AL7G31510	scaffold_1_RagTag	97.101	69	2	0	1	69	27195597	27195529	7.19e-25	117	NT12_v2
AL7G31510	scaffold_1_RagTag	96.97	66	2	0	1	66	14435821	14435886	3.35e-23	111	NT12_v2
AL7G31510	scaffold_1_RagTag	96.97	66	2	0	1	66	25530037	25529972	3.35e-23	111	NT12_v2
AL7G31510	scaffold_1_RagTag	96.97	66	2	0	1	66	25530995	25530930	3.35e-23	111	NT12_v2
AL7G31510	scaffold_1_RagTag	96.97	66	2	0	1	66	25532898	25532833	3.35e-23	111	NT12_v2
AL7G31510	scaffold_1_RagTag	96.97	66	2	0	1	66	25533853	25533788	3.35e-23	111	NT12_v2
AL7G31510	scaffold_1_RagTag	96.97	66	2	0	1	66	25534814	25534749	3.35e-23	111	NT12_v2
AL7G31510	scaffold_1_RagTag	96.97	66	2	0	1	66	25536716	25536651	3.35e-23	111	NT12_v2
AL7G31510	scaffold_1_RagTag	96.97	66	2	0	1	66	25537656	25537591	3.35e-23	111	NT12_v2
AL7G31510	scaffold_1_RagTag	96.97	66	2	0	1	66	25538617	25538552	3.35e-23	111	NT12_v2
AL7G31510	scaffold_1_RagTag	96.97	66	2	0	1	66	25540517	25540452	3.35e-23	111	NT12_v2
AL7G31510	scaffold_1_RagTag	94.366	71	3	1	1	70	24665781	24665851	4.33e-22	108	NT12_v2
AL7G31510	scaffold_1_RagTag	94.444	72	0	3	1	68	25528565	25528636	4.33e-22	108	NT12_v2
AL7G31510	scaffold_1_RagTag	93.151	73	4	1	2	74	3217705	3217776	1.56e-21	106	NT12_v2
AL7G31510	scaffold_1_RagTag	93.151	73	4	1	2	74	3245638	3245709	1.56e-21	106	NT12_v2
AL7G31510	scaffold_1_RagTag	95.455	66	3	0	1	66	19214140	19214205	1.56e-21	106	NT12_v2
AL7G31510	scaffold_1_RagTag	94.286	70	3	1	1	69	25527670	25527739	1.56e-21	106	NT12_v2
AL7G31510	scaffold_1_RagTag	95.455	66	3	0	1	66	25531940	25531875	1.56e-21	106	NT12_v2
AL7G31510	scaffold_1_RagTag	95.455	66	3	0	1	66	25535758	25535693	1.56e-21	106	NT12_v2
AL7G31510	scaffold_1_RagTag	95.455	66	3	0	1	66	25539559	25539494	1.56e-21	106	NT12_v2
AL7G31510	scaffold_1_RagTag	100	47	0	0	24	70	17512143	17512189	5.64e-16	87.9	NT12_v2
AL7G31510	scaffold_1_RagTag	91.667	48	4	0	17	64	14670988	14670941	7.35e-10	67.6	NT12_v2
AL7G31510	scaffold_1_RagTag	97.059	34	1	0	1	34	25841798	25841765	4.42e-07	58.4	NT12_v2
AL7G31510	scaffold_6_RagTag	97.333	75	1	1	1	75	9503805	9503732	1.2e-27	126	NT12_v2
AL7G31510	scaffold_6_RagTag	100	66	0	0	1	66	2235281	2235346	1.55e-26	122	NT12_v2
AL7G31510	scaffold_6_RagTag	96	75	2	1	1	74	5620973	5621047	5.56e-26	121	NT12_v2
AL7G31510	scaffold_6_RagTag	98.485	66	1	0	1	66	4770621	4770686	7.19e-25	117	NT12_v2
AL7G31510	scaffold_6_RagTag	98.485	66	1	0	1	66	24067135	24067200	7.19e-25	117	NT12_v2
AL7G31510	scaffold_6_RagTag	97.101	69	1	1	1	68	22304727	22304795	2.59e-24	115	NT12_v2
AL7G31510	scaffold_6_RagTag	97.059	68	2	0	1	68	22513265	22513198	2.59e-24	115	NT12_v2
AL7G31510	scaffold_6_RagTag	95.714	70	2	1	1	69	8075021	8075090	3.35e-23	111	NT12_v2
AL7G31510	scaffold_6_RagTag	98.413	63	1	0	1	63	22211486	22211548	3.35e-23	111	NT12_v2
AL7G31510	scaffold_6_RagTag	95.588	68	3	0	1	68	10562162	10562229	1.2e-22	110	NT12_v2
AL7G31510	scaffold_6_RagTag	94.203	69	4	0	1	69	22191797	22191729	1.56e-21	106	NT12_v2
AL7G31510	scaffold_2_RagTag	98.592	71	1	0	1	71	4010128	4010198	1.2e-27	126	NT12_v2
AL7G31510	scaffold_2_RagTag	98.551	69	1	0	1	69	5337424	5337356	1.55e-26	122	NT12_v2
AL7G31510	scaffold_2_RagTag	96.053	76	1	2	1	76	18317376	18317449	1.55e-26	122	NT12_v2
AL7G31510	scaffold_2_RagTag	98.529	68	1	0	1	68	13919340	13919407	5.56e-26	121	NT12_v2
AL7G31510	scaffold_2_RagTag	94.737	76	3	1	1	75	7397588	7397663	7.19e-25	117	NT12_v2
AL7G31510	scaffold_2_RagTag	97.059	68	2	0	1	68	7458962	7458895	2.59e-24	115	NT12_v2
AL7G31510	scaffold_2_RagTag	96.97	66	2	0	1	66	2236168	2236233	3.35e-23	111	NT12_v2
AL7G31510	scaffold_2_RagTag	95.588	68	3	0	1	68	16701264	16701197	1.2e-22	110	NT12_v2
AL7G31510	scaffold_2_RagTag	91.379	58	5	0	17	74	13152352	13152295	9.44e-14	80.5	NT12_v2
AL7G31510	scaffold_8_RagTag	100	66	0	0	1	66	6356505	6356570	1.55e-26	122	NT12_v2
AL7G31510	scaffold_8_RagTag	98.551	69	1	0	1	69	9944159	9944091	1.55e-26	122	NT12_v2
AL7G31510	scaffold_8_RagTag	97.015	67	2	0	1	67	17276596	17276662	9.31e-24	113	NT12_v2
AL7G31510	scaffold_8_RagTag	92.105	76	6	0	1	76	3021501	3021426	4.33e-22	108	NT12_v2
AL7G31510	scaffold_8_RagTag	95.455	66	3	0	1	66	2637706	2637641	1.56e-21	106	NT12_v2
AL7G31510	scaffold_3_RagTag	100	66	0	0	1	66	7775260	7775325	1.55e-26	122	NT12_v2
AL7G31510	scaffold_3_RagTag	98.551	69	1	0	1	69	11586001	11585933	1.55e-26	122	NT12_v2
AL7G31510	scaffold_3_RagTag	100	66	0	0	1	66	26054473	26054408	1.55e-26	122	NT12_v2
AL7G31510	scaffold_3_RagTag	98.438	64	1	0	1	64	26593624	26593561	9.31e-24	113	NT12_v2
AL7G31510	scaffold_3_RagTag	96.97	66	2	0	1	66	19952189	19952254	3.35e-23	111	NT12_v2
AL7G31510	scaffold_3_RagTag	95.455	66	3	0	1	66	10855599	10855664	1.56e-21	106	NT12_v2
AL7G31510	scaffold_3_RagTag	94.118	68	4	0	1	68	1241732	1241799	5.6e-21	104	NT12_v2
AL7G31510	scaffold_3_RagTag	88.732	71	7	1	5	75	24259469	24259400	2.03e-15	86.1	NT12_v2
AL7G31520	scaffold_7_RagTag	97.912	2299	21	7	1	2282	9683589	9685877	0	3954	NT12_v2
AL7G31520	scaffold_7_RagTag	85.654	1185	129	14	1053	2203	9680085	9681262	0	1208	NT12_v2
AL7G31520	scaffold_7_RagTag	82.133	694	107	11	1523	2212	9332944	9332264	2.24e-163	579	NT12_v2
AL7G31520	scaffold_7_RagTag	81.085	682	110	12	1527	2203	9676201	9676868	8.23e-148	527	NT12_v2
AL7G31520	scaffold_7_RagTag	79.549	709	108	22	1070	1757	9672657	9673349	3.91e-131	472	NT12_v2
AL7G31520	scaffold_7_RagTag	83.212	411	50	8	1854	2258	9682860	9683257	3.18e-97	359	NT12_v2
AL7G31520	scaffold_7_RagTag	84.043	376	49	7	1841	2212	9665656	9666024	5.32e-95	351	NT12_v2
AL7G31520	scaffold_7_RagTag	82.447	376	50	12	1842	2212	9670110	9670474	6.98e-84	315	NT12_v2
AL7G31520	scaffold_7_RagTag	81.769	373	50	13	1844	2204	9673453	9673819	2.53e-78	296	NT12_v2
AL7G31520	scaffold_7_RagTag	83.755	277	40	5	1517	1791	9334107	9333834	1.19e-66	257	NT12_v2
AL7G31520	scaffold_7_RagTag	86.695	233	30	1	1524	1756	9682519	9682750	1.19e-66	257	NT12_v2
AL7G31520	scaffold_7_RagTag	87.222	180	18	5	2026	2203	9664286	9664462	2.04e-49	200	NT12_v2
AL7G31520	scaffold_7_RagTag	82.041	245	34	9	1524	1760	9665312	9665554	2.04e-49	200	NT12_v2
AL7G31520	scaffold_7_RagTag	81.07	243	31	10	1523	1753	9405165	9404926	2.66e-43	180	NT12_v2
AL7G31520	scaffold_7_RagTag	92.308	52	0	1	568	615	9684233	9684284	1.67e-10	71.3	NT12_v2
AL7G31520	scaffold_7_RagTag	95.349	43	2	0	588	630	9684223	9684265	6e-10	69.4	NT12_v2
AL7G31520	scaffold_7_RagTag	94.872	39	2	0	639	677	9684172	9684210	1e-07	62.1	NT12_v2
AL7G31520	scaffold_1_RagTag	77.303	1053	160	50	1044	2047	29934896	29933874	6.32e-154	547	NT12_v2
AL7G31520	scaffold_1_RagTag	78.427	445	70	16	1048	1475	29909838	29909403	1.98e-69	267	NT12_v2
AL7G31520	scaffold_1_RagTag	84.946	186	25	3	2025	2209	29933841	29933658	5.71e-45	185	NT12_v2
AL8G44570	scaffold_8_RagTag	95.312	448	13	4	5	445	22562367	22562813	0	704	NT12_v2
AL8G44570	scaffold_8_RagTag	99.242	132	1	0	443	574	22562851	22562982	1.05e-61	239	NT12_v2
AL1G60840	scaffold_1_RagTag	89.014	1156	57	27	700	1794	30257591	30258737	0	1367	NT8_v2_fix
AL1G60840	scaffold_1_RagTag	94.723	379	16	3	1419	1794	30230867	30231244	1.04e-165	586	NT8_v2_fix
AL1G60840	scaffold_1_RagTag	84.474	380	30	10	169	534	17748368	17748004	5.34e-94	348	NT8_v2_fix
AL1G60840	scaffold_7_RagTag	77.946	1120	156	45	701	1783	9744669	9743604	1.33e-174	616	NT8_v2_fix
AL1G60840	scaffold_7_RagTag	78.238	942	137	34	862	1794	9729284	9728402	2.28e-152	542	NT8_v2_fix
AL1G60840	scaffold_7_RagTag	83.992	506	56	12	862	1363	9413106	9413590	1.83e-128	462	NT8_v2_fix
AL1G60840	scaffold_7_RagTag	78.457	687	83	29	700	1368	9740176	9739537	3.15e-106	388	NT8_v2_fix
AL1G60840	scaffold_7_RagTag	84.314	357	30	14	162	498	14537020	14537370	2.5e-87	326	NT8_v2_fix
AL1G60840	scaffold_7_RagTag	75.902	693	108	26	1132	1789	9725938	9725270	1.52e-79	300	NT8_v2_fix
AL1G60840	scaffold_7_RagTag	82.54	315	46	4	1419	1727	9739465	9739154	4.28e-70	268	NT8_v2_fix
AL1G60840	scaffold_7_RagTag	84.028	288	22	6	701	988	9724892	9724629	3.33e-66	255	NT8_v2_fix
AL1G60840	scaffold_7_RagTag	85.408	233	30	3	1132	1363	9414512	9414741	3.35e-61	239	NT8_v2_fix
AL1G60840	scaffold_7_RagTag	85.169	236	28	7	1137	1370	9741682	9741452	4.34e-60	235	NT8_v2_fix
AL1G60840	scaffold_7_RagTag	81.915	282	21	11	701	982	9488714	9488965	7.31e-53	211	NT8_v2_fix
AL1G60840	scaffold_7_RagTag	82.008	239	34	7	1140	1370	9489144	9489381	7.36e-48	195	NT8_v2_fix
AL1G60840	scaffold_7_RagTag	94.215	121	7	0	862	982	9741960	9741840	4.43e-45	185	NT8_v2_fix
AL1G60840	scaffold_7_RagTag	79.231	260	48	6	1125	1379	9718719	9718461	2.67e-42	176	NT8_v2_fix
AL1G60840	scaffold_7_RagTag	90.323	124	12	0	700	823	9729410	9729287	2.08e-38	163	NT8_v2_fix
AL1G60840	scaffold_7_RagTag	90.083	121	12	0	862	982	9720189	9720069	9.66e-37	158	NT8_v2_fix
AL1G60840	scaffold_7_RagTag	89.286	112	12	0	700	811	9412980	9413091	9.73e-32	141	NT8_v2_fix
AL1G60840	scaffold_6_RagTag	87.143	280	13	5	260	534	14801042	14801303	1.96e-78	296	NT8_v2_fix
AL1G60840	scaffold_5_RagTag	83.537	164	8	10	178	326	6101214	6101373	4.53e-30	135	NT8_v2_fix
AL1G60840	scaffold_5_RagTag	82.317	164	10	10	178	326	6104034	6103875	9.8e-27	124	NT8_v2_fix
AL1G60840	scaffold_4_RagTag	80.925	173	9	11	178	326	4714442	4714614	5.9e-24	115	NT8_v2_fix
AL6G37030	scaffold_6_RagTag	96.52	431	12	1	2	432	12451652	12452079	0	710	NT8_v2_fix
AL7G30780	scaffold_7_RagTag	98.406	1443	15	2	1	1435	9412625	9414067	0	2531	NT8_v2_fix
AL7G30780	scaffold_7_RagTag	91.131	1105	91	6	301	1401	9729457	9728356	0	1491	NT8_v2_fix
AL7G30780	scaffold_7_RagTag	84.615	702	84	14	298	975	9740226	9739525	0	676	NT8_v2_fix
AL7G30780	scaffold_7_RagTag	82.571	700	105	13	291	975	9744728	9744031	2.96e-170	601	NT8_v2_fix
AL7G30780	scaffold_7_RagTag	78.932	693	109	22	298	966	9742130	9741451	8.83e-121	436	NT8_v2_fix
AL7G30780	scaffold_7_RagTag	77.54	748	132	25	244	966	9731468	9730732	3.2e-115	418	NT8_v2_fix
AL7G30780	scaffold_7_RagTag	85.504	407	48	9	259	661	9722869	9722470	4.14e-114	414	NT8_v2_fix
AL7G30780	scaffold_7_RagTag	86.234	385	47	2	272	653	9719196	9718815	1.49e-113	412	NT8_v2_fix
AL7G30780	scaffold_7_RagTag	95.122	246	12	0	721	966	9414504	9414749	2.51e-106	388	NT8_v2_fix
AL7G30780	scaffold_7_RagTag	84.595	370	44	5	291	647	9724951	9724582	2.54e-96	355	NT8_v2_fix
AL7G30780	scaffold_7_RagTag	83.014	365	53	5	291	647	9488655	9489018	2.58e-86	322	NT8_v2_fix
AL7G30780	scaffold_7_RagTag	82.7	237	34	4	244	476	9717673	9717440	9.75e-51	204	NT8_v2_fix
AL7G30780	scaffold_7_RagTag	79.681	251	38	7	729	968	9489136	9489384	3.56e-40	169	NT8_v2_fix
AL7G30780	scaffold_1_RagTag	84.369	499	58	11	476	958	30257782	30258276	2.42e-131	472	NT8_v2_fix
AL7G30780	scaffold_1_RagTag	84.793	217	25	4	240	455	30257489	30257698	5.83e-53	211	NT8_v2_fix
AL7G31470	scaffold_7_RagTag	98.543	1235	15	1	1	1235	9717993	9719224	0	2178	NT8_v2_fix
AL7G31470	scaffold_7_RagTag	86.612	1225	141	11	21	1235	9721676	9722887	0	1332	NT8_v2_fix
AL7G31470	scaffold_7_RagTag	77.601	1192	202	41	23	1189	9723803	9724954	0	662	NT8_v2_fix
AL7G31470	scaffold_7_RagTag	76.821	1208	206	56	4	1180	9740968	9742132	1.17e-173	612	NT8_v2_fix
AL7G31470	scaffold_7_RagTag	76.891	1203	200	51	37	1185	9489833	9488655	4.22e-173	610	NT8_v2_fix
AL7G31470	scaffold_7_RagTag	74.756	1228	226	57	28	1217	9725269	9726450	5.78e-132	473	NT8_v2_fix
AL7G31470	scaffold_7_RagTag	85.427	398	52	2	823	1217	9413285	9412891	1.65e-112	409	NT8_v2_fix
AL7G31470	scaffold_7_RagTag	85.676	377	44	8	821	1189	9744357	9744731	2.15e-106	388	NT8_v2_fix
AL7G31470	scaffold_7_RagTag	84.658	365	49	6	823	1184	9729105	9729465	6.07e-97	357	NT8_v2_fix
AL7G31470	scaffold_7_RagTag	81.941	371	58	6	821	1184	9739863	9740231	2.23e-81	305	NT8_v2_fix
AL7G31470	scaffold_7_RagTag	73.504	702	140	34	35	719	9743604	9744276	6.42e-57	224	NT8_v2_fix
AL7G31470	scaffold_7_RagTag	81.416	226	32	4	1006	1224	9717443	9717665	1.82e-42	176	NT8_v2_fix
AL7G31480	scaffold_7_RagTag	99.549	1329	4	1	1	1329	9721642	9722968	0	2420	NT8_v2_fix
AL7G31480	scaffold_7_RagTag	86.133	1298	149	18	35	1318	9718013	9719293	0	1371	NT8_v2_fix
AL7G31480	scaffold_7_RagTag	77.181	1192	197	47	33	1191	9740983	9742132	1.62e-177	625	NT8_v2_fix
AL7G31480	scaffold_7_RagTag	75.901	1249	228	55	2	1196	9489884	9488655	2.15e-161	571	NT8_v2_fix
AL7G31480	scaffold_7_RagTag	78.472	720	124	26	556	1267	9730796	9731492	1.76e-122	442	NT8_v2_fix
AL7G31480	scaffold_7_RagTag	83.664	453	56	13	829	1267	9413293	9412845	4.95e-113	411	NT8_v2_fix
AL7G31480	scaffold_7_RagTag	83.073	384	49	12	829	1200	9744352	9744731	3.07e-90	335	NT8_v2_fix
AL7G31480	scaffold_7_RagTag	80.645	372	56	13	836	1195	9739864	9740231	6.78e-72	274	NT8_v2_fix
AL7G31480	scaffold_7_RagTag	82.873	181	28	2	875	1055	9720048	9720225	1.98e-37	159	NT8_v2_fix
AL7G31490	scaffold_7_RagTag	97.065	2862	33	8	1	2840	9723692	9726524	0	4772	NT8_v2_fix
AL7G31490	scaffold_7_RagTag	77.159	1274	215	52	1554	2799	9730261	9731486	0	671	NT8_v2_fix
AL7G31490	scaffold_7_RagTag	77.656	1186	192	46	1570	2726	9740991	9742132	0	654	NT8_v2_fix
AL7G31490	scaffold_7_RagTag	76.249	1301	217	45	42	1284	9489912	9488646	1.27e-171	606	NT8_v2_fix
AL7G31490	scaffold_7_RagTag	81.02	706	110	14	1555	2250	9743582	9744273	1.31e-151	540	NT8_v2_fix
AL7G31490	scaffold_7_RagTag	76.27	1083	193	38	38	1080	9717952	9719010	6.13e-145	518	NT8_v2_fix
AL7G31490	scaffold_7_RagTag	74.833	1196	225	50	1561	2727	9723798	9724946	4.84e-131	472	NT8_v2_fix
AL7G31490	scaffold_7_RagTag	74.367	1264	248	54	1571	2801	9718020	9719240	1.74e-130	470	NT8_v2_fix
AL7G31490	scaffold_7_RagTag	75.41	1037	200	35	77	1074	9740950	9741970	6.3e-125	451	NT8_v2_fix
AL7G31490	scaffold_7_RagTag	75.451	998	206	20	109	1077	9730267	9731254	2.27e-124	449	NT8_v2_fix
AL7G31490	scaffold_7_RagTag	74.156	1215	225	59	1565	2722	9489847	9488665	4.94e-116	422	NT8_v2_fix
AL7G31490	scaffold_7_RagTag	79.817	545	95	11	545	1074	9722123	9722667	2.33e-104	383	NT8_v2_fix
AL7G31490	scaffold_7_RagTag	74.104	1004	218	32	107	1081	9725259	9726249	3.9e-102	375	NT8_v2_fix
AL7G31490	scaffold_7_RagTag	81.846	325	47	6	42	361	9721610	9721927	3.17e-68	263	NT8_v2_fix
AL7G31490	scaffold_7_RagTag	79.265	381	58	11	2359	2730	9739864	9740232	3.19e-63	246	NT8_v2_fix
AL7G31490	scaffold_7_RagTag	90.395	177	15	1	1095	1269	9717443	9717619	8.94e-59	231	NT8_v2_fix
AL7G31490	scaffold_7_RagTag	89.831	177	18	0	1093	1269	9729286	9729462	1.16e-57	228	NT8_v2_fix
AL7G31490	scaffold_7_RagTag	83.544	237	36	2	2555	2789	9717446	9717681	6.96e-55	219	NT8_v2_fix
AL7G31490	scaffold_7_RagTag	84.516	155	24	0	923	1077	9720048	9720202	1.99e-35	154	NT8_v2_fix
AL7G31490	scaffold_7_RagTag	93.827	81	2	1	76	156	9721014	9721091	7.26e-25	119	NT8_v2_fix
AL7G31490	scaffold_1_RagTag	87.791	172	15	3	942	1107	30257902	30257731	3.26e-48	196	NT8_v2_fix
AL7G31490	scaffold_1_RagTag	82.915	199	25	5	2352	2544	30257979	30257784	1.98e-40	171	NT8_v2_fix
AL7G31500	scaffold_7_RagTag	97.988	1292	18	3	1	1286	9728252	9729541	0	2235	NT8_v2_fix
AL7G31500	scaffold_7_RagTag	91.336	1108	89	6	107	1211	9414033	9412930	0	1507	NT8_v2_fix
AL7G31500	scaffold_7_RagTag	78.404	1366	192	52	18	1286	9738944	9740303	0	793	NT8_v2_fix
AL7G31500	scaffold_7_RagTag	81.259	683	110	12	546	1213	9744043	9744722	7.57e-151	536	NT8_v2_fix
AL7G31500	scaffold_7_RagTag	78.355	693	111	21	546	1213	9741454	9742132	1.33e-113	412	NT8_v2_fix
AL7G31500	scaffold_7_RagTag	77.312	692	120	27	546	1213	9730735	9731413	6.28e-102	374	NT8_v2_fix
AL7G31500	scaffold_7_RagTag	85.205	365	47	6	856	1216	9718815	9719176	2.92e-100	368	NT8_v2_fix
AL7G31500	scaffold_7_RagTag	93.061	245	17	0	544	788	9414748	9414504	1.76e-97	359	NT8_v2_fix
AL7G31500	scaffold_7_RagTag	84.426	366	41	8	862	1213	9724582	9724945	1.37e-93	346	NT8_v2_fix
AL7G31500	scaffold_7_RagTag	82.749	371	58	6	848	1216	9722470	9722836	1.78e-87	326	NT8_v2_fix
AL7G31500	scaffold_7_RagTag	83.286	353	53	2	862	1208	9489018	9488666	8.3e-86	320	NT8_v2_fix
AL7G31500	scaffold_7_RagTag	85.083	181	25	1	1039	1217	9717443	9717623	1.14e-44	183	NT8_v2_fix
AL7G31500	scaffold_7_RagTag	81.683	202	33	3	894	1095	9720048	9720245	4.12e-39	165	NT8_v2_fix
AL7G31500	scaffold_7_RagTag	81.437	167	29	1	600	764	9743226	9743392	3.23e-30	135	NT8_v2_fix
AL7G31500	scaffold_7_RagTag	77.143	245	45	5	546	780	9489379	9489136	4.18e-29	132	NT8_v2_fix
AL7G31500	scaffold_1_RagTag	81.923	520	71	14	551	1051	30258276	30257761	2.86e-115	418	NT8_v2_fix
AL7G31500	scaffold_1_RagTag	87.006	177	20	2	1038	1211	30257717	30257541	1.46e-48	196	NT8_v2_fix
AL7G31510	scaffold_7_RagTag	94.262	732	38	3	66	795	9741513	9742242	0	1116	NT8_v2_fix
AL7G31510	scaffold_7_RagTag	96.452	620	22	0	66	685	9730794	9731413	0	1024	NT8_v2_fix
AL7G31510	scaffold_7_RagTag	81.669	671	87	22	71	708	9489305	9488638	1e-147	525	NT8_v2_fix
AL7G31510	scaffold_7_RagTag	80.595	639	100	19	68	685	9722197	9722832	1.32e-131	472	NT8_v2_fix
AL7G31510	scaffold_7_RagTag	80.645	651	91	19	66	685	9725764	9726410	1.32e-131	472	NT8_v2_fix
AL7G31510	scaffold_7_RagTag	79.781	638	104	19	68	685	9718540	9719172	3.73e-122	440	NT8_v2_fix
AL7G31510	scaffold_7_RagTag	79.65	629	98	19	64	683	9413537	9412930	1.04e-117	425	NT8_v2_fix
AL7G31510	scaffold_7_RagTag	84.709	412	45	9	345	742	9744370	9744777	8.18e-109	396	NT8_v2_fix
AL7G31510	scaffold_7_RagTag	78.481	632	104	21	64	685	9728853	9729462	1.77e-105	385	NT8_v2_fix
AL7G31510	scaffold_7_RagTag	80.282	355	54	11	345	685	9739876	9740228	5.21e-66	254	NT8_v2_fix
AL7G31510	scaffold_7_RagTag	86.316	190	26	0	372	561	9720048	9720237	4.11e-52	207	NT8_v2_fix
AL7G31510	scaffold_7_RagTag	100	69	0	0	1	69	22824113	22824045	3.29e-28	128	NT8_v2_fix
AL7G31510	scaffold_7_RagTag	97.333	75	1	1	1	74	8562672	8562746	1.18e-27	126	NT8_v2_fix
AL7G31510	scaffold_7_RagTag	98.571	70	1	0	1	70	12663709	12663640	4.26e-27	124	NT8_v2_fix
AL7G31510	scaffold_7_RagTag	97.183	71	2	0	1	71	20841441	20841371	5.51e-26	121	NT8_v2_fix
AL7G31510	scaffold_7_RagTag	98.507	67	1	0	1	67	25036664	25036730	1.98e-25	119	NT8_v2_fix
AL7G31510	scaffold_7_RagTag	98.485	66	1	0	1	66	8752179	8752114	7.13e-25	117	NT8_v2_fix
AL7G31510	scaffold_7_RagTag	100	61	0	0	1	61	12774119	12774179	9.23e-24	113	NT8_v2_fix
AL7G31510	scaffold_7_RagTag	96.97	66	1	1	1	66	23453137	23453201	1.19e-22	110	NT8_v2_fix
AL7G31510	scaffold_7_RagTag	95.385	65	3	0	2	66	25868755	25868691	5.55e-21	104	NT8_v2_fix
AL7G31510	scaffold_8_RagTag	100	69	0	0	1	69	2926269	2926201	3.29e-28	128	NT8_v2_fix
AL7G31510	scaffold_8_RagTag	98.551	69	1	0	1	69	11030051	11029983	1.53e-26	122	NT8_v2_fix
AL7G31510	scaffold_8_RagTag	100	65	0	0	2	66	6390629	6390693	5.51e-26	121	NT8_v2_fix
AL7G31510	scaffold_8_RagTag	93.59	78	3	2	1	76	22499878	22499955	2.56e-24	115	NT8_v2_fix
AL7G31510	scaffold_8_RagTag	96.97	66	2	0	1	66	312449	312514	3.32e-23	111	NT8_v2_fix
AL7G31510	scaffold_8_RagTag	92.105	76	6	0	1	76	3209682	3209607	4.29e-22	108	NT8_v2_fix
AL7G31510	scaffold_3_RagTag	100	68	0	0	1	68	6962206	6962139	1.18e-27	126	NT8_v2_fix
AL7G31510	scaffold_3_RagTag	100	66	0	0	1	66	7855285	7855350	1.53e-26	122	NT8_v2_fix
AL7G31510	scaffold_3_RagTag	98.551	69	1	0	1	69	11495345	11495277	1.53e-26	122	NT8_v2_fix
AL7G31510	scaffold_3_RagTag	100	66	0	0	1	66	25259823	25259758	1.53e-26	122	NT8_v2_fix
AL7G31510	scaffold_3_RagTag	93.75	80	5	0	1	80	20287104	20287025	5.51e-26	121	NT8_v2_fix
AL7G31510	scaffold_3_RagTag	98.485	66	1	0	1	66	25058156	25058221	7.13e-25	117	NT8_v2_fix
AL7G31510	scaffold_3_RagTag	96.875	64	2	0	1	64	20855276	20855339	4.29e-22	108	NT8_v2_fix
AL7G31510	scaffold_3_RagTag	95.522	67	3	0	1	67	22483637	22483571	4.29e-22	108	NT8_v2_fix
AL7G31510	scaffold_3_RagTag	96.875	64	2	0	1	64	25776144	25776081	4.29e-22	108	NT8_v2_fix
AL7G31510	scaffold_3_RagTag	92.857	56	4	0	13	68	23687056	23687001	2.6e-14	82.4	NT8_v2_fix
AL7G31510	scaffold_2_RagTag	98.592	71	1	0	1	71	4107380	4107450	1.18e-27	126	NT8_v2_fix
AL7G31510	scaffold_2_RagTag	98.551	69	1	0	1	69	5358388	5358320	1.53e-26	122	NT8_v2_fix
AL7G31510	scaffold_2_RagTag	98.485	66	1	0	1	66	3735604	3735539	7.13e-25	117	NT8_v2_fix
AL7G31510	scaffold_2_RagTag	97.101	69	2	0	1	69	6428372	6428304	7.13e-25	117	NT8_v2_fix
AL7G31510	scaffold_2_RagTag	97.059	68	2	0	1	68	7620625	7620558	2.56e-24	115	NT8_v2_fix
AL7G31510	scaffold_2_RagTag	94.667	75	2	2	2	76	18389556	18389628	2.56e-24	115	NT8_v2_fix
AL7G31510	scaffold_2_RagTag	95.714	70	3	0	1	70	21036704	21036635	9.23e-24	113	NT8_v2_fix
AL7G31510	scaffold_2_RagTag	96.97	66	2	0	1	66	2051639	2051704	3.32e-23	111	NT8_v2_fix
AL7G31510	scaffold_2_RagTag	96.923	65	2	0	1	65	21135018	21135082	1.19e-22	110	NT8_v2_fix
AL7G31510	scaffold_1_RagTag	100	68	0	0	1	68	23763657	23763590	1.18e-27	126	NT8_v2_fix
AL7G31510	scaffold_1_RagTag	100	66	0	0	1	66	13718869	13718804	1.53e-26	122	NT8_v2_fix
AL7G31510	scaffold_1_RagTag	98.529	68	1	0	1	68	13044174	13044107	5.51e-26	121	NT8_v2_fix
AL7G31510	scaffold_1_RagTag	98.485	66	1	0	1	66	11570440	11570375	7.13e-25	117	NT8_v2_fix
AL7G31510	scaffold_1_RagTag	98.485	66	1	0	1	66	14819507	14819572	7.13e-25	117	NT8_v2_fix
AL7G31510	scaffold_1_RagTag	94.366	71	3	1	1	70	24502517	24502587	4.29e-22	108	NT8_v2_fix
AL7G31510	scaffold_1_RagTag	93.846	65	4	0	5	69	25161392	25161328	2.58e-19	99	NT8_v2_fix
AL7G31510	scaffold_1_RagTag	95.161	62	2	1	13	74	3384456	3384516	9.29e-19	97.1	NT8_v2_fix
AL7G31510	scaffold_1_RagTag	91.667	48	4	0	17	64	15051574	15051527	7.28e-10	67.6	NT8_v2_fix
AL7G31510	scaffold_1_RagTag	97.059	34	1	0	1	34	25686371	25686338	4.38e-07	58.4	NT8_v2_fix
AL7G31510	scaffold_6_RagTag	100	66	0	0	1	66	1934984	1935049	1.53e-26	122	NT8_v2_fix
AL7G31510	scaffold_6_RagTag	100	66	0	0	1	66	25130444	25130509	1.53e-26	122	NT8_v2_fix
AL7G31510	scaffold_6_RagTag	98.529	68	1	0	1	68	26884924	26884857	5.51e-26	121	NT8_v2_fix
AL7G31510	scaffold_6_RagTag	97.143	70	2	0	1	70	12519502	12519433	1.98e-25	119	NT8_v2_fix
AL7G31510	scaffold_6_RagTag	97.059	68	2	0	1	68	23728404	23728337	2.56e-24	115	NT8_v2_fix
AL7G31510	scaffold_6_RagTag	98.438	64	1	0	1	64	22681581	22681644	9.23e-24	113	NT8_v2_fix
AL7G31510	scaffold_6_RagTag	95.652	69	3	0	1	69	23339754	23339686	3.32e-23	111	NT8_v2_fix
AL7G31510	scaffold_6_RagTag	96.97	66	2	0	1	66	25129509	25129574	3.32e-23	111	NT8_v2_fix
AL7G31510	scaffold_6_RagTag	95.588	68	3	0	1	68	10383912	10383979	1.19e-22	110	NT8_v2_fix
AL7G31510	scaffold_6_RagTag	94.366	71	4	0	1	71	21908021	21908091	1.19e-22	110	NT8_v2_fix
AL7G31510	scaffold_6_RagTag	91.429	70	2	2	1	69	6618081	6618015	1.2e-17	93.5	NT8_v2_fix
AL7G31510	scaffold_6_RagTag	86.567	67	9	0	2	68	2032726	2032792	4.35e-12	75	NT8_v2_fix
AL7G31510	scaffold_4_RagTag	98.529	68	1	0	1	68	1266264	1266331	5.51e-26	121	NT8_v2_fix
AL7G31510	scaffold_4_RagTag	97.183	71	2	0	1	71	14431061	14430991	5.51e-26	121	NT8_v2_fix
AL7G31510	scaffold_4_RagTag	97.101	69	2	0	1	69	3501097	3501029	7.13e-25	117	NT8_v2_fix
AL7G31510	scaffold_4_RagTag	97.101	69	2	0	1	69	18397829	18397897	7.13e-25	117	NT8_v2_fix
AL7G31510	scaffold_4_RagTag	98.485	66	1	0	1	66	25697671	25697606	7.13e-25	117	NT8_v2_fix
AL7G31510	scaffold_4_RagTag	93.846	65	4	0	2	66	13473511	13473575	2.58e-19	99	NT8_v2_fix
AL7G31510	scaffold_4_RagTag	96.61	59	1	1	17	75	4722556	4722499	9.29e-19	97.1	NT8_v2_fix
AL7G31510	scaffold_4_RagTag	94.545	55	3	0	13	67	12648715	12648661	2.01e-15	86.1	NT8_v2_fix
AL7G31510	scaffold_4_RagTag	95.833	48	2	0	1	48	18093391	18093344	3.37e-13	78.7	NT8_v2_fix
AL7G31510	scaffold_4_RagTag	91.489	47	4	0	20	66	12707569	12707615	2.62e-09	65.8	NT8_v2_fix
AL7G31510	scaffold_5_RagTag	97.101	69	2	0	1	69	16581010	16580942	7.13e-25	117	NT8_v2_fix
AL7G31510	scaffold_5_RagTag	97.059	68	2	0	1	68	10160113	10160046	2.56e-24	115	NT8_v2_fix
AL7G31510	scaffold_5_RagTag	93.506	77	4	1	1	76	10251883	10251807	9.23e-24	113	NT8_v2_fix
AL7G31510	scaffold_5_RagTag	96.97	66	2	0	1	66	2241584	2241649	3.32e-23	111	NT8_v2_fix
AL7G31510	scaffold_5_RagTag	93.421	76	4	1	1	75	11395845	11395920	3.32e-23	111	NT8_v2_fix
AL7G31510	scaffold_5_RagTag	93.421	76	4	1	1	75	11396150	11396225	3.32e-23	111	NT8_v2_fix
AL7G31510	scaffold_5_RagTag	93.421	76	4	1	1	75	11396371	11396446	3.32e-23	111	NT8_v2_fix
AL7G31510	scaffold_5_RagTag	95.455	66	3	0	1	66	6406460	6406395	1.54e-21	106	NT8_v2_fix
AL7G31520	scaffold_7_RagTag	98.083	2295	17	6	1	2282	9742521	9744801	0	3969	NT8_v2_fix
AL7G31520	scaffold_7_RagTag	85.485	1185	128	15	1053	2203	9739054	9740228	0	1195	NT8_v2_fix
AL7G31520	scaffold_7_RagTag	82.709	694	103	11	1523	2212	9413599	9412919	4.74e-170	601	NT8_v2_fix
AL7G31520	scaffold_7_RagTag	81.085	682	110	12	1527	2203	9728795	9729462	8.16e-148	527	NT8_v2_fix
AL7G31520	scaffold_7_RagTag	80.512	703	101	22	1070	1757	9725253	9725934	1.06e-141	507	NT8_v2_fix
AL7G31520	scaffold_7_RagTag	83.212	411	50	8	1854	2258	9741792	9742189	3.15e-97	359	NT8_v2_fix
AL7G31520	scaffold_7_RagTag	84.043	376	49	7	1841	2212	9718813	9719181	5.27e-95	351	NT8_v2_fix
AL7G31520	scaffold_7_RagTag	82.713	376	49	10	1842	2212	9722477	9722841	1.49e-85	320	NT8_v2_fix
AL7G31520	scaffold_7_RagTag	74.898	733	128	37	1061	1756	9740969	9741682	1.95e-74	283	NT8_v2_fix
AL7G31520	scaffold_7_RagTag	84.116	277	39	5	1517	1791	9414755	9414482	2.54e-68	263	NT8_v2_fix
AL7G31520	scaffold_7_RagTag	87.222	180	18	5	2026	2203	9717443	9717619	2.02e-49	200	NT8_v2_fix
AL7G31520	scaffold_7_RagTag	82.041	245	34	9	1524	1760	9718469	9718711	2.02e-49	200	NT8_v2_fix
AL7G31520	scaffold_7_RagTag	82.231	242	30	8	1523	1753	9489383	9489144	2.61e-48	196	NT8_v2_fix
AL7G31520	scaffold_7_RagTag	95	60	1	2	568	626	9743167	9743225	3.53e-17	93.5	NT8_v2_fix
AL7G31520	scaffold_7_RagTag	97.436	39	1	0	588	626	9743157	9743195	2.14e-09	67.6	NT8_v2_fix
AL7G31520	scaffold_7_RagTag	94.872	39	2	0	639	677	9743106	9743144	9.95e-08	62.1	NT8_v2_fix
AL7G31520	scaffold_1_RagTag	77.303	1053	160	50	1044	2047	30258772	30257750	6.26e-154	547	NT8_v2_fix
AL7G31520	scaffold_1_RagTag	78.427	445	70	16	1048	1475	30231277	30230842	1.96e-69	267	NT8_v2_fix
AL7G31520	scaffold_1_RagTag	84.946	186	25	3	2025	2209	30257717	30257534	5.66e-45	185	NT8_v2_fix
AL8G44570	scaffold_8_RagTag	92.154	599	17	14	5	574	23387342	23387939	0	819	NT8_v2_fix
AL1G60840	scaffold_1_RagTag	89.339	1135	68	23	700	1794	28841648	28842769	0	1376	NT9_v2
AL1G60840	scaffold_1_RagTag	89.1	1156	56	27	700	1794	28908868	28910014	0	1373	NT9_v2
AL1G60840	scaffold_1_RagTag	89.1	1156	56	27	700	1794	29011368	29012514	0	1373	NT9_v2
AL1G60840	scaffold_1_RagTag	89.014	1156	57	27	700	1794	28962240	28963386	0	1367	NT9_v2
AL1G60840	scaffold_1_RagTag	88.927	1156	58	27	700	1794	28935208	28936354	0	1362	NT9_v2
AL1G60840	scaffold_1_RagTag	88.927	1156	58	27	700	1794	28987652	28988798	0	1362	NT9_v2
AL1G60840	scaffold_1_RagTag	87.092	612	46	21	1213	1794	28843696	28844304	0	662	NT9_v2
AL1G60840	scaffold_1_RagTag	84.211	380	30	11	169	533	17374342	17373978	2.49e-92	342	NT9_v2
AL1G60840	scaffold_1_RagTag	89.84	187	8	10	1	179	28841249	28841432	2.02e-58	230	NT9_v2
AL1G60840	scaffold_7_RagTag	77.768	1120	158	45	701	1783	9720215	9719150	2.88e-171	604	NT9_v2
AL1G60840	scaffold_7_RagTag	78.344	942	136	34	862	1794	9711198	9710316	4.92e-154	547	NT9_v2
AL1G60840	scaffold_7_RagTag	83.399	506	59	12	862	1363	9382349	9382833	1.84e-123	446	NT9_v2
AL1G60840	scaffold_7_RagTag	79.33	687	80	30	700	1368	9715726	9715084	2.4e-117	425	NT9_v2
AL1G60840	scaffold_7_RagTag	83.29	383	38	14	162	524	14778092	14778468	1.94e-88	329	NT9_v2
AL1G60840	scaffold_7_RagTag	82.857	315	45	4	1419	1727	9715012	9714701	9.21e-72	274	NT9_v2
AL1G60840	scaffold_7_RagTag	84.722	288	20	7	701	988	9706417	9706154	1.54e-69	267	NT9_v2
AL1G60840	scaffold_7_RagTag	85.169	236	28	7	1137	1370	9717228	9716998	4.35e-60	235	NT9_v2
AL1G60840	scaffold_7_RagTag	80.385	260	45	6	1125	1379	9699739	9699481	2.65e-47	193	NT9_v2
AL1G60840	scaffold_7_RagTag	80.851	282	19	13	701	982	9467356	9467602	3.43e-46	189	NT9_v2
AL1G60840	scaffold_7_RagTag	94.215	121	7	0	862	982	9717506	9717386	4.44e-45	185	NT9_v2
AL1G60840	scaffold_7_RagTag	79.528	254	40	10	1132	1380	9707801	9707555	1.24e-40	171	NT9_v2
AL1G60840	scaffold_7_RagTag	90.909	121	11	0	862	982	9702017	9701897	2.08e-38	163	NT9_v2
AL1G60840	scaffold_7_RagTag	89.516	124	13	0	700	823	9711324	9711201	9.68e-37	158	NT9_v2
AL1G60840	scaffold_7_RagTag	90.179	112	11	0	700	811	9382223	9382334	2.1e-33	147	NT9_v2
AL1G60840	scaffold_7_RagTag	80.519	154	24	5	1223	1370	9467828	9467981	2.13e-23	113	NT9_v2
AL1G60840	scaffold_7_RagTag	95.455	44	2	0	1140	1183	9467778	9467821	1.3e-10	71.3	NT9_v2
AL1G60840	scaffold_6_RagTag	87.097	279	14	5	260	534	14749960	14750220	1.97e-78	296	NT9_v2
AL1G60840	scaffold_5_RagTag	82.927	164	9	10	178	326	6803521	6803680	2.11e-28	130	NT9_v2
AL1G60840	scaffold_5_RagTag	82.317	164	10	10	178	326	6806341	6806182	9.82e-27	124	NT9_v2
AL1G60840	scaffold_4_RagTag	80.46	174	9	12	178	326	4337385	4337558	2.75e-22	110	NT9_v2
AL6G37030	scaffold_6_RagTag	96.288	431	13	1	2	432	12638677	12639104	0	704	NT9_v2
AL7G30780	scaffold_7_RagTag	98.14	968	13	2	1	966	9381877	9382841	0	1683	NT9_v2
AL7G30780	scaffold_7_RagTag	91.131	1105	91	6	301	1401	9711371	9710270	0	1491	NT9_v2
AL7G30780	scaffold_7_RagTag	85.248	705	77	15	298	975	9715776	9715072	0	701	NT9_v2
AL7G30780	scaffold_7_RagTag	82.571	700	105	13	291	975	9720274	9719577	2.96e-170	601	NT9_v2
AL7G30780	scaffold_7_RagTag	79.221	693	107	22	298	966	9717676	9716997	4.09e-124	448	NT9_v2
AL7G30780	scaffold_7_RagTag	77.54	748	132	25	244	966	9713358	9712622	3.2e-115	418	NT9_v2
AL7G30780	scaffold_7_RagTag	85.258	407	49	8	259	661	9704698	9704299	1.93e-112	409	NT9_v2
AL7G30780	scaffold_7_RagTag	85	400	52	4	258	653	9700230	9699835	1.16e-109	399	NT9_v2
AL7G30780	scaffold_7_RagTag	82.448	433	58	10	244	661	9708321	9707892	1.52e-98	363	NT9_v2
AL7G30780	scaffold_7_RagTag	84.595	370	44	2	291	647	9706476	9706107	2.55e-96	355	NT9_v2
AL7G30780	scaffold_7_RagTag	81.918	365	52	7	291	647	9467297	9467655	1.57e-78	296	NT9_v2
AL7G30780	scaffold_7_RagTag	82.258	248	40	3	414	661	9702073	9701830	5.84e-53	211	NT9_v2
AL7G30780	scaffold_7_RagTag	82.7	237	34	4	244	476	9698693	9698460	9.77e-51	204	NT9_v2
AL7G30780	scaffold_7_RagTag	76.582	158	26	5	821	968	9467828	9467984	2.22e-12	76.8	NT9_v2
AL7G30780	scaffold_7_RagTag	90.385	52	5	0	729	780	9467770	9467821	3.72e-10	69.4	NT9_v2
AL7G30780	scaffold_7_RagTag	94.737	38	1	1	291	327	9706582	9706545	8.05e-07	58.4	NT9_v2
AL7G30780	scaffold_1_RagTag	84.4	500	56	11	476	958	28841809	28842303	2.43e-131	472	NT9_v2
AL7G30780	scaffold_1_RagTag	84.369	499	58	11	476	958	28909059	28909553	2.43e-131	472	NT9_v2
AL7G30780	scaffold_1_RagTag	84.369	499	58	11	476	958	28935399	28935893	2.43e-131	472	NT9_v2
AL7G30780	scaffold_1_RagTag	84.369	499	58	11	476	958	28962431	28962925	2.43e-131	472	NT9_v2
AL7G30780	scaffold_1_RagTag	84.369	499	58	11	476	958	29011559	29012053	2.43e-131	472	NT9_v2
AL7G30780	scaffold_1_RagTag	84.168	499	59	11	476	958	28987843	28988337	1.13e-129	466	NT9_v2
AL7G30780	scaffold_1_RagTag	85.253	217	24	4	240	455	28987550	28987759	1.25e-54	217	NT9_v2
AL7G30780	scaffold_1_RagTag	84.793	217	25	4	240	455	28908766	28908975	5.84e-53	211	NT9_v2
AL7G30780	scaffold_1_RagTag	84.793	217	25	4	240	455	28935106	28935315	5.84e-53	211	NT9_v2
AL7G30780	scaffold_1_RagTag	84.793	217	25	4	240	455	28962138	28962347	5.84e-53	211	NT9_v2
AL7G30780	scaffold_1_RagTag	84.793	217	25	4	240	455	29011266	29011475	5.84e-53	211	NT9_v2
AL7G30780	scaffold_1_RagTag	82.877	146	19	3	816	958	28843701	28843843	2.17e-27	126	NT9_v2
AL7G31470	scaffold_7_RagTag	98.603	1217	17	0	1	1217	9699013	9700229	0	2154	NT9_v2
AL7G31470	scaffold_7_RagTag	86.531	1225	142	11	21	1235	9703505	9704716	0	1327	NT9_v2
AL7G31470	scaffold_7_RagTag	77.936	1192	198	41	23	1189	9705328	9706479	0	684	NT9_v2
AL7G31470	scaffold_7_RagTag	76.821	1208	206	56	4	1180	9716514	9717678	1.18e-173	612	NT9_v2
AL7G31470	scaffold_7_RagTag	79.255	805	140	20	221	1015	9701243	9702030	7.28e-151	536	NT9_v2
AL7G31470	scaffold_7_RagTag	75	1224	234	57	28	1217	9707121	9708306	9.55e-140	499	NT9_v2
AL7G31470	scaffold_7_RagTag	85.969	392	49	2	829	1217	9382522	9382134	3.56e-114	414	NT9_v2
AL7G31470	scaffold_7_RagTag	85.676	377	44	8	821	1189	9719903	9720277	2.16e-106	388	NT9_v2
AL7G31470	scaffold_7_RagTag	80.148	539	83	15	663	1185	9467827	9467297	3.61e-104	381	NT9_v2
AL7G31470	scaffold_7_RagTag	84.658	365	49	6	823	1184	9711019	9711379	6.08e-97	357	NT9_v2
AL7G31470	scaffold_7_RagTag	83.11	373	53	6	821	1184	9715410	9715781	3.69e-89	331	NT9_v2
AL7G31470	scaffold_7_RagTag	74.639	623	106	37	37	628	9468429	9467828	4.98e-58	228	NT9_v2
AL7G31470	scaffold_7_RagTag	73.362	702	141	34	35	719	9719150	9719822	2.99e-55	219	NT9_v2
AL7G31470	scaffold_7_RagTag	81.416	226	32	4	1006	1224	9698463	9698685	1.83e-42	176	NT9_v2
AL7G31470	scaffold_7_RagTag	95.238	42	0	2	1149	1189	9706545	9706585	4.13e-09	65.8	NT9_v2
AL7G31470	scaffold_1_RagTag	78.313	166	28	7	469	633	28843859	28843701	1.13e-19	100	NT9_v2
AL7G31480	scaffold_7_RagTag	99.172	1329	9	1	1	1329	9703471	9704797	0	2392	NT9_v2
AL7G31480	scaffold_7_RagTag	85.42	1310	163	15	35	1329	9699033	9700329	0	1336	NT9_v2
AL7G31480	scaffold_7_RagTag	77.265	1192	196	47	33	1191	9716529	9717678	3.5e-179	630	NT9_v2
AL7G31480	scaffold_7_RagTag	75.272	1286	236	64	19	1262	9707096	9708341	2.18e-151	538	NT9_v2
AL7G31480	scaffold_7_RagTag	78.382	828	139	33	232	1047	9701246	9702045	2.86e-140	501	NT9_v2
AL7G31480	scaffold_7_RagTag	78.472	720	124	26	556	1267	9712686	9713382	1.76e-122	442	NT9_v2
AL7G31480	scaffold_7_RagTag	83.885	453	55	13	829	1267	9382536	9382088	1.07e-114	416	NT9_v2
AL7G31480	scaffold_7_RagTag	83.073	384	49	12	829	1200	9719898	9720277	3.07e-90	335	NT9_v2
AL7G31480	scaffold_7_RagTag	77.879	547	84	24	671	1196	9467827	9467297	2.41e-81	305	NT9_v2
AL7G31480	scaffold_7_RagTag	82.038	373	52	8	836	1195	9715411	9715781	8.66e-81	303	NT9_v2
AL7G31480	scaffold_7_RagTag	74.51	663	123	34	6	636	9468476	9467828	1.48e-63	246	NT9_v2
AL7G31480	scaffold_7_RagTag	95.238	42	0	2	1160	1200	9706545	9706585	4.45e-09	65.8	NT9_v2
AL7G31490	scaffold_7_RagTag	97.361	1478	29	2	1363	2840	9706913	9708380	0	2505	NT9_v2
AL7G31490	scaffold_7_RagTag	97.044	1218	21	2	98	1315	9705314	9706516	0	2036	NT9_v2
AL7G31490	scaffold_7_RagTag	77.159	1274	215	52	1554	2799	9712151	9713376	0	671	NT9_v2
AL7G31490	scaffold_7_RagTag	77.74	1186	191	46	1570	2726	9716537	9717678	0	660	NT9_v2
AL7G31490	scaffold_7_RagTag	80.878	706	111	14	1555	2250	9719128	9719819	6.09e-150	534	NT9_v2
AL7G31490	scaffold_7_RagTag	76.27	1083	193	38	38	1080	9698972	9700030	6.14e-145	518	NT9_v2
AL7G31490	scaffold_7_RagTag	74.763	1264	246	54	1571	2801	9699040	9700263	2.22e-139	499	NT9_v2
AL7G31490	scaffold_7_RagTag	79.58	715	128	11	370	1077	9701327	9702030	2.88e-138	496	NT9_v2
AL7G31490	scaffold_7_RagTag	75.021	1197	221	51	1561	2727	9705323	9706471	2.24e-134	483	NT9_v2
AL7G31490	scaffold_7_RagTag	75.313	1037	201	35	77	1074	9716496	9717516	2.94e-123	446	NT9_v2
AL7G31490	scaffold_7_RagTag	75.251	998	208	18	109	1077	9712157	9713144	4.92e-121	438	NT9_v2
AL7G31490	scaffold_7_RagTag	79.817	545	95	11	545	1074	9703952	9704496	2.34e-104	383	NT9_v2
AL7G31490	scaffold_7_RagTag	74.26	1014	203	43	107	1081	9707111	9708105	1.41e-101	374	NT9_v2
AL7G31490	scaffold_7_RagTag	81.931	404	48	10	2329	2722	9467695	9467307	6.68e-85	318	NT9_v2
AL7G31490	scaffold_7_RagTag	81.159	414	52	9	871	1284	9467675	9467288	4.02e-82	309	NT9_v2
AL7G31490	scaffold_7_RagTag	81.79	324	48	5	42	361	9703440	9703756	1.14e-67	261	NT9_v2
AL7G31490	scaffold_7_RagTag	79.79	381	59	11	2359	2730	9715411	9715782	1.14e-67	261	NT9_v2
AL7G31490	scaffold_7_RagTag	90.395	177	15	1	1095	1269	9698463	9698639	8.95e-59	231	NT9_v2
AL7G31490	scaffold_7_RagTag	99.219	128	1	0	1238	1365	9706545	9706672	8.95e-59	231	NT9_v2
AL7G31490	scaffold_7_RagTag	89.385	179	17	2	1101	1278	9382339	9382162	1.5e-56	224	NT9_v2
AL7G31490	scaffold_7_RagTag	83.544	237	36	2	2555	2789	9698466	9698701	6.97e-55	219	NT9_v2
AL7G31490	scaffold_7_RagTag	86.705	173	23	0	1098	1270	9708095	9708267	4.23e-47	193	NT9_v2
AL7G31490	scaffold_7_RagTag	92.308	130	7	1	76	205	9703093	9703219	9.15e-44	182	NT9_v2
AL7G31490	scaffold_7_RagTag	100	78	0	0	1238	1315	9706492	9706569	1.2e-32	145	NT9_v2
AL7G31490	scaffold_1_RagTag	82.494	417	54	10	877	1275	28842006	28841591	8.52e-94	348	NT9_v2
AL7G31490	scaffold_1_RagTag	87.791	172	15	3	942	1107	28909179	28909008	3.27e-48	196	NT9_v2
AL7G31490	scaffold_1_RagTag	87.791	172	15	3	942	1107	28935519	28935348	3.27e-48	196	NT9_v2
AL7G31490	scaffold_1_RagTag	87.791	172	15	3	942	1107	28962551	28962380	3.27e-48	196	NT9_v2
AL7G31490	scaffold_1_RagTag	87.791	172	15	3	942	1107	28987963	28987792	3.27e-48	196	NT9_v2
AL7G31490	scaffold_1_RagTag	87.791	172	15	3	942	1107	29011679	29011508	3.27e-48	196	NT9_v2
AL7G31490	scaffold_1_RagTag	82.915	199	25	5	2352	2544	28909256	28909061	1.98e-40	171	NT9_v2
AL7G31490	scaffold_1_RagTag	82.915	199	25	5	2352	2544	28935596	28935401	1.98e-40	171	NT9_v2
AL7G31490	scaffold_1_RagTag	82.915	199	25	5	2352	2544	28962628	28962433	1.98e-40	171	NT9_v2
AL7G31490	scaffold_1_RagTag	82.915	199	25	5	2352	2544	28988040	28987845	1.98e-40	171	NT9_v2
AL7G31490	scaffold_1_RagTag	82.915	199	25	5	2352	2544	29011756	29011561	1.98e-40	171	NT9_v2
AL7G31500	scaffold_7_RagTag	98.367	1286	19	1	1	1286	9710166	9711449	0	2257	NT9_v2
AL7G31500	scaffold_7_RagTag	93.114	668	46	0	544	1211	9382840	9382173	0	979	NT9_v2
AL7G31500	scaffold_7_RagTag	78.728	1368	187	51	18	1286	9714491	9715853	0	819	NT9_v2
AL7G31500	scaffold_7_RagTag	81.259	683	110	12	546	1213	9719589	9720268	7.59e-151	536	NT9_v2
AL7G31500	scaffold_7_RagTag	78.644	693	109	21	546	1213	9717000	9717678	6.16e-117	424	NT9_v2
AL7G31500	scaffold_7_RagTag	77.312	692	120	27	546	1213	9712625	9713303	6.29e-102	374	NT9_v2
AL7G31500	scaffold_7_RagTag	85.205	365	47	6	856	1216	9699835	9700196	2.93e-100	368	NT9_v2
AL7G31500	scaffold_7_RagTag	84.426	366	41	5	862	1213	9706107	9706470	1.37e-93	346	NT9_v2
AL7G31500	scaffold_7_RagTag	82.48	371	59	6	848	1216	9704299	9704665	8.32e-86	320	NT9_v2
AL7G31500	scaffold_7_RagTag	83.582	201	33	0	848	1048	9701830	9702030	2.45e-46	189	NT9_v2
AL7G31500	scaffold_7_RagTag	85.083	181	25	1	1039	1217	9698463	9698643	1.14e-44	183	NT9_v2
AL7G31500	scaffold_7_RagTag	81.437	167	29	1	600	764	9718772	9718938	3.23e-30	135	NT9_v2
AL7G31500	scaffold_7_RagTag	92.308	52	4	0	729	780	9467821	9467770	7.15e-12	75	NT9_v2
AL7G31500	scaffold_1_RagTag	82.8	500	64	12	551	1033	28842303	28841809	4.76e-118	427	NT9_v2
AL7G31500	scaffold_1_RagTag	81.923	520	71	14	551	1051	28909553	28909038	2.87e-115	418	NT9_v2
AL7G31500	scaffold_1_RagTag	81.923	520	71	14	551	1051	28935893	28935378	2.87e-115	418	NT9_v2
AL7G31500	scaffold_1_RagTag	81.923	520	71	14	551	1051	28962925	28962410	2.87e-115	418	NT9_v2
AL7G31500	scaffold_1_RagTag	81.923	520	71	14	551	1051	29012053	29011538	2.87e-115	418	NT9_v2
AL7G31500	scaffold_1_RagTag	81.731	520	72	14	551	1051	28988337	28987822	1.33e-113	412	NT9_v2
AL7G31500	scaffold_1_RagTag	87.571	177	19	2	1038	1211	28987778	28987602	3.14e-50	202	NT9_v2
AL7G31500	scaffold_1_RagTag	87.006	177	20	2	1038	1211	28908994	28908818	1.46e-48	196	NT9_v2
AL7G31500	scaffold_1_RagTag	87.006	177	20	2	1038	1211	28935334	28935158	1.46e-48	196	NT9_v2
AL7G31500	scaffold_1_RagTag	87.006	177	20	2	1038	1211	28962366	28962190	1.46e-48	196	NT9_v2
AL7G31500	scaffold_1_RagTag	87.006	177	20	2	1038	1211	29011494	29011318	1.46e-48	196	NT9_v2
AL7G31510	scaffold_7_RagTag	93.989	732	40	3	66	795	9717059	9717788	0	1105	NT9_v2
AL7G31510	scaffold_7_RagTag	96.452	620	22	0	66	685	9712684	9713303	0	1024	NT9_v2
AL7G31510	scaffold_7_RagTag	80.282	639	102	19	68	685	9704026	9704661	2.87e-128	460	NT9_v2
AL7G31510	scaffold_7_RagTag	80	660	97	21	53	685	9707615	9708266	1.33e-126	455	NT9_v2
AL7G31510	scaffold_7_RagTag	79.906	637	105	17	68	685	9699560	9700192	8.02e-124	446	NT9_v2
AL7G31510	scaffold_7_RagTag	85.126	437	51	5	284	708	9467714	9467280	1.74e-120	435	NT9_v2
AL7G31510	scaffold_7_RagTag	79.683	630	96	20	64	683	9382780	9382173	1.05e-117	425	NT9_v2
AL7G31510	scaffold_7_RagTag	84.709	412	45	9	345	742	9719916	9720323	8.2e-109	396	NT9_v2
AL7G31510	scaffold_7_RagTag	80.851	517	76	17	65	563	9701556	9702067	1.77e-105	385	NT9_v2
AL7G31510	scaffold_7_RagTag	78.481	632	104	21	64	685	9710767	9711376	1.77e-105	385	NT9_v2
AL7G31510	scaffold_7_RagTag	80.952	357	51	9	345	685	9715423	9715778	6.7e-70	267	NT9_v2
AL7G31510	scaffold_7_RagTag	100	66	0	0	1	66	10253550	10253485	1.54e-26	122	NT9_v2
AL7G31510	scaffold_7_RagTag	98.507	67	1	0	1	67	25950220	25950286	1.99e-25	119	NT9_v2
AL7G31510	scaffold_7_RagTag	97.059	68	2	0	1	68	26262805	26262872	2.57e-24	115	NT9_v2
AL7G31510	scaffold_7_RagTag	96.97	66	2	0	1	66	15474571	15474506	3.32e-23	111	NT9_v2
AL7G31510	scaffold_7_RagTag	96.97	66	1	1	1	66	24104881	24104945	1.2e-22	110	NT9_v2
AL7G31510	scaffold_7_RagTag	91.176	68	6	0	1	68	16949990	16949923	1.2e-17	93.5	NT9_v2
AL7G31510	scaffold_7_RagTag	91.525	59	2	1	654	712	9706545	9706600	3.37e-13	78.7	NT9_v2
AL7G31510	scaffold_2_RagTag	96.25	80	3	0	1	80	17194553	17194474	2.55e-29	132	NT9_v2
AL7G31510	scaffold_2_RagTag	98.592	71	1	0	1	71	4436572	4436642	1.19e-27	126	NT9_v2
AL7G31510	scaffold_2_RagTag	100	67	0	0	1	67	19530445	19530511	4.27e-27	124	NT9_v2
AL7G31510	scaffold_2_RagTag	98.551	69	1	0	1	69	6692298	6692230	1.54e-26	122	NT9_v2
AL7G31510	scaffold_2_RagTag	96.053	76	1	2	1	76	18822786	18822859	1.54e-26	122	NT9_v2
AL7G31510	scaffold_2_RagTag	100	66	0	0	1	66	23562624	23562559	1.54e-26	122	NT9_v2
AL7G31510	scaffold_2_RagTag	97.143	70	2	0	1	70	2615640	2615571	1.99e-25	119	NT9_v2
AL7G31510	scaffold_2_RagTag	97.101	69	2	0	1	69	5648439	5648371	7.14e-25	117	NT9_v2
AL7G31510	scaffold_2_RagTag	95.775	71	3	0	1	71	21444386	21444316	2.57e-24	115	NT9_v2
AL7G31510	scaffold_2_RagTag	96.97	66	2	0	1	66	2295582	2295647	3.32e-23	111	NT9_v2
AL7G31510	scaffold_2_RagTag	94.286	70	4	0	1	70	8800942	8801011	4.3e-22	108	NT9_v2
AL7G31510	scaffold_2_RagTag	88.06	67	8	0	2	68	9673766	9673832	9.37e-14	80.5	NT9_v2
AL7G31510	scaffold_5_RagTag	98.611	72	1	0	1	72	12460899	12460970	3.3e-28	128	NT9_v2
AL7G31510	scaffold_5_RagTag	100	68	0	0	1	68	4548766	4548699	1.19e-27	126	NT9_v2
AL7G31510	scaffold_5_RagTag	98.551	69	1	0	1	69	12862605	12862537	1.54e-26	122	NT9_v2
AL7G31510	scaffold_5_RagTag	98.529	68	1	0	1	68	20367309	20367242	5.52e-26	121	NT9_v2
AL7G31510	scaffold_5_RagTag	94.805	77	3	1	1	76	10483362	10483286	1.99e-25	119	NT9_v2
AL7G31510	scaffold_5_RagTag	94.805	77	3	1	1	76	10497391	10497315	1.99e-25	119	NT9_v2
AL7G31510	scaffold_5_RagTag	98.485	66	1	0	1	66	13163083	13163148	7.14e-25	117	NT9_v2
AL7G31510	scaffold_5_RagTag	97.059	68	2	0	1	68	14734623	14734556	2.57e-24	115	NT9_v2
AL7G31510	scaffold_5_RagTag	93.421	76	4	1	1	75	11850918	11850993	3.32e-23	111	NT9_v2
AL7G31510	scaffold_5_RagTag	93.421	76	4	1	1	75	11851223	11851298	3.32e-23	111	NT9_v2
AL7G31510	scaffold_5_RagTag	93.421	76	4	1	1	75	11851444	11851519	3.32e-23	111	NT9_v2
AL7G31510	scaffold_5_RagTag	95.652	69	3	0	1	69	14350449	14350381	3.32e-23	111	NT9_v2
AL7G31510	scaffold_5_RagTag	96.923	65	2	0	1	65	5443957	5444021	1.2e-22	110	NT9_v2
AL7G31510	scaffold_5_RagTag	95.455	66	3	0	1	66	7084505	7084440	1.55e-21	106	NT9_v2
AL7G31510	scaffold_5_RagTag	96.825	63	2	0	6	68	21966245	21966183	1.55e-21	106	NT9_v2
AL7G31510	scaffold_5_RagTag	98	50	1	0	1	50	13697052	13697101	5.6e-16	87.9	NT9_v2
AL7G31510	scaffold_6_RagTag	97.333	75	1	1	1	75	9776394	9776321	1.19e-27	126	NT9_v2
AL7G31510	scaffold_6_RagTag	98.551	69	1	0	1	69	5836664	5836732	1.54e-26	122	NT9_v2
AL7G31510	scaffold_6_RagTag	96	75	2	1	1	74	5837578	5837652	5.52e-26	121	NT9_v2
AL7G31510	scaffold_6_RagTag	98.485	66	1	0	1	66	2230469	2230534	7.14e-25	117	NT9_v2
AL7G31510	scaffold_6_RagTag	98.485	66	1	0	1	66	24516712	24516777	7.14e-25	117	NT9_v2
AL7G31510	scaffold_6_RagTag	97.059	68	2	0	1	68	23008479	23008412	2.57e-24	115	NT9_v2
AL7G31510	scaffold_6_RagTag	94.286	70	3	1	1	69	7294318	7294249	1.55e-21	106	NT9_v2
AL7G31510	scaffold_6_RagTag	95.161	62	3	0	7	68	5645622	5645561	2.59e-19	99	NT9_v2
AL7G31510	scaffold_6_RagTag	97.917	48	1	0	1	48	2359073	2359120	7.25e-15	84.2	NT9_v2
AL7G31510	scaffold_6_RagTag	100	34	0	0	1	34	5645638	5645605	9.44e-09	63.9	NT9_v2
AL7G31510	scaffold_4_RagTag	100	68	0	0	1	68	15156426	15156493	1.19e-27	126	NT9_v2
AL7G31510	scaffold_4_RagTag	100	68	0	0	1	68	23634300	23634367	1.19e-27	126	NT9_v2
AL7G31510	scaffold_4_RagTag	98.592	71	1	0	1	71	25269500	25269430	1.19e-27	126	NT9_v2
AL7G31510	scaffold_4_RagTag	98.529	68	1	0	1	68	1225180	1225247	5.52e-26	121	NT9_v2
AL7G31510	scaffold_4_RagTag	97.183	71	2	0	1	71	13267259	13267189	5.52e-26	121	NT9_v2
AL7G31510	scaffold_4_RagTag	100	65	0	0	2	66	15155601	15155537	5.52e-26	121	NT9_v2
AL7G31510	scaffold_4_RagTag	98.485	66	1	0	1	66	3737883	3737818	7.14e-25	117	NT9_v2
AL7G31510	scaffold_4_RagTag	95.833	72	3	0	1	72	20606288	20606217	7.14e-25	117	NT9_v2
AL7G31510	scaffold_4_RagTag	98.485	66	1	0	1	66	22745503	22745568	7.14e-25	117	NT9_v2
AL7G31510	scaffold_4_RagTag	93.651	63	3	1	13	75	4346730	4346669	1.2e-17	93.5	NT9_v2
AL7G31510	scaffold_4_RagTag	92.063	63	5	0	5	67	11727912	11727850	1.56e-16	89.8	NT9_v2
AL7G31510	scaffold_4_RagTag	95.833	48	2	0	1	48	16606170	16606217	3.37e-13	78.7	NT9_v2
AL7G31510	scaffold_1_RagTag	100	68	0	0	1	68	23514778	23514711	1.19e-27	126	NT9_v2
AL7G31510	scaffold_1_RagTag	100	68	0	0	1	68	26550790	26550857	1.19e-27	126	NT9_v2
AL7G31510	scaffold_1_RagTag	98.551	69	1	0	1	69	11903638	11903570	1.54e-26	122	NT9_v2
AL7G31510	scaffold_1_RagTag	98.551	69	1	0	1	69	24903029	24902961	1.54e-26	122	NT9_v2
AL7G31510	scaffold_1_RagTag	98.529	68	1	0	1	68	12529362	12529295	5.52e-26	121	NT9_v2
AL7G31510	scaffold_1_RagTag	97.101	69	2	0	1	69	4522410	4522342	7.14e-25	117	NT9_v2
AL7G31510	scaffold_1_RagTag	98.485	66	1	0	1	66	22606682	22606617	7.14e-25	117	NT9_v2
AL7G31510	scaffold_1_RagTag	93.151	73	4	1	2	74	3303060	3303131	1.55e-21	106	NT9_v2
AL7G31510	scaffold_1_RagTag	95.455	66	3	0	1	66	18993216	18993281	1.55e-21	106	NT9_v2
AL7G31510	scaffold_1_RagTag	90.566	53	5	0	17	69	8439161	8439109	5.64e-11	71.3	NT9_v2
AL7G31510	scaffold_1_RagTag	91.667	48	4	0	17	64	14390705	14390658	7.3e-10	67.6	NT9_v2
AL7G31510	scaffold_1_RagTag	97.059	34	1	0	1	34	25419459	25419426	4.39e-07	58.4	NT9_v2
AL7G31510	scaffold_8_RagTag	100	66	0	0	1	66	17653101	17653036	1.54e-26	122	NT9_v2
AL7G31510	scaffold_8_RagTag	98.507	67	1	0	1	67	17179443	17179509	1.99e-25	119	NT9_v2
AL7G31510	scaffold_8_RagTag	98.485	66	1	0	1	66	6677161	6677096	7.14e-25	117	NT9_v2
AL7G31510	scaffold_8_RagTag	94.595	74	2	2	1	72	5750474	5750401	9.24e-24	113	NT9_v2
AL7G31510	scaffold_8_RagTag	96.97	66	2	0	1	66	1183734	1183669	3.32e-23	111	NT9_v2
AL7G31510	scaffold_8_RagTag	96.97	66	2	0	1	66	6793348	6793283	3.32e-23	111	NT9_v2
AL7G31510	scaffold_8_RagTag	92.105	76	6	0	1	76	3158859	3158784	4.3e-22	108	NT9_v2
AL7G31510	scaffold_8_RagTag	94.366	71	3	1	1	71	20511773	20511704	4.3e-22	108	NT9_v2
AL7G31510	scaffold_8_RagTag	95.385	65	3	0	1	65	5970125	5970189	5.56e-21	104	NT9_v2
AL7G31510	scaffold_8_RagTag	96.721	61	2	0	2	62	2518913	2518973	2e-20	102	NT9_v2
AL7G31510	scaffold_3_RagTag	100	66	0	0	1	66	25267707	25267642	1.54e-26	122	NT9_v2
AL7G31510	scaffold_3_RagTag	98.529	68	1	0	1	68	10665293	10665360	5.52e-26	121	NT9_v2
AL7G31510	scaffold_3_RagTag	98.485	66	1	0	1	66	5314030	5313965	7.14e-25	117	NT9_v2
AL7G31510	scaffold_3_RagTag	98.485	66	1	0	1	66	7719766	7719831	7.14e-25	117	NT9_v2
AL7G31510	scaffold_3_RagTag	98.485	66	1	0	1	66	25993497	25993562	7.14e-25	117	NT9_v2
AL7G31510	scaffold_3_RagTag	97.059	68	2	0	1	68	10664236	10664169	2.57e-24	115	NT9_v2
AL7G31510	scaffold_3_RagTag	98.438	64	1	0	1	64	25911025	25910962	9.24e-24	113	NT9_v2
AL7G31510	scaffold_3_RagTag	96.97	66	2	0	1	66	19422360	19422425	3.32e-23	111	NT9_v2
AL7G31510	scaffold_3_RagTag	92.857	56	4	0	13	68	23681214	23681159	2.61e-14	82.4	NT9_v2
AL7G31510	scaffold_3_RagTag	100	34	0	0	1	34	25099729	25099762	9.44e-09	63.9	NT9_v2
AL7G31520	scaffold_7_RagTag	98.083	2295	17	6	1	2282	9718067	9720347	0	3969	NT9_v2
AL7G31520	scaffold_7_RagTag	85.907	1185	126	14	1053	2203	9714601	9715778	0	1225	NT9_v2
AL7G31520	scaffold_7_RagTag	82	700	108	12	1517	2212	9382847	9382162	2.23e-163	579	NT9_v2
AL7G31520	scaffold_7_RagTag	81.085	682	110	12	1527	2203	9710709	9711376	8.17e-148	527	NT9_v2
AL7G31520	scaffold_7_RagTag	79.831	709	106	22	1070	1757	9707105	9707797	1.79e-134	483	NT9_v2
AL7G31520	scaffold_7_RagTag	83.415	410	51	8	1854	2258	9717338	9717735	6.78e-99	364	NT9_v2
AL7G31520	scaffold_7_RagTag	84.574	376	47	7	1841	2212	9699833	9700201	2.44e-98	363	NT9_v2
AL7G31520	scaffold_7_RagTag	82.447	376	50	12	1842	2212	9704306	9704670	6.93e-84	315	NT9_v2
AL7G31520	scaffold_7_RagTag	81.769	373	50	13	1844	2204	9707901	9708267	2.51e-78	296	NT9_v2
AL7G31520	scaffold_7_RagTag	74.761	733	129	37	1061	1756	9716515	9717228	9.09e-73	278	NT9_v2
AL7G31520	scaffold_7_RagTag	82.857	245	32	9	1524	1760	9699489	9699731	9.35e-53	211	NT9_v2
AL7G31520	scaffold_7_RagTag	87.222	180	18	5	2026	2203	9698463	9698639	2.02e-49	200	NT9_v2
AL7G31520	scaffold_7_RagTag	95	60	1	2	568	626	9718713	9718771	3.53e-17	93.5	NT9_v2
AL7G31520	scaffold_7_RagTag	78.344	157	23	6	1523	1669	9467983	9467828	1.27e-16	91.6	NT9_v2
AL7G31520	scaffold_7_RagTag	97.872	47	1	0	2172	2218	9706545	9706591	7.65e-14	82.4	NT9_v2
AL7G31520	scaffold_7_RagTag	95.455	44	2	0	1710	1753	9467821	9467778	1.66e-10	71.3	NT9_v2
AL7G31520	scaffold_7_RagTag	97.436	39	1	0	588	626	9718703	9718741	2.14e-09	67.6	NT9_v2
AL7G31520	scaffold_7_RagTag	94.872	39	2	0	639	677	9718652	9718690	9.97e-08	62.1	NT9_v2
AL7G31520	scaffold_1_RagTag	76.718	1237	180	56	1052	2209	28842798	28841591	1.03e-166	590	NT9_v2
AL7G31520	scaffold_1_RagTag	77.398	1053	161	48	1044	2047	28936391	28935367	3.75e-156	555	NT9_v2
AL7G31520	scaffold_1_RagTag	77.303	1053	160	50	1044	2047	28910049	28909027	6.27e-154	547	NT9_v2
AL7G31520	scaffold_1_RagTag	77.303	1053	160	50	1044	2047	29012549	29011527	6.27e-154	547	NT9_v2
AL7G31520	scaffold_1_RagTag	77.208	1053	161	50	1044	2047	28963421	28962399	2.92e-152	542	NT9_v2
AL7G31520	scaffold_1_RagTag	77.113	1053	162	50	1044	2047	28988833	28987811	1.36e-150	536	NT9_v2
AL7G31520	scaffold_1_RagTag	75.73	651	103	35	1056	1674	28844328	28843701	3.27e-72	276	NT9_v2
AL7G31520	scaffold_1_RagTag	85.484	186	24	3	2025	2209	28987778	28987595	1.22e-46	191	NT9_v2
AL7G31520	scaffold_1_RagTag	84.946	186	25	3	2025	2209	28908994	28908811	5.67e-45	185	NT9_v2
AL7G31520	scaffold_1_RagTag	84.946	186	25	3	2025	2209	28935334	28935151	5.67e-45	185	NT9_v2
AL7G31520	scaffold_1_RagTag	84.946	186	25	3	2025	2209	28962366	28962183	5.67e-45	185	NT9_v2
AL7G31520	scaffold_1_RagTag	84.946	186	25	3	2025	2209	29011494	29011311	5.67e-45	185	NT9_v2
AL8G44570	scaffold_8_RagTag	95.312	448	13	4	5	445	22489581	22490027	0	704	NT9_v2
AL8G44570	scaffold_8_RagTag	100	132	0	0	443	574	22490065	22490196	2.24e-63	244	NT9_v2
AL1G60840	scaffold_1	94.715	719	30	3	700	1416	29756095	29756807	0	1110	PU6_v3_fin
AL1G60840	scaffold_1	94.723	379	17	2	1419	1794	29756836	29757214	1.04e-165	586	PU6_v3_fin
AL1G60840	scaffold_1	84.514	381	29	10	169	533	18165834	18165468	1.48e-94	350	PU6_v3_fin
AL1G60840	scaffold_7	77.956	1125	158	41	700	1783	9763652	9762577	2.84e-176	621	PU6_v3_fin
AL1G60840	scaffold_7	78.556	942	134	32	862	1794	9754627	9753745	2.26e-157	558	PU6_v3_fin
AL1G60840	scaffold_7	77.919	942	140	37	862	1794	9462718	9463600	2.29e-147	525	PU6_v3_fin
AL1G60840	scaffold_7	79.622	687	78	30	700	1368	9759123	9758481	1.1e-120	436	PU6_v3_fin
AL1G60840	scaffold_7	82.952	393	40	15	162	534	14932715	14933100	1.93e-88	329	PU6_v3_fin
AL1G60840	scaffold_7	82.848	309	44	4	1425	1727	9758403	9758098	4.26e-70	268	PU6_v3_fin
AL1G60840	scaffold_7	85.408	233	30	3	1132	1363	9464123	9464352	3.34e-61	239	PU6_v3_fin
AL1G60840	scaffold_7	85.169	236	28	7	1137	1370	9760644	9760414	4.32e-60	235	PU6_v3_fin
AL1G60840	scaffold_7	80.851	282	19	13	701	982	9525590	9525836	3.41e-46	189	PU6_v3_fin
AL1G60840	scaffold_7	80	260	46	6	1125	1379	9745310	9745052	1.23e-45	187	PU6_v3_fin
AL1G60840	scaffold_7	94.215	121	7	0	862	982	9760922	9760802	4.41e-45	185	PU6_v3_fin
AL1G60840	scaffold_7	90.909	121	11	0	862	982	9747627	9747507	2.07e-38	163	PU6_v3_fin
AL1G60840	scaffold_7	89.516	124	13	0	700	823	9754753	9754630	9.62e-37	158	PU6_v3_fin
AL1G60840	scaffold_7	79.87	154	25	4	1223	1370	9526062	9526215	9.83e-22	108	PU6_v3_fin
AL1G60840	scaffold_7	95.455	44	2	0	1140	1183	9526012	9526055	1.29e-10	71.3	PU6_v3_fin
AL1G60840	scaffold_6	86.544	379	21	15	169	534	13648664	13649025	8.72e-107	390	PU6_v3_fin
AL1G60840	scaffold_6	86.508	378	21	12	169	533	13651343	13651703	3.14e-106	388	PU6_v3_fin
AL1G60840	scaffold_6	86.472	377	22	15	169	533	13649996	13650355	1.13e-105	387	PU6_v3_fin
AL1G60840	scaffold_6	85.714	378	22	13	169	533	13644704	13645062	1.14e-100	370	PU6_v3_fin
AL1G60840	scaffold_4	80.925	173	9	11	178	326	4463912	4464084	5.87e-24	115	PU6_v3_fin
AL6G37030	scaffold_6	96.52	431	12	1	2	432	11568589	11569016	0	710	PU6_v3_fin
AL7G30780	scaffold_7	98.763	1374	17	0	62	1435	9462306	9463679	0	2444	PU6_v3_fin
AL7G30780	scaffold_7	91.312	1105	89	6	301	1401	9754800	9753699	0	1502	PU6_v3_fin
AL7G30780	scaffold_7	85.552	706	73	18	298	975	9759173	9758469	0	712	PU6_v3_fin
AL7G30780	scaffold_7	83.898	708	90	13	291	975	9763710	9763004	0	654	PU6_v3_fin
AL7G30780	scaffold_7	79.221	693	107	22	298	966	9761092	9760413	4.06e-124	448	PU6_v3_fin
AL7G30780	scaffold_7	77.406	748	133	24	244	966	9756793	9756057	1.48e-113	412	PU6_v3_fin
AL7G30780	scaffold_7	94.715	246	13	0	721	966	9464115	9464360	1.16e-104	383	PU6_v3_fin
AL7G30780	scaffold_7	82.91	433	56	11	244	661	9751839	9751410	6.99e-102	374	PU6_v3_fin
AL7G30780	scaffold_7	85.014	367	45	4	291	647	9750280	9749914	4.21e-99	364	PU6_v3_fin
AL7G30780	scaffold_7	82.039	412	54	7	258	653	9745813	9745406	1.19e-89	333	PU6_v3_fin
AL7G30780	scaffold_7	81.918	365	52	7	291	647	9525531	9525889	1.56e-78	296	PU6_v3_fin
AL7G30780	scaffold_7	82.661	248	39	3	414	661	9747683	9747440	1.25e-54	217	PU6_v3_fin
AL7G30780	scaffold_7	79.279	333	44	15	148	476	9744341	9744030	2.09e-52	209	PU6_v3_fin
AL7G30780	scaffold_7	90.278	72	1	3	1	69	9461698	9461766	2.84e-16	89.8	PU6_v3_fin
AL7G30780	scaffold_7	76.582	158	26	5	821	968	9526062	9526218	2.21e-12	76.8	PU6_v3_fin
AL7G30780	scaffold_7	90.385	52	5	0	729	780	9526004	9526055	3.7e-10	69.4	PU6_v3_fin
AL7G30780	scaffold_7	94.737	38	1	1	291	327	9750386	9750349	8e-07	58.4	PU6_v3_fin
AL7G30780	scaffold_1	83.665	502	60	12	474	958	29756257	29756753	8.73e-126	453	PU6_v3_fin
AL7G31470	scaffold_7	96.911	1230	24	3	1	1217	9744584	9745812	0	2049	PU6_v3_fin
AL7G31470	scaffold_7	84.081	1181	164	17	21	1189	9749115	9750283	0	1118	PU6_v3_fin
AL7G31470	scaffold_7	78.753	946	165	26	83	1015	9746718	9747640	2.53e-170	601	PU6_v3_fin
AL7G31470	scaffold_7	80.751	639	96	20	548	1180	9760477	9761094	5.76e-132	473	PU6_v3_fin
AL7G31470	scaffold_7	86.181	398	49	3	823	1217	9462897	9462503	1.63e-117	425	PU6_v3_fin
AL7G31470	scaffold_7	78.355	693	116	25	549	1217	9751142	9751824	2.74e-115	418	PU6_v3_fin
AL7G31470	scaffold_7	80.148	539	83	15	663	1185	9526061	9525531	3.59e-104	381	PU6_v3_fin
AL7G31470	scaffold_7	84.658	365	49	6	823	1184	9754448	9754808	6.05e-97	357	PU6_v3_fin
AL7G31470	scaffold_7	83.463	387	43	13	821	1189	9763330	9763713	6.09e-92	340	PU6_v3_fin
AL7G31470	scaffold_7	83.11	373	53	6	821	1184	9758807	9759178	3.67e-89	331	PU6_v3_fin
AL7G31470	scaffold_7	74.72	625	102	37	37	628	9526663	9526062	4.95e-58	228	PU6_v3_fin
AL7G31470	scaffold_7	81.416	226	32	4	1006	1224	9744033	9744255	1.82e-42	176	PU6_v3_fin
AL7G31470	scaffold_7	95.238	42	0	2	1149	1189	9750349	9750389	4.1e-09	65.8	PU6_v3_fin
AL7G31470	scaffold_1	72.816	721	168	21	19	727	29757218	29756514	8.28e-56	220	PU6_v3_fin
AL7G31480	scaffold_7	89.365	1213	106	18	1	1200	9749081	9750283	0	1504	PU6_v3_fin
AL7G31480	scaffold_7	84.342	1322	167	17	35	1329	9744604	9745912	0	1258	PU6_v3_fin
AL7G31480	scaffold_7	78.403	977	162	40	97	1055	9746718	9747663	5.9e-167	590	PU6_v3_fin
AL7G31480	scaffold_7	79.72	715	110	22	482	1191	9760410	9761094	2.87e-135	484	PU6_v3_fin
AL7G31480	scaffold_7	78.333	720	125	26	556	1267	9756121	9756817	8.14e-121	436	PU6_v3_fin
AL7G31480	scaffold_7	78.095	735	115	31	557	1262	9751142	9751859	6.34e-117	424	PU6_v3_fin
AL7G31480	scaffold_7	83.885	453	55	14	829	1267	9462905	9462457	1.06e-114	416	PU6_v3_fin
AL7G31480	scaffold_7	77.879	547	84	24	671	1196	9526061	9525531	2.39e-81	305	PU6_v3_fin
AL7G31480	scaffold_7	82.038	373	52	8	836	1195	9758808	9759178	8.61e-81	303	PU6_v3_fin
AL7G31480	scaffold_7	81.137	387	47	14	836	1200	9763331	9763713	8.67e-76	287	PU6_v3_fin
AL7G31480	scaffold_7	74.661	663	122	33	6	636	9526710	9526062	3.16e-65	252	PU6_v3_fin
AL7G31480	scaffold_7	79.741	232	35	10	488	716	9464357	9464135	7.1e-37	158	PU6_v3_fin
AL7G31480	scaffold_7	95.238	42	0	2	1160	1200	9750349	9750389	4.42e-09	65.8	PU6_v3_fin
AL7G31490	scaffold_7	98.242	1081	18	1	1760	2840	9750819	9751898	0	1890	PU6_v3_fin
AL7G31490	scaffold_7	93.179	777	29	5	545	1315	9749562	9750320	0	1120	PU6_v3_fin
AL7G31490	scaffold_7	99.143	467	4	0	1238	1704	9750349	9750815	0	841	PU6_v3_fin
AL7G31490	scaffold_7	77.492	1284	205	49	38	1278	9744542	9745784	0	693	PU6_v3_fin
AL7G31490	scaffold_7	78.908	934	158	20	172	1077	9746718	9747640	7.62e-169	597	PU6_v3_fin
AL7G31490	scaffold_7	80.278	791	112	29	2017	2799	9756057	9756811	1.29e-156	556	PU6_v3_fin
AL7G31490	scaffold_7	81.25	720	99	25	2011	2726	9760407	9761094	2.16e-154	549	PU6_v3_fin
AL7G31490	scaffold_7	79.291	705	120	16	1555	2248	9762555	9763244	1.73e-130	470	PU6_v3_fin
AL7G31490	scaffold_7	75.351	998	207	20	109	1077	9755592	9756579	1.05e-122	444	PU6_v3_fin
AL7G31490	scaffold_7	81.931	404	48	10	2329	2722	9525929	9525541	6.64e-85	318	PU6_v3_fin
AL7G31490	scaffold_7	81.159	414	52	9	871	1284	9525909	9525522	4e-82	309	PU6_v3_fin
AL7G31490	scaffold_7	79.79	381	59	11	2359	2730	9758808	9759179	1.14e-67	261	PU6_v3_fin
AL7G31490	scaffold_7	93.452	168	8	1	38	205	9748666	9748830	3.18e-63	246	PU6_v3_fin
AL7G31490	scaffold_7	90.395	177	15	1	1095	1269	9744033	9744209	8.9e-59	231	PU6_v3_fin
AL7G31490	scaffold_7	73.517	691	139	28	119	781	9762572	9763246	5.36e-56	222	PU6_v3_fin
AL7G31490	scaffold_7	88.827	179	18	2	1101	1278	9462708	9462531	6.93e-55	219	PU6_v3_fin
AL7G31490	scaffold_7	83.544	237	36	2	2555	2789	9744036	9744271	6.93e-55	219	PU6_v3_fin
AL7G31490	scaffold_7	73.363	672	143	25	432	1081	9750966	9751623	2.49e-54	217	PU6_v3_fin
AL7G31490	scaffold_7	79.208	303	47	9	77	364	9759897	9760198	3.25e-48	196	PU6_v3_fin
AL7G31490	scaffold_7	86.705	173	23	0	1098	1270	9751613	9751785	4.2e-47	193	PU6_v3_fin
AL7G31490	scaffold_7	100	78	0	0	1238	1315	9750296	9750373	1.19e-32	145	PU6_v3_fin
AL7G31490	scaffold_1	84.726	347	43	3	938	1275	29756383	29756038	5.1e-91	339	PU6_v3_fin
AL7G31500	scaffold_7	98.678	1286	15	1	1	1286	9753595	9754878	0	2279	PU6_v3_fin
AL7G31500	scaffold_7	91.697	1108	85	6	107	1211	9463645	9462542	0	1530	PU6_v3_fin
AL7G31500	scaffold_7	78.817	1369	184	53	18	1286	9757888	9759250	0	824	PU6_v3_fin
AL7G31500	scaffold_7	79.346	1162	156	37	133	1213	9762546	9763704	0	739	PU6_v3_fin
AL7G31500	scaffold_7	78.324	692	113	22	546	1213	9760416	9761094	1.33e-113	412	PU6_v3_fin
AL7G31500	scaffold_7	77.168	692	121	26	546	1213	9756060	9756738	2.91e-100	368	PU6_v3_fin
AL7G31500	scaffold_7	92.653	245	18	0	544	788	9464359	9464115	8.15e-96	353	PU6_v3_fin
AL7G31500	scaffold_7	84.298	363	44	7	862	1213	9749914	9750274	1.76e-92	342	PU6_v3_fin
AL7G31500	scaffold_7	82.493	377	47	9	856	1216	9745406	9745779	1.38e-83	313	PU6_v3_fin
AL7G31500	scaffold_7	81.048	248	43	3	848	1095	9747440	9747683	5.23e-48	195	PU6_v3_fin
AL7G31500	scaffold_7	85.083	181	25	1	1039	1217	9744033	9744213	1.13e-44	183	PU6_v3_fin
AL7G31500	scaffold_7	80.473	169	29	2	600	764	9762198	9762366	1.93e-27	126	PU6_v3_fin
AL7G31500	scaffold_7	92.308	52	4	0	729	780	9526055	9526004	7.11e-12	75	PU6_v3_fin
AL7G31510	scaffold_7	94.672	732	35	3	66	795	9760475	9761204	0	1133	PU6_v3_fin
AL7G31510	scaffold_7	96.129	620	24	0	66	685	9756119	9756738	0	1013	PU6_v3_fin
AL7G31510	scaffold_7	80.271	664	94	24	53	685	9751127	9751784	6.12e-130	466	PU6_v3_fin
AL7G31510	scaffold_7	85.126	437	51	5	284	708	9525948	9525514	1.73e-120	435	PU6_v3_fin
AL7G31510	scaffold_7	79.65	629	98	19	64	683	9463149	9462542	1.04e-117	425	PU6_v3_fin
AL7G31510	scaffold_7	81.044	517	75	17	65	563	9747166	9747677	3.79e-107	390	PU6_v3_fin
AL7G31510	scaffold_7	78.639	632	103	22	64	685	9754196	9754805	3.79e-107	390	PU6_v3_fin
AL7G31510	scaffold_7	77.966	649	108	14	68	685	9745131	9745775	3.82e-102	374	PU6_v3_fin
AL7G31510	scaffold_7	82.1	419	52	8	345	742	9763343	9763759	5.01e-91	337	PU6_v3_fin
AL7G31510	scaffold_7	80.952	357	51	9	345	685	9758820	9759175	6.67e-70	267	PU6_v3_fin
AL7G31510	scaffold_7	80.328	183	36	0	64	246	9464299	9464117	1.52e-31	139	PU6_v3_fin
AL7G31510	scaffold_7	96.104	77	1	2	1	76	9270760	9270685	4.24e-27	124	PU6_v3_fin
AL7G31510	scaffold_7	98.571	70	1	0	1	70	12828172	12828103	4.24e-27	124	PU6_v3_fin
AL7G31510	scaffold_7	96.053	76	3	0	1	76	17598474	17598399	4.24e-27	124	PU6_v3_fin
AL7G31510	scaffold_7	100	66	0	0	1	66	14548340	14548275	1.53e-26	122	PU6_v3_fin
AL7G31510	scaffold_7	98.551	69	1	0	1	69	16331095	16331163	1.53e-26	122	PU6_v3_fin
AL7G31510	scaffold_7	100	66	0	0	1	66	25663395	25663460	1.53e-26	122	PU6_v3_fin
AL7G31510	scaffold_7	95.775	71	3	0	1	71	22778281	22778211	2.55e-24	115	PU6_v3_fin
AL7G31510	scaffold_7	97.059	68	2	0	1	68	26933832	26933765	2.55e-24	115	PU6_v3_fin
AL7G31510	scaffold_7	93.421	76	5	0	1	76	17528314	17528239	9.19e-24	113	PU6_v3_fin
AL7G31510	scaffold_7	96.97	66	2	0	1	66	6141492	6141557	3.3e-23	111	PU6_v3_fin
AL7G31510	scaffold_7	93.939	66	4	0	1	66	16329835	16329770	7.15e-20	100	PU6_v3_fin
AL7G31510	scaffold_7	91.525	59	2	1	654	712	9750349	9750404	3.35e-13	78.7	PU6_v3_fin
AL7G31510	scaffold_8	100	69	0	0	1	69	10989738	10989670	3.28e-28	128	PU6_v3_fin
AL7G31510	scaffold_8	98.551	69	1	0	1	69	11565911	11565979	1.53e-26	122	PU6_v3_fin
AL7G31510	scaffold_8	97.101	69	2	0	1	69	3705845	3705777	7.1e-25	117	PU6_v3_fin
AL7G31510	scaffold_8	97.101	69	2	0	1	69	18872861	18872793	7.1e-25	117	PU6_v3_fin
AL7G31510	scaffold_8	98.462	65	1	0	1	65	12256172	12256236	2.55e-24	115	PU6_v3_fin
AL7G31510	scaffold_8	96.97	66	2	0	1	66	12325516	12325451	3.3e-23	111	PU6_v3_fin
AL7G31510	scaffold_8	96.154	52	2	0	17	68	22381968	22381917	2e-15	86.1	PU6_v3_fin
AL7G31510	scaffold_8	84.615	65	0	1	5	69	17284507	17284453	1.57e-06	56.5	PU6_v3_fin
AL7G31510	scaffold_6	98.611	72	1	0	1	72	6081563	6081634	3.28e-28	128	PU6_v3_fin
AL7G31510	scaffold_6	98.529	68	1	0	1	68	12925945	12926012	5.49e-26	121	PU6_v3_fin
AL7G31510	scaffold_6	100	65	0	0	1	65	18983545	18983609	5.49e-26	121	PU6_v3_fin
AL7G31510	scaffold_6	100	65	0	0	1	65	19013078	19013142	5.49e-26	121	PU6_v3_fin
AL7G31510	scaffold_6	98.485	66	1	0	1	66	11386091	11386156	7.1e-25	117	PU6_v3_fin
AL7G31510	scaffold_6	97.101	69	1	1	1	68	21466055	21466123	2.55e-24	115	PU6_v3_fin
AL7G31510	scaffold_6	97.059	68	2	0	1	68	21730153	21730086	2.55e-24	115	PU6_v3_fin
AL7G31510	scaffold_6	98.438	64	1	0	3	66	9324886	9324823	9.19e-24	113	PU6_v3_fin
AL7G31510	scaffold_6	96.97	66	2	0	1	66	8079731	8079796	3.3e-23	111	PU6_v3_fin
AL7G31510	scaffold_6	95.652	69	3	0	1	69	19749001	19749069	3.3e-23	111	PU6_v3_fin
AL7G31510	scaffold_6	96.97	66	2	0	1	66	20292204	20292269	3.3e-23	111	PU6_v3_fin
AL7G31510	scaffold_6	96.97	66	2	0	1	66	25755419	25755484	3.3e-23	111	PU6_v3_fin
AL7G31510	scaffold_6	95.588	68	3	0	1	68	9859874	9859941	1.19e-22	110	PU6_v3_fin
AL7G31510	scaffold_5	100	69	0	0	1	69	16783208	16783140	3.28e-28	128	PU6_v3_fin
AL7G31510	scaffold_5	100	66	0	0	1	66	12594346	12594281	1.53e-26	122	PU6_v3_fin
AL7G31510	scaffold_5	98.551	69	1	0	1	69	12695929	12695861	1.53e-26	122	PU6_v3_fin
AL7G31510	scaffold_5	98.551	69	1	0	1	69	18825054	18824986	1.53e-26	122	PU6_v3_fin
AL7G31510	scaffold_5	97.059	68	2	0	1	68	18175273	18175206	2.55e-24	115	PU6_v3_fin
AL7G31510	scaffold_5	93.421	76	4	1	1	75	11445522	11445597	3.3e-23	111	PU6_v3_fin
AL7G31510	scaffold_5	97.015	67	1	1	1	66	17865293	17865227	3.3e-23	111	PU6_v3_fin
AL7G31510	scaffold_5	95.455	66	3	0	1	66	6513477	6513412	1.54e-21	106	PU6_v3_fin
AL7G31510	scaffold_5	92.105	76	5	1	1	75	11445217	11445292	1.54e-21	106	PU6_v3_fin
AL7G31510	scaffold_5	92.105	76	5	1	1	75	11445743	11445818	1.54e-21	106	PU6_v3_fin
AL7G31510	scaffold_5	90.411	73	5	2	1	72	4712863	4712792	3.33e-18	95.3	PU6_v3_fin
AL7G31510	scaffold_5	85.185	81	4	1	1	73	10017383	10017303	1.21e-12	76.8	PU6_v3_fin
AL7G31510	scaffold_3	100	69	0	0	1	69	19385001	19384933	3.28e-28	128	PU6_v3_fin
AL7G31510	scaffold_3	100	66	0	0	1	66	25147713	25147648	1.53e-26	122	PU6_v3_fin
AL7G31510	scaffold_3	100	66	0	0	1	66	25431760	25431695	1.53e-26	122	PU6_v3_fin
AL7G31510	scaffold_3	97.183	71	2	0	1	71	2540413	2540483	5.49e-26	121	PU6_v3_fin
AL7G31510	scaffold_3	98.507	67	1	0	1	67	12992420	12992486	1.97e-25	119	PU6_v3_fin
AL7G31510	scaffold_3	97.059	68	2	0	1	68	552635	552702	2.55e-24	115	PU6_v3_fin
AL7G31510	scaffold_3	98.438	64	1	0	1	64	26374855	26374792	9.19e-24	113	PU6_v3_fin
AL7G31510	scaffold_3	95.652	69	3	0	1	69	14717455	14717387	3.3e-23	111	PU6_v3_fin
AL7G31510	scaffold_3	98.361	61	1	0	1	61	26277605	26277665	4.28e-22	108	PU6_v3_fin
AL7G31510	scaffold_3	94.118	68	4	0	1	68	1225062	1225129	5.53e-21	104	PU6_v3_fin
AL7G31510	scaffold_3	93.939	66	4	0	1	66	26280424	26280489	7.15e-20	100	PU6_v3_fin
AL7G31510	scaffold_3	92.857	56	4	0	13	68	24214870	24214815	2.59e-14	82.4	PU6_v3_fin
AL7G31510	scaffold_4	100	68	0	0	1	68	1798488	1798555	1.18e-27	126	PU6_v3_fin
AL7G31510	scaffold_4	98.571	70	1	0	1	70	14874651	14874582	4.24e-27	124	PU6_v3_fin
AL7G31510	scaffold_4	97.183	71	2	0	1	71	23472553	23472623	5.49e-26	121	PU6_v3_fin
AL7G31510	scaffold_4	97.101	69	2	0	1	69	3205426	3205358	7.1e-25	117	PU6_v3_fin
AL7G31510	scaffold_4	97.101	69	2	0	1	69	15163250	15163182	7.1e-25	117	PU6_v3_fin
AL7G31510	scaffold_4	97.059	68	2	0	1	68	19604053	19603986	2.55e-24	115	PU6_v3_fin
AL7G31510	scaffold_4	95.714	70	2	1	1	69	828513	828444	3.3e-23	111	PU6_v3_fin
AL7G31510	scaffold_4	95.652	69	3	0	1	69	1374687	1374619	3.3e-23	111	PU6_v3_fin
AL7G31510	scaffold_4	98.413	63	1	0	1	63	3878867	3878929	3.3e-23	111	PU6_v3_fin
AL7G31510	scaffold_4	94.545	55	3	0	13	67	10165823	10165769	2e-15	86.1	PU6_v3_fin
AL7G31510	scaffold_4	95.833	48	2	0	1	48	15239102	15239055	3.35e-13	78.7	PU6_v3_fin
AL7G31510	scaffold_1	100	68	0	0	1	68	16096431	16096498	1.18e-27	126	PU6_v3_fin
AL7G31510	scaffold_1	100	68	0	0	1	68	27410167	27410234	1.18e-27	126	PU6_v3_fin
AL7G31510	scaffold_1	98.551	69	1	0	1	69	12508012	12507944	1.53e-26	122	PU6_v3_fin
AL7G31510	scaffold_1	100	66	0	0	1	66	17367142	17367207	1.53e-26	122	PU6_v3_fin
AL7G31510	scaffold_1	98.571	70	0	1	1	69	19544486	19544417	1.53e-26	122	PU6_v3_fin
AL7G31510	scaffold_1	98.551	69	1	0	1	69	30182635	30182567	1.53e-26	122	PU6_v3_fin
AL7G31510	scaffold_1	100	66	0	0	1	66	31250978	31251043	1.53e-26	122	PU6_v3_fin
AL7G31510	scaffold_1	98.485	66	1	0	1	66	31251924	31251989	7.1e-25	117	PU6_v3_fin
AL7G31510	scaffold_1	95.714	70	3	0	1	70	10531455	10531386	9.19e-24	113	PU6_v3_fin
AL7G31510	scaffold_1	95.522	67	3	0	3	69	23667201	23667267	4.28e-22	108	PU6_v3_fin
AL7G31510	scaffold_1	95.455	66	3	0	1	66	25535316	25535381	1.54e-21	106	PU6_v3_fin
AL7G31510	scaffold_1	87.692	65	8	0	5	69	8687342	8687278	1.21e-12	76.8	PU6_v3_fin
AL7G31510	scaffold_1	91.667	48	4	0	17	64	15323431	15323384	7.26e-10	67.6	PU6_v3_fin
AL7G31510	scaffold_2	98.571	70	1	0	1	70	18845512	18845581	4.24e-27	124	PU6_v3_fin
AL7G31510	scaffold_2	98.551	69	1	0	1	69	17757384	17757452	1.53e-26	122	PU6_v3_fin
AL7G31510	scaffold_2	97.183	71	2	0	1	71	21307155	21307085	5.49e-26	121	PU6_v3_fin
AL7G31510	scaffold_2	98.485	66	1	0	1	66	17823178	17823113	7.1e-25	117	PU6_v3_fin
AL7G31510	scaffold_2	97.059	68	2	0	1	68	8147659	8147592	2.55e-24	115	PU6_v3_fin
AL7G31510	scaffold_2	94.286	70	4	0	1	70	13917624	13917555	4.28e-22	108	PU6_v3_fin
AL7G31510	scaffold_2	96.825	63	2	0	2	64	14057501	14057563	1.54e-21	106	PU6_v3_fin
AL7G31510	scaffold_2	93.939	66	4	0	1	66	14284759	14284824	7.15e-20	100	PU6_v3_fin
AL7G31520	scaffold_7	94.978	2310	79	11	1	2282	9761483	9763783	0	3589	PU6_v3_fin
AL7G31520	scaffold_7	85.666	1186	127	14	1053	2203	9757998	9759175	0	1208	PU6_v3_fin
AL7G31520	scaffold_7	82.277	694	106	11	1523	2212	9463211	9462531	4.75e-165	584	PU6_v3_fin
AL7G31520	scaffold_7	81.085	682	110	12	1527	2203	9754138	9754805	8.13e-148	527	PU6_v3_fin
AL7G31520	scaffold_7	83.212	411	50	8	1854	2258	9760754	9761151	3.14e-97	359	PU6_v3_fin
AL7G31520	scaffold_7	83.636	385	46	12	1841	2212	9745404	9745784	2.44e-93	346	PU6_v3_fin
AL7G31520	scaffold_7	81.867	375	50	13	1842	2204	9751417	9751785	1.93e-79	300	PU6_v3_fin
AL7G31520	scaffold_7	84.477	277	38	5	1517	1791	9464366	9464093	5.44e-70	268	PU6_v3_fin
AL7G31520	scaffold_7	85.408	233	33	1	1524	1756	9760413	9760644	1.19e-61	241	PU6_v3_fin
AL7G31520	scaffold_7	73.625	709	123	45	1092	1760	9744618	9745302	7.19e-54	215	PU6_v3_fin
AL7G31520	scaffold_7	87.222	180	18	5	2026	2203	9744033	9744209	2.01e-49	200	PU6_v3_fin
AL7G31520	scaffold_7	83.648	159	22	3	723	880	9463144	9462989	2.66e-33	147	PU6_v3_fin
AL7G31520	scaffold_7	77.707	157	24	5	1523	1669	9526217	9526062	5.88e-15	86.1	PU6_v3_fin
AL7G31520	scaffold_7	97.872	47	1	0	2172	2218	9750349	9750395	7.6e-14	82.4	PU6_v3_fin
AL7G31520	scaffold_7	95.455	44	2	0	1710	1753	9526055	9526012	1.65e-10	71.3	PU6_v3_fin
AL7G31520	scaffold_7	92.308	52	0	1	568	615	9762129	9762180	1.65e-10	71.3	PU6_v3_fin
AL7G31520	scaffold_7	95.349	43	2	0	588	630	9762119	9762161	5.92e-10	69.4	PU6_v3_fin
AL7G31520	scaffold_7	94.872	39	2	0	639	677	9762068	9762106	9.91e-08	62.1	PU6_v3_fin
AL7G31520	scaffold_1	77.102	1249	185	53	1035	2209	29757259	29756038	2.17e-178	628	PU6_v3_fin
AL8G44570	scaffold_8	96.629	445	8	4	5	445	22890617	22891058	0	732	PU6_v3_fin
AL8G44570	scaffold_8	99.242	132	1	0	443	574	22891096	22891227	1.04e-61	239	PU6_v3_fin
AL1G60840	scaffold_1_RagTag	94.854	719	29	3	700	1416	30044959	30045671	0	1116	TE11_v2
AL1G60840	scaffold_1_RagTag	94.723	379	17	2	1419	1794	30045700	30046078	1.02e-165	586	TE11_v2
AL1G60840	scaffold_1_RagTag	84.211	380	30	11	169	533	17941377	17941013	2.45e-92	342	TE11_v2
AL1G60840	scaffold_7_RagTag	77.707	942	142	36	862	1794	9207452	9208334	4.9e-144	514	TE11_v2
AL1G60840	scaffold_7_RagTag	78.917	683	102	24	1133	1783	9609206	9608534	2.36e-117	425	TE11_v2
AL1G60840	scaffold_7_RagTag	79.185	687	81	30	700	1368	9603759	9603117	1.1e-115	420	TE11_v2
AL1G60840	scaffold_7_RagTag	81.836	523	70	12	862	1380	9592725	9592224	1.42e-114	416	TE11_v2
AL1G60840	scaffold_7_RagTag	83.29	383	38	14	162	524	14740458	14740834	1.91e-88	329	TE11_v2
AL1G60840	scaffold_7_RagTag	82.524	309	45	4	1425	1727	9603039	9602734	1.96e-68	263	TE11_v2
AL1G60840	scaffold_7_RagTag	85.837	233	29	3	1132	1363	9222390	9222619	7.1e-63	244	TE11_v2
AL1G60840	scaffold_7_RagTag	79.79	381	33	13	701	1080	9614528	9614191	1.19e-60	237	TE11_v2
AL1G60840	scaffold_7_RagTag	85.169	236	28	7	1137	1370	9606600	9606370	4.28e-60	235	TE11_v2
AL1G60840	scaffold_7_RagTag	82.292	288	21	4	701	988	9588366	9588109	3.33e-56	222	TE11_v2
AL1G60840	scaffold_7_RagTag	80.851	282	19	13	701	982	9290746	9290992	3.38e-46	189	TE11_v2
AL1G60840	scaffold_7_RagTag	94.215	121	7	0	862	982	9606878	9606758	4.37e-45	185	TE11_v2
AL1G60840	scaffold_7_RagTag	79.615	260	47	6	1125	1379	9575560	9575302	5.65e-44	182	TE11_v2
AL1G60840	scaffold_7_RagTag	90.323	124	12	0	700	823	9592851	9592728	2.05e-38	163	TE11_v2
AL1G60840	scaffold_7_RagTag	89.256	121	13	0	862	982	9584206	9584086	4.43e-35	152	TE11_v2
AL1G60840	scaffold_7_RagTag	90.179	112	11	0	700	811	9207326	9207437	2.06e-33	147	TE11_v2
AL1G60840	scaffold_7_RagTag	79.221	154	26	4	1223	1370	9291218	9291371	4.52e-20	102	TE11_v2
AL1G60840	scaffold_7_RagTag	95.455	44	2	0	1140	1183	9291168	9291211	1.28e-10	71.3	TE11_v2
AL1G60840	scaffold_6_RagTag	87.143	280	13	5	260	534	14147502	14147763	1.93e-78	296	TE11_v2
AL1G60840	scaffold_5_RagTag	82.927	164	9	10	178	326	6130531	6130690	2.08e-28	130	TE11_v2
AL1G60840	scaffold_5_RagTag	82.927	164	9	10	178	326	6133348	6133189	2.08e-28	130	TE11_v2
AL1G60840	scaffold_4_RagTag	80.925	173	9	11	178	326	4275743	4275915	5.81e-24	115	TE11_v2
AL1G60840	scaffold_4_RagTag	80.925	173	9	11	178	326	4278719	4278891	5.81e-24	115	TE11_v2
AL6G37030	scaffold_6_RagTag	97.68	431	7	1	2	432	12181793	12182220	0	737	TE11_v2
AL7G30780	scaffold_7_RagTag	98.596	1353	19	0	83	1435	9207061	9208413	0	2394	TE11_v2
AL7G30780	scaffold_7_RagTag	89.412	1105	85	14	301	1401	9592898	9591822	0	1363	TE11_v2
AL7G30780	scaffold_7_RagTag	85.127	706	76	18	298	975	9603809	9603105	0	695	TE11_v2
AL7G30780	scaffold_7_RagTag	79.221	693	107	22	298	966	9607048	9606369	4.02e-124	448	TE11_v2
AL7G30780	scaffold_7_RagTag	85.258	407	49	8	259	661	9586652	9586253	1.9e-112	409	TE11_v2
AL7G30780	scaffold_7_RagTag	77.61	728	128	24	244	946	9594885	9594168	1.9e-112	409	TE11_v2
AL7G30780	scaffold_7_RagTag	84.729	406	51	9	291	687	9614587	9614184	1.48e-108	396	TE11_v2
AL7G30780	scaffold_7_RagTag	94.715	246	13	0	721	966	9222382	9222627	1.15e-104	383	TE11_v2
AL7G30780	scaffold_7_RagTag	85.989	364	44	5	291	647	9588425	9588062	1.15e-104	383	TE11_v2
AL7G30780	scaffold_7_RagTag	82.679	433	57	11	244	661	9589948	9589519	3.22e-100	368	TE11_v2
AL7G30780	scaffold_7_RagTag	83.538	407	52	6	259	653	9576059	9575656	1.16e-99	366	TE11_v2
AL7G30780	scaffold_7_RagTag	81.918	365	52	7	291	647	9290687	9291045	1.54e-78	296	TE11_v2
AL7G30780	scaffold_7_RagTag	85.714	245	35	0	731	975	9609205	9608961	2.02e-67	259	TE11_v2
AL7G30780	scaffold_7_RagTag	98.361	61	1	0	1375	1435	9221863	9221923	7.75e-22	108	TE11_v2
AL7G30780	scaffold_7_RagTag	75.949	158	27	5	821	968	9291218	9291374	1.02e-10	71.3	TE11_v2
AL7G30780	scaffold_7_RagTag	90.385	52	5	0	729	780	9291160	9291211	3.66e-10	69.4	TE11_v2
AL7G30780	scaffold_1_RagTag	83.865	502	59	12	474	958	30045121	30045617	1.86e-127	459	TE11_v2
AL7G31470	scaffold_7_RagTag	97.59	1245	19	3	1	1235	9574834	9576077	0	2122	TE11_v2
AL7G31470	scaffold_7_RagTag	86.449	1225	143	11	21	1235	9585459	9586670	0	1321	TE11_v2
AL7G31470	scaffold_7_RagTag	78.246	1186	199	39	23	1189	9587283	9588428	0	706	TE11_v2
AL7G31470	scaffold_7_RagTag	76.987	1208	204	57	4	1180	9605886	9607050	5.34e-177	623	TE11_v2
AL7G31470	scaffold_7_RagTag	74.715	1230	233	62	28	1217	9588742	9589933	4.4e-133	477	TE11_v2
AL7G31470	scaffold_7_RagTag	85.969	392	49	2	829	1217	9207625	9207237	3.5e-114	414	TE11_v2
AL7G31470	scaffold_7_RagTag	85.411	377	45	8	821	1189	9614216	9614590	9.87e-105	383	TE11_v2
AL7G31470	scaffold_7_RagTag	80.148	539	83	15	663	1185	9291217	9290687	3.55e-104	381	TE11_v2
AL7G31470	scaffold_7_RagTag	84.932	365	48	6	823	1184	9592546	9592906	1.29e-98	363	TE11_v2
AL7G31470	scaffold_7_RagTag	82.574	373	55	6	821	1184	9603443	9603814	7.85e-86	320	TE11_v2
AL7G31470	scaffold_7_RagTag	73.647	702	139	34	35	719	9608534	9609206	1.36e-58	230	TE11_v2
AL7G31470	scaffold_7_RagTag	74.56	625	103	37	37	628	9291819	9291218	2.28e-56	222	TE11_v2
AL7G31470	scaffold_1_RagTag	72.816	721	168	21	19	727	30046082	30045378	8.19e-56	220	TE11_v2
AL7G31480	scaffold_7_RagTag	99.097	1329	10	1	1	1329	9585425	9586751	0	2386	TE11_v2
AL7G31480	scaffold_7_RagTag	85.922	1307	147	17	35	1318	9574854	9576146	0	1360	TE11_v2
AL7G31480	scaffold_7_RagTag	77.395	1190	198	45	33	1191	9605901	9607050	0	641	TE11_v2
AL7G31480	scaffold_7_RagTag	75.213	1291	234	66	19	1262	9588717	9589968	9.98e-150	532	TE11_v2
AL7G31480	scaffold_7_RagTag	78.442	719	126	24	556	1267	9594213	9594909	1.73e-122	442	TE11_v2
AL7G31480	scaffold_7_RagTag	83.444	453	57	13	829	1267	9207639	9207191	2.27e-111	405	TE11_v2
AL7G31480	scaffold_7_RagTag	82.812	384	50	12	829	1200	9614211	9614590	1.41e-88	329	TE11_v2
AL7G31480	scaffold_7_RagTag	77.879	547	84	24	671	1196	9291217	9290687	2.37e-81	305	TE11_v2
AL7G31480	scaffold_7_RagTag	81.233	373	55	8	836	1195	9603444	9603814	8.58e-76	287	TE11_v2
AL7G31480	scaffold_7_RagTag	74.51	663	123	33	6	636	9291866	9291218	1.46e-63	246	TE11_v2
AL7G31480	scaffold_7_RagTag	80.176	227	33	10	493	716	9222619	9222402	1.95e-37	159	TE11_v2
AL7G31480	scaffold_7_RagTag	82.514	183	25	5	875	1055	9584065	9584242	9.08e-36	154	TE11_v2
AL7G31490	scaffold_7_RagTag	96.42	2765	51	9	98	2840	9587269	9590007	0	4514	TE11_v2
AL7G31490	scaffold_7_RagTag	77.031	1280	215	45	38	1278	9574792	9576031	0	662	TE11_v2
AL7G31490	scaffold_7_RagTag	77.74	1186	191	46	1570	2726	9605909	9607050	0	660	TE11_v2
AL7G31490	scaffold_7_RagTag	80.637	754	103	25	2054	2799	9594185	9594903	9.96e-153	544	TE11_v2
AL7G31490	scaffold_7_RagTag	80.993	705	112	13	1555	2250	9608512	9609203	1.29e-151	540	TE11_v2
AL7G31490	scaffold_7_RagTag	75.147	1191	224	49	1561	2727	9587278	9588420	1.02e-137	494	TE11_v2
AL7G31490	scaffold_7_RagTag	74.077	1273	248	61	1571	2801	9574861	9576093	8.03e-124	448	TE11_v2
AL7G31490	scaffold_7_RagTag	75.313	1037	201	35	77	1074	9605868	9606888	2.89e-123	446	TE11_v2
AL7G31490	scaffold_7_RagTag	75.15	998	209	20	109	1077	9593684	9594671	2.25e-119	433	TE11_v2
AL7G31490	scaffold_7_RagTag	79.817	545	95	11	545	1074	9585906	9586450	2.3e-104	383	TE11_v2
AL7G31490	scaffold_7_RagTag	74.041	1017	206	39	107	1081	9588732	9589732	2.99e-98	363	TE11_v2
AL7G31490	scaffold_7_RagTag	81.931	404	48	10	2329	2722	9291085	9290697	6.57e-85	318	TE11_v2
AL7G31490	scaffold_7_RagTag	81.159	414	52	9	871	1284	9291065	9290678	3.95e-82	309	TE11_v2
AL7G31490	scaffold_7_RagTag	81.231	325	49	8	42	361	9585393	9585710	6.76e-65	252	TE11_v2
AL7G31490	scaffold_7_RagTag	79.265	381	61	11	2359	2730	9603444	9603815	2.43e-64	250	TE11_v2
AL7G31490	scaffold_7_RagTag	93.452	168	8	1	38	205	9585006	9585170	3.14e-63	246	TE11_v2
AL7G31490	scaffold_7_RagTag	89.831	177	18	0	1093	1269	9592727	9592903	1.14e-57	228	TE11_v2
AL7G31490	scaffold_7_RagTag	89.385	179	17	2	1101	1278	9207442	9207265	1.47e-56	224	TE11_v2
AL7G31490	scaffold_7_RagTag	86.705	173	23	0	1098	1270	9589722	9589894	4.16e-47	193	TE11_v2
AL7G31490	scaffold_7_RagTag	83.871	155	25	0	923	1077	9584065	9584219	9.12e-34	148	TE11_v2
AL7G31490	scaffold_1_RagTag	85.014	347	42	3	938	1275	30045247	30044902	1.08e-92	344	TE11_v2
AL7G31500	scaffold_7_RagTag	96.819	1226	14	1	61	1286	9591776	9592976	0	2025	TE11_v2
AL7G31500	scaffold_7_RagTag	90.794	1108	95	6	107	1211	9208379	9207276	0	1474	TE11_v2
AL7G31500	scaffold_7_RagTag	78.451	1369	189	53	18	1286	9602524	9603886	0	797	TE11_v2
AL7G31500	scaffold_7_RagTag	78.644	693	109	21	546	1213	9606372	9607050	6.06e-117	424	TE11_v2
AL7G31500	scaffold_7_RagTag	85.833	360	41	8	862	1213	9588062	9588419	6.19e-102	374	TE11_v2
AL7G31500	scaffold_7_RagTag	83.709	399	57	4	822	1213	9614184	9614581	8.01e-101	370	TE11_v2
AL7G31500	scaffold_7_RagTag	77.333	675	117	26	563	1213	9594168	9594830	1.04e-99	366	TE11_v2
AL7G31500	scaffold_7_RagTag	91.837	245	20	0	544	788	9222626	9222382	1.75e-92	342	TE11_v2
AL7G31500	scaffold_7_RagTag	82.888	374	48	9	856	1216	9575656	9576026	2.27e-86	322	TE11_v2
AL7G31500	scaffold_7_RagTag	82.48	371	59	6	848	1216	9586253	9586619	8.18e-86	320	TE11_v2
AL7G31500	scaffold_7_RagTag	84.255	235	33	4	546	778	9608973	9609205	1.83e-57	226	TE11_v2
AL7G31500	scaffold_7_RagTag	81.683	202	33	3	894	1095	9584065	9584262	4.06e-39	165	TE11_v2
AL7G31500	scaffold_7_RagTag	81.437	167	29	1	600	764	9608156	9608322	3.18e-30	135	TE11_v2
AL7G31500	scaffold_7_RagTag	100	41	0	0	1	41	9591737	9591777	1.95e-12	76.8	TE11_v2
AL7G31500	scaffold_7_RagTag	92.308	52	4	0	729	780	9291211	9291160	7.03e-12	75	TE11_v2
AL7G31500	scaffold_1_RagTag	82.47	502	66	12	551	1035	30045617	30045121	7.84e-116	420	TE11_v2
AL7G31510	scaffold_7_RagTag	93.989	732	40	3	66	795	9606431	9607160	0	1105	TE11_v2
AL7G31510	scaffold_7_RagTag	96.29	620	23	0	66	685	9594211	9594830	0	1018	TE11_v2
AL7G31510	scaffold_7_RagTag	80.271	664	94	24	53	685	9589236	9589893	6.06e-130	466	TE11_v2
AL7G31510	scaffold_7_RagTag	80.377	637	101	19	70	685	9585982	9586615	7.83e-129	462	TE11_v2
AL7G31510	scaffold_7_RagTag	85.126	437	51	5	284	708	9291104	9290670	1.71e-120	435	TE11_v2
AL7G31510	scaffold_7_RagTag	79.745	627	101	16	64	683	9207883	9207276	2.21e-119	431	TE11_v2
AL7G31510	scaffold_7_RagTag	78.671	647	104	19	68	685	9575381	9576022	6.23e-110	399	TE11_v2
AL7G31510	scaffold_7_RagTag	84.466	412	46	9	345	742	9614229	9614636	3.75e-107	390	TE11_v2
AL7G31510	scaffold_7_RagTag	78.481	632	104	21	64	685	9592294	9592903	1.74e-105	385	TE11_v2
AL7G31510	scaffold_7_RagTag	80.618	356	52	9	346	685	9603457	9603811	1.1e-67	259	TE11_v2
AL7G31510	scaffold_7_RagTag	85.938	192	27	0	372	563	9584065	9584256	1.46e-51	206	TE11_v2
AL7G31510	scaffold_7_RagTag	80.874	183	35	0	64	246	9222566	9222384	3.22e-33	145	TE11_v2
AL7G31510	scaffold_7_RagTag	100	69	0	0	1	69	22759423	22759355	3.25e-28	128	TE11_v2
AL7G31510	scaffold_7_RagTag	100	66	0	0	1	66	6271076	6271011	1.51e-26	122	TE11_v2
AL7G31510	scaffold_7_RagTag	98.551	69	1	0	1	69	11857622	11857554	1.51e-26	122	TE11_v2
AL7G31510	scaffold_7_RagTag	97.183	71	2	0	1	71	20754712	20754642	5.43e-26	121	TE11_v2
AL7G31510	scaffold_7_RagTag	97.059	68	2	0	1	68	11570592	11570659	2.53e-24	115	TE11_v2
AL7G31510	scaffold_7_RagTag	100	62	0	0	1	62	16615907	16615846	2.53e-24	115	TE11_v2
AL7G31510	scaffold_7_RagTag	96.825	63	2	0	2	64	9059047	9058985	1.52e-21	106	TE11_v2
AL7G31510	scaffold_7_RagTag	95.455	66	3	0	1	66	21381187	21381252	1.52e-21	106	TE11_v2
AL7G31510	scaffold_1_RagTag	100	71	0	0	1	71	18063879	18063809	2.51e-29	132	TE11_v2
AL7G31510	scaffold_1_RagTag	100	69	0	0	1	69	6866991	6867059	3.25e-28	128	TE11_v2
AL7G31510	scaffold_1_RagTag	100	66	0	0	1	66	6909296	6909361	1.51e-26	122	TE11_v2
AL7G31510	scaffold_1_RagTag	100	66	0	0	1	66	6952446	6952511	1.51e-26	122	TE11_v2
AL7G31510	scaffold_1_RagTag	98.551	69	1	0	1	69	25942789	25942721	1.51e-26	122	TE11_v2
AL7G31510	scaffold_1_RagTag	98.529	68	1	0	1	68	14687628	14687695	5.43e-26	121	TE11_v2
AL7G31510	scaffold_1_RagTag	98.507	67	1	0	1	67	18567751	18567685	1.95e-25	119	TE11_v2
AL7G31510	scaffold_1_RagTag	98.485	66	1	0	1	66	126640	126705	7.03e-25	117	TE11_v2
AL7G31510	scaffold_1_RagTag	98.485	66	1	0	1	66	129328	129393	7.03e-25	117	TE11_v2
AL7G31510	scaffold_1_RagTag	98.485	66	1	0	1	66	26187539	26187474	7.03e-25	117	TE11_v2
AL7G31510	scaffold_1_RagTag	98.438	64	1	0	1	64	6885882	6885819	9.09e-24	113	TE11_v2
AL7G31510	scaffold_1_RagTag	98.438	64	1	0	1	64	6929031	6928968	9.09e-24	113	TE11_v2
AL7G31510	scaffold_1_RagTag	95.522	67	3	0	3	69	24152246	24152312	4.23e-22	108	TE11_v2
AL7G31510	scaffold_1_RagTag	94.366	71	3	1	1	70	25325553	25325623	4.23e-22	108	TE11_v2
AL7G31510	scaffold_1_RagTag	95.455	66	3	0	1	66	26197091	26197156	1.52e-21	106	TE11_v2
AL7G31510	scaffold_1_RagTag	87.692	65	8	0	5	69	8734974	8734910	1.19e-12	76.8	TE11_v2
AL7G31510	scaffold_1_RagTag	91.667	48	4	0	17	64	14847642	14847595	7.18e-10	67.6	TE11_v2
AL7G31510	scaffold_8_RagTag	100	70	0	0	1	70	3804834	3804765	9.02e-29	130	TE11_v2
AL7G31510	scaffold_8_RagTag	98.611	72	0	1	1	71	24162585	24162656	1.17e-27	126	TE11_v2
AL7G31510	scaffold_8_RagTag	100	66	0	0	1	66	4494545	4494480	1.51e-26	122	TE11_v2
AL7G31510	scaffold_8_RagTag	98.551	69	1	0	1	69	12341942	12341874	1.51e-26	122	TE11_v2
AL7G31510	scaffold_8_RagTag	100	65	0	0	2	66	6868798	6868862	5.43e-26	121	TE11_v2
AL7G31510	scaffold_8_RagTag	98.507	67	1	0	1	67	18656605	18656671	1.95e-25	119	TE11_v2
AL7G31510	scaffold_8_RagTag	97.059	68	2	0	1	68	19900852	19900919	2.53e-24	115	TE11_v2
AL7G31510	scaffold_8_RagTag	95.775	71	3	0	1	71	22029860	22029790	2.53e-24	115	TE11_v2
AL7G31510	scaffold_8_RagTag	96.97	66	2	0	1	66	13338425	13338360	3.27e-23	111	TE11_v2
AL7G31510	scaffold_8_RagTag	93.333	75	3	2	2	74	563026	563100	1.18e-22	110	TE11_v2
AL7G31510	scaffold_8_RagTag	90.789	76	7	0	1	76	3428663	3428588	1.97e-20	102	TE11_v2
AL7G31510	scaffold_5_RagTag	100	69	0	0	1	69	22195476	22195544	3.25e-28	128	TE11_v2
AL7G31510	scaffold_5_RagTag	100	66	0	0	1	66	12647221	12647286	1.51e-26	122	TE11_v2
AL7G31510	scaffold_5_RagTag	97.101	69	2	0	1	69	12342473	12342405	7.03e-25	117	TE11_v2
AL7G31510	scaffold_5_RagTag	97.059	68	2	0	1	68	10708723	10708656	2.53e-24	115	TE11_v2
AL7G31510	scaffold_5_RagTag	97.059	68	2	0	2	69	10993133	10993066	2.53e-24	115	TE11_v2
AL7G31510	scaffold_5_RagTag	93.056	72	4	1	6	76	20217876	20217805	5.47e-21	104	TE11_v2
AL7G31510	scaffold_5_RagTag	91.781	73	4	2	1	72	4413198	4413127	7.08e-20	100	TE11_v2
AL7G31510	scaffold_5_RagTag	92.647	68	5	0	1	68	6443529	6443462	2.55e-19	99	TE11_v2
AL7G31510	scaffold_3_RagTag	97.333	75	2	0	1	75	2171103	2171029	3.25e-28	128	TE11_v2
AL7G31510	scaffold_3_RagTag	98.592	71	0	1	2	72	14158728	14158797	4.2e-27	124	TE11_v2
AL7G31510	scaffold_3_RagTag	97.101	69	1	1	1	68	13684618	13684550	2.53e-24	115	TE11_v2
AL7G31510	scaffold_3_RagTag	95.652	69	3	0	1	69	1817339	1817271	3.27e-23	111	TE11_v2
AL7G31510	scaffold_3_RagTag	95.652	69	3	0	1	69	13987509	13987441	3.27e-23	111	TE11_v2
AL7G31510	scaffold_3_RagTag	96.875	64	2	0	1	64	26095244	26095181	4.23e-22	108	TE11_v2
AL7G31510	scaffold_3_RagTag	95.455	66	3	0	1	66	10217451	10217516	1.52e-21	106	TE11_v2
AL7G31510	scaffold_3_RagTag	92.754	69	5	0	1	69	15551472	15551404	7.08e-20	100	TE11_v2
AL7G31510	scaffold_2_RagTag	100	68	0	0	1	68	12699230	12699297	1.17e-27	126	TE11_v2
AL7G31510	scaffold_2_RagTag	100	68	0	0	1	68	15893669	15893602	1.17e-27	126	TE11_v2
AL7G31510	scaffold_2_RagTag	100	68	0	0	1	68	20176110	20176177	1.17e-27	126	TE11_v2
AL7G31510	scaffold_2_RagTag	98.551	69	1	0	1	69	5409458	5409390	1.51e-26	122	TE11_v2
AL7G31510	scaffold_2_RagTag	100	66	0	0	1	66	14851780	14851845	1.51e-26	122	TE11_v2
AL7G31510	scaffold_2_RagTag	96.053	76	1	2	1	76	17019687	17019760	1.51e-26	122	TE11_v2
AL7G31510	scaffold_2_RagTag	97.183	71	2	0	1	71	4061480	4061550	5.43e-26	121	TE11_v2
AL7G31510	scaffold_2_RagTag	98.485	66	1	0	1	66	4908237	4908172	7.03e-25	117	TE11_v2
AL7G31510	scaffold_2_RagTag	95.775	71	3	0	1	71	19656129	19656059	2.53e-24	115	TE11_v2
AL7G31510	scaffold_2_RagTag	96.97	66	2	0	1	66	16312096	16312031	3.27e-23	111	TE11_v2
AL7G31510	scaffold_2_RagTag	95.455	66	3	0	1	66	3958918	3958983	1.52e-21	106	TE11_v2
AL7G31510	scaffold_2_RagTag	96.364	55	2	0	13	67	17760934	17760988	4.26e-17	91.6	TE11_v2
AL7G31510	scaffold_4_RagTag	96.053	76	1	2	2	76	22061402	22061476	1.51e-26	122	TE11_v2
AL7G31510	scaffold_4_RagTag	98.529	68	1	0	1	68	15143635	15143568	5.43e-26	121	TE11_v2
AL7G31510	scaffold_4_RagTag	98.529	68	1	0	1	68	15147431	15147364	5.43e-26	121	TE11_v2
AL7G31510	scaffold_4_RagTag	98.529	68	1	0	1	68	15151222	15151155	5.43e-26	121	TE11_v2
AL7G31510	scaffold_4_RagTag	100	65	0	0	1	65	24194503	24194439	5.43e-26	121	TE11_v2
AL7G31510	scaffold_4_RagTag	97.101	69	2	0	1	69	3153327	3153259	7.03e-25	117	TE11_v2
AL7G31510	scaffold_4_RagTag	98.485	66	1	0	1	66	15259510	15259575	7.03e-25	117	TE11_v2
AL7G31510	scaffold_4_RagTag	98.485	66	1	0	1	66	23559117	23559052	7.03e-25	117	TE11_v2
AL7G31510	scaffold_4_RagTag	95.588	68	3	0	1	68	19929486	19929419	1.18e-22	110	TE11_v2
AL7G31510	scaffold_4_RagTag	95.455	66	3	0	1	66	18776805	18776870	1.52e-21	106	TE11_v2
AL7G31510	scaffold_4_RagTag	95.385	65	3	0	5	69	18447950	18447886	5.47e-21	104	TE11_v2
AL7G31510	scaffold_4_RagTag	96.61	59	1	1	17	75	4291336	4291279	9.15e-19	97.1	TE11_v2
AL7G31510	scaffold_4_RagTag	92.537	67	5	0	1	67	11034173	11034107	9.15e-19	97.1	TE11_v2
AL7G31510	scaffold_4_RagTag	95.833	48	2	0	1	48	15792873	15792826	3.32e-13	78.7	TE11_v2
AL7G31510	scaffold_6_RagTag	100	65	0	0	1	65	19705822	19705886	5.43e-26	121	TE11_v2
AL7G31510	scaffold_6_RagTag	98.507	67	1	0	4	70	22187851	22187785	1.95e-25	119	TE11_v2
AL7G31510	scaffold_6_RagTag	98.485	66	1	0	1	66	23640037	23639972	7.03e-25	117	TE11_v2
AL7G31510	scaffold_6_RagTag	98.485	66	1	0	1	66	24029363	24029428	7.03e-25	117	TE11_v2
AL7G31510	scaffold_6_RagTag	97.059	68	2	0	1	68	22372383	22372316	2.53e-24	115	TE11_v2
AL7G31510	scaffold_6_RagTag	95.588	68	3	0	1	68	10385574	10385641	1.18e-22	110	TE11_v2
AL7G31510	scaffold_6_RagTag	97.917	48	1	0	1	48	2182969	2183016	7.13e-15	84.2	TE11_v2
AL7G31510	scaffold_6_RagTag	86.765	68	9	0	2	69	20315372	20315439	1.19e-12	76.8	TE11_v2
AL7G31520	scaffold_7_RagTag	98.268	1790	13	3	1	1777	9607439	9609223	0	3118	TE11_v2
AL7G31520	scaffold_7_RagTag	85.413	1186	130	14	1053	2203	9602634	9603811	0	1192	TE11_v2
AL7G31520	scaffold_7_RagTag	98.263	518	6	1	1768	2282	9614143	9614660	0	904	TE11_v2
AL7G31520	scaffold_7_RagTag	82.133	694	107	11	1523	2212	9207945	9207265	2.19e-163	579	TE11_v2
AL7G31520	scaffold_7_RagTag	80.938	682	111	12	1527	2203	9592236	9592903	3.74e-146	521	TE11_v2
AL7G31520	scaffold_7_RagTag	83.415	410	51	8	1854	2258	9606710	9607107	6.67e-99	364	TE11_v2
AL7G31520	scaffold_7_RagTag	83.812	383	46	13	1841	2212	9575654	9576031	1.87e-94	350	TE11_v2
AL7G31520	scaffold_7_RagTag	82.447	376	50	12	1842	2212	9586260	9586624	6.81e-84	315	TE11_v2
AL7G31520	scaffold_7_RagTag	81.867	375	50	13	1842	2204	9589526	9589894	1.91e-79	300	TE11_v2
AL7G31520	scaffold_7_RagTag	74.761	733	129	37	1061	1756	9605887	9606600	8.94e-73	278	TE11_v2
AL7G31520	scaffold_7_RagTag	84.116	277	39	5	1517	1791	9222633	9222360	2.5e-68	263	TE11_v2
AL7G31520	scaffold_7_RagTag	82.449	245	33	9	1524	1760	9575310	9575552	4.28e-51	206	TE11_v2
AL7G31520	scaffold_7_RagTag	77.07	157	25	5	1523	1669	9291373	9291218	2.71e-13	80.5	TE11_v2
AL7G31520	scaffold_7_RagTag	95.455	44	2	0	1710	1753	9291211	9291168	1.63e-10	71.3	TE11_v2
AL7G31520	scaffold_7_RagTag	92.308	52	0	1	568	615	9608087	9608138	1.63e-10	71.3	TE11_v2
AL7G31520	scaffold_7_RagTag	95.349	43	2	0	588	630	9608077	9608119	5.86e-10	69.4	TE11_v2
AL7G31520	scaffold_7_RagTag	94.872	39	2	0	639	677	9608026	9608064	9.8e-08	62.1	TE11_v2
AL7G31520	scaffold_1_RagTag	77.284	1237	179	53	1048	2209	30046111	30044902	4.6e-180	634	TE11_v2
AL8G44570	scaffold_8_RagTag	98.917	277	3	0	169	445	24115030	24115306	5.51e-139	496	TE11_v2
AL8G44570	scaffold_8_RagTag	100	132	0	0	443	574	24115344	24115475	2.2e-63	244	TE11_v2
AL8G44570	scaffold_8_RagTag	89.143	175	11	4	5	172	24112200	24112373	2.24e-53	211	TE11_v2
AL1G60840	scaffold_1_RagTag:94989-32092331	94.854	719	29	3	700	1416	29883774	29884486	0	1116	TE4_v1
AL1G60840	scaffold_1_RagTag:94989-32092331	94.723	379	17	2	1419	1794	29884515	29884893	1.04e-165	586	TE4_v1
AL1G60840	scaffold_1_RagTag:94989-32092331	84.211	380	30	11	169	533	17758119	17757755	2.48e-92	342	TE4_v1
AL1G60840	scaffold_7_RagTag:1-29301300	77.232	1120	154	47	701	1783	9519637	9518582	1.75e-158	562	TE4_v1
AL1G60840	scaffold_7_RagTag:1-29301300	78.238	942	137	34	862	1794	9510665	9509783	2.28e-152	542	TE4_v1
AL1G60840	scaffold_7_RagTag:1-29301300	77.707	942	142	36	862	1794	9162739	9163621	4.97e-144	514	TE4_v1
AL1G60840	scaffold_7_RagTag:1-29301300	79.622	687	78	30	700	1368	9515129	9514487	1.11e-120	436	TE4_v1
AL1G60840	scaffold_7_RagTag:1-29301300	83.206	393	39	15	162	534	14521241	14521626	4.15e-90	335	TE4_v1
AL1G60840	scaffold_7_RagTag:1-29301300	85.069	288	22	7	701	988	9506267	9506001	9.18e-72	274	TE4_v1
AL1G60840	scaffold_7_RagTag:1-29301300	82.524	309	45	4	1425	1727	9514409	9514104	1.99e-68	263	TE4_v1
AL1G60840	scaffold_7_RagTag:1-29301300	85.837	233	29	3	1132	1363	9178437	9178666	7.19e-63	244	TE4_v1
AL1G60840	scaffold_7_RagTag:1-29301300	84.388	237	28	7	1137	1370	9516661	9516431	9.37e-57	224	TE4_v1
AL1G60840	scaffold_7_RagTag:1-29301300	81.915	282	21	11	701	982	9253885	9254136	7.3e-53	211	TE4_v1
AL1G60840	scaffold_7_RagTag:1-29301300	82.008	239	34	7	1140	1370	9254315	9254552	7.35e-48	195	TE4_v1
AL1G60840	scaffold_7_RagTag:1-29301300	94.215	121	7	0	862	982	9516939	9516819	4.42e-45	185	TE4_v1
AL1G60840	scaffold_7_RagTag:1-29301300	79.615	260	47	6	1125	1379	9498562	9498304	5.72e-44	182	TE4_v1
AL1G60840	scaffold_7_RagTag:1-29301300	90.909	121	11	0	862	982	9501571	9501691	2.07e-38	163	TE4_v1
AL1G60840	scaffold_7_RagTag:1-29301300	90.323	124	12	0	700	823	9510791	9510668	2.07e-38	163	TE4_v1
AL1G60840	scaffold_7_RagTag:1-29301300	90.179	112	11	0	700	811	9162613	9162724	2.09e-33	147	TE4_v1
AL1G60840	scaffold_6_RagTag:0-26949342	87.143	280	13	5	260	534	14370980	14371241	1.96e-78	296	TE4_v1
AL1G60840	scaffold_5_RagTag:29852-15762170	82.927	164	9	10	178	326	6166005	6166164	2.1e-28	130	TE4_v1
AL1G60840	scaffold_5_RagTag:29852-15762170	82.317	164	10	10	178	326	6168825	6168666	9.78e-27	124	TE4_v1
AL1G60840	scaffold_4_RagTag:329527-26177039	80.925	173	9	11	178	326	4832633	4832805	5.89e-24	115	TE4_v1
AL6G37030	scaffold_6_RagTag:0-26949342	97.216	431	9	1	2	432	12133326	12133753	0	726	TE4_v1
AL7G30780	scaffold_7_RagTag:1-29301300	98.596	1353	19	0	83	1435	9162348	9163700	0	2394	TE4_v1
AL7G30780	scaffold_7_RagTag:1-29301300	91.131	1105	91	6	301	1401	9510838	9509737	0	1491	TE4_v1
AL7G30780	scaffold_7_RagTag:1-29301300	85.552	706	73	18	298	975	9515179	9514475	0	712	TE4_v1
AL7G30780	scaffold_7_RagTag:1-29301300	81.143	700	105	16	291	975	9519696	9519009	8.44e-151	536	TE4_v1
AL7G30780	scaffold_7_RagTag:1-29301300	78.986	690	114	19	298	966	9517109	9516430	1.89e-122	442	TE4_v1
AL7G30780	scaffold_7_RagTag:1-29301300	77.54	748	132	24	244	966	9512825	9512089	3.19e-115	418	TE4_v1
AL7G30780	scaffold_7_RagTag:1-29301300	85.012	407	50	9	259	661	9504496	9504097	8.94e-111	403	TE4_v1
AL7G30780	scaffold_7_RagTag:1-29301300	94.715	246	13	0	721	966	9178429	9178674	1.16e-104	383	TE4_v1
AL7G30780	scaffold_7_RagTag:1-29301300	82.91	433	56	11	244	661	9507849	9507420	7.01e-102	374	TE4_v1
AL7G30780	scaffold_7_RagTag:1-29301300	83.538	407	52	6	259	653	9499061	9498658	1.17e-99	366	TE4_v1
AL7G30780	scaffold_7_RagTag:1-29301300	84.182	373	43	5	291	647	9506326	9505954	4.25e-94	348	TE4_v1
AL7G30780	scaffold_7_RagTag:1-29301300	83.014	365	53	5	291	647	9253826	9254189	2.57e-86	322	TE4_v1
AL7G30780	scaffold_7_RagTag:1-29301300	82.661	248	39	3	414	661	9501515	9501758	1.25e-54	217	TE4_v1
AL7G30780	scaffold_7_RagTag:1-29301300	79.681	251	38	7	729	968	9254307	9254555	3.55e-40	169	TE4_v1
AL7G30780	scaffold_7_RagTag:1-29301300	98.361	61	1	0	1375	1435	9177910	9177970	7.85e-22	108	TE4_v1
AL7G30780	scaffold_1_RagTag:94989-32092331	83.865	502	59	12	474	958	29883936	29884432	1.88e-127	459	TE4_v1
AL7G31470	scaffold_7_RagTag:1-29301300	98.151	1244	14	1	1	1235	9497836	9499079	0	2161	TE4_v1
AL7G31470	scaffold_7_RagTag:1-29301300	86.122	1225	147	11	21	1235	9503303	9504514	0	1299	TE4_v1
AL7G31470	scaffold_7_RagTag:1-29301300	76.872	1202	202	49	37	1185	9255004	9253826	4.21e-173	610	TE4_v1
AL7G31470	scaffold_7_RagTag:1-29301300	81.25	736	110	18	471	1189	9505605	9506329	7.15e-161	569	TE4_v1
AL7G31470	scaffold_7_RagTag:1-29301300	81.221	639	93	20	548	1180	9516494	9517111	5.73e-137	490	TE4_v1
AL7G31470	scaffold_7_RagTag:1-29301300	74.837	1228	235	61	28	1217	9506643	9507834	2.06e-136	488	TE4_v1
AL7G31470	scaffold_7_RagTag:1-29301300	85.969	392	49	2	829	1217	9162912	9162524	3.54e-114	414	TE4_v1
AL7G31470	scaffold_7_RagTag:1-29301300	84.881	377	47	8	821	1189	9519325	9519699	2.16e-101	372	TE4_v1
AL7G31470	scaffold_7_RagTag:1-29301300	84.932	365	48	6	823	1184	9510486	9510846	1.3e-98	363	TE4_v1
AL7G31470	scaffold_7_RagTag:1-29301300	83.11	373	53	6	821	1184	9514813	9515184	3.67e-89	331	TE4_v1
AL7G31470	scaffold_7_RagTag:1-29301300	75.969	645	123	23	83	717	9500743	9501365	8.01e-81	303	TE4_v1
AL7G31470	scaffold_7_RagTag:1-29301300	72.65	702	136	35	35	719	9518582	9519244	3.91e-44	182	TE4_v1
AL7G31470	scaffold_1_RagTag:94989-32092331	72.816	721	168	21	19	727	29884897	29884193	8.29e-56	220	TE4_v1
AL7G31480	scaffold_7_RagTag:1-29301300	99.473	1329	5	1	1	1329	9503269	9504595	0	2414	TE4_v1
AL7G31480	scaffold_7_RagTag:1-29301300	85.922	1307	147	17	35	1318	9497856	9499148	0	1360	TE4_v1
AL7G31480	scaffold_7_RagTag:1-29301300	75.821	1249	229	55	2	1196	9255055	9253826	9.97e-160	566	TE4_v1
AL7G31480	scaffold_7_RagTag:1-29301300	74.903	1295	231	71	19	1262	9506618	9507869	2.2e-141	505	TE4_v1
AL7G31480	scaffold_7_RagTag:1-29301300	81.562	640	92	18	556	1191	9516494	9517111	2.2e-141	505	TE4_v1
AL7G31480	scaffold_7_RagTag:1-29301300	78.472	720	124	26	556	1267	9512153	9512849	1.75e-122	442	TE4_v1
AL7G31480	scaffold_7_RagTag:1-29301300	83.444	453	57	13	829	1267	9162926	9162478	2.3e-111	405	TE4_v1
AL7G31480	scaffold_7_RagTag:1-29301300	83.073	384	49	12	829	1200	9519320	9519699	3.06e-90	335	TE4_v1
AL7G31480	scaffold_7_RagTag:1-29301300	76.803	638	115	24	97	721	9500743	9501360	5.12e-88	327	TE4_v1
AL7G31480	scaffold_7_RagTag:1-29301300	81.769	373	53	8	836	1195	9514814	9515184	4.01e-79	298	TE4_v1
AL7G31480	scaffold_7_RagTag:1-29301300	84.564	298	40	4	758	1055	9501826	9501535	6.72e-77	291	TE4_v1
AL7G31480	scaffold_7_RagTag:1-29301300	83.275	287	41	3	7	286	9505138	9505424	6.81e-67	257	TE4_v1
AL7G31480	scaffold_7_RagTag:1-29301300	80.176	227	33	10	493	716	9178666	9178449	1.98e-37	159	TE4_v1
AL7G31490	scaffold_7_RagTag:1-29301300	97.065	2862	45	9	1	2840	9505064	9507908	0	4783	TE4_v1
AL7G31490	scaffold_7_RagTag:1-29301300	76.911	1282	212	46	38	1278	9497795	9499033	0	651	TE4_v1
AL7G31490	scaffold_7_RagTag:1-29301300	76.267	1302	215	47	42	1284	9255083	9253817	1.27e-171	606	TE4_v1
AL7G31490	scaffold_7_RagTag:1-29301300	80.278	791	112	26	2017	2799	9512089	9512843	1.3e-156	556	TE4_v1
AL7G31490	scaffold_7_RagTag:1-29301300	81.25	720	95	27	2013	2726	9516426	9517111	2.8e-153	545	TE4_v1
AL7G31490	scaffold_7_RagTag:1-29301300	80.17	706	106	17	1555	2250	9518560	9519241	7.96e-139	497	TE4_v1
AL7G31490	scaffold_7_RagTag:1-29301300	74.812	1199	223	49	1561	2727	9505170	9506321	6.24e-130	468	TE4_v1
AL7G31490	scaffold_7_RagTag:1-29301300	75.551	998	205	20	109	1077	9511624	9512611	4.86e-126	455	TE4_v1
AL7G31490	scaffold_7_RagTag:1-29301300	74.156	1215	225	60	1565	2722	9255018	9253836	4.93e-116	422	TE4_v1
AL7G31490	scaffold_7_RagTag:1-29301300	79.817	545	95	11	545	1074	9503750	9504294	2.33e-104	383	TE4_v1
AL7G31490	scaffold_7_RagTag:1-29301300	73.917	1016	209	40	107	1081	9506633	9507633	1.41e-96	357	TE4_v1
AL7G31490	scaffold_7_RagTag:1-29301300	79.79	381	59	11	2359	2730	9514814	9515185	1.14e-67	261	TE4_v1
AL7G31490	scaffold_7_RagTag:1-29301300	81.231	325	49	6	42	361	9503237	9503554	6.85e-65	252	TE4_v1
AL7G31490	scaffold_7_RagTag:1-29301300	89.831	177	18	0	1093	1269	9510667	9510843	1.15e-57	228	TE4_v1
AL7G31490	scaffold_7_RagTag:1-29301300	81.955	266	48	0	812	1077	9501823	9501558	4.15e-57	226	TE4_v1
AL7G31490	scaffold_7_RagTag:1-29301300	89.385	179	17	2	1101	1278	9162729	9162552	1.49e-56	224	TE4_v1
AL7G31490	scaffold_7_RagTag:1-29301300	87.283	173	22	0	1098	1270	9507623	9507795	9.05e-49	198	TE4_v1
AL7G31490	scaffold_7_RagTag:1-29301300	79.208	303	47	10	77	364	9515902	9516203	3.25e-48	196	TE4_v1
AL7G31490	scaffold_7_RagTag:1-29301300	92.308	130	7	1	76	205	9502888	9503014	9.11e-44	182	TE4_v1
AL7G31490	scaffold_1_RagTag:94989-32092331	85.014	347	42	3	938	1275	29884062	29883717	1.1e-92	344	TE4_v1
AL7G31500	scaffold_7_RagTag:1-29301300	98.367	1286	19	1	1	1286	9509633	9510916	0	2257	TE4_v1
AL7G31500	scaffold_7_RagTag:1-29301300	90.794	1108	95	6	107	1211	9163666	9162563	0	1474	TE4_v1
AL7G31500	scaffold_7_RagTag:1-29301300	78.671	1369	186	54	18	1286	9513894	9515256	0	813	TE4_v1
AL7G31500	scaffold_7_RagTag:1-29301300	79.941	683	109	15	546	1213	9519021	9519690	4.65e-133	477	TE4_v1
AL7G31500	scaffold_7_RagTag:1-29301300	78.406	690	116	18	546	1213	9516433	9517111	2.86e-115	418	TE4_v1
AL7G31500	scaffold_7_RagTag:1-29301300	77.312	692	120	26	546	1213	9512092	9512770	6.27e-102	374	TE4_v1
AL7G31500	scaffold_7_RagTag:1-29301300	91.837	245	20	0	544	788	9178673	9178429	1.77e-92	342	TE4_v1
AL7G31500	scaffold_7_RagTag:1-29301300	84.011	369	40	8	862	1213	9505954	9506320	8.23e-91	337	TE4_v1
AL7G31500	scaffold_7_RagTag:1-29301300	83.155	374	47	9	856	1216	9498658	9499028	4.95e-88	327	TE4_v1
AL7G31500	scaffold_7_RagTag:1-29301300	83.286	353	53	2	862	1208	9254189	9253837	8.28e-86	320	TE4_v1
AL7G31500	scaffold_7_RagTag:1-29301300	81.048	248	43	3	848	1095	9501758	9501515	5.24e-48	195	TE4_v1
AL7G31500	scaffold_7_RagTag:1-29301300	81.437	167	28	2	600	764	9518205	9518370	1.16e-29	134	TE4_v1
AL7G31500	scaffold_7_RagTag:1-29301300	77.143	245	45	5	546	780	9254550	9254307	4.17e-29	132	TE4_v1
AL7G31500	scaffold_1_RagTag:94989-32092331	82.47	502	66	12	551	1035	29884432	29883936	7.94e-116	420	TE4_v1
AL7G31510	scaffold_7_RagTag:1-29301300	94.399	732	37	3	66	795	9516492	9517221	0	1122	TE4_v1
AL7G31510	scaffold_7_RagTag:1-29301300	96.29	620	23	0	66	685	9512151	9512770	0	1018	TE4_v1
AL7G31510	scaffold_7_RagTag:1-29301300	81.52	671	88	22	71	708	9254476	9253809	4.64e-146	520	TE4_v1
AL7G31510	scaffold_7_RagTag:1-29301300	80.398	653	88	24	66	685	9507149	9507794	2.85e-128	460	TE4_v1
AL7G31510	scaffold_7_RagTag:1-29301300	80.125	639	103	19	68	685	9503824	9504459	1.33e-126	455	TE4_v1
AL7G31510	scaffold_7_RagTag:1-29301300	79.745	627	101	16	64	683	9163170	9162563	2.24e-119	431	TE4_v1
AL7G31510	scaffold_7_RagTag:1-29301300	78.825	647	103	19	68	685	9498383	9499024	1.36e-111	405	TE4_v1
AL7G31510	scaffold_7_RagTag:1-29301300	84.466	412	46	9	345	742	9519338	9519745	3.8e-107	390	TE4_v1
AL7G31510	scaffold_7_RagTag:1-29301300	78.481	632	104	21	64	685	9510234	9510843	1.77e-105	385	TE4_v1
AL7G31510	scaffold_7_RagTag:1-29301300	83.849	291	47	0	273	563	9501811	9501521	3.08e-73	278	TE4_v1
AL7G31510	scaffold_7_RagTag:1-29301300	80.952	357	51	9	345	685	9514826	9515181	6.68e-70	267	TE4_v1
AL7G31510	scaffold_7_RagTag:1-29301300	83.721	172	25	3	65	234	9501192	9501362	1.17e-37	159	TE4_v1
AL7G31510	scaffold_7_RagTag:1-29301300	80.874	183	35	0	64	246	9178613	9178431	3.26e-33	145	TE4_v1
AL7G31510	scaffold_7_RagTag:1-29301300	100	69	0	0	1	69	14376173	14376241	3.29e-28	128	TE4_v1
AL7G31510	scaffold_7_RagTag:1-29301300	100	69	0	0	1	69	22770064	22770132	3.29e-28	128	TE4_v1
AL7G31510	scaffold_7_RagTag:1-29301300	98.571	70	1	0	1	70	26728502	26728433	4.25e-27	124	TE4_v1
AL7G31510	scaffold_7_RagTag:1-29301300	98.529	68	1	0	1	68	16647674	16647607	5.5e-26	121	TE4_v1
AL7G31510	scaffold_7_RagTag:1-29301300	97.183	71	2	0	1	71	21196268	21196198	5.5e-26	121	TE4_v1
AL7G31510	scaffold_7_RagTag:1-29301300	98.529	68	1	0	1	68	25818288	25818355	5.5e-26	121	TE4_v1
AL7G31510	scaffold_7_RagTag:1-29301300	98.529	68	1	0	1	68	25945404	25945337	5.5e-26	121	TE4_v1
AL7G31510	scaffold_7_RagTag:1-29301300	97.143	70	2	0	1	70	21089699	21089768	1.98e-25	119	TE4_v1
AL7G31510	scaffold_7_RagTag:1-29301300	97.059	68	2	0	1	68	11439611	11439678	2.56e-24	115	TE4_v1
AL7G31510	scaffold_7_RagTag:1-29301300	100	62	0	0	1	62	16390438	16390377	2.56e-24	115	TE4_v1
AL7G31510	scaffold_7_RagTag:1-29301300	96.97	66	2	0	1	66	15259592	15259527	3.31e-23	111	TE4_v1
AL7G31510	scaffold_7_RagTag:1-29301300	95.652	69	3	0	2	70	15467550	15467482	3.31e-23	111	TE4_v1
AL7G31510	scaffold_7_RagTag:1-29301300	95.455	66	3	0	1	66	21885955	21886020	1.54e-21	106	TE4_v1
AL7G31510	scaffold_7_RagTag:1-29301300	98.077	52	1	0	17	68	9317569	9317518	4.31e-17	91.6	TE4_v1
AL7G31510	scaffold_7_RagTag:1-29301300	94.34	53	2	1	14	66	7180740	7180689	9.34e-14	80.5	TE4_v1
AL7G31510	scaffold_7_RagTag:1-29301300	97.059	34	1	0	1	34	7181352	7181319	4.37e-07	58.4	TE4_v1
AL7G31510	scaffold_7_RagTag:1-29301300	97.059	34	1	0	1	34	7201871	7201838	4.37e-07	58.4	TE4_v1
AL7G31510	scaffold_6_RagTag:0-26949342	100	70	0	0	1	70	149476	149545	9.14e-29	130	TE4_v1
AL7G31510	scaffold_6_RagTag:0-26949342	100	66	0	0	1	66	14114918	14114983	1.53e-26	122	TE4_v1
AL7G31510	scaffold_6_RagTag:0-26949342	98.551	69	1	0	1	69	26944693	26944761	1.53e-26	122	TE4_v1
AL7G31510	scaffold_6_RagTag:0-26949342	98.485	66	1	0	1	66	11944637	11944702	7.12e-25	117	TE4_v1
AL7G31510	scaffold_6_RagTag:0-26949342	98.485	66	1	0	1	66	24019997	24019932	7.12e-25	117	TE4_v1
AL7G31510	scaffold_6_RagTag:0-26949342	98.485	66	1	0	1	66	24399814	24399879	7.12e-25	117	TE4_v1
AL7G31510	scaffold_6_RagTag:0-26949342	97.059	68	2	0	1	68	22889321	22889254	2.56e-24	115	TE4_v1
AL7G31510	scaffold_6_RagTag:0-26949342	96.97	66	2	0	1	66	8464889	8464954	3.31e-23	111	TE4_v1
AL7G31510	scaffold_6_RagTag:0-26949342	95.588	68	3	0	1	68	10238773	10238840	1.19e-22	110	TE4_v1
AL7G31510	scaffold_6_RagTag:0-26949342	97.222	36	1	0	13	48	2204819	2204854	3.38e-08	62.1	TE4_v1
AL7G31510	scaffold_8_RagTag:237858-24797477	100	69	0	0	1	69	3022874	3022806	3.29e-28	128	TE4_v1
AL7G31510	scaffold_8_RagTag:237858-24797477	98.592	71	1	0	1	71	22471883	22471813	1.18e-27	126	TE4_v1
AL7G31510	scaffold_8_RagTag:237858-24797477	97.015	67	2	0	1	67	18935002	18935068	9.21e-24	113	TE4_v1
AL7G31510	scaffold_8_RagTag:237858-24797477	90.789	76	7	0	1	76	3275402	3275327	1.99e-20	102	TE4_v1
AL7G31510	scaffold_8_RagTag:237858-24797477	92.857	70	5	0	1	70	4970258	4970189	1.99e-20	102	TE4_v1
AL7G31510	scaffold_8_RagTag:237858-24797477	90.625	64	6	0	5	68	4132422	4132485	2.01e-15	86.1	TE4_v1
AL7G31510	scaffold_8_RagTag:237858-24797477	84.615	65	0	1	5	69	18797968	18797914	1.57e-06	56.5	TE4_v1
AL7G31510	scaffold_5_RagTag:29852-15762170	100	69	0	0	1	69	22191503	22191571	3.29e-28	128	TE4_v1
AL7G31510	scaffold_5_RagTag:29852-15762170	97.222	72	2	0	1	72	781860	781789	1.53e-26	122	TE4_v1
AL7G31510	scaffold_5_RagTag:29852-15762170	95.89	73	2	1	1	72	5495991	5496063	7.12e-25	117	TE4_v1
AL7G31510	scaffold_5_RagTag:29852-15762170	97.101	69	2	0	1	69	16853372	16853304	7.12e-25	117	TE4_v1
AL7G31510	scaffold_5_RagTag:29852-15762170	96.97	66	2	0	1	66	1982938	1983003	3.31e-23	111	TE4_v1
AL7G31510	scaffold_5_RagTag:29852-15762170	95.455	66	3	0	1	66	6581532	6581467	1.54e-21	106	TE4_v1
AL7G31510	scaffold_5_RagTag:29852-15762170	90.411	73	5	2	1	72	4144263	4144192	3.33e-18	95.3	TE4_v1
AL7G31510	scaffold_1_RagTag:94989-32092331	100	69	0	0	1	69	6838006	6838074	3.29e-28	128	TE4_v1
AL7G31510	scaffold_1_RagTag:94989-32092331	100	66	0	0	1	66	6880317	6880382	1.53e-26	122	TE4_v1
AL7G31510	scaffold_1_RagTag:94989-32092331	100	66	0	0	1	66	6923953	6924018	1.53e-26	122	TE4_v1
AL7G31510	scaffold_1_RagTag:94989-32092331	100	66	0	0	1	66	13552897	13552832	1.53e-26	122	TE4_v1
AL7G31510	scaffold_1_RagTag:94989-32092331	98.485	66	1	0	1	66	26009968	26009903	7.12e-25	117	TE4_v1
AL7G31510	scaffold_1_RagTag:94989-32092331	94.667	75	2	2	1	75	9499111	9499039	2.56e-24	115	TE4_v1
AL7G31510	scaffold_1_RagTag:94989-32092331	98.438	64	1	0	1	64	6856897	6856834	9.21e-24	113	TE4_v1
AL7G31510	scaffold_1_RagTag:94989-32092331	98.438	64	1	0	1	64	6900357	6900294	9.21e-24	113	TE4_v1
AL7G31510	scaffold_1_RagTag:94989-32092331	95.455	66	3	0	1	66	26020248	26020313	1.54e-21	106	TE4_v1
AL7G31510	scaffold_1_RagTag:94989-32092331	87.692	65	8	0	5	69	8692764	8692700	1.21e-12	76.8	TE4_v1
AL7G31510	scaffold_1_RagTag:94989-32092331	91.667	48	4	0	17	64	14892395	14892348	7.27e-10	67.6	TE4_v1
AL7G31510	scaffold_1_RagTag:94989-32092331	97.059	34	1	0	1	34	26308905	26308872	4.37e-07	58.4	TE4_v1
AL7G31510	scaffold_4_RagTag:329527-26177039	100	68	0	0	1	68	24549623	24549556	1.18e-27	126	TE4_v1
AL7G31510	scaffold_4_RagTag:329527-26177039	98.592	71	1	0	1	71	25418838	25418768	1.18e-27	126	TE4_v1
AL7G31510	scaffold_4_RagTag:329527-26177039	100	67	0	0	1	67	25227155	25227089	4.25e-27	124	TE4_v1
AL7G31510	scaffold_4_RagTag:329527-26177039	98.529	68	1	0	1	68	16598550	16598483	5.5e-26	121	TE4_v1
AL7G31510	scaffold_4_RagTag:329527-26177039	98.529	68	1	0	1	68	16602294	16602227	5.5e-26	121	TE4_v1
AL7G31510	scaffold_4_RagTag:329527-26177039	97.101	69	2	0	1	69	3672314	3672246	7.12e-25	117	TE4_v1
AL7G31510	scaffold_4_RagTag:329527-26177039	98.485	66	1	0	1	66	4373656	4373721	7.12e-25	117	TE4_v1
AL7G31510	scaffold_4_RagTag:329527-26177039	97.101	69	2	0	1	69	17558219	17558287	7.12e-25	117	TE4_v1
AL7G31510	scaffold_4_RagTag:329527-26177039	97.015	67	2	0	1	67	6446509	6446575	9.21e-24	113	TE4_v1
AL7G31510	scaffold_4_RagTag:329527-26177039	95.652	69	3	0	1	69	1685389	1685321	3.31e-23	111	TE4_v1
AL7G31510	scaffold_4_RagTag:329527-26177039	96.61	59	1	1	17	75	4838679	4838622	9.27e-19	97.1	TE4_v1
AL7G31510	scaffold_4_RagTag:329527-26177039	94.545	55	3	0	13	67	12522881	12522827	2.01e-15	86.1	TE4_v1
AL7G31510	scaffold_2_RagTag:113346-24308598	100	68	0	0	1	68	16254267	16254200	1.18e-27	126	TE4_v1
AL7G31510	scaffold_2_RagTag:113346-24308598	98.485	66	1	0	1	66	4656012	4655947	7.12e-25	117	TE4_v1
AL7G31510	scaffold_2_RagTag:113346-24308598	97.101	69	2	0	1	69	5163643	5163575	7.12e-25	117	TE4_v1
AL7G31510	scaffold_2_RagTag:113346-24308598	95.775	71	3	0	1	71	20037528	20037458	2.56e-24	115	TE4_v1
AL7G31510	scaffold_2_RagTag:113346-24308598	95.455	66	3	0	1	66	3795309	3795374	1.54e-21	106	TE4_v1
AL7G31510	scaffold_2_RagTag:113346-24308598	96.364	55	2	0	13	67	18158099	18158153	4.31e-17	91.6	TE4_v1
AL7G31510	scaffold_3_RagTag:1-25320414	98.571	70	1	0	1	70	13389865	13389796	4.25e-27	124	TE4_v1
AL7G31510	scaffold_3_RagTag:1-25320414	97.183	71	2	0	1	71	8611186	8611116	5.5e-26	121	TE4_v1
AL7G31510	scaffold_3_RagTag:1-25320414	98.485	66	1	0	1	66	7568821	7568886	7.12e-25	117	TE4_v1
AL7G31510	scaffold_3_RagTag:1-25320414	98.485	66	1	0	1	66	7624995	7624930	7.12e-25	117	TE4_v1
AL7G31510	scaffold_3_RagTag:1-25320414	98.485	66	1	0	1	66	25248652	25248587	7.12e-25	117	TE4_v1
AL7G31510	scaffold_3_RagTag:1-25320414	97.059	68	2	0	1	68	10337192	10337125	2.56e-24	115	TE4_v1
AL7G31510	scaffold_3_RagTag:1-25320414	97.059	68	2	0	1	68	10338252	10338319	2.56e-24	115	TE4_v1
AL7G31510	scaffold_3_RagTag:1-25320414	98.438	64	1	0	1	64	25790626	25790563	9.21e-24	113	TE4_v1
AL7G31510	scaffold_3_RagTag:1-25320414	96.97	66	2	0	1	66	25041232	25041297	3.31e-23	111	TE4_v1
AL7G31510	scaffold_3_RagTag:1-25320414	95.588	68	3	0	1	68	15139422	15139355	1.19e-22	110	TE4_v1
AL7G31510	scaffold_3_RagTag:1-25320414	95.455	66	3	0	1	66	10311719	10311784	1.54e-21	106	TE4_v1
AL7G31510	scaffold_3_RagTag:1-25320414	93.151	73	4	1	1	72	15138198	15138126	1.54e-21	106	TE4_v1
AL7G31520	scaffold_7_RagTag:1-29301300	97.603	2295	17	8	1	2282	9517500	9519769	0	3899	TE4_v1
AL7G31520	scaffold_7_RagTag:1-29301300	85.666	1186	127	14	1053	2203	9514004	9515181	0	1208	TE4_v1
AL7G31520	scaffold_7_RagTag:1-29301300	82.133	694	107	11	1523	2212	9163232	9162552	2.22e-163	579	TE4_v1
AL7G31520	scaffold_7_RagTag:1-29301300	81.085	682	110	12	1527	2203	9510176	9510843	8.14e-148	527	TE4_v1
AL7G31520	scaffold_7_RagTag:1-29301300	82.816	419	53	8	1846	2258	9516763	9517168	1.13e-96	357	TE4_v1
AL7G31520	scaffold_7_RagTag:1-29301300	84.031	382	47	9	1841	2212	9498656	9499033	4.07e-96	355	TE4_v1
AL7G31520	scaffold_7_RagTag:1-29301300	81.915	376	52	10	1842	2212	9504104	9504468	1.49e-80	303	TE4_v1
AL7G31520	scaffold_7_RagTag:1-29301300	81.6	375	51	13	1842	2204	9507427	9507795	8.99e-78	294	TE4_v1
AL7G31520	scaffold_7_RagTag:1-29301300	84.116	277	39	5	1517	1791	9178680	9178407	2.54e-68	263	TE4_v1
AL7G31520	scaffold_7_RagTag:1-29301300	87.124	233	29	1	1524	1756	9516430	9516661	2.54e-68	263	TE4_v1
AL7G31520	scaffold_7_RagTag:1-29301300	82.449	245	33	9	1524	1760	9498312	9498554	4.33e-51	206	TE4_v1
AL7G31520	scaffold_7_RagTag:1-29301300	82.231	242	30	8	1523	1753	9254554	9254315	2.61e-48	196	TE4_v1
AL7G31520	scaffold_7_RagTag:1-29301300	95	60	1	2	568	626	9518146	9518204	3.52e-17	93.5	TE4_v1
AL7G31520	scaffold_7_RagTag:1-29301300	97.436	39	1	0	588	626	9518136	9518174	2.13e-09	67.6	TE4_v1
AL7G31520	scaffold_7_RagTag:1-29301300	94.872	39	2	0	639	677	9518085	9518123	9.93e-08	62.1	TE4_v1
AL7G31520	scaffold_1_RagTag:94989-32092331	77.284	1237	179	53	1048	2209	29884926	29883717	4.66e-180	634	TE4_v1
AL8G44570	scaffold_8_RagTag:237858-24797477	93.722	446	16	6	5	445	24126470	24126908	0	658	TE4_v1
AL8G44570	scaffold_8_RagTag:237858-24797477	99.242	132	1	0	443	574	24126946	24127077	1.04e-61	239	TE4_v1
AL1G60840	scaffold_1_RagTag:13975-33400674	94.854	719	29	3	700	1416	31335638	31336350	0	1116	TE8_v1
AL1G60840	scaffold_1_RagTag:13975-33400674	94.723	379	17	2	1419	1794	31336379	31336757	1.03e-165	586	TE8_v1
AL1G60840	scaffold_1_RagTag:13975-33400674	84.697	379	30	9	169	533	17819547	17819183	1.14e-95	353	TE8_v1
AL1G60840	scaffold_7_RagTag:0-28571223	78.279	953	141	34	872	1783	9348627	9347700	1.05e-155	553	TE8_v1
AL1G60840	scaffold_7_RagTag:0-28571223	78.344	942	136	34	862	1794	9338315	9337433	4.87e-154	547	TE8_v1
AL1G60840	scaffold_7_RagTag:0-28571223	77.601	942	143	36	862	1794	9015367	9016249	2.3e-142	508	TE8_v1
AL1G60840	scaffold_7_RagTag:0-28571223	79.622	687	78	30	700	1368	9342798	9342156	1.1e-120	436	TE8_v1
AL1G60840	scaffold_7_RagTag:0-28571223	76.868	696	107	29	1132	1789	9334978	9334299	6.86e-93	344	TE8_v1
AL1G60840	scaffold_7_RagTag:0-28571223	83.29	383	38	14	162	524	14471203	14471579	1.92e-88	329	TE8_v1
AL1G60840	scaffold_7_RagTag:0-28571223	82.848	309	44	4	1425	1727	9342078	9341773	4.25e-70	268	TE8_v1
AL1G60840	scaffold_7_RagTag:0-28571223	83.681	288	23	6	701	988	9333726	9333463	1.54e-64	250	TE8_v1
AL1G60840	scaffold_7_RagTag:0-28571223	85.169	236	28	7	1137	1370	9345766	9345536	4.31e-60	235	TE8_v1
AL1G60840	scaffold_7_RagTag:0-28571223	84.979	233	31	3	1132	1363	9016772	9017001	1.55e-59	233	TE8_v1
AL1G60840	scaffold_7_RagTag:0-28571223	81.915	282	21	11	701	982	9075559	9075810	7.26e-53	211	TE8_v1
AL1G60840	scaffold_7_RagTag:0-28571223	82.427	239	33	7	1140	1370	9075989	9076226	1.57e-49	200	TE8_v1
AL1G60840	scaffold_7_RagTag:0-28571223	94.215	121	7	0	862	982	9346044	9345924	4.4e-45	185	TE8_v1
AL1G60840	scaffold_7_RagTag:0-28571223	78.846	260	49	6	1125	1379	9312700	9312442	1.23e-40	171	TE8_v1
AL1G60840	scaffold_7_RagTag:0-28571223	90.323	124	12	0	700	823	9338441	9338318	2.06e-38	163	TE8_v1
AL1G60840	scaffold_7_RagTag:0-28571223	90.083	121	12	0	862	982	9320321	9320201	9.59e-37	158	TE8_v1
AL1G60840	scaffold_7_RagTag:0-28571223	90.179	112	11	0	700	811	9015241	9015352	2.08e-33	147	TE8_v1
AL1G60840	scaffold_7_RagTag:0-28571223	83.916	143	19	3	700	840	9353609	9353469	1.62e-29	134	TE8_v1
AL1G60840	scaffold_4_RagTag:825599-25061996	85.385	390	35	13	162	534	11913929	11913545	4.04e-105	385	TE8_v1
AL1G60840	scaffold_4_RagTag:825599-25061996	80.925	173	9	11	178	326	4673398	4673570	5.85e-24	115	TE8_v1
AL1G60840	scaffold_5_RagTag:609893-23791649	82.927	164	9	10	178	326	6789201	6789360	2.09e-28	130	TE8_v1
AL1G60840	scaffold_5_RagTag:609893-23791649	82.927	164	9	10	178	326	6792018	6791859	2.09e-28	130	TE8_v1
AL6G37030	scaffold_6_RagTag:0-26335035	97.68	431	7	1	2	432	11956099	11956526	0	737	TE8_v1
AL7G30780	scaffold_7_RagTag:0-28571223	98.608	1437	15	2	1	1435	9014895	9016328	0	2538	TE8_v1
AL7G30780	scaffold_7_RagTag:0-28571223	91.222	1105	90	6	301	1401	9338488	9337387	0	1496	TE8_v1
AL7G30780	scaffold_7_RagTag:0-28571223	85.552	706	73	18	298	975	9342848	9342144	0	712	TE8_v1
AL7G30780	scaffold_7_RagTag:0-28571223	85.259	502	63	7	484	975	9348627	9348127	6.59e-142	507	TE8_v1
AL7G30780	scaffold_7_RagTag:0-28571223	79.509	693	105	22	298	966	9346214	9345535	1.87e-127	459	TE8_v1
AL7G30780	scaffold_7_RagTag:0-28571223	77.644	747	133	22	244	966	9340475	9339739	6.82e-117	424	TE8_v1
AL7G30780	scaffold_7_RagTag:0-28571223	84.767	407	51	9	259	661	9325670	9325271	4.14e-109	398	TE8_v1
AL7G30780	scaffold_7_RagTag:0-28571223	94.715	246	13	0	721	966	9016764	9017009	1.16e-104	383	TE8_v1
AL7G30780	scaffold_7_RagTag:0-28571223	83.784	407	51	6	259	653	9313199	9312796	2.51e-101	372	TE8_v1
AL7G30780	scaffold_7_RagTag:0-28571223	82.217	433	59	10	244	661	9335498	9335069	7.02e-97	357	TE8_v1
AL7G30780	scaffold_7_RagTag:0-28571223	84.324	370	45	5	291	647	9333785	9333416	1.17e-94	350	TE8_v1
AL7G30780	scaffold_7_RagTag:0-28571223	83.014	365	53	5	291	647	9075500	9075863	2.56e-86	322	TE8_v1
AL7G30780	scaffold_7_RagTag:0-28571223	82.7	237	34	4	244	476	9311654	9311421	9.68e-51	204	TE8_v1
AL7G30780	scaffold_7_RagTag:0-28571223	80.08	251	37	7	729	968	9075981	9076229	7.59e-42	174	TE8_v1
AL7G30780	scaffold_7_RagTag:0-28571223	83.784	185	27	3	291	473	9353667	9353484	2.73e-41	172	TE8_v1
AL7G30780	scaffold_1_RagTag:13975-33400674	83.865	502	59	12	474	958	31335800	31336296	1.87e-127	459	TE8_v1
AL7G31470	scaffold_7_RagTag:0-28571223	97.99	1244	16	1	1	1235	9311974	9313217	0	2150	TE8_v1
AL7G31470	scaffold_7_RagTag:0-28571223	85.638	1121	138	11	125	1235	9324581	9325688	0	1157	TE8_v1
AL7G31470	scaffold_7_RagTag:0-28571223	77.517	1192	203	41	23	1189	9332637	9333788	0	656	TE8_v1
AL7G31470	scaffold_7_RagTag:0-28571223	76.904	1208	205	56	4	1180	9345052	9346216	2.5e-175	617	TE8_v1
AL7G31470	scaffold_7_RagTag:0-28571223	76.936	1201	202	49	37	1185	9076677	9075500	3.24e-174	614	TE8_v1
AL7G31470	scaffold_7_RagTag:0-28571223	74.796	1226	233	61	28	1217	9334298	9335483	9.53e-135	483	TE8_v1
AL7G31470	scaffold_7_RagTag:0-28571223	85.678	398	51	3	823	1217	9015546	9015152	3.53e-114	414	TE8_v1
AL7G31470	scaffold_7_RagTag:0-28571223	84.932	365	48	6	823	1184	9338136	9338496	1.3e-98	363	TE8_v1
AL7G31470	scaffold_7_RagTag:0-28571223	83.11	373	53	6	821	1184	9342482	9342853	3.65e-89	331	TE8_v1
AL7G31470	scaffold_7_RagTag:0-28571223	81.416	226	32	4	1006	1224	9311424	9311646	1.81e-42	176	TE8_v1
AL7G31470	scaffold_7_RagTag:0-28571223	83.42	193	23	6	1003	1189	9353481	9353670	8.43e-41	171	TE8_v1
AL7G31470	scaffold_1_RagTag:13975-33400674	72.816	721	168	21	19	727	31336761	31336057	8.25e-56	220	TE8_v1
AL7G31480	scaffold_7_RagTag:0-28571223	99.008	1210	8	3	121	1329	9324563	9325769	0	2165	TE8_v1
AL7G31480	scaffold_7_RagTag:0-28571223	85.998	1307	146	17	35	1318	9311994	9313286	0	1365	TE8_v1
AL7G31480	scaffold_7_RagTag:0-28571223	77.349	1192	195	47	33	1191	9345067	9346216	0	636	TE8_v1
AL7G31480	scaffold_7_RagTag:0-28571223	75.962	1248	228	54	2	1196	9076728	9075500	4.58e-163	577	TE8_v1
AL7G31480	scaffold_7_RagTag:0-28571223	75.292	1283	241	61	19	1262	9334273	9335518	4.65e-153	544	TE8_v1
AL7G31480	scaffold_7_RagTag:0-28571223	78.611	720	123	26	556	1267	9339803	9340499	3.75e-124	448	TE8_v1
AL7G31480	scaffold_7_RagTag:0-28571223	83.885	453	55	14	829	1267	9015554	9015106	1.06e-114	416	TE8_v1
AL7G31480	scaffold_7_RagTag:0-28571223	81.769	373	53	8	836	1195	9342483	9342853	3.99e-79	298	TE8_v1
AL7G31480	scaffold_7_RagTag:0-28571223	99.265	136	1	0	1	136	9321540	9321675	1.47e-63	246	TE8_v1
AL7G31480	scaffold_7_RagTag:0-28571223	83.77	191	22	7	1016	1200	9353483	9353670	2.53e-41	172	TE8_v1
AL7G31480	scaffold_7_RagTag:0-28571223	82.873	181	28	2	875	1055	9320180	9320357	1.97e-37	159	TE8_v1
AL7G31490	scaffold_7_RagTag:0-28571223	97.606	1420	18	2	1	1420	9332526	9333929	0	2420	TE8_v1
AL7G31490	scaffold_7_RagTag:0-28571223	95.688	1438	35	6	1420	2840	9334130	9335557	0	2287	TE8_v1
AL7G31490	scaffold_7_RagTag:0-28571223	77.28	1272	217	49	1554	2799	9339268	9340493	0	682	TE8_v1
AL7G31490	scaffold_7_RagTag:0-28571223	77.909	1186	189	46	1570	2726	9345075	9346216	0	671	TE8_v1
AL7G31490	scaffold_7_RagTag:0-28571223	76.833	1282	213	48	38	1278	9311933	9313171	0	645	TE8_v1
AL7G31490	scaffold_7_RagTag:0-28571223	76.267	1302	214	47	42	1284	9076756	9075491	4.54e-171	604	TE8_v1
AL7G31490	scaffold_7_RagTag:0-28571223	76.028	997	202	21	109	1077	9339274	9340261	2.22e-134	483	TE8_v1
AL7G31490	scaffold_7_RagTag:0-28571223	79.291	705	120	16	1555	2248	9347678	9348367	1.73e-130	470	TE8_v1
AL7G31490	scaffold_7_RagTag:0-28571223	74.77	1197	224	52	1561	2727	9332632	9333780	2.23e-129	466	TE8_v1
AL7G31490	scaffold_7_RagTag:0-28571223	75.603	1037	198	35	77	1074	9345034	9346054	2.89e-128	462	TE8_v1
AL7G31490	scaffold_7_RagTag:0-28571223	74.156	1273	247	61	1571	2801	9312001	9313233	1.74e-125	453	TE8_v1
AL7G31490	scaffold_7_RagTag:0-28571223	74.092	1212	230	55	1565	2722	9076691	9075510	4.91e-116	422	TE8_v1
AL7G31490	scaffold_7_RagTag:0-28571223	74.409	1016	198	44	107	1081	9334288	9335282	2.99e-103	379	TE8_v1
AL7G31490	scaffold_7_RagTag:0-28571223	79.633	545	96	11	545	1074	9324924	9325468	1.08e-102	377	TE8_v1
AL7G31490	scaffold_7_RagTag:0-28571223	79.79	381	59	11	2359	2730	9342483	9342854	1.13e-67	261	TE8_v1
AL7G31490	scaffold_7_RagTag:0-28571223	93.452	168	8	1	38	205	9321121	9321285	3.17e-63	246	TE8_v1
AL7G31490	scaffold_7_RagTag:0-28571223	90.395	177	15	1	1095	1269	9311424	9311600	8.87e-59	231	TE8_v1
AL7G31490	scaffold_7_RagTag:0-28571223	89.831	177	18	0	1093	1269	9338317	9338493	1.15e-57	228	TE8_v1
AL7G31490	scaffold_7_RagTag:0-28571223	89.385	179	17	2	1101	1278	9015357	9015180	1.48e-56	224	TE8_v1
AL7G31490	scaffold_7_RagTag:0-28571223	73.517	691	139	28	119	781	9347695	9348369	5.34e-56	222	TE8_v1
AL7G31490	scaffold_7_RagTag:0-28571223	83.544	237	36	2	2555	2789	9311427	9311662	6.91e-55	219	TE8_v1
AL7G31490	scaffold_7_RagTag:0-28571223	86.127	173	24	0	1098	1270	9335272	9335444	1.95e-45	187	TE8_v1
AL7G31490	scaffold_7_RagTag:0-28571223	84.571	175	25	2	189	361	9324554	9324728	5.45e-41	172	TE8_v1
AL7G31490	scaffold_7_RagTag:0-28571223	84.516	155	24	0	923	1077	9320180	9320334	1.98e-35	154	TE8_v1
AL7G31490	scaffold_7_RagTag:0-28571223	82.514	183	20	6	2359	2538	9348454	9348627	2.56e-34	150	TE8_v1
AL7G31490	scaffold_1_RagTag:13975-33400674	85.014	347	42	3	938	1275	31335926	31335581	1.09e-92	344	TE8_v1
AL7G31500	scaffold_7_RagTag:0-28571223	98.523	1286	18	1	1	1286	9337282	9338566	0	2268	TE8_v1
AL7G31500	scaffold_7_RagTag:0-28571223	91.065	1108	92	6	107	1211	9016294	9015191	0	1491	TE8_v1
AL7G31500	scaffold_7_RagTag:0-28571223	78.686	1370	185	53	18	1286	9341562	9342925	0	813	TE8_v1
AL7G31500	scaffold_7_RagTag:0-28571223	78.482	962	135	31	133	1025	9347669	9348627	3.45e-159	564	TE8_v1
AL7G31500	scaffold_7_RagTag:0-28571223	78.613	692	111	22	546	1213	9345538	9346216	6.11e-117	424	TE8_v1
AL7G31500	scaffold_7_RagTag:0-28571223	77.569	691	120	24	546	1213	9339742	9340420	2.88e-105	385	TE8_v1
AL7G31500	scaffold_7_RagTag:0-28571223	92.653	245	18	0	544	788	9017008	9016764	8.13e-96	353	TE8_v1
AL7G31500	scaffold_7_RagTag:0-28571223	84.699	366	40	8	862	1213	9333416	9333779	2.92e-95	351	TE8_v1
AL7G31500	scaffold_7_RagTag:0-28571223	83.155	374	47	9	856	1216	9312796	9313166	4.93e-88	327	TE8_v1
AL7G31500	scaffold_7_RagTag:0-28571223	83.286	353	53	2	862	1208	9075863	9075511	8.24e-86	320	TE8_v1
AL7G31500	scaffold_7_RagTag:0-28571223	86.441	177	24	0	1037	1213	9353485	9353661	5.21e-48	195	TE8_v1
AL7G31500	scaffold_7_RagTag:0-28571223	85.083	181	25	1	1039	1217	9311424	9311604	1.13e-44	183	TE8_v1
AL7G31500	scaffold_7_RagTag:0-28571223	82.178	202	32	3	894	1095	9320180	9320377	8.78e-41	171	TE8_v1
AL7G31500	scaffold_7_RagTag:0-28571223	77.551	245	44	5	546	780	9076224	9075981	8.91e-31	137	TE8_v1
AL7G31500	scaffold_7_RagTag:0-28571223	79.882	169	30	2	600	764	9347320	9347488	8.97e-26	121	TE8_v1
AL7G31500	scaffold_1_RagTag:13975-33400674	82.47	502	66	12	551	1035	31336296	31335800	7.9e-116	420	TE8_v1
AL7G31510	scaffold_7_RagTag:0-28571223	94.399	732	37	3	66	795	9345597	9346326	0	1122	TE8_v1
AL7G31510	scaffold_7_RagTag:0-28571223	95.806	620	26	0	66	685	9339801	9340420	0	1002	TE8_v1
AL7G31510	scaffold_7_RagTag:0-28571223	81.52	671	88	22	71	708	9076150	9075483	4.62e-146	520	TE8_v1
AL7G31510	scaffold_7_RagTag:0-28571223	79.969	639	104	19	68	685	9324998	9325633	6.15e-125	449	TE8_v1
AL7G31510	scaffold_7_RagTag:0-28571223	79.848	660	98	21	53	685	9334792	9335443	6.15e-125	449	TE8_v1
AL7G31510	scaffold_7_RagTag:0-28571223	79.426	627	103	16	64	683	9015798	9015191	4.82e-116	420	TE8_v1
AL7G31510	scaffold_7_RagTag:0-28571223	78.825	647	103	19	68	685	9312521	9313162	1.35e-111	405	TE8_v1
AL7G31510	scaffold_7_RagTag:0-28571223	78.639	632	103	21	64	685	9337884	9338493	3.78e-107	390	TE8_v1
AL7G31510	scaffold_7_RagTag:0-28571223	80.952	357	51	9	345	685	9342495	9342850	6.64e-70	267	TE8_v1
AL7G31510	scaffold_7_RagTag:0-28571223	86.207	232	25	5	515	742	9353488	9353716	3.11e-63	244	TE8_v1
AL7G31510	scaffold_7_RagTag:0-28571223	86.458	192	26	0	372	563	9320180	9320371	3.16e-53	211	TE8_v1
AL7G31510	scaffold_7_RagTag:0-28571223	98.667	75	1	0	1	75	17726919	17726993	7.03e-30	134	TE8_v1
AL7G31510	scaffold_7_RagTag:0-28571223	100	69	0	0	1	69	23420153	23420221	3.27e-28	128	TE8_v1
AL7G31510	scaffold_7_RagTag:0-28571223	98.571	70	1	0	1	70	12351429	12351360	4.23e-27	124	TE8_v1
AL7G31510	scaffold_7_RagTag:0-28571223	96.053	76	3	0	1	76	16748528	16748603	4.23e-27	124	TE8_v1
AL7G31510	scaffold_7_RagTag:0-28571223	100	66	0	0	1	66	3186114	3186179	1.52e-26	122	TE8_v1
AL7G31510	scaffold_7_RagTag:0-28571223	100	66	0	0	1	66	8577680	8577745	1.52e-26	122	TE8_v1
AL7G31510	scaffold_7_RagTag:0-28571223	96	75	1	2	1	75	3308422	3308350	5.47e-26	121	TE8_v1
AL7G31510	scaffold_7_RagTag:0-28571223	97.183	71	2	0	1	71	21086981	21086911	5.47e-26	121	TE8_v1
AL7G31510	scaffold_7_RagTag:0-28571223	97.143	70	2	0	1	70	20967915	20967984	1.97e-25	119	TE8_v1
AL7G31510	scaffold_7_RagTag:0-28571223	97.101	69	2	0	1	69	11576211	11576143	7.08e-25	117	TE8_v1
AL7G31510	scaffold_7_RagTag:0-28571223	98.485	66	1	0	1	66	13848620	13848555	7.08e-25	117	TE8_v1
AL7G31510	scaffold_7_RagTag:0-28571223	97.059	68	2	0	1	68	11232126	11232193	2.55e-24	115	TE8_v1
AL7G31510	scaffold_7_RagTag:0-28571223	100	62	0	0	1	62	16361857	16361796	2.55e-24	115	TE8_v1
AL7G31510	scaffold_7_RagTag:0-28571223	94.03	67	4	0	1	67	24200698	24200632	1.98e-20	102	TE8_v1
AL7G31510	scaffold_7_RagTag:0-28571223	93.75	64	4	0	3	66	21707006	21707069	9.22e-19	97.1	TE8_v1
AL7G31510	scaffold_7_RagTag:0-28571223	98.077	52	1	0	17	68	9146741	9146690	4.29e-17	91.6	TE8_v1
AL7G31510	scaffold_7_RagTag:0-28571223	89.706	68	7	0	1	68	17192850	17192783	5.55e-16	87.9	TE8_v1
AL7G31510	scaffold_3_RagTag:1-26654334	100	69	0	0	1	69	19135160	19135092	3.27e-28	128	TE8_v1
AL7G31510	scaffold_3_RagTag:1-26654334	98.592	71	0	1	2	72	14491746	14491815	4.23e-27	124	TE8_v1
AL7G31510	scaffold_3_RagTag:1-26654334	98.485	66	1	0	1	66	25826824	25826889	7.08e-25	117	TE8_v1
AL7G31510	scaffold_3_RagTag:1-26654334	97.101	69	1	1	1	68	13948713	13948645	2.55e-24	115	TE8_v1
AL7G31510	scaffold_3_RagTag:1-26654334	98.438	64	1	0	1	64	25736485	25736422	9.16e-24	113	TE8_v1
AL7G31510	scaffold_3_RagTag:1-26654334	95.455	66	3	0	1	66	10353687	10353752	1.53e-21	106	TE8_v1
AL7G31510	scaffold_3_RagTag:1-26654334	92.857	56	4	0	13	68	23606236	23606181	2.58e-14	82.4	TE8_v1
AL7G31510	scaffold_1_RagTag:13975-33400674	100	69	0	0	1	69	6680124	6680192	3.27e-28	128	TE8_v1
AL7G31510	scaffold_1_RagTag:13975-33400674	100	69	0	0	1	69	6768630	6768698	3.27e-28	128	TE8_v1
AL7G31510	scaffold_1_RagTag:13975-33400674	100	66	0	0	1	66	6722428	6722493	1.52e-26	122	TE8_v1
AL7G31510	scaffold_1_RagTag:13975-33400674	100	66	0	0	1	66	11708882	11708817	1.52e-26	122	TE8_v1
AL7G31510	scaffold_1_RagTag:13975-33400674	98.551	69	1	0	1	69	26669277	26669209	1.52e-26	122	TE8_v1
AL7G31510	scaffold_1_RagTag:13975-33400674	98.529	68	1	0	1	68	14787958	14788025	5.47e-26	121	TE8_v1
AL7G31510	scaffold_1_RagTag:13975-33400674	98.529	68	1	0	1	68	25251578	25251511	5.47e-26	121	TE8_v1
AL7G31510	scaffold_1_RagTag:13975-33400674	98.485	66	1	0	1	66	112911	112976	7.08e-25	117	TE8_v1
AL7G31510	scaffold_1_RagTag:13975-33400674	98.485	66	1	0	1	66	115599	115664	7.08e-25	117	TE8_v1
AL7G31510	scaffold_1_RagTag:13975-33400674	98.485	66	1	0	1	66	26872658	26872593	7.08e-25	117	TE8_v1
AL7G31510	scaffold_1_RagTag:13975-33400674	98.485	66	1	0	1	66	30823335	30823270	7.08e-25	117	TE8_v1
AL7G31510	scaffold_1_RagTag:13975-33400674	94.667	75	2	2	1	75	9435056	9434984	2.55e-24	115	TE8_v1
AL7G31510	scaffold_1_RagTag:13975-33400674	98.438	64	1	0	1	64	6699015	6698952	9.16e-24	113	TE8_v1
AL7G31510	scaffold_1_RagTag:13975-33400674	98.438	64	1	0	1	64	6745215	6745152	9.16e-24	113	TE8_v1
AL7G31510	scaffold_1_RagTag:13975-33400674	94.366	71	3	1	1	70	26087120	26087190	4.26e-22	108	TE8_v1
AL7G31510	scaffold_1_RagTag:13975-33400674	93.939	66	4	0	1	66	10360715	10360650	7.13e-20	100	TE8_v1
AL7G31510	scaffold_1_RagTag:13975-33400674	87.692	65	8	0	5	69	8591374	8591310	1.2e-12	76.8	TE8_v1
AL7G31510	scaffold_1_RagTag:13975-33400674	91.667	48	4	0	17	64	14963669	14963622	7.23e-10	67.6	TE8_v1
AL7G31510	scaffold_1_RagTag:13975-33400674	100	28	0	0	6	33	29494720	29494747	2.02e-05	52.8	TE8_v1
AL7G31510	scaffold_5_RagTag:609893-23791649	100	68	0	0	1	68	4190459	4190392	1.18e-27	126	TE8_v1
AL7G31510	scaffold_5_RagTag:609893-23791649	100	66	0	0	1	66	13278533	13278598	1.52e-26	122	TE8_v1
AL7G31510	scaffold_5_RagTag:609893-23791649	98.529	68	1	0	1	68	14727527	14727594	5.47e-26	121	TE8_v1
AL7G31510	scaffold_5_RagTag:609893-23791649	98.507	67	1	0	1	67	4362873	4362939	1.97e-25	119	TE8_v1
AL7G31510	scaffold_5_RagTag:609893-23791649	96.97	66	2	0	1	66	2119696	2119761	3.29e-23	111	TE8_v1
AL7G31510	scaffold_5_RagTag:609893-23791649	96.97	66	2	0	1	66	13016298	13016363	3.29e-23	111	TE8_v1
AL7G31510	scaffold_5_RagTag:609893-23791649	95.652	69	3	0	1	69	17274354	17274286	3.29e-23	111	TE8_v1
AL7G31510	scaffold_5_RagTag:609893-23791649	95.455	66	3	0	1	66	7130593	7130528	1.53e-21	106	TE8_v1
AL7G31510	scaffold_5_RagTag:609893-23791649	93.056	72	4	1	6	76	20736592	20736663	5.51e-21	104	TE8_v1
AL7G31510	scaffold_5_RagTag:609893-23791649	90.411	73	5	2	1	72	4429506	4429435	3.32e-18	95.3	TE8_v1
AL7G31510	scaffold_4_RagTag:825599-25061996	100	68	0	0	1	68	22874821	22874754	1.18e-27	126	TE8_v1
AL7G31510	scaffold_4_RagTag:825599-25061996	98.592	71	1	0	1	71	23816327	23816257	1.18e-27	126	TE8_v1
AL7G31510	scaffold_4_RagTag:825599-25061996	97.143	70	2	0	1	70	15404394	15404325	1.97e-25	119	TE8_v1
AL7G31510	scaffold_4_RagTag:825599-25061996	97.101	69	2	0	1	69	1636144	1636212	7.08e-25	117	TE8_v1
AL7G31510	scaffold_4_RagTag:825599-25061996	97.101	69	2	0	1	69	3491593	3491525	7.08e-25	117	TE8_v1
AL7G31510	scaffold_4_RagTag:825599-25061996	98.485	66	1	0	1	66	4240693	4240758	7.08e-25	117	TE8_v1
AL7G31510	scaffold_4_RagTag:825599-25061996	95.714	70	3	0	1	70	11962663	11962732	9.16e-24	113	TE8_v1
AL7G31510	scaffold_4_RagTag:825599-25061996	98.387	62	1	0	7	68	11917887	11917826	1.18e-22	110	TE8_v1
AL7G31510	scaffold_4_RagTag:825599-25061996	95.588	68	3	0	2	69	16039950	16040017	1.18e-22	110	TE8_v1
AL7G31510	scaffold_4_RagTag:825599-25061996	96.61	59	1	1	17	75	4681400	4681343	9.22e-19	97.1	TE8_v1
AL7G31510	scaffold_4_RagTag:825599-25061996	94.545	55	3	0	13	67	11075243	11075189	2e-15	86.1	TE8_v1
AL7G31510	scaffold_4_RagTag:825599-25061996	95.833	48	2	0	1	48	15742020	15741973	3.34e-13	78.7	TE8_v1
AL7G31510	scaffold_4_RagTag:825599-25061996	100	41	0	0	25	65	23633649	23633609	1.2e-12	76.8	TE8_v1
AL7G31510	scaffold_2_RagTag:0-23605790	100	68	0	0	1	68	15640409	15640342	1.18e-27	126	TE8_v1
AL7G31510	scaffold_2_RagTag:0-23605790	100	66	0	0	1	66	4741662	4741727	1.52e-26	122	TE8_v1
AL7G31510	scaffold_2_RagTag:0-23605790	98.551	69	1	0	1	69	5159528	5159460	1.52e-26	122	TE8_v1
AL7G31510	scaffold_2_RagTag:0-23605790	100	66	0	0	1	66	14608947	14609012	1.52e-26	122	TE8_v1
AL7G31510	scaffold_2_RagTag:0-23605790	97.143	70	2	0	1	70	2532151	2532082	1.97e-25	119	TE8_v1
AL7G31510	scaffold_2_RagTag:0-23605790	98.485	66	1	0	1	66	4710799	4710734	7.08e-25	117	TE8_v1
AL7G31510	scaffold_2_RagTag:0-23605790	94.737	76	2	2	1	76	16743819	16743892	7.08e-25	117	TE8_v1
AL7G31510	scaffold_2_RagTag:0-23605790	97.059	68	2	0	1	68	7169426	7169359	2.55e-24	115	TE8_v1
AL7G31510	scaffold_2_RagTag:0-23605790	95.775	71	3	0	1	71	19358910	19358840	2.55e-24	115	TE8_v1
AL7G31510	scaffold_2_RagTag:0-23605790	92.308	65	5	0	2	66	2081997	2082061	1.19e-17	93.5	TE8_v1
AL7G31510	scaffold_8_RagTag:0-24591694	100	66	0	0	1	66	7345910	7345975	1.52e-26	122	TE8_v1
AL7G31510	scaffold_8_RagTag:0-24591694	100	65	0	0	1	65	1618620	1618684	5.47e-26	121	TE8_v1
AL7G31510	scaffold_8_RagTag:0-24591694	98.529	68	1	0	1	68	11941187	11941254	5.47e-26	121	TE8_v1
AL7G31510	scaffold_8_RagTag:0-24591694	98.507	67	1	0	1	67	3396293	3396227	1.97e-25	119	TE8_v1
AL7G31510	scaffold_8_RagTag:0-24591694	97.059	68	2	0	1	68	1896420	1896353	2.55e-24	115	TE8_v1
AL7G31510	scaffold_8_RagTag:0-24591694	97.015	67	2	0	1	67	1908525	1908459	9.16e-24	113	TE8_v1
AL7G31510	scaffold_8_RagTag:0-24591694	96.923	65	2	0	1	65	6800651	6800715	1.18e-22	110	TE8_v1
AL7G31510	scaffold_8_RagTag:0-24591694	90.789	76	7	0	1	76	3677449	3677374	1.98e-20	102	TE8_v1
AL7G31510	scaffold_6_RagTag:0-26335035	96	75	1	2	1	75	6261213	6261141	5.47e-26	121	TE8_v1
AL7G31510	scaffold_6_RagTag:0-26335035	98.485	66	1	0	1	66	8441431	8441496	7.08e-25	117	TE8_v1
AL7G31510	scaffold_6_RagTag:0-26335035	98.485	66	1	0	1	66	8445811	8445876	7.08e-25	117	TE8_v1
AL7G31510	scaffold_6_RagTag:0-26335035	98.485	66	1	0	1	66	11780857	11780922	7.08e-25	117	TE8_v1
AL7G31510	scaffold_6_RagTag:0-26335035	98.485	66	1	0	1	66	23758665	23758730	7.08e-25	117	TE8_v1
AL7G31510	scaffold_6_RagTag:0-26335035	97.059	68	2	0	1	68	22243418	22243351	2.55e-24	115	TE8_v1
AL7G31510	scaffold_6_RagTag:0-26335035	95.588	68	3	0	1	68	10205458	10205525	1.18e-22	110	TE8_v1
AL7G31510	scaffold_6_RagTag:0-26335035	94.366	71	4	0	1	71	20569696	20569766	1.18e-22	110	TE8_v1
AL7G31510	scaffold_6_RagTag:0-26335035	97.222	36	1	0	13	48	2167841	2167876	3.36e-08	62.1	TE8_v1
AL7G31520	scaffold_7_RagTag:0-28571223	95.076	2031	70	8	1	2009	9346605	9348627	0	3169	TE8_v1
AL7G31520	scaffold_7_RagTag:0-28571223	85.582	1186	128	14	1053	2203	9341673	9342850	0	1203	TE8_v1
AL7G31520	scaffold_7_RagTag:0-28571223	82.277	694	106	11	1523	2212	9015860	9015180	4.74e-165	584	TE8_v1
AL7G31520	scaffold_7_RagTag:0-28571223	81.232	682	109	12	1527	2203	9337826	9338493	1.74e-149	532	TE8_v1
AL7G31520	scaffold_7_RagTag:0-28571223	79.69	709	107	22	1070	1757	9334282	9334974	8.27e-133	477	TE8_v1
AL7G31520	scaffold_7_RagTag:0-28571223	95.817	263	11	0	2020	2282	9353478	9353740	3.04e-117	425	TE8_v1
AL7G31520	scaffold_7_RagTag:0-28571223	83.415	410	51	8	1854	2258	9345876	9346273	6.72e-99	364	TE8_v1
AL7G31520	scaffold_7_RagTag:0-28571223	84.073	383	45	13	1841	2212	9312794	9313171	4.04e-96	355	TE8_v1
AL7G31520	scaffold_7_RagTag:0-28571223	81.649	376	53	10	1842	2212	9325278	9325642	6.91e-79	298	TE8_v1
AL7G31520	scaffold_7_RagTag:0-28571223	81.501	373	51	13	1844	2204	9335078	9335444	1.16e-76	291	TE8_v1
AL7G31520	scaffold_7_RagTag:0-28571223	74.898	733	128	37	1061	1756	9345053	9345766	1.94e-74	283	TE8_v1
AL7G31520	scaffold_7_RagTag:0-28571223	83.755	277	40	5	1517	1791	9017015	9016742	1.17e-66	257	TE8_v1
AL7G31520	scaffold_7_RagTag:0-28571223	87.222	180	18	5	2026	2203	9311424	9311600	2.01e-49	200	TE8_v1
AL7G31520	scaffold_7_RagTag:0-28571223	81.633	245	35	9	1524	1760	9312450	9312692	9.33e-48	195	TE8_v1
AL7G31520	scaffold_7_RagTag:0-28571223	81.893	243	29	10	1523	1753	9076228	9075989	1.21e-46	191	TE8_v1
AL7G31520	scaffold_7_RagTag:0-28571223	92.308	52	0	1	568	615	9347251	9347302	1.64e-10	71.3	TE8_v1
AL7G31520	scaffold_7_RagTag:0-28571223	95.349	43	2	0	588	630	9347241	9347283	5.9e-10	69.4	TE8_v1
AL7G31520	scaffold_7_RagTag:0-28571223	94.872	39	2	0	639	677	9347190	9347228	9.87e-08	62.1	TE8_v1
AL7G31520	scaffold_1_RagTag:13975-33400674	77.284	1237	179	53	1048	2209	31336790	31335581	4.64e-180	634	TE8_v1
AL8G44570	scaffold_8_RagTag:0-24591694	95.312	448	13	4	5	445	24186986	24187432	0	704	TE8_v1
AL8G44570	scaffold_8_RagTag:0-24591694	100	132	0	0	443	574	24187470	24187601	2.22e-63	244	TE8_v1
AL1G60840	scaffold_1_RagTag	89.637	1129	53	27	700	1794	29104466	29105564	0	1378	WS1_v2_s
AL1G60840	scaffold_1_RagTag	89.042	1159	57	28	700	1794	29204802	29205954	0	1373	WS1_v2_s
AL1G60840	scaffold_1_RagTag	88.783	1159	57	28	700	1794	29229964	29231113	0	1352	WS1_v2_s
AL1G60840	scaffold_1_RagTag	87.092	612	46	21	1213	1794	29106489	29107097	0	662	WS1_v2_s
AL1G60840	scaffold_1_RagTag	89.84	187	8	10	1	179	29104067	29104250	1.94e-58	230	WS1_v2_s
AL1G60840	scaffold_7_RagTag	77.768	1120	157	46	701	1783	9666524	9665460	2.76e-171	604	WS1_v2_s
AL1G60840	scaffold_7_RagTag	83.399	506	59	12	862	1363	9325377	9325861	1.77e-123	446	WS1_v2_s
AL1G60840	scaffold_7_RagTag	79.622	687	78	32	700	1368	9662013	9661371	1.07e-120	436	WS1_v2_s
AL1G60840	scaffold_7_RagTag	82.819	454	56	10	862	1311	9657539	9657104	1.09e-105	387	WS1_v2_s
AL1G60840	scaffold_7_RagTag	76.691	695	111	28	1132	1789	9653762	9653082	3.09e-91	339	WS1_v2_s
AL1G60840	scaffold_7_RagTag	82.524	309	45	4	1425	1727	9661293	9660988	1.91e-68	263	WS1_v2_s
AL1G60840	scaffold_7_RagTag	85.837	233	29	3	1132	1363	9326782	9327011	6.93e-63	244	WS1_v2_s
AL1G60840	scaffold_7_RagTag	85.169	236	28	7	1137	1370	9663525	9663295	4.17e-60	235	WS1_v2_s
AL1G60840	scaffold_7_RagTag	80.851	282	23	12	701	982	9403402	9403652	2.55e-47	193	WS1_v2_s
AL1G60840	scaffold_7_RagTag	80	260	46	6	1125	1379	9644323	9644065	1.19e-45	187	WS1_v2_s
AL1G60840	scaffold_7_RagTag	94.215	121	7	0	862	982	9663803	9663683	4.26e-45	185	WS1_v2_s
AL1G60840	scaffold_7_RagTag	90.323	124	12	0	700	823	9657665	9657542	2e-38	163	WS1_v2_s
AL1G60840	scaffold_7_RagTag	90.083	121	12	0	862	982	9648461	9648341	9.29e-37	158	WS1_v2_s
AL1G60840	scaffold_7_RagTag	82.759	174	28	2	1140	1312	9403828	9404000	1.2e-35	154	WS1_v2_s
AL1G60840	scaffold_7_RagTag	90.179	112	11	0	700	811	9325251	9325362	2.01e-33	147	WS1_v2_s
AL1G60840	scaffold_6_RagTag	86.316	380	20	6	169	534	14944582	14944943	3.92e-105	385	WS1_v2_s
AL1G60840	scaffold_5_RagTag	82.317	164	10	10	178	326	6437379	6437220	9.42e-27	124	WS1_v2_s
AL6G37030	scaffold_6_RagTag	96.52	431	12	1	2	432	12651151	12651578	0	710	WS1_v2_s
AL7G30780	scaffold_7_RagTag	97.985	1439	19	2	1	1435	9324906	9326338	0	2488	WS1_v2_s
AL7G30780	scaffold_7_RagTag	93.215	619	42	0	301	919	9657712	9657094	0	911	WS1_v2_s
AL7G30780	scaffold_7_RagTag	85.411	706	74	18	298	975	9662063	9661359	0	706	WS1_v2_s
AL7G30780	scaffold_7_RagTag	88.687	495	49	5	911	1401	9656668	9656177	3.68e-169	597	WS1_v2_s
AL7G30780	scaffold_7_RagTag	82.514	692	104	13	291	967	9666583	9665894	1.71e-167	592	WS1_v2_s
AL7G30780	scaffold_7_RagTag	79.221	693	107	22	298	966	9663973	9663294	3.92e-124	448	WS1_v2_s
AL7G30780	scaffold_7_RagTag	77.54	748	132	25	244	966	9659700	9658964	3.08e-115	418	WS1_v2_s
AL7G30780	scaffold_7_RagTag	85.714	385	49	2	272	653	9644800	9644419	3.1e-110	401	WS1_v2_s
AL7G30780	scaffold_7_RagTag	84.767	407	51	9	259	661	9650878	9650479	4.01e-109	398	WS1_v2_s
AL7G30780	scaffold_7_RagTag	95.528	246	11	0	721	966	9326774	9327019	5.18e-108	394	WS1_v2_s
AL7G30780	scaffold_7_RagTag	83.014	365	52	6	291	647	9403343	9403705	2.48e-86	322	WS1_v2_s
AL7G30780	scaffold_7_RagTag	83.122	237	33	4	244	476	9643278	9643045	2.02e-52	209	WS1_v2_s
AL7G30780	scaffold_7_RagTag	88.435	147	16	1	291	436	9652769	9652623	2.04e-42	176	WS1_v2_s
AL7G30780	scaffold_7_RagTag	82.418	182	29	3	729	909	9403820	9403999	2.66e-36	156	WS1_v2_s
AL7G30780	scaffold_1_RagTag	82.713	752	85	24	240	958	29104364	29105103	4.69e-178	627	WS1_v2_s
AL7G30780	scaffold_1_RagTag	84.8	500	54	12	476	958	29230158	29230652	1.08e-134	483	WS1_v2_s
AL7G30780	scaffold_1_RagTag	84.032	501	59	11	476	958	29204996	29205493	1.4e-128	462	WS1_v2_s
AL7G30780	scaffold_1_RagTag	85.253	217	24	4	240	455	29204700	29204909	1.2e-54	217	WS1_v2_s
AL7G30780	scaffold_1_RagTag	84.793	217	25	4	240	455	29229862	29230071	5.6e-53	211	WS1_v2_s
AL7G30780	scaffold_1_RagTag	82.877	146	19	3	816	958	29106494	29106636	2.09e-27	126	WS1_v2_s
AL7G31470	scaffold_7_RagTag	98.543	1235	15	1	1	1235	9643597	9644828	0	2178	WS1_v2_s
AL7G31470	scaffold_7_RagTag	86.286	1225	145	11	21	1235	9649685	9650896	0	1310	WS1_v2_s
AL7G31470	scaffold_7_RagTag	76.904	1208	205	56	4	1180	9662811	9663975	2.43e-175	617	WS1_v2_s
AL7G31470	scaffold_7_RagTag	81.595	652	95	18	552	1185	9403987	9403343	9.1e-145	516	WS1_v2_s
AL7G31470	scaffold_7_RagTag	74.837	1228	237	55	28	1217	9653081	9654274	5.52e-137	490	WS1_v2_s
AL7G31470	scaffold_7_RagTag	85.411	377	45	8	821	1189	9666212	9666586	9.63e-105	383	WS1_v2_s
AL7G31470	scaffold_7_RagTag	83.668	398	53	3	823	1217	9325556	9325168	3.49e-99	364	WS1_v2_s
AL7G31470	scaffold_7_RagTag	84.932	365	48	6	823	1184	9657360	9657720	1.26e-98	363	WS1_v2_s
AL7G31470	scaffold_7_RagTag	83.11	373	53	7	821	1184	9661697	9662068	3.54e-89	331	WS1_v2_s
AL7G31470	scaffold_7_RagTag	73.647	702	138	37	35	719	9665460	9666131	4.78e-58	228	WS1_v2_s
AL7G31470	scaffold_7_RagTag	81.858	226	31	6	1006	1224	9643048	9643270	3.77e-44	182	WS1_v2_s
AL7G31470	scaffold_1_RagTag	78.313	166	28	7	469	633	29106652	29106494	1.09e-19	100	WS1_v2_s
AL7G31480	scaffold_7_RagTag	99.015	1320	10	2	1	1320	9649651	9650967	0	2362	WS1_v2_s
AL7G31480	scaffold_7_RagTag	86.055	1298	150	18	35	1318	9643617	9644897	0	1365	WS1_v2_s
AL7G31480	scaffold_7_RagTag	77.349	1192	195	47	33	1191	9662826	9663975	0	636	WS1_v2_s
AL7G31480	scaffold_7_RagTag	78.472	720	124	26	556	1267	9659028	9659724	1.69e-122	442	WS1_v2_s
AL7G31480	scaffold_7_RagTag	81.898	453	58	14	829	1267	9325564	9325122	4.87e-98	361	WS1_v2_s
AL7G31480	scaffold_7_RagTag	82.507	383	53	11	829	1200	9666207	9666586	6.38e-87	324	WS1_v2_s
AL7G31480	scaffold_7_RagTag	81.501	373	54	8	836	1195	9661698	9662068	1.8e-77	292	WS1_v2_s
AL7G31480	scaffold_7_RagTag	75.598	418	74	19	6	407	9404493	9404088	4.07e-44	182	WS1_v2_s
AL7G31480	scaffold_7_RagTag	82.873	181	28	2	875	1055	9648320	9648497	1.9e-37	159	WS1_v2_s
AL7G31480	scaffold_7_RagTag	97.059	34	1	0	1296	1329	9651248	9651281	7.15e-07	58.4	WS1_v2_s
AL7G31490	scaffold_7_RagTag	96.879	1730	32	7	1129	2840	9652623	9654348	0	2876	WS1_v2_s
AL7G31490	scaffold_7_RagTag	98.355	851	12	1	1	849	9651769	9652619	0	1493	WS1_v2_s
AL7G31490	scaffold_7_RagTag	77.825	1186	190	46	1570	2726	9662834	9663975	0	665	WS1_v2_s
AL7G31490	scaffold_7_RagTag	80.177	792	111	28	2017	2799	9658964	9659718	5.81e-155	551	WS1_v2_s
AL7G31490	scaffold_7_RagTag	80.878	706	110	16	1555	2250	9665438	9666128	2.1e-149	532	WS1_v2_s
AL7G31490	scaffold_7_RagTag	76.384	1084	190	40	38	1080	9643556	9644614	1.27e-146	523	WS1_v2_s
AL7G31490	scaffold_7_RagTag	75.41	1037	200	35	77	1074	9662793	9663813	6.06e-125	451	WS1_v2_s
AL7G31490	scaffold_7_RagTag	75.275	999	207	21	109	1077	9658498	9659486	1.31e-121	440	WS1_v2_s
AL7G31490	scaffold_7_RagTag	79.421	656	97	24	2085	2722	9403988	9403353	2.84e-118	429	WS1_v2_s
AL7G31490	scaffold_7_RagTag	77.713	682	112	20	616	1284	9403988	9403334	8.07e-104	381	WS1_v2_s
AL7G31490	scaffold_7_RagTag	74.041	1017	208	41	107	1081	9653071	9654073	8.12e-99	364	WS1_v2_s
AL7G31490	scaffold_7_RagTag	74.713	696	141	24	1561	2246	9651875	9652545	1.09e-72	278	WS1_v2_s
AL7G31490	scaffold_7_RagTag	79.79	381	59	12	2359	2730	9661698	9662069	1.1e-67	261	WS1_v2_s
AL7G31490	scaffold_7_RagTag	90.395	177	15	2	1095	1269	9643048	9643224	8.6e-59	231	WS1_v2_s
AL7G31490	scaffold_7_RagTag	89.831	177	18	0	1093	1269	9657541	9657717	1.11e-57	228	WS1_v2_s
AL7G31490	scaffold_7_RagTag	90	170	17	0	1101	1270	9325367	9325198	1.86e-55	220	WS1_v2_s
AL7G31490	scaffold_7_RagTag	83.544	237	36	3	2555	2789	9643051	9643286	6.69e-55	219	WS1_v2_s
AL7G31490	scaffold_7_RagTag	86.705	173	23	0	1098	1270	9654063	9654235	4.06e-47	193	WS1_v2_s
AL7G31490	scaffold_7_RagTag	84.516	155	24	0	923	1077	9648320	9648474	1.91e-35	154	WS1_v2_s
AL7G31490	scaffold_7_RagTag	87.05	139	7	3	75	205	9649263	9649398	3.2e-33	147	WS1_v2_s
AL7G31490	scaffold_1_RagTag	77.712	1014	157	40	1555	2544	29205966	29204998	1.25e-156	556	WS1_v2_s
AL7G31490	scaffold_1_RagTag	81.509	411	51	10	877	1275	29104806	29104409	8.3e-84	315	WS1_v2_s
AL7G31490	scaffold_1_RagTag	87.791	172	15	3	942	1107	29230278	29230107	3.14e-48	196	WS1_v2_s
AL7G31490	scaffold_1_RagTag	87.209	172	16	3	942	1107	29205116	29204945	1.46e-46	191	WS1_v2_s
AL7G31490	scaffold_1_RagTag	82.915	199	25	5	2352	2544	29230355	29230160	1.9e-40	171	WS1_v2_s
AL7G31500	scaffold_7_RagTag	91.426	1108	88	6	107	1211	9326304	9325201	0	1513	WS1_v2_s
AL7G31500	scaffold_7_RagTag	98.565	697	10	0	590	1286	9657094	9657790	0	1232	WS1_v2_s
AL7G31500	scaffold_7_RagTag	97.993	598	10	1	1	598	9656073	9656668	0	1037	WS1_v2_s
AL7G31500	scaffold_7_RagTag	78.582	1368	188	52	18	1286	9660779	9662140	0	806	WS1_v2_s
AL7G31500	scaffold_7_RagTag	81.113	683	111	12	546	1213	9665898	9666577	3.39e-149	531	WS1_v2_s
AL7G31500	scaffold_7_RagTag	78.644	693	109	21	546	1213	9663297	9663975	5.92e-117	424	WS1_v2_s
AL7G31500	scaffold_7_RagTag	77.312	692	120	27	546	1213	9658967	9659645	6.04e-102	374	WS1_v2_s
AL7G31500	scaffold_7_RagTag	84.932	365	48	6	856	1216	9644419	9644780	1.31e-98	363	WS1_v2_s
AL7G31500	scaffold_7_RagTag	92.653	245	18	0	544	788	9327018	9326774	7.87e-96	353	WS1_v2_s
AL7G31500	scaffold_7_RagTag	82.72	353	54	5	862	1208	9403705	9403354	6.22e-82	307	WS1_v2_s
AL7G31500	scaffold_7_RagTag	85.083	181	25	1	1039	1217	9643048	9643228	1.09e-44	183	WS1_v2_s
AL7G31500	scaffold_7_RagTag	90.071	141	14	0	1073	1213	9652623	9652763	1.09e-44	183	WS1_v2_s
AL7G31500	scaffold_7_RagTag	82.178	202	32	3	894	1095	9648320	9648517	8.51e-41	171	WS1_v2_s
AL7G31500	scaffold_7_RagTag	81.065	169	28	2	600	764	9665079	9665247	4.02e-29	132	WS1_v2_s
AL7G31500	scaffold_1_RagTag	82.828	693	82	23	551	1211	29105103	29104416	7.13e-166	586	WS1_v2_s
AL7G31500	scaffold_1_RagTag	82.342	521	67	15	551	1051	29230652	29230137	1.27e-118	429	WS1_v2_s
AL7G31500	scaffold_1_RagTag	81.418	522	73	14	551	1051	29205493	29204975	2.14e-111	405	WS1_v2_s
AL7G31500	scaffold_1_RagTag	87.571	177	19	2	1038	1211	29204928	29204752	3.02e-50	202	WS1_v2_s
AL7G31500	scaffold_1_RagTag	87.006	177	20	2	1038	1211	29230090	29229914	1.4e-48	196	WS1_v2_s
AL7G31510	scaffold_7_RagTag	93.989	732	40	3	66	795	9663356	9664085	0	1105	WS1_v2_s
AL7G31510	scaffold_7_RagTag	96.452	620	22	0	66	685	9659026	9659645	0	1024	WS1_v2_s
AL7G31510	scaffold_7_RagTag	81.532	666	92	19	71	708	9403988	9403326	4.47e-146	520	WS1_v2_s
AL7G31510	scaffold_7_RagTag	80.156	640	101	21	68	685	9650206	9650841	1.28e-126	455	WS1_v2_s
AL7G31510	scaffold_7_RagTag	79.669	664	99	20	53	685	9653576	9654234	7.7e-124	446	WS1_v2_s
AL7G31510	scaffold_7_RagTag	79.781	638	104	19	68	685	9644144	9644776	3.58e-122	440	WS1_v2_s
AL7G31510	scaffold_7_RagTag	79.491	629	99	19	64	683	9325808	9325201	4.67e-116	420	WS1_v2_s
AL7G31510	scaffold_7_RagTag	78.639	632	103	21	64	685	9657108	9657717	3.66e-107	390	WS1_v2_s
AL7G31510	scaffold_7_RagTag	84.466	412	46	9	345	742	9666225	9666632	3.66e-107	390	WS1_v2_s
AL7G31510	scaffold_7_RagTag	80.618	356	54	7	345	685	9661710	9662065	2.99e-68	261	WS1_v2_s
AL7G31510	scaffold_7_RagTag	86.458	192	26	0	372	563	9648320	9648511	3.06e-53	211	WS1_v2_s
AL7G31510	scaffold_7_RagTag	100	70	0	0	1	70	5789920	5789989	8.81e-29	130	WS1_v2_s
AL7G31510	scaffold_7_RagTag	100	70	0	0	1	70	17304287	17304218	8.81e-29	130	WS1_v2_s
AL7G31510	scaffold_7_RagTag	98.611	72	1	0	1	72	25161975	25162046	3.17e-28	128	WS1_v2_s
AL7G31510	scaffold_7_RagTag	98.551	69	1	0	1	69	10267770	10267702	1.47e-26	122	WS1_v2_s
AL7G31510	scaffold_7_RagTag	98.551	69	1	0	1	69	23263115	23263047	1.47e-26	122	WS1_v2_s
AL7G31510	scaffold_7_RagTag	100	66	0	0	1	66	24772065	24772130	1.47e-26	122	WS1_v2_s
AL7G31510	scaffold_7_RagTag	100	66	0	0	1	66	25057775	25057840	1.47e-26	122	WS1_v2_s
AL7G31510	scaffold_7_RagTag	100	66	0	0	1	66	25746814	25746749	1.47e-26	122	WS1_v2_s
AL7G31510	scaffold_7_RagTag	98.507	67	1	0	2	68	22422891	22422957	1.91e-25	119	WS1_v2_s
AL7G31510	scaffold_7_RagTag	96.97	66	2	0	1	66	16031358	16031293	3.19e-23	111	WS1_v2_s
AL7G31510	scaffold_7_RagTag	96.97	66	2	0	1	66	24868860	24868925	3.19e-23	111	WS1_v2_s
AL7G31510	scaffold_7_RagTag	95.588	68	3	0	1	68	620868	620935	1.15e-22	110	WS1_v2_s
AL7G31510	scaffold_7_RagTag	93.939	66	4	0	1	66	22684271	22684336	6.91e-20	100	WS1_v2_s
AL7G31510	scaffold_7_RagTag	93.939	66	4	0	1	66	26247536	26247471	6.91e-20	100	WS1_v2_s
AL7G31510	scaffold_5_RagTag	98.63	73	1	0	1	73	3338882	3338954	8.81e-29	130	WS1_v2_s
AL7G31510	scaffold_5_RagTag	100	68	0	0	1	68	4521345	4521278	1.14e-27	126	WS1_v2_s
AL7G31510	scaffold_5_RagTag	98.551	69	1	0	1	69	12946341	12946273	1.47e-26	122	WS1_v2_s
AL7G31510	scaffold_5_RagTag	100	66	0	0	1	66	16504045	16503980	1.47e-26	122	WS1_v2_s
AL7G31510	scaffold_5_RagTag	98.485	66	1	0	1	66	14963009	14963074	6.86e-25	117	WS1_v2_s
AL7G31510	scaffold_5_RagTag	94.203	69	4	0	1	69	1334535	1334467	1.48e-21	106	WS1_v2_s
AL7G31510	scaffold_5_RagTag	90.411	73	5	2	1	72	4653866	4653795	3.21e-18	95.3	WS1_v2_s
AL7G31510	scaffold_5_RagTag	91.304	69	3	1	1	69	14155989	14155924	4.16e-17	91.6	WS1_v2_s
AL7G31510	scaffold_4_RagTag	100	69	0	0	1	69	4017358	4017426	3.17e-28	128	WS1_v2_s
AL7G31510	scaffold_4_RagTag	100	66	0	0	1	66	17554294	17554359	1.47e-26	122	WS1_v2_s
AL7G31510	scaffold_4_RagTag	100	66	0	0	1	66	17557447	17557512	1.47e-26	122	WS1_v2_s
AL7G31510	scaffold_4_RagTag	97.101	69	2	0	1	69	12953655	12953587	6.86e-25	117	WS1_v2_s
AL7G31510	scaffold_4_RagTag	96.97	66	2	0	1	66	16003423	16003488	3.19e-23	111	WS1_v2_s
AL7G31510	scaffold_4_RagTag	94.118	68	4	0	1	68	9225033	9225100	5.34e-21	104	WS1_v2_s
AL7G31510	scaffold_4_RagTag	95.833	48	2	0	1	48	12937658	12937611	3.24e-13	78.7	WS1_v2_s
AL7G31510	scaffold_3_RagTag	100	69	0	0	1	69	11056687	11056755	3.17e-28	128	WS1_v2_s
AL7G31510	scaffold_3_RagTag	100	69	0	0	1	69	15956265	15956333	3.17e-28	128	WS1_v2_s
AL7G31510	scaffold_3_RagTag	98.529	68	1	0	1	68	10260657	10260590	5.3e-26	121	WS1_v2_s
AL7G31510	scaffold_3_RagTag	98.462	65	1	0	1	65	21609181	21609245	2.47e-24	115	WS1_v2_s
AL7G31510	scaffold_3_RagTag	98.438	64	1	0	1	64	14293092	14293029	8.87e-24	113	WS1_v2_s
AL7G31510	scaffold_3_RagTag	95.652	69	3	0	1	69	1006588	1006656	3.19e-23	111	WS1_v2_s
AL7G31510	scaffold_3_RagTag	95.522	67	3	0	1	67	14963820	14963754	4.13e-22	108	WS1_v2_s
AL7G31510	scaffold_3_RagTag	96.875	64	2	0	1	64	25198182	25198119	4.13e-22	108	WS1_v2_s
AL7G31510	scaffold_3_RagTag	94.203	69	4	0	1	69	16361827	16361759	1.48e-21	106	WS1_v2_s
AL7G31510	scaffold_3_RagTag	96.491	57	2	0	1	57	9075713	9075769	3.21e-18	95.3	WS1_v2_s
AL7G31510	scaffold_3_RagTag	92.857	56	4	0	13	68	23095833	23095778	2.5e-14	82.4	WS1_v2_s
AL7G31510	scaffold_1_RagTag	100	69	0	0	1	69	12081165	12081097	3.17e-28	128	WS1_v2_s
AL7G31510	scaffold_1_RagTag	100	68	0	0	1	68	11149556	11149489	1.14e-27	126	WS1_v2_s
AL7G31510	scaffold_1_RagTag	100	68	0	0	1	68	15945880	15945813	1.14e-27	126	WS1_v2_s
AL7G31510	scaffold_1_RagTag	100	68	0	0	1	68	26541022	26541089	1.14e-27	126	WS1_v2_s
AL7G31510	scaffold_1_RagTag	97.26	73	2	0	1	73	553673	553601	4.1e-27	124	WS1_v2_s
AL7G31510	scaffold_1_RagTag	98.529	68	1	0	1	68	12805301	12805368	5.3e-26	121	WS1_v2_s
AL7G31510	scaffold_1_RagTag	98.485	66	1	0	1	66	5492673	5492738	6.86e-25	117	WS1_v2_s
AL7G31510	scaffold_1_RagTag	98.485	66	1	0	1	66	13318396	13318331	6.86e-25	117	WS1_v2_s
AL7G31510	scaffold_1_RagTag	91.667	84	5	2	1	84	13926829	13926910	2.47e-24	115	WS1_v2_s
AL7G31510	scaffold_1_RagTag	95.455	66	3	0	1	66	24980422	24980487	1.48e-21	106	WS1_v2_s
AL7G31510	scaffold_1_RagTag	94.118	68	4	0	2	69	9462534	9462467	5.34e-21	104	WS1_v2_s
AL7G31510	scaffold_1_RagTag	90.625	64	2	2	13	72	633566	633503	2.5e-14	82.4	WS1_v2_s
AL7G31510	scaffold_1_RagTag	91.667	48	4	0	17	64	14577627	14577580	7.01e-10	67.6	WS1_v2_s
AL7G31510	scaffold_8_RagTag	100	68	0	0	1	68	2540499	2540566	1.14e-27	126	WS1_v2_s
AL7G31510	scaffold_8_RagTag	98.571	70	1	0	1	70	467475	467406	4.1e-27	124	WS1_v2_s
AL7G31510	scaffold_8_RagTag	98.551	69	1	0	1	69	1033569	1033501	1.47e-26	122	WS1_v2_s
AL7G31510	scaffold_8_RagTag	100	65	0	0	2	66	6761540	6761604	5.3e-26	121	WS1_v2_s
AL7G31510	scaffold_8_RagTag	98.507	67	1	0	1	67	18132978	18133044	1.91e-25	119	WS1_v2_s
AL7G31510	scaffold_8_RagTag	95.588	68	3	0	1	68	12901136	12901203	1.15e-22	110	WS1_v2_s
AL7G31510	scaffold_8_RagTag	94.118	68	4	0	2	69	13530567	13530634	5.34e-21	104	WS1_v2_s
AL7G31510	scaffold_8_RagTag	97.778	45	1	0	25	69	3580978	3580934	3.24e-13	78.7	WS1_v2_s
AL7G31510	scaffold_2_RagTag	100	68	0	0	1	68	1953821	1953888	1.14e-27	126	WS1_v2_s
AL7G31510	scaffold_2_RagTag	98.592	71	1	0	1	71	3951045	3951115	1.14e-27	126	WS1_v2_s
AL7G31510	scaffold_2_RagTag	100	67	0	0	1	67	16838179	16838245	4.1e-27	124	WS1_v2_s
AL7G31510	scaffold_2_RagTag	100	66	0	0	1	66	2478149	2478214	1.47e-26	122	WS1_v2_s
AL7G31510	scaffold_2_RagTag	100	66	0	0	1	66	14559062	14559127	1.47e-26	122	WS1_v2_s
AL7G31510	scaffold_2_RagTag	96.053	76	1	2	1	76	16111635	16111708	1.47e-26	122	WS1_v2_s
AL7G31510	scaffold_2_RagTag	98.529	68	1	0	1	68	1399454	1399521	5.3e-26	121	WS1_v2_s
AL7G31510	scaffold_2_RagTag	92.941	85	3	3	1	82	17113212	17113128	5.3e-26	121	WS1_v2_s
AL7G31510	scaffold_2_RagTag	97.101	69	2	0	1	69	12914118	12914186	6.86e-25	117	WS1_v2_s
AL7G31510	scaffold_2_RagTag	98.462	65	1	0	1	65	19002881	19002945	2.47e-24	115	WS1_v2_s
AL7G31510	scaffold_2_RagTag	95.588	68	3	0	1	68	20030609	20030542	1.15e-22	110	WS1_v2_s
AL7G31510	scaffold_2_RagTag	95.455	66	3	0	1	66	3613218	3613283	1.48e-21	106	WS1_v2_s
AL7G31510	scaffold_2_RagTag	94.118	68	4	0	1	68	7756279	7756212	5.34e-21	104	WS1_v2_s
AL7G31510	scaffold_6_RagTag	100	66	0	0	1	66	10493531	10493596	1.47e-26	122	WS1_v2_s
AL7G31510	scaffold_6_RagTag	98.529	68	1	0	1	68	10223803	10223736	5.3e-26	121	WS1_v2_s
AL7G31510	scaffold_6_RagTag	98.529	68	1	0	1	68	12269993	12270060	5.3e-26	121	WS1_v2_s
AL7G31510	scaffold_6_RagTag	97.183	71	2	0	1	71	26021383	26021453	5.3e-26	121	WS1_v2_s
AL7G31510	scaffold_6_RagTag	97.101	69	2	0	1	69	6104270	6104202	6.86e-25	117	WS1_v2_s
AL7G31510	scaffold_6_RagTag	98.485	66	1	0	1	66	24417007	24417072	6.86e-25	117	WS1_v2_s
AL7G31510	scaffold_6_RagTag	97.101	69	1	1	1	68	22723532	22723600	2.47e-24	115	WS1_v2_s
AL7G31510	scaffold_6_RagTag	97.059	68	2	0	1	68	22936217	22936150	2.47e-24	115	WS1_v2_s
AL7G31510	scaffold_6_RagTag	95.652	69	3	0	1	69	20858610	20858678	3.19e-23	111	WS1_v2_s
AL7G31510	scaffold_6_RagTag	96.97	66	2	0	1	66	21266376	21266441	3.19e-23	111	WS1_v2_s
AL7G31510	scaffold_6_RagTag	95.652	69	3	0	1	69	23651906	23651838	3.19e-23	111	WS1_v2_s
AL7G31510	scaffold_6_RagTag	95.588	68	3	0	1	68	22085793	22085860	1.15e-22	110	WS1_v2_s
AL7G31510	scaffold_6_RagTag	94.286	70	3	1	1	69	6927334	6927265	1.48e-21	106	WS1_v2_s
AL7G31510	scaffold_6_RagTag	94.118	68	4	0	1	68	277874	277807	5.34e-21	104	WS1_v2_s
AL7G31510	scaffold_6_RagTag	94.118	68	4	0	1	68	10477463	10477530	5.34e-21	104	WS1_v2_s
AL7G31510	scaffold_6_RagTag	97.917	48	1	0	1	48	2169310	2169357	6.96e-15	84.2	WS1_v2_s
AL7G31520	scaffold_7_RagTag	97.785	2302	22	10	1	2282	9664364	9666656	0	3941	WS1_v2_s
AL7G31520	scaffold_7_RagTag	85.666	1179	127	13	1060	2203	9660894	9662065	0	1203	WS1_v2_s
AL7G31520	scaffold_7_RagTag	82.19	685	107	9	1523	2204	9325870	9325198	2.76e-162	575	WS1_v2_s
AL7G31520	scaffold_7_RagTag	80	710	104	23	1070	1757	9653065	9653758	1.03e-136	490	WS1_v2_s
AL7G31520	scaffold_7_RagTag	81.28	625	98	12	1584	2203	9657107	9657717	3.7e-136	488	WS1_v2_s
AL7G31520	scaffold_7_RagTag	83.415	410	51	8	1854	2258	9663635	9664032	6.51e-99	364	WS1_v2_s
AL7G31520	scaffold_7_RagTag	84.043	376	49	7	1841	2212	9644417	9644785	5.07e-95	351	WS1_v2_s
AL7G31520	scaffold_7_RagTag	81.818	374	52	10	1844	2212	9650488	9650850	1.86e-79	300	WS1_v2_s
AL7G31520	scaffold_7_RagTag	74.898	733	128	37	1061	1756	9662812	9663525	1.88e-74	283	WS1_v2_s
AL7G31520	scaffold_7_RagTag	84.477	277	38	5	1517	1791	9327025	9326752	5.25e-70	268	WS1_v2_s
AL7G31520	scaffold_7_RagTag	82.857	245	32	9	1524	1760	9644073	9644315	8.98e-53	211	WS1_v2_s
AL7G31520	scaffold_7_RagTag	87.222	180	18	5	2026	2203	9643048	9643224	1.94e-49	200	WS1_v2_s
AL7G31520	scaffold_7_RagTag	85.366	164	19	5	1592	1753	9403988	9403828	7.09e-39	165	WS1_v2_s
AL7G31520	scaffold_7_RagTag	92.308	52	0	1	568	615	9665010	9665061	1.59e-10	71.3	WS1_v2_s
AL7G31520	scaffold_7_RagTag	95.349	43	2	0	588	630	9665000	9665042	5.72e-10	69.4	WS1_v2_s
AL7G31520	scaffold_7_RagTag	94.872	39	2	0	639	677	9664949	9664987	9.57e-08	62.1	WS1_v2_s
AL7G31520	scaffold_1_RagTag	78.007	1214	182	52	1052	2209	29105593	29104409	0	684	WS1_v2_s
AL7G31520	scaffold_1_RagTag	77.533	1046	160	47	1052	2047	29205984	29204964	7.74e-158	560	WS1_v2_s
AL7G31520	scaffold_1_RagTag	77.493	1053	158	50	1044	2047	29231148	29230126	2.78e-157	558	WS1_v2_s
AL7G31520	scaffold_1_RagTag	75.73	651	103	35	1056	1674	29107121	29106494	3.14e-72	276	WS1_v2_s
AL7G31520	scaffold_1_RagTag	85.484	186	24	3	2025	2209	29204928	29204745	1.17e-46	191	WS1_v2_s
AL7G31520	scaffold_1_RagTag	84.946	186	25	3	2025	2209	29230090	29229907	5.44e-45	185	WS1_v2_s
AL8G44570	scaffold_8_RagTag	98.202	445	8	0	1	445	23404694	23405138	0	778	WS1_v2_s
AL8G44570	scaffold_8_RagTag	99.242	132	1	0	443	574	23405176	23405307	1e-61	239	WS1_v2_s
