accession	assembly	sample_name	location	latitude	longitude	pop_name	OG0000007	OG0000009	OG0000012	OG0000015	OG0000016	OG0000022	OG0000024	OG0000027	OG0000029	OG0000030	OG0000038	OG0000039	OG0000040	OG0000042	OG0000045	OG0000046	OG0000047	OG0000049	OG0000054	OG0000060	OG0000065	OG0000074	OG0000075	OG0000077	OG0000083	OG0000086	OG0000087	OG0000090	OG0000093	OG0000095	OG0000096	OG0000100	OG0000103	OG0000106	OG0000107	OG0000118	OG0000126	OG0000141	OG0000142	OG0000147	OG0000150	OG0000158	OG0000159	OG0000164	OG0000166	OG0000167	OG0000170	OG0000182	OG0000184	OG0000185	OG0000186	OG0000188	OG0000192	OG0000196	OG0000199	OG0000200	OG0000202	OG0000205	OG0000206	OG0000207	OG0000210	OG0000213	OG0000217	OG0000220	OG0000224	OG0000228	OG0000242	OG0000248	OG0000253	OG0000255	OG0000258	OG0000261	OG0000264	OG0000266	OG0000269	OG0000271	OG0000272	OG0000276	OG0000297	OG0000298	OG0000299	OG0000319	OG0000320	OG0000325	OG0000329	OG0000338	OG0000339	OG0000343	OG0000347	OG0000348	OG0000360	OG0000361	OG0000367	OG0000372	OG0000375	OG0000382	OG0000384	OG0000385	OG0000386	OG0000388	OG0000402	OG0000418	OG0000419	OG0000422	OG0000432	OG0000434	OG0000440	OG0000442	OG0000445	OG0000448	OG0000452	OG0000453	OG0000473	OG0000496	OG0000500	OG0000501	OG0000503	OG0000504	OG0000510	OG0000513	OG0000534	OG0000535	OG0000546	OG0000549	OG0000589	OG0000591	OG0000594	OG0000598	OG0000599	OG0000601	OG0000605	OG0000606	OG0000618	OG0000620	OG0000621	OG0000639	OG0000679	OG0000692	OG0000712	OG0000720	OG0000724	OG0000725	OG0000728	OG0000731	OG0000736	OG0000739	OG0000761	OG0000792	OG0000817	OG0000822	OG0000846	OG0000857	OG0000862	OG0000865	OG0000887	OG0000893	OG0000907	OG0000913	OG0000929	OG0000949	OG0000962	OG0001007	OG0001019	OG0001038	OG0001079	OG0001115	OG0001127	OG0001132	OG0001135	OG0001136	OG0001139	OG0001188	OG0001196	OG0001202	OG0001262	OG0001318	OG0001336	OG0001349	OG0001363	OG0001392	OG0001395	OG0001398	OG0001400	OG0001401	OG0001408	OG0001411	OG0001412	OG0001688	OG0001769	OG0001813	OG0001820	OG0001841	OG0001885	OG0001893	OG0001901	OG0001911	OG0001918	OG0001923	OG0001927	OG0001928	OG0001929	OG0002178	OG0002370	OG0002564	OG0002742	OG0002810	OG0002829	OG0002867	OG0002883	OG0002891	OG0002892	OG0002893	OG0002919	OG0003409	OG0003680	OG0003687	OG0003691	OG0003730	OG0003767	OG0003807	OG0003808	OG0003820	OG0004081	OG0004132	OG0004303	OG0004694	OG0004872	OG0005764	bio1	bio2	bio3	bio4	bio5	bio6	bio7	bio8	bio9	bio10	bio11	bio12	bio13	bio14	bio15	bio16	bio17	bio18	bio19	cec_0.5cm_Q0.5_250m	cec_5.15cm_Q0.5_250m	phh2o_0.5cm_Q0.5_250m	phh2o_5.15cm_Q0.5_250m	soc_0.5cm_Q0.5_250m	soc_5.15cm_Q0.5_250m	PC1	PC2	busco_complete_pct	busco_duplicated_pct	contig_n50_mbp	total_length_bp	te_int_frac
GCA_020911765.2	ASM2091176v2	ASM2091176v2	USA: Columbia	38.3	-92.3	Col-0	3	31	33	20	34	16	25	25	10	22	1	12	16	10	1	11	6	10	15	15	12	118	1	16	25	1	5	16	54	2	25	2	14	8	9	17	8	4	11	8	8	1	2	7	2	5	4	5	15	5	3	4	3	7	15	1	5	2	10	3	7	7	4	9	1	4	2	1	2	1	2	16	7	4	16	9	1	7	9	10	5	2	1	10	16	1	3	6	3	11	5	4	1	8	1	8	3	1	4	1	8	1	1	4	1	4	2	31	3	2	1	1	11	1	18	2	2	9	8	4	5	2	7	4	1	1	2	3	2	23	3	3	3	3	1	2	10	8	4	1	2	1	5	7	11	14	14	1	1	2	4	2	1	1	1	1	5	4	1	21	5	1	4	8	1	4	3	1	1	5	3	3	1	4	3	1	3	6	1	2	2	1	4	3	2	1	1	7	3	2	8	2	7	1	2	2	1	1	3	4	3	1	3	1	5	2	2	1	9	4	5	2	2	1	1	2	1	2	2	1	1	2	1	1	2	1	1	1	13.65	10	0.280999994277954	910.5	31.95	-3.54999999999995	35.5	18.7500000000001	1.35000000000002	25.15	1.35000000000002	1168.5	141.6	53.2	27.2	389.6	183.8	349.6	183.8	13.7	11.9	6.2	6.2	37	13	-0.636558665396777	3.84294996183744	99.4	1	26	133917131	0.216152248661898
GCA_024498495.1	ASM2449849v1	ASM2449849v1	Sweden	55.72	13.19	Lu-1	3	31	28	15	33	16	16	23	9	21	1	11	15	10	1	11	5	10	15	14	10	49	1	15	18	1	3	16	14	1	24	2	12	7	8	16	8	4	11	8	8	1	2	7	2	5	1	5	14	4	3	4	3	7	15	1	5	2	10	3	7	7	4	9	1	3	2	1	2	1	2	15	6	2	13	9	1	7	10	10	5	2	1	9	13	1	3	5	3	11	5	4	1	8	1	8	3	1	4	1	8	1	1	4	1	4	1	15	3	2	1	1	10	1	16	2	2	9	8	4	5	1	7	4	1	1	2	3	2	24	3	3	3	3	1	2	10	8	4	1	2	1	4	7	11	12	5	1	1	2	4	2	1	1	1	1	5	4	1	21	5	1	4	8	0	4	3	1	0	5	3	3	1	4	3	1	3	6	1	2	2	1	4	3	2	1	1	7	3	2	7	2	7	0	2	2	0	1	3	4	3	1	3	1	4	2	2	1	3	3	5	2	2	1	1	2	1	2	2	1	0	2	1	1	2	1	1	1	7.85000000000002	6.4	0.273000001907349	616.6	20.95	-2.64999999999998	23.6	12.55	2.95000000000005	15.95	0.250000000000057	755	79.8	42.2	20.8	225.2	133.4	221.3	171.6	21	14.6	6.2	6.2	33.3	18.9	-5.62377932322226	-0.175857359150115	99.4	1	9	122660426	0.162986935982107
GCA_025388435.1	AtA1-141.20181003	AtA1-141.20181003	France	43.5235	1.4761	TOU-A	3	30	29	16	30	16	15	22	8	21	1	11	15	9	1	11	4	10	11	15	12	15	1	11	18	1	4	16	14	2	22	2	13	10	9	12	8	4	12	8	8	1	2	7	2	5	4	4	11	4	3	4	3	7	15	1	5	1	10	3	7	7	4	9	1	3	2	1	2	1	2	14	1	3	13	9	1	6	10	10	5	2	1	9	13	1	3	5	3	11	5	4	1	7	1	8	3	1	4	1	8	1	1	4	1	3	2	21	3	2	1	1	9	1	10	2	1	9	8	4	5	1	7	4	1	1	2	3	2	17	3	3	3	2	1	2	9	8	4	1	2	1	4	7	7	10	5	1	1	2	4	2	1	1	1	1	5	4	1	23	5	1	4	5	0	4	3	1	1	5	3	3	1	4	3	1	3	5	1	2	2	0	4	3	2	1	1	6	3	2	7	2	7	1	2	2	0	1	2	4	3	1	3	1	4	2	2	1	9	2	5	2	2	1	1	2	1	2	2	1	1	2	1	1	2	1	1	1	13.35	8.7	0.354999995231628	572.5	26.55	2.05000000000001	24.5	15.45	20.55	20.85	6.25000000000006	751	83.4	43.5	17.7	229.7	155.7	162.6	180	20.9	16	6.9	7.3	28.3	9.9	-4.70462828695977	0.872473100480955	99.1	1	13	119744458	0.145026394457437
GCA_036926925.1	ASM3692692v1	ASM3692692v1	USA	37.75	-119.58	Yo-0	3	31	29	18	30	16	14	24	10	21	1	11	16	9	1	11	6	10	13	14	9	28	1	13	20	1	1	15	26	1	22	2	13	7	8	14	8	4	12	8	8	1	2	7	2	5	3	4	14	4	3	4	3	7	15	1	5	2	10	3	7	7	4	9	1	4	2	1	2	1	2	16	6	3	14	9	1	7	9	10	5	2	1	9	14	1	3	4	3	10	5	4	1	8	1	8	2	1	4	1	8	1	1	4	1	4	2	18	3	2	1	1	10	1	8	2	2	9	8	4	5	1	7	4	1	1	2	3	2	11	3	3	3	3	1	2	10	7	4	1	2	1	4	7	8	12	5	1	1	2	4	2	0	1	1	1	5	4	1	20	5	1	4	8	1	4	2	1	1	5	3	3	1	4	3	1	3	6	1	2	2	0	4	3	2	1	1	7	3	2	7	2	6	1	2	2	0	1	1	4	3	1	3	1	4	2	2	1	2	3	5	2	2	1	1	2	1	2	2	1	0	2	1	1	2	1	1	1	8.95000000000005	11.8	0.403999996185303	650.1	25.95	-3.24999999999994	29.2	1.45000000000005	17.65	17.65	1.45000000000005	1095.8	201.2	6.8	77.8	561.5	36.6	38.8	561.5	11.5	8.1	5.8	5.7	31.6	21	-3.51770194752822	0.948883491356182	99.5	0.9	14	131797805	0.219901264668254
GCA_036926965.1	ASM3692696v1	ASM3692696v1	Canada	49.18	-123.13	Ri-0	3	31	28	16	34	16	13	22	10	22	1	11	15	10	1	11	5	10	13	14	12	82	1	11	21	1	5	16	17	2	23	2	13	9	9	16	8	4	11	8	7	1	2	7	2	5	2	5	12	5	3	4	3	7	14	1	5	1	10	3	7	7	4	9	0	4	2	1	2	1	2	15	7	3	17	9	1	9	9	10	5	2	1	9	14	1	3	5	3	11	5	4	1	8	1	8	3	1	4	0	8	1	1	4	1	3	2	20	3	2	1	1	10	1	18	2	2	9	7	4	5	1	7	4	0	1	2	3	2	24	3	3	3	3	1	2	10	7	4	1	2	1	5	7	10	11	5	1	1	2	4	2	1	1	1	0	5	4	1	21	5	1	4	8	1	4	3	1	1	5	3	3	1	4	3	1	3	6	1	2	2	1	4	3	2	1	1	7	3	2	7	2	7	1	2	2	0	1	2	4	3	1	3	1	4	2	0	1	7	3	5	1	2	1	1	1	1	2	2	1	1	2	1	1	2	1	1	1	10.7500000000001	5.3	0.274000000953674	486.5	22.05	2.55000000000001	19.5	5.45000000000005	17.15	17.15	4.95000000000005	1608.6	251.6	45.6	50.6	692.1	168.4	168.4	583.8	NA	NA	NA	NA	NA	NA	-3.09913347307605	1.44456674265812	99.4	1.1	15	128196233	0.193069939894412
GCA_036926975.1	ASM3692697v1	ASM3692697v1	Japan	34.73	136.5	Tsu-0	3	30	32	17	31	16	13	23	10	20	1	11	15	10	1	11	5	10	15	13	9	92	1	13	18	1	2	16	25	1	24	2	6	7	9	16	8	4	11	8	8	1	2	7	2	5	4	5	10	5	3	4	3	7	15	1	5	2	10	3	7	7	4	9	1	3	2	1	2	1	2	14	7	4	14	9	1	8	9	10	5	2	1	10	13	1	3	6	3	12	5	4	1	8	1	8	3	1	4	1	8	1	1	4	1	4	2	11	2	2	1	1	10	1	9	2	2	9	5	4	5	2	7	4	1	1	1	3	2	15	3	3	3	3	1	2	9	7	4	1	2	1	5	7	8	12	14	1	1	2	4	2	1	1	1	1	5	4	1	20	5	1	4	8	0	4	3	1	1	5	3	3	1	4	3	1	3	6	1	2	2	0	4	3	2	1	1	7	3	2	7	2	7	1	2	2	1	1	2	4	3	1	3	1	4	2	2	1	3	2	5	1	2	1	1	2	1	2	2	1	1	2	1	1	2	1	1	1	16.15	6.5	0.238000011444092	741.5	29.85	2.35000000000002	27.5	25.85	6.85000000000002	25.85	6.85000000000002	1721.1	270.6	44.9	47.9	639.7	160.2	639.7	160.2	NA	NA	NA	NA	NA	NA	-5.30859769186387	1.90120394279295	99.4	1.1	13	129592295	0.206692133972934
GCA_036927025.1	ASM3692702v1	ASM3692702v1	Tajikistan	38.59	68.79	Shahdara	3	31	30	17	32	16	17	26	10	21	1	11	15	10	1	11	6	10	15	15	9	62	1	12	17	1	3	15	27	2	22	2	12	9	8	14	8	3	11	8	6	1	2	7	2	5	2	5	9	4	3	4	3	7	15	1	5	1	11	3	7	7	4	9	0	3	2	1	2	0	2	15	6	2	11	9	1	7	9	10	4	2	1	9	15	1	3	4	3	10	5	4	1	8	1	8	3	1	4	1	8	1	1	4	1	3	2	5	3	2	1	1	11	1	16	2	1	8	8	4	5	1	7	4	0	1	1	3	2	14	3	3	3	3	1	2	10	8	4	1	2	1	4	7	7	8	5	1	0	2	4	2	0	1	1	1	4	4	1	24	5	1	4	5	1	4	3	1	1	5	3	3	0	4	3	1	3	6	1	2	2	0	4	3	2	1	1	6	3	2	7	2	7	1	2	2	0	1	2	4	3	1	3	1	4	2	2	1	3	3	5	2	2	1	1	2	1	2	2	1	0	2	1	1	2	1	1	1	13.7500000000001	12.3	0.332999992370606	878	31.2500000000001	-5.64999999999998	36.9	8.45000000000005	24.05	24.85	2.15000000000003	801.5	148.5	4.5	71.6	390.8	24.8	37.5	299.5	NA	NA	NA	NA	NA	NA	1.10513443106651	11.9031038943299	99.4	0.9	14	133190498	0.226318622218831
GCA_036927045.1	ASM3692704v1	ASM3692704v1	Russia	53.33	49.48	Shigu-2	3	31	29	17	35	16	16	23	10	21	1	11	15	10	1	11	5	10	12	14	10	70	1	15	17	1	4	15	21	2	21	2	12	8	9	11	8	4	11	8	8	1	2	7	2	5	2	5	9	5	3	4	3	7	15	1	5	1	10	3	7	7	3	9	0	3	2	1	2	1	2	14	7	2	14	9	1	6	9	10	5	2	1	8	15	1	3	4	3	11	5	4	1	8	1	8	3	1	4	1	8	1	1	4	1	4	2	8	2	2	1	1	10	1	17	2	1	9	8	4	5	2	7	4	0	1	1	3	2	24	3	3	3	3	1	2	9	8	4	1	2	1	5	6	7	10	5	1	0	2	4	2	0	1	1	1	5	4	1	21	5	1	4	7	1	4	1	1	1	5	3	3	0	4	3	1	3	6	1	2	2	0	4	3	2	1	1	7	3	2	7	2	7	1	2	2	0	1	2	4	3	1	2	1	4	2	1	1	3	4	5	2	2	1	1	1	1	2	2	1	1	1	1	1	2	1	1	1	4.85000000000002	7.1	0.189999997615814	1123.8	24.35	-12.85	37.2	19.05	-2.74999999999994	19.05	-9.54999999999995	639.2	71	36	18.5	192.7	120.1	192.7	149.1	29.6	31	6.9	6.9	36.2	25.3	0.402660750718237	10.1432905900236	99.4	1	14	130970342	0.214426881469089
GCA_036927085.1	ASM3692708v1	ASM3692708v1	Norway	60.39	6.19	Oy-0	3	29	30	18	35	16	16	23	10	22	1	11	15	9	1	11	4	10	13	13	10	32	1	13	19	1	5	14	17	2	23	2	7	8	9	14	8	4	11	8	8	1	2	7	2	5	3	5	13	4	3	4	3	7	15	1	5	1	11	3	7	7	4	9	1	3	2	1	2	1	2	16	7	3	15	9	1	7	9	10	5	2	1	10	13	1	3	5	3	11	5	4	1	7	1	8	3	1	4	1	8	1	1	4	1	4	2	13	3	2	1	1	11	1	15	2	1	9	8	4	5	2	7	4	1	1	2	3	2	17	3	3	3	3	1	2	10	8	4	1	2	1	5	7	7	11	5	1	0	2	4	2	1	1	1	1	5	4	1	19	5	1	4	7	1	4	2	1	1	5	3	3	1	4	3	1	3	6	1	2	2	0	4	3	2	1	1	7	3	2	8	2	7	1	2	2	0	1	1	4	3	1	3	1	4	2	2	1	8	3	5	3	1	1	1	1	1	2	2	1	1	2	1	1	2	1	1	1	6.65000000000003	6.2	0.250999999046326	665.6	19.15	-5.34999999999997	24.5	-0.449999999999989	10.05	15.7500000000001	-1.24999999999994	2472.6	300.8	104.1	32.3	823.8	349.6	449.3	794.2	NA	NA	NA	NA	NA	NA	-4.35757861675305	0.499063004602086	99.4	1	14	131393858	0.214851313674038
GCA_036927245.1	ASM3692724v1	ASM3692724v1	France	43.69	7.33	JEA	3	31	27	18	30	14	17	24	10	22	1	11	15	10	1	11	4	10	14	13	12	98	1	13	19	1	5	15	14	1	22	2	7	7	6	13	8	4	11	7	8	1	2	7	2	5	3	5	12	4	2	4	3	7	13	1	5	1	10	3	7	7	4	9	1	3	2	1	2	1	2	16	5	2	16	9	1	7	9	10	5	2	1	10	15	1	3	6	3	10	5	4	1	8	0	8	3	1	4	0	8	1	1	4	1	4	2	15	3	2	1	1	9	1	16	2	2	9	8	4	5	1	7	4	1	1	2	3	2	14	3	3	3	2	1	1	8	7	4	1	2	1	5	7	6	11	5	1	1	2	4	2	1	1	1	1	5	4	1	18	5	1	4	8	1	4	1	1	1	5	3	3	1	4	3	1	3	6	1	2	2	0	4	3	2	1	1	7	3	2	6	2	7	1	2	2	1	1	1	4	3	1	3	1	4	2	2	1	1	3	5	1	2	1	1	2	1	2	2	1	1	1	1	1	2	1	1	1	15.7500000000001	5	0.251999998092651	529.8	25.85	6.05000000000001	19.8	13.2500000000001	22.7500000000001	22.7500000000001	9.35000000000002	790.9	121.8	16.1	49.9	340	78.9	78.9	222.2	NA	NA	NA	NA	NA	NA	-2.24385579396233	-5.52476402985233	99.4	1.1	14	129770716	0.207794730823555
GCA_036927255.1	ASM3692725v1	ASM3692725v1	Netherlands	52.24	4.45	Nok-1	3	31	28	17	34	16	14	22	9	21	1	11	16	10	1	11	6	10	15	13	9	89	1	12	16	1	4	15	14	1	22	2	7	8	9	13	8	4	11	8	6	1	2	7	2	5	3	5	9	4	3	4	3	7	15	1	5	1	10	3	7	7	4	9	0	3	2	1	2	1	2	16	7	3	10	9	1	5	9	10	5	2	1	10	14	1	3	5	3	10	5	4	1	8	1	8	3	1	4	1	8	1	1	4	1	4	2	17	3	2	1	1	10	1	11	2	2	9	8	4	5	2	7	4	1	1	2	3	2	28	3	3	3	3	1	2	10	7	4	1	2	1	5	7	8	11	8	1	1	2	4	2	1	1	1	1	5	4	1	23	5	1	4	8	0	4	2	1	1	4	3	3	1	4	3	1	3	6	1	2	2	0	4	3	2	1	1	6	3	2	8	2	7	1	2	2	0	1	3	4	3	1	3	1	4	2	2	1	7	3	5	2	2	1	1	2	1	2	2	1	1	2	1	1	2	1	1	1	10.35	4.2	0.236999988555908	486.2	19.65	2.05000000000001	17.6	11.7500000000001	8.95000000000005	16.65	4.25000000000006	962.1	108	44	23.8	310.2	172.8	274.5	234.2	NA	NA	NA	NA	NA	NA	-4.44036030812509	-1.36095921655929	99.4	1.1	13	132638367	0.221450389237678
GCA_036927265.1	ASM3692726v1	ASM3692726v1	Switzerland	46.21	6.14	Ge-0	3	31	29	15	33	15	14	24	8	23	1	11	15	10	1	11	5	10	13	14	10	86	1	12	18	1	5	16	18	1	23	2	7	9	9	15	8	4	11	8	8	1	2	7	2	5	2	4	15	4	3	4	3	7	13	1	5	1	10	3	7	7	4	8	1	3	2	1	2	1	2	16	7	3	15	9	1	10	9	10	5	2	1	10	15	1	3	6	3	10	5	4	1	7	1	8	3	1	4	1	8	1	1	4	1	3	2	17	3	2	1	1	10	1	16	2	2	9	8	4	5	1	7	4	0	1	2	3	2	17	3	3	3	3	1	2	10	7	4	1	2	1	5	7	8	11	5	1	1	2	4	2	0	1	1	1	5	4	1	18	5	1	4	8	0	4	2	1	0	5	3	3	1	4	3	1	3	6	1	2	2	1	4	3	2	1	1	7	3	2	7	2	7	1	2	2	0	1	2	4	3	1	3	1	4	2	2	1	3	3	5	1	2	1	1	2	1	2	2	1	1	2	1	1	2	1	1	1	11.2500000000001	8.8	0.330999994277954	660.7	24.45	-2.24999999999994	26.7	6.95000000000005	7.05000000000001	19.7500000000001	2.75000000000006	1102	114.2	72.2	12.7	317.9	237.9	260.5	265.1	NA	NA	NA	NA	NA	NA	-3.32994672734298	0.0614331676769409	99.4	1.1	14	132491861	0.223794614825434
GCA_036927275.1	ASM3692727v1	ASM3692727v1	Italy	37.51	15.09	Ct-1	3	31	30	15	34	16	15	21	10	21	1	11	15	10	1	11	4	10	13	14	10	90	1	12	19	1	4	16	21	1	22	2	9	9	8	14	8	4	12	8	7	1	2	7	2	5	2	5	15	4	3	4	3	7	15	1	5	2	10	3	7	7	3	9	1	4	2	1	2	1	2	16	6	3	14	9	1	7	9	10	5	2	1	10	13	1	3	5	3	11	5	4	1	8	1	8	3	1	4	1	8	1	1	4	1	4	2	18	3	2	1	1	9	1	18	2	2	9	8	4	5	2	7	4	1	1	1	3	2	14	3	3	3	2	1	2	9	8	4	1	2	1	3	7	10	12	8	1	1	2	4	2	1	1	1	1	5	4	1	22	5	1	4	7	1	4	2	1	1	5	3	3	1	4	3	1	3	6	1	2	2	0	4	3	2	1	1	7	3	2	7	2	7	1	2	2	0	1	2	4	3	1	4	1	4	2	2	1	8	2	5	2	2	1	1	2	1	2	2	1	1	2	1	1	2	1	1	1	18.55	7.3	0.304999995231628	571.9	31.65	7.85000000000002	23.8	13.45	26.15	26.15	11.85	595.7	100.4	7.9	65	284.5	31.8	31.8	235.3	NA	NA	NA	NA	NA	NA	-3.85577599125949	1.32881135113628	99.4	1.1	13	131229381	0.214532932987012
GCA_036927285.1	ASM3692728v1	ASM3692728v1	Spain	29.21	-13.48	Can-0	3	31	30	18	30	16	13	22	10	22	1	11	16	9	0	11	4	10	14	13	11	91	1	14	16	1	2	15	7	2	24	2	11	6	9	12	8	3	11	8	6	1	1	7	2	5	2	5	14	3	3	4	3	7	15	1	5	1	10	3	7	7	4	9	0	3	2	1	2	1	2	16	6	4	14	9	1	4	9	10	5	2	1	9	15	1	3	6	3	10	5	4	1	7	1	8	3	1	4	1	8	1	1	4	1	2	2	15	3	2	1	1	7	1	14	2	1	9	6	4	5	1	7	4	1	1	2	3	2	4	3	3	3	1	1	1	10	6	4	1	2	1	4	7	5	10	5	1	1	2	4	2	0	1	1	1	5	4	1	20	5	1	4	6	1	4	2	1	1	5	3	3	1	3	3	1	3	6	1	2	2	0	4	3	2	1	1	6	3	2	7	2	7	0	2	2	0	1	1	4	3	1	3	1	5	2	2	1	3	3	4	2	2	1	1	2	1	2	2	1	0	2	1	1	2	1	1	1	18.55	1	0.124000000953674	261.5	23.05	14.65	8.4	15.7500000000001	21.55	22.15	15.45	180.7	40.7	0.9	87.4	97.6	3.4	6.1	75.1	15.2	13.8	7.7	7.8	9.2	6.6	5.14786099528269	-2.04713787808544	99.4	1.1	12	129962383	0.209547311855616
GCA_036927355.1	ASM3692735v1	ASM3692735v1	Spain	41.24	-3	Cant-1	3	30	29	15	29	15	14	23	10	22	1	11	15	9	0	11	5	10	12	13	10	68	1	12	14	1	3	14	12	2	22	2	13	8	8	12	8	4	12	7	6	1	2	7	2	5	4	5	11	4	2	4	3	7	15	1	5	1	10	3	7	7	4	9	0	2	2	1	2	0	2	11	6	4	13	9	1	8	9	10	5	2	1	10	13	1	3	5	3	10	5	4	1	8	0	8	3	1	4	1	8	1	1	4	1	4	2	13	2	2	1	1	10	1	7	2	2	9	5	4	4	1	7	4	0	1	2	3	2	18	3	3	3	1	1	2	9	8	4	1	2	1	4	7	6	11	5	1	1	2	4	2	1	1	1	1	5	4	1	20	5	1	4	6	0	4	2	1	1	5	3	3	0	4	3	1	3	6	1	2	2	0	4	3	2	1	1	7	3	2	5	2	7	0	2	2	0	1	2	4	3	1	3	1	5	2	2	1	3	3	5	2	2	1	1	2	1	2	2	1	1	2	1	1	2	1	1	1	11.2500000000001	10.6	0.370000004768372	649.4	27.55	-1.14999999999998	28.7	7.25000000000006	19.85	20.2500000000001	3.55000000000001	566.9	72.1	20.5	34.7	184.8	81.6	88.5	142.8	19.8	19.4	7.7	8	22.3	12.4	7.72823084255985	-1.8567291141095	99.4	1.1	13	135625973	0.239455034176971
GCA_036927365.1	ASM3692736v1	ASM3692736v1	Czech Republic	48.3	19.85	Blh-1	3	30	29	17	33	16	14	22	10	22	1	11	15	10	1	11	4	10	11	12	12	100	1	13	19	1	5	15	18	1	23	2	7	7	8	12	8	4	11	8	8	1	2	7	2	5	3	5	14	6	3	4	3	7	15	1	5	0	10	3	7	7	4	9	1	4	2	1	2	1	2	14	6	3	11	9	1	8	9	10	5	2	1	10	14	1	3	5	3	12	5	4	1	8	1	8	3	1	4	1	8	1	1	4	1	3	2	16	3	2	1	1	10	1	15	2	2	9	8	4	5	1	7	4	1	1	2	3	2	14	3	3	2	3	1	2	9	8	4	1	2	1	4	6	8	12	8	1	1	2	4	2	0	1	1	1	5	4	1	21	5	1	4	6	1	4	2	1	1	5	3	3	1	4	3	1	3	6	1	2	2	0	4	3	2	1	1	7	3	2	7	2	7	1	2	2	1	1	2	4	3	1	3	1	4	2	2	1	9	2	4	2	2	1	1	2	1	2	2	1	0	1	1	1	2	1	1	1	8.95000000000005	9.1	0.301999998092651	764.7	24.35	-5.84999999999997	30.2	17.15	0.550000000000011	18.55	-1.14999999999998	630.5	83.5	30.5	32.5	235.2	99.8	218.6	106.7	19.6	19.4	6.7	6.7	31.2	16.2	-3.8211663331837	2.00262388652121	99.4	1.1	14	129606757	0.206703682895175
GCA_036927375.1	ASM3692737v1	ASM3692737v1	Ireland	53.87	-9.39	Bur-0	3	31	30	15	33	16	15	22	10	20	1	11	16	10	1	11	5	10	13	12	9	74	1	13	15	1	2	15	10	2	24	2	8	8	9	11	8	4	11	8	8	1	2	7	2	5	2	5	11	4	3	4	3	7	15	1	5	1	10	3	7	7	4	9	0	3	2	1	2	1	2	17	6	3	14	9	1	8	9	10	5	2	1	9	13	1	3	4	3	11	5	4	1	7	1	8	3	0	4	1	8	1	1	4	1	4	2	18	3	2	1	1	11	1	17	2	2	8	8	4	5	2	7	4	0	1	1	3	2	10	3	3	3	3	1	2	9	7	4	1	2	1	5	7	8	11	5	1	0	2	4	2	1	1	1	1	5	4	1	21	5	1	4	8	1	4	2	1	1	5	3	3	0	4	3	1	3	6	0	2	2	0	4	3	2	1	1	6	3	2	7	2	7	1	2	2	0	1	2	4	3	1	3	1	4	2	2	1	9	2	5	3	2	1	1	2	1	1	2	1	0	2	1	1	2	1	1	1	9.45000000000005	5.3	0.360999989509583	345.1	17.2500000000001	2.55000000000001	14.7	5.95000000000005	12.7500000000001	13.95	5.25000000000006	1551	179.5	85.7	26.3	519.2	269.8	285.6	481.3	25	18.6	5.4	5.4	90.6	68	-3.97094156479121	0.283635142314144	99.4	1.2	14	131802682	0.220773656184022
GCA_036927385.1	ASM3692738v1	ASM3692738v1	Germany	49.95	11.57	Bay-0	3	30	28	16	34	16	15	22	10	21	1	11	15	6	1	11	6	10	15	13	11	103	1	15	16	1	3	16	18	2	23	2	14	7	9	13	8	4	11	8	7	1	2	7	2	5	4	5	14	4	3	4	3	7	15	1	5	1	11	3	7	7	4	9	0	4	2	1	2	1	2	12	6	3	14	9	1	9	9	10	5	2	1	10	13	1	3	6	3	11	5	4	1	8	1	8	3	1	4	1	7	1	1	4	1	3	2	16	3	2	1	1	11	1	16	2	2	9	8	4	5	1	7	4	1	1	1	3	2	13	3	3	3	2	1	2	10	8	4	1	2	1	4	7	11	9	5	1	1	2	4	2	1	1	1	1	5	4	1	21	5	1	4	7	0	4	3	1	1	5	3	3	1	4	3	1	3	6	1	2	2	0	4	3	2	1	1	7	3	2	6	2	7	1	2	2	0	1	1	4	3	1	3	1	5	2	2	1	8	2	4	2	2	1	1	2	1	2	2	1	1	2	1	1	2	1	1	1	8.65000000000003	7.4	0.28199999332428	694.7	22.7500000000001	-3.54999999999995	26.3	0.850000000000023	4.35000000000002	17.55	-0.349999999999966	853.6	87.3	49.7	13.5	237.5	179.6	230	225.3	NA	NA	NA	NA	NA	NA	-5.07428585277585	2.40459422340719	99.4	1.1	14	130229030	0.208390164619978
GCA_036927435.1	ASM3692743v1	ASM3692743v1	Portugal	32.74	-16.93	Are-10	3	31	29	17	30	16	16	20	10	22	1	11	16	9	0	11	5	10	13	13	13	74	1	12	13	1	2	14	14	2	20	2	12	6	9	12	8	3	11	7	8	1	2	7	2	5	3	5	6	2	2	4	3	8	15	1	5	1	10	3	7	7	4	9	0	2	2	1	2	0	2	13	6	2	13	9	1	6	9	10	4	2	1	10	15	1	3	4	3	10	5	4	1	8	0	8	3	1	4	1	8	1	1	4	1	4	2	16	2	2	1	1	8	1	16	2	2	7	5	3	5	2	7	4	0	1	2	3	2	9	3	3	3	2	1	2	9	8	4	1	2	1	5	7	7	10	5	1	1	2	4	2	1	1	1	1	5	4	1	21	5	1	4	5	0	4	2	1	1	5	3	3	1	4	3	1	3	6	1	2	2	0	4	3	2	1	1	7	3	2	7	2	7	1	2	2	1	1	2	4	3	1	3	1	4	2	2	1	3	3	4	1	2	1	1	2	1	2	2	1	1	2	1	1	2	1	1	1	11.85	3.7	0.225	413.3	22.15	5.95000000000005	16.2	8.65000000000003	17.7500000000001	17.85	7.75000000000006	2506.3	429.1	21.7	60.7	1072.8	117.1	190.9	1028.3	19.8	19.1	5.4	5.5	58.5	45.8	15.6317746849261	-1.06964377500556	99.3	1.2	14	135806046	0.23948265160448
GCA_036927455.1	ASM3692745v1	ASM3692745v1	Portugal	32.74	-16.93	Are-6	3	31	29	17	29	16	17	19	10	22	1	11	16	9	0	11	5	10	12	13	14	82	1	11	15	1	2	14	14	2	21	2	12	6	9	12	8	4	11	7	8	1	2	7	2	5	4	5	6	3	2	4	3	8	13	1	5	1	10	3	7	7	4	9	0	2	2	1	2	0	2	14	5	2	13	9	1	5	9	10	4	2	1	9	15	1	3	5	3	10	5	4	1	8	1	8	3	1	4	1	8	1	1	4	1	4	2	13	2	2	1	1	8	1	16	2	2	8	6	3	5	2	7	4	0	1	2	3	2	11	3	3	3	2	1	2	9	8	4	1	2	1	5	7	7	10	5	1	1	2	4	2	1	1	1	1	5	4	1	21	5	1	4	5	0	4	2	1	1	5	3	3	1	4	3	1	3	6	1	2	2	0	4	3	2	1	1	7	3	2	7	2	7	1	2	2	1	1	2	4	3	1	3	1	4	2	2	1	3	3	4	1	2	1	1	2	1	2	2	1	1	2	1	1	2	1	1	1	11.85	3.7	0.225	413.3	22.15	5.95000000000005	16.2	8.65000000000003	17.7500000000001	17.85	7.75000000000006	2506.3	429.1	21.7	60.7	1072.8	117.1	190.9	1028.3	19.8	19.1	5.4	5.5	58.5	45.8	16.4477746718715	-1.17811791891704	99.3	1.2	14	134784271	0.233720980692176
GCA_036927475.1	ASM3692747v1	ASM3692747v1	Portugal	32.74	-16.93	Are-2	3	31	29	17	30	16	16	20	10	22	1	11	16	9	0	11	5	10	12	13	15	70	1	11	14	1	2	14	14	2	21	2	12	6	9	12	8	4	11	7	6	1	2	7	2	5	4	5	6	2	2	4	3	8	15	1	5	1	10	3	7	7	4	9	0	2	2	1	2	0	2	14	5	2	13	9	1	3	9	10	4	2	1	9	15	1	3	5	3	10	5	4	1	8	1	8	3	1	4	1	8	1	1	4	1	4	2	16	2	2	1	1	8	1	16	2	2	8	6	3	5	2	7	4	0	1	2	3	2	11	3	3	3	2	1	2	9	8	4	1	2	1	5	7	7	9	5	1	1	2	4	2	1	1	1	1	5	4	1	20	5	1	4	5	0	4	2	1	1	5	3	3	1	4	3	1	3	6	1	2	2	0	4	3	2	1	1	7	3	2	7	2	7	1	2	2	1	1	2	4	3	1	3	1	4	2	2	1	3	3	4	1	2	1	1	2	1	2	2	1	0	2	1	1	2	1	1	1	11.85	3.7	0.225	413.3	22.15	5.95000000000005	16.2	8.65000000000003	17.7500000000001	17.85	7.75000000000006	2506.3	429.1	21.7	60.7	1072.8	117.1	190.9	1028.3	19.8	19.1	5.4	5.5	58.5	45.8	15.7320547538524	-1.1961048884362	99.3	1.3	14	137599959	0.249662254623201
GCA_036927485.1	ASM3692748v1	ASM3692748v1	Iran	37.5	49.37	Anz-0	3	31	29	18	32	16	15	22	10	20	1	12	15	9	1	11	5	10	15	14	10	62	1	12	16	1	5	15	48	2	22	2	8	10	9	12	8	4	11	8	7	1	2	7	2	5	2	4	9	5	3	4	3	7	15	1	5	2	10	3	7	7	4	9	1	3	2	1	2	1	2	16	6	4	14	8	1	6	9	8	5	2	1	9	12	1	3	5	3	11	5	4	1	8	1	8	3	1	4	0	8	1	1	4	1	4	2	17	3	2	1	1	9	1	17	2	2	9	7	4	5	2	7	4	1	1	2	3	2	19	3	3	3	3	1	2	9	7	4	1	2	1	4	7	7	12	5	1	1	2	4	2	1	1	1	1	5	4	1	20	4	1	4	8	1	4	3	1	1	5	2	3	1	4	3	1	3	6	1	2	2	0	4	3	2	1	1	7	3	2	7	2	7	1	2	2	1	1	2	4	3	1	3	1	4	2	2	1	3	3	5	1	2	1	1	2	1	2	2	1	1	2	1	1	2	1	1	1	16.7500000000001	3	0.144000005722046	651.1	27.2500000000001	6.15000000000003	21.1	19.15	22.45	25.05	8.65000000000003	1275.7	211.6	37	52.7	561.4	127.1	157.4	287.6	23	20.5	7.1	7.2	32.9	18.4	-2.69446521825913	-1.50152297873486	99.4	1.2	12	137297184	0.22994460687555
GCA_036927505.1	ASM3692750v1	ASM3692750v1	Armenia	40.14	44.82	Geg-14	3	31	32	18	33	16	11	24	10	21	1	12	15	9	1	11	5	10	11	14	10	99	1	14	18	1	3	15	20	1	23	2	14	10	9	13	8	4	11	8	8	1	2	7	2	5	2	5	12	4	3	4	3	7	15	1	5	1	10	3	7	7	4	9	1	3	2	1	2	1	2	13	7	2	12	9	1	8	9	10	5	2	1	9	15	1	3	5	3	11	5	4	1	8	1	8	3	1	4	1	8	1	1	4	1	4	2	16	2	2	1	1	11	1	16	2	1	9	8	4	5	2	7	4	0	1	2	3	2	14	3	3	3	3	1	2	9	8	4	1	2	1	5	7	5	12	5	1	0	2	4	2	0	1	1	1	5	4	1	21	5	1	4	8	1	4	2	1	1	4	3	3	0	4	3	1	3	6	1	2	2	0	4	3	2	1	1	5	2	2	7	2	7	1	2	2	0	1	2	4	3	1	3	1	4	2	2	1	2	3	5	2	2	1	1	2	1	2	2	1	0	2	1	1	2	1	1	1	6.45000000000005	10	0.28199999332428	918.2	24.2500000000001	-11.2499999999999	35.5	5.35000000000002	17.65	17.95	-5.64999999999998	724.4	102.4	26.4	37.4	274	100.2	142.9	158.7	28.8	26.4	6.8	6.9	29.4	21.8	0.761503404715594	8.10233096585962	99.4	0.9	11	131282113	0.209337984985053
GCA_036936705.1	ASM3693670v1	ASM3693670v1	Germany	50.28	8.36	Db-1	3	31	32	18	33	16	17	23	8	22	1	11	15	9	1	11	5	10	15	13	10	62	1	16	19	1	5	15	54	1	23	2	7	10	8	13	8	4	11	8	8	1	2	7	2	5	4	5	10	5	3	4	2	7	15	1	5	1	11	3	7	7	4	9	0	3	2	1	2	0	2	15	7	4	16	9	1	9	9	10	5	2	1	10	14	1	3	6	3	10	5	3	1	8	1	8	3	1	4	1	8	1	1	4	1	4	2	8	2	2	1	1	10	1	14	2	2	9	8	4	5	1	7	4	1	1	2	2	2	14	3	3	3	3	1	2	10	8	4	1	2	1	4	7	7	12	5	1	1	2	4	2	1	1	1	0	4	4	1	20	5	1	4	5	0	4	3	1	1	5	3	3	1	4	3	1	3	6	1	2	2	0	4	3	2	1	1	7	3	2	8	2	7	1	2	2	1	1	2	4	3	1	3	1	4	2	2	1	6	4	5	2	2	1	1	2	1	2	2	1	1	2	1	1	2	1	1	1	8.15000000000003	7.5	0.315000009536743	598.6	21.05	-2.64999999999998	23.7	14.45	3.95000000000005	15.95	0.550000000000011	846.1	80	54	9.9	231.4	184.5	224.2	210.1	29.6	20	6	6.1	39.2	22.9	-5.02635264325222	-0.70763262892106	99.4	1.1	19	137524412	0.23430153622471
GCA_036936715.1	ASM3693671v1	ASM3693671v1	Estonia	59.45	24.76	Est-0	3	31	28	16	35	16	26	23	10	22	1	12	15	9	1	11	5	10	12	14	9	57	1	14	17	1	3	16	14	2	23	2	13	9	8	15	8	4	11	8	7	1	2	7	2	5	1	5	15	4	3	4	3	7	15	1	5	2	10	3	7	7	4	9	1	4	2	1	2	1	2	14	8	3	15	9	1	7	9	10	5	2	1	10	13	1	3	5	3	11	5	4	1	8	1	8	3	1	4	1	8	1	1	4	1	3	2	11	3	2	1	1	10	1	14	1	2	9	6	4	5	2	7	4	1	1	2	3	2	18	3	3	3	3	1	2	10	7	4	1	2	1	4	6	7	11	14	1	0	2	4	2	1	1	1	1	5	4	1	22	5	1	4	8	0	4	2	1	0	5	3	3	0	4	3	1	3	6	1	2	2	0	4	3	2	1	1	6	3	2	7	2	7	1	2	2	1	1	3	4	3	1	3	1	4	2	2	1	9	2	4	2	2	1	1	2	1	2	2	1	1	2	1	1	2	1	1	1	6.05000000000001	5.3	0.187999999523163	767.8	20.95	-7.34999999999997	28.3	11.7500000000001	4.45000000000005	16.2500000000001	-3.34999999999997	670.4	81.7	30.4	31.8	226.7	100.4	215.7	141.6	NA	NA	NA	NA	NA	NA	-2.07282945293811	-1.15662624445383	99.4	1.1	13	135155182	0.228662930585969
GCA_036936845.1	ASM3693684v1	ASM3693684v1	India	34.2	76.83	Kas-1	3	31	29	17	33	16	16	21	10	21	1	11	16	9	1	11	5	10	11	13	9	111	1	13	19	1	5	16	20	1	24	2	8	7	8	13	8	4	11	6	8	1	2	7	2	5	3	5	14	4	3	4	3	7	15	1	5	1	10	3	7	7	4	9	1	3	2	1	2	1	2	15	7	3	12	9	1	5	9	10	5	2	1	10	15	1	3	5	3	12	5	4	1	8	1	8	3	1	4	1	8	1	1	4	1	4	2	5	3	2	1	1	11	1	17	2	2	9	8	4	5	2	7	4	0	1	1	3	2	19	3	3	3	3	1	2	10	7	4	1	2	1	5	6	7	12	5	1	0	2	4	2	1	1	1	1	5	4	1	20	5	1	4	7	1	4	2	1	1	4	3	3	0	4	3	1	3	6	1	2	2	0	4	3	2	1	1	7	3	2	7	2	7	1	2	2	1	1	2	4	3	1	2	1	4	2	2	1	8	3	5	2	2	1	1	2	1	2	2	1	1	2	1	1	2	1	1	1	-4.64999999999998	11.2	0.290000009536743	962.1	14.85	-23.65	38.5	-11.55	-9.84999999999997	8.55000000000001	-16.35	525.1	63.9	18.9	30.5	176.1	77	133.4	143.2	16.2	15.8	7.9	7.9	6.8	8.2	-1.30623059936381	9.09141205261604	99.4	1.1	9	136722755	0.228835573127531
GCA_036936885.1	ASM3693688v1	ASM3693688v1	Poland	52.24	21.01	Mh-0	3	31	30	18	31	16	16	23	10	22	1	11	15	10	1	11	6	10	13	13	12	66	1	14	24	1	4	16	48	2	22	2	13	7	9	15	8	4	11	8	8	1	2	7	2	5	2	5	13	5	2	4	3	7	15	1	5	1	11	3	7	7	4	9	1	3	2	1	2	1	2	16	7	3	15	9	1	8	9	10	5	2	1	9	16	1	3	5	3	10	5	4	1	8	1	8	3	1	4	1	8	1	1	4	1	3	2	11	3	2	1	1	10	1	12	2	2	9	7	4	5	2	7	4	0	1	1	3	2	19	3	3	3	3	1	2	9	8	4	1	2	1	5	6	7	12	5	1	1	2	4	2	1	1	1	1	5	4	1	20	5	1	4	5	1	4	2	1	1	5	3	3	1	4	3	1	3	6	1	2	2	0	4	3	2	1	1	7	3	2	8	2	7	1	2	2	0	1	2	4	3	1	3	1	4	2	2	1	9	4	5	2	2	1	1	2	1	2	2	1	1	2	1	1	2	1	1	1	8.45000000000005	7.3	0.263000011444092	741.1	23.35	-4.24999999999994	27.6	17.95	0.0500000000000114	17.95	-1.04999999999995	579.7	78.5	30.2	34.4	221.5	97	221.5	104.6	NA	NA	NA	NA	NA	NA	-4.5338068439576	-2.41471072608963	99.4	1	21	135767870	0.220507178907646
GCA_036936895.1	ASM3693689v1	ASM3693689v1	Italy	44.5	9.5	Mr-0	3	31	28	17	32	16	18	22	9	21	1	11	14	9	1	11	5	10	14	13	11	89	1	14	17	1	5	15	54	1	22	2	9	10	9	12	8	4	11	8	8	1	2	7	2	5	4	5	10	4	3	4	3	7	15	1	5	0	10	3	7	7	4	9	0	4	2	1	2	1	2	15	8	3	13	8	1	9	7	10	5	2	1	9	14	1	3	5	3	10	5	4	1	8	1	8	3	1	4	1	8	1	1	4	1	3	2	9	3	2	1	1	10	1	18	2	2	9	7	4	5	2	7	4	1	1	2	3	2	13	3	3	3	2	1	2	7	7	4	1	2	1	5	7	8	10	5	1	1	2	4	2	1	1	1	1	5	4	1	19	5	1	5	8	1	4	3	1	1	5	3	3	1	4	3	1	3	6	1	2	2	0	4	3	2	1	1	7	3	2	6	2	7	1	2	2	1	1	1	4	3	1	3	1	4	2	2	1	3	3	5	3	2	1	1	2	1	2	2	1	1	1	1	1	2	1	1	1	7.85000000000002	6.7	0.292000007629395	584.3	19.85	-3.14999999999998	23	8.65000000000003	15.65	15.65	0.650000000000034	1545.4	217	58.1	35.9	581.5	248.2	248.2	357	20.9	17	5.8	6.1	68	60.6	-0.263698445175959	-0.58589922859276	99.4	1.2	14	139368761	0.239660026826241
GCA_036936905.1	ASM3693690v1	ASM3693690v1	Russia	55.78	37.62	Ms-0	3	31	29	17	33	16	17	21	10	21	1	11	16	9	1	11	5	10	11	13	9	111	1	13	19	1	5	16	17	1	24	2	8	7	8	13	8	4	11	6	8	1	2	7	2	5	3	5	14	4	3	4	3	7	15	1	5	1	10	3	7	7	4	9	1	3	2	1	2	1	2	15	7	3	12	9	1	5	9	10	5	2	1	10	15	1	3	5	3	12	5	4	1	8	1	8	3	1	4	1	8	1	1	4	1	4	2	5	3	2	1	1	11	1	17	2	2	9	8	4	5	2	7	4	0	1	1	3	2	19	3	3	3	3	1	2	10	7	4	1	2	1	5	6	7	12	5	1	0	2	4	2	1	1	1	1	5	4	1	20	5	1	4	7	1	4	2	1	1	4	3	3	0	4	3	1	3	6	1	2	2	0	4	3	2	1	1	7	3	2	7	2	7	1	2	2	1	1	2	4	3	1	2	1	4	2	2	1	8	3	5	2	2	1	1	2	1	2	2	1	1	2	1	1	2	1	1	1	5.25000000000006	6.9	0.203999996185303	958	22.95	-10.95	33.9	17.45	-1.14999999999998	17.45	-7.04999999999995	717.3	86.2	35.5	29.5	251.2	113.1	251.2	146.7	NA	NA	NA	NA	NA	NA	-1.36324996647638	9.1417926678831	99.4	1.1	13	136611995	0.229549096329352
GCA_036936915.1	ASM3693691v1	ASM3693691v1	Portugal	40.23	-8.43	Co-4	3	31	29	18	32	16	15	22	10	21	1	11	16	10	1	11	4	10	10	13	9	96	1	12	17	1	4	13	40	1	21	2	11	6	9	14	8	4	12	8	8	1	2	7	2	5	1	5	13	4	3	4	3	7	15	1	5	1	11	3	7	7	4	9	1	3	2	1	2	0	2	14	8	3	14	9	1	7	9	10	5	2	1	9	15	1	3	6	3	11	5	3	1	8	1	8	3	1	4	1	8	1	1	4	1	4	2	14	2	2	1	1	10	1	16	2	2	9	7	4	5	2	7	4	0	1	1	3	2	16	3	3	3	3	1	1	10	8	4	1	2	1	5	6	9	10	5	1	1	2	4	2	1	1	1	1	5	4	1	24	5	1	4	8	1	4	2	1	1	5	3	3	1	4	3	1	3	6	1	2	2	0	4	3	2	1	1	7	3	2	7	2	6	0	2	2	0	1	2	4	2	1	3	1	4	2	2	1	3	2	5	2	2	1	1	2	1	2	2	1	0	2	1	1	2	1	1	1	15.35	10.1	0.428000020980835	435.3	28.45	4.75000000000006	23.7	13.05	20.95	21.05	9.85000000000002	979.8	149.4	13.4	52.8	399.8	65.4	84.4	365.9	19.5	17.5	7	7	29.6	15	-0.457973832810031	-3.28840551741982	99.4	1	15	134924136	0.221423615415999
GCA_036936945.1	ASM3693694v1	ASM3693694v1	Estonia	58.3	25.3	Est-1	3	30	30	17	35	16	15	23	8	21	1	12	16	10	1	11	5	10	15	15	9	92	1	13	20	1	5	16	16	1	23	2	14	9	9	15	8	4	11	8	8	1	2	7	2	5	4	5	13	4	3	4	3	7	15	1	5	2	11	3	7	7	4	9	0	3	2	1	2	1	2	15	6	4	14	9	1	6	9	10	5	2	1	10	13	1	3	6	3	12	5	4	1	8	1	8	2	1	4	1	8	1	1	4	1	4	2	17	3	2	1	1	11	1	16	2	2	9	8	4	5	1	7	4	1	1	2	3	2	19	3	3	3	3	1	2	10	8	4	1	2	1	5	7	10	9	5	1	1	2	4	2	0	1	1	1	5	4	1	21	5	1	4	5	1	4	2	1	1	5	3	3	1	4	3	1	3	5	1	2	2	0	4	3	2	1	1	7	3	2	8	2	7	1	2	2	1	1	2	4	3	1	3	1	4	2	2	1	9	3	4	2	2	1	1	2	1	2	2	1	1	2	1	1	2	1	1	1	5.85000000000002	6.6	0.225	784.6	21.35	-7.94999999999999	29.3	16.15	-0.149999999999977	16.15	-3.94999999999999	817.5	95	38.4	28.4	272.9	129	272.9	176.1	24.3	12.1	6.3	6.3	40.8	19.5	-3.08804058434921	5.04233628514386	99.4	1.1	12	136582209	0.230376944628271
GCA_036936955.1	ASM3693695v1	ASM3693695v1	Lebanon	33.92	35.7	Had-6b	3	30	28	15	30	14	16	21	8	18	1	11	15	10	1	11	5	10	11	13	10	66	1	13	19	1	3	15	38	2	22	1	14	7	9	12	8	4	11	7	6	1	2	7	2	5	1	5	11	2	3	4	3	6	15	1	5	1	10	3	7	7	4	9	0	3	2	1	2	1	2	15	7	3	15	8	1	8	8	10	5	2	1	9	14	1	3	5	3	9	5	4	1	8	0	8	3	1	4	1	8	1	1	4	1	4	2	11	2	2	1	1	9	1	15	2	2	9	7	4	5	1	7	4	1	1	2	3	2	8	3	3	3	2	1	2	9	8	4	1	2	1	4	6	8	12	5	1	1	2	4	2	1	1	1	1	5	4	1	20	5	1	4	4	0	4	2	1	1	5	3	3	1	4	3	1	3	6	1	2	2	1	4	3	2	1	1	7	3	2	6	2	7	1	2	2	1	1	3	4	3	1	2	1	5	2	2	1	3	3	4	1	2	1	1	2	1	2	2	1	1	2	1	1	2	1	1	1	14.15	9.3	0.35699999332428	620.2	27.05	1.15000000000003	25.9	6.15000000000003	21.65	21.85	6.15000000000003	1217.2	277	1.3	96.7	721	6.8	9.6	721	26.6	26	6.4	6.4	26.9	14.5	2.54072196868947	-1.3716247277443	99.4	0.9	12	134625600	0.215435608086426
GCA_036937005.1	ASM3693700v1	ASM3693700v1	Japan	34.51	133.36	Hiroshima	3	31	30	14	30	16	15	21	10	21	1	11	15	9	1	11	5	10	13	13	9	73	1	13	14	1	2	15	46	1	22	2	12	10	9	14	8	4	11	8	8	1	2	7	2	5	2	5	15	4	3	4	2	7	15	1	5	1	10	3	7	7	4	9	1	3	2	1	2	1	2	15	6	2	10	9	1	6	9	10	4	2	1	10	16	1	3	4	3	11	5	4	1	8	1	8	3	1	4	1	8	1	1	4	1	4	2	16	3	2	1	1	10	1	16	2	2	9	8	4	5	1	7	4	1	1	2	3	2	20	3	3	3	3	1	2	10	8	4	1	2	1	4	7	7	11	5	1	1	2	4	2	0	1	1	1	5	4	1	24	5	1	4	8	1	4	2	1	1	5	3	3	0	4	3	1	3	6	1	2	2	0	4	3	2	1	1	7	3	2	7	2	7	1	2	2	1	1	2	4	2	1	2	1	4	2	2	1	3	4	5	2	2	1	1	2	1	2	2	1	0	2	1	1	2	1	1	1	17.05	7.2	0.246000003814697	770.2	31.2500000000001	1.95000000000005	29.3	23.55	7.35000000000002	27.05	7.35000000000002	1297.4	205.1	34.6	51.3	548.8	130	457	130	12.4	9.9	5.7	5.7	26.4	15.5	2.69411837224151	7.76613927746461	99.4	1	22	140387680	0.245409248161947
GCA_036937185.1	ASM3693718v1	ASM3693718v1	Japan	36.66	136.65	Ishikawa	3	31	30	14	30	16	15	21	9	21	1	11	15	9	1	11	5	10	13	13	9	73	1	13	14	1	2	15	53	1	22	2	12	10	7	14	8	4	11	8	7	1	1	7	2	5	3	5	14	4	3	4	2	7	15	1	5	1	10	3	7	7	4	9	1	3	2	1	2	1	2	15	6	2	10	9	1	6	9	10	4	2	1	10	15	1	3	4	3	11	5	4	1	8	1	8	3	1	4	1	8	1	1	4	1	4	2	16	3	2	1	1	10	1	16	2	2	9	6	4	5	1	7	4	1	1	2	3	2	20	3	3	3	3	1	2	10	7	4	1	2	1	4	7	7	11	5	1	1	2	4	2	0	1	1	1	5	4	1	24	5	1	4	5	1	4	3	1	1	5	3	3	0	4	3	1	3	6	1	2	2	0	4	3	2	1	1	7	3	2	7	2	7	1	2	2	1	1	2	4	2	1	2	1	4	2	2	1	3	4	5	2	2	1	1	2	1	2	2	1	0	2	1	1	2	1	1	1	15.05	6.5	0.214000010490418	802.2	29.95	-0.449999999999989	30.4	7.55000000000001	12.65	25.45	5.05000000000001	2516.7	291.9	140.7	24.8	852.7	463.8	636	761	22	15.8	5.2	5.2	37.1	27.1	3.74094650320298	4.53670509861069	99.3	1	10	140867131	0.249337973668251
GCA_036937335.1	ASM3693733v1	ASM3693733v1	Kyrgyzstan	40.05	72.6	Kyr-1	3	31	28	17	33	16	16	26	10	21	1	11	15	10	1	11	6	10	14	15	10	69	1	13	17	1	4	15	54	2	23	2	9	7	8	13	8	4	11	8	8	1	2	7	2	5	1	5	9	4	3	4	3	7	15	1	5	1	11	3	7	7	4	9	1	3	2	1	2	0	2	14	7	2	14	9	1	7	9	10	4	2	1	10	16	1	3	5	3	10	5	4	1	8	1	8	3	1	4	1	8	1	1	4	1	4	2	16	3	1	1	1	11	1	17	2	2	9	8	4	5	2	7	4	0	1	1	3	2	14	3	3	3	3	1	2	10	8	4	1	2	1	5	7	7	11	5	1	0	2	4	2	0	1	1	1	5	4	1	21	5	1	4	5	1	4	3	1	1	4	3	3	0	4	3	1	3	6	1	2	2	0	4	3	2	1	1	6	3	2	7	2	7	1	2	2	0	1	1	4	3	1	4	1	4	2	2	1	3	3	5	3	2	1	1	2	1	2	2	1	0	2	1	1	2	1	1	1	2.65000000000003	7.5	0.251999998092651	769.9	17.65	-12.15	29.8	7.25000000000006	7.85000000000002	12.55	-7.44999999999999	567.8	84.6	21.6	41.1	229.2	91	148.1	102.5	20.8	17.4	6.8	6.8	41.5	27.7	2.19091239475002	11.5885382750436	99.3	1.1	11	136708680	0.228878159016677
GCA_036937385.1	ASM3693738v1	ASM3693738v1	Russia	51.75	80.83	Nov-02	3	31	32	15	36	16	14	23	10	21	1	11	15	10	1	11	5	10	11	14	9	98	1	13	14	1	4	16	53	2	24	2	9	8	7	13	8	4	12	8	8	1	2	7	2	5	2	5	9	4	3	4	3	7	15	1	5	1	11	3	7	7	4	9	0	3	2	1	2	0	2	15	6	2	11	8	1	7	9	9	5	2	1	9	14	1	3	4	3	10	5	4	1	8	1	8	3	1	4	1	8	1	1	4	1	3	2	5	2	2	1	1	11	1	15	2	1	9	8	4	5	2	7	4	0	1	1	3	2	26	3	3	3	3	1	2	9	8	4	1	2	1	4	7	7	10	5	1	0	2	4	2	0	1	1	1	5	4	1	21	5	1	4	5	1	4	3	1	1	4	3	3	0	4	3	1	3	5	1	2	2	0	4	3	2	1	1	7	3	2	7	2	7	1	2	2	0	1	2	4	3	1	3	1	4	2	2	1	8	3	5	2	2	1	1	2	1	2	2	1	1	2	1	1	2	1	1	1	3.65000000000003	9.5	0.217000007629395	1286.5	25.7500000000001	-18.05	43.8	19.65	-11.2499999999999	19.65	-13.2499999999999	333.2	55.5	14.7	39.8	127.9	47.1	127.9	51.4	23.1	23.1	7.2	7.4	22.6	18.3	0.757729268512412	10.994646477146	99.4	1.1	10	139499752	0.244881804521058
GCA_036937455.1	ASM3693745v1	ASM3693745v1	United Kingdom	57.15	-2.22	Abd-0	3	31	28	18	28	16	17	21	10	21	1	11	16	10	1	11	5	10	15	13	9	70	1	14	16	1	5	16	18	2	21	2	7	10	9	14	8	4	12	8	8	1	2	7	2	5	3	5	10	4	3	4	3	7	13	1	5	0	10	3	7	7	4	9	1	3	2	1	2	0	2	15	6	4	15	9	1	9	9	10	5	2	1	8	13	1	3	4	3	10	5	4	1	7	1	8	2	1	4	1	8	1	1	4	1	4	2	10	2	2	1	1	11	1	14	2	2	9	8	4	5	1	7	4	1	1	1	3	2	24	3	3	3	2	1	2	9	7	4	1	2	1	5	7	9	7	5	1	1	2	4	2	1	1	1	0	5	4	1	22	5	1	4	8	1	4	2	1	1	5	3	3	1	4	3	1	3	6	1	2	2	0	4	3	2	1	1	6	3	2	7	2	7	1	2	2	0	1	2	4	3	1	3	1	4	2	2	1	2	2	5	2	2	1	1	2	1	2	2	1	1	1	1	1	2	1	1	1	8.25000000000006	4.1	0.297000002861023	346.5	15.35	1.55000000000001	13.8	6.85000000000002	8.85000000000002	12.95	4.25000000000006	1010.7	119	69.1	18.8	324.1	212.8	239.3	251.5	21.2	13.8	5.6	5.7	91.7	42.3	-3.85758407076398	0.0239131778386809	99.4	1.1	18	134127428	0.21758568277325
GCA_036937465.1	ASM3693746v1	ASM3693746v1	Russia	56.27	34.33	Rld-2	3	30	28	17	33	16	13	23	8	20	1	11	15	10	1	11	5	10	14	15	8	61	1	14	19	1	5	16	16	2	22	2	14	9	8	15	8	4	11	8	8	1	2	7	2	5	2	5	13	4	3	4	3	7	15	1	5	2	11	3	7	7	4	9	0	3	2	1	2	1	2	14	6	3	11	9	1	9	9	10	5	2	1	9	13	1	3	5	3	12	5	4	1	8	1	8	3	1	4	1	8	1	1	4	1	4	2	17	3	2	1	1	11	1	17	2	2	9	8	4	5	1	7	4	1	1	2	3	2	19	3	3	3	3	1	2	10	8	4	1	2	1	5	7	10	11	5	1	1	2	4	2	0	1	1	1	5	4	1	22	5	1	4	5	1	4	3	1	1	5	3	3	1	4	3	1	3	5	1	2	2	0	4	3	2	1	1	7	3	2	8	2	7	1	2	2	0	1	2	4	3	1	3	1	4	2	2	1	2	3	5	2	2	1	1	2	1	2	2	1	1	2	1	1	2	1	1	1	5.15000000000003	6.6	0.202999997138977	908	21.95	-10.45	32.4	16.7500000000001	-0.849999999999966	16.7500000000001	-6.54999999999995	666.3	84.9	31.8	35.8	252.2	96.1	252.2	115.5	NA	NA	NA	NA	NA	NA	-2.36998223018039	7.4875450136711	99.4	1	15	138707443	0.238497381860035
GCA_036937475.1	ASM3693747v1	ASM3693747v1	China	47.76	88.4	Altai-5	3	31	33	17	33	16	14	22	10	22	1	11	15	9	1	11	6	10	11	14	9	113	1	13	15	1	4	15	54	2	22	2	12	9	6	11	8	3	12	8	6	1	2	7	2	5	1	5	9	4	3	4	3	7	15	1	5	1	11	3	7	7	4	9	0	3	2	1	2	0	2	15	6	3	14	9	1	7	9	10	4	2	1	9	15	2	3	5	3	10	5	4	1	8	1	8	3	1	4	1	8	1	1	4	1	4	2	5	2	2	1	1	10	1	16	2	1	8	7	4	5	1	7	4	0	1	1	3	2	25	3	3	3	3	1	2	10	7	4	1	2	1	4	7	7	12	5	1	0	2	4	2	0	1	1	1	5	4	1	21	5	1	4	6	1	4	3	1	1	4	3	3	1	4	3	1	3	6	1	2	2	0	4	3	2	1	1	6	3	2	7	2	7	1	2	2	1	1	1	4	3	1	3	1	4	2	2	1	3	4	5	2	2	1	1	2	1	2	2	1	0	1	1	1	2	1	1	1	3.05000000000001	11.9	0.26800000667572	1311.2	25.2500000000001	-19.25	44.5	19.15	-11.45	19.15	-14.35	406.1	64.7	15.2	37.9	151.9	59	151.9	74.1	20.8	21	8.2	8.2	19	14.8	1.53963636849023	10.6531671850289	99.4	1.1	15	137014786	0.230579712761804
GCA_036937505.1	ASM3693750v1	ASM3693750v1	Kyrgyzstan	42.3	74.37	Kar-1	3	31	28	18	31	16	17	25	10	21	1	11	15	10	1	11	6	10	13	14	10	70	1	12	16	1	3	16	53	1	21	2	14	9	8	13	8	4	11	8	8	1	2	7	2	5	1	5	9	4	3	4	3	7	15	1	5	1	10	3	7	7	4	9	1	3	2	1	2	1	2	15	5	3	14	9	1	7	9	10	4	2	1	9	14	1	3	5	3	10	5	4	1	8	1	8	3	1	4	1	8	1	1	4	1	3	2	8	4	2	1	1	11	1	16	2	1	9	8	4	5	2	7	4	0	1	1	3	2	25	3	3	3	3	1	2	10	8	4	1	2	1	4	7	7	12	5	1	0	2	4	2	0	1	1	1	4	4	1	21	5	1	4	7	1	4	3	1	1	4	3	3	0	4	3	1	3	6	1	2	2	0	4	3	2	1	1	6	3	2	7	2	7	1	2	2	0	1	3	4	3	1	3	1	4	2	2	1	3	3	5	3	2	1	1	2	1	2	2	1	0	2	1	1	2	1	1	1	0.250000000000057	9.1	0.269000005722046	916.3	16.15	-17.55	33.7	9.65000000000003	-11.95	11.55	-11.95	500.9	68.8	20.9	38.1	194.3	74	159.6	74	24.9	22.8	6.7	6.7	53.1	29.6	1.90397553749569	10.2651108874556	99.4	1.1	10	134343331	0.219704683368317
GCA_036937515.1	ASM3693751v1	ASM3693751v1	USA	41.56	-86.43	RRS10	3	31	29	18	32	16	14	23	10	19	1	11	16	9	1	11	6	10	13	13	9	63	1	13	23	1	2	15	17	1	22	2	13	7	9	14	8	4	12	8	8	1	2	7	2	5	3	5	14	3	3	4	3	7	15	1	5	1	10	3	7	7	4	9	1	4	2	1	2	1	2	16	7	3	15	9	1	7	9	10	5	2	1	9	14	1	3	4	3	10	5	4	1	8	1	7	2	1	4	1	8	1	1	4	1	4	2	18	3	2	1	1	10	1	10	2	1	9	8	4	5	1	7	4	1	1	2	3	2	22	3	3	3	3	1	2	10	8	4	1	2	1	5	7	8	11	5	1	1	2	4	2	1	1	1	1	5	4	1	18	5	1	4	5	1	4	2	1	1	5	3	3	0	4	3	1	3	6	1	2	2	0	4	3	2	1	1	7	3	2	7	2	7	1	2	2	0	1	1	4	3	1	2	1	5	2	2	1	2	3	5	2	2	1	1	2	1	2	2	1	0	2	1	1	2	1	1	1	10.2500000000001	9.1	0.254999995231628	942.5	28.15	-7.44999999999999	35.6	20.05	-0.749999999999943	22.15	-2.34999999999997	1074.2	119	60.5	21.9	343.5	189.1	338.2	195.4	15.5	10.1	6	6	32	11.6	-2.94515428728635	0.125456216889047	99.4	1.1	12	137553993	0.237533126355699
GCA_036937805.1	ASM3693780v1	ASM3693780v1	Ukraine	50.47	30.52	Rubezhnoe-1	3	31	29	17	34	16	14	20	10	22	1	11	15	9	1	11	5	10	12	13	10	79	1	12	18	1	0	15	14	2	23	2	9	9	8	14	8	4	11	8	8	1	2	7	2	5	1	5	14	4	3	4	3	7	15	1	5	1	10	3	7	7	4	9	0	3	2	1	2	1	2	15	6	2	10	9	1	7	9	10	5	2	1	10	13	1	3	3	3	11	5	4	1	8	1	8	3	1	4	1	8	1	1	4	1	3	2	23	3	2	1	1	10	1	11	2	1	9	8	4	5	1	7	4	0	1	2	3	2	17	3	3	3	3	1	2	10	7	4	1	2	1	5	6	7	12	5	1	0	2	4	2	1	1	1	1	5	4	1	23	5	1	4	7	1	4	2	1	1	4	3	3	1	4	3	1	3	6	1	2	2	0	4	3	1	1	1	7	3	2	7	2	7	1	2	2	0	1	2	4	3	1	2	1	4	2	0	1	3	3	5	2	2	1	1	2	1	2	2	1	1	2	1	1	2	1	1	1	8.25000000000006	7.1	0.229999995231628	886.6	24.55	-6.24999999999994	30.8	19.45	-1.74999999999994	19.45	-3.14999999999998	618.6	83.4	33.5	30	222.9	105.1	222.9	114.3	NA	NA	NA	NA	NA	NA	0.146312823755473	8.42202608620127	99.4	0.9	7	137009881	0.239653058307525
GCA_036937815.1	ASM3693781v1	ASM3693781v1	Kyrgyzstan	42.19	73.41	Sus-1	3	31	29	17	31	16	15	23	10	21	1	11	15	9	0	11	6	10	15	14	10	88	0	13	16	1	3	16	52	1	22	2	12	9	8	13	8	3	11	8	8	1	2	7	2	5	1	5	9	4	3	4	3	7	15	1	5	1	11	3	7	7	4	9	0	3	2	1	2	0	2	15	6	3	14	9	1	7	9	10	4	2	1	9	16	1	3	5	3	10	5	4	1	8	1	8	3	1	4	1	8	1	1	4	1	4	2	11	2	2	1	1	11	1	16	2	2	9	7	4	5	1	7	4	0	1	2	3	2	17	3	3	3	3	1	2	10	7	4	1	2	1	5	7	7	12	5	1	0	2	4	2	0	1	1	1	5	4	1	21	4	1	4	5	1	4	3	1	1	4	3	3	0	4	3	1	3	6	1	2	2	0	4	3	2	1	1	6	3	2	7	2	7	1	2	2	0	1	3	4	3	1	3	1	4	2	2	1	3	3	5	3	2	1	1	2	1	2	2	1	0	1	1	1	2	1	1	1	1.15000000000003	8.3	0.270000004768372	815.2	16.45	-14.15	30.6	6.15000000000003	-9.64999999999998	11.35	-9.64999999999998	667.8	90.4	32.8	33	246	111.9	196.9	111.9	23.3	21.8	6.4	6.4	52.8	27.2	2.05365819771755	10.6128429535498	99.4	1	6	136024298	0.224810805493001
GCA_036937985.1	ASM3693798v1	ASM3693798v1	Spain	40.44	-3.7	Sah-0	3	31	30	17	31	16	15	22	9	22	1	11	16	9	0	11	5	10	14	14	12	85	1	12	14	1	4	13	27	2	21	2	12	6	9	11	8	4	11	8	6	1	2	7	2	5	3	5	14	3	2	4	3	7	15	1	5	1	9	3	7	7	4	9	0	2	2	1	2	1	2	15	6	3	15	9	1	5	9	10	5	1	1	10	13	1	3	4	3	11	5	4	1	7	1	8	3	1	4	1	8	1	1	4	1	4	2	24	3	2	1	1	9	1	12	2	2	9	5	4	5	2	7	4	0	1	2	3	2	8	3	3	3	1	1	2	8	8	4	1	2	1	4	7	8	12	5	1	1	2	4	2	1	1	1	1	5	4	1	19	5	1	4	6	0	4	2	1	1	5	3	3	1	4	3	1	3	6	1	2	2	0	4	3	2	1	1	7	3	2	4	2	7	1	2	2	0	1	2	4	3	1	3	1	5	2	2	1	3	4	5	1	2	1	1	2	1	2	2	1	0	2	1	1	2	1	1	1	14.45	11.4	0.364000010490418	711.4	31.65	0.350000000000023	31.3	9.95000000000005	24.2500000000001	24.2500000000001	5.95000000000005	425.8	57.5	10.3	46.2	169	42.9	42.9	124.4	NA	NA	NA	NA	NA	NA	12.9584538615094	-2.31159129344091	99.4	1.1	9	141634957	0.250696415292448
GCA_036938785.1	ASM3693878v1	ASM3693878v1	Kyrgyzstan	42.8	76.35	Zal-1	3	31	32	16	34	16	20	25	10	21	1	11	15	10	1	11	6	10	15	15	10	70	1	13	15	1	4	15	18	2	23	2	13	9	7	13	8	4	11	8	8	1	2	7	2	5	2	5	9	4	2	4	3	7	15	1	5	1	10	3	7	7	4	9	0	3	2	1	2	0	2	15	6	2	12	9	1	9	9	10	4	2	1	10	16	1	3	5	3	10	5	4	1	8	1	8	3	1	4	1	8	1	1	4	1	3	2	5	3	2	1	1	11	1	16	2	1	9	8	4	5	2	7	4	0	1	1	3	2	15	3	3	3	3	1	2	10	8	4	1	2	1	4	7	7	11	5	1	0	2	4	2	0	1	1	1	4	4	1	21	5	1	4	6	1	4	1	1	1	5	3	3	0	4	3	1	3	6	1	2	2	0	4	3	2	1	1	6	3	2	7	2	7	1	2	2	0	1	1	4	3	1	3	1	4	2	2	1	3	3	5	2	2	1	1	2	1	2	2	1	0	2	1	1	2	1	1	1	1.15000000000003	8.2	0.274000000953674	799.8	16.15	-13.85	30	9.35000000000002	-9.34999999999997	11.45	-9.34999999999997	854.1	147.4	21.3	60.6	411.2	79.7	343.7	79.7	20.6	20.2	6.7	6.7	53.3	38.8	0.0915346184063913	9.60341371315382	99.4	1.1	8	132046556	0.220057848384929
GCA_036939995.1	ASM3693999v1	ASM3693999v1	Morocco	31.47	-7.41	Elh-2	3	31	29	17	32	15	13	21	10	22	1	11	14	10	1	11	4	10	14	13	10	95	1	15	20	1	2	13	14	2	22	2	13	7	9	11	8	4	11	7	8	1	2	7	2	5	2	5	11	4	3	4	3	7	15	1	5	1	10	3	7	7	4	9	1	3	2	1	2	0	2	15	6	2	14	9	1	2	9	10	5	2	1	9	14	1	3	4	3	10	5	4	1	8	1	8	3	1	4	1	8	1	1	4	1	4	2	15	3	2	1	1	10	1	21	2	2	8	5	4	5	2	7	4	1	1	2	3	2	5	3	3	3	2	1	2	9	7	4	1	2	1	4	7	8	12	5	1	1	2	4	2	1	1	1	0	5	4	1	20	5	1	4	5	0	4	3	1	1	5	3	3	1	4	3	1	3	6	1	2	2	0	4	3	2	1	1	7	3	2	8	2	7	1	2	2	0	1	3	4	2	1	2	1	4	2	2	1	3	3	5	2	2	1	1	2	1	2	2	1	1	1	1	1	2	1	1	1	12.7500000000001	12.7	0.434999990463257	559.7	28.45	-0.849999999999966	29.3	8.95000000000005	20.35	20.35	5.95000000000005	646.6	78.2	25.4	24.8	212.8	111.2	111.2	170.4	16.2	17.5	6.4	6.5	43.4	22.1	3.09312593354477	-1.41157219577339	99.4	1.2	12	136542177	0.237583373231262
GCA_036940305.1	ASM3694030v1	ASM3694030v1	United Kingdom	55.96	-3.19	Edi-0	3	31	27	16	34	16	14	21	10	22	1	11	13	9	1	11	5	10	15	13	11	82	1	13	19	1	4	15	14	1	21	2	7	7	8	13	8	4	11	8	7	1	2	7	2	5	3	4	14	5	3	4	3	7	15	1	5	1	10	3	7	7	4	9	0	3	2	1	2	0	2	16	7	3	14	9	1	10	10	8	5	2	1	9	16	1	3	5	3	11	5	4	1	8	1	8	3	1	4	1	8	1	1	4	1	4	2	15	2	2	1	1	10	1	13	2	1	9	8	4	5	1	7	4	1	1	2	3	2	27	3	3	3	3	1	2	9	6	4	1	2	1	4	7	8	12	5	1	1	2	4	2	1	1	1	0	5	4	1	24	5	1	4	5	0	4	2	1	1	5	3	3	1	4	3	1	3	6	1	2	2	0	4	3	2	1	1	7	3	2	7	2	7	0	2	2	1	1	2	4	3	1	3	1	4	2	2	1	2	3	5	3	2	1	1	2	1	2	2	1	1	1	1	1	2	1	1	1	9.45000000000005	5.2	0.327999997138977	388.3	17.7500000000001	1.85000000000002	15.9	10.05	8.35000000000002	14.65	4.75000000000006	828.4	90.5	48.7	16.1	243.6	168.3	206.9	209.6	NA	NA	NA	NA	NA	NA	-5.10255201087809	-1.24422146481968	99.4	1.1	16	135069682	0.224485484462753
GCA_036940335.1	ASM3694033v1	ASM3694033v1	Italy	37.7	14.98	Etna-2	3	31	28	16	33	15	15	22	9	21	1	11	15	10	1	11	4	10	12	13	10	79	1	13	17	1	5	15	43	2	22	2	11	7	9	11	8	2	11	8	6	1	2	7	2	5	3	5	10	5	3	4	3	7	14	1	5	0	10	3	7	7	4	9	0	4	2	1	2	0	2	16	5	3	14	8	1	4	9	10	5	2	1	8	13	1	3	5	3	11	5	4	1	8	1	8	3	1	4	1	8	1	1	4	1	4	1	17	2	2	1	1	10	1	17	2	2	9	8	4	4	2	7	4	1	1	2	3	2	23	3	3	3	3	1	2	9	8	4	1	2	1	5	6	8	11	5	1	1	2	4	2	1	1	1	1	5	4	1	20	5	1	4	8	0	4	2	1	1	5	3	3	1	4	3	1	3	6	1	2	2	0	4	3	2	1	1	7	3	2	6	2	7	1	2	2	0	1	1	4	3	1	3	1	5	2	0	1	2	3	5	2	2	1	1	1	1	2	2	1	1	2	1	1	2	1	1	1	6.55000000000001	9.1	0.342000007629395	592.3	20.55	-5.94999999999999	26.5	0.950000000000045	14.2500000000001	14.2500000000001	-0.649999999999977	1055.5	152.3	25.2	48.6	433.2	97.2	97.2	373.1	16.4	16.6	6.6	6.7	43.2	29	-0.0694063115449799	-2.55583938349957	99.3	1.4	10	140694555	0.240771698663107
GCA_036940405.1	ASM3694040v1	ASM3694040v1	Russia	62.13	34.02	N13	3	30	31	18	36	15	15	23	10	22	1	11	16	9	1	11	5	10	13	14	10	116	1	15	15	1	1	13	15	2	23	2	8	9	8	15	8	4	11	8	8	1	2	7	2	5	3	5	12	5	3	4	3	7	16	1	5	1	11	3	7	7	4	9	1	3	2	1	2	1	2	15	5	3	15	9	1	5	9	10	5	2	1	8	13	1	3	5	3	10	5	4	1	8	1	8	3	1	4	1	8	1	1	4	1	3	2	16	3	2	1	1	10	1	12	2	1	9	7	4	5	2	7	4	0	1	2	3	2	17	3	3	3	3	1	2	9	7	4	1	2	1	5	6	7	11	5	1	0	2	4	2	1	1	1	1	5	4	1	21	5	1	4	6	1	4	2	1	1	5	3	3	1	4	3	1	3	6	1	2	2	0	4	3	2	1	1	7	3	2	7	2	7	1	2	2	0	1	2	4	3	1	3	1	4	2	2	1	2	3	5	1	2	1	1	2	1	2	2	1	1	2	1	1	2	1	1	1	3.15000000000003	5.5	0.169000005722046	944	20.55	-12.05	32.6	15.45	-3.74999999999994	15.45	-8.94999999999999	652.5	87.7	29.9	35	249.2	97.2	249.2	119	74.9	18.4	4.6	4.7	231.8	51.7	1.34845805563293	7.60937394239918	99.4	1.2	10	135306961	0.229708130093913
GCA_036940415.1	ASM3694041v1	ASM3694041v1	Germany	51.07	13.3	No-0	3	31	30	15	31	16	18	21	10	21	1	11	15	9	1	11	4	10	11	15	12	110	1	15	19	1	4	15	39	2	23	2	13	9	8	13	8	4	11	8	7	1	2	7	2	5	2	4	13	5	3	4	3	7	15	1	5	2	10	3	7	7	4	9	1	3	2	1	2	1	2	12	6	3	13	9	1	4	9	10	5	2	1	10	12	1	3	5	3	11	5	4	1	8	1	8	2	1	4	1	8	1	1	4	1	4	2	23	3	2	1	1	9	1	16	2	2	8	8	4	5	2	7	4	1	1	1	3	2	16	3	3	3	3	1	2	9	8	4	1	2	1	5	6	11	11	14	1	1	2	4	2	0	1	1	1	5	4	1	21	5	1	4	7	1	4	2	1	1	5	3	3	1	4	3	1	3	6	1	2	2	0	4	3	2	1	1	7	3	2	7	2	7	1	2	2	1	1	1	4	3	1	3	1	5	2	2	1	6	2	5	2	2	1	1	2	1	2	2	1	1	2	1	1	2	1	1	1	8.85000000000002	7	0.28199999332428	651.5	22.2500000000001	-2.64999999999998	24.9	17.2500000000001	4.45000000000005	17.2500000000001	0.550000000000011	739.5	88.8	45.9	21.6	238.5	151	238.5	164	29	15.1	6.4	6.5	27.3	17.3	-5.22090699477938	2.66428565460878	99.3	1.2	20	136157527	0.228532984445289
GCA_036940605.1	ASM3694060v1	ASM3694060v1	Lebanon	34.1	35.84	Qar-8a	3	31	28	16	31	15	14	25	10	22	1	12	15	10	1	11	4	10	14	14	9	60	1	13	14	1	4	13	32	2	21	2	13	7	9	14	8	4	11	7	6	1	2	7	2	5	2	4	11	4	2	4	2	7	14	1	5	1	10	3	7	7	4	9	0	3	2	1	2	1	2	13	6	3	14	8	1	4	9	10	5	2	1	10	15	1	3	5	3	9	5	4	1	8	0	8	3	1	4	1	8	1	1	4	1	4	2	8	3	2	1	1	9	1	16	2	1	9	7	2	5	1	7	4	1	1	2	3	2	19	3	3	3	1	1	2	9	8	4	1	2	1	4	6	11	9	5	1	1	2	4	2	1	1	1	1	5	4	1	18	5	1	4	5	1	4	2	1	1	5	3	3	1	4	3	1	3	5	1	2	2	0	4	3	2	1	1	7	3	2	7	2	7	1	2	2	0	1	2	4	3	1	2	1	5	2	0	1	3	3	5	3	2	1	1	1	1	2	2	1	0	2	1	1	2	1	1	1	12.05	8.8	0.336999988555908	635.6	25.15	-0.949999999999989	26.1	3.95000000000005	19.85	19.95	3.95000000000005	1349.2	292.9	1.8	93.5	778.6	11.3	12.3	778.6	25.2	24.8	6.4	6.4	26.1	21.3	1.14817563934193	-2.61537736818666	99.5	0.9	13	135870149	0.218819558371133
GCA_036940615.1	ASM3694061v1	ASM3694061v1	Spain	41.78	3.03	Sf-2	3	31	31	15	33	16	14	22	9	21	1	11	15	9	1	11	5	10	14	13	10	99	1	12	13	1	3	16	14	2	22	2	13	7	8	15	8	4	12	8	8	1	2	7	2	5	1	4	10	4	3	4	3	7	15	1	5	1	10	3	7	7	4	9	1	3	2	1	2	0	2	16	6	4	16	9	1	7	10	10	5	2	1	9	13	1	3	5	3	10	5	4	1	7	1	8	3	1	4	0	8	1	1	4	1	3	2	16	2	1	1	1	10	1	10	2	2	9	7	4	5	2	7	4	1	1	2	3	2	13	3	3	3	3	1	2	10	8	4	1	2	1	4	6	10	11	5	1	1	2	4	2	1	1	1	1	4	4	1	21	5	1	4	7	1	4	2	1	1	5	3	3	1	4	3	1	3	6	1	2	2	0	4	3	2	1	1	7	3	2	7	2	7	1	2	2	0	1	0	4	3	1	3	1	4	2	2	1	8	2	4	1	2	1	1	2	1	2	2	1	1	2	1	1	2	1	1	1	16.05	6.1	0.295000004768372	519.2	27.05	6.35000000000002	20.7	17.2500000000001	22.95	23.05	9.85000000000002	666.2	102.4	20.5	35.3	239.4	92.9	128	163.2	NA	NA	NA	NA	NA	NA	-1.55772173224576	-3.25833499000663	99.4	1.1	14	139781231	0.242877851032804
GCA_036940625.1	ASM3694062v1	ASM3694062v1	USA	43.27	-85.26	Tul-0	3	31	29	18	32	16	14	23	10	19	1	11	16	9	1	11	6	10	13	13	9	63	1	13	23	1	2	15	17	1	22	2	13	7	9	14	8	4	12	8	8	1	2	7	2	5	3	5	14	3	3	4	3	7	15	1	5	1	10	3	7	7	4	9	1	4	2	1	2	1	2	16	7	3	15	9	1	7	9	10	5	2	1	9	14	1	3	4	3	10	5	4	1	8	1	8	2	1	4	1	8	1	1	4	1	4	2	18	3	2	1	1	10	1	9	2	1	9	8	4	5	1	7	4	1	1	2	3	2	22	3	3	3	3	1	2	10	8	4	1	2	1	5	7	8	11	5	1	1	2	4	2	1	1	1	1	5	4	1	18	5	1	4	5	1	4	2	1	1	5	3	3	0	4	3	1	3	6	1	2	2	0	4	3	2	1	1	7	3	2	7	2	7	1	2	2	0	1	1	4	3	1	2	1	5	2	2	1	2	3	5	2	2	1	1	2	1	2	2	1	0	2	1	1	2	1	1	1	8.75000000000006	9	0.247000002861023	943.2	27.05	-9.44999999999999	36.5	15.55	-2.44999999999999	20.65	-3.74999999999994	898.1	99.3	45	23.4	267	150.1	252.4	151.5	11.5	3.7	5.2	5.2	40.5	11.2	-2.95509856027238	0.119223495257158	99.4	1	19	136927174	0.237047585601964
GCA_036940635.1	ASM3694063v1	ASM3694063v1	Iceland	64.92	-18.48	Ice-1	3	31	27	16	30	15	16	23	8	22	1	12	15	9	1	11	5	10	13	14	10	64	0	11	20	1	3	16	17	1	23	1	14	9	9	16	8	4	12	8	8	1	2	7	2	5	2	5	10	5	3	4	3	7	14	1	5	2	10	3	7	7	4	9	1	3	2	1	2	1	2	15	7	3	12	9	1	7	10	10	5	2	1	9	14	1	3	5	3	11	5	4	1	8	1	8	3	1	4	1	8	1	1	4	1	4	2	31	3	2	1	1	10	1	11	2	2	9	8	4	5	2	7	4	1	1	1	3	2	17	3	3	3	2	1	1	10	8	4	1	2	1	4	7	5	11	5	1	1	2	4	2	1	1	1	1	5	4	1	18	5	1	4	6	0	4	1	1	1	5	3	3	1	4	3	1	3	6	1	2	2	0	4	3	2	1	1	7	3	2	7	2	7	1	2	2	0	1	2	4	3	1	3	1	5	2	2	1	8	2	5	2	2	1	1	2	1	2	2	1	1	2	1	1	2	1	1	1	-0.549999999999955	4.8	0.255999994277954	459.9	9.15000000000003	-9.54999999999995	18.7	2.75000000000006	0.950000000000045	6.15000000000003	-5.34999999999997	1100.4	117.7	60.1	20.3	331.2	192.5	247.9	288.2	25.3	18.6	5.7	5.7	148.9	78.5	-2.65938989199522	0.144254272476867	99.4	1.1	12	134440800	0.217332647529619
GCA_036940645.1	ASM3694064v1	ASM3694064v1	Portugal	32.75	-17.13	Rab-R1	3	30	30	17	30	16	15	22	10	22	1	11	15	9	0	11	5	10	13	13	9	86	1	11	14	1	2	14	14	2	21	2	12	6	9	12	8	3	11	7	8	1	2	7	2	5	3	5	8	3	2	4	3	8	15	1	5	1	10	3	7	7	4	9	0	2	2	1	2	0	2	15	6	3	13	8	1	6	9	10	4	2	1	9	15	1	3	4	3	10	5	4	1	8	1	8	3	1	4	1	8	1	1	4	1	4	2	16	2	2	1	1	8	1	16	2	1	8	5	3	5	2	7	4	0	1	2	3	2	4	3	3	3	2	1	2	9	8	4	1	2	1	5	7	7	10	5	1	1	2	4	2	1	1	1	1	5	4	1	21	5	1	4	5	0	4	2	1	1	5	2	3	1	4	3	1	3	6	1	2	1	0	4	3	2	1	1	7	3	2	8	2	7	1	2	2	0	1	2	4	2	1	2	1	5	2	2	1	3	2	4	1	2	1	1	2	1	2	2	1	0	2	1	1	2	1	1	1	13.2500000000001	2.9	0.215000009536743	359.4	21.55	8.05000000000001	13.5	10.55	18.2500000000001	18.45	9.65000000000003	3040.2	542.9	20.9	63.2	1328.8	121.4	207.7	1031.5	21.1	15.8	5.3	5.4	55	49.6	15.0932511524659	-1.24002443581438	99.3	1.2	8	147576663	0.270337058644564
GCA_036940715.1	ASM3694071v1	ASM3694071v1	Sweden	59.34	18.06	St-0	3	31	30	17	32	16	13	22	10	21	1	11	16	10	1	11	5	10	14	14	11	61	1	16	19	1	4	16	29	2	22	2	7	8	9	12	8	4	11	8	8	1	2	7	2	5	4	5	14	5	3	4	3	7	15	1	5	0	10	3	7	7	4	9	1	4	2	1	2	1	2	16	7	3	13	8	1	5	10	10	5	2	1	9	14	1	3	6	3	11	5	4	1	7	1	8	3	1	4	1	7	1	1	4	1	4	2	19	3	2	1	1	10	1	14	2	2	9	8	4	5	2	7	4	1	1	2	3	2	8	3	3	3	3	1	2	10	7	4	1	2	1	4	7	8	11	5	1	1	2	4	2	1	1	1	1	5	4	1	18	5	1	4	7	0	4	2	1	1	5	3	3	1	4	3	1	3	6	1	2	2	0	4	3	2	1	1	7	3	2	7	2	7	1	2	2	0	1	3	4	3	1	3	1	4	2	2	1	9	3	5	1	2	1	1	2	1	2	2	1	1	2	1	1	2	1	1	1	6.55000000000001	5.3	0.208999991416931	691.9	20.65	-4.84999999999997	25.5	15.85	0.850000000000023	15.85	-1.84999999999997	586.7	69.3	30.4	26.7	193.5	96.8	193.5	124.1	NA	NA	NA	NA	NA	NA	-4.27265193865977	1.93120899415599	99.4	1.5	9	134536582	0.224929558564228
GCA_036940825.1	ASM3694082v1	ASM3694082v1	Russia	52.84	36.92	Stw-0	3	30	29	13	35	16	14	23	10	21	1	11	16	10	1	11	6	10	13	14	10	88	1	14	17	1	4	15	22	1	23	2	9	9	8	15	8	4	12	8	7	1	2	7	2	5	3	5	11	6	3	4	3	7	15	1	5	1	11	3	7	7	3	9	1	4	2	1	2	1	2	15	6	2	13	9	1	4	9	10	5	2	1	10	14	1	3	6	3	11	5	4	1	8	1	8	3	1	4	1	8	1	1	4	1	4	2	18	3	2	1	1	9	1	14	2	2	9	8	4	5	2	7	4	1	1	1	3	2	17	3	3	3	3	1	2	9	8	4	1	2	1	3	7	7	13	5	1	1	2	4	2	1	1	1	1	5	4	1	18	5	1	4	7	0	4	2	1	1	5	3	3	1	4	3	1	3	6	1	2	2	0	4	3	2	1	1	7	3	2	7	2	7	1	2	2	1	1	2	4	3	1	3	1	4	2	2	1	8	2	5	2	2	1	1	2	1	2	2	1	1	2	1	1	2	1	1	1	5.85000000000002	7.2	0.214000010490418	962.5	23.45	-10.35	33.8	18.05	-0.649999999999977	18.05	-6.44999999999999	673.7	85.4	34.3	26.8	233.2	119.3	233.2	140	32.5	28.3	6.1	6.2	43.6	28.6	-4.39218938153418	1.30273087364603	99.4	1.1	12	134702517	0.221707683457763
GCA_036940995.1	ASM3694099v1	ASM3694099v1	Tanzania	-2.87	36.12	Tanz-1	3	29	29	13	33	16	15	21	10	19	1	11	14	10	1	11	6	9	13	13	12	99	1	14	14	1	1	15	13	1	20	2	10	7	9	12	7	4	11	7	6	1	1	7	2	5	3	5	12	4	2	4	3	7	15	1	5	1	10	3	6	7	4	9	1	4	2	1	2	1	2	14	7	3	11	9	1	4	9	10	5	1	1	8	12	1	3	5	3	10	5	4	1	8	0	8	3	1	4	1	7	1	1	4	1	4	2	25	3	2	1	1	10	1	16	2	1	8	5	4	5	2	7	4	1	1	2	3	2	3	3	3	3	2	1	2	8	7	4	1	2	1	4	7	9	9	5	1	1	1	4	2	1	1	1	1	5	4	1	21	3	1	4	3	1	4	2	1	1	5	2	3	1	4	3	1	3	5	1	2	2	1	4	3	2	1	1	7	3	2	7	2	7	1	2	2	0	1	2	4	2	1	2	1	5	2	2	1	7	3	4	2	2	1	1	2	1	2	2	1	0	2	1	1	2	1	1	1	24.2500000000001	11.2	0.684000015258789	154.7	31.95	15.55	16.4	24.7500000000001	22.55	25.85	21.95	551.3	140.6	1.5	88.9	279.1	6.2	171.1	7.4	22.5	22.5	7.5	7.5	12.9	10.1	6.06327207670337	-1.12678009878571	99.3	1	14	143441239	0.262677555371646
GCA_036941165.1	ASM3694116v1	ASM3694116v1	Morocco	34.09	-4.1	Taz-0	3	30	28	18	27	16	15	21	10	22	1	11	16	9	1	11	4	10	14	13	10	116	1	12	16	1	5	12	14	2	23	2	8	9	9	9	8	4	10	7	6	1	2	7	2	5	3	5	13	5	3	4	3	7	15	1	5	1	9	3	7	7	4	9	0	3	2	1	2	0	2	13	6	3	15	9	1	4	9	10	5	2	1	8	13	1	3	5	3	10	5	4	0	8	0	8	3	1	4	1	8	1	1	4	1	4	2	19	2	2	1	1	10	1	15	2	2	9	4	4	4	2	7	4	1	1	1	3	2	10	3	3	3	3	1	2	9	8	4	1	2	1	5	7	10	11	5	1	1	2	4	2	1	1	1	1	5	4	1	17	5	1	4	5	1	4	1	1	1	5	3	3	1	4	3	1	3	6	1	2	2	1	4	3	2	1	1	7	3	2	7	2	7	1	2	2	0	1	1	4	4	1	4	1	4	2	2	1	3	3	4	2	2	1	1	2	1	2	2	1	1	0	1	1	2	1	1	1	13.45	11.5	0.388000011444092	605.3	29.95	0.250000000000057	29.7	7.25000000000006	21.65	21.65	6.35000000000002	829.7	152.1	4.3	71.1	393.9	20.7	20.7	382.5	14.3	13.2	7.1	7.2	16.9	11.2	3.30433986460121	-3.31952024559747	99.3	1.1	6	140182658	0.236164811484742
GCA_036941295.1	ASM3694129v1	ASM3694129v1	Belarus	53.92	27.57	ws-4	3	30	31	18	35	16	15	24	10	22	1	12	16	9	1	11	5	10	13	14	10	62	1	16	16	1	4	15	9	1	23	2	14	7	9	15	8	4	11	8	8	1	2	7	2	5	3	5	10	4	3	4	3	7	15	1	5	2	11	3	7	7	4	8	0	3	2	1	2	1	2	15	7	2	14	9	1	8	9	10	5	2	1	10	14	1	3	6	3	10	5	4	1	8	1	8	3	1	4	1	8	1	1	4	1	4	2	16	3	2	1	1	10	1	14	2	1	9	8	4	5	1	7	4	1	1	2	3	2	10	3	3	3	3	1	2	10	8	4	1	2	1	4	7	10	11	5	1	0	2	4	2	0	1	1	1	5	4	1	21	5	1	4	8	0	4	2	1	1	5	3	3	1	4	3	1	3	6	1	2	2	0	4	3	2	1	1	6	3	2	8	2	7	1	2	2	0	1	2	4	3	1	3	1	4	2	2	1	8	2	5	2	2	1	1	2	1	2	2	1	1	1	1	1	2	1	1	1	6.25000000000006	6.8	0.226999998092651	846.4	22.05	-7.94999999999999	30	16.95	0.450000000000045	16.95	-4.64999999999998	681.2	89.9	36.2	30.5	248.2	119.2	248.2	129.4	NA	NA	NA	NA	NA	NA	-4.70570778219811	3.59820303204752	99.4	1	22	138894149	0.240943943578214
GCA_036941465.1	ASM3694146v1	ASM3694146v1	Morocco	35.45	-5.43	Zin9	3	30	31	17	29	16	14	21	10	21	1	11	16	10	0	11	4	10	13	13	12	86	1	15	18	1	2	14	14	2	20	2	13	6	9	10	8	3	12	7	6	1	2	6	2	5	3	5	14	4	2	4	3	7	15	1	5	1	10	3	7	7	4	9	0	3	2	1	2	1	2	13	7	3	16	9	1	7	9	10	5	2	1	10	13	1	3	6	3	10	5	4	1	8	1	8	3	1	4	1	8	1	1	4	1	4	2	15	3	2	1	1	9	1	13	2	1	9	6	4	5	1	7	4	0	1	2	3	2	13	3	3	3	2	1	2	10	8	4	1	2	1	4	7	6	9	5	1	1	2	4	2	1	1	1	1	5	4	1	20	5	1	4	5	1	4	2	1	1	5	3	3	1	4	3	1	3	5	1	2	2	0	4	3	2	1	1	7	3	2	5	2	7	0	2	2	0	1	1	4	2	1	2	1	5	2	2	1	3	3	3	1	2	1	1	2	1	2	2	1	0	2	1	1	2	1	1	1	17.45	8.8	0.390000009536743	443.1	29.7500000000001	7.25000000000006	22.5	13.05	23.15	23.45	12.15	696.5	130.7	1.8	70.3	326.4	13.8	30.1	300.9	21.1	19.3	6.2	6.4	33.9	21.1	11.6060033203762	-2.1880290299829	99.3	1.1	13	138431362	0.233106360681476
GCA_036941635.1	ASM3694163v1	ASM3694163v1	France	44.59	-1.24	PYL-1	3	31	29	15	32	16	13	21	10	21	1	11	15	10	1	11	4	10	14	13	8	98	1	15	22	1	5	14	14	2	23	2	13	9	9	13	8	4	11	8	6	1	2	7	2	5	3	5	11	4	3	4	3	6	14	1	5	1	10	3	7	7	4	9	1	3	2	1	2	1	2	15	7	4	15	8	1	8	9	10	5	2	1	9	14	1	3	5	3	10	5	4	1	8	1	8	3	1	4	1	8	1	1	4	1	4	2	11	3	2	1	1	10	1	16	2	2	9	8	4	5	2	7	4	1	1	2	3	2	19	3	3	3	3	1	2	10	7	4	1	2	1	5	7	7	13	5	1	1	2	4	2	1	1	1	1	5	4	1	20	5	1	4	8	1	4	3	1	1	5	3	3	0	4	3	1	3	6	1	2	2	0	4	3	2	1	1	7	3	2	7	2	7	1	2	2	0	1	2	4	2	1	3	1	4	2	2	1	9	4	5	2	2	1	1	2	1	2	2	1	1	1	1	1	2	1	1	1	14.35	4.6	0.261999988555908	461.7	23.55	6.15000000000003	17.4	12.15	20.2500000000001	20.35	8.65000000000003	930.7	118.9	45.2	29.3	330.2	152.6	176.8	280.7	NA	NA	NA	NA	NA	NA	-0.676529126076863	1.41086702973355	99.4	1	11	142799389	0.245018527355184
GCA_036941785.1	ASM3694178v1	ASM3694178v1	Italy	40.18	16.45	Valsi-1	3	31	28	18	30	16	16	22	10	21	1	11	14	10	1	11	4	10	12	13	10	81	1	13	17	1	4	15	7	2	22	2	13	10	9	15	8	4	11	7	8	1	2	7	2	5	1	5	10	4	3	4	3	7	15	1	5	1	10	3	7	7	4	9	0	3	2	1	2	1	2	14	7	4	16	9	1	7	10	10	5	2	1	10	16	1	3	5	3	11	5	4	1	8	1	8	3	1	4	1	8	1	1	4	1	4	1	16	3	2	1	1	11	1	15	2	2	9	7	4	5	2	7	4	1	1	2	3	2	15	3	3	3	3	1	2	10	8	4	1	2	1	4	6	9	11	5	1	1	2	4	2	1	1	1	1	5	4	1	23	5	1	4	7	1	4	2	1	1	5	3	3	1	4	3	1	3	6	1	2	2	0	4	3	2	1	1	7	3	2	7	2	7	1	2	2	1	1	2	4	3	1	3	1	5	2	2	1	9	3	5	3	2	1	1	2	1	2	2	1	1	2	1	1	2	1	1	1	16.55	8.9	0.325999999046326	638.1	31.65	4.25000000000006	27.4	13.55	25.15	25.15	8.95000000000005	636.7	86.1	29.6	32.1	231.2	97	97	196.7	21.4	18.8	7.4	7.5	35.5	18.2	-4.92625533354357	-1.49908369248879	99.4	1.1	18	135622609	0.226886890223443
GCA_036941915.1	ASM3694191v1	ASM3694191v1	Turkey	38.3	42.22	Dog-4	3	31	29	17	34	16	14	22	10	22	1	11	16	9	1	11	5	10	14	14	10	66	1	15	14	1	2	15	18	1	23	1	8	9	6	12	8	4	11	8	8	1	2	7	2	5	4	5	13	4	3	4	3	7	15	1	5	1	10	3	7	7	4	9	0	3	2	1	2	1	2	14	6	3	12	9	1	6	9	10	5	2	1	9	17	1	3	5	3	11	5	4	1	8	1	8	3	1	4	1	8	1	1	4	1	3	2	15	3	2	1	1	11	1	17	2	2	9	6	4	4	1	7	4	1	1	1	3	2	19	3	3	3	3	1	2	8	8	4	1	2	1	4	6	7	9	5	1	1	1	4	2	1	1	1	1	5	4	1	20	5	1	4	8	1	4	2	1	1	5	3	3	1	4	3	1	3	6	1	2	2	0	4	3	2	1	1	7	3	2	7	2	7	1	2	2	0	1	2	4	3	1	4	1	4	2	2	1	3	3	5	2	2	1	1	1	1	2	2	1	0	2	1	1	2	1	1	1	10.2500000000001	10.6	0.280999994277954	978.7	29.7500000000001	-7.84999999999997	37.6	2.85000000000002	22.55	22.7500000000001	-2.24999999999994	1177.6	173.6	6.4	64.3	501.6	30.8	45.4	421.1	22.2	19.2	6.7	6.7	46.7	25.4	-1.25547840218602	2.88609094813136	99.4	1.1	13	137696377	0.232823569497402
GCA_036941985.1	ASM3694198v1	ASM3694198v1	Turkey	38.64	42.24	Nemrut-1	3	31	29	16	36	16	14	23	10	21	1	11	15	9	1	11	5	10	11	13	11	94	1	13	15	1	2	16	24	2	21	2	11	7	8	13	8	4	6	6	7	1	2	7	2	5	2	5	9	4	3	4	3	7	15	1	5	1	10	3	7	7	4	9	0	3	2	1	2	1	2	12	7	3	12	9	1	8	9	10	5	2	1	10	16	1	3	5	3	10	5	4	1	8	1	8	3	1	4	1	8	1	1	4	1	4	2	15	3	2	1	1	10	1	16	2	2	9	8	4	5	2	7	4	0	1	1	3	2	26	3	3	3	3	1	2	9	8	4	1	2	1	4	7	7	12	5	1	0	2	4	2	1	1	1	1	5	4	1	22	4	1	4	7	1	4	2	1	1	5	3	3	0	4	3	1	3	6	1	2	2	0	4	3	2	1	1	7	3	2	7	2	7	1	2	2	0	1	2	4	3	1	3	1	4	2	2	1	3	4	5	1	2	1	1	2	1	2	2	1	1	2	1	1	2	1	1	1	5.75000000000006	8.7	0.252999997138977	912.3	23.7500000000001	-10.45	34.2	-1.44999999999999	17.35	17.35	-5.74999999999994	1375.7	214.1	9.1	60.2	560.7	46.2	71.1	427.8	19.2	18.6	7	6.9	38.8	24.9	-0.511154239564513	4.24380032459339	99.4	1.2	14	136602798	0.227366543399792
GCA_036942075.1	ASM3694207v1	ASM3694207v1	Morocco	31.47	-7.42	Toufl-1	3	31	28	17	35	16	12	21	10	22	1	11	13	9	1	11	5	10	13	13	14	89	1	15	18	1	1	13	14	2	21	2	14	7	9	11	8	3	11	7	8	1	2	6	2	5	3	5	11	4	3	4	3	7	15	1	5	1	10	3	7	7	4	9	0	3	2	1	2	0	2	16	6	2	16	9	1	7	8	10	5	2	1	9	14	1	3	6	3	10	5	4	1	8	1	8	3	1	4	1	8	1	1	4	1	4	2	15	3	2	1	1	10	1	17	2	2	8	8	4	5	2	7	4	1	1	2	3	2	15	3	3	3	2	1	2	9	7	4	1	2	1	4	7	7	11	5	1	0	2	4	2	1	1	1	1	5	4	1	21	5	1	4	6	0	4	3	1	1	5	3	3	1	4	3	1	3	6	1	2	2	0	4	3	2	1	1	7	3	2	8	2	7	1	2	2	0	1	3	4	3	1	2	1	4	2	2	1	3	2	5	2	2	1	1	2	1	2	2	1	1	1	1	1	2	1	1	1	12.2500000000001	12.7	0.43600001335144	559.7	27.85	-1.34999999999997	29.2	8.45000000000005	19.85	19.85	5.45000000000005	670.8	81.2	26.5	24.8	220.7	115.7	115.7	176	17.8	17.8	6.8	6.8	31.2	15.2	3.13593947278899	-0.264157641032779	99.4	1.1	19	137130331	0.226294006393086
GCA_036942405.1	ASM3694240v1	ASM3694240v1	Portugal	32.74	-16.93	Are-1	3	30	29	17	30	16	16	20	10	22	1	11	16	9	0	11	5	10	13	13	16	70	1	12	13	1	2	14	14	2	21	2	12	6	9	12	8	3	11	7	6	1	2	7	2	5	3	5	6	3	2	4	3	8	15	1	5	1	10	3	7	7	4	9	0	2	2	1	2	0	2	12	7	2	13	9	1	5	9	10	4	2	1	10	14	1	3	4	3	9	5	4	1	8	1	8	2	1	4	1	8	1	1	4	1	4	2	16	2	2	1	1	8	1	16	2	2	7	5	3	5	2	7	4	0	1	2	3	2	10	3	3	3	2	1	2	9	8	4	1	2	1	5	7	6	9	5	1	1	2	4	2	1	1	1	1	5	4	1	21	5	1	4	3	0	4	2	1	1	5	3	3	1	4	3	1	3	6	1	2	2	0	4	3	2	1	1	7	3	2	7	2	7	1	2	2	1	1	2	4	3	1	3	1	5	2	2	1	3	3	4	1	2	1	1	2	1	2	2	1	1	2	1	1	2	1	1	1	11.85	3.7	0.225	413.3	22.15	5.95000000000005	16.2	8.65000000000003	17.7500000000001	17.85	7.75000000000006	2506.3	429.1	21.7	60.7	1072.8	117.1	190.9	1028.3	19.8	19.1	5.4	5.5	58.5	45.8	16.062763960794	-1.33537747017044	99.3	1.2	14	132833845	0.22503255100385
GCA_036942435.1	ASM3694243v1	ASM3694243v1	Poland	52.74	15.24	Col-0	3	31	33	20	34	16	20	25	10	22	1	12	16	10	1	11	6	10	15	15	12	87	1	16	25	1	5	16	54	2	25	2	14	8	9	17	8	4	11	8	8	1	2	7	2	5	4	5	15	5	3	4	3	7	15	1	5	2	10	3	7	7	4	9	1	4	2	1	2	1	2	16	7	4	16	9	1	7	9	10	5	2	1	10	16	1	3	6	3	11	5	4	1	8	1	8	3	1	4	1	8	1	1	4	1	4	2	31	3	2	1	1	11	1	18	2	2	9	8	4	5	2	7	4	1	1	2	3	2	23	3	3	3	3	1	2	10	8	4	1	2	1	5	7	11	14	14	1	1	2	4	2	1	1	1	1	5	4	1	21	5	1	4	8	1	4	3	1	1	5	3	3	1	4	3	1	3	6	1	2	2	1	4	3	2	1	1	7	3	2	8	2	7	1	2	2	1	1	3	4	3	1	3	1	5	2	2	1	9	4	5	2	2	1	1	2	1	2	2	1	1	2	1	1	2	1	1	1	9.15000000000003	7.2	0.276999998092651	693.1	23.45	-2.64999999999998	26.1	18.15	4.55000000000001	18.15	0.350000000000023	594.8	75.5	34.7	24	203	115.5	203	124.6	24.2	16	6.5	6.5	29	13.9	-0.63655866539678	3.84294996183744	99.4	1.1	14	129256504	0.205230461749143
GCA_036942445.1	ASM3694244v1	ASM3694244v1	Spain	41.68	2.79	Bla-1	3	30	28	15	33	16	15	22	10	22	1	11	14	10	1	11	6	10	14	13	9	86	1	14	16	1	4	15	14	1	22	2	12	7	9	13	8	4	12	8	8	1	2	7	2	5	2	5	11	5	2	4	3	7	15	1	5	0	11	3	7	7	4	9	0	3	2	1	2	1	2	13	8	3	13	9	1	9	9	10	5	2	1	10	16	1	3	5	3	12	5	4	1	8	1	8	3	1	4	1	8	1	1	4	1	4	2	18	2	2	1	1	9	1	15	2	2	9	8	4	3	2	7	4	1	1	1	3	2	22	3	3	3	3	1	2	9	8	4	1	2	1	4	6	9	11	5	1	1	2	4	2	1	1	1	1	5	4	1	21	5	1	4	8	1	4	2	1	1	5	3	3	1	4	3	1	3	6	1	2	2	1	4	3	2	1	1	7	3	2	7	2	7	1	2	2	0	1	2	4	3	1	2	1	4	2	2	1	9	3	5	1	2	1	1	2	1	2	2	1	1	1	1	1	2	1	1	1	15.95	7.2	0.319000005722046	539.2	27.85	5.35000000000002	22.5	17.15	23.05	23.15	9.45000000000005	639.5	89.2	24.8	28.8	219.2	111.4	143	143.4	NA	NA	NA	NA	NA	NA	-4.37409529493973	-1.58331446691591	99.4	0.9	14	127968228	0.197013277389447
GCA_036942575.1	ASM3694257v1	ASM3694257v1	Portugal	15.06	-23.73	Cvi-0	3	31	27	16	31	15	12	21	10	22	1	11	14	9	0	11	4	10	14	13	8	90	1	14	19	1	2	14	14	1	20	2	13	7	9	12	8	4	12	8	8	1	2	7	2	5	1	5	13	3	3	4	3	7	15	1	5	1	9	3	7	7	4	8	1	4	1	1	2	1	2	15	6	1	15	9	1	4	9	8	5	2	1	10	16	1	3	5	3	10	5	4	1	7	1	8	3	1	4	1	8	1	1	4	1	4	2	20	3	2	1	1	9	1	14	2	2	9	6	4	4	2	7	4	1	1	2	3	2	13	3	3	3	2	1	2	9	7	4	1	2	1	4	7	7	9	5	1	1	2	4	2	1	1	1	1	5	4	1	17	5	1	4	4	1	4	1	1	1	5	2	3	0	4	3	1	3	6	1	2	2	0	4	3	2	1	1	8	3	2	7	2	7	1	2	2	0	1	2	4	2	1	2	1	5	2	2	1	3	3	4	2	2	1	1	2	1	2	2	1	1	1	1	1	2	1	1	1	23.35	4.4	0.526000022888184	152.3	27.55	19.15	8.4	25.2500000000001	22.2500000000001	25.2500000000001	21.2500000000001	270.2	104.8	0.5	161.9	236.6	1.7	236.6	8.3	10.6	8.7	7.7	7.7	12.1	9.8	4.2740318588623	-2.40267459158347	99.4	0.9	14	134207035	0.229281646822762
GCA_036942965.1	ASM3694296v1	ASM3694296v1	Morocco	34.09	-4.2	Ita-0	3	31	29	16	30	16	14	23	10	21	1	11	14	9	1	11	5	10	15	13	10	82	1	11	16	1	2	14	14	2	23	2	9	7	9	11	8	4	12	7	6	1	2	7	2	5	2	4	13	5	3	4	3	7	15	1	5	1	9	3	7	7	4	9	0	3	2	1	2	1	2	16	6	3	13	8	1	4	10	10	5	2	1	8	12	1	3	4	3	10	5	4	1	8	1	8	3	1	4	1	8	1	1	4	1	4	2	25	3	2	1	1	10	1	18	2	2	9	4	4	5	2	7	4	1	1	1	3	2	19	3	3	3	2	1	2	8	8	4	1	2	1	5	7	8	12	5	1	1	2	4	2	1	1	1	1	5	4	1	21	5	1	4	5	1	4	1	1	1	5	3	3	1	4	3	1	3	6	1	2	2	1	4	3	2	1	1	7	3	2	7	2	7	1	2	2	0	1	1	4	4	1	3	1	5	2	0	1	3	4	4	2	2	1	1	2	1	2	2	1	1	2	1	1	2	1	1	1	11.85	11.5	0.389000010490417	600.7	28.2500000000001	-1.24999999999994	29.5	5.85000000000002	20.05	20.15	4.95000000000005	1216.9	231.3	5.6	73.5	593	27.9	46.9	572.7	16	14.6	6.4	6.4	46.8	18.9	3.30433986460121	-3.31952024559747	99.4	1.1	13	134967485	0.232753355372963
GCA_036942975.1	ASM3694297v1	ASM3694297v1	Kazakhstan	49.5	73.1	KZ9	3	31	31	17	34	16	16	23	10	21	1	11	16	10	1	11	6	10	12	14	10	69	1	13	16	1	4	16	18	2	23	2	7	7	9	13	8	4	11	8	8	1	2	7	2	5	2	5	10	4	3	4	3	7	15	1	5	1	11	3	7	7	4	9	0	3	2	1	2	1	2	12	7	3	13	9	1	9	9	10	5	2	1	10	15	1	3	5	3	11	5	4	1	8	1	8	3	1	4	1	8	1	1	4	1	3	2	16	4	2	1	1	10	1	15	2	1	9	8	4	5	2	7	4	0	1	1	3	2	23	3	3	3	3	1	2	10	8	4	1	2	1	5	7	7	10	5	1	0	2	4	2	1	1	1	1	5	4	1	22	5	1	4	6	1	4	2	1	1	4	3	3	1	4	3	1	3	6	1	2	2	0	4	3	2	1	1	7	3	2	7	2	7	1	2	2	1	1	3	4	3	1	3	1	4	2	2	1	3	2	5	2	2	1	1	2	1	2	2	1	1	1	1	1	2	1	1	1	3.45000000000005	10.2	0.241000008583069	1230.5	25.2500000000001	-16.95	42.2	17.15	-10.95	18.85	-12.55	370.7	49.2	21.6	28.4	134.1	70.1	117.3	72.9	23.3	23.7	7.2	7.3	28.2	20.6	0.408910586769654	9.84313825746828	99.4	1.1	14	128168578	0.198134514685807
GCA_946402385.1	AUZE-A-5.PacbioHiFiAssembly	AUZE-A-5	France	43.527792	1.491628	AUZE-A-5	3	31	29	17	29	16	14	22	10	22	1	11	15	10	1	11	5	10	14	14	11	107	1	13	20	1	1	16	17	1	23	2	6	7	8	13	8	3	11	8	8	1	2	7	2	5	2	5	14	3	3	4	3	7	15	1	5	1	11	3	7	7	4	9	1	3	2	1	2	1	2	16	6	3	15	9	1	8	9	10	5	2	1	10	13	1	3	5	3	12	5	4	1	8	1	8	3	1	4	1	8	1	1	4	1	4	2	18	3	1	1	1	9	1	16	2	2	9	8	4	5	2	7	4	0	1	2	3	2	12	3	3	3	3	1	2	10	7	4	1	2	1	4	6	10	11	5	1	1	2	4	2	1	1	1	1	5	4	1	19	5	1	4	6	0	4	3	1	1	5	3	3	1	4	3	1	3	6	1	2	2	0	4	3	2	1	1	7	3	2	6	2	7	1	2	2	0	1	2	4	3	1	3	1	4	2	2	1	9	2	4	2	2	1	1	2	1	2	2	1	1	2	1	1	2	1	1	1	13.7500000000001	8.7	0.352999997138977	576.8	27.05	2.45000000000005	24.6	15.95	21.05	21.35	6.55000000000001	717.8	79.8	41.7	17.7	220.2	149.5	156.4	171.2	NA	NA	NA	NA	NA	NA	-4.10314660012646	-1.19758107072465	99.4	1.1	11	134825843	0.222146894932675
GCA_946403025.1	FERR-A-8.PacbioHiFiAssembly	FERR-A-8	France	43.6577	2.4437	FERR-A-8	3	31	30	16	33	16	17	23	8	22	1	11	14	9	1	11	5	10	14	13	11	108	1	13	16	1	5	16	53	2	23	2	8	7	9	13	8	4	11	8	8	1	2	7	2	5	2	5	12	4	2	4	3	7	15	1	5	1	10	3	6	7	4	9	1	3	2	1	2	1	2	15	6	3	15	9	1	10	9	10	5	2	1	10	13	1	3	5	3	11	5	4	1	8	1	8	3	1	4	1	8	1	1	4	1	3	2	17	3	2	1	1	11	1	12	2	2	9	8	4	5	2	7	4	0	1	2	3	2	24	3	3	3	2	1	2	8	8	4	1	2	1	4	7	9	12	5	1	1	2	4	2	1	1	1	1	5	4	1	21	5	1	4	7	0	4	2	1	1	5	3	3	1	4	3	1	3	6	1	2	2	0	4	3	2	1	1	7	3	2	6	2	7	1	2	2	0	1	2	4	3	1	3	1	4	2	2	1	2	3	5	1	2	1	1	2	1	2	2	1	1	2	1	1	2	1	1	1	11.2500000000001	7.6	0.325999999046326	557.8	24.05	0.850000000000023	23.2	5.35000000000002	18.35	18.65	4.45000000000005	1675.1	185.9	72.3	25.4	544.8	271.2	275.6	513.4	20.5	17.9	6.7	6.7	39	22.8	-5.06266228240221	-4.85411229872116	99.4	1.1	16	138179928	0.241187743273394
GCA_946403525.1	BELC-C-10.PacbioHiFiAssembly	BELC-C-10	France	44.389212	2.336636	BELC-C-10	3	31	28	17	31	16	16	22	8	22	1	11	15	9	1	11	5	10	13	13	12	66	1	14	18	1	3	14	17	2	23	2	13	9	9	14	8	4	12	8	8	1	2	7	2	5	1	5	10	3	2	4	3	7	14	1	5	1	10	3	7	7	4	9	1	3	2	1	2	0	2	16	6	2	16	9	1	7	9	10	5	2	1	10	14	1	3	5	3	11	5	4	1	8	1	8	3	1	4	1	8	1	1	4	1	4	2	18	2	2	1	1	9	1	13	2	2	9	8	4	5	2	7	4	1	1	2	3	2	20	3	3	3	3	1	2	9	7	4	1	2	1	5	6	8	11	5	1	1	2	4	2	1	1	1	0	5	4	1	22	5	1	4	7	1	4	1	1	1	5	3	3	1	4	3	1	3	6	1	2	1	0	4	3	2	1	1	7	3	2	7	2	7	1	2	2	0	1	1	4	3	1	3	1	4	2	2	1	3	2	5	1	2	1	1	2	1	2	2	1	1	2	1	1	2	1	1	1	11.45	8.3	0.34300000667572	569	24.65	0.550000000000011	24.1	8.05000000000001	19.05	19.05	4.35000000000002	1047.7	109.6	58.1	16.1	296.2	217.3	217.3	266.8	22	19	6.3	6.3	41.1	28.9	-5.45391960179959	-3.61521133934721	99.4	1.1	18	135212263	0.230948290540777
GCA_946404075.1	ANGE-B-10.PacbioHiFiAssembly	ANGE-B-10	France	43.9121	1.6569	ANGE-B-10	3	31	28	17	31	16	16	21	8	22	1	11	16	10	1	11	4	10	13	12	10	73	1	12	19	1	4	16	14	2	24	2	8	7	8	14	8	4	11	8	8	1	2	7	2	5	3	5	10	4	2	4	3	7	15	1	5	1	10	3	7	7	4	9	1	3	2	1	2	0	2	15	6	3	16	9	1	7	9	10	5	2	1	8	13	1	3	5	3	11	5	4	1	8	1	8	3	1	4	1	8	1	1	4	1	3	2	19	2	2	1	1	10	1	12	2	2	9	8	4	5	2	7	4	1	1	2	3	2	8	3	3	3	3	1	2	10	8	4	1	2	1	5	6	8	11	5	1	1	2	4	2	1	1	1	1	5	4	1	20	5	1	4	8	1	3	1	1	1	5	3	3	1	4	3	1	3	6	1	2	2	0	4	3	2	1	1	7	3	2	7	2	7	1	2	2	0	1	2	4	3	1	3	1	5	2	2	1	3	2	5	2	2	1	1	2	1	2	2	1	1	2	1	1	2	1	1	1	13.35	8.8	0.355999994277954	578.6	26.7500000000001	2.05000000000001	24.7	15.7500000000001	20.55	20.95	6.15000000000003	740.1	79.2	45.1	15.7	222.2	159.7	166.2	181.1	21	17.1	7.4	7.6	22.8	11.5	-4.23046067212837	-5.43408360081764	99.4	1.1	14	136875108	0.235258744051548
GCA_946404385.1	BARA-C-5.PacbioHiFiAssembly	BARA-C-5	France	44.270842	2.427551	BARA-C-5	3	31	28	18	33	16	18	24	10	22	1	11	16	9	1	11	5	10	14	15	10	75	1	13	15	1	4	16	17	2	23	2	13	7	9	13	8	4	11	8	8	1	2	7	2	5	3	4	14	4	3	4	3	7	15	1	5	1	10	3	7	7	4	9	1	3	2	1	2	1	2	15	7	3	15	8	1	7	9	10	5	2	1	10	15	1	3	5	3	12	5	4	1	8	0	8	3	1	4	1	8	1	1	4	1	4	2	16	3	2	1	1	11	1	13	2	2	9	8	4	5	2	7	4	0	1	2	3	2	21	3	3	3	2	1	2	9	6	4	1	2	1	5	7	7	11	5	1	1	2	4	2	1	1	1	1	5	4	1	18	5	1	4	7	0	4	3	1	1	5	3	3	1	4	3	1	3	6	1	2	2	0	4	3	2	1	1	7	3	2	7	2	7	1	2	2	0	1	2	4	3	1	4	1	5	2	2	1	9	2	5	3	2	1	1	2	1	2	2	1	1	1	1	1	2	1	1	1	9.95000000000005	7.9	0.342000007629395	549	22.85	-0.349999999999966	23.2	6.85000000000002	16.85	17.2500000000001	3.25000000000006	1206.2	125	64.8	16.4	342.3	246.2	250.2	310.7	20.8	17.6	7	7	38.9	21	-4.95835350539629	-1.17165234590964	99.4	1	20	137365156	0.233934790566539
GCA_946404515.1	IP-San-9.PacbioHiFiAssembly	IP-San-9	Spain	38.331366	-3.508882	IP-San-9	3	31	30	15	31	16	15	21	10	22	1	11	16	8	1	11	4	9	15	13	11	97	1	13	12	1	4	13	14	2	23	2	6	7	9	15	8	4	12	7	6	1	2	7	2	5	2	5	12	3	3	4	3	7	15	1	5	1	10	3	7	7	4	9	0	2	2	1	2	0	2	13	6	3	14	9	1	6	9	10	5	2	1	9	13	1	3	4	3	11	5	4	1	7	1	8	2	1	4	1	8	1	1	4	1	3	2	17	2	1	1	1	10	1	13	2	2	9	4	4	5	2	7	4	0	1	2	3	2	7	3	3	3	1	1	2	9	8	4	1	2	1	4	7	6	13	5	1	0	2	4	2	1	1	1	1	5	4	1	21	5	1	4	6	0	4	2	1	1	5	3	3	1	4	3	1	3	6	1	2	2	0	4	3	2	1	1	7	3	2	4	2	7	1	2	2	0	1	3	4	3	1	3	1	5	2	2	1	3	3	5	1	2	1	1	2	1	2	2	1	0	2	1	1	2	1	1	1	15.85	10.9	0.348000001907349	707.6	32.85	1.55000000000001	31.3	11.45	25.45	25.45	7.35000000000002	550.5	88.4	4.7	52	218.8	37.5	37.5	191.8	19.8	17.8	6.8	7	32.1	18.4	11.2341315869699	-2.18223049394709	99.4	1.1	19	139502319	0.239962283351003
GCA_946404995.1	BANI-C-1.PacbioHiFiAssembly	BANI-C-1	France	43.043644	0.234303	BANI-C-1	3	31	29	18	30	16	13	22	10	21	1	11	15	10	1	11	5	10	12	14	10	93	0	14	22	1	5	16	21	1	23	2	10	9	8	16	8	4	11	8	8	1	2	7	2	5	3	4	9	4	2	4	3	7	14	1	5	0	11	3	7	7	4	9	0	3	2	1	2	1	2	15	6	3	13	9	1	7	10	10	5	2	1	9	14	1	3	6	3	12	5	4	1	7	1	8	3	1	4	1	8	1	1	4	1	4	2	8	3	2	1	1	11	1	17	2	2	9	8	4	5	2	7	4	1	1	1	3	2	23	3	3	3	2	1	2	10	8	4	1	2	1	5	7	8	12	5	1	1	2	4	2	1	1	1	1	5	4	1	19	5	1	4	8	1	4	2	1	1	5	3	3	1	4	3	1	3	6	1	2	2	1	4	3	2	1	1	7	3	2	7	2	7	1	2	2	0	1	1	4	3	1	3	1	4	2	2	1	3	3	5	1	2	1	1	2	1	2	2	1	0	2	1	1	2	1	1	1	12.05	8.4	0.363000011444092	540.5	24.05	0.950000000000045	23.1	6.15000000000003	18.85	19.15	5.35000000000002	1258.8	129.5	78.1	17.8	371.7	247.4	250.3	330.8	21.3	15.2	5.7	5.7	50.5	34.4	-5.41927391078683	-4.2034686897954	99.4	1.1	13	134087419	0.220762426637506
GCA_946405265.1	IP-Met-6.PacbioHiFiAssembly	IP-Met-6	Spain	40.261667	-4.154601	IP-Met-6	3	31	28	16	33	16	23	21	9	21	1	11	15	10	1	11	5	10	14	13	14	101	1	14	13	1	1	12	14	1	22	2	13	7	9	14	8	4	11	8	8	1	2	7	2	5	1	5	13	5	3	4	3	7	14	1	5	1	10	3	7	7	4	9	1	4	2	1	2	1	2	15	6	4	16	9	1	8	9	10	5	2	1	9	14	1	3	5	3	11	5	4	1	8	0	8	3	1	4	0	8	1	1	4	1	4	2	11	3	1	1	1	10	1	16	2	2	9	8	4	5	2	7	4	1	1	2	3	2	17	3	3	3	3	1	1	9	7	4	1	2	1	4	7	10	9	5	1	1	2	4	2	1	1	1	1	5	4	1	20	5	1	4	8	1	4	2	1	1	5	3	3	0	4	3	1	3	6	1	2	2	0	4	3	2	1	1	8	3	2	7	2	7	1	2	2	0	1	2	4	1	1	3	1	5	2	2	1	3	2	5	2	2	1	1	2	1	2	2	1	1	2	1	1	2	1	1	1	15.2500000000001	11.1	0.352999997138977	720.4	32.35	0.950000000000045	31.4	10.55	25.05	25.05	6.45000000000005	511.1	73.8	9	50.6	214.8	44	44	161.9	18.9	18.8	7.3	7.4	17.1	8.7	2.99653650004381	-2.02972114408334	99.3	1.1	27	139932771	0.239777521449925
GCA_946405525.1	FERR-A-12.PacbioHiFiAssembly	FERR-A-12	France	43.657743	2.44371	FERR-A-12	3	31	28	15	36	16	21	23	10	21	1	11	15	9	1	11	4	10	14	19	14	107	1	13	19	1	5	16	17	2	24	2	13	7	9	14	8	4	11	8	8	1	2	7	2	5	2	5	12	5	2	4	3	7	15	1	5	1	10	3	7	7	4	9	1	3	2	1	2	1	2	15	7	4	15	9	1	6	9	10	5	1	1	9	14	1	3	6	3	11	5	4	1	8	1	8	3	1	4	1	8	1	1	4	1	4	2	17	3	2	1	1	9	1	18	2	2	9	8	4	5	2	7	4	1	1	1	3	2	20	3	3	3	3	1	2	8	8	4	1	2	1	4	6	8	12	5	1	1	2	4	2	1	1	1	1	5	4	1	22	5	1	4	8	0	4	1	1	1	5	3	3	1	4	3	1	3	6	1	2	2	0	4	3	2	1	1	6	3	2	6	2	7	1	2	2	0	1	2	4	3	1	3	1	5	2	2	1	3	2	5	3	2	1	1	2	1	2	2	1	1	2	1	1	2	1	1	1	11.2500000000001	7.6	0.325999999046326	557.8	24.05	0.850000000000023	23.2	5.35000000000002	18.35	18.65	4.45000000000005	1675.1	185.9	72.3	25.4	544.8	271.2	275.6	513.4	20.5	17.9	6.7	6.7	39	22.8	-5.21286850940704	-4.15202395389208	99.4	1.1	21	135603680	0.221870615900689
GCA_946405545.1	IP-Evs-12.PacbioHiFiAssembly	IP-Evs-12	Spain	40.479175	-3.959696	IP-Evs-12	3	29	32	19	29	16	17	21	10	21	1	11	14	10	1	10	5	10	15	13	10	92	1	12	19	1	5	13	14	2	22	2	7	7	6	13	8	4	11	8	8	1	2	7	2	5	3	5	11	4	3	4	3	7	15	1	5	2	10	3	7	7	4	9	0	3	2	1	2	1	2	15	7	4	16	9	1	8	9	10	5	2	1	8	14	1	3	5	3	11	5	4	1	7	1	7	2	1	4	1	8	1	1	4	1	4	2	5	3	2	1	1	10	1	17	2	2	9	7	4	5	2	7	4	1	1	2	3	2	21	3	3	3	2	1	1	10	7	4	1	2	1	5	7	9	10	5	1	1	2	4	2	1	1	1	1	5	4	1	19	5	1	4	8	1	4	3	1	1	5	3	3	0	4	3	1	3	6	1	2	2	1	4	3	2	1	1	8	3	2	7	2	7	1	2	2	0	1	2	4	2	1	3	1	5	2	2	1	3	3	4	2	2	1	1	2	1	2	2	1	0	2	1	1	2	1	1	1	14.95	10.5	0.342000007629395	714.4	31.85	1.05000000000001	30.8	10.35	24.7500000000001	24.7500000000001	6.35000000000002	593.8	83.5	13.3	48.6	244.9	57.6	57.6	181.4	20	19	7.2	7.1	19.7	8.2	-1.47421803080302	-2.88283787473135	99.4	1.1	19	136087190	0.227696971331394
GCA_946405725.1	IP-Med-0.PacbioHiFiAssembly	IP-Med-0	Spain	42.455239	-6.765742	IP-Med-0	3	31	30	16	28	16	14	20	9	22	1	11	16	10	0	11	5	10	14	12	9	78	1	15	18	1	1	13	14	1	22	2	12	7	9	12	8	4	11	7	6	1	2	7	2	5	3	5	11	5	3	4	3	7	15	1	5	2	10	3	7	7	4	9	1	3	2	1	2	1	2	15	7	4	14	9	1	6	9	10	5	2	1	9	14	1	3	4	3	11	5	3	1	7	0	8	3	1	4	1	8	1	1	4	1	4	2	14	3	2	1	1	9	1	17	2	1	9	3	4	5	1	7	4	0	1	2	3	2	18	3	3	2	2	1	2	9	8	4	1	2	1	4	7	9	10	5	1	0	2	4	2	1	1	1	1	5	4	1	19	5	1	4	7	1	4	2	1	1	5	3	3	1	4	3	1	3	6	1	2	2	0	4	3	2	1	1	7	3	2	5	2	7	0	2	2	0	1	2	4	3	1	3	1	4	2	2	1	3	3	5	2	2	1	1	2	1	2	2	1	0	2	1	1	2	1	1	1	11.55	9.6	0.388000011444092	521.6	24.85	0.250000000000057	24.6	8.45000000000005	18.55	18.55	5.25000000000006	1145	178.8	29.4	46.2	465.8	109.8	109.8	397.9	25	20.4	6.7	6.7	38.1	30.3	10.9820280074928	-1.05252274884949	99.4	1.1	13	140003997	0.243347281444036
GCA_946405905.1	MONTM-B-16.PacbioHiFiAssembly	MONTM-B-16	France	42.861218	0.596869	MONTM-B-16	3	30	28	16	29	15	15	22	8	21	1	11	16	9	1	11	5	10	12	14	12	104	1	14	18	1	4	15	14	1	22	2	6	7	9	17	8	3	12	8	8	1	2	7	2	5	2	5	15	4	3	4	3	7	15	1	5	2	10	3	7	7	4	9	1	3	2	1	2	1	2	13	7	4	16	9	1	9	9	10	5	2	1	9	13	1	3	5	3	10	5	4	1	8	1	8	3	1	4	1	8	1	1	4	1	3	2	16	4	2	1	1	11	1	18	2	2	9	8	4	5	2	7	4	1	1	2	3	2	22	3	3	3	3	1	2	9	8	4	1	2	1	5	6	7	10	5	1	1	2	4	2	1	1	1	1	5	4	1	19	5	1	4	8	0	4	3	1	1	5	3	3	1	4	3	1	3	6	1	2	2	1	4	3	2	1	1	7	3	2	7	2	7	1	2	2	0	1	2	4	3	1	3	1	4	2	2	1	3	2	5	1	2	1	1	2	1	2	2	1	1	2	1	1	2	1	1	1	10.45	8.6	0.359999990463257	565.1	22.7500000000001	-1.14999999999998	23.9	9.05000000000001	17.55	17.85	3.45000000000005	1158.6	120.2	75.5	15.4	327.5	248.2	249.4	292.4	21.5	14.4	6	6.1	53.2	39.8	-4.01917390628698	-1.69984077441792	99.4	1	12	138389716	0.23431197734375
GCA_946406325.1	IP-Alo-0.9506.PacbioHiFiAssembly	IP-Alo-0.9506	Spain	40.109691	-7.476146	IP-Alo-0 (9506)	3	31	29	16	30	16	13	21	8	22	1	12	15	10	0	11	5	10	12	13	11	89	1	12	18	1	4	13	14	1	22	2	7	7	9	13	8	4	11	8	8	1	2	6	2	5	2	5	14	5	3	4	3	7	15	1	5	1	10	3	7	7	4	9	0	3	2	1	2	0	2	14	7	3	15	9	1	7	10	10	5	2	1	10	14	1	3	5	3	10	5	4	1	7	1	8	3	1	4	1	8	1	1	4	1	4	2	11	2	1	1	1	8	1	17	2	2	9	8	4	4	2	7	4	1	1	2	3	2	19	3	3	3	3	1	1	7	8	4	1	2	1	4	7	8	10	5	1	1	2	4	2	0	1	1	0	5	4	1	19	5	1	4	6	1	4	3	1	1	5	3	3	1	4	3	1	3	6	1	2	2	0	4	3	2	1	1	7	3	2	7	2	7	1	2	2	1	1	2	4	2	1	4	1	4	2	2	1	3	2	5	2	2	1	1	2	1	2	2	1	0	2	1	1	2	1	1	1	12.95	9.6	0.36800000667572	561.6	27.95	1.75000000000006	26.2	9.65000000000003	20.65	20.65	6.35000000000002	1257.1	214.3	12	61	566.7	64.5	64.5	491.6	18.8	14.8	5.2	5.1	46.4	40	-1.98616044430525	-2.32527795353947	99.4	1.1	16	136903266	0.232832860247468
GCA_946406525.1	Ler-0.7213.PacbioHiFiAssembly	Ler-0.7213	Poland	52.7325	15.2369	Ler-0 (7213)	3	30	29	18	35	16	25	23	10	22	1	11	16	10	1	11	5	10	14	13	10	118	1	11	17	1	4	15	23	1	23	2	8	9	8	12	8	4	11	8	8	1	2	7	2	5	2	5	13	4	3	4	3	7	15	1	5	1	10	3	7	7	4	9	1	3	2	1	2	1	2	15	7	3	13	9	1	9	9	10	5	2	1	10	13	1	3	5	3	10	5	4	1	8	1	8	3	1	4	1	8	1	1	4	1	4	2	9	3	2	1	1	9	1	12	2	2	9	8	4	5	2	7	4	0	1	2	3	2	19	3	3	3	3	1	2	9	8	4	1	2	1	4	7	8	13	14	1	1	2	4	2	1	1	1	1	5	4	1	21	5	1	4	7	0	4	2	1	1	5	3	3	1	4	3	1	3	6	1	2	2	0	4	3	2	1	1	7	3	2	7	2	7	1	2	2	0	1	3	4	3	1	3	1	4	2	2	1	1	3	4	2	2	1	1	2	1	2	2	1	1	2	1	1	2	1	1	1	9.25000000000006	7.2	0.276999998092651	693.6	23.55	-2.54999999999995	26.1	18.2500000000001	4.65000000000003	18.2500000000001	0.450000000000045	590.5	75.1	34.5	24.1	201.6	114.7	201.6	123.8	NA	NA	NA	NA	NA	NA	-4.30485347420155	3.3061448012948	99.4	1	19	134502208	0.221335430712011
GCA_946406595.1	BANI-C-12.PacbioHiFiAssembly	BANI-C-12	France	43.043644	0.234303	BANI-C-12	3	31	28	17	27	16	17	21	10	19	1	11	15	10	1	11	5	10	13	13	9	85	0	13	16	1	3	15	17	2	22	2	14	7	9	14	8	4	11	8	8	1	2	7	2	5	4	5	9	4	3	4	2	7	15	1	5	1	11	3	6	7	4	9	1	3	2	1	2	0	2	16	5	3	14	9	1	4	9	10	5	2	1	9	13	1	3	4	3	11	5	4	1	8	1	8	3	1	4	1	8	1	1	4	1	3	2	18	2	2	1	1	10	1	16	2	2	8	8	4	5	1	7	4	1	1	1	3	2	23	3	3	3	2	1	2	10	8	4	1	2	1	5	7	8	14	5	1	0	2	4	2	1	1	1	1	5	4	1	17	5	1	4	6	0	4	3	1	1	5	3	3	1	4	3	1	3	6	1	2	2	0	4	3	2	1	1	7	3	2	7	2	7	1	2	2	0	1	2	4	3	1	3	1	5	2	0	1	3	3	5	2	2	1	1	2	1	2	2	1	0	2	1	1	2	1	1	1	12.05	8.4	0.363000011444092	540.5	24.05	0.950000000000045	23.1	6.15000000000003	18.85	19.15	5.35000000000002	1258.8	129.5	78.1	17.8	371.7	247.4	250.3	330.8	21.3	15.2	5.7	5.7	50.5	34.4	0.634380043663509	-1.98264404301012	99.4	1	25	138894758	0.23502701952222
GCA_946406625.1	IP-Hom-4.9546.PacbioHiFiAssembly	IP-Hom-4.9546	Spain	40.816799	-1.68601	IP-Hom-4 (9546)	3	31	27	19	32	16	15	22	10	19	1	11	16	9	1	11	5	10	13	13	10	94	1	15	16	1	5	15	14	2	23	2	13	7	8	13	8	4	12	8	8	1	2	7	2	5	3	5	12	4	3	4	3	7	15	1	5	1	10	3	7	7	4	9	0	4	2	1	2	0	2	16	7	3	13	9	1	8	9	10	5	2	1	10	13	1	3	5	3	10	5	4	1	8	1	8	3	1	4	1	8	1	1	4	1	4	2	15	2	2	1	1	9	1	14	2	2	9	8	4	5	2	7	4	1	1	2	3	2	13	3	3	3	3	1	2	9	7	4	1	2	1	4	7	9	12	5	1	1	2	4	2	1	1	1	1	5	4	1	20	5	1	4	3	0	4	3	1	1	5	3	3	1	4	3	1	3	6	1	2	2	1	4	3	2	1	1	7	3	2	7	2	7	1	2	2	0	1	2	4	3	1	3	1	4	2	2	1	3	4	5	2	2	1	1	1	1	2	2	1	1	2	1	1	2	1	1	1	10.45	10.9	0.378999996185303	634.7	26.7500000000001	-1.94999999999999	28.7	12.45	4.05000000000001	19.2500000000001	2.95000000000005	515.7	75.8	24.6	33.3	184.8	90.6	106.3	101.4	21.8	20.6	7.2	7.6	21	14.2	-0.0906394525659773	-1.79847428862417	99.4	1.1	19	137760008	0.23352111739134
GCA_946406735.1	BARA-C-3.PacbioHiFiAssembly	BARA-C-3	France	44.270842	2.427551	BARA-C-3	3	31	28	15	34	16	18	22	10	21	1	11	14	10	1	11	5	10	15	14	12	70	1	15	20	1	5	16	14	2	23	2	12	9	9	16	8	4	11	8	8	1	2	7	2	5	3	5	13	4	2	4	3	7	14	1	5	2	10	3	7	7	4	9	1	3	2	1	2	1	2	15	6	2	15	9	1	7	9	10	5	2	1	10	14	1	3	5	3	11	5	4	1	8	1	8	2	1	4	1	8	1	1	4	1	4	2	16	3	2	1	1	9	1	18	2	2	9	8	4	5	1	7	4	1	1	2	3	2	15	3	3	3	3	1	2	9	7	4	1	2	1	4	6	8	11	5	1	1	2	4	2	1	1	1	1	5	4	1	22	5	1	4	8	0	4	2	1	1	5	3	3	1	4	3	1	3	6	1	2	2	1	4	3	2	1	1	7	3	2	7	2	7	1	2	2	0	1	2	4	2	1	3	1	4	2	2	1	7	2	5	1	2	1	1	2	1	2	2	1	1	2	1	1	2	1	1	1	9.95000000000005	7.9	0.342000007629395	549	22.85	-0.349999999999966	23.2	6.85000000000002	16.85	17.2500000000001	3.25000000000006	1206.2	125	64.8	16.4	342.3	246.2	250.2	310.7	20.8	17.6	7	7	38.9	21	-5.43777702949953	-4.52255631684867	99.4	1.1	14	135922974	0.217765717810147
GCA_946406895.1	Rabacal-1.22005.PacbioHiFiAssembly	Rabacal-1.22005	Portugal	32.7536	-17.1297	Rabacal-1 (22005)	3	30	30	17	30	16	15	22	10	22	1	11	15	9	0	11	5	10	13	13	9	86	1	11	14	1	2	14	14	2	21	2	12	6	9	12	8	3	11	7	8	1	2	7	2	5	3	5	8	3	2	4	3	8	15	1	5	1	10	3	7	7	4	9	0	2	2	1	2	0	2	15	6	3	13	8	1	6	9	10	4	2	1	9	15	1	3	4	3	10	5	4	1	8	1	8	3	1	4	1	8	1	1	4	1	4	2	16	2	2	1	1	8	1	16	2	1	8	5	3	5	2	7	4	0	1	2	3	2	4	3	3	3	2	1	2	9	8	4	1	2	1	6	7	7	10	5	1	1	2	4	2	1	1	1	1	5	4	1	21	5	1	4	5	0	4	2	1	1	5	2	3	1	4	3	1	3	6	1	2	1	0	4	3	2	1	1	7	3	2	8	2	7	1	2	2	0	1	2	4	2	1	2	1	5	2	2	1	3	2	4	1	2	1	1	2	1	2	2	1	0	2	1	1	2	1	1	1	13.2500000000001	2.9	0.215000009536743	359.4	21.55	8.05000000000001	13.5	10.55	18.2500000000001	18.45	9.65000000000003	3040.2	542.9	20.9	63.2	1328.8	121.4	207.7	1031.5	20.6	14.6	5.6	5.5	46	41.8	14.7770517150577	-1.13517744027819	99.3	1.2	25	148251191	0.27325294135411
GCA_946406975.1	CAMA-C-2.PacbioHiFiAssembly	CAMA-C-2	France	43.824878	2.881661	CAMA-C-2	3	31	34	18	28	16	12	21	10	22	1	11	16	9	1	11	4	10	12	13	10	78	1	11	16	1	4	16	17	2	22	2	7	9	8	14	8	4	11	8	8	1	2	7	2	5	3	5	11	4	2	4	3	7	15	1	5	1	10	3	7	7	4	9	1	3	2	1	2	1	2	16	7	3	14	9	1	4	10	10	5	2	1	9	13	1	3	5	3	12	5	4	1	8	1	8	2	1	4	0	8	1	1	4	1	4	2	15	3	2	1	1	9	1	12	2	2	9	8	4	5	2	7	4	1	1	2	3	2	19	3	3	3	3	1	2	10	8	4	1	2	1	5	7	9	13	5	1	1	2	4	2	1	1	1	1	5	4	1	20	5	1	4	8	1	4	1	1	1	5	3	3	1	4	3	1	3	6	1	2	2	0	4	3	2	1	1	6	3	2	7	2	7	1	2	2	0	1	3	4	3	1	3	1	4	2	2	1	3	3	5	1	2	1	1	1	1	2	2	1	0	2	1	1	2	1	1	1	11.85	7.9	0.322000002861023	586.4	25.2500000000001	0.750000000000057	24.5	8.35000000000002	19.7500000000001	19.7500000000001	4.65000000000003	1205.4	141.5	45.1	28.9	412.5	181.8	181.8	351.7	20.5	21.1	7.3	7.3	30.4	18	-4.42171610692891	-4.28183863026632	99.5	1.1	21	135703562	0.220701789684784
GCA_946407145.1	BARC-A-17.PacbioHiFiAssembly	BARC-A-17	France	43.362044	0.387723	BARC-A-17	3	31	25	14	31	16	16	22	9	21	1	11	15	9	1	11	5	10	15	14	11	94	1	12	20	1	5	14	14	2	22	2	12	7	8	14	8	4	11	8	8	1	2	7	2	5	1	5	10	4	2	4	3	7	13	1	5	1	10	3	7	7	4	9	1	3	2	1	2	1	2	16	7	2	15	9	1	4	9	10	5	2	1	9	14	1	3	5	3	10	5	4	1	7	1	8	3	1	4	1	8	1	1	4	1	4	2	8	3	2	1	1	9	1	11	2	2	9	8	4	5	1	7	4	1	1	2	3	2	22	3	3	3	3	1	2	10	8	4	1	2	1	5	7	8	11	5	1	1	2	4	2	1	1	1	1	5	4	1	18	5	1	4	7	1	4	2	1	1	5	3	3	1	4	3	1	3	6	1	2	2	0	4	3	2	1	1	7	3	2	7	2	7	1	2	2	0	1	2	4	3	1	3	1	5	2	2	1	9	3	5	1	2	1	1	2	1	2	2	1	1	1	1	1	2	1	1	1	13.35	8.7	0.372000002861023	539	25.55	2.15000000000003	23.4	12.55	20.15	20.35	6.55000000000001	897.8	97.2	56.4	18.5	268.2	172.3	177.8	232.5	21	14.6	6	5.9	38.4	10.2	-4.83406328485168	-4.91990680090701	99.4	1.2	11	136636245	0.230423845444523
GCA_946407795.1	IP-Lor-16.PacbioHiFiAssembly	IP-Lor-16	Spain	38.860067	-0.263499	IP-Lor-16	3	30	30	17	33	16	14	19	9	21	1	11	15	10	0	11	5	10	13	13	11	86	1	11	15	1	4	14	14	2	23	2	9	6	9	10	8	4	12	8	6	1	2	7	2	5	3	5	10	5	2	4	3	7	15	1	5	1	10	3	7	7	4	9	0	3	2	1	2	0	2	16	6	4	14	9	1	3	8	10	4	2	1	10	14	1	3	4	3	11	5	4	1	7	1	8	3	1	3	1	8	1	1	4	1	3	2	11	2	2	1	1	9	1	15	2	1	9	7	4	5	2	7	4	0	1	2	3	2	5	3	3	3	2	1	2	10	8	4	1	2	1	4	7	8	11	5	1	1	2	4	2	1	1	1	1	5	4	1	19	5	1	4	6	1	4	2	1	1	5	3	3	0	4	3	1	3	6	1	2	2	0	4	3	2	1	1	6	3	2	7	2	7	1	2	2	0	1	2	4	3	1	4	1	5	2	2	1	3	3	5	1	2	1	1	2	1	2	2	1	1	2	1	1	2	1	1	1	13.45	8	0.332999992370606	571.4	26.45	2.55000000000001	23.9	14.45	21.2500000000001	21.2500000000001	6.85000000000002	826	119	8.6	48.5	328	56.5	56.5	242.4	18.1	16.6	7.4	7.4	37.2	22.1	12.9233305384678	-3.25158032273104	99.4	0.9	23	139083024	0.235267217083229
GCA_946408365.1	SALE-A-10.PacbioHiFiAssembly	SALE-A-10	France	43.024966	0.965965	SALE-A-10	3	30	29	20	29	16	16	22	8	21	1	11	16	9	1	11	4	10	12	14	11	95	1	13	19	1	5	15	44	2	22	2	8	7	9	13	8	4	11	8	8	1	2	7	2	5	2	4	11	5	2	4	3	7	15	1	5	1	10	3	7	7	4	9	0	3	2	1	2	1	2	15	6	3	14	9	1	10	10	10	5	2	1	10	14	1	3	5	3	11	5	4	1	8	1	8	3	1	4	1	8	1	1	4	1	3	2	19	3	2	1	1	11	1	16	2	2	9	8	4	5	2	7	4	1	1	1	3	2	22	3	3	3	3	1	2	9	7	4	1	2	1	5	7	9	12	5	1	1	2	4	2	1	1	1	1	4	4	1	20	5	1	4	8	1	4	2	1	1	5	3	3	1	4	3	1	3	6	1	2	2	1	4	3	2	1	1	7	3	2	7	2	7	1	2	2	0	1	2	4	3	1	3	1	4	2	2	1	8	2	5	1	2	1	1	2	1	2	2	1	1	2	1	1	2	1	1	1	12.55	8.8	0.370000004768372	552.5	24.65	0.850000000000023	23.8	14.7500000000001	19.45	19.7500000000001	5.55000000000001	1149.4	122.2	73.1	15.5	335.3	246.1	250.2	281.7	22.5	15.8	5.8	5.8	41.6	25.5	-5.37013935726668	-4.83508070134896	99.4	1.2	21	136065586	0.222724385282844
GCA_946408575.1	CAMA-C-9.PacbioHiFiAssembly	CAMA-C-9	France	43.824878	2.881661	CAMA-C-9	3	31	34	18	28	16	12	21	10	22	1	11	16	9	1	11	4	10	12	13	10	78	1	11	16	1	4	16	17	2	22	2	7	9	8	14	8	4	11	8	8	1	2	7	2	5	3	5	11	4	2	4	3	7	15	1	5	1	10	3	7	7	4	9	1	3	2	1	2	1	2	16	7	3	14	9	1	4	10	10	5	2	1	9	13	1	3	5	3	12	5	4	1	8	1	8	2	1	4	0	8	1	1	4	1	4	2	15	3	2	1	1	9	1	12	2	2	9	8	4	5	2	7	4	1	1	2	3	2	19	3	3	3	3	1	2	10	8	4	1	2	1	5	7	9	13	5	1	1	2	4	2	1	1	1	1	5	4	1	20	5	1	4	8	1	4	1	1	1	5	3	3	1	4	3	1	3	6	1	2	2	0	4	3	2	1	1	6	3	2	7	2	7	1	2	2	0	1	3	4	3	1	3	1	4	2	2	1	3	3	5	1	2	1	1	1	1	2	2	1	0	2	1	1	2	1	1	1	11.85	7.9	0.322000002861023	586.4	25.2500000000001	0.750000000000057	24.5	8.35000000000002	19.7500000000001	19.7500000000001	4.65000000000003	1205.4	141.5	45.1	28.9	412.5	181.8	181.8	351.7	20.5	21.1	7.3	7.3	30.4	18	-4.48304755905094	-4.31164504552441	99.5	1.1	11	135007634	0.218848609701582
GCA_946408975.1	BELC-C-12.PacbioHiFiAssembly	BELC-C-12	France	44.389212	2.336636	BELC-C-12	3	31	28	17	31	16	16	22	8	22	1	11	15	9	1	11	5	10	13	13	12	66	1	14	18	1	3	14	17	2	23	2	13	9	9	14	8	4	12	8	8	1	2	7	2	5	1	5	10	3	2	4	3	7	14	1	5	1	10	3	7	7	4	9	1	3	2	1	2	0	2	16	6	2	16	9	1	7	9	10	5	2	1	10	14	1	3	5	3	11	5	4	1	8	1	8	3	1	4	1	8	1	1	4	1	4	2	18	2	2	1	1	9	1	13	2	2	9	8	4	5	2	7	4	1	1	2	3	2	20	3	3	3	3	1	2	9	7	4	1	2	1	5	6	8	11	5	1	1	2	4	2	1	1	1	0	5	4	1	22	5	1	4	7	1	4	1	1	1	5	3	3	1	4	3	1	3	6	1	2	1	0	4	3	2	1	1	7	3	2	7	2	7	1	2	2	0	1	1	4	3	1	3	1	4	2	2	1	3	2	5	1	2	1	1	2	1	2	2	1	1	2	1	1	2	1	1	1	11.45	8.3	0.34300000667572	569	24.65	0.550000000000011	24.1	8.05000000000001	19.05	19.05	4.35000000000002	1047.7	109.6	58.1	16.1	296.2	217.3	217.3	266.8	22	19	6.3	6.3	41.1	28.9	-5.54883419504985	-3.82120765501589	99.4	1.1	18	135578048	0.231761619698198
GCA_946409395.1	BROU-A-10.PacbioHiFiAssembly	BROU-A-10	France	43.999349	2.621684	BROU-A-10	3	30	27	18	35	16	15	22	10	22	1	11	16	10	1	11	4	10	13	13	9	108	1	14	18	1	3	14	14	1	24	2	14	7	9	15	8	4	11	8	8	1	2	7	2	5	3	5	11	4	2	4	2	7	14	1	5	1	10	3	7	7	4	9	1	3	2	1	2	1	2	16	6	4	16	9	1	4	9	10	5	2	1	9	14	1	3	5	3	11	5	4	1	8	1	8	3	1	4	1	8	1	1	4	1	3	2	8	3	2	1	1	11	1	11	2	1	9	8	4	5	1	7	4	1	1	2	3	2	22	3	3	3	2	1	2	9	8	4	1	2	1	3	6	8	14	5	1	1	2	4	2	1	1	1	1	5	4	1	19	5	1	4	7	1	4	3	1	1	5	3	3	1	4	3	1	3	6	1	2	2	0	4	3	2	1	1	6	3	2	7	2	7	1	2	2	1	1	2	4	2	1	3	1	4	2	2	1	9	2	4	1	2	1	1	2	1	2	2	1	1	2	1	1	2	1	1	1	12.15	8.2	0.33199999332428	588.2	25.85	1.05000000000001	24.8	8.65000000000003	20.05	20.05	4.95000000000005	1098.1	119.9	48.9	21.6	336.7	194.1	194.1	318.4	21	20.5	6.8	7	37.6	21.5	-4.63189862351291	-5.20843288843066	99.4	1.1	26	133375868	0.212196917061488
GCA_946409815.1	SALE-A-17.PacbioHiFiAssembly	SALE-A-17	France	43.024966	0.965965	SALE-A-17	3	30	28	20	29	16	16	22	10	21	1	11	16	9	1	11	4	10	12	14	11	95	1	13	19	1	5	15	44	2	22	2	8	7	9	13	8	4	12	8	8	1	2	7	2	5	2	4	11	5	2	4	3	7	15	1	5	1	10	3	7	7	4	9	0	3	2	1	2	1	2	15	6	4	14	9	1	10	10	10	5	2	1	10	14	1	3	5	3	11	5	4	1	8	1	8	3	1	4	1	8	1	1	4	1	3	2	19	3	2	1	1	11	1	14	2	2	9	8	4	5	2	7	4	1	1	1	3	2	22	3	3	3	3	1	2	9	7	4	1	2	1	5	7	9	12	5	1	1	2	4	2	1	1	1	1	4	4	1	20	5	1	4	8	1	4	1	1	1	5	3	3	1	4	3	1	3	6	1	2	2	1	4	3	2	1	1	7	3	2	7	2	7	1	2	2	0	1	2	4	3	1	3	1	4	2	2	1	8	2	5	1	2	1	1	2	1	2	2	1	1	2	1	1	2	1	1	1	12.55	8.8	0.370000004768372	552.5	24.65	0.850000000000023	23.8	14.7500000000001	19.45	19.7500000000001	5.55000000000001	1149.4	122.2	73.1	15.5	335.3	246.1	250.2	281.7	22.5	15.8	5.8	5.8	41.6	25.5	-5.36990766665518	-4.86287129921411	99.4	1.1	15	134914634	0.225325089641499
GCA_946410165.1	BARC-A-12.PacbioHiFiAssembly	BARC-A-12	France	43.362044	0.387723	BARC-A-12	3	31	25	14	31	16	16	22	9	21	1	11	15	9	1	11	5	10	15	14	11	94	1	12	20	1	5	14	14	2	22	2	12	7	8	14	8	4	11	8	8	1	2	7	2	5	1	5	10	4	2	4	3	7	13	1	5	1	10	3	7	7	4	9	1	3	2	1	2	1	2	16	7	2	15	9	1	4	9	10	5	2	1	9	14	1	3	5	3	10	5	4	1	7	1	8	3	1	4	1	8	1	1	4	1	4	2	8	3	2	1	1	9	1	11	2	2	9	8	4	5	1	7	4	1	1	2	3	2	22	3	3	3	3	1	2	10	8	4	1	2	1	5	7	8	11	5	1	1	2	4	2	1	1	1	1	5	4	1	18	5	1	4	7	1	4	2	1	1	5	3	3	1	4	3	1	3	6	1	2	2	0	4	3	2	1	1	7	3	2	7	2	7	1	2	2	0	1	2	4	3	1	3	1	5	2	2	1	9	3	5	1	2	1	1	2	1	2	2	1	1	1	1	1	2	1	1	1	13.35	8.7	0.372000002861023	539	25.55	2.15000000000003	23.4	12.55	20.15	20.35	6.55000000000001	897.8	97.2	56.4	18.5	268.2	172.3	177.8	232.5	21	14.6	6	5.9	38.4	10.2	-4.8298016650326	-4.89015555264133	99.4	1.2	11	136411919	0.229803680131499
GCA_946410485.1	IP-Alo-19.PacbioHiFiAssembly	IP-Alo-19	Spain	40.109691	-7.476146	IP-Alo-19	3	30	29	16	27	16	17	21	10	21	1	11	15	10	1	11	5	10	11	12	10	90	1	12	12	1	4	12	54	2	21	1	10	6	9	15	8	4	11	8	6	1	2	7	2	5	3	5	14	5	2	4	3	7	15	1	5	1	10	3	7	7	4	9	0	3	1	1	2	1	2	15	5	3	15	9	1	7	9	10	5	2	1	9	14	1	3	6	3	11	5	4	1	7	1	8	3	1	4	1	8	1	1	4	1	4	2	52	3	2	1	1	10	1	15	2	2	9	4	4	5	2	7	4	1	1	2	3	2	22	3	3	3	1	1	2	9	8	4	1	2	1	4	7	9	10	5	1	0	2	4	2	1	1	1	1	5	4	1	20	5	1	4	6	0	4	1	1	1	5	3	3	1	4	3	1	3	6	1	2	2	0	4	3	2	1	1	7	3	2	5	2	7	1	2	2	0	1	2	4	3	1	3	1	5	2	2	1	3	4	5	2	2	1	1	2	1	2	2	1	1	2	1	1	2	1	1	1	12.95	9.6	0.36800000667572	561.6	27.95	1.75000000000006	26.2	9.65000000000003	20.65	20.65	6.35000000000002	1257.1	214.3	12	61	566.7	64.5	64.5	491.6	18.8	14.8	5.2	5.1	46.4	40	11.6369157169812	-1.66273965608401	99.3	1.1	20	137851100	0.235132958677878
GCA_946411375.1	IP-Cas-0.9831.PacbioHiFiAssembly	IP-Cas-0.9831	Spain	38.534077	-3.39072	IP-Cas-0 (9831)	3	30	29	15	32	16	16	23	10	22	1	11	14	10	1	11	5	10	13	13	9	95	1	11	19	1	3	16	14	1	21	2	7	7	9	13	8	4	11	8	8	1	2	7	2	5	2	5	14	4	3	4	3	7	15	1	5	1	10	3	7	7	4	9	0	4	2	1	2	0	2	13	6	4	16	9	1	9	9	10	5	2	1	10	14	1	3	5	3	12	5	4	1	7	1	8	2	1	4	0	8	1	1	4	1	4	2	15	2	2	0	1	10	1	14	2	2	9	7	3	5	1	7	4	0	1	2	3	2	16	3	3	3	2	1	2	10	7	4	1	2	1	4	7	9	13	5	1	1	2	4	2	1	1	1	1	5	4	1	24	5	1	4	7	1	4	3	1	1	5	3	3	1	4	3	1	3	6	1	2	2	0	4	3	2	1	1	7	3	2	7	2	5	1	2	2	0	1	3	4	3	1	3	1	4	2	2	1	2	3	5	1	2	1	1	2	1	2	2	1	1	2	1	1	2	1	1	1	15.05	10.8	0.350999999046326	704.3	32.05	1.15000000000003	30.9	10.7500000000001	24.7500000000001	24.7500000000001	6.65000000000003	484.5	72.5	4.8	48.6	184.8	41.7	41.7	155.7	18.8	17.5	7.7	7.8	15.3	10.8	3.62845446632841	-2.6961271747031	99.4	1.2	15	135495245	0.2262961995456
GCA_946411425.1	IP-Hom-0.PacbioHiFiAssembly	IP-Hom-0	Spain	40.816799	-1.68601	IP-Hom-0	3	31	31	17	33	16	17	21	10	21	1	11	15	8	0	11	5	10	14	13	10	86	1	14	14	1	4	12	27	2	22	2	12	6	9	15	8	4	12	8	6	1	2	7	2	5	4	5	10	4	2	4	3	7	15	1	5	0	10	3	7	7	4	9	0	2	2	1	2	1	2	14	6	3	13	9	1	8	9	10	5	2	1	10	14	1	3	4	3	10	5	4	1	7	1	8	2	1	4	1	8	1	1	4	1	3	1	17	3	1	1	1	9	1	14	2	2	8	7	4	5	1	7	4	1	1	2	3	2	17	3	3	3	1	1	2	9	8	4	1	2	1	3	7	6	11	5	1	1	2	4	2	1	1	0	1	5	4	1	19	5	1	4	6	0	4	2	1	1	5	3	3	0	4	3	1	3	6	1	2	2	0	4	3	2	1	1	7	3	2	6	2	7	1	2	2	0	1	2	4	2	1	2	1	5	2	2	1	3	4	5	2	2	1	1	2	1	2	2	1	0	2	1	1	2	1	1	1	10.45	10.9	0.378999996185303	634.7	26.7500000000001	-1.94999999999999	28.7	12.45	4.05000000000001	19.2500000000001	2.95000000000005	515.7	75.8	24.6	33.3	184.8	90.6	106.3	101.4	21.8	20.6	7.2	7.6	21	14.2	12.3427580916488	-1.1111400942444	99.3	1.1	12	141195012	0.246475923667898
GCA_946411655.1	MERE-A-13.PacbioHiFiAssembly	MERE-A-13	France	42.656618	1.836221	MERE-A-13	3	30	28	16	31	16	16	23	10	22	1	11	15	9	1	11	4	10	13	13	12	103	1	12	21	1	4	15	17	2	22	2	12	8	9	13	8	4	11	8	8	1	2	7	2	5	4	5	10	5	3	4	3	7	14	1	5	1	10	3	7	7	4	9	1	3	2	1	2	0	2	16	6	3	16	9	1	9	9	10	5	2	1	10	13	1	3	5	3	10	5	4	1	8	1	8	3	1	4	1	8	1	1	4	1	3	1	17	2	2	1	1	8	1	13	2	2	9	8	3	5	2	7	4	1	1	2	3	2	22	3	3	3	3	1	2	10	7	4	1	2	1	5	6	11	13	5	1	1	2	4	2	1	1	1	1	5	4	1	22	5	1	4	7	0	4	2	1	1	5	3	3	1	4	3	1	3	6	1	2	2	1	4	3	2	1	1	7	3	2	7	2	5	1	2	2	0	1	2	4	3	1	3	1	4	2	2	1	8	2	5	1	2	1	1	2	1	2	2	1	1	2	1	1	2	1	1	1	8.95000000000005	9.2	0.357999992370605	597.8	22.45	-3.14999999999998	25.6	10.95	16.55	16.95	1.65000000000003	829.5	86.1	51.7	14.9	241.3	179	186.3	202.4	19	15	6.4	6.6	54.2	43	-3.29823603407988	-2.35531268588238	99.4	1	24	141022646	0.242847904016778
GCA_946411805.1	IP-Mos-9.PacbioHiFiAssembly	IP-Mos-9	Spain	40.040579	-7.110302	IP-Mos-9	3	31	28	17	35	16	12	21	8	22	1	11	16	10	0	11	5	10	13	12	12	62	1	15	11	1	2	13	18	1	20	2	12	6	9	11	8	3	11	7	6	1	2	7	2	5	4	5	10	4	2	4	3	8	15	1	5	1	10	3	7	7	4	9	1	3	2	1	2	1	2	14	6	3	12	9	1	6	9	10	5	2	1	10	14	1	3	5	3	10	5	4	1	7	1	8	3	1	4	1	8	1	1	4	1	4	2	11	3	2	1	1	10	1	13	2	2	9	4	4	5	2	7	4	1	1	2	3	2	17	3	3	3	2	1	2	9	8	4	1	2	1	4	7	6	9	5	1	0	2	4	2	1	1	1	1	5	4	1	20	5	1	4	3	1	4	2	1	1	5	3	3	0	4	3	1	3	6	1	2	2	0	4	3	2	1	1	7	3	2	7	2	7	1	2	2	0	1	2	4	1	1	3	1	5	2	2	1	3	4	4	1	2	1	1	2	1	2	2	1	1	2	1	1	2	1	1	1	14.05	10.2	0.369000005722046	595.9	29.95	2.45000000000005	27.5	10.45	22.2500000000001	22.2500000000001	7.05000000000001	850.2	142	8.2	60.2	380.9	41.5	41.5	328.7	18.8	15.6	5.5	5.6	42.2	25.8	11.8625886499808	-1.81903655836963	99.3	1.1	11	142678626	0.255508733312304
GCA_946411885.1	IP-Mos-5.PacbioHiFiAssembly	IP-Mos-5	Spain	40.040579	-7.110302	IP-Mos-5	3	31	27	16	32	16	13	21	8	22	1	11	15	10	0	11	3	10	13	13	11	96	1	15	20	1	4	15	14	2	21	2	12	7	9	15	8	4	11	8	6	1	2	6	2	5	2	5	13	6	3	4	3	7	15	1	5	0	9	3	7	7	4	9	0	3	2	1	2	1	2	16	7	3	16	9	1	7	9	10	5	2	1	9	16	1	3	6	3	10	5	4	1	8	1	8	3	1	4	1	8	1	1	4	1	2	2	15	2	2	1	1	10	1	17	2	2	9	6	4	5	2	7	4	1	1	1	3	2	16	3	3	3	3	1	2	10	8	4	1	2	1	5	7	8	11	5	1	0	2	4	2	1	1	1	1	5	4	1	19	5	1	4	8	1	3	2	1	1	5	3	3	1	4	3	1	3	6	1	2	2	0	4	3	2	1	1	7	3	2	7	2	7	1	2	2	0	1	2	4	3	1	3	1	4	2	2	1	9	4	4	2	2	1	1	2	1	2	2	1	0	2	1	1	2	1	1	1	14.05	10.2	0.369000005722046	595.9	29.95	2.45000000000005	27.5	10.45	22.2500000000001	22.2500000000001	7.05000000000001	850.2	142	8.2	60.2	380.9	41.5	41.5	328.7	18.8	15.6	5.5	5.6	42.2	25.8	-1.72541704658141	-1.5879947863713	99.5	1.1	20	138054275	0.224592088872293
GCA_946412005.1	IP-Hum-4.PacbioHiFiAssembly	IP-Hum-4	Spain	42.227184	-3.688887	IP-Hum-4	3	31	32	18	32	16	15	22	6	21	1	11	15	10	1	11	5	10	14	14	11	92	1	13	14	1	5	16	10	1	23	2	6	7	9	15	8	4	11	8	7	1	2	7	2	5	2	5	12	4	3	4	3	7	14	1	5	2	10	3	7	7	4	9	0	3	2	1	2	1	2	15	6	4	16	9	1	9	9	10	5	2	1	10	12	1	3	5	3	10	5	4	1	8	1	8	3	1	4	1	8	1	1	4	1	4	2	6	3	2	1	1	10	1	12	2	1	9	7	4	3	2	7	4	1	1	2	3	2	15	3	3	3	2	1	2	10	8	4	1	2	1	5	7	8	11	5	1	1	2	4	2	1	1	1	1	5	4	1	22	5	1	4	8	1	4	3	1	1	5	3	3	1	4	3	1	3	6	1	2	1	0	4	3	2	1	1	7	3	2	7	2	7	1	2	2	1	1	1	4	3	1	2	1	4	2	0	1	9	4	5	3	1	1	1	2	1	2	2	1	0	2	1	1	2	1	1	1	11.2500000000001	9.4	0.36800000667572	560	25.45	-0.0499999999999545	25.5	8.05000000000001	18.65	18.7500000000001	4.45000000000005	663.4	83.3	25.6	33.3	227.9	98.6	102	184.3	22.8	19.2	7.3	7.3	24.6	11.8	-5.35751960553447	-0.833176391921851	99.4	1.1	17	133701549	0.216781205728589
GCA_946412065.1	GAIL-B-11.PacbioHiFiAssembly	GAIL-B-11	France	43.909032	1.901077	GAIL-B-11	3	31	30	16	34	16	28	23	8	22	1	11	16	9	1	11	4	10	12	13	13	95	1	13	23	1	5	15	17	2	22	2	9	9	9	13	8	4	11	8	8	1	2	7	2	5	3	5	16	4	2	4	3	7	15	1	5	1	10	3	7	7	4	9	1	3	2	1	2	0	2	16	5	4	14	9	1	9	9	10	5	2	1	9	13	1	3	4	3	11	5	4	1	8	1	8	3	1	4	1	8	1	1	4	1	3	2	16	2	2	1	1	10	1	16	2	2	9	8	4	5	1	7	4	1	1	1	3	2	14	3	3	3	2	1	2	10	7	4	1	2	1	5	7	8	13	5	1	1	2	4	2	1	1	1	0	5	4	1	18	5	1	4	7	1	4	1	1	1	5	3	3	1	4	3	1	3	6	1	2	2	1	4	3	2	1	1	7	3	2	7	2	7	1	2	2	0	1	2	4	3	1	3	1	4	2	2	1	3	3	5	1	2	1	1	2	1	2	2	1	1	2	1	1	2	1	1	1	13.55	8.7	0.352999997138977	580.5	26.95	2.25000000000006	24.7	15.95	20.7500000000001	21.15	6.25000000000006	762.2	80	43.4	16.5	226.7	160.1	165.3	188.5	NA	NA	NA	NA	NA	NA	-5.98556723728375	-5.07128519765507	99.4	1.1	16	134186912	0.222472285523643
GCA_946412225.1	IP-Mdc-14.PacbioHiFiAssembly	IP-Mdc-14	Spain	38.874341	-3.52962	IP-Mdc-14	3	31	33	15	27	16	14	21	10	22	1	11	13	10	1	11	4	10	12	13	10	89	1	12	14	1	4	13	14	2	22	2	8	6	9	13	8	4	11	8	6	1	2	7	2	5	1	5	14	4	3	4	3	7	15	1	5	1	10	3	7	7	4	9	0	3	2	1	2	0	2	16	7	4	15	9	1	10	9	10	5	2	1	9	15	1	3	6	3	10	5	4	1	8	1	8	2	1	4	0	8	1	1	4	1	3	2	11	2	2	0	1	10	1	9	2	2	9	6	4	5	1	7	4	0	1	2	3	2	32	3	3	3	3	1	2	10	8	4	1	2	1	4	6	11	14	5	1	0	2	4	2	1	1	1	1	5	4	1	21	5	1	4	6	1	4	2	1	1	5	3	3	1	4	3	1	3	6	1	2	2	0	4	3	2	1	1	7	3	2	7	2	6	1	2	2	0	1	2	4	2	1	3	1	4	2	2	1	3	2	5	1	2	1	1	2	1	2	2	1	0	2	1	1	2	1	1	1	15.05	11.2	0.358999991416931	704.4	32.05	0.950000000000045	31.1	10.65	24.65	24.65	6.55000000000001	463.6	68.5	5.8	48.2	179.2	43	43	144	19.2	17.8	7.4	7.8	22.1	10	3.88019289505765	-1.05003490533176	99.3	0.9	13	137508736	0.241612103830261
GCA_946413285.1	IP-Hum-2.9549.PacbioHiFiAssembly	IP-Hum-2.9549	Spain	42.227184	-3.688887	IP-Hum-2 (9549)	3	31	29	16	30	15	14	22	9	21	1	11	15	9	0	11	5	10	12	13	9	64	1	16	15	1	5	14	7	2	22	2	11	7	8	14	8	4	11	7	6	1	2	7	2	5	2	5	14	5	3	4	3	7	15	1	5	1	10	3	7	7	4	9	1	2	2	1	2	0	2	15	7	4	15	9	1	7	9	10	5	2	1	9	15	1	3	5	3	10	5	4	1	8	1	8	3	1	4	1	8	1	1	4	1	4	2	17	2	2	1	1	9	1	11	2	2	9	5	4	5	2	7	4	1	1	2	3	2	13	3	3	3	2	1	2	9	7	4	1	2	1	5	7	6	12	5	1	0	2	4	2	0	1	1	1	5	3	1	20	5	1	4	3	1	4	2	1	1	5	3	3	0	4	3	1	3	6	1	2	2	0	4	3	2	1	1	7	3	2	5	2	7	1	2	2	1	1	2	4	2	1	3	1	5	2	2	1	3	3	5	1	2	1	1	2	1	2	2	1	0	2	1	1	2	1	1	1	11.2500000000001	9.4	0.36800000667572	560	25.45	-0.0499999999999545	25.5	8.05000000000001	18.65	18.7500000000001	4.45000000000005	663.4	83.3	25.6	33.3	227.9	98.6	102	184.3	22.8	19.2	7.3	7.3	24.6	11.8	6.34380866108489	-3.05137726267991	99.4	1.1	25	140009216	0.243918686038496
GCA_946413305.1	IP-Med-3.PacbioHiFiAssembly	IP-Med-3	Spain	42.455239	-6.765742	IP-Med-3	3	31	29	16	31	16	15	21	8	22	1	11	16	10	1	11	5	10	15	13	8	90	1	12	16	1	5	15	14	2	22	2	11	7	9	14	8	4	12	8	6	1	2	7	2	5	3	5	14	5	3	4	3	7	13	1	5	0	9	3	7	7	4	9	0	3	2	1	2	1	2	16	7	4	15	9	1	6	9	10	5	2	1	9	14	1	3	5	3	11	5	4	1	8	1	8	3	1	4	1	8	1	1	4	1	2	2	19	2	2	1	1	10	1	14	2	2	9	8	4	5	2	7	4	1	1	2	3	2	23	3	3	3	3	1	2	10	8	4	1	2	1	5	6	9	10	5	1	1	2	4	2	1	1	1	1	5	4	1	20	5	1	4	8	1	4	2	1	1	5	3	3	1	4	3	1	3	6	1	2	2	0	4	3	2	1	1	7	3	2	7	2	7	1	2	2	0	1	1	4	3	1	3	1	4	2	2	1	3	2	5	2	2	1	1	2	1	2	2	1	0	2	1	1	2	1	1	1	11.55	9.6	0.388000011444092	521.6	24.85	0.250000000000057	24.6	8.45000000000005	18.55	18.55	5.25000000000006	1145	178.8	29.4	46.2	465.8	109.8	109.8	397.9	25	20.4	6.7	6.7	38.1	30.3	-3.51974829547562	-0.801374617185679	99.4	1	19	138709668	0.230055031203737
GCA_946413405.1	PREI-A-14.PacbioHiFiAssembly	PREI-A-14	France	43.717856	0.623298	PREI-A-14	3	31	28	18	30	16	15	21	10	22	1	11	15	9	1	11	4	10	16	13	14	89	1	14	21	1	5	16	54	2	23	2	14	7	8	13	8	4	12	8	8	1	2	7	2	5	2	5	11	4	2	4	2	7	15	1	5	1	10	3	7	7	4	9	1	3	2	1	2	1	2	16	5	4	15	9	1	7	9	10	5	2	1	9	14	1	3	5	3	12	5	4	1	8	1	8	3	1	4	1	8	1	1	4	1	4	2	17	3	2	1	1	9	1	15	2	2	8	8	4	5	2	7	4	1	1	2	3	2	22	3	3	3	3	1	2	10	7	4	1	2	1	4	7	9	10	5	1	1	2	4	2	1	1	1	1	5	4	1	21	5	1	4	5	1	4	3	1	1	5	3	3	1	4	3	1	3	6	1	2	2	0	4	3	2	1	1	7	3	2	7	2	7	1	2	2	0	1	2	4	2	1	3	1	4	2	2	1	8	3	5	2	2	1	1	2	1	2	2	1	1	2	1	1	2	1	1	1	13.7500000000001	8.9	0.365000009536743	571	26.7500000000001	2.35000000000002	24.4	16.05	20.95	21.15	6.55000000000001	688	72.4	47.5	12.7	196.4	153.3	155.1	168	20.6	15.1	7.6	7.6	34.9	15.3	-4.49660651965309	-4.85799469641777	99.5	0.9	19	135797451	0.223954940067321
GCA_946413935.1	IP-Sln-22.PacbioHiFiAssembly	IP-Sln-22	Spain	40.356889	-3.994843	IP-Sln-22	3	30	30	17	32	16	14	21	10	22	1	11	14	7	0	11	5	10	12	13	14	107	1	13	11	1	3	14	14	1	21	2	12	6	9	13	8	4	11	8	6	1	2	7	2	5	3	5	12	5	2	4	3	7	15	1	5	0	10	3	7	7	4	9	0	2	2	1	2	1	2	14	7	3	14	9	1	4	9	10	5	2	1	10	13	1	3	6	3	11	5	4	1	8	1	8	3	1	4	1	8	1	1	4	1	4	2	18	3	2	1	1	9	1	10	2	2	9	5	4	5	1	7	4	0	1	2	3	2	19	3	3	3	1	1	2	9	8	4	1	2	1	4	7	9	10	5	1	1	2	4	2	1	1	1	1	5	4	1	21	5	1	4	6	0	4	2	1	1	5	3	3	1	4	3	1	3	6	1	2	2	0	4	3	2	1	1	6	3	2	5	2	7	1	2	2	0	1	3	4	3	1	3	1	5	2	2	1	3	4	4	1	2	1	1	2	1	2	2	1	0	2	1	1	2	1	1	1	14.7500000000001	11	0.351999998092651	716.5	31.7500000000001	0.550000000000011	31.2	10.15	24.55	24.55	6.05000000000001	515	71.3	11.3	48.5	212.1	49.5	49.5	157.2	19.7	17.8	7.2	7.2	29.5	11	11.371808504392	-3.04026560846718	99.3	1.1	15	140705873	0.244129738635714
GCA_946414125.1	Cvi-0.6911.PacbioHiFiAssembly	Cvi-0.6911	Cape Verde	15.1111	-23.6167	Cvi-0 (6911)	3	31	27	16	31	15	12	21	10	22	1	11	14	9	0	11	4	10	14	13	8	90	1	14	19	1	2	14	14	1	20	2	13	7	9	12	8	4	12	8	8	1	2	7	2	5	1	5	13	3	3	4	3	7	15	1	5	1	9	3	7	7	4	8	1	4	1	1	2	1	2	15	6	1	15	9	1	4	9	8	5	2	1	10	16	1	3	5	3	10	5	4	1	8	1	8	3	1	4	1	8	1	1	4	1	4	2	20	3	2	1	1	9	1	14	2	2	9	6	4	4	2	7	4	1	1	2	3	2	13	3	3	3	2	1	2	9	7	4	1	2	1	4	7	7	9	5	1	1	2	4	2	1	1	1	1	5	4	1	17	5	1	4	4	1	4	1	1	1	5	2	3	0	4	3	1	3	6	1	2	2	0	4	3	2	1	1	8	3	2	7	2	7	1	2	2	0	1	2	4	2	1	3	1	5	2	2	1	3	3	4	2	2	1	1	2	1	2	2	1	1	1	1	1	2	1	1	1	23.15	3.7	0.457000017166138	159.3	27.35	19.35	8	25.35	21.95	25.35	21.15	259.7	98.2	0.7	156.9	225.2	2.4	225.2	9	6.6	6.2	7.4	7.4	11.1	8	4.2740318588623	-2.40267459158347	99.4	0.9	22	140383792	0.244770129873682
GCA_946414305.1	IP-Cat-0.9832.PacbioHiFiAssembly	IP-Cat-0.9832	Spain	40.542081	-3.68695	IP-Cat-0 (9832)	3	31	30	17	30	16	14	20	10	22	1	11	15	6	0	11	5	10	13	13	13	116	1	11	14	1	3	13	14	1	21	2	12	7	9	11	8	4	11	8	8	1	2	7	2	5	3	5	13	4	2	4	3	7	15	1	5	1	10	3	7	7	4	9	1	2	2	1	2	0	2	14	6	2	13	9	1	3	9	10	5	2	1	10	14	1	3	5	3	10	5	4	1	7	0	8	3	1	4	1	8	1	1	4	1	4	2	17	2	2	1	1	9	1	12	2	1	9	4	4	5	2	7	4	1	1	2	3	2	9	3	3	3	2	1	2	10	8	4	1	2	1	4	7	7	11	5	1	1	2	4	2	1	1	1	1	5	4	1	20	5	1	4	8	0	4	2	1	1	5	3	3	1	4	3	1	3	6	1	2	2	0	4	3	2	1	1	5	3	2	6	2	7	1	2	2	0	1	2	4	2	1	3	1	5	2	2	1	3	4	5	1	2	1	1	2	1	2	2	1	0	2	1	1	2	1	1	1	14.2500000000001	11.3	0.366000008583069	704.6	31.2500000000001	0.250000000000057	31	9.75000000000006	23.95	23.95	5.75000000000006	518.5	69.9	12.1	46.7	207.5	51.8	51.8	153.8	20.2	21.3	7.3	7.4	25.5	11.7	13.617266406785	-3.18817207109798	99.4	1.1	19	138014403	0.243891646584161
GCA_946415005.1	ANGE-B-2.PacbioHiFiAssembly	ANGE-B-2	France	43.91214	1.656855	ANGE-B-2	3	31	33	17	32	16	14	23	10	22	1	11	15	9	1	11	5	10	15	13	11	97	1	13	17	1	2	16	17	2	23	2	13	9	8	13	8	4	10	8	8	1	2	7	2	5	3	5	11	5	2	4	3	7	15	1	5	1	10	3	7	7	4	9	0	3	2	1	2	0	2	15	6	3	15	9	1	8	9	8	5	2	1	9	13	1	3	5	3	10	5	4	1	8	1	8	3	1	4	1	8	1	1	4	1	3	2	16	2	2	1	1	9	1	14	2	2	9	8	4	5	2	7	4	1	1	2	3	2	12	3	3	3	3	1	2	10	7	4	1	2	1	5	6	8	12	5	1	0	2	4	2	1	1	1	1	5	4	1	19	5	1	4	8	1	4	1	1	1	5	3	3	1	4	3	1	3	6	1	2	2	0	4	3	2	1	1	7	3	2	7	2	7	1	2	2	0	1	2	4	3	1	3	1	5	2	2	1	3	2	5	1	2	1	1	2	1	2	2	1	1	2	1	1	2	1	1	1	13.35	8.8	0.355999994277954	578.6	26.7500000000001	2.05000000000001	24.7	15.7500000000001	20.55	20.95	6.15000000000003	740.1	79.2	45.1	15.7	222.2	159.7	166.2	181.1	21	17.1	7.4	7.6	22.8	11.5	-3.66178130987078	-3.0661914396868	99.4	1.1	18	136497488	0.233407951067935
GCA_946415165.1	IP-Evs-0.9845.PacbioHiFiAssembly	IP-Evs-0.9845	Spain	40.479175	-3.959696	IP-Evs-0 (9845)	3	30	27	16	29	16	17	21	10	21	1	11	15	10	1	11	5	10	16	13	12	92	1	11	15	1	5	12	14	2	22	2	7	7	8	16	8	4	11	8	8	1	2	7	2	5	3	5	10	4	3	4	3	7	15	1	5	1	10	3	7	7	4	9	0	4	2	1	2	0	2	16	6	4	16	9	1	7	9	10	5	2	1	8	16	1	3	5	3	12	5	4	1	7	0	8	3	1	4	1	8	1	1	4	1	4	2	18	2	2	1	1	9	1	13	2	2	9	8	4	3	1	7	4	1	1	2	3	2	29	3	3	3	2	1	1	10	6	4	1	2	1	5	6	11	10	5	1	0	2	4	2	1	1	1	1	5	4	1	19	5	1	4	8	1	4	3	1	1	5	3	3	1	4	3	1	3	6	1	2	2	0	4	3	2	1	1	8	3	2	7	2	7	1	2	2	0	1	3	4	2	1	3	1	4	2	2	1	9	2	5	2	2	1	1	2	1	2	2	1	1	2	1	1	2	1	1	1	14.95	10.5	0.342000007629395	714.4	31.85	1.05000000000001	30.8	10.35	24.7500000000001	24.7500000000001	6.35000000000002	593.8	83.5	13.3	48.6	244.9	57.6	57.6	181.4	20	19	7.2	7.1	19.7	8.2	-3.05144517010336	-3.81707718097855	99.4	1.1	18	138694372	0.2278204770991
GCA_946415445.1	IP-Cas-6.PacbioHiFiAssembly	IP-Cas-6	Spain	38.534077	-3.39072	IP-Cas-6	3	30	31	16	31	16	15	23	10	22	1	11	15	10	0	11	5	9	14	13	14	86	1	12	14	1	3	13	14	1	22	2	13	7	9	13	8	4	11	8	6	1	2	7	2	5	2	5	10	3	3	4	3	7	15	1	5	1	10	3	7	7	4	9	1	3	2	1	2	0	2	15	8	4	15	9	1	7	9	10	5	2	1	10	14	1	3	5	3	10	5	3	1	7	0	8	2	1	4	1	8	1	1	4	1	4	2	9	2	1	1	1	9	1	15	2	2	9	7	4	5	2	7	4	0	1	2	3	2	28	3	3	3	1	1	2	9	8	4	1	2	1	4	7	8	12	5	1	1	2	4	2	1	1	1	1	5	4	1	19	5	1	4	6	0	3	2	1	1	5	3	3	1	4	3	1	3	6	1	2	2	0	4	3	2	1	1	7	3	2	4	2	7	1	2	2	0	1	2	4	3	1	3	1	4	2	2	1	3	3	5	1	2	1	1	2	1	2	2	1	0	2	1	1	2	1	1	1	15.05	10.8	0.350999999046326	704.3	32.05	1.15000000000003	30.9	10.7500000000001	24.7500000000001	24.7500000000001	6.65000000000003	484.5	72.5	4.8	48.6	184.8	41.7	41.7	155.7	18.8	17.5	7.7	7.8	15.3	10.8	10.2777183263235	-2.89616727380096	99.4	1	14	138714818	0.242291281382786
GCA_946415625.1	MONTM-B-7.PacbioHiFiAssembly	MONTM-B-7	France	42.861218	0.596869	MONTM-B-7	3	31	30	18	35	16	17	21	8	21	1	11	15	9	1	11	5	10	14	13	10	109	1	12	14	1	5	15	54	1	23	2	14	7	9	13	8	4	11	9	8	1	2	7	2	5	2	4	14	4	3	4	3	7	13	1	5	1	9	3	7	7	4	9	1	3	2	1	2	1	2	15	6	4	15	9	1	10	9	10	5	2	1	9	12	1	3	4	3	13	5	4	1	8	1	8	3	1	4	1	8	1	1	4	1	3	2	16	3	2	1	1	9	1	16	2	2	9	8	4	5	2	7	4	0	1	2	3	2	12	3	3	3	2	1	2	9	7	4	1	2	1	5	6	7	10	5	1	1	2	4	2	1	1	1	1	5	4	1	18	5	1	4	7	0	4	2	1	1	5	3	3	1	4	3	1	3	6	1	2	2	0	4	3	2	1	1	7	3	2	7	2	7	1	2	2	1	1	2	4	3	1	3	1	4	2	2	1	2	3	5	2	2	1	1	2	1	2	2	1	0	2	1	1	2	1	1	1	10.45	8.6	0.359999990463257	565.1	22.7500000000001	-1.14999999999998	23.9	9.05000000000001	17.55	17.85	3.45000000000005	1158.6	120.2	75.5	15.4	327.5	248.2	249.4	292.4	21.5	14.4	6	6.1	53.2	39.8	-5.09042725072903	-2.01199630390164	99.4	0.9	23	136598926	0.231353480773341
GCA_946415655.1	LACR-C-14.PacbioHiFiAssembly	LACR-C-14	France	43.000155	1.075624	LACR-C-14	3	31	28	18	32	16	15	21	10	22	1	11	16	10	1	11	4	10	14	13	12	97	1	12	19	1	1	15	18	1	22	2	11	7	8	14	8	3	11	8	8	1	2	7	2	5	3	5	15	4	2	4	3	7	16	1	5	1	10	3	7	7	4	9	1	3	2	1	2	0	2	14	6	4	12	9	1	8	9	10	5	2	1	9	13	1	3	6	3	12	5	4	1	8	1	8	3	1	4	1	8	1	1	4	1	4	2	18	2	2	1	1	9	1	13	2	2	9	8	4	5	2	7	4	1	1	2	3	2	20	3	3	3	3	1	2	10	7	4	1	2	1	4	6	11	11	5	1	1	2	4	2	1	1	1	0	5	4	1	20	5	1	4	7	1	4	2	1	1	5	3	3	1	4	3	1	3	5	1	2	2	0	4	3	2	1	1	7	3	2	6	2	7	1	2	2	1	1	2	4	3	1	3	1	5	2	2	1	9	2	5	1	2	1	1	2	1	2	2	1	1	2	1	1	2	1	1	1	12.2500000000001	8.9	0.369000005722046	553.1	24.45	0.450000000000045	24	11.2500000000001	19.15	19.45	5.25000000000006	1216.9	128.2	75.2	15.6	353.9	260	263.9	296.1	21.2	16.4	6.2	6.2	43.9	29.3	-5.07293497571652	-3.59903625329092	99.4	1.1	14	134758332	0.226606797121828
GCA_946499665.1	Ey15-2.9994.PacbioHiFiAssembly	Ey15-2.9994	Germany	48.434522	8.767808	Ey15-2_9994	3	31	32	16	30	16	21	22	10	22	1	12	15	9	1	11	5	10	15	14	9	104	1	11	19	1	2	16	10	2	22	2	14	9	8	15	8	4	11	8	8	1	2	7	2	5	4	4	14	6	3	4	3	7	15	1	5	1	10	3	7	7	4	9	1	3	2	1	2	1	2	13	5	3	15	9	1	10	10	10	5	2	1	10	13	1	3	6	3	11	5	4	1	8	1	8	2	1	4	1	8	1	1	4	1	4	2	17	3	2	1	1	10	1	18	2	2	9	8	4	5	2	7	4	1	1	1	3	2	25	3	3	3	3	1	2	9	8	4	1	2	1	4	6	9	12	5	1	1	2	4	2	1	1	1	1	5	4	1	19	5	1	4	8	1	4	3	1	1	5	3	3	1	4	3	1	3	6	1	2	2	0	4	3	2	1	1	7	3	2	8	2	7	1	2	2	0	1	1	4	3	1	3	1	5	2	2	1	8	3	4	1	2	1	1	2	1	2	2	1	1	2	1	1	2	1	1	1	9.25000000000006	8.1	0.308999991416931	665.6	22.7500000000001	-3.44999999999999	26.2	16.2500000000001	4.95000000000005	17.85	0.650000000000034	888.6	94.5	62	13.3	260.2	195.3	239.4	216.1	22.6	15.7	6.3	6.5	35.4	24.5	-3.25535060543962	-3.54383892673565	99.4	1.1	22	136135371	0.229776183590083
GCA_946499705.1	Col-0.6909.PacbioHiFiAssembly	Col-0.6909	USA	38.3	-92.3	Col-0_6909	3	31	33	20	34	16	25	25	10	22	1	12	16	10	1	11	6	10	14	15	12	118	1	16	25	1	5	16	54	2	25	2	14	8	9	17	8	4	11	8	8	1	2	7	2	5	4	5	15	5	3	4	3	7	15	1	5	2	10	3	7	7	4	9	1	4	2	1	2	1	2	16	7	4	16	9	1	7	9	10	5	2	1	10	16	1	3	6	3	11	5	4	1	8	1	8	3	1	4	1	8	1	1	4	1	4	2	31	3	2	1	1	11	1	18	2	2	9	8	4	5	2	7	4	1	1	2	3	2	23	3	3	3	3	1	2	10	8	4	1	2	1	5	7	11	14	14	1	1	2	4	2	1	1	1	1	5	4	1	21	5	1	4	8	1	4	3	1	1	5	3	3	1	4	3	1	3	6	1	2	2	1	4	3	2	1	1	7	3	2	8	2	7	1	2	2	1	1	3	4	3	1	3	1	5	2	2	1	9	4	5	2	2	1	1	2	1	2	2	1	1	2	1	1	2	1	1	1	13.65	10	0.280999994277954	910.5	31.95	-3.54999999999995	35.5	18.7500000000001	1.35000000000002	25.15	1.35000000000002	1168.5	141.6	53.2	27.2	389.6	183.8	349.6	183.8	13.7	11.9	6.2	6.2	37	13	-0.63655866539678	3.84294996183744	99.4	1	12	134556983	0.217640559018776
GCA_949796375.1	9336	9336	Sweden	62.8794	18.4473	Bön 1	3	31	29	17	34	16	22	23	10	22	1	12	15	9	1	11	4	10	14	14	10	70	1	12	16	1	2	14	23	2	22	2	13	7	8	13	8	4	11	8	8	1	2	7	2	5	3	4	14	4	3	4	3	7	15	1	5	2	10	3	7	7	4	9	0	3	2	1	2	1	2	15	7	4	12	9	1	9	9	10	5	2	1	9	14	1	3	5	3	10	5	4	1	8	1	8	3	1	4	1	8	1	1	4	1	4	2	31	3	2	1	1	10	1	10	2	1	8	7	4	3	2	7	4	1	1	2	3	2	16	3	3	3	2	1	2	8	8	4	1	2	1	4	7	10	12	5	1	0	2	4	2	1	1	1	1	5	4	1	21	5	1	4	5	1	4	2	1	1	4	3	3	1	4	3	1	3	6	1	2	2	1	4	3	2	1	1	7	3	2	7	2	7	1	2	2	1	1	2	4	3	1	3	1	4	2	2	1	8	3	5	2	2	1	1	2	1	2	2	1	1	1	1	1	2	1	1	1	4.75000000000006	3.3	0.141999995708466	684.5	16.65	-6.34999999999997	23	10.7500000000001	1.95000000000005	13.85	-3.34999999999997	754.1	87.2	39.5	29.2	255.7	126.6	215.8	147.3	NA	NA	NA	NA	NA	NA	-4.01361643075041	-0.0486932113220582	99.4	1.2	9	138386651	0.24141936204526
GCA_949796385.1	9852	9852	Spain	40.46	-3.75	IP-Ini-0	3	31	32	18	31	16	18	22	10	21	1	11	15	9	1	11	5	10	15	13	13	95	1	13	14	1	4	12	7	2	21	2	8	7	6	12	8	4	11	8	6	1	2	7	2	5	1	5	13	5	3	4	3	7	15	1	5	1	10	3	7	7	4	9	0	3	2	1	2	1	2	15	7	4	16	8	1	7	9	10	5	2	1	9	14	1	3	5	3	10	5	4	1	8	1	8	2	1	4	1	8	1	1	4	1	4	2	5	3	2	1	1	9	1	14	2	2	9	6	4	3	2	7	4	0	1	2	3	2	24	3	3	3	3	1	2	10	7	4	1	2	1	4	7	8	10	5	1	1	2	4	2	1	1	1	1	5	4	1	19	5	1	4	8	1	4	3	1	1	5	3	3	0	4	3	1	3	6	1	2	2	0	4	3	2	1	1	8	3	2	7	2	7	1	2	2	0	1	2	4	2	1	3	1	4	2	2	1	9	2	5	2	2	1	1	2	1	2	2	1	1	2	1	1	2	1	1	1	14.95	11.4	0.363000011444092	715.3	32.15	0.750000000000057	31.4	10.35	24.7500000000001	24.7500000000001	6.35000000000002	418.4	56.7	10.1	46.6	167.9	42.1	42.1	123.4	NA	NA	NA	NA	NA	NA	-3.14200004411912	-2.67345396166266	99.4	1.1	18	138592812	0.243423237562999
GCA_949796415.1	9762	9762	Italy	37.69	14.98	Etna-2	3	31	28	16	33	15	15	22	9	21	1	11	15	10	1	11	4	10	12	13	10	79	1	13	17	1	5	15	43	2	22	2	11	7	9	11	8	2	11	8	6	1	2	7	2	5	3	5	10	5	3	4	3	7	14	1	5	0	10	3	7	7	4	9	0	4	2	1	2	0	2	16	5	3	14	8	1	6	9	10	5	2	1	8	13	1	3	5	3	11	5	4	1	8	1	8	3	1	4	1	8	1	1	4	1	4	1	17	2	2	1	1	10	1	17	2	2	9	8	4	4	2	7	4	1	1	2	3	2	23	3	3	3	3	1	2	9	8	4	1	2	1	5	6	8	11	5	1	1	2	4	2	1	1	1	1	5	4	1	20	5	1	4	8	0	4	2	1	1	5	3	3	1	4	3	1	3	6	1	2	2	0	4	3	2	1	1	7	3	2	6	2	7	1	2	2	0	1	1	4	3	1	3	1	5	2	0	1	2	3	5	2	2	1	1	1	1	2	2	1	1	2	1	1	2	1	1	1	8.35000000000002	9.1	0.342000007629395	595.2	22.55	-4.04999999999995	26.6	2.85000000000002	16.15	16.15	1.15000000000003	1001.7	145.9	23.3	49.4	414.8	90.1	90.1	357.1	16.4	15	6.4	6.4	50.5	32	-0.0103673834844751	-2.59644223520842	99.4	1.3	8	140096025	0.243777344860427
GCA_949796455.1	7143	7143	Netherlands	51.0167	5.86667	Gel-1	3	31	29	16	35	16	17	23	10	22	1	11	15	10	1	11	4	10	14	14	9	59	1	13	13	1	5	16	17	1	24	2	14	9	9	15	8	4	11	8	8	1	2	7	2	5	2	5	13	4	3	4	3	7	15	1	5	1	11	3	7	7	4	9	1	3	2	1	2	1	2	14	7	3	15	9	1	8	9	10	5	2	1	10	14	1	3	5	3	11	5	4	1	8	1	8	3	1	4	1	6	1	1	4	1	4	2	18	3	2	1	1	10	1	12	2	2	9	8	4	5	2	7	4	1	1	2	2	2	10	3	3	3	3	1	2	9	8	4	1	2	1	5	7	7	11	5	1	1	2	4	2	1	1	1	1	5	4	1	20	5	1	4	8	1	4	2	1	1	5	3	3	1	4	3	1	3	6	1	2	2	0	4	3	2	1	1	7	3	2	8	2	7	0	2	2	0	1	1	4	3	1	3	1	5	2	2	1	9	3	5	2	2	1	1	2	1	2	2	1	1	2	1	1	2	1	1	1	10.55	7	0.314000010490417	564.1	22.7500000000001	0.350000000000023	22.4	17.85	6.55000000000001	17.85	3.35000000000002	807.1	76	46.9	11.7	224.8	169.9	224.8	204.6	NA	NA	NA	NA	NA	NA	-4.33757980165319	1.1044743654686	99.4	1	15	133038965	0.220964083717879
GCA_949796475.1	9883	9883	Spain	42.1	-2.56	IP-Piq-0	3	30	28	16	34	16	18	22	10	21	1	11	16	8	1	11	5	10	15	13	10	114	1	13	18	1	2	15	14	1	22	2	12	7	9	15	8	4	11	8	8	1	2	7	2	5	2	5	14	5	3	4	3	7	15	1	5	1	10	3	7	7	4	9	1	3	2	1	2	0	2	15	6	3	16	9	1	8	9	10	5	2	1	9	12	1	3	4	3	12	5	4	1	8	0	8	3	1	4	1	7	1	1	4	1	4	2	16	2	2	1	1	10	1	16	2	2	9	7	4	5	1	7	4	1	1	2	3	2	27	3	3	3	3	1	2	10	8	4	1	2	1	5	6	9	11	5	1	1	2	4	2	1	1	1	0	5	4	1	22	5	1	4	7	0	4	2	1	1	5	3	3	1	4	3	1	3	6	1	2	2	1	4	3	2	1	1	7	3	2	6	2	7	1	2	2	0	1	3	4	2	1	3	1	4	2	2	1	9	2	5	2	2	1	1	2	1	2	2	1	0	2	1	1	2	1	1	1	8.65000000000003	9.2	0.374000000953674	548.6	22.2500000000001	-2.44999999999999	24.7	10.2500000000001	15.85	16.15	2.15000000000003	792	92.8	38.7	27.3	249.1	126	146.6	207.2	20.4	15.5	6.7	6.8	37.1	15.6	-4.1626173252995	-1.05682616296956	99.4	1	11	136471597	0.23204040031861
GCA_949796485.1	9900	9900	Spain	37.38	-6.01	IP-Tri-0	3	30	28	19	29	16	18	23	10	22	1	11	14	10	1	11	4	10	13	14	10	94	1	14	17	1	5	16	14	1	21	2	13	7	8	15	8	4	11	7	8	1	2	7	2	5	3	5	14	4	3	4	3	7	13	1	5	1	10	3	7	7	3	9	1	4	2	1	2	1	2	13	7	3	16	9	1	9	9	10	5	2	1	10	13	1	3	5	3	11	5	4	1	8	1	8	3	1	4	1	8	1	1	4	1	4	2	10	3	2	1	1	9	1	7	2	2	9	8	4	5	2	7	4	1	1	2	3	2	18	3	3	3	2	1	2	10	8	4	1	2	1	5	7	9	10	5	1	1	2	4	2	1	1	1	1	5	4	1	20	5	1	4	7	1	4	2	1	1	5	3	3	1	4	3	1	3	6	1	2	2	0	4	3	2	1	1	7	3	2	6	2	5	0	2	2	0	1	2	4	3	1	3	1	4	2	2	1	3	3	5	2	2	1	1	2	1	2	2	1	0	2	1	1	2	1	1	1	18.85	11.3	0.394000005722046	585.1	34.65	5.85000000000002	28.8	15.55	26.65	26.65	11.65	591.9	111.7	1.9	69	284.3	18.3	18.3	239.1	NA	NA	NA	NA	NA	NA	-4.5431563106605	-2.46635876481465	99.3	1.1	10	134330697	0.226651142888062
GCA_949796525.1	6923	6923	United Kingdom	51.4083	-0.6383	HR-10	3	31	28	17	28	16	17	21	10	21	1	11	16	10	1	11	4	10	15	14	9	70	1	13	19	1	5	14	18	2	21	2	6	10	9	14	8	4	12	8	8	1	2	7	2	5	3	4	13	4	3	4	3	7	15	1	5	1	10	3	7	7	4	9	1	3	2	1	2	1	2	15	5	4	15	9	1	10	9	10	5	2	1	8	14	1	3	4	3	10	5	4	1	8	1	8	2	1	4	1	8	1	1	4	1	4	2	10	3	2	1	1	10	1	18	2	2	9	8	4	5	1	7	4	1	1	1	3	2	24	3	3	3	3	1	2	9	7	4	1	2	1	5	7	9	7	5	1	1	2	4	2	1	1	1	0	5	4	1	18	5	1	4	8	1	4	2	1	1	5	3	3	1	4	3	1	3	6	1	2	2	0	4	3	2	1	1	6	3	2	7	2	7	1	2	2	0	1	2	4	3	1	3	1	4	2	2	1	2	3	5	2	2	1	1	2	1	2	2	1	1	1	1	1	2	1	1	1	10.35	6.9	0.351999998092651	458.2	21.15	1.55000000000001	19.6	7.85000000000002	6.75000000000006	16.45	4.85000000000002	706.5	78.2	46.7	16.9	220.3	148.3	155.9	181.5	NA	NA	NA	NA	NA	NA	-3.83045852608746	0.545147300658283	99.4	1.1	8	134098598	0.220585803589087
GCA_949796605.1	9806	9806	Germany	48.56	9.16	Ru-2	3	30	29	17	35	16	16	22	10	22	1	12	16	9	1	11	5	10	11	13	9	99	1	14	16	1	4	15	12	2	22	2	8	9	8	14	8	4	12	8	8	1	2	7	2	5	3	4	10	4	2	4	3	7	15	1	5	1	10	3	7	7	4	9	1	3	2	1	2	0	2	15	7	4	15	9	1	7	9	10	5	2	1	10	13	1	3	6	3	11	5	4	1	8	1	8	3	1	4	1	8	1	1	4	1	4	2	18	2	2	1	1	10	1	14	2	2	9	8	4	5	2	7	4	1	1	2	3	2	26	3	3	3	3	1	2	10	8	4	1	2	1	4	6	8	12	5	1	0	2	4	2	0	1	1	1	5	4	1	19	5	1	4	5	1	4	2	1	1	5	3	3	1	4	3	1	3	6	1	2	2	0	4	3	2	1	1	7	3	2	7	2	7	1	2	2	0	1	2	4	3	1	3	1	4	2	2	1	8	2	5	1	2	1	1	2	1	2	2	1	1	2	1	1	2	1	1	1	9.55000000000001	8.3	0.317000007629395	662.3	23.2500000000001	-2.94999999999999	26.2	16.55	2.35000000000002	18.15	1.05000000000001	853.9	101	47.1	23.2	285.9	158.2	269.2	166	20.7	14.6	6.1	6.3	32.9	22.3	-3.25535060543962	-3.54383892673565	99.4	1.1	11	136184452	0.231747013234668
GCA_949796635.1	8285	8285	Czech Republic	49.4112	16.2815	DraIII-1	3	30	31	18	33	16	13	20	10	21	1	11	15	10	1	11	4	10	13	13	12	65	1	11	17	1	4	16	14	2	24	2	12	7	8	13	8	4	11	8	7	1	2	7	2	5	4	5	13	4	3	4	3	7	15	1	5	1	10	3	7	7	4	9	1	3	2	1	2	1	2	15	7	2	12	9	1	7	9	10	5	2	1	9	13	1	3	5	3	12	5	4	1	8	1	8	3	1	4	1	8	1	1	4	1	4	2	8	3	2	1	1	9	1	10	2	2	9	8	4	5	1	7	4	1	1	2	3	2	17	3	3	3	3	1	2	9	8	4	1	2	1	5	7	11	11	5	1	1	2	4	2	1	1	1	1	5	4	1	21	5	1	4	7	1	4	3	1	1	5	3	3	1	4	3	1	3	6	1	2	2	1	4	3	2	1	1	7	3	2	7	2	7	1	2	2	0	1	2	4	3	1	3	1	4	2	2	1	2	3	4	2	2	1	1	2	1	2	2	1	1	1	1	1	2	1	1	1	7.75000000000006	7.3	0.266000008583069	729.7	22.05	-5.44999999999999	27.5	17.05	-1.74999999999994	17.05	-1.74999999999994	572.7	76.3	28.2	32.9	210.4	100.4	210.4	100.4	22.7	15.3	6.1	6.1	25.4	16.2	-4.7796527219287	2.97416044474908	99.4	0.9	9	137916722	0.24353282555541
GCA_949796645.1	6137	6137	Sweden	55.9419	13.5603	T850	3	31	33	16	33	16	18	23	10	21	1	12	15	9	1	11	5	10	15	13	10	89	1	12	16	1	3	16	17	1	22	2	8	7	9	12	8	4	11	8	6	1	2	7	2	5	2	5	11	4	3	4	3	7	15	1	5	1	9	3	7	7	4	9	0	3	2	1	2	1	2	15	7	3	10	9	1	8	9	10	5	2	1	9	13	1	3	4	3	10	5	4	1	7	1	8	3	1	4	1	8	1	1	4	1	4	2	15	3	2	1	1	10	1	18	2	2	9	8	4	5	1	7	4	1	1	2	3	2	18	3	3	3	3	1	2	10	7	4	1	2	1	4	6	10	10	5	1	1	2	4	2	1	1	1	1	5	4	1	20	5	1	4	8	1	4	3	1	1	5	3	3	1	4	3	1	3	6	1	2	2	0	4	3	2	1	1	7	3	2	7	2	7	1	2	2	1	1	2	4	3	1	3	1	4	2	2	1	2	2	5	1	2	1	1	2	1	1	2	1	1	1	1	1	2	1	1	1	7.35000000000002	6.4	0.272000002861023	613.3	20.35	-3.24999999999994	23.6	4.15000000000003	6.25000000000006	15.45	-0.149999999999977	824.5	85.4	42	19.3	243.3	148.6	228.4	208.4	18	13.4	4.5	4.6	50	42.4	-4.79756635619165	1.24887290199179	99.4	0.9	19	136504882	0.236402621849085
GCA_949796655.1	9744	9744	Romania	47.16	27.59	Iasi-1	3	31	30	17	39	16	13	22	10	21	1	12	15	9	1	11	5	10	13	13	10	98	1	14	17	1	2	16	27	1	20	2	6	7	9	14	8	4	11	8	8	1	2	7	2	5	3	5	13	4	3	4	3	7	15	1	5	2	10	3	7	7	4	9	1	3	2	1	2	1	2	14	6	4	14	9	1	6	9	10	5	2	1	10	13	1	3	5	3	11	5	4	1	8	1	8	3	1	4	1	8	1	1	4	1	3	2	11	3	2	1	1	8	1	12	2	2	9	8	4	5	1	7	4	1	1	2	3	2	15	3	3	3	2	1	2	10	7	4	1	2	1	5	7	7	11	5	1	0	2	4	2	1	1	1	1	4	4	1	20	5	1	4	8	1	4	2	1	1	5	3	3	0	4	3	1	3	6	1	2	2	0	4	3	2	1	1	7	3	2	7	2	7	0	2	2	0	1	2	4	3	1	3	1	4	2	2	1	6	3	4	2	2	1	1	2	1	2	2	1	1	2	1	1	2	1	1	1	10.45	8.6	0.266000008583069	876.7	26.65	-5.54999999999995	32.2	19.95	0.650000000000034	21.45	-1.14999999999998	532	82.4	23.2	40.6	208.9	77.8	204.6	78.5	NA	NA	NA	NA	NA	NA	-3.74470003514799	4.3545633583806	99.4	1.1	11	135766151	0.226612117773008
GCA_949796665.1	9879	9879	Spain	37.6	-1.12	IP-Per-0	3	31	30	17	30	15	12	22	10	21	1	11	15	10	0	11	5	10	14	13	11	82	1	12	16	1	4	12	18	1	20	2	12	7	9	13	8	3	12	8	6	1	2	7	2	5	4	5	9	3	2	4	3	7	15	1	5	1	11	3	7	7	4	9	1	4	2	1	2	0	2	13	7	2	13	9	1	6	9	10	5	2	1	9	15	1	3	5	3	12	5	4	1	8	1	8	3	1	4	1	8	1	1	4	1	4	2	18	2	2	1	1	9	1	11	2	2	8	6	4	5	2	6	4	1	1	2	3	2	12	3	3	3	2	1	2	10	8	4	1	2	1	4	7	9	8	5	1	1	2	4	2	1	1	1	1	5	4	1	20	5	1	4	6	0	4	2	1	1	5	3	3	1	4	3	1	3	6	1	2	2	0	4	3	2	1	1	7	3	2	5	2	7	0	2	2	0	1	2	4	3	1	3	1	5	2	2	1	3	3	4	3	2	1	1	2	1	2	2	1	0	2	1	1	2	1	1	1	17.05	4.6	0.252999997138977	475.7	26.65	8.45000000000005	18.2	18.55	23.15	23.55	11.45	345.8	45.2	2.4	48.9	123.5	20.6	46.2	115.8	17.6	17	7.9	8	13.6	12.2	12.1240347197981	-1.53059068876308	99.4	1.2	5	140805987	0.242649014633163
GCA_949796705.1	9503	9503	United Kingdom	55.8877	-3.21072	11C1	3	31	27	18	34	16	20	22	9	21	1	11	14	10	1	11	4	10	15	14	10	78	1	12	14	1	4	15	17	2	23	2	12	9	8	12	8	4	11	8	8	1	2	7	2	5	2	5	9	5	3	4	3	7	13	1	5	1	10	3	7	7	4	9	1	3	2	1	2	1	2	15	5	4	14	9	1	9	9	10	5	2	1	8	13	1	3	5	3	11	5	4	1	8	1	8	3	1	4	1	8	1	1	4	1	4	2	16	3	2	1	1	10	1	11	2	2	9	8	4	5	2	7	4	0	1	2	3	2	12	3	3	3	3	1	2	10	8	4	1	2	1	5	7	8	14	5	1	1	2	4	2	0	1	1	1	5	4	1	21	5	1	4	8	1	4	2	1	1	5	3	3	1	4	3	1	3	6	1	2	2	1	4	3	2	1	1	7	3	2	7	2	7	1	2	2	0	1	2	4	3	1	3	1	5	2	2	1	2	3	5	1	2	1	1	2	1	2	2	1	1	1	1	1	2	1	1	1	8.15000000000003	5.5	0.336999988555908	389.4	16.65	0.450000000000045	16.2	6.05000000000001	7.05000000000001	13.35	3.55000000000001	985.2	107.8	57.5	16.3	289.3	200.3	244.2	252.1	21.1	14.1	5.8	5.9	175.9	53.6	-3.44339919930537	-0.543059875722321	99.4	1.1	8	135983243	0.231355241321903
GCA_949796715.1	9830	9830	Spain	36.97	-3.28	IP-Bus-0	3	31	28	16	33	16	11	22	7	21	1	11	16	9	1	11	6	10	12	14	10	115	1	11	20	1	4	15	21	1	23	2	7	9	9	12	8	4	11	8	8	1	2	7	2	5	3	5	12	4	2	4	3	7	15	1	5	0	10	3	7	7	4	9	1	3	2	1	2	1	2	15	8	3	16	9	1	9	10	10	5	2	1	9	16	1	3	5	3	11	5	4	1	8	1	8	2	1	4	1	8	1	1	4	1	4	2	13	3	2	1	1	8	1	15	2	2	9	3	4	5	2	7	4	1	1	2	3	2	6	3	3	3	3	1	2	9	7	4	1	2	1	5	6	8	13	5	1	1	2	4	2	1	1	1	1	5	4	1	19	5	1	4	8	0	4	1	1	1	5	3	3	1	4	3	1	3	6	1	2	2	1	4	3	2	1	1	7	3	2	6	2	7	0	2	2	0	1	2	4	2	1	3	1	4	2	2	1	3	2	5	2	2	1	1	2	1	2	2	1	1	2	1	1	2	1	1	1	11.95	9.9	0.354999995231628	630.1	26.65	-1.24999999999994	27.9	5.45000000000005	20.65	20.65	4.55000000000001	636.3	111	4.3	59	277.8	33	33	250.7	16	14.8	6.6	6.7	38.9	18.9	-4.57707456180968	-4.97462182302999	99.4	0.9	9	132819722	0.209729952604478
GCA_949796755.1	9847	9847	Spain	43.31	-5.7	IP-Fel-2	3	31	29	16	30	16	12	23	10	21	1	11	15	9	1	11	5	9	15	13	10	78	1	13	15	1	4	12	54	2	23	2	7	7	9	14	8	4	11	8	6	1	2	7	2	5	4	5	14	5	3	4	3	7	13	1	5	1	10	3	7	7	4	9	1	3	2	1	2	0	2	16	7	4	15	9	1	4	9	10	5	2	1	9	15	1	3	6	3	10	5	4	1	8	0	8	3	1	4	1	8	1	1	4	1	4	2	21	2	2	1	1	10	1	16	2	2	9	7	4	5	2	7	4	1	1	2	3	2	26	3	3	3	2	1	2	10	8	4	1	2	0	3	7	8	10	5	1	1	2	4	2	1	1	1	0	5	4	1	23	5	1	4	5	0	4	2	1	1	5	3	3	1	4	3	1	3	6	1	2	2	0	4	3	2	1	1	7	3	2	7	2	7	1	2	2	0	1	2	4	3	1	3	1	5	2	2	1	9	3	4	1	2	1	1	2	1	2	2	1	1	2	1	1	2	1	1	1	13.35	8.3	0.434000015258789	382.4	22.65	3.55000000000001	19.1	11.55	18.15	18.35	8.55000000000001	1225.9	142.4	53.3	26.7	403.6	191.7	200.1	344.3	NA	NA	NA	NA	NA	NA	-5.01322061251554	-0.436259307425417	99.5	0.9	9	134776285	0.227343734841779
