family_id	gene	n_total_copies	n_P	n_F	n_U	n_A	prop_P	prop_F	prop_U	prop_A	assemblies_observed	assemblies_with_P	assemblies_with_F	assemblies_with_U	assemblies_with_A
OG0000007	AL3G16620	23	1	3	19	0	0.043478260869565216	0.13043478260869565	0.8260869565217391	0.0	23	1	3	19	0
OG0000009	AL1G65610	21	0	21	0	0	0.0	1.0	0.0	0.0	21	0	21	0	0
OG0000009	AL4G20070	21	21	0	0	0	1.0	0.0	0.0	0.0	21	21	0	0	0
OG0000009	AL5G15900	17	15	0	2	0	0.8823529411764706	0.0	0.11764705882352941	0.0	17	15	0	2	0
OG0000009	AL5G15910	21	4	9	8	0	0.19047619047619047	0.42857142857142855	0.38095238095238093	0.0	21	4	9	8	0
OG0000009	AL5G28540	19	11	6	2	0	0.5789473684210527	0.3157894736842105	0.10526315789473684	0.0	19	11	6	2	0
OG0000009	AL5G28550	16	2	10	4	0	0.125	0.625	0.25	0.0	16	2	10	4	0
OG0000009	AL5G28950	22	0	1	21	0	0.0	0.045454545454545456	0.9545454545454546	0.0	22	0	1	21	0
OG0000009	AL5G30872	21	21	0	0	0	1.0	0.0	0.0	0.0	21	21	0	0	0
OG0000009	AL5G31970	22	22	0	0	0	1.0	0.0	0.0	0.0	22	22	0	0	0
OG0000009	AL5G36020	20	20	0	0	0	1.0	0.0	0.0	0.0	20	20	0	0	0
OG0000009	AL6G44330	17	17	0	0	0	1.0	0.0	0.0	0.0	17	17	0	0	0
OG0000009	AL6G44360	17	17	0	0	0	1.0	0.0	0.0	0.0	17	17	0	0	0
OG0000009	AL6G44370	16	16	0	0	0	1.0	0.0	0.0	0.0	13	13	0	0	0
OG0000009	AL7G26600	22	22	0	0	0	1.0	0.0	0.0	0.0	22	22	0	0	0
OG0000009	AL7G51940	22	21	0	1	0	0.9545454545454546	0.0	0.045454545454545456	0.0	22	21	0	1	0
OG0000009	AL7G51960	22	3	0	0	19	0.13636363636363635	0.0	0.0	0.8636363636363636	22	3	0	0	19
OG0000009	AL7G52000	21	18	2	1	0	0.8571428571428571	0.09523809523809523	0.047619047619047616	0.0	21	18	2	1	0
OG0000009	AL7G52020	22	17	4	1	0	0.7727272727272727	0.18181818181818182	0.045454545454545456	0.0	21	16	4	1	0
OG0000009	AL8G17190	22	22	0	0	0	1.0	0.0	0.0	0.0	22	22	0	0	0
OG0000009	AL8G32200	21	21	0	0	0	1.0	0.0	0.0	0.0	21	21	0	0	0
OG0000009	AL8G32500	22	5	0	17	0	0.22727272727272727	0.0	0.7727272727272727	0.0	22	5	0	17	0
OG0000009	AL8G32520	25	23	0	2	0	0.92	0.0	0.08	0.0	22	22	0	2	0
OG0000009	AL8G32530	2	0	0	2	0	0.0	0.0	1.0	0.0	2	0	0	2	0
OG0000009	AL8G40480	22	22	0	0	0	1.0	0.0	0.0	0.0	22	22	0	0	0
OG0000009	AL8G41770	20	4	0	16	0	0.2	0.0	0.8	0.0	20	4	0	16	0
OG0000012	AL1G49650	18	17	0	1	0	0.9444444444444444	0.0	0.05555555555555555	0.0	18	17	0	1	0
OG0000012	AL1G49660	30	27	1	2	0	0.9	0.03333333333333333	0.06666666666666667	0.0	19	17	1	2	0
OG0000012	AL1G66550	10	10	0	0	0	1.0	0.0	0.0	0.0	10	10	0	0	0
OG0000012	AL1G66560	23	23	0	0	0	1.0	0.0	0.0	0.0	21	21	0	0	0
OG0000012	AL3G42870	9	3	1	5	0	0.3333333333333333	0.1111111111111111	0.5555555555555556	0.0	9	3	1	5	0
OG0000012	AL3G42880	40	9	3	15	13	0.225	0.075	0.375	0.325	22	9	3	14	10
OG0000012	AL3G42890	27	0	0	1	26	0.0	0.0	0.037037037037037035	0.9629629629629629	22	0	0	1	21
OG0000012	AL3G42900	27	15	1	11	0	0.5555555555555556	0.037037037037037035	0.4074074074074074	0.0	19	9	1	11	0
OG0000012	AL5G23140	22	9	0	13	0	0.4090909090909091	0.0	0.5909090909090909	0.0	21	8	0	13	0
OG0000012	AL5G23200	17	9	0	8	0	0.5294117647058824	0.0	0.47058823529411764	0.0	14	6	0	8	0
OG0000012	AL5G23230	61	26	5	6	24	0.4262295081967213	0.08196721311475409	0.09836065573770492	0.39344262295081966	22	16	4	6	17
OG0000012	AL5G39900	22	22	0	0	0	1.0	0.0	0.0	0.0	22	22	0	0	0
OG0000012	AL5G39910	22	22	0	0	0	1.0	0.0	0.0	0.0	22	22	0	0	0
OG0000012	AL5G39920	56	56	0	0	0	1.0	0.0	0.0	0.0	22	22	0	0	0
OG0000012	AL5G39940	66	58	0	0	8	0.8787878787878788	0.0	0.0	0.12121212121212122	22	22	0	0	7
OG0000012	AL5G39960	22	22	0	0	0	1.0	0.0	0.0	0.0	22	22	0	0	0
OG0000012	AL5G39970	33	30	0	0	3	0.9090909090909091	0.0	0.0	0.09090909090909091	22	22	0	0	3
OG0000012	AL5G39980	22	22	0	0	0	1.0	0.0	0.0	0.0	22	22	0	0	0
OG0000012	AL5G40000	39	39	0	0	0	1.0	0.0	0.0	0.0	22	22	0	0	0
OG0000012	AL5G40020	22	22	0	0	0	1.0	0.0	0.0	0.0	22	22	0	0	0
OG0000012	AL5G40070	38	38	0	0	0	1.0	0.0	0.0	0.0	22	22	0	0	0
OG0000012	AL5G40100	22	22	0	0	0	1.0	0.0	0.0	0.0	22	22	0	0	0
OG0000012	AL5G40110	22	22	0	0	0	1.0	0.0	0.0	0.0	22	22	0	0	0
OG0000012	AL5G40120	21	21	0	0	0	1.0	0.0	0.0	0.0	17	17	0	0	0
OG0000012	AL5G40140	29	29	0	0	0	1.0	0.0	0.0	0.0	22	22	0	0	0
OG0000012	AL5G40170	20	20	0	0	0	1.0	0.0	0.0	0.0	19	19	0	0	0
OG0000015	AL1G53250	15	0	0	0	15	0.0	0.0	0.0	1.0	15	0	0	0	15
OG0000015	AL1G56200	18	0	0	0	18	0.0	0.0	0.0	1.0	18	0	0	0	18
OG0000015	AL1G56270	23	16	2	4	1	0.6956521739130435	0.08695652173913043	0.17391304347826086	0.043478260869565216	23	16	2	4	1
OG0000015	AL1G61030	11	5	0	6	0	0.45454545454545453	0.0	0.5454545454545454	0.0	11	5	0	6	0
OG0000015	AL2G10360	6	5	0	1	0	0.8333333333333334	0.0	0.16666666666666666	0.0	6	5	0	1	0
OG0000015	AL2G38250	22	1	0	0	21	0.045454545454545456	0.0	0.0	0.9545454545454546	22	1	0	0	21
OG0000015	AL364U10020	21	13	0	0	8	0.6190476190476191	0.0	0.0	0.38095238095238093	21	13	0	0	8
OG0000015	AL3G39750	22	20	0	0	2	0.9090909090909091	0.0	0.0	0.09090909090909091	22	20	0	0	2
OG0000015	AL3G40240	13	0	0	0	13	0.0	0.0	0.0	1.0	13	0	0	0	13
OG0000015	AL3G45200	21	0	0	0	21	0.0	0.0	0.0	1.0	20	0	0	0	20
OG0000015	AL3G53150	20	20	0	0	0	1.0	0.0	0.0	0.0	20	20	0	0	0
OG0000015	AL4G28120	14	7	0	7	0	0.5	0.0	0.5	0.0	14	7	0	7	0
OG0000015	AL4G41810	22	0	0	0	22	0.0	0.0	0.0	1.0	22	0	0	0	22
OG0000015	AL6G39210	14	0	5	9	0	0.0	0.35714285714285715	0.6428571428571429	0.0	14	0	5	9	0
OG0000015	AL7G30150	16	16	0	0	0	1.0	0.0	0.0	0.0	16	16	0	0	0
OG0000015	AL7G34100	8	0	0	0	8	0.0	0.0	0.0	1.0	8	0	0	0	8
OG0000015	AL8G11480	23	0	0	0	23	0.0	0.0	0.0	1.0	22	0	0	0	22
OG0000015	AL8G14770	14	11	2	1	0	0.7857142857142857	0.14285714285714285	0.07142857142857142	0.0	14	11	2	1	0
OG0000016	AL1G16610	22	0	0	22	0	0.0	0.0	1.0	0.0	22	0	0	22	0
OG0000016	AL1G23620	22	6	4	12	0	0.2727272727272727	0.18181818181818182	0.5454545454545454	0.0	22	6	4	12	0
OG0000016	AL1G23630	44	4	7	33	0	0.09090909090909091	0.1590909090909091	0.75	0.0	22	4	6	21	0
OG0000016	AL1G23970	29	2	6	21	0	0.06896551724137931	0.20689655172413793	0.7241379310344828	0.0	22	2	4	21	0
OG0000016	AL1G24070	29	28	1	0	0	0.9655172413793104	0.034482758620689655	0.0	0.0	19	19	1	0	0
OG0000016	AL1G24080	64	14	45	5	0	0.21875	0.703125	0.078125	0.0	22	12	22	5	0
OG0000016	AL1G24180	61	23	33	5	0	0.3770491803278688	0.5409836065573771	0.08196721311475409	0.0	22	17	21	5	0
OG0000016	AL1G24190	22	19	0	3	0	0.8636363636363636	0.0	0.13636363636363635	0.0	22	19	0	3	0
OG0000016	AL2G10190	22	2	0	20	0	0.09090909090909091	0.0	0.9090909090909091	0.0	22	2	0	20	0
OG0000016	AL2G11490	22	1	7	14	0	0.045454545454545456	0.3181818181818182	0.6363636363636364	0.0	22	1	7	14	0
OG0000016	AL2G11830	23	3	1	19	0	0.13043478260869565	0.043478260869565216	0.8260869565217391	0.0	22	2	1	19	0
OG0000016	AL2G12460	29	10	8	11	0	0.3448275862068966	0.27586206896551724	0.3793103448275862	0.0	22	9	8	11	0
OG0000016	AL2G12470	26	9	1	16	0	0.34615384615384615	0.038461538461538464	0.6153846153846154	0.0	22	9	1	16	0
OG0000016	AL2G12500	39	14	17	7	1	0.358974358974359	0.4358974358974359	0.1794871794871795	0.02564102564102564	21	13	14	7	1
OG0000016	AL2G12780	22	3	2	17	0	0.13636363636363635	0.09090909090909091	0.7727272727272727	0.0	22	3	2	17	0
OG0000016	AL2G12790	37	6	31	0	0	0.16216216216216217	0.8378378378378378	0.0	0.0	22	6	19	0	0
OG0000016	AL2G12810	37	8	18	11	0	0.21621621621621623	0.4864864864864865	0.2972972972972973	0.0	22	8	17	11	0
OG0000016	AL2G12820	59	38	7	14	0	0.6440677966101694	0.11864406779661017	0.23728813559322035	0.0	22	22	7	12	0
OG0000016	AL2G12830	49	8	29	12	0	0.16326530612244897	0.5918367346938775	0.24489795918367346	0.0	22	7	20	11	0
OG0000016	AL2G13070	22	0	0	22	0	0.0	0.0	1.0	0.0	22	0	0	22	0
OG0000016	AL2G13120	22	0	0	22	0	0.0	0.0	1.0	0.0	22	0	0	22	0
OG0000016	AL2G13130	83	46	22	15	0	0.5542168674698795	0.26506024096385544	0.18072289156626506	0.0	22	22	19	13	0
OG0000016	AL2G13140	42	26	7	4	5	0.6190476190476191	0.16666666666666666	0.09523809523809523	0.11904761904761904	19	18	6	3	5
OG0000016	AL2G13150	82	64	4	14	0	0.7804878048780488	0.04878048780487805	0.17073170731707318	0.0	22	22	4	14	0
OG0000016	AL2G13170	25	8	2	15	0	0.32	0.08	0.6	0.0	17	7	2	15	0
OG0000016	AL2G13280	51	30	12	9	0	0.5882352941176471	0.23529411764705882	0.17647058823529413	0.0	22	19	10	9	0
OG0000016	AL2G18840	36	33	0	3	0	0.9166666666666666	0.0	0.08333333333333333	0.0	21	20	0	3	0
OG0000016	AL3G29642	22	1	0	21	0	0.045454545454545456	0.0	0.9545454545454546	0.0	22	1	0	21	0
OG0000016	AL3G36780	22	7	1	14	0	0.3181818181818182	0.045454545454545456	0.6363636363636364	0.0	22	7	1	14	0
OG0000016	AL6G27650	22	0	0	22	0	0.0	0.0	1.0	0.0	22	0	0	22	0
OG0000016	AL7G48260	22	0	1	21	0	0.0	0.045454545454545456	0.9545454545454546	0.0	22	0	1	21	0
OG0000022	AL164U10020	16	16	0	0	0	1.0	0.0	0.0	0.0	16	16	0	0	0
OG0000022	AL2G18450	22	21	0	1	0	0.9545454545454546	0.0	0.045454545454545456	0.0	22	21	0	1	0
OG0000022	AL3G12540	22	0	0	22	0	0.0	0.0	1.0	0.0	22	0	0	22	0
OG0000022	AL3G12550	22	1	2	19	0	0.045454545454545456	0.09090909090909091	0.8636363636363636	0.0	22	1	2	19	0
OG0000022	AL5G16810	19	9	5	5	0	0.47368421052631576	0.2631578947368421	0.2631578947368421	0.0	14	9	5	4	0
OG0000022	AL5G40710	22	1	2	19	0	0.045454545454545456	0.09090909090909091	0.8636363636363636	0.0	22	1	2	19	0
OG0000022	AL5G41040	22	8	1	13	0	0.36363636363636365	0.045454545454545456	0.5909090909090909	0.0	22	8	1	13	0
OG0000022	AL5G41050	22	21	0	1	0	0.9545454545454546	0.0	0.045454545454545456	0.0	22	21	0	1	0
OG0000022	AL5G41060	22	5	1	16	0	0.22727272727272727	0.045454545454545456	0.7272727272727273	0.0	22	5	1	16	0
OG0000022	AL5G41070	22	2	0	20	0	0.09090909090909091	0.0	0.9090909090909091	0.0	22	2	0	20	0
OG0000022	AL5G41080	22	0	1	21	0	0.0	0.045454545454545456	0.9545454545454546	0.0	22	0	1	21	0
OG0000022	AL5G41090	22	4	0	18	0	0.18181818181818182	0.0	0.8181818181818182	0.0	22	4	0	18	0
OG0000022	AL5G41120	22	22	0	0	0	1.0	0.0	0.0	0.0	22	22	0	0	0
OG0000022	AL5G41130	22	22	0	0	0	1.0	0.0	0.0	0.0	22	22	0	0	0
OG0000022	AL7G42310	22	22	0	0	0	1.0	0.0	0.0	0.0	22	22	0	0	0
OG0000022	AL8G16450	22	20	0	2	0	0.9090909090909091	0.0	0.09090909090909091	0.0	22	20	0	2	0
OG0000024	AL1G21900	21	21	0	0	0	1.0	0.0	0.0	0.0	21	21	0	0	0
OG0000024	AL1G61840	23	5	2	16	0	0.21739130434782608	0.08695652173913043	0.6956521739130435	0.0	23	5	2	16	0
OG0000024	AL1G65650	16	15	0	1	0	0.9375	0.0	0.0625	0.0	16	15	0	1	0
OG0000024	AL1G65670	16	1	1	14	0	0.0625	0.0625	0.875	0.0	16	1	1	14	0
OG0000024	AL293U10010	21	18	0	0	3	0.8571428571428571	0.0	0.0	0.14285714285714285	21	18	0	0	3
OG0000024	AL2G16980	22	9	0	13	0	0.4090909090909091	0.0	0.5909090909090909	0.0	22	9	0	13	0
OG0000024	AL2G17070	24	0	0	0	24	0.0	0.0	0.0	1.0	22	0	0	0	22
OG0000024	AL2G17080	17	5	3	2	7	0.29411764705882354	0.17647058823529413	0.11764705882352941	0.4117647058823529	17	5	3	2	7
OG0000024	AL2G17090	24	20	0	4	0	0.8333333333333334	0.0	0.16666666666666666	0.0	20	17	0	4	0
OG0000024	AL2G17100	26	17	5	3	1	0.6538461538461539	0.19230769230769232	0.11538461538461539	0.038461538461538464	22	15	5	3	1
OG0000024	AL2G17250	20	20	0	0	0	1.0	0.0	0.0	0.0	20	20	0	0	0
OG0000024	AL2G17390	19	19	0	0	0	1.0	0.0	0.0	0.0	19	19	0	0	0
OG0000024	AL2G17410	14	2	1	11	0	0.14285714285714285	0.07142857142857142	0.7857142857142857	0.0	14	2	1	11	0
OG0000024	AL2G17420	15	15	0	0	0	1.0	0.0	0.0	0.0	15	15	0	0	0
OG0000024	AL2G17430	15	15	0	0	0	1.0	0.0	0.0	0.0	15	15	0	0	0
OG0000024	AL2G17650	12	12	0	0	0	1.0	0.0	0.0	0.0	12	12	0	0	0
OG0000024	AL2G17810	19	9	1	9	0	0.47368421052631576	0.05263157894736842	0.47368421052631576	0.0	19	9	1	9	0
OG0000024	AL2G17820	18	14	0	3	1	0.7777777777777778	0.0	0.16666666666666666	0.05555555555555555	18	14	0	3	1
OG0000024	AL2G17830	18	11	2	4	1	0.6111111111111112	0.1111111111111111	0.2222222222222222	0.05555555555555555	18	11	2	4	1
OG0000024	AL625U10020	43	0	0	0	43	0.0	0.0	0.0	1.0	21	0	0	0	21
OG0000024	AL6G33840	22	4	0	18	0	0.18181818181818182	0.0	0.8181818181818182	0.0	22	4	0	18	0
OG0000024	AL7G39090	22	22	0	0	0	1.0	0.0	0.0	0.0	22	22	0	0	0
OG0000024	AL7G46780	15	9	0	3	3	0.6	0.0	0.2	0.2	13	8	0	3	3
OG0000024	AL8G21620	30	16	12	2	0	0.5333333333333333	0.4	0.06666666666666667	0.0	21	12	9	2	0
OG0000024	AL8G21640	61	28	8	17	8	0.45901639344262296	0.13114754098360656	0.2786885245901639	0.13114754098360656	21	16	7	13	6
OG0000027	AL3G33760	21	7	2	12	0	0.3333333333333333	0.09523809523809523	0.5714285714285714	0.0	21	7	2	12	0
OG0000027	AL3G33770	22	5	2	11	4	0.22727272727272727	0.09090909090909091	0.5	0.18181818181818182	22	5	2	11	4
OG0000027	AL3G33780	22	1	0	21	0	0.045454545454545456	0.0	0.9545454545454546	0.0	22	1	0	21	0
OG0000027	AL3G33790	21	1	0	18	2	0.047619047619047616	0.0	0.8571428571428571	0.09523809523809523	21	1	0	18	2
OG0000027	AL3G33800	21	3	0	18	0	0.14285714285714285	0.0	0.8571428571428571	0.0	21	3	0	18	0
OG0000027	AL3G33810	22	15	0	7	0	0.6818181818181818	0.0	0.3181818181818182	0.0	22	15	0	7	0
OG0000027	AL3G33830	20	11	2	7	0	0.55	0.1	0.35	0.0	20	11	2	7	0
OG0000027	AL3G34900	22	1	0	21	0	0.045454545454545456	0.0	0.9545454545454546	0.0	22	1	0	21	0
OG0000027	AL3G42780	22	12	1	9	0	0.5454545454545454	0.045454545454545456	0.4090909090909091	0.0	22	12	1	9	0
OG0000027	AL4G20490	22	2	2	18	0	0.09090909090909091	0.09090909090909091	0.8181818181818182	0.0	22	2	2	18	0
OG0000027	AL7G40280	18	18	0	0	0	1.0	0.0	0.0	0.0	18	18	0	0	0
OG0000027	AL7G40290	18	18	0	0	0	1.0	0.0	0.0	0.0	18	18	0	0	0
OG0000027	AL8G20150	7	1	0	6	0	0.14285714285714285	0.0	0.8571428571428571	0.0	7	1	0	6	0
OG0000029	AL1G45230	20	6	1	13	0	0.3	0.05	0.65	0.0	20	6	1	13	0
OG0000029	AL1G45270	18	14	1	3	0	0.7777777777777778	0.05555555555555555	0.16666666666666666	0.0	18	14	1	3	0
OG0000029	AL1G45280	17	13	4	0	0	0.7647058823529411	0.23529411764705882	0.0	0.0	17	13	4	0	0
OG0000029	AL1G45290	11	6	0	5	0	0.5454545454545454	0.0	0.45454545454545453	0.0	11	6	0	5	0
OG0000029	AL1G45300	23	8	1	14	0	0.34782608695652173	0.043478260869565216	0.6086956521739131	0.0	21	7	1	14	0
OG0000029	AL1G45350	22	22	0	0	0	1.0	0.0	0.0	0.0	22	22	0	0	0
OG0000029	AL1G45470	17	3	1	13	0	0.17647058823529413	0.058823529411764705	0.7647058823529411	0.0	17	3	1	13	0
OG0000029	AL1G45480	21	2	0	19	0	0.09523809523809523	0.0	0.9047619047619048	0.0	21	2	0	19	0
OG0000029	AL1G45490	21	3	1	17	0	0.14285714285714285	0.047619047619047616	0.8095238095238095	0.0	21	3	1	17	0
OG0000029	AL1G45510	20	3	1	16	0	0.15	0.05	0.8	0.0	20	3	1	16	0
OG0000029	AL1G45520	12	7	0	5	0	0.5833333333333334	0.0	0.4166666666666667	0.0	12	7	0	5	0
OG0000029	AL1G45530	20	0	0	0	20	0.0	0.0	0.0	1.0	20	0	0	0	20
OG0000029	AL1G45540	18	3	4	11	0	0.16666666666666666	0.2222222222222222	0.6111111111111112	0.0	18	3	4	11	0
OG0000029	AL1G45550	10	3	0	7	0	0.3	0.0	0.7	0.0	10	3	0	7	0
OG0000029	AL1G45560	10	2	5	3	0	0.2	0.5	0.3	0.0	10	2	5	3	0
OG0000029	AL1G45570	23	11	8	4	0	0.4782608695652174	0.34782608695652173	0.17391304347826086	0.0	22	11	8	4	0
OG0000029	AL1G45580	21	11	6	4	0	0.5238095238095238	0.2857142857142857	0.19047619047619047	0.0	21	11	6	4	0
OG0000029	AL1G45590	12	2	8	2	0	0.16666666666666666	0.6666666666666666	0.16666666666666666	0.0	10	2	8	2	0
OG0000029	AL1G45600	4	0	0	4	0	0.0	0.0	1.0	0.0	3	0	0	3	0
OG0000029	AL1G45610	22	14	1	7	0	0.6363636363636364	0.045454545454545456	0.3181818181818182	0.0	21	14	1	6	0
OG0000029	AL1G46260	21	6	0	15	0	0.2857142857142857	0.0	0.7142857142857143	0.0	21	6	0	15	0
OG0000029	AL1G46270	22	6	0	14	2	0.2727272727272727	0.0	0.6363636363636364	0.09090909090909091	22	6	0	14	2
OG0000029	AL1G46280	22	13	0	9	0	0.5909090909090909	0.0	0.4090909090909091	0.0	22	13	0	9	0
OG0000029	AL2G25510	14	7	1	6	0	0.5	0.07142857142857142	0.42857142857142855	0.0	14	7	1	6	0
OG0000029	AL3G45420	21	9	0	12	0	0.42857142857142855	0.0	0.5714285714285714	0.0	21	9	0	12	0
OG0000029	AL4G14910	15	4	6	3	2	0.26666666666666666	0.4	0.2	0.13333333333333333	15	4	6	3	2
OG0000029	AL4G14930	21	20	0	0	1	0.9523809523809523	0.0	0.0	0.047619047619047616	21	20	0	0	1
OG0000029	AL4G35160	22	22	0	0	0	1.0	0.0	0.0	0.0	22	22	0	0	0
OG0000029	AL5G23680	22	1	0	21	0	0.045454545454545456	0.0	0.9545454545454546	0.0	22	1	0	21	0
OG0000029	AL5G38280	21	0	0	21	0	0.0	0.0	1.0	0.0	21	0	0	21	0
OG0000029	AL5G39160	24	4	0	20	0	0.16666666666666666	0.0	0.8333333333333334	0.0	22	3	0	20	0
OG0000029	AL5G39170	22	1	1	20	0	0.045454545454545456	0.045454545454545456	0.9090909090909091	0.0	22	1	1	20	0
OG0000029	AL6G43880	21	17	0	4	0	0.8095238095238095	0.0	0.19047619047619047	0.0	21	17	0	4	0
OG0000029	AL756U10010	21	4	0	6	11	0.19047619047619047	0.0	0.2857142857142857	0.5238095238095238	14	4	0	5	11
OG0000030	AL2G33070	22	22	0	0	0	1.0	0.0	0.0	0.0	22	22	0	0	0
OG0000030	AL3G21810	22	2	0	20	0	0.09090909090909091	0.0	0.9090909090909091	0.0	22	2	0	20	0
OG0000030	AL3G23890	20	20	0	0	0	1.0	0.0	0.0	0.0	20	20	0	0	0
OG0000030	AL3G23900	22	22	0	0	0	1.0	0.0	0.0	0.0	22	22	0	0	0
OG0000030	AL4G12560	22	13	3	6	0	0.5909090909090909	0.13636363636363635	0.2727272727272727	0.0	22	13	3	6	0
OG0000030	AL4G12610	22	21	0	1	0	0.9545454545454546	0.0	0.045454545454545456	0.0	22	21	0	1	0
OG0000030	AL4G12620	25	4	1	18	2	0.16	0.04	0.72	0.08	22	4	1	18	2
OG0000030	AL4G12630	22	11	1	10	0	0.5	0.045454545454545456	0.45454545454545453	0.0	22	11	1	10	0
OG0000030	AL4G12640	21	8	3	10	0	0.38095238095238093	0.14285714285714285	0.47619047619047616	0.0	21	8	3	10	0
OG0000030	AL4G12650	22	4	0	17	1	0.18181818181818182	0.0	0.7727272727272727	0.045454545454545456	21	4	0	17	1
OG0000030	AL4G12670	24	10	2	12	0	0.4166666666666667	0.08333333333333333	0.5	0.0	22	9	1	12	0
OG0000038	AL7G45050	18	18	0	0	0	1.0	0.0	0.0	0.0	18	18	0	0	0
OG0000038	AL7G46370	19	18	0	1	0	0.9473684210526315	0.0	0.05263157894736842	0.0	19	18	0	1	0
OG0000039	AL5G25540	22	22	0	0	0	1.0	0.0	0.0	0.0	22	22	0	0	0
OG0000039	AL5G25550	21	21	0	0	0	1.0	0.0	0.0	0.0	21	21	0	0	0
OG0000039	AL5G25590	22	22	0	0	0	1.0	0.0	0.0	0.0	22	22	0	0	0
OG0000039	AL5G25610	21	21	0	0	0	1.0	0.0	0.0	0.0	21	21	0	0	0
OG0000039	AL5G25630	22	22	0	0	0	1.0	0.0	0.0	0.0	22	22	0	0	0
OG0000039	AL5G25640	22	22	0	0	0	1.0	0.0	0.0	0.0	22	22	0	0	0
OG0000039	AL5G25650	22	22	0	0	0	1.0	0.0	0.0	0.0	22	22	0	0	0
OG0000039	AL5G25660	22	22	0	0	0	1.0	0.0	0.0	0.0	21	21	0	0	0
OG0000039	AL5G25670	29	29	0	0	0	1.0	0.0	0.0	0.0	21	21	0	0	0
OG0000039	AL5G25690	23	23	0	0	0	1.0	0.0	0.0	0.0	22	22	0	0	0
OG0000039	AL7G52904	21	21	0	0	0	1.0	0.0	0.0	0.0	21	21	0	0	0
OG0000039	AL7G52952	21	21	0	0	0	1.0	0.0	0.0	0.0	21	21	0	0	0
OG0000039	AL7G52980	23	23	0	0	0	1.0	0.0	0.0	0.0	18	18	0	0	0
OG0000039	AL8G36070	22	22	0	0	0	1.0	0.0	0.0	0.0	22	22	0	0	0
OG0000039	AL8G36080	35	35	0	0	0	1.0	0.0	0.0	0.0	22	22	0	0	0
OG0000039	AL8G36090	14	14	0	0	0	1.0	0.0	0.0	0.0	14	14	0	0	0
OG0000040	AL236U10020	21	3	0	18	0	0.14285714285714285	0.0	0.8571428571428571	0.0	21	3	0	18	0
OG0000040	AL2G24370	1	0	0	1	0	0.0	0.0	1.0	0.0	1	0	0	1	0
OG0000040	AL3G40910	21	4	0	17	0	0.19047619047619047	0.0	0.8095238095238095	0.0	21	4	0	17	0
OG0000040	AL628U10010	30	5	0	25	0	0.16666666666666666	0.0	0.8333333333333334	0.0	21	5	0	18	0
OG0000040	AL6G19150	20	5	0	15	0	0.25	0.0	0.75	0.0	20	5	0	15	0
OG0000040	AL8G27430	22	2	1	18	1	0.09090909090909091	0.045454545454545456	0.8181818181818182	0.045454545454545456	22	2	1	18	1
OG0000040	AL8G27440	22	4	1	17	0	0.18181818181818182	0.045454545454545456	0.7727272727272727	0.0	22	4	1	17	0
OG0000040	AL8G28780	18	0	0	18	0	0.0	0.0	1.0	0.0	18	0	0	18	0
OG0000040	AL8G29750	18	2	1	15	0	0.1111111111111111	0.05555555555555555	0.8333333333333334	0.0	18	2	1	15	0
OG0000040	AL8G29760	18	2	0	16	0	0.1111111111111111	0.0	0.8888888888888888	0.0	18	2	0	16	0
OG0000040	AL8G29780	20	2	9	9	0	0.1	0.45	0.45	0.0	20	2	9	9	0
OG0000040	AL8G29920	4	1	0	3	0	0.25	0.0	0.75	0.0	4	1	0	3	0
OG0000040	AL8G29950	22	0	5	17	0	0.0	0.22727272727272727	0.7727272727272727	0.0	22	0	5	17	0
OG0000040	AL8G30820	21	11	1	8	1	0.5238095238095238	0.047619047619047616	0.38095238095238093	0.047619047619047616	21	11	1	8	1
OG0000042	AL2G24580	4	4	0	0	0	1.0	0.0	0.0	0.0	4	4	0	0	0
OG0000042	AL2G24590	22	0	22	0	0	0.0	1.0	0.0	0.0	22	0	22	0	0
OG0000042	AL2G24600	22	22	0	0	0	1.0	0.0	0.0	0.0	22	22	0	0	0
OG0000042	AL7G46770	22	16	2	4	0	0.7272727272727273	0.09090909090909091	0.18181818181818182	0.0	22	16	2	4	0
OG0000042	AL7G46830	5	5	0	0	0	1.0	0.0	0.0	0.0	5	5	0	0	0
OG0000042	AL7G46840	4	4	0	0	0	1.0	0.0	0.0	0.0	4	4	0	0	0
OG0000042	AL7G46850	19	4	2	13	0	0.21052631578947367	0.10526315789473684	0.6842105263157895	0.0	19	4	2	13	0
OG0000042	AL7G46860	31	4	27	0	0	0.12903225806451613	0.8709677419354839	0.0	0.0	21	4	21	0	0
OG0000042	AL7G46870	19	3	4	0	12	0.15789473684210525	0.21052631578947367	0.0	0.631578947368421	19	3	4	0	12
OG0000042	AL7G46880	16	12	1	3	0	0.75	0.0625	0.1875	0.0	12	12	1	3	0
OG0000042	AL7G47450	20	19	0	0	1	0.95	0.0	0.0	0.05	20	19	0	0	1
OG0000042	AL7G49470	34	17	1	1	15	0.5	0.029411764705882353	0.029411764705882353	0.4411764705882353	22	17	1	1	14
OG0000042	AL7G52890	12	12	0	0	0	1.0	0.0	0.0	0.0	12	12	0	0	0
OG0000042	AL7G53030	22	22	0	0	0	1.0	0.0	0.0	0.0	22	22	0	0	0
OG0000042	AL7G53060	22	22	0	0	0	1.0	0.0	0.0	0.0	22	22	0	0	0
OG0000042	AL7G53090	22	22	0	0	0	1.0	0.0	0.0	0.0	22	22	0	0	0
OG0000042	AL7G53100	20	20	0	0	0	1.0	0.0	0.0	0.0	20	20	0	0	0
OG0000042	AL7G53110	21	21	0	0	0	1.0	0.0	0.0	0.0	21	21	0	0	0
OG0000042	AL8G39760	22	3	1	18	0	0.13636363636363635	0.045454545454545456	0.8181818181818182	0.0	22	3	1	18	0
OG0000045	AL1G46390	21	1	0	20	0	0.047619047619047616	0.0	0.9523809523809523	0.0	21	1	0	20	0
OG0000045	AL1G47590	22	0	0	0	22	0.0	0.0	0.0	1.0	22	0	0	0	22
OG0000045	AL1G51920	36	0	0	0	36	0.0	0.0	0.0	1.0	22	0	0	0	22
OG0000045	AL1G64730	22	0	7	0	15	0.0	0.3181818181818182	0.0	0.6818181818181818	22	0	7	0	15
OG0000045	AL5G18740	21	0	0	0	21	0.0	0.0	0.0	1.0	21	0	0	0	21
OG0000046	AL1G66000	22	8	0	14	0	0.36363636363636365	0.0	0.6363636363636364	0.0	22	8	0	14	0
OG0000046	AL2G13390	21	3	0	18	0	0.14285714285714285	0.0	0.8571428571428571	0.0	21	3	0	18	0
OG0000046	AL2G13790	21	2	3	16	0	0.09523809523809523	0.14285714285714285	0.7619047619047619	0.0	21	2	3	16	0
OG0000046	AL2G13820	22	0	2	20	0	0.0	0.09090909090909091	0.9090909090909091	0.0	22	0	2	20	0
OG0000046	AL2G13840	22	4	1	17	0	0.18181818181818182	0.045454545454545456	0.7727272727272727	0.0	22	4	1	17	0
OG0000046	AL2G13900	22	22	0	0	0	1.0	0.0	0.0	0.0	22	22	0	0	0
OG0000046	AL2G13990	22	1	0	21	0	0.045454545454545456	0.0	0.9545454545454546	0.0	22	1	0	21	0
OG0000046	AL2G14050	22	0	0	22	0	0.0	0.0	1.0	0.0	22	0	0	22	0
OG0000046	AL2G14060	21	2	1	18	0	0.09523809523809523	0.047619047619047616	0.8571428571428571	0.0	21	2	1	18	0
OG0000046	AL2G14070	22	3	1	18	0	0.13636363636363635	0.045454545454545456	0.8181818181818182	0.0	22	3	1	18	0
OG0000046	AL2G14080	22	3	1	18	0	0.13636363636363635	0.045454545454545456	0.8181818181818182	0.0	22	3	1	18	0
OG0000046	AL2G14090	20	6	0	14	0	0.3	0.0	0.7	0.0	20	6	0	14	0
OG0000046	AL2G14100	22	22	0	0	0	1.0	0.0	0.0	0.0	22	22	0	0	0
OG0000046	AL2G14110	22	1	4	17	0	0.045454545454545456	0.18181818181818182	0.7727272727272727	0.0	22	1	4	17	0
OG0000046	AL5G22030	21	4	3	14	0	0.19047619047619047	0.14285714285714285	0.6666666666666666	0.0	21	4	3	14	0
OG0000046	AL5G26170	21	8	0	13	0	0.38095238095238093	0.0	0.6190476190476191	0.0	21	8	0	13	0
OG0000046	AL6G35250	22	0	2	20	0	0.0	0.09090909090909091	0.9090909090909091	0.0	22	0	2	20	0
OG0000046	AL8G20000	13	4	0	6	3	0.3076923076923077	0.0	0.46153846153846156	0.23076923076923078	13	4	0	6	3
OG0000047	AL3G46650	20	14	0	6	0	0.7	0.0	0.3	0.0	20	14	0	6	0
OG0000047	AL4G21250	22	22	0	0	0	1.0	0.0	0.0	0.0	22	22	0	0	0
OG0000047	AL5G23250	22	22	0	0	0	1.0	0.0	0.0	0.0	22	22	0	0	0
OG0000047	AL5G26330	15	15	0	0	0	1.0	0.0	0.0	0.0	15	15	0	0	0
OG0000047	AL5G26340	16	16	0	0	0	1.0	0.0	0.0	0.0	15	15	0	0	0
OG0000047	AL5G26350	22	22	0	0	0	1.0	0.0	0.0	0.0	22	22	0	0	0
OG0000047	AL5G26360	20	20	0	0	0	1.0	0.0	0.0	0.0	20	20	0	0	0
OG0000047	AL5G26370	20	20	0	0	0	1.0	0.0	0.0	0.0	20	20	0	0	0
OG0000047	AL5G26810	22	3	1	18	0	0.13636363636363635	0.045454545454545456	0.8181818181818182	0.0	22	3	1	18	0
OG0000047	AL5G26820	21	9	0	12	0	0.42857142857142855	0.0	0.5714285714285714	0.0	21	9	0	12	0
OG0000047	AL5G26840	34	0	1	33	0	0.0	0.029411764705882353	0.9705882352941176	0.0	22	0	1	22	0
OG0000047	AL5G26860	22	21	0	1	0	0.9545454545454546	0.0	0.045454545454545456	0.0	22	21	0	1	0
OG0000047	AL5G26870	22	7	0	15	0	0.3181818181818182	0.0	0.6818181818181818	0.0	22	7	0	15	0
OG0000047	AL6G32010	22	1	0	21	0	0.045454545454545456	0.0	0.9545454545454546	0.0	22	1	0	21	0
OG0000047	AL8G24400	21	6	0	15	0	0.2857142857142857	0.0	0.7142857142857143	0.0	21	6	0	15	0
OG0000049	AL285U10010	22	22	0	0	0	1.0	0.0	0.0	0.0	22	22	0	0	0
OG0000049	AL48U10010	21	21	0	0	0	1.0	0.0	0.0	0.0	21	21	0	0	0
OG0000049	AL48U10030	22	22	0	0	0	1.0	0.0	0.0	0.0	22	22	0	0	0
OG0000049	AL48U10040	22	22	0	0	0	1.0	0.0	0.0	0.0	22	22	0	0	0
OG0000049	AL5G25850	22	3	0	19	0	0.13636363636363635	0.0	0.8636363636363636	0.0	22	3	0	19	0
OG0000049	AL5G25860	22	2	0	20	0	0.09090909090909091	0.0	0.9090909090909091	0.0	22	2	0	20	0
OG0000049	AL5G25870	22	8	0	14	0	0.36363636363636365	0.0	0.6363636363636364	0.0	22	8	0	14	0
OG0000049	AL8G26340	22	1	0	21	0	0.045454545454545456	0.0	0.9545454545454546	0.0	22	1	0	21	0
OG0000049	AL8G34670	45	45	0	0	0	1.0	0.0	0.0	0.0	22	22	0	0	0
OG0000049	AL8G35110	22	7	4	10	1	0.3181818181818182	0.18181818181818182	0.45454545454545453	0.045454545454545456	22	7	4	10	1
OG0000049	AL8G35120	61	22	0	39	0	0.36065573770491804	0.0	0.639344262295082	0.0	22	19	0	22	0
OG0000049	AL8G35130	22	1	1	20	0	0.045454545454545456	0.045454545454545456	0.9090909090909091	0.0	22	1	1	20	0
OG0000049	AL8G35140	81	6	0	19	56	0.07407407407407407	0.0	0.2345679012345679	0.691358024691358	22	6	0	19	22
OG0000049	AL8G35190	26	24	0	2	0	0.9230769230769231	0.0	0.07692307692307693	0.0	22	22	0	2	0
OG0000049	AL8G35560	13	12	0	1	0	0.9230769230769231	0.0	0.07692307692307693	0.0	13	12	0	1	0
OG0000049	AL8G35570	22	0	0	22	0	0.0	0.0	1.0	0.0	22	0	0	22	0
OG0000049	AL8G35580	22	3	1	18	0	0.13636363636363635	0.045454545454545456	0.8181818181818182	0.0	22	3	1	18	0
OG0000049	AL8G35600	22	2	1	19	0	0.09090909090909091	0.045454545454545456	0.8636363636363636	0.0	22	2	1	19	0
OG0000049	AL8G35620	21	6	0	15	0	0.2857142857142857	0.0	0.7142857142857143	0.0	21	6	0	15	0
OG0000054	AL1G66260	21	17	0	0	4	0.8095238095238095	0.0	0.0	0.19047619047619047	21	17	0	0	4
OG0000054	AL1G66330	21	12	0	0	9	0.5714285714285714	0.0	0.0	0.42857142857142855	21	12	0	0	9
OG0000054	AL1G66350	22	14	0	2	6	0.6363636363636364	0.0	0.09090909090909091	0.2727272727272727	22	14	0	2	6
OG0000054	AL1G66380	22	5	0	17	0	0.22727272727272727	0.0	0.7727272727272727	0.0	22	5	0	17	0
OG0000054	AL2G11205	13	6	0	7	0	0.46153846153846156	0.0	0.5384615384615384	0.0	13	6	0	7	0
OG0000054	AL2G11220	10	8	1	1	0	0.8	0.1	0.1	0.0	10	8	1	1	0
OG0000054	AL2G11240	19	5	4	10	0	0.2631578947368421	0.21052631578947367	0.5263157894736842	0.0	19	5	4	10	0
OG0000054	AL2G11260	11	2	2	3	4	0.18181818181818182	0.18181818181818182	0.2727272727272727	0.36363636363636365	11	2	2	3	4
OG0000054	AL2G11380	22	22	0	0	0	1.0	0.0	0.0	0.0	22	22	0	0	0
OG0000054	AL2G11390	16	16	0	0	0	1.0	0.0	0.0	0.0	16	16	0	0	0
OG0000054	AL3G49580	22	22	0	0	0	1.0	0.0	0.0	0.0	22	22	0	0	0
OG0000060	AL1G47430	17	4	0	4	9	0.23529411764705882	0.0	0.23529411764705882	0.5294117647058824	17	4	0	4	9
OG0000060	AL1G51180	22	22	0	0	0	1.0	0.0	0.0	0.0	22	22	0	0	0
OG0000060	AL1G60090	23	17	2	4	0	0.7391304347826086	0.08695652173913043	0.17391304347826086	0.0	23	17	2	4	0
OG0000060	AL3G30210	25	15	0	2	8	0.6	0.0	0.08	0.32	21	12	0	2	8
OG0000060	AL3G40680	17	17	0	0	0	1.0	0.0	0.0	0.0	17	17	0	0	0
OG0000060	AL3G42580	21	8	6	7	0	0.38095238095238093	0.2857142857142857	0.3333333333333333	0.0	21	8	6	7	0
OG0000060	AL3G43290	44	43	0	0	1	0.9772727272727273	0.0	0.0	0.022727272727272728	22	22	0	0	1
OG0000060	AL4G10770	23	11	1	11	0	0.4782608695652174	0.043478260869565216	0.4782608695652174	0.0	22	10	1	11	0
OG0000060	AL4G17640	64	63	0	0	1	0.984375	0.0	0.0	0.015625	22	22	0	0	1
OG0000060	AL4G18390	24	0	0	0	24	0.0	0.0	0.0	1.0	21	0	0	0	21
OG0000060	AL5G16910	23	22	0	0	1	0.9565217391304348	0.0	0.0	0.043478260869565216	14	14	0	0	1
OG0000060	AL5G16920	28	0	0	0	28	0.0	0.0	0.0	1.0	18	0	0	0	18
OG0000060	AL6G41380	43	20	0	3	20	0.46511627906976744	0.0	0.06976744186046512	0.46511627906976744	22	14	0	3	16
OG0000060	AL6G43460	81	56	1	18	6	0.691358024691358	0.012345679012345678	0.2222222222222222	0.07407407407407407	23	23	1	14	5
OG0000060	AL7G43910	57	37	0	0	20	0.6491228070175439	0.0	0.0	0.3508771929824561	22	20	0	0	15
OG0000060	AL8G21960	93	87	1	5	0	0.9354838709677419	0.010752688172043012	0.053763440860215055	0.0	23	23	1	5	0
OG0000065	AL2G19370	19	16	1	2	0	0.8421052631578947	0.05263157894736842	0.10526315789473684	0.0	19	16	1	2	0
OG0000065	AL3G20910	10	10	0	0	0	1.0	0.0	0.0	0.0	10	10	0	0	0
OG0000065	AL3G46070	24	1	0	0	23	0.041666666666666664	0.0	0.0	0.9583333333333334	22	1	0	0	21
OG0000065	AL6G29600	10	10	0	0	0	1.0	0.0	0.0	0.0	10	10	0	0	0
OG0000065	AL8G11910	21	21	0	0	0	1.0	0.0	0.0	0.0	20	20	0	0	0
OG0000065	AL8G11920	21	21	0	0	0	1.0	0.0	0.0	0.0	21	21	0	0	0
OG0000065	AL8G11930	21	16	0	0	5	0.7619047619047619	0.0	0.0	0.23809523809523808	21	16	0	0	5
OG0000065	AL8G11940	15	15	0	0	0	1.0	0.0	0.0	0.0	15	15	0	0	0
OG0000065	AL8G11950	14	14	0	0	0	1.0	0.0	0.0	0.0	14	14	0	0	0
OG0000065	AL8G11960	23	23	0	0	0	1.0	0.0	0.0	0.0	22	22	0	0	0
OG0000065	AL8G12190	22	2	2	18	0	0.09090909090909091	0.09090909090909091	0.8181818181818182	0.0	22	2	2	18	0
OG0000075	AL7G37990	21	21	0	0	0	1.0	0.0	0.0	0.0	21	21	0	0	0
OG0000077	AL1G55940	23	23	0	0	0	1.0	0.0	0.0	0.0	23	23	0	0	0
OG0000077	AL1G59850	23	23	0	0	0	1.0	0.0	0.0	0.0	23	23	0	0	0
OG0000077	AL1G59870	22	21	0	0	1	0.9545454545454546	0.0	0.0	0.045454545454545456	22	21	0	0	1
OG0000077	AL3G41990	22	12	1	9	0	0.5454545454545454	0.045454545454545456	0.4090909090909091	0.0	22	12	1	9	0
OG0000077	AL5G25230	21	19	0	0	2	0.9047619047619048	0.0	0.0	0.09523809523809523	21	19	0	0	2
OG0000077	AL5G25240	14	4	0	10	0	0.2857142857142857	0.0	0.7142857142857143	0.0	14	4	0	10	0
OG0000077	AL5G25250	22	5	1	16	0	0.22727272727272727	0.045454545454545456	0.7272727272727273	0.0	22	5	1	16	0
OG0000083	AL5G35340	14	5	1	8	0	0.35714285714285715	0.07142857142857142	0.5714285714285714	0.0	14	5	1	8	0
OG0000083	AL8G20100	13	5	1	7	0	0.38461538461538464	0.07692307692307693	0.5384615384615384	0.0	13	5	1	7	0
OG0000083	AL8G23770	10	8	0	2	0	0.8	0.0	0.2	0.0	10	8	0	2	0
OG0000086	AL281U10020	22	6	0	16	0	0.2727272727272727	0.0	0.7272727272727273	0.0	22	6	0	16	0
OG0000086	AL5G19750	23	0	0	0	23	0.0	0.0	0.0	1.0	22	0	0	0	22
OG0000086	AL8G28624	22	6	0	16	0	0.2727272727272727	0.0	0.7272727272727273	0.0	22	6	0	16	0
OG0000087	AL1G63190	22	2	0	0	20	0.09090909090909091	0.0	0.0	0.9090909090909091	22	2	0	0	20
OG0000087	AL1G66070	34	34	0	0	0	1.0	0.0	0.0	0.0	21	21	0	0	0
OG0000087	AL1G66310	11	10	0	1	0	0.9090909090909091	0.0	0.09090909090909091	0.0	11	10	0	1	0
OG0000087	AL2G20190	22	22	0	0	0	1.0	0.0	0.0	0.0	22	22	0	0	0
OG0000087	AL3G49730	15	0	0	15	0	0.0	0.0	1.0	0.0	15	0	0	15	0
OG0000087	AL5G18020	19	15	0	4	0	0.7894736842105263	0.0	0.21052631578947367	0.0	19	15	0	4	0
OG0000087	AL5G18610	22	9	0	12	1	0.4090909090909091	0.0	0.5454545454545454	0.045454545454545456	19	9	0	11	1
OG0000087	AL6G37670	17	16	0	0	1	0.9411764705882353	0.0	0.0	0.058823529411764705	17	16	0	0	1
OG0000090	AL1G55520	20	18	0	2	0	0.9	0.0	0.1	0.0	20	18	0	2	0
OG0000090	AL1G55540	21	0	0	14	7	0.0	0.0	0.6666666666666666	0.3333333333333333	21	0	0	14	7
OG0000090	AL1G55550	22	1	0	19	2	0.045454545454545456	0.0	0.8636363636363636	0.09090909090909091	22	1	0	19	2
OG0000090	AL4G13120	22	1	2	19	0	0.045454545454545456	0.09090909090909091	0.8636363636363636	0.0	22	1	2	19	0
OG0000090	AL8G15000	22	22	0	0	0	1.0	0.0	0.0	0.0	22	22	0	0	0
OG0000090	AL8G15010	4	4	0	0	0	1.0	0.0	0.0	0.0	4	4	0	0	0
OG0000090	AL90U10010	19	19	0	0	0	1.0	0.0	0.0	0.0	19	19	0	0	0
OG0000090	AL9U10450	16	6	9	1	0	0.375	0.5625	0.0625	0.0	16	6	9	1	0
OG0000090	AL9U10470	22	2	0	18	2	0.09090909090909091	0.0	0.8181818181818182	0.09090909090909091	22	2	0	18	2
OG0000093	AL3G36200	11	1	0	5	5	0.09090909090909091	0.0	0.45454545454545453	0.45454545454545453	11	1	0	5	5
OG0000093	AL3G36220	20	1	15	4	0	0.05	0.75	0.2	0.0	20	1	15	4	0
OG0000093	AL3G38320	3	3	0	0	0	1.0	0.0	0.0	0.0	3	3	0	0	0
OG0000095	AL2G13960	20	18	0	2	0	0.9	0.0	0.1	0.0	20	18	0	2	0
OG0000095	AL6G32670	18	17	0	1	0	0.9444444444444444	0.0	0.05555555555555555	0.0	18	17	0	1	0
OG0000096	AL4G14040	16	0	1	15	0	0.0	0.0625	0.9375	0.0	16	0	1	15	0
OG0000096	AL5G23490	21	12	3	6	0	0.5714285714285714	0.14285714285714285	0.2857142857142857	0.0	21	12	3	6	0
OG0000096	AL6G44610	21	16	4	0	1	0.7619047619047619	0.19047619047619047	0.0	0.047619047619047616	21	16	4	0	1
OG0000100	AL5G18060	21	12	3	6	0	0.5714285714285714	0.14285714285714285	0.2857142857142857	0.0	21	12	3	6	0
OG0000103	AL1G13160	22	9	1	3	9	0.4090909090909091	0.045454545454545456	0.13636363636363635	0.4090909090909091	22	9	1	3	9
OG0000103	AL3G14640	22	22	0	0	0	1.0	0.0	0.0	0.0	22	22	0	0	0
OG0000103	AL6G39950	16	13	1	2	0	0.8125	0.0625	0.125	0.0	16	13	1	2	0
OG0000103	AL6G49410	5	0	0	5	0	0.0	0.0	1.0	0.0	5	0	0	5	0
OG0000103	AL6G49420	17	9	1	7	0	0.5294117647058824	0.058823529411764705	0.4117647058823529	0.0	17	9	1	7	0
OG0000103	AL7G41810	20	19	0	0	1	0.95	0.0	0.0	0.05	20	19	0	0	1
OG0000103	AL7G41820	22	9	0	0	13	0.4090909090909091	0.0	0.0	0.5909090909090909	22	9	0	0	13
OG0000106	AL1G63060	22	0	0	22	0	0.0	0.0	1.0	0.0	22	0	0	22	0
OG0000106	AL2G21240	22	2	7	13	0	0.09090909090909091	0.3181818181818182	0.5909090909090909	0.0	22	2	7	13	0
OG0000106	AL2G21890	29	4	8	17	0	0.13793103448275862	0.27586206896551724	0.5862068965517241	0.0	20	4	7	13	0
OG0000106	AL4G28930	22	13	1	8	0	0.5909090909090909	0.045454545454545456	0.36363636363636365	0.0	22	13	1	8	0
OG0000106	AL6G12540	26	15	1	10	0	0.5769230769230769	0.038461538461538464	0.38461538461538464	0.0	22	15	1	8	0
OG0000106	AL6G32160	27	1	4	22	0	0.037037037037037035	0.14814814814814814	0.8148148148148148	0.0	22	1	4	22	0
OG0000106	AL6G35910	23	0	5	18	0	0.0	0.21739130434782608	0.782608695652174	0.0	22	0	5	18	0
OG0000106	AL6G48650	22	11	0	11	0	0.5	0.0	0.5	0.0	22	11	0	11	0
OG0000106	AL6G48900	43	21	0	22	0	0.4883720930232558	0.0	0.5116279069767442	0.0	22	19	0	20	0
OG0000106	AL6G48930	52	8	24	20	0	0.15384615384615385	0.46153846153846156	0.38461538461538464	0.0	22	8	16	19	0
OG0000106	AL6G49350	50	21	0	29	0	0.42	0.0	0.58	0.0	22	19	0	17	0
OG0000106	AL6G50030	42	1	0	33	8	0.023809523809523808	0.0	0.7857142857142857	0.19047619047619047	22	1	0	22	8
OG0000106	AL7G44880	22	9	3	10	0	0.4090909090909091	0.13636363636363635	0.45454545454545453	0.0	22	9	3	10	0
OG0000107	AL1G40990	22	7	7	8	0	0.3181818181818182	0.3181818181818182	0.36363636363636365	0.0	22	7	7	8	0
OG0000107	AL1G41000	39	25	14	0	0	0.6410256410256411	0.358974358974359	0.0	0.0	22	17	13	0	0
OG0000107	AL1G41010	28	28	0	0	0	1.0	0.0	0.0	0.0	19	19	0	0	0
OG0000107	AL1G41020	16	3	2	11	0	0.1875	0.125	0.6875	0.0	11	2	2	10	0
OG0000107	AL2G26330	21	4	0	17	0	0.19047619047619047	0.0	0.8095238095238095	0.0	21	4	0	17	0
OG0000107	AL3G43390	21	16	2	3	0	0.7619047619047619	0.09523809523809523	0.14285714285714285	0.0	21	16	2	3	0
OG0000107	AL3G43980	21	8	1	12	0	0.38095238095238093	0.047619047619047616	0.5714285714285714	0.0	21	8	1	12	0
OG0000107	AL3G44020	21	2	1	18	0	0.09523809523809523	0.047619047619047616	0.8571428571428571	0.0	21	2	1	18	0
OG0000107	AL3G44030	22	10	0	12	0	0.45454545454545453	0.0	0.5454545454545454	0.0	22	10	0	12	0
OG0000107	AL3G44060	12	11	0	1	0	0.9166666666666666	0.0	0.08333333333333333	0.0	12	11	0	1	0
OG0000107	AL3G46030	22	9	0	13	0	0.4090909090909091	0.0	0.5909090909090909	0.0	22	9	0	13	0
OG0000107	AL4G14150	20	20	0	0	0	1.0	0.0	0.0	0.0	20	20	0	0	0
OG0000107	AL4G14170	37	4	0	33	0	0.10810810810810811	0.0	0.8918918918918919	0.0	21	4	0	21	0
OG0000107	AL6G37020	12	10	1	1	0	0.8333333333333334	0.08333333333333333	0.08333333333333333	0.0	12	10	1	1	0
OG0000107	AL6G37130	22	8	0	14	0	0.36363636363636365	0.0	0.6363636363636364	0.0	22	8	0	14	0
OG0000118	AL2G19800	3	0	0	3	0	0.0	0.0	1.0	0.0	3	0	0	3	0
OG0000118	AL3G23800	7	1	0	4	2	0.14285714285714285	0.0	0.5714285714285714	0.2857142857142857	7	1	0	4	2
OG0000118	AL7G18580	4	0	0	0	4	0.0	0.0	0.0	1.0	4	0	0	0	4
OG0000118	AL7G45480	10	0	0	10	0	0.0	0.0	1.0	0.0	10	0	0	10	0
OG0000118	AL8G15920	5	0	0	0	5	0.0	0.0	0.0	1.0	5	0	0	0	5
OG0000118	AL8G33020	19	0	0	0	19	0.0	0.0	0.0	1.0	19	0	0	0	19
OG0000126	AL1G17600	22	22	0	0	0	1.0	0.0	0.0	0.0	22	22	0	0	0
OG0000126	AL41U10050	14	14	0	0	0	1.0	0.0	0.0	0.0	14	14	0	0	0
OG0000126	AL41U10060	14	10	0	0	4	0.7142857142857143	0.0	0.0	0.2857142857142857	14	10	0	0	4
OG0000126	AL4G23710	12	12	0	0	0	1.0	0.0	0.0	0.0	12	12	0	0	0
OG0000126	AL4G23730	21	21	0	0	0	1.0	0.0	0.0	0.0	21	21	0	0	0
OG0000126	AL4G23850	22	10	0	12	0	0.45454545454545453	0.0	0.5454545454545454	0.0	22	10	0	12	0
OG0000126	AL4G23910	22	2	0	17	3	0.09090909090909091	0.0	0.7727272727272727	0.13636363636363635	22	2	0	17	3
OG0000126	AL4G23920	22	2	1	19	0	0.09090909090909091	0.045454545454545456	0.8636363636363636	0.0	22	2	1	19	0
OG0000126	AL4G23930	22	1	1	20	0	0.045454545454545456	0.045454545454545456	0.9090909090909091	0.0	22	1	1	20	0
OG0000126	AL6G16010	21	21	0	0	0	1.0	0.0	0.0	0.0	21	21	0	0	0
OG0000126	AL84U10010	20	20	0	0	0	1.0	0.0	0.0	0.0	20	20	0	0	0
OG0000141	AL7G42590	20	20	0	0	0	1.0	0.0	0.0	0.0	20	20	0	0	0
OG0000141	AL7G42710	19	14	0	5	0	0.7368421052631579	0.0	0.2631578947368421	0.0	19	14	0	5	0
OG0000142	AL1G43240	22	1	0	21	0	0.045454545454545456	0.0	0.9545454545454546	0.0	22	1	0	21	0
OG0000142	AL1G43260	22	1	0	21	0	0.045454545454545456	0.0	0.9545454545454546	0.0	22	1	0	21	0
OG0000142	AL1G43270	22	1	0	21	0	0.045454545454545456	0.0	0.9545454545454546	0.0	22	1	0	21	0
OG0000142	AL1G43320	18	0	0	0	18	0.0	0.0	0.0	1.0	18	0	0	0	18
OG0000147	AL4G34310	22	22	0	0	0	1.0	0.0	0.0	0.0	22	22	0	0	0
OG0000147	AL4G36610	17	17	0	0	0	1.0	0.0	0.0	0.0	17	17	0	0	0
OG0000147	AL4G37620	6	6	0	0	0	1.0	0.0	0.0	0.0	6	6	0	0	0
OG0000147	AL4G37630	12	0	0	0	12	0.0	0.0	0.0	1.0	6	0	0	0	6
OG0000147	AL4G41930	16	16	0	0	0	1.0	0.0	0.0	0.0	16	16	0	0	0
OG0000147	AL4G41950	21	21	0	0	0	1.0	0.0	0.0	0.0	21	21	0	0	0
OG0000147	AL4G42180	22	2	18	2	0	0.09090909090909091	0.8181818181818182	0.09090909090909091	0.0	22	2	18	2	0
OG0000147	AL5G41700	16	3	2	11	0	0.1875	0.125	0.6875	0.0	16	3	2	11	0
OG0000147	AL5G41710	19	0	0	0	19	0.0	0.0	0.0	1.0	19	0	0	0	19
OG0000147	AL7G36780	22	15	1	6	0	0.6818181818181818	0.045454545454545456	0.2727272727272727	0.0	22	15	1	6	0
OG0000150	AL1G45620	21	17	1	3	0	0.8095238095238095	0.047619047619047616	0.14285714285714285	0.0	21	17	1	3	0
OG0000150	AL2G14000	22	3	0	19	0	0.13636363636363635	0.0	0.8636363636363636	0.0	22	3	0	19	0
OG0000150	AL2G14020	44	32	2	10	0	0.7272727272727273	0.045454545454545456	0.22727272727272727	0.0	22	22	2	10	0
OG0000150	AL4G22300	21	7	2	12	0	0.3333333333333333	0.09523809523809523	0.5714285714285714	0.0	21	7	2	12	0
OG0000150	AL4G27390	22	22	0	0	0	1.0	0.0	0.0	0.0	22	22	0	0	0
OG0000150	AL4G27770	22	0	0	0	22	0.0	0.0	0.0	1.0	22	0	0	0	22
OG0000150	AL5G29210	22	22	0	0	0	1.0	0.0	0.0	0.0	22	22	0	0	0
OG0000150	AL5G29234	22	3	0	19	0	0.13636363636363635	0.0	0.8636363636363636	0.0	22	3	0	19	0
OG0000150	AL5G29300	40	40	0	0	0	1.0	0.0	0.0	0.0	22	22	0	0	0
OG0000150	AL8G43560	22	10	2	10	0	0.45454545454545453	0.09090909090909091	0.45454545454545453	0.0	22	10	2	10	0
OG0000158	AL5G43410	23	0	0	23	0	0.0	0.0	1.0	0.0	23	0	0	23	0
OG0000159	AL1G49160	21	18	0	3	0	0.8571428571428571	0.0	0.14285714285714285	0.0	21	18	0	3	0
OG0000159	AL2G28900	14	14	0	0	0	1.0	0.0	0.0	0.0	14	14	0	0	0
OG0000159	AL2G40360	17	17	0	0	0	1.0	0.0	0.0	0.0	17	17	0	0	0
OG0000159	AL2G40380	22	6	1	15	0	0.2727272727272727	0.045454545454545456	0.6818181818181818	0.0	22	6	1	15	0
OG0000159	AL3G39500	7	7	0	0	0	1.0	0.0	0.0	0.0	7	7	0	0	0
OG0000159	AL3G52410	22	11	3	8	0	0.5	0.13636363636363635	0.36363636363636365	0.0	22	11	3	8	0
OG0000159	AL3G52430	38	3	33	2	0	0.07894736842105263	0.868421052631579	0.05263157894736842	0.0	22	3	22	2	0
OG0000159	AL3G52440	31	18	3	10	0	0.5806451612903226	0.0967741935483871	0.3225806451612903	0.0	21	14	3	8	0
OG0000164	AL5G15010	21	21	0	0	0	1.0	0.0	0.0	0.0	21	21	0	0	0
OG0000164	AL5G15040	22	22	0	0	0	1.0	0.0	0.0	0.0	22	22	0	0	0
OG0000164	AL5G15050	22	22	0	0	0	1.0	0.0	0.0	0.0	22	22	0	0	0
OG0000164	AL5G15060	26	26	0	0	0	1.0	0.0	0.0	0.0	22	22	0	0	0
OG0000164	AL5G15070	22	22	0	0	0	1.0	0.0	0.0	0.0	22	22	0	0	0
OG0000164	AL5G15090	22	22	0	0	0	1.0	0.0	0.0	0.0	22	22	0	0	0
OG0000164	AL5G15100	22	20	0	0	2	0.9090909090909091	0.0	0.0	0.09090909090909091	22	20	0	0	2
OG0000164	AL8G33230	22	22	0	0	0	1.0	0.0	0.0	0.0	22	22	0	0	0
OG0000166	AL4G14510	18	12	2	4	0	0.6666666666666666	0.1111111111111111	0.2222222222222222	0.0	18	12	2	4	0
OG0000166	AL4G14520	21	0	0	21	0	0.0	0.0	1.0	0.0	21	0	0	21	0
OG0000166	AL4G14530	20	4	3	13	0	0.2	0.15	0.65	0.0	20	4	3	13	0
OG0000166	AL4G15500	21	1	3	16	1	0.047619047619047616	0.14285714285714285	0.7619047619047619	0.047619047619047616	21	1	3	16	1
OG0000166	AL4G15530	21	6	0	15	0	0.2857142857142857	0.0	0.7142857142857143	0.0	21	6	0	15	0
OG0000166	AL4G15555	22	8	0	13	1	0.36363636363636365	0.0	0.5909090909090909	0.045454545454545456	22	8	0	13	1
OG0000166	AL4G15560	13	1	0	12	0	0.07692307692307693	0.0	0.9230769230769231	0.0	10	1	0	10	0
OG0000166	AL4G15600	22	8	2	12	0	0.36363636363636365	0.09090909090909091	0.5454545454545454	0.0	22	8	2	12	0
OG0000166	AL4G15620	22	10	1	11	0	0.45454545454545453	0.045454545454545456	0.5	0.0	22	10	1	11	0
OG0000166	AL4G15660	45	21	9	15	0	0.4666666666666667	0.2	0.3333333333333333	0.0	21	13	9	15	0
OG0000166	AL4G18480	36	35	0	1	0	0.9722222222222222	0.0	0.027777777777777776	0.0	22	22	0	1	0
OG0000166	AL4G18490	10	6	0	4	0	0.6	0.0	0.4	0.0	10	6	0	4	0
OG0000166	AL4G18500	18	4	0	14	0	0.2222222222222222	0.0	0.7777777777777778	0.0	18	4	0	14	0
OG0000166	AL4G18510	57	33	3	21	0	0.5789473684210527	0.05263157894736842	0.3684210526315789	0.0	22	21	3	17	0
OG0000166	AL4G18540	19	16	0	2	1	0.8421052631578947	0.0	0.10526315789473684	0.05263157894736842	19	16	0	2	1
OG0000166	AL4G18550	22	3	3	16	0	0.13636363636363635	0.13636363636363635	0.7272727272727273	0.0	22	3	3	16	0
OG0000166	AL4G18560	22	2	1	18	1	0.09090909090909091	0.045454545454545456	0.8181818181818182	0.045454545454545456	22	2	1	18	1
OG0000166	AL4G18570	19	18	0	1	0	0.9473684210526315	0.0	0.05263157894736842	0.0	19	18	0	1	0
OG0000167	AL2G13870	22	22	0	0	0	1.0	0.0	0.0	0.0	22	22	0	0	0
OG0000167	AL3G43130	22	22	0	0	0	1.0	0.0	0.0	0.0	22	22	0	0	0
OG0000167	AL4G44290	22	0	0	22	0	0.0	0.0	1.0	0.0	22	0	0	22	0
OG0000167	AL5G42950	21	0	0	21	0	0.0	0.0	1.0	0.0	21	0	0	21	0
OG0000167	AL6G48090	22	22	0	0	0	1.0	0.0	0.0	0.0	22	22	0	0	0
OG0000167	AL7G31720	22	22	0	0	0	1.0	0.0	0.0	0.0	22	22	0	0	0
OG0000167	AL7G38430	20	11	0	9	0	0.55	0.0	0.45	0.0	20	11	0	9	0
OG0000170	AL1G47470	25	1	19	5	0	0.04	0.76	0.2	0.0	22	1	19	4	0
OG0000170	AL1G57350	50	4	5	41	0	0.08	0.1	0.82	0.0	22	4	5	22	0
OG0000170	AL1G61980	75	40	1	34	0	0.5333333333333333	0.013333333333333334	0.4533333333333333	0.0	22	20	1	19	0
OG0000170	AL1G65170	99	56	2	41	0	0.5656565656565656	0.020202020202020204	0.41414141414141414	0.0	22	21	2	18	0
OG0000170	AL2G18420	121	12	0	109	0	0.09917355371900827	0.0	0.9008264462809917	0.0	22	10	0	22	0
OG0000170	AL2G23340	141	141	0	0	0	1.0	0.0	0.0	0.0	22	22	0	0	0
OG0000170	AL3G37720	157	17	0	140	0	0.10828025477707007	0.0	0.89171974522293	0.0	22	11	0	22	0
OG0000170	AL3G38140	174	12	60	102	0	0.06896551724137931	0.3448275862068966	0.5862068965517241	0.0	22	11	19	22	0
OG0000170	AL4G24150	182	13	48	121	0	0.07142857142857142	0.26373626373626374	0.6648351648351648	0.0	22	10	19	22	0
OG0000170	AL5G12220	243	23	118	102	0	0.09465020576131687	0.48559670781893005	0.41975308641975306	0.0	22	15	22	19	0
OG0000170	AL5G19650	20	3	0	17	0	0.15	0.0	0.85	0.0	20	3	0	17	0
OG0000170	AL5G23180	271	37	175	59	0	0.13653136531365315	0.6457564575645757	0.2177121771217712	0.0	22	18	22	7	0
OG0000170	AL6G42710	297	30	16	251	0	0.10101010101010101	0.05387205387205387	0.8451178451178452	0.0	22	17	10	22	0
OG0000170	AL6G47390	292	58	188	46	0	0.19863013698630136	0.6438356164383562	0.15753424657534246	0.0	22	19	22	19	0
OG0000170	AL77U10040	328	32	55	241	0	0.0975609756097561	0.1676829268292683	0.7347560975609756	0.0	22	19	20	22	0
OG0000170	AL8G10130	27	0	0	0	27	0.0	0.0	0.0	1.0	16	0	0	0	16
OG0000170	AL8G13660	44	5	0	39	0	0.11363636363636363	0.0	0.8863636363636364	0.0	20	4	0	18	0
OG0000170	AL8G20430	357	34	85	238	0	0.09523809523809523	0.23809523809523808	0.6666666666666666	0.0	22	17	20	22	0
OG0000170	AL8G23090	271	44	40	187	0	0.16236162361623616	0.14760147601476015	0.6900369003690037	0.0	22	18	20	22	0
OG0000170	AL8G45390	226	32	144	50	0	0.1415929203539823	0.6371681415929203	0.22123893805309736	0.0	23	16	22	5	0
OG0000170	AL9U10210	331	31	14	286	0	0.09365558912386707	0.04229607250755287	0.8640483383685801	0.0	22	17	11	22	0
OG0000182	AL1G53500	15	3	0	12	0	0.2	0.0	0.8	0.0	15	3	0	12	0
OG0000182	AL1G53520	14	6	0	8	0	0.42857142857142855	0.0	0.5714285714285714	0.0	14	6	0	8	0
OG0000182	AL1G53540	20	7	0	13	0	0.35	0.0	0.65	0.0	20	7	0	13	0
OG0000182	AL3G47440	22	21	0	1	0	0.9545454545454546	0.0	0.045454545454545456	0.0	22	21	0	1	0
OG0000182	AL3G52270	43	25	12	6	0	0.5813953488372093	0.27906976744186046	0.13953488372093023	0.0	22	17	11	4	0
OG0000182	AL3G52280	22	10	0	12	0	0.45454545454545453	0.0	0.5454545454545454	0.0	22	10	0	12	0
OG0000182	AL3G52290	22	20	0	0	2	0.9090909090909091	0.0	0.0	0.09090909090909091	22	20	0	0	2
OG0000182	AL4G10320	23	7	0	16	0	0.30434782608695654	0.0	0.6956521739130435	0.0	22	7	0	16	0
OG0000182	AL4G13020	22	6	0	16	0	0.2727272727272727	0.0	0.7272727272727273	0.0	22	6	0	16	0
OG0000182	AL5G12460	21	11	8	2	0	0.5238095238095238	0.38095238095238093	0.09523809523809523	0.0	21	11	8	2	0
OG0000182	AL5G12470	42	26	1	15	0	0.6190476190476191	0.023809523809523808	0.35714285714285715	0.0	21	18	1	15	0
OG0000182	AL5G12480	37	23	10	4	0	0.6216216216216216	0.2702702702702703	0.10810810810810811	0.0	21	18	10	4	0
OG0000182	AL5G12490	31	15	3	13	0	0.4838709677419355	0.0967741935483871	0.41935483870967744	0.0	22	12	3	13	0
OG0000182	AL5G19300	68	66	0	0	2	0.9705882352941176	0.0	0.0	0.029411764705882353	22	22	0	0	2
OG0000182	AL9U10990	14	6	4	4	0	0.42857142857142855	0.2857142857142857	0.2857142857142857	0.0	13	5	4	4	0
OG0000182	AL9U11000	11	1	0	9	1	0.09090909090909091	0.0	0.8181818181818182	0.09090909090909091	11	1	0	9	1
OG0000184	AL199U10010	15	4	1	10	0	0.26666666666666666	0.06666666666666667	0.6666666666666666	0.0	15	4	1	10	0
OG0000184	AL3G40650	22	4	15	3	0	0.18181818181818182	0.6818181818181818	0.13636363636363635	0.0	22	4	15	3	0
OG0000184	AL3G40700	44	44	0	0	0	1.0	0.0	0.0	0.0	22	22	0	0	0
OG0000184	AL3G40730	61	61	0	0	0	1.0	0.0	0.0	0.0	22	22	0	0	0
OG0000184	AL3G41940	55	52	2	1	0	0.9454545454545454	0.03636363636363636	0.01818181818181818	0.0	22	21	2	1	0
OG0000184	AL4G16860	21	5	0	16	0	0.23809523809523808	0.0	0.7619047619047619	0.0	21	5	0	16	0
OG0000184	AL4G28600	22	4	1	17	0	0.18181818181818182	0.045454545454545456	0.7727272727272727	0.0	22	4	1	17	0
OG0000184	AL4G28610	22	16	1	5	0	0.7272727272727273	0.045454545454545456	0.22727272727272727	0.0	22	16	1	5	0
OG0000184	AL4G28630	20	17	1	2	0	0.85	0.05	0.1	0.0	19	16	1	2	0
OG0000184	AL4G28950	22	5	1	16	0	0.22727272727272727	0.045454545454545456	0.7272727272727273	0.0	22	5	1	16	0
OG0000184	AL7G37050	22	20	0	1	1	0.9090909090909091	0.0	0.045454545454545456	0.045454545454545456	22	20	0	1	1
OG0000185	AL6G46030	21	2	18	1	0	0.09523809523809523	0.8571428571428571	0.047619047619047616	0.0	21	2	18	1	0
OG0000185	AL7G30210	20	4	3	10	3	0.2	0.15	0.5	0.15	20	4	3	10	3
OG0000185	AL7G30250	28	22	0	3	3	0.7857142857142857	0.0	0.10714285714285714	0.10714285714285714	21	17	0	3	3
OG0000185	AL7G30290	22	22	0	0	0	1.0	0.0	0.0	0.0	22	22	0	0	0
OG0000185	AL7G30330	19	19	0	0	0	1.0	0.0	0.0	0.0	19	19	0	0	0
OG0000185	AL7G30340	21	21	0	0	0	1.0	0.0	0.0	0.0	21	21	0	0	0
OG0000186	AL4G14050	17	0	0	0	17	0.0	0.0	0.0	1.0	17	0	0	0	17
OG0000186	AL8G21750	22	0	0	4	18	0.0	0.0	0.18181818181818182	0.8181818181818182	22	0	0	4	18
OG0000188	AL1G21870	22	1	0	21	0	0.045454545454545456	0.0	0.9545454545454546	0.0	22	1	0	21	0
OG0000188	AL1G35700	22	10	0	9	3	0.45454545454545453	0.0	0.4090909090909091	0.13636363636363635	22	10	0	9	3
OG0000188	AL1G39630	22	11	0	11	0	0.5	0.0	0.5	0.0	22	11	0	11	0
OG0000188	AL1G40180	22	22	0	0	0	1.0	0.0	0.0	0.0	22	22	0	0	0
OG0000188	AL275U10020	22	2	16	4	0	0.09090909090909091	0.7272727272727273	0.18181818181818182	0.0	22	2	16	4	0
OG0000188	AL2G13920	22	2	0	20	0	0.09090909090909091	0.0	0.9090909090909091	0.0	22	2	0	20	0
OG0000188	AL2G18650	19	16	0	1	2	0.8421052631578947	0.0	0.05263157894736842	0.10526315789473684	19	16	0	1	2
OG0000188	AL3G25690	22	3	0	19	0	0.13636363636363635	0.0	0.8636363636363636	0.0	22	3	0	19	0
OG0000188	AL3G25710	21	3	0	18	0	0.14285714285714285	0.0	0.8571428571428571	0.0	21	3	0	18	0
OG0000188	AL3G25930	9	2	1	6	0	0.2222222222222222	0.1111111111111111	0.6666666666666666	0.0	9	2	1	6	0
OG0000188	AL3G27510	22	11	0	11	0	0.5	0.0	0.5	0.0	22	11	0	11	0
OG0000188	AL3G33320	13	13	0	0	0	1.0	0.0	0.0	0.0	10	10	0	0	0
OG0000188	AL3G33370	8	0	0	8	0	0.0	0.0	1.0	0.0	8	0	0	8	0
OG0000188	AL3G33690	39	16	0	0	23	0.41025641025641024	0.0	0.0	0.5897435897435898	22	16	0	0	22
OG0000188	AL3G33700	22	17	0	3	2	0.7727272727272727	0.0	0.13636363636363635	0.09090909090909091	22	17	0	3	2
OG0000188	AL3G40230	19	6	0	13	0	0.3157894736842105	0.0	0.6842105263157895	0.0	19	6	0	13	0
OG0000188	AL3G51580	22	20	0	2	0	0.9090909090909091	0.0	0.09090909090909091	0.0	22	20	0	2	0
OG0000188	AL5G24990	19	5	0	14	0	0.2631578947368421	0.0	0.7368421052631579	0.0	19	5	0	14	0
OG0000188	AL8G25210	19	16	1	2	0	0.8421052631578947	0.05263157894736842	0.10526315789473684	0.0	19	16	1	2	0
OG0000192	AL4G19930	20	2	5	13	0	0.1	0.25	0.65	0.0	20	2	5	13	0
OG0000192	AL7G50110	22	0	0	22	0	0.0	0.0	1.0	0.0	22	0	0	22	0
OG0000196	AL3G26950	21	2	1	18	0	0.09523809523809523	0.047619047619047616	0.8571428571428571	0.0	21	2	1	18	0
OG0000196	AL3G26960	22	1	0	21	0	0.045454545454545456	0.0	0.9545454545454546	0.0	22	1	0	21	0
OG0000196	AL3G26980	20	4	0	16	0	0.2	0.0	0.8	0.0	20	4	0	16	0
OG0000196	AL3G27000	22	4	0	18	0	0.18181818181818182	0.0	0.8181818181818182	0.0	22	4	0	18	0
OG0000199	AL1G53940	23	1	1	21	0	0.043478260869565216	0.043478260869565216	0.9130434782608695	0.0	23	1	1	21	0
OG0000199	AL1G61300	22	1	0	21	0	0.045454545454545456	0.0	0.9545454545454546	0.0	22	1	0	21	0
OG0000199	AL3G23600	43	21	1	21	0	0.4883720930232558	0.023255813953488372	0.4883720930232558	0.0	23	21	1	21	0
OG0000199	AL5G13870	22	0	2	20	0	0.0	0.09090909090909091	0.9090909090909091	0.0	22	0	2	20	0
OG0000199	AL5G13880	44	2	11	31	0	0.045454545454545456	0.25	0.7045454545454546	0.0	22	2	9	20	0
OG0000199	AL5G13890	64	0	4	60	0	0.0	0.0625	0.9375	0.0	22	0	3	22	0
OG0000199	AL5G13900	55	55	0	0	0	1.0	0.0	0.0	0.0	22	22	0	0	0
OG0000199	AL5G13910	98	4	4	90	0	0.04081632653061224	0.04081632653061224	0.9183673469387755	0.0	22	4	4	22	0
OG0000199	AL9U10560	22	0	0	22	0	0.0	0.0	1.0	0.0	22	0	0	22	0
OG0000200	AL4G22240	22	22	0	0	0	1.0	0.0	0.0	0.0	22	22	0	0	0
OG0000200	AL7G47540	21	21	0	0	0	1.0	0.0	0.0	0.0	20	20	0	0	0
OG0000200	AL7G47550	44	44	0	0	0	1.0	0.0	0.0	0.0	22	22	0	0	0
OG0000200	AL7G47570	58	58	0	0	0	1.0	0.0	0.0	0.0	21	21	0	0	0
OG0000200	AL7G47590	22	22	0	0	0	1.0	0.0	0.0	0.0	17	17	0	0	0
OG0000200	AL7G47600	93	93	0	0	0	1.0	0.0	0.0	0.0	22	22	0	0	0
OG0000200	AL7G47850	19	18	0	1	0	0.9473684210526315	0.0	0.05263157894736842	0.0	17	16	0	1	0
OG0000200	AL7G47870	20	18	0	2	0	0.9	0.0	0.1	0.0	20	18	0	2	0
OG0000200	AL7G47890	18	16	0	2	0	0.8888888888888888	0.0	0.1111111111111111	0.0	18	16	0	2	0
OG0000200	AL7G48650	17	17	0	0	0	1.0	0.0	0.0	0.0	17	17	0	0	0
OG0000200	AL7G48660	21	21	0	0	0	1.0	0.0	0.0	0.0	21	21	0	0	0
OG0000200	AL7G48670	17	1	0	15	1	0.058823529411764705	0.0	0.8823529411764706	0.058823529411764705	17	1	0	15	1
OG0000202	AL5G24542	20	20	0	0	0	1.0	0.0	0.0	0.0	20	20	0	0	0
OG0000202	AL7G30310	20	7	1	12	0	0.35	0.05	0.6	0.0	20	7	1	12	0
OG0000202	AL7G30350	21	7	2	12	0	0.3333333333333333	0.09523809523809523	0.5714285714285714	0.0	21	7	2	12	0
OG0000206	AL1G52660	20	16	0	3	1	0.8	0.0	0.15	0.05	20	16	0	3	1
OG0000206	AL7G38360	21	3	0	18	0	0.14285714285714285	0.0	0.8571428571428571	0.0	21	3	0	18	0
OG0000206	AL7G38390	7	0	2	5	0	0.0	0.2857142857142857	0.7142857142857143	0.0	5	0	2	3	0
OG0000206	AL7G46040	22	2	1	19	0	0.09090909090909091	0.045454545454545456	0.8636363636363636	0.0	22	2	1	19	0
OG0000206	AL7G46050	22	8	0	14	0	0.36363636363636365	0.0	0.6363636363636364	0.0	22	8	0	14	0
OG0000206	AL7G46150	21	2	0	19	0	0.09523809523809523	0.0	0.9047619047619048	0.0	21	2	0	19	0
OG0000206	AL7G46160	21	1	0	20	0	0.047619047619047616	0.0	0.9523809523809523	0.0	21	1	0	20	0
OG0000207	AL5G28190	22	22	0	0	0	1.0	0.0	0.0	0.0	22	22	0	0	0
OG0000207	AL5G28350	16	10	1	5	0	0.625	0.0625	0.3125	0.0	16	10	1	5	0
OG0000207	AL7G46090	10	7	0	3	0	0.7	0.0	0.3	0.0	10	7	0	3	0
OG0000207	AL7G46120	16	16	0	0	0	1.0	0.0	0.0	0.0	16	16	0	0	0
OG0000207	AL7G47660	22	22	0	0	0	1.0	0.0	0.0	0.0	22	22	0	0	0
OG0000207	AL7G48270	22	22	0	0	0	1.0	0.0	0.0	0.0	22	22	0	0	0
OG0000207	AL7G48800	5	5	0	0	0	1.0	0.0	0.0	0.0	5	5	0	0	0
OG0000207	AL7G49110	22	22	0	0	0	1.0	0.0	0.0	0.0	22	22	0	0	0
OG0000207	AL7G49130	22	22	0	0	0	1.0	0.0	0.0	0.0	18	18	0	0	0
OG0000207	AL7G49150	34	12	0	0	22	0.35294117647058826	0.0	0.0	0.6470588235294118	22	8	0	0	21
OG0000207	AL7G49680	21	10	0	0	11	0.47619047619047616	0.0	0.0	0.5238095238095238	20	9	0	0	11
OG0000207	AL7G49700	16	16	0	0	0	1.0	0.0	0.0	0.0	14	14	0	0	0
OG0000207	AL7G49950	23	23	0	0	0	1.0	0.0	0.0	0.0	22	22	0	0	0
OG0000210	AL1G64890	22	22	0	0	0	1.0	0.0	0.0	0.0	22	22	0	0	0
OG0000210	AL2G34080	22	22	0	0	0	1.0	0.0	0.0	0.0	22	22	0	0	0
OG0000210	AL4G16880	17	5	0	11	1	0.29411764705882354	0.0	0.6470588235294118	0.058823529411764705	17	5	0	11	1
OG0000213	AL3G24070	22	3	0	19	0	0.13636363636363635	0.0	0.8636363636363636	0.0	22	3	0	19	0
OG0000213	AL3G24080	22	22	0	0	0	1.0	0.0	0.0	0.0	22	22	0	0	0
OG0000213	AL3G24090	22	0	0	0	22	0.0	0.0	0.0	1.0	22	0	0	0	22
OG0000213	AL3G24100	22	2	1	19	0	0.09090909090909091	0.045454545454545456	0.8636363636363636	0.0	22	2	1	19	0
OG0000213	AL3G53960	14	7	1	6	0	0.5	0.07142857142857142	0.42857142857142855	0.0	14	7	1	6	0
OG0000213	AL4G22960	19	19	0	0	0	1.0	0.0	0.0	0.0	19	19	0	0	0
OG0000213	AL4G27870	20	0	0	0	20	0.0	0.0	0.0	1.0	20	0	0	0	20
OG0000213	AL4G32200	21	0	0	0	21	0.0	0.0	0.0	1.0	21	0	0	0	21
OG0000217	AL320U10010	21	21	0	0	0	1.0	0.0	0.0	0.0	21	21	0	0	0
OG0000217	AL6G45160	31	31	0	0	0	1.0	0.0	0.0	0.0	22	22	0	0	0
OG0000217	AL6G49050	22	22	0	0	0	1.0	0.0	0.0	0.0	22	22	0	0	0
OG0000217	AL6G49084	42	42	0	0	0	1.0	0.0	0.0	0.0	22	22	0	0	0
OG0000217	AL6G49090	21	21	0	0	0	1.0	0.0	0.0	0.0	21	21	0	0	0
OG0000217	AL6G49140	13	13	0	0	0	1.0	0.0	0.0	0.0	13	13	0	0	0
OG0000217	AL6G49150	22	22	0	0	0	1.0	0.0	0.0	0.0	22	22	0	0	0
OG0000217	AL8G26930	22	22	0	0	0	1.0	0.0	0.0	0.0	22	22	0	0	0
OG0000217	AL9U10540	22	22	0	0	0	1.0	0.0	0.0	0.0	22	22	0	0	0
OG0000217	AL9U10550	19	15	0	4	0	0.7894736842105263	0.0	0.21052631578947367	0.0	19	15	0	4	0
OG0000220	AL1G60840	17	3	7	7	0	0.17647058823529413	0.4117647058823529	0.4117647058823529	0.0	17	3	7	7	0
OG0000220	AL6G37030	22	0	2	20	0	0.0	0.09090909090909091	0.9090909090909091	0.0	22	0	2	20	0
OG0000220	AL7G30780	22	2	0	20	0	0.09090909090909091	0.0	0.9090909090909091	0.0	22	2	0	20	0
OG0000220	AL7G31470	21	21	0	0	0	1.0	0.0	0.0	0.0	21	21	0	0	0
OG0000220	AL7G31480	21	1	0	20	0	0.047619047619047616	0.0	0.9523809523809523	0.0	21	1	0	20	0
OG0000220	AL7G31490	26	10	1	15	0	0.38461538461538464	0.038461538461538464	0.5769230769230769	0.0	22	10	1	15	0
OG0000220	AL7G31500	42	24	6	12	0	0.5714285714285714	0.14285714285714285	0.2857142857142857	0.0	22	21	5	12	0
OG0000220	AL7G31510	22	2	17	2	1	0.09090909090909091	0.7727272727272727	0.09090909090909091	0.045454545454545456	22	2	17	2	1
OG0000220	AL7G31520	22	22	0	0	0	1.0	0.0	0.0	0.0	22	22	0	0	0
OG0000220	AL8G44570	22	1	1	20	0	0.045454545454545456	0.045454545454545456	0.9090909090909091	0.0	22	1	1	20	0
OG0000224	AL3G49830	14	10	0	4	0	0.7142857142857143	0.0	0.2857142857142857	0.0	14	10	0	4	0
OG0000224	AL9U10150	34	34	0	0	0	1.0	0.0	0.0	0.0	21	21	0	0	0
OG0000228	AL3G46810	19	3	0	13	3	0.15789473684210525	0.0	0.6842105263157895	0.15789473684210525	19	3	0	13	3
OG0000228	AL3G46820	12	9	0	3	0	0.75	0.0	0.25	0.0	12	9	0	3	0
OG0000228	AL7G45500	21	21	0	0	0	1.0	0.0	0.0	0.0	21	21	0	0	0
OG0000242	AL1G25630	19	19	0	0	0	1.0	0.0	0.0	0.0	19	19	0	0	0
OG0000242	AL1G48230	20	20	0	0	0	1.0	0.0	0.0	0.0	20	20	0	0	0
OG0000242	AL3G11550	21	1	1	19	0	0.047619047619047616	0.047619047619047616	0.9047619047619048	0.0	21	1	1	19	0
OG0000242	AL3G38420	22	18	0	4	0	0.8181818181818182	0.0	0.18181818181818182	0.0	22	18	0	4	0
OG0000242	AL6G12550	19	19	0	0	0	1.0	0.0	0.0	0.0	19	19	0	0	0
OG0000242	AL6G12860	15	14	0	0	1	0.9333333333333333	0.0	0.0	0.06666666666666667	15	14	0	0	1
OG0000242	AL6G12880	41	41	0	0	0	1.0	0.0	0.0	0.0	22	22	0	0	0
OG0000242	AL6G12890	20	20	0	0	0	1.0	0.0	0.0	0.0	20	20	0	0	0
OG0000242	AL6G12910	36	20	10	6	0	0.5555555555555556	0.2777777777777778	0.16666666666666666	0.0	19	14	10	6	0
OG0000242	AL777U10010	19	18	0	0	1	0.9473684210526315	0.0	0.0	0.05263157894736842	19	18	0	0	1
OG0000253	AL6G47530	22	4	6	12	0	0.18181818181818182	0.2727272727272727	0.5454545454545454	0.0	22	4	6	12	0
OG0000253	AL6G47540	35	35	0	0	0	1.0	0.0	0.0	0.0	22	22	0	0	0
OG0000253	AL7G11590	22	1	1	20	0	0.045454545454545456	0.045454545454545456	0.9090909090909091	0.0	22	1	1	20	0
OG0000253	AL7G11600	22	2	0	20	0	0.09090909090909091	0.0	0.9090909090909091	0.0	22	2	0	20	0
OG0000253	AL7G11690	22	0	0	22	0	0.0	0.0	1.0	0.0	22	0	0	22	0
OG0000253	AL8G15990	21	10	0	11	0	0.47619047619047616	0.0	0.5238095238095238	0.0	21	10	0	11	0
OG0000253	AL8G23920	9	1	0	7	1	0.1111111111111111	0.0	0.7777777777777778	0.1111111111111111	9	1	0	7	1
OG0000253	AL9U11020	22	1	1	20	0	0.045454545454545456	0.045454545454545456	0.9090909090909091	0.0	22	1	1	20	0
OG0000255	AL1G50240	20	16	0	0	4	0.8	0.0	0.0	0.2	20	16	0	0	4
OG0000255	AL1G55600	38	36	0	0	2	0.9473684210526315	0.0	0.0	0.05263157894736842	20	20	0	0	2
OG0000255	AL2G19950	55	30	0	25	0	0.5454545454545454	0.0	0.45454545454545453	0.0	20	17	0	16	0
OG0000255	AL3G51040	66	66	0	0	0	1.0	0.0	0.0	0.0	20	20	0	0	0
OG0000255	AL3G51050	41	41	0	0	0	1.0	0.0	0.0	0.0	21	21	0	0	0
OG0000255	AL5G12680	32	32	0	0	0	1.0	0.0	0.0	0.0	20	20	0	0	0
OG0000255	AL5G29740	81	81	0	0	0	1.0	0.0	0.0	0.0	20	20	0	0	0
OG0000255	AL6G34520	88	88	0	0	0	1.0	0.0	0.0	0.0	20	20	0	0	0
OG0000255	AL6G41950	101	62	1	38	0	0.6138613861386139	0.009900990099009901	0.37623762376237624	0.0	20	17	1	17	0
OG0000255	AL7G11670	99	95	0	0	4	0.9595959595959596	0.0	0.0	0.04040404040404041	21	21	0	0	3
OG0000255	AL8G17270	108	103	0	0	5	0.9537037037037037	0.0	0.0	0.046296296296296294	21	21	0	0	5
OG0000255	AL8G18820	126	68	7	51	0	0.5396825396825397	0.05555555555555555	0.40476190476190477	0.0	22	18	6	17	0
OG0000255	AL8G20940	118	110	0	0	8	0.9322033898305084	0.0	0.0	0.06779661016949153	21	21	0	0	6
OG0000255	AL8G20950	86	86	0	0	0	1.0	0.0	0.0	0.0	23	23	0	0	0
OG0000258	AL1G54030	20	13	0	4	3	0.65	0.0	0.2	0.15	20	13	0	4	3
OG0000258	AL3G29670	22	0	0	22	0	0.0	0.0	1.0	0.0	22	0	0	22	0
OG0000258	AL3G29750	22	13	4	5	0	0.5909090909090909	0.18181818181818182	0.22727272727272727	0.0	22	13	4	5	0
OG0000258	AL3G29760	16	9	2	5	0	0.5625	0.125	0.3125	0.0	16	9	2	5	0
OG0000258	AL3G29770	37	34	0	3	0	0.918918918918919	0.0	0.08108108108108109	0.0	22	22	0	3	0
OG0000258	AL3G29780	23	7	6	10	0	0.30434782608695654	0.2608695652173913	0.43478260869565216	0.0	21	7	6	10	0
OG0000258	AL3G30470	14	11	0	3	0	0.7857142857142857	0.0	0.21428571428571427	0.0	14	11	0	3	0
OG0000258	AL3G30700	20	0	0	0	20	0.0	0.0	0.0	1.0	20	0	0	0	20
OG0000258	AL3G30730	22	4	1	17	0	0.18181818181818182	0.045454545454545456	0.7727272727272727	0.0	22	4	1	17	0
OG0000258	AL3G30850	22	6	0	15	1	0.2727272727272727	0.0	0.6818181818181818	0.045454545454545456	22	6	0	15	1
OG0000258	AL3G53140	22	0	0	22	0	0.0	0.0	1.0	0.0	22	0	0	22	0
OG0000258	AL3G53160	22	0	0	22	0	0.0	0.0	1.0	0.0	22	0	0	22	0
OG0000258	AL4G21820	22	11	0	11	0	0.5	0.0	0.5	0.0	22	11	0	11	0
OG0000261	AL1G29380	22	2	0	20	0	0.09090909090909091	0.0	0.9090909090909091	0.0	22	2	0	20	0
OG0000261	AL1G51540	23	23	0	0	0	1.0	0.0	0.0	0.0	23	23	0	0	0
OG0000261	AL1G53450	12	0	8	4	0	0.0	0.6666666666666666	0.3333333333333333	0.0	12	0	8	4	0
OG0000261	AL4G38120	22	1	1	20	0	0.045454545454545456	0.045454545454545456	0.9090909090909091	0.0	22	1	1	20	0
OG0000261	AL6G43180	44	44	0	0	0	1.0	0.0	0.0	0.0	22	22	0	0	0
OG0000264	AL3G52210	22	21	0	1	0	0.9545454545454546	0.0	0.045454545454545456	0.0	22	21	0	1	0
OG0000264	AL6G16720	48	48	0	0	0	1.0	0.0	0.0	0.0	22	22	0	0	0
OG0000264	AL6G16730	29	29	0	0	0	1.0	0.0	0.0	0.0	21	21	0	0	0
OG0000264	AL7G42530	21	1	0	20	0	0.047619047619047616	0.0	0.9523809523809523	0.0	21	1	0	20	0
OG0000264	AL8G22510	45	45	0	0	0	1.0	0.0	0.0	0.0	22	22	0	0	0
OG0000264	AL8G22520	32	23	5	4	0	0.71875	0.15625	0.125	0.0	22	22	5	4	0
OG0000264	AL9U10270	15	15	0	0	0	1.0	0.0	0.0	0.0	15	15	0	0	0
OG0000266	AL6G28990	10	1	2	7	0	0.1	0.2	0.7	0.0	10	1	2	7	0
OG0000266	AL7G14900	1	0	0	1	0	0.0	0.0	1.0	0.0	1	0	0	1	0
OG0000266	AL8G13580	19	19	0	0	0	1.0	0.0	0.0	0.0	19	19	0	0	0
OG0000266	AL8G13620	2	2	0	0	0	1.0	0.0	0.0	0.0	2	2	0	0	0
OG0000266	AL8G13710	20	14	0	0	6	0.7	0.0	0.0	0.3	20	14	0	0	6
OG0000266	AL8G13740	10	2	0	0	8	0.2	0.0	0.0	0.8	10	2	0	0	8
OG0000266	AL8G14230	21	18	0	0	3	0.8571428571428571	0.0	0.0	0.14285714285714285	21	18	0	0	3
OG0000266	AL8G14320	3	3	0	0	0	1.0	0.0	0.0	0.0	3	3	0	0	0
OG0000266	AL8G14370	21	6	5	10	0	0.2857142857142857	0.23809523809523808	0.47619047619047616	0.0	19	5	5	10	0
OG0000269	AL5G15330	22	1	0	8	13	0.045454545454545456	0.0	0.36363636363636365	0.5909090909090909	22	1	0	8	13
OG0000269	AL6G11580	10	4	2	4	0	0.4	0.2	0.4	0.0	10	4	2	4	0
OG0000271	AL4G22760	22	22	0	0	0	1.0	0.0	0.0	0.0	22	22	0	0	0
OG0000271	AL8G38700	22	2	6	14	0	0.09090909090909091	0.2727272727272727	0.6363636363636364	0.0	22	2	6	14	0
OG0000271	AL8G38710	24	2	1	21	0	0.08333333333333333	0.041666666666666664	0.875	0.0	22	2	1	21	0
OG0000272	AL5G28620	22	8	1	3	10	0.36363636363636365	0.045454545454545456	0.13636363636363635	0.45454545454545453	22	8	1	3	10
OG0000276	AL4G21390	16	14	0	0	2	0.875	0.0	0.0	0.125	16	14	0	0	2
OG0000276	AL5G19410	22	22	0	0	0	1.0	0.0	0.0	0.0	22	22	0	0	0
OG0000276	AL5G20510	24	0	0	0	24	0.0	0.0	0.0	1.0	22	0	0	0	22
OG0000276	AL5G33480	13	1	0	0	12	0.07692307692307693	0.0	0.0	0.9230769230769231	12	1	0	0	11
OG0000276	AL6G53270	29	19	2	4	4	0.6551724137931034	0.06896551724137931	0.13793103448275862	0.13793103448275862	18	14	2	4	4
OG0000276	AL7G43230	38	27	0	8	3	0.7105263157894737	0.0	0.21052631578947367	0.07894736842105263	17	16	0	7	3
OG0000276	AL8G30870	24	21	0	1	2	0.875	0.0	0.041666666666666664	0.08333333333333333	22	21	0	1	1
OG0000297	AL7G34270	22	11	0	11	0	0.5	0.0	0.5	0.0	22	11	0	11	0
OG0000297	AL7G34280	21	10	0	11	0	0.47619047619047616	0.0	0.5238095238095238	0.0	21	10	0	11	0
OG0000297	AL7G34290	12	1	0	10	1	0.08333333333333333	0.0	0.8333333333333334	0.08333333333333333	12	1	0	10	1
OG0000298	AL1G49040	22	5	0	17	0	0.22727272727272727	0.0	0.7727272727272727	0.0	22	5	0	17	0
OG0000298	AL8G30880	22	6	0	16	0	0.2727272727272727	0.0	0.7272727272727273	0.0	22	6	0	16	0
OG0000298	AL8G30890	22	1	0	21	0	0.045454545454545456	0.0	0.9545454545454546	0.0	22	1	0	21	0
OG0000298	AL8G30900	22	1	0	21	0	0.045454545454545456	0.0	0.9545454545454546	0.0	22	1	0	21	0
OG0000298	AL8G30920	22	21	0	0	1	0.9545454545454546	0.0	0.0	0.045454545454545456	22	21	0	0	1
OG0000299	AL1G38150	22	0	2	20	0	0.0	0.09090909090909091	0.9090909090909091	0.0	22	0	2	20	0
OG0000299	AL1G52750	23	1	0	22	0	0.043478260869565216	0.0	0.9565217391304348	0.0	23	1	0	22	0
OG0000299	AL1G52760	19	17	0	2	0	0.8947368421052632	0.0	0.10526315789473684	0.0	19	17	0	2	0
OG0000299	AL1G52780	6	0	0	6	0	0.0	0.0	1.0	0.0	6	0	0	6	0
OG0000299	AL3G19810	22	11	0	11	0	0.5	0.0	0.5	0.0	22	11	0	11	0
OG0000299	AL3G21160	22	3	1	18	0	0.13636363636363635	0.045454545454545456	0.8181818181818182	0.0	22	3	1	18	0
OG0000299	AL3G21170	22	1	2	19	0	0.045454545454545456	0.09090909090909091	0.8636363636363636	0.0	22	1	2	19	0
OG0000299	AL3G23410	22	7	1	14	0	0.3181818181818182	0.045454545454545456	0.6363636363636364	0.0	22	7	1	14	0
OG0000299	AL3G28900	22	2	0	0	20	0.09090909090909091	0.0	0.0	0.9090909090909091	22	2	0	0	20
OG0000299	AL4G24660	26	18	0	0	8	0.6923076923076923	0.0	0.0	0.3076923076923077	21	18	0	0	6
OG0000299	AL5G29830	14	3	0	11	0	0.21428571428571427	0.0	0.7857142857142857	0.0	13	2	0	11	0
OG0000299	AL7G51860	22	1	1	20	0	0.045454545454545456	0.045454545454545456	0.9090909090909091	0.0	22	1	1	20	0
OG0000299	AL7G51870	21	5	1	15	0	0.23809523809523808	0.047619047619047616	0.7142857142857143	0.0	21	5	1	15	0
OG0000299	AL8G27500	21	7	3	11	0	0.3333333333333333	0.14285714285714285	0.5238095238095238	0.0	21	7	3	11	0
OG0000319	AL2G32480	22	10	1	11	0	0.45454545454545453	0.045454545454545456	0.5	0.0	22	10	1	11	0
OG0000319	AL2G32490	11	0	0	3	8	0.0	0.0	0.2727272727272727	0.7272727272727273	11	0	0	3	8
OG0000320	AL3G14170	18	14	0	4	0	0.7777777777777778	0.0	0.2222222222222222	0.0	18	14	0	4	0
OG0000320	AL4G22780	19	7	0	0	12	0.3684210526315789	0.0	0.0	0.631578947368421	19	7	0	0	12
OG0000325	AL5G29310	22	3	5	14	0	0.13636363636363635	0.22727272727272727	0.6363636363636364	0.0	22	3	5	14	0
OG0000325	AL5G29320	20	2	0	18	0	0.1	0.0	0.9	0.0	20	2	0	18	0
OG0000325	AL5G29340	41	3	10	28	0	0.07317073170731707	0.24390243902439024	0.6829268292682927	0.0	22	3	9	17	0
OG0000329	AL8G12890	11	2	0	9	0	0.18181818181818182	0.0	0.8181818181818182	0.0	11	2	0	9	0
OG0000338	AL1G22300	22	19	0	3	0	0.8636363636363636	0.0	0.13636363636363635	0.0	22	19	0	3	0
OG0000338	AL1G22320	20	5	0	15	0	0.25	0.0	0.75	0.0	20	5	0	15	0
OG0000338	AL1G22350	19	19	0	0	0	1.0	0.0	0.0	0.0	19	19	0	0	0
OG0000338	AL1G23150	22	2	0	20	0	0.09090909090909091	0.0	0.9090909090909091	0.0	22	2	0	20	0
OG0000338	AL1G25470	22	20	0	2	0	0.9090909090909091	0.0	0.09090909090909091	0.0	22	20	0	2	0
OG0000338	AL1G37130	22	22	0	0	0	1.0	0.0	0.0	0.0	22	22	0	0	0
OG0000338	AL1G58940	22	1	8	12	1	0.045454545454545456	0.36363636363636365	0.5454545454545454	0.045454545454545456	22	1	8	12	1
OG0000338	AL4G18870	21	7	2	12	0	0.3333333333333333	0.09523809523809523	0.5714285714285714	0.0	21	7	2	12	0
OG0000338	AL5G16800	21	9	0	12	0	0.42857142857142855	0.0	0.5714285714285714	0.0	21	9	0	12	0
OG0000338	AL5G38780	22	3	2	17	0	0.13636363636363635	0.09090909090909091	0.7727272727272727	0.0	22	3	2	17	0
OG0000338	AL5G38790	43	43	0	0	0	1.0	0.0	0.0	0.0	22	22	0	0	0
OG0000338	AL8G23030	44	23	1	20	0	0.5227272727272727	0.022727272727272728	0.45454545454545453	0.0	22	20	1	19	0
OG0000339	AL1G14840	16	0	3	13	0	0.0	0.1875	0.8125	0.0	16	0	3	13	0
OG0000339	AL2G12050	20	3	1	16	0	0.15	0.05	0.8	0.0	20	3	1	16	0
OG0000339	AL4G24690	13	12	0	0	1	0.9230769230769231	0.0	0.0	0.07692307692307693	13	12	0	0	1
OG0000339	AL4G25900	22	22	0	0	0	1.0	0.0	0.0	0.0	22	22	0	0	0
OG0000339	AL6G35130	22	2	0	20	0	0.09090909090909091	0.0	0.9090909090909091	0.0	22	2	0	20	0
OG0000339	AL6G36280	22	3	1	0	18	0.13636363636363635	0.045454545454545456	0.0	0.8181818181818182	22	3	1	0	18
OG0000339	AL7G27750	17	3	6	8	0	0.17647058823529413	0.35294117647058826	0.47058823529411764	0.0	17	3	6	8	0
OG0000339	AL7G48980	19	0	0	0	19	0.0	0.0	0.0	1.0	19	0	0	0	19
OG0000339	AL7G48990	20	20	0	0	0	1.0	0.0	0.0	0.0	20	20	0	0	0
OG0000339	AL7G49240	21	21	0	0	0	1.0	0.0	0.0	0.0	21	21	0	0	0
OG0000339	AL8G15660	21	8	1	12	0	0.38095238095238093	0.047619047619047616	0.5714285714285714	0.0	21	8	1	12	0
OG0000343	AL1G56710	19	16	3	0	0	0.8421052631578947	0.15789473684210525	0.0	0.0	19	16	3	0	0
OG0000343	AL1G65810	22	22	0	0	0	1.0	0.0	0.0	0.0	22	22	0	0	0
OG0000343	AL3G39460	1	0	0	0	1	0.0	0.0	0.0	1.0	1	0	0	0	1
OG0000343	AL4G17660	22	0	0	0	22	0.0	0.0	0.0	1.0	22	0	0	0	22
OG0000343	AL4G17900	13	11	1	0	1	0.8461538461538461	0.07692307692307693	0.0	0.07692307692307693	12	10	1	0	1
OG0000343	AL4G17920	17	13	0	2	2	0.7647058823529411	0.0	0.11764705882352941	0.11764705882352941	10	7	0	1	2
OG0000343	AL5G20810	34	32	0	2	0	0.9411764705882353	0.0	0.058823529411764705	0.0	22	22	0	2	0
OG0000343	AL8G38260	19	8	9	2	0	0.42105263157894735	0.47368421052631576	0.10526315789473684	0.0	19	8	9	2	0
OG0000347	AL2G34810	13	11	0	2	0	0.8461538461538461	0.0	0.15384615384615385	0.0	13	11	0	2	0
OG0000347	AL3G50380	22	21	0	1	0	0.9545454545454546	0.0	0.045454545454545456	0.0	22	21	0	1	0
OG0000347	AL496U10010	22	1	0	21	0	0.045454545454545456	0.0	0.9545454545454546	0.0	22	1	0	21	0
OG0000347	AL496U10020	44	2	0	42	0	0.045454545454545456	0.0	0.9545454545454546	0.0	22	2	0	22	0
OG0000347	AL5G18790	15	0	0	2	13	0.0	0.0	0.13333333333333333	0.8666666666666667	15	0	0	2	13
OG0000347	AL5G18800	22	3	0	19	0	0.13636363636363635	0.0	0.8636363636363636	0.0	22	3	0	19	0
OG0000347	AL5G32600	22	1	0	21	0	0.045454545454545456	0.0	0.9545454545454546	0.0	22	1	0	21	0
OG0000347	AL5G34240	21	2	0	19	0	0.09523809523809523	0.0	0.9047619047619048	0.0	21	2	0	19	0
OG0000347	AL6G41670	65	2	1	62	0	0.03076923076923077	0.015384615384615385	0.9538461538461539	0.0	22	2	1	22	0
OG0000347	AL6G41680	21	2	0	19	0	0.09523809523809523	0.0	0.9047619047619048	0.0	19	2	0	17	0
OG0000347	AL6G41690	97	6	16	75	0	0.061855670103092786	0.16494845360824742	0.7731958762886598	0.0	22	5	11	22	0
OG0000347	AL6G41700	104	6	18	80	0	0.057692307692307696	0.17307692307692307	0.7692307692307693	0.0	22	5	12	22	0
OG0000347	AL6G51840	121	8	3	110	0	0.06611570247933884	0.024793388429752067	0.9090909090909091	0.0	22	7	3	22	0
OG0000347	AL6G51870	126	9	0	117	0	0.07142857142857142	0.0	0.9285714285714286	0.0	22	9	0	22	0
OG0000348	AL3G16300	22	1	1	20	0	0.045454545454545456	0.045454545454545456	0.9090909090909091	0.0	22	1	1	20	0
OG0000348	AL3G16310	21	8	7	6	0	0.38095238095238093	0.3333333333333333	0.2857142857142857	0.0	21	8	7	6	0
OG0000348	AL3G22620	15	2	0	13	0	0.13333333333333333	0.0	0.8666666666666667	0.0	15	2	0	13	0
OG0000348	AL3G46870	22	12	0	2	8	0.5454545454545454	0.0	0.09090909090909091	0.36363636363636365	22	12	0	2	8
OG0000348	AL6G37850	18	8	3	7	0	0.4444444444444444	0.16666666666666666	0.3888888888888889	0.0	18	8	3	7	0
OG0000360	AL2G29250	22	16	2	4	0	0.7272727272727273	0.09090909090909091	0.18181818181818182	0.0	22	16	2	4	0
OG0000360	AL2G29260	20	19	0	1	0	0.95	0.0	0.05	0.0	20	19	0	1	0
OG0000360	AL2G29280	22	7	0	15	0	0.3181818181818182	0.0	0.6818181818181818	0.0	22	7	0	15	0
OG0000360	AL2G29310	21	5	1	12	3	0.23809523809523808	0.047619047619047616	0.5714285714285714	0.14285714285714285	21	5	1	12	3
OG0000360	AL2G29370	22	6	0	16	0	0.2727272727272727	0.0	0.7272727272727273	0.0	22	6	0	16	0
OG0000360	AL2G29390	3	0	0	0	3	0.0	0.0	0.0	1.0	3	0	0	0	3
OG0000360	AL5G35460	21	4	0	17	0	0.19047619047619047	0.0	0.8095238095238095	0.0	21	4	0	17	0
OG0000360	AL7G51140	21	21	0	0	0	1.0	0.0	0.0	0.0	21	21	0	0	0
OG0000361	AL1G46620	22	22	0	0	0	1.0	0.0	0.0	0.0	22	22	0	0	0
OG0000361	AL1G46640	40	32	2	6	0	0.8	0.05	0.15	0.0	22	22	2	6	0
OG0000361	AL1G46660	34	14	0	20	0	0.4117647058823529	0.0	0.5882352941176471	0.0	22	11	0	20	0
OG0000361	AL1G53610	22	4	4	14	0	0.18181818181818182	0.18181818181818182	0.6363636363636364	0.0	22	4	4	14	0
OG0000361	AL1G53620	22	5	11	6	0	0.22727272727272727	0.5	0.2727272727272727	0.0	22	5	11	6	0
OG0000361	AL3G29460	22	10	2	10	0	0.45454545454545453	0.09090909090909091	0.45454545454545453	0.0	22	10	2	10	0
OG0000361	AL3G29470	22	4	10	8	0	0.18181818181818182	0.45454545454545453	0.36363636363636365	0.0	22	4	10	8	0
OG0000361	AL3G46410	20	2	13	5	0	0.1	0.65	0.25	0.0	20	2	13	5	0
OG0000361	AL3G46450	21	13	3	5	0	0.6190476190476191	0.14285714285714285	0.23809523809523808	0.0	21	13	3	5	0
OG0000361	AL8G22710	22	15	0	7	0	0.6818181818181818	0.0	0.3181818181818182	0.0	22	15	0	7	0
OG0000367	AL132U10010	4	4	0	0	0	1.0	0.0	0.0	0.0	4	4	0	0	0
OG0000367	AL6G45610	19	15	0	4	0	0.7894736842105263	0.0	0.21052631578947367	0.0	19	15	0	4	0
OG0000367	AL8G33140	22	22	0	0	0	1.0	0.0	0.0	0.0	22	22	0	0	0
OG0000367	AL8G34460	30	16	0	14	0	0.5333333333333333	0.0	0.4666666666666667	0.0	22	9	0	14	0
OG0000367	AL8G34510	21	7	5	9	0	0.3333333333333333	0.23809523809523808	0.42857142857142855	0.0	21	7	5	9	0
OG0000372	AL5G14940	22	22	0	0	0	1.0	0.0	0.0	0.0	22	22	0	0	0
OG0000372	AL5G14950	22	2	0	20	0	0.09090909090909091	0.0	0.9090909090909091	0.0	22	2	0	20	0
OG0000372	AL5G22370	20	20	0	0	0	1.0	0.0	0.0	0.0	20	20	0	0	0
OG0000372	AL5G34190	22	4	0	18	0	0.18181818181818182	0.0	0.8181818181818182	0.0	22	4	0	18	0
OG0000372	AL5G34200	22	7	0	15	0	0.3181818181818182	0.0	0.6818181818181818	0.0	22	7	0	15	0
OG0000375	AL7G32660	23	0	0	23	0	0.0	0.0	1.0	0.0	23	0	0	23	0
OG0000382	AL1G59700	22	0	0	0	22	0.0	0.0	0.0	1.0	22	0	0	0	22
OG0000382	AL1G59710	22	9	1	12	0	0.4090909090909091	0.045454545454545456	0.5454545454545454	0.0	22	9	1	12	0
OG0000382	AL1G59720	23	3	0	20	0	0.13043478260869565	0.0	0.8695652173913043	0.0	23	3	0	20	0
OG0000382	AL3G47640	22	8	0	5	9	0.36363636363636365	0.0	0.22727272727272727	0.4090909090909091	22	8	0	5	9
OG0000382	AL6G12280	22	3	1	18	0	0.13636363636363635	0.045454545454545456	0.8181818181818182	0.0	22	3	1	18	0
OG0000382	AL6G12290	17	5	0	12	0	0.29411764705882354	0.0	0.7058823529411765	0.0	17	5	0	12	0
OG0000382	AL6G12300	21	2	0	19	0	0.09523809523809523	0.0	0.9047619047619048	0.0	21	2	0	19	0
OG0000382	AL6G12310	21	7	3	11	0	0.3333333333333333	0.14285714285714285	0.5238095238095238	0.0	21	7	3	11	0
OG0000384	AL1G30000	21	18	0	3	0	0.8571428571428571	0.0	0.14285714285714285	0.0	21	18	0	3	0
OG0000384	AL1G50320	39	31	0	3	5	0.7948717948717948	0.0	0.07692307692307693	0.1282051282051282	22	20	0	2	5
OG0000384	AL1G57050	47	38	0	8	1	0.8085106382978723	0.0	0.1702127659574468	0.02127659574468085	22	22	0	6	1
OG0000384	AL1G58560	52	52	0	0	0	1.0	0.0	0.0	0.0	21	21	0	0	0
OG0000384	AL1G58670	56	56	0	0	0	1.0	0.0	0.0	0.0	22	22	0	0	0
OG0000384	AL3G51940	105	46	0	0	59	0.4380952380952381	0.0	0.0	0.5619047619047619	22	20	0	0	22
OG0000384	AL4G19794	134	133	0	0	1	0.9925373134328358	0.0	0.0	0.007462686567164179	23	23	0	0	1
OG0000384	AL4G20020	61	50	0	11	0	0.819672131147541	0.0	0.18032786885245902	0.0	21	20	0	6	0
OG0000384	AL5G16890	52	41	0	11	0	0.7884615384615384	0.0	0.21153846153846154	0.0	20	19	0	6	0
OG0000384	AL5G27080	73	72	0	0	1	0.9863013698630136	0.0	0.0	0.0136986301369863	21	21	0	0	1
OG0000384	AL7G36270	45	44	0	0	1	0.9777777777777777	0.0	0.0	0.022222222222222223	21	20	0	0	1
OG0000384	AL8G14210	10	0	0	0	10	0.0	0.0	0.0	1.0	10	0	0	0	10
OG0000385	AL3G44890	20	0	0	0	20	0.0	0.0	0.0	1.0	20	0	0	0	20
OG0000386	AL1G47530	21	16	0	5	0	0.7619047619047619	0.0	0.23809523809523808	0.0	21	16	0	5	0
OG0000386	AL1G47540	38	31	0	7	0	0.8157894736842105	0.0	0.18421052631578946	0.0	21	21	0	7	0
OG0000386	AL3G41080	21	20	0	1	0	0.9523809523809523	0.0	0.047619047619047616	0.0	21	20	0	1	0
OG0000386	AL6G31890	22	0	0	22	0	0.0	0.0	1.0	0.0	22	0	0	22	0
OG0000386	AL6G31900	22	9	0	13	0	0.4090909090909091	0.0	0.5909090909090909	0.0	22	9	0	13	0
OG0000386	AL6G31950	22	22	0	0	0	1.0	0.0	0.0	0.0	22	22	0	0	0
OG0000386	AL6G32070	16	0	0	0	16	0.0	0.0	0.0	1.0	16	0	0	0	16
OG0000386	AL6G32090	22	2	0	20	0	0.09090909090909091	0.0	0.9090909090909091	0.0	22	2	0	20	0
OG0000386	AL6G32102	24	24	0	0	0	1.0	0.0	0.0	0.0	20	20	0	0	0
OG0000386	AL6G40190	22	0	0	0	22	0.0	0.0	0.0	1.0	22	0	0	0	22
OG0000388	AL1G67210	21	21	0	0	0	1.0	0.0	0.0	0.0	21	21	0	0	0
OG0000388	AL1G67230	43	32	0	0	11	0.7441860465116279	0.0	0.0	0.2558139534883721	22	18	0	0	8
OG0000388	AL1G67240	32	26	0	0	6	0.8125	0.0	0.0	0.1875	21	18	0	0	6
OG0000388	AL1G67280	47	47	0	0	0	1.0	0.0	0.0	0.0	18	18	0	0	0
OG0000388	AL3G42680	22	18	0	0	4	0.8181818181818182	0.0	0.0	0.18181818181818182	22	18	0	0	4
OG0000388	AL5G16480	15	4	1	10	0	0.26666666666666666	0.06666666666666667	0.6666666666666666	0.0	15	4	1	10	0
OG0000388	AL786U10010	21	7	0	14	0	0.3333333333333333	0.0	0.6666666666666666	0.0	21	7	0	14	0
OG0000402	AL1G37820	22	22	0	0	0	1.0	0.0	0.0	0.0	22	22	0	0	0
OG0000402	AL1G37850	23	23	0	0	0	1.0	0.0	0.0	0.0	22	22	0	0	0
OG0000402	AL1G38110	10	10	0	0	0	1.0	0.0	0.0	0.0	10	10	0	0	0
OG0000402	AL1G38130	16	16	0	0	0	1.0	0.0	0.0	0.0	10	10	0	0	0
OG0000402	AL3G41480	5	0	1	4	0	0.0	0.2	0.8	0.0	5	0	1	4	0
OG0000402	AL3G41490	10	1	0	9	0	0.1	0.0	0.9	0.0	5	1	0	5	0
OG0000402	AL3G41560	13	13	0	0	0	1.0	0.0	0.0	0.0	5	5	0	0	0
OG0000418	AL6G12720	21	3	0	18	0	0.14285714285714285	0.0	0.8571428571428571	0.0	21	3	0	18	0
OG0000418	AL6G13690	42	17	0	0	25	0.40476190476190477	0.0	0.0	0.5952380952380952	22	17	0	0	21
OG0000418	AL9U10960	4	0	0	4	0	0.0	0.0	1.0	0.0	4	0	0	4	0
OG0000419	AL1G31630	22	4	0	17	1	0.18181818181818182	0.0	0.7727272727272727	0.045454545454545456	22	4	0	17	1
OG0000419	AL5G40870	22	22	0	0	0	1.0	0.0	0.0	0.0	22	22	0	0	0
OG0000419	AL7G31340	22	1	4	17	0	0.045454545454545456	0.18181818181818182	0.7727272727272727	0.0	22	1	4	17	0
OG0000422	AL4G34730	22	5	2	15	0	0.22727272727272727	0.09090909090909091	0.6818181818181818	0.0	22	5	2	15	0
OG0000422	AL4G34740	15	0	0	0	15	0.0	0.0	0.0	1.0	15	0	0	0	15
OG0000422	AL4G34750	22	1	0	21	0	0.045454545454545456	0.0	0.9545454545454546	0.0	22	1	0	21	0
OG0000422	AL4G34760	20	17	1	2	0	0.85	0.05	0.1	0.0	20	17	1	2	0
OG0000422	AL4G34780	21	2	0	19	0	0.09523809523809523	0.0	0.9047619047619048	0.0	20	2	0	18	0
OG0000422	AL68U10030	20	2	4	14	0	0.1	0.2	0.7	0.0	19	2	4	14	0
OG0000422	AL68U10040	12	0	0	12	0	0.0	0.0	1.0	0.0	12	0	0	12	0
OG0000422	AL68U10050	16	16	0	0	0	1.0	0.0	0.0	0.0	15	15	0	0	0
OG0000432	AL123U10020	23	17	4	0	2	0.7391304347826086	0.17391304347826086	0.0	0.08695652173913043	22	16	4	0	2
OG0000434	AL1G57470	20	20	0	0	0	1.0	0.0	0.0	0.0	20	20	0	0	0
OG0000434	AL2G10700	22	3	0	19	0	0.13636363636363635	0.0	0.8636363636363636	0.0	22	3	0	19	0
OG0000434	AL2G10710	22	22	0	0	0	1.0	0.0	0.0	0.0	22	22	0	0	0
OG0000434	AL2G10720	17	8	0	9	0	0.47058823529411764	0.0	0.5294117647058824	0.0	17	8	0	9	0
OG0000434	AL7G47070	20	3	0	17	0	0.15	0.0	0.85	0.0	20	3	0	17	0
OG0000434	AL7G47630	21	2	0	19	0	0.09523809523809523	0.0	0.9047619047619048	0.0	21	2	0	19	0
OG0000434	AL7G47640	21	11	1	9	0	0.5238095238095238	0.047619047619047616	0.42857142857142855	0.0	21	11	1	9	0
OG0000434	AL8G22950	22	20	1	1	0	0.9090909090909091	0.045454545454545456	0.045454545454545456	0.0	22	20	1	1	0
OG0000440	AL1G29270	18	0	0	0	18	0.0	0.0	0.0	1.0	18	0	0	0	18
OG0000440	AL1G44400	22	17	0	0	5	0.7727272727272727	0.0	0.0	0.22727272727272727	22	17	0	0	5
OG0000440	AL1G44470	17	11	0	6	0	0.6470588235294118	0.0	0.35294117647058826	0.0	17	11	0	6	0
OG0000440	AL1G44860	22	9	0	13	0	0.4090909090909091	0.0	0.5909090909090909	0.0	22	9	0	13	0
OG0000440	AL1G44890	18	6	2	10	0	0.3333333333333333	0.1111111111111111	0.5555555555555556	0.0	18	6	2	10	0
OG0000440	AL1G44920	31	9	0	22	0	0.2903225806451613	0.0	0.7096774193548387	0.0	22	8	0	17	0
OG0000440	AL1G44930	17	0	0	0	17	0.0	0.0	0.0	1.0	17	0	0	0	17
OG0000440	AL1G44960	19	19	0	0	0	1.0	0.0	0.0	0.0	19	19	0	0	0
OG0000440	AL1G48130	22	4	0	18	0	0.18181818181818182	0.0	0.8181818181818182	0.0	22	4	0	18	0
OG0000440	AL1G49450	22	6	0	16	0	0.2727272727272727	0.0	0.7272727272727273	0.0	22	6	0	16	0
OG0000440	AL1G59130	10	4	1	5	0	0.4	0.1	0.5	0.0	10	4	1	5	0
OG0000440	AL8G27960	6	0	0	4	2	0.0	0.0	0.6666666666666666	0.3333333333333333	6	0	0	4	2
OG0000442	AL1G35030	23	0	0	23	0	0.0	0.0	1.0	0.0	23	0	0	23	0
OG0000445	AL5G20660	20	20	0	0	0	1.0	0.0	0.0	0.0	20	20	0	0	0
OG0000445	AL5G20690	18	18	0	0	0	1.0	0.0	0.0	0.0	18	18	0	0	0
OG0000448	AL1G35450	20	20	0	0	0	1.0	0.0	0.0	0.0	20	20	0	0	0
OG0000448	AL1G39460	21	21	0	0	0	1.0	0.0	0.0	0.0	21	21	0	0	0
OG0000448	AL3G43510	22	0	0	0	22	0.0	0.0	0.0	1.0	22	0	0	0	22
OG0000448	AL4G17880	21	21	0	0	0	1.0	0.0	0.0	0.0	21	21	0	0	0
OG0000448	AL5G18580	22	8	4	10	0	0.36363636363636365	0.18181818181818182	0.45454545454545453	0.0	22	8	4	10	0
OG0000448	AL614U10020	14	14	0	0	0	1.0	0.0	0.0	0.0	14	14	0	0	0
OG0000448	AL6G43140	39	8	6	25	0	0.20512820512820512	0.15384615384615385	0.6410256410256411	0.0	22	7	5	17	0
OG0000448	AL7G51950	34	24	0	10	0	0.7058823529411765	0.0	0.29411764705882354	0.0	20	16	0	9	0
OG0000452	AL5G34540	10	1	0	9	0	0.1	0.0	0.9	0.0	10	1	0	9	0
OG0000453	AL1G16350	23	0	0	23	0	0.0	0.0	1.0	0.0	23	0	0	23	0
OG0000473	AL3G22880	22	12	0	10	0	0.5454545454545454	0.0	0.45454545454545453	0.0	22	12	0	10	0
OG0000496	AL4G25530	20	8	0	8	4	0.4	0.0	0.4	0.2	20	8	0	8	4
OG0000496	AL80U10070	22	1	0	21	0	0.045454545454545456	0.0	0.9545454545454546	0.0	22	1	0	21	0
OG0000500	AL3G40330	21	20	0	1	0	0.9523809523809523	0.0	0.047619047619047616	0.0	21	20	0	1	0
OG0000500	AL8G24810	19	18	0	1	0	0.9473684210526315	0.0	0.05263157894736842	0.0	19	18	0	1	0
OG0000501	AL211U10010	21	11	0	10	0	0.5238095238095238	0.0	0.47619047619047616	0.0	21	11	0	10	0
OG0000501	AL8G28350	21	13	0	8	0	0.6190476190476191	0.0	0.38095238095238093	0.0	21	13	0	8	0
OG0000501	AL8G28470	24	23	0	0	1	0.9583333333333334	0.0	0.0	0.041666666666666664	22	21	0	0	1
OG0000501	AL8G28510	17	17	0	0	0	1.0	0.0	0.0	0.0	17	17	0	0	0
OG0000501	AL8G28520	19	19	0	0	0	1.0	0.0	0.0	0.0	19	19	0	0	0
OG0000501	AL8G28530	30	30	0	0	0	1.0	0.0	0.0	0.0	22	22	0	0	0
OG0000501	AL8G28540	23	23	0	0	0	1.0	0.0	0.0	0.0	20	20	0	0	0
OG0000501	AL8G28560	20	20	0	0	0	1.0	0.0	0.0	0.0	20	20	0	0	0
OG0000501	AL8G28900	21	21	0	0	0	1.0	0.0	0.0	0.0	21	21	0	0	0
OG0000503	AL1G52040	20	0	0	0	20	0.0	0.0	0.0	1.0	20	0	0	0	20
OG0000503	AL8G17890	22	0	0	0	22	0.0	0.0	0.0	1.0	22	0	0	0	22
OG0000504	AL1G56700	12	0	0	0	12	0.0	0.0	0.0	1.0	12	0	0	0	12
OG0000504	AL3G19600	3	0	0	0	3	0.0	0.0	0.0	1.0	3	0	0	0	3
OG0000504	AL6G44880	22	22	0	0	0	1.0	0.0	0.0	0.0	22	22	0	0	0
OG0000510	AL5G16900	8	4	1	3	0	0.5	0.125	0.375	0.0	8	4	1	3	0
OG0000510	AL5G18290	20	2	0	18	0	0.1	0.0	0.9	0.0	20	2	0	18	0
OG0000510	AL6G42120	10	0	0	0	10	0.0	0.0	0.0	1.0	10	0	0	0	10
OG0000510	AL8G18170	22	10	1	11	0	0.45454545454545453	0.045454545454545456	0.5	0.0	22	10	1	11	0
OG0000513	AL3G37620	22	1	0	2	19	0.045454545454545456	0.0	0.09090909090909091	0.8636363636363636	22	1	0	2	19
OG0000513	AL5G32890	22	22	0	0	0	1.0	0.0	0.0	0.0	22	22	0	0	0
OG0000513	AL5G32950	22	1	0	21	0	0.045454545454545456	0.0	0.9545454545454546	0.0	22	1	0	21	0
OG0000513	AL5G32970	22	1	0	21	0	0.045454545454545456	0.0	0.9545454545454546	0.0	22	1	0	21	0
OG0000513	AL5G33030	21	1	0	20	0	0.047619047619047616	0.0	0.9523809523809523	0.0	21	1	0	20	0
OG0000513	AL5G33220	21	4	3	14	0	0.19047619047619047	0.14285714285714285	0.6666666666666666	0.0	21	4	3	14	0
OG0000513	AL5G33250	19	0	0	0	19	0.0	0.0	0.0	1.0	19	0	0	0	19
OG0000513	AL5G33260	21	20	0	1	0	0.9523809523809523	0.0	0.047619047619047616	0.0	21	20	0	1	0
OG0000513	AL5G33270	21	0	2	19	0	0.0	0.09523809523809523	0.9047619047619048	0.0	21	0	2	19	0
OG0000513	AL7G44280	11	0	0	10	1	0.0	0.0	0.9090909090909091	0.09090909090909091	11	0	0	10	1
OG0000513	AL7G45230	20	15	0	5	0	0.75	0.0	0.25	0.0	20	15	0	5	0
OG0000534	AL2G35840	23	0	0	23	0	0.0	0.0	1.0	0.0	23	0	0	23	0
OG0000535	AL2G16115	13	4	0	9	0	0.3076923076923077	0.0	0.6923076923076923	0.0	13	4	0	9	0
OG0000535	AL2G16130	21	21	0	0	0	1.0	0.0	0.0	0.0	21	21	0	0	0
OG0000535	AL2G16140	21	21	0	0	0	1.0	0.0	0.0	0.0	21	21	0	0	0
OG0000535	AL2G16150	21	2	2	17	0	0.09523809523809523	0.09523809523809523	0.8095238095238095	0.0	21	2	2	17	0
OG0000535	AL2G16160	21	21	0	0	0	1.0	0.0	0.0	0.0	21	21	0	0	0
OG0000535	AL2G16170	21	3	0	18	0	0.14285714285714285	0.0	0.8571428571428571	0.0	21	3	0	18	0
OG0000535	AL2G16180	22	22	0	0	0	1.0	0.0	0.0	0.0	22	22	0	0	0
OG0000546	AL3G13350	21	13	1	7	0	0.6190476190476191	0.047619047619047616	0.3333333333333333	0.0	21	13	1	7	0
OG0000546	AL3G13540	10	0	0	10	0	0.0	0.0	1.0	0.0	10	0	0	10	0
OG0000546	AL3G36620	21	18	1	2	0	0.8571428571428571	0.047619047619047616	0.09523809523809523	0.0	21	18	1	2	0
OG0000546	AL919U10020	13	0	0	13	0	0.0	0.0	1.0	0.0	10	0	0	10	0
OG0000546	AL998U10020	22	10	0	12	0	0.45454545454545453	0.0	0.5454545454545454	0.0	22	10	0	12	0
OG0000546	AL9U11730	22	8	1	13	0	0.36363636363636365	0.045454545454545456	0.5909090909090909	0.0	22	8	1	13	0
OG0000549	AL3G51970	21	12	0	9	0	0.5714285714285714	0.0	0.42857142857142855	0.0	21	12	0	9	0
OG0000549	AL3G52000	22	5	2	15	0	0.22727272727272727	0.09090909090909091	0.6818181818181818	0.0	22	5	2	15	0
OG0000549	AL3G52010	41	41	0	0	0	1.0	0.0	0.0	0.0	22	22	0	0	0
OG0000549	AL4G13820	21	0	0	21	0	0.0	0.0	1.0	0.0	21	0	0	21	0
OG0000549	AL7G14190	22	0	0	22	0	0.0	0.0	1.0	0.0	22	0	0	22	0
OG0000589	AL188U10010	13	0	0	0	13	0.0	0.0	0.0	1.0	13	0	0	0	13
OG0000589	AL4G12860	12	4	0	8	0	0.3333333333333333	0.0	0.6666666666666666	0.0	12	4	0	8	0
OG0000589	AL5G25100	22	9	0	0	13	0.4090909090909091	0.0	0.0	0.5909090909090909	22	9	0	0	13
OG0000589	AL5G31050	13	0	0	13	0	0.0	0.0	1.0	0.0	13	0	0	13	0
OG0000591	AL1G16750	22	0	0	22	0	0.0	0.0	1.0	0.0	22	0	0	22	0
OG0000591	AL3G14630	22	0	0	22	0	0.0	0.0	1.0	0.0	22	0	0	22	0
OG0000591	AL3G16600	22	22	0	0	0	1.0	0.0	0.0	0.0	22	22	0	0	0
OG0000591	AL3G18110	22	22	0	0	0	1.0	0.0	0.0	0.0	22	22	0	0	0
OG0000591	AL6G27450	22	0	0	22	0	0.0	0.0	1.0	0.0	22	0	0	22	0
OG0000591	AL8G22210	21	3	4	14	0	0.14285714285714285	0.19047619047619047	0.6666666666666666	0.0	21	3	4	14	0
OG0000594	AL1G24200	13	0	0	13	0	0.0	0.0	1.0	0.0	13	0	0	13	0
OG0000594	AL1G24250	9	9	0	0	0	1.0	0.0	0.0	0.0	9	9	0	0	0
OG0000594	AL1G24380	14	9	2	1	2	0.6428571428571429	0.14285714285714285	0.07142857142857142	0.14285714285714285	12	8	2	1	2
OG0000594	AL1G25890	22	3	6	13	0	0.13636363636363635	0.2727272727272727	0.5909090909090909	0.0	22	3	6	13	0
OG0000594	AL1G36880	21	0	1	20	0	0.0	0.047619047619047616	0.9523809523809523	0.0	21	0	1	20	0
OG0000594	AL1G36930	20	0	5	15	0	0.0	0.25	0.75	0.0	20	0	5	15	0
OG0000594	AL1G36940	28	15	8	5	0	0.5357142857142857	0.2857142857142857	0.17857142857142858	0.0	20	14	7	5	0
OG0000594	AL1G37000	38	1	0	37	0	0.02631578947368421	0.0	0.9736842105263158	0.0	21	1	0	21	0
OG0000594	AL4G42070	20	5	1	14	0	0.25	0.05	0.7	0.0	20	5	1	14	0
OG0000594	AL7G35910	10	1	6	3	0	0.1	0.6	0.3	0.0	8	1	6	3	0
OG0000594	AL7G35920	15	8	1	6	0	0.5333333333333333	0.06666666666666667	0.4	0.0	12	8	1	4	0
OG0000598	AL1G37890	22	2	1	19	0	0.09090909090909091	0.045454545454545456	0.8636363636363636	0.0	22	2	1	19	0
OG0000598	AL243U10010	21	0	0	21	0	0.0	0.0	1.0	0.0	21	0	0	21	0
OG0000598	AL2G19580	22	12	2	8	0	0.5454545454545454	0.09090909090909091	0.36363636363636365	0.0	22	12	2	8	0
OG0000598	AL3G10770	19	3	0	6	10	0.15789473684210525	0.0	0.3157894736842105	0.5263157894736842	19	3	0	6	10
OG0000598	AL3G10790	24	1	2	21	0	0.041666666666666664	0.08333333333333333	0.875	0.0	22	1	1	21	0
OG0000598	AL5G21750	43	43	0	0	0	1.0	0.0	0.0	0.0	22	22	0	0	0
OG0000598	AL8G25330	22	22	0	0	0	1.0	0.0	0.0	0.0	22	22	0	0	0
OG0000599	AL3G22240	22	6	0	2	14	0.2727272727272727	0.0	0.09090909090909091	0.6363636363636364	22	6	0	2	14
OG0000599	AL3G39940	38	25	0	2	11	0.6578947368421053	0.0	0.05263157894736842	0.2894736842105263	22	19	0	1	10
OG0000599	AL3G46970	26	0	0	0	26	0.0	0.0	0.0	1.0	20	0	0	0	20
OG0000599	AL3G53170	22	22	0	0	0	1.0	0.0	0.0	0.0	22	22	0	0	0
OG0000599	AL4G18520	37	33	0	0	4	0.8918918918918919	0.0	0.0	0.10810810810810811	17	16	0	0	4
OG0000599	AL4G19510	45	31	1	13	0	0.6888888888888889	0.022222222222222223	0.28888888888888886	0.0	20	17	1	11	0
OG0000599	AL5G23210	64	35	0	0	29	0.546875	0.0	0.0	0.453125	21	18	0	0	18
OG0000599	AL6G15560	21	21	0	0	0	1.0	0.0	0.0	0.0	21	21	0	0	0
OG0000599	AL6G25810	21	21	0	0	0	1.0	0.0	0.0	0.0	21	21	0	0	0
OG0000599	AL6G39020	43	35	0	0	8	0.813953488372093	0.0	0.0	0.18604651162790697	17	16	0	0	7
OG0000599	AL6G44250	68	0	0	0	68	0.0	0.0	0.0	1.0	22	0	0	0	22
OG0000601	AL7G37760	21	16	3	2	0	0.7619047619047619	0.14285714285714285	0.09523809523809523	0.0	21	16	3	2	0
OG0000605	AL1G34620	22	22	0	0	0	1.0	0.0	0.0	0.0	22	22	0	0	0
OG0000605	AL3G22030	21	20	0	1	0	0.9523809523809523	0.0	0.047619047619047616	0.0	21	20	0	1	0
OG0000605	AL3G30600	22	6	0	16	0	0.2727272727272727	0.0	0.7272727272727273	0.0	22	6	0	16	0
OG0000605	AL3G41320	21	18	0	3	0	0.8571428571428571	0.0	0.14285714285714285	0.0	21	18	0	3	0
OG0000605	AL3G41330	38	37	0	1	0	0.9736842105263158	0.0	0.02631578947368421	0.0	22	22	0	1	0
OG0000605	AL3G41340	18	9	4	5	0	0.5	0.2222222222222222	0.2777777777777778	0.0	16	9	4	5	0
OG0000605	AL3G41350	22	2	0	20	0	0.09090909090909091	0.0	0.9090909090909091	0.0	22	2	0	20	0
OG0000605	AL4G22640	21	4	2	15	0	0.19047619047619047	0.09523809523809523	0.7142857142857143	0.0	21	4	2	15	0
OG0000605	AL4G22680	42	35	0	0	7	0.8333333333333334	0.0	0.0	0.16666666666666666	22	22	0	0	7
OG0000605	AL4G22690	20	9	6	5	0	0.45	0.3	0.25	0.0	20	9	6	5	0
OG0000605	AL8G10750	15	13	0	2	0	0.8666666666666667	0.0	0.13333333333333333	0.0	15	13	0	2	0
OG0000606	AL1G65030	22	3	0	19	0	0.13636363636363635	0.0	0.8636363636363636	0.0	22	3	0	19	0
OG0000606	AL6G37800	22	1	1	20	0	0.045454545454545456	0.045454545454545456	0.9090909090909091	0.0	22	1	1	20	0
OG0000606	AL8G28370	21	11	0	10	0	0.5238095238095238	0.0	0.47619047619047616	0.0	21	11	0	10	0
OG0000606	AL8G28380	22	10	1	11	0	0.45454545454545453	0.045454545454545456	0.5	0.0	22	10	1	11	0
OG0000606	AL8G28490	20	20	0	0	0	1.0	0.0	0.0	0.0	20	20	0	0	0
OG0000606	AL8G28500	18	17	0	0	1	0.9444444444444444	0.0	0.0	0.05555555555555555	18	17	0	0	1
OG0000606	AL8G28580	22	22	0	0	0	1.0	0.0	0.0	0.0	22	22	0	0	0
OG0000606	AL8G28590	22	22	0	0	0	1.0	0.0	0.0	0.0	22	22	0	0	0
OG0000618	AL8G32120	21	21	0	0	0	1.0	0.0	0.0	0.0	21	21	0	0	0
OG0000620	AL3G37430	20	15	3	2	0	0.75	0.15	0.1	0.0	20	15	3	2	0
OG0000620	AL3G37440	9	9	0	0	0	1.0	0.0	0.0	0.0	9	9	0	0	0
OG0000620	AL3G37560	19	4	0	15	0	0.21052631578947367	0.0	0.7894736842105263	0.0	19	4	0	15	0
OG0000620	AL3G37570	18	15	1	2	0	0.8333333333333334	0.05555555555555555	0.1111111111111111	0.0	18	15	1	2	0
OG0000620	AL4G14280	6	0	0	3	3	0.0	0.0	0.5	0.5	6	0	0	3	3
OG0000620	AL57U10020	23	23	0	0	0	1.0	0.0	0.0	0.0	19	19	0	0	0
OG0000620	AL57U10030	19	19	0	0	0	1.0	0.0	0.0	0.0	19	19	0	0	0
OG0000621	AL1G49400	21	21	0	0	0	1.0	0.0	0.0	0.0	21	21	0	0	0
OG0000621	AL7G45610	16	0	0	0	16	0.0	0.0	0.0	1.0	16	0	0	0	16
OG0000639	AL158U10020	22	6	1	15	0	0.2727272727272727	0.045454545454545456	0.6818181818181818	0.0	22	6	1	15	0
OG0000639	AL158U10030	21	21	0	0	0	1.0	0.0	0.0	0.0	20	20	0	0	0
OG0000639	AL2G31040	22	12	0	10	0	0.5454545454545454	0.0	0.45454545454545453	0.0	22	12	0	10	0
OG0000639	AL2G31050	41	39	0	2	0	0.9512195121951219	0.0	0.04878048780487805	0.0	22	21	0	2	0
OG0000639	AL2G31060	43	5	2	15	21	0.11627906976744186	0.046511627906976744	0.3488372093023256	0.4883720930232558	22	4	2	15	20
OG0000679	AL1G57810	22	17	0	0	5	0.7727272727272727	0.0	0.0	0.22727272727272727	22	17	0	0	5
OG0000679	AL1G63440	15	2	4	9	0	0.13333333333333333	0.26666666666666666	0.6	0.0	15	2	4	9	0
OG0000692	AL1G66430	22	0	0	0	22	0.0	0.0	0.0	1.0	22	0	0	0	22
OG0000692	AL4G15990	21	0	9	12	0	0.0	0.42857142857142855	0.5714285714285714	0.0	21	0	9	12	0
OG0000692	AL5G15840	17	4	1	12	0	0.23529411764705882	0.058823529411764705	0.7058823529411765	0.0	17	4	1	12	0
OG0000692	AL5G16640	22	2	3	17	0	0.09090909090909091	0.13636363636363635	0.7727272727272727	0.0	22	2	3	17	0
OG0000692	AL5G17120	22	4	1	17	0	0.18181818181818182	0.045454545454545456	0.7727272727272727	0.0	22	4	1	17	0
OG0000712	AL1G49830	22	7	0	15	0	0.3181818181818182	0.0	0.6818181818181818	0.0	22	7	0	15	0
OG0000712	AL3G21830	22	1	0	21	0	0.045454545454545456	0.0	0.9545454545454546	0.0	22	1	0	21	0
OG0000712	AL3G49390	22	1	0	21	0	0.045454545454545456	0.0	0.9545454545454546	0.0	22	1	0	21	0
OG0000712	AL4G12990	22	1	0	21	0	0.045454545454545456	0.0	0.9545454545454546	0.0	22	1	0	21	0
OG0000712	AL4G13000	21	0	0	21	0	0.0	0.0	1.0	0.0	21	0	0	21	0
OG0000712	AL6G26180	22	1	0	21	0	0.045454545454545456	0.0	0.9545454545454546	0.0	22	1	0	21	0
OG0000712	AL7G52140	22	2	0	20	0	0.09090909090909091	0.0	0.9090909090909091	0.0	22	2	0	20	0
OG0000720	AL215U10060	22	22	0	0	0	1.0	0.0	0.0	0.0	22	22	0	0	0
OG0000720	AL269U10022	43	15	10	18	0	0.3488372093023256	0.23255813953488372	0.4186046511627907	0.0	22	15	10	16	0
OG0000720	AL269U10030	50	24	0	26	0	0.48	0.0	0.52	0.0	22	21	0	21	0
OG0000720	AL269U10040	5	1	1	3	0	0.2	0.2	0.6	0.0	5	1	1	3	0
OG0000720	AL269U10050	5	1	1	3	0	0.2	0.2	0.6	0.0	4	1	1	2	0
OG0000720	AL3G41370	68	22	0	2	44	0.3235294117647059	0.0	0.029411764705882353	0.6470588235294118	22	11	0	2	20
OG0000720	AL3G41380	64	24	7	33	0	0.375	0.109375	0.515625	0.0	22	21	7	14	0
OG0000720	AL3G41390	55	15	5	35	0	0.2727272727272727	0.09090909090909091	0.6363636363636364	0.0	22	13	5	16	0
OG0000720	AL3G41400	51	10	0	41	0	0.19607843137254902	0.0	0.803921568627451	0.0	21	8	0	20	0
OG0000720	AL8G37440	68	68	0	0	0	1.0	0.0	0.0	0.0	22	22	0	0	0
OG0000724	AL1G66700	15	0	0	0	15	0.0	0.0	0.0	1.0	15	0	0	0	15
OG0000724	AL4G21420	10	0	0	0	10	0.0	0.0	0.0	1.0	10	0	0	0	10
OG0000724	AL5G20730	15	6	0	9	0	0.4	0.0	0.6	0.0	15	6	0	9	0
OG0000724	AL5G23780	16	0	0	5	11	0.0	0.0	0.3125	0.6875	16	0	0	5	11
OG0000724	AL6G37180	18	0	0	0	18	0.0	0.0	0.0	1.0	18	0	0	0	18
OG0000724	AL7G40240	14	0	0	0	14	0.0	0.0	0.0	1.0	14	0	0	0	14
OG0000724	AL8G40900	21	13	0	8	0	0.6190476190476191	0.0	0.38095238095238093	0.0	21	13	0	8	0
OG0000724	AL9U10510	19	13	0	6	0	0.6842105263157895	0.0	0.3157894736842105	0.0	19	13	0	6	0
OG0000725	AL1G32050	3	3	0	0	0	1.0	0.0	0.0	0.0	3	3	0	0	0
OG0000725	AL4G38000	21	21	0	0	0	1.0	0.0	0.0	0.0	21	21	0	0	0
OG0000725	AL4G38030	27	27	0	0	0	1.0	0.0	0.0	0.0	21	21	0	0	0
OG0000725	AL5G23010	20	18	0	2	0	0.9	0.0	0.1	0.0	20	18	0	2	0
OG0000725	AL5G23100	4	4	0	0	0	1.0	0.0	0.0	0.0	4	4	0	0	0
OG0000725	AL5G23110	4	0	0	0	4	0.0	0.0	0.0	1.0	4	0	0	0	4
OG0000725	AL7G22840	5	0	1	4	0	0.0	0.2	0.8	0.0	5	0	1	4	0
OG0000725	AL7G23550	21	21	0	0	0	1.0	0.0	0.0	0.0	21	21	0	0	0
OG0000728	AL1G41300	11	0	0	0	11	0.0	0.0	0.0	1.0	11	0	0	0	11
OG0000728	AL3G31830	18	12	0	0	6	0.6666666666666666	0.0	0.0	0.3333333333333333	18	12	0	0	6
OG0000728	AL6G25390	22	1	7	14	0	0.045454545454545456	0.3181818181818182	0.6363636363636364	0.0	22	1	7	14	0
OG0000731	AL1G54130	23	18	0	5	0	0.782608695652174	0.0	0.21739130434782608	0.0	23	18	0	5	0
OG0000731	AL1G54580	23	1	0	22	0	0.043478260869565216	0.0	0.9565217391304348	0.0	23	1	0	22	0
OG0000731	AL1G54620	15	2	1	12	0	0.13333333333333333	0.06666666666666667	0.8	0.0	15	2	1	12	0
OG0000731	AL1G58610	23	1	2	20	0	0.043478260869565216	0.08695652173913043	0.8695652173913043	0.0	23	1	2	20	0
OG0000731	AL2G11100	21	18	1	2	0	0.8571428571428571	0.047619047619047616	0.09523809523809523	0.0	21	18	1	2	0
OG0000736	AL6G50950	21	8	0	13	0	0.38095238095238093	0.0	0.6190476190476191	0.0	21	8	0	13	0
OG0000739	AL1G65230	22	0	0	0	22	0.0	0.0	0.0	1.0	22	0	0	0	22
OG0000739	AL2G18220	44	0	0	0	44	0.0	0.0	0.0	1.0	22	0	0	0	22
OG0000739	AL2G18240	65	0	0	0	65	0.0	0.0	0.0	1.0	22	0	0	0	22
OG0000739	AL2G18250	21	0	0	0	21	0.0	0.0	0.0	1.0	21	0	0	0	21
OG0000761	AL1G40150	22	1	0	21	0	0.045454545454545456	0.0	0.9545454545454546	0.0	22	1	0	21	0
OG0000761	AL358U10020	24	24	0	0	0	1.0	0.0	0.0	0.0	21	21	0	0	0
OG0000761	AL4G18740	34	22	0	10	2	0.6470588235294118	0.0	0.29411764705882354	0.058823529411764705	21	19	0	9	2
OG0000761	AL5G11470	34	33	0	0	1	0.9705882352941176	0.0	0.0	0.029411764705882353	21	21	0	0	1
OG0000792	AL5G19700	22	7	2	4	9	0.3181818181818182	0.09090909090909091	0.18181818181818182	0.4090909090909091	22	7	2	4	9
OG0000792	AL5G19780	22	1	0	21	0	0.045454545454545456	0.0	0.9545454545454546	0.0	22	1	0	21	0
OG0000817	AL1G56010	17	17	0	0	0	1.0	0.0	0.0	0.0	17	17	0	0	0
OG0000817	AL304U10030	17	17	0	0	0	1.0	0.0	0.0	0.0	17	17	0	0	0
OG0000817	AL3G16010	19	19	0	0	0	1.0	0.0	0.0	0.0	19	19	0	0	0
OG0000817	AL3G16040	19	19	0	0	0	1.0	0.0	0.0	0.0	19	19	0	0	0
OG0000817	AL5G22900	22	0	0	0	22	0.0	0.0	0.0	1.0	22	0	0	0	22
OG0000817	AL6G37010	33	30	0	2	1	0.9090909090909091	0.0	0.06060606060606061	0.030303030303030304	22	22	0	2	1
OG0000817	AL8G28550	55	54	0	0	1	0.9818181818181818	0.0	0.0	0.01818181818181818	23	23	0	0	1
OG0000822	AL249U10020	22	1	0	21	0	0.045454545454545456	0.0	0.9545454545454546	0.0	22	1	0	21	0
OG0000822	AL249U10030	21	8	1	12	0	0.38095238095238093	0.047619047619047616	0.5714285714285714	0.0	21	8	1	12	0
OG0000822	AL249U10050	22	0	0	22	0	0.0	0.0	1.0	0.0	22	0	0	22	0
OG0000822	AL3G34940	22	0	0	22	0	0.0	0.0	1.0	0.0	22	0	0	22	0
OG0000822	AL3G34950	21	3	2	16	0	0.14285714285714285	0.09523809523809523	0.7619047619047619	0.0	21	3	2	16	0
OG0000822	AL3G34960	22	4	0	18	0	0.18181818181818182	0.0	0.8181818181818182	0.0	22	4	0	18	0
OG0000822	AL3G34970	24	1	4	19	0	0.041666666666666664	0.16666666666666666	0.7916666666666666	0.0	21	1	4	19	0
OG0000822	AL3G34990	23	2	2	19	0	0.08695652173913043	0.08695652173913043	0.8260869565217391	0.0	22	2	2	19	0
OG0000846	AL6G39480	22	8	0	0	14	0.36363636363636365	0.0	0.0	0.6363636363636364	22	8	0	0	14
OG0000846	AL7G15460	22	22	0	0	0	1.0	0.0	0.0	0.0	22	22	0	0	0
OG0000846	AL8G14650	22	1	0	20	1	0.045454545454545456	0.0	0.9090909090909091	0.045454545454545456	22	1	0	20	1
OG0000846	AL8G14670	24	2	0	5	17	0.08333333333333333	0.0	0.20833333333333334	0.7083333333333334	22	2	0	5	16
OG0000857	AL1G50610	23	5	2	15	1	0.21739130434782608	0.08695652173913043	0.6521739130434783	0.043478260869565216	23	5	2	15	1
OG0000857	AL6G42660	22	22	0	0	0	1.0	0.0	0.0	0.0	22	22	0	0	0
OG0000865	AL1046U10010	22	22	0	0	0	1.0	0.0	0.0	0.0	22	22	0	0	0
OG0000865	AL1G48240	36	27	0	9	0	0.75	0.0	0.25	0.0	22	19	0	8	0
OG0000865	AL2G15210	52	16	1	30	5	0.3076923076923077	0.019230769230769232	0.5769230769230769	0.09615384615384616	22	14	1	18	4
OG0000865	AL2G18160	70	58	0	1	11	0.8285714285714286	0.0	0.014285714285714285	0.15714285714285714	22	22	0	1	10
OG0000865	AL2G22980	56	56	0	0	0	1.0	0.0	0.0	0.0	22	22	0	0	0
OG0000865	AL355U10010	78	63	0	0	15	0.8076923076923077	0.0	0.0	0.19230769230769232	22	22	0	0	12
OG0000865	AL4G19210	21	21	0	0	0	1.0	0.0	0.0	0.0	21	21	0	0	0
OG0000865	AL5G34660	22	22	0	0	0	1.0	0.0	0.0	0.0	22	22	0	0	0
OG0000865	AL7G42180	46	44	0	0	2	0.9565217391304348	0.0	0.0	0.043478260869565216	19	19	0	0	2
OG0000865	AL7G46420	56	25	0	31	0	0.44642857142857145	0.0	0.5535714285714286	0.0	21	14	0	17	0
OG0000887	AL5G30080	12	2	0	10	0	0.16666666666666666	0.0	0.8333333333333334	0.0	12	2	0	10	0
OG0000887	AL5G30090	9	3	0	4	2	0.3333333333333333	0.0	0.4444444444444444	0.2222222222222222	8	3	0	4	2
OG0000887	AL5G30100	18	16	0	0	2	0.8888888888888888	0.0	0.0	0.1111111111111111	18	16	0	0	2
OG0000887	AL5G30110	12	0	9	1	2	0.0	0.75	0.08333333333333333	0.16666666666666666	11	0	9	1	2
OG0000887	AL8G43970	22	0	0	22	0	0.0	0.0	1.0	0.0	22	0	0	22	0
OG0000893	AL4G26930	22	22	0	0	0	1.0	0.0	0.0	0.0	22	22	0	0	0
OG0000893	AL7G30220	42	25	2	15	0	0.5952380952380952	0.047619047619047616	0.35714285714285715	0.0	23	20	2	12	0
OG0000893	AL7G47240	62	0	0	0	62	0.0	0.0	0.0	1.0	22	0	0	0	22
OG0000893	AL8G16330	22	11	6	5	0	0.5	0.2727272727272727	0.22727272727272727	0.0	22	11	6	5	0
OG0000893	AL8G29070	39	0	0	0	39	0.0	0.0	0.0	1.0	18	0	0	0	18
OG0000907	AL22U10010	22	0	22	0	0	0.0	1.0	0.0	0.0	22	0	22	0	0
OG0000907	AL3G22600	22	2	0	20	0	0.09090909090909091	0.0	0.9090909090909091	0.0	22	2	0	20	0
OG0000907	AL7G20330	15	3	5	7	0	0.2	0.3333333333333333	0.4666666666666667	0.0	15	3	5	7	0
OG0000907	AL7G20370	20	1	2	17	0	0.05	0.1	0.85	0.0	20	1	2	17	0
OG0000907	AL7G51970	25	24	0	0	1	0.96	0.0	0.0	0.04	22	22	0	0	1
OG0000907	AL7G51980	26	26	0	0	0	1.0	0.0	0.0	0.0	22	22	0	0	0
OG0000913	AL1G31240	21	15	1	5	0	0.7142857142857143	0.047619047619047616	0.23809523809523808	0.0	21	15	1	5	0
OG0000913	AL1G31270	22	3	0	15	4	0.13636363636363635	0.0	0.6818181818181818	0.18181818181818182	22	3	0	15	4
OG0000913	AL1G31610	22	2	0	20	0	0.09090909090909091	0.0	0.9090909090909091	0.0	22	2	0	20	0
OG0000913	AL1G34810	6	5	0	1	0	0.8333333333333334	0.0	0.16666666666666666	0.0	6	5	0	1	0
OG0000913	AL1G35170	22	2	3	17	0	0.09090909090909091	0.13636363636363635	0.7727272727272727	0.0	22	2	3	17	0
OG0000913	AL1G35390	15	1	0	14	0	0.06666666666666667	0.0	0.9333333333333333	0.0	15	1	0	14	0
OG0000913	AL1G35480	20	0	0	0	20	0.0	0.0	0.0	1.0	20	0	0	0	20
OG0000913	AL3G33590	6	0	0	6	0	0.0	0.0	1.0	0.0	6	0	0	6	0
OG0000929	AL1G38470	22	22	0	0	0	1.0	0.0	0.0	0.0	22	22	0	0	0
OG0000929	AL1G38480	22	22	0	0	0	1.0	0.0	0.0	0.0	22	22	0	0	0
OG0000929	AL1G38490	40	40	0	0	0	1.0	0.0	0.0	0.0	22	22	0	0	0
OG0000929	AL8G21080	33	31	1	1	0	0.9393939393939394	0.030303030303030304	0.030303030303030304	0.0	22	22	1	1	0
OG0000929	AL8G21090	30	26	0	4	0	0.8666666666666667	0.0	0.13333333333333333	0.0	22	22	0	4	0
OG0000949	AL6G38960	22	5	0	17	0	0.22727272727272727	0.0	0.7727272727272727	0.0	22	5	0	17	0
OG0000949	AL6G38970	43	2	0	41	0	0.046511627906976744	0.0	0.9534883720930233	0.0	22	2	0	22	0
OG0000949	AL6G40080	44	15	0	29	0	0.3409090909090909	0.0	0.6590909090909091	0.0	22	13	0	22	0
OG0000949	AL6G40090	70	29	0	41	0	0.4142857142857143	0.0	0.5857142857142857	0.0	22	21	0	22	0
OG0000962	AL4G26670	22	9	0	13	0	0.4090909090909091	0.0	0.5909090909090909	0.0	22	9	0	13	0
OG0000962	AL4G27540	22	0	4	18	0	0.0	0.18181818181818182	0.8181818181818182	0.0	22	0	4	18	0
OG0000962	AL4G28060	22	0	6	16	0	0.0	0.2727272727272727	0.7272727272727273	0.0	22	0	6	16	0
OG0000962	AL4G28420	21	0	2	19	0	0.0	0.09523809523809523	0.9047619047619048	0.0	21	0	2	19	0
OG0001007	AL123U10010	22	22	0	0	0	1.0	0.0	0.0	0.0	22	22	0	0	0
OG0001007	AL26U10030	14	10	0	4	0	0.7142857142857143	0.0	0.2857142857142857	0.0	12	10	0	4	0
OG0001007	AL26U10060	24	24	0	0	0	1.0	0.0	0.0	0.0	16	16	0	0	0
OG0001007	AL3G40880	24	23	0	0	1	0.9583333333333334	0.0	0.0	0.041666666666666664	18	18	0	0	1
OG0001007	AL3G40890	11	1	1	9	0	0.09090909090909091	0.09090909090909091	0.8181818181818182	0.0	11	1	1	9	0
OG0001007	AL3G41020	31	23	2	4	2	0.7419354838709677	0.06451612903225806	0.12903225806451613	0.06451612903225806	18	17	2	4	2
OG0001007	AL3G41050	26	26	0	0	0	1.0	0.0	0.0	0.0	21	21	0	0	0
OG0001019	AL5G41770	22	0	1	21	0	0.0	0.045454545454545456	0.9545454545454546	0.0	22	0	1	21	0
OG0001019	AL5G41790	22	12	1	2	7	0.5454545454545454	0.045454545454545456	0.09090909090909091	0.3181818181818182	22	12	1	2	7
OG0001038	AL5G11890	17	7	7	3	0	0.4117647058823529	0.4117647058823529	0.17647058823529413	0.0	17	7	7	3	0
OG0001079	AL6G28130	9	0	0	9	0	0.0	0.0	1.0	0.0	9	0	0	9	0
OG0001079	AL7G37270	14	0	0	0	14	0.0	0.0	0.0	1.0	14	0	0	0	14
OG0001079	AL96U10010	8	4	0	1	3	0.5	0.0	0.125	0.375	8	4	0	1	3
OG0001115	AL1G50110	22	0	0	22	0	0.0	0.0	1.0	0.0	22	0	0	22	0
OG0001115	AL1G50120	22	22	0	0	0	1.0	0.0	0.0	0.0	22	22	0	0	0
OG0001115	AL1G50150	22	0	7	15	0	0.0	0.3181818181818182	0.6818181818181818	0.0	22	0	7	15	0
OG0001115	AL1G50170	21	0	1	20	0	0.0	0.047619047619047616	0.9523809523809523	0.0	21	0	1	20	0
OG0001115	AL1G50190	22	8	3	11	0	0.36363636363636365	0.13636363636363635	0.5	0.0	22	8	3	11	0
OG0001115	AL1G50210	24	20	2	2	0	0.8333333333333334	0.08333333333333333	0.08333333333333333	0.0	22	18	2	2	0
OG0001115	AL1G50220	24	0	0	5	19	0.0	0.0	0.20833333333333334	0.7916666666666666	22	0	0	5	19
OG0001127	AL1G56990	21	2	0	19	0	0.09523809523809523	0.0	0.9047619047619048	0.0	21	2	0	19	0
OG0001127	AL2G19320	38	0	0	0	38	0.0	0.0	0.0	1.0	21	0	0	0	21
OG0001127	AL3G40990	19	5	7	7	0	0.2631578947368421	0.3684210526315789	0.3684210526315789	0.0	19	5	7	7	0
OG0001127	AL4G18060	53	50	0	3	0	0.9433962264150944	0.0	0.05660377358490566	0.0	21	19	0	3	0
OG0001127	AL5G24470	10	5	0	5	0	0.5	0.0	0.5	0.0	10	5	0	5	0
OG0001127	AL6G38890	19	10	2	7	0	0.5263157894736842	0.10526315789473684	0.3684210526315789	0.0	19	10	2	7	0
OG0001127	AL6G49470	30	6	13	11	0	0.2	0.43333333333333335	0.36666666666666664	0.0	19	6	11	8	0
OG0001132	AL5G19550	15	14	0	1	0	0.9333333333333333	0.0	0.06666666666666667	0.0	15	14	0	1	0
OG0001132	AL7G52290	15	14	0	0	1	0.9333333333333333	0.0	0.0	0.06666666666666667	15	14	0	0	1
OG0001132	AL7G52310	41	41	0	0	0	1.0	0.0	0.0	0.0	22	22	0	0	0
OG0001132	AL7G52360	47	30	0	0	17	0.6382978723404256	0.0	0.0	0.3617021276595745	21	17	0	0	13
OG0001132	AL7G52380	63	62	0	0	1	0.9841269841269841	0.0	0.0	0.015873015873015872	22	22	0	0	1
OG0001132	AL7G52410	77	69	0	0	8	0.8961038961038961	0.0	0.0	0.1038961038961039	22	22	0	0	8
OG0001135	AL1G45700	6	6	0	0	0	1.0	0.0	0.0	0.0	6	6	0	0	0
OG0001135	AL1G57250	9	6	0	3	0	0.6666666666666666	0.0	0.3333333333333333	0.0	9	6	0	3	0
OG0001135	AL211U10020	11	9	0	2	0	0.8181818181818182	0.0	0.18181818181818182	0.0	11	9	0	2	0
OG0001135	AL3G21260	7	7	0	0	0	1.0	0.0	0.0	0.0	7	7	0	0	0
OG0001135	AL446U10030	10	7	0	3	0	0.7	0.0	0.3	0.0	10	7	0	3	0
OG0001135	AL4G19890	14	14	0	0	0	1.0	0.0	0.0	0.0	14	14	0	0	0
OG0001135	AL4G30840	8	8	0	0	0	1.0	0.0	0.0	0.0	8	8	0	0	0
OG0001135	AL9U11170	23	13	0	3	7	0.5652173913043478	0.0	0.13043478260869565	0.30434782608695654	15	10	0	3	7
