family_id	gene	final_status	n	total_n	prop
OG0000007	AL3G16620	F	3	23	0.13043478260869565
OG0000007	AL3G16620	P	1	23	0.043478260869565216
OG0000007	AL3G16620	U	19	23	0.8260869565217391
OG0000009	AL1G65610	F	21	21	1.0
OG0000009	AL4G20070	P	21	21	1.0
OG0000009	AL5G15900	P	15	17	0.8823529411764706
OG0000009	AL5G15900	U	2	17	0.11764705882352941
OG0000009	AL5G15910	F	9	21	0.42857142857142855
OG0000009	AL5G15910	P	4	21	0.19047619047619047
OG0000009	AL5G15910	U	8	21	0.38095238095238093
OG0000009	AL5G28540	F	6	19	0.3157894736842105
OG0000009	AL5G28540	P	11	19	0.5789473684210527
OG0000009	AL5G28540	U	2	19	0.10526315789473684
OG0000009	AL5G28550	F	10	16	0.625
OG0000009	AL5G28550	P	2	16	0.125
OG0000009	AL5G28550	U	4	16	0.25
OG0000009	AL5G28950	F	1	22	0.045454545454545456
OG0000009	AL5G28950	U	21	22	0.9545454545454546
OG0000009	AL5G30872	P	21	21	1.0
OG0000009	AL5G31970	P	22	22	1.0
OG0000009	AL5G36020	P	20	20	1.0
OG0000009	AL6G44330	P	17	17	1.0
OG0000009	AL6G44360	P	17	17	1.0
OG0000009	AL6G44370	P	16	16	1.0
OG0000009	AL7G26600	P	22	22	1.0
OG0000009	AL7G51940	P	21	22	0.9545454545454546
OG0000009	AL7G51940	U	1	22	0.045454545454545456
OG0000009	AL7G51960	A	19	22	0.8636363636363636
OG0000009	AL7G51960	P	3	22	0.13636363636363635
OG0000009	AL7G52000	F	2	21	0.09523809523809523
OG0000009	AL7G52000	P	18	21	0.8571428571428571
OG0000009	AL7G52000	U	1	21	0.047619047619047616
OG0000009	AL7G52020	F	4	22	0.18181818181818182
OG0000009	AL7G52020	P	17	22	0.7727272727272727
OG0000009	AL7G52020	U	1	22	0.045454545454545456
OG0000009	AL8G17190	P	22	22	1.0
OG0000009	AL8G32200	P	21	21	1.0
OG0000009	AL8G32500	P	5	22	0.22727272727272727
OG0000009	AL8G32500	U	17	22	0.7727272727272727
OG0000009	AL8G32520	P	23	25	0.92
OG0000009	AL8G32520	U	2	25	0.08
OG0000009	AL8G32530	U	2	2	1.0
OG0000009	AL8G40480	P	22	22	1.0
OG0000009	AL8G41770	P	4	20	0.2
OG0000009	AL8G41770	U	16	20	0.8
OG0000012	AL1G49650	P	17	18	0.9444444444444444
OG0000012	AL1G49650	U	1	18	0.05555555555555555
OG0000012	AL1G49660	F	1	30	0.03333333333333333
OG0000012	AL1G49660	P	27	30	0.9
OG0000012	AL1G49660	U	2	30	0.06666666666666667
OG0000012	AL1G66550	P	10	10	1.0
OG0000012	AL1G66560	P	23	23	1.0
OG0000012	AL3G42870	F	1	9	0.1111111111111111
OG0000012	AL3G42870	P	3	9	0.3333333333333333
OG0000012	AL3G42870	U	5	9	0.5555555555555556
OG0000012	AL3G42880	A	13	40	0.325
OG0000012	AL3G42880	F	3	40	0.075
OG0000012	AL3G42880	P	9	40	0.225
OG0000012	AL3G42880	U	15	40	0.375
OG0000012	AL3G42890	A	26	27	0.9629629629629629
OG0000012	AL3G42890	U	1	27	0.037037037037037035
OG0000012	AL3G42900	F	1	27	0.037037037037037035
OG0000012	AL3G42900	P	15	27	0.5555555555555556
OG0000012	AL3G42900	U	11	27	0.4074074074074074
OG0000012	AL5G23140	P	9	22	0.4090909090909091
OG0000012	AL5G23140	U	13	22	0.5909090909090909
OG0000012	AL5G23200	P	9	17	0.5294117647058824
OG0000012	AL5G23200	U	8	17	0.47058823529411764
OG0000012	AL5G23230	A	24	61	0.39344262295081966
OG0000012	AL5G23230	F	5	61	0.08196721311475409
OG0000012	AL5G23230	P	26	61	0.4262295081967213
OG0000012	AL5G23230	U	6	61	0.09836065573770492
OG0000012	AL5G39900	P	22	22	1.0
OG0000012	AL5G39910	P	22	22	1.0
OG0000012	AL5G39920	P	56	56	1.0
OG0000012	AL5G39940	A	8	66	0.12121212121212122
OG0000012	AL5G39940	P	58	66	0.8787878787878788
OG0000012	AL5G39960	P	22	22	1.0
OG0000012	AL5G39970	A	3	33	0.09090909090909091
OG0000012	AL5G39970	P	30	33	0.9090909090909091
OG0000012	AL5G39980	P	22	22	1.0
OG0000012	AL5G40000	P	39	39	1.0
OG0000012	AL5G40020	P	22	22	1.0
OG0000012	AL5G40070	P	38	38	1.0
OG0000012	AL5G40100	P	22	22	1.0
OG0000012	AL5G40110	P	22	22	1.0
OG0000012	AL5G40120	P	21	21	1.0
OG0000012	AL5G40140	P	29	29	1.0
OG0000012	AL5G40170	P	20	20	1.0
OG0000015	AL1G53250	A	15	15	1.0
OG0000015	AL1G56200	A	18	18	1.0
OG0000015	AL1G56270	A	1	23	0.043478260869565216
OG0000015	AL1G56270	F	2	23	0.08695652173913043
OG0000015	AL1G56270	P	16	23	0.6956521739130435
OG0000015	AL1G56270	U	4	23	0.17391304347826086
OG0000015	AL1G61030	P	5	11	0.45454545454545453
OG0000015	AL1G61030	U	6	11	0.5454545454545454
OG0000015	AL2G10360	P	5	6	0.8333333333333334
OG0000015	AL2G10360	U	1	6	0.16666666666666666
OG0000015	AL2G38250	A	21	22	0.9545454545454546
OG0000015	AL2G38250	P	1	22	0.045454545454545456
OG0000015	AL364U10020	A	8	21	0.38095238095238093
OG0000015	AL364U10020	P	13	21	0.6190476190476191
OG0000015	AL3G39750	A	2	22	0.09090909090909091
OG0000015	AL3G39750	P	20	22	0.9090909090909091
OG0000015	AL3G40240	A	13	13	1.0
OG0000015	AL3G45200	A	21	21	1.0
OG0000015	AL3G53150	P	20	20	1.0
OG0000015	AL4G28120	P	7	14	0.5
OG0000015	AL4G28120	U	7	14	0.5
OG0000015	AL4G41810	A	22	22	1.0
OG0000015	AL6G39210	F	5	14	0.35714285714285715
OG0000015	AL6G39210	U	9	14	0.6428571428571429
OG0000015	AL7G30150	P	16	16	1.0
OG0000015	AL7G34100	A	8	8	1.0
OG0000015	AL8G11480	A	23	23	1.0
OG0000015	AL8G14770	F	2	14	0.14285714285714285
OG0000015	AL8G14770	P	11	14	0.7857142857142857
OG0000015	AL8G14770	U	1	14	0.07142857142857142
OG0000016	AL1G16610	U	22	22	1.0
OG0000016	AL1G23620	F	4	22	0.18181818181818182
OG0000016	AL1G23620	P	6	22	0.2727272727272727
OG0000016	AL1G23620	U	12	22	0.5454545454545454
OG0000016	AL1G23630	F	7	44	0.1590909090909091
OG0000016	AL1G23630	P	4	44	0.09090909090909091
OG0000016	AL1G23630	U	33	44	0.75
OG0000016	AL1G23970	F	6	29	0.20689655172413793
OG0000016	AL1G23970	P	2	29	0.06896551724137931
OG0000016	AL1G23970	U	21	29	0.7241379310344828
OG0000016	AL1G24070	F	1	29	0.034482758620689655
OG0000016	AL1G24070	P	28	29	0.9655172413793104
OG0000016	AL1G24080	F	45	64	0.703125
OG0000016	AL1G24080	P	14	64	0.21875
OG0000016	AL1G24080	U	5	64	0.078125
OG0000016	AL1G24180	F	33	61	0.5409836065573771
OG0000016	AL1G24180	P	23	61	0.3770491803278688
OG0000016	AL1G24180	U	5	61	0.08196721311475409
OG0000016	AL1G24190	P	19	22	0.8636363636363636
OG0000016	AL1G24190	U	3	22	0.13636363636363635
OG0000016	AL2G10190	P	2	22	0.09090909090909091
OG0000016	AL2G10190	U	20	22	0.9090909090909091
OG0000016	AL2G11490	F	7	22	0.3181818181818182
OG0000016	AL2G11490	P	1	22	0.045454545454545456
OG0000016	AL2G11490	U	14	22	0.6363636363636364
OG0000016	AL2G11830	F	1	23	0.043478260869565216
OG0000016	AL2G11830	P	3	23	0.13043478260869565
OG0000016	AL2G11830	U	19	23	0.8260869565217391
OG0000016	AL2G12460	F	8	29	0.27586206896551724
OG0000016	AL2G12460	P	10	29	0.3448275862068966
OG0000016	AL2G12460	U	11	29	0.3793103448275862
OG0000016	AL2G12470	F	1	26	0.038461538461538464
OG0000016	AL2G12470	P	9	26	0.34615384615384615
OG0000016	AL2G12470	U	16	26	0.6153846153846154
OG0000016	AL2G12500	A	1	39	0.02564102564102564
OG0000016	AL2G12500	F	17	39	0.4358974358974359
OG0000016	AL2G12500	P	14	39	0.358974358974359
OG0000016	AL2G12500	U	7	39	0.1794871794871795
OG0000016	AL2G12780	F	2	22	0.09090909090909091
OG0000016	AL2G12780	P	3	22	0.13636363636363635
OG0000016	AL2G12780	U	17	22	0.7727272727272727
OG0000016	AL2G12790	F	31	37	0.8378378378378378
OG0000016	AL2G12790	P	6	37	0.16216216216216217
OG0000016	AL2G12810	F	18	37	0.4864864864864865
OG0000016	AL2G12810	P	8	37	0.21621621621621623
OG0000016	AL2G12810	U	11	37	0.2972972972972973
OG0000016	AL2G12820	F	7	59	0.11864406779661017
OG0000016	AL2G12820	P	38	59	0.6440677966101694
OG0000016	AL2G12820	U	14	59	0.23728813559322035
OG0000016	AL2G12830	F	29	49	0.5918367346938775
OG0000016	AL2G12830	P	8	49	0.16326530612244897
OG0000016	AL2G12830	U	12	49	0.24489795918367346
OG0000016	AL2G13070	U	22	22	1.0
OG0000016	AL2G13120	U	22	22	1.0
OG0000016	AL2G13130	F	22	83	0.26506024096385544
OG0000016	AL2G13130	P	46	83	0.5542168674698795
OG0000016	AL2G13130	U	15	83	0.18072289156626506
OG0000016	AL2G13140	A	5	42	0.11904761904761904
OG0000016	AL2G13140	F	7	42	0.16666666666666666
OG0000016	AL2G13140	P	26	42	0.6190476190476191
OG0000016	AL2G13140	U	4	42	0.09523809523809523
OG0000016	AL2G13150	F	4	82	0.04878048780487805
OG0000016	AL2G13150	P	64	82	0.7804878048780488
OG0000016	AL2G13150	U	14	82	0.17073170731707318
OG0000016	AL2G13170	F	2	25	0.08
OG0000016	AL2G13170	P	8	25	0.32
OG0000016	AL2G13170	U	15	25	0.6
OG0000016	AL2G13280	F	12	51	0.23529411764705882
OG0000016	AL2G13280	P	30	51	0.5882352941176471
OG0000016	AL2G13280	U	9	51	0.17647058823529413
OG0000016	AL2G18840	P	33	36	0.9166666666666666
OG0000016	AL2G18840	U	3	36	0.08333333333333333
OG0000016	AL3G29642	P	1	22	0.045454545454545456
OG0000016	AL3G29642	U	21	22	0.9545454545454546
OG0000016	AL3G36780	F	1	22	0.045454545454545456
OG0000016	AL3G36780	P	7	22	0.3181818181818182
OG0000016	AL3G36780	U	14	22	0.6363636363636364
OG0000016	AL6G27650	U	22	22	1.0
OG0000016	AL7G48260	F	1	22	0.045454545454545456
OG0000016	AL7G48260	U	21	22	0.9545454545454546
OG0000022	AL164U10020	P	16	16	1.0
OG0000022	AL2G18450	P	21	22	0.9545454545454546
OG0000022	AL2G18450	U	1	22	0.045454545454545456
OG0000022	AL3G12540	U	22	22	1.0
OG0000022	AL3G12550	F	2	22	0.09090909090909091
OG0000022	AL3G12550	P	1	22	0.045454545454545456
OG0000022	AL3G12550	U	19	22	0.8636363636363636
OG0000022	AL5G16810	F	5	19	0.2631578947368421
OG0000022	AL5G16810	P	9	19	0.47368421052631576
OG0000022	AL5G16810	U	5	19	0.2631578947368421
OG0000022	AL5G40710	F	2	22	0.09090909090909091
OG0000022	AL5G40710	P	1	22	0.045454545454545456
OG0000022	AL5G40710	U	19	22	0.8636363636363636
OG0000022	AL5G41040	F	1	22	0.045454545454545456
OG0000022	AL5G41040	P	8	22	0.36363636363636365
OG0000022	AL5G41040	U	13	22	0.5909090909090909
OG0000022	AL5G41050	P	21	22	0.9545454545454546
OG0000022	AL5G41050	U	1	22	0.045454545454545456
OG0000022	AL5G41060	F	1	22	0.045454545454545456
OG0000022	AL5G41060	P	5	22	0.22727272727272727
OG0000022	AL5G41060	U	16	22	0.7272727272727273
OG0000022	AL5G41070	P	2	22	0.09090909090909091
OG0000022	AL5G41070	U	20	22	0.9090909090909091
OG0000022	AL5G41080	F	1	22	0.045454545454545456
OG0000022	AL5G41080	U	21	22	0.9545454545454546
OG0000022	AL5G41090	P	4	22	0.18181818181818182
OG0000022	AL5G41090	U	18	22	0.8181818181818182
OG0000022	AL5G41120	P	22	22	1.0
OG0000022	AL5G41130	P	22	22	1.0
OG0000022	AL7G42310	P	22	22	1.0
OG0000022	AL8G16450	P	20	22	0.9090909090909091
OG0000022	AL8G16450	U	2	22	0.09090909090909091
OG0000024	AL1G21900	P	21	21	1.0
OG0000024	AL1G61840	F	2	23	0.08695652173913043
OG0000024	AL1G61840	P	5	23	0.21739130434782608
OG0000024	AL1G61840	U	16	23	0.6956521739130435
OG0000024	AL1G65650	P	15	16	0.9375
OG0000024	AL1G65650	U	1	16	0.0625
OG0000024	AL1G65670	F	1	16	0.0625
OG0000024	AL1G65670	P	1	16	0.0625
OG0000024	AL1G65670	U	14	16	0.875
OG0000024	AL293U10010	A	3	21	0.14285714285714285
OG0000024	AL293U10010	P	18	21	0.8571428571428571
OG0000024	AL2G16980	P	9	22	0.4090909090909091
OG0000024	AL2G16980	U	13	22	0.5909090909090909
OG0000024	AL2G17070	A	24	24	1.0
OG0000024	AL2G17080	A	7	17	0.4117647058823529
OG0000024	AL2G17080	F	3	17	0.17647058823529413
OG0000024	AL2G17080	P	5	17	0.29411764705882354
OG0000024	AL2G17080	U	2	17	0.11764705882352941
OG0000024	AL2G17090	P	20	24	0.8333333333333334
OG0000024	AL2G17090	U	4	24	0.16666666666666666
OG0000024	AL2G17100	A	1	26	0.038461538461538464
OG0000024	AL2G17100	F	5	26	0.19230769230769232
OG0000024	AL2G17100	P	17	26	0.6538461538461539
OG0000024	AL2G17100	U	3	26	0.11538461538461539
OG0000024	AL2G17250	P	20	20	1.0
OG0000024	AL2G17390	P	19	19	1.0
OG0000024	AL2G17410	F	1	14	0.07142857142857142
OG0000024	AL2G17410	P	2	14	0.14285714285714285
OG0000024	AL2G17410	U	11	14	0.7857142857142857
OG0000024	AL2G17420	P	15	15	1.0
OG0000024	AL2G17430	P	15	15	1.0
OG0000024	AL2G17650	P	12	12	1.0
OG0000024	AL2G17810	F	1	19	0.05263157894736842
OG0000024	AL2G17810	P	9	19	0.47368421052631576
OG0000024	AL2G17810	U	9	19	0.47368421052631576
OG0000024	AL2G17820	A	1	18	0.05555555555555555
OG0000024	AL2G17820	P	14	18	0.7777777777777778
OG0000024	AL2G17820	U	3	18	0.16666666666666666
OG0000024	AL2G17830	A	1	18	0.05555555555555555
OG0000024	AL2G17830	F	2	18	0.1111111111111111
OG0000024	AL2G17830	P	11	18	0.6111111111111112
OG0000024	AL2G17830	U	4	18	0.2222222222222222
OG0000024	AL625U10020	A	43	43	1.0
OG0000024	AL6G33840	P	4	22	0.18181818181818182
OG0000024	AL6G33840	U	18	22	0.8181818181818182
OG0000024	AL7G39090	P	22	22	1.0
OG0000024	AL7G46780	A	3	15	0.2
OG0000024	AL7G46780	P	9	15	0.6
OG0000024	AL7G46780	U	3	15	0.2
OG0000024	AL8G21620	F	12	30	0.4
OG0000024	AL8G21620	P	16	30	0.5333333333333333
OG0000024	AL8G21620	U	2	30	0.06666666666666667
OG0000024	AL8G21640	A	8	61	0.13114754098360656
OG0000024	AL8G21640	F	8	61	0.13114754098360656
OG0000024	AL8G21640	P	28	61	0.45901639344262296
OG0000024	AL8G21640	U	17	61	0.2786885245901639
OG0000027	AL3G33760	F	2	21	0.09523809523809523
OG0000027	AL3G33760	P	7	21	0.3333333333333333
OG0000027	AL3G33760	U	12	21	0.5714285714285714
OG0000027	AL3G33770	A	4	22	0.18181818181818182
OG0000027	AL3G33770	F	2	22	0.09090909090909091
OG0000027	AL3G33770	P	5	22	0.22727272727272727
OG0000027	AL3G33770	U	11	22	0.5
OG0000027	AL3G33780	P	1	22	0.045454545454545456
OG0000027	AL3G33780	U	21	22	0.9545454545454546
OG0000027	AL3G33790	A	2	21	0.09523809523809523
OG0000027	AL3G33790	P	1	21	0.047619047619047616
OG0000027	AL3G33790	U	18	21	0.8571428571428571
OG0000027	AL3G33800	P	3	21	0.14285714285714285
OG0000027	AL3G33800	U	18	21	0.8571428571428571
OG0000027	AL3G33810	P	15	22	0.6818181818181818
OG0000027	AL3G33810	U	7	22	0.3181818181818182
OG0000027	AL3G33830	F	2	20	0.1
OG0000027	AL3G33830	P	11	20	0.55
OG0000027	AL3G33830	U	7	20	0.35
OG0000027	AL3G34900	P	1	22	0.045454545454545456
OG0000027	AL3G34900	U	21	22	0.9545454545454546
OG0000027	AL3G42780	F	1	22	0.045454545454545456
OG0000027	AL3G42780	P	12	22	0.5454545454545454
OG0000027	AL3G42780	U	9	22	0.4090909090909091
OG0000027	AL4G20490	F	2	22	0.09090909090909091
OG0000027	AL4G20490	P	2	22	0.09090909090909091
OG0000027	AL4G20490	U	18	22	0.8181818181818182
OG0000027	AL7G40280	P	18	18	1.0
OG0000027	AL7G40290	P	18	18	1.0
OG0000027	AL8G20150	P	1	7	0.14285714285714285
OG0000027	AL8G20150	U	6	7	0.8571428571428571
OG0000029	AL1G45230	F	1	20	0.05
OG0000029	AL1G45230	P	6	20	0.3
OG0000029	AL1G45230	U	13	20	0.65
OG0000029	AL1G45270	F	1	18	0.05555555555555555
OG0000029	AL1G45270	P	14	18	0.7777777777777778
OG0000029	AL1G45270	U	3	18	0.16666666666666666
OG0000029	AL1G45280	F	4	17	0.23529411764705882
OG0000029	AL1G45280	P	13	17	0.7647058823529411
OG0000029	AL1G45290	P	6	11	0.5454545454545454
OG0000029	AL1G45290	U	5	11	0.45454545454545453
OG0000029	AL1G45300	F	1	23	0.043478260869565216
OG0000029	AL1G45300	P	8	23	0.34782608695652173
OG0000029	AL1G45300	U	14	23	0.6086956521739131
OG0000029	AL1G45350	P	22	22	1.0
OG0000029	AL1G45470	F	1	17	0.058823529411764705
OG0000029	AL1G45470	P	3	17	0.17647058823529413
OG0000029	AL1G45470	U	13	17	0.7647058823529411
OG0000029	AL1G45480	P	2	21	0.09523809523809523
OG0000029	AL1G45480	U	19	21	0.9047619047619048
OG0000029	AL1G45490	F	1	21	0.047619047619047616
OG0000029	AL1G45490	P	3	21	0.14285714285714285
OG0000029	AL1G45490	U	17	21	0.8095238095238095
OG0000029	AL1G45510	F	1	20	0.05
OG0000029	AL1G45510	P	3	20	0.15
OG0000029	AL1G45510	U	16	20	0.8
OG0000029	AL1G45520	P	7	12	0.5833333333333334
OG0000029	AL1G45520	U	5	12	0.4166666666666667
OG0000029	AL1G45530	A	20	20	1.0
OG0000029	AL1G45540	F	4	18	0.2222222222222222
OG0000029	AL1G45540	P	3	18	0.16666666666666666
OG0000029	AL1G45540	U	11	18	0.6111111111111112
OG0000029	AL1G45550	P	3	10	0.3
OG0000029	AL1G45550	U	7	10	0.7
OG0000029	AL1G45560	F	5	10	0.5
OG0000029	AL1G45560	P	2	10	0.2
OG0000029	AL1G45560	U	3	10	0.3
OG0000029	AL1G45570	F	8	23	0.34782608695652173
OG0000029	AL1G45570	P	11	23	0.4782608695652174
OG0000029	AL1G45570	U	4	23	0.17391304347826086
OG0000029	AL1G45580	F	6	21	0.2857142857142857
OG0000029	AL1G45580	P	11	21	0.5238095238095238
OG0000029	AL1G45580	U	4	21	0.19047619047619047
OG0000029	AL1G45590	F	8	12	0.6666666666666666
OG0000029	AL1G45590	P	2	12	0.16666666666666666
OG0000029	AL1G45590	U	2	12	0.16666666666666666
OG0000029	AL1G45600	U	4	4	1.0
OG0000029	AL1G45610	F	1	22	0.045454545454545456
OG0000029	AL1G45610	P	14	22	0.6363636363636364
OG0000029	AL1G45610	U	7	22	0.3181818181818182
OG0000029	AL1G46260	P	6	21	0.2857142857142857
OG0000029	AL1G46260	U	15	21	0.7142857142857143
OG0000029	AL1G46270	A	2	22	0.09090909090909091
OG0000029	AL1G46270	P	6	22	0.2727272727272727
OG0000029	AL1G46270	U	14	22	0.6363636363636364
OG0000029	AL1G46280	P	13	22	0.5909090909090909
OG0000029	AL1G46280	U	9	22	0.4090909090909091
OG0000029	AL2G25510	F	1	14	0.07142857142857142
OG0000029	AL2G25510	P	7	14	0.5
OG0000029	AL2G25510	U	6	14	0.42857142857142855
OG0000029	AL3G45420	P	9	21	0.42857142857142855
OG0000029	AL3G45420	U	12	21	0.5714285714285714
OG0000029	AL4G14910	A	2	15	0.13333333333333333
OG0000029	AL4G14910	F	6	15	0.4
OG0000029	AL4G14910	P	4	15	0.26666666666666666
OG0000029	AL4G14910	U	3	15	0.2
OG0000029	AL4G14930	A	1	21	0.047619047619047616
OG0000029	AL4G14930	P	20	21	0.9523809523809523
OG0000029	AL4G35160	P	22	22	1.0
OG0000029	AL5G23680	P	1	22	0.045454545454545456
OG0000029	AL5G23680	U	21	22	0.9545454545454546
OG0000029	AL5G38280	U	21	21	1.0
OG0000029	AL5G39160	P	4	24	0.16666666666666666
OG0000029	AL5G39160	U	20	24	0.8333333333333334
OG0000029	AL5G39170	F	1	22	0.045454545454545456
OG0000029	AL5G39170	P	1	22	0.045454545454545456
OG0000029	AL5G39170	U	20	22	0.9090909090909091
OG0000029	AL6G43880	P	17	21	0.8095238095238095
OG0000029	AL6G43880	U	4	21	0.19047619047619047
OG0000029	AL756U10010	A	11	21	0.5238095238095238
OG0000029	AL756U10010	P	4	21	0.19047619047619047
OG0000029	AL756U10010	U	6	21	0.2857142857142857
OG0000030	AL2G33070	P	22	22	1.0
OG0000030	AL3G21810	P	2	22	0.09090909090909091
OG0000030	AL3G21810	U	20	22	0.9090909090909091
OG0000030	AL3G23890	P	20	20	1.0
OG0000030	AL3G23900	P	22	22	1.0
OG0000030	AL4G12560	F	3	22	0.13636363636363635
OG0000030	AL4G12560	P	13	22	0.5909090909090909
OG0000030	AL4G12560	U	6	22	0.2727272727272727
OG0000030	AL4G12610	P	21	22	0.9545454545454546
OG0000030	AL4G12610	U	1	22	0.045454545454545456
OG0000030	AL4G12620	A	2	25	0.08
OG0000030	AL4G12620	F	1	25	0.04
OG0000030	AL4G12620	P	4	25	0.16
OG0000030	AL4G12620	U	18	25	0.72
OG0000030	AL4G12630	F	1	22	0.045454545454545456
OG0000030	AL4G12630	P	11	22	0.5
OG0000030	AL4G12630	U	10	22	0.45454545454545453
OG0000030	AL4G12640	F	3	21	0.14285714285714285
OG0000030	AL4G12640	P	8	21	0.38095238095238093
OG0000030	AL4G12640	U	10	21	0.47619047619047616
OG0000030	AL4G12650	A	1	22	0.045454545454545456
OG0000030	AL4G12650	P	4	22	0.18181818181818182
OG0000030	AL4G12650	U	17	22	0.7727272727272727
OG0000030	AL4G12670	F	2	24	0.08333333333333333
OG0000030	AL4G12670	P	10	24	0.4166666666666667
OG0000030	AL4G12670	U	12	24	0.5
OG0000038	AL7G45050	P	18	18	1.0
OG0000038	AL7G46370	P	18	19	0.9473684210526315
OG0000038	AL7G46370	U	1	19	0.05263157894736842
OG0000039	AL5G25540	P	22	22	1.0
OG0000039	AL5G25550	P	21	21	1.0
OG0000039	AL5G25590	P	22	22	1.0
OG0000039	AL5G25610	P	21	21	1.0
OG0000039	AL5G25630	P	22	22	1.0
OG0000039	AL5G25640	P	22	22	1.0
OG0000039	AL5G25650	P	22	22	1.0
OG0000039	AL5G25660	P	22	22	1.0
OG0000039	AL5G25670	P	29	29	1.0
OG0000039	AL5G25690	P	23	23	1.0
OG0000039	AL7G52904	P	21	21	1.0
OG0000039	AL7G52952	P	21	21	1.0
OG0000039	AL7G52980	P	23	23	1.0
OG0000039	AL8G36070	P	22	22	1.0
OG0000039	AL8G36080	P	35	35	1.0
OG0000039	AL8G36090	P	14	14	1.0
OG0000040	AL236U10020	P	3	21	0.14285714285714285
OG0000040	AL236U10020	U	18	21	0.8571428571428571
OG0000040	AL2G24370	U	1	1	1.0
OG0000040	AL3G40910	P	4	21	0.19047619047619047
OG0000040	AL3G40910	U	17	21	0.8095238095238095
OG0000040	AL628U10010	P	5	30	0.16666666666666666
OG0000040	AL628U10010	U	25	30	0.8333333333333334
OG0000040	AL6G19150	P	5	20	0.25
OG0000040	AL6G19150	U	15	20	0.75
OG0000040	AL8G27430	A	1	22	0.045454545454545456
OG0000040	AL8G27430	F	1	22	0.045454545454545456
OG0000040	AL8G27430	P	2	22	0.09090909090909091
OG0000040	AL8G27430	U	18	22	0.8181818181818182
OG0000040	AL8G27440	F	1	22	0.045454545454545456
OG0000040	AL8G27440	P	4	22	0.18181818181818182
OG0000040	AL8G27440	U	17	22	0.7727272727272727
OG0000040	AL8G28780	U	18	18	1.0
OG0000040	AL8G29750	F	1	18	0.05555555555555555
OG0000040	AL8G29750	P	2	18	0.1111111111111111
OG0000040	AL8G29750	U	15	18	0.8333333333333334
OG0000040	AL8G29760	P	2	18	0.1111111111111111
OG0000040	AL8G29760	U	16	18	0.8888888888888888
OG0000040	AL8G29780	F	9	20	0.45
OG0000040	AL8G29780	P	2	20	0.1
OG0000040	AL8G29780	U	9	20	0.45
OG0000040	AL8G29920	P	1	4	0.25
OG0000040	AL8G29920	U	3	4	0.75
OG0000040	AL8G29950	F	5	22	0.22727272727272727
OG0000040	AL8G29950	U	17	22	0.7727272727272727
OG0000040	AL8G30820	A	1	21	0.047619047619047616
OG0000040	AL8G30820	F	1	21	0.047619047619047616
OG0000040	AL8G30820	P	11	21	0.5238095238095238
OG0000040	AL8G30820	U	8	21	0.38095238095238093
OG0000042	AL2G24580	P	4	4	1.0
OG0000042	AL2G24590	F	22	22	1.0
OG0000042	AL2G24600	P	22	22	1.0
OG0000042	AL7G46770	F	2	22	0.09090909090909091
OG0000042	AL7G46770	P	16	22	0.7272727272727273
OG0000042	AL7G46770	U	4	22	0.18181818181818182
OG0000042	AL7G46830	P	5	5	1.0
OG0000042	AL7G46840	P	4	4	1.0
OG0000042	AL7G46850	F	2	19	0.10526315789473684
OG0000042	AL7G46850	P	4	19	0.21052631578947367
OG0000042	AL7G46850	U	13	19	0.6842105263157895
OG0000042	AL7G46860	F	27	31	0.8709677419354839
OG0000042	AL7G46860	P	4	31	0.12903225806451613
OG0000042	AL7G46870	A	12	19	0.631578947368421
OG0000042	AL7G46870	F	4	19	0.21052631578947367
OG0000042	AL7G46870	P	3	19	0.15789473684210525
OG0000042	AL7G46880	F	1	16	0.0625
OG0000042	AL7G46880	P	12	16	0.75
OG0000042	AL7G46880	U	3	16	0.1875
OG0000042	AL7G47450	A	1	20	0.05
OG0000042	AL7G47450	P	19	20	0.95
OG0000042	AL7G49470	A	15	34	0.4411764705882353
OG0000042	AL7G49470	F	1	34	0.029411764705882353
OG0000042	AL7G49470	P	17	34	0.5
OG0000042	AL7G49470	U	1	34	0.029411764705882353
OG0000042	AL7G52890	P	12	12	1.0
OG0000042	AL7G53030	P	22	22	1.0
OG0000042	AL7G53060	P	22	22	1.0
OG0000042	AL7G53090	P	22	22	1.0
OG0000042	AL7G53100	P	20	20	1.0
OG0000042	AL7G53110	P	21	21	1.0
OG0000042	AL8G39760	F	1	22	0.045454545454545456
OG0000042	AL8G39760	P	3	22	0.13636363636363635
OG0000042	AL8G39760	U	18	22	0.8181818181818182
OG0000045	AL1G46390	P	1	21	0.047619047619047616
OG0000045	AL1G46390	U	20	21	0.9523809523809523
OG0000045	AL1G47590	A	22	22	1.0
OG0000045	AL1G51920	A	36	36	1.0
OG0000045	AL1G64730	A	15	22	0.6818181818181818
OG0000045	AL1G64730	F	7	22	0.3181818181818182
OG0000045	AL5G18740	A	21	21	1.0
OG0000046	AL1G66000	P	8	22	0.36363636363636365
OG0000046	AL1G66000	U	14	22	0.6363636363636364
OG0000046	AL2G13390	P	3	21	0.14285714285714285
OG0000046	AL2G13390	U	18	21	0.8571428571428571
OG0000046	AL2G13790	F	3	21	0.14285714285714285
OG0000046	AL2G13790	P	2	21	0.09523809523809523
OG0000046	AL2G13790	U	16	21	0.7619047619047619
OG0000046	AL2G13820	F	2	22	0.09090909090909091
OG0000046	AL2G13820	U	20	22	0.9090909090909091
OG0000046	AL2G13840	F	1	22	0.045454545454545456
OG0000046	AL2G13840	P	4	22	0.18181818181818182
OG0000046	AL2G13840	U	17	22	0.7727272727272727
OG0000046	AL2G13900	P	22	22	1.0
OG0000046	AL2G13990	P	1	22	0.045454545454545456
OG0000046	AL2G13990	U	21	22	0.9545454545454546
OG0000046	AL2G14050	U	22	22	1.0
OG0000046	AL2G14060	F	1	21	0.047619047619047616
OG0000046	AL2G14060	P	2	21	0.09523809523809523
OG0000046	AL2G14060	U	18	21	0.8571428571428571
OG0000046	AL2G14070	F	1	22	0.045454545454545456
OG0000046	AL2G14070	P	3	22	0.13636363636363635
OG0000046	AL2G14070	U	18	22	0.8181818181818182
OG0000046	AL2G14080	F	1	22	0.045454545454545456
OG0000046	AL2G14080	P	3	22	0.13636363636363635
OG0000046	AL2G14080	U	18	22	0.8181818181818182
OG0000046	AL2G14090	P	6	20	0.3
OG0000046	AL2G14090	U	14	20	0.7
OG0000046	AL2G14100	P	22	22	1.0
OG0000046	AL2G14110	F	4	22	0.18181818181818182
OG0000046	AL2G14110	P	1	22	0.045454545454545456
OG0000046	AL2G14110	U	17	22	0.7727272727272727
OG0000046	AL5G22030	F	3	21	0.14285714285714285
OG0000046	AL5G22030	P	4	21	0.19047619047619047
OG0000046	AL5G22030	U	14	21	0.6666666666666666
OG0000046	AL5G26170	P	8	21	0.38095238095238093
OG0000046	AL5G26170	U	13	21	0.6190476190476191
OG0000046	AL6G35250	F	2	22	0.09090909090909091
OG0000046	AL6G35250	U	20	22	0.9090909090909091
OG0000046	AL8G20000	A	3	13	0.23076923076923078
OG0000046	AL8G20000	P	4	13	0.3076923076923077
OG0000046	AL8G20000	U	6	13	0.46153846153846156
OG0000047	AL3G46650	P	14	20	0.7
OG0000047	AL3G46650	U	6	20	0.3
OG0000047	AL4G21250	P	22	22	1.0
OG0000047	AL5G23250	P	22	22	1.0
OG0000047	AL5G26330	P	15	15	1.0
OG0000047	AL5G26340	P	16	16	1.0
OG0000047	AL5G26350	P	22	22	1.0
OG0000047	AL5G26360	P	20	20	1.0
OG0000047	AL5G26370	P	20	20	1.0
OG0000047	AL5G26810	F	1	22	0.045454545454545456
OG0000047	AL5G26810	P	3	22	0.13636363636363635
OG0000047	AL5G26810	U	18	22	0.8181818181818182
OG0000047	AL5G26820	P	9	21	0.42857142857142855
OG0000047	AL5G26820	U	12	21	0.5714285714285714
OG0000047	AL5G26840	F	1	34	0.029411764705882353
OG0000047	AL5G26840	U	33	34	0.9705882352941176
OG0000047	AL5G26860	P	21	22	0.9545454545454546
OG0000047	AL5G26860	U	1	22	0.045454545454545456
OG0000047	AL5G26870	P	7	22	0.3181818181818182
OG0000047	AL5G26870	U	15	22	0.6818181818181818
OG0000047	AL6G32010	P	1	22	0.045454545454545456
OG0000047	AL6G32010	U	21	22	0.9545454545454546
OG0000047	AL8G24400	P	6	21	0.2857142857142857
OG0000047	AL8G24400	U	15	21	0.7142857142857143
OG0000049	AL285U10010	P	22	22	1.0
OG0000049	AL48U10010	P	21	21	1.0
OG0000049	AL48U10030	P	22	22	1.0
OG0000049	AL48U10040	P	22	22	1.0
OG0000049	AL5G25850	P	3	22	0.13636363636363635
OG0000049	AL5G25850	U	19	22	0.8636363636363636
OG0000049	AL5G25860	P	2	22	0.09090909090909091
OG0000049	AL5G25860	U	20	22	0.9090909090909091
OG0000049	AL5G25870	P	8	22	0.36363636363636365
OG0000049	AL5G25870	U	14	22	0.6363636363636364
OG0000049	AL8G26340	P	1	22	0.045454545454545456
OG0000049	AL8G26340	U	21	22	0.9545454545454546
OG0000049	AL8G34670	P	45	45	1.0
OG0000049	AL8G35110	A	1	22	0.045454545454545456
OG0000049	AL8G35110	F	4	22	0.18181818181818182
OG0000049	AL8G35110	P	7	22	0.3181818181818182
OG0000049	AL8G35110	U	10	22	0.45454545454545453
OG0000049	AL8G35120	P	22	61	0.36065573770491804
OG0000049	AL8G35120	U	39	61	0.639344262295082
OG0000049	AL8G35130	F	1	22	0.045454545454545456
OG0000049	AL8G35130	P	1	22	0.045454545454545456
OG0000049	AL8G35130	U	20	22	0.9090909090909091
OG0000049	AL8G35140	A	56	81	0.691358024691358
OG0000049	AL8G35140	P	6	81	0.07407407407407407
OG0000049	AL8G35140	U	19	81	0.2345679012345679
OG0000049	AL8G35190	P	24	26	0.9230769230769231
OG0000049	AL8G35190	U	2	26	0.07692307692307693
OG0000049	AL8G35560	P	12	13	0.9230769230769231
OG0000049	AL8G35560	U	1	13	0.07692307692307693
OG0000049	AL8G35570	U	22	22	1.0
OG0000049	AL8G35580	F	1	22	0.045454545454545456
OG0000049	AL8G35580	P	3	22	0.13636363636363635
OG0000049	AL8G35580	U	18	22	0.8181818181818182
OG0000049	AL8G35600	F	1	22	0.045454545454545456
OG0000049	AL8G35600	P	2	22	0.09090909090909091
OG0000049	AL8G35600	U	19	22	0.8636363636363636
OG0000049	AL8G35620	P	6	21	0.2857142857142857
OG0000049	AL8G35620	U	15	21	0.7142857142857143
OG0000054	AL1G66260	A	4	21	0.19047619047619047
OG0000054	AL1G66260	P	17	21	0.8095238095238095
OG0000054	AL1G66330	A	9	21	0.42857142857142855
OG0000054	AL1G66330	P	12	21	0.5714285714285714
OG0000054	AL1G66350	A	6	22	0.2727272727272727
OG0000054	AL1G66350	P	14	22	0.6363636363636364
OG0000054	AL1G66350	U	2	22	0.09090909090909091
OG0000054	AL1G66380	P	5	22	0.22727272727272727
OG0000054	AL1G66380	U	17	22	0.7727272727272727
OG0000054	AL2G11205	P	6	13	0.46153846153846156
OG0000054	AL2G11205	U	7	13	0.5384615384615384
OG0000054	AL2G11220	F	1	10	0.1
OG0000054	AL2G11220	P	8	10	0.8
OG0000054	AL2G11220	U	1	10	0.1
OG0000054	AL2G11240	F	4	19	0.21052631578947367
OG0000054	AL2G11240	P	5	19	0.2631578947368421
OG0000054	AL2G11240	U	10	19	0.5263157894736842
OG0000054	AL2G11260	A	4	11	0.36363636363636365
OG0000054	AL2G11260	F	2	11	0.18181818181818182
OG0000054	AL2G11260	P	2	11	0.18181818181818182
OG0000054	AL2G11260	U	3	11	0.2727272727272727
OG0000054	AL2G11380	P	22	22	1.0
OG0000054	AL2G11390	P	16	16	1.0
OG0000054	AL3G49580	P	22	22	1.0
OG0000060	AL1G47430	A	9	17	0.5294117647058824
OG0000060	AL1G47430	P	4	17	0.23529411764705882
OG0000060	AL1G47430	U	4	17	0.23529411764705882
OG0000060	AL1G51180	P	22	22	1.0
OG0000060	AL1G60090	F	2	23	0.08695652173913043
OG0000060	AL1G60090	P	17	23	0.7391304347826086
OG0000060	AL1G60090	U	4	23	0.17391304347826086
OG0000060	AL3G30210	A	8	25	0.32
OG0000060	AL3G30210	P	15	25	0.6
OG0000060	AL3G30210	U	2	25	0.08
OG0000060	AL3G40680	P	17	17	1.0
OG0000060	AL3G42580	F	6	21	0.2857142857142857
OG0000060	AL3G42580	P	8	21	0.38095238095238093
OG0000060	AL3G42580	U	7	21	0.3333333333333333
OG0000060	AL3G43290	A	1	44	0.022727272727272728
OG0000060	AL3G43290	P	43	44	0.9772727272727273
OG0000060	AL4G10770	F	1	23	0.043478260869565216
OG0000060	AL4G10770	P	11	23	0.4782608695652174
OG0000060	AL4G10770	U	11	23	0.4782608695652174
OG0000060	AL4G17640	A	1	64	0.015625
OG0000060	AL4G17640	P	63	64	0.984375
OG0000060	AL4G18390	A	24	24	1.0
OG0000060	AL5G16910	A	1	23	0.043478260869565216
OG0000060	AL5G16910	P	22	23	0.9565217391304348
OG0000060	AL5G16920	A	28	28	1.0
OG0000060	AL6G41380	A	20	43	0.46511627906976744
OG0000060	AL6G41380	P	20	43	0.46511627906976744
OG0000060	AL6G41380	U	3	43	0.06976744186046512
OG0000060	AL6G43460	A	6	81	0.07407407407407407
OG0000060	AL6G43460	F	1	81	0.012345679012345678
OG0000060	AL6G43460	P	56	81	0.691358024691358
OG0000060	AL6G43460	U	18	81	0.2222222222222222
OG0000060	AL7G43910	A	20	57	0.3508771929824561
OG0000060	AL7G43910	P	37	57	0.6491228070175439
OG0000060	AL8G21960	F	1	93	0.010752688172043012
OG0000060	AL8G21960	P	87	93	0.9354838709677419
OG0000060	AL8G21960	U	5	93	0.053763440860215055
OG0000065	AL2G19370	F	1	19	0.05263157894736842
OG0000065	AL2G19370	P	16	19	0.8421052631578947
OG0000065	AL2G19370	U	2	19	0.10526315789473684
OG0000065	AL3G20910	P	10	10	1.0
OG0000065	AL3G46070	A	23	24	0.9583333333333334
OG0000065	AL3G46070	P	1	24	0.041666666666666664
OG0000065	AL6G29600	P	10	10	1.0
OG0000065	AL8G11910	P	21	21	1.0
OG0000065	AL8G11920	P	21	21	1.0
OG0000065	AL8G11930	A	5	21	0.23809523809523808
OG0000065	AL8G11930	P	16	21	0.7619047619047619
OG0000065	AL8G11940	P	15	15	1.0
OG0000065	AL8G11950	P	14	14	1.0
OG0000065	AL8G11960	P	23	23	1.0
OG0000065	AL8G12190	F	2	22	0.09090909090909091
OG0000065	AL8G12190	P	2	22	0.09090909090909091
OG0000065	AL8G12190	U	18	22	0.8181818181818182
OG0000075	AL7G37990	P	21	21	1.0
OG0000077	AL1G55940	P	23	23	1.0
OG0000077	AL1G59850	P	23	23	1.0
OG0000077	AL1G59870	A	1	22	0.045454545454545456
OG0000077	AL1G59870	P	21	22	0.9545454545454546
OG0000077	AL3G41990	F	1	22	0.045454545454545456
OG0000077	AL3G41990	P	12	22	0.5454545454545454
OG0000077	AL3G41990	U	9	22	0.4090909090909091
OG0000077	AL5G25230	A	2	21	0.09523809523809523
OG0000077	AL5G25230	P	19	21	0.9047619047619048
OG0000077	AL5G25240	P	4	14	0.2857142857142857
OG0000077	AL5G25240	U	10	14	0.7142857142857143
OG0000077	AL5G25250	F	1	22	0.045454545454545456
OG0000077	AL5G25250	P	5	22	0.22727272727272727
OG0000077	AL5G25250	U	16	22	0.7272727272727273
OG0000083	AL5G35340	F	1	14	0.07142857142857142
OG0000083	AL5G35340	P	5	14	0.35714285714285715
OG0000083	AL5G35340	U	8	14	0.5714285714285714
OG0000083	AL8G20100	F	1	13	0.07692307692307693
OG0000083	AL8G20100	P	5	13	0.38461538461538464
OG0000083	AL8G20100	U	7	13	0.5384615384615384
OG0000083	AL8G23770	P	8	10	0.8
OG0000083	AL8G23770	U	2	10	0.2
OG0000086	AL281U10020	P	6	22	0.2727272727272727
OG0000086	AL281U10020	U	16	22	0.7272727272727273
OG0000086	AL5G19750	A	23	23	1.0
OG0000086	AL8G28624	P	6	22	0.2727272727272727
OG0000086	AL8G28624	U	16	22	0.7272727272727273
OG0000087	AL1G63190	A	20	22	0.9090909090909091
OG0000087	AL1G63190	P	2	22	0.09090909090909091
OG0000087	AL1G66070	P	34	34	1.0
OG0000087	AL1G66310	P	10	11	0.9090909090909091
OG0000087	AL1G66310	U	1	11	0.09090909090909091
OG0000087	AL2G20190	P	22	22	1.0
OG0000087	AL3G49730	U	15	15	1.0
OG0000087	AL5G18020	P	15	19	0.7894736842105263
OG0000087	AL5G18020	U	4	19	0.21052631578947367
OG0000087	AL5G18610	A	1	22	0.045454545454545456
OG0000087	AL5G18610	P	9	22	0.4090909090909091
OG0000087	AL5G18610	U	12	22	0.5454545454545454
OG0000087	AL6G37670	A	1	17	0.058823529411764705
OG0000087	AL6G37670	P	16	17	0.9411764705882353
OG0000090	AL1G55520	P	18	20	0.9
OG0000090	AL1G55520	U	2	20	0.1
OG0000090	AL1G55540	A	7	21	0.3333333333333333
OG0000090	AL1G55540	U	14	21	0.6666666666666666
OG0000090	AL1G55550	A	2	22	0.09090909090909091
OG0000090	AL1G55550	P	1	22	0.045454545454545456
OG0000090	AL1G55550	U	19	22	0.8636363636363636
OG0000090	AL4G13120	F	2	22	0.09090909090909091
OG0000090	AL4G13120	P	1	22	0.045454545454545456
OG0000090	AL4G13120	U	19	22	0.8636363636363636
OG0000090	AL8G15000	P	22	22	1.0
OG0000090	AL8G15010	P	4	4	1.0
OG0000090	AL90U10010	P	19	19	1.0
OG0000090	AL9U10450	F	9	16	0.5625
OG0000090	AL9U10450	P	6	16	0.375
OG0000090	AL9U10450	U	1	16	0.0625
OG0000090	AL9U10470	A	2	22	0.09090909090909091
OG0000090	AL9U10470	P	2	22	0.09090909090909091
OG0000090	AL9U10470	U	18	22	0.8181818181818182
OG0000093	AL3G36200	A	5	11	0.45454545454545453
OG0000093	AL3G36200	P	1	11	0.09090909090909091
OG0000093	AL3G36200	U	5	11	0.45454545454545453
OG0000093	AL3G36220	F	15	20	0.75
OG0000093	AL3G36220	P	1	20	0.05
OG0000093	AL3G36220	U	4	20	0.2
OG0000093	AL3G38320	P	3	3	1.0
OG0000095	AL2G13960	P	18	20	0.9
OG0000095	AL2G13960	U	2	20	0.1
OG0000095	AL6G32670	P	17	18	0.9444444444444444
OG0000095	AL6G32670	U	1	18	0.05555555555555555
OG0000096	AL4G14040	F	1	16	0.0625
OG0000096	AL4G14040	U	15	16	0.9375
OG0000096	AL5G23490	F	3	21	0.14285714285714285
OG0000096	AL5G23490	P	12	21	0.5714285714285714
OG0000096	AL5G23490	U	6	21	0.2857142857142857
OG0000096	AL6G44610	A	1	21	0.047619047619047616
OG0000096	AL6G44610	F	4	21	0.19047619047619047
OG0000096	AL6G44610	P	16	21	0.7619047619047619
OG0000100	AL5G18060	F	3	21	0.14285714285714285
OG0000100	AL5G18060	P	12	21	0.5714285714285714
OG0000100	AL5G18060	U	6	21	0.2857142857142857
OG0000103	AL1G13160	A	9	22	0.4090909090909091
OG0000103	AL1G13160	F	1	22	0.045454545454545456
OG0000103	AL1G13160	P	9	22	0.4090909090909091
OG0000103	AL1G13160	U	3	22	0.13636363636363635
OG0000103	AL3G14640	P	22	22	1.0
OG0000103	AL6G39950	F	1	16	0.0625
OG0000103	AL6G39950	P	13	16	0.8125
OG0000103	AL6G39950	U	2	16	0.125
OG0000103	AL6G49410	U	5	5	1.0
OG0000103	AL6G49420	F	1	17	0.058823529411764705
OG0000103	AL6G49420	P	9	17	0.5294117647058824
OG0000103	AL6G49420	U	7	17	0.4117647058823529
OG0000103	AL7G41810	A	1	20	0.05
OG0000103	AL7G41810	P	19	20	0.95
OG0000103	AL7G41820	A	13	22	0.5909090909090909
OG0000103	AL7G41820	P	9	22	0.4090909090909091
OG0000106	AL1G63060	U	22	22	1.0
OG0000106	AL2G21240	F	7	22	0.3181818181818182
OG0000106	AL2G21240	P	2	22	0.09090909090909091
OG0000106	AL2G21240	U	13	22	0.5909090909090909
OG0000106	AL2G21890	F	8	29	0.27586206896551724
OG0000106	AL2G21890	P	4	29	0.13793103448275862
OG0000106	AL2G21890	U	17	29	0.5862068965517241
OG0000106	AL4G28930	F	1	22	0.045454545454545456
OG0000106	AL4G28930	P	13	22	0.5909090909090909
OG0000106	AL4G28930	U	8	22	0.36363636363636365
OG0000106	AL6G12540	F	1	26	0.038461538461538464
OG0000106	AL6G12540	P	15	26	0.5769230769230769
OG0000106	AL6G12540	U	10	26	0.38461538461538464
OG0000106	AL6G32160	F	4	27	0.14814814814814814
OG0000106	AL6G32160	P	1	27	0.037037037037037035
OG0000106	AL6G32160	U	22	27	0.8148148148148148
OG0000106	AL6G35910	F	5	23	0.21739130434782608
OG0000106	AL6G35910	U	18	23	0.782608695652174
OG0000106	AL6G48650	P	11	22	0.5
OG0000106	AL6G48650	U	11	22	0.5
OG0000106	AL6G48900	P	21	43	0.4883720930232558
OG0000106	AL6G48900	U	22	43	0.5116279069767442
OG0000106	AL6G48930	F	24	52	0.46153846153846156
OG0000106	AL6G48930	P	8	52	0.15384615384615385
OG0000106	AL6G48930	U	20	52	0.38461538461538464
OG0000106	AL6G49350	P	21	50	0.42
OG0000106	AL6G49350	U	29	50	0.58
OG0000106	AL6G50030	A	8	42	0.19047619047619047
OG0000106	AL6G50030	P	1	42	0.023809523809523808
OG0000106	AL6G50030	U	33	42	0.7857142857142857
OG0000106	AL7G44880	F	3	22	0.13636363636363635
OG0000106	AL7G44880	P	9	22	0.4090909090909091
OG0000106	AL7G44880	U	10	22	0.45454545454545453
OG0000107	AL1G40990	F	7	22	0.3181818181818182
OG0000107	AL1G40990	P	7	22	0.3181818181818182
OG0000107	AL1G40990	U	8	22	0.36363636363636365
OG0000107	AL1G41000	F	14	39	0.358974358974359
OG0000107	AL1G41000	P	25	39	0.6410256410256411
OG0000107	AL1G41010	P	28	28	1.0
OG0000107	AL1G41020	F	2	16	0.125
OG0000107	AL1G41020	P	3	16	0.1875
OG0000107	AL1G41020	U	11	16	0.6875
OG0000107	AL2G26330	P	4	21	0.19047619047619047
OG0000107	AL2G26330	U	17	21	0.8095238095238095
OG0000107	AL3G43390	F	2	21	0.09523809523809523
OG0000107	AL3G43390	P	16	21	0.7619047619047619
OG0000107	AL3G43390	U	3	21	0.14285714285714285
OG0000107	AL3G43980	F	1	21	0.047619047619047616
OG0000107	AL3G43980	P	8	21	0.38095238095238093
OG0000107	AL3G43980	U	12	21	0.5714285714285714
OG0000107	AL3G44020	F	1	21	0.047619047619047616
OG0000107	AL3G44020	P	2	21	0.09523809523809523
OG0000107	AL3G44020	U	18	21	0.8571428571428571
OG0000107	AL3G44030	P	10	22	0.45454545454545453
OG0000107	AL3G44030	U	12	22	0.5454545454545454
OG0000107	AL3G44060	P	11	12	0.9166666666666666
OG0000107	AL3G44060	U	1	12	0.08333333333333333
OG0000107	AL3G46030	P	9	22	0.4090909090909091
OG0000107	AL3G46030	U	13	22	0.5909090909090909
OG0000107	AL4G14150	P	20	20	1.0
OG0000107	AL4G14170	P	4	37	0.10810810810810811
OG0000107	AL4G14170	U	33	37	0.8918918918918919
OG0000107	AL6G37020	F	1	12	0.08333333333333333
OG0000107	AL6G37020	P	10	12	0.8333333333333334
OG0000107	AL6G37020	U	1	12	0.08333333333333333
OG0000107	AL6G37130	P	8	22	0.36363636363636365
OG0000107	AL6G37130	U	14	22	0.6363636363636364
OG0000118	AL2G19800	U	3	3	1.0
OG0000118	AL3G23800	A	2	7	0.2857142857142857
OG0000118	AL3G23800	P	1	7	0.14285714285714285
OG0000118	AL3G23800	U	4	7	0.5714285714285714
OG0000118	AL7G18580	A	4	4	1.0
OG0000118	AL7G45480	U	10	10	1.0
OG0000118	AL8G15920	A	5	5	1.0
OG0000118	AL8G33020	A	19	19	1.0
OG0000126	AL1G17600	P	22	22	1.0
OG0000126	AL41U10050	P	14	14	1.0
OG0000126	AL41U10060	A	4	14	0.2857142857142857
OG0000126	AL41U10060	P	10	14	0.7142857142857143
OG0000126	AL4G23710	P	12	12	1.0
OG0000126	AL4G23730	P	21	21	1.0
OG0000126	AL4G23850	P	10	22	0.45454545454545453
OG0000126	AL4G23850	U	12	22	0.5454545454545454
OG0000126	AL4G23910	A	3	22	0.13636363636363635
OG0000126	AL4G23910	P	2	22	0.09090909090909091
OG0000126	AL4G23910	U	17	22	0.7727272727272727
OG0000126	AL4G23920	F	1	22	0.045454545454545456
OG0000126	AL4G23920	P	2	22	0.09090909090909091
OG0000126	AL4G23920	U	19	22	0.8636363636363636
OG0000126	AL4G23930	F	1	22	0.045454545454545456
OG0000126	AL4G23930	P	1	22	0.045454545454545456
OG0000126	AL4G23930	U	20	22	0.9090909090909091
OG0000126	AL6G16010	P	21	21	1.0
OG0000126	AL84U10010	P	20	20	1.0
OG0000141	AL7G42590	P	20	20	1.0
OG0000141	AL7G42710	P	14	19	0.7368421052631579
OG0000141	AL7G42710	U	5	19	0.2631578947368421
OG0000142	AL1G43240	P	1	22	0.045454545454545456
OG0000142	AL1G43240	U	21	22	0.9545454545454546
OG0000142	AL1G43260	P	1	22	0.045454545454545456
OG0000142	AL1G43260	U	21	22	0.9545454545454546
OG0000142	AL1G43270	P	1	22	0.045454545454545456
OG0000142	AL1G43270	U	21	22	0.9545454545454546
OG0000142	AL1G43320	A	18	18	1.0
OG0000147	AL4G34310	P	22	22	1.0
OG0000147	AL4G36610	P	17	17	1.0
OG0000147	AL4G37620	P	6	6	1.0
OG0000147	AL4G37630	A	12	12	1.0
OG0000147	AL4G41930	P	16	16	1.0
OG0000147	AL4G41950	P	21	21	1.0
OG0000147	AL4G42180	F	18	22	0.8181818181818182
OG0000147	AL4G42180	P	2	22	0.09090909090909091
OG0000147	AL4G42180	U	2	22	0.09090909090909091
OG0000147	AL5G41700	F	2	16	0.125
OG0000147	AL5G41700	P	3	16	0.1875
OG0000147	AL5G41700	U	11	16	0.6875
OG0000147	AL5G41710	A	19	19	1.0
OG0000147	AL7G36780	F	1	22	0.045454545454545456
OG0000147	AL7G36780	P	15	22	0.6818181818181818
OG0000147	AL7G36780	U	6	22	0.2727272727272727
OG0000150	AL1G45620	F	1	21	0.047619047619047616
OG0000150	AL1G45620	P	17	21	0.8095238095238095
OG0000150	AL1G45620	U	3	21	0.14285714285714285
OG0000150	AL2G14000	P	3	22	0.13636363636363635
OG0000150	AL2G14000	U	19	22	0.8636363636363636
OG0000150	AL2G14020	F	2	44	0.045454545454545456
OG0000150	AL2G14020	P	32	44	0.7272727272727273
OG0000150	AL2G14020	U	10	44	0.22727272727272727
OG0000150	AL4G22300	F	2	21	0.09523809523809523
OG0000150	AL4G22300	P	7	21	0.3333333333333333
OG0000150	AL4G22300	U	12	21	0.5714285714285714
OG0000150	AL4G27390	P	22	22	1.0
OG0000150	AL4G27770	A	22	22	1.0
OG0000150	AL5G29210	P	22	22	1.0
OG0000150	AL5G29234	P	3	22	0.13636363636363635
OG0000150	AL5G29234	U	19	22	0.8636363636363636
OG0000150	AL5G29300	P	40	40	1.0
OG0000150	AL8G43560	F	2	22	0.09090909090909091
OG0000150	AL8G43560	P	10	22	0.45454545454545453
OG0000150	AL8G43560	U	10	22	0.45454545454545453
OG0000158	AL5G43410	U	23	23	1.0
OG0000159	AL1G49160	P	18	21	0.8571428571428571
OG0000159	AL1G49160	U	3	21	0.14285714285714285
OG0000159	AL2G28900	P	14	14	1.0
OG0000159	AL2G40360	P	17	17	1.0
OG0000159	AL2G40380	F	1	22	0.045454545454545456
OG0000159	AL2G40380	P	6	22	0.2727272727272727
OG0000159	AL2G40380	U	15	22	0.6818181818181818
OG0000159	AL3G39500	P	7	7	1.0
OG0000159	AL3G52410	F	3	22	0.13636363636363635
OG0000159	AL3G52410	P	11	22	0.5
OG0000159	AL3G52410	U	8	22	0.36363636363636365
OG0000159	AL3G52430	F	33	38	0.868421052631579
OG0000159	AL3G52430	P	3	38	0.07894736842105263
OG0000159	AL3G52430	U	2	38	0.05263157894736842
OG0000159	AL3G52440	F	3	31	0.0967741935483871
OG0000159	AL3G52440	P	18	31	0.5806451612903226
OG0000159	AL3G52440	U	10	31	0.3225806451612903
OG0000164	AL5G15010	P	21	21	1.0
OG0000164	AL5G15040	P	22	22	1.0
OG0000164	AL5G15050	P	22	22	1.0
OG0000164	AL5G15060	P	26	26	1.0
OG0000164	AL5G15070	P	22	22	1.0
OG0000164	AL5G15090	P	22	22	1.0
OG0000164	AL5G15100	A	2	22	0.09090909090909091
OG0000164	AL5G15100	P	20	22	0.9090909090909091
OG0000164	AL8G33230	P	22	22	1.0
OG0000166	AL4G14510	F	2	18	0.1111111111111111
OG0000166	AL4G14510	P	12	18	0.6666666666666666
OG0000166	AL4G14510	U	4	18	0.2222222222222222
OG0000166	AL4G14520	U	21	21	1.0
OG0000166	AL4G14530	F	3	20	0.15
OG0000166	AL4G14530	P	4	20	0.2
OG0000166	AL4G14530	U	13	20	0.65
OG0000166	AL4G15500	A	1	21	0.047619047619047616
OG0000166	AL4G15500	F	3	21	0.14285714285714285
OG0000166	AL4G15500	P	1	21	0.047619047619047616
OG0000166	AL4G15500	U	16	21	0.7619047619047619
OG0000166	AL4G15530	P	6	21	0.2857142857142857
OG0000166	AL4G15530	U	15	21	0.7142857142857143
OG0000166	AL4G15555	A	1	22	0.045454545454545456
OG0000166	AL4G15555	P	8	22	0.36363636363636365
OG0000166	AL4G15555	U	13	22	0.5909090909090909
OG0000166	AL4G15560	P	1	13	0.07692307692307693
OG0000166	AL4G15560	U	12	13	0.9230769230769231
OG0000166	AL4G15600	F	2	22	0.09090909090909091
OG0000166	AL4G15600	P	8	22	0.36363636363636365
OG0000166	AL4G15600	U	12	22	0.5454545454545454
OG0000166	AL4G15620	F	1	22	0.045454545454545456
OG0000166	AL4G15620	P	10	22	0.45454545454545453
OG0000166	AL4G15620	U	11	22	0.5
OG0000166	AL4G15660	F	9	45	0.2
OG0000166	AL4G15660	P	21	45	0.4666666666666667
OG0000166	AL4G15660	U	15	45	0.3333333333333333
OG0000166	AL4G18480	P	35	36	0.9722222222222222
OG0000166	AL4G18480	U	1	36	0.027777777777777776
OG0000166	AL4G18490	P	6	10	0.6
OG0000166	AL4G18490	U	4	10	0.4
OG0000166	AL4G18500	P	4	18	0.2222222222222222
OG0000166	AL4G18500	U	14	18	0.7777777777777778
OG0000166	AL4G18510	F	3	57	0.05263157894736842
OG0000166	AL4G18510	P	33	57	0.5789473684210527
OG0000166	AL4G18510	U	21	57	0.3684210526315789
OG0000166	AL4G18540	A	1	19	0.05263157894736842
OG0000166	AL4G18540	P	16	19	0.8421052631578947
OG0000166	AL4G18540	U	2	19	0.10526315789473684
OG0000166	AL4G18550	F	3	22	0.13636363636363635
OG0000166	AL4G18550	P	3	22	0.13636363636363635
OG0000166	AL4G18550	U	16	22	0.7272727272727273
OG0000166	AL4G18560	A	1	22	0.045454545454545456
OG0000166	AL4G18560	F	1	22	0.045454545454545456
OG0000166	AL4G18560	P	2	22	0.09090909090909091
OG0000166	AL4G18560	U	18	22	0.8181818181818182
OG0000166	AL4G18570	P	18	19	0.9473684210526315
OG0000166	AL4G18570	U	1	19	0.05263157894736842
OG0000167	AL2G13870	P	22	22	1.0
OG0000167	AL3G43130	P	22	22	1.0
OG0000167	AL4G44290	U	22	22	1.0
OG0000167	AL5G42950	U	21	21	1.0
OG0000167	AL6G48090	P	22	22	1.0
OG0000167	AL7G31720	P	22	22	1.0
OG0000167	AL7G38430	P	11	20	0.55
OG0000167	AL7G38430	U	9	20	0.45
OG0000170	AL1G47470	F	19	25	0.76
OG0000170	AL1G47470	P	1	25	0.04
OG0000170	AL1G47470	U	5	25	0.2
OG0000170	AL1G57350	F	5	50	0.1
OG0000170	AL1G57350	P	4	50	0.08
OG0000170	AL1G57350	U	41	50	0.82
OG0000170	AL1G61980	F	1	75	0.013333333333333334
OG0000170	AL1G61980	P	40	75	0.5333333333333333
OG0000170	AL1G61980	U	34	75	0.4533333333333333
OG0000170	AL1G65170	F	2	99	0.020202020202020204
OG0000170	AL1G65170	P	56	99	0.5656565656565656
OG0000170	AL1G65170	U	41	99	0.41414141414141414
OG0000170	AL2G18420	P	12	121	0.09917355371900827
OG0000170	AL2G18420	U	109	121	0.9008264462809917
OG0000170	AL2G23340	P	141	141	1.0
OG0000170	AL3G37720	P	17	157	0.10828025477707007
OG0000170	AL3G37720	U	140	157	0.89171974522293
OG0000170	AL3G38140	F	60	174	0.3448275862068966
OG0000170	AL3G38140	P	12	174	0.06896551724137931
OG0000170	AL3G38140	U	102	174	0.5862068965517241
OG0000170	AL4G24150	F	48	182	0.26373626373626374
OG0000170	AL4G24150	P	13	182	0.07142857142857142
OG0000170	AL4G24150	U	121	182	0.6648351648351648
OG0000170	AL5G12220	F	118	243	0.48559670781893005
OG0000170	AL5G12220	P	23	243	0.09465020576131687
OG0000170	AL5G12220	U	102	243	0.41975308641975306
OG0000170	AL5G19650	P	3	20	0.15
OG0000170	AL5G19650	U	17	20	0.85
OG0000170	AL5G23180	F	175	271	0.6457564575645757
OG0000170	AL5G23180	P	37	271	0.13653136531365315
OG0000170	AL5G23180	U	59	271	0.2177121771217712
OG0000170	AL6G42710	F	16	297	0.05387205387205387
OG0000170	AL6G42710	P	30	297	0.10101010101010101
OG0000170	AL6G42710	U	251	297	0.8451178451178452
OG0000170	AL6G47390	F	188	292	0.6438356164383562
OG0000170	AL6G47390	P	58	292	0.19863013698630136
OG0000170	AL6G47390	U	46	292	0.15753424657534246
OG0000170	AL77U10040	F	55	328	0.1676829268292683
OG0000170	AL77U10040	P	32	328	0.0975609756097561
OG0000170	AL77U10040	U	241	328	0.7347560975609756
OG0000170	AL8G10130	A	27	27	1.0
OG0000170	AL8G13660	P	5	44	0.11363636363636363
OG0000170	AL8G13660	U	39	44	0.8863636363636364
OG0000170	AL8G20430	F	85	357	0.23809523809523808
OG0000170	AL8G20430	P	34	357	0.09523809523809523
OG0000170	AL8G20430	U	238	357	0.6666666666666666
OG0000170	AL8G23090	F	40	271	0.14760147601476015
OG0000170	AL8G23090	P	44	271	0.16236162361623616
OG0000170	AL8G23090	U	187	271	0.6900369003690037
OG0000170	AL8G45390	F	144	226	0.6371681415929203
OG0000170	AL8G45390	P	32	226	0.1415929203539823
OG0000170	AL8G45390	U	50	226	0.22123893805309736
OG0000170	AL9U10210	F	14	331	0.04229607250755287
OG0000170	AL9U10210	P	31	331	0.09365558912386707
OG0000170	AL9U10210	U	286	331	0.8640483383685801
OG0000182	AL1G53500	P	3	15	0.2
OG0000182	AL1G53500	U	12	15	0.8
OG0000182	AL1G53520	P	6	14	0.42857142857142855
OG0000182	AL1G53520	U	8	14	0.5714285714285714
OG0000182	AL1G53540	P	7	20	0.35
OG0000182	AL1G53540	U	13	20	0.65
OG0000182	AL3G47440	P	21	22	0.9545454545454546
OG0000182	AL3G47440	U	1	22	0.045454545454545456
OG0000182	AL3G52270	F	12	43	0.27906976744186046
OG0000182	AL3G52270	P	25	43	0.5813953488372093
OG0000182	AL3G52270	U	6	43	0.13953488372093023
OG0000182	AL3G52280	P	10	22	0.45454545454545453
OG0000182	AL3G52280	U	12	22	0.5454545454545454
OG0000182	AL3G52290	A	2	22	0.09090909090909091
OG0000182	AL3G52290	P	20	22	0.9090909090909091
OG0000182	AL4G10320	P	7	23	0.30434782608695654
OG0000182	AL4G10320	U	16	23	0.6956521739130435
OG0000182	AL4G13020	P	6	22	0.2727272727272727
OG0000182	AL4G13020	U	16	22	0.7272727272727273
OG0000182	AL5G12460	F	8	21	0.38095238095238093
OG0000182	AL5G12460	P	11	21	0.5238095238095238
OG0000182	AL5G12460	U	2	21	0.09523809523809523
OG0000182	AL5G12470	F	1	42	0.023809523809523808
OG0000182	AL5G12470	P	26	42	0.6190476190476191
OG0000182	AL5G12470	U	15	42	0.35714285714285715
OG0000182	AL5G12480	F	10	37	0.2702702702702703
OG0000182	AL5G12480	P	23	37	0.6216216216216216
OG0000182	AL5G12480	U	4	37	0.10810810810810811
OG0000182	AL5G12490	F	3	31	0.0967741935483871
OG0000182	AL5G12490	P	15	31	0.4838709677419355
OG0000182	AL5G12490	U	13	31	0.41935483870967744
OG0000182	AL5G19300	A	2	68	0.029411764705882353
OG0000182	AL5G19300	P	66	68	0.9705882352941176
OG0000182	AL9U10990	F	4	14	0.2857142857142857
OG0000182	AL9U10990	P	6	14	0.42857142857142855
OG0000182	AL9U10990	U	4	14	0.2857142857142857
OG0000182	AL9U11000	A	1	11	0.09090909090909091
OG0000182	AL9U11000	P	1	11	0.09090909090909091
OG0000182	AL9U11000	U	9	11	0.8181818181818182
OG0000184	AL199U10010	F	1	15	0.06666666666666667
OG0000184	AL199U10010	P	4	15	0.26666666666666666
OG0000184	AL199U10010	U	10	15	0.6666666666666666
OG0000184	AL3G40650	F	15	22	0.6818181818181818
OG0000184	AL3G40650	P	4	22	0.18181818181818182
OG0000184	AL3G40650	U	3	22	0.13636363636363635
OG0000184	AL3G40700	P	44	44	1.0
OG0000184	AL3G40730	P	61	61	1.0
OG0000184	AL3G41940	F	2	55	0.03636363636363636
OG0000184	AL3G41940	P	52	55	0.9454545454545454
OG0000184	AL3G41940	U	1	55	0.01818181818181818
OG0000184	AL4G16860	P	5	21	0.23809523809523808
OG0000184	AL4G16860	U	16	21	0.7619047619047619
OG0000184	AL4G28600	F	1	22	0.045454545454545456
OG0000184	AL4G28600	P	4	22	0.18181818181818182
OG0000184	AL4G28600	U	17	22	0.7727272727272727
OG0000184	AL4G28610	F	1	22	0.045454545454545456
OG0000184	AL4G28610	P	16	22	0.7272727272727273
OG0000184	AL4G28610	U	5	22	0.22727272727272727
OG0000184	AL4G28630	F	1	20	0.05
OG0000184	AL4G28630	P	17	20	0.85
OG0000184	AL4G28630	U	2	20	0.1
OG0000184	AL4G28950	F	1	22	0.045454545454545456
OG0000184	AL4G28950	P	5	22	0.22727272727272727
OG0000184	AL4G28950	U	16	22	0.7272727272727273
OG0000184	AL7G37050	A	1	22	0.045454545454545456
OG0000184	AL7G37050	P	20	22	0.9090909090909091
OG0000184	AL7G37050	U	1	22	0.045454545454545456
OG0000185	AL6G46030	F	18	21	0.8571428571428571
OG0000185	AL6G46030	P	2	21	0.09523809523809523
OG0000185	AL6G46030	U	1	21	0.047619047619047616
OG0000185	AL7G30210	A	3	20	0.15
OG0000185	AL7G30210	F	3	20	0.15
OG0000185	AL7G30210	P	4	20	0.2
OG0000185	AL7G30210	U	10	20	0.5
OG0000185	AL7G30250	A	3	28	0.10714285714285714
OG0000185	AL7G30250	P	22	28	0.7857142857142857
OG0000185	AL7G30250	U	3	28	0.10714285714285714
OG0000185	AL7G30290	P	22	22	1.0
OG0000185	AL7G30330	P	19	19	1.0
OG0000185	AL7G30340	P	21	21	1.0
OG0000186	AL4G14050	A	17	17	1.0
OG0000186	AL8G21750	A	18	22	0.8181818181818182
OG0000186	AL8G21750	U	4	22	0.18181818181818182
OG0000188	AL1G21870	P	1	22	0.045454545454545456
OG0000188	AL1G21870	U	21	22	0.9545454545454546
OG0000188	AL1G35700	A	3	22	0.13636363636363635
OG0000188	AL1G35700	P	10	22	0.45454545454545453
OG0000188	AL1G35700	U	9	22	0.4090909090909091
OG0000188	AL1G39630	P	11	22	0.5
OG0000188	AL1G39630	U	11	22	0.5
OG0000188	AL1G40180	P	22	22	1.0
OG0000188	AL275U10020	F	16	22	0.7272727272727273
OG0000188	AL275U10020	P	2	22	0.09090909090909091
OG0000188	AL275U10020	U	4	22	0.18181818181818182
OG0000188	AL2G13920	P	2	22	0.09090909090909091
OG0000188	AL2G13920	U	20	22	0.9090909090909091
OG0000188	AL2G18650	A	2	19	0.10526315789473684
OG0000188	AL2G18650	P	16	19	0.8421052631578947
OG0000188	AL2G18650	U	1	19	0.05263157894736842
OG0000188	AL3G25690	P	3	22	0.13636363636363635
OG0000188	AL3G25690	U	19	22	0.8636363636363636
OG0000188	AL3G25710	P	3	21	0.14285714285714285
OG0000188	AL3G25710	U	18	21	0.8571428571428571
OG0000188	AL3G25930	F	1	9	0.1111111111111111
OG0000188	AL3G25930	P	2	9	0.2222222222222222
OG0000188	AL3G25930	U	6	9	0.6666666666666666
OG0000188	AL3G27510	P	11	22	0.5
OG0000188	AL3G27510	U	11	22	0.5
OG0000188	AL3G33320	P	13	13	1.0
OG0000188	AL3G33370	U	8	8	1.0
OG0000188	AL3G33690	A	23	39	0.5897435897435898
OG0000188	AL3G33690	P	16	39	0.41025641025641024
OG0000188	AL3G33700	A	2	22	0.09090909090909091
OG0000188	AL3G33700	P	17	22	0.7727272727272727
OG0000188	AL3G33700	U	3	22	0.13636363636363635
OG0000188	AL3G40230	P	6	19	0.3157894736842105
OG0000188	AL3G40230	U	13	19	0.6842105263157895
OG0000188	AL3G51580	P	20	22	0.9090909090909091
OG0000188	AL3G51580	U	2	22	0.09090909090909091
OG0000188	AL5G24990	P	5	19	0.2631578947368421
OG0000188	AL5G24990	U	14	19	0.7368421052631579
OG0000188	AL8G25210	F	1	19	0.05263157894736842
OG0000188	AL8G25210	P	16	19	0.8421052631578947
OG0000188	AL8G25210	U	2	19	0.10526315789473684
OG0000192	AL4G19930	F	5	20	0.25
OG0000192	AL4G19930	P	2	20	0.1
OG0000192	AL4G19930	U	13	20	0.65
OG0000192	AL7G50110	U	22	22	1.0
OG0000196	AL3G26950	F	1	21	0.047619047619047616
OG0000196	AL3G26950	P	2	21	0.09523809523809523
OG0000196	AL3G26950	U	18	21	0.8571428571428571
OG0000196	AL3G26960	P	1	22	0.045454545454545456
OG0000196	AL3G26960	U	21	22	0.9545454545454546
OG0000196	AL3G26980	P	4	20	0.2
OG0000196	AL3G26980	U	16	20	0.8
OG0000196	AL3G27000	P	4	22	0.18181818181818182
OG0000196	AL3G27000	U	18	22	0.8181818181818182
OG0000199	AL1G53940	F	1	23	0.043478260869565216
OG0000199	AL1G53940	P	1	23	0.043478260869565216
OG0000199	AL1G53940	U	21	23	0.9130434782608695
OG0000199	AL1G61300	P	1	22	0.045454545454545456
OG0000199	AL1G61300	U	21	22	0.9545454545454546
OG0000199	AL3G23600	F	1	43	0.023255813953488372
OG0000199	AL3G23600	P	21	43	0.4883720930232558
OG0000199	AL3G23600	U	21	43	0.4883720930232558
OG0000199	AL5G13870	F	2	22	0.09090909090909091
OG0000199	AL5G13870	U	20	22	0.9090909090909091
OG0000199	AL5G13880	F	11	44	0.25
OG0000199	AL5G13880	P	2	44	0.045454545454545456
OG0000199	AL5G13880	U	31	44	0.7045454545454546
OG0000199	AL5G13890	F	4	64	0.0625
OG0000199	AL5G13890	U	60	64	0.9375
OG0000199	AL5G13900	P	55	55	1.0
OG0000199	AL5G13910	F	4	98	0.04081632653061224
OG0000199	AL5G13910	P	4	98	0.04081632653061224
OG0000199	AL5G13910	U	90	98	0.9183673469387755
OG0000199	AL9U10560	U	22	22	1.0
OG0000200	AL4G22240	P	22	22	1.0
OG0000200	AL7G47540	P	21	21	1.0
OG0000200	AL7G47550	P	44	44	1.0
OG0000200	AL7G47570	P	58	58	1.0
OG0000200	AL7G47590	P	22	22	1.0
OG0000200	AL7G47600	P	93	93	1.0
OG0000200	AL7G47850	P	18	19	0.9473684210526315
OG0000200	AL7G47850	U	1	19	0.05263157894736842
OG0000200	AL7G47870	P	18	20	0.9
OG0000200	AL7G47870	U	2	20	0.1
OG0000200	AL7G47890	P	16	18	0.8888888888888888
OG0000200	AL7G47890	U	2	18	0.1111111111111111
OG0000200	AL7G48650	P	17	17	1.0
OG0000200	AL7G48660	P	21	21	1.0
OG0000200	AL7G48670	A	1	17	0.058823529411764705
OG0000200	AL7G48670	P	1	17	0.058823529411764705
OG0000200	AL7G48670	U	15	17	0.8823529411764706
OG0000202	AL5G24542	P	20	20	1.0
OG0000202	AL7G30310	F	1	20	0.05
OG0000202	AL7G30310	P	7	20	0.35
OG0000202	AL7G30310	U	12	20	0.6
OG0000202	AL7G30350	F	2	21	0.09523809523809523
OG0000202	AL7G30350	P	7	21	0.3333333333333333
OG0000202	AL7G30350	U	12	21	0.5714285714285714
OG0000206	AL1G52660	A	1	20	0.05
OG0000206	AL1G52660	P	16	20	0.8
OG0000206	AL1G52660	U	3	20	0.15
OG0000206	AL7G38360	P	3	21	0.14285714285714285
OG0000206	AL7G38360	U	18	21	0.8571428571428571
OG0000206	AL7G38390	F	2	7	0.2857142857142857
OG0000206	AL7G38390	U	5	7	0.7142857142857143
OG0000206	AL7G46040	F	1	22	0.045454545454545456
OG0000206	AL7G46040	P	2	22	0.09090909090909091
OG0000206	AL7G46040	U	19	22	0.8636363636363636
OG0000206	AL7G46050	P	8	22	0.36363636363636365
OG0000206	AL7G46050	U	14	22	0.6363636363636364
OG0000206	AL7G46150	P	2	21	0.09523809523809523
OG0000206	AL7G46150	U	19	21	0.9047619047619048
OG0000206	AL7G46160	P	1	21	0.047619047619047616
OG0000206	AL7G46160	U	20	21	0.9523809523809523
OG0000207	AL5G28190	P	22	22	1.0
OG0000207	AL5G28350	F	1	16	0.0625
OG0000207	AL5G28350	P	10	16	0.625
OG0000207	AL5G28350	U	5	16	0.3125
OG0000207	AL7G46090	P	7	10	0.7
OG0000207	AL7G46090	U	3	10	0.3
OG0000207	AL7G46120	P	16	16	1.0
OG0000207	AL7G47660	P	22	22	1.0
OG0000207	AL7G48270	P	22	22	1.0
OG0000207	AL7G48800	P	5	5	1.0
OG0000207	AL7G49110	P	22	22	1.0
OG0000207	AL7G49130	P	22	22	1.0
OG0000207	AL7G49150	A	22	34	0.6470588235294118
OG0000207	AL7G49150	P	12	34	0.35294117647058826
OG0000207	AL7G49680	A	11	21	0.5238095238095238
OG0000207	AL7G49680	P	10	21	0.47619047619047616
OG0000207	AL7G49700	P	16	16	1.0
OG0000207	AL7G49950	P	23	23	1.0
OG0000210	AL1G64890	P	22	22	1.0
OG0000210	AL2G34080	P	22	22	1.0
OG0000210	AL4G16880	A	1	17	0.058823529411764705
OG0000210	AL4G16880	P	5	17	0.29411764705882354
OG0000210	AL4G16880	U	11	17	0.6470588235294118
OG0000213	AL3G24070	P	3	22	0.13636363636363635
OG0000213	AL3G24070	U	19	22	0.8636363636363636
OG0000213	AL3G24080	P	22	22	1.0
OG0000213	AL3G24090	A	22	22	1.0
OG0000213	AL3G24100	F	1	22	0.045454545454545456
OG0000213	AL3G24100	P	2	22	0.09090909090909091
OG0000213	AL3G24100	U	19	22	0.8636363636363636
OG0000213	AL3G53960	F	1	14	0.07142857142857142
OG0000213	AL3G53960	P	7	14	0.5
OG0000213	AL3G53960	U	6	14	0.42857142857142855
OG0000213	AL4G22960	P	19	19	1.0
OG0000213	AL4G27870	A	20	20	1.0
OG0000213	AL4G32200	A	21	21	1.0
OG0000217	AL320U10010	P	21	21	1.0
OG0000217	AL6G45160	P	31	31	1.0
OG0000217	AL6G49050	P	22	22	1.0
OG0000217	AL6G49084	P	42	42	1.0
OG0000217	AL6G49090	P	21	21	1.0
OG0000217	AL6G49140	P	13	13	1.0
OG0000217	AL6G49150	P	22	22	1.0
OG0000217	AL8G26930	P	22	22	1.0
OG0000217	AL9U10540	P	22	22	1.0
OG0000217	AL9U10550	P	15	19	0.7894736842105263
OG0000217	AL9U10550	U	4	19	0.21052631578947367
OG0000220	AL1G60840	F	7	17	0.4117647058823529
OG0000220	AL1G60840	P	3	17	0.17647058823529413
OG0000220	AL1G60840	U	7	17	0.4117647058823529
OG0000220	AL6G37030	F	2	22	0.09090909090909091
OG0000220	AL6G37030	U	20	22	0.9090909090909091
OG0000220	AL7G30780	P	2	22	0.09090909090909091
OG0000220	AL7G30780	U	20	22	0.9090909090909091
OG0000220	AL7G31470	P	21	21	1.0
OG0000220	AL7G31480	P	1	21	0.047619047619047616
OG0000220	AL7G31480	U	20	21	0.9523809523809523
OG0000220	AL7G31490	F	1	26	0.038461538461538464
OG0000220	AL7G31490	P	10	26	0.38461538461538464
OG0000220	AL7G31490	U	15	26	0.5769230769230769
OG0000220	AL7G31500	F	6	42	0.14285714285714285
OG0000220	AL7G31500	P	24	42	0.5714285714285714
OG0000220	AL7G31500	U	12	42	0.2857142857142857
OG0000220	AL7G31510	A	1	22	0.045454545454545456
OG0000220	AL7G31510	F	17	22	0.7727272727272727
OG0000220	AL7G31510	P	2	22	0.09090909090909091
OG0000220	AL7G31510	U	2	22	0.09090909090909091
OG0000220	AL7G31520	P	22	22	1.0
OG0000220	AL8G44570	F	1	22	0.045454545454545456
OG0000220	AL8G44570	P	1	22	0.045454545454545456
OG0000220	AL8G44570	U	20	22	0.9090909090909091
OG0000224	AL3G49830	P	10	14	0.7142857142857143
OG0000224	AL3G49830	U	4	14	0.2857142857142857
OG0000224	AL9U10150	P	34	34	1.0
OG0000228	AL3G46810	A	3	19	0.15789473684210525
OG0000228	AL3G46810	P	3	19	0.15789473684210525
OG0000228	AL3G46810	U	13	19	0.6842105263157895
OG0000228	AL3G46820	P	9	12	0.75
OG0000228	AL3G46820	U	3	12	0.25
OG0000228	AL7G45500	P	21	21	1.0
OG0000242	AL1G25630	P	19	19	1.0
OG0000242	AL1G48230	P	20	20	1.0
OG0000242	AL3G11550	F	1	21	0.047619047619047616
OG0000242	AL3G11550	P	1	21	0.047619047619047616
OG0000242	AL3G11550	U	19	21	0.9047619047619048
OG0000242	AL3G38420	P	18	22	0.8181818181818182
OG0000242	AL3G38420	U	4	22	0.18181818181818182
OG0000242	AL6G12550	P	19	19	1.0
OG0000242	AL6G12860	A	1	15	0.06666666666666667
OG0000242	AL6G12860	P	14	15	0.9333333333333333
OG0000242	AL6G12880	P	41	41	1.0
OG0000242	AL6G12890	P	20	20	1.0
OG0000242	AL6G12910	F	10	36	0.2777777777777778
OG0000242	AL6G12910	P	20	36	0.5555555555555556
OG0000242	AL6G12910	U	6	36	0.16666666666666666
OG0000242	AL777U10010	A	1	19	0.05263157894736842
OG0000242	AL777U10010	P	18	19	0.9473684210526315
OG0000253	AL6G47530	F	6	22	0.2727272727272727
OG0000253	AL6G47530	P	4	22	0.18181818181818182
OG0000253	AL6G47530	U	12	22	0.5454545454545454
OG0000253	AL6G47540	P	35	35	1.0
OG0000253	AL7G11590	F	1	22	0.045454545454545456
OG0000253	AL7G11590	P	1	22	0.045454545454545456
OG0000253	AL7G11590	U	20	22	0.9090909090909091
OG0000253	AL7G11600	P	2	22	0.09090909090909091
OG0000253	AL7G11600	U	20	22	0.9090909090909091
OG0000253	AL7G11690	U	22	22	1.0
OG0000253	AL8G15990	P	10	21	0.47619047619047616
OG0000253	AL8G15990	U	11	21	0.5238095238095238
OG0000253	AL8G23920	A	1	9	0.1111111111111111
OG0000253	AL8G23920	P	1	9	0.1111111111111111
OG0000253	AL8G23920	U	7	9	0.7777777777777778
OG0000253	AL9U11020	F	1	22	0.045454545454545456
OG0000253	AL9U11020	P	1	22	0.045454545454545456
OG0000253	AL9U11020	U	20	22	0.9090909090909091
OG0000255	AL1G50240	A	4	20	0.2
OG0000255	AL1G50240	P	16	20	0.8
OG0000255	AL1G55600	A	2	38	0.05263157894736842
OG0000255	AL1G55600	P	36	38	0.9473684210526315
OG0000255	AL2G19950	P	30	55	0.5454545454545454
OG0000255	AL2G19950	U	25	55	0.45454545454545453
OG0000255	AL3G51040	P	66	66	1.0
OG0000255	AL3G51050	P	41	41	1.0
OG0000255	AL5G12680	P	32	32	1.0
OG0000255	AL5G29740	P	81	81	1.0
OG0000255	AL6G34520	P	88	88	1.0
OG0000255	AL6G41950	F	1	101	0.009900990099009901
OG0000255	AL6G41950	P	62	101	0.6138613861386139
OG0000255	AL6G41950	U	38	101	0.37623762376237624
OG0000255	AL7G11670	A	4	99	0.04040404040404041
OG0000255	AL7G11670	P	95	99	0.9595959595959596
OG0000255	AL8G17270	A	5	108	0.046296296296296294
OG0000255	AL8G17270	P	103	108	0.9537037037037037
OG0000255	AL8G18820	F	7	126	0.05555555555555555
OG0000255	AL8G18820	P	68	126	0.5396825396825397
OG0000255	AL8G18820	U	51	126	0.40476190476190477
OG0000255	AL8G20940	A	8	118	0.06779661016949153
OG0000255	AL8G20940	P	110	118	0.9322033898305084
OG0000255	AL8G20950	P	86	86	1.0
OG0000258	AL1G54030	A	3	20	0.15
OG0000258	AL1G54030	P	13	20	0.65
OG0000258	AL1G54030	U	4	20	0.2
OG0000258	AL3G29670	U	22	22	1.0
OG0000258	AL3G29750	F	4	22	0.18181818181818182
OG0000258	AL3G29750	P	13	22	0.5909090909090909
OG0000258	AL3G29750	U	5	22	0.22727272727272727
OG0000258	AL3G29760	F	2	16	0.125
OG0000258	AL3G29760	P	9	16	0.5625
OG0000258	AL3G29760	U	5	16	0.3125
OG0000258	AL3G29770	P	34	37	0.918918918918919
OG0000258	AL3G29770	U	3	37	0.08108108108108109
OG0000258	AL3G29780	F	6	23	0.2608695652173913
OG0000258	AL3G29780	P	7	23	0.30434782608695654
OG0000258	AL3G29780	U	10	23	0.43478260869565216
OG0000258	AL3G30470	P	11	14	0.7857142857142857
OG0000258	AL3G30470	U	3	14	0.21428571428571427
OG0000258	AL3G30700	A	20	20	1.0
OG0000258	AL3G30730	F	1	22	0.045454545454545456
OG0000258	AL3G30730	P	4	22	0.18181818181818182
OG0000258	AL3G30730	U	17	22	0.7727272727272727
OG0000258	AL3G30850	A	1	22	0.045454545454545456
OG0000258	AL3G30850	P	6	22	0.2727272727272727
OG0000258	AL3G30850	U	15	22	0.6818181818181818
OG0000258	AL3G53140	U	22	22	1.0
OG0000258	AL3G53160	U	22	22	1.0
OG0000258	AL4G21820	P	11	22	0.5
OG0000258	AL4G21820	U	11	22	0.5
OG0000261	AL1G29380	P	2	22	0.09090909090909091
OG0000261	AL1G29380	U	20	22	0.9090909090909091
OG0000261	AL1G51540	P	23	23	1.0
OG0000261	AL1G53450	F	8	12	0.6666666666666666
OG0000261	AL1G53450	U	4	12	0.3333333333333333
OG0000261	AL4G38120	F	1	22	0.045454545454545456
OG0000261	AL4G38120	P	1	22	0.045454545454545456
OG0000261	AL4G38120	U	20	22	0.9090909090909091
OG0000261	AL6G43180	P	44	44	1.0
OG0000264	AL3G52210	P	21	22	0.9545454545454546
OG0000264	AL3G52210	U	1	22	0.045454545454545456
OG0000264	AL6G16720	P	48	48	1.0
OG0000264	AL6G16730	P	29	29	1.0
OG0000264	AL7G42530	P	1	21	0.047619047619047616
OG0000264	AL7G42530	U	20	21	0.9523809523809523
OG0000264	AL8G22510	P	45	45	1.0
OG0000264	AL8G22520	F	5	32	0.15625
OG0000264	AL8G22520	P	23	32	0.71875
OG0000264	AL8G22520	U	4	32	0.125
OG0000264	AL9U10270	P	15	15	1.0
OG0000266	AL6G28990	F	2	10	0.2
OG0000266	AL6G28990	P	1	10	0.1
OG0000266	AL6G28990	U	7	10	0.7
OG0000266	AL7G14900	U	1	1	1.0
OG0000266	AL8G13580	P	19	19	1.0
OG0000266	AL8G13620	P	2	2	1.0
OG0000266	AL8G13710	A	6	20	0.3
OG0000266	AL8G13710	P	14	20	0.7
OG0000266	AL8G13740	A	8	10	0.8
OG0000266	AL8G13740	P	2	10	0.2
OG0000266	AL8G14230	A	3	21	0.14285714285714285
OG0000266	AL8G14230	P	18	21	0.8571428571428571
OG0000266	AL8G14320	P	3	3	1.0
OG0000266	AL8G14370	F	5	21	0.23809523809523808
OG0000266	AL8G14370	P	6	21	0.2857142857142857
OG0000266	AL8G14370	U	10	21	0.47619047619047616
OG0000269	AL5G15330	A	13	22	0.5909090909090909
OG0000269	AL5G15330	P	1	22	0.045454545454545456
OG0000269	AL5G15330	U	8	22	0.36363636363636365
OG0000269	AL6G11580	F	2	10	0.2
OG0000269	AL6G11580	P	4	10	0.4
OG0000269	AL6G11580	U	4	10	0.4
OG0000271	AL4G22760	P	22	22	1.0
OG0000271	AL8G38700	F	6	22	0.2727272727272727
OG0000271	AL8G38700	P	2	22	0.09090909090909091
OG0000271	AL8G38700	U	14	22	0.6363636363636364
OG0000271	AL8G38710	F	1	24	0.041666666666666664
OG0000271	AL8G38710	P	2	24	0.08333333333333333
OG0000271	AL8G38710	U	21	24	0.875
OG0000272	AL5G28620	A	10	22	0.45454545454545453
OG0000272	AL5G28620	F	1	22	0.045454545454545456
OG0000272	AL5G28620	P	8	22	0.36363636363636365
OG0000272	AL5G28620	U	3	22	0.13636363636363635
OG0000276	AL4G21390	A	2	16	0.125
OG0000276	AL4G21390	P	14	16	0.875
OG0000276	AL5G19410	P	22	22	1.0
OG0000276	AL5G20510	A	24	24	1.0
OG0000276	AL5G33480	A	12	13	0.9230769230769231
OG0000276	AL5G33480	P	1	13	0.07692307692307693
OG0000276	AL6G53270	A	4	29	0.13793103448275862
OG0000276	AL6G53270	F	2	29	0.06896551724137931
OG0000276	AL6G53270	P	19	29	0.6551724137931034
OG0000276	AL6G53270	U	4	29	0.13793103448275862
OG0000276	AL7G43230	A	3	38	0.07894736842105263
OG0000276	AL7G43230	P	27	38	0.7105263157894737
OG0000276	AL7G43230	U	8	38	0.21052631578947367
OG0000276	AL8G30870	A	2	24	0.08333333333333333
OG0000276	AL8G30870	P	21	24	0.875
OG0000276	AL8G30870	U	1	24	0.041666666666666664
OG0000297	AL7G34270	P	11	22	0.5
OG0000297	AL7G34270	U	11	22	0.5
OG0000297	AL7G34280	P	10	21	0.47619047619047616
OG0000297	AL7G34280	U	11	21	0.5238095238095238
OG0000297	AL7G34290	A	1	12	0.08333333333333333
OG0000297	AL7G34290	P	1	12	0.08333333333333333
OG0000297	AL7G34290	U	10	12	0.8333333333333334
OG0000298	AL1G49040	P	5	22	0.22727272727272727
OG0000298	AL1G49040	U	17	22	0.7727272727272727
OG0000298	AL8G30880	P	6	22	0.2727272727272727
OG0000298	AL8G30880	U	16	22	0.7272727272727273
OG0000298	AL8G30890	P	1	22	0.045454545454545456
OG0000298	AL8G30890	U	21	22	0.9545454545454546
OG0000298	AL8G30900	P	1	22	0.045454545454545456
OG0000298	AL8G30900	U	21	22	0.9545454545454546
OG0000298	AL8G30920	A	1	22	0.045454545454545456
OG0000298	AL8G30920	P	21	22	0.9545454545454546
OG0000299	AL1G38150	F	2	22	0.09090909090909091
OG0000299	AL1G38150	U	20	22	0.9090909090909091
OG0000299	AL1G52750	P	1	23	0.043478260869565216
OG0000299	AL1G52750	U	22	23	0.9565217391304348
OG0000299	AL1G52760	P	17	19	0.8947368421052632
OG0000299	AL1G52760	U	2	19	0.10526315789473684
OG0000299	AL1G52780	U	6	6	1.0
OG0000299	AL3G19810	P	11	22	0.5
OG0000299	AL3G19810	U	11	22	0.5
OG0000299	AL3G21160	F	1	22	0.045454545454545456
OG0000299	AL3G21160	P	3	22	0.13636363636363635
OG0000299	AL3G21160	U	18	22	0.8181818181818182
OG0000299	AL3G21170	F	2	22	0.09090909090909091
OG0000299	AL3G21170	P	1	22	0.045454545454545456
OG0000299	AL3G21170	U	19	22	0.8636363636363636
OG0000299	AL3G23410	F	1	22	0.045454545454545456
OG0000299	AL3G23410	P	7	22	0.3181818181818182
OG0000299	AL3G23410	U	14	22	0.6363636363636364
OG0000299	AL3G28900	A	20	22	0.9090909090909091
OG0000299	AL3G28900	P	2	22	0.09090909090909091
OG0000299	AL4G24660	A	8	26	0.3076923076923077
OG0000299	AL4G24660	P	18	26	0.6923076923076923
OG0000299	AL5G29830	P	3	14	0.21428571428571427
OG0000299	AL5G29830	U	11	14	0.7857142857142857
OG0000299	AL7G51860	F	1	22	0.045454545454545456
OG0000299	AL7G51860	P	1	22	0.045454545454545456
OG0000299	AL7G51860	U	20	22	0.9090909090909091
OG0000299	AL7G51870	F	1	21	0.047619047619047616
OG0000299	AL7G51870	P	5	21	0.23809523809523808
OG0000299	AL7G51870	U	15	21	0.7142857142857143
OG0000299	AL8G27500	F	3	21	0.14285714285714285
OG0000299	AL8G27500	P	7	21	0.3333333333333333
OG0000299	AL8G27500	U	11	21	0.5238095238095238
OG0000319	AL2G32480	F	1	22	0.045454545454545456
OG0000319	AL2G32480	P	10	22	0.45454545454545453
OG0000319	AL2G32480	U	11	22	0.5
OG0000319	AL2G32490	A	8	11	0.7272727272727273
OG0000319	AL2G32490	U	3	11	0.2727272727272727
OG0000320	AL3G14170	P	14	18	0.7777777777777778
OG0000320	AL3G14170	U	4	18	0.2222222222222222
OG0000320	AL4G22780	A	12	19	0.631578947368421
OG0000320	AL4G22780	P	7	19	0.3684210526315789
OG0000325	AL5G29310	F	5	22	0.22727272727272727
OG0000325	AL5G29310	P	3	22	0.13636363636363635
OG0000325	AL5G29310	U	14	22	0.6363636363636364
OG0000325	AL5G29320	P	2	20	0.1
OG0000325	AL5G29320	U	18	20	0.9
OG0000325	AL5G29340	F	10	41	0.24390243902439024
OG0000325	AL5G29340	P	3	41	0.07317073170731707
OG0000325	AL5G29340	U	28	41	0.6829268292682927
OG0000329	AL8G12890	P	2	11	0.18181818181818182
OG0000329	AL8G12890	U	9	11	0.8181818181818182
OG0000338	AL1G22300	P	19	22	0.8636363636363636
OG0000338	AL1G22300	U	3	22	0.13636363636363635
OG0000338	AL1G22320	P	5	20	0.25
OG0000338	AL1G22320	U	15	20	0.75
OG0000338	AL1G22350	P	19	19	1.0
OG0000338	AL1G23150	P	2	22	0.09090909090909091
OG0000338	AL1G23150	U	20	22	0.9090909090909091
OG0000338	AL1G25470	P	20	22	0.9090909090909091
OG0000338	AL1G25470	U	2	22	0.09090909090909091
OG0000338	AL1G37130	P	22	22	1.0
OG0000338	AL1G58940	A	1	22	0.045454545454545456
OG0000338	AL1G58940	F	8	22	0.36363636363636365
OG0000338	AL1G58940	P	1	22	0.045454545454545456
OG0000338	AL1G58940	U	12	22	0.5454545454545454
OG0000338	AL4G18870	F	2	21	0.09523809523809523
OG0000338	AL4G18870	P	7	21	0.3333333333333333
OG0000338	AL4G18870	U	12	21	0.5714285714285714
OG0000338	AL5G16800	P	9	21	0.42857142857142855
OG0000338	AL5G16800	U	12	21	0.5714285714285714
OG0000338	AL5G38780	F	2	22	0.09090909090909091
OG0000338	AL5G38780	P	3	22	0.13636363636363635
OG0000338	AL5G38780	U	17	22	0.7727272727272727
OG0000338	AL5G38790	P	43	43	1.0
OG0000338	AL8G23030	F	1	44	0.022727272727272728
OG0000338	AL8G23030	P	23	44	0.5227272727272727
OG0000338	AL8G23030	U	20	44	0.45454545454545453
OG0000339	AL1G14840	F	3	16	0.1875
OG0000339	AL1G14840	U	13	16	0.8125
OG0000339	AL2G12050	F	1	20	0.05
OG0000339	AL2G12050	P	3	20	0.15
OG0000339	AL2G12050	U	16	20	0.8
OG0000339	AL4G24690	A	1	13	0.07692307692307693
OG0000339	AL4G24690	P	12	13	0.9230769230769231
OG0000339	AL4G25900	P	22	22	1.0
OG0000339	AL6G35130	P	2	22	0.09090909090909091
OG0000339	AL6G35130	U	20	22	0.9090909090909091
OG0000339	AL6G36280	A	18	22	0.8181818181818182
OG0000339	AL6G36280	F	1	22	0.045454545454545456
OG0000339	AL6G36280	P	3	22	0.13636363636363635
OG0000339	AL7G27750	F	6	17	0.35294117647058826
OG0000339	AL7G27750	P	3	17	0.17647058823529413
OG0000339	AL7G27750	U	8	17	0.47058823529411764
OG0000339	AL7G48980	A	19	19	1.0
OG0000339	AL7G48990	P	20	20	1.0
OG0000339	AL7G49240	P	21	21	1.0
OG0000339	AL8G15660	F	1	21	0.047619047619047616
OG0000339	AL8G15660	P	8	21	0.38095238095238093
OG0000339	AL8G15660	U	12	21	0.5714285714285714
OG0000343	AL1G56710	F	3	19	0.15789473684210525
OG0000343	AL1G56710	P	16	19	0.8421052631578947
OG0000343	AL1G65810	P	22	22	1.0
OG0000343	AL3G39460	A	1	1	1.0
OG0000343	AL4G17660	A	22	22	1.0
OG0000343	AL4G17900	A	1	13	0.07692307692307693
OG0000343	AL4G17900	F	1	13	0.07692307692307693
OG0000343	AL4G17900	P	11	13	0.8461538461538461
OG0000343	AL4G17920	A	2	17	0.11764705882352941
OG0000343	AL4G17920	P	13	17	0.7647058823529411
OG0000343	AL4G17920	U	2	17	0.11764705882352941
OG0000343	AL5G20810	P	32	34	0.9411764705882353
OG0000343	AL5G20810	U	2	34	0.058823529411764705
OG0000343	AL8G38260	F	9	19	0.47368421052631576
OG0000343	AL8G38260	P	8	19	0.42105263157894735
OG0000343	AL8G38260	U	2	19	0.10526315789473684
OG0000347	AL2G34810	P	11	13	0.8461538461538461
OG0000347	AL2G34810	U	2	13	0.15384615384615385
OG0000347	AL3G50380	P	21	22	0.9545454545454546
OG0000347	AL3G50380	U	1	22	0.045454545454545456
OG0000347	AL496U10010	P	1	22	0.045454545454545456
OG0000347	AL496U10010	U	21	22	0.9545454545454546
OG0000347	AL496U10020	P	2	44	0.045454545454545456
OG0000347	AL496U10020	U	42	44	0.9545454545454546
OG0000347	AL5G18790	A	13	15	0.8666666666666667
OG0000347	AL5G18790	U	2	15	0.13333333333333333
OG0000347	AL5G18800	P	3	22	0.13636363636363635
OG0000347	AL5G18800	U	19	22	0.8636363636363636
OG0000347	AL5G32600	P	1	22	0.045454545454545456
OG0000347	AL5G32600	U	21	22	0.9545454545454546
OG0000347	AL5G34240	P	2	21	0.09523809523809523
OG0000347	AL5G34240	U	19	21	0.9047619047619048
OG0000347	AL6G41670	F	1	65	0.015384615384615385
OG0000347	AL6G41670	P	2	65	0.03076923076923077
OG0000347	AL6G41670	U	62	65	0.9538461538461539
OG0000347	AL6G41680	P	2	21	0.09523809523809523
OG0000347	AL6G41680	U	19	21	0.9047619047619048
OG0000347	AL6G41690	F	16	97	0.16494845360824742
OG0000347	AL6G41690	P	6	97	0.061855670103092786
OG0000347	AL6G41690	U	75	97	0.7731958762886598
OG0000347	AL6G41700	F	18	104	0.17307692307692307
OG0000347	AL6G41700	P	6	104	0.057692307692307696
OG0000347	AL6G41700	U	80	104	0.7692307692307693
OG0000347	AL6G51840	F	3	121	0.024793388429752067
OG0000347	AL6G51840	P	8	121	0.06611570247933884
OG0000347	AL6G51840	U	110	121	0.9090909090909091
OG0000347	AL6G51870	P	9	126	0.07142857142857142
OG0000347	AL6G51870	U	117	126	0.9285714285714286
OG0000348	AL3G16300	F	1	22	0.045454545454545456
OG0000348	AL3G16300	P	1	22	0.045454545454545456
OG0000348	AL3G16300	U	20	22	0.9090909090909091
OG0000348	AL3G16310	F	7	21	0.3333333333333333
OG0000348	AL3G16310	P	8	21	0.38095238095238093
OG0000348	AL3G16310	U	6	21	0.2857142857142857
OG0000348	AL3G22620	P	2	15	0.13333333333333333
OG0000348	AL3G22620	U	13	15	0.8666666666666667
OG0000348	AL3G46870	A	8	22	0.36363636363636365
OG0000348	AL3G46870	P	12	22	0.5454545454545454
OG0000348	AL3G46870	U	2	22	0.09090909090909091
OG0000348	AL6G37850	F	3	18	0.16666666666666666
OG0000348	AL6G37850	P	8	18	0.4444444444444444
OG0000348	AL6G37850	U	7	18	0.3888888888888889
OG0000360	AL2G29250	F	2	22	0.09090909090909091
OG0000360	AL2G29250	P	16	22	0.7272727272727273
OG0000360	AL2G29250	U	4	22	0.18181818181818182
OG0000360	AL2G29260	P	19	20	0.95
OG0000360	AL2G29260	U	1	20	0.05
OG0000360	AL2G29280	P	7	22	0.3181818181818182
OG0000360	AL2G29280	U	15	22	0.6818181818181818
OG0000360	AL2G29310	A	3	21	0.14285714285714285
OG0000360	AL2G29310	F	1	21	0.047619047619047616
OG0000360	AL2G29310	P	5	21	0.23809523809523808
OG0000360	AL2G29310	U	12	21	0.5714285714285714
OG0000360	AL2G29370	P	6	22	0.2727272727272727
OG0000360	AL2G29370	U	16	22	0.7272727272727273
OG0000360	AL2G29390	A	3	3	1.0
OG0000360	AL5G35460	P	4	21	0.19047619047619047
OG0000360	AL5G35460	U	17	21	0.8095238095238095
OG0000360	AL7G51140	P	21	21	1.0
OG0000361	AL1G46620	P	22	22	1.0
OG0000361	AL1G46640	F	2	40	0.05
OG0000361	AL1G46640	P	32	40	0.8
OG0000361	AL1G46640	U	6	40	0.15
OG0000361	AL1G46660	P	14	34	0.4117647058823529
OG0000361	AL1G46660	U	20	34	0.5882352941176471
OG0000361	AL1G53610	F	4	22	0.18181818181818182
OG0000361	AL1G53610	P	4	22	0.18181818181818182
OG0000361	AL1G53610	U	14	22	0.6363636363636364
OG0000361	AL1G53620	F	11	22	0.5
OG0000361	AL1G53620	P	5	22	0.22727272727272727
OG0000361	AL1G53620	U	6	22	0.2727272727272727
OG0000361	AL3G29460	F	2	22	0.09090909090909091
OG0000361	AL3G29460	P	10	22	0.45454545454545453
OG0000361	AL3G29460	U	10	22	0.45454545454545453
OG0000361	AL3G29470	F	10	22	0.45454545454545453
OG0000361	AL3G29470	P	4	22	0.18181818181818182
OG0000361	AL3G29470	U	8	22	0.36363636363636365
OG0000361	AL3G46410	F	13	20	0.65
OG0000361	AL3G46410	P	2	20	0.1
OG0000361	AL3G46410	U	5	20	0.25
OG0000361	AL3G46450	F	3	21	0.14285714285714285
OG0000361	AL3G46450	P	13	21	0.6190476190476191
OG0000361	AL3G46450	U	5	21	0.23809523809523808
OG0000361	AL8G22710	P	15	22	0.6818181818181818
OG0000361	AL8G22710	U	7	22	0.3181818181818182
OG0000367	AL132U10010	P	4	4	1.0
OG0000367	AL6G45610	P	15	19	0.7894736842105263
OG0000367	AL6G45610	U	4	19	0.21052631578947367
OG0000367	AL8G33140	P	22	22	1.0
OG0000367	AL8G34460	P	16	30	0.5333333333333333
OG0000367	AL8G34460	U	14	30	0.4666666666666667
OG0000367	AL8G34510	F	5	21	0.23809523809523808
OG0000367	AL8G34510	P	7	21	0.3333333333333333
OG0000367	AL8G34510	U	9	21	0.42857142857142855
OG0000372	AL5G14940	P	22	22	1.0
OG0000372	AL5G14950	P	2	22	0.09090909090909091
OG0000372	AL5G14950	U	20	22	0.9090909090909091
OG0000372	AL5G22370	P	20	20	1.0
OG0000372	AL5G34190	P	4	22	0.18181818181818182
OG0000372	AL5G34190	U	18	22	0.8181818181818182
OG0000372	AL5G34200	P	7	22	0.3181818181818182
OG0000372	AL5G34200	U	15	22	0.6818181818181818
OG0000375	AL7G32660	U	23	23	1.0
OG0000382	AL1G59700	A	22	22	1.0
OG0000382	AL1G59710	F	1	22	0.045454545454545456
OG0000382	AL1G59710	P	9	22	0.4090909090909091
OG0000382	AL1G59710	U	12	22	0.5454545454545454
OG0000382	AL1G59720	P	3	23	0.13043478260869565
OG0000382	AL1G59720	U	20	23	0.8695652173913043
OG0000382	AL3G47640	A	9	22	0.4090909090909091
OG0000382	AL3G47640	P	8	22	0.36363636363636365
OG0000382	AL3G47640	U	5	22	0.22727272727272727
OG0000382	AL6G12280	F	1	22	0.045454545454545456
OG0000382	AL6G12280	P	3	22	0.13636363636363635
OG0000382	AL6G12280	U	18	22	0.8181818181818182
OG0000382	AL6G12290	P	5	17	0.29411764705882354
OG0000382	AL6G12290	U	12	17	0.7058823529411765
OG0000382	AL6G12300	P	2	21	0.09523809523809523
OG0000382	AL6G12300	U	19	21	0.9047619047619048
OG0000382	AL6G12310	F	3	21	0.14285714285714285
OG0000382	AL6G12310	P	7	21	0.3333333333333333
OG0000382	AL6G12310	U	11	21	0.5238095238095238
OG0000384	AL1G30000	P	18	21	0.8571428571428571
OG0000384	AL1G30000	U	3	21	0.14285714285714285
OG0000384	AL1G50320	A	5	39	0.1282051282051282
OG0000384	AL1G50320	P	31	39	0.7948717948717948
OG0000384	AL1G50320	U	3	39	0.07692307692307693
OG0000384	AL1G57050	A	1	47	0.02127659574468085
OG0000384	AL1G57050	P	38	47	0.8085106382978723
OG0000384	AL1G57050	U	8	47	0.1702127659574468
OG0000384	AL1G58560	P	52	52	1.0
OG0000384	AL1G58670	P	56	56	1.0
OG0000384	AL3G51940	A	59	105	0.5619047619047619
OG0000384	AL3G51940	P	46	105	0.4380952380952381
OG0000384	AL4G19794	A	1	134	0.007462686567164179
OG0000384	AL4G19794	P	133	134	0.9925373134328358
OG0000384	AL4G20020	P	50	61	0.819672131147541
OG0000384	AL4G20020	U	11	61	0.18032786885245902
OG0000384	AL5G16890	P	41	52	0.7884615384615384
OG0000384	AL5G16890	U	11	52	0.21153846153846154
OG0000384	AL5G27080	A	1	73	0.0136986301369863
OG0000384	AL5G27080	P	72	73	0.9863013698630136
OG0000384	AL7G36270	A	1	45	0.022222222222222223
OG0000384	AL7G36270	P	44	45	0.9777777777777777
OG0000384	AL8G14210	A	10	10	1.0
OG0000385	AL3G44890	A	20	20	1.0
OG0000386	AL1G47530	P	16	21	0.7619047619047619
OG0000386	AL1G47530	U	5	21	0.23809523809523808
OG0000386	AL1G47540	P	31	38	0.8157894736842105
OG0000386	AL1G47540	U	7	38	0.18421052631578946
OG0000386	AL3G41080	P	20	21	0.9523809523809523
OG0000386	AL3G41080	U	1	21	0.047619047619047616
OG0000386	AL6G31890	U	22	22	1.0
OG0000386	AL6G31900	P	9	22	0.4090909090909091
OG0000386	AL6G31900	U	13	22	0.5909090909090909
OG0000386	AL6G31950	P	22	22	1.0
OG0000386	AL6G32070	A	16	16	1.0
OG0000386	AL6G32090	P	2	22	0.09090909090909091
OG0000386	AL6G32090	U	20	22	0.9090909090909091
OG0000386	AL6G32102	P	24	24	1.0
OG0000386	AL6G40190	A	22	22	1.0
OG0000388	AL1G67210	P	21	21	1.0
OG0000388	AL1G67230	A	11	43	0.2558139534883721
OG0000388	AL1G67230	P	32	43	0.7441860465116279
OG0000388	AL1G67240	A	6	32	0.1875
OG0000388	AL1G67240	P	26	32	0.8125
OG0000388	AL1G67280	P	47	47	1.0
OG0000388	AL3G42680	A	4	22	0.18181818181818182
OG0000388	AL3G42680	P	18	22	0.8181818181818182
OG0000388	AL5G16480	F	1	15	0.06666666666666667
OG0000388	AL5G16480	P	4	15	0.26666666666666666
OG0000388	AL5G16480	U	10	15	0.6666666666666666
OG0000388	AL786U10010	P	7	21	0.3333333333333333
OG0000388	AL786U10010	U	14	21	0.6666666666666666
OG0000402	AL1G37820	P	22	22	1.0
OG0000402	AL1G37850	P	23	23	1.0
OG0000402	AL1G38110	P	10	10	1.0
OG0000402	AL1G38130	P	16	16	1.0
OG0000402	AL3G41480	F	1	5	0.2
OG0000402	AL3G41480	U	4	5	0.8
OG0000402	AL3G41490	P	1	10	0.1
OG0000402	AL3G41490	U	9	10	0.9
OG0000402	AL3G41560	P	13	13	1.0
OG0000418	AL6G12720	P	3	21	0.14285714285714285
OG0000418	AL6G12720	U	18	21	0.8571428571428571
OG0000418	AL6G13690	A	25	42	0.5952380952380952
OG0000418	AL6G13690	P	17	42	0.40476190476190477
OG0000418	AL9U10960	U	4	4	1.0
OG0000419	AL1G31630	A	1	22	0.045454545454545456
OG0000419	AL1G31630	P	4	22	0.18181818181818182
OG0000419	AL1G31630	U	17	22	0.7727272727272727
OG0000419	AL5G40870	P	22	22	1.0
OG0000419	AL7G31340	F	4	22	0.18181818181818182
OG0000419	AL7G31340	P	1	22	0.045454545454545456
OG0000419	AL7G31340	U	17	22	0.7727272727272727
OG0000422	AL4G34730	F	2	22	0.09090909090909091
OG0000422	AL4G34730	P	5	22	0.22727272727272727
OG0000422	AL4G34730	U	15	22	0.6818181818181818
OG0000422	AL4G34740	A	15	15	1.0
OG0000422	AL4G34750	P	1	22	0.045454545454545456
OG0000422	AL4G34750	U	21	22	0.9545454545454546
OG0000422	AL4G34760	F	1	20	0.05
OG0000422	AL4G34760	P	17	20	0.85
OG0000422	AL4G34760	U	2	20	0.1
OG0000422	AL4G34780	P	2	21	0.09523809523809523
OG0000422	AL4G34780	U	19	21	0.9047619047619048
OG0000422	AL68U10030	F	4	20	0.2
OG0000422	AL68U10030	P	2	20	0.1
OG0000422	AL68U10030	U	14	20	0.7
OG0000422	AL68U10040	U	12	12	1.0
OG0000422	AL68U10050	P	16	16	1.0
OG0000432	AL123U10020	A	2	23	0.08695652173913043
OG0000432	AL123U10020	F	4	23	0.17391304347826086
OG0000432	AL123U10020	P	17	23	0.7391304347826086
OG0000434	AL1G57470	P	20	20	1.0
OG0000434	AL2G10700	P	3	22	0.13636363636363635
OG0000434	AL2G10700	U	19	22	0.8636363636363636
OG0000434	AL2G10710	P	22	22	1.0
OG0000434	AL2G10720	P	8	17	0.47058823529411764
OG0000434	AL2G10720	U	9	17	0.5294117647058824
OG0000434	AL7G47070	P	3	20	0.15
OG0000434	AL7G47070	U	17	20	0.85
OG0000434	AL7G47630	P	2	21	0.09523809523809523
OG0000434	AL7G47630	U	19	21	0.9047619047619048
OG0000434	AL7G47640	F	1	21	0.047619047619047616
OG0000434	AL7G47640	P	11	21	0.5238095238095238
OG0000434	AL7G47640	U	9	21	0.42857142857142855
OG0000434	AL8G22950	F	1	22	0.045454545454545456
OG0000434	AL8G22950	P	20	22	0.9090909090909091
OG0000434	AL8G22950	U	1	22	0.045454545454545456
OG0000440	AL1G29270	A	18	18	1.0
OG0000440	AL1G44400	A	5	22	0.22727272727272727
OG0000440	AL1G44400	P	17	22	0.7727272727272727
OG0000440	AL1G44470	P	11	17	0.6470588235294118
OG0000440	AL1G44470	U	6	17	0.35294117647058826
OG0000440	AL1G44860	P	9	22	0.4090909090909091
OG0000440	AL1G44860	U	13	22	0.5909090909090909
OG0000440	AL1G44890	F	2	18	0.1111111111111111
OG0000440	AL1G44890	P	6	18	0.3333333333333333
OG0000440	AL1G44890	U	10	18	0.5555555555555556
OG0000440	AL1G44920	P	9	31	0.2903225806451613
OG0000440	AL1G44920	U	22	31	0.7096774193548387
OG0000440	AL1G44930	A	17	17	1.0
OG0000440	AL1G44960	P	19	19	1.0
OG0000440	AL1G48130	P	4	22	0.18181818181818182
OG0000440	AL1G48130	U	18	22	0.8181818181818182
OG0000440	AL1G49450	P	6	22	0.2727272727272727
OG0000440	AL1G49450	U	16	22	0.7272727272727273
OG0000440	AL1G59130	F	1	10	0.1
OG0000440	AL1G59130	P	4	10	0.4
OG0000440	AL1G59130	U	5	10	0.5
OG0000440	AL8G27960	A	2	6	0.3333333333333333
OG0000440	AL8G27960	U	4	6	0.6666666666666666
OG0000442	AL1G35030	U	23	23	1.0
OG0000445	AL5G20660	P	20	20	1.0
OG0000445	AL5G20690	P	18	18	1.0
OG0000448	AL1G35450	P	20	20	1.0
OG0000448	AL1G39460	P	21	21	1.0
OG0000448	AL3G43510	A	22	22	1.0
OG0000448	AL4G17880	P	21	21	1.0
OG0000448	AL5G18580	F	4	22	0.18181818181818182
OG0000448	AL5G18580	P	8	22	0.36363636363636365
OG0000448	AL5G18580	U	10	22	0.45454545454545453
OG0000448	AL614U10020	P	14	14	1.0
OG0000448	AL6G43140	F	6	39	0.15384615384615385
OG0000448	AL6G43140	P	8	39	0.20512820512820512
OG0000448	AL6G43140	U	25	39	0.6410256410256411
OG0000448	AL7G51950	P	24	34	0.7058823529411765
OG0000448	AL7G51950	U	10	34	0.29411764705882354
OG0000452	AL5G34540	P	1	10	0.1
OG0000452	AL5G34540	U	9	10	0.9
OG0000453	AL1G16350	U	23	23	1.0
OG0000473	AL3G22880	P	12	22	0.5454545454545454
OG0000473	AL3G22880	U	10	22	0.45454545454545453
OG0000496	AL4G25530	A	4	20	0.2
OG0000496	AL4G25530	P	8	20	0.4
OG0000496	AL4G25530	U	8	20	0.4
OG0000496	AL80U10070	P	1	22	0.045454545454545456
OG0000496	AL80U10070	U	21	22	0.9545454545454546
OG0000500	AL3G40330	P	20	21	0.9523809523809523
OG0000500	AL3G40330	U	1	21	0.047619047619047616
OG0000500	AL8G24810	P	18	19	0.9473684210526315
OG0000500	AL8G24810	U	1	19	0.05263157894736842
OG0000501	AL211U10010	P	11	21	0.5238095238095238
OG0000501	AL211U10010	U	10	21	0.47619047619047616
OG0000501	AL8G28350	P	13	21	0.6190476190476191
OG0000501	AL8G28350	U	8	21	0.38095238095238093
OG0000501	AL8G28470	A	1	24	0.041666666666666664
OG0000501	AL8G28470	P	23	24	0.9583333333333334
OG0000501	AL8G28510	P	17	17	1.0
OG0000501	AL8G28520	P	19	19	1.0
OG0000501	AL8G28530	P	30	30	1.0
OG0000501	AL8G28540	P	23	23	1.0
OG0000501	AL8G28560	P	20	20	1.0
OG0000501	AL8G28900	P	21	21	1.0
OG0000503	AL1G52040	A	20	20	1.0
OG0000503	AL8G17890	A	22	22	1.0
OG0000504	AL1G56700	A	12	12	1.0
OG0000504	AL3G19600	A	3	3	1.0
OG0000504	AL6G44880	P	22	22	1.0
OG0000510	AL5G16900	F	1	8	0.125
OG0000510	AL5G16900	P	4	8	0.5
OG0000510	AL5G16900	U	3	8	0.375
OG0000510	AL5G18290	P	2	20	0.1
OG0000510	AL5G18290	U	18	20	0.9
OG0000510	AL6G42120	A	10	10	1.0
OG0000510	AL8G18170	F	1	22	0.045454545454545456
OG0000510	AL8G18170	P	10	22	0.45454545454545453
OG0000510	AL8G18170	U	11	22	0.5
OG0000513	AL3G37620	A	19	22	0.8636363636363636
OG0000513	AL3G37620	P	1	22	0.045454545454545456
OG0000513	AL3G37620	U	2	22	0.09090909090909091
OG0000513	AL5G32890	P	22	22	1.0
OG0000513	AL5G32950	P	1	22	0.045454545454545456
OG0000513	AL5G32950	U	21	22	0.9545454545454546
OG0000513	AL5G32970	P	1	22	0.045454545454545456
OG0000513	AL5G32970	U	21	22	0.9545454545454546
OG0000513	AL5G33030	P	1	21	0.047619047619047616
OG0000513	AL5G33030	U	20	21	0.9523809523809523
OG0000513	AL5G33220	F	3	21	0.14285714285714285
OG0000513	AL5G33220	P	4	21	0.19047619047619047
OG0000513	AL5G33220	U	14	21	0.6666666666666666
OG0000513	AL5G33250	A	19	19	1.0
OG0000513	AL5G33260	P	20	21	0.9523809523809523
OG0000513	AL5G33260	U	1	21	0.047619047619047616
OG0000513	AL5G33270	F	2	21	0.09523809523809523
OG0000513	AL5G33270	U	19	21	0.9047619047619048
OG0000513	AL7G44280	A	1	11	0.09090909090909091
OG0000513	AL7G44280	U	10	11	0.9090909090909091
OG0000513	AL7G45230	P	15	20	0.75
OG0000513	AL7G45230	U	5	20	0.25
OG0000534	AL2G35840	U	23	23	1.0
OG0000535	AL2G16115	P	4	13	0.3076923076923077
OG0000535	AL2G16115	U	9	13	0.6923076923076923
OG0000535	AL2G16130	P	21	21	1.0
OG0000535	AL2G16140	P	21	21	1.0
OG0000535	AL2G16150	F	2	21	0.09523809523809523
OG0000535	AL2G16150	P	2	21	0.09523809523809523
OG0000535	AL2G16150	U	17	21	0.8095238095238095
OG0000535	AL2G16160	P	21	21	1.0
OG0000535	AL2G16170	P	3	21	0.14285714285714285
OG0000535	AL2G16170	U	18	21	0.8571428571428571
OG0000535	AL2G16180	P	22	22	1.0
OG0000546	AL3G13350	F	1	21	0.047619047619047616
OG0000546	AL3G13350	P	13	21	0.6190476190476191
OG0000546	AL3G13350	U	7	21	0.3333333333333333
OG0000546	AL3G13540	U	10	10	1.0
OG0000546	AL3G36620	F	1	21	0.047619047619047616
OG0000546	AL3G36620	P	18	21	0.8571428571428571
OG0000546	AL3G36620	U	2	21	0.09523809523809523
OG0000546	AL919U10020	U	13	13	1.0
OG0000546	AL998U10020	P	10	22	0.45454545454545453
OG0000546	AL998U10020	U	12	22	0.5454545454545454
OG0000546	AL9U11730	F	1	22	0.045454545454545456
OG0000546	AL9U11730	P	8	22	0.36363636363636365
OG0000546	AL9U11730	U	13	22	0.5909090909090909
OG0000549	AL3G51970	P	12	21	0.5714285714285714
OG0000549	AL3G51970	U	9	21	0.42857142857142855
OG0000549	AL3G52000	F	2	22	0.09090909090909091
OG0000549	AL3G52000	P	5	22	0.22727272727272727
OG0000549	AL3G52000	U	15	22	0.6818181818181818
OG0000549	AL3G52010	P	41	41	1.0
OG0000549	AL4G13820	U	21	21	1.0
OG0000549	AL7G14190	U	22	22	1.0
OG0000589	AL188U10010	A	13	13	1.0
OG0000589	AL4G12860	P	4	12	0.3333333333333333
OG0000589	AL4G12860	U	8	12	0.6666666666666666
OG0000589	AL5G25100	A	13	22	0.5909090909090909
OG0000589	AL5G25100	P	9	22	0.4090909090909091
OG0000589	AL5G31050	U	13	13	1.0
OG0000591	AL1G16750	U	22	22	1.0
OG0000591	AL3G14630	U	22	22	1.0
OG0000591	AL3G16600	P	22	22	1.0
OG0000591	AL3G18110	P	22	22	1.0
OG0000591	AL6G27450	U	22	22	1.0
OG0000591	AL8G22210	F	4	21	0.19047619047619047
OG0000591	AL8G22210	P	3	21	0.14285714285714285
OG0000591	AL8G22210	U	14	21	0.6666666666666666
OG0000594	AL1G24200	U	13	13	1.0
OG0000594	AL1G24250	P	9	9	1.0
OG0000594	AL1G24380	A	2	14	0.14285714285714285
OG0000594	AL1G24380	F	2	14	0.14285714285714285
OG0000594	AL1G24380	P	9	14	0.6428571428571429
OG0000594	AL1G24380	U	1	14	0.07142857142857142
OG0000594	AL1G25890	F	6	22	0.2727272727272727
OG0000594	AL1G25890	P	3	22	0.13636363636363635
OG0000594	AL1G25890	U	13	22	0.5909090909090909
OG0000594	AL1G36880	F	1	21	0.047619047619047616
OG0000594	AL1G36880	U	20	21	0.9523809523809523
OG0000594	AL1G36930	F	5	20	0.25
OG0000594	AL1G36930	U	15	20	0.75
OG0000594	AL1G36940	F	8	28	0.2857142857142857
OG0000594	AL1G36940	P	15	28	0.5357142857142857
OG0000594	AL1G36940	U	5	28	0.17857142857142858
OG0000594	AL1G37000	P	1	38	0.02631578947368421
OG0000594	AL1G37000	U	37	38	0.9736842105263158
OG0000594	AL4G42070	F	1	20	0.05
OG0000594	AL4G42070	P	5	20	0.25
OG0000594	AL4G42070	U	14	20	0.7
OG0000594	AL7G35910	F	6	10	0.6
OG0000594	AL7G35910	P	1	10	0.1
OG0000594	AL7G35910	U	3	10	0.3
OG0000594	AL7G35920	F	1	15	0.06666666666666667
OG0000594	AL7G35920	P	8	15	0.5333333333333333
OG0000594	AL7G35920	U	6	15	0.4
OG0000598	AL1G37890	F	1	22	0.045454545454545456
OG0000598	AL1G37890	P	2	22	0.09090909090909091
OG0000598	AL1G37890	U	19	22	0.8636363636363636
OG0000598	AL243U10010	U	21	21	1.0
OG0000598	AL2G19580	F	2	22	0.09090909090909091
OG0000598	AL2G19580	P	12	22	0.5454545454545454
OG0000598	AL2G19580	U	8	22	0.36363636363636365
OG0000598	AL3G10770	A	10	19	0.5263157894736842
OG0000598	AL3G10770	P	3	19	0.15789473684210525
OG0000598	AL3G10770	U	6	19	0.3157894736842105
OG0000598	AL3G10790	F	2	24	0.08333333333333333
OG0000598	AL3G10790	P	1	24	0.041666666666666664
OG0000598	AL3G10790	U	21	24	0.875
OG0000598	AL5G21750	P	43	43	1.0
OG0000598	AL8G25330	P	22	22	1.0
OG0000599	AL3G22240	A	14	22	0.6363636363636364
OG0000599	AL3G22240	P	6	22	0.2727272727272727
OG0000599	AL3G22240	U	2	22	0.09090909090909091
OG0000599	AL3G39940	A	11	38	0.2894736842105263
OG0000599	AL3G39940	P	25	38	0.6578947368421053
OG0000599	AL3G39940	U	2	38	0.05263157894736842
OG0000599	AL3G46970	A	26	26	1.0
OG0000599	AL3G53170	P	22	22	1.0
OG0000599	AL4G18520	A	4	37	0.10810810810810811
OG0000599	AL4G18520	P	33	37	0.8918918918918919
OG0000599	AL4G19510	F	1	45	0.022222222222222223
OG0000599	AL4G19510	P	31	45	0.6888888888888889
OG0000599	AL4G19510	U	13	45	0.28888888888888886
OG0000599	AL5G23210	A	29	64	0.453125
OG0000599	AL5G23210	P	35	64	0.546875
OG0000599	AL6G15560	P	21	21	1.0
OG0000599	AL6G25810	P	21	21	1.0
OG0000599	AL6G39020	A	8	43	0.18604651162790697
OG0000599	AL6G39020	P	35	43	0.813953488372093
OG0000599	AL6G44250	A	68	68	1.0
OG0000601	AL7G37760	F	3	21	0.14285714285714285
OG0000601	AL7G37760	P	16	21	0.7619047619047619
OG0000601	AL7G37760	U	2	21	0.09523809523809523
OG0000605	AL1G34620	P	22	22	1.0
OG0000605	AL3G22030	P	20	21	0.9523809523809523
OG0000605	AL3G22030	U	1	21	0.047619047619047616
OG0000605	AL3G30600	P	6	22	0.2727272727272727
OG0000605	AL3G30600	U	16	22	0.7272727272727273
OG0000605	AL3G41320	P	18	21	0.8571428571428571
OG0000605	AL3G41320	U	3	21	0.14285714285714285
OG0000605	AL3G41330	P	37	38	0.9736842105263158
OG0000605	AL3G41330	U	1	38	0.02631578947368421
OG0000605	AL3G41340	F	4	18	0.2222222222222222
OG0000605	AL3G41340	P	9	18	0.5
OG0000605	AL3G41340	U	5	18	0.2777777777777778
OG0000605	AL3G41350	P	2	22	0.09090909090909091
OG0000605	AL3G41350	U	20	22	0.9090909090909091
OG0000605	AL4G22640	F	2	21	0.09523809523809523
OG0000605	AL4G22640	P	4	21	0.19047619047619047
OG0000605	AL4G22640	U	15	21	0.7142857142857143
OG0000605	AL4G22680	A	7	42	0.16666666666666666
OG0000605	AL4G22680	P	35	42	0.8333333333333334
OG0000605	AL4G22690	F	6	20	0.3
OG0000605	AL4G22690	P	9	20	0.45
OG0000605	AL4G22690	U	5	20	0.25
OG0000605	AL8G10750	P	13	15	0.8666666666666667
OG0000605	AL8G10750	U	2	15	0.13333333333333333
OG0000606	AL1G65030	P	3	22	0.13636363636363635
OG0000606	AL1G65030	U	19	22	0.8636363636363636
OG0000606	AL6G37800	F	1	22	0.045454545454545456
OG0000606	AL6G37800	P	1	22	0.045454545454545456
OG0000606	AL6G37800	U	20	22	0.9090909090909091
OG0000606	AL8G28370	P	11	21	0.5238095238095238
OG0000606	AL8G28370	U	10	21	0.47619047619047616
OG0000606	AL8G28380	F	1	22	0.045454545454545456
OG0000606	AL8G28380	P	10	22	0.45454545454545453
OG0000606	AL8G28380	U	11	22	0.5
OG0000606	AL8G28490	P	20	20	1.0
OG0000606	AL8G28500	A	1	18	0.05555555555555555
OG0000606	AL8G28500	P	17	18	0.9444444444444444
OG0000606	AL8G28580	P	22	22	1.0
OG0000606	AL8G28590	P	22	22	1.0
OG0000618	AL8G32120	P	21	21	1.0
OG0000620	AL3G37430	F	3	20	0.15
OG0000620	AL3G37430	P	15	20	0.75
OG0000620	AL3G37430	U	2	20	0.1
OG0000620	AL3G37440	P	9	9	1.0
OG0000620	AL3G37560	P	4	19	0.21052631578947367
OG0000620	AL3G37560	U	15	19	0.7894736842105263
OG0000620	AL3G37570	F	1	18	0.05555555555555555
OG0000620	AL3G37570	P	15	18	0.8333333333333334
OG0000620	AL3G37570	U	2	18	0.1111111111111111
OG0000620	AL4G14280	A	3	6	0.5
OG0000620	AL4G14280	U	3	6	0.5
OG0000620	AL57U10020	P	23	23	1.0
OG0000620	AL57U10030	P	19	19	1.0
OG0000621	AL1G49400	P	21	21	1.0
OG0000621	AL7G45610	A	16	16	1.0
OG0000639	AL158U10020	F	1	22	0.045454545454545456
OG0000639	AL158U10020	P	6	22	0.2727272727272727
OG0000639	AL158U10020	U	15	22	0.6818181818181818
OG0000639	AL158U10030	P	21	21	1.0
OG0000639	AL2G31040	P	12	22	0.5454545454545454
OG0000639	AL2G31040	U	10	22	0.45454545454545453
OG0000639	AL2G31050	P	39	41	0.9512195121951219
OG0000639	AL2G31050	U	2	41	0.04878048780487805
OG0000639	AL2G31060	A	21	43	0.4883720930232558
OG0000639	AL2G31060	F	2	43	0.046511627906976744
OG0000639	AL2G31060	P	5	43	0.11627906976744186
OG0000639	AL2G31060	U	15	43	0.3488372093023256
OG0000679	AL1G57810	A	5	22	0.22727272727272727
OG0000679	AL1G57810	P	17	22	0.7727272727272727
OG0000679	AL1G63440	F	4	15	0.26666666666666666
OG0000679	AL1G63440	P	2	15	0.13333333333333333
OG0000679	AL1G63440	U	9	15	0.6
OG0000692	AL1G66430	A	22	22	1.0
OG0000692	AL4G15990	F	9	21	0.42857142857142855
OG0000692	AL4G15990	U	12	21	0.5714285714285714
OG0000692	AL5G15840	F	1	17	0.058823529411764705
OG0000692	AL5G15840	P	4	17	0.23529411764705882
OG0000692	AL5G15840	U	12	17	0.7058823529411765
OG0000692	AL5G16640	F	3	22	0.13636363636363635
OG0000692	AL5G16640	P	2	22	0.09090909090909091
OG0000692	AL5G16640	U	17	22	0.7727272727272727
OG0000692	AL5G17120	F	1	22	0.045454545454545456
OG0000692	AL5G17120	P	4	22	0.18181818181818182
OG0000692	AL5G17120	U	17	22	0.7727272727272727
OG0000712	AL1G49830	P	7	22	0.3181818181818182
OG0000712	AL1G49830	U	15	22	0.6818181818181818
OG0000712	AL3G21830	P	1	22	0.045454545454545456
OG0000712	AL3G21830	U	21	22	0.9545454545454546
OG0000712	AL3G49390	P	1	22	0.045454545454545456
OG0000712	AL3G49390	U	21	22	0.9545454545454546
OG0000712	AL4G12990	P	1	22	0.045454545454545456
OG0000712	AL4G12990	U	21	22	0.9545454545454546
OG0000712	AL4G13000	U	21	21	1.0
OG0000712	AL6G26180	P	1	22	0.045454545454545456
OG0000712	AL6G26180	U	21	22	0.9545454545454546
OG0000712	AL7G52140	P	2	22	0.09090909090909091
OG0000712	AL7G52140	U	20	22	0.9090909090909091
OG0000720	AL215U10060	P	22	22	1.0
OG0000720	AL269U10022	F	10	43	0.23255813953488372
OG0000720	AL269U10022	P	15	43	0.3488372093023256
OG0000720	AL269U10022	U	18	43	0.4186046511627907
OG0000720	AL269U10030	P	24	50	0.48
OG0000720	AL269U10030	U	26	50	0.52
OG0000720	AL269U10040	F	1	5	0.2
OG0000720	AL269U10040	P	1	5	0.2
OG0000720	AL269U10040	U	3	5	0.6
OG0000720	AL269U10050	F	1	5	0.2
OG0000720	AL269U10050	P	1	5	0.2
OG0000720	AL269U10050	U	3	5	0.6
OG0000720	AL3G41370	A	44	68	0.6470588235294118
OG0000720	AL3G41370	P	22	68	0.3235294117647059
OG0000720	AL3G41370	U	2	68	0.029411764705882353
OG0000720	AL3G41380	F	7	64	0.109375
OG0000720	AL3G41380	P	24	64	0.375
OG0000720	AL3G41380	U	33	64	0.515625
OG0000720	AL3G41390	F	5	55	0.09090909090909091
OG0000720	AL3G41390	P	15	55	0.2727272727272727
OG0000720	AL3G41390	U	35	55	0.6363636363636364
OG0000720	AL3G41400	P	10	51	0.19607843137254902
OG0000720	AL3G41400	U	41	51	0.803921568627451
OG0000720	AL8G37440	P	68	68	1.0
OG0000724	AL1G66700	A	15	15	1.0
OG0000724	AL4G21420	A	10	10	1.0
OG0000724	AL5G20730	P	6	15	0.4
OG0000724	AL5G20730	U	9	15	0.6
OG0000724	AL5G23780	A	11	16	0.6875
OG0000724	AL5G23780	U	5	16	0.3125
OG0000724	AL6G37180	A	18	18	1.0
OG0000724	AL7G40240	A	14	14	1.0
OG0000724	AL8G40900	P	13	21	0.6190476190476191
OG0000724	AL8G40900	U	8	21	0.38095238095238093
OG0000724	AL9U10510	P	13	19	0.6842105263157895
OG0000724	AL9U10510	U	6	19	0.3157894736842105
OG0000725	AL1G32050	P	3	3	1.0
OG0000725	AL4G38000	P	21	21	1.0
OG0000725	AL4G38030	P	27	27	1.0
OG0000725	AL5G23010	P	18	20	0.9
OG0000725	AL5G23010	U	2	20	0.1
OG0000725	AL5G23100	P	4	4	1.0
OG0000725	AL5G23110	A	4	4	1.0
OG0000725	AL7G22840	F	1	5	0.2
OG0000725	AL7G22840	U	4	5	0.8
OG0000725	AL7G23550	P	21	21	1.0
OG0000728	AL1G41300	A	11	11	1.0
OG0000728	AL3G31830	A	6	18	0.3333333333333333
OG0000728	AL3G31830	P	12	18	0.6666666666666666
OG0000728	AL6G25390	F	7	22	0.3181818181818182
OG0000728	AL6G25390	P	1	22	0.045454545454545456
OG0000728	AL6G25390	U	14	22	0.6363636363636364
OG0000731	AL1G54130	P	18	23	0.782608695652174
OG0000731	AL1G54130	U	5	23	0.21739130434782608
OG0000731	AL1G54580	P	1	23	0.043478260869565216
OG0000731	AL1G54580	U	22	23	0.9565217391304348
OG0000731	AL1G54620	F	1	15	0.06666666666666667
OG0000731	AL1G54620	P	2	15	0.13333333333333333
OG0000731	AL1G54620	U	12	15	0.8
OG0000731	AL1G58610	F	2	23	0.08695652173913043
OG0000731	AL1G58610	P	1	23	0.043478260869565216
OG0000731	AL1G58610	U	20	23	0.8695652173913043
OG0000731	AL2G11100	F	1	21	0.047619047619047616
OG0000731	AL2G11100	P	18	21	0.8571428571428571
OG0000731	AL2G11100	U	2	21	0.09523809523809523
OG0000736	AL6G50950	P	8	21	0.38095238095238093
OG0000736	AL6G50950	U	13	21	0.6190476190476191
OG0000739	AL1G65230	A	22	22	1.0
OG0000739	AL2G18220	A	44	44	1.0
OG0000739	AL2G18240	A	65	65	1.0
OG0000739	AL2G18250	A	21	21	1.0
OG0000761	AL1G40150	P	1	22	0.045454545454545456
OG0000761	AL1G40150	U	21	22	0.9545454545454546
OG0000761	AL358U10020	P	24	24	1.0
OG0000761	AL4G18740	A	2	34	0.058823529411764705
OG0000761	AL4G18740	P	22	34	0.6470588235294118
OG0000761	AL4G18740	U	10	34	0.29411764705882354
OG0000761	AL5G11470	A	1	34	0.029411764705882353
OG0000761	AL5G11470	P	33	34	0.9705882352941176
OG0000792	AL5G19700	A	9	22	0.4090909090909091
OG0000792	AL5G19700	F	2	22	0.09090909090909091
OG0000792	AL5G19700	P	7	22	0.3181818181818182
OG0000792	AL5G19700	U	4	22	0.18181818181818182
OG0000792	AL5G19780	P	1	22	0.045454545454545456
OG0000792	AL5G19780	U	21	22	0.9545454545454546
OG0000817	AL1G56010	P	17	17	1.0
OG0000817	AL304U10030	P	17	17	1.0
OG0000817	AL3G16010	P	19	19	1.0
OG0000817	AL3G16040	P	19	19	1.0
OG0000817	AL5G22900	A	22	22	1.0
OG0000817	AL6G37010	A	1	33	0.030303030303030304
OG0000817	AL6G37010	P	30	33	0.9090909090909091
OG0000817	AL6G37010	U	2	33	0.06060606060606061
OG0000817	AL8G28550	A	1	55	0.01818181818181818
OG0000817	AL8G28550	P	54	55	0.9818181818181818
OG0000822	AL249U10020	P	1	22	0.045454545454545456
OG0000822	AL249U10020	U	21	22	0.9545454545454546
OG0000822	AL249U10030	F	1	21	0.047619047619047616
OG0000822	AL249U10030	P	8	21	0.38095238095238093
OG0000822	AL249U10030	U	12	21	0.5714285714285714
OG0000822	AL249U10050	U	22	22	1.0
OG0000822	AL3G34940	U	22	22	1.0
OG0000822	AL3G34950	F	2	21	0.09523809523809523
OG0000822	AL3G34950	P	3	21	0.14285714285714285
OG0000822	AL3G34950	U	16	21	0.7619047619047619
OG0000822	AL3G34960	P	4	22	0.18181818181818182
OG0000822	AL3G34960	U	18	22	0.8181818181818182
OG0000822	AL3G34970	F	4	24	0.16666666666666666
OG0000822	AL3G34970	P	1	24	0.041666666666666664
OG0000822	AL3G34970	U	19	24	0.7916666666666666
OG0000822	AL3G34990	F	2	23	0.08695652173913043
OG0000822	AL3G34990	P	2	23	0.08695652173913043
OG0000822	AL3G34990	U	19	23	0.8260869565217391
OG0000846	AL6G39480	A	14	22	0.6363636363636364
OG0000846	AL6G39480	P	8	22	0.36363636363636365
OG0000846	AL7G15460	P	22	22	1.0
OG0000846	AL8G14650	A	1	22	0.045454545454545456
OG0000846	AL8G14650	P	1	22	0.045454545454545456
OG0000846	AL8G14650	U	20	22	0.9090909090909091
OG0000846	AL8G14670	A	17	24	0.7083333333333334
OG0000846	AL8G14670	P	2	24	0.08333333333333333
OG0000846	AL8G14670	U	5	24	0.20833333333333334
OG0000857	AL1G50610	A	1	23	0.043478260869565216
OG0000857	AL1G50610	F	2	23	0.08695652173913043
OG0000857	AL1G50610	P	5	23	0.21739130434782608
OG0000857	AL1G50610	U	15	23	0.6521739130434783
OG0000857	AL6G42660	P	22	22	1.0
OG0000865	AL1046U10010	P	22	22	1.0
OG0000865	AL1G48240	P	27	36	0.75
OG0000865	AL1G48240	U	9	36	0.25
OG0000865	AL2G15210	A	5	52	0.09615384615384616
OG0000865	AL2G15210	F	1	52	0.019230769230769232
OG0000865	AL2G15210	P	16	52	0.3076923076923077
OG0000865	AL2G15210	U	30	52	0.5769230769230769
OG0000865	AL2G18160	A	11	70	0.15714285714285714
OG0000865	AL2G18160	P	58	70	0.8285714285714286
OG0000865	AL2G18160	U	1	70	0.014285714285714285
OG0000865	AL2G22980	P	56	56	1.0
OG0000865	AL355U10010	A	15	78	0.19230769230769232
OG0000865	AL355U10010	P	63	78	0.8076923076923077
OG0000865	AL4G19210	P	21	21	1.0
OG0000865	AL5G34660	P	22	22	1.0
OG0000865	AL7G42180	A	2	46	0.043478260869565216
OG0000865	AL7G42180	P	44	46	0.9565217391304348
OG0000865	AL7G46420	P	25	56	0.44642857142857145
OG0000865	AL7G46420	U	31	56	0.5535714285714286
OG0000887	AL5G30080	P	2	12	0.16666666666666666
OG0000887	AL5G30080	U	10	12	0.8333333333333334
OG0000887	AL5G30090	A	2	9	0.2222222222222222
OG0000887	AL5G30090	P	3	9	0.3333333333333333
OG0000887	AL5G30090	U	4	9	0.4444444444444444
OG0000887	AL5G30100	A	2	18	0.1111111111111111
OG0000887	AL5G30100	P	16	18	0.8888888888888888
OG0000887	AL5G30110	A	2	12	0.16666666666666666
OG0000887	AL5G30110	F	9	12	0.75
OG0000887	AL5G30110	U	1	12	0.08333333333333333
OG0000887	AL8G43970	U	22	22	1.0
OG0000893	AL4G26930	P	22	22	1.0
OG0000893	AL7G30220	F	2	42	0.047619047619047616
OG0000893	AL7G30220	P	25	42	0.5952380952380952
OG0000893	AL7G30220	U	15	42	0.35714285714285715
OG0000893	AL7G47240	A	62	62	1.0
OG0000893	AL8G16330	F	6	22	0.2727272727272727
OG0000893	AL8G16330	P	11	22	0.5
OG0000893	AL8G16330	U	5	22	0.22727272727272727
OG0000893	AL8G29070	A	39	39	1.0
OG0000907	AL22U10010	F	22	22	1.0
OG0000907	AL3G22600	P	2	22	0.09090909090909091
OG0000907	AL3G22600	U	20	22	0.9090909090909091
OG0000907	AL7G20330	F	5	15	0.3333333333333333
OG0000907	AL7G20330	P	3	15	0.2
OG0000907	AL7G20330	U	7	15	0.4666666666666667
OG0000907	AL7G20370	F	2	20	0.1
OG0000907	AL7G20370	P	1	20	0.05
OG0000907	AL7G20370	U	17	20	0.85
OG0000907	AL7G51970	A	1	25	0.04
OG0000907	AL7G51970	P	24	25	0.96
OG0000907	AL7G51980	P	26	26	1.0
OG0000913	AL1G31240	F	1	21	0.047619047619047616
OG0000913	AL1G31240	P	15	21	0.7142857142857143
OG0000913	AL1G31240	U	5	21	0.23809523809523808
OG0000913	AL1G31270	A	4	22	0.18181818181818182
OG0000913	AL1G31270	P	3	22	0.13636363636363635
OG0000913	AL1G31270	U	15	22	0.6818181818181818
OG0000913	AL1G31610	P	2	22	0.09090909090909091
OG0000913	AL1G31610	U	20	22	0.9090909090909091
OG0000913	AL1G34810	P	5	6	0.8333333333333334
OG0000913	AL1G34810	U	1	6	0.16666666666666666
OG0000913	AL1G35170	F	3	22	0.13636363636363635
OG0000913	AL1G35170	P	2	22	0.09090909090909091
OG0000913	AL1G35170	U	17	22	0.7727272727272727
OG0000913	AL1G35390	P	1	15	0.06666666666666667
OG0000913	AL1G35390	U	14	15	0.9333333333333333
OG0000913	AL1G35480	A	20	20	1.0
OG0000913	AL3G33590	U	6	6	1.0
OG0000929	AL1G38470	P	22	22	1.0
OG0000929	AL1G38480	P	22	22	1.0
OG0000929	AL1G38490	P	40	40	1.0
OG0000929	AL8G21080	F	1	33	0.030303030303030304
OG0000929	AL8G21080	P	31	33	0.9393939393939394
OG0000929	AL8G21080	U	1	33	0.030303030303030304
OG0000929	AL8G21090	P	26	30	0.8666666666666667
OG0000929	AL8G21090	U	4	30	0.13333333333333333
OG0000949	AL6G38960	P	5	22	0.22727272727272727
OG0000949	AL6G38960	U	17	22	0.7727272727272727
OG0000949	AL6G38970	P	2	43	0.046511627906976744
OG0000949	AL6G38970	U	41	43	0.9534883720930233
OG0000949	AL6G40080	P	15	44	0.3409090909090909
OG0000949	AL6G40080	U	29	44	0.6590909090909091
OG0000949	AL6G40090	P	29	70	0.4142857142857143
OG0000949	AL6G40090	U	41	70	0.5857142857142857
OG0000962	AL4G26670	P	9	22	0.4090909090909091
OG0000962	AL4G26670	U	13	22	0.5909090909090909
OG0000962	AL4G27540	F	4	22	0.18181818181818182
OG0000962	AL4G27540	U	18	22	0.8181818181818182
OG0000962	AL4G28060	F	6	22	0.2727272727272727
OG0000962	AL4G28060	U	16	22	0.7272727272727273
OG0000962	AL4G28420	F	2	21	0.09523809523809523
OG0000962	AL4G28420	U	19	21	0.9047619047619048
OG0001007	AL123U10010	P	22	22	1.0
OG0001007	AL26U10030	P	10	14	0.7142857142857143
OG0001007	AL26U10030	U	4	14	0.2857142857142857
OG0001007	AL26U10060	P	24	24	1.0
OG0001007	AL3G40880	A	1	24	0.041666666666666664
OG0001007	AL3G40880	P	23	24	0.9583333333333334
OG0001007	AL3G40890	F	1	11	0.09090909090909091
OG0001007	AL3G40890	P	1	11	0.09090909090909091
OG0001007	AL3G40890	U	9	11	0.8181818181818182
OG0001007	AL3G41020	A	2	31	0.06451612903225806
OG0001007	AL3G41020	F	2	31	0.06451612903225806
OG0001007	AL3G41020	P	23	31	0.7419354838709677
OG0001007	AL3G41020	U	4	31	0.12903225806451613
OG0001007	AL3G41050	P	26	26	1.0
OG0001019	AL5G41770	F	1	22	0.045454545454545456
OG0001019	AL5G41770	U	21	22	0.9545454545454546
OG0001019	AL5G41790	A	7	22	0.3181818181818182
OG0001019	AL5G41790	F	1	22	0.045454545454545456
OG0001019	AL5G41790	P	12	22	0.5454545454545454
OG0001019	AL5G41790	U	2	22	0.09090909090909091
OG0001038	AL5G11890	F	7	17	0.4117647058823529
OG0001038	AL5G11890	P	7	17	0.4117647058823529
OG0001038	AL5G11890	U	3	17	0.17647058823529413
OG0001079	AL6G28130	U	9	9	1.0
OG0001079	AL7G37270	A	14	14	1.0
OG0001079	AL96U10010	A	3	8	0.375
OG0001079	AL96U10010	P	4	8	0.5
OG0001079	AL96U10010	U	1	8	0.125
OG0001115	AL1G50110	U	22	22	1.0
OG0001115	AL1G50120	P	22	22	1.0
OG0001115	AL1G50150	F	7	22	0.3181818181818182
OG0001115	AL1G50150	U	15	22	0.6818181818181818
OG0001115	AL1G50170	F	1	21	0.047619047619047616
OG0001115	AL1G50170	U	20	21	0.9523809523809523
OG0001115	AL1G50190	F	3	22	0.13636363636363635
OG0001115	AL1G50190	P	8	22	0.36363636363636365
OG0001115	AL1G50190	U	11	22	0.5
OG0001115	AL1G50210	F	2	24	0.08333333333333333
OG0001115	AL1G50210	P	20	24	0.8333333333333334
OG0001115	AL1G50210	U	2	24	0.08333333333333333
OG0001115	AL1G50220	A	19	24	0.7916666666666666
OG0001115	AL1G50220	U	5	24	0.20833333333333334
OG0001127	AL1G56990	P	2	21	0.09523809523809523
OG0001127	AL1G56990	U	19	21	0.9047619047619048
OG0001127	AL2G19320	A	38	38	1.0
OG0001127	AL3G40990	F	7	19	0.3684210526315789
OG0001127	AL3G40990	P	5	19	0.2631578947368421
OG0001127	AL3G40990	U	7	19	0.3684210526315789
OG0001127	AL4G18060	P	50	53	0.9433962264150944
OG0001127	AL4G18060	U	3	53	0.05660377358490566
OG0001127	AL5G24470	P	5	10	0.5
OG0001127	AL5G24470	U	5	10	0.5
OG0001127	AL6G38890	F	2	19	0.10526315789473684
OG0001127	AL6G38890	P	10	19	0.5263157894736842
OG0001127	AL6G38890	U	7	19	0.3684210526315789
OG0001127	AL6G49470	F	13	30	0.43333333333333335
OG0001127	AL6G49470	P	6	30	0.2
OG0001127	AL6G49470	U	11	30	0.36666666666666664
OG0001132	AL5G19550	P	14	15	0.9333333333333333
OG0001132	AL5G19550	U	1	15	0.06666666666666667
OG0001132	AL7G52290	A	1	15	0.06666666666666667
OG0001132	AL7G52290	P	14	15	0.9333333333333333
OG0001132	AL7G52310	P	41	41	1.0
OG0001132	AL7G52360	A	17	47	0.3617021276595745
OG0001132	AL7G52360	P	30	47	0.6382978723404256
OG0001132	AL7G52380	A	1	63	0.015873015873015872
OG0001132	AL7G52380	P	62	63	0.9841269841269841
OG0001132	AL7G52410	A	8	77	0.1038961038961039
OG0001132	AL7G52410	P	69	77	0.8961038961038961
OG0001135	AL1G45700	P	6	6	1.0
OG0001135	AL1G57250	P	6	9	0.6666666666666666
OG0001135	AL1G57250	U	3	9	0.3333333333333333
OG0001135	AL211U10020	P	9	11	0.8181818181818182
OG0001135	AL211U10020	U	2	11	0.18181818181818182
OG0001135	AL3G21260	P	7	7	1.0
OG0001135	AL446U10030	P	7	10	0.7
OG0001135	AL446U10030	U	3	10	0.3
OG0001135	AL4G19890	P	14	14	1.0
OG0001135	AL4G30840	P	8	8	1.0
OG0001135	AL9U11170	A	7	23	0.30434782608695654
OG0001135	AL9U11170	P	13	23	0.5652173913043478
OG0001135	AL9U11170	U	3	23	0.13043478260869565
