"family_id","estimate","std.error","statistic","p.value","r.squared","adj.r.squared","env_var","q.value"
"OG0000009",-0.0706713578707839,0.0976050349977031,-0.724054428877024,0.470343376049076,0.0190393690255529,-0.00377366890408548,"bio3",0.778303913840759
"OG0000012",-0.109524021439393,0.0947096610909218,-1.1564186818729,0.24964704504496,0.0763749561687235,0.0548953039866007,"bio3",0.62043393640411
"OG0000015",-0.184487970983135,0.0967834072406118,-1.90619421492862,0.0588495401936589,0.0354850808996196,0.0130545013856573,"bio3",0.318533457137838
"OG0000016",-0.11365293387559,0.0877134265660397,-1.29573017866336,0.197382141862695,0.20779187984759,0.189368435192882,"bio3",0.564777531365368
"OG0000022",-0.061090287423906,0.0971034318640458,-0.62912593562541,0.530379135376971,0.0290959930334643,0.00651683008075399,"bio3",0.805460251954575
"OG0000024",-0.172834812973625,0.0959195840442666,-1.8018720024251,0.0739008641361886,0.0526254611897507,0.0305934951709076,"bio3",0.34687744749039
"OG0000027",-0.0454995692906629,0.0858028435342083,-0.530280436131734,0.596829124069961,0.241927928987113,0.224298345940302,"bio3",0.851837931627127
"OG0000029",-0.0693972675279429,0.0945776954450123,-0.733759341474868,0.464426912264492,0.0789470667088107,0.057527231050876,"bio3",0.778303913840759
"OG0000030",-0.160479269507615,0.0954221260196716,-1.68178258231777,0.0950303283557558,0.0624265252344758,0.0406224909376031,"bio3",0.355232417901278
"OG0000039",-0.285774526529042,0.0940631622178318,-3.03811311241317,0.00288219773941396,0.0889414574118474,0.067754049444681,"bio3",0.0377087537573327
"OG0000040",-0.295551588151947,0.0948969096007319,-3.11444903101109,0.00227103583813242,0.0727191859661659,0.0511545158723558,"bio3",0.0324138751442536
"OG0000042",0.0870884455356588,0.0964635256035023,0.902812176838961,0.368308292504119,0.0418502369402887,0.019567684310993,"bio3",0.760847393725614
"OG0000045",0.0435270505965918,0.060461233613459,0.719916680411603,0.472878644182575,0.623590008313656,0.614836287576764,"bio3",0.778303913840759
"OG0000046",-0.00602868138422916,0.098360330109351,-0.0612917969828572,0.951221682735958,0.00379873164729983,-0.0193687397097397,"bio3",0.971216215411332
"OG0000047",0.0134408770787741,0.0900582450366937,0.14924649123795,0.881592209915158,0.164869981889759,0.145448353561614,"bio3",0.951687358806132
"OG0000049",-0.36445724090391,0.0915398616042573,-3.9814047619989,0.000113756106719786,0.137165229246043,0.117099304344788,"bio3",0.00892985437750319
"OG0000054",-0.0130296324551783,0.096380957540286,-0.135188867051171,0.892673265239409,0.0434897936839514,0.0212453702812525,"bio3",0.951687358806132
"OG0000060",-0.0636931219075544,0.0908211795114983,-0.70130251831282,0.484377445679632,0.150660326597774,0.130908241169815,"bio3",0.778303913840759
"OG0000065",-0.0703545959845197,0.0905036322796082,-0.777367650473534,0.438365156615032,0.156589207162713,0.136975002678125,"bio3",0.778303913840759
"OG0000074",0.164935621665546,0.0967316872867189,1.70508368345386,0.0905858302363438,0.0365156571040956,0.0141090444786094,"bio3",0.34687744749039
"OG0000075",-0.0240445625031089,0.0983175434159599,-0.244560244974609,0.807185522281242,0.0046652372280315,-0.0184820828364329,"bio3",0.918319760856195
"OG0000077",0.140474124401779,0.0958299366369018,1.46586890622743,0.145117308047174,0.0543954851945769,0.0324046825246833,"bio3",0.451411006511673
"OG0000083",-0.00945201299088481,0.0832799017971328,-0.113496927673013,0.909813042805046,0.28585311882801,0.26924505182401,"bio3",0.952270984802614
"OG0000087",-0.0637142193095422,0.0907596000997794,-0.702010798191,0.483937120759835,0.151811690335447,0.132086380808364,"bio3",0.778303913840759
"OG0000090",-0.189112844476897,0.0776117548398688,-2.43665208790963,0.0161881337927593,0.379756614602687,0.365332349826005,"bio3",0.144940283407087
"OG0000093",0.0327472066173494,0.0948170323002225,0.345372617375967,0.730376795296174,0.0742795637643388,0.0527511815263001,"bio3",0.879395537639583
"OG0000095",-0.151066459166651,0.096795918737726,-1.56066971765591,0.121051663052658,0.0352356929936856,0.0127993137609805,"bio3",0.395939814568068
"OG0000096",-0.222347854888422,0.0826101145689728,-2.69153306527349,0.0080554536656267,0.297294125715202,0.280952128638811,"bio3",0.0843137483668927
"OG0000100",-0.00237982796570686,0.0982750342781825,-0.02421599730986,0.980717737082851,0.00552574846987902,-0.0176015597052401,"bio3",0.980717737082851
"OG0000103",0.0403824253312409,0.0965921776245132,0.418071383463588,0.676590039070731,0.0392927914603584,0.0169507633547853,"bio3",0.879395537639583
"OG0000106",-0.0819099814023148,0.0828980259482755,-0.988081205376625,0.324962566541783,0.292387472952471,0.275931367672296,"bio3",0.708512785364553
"OG0000107",0.0578102196355983,0.0934852895527712,0.618388410755953,0.537409670925138,0.10010116384244,0.0791732839317987,"bio3",0.805460251954575
"OG0000118",-0.14131492611666,0.0883145895008657,-1.60013115517312,0.112015757612883,0.196895527824311,0.178218679634179,"bio3",0.38041254217455
"OG0000126",-0.516173283759965,0.0869956263288593,-5.93332453069234,2.56754082800741e-08,0.220704849845936,0.202581706819097,"bio3",4.03103909997163e-06
"OG0000141",0.0577448552492927,0.0936217741347479,0.616788730858504,0.538461122378327,0.0974716169957725,0.0764825848328835,"bio3",0.805460251954575
"OG0000142",0.122843358209717,0.0973198176098267,1.26226457495244,0.209130857885223,0.024764037589075,0.00208413148649533,"bio3",0.566095598068622
"OG0000147",-0.0590973711383156,0.088826920925006,-0.665309238718404,0.507040501057263,0.187550545743674,0.168656372388876,"bio3",0.796053586659904
"OG0000150",-0.118724809362589,0.0863179847887377,-1.37543537019738,0.171380261616947,0.232798010632551,0.214956103903075,"bio3",0.512555235818547
"OG0000159",-0.0736253333189845,0.0975446764963231,-0.754785765492387,0.451753297446017,0.0202522369112559,-0.00253259478848222,"bio3",0.778303913840759
"OG0000164",-0.182872504025173,0.0967065096098394,-1.89100511188925,0.0608662656951282,0.0370171502781537,0.0146222002846225,"bio3",0.318533457137838
"OG0000170",-0.164463264559121,0.0955388647259483,-1.72142787158798,0.0875704070384761,0.0601310814022337,0.0382736646906577,"bio3",0.34687744749039
"OG0000182",0.0413748022603153,0.0947147860995959,0.436835725066287,0.662960823577427,0.0762749935169621,0.0547930166220076,"bio3",0.879395537639583
"OG0000184",0.203860390940317,0.0906529768316571,2.24879974232822,0.0262213319040867,0.153803402232562,0.134124411586808,"bio3",0.216671005733769
"OG0000185",0.104078462078195,0.0913874200344395,1.13887077717013,0.256867553288326,0.140036598383969,0.120037449509178,"bio3",0.62043393640411
"OG0000186",0.064315810550477,0.0827419169493149,0.777306266542929,0.438401233818897,0.295050037506492,0.278655852332225,"bio3",0.778303913840759
"OG0000192",0.0291814925319353,0.0984397150737304,0.296440237663006,0.767370628386133,0.00219004823691649,-0.021014834362225,"bio3",0.879395537639583
"OG0000196",-0.279608085223491,0.0814805296408622,-3.43159385997987,0.000806722809889495,0.316379902669954,0.300481760871581,"bio3",0.0253310962305301
"OG0000199",-0.0523889465523513,0.0945691653639327,-0.553974927776319,0.580555023954406,0.0791132010571207,0.0576972289886817,"bio3",0.843954988526312
"OG0000205",-0.168066890583131,0.095965191099107,-1.75133179706339,0.0822655523629568,0.0517243473072842,0.0296714251516396,"bio3",0.34687744749039
"OG0000206",-0.181438977832297,0.0898206122725708,-2.02001493022225,0.0454529347410735,0.169271409615356,0.149952140071527,"bio3",0.272568317155422
"OG0000210",-0.304307904148132,0.0943888865580706,-3.22398022950418,0.00160143336654738,0.082620858799353,0.0612864601667797,"bio3",0.0318691428046199
"OG0000217",0.0491676293819878,0.0974332211550053,0.504629004349221,0.614680352867455,0.0224898933355559,-0.000242899842687105,"bio3",0.854024915045933
"OG0000220",-0.199143519191854,0.0969713291129626,-2.05363297598892,0.0420317704710795,0.0317358965656632,0.00921812671835298,"bio3",0.272568317155422
"OG0000224",0.0711245265208529,0.0932720961151478,0.762548816669105,0.447124619737586,0.104200926858127,0.0833683902734321,"bio3",0.778303913840759
"OG0000228",0.191036983662791,0.0868180832264756,2.20042848866459,0.029556591772422,0.223882418685683,0.205833172608605,"bio3",0.232019245413512
"OG0000242",-0.294002022249236,0.0933356276397667,-3.14994423548477,0.00202988170730063,0.102980178839486,0.0821192527659858,"bio3",0.0318691428046199
"OG0000255",-0.0902828441019802,0.0923636415858724,-0.977471682058381,0.330165211254571,0.121565812111225,0.1011371100673,"bio3",0.708512785364553
"OG0000261",-0.0278224785781224,0.0921771611789739,-0.301837008454854,0.763262378244251,0.125109314653946,0.104763019645898,"bio3",0.879395537639583
"OG0000264",-0.0309912165878042,0.0981316638457472,-0.315812606994203,0.752655127003289,0.00842524788091183,-0.0146346300753462,"bio3",0.879395537639583
"OG0000266",-0.0708992506658506,0.0930479921598477,-0.761964326366682,0.447472166289112,0.108500410867218,0.0877678622827343,"bio3",0.778303913840759
"OG0000269",0.107996152599004,0.0837359133081623,1.28972323024124,0.199454210944361,0.278010871441414,0.261220426591214,"bio3",0.564777531365368
"OG0000271",0.173847854087569,0.0969327054345705,1.79349016730907,0.0752373605875181,0.0325070621024539,0.0100072263373947,"bio3",0.34687744749039
"OG0000276",-0.019764603695132,0.0907015830232761,-0.217908034637719,0.827845085218689,0.152895733846238,0.13319563463336,"bio3",0.924461109613687
"OG0000297",-0.0682704388868756,0.0944388066454634,-0.722906624002276,0.471045893376036,0.081650241204468,0.0602932700696882,"bio3",0.778303913840759
"OG0000298",-0.0951282390292604,0.0980880672390604,-0.969824788140781,0.333948701382019,0.00930609897651531,-0.0137332940705426,"bio3",0.708512785364553
"OG0000299",0.155246966234441,0.0768003224046259,2.02143638690102,0.0453036123251267,0.392658131163521,0.378533901655696,"bio3",0.272568317155422
"OG0000319",-0.306260889732812,0.0937036441158425,-3.2683989253843,0.00138648568788768,0.0958924482641517,0.0748666912470389,"bio3",0.0318691428046199
"OG0000325",-0.093032149884529,0.09794005534803,-0.949888679906697,0.343945037438825,0.0122936967216371,-0.0106762173080923,"bio3",0.719991611705273
"OG0000329",-0.0348268585097313,0.0943202536986628,-0.36924050926535,0.712553844301064,0.0839544789966564,0.0626510947872763,"bio3",0.879395537639583
"OG0000338",0.0589452581123971,0.0959427895948473,0.614379239558434,0.540046821640465,0.0521670145168772,0.0301243869475022,"bio3",0.805460251954575
"OG0000343",-0.0336092268424349,0.0944129929948491,-0.355980948980915,0.722436328878685,0.0821522111211849,0.0608069137053985,"bio3",0.879395537639583
"OG0000348",-0.0749325218087073,0.0928325932152509,-0.80717902208076,0.421049125060295,0.112623139387181,0.0919864682101385,"bio3",0.778303913840759
"OG0000361",-0.114143888892338,0.0970694955084359,-1.17589865172852,0.241800949439299,0.0297745104741501,0.00721112699680471,"bio3",0.612302404225321
"OG0000367",-0.0659351010639662,0.0980459696814361,-0.672491702394273,0.502473513083024,0.0101562909537478,-0.0128633301868628,"bio3",0.796053586659904
"OG0000372",-0.06899629037011,0.0939270410298371,-0.734573234859943,0.463932644873555,0.0915763813513975,0.0704502506851509,"bio3",0.778303913840759
"OG0000375",-0.224675453908885,0.0925837645779214,-2.42672627250743,0.0166173573332966,0.117373816808623,0.0968476265018472,"bio3",0.144940283407087
"OG0000382",0.0546751517787177,0.0982581632787944,0.556443861296128,0.578871450578654,0.00586716446594787,-0.017252203802286,"bio3",0.843954988526312
"OG0000384",0.0330521183851896,0.0975777367341661,0.338726019801365,0.735366858127909,0.0195880041877403,-0.00321227478463793,"bio3",0.879395537639583
"OG0000385",-0.0711860467232497,0.0981829027768169,-0.72503505915959,0.469743642391327,0.00738948648145419,-0.0156944789492097,"bio3",0.778303913840759
"OG0000386",0.0141795276383294,0.0966106963738465,0.14676974880152,0.883542888726406,0.0389243806453505,0.016573784846405,"bio3",0.951687358806132
"OG0000388",0.171048983570453,0.096043113765605,1.78096041313177,0.0772724227958855,0.0501837435447141,0.0280949933945911,"bio3",0.34687744749039
"OG0000402",-0.169393849249852,0.0969986312686275,-1.74635298492752,0.0831300296405332,0.0311905927323116,0.00866014140050486,"bio3",0.34687744749039
"OG0000434",0.0402767132887545,0.0978616655192624,0.411567829701679,0.681339215150286,0.0138741561633908,-0.00905900299560014,"bio3",0.879395537639583
"OG0000440",-0.0297224037574523,0.098161530739184,-0.302790752483526,0.762537045001444,0.00782157393764121,-0.01525234294753,"bio3",0.879395537639583
"OG0000442",0.0164033262340123,0.0953153680936396,0.172095293362319,0.863632306023403,0.0645232592264023,0.0427679861851559,"bio3",0.948183720599121
"OG0000445",0.020052200579086,0.0933451028322435,0.214817917284028,0.830248512455605,0.102798043312114,0.0819328815286748,"bio3",0.924461109613687
"OG0000448",-0.0792901326058758,0.0969503020879146,-0.817843069060016,0.414954852017663,0.0321557630636695,0.00964775755352221,"bio3",0.778303913840759
"OG0000452",-0.0504558739003757,0.0980236307457186,-0.514731738832061,0.607621296607509,0.010607294417474,-0.0124018382704918,"bio3",0.854024915045933
"OG0000473",0.233289179821779,0.0805396484268086,2.89657559200526,0.00443311147656649,0.332076699519607,0.316543599508435,"bio3",0.0500714212967128
"OG0000500",0.0945705586559105,0.0966141068256759,0.978848345889564,0.329487066270904,0.0388565256338396,0.0165043518113708,"bio3",0.708512785364553
"OG0000501",0.194548843613269,0.0969783693475556,2.00610553592664,0.0469363726163449,0.031595297195676,0.00907425759557545,"bio3",0.272568317155422
"OG0000503",0.0430386005768753,0.0904678811840096,0.475733486996736,0.635068897973352,0.157255410354222,0.137656698967111,"bio3",0.874612429665056
"OG0000504",0.0613223163084623,0.087246602928682,0.702861936740265,0.483408273864498,0.216201934470727,0.197974072481674,"bio3",0.778303913840759
"OG0000510",-0.0828663242839384,0.0681691223530347,-1.21559910739044,0.226357631626552,0.521499340725698,0.510371418416994,"bio3",0.592302469422812
"OG0000513",0.250363290668182,0.086505783404732,2.89417979716819,0.00446496750416547,0.229456037203946,0.211536410162177,"bio3",0.0500714212967128
"OG0000534",-0.062435788316083,0.0973877493255449,-0.641105156947148,0.522591723913007,0.0234020832474367,0.000690503788074781,"bio3",0.805460251954575
"OG0000535",0.0137275799185675,0.097307986590583,0.141073517185444,0.888031924909301,0.0250011390220866,0.00232674690632106,"bio3",0.951687358806132
"OG0000546",0.108547598248481,0.0965245294140895,1.12455972494631,0.26286380182329,0.0406379804212229,0.018327235779856,"bio3",0.624800830701624
"OG0000589",0.00696545517352553,0.0812523419392438,0.0857262080979024,0.931816978768326,0.320203522076573,0.304394301659749,"bio3",0.968347109518241
"OG0000594",-0.0635791002892302,0.0909592892667883,-0.698984136768587,0.485820277429263,0.148075218489048,0.128263014267863,"bio3",0.778303913840759
"OG0000598",-0.00507165970162194,0.0980891010752129,-0.0517046200447192,0.95884403432329,0.00928521528296436,-0.0137546634313854,"bio3",0.971216215411332
"OG0000601",-0.00536248691001188,0.0906934299799765,-0.0591276227086772,0.952941955302727,0.15304801712783,0.133351459386617,"bio3",0.971216215411332
"OG0000618",-0.0694704853052767,0.0980825983155372,-0.708285531769727,0.480045840210534,0.00941656864505748,-0.0136202553399412,"bio3",0.778303913840759
"OG0000620",-0.0766931958176289,0.0741078294515712,-1.03488654822561,0.302658036967275,0.434496467881183,0.421345222948187,"bio3",0.688656692809597
"OG0000639",0.11887816636184,0.0967300545788634,1.22896825479323,0.221320834085081,0.0365481816102523,0.0141423253686302,"bio3",0.588938490700979
"OG0000679",-0.0380905349622972,0.0950068360513633,-0.400924149728599,0.689139253041974,0.0705696591306982,0.0489550000407144,"bio3",0.879395537639583
"OG0000692",-0.035259709230504,0.0959099362843752,-0.367633538259875,0.713748978558912,0.0528160287888074,0.0307884945745937,"bio3",0.879395537639583
"OG0000725",-0.167696545404394,0.0971720138093936,-1.72576999107311,0.0867832285001726,0.0277240538851723,0.0051129853708739,"bio3",0.34687744749039
"OG0000728",-0.161586359866961,0.0969877574808388,-1.66604903612587,0.0981301407613765,0.031407792445042,0.00888239226934529,"bio3",0.358289118593863
"OG0000731",0.0288479975567935,0.0938567607973571,0.307361955726112,0.759063531122753,0.0929353156246167,0.071840788081003,"bio3",0.879395537639583
"OG0000736",0.100307813242739,0.0899076369665557,1.11567622759401,0.266634749407699,0.167660890129723,0.148304166644367,"bio3",0.624800830701624
"OG0000739",-0.12097840459981,0.0942211999795361,-1.28398284702472,0.201449310550705,0.0858775032993435,0.0646188405853747,"bio3",0.564777531365368
"OG0000761",-0.169718817347631,0.0959966038966985,-1.76796689110236,0.0794305159760152,0.0511034374517633,0.0290360755320368,"bio3",0.34687744749039
"OG0000817",-0.0596923121030659,0.0831381059683117,-0.717989800318735,0.474061868092003,0.288282920962507,0.271731360984891,"bio3",0.778303913840759
"OG0000822",-0.356801223461772,0.0932414353332664,-3.82663804119362,0.000201518154115456,0.104789771470484,0.0839709289465415,"bio3",0.0105461167320422
"OG0000862",-0.0105951615251805,0.0817905680300511,-0.129540138678187,0.897132032505143,0.311167572480896,0.295148213701382,"bio3",0.951687358806132
"OG0000887",-0.0772367948467184,0.0967247159749065,-0.798521805602987,0.426035398639089,0.036654525926421,0.0142511428084307,"bio3",0.778303913840759
"OG0000893",-0.13835819364189,0.0947459108055841,-1.46030781133971,0.146636696382773,0.075667793852017,0.0541716960346219,"bio3",0.451411006511673
"OG0000907",-0.0859369430292197,0.0963088878205248,-0.892305424493806,0.373890709430048,0.0449197369162729,0.022708568007349,"bio3",0.76234858935737
"OG0000913",-0.0397692036605828,0.0978901254448237,-0.406263690845906,0.685222019007912,0.013300506637337,-0.00964599320830639,"bio3",0.879395537639583
"OG0000949",-0.0318541569557749,0.0926777057389757,-0.343708950300208,0.73162475258602,0.115581774886635,0.0950139091863239,"bio3",0.879395537639583
"OG0000962",-0.303111528791637,0.0942603026924546,-3.2156859264563,0.0016448600869231,0.0851186064319459,0.063842294953619,"bio3",0.0318691428046199
"OG0001019",-0.0388852406188522,0.0984822052893686,-0.394845347995573,0.69360910877722,0.00132847910144461,-0.0218964399892194,"bio3",0.879395537639583
"OG0001038",-0.17738955163347,0.0838098332564162,-2.11657206250186,0.0362170148869695,0.276735601285708,0.259915498990027,"bio3",0.258110664574154
"OG0001079",0.118076744082213,0.0930431751358428,1.26905325307119,0.206707041281032,0.108592712993532,0.087862310970126,"bio3",0.566095598068622
"OG0001115",-0.042523974913595,0.0977493089599832,-0.435030951789169,0.664266890786985,0.01613723030838,-0.00674329921933214,"bio3",0.879395537639583
"OG0001127",-0.00245661438931395,0.0948143613731794,-0.0259097287977817,0.979369378308207,0.0743317167765724,0.0528045473992834,"bio3",0.980717737082851
"OG0001135",0.133465010546055,0.0974109370085549,1.37012346503076,0.173028200626643,0.0229369787772878,0.000214582934899177,"bio3",0.512555235818547
"OG0001136",0.0300726277848209,0.0779834043528155,0.385628558209195,0.700406963199878,0.37380223135145,0.35923949254567,"bio3",0.879395537639583
"OG0001139",-0.160466401754552,0.09404580468276,-1.70625794840977,0.0903664027927135,0.0892776628119994,0.068098073575069,"bio3",0.34687744749039
"OG0001196",-0.129034063015477,0.0863046976431411,-1.49509895219165,0.137330927652738,0.233034187136702,0.215197772884067,"bio3",0.440019502887344
"OG0001202",0.298406542218726,0.0946175218009363,3.15381904470651,0.0020050472730442,0.0781711986746751,0.0567333195740861,"bio3",0.0318691428046199
"OG0001349",-0.201926736273196,0.0962249941883198,-2.09848530495112,0.0378123903516276,0.0465829324126045,0.0244104424687115,"bio3",0.258110664574154
"OG0001363",-0.0711860467232497,0.0981829027768169,-0.72503505915959,0.469743642391327,0.00738948648145419,-0.0156944789492097,"bio3",0.778303913840759
"OG0001395",0.115380079582621,0.0971837398354477,1.1872364634041,0.237315972449215,0.0274893850639623,0.00487285913521718,"bio3",0.61079684712339
"OG0001398",0.149305999657938,0.0935108001124505,1.59667118106562,0.11278586064883,0.0996099623848941,0.0786706591845427,"bio3",0.38041254217455
"OG0001408",0.021654705754139,0.0970036297817278,0.223236035629443,0.82370491995431,0.0310907411936955,0.00855796773308382,"bio3",0.924461109613687
"OG0001688",0.101983623245168,0.0948786543683254,1.07488479810496,0.284432667949213,0.0730759119892115,0.0515195378494256,"bio3",0.656704836294507
"OG0001769",-0.0490947777079572,0.0970341477305557,-0.505953613817308,0.613752733519347,0.03048099546436,0.00793404187050784,"bio3",0.854024915045933
"OG0001820",-0.157069036555924,0.0876309576586149,-1.79239210380218,0.0754139184209023,0.209280861126179,0.190892043943067,"bio3",0.34687744749039
"OG0001885",-0.157564812114926,0.0970592260377598,-1.62338830162964,0.106947633847459,0.0299797896940874,0.00742118015208948,"bio3",0.38041254217455
"OG0001893",0.0076839413748702,0.097815640052274,0.078555345247077,0.937508029597278,0.0148015106947099,-0.00811008207983166,"bio3",0.968347109518241
"OG0001918",-0.321011719254725,0.0934410793964132,-3.43544532370896,0.000796297729165326,0.100952105443059,0.0800440148719669,"bio3",0.0253310962305301
"OG0001927",0.0381634961643214,0.0980789044239633,0.389110139315515,0.69783622881891,0.00949118002261449,-0.013543908814069,"bio3",0.879395537639583
"OG0001929",-0.226966845909123,0.0922447869740474,-2.46048425449753,0.0151975523753254,0.123825116253494,0.103448956166366,"bio3",0.144940283407087
"OG0002370",-0.110083991358213,0.096197294406853,-1.14435641913824,0.25459476358749,0.0471317636901315,0.0249720372643205,"bio3",0.62043393640411
"OG0002742",0.136680445411591,0.085866357579105,1.59178110339283,0.113881461670088,0.240805214587292,0.223149521903275,"bio3",0.38041254217455
"OG0002829",-0.0398401175237326,0.0984630828364734,-0.404619847114666,0.686427082067914,0.00171626885507913,-0.0214996318692213,"bio3",0.879395537639583
"OG0002883",-0.0285047634947591,0.0904848744187074,-0.315022413169928,0.753253634185931,0.156938783029275,0.137332708216002,"bio3",0.879395537639583
"OG0002891",0.0490860255493923,0.0909736137289165,0.539563325423776,0.590428337676564,0.147806871511557,0.127988426662989,"bio3",0.850433477203858
"OG0002892",0.027832605683311,0.09076285137856,0.306651953531349,0.759602719016986,0.151750919991714,0.132024197200824,"bio3",0.879395537639583
"OG0002893",0.177520268501609,0.0891682183009491,1.99084687217216,0.0486109100659351,0.181295244535395,0.162255599059474,"bio3",0.272568317155422
"OG0002919",0.0111906310416542,0.0980538947691472,0.114127348719812,0.909314279267761,0.00999626570680051,-0.0130270769511809,"bio3",0.952270984802614
"OG0003687",0.0597112149308794,0.098101230859219,0.608669375581724,0.543813928071242,0.00904017481986701,-0.0140054025099037,"bio3",0.805460251954575
"OG0003730",-0.0185753498568444,0.0981046787301494,-0.189342140428781,0.85012225633433,0.00897051694531295,-0.0140766803350287,"bio3",0.93992390313021
"OG0003808",-0.195468187320373,0.0909617710560261,-2.14890480969173,0.0335094109353841,0.148028728974558,0.128215443601873,"bio3",0.250522738897872
"OG0003820",-0.09728071276736,0.0971945004056164,-1.00088700864127,0.318755197900049,0.0272740126553686,0.00465247806595859,"bio3",0.708512785364553
"OG0000009",-0.0567434403498548,0.117858797969425,-0.481452732655352,0.631010471156642,0.0168194055792913,-0.00604525940723688,"bio4",0.871213454350343
"OG0000012",0.315236525443891,0.111419084174583,2.82928663235059,0.00541178189162252,0.121324632043308,0.100890321160594,"bio4",0.0924564336874519
"OG0000015",0.125821606798148,0.117847760677712,1.06766226252057,0.287666838554115,0.0170035436002826,-0.00585683910668755,"bio4",0.658667001864747
"OG0000016",0.175990401666405,0.105347742066804,1.67056643278414,0.0972318758910233,0.214475478854984,0.196207466735332,"bio4",0.392002352312471
"OG0000022",0.101537398510672,0.116959030418122,0.868145008963233,0.386927136529144,0.0317738635828309,0.00925697668940839,"bio4",0.765431460476784
"OG0000024",0.07088167067243,0.116973268951299,0.605964690120282,0.545602960116922,0.031538106513473,0.00901573689750723,"bio4",0.804516787735747
"OG0000027",0.1224102845131,0.103041151697959,1.18797473141524,0.237026006262953,0.248497046931378,0.231020234069317,"bio4",0.626472932594087
"OG0000029",0.00983843973169865,0.114308782152844,0.0860689751601372,0.931545032613978,0.0751560098943966,0.0536480101244988,"bio4",0.987722092038327
"OG0000030",0.0202550883910215,0.116333987521045,0.174111528562169,0.862050755448845,0.0420948414969816,0.0198179773457486,"bio4",0.957638420243848
"OG0000039",0.103935864218097,0.117085359188153,0.887693089373158,0.376357963074514,0.0296811500352721,0.00711559538492956,"bio4",0.765431460476784
"OG0000040",0.170073813730625,0.117736093277178,1.4445342035448,0.151013321981041,0.0188655501821796,-0.0039515300461419,"bio4",0.493939407312989
"OG0000042",-0.188089179045869,0.11553501690667,-1.62798417381813,0.105968202548054,0.0552072595476658,0.0332353353510999,"bio4",0.405780678049867
"OG0000045",0.174155114029609,0.071444335308431,2.43763362452414,0.016146229326923,0.63871919886515,0.630317319768991,"bio4",0.133418842332996
"OG0000046",-0.128419487479825,0.118098369497001,-1.08739424622696,0.278890162994298,0.0128183216705839,-0.0101393917789374,"bio4",0.658667001864747
"OG0000047",0.184842780274034,0.107406552020265,1.72096372890881,0.0876548946716595,0.183472467689785,0.164483455310478,"bio4",0.382272735095848
"OG0000049",0.122833173621245,0.116496411122388,1.05439448681557,0.293673185544792,0.0394181513482469,0.0170790385889039,"bio4",0.658667001864747
"OG0000054",-0.318579718286834,0.112823025842762,-2.8237118789105,0.00550112651409863,0.0990415367123285,0.0780890143102896,"bio4",0.0924564336874519
"OG0000060",0.00255695255722735,0.109751754399641,0.0232976007646918,0.981448884811836,0.147425722606653,0.127598413830063,"bio4",0.991920652719635
"OG0000065",0.139835187294042,0.108720848278262,1.28618557993721,0.200682005381887,0.163367083141939,0.143910503680124,"bio4",0.572855906271931
"OG0000074",0.15524898487849,0.117185191655242,1.32481743371834,0.18757374048075,0.0280257659122434,0.00542171395671409,"bio4",0.555642967084484
"OG0000075",0.148885138969306,0.117885956289109,1.26295908058949,0.208881940622404,0.0163662428153553,-0.00650896084010144,"bio4",0.585615440673525
"OG0000077",-0.00118242222147912,0.116543273417387,-0.0101457783603212,0.991920652719635,0.0386451812027128,0.0162880923934735,"bio4",0.991920652719635
"OG0000083",-0.0389588271733529,0.100393933489021,-0.388059575109818,0.698611577946808,0.28661458824942,0.270024229836616,"bio4",0.877456141901191
"OG0000087",0.128933062710063,0.109088934298876,1.18190780337829,0.239416407360797,0.157692473540962,0.138103926414007,"bio4",0.626472932594087
"OG0000090",-0.0987047784987708,0.0953456714107447,-1.03523082944747,0.302497883415084,0.356555273579747,0.341591442732764,"bio4",0.659613440224557
"OG0000093",0.0934327612866285,0.114119683135408,0.81872608405131,0.414452603360291,0.0782133853679865,0.0567764873532884,"bio4",0.783964562982718
"OG0000095",0.0515739841228744,0.117759278363957,0.437961108792426,0.662146936873302,0.0184790938880718,-0.00434697369592651,"bio4",0.871213454350343
"OG0000096",0.172301529239715,0.101269231289694,1.70142033315948,0.0912731650361392,0.274120870257276,0.257239960263259,"bio4",0.387294240829023
"OG0000100",-0.0476444025140705,0.118459798190571,-0.402198916778695,0.688203277578859,0.00676672662459059,-0.0163317215934422,"bio4",0.877456141901191
"OG0000103",-0.0889959003486183,0.116319293156634,-0.765100078701286,0.44560942152399,0.0423368158124787,0.0200655789709083,"bio4",0.799367483794759
"OG0000106",-0.0668866651103133,0.100191629163202,-0.667587359033372,0.505589567121005,0.289486784582756,0.272963221433518,"bio4",0.804516787735747
"OG0000107",-0.355988864364711,0.108486706517092,-3.28140539789199,0.00132883551297323,0.166966756472402,0.147593890343853,"bio4",0.0521567938841992
"OG0000118",0.0656510027836749,0.107416567519975,0.611181350320719,0.542155014188114,0.183320180657037,0.164327626718829,"bio4",0.804516787735747
"OG0000126",0.344011236343545,0.114444001832064,3.00593504977525,0.00318271371540787,0.0729666579928037,0.0514077430624038,"bio4",0.0832810088865059
"OG0000141",0.151090969660946,0.11230251372242,1.34539258875718,0.180858658038686,0.107335553241824,0.0865759149451218,"bio4",0.546054025232186
"OG0000142",-0.0782523615999154,0.117903200162023,-0.663700064903929,0.508066715496273,0.0160784579667309,-0.00680343835962427,"bio4",0.804516787735747
"OG0000147",0.0274978191055694,0.10729434170072,0.256283963065545,0.798139833584606,0.185177670087007,0.166228313577402,"bio4",0.922438248115961
"OG0000150",-0.0147985916963618,0.104864405680765,-0.141121208862926,0.887994325175709,0.221666930805534,0.2035661617545,"bio4",0.961483510707492
"OG0000159",0.317675076525281,0.11454702710298,2.77331576872516,0.00637204995905913,0.0712968308471853,0.0496990827273524,"bio4",0.0924564336874519
"OG0000164",0.0609757033549039,0.118125594177941,0.516193834022557,0.606602728341947,0.0123631281890217,-0.0106051711554196,"bio4",0.865787530451687
"OG0000170",0.0454492351790208,0.116480876109438,0.39018624084111,0.697042363051752,0.0396743250163024,0.0173411697841233,"bio4",0.877456141901191
"OG0000182",0.0552094868297408,0.114220686305335,0.48335803798407,0.629660937617405,0.0765809838625779,0.0551061230221727,"bio4",0.871213454350343
"OG0000184",0.0833700591259859,0.111221124407749,0.749588349964363,0.454867488428857,0.124444166715306,0.104082403150545,"bio4",0.802406693071129
"OG0000185",0.162045168404087,0.109856490334249,1.47506231002874,0.14263229991362,0.145797725471214,0.125932556296126,"bio4",0.476452576307199
"OG0000186",-0.105393820508007,0.0996007270024809,-1.05816316486708,0.291958507532999,0.297842886527931,0.281513651330907,"bio4",0.658667001864747
"OG0000192",-0.0333229907688356,0.118736599375661,-0.280646329304142,0.779431273008307,0.00211959132288142,-0.0210869298091447,"bio4",0.922438248115961
"OG0000196",-0.15131150224029,0.101796851459197,-1.48640650542065,0.139611621195768,0.266537398679973,0.249480128881832,"bio4",0.476452576307199
"OG0000199",0.255188823476526,0.111967515580904,2.27913267658542,0.0243019464035606,0.112653242072796,0.0920172709582094,"bio4",0.188892998913748
"OG0000205",-0.00440544015071828,0.117115087137756,-0.0376163332870718,0.970051734848024,0.0291883599543369,0.00661134506955396,"bio4",0.991920652719635
"OG0000206",0.180430500175167,0.108883843711046,1.65709157599167,0.0999311216197692,0.160856625061452,0.141341662853579,"bio4",0.392229652357594
"OG0000210",0.195513872735753,0.11708557226432,1.66983744414197,0.0973763805107412,0.0296776183894485,0.00711198160780768,"bio4",0.392002352312471
"OG0000217",-0.132156172517351,0.117057484830911,-1.12898523924592,0.260999184385371,0.0301431001018993,0.00758828847636206,"bio4",0.649868712131981
"OG0000220",0.287765229801859,0.116126061524854,2.47804175930199,0.0145026978761355,0.0455159464612173,0.0233186428905479,"bio4",0.126495753697404
"OG0000224",-0.122445151965135,0.112236211144087,-1.09095942135771,0.277324256995014,0.108389287142685,0.087654154285538,"bio4",0.658667001864747
"OG0000228",-0.0464299109418796,0.106583773045583,-0.435618946629172,0.663841260762842,0.195934434974307,0.177235235787663,"bio4",0.871213454350343
"OG0000242",0.35697996424095,0.112518033004731,3.17264668345154,0.0018883428368403,0.103906048442812,0.0830666542205514,"bio4",0.0592939650767853
"OG0000255",0.017147968832327,0.111805398735062,0.153373352506541,0.878343519204549,0.115220946007437,0.0946446889378428,"bio4",0.957638420243848
"OG0000261",-0.123932077663895,0.110681559176439,-1.11971749030326,0.264914634244884,0.132918700087238,0.112754018693918,"bio4",0.649868712131981
"OG0000264",0.105452617538769,0.118042024525724,0.893348093295272,0.373334365908018,0.0137600697182644,-0.009175742613869,"bio4",0.765431460476784
"OG0000266",0.14425860373523,0.111762082506386,1.29076517276766,0.19909364978717,0.115906384602913,0.0953460679657716,"bio4",0.572855906271931
"OG0000269",0.0984481514569462,0.101276334278105,0.972074593326089,0.332832628731629,0.274019040870444,0.257135762751152,"bio4",0.699205687381271
"OG0000271",-0.0146711468917629,0.118356345167008,-0.12395741750103,0.901541929483001,0.00850078524716474,-0.0145573360261571,"bio4",0.96946632143035
"OG0000276",0.0246083703600537,0.109397790308371,0.224943943480829,0.822378820577429,0.152916186781073,0.133216563217842,"bio4",0.93560489007722
"OG0000297",-0.018823311502956,0.114125197103721,-0.164935631925776,0.869252825334494,0.0781243065195928,0.0566853369037693,"bio4",0.957638420243848
"OG0000298",0.287810088414794,0.116003323058266,2.48105037706751,0.0143865153478494,0.047532548009787,0.0253821421495495,"bio4",0.126495753697404
"OG0000299",0.229331073996376,0.0918957644357627,2.49555651889358,0.0138379129866009,0.402276579939602,0.388376035287034,"bio4",0.126495753697404
"OG0000319",0.0930306783703995,0.117320951657201,0.792958777237206,0.429257835203074,0.0257723812027764,0.00311592495167812,"bio4",0.799367483794759
"OG0000325",0.114532522838464,0.118112466975637,0.969690378764912,0.334015455755384,0.0125826265749383,-0.0103805681558773,"bio4",0.699205687381271
"OG0000329",-0.0493798332830794,0.113740786014793,-0.434143590995206,0.664909429341556,0.0843242065490525,0.0630294206548444,"bio4",0.871213454350343
"OG0000338",0.290699824017391,0.113028267124379,2.57192144419499,0.0112466708232252,0.0957606096011398,0.0747317865686081,"bio4",0.126123379946168
"OG0000343",0.0291345688681571,0.11390264150392,0.255784839433722,0.798524394419809,0.0817163011608622,0.060360866304138,"bio4",0.922438248115961
"OG0000348",0.154868640498119,0.111420582608624,1.38994642526786,0.166939033347105,0.121300997924503,0.100866137411119,"bio4",0.526825643583273
"OG0000361",-0.00902564174842242,0.117702853967264,-0.076681587949708,0.93899565417871,0.0194194606710799,-0.00338473791796479,"bio4",0.987722092038327
"OG0000367",-0.0681594931058846,0.118312506977627,-0.57609710796487,0.565553286477426,0.00923513507274089,-0.0138059082976605,"bio4",0.822146907194036
"OG0000372",-0.00713622168322571,0.11352443068676,-0.0628606691974189,0.949974750941321,0.0878044517977865,0.0665906018395954,"bio4",0.987722092038327
"OG0000375",-0.027853004645877,0.114163427995343,-0.243974844965352,0.80763789589921,0.0775065633068591,0.0560532275698093,"bio4",0.925541238366248
"OG0000382",-0.257528285556271,0.116469010937544,-2.211131385793,0.0287883768444229,0.0398699596861275,0.0175413540974327,"bio4",0.196511963677148
"OG0000384",-0.244064674630028,0.115767596540745,-2.10822960761847,0.0369455182851404,0.0513995702277129,0.0293390951167295,"bio4",0.223094091183347
"OG0000385",0.261346616499764,0.116411337646807,2.24502717503937,0.0264690826503341,0.0408206013797732,0.0185141037374422,"bio4",0.188892998913748
"OG0000386",-0.0750041730340307,0.116348819816775,-0.644649194999541,0.520299270520761,0.0418505648477741,0.0195680198442338,"bio4",0.804516787735747
"OG0000388",-0.116563679614143,0.116807270656363,-0.997914590069172,0.320188975544835,0.0342848700093736,0.0118263786142427,"bio4",0.688625604938892
"OG0000402",0.239339134598663,0.116478305531933,2.05479581374102,0.0419174881799642,0.039716710761007,0.017384541243821,"bio4",0.243742431268681
"OG0000434",-0.0913465942410394,0.117838526369878,-0.775184458386012,0.439649346060747,0.0171575887206509,-0.00569921154165964,"bio4",0.799367483794759
"OG0000440",-0.0516560829983681,0.118351587844797,-0.43646294856735,0.663230507420478,0.00858049008144299,-0.0144757775910815,"bio4",0.871213454350343
"OG0000442",-0.218232397071494,0.113360337229823,-1.92512127613962,0.0564153385021672,0.0904396051117077,0.0692870377887242,"bio4",0.276787754526258
"OG0000445",-0.0386028382801411,0.112556407025731,-0.342964379373945,0.732183506396799,0.103294722578769,0.0824411114759492,"bio4",0.91232389289125
"OG0000448",-0.100326816625367,0.116905484590781,-0.858187423597399,0.392380695904553,0.0326602013321176,0.0101639269444924,"bio4",0.765431460476784
"OG0000452",-0.162964449661385,0.117478940571584,-1.38718010963067,0.167778867383208,0.0231467495986702,0.000429232147476477,"bio4",0.526825643583273
"OG0000473",0.0659824959411241,0.100083200604838,0.659276437427748,0.510893455270963,0.291023803943246,0.274535985430299,"bio4",0.804516787735747
"OG0000500",-0.217181987223531,0.115388757496551,-1.88217632233385,0.0620649013850173,0.057597831104954,0.0356815015957669,"bio4",0.295278470225689
"OG0000501",-0.126865148659553,0.118254016190319,-1.07281894304017,0.285355182699992,0.0102145123810114,-0.0128037547729185,"bio4",0.658667001864747
"OG0000503",-0.0951987602958578,0.108890796623834,-0.874259012216836,0.3836019211305,0.160749452559297,0.141231997967653,"bio4",0.765431460476784
"OG0000504",0.288819294187511,0.102320684077423,2.82268728744006,0.00551769305582623,0.258969381016289,0.241736110807365,"bio4",0.0924564336874519
"OG0000510",-0.0532826623502101,0.0825581321699523,-0.645395686042455,0.519817073859093,0.517575894111522,0.506356728858302,"bio4",0.804516787735747
"OG0000513",0.111827882355011,0.107221457630153,1.04296178047445,0.298916599178184,0.186284296895737,0.167360675893312,"bio4",0.659613440224557
"OG0000534",-0.0184265463299442,0.117639380113631,-0.156635867276294,0.875776710615247,0.020476774764277,-0.00230283512492591,"bio4",0.957638420243848
"OG0000535",-0.0771411402343388,0.117179765117924,-0.658314514939571,0.511509231502367,0.0281157829571728,0.005513824421293,"bio4",0.804516787735747
"OG0000546",0.0489592404425263,0.116912252701905,0.41876911368186,0.676081294199432,0.0325481919975258,0.0100493127416542,"bio4",0.871213454350343
"OG0000589",-0.0721588706277187,0.0977986197689905,-0.737831175922162,0.461957107563414,0.323021721084779,0.307278040179774,"bio4",0.804516787735747
"OG0000594",-0.0834587704528496,0.109671613391686,-0.760987897157865,0.448053111935916,0.148670371794315,0.128872008347671,"bio4",0.799367483794759
"OG0000598",0.0978663116749045,0.117996547423536,0.829399790178808,0.408410343539578,0.0145198447986216,-0.00839829834559658,"bio4",0.781956389459924
"OG0000601",0.351668012537219,0.104917363079739,3.35185713988966,0.00105355752959694,0.220880602928985,0.202761547183147,"bio4",0.0521567938841992
"OG0000618",-0.0081982342679762,0.118529284306729,-0.0691663188209328,0.944964333300039,0.00560116387114189,-0.0175243904574363,"bio4",0.987722092038327
"OG0000620",0.0558841868217273,0.0896199788258869,0.623568400192314,0.534012098681265,0.431515069159183,0.418294489372188,"bio4",0.804516787735747
"OG0000639",0.0184686148126996,0.117340060006068,0.157393943822293,0.875180476254102,0.025455005713398,0.00279116863696538,"bio4",0.957638420243848
"OG0000679",0.00164928805571998,0.11466314260989,0.0143837681244377,0.988546031194016,0.0694130369382138,0.0477714796577071,"bio4",0.991920652719635
"OG0000692",0.24026114519638,0.11379218307079,2.11140289879941,0.0366669367459364,0.0834964705173702,0.0621824349480067,"bio4",0.223094091183347
"OG0000725",0.216907564324242,0.117000237814712,1.85390703793055,0.0660365203948813,0.0310914860569399,0.00855872991872919,"bio4",0.304933344176364
"OG0000728",-0.133029868724669,0.117651413906636,-1.13071202722848,0.260274146480025,0.0202763659791664,-0.0025079045794576,"bio4",0.649868712131981
"OG0000731",-0.219376866418286,0.111586825231839,-1.96597462077174,0.0514491937190861,0.118676954873369,0.098181070102982,"bio4",0.260565271416017
"OG0000736",0.0454634451685478,0.108889875496933,0.417517652224963,0.676993894463324,0.160763651242946,0.141246526853247,"bio4",0.871213454350343
"OG0000739",0.379473309204517,0.109379134530506,3.46933910963322,0.000709856439205571,0.15320507122658,0.133512165906267,"bio4",0.0521567938841992
"OG0000761",-0.019821108543542,0.117167033307696,-0.169169671570408,0.865928168208888,0.0283269657186483,0.00572991840977966,"bio4",0.957638420243848
"OG0000817",-0.246341893709333,0.0981077633005185,-2.51093170837818,0.0132769156869353,0.318735071004238,0.302891700562476,"bio4",0.126495753697404
"OG0000822",0.101016245635201,0.118340228634815,0.853608673910254,0.39490412929057,0.00877079089880253,-0.0142810511733185,"bio4",0.765431460476784
"OG0000862",0.0293819081130728,0.0986236434982847,0.29791951575571,0.766243875697176,0.311551641429818,0.295541214486325,"bio4",0.922438248115961
"OG0000887",-0.071305530436044,0.116783218380916,-0.610580282206851,0.542551728452865,0.0346825379752104,0.0122332946723083,"bio4",0.804516787735747
"OG0000893",0.3044585059149,0.112056164531108,2.71701701721533,0.00749204937664038,0.11124759333365,0.090578932713502,"bio4",0.0924564336874519
"OG0000907",0.0528148268904387,0.116427434600101,0.453628709348826,0.650858288834481,0.0405553190837647,0.0182426520857126,"bio4",0.871213454350343
"OG0000913",-0.0359384162668072,0.118102652070404,-0.304298130793738,0.761391096878902,0.0127467244983097,-0.0102126540017295,"bio4",0.922438248115961
"OG0000949",-0.172974708598637,0.110791932782264,-1.56125725271513,0.120913018976224,0.131188500248468,0.110983581649595,"bio4",0.441473115796912
"OG0000962",0.246282320594514,0.116153675588677,2.12031448291527,0.0358942545258947,0.0450619516039827,0.0228540900133777,"bio4",0.223094091183347
"OG0001019",-0.0303920380224076,0.11882528745274,-0.255770793186554,0.798535217377311,0.000628338468926151,-0.022612862962029,"bio4",0.922438248115961
"OG0001038",0.15248691366102,0.101946707740999,1.49575123159858,0.137160964205812,0.264376332212875,0.247268805055035,"bio4",0.476452576307199
"OG0001079",0.035050654433522,0.112879581523568,0.310513681574942,0.756671489925569,0.09813804932536,0.0771645155887405,"bio4",0.922438248115961
"OG0001115",-0.136017171074682,0.117376790521778,-1.15880806137263,0.248675085279578,0.0248447939461359,0.00216676589837161,"bio4",0.640032596539241
"OG0001127",0.0324831307644535,0.114324241222807,0.284131610383024,0.77676508304175,0.0749058419815813,0.053392024353246,"bio4",0.922438248115961
"OG0001135",-0.0563426494588969,0.118239331937798,-0.476513597764042,0.634514667089384,0.0104603113502179,-0.0125522395486144,"bio4",0.871213454350343
"OG0001136",-0.147659192438028,0.0932110932798197,-1.58413754460272,0.115610932266323,0.385043371712493,0.370742054775575,"bio4",0.432164675376494
"OG0001139",0.510385183056465,0.105536927038033,4.83608152502427,3.70561235803763e-06,0.211651633398402,0.193317950454179,"bio4",0.000581781140211908
"OG0001196",-0.0741659641839918,0.10479059599181,-0.707754006760186,0.480374795370454,0.222762217686831,0.204686920423734,"bio4",0.804516787735747
"OG0001202",0.237343759205089,0.116582271889572,2.03584777821025,0.043813189133967,0.0380016838842542,0.0156296300210973,"bio4",0.245666810501172
"OG0001349",0.0591910882170995,0.117910373883487,0.502000682955932,0.616522802901258,0.0159587225599597,-0.00692595831073883,"bio4",0.871213454350343
"OG0001363",0.261346616499764,0.116411337646807,2.24502717503937,0.0264690826503341,0.0408206013797732,0.0185141037374422,"bio4",0.188892998913748
"OG0001395",0.143754408673095,0.11717457810508,1.22683956706188,0.222117327813562,0.0282018228009288,0.00560186519164807,"bio4",0.611796850293495
"OG0001398",-0.071789652863487,0.113720935457184,-0.631279127056739,0.528975013456291,0.0846437944398621,0.0633564408221845,"bio4",0.804516787735747
"OG0001408",0.00588549161072214,0.117021732647742,0.0502940050327114,0.959965891891073,0.0307354450744226,0.00819440891336265,"bio4",0.991543717282227
"OG0001688",0.0293155945812997,0.114919607120717,0.255096543712556,0.799054788176884,0.065245534976856,0.0435070590460851,"bio4",0.922438248115961
"OG0001769",-0.0301898678543116,0.11712300097582,-0.257762075790256,0.797001279923147,0.0290571538753413,0.00647708768639566,"bio4",0.922438248115961
"OG0001820",-0.282006937009764,0.104082962961384,-2.70944378393987,0.00765562826711385,0.23322388358157,0.215391880874164,"bio4",0.0924564336874519
"OG0001885",-0.0734873152869871,0.118079965908842,-0.622352104536676,0.534808884126133,0.0131259680769408,-0.00982459080499076,"bio4",0.804516787735747
"OG0001893",0.161012164102232,0.117127721898628,1.37467169592512,0.171616445798417,0.0289788799484674,0.00639699343564104,"bio4",0.528309450791205
"OG0001918",0.0641405393751524,0.117610661286288,0.545363308680165,0.586445399453999,0.0209549704948498,-0.00181351856340961,"bio4",0.84469658453466
"OG0001927",0.0831137721411116,0.118140201371111,0.70351811810468,0.483000778515496,0.0121188543777095,-0.0108551257530416,"bio4",0.804516787735747
"OG0001929",0.0871060022400438,0.11358261072113,0.76689558099618,0.444544846996079,0.0868692316460362,0.0656336323819905,"bio4",0.799367483794759
"OG0002370",0.0767158016071268,0.116419394950075,0.658960662353772,0.511095555979233,0.0406878193515447,0.018378233755069,"bio4",0.804516787735747
"OG0002742",-0.062857430494971,0.104432763786618,-0.601893775629686,0.548301250240286,0.228061278210282,0.210109214912847,"bio4",0.804516787735747
"OG0002829",0.00310516305389322,0.118835615061683,0.0261299026582346,0.979194104906442,0.000454611672944948,-0.0227906299160565,"bio4",0.991920652719635
"OG0002883",-0.0686950739310061,0.109012043312011,-0.630160410207056,0.529704303207657,0.158879450613674,0.139318507604689,"bio4",0.804516787735747
"OG0002891",0.165823290079126,0.108876429419443,1.52304122171656,0.130196082094538,0.160970901737192,0.141458597126429,"bio4",0.464563292928237
"OG0002892",0.2930240113348,0.10643059079005,2.75319350536006,0.00675355857196509,0.198243981059198,0.179598492246621,"bio4",0.0924564336874519
"OG0002893",-0.213032481701639,0.107566314574957,-1.98047578875809,0.0497778138496476,0.18104156302315,0.161996017977177,"bio4",0.260503892479823
"OG0002919",0.049439176323161,0.118192895462699,0.418292285078707,0.676428954109167,0.0112374082971628,-0.0117570705796475,"bio4",0.871213454350343
"OG0003687",-0.140761304437142,0.117844039057285,-1.19447114646772,0.2344853566206,0.017065628478356,-0.00579331039424047,"bio4",0.626472932594087
"OG0003730",0.234760073878,0.116525756955194,2.01466250906457,0.0460189710397421,0.0389341428793795,0.0165837741091326,"bio4",0.249137188042742
"OG0003808",-0.00798959005550549,0.111657141441021,-0.0715546713124989,0.943067132004284,0.117565877091339,0.0970441533027652,"bio4",0.987722092038327
"OG0003820",0.213733880825044,0.116170515543082,1.83982897748078,0.0680920955218768,0.0447850377855872,0.0225707363387403,"bio4",0.305441685626704
"OG0000009",-0.14054654534101,0.0864758158712924,-1.62526995466795,0.106545758947298,0.0348165860334455,0.0123704601272465,"bio8",0.611413288033336
"OG0000012",0.118394828953546,0.0843895929467225,1.40295532682912,0.16303243026257,0.0808248003205178,0.0594486328861112,"bio8",0.614629626108089
"OG0000015",-0.0199538410368877,0.0876372730425933,-0.227686694760456,0.820250295677093,0.00871570698444447,-0.0143374161089407,"bio8",0.953920714231879
"OG0000016",0.0469165358590834,0.0787445607239582,0.595806687188858,0.552348305345262,0.19968373501632,0.181071728853909,"bio8",0.855902292106152
"OG0000022",0.0538098739602276,0.086735364096359,0.620391399988214,0.536094601811829,0.0290140947395761,0.00643302717538019,"bio8",0.855902292106152
"OG0000024",-0.050443276666874,0.0866319866868258,-0.582270805461569,0.561400582369768,0.0313272962757745,0.00880002409614122,"bio8",0.855902292106152
"OG0000027",-0.105281075358474,0.0761596031971048,-1.38237426324296,0.169245515322668,0.251365462016235,0.233955356481729,"bio8",0.614629626108089
"OG0000029",0.121062271359189,0.0839781082858876,1.44159321792598,0.151840369749601,0.0897667649316543,0.068598550162623,"bio8",0.614629626108089
"OG0000030",-0.0512453035601121,0.0860410540832859,-0.595591303548045,0.552491776343568,0.0444972122146635,0.0222762171498883,"bio8",0.855902292106152
"OG0000039",0.0154323118245759,0.0869593695567,0.177465773995907,0.859420901457906,0.0239922212271295,0.00129436590683019,"bio8",0.969703031934437
"OG0000040",-0.0544556262921818,0.0877589176147219,-0.620513877931497,0.536014241722176,0.00596190057739481,-0.0171552645254565,"bio8",0.855902292106152
"OG0000042",0.118032153769457,0.085804891079373,1.37558771166403,0.171333175912104,0.0497352866700475,0.0276361072902812,"bio8",0.614629626108089
"OG0000045",-0.0637202691569705,0.0538200576621193,-1.18395022088242,0.238609771215896,0.626140146528084,0.617445731331063,"bio8",0.664150675155105
"OG0000046",0.0116144944113529,0.0878496814195772,0.132208725446381,0.895025191762922,0.0039046888776207,-0.0192603183577835,"bio8",0.969703031934437
"OG0000047",-0.0408902517735227,0.0803653683471597,-0.508804384456826,0.611758470599985,0.166398680947511,0.147012603760244,"bio8",0.900197042868886
"OG0000049",-0.109044165535999,0.0861067907958135,-1.26638287791467,0.20765799384863,0.0430366162868948,0.0207816538749621,"bio8",0.664150675155105
"OG0000054",0.037757991903648,0.0860282891999094,0.438902043209385,0.661466755141919,0.0447807042529518,0.0225663020262763,"bio8",0.900197042868886
"OG0000060",-0.0634074092453798,0.0810829983026272,-0.782006222916467,0.435643925547178,0.151444772119507,0.131710929610658,"bio8",0.805005643575281
"OG0000065",-0.0590758531970372,0.080858838975577,-0.730604766844115,0.466345445082463,0.156130061183145,0.136505178885079,"bio8",0.851351568348217
"OG0000074",0.093780266017783,0.0869768074953889,1.07822152500544,0.282946957126018,0.0236007448317278,0.000893785409209813,"bio8",0.716494714012659
"OG0000075",0.190514906968848,0.0862199836885075,2.20963747403541,0.0288945491268012,0.0405189832326843,0.0182054712148396,"bio8",0.30818609323205
"OG0000077",0.10181543134583,0.0858373453663648,1.18614375725704,0.23774561492901,0.0490163067674226,0.0269004069248044,"bio8",0.664150675155105
"OG0000083",0.0848778063736737,0.0740120713390957,1.14681030861568,0.253582672283548,0.292989877956616,0.276547782095142,"bio8",0.681160427704525
"OG0000087",-0.112747848522183,0.0806112405736989,-1.39866162237142,0.164314054296907,0.161290188419438,0.141785309080355,"bio8",0.614629626108089
"OG0000090",0.0193311104874748,0.0708788639757474,0.27273448533387,0.785493426212206,0.351583570572408,0.336504118725255,"bio8",0.944818819234964
"OG0000093",-0.00994547108177842,0.0847241403576615,-0.117386509202617,0.906736344850884,0.0735225441528624,0.0519765568075801,"bio8",0.969703031934437
"OG0000095",-0.115768448480093,0.0866721405541684,-1.33570542667906,0.183997403994141,0.0304291298858293,0.0078809701157323,"bio8",0.614629626108089
"OG0000096",-0.133278804900613,0.0749165272459811,-1.77903073994615,0.0775898328913863,0.275604424757831,0.258758016031269,"bio8",0.529634946258593
"OG0000100",0.18187927259668,0.0863053140011017,2.10739367212497,0.037019207360301,0.0386188824536068,0.016261182045551,"bio8",0.322889753087069
"OG0000103",-0.00117218031451809,0.0863334256426246,-0.013577363643258,0.989188139906646,0.0379924922213537,0.0156202245985945,"bio8",0.997088000381859
"OG0000106",-0.000157343564355935,0.0743232563140511,-0.00211701655927297,0.99831413675585,0.287032108016695,0.27045145936592,"bio8",0.99831413675585
"OG0000107",-0.00723718236204756,0.083621264998478,-0.086547152356273,0.931165667639605,0.0974859319168731,0.0764972326591259,"bio8",0.979046276510567
"OG0000118",0.0446734161154647,0.079563430233561,0.561481776041134,0.575443296887081,0.18295211272715,0.163950999069642,"bio8",0.868698053954535
"OG0000126",-0.205845570505461,0.085773580253341,-2.39987149769748,0.0178297389597509,0.050428677084096,0.0283456230627959,"bio8",0.233272418056741
"OG0000141",0.105873880903817,0.0832247252371296,1.27214455322206,0.20561019107623,0.106025246808581,0.0852351362692455,"bio8",0.664150675155105
"OG0000142",0.267545085344804,0.0842282074983414,3.17643095218513,0.00186566107418936,0.0843370736586154,0.0630425869995134,"bio8",0.0976362628825767
"OG0000147",0.22492129311668,0.0769684560862338,2.92225288843891,0.00410453698621459,0.235379277056328,0.217597399778569,"bio8",0.109457827675645
"OG0000150",0.111532095504715,0.0770382078638955,1.44775039032269,0.150112863792525,0.233992791634092,0.216178670509304,"bio8",0.614629626108089
"OG0000159",-0.124250388421505,0.0866299987742741,-1.43426515271293,0.153916304524523,0.0313717513230721,0.00884551298174818,"bio8",0.614629626108089
"OG0000164",0.022522186059658,0.0875437351625998,0.257267821824443,0.797381943025773,0.0108306324084039,-0.012173306372796,"bio8",0.944818819234964
"OG0000170",-0.0545245416813649,0.0861751999005214,-0.632717321738815,0.528038216599898,0.041515458370185,0.0192251201927474,"bio8",0.855902292106152
"OG0000182",0.0118236099017327,0.0846543423250528,0.139669266537242,0.889139138673064,0.0750484296083849,0.0535379279713706,"bio8",0.969703031934437
"OG0000184",0.0815505000360276,0.082229202155972,0.991746215430169,0.32317794751932,0.12728454521973,0.106988836969026,"bio8",0.745402727904794
"OG0000185",0.0138220038057227,0.0820265288123747,0.168506506441821,0.866448742513121,0.131581271394981,0.111385487008818,"bio8",0.969703031934437
"OG0000186",-0.0342073688343626,0.0740157817796604,-0.462163176715412,0.644742828915815,0.292918987229025,0.276475242745979,"bio8",0.900197042868886
"OG0000192",-0.00467962229972633,0.0879542373590515,-0.0532051944310871,0.957650722915295,0.00153223502165825,-0.0216879455592336,"bio8",0.985400698122092
"OG0000196",-0.0262015310045304,0.0759917299821105,-0.344794506069261,0.730810369032543,0.254662148775962,0.237328710375403,"bio8",0.932976173139537
"OG0000199",0.187125451839981,0.0829481578710416,2.25593258057524,0.0257584427831516,0.111956979922503,0.0913048166648868,"bio8",0.30818609323205
"OG0000205",0.116929421811247,0.086114850182177,1.35783110072051,0.176887639985933,0.0428574690091723,0.0205983403814786,"bio8",0.614629626108089
"OG0000206",0.0652437650496533,0.0812830103206421,0.802674074105796,0.423639491118424,0.147253250405257,0.127421930647239,"bio8",0.805005643575281
"OG0000210",-0.0261958600027663,0.0876074385134497,-0.299014107103983,0.765410457125449,0.00939052182179558,-0.013646907903279,"bio8",0.944818819234964
"OG0000217",-0.145624465379626,0.0861633962517538,-1.69009662704262,0.0934246285831195,0.0417780127956699,0.019493780535104,"bio8",0.564141026444222
"OG0000220",-0.221787759748815,0.0858247075855464,-2.58419476148808,0.0108735310450163,0.0492963116697254,0.0271869235690213,"bio8",0.189682708229728
"OG0000224",0.161430916328672,0.082278547104736,1.9620049455076,0.0519149323770747,0.126236814743282,0.105916740667544,"bio8",0.407532219160036
"OG0000228",0.134119102095017,0.0780991523766376,1.71729267237396,0.0883254812530912,0.212749119880466,0.194440959877686,"bio8",0.559621749102436
"OG0000242",-0.239880373991481,0.0838954244730679,-2.85927838732716,0.00495345797286127,0.0915582914417304,0.0704317400799102,"bio8",0.111098985962746
"OG0000255",0.0718219392388842,0.082561315331787,0.86992242008567,0.385958628874133,0.120220738019563,0.0997607551828087,"bio8",0.78695460692518
"OG0000261",-0.0116596051147218,0.082354285920869,-0.141578607407574,0.887633728816708,0.12462744631232,0.104269945063769,"bio8",0.969703031934437
"OG0000264",-0.0113116323371623,0.0876783325518576,-0.129012858798061,0.897548405600548,0.00778662327620623,-0.0152881064150447,"bio8",0.969703031934437
"OG0000266",-0.0784174823224305,0.0830096130699381,-0.944679530747378,0.34658852953535,0.110640613682992,0.0899578372570148,"bio8",0.745402727904794
"OG0000269",-0.0189342289200453,0.075254181439907,-0.251603679127981,0.801747795467987,0.269059903350593,0.25206129645177,"bio8",0.944818819234964
"OG0000271",0.104450797369375,0.0871682190384065,1.19826696612161,0.233009932033049,0.0192984545054139,-0.00350855818050677,"bio8",0.664150675155105
"OG0000276",-0.0529612490422143,0.0808942725318068,-0.654697142141806,0.513828402710434,0.155390306200053,0.135748220297729,"bio8",0.855902292106152
"OG0000297",0.0216792080922932,0.0845008239421745,0.256556174021791,0.797930123509029,0.0784001375418346,0.056967582600947,"bio8",0.944818819234964
"OG0000298",-0.289632857674175,0.0841510188643827,-3.44182235203765,0.000779314111092869,0.0860145730792375,0.0647590980345685,"bio8",0.0611761577207902
"OG0000299",0.0543410116460622,0.0695107032596422,0.781764664976601,0.43578539243607,0.376374480398328,0.361871561337823,"bio8",0.805005643575281
"OG0000319",-0.0621980983903789,0.0869191708174484,-0.715585500936384,0.475540562600475,0.0248943715988174,0.00221749651972014,"bio8",0.855902292106152
"OG0000325",0.125755631807452,0.0870833102885924,1.4440841923751,0.151139646129029,0.0212080859566342,-0.00155451669553708,"bio8",0.614629626108089
"OG0000329",-0.0696159712425658,0.0840671604039764,-0.828099473183502,0.409143586392103,0.0878352811893959,0.0666221481938004,"bio8",0.805005643575281
"OG0000338",0.100523001126751,0.0853627220994797,1.17759835504781,0.241124767413,0.0595038428915315,0.0376318392378461,"bio8",0.664150675155105
"OG0000343",0.0568978852514091,0.0842211893584153,0.675576843367434,0.500518595656315,0.0844896587131008,0.063198720543638,"bio8",0.855902292106152
"OG0000348",0.0539893672854502,0.0829901469410297,0.650551532627283,0.516493028156122,0.111057682355008,0.0903846052004732,"bio8",0.855902292106152
"OG0000361",-0.0186734783547791,0.0871493206352358,-0.214269924523418,0.830674897982201,0.0197236480980635,-0.0030734763647724,"bio8",0.955433569866451
"OG0000367",0.0555985892537,0.0875902601831416,0.634757667547161,0.52671066549331,0.00977896711222498,-0.0132494290014442,"bio8",0.855902292106152
"OG0000372",0.0206401600919291,0.0840502252029123,0.245569360963639,0.806405871194173,0.0882027525512293,0.0669981654012579,"bio8",0.944818819234964
"OG0000375",0.065944431356399,0.0843617202107825,0.781686660627985,0.435831080916554,0.081431882207558,0.060069832956571,"bio8",0.805005643575281
"OG0000382",-0.0834127090860042,0.0875609134286977,-0.95262493068815,0.342561700065127,0.0104423948782381,-0.0125705726827332,"bio8",0.745402727904794
"OG0000384",0.0316536205610821,0.0871495499449044,0.36321037321585,0.717042232492722,0.0197184894315444,-0.00307875500028021,"bio8",0.932976173139537
"OG0000385",0.0841079470728371,0.0875617936455589,0.960555324086866,0.338572775394301,0.0104224994789544,-0.012590930765721,"bio8",0.745402727904794
"OG0000386",-0.0569365665392849,0.0861530828654065,-0.660876716718711,0.509869902787494,0.0420073891327983,0.0197284912056541,"bio8",0.855902292106152
"OG0000388",-0.0182626194559804,0.086817974532942,-0.210355281313905,0.833722287080916,0.0271635976606261,0.00453949528064068,"bio8",0.955433569866451
"OG0000402",-0.0980740582138635,0.0872298957109493,-1.12431704078666,0.262966321208855,0.0179101547877479,-0.0049291439381185,"bio8",0.681160427704525
"OG0000434",-0.0543188679135047,0.0873354733093841,-0.621956529863658,0.535068152571466,0.0155313961203694,-0.00736322257450572,"bio8",0.855902292106152
"OG0000440",0.0876185802956111,0.0873680197841843,1.00286787444703,0.317802071225905,0.0147975144203786,-0.00811417129077552,"bio8",0.745402727904794
"OG0000442",0.0746413879430795,0.0848904008966493,0.879267704648403,0.38089108167921,0.0698827838826763,0.0482521509497152,"bio8",0.786840787153104
"OG0000445",-0.00665956106450946,0.083387658380547,-0.0798626702541275,0.936470240682451,0.102521463592904,0.0816498697229716,"bio8",0.979046276510567
"OG0000448",-0.0299071070949002,0.0867791997073023,-0.344634511447144,0.730930377682568,0.0280323840712276,0.00542848602637247,"bio8",0.932976173139537
"OG0000452",0.0081348882926414,0.087640556508802,0.0928210478880789,0.926189729946191,0.00864142558932074,-0.0144134249783696,"bio8",0.979046276510567
"OG0000473",-0.21987827835771,0.0716711143045245,-3.06787860760007,0.00262776207854496,0.337007176613751,0.321588738860582,"bio8",0.10313966158289
"OG0000500",-0.234325483399628,0.084121518678244,-2.78555935605369,0.00614962529590565,0.0866552786707815,0.0654147037561484,"bio8",0.120686396432148
"OG0000501",-0.00645297628342816,0.0879589475738171,-0.0733635003762713,0.941630495242647,0.00142529023581121,-0.0217973774331235,"bio8",0.979046276510567
"OG0000503",-0.107362839841946,0.0803214382149538,-1.33666480864828,0.183684744991193,0.167309775068003,0.147944886116096,"bio8",0.614629626108089
"OG0000504",-0.0195646712449322,0.0780577639045215,-0.250643501252012,0.802488514223539,0.213583302491552,0.195294542084378,"bio8",0.944818819234964
"OG0000510",-0.00988513098981046,0.0612294563457441,-0.161444043108796,0.871996257545263,0.516115934658739,0.504862816860105,"bio8",0.969703031934437
"OG0000513",0.107338343766551,0.079173037769822,1.35574365705929,0.177549431927828,0.190950430451553,0.172135324182984,"bio8",0.614629626108089
"OG0000534",0.0221567917719562,0.0871022777585065,0.254376720588025,0.799609576984209,0.0207816614684447,-0.00199085803228916,"bio8",0.944818819234964
"OG0000535",0.0240131194806812,0.0868953995793758,0.276345118348252,0.782725256954603,0.025427655526457,0.00276318239916529,"bio8",0.944818819234964
"OG0000546",-0.115626777911382,0.0860359911080239,-1.34393497909735,0.181328351968214,0.0446096595735476,0.0223912795636301,"bio8",0.614629626108089
"OG0000589",0.143465114622493,0.0714680915920175,2.00740094532645,0.0467964984604969,0.340757975197984,0.325426765318868,"bio8",0.386686855699895
"OG0000594",0.0907516554056969,0.0810044108803649,1.12032979956768,0.264654688471185,0.1530888517107,0.133393243610949,"bio8",0.681160427704525
"OG0000598",-0.0986358090780284,0.0871815317055059,-1.13138421806139,0.259992290900303,0.0189988785749693,-0.00381510099305471,"bio8",0.681160427704525
"OG0000601",-0.0991545854389157,0.0805356728470134,-1.23118839060637,0.22049233141997,0.162861921749832,0.143393594348665,"bio8",0.664150675155105
"OG0000618",-0.0313287791895998,0.0877331168651049,-0.35709182927776,0.721606550699668,0.0065463006307698,-0.0165572737731658,"bio8",0.932976173139537
"OG0000620",0.0434359837222135,0.0663563816115108,0.654586381405081,0.513899500904864,0.431689204160161,0.418472674024351,"bio8",0.855902292106152
"OG0000639",0.0173792376182988,0.0868890510000641,0.20001642805704,0.841782701793547,0.0255700548672069,0.00290889335249067,"bio8",0.957680320156427
"OG0000679",0.0404002682599183,0.0848373660087695,0.476208422780856,0.634731454459985,0.0710445937651485,0.0494409796666635,"bio8",0.900197042868886
"OG0000692",-0.0433493311596614,0.085625532749425,-0.506266411054272,0.613533773898431,0.0537038193800882,0.0316969314586949,"bio8",0.900197042868886
"OG0000725",-0.00102117010962126,0.0877891140705022,-0.0116320812715022,0.990737121398535,0.00527771730763424,-0.0178553590340487,"bio8",0.997088000381859
"OG0000728",-0.116493159521375,0.0869525959281306,-1.3397318191358,0.182687888405722,0.024144265951567,0.00144994655509179,"bio8",0.614629626108089
"OG0000731",0.0694249199737901,0.0836394468170139,0.830049965845395,0.408044009518151,0.0970934209698327,0.0760955935505264,"bio8",0.805005643575281
"OG0000736",0.03354931749856,0.0806369210376229,0.416054049024353,0.678061803227608,0.160755724796804,0.141238416071148,"bio8",0.909877804331064
"OG0000739",-0.0565260312389472,0.0845470305885765,-0.668575003112938,0.50496122486275,0.0773919655534455,0.0559359647523628,"bio8",0.855902292106152
"OG0000761",0.213172146229914,0.0847216082079224,2.51614848607158,0.0130912436405716,0.0735779225746668,0.052033223099659,"bio8",0.205532525156974
"OG0000817",0.109288249525078,0.0737814534006029,1.48124283933102,0.140980344285505,0.297389030345214,0.281049240353242,"bio8",0.614629626108089
"OG0000822",-0.0510890211647685,0.0877667978332976,-0.582099637060999,0.561515516477285,0.0057833753768263,-0.0173379414748756,"bio8",0.855902292106152
"OG0000862",-0.0321599276409835,0.0730042870503458,-0.440521083629036,0.660297046566853,0.312112778154655,0.296115400902438,"bio8",0.900197042868886
"OG0000887",-0.0230925635041942,0.086582827261977,-0.266710665780433,0.790117814171821,0.0324263333396038,0.00992462016145501,"bio8",0.944818819234964
"OG0000893",0.0826615352342307,0.0850116358676861,0.972355541574178,0.332693428574672,0.067224220540283,0.0455317605528477,"bio8",0.745402727904794
"OG0000907",-0.0799405603681767,0.0859995542926942,-0.929546217136241,0.354342255207752,0.0454187165630154,0.0232191518319227,"bio8",0.751780190102932
"OG0000913",0.0426721877744155,0.0874095816806844,0.488186614715777,0.626246447060073,0.0138599488609773,-0.00907354070039545,"bio8",0.900197042868886
"OG0000949",-0.0330012454704462,0.0827656049493415,-0.398731399240607,0.690750367781112,0.115861501982701,0.0953001415636936,"bio8",0.911326115475921
"OG0000962",-0.0894210627026187,0.0871467214589022,-1.02609784058014,0.306765706728801,0.0197821195372105,-0.00301364512471491,"bio8",0.745402727904794
"OG0001019",-0.0404228577102491,0.0879443630420347,-0.459641258541246,0.646547429888671,0.00175641145954606,-0.0214585557158133,"bio8",0.900197042868886
"OG0001038",-0.163965517031454,0.0747657541545391,-2.1930564184846,0.0300960506695567,0.278517252133205,0.261738583578163,"bio8",0.30818609323205
"OG0001079",0.127265109637782,0.0828681638234067,1.53575394658178,0.12704783325208,0.113668986635334,0.0930566374873183,"bio8",0.614629626108089
"OG0001115",-0.0348344461850358,0.0873187704062983,-0.398934227119204,0.69060128116707,0.0159079192134732,-0.00697794313039957,"bio8",0.911326115475921
"OG0001127",-0.0370946064107777,0.0846243535616094,-0.438344340010486,0.661869872994343,0.075703640905643,0.0542083767406579,"bio8",0.900197042868886
"OG0001135",0.0270723522403801,0.0876047274883076,0.309028439635217,0.757798440376682,0.0094518299868199,-0.0135841739669751,"bio8",0.944818819234964
"OG0001136",0.0676155203065712,0.0694393214110123,0.973735326506923,0.332010344918397,0.377654648298567,0.36318150058458,"bio8",0.745402727904794
"OG0001139",-0.310638678464335,0.0804196672597246,-3.86272026544317,0.000176613323196375,0.165271853875753,0.145859571407747,"bio8",0.0277282917418309
"OG0001196",-0.00323517129196878,0.0777508857314626,-0.0416094461372758,0.966874375571192,0.21975462265143,0.201609381317742,"bio8",0.985709590679722
"OG0001202",-0.0712697852003851,0.0874842047707813,-0.81465889056339,0.416768995784674,0.0121754600784057,-0.0107972036407011,"bio8",0.805005643575281
"OG0001349",-0.155759786963879,0.0863191602871333,-1.80446364915689,0.073491618042267,0.0383103817336985,0.0159455068902961,"bio8",0.52446291057436
"OG0001363",0.0841079470728371,0.0875617936455589,0.960555324086866,0.338572775394301,0.0104224994789544,-0.012590930765721,"bio8",0.745402727904794
"OG0001395",0.0695760419592232,0.0870611329355066,0.799163066379621,0.425664862296137,0.021706556898079,-0.00104445340661696,"bio8",0.805005643575281
"OG0001398",-0.0365669794929115,0.0842826083750416,-0.433861507111828,0.665113738680196,0.0831538844664855,0.0618318817796596,"bio8",0.900197042868886
"OG0001408",-0.108043500742839,0.0861356051169179,-1.25434192510965,0.211985806533895,0.0423960427939313,0.0201261833240227,"bio8",0.664150675155105
"OG0001688",0.176579796599164,0.0836914177637061,2.10989132837633,0.0367994101139471,0.0959709963170711,0.0749470659988635,"bio8",0.322889753087069
"OG0001769",0.103723596403998,0.0862737761023614,1.20226100085075,0.231464666681922,0.0393213745514249,0.0169800111688999,"bio8",0.664150675155105
"OG0001820",0.107546413840006,0.0786718594732385,1.36702519249071,0.173994911321262,0.201160843621441,0.18258318882194,"bio8",0.614629626108089
"OG0001885",0.00436813683663784,0.0875724344047883,0.0498802718723896,0.960294947851465,0.0101819722971164,-0.0128370516029508,"bio8",0.985400698122092
"OG0001893",-0.10474171675017,0.0868818732014077,-1.20556466948359,0.230192074509069,0.0257310411589631,0.00307362351149709,"bio8",0.664150675155105
"OG0001918",0.039663125196211,0.0871249558362544,0.455244135454774,0.649698896642324,0.0202716936218755,-0.00251268559622053,"bio8",0.900197042868886
"OG0001927",0.0478838307860506,0.0875529357239017,0.546912909203323,0.585383401738941,0.0106227045281151,-0.0123860697851845,"bio8",0.875287562600131
"OG0001929",-0.121876439734592,0.0836174673612272,-1.45754761033465,0.147395388952377,0.097567904922584,0.0765811120138069,"bio8",0.614629626108089
"OG0002370",-0.14627730406205,0.0853916143554987,-1.71301719924248,0.089111743487649,0.0588670859173896,0.03698027396198,"bio8",0.559621749102436
"OG0002742",0.0458526533602448,0.0773391222460577,0.592877860888602,0.554300833341157,0.227996993743876,0.21004343545885,"bio8",0.855902292106152
"OG0002829",0.188038537855466,0.0864305574115309,2.17560251243247,0.0314074999472153,0.0358266090844041,0.013403972086367,"bio8",0.30818609323205
"OG0002883",0.117403524484831,0.080187663916027,1.46410954941618,0.145596670211697,0.170081134548673,0.150780695817247,"bio8",0.614629626108089
"OG0002891",0.00942504910684312,0.0813440268175932,0.115866517500762,0.907938507607402,0.145972511700852,0.126111407321802,"bio8",0.969703031934437
"OG0002892",-0.192737316089538,0.0793026162267097,-2.43040299627117,0.0164571992173481,0.188300003309071,0.169423259199979,"bio8",0.233272418056741
"OG0002893",-0.0816357540920206,0.080538227048266,-1.01362740507184,0.312657980374638,0.162808820981949,0.143339258679204,"bio8",0.745402727904794
"OG0002919",0.164915433352799,0.0863731111372394,1.90933765359873,0.0584392576796706,0.0371078633953466,0.0147150230091919,"bio8",0.436903021700394
"OG0003687",0.247833021467293,0.084992319246791,2.91594609564264,0.00418310169461065,0.0676480690844345,0.0459654660398865,"bio8",0.109457827675645
"OG0003730",0.140013342410474,0.0867668389604088,1.61367342740654,0.1090418602862,0.028309256641632,0.00571179749376305,"bio8",0.611413288033336
"OG0003808",0.0814647769075726,0.0823757593019671,0.988941135084958,0.32454325584105,0.124170890618416,0.103802771795589,"bio8",0.745402727904794
"OG0003820",-0.0780613562146577,0.0868780433604517,-0.898516508835102,0.370584282484822,0.0258169327905199,0.00316151262285747,"bio8",0.775756431334893
"OG0000009",-0.117075025846131,0.0939231259159124,-1.24649839647528,0.214840206588108,0.0267748977006219,0.00414175578668285,"bio10",0.552949384169393
"OG0000012",0.176680067718228,0.0906464158507222,1.94911256071269,0.0534522031814116,0.0934964704609837,0.0724149930298438,"bio10",0.466221994415646
"OG0000015",-0.119703279991231,0.0942219767997086,-1.27043906376205,0.206214799860047,0.0205716990569664,-0.00220570329054603,"bio10",0.552949384169393
"OG0000016",-0.0716829690601354,0.0850552441957601,-0.842781297472411,0.400910666353748,0.201875913863514,0.183314888604526,"bio10",0.656341247977795
"OG0000022",0.0636463390775986,0.0937876029180126,0.678622089672523,0.498592966097744,0.0295814317907139,0.00701355811142812,"bio10",0.700982508299348
"OG0000024",-0.200942540992601,0.0921431438426073,-2.18076497732526,0.0310145328748834,0.0633134642279741,0.0415300564193223,"bio10",0.356834453058892
"OG0000027",-0.0708944341523262,0.0827488375326171,-0.856742357551327,0.393176028138555,0.244573825131887,0.227005774553559,"bio10",0.656341247977795
"OG0000029",0.113664001758102,0.091012885797776,1.24887812051861,0.213971236253635,0.0861519367002967,0.0648996561584431,"bio10",0.552949384169393
"OG0000030",-0.119044449865611,0.092600610237992,-1.28556874041819,0.200896658867726,0.0539895732380726,0.031989330755237,"bio10",0.552949384169393
"OG0000039",-0.155234351080418,0.0930705775253653,-1.66792078880257,0.0977571404302145,0.0443628082270505,0.0221386874881446,"bio10",0.482260467671204
"OG0000040",-0.211998275937292,0.0932132171982074,-2.27433707696733,0.0245969498354709,0.0414313504986015,0.0191390563241505,"bio10",0.35106555674263
"OG0000042",0.073744991887198,0.0932610523369468,0.790737291069391,0.430548645823583,0.0404472619497257,0.0181320819950681,"bio10",0.693601642243945
"OG0000045",0.0580165203177496,0.0583051360869879,0.995049908316693,0.321574815761349,0.624956319081105,0.616234373013224,"bio10",0.63907906423458
"OG0000046",-0.128235627386693,0.0943536031378289,-1.35909624139494,0.176487452503992,0.0178333016364405,-0.00500778437201443,"bio10",0.543655979283369
"OG0000047",-0.0779390390650671,0.0867412444777044,-0.898523413335398,0.370580617172701,0.169920816011346,0.150616648941842,"bio10",0.656341247977795
"OG0000049",-0.160281144948937,0.0926436323060737,-1.73008269385859,0.086007113159736,0.053110339736345,0.0310896499627715,"bio10",0.482260467671204
"OG0000054",0.0104067724991956,0.0931151674263803,0.111762377567795,0.911185533422908,0.043446901685564,0.0212014807945307,"bio10",0.92893590095712
"OG0000060",-0.0638357406838962,0.0877290599022182,-0.727646469197855,0.468148644085203,0.150907163710311,0.131160818680318,"bio10",0.700982508299348
"OG0000065",-0.0359014734118382,0.0875825631330678,-0.409915765507931,0.682547670939327,0.153740557796128,0.134060105651852,"bio10",0.788944952240195
"OG0000074",0.158169946266764,0.0934673688991378,1.69224776657025,0.0930127823448962,0.0361970289030993,0.0137830063194504,"bio10",0.482260467671204
"OG0000075",0.272714485760259,0.0919217472393324,2.96681137979466,0.0035869330691174,0.0678092968832495,0.0461304433223948,"bio10",0.141674928478628
"OG0000077",0.038269853208472,0.0932877912524377,0.41023431570926,0.682314592888225,0.0398969555345472,0.0175689777562809,"bio10",0.788944952240195
"OG0000083",-0.0546367571775913,0.0803163113171352,-0.680269751954293,0.497552747762819,0.288334791749424,0.271784438069177,"bio10",0.700982508299348
"OG0000087",-0.110048047134168,0.0873136868176279,-1.26037567700039,0.209808955934826,0.158928573374706,0.139368772755513,"bio10",0.552949384169393
"OG0000090",-0.140149635708157,0.0756870751234589,-1.85169839737562,0.0663555468812047,0.368007869037601,0.35331037761987,"bio10",0.482260467671204
"OG0000093",-0.0474344210597656,0.0915493108670736,-0.518129744620784,0.605255265998106,0.0753478479148292,0.0538443094942438,"bio10",0.75249051022814
"OG0000095",-0.156971396454965,0.0933754221768909,-1.68107830514112,0.0951673674950524,0.0380923413901226,0.0157223958410557,"bio10",0.482260467671204
"OG0000096",-0.164010901328337,0.0807383008420814,-2.03138906340289,0.0442697687869782,0.280836832725539,0.264112107905202,"bio10",0.434397106222224
"OG0000100",0.106294100095016,0.0944807776320979,1.12503413666765,0.262663472182834,0.0151838907684277,-0.00771880944626013,"bio10",0.599932435035026
"OG0000103",-0.0954610165452086,0.0930013176293379,-1.02644800072268,0.306601337436071,0.0457845831239645,0.023593526917545,"bio10",0.633373815492937
"OG0000106",0.0121702433893687,0.0803826458849204,0.151403866535971,0.879893655722897,0.287158754200944,0.270581050810269,"bio10",0.914856317539701
"OG0000107",-0.141680013222207,0.0895850425210801,-1.5815141594521,0.116209305384412,0.114600578089179,0.0940098938586946,"bio10",0.482260467671204
"OG0000118",0.0300977473796708,0.0861220156011638,0.349477972265016,0.727300362701541,0.18173006081697,0.162700527347598,"bio10",0.815615406743871
"OG0000126",-0.142822673053861,0.0939856450613058,-1.5196222035897,0.13105315445614,0.0254788281410112,0.00281554507452308,"bio10",0.500310104904377
"OG0000141",0.137788919707687,0.0897646357138564,1.53500227135014,0.127232299756083,0.111047058622155,0.0903737344040655,"bio10",0.499386776542625
"OG0000142",0.0544627409774571,0.0944773474168434,0.576463485338576,0.565306428572182,0.0152553988572122,-0.00764563837866672,"bio10",0.72748450234289
"OG0000147",0.0794392399356537,0.0856772594176822,0.927191654770168,0.35555853252438,0.19015974972155,0.171326255529028,"bio10",0.656341247977795
"OG0000150",-0.0991088926804698,0.0835460894895758,-1.18627805665082,0.237692779648398,0.229947244131175,0.212039040506318,"bio10",0.565420703103008
"OG0000159",-0.212797103330106,0.092568181825354,-2.29881476695292,0.023123448837151,0.0546520363644545,0.0326672000008371,"bio10",0.35106555674263
"OG0000164",-0.0709278858150368,0.0945075576358243,-0.750499617060792,0.454320591949494,0.0146255313344073,-0.00829015398339727,"bio10",0.700982508299348
"OG0000170",-0.162133493850655,0.0922557632899054,-1.75743485359462,0.0812159455634304,0.0610223857787291,0.0391856970759088,"bio10",0.482260467671204
"OG0000182",0.0771529907917266,0.091318749964847,0.844875678011651,0.399744488168595,0.0799993342374554,0.0586039699173961,"bio10",0.656341247977795
"OG0000184",0.265559679426218,0.086163456121873,3.08204535169296,0.00251410791560598,0.18094239484137,0.161894543558611,"bio10",0.141674928478628
"OG0000185",-0.0752422851872347,0.0884839444300241,-0.850349582310253,0.396706308452522,0.136231873255362,0.116144242400835,"bio10",0.656341247977795
"OG0000186",0.0953150110327705,0.0796827692439359,1.19618095527,0.233819932099403,0.299517865118339,0.283227582911789,"bio10",0.564765066763174
"OG0000192",-0.134028298389824,0.0943997104918026,-1.41979565076592,0.158079307970445,0.0168731650703314,-0.0059902496954749,"bio10",0.543655979283369
"OG0000196",-0.235893613736388,0.0795662640614223,-2.96474412263829,0.00360955231792682,0.301564735185409,0.285322054608326,"bio10",0.141674928478628
"OG0000199",0.15004600540547,0.090512310193737,1.65774141754093,0.0997995739961714,0.0961767159997918,0.0751575698602519,"bio10",0.482260467671204
"OG0000205",0.0497500751510592,0.0937047880073811,0.530923512117015,0.596384678463817,0.0312944438115493,0.00876640762112024,"bio10",0.75249051022814
"OG0000206",-0.0413034565016623,0.0880618421835666,-0.469027849946228,0.639841435976128,0.144453225321337,0.124556788700903,"bio10",0.761023526123122
"OG0000210",-0.0458980979585124,0.0947049247395079,-0.484643201868944,0.628751357641257,0.0105055734435009,-0.0125059248485107,"bio10",0.753541703432652
"OG0000217",-0.231546448011742,0.0919906197483746,-2.51706585568289,0.0130588344708292,0.0664118829654629,0.0447005314065202,"bio10",0.256279626490024
"OG0000220",-0.126555839229683,0.0945481970608479,-1.33853254915307,0.183077197571006,0.0137779025780072,-0.00915749503645769,"bio10",0.546937717553892
"OG0000224",0.0318556525957985,0.090268925490043,0.352897217097286,0.7247414683734,0.101030884597704,0.0801246260999758,"bio10",0.815615406743871
"OG0000228",0.205654171252055,0.0834931927327928,2.46312501080441,0.0150911823400571,0.230922044951977,0.213036511113651,"bio10",0.263257291932108
"OG0000242",-0.131515893505657,0.0928553584174082,-1.41635222508603,0.159082606784711,0.0487773845445918,0.0266559283712102,"bio10",0.543655979283369
"OG0000255",0.14905432570769,0.0885951060484217,1.68242166363258,0.0949061135551549,0.134060221059799,0.113922086665841,"bio10",0.482260467671204
"OG0000261",-0.0812716381994251,0.0887954084794834,-0.915268476051927,0.361758430457987,0.130140232139463,0.109910935212474,"bio10",0.656341247977795
"OG0000264",0.0470643915171178,0.0947505009940216,0.496719183786557,0.620232515475505,0.00955296614444305,-0.0134806858056862,"bio10",0.75249051022814
"OG0000266",-0.000874978687306201,0.090095152095888,-0.00971171774453485,0.992266295285451,0.104488698011425,0.0836628537791323,"bio10",0.992266295285451
"OG0000269",0.060502121725602,0.0812422151026433,0.744712852168816,0.457799880841877,0.271831751124551,0.254897605801866,"bio10",0.700982508299348
"OG0000271",0.0685600421821157,0.094614096860267,0.72462819450013,0.469992420680119,0.0124026359948612,-0.0105647445633978,"bio10",0.700982508299348
"OG0000276",-0.0545357984804703,0.0875107647847458,-0.623189599755122,0.53426018273948,0.155127480560897,0.135479282434407,"bio10",0.710837700763545
"OG0000297",-0.0421936558523269,0.091345887441801,-0.461910842775595,0.644923295642415,0.0794524540718791,0.0580443716084343,"bio10",0.761300431698189
"OG0000298",-0.158885336974784,0.0940727101809365,-1.68896310810212,0.0936422410946392,0.0236724650106038,0.000967173499222485,"bio10",0.482260467671204
"OG0000299",0.124413970450654,0.0745619593578721,1.66859845854519,0.0976223782483895,0.386657795592576,0.372394023397055,"bio10",0.482260467671204
"OG0000319",-0.101150978784974,0.09377830050336,-1.07861816904381,0.282770701863643,0.0297739260637246,0.00721052899543917,"bio10",0.599932435035026
"OG0000325",0.129669053048971,0.0942607740557918,1.37564171679963,0.1713164863559,0.0197649455745535,-0.00303121848185217,"bio10",0.543655979283369
"OG0000329",0.0887843016959496,0.0908346490675774,0.977427695348915,0.330186894179794,0.0897277336550771,0.0685586111819393,"bio10",0.647991779827846
"OG0000338",0.068307214994383,0.0926302461466111,0.737418044709385,0.46220735709717,0.0533839537979694,0.0313696271421081,"bio10",0.700982508299348
"OG0000343",0.0169659475808243,0.0912444039614433,0.185939595681873,0.85278419645083,0.0814967382168146,0.0601361972451125,"bio10",0.89857126740121
"OG0000348",0.0901327626836267,0.0895603284286,1.00639160513444,0.316111244340975,0.115089026255851,0.0945097012850572,"bio10",0.636275196942732
"OG0000361",0.0254100943543829,0.094252984103466,0.269594587334115,0.787902930571956,0.0199269571618722,-0.00286543918320059,"bio10",0.864208638404237
"OG0000367",-0.0224511050960902,0.094866937629614,-0.236658899897722,0.813296806255712,0.00711719685984205,-0.0159731008876036,"bio10",0.874572593028403
"OG0000372",-0.0706760805759508,0.0907187856894047,-0.779067753595442,0.43736664065064,0.092048433013787,0.0709332802931774,"bio10",0.693601642243945
"OG0000375",-0.0795312579166661,0.091195036943649,-0.87210072589597,0.384773719100154,0.0824903662853588,0.0611529329431579,"bio10",0.656341247977795
"OG0000382",-0.152249291178556,0.0940904158985677,-1.6181168902759,0.10807995060326,0.0233049151356757,0.000591075952784403,"bio10",0.482260467671204
"OG0000384",-0.0480614709555323,0.0942162148556598,-0.510118890141819,0.610839883804181,0.02069148509216,-0.00208313153360384,"bio10",0.75249051022814
"OG0000385",0.13137501173258,0.0943405423420831,1.392561548525,0.166148042876669,0.0181051935487045,-0.00472956939202351,"bio10",0.543655979283369
"OG0000386",0.0245814179824844,0.09331772755424,0.263416380003432,0.792649961338918,0.0392806573931436,0.0169383470999609,"bio10",0.864208638404237
"OG0000388",-0.20288445582037,0.0922061222937626,-2.20033605983336,0.0295633029222679,0.062032604371603,0.040219409124431,"bio10",0.356834453058892
"OG0000402",0.0189628851983703,0.0947963569223098,0.200038121864865,0.84176577089722,0.00859405071896176,-0.0144619015898997,"bio10",0.892954229938267
"OG0000434",-0.0647262730076104,0.0944338362824353,-0.685413995191568,0.494312570027162,0.0161622297386272,-0.00671771840698621,"bio10",0.700982508299348
"OG0000440",0.130268320232881,0.0941710879527334,1.38331544282748,0.16895752274335,0.0216293826020063,-0.00112342245376107,"bio10",0.543655979283369
"OG0000442",-0.112386834938366,0.0915610542468167,-1.22745239078845,0.221887814213348,0.0751106153746258,0.0536015599182217,"bio10",0.561251221368567
"OG0000445",0.0294110192098449,0.0901591074362508,0.32621240433908,0.744792272244345,0.10321686358481,0.0823614418077127,"bio10",0.82930770739264
"OG0000448",-0.111941245910521,0.0933869840514873,-1.19868145488888,0.232849225701688,0.0378541171550939,0.0154786315075379,"bio10",0.564765066763174
"OG0000452",-0.162787310004538,0.0937075019999187,-1.73718546039867,0.08474126981064,0.0312383293316051,0.00870898815327026,"bio10",0.482260467671204
"OG0000473",-0.101746775291694,0.0797981034727155,-1.27505254966972,0.204582291593204,0.297488617498533,0.281151143486871,"bio10",0.552949384169393
"OG0000500",-0.12639096943291,0.0930210539137546,-1.35873508324357,0.176601623843642,0.0453795423002315,0.0231790665397716,"bio10",0.543655979283369
"OG0000501",0.0871664495612384,0.0948304128706162,0.919182432329654,0.359715707917287,0.00788159012139215,-0.0151909310385756,"bio10",0.656341247977795
"OG0000503",-0.0146519948348241,0.0874676142874888,-0.16751336999619,0.867228448713136,0.155960467936825,0.136331641609775,"bio10",0.907699109653082
"OG0000504",0.153574340758389,0.0833601658684617,1.8422988865056,0.0677276546525105,0.233370784148285,0.215542197733129,"bio10",0.482260467671204
"OG0000510",-0.122001082266914,0.0653570915687537,-1.86668469080471,0.0642158570730121,0.528747506766074,0.517788146458308,"bio10",0.482260467671204
"OG0000513",0.183843362653086,0.0847107568341131,2.1702481423121,0.0318196327568439,0.208327882354437,0.189916902874308,"bio10",0.356834453058892
"OG0000534",-0.114181161152715,0.0936977339400698,-1.2186117673427,0.225215458256177,0.0314402860281227,0.00891564151714874,"bio10",0.561251221368567
"OG0000535",-0.122338165073366,0.0933968653233336,-1.30987442297811,0.192566178140443,0.0376504971731419,0.0152702761771684,"bio10",0.549688908509992
"OG0000546",-0.0541322820296501,0.093586477101416,-0.578419913926123,0.563989112818611,0.0337390591308505,0.0112678744594749,"bio10",0.72748450234289
"OG0000589",0.113799157339232,0.0778575963159545,1.4616320400828,0.146273781881388,0.331240123127484,0.315687567851379,"bio10",0.534069389659952
"OG0000594",0.0532841089763125,0.0879164086189679,0.606076952110809,0.54552864496677,0.14727675184129,0.127445978628296,"bio10",0.713733310498191
"OG0000598",0.0698116294696702,0.094564740585724,0.738241643103596,0.461708547535485,0.0134327449184111,-0.00951067961836993,"bio10",0.700982508299348
"OG0000601",-0.0010649749322383,0.0876195297289053,-0.0121545383264819,0.990321097716665,0.153026033542822,0.133328964555446,"bio10",0.992266295285451
"OG0000618",0.0479071224067968,0.0948473531844971,0.505097093364406,0.614352480440895,0.00752709839394393,-0.0155536667596854,"bio10",0.75249051022814
"OG0000620",-0.0479121059418195,0.0717678569148282,-0.667598392950204,0.505582545008993,0.431764736843062,0.418549963281272,"bio10",0.700982508299348
"OG0000639",-0.0621386862720467,0.0938364634251013,-0.662201920276383,0.509023113567973,0.0285700509091478,0.00597865674424414,"bio10",0.700982508299348
"OG0000679",0.0560124300644209,0.091710215220248,0.610754537320662,0.542436702313285,0.0720947092253397,0.0505155164166265,"bio10",0.713733310498191
"OG0000692",-0.0614293478746348,0.0925486520036112,-0.663751946081698,0.508033612251544,0.0550508889564577,0.0330753282345149,"bio10",0.700982508299348
"OG0000725",0.0133852305394817,0.0949475114981953,0.14097505377733,0.888109553471804,0.00542989917542939,-0.017699638053049,"bio10",0.916835980144697
"OG0000728",-0.241468655260944,0.0922847676984474,-2.61656025455874,0.00994234626101639,0.0604318801993138,0.0385814588086001,"bio10",0.248152260187297
"OG0000731",0.0450635756178083,0.0906208489118809,0.497276025979715,0.619840927242165,0.0940077593320972,0.0729381723398203,"bio10",0.75249051022814
"OG0000736",0.115611915651177,0.0866816739903924,1.33375268760951,0.184635025671059,0.171060556217864,0.151782894734559,"bio10",0.546937717553892
"OG0000739",-0.0769241677952087,0.0913556488935605,-0.842029679903363,0.401329680292155,0.0792556994977968,0.0578430413465828,"bio10",0.656341247977795
"OG0000761",0.0791150737769148,0.0935997771572426,0.845248527077214,0.399537097608016,0.0334643989868038,0.0109868268702179,"bio10",0.656341247977795
"OG0000817",0.0675872496900714,0.080259261660609,0.842111530702543,0.401284036970574,0.289345441655976,0.272818591461929,"bio10",0.656341247977795
"OG0000822",-0.184609378396384,0.0936552514967419,-1.97115885597517,0.050846289363349,0.0323183746109944,0.00981415076473846,"bio10",0.466221994415646
"OG0000862",-0.0191991358182976,0.0790044471177277,-0.24301335581386,0.808381037271445,0.311393207815139,0.295379096368979,"bio10",0.874572593028403
"OG0000887",0.0603014913690908,0.0935252674892604,0.644761495881477,0.520226714747038,0.0350025988588898,0.0125607988323523,"bio10",0.704099950131766
"OG0000893",0.157954666570007,0.0912330578028926,1.73133149730951,0.0857834403029954,0.0817251541028122,0.060369925128459,"bio10",0.482260467671204
"OG0000907",-0.0125212501588093,0.0933236402554469,-0.134170185866475,0.893477101669673,0.0391589093282317,0.0168137676847022,"bio10",0.916835980144697
"OG0000913",0.0658679770786339,0.0944536891830251,0.697357378503236,0.486834084093907,0.0157485202604151,-0.00714104903585433,"bio10",0.700982508299348
"OG0000949",0.0842398588050926,0.0892687906315697,0.943665285584158,0.347104747720126,0.120840793863898,0.100395230930501,"bio10",0.656341247977795
"OG0000962",-0.102884274339018,0.0942093394839692,-1.09208147411462,0.276832681882071,0.0208344087784415,-0.00193688404066461,"bio10",0.599932435035026
"OG0001019",-0.105993766487162,0.0947420483915381,-1.11876160888061,0.265320793616306,0.00972967194647416,-0.0132998705663987,"bio10",0.599932435035026
"OG0001038",0.0257305133068009,0.0823309496927049,0.312525403907503,0.755145899047772,0.252184477060192,0.234793418387173,"bio10",0.834914832045776
"OG0001079",0.277971640903624,0.087073714560559,3.19237145568537,0.00177287018800105,0.16354540852886,0.144092976169066,"bio10",0.141674928478628
"OG0001115",-0.0991833261960711,0.0940999518334715,-1.05402100918814,0.293843482316994,0.0231069316827024,0.000388488233462825,"bio10",0.615112356316907
"OG0001127",0.106253076264536,0.0911208717515561,1.16606738085472,0.245738549131607,0.0839821055395436,0.0626793638079051,"bio10",0.5758351076666
"OG0001135",0.0810915086117512,0.094521138079569,0.85791929995053,0.392528190582765,0.0143423204603356,-0.00857995115686605,"bio10",0.656341247977795
"OG0001136",0.151133444853077,0.0741989929115789,2.03686652503732,0.0437094342007613,0.392614741478947,0.37848950290869,"bio10",0.434397106222224
"OG0001139",-0.149540002895473,0.0909283481771948,-1.64459165808291,0.102488815223603,0.0878488098649914,0.0666359914897586,"bio10",0.482260467671204
"OG0001196",-0.131546645688234,0.0832963917033809,-1.5792598334472,0.116725463512776,0.234543345064663,0.216742027508027,"bio10",0.482260467671204
"OG0001202",-0.0387501202335337,0.0948067068655403,-0.408727626079145,0.683417283469214,0.00837755388768466,-0.0146834332312065,"bio10",0.788944952240195
"OG0001349",-0.101610566072634,0.0941115414409439,-1.07968230587739,0.282298207235376,0.0228662832191034,0.000142243293966171,"bio10",0.599932435035026
"OG0001363",0.13137501173258,0.0943405423420831,1.392561548525,0.166148042876669,0.0181051935487045,-0.00472956939202351,"bio10",0.543655979283369
"OG0001395",0.101983080873054,0.0939721854519943,1.08524751640635,0.279835985059297,0.0257579289550994,0.00310113660521794,"bio10",0.599932435035026
"OG0001398",-0.059680403629804,0.0910770917838694,-0.65527348821621,0.513458525187421,0.0848621146755865,0.0635798382726931,"bio10",0.700982508299348
"OG0001408",-0.0646790497590029,0.0935595915617702,-0.691313938841859,0.490610503880756,0.0342941546124234,0.0118358791382936,"bio10",0.700982508299348
"OG0001688",0.231461640891286,0.08978760602553,2.57787963324774,0.0110641135115355,0.110592043379453,0.0899081374115335,"bio10",0.248152260187297
"OG0001769",-0.0191349842540916,0.093821965273215,-0.203949940702792,0.838714015945622,0.0288702082343357,0.00628579447234345,"bio10",0.892954229938267
"OG0001820",-0.128174369759441,0.0849612678377821,-1.5086211990641,0.133840919783336,0.203638611970149,0.185118579690384,"bio10",0.500310104904377
"OG0001885",-0.151518483289083,0.0937771890111751,-1.61572856775465,0.108596120647532,0.0297969248236105,0.00723406261020609,"bio10",0.482260467671204
"OG0001893",-0.0498713895629601,0.0943993127138205,-0.528302464596849,0.59819710365373,0.0168814503793134,-0.00598177170488867,"bio10",0.75249051022814
"OG0001918",-0.0464213420078211,0.0942234704882671,-0.492672810365243,0.623081314201644,0.0205406453157321,-0.00223747921180917,"bio10",0.75249051022814
"OG0001927",0.0375689509151319,0.0947513265769572,0.396500526930547,0.692390947966329,0.00953570608304941,-0.0134983472638563,"bio10",0.791315090167313
"OG0001929",-0.254851244787429,0.0883804111744671,-2.88357161276769,0.00460855769800262,0.138252045557157,0.118211395453835,"bio10",0.144708711717282
"OG0002370",-0.102177229100876,0.0929719399579917,-1.09901147751724,0.273809939786337,0.0463873315599922,0.0242102927590617,"bio10",0.599932435035026
"OG0002742",-0.00720121820230765,0.0837633095541434,-0.0859710324321997,0.931622738055494,0.22593775995812,0.207936312515286,"bio10",0.943643676611049
"OG0002829",0.0960019740197778,0.0948089148438511,1.01258382904067,0.313154466787046,0.00833136503835726,-0.0147306962398204,"bio10",0.636275196942732
"OG0002883",-0.0342784742856728,0.0873984322641223,-0.39220925819449,0.695550843586555,0.157295116664757,0.137697328680216,"bio10",0.791315090167313
"OG0002891",0.114855699555563,0.0874051498381349,1.31406101091599,0.191157585085216,0.157165568574894,0.137564767844078,"bio10",0.549688908509992
"OG0002892",-0.0591032842052252,0.0875629238790849,-0.674980706295744,0.500896023078232,0.154120040654989,0.134448413693477,"bio10",0.700982508299348
"OG0002893",-0.0735350652207876,0.0872182914152953,-0.843115177189677,0.400724619421835,0.160765410637108,0.141248327163553,"bio10",0.656341247977795
"OG0002919",0.0593379652209518,0.094589908533471,0.627318137219203,0.531559499263865,0.0129075348423069,-0.0100481038822906,"bio10",0.710837700763545
"OG0003687",0.0805784385070941,0.0946454942400069,0.851371099640086,0.396140900713438,0.0117470653041535,-0.0112355610841222,"bio10",0.656341247977795
"OG0003730",0.150090352468024,0.0938658860528902,1.59898722293478,0.112269902479221,0.0279607674440822,0.00535520389627009,"bio10",0.482260467671204
"OG0003808",-0.136697926911514,0.0886231566114675,-1.54246285212804,0.125410732180076,0.133511794746998,0.113360906252742,"bio10",0.499386776542625
"OG0003820",0.073814078028108,0.0940386265187947,0.784933603994689,0.433931654559593,0.0243798070120115,0.00169096531461632,"bio10",0.693601642243945
"OG0000009",-0.0938818943846993,0.0967649127378332,-0.970205953050928,0.333759443298468,0.0221877483881376,-0.000552071416789479,"bio13",0.708111251322426
"OG0000012",-0.0659165153353659,0.0943533939469729,-0.698613081924868,0.486051419519962,0.070317386380365,0.0486968604822339,"bio13",0.836709443954153
"OG0000015",-0.00341381671212782,0.0974483446231327,-0.0350320646833998,0.972108322432912,0.00832677387256591,-0.0147353941769095,"bio13",0.980209231545425
"OG0000016",-0.077077595285413,0.0874002118794648,-0.881892544971311,0.379475211775064,0.20229075219046,0.183739374334424,"bio13",0.716706773451256
"OG0000022",0.0530690203984118,0.0964571910213819,0.550182104998765,0.583145871981769,0.0283969335136304,0.00580151336278456,"bio13",0.878489673777546
"OG0000024",0.0252109453303706,0.0964125553355611,0.261490272118861,0.794131488275173,0.0292959465249318,0.00672143365341848,"bio13",0.951745371444291
"OG0000027",0.014744751477038,0.0852840739675388,0.172889858458804,0.863008976609663,0.240451461864512,0.222787542372989,"bio13",0.957271246613304
"OG0000029",-0.0170488868784239,0.0940982680693194,-0.181181728720708,0.856509295995192,0.0753382004580977,0.0538344376780534,"bio13",0.957271246613304
"OG0000030",-0.0343156948804424,0.095738429342759,-0.358431772027371,0.720606113976827,0.0428230042440295,0.0205630741101697,"bio13",0.928890630091335
"OG0000039",0.0616618620243811,0.0965348451530105,0.638752379274503,0.524116507258133,0.0268319001093016,0.0042000838327737,"bio13",0.847104959647618
"OG0000040",0.121910315221336,0.0971186238121576,1.25527226844904,0.211649085794408,0.0150261618172891,-0.0078802065125414,"bio13",0.585096963394447
"OG0000042",0.0612753404528811,0.095937626185304,0.638699777025205,0.524150623963387,0.0388357863509835,0.016483130219611,"bio13",0.847104959647618
"OG0000045",0.051218051421673,0.0599884706878474,0.853798252137287,0.394799452621242,0.624201331736671,0.615461827823571,"bio13",0.720738535599245
"OG0000046",0.053467441278449,0.0975584790947927,0.548055297443673,0.584601060560196,0.00608396256417903,-0.0170303638878169,"bio13",0.878489673777546
"OG0000047",0.0201052659544241,0.0894169031672146,0.224848605154957,0.822452832216059,0.165053006784558,0.145635634849315,"bio13",0.957271246613304
"OG0000049",0.147076042432583,0.0954465324163377,1.54092598975768,0.125784279650955,0.0486507809933036,0.0265263805512874,"bio13",0.506362356543589
"OG0000054",-0.0636813034438618,0.0955474902723914,-0.666488499722139,0.506289153984997,0.0466371515582774,0.024465922524749,"bio13",0.836709443954153
"OG0000060",0.0493497424881773,0.0902515112076246,0.546802395082866,0.585459111160216,0.149393648702416,0.129612105648984,"bio13",0.878489673777546
"OG0000065",-0.0284697415417217,0.0900443340822638,-0.316174713621759,0.75238091107941,0.153294390264644,0.133603562131264,"bio13",0.942805422974732
"OG0000074",-0.243223162733932,0.0947396153884456,-2.56728045323683,0.0113907394476548,0.0626907768849592,0.040892887975307,"bio13",0.111771630830113
"OG0000075",0.00993188457699985,0.0976467963928725,0.101712344325562,0.919142931694756,0.00428361240926997,-0.0188725826509797,"bio13",0.957271246613304
"OG0000077",-0.255552510936241,0.093271668814839,-2.73987282723073,0.0070174161885577,0.09151209382964,0.0703844681047479,"bio13",0.0786953101145399
"OG0000083",-0.00596760118115891,0.0826983531993946,-0.0721610642810551,0.942585491898095,0.285810635261836,0.269201580267925,"bio13",0.960947546935071
"OG0000087",-0.105471967091619,0.0898163367306481,-1.17430715759339,0.242435306059275,0.157576774849449,0.13798553705525,"bio13",0.594724110176659
"OG0000090",0.159382764837916,0.0775618488617164,2.05491188228476,0.041906095720163,0.371773919829327,0.357164010988149,"bio13",0.274135709502733
"OG0000093",0.122455201677714,0.0935765774862426,1.30860953635237,0.192993268387389,0.0855626213831079,0.0642966358338778,"bio13",0.574666430556198
"OG0000095",0.132259992590776,0.0963189235702249,1.37314649799161,0.172088886592487,0.0311804438333369,0.00864975648062383,"bio13",0.570835350364486
"OG0000096",-0.00986938926689091,0.0842981974014189,-0.117077109251743,0.906981032111872,0.257910593825132,0.240652700658275,"bio13",0.957271246613304
"OG0000100",-0.112516868087723,0.0970819532997378,-1.15898850675501,0.248601791985261,0.0157698436130802,-0.00711922979126678,"bio13",0.595664756495063
"OG0000103",-0.016646822975978,0.0959685803005342,-0.173461177854741,0.862560834800123,0.0382154502279796,0.015848367675142,"bio13",0.957271246613304
"OG0000106",0.0251609719759811,0.0825979030230501,0.304619984952397,0.761146483473355,0.287544572512591,0.270975841640791,"bio13",0.942805422974732
"OG0000107",0.108845768283528,0.0924719456497178,1.17706800174653,0.241335609722934,0.107024287720768,0.0862574106910181,"bio13",0.594724110176659
"OG0000118",0.0715098249622471,0.0883372087177934,0.809509673219312,0.419712689003982,0.185094966295283,0.166143686441685,"bio13",0.748805592882104
"OG0000126",0.0394814826553933,0.0974007298925528,0.40535099376511,0.685890995901671,0.00929563009875935,-0.0137440064105718,"bio13",0.924553531838844
"OG0000141",-0.126207418029117,0.0924367261952307,-1.36533846690504,0.174522909665575,0.10770436702676,0.0869533057948245,"bio13",0.570835350364486
"OG0000142",-0.214662763608199,0.0953777413206488,-2.25065891303222,0.0260999845942481,0.0500216169928041,0.0279290964577531,"bio13",0.227649865627608
"OG0000147",-0.230962322641541,0.0859832951251697,-2.68613016406639,0.00817972435231124,0.227945737756234,0.209990987471495,"bio13",0.0856144482208576
"OG0000150",0.157144778182512,0.0852230774283211,1.84392283081636,0.0674889234713716,0.24153755595265,0.223898894463177,"bio13",0.344028000681049
"OG0000159",0.0120085333714473,0.0970685239010762,0.123711919053033,0.901735924954075,0.0160421229501879,-0.00684061837655192,"bio13",0.957271246613304
"OG0000164",0.0271591420191398,0.0973208359395994,0.279068112772847,0.78063945216216,0.0109202344744469,-0.0120816205377754,"bio13",0.942805422974732
"OG0000170",0.128730821622161,0.0952805815410565,1.35107090595045,0.179037614236521,0.0519560867532294,0.0299085538870254,"bio13",0.573651131329261
"OG0000182",-0.107252857226805,0.0936452154467688,-1.14531059291301,0.254200883345027,0.0842206587395401,0.0629234647567387,"bio13",0.595664756495063
"OG0000184",-0.316480075029982,0.0874319005420603,-3.6197323067195,0.00042225345760437,0.201712197030501,0.183147364403303,"bio13",0.00797035078258584
"OG0000185",-0.165733089134323,0.0900267155833396,-1.84093230615417,0.067929095675876,0.153625698671648,0.133942575384942,"bio13",0.344028000681049
"OG0000186",-0.106841567860478,0.0818148549423567,-1.30589448500219,0.193912385075876,0.300989039833223,0.284732970992135,"bio13",0.574666430556198
"OG0000192",-0.137335744097372,0.0970321776008748,-1.4153628980922,0.159371763089377,0.0167788506011943,-0.00608675752435928,"bio13",0.570058399257797
"OG0000196",0.475490564528078,0.0734249611534144,6.47587083545861,1.80460215316675e-09,0.437001669841879,0.423908685419597,"bio13",9.44408460157267e-08
"OG0000199",-0.14077630228825,0.0931970275231586,-1.51052352236522,0.133355560617526,0.0929655593601927,0.0718717351592669,"bio13",0.523420575423788
"OG0000205",0.0649024476030022,0.0962489445896941,0.674318538033628,0.501315435107127,0.0325876932902354,0.010089732669078,"bio13",0.836709443954153
"OG0000206",-0.0492057243087455,0.0904867198673399,-0.543789457512491,0.587524941061416,0.1449542618602,0.125069477252297,"bio13",0.878489673777546
"OG0000210",-0.0223206326698596,0.097409989828516,-0.22914110461518,0.819122136274157,0.00910724762738371,-0.013936769869654,"bio13",0.957271246613304
"OG0000217",0.0345388800095533,0.0967976524893043,0.356815264847147,0.721813101090082,0.021525964174339,-0.00122924596114138,"bio13",0.928890630091335
"OG0000220",0.0761876209300906,0.0976224890593736,0.780431042725755,0.436566902213206,0.00477928044407378,-0.0183653874525758,"bio13",0.770123636488465
"OG0000224",-0.120405888460442,0.0922191917344917,-1.30564892400166,0.193995674009417,0.111899164059154,0.0912456562465757,"bio13",0.574666430556198
"OG0000228",-0.165491402221731,0.0865949515659552,-1.91109757819639,0.0582106032179952,0.216922396264896,0.198711289201289,"bio13",0.326395168043759
"OG0000242",0.0854563802033202,0.0958846546803787,0.89124146599036,0.374458947293193,0.0398968978429521,0.0175689187230208,"bio13",0.716706773451256
"OG0000255",0.0151900258598186,0.0920452418578113,0.165027822766588,0.869180410010905,0.115246392073183,0.0946707267725593,"bio13",0.957271246613304
"OG0000261",0.0255413446150406,0.0915354565440567,0.27903225241191,0.780666910743409,0.125019529224376,0.104671146183083,"bio13",0.942805422974732
"OG0000264",-0.0291107697876009,0.0974474676279576,-0.298732953212722,0.765624500678742,0.00834462309770435,-0.0147171298535118,"bio13",0.942805422974732
"OG0000266",-0.109292807606686,0.0921018530489623,-1.18665156007866,0.237545882233728,0.114157745723543,0.0935567630659511,"bio13",0.594724110176659
"OG0000269",-0.142051462069987,0.0827431729771578,-1.71677561977472,0.0884202657751514,0.285036291360186,0.268409228368562,"bio13",0.420666112930266
"OG0000271",-0.3460956411783,0.0925586318549818,-3.7392043750231,0.000276432668531718,0.105349294120286,0.0845434637509905,"bio13",0.00619998985135425
"OG0000276",-0.0121445876189635,0.0900757578428541,-0.134826371820828,0.892959295744419,0.152703318827363,0.132998744846604,"bio13",0.957271246613304
"OG0000297",0.00307250880674702,0.0939659139175354,0.0326981208254246,0.973965860643862,0.0779375418007152,0.0564942288193364,"bio13",0.980209231545425
"OG0000298",0.0573388047184519,0.0976242050692714,0.587342090803872,0.558000609521514,0.00474429212055315,-0.0184011894580387,"bio13",0.876060956948777
"OG0000299",-0.449756401870741,0.066573340211559,-6.75580345588024,4.39446362932825e-10,0.537171226195691,0.526407766339777,"bio13",3.44965394902268e-08
"OG0000319",0.081457589500729,0.0965565032504871,0.843626133492132,0.400440002177485,0.0263951804170652,0.00375320786862487,"bio13",0.722633107377761
"OG0000325",-0.037564198010701,0.0975367090559414,-0.385128823540236,0.70077624387785,0.00652749503314145,-0.0165765167102738,"bio13",0.924553531838844
"OG0000329",0.10727857463209,0.0932310657208065,1.15067412136369,0.251994817152005,0.092302888964332,0.0711936538239676,"bio13",0.595664756495063
"OG0000338",-0.0651874631415477,0.0952364755468822,-0.684480003771851,0.494900008858644,0.052833594857332,0.0308064691563398,"bio13",0.836709443954153
"OG0000343",-0.144644570630232,0.0929283663061893,-1.5565168783194,0.122035223748091,0.09818747995092,0.0772150957637321,"bio13",0.504198161275007
"OG0000348",-0.116369781507509,0.0918443701396485,-1.26703227786928,0.207426439847045,0.119103800693491,0.0986178425700837,"bio13",0.585096963394447
"OG0000361",0.100167362818259,0.0965018454058487,1.03798391001742,0.301219250499615,0.0274971275133372,0.00488078164155437,"bio13",0.656825310117216
"OG0000367",0.0100385025467231,0.0975249170840334,0.102932695016529,0.918176231073137,0.00676769775937026,-0.0163307278741327,"bio13",0.957271246613304
"OG0000372",0.2545034407255,0.0907373534188174,2.80483649937182,0.00581372675680481,0.140211025662887,0.120215933236443,"bio13",0.0702119308321812
"OG0000375",0.0266298714114362,0.0939803106908339,0.283355856303138,0.777358294879832,0.0776549767608487,0.056205092499473,"bio13",0.942805422974732
"OG0000382",0.0326205818204674,0.097643912171473,0.3340769649129,0.738863969188562,0.00434243306095622,-0.018812394077161,"bio13",0.942805422974732
"OG0000384",0.107708773114273,0.0964715597157221,1.11648213661792,0.266291104778343,0.028107443281616,0.00550529079979312,"bio13",0.605908745655071
"OG0000385",-0.0875880690772602,0.0973879793194088,-0.899372486105217,0.370130053344315,0.00955499615742982,-0.0134786085830951,"bio13",0.716706773451256
"OG0000386",0.12333008460988,0.0953247459079411,1.29378875794733,0.198050075532314,0.0510770101933282,0.0290090336861962,"bio13",0.575812256640248
"OG0000388",0.00018933316038098,0.096534943059655,0.00196129147001184,0.998438146580113,0.0268299261138763,0.00419806393047795,"bio13",0.998438146580113
"OG0000402",0.0580198797126603,0.0973163394856685,0.596198747500205,0.552087194267069,0.0110116280350879,-0.0119881015454915,"bio13",0.875532217171009
"OG0000434",0.118468763759952,0.0966781302914323,1.22539361697245,0.222659543935309,0.0239408401949465,0.00124178996692204,"bio13",0.594724110176659
"OG0000440",0.0878261414084894,0.0972007000929206,0.903554617657389,0.36791581623569,0.0133606285370219,-0.00958447312490796,"bio13",0.716706773451256
"OG0000442",0.0146222079120983,0.094649068924537,0.154488660884308,0.87746589479042,0.0644815690164131,0.0427253264353994,"bio13",0.957271246613304
"OG0000445",-0.0923999288382169,0.0923494462932134,-1.00054664697007,0.318919159031526,0.109388604693709,0.088676711779609,"bio13",0.68589462969794
"OG0000448",0.20532409744112,0.0948116242759333,2.16560046312,0.0321811655048369,0.0612653912218945,0.0394343538084501,"bio13",0.247211113739698
"OG0000452",0.1514650415481,0.0965192131728742,1.56927348005639,0.119033914380602,0.0271470466802998,0.00452255939379509,"bio13",0.504198161275007
"OG0000473",-0.121783374092768,0.0818352069264864,-1.48815379916089,0.139150819579237,0.300641229416258,0.284377071960823,"bio13",0.532845821315615
"OG0000500",0.265674636610989,0.0934078989407989,2.844241650049,0.00517861051457602,0.0888563290888495,0.0676669413932413,"bio13",0.067753487565703
"OG0000501",0.0466712581141372,0.0977025155316335,0.477687374374985,0.633681146246322,0.00314693838155155,-0.0200356909584125,"bio13",0.908992227864074
"OG0000503",-0.0197160417525117,0.0898954767936692,-0.219321844165359,0.82674599646807,0.156091548400787,0.13646577045662,"bio13",0.957271246613304
"OG0000504",-0.324251954621402,0.0819713019039849,-3.9556765244647,0.000125235257694926,0.29831317617358,0.281994877945059,"bio13",0.00393238709162068
"OG0000510",-0.00679134708134663,0.068075046937571,-0.0997626499997087,0.92068763209305,0.516055504104132,0.504800980943763,"bio13",0.957271246613304
"OG0000513",-0.550562116173951,0.0742160484150138,-7.41837012252693,1.40562305489892e-11,0.424804725176841,0.411428090878628,"bio13",2.2068281961913e-09
"OG0000534",0.0886513487638485,0.0965437387410546,0.918250628366748,0.360201357293396,0.0266525792672298,0.00401659273856059,"bio13",0.716706773451256
"OG0000535",0.0850024262619876,0.0963428098150599,0.882291334715674,0.379260386779535,0.030699866814804,0.0081580032523576,"bio13",0.716706773451256
"OG0000546",0.200411667962911,0.0946861998094029,2.11658793326088,0.0362156408663252,0.0637474161896582,0.0419741002870921,"bio13",0.247211113739698
"OG0000589",-0.0440951433198698,0.0805913912090244,-0.547144585275904,0.585224703365569,0.321738819255285,0.305965303424013,"bio13",0.878489673777546
"OG0000594",-0.0418456897277876,0.0904172774260306,-0.462806345413587,0.644282936835326,0.146266137898219,0.126411862035387,"bio13",0.911283072821136
"OG0000598",0.0391080508115762,0.0973413704461208,0.401761867871203,0.688524118781189,0.0105028026385548,-0.0125087600907812,"bio13",0.924553531838844
"OG0000601",-0.106329379617347,0.0895707442635395,-1.18709943175753,0.237369821636572,0.162177495462783,0.14269325117122,"bio13",0.594724110176659
"OG0000618",0.0390921263287205,0.0975232626108888,0.400849246447952,0.689194264461534,0.00680139709039042,-0.0162962448377402,"bio13",0.924553531838844
"OG0000620",0.167350114389439,0.0724090584094993,2.31117650284878,0.0224092056673162,0.452473106210091,0.439739922633582,"bio13",0.206955605280509
"OG0000639",0.0834368010265059,0.0963326881984279,0.866131762612512,0.388025960148769,0.03090352226165,0.008366394872386,"bio13",0.716706773451256
"OG0000679",-0.18901055252746,0.0929209304568236,-2.03410094580666,0.0439915860997304,0.0983317948471156,0.0773627668203043,"bio13",0.276248256453425
"OG0000692",0.11868741492871,0.0947125024555599,1.25313355524947,0.212423738302443,0.0632271853458388,0.041441771051556,"bio13",0.585096963394447
"OG0000725",-0.0498171798697387,0.097499481990262,-0.510948149188262,0.610260709624378,0.00728571229622614,-0.0158006664875827,"bio13",0.887138253805809
"OG0000728",0.351891516162194,0.0922758324724058,3.81347430560893,0.00021140858180914,0.110807891545928,0.0901290053028098,"bio13",0.0055318578906725
"OG0000731",0.0118090905198522,0.0932269036359239,0.126670414432833,0.899398489285522,0.0923839312235103,0.0712765807868477,"bio13",0.957271246613304
"OG0000736",-0.0250877678245533,0.0896796404533299,-0.279748755656633,0.78011833067164,0.160139081259859,0.140607431986833,"bio13",0.942805422974732
"OG0000739",-0.112863185842417,0.0936305803559285,-1.20540944436505,0.230251755208134,0.0845068765990867,0.063216338845577,"bio13",0.594724110176659
"OG0000761",0.0608372866651937,0.0963225448275733,0.631599661056489,0.528766153155838,0.0311075939559086,0.00857521241999937,"bio13",0.847104959647618
"OG0000817",0.163851256029679,0.0814521981162484,2.01162472983026,0.0463428899367067,0.307172250822616,0.291059977585932,"bio13",0.276248256453425
"OG0000822",-0.0189275934690784,0.0976870787335647,-0.193757390582865,0.846670617491491,0.00346191499559488,-0.0197133893068331,"bio13",0.957271246613304
"OG0000862",0.0321404666807431,0.0811729754059782,0.395950333469925,0.692795784323864,0.311914213889357,0.295912218863528,"bio13",0.924553531838844
"OG0000887",0.164750089974869,0.0951845893136754,1.73084835647023,0.085869919065553,0.0538653741051291,0.0318622432703647,"bio13",0.420666112930266
"OG0000893",-0.0498305835846936,0.0947544218113526,-0.525891907017297,0.599866206958343,0.0623977784138274,0.040593075586242,"bio13",0.88017751862112
"OG0000907",0.00802230310180587,0.0959255909204323,0.0836304788412526,0.933479872311161,0.03907692511517,0.0167298768620344,"bio13",0.957884574855244
"OG0000913",0.114429602120225,0.0967426273170579,1.18282504097393,0.239053911501974,0.0226380861721377,-9.12606610683486e-05,"bio13",0.594724110176659
"OG0000949",0.128082175732735,0.091376692487102,1.40169415467532,0.163408082888299,0.128052124096234,0.107774266517077,"bio13",0.570058399257797
"OG0000962",-0.0402602655561995,0.0972138382576506,-0.41414130207981,0.6794584133991,0.0130938916384572,-0.00985741320716005,"bio13",0.924553531838844
"OG0001019",0.101305185100257,0.0974432984807938,1.03963214176523,0.300455495544746,0.00842947432804524,-0.0146303053387444,"bio13",0.656825310117216
"OG0001038",-0.00733522356234768,0.0846523700586275,-0.0866511304676708,0.931083178022827,0.251661826692563,0.234258613359832,"bio13",0.957884574855244
"OG0001079",-0.0806386109890941,0.0926941309212536,-0.869943007045386,0.385947419863498,0.102727970433133,0.0818611790478571,"bio13",0.716706773451256
"OG0001115",0.104590229530843,0.0966975184285019,1.08162268515894,0.281438041012105,0.023549316977493,0.000841161558364889,"bio13",0.63122532055572
"OG0001127",-0.015158510241249,0.09414025144586,-0.161020498760476,0.872329154015043,0.0745129124807161,0.0529899569570118,"bio13",0.957271246613304
"OG0001135",0.0355647100697861,0.0973787627561071,0.365220393679275,0.715545013772263,0.00974245393587561,-0.0132867913214296,"bio13",0.928890630091335
"OG0001136",0.15267707128116,0.0763061605332045,2.00084855815439,0.0475076619378502,0.391950606452953,0.377809922882091,"bio13",0.276248256453425
"OG0001139",-0.274583425362235,0.0912872055783898,-3.00790700758658,0.00316349678473057,0.12975911765766,0.109520957603186,"bio13",0.04966689952027
"OG0001196",0.187039773166971,0.0848555944457142,2.20421263192763,0.0292829652610926,0.248064452728767,0.230577579536412,"bio13",0.241969765578502
"OG0001202",0.153230792349048,0.0965711021920999,1.58671475079822,0.115025480973833,0.0261007481633053,0.00345192835314956,"bio13",0.501638903135882
"OG0001349",0.0182577334359543,0.0971541103179659,0.187925486386529,0.851230350510202,0.0143062243983529,-0.00861688666215055,"bio13",0.957271246613304
"OG0001363",-0.0875880690772602,0.0973879793194088,-0.899372486105217,0.370130053344315,0.00955499615742982,-0.0134786085830951,"bio13",0.716706773451256
"OG0001395",-0.332738535197482,0.092499626359371,-3.59718788381649,0.000456899089447596,0.106489597965091,0.0857102862898605,"bio13",0.00797035078258584
"OG0001398",0.0373928814229792,0.0937102658699863,0.399026521543094,0.690533445088192,0.0829479290190949,0.0616211366707017,"bio13",0.924553531838844
"OG0001408",0.0378326943050816,0.0962843853300036,0.39292658072661,0.695022265536795,0.0318751219299468,0.0093605898818061,"bio13",0.924553531838844
"OG0001688",0.0710398630239281,0.0944273507712548,0.752322949269416,0.453227446550426,0.0688593928223463,0.0472049600972846,"bio13",0.790630101204632
"OG0001769",0.0208374427606401,0.0964317911937329,0.216084783894321,0.829262974974732,0.028908565687462,0.00632504395926337,"bio13",0.957271246613304
"OG0001820",0.399544582669684,0.0807647552691458,4.9470165710057,2.30378828590944e-06,0.318817599433854,0.302976148257897,"bio13",9.04236902219457e-05
"OG0001885",0.066188814243886,0.0971835198626405,0.681070353671462,0.497047726342728,0.0137093748643877,-0.00922761641783576,"bio13",0.836709443954153
"OG0001893",0.20527990723419,0.0954356547799475,2.15097709244536,0.0333420095807272,0.0488676111062307,0.0267482532249802,"bio13",0.247211113739698
"OG0001918",0.274960321368603,0.0938658492620886,2.92929029599327,0.00401847152059804,0.079900311728731,0.0585026445596317,"bio13",0.0573545480667174
"OG0001927",-0.136734951484936,0.0967017499930629,-1.41398631870411,0.159774772894345,0.023463854504806,0.000753711586312988,"bio13",0.570058399257797
"OG0001929",0.0895350800077039,0.0933905006498741,0.958717207688774,0.339494637324435,0.0891957193652666,0.0680142244667844,"bio13",0.710675440799151
"OG0002370",-0.107640710873305,0.0955374133108456,-1.12668646913309,0.261966575147411,0.0468382346873488,0.0246716820056592,"bio13",0.604834592619757
"OG0002742",-0.135344301143072,0.085268864996641,-1.58726518933263,0.114900746818651,0.240722342957011,0.223064723025779,"bio13",0.501638903135882
"OG0002829",-0.129986966836361,0.0971629158276742,-1.33782488647112,0.183307211907403,0.0141275406676399,-0.00879972582846156,"bio13",0.574666430556198
"OG0002883",-0.042496250485289,0.0898069864742232,-0.473195373251795,0.636873535446166,0.157752165284024,0.138165006337141,"bio13",0.908992227864074
"OG0002891",-0.164608764958057,0.0892686956798611,-1.84396964360702,0.067482052063649,0.16781854301482,0.148465485875629,"bio13",0.344028000681049
"OG0002892",-0.127704484199069,0.0894553598503868,-1.42757778195352,0.155829722769419,0.164334659454801,0.144900581767703,"bio13",0.570058399257797
"OG0002893",-0.0829544311665262,0.0895956464135833,-0.925875692481748,0.356239467868844,0.161711573646453,0.142216493963812,"bio13",0.716706773451256
"OG0002919",-0.153584329531792,0.0964276740248192,-1.59274120303121,0.113665689173772,0.0289914856885405,0.00640989233246014,"bio13",0.501638903135882
"OG0003687",-0.203995846794029,0.095885398207875,-2.12749647607215,0.0352817984630881,0.0398820077476434,0.0175536823464257,"bio13",0.247211113739698
"OG0003730",-0.0513433813787593,0.0973253183847641,-0.527543934413646,0.598722090413359,0.0108291214487591,-0.0121748524710372,"bio13",0.88017751862112
"OG0003808",0.0091799336860174,0.0919227799744101,0.0998657099858485,0.920605972277018,0.117599072442592,0.0970781206389313,"bio13",0.957271246613304
"OG0003820",0.133644019251889,0.0961697610146086,1.38966778997806,0.167023480037316,0.0341788100513185,0.0117178521455352,"bio13",0.570058399257797
"OG0000009",-0.0441703032227299,0.0992960029030685,-0.444834655286663,0.65718472218726,0.0165612870353231,-0.00630938070804143,"bio15",0.890674609580544
"OG0000012",-0.127015536486127,0.0960778560387774,-1.32200635737399,0.188505460915155,0.0792740711308037,0.0578618402268689,"bio15",0.477344473607731
"OG0000015",-0.0883994474708017,0.0994070953216911,-0.889266980236495,0.375514909290298,0.0143595125848196,-0.0085623592155335,"bio15",0.743379331831417
"OG0000016",-0.0515154161992458,0.0895838523971286,-0.575052476766415,0.56625742604448,0.199533361644071,0.180917858426491,"bio15",0.835419377995989
"OG0000022",-0.319141985175364,0.0947330210324043,-3.36885683257371,0.000995644197822378,0.104869116293824,0.0840521189983311,"bio15",0.0195395173822642
"OG0000024",-0.220807185502364,0.0967431048683383,-2.28240747289297,0.0241022828008499,0.0664796061786777,0.0447698295781818,"bio15",0.177844302993375
"OG0000027",0.083565140623353,0.086963580052257,0.96092111862389,0.338389514292186,0.24567485074684,0.228132405415371,"bio15",0.691190358382432
"OG0000029",0.0632148473873525,0.0961342593654448,0.657568361212911,0.511987152839074,0.0781927137599653,0.056755335010197,"bio15",0.815694597767187
"OG0000030",-0.0937281550631109,0.0976619673793971,-0.959720120105669,0.33899144965253,0.0486623062001817,0.0265381737862324,"bio15",0.691190358382432
"OG0000039",0.0532052952988608,0.0988212546038718,0.53839931006883,0.591229200461798,0.0259427267492334,0.00329023202247136,"bio15",0.843845313386384
"OG0000040",-0.184024302190217,0.0986569316544353,-1.86529521143833,0.0644117876472892,0.0291794168407441,0.00660219397657535,"bio15",0.316020333144512
"OG0000042",0.171988586529645,0.0971470443778046,1.77039443280212,0.0790236014578094,0.0586677210998122,0.0367762727532962,"bio15",0.344630706357669
"OG0000045",-0.0889152307563036,0.0610545869722481,-1.45632351581904,0.147732824235538,0.628190602566336,0.61954387239346,"bio15",0.460053206616689
"OG0000046",-0.0556926576117075,0.0998193221805281,-0.557934640259173,0.577856008490574,0.00616794577647441,-0.0169444275775612,"bio15",0.835419377995989
"OG0000047",-0.126462336016932,0.090830961805325,-1.39228225159582,0.166232384939932,0.177091415386439,0.157954006441937,"bio15",0.477344473607731
"OG0000049",-0.0352721385072805,0.0985083390410386,-0.358062463042709,0.72088180162929,0.0321016267384278,0.00959236224397253,"bio15",0.933863762548273
"OG0000054",0.0157413613094491,0.0979242353929734,0.160750413278985,0.872541447165259,0.043545872991862,0.0213027537591145,"bio15",0.941912563291757
"OG0000060",0.00576465438468396,0.0924524870597367,0.0623526155760334,0.950378536002396,0.147447829855392,0.127621035200866,"bio15",0.966543488499204
"OG0000065",-0.250964696310676,0.0894828593561798,-2.80461194597872,0.0058175412624389,0.201337168672865,0.182763614455955,"bio15",0.0570846236376817
"OG0000074",-0.0287483670860524,0.0993525757525155,-0.289357038489508,0.77277269437804,0.0154403601578281,-0.00745637565245505,"bio15",0.941912563291757
"OG0000075",0.133207791540081,0.099227197187987,1.34245242549497,0.18180702268073,0.0179237338157117,-0.0049152491188067,"bio15",0.477344473607731
"OG0000077",0.0130603050958138,0.098168092303802,0.133040225080426,0.894368877774487,0.0387763006890373,0.0164222611701776,"bio15",0.941912563291757
"OG0000083",0.0574870248737613,0.0844685992402806,0.680572726324405,0.497361598326511,0.288337058184147,0.271786757211685,"bio15",0.815694597767187
"OG0000087",-0.139909337963288,0.0915666803506393,-1.52795031366791,0.128973183961502,0.163706528960297,0.144257843587281,"bio15",0.425514778099028
"OG0000090",-0.0680229376481773,0.0804284206414345,-0.845757471123756,0.399254112387385,0.354787387527378,0.33978244305127,"bio15",0.746219607733942
"OG0000093",-0.028848795916957,0.0963491480538418,-0.299419315060634,0.765102002610214,0.0740670804935845,0.052533756784133,"bio15",0.941912563291757
"OG0000095",-0.150303583868129,0.0983868650831319,-1.52767936798403,0.129040442707837,0.0344872512426348,0.0120334663878123,"bio15",0.425514778099028
"OG0000096",-0.265501750661474,0.0830321577887302,-3.19757739329172,0.00174350802960265,0.312335799825764,0.296343609124037,"bio15",0.0248846146043287
"OG0000100",-0.153825283071181,0.0989290294106351,-1.55490541034909,0.122418582426407,0.0238169476349226,0.00111501618457188,"bio15",0.425514778099028
"OG0000103",-0.00155198247204589,0.0982080837498456,-0.0158030012681958,0.987415969197008,0.0379929798616096,0.0156207235793213,"bio15",0.987415969197008
"OG0000106",-0.0979466424736181,0.0841050475700088,-1.16457507965961,0.246340196526656,0.29444984983467,0.278041706807569,"bio15",0.560513200792536
"OG0000107",-0.0422902907669236,0.0950527665179675,-0.444913833822287,0.657127649327219,0.0988163783004207,0.0778586196562445,"bio15",0.890674609580544
"OG0000118",-0.115087478942,0.0900491507490465,-1.27805179709836,0.203526103366198,0.191196522694561,0.172387139501411,"bio15",0.491751481436862
"OG0000126",-0.175237054865571,0.0985248409121903,-1.77860784390152,0.0776595379951818,0.0317773197365051,0.00926051321874932,"bio15",0.344630706357669
"OG0000141",0.00547820382569543,0.095262597985686,0.0575063450035089,0.954230832594755,0.0948332138561834,0.0737828234807457,"bio15",0.966543488499204
"OG0000142",-0.0110269427315632,0.0994850685832057,-0.110840178215696,0.9119153479003,0.0128126663647245,-0.0101451786035378,"bio15",0.941912563291757
"OG0000147",-0.119812275134486,0.0897890498024393,-1.33437513146766,0.184431601684703,0.195862124261934,0.177161243430817,"bio15",0.477344473607731
"OG0000150",-0.134672219799863,0.0875441154376348,-1.53833549093087,0.126415906676542,0.235570066458903,0.217792626143994,"bio15",0.425514778099028
"OG0000159",-0.147260647355524,0.0984782482787971,-1.49536217316358,0.137262320802234,0.0326928528583032,0.0101973378084963,"bio15",0.439799680937771
"OG0000164",-0.0880501657029159,0.0993083027475712,-0.886634483389853,0.376925668910972,0.0163176338756502,-0.00655870022026495,"bio15",0.743379331831417
"OG0000170",-0.282924553547151,0.0949674676396546,-2.97917340094487,0.00345437202738518,0.100433068985989,0.0795129077996168,"bio15",0.0393418004892949
"OG0000182",0.0267710146879051,0.0962765090228552,0.278063828441784,0.781408545690891,0.0754627029285963,0.0539618355548428,"bio15",0.941912563291757
"OG0000184",0.15659191038755,0.0928775542215082,1.68600381114781,0.0942123048844943,0.139590280009887,0.119580751638024,"bio15",0.370493703934415
"OG0000185",-0.124362453371307,0.092674489826856,-1.34192757471505,0.181976707879023,0.143348509454264,0.123426381767154,"bio15",0.477344473607731
"OG0000186",0.193623515424307,0.0825234765177461,2.34628403449132,0.0204854786222194,0.320735687533936,0.304938843057981,"bio15",0.160811007184422
"OG0000192",0.0561300497993046,0.099930826266261,0.561689039273515,0.575302468395795,0.00394636730137522,-0.0192176706683602,"bio15",0.835419377995989
"OG0000196",-0.147459321882613,0.0855037216941317,-1.72459536217747,0.0869956034165781,0.270788004557936,0.253829586059283,"bio15",0.367502611258597
"OG0000199",0.0296433130855288,0.0961650638789027,0.308254493782249,0.75838589046501,0.0776018656146616,0.0561507462103513,"bio15",0.941912563291757
"OG0000205",0.0441809208789989,0.0985803014757292,0.448171898620906,0.654780953837988,0.0306869695550417,0.00814480605632173,"bio15",0.890674609580544
"OG0000206",-0.316016705777995,0.0884191920489059,-3.57407366494823,0.000495195312703032,0.220211454781636,0.202076837450977,"bio15",0.012957610682396
"OG0000210",-0.0287534215322784,0.0996597358416598,-0.288515931629219,0.773414918439066,0.00934318746066554,-0.0136953430635052,"bio15",0.941912563291757
"OG0000217",-0.111616695150357,0.0986054143287763,-1.13195300592925,0.259753960107726,0.0301930510772809,0.00763940110233385,"bio15",0.57438551742131
"OG0000220",-0.478299698488547,0.0908378454251876,-5.26542319723409,5.67998986248806e-07,0.176966682488957,0.157826372779398,"bio15",2.33280771768873e-05
"OG0000224",-0.0718972021389441,0.0947705437533253,-0.758645031372645,0.449448812178281,0.104159872614232,0.0833263812796791,"bio15",0.792847904629103
"OG0000228",0.42854249410742,0.0815449198241077,5.25529358581485,5.94345915334707e-07,0.336749498301663,0.321325068029608,"bio15",2.33280771768873e-05
"OG0000242",-0.599314219667902,0.0830703773935896,-7.21453589681357,4.10896599450805e-11,0.311702592077054,0.295695675613729,"bio15",6.45107661137765e-09
"OG0000255",0.209592430440805,0.0923668953163248,2.26912932087868,0.0249208577442946,0.149025670554807,0.129235569870035,"bio15",0.177844302993375
"OG0000261",0.0137853836161101,0.0936810761109519,0.147152276515091,0.88324156348713,0.12463836485671,0.104281117527796,"bio15",0.941912563291757
"OG0000264",0.0764869428432257,0.0995168395779289,0.768582916897505,0.443545744972793,0.0121820404402936,-0.0107904702471415,"bio15",0.792847904629103
"OG0000266",-0.2219176410548,0.0927167876655863,-2.39350010545252,0.0181286433853411,0.142566357308356,0.122626040036457,"bio15",0.14979984271045
"OG0000269",0.0590384971632263,0.0854680546979067,0.690766829453442,0.490953165827614,0.271396244206968,0.254451970816432,"bio15",0.815694597767187
"OG0000271",-0.188586955467019,0.0983157906962945,-1.91817564738486,0.057298579936952,0.0358817146180776,0.0134603591440793,"bio15",0.291024671551717
"OG0000276",-0.202370559934333,0.0904350463899449,-2.23774485680845,0.026953115967535,0.184249594311091,0.165278654643907,"bio15",0.183984313343609
"OG0000297",-0.0401139961262042,0.096083072555782,-0.417492853415108,0.677011983294596,0.0791740873665787,0.0577595312588247,"bio15",0.90077018116315
"OG0000298",-0.436825531389665,0.0923344777059658,-4.73090379934473,5.7791419129654e-06,0.149622891305294,0.129846679475184,"bio15",0.000181465056067114
"OG0000299",0.0534917778997158,0.0791185464445334,0.67609657031827,0.50018966967433,0.375632387889713,0.361112210863892,"bio15",0.815694597767187
"OG0000319",-0.0416238968581097,0.0990026590239275,-0.420432110293622,0.674869335903514,0.0223633252040316,-0.00037241141913058,"bio15",0.90077018116315
"OG0000325",-0.0136888108250889,0.0998513499872412,-0.137091895370849,0.891171894174292,0.00553008595662809,-0.0175971213467061,"bio15",0.941912563291757
"OG0000329",0.279435698975985,0.0926737916256185,3.01526131686554,0.00309276799916355,0.143361417275581,0.123439589770362,"bio15",0.0393418004892949
"OG0000338",-0.0151378783560733,0.0976153253390851,-0.155076862198523,0.87700310666429,0.0495707813505649,0.0274677762656943,"bio15",0.941912563291757
"OG0000343",0.0997698272885903,0.0955718350181775,1.04392499390238,0.298472414328878,0.0889470546710818,0.0677597768727348,"bio15",0.641920123967587
"OG0000348",-0.228799088711146,0.0923890309301332,-2.47647460318281,0.0145635470056887,0.148617751761698,0.128818164593365,"bio15",0.127026493327396
"OG0000361",0.0716046076563664,0.0989532370752202,0.723620669447484,0.470608790946613,0.0233391505053956,0.000626107493893135,"bio15",0.815694597767187
"OG0000367",-0.116692933769694,0.0992629940581815,-1.17559353187852,0.241922476083385,0.0172150249362082,-0.00564043960015903,"bio15",0.558556305074873
"OG0000372",0.0132877094084332,0.0956260556219756,0.13895490430936,0.889702478135727,0.0879130292560816,0.0667017043550602,"bio15",0.941912563291757
"OG0000375",-0.13836975933365,0.0954176213777982,-1.45014890683332,0.149444035270389,0.0918848122066166,0.0707658543509565,"bio15",0.460053206616689
"OG0000382",-0.00161943811207271,0.0999540654240575,-0.0162018233595823,0.987098412277669,0.00348304402252821,-0.0196917689071805,"bio15",0.987415969197008
"OG0000384",0.0608006454551942,0.0990426010716054,0.613883771198989,0.540373184829754,0.0215743224020964,-0.00117976312343626,"bio15",0.835419377995989
"OG0000385",0.0237375454353777,0.0999391579081749,0.23751996646988,0.81263024964733,0.00378027024292909,-0.0193876304490959,"bio15",0.941912563291757
"OG0000386",0.0744870829423586,0.0979494178898619,0.760464784243177,0.448364526430064,0.0430538803818009,0.0207993194604474,"bio15",0.792847904629103
"OG0000388",-0.0868752230825122,0.0984796404893399,-0.882164299654569,0.379328811382456,0.0326655025601185,0.0101693514568654,"bio15",0.743379331831417
"OG0000402",0.0389625298922938,0.099653844661592,0.3909786925392,0.696457966953846,0.00946030527405481,-0.013575501580037,"bio15",0.911199173431282
"OG0000434",0.0230093849904915,0.0994762008513311,0.231305425755849,0.817444013252465,0.0129886469928666,-0.00996510540264817,"bio15",0.941912563291757
"OG0000440",0.0651305291386184,0.0996067484661474,0.653876671426071,0.514355192222621,0.0103963379523215,-0.0126177006999502,"bio15",0.815694597767187
"OG0000442",-0.0143358870595307,0.0968473141660494,-0.148025654433237,0.882553649194204,0.0644673925042063,0.0427108202368622,"bio15",0.941912563291757
"OG0000445",0.111522271248198,0.0943499579168238,1.18200658177837,0.239377350921744,0.112093595402208,0.0914446092487705,"bio15",0.558556305074873
"OG0000448",0.0590205284422541,0.0986238250577721,0.598440877827248,0.550595120755331,0.0298308697531342,0.00726879695669547,"bio15",0.835419377995989
"OG0000452",-0.0115732834243331,0.0996931499409163,-0.116089053572809,0.907762490237089,0.00867877762619327,-0.0143752042894767,"bio15",0.941912563291757
"OG0000473",-0.137848989629466,0.083574230415347,-1.6494197905788,0.101494721052819,0.303327706153453,0.287126024901207,"bio15",0.388650517202259
"OG0000500",0.0346303295903969,0.0984806876663502,0.351645895362993,0.725677573445155,0.0326449302707048,0.0101483007421165,"bio15",0.933863762548273
"OG0000501",0.0159706101226957,0.100049418687996,0.159627215551346,0.873424404816524,0.00158084089311699,-0.0216382093186711,"bio15",0.941912563291757
"OG0000503",-0.0226130898786374,0.0919782238478534,-0.245852647861988,0.806187036417948,0.15617224746178,0.136548346239961,"bio15",0.941912563291757
"OG0000504",0.142791194597355,0.087921490503474,1.62407613633112,0.106800588564986,0.22896542921312,0.211034392683192,"bio15",0.399230771540542
"OG0000510",-0.191526771426115,0.0675863391352793,-2.83380893057041,0.00534028040911916,0.544381223548038,0.533785438049155,"bio15",0.0558949349487805
"OG0000513",-0.0537913356227412,0.0905784722089117,-0.59386446150997,0.553642725843284,0.181660057340039,0.16262889588283,"bio15",0.835419377995989
"OG0000534",-0.327300755663135,0.094825502272152,-3.45161109427896,0.00075390472258226,0.103120555538513,0.0822628940394082,"bio15",0.0169090059207735
"OG0000535",0.0210074525916365,0.0988593319301528,0.21249842762926,0.832053619467511,0.0251919440895516,0.0025219893009365,"bio15",0.941912563291757
"OG0000546",0.0647001087601213,0.0983877586686339,0.657603238813771,0.511964808024531,0.034469712882984,0.0120155201593325,"bio15",0.815694597767187
"OG0000589",0.157097319267432,0.0813912361195225,1.93015030557757,0.0557830018232817,0.339247133774442,0.323880788048266,"bio15",0.291024671551717
"OG0000594",-0.0266254386349689,0.0925636321114993,-0.287644704811244,0.774080305987049,0.145396745761897,0.12552225147729,"bio15",0.941912563291757
"OG0000598",0.126558346337001,0.0990388161100839,1.27786610652058,0.203591377664943,0.021649103006393,-0.00110324343531887,"bio15",0.491751481436862
"OG0000601",-0.16721188266633,0.0909659483147874,-1.83818105306498,0.0683361568254209,0.174643701611627,0.155449369090967,"bio15",0.325114443078518
"OG0000618",0.0442591219879724,0.099773564490226,0.443595678014572,0.658078055486262,0.00707889238008253,-0.016012296169218,"bio15",0.890674609580544
"OG0000620",-0.0854863665408544,0.0752330280785677,-1.13628772793219,0.2579426720606,0.435452028180207,0.422323005579747,"bio15",0.57438551742131
"OG0000639",-0.186852496965947,0.097476953118596,-1.91688897721918,0.0574634701790015,0.0522633870336137,0.0302230006855582,"bio15",0.291024671551717
"OG0000679",-0.15266491510056,0.0956512538786239,-1.59605764598009,0.112922857746638,0.0874322810012193,0.0662097759082244,"bio15",0.412299736423772
"OG0000692",-0.0833268487239432,0.0972231479225695,-0.857067997739658,0.392996716828074,0.0571922920934379,0.035266531444448,"bio15",0.743379331831417
"OG0000725",0.0128167157006529,0.0998576954416063,0.128349804629206,0.898072035043799,0.005403686784931,-0.0177264600340241,"bio15",0.941912563291757
"OG0000728",-0.136662689642962,0.0988686949294561,-1.3822645250903,0.169279118453546,0.0250072865729233,0.00233303742345636,"bio15",0.477344473607731
"OG0000731",0.0290624381209297,0.0953630052783646,0.304755896021696,0.761043196518962,0.0929241069209353,0.0718293187097941,"bio15",0.941912563291757
"OG0000736",0.0240330386879746,0.0917652115230564,0.26189705542101,0.793818535211919,0.16007616226426,0.140543049758778,"bio15",0.941912563291757
"OG0000739",-0.24242980454276,0.0939482653659484,-2.58046067799597,0.0109858610565775,0.119637979089077,0.0991644437190559,"bio15",0.101457657993098
"OG0000761",0.0257800486163936,0.0986850838471971,0.26123551413617,0.794327499856587,0.0286252818761121,0.00603517215230076,"bio15",0.941912563291757
"OG0000817",0.0693385697972234,0.0844199726090518,0.82135266873788,0.412960784087402,0.289156198334886,0.272624947133372,"bio15",0.75389352443863
"OG0000822",-0.215885798060515,0.0981460267577888,-2.19963869340623,0.0296139806401021,0.0392083665784356,0.0168643751035153,"bio15",0.186427803784973
"OG0000862",-0.0383123509530737,0.0830395769883397,-0.461374592002719,0.645306887135075,0.312212904166105,0.296217855425782,"bio15",0.890674609580544
"OG0000887",0.138725048937757,0.0977589045523889,1.41905281746906,0.158295333550319,0.0467728141724657,0.0246047400834533,"bio15",0.477344473607731
"OG0000893",0.128751762879211,0.0963939862616909,1.33568252411177,0.184004872724625,0.0732050732209634,0.0516517028307532,"bio15",0.477344473607731
"OG0000907",-0.018093855385266,0.0981424719806369,-0.184363151040621,0.854018086194823,0.0392779636555078,0.0169355907172638,"bio15",0.941912563291757
"OG0000913",0.0855796977910894,0.0992384528126422,0.862364288897774,0.390087396960652,0.0177009217423106,-0.00514324286833334,"bio15",0.743379331831417
"OG0000949",-0.159654442983321,0.0931529378860679,-1.71389595010507,0.0889496766103611,0.134480454421439,0.114352092896356,"bio15",0.367502611258597
"OG0000962",-0.190114683140919,0.0981194769235458,-1.93758353694706,0.0548593127877407,0.039728110661922,0.0173962062587107,"bio15",0.291024671551717
"OG0001019",-0.01301857920367,0.100115947607457,-0.130035019542683,0.89674126976064,0.000252580653670417,-0.0229973593311279,"bio15",0.941912563291757
"OG0001038",-0.16625651614307,0.0853744927655119,-1.9473792552971,0.0536617842553303,0.272990577035642,0.256083381152749,"bio15",0.291024671551717
"OG0001079",0.303259159774418,0.091299899670769,3.32157166511664,0.00116461536455252,0.168572533220291,0.149237010737041,"bio15",0.0203160680260829
"OG0001115",0.00627728345883997,0.0993886980868937,0.06315892631325,0.949737711600396,0.014724303075376,-0.00818908522519668,"bio15",0.966543488499204
"OG0001127",-0.207947915360452,0.0945798157635689,-2.19865003628556,0.0296859560167154,0.107762043672028,0.0870123237574242,"bio15",0.186427803784973
"OG0001135",0.0832398939493035,0.0994213929168784,0.837243288463042,0.404004246225383,0.0140759653776253,-0.00885250054382536,"bio15",0.746219607733942
"OG0001136",0.0832471231398262,0.0789405394977095,1.05455477843854,0.293600116984378,0.378438727229693,0.363983813909453,"bio15",0.640211366202046
"OG0001139",-0.519727160969069,0.085104641294024,-6.10691911823573,1.11182325567702e-08,0.277579172678289,0.26077868832197,"bio15",8.72781255706459e-07
"OG0001196",-0.147423269126381,0.0874880615424853,-1.68506727120466,0.094393300365456,0.236548671521767,0.218793989464134,"bio15",0.370493703934415
"OG0001202",-0.176131627352617,0.0985603145841193,-1.78704408661654,0.0762787248643311,0.0310799809420523,0.00854695724303023,"bio15",0.344630706357669
"OG0001349",-0.11708959819556,0.0988874685575445,-1.18406912325219,0.238562871532724,0.024636979501694,0.00195411855987282,"bio15",0.558556305074873
"OG0001363",0.0237375454353777,0.0999391579081749,0.23751996646988,0.81263024964733,0.00378027024292909,-0.0193876304490959,"bio15",0.941912563291757
"OG0001395",0.0655954082027804,0.0991126379660102,0.661826882513971,0.509262682561206,0.0201900670656465,-0.00259621044445479,"bio15",0.815694597767187
"OG0001398",0.0535539365115714,0.0958292057388524,0.558847755218938,0.577234460505767,0.0840335972078082,0.0627320529568268,"bio15",0.835419377995989
"OG0001408",0.0401440034902295,0.0985154191837209,0.407489546538549,0.684323900022415,0.0319624891807182,0.00944998892910698,"bio15",0.902847498348901
"OG0001688",0.278593721061971,0.0936731863313349,2.97410317693846,0.00350818603089254,0.12478580380267,0.104431985286453,"bio15",0.0393418004892949
"OG0001769",0.011551155437739,0.0986833081298706,0.117052778799605,0.907000274096124,0.0286602389604426,0.00607094219208071,"bio15",0.941912563291757
"OG0001820",0.0528269509806831,0.0900185441471171,0.586845204854103,0.558333291618149,0.191746234023302,0.172949634814542,"bio15",0.835419377995989
"OG0001885",-0.129048054398557,0.0989684231739648,-1.30393160020059,0.194578895467477,0.0230393562464552,0.00031934127544242,"bio15",0.484902961720538
"OG0001893",-0.0680275532672826,0.0992065407553769,-0.685716412943221,0.494122443673474,0.0183325749654287,-0.0044969000353754,"bio15",0.815694597767187
"OG0001918",-0.0584803901951821,0.0990543580881934,-0.590386847422845,0.555964173768436,0.0213420173220538,-0.00141747064720077,"bio15",0.835419377995989
"OG0001927",-0.0989179548590134,0.0993296724138323,-0.995855039639077,0.321184919608769,0.0158942407657438,-0.00699193968156453,"bio15",0.681432869980767
"OG0001929",-0.144800058028385,0.0950474095411636,-1.52345086233702,0.130093690119448,0.0989179531182201,0.0779625566791089,"bio15",0.425514778099028
"OG0002370",-0.0262484233623253,0.0982081652235513,-0.26727333010016,0.78968554644036,0.0379913836934252,0.0156190902909468,"bio15",0.941912563291757
"OG0002742",0.06104233181402,0.0879323758978478,0.69419632064683,0.488807378983077,0.228774496714307,0.21083901989371,"bio15",0.815694597767187
"OG0002829",-0.131502564922881,0.0994342839117074,-1.32250728571293,0.188339177758794,0.0138202786442169,-0.00911413348033618,"bio15",0.477344473607731
"OG0002883",-0.125743462488767,0.0913030216805892,-1.37721030667159,0.17083227200819,0.16851567074605,0.149178825879679,"bio15",0.477344473607731
"OG0002891",0.0512768565610664,0.092427064721939,0.554781834902251,0.580004536315687,0.147916630426093,0.128100738110421,"bio15",0.835419377995989
"OG0002892",-0.285030259576786,0.0887735046506597,-3.21075821776366,0.00167117677080614,0.213949409786887,0.195669163502861,"bio15",0.0248846146043287
"OG0002893",0.177558847055579,0.0906416662372805,1.95890978648569,0.0522805403356027,0.180517793929009,0.161460068206428,"bio15",0.291024671551717
"OG0002919",-0.0200807130918882,0.0996162219654758,-0.201580753572923,0.840562016774029,0.010208088549625,-0.0128103279957326,"bio15",0.941912563291757
"OG0003687",-0.133283632722836,0.0991258000415203,-1.34459073890963,0.181116929502207,0.0199298139052363,-0.00286251600394438,"bio15",0.477344473607731
"OG0003730",0.0511302586757688,0.0995906350456346,0.513404283970474,0.608546735716061,0.0107164891550477,-0.0122901041204164,"bio15",0.860737274841636
"OG0003808",-0.0903695130087286,0.0937235013180792,-0.964214009696801,0.336742694863125,0.123845337931676,0.103469648116134,"bio15",0.691190358382432
"OG0003820",-0.0858802166108483,0.0988476244235364,-0.868814168389863,0.38656233702385,0.0254228154856907,0.0027582297993114,"bio15",0.743379331831417
"OG0000009",-0.111758281958434,0.0934636723392427,-1.195740325212,0.233991287153122,0.0258499232977619,0.00319527035119815,"bio18",0.662271130720229
"OG0000012",0.044258051203617,0.0913950961267661,0.484249736355992,0.629029774004473,0.0684933178256205,0.0468303717285419,"bio18",0.873961721404445
"OG0000015",-0.0806461377577351,0.0940332933161711,-0.857633875340046,0.392685239874595,0.013939686263184,-0.00899194893999788,"bio18",0.815459689781727
"OG0000016",0.0183205079767395,0.0848162242114671,0.216002399859986,0.829327055997841,0.197771555525584,0.179115080072691,"bio18",0.926579044225713
"OG0000022",0.0907081057502141,0.0931089683450187,0.974214486128681,0.331773344244425,0.0332298869720669,0.0107468610876963,"bio18",0.766006103623158
"OG0000024",0.0784672918384387,0.0930668629268526,0.843128148631284,0.400717392437992,0.0341040681939257,0.0116413721054123,"bio18",0.815459689781727
"OG0000027",-0.0977725577296423,0.0820886337734587,-1.19106084771086,0.23581662916414,0.24853935315845,0.231063524162135,"bio18",0.662271130720229
"OG0000029",0.036854385761039,0.09101244259235,0.404937882242232,0.686193874973002,0.0762770646069561,0.0547951358768852,"bio18",0.886179947545015
"OG0000030",-0.0479883734530155,0.0925956392000288,-0.518257380883231,0.605166474335947,0.0438605117301427,0.0216247096773553,"bio18",0.863345396096313
"OG0000039",0.0141532858040687,0.093555868109688,0.15128164689226,0.879989867367662,0.0239271053370545,0.00122773569373014,"bio18",0.95166214241207
"OG0000040",0.06050674298439,0.0944035199075301,0.640937361696444,0.522700391920873,0.00615979465551377,-0.0169527682594743,"bio18",0.83245680288278
"OG0000042",-0.147320958099598,0.0920761774537198,-1.59998994499577,0.112047105104389,0.0545583093916662,0.0325712933310072,"bio18",0.464879907277046
"OG0000045",-0.0212109434977754,0.0581845353705025,-0.364546066454087,0.716047181820128,0.622466644551858,0.613686799076319,"bio18",0.886179947545015
"OG0000046",0.102491491593118,0.0940852098379211,1.089347536873,0.278031481303177,0.0128505623603867,-0.0101064013056509,"bio18",0.671552962532289
"OG0000047",0.0631624380071721,0.0863666352461109,0.731329150744197,0.465904499763086,0.168174581317062,0.148829804138389,"bio18",0.824107074818715
"OG0000049",0.0375995330625923,0.0931507618946472,0.403641712615481,0.687144512519454,0.032361789653442,0.00985857545933588,"bio18",0.886179947545015
"OG0000054",0.0713359869893506,0.0924069459857622,0.771976459435655,0.441540301595812,0.0477534208605703,0.025608151578258,"bio18",0.815459689781727
"OG0000060",-0.0278082285828365,0.0874030533198311,-0.318160836796842,0.750877423790943,0.148090628732629,0.128278782889202,"bio18",0.899906530802886
"OG0000065",-0.0579483907123823,0.0870200143357343,-0.665920261617172,0.506651123730295,0.155541157295157,0.135902579557835,"bio18",0.824107074818715
"OG0000074",-0.111535739286953,0.093477793258369,-1.19317899363192,0.234989137039088,0.0255555429624393,0.00289404396156578,"bio18",0.662271130720229
"OG0000075",-0.0978839197149281,0.0941025584464521,-1.04018340554075,0.300200343466144,0.0124864828603778,-0.0104789477707763,"bio18",0.714112938245221
"OG0000077",0.00804126242701989,0.0928451681733716,0.0866093797364263,0.93111630030619,0.0387003124248986,0.0163445057371054,"bio18",0.95166214241207
"OG0000083",0.034291243321794,0.0799716548152875,0.428792469044155,0.6687894469093,0.286798328635039,0.270212243254458,"bio18",0.886179947545015
"OG0000087",-0.16559532412533,0.0861534141163686,-1.92209822238336,0.0567983462102467,0.172276716806564,0.153027338127647,"bio18",0.387710450217771
"OG0000090",0.168280329029911,0.0748221271024156,2.24907170574784,0.0262035502189236,0.375690005217126,0.361171168129152,"bio18",0.263623390724728
"OG0000093",0.106302299858691,0.0906711330519399,1.17239408266573,0.243199408207647,0.0831922572509999,0.0618711469545115,"bio18",0.662271130720229
"OG0000095",-0.0851708307685352,0.0935863671386686,-0.910077326138069,0.364479052468775,0.023290605917709,0.000576433962306888,"bio18",0.786405008474701
"OG0000096",0.0954299738443063,0.0811456748563501,1.17603278317967,0.241747539776135,0.265704376671277,0.248627734268284,"bio18",0.662271130720229
"OG0000100",0.126858083402637,0.093770992508167,1.35284995934737,0.1784699170182,0.0194331380096613,-0.00337074250174196,"bio18",0.583745353580363
"OG0000103",0.0485471741859945,0.092781004542296,0.523244757108264,0.601701582603744,0.0400285272708238,0.0177036093003778,"bio18",0.863345396096313
"OG0000106",0.131747726620464,0.0791126756903456,1.66531754198451,0.0982762241285603,0.302037108696297,0.285805413549699,"bio18",0.42859353300511
"OG0000107",0.149720074257247,0.0889931512023713,1.68237748899105,0.0949146953068935,0.116811598324675,0.0962723331694343,"bio18",0.42859353300511
"OG0000118",0.192118035809521,0.0840146915261451,2.28671952868785,0.0238415732594491,0.212862395012274,0.194556869314885,"bio18",0.263623390724728
"OG0000126",-0.0366521129326201,0.0942592516080853,-0.388843665818754,0.698032864401752,0.0091950645155171,-0.0138469107283081,"bio18",0.886179947545015
"OG0000141",0.0595433345298614,0.0899421545426078,0.662018102998124,0.509140526066854,0.0978749127808755,0.076895259589733,"bio18",0.824107074818715
"OG0000142",0.0520403058401383,0.0939798694238018,0.553738860877352,0.580716120152635,0.0150598047593073,-0.00784578117652268,"bio18",0.863345396096313
"OG0000147",0.144946810372594,0.0845433609794398,1.71446709349352,0.0888444702537303,0.202924968980687,0.184388340352331,"bio18",0.424255981143207
"OG0000150",0.283730975024237,0.0797278934965426,3.55874164713182,0.000522246951123527,0.291139517349087,0.274654389845577,"bio18",0.0409963856631969
"OG0000159",-0.206361071837839,0.092164735805239,-2.23904587839234,0.026866078035641,0.0527387937719405,0.0307094633945437,"bio18",0.263623390724728
"OG0000164",0.164616312288172,0.0930839667950001,1.76847117668189,0.0793458440213565,0.0337490100299412,0.0112780567748234,"bio18",0.420545036385707
"OG0000170",0.222912832685922,0.0907549418086759,2.45620600094542,0.0153712989794801,0.0814966342870002,0.0601360908983257,"bio18",0.232981803450123
"OG0000182",-0.023855878132925,0.0910556138641437,-0.261992392567013,0.793745193762983,0.0754005305683376,0.0538982173257407,"bio18",0.914936576427581
"OG0000184",-0.101496325378681,0.0883497539335709,-1.14880144946408,0.252763524009907,0.129535878355311,0.109292526689155,"bio18",0.662271130720229
"OG0000185",-0.099229394056179,0.0878221059162385,-1.12989085175002,0.260618762844619,0.139902113035187,0.119899836594145,"bio18",0.662271130720229
"OG0000186",-0.15246580570104,0.0785549389026601,-1.94088122059347,0.0544536772888253,0.311843562229833,0.295839924142154,"bio18",0.387710450217771
"OG0000192",-0.260149002755986,0.091810052675793,-2.83355684017136,0.00534424335238397,0.0600155701809207,0.0381554671618723,"bio18",0.131475198701332
"OG0000196",0.25431429004047,0.0786666136343919,3.23281095106512,0.00155637313175371,0.309885587036615,0.293836414642117,"bio18",0.0641932883174154
"OG0000199",0.0339306434275912,0.0909315831729004,0.373144756130269,0.709653161807251,0.0779176868885068,0.0564739121649837,"bio18",0.886179947545015
"OG0000205",0.110722269922761,0.0927932251426669,1.19321501922719,0.234975080997347,0.0397756263587722,0.0174448269717669,"bio18",0.662271130720229
"OG0000206",0.0260175892894607,0.087634165636416,0.296888651823362,0.767029022720964,0.143579412107908,0.123662654249953,"bio18",0.900413293625267
"OG0000210",-0.127739695106696,0.0936093953966731,-1.36460335594942,0.174753400887768,0.0228098802770406,8.45286555763991e-05,"bio18",0.583745353580363
"OG0000217",0.160775824835255,0.0926418538264834,1.7354556088265,0.0850481481042806,0.0429058521645776,0.0206478487265446,"bio18",0.424255981143207
"OG0000220",-0.139915346989481,0.0938870929216309,-1.49025113714268,0.138599268716651,0.0170035018957875,-0.0058568817810547,"bio18",0.517469558179482
"OG0000224",0.253277331558482,0.0870160380545161,2.91069712229144,0.00424953870596409,0.155618328717063,0.135981545663972,"bio18",0.131475198701332
"OG0000228",-0.152949131580265,0.0839018946770732,-1.82295205810245,0.0706262138005289,0.214974574161385,0.196718168909324,"bio18",0.410678354321594
"OG0000242",-0.0861052814076838,0.0927633220669157,-0.928225504317007,0.355024157444968,0.0403944007483682,0.0180779914634465,"bio18",0.786405008474701
"OG0000255",0.0741428628889646,0.0888418700147117,0.834548652304222,0.405514706732459,0.119811744416575,0.0993422501006813,"bio18",0.815459689781727
"OG0000261",0.0674792750108607,0.0884059717701668,0.763288651883041,0.44668492561292,0.128427755770154,0.108158633811321,"bio18",0.815459689781727
"OG0000264",-0.0348538908713397,0.094282380997845,-0.369675548097755,0.71223042046435,0.00870875627954171,-0.0143445284581434,"bio18",0.886179947545015
"OG0000266",-0.159480964926224,0.0885049451975499,-1.80194411250411,0.0738894518183283,0.126475155117493,0.106160623841155,"bio18",0.414308711981341
"OG0000269",-0.250684945775883,0.0779140076739868,-3.21745669693717,0.00163549779152651,0.323027114658347,0.307283559185285,"bio18",0.0641932883174154
"OG0000271",0.103978260899626,0.0938524448942729,1.10789080685922,0.269970397236272,0.0177288967070489,-0.00511461732301965,"bio18",0.662271130720229
"OG0000276",-0.010233765173856,0.0871675934191321,-0.117403323556823,0.906723047567046,0.152674457270883,0.132969212091136,"bio18",0.95166214241207
"OG0000297",-0.0156562788203256,0.0909205320904199,-0.172197395465697,0.86355220299357,0.078141797986881,0.0567032351493666,"bio18",0.945940993756949
"OG0000298",-0.0516353122819057,0.0944876494495232,-0.546476842028863,0.585682163087532,0.00438764511483151,-0.0187661305801725,"bio18",0.863345396096313
"OG0000299",-0.290858696643783,0.0704478689481595,-4.12870823470639,6.50720393377512e-05,0.446553166299019,0.433682309701322,"bio18",0.0102163101760269
"OG0000319",-0.0493982901557756,0.0935939086531652,-0.527793858239567,0.598549092140504,0.0231331863049341,0.000415353428304677,"bio18",0.863345396096313
"OG0000325",0.203553650694479,0.09272419357923,2.19525932593362,0.0299339608054582,0.0412037722972868,0.018906185606526,"bio18",0.27004236851539
"OG0000329",-0.0709679753035584,0.0904657878621978,-0.784473080714894,0.434200760708755,0.0873401899536602,0.0661155432083964,"bio18",0.815459689781727
"OG0000338",-0.0632813208182414,0.0921590632562435,-0.686653255603206,0.493533713405109,0.0528553941223156,0.0308287753809742,"bio18",0.824107074818715
"OG0000343",-0.0706578838423525,0.0905536535198776,-0.78028749913268,0.436651068194397,0.0855664719624491,0.0643005759615758,"bio18",0.815459689781727
"OG0000348",0.136405678851867,0.0886188098177321,1.53924069994193,0.126194911172162,0.124226070479458,0.103859234909213,"bio18",0.495315026350736
"OG0000361",0.0478477289427734,0.0936791074072652,0.510762007314585,0.610390694055355,0.0213538885302505,-0.00140532336439492,"bio18",0.863345396096313
"OG0000367",0.110171685518966,0.0938787163971619,1.173553386189,0.242736166079334,0.0171788982499363,-0.0056774064419256,"bio18",0.662271130720229
"OG0000372",0.0571795530522399,0.0903039379409395,0.63319002865231,0.527730496362203,0.0906028992356783,0.0694541294504615,"bio18",0.83245680288278
"OG0000375",0.164731220876374,0.0898092255024761,1.83423495698482,0.0689235405960584,0.100539514408742,0.0796218286973177,"bio18",0.410678354321594
"OG0000382",-0.0278724983287527,0.0944988020057366,-0.294950811408813,0.768505613667425,0.00415260322078304,-0.0190066385647802,"bio18",0.900413293625267
"OG0000384",0.064315218193091,0.0936342045995246,0.686877391314087,0.493392918479853,0.0222918442317963,-0.000445554739557208,"bio18",0.824107074818715
"OG0000385",-0.085552141897877,0.0942365718934972,-0.90784437696402,0.365653284195243,0.00967180222289306,-0.0133590860975048,"bio18",0.786405008474701
"OG0000386",0.0256193585774623,0.0928146923227898,0.276026973061157,0.782969058650598,0.0393312901706248,0.0169901573838952,"bio18",0.910564016356621
"OG0000388",0.146618419548207,0.092520415358577,1.5847142382572,0.115479722189839,0.0454133984643166,0.02321371005651,"bio18",0.464879907277046
"OG0000402",-0.0157488343828219,0.094292263636668,-0.167021490156458,0.867614669433125,0.00850093194029939,-0.0145571859215541,"bio18",0.945940993756949
"OG0000434",0.108641547546318,0.0936107006795292,1.16056761414751,0.247961042362412,0.0227826283458022,5.66429584952788e-05,"bio18",0.662271130720229
"OG0000440",0.0751695914584085,0.0941256830406891,0.798608722190242,0.425985164933687,0.0120010836197005,-0.0109756353658879,"bio18",0.815459689781727
"OG0000442",0.132882770215028,0.0908499183961086,1.46266251594916,0.145991853838264,0.0795731696111627,0.0581678944858408,"bio18",0.52092547846835
"OG0000445",0.029288420782436,0.0896753730663103,0.32660495051165,0.744496004753152,0.103218643589675,0.0823632632080395,"bio18",0.899122098048038
"OG0000448",0.158178861985217,0.0923577526661855,1.71267551904314,0.089174824061948,0.0487670178562232,0.0266453205970656,"bio18",0.424255981143207
"OG0000452",0.133871643271901,0.0935491187157841,1.43103051220208,0.154839545342411,0.0240679337627429,0.00137183919908568,"bio18",0.528474100407793
"OG0000473",0.0554475502839935,0.079719274298784,0.695535060645168,0.487971136734682,0.291292775591757,0.274811212233426,"bio18",0.824107074818715
"OG0000500",-0.0276253427371366,0.0931500111288286,-0.296568324602025,0.767273046013905,0.0323773873093468,0.00987453585142462,"bio18",0.900413293625267
"OG0000501",-0.0361917966104162,0.0945764234115696,-0.382672502352091,0.70259238962798,0.00251595132555041,-0.0206813521319951,"bio18",0.886179947545015
"OG0000503",0.0222654774175583,0.0869857814755599,0.255966860788785,0.798384146309418,0.15620543103931,0.136582301528596,"bio18",0.914936576427581
"OG0000504",-0.166942763892821,0.0827006195607789,-2.01863982131512,0.0455977874984868,0.237293033875999,0.21955566257079,"bio18",0.351015952628636
"OG0000510",0.0284996541092405,0.0658308065102242,0.432922754862713,0.66579384470032,0.516720316502855,0.505481254095945,"bio18",0.886179947545015
"OG0000513",-0.0950714331816694,0.0853713277795188,-1.11362252004797,0.267511858179403,0.187236374633602,0.168334894973918,"bio18",0.662271130720229
"OG0000534",0.200800054945331,0.092047530009721,2.18148227251861,0.0309602715495352,0.0551465239606988,0.033173187308622,"bio18",0.27004236851539
"OG0000535",0.0348084575968375,0.0934613594027625,0.372436885353163,0.710178764064804,0.0258981370970682,0.00324460540165106,"bio18",0.886179947545015
"OG0000546",0.048076632822351,0.0931089095993021,0.516348360530166,0.606495122614075,0.0332311069100859,0.0107481093963669,"bio18",0.863345396096313
"OG0000589",0.0610242748938483,0.0778934646638574,0.78343254029325,0.434809158172287,0.323384052463759,0.307648797869893,"bio18",0.815459689781727
"OG0000594",0.0578712837002767,0.0874208433323613,0.661984962559312,0.509161695907104,0.147743798268787,0.12792388660062,"bio18",0.824107074818715
"OG0000598",-0.0342420033053224,0.0942077117668157,-0.363473463723211,0.716846199606477,0.0102782890714215,-0.0127384949036617,"bio18",0.886179947545015
"OG0000601",-0.0185050510989167,0.0871343262697717,-0.21237383579032,0.832150606597615,0.15332109039094,0.133630883190729,"bio18",0.926579044225713
"OG0000618",-0.0129353633761951,0.0944249308491029,-0.136990975369277,0.891251503921712,0.00570893291518702,-0.0174141151565528,"bio18",0.95166214241207
"OG0000620",0.124536562008944,0.0706603926932483,1.76246631616646,0.0803589241501351,0.443208905879461,0.430260275783634,"bio18",0.420545036385707
"OG0000639",0.222462431143397,0.0914168354303527,2.4334952101124,0.0163235658468239,0.068050127418446,0.0463768745677121,"bio18",0.232981803450123
"OG0000679",-0.00833882363772941,0.0913470885120045,-0.0912872404973647,0.927405957661542,0.0694716562886617,0.0478314622488631,"bio18",0.95166214241207
"OG0000692",-0.0579437996364253,0.0920680063804988,-0.629358687283345,0.530227262982663,0.0547261037270451,0.0327429898602322,"bio18",0.83245680288278
"OG0000725",-0.00228390998017407,0.0944452397355384,-0.0241823726274546,0.980744505855421,0.00528118325776063,-0.017851812480431,"bio18",0.989563002033646
"OG0000728",0.169791906770852,0.0930001427299182,1.82571662566094,0.0702058244778615,0.0354884850387785,0.013057984690843,"bio18",0.410678354321594
"OG0000731",0.108878336613424,0.0897103520888292,1.21366524685596,0.227093005546323,0.102518905143409,0.0816472517746509,"bio18",0.662271130720229
"OG0000736",-0.130835324779817,0.0860414102149283,-1.52060879119711,0.130805385609824,0.174427484137734,0.155228123303727,"bio18",0.500888915627864
"OG0000739",0.0507442236913753,0.0910053481747561,0.557596061210951,0.578086556718213,0.0764210673530457,0.0549424875240467,"bio18",0.863345396096313
"OG0000761",0.211952336043639,0.0914709370282344,2.31715496669959,0.0220707931520364,0.0669467224144647,0.0452478089822429,"bio18",0.263623390724728
"OG0000817",0.126318108517541,0.0792714653003636,1.59348774541905,0.113498136679079,0.299232489111876,0.282935570254013,"bio18",0.464879907277046
"OG0000822",0.0742248997876657,0.0943191909157471,0.786954373410274,0.432751974119399,0.00793456131257466,-0.015136727959226,"bio18",0.815459689781727
"OG0000862",-0.0473687301401987,0.0784878967902784,-0.603516364653893,0.547224964254654,0.313017664709015,0.297041331330155,"bio18",0.849837032801506
"OG0000887",-0.00816244053352189,0.0931705622343332,-0.0876075053941667,0.930324486255017,0.0319503791363681,0.0094375972558185,"bio18",0.95166214241207
"OG0000893",0.00833827147524526,0.0917889437185176,0.0908417848321212,0.927759212605909,0.0604477627250821,0.0385977106954328,"bio18",0.95166214241207
"OG0000907",-0.00195152063880608,0.092829336580747,-0.0210226713955729,0.983260052976107,0.039028118552223,0.0166799352627398,"bio18",0.989563002033646
"OG0000913",0.0181235640993781,0.0941103945078668,0.192577708277093,0.847592550272931,0.0123220125445361,-0.010647242977684,"bio18",0.937126974597536
"OG0000949",0.0358247373567658,0.089040008255074,0.402344272634592,0.688096583223068,0.115881313248567,0.0953204135566729,"bio18",0.886179947545015
"OG0000962",0.0323005264548488,0.0940931629523711,0.343282396311823,0.73194483702404,0.0126836658993326,-0.0102771790797527,"bio18",0.897776089162299
"OG0001019",0.0738558827969742,0.0944663262131347,0.781822325029776,0.435751621753443,0.00483695848528953,-0.0183063680615643,"bio18",0.815459689781727
"OG0001038",-0.0565138951812705,0.0817690408896161,-0.691140492372428,0.490719121648334,0.254379235196962,0.237039217410845,"bio18",0.824107074818715
"OG0001079",-0.180251109388485,0.0885517484671894,-2.03554545797899,0.0438440195875544,0.125551034349536,0.105215011892549,"bio18",0.351015952628636
"OG0001115",0.105996420987064,0.0935328963791515,1.13325284568746,0.259209881980988,0.0244063768399808,0.00171815304556178,"bio18",0.662271130720229
"OG0001127",-0.0206549638966103,0.0910903131790137,-0.226752584064768,0.820975067086164,0.0746957067838918,0.0531770022904939,"bio18",0.926579044225713
"OG0001135",-0.0699836983311632,0.0940803535999122,-0.74387154866336,0.458306970674626,0.0129524637944223,-0.0100021300708237,"bio18",0.824107074818715
"OG0001136",0.123817177410686,0.0741815980887524,1.66910905939973,0.0975209388275719,0.386333300702231,0.372061982113911,"bio18",0.42859353300511
"OG0001139",-0.180519119113144,0.0899909990368559,-2.00596860847397,0.0469511783770787,0.0968948204395754,0.0758923744032864,"bio18",0.351015952628636
"OG0001196",-0.0336804654678491,0.0835940446261901,-0.402905082753909,0.68768499528658,0.220724784075605,0.202602104635503,"bio18",0.886179947545015
"OG0001202",0.120546585235806,0.0937603634948477,1.28568811747867,0.200855103720245,0.0196554214101274,-0.00314328971986955,"bio18",0.643556148654664
"OG0001349",0.0470273605071253,0.0939374752543474,0.50062406275869,0.617488788881873,0.0159482142415832,-0.00693671100861248,"bio18",0.865586962986198
"OG0001363",-0.085552141897877,0.0942365718934972,-0.90784437696402,0.365653284195243,0.00967180222289306,-0.0133590860975048,"bio18",0.786405008474701
"OG0001395",-0.0957053524862662,0.0935149224968735,-1.02342332037399,0.308023105873206,0.0247812934901372,0.00210178868758226,"bio18",0.721785486896916
"OG0001398",-0.0488400675917064,0.0906372123279083,-0.538852269805169,0.590917496251994,0.0838780976997943,0.0625729371811848,"bio18",0.863345396096313
"OG0001408",-0.00779692870332722,0.0932273965684834,-0.0836334488607082,0.933477515486999,0.0307689923330413,0.00822873634078647,"bio18",0.95166214241207
"OG0001688",0.00990751899470458,0.0915732209649276,0.108192317473458,0.914011240086885,0.0648588522222404,0.0431113836692693,"bio18",0.95166214241207
"OG0001769",0.0634428083445671,0.0931664149507933,0.680962215601781,0.497115923944128,0.0320365584360885,0.00952578072529986,"bio18",0.824107074818715
"OG0001820",0.228316165933155,0.0828436882218731,2.75598746064607,0.00669937318223347,0.234651848087614,0.216853053857093,"bio18",0.131475198701332
"OG0001885",0.210280703905128,0.0923761487085839,2.27635279068078,0.0244725720684176,0.0483880423072525,0.0262575316632351,"bio18",0.263623390724728
"OG0001893",0.173391529931232,0.0927464046327498,1.86952292779235,0.063817183749085,0.0407443792499867,0.0184361089999864,"bio18",0.410678354321594
"OG0001918",0.252974948936835,0.0911235338139453,2.77617579508446,0.00631944709883912,0.074020666807747,0.0524862637102527,"bio18",0.131475198701332
"OG0001927",-0.0561394065624466,0.0941708279929828,-0.596144344898719,0.552123422584418,0.0110531200271407,-0.011945644623391,"bio18",0.849837032801506
"OG0001929",-0.0361536979786586,0.0906392906492047,-0.398874458523533,0.690645212217112,0.083836083665158,0.0625299460759756,"bio18",0.886179947545015
"OG0002370",-0.2354110023373,0.0905635684086033,-2.5994006914036,0.010426691079359,0.0853662149285373,0.0640956617873405,"bio18",0.181887833273262
"OG0002742",-0.00100221361900452,0.0833163134696397,-0.0120290202154674,0.990421045418587,0.22589427858414,0.207891819946562,"bio18",0.990421045418587
"OG0002829",0.136051109423854,0.093913493416471,1.44868542820059,0.149851853478819,0.0164505985757334,-0.00642264331785425,"bio18",0.522816466581658
"OG0002883",0.0214757618648614,0.0869608566958171,0.246958950047859,0.805332582169869,0.156688921105621,0.137077035549937,"bio18",0.916211705801952
"OG0002891",-0.0586035196416462,0.0873639593563067,-0.67079743264195,0.503548831974543,0.148852548696247,0.129058421921741,"bio18",0.824107074818715
"OG0002892",-0.0120066426028268,0.0872404620313623,-0.13762699466803,0.890749804935222,0.151257204792038,0.131519000252317,"bio18",0.95166214241207
"OG0002893",-0.127532358031203,0.0862613679121057,-1.47844117381897,0.141727331221132,0.170201074083386,0.150903424643465,"bio18",0.517469558179482
"OG0002919",-0.104504564259774,0.0937755714769529,-1.11441138255775,0.267174709356659,0.0193373707673731,-0.00346873688919969,"bio18",0.662271130720229
"OG0003687",0.0838683324165403,0.0941126431885966,0.891148410830123,0.374508671776216,0.0122748126788226,-0.0106955405146931,"bio18",0.794565695525215
"OG0003730",-0.076387782648671,0.094042844218725,-0.812265763368537,0.418135558383846,0.0137393690369156,-0.00919692470641187,"bio18",0.815459689781727
"OG0003808",0.084361363195231,0.0886462741376235,0.951662819626912,0.343047693632491,0.12368315498497,0.103303693472992,"bio18",0.780557795656537
"OG0003820",0.0312544249562226,0.0937168779556925,0.333498358438691,0.739299592776992,0.020564567343467,-0.00221300085784781,"bio18",0.899122098048038
"OG0000009",-0.174342869335415,0.0886892278186011,-1.96577277335195,0.0514727896265171,0.0436992442678982,0.0214596918090121,"cec_0.5cm_Q0.5_250m",0.734657088305744
"OG0000012",0.125155503994099,0.086915733675139,1.43996372925858,0.152300105413623,0.0815626166265504,0.0602036077108887,"cec_0.5cm_Q0.5_250m",0.824521260342717
"OG0000015",0.0449675515898982,0.0902281987697899,0.498375809370077,0.61906784683695,0.0102230702329826,-0.0127949979011341,"cec_0.5cm_Q0.5_250m",0.997661431678953
"OG0000016",0.106180758596155,0.0807061939938675,1.31564571864488,0.190626410316263,0.208107033567361,0.189690918068927,"cec_0.5cm_Q0.5_250m",0.88024548293098
"OG0000022",-0.158205494492344,0.0884102558639024,-1.78944730955064,0.0758891021932152,0.0497058702745488,0.0276060067925615,"cec_0.5cm_Q0.5_250m",0.769535108614911
"OG0000024",0.0776979026456894,0.0891161224088172,0.871872569693427,0.384897721186939,0.0344710181422309,0.0120168557734455,"cec_0.5cm_Q0.5_250m",0.997661431678953
"OG0000027",0.0379997683831176,0.0789791353989959,0.481136798866511,0.631234368540718,0.241636361037458,0.223999997340655,"cec_0.5cm_Q0.5_250m",0.997661431678953
"OG0000029",-0.0827944658057482,0.0869156969211328,-0.952583580856239,0.342582578046624,0.0815633933845627,0.0602044025330408,"cec_0.5cm_Q0.5_250m",0.997661431678953
"OG0000030",0.0678278185835564,0.0885729279778864,0.76578498794226,0.445203157464028,0.0462056299344752,0.0240243655143468,"cec_0.5cm_Q0.5_250m",0.997661431678953
"OG0000039",0.0510901805173799,0.0894963652726994,0.570863189378762,0.569085506533764,0.0262139542870765,0.00356776717747365,"cec_0.5cm_Q0.5_250m",0.997661431678953
"OG0000040",0.138596725155877,0.0897311186305191,1.54457814937725,0.124898022221588,0.0210986770969392,-0.00166646994731812,"cec_0.5cm_Q0.5_250m",0.769535108614911
"OG0000042",0.000261523238673148,0.0890549385768266,0.00293665059852391,0.997661431678953,0.0357963559630125,0.0133730154040127,"cec_0.5cm_Q0.5_250m",0.997661431678953
"OG0000045",0.0548508324674472,0.0555443010679664,0.987515035976947,0.325238831273823,0.624913214371224,0.616190265868229,"cec_0.5cm_Q0.5_250m",0.997661431678953
"OG0000046",0.00369316934085765,0.0905212809613442,0.0407989071921636,0.967519288025906,0.00378257537441261,-0.0193852717099035,"cec_0.5cm_Q0.5_250m",0.997661431678953
"OG0000047",-0.00601125982964635,0.0828856426915076,-0.0725247417338571,0.942296643766527,0.164759835470031,0.145335645597241,"cec_0.5cm_Q0.5_250m",0.997661431678953
"OG0000049",-0.0142833717532112,0.0892608696803172,-0.160018290258276,0.873116958682837,0.0313319411059076,0.00880477694557991,"cec_0.5cm_Q0.5_250m",0.997661431678953
"OG0000054",-0.0204809656394053,0.0886868920845208,-0.23093565642019,0.817730657029046,0.0437496141923622,0.0215112331270683,"cec_0.5cm_Q0.5_250m",0.997661431678953
"OG0000060",0.0880823050697161,0.0833816090019624,1.05637569392122,0.292770923171884,0.154734206065996,0.135076862021019,"cec_0.5cm_Q0.5_250m",0.957604894541372
"OG0000065",0.0950130140648093,0.0830647458479251,1.14384283121457,0.254806948948426,0.161146283834946,0.141638057877619,"cec_0.5cm_Q0.5_250m",0.909197522384155
"OG0000074",0.139831063763117,0.0891734217662669,1.56808005113485,0.11931219310237,0.0332289987460987,0.0107459522053102,"cec_0.5cm_Q0.5_250m",0.769535108614911
"OG0000075",-0.0413222715995583,0.0904289849170547,-0.456958259981142,0.648469606331335,0.00581303830529554,-0.0173075887108605,"cec_0.5cm_Q0.5_250m",0.997661431678953
"OG0000077",0.164889600638184,0.0877302228767483,1.87950737193311,0.0624311162760568,0.0642685703136946,0.0425073742744781,"cec_0.5cm_Q0.5_250m",0.769535108614911
"OG0000083",-0.124357863183966,0.07585983972173,-1.63931091391884,0.103585057922126,0.300356839152904,0.284086067970413,"cec_0.5cm_Q0.5_250m",0.769535108614911
"OG0000087",-0.0219363270475108,0.0836627351593561,-0.262199496654367,0.793585878026265,0.149024867681553,0.12923474832531,"cec_0.5cm_Q0.5_250m",0.997661431678953
"OG0000090",-0.107890395663053,0.0724306880291625,-1.48956745543566,0.138778873548078,0.362180235438539,0.347347217658039,"cec_0.5cm_Q0.5_250m",0.798122058754355
"OG0000093",-0.0180581028629791,0.0872855212664626,-0.206885433013018,0.836425537357717,0.0737309108264802,0.0521897692177936,"cec_0.5cm_Q0.5_250m",0.997661431678953
"OG0000095",0.15029838765026,0.0889388055149902,1.68990787294673,0.093460837008605,0.0383094767734858,0.0159445808844971,"cec_0.5cm_Q0.5_250m",0.769535108614911
"OG0000096",0.100693053876191,0.0776266431959927,1.29714553831679,0.196896248476073,0.267387432541094,0.250349930972282,"cec_0.5cm_Q0.5_250m",0.883220314592669
"OG0000100",-0.0778678442637218,0.0901820292955437,-0.86345189692432,0.389491603434992,0.0112357423125683,-0.0117587753080697,"cec_0.5cm_Q0.5_250m",0.997661431678953
"OG0000103",-0.0785937340487435,0.0886839679569739,-0.886222570542561,0.377146712535252,0.0438126709064269,0.0215757562763437,"cec_0.5cm_Q0.5_250m",0.997661431678953
"OG0000106",0.1361474953059,0.0756348018484919,1.80006415008033,0.074187456020603,0.304501658804095,0.288327278776283,"cec_0.5cm_Q0.5_250m",0.769535108614911
"OG0000107",-0.0619259207886508,0.0859888122196856,-0.720162532661126,0.472727794034742,0.101047692359704,0.0801418247401624,"cec_0.5cm_Q0.5_250m",0.997661431678953
"OG0000118",0.164456372359077,0.0807908420076493,2.03558185893775,0.0438403064563959,0.206445021855991,0.18799025492241,"cec_0.5cm_Q0.5_250m",0.688292811365416
"OG0000126",-0.0374038346568992,0.0902678798268219,-0.414364829756256,0.679295145004099,0.00935229963776062,-0.0136860189753147,"cec_0.5cm_Q0.5_250m",0.997661431678953
"OG0000141",0.0969294407510056,0.0858635557032603,1.12887755412772,0.261044445610993,0.103664721758214,0.0828197152874742,"cec_0.5cm_Q0.5_250m",0.910755065798354
"OG0000142",-0.0203926297929503,0.0900964897163462,-0.226342112297084,0.821293598847034,0.0131105807242265,-0.00984033600311718,"cec_0.5cm_Q0.5_250m",0.997661431678953
"OG0000147",0.0457821443259924,0.0817878537238195,0.559767034364163,0.576609038635233,0.18673819737189,0.167825132194492,"cec_0.5cm_Q0.5_250m",0.997661431678953
"OG0000150",0.00356468579245059,0.0800177887755555,0.0445486665777443,0.964535945905081,0.221558746514917,0.203455461550148,"cec_0.5cm_Q0.5_250m",0.997661431678953
"OG0000159",0.0246905192738848,0.0899416440513434,0.274517099774051,0.784126401218772,0.0164999298440682,-0.00637216481072089,"cec_0.5cm_Q0.5_250m",0.997661431678953
"OG0000164",0.0381839510057309,0.0901609812370061,0.423508600747776,0.672629501214492,0.0116972342412258,-0.0112865510089784,"cec_0.5cm_Q0.5_250m",0.997661431678953
"OG0000170",0.0957535551692368,0.0885275757058706,1.08162405223175,0.281437435626453,0.0471821284710731,0.0250235733192377,"cec_0.5cm_Q0.5_250m",0.957604894541372
"OG0000182",-0.0309366720343529,0.087187479713325,-0.35482929585846,0.72329691137003,0.0758105652073994,0.0543177876540831,"cec_0.5cm_Q0.5_250m",0.997661431678953
"OG0000184",-0.11458592382561,0.0844465534013792,-1.35690468361659,0.177181116455148,0.133004966657456,0.112842291463443,"cec_0.5cm_Q0.5_250m",0.842952584347221
"OG0000185",0.204044224852093,0.0825939361266087,2.47045042797467,0.0147995775857599,0.170628555091449,0.15134084707032,"cec_0.5cm_Q0.5_250m",0.478413950458255
"OG0000186",-0.0916206233242561,0.0758976325239115,-1.20716049074905,0.229579160944581,0.299659551572418,0.283372564399683,"cec_0.5cm_Q0.5_250m",0.909197522384155
"OG0000192",-0.0328830120493575,0.0905781979618737,-0.363034513704927,0.71717327870484,0.00252939969619807,-0.0206675910085417,"cec_0.5cm_Q0.5_250m",0.997661431678953
"OG0000196",-0.00737897796764643,0.0783312939802649,-0.0942021712229792,0.92509472177294,0.254026579919939,0.23667836084831,"cec_0.5cm_Q0.5_250m",0.997661431678953
"OG0000199",0.0713890541336017,0.0869080222317554,0.82143227173241,0.412915622338685,0.0817255828328689,0.0603703638289821,"cec_0.5cm_Q0.5_250m",0.997661431678953
"OG0000205",0.0329171123951604,0.0893130581357366,0.368558787284313,0.713060766626378,0.0301989010947479,0.0076453871667187,"cec_0.5cm_Q0.5_250m",0.997661431678953
"OG0000206",0.234817717224171,0.0813733345230608,2.88568384963535,0.00457963394477862,0.194960893918583,0.176239054242271,"cec_0.5cm_Q0.5_250m",0.478413950458255
"OG0000210",-0.0364214843035839,0.0902404562247216,-0.403604833433966,0.687171567804396,0.00995413058113576,-0.013070191963489,"cec_0.5cm_Q0.5_250m",0.997661431678953
"OG0000217",-0.123082181429299,0.0890991944381475,-1.3814062203979,0.169542116244717,0.0348377956342664,0.0123921629745981,"cec_0.5cm_Q0.5_250m",0.842952584347221
"OG0000220",0.203137825693437,0.0889082130473485,2.28480383004948,0.0239570905396177,0.0389709524056237,0.0166214396708707,"cec_0.5cm_Q0.5_250m",0.537323316388569
"OG0000224",0.0253041844498957,0.086002260786408,0.294226968204246,0.769057384328626,0.100766479834962,0.0798540723892635,"cec_0.5cm_Q0.5_250m",0.997661431678953
"OG0000228",-0.183087042017346,0.0797714810789144,-2.29514407330893,0.0233393519718786,0.226343706902456,0.208351700086234,"cec_0.5cm_Q0.5_250m",0.537323316388569
"OG0000242",0.218540801766901,0.087037042620677,2.51089415709287,0.0132782606811125,0.078997087534092,0.0575784151511638,"cec_0.5cm_Q0.5_250m",0.478413950458255
"OG0000255",0.0573131854008906,0.0851666675460209,0.672953246291111,0.502180793514898,0.118155399507539,0.0976473855425981,"cec_0.5cm_Q0.5_250m",0.997661431678953
"OG0000261",-0.055244298928433,0.0847206449245547,-0.652075996088427,0.515512324750666,0.127367752775807,0.107073979584546,"cec_0.5cm_Q0.5_250m",0.997661431678953
"OG0000264",-0.095194231267982,0.0899553975233388,-1.05823812565871,0.291924470941726,0.0161991220253094,-0.0066799681601486,"cec_0.5cm_Q0.5_250m",0.957604894541372
"OG0000266",0.135699131142955,0.0849884230070905,1.59667783377548,0.112784375882669,0.121842745843525,0.101420484118956,"cec_0.5cm_Q0.5_250m",0.769535108614911
"OG0000269",0.120248189408428,0.0768309801992076,1.5651002902299,0.120009252663689,0.282328831455006,0.265638804279541,"cec_0.5cm_Q0.5_250m",0.769535108614911
"OG0000271",-0.00788517319273718,0.0903093761798999,-0.0873128962493284,0.930558192753066,0.00844128421097585,-0.0146182208073735,"cec_0.5cm_Q0.5_250m",0.997661431678953
"OG0000276",-0.0225301210054311,0.0834640302240001,-0.269938091234811,0.787639230998419,0.153062320065694,0.133366094950943,"cec_0.5cm_Q0.5_250m",0.997661431678953
"OG0000297",0.00131176097332601,0.0870873773800403,0.0150625844156682,0.988005521825507,0.0779315213463217,0.0564880683543756,"cec_0.5cm_Q0.5_250m",0.997661431678953
"OG0000298",0.148344419661484,0.0896520705918153,1.65466808164302,0.100422944427153,0.022822630771839,9.75756735096533e-05,"cec_0.5cm_Q0.5_250m",0.769535108614911
"OG0000299",0.0993314362004436,0.0712549581838551,1.39402841194776,0.165705614034378,0.382718969886801,0.368363597093471,"cec_0.5cm_Q0.5_250m",0.842952584347221
"OG0000319",-0.0400792651497128,0.0896651434580589,-0.446988245420696,0.655633109637389,0.0225376303176352,-0.000194052698233804,"cec_0.5cm_Q0.5_250m",0.997661431678953
"OG0000325",-0.138893146207883,0.0896179410869923,-1.54983638904468,0.123630682337856,0.0235664893670961,0.000858733305865722,"cec_0.5cm_Q0.5_250m",0.769535108614911
"OG0000329",-0.208767327231915,0.0848809495194219,-2.45953100682676,0.015236113071919,0.124062317532938,0.103691673754635,"cec_0.5cm_Q0.5_250m",0.478413950458255
"OG0000338",-0.0577126890042125,0.0882786613529482,-0.653755824110999,0.514432807163338,0.0525327012099536,0.0304985779822781,"cec_0.5cm_Q0.5_250m",0.997661431678953
"OG0000343",0.106392420037176,0.0864243284467897,1.2310471131133,0.220544985735915,0.0919186030489392,0.0708004310268214,"cec_0.5cm_Q0.5_250m",0.909197522384155
"OG0000348",-0.0277607546293675,0.0856139908623684,-0.324254883457019,0.746270247004845,0.108867597021192,0.088143587649592,"cec_0.5cm_Q0.5_250m",0.997661431678953
"OG0000361",-0.102640232188339,0.0893542746946144,-1.14868854947491,0.252809920724608,0.0293035989268912,0.00672926401821428,"cec_0.5cm_Q0.5_250m",0.909197522384155
"OG0000367",0.0867020733067688,0.0900663464923073,0.962646723037379,0.337525864814354,0.0137708295889869,-0.00916473251359484,"cec_0.5cm_Q0.5_250m",0.997661431678953
"OG0000372",0.0307294643267979,0.0865789466248598,0.354929986154098,0.723221655557288,0.0886664750697735,0.0674726721644194,"cec_0.5cm_Q0.5_250m",0.997661431678953
"OG0000375",-0.0587280199605494,0.086973970474738,-0.675236736232563,0.500733906231683,0.0803314293448975,0.0589437881668717,"cec_0.5cm_Q0.5_250m",0.997661431678953
"OG0000382",0.069206798685423,0.0903296970039763,0.766157764067077,0.444982129590122,0.00799500591722292,-0.0150748776660976,"cec_0.5cm_Q0.5_250m",0.997661431678953
"OG0000384",0.0693618289446701,0.0896324526893019,0.773847271424146,0.440436978998977,0.0232502410391209,0.000535130365612035,"cec_0.5cm_Q0.5_250m",0.997661431678953
"OG0000385",-0.0568057810477845,0.0904029319713464,-0.628362153849051,0.53087766628525,0.00638581412046218,-0.0167214925278993,"cec_0.5cm_Q0.5_250m",0.997661431678953
"OG0000386",0.0130643936424146,0.0889103501576044,0.146938951643497,0.883409601933686,0.038924750831045,0.0165741636410693,"cec_0.5cm_Q0.5_250m",0.997661431678953
"OG0000388",-0.00432073855074023,0.0894672477272424,-0.0482940814711638,0.961556561582764,0.0268474916793828,0.0042160379975078,"cec_0.5cm_Q0.5_250m",0.997661431678953
"OG0000402",0.0169291015584778,0.0903041235244196,0.187467647077045,0.851588532001276,0.0085566247232732,-0.014500197957581,"cec_0.5cm_Q0.5_250m",0.997661431678953
"OG0000434",-0.104684255286481,0.0896481766011331,-1.16772319589106,0.245072199099892,0.0229075153017495,0.000184434262255229,"cec_0.5cm_Q0.5_250m",0.909197522384155
"OG0000440",0.0472326212982841,0.0902739540468351,0.523214273673881,0.601722732913902,0.0092189717129616,-0.0138224475495277,"cec_0.5cm_Q0.5_250m",0.997661431678953
"OG0000442",0.0132069980147864,0.0877206450346399,0.150557465800339,0.880559981471987,0.0644728738791477,0.0427164290856394,"cec_0.5cm_Q0.5_250m",0.997661431678953
"OG0000445",-0.0426584217721071,0.0858382910080229,-0.49696261739554,0.620061312205895,0.104192123769392,0.083359382461703,"cec_0.5cm_Q0.5_250m",0.997661431678953
"OG0000448",0.0242279965120658,0.0894284792310767,0.270920368101781,0.786885296980136,0.0276906937685318,0.00507884943756742,"cec_0.5cm_Q0.5_250m",0.997661431678953
"OG0000452",0.0256594950927355,0.0902750124542741,0.284236959875607,0.776684533424459,0.00919573896174112,-0.0138462205972882,"cec_0.5cm_Q0.5_250m",0.997661431678953
"OG0000473",-0.0305921692478867,0.0764452410626634,-0.400184090240618,0.689682849840145,0.289517049473224,0.272994190158648,"cec_0.5cm_Q0.5_250m",0.997661431678953
"OG0000500",-0.0491959726252764,0.0891379193897263,-0.551908469056622,0.58196592974027,0.0339986414274996,0.0115334935537205,"cec_0.5cm_Q0.5_250m",0.997661431678953
"OG0000501",0.000669510186188792,0.090630186451205,0.00738727583385536,0.994117272265416,0.00138404964920884,-0.0218395771031352,"cec_0.5cm_Q0.5_250m",0.997661431678953
"OG0000503",-0.143232737402523,0.0823703879343696,-1.73888627933435,0.0844404260149395,0.175112021762683,0.155928580408327,"cec_0.5cm_Q0.5_250m",0.769535108614911
"OG0000504",-0.0171160335353158,0.0804321164416125,-0.212800984140965,0.831818108489717,0.213476424490596,0.195185178548517,"cec_0.5cm_Q0.5_250m",0.997661431678953
"OG0000510",0.00957500576071319,0.0630883811336497,0.151771302237555,0.879604420121267,0.516104572348233,0.50485119030982,"cec_0.5cm_Q0.5_250m",0.997661431678953
"OG0000513",-0.0589343335325851,0.0819908494061847,-0.718791596372211,0.473569315713026,0.182696191126493,0.163689125803853,"cec_0.5cm_Q0.5_250m",0.997661431678953
"OG0000534",0.110016417749761,0.0892440183904371,1.23275957015344,0.219907365328877,0.0316976504139773,0.00917899112127907,"cec_0.5cm_Q0.5_250m",0.909197522384155
"OG0000535",0.105701126136207,0.0890741376845793,1.18666460191292,0.237540754104616,0.0353805711584313,0.0129475611853715,"cec_0.5cm_Q0.5_250m",0.909197522384155
"OG0000546",0.0311934065209459,0.0892231685408416,0.349611059897153,0.727200704797433,0.0321500415180264,0.00964190294867817,"cec_0.5cm_Q0.5_250m",0.997661431678953
"OG0000589",-0.114552160540024,0.074094993967991,-1.54601754322984,0.124550085405867,0.332531944346598,0.317009431424426,"cec_0.5cm_Q0.5_250m",0.769535108614911
"OG0000594",0.019384525176194,0.0838504084573263,0.231179853894919,0.817541353312065,0.145202749369354,0.125323743540734,"cec_0.5cm_Q0.5_250m",0.997661431678953
"OG0000598",-0.0844921884757853,0.0899648278190275,-0.939169123357287,0.349399106740639,0.0159928415856809,-0.00689104581930322,"cec_0.5cm_Q0.5_250m",0.997661431678953
"OG0000601",0.00174638935667217,0.0834657243509143,0.0209234313875938,0.98333906422885,0.153027937961781,0.133330913263218,"cec_0.5cm_Q0.5_250m",0.997661431678953
"OG0000618",-0.0319023743344635,0.0903966687793703,-0.352915375812433,0.724727887024823,0.00652348622216373,-0.016580618749414,"cec_0.5cm_Q0.5_250m",0.997661431678953
"OG0000620",-0.000992491324534083,0.0684835554725448,-0.0144924035804767,0.988459529544631,0.429802444902567,0.416542036644488,"cec_0.5cm_Q0.5_250m",0.997661431678953
"OG0000639",0.0180398719062953,0.0895257420412182,0.201504857653005,0.840621231463228,0.0255745678232575,0.0029135112610077,"cec_0.5cm_Q0.5_250m",0.997661431678953
"OG0000679",-0.133013969100412,0.0867014250288785,-1.53416127884989,0.127438935184635,0.0860862259359564,0.0648324172367926,"cec_0.5cm_Q0.5_250m",0.769535108614911
"OG0000692",0.0258034736045971,0.0882824598120469,0.292283129168949,0.770539717461498,0.0524511641056521,0.0304151446662486,"cec_0.5cm_Q0.5_250m",0.997661431678953
"OG0000725",0.0083771815489943,0.0904503676939205,0.0926163349312439,0.926352046410588,0.00534281315863711,-0.0177887493260458,"cec_0.5cm_Q0.5_250m",0.997661431678953
"OG0000728",0.0554335596443849,0.0900804260393974,0.615378524299392,0.539388900148263,0.0134624625702394,-0.00948027085835967,"cec_0.5cm_Q0.5_250m",0.997661431678953
"OG0000731",-0.175112167015742,0.0850209277539363,-2.05963604069981,0.0414446506403194,0.121170895801789,0.100733009657645,"cec_0.5cm_Q0.5_250m",0.688292811365416
"OG0000736",-0.0282387626168968,0.0831026214486609,-0.339805918569514,0.734555327399867,0.160381113683082,0.14085509307106,"cec_0.5cm_Q0.5_250m",0.997661431678953
"OG0000739",0.0514141508467747,0.0871461576074126,0.589976107476728,0.556238676258715,0.0766863882951856,0.055213978720655,"cec_0.5cm_Q0.5_250m",0.997661431678953
"OG0000761",0.0191036931129307,0.0893933073720478,0.213703840640135,0.831115412921534,0.0284553540018762,0.00586129246703604,"cec_0.5cm_Q0.5_250m",0.997661431678953
"OG0000817",-0.0922074877882062,0.0762332670339129,-1.20954396126283,0.228665920392767,0.293451764765717,0.277020410457943,"cec_0.5cm_Q0.5_250m",0.909197522384155
"OG0000822",-0.0278005123203241,0.090515932387831,-0.307133910980534,0.759236699326081,0.00390029763061558,-0.0192648117268119,"cec_0.5cm_Q0.5_250m",0.997661431678953
"OG0000862",0.110192514019144,0.0746485408054392,1.47615094454888,0.142340239777847,0.32252168744166,0.30676637784728,"cec_0.5cm_Q0.5_250m",0.798122058754355
"OG0000887",-0.0344620006464775,0.089183425465857,-0.386417100110949,0.699824413120441,0.0330120769559063,0.0105239857223226,"cec_0.5cm_Q0.5_250m",0.997661431678953
"OG0000893",-0.020994580530384,0.0878925281016132,-0.238866499619991,0.811588165982466,0.0608030693175907,0.0389612802319532,"cec_0.5cm_Q0.5_250m",0.997661431678953
"OG0000907",-0.0311017575240567,0.0888635393384716,-0.349994584455988,0.72691354229141,0.0399364862796865,0.0176094278210746,"cec_0.5cm_Q0.5_250m",0.997661431678953
"OG0000913",-0.0526884996341535,0.0900259914951606,-0.585258754267492,0.559396126848861,0.0146544084329088,-0.00826060532446538,"cec_0.5cm_Q0.5_250m",0.997661431678953
"OG0000949",0.023144946045759,0.0853055633208932,0.271318131488035,0.786580056227983,0.115276705981482,0.0947017456554701,"cec_0.5cm_Q0.5_250m",0.997661431678953
"OG0000962",-0.0157606953202281,0.0901464467507896,-0.17483434886567,0.861483905443399,0.0120158491211933,-0.0109605264806394,"cec_0.5cm_Q0.5_250m",0.997661431678953
"OG0001019",0.000368942371144588,0.0906874527800832,0.00406828463954404,0.99676027208792,0.000121663704305438,-0.0231313208607107,"cec_0.5cm_Q0.5_250m",0.997661431678953
"OG0001038",0.0133834910303351,0.0784487856767021,0.170601634109293,0.864804300889689,0.251787081260001,0.234386780824187,"cec_0.5cm_Q0.5_250m",0.997661431678953
"OG0001079",-0.0316158421596871,0.0861150636366941,-0.367134863803496,0.714119996714415,0.0984060156712525,0.0774387137101188,"cec_0.5cm_Q0.5_250m",0.997661431678953
"OG0001115",0.00887172142102393,0.090020801558215,0.098551904309436,0.921647032333678,0.0147680141594105,-0.00814435760432408,"cec_0.5cm_Q0.5_250m",0.997661431678953
"OG0001127",0.00587982536880318,0.0872558999969958,0.0673859918814157,0.946378752133804,0.0743594826749873,0.0528329590162659,"cec_0.5cm_Q0.5_250m",0.997661431678953
"OG0001135",0.00974102178836505,0.0902926767418076,0.107882744646275,0.91425631967811,0.00880795582682567,-0.0142430219446434,"cec_0.5cm_Q0.5_250m",0.997661431678953
"OG0001136",0.0967991315562285,0.0713015602325064,1.35760187071051,0.176960222830497,0.381911279635926,0.36753712334839,"cec_0.5cm_Q0.5_250m",0.842952584347221
"OG0001139",0.101803848207126,0.0870609124747758,1.16934046879673,0.244422598702002,0.0784918493260734,0.0570614272173773,"cec_0.5cm_Q0.5_250m",0.909197522384155
"OG0001196",0.21260025370515,0.0778934730237267,2.72937186457703,0.00723198438839457,0.262342286995374,0.245187456460382,"cec_0.5cm_Q0.5_250m",0.478413950458255
"OG0001202",0.0764251744215589,0.090119879444078,0.848039021945019,0.397987015096052,0.012598106350118,-0.0103647283859258,"cec_0.5cm_Q0.5_250m",0.997661431678953
"OG0001349",-0.0365297054138615,0.0899967681502502,-0.405900191358815,0.685488422273723,0.0152940108413044,-0.00760612844145592,"cec_0.5cm_Q0.5_250m",0.997661431678953
"OG0001363",-0.0568057810477845,0.0904029319713464,-0.628362153849051,0.53087766628525,0.00638581412046218,-0.0167214925278993,"cec_0.5cm_Q0.5_250m",0.997661431678953
"OG0001395",-0.0574258542289853,0.0897827818498267,-0.639608765130908,0.523561235544256,0.0199711362080112,-0.00282023271738407,"cec_0.5cm_Q0.5_250m",0.997661431678953
"OG0001398",0.00320225702328626,0.0869032847003657,0.0368485153849746,0.970662751834508,0.0818256940813046,0.0604728032459861,"cec_0.5cm_Q0.5_250m",0.997661431678953
"OG0001408",0.0478868348456285,0.0891896246320553,0.536910375429674,0.592254349113064,0.0328776410524704,0.0103864234025278,"cec_0.5cm_Q0.5_250m",0.997661431678953
"OG0001688",-0.0536136632070654,0.087579406268199,-0.61217203326181,0.541501467682323,0.0674830278507517,0.0457965866379784,"cec_0.5cm_Q0.5_250m",0.997661431678953
"OG0001769",-0.0832977124528719,0.0890872598534184,-0.935012622342718,0.351528783368724,0.0350963398045489,0.0126567198000036,"cec_0.5cm_Q0.5_250m",0.997661431678953
"OG0001820",-0.0339215939274643,0.0815897604085192,-0.415757979403533,0.678277908212939,0.190672929048693,0.171851369259128,"cec_0.5cm_Q0.5_250m",0.997661431678953
"OG0001885",0.0706355701001171,0.0900163625386979,0.784697005166711,0.434069898578579,0.0148651773952038,-0.00804493475839618,"cec_0.5cm_Q0.5_250m",0.997661431678953
"OG0001893",0.0366184756076673,0.0899636713800919,0.407036251921691,0.684655952235606,0.0160181389581046,-0.00686516013589289,"cec_0.5cm_Q0.5_250m",0.997661431678953
"OG0001918",0.0324256963775563,0.0897957218699564,0.36110513621702,0.718611556031523,0.019688620856258,-0.00310931819359661,"cec_0.5cm_Q0.5_250m",0.997661431678953
"OG0001927",0.0766645354875586,0.0900619144882133,0.851242569328147,0.396212014891094,0.0138678883539357,-0.00906541656806592,"cec_0.5cm_Q0.5_250m",0.997661431678953
"OG0001929",0.0734663666575138,0.0866204330804466,0.848141299285398,0.397930271139306,0.0877928895711668,0.0665787707239847,"cec_0.5cm_Q0.5_250m",0.997661431678953
"OG0002370",0.0549180354929005,0.0888466627940113,0.61812153395369,0.537585013468289,0.0403011131252581,0.0179825343607293,"cec_0.5cm_Q0.5_250m",0.997661431678953
"OG0002742",-0.0445755847610591,0.0796981180006647,-0.559305362275773,0.576923091962559,0.22776606254393,0.209807133765882,"cec_0.5cm_Q0.5_250m",0.997661431678953
"OG0002829",0.0287813144325534,0.0906371756566769,0.317544255147288,0.751344071515495,0.00123002147247671,-0.0219971873304889,"cec_0.5cm_Q0.5_250m",0.997661431678953
"OG0002883",0.0335818400119469,0.0832523393185761,0.403374130827021,0.687340824921768,0.157353069920585,0.137756629686179,"cec_0.5cm_Q0.5_250m",0.997661431678953
"OG0002891",-0.0502180515740277,0.0837003066850083,-0.599974522949059,0.549575681564307,0.148260378854043,0.128452480687857,"cec_0.5cm_Q0.5_250m",0.997661431678953
"OG0002892",0.0814486691104688,0.0832507740008712,0.978353295665653,0.329730822964599,0.157384756664033,0.137789053330638,"cec_0.5cm_Q0.5_250m",0.997661431678953
"OG0002893",-0.168324668259942,0.0819834455620441,-2.05315435458926,0.0420788862348201,0.182843790934188,0.163840158165215,"cec_0.5cm_Q0.5_250m",0.688292811365416
"OG0002919",-0.00923655124222825,0.0902394271612362,-0.10235604915493,0.918633005847813,0.00997671056990508,-0.0130470868587018,"cec_0.5cm_Q0.5_250m",0.997661431678953
"OG0003687",-0.0180640510015027,0.0903976578468111,-0.199828750343446,0.841929177642739,0.00650174602616192,-0.0166028645313692,"cec_0.5cm_Q0.5_250m",0.997661431678953
"OG0003730",0.00365705102390147,0.0902972428485748,0.0405001405196194,0.967757009805543,0.00870770399464614,-0.0143456052147808,"cec_0.5cm_Q0.5_250m",0.997661431678953
"OG0003808",0.0677396516054272,0.0849878066568552,0.797051415609903,0.42688574477788,0.121855482883429,0.10143351736909,"cec_0.5cm_Q0.5_250m",0.997661431678953
"OG0003820",0.159713797913606,0.0886863704582409,1.80088323705624,0.074057495656246,0.0437608628414638,0.0215227433726606,"cec_0.5cm_Q0.5_250m",0.769535108614911
"OG0000009",-0.0648706066294115,0.0897414571095371,-0.722861080250027,0.471073780638548,0.0190262917650569,-0.00378705028691861,"cec_5.15cm_Q0.5_250m",0.840438449548318
"OG0000012",0.153599674401914,0.0864779127228579,1.7761723145905,0.0780619863465658,0.0890772857066725,0.0678930365370602,"cec_5.15cm_Q0.5_250m",0.450152249384691
"OG0000015",-0.0593105017562488,0.0900787292331732,-0.658429601096177,0.511435538275295,0.0116389188177089,-0.0113462226051351,"cec_5.15cm_Q0.5_250m",0.863391177518508
"OG0000016",0.0949937865893991,0.0807372824578415,1.1765789446654,0.241530151030443,0.206002035851378,0.187536966917689,"cec_5.15cm_Q0.5_250m",0.719506657108439
"OG0000022",-0.0440809580275892,0.0893322610268394,-0.493449483097101,0.622534062918462,0.0279518307790252,0.00534605940179322,"cec_5.15cm_Q0.5_250m",0.923298572171917
"OG0000024",0.0606262786176641,0.0891344465346686,0.680166658061692,0.49761779971084,0.0322520089598375,0.00974624172634531,"cec_5.15cm_Q0.5_250m",0.85282560136216
"OG0000027",0.0618812067763993,0.0787873645598683,0.785420443012502,0.433647276912753,0.2438912198408,0.226307294720819,"cec_5.15cm_Q0.5_250m",0.799581116048279
"OG0000029",-0.0224589797044796,0.0871162739937995,-0.257804640566677,0.796968499788745,0.0755791794560902,0.0540810208387899,"cec_5.15cm_Q0.5_250m",0.934183420942413
"OG0000030",0.0428503362060839,0.0886101399092969,0.483582762085089,0.629501847170045,0.0436034987310984,0.0213617196318217,"cec_5.15cm_Q0.5_250m",0.92366158883829
"OG0000039",0.0333784385789215,0.0894766999406521,0.373040563644622,0.709730517170678,0.0248059328496859,0.00212700105549246,"cec_5.15cm_Q0.5_250m",0.934183420942413
"OG0000040",-0.0142416536912032,0.0904630872862572,-0.157430551161023,0.875151686047975,0.00318642373501037,-0.0199952873409197,"cec_5.15cm_Q0.5_250m",0.947578032479532
"OG0000042",0.11640706022166,0.0883787786608391,1.31713814091482,0.190127174416961,0.0485912849268337,0.0264655008553647,"cec_5.15cm_Q0.5_250m",0.678408326896882
"OG0000045",0.0908276335397894,0.0551243050880105,1.64768759251977,0.101850476811015,0.629867356065661,0.621259620160211,"cec_5.15cm_Q0.5_250m",0.450152249384691
"OG0000046",-0.0570777006948832,0.0902968808537526,-0.632111543114406,0.528432698338318,0.00684591923997954,-0.0162506872893233,"cec_5.15cm_Q0.5_250m",0.864207642074125
"OG0000047",0.0137976733915391,0.0828003617823247,0.166637839431331,0.86791593158211,0.164905539473602,0.145484738066011,"cec_5.15cm_Q0.5_250m",0.946269453183272
"OG0000049",-0.0729101670487887,0.0889543317150311,-0.819635937262274,0.41393547008579,0.0361591324342357,0.0137442285373575,"cec_5.15cm_Q0.5_250m",0.79253498540816
"OG0000054",-0.122120654967469,0.0879670093626703,-1.38825516352375,0.167452108009538,0.0574361291287916,0.0355160391085309,"cec_5.15cm_Q0.5_250m",0.611394905988314
"OG0000060",0.0444609176350887,0.0835709884633786,0.532013781966594,0.595631514850451,0.149288679482995,0.129504695284925,"cec_5.15cm_Q0.5_250m",0.907904347878843
"OG0000065",0.188738167207592,0.0817341469050236,2.30917155625187,0.0225237136860749,0.186273982092798,0.167350121211235,"cec_5.15cm_Q0.5_250m",0.321474822610342
"OG0000074",0.040219307433041,0.0898647618886868,0.447553708347434,0.655225955255497,0.0163287236841605,-0.00654735250923122,"cec_5.15cm_Q0.5_250m",0.934183420942413
"OG0000075",-0.00521750291349831,0.0904157457942349,-0.0577056890662842,0.954072352198339,0.00422946339658329,-0.0189279909430311,"cec_5.15cm_Q0.5_250m",0.966382963194446
"OG0000077",0.0759682631116379,0.0885874248061017,0.857551320381145,0.392730671304379,0.0440937780761198,0.021863400822076,"cec_5.15cm_Q0.5_250m",0.761218708577624
"OG0000083",-0.204668521029927,0.0744232215721411,-2.75006263779558,0.00681475119436302,0.325335179410137,0.309645299861536,"cec_5.15cm_Q0.5_250m",0.178319322919166
"OG0000087",0.17363157694688,0.0821966807361126,2.11239158798046,0.0365805109613831,0.17703816614929,0.157899518850437,"cec_5.15cm_Q0.5_250m",0.382876014729143
"OG0000090",-0.01479891007849,0.0729705112661861,-0.202806720436776,0.83960563291237,0.351416475496198,0.33633313771704,"cec_5.15cm_Q0.5_250m",0.936315463354992
"OG0000093",0.0291524582291036,0.0871800090809524,0.3343938425383,0.738625432996505,0.0742260546871222,0.052696428051939,"cec_5.15cm_Q0.5_250m",0.934183420942413
"OG0000095",0.179668822388565,0.0884294267098571,2.03177640151474,0.0442299442496026,0.0475005071756067,0.0253493561796906,"cec_5.15cm_Q0.5_250m",0.408476543952212
"OG0000096",0.0537283483165011,0.0779142034406172,0.689583489837645,0.491694752057609,0.260557507182852,0.243361170140593,"cec_5.15cm_Q0.5_250m",0.85282560136216
"OG0000100",-0.108328669420515,0.0898522803217359,-1.2056307200287,0.23016668287895,0.0166019543919243,-0.00626776759896108,"cec_5.15cm_Q0.5_250m",0.719506657108439
"OG0000103",-0.0848908890417334,0.0885548924337096,-0.958624495030368,0.339541178173812,0.0447957329447453,0.0225816802225302,"cec_5.15cm_Q0.5_250m",0.729559606391255
"OG0000106",0.081778297303208,0.0761671282329229,1.07366916937088,0.284975263657157,0.293346853458796,0.276913059353187,"cec_5.15cm_Q0.5_250m",0.719506657108439
"OG0000107",-0.0838938559483416,0.085762855453797,-0.978207354506028,0.329802705157145,0.104079242619138,0.0832438761684202,"cec_5.15cm_Q0.5_250m",0.728252470334167
"OG0000118",-0.0151560513498021,0.0819899672998279,-0.184852511214917,0.853635023146481,0.181172234732735,0.162129728563729,"cec_5.15cm_Q0.5_250m",0.943807736859137
"OG0000126",-0.128470002333912,0.0895311828949445,-1.43491907712934,0.153730174879857,0.0236179670469983,0.000911408141114456,"cec_5.15cm_Q0.5_250m",0.588674084296039
"OG0000141",0.079515354589454,0.0859206154680869,0.925451408329215,0.356459187870848,0.10078013444434,0.0798680445476967,"cec_5.15cm_Q0.5_250m",0.729559606391255
"OG0000142",-0.0908248726177318,0.0896736650483018,-1.0128377441561,0.313033617114682,0.0205078168804778,-0.00227107109904612,"cec_5.15cm_Q0.5_250m",0.722739380691251
"OG0000147",-0.0807812407645523,0.0815002520414122,-0.991177803026982,0.323454302721166,0.190924523368242,0.172108814609364,"cec_5.15cm_Q0.5_250m",0.726377346622407
"OG0000150",-0.100417167933806,0.0794526475603872,-1.26386182231983,0.208558714315284,0.23106809506993,0.213185957745975,"cec_5.15cm_Q0.5_250m",0.711819959728252
"OG0000159",0.0205077705768612,0.0898650460635738,0.228206310185979,0.819847196061423,0.0163225024443814,-0.00655371842900498,"cec_5.15cm_Q0.5_250m",0.934183420942413
"OG0000164",0.0221677358501351,0.0901175371105346,0.245986925085902,0.806083314687494,0.0107871204343192,-0.0122178302532547,"cec_5.15cm_Q0.5_250m",0.934183420942413
"OG0000170",-0.033667503098397,0.088794888395297,-0.379160374057975,0.705192158313774,0.0396112467289838,0.0172766245598903,"cec_5.15cm_Q0.5_250m",0.934183420942413
"OG0000182",0.0588772003038479,0.0869935545582479,0.676799569839692,0.499744938377826,0.0781817815272849,0.0567441485395473,"cec_5.15cm_Q0.5_250m",0.85282560136216
"OG0000184",-0.257687265786932,0.0818818416402677,-3.14706240876985,0.00204853673404021,0.183330496669685,0.164338182638747,"cec_5.15cm_Q0.5_250m",0.101512407955382
"OG0000185",0.15370512979621,0.0833541290502888,1.84400138958296,0.0674773925672093,0.153697994250007,0.134016552255821,"cec_5.15cm_Q0.5_250m",0.450152249384691
"OG0000186",-0.164552664454092,0.0748642240779883,-2.19801469234054,0.029732290067332,0.317315897544436,0.301439523068725,"cec_5.15cm_Q0.5_250m",0.378819241756315
"OG0000192",-0.000570808025527267,0.0905390962920743,-0.00630454741547089,0.994979471578676,0.00151063216894371,-0.0217100508038715,"cec_5.15cm_Q0.5_250m",0.994979471578676
"OG0000196",-0.10804235139662,0.0776799331023254,-1.39086565965884,0.166660668892117,0.264997493847123,0.247904412308684,"cec_5.15cm_Q0.5_250m",0.611394905988314
"OG0000199",-0.0304343071632102,0.087011707550767,-0.349772553830796,0.727079782121893,0.0777970287664552,0.0563504480400936,"cec_5.15cm_Q0.5_250m",0.934183420942413
"OG0000205",-0.0476343283879939,0.0891773476787077,-0.53415278238161,0.594155159719326,0.0313202145991141,0.00879277772932596,"cec_5.15cm_Q0.5_250m",0.907904347878843
"OG0000206",0.196370102217362,0.082078386972112,2.39247028921369,0.0181773702134455,0.179405200932508,0.160321600954194,"cec_5.15cm_Q0.5_250m",0.285384712351094
"OG0000210",-0.0712862064161796,0.089993775839129,-0.792123741353062,0.429742771729052,0.0135022895715916,-0.00943951764767381,"cec_5.15cm_Q0.5_250m",0.799581116048279
"OG0000217",-0.305273806952493,0.0855483275336724,-3.56843687952093,0.000504983401281704,0.108555764075923,0.0878245027753628,"cec_5.15cm_Q0.5_250m",0.0396411970006138
"OG0000220",0.259829845710627,0.0876682657909078,2.96378448195076,0.00362009692888409,0.0638273150086469,0.0420558572181502,"cec_5.15cm_Q0.5_250m",0.11367104356696
"OG0000224",-0.148108479640816,0.0849551119276044,-1.74337336836221,0.0836509358852298,0.120875938205349,0.100431192582218,"cec_5.15cm_Q0.5_250m",0.450152249384691
"OG0000228",-0.157694250417059,0.0801130481408585,-1.9683965855324,0.0511667802950965,0.21823243785269,0.20005179687252,"cec_5.15cm_Q0.5_250m",0.446288028129453
"OG0000242",0.341306340633199,0.0838313657371038,4.07134415182427,8.10164100357368e-05,0.143979397758177,0.124071941892088,"cec_5.15cm_Q0.5_250m",0.0127195763756107
"OG0000255",-0.0423126049219965,0.0851542296930634,-0.496893754714374,0.620109740202136,0.116750127411344,0.0962094326999803,"cec_5.15cm_Q0.5_250m",0.923298572171917
"OG0000261",-0.137700048400219,0.0839088910873529,-1.64106624001105,0.103219624062732,0.14239540870913,0.122451115888412,"cec_5.15cm_Q0.5_250m",0.450152249384691
"OG0000264",0.104008501563195,0.0897941875310413,1.15829882114853,0.248882010892367,0.0178731490426836,-0.00496701028190527,"cec_5.15cm_Q0.5_250m",0.719506657108439
"OG0000266",0.0845939322286037,0.0854191859633422,0.990338777811665,0.32386251123292,0.111245135541297,0.0905764177631879,"cec_5.15cm_Q0.5_250m",0.726377346622407
"OG0000269",0.045845163891596,0.0773787610095394,0.592477358043303,0.554568097416858,0.270685787167856,0.253724991520597,"cec_5.15cm_Q0.5_250m",0.888440727494354
"OG0000271",-0.101347938594188,0.089784669968522,-1.1287888971438,0.26108171322616,0.0180813353090863,-0.00475398247442338,"cec_5.15cm_Q0.5_250m",0.719506657108439
"OG0000276",0.020316018981841,0.0833897927103951,0.243627167324863,0.807906598032966,0.152973646595845,0.133275359307376,"cec_5.15cm_Q0.5_250m",0.934183420942413
"OG0000297",-0.0333517879420638,0.0869558716395825,-0.383548428797326,0.701944552634117,0.078980214874977,0.0575611501046276,"cec_5.15cm_Q0.5_250m",0.934183420942413
"OG0000298",0.154075976040741,0.0894908057296446,1.72169615397375,0.0875216020638095,0.0244984345615737,0.00181235164440097,"cec_5.15cm_Q0.5_250m",0.450152249384691
"OG0000299",0.083390867009109,0.071345255959898,1.16883548719738,0.244625300218384,0.379986230050142,0.365567305167587,"cec_5.15cm_Q0.5_250m",0.719506657108439
"OG0000319",-0.0948227843561623,0.0892604636889539,-1.06231561474508,0.290077115212294,0.0295136948660515,0.00694424590944798,"cec_5.15cm_Q0.5_250m",0.719506657108439
"OG0000325",-0.0202814419739522,0.0903456149573797,-0.224487286776674,0.822733340054873,0.00577360014025247,-0.0173479440425324,"cec_5.15cm_Q0.5_250m",0.934183420942413
"OG0000329",-0.0206151992824637,0.0867475653332137,-0.23764585441997,0.812532810551233,0.0833876097670457,0.0620710425523259,"cec_5.15cm_Q0.5_250m",0.934183420942413
"OG0000338",0.036091518087883,0.0882843366147216,0.408809982289256,0.683356992313801,0.0506235596065835,0.0285450377369691,"cec_5.15cm_Q0.5_250m",0.934183420942413
"OG0000343",0.164310120193479,0.0856352686168246,1.91872020544112,0.0572289133451773,0.106742928872034,0.0859695086132446,"cec_5.15cm_Q0.5_250m",0.449246969759642
"OG0000348",0.0077662672958439,0.0855654812398441,0.090764022866589,0.927820880824956,0.108198232700952,0.087458656717253,"cec_5.15cm_Q0.5_250m",0.958341304536304
"OG0000361",-0.0825309940402971,0.0894307943766062,-0.922847600936507,0.357809488484883,0.0258063128377438,0.00315064569443546,"cec_5.15cm_Q0.5_250m",0.729559606391255
"OG0000367",0.0987215547638905,0.0898848631875876,1.09831123131223,0.274114334012907,0.0158886116449542,-0.00699769971213993,"cec_5.15cm_Q0.5_250m",0.719506657108439
"OG0000372",0.0971230664857495,0.0861161148009068,1.12781523772049,0.261491243032461,0.0966834020735888,0.075676039331114,"cec_5.15cm_Q0.5_250m",0.719506657108439
"OG0000375",-0.224895410423233,0.0847634317160039,-2.65321266341286,0.00897507596600676,0.124838515171294,0.104485922500859,"cec_5.15cm_Q0.5_250m",0.188390179869738
"OG0000382",0.0929043727837018,0.0900790926637377,1.03136443803348,0.304299737480485,0.011630943542011,-0.0113543833523608,"cec_5.15cm_Q0.5_250m",0.719506657108439
"OG0000384",0.164956787887593,0.0885727978006706,1.86238655641003,0.0648235537883179,0.0444094186134993,0.0221863818370689,"cec_5.15cm_Q0.5_250m",0.450152249384691
"OG0000385",-0.0341785955695539,0.0904058405748101,-0.378057383817712,0.706009341239037,0.00444762861331903,-0.0187047521166037,"cec_5.15cm_Q0.5_250m",0.934183420942413
"OG0000386",0.0243662696047623,0.0888081432400852,0.274369767408492,0.784239359803791,0.0393245015297767,0.0169832108676785,"cec_5.15cm_Q0.5_250m",0.934183420942413
"OG0000388",-0.154039981916262,0.0883488720826753,-1.74354214473857,0.083621358578016,0.0492350721651585,0.0271242598899296,"cec_5.15cm_Q0.5_250m",0.450152249384691
"OG0000402",-0.031048324400681,0.0901899489187182,-0.344254817448258,0.731215204943962,0.00919676467988589,-0.0138451710252332,"cec_5.15cm_Q0.5_250m",0.934183420942413
"OG0000434",-0.0367600553045782,0.0899776754235367,-0.408546399221182,0.683549962826107,0.0138552384769442,-0.00907836062824319,"cec_5.15cm_Q0.5_250m",0.934183420942413
"OG0000440",0.0219417391747886,0.0902639123866304,0.243084291325694,0.808326204757068,0.00757101162327694,-0.015508732292461,"cec_5.15cm_Q0.5_250m",0.934183420942413
"OG0000442",-0.17858267682878,0.0862238453397246,-2.07115185045573,0.040338015718289,0.0944219053947659,0.0733619497062721,"cec_5.15cm_Q0.5_250m",0.395816779235711
"OG0000445",-0.162779569214871,0.0846346031730384,-1.92332170426867,0.0566430735266148,0.127496739308133,0.10720596580367,"cec_5.15cm_Q0.5_250m",0.449246969759642
"OG0000448",-0.0113782945555249,0.089364058232791,-0.127325177264049,0.898881295557794,0.0272597198597285,0.00463785287972218,"cec_5.15cm_Q0.5_250m",0.958341304536304
"OG0000452",-0.0130989289798535,0.0902108616328198,-0.145203457131019,0.88477686741051,0.0087372281727692,-0.014315394427864,"cec_5.15cm_Q0.5_250m",0.951438138242809
"OG0000473",-0.0188192780207973,0.0764026756358111,-0.246317002175463,0.805828363058998,0.288969435229019,0.272433840699461,"cec_5.15cm_Q0.5_250m",0.934183420942413
"OG0000500",0.0925367929117849,0.0887860132101441,1.04224516414273,0.299247355474719,0.039803221789335,0.0174730641565287,"cec_5.15cm_Q0.5_250m",0.719506657108439
"OG0000501",-0.010092627828405,0.0905404937731128,-0.111470872399882,0.911416217995969,0.00147980834179026,-0.0217415914642147,"cec_5.15cm_Q0.5_250m",0.958341304536304
"OG0000503",-0.127055424399075,0.0824966888691212,-1.54012756318796,0.125978689866236,0.171019776835531,0.151741166994497,"cec_5.15cm_Q0.5_250m",0.520490902868396
"OG0000504",-0.01387620773576,0.0803611856541284,-0.17267300902556,0.863179084562889,0.213382134846764,0.195088696122271,"cec_5.15cm_Q0.5_250m",0.946269453183272
"OG0000510",0.0339137440101717,0.0629638330091948,0.538622609033652,0.591075527738974,0.517104174586389,0.505874039111654,"cec_5.15cm_Q0.5_250m",0.907904347878843
"OG0000513",-0.0961988511462561,0.0816393233071535,-1.17833964380529,0.240830287497072,0.188160969916409,0.169280992472605,"cec_5.15cm_Q0.5_250m",0.719506657108439
"OG0000534",0.0616689841728386,0.0895191007048449,0.688891908958833,0.492128439831112,0.0238814738378635,0.0011810429968836,"cec_5.15cm_Q0.5_250m",0.85282560136216
"OG0000535",0.148923539041916,0.088508688610537,1.68258666329609,0.094874064840705,0.0457922352108273,0.0236013569599163,"cec_5.15cm_Q0.5_250m",0.450152249384691
"OG0000546",0.0215307686688165,0.0891612121070532,0.241481336558829,0.809565506313387,0.0316707248675956,0.00915143939940011,"cec_5.15cm_Q0.5_250m",0.934183420942413
"OG0000589",-0.133673974412058,0.0737749691403328,-1.81191501629485,0.0723254097520303,0.337037128122037,0.321619386915573,"cec_5.15cm_Q0.5_250m",0.450152249384691
"OG0000594",-0.0858371681253461,0.0834472614792528,-1.02863972530348,0.305573857423159,0.15180577380445,0.132080326683623,"cec_5.15cm_Q0.5_250m",0.719506657108439
"OG0000598",-0.0561396485134519,0.090051306561183,-0.623418478390531,0.53411027845998,0.0122406008442594,-0.010730547973316,"cec_5.15cm_Q0.5_250m",0.864487770290895
"OG0000601",0.0243287582082304,0.0833597452372219,0.291852597905578,0.770868147016329,0.153583947100994,0.133899852847529,"cec_5.15cm_Q0.5_250m",0.934183420942413
"OG0000618",-0.0797480324584169,0.0900818970341969,-0.885283670570824,0.377650853887197,0.0115694021554742,-0.0114173559339334,"cec_5.15cm_Q0.5_250m",0.748039161447277
"OG0000620",-0.0599446880192205,0.0682152472439637,-0.878757908841632,0.38116645169288,0.43319450851662,0.420012985458867,"cec_5.15cm_Q0.5_250m",0.748039161447277
"OG0000639",-0.0362243688627667,0.0893986321687702,-0.405200482199559,0.686001339864201,0.0265068899939065,0.00386751534260199,"cec_5.15cm_Q0.5_250m",0.934183420942413
"OG0000679",-0.14519769097444,0.0864664709069636,-1.67923692792632,0.0955264217818088,0.0893183165123348,0.0681396727102961,"cec_5.15cm_Q0.5_250m",0.450152249384691
"OG0000692",0.0801877839223321,0.0879455856661298,0.911788616960846,0.363580758641401,0.0578951817562552,0.0359857673784937,"cec_5.15cm_Q0.5_250m",0.731822809060256
"OG0000725",-0.010678983796636,0.0903632986077977,-0.118178330817535,0.906110177890433,0.0053843555101116,-0.0177462408733742,"cec_5.15cm_Q0.5_250m",0.958341304536304
"OG0000728",-0.151577718727991,0.0891340314960501,-1.70055944047262,0.0914353037145151,0.0322610212299497,0.00975546358413448,"cec_5.15cm_Q0.5_250m",0.450152249384691
"OG0000731",-0.138600907178309,0.0854593070805435,-1.62183513900575,0.107280265880856,0.110410048859917,0.0897219104613104,"cec_5.15cm_Q0.5_250m",0.45521626333228
"OG0000736",-0.0529858040720924,0.0829303965188299,-0.638918976590949,0.524008463364829,0.162280513326806,0.142798664799523,"cec_5.15cm_Q0.5_250m",0.864207642074125
"OG0000739",0.142928845933867,0.0862684568830608,1.65679149828321,0.0999919136370603,0.093484584926698,0.0724028310877839,"cec_5.15cm_Q0.5_250m",0.450152249384691
"OG0000761",-0.0230464166159661,0.0893018783627879,-0.258073145139683,0.796761726462068,0.0286129220879192,0.00602252492717315,"cec_5.15cm_Q0.5_250m",0.934183420942413
"OG0000817",-0.11219607068534,0.0759524434443566,-1.47718842998825,0.142062334490674,0.297324786803896,0.28098350277608,"cec_5.15cm_Q0.5_250m",0.557594662875894
"OG0000822",-0.114380338841126,0.0899014564102343,-1.27228571603102,0.205560206258329,0.0155252337399225,-0.00736952826612591,"cec_5.15cm_Q0.5_250m",0.711819959728252
"OG0000862",0.0784769397146719,0.0748873984700559,1.0479325135864,0.29662913953268,0.316893179272145,0.301006974138939,"cec_5.15cm_Q0.5_250m",0.719506657108439
"OG0000887",-0.0698209066637259,0.0889387897610333,-0.785044487914951,0.433866874262708,0.0364959043822315,0.0140888323911206,"cec_5.15cm_Q0.5_250m",0.799581116048279
"OG0000893",-0.0271863621375327,0.0877965490812812,-0.309651830533382,0.75732536924901,0.0610855434477119,0.0392503235278912,"cec_5.15cm_Q0.5_250m",0.934183420942413
"OG0000907",-0.0387512333719462,0.0887564408833818,-0.436601929800925,0.663129956773183,0.040442748737156,0.0181274638240666,"cec_5.15cm_Q0.5_250m",0.934183420942413
"OG0000913",-0.0518582115683976,0.0899447246344081,-0.576556454858047,0.565243795863792,0.0145773797872945,-0.00833942533393128,"cec_5.15cm_Q0.5_250m",0.896396726773893
"OG0000949",0.0823727722727788,0.0849404792350296,0.969770514772515,0.333975655185096,0.121178753280139,0.100741049868049,"cec_5.15cm_Q0.5_250m",0.728252470334167
"OG0000962",-0.157763001344643,0.0889947507238965,-1.77272254892985,0.0786349660050019,0.035283034720739,0.0128477564584305,"cec_5.15cm_Q0.5_250m",0.450152249384691
"OG0001019",-0.00844510813001506,0.090599002198515,-0.0932141406095252,0.925878056290156,0.000188878324018418,-0.0230625431103069,"cec_5.15cm_Q0.5_250m",0.958341304536304
"OG0001038",0.0881100978333542,0.0779989135101387,1.12963237394199,0.260727302277705,0.258948756196571,0.241715006340678,"cec_5.15cm_Q0.5_250m",0.719506657108439
"OG0001079",-0.0931955723800542,0.0856869196023818,-1.0876289264746,0.278786899386425,0.105665066379304,0.0848665795509158,"cec_5.15cm_Q0.5_250m",0.719506657108439
"OG0001115",0.00704858403257265,0.0899372686013401,0.0783722270221093,0.937653402268513,0.0147407476588481,-0.00817225820955092,"cec_5.15cm_Q0.5_250m",0.962167216706906
"OG0001127",0.00818952605003532,0.0871722786450516,0.0939464492305113,0.925297457324845,0.0743902280778169,0.0528644194284636,"cec_5.15cm_Q0.5_250m",0.958341304536304
"OG0001135",0.0288021375997325,0.0901760631040011,0.319398924817938,0.749940679682897,0.00950183306499084,-0.013533008026521,"cec_5.15cm_Q0.5_250m",0.934183420942413
"OG0001136",-0.107413865941717,0.0711154065336969,-1.51041625404786,0.133382892367507,0.383974729327342,0.369648560241932,"cec_5.15cm_Q0.5_250m",0.536951643633298
"OG0001139",0.182411213835566,0.0859510683368045,2.12226813889941,0.0357267518757826,0.100142599966884,0.0792156836870441,"cec_5.15cm_Q0.5_250m",0.382876014729143
"OG0001196",0.132274709909312,0.0791836926294309,1.67047917970105,0.0972491625923805,0.236265102371952,0.218503825682928,"cec_5.15cm_Q0.5_250m",0.450152249384691
"OG0001202",0.0922120177642014,0.0899198529836334,1.02549119804483,0.307050611632264,0.015122285533134,-0.00778184736144438,"cec_5.15cm_Q0.5_250m",0.719506657108439
"OG0001349",-0.0846085844593671,0.0896604811684291,-0.943655257665058,0.347109854078576,0.0207958068493362,-0.0019763836890514,"cec_5.15cm_Q0.5_250m",0.729559606391255
"OG0001363",-0.0341785955695539,0.0904058405748101,-0.378057383817712,0.706009341239037,0.00444762861331903,-0.0187047521166037,"cec_5.15cm_Q0.5_250m",0.934183420942413
"OG0001395",-0.0196617432612642,0.0898236666580309,-0.218892681548157,0.827079589242009,0.0172281853670411,-0.00562697311279514,"cec_5.15cm_Q0.5_250m",0.934183420942413
"OG0001398",-0.00236475862043572,0.0868216504667848,-0.0272369692089694,0.978312820039874,0.08182130992674,0.0604683171343386,"cec_5.15cm_Q0.5_250m",0.984584056065771
"OG0001408",0.0417579614275625,0.0891293380694291,0.468509722298557,0.640210829560306,0.0323629327496513,0.00985974513917798,"cec_5.15cm_Q0.5_250m",0.930676854083038
"OG0001688",-0.212147176148764,0.085609963297015,-2.47806643033757,0.0145017417715279,0.107270767844115,0.0865096229102572,"cec_5.15cm_Q0.5_250m",0.252974828681097
"OG0001769",-0.190866288421241,0.0877090723101474,-2.1761293717293,0.0313671983619879,0.0629556007304187,0.041163870514847,"cec_5.15cm_Q0.5_250m",0.378819241756315
"OG0001820",-0.0984393893179383,0.0811057399981637,-1.21371667800783,0.227073425947326,0.198738425094492,0.18010443498041,"cec_5.15cm_Q0.5_250m",0.719506657108439
"OG0001885",0.0657746428461058,0.0899597581702979,0.731156287921444,0.466009703139797,0.0142479413585158,-0.00867652512151884,"cec_5.15cm_Q0.5_250m",0.840438449548318
"OG0001893",0.00553170909614235,0.0899353275498864,0.0615076327272389,0.951050130327398,0.0147832754851076,-0.00812874136407604,"cec_5.15cm_Q0.5_250m",0.966382963194446
"OG0001918",0.0834421914715868,0.0894553139066433,0.932780712822361,0.352675777961674,0.0252720439408256,0.0026039519394494,"cec_5.15cm_Q0.5_250m",0.729559606391255
"OG0001927",0.23111695274948,0.087904971190901,2.62916817579712,0.00959949961119685,0.0587651346323203,0.0368759517167929,"cec_5.15cm_Q0.5_250m",0.188390179869738
"OG0001929",0.054911530151652,0.0866450259495463,0.633752827122784,0.527364249450606,0.0855532802325145,0.0642870774472242,"cec_5.15cm_Q0.5_250m",0.864207642074125
"OG0002370",0.0299091142808928,0.0888553307889785,0.336604613536622,0.736961938664647,0.0383033346909982,0.0159382959628819,"cec_5.15cm_Q0.5_250m",0.934183420942413
"OG0002742",-0.131617679903226,0.0788727930940874,-1.66873359925544,0.0975955219827108,0.242250645006228,0.224628566983117,"cec_5.15cm_Q0.5_250m",0.450152249384691
"OG0002829",-0.0703130741729529,0.0903754170488397,-0.778011061735461,0.437987108153835,0.00511756579686416,-0.0180192349985577,"cec_5.15cm_Q0.5_250m",0.799581116048279
"OG0002883",0.0922523954780085,0.0828290797681448,1.11376820479283,0.267449572288044,0.1643261606089,0.144891885274224,"cec_5.15cm_Q0.5_250m",0.719506657108439
"OG0002891",-0.0240203150980205,0.0837113609163303,-0.286942116757949,0.774617020346419,0.146428435092816,0.126577933583347,"cec_5.15cm_Q0.5_250m",0.934183420942413
"OG0002892",0.0935766771530019,0.0830728089366558,1.12644171240623,0.26206972349736,0.159400891424713,0.139852074946218,"cec_5.15cm_Q0.5_250m",0.719506657108439
"OG0002893",-0.016740196431028,0.0832206886769346,-0.201154264608576,0.840894779191426,0.156405489661401,0.136787012676783,"cec_5.15cm_Q0.5_250m",0.936315463354992
"OG0002919",-0.0443394390363704,0.0900735457463852,-0.492258172684956,0.623373558281677,0.0117526639659034,-0.0112298322209361,"cec_5.15cm_Q0.5_250m",0.923298572171917
"OG0003687",-0.267937739670257,0.0871915162358628,-3.07297947366181,0.00258630338739826,0.0739816471130592,0.0524463365808048,"cec_5.15cm_Q0.5_250m",0.101512407955382
"OG0003730",0.0502802455755103,0.090104093819652,0.558023985859608,0.577795177797293,0.0110822302436972,-0.0119158574250542,"cec_5.15cm_Q0.5_250m",0.90713842914175
"OG0003808",0.0239231666958113,0.0850905207215842,0.281149609767788,0.77904610764381,0.118071257114856,0.0975612863500851,"cec_5.15cm_Q0.5_250m",0.934183420942413
"OG0003820",0.104309841123828,0.0892383757268719,1.16888995652593,0.244603430282967,0.0299939391218085,0.00743565863626905,"cec_5.15cm_Q0.5_250m",0.719506657108439
"OG0000009",-0.00382720773845949,0.087053836739559,-0.0439636882393758,0.965001327916108,0.0150675112599526,-0.0078378954549323,"phh2o_0.5cm_Q0.5_250m",0.983800055083305
"OG0000012",0.130765313679388,0.0839509980984715,1.55763858252174,0.121768937824173,0.0840276633561194,0.0627259811085872,"phh2o_0.5cm_Q0.5_250m",0.450449206150307
"OG0000015",-0.00544803932833195,0.0873503192973781,-0.0623699990126479,0.950364719979387,0.00834724301443971,-0.0147144490084803,"phh2o_0.5cm_Q0.5_250m",0.981583917917794
"OG0000016",0.0499916012301144,0.0784566703459333,0.637187392858886,0.525132016579546,0.19999928349295,0.181394615667204,"phh2o_0.5cm_Q0.5_250m",0.824457266029887
"OG0000022",-0.0444434729041879,0.0864756621924196,-0.513941978325594,0.608171803973304,0.0281070704972764,0.0055049093460503,"phh2o_0.5cm_Q0.5_250m",0.872869202532454
"OG0000024",-0.0959421502594981,0.0860319459312923,-1.11519214427767,0.266841313872263,0.0380552640973446,0.015684456285655,"phh2o_0.5cm_Q0.5_250m",0.686788299638447
"OG0000027",0.0351604223693496,0.0763935111254062,0.460254043195251,0.646108747498562,0.241520980385619,0.223881933417843,"phh2o_0.5cm_Q0.5_250m",0.897690914666143
"OG0000029",0.13090284758712,0.0835679733023318,1.56642362395867,0.119699286152571,0.0923668082104943,0.0712590595642266,"phh2o_0.5cm_Q0.5_250m",0.450449206150307
"OG0000030",0.0869863294945684,0.0855189454951428,1.01715858387787,0.310981896829292,0.0494930336837372,0.0273882205135915,"phh2o_0.5cm_Q0.5_250m",0.705527099856182
"OG0000039",-0.153956091542413,0.0856025369672471,-1.79849916832861,0.0744362880340459,0.0476339577130128,0.0254859102179665,"phh2o_0.5cm_Q0.5_250m",0.450449206150307
"OG0000040",-0.217321718966819,0.0854701502684403,-2.54266218421596,0.012183025231133,0.0505774009166149,0.0284978055890943,"phh2o_0.5cm_Q0.5_250m",0.230540374570161
"OG0000042",-0.0146640629029445,0.0861232257162054,-0.170268389055302,0.86506582168579,0.0360129369425879,0.013594633150555,"phh2o_0.5cm_Q0.5_250m",0.971348310896312
"OG0000045",-0.00871758891515417,0.0539190135278925,-0.161679310224111,0.871811352711414,0.622154281041287,0.613367171298061,"phh2o_0.5cm_Q0.5_250m",0.971348310896312
"OG0000046",-0.0823371249028398,0.0872510494326495,-0.943680625485166,0.347096936518817,0.0105999033076052,-0.0124094012666367,"phh2o_0.5cm_Q0.5_250m",0.726589587112724
"OG0000047",-0.0682069005367643,0.0799424216693048,-0.853200329843816,0.395129656393867,0.169412807451087,0.150096826229019,"phh2o_0.5cm_Q0.5_250m",0.735612621423427
"OG0000049",-0.155018235261767,0.0852550427218984,-1.81828816586762,0.0713401538760841,0.0553503179937654,0.0333817207378064,"phh2o_0.5cm_Q0.5_250m",0.450449206150307
"OG0000054",0.00468068723130521,0.0857936689942437,0.0545574899194398,0.956575410454921,0.0433763533748458,0.0211292918254236,"phh2o_0.5cm_Q0.5_250m",0.981583917917794
"OG0000060",0.027309369344498,0.0809580897865362,0.337327244460747,0.736418464961268,0.148173523341694,0.128363605279873,"phh2o_0.5cm_Q0.5_250m",0.93240079837838
"OG0000065",-0.0190630770611733,0.0807282000150492,-0.236139007900828,0.813699323935874,0.153004372466814,0.133306799733484,"phh2o_0.5cm_Q0.5_250m",0.960532284646107
"OG0000074",0.143342637114247,0.0861460308149556,1.66394940960369,0.0985499192534546,0.0355023492213398,0.0130721712962546,"phh2o_0.5cm_Q0.5_250m",0.450449206150307
"OG0000075",0.168088683813657,0.0862724623491685,1.94834689119403,0.0535446980018521,0.0326691971688794,0.0101731319867603,"phh2o_0.5cm_Q0.5_250m",0.409663697481134
"OG0000077",0.00838649310401902,0.086002426722933,0.0975146100357971,0.922469080713909,0.0387152741715686,0.0163598154313725,"phh2o_0.5cm_Q0.5_250m",0.981583917917794
"OG0000083",-0.0302638403366301,0.0740831443015043,-0.408511823060075,0.683575277762507,0.286704566761234,0.27011630087196,"phh2o_0.5cm_Q0.5_250m",0.917276227424902
"OG0000087",0.176189712867706,0.0794387141092235,2.21793258920903,0.0283092994793991,0.17984669174978,0.160773358999775,"phh2o_0.5cm_Q0.5_250m",0.341889232174281
"OG0000090",-0.000311610783537547,0.0706540128542506,-0.00441037629639462,0.996487853359476,0.351209777918864,0.336121633219302,"phh2o_0.5cm_Q0.5_250m",0.996487853359476
"OG0000093",-0.0762704602273209,0.0841680859459183,-0.906168405401639,0.366536187968788,0.0792843353505727,0.0578723431494232,"phh2o_0.5cm_Q0.5_250m",0.735612621423427
"OG0000095",0.0251920539470686,0.0869392333030609,0.289766230848295,0.772460313937474,0.0176590650157735,-0.0051860730071156,"phh2o_0.5cm_Q0.5_250m",0.954931254237665
"OG0000096",0.0793746045475449,0.075243795909739,1.05489899317096,0.293443249206323,0.264179262094301,0.247067151910447,"phh2o_0.5cm_Q0.5_250m",0.705527099856182
"OG0000100",0.135802556874544,0.0866536708423446,1.56718758195044,0.119520632141244,0.0241017027876733,0.00140639355017735,"phh2o_0.5cm_Q0.5_250m",0.450449206150307
"OG0000103",-0.0215493635043836,0.0860138911895913,-0.250533526693782,0.802573364371794,0.0384589709100327,0.0160975516288706,"phh2o_0.5cm_Q0.5_250m",0.960532284646107
"OG0000106",-0.0168141410004127,0.0740513380450551,-0.227060596665822,0.820736064663608,0.287316916237106,0.270742891033318,"phh2o_0.5cm_Q0.5_250m",0.961608672777511
"OG0000107",-0.133345912083637,0.0825032305302752,-1.61625079680613,0.108483087015793,0.11534784745533,0.0947745415821977,"phh2o_0.5cm_Q0.5_250m",0.450449206150307
"OG0000118",-0.102868350838512,0.078866652177011,-1.30433266785092,0.19444257227617,0.19161649805113,0.172816881726738,"phh2o_0.5cm_Q0.5_250m",0.587066997064591
"OG0000126",-0.120284396237908,0.0867198519436882,-1.38704568264271,0.167819760110607,0.0226104633045624,-0.000119525920913022,"phh2o_0.5cm_Q0.5_250m",0.548910465361776
"OG0000141",0.0661052568499941,0.0832522203613892,0.79403596160004,0.428632749501989,0.099212646802281,0.0782641037046596,"phh2o_0.5cm_Q0.5_250m",0.735612621423427
"OG0000142",0.00621941676246712,0.0871558574763013,0.0713597105525381,0.943221988086331,0.0127576207004758,-0.0102015043995132,"phh2o_0.5cm_Q0.5_250m",0.981583917917794
"OG0000147",-0.0189196956390458,0.0791827534910972,-0.238937076634662,0.811533555638607,0.185123432335937,0.166172814483284,"phh2o_0.5cm_Q0.5_250m",0.960532284646107
"OG0000150",-0.104222660589828,0.07684693767266,-1.35623700496405,0.177392855478035,0.232490497188681,0.214641438983766,"phh2o_0.5cm_Q0.5_250m",0.557013566201029
"OG0000159",-0.0572882148057149,0.0868696054605935,-0.659473638702118,0.510767264976861,0.019231908204874,-0.00357665206943114,"phh2o_0.5cm_Q0.5_250m",0.824457266029887
"OG0000164",0.154549855195073,0.0861957956723182,1.79300920641895,0.0753146523132019,0.0343876849393947,0.011931584589148,"phh2o_0.5cm_Q0.5_250m",0.450449206150307
"OG0000170",-0.142516263808254,0.0850900109468363,-1.67488830031174,0.0963787272025724,0.0590039746095218,0.0371203461120687,"phh2o_0.5cm_Q0.5_250m",0.450449206150307
"OG0000182",0.0959706570763787,0.0839436541066357,1.14327471323162,0.255041807938452,0.0841879139613989,0.0628899584721291,"phh2o_0.5cm_Q0.5_250m",0.670316112187557
"OG0000184",0.114177695546441,0.081639929043994,1.39855211639041,0.164346840757296,0.133764721056055,0.113619714568986,"phh2o_0.5cm_Q0.5_250m",0.548910465361776
"OG0000185",0.00145788120673699,0.0817516509072872,0.0178330491257032,0.985799591981907,0.131392263385237,0.111192083463963,"phh2o_0.5cm_Q0.5_250m",0.992118820135638
"OG0000186",0.0430956247661216,0.0737231829419941,0.584560012825674,0.559864560324226,0.293619365418235,0.277191908800054,"phh2o_0.5cm_Q0.5_250m",0.847240605769435
"OG0000192",0.114925531670848,0.0870649008749014,1.31999842090187,0.189173095122958,0.0148171347280802,-0.00809409469684819,"phh2o_0.5cm_Q0.5_250m",0.582356390868714
"OG0000196",-0.319300806315532,0.0703548727743425,-4.53843200512441,1.28247734259844e-05,0.356691938035447,0.34173128543162,"phh2o_0.5cm_Q0.5_250m",0.00201348942787955
"OG0000199",0.10373822010812,0.0837795709213816,1.23822811417198,0.217880156705257,0.0877646584175852,0.0665498830319476,"phh2o_0.5cm_Q0.5_250m",0.624306898924587
"OG0000205",0.043845296479181,0.0863417622742866,0.507810998111149,0.612453066821723,0.0311145208724438,0.00858230042761687,"phh2o_0.5cm_Q0.5_250m",0.872869202532454
"OG0000206",0.0346189847319122,0.0811466129801744,0.426622670503453,0.670365295970671,0.144201689860715,0.124299403578406,"phh2o_0.5cm_Q0.5_250m",0.91399410053453
"OG0000210",-0.02062581479794,0.0873157255616412,-0.236221077764268,0.813635779405683,0.0091325447905153,-0.013910884400403,"phh2o_0.5cm_Q0.5_250m",0.960532284646107
"OG0000217",-0.00180764059613966,0.0868106117920848,-0.0208228067839107,0.98341917801469,0.0205635468407696,-0.00221404509316603,"phh2o_0.5cm_Q0.5_250m",0.992118820135638
"OG0000220",-0.135064589827108,0.0869038086791991,-1.5541849302105,0.122590288066729,0.0184594394179639,-0.00436708524673457,"phh2o_0.5cm_Q0.5_250m",0.450449206150307
"OG0000224",0.0286505302343785,0.0831700458509257,0.344481356734273,0.731045262099891,0.100990022293049,0.0800828135091665,"phh2o_0.5cm_Q0.5_250m",0.93240079837838
"OG0000228",0.13815649025573,0.0777680094718271,1.7765208495632,0.0780042891067346,0.213981811011504,0.19570231824433,"phh2o_0.5cm_Q0.5_250m",0.450449206150307
"OG0000242",-0.0504847700265942,0.0860991014930348,-0.586356525807396,0.558660574025317,0.0365529116538365,0.014147165413228,"phh2o_0.5cm_Q0.5_250m",0.847240605769435
"OG0000255",-0.0864330800004699,0.0821650086496353,-1.05194512142066,0.294791258103395,0.122586240666565,0.102181269519276,"phh2o_0.5cm_Q0.5_250m",0.705527099856182
"OG0000261",-0.0774786887225864,0.0817917788234204,-0.947267437352775,0.345273610227855,0.13053933937852,0.11031932401523,"phh2o_0.5cm_Q0.5_250m",0.726589587112724
"OG0000264",0.101598134382288,0.086921573771728,1.1688483074306,0.24462015265212,0.0180581004797001,-0.00477775764867894,"phh2o_0.5cm_Q0.5_250m",0.662161447696256
"OG0000266",0.139675051062151,0.0820920714855691,1.7014438609544,0.0912687371465166,0.124143294404927,0.103774533809692,"phh2o_0.5cm_Q0.5_250m",0.450449206150307
"OG0000269",0.14788314959462,0.0738735755358908,2.00184096304871,0.0473993640936075,0.290734444587941,0.274239896787661,"phh2o_0.5cm_Q0.5_250m",0.409663697481134
"OG0000271",0.0541373522691901,0.0872186091578322,0.620708731679295,0.535886407148263,0.0113354920361136,-0.0116567058235117,"phh2o_0.5cm_Q0.5_250m",0.833011543784924
"OG0000276",-0.045827159495501,0.0806473638196166,-0.568241258300795,0.570858970300745,0.154699780621982,0.135041635985284,"phh2o_0.5cm_Q0.5_250m",0.847240605769435
"OG0000297",-0.0469921264225125,0.0841282939233368,-0.55857695706197,0.577418756798277,0.080154700350898,0.0587629491962677,"phh2o_0.5cm_Q0.5_250m",0.847240605769435
"OG0000298",-0.212380175100403,0.0856073894026679,-2.48086265195448,0.0143937402843067,0.047525983677166,0.0253754251580303,"phh2o_0.5cm_Q0.5_250m",0.230540374570161
"OG0000299",0.199005675953144,0.0671870194361682,2.96196613011255,0.00364015489406665,0.413319868702701,0.399676144719043,"phh2o_0.5cm_Q0.5_250m",0.165659400082344
"OG0000319",-0.086491843826535,0.0864554837538122,-1.00042056410009,0.318979910627587,0.0285605852375398,0.00596897094073834,"phh2o_0.5cm_Q0.5_250m",0.705527099856182
"OG0000325",0.0700527218608897,0.0872629784333121,0.802777112569281,0.423580138305779,0.0103293424075089,-0.0126862542806885,"phh2o_0.5cm_Q0.5_250m",0.735612621423427
"OG0000329",0.0793718596989964,0.0837075033098556,0.948204838999794,0.344798109900755,0.0893334023351362,0.0681551093661859,"phh2o_0.5cm_Q0.5_250m",0.726589587112724
"OG0000338",0.20668832332621,0.0835648960487305,2.47338694953537,0.0146841002910931,0.0924336511880994,0.0713274570296831,"phh2o_0.5cm_Q0.5_250m",0.230540374570161
"OG0000343",0.164167019736438,0.0828264262489122,1.98206088529135,0.0495979425583058,0.108403251337664,0.0876684432292374,"phh2o_0.5cm_Q0.5_250m",0.409663697481134
"OG0000348",0.161858328096761,0.081603592905925,1.98347060874336,0.0494384356525407,0.134535634027334,0.1144085557489,"phh2o_0.5cm_Q0.5_250m",0.409663697481134
"OG0000361",-0.0790743344407728,0.086583822070103,-0.9132691598755,0.362804720875999,0.0256743499540225,0.00301561390644156,"phh2o_0.5cm_Q0.5_250m",0.735612621423427
"OG0000367",-0.0702727206308789,0.0872042339188229,-0.805840696866791,0.421817684755638,0.0116613655513006,-0.0113232538544832,"phh2o_0.5cm_Q0.5_250m",0.735612621423427
"OG0000372",0.0101953135384879,0.0837742176587793,0.121699895545601,0.903326069885835,0.0878812328823731,0.0666691685308003,"phh2o_0.5cm_Q0.5_250m",0.981583917917794
"OG0000375",-0.188993299551114,0.0826095226471737,-2.2877907230902,0.0237771931706601,0.113066915626182,0.0924405648267906,"phh2o_0.5cm_Q0.5_250m",0.311084943982803
"OG0000382",-0.0104760846460699,0.0875595211820303,-0.119645293905741,0.904950270106586,0.00359158664283652,-0.0195807020398882,"phh2o_0.5cm_Q0.5_250m",0.981583917917794
"OG0000384",-0.0487098602087572,0.0867865498160493,-0.561260475407785,0.575593681514847,0.021106427712785,-0.00165853908459201,"phh2o_0.5cm_Q0.5_250m",0.847240605769435
"OG0000385",0.142498342898793,0.086666954892931,1.64420618071601,0.102568520209346,0.0238024684700512,0.00110020029493607,"phh2o_0.5cm_Q0.5_250m",0.450449206150307
"OG0000386",-0.108464907782438,0.0854683835223001,-1.26906469167207,0.206702974748958,0.0506166513770521,0.028537968850937,"phh2o_0.5cm_Q0.5_250m",0.612308811992195
"OG0000388",-0.216356525923883,0.0844097018206444,-2.5631713091891,0.0115196791595593,0.073990670459521,0.0524555697725331,"phh2o_0.5cm_Q0.5_250m",0.230540374570161
"OG0000402",-0.0602695175463816,0.0871916695709959,-0.691230226957715,0.490662925327411,0.0119461438295602,-0.0110318528255662,"phh2o_0.5cm_Q0.5_250m",0.810885045014774
"OG0000434",-0.0432385123234899,0.0870805538230139,-0.496534650105345,0.620362309169865,0.0144628610230897,-0.00845660732521059,"phh2o_0.5cm_Q0.5_250m",0.872869202532454
"OG0000440",-0.0500054406762845,0.087293553957333,-0.572842305180128,0.567748605907786,0.00963569200135148,-0.0133960360916403,"phh2o_0.5cm_Q0.5_250m",0.847240605769435
"OG0000442",-0.162104219234597,0.0836408496890338,-1.9380986663488,0.054795781191744,0.0907830945912824,0.0696385153957308,"phh2o_0.5cm_Q0.5_250m",0.409663697481134
"OG0000445",-0.0550128911086869,0.0829599539955366,-0.663125863252608,0.508433166382051,0.105526177556196,0.0847244607551774,"phh2o_0.5cm_Q0.5_250m",0.824457266029887
"OG0000448",-0.086207129996069,0.0861852115305423,-1.00025431817289,0.319060026049611,0.0346248090377591,0.0121742232014279,"phh2o_0.5cm_Q0.5_250m",0.705527099856182
"OG0000452",-0.179390145450552,0.0859002936490928,-2.08835311068167,0.0387322763291186,0.040997085764563,0.0186946924102505,"phh2o_0.5cm_Q0.5_250m",0.409663697481134
"OG0000473",0.0138132297784986,0.0739728306286494,0.186733827286431,0.85216268591757,0.288827253530316,0.272288352449626,"phh2o_0.5cm_Q0.5_250m",0.969489432529409
"OG0000500",-0.117449824604927,0.0856932050044734,-1.37058503762108,0.172884530909359,0.0456154453591406,0.0234204557163299,"phh2o_0.5cm_Q0.5_250m",0.553936150056519
"OG0000501",-0.00738068991410587,0.087654071088315,-0.0842024771065057,0.933025980693484,0.00143850981758054,-0.02178385041922,"phh2o_0.5cm_Q0.5_250m",0.981583917917794
"OG0000503",-0.0817829744284577,0.0802736654421333,-1.01880204395815,0.310203872833287,0.16251542236746,0.143039036841122,"phh2o_0.5cm_Q0.5_250m",0.705527099856182
"OG0000504",0.138382141479934,0.0768467934437408,1.80075362000944,0.074078048786798,0.232493378161315,0.214644386955764,"phh2o_0.5cm_Q0.5_250m",0.450449206150307
"OG0000510",-0.0215542541635142,0.0609942797380336,-0.353381567191027,0.724379241068332,0.51648623270955,0.505241726493493,"phh2o_0.5cm_Q0.5_250m",0.93240079837838
"OG0000513",0.219682449738628,0.0770691864391024,2.85045761981949,0.00508442484999841,0.228044654335592,0.210092204436419,"phh2o_0.5cm_Q0.5_250m",0.165659400082344
"OG0000534",-0.139538773821239,0.0859490830616688,-1.62350508988118,0.10692265542644,0.0399073927157167,0.0175796576625938,"phh2o_0.5cm_Q0.5_250m",0.450449206150307
"OG0000535",0.037033948403978,0.0865590181588338,0.427846216277795,0.669476496342194,0.0262325056183631,0.00358674993506913,"phh2o_0.5cm_Q0.5_250m",0.91399410053453
"OG0000546",-0.170680912800573,0.0850185805382481,-2.00757189452001,0.0467780664438182,0.0605831850731674,0.0387362824004504,"phh2o_0.5cm_Q0.5_250m",0.409663697481134
"OG0000589",-0.056412362506318,0.0721539303839895,-0.781833535693789,0.435745056002412,0.323370986622706,0.307635428172071,"phh2o_0.5cm_Q0.5_250m",0.735612621423427
"OG0000594",0.0130571020645108,0.0811077898887679,0.160984562425107,0.87235740023172,0.145020375617791,0.125137128539135,"phh2o_0.5cm_Q0.5_250m",0.971348310896312
"OG0000598",0.0430239238655559,0.0872276901252647,0.493236996231021,0.622683762316146,0.0111296071299104,-0.0118673787507895,"phh2o_0.5cm_Q0.5_250m",0.872869202532454
"OG0000601",0.0199926411863628,0.0807080205442503,0.247715667557492,0.804748265550744,0.153427763235145,0.133740036798753,"phh2o_0.5cm_Q0.5_250m",0.960532284646107
"OG0000618",-0.0287289980993157,0.0874362230030789,-0.32857089559214,0.743012817628994,0.00639582405657627,-0.0167112498025732,"phh2o_0.5cm_Q0.5_250m",0.933224098942016
"OG0000620",-0.110296181139131,0.0655208098136491,-1.68337634184971,0.0947208030404796,0.442057886773786,0.429082488791781,"phh2o_0.5cm_Q0.5_250m",0.450449206150307
"OG0000639",-0.0718791261959401,0.0863703345977083,-0.832220073370507,0.406822721812023,0.030473165193877,0.00792602950071131,"phh2o_0.5cm_Q0.5_250m",0.735612621423427
"OG0000679",0.120426520415665,0.0839512245762058,1.43448199860801,0.153854563441793,0.0840227212440795,0.0627209240637092,"phh2o_0.5cm_Q0.5_250m",0.525112314355685
"OG0000692",-0.130266258874939,0.0846404901571493,-1.53905369206957,0.126240541851042,0.0689200610838488,0.0472670392485894,"phh2o_0.5cm_Q0.5_250m",0.450449206150307
"OG0000725",-0.00710972446856362,0.087483211693848,-0.0812695868259212,0.935353515392563,0.00532760077339255,-0.0178043154876915,"phh2o_0.5cm_Q0.5_250m",0.981583917917794
"OG0000728",-0.22267727068571,0.0850213050109328,-2.61907613223622,0.00987306347189707,0.0605229757296415,0.0386746728396331,"phh2o_0.5cm_Q0.5_250m",0.230540374570161
"OG0000731",-0.0244908885474506,0.0835445593470441,-0.293147617736727,0.769880370548503,0.0928753357014329,0.0717794132758848,"phh2o_0.5cm_Q0.5_250m",0.954931254237665
"OG0000736",0.0285762679738107,0.08037248120916,0.355547913214777,0.722759876893708,0.160452289542564,0.140927924183089,"phh2o_0.5cm_Q0.5_250m",0.93240079837838
"OG0000739",0.0861472873758704,0.0840588789322588,1.02484459072188,0.307354480808248,0.0816720189190152,0.0603155542427132,"phh2o_0.5cm_Q0.5_250m",0.705527099856182
"OG0000761",0.00717619766941206,0.0864731612411895,0.082987571709057,0.933990057587346,0.0281632856590322,0.00556243183714911,"phh2o_0.5cm_Q0.5_250m",0.981583917917794
"OG0000817",-0.0588943519591422,0.0739673159694284,-0.796221292975994,0.427366257440674,0.288933285140116,0.272396849910816,"phh2o_0.5cm_Q0.5_250m",0.735612621423427
"OG0000822",-0.0993868803657284,0.0871396994894061,-1.14054651264675,0.256171762619449,0.0131236401790846,-0.00982697284000644,"phh2o_0.5cm_Q0.5_250m",0.670316112187557
"OG0000862",0.00465679748957732,0.0728052731356162,0.0639623654855739,0.949099202116046,0.311099815607843,0.295078881087095,"phh2o_0.5cm_Q0.5_250m",0.981583917917794
"OG0000887",-0.0833779877513555,0.0859943086069351,-0.969575651017344,0.334072442140709,0.0388967446926119,0.0165455061970913,"phh2o_0.5cm_Q0.5_250m",0.726589587112724
"OG0000893",0.121318442477493,0.0843538332073512,1.43820900443585,0.152796372394127,0.0752160683707991,0.0537094653096549,"phh2o_0.5cm_Q0.5_250m",0.525112314355685
"OG0000907",0.069731581322038,0.0857691195393875,0.813015006992294,0.417707426251222,0.0439237417614267,0.021689410174483,"phh2o_0.5cm_Q0.5_250m",0.735612621423427
"OG0000913",-0.0954505311560669,0.0867816431289417,-1.09989310774221,0.273427031120083,0.0212171128063386,-0.00154527991909537,"phh2o_0.5cm_Q0.5_250m",0.692387804610532
"OG0000949",0.0346249931802087,0.0824737612585049,0.419830412143815,0.675307743070099,0.115979711166985,0.0954210997987754,"phh2o_0.5cm_Q0.5_250m",0.91399410053453
"OG0000962",-0.133467455154073,0.0864034870370175,-1.54469986954221,0.12486856982662,0.0297287348652058,0.0071642868388152,"phh2o_0.5cm_Q0.5_250m",0.450449206150307
"OG0001019",-0.0922717333346573,0.0873348087321996,-1.05652871603115,0.292701313718811,0.00869938206225238,-0.014354120680486,"phh2o_0.5cm_Q0.5_250m",0.705527099856182
"OG0001038",0.0145871995019757,0.0758724417394363,0.192259523583959,0.847841250781522,0.251832650069432,0.234433409373372,"phh2o_0.5cm_Q0.5_250m",0.969489432529409
"OG0001079",0.0697119570028056,0.0831066454762053,0.838825302156676,0.40311904816884,0.102360127222275,0.081484781343723,"phh2o_0.5cm_Q0.5_250m",0.735612621423427
"OG0001115",-0.0715937926088108,0.08684187803798,-0.824415526544687,0.411225245755951,0.0198579000289445,-0.00293610229596375,"phh2o_0.5cm_Q0.5_250m",0.735612621423427
"OG0001127",-0.0308841996310525,0.0843505580988991,-0.366141022977482,0.714859626861191,0.0752878780031178,0.0537829449334228,"phh2o_0.5cm_Q0.5_250m",0.93240079837838
"OG0001135",0.0164256690587919,0.0873219904010416,0.188104611259479,0.851090224168779,0.00899035166023337,-0.0140563843476682,"phh2o_0.5cm_Q0.5_250m",0.969489432529409
"OG0001136",-0.191224024310541,0.0673813653051022,-2.83793632623322,0.00527577707268613,0.409920885776248,0.396198115678021,"phh2o_0.5cm_Q0.5_250m",0.165659400082344
"OG0001139",-0.0722237680139567,0.0844102103064044,-0.855628338702017,0.393789833309047,0.0739795138278545,0.0524441536843162,"phh2o_0.5cm_Q0.5_250m",0.735612621423427
"OG0001196",-0.118519259314287,0.0767765332839632,-1.54369120673808,0.125112799500106,0.233896181945086,0.216079814083344,"phh2o_0.5cm_Q0.5_250m",0.450449206150307
"OG0001202",-0.145194986614227,0.0864656161159522,-1.67922225199341,0.0955292878768196,0.0283328714522303,0.00573596148600308,"phh2o_0.5cm_Q0.5_250m",0.450449206150307
"OG0001349",-0.0443298282328081,0.0870119002418442,-0.509468568202695,0.611294256504684,0.0160162269457893,-0.00686711661361095,"phh2o_0.5cm_Q0.5_250m",0.872869202532454
"OG0001363",0.142498342898793,0.086666954892931,1.64420618071601,0.102568520209346,0.0238024684700512,0.00110020029493607,"phh2o_0.5cm_Q0.5_250m",0.450449206150307
"OG0001395",0.106869065559207,0.086463977335725,1.23599525319373,0.218706238476766,0.0283697030590389,0.00577364964180715,"phh2o_0.5cm_Q0.5_250m",0.624306898924587
"OG0001398",-0.0289779109991774,0.0840135561242375,-0.344919467000367,0.730716643063766,0.0826620388352938,0.061328597877975,"phh2o_0.5cm_Q0.5_250m",0.93240079837838
"OG0001408",-0.0071289820404056,0.0863572168456167,-0.0825522440486971,0.934335531720741,0.0307676423874995,0.00822735500116223,"phh2o_0.5cm_Q0.5_250m",0.981583917917794
"OG0001688",-0.0700758558227566,0.0846040589531365,-0.828280069418097,0.409041701632662,0.0697214048164702,0.0480870188819695,"phh2o_0.5cm_Q0.5_250m",0.735612621423427
"OG0001769",-0.0321366498745036,0.086409326963628,-0.371911817899367,0.710568722869602,0.0295975710739059,0.00703007272678746,"phh2o_0.5cm_Q0.5_250m",0.93240079837838
"OG0001820",-0.183790608743742,0.0772897180597322,-2.37794383726051,0.0188771687976725,0.223620470275888,0.205565132375327,"phh2o_0.5cm_Q0.5_250m",0.269428681930417
"OG0001885",-0.0898100337564213,0.0869113473457548,-1.03335222038539,0.303372472794754,0.0182891401398779,-0.00454134497314818,"phh2o_0.5cm_Q0.5_250m",0.705527099856182
"OG0001893",-0.148133735307929,0.0860852737073417,-1.72077904766301,0.0876885305908435,0.0368623520505086,0.0144638020981948,"phh2o_0.5cm_Q0.5_250m",0.450449206150307
"OG0001918",-0.148945550898641,0.0858979845181126,-1.73398190579471,0.0853103019171972,0.0410486439951847,0.0187474496694913,"phh2o_0.5cm_Q0.5_250m",0.450449206150307
"OG0001927",0.101997316378716,0.0868882881606074,1.17389027379824,0.242601668084446,0.0188100030675132,-0.00400836895417256,"phh2o_0.5cm_Q0.5_250m",0.662161447696256
"OG0001929",-0.065561755576246,0.0838129928652287,-0.78223856868671,0.435507878994465,0.0870366823869871,0.0658049773262194,"phh2o_0.5cm_Q0.5_250m",0.735612621423427
"OG0002370",0.0561274029449256,0.0859166185513572,0.653277606722558,0.514740005665664,0.0406325441357426,0.018321673069132,"phh2o_0.5cm_Q0.5_250m",0.824457266029887
"OG0002742",0.0678958722107346,0.0769446330685703,0.882399064145621,0.379202366743745,0.23053778939425,0.212643319380162,"phh2o_0.5cm_Q0.5_250m",0.735612621423427
"OG0002829",0.00633111639019897,0.0876957044274462,0.0721941448732751,0.942559217565589,0.000489704547360887,-0.0227547209282819,"phh2o_0.5cm_Q0.5_250m",0.981583917917794
"OG0002883",0.0516724390217316,0.0804429112828488,0.642349191466279,0.521786425334083,0.158980260468667,0.139421661874915,"phh2o_0.5cm_Q0.5_250m",0.824457266029887
"OG0002891",0.0723595263619943,0.0808161062891944,0.895360215735476,0.37226221139676,0.151158753014607,0.131418258898668,"phh2o_0.5cm_Q0.5_250m",0.735612621423427
"OG0002892",0.0576195145730135,0.0806579685793688,0.714368531564428,0.476289998775581,0.154477459774868,0.134814144885911,"phh2o_0.5cm_Q0.5_250m",0.795505636252832
"OG0002893",0.155225350108244,0.0794111250138707,1.9547053398517,0.0527806672626336,0.180416271931082,0.161356185231805,"phh2o_0.5cm_Q0.5_250m",0.409663697481134
"OG0002919",-0.0720605102208068,0.0870511671414664,-0.827794877278344,0.409315461129939,0.0151279183293127,-0.00777608357000559,"phh2o_0.5cm_Q0.5_250m",0.735612621423427
"OG0003687",-0.105886908411369,0.0869467040210605,-1.21783694509824,0.225508813865518,0.0174902319782984,-0.00535883239429946,"phh2o_0.5cm_Q0.5_250m",0.632230067444398
"OG0003730",0.282040915555506,0.0837302678347377,3.36844635576925,0.000997006742960302,0.0888380175603334,0.0676482040152249,"phh2o_0.5cm_Q0.5_250m",0.0782650293223837
"OG0003808",-0.0166855575106271,0.0823882767105952,-0.202523443586984,0.83982659759782,0.117811346081255,0.0972953308738421,"phh2o_0.5cm_Q0.5_250m",0.969489432529409
"OG0003820",-0.0216258786143126,0.0868271069473432,-0.249068284947324,0.803704086335877,0.0201912999242022,-0.00259494891476986,"phh2o_0.5cm_Q0.5_250m",0.960532284646107
"OG0000009",0.0694717763032646,0.0875312618728617,0.793679593059811,0.428839489403689,0.0198390342361545,-0.00295540682812101,"soc_5.15cm_Q0.5_250m",0.754614137627325
"OG0000012",-0.0938355760731849,0.0850081204121113,-1.10384249902573,0.271716282550493,0.0755320663732271,0.0540328121028369,"soc_5.15cm_Q0.5_250m",0.630101593843993
"OG0000015",0.0523612204741763,0.0879234389377704,0.59553198904374,0.552531290072722,0.0110362871440874,-0.0119628689688407,"soc_5.15cm_Q0.5_250m",0.803216782790902
"OG0000016",-0.0237491596054028,0.0791754680609573,-0.299956036724889,0.764693494569011,0.198040746055351,0.179390530847336,"soc_5.15cm_Q0.5_250m",0.924125387208093
"OG0000022",-0.0365281398938127,0.0871911941720604,-0.418942993506079,0.675954534275352,0.0274402863158738,0.00482261855577781,"soc_5.15cm_Q0.5_250m",0.882338354640921
"OG0000024",0.163328093449064,0.0859361958773276,1.90057392908353,0.0595891315453422,0.0552361351975083,0.0332648825276829,"soc_5.15cm_Q0.5_250m",0.38981223552578
"OG0000027",0.016974487484328,0.0770479124903808,0.220310803182983,0.825977388378927,0.240561207406856,0.222899840137248,"soc_5.15cm_Q0.5_250m",0.956715842392654
"OG0000029",-0.133589475496463,0.0842104091427345,-1.58637722885342,0.115102019658832,0.0928009661310166,0.0717033141805751,"soc_5.15cm_Q0.5_250m",0.466675950581911
"OG0000030",0.0777252243357178,0.0862709750913419,0.900942921456769,0.369297603344906,0.0478608173441541,0.0257180456544833,"soc_5.15cm_Q0.5_250m",0.715799058335188
"OG0000039",0.153303577965927,0.0863072061777807,1.77625466928153,0.0780483500007003,0.0470609126061964,0.0248995384807591,"soc_5.15cm_Q0.5_250m",0.437628248218212
"OG0000040",0.126868247757029,0.0875706413865579,1.448753209389,0.149832946381904,0.0189569049522327,-0.00385805074655265,"soc_5.15cm_Q0.5_250m",0.483707880006912
"OG0000042",0.0727018326725724,0.0865795230841546,0.839711632528938,0.402623626139774,0.0410379899369375,0.0187365478424477,"soc_5.15cm_Q0.5_250m",0.733065588127432
"OG0000045",0.0108685439700252,0.0543436017183856,0.199996754472535,0.841798056073929,0.622194860519531,0.613408694485102,"soc_5.15cm_Q0.5_250m",0.956715842392654
"OG0000046",0.103182933587805,0.087776988511314,1.17551234483859,0.241954819513824,0.0143280950424339,-0.00859450739843992,"soc_5.15cm_Q0.5_250m",0.59354541661985
"OG0000047",0.0327606078158495,0.080751788426265,0.405695136346898,0.685638721440716,0.16579013127858,0.146389901773431,"soc_5.15cm_Q0.5_250m",0.882338354640921
"OG0000049",0.133210428760753,0.08623125161501,1.54480453740238,0.124843247926371,0.048737440579526,0.0266150554767243,"soc_5.15cm_Q0.5_250m",0.466675950581911
"OG0000054",-0.00880912190733571,0.0864714188831629,-0.101873220320789,0.919015486848078,0.0434312371566895,0.0211854519742869,"soc_5.15cm_Q0.5_250m",0.956715842392654
"OG0000060",-0.00807416350637314,0.0816328666128602,-0.0989082442083586,0.921364654978639,0.147486786500383,0.127660897814346,"soc_5.15cm_Q0.5_250m",0.956715842392654
"OG0000065",0.0367709980462542,0.0813214332956478,0.452168592658366,0.651906951215529,0.153979136443688,0.134304232640053,"soc_5.15cm_Q0.5_250m",0.860883879895145
"OG0000074",-0.0725266224780089,0.0875232795577642,-0.828655220010835,0.408830106357453,0.0200177954412202,-0.0027724883857283,"soc_5.15cm_Q0.5_250m",0.733065588127432
"OG0000075",-0.294603816348547,0.0843275637039653,-3.49356489632219,0.000653564000758369,0.0902749972725027,0.0691186018602352,"soc_5.15cm_Q0.5_250m",0.0171015913531773
"OG0000077",-0.0928963545094054,0.0863007923927385,-1.07642527876977,0.283746091229858,0.0472025396993618,0.025044459227254,"soc_5.15cm_Q0.5_250m",0.645625164102721
"OG0000083",-0.0725070670048745,0.0744455935160409,-0.973960493568383,0.331898959596563,0.290995457663345,0.274506979934585,"soc_5.15cm_Q0.5_250m",0.685633377061321
"OG0000087",-0.0629870838198085,0.081392212411194,-0.773871135257971,0.440422915498445,0.152505806106472,0.132796638806622,"soc_5.15cm_Q0.5_250m",0.759850524541274
"OG0000090",0.0997398933687703,0.0706706958252488,1.41133311628065,0.160553728017154,0.361075180366634,0.346216463630975,"soc_5.15cm_Q0.5_250m",0.483707880006912
"OG0000093",0.0836963850056815,0.0847853712284669,0.987155965622289,0.325414121239978,0.080370537842911,0.0589838061648391,"soc_5.15cm_Q0.5_250m",0.685633377061321
"OG0000095",0.0565885804514815,0.0875153496142569,0.646613202151486,0.519031118705166,0.0201953676599311,-0.00259078658053569,"soc_5.15cm_Q0.5_250m",0.791144520744768
"OG0000096",0.0236373886203149,0.0761383562980454,0.310453098406613,0.756717448126847,0.258385832216968,0.241138991105735,"soc_5.15cm_Q0.5_250m",0.924125387208093
"OG0000100",-0.228138740479597,0.0858497169692279,-2.65741983239585,0.00886966891136726,0.0571366391131462,0.0352095842088008,"soc_5.15cm_Q0.5_250m",0.112780976806604
"OG0000103",-0.0125446619653936,0.0867099227166765,-0.144673891665007,0.885194141499798,0.0381471802287667,0.0157785100015287,"soc_5.15cm_Q0.5_250m",0.956715842392654
"OG0000106",0.119143235115209,0.0739127031116723,1.61194530979606,0.109417803811198,0.301109406739738,0.284856137129035,"soc_5.15cm_Q0.5_250m",0.466675950581911
"OG0000107",0.125273845044716,0.0832677962141884,1.50446932356029,0.134905030634662,0.11299684302731,0.0923688626325957,"soc_5.15cm_Q0.5_250m",0.483707880006912
"OG0000118",0.0326636969368124,0.0799627243145076,0.408486544409621,0.683593785754203,0.182013401848985,0.162990457705939,"soc_5.15cm_Q0.5_250m",0.882338354640921
"OG0000126",0.103169167877998,0.0875870460830945,1.17790441043211,0.241003154616193,0.0185893109404833,-0.00423419345624976,"soc_5.15cm_Q0.5_250m",0.59354541661985
"OG0000141",-0.116947538487935,0.0834845349833297,-1.40082877039787,0.163666227809929,0.108373250629703,0.0876377448303942,"soc_5.15cm_Q0.5_250m",0.483707880006912
"OG0000142",-0.0256053838321773,0.0878196901366341,-0.291567685929422,0.771085514167262,0.0133688452212802,-0.00957606535496902,"soc_5.15cm_Q0.5_250m",0.924125387208093
"OG0000147",0.0402219361578315,0.0797496376018271,0.504352588517718,0.614874004615114,0.186367176295648,0.167445482721129,"soc_5.15cm_Q0.5_250m",0.843048781933056
"OG0000150",0.147744187264856,0.0769142437000748,1.92089501446547,0.0569513952037194,0.243193990173667,0.225593850410264,"soc_5.15cm_Q0.5_250m",0.388755175955823
"OG0000159",0.125109250772296,0.0870113680059399,1.43784948610111,0.152898203955381,0.0314478316863143,0.00892336265576343,"soc_5.15cm_Q0.5_250m",0.483707880006912
"OG0000164",-0.0274092238051299,0.0879220227418445,-0.31174469092469,0.755737838881884,0.0110681456591411,-0.0119302695580881,"soc_5.15cm_Q0.5_250m",0.924125387208093
"OG0000170",0.119764347379205,0.0860484906651367,1.39182391757777,0.166370863187091,0.0527654329957172,0.0307367221351524,"soc_5.15cm_Q0.5_250m",0.483707880006912
"OG0000182",-0.00388560383579816,0.0850360943448957,-0.0456935830100409,0.963625138272017,0.0749235301816572,0.053410123906812,"soc_5.15cm_Q0.5_250m",0.969802222491709
"OG0000184",-0.321103576059151,0.0779395401655385,-4.11990596014742,6.73065939157256e-05,0.222882475715589,0.204809975150835,"soc_5.15cm_Q0.5_250m",0.00461803379436283
"OG0000185",0.0584480907750855,0.082239086211101,0.710709389754819,0.478547316826791,0.134777954880428,0.11465651197067,"soc_5.15cm_Q0.5_250m",0.777228523652648
"OG0000186",-0.0493393409618559,0.0742791431243281,-0.664242193522237,0.507720862061554,0.29416239196733,0.277747563873547,"soc_5.15cm_Q0.5_250m",0.789229458848158
"OG0000192",0.0118290748563083,0.0883397359606594,0.133904349245238,0.89368689031933,0.00164909045314865,-0.0215683725595688,"soc_5.15cm_Q0.5_250m",0.956715842392654
"OG0000196",0.311800901025508,0.0712592727686341,4.37558354037471,2.47548663275869e-05,0.350388363280191,0.335281115914614,"soc_5.15cm_Q0.5_250m",0.00388651401343115
"OG0000199",-0.190113485083537,0.0832786465703261,-2.28285992764055,0.0240748101759476,0.112765662963911,0.0921323062886533,"soc_5.15cm_Q0.5_250m",0.222337952801398
"OG0000205",-0.0520284808756879,0.0869927527500871,-0.598078336768528,0.550836245302082,0.0318622124316321,0.00934738016260028,"soc_5.15cm_Q0.5_250m",0.803216782790902
"OG0000206",-0.0104314429446355,0.0818425239711526,-0.1274574932258,0.898776785142916,0.143102150783882,0.123174293825368,"soc_5.15cm_Q0.5_250m",0.956715842392654
"OG0000210",0.0067242975638514,0.0880250654020127,0.0763907136352737,0.939226606298335,0.00874877494046742,-0.0143035791306845,"soc_5.15cm_Q0.5_250m",0.956718677453332
"OG0000217",-0.00850632943266023,0.0874958470815734,-0.097219807755329,0.922702724767275,0.0206320120381977,-0.0021439876818441,"soc_5.15cm_Q0.5_250m",0.956715842392654
"OG0000220",0.123339608702708,0.0877396368167152,1.40574560344215,0.162203660379018,0.0151667814302116,-0.00773631667606245,"soc_5.15cm_Q0.5_250m",0.483707880006912
"OG0000224",-0.0770245175111245,0.0835933896170698,-0.921418761267651,0.358551848230946,0.106046568699221,0.0852569540178076,"soc_5.15cm_Q0.5_250m",0.703658002153231
"OG0000228",-0.163686508485268,0.0780177246388565,-2.09806821774118,0.0378498826757082,0.221322574311362,0.203213796969766,"soc_5.15cm_Q0.5_250m",0.297121579004309
"OG0000242",0.0635456214422127,0.0867170230909717,0.732792930121106,0.465014186732953,0.0379896482083048,0.0156173144457071,"soc_5.15cm_Q0.5_250m",0.776672631032698
"OG0000255",-0.0382546182901793,0.0831026917814556,-0.460329472729737,0.646054757343907,0.116510877746541,0.0959646190894834,"soc_5.15cm_Q0.5_250m",0.860883879895145
"OG0000261",0.0577658865543753,0.0825700163418253,0.699598826712529,0.48543749956458,0.127800636677516,0.107516930553737,"soc_5.15cm_Q0.5_250m",0.777228523652648
"OG0000264",-0.0913701970330625,0.087705282886874,-1.04178669773993,0.299459091481869,0.015937841557434,-0.00694732491797456,"soc_5.15cm_Q0.5_250m",0.67164396232362
"OG0000266",-0.00818137629198643,0.0836631256484518,-0.0977895127462026,0.922251214061825,0.104554422775664,0.0837301070262614,"soc_5.15cm_Q0.5_250m",0.956715842392654
"OG0000269",-0.0994366076685568,0.0750983868864168,-1.32408446827161,0.187816346955657,0.278506801884477,0.261727890300395,"soc_5.15cm_Q0.5_250m",0.517318710035756
"OG0000271",-0.116246673592571,0.0874443800646047,-1.3293784404062,0.18606933593378,0.021783845543838,-0.000965367350491242,"soc_5.15cm_Q0.5_250m",0.517318710035756
"OG0000276",0.136116110682698,0.0805012848265302,1.69085637547289,0.0932790022688044,0.17095778013699,0.151677728512269,"soc_5.15cm_Q0.5_250m",0.466675950581911
"OG0000297",0.00689259168571631,0.0848956352017524,0.0811889995208379,0.93541747726902,0.077977013252887,0.0565346182122564,"soc_5.15cm_Q0.5_250m",0.956718677453332
"OG0000298",0.158489419058117,0.0872112303700635,1.81730516110825,0.0714913914881564,0.0269932540638729,0.00436519020489312,"soc_5.15cm_Q0.5_250m",0.431698017832329
"OG0000299",-0.211865906767124,0.0674528579150028,-3.14094781623776,0.00208864669521337,0.417934666677037,0.404398263576503,"soc_5.15cm_Q0.5_250m",0.036435281238722
"OG0000319",0.073504477004437,0.0872386291173036,0.842567997092214,0.40102955064436,0.0263817880066961,0.00373950400685175,"soc_5.15cm_Q0.5_250m",0.733065588127432
"OG0000325",-0.117976775766023,0.0875603165089214,-1.34737721915387,0.180220609286732,0.0191882279760538,-0.00362134811752646,"soc_5.15cm_Q0.5_250m",0.514447921054852
"OG0000329",-0.0696654784939199,0.0844422275941977,-0.825007587775986,0.410890265956777,0.0877993292350179,0.0665853601474601,"soc_5.15cm_Q0.5_250m",0.733065588127432
"OG0000338",-0.081482383471724,0.0859024543010535,-0.94854546514074,0.34462543080183,0.0559778846664558,0.0340238819842803,"soc_5.15cm_Q0.5_250m",0.690373720348906
"OG0000343",-0.131327229067938,0.0839522704224438,-1.5643082480927,0.120195077905563,0.0983543001490178,0.0773857955013205,"soc_5.15cm_Q0.5_250m",0.466675950581911
"OG0000348",-0.0466000598030845,0.0833945261944844,-0.558790389844155,0.577273499147241,0.110294827621241,0.0896040096589442,"soc_5.15cm_Q0.5_250m",0.816503958253305
"OG0000361",0.0590172121755915,0.0873976582638525,0.675272236670452,0.50071142975744,0.0228288940724672,0.000103984632291998,"soc_5.15cm_Q0.5_250m",0.786116944719181
"OG0000367",0.0877656198055011,0.0877771259177167,0.999868916735479,0.319245805747647,0.0143250090915706,-0.00859766511560212,"soc_5.15cm_Q0.5_250m",0.685633377061321
"OG0000372",0.0524117655045901,0.0843171017929501,0.621603024654393,0.535299901989932,0.0905007092752573,0.069349562979333,"soc_5.15cm_Q0.5_250m",0.800400805832565
"OG0000375",0.180888156269933,0.0834303668534994,2.16813329596843,0.031983702897093,0.109529921976454,0.0888213155107898,"soc_5.15cm_Q0.5_250m",0.264286387097031
"OG0000382",0.130967470518962,0.0875021382861024,1.49673451511256,0.136905061790724,0.0204911681915876,-0.00228810696674753,"soc_5.15cm_Q0.5_250m",0.483707880006912
"OG0000384",0.139439015779255,0.0867166507351505,1.60798433284893,0.110283406308767,0.0379979097784703,0.0156257681454114,"soc_5.15cm_Q0.5_250m",0.466675950581911
"OG0000385",-0.326499236069568,0.0834522940866217,-3.91240575999826,0.000147071139947861,0.109061792407208,0.088342299207375,"soc_5.15cm_Q0.5_250m",0.00461803379436283
"OG0000386",0.0231922206808533,0.0866580658109731,0.267629106002001,0.789412254832958,0.0392973091741323,0.0169553861316702,"soc_5.15cm_Q0.5_250m",0.938922151581625
"OG0000388",0.142252928592159,0.0863145887024364,1.64807514848465,0.101770794171533,0.0468978810934713,0.0247327155375054,"soc_5.15cm_Q0.5_250m",0.466675950581911
"OG0000402",0.0741286299341692,0.0878033494278549,0.844257427731481,0.400088523039822,0.0137359782048906,-0.00920039439499565,"soc_5.15cm_Q0.5_250m",0.733065588127432
"OG0000434",-0.0434838967616396,0.0877713622886196,-0.495422374995741,0.621144892736572,0.0144544477917584,-0.00846521621308449,"soc_5.15cm_Q0.5_250m",0.843048781933056
"OG0000440",-0.051680861387094,0.0879799250268179,-0.587416519977038,0.557950785051328,0.00976516678267995,-0.0132635502688858,"soc_5.15cm_Q0.5_250m",0.803653883055582
"OG0000442",0.164496108270773,0.0842873274219208,1.95161139049228,0.0531512768679934,0.0911429274611844,0.0700067164719095,"soc_5.15cm_Q0.5_250m",0.388755175955823
"OG0000445",-0.0108199744989828,0.0837546962947534,-0.129186481208225,0.897411299354198,0.102593190682942,0.0817232648848708,"soc_5.15cm_Q0.5_250m",0.956715842392654
"OG0000448",0.0819619618786019,0.0869056711854076,0.943114077143958,0.347385502595946,0.0337994946578223,0.0113297154638181,"soc_5.15cm_Q0.5_250m",0.690373720348906
"OG0000452",0.136967854732462,0.0872028725191402,1.57068053810268,0.118706483866581,0.0271797404973349,0.00455601353215651,"soc_5.15cm_Q0.5_250m",0.466675950581911
"OG0000473",0.00872164746477334,0.0745654598464923,0.116966320367749,0.90706865106843,0.288710454954991,0.272168837628363,"soc_5.15cm_Q0.5_250m",0.956715842392654
"OG0000500",0.203336598487315,0.0851372957166832,2.38833752911263,0.0183740850564969,0.072720354779025,0.0511557118669093,"soc_5.15cm_Q0.5_250m",0.192315423591334
"OG0000501",0.0127853271255387,0.0883443085620083,0.144721571017388,0.885156570964454,0.00154573540429736,-0.0216741312142075,"soc_5.15cm_Q0.5_250m",0.956715842392654
"OG0000503",0.0890291862159448,0.0808559189209043,1.10108434118516,0.272910244467462,0.163637294893781,0.144186999426195,"soc_5.15cm_Q0.5_250m",0.630101593843993
"OG0000504",-0.207703615762218,0.0762615933928961,-2.72356774257442,0.00735312085860563,0.255983144657534,0.23868042709143,"soc_5.15cm_Q0.5_250m",0.10494908861828
"OG0000510",0.073725560507061,0.0611641532612143,1.20537204516182,0.23026613605616,0.52140852328833,0.510278488946198,"soc_5.15cm_Q0.5_250m",0.592652186242903
"OG0000513",-0.259308224479627,0.0767661477591564,-3.3778980976507,0.000966071098064984,0.24610559638817,0.228573168397197,"soc_5.15cm_Q0.5_250m",0.0216675946280289
"OG0000534",0.108373674471338,0.0869893533271862,1.24582687795966,0.215085880450052,0.0319378749519865,0.00942480227645126,"soc_5.15cm_Q0.5_250m",0.571763693214175
"OG0000535",0.248105691352113,0.0845302597272072,2.93511095497387,0.00394854225436155,0.0858963754281171,0.064638151600864,"soc_5.15cm_Q0.5_250m",0.0619921133934763
"OG0000546",0.0961451064802768,0.0866083105518577,1.11011409722291,0.269014892661395,0.040400179138585,0.0180839042348311,"soc_5.15cm_Q0.5_250m",0.630101593843993
"OG0000589",-0.132639731337384,0.071956607579332,-1.84332941476082,0.067576078445683,0.337612109001705,0.322207739443605,"soc_5.15cm_Q0.5_250m",0.424377772638889
"OG0000594",-0.135662149635583,0.0808818807885684,-1.67728727760688,0.0959077837240622,0.163100116561321,0.143637328574375,"soc_5.15cm_Q0.5_250m",0.466675950581911
"OG0000598",0.00613465324686184,0.0880004979854444,0.0697115742217337,0.944531178377494,0.00930200562134745,-0.0137374826200167,"soc_5.15cm_Q0.5_250m",0.956718677453332
"OG0000601",-0.0723390111322221,0.0811176179456423,-0.891779282531413,0.374171643296217,0.158214574724135,0.138638169485161,"soc_5.15cm_Q0.5_250m",0.716401804847635
"OG0000618",0.0104027803136928,0.0881615888529271,0.117996742674941,0.906253771312514,0.00567160635478272,-0.0174523097765014,"soc_5.15cm_Q0.5_250m",0.956715842392654
"OG0000620",0.0492610211802718,0.0666206876855005,0.739425288024956,0.460992209902929,0.43220802911503,0.419003564675845,"soc_5.15cm_Q0.5_250m",0.776672631032698
"OG0000639",-0.0109932775452324,0.0872831538838758,-0.125949591141702,0.899967913801708,0.0253877057622754,0.00272230357070036,"soc_5.15cm_Q0.5_250m",0.956715842392654
"OG0000679",-0.193891698853908,0.0835631326793732,-2.32030193982625,0.0218944709993861,0.106693591108131,0.0859190234594828,"soc_5.15cm_Q0.5_250m",0.214839496681476
"OG0000692",0.0543768859706504,0.0859580312919552,0.632598084825373,0.528115851419805,0.0547559665947509,0.0327735472132334,"soc_5.15cm_Q0.5_250m",0.79725181416259
"OG0000725",0.00968220283906136,0.0881749746275867,0.109806698328577,0.912733317391697,0.00536964114700737,-0.0177612974309693,"soc_5.15cm_Q0.5_250m",0.956715842392654
"OG0000728",0.21196302800658,0.0859413903214298,2.46636722089107,0.0149614931607932,0.0551219185661149,0.0331480096955594,"soc_5.15cm_Q0.5_250m",0.167782459017466
"OG0000731",-0.03798692131771,0.0841685763527669,-0.451319518088312,0.652517080939632,0.0937020718433884,0.0726253758397463,"soc_5.15cm_Q0.5_250m",0.860883879895145
"OG0000736",-0.115903399794733,0.0804044202101751,-1.44150532385861,0.151865140427457,0.172951699677823,0.153718018274982,"soc_5.15cm_Q0.5_250m",0.483707880006912
"OG0000739",-0.044392394157397,0.0849797323229413,-0.522388020577617,0.602296140961984,0.076149407304738,0.0546645098001971,"soc_5.15cm_Q0.5_250m",0.843048781933056
"OG0000761",-0.0527296189684423,0.0870373757450437,-0.605827307143334,0.545693911760894,0.0308687437508227,0.0083308075589813,"soc_5.15cm_Q0.5_250m",0.803216782790902
"OG0000817",0.0137043375323412,0.0747270105514653,0.183392021589073,0.854778373290816,0.285625010118198,0.269011638260482,"soc_5.15cm_Q0.5_250m",0.956715842392654
"OG0000822",0.06519083984309,0.088085531811926,0.740085670167501,0.4605928222923,0.00738648139812459,-0.015697553918198,"soc_5.15cm_Q0.5_250m",0.776672631032698
"OG0000862",0.0416611990383571,0.0732919555393618,0.568427990927091,0.570732577084279,0.312799220940455,0.296817807473954,"soc_5.15cm_Q0.5_250m",0.81459104183847
"OG0000887",0.0827097752470826,0.0866860414248016,0.954130260046904,0.341802203186008,0.0386769263989578,0.0163205758500963,"soc_5.15cm_Q0.5_250m",0.690373720348906
"OG0000893",-0.0946849876680544,0.0852951540019478,-1.11008636746107,0.269026795612562,0.06927851466754,0.0476338289621339,"soc_5.15cm_Q0.5_250m",0.630101593843993
"OG0000907",-0.0429398074066657,0.0865878575858234,-0.495910265063494,0.620801565614139,0.0408533537808911,0.0185476178223072,"soc_5.15cm_Q0.5_250m",0.843048781933056
"OG0000913",0.0882583423133511,0.0875346584137778,1.00826739845322,0.315213604700516,0.0197629649245682,-0.00303324519346515,"soc_5.15cm_Q0.5_250m",0.685633377061321
"OG0000949",-0.0171059025520604,0.0831708048231947,-0.20567196131412,0.8373713783636,0.115062024730841,0.0944820718176045,"soc_5.15cm_Q0.5_250m",0.956715842392654
"OG0000962",0.0857687844552903,0.0875652818162971,0.979483908191197,0.329174296324329,0.0190769864866855,-0.00373517661827538,"soc_5.15cm_Q0.5_250m",0.685633377061321
"OG0001019",0.269177213462394,0.0851714285243628,3.16041679852061,0.00196340900631464,0.0719766853415923,0.0503947477913967,"soc_5.15cm_Q0.5_250m",0.036435281238722
"OG0001038",0.106079284454146,0.0759125737783091,1.39738753640384,0.164695828419256,0.26277771176578,0.24563300738824,"soc_5.15cm_Q0.5_250m",0.483707880006912
"OG0001079",-0.148364561332658,0.08297172565842,-1.78813397160677,0.0761018231378425,0.119293362115358,0.0988118123971108,"soc_5.15cm_Q0.5_250m",0.437628248218212
"OG0001115",0.0877017615082992,0.0874203408472088,1.00321916682506,0.317633238494777,0.0223216118008645,-0.000415094901440982,"soc_5.15cm_Q0.5_250m",0.685633377061321
"OG0001127",-0.0555351884049852,0.0849228643418889,-0.653948601891329,0.514308997357746,0.0773854653070946,0.0559293133374922,"soc_5.15cm_Q0.5_250m",0.791144520744768
"OG0001135",0.0291146661966409,0.0879890762265939,0.330889554081274,0.741264769306095,0.00955915824009916,-0.0134743497078056,"soc_5.15cm_Q0.5_250m",0.924125387208093
"OG0001136",0.109378144370689,0.0693380433247634,1.57746222890062,0.117138353167368,0.384944667476643,0.370641055092379,"soc_5.15cm_Q0.5_250m",0.466675950581911
"OG0001139",0.0275330020097979,0.0852861068510057,0.322831033404982,0.74734588152951,0.0694759451380462,0.0478358508389309,"soc_5.15cm_Q0.5_250m",0.924125387208093
"OG0001196",0.166714771918021,0.0767049388683306,2.17345550857161,0.0315721979426002,0.24730734077412,0.229802860327006,"soc_5.15cm_Q0.5_250m",0.264286387097031
"OG0001202",0.125615070313404,0.0874015622705348,1.4372176772377,0.153077286831498,0.0227415927006147,1.46529959778041e-05,"soc_5.15cm_Q0.5_250m",0.483707880006912
"OG0001349",0.10791721296789,0.0872742803026287,1.23652939438378,0.218508417788857,0.0255858622536678,0.00292506835259021,"soc_5.15cm_Q0.5_250m",0.571763693214175
"OG0001363",-0.326499236069568,0.0834522940866217,-3.91240575999826,0.000147071139947861,0.109061792407208,0.088342299207375,"soc_5.15cm_Q0.5_250m",0.00461803379436283
"OG0001395",-0.14215860168261,0.0867659160687888,-1.6384152686166,0.103771918916724,0.0369045369128376,0.0145069680038338,"soc_5.15cm_Q0.5_250m",0.466675950581911
"OG0001398",0.000792839715122886,0.0847186826009825,0.00935849910293213,0.99254756445568,0.0818166530486839,0.0604635519567928,"soc_5.15cm_Q0.5_250m",0.99254756445568
"OG0001408",0.0312240790195358,0.0870007908656148,0.35889419749949,0.720260967048903,0.0316832926327968,0.00916429943821062,"soc_5.15cm_Q0.5_250m",0.911943321182886
"OG0001688",-0.0590684646253282,0.0853429964997516,-0.692130192844824,0.490099514914727,0.0682341287550126,0.0465651550051291,"soc_5.15cm_Q0.5_250m",0.777228523652648
"OG0001769",0.0258372432989685,0.0871114214737493,0.296599950521465,0.76724895254528,0.029219094876535,0.00664279475738461,"soc_5.15cm_Q0.5_250m",0.924125387208093
"OG0001820",0.122249196773848,0.0788604645035044,1.55019625541789,0.123544320044817,0.204409321913877,0.185907213121176,"soc_5.15cm_Q0.5_250m",0.466675950581911
"OG0001885",0.0182210949919832,0.0879476244332578,0.207181207103678,0.836195032326618,0.0104921349271433,-0.0125196758885047,"soc_5.15cm_Q0.5_250m",0.956715842392654
"OG0001893",0.135609760965872,0.0869419882255498,1.55977294439213,0.121263522435316,0.0329917942201064,0.0105032312949926,"soc_5.15cm_Q0.5_250m",0.466675950581911
"OG0001918",0.109292355810681,0.0870519841110154,1.25548380001659,0.211572580417802,0.0305433981843511,0.0079978958165452,"soc_5.15cm_Q0.5_250m",0.571763693214175
"OG0001927",-0.104095313577123,0.0875653907421865,-1.18877232996772,0.236713021851443,0.0190745460679337,-0.00373767379095158,"soc_5.15cm_Q0.5_250m",0.59354541661985
"OG0001929",0.161344792661156,0.0834775578916796,1.9327924383044,0.0554531873531764,0.108522277071444,0.0877902370033379,"soc_5.15cm_Q0.5_250m",0.388755175955823
"OG0002370",0.137177447582332,0.0858959803213683,1.59701824310173,0.112708423393509,0.0561201704660681,0.0341694767559766,"soc_5.15cm_Q0.5_250m",0.466675950581911
"OG0002742",-0.113351873619164,0.0771455386431243,-1.46932506549122,0.14417918956489,0.238635443122056,0.220929290636523,"soc_5.15cm_Q0.5_250m",0.483707880006912
"OG0002829",-0.00819803392947013,0.0883898541372074,-0.0927485853381355,0.926247184991614,0.000515971363835082,-0.0227278432556106,"soc_5.15cm_Q0.5_250m",0.956715842392654
"OG0002883",-0.0399945477595029,0.0811339048608382,-0.492944938717076,0.622889545886844,0.15787651094594,0.138292243758636,"soc_5.15cm_Q0.5_250m",0.843048781933056
"OG0002891",-0.21003948392543,0.0795893674560227,-2.63903949282532,0.00933855221965513,0.189634150890528,0.170788433469377,"soc_5.15cm_Q0.5_250m",0.112780976806604
"OG0002892",0.063974166699052,0.0812631536433613,0.787246911187015,0.432581352779995,0.15519131709669,0.135544603540799,"soc_5.15cm_Q0.5_250m",0.754614137627325
"OG0002893",-0.058107083194619,0.0810561760875157,-0.716874222290985,0.474747653872561,0.159489298371513,0.139942537868525,"soc_5.15cm_Q0.5_250m",0.777228523652648
"OG0002919",0.0617491505683325,0.0878059468989201,0.703245654185775,0.483169958483057,0.0136776243910906,-0.00926010527423293,"soc_5.15cm_Q0.5_250m",0.777228523652648
"OG0003687",0.0124777956388144,0.0881315704243882,0.141581451218092,0.887631486933555,0.00634861534850636,-0.0167595563875749,"soc_5.15cm_Q0.5_250m",0.956715842392654
"OG0003730",-0.332259402605145,0.0830243720570482,-4.00195020296981,0.000105317533376415,0.118175373011899,0.097667823547059,"soc_5.15cm_Q0.5_250m",0.00461803379436283
"OG0003808",0.0699188470718318,0.0828262516720702,0.844162879042963,0.400141151981817,0.122378933455468,0.101969141210246,"soc_5.15cm_Q0.5_250m",0.733065588127432
"OG0003820",0.0326563450992727,0.0874893387527418,0.373260851720053,0.709566972818406,0.0207777060810666,-0.00199490540542024,"soc_5.15cm_Q0.5_250m",0.90570743684951
