qseqid	sseqid	pident	length	mismatch	gapopen	qstart	qend	sstart	send	evalue	bitscore	stitle
AT1G49920	CP087126.2	100	2810	0	0	1	2810	20685249	20688058	0	5190	GCA_020911765.2_ASM2091176v2_genomic
AT1G49920	CP087126.2	75.932	1180	246	29	967	2142	26043286	26042141	2.9e-161	571	GCA_020911765.2_ASM2091176v2_genomic
AT1G49920	CP087126.2	83.402	241	33	7	466	702	26050465	26050228	1.56e-54	217	GCA_020911765.2_ASM2091176v2_genomic
AT1G64253	CP087126.2	100	2220	0	0	1	2220	26042791	26045010	0	4100	GCA_020911765.2_ASM2091176v2_genomic
AT1G64253	CP087126.2	77.966	944	172	29	52	977	26039468	26040393	1.78e-157	558	GCA_020911765.2_ASM2091176v2_genomic
AT1G64253	CP087126.2	76.313	971	198	25	2	956	26049502	26050456	6.57e-137	490	GCA_020911765.2_ASM2091176v2_genomic
AT1G64253	CP087126.2	79.365	504	94	7	1	496	20686716	20686215	1.51e-93	346	GCA_020911765.2_ASM2091176v2_genomic
AT1G64253	CP087126.2	81.731	208	30	7	2016	2220	19671042	19671244	1.26e-39	167	GCA_020911765.2_ASM2091176v2_genomic
AT1G64253	CP087126.2	92.105	114	7	2	2107	2220	19668346	19668457	2.11e-37	159	GCA_020911765.2_ASM2091176v2_genomic
AT1G64255	CP087126.2	100	2253	0	0	1	2253	26045526	26047778	0	4161	GCA_020911765.2_ASM2091176v2_genomic
AT1G64255	CP087126.2	82.975	1768	265	23	501	2253	26038723	26040469	0	1565	GCA_020911765.2_ASM2091176v2_genomic
AT1G64255	CP087126.2	79.667	1623	287	34	561	2164	26048867	26050465	0	1129	GCA_020911765.2_ASM2091176v2_genomic
AT1G64255	CP087126.2	77.278	1646	342	27	545	2177	26042141	26043767	0	939	GCA_020911765.2_ASM2091176v2_genomic
AT1G64255	CP087126.2	82.243	642	108	5	1030	1668	26052637	26053275	1.09e-154	549	GCA_020911765.2_ASM2091176v2_genomic
AT1G64255	CP087126.2	79.72	143	25	4	237	377	26051709	26051849	1.31e-19	100	GCA_020911765.2_ASM2091176v2_genomic
AT1G64260	CP087126.2	100	2738	0	0	1	2738	26047977	26050714	0	5057	GCA_020911765.2_ASM2091176v2_genomic
AT1G64260	CP087126.2	79.667	1623	287	33	891	2489	26046086	26047689	0	1129	GCA_020911765.2_ASM2091176v2_genomic
AT1G64260	CP087126.2	79.104	1651	316	24	843	2480	26038738	26040372	0	1110	GCA_020911765.2_ASM2091176v2_genomic
AT1G64260	CP087126.2	77.792	1612	314	34	891	2480	26042157	26043746	0	953	GCA_020911765.2_ASM2091176v2_genomic
AT1G64260	CP087126.2	78.158	760	131	23	30	781	26041157	26041889	3.83e-125	451	GCA_020911765.2_ASM2091176v2_genomic
AT1G64260	CP087126.2	83.402	241	33	7	2252	2489	20685950	20685714	1.52e-54	217	GCA_020911765.2_ASM2091176v2_genomic
AT1G49920	CP086744.1	99.964	2810	1	0	1	2810	18956692	18959501	0	5184	GCA_024498495.1_ASM2449849v1_genomic
AT1G49920	CP086744.1	75.932	1180	246	29	967	2142	24369990	24368845	2.65e-161	571	GCA_024498495.1_ASM2449849v1_genomic
AT1G49920	CP086744.1	83.402	241	33	7	466	702	24377169	24376932	1.43e-54	217	GCA_024498495.1_ASM2449849v1_genomic
AT1G64253	CP086744.1	100	2220	0	0	1	2220	24369495	24371714	0	4100	GCA_024498495.1_ASM2449849v1_genomic
AT1G64253	CP086744.1	77.966	944	172	29	52	977	24366172	24367097	1.63e-157	558	GCA_024498495.1_ASM2449849v1_genomic
AT1G64253	CP086744.1	76.313	971	198	25	2	956	24376206	24377160	6.02e-137	490	GCA_024498495.1_ASM2449849v1_genomic
AT1G64253	CP086744.1	79.365	504	94	7	1	496	18958159	18957658	1.38e-93	346	GCA_024498495.1_ASM2449849v1_genomic
AT1G64253	CP086744.1	81.731	208	30	7	2016	2220	17943167	17943369	1.15e-39	167	GCA_024498495.1_ASM2449849v1_genomic
AT1G64253	CP086744.1	92.982	114	6	2	2107	2220	17946045	17946156	4.15e-39	165	GCA_024498495.1_ASM2449849v1_genomic
AT1G64255	CP086744.1	100	2253	0	0	1	2253	24372230	24374482	0	4161	GCA_024498495.1_ASM2449849v1_genomic
AT1G64255	CP086744.1	82.975	1768	265	23	501	2253	24365427	24367173	0	1565	GCA_024498495.1_ASM2449849v1_genomic
AT1G64255	CP086744.1	79.667	1623	287	34	561	2164	24375571	24377169	0	1129	GCA_024498495.1_ASM2449849v1_genomic
AT1G64255	CP086744.1	77.278	1646	342	27	545	2177	24368845	24370471	0	939	GCA_024498495.1_ASM2449849v1_genomic
AT1G64255	CP086744.1	82.243	642	108	5	1030	1668	24379341	24379979	9.94e-155	549	GCA_024498495.1_ASM2449849v1_genomic
AT1G64255	CP086744.1	79.72	143	25	4	237	377	24378413	24378553	1.2e-19	100	GCA_024498495.1_ASM2449849v1_genomic
AT1G64260	CP086744.1	100	2738	0	0	1	2738	24374681	24377418	0	5057	GCA_024498495.1_ASM2449849v1_genomic
AT1G64260	CP086744.1	79.667	1623	287	33	891	2489	24372790	24374393	0	1129	GCA_024498495.1_ASM2449849v1_genomic
AT1G64260	CP086744.1	79.104	1651	316	24	843	2480	24365442	24367076	0	1110	GCA_024498495.1_ASM2449849v1_genomic
AT1G64260	CP086744.1	77.792	1612	314	34	891	2480	24368861	24370450	0	953	GCA_024498495.1_ASM2449849v1_genomic
AT1G64260	CP086744.1	78.158	760	131	23	30	781	24367861	24368593	3.51e-125	451	GCA_024498495.1_ASM2449849v1_genomic
AT1G64260	CP086744.1	83.402	241	33	7	2252	2489	18957393	18957157	1.39e-54	217	GCA_024498495.1_ASM2449849v1_genomic
AT1G49920	CM046288.1	99.929	2810	2	0	1	2810	17789798	17792607	0	5179	GCA_025388435.1_AtA1-141.20181003_genomic
AT1G49920	CM046288.1	75.655	1183	244	30	967	2142	23017026	23015881	1.21e-154	549	GCA_025388435.1_AtA1-141.20181003_genomic
AT1G49920	CM046288.1	82.927	246	35	5	433	676	23017524	23017284	5.03e-54	215	GCA_025388435.1_AtA1-141.20181003_genomic
AT1G64253	CM046288.1	96.629	2017	37	6	1	2016	23016531	23018517	0	3319	GCA_025388435.1_AtA1-141.20181003_genomic
AT1G64253	CM046288.1	78.178	944	170	29	52	977	23013197	23014122	7.34e-161	569	GCA_025388435.1_AtA1-141.20181003_genomic
AT1G64253	CM046288.1	83.924	423	66	2	100	521	23021488	23021909	7.88e-111	403	GCA_025388435.1_AtA1-141.20181003_genomic
AT1G64253	CM046288.1	79.365	504	94	7	1	496	17791265	17790764	1.35e-93	346	GCA_025388435.1_AtA1-141.20181003_genomic
AT1G64253	CM046288.1	81.731	208	29	8	2016	2220	16779594	16779795	4.05e-39	165	GCA_025388435.1_AtA1-141.20181003_genomic
AT1G64253	CM046288.1	81.25	208	31	7	2016	2220	16776807	16777009	5.24e-38	161	GCA_025388435.1_AtA1-141.20181003_genomic
AT1G64253	CM046292.1	92.982	114	6	2	2107	2220	15150361	15150250	4.05e-39	165	GCA_025388435.1_AtA1-141.20181003_genomic
AT1G64253	CM046292.1	80.676	207	30	8	2016	2220	15153198	15153000	3.15e-35	152	GCA_025388435.1_AtA1-141.20181003_genomic
AT1G64255	CM046288.1	91.46	2260	167	14	1	2253	23018872	23021112	0	3081	GCA_025388435.1_AtA1-141.20181003_genomic
AT1G64255	CM046288.1	82.931	1740	266	21	528	2253	23012476	23014198	0	1539	GCA_025388435.1_AtA1-141.20181003_genomic
AT1G64255	CM046288.1	77.521	1646	338	27	545	2177	23015881	23017507	0	961	GCA_025388435.1_AtA1-141.20181003_genomic
AT1G64260	CM046288.1	79.205	1635	311	24	859	2480	23012483	23014101	0	1109	GCA_025388435.1_AtA1-141.20181003_genomic
AT1G64260	CM046288.1	77.985	1608	318	29	891	2480	23015897	23017486	0	976	GCA_025388435.1_AtA1-141.20181003_genomic
AT1G64260	CM046288.1	78.158	760	131	23	30	781	23014887	23015619	3.43e-125	451	GCA_025388435.1_AtA1-141.20181003_genomic
AT1G64260	CM046288.1	83.402	241	33	7	2252	2489	17790499	17790263	1.36e-54	217	GCA_025388435.1_AtA1-141.20181003_genomic
AT1G49920	CM072657.1	99.929	2810	2	0	1	2810	20359889	20362698	0	5179	GCA_036926925.1_ASM3692692v1_genomic
AT1G49920	CM072657.1	75.826	1150	226	39	1002	2140	25684911	25683803	1.04e-150	536	GCA_036926925.1_ASM3692692v1_genomic
AT1G49920	CM072657.1	83.402	241	33	7	466	702	25695346	25695109	1.54e-54	217	GCA_036926925.1_ASM3692692v1_genomic
AT1G49920	CM072657.1	82.927	246	35	5	433	676	25689070	25688830	5.53e-54	215	GCA_036926925.1_ASM3692692v1_genomic
AT1G64253	CM072657.1	97.593	1994	40	4	1	1992	25688076	25690063	0	3410	GCA_036926925.1_ASM3692692v1_genomic
AT1G64253	CM072657.1	76.832	1092	213	29	1	1063	25684451	25685531	1.34e-163	579	GCA_036926925.1_ASM3692692v1_genomic
AT1G64253	CM072657.1	76.416	971	197	25	2	956	25694383	25695337	1.39e-138	496	GCA_036926925.1_ASM3692692v1_genomic
AT1G64253	CM072657.1	76.118	984	205	25	2	967	25691619	25692590	2.33e-136	488	GCA_036926925.1_ASM3692692v1_genomic
AT1G64253	CM072657.1	79.365	504	94	7	1	496	20361356	20360855	1.48e-93	346	GCA_036926925.1_ASM3692692v1_genomic
AT1G64253	CM072657.1	81.731	208	30	7	2016	2220	19358954	19359156	1.24e-39	167	GCA_036926925.1_ASM3692692v1_genomic
AT1G64253	CM072657.1	81.25	208	31	7	2016	2220	19356167	19356369	5.76e-38	161	GCA_036926925.1_ASM3692692v1_genomic
AT1G64255	CM072657.1	98.091	2253	28	1	1	2253	25690439	25692676	0	3908	GCA_036926925.1_ASM3692692v1_genomic
AT1G64255	CM072657.1	82.069	1701	271	16	501	2181	25683760	25685446	0	1421	GCA_036926925.1_ASM3692692v1_genomic
AT1G64255	CM072657.1	79.593	1622	290	33	561	2164	25693748	25695346	0	1123	GCA_036926925.1_ASM3692692v1_genomic
AT1G64255	CM072657.1	77.035	1646	347	26	545	2177	25687426	25689053	0	917	GCA_036926925.1_ASM3692692v1_genomic
AT1G64255	CM072657.1	82.243	642	108	5	1030	1668	25697517	25698155	1.07e-154	549	GCA_036926925.1_ASM3692692v1_genomic
AT1G64255	CM072657.1	86.503	163	14	8	2014	2172	25685950	25686108	2.7e-41	172	GCA_036926925.1_ASM3692692v1_genomic
AT1G64255	CM072657.1	79.72	143	25	4	237	377	25696589	25696729	1.29e-19	100	GCA_036926925.1_ASM3692692v1_genomic
AT1G64260	CM072657.1	99.123	2738	21	1	1	2738	25692861	25695595	0	4920	GCA_036926925.1_ASM3692692v1_genomic
AT1G64260	CM072657.1	79.444	1620	281	35	891	2489	25690999	25692587	0	1099	GCA_036926925.1_ASM3692692v1_genomic
AT1G64260	CM072657.1	78.712	1677	312	31	834	2483	25683766	25685424	0	1077	GCA_036926925.1_ASM3692692v1_genomic
AT1G64260	CM072657.1	77.191	1609	330	29	891	2480	25687442	25689032	0	904	GCA_036926925.1_ASM3692692v1_genomic
AT1G64260	CM072657.1	78.478	762	128	24	30	781	25686429	25687164	1.35e-129	466	GCA_036926925.1_ASM3692692v1_genomic
AT1G64260	CM072657.1	83.402	241	33	7	2252	2489	20360590	20360354	1.5e-54	217	GCA_036926925.1_ASM3692692v1_genomic
AT1G49920	CM072637.1	99.929	2810	2	0	1	2810	20126053	20128862	0	5179	GCA_036926965.1_ASM3692696v1_genomic
AT1G49920	CM072637.1	75.655	1183	244	30	967	2142	25459219	25458074	1.3e-154	549	GCA_036926965.1_ASM3692696v1_genomic
AT1G49920	CM072637.1	82.927	246	35	5	433	676	25459716	25459476	5.38e-54	215	GCA_036926965.1_ASM3692696v1_genomic
AT1G64253	CM072637.1	96.579	2017	37	7	1	2016	25458724	25460709	0	3314	GCA_036926965.1_ASM3692696v1_genomic
AT1G64253	CM072637.1	78.178	944	170	29	52	977	25455390	25456315	7.86e-161	569	GCA_036926965.1_ASM3692696v1_genomic
AT1G64253	CM072637.1	83.924	423	66	2	100	521	25463680	25464101	8.44e-111	403	GCA_036926965.1_ASM3692696v1_genomic
AT1G64253	CM072637.1	79.365	504	94	7	1	496	20127520	20127019	1.44e-93	346	GCA_036926965.1_ASM3692696v1_genomic
AT1G64253	CM072637.1	81.731	208	30	7	2016	2220	19117528	19117730	1.2e-39	167	GCA_036926965.1_ASM3692696v1_genomic
AT1G64253	CM072637.1	81.731	208	30	7	2016	2220	19120313	19120515	1.2e-39	167	GCA_036926965.1_ASM3692696v1_genomic
AT1G64255	CM072637.1	91.46	2260	167	14	1	2253	25461064	25463304	0	3081	GCA_036926965.1_ASM3692696v1_genomic
AT1G64255	CM072637.1	82.931	1740	266	21	528	2253	25454669	25456391	0	1539	GCA_036926965.1_ASM3692696v1_genomic
AT1G64255	CM072637.1	77.461	1646	338	28	545	2177	25458074	25459699	0	953	GCA_036926965.1_ASM3692696v1_genomic
AT1G64260	CM072637.1	79.205	1635	311	24	859	2480	25454676	25456294	0	1109	GCA_036926965.1_ASM3692696v1_genomic
AT1G64260	CM072637.1	77.985	1608	317	30	891	2480	25458090	25459678	0	974	GCA_036926965.1_ASM3692696v1_genomic
AT1G64260	CM072637.1	78.158	760	131	23	30	781	25457080	25457812	3.67e-125	451	GCA_036926965.1_ASM3692696v1_genomic
AT1G64260	CM072637.1	83.402	241	33	7	2252	2489	20126754	20126518	1.46e-54	217	GCA_036926965.1_ASM3692696v1_genomic
AT1G49920	CM072652.1	98.399	2810	43	1	1	2810	20408680	20411487	0	4939	GCA_036926975.1_ASM3692697v1_genomic
AT1G49920	CM072652.1	75.932	1180	246	29	967	2142	25746915	25745770	2.8e-161	571	GCA_036926975.1_ASM3692697v1_genomic
AT1G49920	CM072652.1	83.402	241	33	7	466	702	25754094	25753857	1.51e-54	217	GCA_036926975.1_ASM3692697v1_genomic
AT1G64253	CM072652.1	100	2220	0	0	1	2220	25746420	25748639	0	4100	GCA_036926975.1_ASM3692697v1_genomic
AT1G64253	CM072652.1	77.966	944	172	29	52	977	25743097	25744022	1.72e-157	558	GCA_036926975.1_ASM3692697v1_genomic
AT1G64253	CM072652.1	76.313	971	198	25	2	956	25753131	25754085	6.36e-137	490	GCA_036926975.1_ASM3692697v1_genomic
AT1G64253	CM072652.1	78.77	504	97	7	1	496	20410147	20409646	1.47e-88	329	GCA_036926975.1_ASM3692697v1_genomic
AT1G64253	CM072652.1	81.25	208	31	7	2016	2220	19412289	19412491	5.67e-38	161	GCA_036926975.1_ASM3692697v1_genomic
AT1G64253	CM072652.1	81.25	208	31	7	2016	2220	19415076	19415278	5.67e-38	161	GCA_036926975.1_ASM3692697v1_genomic
AT1G64255	CM072652.1	100	2253	0	0	1	2253	25749155	25751407	0	4161	GCA_036926975.1_ASM3692697v1_genomic
AT1G64255	CM072652.1	82.975	1768	265	23	501	2253	25742352	25744098	0	1565	GCA_036926975.1_ASM3692697v1_genomic
AT1G64255	CM072652.1	79.667	1623	287	34	561	2164	25752496	25754094	0	1129	GCA_036926975.1_ASM3692697v1_genomic
AT1G64255	CM072652.1	77.278	1646	342	27	545	2177	25745770	25747396	0	939	GCA_036926975.1_ASM3692697v1_genomic
AT1G64255	CM072652.1	82.243	642	108	5	1030	1668	25756266	25756904	1.05e-154	549	GCA_036926975.1_ASM3692697v1_genomic
AT1G64255	CM072652.1	79.72	143	25	4	237	377	25755338	25755478	1.27e-19	100	GCA_036926975.1_ASM3692697v1_genomic
AT1G64260	CM072652.1	100	2738	0	0	1	2738	25751606	25754343	0	5057	GCA_036926975.1_ASM3692697v1_genomic
AT1G64260	CM072652.1	79.667	1623	287	33	891	2489	25749715	25751318	0	1129	GCA_036926975.1_ASM3692697v1_genomic
AT1G64260	CM072652.1	79.104	1651	316	24	843	2480	25742367	25744001	0	1110	GCA_036926975.1_ASM3692697v1_genomic
AT1G64260	CM072652.1	77.792	1612	314	34	891	2480	25745786	25747375	0	953	GCA_036926975.1_ASM3692697v1_genomic
AT1G64260	CM072652.1	78.158	760	131	23	30	781	25744786	25745518	3.71e-125	451	GCA_036926975.1_ASM3692697v1_genomic
AT1G64260	CM072652.1	81.743	241	37	7	2252	2489	20409381	20409145	6.9e-48	195	GCA_036926975.1_ASM3692697v1_genomic
AT1G49920	CM072642.1	99.893	2810	3	0	1	2810	20861711	20864520	0	5173	GCA_036927025.1_ASM3692702v1_genomic
AT1G49920	CM072642.1	75.739	1150	227	39	1002	2140	26091969	26090861	4.89e-149	531	GCA_036927025.1_ASM3692702v1_genomic
AT1G49920	CM072642.1	82.927	246	35	5	433	676	26096211	26095971	5.59e-54	215	GCA_036927025.1_ASM3692702v1_genomic
AT1G64253	CM072642.1	97.636	1819	35	4	1	1818	26095219	26097030	0	3114	GCA_036927025.1_ASM3692702v1_genomic
AT1G64253	CM072642.1	76.74	1092	214	29	1	1063	26091509	26092589	6.31e-162	573	GCA_036927025.1_ASM3692702v1_genomic
AT1G64253	CM072642.1	79.365	504	94	7	1	496	20863178	20862677	1.5e-93	346	GCA_036927025.1_ASM3692702v1_genomic
AT1G64253	CM072642.1	81.731	208	30	7	2016	2220	19862421	19862623	1.25e-39	167	GCA_036927025.1_ASM3692702v1_genomic
AT1G64253	CM072646.1	81.731	208	30	7	2016	2220	21514721	21514519	1.25e-39	167	GCA_036927025.1_ASM3692702v1_genomic
AT1G64253	CM072646.1	92.105	114	7	2	2107	2220	21517429	21517318	2.09e-37	159	GCA_036927025.1_ASM3692702v1_genomic
AT1G64255	CM072642.1	91.327	2260	170	15	1	2253	26097136	26099376	0	3064	GCA_036927025.1_ASM3692702v1_genomic
AT1G64255	CM072642.1	82.011	1701	272	16	501	2181	26090818	26092504	0	1415	GCA_036927025.1_ASM3692702v1_genomic
AT1G64255	CM072642.1	77.021	1645	347	26	545	2177	26094569	26096194	0	915	GCA_036927025.1_ASM3692702v1_genomic
AT1G64255	CM072642.1	85.89	163	15	8	2014	2172	26093008	26093166	1.27e-39	167	GCA_036927025.1_ASM3692702v1_genomic
AT1G64260	CM072642.1	78.844	1678	308	37	834	2483	26090824	26092482	0	1088	GCA_036927025.1_ASM3692702v1_genomic
AT1G64260	CM072642.1	77.063	1648	338	31	851	2480	26094548	26096173	0	913	GCA_036927025.1_ASM3692702v1_genomic
AT1G64260	CM072642.1	78.346	762	129	24	30	781	26093572	26094307	6.34e-128	460	GCA_036927025.1_ASM3692702v1_genomic
AT1G64260	CM072642.1	84.577	402	56	6	1622	2020	26099748	26100146	6.52e-108	394	GCA_036927025.1_ASM3692702v1_genomic
AT1G64260	CM072642.1	83.402	241	33	7	2252	2489	20862412	20862176	1.51e-54	217	GCA_036927025.1_ASM3692702v1_genomic
AT1G49920	CM072647.1	99.893	2810	3	0	1	2810	20785252	20788061	0	5173	GCA_036927045.1_ASM3692704v1_genomic
AT1G49920	CM072647.1	75.913	1150	225	39	1002	2140	26149325	26148217	2.22e-152	542	GCA_036927045.1_ASM3692704v1_genomic
AT1G49920	CM072647.1	82.927	246	35	5	433	676	26153484	26153244	5.5e-54	215	GCA_036927045.1_ASM3692704v1_genomic
AT1G49920	CM072647.1	82.917	240	36	5	466	702	26160164	26159927	7.11e-53	211	GCA_036927045.1_ASM3692704v1_genomic
AT1G64253	CM072647.1	98.515	2222	30	3	1	2220	26152490	26154710	0	3917	GCA_036927045.1_ASM3692704v1_genomic
AT1G64253	CM072647.1	76.74	1092	214	29	1	1063	26148865	26149945	6.2e-162	573	GCA_036927045.1_ASM3692704v1_genomic
AT1G64253	CM072647.1	76.416	971	197	25	2	956	26159201	26160155	1.38e-138	496	GCA_036927045.1_ASM3692704v1_genomic
AT1G64253	CM072647.1	75.992	983	207	24	2	967	26156421	26157391	3.87e-134	481	GCA_036927045.1_ASM3692704v1_genomic
AT1G64253	CM072647.1	79.365	504	94	7	1	496	20786719	20786218	1.47e-93	346	GCA_036927045.1_ASM3692704v1_genomic
AT1G64253	CM072647.1	81.731	208	30	7	2016	2220	19786454	19786656	1.23e-39	167	GCA_036927045.1_ASM3692704v1_genomic
AT1G64253	CM072647.1	80.769	208	32	7	2016	2220	19783667	19783869	2.66e-36	156	GCA_036927045.1_ASM3692704v1_genomic
AT1G64255	CM072647.1	99.334	2253	14	1	1	2253	26155226	26157477	0	4076	GCA_036927045.1_ASM3692704v1_genomic
AT1G64255	CM072647.1	82.139	1702	268	18	501	2181	26148174	26149860	0	1426	GCA_036927045.1_ASM3692704v1_genomic
AT1G64255	CM072647.1	79.791	1623	285	34	561	2164	26158566	26160164	0	1140	GCA_036927045.1_ASM3692704v1_genomic
AT1G64255	CM072647.1	77.035	1646	347	26	545	2177	26151840	26153467	0	917	GCA_036927045.1_ASM3692704v1_genomic
AT1G64255	CM072647.1	82.243	642	108	5	1030	1668	26162335	26162973	1.06e-154	549	GCA_036927045.1_ASM3692704v1_genomic
AT1G64255	CM072647.1	86.503	163	14	8	2014	2172	26150364	26150522	2.68e-41	172	GCA_036927045.1_ASM3692704v1_genomic
AT1G64255	CM072647.1	79.72	143	25	4	237	377	26161407	26161547	1.28e-19	100	GCA_036927045.1_ASM3692704v1_genomic
AT1G64260	CM072647.1	99.635	2738	10	0	1	2738	26157676	26160413	0	5001	GCA_036927045.1_ASM3692704v1_genomic
AT1G64260	CM072647.1	79.716	1622	287	32	891	2489	26155786	26157388	0	1134	GCA_036927045.1_ASM3692704v1_genomic
AT1G64260	CM072647.1	78.784	1678	309	33	834	2483	26148180	26149838	0	1083	GCA_036927045.1_ASM3692704v1_genomic
AT1G64260	CM072647.1	77.253	1609	329	29	891	2480	26151856	26153446	0	909	GCA_036927045.1_ASM3692704v1_genomic
AT1G64260	CM072647.1	78.478	762	128	24	30	781	26150843	26151578	1.34e-129	466	GCA_036927045.1_ASM3692704v1_genomic
AT1G64260	CM072647.1	83.402	241	33	7	2252	2489	20785953	20785717	1.49e-54	217	GCA_036927045.1_ASM3692704v1_genomic
AT1G49920	CM072627.1	99.893	2810	3	0	1	2810	23349166	23351975	0	5173	GCA_036927085.1_ASM3692708v1_genomic
AT1G49920	CM072627.1	75.932	1180	246	29	967	2142	28636566	28635421	2.84e-161	571	GCA_036927085.1_ASM3692708v1_genomic
AT1G49920	CM072627.1	83.333	240	35	5	466	702	28643745	28643508	1.53e-54	217	GCA_036927085.1_ASM3692708v1_genomic
AT1G64253	CM072627.1	99.91	2220	2	0	1	2220	28636071	28638290	0	4089	GCA_036927085.1_ASM3692708v1_genomic
AT1G64253	CM072627.1	78.072	944	171	29	52	977	28632750	28633675	3.75e-159	564	GCA_036927085.1_ASM3692708v1_genomic
AT1G64253	CM072627.1	76.519	971	196	25	2	956	28642782	28643736	2.98e-140	501	GCA_036927085.1_ASM3692708v1_genomic
AT1G64253	CM072627.1	79.365	504	94	7	1	496	23350633	23350132	1.48e-93	346	GCA_036927085.1_ASM3692708v1_genomic
AT1G64253	CM072627.1	81.731	208	30	7	2016	2220	22326968	22327170	1.23e-39	167	GCA_036927085.1_ASM3692708v1_genomic
AT1G64253	CM072627.1	81.731	208	30	7	2016	2220	22329755	22329957	1.23e-39	167	GCA_036927085.1_ASM3692708v1_genomic
AT1G64255	CM072627.1	99.822	2253	4	0	1	2253	28638806	28641058	0	4139	GCA_036927085.1_ASM3692708v1_genomic
AT1G64255	CM072627.1	82.965	1767	267	22	501	2253	28632005	28633751	0	1565	GCA_036927085.1_ASM3692708v1_genomic
AT1G64255	CM072627.1	79.852	1623	284	34	561	2164	28642147	28643745	0	1146	GCA_036927085.1_ASM3692708v1_genomic
AT1G64255	CM072627.1	77.278	1646	342	27	545	2177	28635421	28637047	0	939	GCA_036927085.1_ASM3692708v1_genomic
AT1G64255	CM072627.1	82.215	641	108	5	1030	1667	28645916	28646553	3.83e-154	547	GCA_036927085.1_ASM3692708v1_genomic
AT1G64255	CM072627.1	79.72	143	25	4	237	377	28644988	28645128	1.29e-19	100	GCA_036927085.1_ASM3692708v1_genomic
AT1G64260	CM072627.1	99.817	2738	5	0	1	2738	28641257	28643994	0	5029	GCA_036927085.1_ASM3692708v1_genomic
AT1G64260	CM072627.1	79.593	1622	290	31	891	2489	28639366	28640969	0	1123	GCA_036927085.1_ASM3692708v1_genomic
AT1G64260	CM072627.1	79.164	1651	315	24	843	2480	28632020	28633654	0	1116	GCA_036927085.1_ASM3692708v1_genomic
AT1G64260	CM072627.1	77.792	1612	314	34	891	2480	28635437	28637026	0	953	GCA_036927085.1_ASM3692708v1_genomic
AT1G64260	CM072627.1	77.675	757	137	22	30	781	28634439	28635168	1.36e-119	433	GCA_036927085.1_ASM3692708v1_genomic
AT1G64260	CM072627.1	83.402	241	33	7	2252	2489	23349867	23349631	1.49e-54	217	GCA_036927085.1_ASM3692708v1_genomic
AT1G49920	CM072622.1	99.964	2810	1	0	1	2810	19319584	19322393	0	5184	GCA_036927245.1_ASM3692724v1_genomic
AT1G49920	CM072622.1	76.153	1149	223	37	1002	2140	24609297	24608190	7.86e-157	556	GCA_036927245.1_ASM3692724v1_genomic
AT1G49920	CM072622.1	82.917	240	36	5	466	702	24619724	24619487	7.05e-53	211	GCA_036927245.1_ASM3692724v1_genomic
AT1G49920	CM072622.1	82.52	246	36	5	433	676	24613456	24613216	2.53e-52	209	GCA_036927245.1_ASM3692724v1_genomic
AT1G64253	CM072622.1	97.592	1993	41	3	1	1992	24612463	24614449	0	3408	GCA_036927245.1_ASM3692724v1_genomic
AT1G64253	CM072622.1	76.648	1092	214	30	1	1063	24608838	24609917	1.03e-159	566	GCA_036927245.1_ASM3692724v1_genomic
AT1G64253	CM072622.1	76.519	971	196	25	2	956	24618761	24619715	2.94e-140	501	GCA_036927245.1_ASM3692724v1_genomic
AT1G64253	CM072622.1	79.365	504	94	7	1	496	19321051	19320550	1.46e-93	346	GCA_036927245.1_ASM3692724v1_genomic
AT1G64253	CM072622.1	81.731	208	30	7	2016	2220	18323611	18323813	1.22e-39	167	GCA_036927245.1_ASM3692724v1_genomic
AT1G64253	CM072622.1	81.731	208	30	7	2016	2220	18326398	18326600	1.22e-39	167	GCA_036927245.1_ASM3692724v1_genomic
AT1G64255	CM072622.1	98.491	2253	19	1	1	2253	24614804	24617041	0	3958	GCA_036927245.1_ASM3692724v1_genomic
AT1G64255	CM072622.1	82.197	1702	266	19	501	2181	24608147	24609832	0	1430	GCA_036927245.1_ASM3692724v1_genomic
AT1G64255	CM072622.1	79.667	1623	284	35	561	2164	24618129	24619724	0	1127	GCA_036927245.1_ASM3692724v1_genomic
AT1G64255	CM072622.1	77.082	1645	347	25	545	2177	24611813	24613439	0	922	GCA_036927245.1_ASM3692724v1_genomic
AT1G64255	CM072622.1	81.931	642	110	5	1030	1668	24621895	24622533	2.28e-151	538	GCA_036927245.1_ASM3692724v1_genomic
AT1G64255	CM072622.1	86.503	163	14	8	2014	2172	24610336	24610494	2.66e-41	172	GCA_036927245.1_ASM3692724v1_genomic
AT1G64255	CM072622.1	79.72	143	25	4	237	377	24620967	24621107	1.27e-19	100	GCA_036927245.1_ASM3692724v1_genomic
AT1G64260	CM072622.1	99.196	2738	18	2	1	2738	24617240	24619973	0	4931	GCA_036927245.1_ASM3692724v1_genomic
AT1G64260	CM072622.1	79.568	1620	279	35	891	2489	24615364	24616952	0	1110	GCA_036927245.1_ASM3692724v1_genomic
AT1G64260	CM072622.1	77.363	1608	328	28	891	2480	24611829	24613418	0	920	GCA_036927245.1_ASM3692724v1_genomic
AT1G64260	CM072622.1	78.375	763	127	26	30	781	24610816	24611551	6.17e-128	460	GCA_036927245.1_ASM3692724v1_genomic
AT1G64260	CM072622.1	83.402	241	33	7	2252	2489	19320285	19320049	1.48e-54	217	GCA_036927245.1_ASM3692724v1_genomic
AT1G49920	CM072632.1	98.186	2811	39	3	1	2810	21536335	21539134	0	4898	GCA_036927255.1_ASM3692725v1_genomic
AT1G49920	CM072632.1	76.087	1150	223	39	1002	2140	26836113	26835005	1.04e-155	553	GCA_036927255.1_ASM3692725v1_genomic
AT1G49920	CM072632.1	83.333	240	35	5	466	702	26846541	26846304	1.55e-54	217	GCA_036927255.1_ASM3692725v1_genomic
AT1G49920	CM072632.1	82.927	246	35	5	433	676	26840262	26840022	5.57e-54	215	GCA_036927255.1_ASM3692725v1_genomic
AT1G64253	CM072632.1	97.642	1993	39	4	1	1992	26839270	26841255	0	3413	GCA_036927255.1_ASM3692725v1_genomic
AT1G64253	CM072632.1	76.923	1092	212	29	1	1063	26835653	26836733	2.9e-165	584	GCA_036927255.1_ASM3692725v1_genomic
AT1G64253	CM072632.1	76.622	971	195	25	2	956	26845578	26846532	6.46e-142	507	GCA_036927255.1_ASM3692725v1_genomic
AT1G64253	CM072632.1	76.195	983	206	23	2	967	26842811	26843782	5.03e-138	494	GCA_036927255.1_ASM3692725v1_genomic
AT1G64253	CM072632.1	79.167	504	95	7	1	496	21537793	21537292	6.94e-92	340	GCA_036927255.1_ASM3692725v1_genomic
AT1G64253	CM072632.1	81.731	208	30	7	2016	2220	20544688	20544890	1.25e-39	167	GCA_036927255.1_ASM3692725v1_genomic
AT1G64253	CM072632.1	80.769	208	32	7	2016	2220	20541901	20542103	2.7e-36	156	GCA_036927255.1_ASM3692725v1_genomic
AT1G64255	CM072632.1	98.225	2254	24	2	1	2253	26841630	26843868	0	3927	GCA_036927255.1_ASM3692725v1_genomic
AT1G64255	CM072632.1	82.246	1701	268	16	501	2181	26834962	26836648	0	1437	GCA_036927255.1_ASM3692725v1_genomic
AT1G64255	CM072632.1	79.791	1623	285	34	561	2164	26844943	26846541	0	1140	GCA_036927255.1_ASM3692725v1_genomic
AT1G64255	CM072632.1	77.082	1645	346	26	545	2177	26838620	26840245	0	920	GCA_036927255.1_ASM3692725v1_genomic
AT1G64255	CM072632.1	82.243	642	108	5	1030	1668	26848709	26849347	1.07e-154	549	GCA_036927255.1_ASM3692725v1_genomic
AT1G64255	CM072632.1	86.503	163	14	8	2014	2172	26837144	26837302	2.72e-41	172	GCA_036927255.1_ASM3692725v1_genomic
AT1G64255	CM072632.1	79.72	143	25	4	237	377	26847781	26847921	1.3e-19	100	GCA_036927255.1_ASM3692725v1_genomic
AT1G64260	CM072632.1	99.306	2738	19	0	1	2738	26844053	26846790	0	4951	GCA_036927255.1_ASM3692725v1_genomic
AT1G64260	CM072632.1	79.581	1621	278	36	891	2489	26842190	26843779	0	1110	GCA_036927255.1_ASM3692725v1_genomic
AT1G64260	CM072632.1	78.891	1677	309	32	834	2483	26834968	26836626	0	1094	GCA_036927255.1_ASM3692725v1_genomic
AT1G64260	CM072632.1	77.301	1608	328	29	891	2480	26838636	26840224	0	913	GCA_036927255.1_ASM3692725v1_genomic
AT1G64260	CM072632.1	78.478	762	128	24	30	781	26837623	26838358	1.36e-129	466	GCA_036927255.1_ASM3692725v1_genomic
AT1G64260	CM072632.1	81.743	241	37	7	2252	2489	21537027	21536791	7.07e-48	195	GCA_036927255.1_ASM3692725v1_genomic
AT1G49920	CM072617.1	99.893	2810	3	0	1	2810	20342724	20345533	0	5173	GCA_036927265.1_ASM3692726v1_genomic
AT1G49920	CM072617.1	75.655	1183	244	30	967	2142	25718545	25717400	1.34e-154	549	GCA_036927265.1_ASM3692726v1_genomic
AT1G49920	CM072617.1	82.927	246	35	5	433	676	25719042	25718802	5.56e-54	215	GCA_036927265.1_ASM3692726v1_genomic
AT1G64253	CM072617.1	96.579	2017	37	7	1	2016	25718050	25720035	0	3314	GCA_036927265.1_ASM3692726v1_genomic
AT1G64253	CM072617.1	78.178	944	170	29	52	977	25714716	25715641	8.12e-161	569	GCA_036927265.1_ASM3692726v1_genomic
AT1G64253	CM072617.1	83.924	423	66	2	100	521	25723006	25723427	8.71e-111	403	GCA_036927265.1_ASM3692726v1_genomic
AT1G64253	CM072617.1	79.365	504	94	7	1	496	20344191	20343690	1.49e-93	346	GCA_036927265.1_ASM3692726v1_genomic
AT1G64253	CM072617.1	81.731	208	30	7	2016	2220	19327631	19327833	1.24e-39	167	GCA_036927265.1_ASM3692726v1_genomic
AT1G64255	CM072617.1	91.46	2260	167	14	1	2253	25720390	25722630	0	3081	GCA_036927265.1_ASM3692726v1_genomic
AT1G64255	CM072617.1	82.931	1740	266	21	528	2253	25713995	25715717	0	1539	GCA_036927265.1_ASM3692726v1_genomic
AT1G64255	CM072617.1	77.461	1646	338	28	545	2177	25717400	25719025	0	953	GCA_036927265.1_ASM3692726v1_genomic
AT1G64260	CM072617.1	79.205	1635	311	24	859	2480	25714002	25715620	0	1109	GCA_036927265.1_ASM3692726v1_genomic
AT1G64260	CM072617.1	77.985	1608	317	30	891	2480	25717416	25719004	0	974	GCA_036927265.1_ASM3692726v1_genomic
AT1G64260	CM072617.1	78.158	760	131	23	30	781	25716406	25717138	3.79e-125	451	GCA_036927265.1_ASM3692726v1_genomic
AT1G64260	CM072617.1	83.402	241	33	7	2252	2489	20343425	20343189	1.51e-54	217	GCA_036927265.1_ASM3692726v1_genomic
AT1G49920	CM072607.1	99.929	2810	1	1	1	2810	21058344	21061152	0	5177	GCA_036927275.1_ASM3692727v1_genomic
AT1G49920	CM072607.1	76.087	1150	223	39	1002	2140	26410722	26409614	1.03e-155	553	GCA_036927275.1_ASM3692727v1_genomic
AT1G49920	CM072607.1	83.333	240	35	5	466	702	26421149	26420912	1.53e-54	217	GCA_036927275.1_ASM3692727v1_genomic
AT1G49920	CM072607.1	82.927	246	35	5	433	676	26414870	26414630	5.51e-54	215	GCA_036927275.1_ASM3692727v1_genomic
AT1G64253	CM072607.1	97.592	1993	39	5	1	1992	26413879	26415863	0	3406	GCA_036927275.1_ASM3692727v1_genomic
AT1G64253	CM072607.1	76.923	1092	212	29	1	1063	26410262	26411342	2.87e-165	584	GCA_036927275.1_ASM3692727v1_genomic
AT1G64253	CM072607.1	76.622	971	195	25	2	956	26420186	26421140	6.4e-142	507	GCA_036927275.1_ASM3692727v1_genomic
AT1G64253	CM072607.1	76.118	984	206	24	2	967	26417418	26418390	2.32e-136	488	GCA_036927275.1_ASM3692727v1_genomic
AT1G64253	CM072607.1	79.365	504	94	7	1	496	21059811	21059310	1.48e-93	346	GCA_036927275.1_ASM3692727v1_genomic
AT1G64253	CM072607.1	92.105	114	7	2	2107	2220	20078554	20078665	2.06e-37	159	GCA_036927275.1_ASM3692727v1_genomic
AT1G64253	CM072607.1	80.769	208	32	7	2016	2220	20070609	20070811	2.67e-36	156	GCA_036927275.1_ASM3692727v1_genomic
AT1G64255	CM072607.1	98.225	2254	24	2	1	2253	26416238	26418476	0	3927	GCA_036927275.1_ASM3692727v1_genomic
AT1G64255	CM072607.1	82.246	1701	268	16	501	2181	26409571	26411257	0	1437	GCA_036927275.1_ASM3692727v1_genomic
AT1G64255	CM072607.1	79.791	1623	285	34	561	2164	26419551	26421149	0	1140	GCA_036927275.1_ASM3692727v1_genomic
AT1G64255	CM072607.1	77.021	1645	346	27	545	2177	26413229	26414853	0	915	GCA_036927275.1_ASM3692727v1_genomic
AT1G64255	CM072607.1	82.243	642	108	5	1030	1668	26423317	26423955	1.06e-154	549	GCA_036927275.1_ASM3692727v1_genomic
AT1G64255	CM072607.1	86.503	163	14	8	2014	2172	26411753	26411911	2.69e-41	172	GCA_036927275.1_ASM3692727v1_genomic
AT1G64255	CM072607.1	79.72	143	25	4	237	377	26422389	26422529	1.29e-19	100	GCA_036927275.1_ASM3692727v1_genomic
AT1G64260	CM072607.1	99.306	2738	19	0	1	2738	26418661	26421398	0	4951	GCA_036927275.1_ASM3692727v1_genomic
AT1G64260	CM072607.1	79.581	1621	278	36	891	2489	26416798	26418387	0	1110	GCA_036927275.1_ASM3692727v1_genomic
AT1G64260	CM072607.1	78.891	1677	309	32	834	2483	26409577	26411235	0	1094	GCA_036927275.1_ASM3692727v1_genomic
AT1G64260	CM072607.1	77.225	1607	330	28	891	2480	26413245	26414832	0	907	GCA_036927275.1_ASM3692727v1_genomic
AT1G64260	CM072607.1	78.478	762	128	24	30	781	26412232	26412967	1.34e-129	466	GCA_036927275.1_ASM3692727v1_genomic
AT1G64260	CM072607.1	83.402	241	33	7	2252	2489	21059045	21058809	1.49e-54	217	GCA_036927275.1_ASM3692727v1_genomic
AT1G49920	CM072612.1	99.893	2810	1	1	1	2810	21124153	21126960	0	5171	GCA_036927285.1_ASM3692728v1_genomic
AT1G49920	CM072612.1	83.402	241	33	7	466	702	26501655	26501418	1.52e-54	217	GCA_036927285.1_ASM3692728v1_genomic
AT1G49920	CM072612.1	78.351	291	55	7	828	1111	26498550	26498261	5.53e-44	182	GCA_036927285.1_ASM3692728v1_genomic
AT1G64253	CM072612.1	78.013	946	169	32	52	977	26495838	26496764	1.72e-157	558	GCA_036927285.1_ASM3692728v1_genomic
AT1G64253	CM072612.1	76.21	971	199	25	2	956	26500692	26501646	2.97e-135	484	GCA_036927285.1_ASM3692728v1_genomic
AT1G64253	CM072612.1	79.365	504	94	7	1	496	21125620	21125119	1.46e-93	346	GCA_036927285.1_ASM3692728v1_genomic
AT1G64253	CM072612.1	81.731	208	30	7	2016	2220	20138776	20138978	1.22e-39	167	GCA_036927285.1_ASM3692728v1_genomic
AT1G64253	CM072612.1	92.105	114	7	2	2107	2220	20141439	20141550	2.04e-37	159	GCA_036927285.1_ASM3692728v1_genomic
AT1G64255	CM072612.1	82.692	1768	271	23	501	2253	26495093	26496840	0	1537	GCA_036927285.1_ASM3692728v1_genomic
AT1G64255	CM072612.1	99.296	710	5	0	1544	2253	26498259	26498968	0	1284	GCA_036927285.1_ASM3692728v1_genomic
AT1G64255	CM072612.1	79.482	1623	290	34	561	2164	26500057	26501655	0	1112	GCA_036927285.1_ASM3692728v1_genomic
AT1G64255	CM072612.1	82.243	642	108	5	1030	1668	26503826	26504464	1.05e-154	549	GCA_036927285.1_ASM3692728v1_genomic
AT1G64255	CM072612.1	79.72	143	25	4	237	377	26502898	26503038	1.27e-19	100	GCA_036927285.1_ASM3692728v1_genomic
AT1G64260	CM072612.1	99.598	2738	11	0	1	2738	26499167	26501904	0	4996	GCA_036927285.1_ASM3692728v1_genomic
AT1G64260	CM072612.1	79.056	1652	316	25	843	2480	26495108	26496743	0	1107	GCA_036927285.1_ASM3692728v1_genomic
AT1G64260	CM072612.1	77.939	757	134	21	30	780	26497528	26498257	2.24e-122	442	GCA_036927285.1_ASM3692728v1_genomic
AT1G64260	CM072612.1	75.556	630	131	16	1874	2489	26498259	26498879	3.09e-76	289	GCA_036927285.1_ASM3692728v1_genomic
AT1G64260	CM072612.1	83.402	241	33	7	2252	2489	21124854	21124618	1.48e-54	217	GCA_036927285.1_ASM3692728v1_genomic
AT1G49920	CM072602.1	98.541	2810	39	1	1	2810	21885432	21888239	0	4961	GCA_036927355.1_ASM3692735v1_genomic
AT1G49920	CM072602.1	75.913	1150	225	39	1002	2140	27122349	27121241	2.3e-152	542	GCA_036927355.1_ASM3692735v1_genomic
AT1G49920	CM072602.1	83.402	241	33	7	466	702	27132742	27132505	1.58e-54	217	GCA_036927355.1_ASM3692735v1_genomic
AT1G49920	CM072602.1	82.927	246	35	5	433	676	27126495	27126255	5.69e-54	215	GCA_036927355.1_ASM3692735v1_genomic
AT1G64253	CM072602.1	97.655	1962	38	4	33	1992	27125533	27127488	0	3362	GCA_036927355.1_ASM3692735v1_genomic
AT1G64253	CM072602.1	76.832	1092	213	29	1	1063	27121889	27122969	1.38e-163	579	GCA_036927355.1_ASM3692735v1_genomic
AT1G64253	CM072602.1	76.313	971	198	25	2	956	27131779	27132733	6.66e-137	490	GCA_036927355.1_ASM3692735v1_genomic
AT1G64253	CM072602.1	79.167	504	95	7	1	496	21886899	21886398	7.09e-92	340	GCA_036927355.1_ASM3692735v1_genomic
AT1G64253	CM072602.1	80.723	249	48	0	719	967	27129735	27129983	5.84e-48	195	GCA_036927355.1_ASM3692735v1_genomic
AT1G64253	CM072602.1	81.731	208	30	7	2016	2220	20896545	20896747	1.27e-39	167	GCA_036927355.1_ASM3692735v1_genomic
AT1G64253	CM072602.1	81.731	208	30	7	2016	2220	20899333	20899535	1.27e-39	167	GCA_036927355.1_ASM3692735v1_genomic
AT1G64255	CM072602.1	98.166	1690	16	1	1	1690	27127864	27129538	0	2935	GCA_036927355.1_ASM3692735v1_genomic
AT1G64255	CM072602.1	82.069	1701	271	16	501	2181	27121198	27122884	0	1421	GCA_036927355.1_ASM3692735v1_genomic
AT1G64255	CM072602.1	79.667	1623	287	34	561	2164	27131144	27132742	0	1129	GCA_036927355.1_ASM3692735v1_genomic
AT1G64255	CM072602.1	98.687	533	7	0	1721	2253	27129537	27130069	0	946	GCA_036927355.1_ASM3692735v1_genomic
AT1G64255	CM072602.1	76.61	1646	341	31	545	2177	27124864	27126478	0	867	GCA_036927355.1_ASM3692735v1_genomic
AT1G64255	CM072602.1	82.087	642	109	5	1030	1668	27134913	27135551	5.11e-153	544	GCA_036927355.1_ASM3692735v1_genomic
AT1G64255	CM072602.1	86.503	163	14	8	2014	2172	27123388	27123546	2.78e-41	172	GCA_036927355.1_ASM3692735v1_genomic
AT1G64255	CM072602.1	79.72	143	25	4	237	377	27133985	27134125	1.33e-19	100	GCA_036927355.1_ASM3692735v1_genomic
AT1G64260	CM072602.1	99.27	2738	20	0	1	2738	27130254	27132991	0	4946	GCA_036927355.1_ASM3692735v1_genomic
AT1G64260	CM072602.1	78.772	1677	311	31	834	2483	27121204	27122862	0	1083	GCA_036927355.1_ASM3692735v1_genomic
AT1G64260	CM072602.1	82.374	1129	168	21	891	2011	27128424	27129529	0	953	GCA_036927355.1_ASM3692735v1_genomic
AT1G64260	CM072602.1	76.789	1607	327	31	891	2480	27124880	27126457	0	859	GCA_036927355.1_ASM3692735v1_genomic
AT1G64260	CM072602.1	78.346	762	129	24	30	781	27123867	27124602	6.45e-128	460	GCA_036927355.1_ASM3692735v1_genomic
AT1G64260	CM072602.1	81.743	241	37	7	2252	2489	21886133	21885897	7.23e-48	195	GCA_036927355.1_ASM3692735v1_genomic
AT1G49920	CM072592.1	99.893	2810	3	0	1	2810	20142091	20144900	0	5173	GCA_036927365.1_ASM3692736v1_genomic
AT1G49920	CM072592.1	75.571	1183	245	30	967	2142	25414506	25413361	6.11e-153	544	GCA_036927365.1_ASM3692736v1_genomic
AT1G49920	CM072592.1	82.927	246	35	5	433	676	25415004	25414764	5.44e-54	215	GCA_036927365.1_ASM3692736v1_genomic
AT1G64253	CM072592.1	96.579	2017	38	6	1	2016	25414011	25415997	0	3314	GCA_036927365.1_ASM3692736v1_genomic
AT1G64253	CM072592.1	83.924	423	66	2	100	521	25418968	25419389	8.53e-111	403	GCA_036927365.1_ASM3692736v1_genomic
AT1G64253	CM072592.1	83.038	395	61	5	52	443	25410654	25411045	8.71e-96	353	GCA_036927365.1_ASM3692736v1_genomic
AT1G64253	CM072592.1	79.167	504	95	7	1	496	20143558	20143057	6.78e-92	340	GCA_036927365.1_ASM3692736v1_genomic
AT1G64253	CM072592.1	81.731	208	30	7	2016	2220	19147570	19147772	1.22e-39	167	GCA_036927365.1_ASM3692736v1_genomic
AT1G64253	CM072592.1	81.25	208	31	7	2016	2220	19144783	19144985	5.67e-38	161	GCA_036927365.1_ASM3692736v1_genomic
AT1G64255	CM072592.1	91.46	2260	167	14	1	2253	25416352	25418592	0	3081	GCA_036927365.1_ASM3692736v1_genomic
AT1G64255	CM072592.1	82.009	1762	265	28	528	2253	25409933	25411678	0	1450	GCA_036927365.1_ASM3692736v1_genomic
AT1G64255	CM072592.1	77.521	1646	338	27	545	2177	25413361	25414987	0	961	GCA_036927365.1_ASM3692736v1_genomic
AT1G64260	CM072592.1	78.563	1656	305	37	859	2480	25409940	25411579	0	1046	GCA_036927365.1_ASM3692736v1_genomic
AT1G64260	CM072592.1	77.971	1607	320	28	891	2480	25413377	25414966	0	976	GCA_036927365.1_ASM3692736v1_genomic
AT1G64260	CM072592.1	78.158	760	131	23	30	781	25412367	25413099	3.71e-125	451	GCA_036927365.1_ASM3692736v1_genomic
AT1G64260	CM072592.1	83.402	241	33	7	2252	2489	20142792	20142556	1.47e-54	217	GCA_036927365.1_ASM3692736v1_genomic
AT1G49920	CM072597.1	99.929	2808	2	0	1	2808	19280369	19283176	0	5175	GCA_036927375.1_ASM3692737v1_genomic
AT1G49920	CM072597.1	75.932	1180	246	29	967	2142	24691016	24689871	2.85e-161	571	GCA_036927375.1_ASM3692737v1_genomic
AT1G49920	CM072597.1	83.402	241	33	7	466	702	24698195	24697958	1.54e-54	217	GCA_036927375.1_ASM3692737v1_genomic
AT1G64253	CM072597.1	100	2220	0	0	1	2220	24690521	24692740	0	4100	GCA_036927375.1_ASM3692737v1_genomic
AT1G64253	CM072597.1	77.966	944	172	29	52	977	24687198	24688123	1.75e-157	558	GCA_036927375.1_ASM3692737v1_genomic
AT1G64253	CM072597.1	76.313	971	198	25	2	956	24697232	24698186	6.47e-137	490	GCA_036927375.1_ASM3692737v1_genomic
AT1G64253	CM072597.1	79.167	504	95	7	1	496	19281836	19281335	6.89e-92	340	GCA_036927375.1_ASM3692737v1_genomic
AT1G64253	CM072597.1	81.731	208	30	7	2016	2220	18291866	18292068	1.24e-39	167	GCA_036927375.1_ASM3692737v1_genomic
AT1G64253	CM072597.1	81.25	208	31	7	2016	2220	18289079	18289281	5.76e-38	161	GCA_036927375.1_ASM3692737v1_genomic
AT1G64255	CM072597.1	100	2253	0	0	1	2253	24693256	24695508	0	4161	GCA_036927375.1_ASM3692737v1_genomic
AT1G64255	CM072597.1	82.975	1768	265	23	501	2253	24686453	24688199	0	1565	GCA_036927375.1_ASM3692737v1_genomic
AT1G64255	CM072597.1	79.729	1623	286	34	561	2164	24696597	24698195	0	1134	GCA_036927375.1_ASM3692737v1_genomic
AT1G64255	CM072597.1	77.278	1646	342	27	545	2177	24689871	24691497	0	939	GCA_036927375.1_ASM3692737v1_genomic
AT1G64255	CM072597.1	82.087	642	109	5	1030	1668	24700367	24701005	4.97e-153	544	GCA_036927375.1_ASM3692737v1_genomic
AT1G64255	CM072597.1	79.72	143	25	4	237	377	24699439	24699579	1.29e-19	100	GCA_036927375.1_ASM3692737v1_genomic
AT1G64260	CM072597.1	99.927	2738	2	0	1	2738	24695707	24698444	0	5046	GCA_036927375.1_ASM3692737v1_genomic
AT1G64260	CM072597.1	79.667	1623	287	33	891	2489	24693816	24695419	0	1129	GCA_036927375.1_ASM3692737v1_genomic
AT1G64260	CM072597.1	79.104	1651	316	24	843	2480	24686468	24688102	0	1110	GCA_036927375.1_ASM3692737v1_genomic
AT1G64260	CM072597.1	77.792	1612	314	34	891	2480	24689887	24691476	0	953	GCA_036927375.1_ASM3692737v1_genomic
AT1G64260	CM072597.1	78.158	760	131	23	30	781	24688887	24689619	3.77e-125	451	GCA_036927375.1_ASM3692737v1_genomic
AT1G64260	CM072597.1	83.402	241	33	7	2252	2489	19281070	19280834	1.5e-54	217	GCA_036927375.1_ASM3692737v1_genomic
AT1G49920	CM072587.1	99.964	2810	1	0	1	2810	20096442	20099251	0	5184	GCA_036927385.1_ASM3692738v1_genomic
AT1G49920	CM072587.1	75.655	1183	244	30	967	2142	25371667	25370522	1.32e-154	549	GCA_036927385.1_ASM3692738v1_genomic
AT1G49920	CM072587.1	82.927	246	35	5	433	676	25372165	25371925	5.47e-54	215	GCA_036927385.1_ASM3692738v1_genomic
AT1G64253	CM072587.1	96.579	2017	38	6	1	2016	25371172	25373158	0	3314	GCA_036927385.1_ASM3692738v1_genomic
AT1G64253	CM072587.1	78.072	944	171	29	52	977	25367838	25368763	3.71e-159	564	GCA_036927385.1_ASM3692738v1_genomic
AT1G64253	CM072587.1	83.924	423	66	2	100	521	25376129	25376550	8.57e-111	403	GCA_036927385.1_ASM3692738v1_genomic
AT1G64253	CM072587.1	79.365	504	94	7	1	496	20097909	20097408	1.46e-93	346	GCA_036927385.1_ASM3692738v1_genomic
AT1G64253	CM072587.1	81.731	208	30	7	2016	2220	19104527	19104729	1.22e-39	167	GCA_036927385.1_ASM3692738v1_genomic
AT1G64253	CM072587.1	81.731	208	30	7	2016	2220	19107312	19107514	1.22e-39	167	GCA_036927385.1_ASM3692738v1_genomic
AT1G64255	CM072587.1	91.46	2260	167	14	1	2253	25373513	25375753	0	3081	GCA_036927385.1_ASM3692738v1_genomic
AT1G64255	CM072587.1	82.874	1740	267	21	528	2253	25367117	25368839	0	1533	GCA_036927385.1_ASM3692738v1_genomic
AT1G64255	CM072587.1	77.521	1646	338	27	545	2177	25370522	25372148	0	961	GCA_036927385.1_ASM3692738v1_genomic
AT1G64260	CM072587.1	77.985	1608	318	29	891	2480	25370538	25372127	0	976	GCA_036927385.1_ASM3692738v1_genomic
AT1G64260	CM072587.1	78.026	760	132	23	30	781	25369528	25370260	1.73e-123	446	GCA_036927385.1_ASM3692738v1_genomic
AT1G64260	CM072587.1	83.402	241	33	7	2252	2489	20097143	20096907	1.48e-54	217	GCA_036927385.1_ASM3692738v1_genomic
AT1G49920	CM072582.1	98.541	2811	37	3	1	2810	21665132	21667939	0	4961	GCA_036927435.1_ASM3692743v1_genomic
AT1G49920	CM072582.1	76	1150	224	39	1002	2140	27027665	27026557	4.95e-154	547	GCA_036927435.1_ASM3692743v1_genomic
AT1G49920	CM072582.1	83.333	240	35	5	466	702	27038193	27037956	1.59e-54	217	GCA_036927435.1_ASM3692743v1_genomic
AT1G49920	CM072582.1	82.927	246	35	5	433	676	27031901	27031661	5.7e-54	215	GCA_036927435.1_ASM3692743v1_genomic
AT1G64253	CM072582.1	97.842	1993	36	3	1	1992	27030908	27032894	0	3435	GCA_036927435.1_ASM3692743v1_genomic
AT1G64253	CM072582.1	76.832	1092	213	29	1	1063	27027205	27028285	1.38e-163	579	GCA_036927435.1_ASM3692743v1_genomic
AT1G64253	CM072582.1	76.67	973	191	28	2	956	27037230	27038184	6.62e-142	507	GCA_036927435.1_ASM3692743v1_genomic
AT1G64253	CM072582.1	75.992	983	208	23	2	967	27034464	27035435	1.12e-134	483	GCA_036927435.1_ASM3692743v1_genomic
AT1G64253	CM072582.1	79.167	504	95	7	1	496	21666599	21666098	7.1e-92	340	GCA_036927435.1_ASM3692743v1_genomic
AT1G64253	CM072582.1	81.25	208	31	7	2016	2220	20682609	20682811	5.94e-38	161	GCA_036927435.1_ASM3692743v1_genomic
AT1G64253	CM072582.1	81.25	208	30	8	2016	2220	20685396	20685597	2.13e-37	159	GCA_036927435.1_ASM3692743v1_genomic
AT1G64255	CM072582.1	98.668	2253	30	0	1	2253	27033269	27035521	0	3995	GCA_036927435.1_ASM3692743v1_genomic
AT1G64255	CM072582.1	82.128	1701	270	16	501	2181	27026514	27028200	0	1426	GCA_036927435.1_ASM3692743v1_genomic
AT1G64255	CM072582.1	79.852	1623	283	34	561	2164	27036596	27038193	0	1146	GCA_036927435.1_ASM3692743v1_genomic
AT1G64255	CM072582.1	77.143	1645	346	25	545	2177	27030258	27031884	0	928	GCA_036927435.1_ASM3692743v1_genomic
AT1G64255	CM072582.1	82.243	642	108	5	1030	1668	27040363	27041001	1.1e-154	549	GCA_036927435.1_ASM3692743v1_genomic
AT1G64255	CM072582.1	86.25	160	20	2	2014	2172	27028703	27028861	2.78e-41	172	GCA_036927435.1_ASM3692743v1_genomic
AT1G64255	CM072582.1	79.72	143	25	4	237	377	27039435	27039575	1.33e-19	100	GCA_036927435.1_ASM3692743v1_genomic
AT1G64260	CM072582.1	99.343	2738	17	1	1	2738	27035706	27038442	0	4955	GCA_036927435.1_ASM3692743v1_genomic
AT1G64260	CM072582.1	79.655	1622	289	33	891	2489	27033829	27035432	0	1129	GCA_036927435.1_ASM3692743v1_genomic
AT1G64260	CM072582.1	78.831	1677	310	31	834	2483	27026520	27028178	0	1088	GCA_036927435.1_ASM3692743v1_genomic
AT1G64260	CM072582.1	77.363	1608	328	28	891	2480	27030274	27031863	0	920	GCA_036927435.1_ASM3692743v1_genomic
AT1G64260	CM072582.1	81.743	241	37	7	2252	2489	21665833	21665597	7.24e-48	195	GCA_036927435.1_ASM3692743v1_genomic
AT1G49920	CM072567.1	98.541	2811	37	3	1	2810	19087214	19090021	0	4961	GCA_036927455.1_ASM3692745v1_genomic
AT1G49920	CM072567.1	76	1150	224	39	1002	2140	24422141	24421033	4.91e-154	547	GCA_036927455.1_ASM3692745v1_genomic
AT1G49920	CM072567.1	82.927	246	35	5	433	676	24426374	24426134	5.66e-54	215	GCA_036927455.1_ASM3692745v1_genomic
AT1G49920	CM072567.1	82.917	240	36	5	466	702	24432623	24432386	7.32e-53	211	GCA_036927455.1_ASM3692745v1_genomic
AT1G64253	CM072567.1	97.289	1844	41	5	1	1842	24425382	24427218	0	3120	GCA_036927455.1_ASM3692745v1_genomic
AT1G64253	CM072567.1	76.832	1092	213	29	1	1063	24421681	24422761	1.37e-163	579	GCA_036927455.1_ASM3692745v1_genomic
AT1G64253	CM072567.1	76.362	973	194	28	2	956	24431660	24432614	6.62e-137	490	GCA_036927455.1_ASM3692745v1_genomic
AT1G64253	CM072567.1	75.788	983	203	28	2	967	24428900	24429864	4.01e-129	464	GCA_036927455.1_ASM3692745v1_genomic
AT1G64253	CM072567.1	79.167	504	95	7	1	496	19088681	19088180	7.05e-92	340	GCA_036927455.1_ASM3692745v1_genomic
AT1G64253	CM072567.1	99.107	112	1	0	1881	1992	24427217	24427328	3.47e-50	202	GCA_036927455.1_ASM3692745v1_genomic
AT1G64253	CM072567.1	81.731	208	30	7	2016	2220	18113491	18113693	1.27e-39	167	GCA_036927455.1_ASM3692745v1_genomic
AT1G64253	CM072567.1	81.25	208	31	7	2016	2220	18110704	18110906	5.89e-38	161	GCA_036927455.1_ASM3692745v1_genomic
AT1G64255	CM072567.1	98.225	2253	33	1	1	2253	24427705	24429950	0	3932	GCA_036927455.1_ASM3692745v1_genomic
AT1G64255	CM072567.1	82.128	1701	270	16	501	2181	24420990	24422676	0	1426	GCA_036927455.1_ASM3692745v1_genomic
AT1G64255	CM072567.1	79.544	1623	289	34	561	2164	24431025	24432623	0	1118	GCA_036927455.1_ASM3692745v1_genomic
AT1G64255	CM072567.1	76.96	1645	348	26	545	2177	24424732	24426357	0	909	GCA_036927455.1_ASM3692745v1_genomic
AT1G64255	CM072567.1	82.087	642	109	5	1030	1668	24434783	24435421	5.08e-153	544	GCA_036927455.1_ASM3692745v1_genomic
AT1G64255	CM072567.1	86.503	163	14	8	2014	2172	24423180	24423338	2.76e-41	172	GCA_036927455.1_ASM3692745v1_genomic
AT1G64255	CM072567.1	79.72	143	25	4	237	377	24433855	24433995	1.32e-19	100	GCA_036927455.1_ASM3692745v1_genomic
AT1G64260	CM072567.1	98.795	2738	25	1	1	2738	24430135	24432864	0	4867	GCA_036927455.1_ASM3692745v1_genomic
AT1G64260	CM072567.1	79.444	1620	289	33	891	2489	24428265	24429861	0	1107	GCA_036927455.1_ASM3692745v1_genomic
AT1G64260	CM072567.1	78.831	1677	310	31	834	2483	24420996	24422654	0	1088	GCA_036927455.1_ASM3692745v1_genomic
AT1G64260	CM072567.1	77.301	1608	328	29	891	2480	24424748	24426336	0	913	GCA_036927455.1_ASM3692745v1_genomic
AT1G64260	CM072567.1	78.478	762	128	24	30	781	24423744	24424479	1.38e-129	466	GCA_036927455.1_ASM3692745v1_genomic
AT1G64260	CM072567.1	81.743	241	37	7	2252	2489	19087915	19087679	7.18e-48	195	GCA_036927455.1_ASM3692745v1_genomic
AT1G49920	CM072562.1	98.541	2811	37	3	1	2810	20918133	20920940	0	4961	GCA_036927475.1_ASM3692747v1_genomic
AT1G49920	CM072562.1	76	1150	224	39	1002	2140	26302777	26301669	5.01e-154	547	GCA_036927475.1_ASM3692747v1_genomic
AT1G49920	CM072562.1	82.927	246	35	5	433	676	26307010	26306770	5.78e-54	215	GCA_036927475.1_ASM3692747v1_genomic
AT1G49920	CM072562.1	82.917	240	36	5	466	702	26313259	26313022	7.47e-53	211	GCA_036927475.1_ASM3692747v1_genomic
AT1G64253	CM072562.1	97.289	1844	41	5	1	1842	26306018	26307854	0	3120	GCA_036927475.1_ASM3692747v1_genomic
AT1G64253	CM072562.1	76.832	1092	213	29	1	1063	26302317	26303397	1.4e-163	579	GCA_036927475.1_ASM3692747v1_genomic
AT1G64253	CM072562.1	76.362	973	194	28	2	956	26312296	26313250	6.75e-137	490	GCA_036927475.1_ASM3692747v1_genomic
AT1G64253	CM072562.1	75.788	983	203	28	2	967	26309536	26310500	4.09e-129	464	GCA_036927475.1_ASM3692747v1_genomic
AT1G64253	CM072562.1	79.167	504	95	7	1	496	20919600	20919099	7.2e-92	340	GCA_036927475.1_ASM3692747v1_genomic
AT1G64253	CM072562.1	99.107	112	1	0	1881	1992	26307853	26307964	3.54e-50	202	GCA_036927475.1_ASM3692747v1_genomic
AT1G64253	CM072562.1	81.731	208	30	7	2016	2220	19942219	19942421	1.29e-39	167	GCA_036927475.1_ASM3692747v1_genomic
AT1G64253	CM072562.1	81.731	208	30	7	2016	2220	19945006	19945208	1.29e-39	167	GCA_036927475.1_ASM3692747v1_genomic
AT1G64253	CM072562.1	81.25	208	31	7	2016	2220	19939432	19939634	6.01e-38	161	GCA_036927475.1_ASM3692747v1_genomic
AT1G64255	CM072562.1	98.225	2253	33	1	1	2253	26308341	26310586	0	3932	GCA_036927475.1_ASM3692747v1_genomic
AT1G64255	CM072562.1	82.128	1701	270	16	501	2181	26301626	26303312	0	1426	GCA_036927475.1_ASM3692747v1_genomic
AT1G64255	CM072562.1	79.544	1623	289	34	561	2164	26311661	26313259	0	1118	GCA_036927475.1_ASM3692747v1_genomic
AT1G64255	CM072562.1	76.96	1645	348	26	545	2177	26305368	26306993	0	909	GCA_036927475.1_ASM3692747v1_genomic
AT1G64255	CM072562.1	82.087	642	109	5	1030	1668	26315419	26316057	5.19e-153	544	GCA_036927475.1_ASM3692747v1_genomic
AT1G64255	CM072562.1	86.503	163	14	8	2014	2172	26303816	26303974	2.82e-41	172	GCA_036927475.1_ASM3692747v1_genomic
AT1G64255	CM072562.1	79.72	143	25	4	237	377	26314491	26314631	1.35e-19	100	GCA_036927475.1_ASM3692747v1_genomic
AT1G64260	CM072562.1	98.795	2738	25	1	1	2738	26310771	26313500	0	4867	GCA_036927475.1_ASM3692747v1_genomic
AT1G64260	CM072562.1	79.444	1620	289	33	891	2489	26308901	26310497	0	1107	GCA_036927475.1_ASM3692747v1_genomic
AT1G64260	CM072562.1	78.831	1677	310	31	834	2483	26301632	26303290	0	1088	GCA_036927475.1_ASM3692747v1_genomic
AT1G64260	CM072562.1	77.301	1608	328	29	891	2480	26305384	26306972	0	913	GCA_036927475.1_ASM3692747v1_genomic
AT1G64260	CM072562.1	78.478	762	128	24	30	781	26304380	26305115	1.41e-129	466	GCA_036927475.1_ASM3692747v1_genomic
AT1G64260	CM072562.1	81.743	241	37	7	2252	2489	20918834	20918598	7.33e-48	195	GCA_036927475.1_ASM3692747v1_genomic
AT1G49920	CM072577.1	98.888	2519	3	3	1	2501	20495560	20498071	0	4473	GCA_036927485.1_ASM3692748v1_genomic
AT1G49920	CM072577.1	75.913	1150	224	40	1002	2140	25924256	25923149	8.37e-152	540	GCA_036927485.1_ASM3692748v1_genomic
AT1G49920	CM072577.1	99.254	268	1	1	2543	2810	20503266	20503532	1.43e-134	483	GCA_036927485.1_ASM3692748v1_genomic
AT1G49920	CM072577.1	82.988	241	34	7	466	702	25934698	25934461	7.46e-53	211	GCA_036927485.1_ASM3692748v1_genomic
AT1G49920	CM072577.1	82.52	246	36	5	433	676	25928415	25928175	2.68e-52	209	GCA_036927485.1_ASM3692748v1_genomic
AT1G64253	CM072577.1	97.593	1994	39	5	1	1992	25927421	25929407	0	3408	GCA_036927485.1_ASM3692748v1_genomic
AT1G64253	CM072577.1	76.74	1092	213	30	1	1063	25923797	25924876	2.34e-161	571	GCA_036927485.1_ASM3692748v1_genomic
AT1G64253	CM072577.1	75.992	983	207	24	2	967	25930977	25931947	4.06e-134	481	GCA_036927485.1_ASM3692748v1_genomic
AT1G64253	CM072577.1	79.167	504	94	8	1	496	20497038	20496538	2.58e-91	339	GCA_036927485.1_ASM3692748v1_genomic
AT1G64253	CM072577.1	81.731	208	30	7	2016	2220	19525242	19525444	1.29e-39	167	GCA_036927485.1_ASM3692748v1_genomic
AT1G64253	CM072577.1	92.105	114	7	2	2107	2220	19528115	19528226	2.16e-37	159	GCA_036927485.1_ASM3692748v1_genomic
AT1G64255	CM072577.1	98.713	2253	28	1	1	2253	25929782	25932033	0	3999	GCA_036927485.1_ASM3692748v1_genomic
AT1G64255	CM072577.1	81.952	1701	272	17	501	2181	25923106	25924791	0	1408	GCA_036927485.1_ASM3692748v1_genomic
AT1G64255	CM072577.1	79.359	1623	290	35	561	2164	25933102	25934698	0	1099	GCA_036927485.1_ASM3692748v1_genomic
AT1G64255	CM072577.1	76.974	1646	348	26	545	2177	25926771	25928398	0	911	GCA_036927485.1_ASM3692748v1_genomic
AT1G64255	CM072577.1	82.243	642	108	5	1030	1668	25936872	25937510	1.11e-154	549	GCA_036927485.1_ASM3692748v1_genomic
AT1G64255	CM072577.1	86.503	163	14	8	2014	2172	25925295	25925453	2.81e-41	172	GCA_036927485.1_ASM3692748v1_genomic
AT1G64255	CM072577.1	79.72	143	25	4	237	377	25935944	25936084	1.35e-19	100	GCA_036927485.1_ASM3692748v1_genomic
AT1G64260	CM072577.1	98.941	2738	21	2	1	2738	25932218	25934947	0	4889	GCA_036927485.1_ASM3692748v1_genomic
AT1G64260	CM072577.1	79.593	1622	289	33	891	2489	25930342	25931944	0	1123	GCA_036927485.1_ASM3692748v1_genomic
AT1G64260	CM072577.1	78.678	1679	308	35	834	2483	25923112	25924769	0	1072	GCA_036927485.1_ASM3692748v1_genomic
AT1G64260	CM072577.1	77.067	1609	332	29	891	2480	25926787	25928377	0	893	GCA_036927485.1_ASM3692748v1_genomic
AT1G64260	CM072577.1	78.478	762	128	24	30	781	25925774	25926509	1.4e-129	466	GCA_036927485.1_ASM3692748v1_genomic
AT1G64260	CM072577.1	83.402	241	33	7	2252	2489	20496273	20496037	1.56e-54	217	GCA_036927485.1_ASM3692748v1_genomic
AT1G49920	CM072572.1	99.964	2810	1	0	1	2810	20740558	20737749	0	5184	GCA_036927505.1_ASM3692750v1_genomic
AT1G49920	CM072572.1	76.174	1150	222	39	1002	2140	26070798	26069690	2.21e-157	558	GCA_036927505.1_ASM3692750v1_genomic
AT1G49920	CM072572.1	83.333	240	35	5	466	702	26081240	26081003	1.53e-54	217	GCA_036927505.1_ASM3692750v1_genomic
AT1G49920	CM072572.1	82.52	246	36	5	433	676	26074947	26074707	2.56e-52	209	GCA_036927505.1_ASM3692750v1_genomic
AT1G64253	CM072572.1	97.592	1993	40	4	1	1992	26073955	26075940	0	3408	GCA_036927505.1_ASM3692750v1_genomic
AT1G64253	CM072572.1	76.74	1092	214	29	1	1063	26070338	26071418	6.22e-162	573	GCA_036927505.1_ASM3692750v1_genomic
AT1G64253	CM072572.1	76.622	971	195	25	2	956	26080277	26081231	6.4e-142	507	GCA_036927505.1_ASM3692750v1_genomic
AT1G64253	CM072572.1	76.297	983	205	23	2	967	26077510	26078481	1.07e-139	499	GCA_036927505.1_ASM3692750v1_genomic
AT1G64253	CM072572.1	79.365	504	94	7	1	496	20739091	20739592	1.48e-93	346	GCA_036927505.1_ASM3692750v1_genomic
AT1G64253	CM072572.1	81.731	208	30	7	2016	2220	19446581	19446783	1.23e-39	167	GCA_036927505.1_ASM3692750v1_genomic
AT1G64253	CM072572.1	81.25	208	31	7	2016	2220	19443794	19443996	5.74e-38	161	GCA_036927505.1_ASM3692750v1_genomic
AT1G64255	CM072572.1	98.757	2253	28	0	1	2253	26076315	26078567	0	4006	GCA_036927505.1_ASM3692750v1_genomic
AT1G64255	CM072572.1	82.256	1702	266	18	501	2181	26069647	26071333	0	1437	GCA_036927505.1_ASM3692750v1_genomic
AT1G64255	CM072572.1	79.791	1623	285	34	561	2164	26079642	26081240	0	1140	GCA_036927505.1_ASM3692750v1_genomic
AT1G64255	CM072572.1	77.021	1645	347	26	545	2177	26073305	26074930	0	915	GCA_036927505.1_ASM3692750v1_genomic
AT1G64255	CM072572.1	82.243	642	108	5	1030	1668	26083408	26084046	1.06e-154	549	GCA_036927505.1_ASM3692750v1_genomic
AT1G64255	CM072572.1	86.503	163	14	8	2014	2172	26071829	26071987	2.69e-41	172	GCA_036927505.1_ASM3692750v1_genomic
AT1G64255	CM072572.1	79.72	143	25	4	237	377	26082480	26082620	1.29e-19	100	GCA_036927505.1_ASM3692750v1_genomic
AT1G64260	CM072572.1	99.379	2738	17	0	1	2738	26078752	26081489	0	4963	GCA_036927505.1_ASM3692750v1_genomic
AT1G64260	CM072572.1	79.778	1622	287	32	891	2489	26076875	26078478	0	1140	GCA_036927505.1_ASM3692750v1_genomic
AT1G64260	CM072572.1	78.891	1677	309	32	834	2483	26069653	26071311	0	1094	GCA_036927505.1_ASM3692750v1_genomic
AT1G64260	CM072572.1	77.239	1608	329	29	891	2480	26073321	26074909	0	907	GCA_036927505.1_ASM3692750v1_genomic
AT1G64260	CM072572.1	78.478	762	128	24	30	781	26072308	26073043	1.34e-129	466	GCA_036927505.1_ASM3692750v1_genomic
AT1G64260	CM072572.1	83.402	241	33	7	2252	2489	20739857	20740093	1.49e-54	217	GCA_036927505.1_ASM3692750v1_genomic
AT1G49920	CP137946.1	100	2810	0	0	1	2810	22766428	22769237	0	5190	GCA_036936705.1_ASM3693670v1_genomic
AT1G49920	CP137946.1	83.333	240	35	5	466	702	28107114	28106877	1.61e-54	217	GCA_036936705.1_ASM3693670v1_genomic
AT1G49920	CP137946.1	82.927	246	35	5	433	676	28101526	28101286	5.77e-54	215	GCA_036936705.1_ASM3693670v1_genomic
AT1G64253	CP137946.1	97.561	1353	32	1	1	1352	28100533	28101885	0	2314	GCA_036936705.1_ASM3693670v1_genomic
AT1G64253	CP137946.1	76.416	971	196	26	2	956	28106152	28107105	5.22e-138	494	GCA_036936705.1_ASM3693670v1_genomic
AT1G64253	CP137946.1	76.032	993	210	23	2	977	28103385	28104366	6.75e-137	490	GCA_036936705.1_ASM3693670v1_genomic
AT1G64253	CP137946.1	79.365	504	94	7	1	496	22767895	22767394	1.55e-93	346	GCA_036936705.1_ASM3693670v1_genomic
AT1G64253	CP137946.1	82.488	217	27	7	815	1021	28098408	28098623	1.66e-43	180	GCA_036936705.1_ASM3693670v1_genomic
AT1G64253	CP137946.1	92.105	114	7	2	2107	2220	21751896	21752007	2.16e-37	159	GCA_036936705.1_ASM3693670v1_genomic
AT1G64253	CP137946.1	92.105	114	7	2	2107	2220	21754683	21754794	2.16e-37	159	GCA_036936705.1_ASM3693670v1_genomic
AT1G64255	CP137946.1	98.091	2253	28	1	1	2253	28102205	28104442	0	3908	GCA_036936705.1_ASM3693670v1_genomic
AT1G64255	CP137946.1	79.667	1623	286	36	561	2164	28105517	28107114	0	1129	GCA_036936705.1_ASM3693670v1_genomic
AT1G64255	CP137946.1	77.082	1645	347	25	545	2177	28099883	28101509	0	922	GCA_036936705.1_ASM3693670v1_genomic
AT1G64255	CP137946.1	82.087	642	109	5	1030	1668	28109282	28109920	5.19e-153	544	GCA_036936705.1_ASM3693670v1_genomic
AT1G64255	CP137946.1	79.72	143	25	4	237	377	28108354	28108494	1.35e-19	100	GCA_036936705.1_ASM3693670v1_genomic
AT1G64260	CP137946.1	99.233	2738	20	1	1	2738	28104627	28107363	0	4939	GCA_036936705.1_ASM3693670v1_genomic
AT1G64260	CP137946.1	79.568	1620	279	35	891	2489	28102765	28104353	0	1110	GCA_036936705.1_ASM3693670v1_genomic
AT1G64260	CP137946.1	77.301	1608	329	28	891	2480	28099899	28101488	0	915	GCA_036936705.1_ASM3693670v1_genomic
AT1G64260	CP137946.1	78.215	762	130	24	30	781	28098886	28099621	3.04e-126	455	GCA_036936705.1_ASM3693670v1_genomic
AT1G64260	CP137946.1	83.402	241	33	7	2252	2489	22767129	22766893	1.56e-54	217	GCA_036936705.1_ASM3693670v1_genomic
AT1G49920	CP137951.1	99.893	2810	3	0	1	2810	21024479	21027288	0	5173	GCA_036936715.1_ASM3693671v1_genomic
AT1G49920	CP137951.1	75.739	1150	227	39	1002	2140	26345938	26344830	4.96e-149	531	GCA_036936715.1_ASM3693671v1_genomic
AT1G49920	CP137951.1	82.927	246	35	5	433	676	26350180	26349940	5.67e-54	215	GCA_036936715.1_ASM3693671v1_genomic
AT1G64253	CP137951.1	97.636	1819	35	4	1	1818	26349188	26350999	0	3114	GCA_036936715.1_ASM3693671v1_genomic
AT1G64253	CP137951.1	76.74	1092	214	29	1	1063	26345478	26346558	6.4e-162	573	GCA_036936715.1_ASM3693671v1_genomic
AT1G64253	CP137951.1	79.167	504	95	7	1	496	21025946	21025445	7.07e-92	340	GCA_036936715.1_ASM3693671v1_genomic
AT1G64253	CP137951.1	81.25	208	31	7	2016	2220	20027226	20027428	5.91e-38	161	GCA_036936715.1_ASM3693671v1_genomic
AT1G64253	CP137951.1	81.25	208	31	7	2016	2220	20030013	20030215	5.91e-38	161	GCA_036936715.1_ASM3693671v1_genomic
AT1G64255	CP137951.1	91.327	2260	170	15	1	2253	26351105	26353345	0	3064	GCA_036936715.1_ASM3693671v1_genomic
AT1G64255	CP137951.1	82.011	1701	272	16	501	2181	26344787	26346473	0	1415	GCA_036936715.1_ASM3693671v1_genomic
AT1G64255	CP137951.1	77.021	1645	347	26	545	2177	26348538	26350163	0	915	GCA_036936715.1_ASM3693671v1_genomic
AT1G64255	CP137951.1	85.89	163	15	8	2014	2172	26346977	26347135	1.29e-39	167	GCA_036936715.1_ASM3693671v1_genomic
AT1G64260	CP137951.1	78.844	1678	308	37	834	2483	26344793	26346451	0	1088	GCA_036936715.1_ASM3693671v1_genomic
AT1G64260	CP137951.1	77.063	1648	338	31	851	2480	26348517	26350142	0	913	GCA_036936715.1_ASM3693671v1_genomic
AT1G64260	CP137951.1	78.478	762	128	24	30	781	26347541	26348276	1.38e-129	466	GCA_036936715.1_ASM3693671v1_genomic
AT1G64260	CP137951.1	84.577	402	56	6	1622	2020	26353717	26354115	6.61e-108	394	GCA_036936715.1_ASM3693671v1_genomic
AT1G64260	CP137951.1	83.402	241	33	7	2252	2489	21025180	21024944	1.54e-54	217	GCA_036936715.1_ASM3693671v1_genomic
AT1G49920	CP137956.1	99.893	2810	3	0	1	2810	20644473	20647282	0	5173	GCA_036936845.1_ASM3693684v1_genomic
AT1G49920	CP137956.1	76.087	1150	223	39	1002	2140	26114176	26113068	1.07e-155	553	GCA_036936845.1_ASM3693684v1_genomic
AT1G49920	CP137956.1	83.333	240	35	5	466	702	26124603	26124366	1.6e-54	217	GCA_036936845.1_ASM3693684v1_genomic
AT1G49920	CP137956.1	82.927	246	35	5	433	676	26118325	26118085	5.74e-54	215	GCA_036936845.1_ASM3693684v1_genomic
AT1G64253	CP137956.1	97.642	1993	39	4	1	1992	26117333	26119318	0	3413	GCA_036936845.1_ASM3693684v1_genomic
AT1G64253	CP137956.1	76.923	1092	212	29	1	1063	26113716	26114796	2.99e-165	584	GCA_036936845.1_ASM3693684v1_genomic
AT1G64253	CP137956.1	76.622	971	195	25	2	956	26123640	26124594	6.66e-142	507	GCA_036936845.1_ASM3693684v1_genomic
AT1G64253	CP137956.1	76.195	983	206	23	2	967	26120873	26121844	5.19e-138	494	GCA_036936845.1_ASM3693684v1_genomic
AT1G64253	CP137956.1	79.365	504	94	7	1	496	20645940	20645439	1.54e-93	346	GCA_036936845.1_ASM3693684v1_genomic
AT1G64253	CP137956.1	81.731	208	30	7	2016	2220	19633557	19633759	1.28e-39	167	GCA_036936845.1_ASM3693684v1_genomic
AT1G64253	CP137956.1	80.769	208	32	7	2016	2220	19630770	19630972	2.78e-36	156	GCA_036936845.1_ASM3693684v1_genomic
AT1G64255	CP137956.1	98.269	2253	24	1	1	2253	26119693	26121930	0	3930	GCA_036936845.1_ASM3693684v1_genomic
AT1G64255	CP137956.1	82.246	1701	268	16	501	2181	26113025	26114711	0	1437	GCA_036936845.1_ASM3693684v1_genomic
AT1G64255	CP137956.1	79.791	1623	285	34	561	2164	26123005	26124603	0	1140	GCA_036936845.1_ASM3693684v1_genomic
AT1G64255	CP137956.1	77.082	1645	346	26	545	2177	26116683	26118308	0	920	GCA_036936845.1_ASM3693684v1_genomic
AT1G64255	CP137956.1	82.243	642	108	5	1030	1668	26126771	26127409	1.11e-154	549	GCA_036936845.1_ASM3693684v1_genomic
AT1G64255	CP137956.1	86.503	163	14	8	2014	2172	26115207	26115365	2.8e-41	172	GCA_036936845.1_ASM3693684v1_genomic
AT1G64255	CP137956.1	79.72	143	25	4	237	377	26125843	26125983	1.34e-19	100	GCA_036936845.1_ASM3693684v1_genomic
AT1G64260	CP137956.1	99.27	2738	20	0	1	2738	26122115	26124852	0	4946	GCA_036936845.1_ASM3693684v1_genomic
AT1G64260	CP137956.1	79.63	1620	278	35	891	2489	26120253	26121841	0	1116	GCA_036936845.1_ASM3693684v1_genomic
AT1G64260	CP137956.1	78.891	1677	309	32	834	2483	26113031	26114689	0	1094	GCA_036936845.1_ASM3693684v1_genomic
AT1G64260	CP137956.1	77.301	1608	328	29	891	2480	26116699	26118287	0	913	GCA_036936845.1_ASM3693684v1_genomic
AT1G64260	CP137956.1	78.478	762	128	24	30	781	26115686	26116421	1.4e-129	466	GCA_036936845.1_ASM3693684v1_genomic
AT1G64260	CP137956.1	83.402	241	33	7	2252	2489	20645174	20644938	1.55e-54	217	GCA_036936845.1_ASM3693684v1_genomic
AT1G49920	CP137961.1	100	2810	0	0	1	2810	21707734	21710543	0	5190	GCA_036936885.1_ASM3693688v1_genomic
AT1G49920	CP137961.1	75.655	1183	244	30	967	2142	26960334	26959189	1.38e-154	549	GCA_036936885.1_ASM3693688v1_genomic
AT1G49920	CP137961.1	82.927	246	35	5	433	676	26960832	26960592	5.7e-54	215	GCA_036936885.1_ASM3693688v1_genomic
AT1G64253	CP137961.1	96.579	2017	38	6	1	2016	26959839	26961825	0	3314	GCA_036936885.1_ASM3693688v1_genomic
AT1G64253	CP137961.1	78.072	944	171	29	52	977	26956505	26957430	3.87e-159	564	GCA_036936885.1_ASM3693688v1_genomic
AT1G64253	CP137961.1	83.924	423	66	2	100	521	26964796	26965217	8.93e-111	403	GCA_036936885.1_ASM3693688v1_genomic
AT1G64253	CP137961.1	79.365	504	94	7	1	496	21709201	21708700	1.53e-93	346	GCA_036936885.1_ASM3693688v1_genomic
AT1G64253	CP137961.1	81.731	208	30	7	2016	2220	20708071	20708273	1.28e-39	167	GCA_036936885.1_ASM3693688v1_genomic
AT1G64253	CP137961.1	80.769	208	32	7	2016	2220	20705284	20705486	2.76e-36	156	GCA_036936885.1_ASM3693688v1_genomic
AT1G64255	CP137961.1	91.46	2260	167	14	1	2253	26962180	26964420	0	3081	GCA_036936885.1_ASM3693688v1_genomic
AT1G64255	CP137961.1	82.874	1740	267	21	528	2253	26955784	26957506	0	1533	GCA_036936885.1_ASM3693688v1_genomic
AT1G64255	CP137961.1	77.521	1646	338	27	545	2177	26959189	26960815	0	961	GCA_036936885.1_ASM3693688v1_genomic
AT1G64260	CP137961.1	77.985	1608	318	29	891	2480	26959205	26960794	0	976	GCA_036936885.1_ASM3693688v1_genomic
AT1G64260	CP137961.1	78.026	760	132	23	30	781	26958195	26958927	1.81e-123	446	GCA_036936885.1_ASM3693688v1_genomic
AT1G64260	CP137961.1	83.402	241	33	7	2252	2489	21708435	21708199	1.54e-54	217	GCA_036936885.1_ASM3693688v1_genomic
AT1G49920	CP137966.1	98.292	2810	46	1	1	2810	22491317	22494124	0	4922	GCA_036936895.1_ASM3693689v1_genomic
AT1G49920	CP137966.1	75.847	1180	247	29	967	2142	27975120	27973975	1.4e-159	566	GCA_036936895.1_ASM3693689v1_genomic
AT1G64253	CP137966.1	99.256	2016	15	0	1	2016	27974625	27976640	0	3640	GCA_036936895.1_ASM3693689v1_genomic
AT1G64253	CP137966.1	78.072	944	171	29	52	977	27971303	27972228	3.97e-159	564	GCA_036936895.1_ASM3693689v1_genomic
AT1G64253	CP137966.1	83.688	423	67	2	100	521	27979608	27980029	4.27e-109	398	GCA_036936895.1_ASM3693689v1_genomic
AT1G64253	CP137966.1	79.167	504	95	7	1	496	22492784	22492283	7.29e-92	340	GCA_036936895.1_ASM3693689v1_genomic
AT1G64253	CP137966.1	81.731	208	30	7	2016	2220	21484607	21484809	1.31e-39	167	GCA_036936895.1_ASM3693689v1_genomic
AT1G64253	CP137966.1	81.731	208	30	7	2016	2220	21487393	21487595	1.31e-39	167	GCA_036936895.1_ASM3693689v1_genomic
AT1G64255	CP137966.1	91.372	2260	167	15	1	2253	27976995	27979233	0	3068	GCA_036936895.1_ASM3693689v1_genomic
AT1G64255	CP137966.1	82.796	1767	270	22	501	2253	27970558	27972304	0	1548	GCA_036936895.1_ASM3693689v1_genomic
AT1G64255	CP137966.1	77.278	1646	342	27	545	2177	27973975	27975601	0	939	GCA_036936895.1_ASM3693689v1_genomic
AT1G64260	CP137966.1	79.043	1651	317	24	843	2480	27970573	27972207	0	1105	GCA_036936895.1_ASM3693689v1_genomic
AT1G64260	CP137966.1	77.75	1609	320	30	891	2480	27973991	27975580	0	953	GCA_036936895.1_ASM3693689v1_genomic
AT1G64260	CP137966.1	81.743	241	37	7	2252	2489	22492018	22491782	7.43e-48	195	GCA_036936895.1_ASM3693689v1_genomic
AT1G49920	CP137971.1	99.893	2810	3	0	1	2810	20674654	20677463	0	5173	GCA_036936905.1_ASM3693690v1_genomic
AT1G49920	CP137971.1	76.087	1150	223	39	1002	2140	26141731	26140623	1.07e-155	553	GCA_036936905.1_ASM3693690v1_genomic
AT1G49920	CP137971.1	83.333	240	35	5	466	702	26152158	26151921	1.59e-54	217	GCA_036936905.1_ASM3693690v1_genomic
AT1G49920	CP137971.1	82.927	246	35	5	433	676	26145880	26145640	5.74e-54	215	GCA_036936905.1_ASM3693690v1_genomic
AT1G64253	CP137971.1	97.642	1993	39	4	1	1992	26144888	26146873	0	3413	GCA_036936905.1_ASM3693690v1_genomic
AT1G64253	CP137971.1	76.923	1092	212	29	1	1063	26141271	26142351	2.99e-165	584	GCA_036936905.1_ASM3693690v1_genomic
AT1G64253	CP137971.1	76.622	971	195	25	2	956	26151195	26152149	6.66e-142	507	GCA_036936905.1_ASM3693690v1_genomic
AT1G64253	CP137971.1	76.195	983	206	23	2	967	26148428	26149399	5.18e-138	494	GCA_036936905.1_ASM3693690v1_genomic
AT1G64253	CP137971.1	79.365	504	94	7	1	496	20676121	20675620	1.54e-93	346	GCA_036936905.1_ASM3693690v1_genomic
AT1G64253	CP137971.1	81.731	208	30	7	2016	2220	19663737	19663939	1.28e-39	167	GCA_036936905.1_ASM3693690v1_genomic
AT1G64253	CP137971.1	80.769	208	32	7	2016	2220	19660950	19661152	2.78e-36	156	GCA_036936905.1_ASM3693690v1_genomic
AT1G64255	CP137971.1	98.269	2253	24	1	1	2253	26147248	26149485	0	3930	GCA_036936905.1_ASM3693690v1_genomic
AT1G64255	CP137971.1	82.246	1701	268	16	501	2181	26140580	26142266	0	1437	GCA_036936905.1_ASM3693690v1_genomic
AT1G64255	CP137971.1	79.791	1623	285	34	561	2164	26150560	26152158	0	1140	GCA_036936905.1_ASM3693690v1_genomic
AT1G64255	CP137971.1	77.082	1645	346	26	545	2177	26144238	26145863	0	920	GCA_036936905.1_ASM3693690v1_genomic
AT1G64255	CP137971.1	82.243	642	108	5	1030	1668	26154326	26154964	1.11e-154	549	GCA_036936905.1_ASM3693690v1_genomic
AT1G64255	CP137971.1	86.503	163	14	8	2014	2172	26142762	26142920	2.8e-41	172	GCA_036936905.1_ASM3693690v1_genomic
AT1G64255	CP137971.1	79.72	143	25	4	237	377	26153398	26153538	1.34e-19	100	GCA_036936905.1_ASM3693690v1_genomic
AT1G64260	CP137971.1	99.27	2738	20	0	1	2738	26149670	26152407	0	4946	GCA_036936905.1_ASM3693690v1_genomic
AT1G64260	CP137971.1	79.63	1620	278	35	891	2489	26147808	26149396	0	1116	GCA_036936905.1_ASM3693690v1_genomic
AT1G64260	CP137971.1	78.891	1677	309	32	834	2483	26140586	26142244	0	1094	GCA_036936905.1_ASM3693690v1_genomic
AT1G64260	CP137971.1	77.301	1608	328	29	891	2480	26144254	26145842	0	913	GCA_036936905.1_ASM3693690v1_genomic
AT1G64260	CP137971.1	78.478	762	128	24	30	781	26143241	26143976	1.4e-129	466	GCA_036936905.1_ASM3693690v1_genomic
AT1G64260	CP137971.1	83.402	241	33	7	2252	2489	20675355	20675119	1.55e-54	217	GCA_036936905.1_ASM3693690v1_genomic
AT1G49920	CP137976.1	97.331	2810	45	3	1	2810	20299055	20301834	0	4747	GCA_036936915.1_ASM3693691v1_genomic
AT1G49920	CP137976.1	75.932	1180	246	29	967	2142	25805730	25804585	2.92e-161	571	GCA_036936915.1_ASM3693691v1_genomic
AT1G49920	CP137976.1	83.402	241	33	7	466	702	25812909	25812672	1.57e-54	217	GCA_036936915.1_ASM3693691v1_genomic
AT1G64253	CP137976.1	100	2220	0	0	1	2220	25805235	25807454	0	4100	GCA_036936915.1_ASM3693691v1_genomic
AT1G64253	CP137976.1	77.966	944	172	29	52	977	25801912	25802837	1.79e-157	558	GCA_036936915.1_ASM3693691v1_genomic
AT1G64253	CP137976.1	76.313	971	198	25	2	956	25811946	25812900	6.62e-137	490	GCA_036936915.1_ASM3693691v1_genomic
AT1G64253	CP137976.1	81.731	208	29	8	2016	2220	19340402	19340603	4.56e-39	165	GCA_036936915.1_ASM3693691v1_genomic
AT1G64253	CP137976.1	81.25	208	31	7	2016	2220	19337615	19337817	5.9e-38	161	GCA_036936915.1_ASM3693691v1_genomic
AT1G64255	CP137976.1	100	2253	0	0	1	2253	25807970	25810222	0	4161	GCA_036936915.1_ASM3693691v1_genomic
AT1G64255	CP137976.1	82.975	1768	265	23	501	2253	25801167	25802913	0	1565	GCA_036936915.1_ASM3693691v1_genomic
AT1G64255	CP137976.1	79.667	1623	287	34	561	2164	25811311	25812909	0	1129	GCA_036936915.1_ASM3693691v1_genomic
AT1G64255	CP137976.1	77.278	1646	342	27	545	2177	25804585	25806211	0	939	GCA_036936915.1_ASM3693691v1_genomic
AT1G64255	CP137976.1	82.243	642	108	5	1030	1668	25815081	25815719	1.09e-154	549	GCA_036936915.1_ASM3693691v1_genomic
AT1G64255	CP137976.1	79.72	143	25	4	237	377	25814153	25814293	1.32e-19	100	GCA_036936915.1_ASM3693691v1_genomic
AT1G64260	CP137976.1	100	2738	0	0	1	2738	25810421	25813158	0	5057	GCA_036936915.1_ASM3693691v1_genomic
AT1G64260	CP137976.1	79.667	1623	287	33	891	2489	25808530	25810133	0	1129	GCA_036936915.1_ASM3693691v1_genomic
AT1G64260	CP137976.1	79.104	1651	316	24	843	2480	25801182	25802816	0	1110	GCA_036936915.1_ASM3693691v1_genomic
AT1G64260	CP137976.1	77.792	1612	314	34	891	2480	25804601	25806190	0	953	GCA_036936915.1_ASM3693691v1_genomic
AT1G64260	CP137976.1	78.158	760	131	23	30	781	25803601	25804333	3.86e-125	451	GCA_036936915.1_ASM3693691v1_genomic
AT1G64260	CP137976.1	81.743	241	37	7	2252	2489	20299756	20299520	7.19e-48	195	GCA_036936915.1_ASM3693691v1_genomic
AT1G49920	CP137981.1	99.858	2810	3	1	1	2810	22658377	22661185	0	5166	GCA_036936945.1_ASM3693694v1_genomic
AT1G49920	CP137981.1	75.932	1180	246	29	967	2142	27990426	27989281	2.95e-161	571	GCA_036936945.1_ASM3693694v1_genomic
AT1G49920	CP137981.1	83.402	241	33	7	466	702	27997605	27997368	1.59e-54	217	GCA_036936945.1_ASM3693694v1_genomic
AT1G64253	CP137981.1	100	2220	0	0	1	2220	27989931	27992150	0	4100	GCA_036936945.1_ASM3693694v1_genomic
AT1G64253	CP137981.1	77.966	944	172	29	52	977	27986608	27987533	1.81e-157	558	GCA_036936945.1_ASM3693694v1_genomic
AT1G64253	CP137981.1	76.313	971	198	25	2	956	27996642	27997596	6.7e-137	490	GCA_036936945.1_ASM3693694v1_genomic
AT1G64253	CP137981.1	79.365	504	94	7	1	496	22659844	22659343	1.54e-93	346	GCA_036936945.1_ASM3693694v1_genomic
AT1G64253	CP137981.1	81.731	208	30	7	2016	2220	21632979	21633181	1.28e-39	167	GCA_036936945.1_ASM3693694v1_genomic
AT1G64253	CP137981.1	81.25	208	31	7	2016	2220	21630192	21630394	5.97e-38	161	GCA_036936945.1_ASM3693694v1_genomic
AT1G64255	CP137981.1	100	2253	0	0	1	2253	27992666	27994918	0	4161	GCA_036936945.1_ASM3693694v1_genomic
AT1G64255	CP137981.1	82.975	1768	265	23	501	2253	27985863	27987609	0	1565	GCA_036936945.1_ASM3693694v1_genomic
AT1G64255	CP137981.1	79.667	1623	287	34	561	2164	27996007	27997605	0	1129	GCA_036936945.1_ASM3693694v1_genomic
AT1G64255	CP137981.1	77.278	1646	342	27	545	2177	27989281	27990907	0	939	GCA_036936945.1_ASM3693694v1_genomic
AT1G64255	CP137981.1	82.243	642	108	5	1030	1668	27999777	28000415	1.11e-154	549	GCA_036936945.1_ASM3693694v1_genomic
AT1G64255	CP137981.1	79.72	143	25	4	237	377	27998849	27998989	1.34e-19	100	GCA_036936945.1_ASM3693694v1_genomic
AT1G64260	CP137981.1	100	2738	0	0	1	2738	27995117	27997854	0	5057	GCA_036936945.1_ASM3693694v1_genomic
AT1G64260	CP137981.1	79.667	1623	287	33	891	2489	27993226	27994829	0	1129	GCA_036936945.1_ASM3693694v1_genomic
AT1G64260	CP137981.1	79.104	1651	316	24	843	2480	27985878	27987512	0	1110	GCA_036936945.1_ASM3693694v1_genomic
AT1G64260	CP137981.1	77.792	1612	314	34	891	2480	27989297	27990886	0	953	GCA_036936945.1_ASM3693694v1_genomic
AT1G64260	CP137981.1	78.026	760	132	23	30	781	27988297	27989029	1.82e-123	446	GCA_036936945.1_ASM3693694v1_genomic
AT1G64260	CP137981.1	83.402	241	33	7	2252	2489	22659078	22658842	1.55e-54	217	GCA_036936945.1_ASM3693694v1_genomic
AT1G49920	CP137986.1	98.541	2810	39	1	1	2810	21572814	21575621	0	4961	GCA_036936955.1_ASM3693695v1_genomic
AT1G49920	CP137986.1	76	1150	224	39	1002	2140	26889120	26888012	4.91e-154	547	GCA_036936955.1_ASM3693695v1_genomic
AT1G49920	CP137986.1	82.52	246	36	5	433	676	26893268	26893028	2.63e-52	209	GCA_036936955.1_ASM3693695v1_genomic
AT1G64253	CP137986.1	97.541	1993	41	4	1	1992	26892276	26894261	0	3402	GCA_036936955.1_ASM3693695v1_genomic
AT1G64253	CP137986.1	76.74	1092	214	29	1	1063	26888660	26889740	6.38e-162	573	GCA_036936955.1_ASM3693695v1_genomic
AT1G64253	CP137986.1	76.195	983	205	24	2	967	26895793	26896763	1.84e-137	492	GCA_036936955.1_ASM3693695v1_genomic
AT1G64253	CP137986.1	76.313	971	198	25	2	956	26898559	26899513	6.61e-137	490	GCA_036936955.1_ASM3693695v1_genomic
AT1G64253	CP137986.1	78.968	504	96	7	1	496	21574281	21573780	3.28e-90	335	GCA_036936955.1_ASM3693695v1_genomic
AT1G64253	CP137986.1	81.25	208	31	7	2016	2220	20577489	20577691	5.88e-38	161	GCA_036936955.1_ASM3693695v1_genomic
AT1G64255	CP137986.1	97.026	2253	27	3	1	2253	26894637	26896849	0	3753	GCA_036936955.1_ASM3693695v1_genomic
AT1G64255	CP137986.1	82.128	1701	270	16	501	2181	26887969	26889655	0	1426	GCA_036936955.1_ASM3693695v1_genomic
AT1G64255	CP137986.1	79.667	1623	287	34	561	2164	26897924	26899522	0	1129	GCA_036936955.1_ASM3693695v1_genomic
AT1G64255	CP137986.1	77.082	1645	345	27	545	2177	26891627	26893251	0	920	GCA_036936955.1_ASM3693695v1_genomic
AT1G64255	CP137986.1	82.243	642	108	5	1030	1668	26901705	26902343	1.09e-154	549	GCA_036936955.1_ASM3693695v1_genomic
AT1G64255	CP137986.1	86.503	163	14	8	2014	2172	26890151	26890309	2.76e-41	172	GCA_036936955.1_ASM3693695v1_genomic
AT1G64255	CP137986.1	79.72	143	25	4	237	377	26900777	26900917	1.32e-19	100	GCA_036936955.1_ASM3693695v1_genomic
AT1G64260	CP137986.1	99.306	2738	19	0	1	2738	26897034	26899771	0	4951	GCA_036936955.1_ASM3693695v1_genomic
AT1G64260	CP137986.1	78.831	1677	310	32	834	2483	26887975	26889633	0	1088	GCA_036936955.1_ASM3693695v1_genomic
AT1G64260	CP137986.1	79.607	1525	260	34	985	2489	26895267	26896760	0	1046	GCA_036936955.1_ASM3693695v1_genomic
AT1G64260	CP137986.1	77.239	1608	328	29	891	2480	26891643	26893230	0	907	GCA_036936955.1_ASM3693695v1_genomic
AT1G64260	CP137986.1	78.609	762	127	24	30	781	26890630	26891365	2.96e-131	472	GCA_036936955.1_ASM3693695v1_genomic
AT1G64260	CP137986.1	81.743	241	37	7	2252	2489	21573515	21573279	7.17e-48	195	GCA_036936955.1_ASM3693695v1_genomic
AT1G49920	CP137991.1	98.363	2810	44	1	1	2810	21044550	21047357	0	4933	GCA_036937005.1_ASM3693700v1_genomic
AT1G49920	CP137991.1	75.913	1150	225	39	1002	2140	26351190	26350082	2.38e-152	542	GCA_036937005.1_ASM3693700v1_genomic
AT1G49920	CP137991.1	83.333	240	35	5	466	702	26361628	26361391	1.64e-54	217	GCA_036937005.1_ASM3693700v1_genomic
AT1G49920	CP137991.1	82.927	246	35	5	433	676	26355349	26355109	5.89e-54	215	GCA_036937005.1_ASM3693700v1_genomic
AT1G64253	CP137991.1	97.693	1994	38	4	1	1992	26354355	26356342	0	3421	GCA_036937005.1_ASM3693700v1_genomic
AT1G64253	CP137991.1	76.832	1092	213	29	1	1063	26350730	26351810	1.43e-163	579	GCA_036937005.1_ASM3693700v1_genomic
AT1G64253	CP137991.1	76.519	971	196	25	2	956	26360665	26361619	3.18e-140	501	GCA_036937005.1_ASM3693700v1_genomic
AT1G64253	CP137991.1	76.22	984	204	25	2	967	26357898	26358869	5.33e-138	494	GCA_036937005.1_ASM3693700v1_genomic
AT1G64253	CP137991.1	79.167	504	95	7	1	496	21046017	21045516	7.34e-92	340	GCA_036937005.1_ASM3693700v1_genomic
AT1G64253	CP137991.1	81.731	208	30	7	2016	2220	20040843	20041045	1.32e-39	167	GCA_036937005.1_ASM3693700v1_genomic
AT1G64255	CP137991.1	98.136	2253	27	1	1	2253	26356718	26358955	0	3914	GCA_036937005.1_ASM3693700v1_genomic
AT1G64255	CP137991.1	82.069	1701	271	16	501	2181	26350039	26351725	0	1421	GCA_036937005.1_ASM3693700v1_genomic
AT1G64255	CP137991.1	79.852	1623	284	34	561	2164	26360030	26361628	0	1146	GCA_036937005.1_ASM3693700v1_genomic
AT1G64255	CP137991.1	77.035	1646	347	26	545	2177	26353705	26355332	0	917	GCA_036937005.1_ASM3693700v1_genomic
AT1G64255	CP137991.1	82.087	642	109	5	1030	1668	26363798	26364436	5.29e-153	544	GCA_036937005.1_ASM3693700v1_genomic
AT1G64255	CP137991.1	86.503	163	14	8	2014	2172	26352229	26352387	2.88e-41	172	GCA_036937005.1_ASM3693700v1_genomic
AT1G64255	CP137991.1	79.72	143	25	4	237	377	26362870	26363010	1.38e-19	100	GCA_036937005.1_ASM3693700v1_genomic
AT1G64260	CP137991.1	99.343	2738	17	1	1	2738	26359140	26361876	0	4955	GCA_036937005.1_ASM3693700v1_genomic
AT1G64260	CP137991.1	79.506	1620	280	35	891	2489	26357278	26358866	0	1105	GCA_036937005.1_ASM3693700v1_genomic
AT1G64260	CP137991.1	78.772	1677	311	31	834	2483	26350045	26351703	0	1083	GCA_036937005.1_ASM3693700v1_genomic
AT1G64260	CP137991.1	77.253	1609	329	29	891	2480	26353721	26355311	0	909	GCA_036937005.1_ASM3693700v1_genomic
AT1G64260	CP137991.1	78.478	762	128	24	30	781	26352708	26353443	1.44e-129	466	GCA_036937005.1_ASM3693700v1_genomic
AT1G64260	CP137991.1	81.743	241	37	7	2252	2489	21045251	21045015	7.48e-48	195	GCA_036937005.1_ASM3693700v1_genomic
AT1G49920	CP137996.1	98.363	2810	44	1	1	2810	21026792	21029599	0	4933	GCA_036937185.1_ASM3693718v1_genomic
AT1G49920	CP137996.1	75.913	1150	225	39	1002	2140	26345622	26344514	2.39e-152	542	GCA_036937185.1_ASM3693718v1_genomic
AT1G49920	CP137996.1	83.333	240	35	5	466	702	26356060	26355823	1.64e-54	217	GCA_036937185.1_ASM3693718v1_genomic
AT1G49920	CP137996.1	82.927	246	35	5	433	676	26349781	26349541	5.91e-54	215	GCA_036937185.1_ASM3693718v1_genomic
AT1G64253	CP137996.1	97.693	1994	38	4	1	1992	26348787	26350774	0	3421	GCA_036937185.1_ASM3693718v1_genomic
AT1G64253	CP137996.1	76.832	1092	213	29	1	1063	26345162	26346242	1.43e-163	579	GCA_036937185.1_ASM3693718v1_genomic
AT1G64253	CP137996.1	76.519	971	196	25	2	956	26355097	26356051	3.19e-140	501	GCA_036937185.1_ASM3693718v1_genomic
AT1G64253	CP137996.1	76.22	984	204	25	2	967	26352330	26353301	5.34e-138	494	GCA_036937185.1_ASM3693718v1_genomic
AT1G64253	CP137996.1	79.167	504	95	7	1	496	21028259	21027758	7.37e-92	340	GCA_036937185.1_ASM3693718v1_genomic
AT1G64253	CP137996.1	81.731	208	30	7	2016	2220	20023074	20023276	1.32e-39	167	GCA_036937185.1_ASM3693718v1_genomic
AT1G64255	CP137996.1	98.136	2253	27	1	1	2253	26351150	26353387	0	3914	GCA_036937185.1_ASM3693718v1_genomic
AT1G64255	CP137996.1	82.069	1701	271	16	501	2181	26344471	26346157	0	1421	GCA_036937185.1_ASM3693718v1_genomic
AT1G64255	CP137996.1	79.852	1623	284	34	561	2164	26354462	26356060	0	1146	GCA_036937185.1_ASM3693718v1_genomic
AT1G64255	CP137996.1	77.035	1646	347	26	545	2177	26348137	26349764	0	917	GCA_036937185.1_ASM3693718v1_genomic
AT1G64255	CP137996.1	82.087	642	109	5	1030	1668	26358230	26358868	5.31e-153	544	GCA_036937185.1_ASM3693718v1_genomic
AT1G64255	CP137996.1	86.503	163	14	8	2014	2172	26346661	26346819	2.89e-41	172	GCA_036937185.1_ASM3693718v1_genomic
AT1G64255	CP137996.1	79.72	143	25	4	237	377	26357302	26357442	1.38e-19	100	GCA_036937185.1_ASM3693718v1_genomic
AT1G64260	CP137996.1	99.343	2738	17	1	1	2738	26353572	26356308	0	4955	GCA_036937185.1_ASM3693718v1_genomic
AT1G64260	CP137996.1	79.506	1620	280	35	891	2489	26351710	26353298	0	1105	GCA_036937185.1_ASM3693718v1_genomic
AT1G64260	CP137996.1	78.772	1677	311	31	834	2483	26344477	26346135	0	1083	GCA_036937185.1_ASM3693718v1_genomic
AT1G64260	CP137996.1	77.253	1609	329	29	891	2480	26348153	26349743	0	909	GCA_036937185.1_ASM3693718v1_genomic
AT1G64260	CP137996.1	78.478	762	128	24	30	781	26347140	26347875	1.44e-129	466	GCA_036937185.1_ASM3693718v1_genomic
AT1G64260	CP137996.1	81.743	241	37	7	2252	2489	21027493	21027257	7.51e-48	195	GCA_036937185.1_ASM3693718v1_genomic
AT1G49920	CP138001.1	99.893	2810	3	0	1	2810	21187119	21189928	0	5173	GCA_036937335.1_ASM3693733v1_genomic
AT1G49920	CP138001.1	75.932	1180	246	29	967	2142	26504062	26502917	2.96e-161	571	GCA_036937335.1_ASM3693733v1_genomic
AT1G49920	CP138001.1	83.333	240	35	5	466	702	26511227	26510990	1.6e-54	217	GCA_036937335.1_ASM3693733v1_genomic
AT1G64253	CP138001.1	99.865	2220	3	0	1	2220	26503567	26505786	0	4084	GCA_036937335.1_ASM3693733v1_genomic
AT1G64253	CP138001.1	78.072	944	170	30	52	977	26500247	26501171	1.4e-158	562	GCA_036937335.1_ASM3693733v1_genomic
AT1G64253	CP138001.1	76.519	971	196	25	2	956	26510264	26511218	3.1e-140	501	GCA_036937335.1_ASM3693733v1_genomic
AT1G64253	CP138001.1	76.171	982	208	21	2	967	26507497	26508468	5.19e-138	494	GCA_036937335.1_ASM3693733v1_genomic
AT1G64253	CP138001.1	79.365	504	94	7	1	496	21188586	21188085	1.54e-93	346	GCA_036937335.1_ASM3693733v1_genomic
AT1G64253	CP138001.1	81.731	208	30	7	2016	2220	20187963	20188165	1.28e-39	167	GCA_036937335.1_ASM3693733v1_genomic
AT1G64253	CP138005.1	81.731	208	30	7	2016	2220	20427167	20426965	1.28e-39	167	GCA_036937335.1_ASM3693733v1_genomic
AT1G64253	CP138005.1	92.105	114	7	2	2107	2220	20429875	20429764	2.15e-37	159	GCA_036937335.1_ASM3693733v1_genomic
AT1G64255	CP138001.1	99.556	2253	10	0	1	2253	26506302	26508554	0	4106	GCA_036937335.1_ASM3693733v1_genomic
AT1G64255	CP138001.1	82.796	1767	269	23	501	2253	26499502	26501247	0	1546	GCA_036937335.1_ASM3693733v1_genomic
AT1G64255	CP138001.1	79.914	1623	283	34	561	2164	26509629	26511227	0	1151	GCA_036937335.1_ASM3693733v1_genomic
AT1G64255	CP138001.1	77.278	1646	342	27	545	2177	26502917	26504543	0	939	GCA_036937335.1_ASM3693733v1_genomic
AT1G64255	CP138001.1	82.243	642	108	5	1030	1668	26513398	26514036	1.11e-154	549	GCA_036937335.1_ASM3693733v1_genomic
AT1G64255	CP138001.1	79.72	143	25	4	237	377	26512470	26512610	1.34e-19	100	GCA_036937335.1_ASM3693733v1_genomic
AT1G64260	CP138001.1	99.233	2738	21	0	1	2738	26508739	26511476	0	4940	GCA_036937335.1_ASM3693733v1_genomic
AT1G64260	CP138001.1	79.667	1623	287	33	891	2489	26506862	26508465	0	1129	GCA_036937335.1_ASM3693733v1_genomic
AT1G64260	CP138001.1	79.225	1651	313	25	843	2480	26499517	26501150	0	1122	GCA_036937335.1_ASM3693733v1_genomic
AT1G64260	CP138001.1	77.792	1612	314	34	891	2480	26502933	26504522	0	953	GCA_036937335.1_ASM3693733v1_genomic
AT1G64260	CP138001.1	77.836	758	134	23	30	781	26501935	26502664	3.05e-121	438	GCA_036937335.1_ASM3693733v1_genomic
AT1G64260	CP138001.1	83.402	241	33	7	2252	2489	21187820	21187584	1.55e-54	217	GCA_036937335.1_ASM3693733v1_genomic
AT1G49920	CP138006.1	99.893	2810	2	1	1	2810	22038895	22041703	0	5171	GCA_036937385.1_ASM3693738v1_genomic
AT1G49920	CP138006.1	75.739	1150	227	39	1002	2140	27319684	27318576	5.12e-149	531	GCA_036937385.1_ASM3693738v1_genomic
AT1G49920	CP138006.1	82.927	246	35	5	433	676	27323921	27323681	5.86e-54	215	GCA_036937385.1_ASM3693738v1_genomic
AT1G64253	CP138006.1	97.416	1819	34	6	1	1818	27322934	27324740	0	3086	GCA_036937385.1_ASM3693738v1_genomic
AT1G64253	CP138006.1	76.74	1092	214	29	1	1063	27319224	27320304	6.61e-162	573	GCA_036937385.1_ASM3693738v1_genomic
AT1G64253	CP138006.1	79.365	504	94	7	1	496	22040362	22039861	1.57e-93	346	GCA_036937385.1_ASM3693738v1_genomic
AT1G64253	CP138006.1	81.731	208	30	7	2016	2220	21038541	21038743	1.31e-39	167	GCA_036937385.1_ASM3693738v1_genomic
AT1G64255	CP138006.1	91.327	2260	170	15	1	2253	27324846	27327086	0	3064	GCA_036937385.1_ASM3693738v1_genomic
AT1G64255	CP138006.1	82.011	1701	272	16	501	2181	27318533	27320219	0	1415	GCA_036937385.1_ASM3693738v1_genomic
AT1G64255	CP138006.1	76.9	1645	344	30	545	2177	27322284	27323904	0	900	GCA_036937385.1_ASM3693738v1_genomic
AT1G64255	CP138006.1	85.89	163	15	8	2014	2172	27320723	27320881	1.33e-39	167	GCA_036937385.1_ASM3693738v1_genomic
AT1G64260	CP138006.1	78.844	1678	308	37	834	2483	27318539	27320197	0	1088	GCA_036937385.1_ASM3693738v1_genomic
AT1G64260	CP138006.1	76.881	1648	336	33	851	2480	27322263	27323883	0	891	GCA_036937385.1_ASM3693738v1_genomic
AT1G64260	CP138006.1	78.478	762	128	24	30	781	27321287	27322022	1.43e-129	466	GCA_036937385.1_ASM3693738v1_genomic
AT1G64260	CP138006.1	84.577	402	56	6	1622	2020	27327458	27327856	6.83e-108	394	GCA_036937385.1_ASM3693738v1_genomic
AT1G64260	CP138006.1	83.402	241	33	7	2252	2489	22039596	22039360	1.59e-54	217	GCA_036937385.1_ASM3693738v1_genomic
AT1G49920	CP138016.1	99.929	2810	2	0	1	2810	19809456	19812265	0	5179	GCA_036937455.1_ASM3693745v1_genomic
AT1G49920	CP138016.1	75.932	1180	246	29	967	2142	25164998	25163853	2.9e-161	571	GCA_036937455.1_ASM3693745v1_genomic
AT1G49920	CP138016.1	83.402	241	33	7	466	702	25172177	25171940	1.57e-54	217	GCA_036937455.1_ASM3693745v1_genomic
AT1G64253	CP138016.1	100	2220	0	0	1	2220	25164503	25166722	0	4100	GCA_036937455.1_ASM3693745v1_genomic
AT1G64253	CP138016.1	77.966	944	172	29	52	977	25161180	25162105	1.78e-157	558	GCA_036937455.1_ASM3693745v1_genomic
AT1G64253	CP138016.1	76.313	971	198	25	2	956	25171214	25172168	6.58e-137	490	GCA_036937455.1_ASM3693745v1_genomic
AT1G64253	CP138016.1	79.365	504	94	7	1	496	19810923	19810422	1.51e-93	346	GCA_036937455.1_ASM3693745v1_genomic
AT1G64253	CP138016.1	81.731	208	30	7	2016	2220	18767368	18767570	1.26e-39	167	GCA_036937455.1_ASM3693745v1_genomic
AT1G64253	CP138016.1	81.731	208	30	7	2016	2220	18770153	18770355	1.26e-39	167	GCA_036937455.1_ASM3693745v1_genomic
AT1G64255	CP138016.1	100	2253	0	0	1	2253	25167238	25169490	0	4161	GCA_036937455.1_ASM3693745v1_genomic
AT1G64255	CP138016.1	82.975	1768	265	23	501	2253	25160435	25162181	0	1565	GCA_036937455.1_ASM3693745v1_genomic
AT1G64255	CP138016.1	79.667	1623	287	34	561	2164	25170579	25172177	0	1129	GCA_036937455.1_ASM3693745v1_genomic
AT1G64255	CP138016.1	77.278	1646	342	27	545	2177	25163853	25165479	0	939	GCA_036937455.1_ASM3693745v1_genomic
AT1G64255	CP138016.1	82.243	642	108	5	1030	1668	25174349	25174987	1.09e-154	549	GCA_036937455.1_ASM3693745v1_genomic
AT1G64255	CP138016.1	79.72	143	25	4	237	377	25173421	25173561	1.32e-19	100	GCA_036937455.1_ASM3693745v1_genomic
AT1G64260	CP138016.1	100	2738	0	0	1	2738	25169689	25172426	0	5057	GCA_036937455.1_ASM3693745v1_genomic
AT1G64260	CP138016.1	79.667	1623	287	33	891	2489	25167798	25169401	0	1129	GCA_036937455.1_ASM3693745v1_genomic
AT1G64260	CP138016.1	79.104	1651	316	24	843	2480	25160450	25162084	0	1110	GCA_036937455.1_ASM3693745v1_genomic
AT1G64260	CP138016.1	77.792	1612	314	34	891	2480	25163869	25165458	0	953	GCA_036937455.1_ASM3693745v1_genomic
AT1G64260	CP138016.1	78.158	760	131	23	30	781	25162869	25163601	3.84e-125	451	GCA_036937455.1_ASM3693745v1_genomic
AT1G64260	CP138016.1	83.402	241	33	7	2252	2489	19810157	19809921	1.53e-54	217	GCA_036937455.1_ASM3693745v1_genomic
AT1G49920	CP138011.1	99.929	2810	2	0	1	2810	23016629	23019438	0	5179	GCA_036937465.1_ASM3693746v1_genomic
AT1G49920	CP138011.1	76.087	1150	223	39	1002	2140	28389953	28388845	1.09e-155	553	GCA_036937465.1_ASM3693746v1_genomic
AT1G49920	CP138011.1	83.333	240	35	5	466	702	28400379	28400142	1.62e-54	217	GCA_036937465.1_ASM3693746v1_genomic
AT1G49920	CP138011.1	82.927	246	35	5	433	676	28394101	28393861	5.82e-54	215	GCA_036937465.1_ASM3693746v1_genomic
AT1G64253	CP138011.1	97.592	1993	39	5	1	1992	28393110	28395094	0	3406	GCA_036937465.1_ASM3693746v1_genomic
AT1G64253	CP138011.1	76.923	1092	212	29	1	1063	28389493	28390573	3.04e-165	584	GCA_036937465.1_ASM3693746v1_genomic
AT1G64253	CP138011.1	76.622	971	195	25	2	956	28399416	28400370	6.76e-142	507	GCA_036937465.1_ASM3693746v1_genomic
AT1G64253	CP138011.1	76.195	983	206	23	2	967	28396649	28397620	5.26e-138	494	GCA_036937465.1_ASM3693746v1_genomic
AT1G64253	CP138011.1	79.365	504	94	7	1	496	23018096	23017595	1.56e-93	346	GCA_036937465.1_ASM3693746v1_genomic
AT1G64253	CP138011.1	81.731	208	30	7	2016	2220	22013065	22013267	1.3e-39	167	GCA_036937465.1_ASM3693746v1_genomic
AT1G64253	CP138011.1	81.25	208	31	7	2016	2220	22010278	22010480	6.06e-38	161	GCA_036937465.1_ASM3693746v1_genomic
AT1G64255	CP138011.1	98.269	2253	24	1	1	2253	28395469	28397706	0	3930	GCA_036937465.1_ASM3693746v1_genomic
AT1G64255	CP138011.1	82.246	1701	268	16	501	2181	28388802	28390488	0	1437	GCA_036937465.1_ASM3693746v1_genomic
AT1G64255	CP138011.1	79.791	1623	285	34	561	2164	28398781	28400379	0	1140	GCA_036937465.1_ASM3693746v1_genomic
AT1G64255	CP138011.1	77.021	1645	346	27	545	2177	28392460	28394084	0	915	GCA_036937465.1_ASM3693746v1_genomic
AT1G64255	CP138011.1	82.243	642	108	5	1030	1668	28402547	28403185	1.12e-154	549	GCA_036937465.1_ASM3693746v1_genomic
AT1G64255	CP138011.1	86.503	163	14	8	2014	2172	28390984	28391142	2.84e-41	172	GCA_036937465.1_ASM3693746v1_genomic
AT1G64255	CP138011.1	79.72	143	25	4	237	377	28401619	28401759	1.36e-19	100	GCA_036937465.1_ASM3693746v1_genomic
AT1G64260	CP138011.1	99.306	2738	19	0	1	2738	28397891	28400628	0	4951	GCA_036937465.1_ASM3693746v1_genomic
AT1G64260	CP138011.1	79.63	1620	278	35	891	2489	28396029	28397617	0	1116	GCA_036937465.1_ASM3693746v1_genomic
AT1G64260	CP138011.1	78.891	1677	309	32	834	2483	28388808	28390466	0	1094	GCA_036937465.1_ASM3693746v1_genomic
AT1G64260	CP138011.1	77.225	1607	330	28	891	2480	28392476	28394063	0	907	GCA_036937465.1_ASM3693746v1_genomic
AT1G64260	CP138011.1	78.478	762	128	24	30	781	28391463	28392198	1.42e-129	466	GCA_036937465.1_ASM3693746v1_genomic
AT1G64260	CP138011.1	83.402	241	33	7	2252	2489	23017330	23017094	1.58e-54	217	GCA_036937465.1_ASM3693746v1_genomic
AT1G49920	CP138021.1	99.893	2810	3	0	1	2810	20635012	20637821	0	5173	GCA_036937475.1_ASM3693747v1_genomic
AT1G49920	CP138021.1	75.932	1180	246	29	967	2142	25952385	25951240	2.96e-161	571	GCA_036937475.1_ASM3693747v1_genomic
AT1G49920	CP138021.1	83.333	240	35	5	466	702	25959550	25959313	1.6e-54	217	GCA_036937475.1_ASM3693747v1_genomic
AT1G64253	CP138021.1	99.865	2220	3	0	1	2220	25951890	25954109	0	4084	GCA_036937475.1_ASM3693747v1_genomic
AT1G64253	CP138021.1	77.966	944	171	30	52	977	25948570	25949494	6.54e-157	556	GCA_036937475.1_ASM3693747v1_genomic
AT1G64253	CP138021.1	76.519	971	196	25	2	956	25958587	25959541	3.11e-140	501	GCA_036937475.1_ASM3693747v1_genomic
AT1G64253	CP138021.1	76.171	982	208	21	2	967	25955820	25956791	5.2e-138	494	GCA_036937475.1_ASM3693747v1_genomic
AT1G64253	CP138021.1	79.365	504	94	7	1	496	20636479	20635978	1.54e-93	346	GCA_036937475.1_ASM3693747v1_genomic
AT1G64253	CP138021.1	81.731	208	30	7	2016	2220	19633440	19633642	1.29e-39	167	GCA_036937475.1_ASM3693747v1_genomic
AT1G64253	CP138021.1	81.25	208	31	7	2016	2220	19630653	19630855	5.99e-38	161	GCA_036937475.1_ASM3693747v1_genomic
AT1G64253	CP138025.1	81.731	208	30	7	2016	2220	19494753	19494551	1.29e-39	167	GCA_036937475.1_ASM3693747v1_genomic
AT1G64253	CP138025.1	92.105	114	7	2	2107	2220	19497461	19497350	2.15e-37	159	GCA_036937475.1_ASM3693747v1_genomic
AT1G64255	CP138021.1	99.556	2253	10	0	1	2253	25954625	25956877	0	4106	GCA_036937475.1_ASM3693747v1_genomic
AT1G64255	CP138021.1	82.796	1767	269	23	501	2253	25947825	25949570	0	1546	GCA_036937475.1_ASM3693747v1_genomic
AT1G64255	CP138021.1	79.914	1623	283	34	561	2164	25957952	25959550	0	1151	GCA_036937475.1_ASM3693747v1_genomic
AT1G64255	CP138021.1	77.278	1646	342	27	545	2177	25951240	25952866	0	939	GCA_036937475.1_ASM3693747v1_genomic
AT1G64255	CP138021.1	82.243	642	108	5	1030	1668	25961721	25962359	1.11e-154	549	GCA_036937475.1_ASM3693747v1_genomic
AT1G64255	CP138021.1	79.72	143	25	4	237	377	25960793	25960933	1.34e-19	100	GCA_036937475.1_ASM3693747v1_genomic
AT1G64260	CP138021.1	99.233	2738	21	0	1	2738	25957062	25959799	0	4940	GCA_036937475.1_ASM3693747v1_genomic
AT1G64260	CP138021.1	79.667	1623	287	33	891	2489	25955185	25956788	0	1129	GCA_036937475.1_ASM3693747v1_genomic
AT1G64260	CP138021.1	79.285	1651	312	25	843	2480	25947840	25949473	0	1127	GCA_036937475.1_ASM3693747v1_genomic
AT1G64260	CP138021.1	77.792	1612	314	34	891	2480	25951256	25952845	0	953	GCA_036937475.1_ASM3693747v1_genomic
AT1G64260	CP138021.1	77.836	758	134	23	30	781	25950258	25950987	3.05e-121	438	GCA_036937475.1_ASM3693747v1_genomic
AT1G64260	CP138021.1	83.402	241	33	7	2252	2489	20635713	20635477	1.56e-54	217	GCA_036937475.1_ASM3693747v1_genomic
AT1G49920	CP138026.1	99.858	2810	4	0	1	2810	20998910	21001719	0	5168	GCA_036937505.1_ASM3693750v1_genomic
AT1G49920	CP138026.1	75.635	1182	247	28	967	2142	26328998	26327852	1.36e-154	549	GCA_036937505.1_ASM3693750v1_genomic
AT1G49920	CP138026.1	82.927	246	35	5	433	676	26329496	26329256	5.64e-54	215	GCA_036937505.1_ASM3693750v1_genomic
AT1G64253	CP138026.1	96.482	2018	38	8	1	2016	26328502	26330488	0	3302	GCA_036937505.1_ASM3693750v1_genomic
AT1G64253	CP138026.1	78.178	944	170	29	52	977	26325168	26326093	8.23e-161	569	GCA_036937505.1_ASM3693750v1_genomic
AT1G64253	CP138026.1	83.924	423	66	2	100	521	26333458	26333879	8.84e-111	403	GCA_036937505.1_ASM3693750v1_genomic
AT1G64253	CP138026.1	79.167	504	95	7	1	496	21000377	20999876	7.03e-92	340	GCA_036937505.1_ASM3693750v1_genomic
AT1G64253	CP138026.1	81.731	208	30	7	2016	2220	19984064	19984266	1.26e-39	167	GCA_036937505.1_ASM3693750v1_genomic
AT1G64253	CP138030.1	81.731	208	30	7	2016	2220	20164285	20164083	1.26e-39	167	GCA_036937505.1_ASM3693750v1_genomic
AT1G64253	CP138030.1	92.105	114	7	2	2107	2220	20166993	20166882	2.11e-37	159	GCA_036937505.1_ASM3693750v1_genomic
AT1G64255	CP138026.1	91.46	2260	167	14	1	2253	26330843	26333083	0	3081	GCA_036937505.1_ASM3693750v1_genomic
AT1G64255	CP138026.1	82.965	1767	267	22	501	2253	26324423	26326169	0	1565	GCA_036937505.1_ASM3693750v1_genomic
AT1G64255	CP138026.1	77.353	1647	340	28	545	2177	26327852	26329479	0	944	GCA_036937505.1_ASM3693750v1_genomic
AT1G64260	CP138026.1	79.225	1651	314	24	843	2480	26324438	26326072	0	1122	GCA_036937505.1_ASM3693750v1_genomic
AT1G64260	CP138026.1	77.854	1612	314	34	891	2480	26327868	26329458	0	959	GCA_036937505.1_ASM3693750v1_genomic
AT1G64260	CP138026.1	78.421	760	129	23	30	781	26326858	26327590	1.78e-128	462	GCA_036937505.1_ASM3693750v1_genomic
AT1G64260	CP138026.1	82.988	241	34	7	2252	2489	20999611	20999375	7.11e-53	211	GCA_036937505.1_ASM3693750v1_genomic
AT1G49920	CP138031.1	98.186	2811	39	3	1	2810	21858382	21861181	0	4898	GCA_036937515.1_ASM3693751v1_genomic
AT1G49920	CP138031.1	75.826	1150	226	39	1002	2140	27230443	27229335	1.09e-150	536	GCA_036937515.1_ASM3693751v1_genomic
AT1G49920	CP138031.1	83.402	241	33	7	466	702	27240878	27240641	1.61e-54	217	GCA_036937515.1_ASM3693751v1_genomic
AT1G49920	CP138031.1	82.927	246	35	5	433	676	27234602	27234362	5.77e-54	215	GCA_036937515.1_ASM3693751v1_genomic
AT1G64253	CP138031.1	97.593	1994	40	4	1	1992	27233608	27235595	0	3410	GCA_036937515.1_ASM3693751v1_genomic
AT1G64253	CP138031.1	76.832	1092	213	29	1	1063	27229983	27231063	1.4e-163	579	GCA_036937515.1_ASM3693751v1_genomic
AT1G64253	CP138031.1	76.416	971	197	25	2	956	27239915	27240869	1.45e-138	496	GCA_036937515.1_ASM3693751v1_genomic
AT1G64253	CP138031.1	76.118	984	205	25	2	967	27237151	27238122	2.43e-136	488	GCA_036937515.1_ASM3693751v1_genomic
AT1G64253	CP138031.1	79.167	504	95	7	1	496	21859840	21859339	7.2e-92	340	GCA_036937515.1_ASM3693751v1_genomic
AT1G64253	CP138031.1	81.731	208	30	7	2016	2220	20844752	20844954	1.29e-39	167	GCA_036937515.1_ASM3693751v1_genomic
AT1G64253	CP138031.1	81.25	208	31	7	2016	2220	20841965	20842167	6.01e-38	161	GCA_036937515.1_ASM3693751v1_genomic
AT1G64255	CP138031.1	98.091	2253	28	1	1	2253	27235971	27238208	0	3908	GCA_036937515.1_ASM3693751v1_genomic
AT1G64255	CP138031.1	82.069	1701	271	16	501	2181	27229292	27230978	0	1421	GCA_036937515.1_ASM3693751v1_genomic
AT1G64255	CP138031.1	79.593	1622	290	33	561	2164	27239280	27240878	0	1123	GCA_036937515.1_ASM3693751v1_genomic
AT1G64255	CP138031.1	77.035	1646	347	26	545	2177	27232958	27234585	0	917	GCA_036937515.1_ASM3693751v1_genomic
AT1G64255	CP138031.1	82.243	642	108	5	1030	1668	27243049	27243687	1.11e-154	549	GCA_036937515.1_ASM3693751v1_genomic
AT1G64255	CP138031.1	86.503	163	14	8	2014	2172	27231482	27231640	2.82e-41	172	GCA_036937515.1_ASM3693751v1_genomic
AT1G64255	CP138031.1	79.72	143	25	4	237	377	27242121	27242261	1.35e-19	100	GCA_036937515.1_ASM3693751v1_genomic
AT1G64260	CP138031.1	99.123	2738	21	1	1	2738	27238393	27241127	0	4920	GCA_036937515.1_ASM3693751v1_genomic
AT1G64260	CP138031.1	79.444	1620	281	35	891	2489	27236531	27238119	0	1099	GCA_036937515.1_ASM3693751v1_genomic
AT1G64260	CP138031.1	78.712	1677	312	31	834	2483	27229298	27230956	0	1077	GCA_036937515.1_ASM3693751v1_genomic
AT1G64260	CP138031.1	77.191	1609	330	29	891	2480	27232974	27234564	0	904	GCA_036937515.1_ASM3693751v1_genomic
AT1G64260	CP138031.1	78.478	762	128	24	30	781	27231961	27232696	1.41e-129	466	GCA_036937515.1_ASM3693751v1_genomic
AT1G64260	CP138031.1	81.743	241	37	7	2252	2489	21859074	21858838	7.33e-48	195	GCA_036937515.1_ASM3693751v1_genomic
AT1G49920	CP138036.1	99.893	2810	3	0	1	2810	21124288	21127097	0	5173	GCA_036937805.1_ASM3693780v1_genomic
AT1G49920	CP138036.1	75.913	1150	225	39	1002	2140	26432466	26431358	2.32e-152	542	GCA_036937805.1_ASM3693780v1_genomic
AT1G49920	CP138036.1	82.927	246	35	5	433	676	26436708	26436468	5.75e-54	215	GCA_036937805.1_ASM3693780v1_genomic
AT1G64253	CP138036.1	97.691	1819	34	4	1	1818	26435716	26437527	0	3120	GCA_036937805.1_ASM3693780v1_genomic
AT1G64253	CP138036.1	76.832	1092	213	29	1	1063	26432006	26433086	1.4e-163	579	GCA_036937805.1_ASM3693780v1_genomic
AT1G64253	CP138036.1	79.365	504	94	7	1	496	21125755	21125254	1.54e-93	346	GCA_036937805.1_ASM3693780v1_genomic
AT1G64253	CP138036.1	81.731	208	30	7	2016	2220	20102052	20102254	1.29e-39	167	GCA_036937805.1_ASM3693780v1_genomic
AT1G64255	CP138036.1	91.283	2260	171	15	1	2253	26437633	26439873	0	3059	GCA_036937805.1_ASM3693780v1_genomic
AT1G64255	CP138036.1	82.128	1701	270	16	501	2181	26431315	26433001	0	1426	GCA_036937805.1_ASM3693780v1_genomic
AT1G64255	CP138036.1	77.021	1645	347	26	545	2177	26435066	26436691	0	915	GCA_036937805.1_ASM3693780v1_genomic
AT1G64255	CP138036.1	85.89	163	15	8	2014	2172	26433505	26433663	1.31e-39	167	GCA_036937805.1_ASM3693780v1_genomic
AT1G64260	CP138036.1	78.891	1677	309	35	834	2483	26431321	26432979	0	1094	GCA_036937805.1_ASM3693780v1_genomic
AT1G64260	CP138036.1	77.063	1648	338	31	851	2480	26435045	26436670	0	913	GCA_036937805.1_ASM3693780v1_genomic
AT1G64260	CP138036.1	78.346	762	129	24	30	781	26434069	26434804	6.52e-128	460	GCA_036937805.1_ASM3693780v1_genomic
AT1G64260	CP138036.1	84.577	402	56	6	1622	2020	26440245	26440643	6.71e-108	394	GCA_036937805.1_ASM3693780v1_genomic
AT1G64260	CP138036.1	83.402	241	33	7	2252	2489	21124989	21124753	1.56e-54	217	GCA_036937805.1_ASM3693780v1_genomic
AT1G49920	CP138046.1	99.858	2810	4	0	1	2810	20867137	20869946	0	5168	GCA_036937815.1_ASM3693781v1_genomic
AT1G49920	CP138046.1	75.932	1180	246	29	967	2142	26125447	26124302	2.94e-161	571	GCA_036937815.1_ASM3693781v1_genomic
AT1G49920	CP138046.1	83.333	240	35	5	466	702	26132612	26132375	1.59e-54	217	GCA_036937815.1_ASM3693781v1_genomic
AT1G64253	CP138046.1	99.865	2220	3	0	1	2220	26124952	26127171	0	4084	GCA_036937815.1_ASM3693781v1_genomic
AT1G64253	CP138046.1	78.072	944	170	30	52	977	26121632	26122556	1.39e-158	562	GCA_036937815.1_ASM3693781v1_genomic
AT1G64253	CP138046.1	76.519	971	196	25	2	956	26131649	26132603	3.08e-140	501	GCA_036937815.1_ASM3693781v1_genomic
AT1G64253	CP138046.1	76.171	982	208	21	2	967	26128882	26129853	5.16e-138	494	GCA_036937815.1_ASM3693781v1_genomic
AT1G64253	CP138046.1	79.167	504	95	7	1	496	20868604	20868103	7.12e-92	340	GCA_036937815.1_ASM3693781v1_genomic
AT1G64253	CP138046.1	81.731	208	30	7	2016	2220	19887410	19887612	1.28e-39	167	GCA_036937815.1_ASM3693781v1_genomic
AT1G64253	CP138050.1	81.731	208	30	7	2016	2220	19015968	19015766	1.28e-39	167	GCA_036937815.1_ASM3693781v1_genomic
AT1G64253	CP138050.1	92.105	114	7	2	2107	2220	19018676	19018565	2.14e-37	159	GCA_036937815.1_ASM3693781v1_genomic
AT1G64255	CP138046.1	99.556	2253	10	0	1	2253	26127687	26129939	0	4106	GCA_036937815.1_ASM3693781v1_genomic
AT1G64255	CP138046.1	82.729	1766	272	21	501	2253	26120887	26122632	0	1541	GCA_036937815.1_ASM3693781v1_genomic
AT1G64255	CP138046.1	79.914	1623	283	34	561	2164	26131014	26132612	0	1151	GCA_036937815.1_ASM3693781v1_genomic
AT1G64255	CP138046.1	77.278	1646	342	27	545	2177	26124302	26125928	0	939	GCA_036937815.1_ASM3693781v1_genomic
AT1G64255	CP138046.1	82.243	642	108	5	1030	1668	26134783	26135421	1.1e-154	549	GCA_036937815.1_ASM3693781v1_genomic
AT1G64255	CP138046.1	79.72	143	25	4	237	377	26133855	26133995	1.33e-19	100	GCA_036937815.1_ASM3693781v1_genomic
AT1G64260	CP138046.1	99.233	2738	21	0	1	2738	26130124	26132861	0	4940	GCA_036937815.1_ASM3693781v1_genomic
AT1G64260	CP138046.1	79.667	1623	287	33	891	2489	26128247	26129850	0	1129	GCA_036937815.1_ASM3693781v1_genomic
AT1G64260	CP138046.1	79.273	1650	314	24	843	2480	26120902	26122535	0	1127	GCA_036937815.1_ASM3693781v1_genomic
AT1G64260	CP138046.1	77.792	1612	314	34	891	2480	26124318	26125907	0	953	GCA_036937815.1_ASM3693781v1_genomic
AT1G64260	CP138046.1	77.836	758	134	23	30	781	26123320	26124049	3.03e-121	438	GCA_036937815.1_ASM3693781v1_genomic
AT1G64260	CP138046.1	82.988	241	34	7	2252	2489	20867838	20867602	7.2e-53	211	GCA_036937815.1_ASM3693781v1_genomic
AT1G49920	CP138041.1	98.505	2810	40	1	1	2810	23335284	23338091	0	4955	GCA_036937985.1_ASM3693798v1_genomic
AT1G49920	CP138041.1	75.913	1150	225	39	1002	2140	28728268	28727160	2.4e-152	542	GCA_036937985.1_ASM3693798v1_genomic
AT1G49920	CP138041.1	83.333	240	35	5	466	702	28738740	28738503	1.65e-54	217	GCA_036937985.1_ASM3693798v1_genomic
AT1G49920	CP138041.1	82.927	246	35	5	433	676	28732493	28732253	5.95e-54	215	GCA_036937985.1_ASM3693798v1_genomic
AT1G64253	CP138041.1	97.234	1844	42	5	1	1842	28731501	28733337	0	3114	GCA_036937985.1_ASM3693798v1_genomic
AT1G64253	CP138041.1	77.063	1042	201	27	1	1014	28727808	28728839	1.12e-159	566	GCA_036937985.1_ASM3693798v1_genomic
AT1G64253	CP138041.1	76.465	973	193	28	2	956	28737777	28738731	1.49e-138	496	GCA_036937985.1_ASM3693798v1_genomic
AT1G64253	CP138041.1	75.992	983	201	28	2	967	28735017	28735981	1.95e-132	475	GCA_036937985.1_ASM3693798v1_genomic
AT1G64253	CP138041.1	78.968	504	96	7	1	496	23336751	23336250	3.45e-90	335	GCA_036937985.1_ASM3693798v1_genomic
AT1G64253	CP138041.1	99.107	112	1	0	1881	1992	28733336	28733447	3.65e-50	202	GCA_036937985.1_ASM3693798v1_genomic
AT1G64253	CP138041.1	81.731	208	30	7	2016	2220	22330180	22330382	1.33e-39	167	GCA_036937985.1_ASM3693798v1_genomic
AT1G64253	CP138041.1	81.731	208	30	7	2016	2220	22332968	22333170	1.33e-39	167	GCA_036937985.1_ASM3693798v1_genomic
AT1G64255	CP138041.1	98.313	2253	31	1	1	2253	28733822	28736067	0	3943	GCA_036937985.1_ASM3693798v1_genomic
AT1G64255	CP138041.1	82.139	1702	268	18	501	2181	28727117	28728803	0	1426	GCA_036937985.1_ASM3693798v1_genomic
AT1G64255	CP138041.1	79.606	1623	288	34	561	2164	28737142	28738740	0	1123	GCA_036937985.1_ASM3693798v1_genomic
AT1G64255	CP138041.1	77.082	1645	346	26	545	2177	28730851	28732476	0	920	GCA_036937985.1_ASM3693798v1_genomic
AT1G64255	CP138041.1	82.087	642	109	5	1030	1668	28740906	28741544	5.34e-153	544	GCA_036937985.1_ASM3693798v1_genomic
AT1G64255	CP138041.1	86.503	163	14	8	2014	2172	28729299	28729457	2.9e-41	172	GCA_036937985.1_ASM3693798v1_genomic
AT1G64255	CP138041.1	79.72	143	25	4	237	377	28739978	28740118	1.39e-19	100	GCA_036937985.1_ASM3693798v1_genomic
AT1G64260	CP138041.1	98.831	2738	24	1	1	2738	28736252	28738981	0	4872	GCA_036937985.1_ASM3693798v1_genomic
AT1G64260	CP138041.1	79.408	1622	286	36	891	2489	28734382	28735978	0	1101	GCA_036937985.1_ASM3693798v1_genomic
AT1G64260	CP138041.1	78.772	1677	311	31	834	2483	28727123	28728781	0	1083	GCA_036937985.1_ASM3693798v1_genomic
AT1G64260	CP138041.1	77.301	1608	328	29	891	2480	28730867	28732455	0	913	GCA_036937985.1_ASM3693798v1_genomic
AT1G64260	CP138041.1	78.609	762	127	24	30	781	28729863	28730598	3.11e-131	472	GCA_036937985.1_ASM3693798v1_genomic
AT1G64260	CP138041.1	81.743	241	37	7	2252	2489	23335985	23335749	7.55e-48	195	GCA_036937985.1_ASM3693798v1_genomic
AT1G49920	CP138051.1	99.858	2810	4	0	1	2810	20218761	20221570	0	5168	GCA_036938785.1_ASM3693878v1_genomic
AT1G49920	CP138051.1	75.739	1150	227	39	1002	2140	25522341	25521233	4.85e-149	531	GCA_036938785.1_ASM3693878v1_genomic
AT1G49920	CP138051.1	82.927	246	35	5	433	676	25526583	25526343	5.54e-54	215	GCA_036938785.1_ASM3693878v1_genomic
AT1G64253	CP138051.1	97.636	1819	35	4	1	1818	25525591	25527402	0	3114	GCA_036938785.1_ASM3693878v1_genomic
AT1G64253	CP138051.1	76.74	1092	214	29	1	1063	25521881	25522961	6.26e-162	573	GCA_036938785.1_ASM3693878v1_genomic
AT1G64253	CP138051.1	79.167	504	95	7	1	496	20220228	20219727	6.91e-92	340	GCA_036938785.1_ASM3693878v1_genomic
AT1G64253	CP138051.1	81.731	208	30	7	2016	2220	19219537	19219739	1.24e-39	167	GCA_036938785.1_ASM3693878v1_genomic
AT1G64253	CP138055.1	81.731	208	30	7	2016	2220	19428506	19428304	1.24e-39	167	GCA_036938785.1_ASM3693878v1_genomic
AT1G64253	CP138055.1	92.105	114	7	2	2107	2220	19431214	19431103	2.08e-37	159	GCA_036938785.1_ASM3693878v1_genomic
AT1G64255	CP138051.1	91.327	2260	170	15	1	2253	25527508	25529748	0	3064	GCA_036938785.1_ASM3693878v1_genomic
AT1G64255	CP138051.1	82.011	1701	272	16	501	2181	25521190	25522876	0	1415	GCA_036938785.1_ASM3693878v1_genomic
AT1G64255	CP138051.1	77.021	1645	347	26	545	2177	25524941	25526566	0	915	GCA_036938785.1_ASM3693878v1_genomic
AT1G64255	CP138051.1	85.89	163	15	8	2014	2172	25523380	25523538	1.26e-39	167	GCA_036938785.1_ASM3693878v1_genomic
AT1G64260	CP138051.1	78.844	1678	308	37	834	2483	25521196	25522854	0	1088	GCA_036938785.1_ASM3693878v1_genomic
AT1G64260	CP138051.1	77.063	1648	338	31	851	2480	25524920	25526545	0	913	GCA_036938785.1_ASM3693878v1_genomic
AT1G64260	CP138051.1	78.478	762	128	24	30	781	25523944	25524679	1.35e-129	466	GCA_036938785.1_ASM3693878v1_genomic
AT1G64260	CP138051.1	84.328	402	57	6	1622	2020	25530120	25530518	3.01e-106	388	GCA_036938785.1_ASM3693878v1_genomic
AT1G64260	CP138051.1	82.988	241	34	7	2252	2489	20219462	20219226	6.99e-53	211	GCA_036938785.1_ASM3693878v1_genomic
AT1G49920	CP138061.1	99.929	2810	2	0	1	2810	22506319	22509128	0	5179	GCA_036939995.1_ASM3693999v1_genomic
AT1G49920	CP138061.1	83.333	240	35	5	466	702	27896820	27896583	1.59e-54	217	GCA_036939995.1_ASM3693999v1_genomic
AT1G49920	CP138061.1	82.927	246	35	5	433	676	27890536	27890296	5.73e-54	215	GCA_036939995.1_ASM3693999v1_genomic
AT1G49920	CP138061.1	77.992	259	49	6	1002	1259	27886302	27886051	3.52e-36	156	GCA_036939995.1_ASM3693999v1_genomic
AT1G64253	CP138061.1	97.642	1993	40	3	1	1992	27889543	27891529	0	3413	GCA_036939995.1_ASM3693999v1_genomic
AT1G64253	CP138061.1	76.519	971	196	25	2	956	27895857	27896811	3.1e-140	501	GCA_036939995.1_ASM3693999v1_genomic
AT1G64253	CP138061.1	75.89	983	209	23	2	967	27893099	27894070	5.22e-133	477	GCA_036939995.1_ASM3693999v1_genomic
AT1G64253	CP138061.1	75.764	883	166	32	210	1063	27886051	27886914	3.23e-110	401	GCA_036939995.1_ASM3693999v1_genomic
AT1G64253	CP138061.1	79.167	504	95	7	1	496	22507786	22507285	7.14e-92	340	GCA_036939995.1_ASM3693999v1_genomic
AT1G64253	CP138061.1	81.731	208	30	7	2016	2220	21515016	21515218	1.28e-39	167	GCA_036939995.1_ASM3693999v1_genomic
AT1G64253	CP138061.1	81.25	208	31	7	2016	2220	21512229	21512431	5.97e-38	161	GCA_036939995.1_ASM3693999v1_genomic
AT1G64255	CP138061.1	98.313	2253	29	1	1	2253	27891904	27894147	0	3941	GCA_036939995.1_ASM3693999v1_genomic
AT1G64255	CP138061.1	79.852	1623	284	34	561	2164	27895222	27896820	0	1146	GCA_036939995.1_ASM3693999v1_genomic
AT1G64255	CP138061.1	76.974	1646	346	28	545	2177	27888894	27890519	0	909	GCA_036939995.1_ASM3693999v1_genomic
AT1G64255	CP138061.1	82.243	642	108	5	1030	1668	27898991	27899629	1.11e-154	549	GCA_036939995.1_ASM3693999v1_genomic
AT1G64255	CP138061.1	77.25	800	139	25	1404	2181	27886051	27886829	1.5e-118	429	GCA_036939995.1_ASM3693999v1_genomic
AT1G64255	CP138061.1	86.503	163	14	8	2014	2172	27887333	27887491	2.8e-41	172	GCA_036939995.1_ASM3693999v1_genomic
AT1G64255	CP138061.1	80.451	133	22	4	247	377	27898073	27898203	4.82e-19	99	GCA_036939995.1_ASM3693999v1_genomic
AT1G64260	CP138061.1	99.379	2738	17	0	1	2738	27894332	27897069	0	4963	GCA_036939995.1_ASM3693999v1_genomic
AT1G64260	CP138061.1	79.716	1622	288	32	891	2489	27892464	27894067	0	1134	GCA_036939995.1_ASM3693999v1_genomic
AT1G64260	CP138061.1	77.191	1609	328	31	891	2480	27888910	27890498	0	902	GCA_036939995.1_ASM3693999v1_genomic
AT1G64260	CP138061.1	78.478	762	128	24	30	781	27887897	27888632	1.4e-129	466	GCA_036939995.1_ASM3693999v1_genomic
AT1G64260	CP138061.1	83.402	241	33	7	2252	2489	22507020	22506784	1.55e-54	217	GCA_036939995.1_ASM3693999v1_genomic
AT1G49920	CP138056.1	99.964	2810	1	0	1	2810	21377560	21380369	0	5184	GCA_036940305.1_ASM3694030v1_genomic
AT1G49920	CP138056.1	75.932	1180	246	29	967	2142	26834203	26833058	2.92e-161	571	GCA_036940305.1_ASM3694030v1_genomic
AT1G49920	CP138056.1	83.402	241	33	7	466	702	26841382	26841145	1.58e-54	217	GCA_036940305.1_ASM3694030v1_genomic
AT1G64253	CP138056.1	100	2220	0	0	1	2220	26833708	26835927	0	4100	GCA_036940305.1_ASM3694030v1_genomic
AT1G64253	CP138056.1	77.966	944	172	29	52	977	26830385	26831310	1.79e-157	558	GCA_036940305.1_ASM3694030v1_genomic
AT1G64253	CP138056.1	76.313	971	198	25	2	956	26840419	26841373	6.63e-137	490	GCA_036940305.1_ASM3694030v1_genomic
AT1G64253	CP138056.1	79.365	504	94	7	1	496	21379027	21378526	1.52e-93	346	GCA_036940305.1_ASM3694030v1_genomic
AT1G64253	CP138056.1	81.25	208	31	7	2016	2220	20371572	20371774	5.9e-38	161	GCA_036940305.1_ASM3694030v1_genomic
AT1G64255	CP138056.1	100	2253	0	0	1	2253	26836443	26838695	0	4161	GCA_036940305.1_ASM3694030v1_genomic
AT1G64255	CP138056.1	82.975	1768	265	23	501	2253	26829640	26831386	0	1565	GCA_036940305.1_ASM3694030v1_genomic
AT1G64255	CP138056.1	79.667	1623	287	34	561	2164	26839784	26841382	0	1129	GCA_036940305.1_ASM3694030v1_genomic
AT1G64255	CP138056.1	77.278	1646	342	27	545	2177	26833058	26834684	0	939	GCA_036940305.1_ASM3694030v1_genomic
AT1G64255	CP138056.1	82.243	642	108	5	1030	1668	26843554	26844192	1.09e-154	549	GCA_036940305.1_ASM3694030v1_genomic
AT1G64255	CP138056.1	79.72	143	25	4	237	377	26842626	26842766	1.32e-19	100	GCA_036940305.1_ASM3694030v1_genomic
AT1G64260	CP138056.1	100	2738	0	0	1	2738	26838894	26841631	0	5057	GCA_036940305.1_ASM3694030v1_genomic
AT1G64260	CP138056.1	79.667	1623	287	33	891	2489	26837003	26838606	0	1129	GCA_036940305.1_ASM3694030v1_genomic
AT1G64260	CP138056.1	79.104	1651	316	24	843	2480	26829655	26831289	0	1110	GCA_036940305.1_ASM3694030v1_genomic
AT1G64260	CP138056.1	77.792	1612	314	34	891	2480	26833074	26834663	0	953	GCA_036940305.1_ASM3694030v1_genomic
AT1G64260	CP138056.1	78.158	760	131	23	30	781	26832074	26832806	3.87e-125	451	GCA_036940305.1_ASM3694030v1_genomic
AT1G64260	CP138056.1	83.402	241	33	7	2252	2489	21378261	21378025	1.54e-54	217	GCA_036940305.1_ASM3694030v1_genomic
AT1G49920	CP138066.1	98.292	2810	46	1	1	2810	23320385	23323192	0	4922	GCA_036940335.1_ASM3694033v1_genomic
AT1G49920	CP138066.1	75.339	1180	253	25	967	2142	28729324	28728179	1.44e-149	532	GCA_036940335.1_ASM3694033v1_genomic
AT1G49920	CP138066.1	82.927	246	35	5	433	676	28729822	28729582	5.91e-54	215	GCA_036940335.1_ASM3694033v1_genomic
AT1G49920	CP138066.1	82.917	240	36	5	466	702	28736101	28735864	7.64e-53	211	GCA_036940335.1_ASM3694033v1_genomic
AT1G64253	CP138066.1	96.877	2017	32	10	1	2016	28728829	28730815	0	3347	GCA_036940335.1_ASM3694033v1_genomic
AT1G64253	CP138066.1	76.416	971	197	25	2	956	28735138	28736092	1.48e-138	496	GCA_036940335.1_ASM3694033v1_genomic
AT1G64253	CP138066.1	79.167	504	95	7	1	496	23321852	23321351	7.36e-92	340	GCA_036940335.1_ASM3694033v1_genomic
AT1G64253	CP138066.1	81.25	208	31	7	2016	2220	22316137	22316339	6.15e-38	161	GCA_036940335.1_ASM3694033v1_genomic
AT1G64253	CP138066.1	92.857	112	6	2	2109	2220	22319017	22319126	6.15e-38	161	GCA_036940335.1_ASM3694033v1_genomic
AT1G64253	CP138067.1	92.105	114	7	2	2107	2220	11509768	11509879	2.21e-37	159	GCA_036940335.1_ASM3694033v1_genomic
AT1G64253	CP138067.1	92.105	114	7	2	2107	2220	11512321	11512432	2.21e-37	159	GCA_036940335.1_ASM3694033v1_genomic
AT1G64255	CP138066.1	98.535	2253	33	0	1	2253	28731178	28733430	0	3978	GCA_036940335.1_ASM3694033v1_genomic
AT1G64255	CP138066.1	82.254	1775	270	28	501	2253	28724337	28726088	0	1491	GCA_036940335.1_ASM3694033v1_genomic
AT1G64255	CP138066.1	76.96	1645	349	25	545	2177	28728179	28729805	0	911	GCA_036940335.1_ASM3694033v1_genomic
AT1G64255	CP138066.1	82.243	642	108	5	1030	1668	28738272	28738910	1.14e-154	549	GCA_036940335.1_ASM3694033v1_genomic
AT1G64255	CP138066.1	86.503	163	14	8	2014	2172	28726606	28726764	2.88e-41	172	GCA_036940335.1_ASM3694033v1_genomic
AT1G64260	CP138066.1	99.196	2738	20	2	1	2738	28733615	28736350	0	4933	GCA_036940335.1_ASM3694033v1_genomic
AT1G64260	CP138066.1	79.716	1622	288	32	891	2489	28731738	28733341	0	1134	GCA_036940335.1_ASM3694033v1_genomic
AT1G64260	CP138066.1	79.677	1609	297	26	891	2483	28724394	28725988	0	1133	GCA_036940335.1_ASM3694033v1_genomic
AT1G64260	CP138066.1	77.225	1607	332	27	891	2480	28728195	28729784	0	909	GCA_036940335.1_ASM3694033v1_genomic
AT1G64260	CP138066.1	78.1	758	133	24	30	781	28727163	28727893	1.45e-124	449	GCA_036940335.1_ASM3694033v1_genomic
AT1G64260	CP138066.1	81.743	241	37	7	2252	2489	23321086	23320850	7.5e-48	195	GCA_036940335.1_ASM3694033v1_genomic
AT1G49920	CP138071.1	99.893	2810	3	0	1	2810	19245949	19243140	0	5173	GCA_036940405.1_ASM3694040v1_genomic
AT1G49920	CP138071.1	75.739	1150	227	39	1002	2140	26296913	26295805	4.97e-149	531	GCA_036940405.1_ASM3694040v1_genomic
AT1G49920	CP138071.1	82.927	246	35	5	433	676	26301150	26300910	5.68e-54	215	GCA_036940405.1_ASM3694040v1_genomic
AT1G64253	CP138071.1	97.416	1819	34	6	1	1818	26300163	26301969	0	3086	GCA_036940405.1_ASM3694040v1_genomic
AT1G64253	CP138071.1	76.74	1092	214	29	1	1063	26296453	26297533	6.41e-162	573	GCA_036940405.1_ASM3694040v1_genomic
AT1G64253	CP138071.1	79.365	504	94	7	1	496	19244482	19244983	1.52e-93	346	GCA_036940405.1_ASM3694040v1_genomic
AT1G64253	CP138071.1	81.731	208	30	7	2016	2220	20252871	20252669	1.27e-39	167	GCA_036940405.1_ASM3694040v1_genomic
AT1G64253	CP138071.1	80.769	208	32	7	2016	2220	20255658	20255456	2.75e-36	156	GCA_036940405.1_ASM3694040v1_genomic
AT1G64255	CP138071.1	91.327	2260	170	15	1	2253	26302075	26304315	0	3064	GCA_036940405.1_ASM3694040v1_genomic
AT1G64255	CP138071.1	82.011	1701	272	16	501	2181	26295762	26297448	0	1415	GCA_036940405.1_ASM3694040v1_genomic
AT1G64255	CP138071.1	76.9	1645	344	30	545	2177	26299513	26301133	0	900	GCA_036940405.1_ASM3694040v1_genomic
AT1G64255	CP138071.1	85.89	163	15	8	2014	2172	26297952	26298110	1.29e-39	167	GCA_036940405.1_ASM3694040v1_genomic
AT1G64260	CP138071.1	78.844	1678	308	37	834	2483	26295768	26297426	0	1088	GCA_036940405.1_ASM3694040v1_genomic
AT1G64260	CP138071.1	76.881	1648	336	33	851	2480	26299492	26301112	0	891	GCA_036940405.1_ASM3694040v1_genomic
AT1G64260	CP138071.1	78.478	762	128	24	30	781	26298516	26299251	1.38e-129	466	GCA_036940405.1_ASM3694040v1_genomic
AT1G64260	CP138071.1	84.577	402	56	6	1622	2020	26304687	26305085	6.62e-108	394	GCA_036940405.1_ASM3694040v1_genomic
AT1G64260	CP138071.1	83.402	241	33	7	2252	2489	19245248	19245484	1.54e-54	217	GCA_036940405.1_ASM3694040v1_genomic
AT1G49920	CP138076.1	99.964	2810	1	0	1	2810	22225254	22228063	0	5184	GCA_036940415.1_ASM3694041v1_genomic
AT1G49920	CP138076.1	75.678	1180	249	29	967	2142	27484150	27483005	2.97e-156	555	GCA_036940415.1_ASM3694041v1_genomic
AT1G49920	CP138076.1	82.917	240	36	5	466	702	27496149	27495912	7.39e-53	211	GCA_036940415.1_ASM3694041v1_genomic
AT1G64253	CP138076.1	99.878	1642	2	0	1	1642	27483655	27485296	0	3022	GCA_036940415.1_ASM3694041v1_genomic
AT1G64253	CP138076.1	99.314	583	4	0	1638	2220	27490116	27490698	0	1055	GCA_036940415.1_ASM3694041v1_genomic
AT1G64253	CP138076.1	78.298	940	169	29	52	977	27480341	27481259	6.45e-162	573	GCA_036940415.1_ASM3694041v1_genomic
AT1G64253	CP138076.1	76.622	971	195	24	2	956	27495186	27496140	6.64e-142	507	GCA_036940415.1_ASM3694041v1_genomic
AT1G64253	CP138076.1	79.365	504	94	7	1	496	22226721	22226220	1.53e-93	346	GCA_036940415.1_ASM3694041v1_genomic
AT1G64253	CP138076.1	81.731	208	30	7	2016	2220	21198583	21198785	1.28e-39	167	GCA_036940415.1_ASM3694041v1_genomic
AT1G64253	CP138080.1	81.731	208	30	7	2016	2220	19191798	19191596	1.28e-39	167	GCA_036940415.1_ASM3694041v1_genomic
AT1G64253	CP138080.1	81.731	208	30	7	2016	2220	19194591	19194389	1.28e-39	167	GCA_036940415.1_ASM3694041v1_genomic
AT1G64255	CP138076.1	99.734	2253	5	1	1	2253	27491211	27493462	0	4126	GCA_036940415.1_ASM3694041v1_genomic
AT1G64255	CP138076.1	82.796	1767	263	26	501	2253	27479596	27481335	0	1541	GCA_036940415.1_ASM3694041v1_genomic
AT1G64255	CP138076.1	79.667	1623	287	34	561	2164	27494551	27496149	0	1129	GCA_036940415.1_ASM3694041v1_genomic
AT1G64255	CP138076.1	77.157	1646	344	27	545	2177	27483005	27484631	0	928	GCA_036940415.1_ASM3694041v1_genomic
AT1G64255	CP138076.1	82.243	642	107	6	1030	1668	27498320	27498957	3.97e-154	547	GCA_036940415.1_ASM3694041v1_genomic
AT1G64255	CP138076.1	79.021	143	26	4	237	377	27497392	27497532	6.21e-18	95.3	GCA_036940415.1_ASM3694041v1_genomic
AT1G64260	CP138076.1	99.489	2738	14	0	1	2738	27493661	27496398	0	4979	GCA_036940415.1_ASM3694041v1_genomic
AT1G64260	CP138076.1	79.667	1623	286	34	891	2489	27491771	27493373	0	1129	GCA_036940415.1_ASM3694041v1_genomic
AT1G64260	CP138076.1	79.152	1650	310	28	843	2480	27479611	27481238	0	1110	GCA_036940415.1_ASM3694041v1_genomic
AT1G64260	CP138076.1	77.626	1609	322	30	891	2480	27483021	27484610	0	942	GCA_036940415.1_ASM3694041v1_genomic
AT1G64260	CP138076.1	77.704	758	136	21	30	781	27482022	27482752	1.41e-119	433	GCA_036940415.1_ASM3694041v1_genomic
AT1G64260	CP138076.1	83.402	241	33	7	2252	2489	22225955	22225719	1.55e-54	217	GCA_036940415.1_ASM3694041v1_genomic
AT1G49920	CP138081.1	98.363	2810	44	1	1	2810	21410741	21413548	0	4933	GCA_036940605.1_ASM3694060v1_genomic
AT1G49920	CP138081.1	75.913	1150	225	39	1002	2140	26738879	26737771	2.3e-152	542	GCA_036940605.1_ASM3694060v1_genomic
AT1G49920	CP138081.1	82.52	246	36	5	433	676	26743037	26742797	2.65e-52	209	GCA_036940605.1_ASM3694060v1_genomic
AT1G49920	CP138081.1	82.5	240	37	5	466	702	26749315	26749078	3.43e-51	206	GCA_036940605.1_ASM3694060v1_genomic
AT1G64253	CP138081.1	97.442	1994	43	4	1	1992	26742043	26744030	0	3393	GCA_036940605.1_ASM3694060v1_genomic
AT1G64253	CP138081.1	76.74	1092	213	30	1	1063	26738419	26739498	2.32e-161	571	GCA_036940605.1_ASM3694060v1_genomic
AT1G64253	CP138081.1	76.089	987	200	30	2	967	26745586	26746557	1.12e-134	483	GCA_036940605.1_ASM3694060v1_genomic
AT1G64253	CP138081.1	78.968	504	96	7	1	496	21412208	21411707	3.31e-90	335	GCA_036940605.1_ASM3694060v1_genomic
AT1G64253	CP138081.1	81.731	208	30	7	2016	2220	20397887	20398089	1.28e-39	167	GCA_036940605.1_ASM3694060v1_genomic
AT1G64255	CP138081.1	97.781	2253	35	1	1	2253	26744406	26746643	0	3869	GCA_036940605.1_ASM3694060v1_genomic
AT1G64255	CP138081.1	82.053	1705	272	16	501	2185	26737728	26739418	0	1423	GCA_036940605.1_ASM3694060v1_genomic
AT1G64255	CP138081.1	79.618	1624	286	36	561	2164	26747717	26749315	0	1123	GCA_036940605.1_ASM3694060v1_genomic
AT1G64255	CP138081.1	76.895	1636	347	26	545	2167	26741393	26743010	0	898	GCA_036940605.1_ASM3694060v1_genomic
AT1G64255	CP138081.1	82.243	642	108	5	1030	1668	26751483	26752121	1.1e-154	549	GCA_036940605.1_ASM3694060v1_genomic
AT1G64255	CP138081.1	86.503	163	14	8	2014	2172	26739917	26740075	2.78e-41	172	GCA_036940605.1_ASM3694060v1_genomic
AT1G64255	CP138081.1	79.72	143	25	4	237	377	26750555	26750695	1.33e-19	100	GCA_036940605.1_ASM3694060v1_genomic
AT1G64260	CP138081.1	99.123	2738	23	1	1	2738	26746828	26749564	0	4922	GCA_036940605.1_ASM3694060v1_genomic
AT1G64260	CP138081.1	78.772	1677	311	31	834	2483	26737734	26739392	0	1083	GCA_036940605.1_ASM3694060v1_genomic
AT1G64260	CP138081.1	79.185	1619	287	32	891	2489	26744966	26746554	0	1077	GCA_036940605.1_ASM3694060v1_genomic
AT1G64260	CP138081.1	77.143	1610	329	30	891	2480	26741409	26742999	0	898	GCA_036940605.1_ASM3694060v1_genomic
AT1G64260	CP138081.1	78.478	762	128	24	30	781	26740396	26741131	1.39e-129	466	GCA_036940605.1_ASM3694060v1_genomic
AT1G64260	CP138081.1	81.743	241	37	7	2252	2489	21411442	21411206	7.24e-48	195	GCA_036940605.1_ASM3694060v1_genomic
AT1G49920	CP138086.1	99.964	2810	1	0	1	2810	23655746	23658555	0	5184	GCA_036940615.1_ASM3694061v1_genomic
AT1G49920	CP138086.1	75.529	1181	249	27	967	2142	28950280	28949135	6.59e-153	544	GCA_036940615.1_ASM3694061v1_genomic
AT1G49920	CP138086.1	82.927	246	35	5	433	676	28950778	28950538	5.87e-54	215	GCA_036940615.1_ASM3694061v1_genomic
AT1G64253	CP138086.1	96.381	2017	42	14	1	2016	28949785	28951771	0	3291	GCA_036940615.1_ASM3694061v1_genomic
AT1G64253	CP138086.1	77.966	944	172	29	52	977	28946452	28947377	1.85e-157	558	GCA_036940615.1_ASM3694061v1_genomic
AT1G64253	CP138086.1	83.924	423	66	2	100	521	28954741	28955162	9.19e-111	403	GCA_036940615.1_ASM3694061v1_genomic
AT1G64253	CP138086.1	79.365	504	94	7	1	496	23657213	23656712	1.57e-93	346	GCA_036940615.1_ASM3694061v1_genomic
AT1G64253	CP138086.1	81.731	208	30	7	2016	2220	22655732	22655934	1.31e-39	167	GCA_036940615.1_ASM3694061v1_genomic
AT1G64253	CP138086.1	81.25	208	31	7	2016	2220	22652945	22653147	6.11e-38	161	GCA_036940615.1_ASM3694061v1_genomic
AT1G64255	CP138086.1	91.372	2260	169	15	1	2253	28952126	28954366	0	3070	GCA_036940615.1_ASM3694061v1_genomic
AT1G64255	CP138086.1	82.985	1769	264	24	501	2253	28945706	28947453	0	1565	GCA_036940615.1_ASM3694061v1_genomic
AT1G64255	CP138086.1	77.4	1646	340	27	545	2177	28949135	28950761	0	950	GCA_036940615.1_ASM3694061v1_genomic
AT1G64260	CP138086.1	79.056	1652	316	25	843	2480	28945721	28947356	0	1107	GCA_036940615.1_ASM3694061v1_genomic
AT1G64260	CP138086.1	77.833	1606	324	26	891	2480	28949151	28950740	0	965	GCA_036940615.1_ASM3694061v1_genomic
AT1G64260	CP138086.1	78.158	760	131	23	30	781	28948141	28948873	4e-125	451	GCA_036940615.1_ASM3694061v1_genomic
AT1G64260	CP138086.1	83.402	241	33	7	2252	2489	23656447	23656211	1.59e-54	217	GCA_036940615.1_ASM3694061v1_genomic
AT1G49920	CP138091.1	98.186	2811	39	3	1	2810	21876401	21879200	0	4898	GCA_036940625.1_ASM3694062v1_genomic
AT1G49920	CP138091.1	75.826	1150	226	39	1002	2140	27250608	27249500	1.08e-150	536	GCA_036940625.1_ASM3694062v1_genomic
AT1G49920	CP138091.1	83.402	241	33	7	466	702	27261043	27260806	1.6e-54	217	GCA_036940625.1_ASM3694062v1_genomic
AT1G49920	CP138091.1	82.927	246	35	5	433	676	27254767	27254527	5.75e-54	215	GCA_036940625.1_ASM3694062v1_genomic
AT1G64253	CP138091.1	97.593	1994	40	4	1	1992	27253773	27255760	0	3410	GCA_036940625.1_ASM3694062v1_genomic
AT1G64253	CP138091.1	76.832	1092	213	29	1	1063	27250148	27251228	1.39e-163	579	GCA_036940625.1_ASM3694062v1_genomic
AT1G64253	CP138091.1	76.416	971	197	25	2	956	27260080	27261034	1.44e-138	496	GCA_036940625.1_ASM3694062v1_genomic
AT1G64253	CP138091.1	76.118	984	205	25	2	967	27257316	27258287	2.42e-136	488	GCA_036940625.1_ASM3694062v1_genomic
AT1G64253	CP138091.1	79.167	504	95	7	1	496	21877859	21877358	7.16e-92	340	GCA_036940625.1_ASM3694062v1_genomic
AT1G64253	CP138091.1	81.731	208	30	7	2016	2220	20862768	20862970	1.29e-39	167	GCA_036940625.1_ASM3694062v1_genomic
AT1G64253	CP138091.1	81.25	208	31	7	2016	2220	20859981	20860183	5.98e-38	161	GCA_036940625.1_ASM3694062v1_genomic
AT1G64255	CP138091.1	98.091	2253	28	1	1	2253	27256136	27258373	0	3908	GCA_036940625.1_ASM3694062v1_genomic
AT1G64255	CP138091.1	82.069	1701	271	16	501	2181	27249457	27251143	0	1421	GCA_036940625.1_ASM3694062v1_genomic
AT1G64255	CP138091.1	79.593	1622	290	33	561	2164	27259445	27261043	0	1123	GCA_036940625.1_ASM3694062v1_genomic
AT1G64255	CP138091.1	77.035	1646	347	26	545	2177	27253123	27254750	0	917	GCA_036940625.1_ASM3694062v1_genomic
AT1G64255	CP138091.1	82.243	642	108	5	1030	1668	27263214	27263852	1.11e-154	549	GCA_036940625.1_ASM3694062v1_genomic
AT1G64255	CP138091.1	86.503	163	14	8	2014	2172	27251647	27251805	2.81e-41	172	GCA_036940625.1_ASM3694062v1_genomic
AT1G64255	CP138091.1	79.72	143	25	4	237	377	27262286	27262426	1.34e-19	100	GCA_036940625.1_ASM3694062v1_genomic
AT1G64260	CP138091.1	99.123	2738	21	1	1	2738	27258558	27261292	0	4920	GCA_036940625.1_ASM3694062v1_genomic
AT1G64260	CP138091.1	79.444	1620	281	35	891	2489	27256696	27258284	0	1099	GCA_036940625.1_ASM3694062v1_genomic
AT1G64260	CP138091.1	78.712	1677	312	31	834	2483	27249463	27251121	0	1077	GCA_036940625.1_ASM3694062v1_genomic
AT1G64260	CP138091.1	77.191	1609	330	29	891	2480	27253139	27254729	0	904	GCA_036940625.1_ASM3694062v1_genomic
AT1G64260	CP138091.1	78.478	762	128	24	30	781	27252126	27252861	1.4e-129	466	GCA_036940625.1_ASM3694062v1_genomic
AT1G64260	CP138091.1	81.743	241	37	7	2252	2489	21877093	21876857	7.3e-48	195	GCA_036940625.1_ASM3694062v1_genomic
AT1G49920	CP138096.1	98.399	2810	43	1	1	2810	22294350	22297157	0	4939	GCA_036940635.1_ASM3694063v1_genomic
AT1G49920	CP138096.1	75.529	1181	248	27	967	2142	27649677	27648533	2.28e-152	542	GCA_036940635.1_ASM3694063v1_genomic
AT1G49920	CP138096.1	83.333	240	35	5	466	702	27656444	27656207	1.57e-54	217	GCA_036940635.1_ASM3694063v1_genomic
AT1G49920	CP138096.1	82.927	246	35	5	433	676	27650175	27649935	5.64e-54	215	GCA_036940635.1_ASM3694063v1_genomic
AT1G64253	CP138096.1	97.792	1993	37	3	1	1992	27649182	27651168	0	3430	GCA_036940635.1_ASM3694063v1_genomic
AT1G64253	CP138096.1	78.178	944	170	29	52	977	27645869	27646794	8.24e-161	569	GCA_036940635.1_ASM3694063v1_genomic
AT1G64253	CP138096.1	76.519	971	196	25	2	956	27655481	27656435	3.05e-140	501	GCA_036940635.1_ASM3694063v1_genomic
AT1G64253	CP138096.1	75.89	983	209	23	2	967	27652714	27653685	5.14e-133	477	GCA_036940635.1_ASM3694063v1_genomic
AT1G64253	CP138096.1	78.77	504	97	7	1	496	22295817	22295316	1.52e-88	329	GCA_036940635.1_ASM3694063v1_genomic
AT1G64253	CP138096.1	92.982	114	6	2	2107	2220	21316502	21316613	4.54e-39	165	GCA_036940635.1_ASM3694063v1_genomic
AT1G64253	CP138096.1	80.769	208	32	7	2016	2220	21319198	21319400	2.73e-36	156	GCA_036940635.1_ASM3694063v1_genomic
AT1G64255	CP138096.1	98.003	2253	29	2	1	2253	27651535	27653771	0	3897	GCA_036940635.1_ASM3694063v1_genomic
AT1G64255	CP138096.1	82.965	1767	267	22	501	2253	27645124	27646870	0	1565	GCA_036940635.1_ASM3694063v1_genomic
AT1G64255	CP138096.1	79.791	1623	285	34	561	2164	27654846	27656444	0	1140	GCA_036940635.1_ASM3694063v1_genomic
AT1G64255	CP138096.1	77.096	1646	344	28	545	2177	27648533	27650158	0	920	GCA_036940635.1_ASM3694063v1_genomic
AT1G64255	CP138096.1	81.776	642	111	5	1030	1668	27658615	27659253	1.1e-149	532	GCA_036940635.1_ASM3694063v1_genomic
AT1G64255	CP138096.1	79.72	143	25	4	237	377	27657687	27657827	1.32e-19	100	GCA_036940635.1_ASM3694063v1_genomic
AT1G64260	CP138096.1	99.343	2738	18	0	1	2738	27653956	27656693	0	4957	GCA_036940635.1_ASM3694063v1_genomic
AT1G64260	CP138096.1	79.225	1651	314	24	843	2480	27645139	27646773	0	1122	GCA_036940635.1_ASM3694063v1_genomic
AT1G64260	CP138096.1	79.383	1620	281	36	891	2489	27652095	27653682	0	1092	GCA_036940635.1_ASM3694063v1_genomic
AT1G64260	CP138096.1	77.439	1609	324	31	891	2480	27648549	27650137	0	924	GCA_036940635.1_ASM3694063v1_genomic
AT1G64260	CP138096.1	80.381	525	96	7	260	781	27647751	27648271	2.37e-107	392	GCA_036940635.1_ASM3694063v1_genomic
AT1G64260	CP138096.1	81.743	241	37	7	2252	2489	22295051	22294815	7.16e-48	195	GCA_036940635.1_ASM3694063v1_genomic
AT1G49920	CP138101.1	98.505	2810	37	3	1	2810	22317358	22320162	0	4951	GCA_036940645.1_ASM3694064v1_genomic
AT1G49920	CP138101.1	76	1150	224	39	1002	2140	27663890	27662782	5.38e-154	547	GCA_036940645.1_ASM3694064v1_genomic
AT1G49920	CP138101.1	83.333	240	35	5	466	702	27674419	27674182	1.72e-54	217	GCA_036940645.1_ASM3694064v1_genomic
AT1G49920	CP138101.1	82.927	246	35	5	433	676	27668126	27667886	6.2e-54	215	GCA_036940645.1_ASM3694064v1_genomic
AT1G64253	CP138101.1	97.842	1993	36	3	1	1992	27667133	27669119	0	3435	GCA_036940645.1_ASM3694064v1_genomic
AT1G64253	CP138101.1	76.832	1092	213	29	1	1063	27663430	27664510	1.5e-163	579	GCA_036940645.1_ASM3694064v1_genomic
AT1G64253	CP138101.1	76.67	973	191	28	2	956	27673456	27674410	7.19e-142	507	GCA_036940645.1_ASM3694064v1_genomic
AT1G64253	CP138101.1	76.094	983	207	23	2	967	27670690	27671661	2.61e-136	488	GCA_036940645.1_ASM3694064v1_genomic
AT1G64253	CP138101.1	79.167	504	95	7	1	496	22318825	22318324	7.72e-92	340	GCA_036940645.1_ASM3694064v1_genomic
AT1G64253	CP138101.1	81.731	208	30	7	2016	2220	21338745	21338947	1.39e-39	167	GCA_036940645.1_ASM3694064v1_genomic
AT1G64253	CP138101.1	81.25	208	31	7	2016	2220	21335958	21336160	6.45e-38	161	GCA_036940645.1_ASM3694064v1_genomic
AT1G64255	CP138101.1	98.713	2253	29	0	1	2253	27669495	27671747	0	4000	GCA_036940645.1_ASM3694064v1_genomic
AT1G64255	CP138101.1	82.128	1701	270	16	501	2181	27662739	27664425	0	1426	GCA_036940645.1_ASM3694064v1_genomic
AT1G64255	CP138101.1	79.852	1623	283	35	561	2164	27672822	27674419	0	1146	GCA_036940645.1_ASM3694064v1_genomic
AT1G64255	CP138101.1	77.143	1645	346	25	545	2177	27666483	27668109	0	928	GCA_036940645.1_ASM3694064v1_genomic
AT1G64255	CP138101.1	82.243	642	108	5	1030	1668	27676589	27677227	1.2e-154	549	GCA_036940645.1_ASM3694064v1_genomic
AT1G64255	CP138101.1	86.25	160	20	2	2014	2172	27664928	27665086	3.02e-41	172	GCA_036940645.1_ASM3694064v1_genomic
AT1G64255	CP138101.1	79.72	143	25	4	237	377	27675661	27675801	1.45e-19	100	GCA_036940645.1_ASM3694064v1_genomic
AT1G64260	CP138101.1	99.379	2738	16	1	1	2738	27671932	27674668	0	4961	GCA_036940645.1_ASM3694064v1_genomic
AT1G64260	CP138101.1	79.655	1622	289	32	891	2489	27670055	27671658	0	1129	GCA_036940645.1_ASM3694064v1_genomic
AT1G64260	CP138101.1	78.831	1677	310	31	834	2483	27662745	27664403	0	1088	GCA_036940645.1_ASM3694064v1_genomic
AT1G64260	CP138101.1	77.363	1608	328	28	891	2480	27666499	27668088	0	920	GCA_036940645.1_ASM3694064v1_genomic
AT1G64260	CP138101.1	81.743	241	37	7	2252	2489	22318059	22317823	7.86e-48	195	GCA_036940645.1_ASM3694064v1_genomic
AT1G49920	CP138106.1	99.964	2810	1	0	1	2810	22969902	22972711	0	5184	GCA_036940715.1_ASM3694071v1_genomic
AT1G49920	CP138106.1	75.932	1180	246	29	967	2142	28342961	28341816	2.91e-161	571	GCA_036940715.1_ASM3694071v1_genomic
AT1G49920	CP138106.1	83.402	241	33	7	466	702	28350140	28349903	1.57e-54	217	GCA_036940715.1_ASM3694071v1_genomic
AT1G64253	CP138106.1	100	2220	0	0	1	2220	28342466	28344685	0	4100	GCA_036940715.1_ASM3694071v1_genomic
AT1G64253	CP138106.1	77.966	944	172	29	52	977	28339143	28340068	1.78e-157	558	GCA_036940715.1_ASM3694071v1_genomic
AT1G64253	CP138106.1	76.313	971	198	25	2	956	28349177	28350131	6.6e-137	490	GCA_036940715.1_ASM3694071v1_genomic
AT1G64253	CP138106.1	79.365	504	94	7	1	496	22971369	22970868	1.51e-93	346	GCA_036940715.1_ASM3694071v1_genomic
AT1G64253	CP138106.1	81.25	208	31	7	2016	2220	21988442	21988644	5.88e-38	161	GCA_036940715.1_ASM3694071v1_genomic
AT1G64253	CP138106.1	81.25	208	31	7	2016	2220	21991229	21991431	5.88e-38	161	GCA_036940715.1_ASM3694071v1_genomic
AT1G64255	CP138106.1	100	2253	0	0	1	2253	28345201	28347453	0	4161	GCA_036940715.1_ASM3694071v1_genomic
AT1G64255	CP138106.1	82.975	1768	265	23	501	2253	28338398	28340144	0	1565	GCA_036940715.1_ASM3694071v1_genomic
AT1G64255	CP138106.1	79.667	1623	287	34	561	2164	28348542	28350140	0	1129	GCA_036940715.1_ASM3694071v1_genomic
AT1G64255	CP138106.1	77.278	1646	342	27	545	2177	28341816	28343442	0	939	GCA_036940715.1_ASM3694071v1_genomic
AT1G64255	CP138106.1	82.243	642	108	5	1030	1668	28352312	28352950	1.09e-154	549	GCA_036940715.1_ASM3694071v1_genomic
AT1G64255	CP138106.1	79.72	143	25	4	237	377	28351384	28351524	1.32e-19	100	GCA_036940715.1_ASM3694071v1_genomic
AT1G64260	CP138106.1	100	2738	0	0	1	2738	28347652	28350389	0	5057	GCA_036940715.1_ASM3694071v1_genomic
AT1G64260	CP138106.1	79.667	1623	287	33	891	2489	28345761	28347364	0	1129	GCA_036940715.1_ASM3694071v1_genomic
AT1G64260	CP138106.1	79.104	1651	316	24	843	2480	28338413	28340047	0	1110	GCA_036940715.1_ASM3694071v1_genomic
AT1G64260	CP138106.1	77.792	1612	314	34	891	2480	28341832	28343421	0	953	GCA_036940715.1_ASM3694071v1_genomic
AT1G64260	CP138106.1	78.158	760	131	23	30	781	28340832	28341564	3.85e-125	451	GCA_036940715.1_ASM3694071v1_genomic
AT1G64260	CP138106.1	83.402	241	33	7	2252	2489	22970603	22970367	1.53e-54	217	GCA_036940715.1_ASM3694071v1_genomic
AT1G49920	CP138111.1	99.929	2810	1	1	1	2810	22087733	22090541	0	5177	GCA_036940825.1_ASM3694082v1_genomic
AT1G49920	CP138111.1	76.087	1150	223	39	1002	2140	27491994	27490886	1.06e-155	553	GCA_036940825.1_ASM3694082v1_genomic
AT1G49920	CP138111.1	83.333	240	35	5	466	702	27502421	27502184	1.57e-54	217	GCA_036940825.1_ASM3694082v1_genomic
AT1G49920	CP138111.1	82.927	246	35	5	433	676	27496142	27495902	5.66e-54	215	GCA_036940825.1_ASM3694082v1_genomic
AT1G64253	CP138111.1	97.592	1993	39	5	1	1992	27495151	27497135	0	3406	GCA_036940825.1_ASM3694082v1_genomic
AT1G64253	CP138111.1	76.923	1092	212	29	1	1063	27491534	27492614	2.95e-165	584	GCA_036940825.1_ASM3694082v1_genomic
AT1G64253	CP138111.1	76.622	971	195	25	2	956	27501458	27502412	6.56e-142	507	GCA_036940825.1_ASM3694082v1_genomic
AT1G64253	CP138111.1	76.118	984	206	24	2	967	27498690	27499662	2.38e-136	488	GCA_036940825.1_ASM3694082v1_genomic
AT1G64253	CP138111.1	79.365	504	94	7	1	496	22089200	22088699	1.51e-93	346	GCA_036940825.1_ASM3694082v1_genomic
AT1G64253	CP138111.1	92.105	114	7	2	2107	2220	21107941	21108052	2.12e-37	159	GCA_036940825.1_ASM3694082v1_genomic
AT1G64253	CP138111.1	80.769	208	32	7	2016	2220	21099996	21100198	2.74e-36	156	GCA_036940825.1_ASM3694082v1_genomic
AT1G64255	CP138111.1	98.225	2254	24	2	1	2253	27497510	27499748	0	3927	GCA_036940825.1_ASM3694082v1_genomic
AT1G64255	CP138111.1	82.246	1701	268	16	501	2181	27490843	27492529	0	1437	GCA_036940825.1_ASM3694082v1_genomic
AT1G64255	CP138111.1	79.791	1623	285	34	561	2164	27500823	27502421	0	1140	GCA_036940825.1_ASM3694082v1_genomic
AT1G64255	CP138111.1	77.021	1645	346	27	545	2177	27494501	27496125	0	915	GCA_036940825.1_ASM3694082v1_genomic
AT1G64255	CP138111.1	82.243	642	108	5	1030	1668	27504589	27505227	1.09e-154	549	GCA_036940825.1_ASM3694082v1_genomic
AT1G64255	CP138111.1	86.503	163	14	8	2014	2172	27493025	27493183	2.76e-41	172	GCA_036940825.1_ASM3694082v1_genomic
AT1G64255	CP138111.1	79.72	143	25	4	237	377	27503661	27503801	1.32e-19	100	GCA_036940825.1_ASM3694082v1_genomic
AT1G64260	CP138111.1	99.306	2738	19	0	1	2738	27499933	27502670	0	4951	GCA_036940825.1_ASM3694082v1_genomic
AT1G64260	CP138111.1	79.581	1621	278	36	891	2489	27498070	27499659	0	1110	GCA_036940825.1_ASM3694082v1_genomic
AT1G64260	CP138111.1	78.891	1677	309	32	834	2483	27490849	27492507	0	1094	GCA_036940825.1_ASM3694082v1_genomic
AT1G64260	CP138111.1	77.225	1607	330	28	891	2480	27494517	27496104	0	907	GCA_036940825.1_ASM3694082v1_genomic
AT1G64260	CP138111.1	78.478	762	128	24	30	781	27493504	27494239	1.38e-129	466	GCA_036940825.1_ASM3694082v1_genomic
AT1G64260	CP138111.1	83.402	241	33	7	2252	2489	22088434	22088198	1.53e-54	217	GCA_036940825.1_ASM3694082v1_genomic
AT1G49920	CP138116.1	98.577	2810	38	1	1	2810	24357966	24360773	0	4966	GCA_036940995.1_ASM3694099v1_genomic
AT1G49920	CP138116.1	83.333	240	35	5	466	702	29685449	29685212	1.67e-54	217	GCA_036940995.1_ASM3694099v1_genomic
AT1G49920	CP138116.1	82.52	246	36	5	433	676	29678768	29678528	2.8e-52	209	GCA_036940995.1_ASM3694099v1_genomic
AT1G64253	CP138116.1	98.784	2220	27	0	1	2220	29677775	29679994	0	3951	GCA_036940995.1_ASM3694099v1_genomic
AT1G64253	CP138116.1	78.178	944	170	29	52	977	29674442	29675367	8.79e-161	569	GCA_036940995.1_ASM3694099v1_genomic
AT1G64253	CP138116.1	76.519	971	196	25	2	956	29684486	29685440	3.25e-140	501	GCA_036940995.1_ASM3694099v1_genomic
AT1G64253	CP138116.1	79.167	504	95	7	1	496	24359433	24358932	7.5e-92	340	GCA_036940995.1_ASM3694099v1_genomic
AT1G64253	CP138116.1	81.731	208	30	7	2016	2220	23359504	23359706	1.35e-39	167	GCA_036940995.1_ASM3694099v1_genomic
AT1G64253	CP138116.1	81.731	208	30	7	2016	2220	23362264	23362466	1.35e-39	167	GCA_036940995.1_ASM3694099v1_genomic
AT1G64253	CP138116.1	81.731	208	30	7	2016	2220	23365024	23365226	1.35e-39	167	GCA_036940995.1_ASM3694099v1_genomic
AT1G64255	CP138116.1	99.734	2253	6	0	1	2253	29680510	29682762	0	4128	GCA_036940995.1_ASM3694099v1_genomic
AT1G64255	CP138116.1	83.079	1767	265	22	501	2253	29673697	29675443	0	1576	GCA_036940995.1_ASM3694099v1_genomic
AT1G64255	CP138116.1	79.729	1623	286	34	561	2164	29683851	29685449	0	1134	GCA_036940995.1_ASM3694099v1_genomic
AT1G64255	CP138116.1	77.082	1645	347	25	545	2177	29677125	29678751	0	922	GCA_036940995.1_ASM3694099v1_genomic
AT1G64255	CP138116.1	82.243	642	108	5	1030	1668	29687620	29688258	1.16e-154	549	GCA_036940995.1_ASM3694099v1_genomic
AT1G64255	CP138116.1	79.72	143	25	4	237	377	29686692	29686832	1.41e-19	100	GCA_036940995.1_ASM3694099v1_genomic
AT1G64260	CP138116.1	99.562	2738	12	0	1	2738	29682961	29685698	0	4990	GCA_036940995.1_ASM3694099v1_genomic
AT1G64260	CP138116.1	79.606	1623	288	33	891	2489	29681070	29682673	0	1123	GCA_036940995.1_ASM3694099v1_genomic
AT1G64260	CP138116.1	79.164	1651	315	24	843	2480	29673712	29675346	0	1116	GCA_036940995.1_ASM3694099v1_genomic
AT1G64260	CP138116.1	77.239	1608	330	28	891	2480	29677141	29678730	0	909	GCA_036940995.1_ASM3694099v1_genomic
AT1G64260	CP138116.1	78.158	760	131	23	30	781	29676131	29676863	4.11e-125	451	GCA_036940995.1_ASM3694099v1_genomic
AT1G64260	CP138116.1	82.158	241	36	7	2252	2489	24358667	24358431	1.64e-49	200	GCA_036940995.1_ASM3694099v1_genomic
AT1G49920	CP138121.1	99.609	2810	4	2	1	2810	22112750	22115552	0	5121	GCA_036941165.1_ASM3694116v1_genomic
AT1G49920	CP138121.1	75.868	1181	245	31	967	2142	27322045	27320900	1.41e-159	566	GCA_036941165.1_ASM3694116v1_genomic
AT1G49920	CP138121.1	83.333	240	35	5	466	702	27329201	27328964	1.64e-54	217	GCA_036941165.1_ASM3694116v1_genomic
AT1G64253	CP138121.1	99.73	2220	6	0	1	2220	27321550	27323769	0	4067	GCA_036941165.1_ASM3694116v1_genomic
AT1G64253	CP138121.1	78.178	944	170	29	52	977	27318228	27319153	8.59e-161	569	GCA_036941165.1_ASM3694116v1_genomic
AT1G64253	CP138121.1	76.416	971	197	24	2	956	27328238	27329192	1.48e-138	496	GCA_036941165.1_ASM3694116v1_genomic
AT1G64253	CP138121.1	75.992	983	208	23	2	967	27325480	27326451	1.15e-134	483	GCA_036941165.1_ASM3694116v1_genomic
AT1G64253	CP138121.1	79.365	504	94	7	1	496	22114211	22113710	1.58e-93	346	GCA_036941165.1_ASM3694116v1_genomic
AT1G64253	CP138121.1	81.731	208	30	7	2016	2220	21124559	21124761	1.32e-39	167	GCA_036941165.1_ASM3694116v1_genomic
AT1G64253	CP138121.1	92.982	114	6	2	2107	2220	21127436	21127547	4.74e-39	165	GCA_036941165.1_ASM3694116v1_genomic
AT1G64255	CP138121.1	98.358	2253	28	1	1	2253	27324285	27326528	0	3947	GCA_036941165.1_ASM3694116v1_genomic
AT1G64255	CP138121.1	82.852	1767	269	22	501	2253	27317483	27319229	0	1554	GCA_036941165.1_ASM3694116v1_genomic
AT1G64255	CP138121.1	79.791	1623	285	34	561	2164	27327603	27329201	0	1140	GCA_036941165.1_ASM3694116v1_genomic
AT1G64255	CP138121.1	77.217	1646	343	27	545	2177	27320900	27322526	0	933	GCA_036941165.1_ASM3694116v1_genomic
AT1G64255	CP138121.1	82.243	642	107	6	1030	1668	27331372	27332009	4.09e-154	547	GCA_036941165.1_ASM3694116v1_genomic
AT1G64255	CP138121.1	80.451	133	22	4	247	377	27330454	27330584	4.95e-19	99	GCA_036941165.1_ASM3694116v1_genomic
AT1G64260	CP138121.1	99.343	2738	18	0	1	2738	27326713	27329450	0	4957	GCA_036941165.1_ASM3694116v1_genomic
AT1G64260	CP138121.1	79.716	1622	288	32	891	2489	27324845	27326448	0	1134	GCA_036941165.1_ASM3694116v1_genomic
AT1G64260	CP138121.1	79.164	1651	315	24	843	2480	27317498	27319132	0	1116	GCA_036941165.1_ASM3694116v1_genomic
AT1G64260	CP138121.1	77.75	1609	320	30	891	2480	27320916	27322505	0	953	GCA_036941165.1_ASM3694116v1_genomic
AT1G64260	CP138121.1	77.441	758	138	22	30	781	27319917	27320647	3.15e-116	422	GCA_036941165.1_ASM3694116v1_genomic
AT1G64260	CP138121.1	83.402	241	33	7	2252	2489	22113445	22113209	1.59e-54	217	GCA_036941165.1_ASM3694116v1_genomic
AT1G49920	CP138126.1	99.964	2810	1	0	1	2810	22974350	22977159	0	5184	GCA_036941295.1_ASM3694129v1_genomic
AT1G49920	CP138126.1	75.826	1150	226	39	1002	2140	28247277	28246169	1.1e-150	536	GCA_036941295.1_ASM3694129v1_genomic
AT1G49920	CP138126.1	83.402	241	33	7	466	702	28257712	28257475	1.62e-54	217	GCA_036941295.1_ASM3694129v1_genomic
AT1G49920	CP138126.1	82.927	246	35	5	433	676	28251436	28251196	5.83e-54	215	GCA_036941295.1_ASM3694129v1_genomic
AT1G64253	CP138126.1	97.593	1994	40	4	1	1992	28250442	28252429	0	3410	GCA_036941295.1_ASM3694129v1_genomic
AT1G64253	CP138126.1	76.832	1092	213	29	1	1063	28246817	28247897	1.41e-163	579	GCA_036941295.1_ASM3694129v1_genomic
AT1G64253	CP138126.1	76.416	971	197	25	2	956	28256749	28257703	1.47e-138	496	GCA_036941295.1_ASM3694129v1_genomic
AT1G64253	CP138126.1	76.22	984	204	25	2	967	28253985	28254956	5.27e-138	494	GCA_036941295.1_ASM3694129v1_genomic
AT1G64253	CP138126.1	79.365	504	94	7	1	496	22975817	22975316	1.56e-93	346	GCA_036941295.1_ASM3694129v1_genomic
AT1G64253	CP138126.1	81.731	208	30	7	2016	2220	21940946	21941148	1.3e-39	167	GCA_036941295.1_ASM3694129v1_genomic
AT1G64253	CP138126.1	81.25	208	31	7	2016	2220	21938159	21938361	6.07e-38	161	GCA_036941295.1_ASM3694129v1_genomic
AT1G64253	CP138130.1	81.731	208	30	7	2016	2220	20317774	20317572	1.3e-39	167	GCA_036941295.1_ASM3694129v1_genomic
AT1G64253	CP138130.1	92.982	114	6	2	2107	2220	20314890	20314779	4.69e-39	165	GCA_036941295.1_ASM3694129v1_genomic
AT1G64255	CP138126.1	98.136	2253	27	1	1	2253	28252805	28255042	0	3914	GCA_036941295.1_ASM3694129v1_genomic
AT1G64255	CP138126.1	82.069	1701	271	16	501	2181	28246126	28247812	0	1421	GCA_036941295.1_ASM3694129v1_genomic
AT1G64255	CP138126.1	79.655	1622	289	33	561	2164	28256114	28257712	0	1129	GCA_036941295.1_ASM3694129v1_genomic
AT1G64255	CP138126.1	77.035	1646	347	26	545	2177	28249792	28251419	0	917	GCA_036941295.1_ASM3694129v1_genomic
AT1G64255	CP138126.1	82.243	642	108	5	1030	1668	28259883	28260521	1.13e-154	549	GCA_036941295.1_ASM3694129v1_genomic
AT1G64255	CP138126.1	86.503	163	14	8	2014	2172	28248316	28248474	2.85e-41	172	GCA_036941295.1_ASM3694129v1_genomic
AT1G64255	CP138126.1	79.72	143	25	4	237	377	28258955	28259095	1.36e-19	100	GCA_036941295.1_ASM3694129v1_genomic
AT1G64260	CP138126.1	99.087	2738	22	1	1	2738	28255227	28257961	0	4915	GCA_036941295.1_ASM3694129v1_genomic
AT1G64260	CP138126.1	79.506	1620	280	35	891	2489	28253365	28254953	0	1105	GCA_036941295.1_ASM3694129v1_genomic
AT1G64260	CP138126.1	78.712	1677	312	31	834	2483	28246132	28247790	0	1077	GCA_036941295.1_ASM3694129v1_genomic
AT1G64260	CP138126.1	77.191	1609	330	29	891	2480	28249808	28251398	0	904	GCA_036941295.1_ASM3694129v1_genomic
AT1G64260	CP138126.1	78.478	762	128	24	30	781	28248795	28249530	1.42e-129	466	GCA_036941295.1_ASM3694129v1_genomic
AT1G64260	CP138126.1	83.402	241	33	7	2252	2489	22975051	22974815	1.58e-54	217	GCA_036941295.1_ASM3694129v1_genomic
AT1G49920	CP138131.1	99.858	2810	4	0	1	2810	22840915	22843724	0	5168	GCA_036941465.1_ASM3694146v1_genomic
AT1G49920	CP138131.1	76	1150	224	39	1002	2140	28083656	28082548	5.04e-154	547	GCA_036941465.1_ASM3694146v1_genomic
AT1G49920	CP138131.1	83.333	240	35	5	466	702	28093685	28093448	1.62e-54	217	GCA_036941465.1_ASM3694146v1_genomic
AT1G49920	CP138131.1	82.52	246	36	5	433	676	28087397	28087157	2.7e-52	209	GCA_036941465.1_ASM3694146v1_genomic
AT1G64253	CP138131.1	97.792	1993	37	3	1	1992	28086404	28088390	0	3430	GCA_036941465.1_ASM3694146v1_genomic
AT1G64253	CP138131.1	76.572	1097	210	32	1	1063	28083196	28084279	1.84e-157	558	GCA_036941465.1_ASM3694146v1_genomic
AT1G64253	CP138131.1	76.622	971	195	25	2	956	28092722	28093676	6.75e-142	507	GCA_036941465.1_ASM3694146v1_genomic
AT1G64253	CP138131.1	76.195	983	206	23	2	967	28089960	28090931	5.25e-138	494	GCA_036941465.1_ASM3694146v1_genomic
AT1G64253	CP138131.1	79.365	504	94	7	1	496	22842382	22841881	1.56e-93	346	GCA_036941465.1_ASM3694146v1_genomic
AT1G64253	CP138131.1	81.731	208	30	7	2016	2220	21832967	21833169	1.3e-39	167	GCA_036941465.1_ASM3694146v1_genomic
AT1G64253	CP138131.1	92.105	114	7	2	2107	2220	21835846	21835957	2.18e-37	159	GCA_036941465.1_ASM3694146v1_genomic
AT1G64255	CP138131.1	98.625	2254	30	1	1	2253	28088764	28091017	0	3989	GCA_036941465.1_ASM3694146v1_genomic
AT1G64255	CP138131.1	81.866	1704	272	19	501	2181	28082505	28084194	0	1400	GCA_036941465.1_ASM3694146v1_genomic
AT1G64255	CP138131.1	79.975	1623	282	34	561	2164	28092087	28093685	0	1157	GCA_036941465.1_ASM3694146v1_genomic
AT1G64255	CP138131.1	77.021	1645	348	25	545	2177	28085754	28087380	0	917	GCA_036941465.1_ASM3694146v1_genomic
AT1G64255	CP138131.1	82.087	642	109	5	1030	1668	28095856	28096494	5.22e-153	544	GCA_036941465.1_ASM3694146v1_genomic
AT1G64255	CP138131.1	85.276	163	15	9	2014	2172	28084698	28084855	2.21e-37	159	GCA_036941465.1_ASM3694146v1_genomic
AT1G64255	CP138131.1	79.72	143	25	4	237	377	28094928	28095068	1.36e-19	100	GCA_036941465.1_ASM3694146v1_genomic
AT1G64260	CP138131.1	99.339	2724	18	0	15	2738	28091211	28093934	0	4931	GCA_036941465.1_ASM3694146v1_genomic
AT1G64260	CP138131.1	79.606	1623	289	33	891	2489	28089324	28090928	0	1125	GCA_036941465.1_ASM3694146v1_genomic
AT1G64260	CP138131.1	78.665	1678	314	31	834	2483	28082511	28084172	0	1075	GCA_036941465.1_ASM3694146v1_genomic
AT1G64260	CP138131.1	77.239	1608	330	28	891	2480	28085770	28087359	0	909	GCA_036941465.1_ASM3694146v1_genomic
AT1G64260	CP138131.1	83.402	241	33	7	2252	2489	22841616	22841380	1.57e-54	217	GCA_036941465.1_ASM3694146v1_genomic
AT1G49920	CP138136.1	99.929	2810	2	0	1	2810	21903135	21905944	0	5179	GCA_036941635.1_ASM3694163v1_genomic
AT1G49920	CP138136.1	75.932	1180	246	29	967	2142	27278976	27277831	3.09e-161	571	GCA_036941635.1_ASM3694163v1_genomic
AT1G49920	CP138136.1	83.402	241	33	7	466	702	27286155	27285918	1.67e-54	217	GCA_036941635.1_ASM3694163v1_genomic
AT1G64253	CP138136.1	100	2220	0	0	1	2220	27278481	27280700	0	4100	GCA_036941635.1_ASM3694163v1_genomic
AT1G64253	CP138136.1	77.966	944	172	29	52	977	27275158	27276083	1.89e-157	558	GCA_036941635.1_ASM3694163v1_genomic
AT1G64253	CP138136.1	76.313	971	198	25	2	956	27285192	27286146	7.01e-137	490	GCA_036941635.1_ASM3694163v1_genomic
AT1G64253	CP138136.1	79.365	504	94	7	1	496	21904602	21904101	1.61e-93	346	GCA_036941635.1_ASM3694163v1_genomic
AT1G64253	CP138136.1	81.731	208	30	7	2016	2220	20874940	20875142	1.34e-39	167	GCA_036941635.1_ASM3694163v1_genomic
AT1G64253	CP138136.1	81.25	208	31	7	2016	2220	20872153	20872355	6.24e-38	161	GCA_036941635.1_ASM3694163v1_genomic
AT1G64255	CP138136.1	100	2253	0	0	1	2253	27281216	27283468	0	4161	GCA_036941635.1_ASM3694163v1_genomic
AT1G64255	CP138136.1	82.975	1768	265	23	501	2253	27274413	27276159	0	1565	GCA_036941635.1_ASM3694163v1_genomic
AT1G64255	CP138136.1	79.667	1623	287	34	561	2164	27284557	27286155	0	1129	GCA_036941635.1_ASM3694163v1_genomic
AT1G64255	CP138136.1	77.278	1646	342	27	545	2177	27277831	27279457	0	939	GCA_036941635.1_ASM3694163v1_genomic
AT1G64255	CP138136.1	82.243	642	108	5	1030	1668	27288327	27288965	1.16e-154	549	GCA_036941635.1_ASM3694163v1_genomic
AT1G64255	CP138136.1	79.72	143	25	4	237	377	27287399	27287539	1.4e-19	100	GCA_036941635.1_ASM3694163v1_genomic
AT1G64260	CP138136.1	100	2738	0	0	1	2738	27283667	27286404	0	5057	GCA_036941635.1_ASM3694163v1_genomic
AT1G64260	CP138136.1	79.667	1623	287	33	891	2489	27281776	27283379	0	1129	GCA_036941635.1_ASM3694163v1_genomic
AT1G64260	CP138136.1	79.104	1651	316	24	843	2480	27274428	27276062	0	1110	GCA_036941635.1_ASM3694163v1_genomic
AT1G64260	CP138136.1	77.792	1612	314	34	891	2480	27277847	27279436	0	953	GCA_036941635.1_ASM3694163v1_genomic
AT1G64260	CP138136.1	78.158	760	131	23	30	781	27276847	27277579	4.09e-125	451	GCA_036941635.1_ASM3694163v1_genomic
AT1G64260	CP138136.1	83.402	241	33	7	2252	2489	21903836	21903600	1.62e-54	217	GCA_036941635.1_ASM3694163v1_genomic
AT1G49920	CP138141.1	99.929	2810	2	0	1	2810	21715187	21717996	0	5179	GCA_036941785.1_ASM3694178v1_genomic
AT1G49920	CP138141.1	76.017	1180	245	29	967	2142	27029113	27027968	6.3e-163	577	GCA_036941785.1_ASM3694178v1_genomic
AT1G49920	CP138141.1	83.402	241	33	7	466	702	27036276	27036039	1.58e-54	217	GCA_036941785.1_ASM3694178v1_genomic
AT1G64253	CP138141.1	99.505	2221	10	1	1	2220	27028618	27030838	0	4039	GCA_036941785.1_ASM3694178v1_genomic
AT1G64253	CP138141.1	78.072	944	171	29	52	977	27025296	27026221	3.87e-159	564	GCA_036941785.1_ASM3694178v1_genomic
AT1G64253	CP138141.1	76.416	971	197	25	2	956	27035313	27036267	1.43e-138	496	GCA_036941785.1_ASM3694178v1_genomic
AT1G64253	CP138141.1	76.171	982	208	21	2	967	27032549	27033520	5.15e-138	494	GCA_036941785.1_ASM3694178v1_genomic
AT1G64253	CP138141.1	79.365	504	94	7	1	496	21716654	21716153	1.52e-93	346	GCA_036941785.1_ASM3694178v1_genomic
AT1G64253	CP138141.1	81.731	208	30	7	2016	2220	20712495	20712697	1.27e-39	167	GCA_036941785.1_ASM3694178v1_genomic
AT1G64253	CP138141.1	92.105	114	7	2	2107	2220	20709799	20709910	2.13e-37	159	GCA_036941785.1_ASM3694178v1_genomic
AT1G64255	CP138141.1	99.512	2253	11	0	1	2253	27031354	27033606	0	4100	GCA_036941785.1_ASM3694178v1_genomic
AT1G64255	CP138141.1	82.909	1767	268	22	501	2253	27024551	27026297	0	1559	GCA_036941785.1_ASM3694178v1_genomic
AT1G64255	CP138141.1	79.531	1622	291	33	561	2164	27034678	27036276	0	1118	GCA_036941785.1_ASM3694178v1_genomic
AT1G64255	CP138141.1	77.413	1647	339	28	545	2177	27027968	27029595	0	950	GCA_036941785.1_ASM3694178v1_genomic
AT1G64255	CP138141.1	82.243	642	108	5	1030	1668	27038447	27039085	1.1e-154	549	GCA_036941785.1_ASM3694178v1_genomic
AT1G64255	CP138141.1	79.021	143	26	4	237	377	27037519	27037659	6.19e-18	95.3	GCA_036941785.1_ASM3694178v1_genomic
AT1G64260	CP138141.1	99.05	2738	23	1	1	2738	27033791	27036525	0	4909	GCA_036941785.1_ASM3694178v1_genomic
AT1G64260	CP138141.1	79.667	1623	287	33	891	2489	27031914	27033517	0	1129	GCA_036941785.1_ASM3694178v1_genomic
AT1G64260	CP138141.1	79.225	1651	314	24	843	2480	27024566	27026200	0	1122	GCA_036941785.1_ASM3694178v1_genomic
AT1G64260	CP138141.1	77.888	1610	317	31	891	2480	27027984	27029574	0	965	GCA_036941785.1_ASM3694178v1_genomic
AT1G64260	CP138141.1	77.968	758	134	21	30	781	27026985	27027715	6.5e-123	444	GCA_036941785.1_ASM3694178v1_genomic
AT1G64260	CP138141.1	83.402	241	33	7	2252	2489	21715888	21715652	1.54e-54	217	GCA_036941785.1_ASM3694178v1_genomic
AT1G49920	CP138146.1	99.929	2810	2	0	1	2810	21911283	21914092	0	5179	GCA_036941915.1_ASM3694191v1_genomic
AT1G49920	CP138146.1	75.783	1181	245	28	967	2142	27231445	27230301	2.32e-157	558	GCA_036941915.1_ASM3694191v1_genomic
AT1G64253	CP138146.1	96.333	2018	42	7	1	2016	27230950	27232937	0	3288	GCA_036941915.1_ASM3694191v1_genomic
AT1G64253	CP138146.1	78.182	935	167	30	52	967	27227616	27228532	1.41e-158	562	GCA_036941915.1_ASM3694191v1_genomic
AT1G64253	CP138146.1	83.924	423	66	2	100	521	27235907	27236328	9.06e-111	403	GCA_036941915.1_ASM3694191v1_genomic
AT1G64253	CP138146.1	79.167	504	95	7	1	496	21912750	21912249	7.2e-92	340	GCA_036941915.1_ASM3694191v1_genomic
AT1G64253	CP138146.1	81.731	208	30	7	2016	2220	20900484	20900686	1.29e-39	167	GCA_036941915.1_ASM3694191v1_genomic
AT1G64253	CP138146.1	80.769	208	32	7	2016	2220	20897697	20897899	2.8e-36	156	GCA_036941915.1_ASM3694191v1_genomic
AT1G64255	CP138146.1	91.508	2261	164	16	1	2253	27233292	27235532	0	3086	GCA_036941915.1_ASM3694191v1_genomic
AT1G64255	CP138146.1	82.862	1768	268	23	501	2253	27226871	27228618	0	1554	GCA_036941915.1_ASM3694191v1_genomic
AT1G64255	CP138146.1	77.217	1646	342	28	545	2177	27230301	27231926	0	931	GCA_036941915.1_ASM3694191v1_genomic
AT1G64260	CP138146.1	79.177	1652	314	25	843	2480	27226886	27228521	0	1118	GCA_036941915.1_ASM3694191v1_genomic
AT1G64260	CP138146.1	77.736	1608	321	30	891	2480	27230317	27231905	0	952	GCA_036941915.1_ASM3694191v1_genomic
AT1G64260	CP138146.1	78.421	760	129	23	30	781	27229307	27230039	1.82e-128	462	GCA_036941915.1_ASM3694191v1_genomic
AT1G64260	CP138146.1	83.402	241	33	7	2252	2489	21911984	21911748	1.57e-54	217	GCA_036941915.1_ASM3694191v1_genomic
AT1G49920	CP138151.1	99.929	2810	2	0	1	2810	21059870	21062679	0	5179	GCA_036941985.1_ASM3694198v1_genomic
AT1G49920	CP138151.1	75.826	1150	226	39	1002	2140	26431631	26430523	1.08e-150	536	GCA_036941985.1_ASM3694198v1_genomic
AT1G49920	CP138151.1	83.402	241	33	7	466	702	26442066	26441829	1.59e-54	217	GCA_036941985.1_ASM3694198v1_genomic
AT1G49920	CP138151.1	82.927	246	35	5	433	676	26435790	26435550	5.73e-54	215	GCA_036941985.1_ASM3694198v1_genomic
AT1G64253	CP138151.1	97.593	1994	40	4	1	1992	26434796	26436783	0	3410	GCA_036941985.1_ASM3694198v1_genomic
AT1G64253	CP138151.1	76.832	1092	213	29	1	1063	26431171	26432251	1.39e-163	579	GCA_036941985.1_ASM3694198v1_genomic
AT1G64253	CP138151.1	76.416	971	197	25	2	956	26441103	26442057	1.44e-138	496	GCA_036941985.1_ASM3694198v1_genomic
AT1G64253	CP138151.1	76.22	984	204	25	2	967	26438339	26439310	5.18e-138	494	GCA_036941985.1_ASM3694198v1_genomic
AT1G64253	CP138151.1	79.365	504	94	7	1	496	21061337	21060836	1.54e-93	346	GCA_036941985.1_ASM3694198v1_genomic
AT1G64253	CP138151.1	81.731	208	30	7	2016	2220	20070059	20070261	1.28e-39	167	GCA_036941985.1_ASM3694198v1_genomic
AT1G64253	CP138151.1	81.731	208	30	7	2016	2220	20072845	20073047	1.28e-39	167	GCA_036941985.1_ASM3694198v1_genomic
AT1G64255	CP138151.1	98.136	2253	27	1	1	2253	26437159	26439396	0	3914	GCA_036941985.1_ASM3694198v1_genomic
AT1G64255	CP138151.1	82.069	1701	271	16	501	2181	26430480	26432166	0	1421	GCA_036941985.1_ASM3694198v1_genomic
AT1G64255	CP138151.1	79.593	1622	290	33	561	2164	26440468	26442066	0	1123	GCA_036941985.1_ASM3694198v1_genomic
AT1G64255	CP138151.1	77.035	1646	347	26	545	2177	26434146	26435773	0	917	GCA_036941985.1_ASM3694198v1_genomic
AT1G64255	CP138151.1	82.243	642	108	5	1030	1668	26444237	26444875	1.11e-154	549	GCA_036941985.1_ASM3694198v1_genomic
AT1G64255	CP138151.1	86.503	163	14	8	2014	2172	26432670	26432828	2.8e-41	172	GCA_036941985.1_ASM3694198v1_genomic
AT1G64255	CP138151.1	79.72	143	25	4	237	377	26443309	26443449	1.34e-19	100	GCA_036941985.1_ASM3694198v1_genomic
AT1G64260	CP138151.1	99.123	2738	21	1	1	2738	26439581	26442315	0	4920	GCA_036941985.1_ASM3694198v1_genomic
AT1G64260	CP138151.1	79.506	1620	280	35	891	2489	26437719	26439307	0	1105	GCA_036941985.1_ASM3694198v1_genomic
AT1G64260	CP138151.1	78.712	1677	312	31	834	2483	26430486	26432144	0	1077	GCA_036941985.1_ASM3694198v1_genomic
AT1G64260	CP138151.1	77.191	1609	330	29	891	2480	26434162	26435752	0	904	GCA_036941985.1_ASM3694198v1_genomic
AT1G64260	CP138151.1	78.478	762	128	24	30	781	26433149	26433884	1.4e-129	466	GCA_036941985.1_ASM3694198v1_genomic
AT1G64260	CP138151.1	83.402	241	33	7	2252	2489	21060571	21060335	1.55e-54	217	GCA_036941985.1_ASM3694198v1_genomic
AT1G49920	CP138156.1	99.964	2810	1	0	1	2810	21630426	21633235	0	5184	GCA_036942075.1_ASM3694207v1_genomic
AT1G49920	CP138156.1	75.913	1150	225	39	1002	2140	26999491	26998383	2.33e-152	542	GCA_036942075.1_ASM3694207v1_genomic
AT1G49920	CP138156.1	83.333	240	35	5	466	702	27009978	27009741	1.6e-54	217	GCA_036942075.1_ASM3694207v1_genomic
AT1G49920	CP138156.1	82.927	246	35	5	433	676	27003733	27003493	5.76e-54	215	GCA_036942075.1_ASM3694207v1_genomic
AT1G64253	CP138156.1	97.558	1843	37	4	1	1842	27002741	27004576	0	3147	GCA_036942075.1_ASM3694207v1_genomic
AT1G64253	CP138156.1	76.519	971	196	25	2	956	27009015	27009969	3.11e-140	501	GCA_036942075.1_ASM3694207v1_genomic
AT1G64253	CP138156.1	75.992	983	208	23	2	967	27006257	27007228	1.13e-134	483	GCA_036942075.1_ASM3694207v1_genomic
AT1G64253	CP138156.1	79.365	504	94	7	1	496	21631893	21631392	1.54e-93	346	GCA_036942075.1_ASM3694207v1_genomic
AT1G64253	CP138156.1	99.107	112	1	0	1881	1992	27004575	27004686	3.53e-50	202	GCA_036942075.1_ASM3694207v1_genomic
AT1G64253	CP138156.1	81.731	208	30	7	2016	2220	20612903	20613105	1.29e-39	167	GCA_036942075.1_ASM3694207v1_genomic
AT1G64253	CP138156.1	81.25	208	31	7	2016	2220	20610116	20610318	5.99e-38	161	GCA_036942075.1_ASM3694207v1_genomic
AT1G64255	CP138156.1	98.358	2254	27	2	1	2253	27005061	27007305	0	3949	GCA_036942075.1_ASM3694207v1_genomic
AT1G64255	CP138156.1	82.011	1701	272	16	501	2181	26998340	27000026	0	1415	GCA_036942075.1_ASM3694207v1_genomic
AT1G64255	CP138156.1	79.729	1623	286	34	561	2164	27008380	27009978	0	1134	GCA_036942075.1_ASM3694207v1_genomic
AT1G64255	CP138156.1	77.11	1647	342	29	545	2177	27002091	27003716	0	920	GCA_036942075.1_ASM3694207v1_genomic
AT1G64255	CP138156.1	82.087	642	109	5	1030	1668	27012149	27012787	5.17e-153	544	GCA_036942075.1_ASM3694207v1_genomic
AT1G64255	CP138156.1	86.503	163	14	8	2014	2172	27000530	27000688	2.81e-41	172	GCA_036942075.1_ASM3694207v1_genomic
AT1G64255	CP138156.1	79.72	143	25	4	237	377	27011221	27011361	1.35e-19	100	GCA_036942075.1_ASM3694207v1_genomic
AT1G64260	CP138156.1	99.16	2738	23	0	1	2738	27007490	27010227	0	4929	GCA_036942075.1_ASM3694207v1_genomic
AT1G64260	CP138156.1	79.778	1622	287	32	891	2489	27005622	27007225	0	1140	GCA_036942075.1_ASM3694207v1_genomic
AT1G64260	CP138156.1	78.712	1677	312	31	834	2483	26998346	27000004	0	1077	GCA_036942075.1_ASM3694207v1_genomic
AT1G64260	CP138156.1	77.315	1609	326	31	891	2480	27002107	27003695	0	913	GCA_036942075.1_ASM3694207v1_genomic
AT1G64260	CP138156.1	78.534	764	124	26	30	781	27001094	27001829	1.4e-129	466	GCA_036942075.1_ASM3694207v1_genomic
AT1G64260	CP138156.1	83.402	241	33	7	2252	2489	21631127	21630891	1.56e-54	217	GCA_036942075.1_ASM3694207v1_genomic
AT1G49920	CP138161.1	98.541	2811	37	3	1	2810	20258864	20261671	0	4961	GCA_036942405.1_ASM3694240v1_genomic
AT1G49920	CP138161.1	76	1150	224	39	1002	2140	25652698	25651590	4.84e-154	547	GCA_036942405.1_ASM3694240v1_genomic
AT1G49920	CP138161.1	83.333	240	35	5	466	702	25663226	25662989	1.55e-54	217	GCA_036942405.1_ASM3694240v1_genomic
AT1G49920	CP138161.1	82.927	246	35	5	433	676	25656934	25656694	5.58e-54	215	GCA_036942405.1_ASM3694240v1_genomic
AT1G64253	CP138161.1	97.842	1993	36	3	1	1992	25655941	25657927	0	3435	GCA_036942405.1_ASM3694240v1_genomic
AT1G64253	CP138161.1	76.832	1092	213	29	1	1063	25652238	25653318	1.35e-163	579	GCA_036942405.1_ASM3694240v1_genomic
AT1G64253	CP138161.1	76.67	973	191	28	2	956	25662263	25663217	6.47e-142	507	GCA_036942405.1_ASM3694240v1_genomic
AT1G64253	CP138161.1	75.992	983	208	23	2	967	25659497	25660468	1.09e-134	483	GCA_036942405.1_ASM3694240v1_genomic
AT1G64253	CP138161.1	79.167	504	95	7	1	496	20260331	20259830	6.95e-92	340	GCA_036942405.1_ASM3694240v1_genomic
AT1G64253	CP138161.1	81.731	208	30	7	2016	2220	19285132	19285334	1.25e-39	167	GCA_036942405.1_ASM3694240v1_genomic
AT1G64253	CP138161.1	81.25	208	31	7	2016	2220	19282345	19282547	5.81e-38	161	GCA_036942405.1_ASM3694240v1_genomic
AT1G64255	CP138161.1	98.668	2253	30	0	1	2253	25658302	25660554	0	3995	GCA_036942405.1_ASM3694240v1_genomic
AT1G64255	CP138161.1	82.128	1701	270	16	501	2181	25651547	25653233	0	1426	GCA_036942405.1_ASM3694240v1_genomic
AT1G64255	CP138161.1	79.852	1623	283	34	561	2164	25661629	25663226	0	1146	GCA_036942405.1_ASM3694240v1_genomic
AT1G64255	CP138161.1	77.143	1645	346	25	545	2177	25655291	25656917	0	928	GCA_036942405.1_ASM3694240v1_genomic
AT1G64255	CP138161.1	82.243	642	108	5	1030	1668	25665396	25666034	1.08e-154	549	GCA_036942405.1_ASM3694240v1_genomic
AT1G64255	CP138161.1	86.25	160	20	2	2014	2172	25653736	25653894	2.72e-41	172	GCA_036942405.1_ASM3694240v1_genomic
AT1G64255	CP138161.1	79.72	143	25	4	237	377	25664468	25664608	1.3e-19	100	GCA_036942405.1_ASM3694240v1_genomic
AT1G64260	CP138161.1	99.343	2738	17	1	1	2738	25660739	25663475	0	4955	GCA_036942405.1_ASM3694240v1_genomic
AT1G64260	CP138161.1	79.655	1622	289	33	891	2489	25658862	25660465	0	1129	GCA_036942405.1_ASM3694240v1_genomic
AT1G64260	CP138161.1	78.831	1677	310	31	834	2483	25651553	25653211	0	1088	GCA_036942405.1_ASM3694240v1_genomic
AT1G64260	CP138161.1	77.363	1608	328	28	891	2480	25655307	25656896	0	920	GCA_036942405.1_ASM3694240v1_genomic
AT1G64260	CP138161.1	81.743	241	37	7	2252	2489	20259565	20259329	7.08e-48	195	GCA_036942405.1_ASM3694240v1_genomic
AT1G49920	CP138171.1	100	2810	0	0	1	2810	20311306	20314115	0	5190	GCA_036942435.1_ASM3694243v1_genomic
AT1G49920	CP138171.1	75.932	1180	246	29	967	2142	25622459	25621314	2.8e-161	571	GCA_036942435.1_ASM3694243v1_genomic
AT1G49920	CP138171.1	83.402	241	33	7	466	702	25629638	25629401	1.51e-54	217	GCA_036942435.1_ASM3694243v1_genomic
AT1G64253	CP138171.1	100	2220	0	0	1	2220	25621964	25624183	0	4100	GCA_036942435.1_ASM3694243v1_genomic
AT1G64253	CP138171.1	77.966	944	172	29	52	977	25618641	25619566	1.72e-157	558	GCA_036942435.1_ASM3694243v1_genomic
AT1G64253	CP138171.1	76.313	971	198	25	2	956	25628675	25629629	6.35e-137	490	GCA_036942435.1_ASM3694243v1_genomic
AT1G64253	CP138171.1	79.365	504	94	7	1	496	20312773	20312272	1.45e-93	346	GCA_036942435.1_ASM3694243v1_genomic
AT1G64253	CP138171.1	81.731	208	30	7	2016	2220	19297114	19297316	1.21e-39	167	GCA_036942435.1_ASM3694243v1_genomic
AT1G64253	CP138171.1	92.105	114	7	2	2107	2220	19294418	19294529	2.03e-37	159	GCA_036942435.1_ASM3694243v1_genomic
AT1G64255	CP138171.1	100	2253	0	0	1	2253	25624699	25626951	0	4161	GCA_036942435.1_ASM3694243v1_genomic
AT1G64255	CP138171.1	82.975	1768	265	23	501	2253	25617896	25619642	0	1565	GCA_036942435.1_ASM3694243v1_genomic
AT1G64255	CP138171.1	79.667	1623	287	34	561	2164	25628040	25629638	0	1129	GCA_036942435.1_ASM3694243v1_genomic
AT1G64255	CP138171.1	77.278	1646	342	27	545	2177	25621314	25622940	0	939	GCA_036942435.1_ASM3694243v1_genomic
AT1G64255	CP138171.1	82.243	642	108	5	1030	1668	25631810	25632448	1.05e-154	549	GCA_036942435.1_ASM3694243v1_genomic
AT1G64255	CP138171.1	79.72	143	25	4	237	377	25630882	25631022	1.27e-19	100	GCA_036942435.1_ASM3694243v1_genomic
AT1G64260	CP138171.1	100	2738	0	0	1	2738	25627150	25629887	0	5057	GCA_036942435.1_ASM3694243v1_genomic
AT1G64260	CP138171.1	79.667	1623	287	33	891	2489	25625259	25626862	0	1129	GCA_036942435.1_ASM3694243v1_genomic
AT1G64260	CP138171.1	79.104	1651	316	24	843	2480	25617911	25619545	0	1110	GCA_036942435.1_ASM3694243v1_genomic
AT1G64260	CP138171.1	77.792	1612	314	34	891	2480	25621330	25622919	0	953	GCA_036942435.1_ASM3694243v1_genomic
AT1G64260	CP138171.1	78.158	760	131	23	30	781	25620330	25621062	3.7e-125	451	GCA_036942435.1_ASM3694243v1_genomic
AT1G64260	CP138171.1	83.402	241	33	7	2252	2489	20312007	20311771	1.47e-54	217	GCA_036942435.1_ASM3694243v1_genomic
AT1G49920	CP138166.1	99.964	2810	1	0	1	2810	20633695	20636504	0	5184	GCA_036942445.1_ASM3694244v1_genomic
AT1G49920	CP138166.1	83.333	240	35	5	466	702	25939522	25939285	1.49e-54	217	GCA_036942445.1_ASM3694244v1_genomic
AT1G49920	CP138166.1	82.52	246	36	5	433	676	25933294	25933054	2.5e-52	209	GCA_036942445.1_ASM3694244v1_genomic
AT1G49920	CP138166.1	77.606	259	50	6	1002	1259	25929051	25928800	1.54e-34	150	GCA_036942445.1_ASM3694244v1_genomic
AT1G64253	CP138166.1	97.592	1993	40	4	1	1992	25932301	25934286	0	3408	GCA_036942445.1_ASM3694244v1_genomic
AT1G64253	CP138166.1	76.519	971	196	25	2	956	25938559	25939513	2.9e-140	501	GCA_036942445.1_ASM3694244v1_genomic
AT1G64253	CP138166.1	76.094	983	207	23	2	967	25935792	25936763	2.26e-136	488	GCA_036942445.1_ASM3694244v1_genomic
AT1G64253	CP138166.1	76.077	882	173	27	210	1063	25928800	25929671	1.8e-117	425	GCA_036942445.1_ASM3694244v1_genomic
AT1G64253	CP138166.1	79.365	504	94	7	1	496	20635162	20634661	1.44e-93	346	GCA_036942445.1_ASM3694244v1_genomic
AT1G64253	CP138166.1	92.982	114	6	2	2107	2220	19643020	19643131	4.33e-39	165	GCA_036942445.1_ASM3694244v1_genomic
AT1G64253	CP138166.1	80.769	208	32	7	2016	2220	19645716	19645918	2.6e-36	156	GCA_036942445.1_ASM3694244v1_genomic
AT1G64255	CP138166.1	98.327	1674	28	0	580	2253	25935176	25936849	0	2937	GCA_036942445.1_ASM3694244v1_genomic
AT1G64255	CP138166.1	79.791	1623	285	34	561	2164	25937924	25939522	0	1140	GCA_036942445.1_ASM3694244v1_genomic
AT1G64255	CP138166.1	98.667	525	7	0	1	525	25934653	25935177	0	931	GCA_036942445.1_ASM3694244v1_genomic
AT1G64255	CP138166.1	76.96	1645	348	26	545	2177	25931652	25933277	0	909	GCA_036942445.1_ASM3694244v1_genomic
AT1G64255	CP138166.1	82.087	642	109	5	1030	1668	25941693	25942331	4.83e-153	544	GCA_036942445.1_ASM3694244v1_genomic
AT1G64255	CP138166.1	77.75	800	143	18	1404	2181	25928800	25929586	1.8e-127	459	GCA_036942445.1_ASM3694244v1_genomic
AT1G64255	CP138166.1	86.503	163	14	8	2014	2172	25930090	25930248	2.62e-41	172	GCA_036942445.1_ASM3694244v1_genomic
AT1G64255	CP138166.1	79.72	143	25	4	237	377	25940765	25940905	1.26e-19	100	GCA_036942445.1_ASM3694244v1_genomic
AT1G64260	CP138166.1	99.123	2738	24	0	1	2738	25937034	25939771	0	4924	GCA_036942445.1_ASM3694244v1_genomic
AT1G64260	CP138166.1	79.463	1602	288	32	911	2489	25935177	25936760	0	1098	GCA_036942445.1_ASM3694244v1_genomic
AT1G64260	CP138166.1	77.052	1608	332	29	891	2480	25931668	25933256	0	891	GCA_036942445.1_ASM3694244v1_genomic
AT1G64260	CP138166.1	78.609	762	127	24	30	781	25930655	25931390	2.81e-131	472	GCA_036942445.1_ASM3694244v1_genomic
AT1G64260	CP138166.1	83.402	241	33	7	2252	2489	20634396	20634160	1.46e-54	217	GCA_036942445.1_ASM3694244v1_genomic
AT1G49920	CP138176.1	99.893	2810	3	0	1	2810	20966561	20969370	0	5173	GCA_036942575.1_ASM3694257v1_genomic
AT1G49920	CP138176.1	75.913	1150	225	39	1002	2140	26275115	26274007	2.28e-152	542	GCA_036942575.1_ASM3694257v1_genomic
AT1G49920	CP138176.1	82.927	246	35	5	433	676	26279358	26279118	5.63e-54	215	GCA_036942575.1_ASM3694257v1_genomic
AT1G49920	CP138176.1	79.167	240	34	9	466	702	26285592	26285366	4.48e-35	152	GCA_036942575.1_ASM3694257v1_genomic
AT1G64253	CP138176.1	97.45	1843	39	4	1	1842	26278366	26280201	0	3136	GCA_036942575.1_ASM3694257v1_genomic
AT1G64253	CP138176.1	75.992	983	208	23	2	967	26281882	26282853	1.1e-134	483	GCA_036942575.1_ASM3694257v1_genomic
AT1G64253	CP138176.1	75.695	971	193	27	2	956	26284640	26285583	1.45e-123	446	GCA_036942575.1_ASM3694257v1_genomic
AT1G64253	CP138176.1	79.249	506	91	9	1	496	20968028	20967527	7.02e-92	340	GCA_036942575.1_ASM3694257v1_genomic
AT1G64253	CP138176.1	99.107	112	1	0	1881	1992	26280200	26280311	3.46e-50	202	GCA_036942575.1_ASM3694257v1_genomic
AT1G64253	CP138176.1	81.731	208	30	7	2016	2220	19947990	19948192	1.26e-39	167	GCA_036942575.1_ASM3694257v1_genomic
AT1G64253	CP138176.1	92.105	114	7	2	2107	2220	19950143	19950254	2.11e-37	159	GCA_036942575.1_ASM3694257v1_genomic
AT1G64255	CP138176.1	98.358	2254	27	2	1	2253	26280686	26282930	0	3949	GCA_036942575.1_ASM3694257v1_genomic
AT1G64255	CP138176.1	82.011	1701	272	16	501	2181	26273964	26275650	0	1415	GCA_036942575.1_ASM3694257v1_genomic
AT1G64255	CP138176.1	79.408	1622	282	36	561	2164	26284005	26285592	0	1098	GCA_036942575.1_ASM3694257v1_genomic
AT1G64255	CP138176.1	77.11	1647	342	29	545	2177	26277716	26279341	0	920	GCA_036942575.1_ASM3694257v1_genomic
AT1G64255	CP138176.1	82.243	642	107	6	1030	1668	26287763	26288400	3.91e-154	547	GCA_036942575.1_ASM3694257v1_genomic
AT1G64255	CP138176.1	86.503	163	14	8	2014	2172	26276154	26276312	2.75e-41	172	GCA_036942575.1_ASM3694257v1_genomic
AT1G64255	CP138176.1	80.451	133	22	4	247	377	26286845	26286975	4.74e-19	99	GCA_036942575.1_ASM3694257v1_genomic
AT1G64260	CP138176.1	98.904	2738	19	1	1	2738	26283115	26285841	0	4879	GCA_036942575.1_ASM3694257v1_genomic
AT1G64260	CP138176.1	79.778	1622	287	32	891	2489	26281247	26282850	0	1140	GCA_036942575.1_ASM3694257v1_genomic
AT1G64260	CP138176.1	78.712	1677	312	31	834	2483	26273970	26275628	0	1077	GCA_036942575.1_ASM3694257v1_genomic
AT1G64260	CP138176.1	77.315	1609	326	31	891	2480	26277732	26279320	0	913	GCA_036942575.1_ASM3694257v1_genomic
AT1G64260	CP138176.1	83.402	241	33	7	2252	2489	20967262	20967026	1.53e-54	217	GCA_036942575.1_ASM3694257v1_genomic
AT1G49920	CP138181.1	99.644	2810	4	1	1	2810	20233473	20236276	0	5129	GCA_036942965.1_ASM3694296v1_genomic
AT1G49920	CP138181.1	75.868	1181	245	31	967	2142	25549106	25547961	1.36e-159	566	GCA_036942965.1_ASM3694296v1_genomic
AT1G49920	CP138181.1	83.333	240	35	5	466	702	25558415	25558178	1.58e-54	217	GCA_036942965.1_ASM3694296v1_genomic
AT1G64253	CP138181.1	99.685	2220	7	0	1	2220	25548611	25550830	0	4061	GCA_036942965.1_ASM3694296v1_genomic
AT1G64253	CP138181.1	78.178	944	170	29	52	977	25545289	25546214	8.27e-161	569	GCA_036942965.1_ASM3694296v1_genomic
AT1G64253	CP138181.1	76.416	971	197	24	2	956	25557452	25558406	1.42e-138	496	GCA_036942965.1_ASM3694296v1_genomic
AT1G64253	CP138181.1	75.992	983	208	23	2	967	25552541	25553512	1.11e-134	483	GCA_036942965.1_ASM3694296v1_genomic
AT1G64253	CP138181.1	79.365	504	94	7	1	496	20234934	20234433	1.52e-93	346	GCA_036942965.1_ASM3694296v1_genomic
AT1G64253	CP138181.1	81.731	208	30	7	2016	2220	19255231	19255433	1.27e-39	167	GCA_036942965.1_ASM3694296v1_genomic
AT1G64253	CP138181.1	92.982	114	6	2	2107	2220	19258107	19258218	4.56e-39	165	GCA_036942965.1_ASM3694296v1_genomic
AT1G64253	CP138182.1	99.024	205	2	0	2016	2220	7476723	7476519	3.24e-100	368	GCA_036942965.1_ASM3694296v1_genomic
AT1G64253	CP138182.1	99.024	205	2	0	2016	2220	7478912	7478708	3.24e-100	368	GCA_036942965.1_ASM3694296v1_genomic
AT1G64253	CP138182.1	99.024	205	2	0	2016	2220	7481100	7480896	3.24e-100	368	GCA_036942965.1_ASM3694296v1_genomic
AT1G64253	CP138182.1	99.024	205	2	0	2016	2220	7482405	7482201	3.24e-100	368	GCA_036942965.1_ASM3694296v1_genomic
AT1G64253	CP138185.1	81.731	208	30	7	2016	2220	19438531	19438329	1.27e-39	167	GCA_036942965.1_ASM3694296v1_genomic
AT1G64255	CP138181.1	98.358	2253	28	1	1	2253	25551346	25553589	0	3947	GCA_036942965.1_ASM3694296v1_genomic
AT1G64255	CP138181.1	82.852	1767	269	22	501	2253	25544544	25546290	0	1554	GCA_036942965.1_ASM3694296v1_genomic
AT1G64255	CP138181.1	79.791	1623	285	34	561	2164	25556817	25558415	0	1140	GCA_036942965.1_ASM3694296v1_genomic
AT1G64255	CP138181.1	77.157	1646	344	27	545	2177	25547961	25549587	0	928	GCA_036942965.1_ASM3694296v1_genomic
AT1G64255	CP138181.1	82.087	642	108	6	1030	1668	25560586	25561223	1.83e-152	542	GCA_036942965.1_ASM3694296v1_genomic
AT1G64255	CP138181.1	80.451	133	22	4	247	377	25559668	25559798	4.76e-19	99	GCA_036942965.1_ASM3694296v1_genomic
AT1G64260	CP138181.1	99.343	2738	18	0	1	2738	25555927	25558664	0	4957	GCA_036942965.1_ASM3694296v1_genomic
AT1G64260	CP138181.1	79.716	1622	288	32	891	2489	25551906	25553509	0	1134	GCA_036942965.1_ASM3694296v1_genomic
AT1G64260	CP138181.1	79.164	1651	315	24	843	2480	25544559	25546193	0	1116	GCA_036942965.1_ASM3694296v1_genomic
AT1G64260	CP138181.1	77.688	1609	321	30	891	2480	25547977	25549566	0	948	GCA_036942965.1_ASM3694296v1_genomic
AT1G64260	CP138181.1	77.441	758	138	22	30	781	25546978	25547708	3.03e-116	422	GCA_036942965.1_ASM3694296v1_genomic
AT1G64260	CP138181.1	83.402	241	33	7	2252	2489	20234168	20233932	1.53e-54	217	GCA_036942965.1_ASM3694296v1_genomic
AT1G49920	CP138186.1	99.893	2810	3	0	1	2810	20276226	20279035	0	5173	GCA_036942975.1_ASM3694297v1_genomic
AT1G49920	CP138186.1	75.635	1182	247	28	967	2142	25632915	25631769	1.3e-154	549	GCA_036942975.1_ASM3694297v1_genomic
AT1G49920	CP138186.1	82.927	246	35	5	433	676	25633413	25633173	5.38e-54	215	GCA_036942975.1_ASM3694297v1_genomic
AT1G64253	CP138186.1	96.482	2018	38	8	1	2016	25632419	25634405	0	3302	GCA_036942975.1_ASM3694297v1_genomic
AT1G64253	CP138186.1	78.178	944	170	29	52	977	25629085	25630010	7.86e-161	569	GCA_036942975.1_ASM3694297v1_genomic
AT1G64253	CP138186.1	83.924	423	66	2	100	521	25637375	25637796	8.43e-111	403	GCA_036942975.1_ASM3694297v1_genomic
AT1G64253	CP138186.1	79.365	504	94	7	1	496	20277693	20277192	1.44e-93	346	GCA_036942975.1_ASM3694297v1_genomic
AT1G64253	CP138186.1	81.731	208	30	7	2016	2220	19277200	19277402	1.2e-39	167	GCA_036942975.1_ASM3694297v1_genomic
AT1G64253	CP138186.1	80.769	208	32	7	2016	2220	19274414	19274616	2.61e-36	156	GCA_036942975.1_ASM3694297v1_genomic
AT1G64255	CP138186.1	91.46	2260	167	14	1	2253	25634760	25637000	0	3081	GCA_036942975.1_ASM3694297v1_genomic
AT1G64255	CP138186.1	82.965	1767	267	22	501	2253	25628340	25630086	0	1565	GCA_036942975.1_ASM3694297v1_genomic
AT1G64255	CP138186.1	77.353	1647	340	28	545	2177	25631769	25633396	0	944	GCA_036942975.1_ASM3694297v1_genomic
AT1G64260	CP138186.1	79.225	1651	314	24	843	2480	25628355	25629989	0	1122	GCA_036942975.1_ASM3694297v1_genomic
AT1G64260	CP138186.1	77.854	1612	314	34	891	2480	25631785	25633375	0	959	GCA_036942975.1_ASM3694297v1_genomic
AT1G64260	CP138186.1	78.421	760	129	23	30	781	25630775	25631507	1.7e-128	462	GCA_036942975.1_ASM3694297v1_genomic
AT1G64260	CP138186.1	83.402	241	33	7	2252	2489	20276927	20276691	1.46e-54	217	GCA_036942975.1_ASM3694297v1_genomic
AT1G49920	OX291429.1	99.929	2810	2	0	1	2810	20191026	20193835	0	5179	GCA_946402385.1_AUZE-A-5.PacbioHiFiAssembly_genomic
AT1G49920	OX291429.1	75.932	1180	246	29	967	2142	25491426	25490281	2.92e-161	571	GCA_946402385.1_AUZE-A-5.PacbioHiFiAssembly_genomic
AT1G49920	OX291429.1	83.333	240	35	5	466	702	25498590	25498353	1.57e-54	217	GCA_946402385.1_AUZE-A-5.PacbioHiFiAssembly_genomic
AT1G64253	OX291429.1	99.865	2220	3	0	1	2220	25490931	25493150	0	4084	GCA_946402385.1_AUZE-A-5.PacbioHiFiAssembly_genomic
AT1G64253	OX291429.1	78.178	944	170	29	52	977	25487609	25488534	8.26e-161	569	GCA_946402385.1_AUZE-A-5.PacbioHiFiAssembly_genomic
AT1G64253	OX291429.1	76.519	971	195	26	2	956	25497628	25498581	1.1e-139	499	GCA_946402385.1_AUZE-A-5.PacbioHiFiAssembly_genomic
AT1G64253	OX291429.1	79.365	504	94	7	1	496	20192493	20191992	1.52e-93	346	GCA_946402385.1_AUZE-A-5.PacbioHiFiAssembly_genomic
AT1G64253	OX291429.1	81.731	208	30	7	2016	2220	19200309	19200511	1.27e-39	167	GCA_946402385.1_AUZE-A-5.PacbioHiFiAssembly_genomic
AT1G64255	OX291429.1	99.867	2253	3	0	1	2253	25493666	25495918	0	4145	GCA_946402385.1_AUZE-A-5.PacbioHiFiAssembly_genomic
AT1G64255	OX291429.1	82.909	1767	268	22	501	2253	25486864	25488610	0	1559	GCA_946402385.1_AUZE-A-5.PacbioHiFiAssembly_genomic
AT1G64255	OX291429.1	79.852	1623	283	35	561	2164	25496993	25498590	0	1146	GCA_946402385.1_AUZE-A-5.PacbioHiFiAssembly_genomic
AT1G64255	OX291429.1	77.278	1646	342	27	545	2177	25490281	25491907	0	939	GCA_946402385.1_AUZE-A-5.PacbioHiFiAssembly_genomic
AT1G64255	OX291429.1	82.243	642	108	5	1030	1668	25499818	25500456	1.09e-154	549	GCA_946402385.1_AUZE-A-5.PacbioHiFiAssembly_genomic
AT1G64260	OX291429.1	99.379	2738	16	1	1	2738	25496103	25498839	0	4961	GCA_946402385.1_AUZE-A-5.PacbioHiFiAssembly_genomic
AT1G64260	OX291429.1	79.667	1623	287	33	891	2489	25494226	25495829	0	1129	GCA_946402385.1_AUZE-A-5.PacbioHiFiAssembly_genomic
AT1G64260	OX291429.1	79.164	1651	315	24	843	2480	25486879	25488513	0	1116	GCA_946402385.1_AUZE-A-5.PacbioHiFiAssembly_genomic
AT1G64260	OX291429.1	77.792	1612	314	34	891	2480	25490297	25491886	0	953	GCA_946402385.1_AUZE-A-5.PacbioHiFiAssembly_genomic
AT1G64260	OX291429.1	77.836	758	135	21	30	781	25489298	25490028	3.01e-121	438	GCA_946402385.1_AUZE-A-5.PacbioHiFiAssembly_genomic
AT1G64260	OX291429.1	83.402	241	33	7	2252	2489	20191727	20191491	1.53e-54	217	GCA_946402385.1_AUZE-A-5.PacbioHiFiAssembly_genomic
AT1G49920	OX291436.1	99.929	2810	2	0	1	2810	20431350	20434159	0	5179	GCA_946403025.1_FERR-A-8.PacbioHiFiAssembly_genomic
AT1G49920	OX291436.1	75.614	1181	248	27	967	2142	25758485	25757340	1.4e-154	549	GCA_946403025.1_FERR-A-8.PacbioHiFiAssembly_genomic
AT1G49920	OX291436.1	82.927	246	35	5	433	676	25758983	25758743	5.8e-54	215	GCA_946403025.1_FERR-A-8.PacbioHiFiAssembly_genomic
AT1G64253	OX291436.1	96.529	2017	39	6	1	2016	25757990	25759976	0	3308	GCA_946403025.1_FERR-A-8.PacbioHiFiAssembly_genomic
AT1G64253	OX291436.1	78.095	945	170	30	52	977	25754654	25755580	3.94e-159	564	GCA_946403025.1_FERR-A-8.PacbioHiFiAssembly_genomic
AT1G64253	OX291436.1	83.924	423	66	2	100	521	25762946	25763367	9.09e-111	403	GCA_946403025.1_FERR-A-8.PacbioHiFiAssembly_genomic
AT1G64253	OX291436.1	79.365	504	94	7	1	496	20432817	20432316	1.55e-93	346	GCA_946403025.1_FERR-A-8.PacbioHiFiAssembly_genomic
AT1G64253	OX291436.1	81.731	208	30	7	2016	2220	19433986	19434188	1.3e-39	167	GCA_946403025.1_FERR-A-8.PacbioHiFiAssembly_genomic
AT1G64253	OX291436.1	92.982	114	6	2	2107	2220	19436864	19436975	4.67e-39	165	GCA_946403025.1_FERR-A-8.PacbioHiFiAssembly_genomic
AT1G64255	OX291436.1	91.46	2260	167	14	1	2253	25760331	25762571	0	3081	GCA_946403025.1_FERR-A-8.PacbioHiFiAssembly_genomic
AT1G64255	OX291436.1	82.975	1768	266	23	501	2253	25753909	25755656	0	1565	GCA_946403025.1_FERR-A-8.PacbioHiFiAssembly_genomic
AT1G64255	OX291436.1	77.4	1646	340	27	545	2177	25757340	25758966	0	950	GCA_946403025.1_FERR-A-8.PacbioHiFiAssembly_genomic
AT1G64260	OX291436.1	79.237	1652	313	25	843	2480	25753924	25755559	0	1123	GCA_946403025.1_FERR-A-8.PacbioHiFiAssembly_genomic
AT1G64260	OX291436.1	77.861	1608	320	29	891	2480	25757356	25758945	0	965	GCA_946403025.1_FERR-A-8.PacbioHiFiAssembly_genomic
AT1G64260	OX291436.1	82.988	241	34	7	2252	2489	20432051	20431815	7.31e-53	211	GCA_946403025.1_FERR-A-8.PacbioHiFiAssembly_genomic
AT1G49920	OX291450.1	99.929	2810	2	0	1	2810	19943661	19946470	0	5179	GCA_946403525.1_BELC-C-10.PacbioHiFiAssembly_genomic
AT1G49920	OX291450.1	75.932	1180	246	29	967	2142	25341435	25340290	2.92e-161	571	GCA_946403525.1_BELC-C-10.PacbioHiFiAssembly_genomic
AT1G49920	OX291450.1	83.333	240	35	5	466	702	25348614	25348377	1.58e-54	217	GCA_946403525.1_BELC-C-10.PacbioHiFiAssembly_genomic
AT1G64253	OX291450.1	99.91	2220	2	0	1	2220	25340940	25343159	0	4089	GCA_946403525.1_BELC-C-10.PacbioHiFiAssembly_genomic
AT1G64253	OX291450.1	78.072	944	171	29	52	977	25337619	25338544	3.86e-159	564	GCA_946403525.1_BELC-C-10.PacbioHiFiAssembly_genomic
AT1G64253	OX291450.1	76.519	971	196	25	2	956	25347651	25348605	3.07e-140	501	GCA_946403525.1_BELC-C-10.PacbioHiFiAssembly_genomic
AT1G64253	OX291450.1	79.365	504	94	7	1	496	19945128	19944627	1.52e-93	346	GCA_946403525.1_BELC-C-10.PacbioHiFiAssembly_genomic
AT1G64253	OX291450.1	81.731	208	30	7	2016	2220	18963432	18963634	1.27e-39	167	GCA_946403525.1_BELC-C-10.PacbioHiFiAssembly_genomic
AT1G64253	OX291450.1	81.25	208	31	7	2016	2220	18960643	18960845	5.91e-38	161	GCA_946403525.1_BELC-C-10.PacbioHiFiAssembly_genomic
AT1G64255	OX291450.1	99.822	2253	4	0	1	2253	25343675	25345927	0	4139	GCA_946403525.1_BELC-C-10.PacbioHiFiAssembly_genomic
AT1G64255	OX291450.1	82.965	1767	267	22	501	2253	25336874	25338620	0	1565	GCA_946403525.1_BELC-C-10.PacbioHiFiAssembly_genomic
AT1G64255	OX291450.1	79.852	1623	284	34	561	2164	25347016	25348614	0	1146	GCA_946403525.1_BELC-C-10.PacbioHiFiAssembly_genomic
AT1G64255	OX291450.1	77.278	1646	342	27	545	2177	25340290	25341916	0	939	GCA_946403525.1_BELC-C-10.PacbioHiFiAssembly_genomic
AT1G64255	OX291450.1	82.215	641	108	5	1030	1667	25350785	25351422	3.94e-154	547	GCA_946403525.1_BELC-C-10.PacbioHiFiAssembly_genomic
AT1G64255	OX291450.1	79.72	143	25	4	237	377	25349857	25349997	1.33e-19	100	GCA_946403525.1_BELC-C-10.PacbioHiFiAssembly_genomic
AT1G64260	OX291450.1	99.817	2738	5	0	1	2738	25346126	25348863	0	5029	GCA_946403525.1_BELC-C-10.PacbioHiFiAssembly_genomic
AT1G64260	OX291450.1	79.593	1622	290	31	891	2489	25344235	25345838	0	1123	GCA_946403525.1_BELC-C-10.PacbioHiFiAssembly_genomic
AT1G64260	OX291450.1	79.164	1651	315	24	843	2480	25336889	25338523	0	1116	GCA_946403525.1_BELC-C-10.PacbioHiFiAssembly_genomic
AT1G64260	OX291450.1	77.792	1612	314	34	891	2480	25340306	25341895	0	953	GCA_946403525.1_BELC-C-10.PacbioHiFiAssembly_genomic
AT1G64260	OX291450.1	77.675	757	137	22	30	781	25339308	25340037	1.4e-119	433	GCA_946403525.1_BELC-C-10.PacbioHiFiAssembly_genomic
AT1G64260	OX291450.1	83.402	241	33	7	2252	2489	19944362	19944126	1.54e-54	217	GCA_946403525.1_BELC-C-10.PacbioHiFiAssembly_genomic
AT1G49920	OX291455.1	99.893	2810	3	0	1	2810	21066133	21068942	0	5173	GCA_946404075.1_ANGE-B-10.PacbioHiFiAssembly_genomic
AT1G49920	OX291455.1	75.699	1181	246	28	967	2142	26451139	26449995	1.07e-155	553	GCA_946404075.1_ANGE-B-10.PacbioHiFiAssembly_genomic
AT1G49920	OX291455.1	82.927	246	35	5	433	676	26451637	26451397	5.75e-54	215	GCA_946404075.1_ANGE-B-10.PacbioHiFiAssembly_genomic
AT1G64253	OX291455.1	96.43	2017	41	11	1	2016	26450644	26452630	0	3297	GCA_946404075.1_ANGE-B-10.PacbioHiFiAssembly_genomic
AT1G64253	OX291455.1	78.178	944	170	29	52	977	26447311	26448236	8.39e-161	569	GCA_946404075.1_ANGE-B-10.PacbioHiFiAssembly_genomic
AT1G64253	OX291455.1	83.924	423	66	2	100	521	26455600	26456021	9e-111	403	GCA_946404075.1_ANGE-B-10.PacbioHiFiAssembly_genomic
AT1G64253	OX291455.1	79.365	504	94	7	1	496	21067600	21067099	1.54e-93	346	GCA_946404075.1_ANGE-B-10.PacbioHiFiAssembly_genomic
AT1G64253	OX291455.1	81.731	208	30	7	2016	2220	20092790	20092992	1.29e-39	167	GCA_946404075.1_ANGE-B-10.PacbioHiFiAssembly_genomic
AT1G64253	OX291455.1	81.731	208	30	7	2016	2220	20095575	20095777	1.29e-39	167	GCA_946404075.1_ANGE-B-10.PacbioHiFiAssembly_genomic
AT1G64255	OX291455.1	91.504	2260	166	14	1	2253	26452985	26455225	0	3086	GCA_946404075.1_ANGE-B-10.PacbioHiFiAssembly_genomic
AT1G64255	OX291455.1	82.965	1767	267	22	501	2253	26446566	26448312	0	1565	GCA_946404075.1_ANGE-B-10.PacbioHiFiAssembly_genomic
AT1G64255	OX291455.1	77.339	1646	340	28	545	2177	26449995	26451620	0	942	GCA_946404075.1_ANGE-B-10.PacbioHiFiAssembly_genomic
AT1G64260	OX291455.1	79.225	1651	314	24	843	2480	26446581	26448215	0	1122	GCA_946404075.1_ANGE-B-10.PacbioHiFiAssembly_genomic
AT1G64260	OX291455.1	77.799	1608	320	30	891	2480	26450011	26451599	0	957	GCA_946404075.1_ANGE-B-10.PacbioHiFiAssembly_genomic
AT1G64260	OX291455.1	78.421	760	129	23	30	781	26449001	26449733	1.81e-128	462	GCA_946404075.1_ANGE-B-10.PacbioHiFiAssembly_genomic
AT1G64260	OX291455.1	83.402	241	33	7	2252	2489	21066834	21066598	1.56e-54	217	GCA_946404075.1_ANGE-B-10.PacbioHiFiAssembly_genomic
AT1G49920	OX291460.1	99.929	2810	2	0	1	2810	21686625	21689434	0	5179	GCA_946404385.1_BARA-C-5.PacbioHiFiAssembly_genomic
AT1G49920	OX291460.1	75.979	1149	224	35	1002	2140	26970600	26969494	1.8e-153	545	GCA_946404385.1_BARA-C-5.PacbioHiFiAssembly_genomic
AT1G49920	OX291460.1	83.333	240	35	5	466	702	26981070	26980833	1.6e-54	217	GCA_946404385.1_BARA-C-5.PacbioHiFiAssembly_genomic
AT1G49920	OX291460.1	82.52	246	36	5	433	676	26974842	26974602	2.68e-52	209	GCA_946404385.1_BARA-C-5.PacbioHiFiAssembly_genomic
AT1G64253	OX291460.1	97.592	1993	40	4	1	1992	26973849	26975834	0	3408	GCA_946404385.1_BARA-C-5.PacbioHiFiAssembly_genomic
AT1G64253	OX291460.1	76.832	1092	213	29	1	1063	26970140	26971220	1.4e-163	579	GCA_946404385.1_BARA-C-5.PacbioHiFiAssembly_genomic
AT1G64253	OX291460.1	76.519	971	196	25	2	956	26980107	26981061	3.11e-140	501	GCA_946404385.1_BARA-C-5.PacbioHiFiAssembly_genomic
AT1G64253	OX291460.1	76.094	983	207	23	2	967	26977340	26978311	2.42e-136	488	GCA_946404385.1_BARA-C-5.PacbioHiFiAssembly_genomic
AT1G64253	OX291460.1	79.365	504	94	7	1	496	21688092	21687591	1.54e-93	346	GCA_946404385.1_BARA-C-5.PacbioHiFiAssembly_genomic
AT1G64253	OX291460.1	81.731	208	29	8	2016	2220	20707065	20707266	4.64e-39	165	GCA_946404385.1_BARA-C-5.PacbioHiFiAssembly_genomic
AT1G64253	OX291460.1	81.25	208	31	7	2016	2220	20704278	20704480	6e-38	161	GCA_946404385.1_BARA-C-5.PacbioHiFiAssembly_genomic
AT1G64255	OX291460.1	98.327	1674	28	0	580	2253	26976724	26978397	0	2937	GCA_946404385.1_BARA-C-5.PacbioHiFiAssembly_genomic
AT1G64255	OX291460.1	82.011	1701	270	18	501	2181	26969451	26971135	0	1413	GCA_946404385.1_BARA-C-5.PacbioHiFiAssembly_genomic
AT1G64255	OX291460.1	79.791	1623	285	34	561	2164	26979472	26981070	0	1140	GCA_946404385.1_BARA-C-5.PacbioHiFiAssembly_genomic
AT1G64255	OX291460.1	98.476	525	8	0	1	525	26976201	26976725	0	926	GCA_946404385.1_BARA-C-5.PacbioHiFiAssembly_genomic
AT1G64255	OX291460.1	76.96	1645	348	26	545	2177	26973200	26974825	0	909	GCA_946404385.1_BARA-C-5.PacbioHiFiAssembly_genomic
AT1G64255	OX291460.1	82.243	642	108	5	1030	1668	26983241	26983879	1.11e-154	549	GCA_946404385.1_BARA-C-5.PacbioHiFiAssembly_genomic
AT1G64255	OX291460.1	86.503	163	14	8	2014	2172	26971639	26971797	2.82e-41	172	GCA_946404385.1_BARA-C-5.PacbioHiFiAssembly_genomic
AT1G64255	OX291460.1	79.72	143	25	4	237	377	26982313	26982453	1.35e-19	100	GCA_946404385.1_BARA-C-5.PacbioHiFiAssembly_genomic
AT1G64260	OX291460.1	99.123	2738	24	0	1	2738	26978582	26981319	0	4924	GCA_946404385.1_BARA-C-5.PacbioHiFiAssembly_genomic
AT1G64260	OX291460.1	79.463	1602	288	32	911	2489	26976725	26978308	0	1098	GCA_946404385.1_BARA-C-5.PacbioHiFiAssembly_genomic
AT1G64260	OX291460.1	78.772	1677	309	33	834	2483	26969457	26971113	0	1081	GCA_946404385.1_BARA-C-5.PacbioHiFiAssembly_genomic
AT1G64260	OX291460.1	77.052	1608	332	29	891	2480	26973216	26974804	0	891	GCA_946404385.1_BARA-C-5.PacbioHiFiAssembly_genomic
AT1G64260	OX291460.1	78.609	762	127	24	30	781	26972203	26972938	3.02e-131	472	GCA_946404385.1_BARA-C-5.PacbioHiFiAssembly_genomic
AT1G64260	OX291460.1	83.402	241	33	7	2252	2489	21687326	21687090	1.56e-54	217	GCA_946404385.1_BARA-C-5.PacbioHiFiAssembly_genomic
AT1G49920	OX291465.1	99.929	2810	2	0	1	2810	20828822	20831631	0	5179	GCA_946404515.1_IP-San-9.PacbioHiFiAssembly_genomic
AT1G49920	OX291465.1	75.614	1181	248	27	967	2142	26196904	26195759	1.41e-154	549	GCA_946404515.1_IP-San-9.PacbioHiFiAssembly_genomic
AT1G49920	OX291465.1	82.927	246	35	5	433	676	26197402	26197162	5.86e-54	215	GCA_946404515.1_IP-San-9.PacbioHiFiAssembly_genomic
AT1G64253	OX291465.1	96.529	2017	39	6	1	2016	26196409	26198395	0	3308	GCA_946404515.1_IP-San-9.PacbioHiFiAssembly_genomic
AT1G64253	OX291465.1	78.095	945	170	30	52	977	26193073	26193999	3.98e-159	564	GCA_946404515.1_IP-San-9.PacbioHiFiAssembly_genomic
AT1G64253	OX291465.1	83.924	423	66	2	100	521	26201365	26201786	9.18e-111	403	GCA_946404515.1_IP-San-9.PacbioHiFiAssembly_genomic
AT1G64253	OX291465.1	79.167	504	95	7	1	496	20830289	20829788	7.3e-92	340	GCA_946404515.1_IP-San-9.PacbioHiFiAssembly_genomic
AT1G64253	OX291465.1	81.731	208	30	7	2016	2220	19799736	19799938	1.31e-39	167	GCA_946404515.1_IP-San-9.PacbioHiFiAssembly_genomic
AT1G64253	OX291465.1	81.25	208	31	7	2016	2220	19796949	19797151	6.1e-38	161	GCA_946404515.1_IP-San-9.PacbioHiFiAssembly_genomic
AT1G64255	OX291465.1	91.46	2260	167	14	1	2253	26198750	26200990	0	3081	GCA_946404515.1_IP-San-9.PacbioHiFiAssembly_genomic
AT1G64255	OX291465.1	82.975	1768	266	23	501	2253	26192328	26194075	0	1565	GCA_946404515.1_IP-San-9.PacbioHiFiAssembly_genomic
AT1G64255	OX291465.1	77.4	1646	340	27	545	2177	26195759	26197385	0	950	GCA_946404515.1_IP-San-9.PacbioHiFiAssembly_genomic
AT1G64260	OX291465.1	79.237	1652	313	25	843	2480	26192343	26193978	0	1123	GCA_946404515.1_IP-San-9.PacbioHiFiAssembly_genomic
AT1G64260	OX291465.1	77.861	1608	320	29	891	2480	26195775	26197364	0	965	GCA_946404515.1_IP-San-9.PacbioHiFiAssembly_genomic
AT1G64260	OX291465.1	83.402	241	33	7	2252	2489	20829523	20829287	1.59e-54	217	GCA_946404515.1_IP-San-9.PacbioHiFiAssembly_genomic
AT1G49920	OX291481.1	99.929	2810	2	0	1	2810	21394983	21397792	0	5179	GCA_946404995.1_BANI-C-1.PacbioHiFiAssembly_genomic
AT1G49920	OX291481.1	75.932	1180	246	29	967	2142	26875060	26873915	2.9e-161	571	GCA_946404995.1_BANI-C-1.PacbioHiFiAssembly_genomic
AT1G49920	OX291481.1	83.402	241	33	7	466	702	26882239	26882002	1.57e-54	217	GCA_946404995.1_BANI-C-1.PacbioHiFiAssembly_genomic
AT1G64253	OX291481.1	100	2220	0	0	1	2220	26874565	26876784	0	4100	GCA_946404995.1_BANI-C-1.PacbioHiFiAssembly_genomic
AT1G64253	OX291481.1	77.966	944	172	29	52	977	26871239	26872164	1.78e-157	558	GCA_946404995.1_BANI-C-1.PacbioHiFiAssembly_genomic
AT1G64253	OX291481.1	76.313	971	198	25	2	956	26881276	26882230	6.58e-137	490	GCA_946404995.1_BANI-C-1.PacbioHiFiAssembly_genomic
AT1G64253	OX291481.1	79.365	504	94	7	1	496	21396450	21395949	1.51e-93	346	GCA_946404995.1_BANI-C-1.PacbioHiFiAssembly_genomic
AT1G64253	OX291481.1	81.731	208	30	7	2016	2220	20392210	20392412	1.26e-39	167	GCA_946404995.1_BANI-C-1.PacbioHiFiAssembly_genomic
AT1G64253	OX291481.1	81.25	208	31	7	2016	2220	20389423	20389625	5.86e-38	161	GCA_946404995.1_BANI-C-1.PacbioHiFiAssembly_genomic
AT1G64255	OX291481.1	100	2253	0	0	1	2253	26877300	26879552	0	4161	GCA_946404995.1_BANI-C-1.PacbioHiFiAssembly_genomic
AT1G64255	OX291481.1	82.975	1768	265	23	501	2253	26870494	26872240	0	1565	GCA_946404995.1_BANI-C-1.PacbioHiFiAssembly_genomic
AT1G64255	OX291481.1	79.667	1623	287	34	561	2164	26880641	26882239	0	1129	GCA_946404995.1_BANI-C-1.PacbioHiFiAssembly_genomic
AT1G64255	OX291481.1	77.278	1646	342	27	545	2177	26873915	26875541	0	939	GCA_946404995.1_BANI-C-1.PacbioHiFiAssembly_genomic
AT1G64255	OX291481.1	82.243	642	108	5	1030	1668	26884411	26885049	1.09e-154	549	GCA_946404995.1_BANI-C-1.PacbioHiFiAssembly_genomic
AT1G64255	OX291481.1	79.72	143	25	4	237	377	26883483	26883623	1.32e-19	100	GCA_946404995.1_BANI-C-1.PacbioHiFiAssembly_genomic
AT1G64260	OX291481.1	100	2738	0	0	1	2738	26879751	26882488	0	5057	GCA_946404995.1_BANI-C-1.PacbioHiFiAssembly_genomic
AT1G64260	OX291481.1	79.667	1623	287	33	891	2489	26877860	26879463	0	1129	GCA_946404995.1_BANI-C-1.PacbioHiFiAssembly_genomic
AT1G64260	OX291481.1	79.104	1651	316	24	843	2480	26870509	26872143	0	1110	GCA_946404995.1_BANI-C-1.PacbioHiFiAssembly_genomic
AT1G64260	OX291481.1	77.792	1612	314	34	891	2480	26873931	26875520	0	953	GCA_946404995.1_BANI-C-1.PacbioHiFiAssembly_genomic
AT1G64260	OX291481.1	78.158	760	131	23	30	781	26872931	26873663	3.84e-125	451	GCA_946404995.1_BANI-C-1.PacbioHiFiAssembly_genomic
AT1G64260	OX291481.1	83.402	241	33	7	2252	2489	21395684	21395448	1.52e-54	217	GCA_946404995.1_BANI-C-1.PacbioHiFiAssembly_genomic
AT1G49920	OX291486.1	99.964	2810	1	0	1	2810	19915723	19918532	0	5184	GCA_946405265.1_IP-Met-6.PacbioHiFiAssembly_genomic
AT1G49920	OX291486.1	75.932	1180	246	29	967	2142	25206599	25205454	3.03e-161	571	GCA_946405265.1_IP-Met-6.PacbioHiFiAssembly_genomic
AT1G49920	OX291486.1	83.402	241	33	7	466	702	25213778	25213541	1.63e-54	217	GCA_946405265.1_IP-Met-6.PacbioHiFiAssembly_genomic
AT1G64253	OX291486.1	100	2220	0	0	1	2220	25206104	25208323	0	4100	GCA_946405265.1_IP-Met-6.PacbioHiFiAssembly_genomic
AT1G64253	OX291486.1	77.966	944	172	29	52	977	25202781	25203706	1.86e-157	558	GCA_946405265.1_IP-Met-6.PacbioHiFiAssembly_genomic
AT1G64253	OX291486.1	76.313	971	198	25	2	956	25212815	25213769	6.87e-137	490	GCA_946405265.1_IP-Met-6.PacbioHiFiAssembly_genomic
AT1G64253	OX291486.1	79.365	504	94	7	1	496	19917190	19916689	1.57e-93	346	GCA_946405265.1_IP-Met-6.PacbioHiFiAssembly_genomic
AT1G64253	OX291486.1	81.731	208	30	7	2016	2220	18913023	18913225	1.31e-39	167	GCA_946405265.1_IP-Met-6.PacbioHiFiAssembly_genomic
AT1G64253	OX291486.1	81.25	208	31	7	2016	2220	18910236	18910438	6.12e-38	161	GCA_946405265.1_IP-Met-6.PacbioHiFiAssembly_genomic
AT1G64255	OX291486.1	100	2253	0	0	1	2253	25208839	25211091	0	4161	GCA_946405265.1_IP-Met-6.PacbioHiFiAssembly_genomic
AT1G64255	OX291486.1	82.975	1768	265	23	501	2253	25202036	25203782	0	1565	GCA_946405265.1_IP-Met-6.PacbioHiFiAssembly_genomic
AT1G64255	OX291486.1	79.667	1623	287	34	561	2164	25212180	25213778	0	1129	GCA_946405265.1_IP-Met-6.PacbioHiFiAssembly_genomic
AT1G64255	OX291486.1	77.278	1646	342	27	545	2177	25205454	25207080	0	939	GCA_946405265.1_IP-Met-6.PacbioHiFiAssembly_genomic
AT1G64255	OX291486.1	82.243	642	108	5	1030	1668	25215950	25216588	1.13e-154	549	GCA_946405265.1_IP-Met-6.PacbioHiFiAssembly_genomic
AT1G64255	OX291486.1	79.72	143	25	4	237	377	25215022	25215162	1.37e-19	100	GCA_946405265.1_IP-Met-6.PacbioHiFiAssembly_genomic
AT1G64260	OX291486.1	100	2738	0	0	1	2738	25211290	25214027	0	5057	GCA_946405265.1_IP-Met-6.PacbioHiFiAssembly_genomic
AT1G64260	OX291486.1	79.667	1623	287	33	891	2489	25209399	25211002	0	1129	GCA_946405265.1_IP-Met-6.PacbioHiFiAssembly_genomic
AT1G64260	OX291486.1	79.104	1651	316	24	843	2480	25202051	25203685	0	1110	GCA_946405265.1_IP-Met-6.PacbioHiFiAssembly_genomic
AT1G64260	OX291486.1	77.792	1612	314	34	891	2480	25205470	25207059	0	953	GCA_946405265.1_IP-Met-6.PacbioHiFiAssembly_genomic
AT1G64260	OX291486.1	78.158	760	131	23	30	781	25204470	25205202	4.01e-125	451	GCA_946405265.1_IP-Met-6.PacbioHiFiAssembly_genomic
AT1G64260	OX291486.1	83.402	241	33	7	2252	2489	19916424	19916188	1.59e-54	217	GCA_946405265.1_IP-Met-6.PacbioHiFiAssembly_genomic
AT1G49920	OX291508.1	99.929	2810	2	0	1	2810	20290212	20293021	0	5179	GCA_946405525.1_FERR-A-12.PacbioHiFiAssembly_genomic
AT1G49920	OX291508.1	83.333	240	35	5	466	702	25632375	25632138	1.58e-54	217	GCA_946405525.1_FERR-A-12.PacbioHiFiAssembly_genomic
AT1G49920	OX291508.1	82.52	246	36	5	433	676	25626147	25625907	2.65e-52	209	GCA_946405525.1_FERR-A-12.PacbioHiFiAssembly_genomic
AT1G49920	OX291508.1	77.606	259	50	6	1002	1259	25621905	25621654	1.63e-34	150	GCA_946405525.1_FERR-A-12.PacbioHiFiAssembly_genomic
AT1G64253	OX291508.1	97.592	1993	40	4	1	1992	25625154	25627139	0	3408	GCA_946405525.1_FERR-A-12.PacbioHiFiAssembly_genomic
AT1G64253	OX291508.1	76.519	971	196	25	2	956	25631412	25632366	3.07e-140	501	GCA_946405525.1_FERR-A-12.PacbioHiFiAssembly_genomic
AT1G64253	OX291508.1	75.992	983	208	23	2	967	25628645	25629616	1.11e-134	483	GCA_946405525.1_FERR-A-12.PacbioHiFiAssembly_genomic
AT1G64253	OX291508.1	76.077	882	173	27	210	1063	25621654	25622525	1.9e-117	425	GCA_946405525.1_FERR-A-12.PacbioHiFiAssembly_genomic
AT1G64253	OX291508.1	79.365	504	94	7	1	496	20291679	20291178	1.52e-93	346	GCA_946405525.1_FERR-A-12.PacbioHiFiAssembly_genomic
AT1G64253	OX291508.1	92.982	114	6	2	2107	2220	19302428	19302539	4.58e-39	165	GCA_946405525.1_FERR-A-12.PacbioHiFiAssembly_genomic
AT1G64253	OX291508.1	80.769	208	32	7	2016	2220	19305124	19305326	2.76e-36	156	GCA_946405525.1_FERR-A-12.PacbioHiFiAssembly_genomic
AT1G64255	OX291508.1	98.268	1674	29	0	580	2253	25628029	25629702	0	2931	GCA_946405525.1_FERR-A-12.PacbioHiFiAssembly_genomic
AT1G64255	OX291508.1	79.791	1623	285	34	561	2164	25630777	25632375	0	1140	GCA_946405525.1_FERR-A-12.PacbioHiFiAssembly_genomic
AT1G64255	OX291508.1	98.476	525	8	0	1	525	25627506	25628030	0	926	GCA_946405525.1_FERR-A-12.PacbioHiFiAssembly_genomic
AT1G64255	OX291508.1	76.96	1645	348	26	545	2177	25624505	25626130	0	909	GCA_946405525.1_FERR-A-12.PacbioHiFiAssembly_genomic
AT1G64255	OX291508.1	82.243	642	108	5	1030	1668	25634546	25635184	1.1e-154	549	GCA_946405525.1_FERR-A-12.PacbioHiFiAssembly_genomic
AT1G64255	OX291508.1	77.75	800	143	18	1404	2181	25621654	25622440	1.91e-127	459	GCA_946405525.1_FERR-A-12.PacbioHiFiAssembly_genomic
AT1G64255	OX291508.1	86.503	163	14	8	2014	2172	25622944	25623102	2.78e-41	172	GCA_946405525.1_FERR-A-12.PacbioHiFiAssembly_genomic
AT1G64255	OX291508.1	79.72	143	25	4	237	377	25633618	25633758	1.33e-19	100	GCA_946405525.1_FERR-A-12.PacbioHiFiAssembly_genomic
AT1G64260	OX291508.1	99.123	2738	24	0	1	2738	25629887	25632624	0	4924	GCA_946405525.1_FERR-A-12.PacbioHiFiAssembly_genomic
AT1G64260	OX291508.1	79.401	1602	289	32	911	2489	25628030	25629613	0	1092	GCA_946405525.1_FERR-A-12.PacbioHiFiAssembly_genomic
AT1G64260	OX291508.1	77.052	1608	332	29	891	2480	25624521	25626109	0	891	GCA_946405525.1_FERR-A-12.PacbioHiFiAssembly_genomic
AT1G64260	OX291508.1	78.609	762	127	24	30	781	25623508	25624243	2.98e-131	472	GCA_946405525.1_FERR-A-12.PacbioHiFiAssembly_genomic
AT1G64260	OX291508.1	83.402	241	33	7	2252	2489	20290913	20290677	1.54e-54	217	GCA_946405525.1_FERR-A-12.PacbioHiFiAssembly_genomic
AT1G49920	OX291513.1	99.929	2810	2	0	1	2810	21403267	21406076	0	5179	GCA_946405545.1_IP-Evs-12.PacbioHiFiAssembly_genomic
AT1G49920	OX291513.1	76.017	1180	245	29	967	2142	26696011	26694866	6.33e-163	577	GCA_946405545.1_IP-Evs-12.PacbioHiFiAssembly_genomic
AT1G49920	OX291513.1	83.402	241	33	7	466	702	26703190	26702953	1.59e-54	217	GCA_946405545.1_IP-Evs-12.PacbioHiFiAssembly_genomic
AT1G64253	OX291513.1	99.955	2220	1	0	1	2220	26695516	26697735	0	4095	GCA_946405545.1_IP-Evs-12.PacbioHiFiAssembly_genomic
AT1G64253	OX291513.1	77.966	944	172	29	52	977	26692192	26693117	1.81e-157	558	GCA_946405545.1_IP-Evs-12.PacbioHiFiAssembly_genomic
AT1G64253	OX291513.1	76.313	971	198	25	2	956	26702227	26703181	6.68e-137	490	GCA_946405545.1_IP-Evs-12.PacbioHiFiAssembly_genomic
AT1G64253	OX291513.1	79.365	504	94	7	1	496	21404734	21404233	1.53e-93	346	GCA_946405545.1_IP-Evs-12.PacbioHiFiAssembly_genomic
AT1G64253	OX291513.1	82.039	206	29	7	2016	2218	20555572	20555372	3.55e-40	169	GCA_946405545.1_IP-Evs-12.PacbioHiFiAssembly_genomic
AT1G64255	OX291513.1	99.956	2253	1	0	1	2253	26698251	26700503	0	4156	GCA_946405545.1_IP-Evs-12.PacbioHiFiAssembly_genomic
AT1G64255	OX291513.1	82.975	1768	265	23	501	2253	26691447	26693193	0	1565	GCA_946405545.1_IP-Evs-12.PacbioHiFiAssembly_genomic
AT1G64255	OX291513.1	79.729	1623	286	34	561	2164	26701592	26703190	0	1134	GCA_946405545.1_IP-Evs-12.PacbioHiFiAssembly_genomic
AT1G64255	OX291513.1	77.311	1644	345	24	545	2177	26694866	26696492	0	944	GCA_946405545.1_IP-Evs-12.PacbioHiFiAssembly_genomic
AT1G64255	OX291513.1	82.243	642	108	5	1030	1668	26705362	26706000	1.1e-154	549	GCA_946405545.1_IP-Evs-12.PacbioHiFiAssembly_genomic
AT1G64255	OX291513.1	79.72	143	25	4	237	377	26704434	26704574	1.33e-19	100	GCA_946405545.1_IP-Evs-12.PacbioHiFiAssembly_genomic
AT1G64260	OX291513.1	99.927	2738	2	0	1	2738	26700702	26703439	0	5046	GCA_946405545.1_IP-Evs-12.PacbioHiFiAssembly_genomic
AT1G64260	OX291513.1	79.606	1623	288	33	891	2489	26698811	26700414	0	1123	GCA_946405545.1_IP-Evs-12.PacbioHiFiAssembly_genomic
AT1G64260	OX291513.1	79.043	1651	317	24	843	2480	26691462	26693096	0	1105	GCA_946405545.1_IP-Evs-12.PacbioHiFiAssembly_genomic
AT1G64260	OX291513.1	77.854	1612	313	34	891	2480	26694882	26696471	0	959	GCA_946405545.1_IP-Evs-12.PacbioHiFiAssembly_genomic
AT1G64260	OX291513.1	78.158	760	131	23	30	781	26693881	26694613	3.9e-125	451	GCA_946405545.1_IP-Evs-12.PacbioHiFiAssembly_genomic
AT1G64260	OX291513.1	83.402	241	33	7	2252	2489	21403968	21403732	1.55e-54	217	GCA_946405545.1_IP-Evs-12.PacbioHiFiAssembly_genomic
AT1G49920	OX291518.1	98.612	2810	37	1	1	2810	21745259	21748066	0	4972	GCA_946405725.1_IP-Med-0.PacbioHiFiAssembly_genomic
AT1G49920	OX291518.1	75.826	1150	226	39	1002	2140	27170828	27169720	1.1e-150	536	GCA_946405725.1_IP-Med-0.PacbioHiFiAssembly_genomic
AT1G49920	OX291518.1	83.402	241	33	7	466	702	27181265	27181028	1.63e-54	217	GCA_946405725.1_IP-Med-0.PacbioHiFiAssembly_genomic
AT1G49920	OX291518.1	82.927	246	35	5	433	676	27174986	27174746	5.88e-54	215	GCA_946405725.1_IP-Med-0.PacbioHiFiAssembly_genomic
AT1G64253	OX291518.1	97.543	1994	41	4	1	1992	27173992	27175979	0	3404	GCA_946405725.1_IP-Med-0.PacbioHiFiAssembly_genomic
AT1G64253	OX291518.1	76.648	1092	215	29	1	1063	27170368	27171448	3.09e-160	568	GCA_946405725.1_IP-Med-0.PacbioHiFiAssembly_genomic
AT1G64253	OX291518.1	76.471	969	200	21	2	956	27180302	27181256	3.17e-140	501	GCA_946405725.1_IP-Med-0.PacbioHiFiAssembly_genomic
AT1G64253	OX291518.1	76.118	984	205	25	2	967	27177535	27178506	2.47e-136	488	GCA_946405725.1_IP-Med-0.PacbioHiFiAssembly_genomic
AT1G64253	OX291518.1	79.167	504	95	7	1	496	21746726	21746225	7.32e-92	340	GCA_946405725.1_IP-Med-0.PacbioHiFiAssembly_genomic
AT1G64253	OX291518.1	81.731	208	30	7	2016	2220	20703320	20703522	1.32e-39	167	GCA_946405725.1_IP-Med-0.PacbioHiFiAssembly_genomic
AT1G64255	OX291518.1	98.091	2253	28	1	1	2253	27176355	27178592	0	3908	GCA_946405725.1_IP-Med-0.PacbioHiFiAssembly_genomic
AT1G64255	OX291518.1	81.893	1701	274	16	501	2181	27169677	27171363	0	1404	GCA_946405725.1_IP-Med-0.PacbioHiFiAssembly_genomic
AT1G64255	OX291518.1	79.606	1623	288	34	561	2164	27179667	27181265	0	1123	GCA_946405725.1_IP-Med-0.PacbioHiFiAssembly_genomic
AT1G64255	OX291518.1	77.035	1646	346	27	545	2177	27173343	27174969	0	917	GCA_946405725.1_IP-Med-0.PacbioHiFiAssembly_genomic
AT1G64255	OX291518.1	82.087	642	109	5	1030	1668	27183435	27184073	5.28e-153	544	GCA_946405725.1_IP-Med-0.PacbioHiFiAssembly_genomic
AT1G64255	OX291518.1	86.503	163	14	8	2014	2172	27171867	27172025	2.87e-41	172	GCA_946405725.1_IP-Med-0.PacbioHiFiAssembly_genomic
AT1G64255	OX291518.1	79.72	143	25	4	237	377	27182508	27182648	1.37e-19	100	GCA_946405725.1_IP-Med-0.PacbioHiFiAssembly_genomic
AT1G64260	OX291518.1	99.306	2738	19	0	1	2738	27178777	27181514	0	4951	GCA_946405725.1_IP-Med-0.PacbioHiFiAssembly_genomic
AT1G64260	OX291518.1	79.383	1620	282	35	891	2489	27176915	27178503	0	1094	GCA_946405725.1_IP-Med-0.PacbioHiFiAssembly_genomic
AT1G64260	OX291518.1	78.593	1677	314	31	834	2483	27169683	27171341	0	1066	GCA_946405725.1_IP-Med-0.PacbioHiFiAssembly_genomic
AT1G64260	OX291518.1	77.253	1609	328	30	891	2480	27173359	27174948	0	909	GCA_946405725.1_IP-Med-0.PacbioHiFiAssembly_genomic
AT1G64260	OX291518.1	78.346	762	129	24	30	781	27172346	27173081	6.66e-128	460	GCA_946405725.1_IP-Med-0.PacbioHiFiAssembly_genomic
AT1G64260	OX291518.1	81.743	241	37	7	2252	2489	21745960	21745724	7.46e-48	195	GCA_946405725.1_IP-Med-0.PacbioHiFiAssembly_genomic
AT1G49920	OX291523.1	99.893	2810	3	0	1	2810	22715232	22718041	0	5173	GCA_946405905.1_MONTM-B-16.PacbioHiFiAssembly_genomic
AT1G49920	OX291523.1	75.614	1181	248	27	967	2142	27961308	27960163	1.4e-154	549	GCA_946405905.1_MONTM-B-16.PacbioHiFiAssembly_genomic
AT1G49920	OX291523.1	82.927	246	35	5	433	676	27961806	27961566	5.81e-54	215	GCA_946405905.1_MONTM-B-16.PacbioHiFiAssembly_genomic
AT1G64253	OX291523.1	96.529	2017	39	6	1	2016	27960813	27962799	0	3308	GCA_946405905.1_MONTM-B-16.PacbioHiFiAssembly_genomic
AT1G64253	OX291523.1	78.095	945	170	30	52	977	27957477	27958403	3.95e-159	564	GCA_946405905.1_MONTM-B-16.PacbioHiFiAssembly_genomic
AT1G64253	OX291523.1	83.924	423	66	2	100	521	27965769	27966190	9.1e-111	403	GCA_946405905.1_MONTM-B-16.PacbioHiFiAssembly_genomic
AT1G64253	OX291523.1	79.365	504	94	7	1	496	22716699	22716198	1.56e-93	346	GCA_946405905.1_MONTM-B-16.PacbioHiFiAssembly_genomic
AT1G64253	OX291523.1	81.731	208	30	7	2016	2220	21707498	21707700	1.3e-39	167	GCA_946405905.1_MONTM-B-16.PacbioHiFiAssembly_genomic
AT1G64253	OX291523.1	81.731	208	30	7	2016	2220	21710283	21710485	1.3e-39	167	GCA_946405905.1_MONTM-B-16.PacbioHiFiAssembly_genomic
AT1G64255	OX291523.1	91.46	2260	167	14	1	2253	27963154	27965394	0	3081	GCA_946405905.1_MONTM-B-16.PacbioHiFiAssembly_genomic
AT1G64255	OX291523.1	82.975	1768	266	23	501	2253	27956732	27958479	0	1565	GCA_946405905.1_MONTM-B-16.PacbioHiFiAssembly_genomic
AT1G64255	OX291523.1	77.4	1646	340	27	545	2177	27960163	27961789	0	950	GCA_946405905.1_MONTM-B-16.PacbioHiFiAssembly_genomic
AT1G64260	OX291523.1	79.237	1652	313	25	843	2480	27956747	27958382	0	1123	GCA_946405905.1_MONTM-B-16.PacbioHiFiAssembly_genomic
AT1G64260	OX291523.1	77.861	1608	320	29	891	2480	27960179	27961768	0	965	GCA_946405905.1_MONTM-B-16.PacbioHiFiAssembly_genomic
AT1G64260	OX291523.1	83.402	241	33	7	2252	2489	22715933	22715697	1.57e-54	217	GCA_946405905.1_MONTM-B-16.PacbioHiFiAssembly_genomic
AT1G49920	OX291566.1	98.577	2810	38	1	1	2810	20962594	20965401	0	4966	GCA_946406325.1_IP-Alo-0.9506.PacbioHiFiAssembly_genomic
AT1G49920	OX291566.1	75.826	1150	226	39	1002	2140	26295054	26293946	1.08e-150	536	GCA_946406325.1_IP-Alo-0.9506.PacbioHiFiAssembly_genomic
AT1G49920	OX291566.1	83.402	241	33	7	466	702	26305492	26305255	1.6e-54	217	GCA_946406325.1_IP-Alo-0.9506.PacbioHiFiAssembly_genomic
AT1G49920	OX291566.1	82.927	246	35	5	433	676	26299213	26298973	5.75e-54	215	GCA_946406325.1_IP-Alo-0.9506.PacbioHiFiAssembly_genomic
AT1G64253	OX291566.1	97.693	1994	38	4	1	1992	26298219	26300206	0	3421	GCA_946406325.1_IP-Alo-0.9506.PacbioHiFiAssembly_genomic
AT1G64253	OX291566.1	76.648	1092	215	29	1	1063	26294594	26295674	3.02e-160	568	GCA_946406325.1_IP-Alo-0.9506.PacbioHiFiAssembly_genomic
AT1G64253	OX291566.1	76.471	969	200	21	2	956	26304529	26305483	3.1e-140	501	GCA_946406325.1_IP-Alo-0.9506.PacbioHiFiAssembly_genomic
AT1G64253	OX291566.1	76.016	984	206	25	2	967	26301762	26302733	1.12e-134	483	GCA_946406325.1_IP-Alo-0.9506.PacbioHiFiAssembly_genomic
AT1G64253	OX291566.1	78.968	504	96	7	1	496	20964061	20963560	3.33e-90	335	GCA_946406325.1_IP-Alo-0.9506.PacbioHiFiAssembly_genomic
AT1G64253	OX291566.1	81.731	208	30	7	2016	2220	19974353	19974555	1.29e-39	167	GCA_946406325.1_IP-Alo-0.9506.PacbioHiFiAssembly_genomic
AT1G64253	OX291566.1	92.105	114	7	2	2107	2220	19977016	19977127	2.15e-37	159	GCA_946406325.1_IP-Alo-0.9506.PacbioHiFiAssembly_genomic
AT1G64255	OX291566.1	98.091	2253	28	1	1	2253	26300582	26302819	0	3908	GCA_946406325.1_IP-Alo-0.9506.PacbioHiFiAssembly_genomic
AT1G64255	OX291566.1	81.893	1701	274	16	501	2181	26293903	26295589	0	1404	GCA_946406325.1_IP-Alo-0.9506.PacbioHiFiAssembly_genomic
AT1G64255	OX291566.1	79.606	1623	288	34	561	2164	26303894	26305492	0	1123	GCA_946406325.1_IP-Alo-0.9506.PacbioHiFiAssembly_genomic
AT1G64255	OX291566.1	77.035	1646	347	26	545	2177	26297569	26299196	0	917	GCA_946406325.1_IP-Alo-0.9506.PacbioHiFiAssembly_genomic
AT1G64255	OX291566.1	82.087	642	109	5	1030	1668	26307662	26308300	5.16e-153	544	GCA_946406325.1_IP-Alo-0.9506.PacbioHiFiAssembly_genomic
AT1G64255	OX291566.1	86.503	163	14	8	2014	2172	26296093	26296251	2.81e-41	172	GCA_946406325.1_IP-Alo-0.9506.PacbioHiFiAssembly_genomic
AT1G64255	OX291566.1	79.72	143	25	4	237	377	26306735	26306875	1.34e-19	100	GCA_946406325.1_IP-Alo-0.9506.PacbioHiFiAssembly_genomic
AT1G64260	OX291566.1	99.306	2738	19	0	1	2738	26303004	26305741	0	4951	GCA_946406325.1_IP-Alo-0.9506.PacbioHiFiAssembly_genomic
AT1G64260	OX291566.1	79.383	1620	282	35	891	2489	26301142	26302730	0	1094	GCA_946406325.1_IP-Alo-0.9506.PacbioHiFiAssembly_genomic
AT1G64260	OX291566.1	78.652	1677	313	31	834	2483	26293909	26295567	0	1072	GCA_946406325.1_IP-Alo-0.9506.PacbioHiFiAssembly_genomic
AT1G64260	OX291566.1	77.253	1609	329	29	891	2480	26297585	26299175	0	909	GCA_946406325.1_IP-Alo-0.9506.PacbioHiFiAssembly_genomic
AT1G64260	OX291566.1	78.346	762	129	24	30	781	26296572	26297307	6.51e-128	460	GCA_946406325.1_IP-Alo-0.9506.PacbioHiFiAssembly_genomic
AT1G64260	OX291566.1	81.743	241	37	7	2252	2489	20963295	20963059	7.29e-48	195	GCA_946406325.1_IP-Alo-0.9506.PacbioHiFiAssembly_genomic
AT1G49920	OX291571.1	99.964	2810	1	0	1	2810	20581649	20584458	0	5184	GCA_946406525.1_Ler-0.7213.PacbioHiFiAssembly_genomic
AT1G49920	OX291571.1	76.174	1150	221	40	1002	2140	25880393	25879286	8.14e-157	556	GCA_946406525.1_Ler-0.7213.PacbioHiFiAssembly_genomic
AT1G49920	OX291571.1	83.75	240	34	5	466	702	25890811	25890574	3.37e-56	222	GCA_946406525.1_Ler-0.7213.PacbioHiFiAssembly_genomic
AT1G49920	OX291571.1	82.927	246	35	5	433	676	25884552	25884312	5.65e-54	215	GCA_946406525.1_Ler-0.7213.PacbioHiFiAssembly_genomic
AT1G64253	OX291571.1	97.742	1993	38	3	1	1992	25883559	25885545	0	3424	GCA_946406525.1_Ler-0.7213.PacbioHiFiAssembly_genomic
AT1G64253	OX291571.1	76.74	1092	213	30	1	1063	25879934	25881013	2.29e-161	571	GCA_946406525.1_Ler-0.7213.PacbioHiFiAssembly_genomic
AT1G64253	OX291571.1	76.416	971	196	26	2	956	25889849	25890802	5.1e-138	494	GCA_946406525.1_Ler-0.7213.PacbioHiFiAssembly_genomic
AT1G64253	OX291571.1	74.568	983	204	29	2	967	25887100	25888053	2.48e-106	388	GCA_946406525.1_Ler-0.7213.PacbioHiFiAssembly_genomic
AT1G64253	OX291571.1	79.365	504	94	7	1	496	20583116	20582615	1.51e-93	346	GCA_946406525.1_Ler-0.7213.PacbioHiFiAssembly_genomic
AT1G64253	OX291571.1	81.731	208	30	7	2016	2220	19592544	19592746	1.26e-39	167	GCA_946406525.1_Ler-0.7213.PacbioHiFiAssembly_genomic
AT1G64253	OX291571.1	92.982	114	6	2	2107	2220	19595422	19595533	4.54e-39	165	GCA_946406525.1_Ler-0.7213.PacbioHiFiAssembly_genomic
AT1G64255	OX291571.1	97.337	2253	27	2	1	2253	25885920	25888139	0	3797	GCA_946406525.1_Ler-0.7213.PacbioHiFiAssembly_genomic
AT1G64255	OX291571.1	82.246	1701	267	17	501	2181	25879243	25880928	0	1435	GCA_946406525.1_Ler-0.7213.PacbioHiFiAssembly_genomic
AT1G64255	OX291571.1	79.852	1623	283	35	561	2164	25889214	25890811	0	1146	GCA_946406525.1_Ler-0.7213.PacbioHiFiAssembly_genomic
AT1G64255	OX291571.1	77.082	1645	347	25	545	2177	25882909	25884535	0	922	GCA_946406525.1_Ler-0.7213.PacbioHiFiAssembly_genomic
AT1G64255	OX291571.1	82.243	642	108	5	1030	1668	25892039	25892677	1.09e-154	549	GCA_946406525.1_Ler-0.7213.PacbioHiFiAssembly_genomic
AT1G64255	OX291571.1	86.503	163	14	8	2014	2172	25881432	25881590	2.76e-41	172	GCA_946406525.1_Ler-0.7213.PacbioHiFiAssembly_genomic
AT1G64260	OX291571.1	99.379	2738	16	1	1	2738	25888324	25891060	0	4961	GCA_946406525.1_Ler-0.7213.PacbioHiFiAssembly_genomic
AT1G64260	OX291571.1	78.395	1620	280	36	891	2489	25886480	25888050	0	989	GCA_946406525.1_Ler-0.7213.PacbioHiFiAssembly_genomic
AT1G64260	OX291571.1	77.363	1608	328	28	891	2480	25882925	25884514	0	920	GCA_946406525.1_Ler-0.7213.PacbioHiFiAssembly_genomic
AT1G64260	OX291571.1	78.244	763	128	26	30	781	25881912	25882647	2.98e-126	455	GCA_946406525.1_Ler-0.7213.PacbioHiFiAssembly_genomic
AT1G64260	OX291571.1	83.402	241	33	7	2252	2489	20582350	20582114	1.53e-54	217	GCA_946406525.1_Ler-0.7213.PacbioHiFiAssembly_genomic
AT1G49920	OX291576.1	99.929	2810	2	0	1	2810	22575809	22578618	0	5179	GCA_946406595.1_BANI-C-12.PacbioHiFiAssembly_genomic
AT1G49920	OX291576.1	75.614	1181	248	27	967	2142	27960242	27959097	1.41e-154	549	GCA_946406595.1_BANI-C-12.PacbioHiFiAssembly_genomic
AT1G49920	OX291576.1	82.927	246	35	5	433	676	27960740	27960500	5.83e-54	215	GCA_946406595.1_BANI-C-12.PacbioHiFiAssembly_genomic
AT1G64253	OX291576.1	96.579	2017	38	6	1	2016	27959747	27961733	0	3314	GCA_946406595.1_BANI-C-12.PacbioHiFiAssembly_genomic
AT1G64253	OX291576.1	78.178	944	170	29	52	977	27956412	27957337	8.51e-161	569	GCA_946406595.1_BANI-C-12.PacbioHiFiAssembly_genomic
AT1G64253	OX291576.1	83.688	423	67	2	100	521	27964703	27965124	4.25e-109	398	GCA_946406595.1_BANI-C-12.PacbioHiFiAssembly_genomic
AT1G64253	OX291576.1	79.365	504	94	7	1	496	22577276	22576775	1.56e-93	346	GCA_946406595.1_BANI-C-12.PacbioHiFiAssembly_genomic
AT1G64253	OX291576.1	81.731	208	30	7	2016	2220	21541799	21542001	1.3e-39	167	GCA_946406595.1_BANI-C-12.PacbioHiFiAssembly_genomic
AT1G64253	OX291576.1	81.25	208	31	7	2016	2220	21539012	21539214	6.07e-38	161	GCA_946406595.1_BANI-C-12.PacbioHiFiAssembly_genomic
AT1G64255	OX291576.1	91.46	2260	167	14	1	2253	27962088	27964328	0	3081	GCA_946406595.1_BANI-C-12.PacbioHiFiAssembly_genomic
AT1G64255	OX291576.1	83.022	1767	266	22	501	2253	27955667	27957413	0	1570	GCA_946406595.1_BANI-C-12.PacbioHiFiAssembly_genomic
AT1G64255	OX291576.1	77.4	1646	340	27	545	2177	27959097	27960723	0	950	GCA_946406595.1_BANI-C-12.PacbioHiFiAssembly_genomic
AT1G64260	OX291576.1	79.225	1651	314	24	843	2480	27955682	27957316	0	1122	GCA_946406595.1_BANI-C-12.PacbioHiFiAssembly_genomic
AT1G64260	OX291576.1	77.861	1608	320	29	891	2480	27959113	27960702	0	965	GCA_946406595.1_BANI-C-12.PacbioHiFiAssembly_genomic
AT1G64260	OX291576.1	78.449	761	127	25	30	781	27958103	27958835	1.84e-128	462	GCA_946406595.1_BANI-C-12.PacbioHiFiAssembly_genomic
AT1G64260	OX291576.1	83.402	241	33	7	2252	2489	22576510	22576274	1.58e-54	217	GCA_946406595.1_BANI-C-12.PacbioHiFiAssembly_genomic
AT1G49920	OX291581.1	99.964	2810	1	0	1	2810	22109798	22112607	0	5184	GCA_946406625.1_IP-Hom-4.9546.PacbioHiFiAssembly_genomic
AT1G49920	OX291581.1	75.932	1180	246	29	967	2142	27551923	27550778	2.98e-161	571	GCA_946406625.1_IP-Hom-4.9546.PacbioHiFiAssembly_genomic
AT1G49920	OX291581.1	83.402	241	33	7	466	702	27559102	27558865	1.61e-54	217	GCA_946406625.1_IP-Hom-4.9546.PacbioHiFiAssembly_genomic
AT1G64253	OX291581.1	100	2220	0	0	1	2220	27551428	27553647	0	4100	GCA_946406625.1_IP-Hom-4.9546.PacbioHiFiAssembly_genomic
AT1G64253	OX291581.1	77.966	944	172	29	52	977	27548105	27549030	1.83e-157	558	GCA_946406625.1_IP-Hom-4.9546.PacbioHiFiAssembly_genomic
AT1G64253	OX291581.1	76.313	971	198	25	2	956	27558139	27559093	6.76e-137	490	GCA_946406625.1_IP-Hom-4.9546.PacbioHiFiAssembly_genomic
AT1G64253	OX291581.1	79.365	504	94	7	1	496	22111265	22110764	1.55e-93	346	GCA_946406625.1_IP-Hom-4.9546.PacbioHiFiAssembly_genomic
AT1G64253	OX291581.1	81.731	208	30	7	2016	2220	21116781	21116983	1.29e-39	167	GCA_946406625.1_IP-Hom-4.9546.PacbioHiFiAssembly_genomic
AT1G64253	OX291581.1	92.105	114	7	2	2107	2220	21114085	21114196	2.17e-37	159	GCA_946406625.1_IP-Hom-4.9546.PacbioHiFiAssembly_genomic
AT1G64255	OX291581.1	100	2253	0	0	1	2253	27554163	27556415	0	4161	GCA_946406625.1_IP-Hom-4.9546.PacbioHiFiAssembly_genomic
AT1G64255	OX291581.1	82.975	1768	265	23	501	2253	27547360	27549106	0	1565	GCA_946406625.1_IP-Hom-4.9546.PacbioHiFiAssembly_genomic
AT1G64255	OX291581.1	79.667	1623	287	34	561	2164	27557504	27559102	0	1129	GCA_946406625.1_IP-Hom-4.9546.PacbioHiFiAssembly_genomic
AT1G64255	OX291581.1	77.278	1646	342	27	545	2177	27550778	27552404	0	939	GCA_946406625.1_IP-Hom-4.9546.PacbioHiFiAssembly_genomic
AT1G64255	OX291581.1	82.243	642	108	5	1030	1668	27561274	27561912	1.12e-154	549	GCA_946406625.1_IP-Hom-4.9546.PacbioHiFiAssembly_genomic
AT1G64255	OX291581.1	79.72	143	25	4	237	377	27560346	27560486	1.35e-19	100	GCA_946406625.1_IP-Hom-4.9546.PacbioHiFiAssembly_genomic
AT1G64260	OX291581.1	100	2738	0	0	1	2738	27556614	27559351	0	5057	GCA_946406625.1_IP-Hom-4.9546.PacbioHiFiAssembly_genomic
AT1G64260	OX291581.1	79.667	1623	287	33	891	2489	27554723	27556326	0	1129	GCA_946406625.1_IP-Hom-4.9546.PacbioHiFiAssembly_genomic
AT1G64260	OX291581.1	79.104	1651	316	24	843	2480	27547375	27549009	0	1110	GCA_946406625.1_IP-Hom-4.9546.PacbioHiFiAssembly_genomic
AT1G64260	OX291581.1	77.792	1612	314	34	891	2480	27550794	27552383	0	953	GCA_946406625.1_IP-Hom-4.9546.PacbioHiFiAssembly_genomic
AT1G64260	OX291581.1	78.026	760	132	23	30	781	27549794	27550526	1.84e-123	446	GCA_946406625.1_IP-Hom-4.9546.PacbioHiFiAssembly_genomic
AT1G64260	OX291581.1	83.402	241	33	7	2252	2489	22110499	22110263	1.57e-54	217	GCA_946406625.1_IP-Hom-4.9546.PacbioHiFiAssembly_genomic
AT1G49920	OX291590.1	99.929	2810	2	0	1	2810	22113562	22116371	0	5179	GCA_946406735.1_BARA-C-3.PacbioHiFiAssembly_genomic
AT1G49920	OX291590.1	76.153	1149	223	37	1002	2140	27285725	27284618	8.23e-157	556	GCA_946406735.1_BARA-C-3.PacbioHiFiAssembly_genomic
AT1G49920	OX291590.1	82.927	246	35	5	433	676	27289884	27289644	5.71e-54	215	GCA_946406735.1_BARA-C-3.PacbioHiFiAssembly_genomic
AT1G49920	OX291590.1	82.917	240	36	5	466	702	27296152	27295915	7.38e-53	211	GCA_946406735.1_BARA-C-3.PacbioHiFiAssembly_genomic
AT1G64253	OX291590.1	97.642	1993	40	3	1	1992	27288891	27290877	0	3413	GCA_946406735.1_BARA-C-3.PacbioHiFiAssembly_genomic
AT1G64253	OX291590.1	76.648	1092	214	30	1	1063	27285266	27286345	1.08e-159	566	GCA_946406735.1_BARA-C-3.PacbioHiFiAssembly_genomic
AT1G64253	OX291590.1	76.519	971	196	25	2	956	27295189	27296143	3.08e-140	501	GCA_946406735.1_BARA-C-3.PacbioHiFiAssembly_genomic
AT1G64253	OX291590.1	79.365	504	94	7	1	496	22115029	22114528	1.53e-93	346	GCA_946406735.1_BARA-C-3.PacbioHiFiAssembly_genomic
AT1G64253	OX291590.1	81.25	208	31	7	2016	2220	21021870	21022072	5.94e-38	161	GCA_946406735.1_BARA-C-3.PacbioHiFiAssembly_genomic
AT1G64253	OX291590.1	92.105	114	7	2	2107	2220	21138952	21139063	2.14e-37	159	GCA_946406735.1_BARA-C-3.PacbioHiFiAssembly_genomic
AT1G64255	OX291590.1	98.58	2253	17	1	1	2253	27291232	27293469	0	3969	GCA_946406735.1_BARA-C-3.PacbioHiFiAssembly_genomic
AT1G64255	OX291590.1	82.197	1702	266	19	501	2181	27284575	27286260	0	1430	GCA_946406735.1_BARA-C-3.PacbioHiFiAssembly_genomic
AT1G64255	OX291590.1	79.606	1623	285	35	561	2164	27294557	27296152	0	1122	GCA_946406735.1_BARA-C-3.PacbioHiFiAssembly_genomic
AT1G64255	OX291590.1	77.082	1645	347	25	545	2177	27288241	27289867	0	922	GCA_946406735.1_BARA-C-3.PacbioHiFiAssembly_genomic
AT1G64255	OX291590.1	81.931	642	110	5	1030	1668	27298323	27298961	2.38e-151	538	GCA_946406735.1_BARA-C-3.PacbioHiFiAssembly_genomic
AT1G64255	OX291590.1	86.503	163	14	8	2014	2172	27286764	27286922	2.79e-41	172	GCA_946406735.1_BARA-C-3.PacbioHiFiAssembly_genomic
AT1G64255	OX291590.1	79.72	143	25	4	237	377	27297395	27297535	1.33e-19	100	GCA_946406735.1_BARA-C-3.PacbioHiFiAssembly_genomic
AT1G64260	OX291590.1	99.16	2738	19	2	1	2738	27293668	27296401	0	4926	GCA_946406735.1_BARA-C-3.PacbioHiFiAssembly_genomic
AT1G64260	OX291590.1	79.63	1620	278	35	891	2489	27291792	27293380	0	1116	GCA_946406735.1_BARA-C-3.PacbioHiFiAssembly_genomic
AT1G64260	OX291590.1	77.363	1608	328	28	891	2480	27288257	27289846	0	920	GCA_946406735.1_BARA-C-3.PacbioHiFiAssembly_genomic
AT1G64260	OX291590.1	78.375	763	127	26	30	781	27287244	27287979	6.47e-128	460	GCA_946406735.1_BARA-C-3.PacbioHiFiAssembly_genomic
AT1G64260	OX291590.1	83.402	241	33	7	2252	2489	22114263	22114027	1.55e-54	217	GCA_946406735.1_BARA-C-3.PacbioHiFiAssembly_genomic
AT1G49920	OX291595.1	98.505	2810	37	3	1	2810	22588868	22591672	0	4951	GCA_946406895.1_Rabacal-1.22005.PacbioHiFiAssembly_genomic
AT1G49920	OX291595.1	76	1150	224	39	1002	2140	27936436	27935328	5.4e-154	547	GCA_946406895.1_Rabacal-1.22005.PacbioHiFiAssembly_genomic
AT1G49920	OX291595.1	83.333	240	35	5	466	702	27946965	27946728	1.73e-54	217	GCA_946406895.1_Rabacal-1.22005.PacbioHiFiAssembly_genomic
AT1G49920	OX291595.1	82.927	246	35	5	433	676	27940672	27940432	6.22e-54	215	GCA_946406895.1_Rabacal-1.22005.PacbioHiFiAssembly_genomic
AT1G64253	OX291595.1	97.842	1993	36	3	1	1992	27939679	27941665	0	3435	GCA_946406895.1_Rabacal-1.22005.PacbioHiFiAssembly_genomic
AT1G64253	OX291595.1	76.832	1092	213	29	1	1063	27935976	27937056	1.51e-163	579	GCA_946406895.1_Rabacal-1.22005.PacbioHiFiAssembly_genomic
AT1G64253	OX291595.1	76.67	973	191	28	2	956	27946002	27946956	7.22e-142	507	GCA_946406895.1_Rabacal-1.22005.PacbioHiFiAssembly_genomic
AT1G64253	OX291595.1	76.094	983	207	23	2	967	27943236	27944207	2.62e-136	488	GCA_946406895.1_Rabacal-1.22005.PacbioHiFiAssembly_genomic
AT1G64253	OX291595.1	79.167	504	95	7	1	496	22590335	22589834	7.75e-92	340	GCA_946406895.1_Rabacal-1.22005.PacbioHiFiAssembly_genomic
AT1G64253	OX291595.1	81.731	208	30	7	2016	2220	21610260	21610462	1.39e-39	167	GCA_946406895.1_Rabacal-1.22005.PacbioHiFiAssembly_genomic
AT1G64253	OX291595.1	81.25	208	31	7	2016	2220	21607473	21607675	6.48e-38	161	GCA_946406895.1_Rabacal-1.22005.PacbioHiFiAssembly_genomic
AT1G64255	OX291595.1	98.713	2253	29	0	1	2253	27942041	27944293	0	4000	GCA_946406895.1_Rabacal-1.22005.PacbioHiFiAssembly_genomic
AT1G64255	OX291595.1	82.128	1701	270	16	501	2181	27935285	27936971	0	1426	GCA_946406895.1_Rabacal-1.22005.PacbioHiFiAssembly_genomic
AT1G64255	OX291595.1	79.852	1623	283	35	561	2164	27945368	27946965	0	1146	GCA_946406895.1_Rabacal-1.22005.PacbioHiFiAssembly_genomic
AT1G64255	OX291595.1	77.143	1645	346	25	545	2177	27939029	27940655	0	928	GCA_946406895.1_Rabacal-1.22005.PacbioHiFiAssembly_genomic
AT1G64255	OX291595.1	82.243	642	108	5	1030	1668	27949135	27949773	1.2e-154	549	GCA_946406895.1_Rabacal-1.22005.PacbioHiFiAssembly_genomic
AT1G64255	OX291595.1	86.25	160	20	2	2014	2172	27937474	27937632	3.04e-41	172	GCA_946406895.1_Rabacal-1.22005.PacbioHiFiAssembly_genomic
AT1G64255	OX291595.1	79.72	143	25	4	237	377	27948207	27948347	1.45e-19	100	GCA_946406895.1_Rabacal-1.22005.PacbioHiFiAssembly_genomic
AT1G64260	OX291595.1	99.379	2738	16	1	1	2738	27944478	27947214	0	4961	GCA_946406895.1_Rabacal-1.22005.PacbioHiFiAssembly_genomic
AT1G64260	OX291595.1	79.655	1622	289	32	891	2489	27942601	27944204	0	1129	GCA_946406895.1_Rabacal-1.22005.PacbioHiFiAssembly_genomic
AT1G64260	OX291595.1	78.831	1677	310	31	834	2483	27935291	27936949	0	1088	GCA_946406895.1_Rabacal-1.22005.PacbioHiFiAssembly_genomic
AT1G64260	OX291595.1	77.363	1608	328	28	891	2480	27939045	27940634	0	920	GCA_946406895.1_Rabacal-1.22005.PacbioHiFiAssembly_genomic
AT1G64260	OX291595.1	81.743	241	37	7	2252	2489	22589569	22589333	7.9e-48	195	GCA_946406895.1_Rabacal-1.22005.PacbioHiFiAssembly_genomic
AT1G49920	OX291600.1	99.964	2810	1	0	1	2810	21509062	21511871	0	5184	GCA_946406975.1_CAMA-C-2.PacbioHiFiAssembly_genomic
AT1G49920	OX291600.1	76.153	1149	222	38	1002	2140	26846623	26845517	8.22e-157	556	GCA_946406975.1_CAMA-C-2.PacbioHiFiAssembly_genomic
AT1G49920	OX291600.1	82.927	246	35	5	433	676	26850782	26850542	5.7e-54	215	GCA_946406975.1_CAMA-C-2.PacbioHiFiAssembly_genomic
AT1G49920	OX291600.1	82.917	240	36	5	466	702	26857050	26856813	7.37e-53	211	GCA_946406975.1_CAMA-C-2.PacbioHiFiAssembly_genomic
AT1G64253	OX291600.1	97.642	1993	40	3	1	1992	26849789	26851775	0	3413	GCA_946406975.1_CAMA-C-2.PacbioHiFiAssembly_genomic
AT1G64253	OX291600.1	76.648	1092	214	30	1	1063	26846164	26847243	1.08e-159	566	GCA_946406975.1_CAMA-C-2.PacbioHiFiAssembly_genomic
AT1G64253	OX291600.1	76.519	971	196	25	2	956	26856087	26857041	3.08e-140	501	GCA_946406975.1_CAMA-C-2.PacbioHiFiAssembly_genomic
AT1G64253	OX291600.1	79.365	504	94	7	1	496	21510529	21510028	1.53e-93	346	GCA_946406975.1_CAMA-C-2.PacbioHiFiAssembly_genomic
AT1G64253	OX291600.1	81.731	208	30	7	2016	2220	20531662	20531864	1.27e-39	167	GCA_946406975.1_CAMA-C-2.PacbioHiFiAssembly_genomic
AT1G64253	OX291600.1	81.25	208	31	7	2016	2220	20528875	20529077	5.93e-38	161	GCA_946406975.1_CAMA-C-2.PacbioHiFiAssembly_genomic
AT1G64255	OX291600.1	98.491	2253	19	1	1	2253	26852130	26854367	0	3958	GCA_946406975.1_CAMA-C-2.PacbioHiFiAssembly_genomic
AT1G64255	OX291600.1	82.139	1702	266	20	501	2181	26845474	26847158	0	1424	GCA_946406975.1_CAMA-C-2.PacbioHiFiAssembly_genomic
AT1G64255	OX291600.1	79.667	1623	284	35	561	2164	26855455	26857050	0	1127	GCA_946406975.1_CAMA-C-2.PacbioHiFiAssembly_genomic
AT1G64255	OX291600.1	77.082	1645	347	25	545	2177	26849139	26850765	0	922	GCA_946406975.1_CAMA-C-2.PacbioHiFiAssembly_genomic
AT1G64255	OX291600.1	81.931	642	110	5	1030	1668	26859221	26859859	2.38e-151	538	GCA_946406975.1_CAMA-C-2.PacbioHiFiAssembly_genomic
AT1G64255	OX291600.1	86.503	163	14	8	2014	2172	26847662	26847820	2.78e-41	172	GCA_946406975.1_CAMA-C-2.PacbioHiFiAssembly_genomic
AT1G64255	OX291600.1	79.72	143	25	4	237	377	26858293	26858433	1.33e-19	100	GCA_946406975.1_CAMA-C-2.PacbioHiFiAssembly_genomic
AT1G64260	OX291600.1	99.16	2738	19	2	1	2738	26854566	26857299	0	4926	GCA_946406975.1_CAMA-C-2.PacbioHiFiAssembly_genomic
AT1G64260	OX291600.1	79.506	1620	280	35	891	2489	26852690	26854278	0	1105	GCA_946406975.1_CAMA-C-2.PacbioHiFiAssembly_genomic
AT1G64260	OX291600.1	77.363	1608	328	28	891	2480	26849155	26850744	0	920	GCA_946406975.1_CAMA-C-2.PacbioHiFiAssembly_genomic
AT1G64260	OX291600.1	78.375	763	127	26	30	781	26848142	26848877	6.46e-128	460	GCA_946406975.1_CAMA-C-2.PacbioHiFiAssembly_genomic
AT1G64260	OX291600.1	83.402	241	33	7	2252	2489	21509763	21509527	1.54e-54	217	GCA_946406975.1_CAMA-C-2.PacbioHiFiAssembly_genomic
AT1G49920	OX291605.1	99.929	2810	2	0	1	2810	22945641	22948450	0	5179	GCA_946407145.1_BARC-A-17.PacbioHiFiAssembly_genomic
AT1G49920	OX291605.1	75.826	1150	226	35	1002	2140	28292359	28291251	1.08e-150	536	GCA_946407145.1_BARC-A-17.PacbioHiFiAssembly_genomic
AT1G49920	OX291605.1	83.402	241	33	7	466	702	28302795	28302558	1.59e-54	217	GCA_946407145.1_BARC-A-17.PacbioHiFiAssembly_genomic
AT1G49920	OX291605.1	82.927	246	35	5	433	676	28296518	28296278	5.74e-54	215	GCA_946407145.1_BARC-A-17.PacbioHiFiAssembly_genomic
AT1G64253	OX291605.1	97.693	1994	38	4	1	1992	28295524	28297511	0	3421	GCA_946407145.1_BARC-A-17.PacbioHiFiAssembly_genomic
AT1G64253	OX291605.1	76.832	1092	213	29	1	1063	28291899	28292979	1.39e-163	579	GCA_946407145.1_BARC-A-17.PacbioHiFiAssembly_genomic
AT1G64253	OX291605.1	76.22	984	204	25	2	967	28299067	28300038	5.18e-138	494	GCA_946407145.1_BARC-A-17.PacbioHiFiAssembly_genomic
AT1G64253	OX291605.1	76.337	972	194	28	2	956	28301834	28302786	2.41e-136	488	GCA_946407145.1_BARC-A-17.PacbioHiFiAssembly_genomic
AT1G64253	OX291605.1	79.365	504	94	7	1	496	22947108	22946607	1.54e-93	346	GCA_946407145.1_BARC-A-17.PacbioHiFiAssembly_genomic
AT1G64253	OX291605.1	81.731	208	30	7	2016	2220	21934941	21935143	1.28e-39	167	GCA_946407145.1_BARC-A-17.PacbioHiFiAssembly_genomic
AT1G64253	OX291605.1	81.25	208	31	7	2016	2220	21932154	21932356	5.97e-38	161	GCA_946407145.1_BARC-A-17.PacbioHiFiAssembly_genomic
AT1G64255	OX291605.1	98.047	2253	29	1	1	2253	28297887	28300124	0	3903	GCA_946407145.1_BARC-A-17.PacbioHiFiAssembly_genomic
AT1G64255	OX291605.1	82.011	1701	272	16	501	2181	28291208	28292894	0	1415	GCA_946407145.1_BARC-A-17.PacbioHiFiAssembly_genomic
AT1G64255	OX291605.1	79.557	1624	285	37	561	2164	28301199	28302795	0	1116	GCA_946407145.1_BARC-A-17.PacbioHiFiAssembly_genomic
AT1G64255	OX291605.1	77.035	1646	347	26	545	2177	28294874	28296501	0	917	GCA_946407145.1_BARC-A-17.PacbioHiFiAssembly_genomic
AT1G64255	OX291605.1	81.931	642	110	5	1030	1668	28304966	28305604	2.4e-151	538	GCA_946407145.1_BARC-A-17.PacbioHiFiAssembly_genomic
AT1G64255	OX291605.1	86.503	163	14	8	2014	2172	28293398	28293556	2.8e-41	172	GCA_946407145.1_BARC-A-17.PacbioHiFiAssembly_genomic
AT1G64255	OX291605.1	79.72	143	25	4	237	377	28304038	28304178	1.34e-19	100	GCA_946407145.1_BARC-A-17.PacbioHiFiAssembly_genomic
AT1G64260	OX291605.1	99.233	2738	19	1	1	2738	28300309	28303044	0	4939	GCA_946407145.1_BARC-A-17.PacbioHiFiAssembly_genomic
AT1G64260	OX291605.1	79.506	1620	280	35	891	2489	28298447	28300035	0	1105	GCA_946407145.1_BARC-A-17.PacbioHiFiAssembly_genomic
AT1G64260	OX291605.1	78.712	1677	312	31	834	2483	28291214	28292872	0	1077	GCA_946407145.1_BARC-A-17.PacbioHiFiAssembly_genomic
AT1G64260	OX291605.1	77.253	1609	329	29	891	2480	28294890	28296480	0	909	GCA_946407145.1_BARC-A-17.PacbioHiFiAssembly_genomic
AT1G64260	OX291605.1	78.478	762	128	24	30	781	28293877	28294612	1.4e-129	466	GCA_946407145.1_BARC-A-17.PacbioHiFiAssembly_genomic
AT1G64260	OX291605.1	83.402	241	33	7	2252	2489	22946342	22946106	1.55e-54	217	GCA_946407145.1_BARC-A-17.PacbioHiFiAssembly_genomic
AT1G49920	OX291617.1	98.541	2810	39	1	1	2810	20110331	20113138	0	4961	GCA_946407795.1_IP-Lor-16.PacbioHiFiAssembly_genomic
AT1G49920	OX291617.1	83.333	240	35	5	466	702	25419796	25419559	1.62e-54	217	GCA_946407795.1_IP-Lor-16.PacbioHiFiAssembly_genomic
AT1G64253	OX291617.1	76.773	973	190	28	2	956	25418833	25419787	1.46e-143	512	GCA_946407795.1_IP-Lor-16.PacbioHiFiAssembly_genomic
AT1G64253	OX291617.1	76.094	983	207	23	2	967	25416066	25417037	2.46e-136	488	GCA_946407795.1_IP-Lor-16.PacbioHiFiAssembly_genomic
AT1G64253	OX291617.1	79.167	504	95	7	1	496	20111798	20111297	7.28e-92	340	GCA_946407795.1_IP-Lor-16.PacbioHiFiAssembly_genomic
AT1G64253	OX291617.1	81.731	208	30	7	2016	2220	19123761	19123963	1.31e-39	167	GCA_946407795.1_IP-Lor-16.PacbioHiFiAssembly_genomic
AT1G64253	OX291617.1	92.105	114	7	2	2107	2220	19126639	19126750	2.19e-37	159	GCA_946407795.1_IP-Lor-16.PacbioHiFiAssembly_genomic
AT1G64255	OX291617.1	98.454	1682	26	0	572	2253	25415442	25417123	0	2963	GCA_946407795.1_IP-Lor-16.PacbioHiFiAssembly_genomic
AT1G64255	OX291617.1	79.791	1623	285	34	561	2164	25418198	25419796	0	1140	GCA_946407795.1_IP-Lor-16.PacbioHiFiAssembly_genomic
AT1G64255	OX291617.1	82.243	642	108	5	1030	1668	25421957	25422595	1.13e-154	549	GCA_946407795.1_IP-Lor-16.PacbioHiFiAssembly_genomic
AT1G64255	OX291617.1	79.72	143	25	4	237	377	25421029	25421169	1.36e-19	100	GCA_946407795.1_IP-Lor-16.PacbioHiFiAssembly_genomic
AT1G64260	OX291617.1	98.977	2738	19	2	1	2738	25417308	25420036	0	4892	GCA_946407795.1_IP-Lor-16.PacbioHiFiAssembly_genomic
AT1G64260	OX291617.1	79.775	1602	283	32	911	2489	25415451	25417034	0	1125	GCA_946407795.1_IP-Lor-16.PacbioHiFiAssembly_genomic
AT1G64260	OX291617.1	81.743	241	37	7	2252	2489	20111032	20110796	7.41e-48	195	GCA_946407795.1_IP-Lor-16.PacbioHiFiAssembly_genomic
AT1G49920	OX291622.1	99.929	2810	2	0	1	2810	22117939	22120748	0	5179	GCA_946408365.1_SALE-A-10.PacbioHiFiAssembly_genomic
AT1G49920	OX291622.1	75.614	1181	248	27	967	2142	27409811	27408666	1.38e-154	549	GCA_946408365.1_SALE-A-10.PacbioHiFiAssembly_genomic
AT1G49920	OX291622.1	82.927	246	35	5	433	676	27410309	27410069	5.71e-54	215	GCA_946408365.1_SALE-A-10.PacbioHiFiAssembly_genomic
AT1G64253	OX291622.1	96.529	2017	39	6	1	2016	27409316	27411302	0	3308	GCA_946408365.1_SALE-A-10.PacbioHiFiAssembly_genomic
AT1G64253	OX291622.1	78.095	945	170	30	52	977	27405980	27406906	3.88e-159	564	GCA_946408365.1_SALE-A-10.PacbioHiFiAssembly_genomic
AT1G64253	OX291622.1	83.924	423	66	2	100	521	27414272	27414693	8.95e-111	403	GCA_946408365.1_SALE-A-10.PacbioHiFiAssembly_genomic
AT1G64253	OX291622.1	79.365	504	94	7	1	496	22119406	22118905	1.53e-93	346	GCA_946408365.1_SALE-A-10.PacbioHiFiAssembly_genomic
AT1G64253	OX291622.1	81.731	208	30	7	2016	2220	21142208	21142410	1.28e-39	167	GCA_946408365.1_SALE-A-10.PacbioHiFiAssembly_genomic
AT1G64253	OX291622.1	92.105	114	7	2	2107	2220	21139512	21139623	2.14e-37	159	GCA_946408365.1_SALE-A-10.PacbioHiFiAssembly_genomic
AT1G64255	OX291622.1	91.46	2260	167	14	1	2253	27411657	27413897	0	3081	GCA_946408365.1_SALE-A-10.PacbioHiFiAssembly_genomic
AT1G64255	OX291622.1	82.975	1768	266	23	501	2253	27405235	27406982	0	1565	GCA_946408365.1_SALE-A-10.PacbioHiFiAssembly_genomic
AT1G64255	OX291622.1	77.4	1646	340	27	545	2177	27408666	27410292	0	950	GCA_946408365.1_SALE-A-10.PacbioHiFiAssembly_genomic
AT1G64260	OX291622.1	79.237	1652	313	25	843	2480	27405250	27406885	0	1123	GCA_946408365.1_SALE-A-10.PacbioHiFiAssembly_genomic
AT1G64260	OX291622.1	77.861	1608	320	29	891	2480	27408682	27410271	0	965	GCA_946408365.1_SALE-A-10.PacbioHiFiAssembly_genomic
AT1G64260	OX291622.1	83.402	241	33	7	2252	2489	22118640	22118404	1.55e-54	217	GCA_946408365.1_SALE-A-10.PacbioHiFiAssembly_genomic
AT1G49920	OX291627.1	99.964	2810	1	0	1	2810	21513090	21515899	0	5184	GCA_946408575.1_CAMA-C-9.PacbioHiFiAssembly_genomic
AT1G49920	OX291627.1	76.153	1149	222	38	1002	2140	26851674	26850568	8.18e-157	556	GCA_946408575.1_CAMA-C-9.PacbioHiFiAssembly_genomic
AT1G49920	OX291627.1	82.927	246	35	5	433	676	26855833	26855593	5.67e-54	215	GCA_946408575.1_CAMA-C-9.PacbioHiFiAssembly_genomic
AT1G49920	OX291627.1	82.917	240	36	5	466	702	26862101	26861864	7.33e-53	211	GCA_946408575.1_CAMA-C-9.PacbioHiFiAssembly_genomic
AT1G64253	OX291627.1	97.642	1993	40	3	1	1992	26854840	26856826	0	3413	GCA_946408575.1_CAMA-C-9.PacbioHiFiAssembly_genomic
AT1G64253	OX291627.1	76.648	1092	214	30	1	1063	26851215	26852294	1.07e-159	566	GCA_946408575.1_CAMA-C-9.PacbioHiFiAssembly_genomic
AT1G64253	OX291627.1	76.519	971	196	25	2	956	26861138	26862092	3.06e-140	501	GCA_946408575.1_CAMA-C-9.PacbioHiFiAssembly_genomic
AT1G64253	OX291627.1	79.365	504	94	7	1	496	21514557	21514056	1.52e-93	346	GCA_946408575.1_CAMA-C-9.PacbioHiFiAssembly_genomic
AT1G64253	OX291627.1	81.731	208	30	7	2016	2220	20535694	20535896	1.27e-39	167	GCA_946408575.1_CAMA-C-9.PacbioHiFiAssembly_genomic
AT1G64253	OX291627.1	81.25	208	31	7	2016	2220	20532907	20533109	5.9e-38	161	GCA_946408575.1_CAMA-C-9.PacbioHiFiAssembly_genomic
AT1G64255	OX291627.1	98.491	2253	19	1	1	2253	26857181	26859418	0	3958	GCA_946408575.1_CAMA-C-9.PacbioHiFiAssembly_genomic
AT1G64255	OX291627.1	82.139	1702	266	20	501	2181	26850525	26852209	0	1424	GCA_946408575.1_CAMA-C-9.PacbioHiFiAssembly_genomic
AT1G64255	OX291627.1	79.667	1623	284	35	561	2164	26860506	26862101	0	1127	GCA_946408575.1_CAMA-C-9.PacbioHiFiAssembly_genomic
AT1G64255	OX291627.1	77.082	1645	347	25	545	2177	26854190	26855816	0	922	GCA_946408575.1_CAMA-C-9.PacbioHiFiAssembly_genomic
AT1G64255	OX291627.1	81.931	642	110	5	1030	1668	26864272	26864910	2.37e-151	538	GCA_946408575.1_CAMA-C-9.PacbioHiFiAssembly_genomic
AT1G64255	OX291627.1	86.503	163	14	8	2014	2172	26852713	26852871	2.77e-41	172	GCA_946408575.1_CAMA-C-9.PacbioHiFiAssembly_genomic
AT1G64255	OX291627.1	79.72	143	25	4	237	377	26863344	26863484	1.32e-19	100	GCA_946408575.1_CAMA-C-9.PacbioHiFiAssembly_genomic
AT1G64260	OX291627.1	99.16	2738	19	2	1	2738	26859617	26862350	0	4926	GCA_946408575.1_CAMA-C-9.PacbioHiFiAssembly_genomic
AT1G64260	OX291627.1	79.506	1620	280	35	891	2489	26857741	26859329	0	1105	GCA_946408575.1_CAMA-C-9.PacbioHiFiAssembly_genomic
AT1G64260	OX291627.1	77.363	1608	328	28	891	2480	26854206	26855795	0	920	GCA_946408575.1_CAMA-C-9.PacbioHiFiAssembly_genomic
AT1G64260	OX291627.1	78.375	763	127	26	30	781	26853193	26853928	6.42e-128	460	GCA_946408575.1_CAMA-C-9.PacbioHiFiAssembly_genomic
AT1G64260	OX291627.1	83.402	241	33	7	2252	2489	21513791	21513555	1.54e-54	217	GCA_946408575.1_CAMA-C-9.PacbioHiFiAssembly_genomic
AT1G49920	OX291649.1	99.929	2810	2	0	1	2810	19939955	19942764	0	5179	GCA_946408975.1_BELC-C-12.PacbioHiFiAssembly_genomic
AT1G49920	OX291649.1	75.932	1180	246	29	967	2142	25337726	25336581	2.93e-161	571	GCA_946408975.1_BELC-C-12.PacbioHiFiAssembly_genomic
AT1G49920	OX291649.1	83.333	240	35	5	466	702	25344905	25344668	1.58e-54	217	GCA_946408975.1_BELC-C-12.PacbioHiFiAssembly_genomic
AT1G64253	OX291649.1	99.91	2220	2	0	1	2220	25337231	25339450	0	4089	GCA_946408975.1_BELC-C-12.PacbioHiFiAssembly_genomic
AT1G64253	OX291649.1	78.072	944	171	29	52	977	25333910	25334835	3.87e-159	564	GCA_946408975.1_BELC-C-12.PacbioHiFiAssembly_genomic
AT1G64253	OX291649.1	76.519	971	196	25	2	956	25343942	25344896	3.07e-140	501	GCA_946408975.1_BELC-C-12.PacbioHiFiAssembly_genomic
AT1G64253	OX291649.1	79.365	504	94	7	1	496	19941422	19940921	1.52e-93	346	GCA_946408975.1_BELC-C-12.PacbioHiFiAssembly_genomic
AT1G64253	OX291649.1	81.731	208	30	7	2016	2220	18959728	18959930	1.27e-39	167	GCA_946408975.1_BELC-C-12.PacbioHiFiAssembly_genomic
AT1G64253	OX291649.1	81.25	208	31	7	2016	2220	18956939	18957141	5.93e-38	161	GCA_946408975.1_BELC-C-12.PacbioHiFiAssembly_genomic
AT1G64255	OX291649.1	99.822	2253	4	0	1	2253	25339966	25342218	0	4139	GCA_946408975.1_BELC-C-12.PacbioHiFiAssembly_genomic
AT1G64255	OX291649.1	82.965	1767	267	22	501	2253	25333165	25334911	0	1565	GCA_946408975.1_BELC-C-12.PacbioHiFiAssembly_genomic
AT1G64255	OX291649.1	79.852	1623	284	34	561	2164	25343307	25344905	0	1146	GCA_946408975.1_BELC-C-12.PacbioHiFiAssembly_genomic
AT1G64255	OX291649.1	77.278	1646	342	27	545	2177	25336581	25338207	0	939	GCA_946408975.1_BELC-C-12.PacbioHiFiAssembly_genomic
AT1G64255	OX291649.1	82.215	641	108	5	1030	1667	25347076	25347713	3.95e-154	547	GCA_946408975.1_BELC-C-12.PacbioHiFiAssembly_genomic
AT1G64255	OX291649.1	79.72	143	25	4	237	377	25346148	25346288	1.33e-19	100	GCA_946408975.1_BELC-C-12.PacbioHiFiAssembly_genomic
AT1G64260	OX291649.1	99.817	2738	5	0	1	2738	25342417	25345154	0	5029	GCA_946408975.1_BELC-C-12.PacbioHiFiAssembly_genomic
AT1G64260	OX291649.1	79.593	1622	290	31	891	2489	25340526	25342129	0	1123	GCA_946408975.1_BELC-C-12.PacbioHiFiAssembly_genomic
AT1G64260	OX291649.1	79.164	1651	315	24	843	2480	25333180	25334814	0	1116	GCA_946408975.1_BELC-C-12.PacbioHiFiAssembly_genomic
AT1G64260	OX291649.1	77.792	1612	314	34	891	2480	25336597	25338186	0	953	GCA_946408975.1_BELC-C-12.PacbioHiFiAssembly_genomic
AT1G64260	OX291649.1	77.675	757	137	22	30	781	25335599	25336328	1.41e-119	433	GCA_946408975.1_BELC-C-12.PacbioHiFiAssembly_genomic
AT1G64260	OX291649.1	83.402	241	33	7	2252	2489	19940656	19940420	1.54e-54	217	GCA_946408975.1_BELC-C-12.PacbioHiFiAssembly_genomic
AT1G49920	OX291655.1	99.964	2810	1	0	1	2810	21395716	21398525	0	5184	GCA_946409395.1_BROU-A-10.PacbioHiFiAssembly_genomic
AT1G49920	OX291655.1	75.783	1181	245	28	967	2142	26741175	26740031	2.25e-157	558	GCA_946409395.1_BROU-A-10.PacbioHiFiAssembly_genomic
AT1G49920	OX291655.1	82.927	246	35	5	433	676	26741673	26741433	5.6e-54	215	GCA_946409395.1_BROU-A-10.PacbioHiFiAssembly_genomic
AT1G64253	OX291655.1	96.48	2017	40	6	1	2016	26740680	26742666	0	3302	GCA_946409395.1_BROU-A-10.PacbioHiFiAssembly_genomic
AT1G64253	OX291655.1	78.155	943	170	29	52	977	26737349	26738272	2.94e-160	568	GCA_946409395.1_BROU-A-10.PacbioHiFiAssembly_genomic
AT1G64253	OX291655.1	83.924	423	66	2	100	521	26745635	26746056	8.77e-111	403	GCA_946409395.1_BROU-A-10.PacbioHiFiAssembly_genomic
AT1G64253	OX291655.1	79.365	504	94	7	1	496	21397183	21396682	1.5e-93	346	GCA_946409395.1_BROU-A-10.PacbioHiFiAssembly_genomic
AT1G64253	OX291655.1	92.982	114	6	2	2107	2220	20434859	20434970	4.51e-39	165	GCA_946409395.1_BROU-A-10.PacbioHiFiAssembly_genomic
AT1G64253	OX291655.1	80.769	208	32	7	2016	2220	20437555	20437757	2.71e-36	156	GCA_946409395.1_BROU-A-10.PacbioHiFiAssembly_genomic
AT1G64255	OX291655.1	91.372	2260	168	15	1	2253	26743021	26745260	0	3068	GCA_946409395.1_BROU-A-10.PacbioHiFiAssembly_genomic
AT1G64255	OX291655.1	82.938	1770	260	27	501	2253	26736604	26738348	0	1557	GCA_946409395.1_BROU-A-10.PacbioHiFiAssembly_genomic
AT1G64255	OX291655.1	77.4	1646	339	28	545	2177	26740031	26741656	0	948	GCA_946409395.1_BROU-A-10.PacbioHiFiAssembly_genomic
AT1G64260	OX291655.1	79.225	1651	312	26	843	2480	26736619	26738251	0	1120	GCA_946409395.1_BROU-A-10.PacbioHiFiAssembly_genomic
AT1G64260	OX291655.1	77.799	1608	320	30	891	2480	26740047	26741635	0	957	GCA_946409395.1_BROU-A-10.PacbioHiFiAssembly_genomic
AT1G64260	OX291655.1	78.421	760	129	23	30	781	26739037	26739769	1.76e-128	462	GCA_946409395.1_BROU-A-10.PacbioHiFiAssembly_genomic
AT1G64260	OX291655.1	83.402	241	33	7	2252	2489	21396417	21396181	1.52e-54	217	GCA_946409395.1_BROU-A-10.PacbioHiFiAssembly_genomic
AT1G49920	OX291671.1	99.929	2810	2	0	1	2810	22152233	22155042	0	5179	GCA_946409815.1_SALE-A-17.PacbioHiFiAssembly_genomic
AT1G49920	OX291671.1	75.614	1181	248	27	967	2142	27444099	27442954	1.37e-154	549	GCA_946409815.1_SALE-A-17.PacbioHiFiAssembly_genomic
AT1G49920	OX291671.1	82.927	246	35	5	433	676	27444597	27444357	5.66e-54	215	GCA_946409815.1_SALE-A-17.PacbioHiFiAssembly_genomic
AT1G64253	OX291671.1	96.529	2017	39	6	1	2016	27443604	27445590	0	3308	GCA_946409815.1_SALE-A-17.PacbioHiFiAssembly_genomic
AT1G64253	OX291671.1	78.095	945	170	30	52	977	27440268	27441194	3.85e-159	564	GCA_946409815.1_SALE-A-17.PacbioHiFiAssembly_genomic
AT1G64253	OX291671.1	83.924	423	66	2	100	521	27448560	27448981	8.87e-111	403	GCA_946409815.1_SALE-A-17.PacbioHiFiAssembly_genomic
AT1G64253	OX291671.1	79.365	504	94	7	1	496	22153700	22153199	1.52e-93	346	GCA_946409815.1_SALE-A-17.PacbioHiFiAssembly_genomic
AT1G64253	OX291671.1	81.731	208	30	7	2016	2220	21176506	21176708	1.27e-39	167	GCA_946409815.1_SALE-A-17.PacbioHiFiAssembly_genomic
AT1G64253	OX291671.1	92.105	114	7	2	2107	2220	21173810	21173921	2.12e-37	159	GCA_946409815.1_SALE-A-17.PacbioHiFiAssembly_genomic
AT1G64255	OX291671.1	91.46	2260	167	14	1	2253	27445945	27448185	0	3081	GCA_946409815.1_SALE-A-17.PacbioHiFiAssembly_genomic
AT1G64255	OX291671.1	82.975	1768	266	23	501	2253	27439523	27441270	0	1565	GCA_946409815.1_SALE-A-17.PacbioHiFiAssembly_genomic
AT1G64255	OX291671.1	77.4	1646	340	27	545	2177	27442954	27444580	0	950	GCA_946409815.1_SALE-A-17.PacbioHiFiAssembly_genomic
AT1G64260	OX291671.1	79.237	1652	313	25	843	2480	27439538	27441173	0	1123	GCA_946409815.1_SALE-A-17.PacbioHiFiAssembly_genomic
AT1G64260	OX291671.1	77.861	1608	320	29	891	2480	27442970	27444559	0	965	GCA_946409815.1_SALE-A-17.PacbioHiFiAssembly_genomic
AT1G64260	OX291671.1	83.402	241	33	7	2252	2489	22152934	22152698	1.53e-54	217	GCA_946409815.1_SALE-A-17.PacbioHiFiAssembly_genomic
AT1G49920	OX291677.1	99.929	2810	2	0	1	2810	22944572	22947381	0	5179	GCA_946410165.1_BARC-A-12.PacbioHiFiAssembly_genomic
AT1G49920	OX291677.1	75.826	1150	226	35	1002	2140	28291277	28290169	1.08e-150	536	GCA_946410165.1_BARC-A-12.PacbioHiFiAssembly_genomic
AT1G49920	OX291677.1	83.402	241	33	7	466	702	28301713	28301476	1.59e-54	217	GCA_946410165.1_BARC-A-12.PacbioHiFiAssembly_genomic
AT1G49920	OX291677.1	82.927	246	35	5	433	676	28295436	28295196	5.73e-54	215	GCA_946410165.1_BARC-A-12.PacbioHiFiAssembly_genomic
AT1G64253	OX291677.1	97.693	1994	38	4	1	1992	28294442	28296429	0	3421	GCA_946410165.1_BARC-A-12.PacbioHiFiAssembly_genomic
AT1G64253	OX291677.1	76.832	1092	213	29	1	1063	28290817	28291897	1.39e-163	579	GCA_946410165.1_BARC-A-12.PacbioHiFiAssembly_genomic
AT1G64253	OX291677.1	76.22	984	204	25	2	967	28297985	28298956	5.18e-138	494	GCA_946410165.1_BARC-A-12.PacbioHiFiAssembly_genomic
AT1G64253	OX291677.1	76.337	972	194	28	2	956	28300752	28301704	2.41e-136	488	GCA_946410165.1_BARC-A-12.PacbioHiFiAssembly_genomic
AT1G64253	OX291677.1	79.365	504	94	7	1	496	22946039	22945538	1.53e-93	346	GCA_946410165.1_BARC-A-12.PacbioHiFiAssembly_genomic
AT1G64253	OX291677.1	81.731	208	30	7	2016	2220	21933872	21934074	1.28e-39	167	GCA_946410165.1_BARC-A-12.PacbioHiFiAssembly_genomic
AT1G64253	OX291677.1	81.25	208	31	7	2016	2220	21931085	21931287	5.96e-38	161	GCA_946410165.1_BARC-A-12.PacbioHiFiAssembly_genomic
AT1G64255	OX291677.1	98.047	2253	29	1	1	2253	28296805	28299042	0	3903	GCA_946410165.1_BARC-A-12.PacbioHiFiAssembly_genomic
AT1G64255	OX291677.1	82.011	1701	272	16	501	2181	28290126	28291812	0	1415	GCA_946410165.1_BARC-A-12.PacbioHiFiAssembly_genomic
AT1G64255	OX291677.1	79.557	1624	285	37	561	2164	28300117	28301713	0	1116	GCA_946410165.1_BARC-A-12.PacbioHiFiAssembly_genomic
AT1G64255	OX291677.1	77.035	1646	347	26	545	2177	28293792	28295419	0	917	GCA_946410165.1_BARC-A-12.PacbioHiFiAssembly_genomic
AT1G64255	OX291677.1	81.931	642	110	5	1030	1668	28303884	28304522	2.39e-151	538	GCA_946410165.1_BARC-A-12.PacbioHiFiAssembly_genomic
AT1G64255	OX291677.1	86.503	163	14	8	2014	2172	28292316	28292474	2.8e-41	172	GCA_946410165.1_BARC-A-12.PacbioHiFiAssembly_genomic
AT1G64255	OX291677.1	79.72	143	25	4	237	377	28302956	28303096	1.34e-19	100	GCA_946410165.1_BARC-A-12.PacbioHiFiAssembly_genomic
AT1G64260	OX291677.1	99.233	2738	19	1	1	2738	28299227	28301962	0	4939	GCA_946410165.1_BARC-A-12.PacbioHiFiAssembly_genomic
AT1G64260	OX291677.1	79.506	1620	280	35	891	2489	28297365	28298953	0	1105	GCA_946410165.1_BARC-A-12.PacbioHiFiAssembly_genomic
AT1G64260	OX291677.1	78.712	1677	312	31	834	2483	28290132	28291790	0	1077	GCA_946410165.1_BARC-A-12.PacbioHiFiAssembly_genomic
AT1G64260	OX291677.1	77.253	1609	329	29	891	2480	28293808	28295398	0	909	GCA_946410165.1_BARC-A-12.PacbioHiFiAssembly_genomic
AT1G64260	OX291677.1	78.478	762	128	24	30	781	28292795	28293530	1.39e-129	466	GCA_946410165.1_BARC-A-12.PacbioHiFiAssembly_genomic
AT1G64260	OX291677.1	83.402	241	33	7	2252	2489	22945273	22945037	1.55e-54	217	GCA_946410165.1_BARC-A-12.PacbioHiFiAssembly_genomic
AT1G49920	OX291682.1	97.438	2810	42	3	1	2810	20689077	20691856	0	4763	GCA_946410485.1_IP-Alo-19.PacbioHiFiAssembly_genomic
AT1G49920	OX291682.1	75.932	1180	246	29	967	2142	26041863	26040718	2.98e-161	571	GCA_946410485.1_IP-Alo-19.PacbioHiFiAssembly_genomic
AT1G49920	OX291682.1	83.402	241	33	7	466	702	26049042	26048805	1.61e-54	217	GCA_946410485.1_IP-Alo-19.PacbioHiFiAssembly_genomic
AT1G64253	OX291682.1	100	2220	0	0	1	2220	26041368	26043587	0	4100	GCA_946410485.1_IP-Alo-19.PacbioHiFiAssembly_genomic
AT1G64253	OX291682.1	77.966	944	172	29	52	977	26038045	26038970	1.83e-157	558	GCA_946410485.1_IP-Alo-19.PacbioHiFiAssembly_genomic
AT1G64253	OX291682.1	76.313	971	198	25	2	956	26048079	26049033	6.77e-137	490	GCA_946410485.1_IP-Alo-19.PacbioHiFiAssembly_genomic
AT1G64253	OX291682.1	79.167	504	95	7	1	496	20690544	20690043	7.21e-92	340	GCA_946410485.1_IP-Alo-19.PacbioHiFiAssembly_genomic
AT1G64253	OX291682.1	81.25	208	31	7	2016	2220	19690516	19690718	6.03e-38	161	GCA_946410485.1_IP-Alo-19.PacbioHiFiAssembly_genomic
AT1G64253	OX291682.1	81.25	208	31	7	2016	2220	19693304	19693506	6.03e-38	161	GCA_946410485.1_IP-Alo-19.PacbioHiFiAssembly_genomic
AT1G64255	OX291682.1	100	2253	0	0	1	2253	26044103	26046355	0	4161	GCA_946410485.1_IP-Alo-19.PacbioHiFiAssembly_genomic
AT1G64255	OX291682.1	82.975	1768	265	23	501	2253	26037300	26039046	0	1565	GCA_946410485.1_IP-Alo-19.PacbioHiFiAssembly_genomic
AT1G64255	OX291682.1	79.667	1623	287	34	561	2164	26047444	26049042	0	1129	GCA_946410485.1_IP-Alo-19.PacbioHiFiAssembly_genomic
AT1G64255	OX291682.1	77.278	1646	342	27	545	2177	26040718	26042344	0	939	GCA_946410485.1_IP-Alo-19.PacbioHiFiAssembly_genomic
AT1G64255	OX291682.1	82.243	642	108	5	1030	1668	26051214	26051852	1.12e-154	549	GCA_946410485.1_IP-Alo-19.PacbioHiFiAssembly_genomic
AT1G64255	OX291682.1	79.72	143	25	4	237	377	26050286	26050426	1.35e-19	100	GCA_946410485.1_IP-Alo-19.PacbioHiFiAssembly_genomic
AT1G64260	OX291682.1	100	2738	0	0	1	2738	26046554	26049291	0	5057	GCA_946410485.1_IP-Alo-19.PacbioHiFiAssembly_genomic
AT1G64260	OX291682.1	79.667	1623	287	33	891	2489	26044663	26046266	0	1129	GCA_946410485.1_IP-Alo-19.PacbioHiFiAssembly_genomic
AT1G64260	OX291682.1	79.104	1651	316	24	843	2480	26037315	26038949	0	1110	GCA_946410485.1_IP-Alo-19.PacbioHiFiAssembly_genomic
AT1G64260	OX291682.1	77.792	1612	314	34	891	2480	26040734	26042323	0	953	GCA_946410485.1_IP-Alo-19.PacbioHiFiAssembly_genomic
AT1G64260	OX291682.1	78.158	760	131	23	30	781	26039734	26040466	3.95e-125	451	GCA_946410485.1_IP-Alo-19.PacbioHiFiAssembly_genomic
AT1G64260	OX291682.1	81.328	241	38	7	2252	2489	20689778	20689542	3.42e-46	189	GCA_946410485.1_IP-Alo-19.PacbioHiFiAssembly_genomic
AT1G49920	OX291695.1	99.929	2810	2	0	1	2810	20073260	20076069	0	5179	GCA_946411375.1_IP-Cas-0.9831.PacbioHiFiAssembly_genomic
AT1G49920	OX291695.1	83.333	240	35	5	466	702	25393101	25392864	1.58e-54	217	GCA_946411375.1_IP-Cas-0.9831.PacbioHiFiAssembly_genomic
AT1G49920	OX291695.1	82.927	246	35	5	433	676	25386816	25386576	5.69e-54	215	GCA_946411375.1_IP-Cas-0.9831.PacbioHiFiAssembly_genomic
AT1G49920	OX291695.1	77.992	259	49	6	1002	1259	25382582	25382331	3.5e-36	156	GCA_946411375.1_IP-Cas-0.9831.PacbioHiFiAssembly_genomic
AT1G64253	OX291695.1	97.742	1993	38	3	1	1992	25385823	25387809	0	3424	GCA_946411375.1_IP-Cas-0.9831.PacbioHiFiAssembly_genomic
AT1G64253	OX291695.1	76.622	971	195	25	2	956	25392138	25393092	6.6e-142	507	GCA_946411375.1_IP-Cas-0.9831.PacbioHiFiAssembly_genomic
AT1G64253	OX291695.1	76.118	984	205	24	2	967	25389371	25390342	2.39e-136	488	GCA_946411375.1_IP-Cas-0.9831.PacbioHiFiAssembly_genomic
AT1G64253	OX291695.1	75.764	883	166	32	210	1063	25382331	25383194	3.21e-110	401	GCA_946411375.1_IP-Cas-0.9831.PacbioHiFiAssembly_genomic
AT1G64253	OX291695.1	79.167	504	95	7	1	496	20074727	20074226	7.09e-92	340	GCA_946411375.1_IP-Cas-0.9831.PacbioHiFiAssembly_genomic
AT1G64253	OX291695.1	81.731	208	30	7	2016	2220	19094195	19094397	1.27e-39	167	GCA_946411375.1_IP-Cas-0.9831.PacbioHiFiAssembly_genomic
AT1G64253	OX291695.1	81.731	208	30	7	2016	2220	19096978	19097180	1.27e-39	167	GCA_946411375.1_IP-Cas-0.9831.PacbioHiFiAssembly_genomic
AT1G64255	OX291695.1	98.491	2253	34	0	1	2253	25388176	25390428	0	3973	GCA_946411375.1_IP-Cas-0.9831.PacbioHiFiAssembly_genomic
AT1G64255	OX291695.1	79.865	1624	282	36	561	2164	25391503	25393101	0	1146	GCA_946411375.1_IP-Cas-0.9831.PacbioHiFiAssembly_genomic
AT1G64255	OX291695.1	77.021	1645	347	26	545	2177	25385174	25386799	0	915	GCA_946411375.1_IP-Cas-0.9831.PacbioHiFiAssembly_genomic
AT1G64255	OX291695.1	82.087	642	109	5	1030	1668	25395272	25395910	5.11e-153	544	GCA_946411375.1_IP-Cas-0.9831.PacbioHiFiAssembly_genomic
AT1G64255	OX291695.1	77.25	800	139	25	1404	2181	25382331	25383109	1.49e-118	429	GCA_946411375.1_IP-Cas-0.9831.PacbioHiFiAssembly_genomic
AT1G64255	OX291695.1	86.503	163	14	8	2014	2172	25383613	25383771	2.78e-41	172	GCA_946411375.1_IP-Cas-0.9831.PacbioHiFiAssembly_genomic
AT1G64255	OX291695.1	79.72	143	25	4	237	377	25394344	25394484	1.33e-19	100	GCA_946411375.1_IP-Cas-0.9831.PacbioHiFiAssembly_genomic
AT1G64260	OX291695.1	99.16	2738	23	0	1	2738	25390613	25393350	0	4929	GCA_946411375.1_IP-Cas-0.9831.PacbioHiFiAssembly_genomic
AT1G64260	OX291695.1	79.408	1622	293	32	891	2489	25388736	25390339	0	1107	GCA_946411375.1_IP-Cas-0.9831.PacbioHiFiAssembly_genomic
AT1G64260	OX291695.1	77.239	1608	329	29	891	2480	25385190	25386778	0	907	GCA_946411375.1_IP-Cas-0.9831.PacbioHiFiAssembly_genomic
AT1G64260	OX291695.1	78.478	762	128	24	30	781	25384177	25384912	1.39e-129	466	GCA_946411375.1_IP-Cas-0.9831.PacbioHiFiAssembly_genomic
AT1G64260	OX291695.1	83.402	241	33	7	2252	2489	20073961	20073725	1.54e-54	217	GCA_946411375.1_IP-Cas-0.9831.PacbioHiFiAssembly_genomic
AT1G49920	OX291700.1	98.612	2810	37	1	1	2810	22942403	22945210	0	4972	GCA_946411425.1_IP-Hom-0.PacbioHiFiAssembly_genomic
AT1G49920	OX291700.1	83.333	240	35	5	466	702	28192877	28192640	1.65e-54	217	GCA_946411425.1_IP-Hom-0.PacbioHiFiAssembly_genomic
AT1G64253	OX291700.1	76.773	973	190	28	2	956	28191914	28192868	1.48e-143	512	GCA_946411425.1_IP-Hom-0.PacbioHiFiAssembly_genomic
AT1G64253	OX291700.1	76.195	983	206	23	2	967	28189147	28190118	5.36e-138	494	GCA_946411425.1_IP-Hom-0.PacbioHiFiAssembly_genomic
AT1G64253	OX291700.1	79.167	504	95	7	1	496	22943870	22943369	7.39e-92	340	GCA_946411425.1_IP-Hom-0.PacbioHiFiAssembly_genomic
AT1G64253	OX291700.1	81.731	208	30	7	2016	2220	21961972	21962174	1.33e-39	167	GCA_946411425.1_IP-Hom-0.PacbioHiFiAssembly_genomic
AT1G64253	OX291700.1	80.769	208	32	7	2016	2220	21959185	21959387	2.87e-36	156	GCA_946411425.1_IP-Hom-0.PacbioHiFiAssembly_genomic
AT1G64255	OX291700.1	98.573	1682	24	0	572	2253	28188523	28190204	0	2974	GCA_946411425.1_IP-Hom-0.PacbioHiFiAssembly_genomic
AT1G64255	OX291700.1	79.791	1623	285	34	561	2164	28191279	28192877	0	1140	GCA_946411425.1_IP-Hom-0.PacbioHiFiAssembly_genomic
AT1G64255	OX291700.1	82.087	642	109	5	1030	1668	28195048	28195686	5.32e-153	544	GCA_946411425.1_IP-Hom-0.PacbioHiFiAssembly_genomic
AT1G64255	OX291700.1	79.72	143	25	4	237	377	28194120	28194260	1.39e-19	100	GCA_946411425.1_IP-Hom-0.PacbioHiFiAssembly_genomic
AT1G64260	OX291700.1	99.343	2738	18	0	1	2738	28190389	28193126	0	4957	GCA_946411425.1_IP-Hom-0.PacbioHiFiAssembly_genomic
AT1G64260	OX291700.1	79.9	1602	281	32	911	2489	28188532	28190115	0	1136	GCA_946411425.1_IP-Hom-0.PacbioHiFiAssembly_genomic
AT1G64260	OX291700.1	81.743	241	37	7	2252	2489	22943104	22942868	7.52e-48	195	GCA_946411425.1_IP-Hom-0.PacbioHiFiAssembly_genomic
AT1G49920	OX291709.1	99.929	2810	2	0	1	2810	22315759	22318568	0	5179	GCA_946411655.1_MERE-A-13.PacbioHiFiAssembly_genomic
AT1G49920	OX291709.1	75.655	1183	244	30	967	2142	27669209	27668064	1.43e-154	549	GCA_946411655.1_MERE-A-13.PacbioHiFiAssembly_genomic
AT1G49920	OX291709.1	82.927	246	35	5	433	676	27669707	27669467	5.92e-54	215	GCA_946411655.1_MERE-A-13.PacbioHiFiAssembly_genomic
AT1G64253	OX291709.1	96.629	2017	37	6	1	2016	27668714	27670700	0	3319	GCA_946411655.1_MERE-A-13.PacbioHiFiAssembly_genomic
AT1G64253	OX291709.1	78.178	944	170	29	52	977	27665380	27666305	8.64e-161	569	GCA_946411655.1_MERE-A-13.PacbioHiFiAssembly_genomic
AT1G64253	OX291709.1	83.924	423	66	2	100	521	27673671	27674092	9.28e-111	403	GCA_946411655.1_MERE-A-13.PacbioHiFiAssembly_genomic
AT1G64253	OX291709.1	79.365	504	94	7	1	496	22317226	22316725	1.59e-93	346	GCA_946411655.1_MERE-A-13.PacbioHiFiAssembly_genomic
AT1G64253	OX291709.1	81.731	208	30	7	2016	2220	21310454	21310656	1.32e-39	167	GCA_946411655.1_MERE-A-13.PacbioHiFiAssembly_genomic
AT1G64253	OX291709.1	81.731	208	30	7	2016	2220	21313239	21313441	1.32e-39	167	GCA_946411655.1_MERE-A-13.PacbioHiFiAssembly_genomic
AT1G64253	OX291713.1	81.731	208	30	7	2016	2220	21071875	21071673	1.32e-39	167	GCA_946411655.1_MERE-A-13.PacbioHiFiAssembly_genomic
AT1G64253	OX291713.1	81.731	208	30	7	2016	2220	21074668	21074466	1.32e-39	167	GCA_946411655.1_MERE-A-13.PacbioHiFiAssembly_genomic
AT1G64255	OX291709.1	91.504	2260	166	14	1	2253	27671055	27673295	0	3086	GCA_946411655.1_MERE-A-13.PacbioHiFiAssembly_genomic
AT1G64255	OX291709.1	82.931	1740	266	21	528	2253	27664659	27666381	0	1539	GCA_946411655.1_MERE-A-13.PacbioHiFiAssembly_genomic
AT1G64255	OX291709.1	77.521	1646	338	27	545	2177	27668064	27669690	0	961	GCA_946411655.1_MERE-A-13.PacbioHiFiAssembly_genomic
AT1G64260	OX291709.1	79.205	1635	311	24	859	2480	27664666	27666284	0	1109	GCA_946411655.1_MERE-A-13.PacbioHiFiAssembly_genomic
AT1G64260	OX291709.1	77.985	1608	318	29	891	2480	27668080	27669669	0	976	GCA_946411655.1_MERE-A-13.PacbioHiFiAssembly_genomic
AT1G64260	OX291709.1	78.158	760	131	23	30	781	27667070	27667802	4.04e-125	451	GCA_946411655.1_MERE-A-13.PacbioHiFiAssembly_genomic
AT1G64260	OX291709.1	83.402	241	33	7	2252	2489	22316460	22316224	1.6e-54	217	GCA_946411655.1_MERE-A-13.PacbioHiFiAssembly_genomic
AT1G49920	OX291714.1	97.438	2810	42	3	1	2810	22784887	22787666	0	4763	GCA_946411805.1_IP-Mos-9.PacbioHiFiAssembly_genomic
AT1G49920	OX291714.1	83.333	240	35	5	466	702	28394165	28393928	1.67e-54	217	GCA_946411805.1_IP-Mos-9.PacbioHiFiAssembly_genomic
AT1G49920	OX291714.1	82.927	246	35	5	433	676	28387919	28387679	5.99e-54	215	GCA_946411805.1_IP-Mos-9.PacbioHiFiAssembly_genomic
AT1G64253	OX291714.1	97.341	1843	41	4	1	1842	28386927	28388762	0	3125	GCA_946411805.1_IP-Mos-9.PacbioHiFiAssembly_genomic
AT1G64253	OX291714.1	76.567	973	192	28	2	956	28393202	28394156	3.24e-140	501	GCA_946411805.1_IP-Mos-9.PacbioHiFiAssembly_genomic
AT1G64253	OX291714.1	75.89	983	202	28	2	967	28390442	28391406	9.12e-131	470	GCA_946411805.1_IP-Mos-9.PacbioHiFiAssembly_genomic
AT1G64253	OX291714.1	79.167	504	95	7	1	496	22786354	22785853	7.46e-92	340	GCA_946411805.1_IP-Mos-9.PacbioHiFiAssembly_genomic
AT1G64253	OX291714.1	78.782	476	90	9	595	1063	28383835	28384306	2.1e-82	309	GCA_946411805.1_IP-Mos-9.PacbioHiFiAssembly_genomic
AT1G64253	OX291714.1	99.107	112	1	0	1881	1992	28388761	28388872	3.67e-50	202	GCA_946411805.1_IP-Mos-9.PacbioHiFiAssembly_genomic
AT1G64253	OX291714.1	81.731	208	30	7	2016	2220	21775759	21775961	1.34e-39	167	GCA_946411805.1_IP-Mos-9.PacbioHiFiAssembly_genomic
AT1G64253	OX291714.1	92.105	114	7	2	2107	2220	21778637	21778748	2.24e-37	159	GCA_946411805.1_IP-Mos-9.PacbioHiFiAssembly_genomic
AT1G64253	OX291718.1	81.731	208	30	7	2016	2220	20977546	20977344	1.34e-39	167	GCA_946411805.1_IP-Mos-9.PacbioHiFiAssembly_genomic
AT1G64253	OX291718.1	92.982	114	6	2	2107	2220	20980253	20980142	4.82e-39	165	GCA_946411805.1_IP-Mos-9.PacbioHiFiAssembly_genomic
AT1G64255	OX291714.1	98.358	2253	30	1	1	2253	28389247	28391492	0	3949	GCA_946411805.1_IP-Mos-9.PacbioHiFiAssembly_genomic
AT1G64255	OX291714.1	79.729	1623	286	34	561	2164	28392567	28394165	0	1134	GCA_946411805.1_IP-Mos-9.PacbioHiFiAssembly_genomic
AT1G64255	OX291714.1	76.96	1645	348	26	545	2177	28386277	28387902	0	909	GCA_946411805.1_IP-Mos-9.PacbioHiFiAssembly_genomic
AT1G64255	OX291714.1	82.243	642	108	5	1030	1668	28396328	28396966	1.16e-154	549	GCA_946411805.1_IP-Mos-9.PacbioHiFiAssembly_genomic
AT1G64255	OX291714.1	81.436	404	61	8	1782	2181	28383828	28384221	3.55e-85	318	GCA_946411805.1_IP-Mos-9.PacbioHiFiAssembly_genomic
AT1G64255	OX291714.1	86.503	163	14	8	2014	2172	28384725	28384883	2.92e-41	172	GCA_946411805.1_IP-Mos-9.PacbioHiFiAssembly_genomic
AT1G64255	OX291714.1	79.72	143	25	4	237	377	28395400	28395540	1.4e-19	100	GCA_946411805.1_IP-Mos-9.PacbioHiFiAssembly_genomic
AT1G64260	OX291714.1	98.904	2738	22	1	1	2738	28391677	28394406	0	4883	GCA_946411805.1_IP-Mos-9.PacbioHiFiAssembly_genomic
AT1G64260	OX291714.1	79.408	1622	286	36	891	2489	28389807	28391403	0	1101	GCA_946411805.1_IP-Mos-9.PacbioHiFiAssembly_genomic
AT1G64260	OX291714.1	77.191	1609	328	31	891	2480	28386293	28387881	0	902	GCA_946411805.1_IP-Mos-9.PacbioHiFiAssembly_genomic
AT1G64260	OX291714.1	78.609	762	127	24	30	781	28385289	28386024	3.14e-131	472	GCA_946411805.1_IP-Mos-9.PacbioHiFiAssembly_genomic
AT1G64260	OX291714.1	81.743	241	37	7	2252	2489	22785588	22785352	7.6e-48	195	GCA_946411805.1_IP-Mos-9.PacbioHiFiAssembly_genomic
AT1G49920	OX291719.1	98.186	2811	39	3	1	2810	20497484	20500283	0	4898	GCA_946411885.1_IP-Mos-5.PacbioHiFiAssembly_genomic
AT1G49920	OX291719.1	83.402	241	33	7	466	702	25829721	25829484	1.61e-54	217	GCA_946411885.1_IP-Mos-5.PacbioHiFiAssembly_genomic
AT1G49920	OX291719.1	78.351	291	55	7	828	1111	25826616	25826327	5.88e-44	182	GCA_946411885.1_IP-Mos-5.PacbioHiFiAssembly_genomic
AT1G64253	OX291719.1	78.013	946	169	32	52	977	25823904	25824830	1.83e-157	558	GCA_946411885.1_IP-Mos-5.PacbioHiFiAssembly_genomic
AT1G64253	OX291719.1	76.313	971	198	25	2	956	25828758	25829712	6.78e-137	490	GCA_946411885.1_IP-Mos-5.PacbioHiFiAssembly_genomic
AT1G64253	OX291719.1	79.167	504	95	7	1	496	20498942	20498441	7.22e-92	340	GCA_946411885.1_IP-Mos-5.PacbioHiFiAssembly_genomic
AT1G64253	OX291719.1	81.731	208	30	7	2016	2220	19514481	19514683	1.3e-39	167	GCA_946411885.1_IP-Mos-5.PacbioHiFiAssembly_genomic
AT1G64253	OX291719.1	92.105	114	7	2	2107	2220	19517144	19517255	2.17e-37	159	GCA_946411885.1_IP-Mos-5.PacbioHiFiAssembly_genomic
AT1G64255	OX291719.1	82.692	1768	271	23	501	2253	25823159	25824906	0	1537	GCA_946411885.1_IP-Mos-5.PacbioHiFiAssembly_genomic
AT1G64255	OX291719.1	99.296	710	5	0	1544	2253	25826325	25827034	0	1284	GCA_946411885.1_IP-Mos-5.PacbioHiFiAssembly_genomic
AT1G64255	OX291719.1	79.544	1623	289	34	561	2164	25828123	25829721	0	1118	GCA_946411885.1_IP-Mos-5.PacbioHiFiAssembly_genomic
AT1G64255	OX291719.1	82.243	642	108	5	1030	1668	25831892	25832530	1.12e-154	549	GCA_946411885.1_IP-Mos-5.PacbioHiFiAssembly_genomic
AT1G64255	OX291719.1	79.72	143	25	4	237	377	25830964	25831104	1.35e-19	100	GCA_946411885.1_IP-Mos-5.PacbioHiFiAssembly_genomic
AT1G64260	OX291719.1	99.635	2738	10	0	1	2738	25827233	25829970	0	5001	GCA_946411885.1_IP-Mos-5.PacbioHiFiAssembly_genomic
AT1G64260	OX291719.1	79.056	1652	316	25	843	2480	25823174	25824809	0	1107	GCA_946411885.1_IP-Mos-5.PacbioHiFiAssembly_genomic
AT1G64260	OX291719.1	77.939	757	134	21	30	780	25825594	25826323	2.38e-122	442	GCA_946411885.1_IP-Mos-5.PacbioHiFiAssembly_genomic
AT1G64260	OX291719.1	75.556	630	131	16	1874	2489	25826325	25826945	3.28e-76	289	GCA_946411885.1_IP-Mos-5.PacbioHiFiAssembly_genomic
AT1G64260	OX291719.1	81.743	241	37	7	2252	2489	20498176	20497940	7.36e-48	195	GCA_946411885.1_IP-Mos-5.PacbioHiFiAssembly_genomic
AT1G49920	OX291730.1	99.929	2810	2	0	1	2810	21853644	21856453	0	5179	GCA_946412005.1_IP-Hum-4.PacbioHiFiAssembly_genomic
AT1G49920	OX291730.1	75.932	1180	246	29	967	2142	27284131	27282986	2.89e-161	571	GCA_946412005.1_IP-Hum-4.PacbioHiFiAssembly_genomic
AT1G49920	OX291730.1	83.402	241	33	7	466	702	27291310	27291073	1.56e-54	217	GCA_946412005.1_IP-Hum-4.PacbioHiFiAssembly_genomic
AT1G64253	OX291730.1	100	2220	0	0	1	2220	27283636	27285855	0	4100	GCA_946412005.1_IP-Hum-4.PacbioHiFiAssembly_genomic
AT1G64253	OX291730.1	77.966	944	172	29	52	977	27280313	27281238	1.77e-157	558	GCA_946412005.1_IP-Hum-4.PacbioHiFiAssembly_genomic
AT1G64253	OX291730.1	76.313	971	198	25	2	956	27290347	27291301	6.56e-137	490	GCA_946412005.1_IP-Hum-4.PacbioHiFiAssembly_genomic
AT1G64253	OX291730.1	79.365	504	94	7	1	496	21855111	21854610	1.5e-93	346	GCA_946412005.1_IP-Hum-4.PacbioHiFiAssembly_genomic
AT1G64253	OX291730.1	92.982	114	6	2	2107	2220	20855645	20855756	4.52e-39	165	GCA_946412005.1_IP-Hum-4.PacbioHiFiAssembly_genomic
AT1G64253	OX291730.1	80.769	208	32	7	2016	2220	20858341	20858543	2.72e-36	156	GCA_946412005.1_IP-Hum-4.PacbioHiFiAssembly_genomic
AT1G64255	OX291730.1	100	2253	0	0	1	2253	27286371	27288623	0	4161	GCA_946412005.1_IP-Hum-4.PacbioHiFiAssembly_genomic
AT1G64255	OX291730.1	82.975	1768	265	23	501	2253	27279568	27281314	0	1565	GCA_946412005.1_IP-Hum-4.PacbioHiFiAssembly_genomic
AT1G64255	OX291730.1	79.667	1623	287	34	561	2164	27289712	27291310	0	1129	GCA_946412005.1_IP-Hum-4.PacbioHiFiAssembly_genomic
AT1G64255	OX291730.1	77.278	1646	342	27	545	2177	27282986	27284612	0	939	GCA_946412005.1_IP-Hum-4.PacbioHiFiAssembly_genomic
AT1G64255	OX291730.1	82.243	642	108	5	1030	1668	27293460	27294098	1.08e-154	549	GCA_946412005.1_IP-Hum-4.PacbioHiFiAssembly_genomic
AT1G64255	OX291730.1	79.72	143	25	4	237	377	27292532	27292672	1.31e-19	100	GCA_946412005.1_IP-Hum-4.PacbioHiFiAssembly_genomic
AT1G64260	OX291730.1	100	2738	0	0	1	2738	27288822	27291559	0	5057	GCA_946412005.1_IP-Hum-4.PacbioHiFiAssembly_genomic
AT1G64260	OX291730.1	79.667	1623	287	33	891	2489	27286931	27288534	0	1129	GCA_946412005.1_IP-Hum-4.PacbioHiFiAssembly_genomic
AT1G64260	OX291730.1	79.104	1651	316	24	843	2480	27279583	27281217	0	1110	GCA_946412005.1_IP-Hum-4.PacbioHiFiAssembly_genomic
AT1G64260	OX291730.1	77.792	1612	314	34	891	2480	27283002	27284591	0	953	GCA_946412005.1_IP-Hum-4.PacbioHiFiAssembly_genomic
AT1G64260	OX291730.1	78.158	760	131	23	30	781	27282002	27282734	3.83e-125	451	GCA_946412005.1_IP-Hum-4.PacbioHiFiAssembly_genomic
AT1G64260	OX291730.1	83.402	241	33	7	2252	2489	21854345	21854109	1.52e-54	217	GCA_946412005.1_IP-Hum-4.PacbioHiFiAssembly_genomic
AT1G49920	OX291735.1	99.929	2810	2	0	1	2810	20173807	20176616	0	5179	GCA_946412065.1_GAIL-B-11.PacbioHiFiAssembly_genomic
AT1G49920	OX291735.1	75.529	1181	249	27	967	2142	25544556	25543411	6.33e-153	544	GCA_946412065.1_GAIL-B-11.PacbioHiFiAssembly_genomic
AT1G49920	OX291735.1	82.927	246	35	5	433	676	25545054	25544814	5.63e-54	215	GCA_946412065.1_GAIL-B-11.PacbioHiFiAssembly_genomic
AT1G64253	OX291735.1	96.381	2017	42	14	1	2016	25544061	25546047	0	3291	GCA_946412065.1_GAIL-B-11.PacbioHiFiAssembly_genomic
AT1G64253	OX291735.1	77.966	944	172	29	52	977	25540728	25541653	1.78e-157	558	GCA_946412065.1_GAIL-B-11.PacbioHiFiAssembly_genomic
AT1G64253	OX291735.1	79.365	504	94	7	1	496	20175274	20174773	1.51e-93	346	GCA_946412065.1_GAIL-B-11.PacbioHiFiAssembly_genomic
AT1G64253	OX291735.1	81.731	208	30	7	2016	2220	19159596	19159798	1.26e-39	167	GCA_946412065.1_GAIL-B-11.PacbioHiFiAssembly_genomic
AT1G64253	OX291735.1	80.288	208	33	7	2016	2220	19156809	19157011	1.27e-34	150	GCA_946412065.1_GAIL-B-11.PacbioHiFiAssembly_genomic
AT1G64255	OX291735.1	91.327	2260	170	15	1	2253	25546402	25548642	0	3064	GCA_946412065.1_GAIL-B-11.PacbioHiFiAssembly_genomic
AT1G64255	OX291735.1	83.088	1768	263	23	501	2253	25539983	25541729	0	1576	GCA_946412065.1_GAIL-B-11.PacbioHiFiAssembly_genomic
AT1G64255	OX291735.1	77.4	1646	340	27	545	2177	25543411	25545037	0	950	GCA_946412065.1_GAIL-B-11.PacbioHiFiAssembly_genomic
AT1G64260	OX291735.1	79.043	1651	317	24	843	2480	25539998	25541632	0	1105	GCA_946412065.1_GAIL-B-11.PacbioHiFiAssembly_genomic
AT1G64260	OX291735.1	77.833	1606	324	26	891	2480	25543427	25545016	0	965	GCA_946412065.1_GAIL-B-11.PacbioHiFiAssembly_genomic
AT1G64260	OX291735.1	78.158	760	131	23	30	781	25542417	25543149	3.84e-125	451	GCA_946412065.1_GAIL-B-11.PacbioHiFiAssembly_genomic
AT1G64260	OX291735.1	83.402	241	33	7	2252	2489	20174508	20174272	1.53e-54	217	GCA_946412065.1_GAIL-B-11.PacbioHiFiAssembly_genomic
AT1G49920	OX291741.1	99.964	2810	1	0	1	2810	21470385	21473194	0	5184	GCA_946412225.1_IP-Mdc-14.PacbioHiFiAssembly_genomic
AT1G49920	OX291741.1	75.614	1181	248	27	967	2142	26731440	26730295	1.39e-154	549	GCA_946412225.1_IP-Mdc-14.PacbioHiFiAssembly_genomic
AT1G49920	OX291741.1	82.927	246	35	5	433	676	26731938	26731698	5.77e-54	215	GCA_946412225.1_IP-Mdc-14.PacbioHiFiAssembly_genomic
AT1G64253	OX291741.1	96.529	2017	39	6	1	2016	26730945	26732931	0	3308	GCA_946412225.1_IP-Mdc-14.PacbioHiFiAssembly_genomic
AT1G64253	OX291741.1	78.095	945	170	30	52	977	26727609	26728535	3.92e-159	564	GCA_946412225.1_IP-Mdc-14.PacbioHiFiAssembly_genomic
AT1G64253	OX291741.1	83.924	423	66	2	100	521	26735901	26736322	9.04e-111	403	GCA_946412225.1_IP-Mdc-14.PacbioHiFiAssembly_genomic
AT1G64253	OX291741.1	79.365	504	94	7	1	496	21471852	21471351	1.55e-93	346	GCA_946412225.1_IP-Mdc-14.PacbioHiFiAssembly_genomic
AT1G64253	OX291741.1	92.92	113	6	2	2108	2220	20472381	20472491	1.67e-38	163	GCA_946412225.1_IP-Mdc-14.PacbioHiFiAssembly_genomic
AT1G64253	OX291741.1	81.25	208	31	7	2016	2220	20469502	20469704	6.01e-38	161	GCA_946412225.1_IP-Mdc-14.PacbioHiFiAssembly_genomic
AT1G64255	OX291741.1	91.46	2260	167	14	1	2253	26733286	26735526	0	3081	GCA_946412225.1_IP-Mdc-14.PacbioHiFiAssembly_genomic
AT1G64255	OX291741.1	82.975	1768	266	23	501	2253	26726864	26728611	0	1565	GCA_946412225.1_IP-Mdc-14.PacbioHiFiAssembly_genomic
AT1G64255	OX291741.1	77.4	1646	340	27	545	2177	26730295	26731921	0	950	GCA_946412225.1_IP-Mdc-14.PacbioHiFiAssembly_genomic
AT1G64260	OX291741.1	79.237	1652	313	25	843	2480	26726879	26728514	0	1123	GCA_946412225.1_IP-Mdc-14.PacbioHiFiAssembly_genomic
AT1G64260	OX291741.1	77.861	1608	320	29	891	2480	26730311	26731900	0	965	GCA_946412225.1_IP-Mdc-14.PacbioHiFiAssembly_genomic
AT1G64260	OX291741.1	83.402	241	33	7	2252	2489	21471086	21470850	1.56e-54	217	GCA_946412225.1_IP-Mdc-14.PacbioHiFiAssembly_genomic
AT1G49920	OX291750.1	99.929	2810	2	0	1	2810	21121434	21124243	0	5179	GCA_946413285.1_IP-Hum-2.9549.PacbioHiFiAssembly_genomic
AT1G49920	OX291750.1	75.913	1150	225	39	1002	2140	26481504	26480396	2.37e-152	542	GCA_946413285.1_IP-Hum-2.9549.PacbioHiFiAssembly_genomic
AT1G49920	OX291750.1	83.333	240	35	5	466	702	26491942	26491705	1.63e-54	217	GCA_946413285.1_IP-Hum-2.9549.PacbioHiFiAssembly_genomic
AT1G49920	OX291750.1	82.927	246	35	5	433	676	26485663	26485423	5.88e-54	215	GCA_946413285.1_IP-Hum-2.9549.PacbioHiFiAssembly_genomic
AT1G64253	OX291750.1	97.643	1994	39	4	1	1992	26484669	26486656	0	3415	GCA_946413285.1_IP-Hum-2.9549.PacbioHiFiAssembly_genomic
AT1G64253	OX291750.1	76.832	1092	213	29	1	1063	26481044	26482124	1.43e-163	579	GCA_946413285.1_IP-Hum-2.9549.PacbioHiFiAssembly_genomic
AT1G64253	OX291750.1	76.22	984	204	25	2	967	26488212	26489183	5.31e-138	494	GCA_946413285.1_IP-Hum-2.9549.PacbioHiFiAssembly_genomic
AT1G64253	OX291750.1	76.259	973	195	28	2	956	26490979	26491933	3.2e-135	484	GCA_946413285.1_IP-Hum-2.9549.PacbioHiFiAssembly_genomic
AT1G64253	OX291750.1	79.365	504	94	7	1	496	21122901	21122400	1.57e-93	346	GCA_946413285.1_IP-Hum-2.9549.PacbioHiFiAssembly_genomic
AT1G64253	OX291750.1	81.731	208	30	7	2016	2220	20124327	20124529	1.32e-39	167	GCA_946413285.1_IP-Hum-2.9549.PacbioHiFiAssembly_genomic
AT1G64253	OX291750.1	92.105	114	7	2	2107	2220	20127205	20127316	2.2e-37	159	GCA_946413285.1_IP-Hum-2.9549.PacbioHiFiAssembly_genomic
AT1G64255	OX291750.1	98.18	2253	26	1	1	2253	26487032	26489269	0	3919	GCA_946413285.1_IP-Hum-2.9549.PacbioHiFiAssembly_genomic
AT1G64255	OX291750.1	82.069	1701	271	16	501	2181	26480353	26482039	0	1421	GCA_946413285.1_IP-Hum-2.9549.PacbioHiFiAssembly_genomic
AT1G64255	OX291750.1	79.421	1623	291	34	561	2164	26490344	26491942	0	1107	GCA_946413285.1_IP-Hum-2.9549.PacbioHiFiAssembly_genomic
AT1G64255	OX291750.1	77.035	1646	347	26	545	2177	26484019	26485646	0	917	GCA_946413285.1_IP-Hum-2.9549.PacbioHiFiAssembly_genomic
AT1G64255	OX291750.1	82.087	642	109	5	1030	1668	26494105	26494743	5.28e-153	544	GCA_946413285.1_IP-Hum-2.9549.PacbioHiFiAssembly_genomic
AT1G64255	OX291750.1	86.503	163	14	8	2014	2172	26482543	26482701	2.87e-41	172	GCA_946413285.1_IP-Hum-2.9549.PacbioHiFiAssembly_genomic
AT1G64255	OX291750.1	79.72	143	25	4	237	377	26493177	26493317	1.37e-19	100	GCA_946413285.1_IP-Hum-2.9549.PacbioHiFiAssembly_genomic
AT1G64260	OX291750.1	98.868	2738	23	1	1	2738	26489454	26492183	0	4878	GCA_946413285.1_IP-Hum-2.9549.PacbioHiFiAssembly_genomic
AT1G64260	OX291750.1	79.568	1620	279	35	891	2489	26487592	26489180	0	1110	GCA_946413285.1_IP-Hum-2.9549.PacbioHiFiAssembly_genomic
AT1G64260	OX291750.1	78.772	1677	311	31	834	2483	26480359	26482017	0	1083	GCA_946413285.1_IP-Hum-2.9549.PacbioHiFiAssembly_genomic
AT1G64260	OX291750.1	77.351	1616	315	37	891	2480	26484035	26485625	0	909	GCA_946413285.1_IP-Hum-2.9549.PacbioHiFiAssembly_genomic
AT1G64260	OX291750.1	78.346	762	129	24	30	781	26483022	26483757	6.66e-128	460	GCA_946413285.1_IP-Hum-2.9549.PacbioHiFiAssembly_genomic
AT1G64260	OX291750.1	83.402	241	33	7	2252	2489	21122135	21121899	1.59e-54	217	GCA_946413285.1_IP-Hum-2.9549.PacbioHiFiAssembly_genomic
AT1G49920	OX291755.1	98.577	2810	38	1	1	2810	22384684	22387491	0	4966	GCA_946413305.1_IP-Med-3.PacbioHiFiAssembly_genomic
AT1G49920	OX291755.1	83.402	241	33	7	466	702	27666335	27666098	1.62e-54	217	GCA_946413305.1_IP-Med-3.PacbioHiFiAssembly_genomic
AT1G49920	OX291755.1	78.351	291	55	7	828	1111	27663230	27662941	5.91e-44	182	GCA_946413305.1_IP-Med-3.PacbioHiFiAssembly_genomic
AT1G64253	OX291755.1	78.013	946	169	32	52	977	27660518	27661444	1.84e-157	558	GCA_946413305.1_IP-Med-3.PacbioHiFiAssembly_genomic
AT1G64253	OX291755.1	76.313	971	198	25	2	956	27665372	27666326	6.81e-137	490	GCA_946413305.1_IP-Med-3.PacbioHiFiAssembly_genomic
AT1G64253	OX291755.1	79.167	504	95	7	1	496	22386151	22385650	7.26e-92	340	GCA_946413305.1_IP-Med-3.PacbioHiFiAssembly_genomic
AT1G64253	OX291755.1	81.731	208	30	7	2016	2220	21370523	21370725	1.3e-39	167	GCA_946413305.1_IP-Med-3.PacbioHiFiAssembly_genomic
AT1G64253	OX291755.1	81.731	208	30	7	2016	2220	21373311	21373513	1.3e-39	167	GCA_946413305.1_IP-Med-3.PacbioHiFiAssembly_genomic
AT1G64253	OX291759.1	81.731	208	30	7	2016	2220	19652375	19652173	1.3e-39	167	GCA_946413305.1_IP-Med-3.PacbioHiFiAssembly_genomic
AT1G64253	OX291759.1	81.731	208	30	7	2016	2220	19655173	19654971	1.3e-39	167	GCA_946413305.1_IP-Med-3.PacbioHiFiAssembly_genomic
AT1G64255	OX291755.1	82.692	1768	271	23	501	2253	27659773	27661520	0	1537	GCA_946413305.1_IP-Med-3.PacbioHiFiAssembly_genomic
AT1G64255	OX291755.1	99.296	710	5	0	1544	2253	27662939	27663648	0	1284	GCA_946413305.1_IP-Med-3.PacbioHiFiAssembly_genomic
AT1G64255	OX291755.1	79.482	1623	290	34	561	2164	27664737	27666335	0	1112	GCA_946413305.1_IP-Med-3.PacbioHiFiAssembly_genomic
AT1G64255	OX291755.1	82.243	642	108	5	1030	1668	27668506	27669144	1.12e-154	549	GCA_946413305.1_IP-Med-3.PacbioHiFiAssembly_genomic
AT1G64255	OX291755.1	79.72	143	25	4	237	377	27667578	27667718	1.36e-19	100	GCA_946413305.1_IP-Med-3.PacbioHiFiAssembly_genomic
AT1G64260	OX291755.1	99.598	2738	11	0	1	2738	27663847	27666584	0	4996	GCA_946413305.1_IP-Med-3.PacbioHiFiAssembly_genomic
AT1G64260	OX291755.1	79.056	1652	316	25	843	2480	27659788	27661423	0	1107	GCA_946413305.1_IP-Med-3.PacbioHiFiAssembly_genomic
AT1G64260	OX291755.1	77.939	757	134	21	30	780	27662208	27662937	2.39e-122	442	GCA_946413305.1_IP-Med-3.PacbioHiFiAssembly_genomic
AT1G64260	OX291755.1	75.556	630	131	16	1874	2489	27662939	27663559	3.3e-76	289	GCA_946413305.1_IP-Med-3.PacbioHiFiAssembly_genomic
AT1G64260	OX291755.1	81.743	241	37	7	2252	2489	22385385	22385149	7.39e-48	195	GCA_946413305.1_IP-Med-3.PacbioHiFiAssembly_genomic
AT1G49920	OX291760.1	99.964	2810	1	0	1	2810	21618703	21621512	0	5184	GCA_946413405.1_PREI-A-14.PacbioHiFiAssembly_genomic
AT1G49920	OX291760.1	75.932	1180	246	29	967	2142	27048152	27047007	2.94e-161	571	GCA_946413405.1_PREI-A-14.PacbioHiFiAssembly_genomic
AT1G49920	OX291760.1	83.402	241	33	7	466	702	27055331	27055094	1.59e-54	217	GCA_946413405.1_PREI-A-14.PacbioHiFiAssembly_genomic
AT1G64253	OX291760.1	100	2220	0	0	1	2220	27047657	27049876	0	4100	GCA_946413405.1_PREI-A-14.PacbioHiFiAssembly_genomic
AT1G64253	OX291760.1	77.966	944	172	29	52	977	27044334	27045259	1.8e-157	558	GCA_946413405.1_PREI-A-14.PacbioHiFiAssembly_genomic
AT1G64253	OX291760.1	76.313	971	198	25	2	956	27054368	27055322	6.67e-137	490	GCA_946413405.1_PREI-A-14.PacbioHiFiAssembly_genomic
AT1G64253	OX291760.1	79.365	504	94	7	1	496	21620170	21619669	1.53e-93	346	GCA_946413405.1_PREI-A-14.PacbioHiFiAssembly_genomic
AT1G64253	OX291760.1	92.982	114	6	2	2107	2220	20625884	20625995	4.59e-39	165	GCA_946413405.1_PREI-A-14.PacbioHiFiAssembly_genomic
AT1G64253	OX291760.1	80.769	208	32	7	2016	2220	20628580	20628782	2.76e-36	156	GCA_946413405.1_PREI-A-14.PacbioHiFiAssembly_genomic
AT1G64255	OX291760.1	100	2253	0	0	1	2253	27050392	27052644	0	4161	GCA_946413405.1_PREI-A-14.PacbioHiFiAssembly_genomic
AT1G64255	OX291760.1	82.975	1768	265	23	501	2253	27043589	27045335	0	1565	GCA_946413405.1_PREI-A-14.PacbioHiFiAssembly_genomic
AT1G64255	OX291760.1	79.667	1623	287	34	561	2164	27053733	27055331	0	1129	GCA_946413405.1_PREI-A-14.PacbioHiFiAssembly_genomic
AT1G64255	OX291760.1	77.278	1646	342	27	545	2177	27047007	27048633	0	939	GCA_946413405.1_PREI-A-14.PacbioHiFiAssembly_genomic
AT1G64255	OX291760.1	82.243	642	108	5	1030	1668	27057503	27058141	1.1e-154	549	GCA_946413405.1_PREI-A-14.PacbioHiFiAssembly_genomic
AT1G64255	OX291760.1	79.72	143	25	4	237	377	27056575	27056715	1.33e-19	100	GCA_946413405.1_PREI-A-14.PacbioHiFiAssembly_genomic
AT1G64260	OX291760.1	100	2738	0	0	1	2738	27052843	27055580	0	5057	GCA_946413405.1_PREI-A-14.PacbioHiFiAssembly_genomic
AT1G64260	OX291760.1	79.667	1623	287	33	891	2489	27050952	27052555	0	1129	GCA_946413405.1_PREI-A-14.PacbioHiFiAssembly_genomic
AT1G64260	OX291760.1	79.104	1651	316	24	843	2480	27043604	27045238	0	1110	GCA_946413405.1_PREI-A-14.PacbioHiFiAssembly_genomic
AT1G64260	OX291760.1	77.792	1612	314	34	891	2480	27047023	27048612	0	953	GCA_946413405.1_PREI-A-14.PacbioHiFiAssembly_genomic
AT1G64260	OX291760.1	78.158	760	131	23	30	781	27046023	27046755	3.89e-125	451	GCA_946413405.1_PREI-A-14.PacbioHiFiAssembly_genomic
AT1G64260	OX291760.1	83.402	241	33	7	2252	2489	21619404	21619168	1.54e-54	217	GCA_946413405.1_PREI-A-14.PacbioHiFiAssembly_genomic
AT1G49920	OX291766.1	98.577	2810	38	1	1	2810	21165390	21168197	0	4966	GCA_946413935.1_IP-Sln-22.PacbioHiFiAssembly_genomic
AT1G49920	OX291766.1	75.932	1180	246	29	967	2142	26425953	26424808	3.04e-161	571	GCA_946413935.1_IP-Sln-22.PacbioHiFiAssembly_genomic
AT1G49920	OX291766.1	83.333	240	35	5	466	702	26433085	26432848	1.64e-54	217	GCA_946413935.1_IP-Sln-22.PacbioHiFiAssembly_genomic
AT1G64253	OX291766.1	99.595	2220	9	0	1	2220	26425458	26427677	0	4050	GCA_946413935.1_IP-Sln-22.PacbioHiFiAssembly_genomic
AT1G64253	OX291766.1	78.072	944	171	29	52	977	26422131	26423056	4.01e-159	564	GCA_946413935.1_IP-Sln-22.PacbioHiFiAssembly_genomic
AT1G64253	OX291766.1	76.622	971	195	25	2	956	26432122	26433076	6.86e-142	507	GCA_946413935.1_IP-Sln-22.PacbioHiFiAssembly_genomic
AT1G64253	OX291766.1	79.167	504	95	7	1	496	21166857	21166356	7.36e-92	340	GCA_946413935.1_IP-Sln-22.PacbioHiFiAssembly_genomic
AT1G64253	OX291766.1	81.731	208	30	7	2016	2220	20177822	20178024	1.32e-39	167	GCA_946413935.1_IP-Sln-22.PacbioHiFiAssembly_genomic
AT1G64253	OX291766.1	81.731	208	30	7	2016	2220	20180609	20180811	1.32e-39	167	GCA_946413935.1_IP-Sln-22.PacbioHiFiAssembly_genomic
AT1G64255	OX291766.1	99.778	2253	5	0	1	2253	26428146	26430398	0	4133	GCA_946413935.1_IP-Sln-22.PacbioHiFiAssembly_genomic
AT1G64255	OX291766.1	82.909	1767	268	22	501	2253	26421386	26423132	0	1559	GCA_946413935.1_IP-Sln-22.PacbioHiFiAssembly_genomic
AT1G64255	OX291766.1	79.803	1624	283	36	561	2164	26431487	26433085	0	1140	GCA_946413935.1_IP-Sln-22.PacbioHiFiAssembly_genomic
AT1G64255	OX291766.1	77.292	1647	340	29	545	2177	26424808	26426434	0	939	GCA_946413935.1_IP-Sln-22.PacbioHiFiAssembly_genomic
AT1G64255	OX291766.1	82.243	642	108	5	1030	1668	26435256	26435894	1.14e-154	549	GCA_946413935.1_IP-Sln-22.PacbioHiFiAssembly_genomic
AT1G64255	OX291766.1	79.72	143	25	4	237	377	26434328	26434468	1.38e-19	100	GCA_946413935.1_IP-Sln-22.PacbioHiFiAssembly_genomic
AT1G64260	OX291766.1	99.635	2738	10	0	1	2738	26430597	26433334	0	5001	GCA_946413935.1_IP-Sln-22.PacbioHiFiAssembly_genomic
AT1G64260	OX291766.1	79.606	1623	288	33	891	2489	26428706	26430309	0	1123	GCA_946413935.1_IP-Sln-22.PacbioHiFiAssembly_genomic
AT1G64260	OX291766.1	79.225	1651	314	24	843	2480	26421401	26423035	0	1122	GCA_946413935.1_IP-Sln-22.PacbioHiFiAssembly_genomic
AT1G64260	OX291766.1	77.874	1609	318	30	891	2480	26424824	26426413	0	965	GCA_946413935.1_IP-Sln-22.PacbioHiFiAssembly_genomic
AT1G64260	OX291766.1	77.968	758	134	21	30	781	26423824	26424554	6.74e-123	444	GCA_946413935.1_IP-Sln-22.PacbioHiFiAssembly_genomic
AT1G64260	OX291766.1	81.743	241	37	7	2252	2489	21166091	21165855	7.5e-48	195	GCA_946413935.1_IP-Sln-22.PacbioHiFiAssembly_genomic
AT1G49920	OX291775.1	99.893	2810	3	0	1	2810	22642432	22645241	0	5173	GCA_946414125.1_Cvi-0.6911.PacbioHiFiAssembly_genomic
AT1G49920	OX291775.1	75.913	1150	225	39	1002	2140	27950981	27949873	2.38e-152	542	GCA_946414125.1_Cvi-0.6911.PacbioHiFiAssembly_genomic
AT1G49920	OX291775.1	82.927	246	35	5	433	676	27955224	27954984	5.89e-54	215	GCA_946414125.1_Cvi-0.6911.PacbioHiFiAssembly_genomic
AT1G49920	OX291775.1	79.167	240	34	9	466	702	27961458	27961232	4.69e-35	152	GCA_946414125.1_Cvi-0.6911.PacbioHiFiAssembly_genomic
AT1G64253	OX291775.1	97.45	1843	39	4	1	1842	27954232	27956067	0	3136	GCA_946414125.1_Cvi-0.6911.PacbioHiFiAssembly_genomic
AT1G64253	OX291775.1	75.992	983	208	23	2	967	27957748	27958719	1.15e-134	483	GCA_946414125.1_Cvi-0.6911.PacbioHiFiAssembly_genomic
AT1G64253	OX291775.1	75.695	971	193	27	2	956	27960506	27961449	1.51e-123	446	GCA_946414125.1_Cvi-0.6911.PacbioHiFiAssembly_genomic
AT1G64253	OX291775.1	79.249	506	91	9	1	496	22643899	22643398	7.34e-92	340	GCA_946414125.1_Cvi-0.6911.PacbioHiFiAssembly_genomic
AT1G64253	OX291775.1	99.107	112	1	0	1881	1992	27956066	27956177	3.62e-50	202	GCA_946414125.1_Cvi-0.6911.PacbioHiFiAssembly_genomic
AT1G64253	OX291775.1	81.731	208	30	7	2016	2220	21623861	21624063	1.32e-39	167	GCA_946414125.1_Cvi-0.6911.PacbioHiFiAssembly_genomic
AT1G64253	OX291775.1	92.105	114	7	2	2107	2220	21626014	21626125	2.21e-37	159	GCA_946414125.1_Cvi-0.6911.PacbioHiFiAssembly_genomic
AT1G64255	OX291775.1	98.358	2254	27	2	1	2253	27956552	27958796	0	3949	GCA_946414125.1_Cvi-0.6911.PacbioHiFiAssembly_genomic
AT1G64255	OX291775.1	82.011	1701	272	16	501	2181	27949830	27951516	0	1415	GCA_946414125.1_Cvi-0.6911.PacbioHiFiAssembly_genomic
AT1G64255	OX291775.1	79.408	1622	282	36	561	2164	27959871	27961458	0	1098	GCA_946414125.1_Cvi-0.6911.PacbioHiFiAssembly_genomic
AT1G64255	OX291775.1	77.11	1647	342	29	545	2177	27953582	27955207	0	920	GCA_946414125.1_Cvi-0.6911.PacbioHiFiAssembly_genomic
AT1G64255	OX291775.1	82.243	642	107	6	1030	1668	27963629	27964266	4.09e-154	547	GCA_946414125.1_Cvi-0.6911.PacbioHiFiAssembly_genomic
AT1G64255	OX291775.1	86.503	163	14	8	2014	2172	27952020	27952178	2.88e-41	172	GCA_946414125.1_Cvi-0.6911.PacbioHiFiAssembly_genomic
AT1G64255	OX291775.1	80.451	133	22	4	247	377	27962711	27962841	4.95e-19	99	GCA_946414125.1_Cvi-0.6911.PacbioHiFiAssembly_genomic
AT1G64260	OX291775.1	98.904	2738	19	1	1	2738	27958981	27961707	0	4879	GCA_946414125.1_Cvi-0.6911.PacbioHiFiAssembly_genomic
AT1G64260	OX291775.1	79.778	1622	287	32	891	2489	27957113	27958716	0	1140	GCA_946414125.1_Cvi-0.6911.PacbioHiFiAssembly_genomic
AT1G64260	OX291775.1	78.712	1677	312	31	834	2483	27949836	27951494	0	1077	GCA_946414125.1_Cvi-0.6911.PacbioHiFiAssembly_genomic
AT1G64260	OX291775.1	77.315	1609	326	31	891	2480	27953598	27955186	0	913	GCA_946414125.1_Cvi-0.6911.PacbioHiFiAssembly_genomic
AT1G64260	OX291775.1	83.402	241	33	7	2252	2489	22643133	22642897	1.6e-54	217	GCA_946414125.1_Cvi-0.6911.PacbioHiFiAssembly_genomic
AT1G49920	OX291781.1	98.577	2810	38	1	1	2810	21462491	21465298	0	4966	GCA_946414305.1_IP-Cat-0.9832.PacbioHiFiAssembly_genomic
AT1G49920	OX291781.1	75.913	1150	225	39	1002	2140	26715580	26714472	2.34e-152	542	GCA_946414305.1_IP-Cat-0.9832.PacbioHiFiAssembly_genomic
AT1G49920	OX291781.1	83.402	241	33	7	466	702	26725986	26725749	1.61e-54	217	GCA_946414305.1_IP-Cat-0.9832.PacbioHiFiAssembly_genomic
AT1G49920	OX291781.1	82.927	246	35	5	433	676	26719739	26719499	5.79e-54	215	GCA_946414305.1_IP-Cat-0.9832.PacbioHiFiAssembly_genomic
AT1G64253	OX291781.1	97.693	1994	38	4	1	1992	26718745	26720732	0	3421	GCA_946414305.1_IP-Cat-0.9832.PacbioHiFiAssembly_genomic
AT1G64253	OX291781.1	76.832	1092	213	29	1	1063	26715120	26716200	1.41e-163	579	GCA_946414305.1_IP-Cat-0.9832.PacbioHiFiAssembly_genomic
AT1G64253	OX291781.1	76.416	971	197	25	2	956	26725023	26725977	1.46e-138	496	GCA_946414305.1_IP-Cat-0.9832.PacbioHiFiAssembly_genomic
AT1G64253	OX291781.1	79.167	504	95	7	1	496	21463958	21463457	7.22e-92	340	GCA_946414305.1_IP-Cat-0.9832.PacbioHiFiAssembly_genomic
AT1G64253	OX291781.1	80.723	249	48	0	719	967	26722979	26723227	5.95e-48	195	GCA_946414305.1_IP-Cat-0.9832.PacbioHiFiAssembly_genomic
AT1G64253	OX291781.1	81.731	208	30	7	2016	2220	20490672	20490874	1.3e-39	167	GCA_946414305.1_IP-Cat-0.9832.PacbioHiFiAssembly_genomic
AT1G64253	OX291781.1	81.25	208	31	7	2016	2220	20487885	20488087	6.03e-38	161	GCA_946414305.1_IP-Cat-0.9832.PacbioHiFiAssembly_genomic
AT1G64255	OX291781.1	98.047	1690	18	1	1	1690	26721108	26722782	0	2924	GCA_946414305.1_IP-Cat-0.9832.PacbioHiFiAssembly_genomic
AT1G64255	OX291781.1	82.069	1701	271	16	501	2181	26714429	26716115	0	1421	GCA_946414305.1_IP-Cat-0.9832.PacbioHiFiAssembly_genomic
AT1G64255	OX291781.1	79.544	1623	289	34	561	2164	26724388	26725986	0	1118	GCA_946414305.1_IP-Cat-0.9832.PacbioHiFiAssembly_genomic
AT1G64255	OX291781.1	98.687	533	7	0	1721	2253	26722781	26723313	0	946	GCA_946414305.1_IP-Cat-0.9832.PacbioHiFiAssembly_genomic
AT1G64255	OX291781.1	76.914	1646	349	26	545	2177	26718095	26719722	0	905	GCA_946414305.1_IP-Cat-0.9832.PacbioHiFiAssembly_genomic
AT1G64255	OX291781.1	82.087	642	109	5	1030	1668	26728157	26728795	5.2e-153	544	GCA_946414305.1_IP-Cat-0.9832.PacbioHiFiAssembly_genomic
AT1G64255	OX291781.1	86.503	163	14	8	2014	2172	26716619	26716777	2.83e-41	172	GCA_946414305.1_IP-Cat-0.9832.PacbioHiFiAssembly_genomic
AT1G64255	OX291781.1	79.72	143	25	4	237	377	26727229	26727369	1.35e-19	100	GCA_946414305.1_IP-Cat-0.9832.PacbioHiFiAssembly_genomic
AT1G64260	OX291781.1	99.233	2738	21	0	1	2738	26723498	26726235	0	4940	GCA_946414305.1_IP-Cat-0.9832.PacbioHiFiAssembly_genomic
AT1G64260	OX291781.1	78.772	1677	311	31	834	2483	26714435	26716093	0	1083	GCA_946414305.1_IP-Cat-0.9832.PacbioHiFiAssembly_genomic
AT1G64260	OX291781.1	82.285	1129	169	21	891	2011	26721668	26722773	0	948	GCA_946414305.1_IP-Cat-0.9832.PacbioHiFiAssembly_genomic
AT1G64260	OX291781.1	77.129	1609	331	29	891	2480	26718111	26719701	0	898	GCA_946414305.1_IP-Cat-0.9832.PacbioHiFiAssembly_genomic
AT1G64260	OX291781.1	78.346	762	129	24	30	781	26717098	26717833	6.57e-128	460	GCA_946414305.1_IP-Cat-0.9832.PacbioHiFiAssembly_genomic
AT1G64260	OX291781.1	81.743	241	37	7	2252	2489	21463192	21462956	7.35e-48	195	GCA_946414305.1_IP-Cat-0.9832.PacbioHiFiAssembly_genomic
AT1G49920	OX291786.1	99.893	2810	3	0	1	2810	20990004	20992813	0	5173	GCA_946415005.1_ANGE-B-2.PacbioHiFiAssembly_genomic
AT1G49920	OX291786.1	75.699	1181	246	28	967	2142	26375748	26374604	1.07e-155	553	GCA_946415005.1_ANGE-B-2.PacbioHiFiAssembly_genomic
AT1G49920	OX291786.1	82.927	246	35	5	433	676	26376246	26376006	5.73e-54	215	GCA_946415005.1_ANGE-B-2.PacbioHiFiAssembly_genomic
AT1G64253	OX291786.1	96.43	2017	41	11	1	2016	26375253	26377239	0	3297	GCA_946415005.1_ANGE-B-2.PacbioHiFiAssembly_genomic
AT1G64253	OX291786.1	78.178	944	170	29	52	977	26371920	26372845	8.37e-161	569	GCA_946415005.1_ANGE-B-2.PacbioHiFiAssembly_genomic
AT1G64253	OX291786.1	83.924	423	66	2	100	521	26380209	26380630	8.98e-111	403	GCA_946415005.1_ANGE-B-2.PacbioHiFiAssembly_genomic
AT1G64253	OX291786.1	79.365	504	94	7	1	496	20991471	20990970	1.53e-93	346	GCA_946415005.1_ANGE-B-2.PacbioHiFiAssembly_genomic
AT1G64253	OX291786.1	92.982	114	6	2	2107	2220	20015481	20015592	4.61e-39	165	GCA_946415005.1_ANGE-B-2.PacbioHiFiAssembly_genomic
AT1G64253	OX291786.1	80.769	208	32	7	2016	2220	20018177	20018379	2.78e-36	156	GCA_946415005.1_ANGE-B-2.PacbioHiFiAssembly_genomic
AT1G64255	OX291786.1	91.504	2260	166	14	1	2253	26377594	26379834	0	3086	GCA_946415005.1_ANGE-B-2.PacbioHiFiAssembly_genomic
AT1G64255	OX291786.1	82.965	1767	267	22	501	2253	26371175	26372921	0	1565	GCA_946415005.1_ANGE-B-2.PacbioHiFiAssembly_genomic
AT1G64255	OX291786.1	77.339	1646	340	28	545	2177	26374604	26376229	0	942	GCA_946415005.1_ANGE-B-2.PacbioHiFiAssembly_genomic
AT1G64260	OX291786.1	79.225	1651	314	24	843	2480	26371190	26372824	0	1122	GCA_946415005.1_ANGE-B-2.PacbioHiFiAssembly_genomic
AT1G64260	OX291786.1	77.799	1608	320	30	891	2480	26374620	26376208	0	957	GCA_946415005.1_ANGE-B-2.PacbioHiFiAssembly_genomic
AT1G64260	OX291786.1	78.421	760	129	23	30	781	26373610	26374342	1.81e-128	462	GCA_946415005.1_ANGE-B-2.PacbioHiFiAssembly_genomic
AT1G64260	OX291786.1	83.402	241	33	7	2252	2489	20990705	20990469	1.55e-54	217	GCA_946415005.1_ANGE-B-2.PacbioHiFiAssembly_genomic
AT1G49920	OX291791.1	99.964	2810	1	0	1	2810	21095881	21098690	0	5184	GCA_946415165.1_IP-Evs-0.9845.PacbioHiFiAssembly_genomic
AT1G49920	OX291791.1	75.932	1180	246	29	967	2142	26399065	26397920	3e-161	571	GCA_946415165.1_IP-Evs-0.9845.PacbioHiFiAssembly_genomic
AT1G49920	OX291791.1	83.402	241	33	7	466	702	26406244	26406007	1.62e-54	217	GCA_946415165.1_IP-Evs-0.9845.PacbioHiFiAssembly_genomic
AT1G64253	OX291791.1	100	2220	0	0	1	2220	26398570	26400789	0	4100	GCA_946415165.1_IP-Evs-0.9845.PacbioHiFiAssembly_genomic
AT1G64253	OX291791.1	77.966	944	172	29	52	977	26395247	26396172	1.84e-157	558	GCA_946415165.1_IP-Evs-0.9845.PacbioHiFiAssembly_genomic
AT1G64253	OX291791.1	76.313	971	198	25	2	956	26405281	26406235	6.81e-137	490	GCA_946415165.1_IP-Evs-0.9845.PacbioHiFiAssembly_genomic
AT1G64253	OX291791.1	79.365	504	94	7	1	496	21097348	21096847	1.56e-93	346	GCA_946415165.1_IP-Evs-0.9845.PacbioHiFiAssembly_genomic
AT1G64253	OX291791.1	81.731	208	30	7	2016	2220	20093285	20093487	1.3e-39	167	GCA_946415165.1_IP-Evs-0.9845.PacbioHiFiAssembly_genomic
AT1G64253	OX291791.1	81.731	208	30	7	2016	2220	20096070	20096272	1.3e-39	167	GCA_946415165.1_IP-Evs-0.9845.PacbioHiFiAssembly_genomic
AT1G64255	OX291791.1	100	2253	0	0	1	2253	26401305	26403557	0	4161	GCA_946415165.1_IP-Evs-0.9845.PacbioHiFiAssembly_genomic
AT1G64255	OX291791.1	82.975	1768	265	23	501	2253	26394502	26396248	0	1565	GCA_946415165.1_IP-Evs-0.9845.PacbioHiFiAssembly_genomic
AT1G64255	OX291791.1	79.667	1623	287	34	561	2164	26404646	26406244	0	1129	GCA_946415165.1_IP-Evs-0.9845.PacbioHiFiAssembly_genomic
AT1G64255	OX291791.1	77.278	1646	342	27	545	2177	26397920	26399546	0	939	GCA_946415165.1_IP-Evs-0.9845.PacbioHiFiAssembly_genomic
AT1G64255	OX291791.1	82.243	642	108	5	1030	1668	26408416	26409054	1.12e-154	549	GCA_946415165.1_IP-Evs-0.9845.PacbioHiFiAssembly_genomic
AT1G64255	OX291791.1	79.72	143	25	4	237	377	26407488	26407628	1.36e-19	100	GCA_946415165.1_IP-Evs-0.9845.PacbioHiFiAssembly_genomic
AT1G64260	OX291791.1	100	2738	0	0	1	2738	26403756	26406493	0	5057	GCA_946415165.1_IP-Evs-0.9845.PacbioHiFiAssembly_genomic
AT1G64260	OX291791.1	79.667	1623	287	33	891	2489	26401865	26403468	0	1129	GCA_946415165.1_IP-Evs-0.9845.PacbioHiFiAssembly_genomic
AT1G64260	OX291791.1	79.104	1651	316	24	843	2480	26394517	26396151	0	1110	GCA_946415165.1_IP-Evs-0.9845.PacbioHiFiAssembly_genomic
AT1G64260	OX291791.1	77.792	1612	314	34	891	2480	26397936	26399525	0	953	GCA_946415165.1_IP-Evs-0.9845.PacbioHiFiAssembly_genomic
AT1G64260	OX291791.1	78.158	760	131	23	30	781	26396936	26397668	3.97e-125	451	GCA_946415165.1_IP-Evs-0.9845.PacbioHiFiAssembly_genomic
AT1G64260	OX291791.1	83.402	241	33	7	2252	2489	21096582	21096346	1.58e-54	217	GCA_946415165.1_IP-Evs-0.9845.PacbioHiFiAssembly_genomic
AT1G49920	OX291800.1	99.502	2810	12	1	1	2810	21367755	21370562	0	5110	GCA_946415445.1_IP-Cas-6.PacbioHiFiAssembly_genomic
AT1G49920	OX291800.1	76	1150	224	39	1002	2140	26731750	26730642	5.06e-154	547	GCA_946415445.1_IP-Cas-6.PacbioHiFiAssembly_genomic
AT1G49920	OX291800.1	83.333	240	35	5	466	702	26741739	26741502	1.62e-54	217	GCA_946415445.1_IP-Cas-6.PacbioHiFiAssembly_genomic
AT1G49920	OX291800.1	82.52	246	36	5	433	676	26735491	26735251	2.71e-52	209	GCA_946415445.1_IP-Cas-6.PacbioHiFiAssembly_genomic
AT1G64253	OX291800.1	97.792	1993	37	3	1	1992	26734498	26736484	0	3430	GCA_946415445.1_IP-Cas-6.PacbioHiFiAssembly_genomic
AT1G64253	OX291800.1	76.572	1097	210	32	1	1063	26731290	26732373	1.84e-157	558	GCA_946415445.1_IP-Cas-6.PacbioHiFiAssembly_genomic
AT1G64253	OX291800.1	76.622	971	195	25	2	956	26740776	26741730	6.76e-142	507	GCA_946415445.1_IP-Cas-6.PacbioHiFiAssembly_genomic
AT1G64253	OX291800.1	76.195	983	206	23	2	967	26738014	26738985	5.26e-138	494	GCA_946415445.1_IP-Cas-6.PacbioHiFiAssembly_genomic
AT1G64253	OX291800.1	79.365	504	94	7	1	496	21369222	21368721	1.56e-93	346	GCA_946415445.1_IP-Cas-6.PacbioHiFiAssembly_genomic
AT1G64253	OX291800.1	81.731	208	30	7	2016	2220	20393353	20393555	1.3e-39	167	GCA_946415445.1_IP-Cas-6.PacbioHiFiAssembly_genomic
AT1G64253	OX291800.1	81.731	208	30	7	2016	2220	20396140	20396342	1.3e-39	167	GCA_946415445.1_IP-Cas-6.PacbioHiFiAssembly_genomic
AT1G64255	OX291800.1	98.479	1644	24	1	611	2253	26737428	26739071	0	2896	GCA_946415445.1_IP-Cas-6.PacbioHiFiAssembly_genomic
AT1G64255	OX291800.1	81.866	1704	272	19	501	2181	26730599	26732288	0	1400	GCA_946415445.1_IP-Cas-6.PacbioHiFiAssembly_genomic
AT1G64255	OX291800.1	80.037	1623	281	34	561	2164	26740141	26741739	0	1162	GCA_946415445.1_IP-Cas-6.PacbioHiFiAssembly_genomic
AT1G64255	OX291800.1	99.301	572	4	0	1	572	26736859	26737430	0	1035	GCA_946415445.1_IP-Cas-6.PacbioHiFiAssembly_genomic
AT1G64255	OX291800.1	82.243	642	108	5	1030	1668	26743910	26744548	1.12e-154	549	GCA_946415445.1_IP-Cas-6.PacbioHiFiAssembly_genomic
AT1G64255	OX291800.1	85.276	163	15	9	2014	2172	26732792	26732949	2.21e-37	159	GCA_946415445.1_IP-Cas-6.PacbioHiFiAssembly_genomic
AT1G64255	OX291800.1	79.72	143	25	4	237	377	26742982	26743122	1.36e-19	100	GCA_946415445.1_IP-Cas-6.PacbioHiFiAssembly_genomic
AT1G64260	OX291800.1	99.339	2724	18	0	15	2738	26739265	26741988	0	4931	GCA_946415445.1_IP-Cas-6.PacbioHiFiAssembly_genomic
AT1G64260	OX291800.1	79.694	1571	277	33	943	2489	26737430	26738982	0	1096	GCA_946415445.1_IP-Cas-6.PacbioHiFiAssembly_genomic
AT1G64260	OX291800.1	78.665	1678	314	31	834	2483	26730605	26732266	0	1075	GCA_946415445.1_IP-Cas-6.PacbioHiFiAssembly_genomic
AT1G64260	OX291800.1	77.239	1608	330	28	891	2480	26733864	26735453	0	909	GCA_946415445.1_IP-Cas-6.PacbioHiFiAssembly_genomic
AT1G64260	OX291800.1	81.743	241	37	7	2252	2489	21368456	21368220	7.39e-48	195	GCA_946415445.1_IP-Cas-6.PacbioHiFiAssembly_genomic
AT1G49920	OX291805.1	99.893	2810	3	0	1	2810	21336515	21339324	0	5173	GCA_946415625.1_MONTM-B-7.PacbioHiFiAssembly_genomic
AT1G49920	OX291805.1	75.655	1183	244	30	967	2142	26648225	26647080	1.38e-154	549	GCA_946415625.1_MONTM-B-7.PacbioHiFiAssembly_genomic
AT1G49920	OX291805.1	82.927	246	35	5	433	676	26648723	26648483	5.73e-54	215	GCA_946415625.1_MONTM-B-7.PacbioHiFiAssembly_genomic
AT1G64253	OX291805.1	96.629	2017	37	6	1	2016	26647730	26649716	0	3319	GCA_946415625.1_MONTM-B-7.PacbioHiFiAssembly_genomic
AT1G64253	OX291805.1	78.178	944	170	29	52	977	26644396	26645321	8.37e-161	569	GCA_946415625.1_MONTM-B-7.PacbioHiFiAssembly_genomic
AT1G64253	OX291805.1	83.924	423	66	2	100	521	26652685	26653106	8.98e-111	403	GCA_946415625.1_MONTM-B-7.PacbioHiFiAssembly_genomic
AT1G64253	OX291805.1	79.365	504	94	7	1	496	21337982	21337481	1.54e-93	346	GCA_946415625.1_MONTM-B-7.PacbioHiFiAssembly_genomic
AT1G64253	OX291805.1	81.731	208	30	7	2016	2220	20343594	20343796	1.28e-39	167	GCA_946415625.1_MONTM-B-7.PacbioHiFiAssembly_genomic
AT1G64255	OX291805.1	91.46	2260	165	15	1	2253	26650071	26652309	0	3079	GCA_946415625.1_MONTM-B-7.PacbioHiFiAssembly_genomic
AT1G64255	OX291805.1	82.931	1740	266	21	528	2253	26643675	26645397	0	1539	GCA_946415625.1_MONTM-B-7.PacbioHiFiAssembly_genomic
AT1G64255	OX291805.1	77.521	1646	338	27	545	2177	26647080	26648706	0	961	GCA_946415625.1_MONTM-B-7.PacbioHiFiAssembly_genomic
AT1G64260	OX291805.1	79.205	1635	311	24	859	2480	26643682	26645300	0	1109	GCA_946415625.1_MONTM-B-7.PacbioHiFiAssembly_genomic
AT1G64260	OX291805.1	77.985	1608	318	29	891	2480	26647096	26648685	0	976	GCA_946415625.1_MONTM-B-7.PacbioHiFiAssembly_genomic
AT1G64260	OX291805.1	78.158	760	131	23	30	781	26646086	26646818	3.91e-125	451	GCA_946415625.1_MONTM-B-7.PacbioHiFiAssembly_genomic
AT1G64260	OX291805.1	83.402	241	33	7	2252	2489	21337216	21336980	1.55e-54	217	GCA_946415625.1_MONTM-B-7.PacbioHiFiAssembly_genomic
AT1G49920	OX291810.1	99.929	2810	2	0	1	2810	21782302	21785111	0	5179	GCA_946415655.1_LACR-C-14.PacbioHiFiAssembly_genomic
AT1G49920	OX291810.1	75.932	1180	246	29	967	2142	27093935	27092790	2.91e-161	571	GCA_946415655.1_LACR-C-14.PacbioHiFiAssembly_genomic
AT1G49920	OX291810.1	83.402	241	33	7	466	702	27101114	27100877	1.57e-54	217	GCA_946415655.1_LACR-C-14.PacbioHiFiAssembly_genomic
AT1G64253	OX291810.1	100	2220	0	0	1	2220	27093440	27095659	0	4100	GCA_946415655.1_LACR-C-14.PacbioHiFiAssembly_genomic
AT1G64253	OX291810.1	78.072	944	171	29	52	977	27090117	27091042	3.84e-159	564	GCA_946415655.1_LACR-C-14.PacbioHiFiAssembly_genomic
AT1G64253	OX291810.1	76.313	971	198	25	2	956	27100151	27101105	6.61e-137	490	GCA_946415655.1_LACR-C-14.PacbioHiFiAssembly_genomic
AT1G64253	OX291810.1	79.365	504	94	7	1	496	21783769	21783268	1.52e-93	346	GCA_946415655.1_LACR-C-14.PacbioHiFiAssembly_genomic
AT1G64253	OX291810.1	81.25	208	31	7	2016	2220	20789608	20789810	5.89e-38	161	GCA_946415655.1_LACR-C-14.PacbioHiFiAssembly_genomic
AT1G64255	OX291810.1	99.956	2253	1	0	1	2253	27096175	27098427	0	4156	GCA_946415655.1_LACR-C-14.PacbioHiFiAssembly_genomic
AT1G64255	OX291810.1	82.919	1768	266	23	501	2253	27089372	27091118	0	1559	GCA_946415655.1_LACR-C-14.PacbioHiFiAssembly_genomic
AT1G64255	OX291810.1	79.667	1623	287	34	561	2164	27099516	27101114	0	1129	GCA_946415655.1_LACR-C-14.PacbioHiFiAssembly_genomic
AT1G64255	OX291810.1	77.278	1646	342	27	545	2177	27092790	27094416	0	939	GCA_946415655.1_LACR-C-14.PacbioHiFiAssembly_genomic
AT1G64255	OX291810.1	82.243	642	108	5	1030	1668	27103286	27103924	1.09e-154	549	GCA_946415655.1_LACR-C-14.PacbioHiFiAssembly_genomic
AT1G64255	OX291810.1	79.72	143	25	4	237	377	27102358	27102498	1.32e-19	100	GCA_946415655.1_LACR-C-14.PacbioHiFiAssembly_genomic
AT1G64260	OX291810.1	99.963	2738	1	0	1	2738	27098626	27101363	0	5051	GCA_946415655.1_LACR-C-14.PacbioHiFiAssembly_genomic
AT1G64260	OX291810.1	79.606	1623	288	33	891	2489	27096735	27098338	0	1123	GCA_946415655.1_LACR-C-14.PacbioHiFiAssembly_genomic
AT1G64260	OX291810.1	79.043	1651	317	24	843	2480	27089387	27091021	0	1105	GCA_946415655.1_LACR-C-14.PacbioHiFiAssembly_genomic
AT1G64260	OX291810.1	77.792	1612	314	34	891	2480	27092806	27094395	0	953	GCA_946415655.1_LACR-C-14.PacbioHiFiAssembly_genomic
AT1G64260	OX291810.1	78.158	760	131	23	30	781	27091806	27092538	3.86e-125	451	GCA_946415655.1_LACR-C-14.PacbioHiFiAssembly_genomic
AT1G64260	OX291810.1	83.402	241	33	7	2252	2489	21783003	21782767	1.53e-54	217	GCA_946415655.1_LACR-C-14.PacbioHiFiAssembly_genomic
AT1G49920	OX298797.1	99.893	2810	3	0	1	2810	22422548	22425357	0	5173	GCA_946499665.1_Ey15-2.9994.PacbioHiFiAssembly_genomic
AT1G49920	OX298797.1	76.087	1150	223	39	1002	2140	27758183	27757075	1.07e-155	553	GCA_946499665.1_Ey15-2.9994.PacbioHiFiAssembly_genomic
AT1G49920	OX298797.1	83.333	240	35	5	466	702	27768611	27768374	1.59e-54	217	GCA_946499665.1_Ey15-2.9994.PacbioHiFiAssembly_genomic
AT1G49920	OX298797.1	82.927	246	35	5	433	676	27762333	27762093	5.72e-54	215	GCA_946499665.1_Ey15-2.9994.PacbioHiFiAssembly_genomic
AT1G64253	OX298797.1	97.642	1993	39	4	1	1992	27761341	27763326	0	3413	GCA_946499665.1_Ey15-2.9994.PacbioHiFiAssembly_genomic
AT1G64253	OX298797.1	76.761	1093	213	30	1	1063	27757723	27758804	6.45e-162	573	GCA_946499665.1_Ey15-2.9994.PacbioHiFiAssembly_genomic
AT1G64253	OX298797.1	76.622	971	195	25	2	956	27767648	27768602	6.63e-142	507	GCA_946499665.1_Ey15-2.9994.PacbioHiFiAssembly_genomic
AT1G64253	OX298797.1	76.195	983	206	23	2	967	27764881	27765852	5.17e-138	494	GCA_946499665.1_Ey15-2.9994.PacbioHiFiAssembly_genomic
AT1G64253	OX298797.1	79.167	504	95	7	1	496	22424015	22423514	7.12e-92	340	GCA_946499665.1_Ey15-2.9994.PacbioHiFiAssembly_genomic
AT1G64253	OX298797.1	81.34	209	29	9	2016	2220	21418206	21418408	5.95e-38	161	GCA_946499665.1_Ey15-2.9994.PacbioHiFiAssembly_genomic
AT1G64255	OX298797.1	98.269	2253	24	1	1	2253	27763701	27765938	0	3930	GCA_946499665.1_Ey15-2.9994.PacbioHiFiAssembly_genomic
AT1G64255	OX298797.1	82.246	1701	268	16	501	2181	27757032	27758718	0	1437	GCA_946499665.1_Ey15-2.9994.PacbioHiFiAssembly_genomic
AT1G64255	OX298797.1	79.791	1623	285	34	561	2164	27767013	27768611	0	1140	GCA_946499665.1_Ey15-2.9994.PacbioHiFiAssembly_genomic
AT1G64255	OX298797.1	77.082	1645	346	26	545	2177	27760691	27762316	0	920	GCA_946499665.1_Ey15-2.9994.PacbioHiFiAssembly_genomic
AT1G64255	OX298797.1	82.243	642	108	5	1030	1668	27770779	27771417	1.1e-154	549	GCA_946499665.1_Ey15-2.9994.PacbioHiFiAssembly_genomic
AT1G64255	OX298797.1	86.503	163	14	8	2014	2172	27759215	27759373	2.79e-41	172	GCA_946499665.1_Ey15-2.9994.PacbioHiFiAssembly_genomic
AT1G64255	OX298797.1	79.72	143	25	4	237	377	27769851	27769991	1.34e-19	100	GCA_946499665.1_Ey15-2.9994.PacbioHiFiAssembly_genomic
AT1G64260	OX298797.1	99.27	2738	20	0	1	2738	27766123	27768860	0	4946	GCA_946499665.1_Ey15-2.9994.PacbioHiFiAssembly_genomic
AT1G64260	OX298797.1	79.63	1620	278	35	891	2489	27764261	27765849	0	1116	GCA_946499665.1_Ey15-2.9994.PacbioHiFiAssembly_genomic
AT1G64260	OX298797.1	78.831	1677	310	32	834	2483	27757038	27758696	0	1088	GCA_946499665.1_Ey15-2.9994.PacbioHiFiAssembly_genomic
AT1G64260	OX298797.1	77.301	1608	328	29	891	2480	27760707	27762295	0	913	GCA_946499665.1_Ey15-2.9994.PacbioHiFiAssembly_genomic
AT1G64260	OX298797.1	78.478	762	128	24	30	781	27759694	27760429	1.39e-129	466	GCA_946499665.1_Ey15-2.9994.PacbioHiFiAssembly_genomic
AT1G64260	OX298797.1	83.402	241	33	7	2252	2489	22423249	22423013	1.55e-54	217	GCA_946499665.1_Ey15-2.9994.PacbioHiFiAssembly_genomic
AT1G49920	OX298802.1	100	2810	0	0	1	2810	20687924	20690733	0	5190	GCA_946499705.1_Col-0.6909.PacbioHiFiAssembly_genomic
AT1G49920	OX298802.1	75.932	1180	246	29	967	2142	26044681	26043536	2.91e-161	571	GCA_946499705.1_Col-0.6909.PacbioHiFiAssembly_genomic
AT1G49920	OX298802.1	83.402	241	33	7	466	702	26051860	26051623	1.57e-54	217	GCA_946499705.1_Col-0.6909.PacbioHiFiAssembly_genomic
AT1G64253	OX298802.1	100	2220	0	0	1	2220	26044186	26046405	0	4100	GCA_946499705.1_Col-0.6909.PacbioHiFiAssembly_genomic
AT1G64253	OX298802.1	77.966	944	172	29	52	977	26040863	26041788	1.78e-157	558	GCA_946499705.1_Col-0.6909.PacbioHiFiAssembly_genomic
AT1G64253	OX298802.1	76.313	971	198	25	2	956	26050897	26051851	6.6e-137	490	GCA_946499705.1_Col-0.6909.PacbioHiFiAssembly_genomic
AT1G64253	OX298802.1	79.365	504	94	7	1	496	20689391	20688890	1.51e-93	346	GCA_946499705.1_Col-0.6909.PacbioHiFiAssembly_genomic
AT1G64253	OX298802.1	81.731	208	30	7	2016	2220	19673716	19673918	1.26e-39	167	GCA_946499705.1_Col-0.6909.PacbioHiFiAssembly_genomic
AT1G64253	OX298802.1	92.105	114	7	2	2107	2220	19671020	19671131	2.12e-37	159	GCA_946499705.1_Col-0.6909.PacbioHiFiAssembly_genomic
AT1G64255	OX298802.1	100	2253	0	0	1	2253	26046921	26049173	0	4161	GCA_946499705.1_Col-0.6909.PacbioHiFiAssembly_genomic
AT1G64255	OX298802.1	82.975	1768	265	23	501	2253	26040118	26041864	0	1565	GCA_946499705.1_Col-0.6909.PacbioHiFiAssembly_genomic
AT1G64255	OX298802.1	79.667	1623	287	34	561	2164	26050262	26051860	0	1129	GCA_946499705.1_Col-0.6909.PacbioHiFiAssembly_genomic
AT1G64255	OX298802.1	77.278	1646	342	27	545	2177	26043536	26045162	0	939	GCA_946499705.1_Col-0.6909.PacbioHiFiAssembly_genomic
AT1G64255	OX298802.1	82.243	642	108	5	1030	1668	26054032	26054670	1.09e-154	549	GCA_946499705.1_Col-0.6909.PacbioHiFiAssembly_genomic
AT1G64255	OX298802.1	79.72	143	25	4	237	377	26053104	26053244	1.32e-19	100	GCA_946499705.1_Col-0.6909.PacbioHiFiAssembly_genomic
AT1G64260	OX298802.1	100	2738	0	0	1	2738	26049372	26052109	0	5057	GCA_946499705.1_Col-0.6909.PacbioHiFiAssembly_genomic
AT1G64260	OX298802.1	79.667	1623	287	33	891	2489	26047481	26049084	0	1129	GCA_946499705.1_Col-0.6909.PacbioHiFiAssembly_genomic
AT1G64260	OX298802.1	79.104	1651	316	24	843	2480	26040133	26041767	0	1110	GCA_946499705.1_Col-0.6909.PacbioHiFiAssembly_genomic
AT1G64260	OX298802.1	77.792	1612	314	34	891	2480	26043552	26045141	0	953	GCA_946499705.1_Col-0.6909.PacbioHiFiAssembly_genomic
AT1G64260	OX298802.1	78.158	760	131	23	30	781	26042552	26043284	3.85e-125	451	GCA_946499705.1_Col-0.6909.PacbioHiFiAssembly_genomic
AT1G64260	OX298802.1	83.402	241	33	7	2252	2489	20688625	20688389	1.53e-54	217	GCA_946499705.1_Col-0.6909.PacbioHiFiAssembly_genomic
AT1G49920	OX461150.1	99.893	2810	3	0	1	2810	22082700	22085509	0	5173	GCA_949796375.1_9336_genomic
AT1G49920	OX461150.1	75.826	1150	226	35	1002	2140	27450338	27449230	1.09e-150	536	GCA_949796375.1_9336_genomic
AT1G49920	OX461150.1	83.402	241	33	7	466	702	27460774	27460537	1.62e-54	217	GCA_949796375.1_9336_genomic
AT1G49920	OX461150.1	82.927	246	35	5	433	676	27454497	27454257	5.81e-54	215	GCA_949796375.1_9336_genomic
AT1G64253	OX461150.1	97.693	1994	38	4	1	1992	27453503	27455490	0	3421	GCA_949796375.1_9336_genomic
AT1G64253	OX461150.1	76.832	1092	213	29	1	1063	27449878	27450958	1.41e-163	579	GCA_949796375.1_9336_genomic
AT1G64253	OX461150.1	76.22	984	204	25	2	967	27457046	27458017	5.25e-138	494	GCA_949796375.1_9336_genomic
AT1G64253	OX461150.1	76.337	972	194	28	2	956	27459813	27460765	2.44e-136	488	GCA_949796375.1_9336_genomic
AT1G64253	OX461150.1	79.365	504	94	7	1	496	22084167	22083666	1.56e-93	346	GCA_949796375.1_9336_genomic
AT1G64253	OX461150.1	81.25	208	31	7	2016	2220	21088579	21088781	6.05e-38	161	GCA_949796375.1_9336_genomic
AT1G64255	OX461150.1	98.091	2253	28	1	1	2253	27455866	27458103	0	3908	GCA_949796375.1_9336_genomic
AT1G64255	OX461150.1	82.011	1701	272	16	501	2181	27449187	27450873	0	1415	GCA_949796375.1_9336_genomic
AT1G64255	OX461150.1	79.557	1624	285	37	561	2164	27459178	27460774	0	1116	GCA_949796375.1_9336_genomic
AT1G64255	OX461150.1	77.035	1646	347	26	545	2177	27452853	27454480	0	917	GCA_949796375.1_9336_genomic
AT1G64255	OX461150.1	81.931	642	110	5	1030	1668	27462945	27463583	2.43e-151	538	GCA_949796375.1_9336_genomic
AT1G64255	OX461150.1	86.503	163	14	8	2014	2172	27451377	27451535	2.84e-41	172	GCA_949796375.1_9336_genomic
AT1G64255	OX461150.1	79.72	143	25	4	237	377	27462017	27462157	1.36e-19	100	GCA_949796375.1_9336_genomic
AT1G64260	OX461150.1	99.233	2738	19	1	1	2738	27458288	27461023	0	4939	GCA_949796375.1_9336_genomic
AT1G64260	OX461150.1	79.506	1620	280	35	891	2489	27456426	27458014	0	1105	GCA_949796375.1_9336_genomic
AT1G64260	OX461150.1	78.712	1677	312	31	834	2483	27449193	27450851	0	1077	GCA_949796375.1_9336_genomic
AT1G64260	OX461150.1	77.253	1609	329	29	891	2480	27452869	27454459	0	909	GCA_949796375.1_9336_genomic
AT1G64260	OX461150.1	78.478	762	128	24	30	781	27451856	27452591	1.42e-129	466	GCA_949796375.1_9336_genomic
AT1G64260	OX461150.1	83.402	241	33	7	2252	2489	22083401	22083165	1.57e-54	217	GCA_949796375.1_9336_genomic
AT1G49920	OX461165.1	99.893	2810	3	0	1	2810	21462655	21465464	0	5173	GCA_949796385.1_9852_genomic
AT1G49920	OX461165.1	75.932	1180	246	29	967	2142	26727903	26726758	3e-161	571	GCA_949796385.1_9852_genomic
AT1G49920	OX461165.1	83.402	241	33	7	466	702	26735082	26734845	1.62e-54	217	GCA_949796385.1_9852_genomic
AT1G64253	OX461165.1	100	2220	0	0	1	2220	26727408	26729627	0	4100	GCA_949796385.1_9852_genomic
AT1G64253	OX461165.1	78.072	944	171	29	52	977	26724085	26725010	3.95e-159	564	GCA_949796385.1_9852_genomic
AT1G64253	OX461165.1	76.313	971	198	25	2	956	26734119	26735073	6.8e-137	490	GCA_949796385.1_9852_genomic
AT1G64253	OX461165.1	79.365	504	94	7	1	496	21464122	21463621	1.56e-93	346	GCA_949796385.1_9852_genomic
AT1G64253	OX461165.1	81.731	208	30	7	2016	2220	20449979	20450181	1.3e-39	167	GCA_949796385.1_9852_genomic
AT1G64253	OX461165.1	92.105	114	7	2	2107	2220	20447283	20447394	2.18e-37	159	GCA_949796385.1_9852_genomic
AT1G64255	OX461165.1	99.956	2253	1	0	1	2253	26730143	26732395	0	4156	GCA_949796385.1_9852_genomic
AT1G64255	OX461165.1	82.919	1768	266	23	501	2253	26723340	26725086	0	1559	GCA_949796385.1_9852_genomic
AT1G64255	OX461165.1	79.667	1623	287	34	561	2164	26733484	26735082	0	1129	GCA_949796385.1_9852_genomic
AT1G64255	OX461165.1	77.278	1646	342	27	545	2177	26726758	26728384	0	939	GCA_949796385.1_9852_genomic
AT1G64255	OX461165.1	82.243	642	108	5	1030	1668	26737254	26737892	1.12e-154	549	GCA_949796385.1_9852_genomic
AT1G64255	OX461165.1	79.72	143	25	4	237	377	26736326	26736466	1.36e-19	100	GCA_949796385.1_9852_genomic
AT1G64260	OX461165.1	99.963	2738	1	0	1	2738	26732594	26735331	0	5051	GCA_949796385.1_9852_genomic
AT1G64260	OX461165.1	79.606	1623	288	33	891	2489	26730703	26732306	0	1123	GCA_949796385.1_9852_genomic
AT1G64260	OX461165.1	79.043	1651	317	24	843	2480	26723355	26724989	0	1105	GCA_949796385.1_9852_genomic
AT1G64260	OX461165.1	77.792	1612	314	34	891	2480	26726774	26728363	0	953	GCA_949796385.1_9852_genomic
AT1G64260	OX461165.1	78.158	760	131	23	30	781	26725774	26726506	3.97e-125	451	GCA_949796385.1_9852_genomic
AT1G64260	OX461165.1	83.402	241	33	7	2252	2489	21463356	21463120	1.58e-54	217	GCA_949796385.1_9852_genomic
AT1G49920	OX461195.1	98.292	2810	46	1	1	2810	22813682	22816489	0	4922	GCA_949796415.1_9762_genomic
AT1G49920	OX461195.1	75.339	1180	253	25	967	2142	28222633	28221488	1.43e-149	532	GCA_949796415.1_9762_genomic
AT1G49920	OX461195.1	82.927	246	35	5	433	676	28223131	28222891	5.88e-54	215	GCA_949796415.1_9762_genomic
AT1G49920	OX461195.1	82.917	240	36	5	466	702	28229410	28229173	7.61e-53	211	GCA_949796415.1_9762_genomic
AT1G64253	OX461195.1	96.877	2017	32	10	1	2016	28222138	28224124	0	3347	GCA_949796415.1_9762_genomic
AT1G64253	OX461195.1	76.416	971	197	25	2	956	28228447	28229401	1.48e-138	496	GCA_949796415.1_9762_genomic
AT1G64253	OX461195.1	79.167	504	95	7	1	496	22815149	22814648	7.33e-92	340	GCA_949796415.1_9762_genomic
AT1G64253	OX461195.1	81.25	208	31	7	2016	2220	21809431	21809633	6.12e-38	161	GCA_949796415.1_9762_genomic
AT1G64253	OX461195.1	92.857	112	6	2	2109	2220	21812311	21812420	6.12e-38	161	GCA_949796415.1_9762_genomic
AT1G64253	OX461196.1	92.105	114	7	2	2107	2220	11720287	11720398	2.2e-37	159	GCA_949796415.1_9762_genomic
AT1G64253	OX461196.1	92.105	114	7	2	2107	2220	11722840	11722951	2.2e-37	159	GCA_949796415.1_9762_genomic
AT1G64255	OX461195.1	98.535	2253	33	0	1	2253	28224487	28226739	0	3978	GCA_949796415.1_9762_genomic
AT1G64255	OX461195.1	82.254	1775	270	28	501	2253	28217646	28219397	0	1491	GCA_949796415.1_9762_genomic
AT1G64255	OX461195.1	76.96	1645	349	25	545	2177	28221488	28223114	0	911	GCA_949796415.1_9762_genomic
AT1G64255	OX461195.1	82.243	642	108	5	1030	1668	28231581	28232219	1.14e-154	549	GCA_949796415.1_9762_genomic
AT1G64255	OX461195.1	86.503	163	14	8	2014	2172	28219915	28220073	2.87e-41	172	GCA_949796415.1_9762_genomic
AT1G64260	OX461195.1	99.196	2738	20	2	1	2738	28226924	28229659	0	4933	GCA_949796415.1_9762_genomic
AT1G64260	OX461195.1	79.716	1622	288	32	891	2489	28225047	28226650	0	1134	GCA_949796415.1_9762_genomic
AT1G64260	OX461195.1	79.677	1609	297	26	891	2483	28217703	28219297	0	1133	GCA_949796415.1_9762_genomic
AT1G64260	OX461195.1	77.225	1607	332	27	891	2480	28221504	28223093	0	909	GCA_949796415.1_9762_genomic
AT1G64260	OX461195.1	78.1	758	133	24	30	781	28220472	28221202	1.44e-124	449	GCA_949796415.1_9762_genomic
AT1G64260	OX461195.1	81.743	241	37	7	2252	2489	22814383	22814147	7.46e-48	195	GCA_949796415.1_9762_genomic
AT1G49920	OX461155.1	99.929	2810	2	0	1	2810	21693247	21696056	0	5179	GCA_949796455.1_7143_genomic
AT1G49920	OX461155.1	75.979	1149	224	39	1003	2140	27012507	27011400	1.74e-153	545	GCA_949796455.1_7143_genomic
AT1G49920	OX461155.1	83.333	240	35	5	466	702	27022935	27022698	1.55e-54	217	GCA_949796455.1_7143_genomic
AT1G49920	OX461155.1	82.927	246	35	5	433	676	27016657	27016417	5.59e-54	215	GCA_949796455.1_7143_genomic
AT1G64253	OX461155.1	97.642	1993	39	4	1	1992	27015665	27017650	0	3413	GCA_949796455.1_7143_genomic
AT1G64253	OX461155.1	76.923	1092	212	29	1	1063	27012048	27013128	2.91e-165	584	GCA_949796455.1_7143_genomic
AT1G64253	OX461155.1	76.622	971	195	25	2	956	27021972	27022926	6.48e-142	507	GCA_949796455.1_7143_genomic
AT1G64253	OX461155.1	76.195	983	206	23	2	967	27019205	27020176	5.05e-138	494	GCA_949796455.1_7143_genomic
AT1G64253	OX461155.1	79.365	504	94	7	1	496	21694714	21694213	1.5e-93	346	GCA_949796455.1_7143_genomic
AT1G64253	OX461155.1	81.731	208	30	7	2016	2220	20709806	20710008	1.25e-39	167	GCA_949796455.1_7143_genomic
AT1G64253	OX461155.1	81.25	208	31	7	2016	2220	20707019	20707221	5.81e-38	161	GCA_949796455.1_7143_genomic
AT1G64255	OX461155.1	98.225	2253	25	1	1	2253	27018025	27020262	0	3925	GCA_949796455.1_7143_genomic
AT1G64255	OX461155.1	82.187	1701	269	15	501	2181	27011357	27013043	0	1432	GCA_949796455.1_7143_genomic
AT1G64255	OX461155.1	79.975	1623	282	34	561	2164	27021337	27022935	0	1157	GCA_949796455.1_7143_genomic
AT1G64255	OX461155.1	77.082	1645	346	26	545	2177	27015015	27016640	0	920	GCA_949796455.1_7143_genomic
AT1G64255	OX461155.1	82.087	642	109	5	1030	1668	27025106	27025744	5.02e-153	544	GCA_949796455.1_7143_genomic
AT1G64255	OX461155.1	86.503	163	14	8	2014	2172	27013539	27013697	2.73e-41	172	GCA_949796455.1_7143_genomic
AT1G64255	OX461155.1	79.72	143	25	4	237	377	27024178	27024318	1.31e-19	100	GCA_949796455.1_7143_genomic
AT1G64260	OX461155.1	99.27	2738	20	0	1	2738	27020447	27023184	0	4946	GCA_949796455.1_7143_genomic
AT1G64260	OX461155.1	79.63	1620	278	35	891	2489	27018585	27020173	0	1116	GCA_949796455.1_7143_genomic
AT1G64260	OX461155.1	78.831	1677	310	32	834	2483	27011363	27013021	0	1088	GCA_949796455.1_7143_genomic
AT1G64260	OX461155.1	77.301	1608	328	29	891	2480	27015031	27016619	0	913	GCA_949796455.1_7143_genomic
AT1G64260	OX461155.1	78.478	762	128	24	30	781	27014018	27014753	1.36e-129	466	GCA_949796455.1_7143_genomic
AT1G64260	OX461155.1	83.402	241	33	7	2252	2489	21693948	21693712	1.51e-54	217	GCA_949796455.1_7143_genomic
AT1G49920	OX461200.1	99.893	2810	3	0	1	2810	21875207	21878016	0	5173	GCA_949796475.1_9883_genomic
AT1G49920	OX461200.1	75.847	1180	247	29	967	2142	27150161	27149016	1.37e-159	566	GCA_949796475.1_9883_genomic
AT1G49920	OX461200.1	83.402	241	33	7	466	702	27157340	27157103	1.59e-54	217	GCA_949796475.1_9883_genomic
AT1G64253	OX461200.1	100	2220	0	0	1	2220	27149666	27151885	0	4100	GCA_949796475.1_9883_genomic
AT1G64253	OX461200.1	77.966	944	172	29	52	977	27146343	27147268	1.81e-157	558	GCA_949796475.1_9883_genomic
AT1G64253	OX461200.1	76.313	971	198	25	2	956	27156377	27157331	6.7e-137	490	GCA_949796475.1_9883_genomic
AT1G64253	OX461200.1	79.365	504	94	7	1	496	21876674	21876173	1.53e-93	346	GCA_949796475.1_9883_genomic
AT1G64253	OX461200.1	81.731	208	30	7	2016	2220	20888654	20888856	1.28e-39	167	GCA_949796475.1_9883_genomic
AT1G64253	OX461200.1	92.105	114	7	2	2107	2220	20885958	20886069	2.15e-37	159	GCA_949796475.1_9883_genomic
AT1G64255	OX461200.1	100	2253	0	0	1	2253	27152401	27154653	0	4161	GCA_949796475.1_9883_genomic
AT1G64255	OX461200.1	82.975	1768	265	23	501	2253	27145598	27147344	0	1565	GCA_949796475.1_9883_genomic
AT1G64255	OX461200.1	79.667	1623	287	34	561	2164	27155742	27157340	0	1129	GCA_949796475.1_9883_genomic
AT1G64255	OX461200.1	77.217	1646	343	27	545	2177	27149016	27150642	0	933	GCA_949796475.1_9883_genomic
AT1G64255	OX461200.1	82.243	642	108	5	1030	1668	27159512	27160150	1.11e-154	549	GCA_949796475.1_9883_genomic
AT1G64255	OX461200.1	79.72	143	25	4	237	377	27158584	27158724	1.34e-19	100	GCA_949796475.1_9883_genomic
AT1G64260	OX461200.1	100	2738	0	0	1	2738	27154852	27157589	0	5057	GCA_949796475.1_9883_genomic
AT1G64260	OX461200.1	79.667	1623	287	33	891	2489	27152961	27154564	0	1129	GCA_949796475.1_9883_genomic
AT1G64260	OX461200.1	79.104	1651	316	24	843	2480	27145613	27147247	0	1110	GCA_949796475.1_9883_genomic
AT1G64260	OX461200.1	77.73	1612	315	34	891	2480	27149032	27150621	0	948	GCA_949796475.1_9883_genomic
AT1G64260	OX461200.1	78.158	760	131	23	30	781	27148032	27148764	3.91e-125	451	GCA_949796475.1_9883_genomic
AT1G64260	OX461200.1	83.402	241	33	7	2252	2489	21875908	21875672	1.55e-54	217	GCA_949796475.1_9883_genomic
AT1G49920	OX461170.1	99.929	2810	2	0	1	2810	21445361	21448170	0	5179	GCA_949796485.1_9900_genomic
AT1G49920	OX461170.1	75.913	1150	225	39	1002	2140	26748375	26747267	2.28e-152	542	GCA_949796485.1_9900_genomic
AT1G49920	OX461170.1	83.402	241	33	7	466	702	26758781	26758544	1.57e-54	217	GCA_949796485.1_9900_genomic
AT1G49920	OX461170.1	82.927	246	35	5	433	676	26752534	26752294	5.64e-54	215	GCA_949796485.1_9900_genomic
AT1G64253	OX461170.1	97.593	1994	40	4	1	1992	26751540	26753527	0	3410	GCA_949796485.1_9900_genomic
AT1G64253	OX461170.1	76.832	1092	213	29	1	1063	26747915	26748995	1.37e-163	579	GCA_949796485.1_9900_genomic
AT1G64253	OX461170.1	76.416	971	197	25	2	956	26757818	26758772	1.42e-138	496	GCA_949796485.1_9900_genomic
AT1G64253	OX461170.1	79.365	504	94	7	1	496	21446828	21446327	1.51e-93	346	GCA_949796485.1_9900_genomic
AT1G64253	OX461170.1	80.723	249	48	0	719	967	26755774	26756022	5.79e-48	195	GCA_949796485.1_9900_genomic
AT1G64253	OX461170.1	81.731	208	30	7	2016	2220	20472449	20472651	1.26e-39	167	GCA_949796485.1_9900_genomic
AT1G64255	OX461170.1	98.166	1690	16	1	1	1690	26753903	26755577	0	2935	GCA_949796485.1_9900_genomic
AT1G64255	OX461170.1	82.069	1701	271	16	501	2181	26747224	26748910	0	1421	GCA_949796485.1_9900_genomic
AT1G64255	OX461170.1	79.544	1623	289	34	561	2164	26757183	26758781	0	1118	GCA_949796485.1_9900_genomic
AT1G64255	OX461170.1	98.687	533	7	0	1721	2253	26755576	26756108	0	946	GCA_949796485.1_9900_genomic
AT1G64255	OX461170.1	77.035	1646	347	26	545	2177	26750890	26752517	0	917	GCA_949796485.1_9900_genomic
AT1G64255	OX461170.1	81.988	644	106	8	1030	1668	26760952	26761590	2.36e-151	538	GCA_949796485.1_9900_genomic
AT1G64255	OX461170.1	86.503	163	14	8	2014	2172	26749414	26749572	2.75e-41	172	GCA_949796485.1_9900_genomic
AT1G64255	OX461170.1	79.72	143	25	4	237	377	26760024	26760164	1.32e-19	100	GCA_949796485.1_9900_genomic
AT1G64260	OX461170.1	99.306	2738	19	0	1	2738	26756293	26759030	0	4951	GCA_949796485.1_9900_genomic
AT1G64260	OX461170.1	78.772	1677	311	31	834	2483	26747230	26748888	0	1083	GCA_949796485.1_9900_genomic
AT1G64260	OX461170.1	82.374	1129	168	21	891	2011	26754463	26755568	0	953	GCA_949796485.1_9900_genomic
AT1G64260	OX461170.1	77.253	1609	329	29	891	2480	26750906	26752496	0	909	GCA_949796485.1_9900_genomic
AT1G64260	OX461170.1	78.478	762	128	24	30	781	26749893	26750628	1.37e-129	466	GCA_949796485.1_9900_genomic
AT1G64260	OX461170.1	83.402	241	33	7	2252	2489	21446062	21445826	1.53e-54	217	GCA_949796485.1_9900_genomic
AT1G49920	OX461205.1	99.893	2810	3	0	1	2810	19750387	19753196	0	5173	GCA_949796525.1_6923_genomic
AT1G49920	OX461205.1	75.932	1180	246	29	967	2142	25114766	25113621	2.9e-161	571	GCA_949796525.1_6923_genomic
AT1G49920	OX461205.1	83.402	241	33	7	466	702	25121945	25121708	1.57e-54	217	GCA_949796525.1_6923_genomic
AT1G64253	OX461205.1	100	2220	0	0	1	2220	25114271	25116490	0	4100	GCA_949796525.1_6923_genomic
AT1G64253	OX461205.1	77.966	944	172	29	52	977	25110948	25111873	1.78e-157	558	GCA_949796525.1_6923_genomic
AT1G64253	OX461205.1	76.313	971	198	25	2	956	25120982	25121936	6.58e-137	490	GCA_949796525.1_6923_genomic
AT1G64253	OX461205.1	79.365	504	94	7	1	496	19751854	19751353	1.51e-93	346	GCA_949796525.1_6923_genomic
AT1G64253	OX461205.1	81.731	208	30	7	2016	2220	18763281	18763483	1.26e-39	167	GCA_949796525.1_6923_genomic
AT1G64253	OX461205.1	92.105	114	7	2	2107	2220	18760585	18760696	2.11e-37	159	GCA_949796525.1_6923_genomic
AT1G64255	OX461205.1	100	2253	0	0	1	2253	25117006	25119258	0	4161	GCA_949796525.1_6923_genomic
AT1G64255	OX461205.1	82.975	1768	265	23	501	2253	25110203	25111949	0	1565	GCA_949796525.1_6923_genomic
AT1G64255	OX461205.1	79.667	1623	287	34	561	2164	25120347	25121945	0	1129	GCA_949796525.1_6923_genomic
AT1G64255	OX461205.1	77.278	1646	342	27	545	2177	25113621	25115247	0	939	GCA_949796525.1_6923_genomic
AT1G64255	OX461205.1	82.243	642	108	5	1030	1668	25124117	25124755	1.09e-154	549	GCA_949796525.1_6923_genomic
AT1G64255	OX461205.1	79.72	143	25	4	237	377	25123189	25123329	1.32e-19	100	GCA_949796525.1_6923_genomic
AT1G64260	OX461205.1	100	2738	0	0	1	2738	25119457	25122194	0	5057	GCA_949796525.1_6923_genomic
AT1G64260	OX461205.1	79.667	1623	287	33	891	2489	25117566	25119169	0	1129	GCA_949796525.1_6923_genomic
AT1G64260	OX461205.1	79.104	1651	316	24	843	2480	25110218	25111852	0	1110	GCA_949796525.1_6923_genomic
AT1G64260	OX461205.1	77.792	1612	314	34	891	2480	25113637	25115226	0	953	GCA_949796525.1_6923_genomic
AT1G64260	OX461205.1	78.158	760	131	23	30	781	25112637	25113369	3.84e-125	451	GCA_949796525.1_6923_genomic
AT1G64260	OX461205.1	83.402	241	33	7	2252	2489	19751088	19750852	1.52e-54	217	GCA_949796525.1_6923_genomic
AT1G49920	OX461145.1	99.929	2810	2	0	1	2810	22731868	22734677	0	5179	GCA_949796605.1_9806_genomic
AT1G49920	OX461145.1	76.087	1150	223	39	1002	2140	28068631	28067523	1.07e-155	553	GCA_949796605.1_9806_genomic
AT1G49920	OX461145.1	83.333	240	35	5	466	702	28079058	28078821	1.59e-54	217	GCA_949796605.1_9806_genomic
AT1G49920	OX461145.1	82.927	246	35	5	433	676	28072779	28072539	5.72e-54	215	GCA_949796605.1_9806_genomic
AT1G64253	OX461145.1	97.592	1993	39	5	1	1992	28071788	28073772	0	3406	GCA_949796605.1_9806_genomic
AT1G64253	OX461145.1	76.923	1092	212	29	1	1063	28068171	28069251	2.98e-165	584	GCA_949796605.1_9806_genomic
AT1G64253	OX461145.1	76.622	971	195	25	2	956	28078095	28079049	6.64e-142	507	GCA_949796605.1_9806_genomic
AT1G64253	OX461145.1	76.118	984	206	24	2	967	28075327	28076299	2.4e-136	488	GCA_949796605.1_9806_genomic
AT1G64253	OX461145.1	79.365	504	94	7	1	496	22733335	22732834	1.53e-93	346	GCA_949796605.1_9806_genomic
AT1G64253	OX461145.1	81.731	208	30	7	2016	2220	21742107	21742309	1.28e-39	167	GCA_949796605.1_9806_genomic
AT1G64255	OX461145.1	98.225	2254	24	2	1	2253	28074147	28076385	0	3927	GCA_949796605.1_9806_genomic
AT1G64255	OX461145.1	82.246	1701	268	16	501	2181	28067480	28069166	0	1437	GCA_949796605.1_9806_genomic
AT1G64255	OX461145.1	79.791	1623	285	34	561	2164	28077460	28079058	0	1140	GCA_949796605.1_9806_genomic
AT1G64255	OX461145.1	77.021	1645	346	27	545	2177	28071138	28072762	0	915	GCA_949796605.1_9806_genomic
AT1G64255	OX461145.1	82.243	642	108	5	1030	1668	28081226	28081864	1.1e-154	549	GCA_949796605.1_9806_genomic
AT1G64255	OX461145.1	86.503	163	14	8	2014	2172	28069662	28069820	2.79e-41	172	GCA_949796605.1_9806_genomic
AT1G64255	OX461145.1	79.72	143	25	4	237	377	28080298	28080438	1.34e-19	100	GCA_949796605.1_9806_genomic
AT1G64260	OX461145.1	99.306	2738	19	0	1	2738	28076570	28079307	0	4951	GCA_949796605.1_9806_genomic
AT1G64260	OX461145.1	79.581	1621	278	36	891	2489	28074707	28076296	0	1110	GCA_949796605.1_9806_genomic
AT1G64260	OX461145.1	78.891	1677	309	32	834	2483	28067486	28069144	0	1094	GCA_949796605.1_9806_genomic
AT1G64260	OX461145.1	77.225	1607	330	28	891	2480	28071154	28072741	0	907	GCA_949796605.1_9806_genomic
AT1G64260	OX461145.1	78.478	762	128	24	30	781	28070141	28070876	1.39e-129	466	GCA_949796605.1_9806_genomic
AT1G64260	OX461145.1	83.402	241	33	7	2252	2489	22732569	22732333	1.55e-54	217	GCA_949796605.1_9806_genomic
AT1G49920	OX461160.1	99.964	2810	1	0	1	2810	22748417	22751226	0	5184	GCA_949796635.1_8285_genomic
AT1G49920	OX461160.1	76.017	1180	245	29	967	2142	28043413	28042268	6.41e-163	577	GCA_949796635.1_8285_genomic
AT1G49920	OX461160.1	83.402	241	33	7	466	702	28050576	28050339	1.61e-54	217	GCA_949796635.1_8285_genomic
AT1G64253	OX461160.1	99.415	2221	12	1	1	2220	28042918	28045138	0	4028	GCA_949796635.1_8285_genomic
AT1G64253	OX461160.1	78.072	944	171	29	52	977	28039596	28040521	3.93e-159	564	GCA_949796635.1_8285_genomic
AT1G64253	OX461160.1	76.416	971	197	25	2	956	28049613	28050567	1.45e-138	496	GCA_949796635.1_8285_genomic
AT1G64253	OX461160.1	76.171	982	208	21	2	967	28046849	28047820	5.23e-138	494	GCA_949796635.1_8285_genomic
AT1G64253	OX461160.1	79.365	504	94	7	1	496	22749884	22749383	1.55e-93	346	GCA_949796635.1_8285_genomic
AT1G64253	OX461160.1	81.731	208	30	7	2016	2220	21763164	21763366	1.3e-39	167	GCA_949796635.1_8285_genomic
AT1G64253	OX461160.1	81.25	208	31	7	2016	2220	21760377	21760579	6.03e-38	161	GCA_949796635.1_8285_genomic
AT1G64253	OX461164.1	81.731	208	30	7	2016	2220	18974126	18973924	1.3e-39	167	GCA_949796635.1_8285_genomic
AT1G64253	OX461164.1	81.731	208	30	7	2016	2220	18976919	18976717	1.3e-39	167	GCA_949796635.1_8285_genomic
AT1G64255	OX461160.1	99.512	2253	11	0	1	2253	28045654	28047906	0	4100	GCA_949796635.1_8285_genomic
AT1G64255	OX461160.1	82.909	1767	268	22	501	2253	28038851	28040597	0	1559	GCA_949796635.1_8285_genomic
AT1G64255	OX461160.1	79.593	1622	290	33	561	2164	28048978	28050576	0	1123	GCA_949796635.1_8285_genomic
AT1G64255	OX461160.1	77.413	1647	339	28	545	2177	28042268	28043895	0	950	GCA_949796635.1_8285_genomic
AT1G64255	OX461160.1	82.243	642	108	5	1030	1668	28052747	28053385	1.12e-154	549	GCA_949796635.1_8285_genomic
AT1G64255	OX461160.1	79.021	143	26	4	237	377	28051819	28051959	6.29e-18	95.3	GCA_949796635.1_8285_genomic
AT1G64260	OX461160.1	99.123	2738	21	1	1	2738	28048091	28050825	0	4920	GCA_949796635.1_8285_genomic
AT1G64260	OX461160.1	79.667	1623	287	33	891	2489	28046214	28047817	0	1129	GCA_949796635.1_8285_genomic
AT1G64260	OX461160.1	79.225	1651	314	24	843	2480	28038866	28040500	0	1122	GCA_949796635.1_8285_genomic
AT1G64260	OX461160.1	77.888	1610	317	31	891	2480	28042284	28043874	0	965	GCA_949796635.1_8285_genomic
AT1G64260	OX461160.1	77.968	758	134	21	30	781	28041285	28042015	6.61e-123	444	GCA_949796635.1_8285_genomic
AT1G64260	OX461160.1	83.402	241	33	7	2252	2489	22749118	22748882	1.57e-54	217	GCA_949796635.1_8285_genomic
AT1G49920	OX461135.1	99.68	2810	3	1	1	2810	21732483	21735286	0	5134	GCA_949796645.1_6137_genomic
AT1G49920	OX461135.1	75.932	1180	246	29	967	2142	27049475	27048330	2.95e-161	571	GCA_949796645.1_6137_genomic
AT1G49920	OX461135.1	83.402	241	33	7	466	702	27056654	27056417	1.59e-54	217	GCA_949796645.1_6137_genomic
AT1G64253	OX461135.1	100	2220	0	0	1	2220	27048980	27051199	0	4100	GCA_949796645.1_6137_genomic
AT1G64253	OX461135.1	77.966	944	172	29	52	977	27045657	27046582	1.81e-157	558	GCA_949796645.1_6137_genomic
AT1G64253	OX461135.1	76.313	971	198	25	2	956	27055691	27056645	6.7e-137	490	GCA_949796645.1_6137_genomic
AT1G64253	OX461135.1	79.365	504	94	7	1	496	21733944	21733443	1.53e-93	346	GCA_949796645.1_6137_genomic
AT1G64253	OX461135.1	81.731	208	30	7	2016	2220	20735472	20735674	1.28e-39	167	GCA_949796645.1_6137_genomic
AT1G64253	OX461135.1	81.25	208	31	7	2016	2220	20732685	20732887	5.97e-38	161	GCA_949796645.1_6137_genomic
AT1G64255	OX461135.1	100	2253	0	0	1	2253	27051715	27053967	0	4161	GCA_949796645.1_6137_genomic
AT1G64255	OX461135.1	82.975	1768	265	23	501	2253	27044912	27046658	0	1565	GCA_949796645.1_6137_genomic
AT1G64255	OX461135.1	79.667	1623	287	34	561	2164	27055056	27056654	0	1129	GCA_949796645.1_6137_genomic
AT1G64255	OX461135.1	77.278	1646	342	27	545	2177	27048330	27049956	0	939	GCA_949796645.1_6137_genomic
AT1G64255	OX461135.1	82.243	642	108	5	1030	1668	27058826	27059464	1.11e-154	549	GCA_949796645.1_6137_genomic
AT1G64255	OX461135.1	79.72	143	25	4	237	377	27057898	27058038	1.34e-19	100	GCA_949796645.1_6137_genomic
AT1G64260	OX461135.1	100	2738	0	0	1	2738	27054166	27056903	0	5057	GCA_949796645.1_6137_genomic
AT1G64260	OX461135.1	79.667	1623	287	33	891	2489	27052275	27053878	0	1129	GCA_949796645.1_6137_genomic
AT1G64260	OX461135.1	79.104	1651	316	24	843	2480	27044927	27046561	0	1110	GCA_949796645.1_6137_genomic
AT1G64260	OX461135.1	77.792	1612	314	34	891	2480	27048346	27049935	0	953	GCA_949796645.1_6137_genomic
AT1G64260	OX461135.1	78.158	760	131	23	30	781	27047346	27048078	3.91e-125	451	GCA_949796645.1_6137_genomic
AT1G64260	OX461135.1	83.402	241	33	7	2252	2489	21733178	21732942	1.55e-54	217	GCA_949796645.1_6137_genomic
AT1G49920	OX461140.1	99.929	2810	2	0	1	2810	20814043	20816852	0	5179	GCA_949796655.1_9744_genomic
AT1G49920	OX461140.1	75.847	1180	247	29	967	2142	26413998	26412853	1.37e-159	566	GCA_949796655.1_9744_genomic
AT1G49920	OX461140.1	83.333	240	35	5	466	702	26421162	26420925	1.58e-54	217	GCA_949796655.1_9744_genomic
AT1G64253	OX461140.1	99.73	2220	6	0	1	2220	26413503	26415722	0	4067	GCA_949796655.1_9744_genomic
AT1G64253	OX461140.1	77.754	944	174	29	52	977	26410181	26411106	3.9e-154	547	GCA_949796655.1_9744_genomic
AT1G64253	OX461140.1	76.519	971	196	25	2	956	26420199	26421153	3.08e-140	501	GCA_949796655.1_9744_genomic
AT1G64253	OX461140.1	79.365	504	94	7	1	496	20815510	20815009	1.53e-93	346	GCA_949796655.1_9744_genomic
AT1G64253	OX461140.1	81.25	208	31	7	2016	2220	19776111	19776313	5.93e-38	161	GCA_949796655.1_9744_genomic
AT1G64253	OX461140.1	80.769	208	32	7	2016	2220	19773324	19773526	2.76e-36	156	GCA_949796655.1_9744_genomic
AT1G64255	OX461140.1	99.024	2253	8	1	1	2253	26416238	26418476	0	4026	GCA_949796655.1_9744_genomic
AT1G64255	OX461140.1	82.683	1767	272	22	501	2253	26409436	26411182	0	1537	GCA_949796655.1_9744_genomic
AT1G64255	OX461140.1	79.729	1623	285	35	561	2164	26419565	26421162	0	1134	GCA_949796655.1_9744_genomic
AT1G64255	OX461140.1	77.278	1646	342	27	545	2177	26412853	26414479	0	939	GCA_949796655.1_9744_genomic
AT1G64255	OX461140.1	82.087	642	109	5	1030	1668	26423332	26423970	5.12e-153	544	GCA_949796655.1_9744_genomic
AT1G64255	OX461140.1	79.72	143	25	4	237	377	26422404	26422544	1.33e-19	100	GCA_949796655.1_9744_genomic
AT1G64260	OX461140.1	99.744	2738	6	1	1	2738	26418675	26421411	0	5016	GCA_949796655.1_9744_genomic
AT1G64260	OX461140.1	79.164	1651	315	24	843	2480	26409451	26411085	0	1116	GCA_949796655.1_9744_genomic
AT1G64260	OX461140.1	78.928	1623	285	34	891	2489	26416798	26418387	0	1050	GCA_949796655.1_9744_genomic
AT1G64260	OX461140.1	77.75	1609	320	30	891	2480	26412869	26414458	0	953	GCA_949796655.1_9744_genomic
AT1G64260	OX461140.1	77.836	758	135	21	30	781	26411870	26412600	3.03e-121	438	GCA_949796655.1_9744_genomic
AT1G64260	OX461140.1	83.402	241	33	7	2252	2489	20814744	20814508	1.54e-54	217	GCA_949796655.1_9744_genomic
AT1G49920	OX461180.1	99.822	2810	5	0	1	2810	21944213	21947022	0	5162	GCA_949796665.1_9879_genomic
AT1G49920	OX461180.1	75.826	1150	226	39	1002	2140	27472275	27471167	1.11e-150	536	GCA_949796665.1_9879_genomic
AT1G49920	OX461180.1	83.333	240	35	5	466	702	27482305	27482068	1.64e-54	217	GCA_949796665.1_9879_genomic
AT1G49920	OX461180.1	82.52	246	36	5	433	676	27476017	27475777	2.75e-52	209	GCA_949796665.1_9879_genomic
AT1G64253	OX461180.1	97.792	1993	37	3	1	1992	27475024	27477010	0	3430	GCA_949796665.1_9879_genomic
AT1G64253	OX461180.1	76.481	1097	211	32	1	1063	27471815	27472898	8.69e-156	553	GCA_949796665.1_9879_genomic
AT1G64253	OX461180.1	76.622	971	195	25	2	956	27481342	27482296	6.86e-142	507	GCA_949796665.1_9879_genomic
AT1G64253	OX461180.1	76.195	983	206	23	2	967	27478580	27479551	5.34e-138	494	GCA_949796665.1_9879_genomic
AT1G64253	OX461180.1	79.365	504	94	7	1	496	21945680	21945179	1.58e-93	346	GCA_949796665.1_9879_genomic
AT1G64253	OX461180.1	81.731	208	30	7	2016	2220	20946375	20946577	1.32e-39	167	GCA_949796665.1_9879_genomic
AT1G64253	OX461180.1	92.105	114	7	2	2107	2220	20949253	20949364	2.21e-37	159	GCA_949796665.1_9879_genomic
AT1G64255	OX461180.1	98.58	2254	30	2	1	2253	27477385	27479637	0	3984	GCA_949796665.1_9879_genomic
AT1G64255	OX461180.1	81.808	1704	273	19	501	2181	27471124	27472813	0	1395	GCA_949796665.1_9879_genomic
AT1G64255	OX461180.1	79.975	1623	282	34	561	2164	27480707	27482305	0	1157	GCA_949796665.1_9879_genomic
AT1G64255	OX461180.1	77.082	1645	347	25	545	2177	27474374	27476000	0	922	GCA_949796665.1_9879_genomic
AT1G64255	OX461180.1	82.087	642	109	5	1030	1668	27484473	27485111	5.31e-153	544	GCA_949796665.1_9879_genomic
AT1G64255	OX461180.1	85.89	163	15	8	2014	2172	27473317	27473475	1.34e-39	167	GCA_949796665.1_9879_genomic
AT1G64255	OX461180.1	79.72	143	25	4	237	377	27483545	27483685	1.38e-19	100	GCA_949796665.1_9879_genomic
AT1G64260	OX461180.1	99.229	2724	21	0	15	2738	27479831	27482554	0	4915	GCA_949796665.1_9879_genomic
AT1G64260	OX461180.1	79.606	1623	289	33	891	2489	27477944	27479548	0	1125	GCA_949796665.1_9879_genomic
AT1G64260	OX461180.1	78.725	1678	313	31	834	2483	27471130	27472791	0	1081	GCA_949796665.1_9879_genomic
AT1G64260	OX461180.1	77.301	1608	329	28	891	2480	27474390	27475979	0	915	GCA_949796665.1_9879_genomic
AT1G64260	OX461180.1	82.988	241	34	7	2252	2489	21944914	21944678	7.45e-53	211	GCA_949796665.1_9879_genomic
AT1G49920	OX461185.1	99.929	2810	2	0	1	2810	20227998	20230807	0	5179	GCA_949796705.1_9503_genomic
AT1G49920	OX461185.1	82.927	246	35	5	433	676	25573607	25573367	5.71e-54	215	GCA_949796705.1_9503_genomic
AT1G49920	OX461185.1	82.917	240	36	5	466	702	25579891	25579654	7.38e-53	211	GCA_949796705.1_9503_genomic
AT1G49920	OX461185.1	77.606	259	50	6	1002	1259	25569365	25569114	1.63e-34	150	GCA_949796705.1_9503_genomic
AT1G64253	OX461185.1	97.742	1993	38	3	1	1992	25572614	25574600	0	3424	GCA_949796705.1_9503_genomic
AT1G64253	OX461185.1	76.519	971	196	25	2	956	25578928	25579882	3.08e-140	501	GCA_949796705.1_9503_genomic
AT1G64253	OX461185.1	76.094	983	207	23	2	967	25576161	25577132	2.4e-136	488	GCA_949796705.1_9503_genomic
AT1G64253	OX461185.1	76.077	882	173	27	210	1063	25569114	25569985	1.91e-117	425	GCA_949796705.1_9503_genomic
AT1G64253	OX461185.1	79.365	504	94	7	1	496	20229465	20228964	1.53e-93	346	GCA_949796705.1_9503_genomic
AT1G64253	OX461185.1	81.731	208	30	7	2016	2220	19228726	19228928	1.28e-39	167	GCA_949796705.1_9503_genomic
AT1G64253	OX461185.1	81.25	208	31	7	2016	2220	19225939	19226141	5.94e-38	161	GCA_949796705.1_9503_genomic
AT1G64255	OX461185.1	98.535	2253	33	0	1	2253	25574966	25577218	0	3978	GCA_949796705.1_9503_genomic
AT1G64255	OX461185.1	79.791	1623	285	34	561	2164	25578293	25579891	0	1140	GCA_949796705.1_9503_genomic
AT1G64255	OX461185.1	76.96	1645	348	26	545	2177	25571965	25573590	0	909	GCA_949796705.1_9503_genomic
AT1G64255	OX461185.1	82.243	642	108	5	1030	1668	25582062	25582700	1.1e-154	549	GCA_949796705.1_9503_genomic
AT1G64255	OX461185.1	77.875	800	142	18	1404	2181	25569114	25569900	4.11e-129	464	GCA_949796705.1_9503_genomic
AT1G64255	OX461185.1	86.503	163	14	8	2014	2172	25570404	25570562	2.79e-41	172	GCA_949796705.1_9503_genomic
AT1G64255	OX461185.1	79.72	143	25	4	237	377	25581134	25581274	1.33e-19	100	GCA_949796705.1_9503_genomic
AT1G64260	OX461185.1	99.123	2738	24	0	1	2738	25577403	25580140	0	4924	GCA_949796705.1_9503_genomic
AT1G64260	OX461185.1	79.593	1622	290	32	891	2489	25575526	25577129	0	1123	GCA_949796705.1_9503_genomic
AT1G64260	OX461185.1	77.301	1608	328	29	891	2480	25571981	25573569	0	913	GCA_949796705.1_9503_genomic
AT1G64260	OX461185.1	78.609	762	127	24	30	781	25570968	25571703	2.99e-131	472	GCA_949796705.1_9503_genomic
AT1G64260	OX461185.1	83.402	241	33	7	2252	2489	20228699	20228463	1.55e-54	217	GCA_949796705.1_9503_genomic
AT1G49920	OX461190.1	99.964	2810	1	0	1	2810	21046593	21049402	0	5184	GCA_949796715.1_9830_genomic
AT1G49920	OX461190.1	75.913	1150	225	39	1002	2140	26458800	26457692	2.25e-152	542	GCA_949796715.1_9830_genomic
AT1G49920	OX461190.1	83.402	241	33	7	466	702	26469206	26468969	1.55e-54	217	GCA_949796715.1_9830_genomic
AT1G49920	OX461190.1	82.927	246	35	5	433	676	26462959	26462719	5.58e-54	215	GCA_949796715.1_9830_genomic
AT1G64253	OX461190.1	97.693	1994	38	4	1	1992	26461965	26463952	0	3421	GCA_949796715.1_9830_genomic
AT1G64253	OX461190.1	76.832	1092	213	29	1	1063	26458340	26459420	1.35e-163	579	GCA_949796715.1_9830_genomic
AT1G64253	OX461190.1	76.416	971	197	25	2	956	26468243	26469197	1.4e-138	496	GCA_949796715.1_9830_genomic
AT1G64253	OX461190.1	79.365	504	94	7	1	496	21048060	21047559	1.49e-93	346	GCA_949796715.1_9830_genomic
AT1G64253	OX461190.1	80.723	249	48	0	719	967	26466199	26466447	5.72e-48	195	GCA_949796715.1_9830_genomic
AT1G64253	OX461190.1	81.731	208	30	7	2016	2220	20059247	20059449	1.25e-39	167	GCA_949796715.1_9830_genomic
AT1G64253	OX461190.1	92.105	114	7	2	2107	2220	20056551	20056662	2.09e-37	159	GCA_949796715.1_9830_genomic
AT1G64255	OX461190.1	98.166	1690	16	1	1	1690	26464328	26466002	0	2935	GCA_949796715.1_9830_genomic
AT1G64255	OX461190.1	82.069	1701	271	16	501	2181	26457649	26459335	0	1421	GCA_949796715.1_9830_genomic
AT1G64255	OX461190.1	79.606	1623	288	34	561	2164	26467608	26469206	0	1123	GCA_949796715.1_9830_genomic
AT1G64255	OX461190.1	98.687	533	7	0	1721	2253	26466001	26466533	0	946	GCA_949796715.1_9830_genomic
AT1G64255	OX461190.1	76.974	1646	348	26	545	2177	26461315	26462942	0	911	GCA_949796715.1_9830_genomic
AT1G64255	OX461190.1	82.243	642	108	5	1030	1668	26471376	26472014	1.08e-154	549	GCA_949796715.1_9830_genomic
AT1G64255	OX461190.1	86.503	163	14	8	2014	2172	26459839	26459997	2.72e-41	172	GCA_949796715.1_9830_genomic
AT1G64255	OX461190.1	79.72	143	25	4	237	377	26470448	26470588	1.3e-19	100	GCA_949796715.1_9830_genomic
AT1G64260	OX461190.1	99.306	2738	18	1	1	2738	26466718	26469454	0	4950	GCA_949796715.1_9830_genomic
AT1G64260	OX461190.1	78.772	1677	311	31	834	2483	26457655	26459313	0	1083	GCA_949796715.1_9830_genomic
AT1G64260	OX461190.1	82.374	1129	168	21	891	2011	26464888	26465993	0	953	GCA_949796715.1_9830_genomic
AT1G64260	OX461190.1	77.191	1609	330	29	891	2480	26461331	26462921	0	904	GCA_949796715.1_9830_genomic
AT1G64260	OX461190.1	78.478	762	128	24	30	781	26460318	26461053	1.36e-129	466	GCA_949796715.1_9830_genomic
AT1G64260	OX461190.1	83.402	241	33	7	2252	2489	21047294	21047058	1.51e-54	217	GCA_949796715.1_9830_genomic
AT1G49920	OX461175.1	99.929	2810	2	0	1	2810	19804149	19806958	0	5179	GCA_949796755.1_9847_genomic
AT1G49920	OX461175.1	76	1150	224	39	1002	2140	25128400	25127292	4.91e-154	547	GCA_949796755.1_9847_genomic
AT1G49920	OX461175.1	83.333	240	35	5	466	702	25138389	25138152	1.57e-54	217	GCA_949796755.1_9847_genomic
AT1G49920	OX461175.1	82.52	246	36	5	433	676	25132141	25131901	2.63e-52	209	GCA_949796755.1_9847_genomic
AT1G64253	OX461175.1	97.792	1993	37	3	1	1992	25131148	25133134	0	3430	GCA_949796755.1_9847_genomic
AT1G64253	OX461175.1	76.572	1097	210	32	1	1063	25127940	25129023	1.79e-157	558	GCA_949796755.1_9847_genomic
AT1G64253	OX461175.1	76.622	971	195	25	2	956	25137426	25138380	6.57e-142	507	GCA_949796755.1_9847_genomic
AT1G64253	OX461175.1	76.195	983	206	23	2	967	25134664	25135635	5.11e-138	494	GCA_949796755.1_9847_genomic
AT1G64253	OX461175.1	79.365	504	94	7	1	496	19805616	19805115	1.52e-93	346	GCA_949796755.1_9847_genomic
AT1G64253	OX461175.1	81.731	208	30	7	2016	2220	18783886	18784088	1.27e-39	167	GCA_949796755.1_9847_genomic
AT1G64253	OX461175.1	81.25	208	31	7	2016	2220	18786673	18786875	5.89e-38	161	GCA_949796755.1_9847_genomic
AT1G64255	OX461175.1	98.358	1644	26	1	611	2253	25134078	25135721	0	2885	GCA_949796755.1_9847_genomic
AT1G64255	OX461175.1	81.866	1704	272	19	501	2181	25127249	25128938	0	1400	GCA_949796755.1_9847_genomic
AT1G64255	OX461175.1	80.037	1623	281	34	561	2164	25136791	25138389	0	1162	GCA_949796755.1_9847_genomic
AT1G64255	OX461175.1	99.301	572	4	0	1	572	25133509	25134080	0	1035	GCA_949796755.1_9847_genomic
AT1G64255	OX461175.1	82.243	642	108	5	1030	1668	25140560	25141198	1.09e-154	549	GCA_949796755.1_9847_genomic
AT1G64255	OX461175.1	85.276	163	15	9	2014	2172	25129442	25129599	2.15e-37	159	GCA_949796755.1_9847_genomic
AT1G64255	OX461175.1	79.72	143	25	4	237	377	25139632	25139772	1.32e-19	100	GCA_949796755.1_9847_genomic
AT1G64260	OX461175.1	99.339	2724	18	0	15	2738	25135915	25138638	0	4931	GCA_949796755.1_9847_genomic
AT1G64260	OX461175.1	79.567	1571	279	33	943	2489	25134080	25135632	0	1085	GCA_949796755.1_9847_genomic
AT1G64260	OX461175.1	78.665	1678	314	31	834	2483	25127255	25128916	0	1075	GCA_949796755.1_9847_genomic
AT1G64260	OX461175.1	77.239	1608	330	28	891	2480	25130514	25132103	0	909	GCA_949796755.1_9847_genomic
AT1G64260	OX461175.1	83.402	241	33	7	2252	2489	19804850	19804614	1.53e-54	217	GCA_949796755.1_9847_genomic
