qseqid	sseqid	pident	length	mismatch	gapopen	qstart	qend	sstart	send	evalue	bitscore	stitle
AT1G61563	CP087126.2	100	528	0	0	1	528	24915484	24916011	0	976	GCA_020911765.2_ASM2091176v2_genomic
AT1G61563	CP087126.2	92.212	321	22	2	208	528	24917857	24918174	7.1e-126	451	GCA_020911765.2_ASM2091176v2_genomic
AT1G61563	CP087127.2	85.393	356	40	10	176	528	12541644	12541298	4.43e-98	359	GCA_020911765.2_ASM2091176v2_genomic
AT1G61566	CP087126.2	100	551	0	0	1	551	24917623	24918173	0	1018	GCA_020911765.2_ASM2091176v2_genomic
AT1G61566	CP087126.2	92.188	320	22	2	235	551	24915691	24916010	2.67e-125	449	GCA_020911765.2_ASM2091176v2_genomic
AT1G61566	CP087127.2	85.679	405	40	13	154	551	12541692	12541299	1.26e-113	411	GCA_020911765.2_ASM2091176v2_genomic
AT2G22055	CP087127.2	100	650	0	0	1	650	12541301	12541950	0	1201	GCA_020911765.2_ASM2091176v2_genomic
AT2G22055	CP087126.2	80.03	661	67	34	1	650	24916008	24915402	4.14e-119	429	GCA_020911765.2_ASM2091176v2_genomic
AT2G22055	CP087126.2	85.504	407	41	13	3	398	24918169	24917770	5.39e-113	409	GCA_020911765.2_ASM2091176v2_genomic
AT1G61563	CP086744.1	99.242	528	4	0	1	528	23149805	23150332	0	953	GCA_024498495.1_ASM2449849v1_genomic
AT1G61563	CP086744.1	92.212	321	22	2	208	528	23152179	23152496	6.51e-126	451	GCA_024498495.1_ASM2449849v1_genomic
AT1G61563	CP086745.1	80.935	556	59	22	9	528	9290928	9290384	3.09e-109	396	GCA_024498495.1_ASM2449849v1_genomic
AT1G61566	CP086744.1	100	551	0	0	1	551	23151945	23152495	0	1018	GCA_024498495.1_ASM2449849v1_genomic
AT1G61566	CP086744.1	91.562	320	24	2	235	551	23150012	23150331	5.3e-122	438	GCA_024498495.1_ASM2449849v1_genomic
AT1G61566	CP086745.1	85.185	405	42	13	154	551	9290778	9290385	2.5e-110	399	GCA_024498495.1_ASM2449849v1_genomic
AT2G22055	CP086745.1	96.615	650	11	1	1	650	9290387	9291025	0	1068	GCA_024498495.1_ASM2449849v1_genomic
AT2G22055	CP086744.1	79.728	661	69	35	1	650	23150329	23149723	8.2e-116	418	GCA_024498495.1_ASM2449849v1_genomic
AT2G22055	CP086744.1	85.504	407	41	13	3	398	23152491	23152092	4.94e-113	409	GCA_024498495.1_ASM2449849v1_genomic
AT1G61563	CM046288.1	99.242	528	4	0	1	528	21879039	21879566	0	953	GCA_025388435.1_AtA1-141.20181003_genomic
AT1G61563	CM046288.1	92.212	321	22	2	208	528	21881411	21881728	6.35e-126	451	GCA_025388435.1_AtA1-141.20181003_genomic
AT1G61563	CM046289.1	80.036	556	64	28	9	528	9208178	9207634	6.58e-101	368	GCA_025388435.1_AtA1-141.20181003_genomic
AT1G61566	CM046288.1	99.093	551	5	0	1	551	21881177	21881727	0	990	GCA_025388435.1_AtA1-141.20181003_genomic
AT1G61566	CM046288.1	91.562	320	24	2	235	551	21879246	21879565	5.17e-122	438	GCA_025388435.1_AtA1-141.20181003_genomic
AT1G61566	CM046289.1	85.185	405	42	13	154	551	9208028	9207635	2.44e-110	399	GCA_025388435.1_AtA1-141.20181003_genomic
AT2G22055	CM046289.1	96.462	650	12	1	1	650	9207637	9208275	0	1062	GCA_025388435.1_AtA1-141.20181003_genomic
AT2G22055	CM046288.1	79.576	661	70	34	1	650	21879563	21878957	3.73e-114	412	GCA_025388435.1_AtA1-141.20181003_genomic
AT2G22055	CM046288.1	85.012	407	43	13	3	398	21881723	21881324	1.04e-109	398	GCA_025388435.1_AtA1-141.20181003_genomic
AT1G61563	CM072657.1	99.055	529	4	1	1	528	24572613	24573141	0	948	GCA_036926925.1_ASM3692692v1_genomic
AT1G61563	CM072657.1	91.9	321	23	2	208	528	24575071	24575388	3.25e-124	446	GCA_036926925.1_ASM3692692v1_genomic
AT1G61563	CM072658.1	80.036	556	64	28	9	528	11893428	11892884	7.24e-101	368	GCA_036926925.1_ASM3692692v1_genomic
AT1G61566	CM072657.1	98.73	551	7	0	1	551	24574837	24575387	0	979	GCA_036926925.1_ASM3692692v1_genomic
AT1G61566	CM072657.1	91.589	321	23	3	235	551	24572820	24573140	1.58e-122	440	GCA_036926925.1_ASM3692692v1_genomic
AT1G61566	CM072658.1	85.185	405	42	13	154	551	11893278	11892885	2.69e-110	399	GCA_036926925.1_ASM3692692v1_genomic
AT2G22055	CM072658.1	96.462	650	12	1	1	650	11892887	11893525	0	1062	GCA_036926925.1_ASM3692692v1_genomic
AT2G22055	CM072657.1	79.425	661	72	33	1	650	24573138	24572531	5.3e-113	409	GCA_036926925.1_ASM3692692v1_genomic
AT2G22055	CM072657.1	85.012	407	43	13	3	398	24575383	24574984	1.15e-109	398	GCA_036926925.1_ASM3692692v1_genomic
AT1G61563	CM072637.1	99.242	528	4	0	1	528	24314654	24315181	0	953	GCA_036926965.1_ASM3692696v1_genomic
AT1G61563	CM072637.1	93.146	321	19	2	208	528	24317019	24317336	6.75e-131	468	GCA_036926965.1_ASM3692696v1_genomic
AT1G61563	CM072638.1	80.935	556	59	22	9	528	11350361	11349817	3.23e-109	396	GCA_036926965.1_ASM3692696v1_genomic
AT1G61566	CM072637.1	98.367	551	9	0	1	551	24316785	24317335	0	968	GCA_036926965.1_ASM3692696v1_genomic
AT1G61566	CM072637.1	91.562	320	24	2	235	551	24314861	24315180	5.54e-122	438	GCA_036926965.1_ASM3692696v1_genomic
AT1G61566	CM072638.1	85.185	405	42	13	154	551	11350211	11349818	2.61e-110	399	GCA_036926965.1_ASM3692696v1_genomic
AT2G22055	CM072638.1	96.615	650	11	1	1	650	11349820	11350458	0	1068	GCA_036926965.1_ASM3692696v1_genomic
AT2G22055	CM072637.1	79.728	661	69	35	1	650	24315178	24314572	8.57e-116	418	GCA_036926965.1_ASM3692696v1_genomic
AT2G22055	CM072637.1	85.012	407	43	13	3	398	24317331	24316932	1.12e-109	398	GCA_036926965.1_ASM3692696v1_genomic
AT1G61563	CM072652.1	99.244	529	3	1	1	528	24595729	24596257	0	953	GCA_036926975.1_ASM3692697v1_genomic
AT1G61563	CM072652.1	91.9	321	23	2	208	528	24598186	24598503	3.2e-124	446	GCA_036926975.1_ASM3692697v1_genomic
AT1G61563	CM072653.1	80.036	556	64	28	9	528	11626641	11626097	7.12e-101	368	GCA_036926975.1_ASM3692697v1_genomic
AT1G61566	CM072652.1	98.73	551	7	0	1	551	24597952	24598502	0	979	GCA_036926975.1_ASM3692697v1_genomic
AT1G61566	CM072652.1	91.589	321	23	3	235	551	24595936	24596256	1.56e-122	440	GCA_036926975.1_ASM3692697v1_genomic
AT1G61566	CM072653.1	85.185	405	42	13	154	551	11626491	11626098	2.64e-110	399	GCA_036926975.1_ASM3692697v1_genomic
AT2G22055	CM072653.1	96.462	650	12	1	1	650	11626100	11626738	0	1062	GCA_036926975.1_ASM3692697v1_genomic
AT2G22055	CM072652.1	79.425	661	71	34	1	650	24596254	24595648	1.88e-112	407	GCA_036926975.1_ASM3692697v1_genomic
AT2G22055	CM072652.1	85.012	407	43	13	3	398	24598498	24598099	1.13e-109	398	GCA_036926975.1_ASM3692697v1_genomic
AT1G61563	CM072642.1	99.433	529	2	1	1	528	24955218	24955746	0	959	GCA_036927025.1_ASM3692702v1_genomic
AT1G61563	CM072642.1	92.212	321	22	2	208	528	24957675	24957992	7.06e-126	451	GCA_036927025.1_ASM3692702v1_genomic
AT1G61563	CM072643.1	85.112	356	41	10	176	528	10089662	10089316	2.05e-96	353	GCA_036927025.1_ASM3692702v1_genomic
AT1G61566	CM072642.1	99.274	551	4	0	1	551	24957441	24957991	0	996	GCA_036927025.1_ASM3692702v1_genomic
AT1G61566	CM072642.1	91.589	321	23	3	235	551	24955425	24955745	1.6e-122	440	GCA_036927025.1_ASM3692702v1_genomic
AT1G61566	CM072643.1	85.432	405	41	13	154	551	10089710	10089317	5.83e-112	405	GCA_036927025.1_ASM3692702v1_genomic
AT2G22055	CM072643.1	99.385	650	4	0	1	650	10089319	10089968	0	1179	GCA_036927025.1_ASM3692702v1_genomic
AT2G22055	CM072642.1	79.728	661	70	33	1	650	24955743	24955136	2.48e-116	420	GCA_036927025.1_ASM3692702v1_genomic
AT2G22055	CM072642.1	85.504	407	41	13	3	398	24957987	24957588	5.36e-113	409	GCA_036927025.1_ASM3692702v1_genomic
AT1G61563	CM072647.1	99.432	528	3	0	1	528	24973440	24973967	0	959	GCA_036927045.1_ASM3692704v1_genomic
AT1G61563	CM072647.1	92.523	321	21	2	208	528	24975805	24976122	1.49e-127	457	GCA_036927045.1_ASM3692704v1_genomic
AT1G61563	CM072648.1	85.112	356	41	10	176	528	9518927	9518581	2.02e-96	353	GCA_036927045.1_ASM3692704v1_genomic
AT1G61566	CM072647.1	98.548	551	8	0	1	551	24975571	24976121	0	974	GCA_036927045.1_ASM3692704v1_genomic
AT1G61566	CM072647.1	91.562	320	24	2	235	551	24973647	24973966	5.66e-122	438	GCA_036927045.1_ASM3692704v1_genomic
AT1G61566	CM072648.1	85.432	405	41	13	154	551	9518975	9518582	5.74e-112	405	GCA_036927045.1_ASM3692704v1_genomic
AT2G22055	CM072648.1	99.385	650	4	0	1	650	9518584	9519233	0	1179	GCA_036927045.1_ASM3692704v1_genomic
AT2G22055	CM072647.1	79.728	661	69	34	1	650	24973964	24973358	8.76e-116	418	GCA_036927045.1_ASM3692704v1_genomic
AT2G22055	CM072647.1	85.258	407	42	13	3	398	24976117	24975718	2.45e-111	403	GCA_036927045.1_ASM3692704v1_genomic
AT1G61563	CM072627.1	99.811	528	1	0	1	528	27489815	27490342	0	970	GCA_036927085.1_ASM3692708v1_genomic
AT1G61563	CM072627.1	92.212	321	22	2	208	528	27492190	27492507	6.97e-126	451	GCA_036927085.1_ASM3692708v1_genomic
AT1G61563	CM072628.1	80.036	556	64	28	9	528	10816191	10815647	7.22e-101	368	GCA_036927085.1_ASM3692708v1_genomic
AT1G61566	CM072627.1	99.274	551	4	0	1	551	27491956	27492506	0	996	GCA_036927085.1_ASM3692708v1_genomic
AT1G61566	CM072627.1	92.5	320	21	2	235	551	27490022	27490341	5.63e-127	455	GCA_036927085.1_ASM3692708v1_genomic
AT1G61566	CM072628.1	85.185	405	42	13	154	551	10816041	10815648	2.68e-110	399	GCA_036927085.1_ASM3692708v1_genomic
AT2G22055	CM072628.1	96.462	650	12	1	1	650	10815650	10816288	0	1062	GCA_036927085.1_ASM3692708v1_genomic
AT2G22055	CM072627.1	80.182	661	66	34	1	650	27490339	27489733	8.72e-121	435	GCA_036927085.1_ASM3692708v1_genomic
AT2G22055	CM072627.1	85.504	407	41	13	3	398	27492502	27492103	5.29e-113	409	GCA_036927085.1_ASM3692708v1_genomic
AT1G61563	CM072622.1	99.621	528	2	0	1	528	23457771	23458298	0	965	GCA_036927245.1_ASM3692724v1_genomic
AT1G61563	CM072622.1	92.523	321	21	2	208	528	23460150	23460467	1.48e-127	457	GCA_036927245.1_ASM3692724v1_genomic
AT1G61563	CM072623.1	85.674	356	39	10	176	528	12272666	12272320	9.22e-100	364	GCA_036927245.1_ASM3692724v1_genomic
AT1G61566	CM072622.1	99.274	551	4	0	1	551	23459916	23460466	0	996	GCA_036927245.1_ASM3692724v1_genomic
AT1G61566	CM072622.1	91.875	320	23	2	235	551	23457978	23458297	1.2e-123	444	GCA_036927245.1_ASM3692724v1_genomic
AT1G61566	CM072623.1	85.926	405	39	13	154	551	12272714	12272321	2.63e-115	416	GCA_036927245.1_ASM3692724v1_genomic
AT2G22055	CM072623.1	99.692	650	2	0	1	650	12272323	12272972	0	1190	GCA_036927245.1_ASM3692724v1_genomic
AT2G22055	CM072622.1	79.728	661	69	34	1	650	23458295	23457689	8.68e-116	418	GCA_036927245.1_ASM3692724v1_genomic
AT2G22055	CM072622.1	85.258	407	42	13	3	398	23460462	23460063	2.43e-111	403	GCA_036927245.1_ASM3692724v1_genomic
AT1G61563	CM072632.1	100	528	0	0	1	528	25647172	25647699	0	976	GCA_036927255.1_ASM3692725v1_genomic
AT1G61563	CM072632.1	92.212	321	22	2	208	528	25649545	25649862	7.04e-126	451	GCA_036927255.1_ASM3692725v1_genomic
AT1G61563	CM072633.1	85.393	356	40	10	176	528	11045182	11044836	4.39e-98	359	GCA_036927255.1_ASM3692725v1_genomic
AT1G61566	CM072632.1	100	551	0	0	1	551	25649311	25649861	0	1018	GCA_036927255.1_ASM3692725v1_genomic
AT1G61566	CM072632.1	92.188	320	22	2	235	551	25647379	25647698	2.65e-125	449	GCA_036927255.1_ASM3692725v1_genomic
AT1G61566	CM072633.1	85.679	405	40	13	154	551	11045230	11044837	1.25e-113	411	GCA_036927255.1_ASM3692725v1_genomic
AT2G22055	CM072633.1	100	650	0	0	1	650	11044839	11045488	0	1201	GCA_036927255.1_ASM3692725v1_genomic
AT2G22055	CM072632.1	80.03	661	67	34	1	650	25647696	25647090	4.1e-119	429	GCA_036927255.1_ASM3692725v1_genomic
AT2G22055	CM072632.1	85.504	407	41	13	3	398	25649857	25649458	5.34e-113	409	GCA_036927255.1_ASM3692725v1_genomic
AT1G61563	CM072617.1	99.242	528	4	0	1	528	24507921	24508448	0	953	GCA_036927265.1_ASM3692726v1_genomic
AT1G61563	CM072617.1	93.146	321	19	2	208	528	24510286	24510603	6.98e-131	468	GCA_036927265.1_ASM3692726v1_genomic
AT1G61563	CM072618.1	85.393	356	40	10	176	528	11492264	11491918	4.38e-98	359	GCA_036927265.1_ASM3692726v1_genomic
AT1G61566	CM072617.1	98.367	551	9	0	1	551	24510052	24510602	0	968	GCA_036927265.1_ASM3692726v1_genomic
AT1G61566	CM072617.1	91.562	320	24	2	235	551	24508128	24508447	5.72e-122	438	GCA_036927265.1_ASM3692726v1_genomic
AT1G61566	CM072618.1	85.679	405	40	13	154	551	11492312	11491919	1.25e-113	411	GCA_036927265.1_ASM3692726v1_genomic
AT2G22055	CM072618.1	100	650	0	0	1	650	11491921	11492570	0	1201	GCA_036927265.1_ASM3692726v1_genomic
AT2G22055	CM072617.1	79.728	661	69	35	1	650	24508445	24507839	8.86e-116	418	GCA_036927265.1_ASM3692726v1_genomic
AT2G22055	CM072617.1	85.012	407	43	13	3	398	24510598	24510199	1.15e-109	398	GCA_036927265.1_ASM3692726v1_genomic
AT1G61563	CM072607.1	99.432	528	3	0	1	528	25247741	25248268	0	959	GCA_036927275.1_ASM3692727v1_genomic
AT1G61563	CM072607.1	91.9	321	23	2	208	528	25250109	25250426	3.24e-124	446	GCA_036927275.1_ASM3692727v1_genomic
AT1G61563	CM072608.1	80.396	556	62	28	9	528	12321502	12320958	3.33e-104	379	GCA_036927275.1_ASM3692727v1_genomic
AT1G61566	CM072607.1	99.819	551	1	0	1	551	25249875	25250425	0	1013	GCA_036927275.1_ASM3692727v1_genomic
AT1G61566	CM072607.1	91.875	320	23	2	235	551	25247948	25248267	1.22e-123	444	GCA_036927275.1_ASM3692727v1_genomic
AT1G61566	CM072608.1	85.679	405	40	13	154	551	12321352	12320959	1.24e-113	411	GCA_036927275.1_ASM3692727v1_genomic
AT2G22055	CM072608.1	96.923	650	9	1	1	650	12320961	12321599	0	1079	GCA_036927275.1_ASM3692727v1_genomic
AT2G22055	CM072607.1	79.879	661	68	35	1	650	25248265	25247659	1.89e-117	424	GCA_036927275.1_ASM3692727v1_genomic
AT2G22055	CM072607.1	85.258	407	42	13	3	398	25250421	25250022	2.46e-111	403	GCA_036927275.1_ASM3692727v1_genomic
AT1G61563	CM072612.1	99.432	528	3	0	1	528	25368649	25369176	0	959	GCA_036927285.1_ASM3692728v1_genomic
AT1G61563	CM072613.1	80.036	556	64	28	9	528	10502786	10502242	7.14e-101	368	GCA_036927285.1_ASM3692728v1_genomic
AT1G61566	CM072612.1	91.667	324	23	3	231	551	25368853	25369175	3.35e-124	446	GCA_036927285.1_ASM3692728v1_genomic
AT1G61566	CM072613.1	85.185	405	42	13	154	551	10502636	10502243	2.65e-110	399	GCA_036927285.1_ASM3692728v1_genomic
AT2G22055	CM072613.1	96.462	650	12	1	1	650	10502245	10502883	0	1062	GCA_036927285.1_ASM3692728v1_genomic
AT2G22055	CM072612.1	80.03	661	67	34	1	650	25369173	25368567	4.01e-119	429	GCA_036927285.1_ASM3692728v1_genomic
AT1G61563	CM072602.1	99.621	528	2	0	1	528	25994043	25994570	0	965	GCA_036927355.1_ASM3692735v1_genomic
AT1G61563	CM072602.1	91.9	321	23	2	208	528	25996410	25996727	3.35e-124	446	GCA_036927355.1_ASM3692735v1_genomic
AT1G61563	CM072603.1	85.112	356	41	10	176	528	11901785	11901439	2.09e-96	353	GCA_036927355.1_ASM3692735v1_genomic
AT1G61566	CM072602.1	98.911	551	6	0	1	551	25996176	25996726	0	985	GCA_036927355.1_ASM3692735v1_genomic
AT1G61566	CM072602.1	91.875	320	23	2	235	551	25994250	25994569	1.26e-123	444	GCA_036927355.1_ASM3692735v1_genomic
AT1G61566	CM072603.1	85.432	405	41	13	154	551	11901833	11901440	5.94e-112	405	GCA_036927355.1_ASM3692735v1_genomic
AT2G22055	CM072603.1	99.231	650	5	0	1	650	11901442	11902091	0	1173	GCA_036927355.1_ASM3692735v1_genomic
AT2G22055	CM072602.1	79.879	661	68	34	1	650	25994567	25993961	1.95e-117	424	GCA_036927355.1_ASM3692735v1_genomic
AT2G22055	CM072602.1	85.258	407	42	13	3	398	25996722	25996323	2.54e-111	403	GCA_036927355.1_ASM3692735v1_genomic
AT1G61563	CM072592.1	99.433	529	2	1	1	528	24237370	24237898	0	959	GCA_036927365.1_ASM3692736v1_genomic
AT1G61563	CM072592.1	93.146	321	19	2	208	528	24239731	24240048	6.83e-131	468	GCA_036927365.1_ASM3692736v1_genomic
AT1G61563	CM072593.1	80.755	556	60	22	9	528	9843915	9843371	1.52e-107	390	GCA_036927365.1_ASM3692736v1_genomic
AT1G61566	CM072592.1	98.548	551	8	0	1	551	24239497	24240047	0	974	GCA_036927365.1_ASM3692736v1_genomic
AT1G61566	CM072592.1	91.589	321	23	3	235	551	24237577	24237897	1.56e-122	440	GCA_036927365.1_ASM3692736v1_genomic
AT1G61566	CM072593.1	85.185	405	42	13	154	551	9843765	9843372	2.64e-110	399	GCA_036927365.1_ASM3692736v1_genomic
AT2G22055	CM072593.1	96.462	650	12	1	1	650	9843374	9844012	0	1062	GCA_036927365.1_ASM3692736v1_genomic
AT2G22055	CM072592.1	79.728	661	70	33	1	650	24237895	24237288	2.41e-116	420	GCA_036927365.1_ASM3692736v1_genomic
AT2G22055	CM072592.1	85.258	407	42	13	3	398	24240043	24239644	2.43e-111	403	GCA_036927365.1_ASM3692736v1_genomic
AT1G61563	CM072597.1	99.242	528	4	0	1	528	23469051	23469578	0	953	GCA_036927375.1_ASM3692737v1_genomic
AT1G61563	CM072597.1	93.146	321	19	2	208	528	23471417	23471734	6.94e-131	468	GCA_036927375.1_ASM3692737v1_genomic
AT1G61563	CM072598.1	80.935	556	59	22	9	528	10492116	10491572	3.32e-109	396	GCA_036927375.1_ASM3692737v1_genomic
AT1G61566	CM072597.1	98.37	552	8	1	1	551	23471182	23471733	0	968	GCA_036927375.1_ASM3692737v1_genomic
AT1G61566	CM072597.1	91.562	320	24	2	235	551	23469258	23469577	5.69e-122	438	GCA_036927375.1_ASM3692737v1_genomic
AT1G61566	CM072598.1	85.185	405	42	13	154	551	10491966	10491573	2.69e-110	399	GCA_036927375.1_ASM3692737v1_genomic
AT2G22055	CM072598.1	96.615	650	11	1	1	650	10491575	10492213	0	1068	GCA_036927375.1_ASM3692737v1_genomic
AT2G22055	CM072597.1	79.728	661	69	35	1	650	23469575	23468969	8.81e-116	418	GCA_036927375.1_ASM3692737v1_genomic
AT2G22055	CM072597.1	85.049	408	42	14	3	398	23471729	23471329	1.15e-109	398	GCA_036927375.1_ASM3692737v1_genomic
AT1G61563	CM072587.1	99.432	528	3	0	1	528	24214219	24214746	0	959	GCA_036927385.1_ASM3692738v1_genomic
AT1G61563	CM072587.1	92.835	321	20	2	208	528	24216589	24216906	3.19e-129	462	GCA_036927385.1_ASM3692738v1_genomic
AT1G61563	CM072588.1	85.112	356	41	10	176	528	12375494	12375148	2e-96	353	GCA_036927385.1_ASM3692738v1_genomic
AT1G61566	CM072587.1	99.093	551	5	0	1	551	24216355	24216905	0	990	GCA_036927385.1_ASM3692738v1_genomic
AT1G61566	CM072587.1	91.562	320	24	2	235	551	24214426	24214745	5.62e-122	438	GCA_036927385.1_ASM3692738v1_genomic
AT1G61566	CM072588.1	85.432	405	41	13	154	551	12375542	12375149	5.7e-112	405	GCA_036927385.1_ASM3692738v1_genomic
AT2G22055	CM072588.1	99.385	650	4	0	1	650	12375151	12375800	0	1179	GCA_036927385.1_ASM3692738v1_genomic
AT2G22055	CM072587.1	79.728	661	69	34	1	650	24214743	24214137	8.71e-116	418	GCA_036927385.1_ASM3692738v1_genomic
AT2G22055	CM072587.1	85.504	407	41	13	3	398	24216901	24216502	5.24e-113	409	GCA_036927385.1_ASM3692738v1_genomic
AT1G61563	CM072582.1	99.621	528	2	0	1	528	25881274	25881801	0	965	GCA_036927435.1_ASM3692743v1_genomic
AT1G61563	CM072582.1	91.9	321	23	2	208	528	25883641	25883958	3.35e-124	446	GCA_036927435.1_ASM3692743v1_genomic
AT1G61563	CM072583.1	85.112	356	41	10	176	528	12202612	12202266	2.09e-96	353	GCA_036927435.1_ASM3692743v1_genomic
AT1G61566	CM072582.1	98.911	551	6	0	1	551	25883407	25883957	0	985	GCA_036927435.1_ASM3692743v1_genomic
AT1G61566	CM072582.1	91.875	320	23	2	235	551	25881481	25881800	1.26e-123	444	GCA_036927435.1_ASM3692743v1_genomic
AT1G61566	CM072583.1	85.432	405	41	13	154	551	12202660	12202267	5.95e-112	405	GCA_036927435.1_ASM3692743v1_genomic
AT2G22055	CM072583.1	99.385	650	4	0	1	650	12202269	12202918	0	1179	GCA_036927435.1_ASM3692743v1_genomic
AT2G22055	CM072582.1	79.879	661	68	34	1	650	25881798	25881192	1.95e-117	424	GCA_036927435.1_ASM3692743v1_genomic
AT2G22055	CM072582.1	85.258	407	42	13	3	398	25883953	25883554	2.54e-111	403	GCA_036927435.1_ASM3692743v1_genomic
AT1G61563	CM072567.1	99.433	529	2	1	1	528	23272321	23272849	0	959	GCA_036927455.1_ASM3692745v1_genomic
AT1G61563	CM072567.1	91.9	321	22	3	208	528	23274413	23274729	3.33e-124	446	GCA_036927455.1_ASM3692745v1_genomic
AT1G61563	CM072568.1	84.831	356	42	10	176	528	12712415	12712069	9.65e-95	348	GCA_036927455.1_ASM3692745v1_genomic
AT1G61566	CM072567.1	98.915	553	3	2	1	551	23274177	23274728	0	985	GCA_036927455.1_ASM3692745v1_genomic
AT1G61566	CM072567.1	91.589	321	23	3	235	551	23272528	23272848	1.62e-122	440	GCA_036927455.1_ASM3692745v1_genomic
AT1G61566	CM072568.1	85.185	405	42	13	154	551	12712463	12712070	2.75e-110	399	GCA_036927455.1_ASM3692745v1_genomic
AT2G22055	CM072568.1	99.231	650	5	0	1	650	12712072	12712721	0	1173	GCA_036927455.1_ASM3692745v1_genomic
AT2G22055	CM072567.1	79.728	661	70	33	1	650	23272846	23272239	2.51e-116	420	GCA_036927455.1_ASM3692745v1_genomic
AT2G22055	CM072567.1	85.504	407	40	14	3	398	23274724	23274326	1.95e-112	407	GCA_036927455.1_ASM3692745v1_genomic
AT1G61563	CM072562.1	99.433	529	2	1	1	528	25152814	25153342	0	959	GCA_036927475.1_ASM3692747v1_genomic
AT1G61563	CM072562.1	91.9	321	22	3	208	528	25154906	25155222	3.4e-124	446	GCA_036927475.1_ASM3692747v1_genomic
AT1G61563	CM072563.1	85.112	356	41	10	176	528	12807866	12807520	2.12e-96	353	GCA_036927475.1_ASM3692747v1_genomic
AT1G61566	CM072562.1	98.915	553	3	2	1	551	25154670	25155221	0	985	GCA_036927475.1_ASM3692747v1_genomic
AT1G61566	CM072562.1	91.589	321	23	3	235	551	25153021	25153341	1.65e-122	440	GCA_036927475.1_ASM3692747v1_genomic
AT1G61566	CM072563.1	85.432	405	41	13	154	551	12807914	12807521	6.03e-112	405	GCA_036927475.1_ASM3692747v1_genomic
AT2G22055	CM072563.1	99.385	650	4	0	1	650	12807523	12808172	0	1179	GCA_036927475.1_ASM3692747v1_genomic
AT2G22055	CM072562.1	79.728	661	70	33	1	650	25153339	25152732	2.56e-116	420	GCA_036927475.1_ASM3692747v1_genomic
AT2G22055	CM072562.1	85.504	407	40	14	3	398	25155217	25154819	1.99e-112	407	GCA_036927475.1_ASM3692747v1_genomic
AT1G61563	CM072577.1	99.432	528	3	0	1	528	24789746	24790273	0	959	GCA_036927485.1_ASM3692748v1_genomic
AT1G61563	CM072577.1	92.835	321	20	2	208	528	24792116	24792433	3.36e-129	462	GCA_036927485.1_ASM3692748v1_genomic
AT1G61563	CM072578.1	80.036	556	64	28	9	528	12763686	12763142	7.54e-101	368	GCA_036927485.1_ASM3692748v1_genomic
AT1G61566	CM072577.1	99.093	551	5	0	1	551	24791882	24792432	0	990	GCA_036927485.1_ASM3692748v1_genomic
AT1G61566	CM072577.1	91.562	320	24	2	235	551	24789953	24790272	5.93e-122	438	GCA_036927485.1_ASM3692748v1_genomic
AT1G61566	CM072578.1	85.185	405	42	13	154	551	12763536	12763143	2.8e-110	399	GCA_036927485.1_ASM3692748v1_genomic
AT2G22055	CM072578.1	96.462	650	12	1	1	650	12763145	12763783	0	1062	GCA_036927485.1_ASM3692748v1_genomic
AT2G22055	CM072577.1	79.728	661	69	34	1	650	24790270	24789664	9.18e-116	418	GCA_036927485.1_ASM3692748v1_genomic
AT2G22055	CM072577.1	85.504	407	41	13	3	398	24792428	24792029	5.53e-113	409	GCA_036927485.1_ASM3692748v1_genomic
AT1G61563	CM072572.1	99.432	528	3	0	1	528	24880198	24880725	0	959	GCA_036927505.1_ASM3692750v1_genomic
AT1G61563	CM072572.1	92.212	321	22	2	208	528	24882566	24882883	6.96e-126	451	GCA_036927505.1_ASM3692750v1_genomic
AT1G61563	CM072573.1	85.112	356	41	10	176	528	11088471	11088125	2.02e-96	353	GCA_036927505.1_ASM3692750v1_genomic
AT1G61566	CM072572.1	100	551	0	0	1	551	24882332	24882882	0	1018	GCA_036927505.1_ASM3692750v1_genomic
AT1G61566	CM072572.1	91.875	320	23	2	235	551	24880405	24880724	1.22e-123	444	GCA_036927505.1_ASM3692750v1_genomic
AT1G61566	CM072573.1	85.432	405	41	13	154	551	11088519	11088126	5.75e-112	405	GCA_036927505.1_ASM3692750v1_genomic
AT2G22055	CM072573.1	99.231	650	5	0	1	650	11088128	11088777	0	1173	GCA_036927505.1_ASM3692750v1_genomic
AT2G22055	CM072572.1	79.728	661	69	35	1	650	24880722	24880116	8.78e-116	418	GCA_036927505.1_ASM3692750v1_genomic
AT2G22055	CM072572.1	85.504	407	41	13	3	398	24882878	24882479	5.28e-113	409	GCA_036927505.1_ASM3692750v1_genomic
AT1G61563	CP137946.1	99.432	528	3	0	1	528	26943530	26944057	0	959	GCA_036936705.1_ASM3693670v1_genomic
AT1G61563	CP137946.1	92.523	321	21	2	208	528	26945896	26946213	1.57e-127	457	GCA_036936705.1_ASM3693670v1_genomic
AT1G61563	CP137947.1	80.935	556	59	22	9	528	12704529	12703985	3.47e-109	396	GCA_036936705.1_ASM3693670v1_genomic
AT1G61566	CP137946.1	98.548	551	8	0	1	551	26945662	26946212	0	974	GCA_036936705.1_ASM3693670v1_genomic
AT1G61566	CP137946.1	91.562	320	24	2	235	551	26943737	26944056	5.94e-122	438	GCA_036936705.1_ASM3693670v1_genomic
AT1G61566	CP137947.1	85.185	405	42	13	154	551	12704379	12703986	2.8e-110	399	GCA_036936705.1_ASM3693670v1_genomic
AT2G22055	CP137947.1	96.615	650	11	1	1	650	12703988	12704626	0	1068	GCA_036936705.1_ASM3693670v1_genomic
AT2G22055	CP137946.1	79.728	661	69	34	1	650	26944054	26943448	9.2e-116	418	GCA_036936705.1_ASM3693670v1_genomic
AT2G22055	CP137946.1	85.258	407	42	13	3	398	26946208	26945809	2.58e-111	403	GCA_036936705.1_ASM3693670v1_genomic
AT1G61563	CP137951.1	99.244	529	3	1	1	528	25229689	25230217	0	953	GCA_036936715.1_ASM3693671v1_genomic
AT1G61563	CP137951.1	91.589	321	24	2	208	528	25232162	25232479	1.55e-122	440	GCA_036936715.1_ASM3693671v1_genomic
AT1G61563	CP137952.1	80.935	556	59	22	9	528	11881259	11880715	3.41e-109	396	GCA_036936715.1_ASM3693671v1_genomic
AT1G61566	CP137951.1	98.911	551	6	0	1	551	25231928	25232478	0	985	GCA_036936715.1_ASM3693671v1_genomic
AT1G61566	CP137951.1	91.589	321	23	3	235	551	25229896	25230216	1.62e-122	440	GCA_036936715.1_ASM3693671v1_genomic
AT1G61566	CP137952.1	85.185	405	42	13	154	551	11881109	11880716	2.75e-110	399	GCA_036936715.1_ASM3693671v1_genomic
AT2G22055	CP137952.1	96.615	650	11	1	1	650	11880718	11881356	0	1068	GCA_036936715.1_ASM3693671v1_genomic
AT2G22055	CP137951.1	79.576	661	71	33	1	650	25230214	25229607	1.17e-114	414	GCA_036936715.1_ASM3693671v1_genomic
AT2G22055	CP137951.1	85.012	407	43	13	3	398	25232474	25232075	1.18e-109	398	GCA_036936715.1_ASM3693671v1_genomic
AT1G61563	CP137956.1	99.242	528	4	0	1	528	24930241	24930768	0	953	GCA_036936845.1_ASM3693684v1_genomic
AT1G61563	CP137956.1	92.523	321	21	2	208	528	24932607	24932924	1.56e-127	457	GCA_036936845.1_ASM3693684v1_genomic
AT1G61563	CP137957.1	85.112	356	41	10	176	528	10952191	10951845	2.1e-96	353	GCA_036936845.1_ASM3693684v1_genomic
AT1G61566	CP137956.1	98.37	552	8	1	1	551	24932372	24932923	0	968	GCA_036936845.1_ASM3693684v1_genomic
AT1G61566	CP137956.1	91.562	320	24	2	235	551	24930448	24930767	5.9e-122	438	GCA_036936845.1_ASM3693684v1_genomic
AT1G61566	CP137957.1	85.432	405	41	13	154	551	10952239	10951846	5.99e-112	405	GCA_036936845.1_ASM3693684v1_genomic
AT2G22055	CP137957.1	99.385	650	4	0	1	650	10951848	10952497	0	1179	GCA_036936845.1_ASM3693684v1_genomic
AT2G22055	CP137956.1	79.728	661	69	35	1	650	24930765	24930159	9.14e-116	418	GCA_036936845.1_ASM3693684v1_genomic
AT2G22055	CP137956.1	85.012	407	43	13	3	398	24932919	24932520	1.19e-109	398	GCA_036936845.1_ASM3693684v1_genomic
AT1G61563	CP137961.1	99.244	529	3	1	1	528	25837946	25838474	0	953	GCA_036936885.1_ASM3693688v1_genomic
AT1G61563	CP137961.1	93.146	321	19	2	208	528	25840403	25840720	7.15e-131	468	GCA_036936885.1_ASM3693688v1_genomic
AT1G61563	CP137962.1	80.935	556	59	22	9	528	11605465	11604921	3.42e-109	396	GCA_036936885.1_ASM3693688v1_genomic
AT1G61566	CP137961.1	98.185	551	10	0	1	551	25840169	25840719	0	963	GCA_036936885.1_ASM3693688v1_genomic
AT1G61566	CP137961.1	91.589	321	23	3	235	551	25838153	25838473	1.63e-122	440	GCA_036936885.1_ASM3693688v1_genomic
AT1G61566	CP137962.1	85.185	405	42	13	154	551	11605315	11604922	2.77e-110	399	GCA_036936885.1_ASM3693688v1_genomic
AT2G22055	CP137962.1	96.615	650	11	1	1	650	11604924	11605562	0	1068	GCA_036936885.1_ASM3693688v1_genomic
AT2G22055	CP137961.1	79.425	661	71	34	1	650	25838471	25837865	1.97e-112	407	GCA_036936885.1_ASM3693688v1_genomic
AT2G22055	CP137961.1	85.536	401	40	13	3	392	25840715	25840322	2.54e-111	403	GCA_036936885.1_ASM3693688v1_genomic
AT1G61563	CP137966.1	99.433	529	2	1	1	528	26787828	26788356	0	959	GCA_036936895.1_ASM3693689v1_genomic
AT1G61563	CP137966.1	92.835	321	20	2	208	528	26790283	26790600	3.42e-129	462	GCA_036936895.1_ASM3693689v1_genomic
AT1G61563	CP137967.1	85.393	356	40	10	176	528	12154616	12154270	4.61e-98	359	GCA_036936895.1_ASM3693689v1_genomic
AT1G61566	CP137966.1	98.73	551	7	0	1	551	26790049	26790599	0	979	GCA_036936895.1_ASM3693689v1_genomic
AT1G61566	CP137966.1	91.589	321	23	3	235	551	26788035	26788355	1.67e-122	440	GCA_036936895.1_ASM3693689v1_genomic
AT1G61566	CP137967.1	85.679	405	40	13	154	551	12154664	12154271	1.31e-113	411	GCA_036936895.1_ASM3693689v1_genomic
AT2G22055	CP137967.1	99.846	650	1	0	1	650	12154273	12154922	0	1195	GCA_036936895.1_ASM3693689v1_genomic
AT2G22055	CP137966.1	79.728	661	70	33	1	650	26788353	26787746	2.59e-116	420	GCA_036936895.1_ASM3693689v1_genomic
AT2G22055	CP137966.1	85.504	407	41	13	3	398	26790595	26790196	5.61e-113	409	GCA_036936895.1_ASM3693689v1_genomic
AT1G61563	CP137971.1	99.242	528	4	0	1	528	24957798	24958325	0	953	GCA_036936905.1_ASM3693690v1_genomic
AT1G61563	CP137971.1	92.523	321	21	2	208	528	24960164	24960481	1.56e-127	457	GCA_036936905.1_ASM3693690v1_genomic
AT1G61563	CP137972.1	85.112	356	41	10	176	528	11026505	11026159	2.1e-96	353	GCA_036936905.1_ASM3693690v1_genomic
AT1G61566	CP137971.1	98.37	552	8	1	1	551	24959929	24960480	0	968	GCA_036936905.1_ASM3693690v1_genomic
AT1G61566	CP137971.1	91.562	320	24	2	235	551	24958005	24958324	5.9e-122	438	GCA_036936905.1_ASM3693690v1_genomic
AT1G61566	CP137972.1	85.432	405	41	13	154	551	11026553	11026160	5.98e-112	405	GCA_036936905.1_ASM3693690v1_genomic
AT2G22055	CP137972.1	99.385	650	4	0	1	650	11026162	11026811	0	1179	GCA_036936905.1_ASM3693690v1_genomic
AT2G22055	CP137971.1	79.728	661	69	35	1	650	24958322	24957716	9.14e-116	418	GCA_036936905.1_ASM3693690v1_genomic
AT2G22055	CP137971.1	85.012	407	43	13	3	398	24960476	24960077	1.19e-109	398	GCA_036936905.1_ASM3693690v1_genomic
AT1G61563	CP137976.1	99.621	528	2	0	1	528	24664860	24665387	0	965	GCA_036936915.1_ASM3693691v1_genomic
AT1G61563	CP137976.1	93.146	321	22	0	208	528	24667227	24667547	5.49e-132	472	GCA_036936915.1_ASM3693691v1_genomic
AT1G61563	CP137977.1	84.831	356	42	10	176	528	12214237	12213891	9.66e-95	348	GCA_036936915.1_ASM3693691v1_genomic
AT1G61566	CP137976.1	98.195	554	7	1	1	551	24666993	24667546	0	965	GCA_036936915.1_ASM3693691v1_genomic
AT1G61566	CP137976.1	91.875	320	23	2	235	551	24665067	24665386	1.25e-123	444	GCA_036936915.1_ASM3693691v1_genomic
AT1G61566	CP137977.1	85.185	405	42	13	154	551	12214285	12213892	2.75e-110	399	GCA_036936915.1_ASM3693691v1_genomic
AT2G22055	CP137977.1	98.923	650	7	0	1	650	12213894	12214543	0	1162	GCA_036936915.1_ASM3693691v1_genomic
AT2G22055	CP137976.1	79.879	661	68	34	1	650	24665384	24664778	1.94e-117	424	GCA_036936915.1_ASM3693691v1_genomic
AT2G22055	CP137976.1	84.39	410	43	17	3	398	24667542	24667140	3.29e-105	383	GCA_036936915.1_ASM3693691v1_genomic
AT1G61563	CP137981.1	100	528	0	0	1	528	26809429	26809956	0	976	GCA_036936945.1_ASM3693694v1_genomic
AT1G61563	CP137981.1	92.212	321	22	2	208	528	26811805	26812122	7.24e-126	451	GCA_036936945.1_ASM3693694v1_genomic
AT1G61563	CP137982.1	80.396	556	62	28	9	528	11932813	11932269	3.47e-104	379	GCA_036936945.1_ASM3693694v1_genomic
AT1G61566	CP137981.1	99.274	551	4	0	1	551	26811571	26812121	0	996	GCA_036936945.1_ASM3693694v1_genomic
AT1G61566	CP137981.1	92.188	320	22	2	235	551	26809636	26809955	2.72e-125	449	GCA_036936945.1_ASM3693694v1_genomic
AT1G61566	CP137982.1	85.679	405	40	13	154	551	11932663	11932270	1.29e-113	411	GCA_036936945.1_ASM3693694v1_genomic
AT2G22055	CP137982.1	96.615	650	11	1	1	650	11932272	11932910	0	1068	GCA_036936945.1_ASM3693694v1_genomic
AT2G22055	CP137981.1	80.03	661	67	34	1	650	26809953	26809347	4.22e-119	429	GCA_036936945.1_ASM3693694v1_genomic
AT2G22055	CP137981.1	85.504	407	41	13	3	398	26812117	26811718	5.5e-113	409	GCA_036936945.1_ASM3693694v1_genomic
AT1G61563	CP137986.1	99.433	529	2	1	1	528	25712619	25713147	0	959	GCA_036936955.1_ASM3693695v1_genomic
AT1G61563	CP137986.1	92.212	321	22	2	208	528	25715075	25715392	7.14e-126	451	GCA_036936955.1_ASM3693695v1_genomic
AT1G61563	CP137987.1	84.831	356	42	9	176	528	12660860	12660514	9.64e-95	348	GCA_036936955.1_ASM3693695v1_genomic
AT1G61566	CP137986.1	99.274	551	4	0	1	551	25714841	25715391	0	996	GCA_036936955.1_ASM3693695v1_genomic
AT1G61566	CP137986.1	91.589	321	23	3	235	551	25712826	25713146	1.62e-122	440	GCA_036936955.1_ASM3693695v1_genomic
AT1G61566	CP137987.1	85.185	405	42	12	154	551	12660908	12660515	2.74e-110	399	GCA_036936955.1_ASM3693695v1_genomic
AT2G22055	CP137987.1	99.231	650	5	0	1	650	12660517	12661166	0	1173	GCA_036936955.1_ASM3693695v1_genomic
AT2G22055	CP137986.1	79.728	661	70	33	1	650	25713144	25712537	2.5e-116	420	GCA_036936955.1_ASM3693695v1_genomic
AT2G22055	CP137986.1	85.504	407	41	13	3	398	25715387	25714988	5.42e-113	409	GCA_036936955.1_ASM3693695v1_genomic
AT1G61563	CP137991.1	100	528	0	0	1	528	25239221	25239748	0	976	GCA_036937005.1_ASM3693700v1_genomic
AT1G61563	CP137991.1	90.654	321	22	3	208	528	25241594	25241906	2.1e-116	420	GCA_036937005.1_ASM3693700v1_genomic
AT1G61563	CP137992.1	80.935	556	59	22	9	528	12004389	12003845	3.54e-109	396	GCA_036937005.1_ASM3693700v1_genomic
AT1G61566	CP137991.1	98.548	551	3	1	1	551	25241360	25241905	0	968	GCA_036937005.1_ASM3693700v1_genomic
AT1G61566	CP137991.1	92.188	320	22	2	235	551	25239428	25239747	2.8e-125	449	GCA_036937005.1_ASM3693700v1_genomic
AT1G61566	CP137992.1	85.185	405	42	13	154	551	12004239	12003846	2.86e-110	399	GCA_036937005.1_ASM3693700v1_genomic
AT2G22055	CP137992.1	96.615	650	11	1	1	650	12003848	12004486	0	1068	GCA_036937005.1_ASM3693700v1_genomic
AT2G22055	CP137991.1	80.03	661	67	34	1	650	25239745	25239139	4.34e-119	429	GCA_036937005.1_ASM3693700v1_genomic
AT2G22055	CP137991.1	84.691	405	43	14	3	398	25241901	25241507	2.65e-106	387	GCA_036937005.1_ASM3693700v1_genomic
AT1G61563	CP137996.1	100	528	0	0	1	528	25233661	25234188	0	976	GCA_036937185.1_ASM3693718v1_genomic
AT1G61563	CP137996.1	90.654	321	22	3	208	528	25236034	25236346	2.11e-116	420	GCA_036937185.1_ASM3693718v1_genomic
AT1G61563	CP137997.1	80.935	556	59	22	9	528	13403639	13403095	3.55e-109	396	GCA_036937185.1_ASM3693718v1_genomic
AT1G61566	CP137996.1	98.548	551	3	1	1	551	25235800	25236345	0	968	GCA_036937185.1_ASM3693718v1_genomic
AT1G61566	CP137996.1	92.188	320	22	2	235	551	25233868	25234187	2.81e-125	449	GCA_036937185.1_ASM3693718v1_genomic
AT1G61566	CP137997.1	85.185	405	42	13	154	551	13403489	13403096	2.87e-110	399	GCA_036937185.1_ASM3693718v1_genomic
AT2G22055	CP137997.1	96.615	650	11	1	1	650	13403098	13403736	0	1068	GCA_036937185.1_ASM3693718v1_genomic
AT2G22055	CP137996.1	80.03	661	67	34	1	650	25234185	25233579	4.35e-119	429	GCA_036937185.1_ASM3693718v1_genomic
AT2G22055	CP137996.1	84.691	405	43	14	3	398	25236341	25235947	2.66e-106	387	GCA_036937185.1_ASM3693718v1_genomic
AT1G61563	CP138001.1	99.242	528	4	0	1	528	25354425	25354952	0	953	GCA_036937335.1_ASM3693733v1_genomic
AT1G61563	CP138001.1	92.523	321	21	2	208	528	25356791	25357108	1.56e-127	457	GCA_036937335.1_ASM3693733v1_genomic
AT1G61563	CP138002.1	85.112	356	41	10	176	528	12745662	12745316	2.1e-96	353	GCA_036937335.1_ASM3693733v1_genomic
AT1G61566	CP138001.1	98.37	552	8	1	1	551	25356556	25357107	0	968	GCA_036937335.1_ASM3693733v1_genomic
AT1G61566	CP138001.1	91.562	320	24	2	235	551	25354632	25354951	5.9e-122	438	GCA_036937335.1_ASM3693733v1_genomic
AT1G61566	CP138002.1	85.432	405	41	13	154	551	12745710	12745317	5.99e-112	405	GCA_036937335.1_ASM3693733v1_genomic
AT2G22055	CP138002.1	99.385	650	4	0	1	650	12745319	12745968	0	1179	GCA_036937335.1_ASM3693733v1_genomic
AT2G22055	CP138001.1	79.728	661	69	35	1	650	25354949	25354343	9.14e-116	418	GCA_036937335.1_ASM3693733v1_genomic
AT2G22055	CP138001.1	85.012	407	43	13	3	398	25357103	25356704	1.19e-109	398	GCA_036937335.1_ASM3693733v1_genomic
AT1G61563	CP138006.1	99.244	529	3	1	1	528	26196349	26196877	0	953	GCA_036937385.1_ASM3693738v1_genomic
AT1G61563	CP138006.1	91.589	321	24	2	208	528	26198802	26199119	1.6e-122	440	GCA_036937385.1_ASM3693738v1_genomic
AT1G61563	CP138007.1	85.112	356	41	10	176	528	10890929	10890583	2.15e-96	353	GCA_036937385.1_ASM3693738v1_genomic
AT1G61566	CP138006.1	98.911	551	6	0	1	551	26198568	26199118	0	985	GCA_036937385.1_ASM3693738v1_genomic
AT1G61566	CP138006.1	91.589	321	23	3	235	551	26196556	26196876	1.68e-122	440	GCA_036937385.1_ASM3693738v1_genomic
AT1G61566	CP138007.1	85.432	405	41	13	154	551	10890977	10890584	6.11e-112	405	GCA_036937385.1_ASM3693738v1_genomic
AT2G22055	CP138007.1	99.385	650	4	0	1	650	10890586	10891235	0	1179	GCA_036937385.1_ASM3693738v1_genomic
AT2G22055	CP138006.1	79.576	661	71	33	1	650	26196874	26196267	1.21e-114	414	GCA_036937385.1_ASM3693738v1_genomic
AT2G22055	CP138006.1	85.012	407	43	13	3	398	26199114	26198715	1.22e-109	398	GCA_036937385.1_ASM3693738v1_genomic
AT1G61563	CP138016.1	99.622	529	1	1	1	528	24048822	24049350	0	965	GCA_036937455.1_ASM3693745v1_genomic
AT1G61563	CP138016.1	91.9	321	23	2	208	528	24051514	24051831	3.31e-124	446	GCA_036937455.1_ASM3693745v1_genomic
AT1G61563	CP138017.1	85.112	356	41	10	176	528	11559526	11559180	2.06e-96	353	GCA_036937455.1_ASM3693745v1_genomic
AT1G61566	CP138016.1	99.093	551	5	0	1	551	24051280	24051830	0	990	GCA_036937455.1_ASM3693745v1_genomic
AT1G61566	CP138016.1	91.9	321	22	3	235	551	24049029	24049349	3.46e-124	446	GCA_036937455.1_ASM3693745v1_genomic
AT1G61566	CP138017.1	85.432	405	41	13	154	551	11559574	11559181	5.87e-112	405	GCA_036937455.1_ASM3693745v1_genomic
AT2G22055	CP138017.1	99.385	650	4	0	1	650	11559183	11559832	0	1179	GCA_036937455.1_ASM3693745v1_genomic
AT2G22055	CP138016.1	79.879	661	69	33	1	650	24049347	24048740	5.36e-118	425	GCA_036937455.1_ASM3693745v1_genomic
AT2G22055	CP138016.1	85.012	407	43	13	3	398	24051826	24051427	1.17e-109	398	GCA_036937455.1_ASM3693745v1_genomic
AT1G61563	CP138011.1	99.432	528	1	1	1	528	27201400	27201925	0	957	GCA_036937465.1_ASM3693746v1_genomic
AT1G61563	CP138011.1	92.212	321	22	2	208	528	27203604	27203921	7.36e-126	451	GCA_036937465.1_ASM3693746v1_genomic
AT1G61563	CP138012.1	80.216	556	63	28	9	528	10769992	10769448	1.64e-102	374	GCA_036937465.1_ASM3693746v1_genomic
AT1G61566	CP138011.1	98.367	551	9	0	1	551	27203370	27203920	0	968	GCA_036937465.1_ASM3693746v1_genomic
AT1G61566	CP138011.1	92.5	320	21	2	235	551	27201605	27201924	5.95e-127	455	GCA_036937465.1_ASM3693746v1_genomic
AT1G61566	CP138012.1	85.679	405	40	13	154	551	10769842	10769449	1.31e-113	411	GCA_036937465.1_ASM3693746v1_genomic
AT2G22055	CP138012.1	96.615	650	11	1	1	650	10769451	10770089	0	1068	GCA_036937465.1_ASM3693746v1_genomic
AT2G22055	CP138011.1	84.767	407	44	13	3	398	27203916	27203517	5.62e-108	392	GCA_036937465.1_ASM3693746v1_genomic
AT2G22055	CP138011.1	85.552	353	39	10	1	344	27201922	27201573	5.7e-98	359	GCA_036937465.1_ASM3693746v1_genomic
AT1G61563	CP138021.1	99.242	528	4	0	1	528	24804136	24804663	0	953	GCA_036937475.1_ASM3693747v1_genomic
AT1G61563	CP138021.1	92.523	321	21	2	208	528	24806502	24806819	1.56e-127	457	GCA_036937475.1_ASM3693747v1_genomic
AT1G61563	CP138022.1	80.216	556	63	28	9	528	11407253	11406709	1.62e-102	374	GCA_036937475.1_ASM3693747v1_genomic
AT1G61566	CP138021.1	98.37	552	8	1	1	551	24806267	24806818	0	968	GCA_036937475.1_ASM3693747v1_genomic
AT1G61566	CP138021.1	91.562	320	24	2	235	551	24804343	24804662	5.92e-122	438	GCA_036937475.1_ASM3693747v1_genomic
AT1G61566	CP138022.1	85.679	405	40	13	154	551	11407103	11406710	1.29e-113	411	GCA_036937475.1_ASM3693747v1_genomic
AT2G22055	CP138022.1	96.615	650	11	1	1	650	11406712	11407350	0	1068	GCA_036937475.1_ASM3693747v1_genomic
AT2G22055	CP138021.1	79.728	661	69	35	1	650	24804660	24804054	9.16e-116	418	GCA_036937475.1_ASM3693747v1_genomic
AT2G22055	CP138021.1	85.012	407	43	13	3	398	24806814	24806415	1.19e-109	398	GCA_036937475.1_ASM3693747v1_genomic
AT1G61563	CP138026.1	99.811	528	1	0	1	528	25185443	25185970	0	970	GCA_036937505.1_ASM3693750v1_genomic
AT1G61563	CP138026.1	91.9	321	23	2	208	528	25187794	25188111	3.32e-124	446	GCA_036937505.1_ASM3693750v1_genomic
AT1G61563	CP138027.1	85.112	356	41	10	176	528	12177759	12177413	2.07e-96	353	GCA_036937505.1_ASM3693750v1_genomic
AT1G61566	CP138026.1	99.093	551	5	0	1	551	25187560	25188110	0	990	GCA_036937505.1_ASM3693750v1_genomic
AT1G61566	CP138026.1	92.188	320	22	2	235	551	25185650	25185969	2.68e-125	449	GCA_036937505.1_ASM3693750v1_genomic
AT1G61566	CP138027.1	85.432	405	41	13	154	551	12177807	12177414	5.88e-112	405	GCA_036937505.1_ASM3693750v1_genomic
AT2G22055	CP138027.1	99.385	650	4	0	1	650	12177416	12178065	0	1179	GCA_036937505.1_ASM3693750v1_genomic
AT2G22055	CP138026.1	80.03	661	67	34	1	650	25185967	25185361	4.15e-119	429	GCA_036937505.1_ASM3693750v1_genomic
AT2G22055	CP138026.1	84.767	407	44	13	3	398	25188106	25187707	5.45e-108	392	GCA_036937505.1_ASM3693750v1_genomic
AT1G61563	CP138031.1	99.055	529	4	1	1	528	26083671	26084199	0	948	GCA_036937515.1_ASM3693751v1_genomic
AT1G61563	CP138031.1	91.9	321	23	2	208	528	26086129	26086446	3.39e-124	446	GCA_036937515.1_ASM3693751v1_genomic
AT1G61563	CP138032.1	80.755	556	60	22	9	528	12391847	12391303	1.61e-107	390	GCA_036937515.1_ASM3693751v1_genomic
AT1G61566	CP138031.1	98.73	551	7	0	1	551	26085895	26086445	0	979	GCA_036937515.1_ASM3693751v1_genomic
AT1G61566	CP138031.1	91.589	321	23	3	235	551	26083878	26084198	1.65e-122	440	GCA_036937515.1_ASM3693751v1_genomic
AT1G61566	CP138032.1	85.185	405	42	13	154	551	12391697	12391304	2.8e-110	399	GCA_036937515.1_ASM3693751v1_genomic
AT2G22055	CP138032.1	96.462	650	12	1	1	650	12391306	12391944	0	1062	GCA_036937515.1_ASM3693751v1_genomic
AT2G22055	CP138031.1	79.425	661	72	33	1	650	26084196	26083589	5.54e-113	409	GCA_036937515.1_ASM3693751v1_genomic
AT2G22055	CP138031.1	85.012	407	43	13	3	398	26086441	26086042	1.2e-109	398	GCA_036937515.1_ASM3693751v1_genomic
AT1G61563	CP138036.1	99.242	528	4	0	1	528	25280306	25280833	0	953	GCA_036937805.1_ASM3693780v1_genomic
AT1G61563	CP138036.1	93.146	321	19	2	208	528	25282671	25282988	7.22e-131	468	GCA_036937805.1_ASM3693780v1_genomic
AT1G61563	CP138037.1	85.112	356	41	10	176	528	12037798	12037452	2.11e-96	353	GCA_036937805.1_ASM3693780v1_genomic
AT1G61566	CP138036.1	98.367	551	9	0	1	551	25282437	25282987	0	968	GCA_036937805.1_ASM3693780v1_genomic
AT1G61566	CP138036.1	91.562	320	24	2	235	551	25280513	25280832	5.92e-122	438	GCA_036937805.1_ASM3693780v1_genomic
AT1G61566	CP138037.1	85.432	405	41	13	154	551	12037846	12037453	6e-112	405	GCA_036937805.1_ASM3693780v1_genomic
AT2G22055	CP138037.1	99.385	650	4	0	1	650	12037455	12038104	0	1179	GCA_036937805.1_ASM3693780v1_genomic
AT2G22055	CP138036.1	79.728	661	69	35	1	650	25280830	25280224	9.16e-116	418	GCA_036937805.1_ASM3693780v1_genomic
AT2G22055	CP138036.1	85.258	407	42	13	3	398	25282983	25282584	2.57e-111	403	GCA_036937805.1_ASM3693780v1_genomic
AT1G61563	CP138046.1	99.433	529	2	1	1	528	24995840	24996368	0	959	GCA_036937815.1_ASM3693781v1_genomic
AT1G61563	CP138046.1	92.212	321	22	2	208	528	24998296	24998613	7.21e-126	451	GCA_036937815.1_ASM3693781v1_genomic
AT1G61563	CP138047.1	80.216	556	63	28	9	528	11583907	11583363	1.61e-102	374	GCA_036937815.1_ASM3693781v1_genomic
AT1G61566	CP138046.1	99.274	551	4	0	1	551	24998062	24998612	0	996	GCA_036937815.1_ASM3693781v1_genomic
AT1G61566	CP138046.1	91.589	321	23	3	235	551	24996047	24996367	1.63e-122	440	GCA_036937815.1_ASM3693781v1_genomic
AT1G61566	CP138047.1	85.679	405	40	13	154	551	11583757	11583364	1.28e-113	411	GCA_036937815.1_ASM3693781v1_genomic
AT2G22055	CP138047.1	96.615	650	11	1	1	650	11583366	11584004	0	1068	GCA_036937815.1_ASM3693781v1_genomic
AT2G22055	CP138046.1	79.728	661	70	33	1	650	24996365	24995758	2.53e-116	420	GCA_036937815.1_ASM3693781v1_genomic
AT2G22055	CP138046.1	85.504	407	41	13	3	398	24998608	24998209	5.47e-113	409	GCA_036937815.1_ASM3693781v1_genomic
AT1G61563	CP138041.1	99.244	529	3	1	1	528	27609986	27610514	0	953	GCA_036937985.1_ASM3693798v1_genomic
AT1G61563	CP138041.1	91.589	321	24	2	208	528	27612197	27612514	1.63e-122	440	GCA_036937985.1_ASM3693798v1_genomic
AT1G61563	CP138042.1	85.112	356	41	10	176	528	14037776	14037430	2.18e-96	353	GCA_036937985.1_ASM3693798v1_genomic
AT1G61566	CP138041.1	98.911	551	6	0	1	551	27611963	27612513	0	985	GCA_036937985.1_ASM3693798v1_genomic
AT1G61566	CP138041.1	91.9	321	22	3	235	551	27610193	27610513	3.66e-124	446	GCA_036937985.1_ASM3693798v1_genomic
AT1G61566	CP138042.1	85.432	405	41	13	154	551	14037824	14037431	6.2e-112	405	GCA_036937985.1_ASM3693798v1_genomic
AT2G22055	CP138042.1	99.385	650	4	0	1	650	14037433	14038082	0	1179	GCA_036937985.1_ASM3693798v1_genomic
AT2G22055	CP138041.1	79.879	661	69	33	1	650	27610511	27609904	5.66e-118	425	GCA_036937985.1_ASM3693798v1_genomic
AT2G22055	CP138041.1	85.012	407	43	13	3	398	27612509	27612110	1.23e-109	398	GCA_036937985.1_ASM3693798v1_genomic
AT1G61563	CP138051.1	99.242	528	4	0	1	528	24350071	24350598	0	953	GCA_036938785.1_ASM3693878v1_genomic
AT1G61563	CP138051.1	92.523	321	21	2	208	528	24352437	24352754	1.51e-127	457	GCA_036938785.1_ASM3693878v1_genomic
AT1G61563	CP138052.1	85.112	356	41	10	176	528	11434124	11433778	2.03e-96	353	GCA_036938785.1_ASM3693878v1_genomic
AT1G61566	CP138051.1	98.37	552	8	1	1	551	24352202	24352753	0	968	GCA_036938785.1_ASM3693878v1_genomic
AT1G61566	CP138051.1	91.562	320	24	2	235	551	24350278	24350597	5.7e-122	438	GCA_036938785.1_ASM3693878v1_genomic
AT1G61566	CP138052.1	85.432	405	41	13	154	551	11434172	11433779	5.78e-112	405	GCA_036938785.1_ASM3693878v1_genomic
AT2G22055	CP138052.1	99.385	650	4	0	1	650	11433781	11434430	0	1179	GCA_036938785.1_ASM3693878v1_genomic
AT2G22055	CP138051.1	79.728	661	69	35	1	650	24350595	24349989	8.83e-116	418	GCA_036938785.1_ASM3693878v1_genomic
AT2G22055	CP138051.1	85.012	407	43	13	3	398	24352749	24352350	1.15e-109	398	GCA_036938785.1_ASM3693878v1_genomic
AT1G61563	CP138061.1	99.244	529	3	1	1	528	26761111	26761639	0	953	GCA_036939995.1_ASM3693999v1_genomic
AT1G61563	CP138061.1	91.589	321	24	2	208	528	26763564	26763881	1.57e-122	440	GCA_036939995.1_ASM3693999v1_genomic
AT1G61563	CP138062.1	80.755	556	60	22	9	528	12068016	12067472	1.6e-107	390	GCA_036939995.1_ASM3693999v1_genomic
AT1G61566	CP138061.1	98.73	551	7	0	1	551	26763330	26763880	0	979	GCA_036939995.1_ASM3693999v1_genomic
AT1G61566	CP138061.1	91.589	321	23	3	235	551	26761318	26761638	1.64e-122	440	GCA_036939995.1_ASM3693999v1_genomic
AT1G61566	CP138062.1	85.185	405	42	13	154	551	12067866	12067473	2.78e-110	399	GCA_036939995.1_ASM3693999v1_genomic
AT2G22055	CP138062.1	96.462	650	12	1	1	650	12067475	12068113	0	1062	GCA_036939995.1_ASM3693999v1_genomic
AT2G22055	CP138061.1	79.576	661	71	33	1	650	26761636	26761029	1.18e-114	414	GCA_036939995.1_ASM3693999v1_genomic
AT2G22055	CP138061.1	85.012	407	43	13	3	398	26763876	26763477	1.19e-109	398	GCA_036939995.1_ASM3693999v1_genomic
AT1G61563	CP138056.1	99.242	528	4	0	1	528	25627809	25628336	0	953	GCA_036940305.1_ASM3694030v1_genomic
AT1G61563	CP138056.1	93.146	321	19	2	208	528	25630176	25630493	7.11e-131	468	GCA_036940305.1_ASM3694030v1_genomic
AT1G61563	CP138057.1	85.393	356	40	10	176	528	12847917	12847571	4.47e-98	359	GCA_036940305.1_ASM3694030v1_genomic
AT1G61566	CP138056.1	98.37	552	8	1	1	551	25629941	25630492	0	968	GCA_036940305.1_ASM3694030v1_genomic
AT1G61566	CP138056.1	91.562	320	24	2	235	551	25628016	25628335	5.83e-122	438	GCA_036940305.1_ASM3694030v1_genomic
AT1G61566	CP138057.1	85.679	405	40	13	154	551	12847965	12847572	1.27e-113	411	GCA_036940305.1_ASM3694030v1_genomic
AT2G22055	CP138057.1	100	650	0	0	1	650	12847574	12848223	0	1201	GCA_036940305.1_ASM3694030v1_genomic
AT2G22055	CP138056.1	79.728	661	69	35	1	650	25628333	25627727	9.03e-116	418	GCA_036940305.1_ASM3694030v1_genomic
AT2G22055	CP138056.1	85.049	408	42	14	3	398	25630488	25630088	1.18e-109	398	GCA_036940305.1_ASM3694030v1_genomic
AT1G61563	CP138066.1	99.433	529	2	1	1	528	27568805	27569333	0	959	GCA_036940335.1_ASM3694033v1_genomic
AT1G61563	CP138066.1	92.835	321	20	2	208	528	27571259	27571576	3.45e-129	462	GCA_036940335.1_ASM3694033v1_genomic
AT1G61563	CP138067.1	85.393	356	40	10	176	528	12298807	12298461	4.65e-98	359	GCA_036940335.1_ASM3694033v1_genomic
AT1G61566	CP138066.1	98.73	551	7	0	1	551	27571025	27571575	0	979	GCA_036940335.1_ASM3694033v1_genomic
AT1G61566	CP138066.1	91.589	321	23	3	235	551	27569012	27569332	1.69e-122	440	GCA_036940335.1_ASM3694033v1_genomic
AT1G61566	CP138067.1	85.679	405	40	13	154	551	12298855	12298462	1.32e-113	411	GCA_036940335.1_ASM3694033v1_genomic
AT2G22055	CP138067.1	99.846	650	1	0	1	650	12298464	12299113	0	1195	GCA_036940335.1_ASM3694033v1_genomic
AT2G22055	CP138066.1	79.728	661	70	33	1	650	27569330	27568723	2.62e-116	420	GCA_036940335.1_ASM3694033v1_genomic
AT2G22055	CP138066.1	85.504	407	41	13	3	398	27571571	27571172	5.66e-113	409	GCA_036940335.1_ASM3694033v1_genomic
AT1G61563	CP138071.1	99.242	528	4	0	1	528	25088036	25088563	0	953	GCA_036940405.1_ASM3694040v1_genomic
AT1G61563	CP138071.1	91.9	321	23	2	208	528	25090402	25090719	3.34e-124	446	GCA_036940405.1_ASM3694040v1_genomic
AT1G61563	CP138072.1	85.112	356	41	10	176	528	11600518	11600172	2.08e-96	353	GCA_036940405.1_ASM3694040v1_genomic
AT1G61566	CP138071.1	99.093	551	5	0	1	551	25090168	25090718	0	990	GCA_036940405.1_ASM3694040v1_genomic
AT1G61566	CP138071.1	91.562	320	24	2	235	551	25088243	25088562	5.84e-122	438	GCA_036940405.1_ASM3694040v1_genomic
AT1G61566	CP138072.1	85.432	405	41	13	154	551	11600566	11600173	5.93e-112	405	GCA_036940405.1_ASM3694040v1_genomic
AT2G22055	CP138072.1	99.385	650	4	0	1	650	11600175	11600824	0	1179	GCA_036940405.1_ASM3694040v1_genomic
AT2G22055	CP138071.1	79.728	661	69	35	1	650	25088560	25087954	9.05e-116	418	GCA_036940405.1_ASM3694040v1_genomic
AT2G22055	CP138071.1	84.767	407	44	13	3	398	25090714	25090315	5.48e-108	392	GCA_036940405.1_ASM3694040v1_genomic
AT1G61563	CP138076.1	99.811	528	1	0	1	528	26357997	26358524	0	970	GCA_036940415.1_ASM3694041v1_genomic
AT1G61563	CP138076.1	92.212	321	22	2	208	528	26360372	26360689	7.22e-126	451	GCA_036940415.1_ASM3694041v1_genomic
AT1G61563	CP138077.1	85.112	356	41	10	176	528	11284339	11283993	2.1e-96	353	GCA_036940415.1_ASM3694041v1_genomic
AT1G61566	CP138076.1	99.274	551	4	0	1	551	26360138	26360688	0	996	GCA_036940415.1_ASM3694041v1_genomic
AT1G61566	CP138076.1	92.5	320	21	2	235	551	26358204	26358523	5.84e-127	455	GCA_036940415.1_ASM3694041v1_genomic
AT1G61566	CP138077.1	85.432	405	41	13	154	551	11284387	11283994	5.96e-112	405	GCA_036940415.1_ASM3694041v1_genomic
AT2G22055	CP138077.1	99.385	650	4	0	1	650	11283996	11284645	0	1179	GCA_036940415.1_ASM3694041v1_genomic
AT2G22055	CP138076.1	80.182	661	66	34	1	650	26358521	26357915	9.04e-121	435	GCA_036940415.1_ASM3694041v1_genomic
AT2G22055	CP138076.1	85.504	407	41	13	3	398	26360684	26360285	5.48e-113	409	GCA_036940415.1_ASM3694041v1_genomic
AT1G61563	CP138081.1	98.866	529	5	1	1	528	25566333	25566861	0	942	GCA_036940605.1_ASM3694060v1_genomic
AT1G61563	CP138081.1	92.835	321	20	2	208	528	25568789	25569106	3.33e-129	462	GCA_036940605.1_ASM3694060v1_genomic
AT1G61563	CP138082.1	85.393	356	40	10	176	528	12120250	12119904	4.49e-98	359	GCA_036940605.1_ASM3694060v1_genomic
AT1G61566	CP138081.1	98.73	551	7	0	1	551	25568555	25569105	0	979	GCA_036940605.1_ASM3694060v1_genomic
AT1G61566	CP138081.1	91.277	321	24	3	235	551	25566540	25566860	7.59e-121	435	GCA_036940605.1_ASM3694060v1_genomic
AT1G61566	CP138082.1	85.679	405	40	13	154	551	12120298	12119905	1.28e-113	411	GCA_036940605.1_ASM3694060v1_genomic
AT2G22055	CP138082.1	99.846	650	1	0	1	650	12119907	12120556	0	1195	GCA_036940605.1_ASM3694060v1_genomic
AT2G22055	CP138081.1	79.728	661	70	33	1	650	25566858	25566251	2.53e-116	420	GCA_036940605.1_ASM3694060v1_genomic
AT2G22055	CP138081.1	85.504	407	41	13	3	398	25569101	25568702	5.47e-113	409	GCA_036940605.1_ASM3694060v1_genomic
AT1G61563	CP138086.1	99.433	529	2	1	1	528	27810884	27811412	0	959	GCA_036940615.1_ASM3694061v1_genomic
AT1G61563	CP138086.1	92.212	321	22	2	208	528	27813339	27813656	7.41e-126	451	GCA_036940615.1_ASM3694061v1_genomic
AT1G61563	CP138087.1	80.935	556	59	22	9	528	12909837	12909293	3.52e-109	396	GCA_036940615.1_ASM3694061v1_genomic
AT1G61566	CP138086.1	98.367	551	8	1	1	551	27813106	27813655	0	966	GCA_036940615.1_ASM3694061v1_genomic
AT1G61566	CP138086.1	91.589	321	23	3	235	551	27811091	27811411	1.68e-122	440	GCA_036940615.1_ASM3694061v1_genomic
AT1G61566	CP138087.1	85.185	405	42	13	154	551	12909687	12909294	2.85e-110	399	GCA_036940615.1_ASM3694061v1_genomic
AT2G22055	CP138087.1	96.615	650	11	1	1	650	12909296	12909934	0	1068	GCA_036940615.1_ASM3694061v1_genomic
AT2G22055	CP138086.1	79.728	661	70	33	1	650	27811409	27810802	2.6e-116	420	GCA_036940615.1_ASM3694061v1_genomic
AT2G22055	CP138086.1	85.012	407	43	13	3	398	27813651	27813252	1.22e-109	398	GCA_036940615.1_ASM3694061v1_genomic
AT1G61563	CP138091.1	99.055	529	4	1	1	528	26103835	26104363	0	948	GCA_036940625.1_ASM3694062v1_genomic
AT1G61563	CP138091.1	91.9	321	23	2	208	528	26106293	26106610	3.38e-124	446	GCA_036940625.1_ASM3694062v1_genomic
AT1G61563	CP138092.1	80.755	556	60	22	9	528	11724778	11724234	1.61e-107	390	GCA_036940625.1_ASM3694062v1_genomic
AT1G61566	CP138091.1	98.73	551	7	0	1	551	26106059	26106609	0	979	GCA_036940625.1_ASM3694062v1_genomic
AT1G61566	CP138091.1	91.589	321	23	3	235	551	26104042	26104362	1.64e-122	440	GCA_036940625.1_ASM3694062v1_genomic
AT1G61566	CP138092.1	85.185	405	42	13	154	551	11724628	11724235	2.79e-110	399	GCA_036940625.1_ASM3694062v1_genomic
AT2G22055	CP138092.1	96.462	650	12	1	1	650	11724237	11724875	0	1062	GCA_036940625.1_ASM3694062v1_genomic
AT2G22055	CP138091.1	79.425	661	72	33	1	650	26104360	26103753	5.51e-113	409	GCA_036940625.1_ASM3694062v1_genomic
AT2G22055	CP138091.1	85.012	407	43	13	3	398	26106605	26106206	1.19e-109	398	GCA_036940625.1_ASM3694062v1_genomic
AT1G61563	CP138096.1	99.432	528	3	0	1	528	26548456	26548983	0	959	GCA_036940635.1_ASM3694063v1_genomic
AT1G61563	CP138096.1	92.835	321	20	2	208	528	26550820	26551137	3.29e-129	462	GCA_036940635.1_ASM3694063v1_genomic
AT1G61563	CP138097.1	80.935	556	59	22	9	528	10977150	10976606	3.39e-109	396	GCA_036940635.1_ASM3694063v1_genomic
AT1G61566	CP138096.1	98.73	551	7	0	1	551	26550586	26551136	0	979	GCA_036940635.1_ASM3694063v1_genomic
AT1G61566	CP138096.1	91.562	320	24	2	235	551	26548663	26548982	5.81e-122	438	GCA_036940635.1_ASM3694063v1_genomic
AT1G61566	CP138097.1	85.185	405	42	13	154	551	10977000	10976607	2.74e-110	399	GCA_036940635.1_ASM3694063v1_genomic
AT2G22055	CP138097.1	96.615	650	11	1	1	650	10976609	10977247	0	1068	GCA_036940635.1_ASM3694063v1_genomic
AT2G22055	CP138096.1	79.728	661	69	34	1	650	26548980	26548374	8.99e-116	418	GCA_036940635.1_ASM3694063v1_genomic
AT2G22055	CP138096.1	85.504	407	41	13	3	398	26551132	26550733	5.41e-113	409	GCA_036940635.1_ASM3694063v1_genomic
AT1G61563	CP138101.1	99.621	528	2	0	1	528	26531331	26531858	0	965	GCA_036940645.1_ASM3694064v1_genomic
AT1G61563	CP138101.1	91.9	321	23	2	208	528	26533698	26534015	3.64e-124	446	GCA_036940645.1_ASM3694064v1_genomic
AT1G61563	CP138102.1	85.112	356	41	10	176	528	13293881	13293535	2.27e-96	353	GCA_036940645.1_ASM3694064v1_genomic
AT1G61566	CP138101.1	98.911	551	6	0	1	551	26533464	26534014	0	985	GCA_036940645.1_ASM3694064v1_genomic
AT1G61566	CP138101.1	91.875	320	23	2	235	551	26531538	26531857	1.37e-123	444	GCA_036940645.1_ASM3694064v1_genomic
AT1G61566	CP138102.1	85.432	405	41	13	154	551	13293929	13293536	6.46e-112	405	GCA_036940645.1_ASM3694064v1_genomic
AT2G22055	CP138102.1	99.385	650	4	0	1	650	13293538	13294187	0	1179	GCA_036940645.1_ASM3694064v1_genomic
AT2G22055	CP138101.1	79.879	661	68	34	1	650	26531855	26531249	2.12e-117	424	GCA_036940645.1_ASM3694064v1_genomic
AT2G22055	CP138101.1	85.258	407	42	13	3	398	26534010	26533611	2.76e-111	403	GCA_036940645.1_ASM3694064v1_genomic
AT1G61563	CP138106.1	99.433	529	2	1	1	528	27199795	27200323	0	959	GCA_036940715.1_ASM3694071v1_genomic
AT1G61563	CP138106.1	91.9	321	23	2	208	528	27202207	27202524	3.32e-124	446	GCA_036940715.1_ASM3694071v1_genomic
AT1G61563	CP138107.1	85.112	356	41	10	176	528	10854060	10853714	2.07e-96	353	GCA_036940715.1_ASM3694071v1_genomic
AT1G61566	CP138106.1	98.73	551	7	0	1	551	27201973	27202523	0	979	GCA_036940715.1_ASM3694071v1_genomic
AT1G61566	CP138106.1	91.589	321	23	3	235	551	27200002	27200322	1.62e-122	440	GCA_036940715.1_ASM3694071v1_genomic
AT1G61566	CP138107.1	85.432	405	41	13	154	551	10854108	10853715	5.89e-112	405	GCA_036940715.1_ASM3694071v1_genomic
AT2G22055	CP138107.1	99.385	650	4	0	1	650	10853717	10854366	0	1179	GCA_036940715.1_ASM3694071v1_genomic
AT2G22055	CP138106.1	79.728	661	70	33	1	650	27200320	27199713	2.5e-116	420	GCA_036940715.1_ASM3694071v1_genomic
AT2G22055	CP138106.1	85.258	407	42	13	3	398	27202519	27202120	2.52e-111	403	GCA_036940715.1_ASM3694071v1_genomic
AT1G61563	CP138111.1	99.432	528	3	0	1	528	26329001	26329528	0	959	GCA_036940825.1_ASM3694082v1_genomic
AT1G61563	CP138111.1	91.9	321	23	2	208	528	26331369	26331686	3.32e-124	446	GCA_036940825.1_ASM3694082v1_genomic
AT1G61563	CP138112.1	85.393	356	40	10	176	528	12653923	12653577	4.45e-98	359	GCA_036940825.1_ASM3694082v1_genomic
AT1G61566	CP138111.1	99.819	551	1	0	1	551	26331135	26331685	0	1013	GCA_036940825.1_ASM3694082v1_genomic
AT1G61566	CP138111.1	91.875	320	23	2	235	551	26329208	26329527	1.25e-123	444	GCA_036940825.1_ASM3694082v1_genomic
AT1G61566	CP138112.1	85.679	405	40	13	154	551	12653971	12653578	1.27e-113	411	GCA_036940825.1_ASM3694082v1_genomic
AT2G22055	CP138112.1	100	650	0	0	1	650	12653580	12654229	0	1201	GCA_036940825.1_ASM3694082v1_genomic
AT2G22055	CP138111.1	79.879	661	68	35	1	650	26329525	26328919	1.94e-117	424	GCA_036940825.1_ASM3694082v1_genomic
AT2G22055	CP138111.1	85.258	407	42	13	3	398	26331681	26331282	2.52e-111	403	GCA_036940825.1_ASM3694082v1_genomic
AT1G61563	CP138116.1	99.811	528	1	0	1	528	28514326	28514853	0	970	GCA_036940995.1_ASM3694099v1_genomic
AT1G61563	CP138116.1	92.523	321	21	2	208	528	28516537	28516854	1.64e-127	457	GCA_036940995.1_ASM3694099v1_genomic
AT1G61563	CP138117.1	85.393	356	40	10	176	528	12773209	12772863	4.74e-98	359	GCA_036940995.1_ASM3694099v1_genomic
AT1G61566	CP138116.1	98.192	553	8	1	1	551	28516301	28516853	0	965	GCA_036940995.1_ASM3694099v1_genomic
AT1G61566	CP138116.1	92.188	320	22	2	235	551	28514533	28514852	2.86e-125	449	GCA_036940995.1_ASM3694099v1_genomic
AT1G61566	CP138117.1	85.679	405	40	13	154	551	12773257	12772864	1.35e-113	411	GCA_036940995.1_ASM3694099v1_genomic
AT2G22055	CP138117.1	99.846	650	1	0	1	650	12772866	12773515	0	1195	GCA_036940995.1_ASM3694099v1_genomic
AT2G22055	CP138116.1	79.879	661	68	34	1	650	28514850	28514244	2.06e-117	424	GCA_036940995.1_ASM3694099v1_genomic
AT2G22055	CP138116.1	85.258	407	42	13	3	398	28516849	28516450	2.69e-111	403	GCA_036940995.1_ASM3694099v1_genomic
AT1G61563	CP138121.1	99.055	529	4	1	1	528	26174444	26174972	0	948	GCA_036941165.1_ASM3694116v1_genomic
AT1G61563	CP138121.1	92.26	323	20	4	208	528	26176903	26177222	2.07e-126	453	GCA_036941165.1_ASM3694116v1_genomic
AT1G61563	CP138122.1	80.935	556	59	22	9	528	13235555	13235011	3.53e-109	396	GCA_036941165.1_ASM3694116v1_genomic
AT1G61566	CP138121.1	98.192	553	8	1	1	551	26176669	26177221	0	965	GCA_036941165.1_ASM3694116v1_genomic
AT1G61566	CP138121.1	91.9	321	22	3	235	551	26174651	26174971	3.62e-124	446	GCA_036941165.1_ASM3694116v1_genomic
AT1G61566	CP138122.1	85.185	405	42	13	154	551	13235405	13235012	2.86e-110	399	GCA_036941165.1_ASM3694116v1_genomic
AT2G22055	CP138122.1	96.639	595	9	1	1	595	13235014	13235597	0	977	GCA_036941165.1_ASM3694116v1_genomic
AT2G22055	CP138122.1	96.667	60	2	0	591	650	13238411	13238470	3.86e-20	100	GCA_036941165.1_ASM3694116v1_genomic
AT2G22055	CP138121.1	79.879	661	69	33	1	650	26174969	26174362	5.6e-118	425	GCA_036941165.1_ASM3694116v1_genomic
AT2G22055	CP138121.1	85.049	408	43	13	3	398	26177217	26176816	3.4e-110	399	GCA_036941165.1_ASM3694116v1_genomic
AT1G61563	CP138126.1	99.242	528	4	0	1	528	27116932	27117459	0	953	GCA_036941295.1_ASM3694129v1_genomic
AT1G61563	CP138126.1	93.146	321	19	2	208	528	27119297	27119614	7.32e-131	468	GCA_036941295.1_ASM3694129v1_genomic
AT1G61563	CP138127.1	80.036	556	64	28	9	528	12855031	12854487	7.63e-101	368	GCA_036941295.1_ASM3694129v1_genomic
AT1G61566	CP138126.1	98.367	551	9	0	1	551	27119063	27119613	0	968	GCA_036941295.1_ASM3694129v1_genomic
AT1G61566	CP138126.1	91.562	320	24	2	235	551	27117139	27117458	6e-122	438	GCA_036941295.1_ASM3694129v1_genomic
AT1G61566	CP138127.1	85.185	405	42	13	154	551	12854881	12854488	2.83e-110	399	GCA_036941295.1_ASM3694129v1_genomic
AT2G22055	CP138127.1	96.462	650	12	1	1	650	12854490	12855128	0	1062	GCA_036941295.1_ASM3694129v1_genomic
AT2G22055	CP138126.1	79.728	661	69	35	1	650	27117456	27116850	9.29e-116	418	GCA_036941295.1_ASM3694129v1_genomic
AT2G22055	CP138126.1	85.012	407	43	13	3	398	27119609	27119210	1.21e-109	398	GCA_036941295.1_ASM3694129v1_genomic
AT1G61563	CP138131.1	99.621	528	2	0	1	528	26959140	26959667	0	965	GCA_036941465.1_ASM3694146v1_genomic
AT1G61563	CP138131.1	91.9	321	23	2	208	528	26961509	26961826	3.42e-124	446	GCA_036941465.1_ASM3694146v1_genomic
AT1G61563	CP138132.1	85.112	356	41	10	176	528	13126046	13125700	2.13e-96	353	GCA_036941465.1_ASM3694146v1_genomic
AT1G61566	CP138131.1	98.911	551	6	0	1	551	26961275	26961825	0	985	GCA_036941465.1_ASM3694146v1_genomic
AT1G61566	CP138131.1	91.875	320	23	2	235	551	26959347	26959666	1.28e-123	444	GCA_036941465.1_ASM3694146v1_genomic
AT1G61566	CP138132.1	85.432	405	41	13	154	551	13126094	13125701	6.06e-112	405	GCA_036941465.1_ASM3694146v1_genomic
AT2G22055	CP138132.1	99.385	650	4	0	1	650	13125703	13126352	0	1179	GCA_036941465.1_ASM3694146v1_genomic
AT2G22055	CP138131.1	79.879	661	68	34	1	650	26959664	26959058	1.99e-117	424	GCA_036941465.1_ASM3694146v1_genomic
AT2G22055	CP138131.1	85.258	407	42	13	3	398	26961821	26961422	2.59e-111	403	GCA_036941465.1_ASM3694146v1_genomic
AT1G61563	CP138136.1	99.244	529	3	1	1	528	26119231	26119759	0	953	GCA_036941635.1_ASM3694163v1_genomic
AT1G61563	CP138136.1	91.9	321	23	2	208	528	26121688	26122005	3.52e-124	446	GCA_036941635.1_ASM3694163v1_genomic
AT1G61563	CP138137.1	85.393	356	40	10	176	528	13303598	13303252	4.72e-98	359	GCA_036941635.1_ASM3694163v1_genomic
AT1G61566	CP138136.1	98.73	551	7	0	1	551	26121454	26122004	0	979	GCA_036941635.1_ASM3694163v1_genomic
AT1G61566	CP138136.1	91.589	321	23	3	235	551	26119438	26119758	1.71e-122	440	GCA_036941635.1_ASM3694163v1_genomic
AT1G61566	CP138137.1	85.679	405	40	13	154	551	13303646	13303253	1.34e-113	411	GCA_036941635.1_ASM3694163v1_genomic
AT2G22055	CP138137.1	100	650	0	0	1	650	13303255	13303904	0	1201	GCA_036941635.1_ASM3694163v1_genomic
AT2G22055	CP138136.1	79.425	661	71	34	1	650	26119756	26119150	2.07e-112	407	GCA_036941635.1_ASM3694163v1_genomic
AT2G22055	CP138136.1	85.012	407	43	13	3	398	26122000	26121601	1.24e-109	398	GCA_036941635.1_ASM3694163v1_genomic
AT1G61563	CP138141.1	99.244	529	3	1	1	528	25909552	25910080	0	953	GCA_036941785.1_ASM3694178v1_genomic
AT1G61563	CP138141.1	92.835	321	20	2	208	528	25912008	25912325	3.32e-129	462	GCA_036941785.1_ASM3694178v1_genomic
AT1G61563	CP138142.1	85.393	356	40	10	176	528	12880515	12880169	4.49e-98	359	GCA_036941785.1_ASM3694178v1_genomic
AT1G61566	CP138141.1	98.73	551	7	0	1	551	25911774	25912324	0	979	GCA_036941785.1_ASM3694178v1_genomic
AT1G61566	CP138141.1	91.277	321	24	3	235	551	25909759	25910079	7.58e-121	435	GCA_036941785.1_ASM3694178v1_genomic
AT1G61566	CP138142.1	85.679	405	40	13	154	551	12880563	12880170	1.28e-113	411	GCA_036941785.1_ASM3694178v1_genomic
AT2G22055	CP138142.1	100	650	0	0	1	650	12880172	12880821	0	1201	GCA_036941785.1_ASM3694178v1_genomic
AT2G22055	CP138141.1	79.576	661	71	33	1	650	25910077	25909470	1.17e-114	414	GCA_036941785.1_ASM3694178v1_genomic
AT2G22055	CP138141.1	85.504	407	41	13	3	398	25912320	25911921	5.46e-113	409	GCA_036941785.1_ASM3694178v1_genomic
AT1G61563	CP138146.1	99.432	528	3	0	1	528	26096603	26097130	0	959	GCA_036941915.1_ASM3694191v1_genomic
AT1G61563	CP138146.1	92.835	321	20	2	208	528	26098973	26099290	3.37e-129	462	GCA_036941915.1_ASM3694191v1_genomic
AT1G61563	CP138147.1	85.112	356	41	10	176	528	13227143	13226797	2.12e-96	353	GCA_036941915.1_ASM3694191v1_genomic
AT1G61566	CP138146.1	99.093	551	5	0	1	551	26098739	26099289	0	990	GCA_036941915.1_ASM3694191v1_genomic
AT1G61566	CP138146.1	91.562	320	24	2	235	551	26096810	26097129	5.95e-122	438	GCA_036941915.1_ASM3694191v1_genomic
AT1G61566	CP138147.1	85.432	405	41	13	154	551	13227191	13226798	6.03e-112	405	GCA_036941915.1_ASM3694191v1_genomic
AT2G22055	CP138147.1	99.385	650	4	0	1	650	13226800	13227449	0	1179	GCA_036941915.1_ASM3694191v1_genomic
AT2G22055	CP138146.1	79.728	661	69	34	1	650	26097127	26096521	9.21e-116	418	GCA_036941915.1_ASM3694191v1_genomic
AT2G22055	CP138146.1	85.504	407	41	13	3	398	26099285	26098886	5.54e-113	409	GCA_036941915.1_ASM3694191v1_genomic
AT1G61563	CP138151.1	99.244	529	3	1	1	528	25268692	25269220	0	953	GCA_036941985.1_ASM3694198v1_genomic
AT1G61563	CP138151.1	91.589	321	24	2	208	528	25271151	25271468	1.57e-122	440	GCA_036941985.1_ASM3694198v1_genomic
AT1G61563	CP138152.1	85.112	356	41	10	176	528	11444330	11443984	2.1e-96	353	GCA_036941985.1_ASM3694198v1_genomic
AT1G61566	CP138151.1	98.548	551	8	0	1	551	25270917	25271467	0	974	GCA_036941985.1_ASM3694198v1_genomic
AT1G61566	CP138151.1	91.589	321	23	3	235	551	25268899	25269219	1.64e-122	440	GCA_036941985.1_ASM3694198v1_genomic
AT1G61566	CP138152.1	85.432	405	41	13	154	551	11444378	11443985	5.98e-112	405	GCA_036941985.1_ASM3694198v1_genomic
AT2G22055	CP138152.1	99.385	650	4	0	1	650	11443987	11444636	0	1179	GCA_036941985.1_ASM3694198v1_genomic
AT2G22055	CP138151.1	79.425	661	71	34	1	650	25269217	25268611	1.98e-112	407	GCA_036941985.1_ASM3694198v1_genomic
AT2G22055	CP138151.1	84.767	407	44	13	3	398	25271463	25271064	5.54e-108	392	GCA_036941985.1_ASM3694198v1_genomic
AT1G61563	CP138156.1	99.242	528	4	0	1	528	25855501	25856028	0	953	GCA_036942075.1_ASM3694207v1_genomic
AT1G61563	CP138156.1	93.146	321	19	2	208	528	25857867	25858184	7.22e-131	468	GCA_036942075.1_ASM3694207v1_genomic
AT1G61563	CP138157.1	80.576	556	61	28	9	528	13115025	13114481	7.48e-106	385	GCA_036942075.1_ASM3694207v1_genomic
AT1G61566	CP138156.1	98.37	552	8	1	1	551	25857632	25858183	0	968	GCA_036942075.1_ASM3694207v1_genomic
AT1G61566	CP138156.1	91.562	320	24	2	235	551	25855708	25856027	5.92e-122	438	GCA_036942075.1_ASM3694207v1_genomic
AT1G61566	CP138157.1	85.926	405	39	13	154	551	13114875	13114482	2.77e-115	416	GCA_036942075.1_ASM3694207v1_genomic
AT2G22055	CP138157.1	97.385	650	6	1	1	650	13114484	13115122	0	1096	GCA_036942075.1_ASM3694207v1_genomic
AT2G22055	CP138156.1	79.728	661	69	35	1	650	25856025	25855419	9.17e-116	418	GCA_036942075.1_ASM3694207v1_genomic
AT2G22055	CP138156.1	85.049	408	42	14	3	398	25858179	25857779	1.19e-109	398	GCA_036942075.1_ASM3694207v1_genomic
AT1G61563	CP138161.1	99.621	528	2	0	1	528	24490635	24491162	0	965	GCA_036942405.1_ASM3694240v1_genomic
AT1G61563	CP138161.1	92.212	321	22	2	208	528	24492736	24493053	7.05e-126	451	GCA_036942405.1_ASM3694240v1_genomic
AT1G61563	CP138162.1	85.112	356	41	10	176	528	13237617	13237271	2.04e-96	353	GCA_036942405.1_ASM3694240v1_genomic
AT1G61566	CP138161.1	98.734	553	5	1	1	551	24492500	24493052	0	981	GCA_036942405.1_ASM3694240v1_genomic
AT1G61566	CP138161.1	91.875	320	23	2	235	551	24490842	24491161	1.23e-123	444	GCA_036942405.1_ASM3694240v1_genomic
AT1G61566	CP138162.1	85.432	405	41	13	154	551	13237665	13237272	5.82e-112	405	GCA_036942405.1_ASM3694240v1_genomic
AT2G22055	CP138162.1	99.385	650	4	0	1	650	13237274	13237923	0	1179	GCA_036942405.1_ASM3694240v1_genomic
AT2G22055	CP138161.1	79.879	661	68	34	1	650	24491159	24490553	1.91e-117	424	GCA_036942405.1_ASM3694240v1_genomic
AT2G22055	CP138161.1	85.258	407	42	13	3	398	24493048	24492649	2.49e-111	403	GCA_036942405.1_ASM3694240v1_genomic
AT1G61563	CP138171.1	100	528	0	0	1	528	24494667	24495194	0	976	GCA_036942435.1_ASM3694243v1_genomic
AT1G61563	CP138171.1	92.212	321	22	2	208	528	24497040	24497357	6.86e-126	451	GCA_036942435.1_ASM3694243v1_genomic
AT1G61563	CP138172.1	85.393	356	40	10	176	528	11459105	11458759	4.27e-98	359	GCA_036942435.1_ASM3694243v1_genomic
AT1G61566	CP138171.1	100	551	0	0	1	551	24496806	24497356	0	1018	GCA_036942435.1_ASM3694243v1_genomic
AT1G61566	CP138171.1	92.188	320	22	2	235	551	24494874	24495193	2.58e-125	449	GCA_036942435.1_ASM3694243v1_genomic
AT1G61566	CP138172.1	85.679	405	40	13	154	551	11459153	11458760	1.22e-113	411	GCA_036942435.1_ASM3694243v1_genomic
AT2G22055	CP138172.1	100	650	0	0	1	650	11458762	11459411	0	1201	GCA_036942435.1_ASM3694243v1_genomic
AT2G22055	CP138171.1	80.03	661	67	34	1	650	24495191	24494585	3.99e-119	429	GCA_036942435.1_ASM3694243v1_genomic
AT2G22055	CP138171.1	85.504	407	41	13	3	398	24497352	24496953	5.2e-113	409	GCA_036942435.1_ASM3694243v1_genomic
AT1G61563	CP138166.1	99.055	529	4	1	1	528	24796020	24796548	0	948	GCA_036942445.1_ASM3694244v1_genomic
AT1G61563	CP138166.1	92.57	323	19	4	208	528	24798477	24798796	4.06e-128	459	GCA_036942445.1_ASM3694244v1_genomic
AT1G61563	CP138167.1	85.112	356	41	10	176	528	10979718	10979372	1.97e-96	353	GCA_036942445.1_ASM3694244v1_genomic
AT1G61566	CP138166.1	98.011	553	9	1	1	551	24798243	24798795	0	959	GCA_036942445.1_ASM3694244v1_genomic
AT1G61566	CP138166.1	91.589	321	23	3	235	551	24796227	24796547	1.54e-122	440	GCA_036942445.1_ASM3694244v1_genomic
AT1G61566	CP138167.1	85.432	405	41	13	154	551	10979766	10979373	5.61e-112	405	GCA_036942445.1_ASM3694244v1_genomic
AT2G22055	CP138167.1	99.385	650	4	0	1	650	10979375	10980024	0	1179	GCA_036942445.1_ASM3694244v1_genomic
AT2G22055	CP138166.1	79.425	661	72	33	1	650	24796545	24795938	5.15e-113	409	GCA_036942445.1_ASM3694244v1_genomic
AT2G22055	CP138166.1	84.804	408	44	13	3	398	24798791	24798390	1.44e-108	394	GCA_036942445.1_ASM3694244v1_genomic
AT1G61563	CP138176.1	99.433	529	2	1	1	528	25149169	25149697	0	959	GCA_036942575.1_ASM3694257v1_genomic
AT1G61563	CP138176.1	92.5	320	21	2	208	527	25151625	25151941	5.5e-127	455	GCA_036942575.1_ASM3694257v1_genomic
AT1G61563	CP138177.1	80.935	556	59	24	9	528	12125559	12125015	3.38e-109	396	GCA_036942575.1_ASM3694257v1_genomic
AT1G61566	CP138176.1	98.548	551	7	1	1	551	25151392	25151941	0	972	GCA_036942575.1_ASM3694257v1_genomic
AT1G61566	CP138176.1	91.589	321	23	3	235	551	25149376	25149696	1.61e-122	440	GCA_036942575.1_ASM3694257v1_genomic
AT1G61566	CP138177.1	85.185	405	42	13	154	551	12125409	12125016	2.73e-110	399	GCA_036942575.1_ASM3694257v1_genomic
AT2G22055	CP138177.1	96.462	650	12	1	1	650	12125018	12125656	0	1062	GCA_036942575.1_ASM3694257v1_genomic
AT2G22055	CP138176.1	79.728	661	70	33	1	650	25149694	25149087	2.5e-116	420	GCA_036942575.1_ASM3694257v1_genomic
AT2G22055	CP138176.1	85.258	407	42	13	3	398	25151937	25151538	2.51e-111	403	GCA_036942575.1_ASM3694257v1_genomic
AT1G61563	CP138181.1	99.055	529	4	1	1	528	24417115	24417643	0	948	GCA_036942965.1_ASM3694296v1_genomic
AT1G61563	CP138181.1	92.26	323	20	4	208	528	24419574	24419893	1.99e-126	453	GCA_036942965.1_ASM3694296v1_genomic
AT1G61563	CP138182.1	80.935	556	59	22	9	528	10850202	10849658	3.4e-109	396	GCA_036942965.1_ASM3694296v1_genomic
AT1G61566	CP138181.1	98.192	553	8	1	1	551	24419340	24419892	0	965	GCA_036942965.1_ASM3694296v1_genomic
AT1G61566	CP138181.1	91.9	321	22	3	235	551	24417322	24417642	3.48e-124	446	GCA_036942965.1_ASM3694296v1_genomic
AT1G61566	CP138182.1	85.185	405	42	13	154	551	10850052	10849659	2.75e-110	399	GCA_036942965.1_ASM3694296v1_genomic
AT2G22055	CP138182.1	96.639	595	9	1	1	595	10849661	10850244	0	977	GCA_036942965.1_ASM3694296v1_genomic
AT2G22055	CP138182.1	96.667	60	2	0	591	650	10853058	10853117	3.71e-20	100	GCA_036942965.1_ASM3694296v1_genomic
AT2G22055	CP138181.1	79.879	661	69	33	1	650	24417640	24417033	5.39e-118	425	GCA_036942965.1_ASM3694296v1_genomic
AT2G22055	CP138181.1	85.049	408	43	13	3	398	24419888	24419487	3.27e-110	399	GCA_036942965.1_ASM3694296v1_genomic
AT1G61563	CP138186.1	99.242	528	4	0	1	528	24452952	24453479	0	953	GCA_036942975.1_ASM3694297v1_genomic
AT1G61563	CP138186.1	93.146	321	19	2	208	528	24455315	24455632	6.75e-131	468	GCA_036942975.1_ASM3694297v1_genomic
AT1G61563	CP138187.1	85.112	356	41	10	176	528	10178147	10177801	1.97e-96	353	GCA_036942975.1_ASM3694297v1_genomic
AT1G61566	CP138186.1	98.367	551	9	0	1	551	24455081	24455631	0	968	GCA_036942975.1_ASM3694297v1_genomic
AT1G61566	CP138186.1	91.875	320	23	2	235	551	24453159	24453478	1.19e-123	444	GCA_036942975.1_ASM3694297v1_genomic
AT1G61566	CP138187.1	85.432	405	41	13	154	551	10178195	10177802	5.61e-112	405	GCA_036942975.1_ASM3694297v1_genomic
AT2G22055	CP138187.1	99.385	650	4	0	1	650	10177804	10178453	0	1179	GCA_036942975.1_ASM3694297v1_genomic
AT2G22055	CP138186.1	79.879	661	68	35	1	650	24453476	24452870	1.84e-117	424	GCA_036942975.1_ASM3694297v1_genomic
AT2G22055	CP138186.1	85.258	407	42	13	3	398	24455627	24455228	2.4e-111	403	GCA_036942975.1_ASM3694297v1_genomic
AT1G61563	OX291429.1	99.432	528	3	0	1	528	24370991	24371518	0	959	GCA_946402385.1_AUZE-A-5.PacbioHiFiAssembly_genomic
AT1G61563	OX291429.1	92.835	321	20	2	208	528	24373361	24373678	3.3e-129	462	GCA_946402385.1_AUZE-A-5.PacbioHiFiAssembly_genomic
AT1G61563	OX291430.1	85.112	356	41	10	176	528	12000948	12000602	2.07e-96	353	GCA_946402385.1_AUZE-A-5.PacbioHiFiAssembly_genomic
AT1G61566	OX291429.1	99.093	551	5	0	1	551	24373127	24373677	0	990	GCA_946402385.1_AUZE-A-5.PacbioHiFiAssembly_genomic
AT1G61566	OX291429.1	91.562	320	24	2	235	551	24371198	24371517	5.82e-122	438	GCA_946402385.1_AUZE-A-5.PacbioHiFiAssembly_genomic
AT1G61566	OX291430.1	85.432	405	41	13	154	551	12000996	12000603	5.91e-112	405	GCA_946402385.1_AUZE-A-5.PacbioHiFiAssembly_genomic
AT2G22055	OX291430.1	99.385	650	4	0	1	650	12000605	12001254	0	1179	GCA_946402385.1_AUZE-A-5.PacbioHiFiAssembly_genomic
AT2G22055	OX291429.1	79.728	661	69	34	1	650	24371515	24370909	9.02e-116	418	GCA_946402385.1_AUZE-A-5.PacbioHiFiAssembly_genomic
AT2G22055	OX291429.1	85.504	407	41	13	3	398	24373673	24373274	5.43e-113	409	GCA_946402385.1_AUZE-A-5.PacbioHiFiAssembly_genomic
AT1G61563	OX291436.1	99.242	528	4	0	1	528	24628550	24629077	0	953	GCA_946403025.1_FERR-A-8.PacbioHiFiAssembly_genomic
AT1G61563	OX291436.1	93.146	321	19	2	208	528	24630916	24631233	7.28e-131	468	GCA_946403025.1_FERR-A-8.PacbioHiFiAssembly_genomic
AT1G61563	OX291437.1	85.112	356	41	10	176	528	12964289	12963943	2.13e-96	353	GCA_946403025.1_FERR-A-8.PacbioHiFiAssembly_genomic
AT1G61566	OX291436.1	98.37	552	8	1	1	551	24630681	24631232	0	968	GCA_946403025.1_FERR-A-8.PacbioHiFiAssembly_genomic
AT1G61566	OX291436.1	91.562	320	24	2	235	551	24628757	24629076	5.97e-122	438	GCA_946403025.1_FERR-A-8.PacbioHiFiAssembly_genomic
AT1G61566	OX291437.1	85.432	405	41	13	154	551	12964337	12963944	6.05e-112	405	GCA_946403025.1_FERR-A-8.PacbioHiFiAssembly_genomic
AT2G22055	OX291437.1	99.385	650	4	0	1	650	12963946	12964595	0	1179	GCA_946403025.1_FERR-A-8.PacbioHiFiAssembly_genomic
AT2G22055	OX291436.1	79.728	661	69	35	1	650	24629074	24628468	9.24e-116	418	GCA_946403025.1_FERR-A-8.PacbioHiFiAssembly_genomic
AT2G22055	OX291436.1	85.049	408	42	14	3	398	24631228	24630828	1.2e-109	398	GCA_946403025.1_FERR-A-8.PacbioHiFiAssembly_genomic
AT1G61563	OX291450.1	99.242	528	4	0	1	528	24202125	24202652	0	953	GCA_946403525.1_BELC-C-10.PacbioHiFiAssembly_genomic
AT1G61563	OX291450.1	93.146	321	19	2	208	528	24204490	24204807	7.12e-131	468	GCA_946403525.1_BELC-C-10.PacbioHiFiAssembly_genomic
AT1G61563	OX291451.1	85.393	356	40	10	176	528	12409973	12409627	4.47e-98	359	GCA_946403525.1_BELC-C-10.PacbioHiFiAssembly_genomic
AT1G61566	OX291450.1	98.367	551	9	0	1	551	24204256	24204806	0	968	GCA_946403525.1_BELC-C-10.PacbioHiFiAssembly_genomic
AT1G61566	OX291450.1	91.562	320	24	2	235	551	24202332	24202651	5.84e-122	438	GCA_946403525.1_BELC-C-10.PacbioHiFiAssembly_genomic
AT1G61566	OX291451.1	85.679	405	40	13	154	551	12410021	12409628	1.27e-113	411	GCA_946403525.1_BELC-C-10.PacbioHiFiAssembly_genomic
AT2G22055	OX291451.1	100	650	0	0	1	650	12409630	12410279	0	1201	GCA_946403525.1_BELC-C-10.PacbioHiFiAssembly_genomic
AT2G22055	OX291450.1	79.728	661	69	35	1	650	24202649	24202043	9.04e-116	418	GCA_946403525.1_BELC-C-10.PacbioHiFiAssembly_genomic
AT2G22055	OX291450.1	85.012	407	43	13	3	398	24204802	24204403	1.18e-109	398	GCA_946403525.1_BELC-C-10.PacbioHiFiAssembly_genomic
AT1G61563	OX291455.1	99.242	528	4	0	1	528	25318784	25319311	0	953	GCA_946404075.1_ANGE-B-10.PacbioHiFiAssembly_genomic
AT1G61563	OX291455.1	93.146	321	19	2	208	528	25321150	25321467	7.21e-131	468	GCA_946404075.1_ANGE-B-10.PacbioHiFiAssembly_genomic
AT1G61563	OX291456.1	85.112	356	41	10	176	528	13062060	13061714	2.11e-96	353	GCA_946404075.1_ANGE-B-10.PacbioHiFiAssembly_genomic
AT1G61566	OX291455.1	98.37	552	8	1	1	551	25320915	25321466	0	968	GCA_946404075.1_ANGE-B-10.PacbioHiFiAssembly_genomic
AT1G61566	OX291455.1	91.562	320	24	2	235	551	25318991	25319310	5.91e-122	438	GCA_946404075.1_ANGE-B-10.PacbioHiFiAssembly_genomic
AT1G61566	OX291456.1	85.432	405	41	13	154	551	13062108	13061715	6e-112	405	GCA_946404075.1_ANGE-B-10.PacbioHiFiAssembly_genomic
AT2G22055	OX291456.1	99.385	650	4	0	1	650	13061717	13062366	0	1179	GCA_946404075.1_ANGE-B-10.PacbioHiFiAssembly_genomic
AT2G22055	OX291455.1	79.728	661	69	35	1	650	25319308	25318702	9.15e-116	418	GCA_946404075.1_ANGE-B-10.PacbioHiFiAssembly_genomic
AT2G22055	OX291455.1	85.049	408	42	14	3	398	25321462	25321062	1.19e-109	398	GCA_946404075.1_ANGE-B-10.PacbioHiFiAssembly_genomic
AT1G61563	OX291460.1	99.433	529	2	1	1	528	25876057	25876585	0	959	GCA_946404385.1_BARA-C-5.PacbioHiFiAssembly_genomic
AT1G61563	OX291460.1	91.9	321	23	2	208	528	25878515	25878832	3.39e-124	446	GCA_946404385.1_BARA-C-5.PacbioHiFiAssembly_genomic
AT1G61563	OX291461.1	80.935	556	59	22	9	528	13181401	13180857	3.46e-109	396	GCA_946404385.1_BARA-C-5.PacbioHiFiAssembly_genomic
AT1G61566	OX291460.1	98.73	551	7	0	1	551	25878281	25878831	0	979	GCA_946404385.1_BARA-C-5.PacbioHiFiAssembly_genomic
AT1G61566	OX291460.1	91.589	321	23	3	235	551	25876264	25876584	1.65e-122	440	GCA_946404385.1_BARA-C-5.PacbioHiFiAssembly_genomic
AT1G61566	OX291461.1	85.185	405	42	13	154	551	13181251	13180858	2.8e-110	399	GCA_946404385.1_BARA-C-5.PacbioHiFiAssembly_genomic
AT2G22055	OX291461.1	96.615	650	11	1	1	650	13180860	13181498	0	1068	GCA_946404385.1_BARA-C-5.PacbioHiFiAssembly_genomic
AT2G22055	OX291460.1	79.728	661	70	33	1	650	25876582	25875975	2.55e-116	420	GCA_946404385.1_BARA-C-5.PacbioHiFiAssembly_genomic
AT2G22055	OX291460.1	85.012	407	43	13	3	398	25878827	25878428	1.2e-109	398	GCA_946404385.1_BARA-C-5.PacbioHiFiAssembly_genomic
AT1G61563	OX291465.1	99.621	528	2	0	1	528	25053868	25054395	0	965	GCA_946404515.1_IP-San-9.PacbioHiFiAssembly_genomic
AT1G61563	OX291465.1	91.9	321	23	2	208	528	25056234	25056551	3.44e-124	446	GCA_946404515.1_IP-San-9.PacbioHiFiAssembly_genomic
AT1G61563	OX291466.1	85.112	356	41	10	176	528	13402202	13401856	2.15e-96	353	GCA_946404515.1_IP-San-9.PacbioHiFiAssembly_genomic
AT1G61566	OX291465.1	98.911	551	6	0	1	551	25056000	25056550	0	985	GCA_946404515.1_IP-San-9.PacbioHiFiAssembly_genomic
AT1G61566	OX291465.1	91.875	320	23	2	235	551	25054075	25054394	1.29e-123	444	GCA_946404515.1_IP-San-9.PacbioHiFiAssembly_genomic
AT1G61566	OX291466.1	85.432	405	41	13	154	551	13402250	13401857	6.11e-112	405	GCA_946404515.1_IP-San-9.PacbioHiFiAssembly_genomic
AT2G22055	OX291466.1	99.385	650	4	0	1	650	13401859	13402508	0	1179	GCA_946404515.1_IP-San-9.PacbioHiFiAssembly_genomic
AT2G22055	OX291465.1	79.879	661	68	34	1	650	25054392	25053786	2.01e-117	424	GCA_946404515.1_IP-San-9.PacbioHiFiAssembly_genomic
AT2G22055	OX291465.1	85.258	407	42	13	3	398	25056546	25056147	2.61e-111	403	GCA_946404515.1_IP-San-9.PacbioHiFiAssembly_genomic
AT1G61563	OX291481.1	99.242	528	4	0	1	528	25747719	25748246	0	953	GCA_946404995.1_BANI-C-1.PacbioHiFiAssembly_genomic
AT1G61563	OX291481.1	93.146	321	19	2	208	528	25750085	25750402	7.06e-131	468	GCA_946404995.1_BANI-C-1.PacbioHiFiAssembly_genomic
AT1G61563	OX291482.1	85.393	356	40	10	176	528	11566448	11566102	4.43e-98	359	GCA_946404995.1_BANI-C-1.PacbioHiFiAssembly_genomic
AT1G61566	OX291481.1	98.37	552	8	1	1	551	25749850	25750401	0	968	GCA_946404995.1_BANI-C-1.PacbioHiFiAssembly_genomic
AT1G61566	OX291481.1	91.562	320	24	2	235	551	25747926	25748245	5.79e-122	438	GCA_946404995.1_BANI-C-1.PacbioHiFiAssembly_genomic
AT1G61566	OX291482.1	85.679	405	40	13	154	551	11566496	11566103	1.26e-113	411	GCA_946404995.1_BANI-C-1.PacbioHiFiAssembly_genomic
AT2G22055	OX291482.1	100	650	0	0	1	650	11566105	11566754	0	1201	GCA_946404995.1_BANI-C-1.PacbioHiFiAssembly_genomic
AT2G22055	OX291481.1	79.728	661	69	35	1	650	25748243	25747637	8.97e-116	418	GCA_946404995.1_BANI-C-1.PacbioHiFiAssembly_genomic
AT2G22055	OX291481.1	85.049	408	42	14	3	398	25750397	25749997	1.17e-109	398	GCA_946404995.1_BANI-C-1.PacbioHiFiAssembly_genomic
AT1G61563	OX291486.1	99.242	528	4	0	1	528	24077621	24078148	0	953	GCA_946405265.1_IP-Met-6.PacbioHiFiAssembly_genomic
AT1G61563	OX291486.1	92.212	321	22	2	208	528	24079995	24080312	7.42e-126	451	GCA_946405265.1_IP-Met-6.PacbioHiFiAssembly_genomic
AT1G61563	OX291487.1	85.434	357	38	12	176	528	12718154	12717808	4.63e-98	359	GCA_946405265.1_IP-Met-6.PacbioHiFiAssembly_genomic
AT1G61566	OX291486.1	100	551	0	0	1	551	24079761	24080311	0	1018	GCA_946405265.1_IP-Met-6.PacbioHiFiAssembly_genomic
AT1G61566	OX291486.1	91.562	320	24	2	235	551	24077828	24078147	6.04e-122	438	GCA_946405265.1_IP-Met-6.PacbioHiFiAssembly_genomic
AT1G61566	OX291487.1	85.714	406	38	15	154	551	12718202	12717809	1.32e-113	411	GCA_946405265.1_IP-Met-6.PacbioHiFiAssembly_genomic
AT2G22055	OX291487.1	99.692	650	2	0	1	650	12717811	12718460	0	1190	GCA_946405265.1_IP-Met-6.PacbioHiFiAssembly_genomic
AT2G22055	OX291486.1	79.728	661	69	35	1	650	24078145	24077539	9.36e-116	418	GCA_946405265.1_IP-Met-6.PacbioHiFiAssembly_genomic
AT2G22055	OX291486.1	85.504	407	41	13	3	398	24080307	24079908	5.63e-113	409	GCA_946405265.1_IP-Met-6.PacbioHiFiAssembly_genomic
AT1G61563	OX291508.1	99.242	528	4	0	1	528	24479966	24480493	0	953	GCA_946405525.1_FERR-A-12.PacbioHiFiAssembly_genomic
AT1G61563	OX291508.1	93.146	321	19	2	208	528	24482331	24482648	7.14e-131	468	GCA_946405525.1_FERR-A-12.PacbioHiFiAssembly_genomic
AT1G61563	OX291509.1	85.393	356	40	10	176	528	12328685	12328339	4.48e-98	359	GCA_946405525.1_FERR-A-12.PacbioHiFiAssembly_genomic
AT1G61566	OX291508.1	98.73	551	7	0	1	551	24482097	24482647	0	979	GCA_946405525.1_FERR-A-12.PacbioHiFiAssembly_genomic
AT1G61566	OX291508.1	91.562	320	24	2	235	551	24480173	24480492	5.86e-122	438	GCA_946405525.1_FERR-A-12.PacbioHiFiAssembly_genomic
AT1G61566	OX291509.1	85.679	405	40	13	154	551	12328733	12328340	1.28e-113	411	GCA_946405525.1_FERR-A-12.PacbioHiFiAssembly_genomic
AT2G22055	OX291509.1	100	650	0	0	1	650	12328342	12328991	0	1201	GCA_946405525.1_FERR-A-12.PacbioHiFiAssembly_genomic
AT2G22055	OX291508.1	79.728	661	69	35	1	650	24480490	24479884	9.07e-116	418	GCA_946405525.1_FERR-A-12.PacbioHiFiAssembly_genomic
AT2G22055	OX291508.1	85.258	407	42	13	3	398	24482643	24482244	2.54e-111	403	GCA_946405525.1_FERR-A-12.PacbioHiFiAssembly_genomic
AT1G61563	OX291513.1	99.811	528	1	0	1	528	25552137	25552664	0	970	GCA_946405545.1_IP-Evs-12.PacbioHiFiAssembly_genomic
AT1G61563	OX291513.1	91.9	321	23	2	208	528	25554343	25554660	3.36e-124	446	GCA_946405545.1_IP-Evs-12.PacbioHiFiAssembly_genomic
AT1G61563	OX291514.1	85.112	356	41	10	176	528	12882219	12881873	2.09e-96	353	GCA_946405545.1_IP-Evs-12.PacbioHiFiAssembly_genomic
AT1G61566	OX291513.1	98.185	551	10	0	1	551	25554109	25554659	0	963	GCA_946405545.1_IP-Evs-12.PacbioHiFiAssembly_genomic
AT1G61566	OX291513.1	92.188	320	22	2	235	551	25552344	25552663	2.72e-125	449	GCA_946405545.1_IP-Evs-12.PacbioHiFiAssembly_genomic
AT1G61566	OX291514.1	85.432	405	41	13	154	551	12882267	12881874	5.96e-112	405	GCA_946405545.1_IP-Evs-12.PacbioHiFiAssembly_genomic
AT2G22055	OX291514.1	99.077	650	6	0	1	650	12881876	12882525	0	1168	GCA_946405545.1_IP-Evs-12.PacbioHiFiAssembly_genomic
AT2G22055	OX291513.1	80.03	661	67	34	1	650	25552661	25552055	4.2e-119	429	GCA_946405545.1_IP-Evs-12.PacbioHiFiAssembly_genomic
AT2G22055	OX291513.1	84.521	407	45	13	3	398	25554655	25554256	2.57e-106	387	GCA_946405545.1_IP-Evs-12.PacbioHiFiAssembly_genomic
AT1G61563	OX291518.1	99.433	529	2	1	1	528	26041052	26041580	0	959	GCA_946405725.1_IP-Med-0.PacbioHiFiAssembly_genomic
AT1G61563	OX291518.1	92.212	321	22	2	208	528	26043508	26043825	7.43e-126	451	GCA_946405725.1_IP-Med-0.PacbioHiFiAssembly_genomic
AT1G61563	OX291519.1	85.112	356	41	10	176	528	13251557	13251211	2.15e-96	353	GCA_946405725.1_IP-Med-0.PacbioHiFiAssembly_genomic
AT1G61566	OX291518.1	99.274	551	4	0	1	551	26043274	26043824	0	996	GCA_946405725.1_IP-Med-0.PacbioHiFiAssembly_genomic
AT1G61566	OX291518.1	91.589	321	23	3	235	551	26041259	26041579	1.68e-122	440	GCA_946405725.1_IP-Med-0.PacbioHiFiAssembly_genomic
AT1G61566	OX291519.1	85.432	405	41	13	154	551	13251605	13251212	6.13e-112	405	GCA_946405725.1_IP-Med-0.PacbioHiFiAssembly_genomic
AT2G22055	OX291519.1	99.385	650	4	0	1	650	13251214	13251863	0	1179	GCA_946405725.1_IP-Med-0.PacbioHiFiAssembly_genomic
AT2G22055	OX291518.1	79.728	661	70	33	1	650	26041577	26040970	2.6e-116	420	GCA_946405725.1_IP-Med-0.PacbioHiFiAssembly_genomic
AT2G22055	OX291518.1	85.504	407	41	13	3	398	26043820	26043421	5.63e-113	409	GCA_946405725.1_IP-Med-0.PacbioHiFiAssembly_genomic
AT1G61563	OX291523.1	99.811	528	0	1	1	528	26834333	26834859	0	968	GCA_946405905.1_MONTM-B-16.PacbioHiFiAssembly_genomic
AT1G61563	OX291523.1	92.523	321	21	2	208	528	26836706	26837023	1.58e-127	457	GCA_946405905.1_MONTM-B-16.PacbioHiFiAssembly_genomic
AT1G61563	OX291524.1	85.112	356	41	10	176	528	12483848	12483502	2.13e-96	353	GCA_946405905.1_MONTM-B-16.PacbioHiFiAssembly_genomic
AT1G61566	OX291523.1	98.73	551	7	0	1	551	26836472	26837022	0	979	GCA_946405905.1_MONTM-B-16.PacbioHiFiAssembly_genomic
AT1G61566	OX291523.1	92.188	320	21	3	235	551	26834540	26834858	2.76e-125	449	GCA_946405905.1_MONTM-B-16.PacbioHiFiAssembly_genomic
AT1G61566	OX291524.1	85.432	405	41	13	154	551	12483896	12483503	6.06e-112	405	GCA_946405905.1_MONTM-B-16.PacbioHiFiAssembly_genomic
AT2G22055	OX291524.1	99.077	650	6	0	1	650	12483505	12484154	0	1168	GCA_946405905.1_MONTM-B-16.PacbioHiFiAssembly_genomic
AT2G22055	OX291523.1	80.03	661	66	35	1	650	26834856	26834251	4.28e-119	429	GCA_946405905.1_MONTM-B-16.PacbioHiFiAssembly_genomic
AT2G22055	OX291523.1	85.258	407	42	13	3	398	26837018	26836619	2.59e-111	403	GCA_946405905.1_MONTM-B-16.PacbioHiFiAssembly_genomic
AT1G61563	OX291566.1	100	528	0	0	1	528	25171702	25172229	0	976	GCA_946406325.1_IP-Alo-0.9506.PacbioHiFiAssembly_genomic
AT1G61563	OX291566.1	91.9	321	23	2	208	528	25174420	25174737	3.38e-124	446	GCA_946406325.1_IP-Alo-0.9506.PacbioHiFiAssembly_genomic
AT1G61563	OX291567.1	85.393	356	40	10	176	528	14200416	14200070	4.53e-98	359	GCA_946406325.1_IP-Alo-0.9506.PacbioHiFiAssembly_genomic
AT1G61566	OX291566.1	99.093	551	5	0	1	551	25174186	25174736	0	990	GCA_946406325.1_IP-Alo-0.9506.PacbioHiFiAssembly_genomic
AT1G61566	OX291566.1	92.188	320	22	2	235	551	25171909	25172228	2.73e-125	449	GCA_946406325.1_IP-Alo-0.9506.PacbioHiFiAssembly_genomic
AT1G61566	OX291567.1	85.679	405	40	13	154	551	14200464	14200071	1.29e-113	411	GCA_946406325.1_IP-Alo-0.9506.PacbioHiFiAssembly_genomic
AT2G22055	OX291567.1	100	650	0	0	1	650	14200073	14200722	0	1201	GCA_946406325.1_IP-Alo-0.9506.PacbioHiFiAssembly_genomic
AT2G22055	OX291566.1	80.03	661	67	34	1	650	25172226	25171620	4.23e-119	429	GCA_946406325.1_IP-Alo-0.9506.PacbioHiFiAssembly_genomic
AT2G22055	OX291566.1	85.012	407	43	13	3	398	25174732	25174333	1.19e-109	398	GCA_946406325.1_IP-Alo-0.9506.PacbioHiFiAssembly_genomic
AT1G61563	OX291571.1	99.058	531	2	2	1	528	24732921	24733451	0	950	GCA_946406525.1_Ler-0.7213.PacbioHiFiAssembly_genomic
AT1G61563	OX291571.1	91.9	321	23	2	208	528	24735379	24735696	3.32e-124	446	GCA_946406525.1_Ler-0.7213.PacbioHiFiAssembly_genomic
AT1G61563	OX291572.1	80.036	556	64	28	9	528	11003124	11002580	7.39e-101	368	GCA_946406525.1_Ler-0.7213.PacbioHiFiAssembly_genomic
AT1G61566	OX291571.1	99.093	551	5	0	1	551	24735145	24735695	0	990	GCA_946406525.1_Ler-0.7213.PacbioHiFiAssembly_genomic
AT1G61566	OX291571.1	91.589	321	23	3	235	551	24733130	24733450	1.62e-122	440	GCA_946406525.1_Ler-0.7213.PacbioHiFiAssembly_genomic
AT1G61566	OX291572.1	85.185	405	42	13	154	551	11002974	11002581	2.74e-110	399	GCA_946406525.1_Ler-0.7213.PacbioHiFiAssembly_genomic
AT2G22055	OX291572.1	96.462	650	12	1	1	650	11002583	11003221	0	1062	GCA_946406525.1_Ler-0.7213.PacbioHiFiAssembly_genomic
AT2G22055	OX291571.1	79.638	663	69	35	1	650	24733448	24732839	3.23e-115	416	GCA_946406525.1_Ler-0.7213.PacbioHiFiAssembly_genomic
AT2G22055	OX291571.1	85.258	407	42	13	3	398	24735691	24735292	2.52e-111	403	GCA_946406525.1_Ler-0.7213.PacbioHiFiAssembly_genomic
AT1G61563	OX291576.1	99.242	528	4	0	1	528	26831504	26832031	0	953	GCA_946406595.1_BANI-C-12.PacbioHiFiAssembly_genomic
AT1G61563	OX291576.1	93.146	321	19	2	208	528	26833870	26834187	7.32e-131	468	GCA_946406595.1_BANI-C-12.PacbioHiFiAssembly_genomic
AT1G61563	OX291577.1	85.393	356	40	10	176	528	12665696	12665350	4.59e-98	359	GCA_946406595.1_BANI-C-12.PacbioHiFiAssembly_genomic
AT1G61566	OX291576.1	98.37	552	8	1	1	551	26833635	26834186	0	968	GCA_946406595.1_BANI-C-12.PacbioHiFiAssembly_genomic
AT1G61566	OX291576.1	91.562	320	24	2	235	551	26831711	26832030	6e-122	438	GCA_946406595.1_BANI-C-12.PacbioHiFiAssembly_genomic
AT1G61566	OX291577.1	85.679	405	40	13	154	551	12665744	12665351	1.31e-113	411	GCA_946406595.1_BANI-C-12.PacbioHiFiAssembly_genomic
AT2G22055	OX291577.1	100	650	0	0	1	650	12665353	12666002	0	1201	GCA_946406595.1_BANI-C-12.PacbioHiFiAssembly_genomic
AT2G22055	OX291576.1	79.728	661	69	35	1	650	26832028	26831422	9.29e-116	418	GCA_946406595.1_BANI-C-12.PacbioHiFiAssembly_genomic
AT2G22055	OX291576.1	85.049	408	42	14	3	398	26834182	26833782	1.21e-109	398	GCA_946406595.1_BANI-C-12.PacbioHiFiAssembly_genomic
AT1G61563	OX291581.1	99.621	528	2	0	1	528	26383580	26384107	0	965	GCA_946406625.1_IP-Hom-4.9546.PacbioHiFiAssembly_genomic
AT1G61563	OX291581.1	92.212	321	22	2	208	528	26385680	26385997	7.31e-126	451	GCA_946406625.1_IP-Hom-4.9546.PacbioHiFiAssembly_genomic
AT1G61563	OX291582.1	85.112	356	41	10	176	528	11129343	11128997	2.12e-96	353	GCA_946406625.1_IP-Hom-4.9546.PacbioHiFiAssembly_genomic
AT1G61566	OX291581.1	99.093	551	5	0	1	551	26385446	26385996	0	990	GCA_946406625.1_IP-Hom-4.9546.PacbioHiFiAssembly_genomic
AT1G61566	OX291581.1	91.875	320	23	2	235	551	26383787	26384106	1.28e-123	444	GCA_946406625.1_IP-Hom-4.9546.PacbioHiFiAssembly_genomic
AT1G61566	OX291582.1	85.185	405	42	13	154	551	11129391	11128998	2.81e-110	399	GCA_946406625.1_IP-Hom-4.9546.PacbioHiFiAssembly_genomic
AT2G22055	OX291582.1	99.231	650	5	0	1	650	11129000	11129649	0	1173	GCA_946406625.1_IP-Hom-4.9546.PacbioHiFiAssembly_genomic
AT2G22055	OX291581.1	79.879	661	68	34	1	650	26384104	26383498	1.98e-117	424	GCA_946406625.1_IP-Hom-4.9546.PacbioHiFiAssembly_genomic
AT2G22055	OX291581.1	85.258	407	42	13	3	398	26385992	26385593	2.58e-111	403	GCA_946406625.1_IP-Hom-4.9546.PacbioHiFiAssembly_genomic
AT1G61563	OX291590.1	99.055	529	4	1	1	528	26168733	26169261	0	948	GCA_946406735.1_BARA-C-3.PacbioHiFiAssembly_genomic
AT1G61563	OX291590.1	93.146	321	19	2	208	528	26171184	26171501	7.16e-131	468	GCA_946406735.1_BARA-C-3.PacbioHiFiAssembly_genomic
AT1G61563	OX291591.1	85.393	356	40	10	176	528	12538707	12538361	4.5e-98	359	GCA_946406735.1_BARA-C-3.PacbioHiFiAssembly_genomic
AT1G61566	OX291590.1	98.548	551	8	0	1	551	26170950	26171500	0	974	GCA_946406735.1_BARA-C-3.PacbioHiFiAssembly_genomic
AT1G61566	OX291590.1	91.277	321	24	3	235	551	26168940	26169260	7.59e-121	435	GCA_946406735.1_BARA-C-3.PacbioHiFiAssembly_genomic
AT1G61566	OX291591.1	85.679	405	40	13	154	551	12538755	12538362	1.28e-113	411	GCA_946406735.1_BARA-C-3.PacbioHiFiAssembly_genomic
AT2G22055	OX291591.1	99.692	650	2	0	1	650	12538364	12539013	0	1190	GCA_946406735.1_BARA-C-3.PacbioHiFiAssembly_genomic
AT2G22055	OX291590.1	79.425	661	72	33	1	650	26169258	26168651	5.47e-113	409	GCA_946406735.1_BARA-C-3.PacbioHiFiAssembly_genomic
AT2G22055	OX291590.1	85.258	407	42	13	3	398	26171496	26171097	2.55e-111	403	GCA_946406735.1_BARA-C-3.PacbioHiFiAssembly_genomic
AT1G61563	OX291595.1	99.621	528	2	0	1	528	26803883	26804410	0	965	GCA_946406895.1_Rabacal-1.22005.PacbioHiFiAssembly_genomic
AT1G61563	OX291595.1	91.9	321	23	2	208	528	26806250	26806567	3.66e-124	446	GCA_946406895.1_Rabacal-1.22005.PacbioHiFiAssembly_genomic
AT1G61563	OX291596.1	85.112	356	41	10	176	528	13907363	13907017	2.28e-96	353	GCA_946406895.1_Rabacal-1.22005.PacbioHiFiAssembly_genomic
AT1G61566	OX291595.1	98.911	551	6	0	1	551	26806016	26806566	0	985	GCA_946406895.1_Rabacal-1.22005.PacbioHiFiAssembly_genomic
AT1G61566	OX291595.1	91.875	320	23	2	235	551	26804090	26804409	1.38e-123	444	GCA_946406895.1_Rabacal-1.22005.PacbioHiFiAssembly_genomic
AT1G61566	OX291596.1	85.432	405	41	13	154	551	13907411	13907018	6.49e-112	405	GCA_946406895.1_Rabacal-1.22005.PacbioHiFiAssembly_genomic
AT2G22055	OX291596.1	99.385	650	4	0	1	650	13907020	13907669	0	1179	GCA_946406895.1_Rabacal-1.22005.PacbioHiFiAssembly_genomic
AT2G22055	OX291595.1	79.879	661	68	34	1	650	26804407	26803801	2.13e-117	424	GCA_946406895.1_Rabacal-1.22005.PacbioHiFiAssembly_genomic
AT2G22055	OX291595.1	85.258	407	42	13	3	398	26806562	26806163	2.78e-111	403	GCA_946406895.1_Rabacal-1.22005.PacbioHiFiAssembly_genomic
AT1G61563	OX291600.1	99.244	529	3	1	1	528	25719355	25719883	0	953	GCA_946406975.1_CAMA-C-2.PacbioHiFiAssembly_genomic
AT1G61563	OX291600.1	91.9	321	23	2	208	528	25721812	25722129	3.35e-124	446	GCA_946406975.1_CAMA-C-2.PacbioHiFiAssembly_genomic
AT1G61563	OX291601.1	85.393	356	40	10	176	528	11930115	11929769	4.49e-98	359	GCA_946406975.1_CAMA-C-2.PacbioHiFiAssembly_genomic
AT1G61566	OX291600.1	98.73	551	7	0	1	551	25721578	25722128	0	979	GCA_946406975.1_CAMA-C-2.PacbioHiFiAssembly_genomic
AT1G61566	OX291600.1	91.589	321	23	3	235	551	25719562	25719882	1.63e-122	440	GCA_946406975.1_CAMA-C-2.PacbioHiFiAssembly_genomic
AT1G61566	OX291601.1	85.679	405	40	13	154	551	11930163	11929770	1.28e-113	411	GCA_946406975.1_CAMA-C-2.PacbioHiFiAssembly_genomic
AT2G22055	OX291601.1	99.692	650	2	0	1	650	11929772	11930421	0	1190	GCA_946406975.1_CAMA-C-2.PacbioHiFiAssembly_genomic
AT2G22055	OX291600.1	79.425	661	71	34	1	650	25719880	25719274	1.96e-112	407	GCA_946406975.1_CAMA-C-2.PacbioHiFiAssembly_genomic
AT2G22055	OX291600.1	85.012	407	43	13	3	398	25722124	25721725	1.18e-109	398	GCA_946406975.1_CAMA-C-2.PacbioHiFiAssembly_genomic
AT1G61563	OX291605.1	99.621	528	2	0	1	528	27169317	27169844	0	965	GCA_946407145.1_BARC-A-17.PacbioHiFiAssembly_genomic
AT1G61563	OX291605.1	92.523	321	21	2	208	528	27171696	27172013	1.56e-127	457	GCA_946407145.1_BARC-A-17.PacbioHiFiAssembly_genomic
AT1G61563	OX291606.1	85.112	356	41	10	176	528	12024905	12024559	2.1e-96	353	GCA_946407145.1_BARC-A-17.PacbioHiFiAssembly_genomic
AT1G61566	OX291605.1	99.274	551	4	0	1	551	27171462	27172012	0	996	GCA_946407145.1_BARC-A-17.PacbioHiFiAssembly_genomic
AT1G61566	OX291605.1	91.875	320	23	2	235	551	27169524	27169843	1.27e-123	444	GCA_946407145.1_BARC-A-17.PacbioHiFiAssembly_genomic
AT1G61566	OX291606.1	85.432	405	41	13	154	551	12024953	12024560	5.98e-112	405	GCA_946407145.1_BARC-A-17.PacbioHiFiAssembly_genomic
AT2G22055	OX291606.1	99.385	650	4	0	1	650	12024562	12025211	0	1179	GCA_946407145.1_BARC-A-17.PacbioHiFiAssembly_genomic
AT2G22055	OX291605.1	79.728	661	69	34	1	650	27169841	27169235	9.14e-116	418	GCA_946407145.1_BARC-A-17.PacbioHiFiAssembly_genomic
AT2G22055	OX291605.1	85.258	407	42	13	3	398	27172008	27171609	2.56e-111	403	GCA_946407145.1_BARC-A-17.PacbioHiFiAssembly_genomic
AT1G61563	OX291617.1	99.621	528	2	0	1	528	24304240	24304767	0	965	GCA_946407795.1_IP-Lor-16.PacbioHiFiAssembly_genomic
AT1G61563	OX291617.1	91.589	321	24	2	208	528	24306607	24306924	1.6e-122	440	GCA_946407795.1_IP-Lor-16.PacbioHiFiAssembly_genomic
AT1G61563	OX291618.1	85.434	357	38	12	176	528	12501922	12501576	4.6e-98	359	GCA_946407795.1_IP-Lor-16.PacbioHiFiAssembly_genomic
AT1G61566	OX291617.1	98.73	551	7	0	1	551	24306373	24306923	0	979	GCA_946407795.1_IP-Lor-16.PacbioHiFiAssembly_genomic
AT1G61566	OX291617.1	91.875	320	23	2	235	551	24304447	24304766	1.29e-123	444	GCA_946407795.1_IP-Lor-16.PacbioHiFiAssembly_genomic
AT1G61566	OX291618.1	85.714	406	38	15	154	551	12501970	12501577	1.31e-113	411	GCA_946407795.1_IP-Lor-16.PacbioHiFiAssembly_genomic
AT2G22055	OX291618.1	99.692	650	2	0	1	650	12501579	12502228	0	1190	GCA_946407795.1_IP-Lor-16.PacbioHiFiAssembly_genomic
AT2G22055	OX291617.1	79.879	661	68	34	1	650	24304764	24304158	2e-117	424	GCA_946407795.1_IP-Lor-16.PacbioHiFiAssembly_genomic
AT2G22055	OX291617.1	85.012	407	43	13	3	398	24306919	24306520	1.21e-109	398	GCA_946407795.1_IP-Lor-16.PacbioHiFiAssembly_genomic
AT1G61563	OX291622.1	99.432	528	3	0	1	528	26273192	26273719	0	959	GCA_946408365.1_SALE-A-10.PacbioHiFiAssembly_genomic
AT1G61563	OX291622.1	92.835	321	20	2	208	528	26275555	26275872	3.33e-129	462	GCA_946408365.1_SALE-A-10.PacbioHiFiAssembly_genomic
AT1G61563	OX291623.1	85.112	356	41	10	176	528	11158178	11157832	2.09e-96	353	GCA_946408365.1_SALE-A-10.PacbioHiFiAssembly_genomic
AT1G61566	OX291622.1	98.911	551	6	0	1	551	26275321	26275871	0	985	GCA_946408365.1_SALE-A-10.PacbioHiFiAssembly_genomic
AT1G61566	OX291622.1	91.562	320	24	2	235	551	26273399	26273718	5.88e-122	438	GCA_946408365.1_SALE-A-10.PacbioHiFiAssembly_genomic
AT1G61566	OX291623.1	85.432	405	41	13	154	551	11158226	11157833	5.96e-112	405	GCA_946408365.1_SALE-A-10.PacbioHiFiAssembly_genomic
AT2G22055	OX291623.1	99.385	650	4	0	1	650	11157835	11158484	0	1179	GCA_946408365.1_SALE-A-10.PacbioHiFiAssembly_genomic
AT2G22055	OX291622.1	79.728	661	69	34	1	650	26273716	26273110	9.1e-116	418	GCA_946408365.1_SALE-A-10.PacbioHiFiAssembly_genomic
AT2G22055	OX291622.1	85.504	407	41	13	3	398	26275867	26275468	5.48e-113	409	GCA_946408365.1_SALE-A-10.PacbioHiFiAssembly_genomic
AT1G61563	OX291627.1	99.244	529	3	1	1	528	25724405	25724933	0	953	GCA_946408575.1_CAMA-C-9.PacbioHiFiAssembly_genomic
AT1G61563	OX291627.1	91.9	321	23	2	208	528	25726862	25727179	3.33e-124	446	GCA_946408575.1_CAMA-C-9.PacbioHiFiAssembly_genomic
AT1G61563	OX291628.1	85.393	356	40	10	176	528	11429354	11429008	4.46e-98	359	GCA_946408575.1_CAMA-C-9.PacbioHiFiAssembly_genomic
AT1G61566	OX291627.1	98.73	551	7	0	1	551	25726628	25727178	0	979	GCA_946408575.1_CAMA-C-9.PacbioHiFiAssembly_genomic
AT1G61566	OX291627.1	91.589	321	23	3	235	551	25724612	25724932	1.62e-122	440	GCA_946408575.1_CAMA-C-9.PacbioHiFiAssembly_genomic
AT1G61566	OX291628.1	85.679	405	40	13	154	551	11429402	11429009	1.27e-113	411	GCA_946408575.1_CAMA-C-9.PacbioHiFiAssembly_genomic
AT2G22055	OX291628.1	99.692	650	2	0	1	650	11429011	11429660	0	1190	GCA_946408575.1_CAMA-C-9.PacbioHiFiAssembly_genomic
AT2G22055	OX291627.1	79.425	661	71	34	1	650	25724930	25724324	1.95e-112	407	GCA_946408575.1_CAMA-C-9.PacbioHiFiAssembly_genomic
AT2G22055	OX291627.1	85.012	407	43	13	3	398	25727174	25726775	1.18e-109	398	GCA_946408575.1_CAMA-C-9.PacbioHiFiAssembly_genomic
AT1G61563	OX291649.1	99.242	528	4	0	1	528	24198414	24198941	0	953	GCA_946408975.1_BELC-C-12.PacbioHiFiAssembly_genomic
AT1G61563	OX291649.1	93.146	321	19	2	208	528	24200779	24201096	7.14e-131	468	GCA_946408975.1_BELC-C-12.PacbioHiFiAssembly_genomic
AT1G61563	OX291650.1	85.393	356	40	10	176	528	12543837	12543491	4.48e-98	359	GCA_946408975.1_BELC-C-12.PacbioHiFiAssembly_genomic
AT1G61566	OX291649.1	98.367	551	9	0	1	551	24200545	24201095	0	968	GCA_946408975.1_BELC-C-12.PacbioHiFiAssembly_genomic
AT1G61566	OX291649.1	91.562	320	24	2	235	551	24198621	24198940	5.86e-122	438	GCA_946408975.1_BELC-C-12.PacbioHiFiAssembly_genomic
AT1G61566	OX291650.1	85.679	405	40	13	154	551	12543885	12543492	1.28e-113	411	GCA_946408975.1_BELC-C-12.PacbioHiFiAssembly_genomic
AT2G22055	OX291650.1	100	650	0	0	1	650	12543494	12544143	0	1201	GCA_946408975.1_BELC-C-12.PacbioHiFiAssembly_genomic
AT2G22055	OX291649.1	79.728	661	69	35	1	650	24198938	24198332	9.07e-116	418	GCA_946408975.1_BELC-C-12.PacbioHiFiAssembly_genomic
AT2G22055	OX291649.1	85.012	407	43	13	3	398	24201091	24200692	1.18e-109	398	GCA_946408975.1_BELC-C-12.PacbioHiFiAssembly_genomic
AT1G61563	OX291655.1	99.053	528	5	0	1	528	25602323	25602850	0	948	GCA_946409395.1_BROU-A-10.PacbioHiFiAssembly_genomic
AT1G61563	OX291655.1	93.146	321	19	2	208	528	25604689	25605006	7.02e-131	468	GCA_946409395.1_BROU-A-10.PacbioHiFiAssembly_genomic
AT1G61563	OX291659.1	85.112	356	41	10	176	528	12804305	12803959	2.05e-96	353	GCA_946409395.1_BROU-A-10.PacbioHiFiAssembly_genomic
AT1G61566	OX291655.1	98.367	551	9	0	1	551	25604455	25605005	0	968	GCA_946409395.1_BROU-A-10.PacbioHiFiAssembly_genomic
AT1G61566	OX291655.1	91.562	320	24	2	235	551	25602530	25602849	5.76e-122	438	GCA_946409395.1_BROU-A-10.PacbioHiFiAssembly_genomic
AT1G61566	OX291659.1	85.432	405	41	13	154	551	12804353	12803960	5.84e-112	405	GCA_946409395.1_BROU-A-10.PacbioHiFiAssembly_genomic
AT2G22055	OX291659.1	99.385	650	4	0	1	650	12803962	12804611	0	1179	GCA_946409395.1_BROU-A-10.PacbioHiFiAssembly_genomic
AT2G22055	OX291655.1	79.576	661	70	35	1	650	25602847	25602241	4.15e-114	412	GCA_946409395.1_BROU-A-10.PacbioHiFiAssembly_genomic
AT2G22055	OX291655.1	85.258	407	42	13	3	398	25605001	25604602	2.5e-111	403	GCA_946409395.1_BROU-A-10.PacbioHiFiAssembly_genomic
AT1G61563	OX291671.1	99.432	528	3	0	1	528	26307479	26308006	0	959	GCA_946409815.1_SALE-A-17.PacbioHiFiAssembly_genomic
AT1G61563	OX291671.1	92.835	321	20	2	208	528	26309842	26310159	3.31e-129	462	GCA_946409815.1_SALE-A-17.PacbioHiFiAssembly_genomic
AT1G61563	OX291672.1	85.112	356	41	10	176	528	11775217	11774871	2.08e-96	353	GCA_946409815.1_SALE-A-17.PacbioHiFiAssembly_genomic
AT1G61566	OX291671.1	98.911	551	6	0	1	551	26309608	26310158	0	985	GCA_946409815.1_SALE-A-17.PacbioHiFiAssembly_genomic
AT1G61566	OX291671.1	91.562	320	24	2	235	551	26307686	26308005	5.83e-122	438	GCA_946409815.1_SALE-A-17.PacbioHiFiAssembly_genomic
AT1G61566	OX291672.1	85.432	405	41	13	154	551	11775265	11774872	5.91e-112	405	GCA_946409815.1_SALE-A-17.PacbioHiFiAssembly_genomic
AT2G22055	OX291672.1	99.385	650	4	0	1	650	11774874	11775523	0	1179	GCA_946409815.1_SALE-A-17.PacbioHiFiAssembly_genomic
AT2G22055	OX291671.1	79.728	661	69	34	1	650	26308003	26307397	9.02e-116	418	GCA_946409815.1_SALE-A-17.PacbioHiFiAssembly_genomic
AT2G22055	OX291671.1	85.504	407	41	13	3	398	26310154	26309755	5.43e-113	409	GCA_946409815.1_SALE-A-17.PacbioHiFiAssembly_genomic
AT1G61563	OX291677.1	99.621	528	2	0	1	528	27168230	27168757	0	965	GCA_946410165.1_BARC-A-12.PacbioHiFiAssembly_genomic
AT1G61563	OX291677.1	92.523	321	21	2	208	528	27170609	27170926	1.56e-127	457	GCA_946410165.1_BARC-A-12.PacbioHiFiAssembly_genomic
AT1G61563	OX291678.1	85.112	356	41	10	176	528	11835968	11835622	2.1e-96	353	GCA_946410165.1_BARC-A-12.PacbioHiFiAssembly_genomic
AT1G61566	OX291677.1	99.274	551	4	0	1	551	27170375	27170925	0	996	GCA_946410165.1_BARC-A-12.PacbioHiFiAssembly_genomic
AT1G61566	OX291677.1	91.875	320	23	2	235	551	27168437	27168756	1.27e-123	444	GCA_946410165.1_BARC-A-12.PacbioHiFiAssembly_genomic
AT1G61566	OX291678.1	85.432	405	41	13	154	551	11836016	11835623	5.98e-112	405	GCA_946410165.1_BARC-A-12.PacbioHiFiAssembly_genomic
AT2G22055	OX291678.1	99.385	650	4	0	1	650	11835625	11836274	0	1179	GCA_946410165.1_BARC-A-12.PacbioHiFiAssembly_genomic
AT2G22055	OX291677.1	79.728	661	69	34	1	650	27168754	27168148	9.12e-116	418	GCA_946410165.1_BARC-A-12.PacbioHiFiAssembly_genomic
AT2G22055	OX291677.1	85.258	407	42	13	3	398	27170921	27170522	2.55e-111	403	GCA_946410165.1_BARC-A-12.PacbioHiFiAssembly_genomic
AT1G61563	OX291682.1	99.621	528	2	0	1	528	24908940	24909467	0	965	GCA_946410485.1_IP-Alo-19.PacbioHiFiAssembly_genomic
AT1G61563	OX291682.1	91.9	321	23	2	208	528	24911307	24911624	3.4e-124	446	GCA_946410485.1_IP-Alo-19.PacbioHiFiAssembly_genomic
AT1G61563	OX291683.1	85.112	356	41	10	176	528	12641432	12641086	2.12e-96	353	GCA_946410485.1_IP-Alo-19.PacbioHiFiAssembly_genomic
AT1G61566	OX291682.1	98.911	551	6	0	1	551	24911073	24911623	0	985	GCA_946410485.1_IP-Alo-19.PacbioHiFiAssembly_genomic
AT1G61566	OX291682.1	91.875	320	23	2	235	551	24909147	24909466	1.28e-123	444	GCA_946410485.1_IP-Alo-19.PacbioHiFiAssembly_genomic
AT1G61566	OX291683.1	85.432	405	41	13	154	551	12641480	12641087	6.04e-112	405	GCA_946410485.1_IP-Alo-19.PacbioHiFiAssembly_genomic
AT2G22055	OX291683.1	99.385	650	4	0	1	650	12641089	12641738	0	1179	GCA_946410485.1_IP-Alo-19.PacbioHiFiAssembly_genomic
AT2G22055	OX291682.1	79.879	661	68	34	1	650	24909464	24908858	1.98e-117	424	GCA_946410485.1_IP-Alo-19.PacbioHiFiAssembly_genomic
AT2G22055	OX291682.1	85.258	407	42	13	3	398	24911619	24911220	2.58e-111	403	GCA_946410485.1_IP-Alo-19.PacbioHiFiAssembly_genomic
AT1G61563	OX291695.1	99.621	528	2	0	1	528	24229627	24230154	0	965	GCA_946411375.1_IP-Cas-0.9831.PacbioHiFiAssembly_genomic
AT1G61563	OX291695.1	91.9	321	23	2	208	528	24231978	24232295	3.34e-124	446	GCA_946411375.1_IP-Cas-0.9831.PacbioHiFiAssembly_genomic
AT1G61563	OX291696.1	84.789	355	44	9	176	528	13358404	13358058	9.7e-95	348	GCA_946411375.1_IP-Cas-0.9831.PacbioHiFiAssembly_genomic
AT1G61566	OX291695.1	99.093	551	5	0	1	551	24231744	24232294	0	990	GCA_946411375.1_IP-Cas-0.9831.PacbioHiFiAssembly_genomic
AT1G61566	OX291695.1	92.5	320	21	2	235	551	24229834	24230153	5.81e-127	455	GCA_946411375.1_IP-Cas-0.9831.PacbioHiFiAssembly_genomic
AT1G61566	OX291696.1	85.432	405	41	13	154	551	13358452	13358059	5.93e-112	405	GCA_946411375.1_IP-Cas-0.9831.PacbioHiFiAssembly_genomic
AT2G22055	OX291696.1	99.077	650	6	0	1	650	13358061	13358710	0	1168	GCA_946411375.1_IP-Cas-0.9831.PacbioHiFiAssembly_genomic
AT2G22055	OX291695.1	80.03	661	67	34	1	650	24230151	24229545	4.19e-119	429	GCA_946411375.1_IP-Cas-0.9831.PacbioHiFiAssembly_genomic
AT2G22055	OX291695.1	84.767	407	44	13	3	398	24232290	24231891	5.49e-108	392	GCA_946411375.1_IP-Cas-0.9831.PacbioHiFiAssembly_genomic
AT1G61563	OX291700.1	99.621	528	2	0	1	528	27056070	27056597	0	965	GCA_946411425.1_IP-Hom-0.PacbioHiFiAssembly_genomic
AT1G61563	OX291700.1	91.9	321	23	2	208	528	27058434	27058751	3.48e-124	446	GCA_946411425.1_IP-Hom-0.PacbioHiFiAssembly_genomic
AT1G61563	OX291701.1	85.112	356	41	10	176	528	13591608	13591262	2.17e-96	353	GCA_946411425.1_IP-Hom-0.PacbioHiFiAssembly_genomic
AT1G61566	OX291700.1	98.911	551	6	0	1	551	27058200	27058750	0	985	GCA_946411425.1_IP-Hom-0.PacbioHiFiAssembly_genomic
AT1G61566	OX291700.1	91.875	320	23	2	235	551	27056277	27056596	1.31e-123	444	GCA_946411425.1_IP-Hom-0.PacbioHiFiAssembly_genomic
AT1G61566	OX291701.1	85.185	405	42	13	154	551	13591656	13591263	2.88e-110	399	GCA_946411425.1_IP-Hom-0.PacbioHiFiAssembly_genomic
AT2G22055	OX291701.1	99.231	650	5	0	1	650	13591265	13591914	0	1173	GCA_946411425.1_IP-Hom-0.PacbioHiFiAssembly_genomic
AT2G22055	OX291700.1	79.879	661	68	34	1	650	27056594	27055988	2.03e-117	424	GCA_946411425.1_IP-Hom-0.PacbioHiFiAssembly_genomic
AT2G22055	OX291700.1	85.258	407	42	13	3	398	27058746	27058347	2.64e-111	403	GCA_946411425.1_IP-Hom-0.PacbioHiFiAssembly_genomic
AT1G61563	OX291709.1	99.811	528	1	0	1	528	26540906	26541433	0	970	GCA_946411655.1_MERE-A-13.PacbioHiFiAssembly_genomic
AT1G61563	OX291709.1	91.589	321	24	2	208	528	26543280	26543597	1.62e-122	440	GCA_946411655.1_MERE-A-13.PacbioHiFiAssembly_genomic
AT1G61563	OX291710.1	85.393	356	40	10	176	528	12180178	12179832	4.66e-98	359	GCA_946411655.1_MERE-A-13.PacbioHiFiAssembly_genomic
AT1G61566	OX291709.1	99.093	551	5	0	1	551	26543046	26543596	0	990	GCA_946411655.1_MERE-A-13.PacbioHiFiAssembly_genomic
AT1G61566	OX291709.1	92.5	320	21	2	235	551	26541113	26541432	6.05e-127	455	GCA_946411655.1_MERE-A-13.PacbioHiFiAssembly_genomic
AT1G61566	OX291710.1	85.679	405	40	13	154	551	12180226	12179833	1.33e-113	411	GCA_946411655.1_MERE-A-13.PacbioHiFiAssembly_genomic
AT2G22055	OX291710.1	100	650	0	0	1	650	12179835	12180484	0	1201	GCA_946411655.1_MERE-A-13.PacbioHiFiAssembly_genomic
AT2G22055	OX291709.1	80.182	661	66	34	1	650	26541430	26540824	9.36e-121	435	GCA_946411655.1_MERE-A-13.PacbioHiFiAssembly_genomic
AT2G22055	OX291709.1	85.012	407	43	13	3	398	26543592	26543193	1.23e-109	398	GCA_946411655.1_MERE-A-13.PacbioHiFiAssembly_genomic
AT1G61563	OX291714.1	99.433	529	2	1	1	528	27117135	27117663	0	959	GCA_946411805.1_IP-Mos-9.PacbioHiFiAssembly_genomic
AT1G61563	OX291714.1	91.589	321	24	2	208	528	27119588	27119905	1.64e-122	440	GCA_946411805.1_IP-Mos-9.PacbioHiFiAssembly_genomic
AT1G61563	OX291715.1	85.112	356	41	10	176	528	13595363	13595017	2.2e-96	353	GCA_946411805.1_IP-Mos-9.PacbioHiFiAssembly_genomic
AT1G61566	OX291714.1	98.73	551	7	0	1	551	27119354	27119904	0	979	GCA_946411805.1_IP-Mos-9.PacbioHiFiAssembly_genomic
AT1G61566	OX291714.1	91.589	321	23	3	235	551	27117342	27117662	1.71e-122	440	GCA_946411805.1_IP-Mos-9.PacbioHiFiAssembly_genomic
AT1G61566	OX291715.1	85.432	405	41	13	154	551	13595411	13595018	6.25e-112	405	GCA_946411805.1_IP-Mos-9.PacbioHiFiAssembly_genomic
AT2G22055	OX291715.1	99.385	650	4	0	1	650	13595020	13595669	0	1179	GCA_946411805.1_IP-Mos-9.PacbioHiFiAssembly_genomic
AT2G22055	OX291714.1	79.728	661	70	33	1	650	27117660	27117053	2.65e-116	420	GCA_946411805.1_IP-Mos-9.PacbioHiFiAssembly_genomic
AT2G22055	OX291714.1	85.012	407	43	13	3	398	27119900	27119501	1.24e-109	398	GCA_946411805.1_IP-Mos-9.PacbioHiFiAssembly_genomic
AT1G61563	OX291719.1	99.244	529	3	1	1	528	24697025	24697553	0	953	GCA_946411885.1_IP-Mos-5.PacbioHiFiAssembly_genomic
AT1G61563	OX291719.1	91.589	321	24	2	208	528	24699478	24699795	1.59e-122	440	GCA_946411885.1_IP-Mos-5.PacbioHiFiAssembly_genomic
AT1G61563	OX291720.1	85.112	356	41	10	176	528	12187985	12187639	2.12e-96	353	GCA_946411885.1_IP-Mos-5.PacbioHiFiAssembly_genomic
AT1G61566	OX291719.1	98.73	551	7	0	1	551	24699244	24699794	0	979	GCA_946411885.1_IP-Mos-5.PacbioHiFiAssembly_genomic
AT1G61566	OX291719.1	91.589	321	23	3	235	551	24697232	24697552	1.66e-122	440	GCA_946411885.1_IP-Mos-5.PacbioHiFiAssembly_genomic
AT1G61566	OX291720.1	85.432	405	41	13	154	551	12188033	12187640	6.05e-112	405	GCA_946411885.1_IP-Mos-5.PacbioHiFiAssembly_genomic
AT2G22055	OX291720.1	99.385	650	4	0	1	650	12187642	12188291	0	1179	GCA_946411885.1_IP-Mos-5.PacbioHiFiAssembly_genomic
AT2G22055	OX291719.1	79.576	661	71	33	1	650	24697550	24696943	1.19e-114	414	GCA_946411885.1_IP-Mos-5.PacbioHiFiAssembly_genomic
AT2G22055	OX291719.1	85.012	407	43	13	3	398	24699790	24699391	1.2e-109	398	GCA_946411885.1_IP-Mos-5.PacbioHiFiAssembly_genomic
AT1G61563	OX291730.1	100	528	0	0	1	528	26104632	26105159	0	976	GCA_946412005.1_IP-Hum-4.PacbioHiFiAssembly_genomic
AT1G61563	OX291730.1	92.835	321	20	2	208	528	26107008	26107325	3.28e-129	462	GCA_946412005.1_IP-Hum-4.PacbioHiFiAssembly_genomic
AT1G61563	OX291731.1	85.393	356	40	10	176	528	12241877	12241531	4.42e-98	359	GCA_946412005.1_IP-Hum-4.PacbioHiFiAssembly_genomic
AT1G61566	OX291730.1	98.911	551	6	0	1	551	26106774	26107324	0	985	GCA_946412005.1_IP-Hum-4.PacbioHiFiAssembly_genomic
AT1G61566	OX291730.1	92.188	320	22	2	235	551	26104839	26105158	2.67e-125	449	GCA_946412005.1_IP-Hum-4.PacbioHiFiAssembly_genomic
AT1G61566	OX291731.1	85.679	405	40	13	154	551	12241925	12241532	1.26e-113	411	GCA_946412005.1_IP-Hum-4.PacbioHiFiAssembly_genomic
AT2G22055	OX291731.1	100	650	0	0	1	650	12241534	12242183	0	1201	GCA_946412005.1_IP-Hum-4.PacbioHiFiAssembly_genomic
AT2G22055	OX291730.1	80.03	661	67	34	1	650	26105156	26104550	4.13e-119	429	GCA_946412005.1_IP-Hum-4.PacbioHiFiAssembly_genomic
AT2G22055	OX291730.1	85.504	407	41	13	3	398	26107320	26106921	5.38e-113	409	GCA_946412005.1_IP-Hum-4.PacbioHiFiAssembly_genomic
AT1G61563	OX291735.1	99.242	528	4	0	1	528	24383579	24384106	0	953	GCA_946412065.1_GAIL-B-11.PacbioHiFiAssembly_genomic
AT1G61563	OX291735.1	93.146	321	19	2	208	528	24385944	24386261	7.07e-131	468	GCA_946412065.1_GAIL-B-11.PacbioHiFiAssembly_genomic
AT1G61563	OX291736.1	85.393	356	40	10	176	528	13339895	13339549	4.44e-98	359	GCA_946412065.1_GAIL-B-11.PacbioHiFiAssembly_genomic
AT1G61566	OX291735.1	98.73	551	7	0	1	551	24385710	24386260	0	979	GCA_946412065.1_GAIL-B-11.PacbioHiFiAssembly_genomic
AT1G61566	OX291735.1	91.562	320	24	2	235	551	24383786	24384105	5.79e-122	438	GCA_946412065.1_GAIL-B-11.PacbioHiFiAssembly_genomic
AT1G61566	OX291736.1	85.679	405	40	13	154	551	13339943	13339550	1.26e-113	411	GCA_946412065.1_GAIL-B-11.PacbioHiFiAssembly_genomic
AT2G22055	OX291736.1	99.538	650	3	0	1	650	13339552	13340201	0	1184	GCA_946412065.1_GAIL-B-11.PacbioHiFiAssembly_genomic
AT2G22055	OX291735.1	79.728	661	69	35	1	650	24384103	24383497	8.97e-116	418	GCA_946412065.1_GAIL-B-11.PacbioHiFiAssembly_genomic
AT2G22055	OX291735.1	85.258	407	42	13	3	398	24386256	24385857	2.51e-111	403	GCA_946412065.1_GAIL-B-11.PacbioHiFiAssembly_genomic
AT1G61563	OX291741.1	99.432	528	3	0	1	528	25600105	25600632	0	959	GCA_946412225.1_IP-Mdc-14.PacbioHiFiAssembly_genomic
AT1G61563	OX291741.1	93.146	321	19	2	208	528	25602471	25602788	7.24e-131	468	GCA_946412225.1_IP-Mdc-14.PacbioHiFiAssembly_genomic
AT1G61563	OX291742.1	85.112	356	41	10	176	528	12741051	12740705	2.12e-96	353	GCA_946412225.1_IP-Mdc-14.PacbioHiFiAssembly_genomic
AT1G61566	OX291741.1	98.37	552	8	1	1	551	25602236	25602787	0	968	GCA_946412225.1_IP-Mdc-14.PacbioHiFiAssembly_genomic
AT1G61566	OX291741.1	91.875	320	23	2	235	551	25600312	25600631	1.28e-123	444	GCA_946412225.1_IP-Mdc-14.PacbioHiFiAssembly_genomic
AT1G61566	OX291742.1	85.432	405	41	13	154	551	12741099	12740706	6.02e-112	405	GCA_946412225.1_IP-Mdc-14.PacbioHiFiAssembly_genomic
AT2G22055	OX291742.1	99.231	650	5	0	1	650	12740708	12741357	0	1173	GCA_946412225.1_IP-Mdc-14.PacbioHiFiAssembly_genomic
AT2G22055	OX291741.1	79.728	661	69	34	1	650	25600629	25600023	9.2e-116	418	GCA_946412225.1_IP-Mdc-14.PacbioHiFiAssembly_genomic
AT2G22055	OX291741.1	85.049	408	42	14	3	398	25602783	25602383	1.2e-109	398	GCA_946412225.1_IP-Mdc-14.PacbioHiFiAssembly_genomic
AT1G61563	OX291750.1	99.621	528	2	0	1	528	25360097	25360624	0	965	GCA_946413285.1_IP-Hum-2.9549.PacbioHiFiAssembly_genomic
AT1G61563	OX291750.1	92.212	321	22	2	208	528	25362541	25362858	7.43e-126	451	GCA_946413285.1_IP-Hum-2.9549.PacbioHiFiAssembly_genomic
AT1G61563	OX291751.1	85.112	356	41	10	176	528	12620376	12620030	2.15e-96	353	GCA_946413285.1_IP-Hum-2.9549.PacbioHiFiAssembly_genomic
AT1G61566	OX291750.1	99.274	551	4	0	1	551	25362307	25362857	0	996	GCA_946413285.1_IP-Hum-2.9549.PacbioHiFiAssembly_genomic
AT1G61566	OX291750.1	92.188	320	22	1	235	551	25360304	25360623	2.79e-125	449	GCA_946413285.1_IP-Hum-2.9549.PacbioHiFiAssembly_genomic
AT1G61566	OX291751.1	85.432	405	41	13	154	551	12620424	12620031	6.13e-112	405	GCA_946413285.1_IP-Hum-2.9549.PacbioHiFiAssembly_genomic
AT2G22055	OX291751.1	99.385	650	4	0	1	650	12620033	12620682	0	1179	GCA_946413285.1_IP-Hum-2.9549.PacbioHiFiAssembly_genomic
AT2G22055	OX291750.1	79.879	661	68	33	1	650	25360621	25360015	2.01e-117	424	GCA_946413285.1_IP-Hum-2.9549.PacbioHiFiAssembly_genomic
AT2G22055	OX291750.1	85.504	407	41	13	3	398	25362853	25362454	5.63e-113	409	GCA_946413285.1_IP-Hum-2.9549.PacbioHiFiAssembly_genomic
AT1G61563	OX291755.1	99.242	528	4	0	1	528	26540434	26540961	0	953	GCA_946413305.1_IP-Med-3.PacbioHiFiAssembly_genomic
AT1G61563	OX291755.1	93.146	321	19	2	208	528	26542800	26543117	7.31e-131	468	GCA_946413305.1_IP-Med-3.PacbioHiFiAssembly_genomic
AT1G61563	OX291756.1	85.393	356	40	10	176	528	11677405	11677059	4.59e-98	359	GCA_946413305.1_IP-Med-3.PacbioHiFiAssembly_genomic
AT1G61566	OX291755.1	98.37	552	8	1	1	551	26542565	26543116	0	968	GCA_946413305.1_IP-Med-3.PacbioHiFiAssembly_genomic
AT1G61566	OX291755.1	91.562	320	24	2	235	551	26540641	26540960	5.99e-122	438	GCA_946413305.1_IP-Med-3.PacbioHiFiAssembly_genomic
AT1G61566	OX291756.1	85.679	405	40	13	154	551	11677453	11677060	1.31e-113	411	GCA_946413305.1_IP-Med-3.PacbioHiFiAssembly_genomic
AT2G22055	OX291756.1	100	650	0	0	1	650	11677062	11677711	0	1201	GCA_946413305.1_IP-Med-3.PacbioHiFiAssembly_genomic
AT2G22055	OX291755.1	79.728	661	69	35	1	650	26540958	26540352	9.28e-116	418	GCA_946413305.1_IP-Med-3.PacbioHiFiAssembly_genomic
AT2G22055	OX291755.1	85.049	408	42	14	3	398	26543112	26542712	1.21e-109	398	GCA_946413305.1_IP-Med-3.PacbioHiFiAssembly_genomic
AT1G61563	OX291760.1	99.432	528	3	0	1	528	25884169	25884696	0	959	GCA_946413405.1_PREI-A-14.PacbioHiFiAssembly_genomic
AT1G61563	OX291760.1	92.523	321	21	2	208	528	25886535	25886852	1.55e-127	457	GCA_946413405.1_PREI-A-14.PacbioHiFiAssembly_genomic
AT1G61563	OX291761.1	85.112	356	41	10	176	528	12823085	12822739	2.09e-96	353	GCA_946413405.1_PREI-A-14.PacbioHiFiAssembly_genomic
AT1G61566	OX291760.1	99.456	551	3	0	1	551	25886301	25886851	0	1002	GCA_946413405.1_PREI-A-14.PacbioHiFiAssembly_genomic
AT1G61566	OX291760.1	91.562	320	24	2	235	551	25884376	25884695	5.86e-122	438	GCA_946413405.1_PREI-A-14.PacbioHiFiAssembly_genomic
AT1G61566	OX291761.1	85.432	405	41	13	154	551	12823133	12822740	5.95e-112	405	GCA_946413405.1_PREI-A-14.PacbioHiFiAssembly_genomic
AT2G22055	OX291761.1	99.385	650	4	0	1	650	12822742	12823391	0	1179	GCA_946413405.1_PREI-A-14.PacbioHiFiAssembly_genomic
AT2G22055	OX291760.1	79.728	661	69	34	1	650	25884693	25884087	9.08e-116	418	GCA_946413405.1_PREI-A-14.PacbioHiFiAssembly_genomic
AT2G22055	OX291760.1	85.258	407	42	13	3	398	25886847	25886448	2.54e-111	403	GCA_946413405.1_PREI-A-14.PacbioHiFiAssembly_genomic
AT1G61563	OX291766.1	99.621	528	2	0	1	528	25272706	25273233	0	965	GCA_946413935.1_IP-Sln-22.PacbioHiFiAssembly_genomic
AT1G61563	OX291766.1	92.212	321	22	2	208	528	25274806	25275123	7.46e-126	451	GCA_946413935.1_IP-Sln-22.PacbioHiFiAssembly_genomic
AT1G61563	OX291767.1	84.831	356	41	11	176	528	13518917	13518572	3.62e-94	346	GCA_946413935.1_IP-Sln-22.PacbioHiFiAssembly_genomic
AT1G61566	OX291766.1	99.093	551	5	0	1	551	25274572	25275122	0	990	GCA_946413935.1_IP-Sln-22.PacbioHiFiAssembly_genomic
AT1G61566	OX291766.1	91.875	320	23	2	235	551	25272913	25273232	1.31e-123	444	GCA_946413935.1_IP-Sln-22.PacbioHiFiAssembly_genomic
AT1G61566	OX291767.1	85.185	405	41	14	154	551	13518965	13518573	1.03e-109	398	GCA_946413935.1_IP-Sln-22.PacbioHiFiAssembly_genomic
AT2G22055	OX291767.1	99.231	650	4	1	1	650	13518575	13519223	0	1171	GCA_946413935.1_IP-Sln-22.PacbioHiFiAssembly_genomic
AT2G22055	OX291766.1	79.879	661	68	34	1	650	25273230	25272624	2.02e-117	424	GCA_946413935.1_IP-Sln-22.PacbioHiFiAssembly_genomic
AT2G22055	OX291766.1	85.258	407	42	13	3	398	25275118	25274719	2.63e-111	403	GCA_946413935.1_IP-Sln-22.PacbioHiFiAssembly_genomic
AT1G61563	OX291775.1	99.433	529	2	1	1	528	26825035	26825563	0	959	GCA_946414125.1_Cvi-0.6911.PacbioHiFiAssembly_genomic
AT1G61563	OX291775.1	92.5	320	21	2	208	527	26827491	26827807	5.76e-127	455	GCA_946414125.1_Cvi-0.6911.PacbioHiFiAssembly_genomic
AT1G61563	OX291776.1	80.935	556	59	24	9	528	12195479	12194935	3.54e-109	396	GCA_946414125.1_Cvi-0.6911.PacbioHiFiAssembly_genomic
AT1G61566	OX291775.1	98.548	551	7	1	1	551	26827258	26827807	0	972	GCA_946414125.1_Cvi-0.6911.PacbioHiFiAssembly_genomic
AT1G61566	OX291775.1	91.589	321	23	3	235	551	26825242	26825562	1.69e-122	440	GCA_946414125.1_Cvi-0.6911.PacbioHiFiAssembly_genomic
AT1G61566	OX291776.1	85.185	405	42	13	154	551	12195329	12194936	2.86e-110	399	GCA_946414125.1_Cvi-0.6911.PacbioHiFiAssembly_genomic
AT2G22055	OX291776.1	96.462	650	12	1	1	650	12194938	12195576	0	1062	GCA_946414125.1_Cvi-0.6911.PacbioHiFiAssembly_genomic
AT2G22055	OX291775.1	79.728	661	70	33	1	650	26825560	26824953	2.61e-116	420	GCA_946414125.1_Cvi-0.6911.PacbioHiFiAssembly_genomic
AT2G22055	OX291775.1	85.258	407	42	13	3	398	26827803	26827404	2.63e-111	403	GCA_946414125.1_Cvi-0.6911.PacbioHiFiAssembly_genomic
AT1G61563	OX291781.1	99.244	529	3	1	1	528	25563685	25564213	0	953	GCA_946414305.1_IP-Cat-0.9832.PacbioHiFiAssembly_genomic
AT1G61563	OX291781.1	92.523	321	21	2	208	528	25566141	25566458	1.57e-127	457	GCA_946414305.1_IP-Cat-0.9832.PacbioHiFiAssembly_genomic
AT1G61563	OX291782.1	84.831	356	41	11	176	528	12984949	12984604	3.55e-94	346	GCA_946414305.1_IP-Cat-0.9832.PacbioHiFiAssembly_genomic
AT1G61566	OX291781.1	98.73	551	7	0	1	551	25565907	25566457	0	979	GCA_946414305.1_IP-Cat-0.9832.PacbioHiFiAssembly_genomic
AT1G61566	OX291781.1	91.589	321	23	3	235	551	25563892	25564212	1.66e-122	440	GCA_946414305.1_IP-Cat-0.9832.PacbioHiFiAssembly_genomic
AT1G61566	OX291782.1	85.185	405	41	14	154	551	12984997	12984605	1.01e-109	398	GCA_946414305.1_IP-Cat-0.9832.PacbioHiFiAssembly_genomic
AT2G22055	OX291782.1	99.231	650	4	1	1	650	12984607	12985255	0	1171	GCA_946414305.1_IP-Cat-0.9832.PacbioHiFiAssembly_genomic
AT2G22055	OX291781.1	79.576	661	71	34	1	650	25564210	25563603	1.19e-114	414	GCA_946414305.1_IP-Cat-0.9832.PacbioHiFiAssembly_genomic
AT2G22055	OX291781.1	85.258	407	42	13	3	398	25566453	25566054	2.58e-111	403	GCA_946414305.1_IP-Cat-0.9832.PacbioHiFiAssembly_genomic
AT1G61563	OX291786.1	99.055	529	4	1	1	528	25230470	25230998	0	948	GCA_946415005.1_ANGE-B-2.PacbioHiFiAssembly_genomic
AT1G61563	OX291786.1	93.146	321	19	2	208	528	25232920	25233237	7.19e-131	468	GCA_946415005.1_ANGE-B-2.PacbioHiFiAssembly_genomic
AT1G61563	OX291787.1	80.576	556	61	22	9	528	13159793	13159249	7.45e-106	385	GCA_946415005.1_ANGE-B-2.PacbioHiFiAssembly_genomic
AT1G61566	OX291786.1	98.548	551	8	0	1	551	25232686	25233236	0	974	GCA_946415005.1_ANGE-B-2.PacbioHiFiAssembly_genomic
AT1G61566	OX291786.1	91.277	321	24	3	235	551	25230677	25230997	7.63e-121	435	GCA_946415005.1_ANGE-B-2.PacbioHiFiAssembly_genomic
AT1G61566	OX291787.1	84.938	405	43	13	154	551	13159643	13159250	1.29e-108	394	GCA_946415005.1_ANGE-B-2.PacbioHiFiAssembly_genomic
AT2G22055	OX291787.1	96.308	650	13	1	1	650	13159252	13159890	0	1057	GCA_946415005.1_ANGE-B-2.PacbioHiFiAssembly_genomic
AT2G22055	OX291786.1	79.425	661	72	33	1	650	25230995	25230388	5.49e-113	409	GCA_946415005.1_ANGE-B-2.PacbioHiFiAssembly_genomic
AT2G22055	OX291786.1	85.258	407	42	13	3	398	25233232	25232833	2.56e-111	403	GCA_946415005.1_ANGE-B-2.PacbioHiFiAssembly_genomic
AT1G61563	OX291791.1	99.242	528	4	0	1	528	25265413	25265940	0	953	GCA_946415165.1_IP-Evs-0.9845.PacbioHiFiAssembly_genomic
AT1G61563	OX291791.1	93.146	321	19	2	208	528	25267779	25268096	7.3e-131	468	GCA_946415165.1_IP-Evs-0.9845.PacbioHiFiAssembly_genomic
AT1G61563	OX291792.1	85.434	357	38	12	176	528	12596981	12596635	4.59e-98	359	GCA_946415165.1_IP-Evs-0.9845.PacbioHiFiAssembly_genomic
AT1G61566	OX291791.1	98.37	552	8	1	1	551	25267544	25268095	0	968	GCA_946415165.1_IP-Evs-0.9845.PacbioHiFiAssembly_genomic
AT1G61566	OX291791.1	91.562	320	24	2	235	551	25265620	25265939	5.99e-122	438	GCA_946415165.1_IP-Evs-0.9845.PacbioHiFiAssembly_genomic
AT1G61566	OX291792.1	85.714	406	38	15	154	551	12597029	12596636	1.31e-113	411	GCA_946415165.1_IP-Evs-0.9845.PacbioHiFiAssembly_genomic
AT2G22055	OX291792.1	99.692	650	2	0	1	650	12596638	12597287	0	1190	GCA_946415165.1_IP-Evs-0.9845.PacbioHiFiAssembly_genomic
AT2G22055	OX291791.1	79.728	661	69	35	1	650	25265937	25265331	9.27e-116	418	GCA_946415165.1_IP-Evs-0.9845.PacbioHiFiAssembly_genomic
AT2G22055	OX291791.1	85.049	408	42	14	3	398	25268091	25267691	1.21e-109	398	GCA_946415165.1_IP-Evs-0.9845.PacbioHiFiAssembly_genomic
AT1G61563	OX291800.1	99.621	528	2	0	1	528	25588273	25588800	0	965	GCA_946415445.1_IP-Cas-6.PacbioHiFiAssembly_genomic
AT1G61563	OX291800.1	91.9	321	23	2	208	528	25590636	25590953	3.42e-124	446	GCA_946415445.1_IP-Cas-6.PacbioHiFiAssembly_genomic
AT1G61563	OX291801.1	85.112	356	41	10	176	528	13192819	13192473	2.13e-96	353	GCA_946415445.1_IP-Cas-6.PacbioHiFiAssembly_genomic
AT1G61566	OX291800.1	98.73	551	7	0	1	551	25590402	25590952	0	979	GCA_946415445.1_IP-Cas-6.PacbioHiFiAssembly_genomic
AT1G61566	OX291800.1	92.188	320	22	1	235	551	25588480	25588799	2.77e-125	449	GCA_946415445.1_IP-Cas-6.PacbioHiFiAssembly_genomic
AT1G61566	OX291801.1	85.432	405	41	13	154	551	13192867	13192474	6.08e-112	405	GCA_946415445.1_IP-Cas-6.PacbioHiFiAssembly_genomic
AT2G22055	OX291801.1	99.385	650	4	0	1	650	13192476	13193125	0	1179	GCA_946415445.1_IP-Cas-6.PacbioHiFiAssembly_genomic
AT2G22055	OX291800.1	79.879	661	68	33	1	650	25588797	25588191	1.99e-117	424	GCA_946415445.1_IP-Cas-6.PacbioHiFiAssembly_genomic
AT2G22055	OX291800.1	85.149	404	48	10	3	398	25590948	25590549	2.6e-111	403	GCA_946415445.1_IP-Cas-6.PacbioHiFiAssembly_genomic
AT1G61563	OX291805.1	99.242	528	4	0	1	528	25493626	25494153	0	953	GCA_946415625.1_MONTM-B-7.PacbioHiFiAssembly_genomic
AT1G61563	OX291805.1	93.146	321	19	2	208	528	25495992	25496309	7.19e-131	468	GCA_946415625.1_MONTM-B-7.PacbioHiFiAssembly_genomic
AT1G61563	OX291806.1	80.396	556	62	28	9	528	13585391	13584847	3.47e-104	379	GCA_946415625.1_MONTM-B-7.PacbioHiFiAssembly_genomic
AT1G61566	OX291805.1	98.37	552	8	1	1	551	25495757	25496308	0	968	GCA_946415625.1_MONTM-B-7.PacbioHiFiAssembly_genomic
AT1G61566	OX291805.1	91.562	320	24	2	235	551	25493833	25494152	5.9e-122	438	GCA_946415625.1_MONTM-B-7.PacbioHiFiAssembly_genomic
AT1G61566	OX291806.1	85.679	405	40	13	154	551	13585241	13584848	1.29e-113	411	GCA_946415625.1_MONTM-B-7.PacbioHiFiAssembly_genomic
AT2G22055	OX291806.1	96.769	650	10	1	1	650	13584850	13585488	0	1074	GCA_946415625.1_MONTM-B-7.PacbioHiFiAssembly_genomic
AT2G22055	OX291805.1	79.728	661	69	35	1	650	25494150	25493544	9.13e-116	418	GCA_946415625.1_MONTM-B-7.PacbioHiFiAssembly_genomic
AT2G22055	OX291805.1	85.049	408	42	14	3	398	25496304	25495904	1.19e-109	398	GCA_946415625.1_MONTM-B-7.PacbioHiFiAssembly_genomic
AT1G61563	OX291810.1	99.242	528	4	0	1	528	25978757	25979284	0	953	GCA_946415655.1_LACR-C-14.PacbioHiFiAssembly_genomic
AT1G61563	OX291810.1	93.146	321	19	2	208	528	25981123	25981440	7.1e-131	468	GCA_946415655.1_LACR-C-14.PacbioHiFiAssembly_genomic
AT1G61563	OX291811.1	85.393	356	40	10	176	528	12116310	12115964	4.46e-98	359	GCA_946415655.1_LACR-C-14.PacbioHiFiAssembly_genomic
AT1G61566	OX291810.1	98.37	552	8	1	1	551	25980888	25981439	0	968	GCA_946415655.1_LACR-C-14.PacbioHiFiAssembly_genomic
AT1G61566	OX291810.1	91.562	320	24	2	235	551	25978964	25979283	5.82e-122	438	GCA_946415655.1_LACR-C-14.PacbioHiFiAssembly_genomic
AT1G61566	OX291811.1	85.679	405	40	13	154	551	12116358	12115965	1.27e-113	411	GCA_946415655.1_LACR-C-14.PacbioHiFiAssembly_genomic
AT2G22055	OX291811.1	99.692	650	2	0	1	650	12115967	12116616	0	1190	GCA_946415655.1_LACR-C-14.PacbioHiFiAssembly_genomic
AT2G22055	OX291810.1	79.728	661	69	35	1	650	25979281	25978675	9.01e-116	418	GCA_946415655.1_LACR-C-14.PacbioHiFiAssembly_genomic
AT2G22055	OX291810.1	85.049	408	42	14	3	398	25981435	25981035	1.17e-109	398	GCA_946415655.1_LACR-C-14.PacbioHiFiAssembly_genomic
AT1G61563	OX298797.1	99.242	528	4	0	1	528	26626285	26626812	0	953	GCA_946499665.1_Ey15-2.9994.PacbioHiFiAssembly_genomic
AT1G61563	OX298797.1	92.212	321	22	2	208	528	26628657	26628974	7.22e-126	451	GCA_946499665.1_Ey15-2.9994.PacbioHiFiAssembly_genomic
AT1G61563	OX298798.1	80.935	556	59	22	9	528	11758035	11757491	3.43e-109	396	GCA_946499665.1_Ey15-2.9994.PacbioHiFiAssembly_genomic
AT1G61566	OX298797.1	99.093	551	5	0	1	551	26628423	26628973	0	990	GCA_946499665.1_Ey15-2.9994.PacbioHiFiAssembly_genomic
AT1G61566	OX298797.1	91.562	320	24	2	235	551	26626492	26626811	5.88e-122	438	GCA_946499665.1_Ey15-2.9994.PacbioHiFiAssembly_genomic
AT1G61566	OX298798.1	85.185	405	42	13	154	551	11757885	11757492	2.77e-110	399	GCA_946499665.1_Ey15-2.9994.PacbioHiFiAssembly_genomic
AT2G22055	OX298798.1	96.615	650	11	1	1	650	11757494	11758132	0	1068	GCA_946499665.1_Ey15-2.9994.PacbioHiFiAssembly_genomic
AT2G22055	OX298797.1	79.576	661	70	34	1	650	26626809	26626203	4.24e-114	412	GCA_946499665.1_Ey15-2.9994.PacbioHiFiAssembly_genomic
AT2G22055	OX298797.1	85.012	407	43	13	3	398	26628969	26628570	1.19e-109	398	GCA_946499665.1_Ey15-2.9994.PacbioHiFiAssembly_genomic
AT1G61563	OX298802.1	100	528	0	0	1	528	24916872	24917399	0	976	GCA_946499705.1_Col-0.6909.PacbioHiFiAssembly_genomic
AT1G61563	OX298802.1	92.212	321	22	2	208	528	24919245	24919562	7.14e-126	451	GCA_946499705.1_Col-0.6909.PacbioHiFiAssembly_genomic
AT1G61563	OX298803.1	85.393	356	40	10	176	528	12685696	12685350	4.45e-98	359	GCA_946499705.1_Col-0.6909.PacbioHiFiAssembly_genomic
AT1G61566	OX298802.1	100	551	0	0	1	551	24919011	24919561	0	1018	GCA_946499705.1_Col-0.6909.PacbioHiFiAssembly_genomic
AT1G61566	OX298802.1	92.188	320	22	2	235	551	24917079	24917398	2.68e-125	449	GCA_946499705.1_Col-0.6909.PacbioHiFiAssembly_genomic
AT1G61566	OX298803.1	85.679	405	40	13	154	551	12685744	12685351	1.27e-113	411	GCA_946499705.1_Col-0.6909.PacbioHiFiAssembly_genomic
AT2G22055	OX298803.1	100	650	0	0	1	650	12685353	12686002	0	1201	GCA_946499705.1_Col-0.6909.PacbioHiFiAssembly_genomic
AT2G22055	OX298802.1	80.03	661	67	34	1	650	24917396	24916790	4.16e-119	429	GCA_946499705.1_Col-0.6909.PacbioHiFiAssembly_genomic
AT2G22055	OX298802.1	85.504	407	41	13	3	398	24919557	24919158	5.42e-113	409	GCA_946499705.1_Col-0.6909.PacbioHiFiAssembly_genomic
AT1G61563	OX461150.1	99.621	528	2	0	1	528	26262010	26262537	0	965	GCA_949796375.1_9336_genomic
AT1G61563	OX461150.1	91.9	321	23	2	208	528	26264361	26264678	3.42e-124	446	GCA_949796375.1_9336_genomic
AT1G61563	OX461151.1	80.935	556	59	22	9	528	12518044	12517500	3.49e-109	396	GCA_949796375.1_9336_genomic
AT1G61566	OX461150.1	99.093	551	5	0	1	551	26264127	26264677	0	990	GCA_949796375.1_9336_genomic
AT1G61566	OX461150.1	92.5	320	21	2	235	551	26262217	26262536	5.93e-127	455	GCA_949796375.1_9336_genomic
AT1G61566	OX461151.1	85.185	405	42	13	154	551	12517894	12517501	2.82e-110	399	GCA_949796375.1_9336_genomic
AT2G22055	OX461151.1	96.615	650	11	1	1	650	12517503	12518141	0	1068	GCA_949796375.1_9336_genomic
AT2G22055	OX461150.1	80.03	661	67	34	1	650	26262534	26261928	4.28e-119	429	GCA_949796375.1_9336_genomic
AT2G22055	OX461150.1	84.767	407	44	13	3	398	26264673	26264274	5.61e-108	392	GCA_949796375.1_9336_genomic
AT1G61563	OX461165.1	99.811	528	1	0	1	528	25583959	25584486	0	970	GCA_949796385.1_9852_genomic
AT1G61563	OX461165.1	91.9	321	23	2	208	528	25586165	25586482	3.42e-124	446	GCA_949796385.1_9852_genomic
AT1G61563	OX461166.1	85.393	356	40	10	176	528	13009495	13009149	4.58e-98	359	GCA_949796385.1_9852_genomic
AT1G61566	OX461165.1	98.185	551	10	0	1	551	25585931	25586481	0	963	GCA_949796385.1_9852_genomic
AT1G61566	OX461165.1	92.188	320	22	2	235	551	25584166	25584485	2.77e-125	449	GCA_949796385.1_9852_genomic
AT1G61566	OX461166.1	85.679	405	40	13	154	551	13009543	13009150	1.3e-113	411	GCA_949796385.1_9852_genomic
AT2G22055	OX461166.1	100	650	0	0	1	650	13009152	13009801	0	1201	GCA_949796385.1_9852_genomic
AT2G22055	OX461165.1	80.03	661	67	34	1	650	25584483	25583877	4.28e-119	429	GCA_949796385.1_9852_genomic
AT2G22055	OX461165.1	84.521	407	45	13	3	398	25586477	25586078	2.61e-106	387	GCA_949796385.1_9852_genomic
AT1G61563	OX461195.1	99.433	529	2	1	1	528	27062114	27062642	0	959	GCA_949796415.1_9762_genomic
AT1G61563	OX461195.1	92.835	321	20	2	208	528	27064568	27064885	3.43e-129	462	GCA_949796415.1_9762_genomic
AT1G61563	OX461196.1	85.393	356	40	10	176	528	12509327	12508981	4.63e-98	359	GCA_949796415.1_9762_genomic
AT1G61566	OX461195.1	98.73	551	7	0	1	551	27064334	27064884	0	979	GCA_949796415.1_9762_genomic
AT1G61566	OX461195.1	91.589	321	23	3	235	551	27062321	27062641	1.68e-122	440	GCA_949796415.1_9762_genomic
AT1G61566	OX461196.1	85.679	405	40	13	154	551	12509375	12508982	1.32e-113	411	GCA_949796415.1_9762_genomic
AT2G22055	OX461196.1	99.846	650	1	0	1	650	12508984	12509633	0	1195	GCA_949796415.1_9762_genomic
AT2G22055	OX461195.1	79.728	661	70	33	1	650	27062639	27062032	2.6e-116	420	GCA_949796415.1_9762_genomic
AT2G22055	OX461195.1	85.504	407	41	13	3	398	27064880	27064481	5.64e-113	409	GCA_949796415.1_9762_genomic
AT1G61563	OX461155.1	99.811	528	1	0	1	528	25846784	25847311	0	970	GCA_949796455.1_7143_genomic
AT1G61563	OX461155.1	92.212	321	22	2	208	528	25849157	25849474	7.06e-126	451	GCA_949796455.1_7143_genomic
AT1G61563	OX461156.1	80.036	556	64	28	9	528	10727905	10727361	7.31e-101	368	GCA_949796455.1_7143_genomic
AT1G61566	OX461155.1	99.456	551	3	0	1	551	25848923	25849473	0	1002	GCA_949796455.1_7143_genomic
AT1G61566	OX461155.1	92.5	320	21	2	235	551	25846991	25847310	5.7e-127	455	GCA_949796455.1_7143_genomic
AT1G61566	OX461156.1	85.185	405	42	13	154	551	10727755	10727362	2.71e-110	399	GCA_949796455.1_7143_genomic
AT2G22055	OX461156.1	96.462	650	12	1	1	650	10727364	10728002	0	1062	GCA_949796455.1_7143_genomic
AT2G22055	OX461155.1	80.182	661	66	34	1	650	25847308	25846702	8.83e-121	435	GCA_949796455.1_7143_genomic
AT2G22055	OX461155.1	85.504	407	41	13	3	398	25849469	25849070	5.35e-113	409	GCA_949796455.1_7143_genomic
AT1G61563	OX461200.1	99.621	528	2	0	1	528	25984234	25984761	0	965	GCA_949796475.1_9883_genomic
AT1G61563	OX461200.1	91.9	321	23	2	208	528	25986585	25986902	3.37e-124	446	GCA_949796475.1_9883_genomic
AT1G61563	OX461201.1	80.935	556	59	22	9	528	12915988	12915444	3.44e-109	396	GCA_949796475.1_9883_genomic
AT1G61566	OX461200.1	99.093	551	5	0	1	551	25986351	25986901	0	990	GCA_949796475.1_9883_genomic
AT1G61566	OX461200.1	92.5	320	21	2	235	551	25984441	25984760	5.85e-127	455	GCA_949796475.1_9883_genomic
AT1G61566	OX461201.1	85.185	405	42	13	154	551	12915838	12915445	2.78e-110	399	GCA_949796475.1_9883_genomic
AT2G22055	OX461201.1	96.615	650	11	1	1	650	12915447	12916085	0	1068	GCA_949796475.1_9883_genomic
AT2G22055	OX461200.1	80.03	661	67	34	1	650	25984758	25984152	4.22e-119	429	GCA_949796475.1_9883_genomic
AT2G22055	OX461200.1	84.767	407	44	13	3	398	25986897	25986498	5.53e-108	392	GCA_949796475.1_9883_genomic
AT1G61563	OX461170.1	99.433	529	2	1	1	528	25602571	25603099	0	959	GCA_949796485.1_9900_genomic
AT1G61563	OX461170.1	92.212	321	22	2	208	528	25605027	25605344	7.12e-126	451	GCA_949796485.1_9900_genomic
AT1G61563	OX461171.1	85.434	357	38	12	176	528	11800253	11799907	4.44e-98	359	GCA_949796485.1_9900_genomic
AT1G61566	OX461170.1	99.274	551	4	0	1	551	25604793	25605343	0	996	GCA_949796485.1_9900_genomic
AT1G61566	OX461170.1	91.589	321	23	3	235	551	25602778	25603098	1.61e-122	440	GCA_949796485.1_9900_genomic
AT1G61566	OX461171.1	85.714	406	38	15	154	551	11800301	11799908	1.26e-113	411	GCA_949796485.1_9900_genomic
AT2G22055	OX461171.1	99.692	650	2	0	1	650	11799910	11800559	0	1190	GCA_949796485.1_9900_genomic
AT2G22055	OX461170.1	79.728	661	70	33	1	650	25603096	25602489	2.5e-116	420	GCA_949796485.1_9900_genomic
AT2G22055	OX461170.1	85.504	407	41	13	3	398	25605339	25604940	5.41e-113	409	GCA_949796485.1_9900_genomic
AT1G61563	OX461205.1	99.622	529	1	1	1	528	23998589	23999117	0	965	GCA_949796525.1_6923_genomic
AT1G61563	OX461205.1	91.9	321	23	2	208	528	24001281	24001598	3.31e-124	446	GCA_949796525.1_6923_genomic
AT1G61563	OX461206.1	85.112	356	41	10	176	528	11691624	11691278	2.06e-96	353	GCA_949796525.1_6923_genomic
AT1G61566	OX461205.1	99.093	551	5	0	1	551	24001047	24001597	0	990	GCA_949796525.1_6923_genomic
AT1G61566	OX461205.1	91.9	321	22	3	235	551	23998796	23999116	3.46e-124	446	GCA_949796525.1_6923_genomic
AT1G61566	OX461206.1	85.432	405	41	13	154	551	11691672	11691279	5.87e-112	405	GCA_949796525.1_6923_genomic
AT2G22055	OX461206.1	99.385	650	4	0	1	650	11691281	11691930	0	1179	GCA_949796525.1_6923_genomic
AT2G22055	OX461205.1	79.879	661	69	33	1	650	23999114	23998507	5.36e-118	425	GCA_949796525.1_6923_genomic
AT2G22055	OX461205.1	85.012	407	43	13	3	398	24001593	24001194	1.17e-109	398	GCA_949796525.1_6923_genomic
AT1G61563	OX461145.1	99.432	528	3	0	1	528	26911002	26911529	0	959	GCA_949796605.1_9806_genomic
AT1G61563	OX461145.1	92.835	321	20	2	208	528	26913372	26913689	3.34e-129	462	GCA_949796605.1_9806_genomic
AT1G61563	OX461146.1	85.393	356	40	10	176	528	11882114	11881768	4.5e-98	359	GCA_949796605.1_9806_genomic
AT1G61566	OX461145.1	99.093	551	5	0	1	551	26913138	26913688	0	990	GCA_949796605.1_9806_genomic
AT1G61566	OX461145.1	91.562	320	24	2	235	551	26911209	26911528	5.88e-122	438	GCA_949796605.1_9806_genomic
AT1G61566	OX461146.1	85.679	405	40	13	154	551	11882162	11881769	1.28e-113	411	GCA_949796605.1_9806_genomic
AT2G22055	OX461146.1	100	650	0	0	1	650	11881771	11882420	0	1201	GCA_949796605.1_9806_genomic
AT2G22055	OX461145.1	79.728	661	69	34	1	650	26911526	26910920	9.11e-116	418	GCA_949796605.1_9806_genomic
AT2G22055	OX461145.1	85.504	407	41	13	3	398	26913684	26913285	5.48e-113	409	GCA_949796605.1_9806_genomic
AT1G61563	OX461160.1	99.242	528	4	0	1	528	26887098	26887625	0	953	GCA_949796635.1_8285_genomic
AT1G61563	OX461160.1	92.212	321	22	2	208	528	26889472	26889789	7.32e-126	451	GCA_949796635.1_8285_genomic
AT1G61563	OX461161.1	80.396	556	62	28	9	528	12717990	12717446	3.5e-104	379	GCA_949796635.1_8285_genomic
AT1G61566	OX461160.1	100	551	0	0	1	551	26889238	26889788	0	1018	GCA_949796635.1_8285_genomic
AT1G61566	OX461160.1	91.562	320	24	2	235	551	26887305	26887624	5.96e-122	438	GCA_949796635.1_8285_genomic
AT1G61566	OX461161.1	85.679	405	40	13	154	551	12717840	12717447	1.3e-113	411	GCA_949796635.1_8285_genomic
AT2G22055	OX461161.1	96.923	650	9	1	1	650	12717449	12718087	0	1079	GCA_949796635.1_8285_genomic
AT2G22055	OX461160.1	79.728	661	69	35	1	650	26887622	26887016	9.22e-116	418	GCA_949796635.1_8285_genomic
AT2G22055	OX461160.1	85.504	407	41	13	3	398	26889784	26889385	5.55e-113	409	GCA_949796635.1_8285_genomic
AT1G61563	OX461135.1	99.242	528	4	0	1	528	25931131	25931658	0	953	GCA_949796645.1_6137_genomic
AT1G61563	OX461135.1	92.212	321	22	2	208	528	25933505	25933822	7.24e-126	451	GCA_949796645.1_6137_genomic
AT1G61563	OX461136.1	80.396	556	62	28	9	528	12452318	12451774	3.47e-104	379	GCA_949796645.1_6137_genomic
AT1G61566	OX461135.1	100	551	0	0	1	551	25933271	25933821	0	1018	GCA_949796645.1_6137_genomic
AT1G61566	OX461135.1	91.562	320	24	2	235	551	25931338	25931657	5.9e-122	438	GCA_949796645.1_6137_genomic
AT1G61566	OX461136.1	85.679	405	40	13	154	551	12452168	12451775	1.29e-113	411	GCA_949796645.1_6137_genomic
AT2G22055	OX461136.1	96.615	650	11	1	1	650	12451777	12452415	0	1068	GCA_949796645.1_6137_genomic
AT2G22055	OX461135.1	79.728	661	69	35	1	650	25931655	25931049	9.13e-116	418	GCA_949796645.1_6137_genomic
AT2G22055	OX461135.1	85.504	407	41	13	3	398	25933817	25933418	5.49e-113	409	GCA_949796645.1_6137_genomic
AT1G61563	OX461140.1	99.811	528	1	0	1	528	25158798	25159325	0	970	GCA_949796655.1_9744_genomic
AT1G61563	OX461140.1	92.212	321	22	2	208	528	25161005	25161322	7.2e-126	451	GCA_949796655.1_9744_genomic
AT1G61563	OX461141.1	80.935	556	59	22	9	528	10492423	10491879	3.42e-109	396	GCA_949796655.1_9744_genomic
AT1G61566	OX461140.1	98.367	551	9	0	1	551	25160771	25161321	0	968	GCA_949796655.1_9744_genomic
AT1G61566	OX461140.1	92.5	320	21	2	235	551	25159005	25159324	5.82e-127	455	GCA_949796655.1_9744_genomic
AT1G61566	OX461141.1	85.185	405	42	13	154	551	10492273	10491880	2.77e-110	399	GCA_949796655.1_9744_genomic
AT2G22055	OX461141.1	96.615	650	11	1	1	650	10491882	10492520	0	1068	GCA_949796655.1_9744_genomic
AT2G22055	OX461140.1	79.848	660	70	33	1	650	25159322	25158716	1.95e-117	424	GCA_949796655.1_9744_genomic
AT2G22055	OX461140.1	84.767	407	44	13	3	398	25161317	25160918	5.5e-108	392	GCA_949796655.1_9744_genomic
AT1G61563	OX461180.1	99.055	529	4	1	1	528	26313454	26313982	0	948	GCA_949796665.1_9879_genomic
AT1G61563	OX461180.1	92.26	323	20	4	208	528	26315899	26316218	2.08e-126	453	GCA_949796665.1_9879_genomic
AT1G61563	OX461181.1	85.112	356	41	10	176	528	14322487	14322141	2.17e-96	353	GCA_949796665.1_9879_genomic
AT1G61566	OX461180.1	98.192	553	8	1	1	551	26315665	26316217	0	965	GCA_949796665.1_9879_genomic
AT1G61566	OX461180.1	91.9	321	22	3	235	551	26313661	26313981	3.63e-124	446	GCA_949796665.1_9879_genomic
AT1G61566	OX461181.1	85.432	405	41	13	154	551	14322535	14322142	6.17e-112	405	GCA_949796665.1_9879_genomic
AT2G22055	OX461181.1	99.385	650	4	0	1	650	14322144	14322793	0	1179	GCA_949796665.1_9879_genomic
AT2G22055	OX461180.1	79.879	661	69	33	1	650	26313979	26313372	5.63e-118	425	GCA_949796665.1_9879_genomic
AT2G22055	OX461180.1	85.049	408	43	13	3	398	26316213	26315812	3.41e-110	399	GCA_949796665.1_9879_genomic
AT1G61563	OX461185.1	99.433	529	2	1	1	528	24398649	24399177	0	959	GCA_949796705.1_9503_genomic
AT1G61563	OX461185.1	92.212	321	22	2	208	528	24401105	24401422	7.21e-126	451	GCA_949796705.1_9503_genomic
AT1G61563	OX461186.1	80.935	556	59	22	9	528	11967958	11967414	3.43e-109	396	GCA_949796705.1_9503_genomic
AT1G61566	OX461185.1	99.274	551	4	0	1	551	24400871	24401421	0	996	GCA_949796705.1_9503_genomic
AT1G61566	OX461185.1	91.589	321	23	3	235	551	24398856	24399176	1.63e-122	440	GCA_949796705.1_9503_genomic
AT1G61566	OX461186.1	85.185	405	42	13	154	551	11967808	11967415	2.77e-110	399	GCA_949796705.1_9503_genomic
AT2G22055	OX461186.1	96.615	650	11	1	1	650	11967417	11968055	0	1068	GCA_949796705.1_9503_genomic
AT2G22055	OX461185.1	79.728	661	70	33	1	650	24399174	24398567	2.53e-116	420	GCA_949796705.1_9503_genomic
AT2G22055	OX461185.1	85.504	407	41	13	3	398	24401417	24401018	5.47e-113	409	GCA_949796705.1_9503_genomic
AT1G61563	OX461190.1	99.242	528	4	0	1	528	25327613	25328140	0	953	GCA_949796715.1_9830_genomic
AT1G61563	OX461190.1	93.146	321	19	2	208	528	25329978	25330295	7e-131	468	GCA_949796715.1_9830_genomic
AT1G61563	OX461191.1	80.935	556	59	22	9	528	11406457	11405913	3.35e-109	396	GCA_949796715.1_9830_genomic
AT1G61566	OX461190.1	98.73	551	7	0	1	551	25329744	25330294	0	979	GCA_949796715.1_9830_genomic
AT1G61566	OX461190.1	91.562	320	24	2	235	551	25327820	25328139	5.74e-122	438	GCA_949796715.1_9830_genomic
AT1G61566	OX461191.1	85.185	405	42	13	154	551	11406307	11405914	2.71e-110	399	GCA_949796715.1_9830_genomic
AT2G22055	OX461191.1	96.615	650	11	1	1	650	11405916	11406554	0	1068	GCA_949796715.1_9830_genomic
AT2G22055	OX461190.1	79.728	661	69	35	1	650	25328137	25327531	8.88e-116	418	GCA_949796715.1_9830_genomic
AT2G22055	OX461190.1	85.258	407	42	13	3	398	25330290	25329891	2.49e-111	403	GCA_949796715.1_9830_genomic
AT1G61563	OX461175.1	99.621	528	2	0	1	528	23997489	23998016	0	965	GCA_949796755.1_9847_genomic
AT1G61563	OX461175.1	91.9	321	23	2	208	528	23999856	24000173	3.33e-124	446	GCA_949796755.1_9847_genomic
AT1G61563	OX461176.1	80.216	556	63	28	9	528	12494760	12494216	1.59e-102	374	GCA_949796755.1_9847_genomic
AT1G61566	OX461175.1	98.911	551	6	0	1	551	23999622	24000172	0	985	GCA_949796755.1_9847_genomic
AT1G61566	OX461175.1	91.875	320	23	2	235	551	23997696	23998015	1.25e-123	444	GCA_949796755.1_9847_genomic
AT1G61566	OX461176.1	85.679	405	40	13	154	551	12494610	12494217	1.27e-113	411	GCA_949796755.1_9847_genomic
AT2G22055	OX461176.1	96.462	650	12	1	1	650	12494219	12494857	0	1062	GCA_949796755.1_9847_genomic
AT2G22055	OX461175.1	79.879	661	68	34	1	650	23998013	23997407	1.94e-117	424	GCA_949796755.1_9847_genomic
AT2G22055	OX461175.1	85.258	407	42	13	3	398	24000168	23999769	2.52e-111	403	GCA_949796755.1_9847_genomic
